case_id,title,full_text,description,category_raw,category_slug,source,link,postdate
blog_001,집에서 하는 부업 추천 리아 숏폼 대행 강의 수익화 성공 후기,"집에서 하는 부업들로
1000만원 날려본 제가 찾아낸,
​
리스크 없이 한달만에
' 수익화 가능한 부업 '
​
​
운동 센터 운영하다
몸이 안 좋아
블로거로만 활동하고 있는 저입니다.
​
​
아무래도 프리랜서다보니
수입이 들쭉날쭉하단게 단점
인데요.
​
불안함에
집에서 하는 부업 추천을 검색하면서
파이프라인을 구축하려 노력했다죠.
​
​
​
Q: 과거 실패한 부업들?
처음엔
✔ 부동산 공부&소액투자
였어요.
​
시대가 바뀌어
결국 많은 총알이 필요하고
소액으로 하긴 힘들어 부업이라기엔
평생 공부인것으로..
​
수강비
거의
600가까이 쓴거 같아요
강의팔이로 1:1 코칭권 70만원에
구매한적도 있네요
(1회 만남 + 엑셀 정보 준게 다임
지금 그 분은 안보이네요...내돈내놔..)
​
​
그 다음엔
✔
해외직구 구매대행
였습니다.
​
​
지인을 통해 배운 강의라 알찼지만
대량 구매에 너무 늦게 뛰어들었고,
집에서 하는부업 추천으론
괜찮았지만
​
​
같은일을 무한반복하면서 A/S하는게
저에겐 너무 스트레스라 결국
폐업..
끈기도 없었던거 같아요
​
여기에도
500만원 투자..
( + a까지 하면..더이상 말 안할게요🥲)
​
​
Q:  왜 다시 집에서 하는 부업을 찾기 시작했을까?
​
그러던 찰나
임신을 하게됩니다.
​
​
행복했지만,
현실적으로 걱정되기 시작한 건
' 점점 줄어들 수입 ' 과 ' 외벌이 현실 '
​
​
때마침 네이버 흐름도 바뀌고 있던터라
불안함에 추가적으로 수입을
늘릴 필요가 있더라구요.
​
​
Q :  1000만원 날리고 선택한 부업의 기준
​
​
이쯤되니
집에서 하는 부업 추천
선택의 기준
은
명확해졌습니다.
​
​
✔
임신기간 내 & 출산 후에도
아이돌보며 (신생아제외)
집에서 할수 있을 것
​
✔
강의팔이 제발 싫다.
장점 외 숨은 이면도 보여줘
​
✔
AI시대에도 '지속가능한 일'
인가?
​
유투브에서 우연히 만난
' 리아의 숏폼 마케팅 대행 강의 '
​
기회일까?
​
그러다
"" 숏폼 대행 부업 "" 이라는 걸 발견합니다.
​
집에서 하는 부업으로
숏폼 대행 부업?
뭐지?
​
우선 사기꾼이 아닌지 ㅋㅋ
무료강의를 먼저 들어보기로 했다죠.
호잉 근데
무료수업에 핵심을 다 푸는거있죠?
첫인상은 이 사람 뭐지?
였어요
​
​
Q: 리아 숏폼 대행 부업 강의 선택한 이유
전 블로그 마케팅과도
연관된 부업을 하고 싶었고,
​
영상 편집, 숏폼 대행을 배우면
AI툴도, 온라인세계에서도
계속 영역을 넓힐 수 있을 것 같더라구요
​
➡️온라인 세계에
뛰어드는 건 지금도 늦지 않았다!
지속가능할 듯?
​
➡️1:1매칭 혜택이면
나도 무조건 바로 수익실현
가능하지 않을까?
​
이런 느낌이 딱 와서
바로 1기모집 등록 콜!
​
​
리아 숏폼 대행 부업 강의 ' 오프라인 ' 수강 시작!
​
5주간의 오프라인 숏폼 대행 부업 강의
​
​
수강료가 부담스럽지 않았다면
거짓말이겠죠.
​
진짜 엄~청 망설이다
12개월 풀할부로 땡겼습니다🥲
​
​
​
저같은 사람들이 모였어요
​
집에서 하는 부업 추천을 찾던
경단녀 주부, 직장인분들까지
​
​
첫 강의 시작 전 투표도 했는데요.
​
캡컷,,,?
뭐죠?ㅋㅋㅋ 먹는건가요 ㅋㅋ
​
그렇게 저는 캡컷이 뭔지도 모르고
숏폼 대행 부업 강의를 듣기 시작합니다🥹
​
​
1:1 직접 케어 너무 좋네?
숏폼 마케팅 대행 일이라
20대 위주일까 위축됫는데
​
다행히?
2-60대까지 다양하게 섞여 있더라고요
​
​
그래서인지
인스타그램, 영상편집 툴까지
하나하나 알려주는게 신기했어요
​
진짜
극 FFF 리아님
꿀팁 대방출 전생 🍯🐝이셨던걸로,
​
​
1주차 강의 후에는 숙제정리와
이렇게 플랫폼 가입법까지
다
떠먹여주시더라구요.
​
​
​
​
또또 그 많은 수강생들 단톡방에서
한명한명 진짜 기본적인 질문이라도
다 답해주시는? 갠톡으로도요👌🏻
​
특히 5-60대 왕초보분들은
무조건 오프라인 추천할만큼
현장에선 2분 코치님들이 밀착 케어
까지!
​
​
진짜 영상 전문가에게 배우는 실전 노하우!
이력이 일단 화려하죠.
​
​
단순 부업하다 여기까지온게 아닌
미디어 영상 전문가로써
더 넓은 분야를 다 경험해 보신분이라
​
실전 노하우까지
다양하게  얻을 수 있더라고요
​
뭔가
든든한 빽
을 가진 느낌?
​
​
1, 2주찬데 벌써 수익화라고?
​
그리고 가장 놀라웠던 건
2주차인데 바로 수익을 실현한 분들이
나오기 시작했다는 거에요
​
​
신기하게 주변 사람들에게
직접 영업도 해보시고,
​
​
숏폼 대행 플랫폼으로 일감 따신분들이
속속들이 나오더라구요
​
​
특히 이분은 온라인 방에 계셨던 분인데
더 놀라웠어요
​
질투도 났고요 ㅋㅋㅋㅋㅋ
​
부럽다😳
​
3주만에 나도 수익실현?
​
근데 저에게도 3주차에
수익화 성공이 실현됩니다.
​
바로 1:1 매칭 일감을 주신거에요!
​
​
숙제를 나름 열심히(?)했더니
좋게 봐주시고 의뢰 주신듯!
​
이런 기회들이 속속들이 숨어 있다고
고지하셨는데,,
너무 기쁘더라구요!
​
​
신기하게
커피숍 알바비만큼 클리어!!
심지어 선결제까지 받음 🥹
​
​
5주간의 리아 숏폼 대행 강의 후기
절지 않고(?)
정말 쉽게 설명해주셔서
60대까지도 이해OK
매주 강의가 알찬데,
숙제도 알이 꽉참
🥹
특강도 3개나 중도추가
​
아낌없이 주는 나무가
컨셉인가봐요 ㅋㅋ
​
종강했는데도
숙제 또 있어요..?🥹
📌 수강비가 전혀
아깝지 않다고 느낀
가장 컸던 핵심 포인트
​
1.
리아님이 만든 만능 GPT
로
혼자서도 영업~ 편집 구성까지
짤수 있다는 것! (무한 이용가능)
​
​
2.
1:1 매칭
​
일감도 계속 주시고,
스스로 일감 따도 1:1 피드백 코칭까지
후케어도 계속 해준다는 것
​
이건 마지막 세미나때
열심 퀴즈 참여해서 득점 1위한 저에요
​
​
파워 I인 제가
이렇게 열강 참여하는 사람인줄
이날 처음 알았어요 ㅋㅋ
​
​
이날 최종 1등은
승자는 리아님 에디터 홈페이지에
소속될 수 있는 기회가 주어지더라구요
​
전 3등했지만 그래도
끝까지 수강생들을 챙기는 마음에
감동이었답니다.
​
숏폼 대행은 어렵다?
​
NO
​
솔직히 집에서 하는 부업이지만
툴 익히는데는 시간이 걸려요.
​
하지만 전 캡컷도 몰랐고
운동만 13년 한 사","집에서 하는 부업들로 1000만원 날려본 제가 찾아낸, 리스크 없이 한달만에 ' 수익화 가능한 부업 ' 운동... 근데 저에게도 3주차에 수익화 성공이 실현됩니다. 바로 1:1 매칭 일감을 주신거에요! 숙제를 나름...",강의,digital-products,blog,https://blog.naver.com/jiyea_junjin/224151124936,20260119
blog_002,2회 택배 및 공장 출근 안하게 된 이유 - 월 150 부업 성공 후기,"주 2회 공장 출근하던 내가 시간 자유를 얻은 이유 -
월 150 부업 성공 후기
블로그 포스팅에 앞서, 이런 포스팅들이 혹시 광고로 오해하시거나,
강의팔이 혹은 사기로 오해하실것 같아, 좀 더 저의 일상의 진심을 담아 작성했습니다.
블로그 포스팅에 앞서, 이런 포스팅들이 혹시 광고로 오해하시거나,
강의팔이 혹은 사기로 오해하실것 같아,
좀 더 저의 일상의 진심을 담아 작성했습니다.
​
​
​
​
​
저는 2025년 처음으로 태어나서 저만의 사업을 구상했습니다.
​
가족중에 사업하는 사람이 없는데 내가 사업을?
ㅋㅋㅋㅋㅋㅋ
​
​
올해 1-2월 세계 여행을 다녀오고, 택배 알바를 병행하다가
공간임대업을 하면서 월 200이 벌리면서 신기했어요.
​
별거 아닌가? 회사 다니는 것보다 훨씬 쉬우면서 월 200이 벌리네?
​
​
그러다가
온라인 쇼핑몰과 공간임대업을 운영한 지 1년 차
예요.
처음에는 ‘이제 나도 드디어
집에서 돈버는 법
을 아는 사람이구나!’ 하고 들떴죠. 그런데 막상 해보니 현실은 생각보다 훨씬 어려웠어요.
쇼핑몰은 수익이 잘 오르지 않았고, 거의 공간임대업으로만 생활을 이어가고 있었거든요. 그래도 그 과정에서 하나 확실히 배웠어요.
​
​
​
혹시 인생이 잘풀리는 사람들의 공통점을 알고싶으면
해외 30개국을 다니며 수많은 사람들을 만난 후기를 아래와 같이
적어봤습니다.
​
하는일 마다 잘 풀리는 유형 Feat.호감형인간 특징 공개
하는일 마다 잘 풀리는 유형 Feat.호감형인간 특징 공개 안녕하세요!! 이제 본격적인 여름이 다가왔습니다...
blog.naver.com
주 1~2회 택배랑 공장에 나가본 찐 후기...
공간 임대업 제외하고 쇼핑몰 수익이 잘 안 오르니 그냥 앉아 있을 수가 없더라고요. 그래서 주 1~2회씩
푸드공장과 택배 현장 아르바이트
를 병행했어요.
새벽 4시 반에 일어나 출근하는 게 쉽지 않았지만, ‘지금은 뭐든 해야 한다’는 생각뿐이었어요. 처음에 노동에 대한 재미도 있었고, 점심만 되면 급식도 맛이있어서 단순하게 일해보자 했었는데, 막상 현장에 나가보니 사람들이 정말 거칠었어요.말 한마디로 싸움이 나기도 하고, 서로 막대하는 분위기도 있었죠.
​
​
한 성격 하는 성격에 참다가 싸운것만 셀수가 없을정도였네요... 솔직히 그런 환경 속에서 하루를 버티는 게 쉽지 않았어요.
​
솔직히 얘기해서 현장에 계신분들이랑 한바탕 싸운다고 해서 뭔가 스트레스가 풀리는 게 아니라, 내가 여기서 왜 이런 사람들과 싸워야하나
라는 현타가 올라오기 시작한거죠.
​
미쳤니? 나이가 몇인데 ... 휴 틱톡 라이브?
주변 사람들은 다 말렸어요.
그 와중에 틱톡 에이전시 2군데에서 연락이 왔거든요,
물론 저도 틱톡은 저와 맞지 않다고 생각했고, 너무나 가볍다고
생각했거든요,
​
하지만 저의 강점 중 강점
​
한번 해보자. 초기 투자금도 없는데 까이꺼
일을 저질러보자
​
하지만 저는 40살이라는 나이에, 유학경험과 외국인 전 여자친구들의 경험을 살려서
외국어 실력을 살려 외국인들과 소통하며 일했어요.
​
가끔은 팔로워들과 토요일 10KM 러닝 라이브를 하기도 합니다.
​
언어가 통해야 진짜 세상을 볼 수 있다고 생각했거든요. 5년째 부업으로 영어회화를 가르치다보니, 영어소통은 큰 어려운점은 없었구요, 지금 3개월쯤 지나니까 오히려 할 만하더라고요ㅎㅎ 후원 금액도 올라오면서, 재미를 느꼈어요. 제가 평소 구매하기 어려웠던 사치품들도 사기시작했어요.
​
​
​
“결국 행동이 모든 걸 바꾼다.”
​
​
그 경험이 지금의 온라인 사업에도 정말 큰 도움이 됐어요.
예전엔
집에서 돈버는 법
을 검색하고, 남들이 시키는 대로 따라만 했는데
이젠 직접 부딪히면서 ‘나만의 방식’을 만들어가고 있거든요.
남들이 말리는 일일수록, 해보면 그 안에 배울 게 참 많아요.
​
명품이 거의 없는데, 처음으로 루이비통 가방을 사봤습니다.
부동산으로 1억 잃고 주식으로 얼마 잃을래?
​
공장에서 일하면서 ‘몸으로 돈을 버는 법’을 배웠다면,
주식 투자를 하면서는 ‘돈이 일하게 하는 법’을 배웠어요.
​
주변에서는 또 말렸죠.
​
“지금 같은 시장에 투자하면 망해요.”
“그 돈 차라리 저축해요.”
​
저희집은 애초에 땀흘려서 급여로 돈을 모느는 모은 재산이거든요.
물론 제가 주식투자를 한다고 하니, 좋게 볼리가 없죠.
​
​
그런데 저는 생각했어요.
‘이번엔 돈이 나 대신 일하게 만들어보자.’
​
​
결정적으로 주식을 오래한 지인에게 종목 추천받아 한종목에 500만원 수익이 생기면서 본격적으로
눈이 떠졌던 것 같습니다.
​
남들에게 소소할 수 있지만 저에게 정말 사고싶었던
차량을 어떻게 매도하고 매수해야하는 고민에
500만원으로 바로 다음날 계약해버렸죠.
​
그 이후로 주식 리딩방에서 리스크가 있지만, 어느정도 감을 잡았고, 지금은 아침마다 경제 신문을 보면서 종목을 사고 있습니다.
​
​
이 종목 올랐다.
85,000원
​
이 종목 떨어졌는데 또 올랐네?
330,000원
​
의심되시면 캡쳐본 공개해드릴게요.
​
​
지금은 한 달에 100만 원 정도 꾸준히 벌고 있어요.
물론 오르락내리락할 때도 있지만,
이 과정을 통해 세상을 바라보는 시야가 훨씬 넓어졌어요.
이제는 뉴스를 볼 때도 단순히 “이 회사가 좋다” 수준이 아니라,
“돈의 흐름이 왜 이렇게 움직일까?”를 생각하게 됐어요.
​
​
​
결론: 남들 쉴 때, 저는 저질렀어요ㅎㅎ
​
​
지금도 저는 완전히 성공한 사람은 아니에요. 하지만 이건 말씀드릴 수 있을 것 같아요.
이 시간에도 아침 7시에 일어나 출근들 하시면서 급여생활자로
하루 10만원-30만원은 버실텐데, 저는 자유롭게 집에서 오전에 운동하고 안마 받고, 이렇게 여유롭게 글을 쓰고 있습니다.
​
​
하지만 확실하게 말할 수 있는 건 하나예요. 남들 쉴 때, 저는 움직였어요.
​
​
이런 구조를 모를때 공장에서 새벽부터 부딪히며 돈의 무게를 느끼다가
이제는 틱톡 라이브로 외국어로 소통하며 세상을 넓혔고 주식으로
주식으로 돈의 흐름을 읽는 눈을 길렀어요.
​
결국
집에서 돈버는 법
은 ‘편하게 돈 버는 법’이 아니에요.
움직이되, 방향을 제대로 잡는 법이에요. 저는 여전히 시행착오 중","주 2회 공장 출근하던 내가 시간 자유를 얻은 이유 - 월 150 부업 성공 후기 블로그 포스팅에 앞서, 이런... 혹시 인생이 잘풀리는 사람들의 공통점을 알고싶으면 해외 30개국을 다니며 수많은 사람들을 만난 후기...",블로그,content-sns,blog,https://blog.naver.com/bbiku123/224073266438,20251112
blog_003,광주손부업 두아이 엄마의 성공 후기,"진솔한 후기를 작성하고
원고료를 받습니다
안녕하세요~
저는 두 아이를 키우는 주부로
2년 넘게 광주손부업으로
수익을 내고 있어요
처음에는 아이들 간식비라도
소소하게 벌어보려고
시작한 일이었는데
이렇게 매달 수익을
괜찮게 벌면서 주부에서 벗어나
핸드메이드 작가가 될 줄은
전혀 예상 못했어요
제가 어떻게 일을 시작하고
돈까지 벌게 됐는데
전부 공유해볼게요!
제가 하는 일은
집에서 핸드메이드로 작품을
만들어 파는 일이에요
처음 광주손부업을 생각할 땐
핸드메이드로 돈까지 벌 줄은
정말 몰랐어요
최대한 스트레스 적게
오래 할 수 있는 광주손부업을
알아보다가 결국
수공예를 고르게 됐죠
취미로 가볍게 시작한 일이
이렇게 오랫동안 수익을
가져다 줄줄은 몰랐어요
게다가 수익은 간식비
이상으로 벌고 있어서
더 흥미가 생긴 것 같아요
하지만 저는 손재주가
뛰어난 편도 아니고
원래부터 수공예를
할 줄 알았던 것도 아니에요
제가 시작한 비법은
온라인으로 수공예 작업 방법을
전문적으로 배웠기 때문인데요
그 덕에 취미로 시작한
수공예로 수익을 벌게 됐답니다
수공예의 종류는 여러가진데
저는 리본공예를 골랐어요
제일 쉽다고 들었고
제가 실제로 해봤을 때도
정말 배우기 쉬웠어요
온라인 교육 기관에서
재료를 무료로 지원해줘서
글루건, 리본, 철사 같은 건
따로 구매하지 않았어요
게다가 재료는 작품별로
정리되어 오니까
더 편하더라구요
온라인 강의는 처음이라
걱정이 더 앞섰는데
노트북으로 보면서 배우니
정말 편하더라구요
강사님께서는 초보에 맞게
기초부터 천천히 알려주셔서
처음 배우는 사람도
얼마든지 따라갈 수 있어요
기초적인 작업 방식을
이해한 후 시작하니
더 금방 배우더라구요
광주손부업을 위해서
1개월의 시간이 걸렸어요
이 시간 동안에는
상품 만드는 법을 배우고
연습하는데 사용하게 됐죠
원래의 저라면 1개월동안
무언가를 배워야 했다면
금방 포기하기 마련이었을텐데
수공예는 과정이 워낙
재밌어서 포기하지 않고
배울 수 있었어요
1개월 후에는 리본 악세서리를
완성할 수 있는 실력을
갖추게 되었고
바로 부업에 도전했어요
만들 수 있는 작품 중에서
판매가 제일 잘 될만한
작품을 골라 쇼핑몰에
등록했어요
상품 등록은 가이드가
전부 나와있어서
전혀 어렵지 않았구요
제가 등록한 상품은
자동으로 쿠팡, 네이버 같은
대형 사이트에 노출이 되었고
그래서인지 홍보를 하지 않았음에도
판매가 잘 되더라구요
그리고 보통 다른 쇼핑몰처럼
수수료나 이용료를 낼 필요가
전혀 없기 때문에
수익적으로 훨씬 유리했어요
마진도 높구요
상품 제작은 주문이 들어오는
날만 하면 되기 때문에
너무 시간적으로 자유로워요
저는 하루에 몇 시간만
작업해도 수익을 괜찮게
벌 수 있더라구요
처음에는 만드는 속도가
느린 편이였지만
점차 속도가 빨라져서
이제는 똑같은 시간에
많은 작품을 제작할 수 있는
단계가 되었어요
제가 이렇게 만족스런
광주손부업을 할 수 있던 이유는
부담도 없고 꾸준하게
할 수 있는 일이기 때문이에요
무엇보다 광주손부업은
노력과 들어가는 시간을
마음대로 조절이 가능해서
가족과 시간을 많이 보내며
병행할 수 있어요
수공예 작업은 생각보다
그저 부업이 아닌
즐거운 취미 활동이에요
저는 이 일을 통해서
큰 성취감을 얻고 있구요
특히나 제 손으로 만든
작품을 다른 사람들이
구매해주고 사랑해주니
너무 뿌듯하고 기뻐요ㅎㅎ
요즘은 리본공예 외에
다른 수공예도 배워서 팔고 있어요
이렇게 새롭게 접목해서
판매하다 보니
수익도 훨씬 늘고 기술도 늘어서
정말 뿌듯하네요ㅎㅎ
광주손부업을 알아보신다면
수공예 부업을 추천해요
누구든지 시작할 수 있고
안정적인 수익이 나니까요
관심이 생기셨다면
아래 링크에서 더 알아보세요!
광주손부업 하는법
홈페이지 살펴보기>>
​
​
#광주손부업",진솔한 후기를 작성하고 원고료를 받습니다 안녕하세요~ 저는 두 아이를 키우는 주부로 2년 넘게 광주손부업으로 수익을 내고 있어요 처음에는 아이들 간식비라도 소소하게 벌어보려고 시작한 일이었는데...,기타,etc,blog,https://blog.naver.com/handa1221/223945808949,20250726
blog_004,양모펠트 키링 만들기로 취미에서 부업 성공한 후기,"​
""업체로부터 소정의 수수료를 지급받고 작성한 글입니다""
​
양모펠트 키링 만들기로
취미에서 부업 성공한 후기
​
​
​
지인 생일이 다가올 때마다
매번 비슷한 선물이 반복되는 게
조금 아쉽더라구요
​
그래서 이번엔 좀 색다른 걸
준비해보고 싶어서
이것저것 찾아보다가
양모펠트 키링을 알게 됐어요
​
양털 섬유를 손으로 뭉쳐
바늘로 콕콕 찔러가며
동물이나 캐릭터를 만드는 공예인데
​
질감이 굉장히 부드럽고
따뜻한 느낌이 있어서
소품이나 장식용으로도 잘 어울리더라구요
​
​
​
​
​
​
​
근데 알아보면 알아볼수록
작품 완성도에 따라
가격 차이가 정말 크더라구요
​
간단한 건 만원대지만 정교한 작품은
수십만 원까지도 형성돼 있어서
이거 잘만 하면 괜찮겠다 싶었죠
​
그래서 그냥 취미가 아니라
집에서 할 수 있는 부업으로
도전해보면 어떨까 하는 생각이 들어
본격적으로 시작하게 됐어요
​
양모펠트는
니들펠트라고도 불리는데요
​
니들이 바늘이라는 뜻이라 이름 그대로
양모를 바늘로 찔러 형태를 만드는
작업 방식이에요
​
특별한 기계 없이
바늘과 양모만 있으면 되다 보니
초보자도 쉽게 접근할 수 있고
​
재료비 부담도 거의 없어서
시작 장벽이 낮은 편이더라구요
​
그래서 자연스럽게
양모펠트 키링 만들기는
어디서 배우는 게 좋은지
정말 수익으로 이어질 수 있는지
궁금해지기 시작했어요
​
​
​
​
​
​
​
​
​
요즘 반려동물 키우는 집이 정말 많잖아요
​
주변만 봐도 가방이나 열쇠고리에
자기 반려동물 얼굴을
양모펠트로 제작해서
달고 다니는 분들이 꽤 있더라구요
​
전부 주문 제작 방식이라
가격대도 자연스럽게 높고
​
조금만 숙련되면 충분히
수익이 나겠다는 확신이 들어서
양모펠트 배우기에 도전해봤어요
​
자세히 알아보니
양모펠트 창업 과정이라는
강의가 있더라구요
​
100% 온라인 수업으로 진행되고
오랜 기간 공방을 운영한 전문 강사님께
기법부터 판매 노하우까지
배우는 과정이었어요
​
​
​
​
​
​
​
​
​
보통 공방 수업은
소수 인원으로 진행되면서
비용도 만만치 않은데
​
이 과정은 그런 내용들을
온라인 강의 안에
전부 담아놨다고 해서 더 끌렸어요
​
등록하자마자
양모펠트 키링 제작에 필요한
양모, 바늘, 부자재까지
전부 한 번에 받아볼 수 있었어요
​
작품 크기가 작은 편이라
받은 재료 양만 봐도
여러 개는 충분히
만들 수 있겠더라구요
​
실 퀄리티도 좋아서
완성하고 나면 수공예 특유의
고급스러운 느낌이 살아나요
​
강의는 정말 완전 처음 접하는
사람 기준으로 차근차근 진행돼요
​
​
​
​
​
​
​
​
도구 잡는 방법부터 양모 다루는 법,
바늘 사용 방향까지 기초부터 설명해줘서
따라가기 수월했어요
​
겉으로 보면 쉬워 보여도
실제로 만들다 보면
형태 잡는 게 은근 어렵거든요
​
도안 활용법이나 양모 양 조절,
찌르는 각도 같은 디테일까지
영상으로 자세히 보여줘서
​
손재주 없는 저도 큰 어려움 없이
완성할 수 있었어요
​
처음엔 손도 많이 찔리고
볼륨도 잘 안 살아서
납작하게 나올 때가 많았는데
연습하다 보니 점점 형태가 살아나고
눈에 띄게 실력이 늘더라구요
​
저는 애초에
부업 목적이 분명했기 때문에
단가가 있는 작품 위주로
집중해서 연습했어요
​
​
​
​
​
​
​
​
특히 반려동물 전신 작품을
여러 번 만들어보면서
퀄리티를 끌어올렸죠
​
수강 기관에서 온라인 판매 연계도
지원해준다고 해서
더 의욕이 생겼어요
​
양모펠트 키링은 대략 2~4만 원 선이고
액자형 작품은 10만 원 이상으로도
가격 책정이 가능하더라구요
​
일주일에 몇 개만 팔아도
아이 용돈이나 교육비 정도는
충분히 충당할 수 있겠다 싶었어요
​
전용 수공예 쇼핑몰도
함께 제공해주는데
핸드메이드 작품만 등록할 수 있어서
경쟁 부담도 적고
구매층도 확실했어요
​
작품 사진이랑
가격, 간단한 설명만 올리면
국내 여러 유명 사이트에
동시에 노출돼서
판매까지 이어지더라구요
​
수수료나 입점비도 없어서
정말 부담 없이 시작 가능했어요
​
그래서 어떤 작품을 만들지
가격을 어떻게 책정할지
전부 제 기준대로
결정할 수 있었고
정식 수공예 작가로
등록해서 활동 중이에요
​
​
​
​
​
​
​
​
​
회사 다니면서 병행하다 보니
수량보다는
단가 높은 작품 위주로
제작하는 방식을 택했어요
​
1:1 주문 제작으로
양모펠트 키링이나
기억용 작품들을 만들면서
반려동물과의 추억을
오래 간직할 수 있는
의미 있는 작업을 하고 있어요
​
결과는요?
만족스러워요ㅎㅎ
​
일주일에 3~4건 정도
주문을 받아 제작하면서
​
아이들 용돈과 교육비 정도는
꾸준히 벌고 있어요
​
재료비 부담도 거의 없고
집에서 자유롭게 할 수 있어서
시간 활용도 좋고
임대료나 인건비 같은
고정 비용이 없으니
수익도 괜찮게 남더라구요
​
이 교육기관은
양모펠트 과정 하나만 들어도
뜨개, 자수, 마크라메,
레진, 석고 소품 등
40가지 넘는 공예 과정을
추가 비용 없이 수강할 수 있어요
​
​
​
​
​
​
​
​
​
집에서 공예 배우면서
부업까지 연결하고 싶다면
​
체계적인 커리큘럼이 있는
기관을 선택하는 게
확실히 실패 확률이 낮아요
​
수공예는 트렌드 변화도 빠른데
여기는 신규 강의도
추가 비용 없이 업데이트되고
평생 수강이 가능해서
장기적으로 활용하기 좋아요
​
반려동물 작품,
계절 소품, 실용 아이템,
머리핀이나 키링까지
​
양모펠트 만들기를 배워서
집에서 부업으로 도전해보세요
​
따뜻한 양모 질감 덕분에
인테리어 소품으로도 좋고
선물용으로도 반응이 좋아요
​
제가 수강한 교육기관 정보는
아래에 남겨둘게요
​
무료 체험 강의도 있고
상담도 가능하니까
관심 있는 분들은
편하게 확인해보셔도 좋아요
​
​
​
​
양모펠트 키링 만들기 & 교육과정
자세히 알아보기 >>>
​","""업체로부터 소정의 수수료를 지급받고 작성한 글입니다"" 양모펠트 키링 만들기로 취미에서 부업 성공한 후기 지인 생일이 다가올 때마다 매번 비슷한 선물이 반복되는 게 조금 아쉽더라구요 그래서 이번엔 좀...",기타,etc,blog,https://blog.naver.com/rbehfdlek2011/224139110149,20260111
blog_005,가정부업 성공 후기 공유해요,"실제 후기를 작성한 뒤
소정의 수수료를 받습니다
​
​
가정부업 찾고 계시나요?
저도 수많은 가정부업을 해봤지만
저한테 맞는 일을 찾기가 어려웠어요
아무리 부업이라지만 만족스러운
수익을 내기도 힘들고요 ㅠㅠ
​
돈을 벌기 위해서는
역시 나가서 일을 하는 방법밖에
없겠다고 생각했었는데요
​
보통 부업을 알아보면
광고로 고수익을 낼 수 있다고 하는데
실제로는 전혀 그렇지 않아요
광고성이나 사기성도 많죠
​
​
제가 했던 가정부업을 예로 들자면
누구나 할 수 있는 단순 업무였어요
​
부품 조립과 포장이었는데
두 가지 부업은 구하기 쉬워서
초보자들도 쉽게 할 수 있거든요
접근성이 좋은 편이죠
​
그런데 매일 하루에 나가는
물량을 맞춰야 하다 보니까
생각보다 힘들더라고요
스트레스도 많이 받았어요
단순 업무라 지루하기도 하고
단가가 낮아서 수익이 안 좋았죠
​
​
그 뒤에 했던 가정부업은
블로그 글쓰기였어요
단순 업무에 비하면 괜찮았지만
일거리가 불규칙적이라서
안정적인 수익을 내기에는
어려움이 있었죠
​
그래서 몇 달 하다가
관뒀답니다 ㅠㅠ
​
딱 봐도 광고성이 짙은
가정부업은 넘어가기로 하고
수공예 부업을 시작했는데요
벌써 2년째 활발하게
활동하고 있답니다!
​
수공예 기법을 배워서 익히고
다양한 핸드메이드 제품을 만들어
판매하는 일을 하는 부업이에요
수공예 특성상 재료비는 저렴한데
판매가가 높게 뛰는 편이라
마진율이 상당히 좋답니다
​
​
물론 이 일을 하기 위해서는
수공예 기법을 배워야 하기 때문에
기간을 오래 잡아야 해요
하지만 기술은 한 번 배워두면
활용도가 좋기도 하고
나만의 스킬이 생기니까
충분히 투자할만하답니다
​
제가 배운 수공예 기관에서는
40가지가 넘는 과목을 다루고 있어요
원하는 과목을 선택해서 배우면 되죠
저는 단순 업무랑 너무 안 맞았는데
수공예 부업은 즐겁게 할 수 있었어요
​
초보자도 이해하기 쉽도록
기초부터 심화 과정까지
차근차근 알려주시더라고요
강의를 통해 자격 취득도 가능하고요
그래서 가정부업을 한다면
전문 기관에서 시작하는 걸
추천드리고 싶어요 ㅎㅎ
​
교육부터 수익활동까지
다양하게 지원해 주기 때문에
수월하게 진행할 수 있답니다
​
게다가 한 과정만 수강해도
나머지 모든 과목을 추가 비용 없이
자유롭게 들을 수 있어요
​
여러 가지 수공예를 배우면서
판매할 제품을 늘릴 수 있어
경쟁력을 쌓기에도 좋답니다
수익활동에 큰 도움이 되겠더라고요
​
​
처음 등록한 과목의 경우
수업에 필요한 초도 재료 세트를
무료로 제공해 주기까지 해요
​
저는 리본 공예를 선택했죠
​
초보자들도 쉽게 배울 수 있고
여러모로 활용도가 좋은 편이라
첫 과목으로 리본 공예를 골랐어요
​
수강 등록을 하기 전에
무료 샘플 강의를 신청해서
미리 커리큘럼을 살펴볼 수 있으니
부담 없이 과목을 고를 수 있답니다
​
알아서 재료를 제공해 줘서
따로 준비할 필요가 없었어요
초보들은 재료를 알아보는 것도
어려운 일이잖아요 ㅎㅎ
편하게 시작할 수 있었죠
​
​
과목에 따라 차이가 있지만
보통 2-3개월 안에 교육 과정을 이수하고
자격을 취득할 수 있다고 해요
​
리본 공예는 비교적 쉬운 편이라
저는 2개월 반 정도 걸렸답니다
​
강사님께서 이해하기 쉽게
하나하나 설명해 주시기 때문에
더 빠르게 끝낼 수 있었어요
​
수공예 강의는 각 분야에서
공방 운영, 판매, 수업 등 전문적으로
활동하고 계시는 강사님께서 진행하세요
​
덕분에 실무 위주의 교육으로
기본기부터 탄탄하게 잡을 수 있답니다
실제로 인기가 많고 판매가 잘 되는
디자인들을 다양하게 만들어보고
강사님의 개인적인 팁, 노하우까지
전부 공유받을 수 있었어요
​
​
다른 기관들과 다르게
기간이나 횟수의 제한 없이
자유롭게 수강할 수 있어요
내 스케줄에 맞춰 원하는 만큼
진도를 나갈 수 있어 좋더라고요
​
주기적으로 업데이트되는
신규 강의도 추가 비용 없이
이용할 수 있답니다
​
저는 처음부터 판매활동을
목적으로 시작한 일이기 때문에
너무나 마음에 드는 혜택이었어요
​
​
다각도 촬영 기법을 사용하여
강사님의 시점으로 진행되어서
손동작을 보고 이해하기 쉬웠어요
강의를 보고 따라 하는 데에
전혀 어려움이 없었답니다
​
제작 과정을 생략 없이
처음부터 끝까지 보여주는데요
첫 강의에는 재료와 도구에 대한
기초 설명까지 해주시니까
초보자들도 걱정할 것 없이
따라서 만들기만 하면 돼요
​
리본 공예의 경우에는
기초 기법만 잘 익혀두면
이후에는 응용하는 방식이라
쉽게 만들 수 있어요
​
사용하는 재료나 원단, 부자재에 따라
만들어지는 분위기가 천차만별이라
다양한 완성품을 낼 수 있답니다
​
​
저는 2개월 반 만에 이수하고
바로 관련 자격을 취득했어요
작가로 수업을 하거나
공방을 창업하는 경우에는
자격이 있는 게 좋거든요
​
이곳은 마스터 자격을 따서
이후 공방을 창업했을 때
학생들에게 자격을 부여할 수 있어요
저는 가정부업이 목적이라
당장 필요한 부분은 아니지만
준비해두면 좋을 것 같아
미리 따놨답니다 ㅎㅎ
​
재택부업뿐만 아니라
작가 활동이나 공방을 창업할 때
기관에서 전부 지원해 주더라고요
모든 지원은 평생 이용할 수 있으니
원할 때 받아서 시작하면 되는 거죠
저도 지금은 부업만 하고 있지만
나머지도 천천히 도전해 보려고요
​
​
재택부업을 시작한다면
기관에서 제공해 주는
판매 사이트를 이용하면 돼요
​
수강생 전용으로 운영되어
판매 수수료가 없답니다
판매한 금액 그대로
제 수익이 되는 거예요!
이용하는 방법도 간단해서
수월하게 판매를 시작할 수 있어요
기관에서 제공하는 가이드라인을
참고하여 등록하면 되거든요
​
이곳에 등록하기만 해도
국내 유명 사이트와 연동되어
20곳이 넘는 곳에 자동으로 업로드돼요
​
쿠팡, 네이버 쇼핑, 인터파크 등
많은 사람들이 이용하는 쇼핑몰에
제 상품이 노출이 되니까
주문도 잘 들어오고요
​
​
주문이 들어오면 알림이 오고
제작해서 배송하기만 하면 끝!
결제, 정산, CS 처리 등은
기관에서 해결해 주기 때문에
제가 신경 쓸 부분은 없었어요
​
수공예 부업을 생각하신다면
제가 배운 곳을 추천드리고 싶어요
교육부터 활동 지원까지
다양하게 제공이 되기 때문에
큰 도움이 되실 거예요
​
아래에 링크를 남길 테니
무료",실제 후기를 작성한 뒤 소정의 수수료를 받습니다 가정부업 찾고 계시나요? 저도 수많은 가정부업을 해봤지만 저한테 맞는 일을 찾기가 어려웠어요 아무리 부업이라지만 만족스러운 수익을 내기도 힘들고요...,기타,etc,blog,https://blog.naver.com/nuna2000u/223791529710,20250311
blog_006,평범한 일상이 특별한 수입으로: '부업 성공 후기' 뒤에...,"안녕하세요! 커뮤니티나 블로그에서 ""월급 외 수익 200만 원 달성!"", ""여행 다니며 돈 버는 디지털 노마드 후기"" 같은 부업 성공 후기를 볼 때마다 가슴 한편이 설레기도 하고, 한편으론 ""나랑은 먼 이야기 아닐까?"" 싶으셨죠?
​
하지만 2026년 현재, 성공 후기의 주인공이 되는 법은 생각보다 가까이에 있습니다. 핵심은 어떤 도구를 사용해 시스템을 만드느냐에 달려 있죠.
​
오늘은 어플리(Affly)라는 강력한 제휴 마케팅 엔진과 AI 지능형 엔진을 활용해, 아고다(Agoda)와 트립닷컴(Trip.com) 수수료만으로 비행기 티켓을 손에 쥔 리얼 성공 로드맵을 공유합니다.
🔍링크 하나로 시작하는 Affly(어플리) 바로가기
어플리(Affly) — 당신의 모든 콘텐츠가 수익으로 연결됩니다.
국내외 최고 수준의 제휴 마케팅 플랫폼. 직관적인 데이터 대시보드와 파트너들에게 새로운 수익화 기준을 제시합니다.
www.linkaffly.com
1. 성공 후기의 주인공들이 '어플리'를 선택하는 이유 📈
수많은 부업 중에서도 가장 높은 만족도를 보이는 분야는 단연 제휴 마케팅입니다. 어플리(Affly)는 누구나 꿈꾸는 '자유로운 부업'의 기준을 제시합니다.
​
글로벌 여행 브랜드의 파워: 아고다나 트립닷컴처럼 이미 인지도가 확실한 플랫폼을 홍보하기 때문에, 초보자도 ""이 숙소 진짜 괜찮아요""라는 추천 한마디만으로 높은 예약 전환을 이끌어낼 수 있습니다.
​
실제 데이터 기반의 투명한 정산: ""정말 돈이 들어올까?""라는 걱정은 접어두세요. 어플리는 실시간 예약 현황과 확정된 수수료를 투명하게 공개하므로, 신뢰도 높은 성공 후기를 작성하는 데 최적화되어 있습니다.
​
누적되는 시스템 수익: 한 번의 노동으로 끝나는 알바와 달리, 내가 쌓아온 여행 정보 포스팅은 시간이 지날수록 더 큰 수익을 물어다 주는 든든한 자산이 됩니다.
​
2. 수천 자의 성공 노하우를 1분 만에, 'AI 지능형 엔진'의 서포트
""성공한 경험은 있는데, 이걸 남들에게 설득력 있게 전달할 글솜씨가 없어요""라고 고민하신다면 이제 지능형 AI 모델을 여러분의 전문 작가로 고용해 보세요.
​
​
​
어플리 대시보드에서 아고다 할인코드나 트립닷컴 프로모션으로 거둔 성과를 확인했다면, AI 콘텐츠 엔진에게 ""평범한 직장인이 퇴근 후 30분 투자로 여행 경비를 마련한 부업 성공 후기를 진정성 있게 작성해 줘""라고 요청해 보세요.
​
단 1분 만에 수천 자 분량의 논리적이고 감동적인 원고가 완성됩니다. 여러분은 그 뼈대 위에 ""처음엔 저도 의심했지만, 트립닷컴 단독 특가 정보를 공유하며 첫 수익이 터졌을 때의 짜릿함을 잊을 수 없어요"" 같은 생생한 경험담만 더하면 됩니다.
​
수천 자 작문의 부담은 AI에게 맡기고, 여러분은 '수익 지표 분석'과 '다음 타겟 여행지 선정'에만 집중하세요.
​
3. 딱 3개월, 다음 성공 후기의 주인공이 되는 마일스톤 🚀
성공 후기는 하루아침에 쓰이지 않습니다. 딱 3개월만 나만의 여행 콘텐츠 공장을 가동해 보세요.
​
1~3개월 (임계점 돌파기): 수익이 눈에 띄지 않더라도 아고다, 트립닷컴의 꿀팁과 할인 코드를 꾸준히 공유하세요. AI와 협업해 유용한 정보를 쌓는 이 시기가 여러분의 '성공 스토리'를 채워가는 가장 소중한 기반이 됩니다.
​
3~6개월 (성공의 열매 확인): 꾸준히 발행한 글들이 검색 상단에 안착하며 예약이 쏟아지기 시작합니다. 이때부터는 내가 가족과 시간을 보내는 중에도 통장에 쌓이는 수익을 보며, 진정한 의미의 '성공 후기'를 당당하게 작성할 수 있게 됩니다.
​
​
오늘 남의 성공 후기를 읽으며 보낸 그 시간이, 내일은 누군가가 여러분의 성공담을 읽으며 감탄하는 시간이 되길 바랍니다. 어플리에서 발행하는 아고다 링크 하나가 단순한 홍보를 넘어 여러분의 라이프스타일을 바꾸는 위대한 시작점이 될 거예요.
​
3개월 뒤, 자신감 넘치는 모습으로 '성공 후기' 포스팅의 발행 버튼을 누를 여러분의 손가락을 응원합니다. 저는 다음에도 여러분의 통장을 더 두둑하게 만들어 줄 실전 전략으로 찾아오겠습니다. 오늘 하루도 누구보다 당당하게 나아가세요!
🔍링크 하나로 시작하는 Affly(어플리) 바로가기
어플리(Affly) — 당신의 모든 콘텐츠가 수익으로 연결됩니다.
국내외 최고 수준의 제휴 마케팅 플랫폼. 직관적인 데이터 대시보드와 파트너들에게 새로운 수익화 기준을 제시합니다.
www.linkaffly.com
​",""", ""여행 다니며 돈 버는 디지털 노마드 후기"" 같은 부업 성공 후기를 볼 때마다 가슴 한편이 설레기도... 성공 후기의 주인공들이 '어플리'를 선택하는 이유  수많은 부업 중에서도 가장 높은 만족도를 보이는...",기타,etc,blog,https://blog.naver.com/8hdmghe/224283090906,20260512
blog_007,"무자본 부업 현실 후기, 실패한 부업과 성공한 부업 총정리...","회사 다니면서 퇴사를 고민해 보신 분들이라면
한 번쯤은
무자본 부업
을
검색해 보셨을 거라고 생각합니다.
​
저 역시 과거에 그랬고,
“일단 뭐라도 해보자”는 마음으로
여러 가지를 직접 시도해 봤었어요.
무자본 부업 하는법
오늘은
제가 실제로 해보고
실패했던 무자본 부업
​
세 가지와,
​
마지막에 성공한
무자본 부업 한 가지
를 알려드릴게요.
(가장 마지막에 성공 후 계속하고 있는!)
​
많은 무자본 부업을 하면서 느꼈던
현실적인 정보들
을 정리해 보려고 합니다.
​
누군가에게는 제 경험이 도움 되길 바라며..!
(현재 하고 있는 무자본 부업은 한 가지로
가장 마지막에 나옵니다! )
시간이 없다면, 영상으로 바로 보러가기 ⤵️
https://youtu.be/GfO1YzRodUs?si=SYdyTrS8sdWIzUEf
스마트 스토어 위탁판매
무자본 부업 추천과 현실적인 후기
무자본 부업 하면 가장 먼저 나오는 게
스마트 스토어
였던 것 같아요.
​
당시에는 유행해서
많은 사람들이 하고 있었기에
부담 없이 시작할 수 있을 것 같았어요.
스마트 스토어 부업 현실 후기
그래서 상품 소싱부터 상세페이지 구성까지
나름대로 공부해서 직접 스토어를 열었는데..
​
하지만 막상 운영해 보니
생각보다 신경 쓸 게 정말 많았습니다.
​
상품이 팔리지 않으면
계속 소싱을 바꿔야 했고
가격 경쟁이 워낙 심해서
마진이 거의 남지 않았고
광고를 안 하면
노출이 거의 되지 않았습니다
무자본 부업 후기
무엇보다 직장 다니면서 병행하기엔..
​
강의 광고에서 나오는,
투자하면 된다는 1~2시간보다
훨씬 더 많이 들었어요.
​
무자본이라는 말과 달리
자본을 계속 투입해야 하는 구조
였고,
​
이걸 오래 가져가기는
어렵겠다는 판단이 들었어요.
​
결국 자본만 투자하고 -N만 원으로 실패!!
AI 쿠팡 위탁판매
무자본 부업 하는 법
스마트 스토어를 하다가 실패 후
자연스럽게
쿠팡 위탁판매
도
같이 알아보게 됐습니다.
​
“쿠팡은 트래픽이 많으니까 더 잘 팔리지 않을까?”
라는 기대가 있었습니다.
​
하지만 현실은 조금 달랐습니다.
​
수수료 구조가 생각보다 높았고
광고비를 또 써야 해서 무자본이 아니었고 ㅋㅋ
가격을 맞추다 보면
남는 게 거의 없어요
(스마트 스토어랑 비슷합니다)
무자본 부업인 줄 알았던 과거 제 모습 같아요..
​
특히 쿠팡은
속도와 응대가 중요한 플랫폼이다 보니
본업과 병행하면서
대응하기가 쉽지 않았어요.
​
결국 이 부업도
“전업이 아니면 지속하기 어렵다""
라는
결론에 가까웠습니다.
​
이것도 사업자 등록증 비용 + 광고만 태우다가
마이너스로 실패 ..ㅎㅎ
AI 생활용 유튜브 쇼츠
AI 툴이 대중화되면서
AI로 만드는 쇼츠 영상도
잠깐 시도해 봤어요.
​
생활 정보, 꿀팁, 정리 영상 같은 콘텐츠를
AI로 만들어서 쇼츠로 올리는 방식
이었습니다.
​
처음에는
“이 정도면 계속 쌓이면 되지 않을까?”
싶었어요.. ㅋ
무자본 부업 하는 법
하지만 해보니
이 역시 쉬운 구조는 아니었습니다.
​
영상은 계속 만들어야 하고
조회수는 들쑥날쑥했고
수익화까지 이어지지 않았습니다. (가장 중요)
​
무엇보다 비슷한 콘텐츠가 너무 많아서
차별화가 쉽지 않았어요.
​
콘텐츠를 쌓아가는 과정도 의미 없었고
시간도 매우 오래 걸렸지만
수익화도 안됐어요.
​
이걸
현실적인 수익원으로
보기엔
불안정
했습니다.
무자본 부업을 하며 느낀 공통점
무자본 부업 후기
지금 돌아보면 이 세 가지 부업에는
공통점이 있었습니다.
​
시작은 누구나 가능하지만
성과가 나오기까지가 매우 어렵고
완전히 무자본이 아니라는 점
​
무자본이라고 해서 시작했지만
비용이 아예 안 드는 건 아니었어요.
(무자본 부업이라며..)
그래서 과거의 저처럼
회사 다니면서 퇴사를 고민하는 사람
에게는
위 방식이 맞지 않을 수 있어요.
(개인차가 있을 수 있습니다.)
그러다 알게 된 다른 무자본 부업
무자본 부업 추천
이런 시행착오를 겪으면서
“내가 계속 같은 방식만 반복하고 있는 건 아닐까?”
라는 생각이 들었습니다.
그러다 알게 된 게
홈페이지 제작이라는 무자본 부업
이었습니다.
처음엔
“이건 전공자들만 하는 거 아니야?”
라는
생각이 들었지만,
​
구조를 알고 나니
이전 부업들과는
완전히 다른 방식으로 성공할 수밖에 없더라고요.
무자본 부업 현실 후기
결국 돈이 되었던 방식은 홈페이지 제작 부업
여러 부업을 거쳐오면서
결국 실제로 수익이 나기 시작한 건
홈페이지 제작
부업
이었는데요,
​
완전히 무자본
이면서
재고도 남지 않고
진짜 시간 장소에서 자유로워질 수 있는 것
Previous image
Next image
무자본 부업으로 디지털 노마드 삶 달성
실제로
시작한 지 3주 만에
바로
수익화에 성공
하여 다른 무자본 부업과는
완전히 다르다는 걸 느꼈어요.
​
그 덕분에
시공간적인 자유를 누릴 수 있었고
직장을 그만 둘 수도 있었습니다.
​
이
무자본 부업
에 대한 이야기
는
아래 글에서 더 자세히 확인하실 수 있어요!
하라덩 홈페이지 제작 강의 후기가 증명하는 직장인 부업 추천
혹시 지금 이 글을, 매일 똑같이 반복되는 지겨운 하루 속에서 우연히 읽게 되었다면 한 가지만 묻고 싶어...
blog.naver.com
무자본 부업 하는 법
직장인 부업으로  무자본 부업 추천
무자본 부업이
무조건 나쁘다고 생각하지는 않아요.
​
다만
퇴사를 고민하는 상황
이라면,
이전에 많은
부업을 실패했던 사람
으로서
“유행하는 부업”이 아니라
​
내가 끝까지 가져갈 수 있는 구조인지
를
한 번쯤은 꼭 생각해 보셨으면 합니다.
아래 글에서는
제가 왜 홈페이지 제작을 선택했고,
​
어떤 점에서 이전 부업들과 달랐는지를
조금 더 구체적으로 이야기해 보겠습니다.
​
읽어주셔서 감사합니다 :)
​
https://litt.ly/hara__dong
무자본으로 N억 버는 05년생 디지털 노마드
litt.ly
직장인 투잡 추천, 퇴근 후 3시간으로 월 1000만 원 만든 방법
먼저 결과부터 알려드릴게요. 저는 19살에, 초기 자본 하나 없이 월 1,000만 원 수익을 냈습니다. 무자본, ...
blog.naver.com
​","처음엔 “이건 전공자들만 하는 거 아니야?”라는 생각이 들었지만, 구조를 알고 나니 이전 부업들과는 완전히 다른 방식으로 성공할 수밖에 없더라고요. 무자본 부업 현실 후기 결국 돈이 되었던 방식은...",기타,etc,blog,https://blog.naver.com/kwon_ladong/224144908574,20260113
blog_008,애완견샴푸 나만의 브랜드로 부업 성공시킨 후기,"솔직한 리뷰를 작성하고
기관으로부터 원고료를 받습니다
저는 두 강아지의 견주인데요
애들이 피부가 안좋아서
항상 애완견샴푸만 쓰고 있어요
하지만 좀 가격이 나가는 편이라
항상 살때마다 부담이 됐어요
그래서 직접 만들기로 결심했죠
애완견샴푸를 직접 만들면
다양한 장점이 있어요
첫째로는 강아지 피모에 맞춤으로
사용이 가능하구요
두번째는 사는 비용 절감이 돼요
세번째는 직접 만든걸로
판매를 해서 수입을 얻을 수 있죠
만들기 시작하고 판매에 도전했는데
수입이 쏠쏠해요
샴푸에 들어갈 재료를
직접 눈으로 확인하니까
믿음직스럽더라구요
애들한테 써보니 트러블이나
각질이 훨씬 나아지는 걸보니
너무 뿌듯했어요
처음 제작했을 때는
주변 지인들에게 애완견샴푸를
나눠주기도 했어요
실제 써보시고 강아지 피부가
훨씬 좋아졌다며 따로 팔아달라고
말할 정도더라구요
그래서 그걸 계기로 판매를 시작했어요
순수 원료만 들어가다보니
가격은 일반 샴푸보단 좀 더 비싸요
그래도 효과가 확실하니
입소문을 점차 타기 시작하면서
구매해주시는 분들이 늘어났어요
어떤 달은 본업보다 부업 수입이
더 나올 때도 있네요ㅎㅎ
그렇다보니 주변에서도
어떻게 만드는건지 물어보길래
오늘 한번 설명해보려고 해요
저는 애완견샴푸를 전문적으로
만드시는 강사님께 배웠어요
견종별로 레시피가 다 다르고
온라인 강의로 배웠죠
저는 9-6 직장인이라
낮에 시간이 없거든요
온라인으로 알아본 이유가
내가 여유되는 시간에
강의를 들을 수 있다는 편리성 때문이에요
만약 직접 가서 배웠다면
수업에 빠지지 않기 위해
스트레스를 많이 받았을텐데
온라인 강의는 제가 원할 때 마다
배울 수 있으니 스트레스도 없고
즐기며 배울 수 있었어요
요즘 반려동물 키우는 사람이
4명 중 한명이라고 하더라구요
그렇기에 관련 업종도
규모가 점차 커지고 있는데요
지금도 반려동물 관련 아이템이
매일 새로 출시되고 있어요
그 중에서 수익이 젤 괜찮은건
바로 애완견샴푸인것 같아요
저도 강아지들 목욕시킬 때
꼭 샴푸를 쓰거든요
피부병에라도 한번 걸리면
관리하기도 힘들고 병원비도
한두푼이 아니다보니
신경을 많이 써야 하는데요
애완견샴푸는 강아지 피모 관리용으로
더러 쓰이지만 예방용으로도
많이 쓰신다고해요
공산품의 경우엔 합성원료도 들어가고
어떤 재료가 들어가나 확실히 모르잖아요
하지만 천연샴푸는 어떤게 들어갔는지
명확히 알 수 있고 합성원료도
전혀 들어가지 않아 피모에 아주 좋아요
제가 온라인에서 배운 애완견샴푸는
원료를 직접 골라서 제작해요
피부 타입별로도 나누고
디자인 별로도 나뉘어서
커리큘럼이 정말 다양하구나 싶었어요
애완견샴푸는 공방을 오래 운영하신
베테랑 강사님이 진행해주시는데요
강사님만의 노하우와 꿀팁을
알려주셔서 너무 좋았어요
거기다 저만의 디자인을
접목시키면 다양한 샴푸를
탄생시킬 수 있죠
그리고 제가 고른 기관은
창업과 부업을 지원해줘요
교육부터 판매까지
한 곳에서 해결이 가능하죠
강아지샴푸 만드는 법도 배우지만
사람용 샴푸도 배울 수 있는데요
분야마다 전문 강사님이 계셔서
더욱 더 전문 교육을 받을 수 있어요
한마디로 한 개의 강의로
다양한 분야의 교육을
들을 수 있다는거죠
그리고 재료마다 효과와
특징에 대한 이론 수업과
제작과정을 자세히 알려주셔서
수업만 집중해서 들으면 강사님과
같은 퀄리티의 제품 제작이 가능해요
제일 중요한건 한번 수강신청하면
평생회원제로 들을 수 있더라구요
게다가 업데이트되는 신규강의까지
전부 무료라서 최신 유행에
따라가기 좋더라구요
강아지샴푸는 사람용과 달리
화장품법에 적용되지 않아서
집에서 만들어 팔 수 있어요
저도 완강하고 나서
기관에서 직접 운영하는 아트픽샵이라는
수공예 쇼핑몰에서 판매를
시작했는데요
수수료와 입점료가 무료고
판매가 되면 전부 순수익이에요
그리고 상품등록을 완료하면
네이버나 쿠팡에 자동으로 올라가서
홍보를 하지 않아도 돼요
저도 주문이 계속 들어오는데요
저는 애초에 한번 만들때
잔뜩 만들어서 기관에 보내요
주문이 들어오면 기관에서
위탁배송 서비스를 해주시거든요
만약 배송까지 직접 해야했다면
본업이 있는지라 힘들었을텐데
기관에서 다양한 지원을 해주셔서
제작에만 신경쓸 수 있었답니다
교육을 받고 판매만 할 수 있는게
아니라 작가로도 활동할 수 있고
다양한 부업이 가능해서
저는 너무 잘한 선택이라 생각해요
저처럼 반려견을 키우시거나
직접 샴푸를 만들고 판매에도
도전해보고 싶은 분들은
강의 한번 들어보세요
아래 링크로 들어가시면
샘플강의 들어볼 수 있으니
들어보시고 결정해보세요~
애완견샴푸
무료 샘플강의 듣기>>",본업보다 부업 수입이 더 나올 때도 있네요ㅎㅎ 그렇다보니 주변에서도 어떻게 만드는건지 물어보길래... 창업과 부업을 지원해줘요 교육부터 판매까지 한 곳에서 해결이 가능하죠 강아지샴푸 만드는 법도...,기타,etc,blog,https://blog.naver.com/nike8319/223734330596,20250130
blog_009,"운동 삼아 시작한 배달 부업, 3개월 만에 7kg 감량 성공 후기","배민 쿠팡 운동 삼아 시작한 배달 부업, 3개월 만에 7kg 감량 성공 후기
배달 부업을 시작한 이유가 거창하지 않았어요. 헬스장 끊을 돈도 아깝고 따로 운동할 시간도 없어서 돈도 벌면서 운동도 되는 방법이 없을까 고민하다가 전기자전거 배달을 선택했어요. 배민커넥트와 쿠팡이츠를 전기자전거로 병행하면서 3개월 만에 7kg 감량에 성공한 리얼 후기를 공개해 드릴게요.
🚴 전기자전거 배달을 선택한 이유
▶▶ 운동과 수익을 동시에 잡는 수단
헬스장 월 회비 6~8만 원을 아끼면서
배달 부업으로 매달 50~70만 원을 버는 구조가 매력적이었어요.
전기자전거는 페달 보조 기능 덕분에 체력 소모가 일반 자전거보다 적어요.
장시간 활동해도 다음 날 피로감이 덜해서 직장인 투잡으로 딱 맞았어요.
▶▶ 전기자전거 배달의 운동 효과
배달 한 타임 2~3시간 기준으로
평균 8,000보에서 15,000보 걷기 운동이 자연스럽게 채워져요.
유산소 운동 효과까지 덤으로 얻을 수 있어요.
헬스장에서 러닝머신 뛰는 것과 비슷한 칼로리 소모가 이루어져요.
📊 3개월 감량 기록 공개
▶▶ 시작 전 상태
몸무게 ㅡ 82kg
주 운동량 ㅡ 거의 없음
식단 변화 ㅡ 없음
▶▶ 월별 변화 기록
▪ 1개월 차
몸무게 ㅡ 80kg
감량 ㅡ 2kg 감량
활동 패턴 ㅡ 평일 저녁 피크 2시간 + 주말 5시간
배민커넥트 수익 ㅡ 34만원
쿠팡이츠 수익 ㅡ 22만원
합산 실수령 ㅡ 56만원
▪ 2개월 차
몸무게 ㅡ 77.5kg
감량 ㅡ 추가 2.5kg 감량
활동 패턴 ㅡ 평일 저녁 피크 2~3시간 + 주말 풀피크
배민커넥트 수익 ㅡ 42만원
쿠팡이츠 수익 ㅡ 31만원
합산 실수령 ㅡ 73만원
▪ 3개월 차
몸무게 ㅡ 75kg
감량 ㅡ 추가 2.5kg 감량
활동 패턴 ㅡ 비 오는 날 집중 출동 추가
배민커넥트 수익 ㅡ 51만원
쿠팡이츠 수익 ㅡ 38만원
합산 실수령 ㅡ 89만원
▶▶ 3개월 총 결산
총 감량 ㅡ 7kg ✅
3개월 누적 실수령 ㅡ 218만원 💰
헬스장 비용 절약 ㅡ 약 21만원
💪 운동 효과가 극대화된 이유
▶▶ 이유 1. 매일 꾸준한 유산소 운동
배달 부업을 하면서 자연스럽게
매일 30분에서 2시간의 유산소 운동이 채워졌어요.
헬스장처럼 억지로 가야 한다는 부담감이 없어서
꾸준히 지속할 수 있었어요.
▶▶ 이유 2. 피크타임 활동으로 강도 높은 운동 효과
피크타임에 집중해서 쉬지 않고 배달을 뛰다 보면
시간당 운동 강도가 자연스럽게 올라가요.
평균 심박수가 유산소 운동 적정 수준으로 유지됐어요.
▶▶ 이유 3. 비 오는 날 집중 출동 효과
비 오는 날 기상악화 보너스를 챙기려고
평소보다 더 활발하게 움직이다 보니
칼로리 소모가 평소보다 30~40% 더 높았어요.
▶▶ 이유 4. 식욕 조절 효과
배달 뛰고 나면 배가 고파서 많이 먹을 것 같지만
피크타임 이후 피로감 때문에 과식이 줄어들었어요.
자연스러운 식사량 조절 효과가 생겼어요.
⚡ 배달 운동 효과를 높이는 팁
▶▶ 팁 1. 전기자전거 페달 보조 강도 조절
페달 보조를 낮게 설정하면 운동 강도가 올라가요.
평지에서는 낮은 보조 모드로 뛰고
오르막에서는 높은 보조 모드로 전환하면
체력을 아끼면서 운동 효과를 최대화할 수 있어요.
▶▶ 팁 2. 대기 중 스트레칭 활용
음식점 조리 대기 중에 간단한 스트레칭을 해요.
허리, 무릎, 발목 스트레칭은 장시간 배달 시 부상 예방에 효과적이에요.
▶▶ 팁 3. 수분 보충 필수
배달 중 땀을 많이 흘리기 때문에
수분 보충을 자주 해줘야 해요.
물을 충분히 마시면 피로 회복 속도가 빨라져요.
🏆 3개월 후 달라진 것들
▶▶ 신체 변화
몸무게 7kg 감량 ✅
체지방 감소 ✅
하체 근력 증가 ✅
지구력 향상 ✅
▶▶ 생활 변화
월 50~90만원 추가 수입 생김 💰
헬스장 비용 절약 💰
퇴근 후 무기력함 감소 ✅
수면 질 향상 ✅
▶▶ 정신적 변화
뛰는 만큼 바로 수익이 생기니 동기부여가 확실해요.
운동을 억지로 하는 게 아니라 즐기면서 하게 됐어요.
배달 부업이 운동과 수익을 동시에 해결하는 최고의 방법이라는 확신이 생겼어요.
💰 수익 + 건강 두 마리 토끼 잡는 루틴
▶▶ 평일 루틴
퇴근 후 저녁 피크 17:30 ~ 20:30
전기자전거로 배민커넥트 + 쿠팡이츠 병행
하루 평균 수익 2만 5천원에서 4만원
칼로리 소모 약 400~600kcal
▶▶ 주말 루틴
점심 피크 + 저녁 피크 풀 공략
하루 평균 수익 8만원에서 12만원
칼로리 소모 약 800~1,200kcal
▶▶ 비 오는 날 루틴 🌧️
기상악화 보너스 + 활동량 증가
하루 평균 수익 10만원에서 15만원
칼로리 소모 평소 대비 30~40% 증가
🔶 배민커넥트 추천인 코드 안내
배민커넥트 추천인 코드 : mskcutee
▲ 추천인 코드 입력 후 가입 2주 이내 미션 달성 시
최대 70만 원 보너스!
▲ 배달은 역시 배민커넥트로 시작하세요!
▲ 첫 배달도 누구나 쉽게! 간편하게 앱 하나로 시작해요!
https://baeminconnect.onelink.me/k618/3ccpicgp
배달은 역시 배민커넥트로 시작하세요!
첫배달도 누구나 쉽게! 간편하게 앱 하나로 시작해요!
baeminconnect.onelink.me
🔶 쿠팡이츠 초대 코드 안내
쿠팡이츠 초대 코드 : S0HJW10B
▲ 가입 후 1주일 이내 1건 이상 달성 시 1만 원 지급
▲ 안전교육 이수 2만 원 지급
▲ 초대 코드 입력하고 친구와 함께 1만 원 혜택을 받아보세요!
https://eatscourier.app.link/UbNcZUsjpKb
[초대 코드 : S0HJW10B]
초대 코드 입력하고 친구와 함께 10,000원 혜택을 받아보세요! 7일 이내 10건 배달 시 3만원 추가보너스도 드려요.
eatscourier.app.link
#배민커넥트
#쿠팡이츠배달파트너
#배달다이어트
#배달부업
#배민커넥트추천인
#직장인투잡
#전기자전거배달
#배달운동
#7kg감량
#부업추천","배민 쿠팡 운동 삼아 시작한 배달 부업, 3개월 만에 7kg 감량 성공 후기 배달 부업을 시작한 이유가 거창하지 않았어요. 헬스장 끊을 돈도 아깝고 따로 운동할 시간도 없어서 돈도 벌면서 운동도 되는...",배달,platform-labor,blog,https://blog.naver.com/sulhyang92/224226234221,20260323
blog_010,스마트스토어 부업 성공 후기: 직장인 월급 외 추가 수입 만들기,"스마트스토어 부업, 많은 직장인들이 월급 외 추가 수입을 위해 뛰어드는 매력적인 세계입니다. 하지만 성공적인 부업을 위해서는 철저한 준비와 꾸준한 노력이 필수적입니다. 이 글에서는 실제 스마트스토어 부업 성공 후기를 바탕으로, 실패 없이 매출을 늘리는 방법과 쉽게 시작하는 노하우를 공유하고자 합니다. 스마트스토어 부업을 꿈꾸는 모든 분들에게 현실적인 조언과 실질적인 도움을 제공하여 성공적인 부업 라이프를 응원하겠습니다.
스마트스토어 위탁판매, 1개월 찐 후기: 40대 워킹맘의 성공 스토리
평범한 40대 워킹맘도 스마트스토어 위탁판매로 성공할 수 있을까요? 17년차 직장인인 한 워킹맘은 불안한 미래에 대한 대비책으로 스마트스토어 부업에 뛰어들었습니다. 처음에는 의구심도 많았지만, 강의를 통해 배운 내용을 꾸준히 실행하며 자신감을 얻었습니다. 사업자 등록부터 6대 마켓 입점, 상품 가공까지 하나하나 배워나가며 5일 만에 첫 주문을 받는 쾌거를 이뤘습니다. 중요한 것은 꾸준함과 실천이라는 것을 몸소 깨달았다고 합니다. 저도 처음에는 '내가 과연 할 수 있을까?'라는 걱정이 앞섰지만, 막상 시작해보니 생각보다 어렵지 않았습니다. 중요한 것은 포기하지 않고 꾸준히 노력하는 자세인 것 같습니다.
3주 만에 주문 7건! 30대 직장인의 스마트스토어 부업 도전기
15년 동안 직장 생활만 해온 30대 직장인에게 스마트스토어 부업은 새로운 도전이었습니다. 열정 부족과 부족한 꾸준함이 걱정이었지만, 미래를 위한 준비라는 생각으로 온라인 셀러에 도전했습니다. 처음에는 막막했지만, 친절한 강의와 꼼꼼한 가이드 덕분에 자신감을 얻을 수 있었습니다. 세팅부터 서류 준비까지 어려움 없이 진행할 수 있었고, 3주 만에 7건의 주문을 받는 놀라운 성과를 거뒀습니다. 퇴근 후 3시간 정도 투자하여 스마트스토어 위탁판매 부업에 집중한 결과였습니다. 물론 파일이 날아가거나 피곤할 때도 있었지만, 강사님의 격려와 꾸준함에 대한 강조 덕분에 포기하지 않고 꾸준히 할 수 있었습니다. 저 또한 비슷한 경험이 있습니다. 처음에는 낯선 용어와 복잡한 절차 때문에 어려움을 겪었지만, 포기하지 않고 꾸준히 공부하고 실천한 결과 조금씩 성과를 낼 수 있었습니다.
복사 붙여넣기로 월 3억 매출?! 스마트스토어 부업, 정말 가능할까?
특별한 재능 없이 컴퓨터를 잘 못해도 스마트스토어 부업으로 돈을 벌 수 있을까요? 답은 'YES'입니다. 상품 등록과 가공만으로 주문이 들어오는 온라인 위탁판매 부업의 세계는 누구에게나 열려 있습니다. 물론 지루하다고 생각하고 포기하는 사람들도 많지만, 꾸준한 노력이 가장 큰 재능입니다. 월 3억 매출을 올리는 14년차 온라인 셀러 '민군'님은 스스로 내향적이고 집에 있는 것을 좋아하며, 딱히 잘하는 것이 없어서 상품 대량 등록 부업을 시작했다고 합니다. 그는 자신만의 차별화된 방법으로 월 3억 매출을 달성할 수 있었습니다. 스마트스토어 부업은 누구나 쉽게 시작할 수 있지만, 성공하기 위해서는 자신만의 차별화 전략을 찾는 것이 중요합니다. 저도 처음에는 다른 사람들과 똑같은 방식으로 상품을 등록했지만, 차별화된 콘텐츠와 마케팅 전략을 통해 경쟁력을 확보할 수 있었습니다.
스마트스토어 부업, 실패 없이 매출 늘리는 방법: 한국이커머스의 도움
스마트스토어 부업을 시작했지만 매출이 나오지 않아 고민인가요? 초보자가 경쟁력 있게 시작하기 위해서는 전문가의 도움이 필요합니다. 한국이커머스는 스마트스토어 입점부터 상세 페이지 제공, 매출 증진 지원 등 다양한 서비스를 제공합니다. 실제 판매가 되는 제품을 제공받아 내 브랜드로 만들고 판매할 수 있도록 도와줍니다. 위탁판매의 장점은 가져가고 내 브랜드를 만들어서 파는 것이 훨씬 경쟁력이 있습니다. 건망고나 간장게장 등 판매량도 많고 후기가 좋은 제품을 선택하여 판매할 수 있습니다. 제품은 원가로 제공받고 브랜드 로고와 라벨링, 배송까지 지원받을 수 있어 부업으로 하기에 매우 좋습니다. 스마트스토어 입점, 기본적인 세팅, 광고 마케팅, 키워드 세팅까지 많은 도움을 받을 수 있습니다. 한국이커머스와 같은 전문 기관의 도움을 받으면 실패 없이 스마트스토어 부업을 성공적으로 이끌 수 있습니다. 저도 처음에는 혼자서 모든 것을 해결하려고 했지만, 전문가의 도움을 받으니 훨씬 효율적으로 스마트스토어 부업을 운영할 수 있었습니다.
스마트스토어 부업, 쉽게 시작하는 방법: AI 자동 운영 시스템 활용
시간은 없고 돈은 벌고 싶다면? 스마트스토어 AI 자동 운영 시스템을 활용해보세요. AI가 상품 소싱부터 판매, 등록, 제품 관리, 배송, 정산, CS까지 모두 알아서 처리해줍니다. 자동 운영비는 처음에 들지만, 빠른 시간 안에 회수할 수 있을 정도로 효율적입니다. AI가 해외 도매처에서 상품을 가져오고 내 스토어에 위탁판매를 하는데, 팔릴 때마다 수수료를 받는 방식입니다. 대량 등록도 가능하며, 판매가 잘 되는 상품과 후기가 좋은 상품을 선별하여 채워줍니다. 재고가 떨어지거나 판매가 잘 되지 않는 상품의 경우 삭제하고 새로운 상품으로 교체까지 해줍니다. 온라인 판매 시 필요한 사업자등록증이나 통신판매 신고 후에 스토어를 개설하고, 업체에서 제공해주는 가이드에 따라 AI를 연동시키면 됩니다. AI 자동 운영 시스템은 스마트스토어 부업을 처음 시작하는 초보자들에게 매우 유용한 도구입니다. 저도 AI 자동 운영 시스템을 활용하여 시간을 절약하고 효율적으로 스마트스토어 부업을 운영하고 있습니다.
스마트스토어 부업은 누구나 도전할 수 있는 매력적인 부업입니다. 하지만 성공적인 부업을 위해서는 철저한 준비와 꾸준한 노력이 필수적입니다. 실제 스마트스토어 부업 성공 후기를 참고하여 자신만의 전략을 세우고 꾸준히 실천한다면, 월급 외 추가 수입을 얻는 것은 물론, 성공적인 사업가로 발돋움할 수 있을 것입니다. 스마트스토어 부업을 통해 경제적 자유를 이루는 그날까지, 끊임없이 배우고 성장하는 여러분을 응원합니다.
#스마트스토어
#부업
#위탁판매
#온라인셀러
#직장인부업
#재테크
#추가수입
#자동화
#AI
#한국이커머스
​","이 글에서는 실제 스마트스토어 부업 성공 후기를 바탕으로, 실패 없이 매출을 늘리는 방법과 쉽게... 제공하여 성공적인 부업 라이프를 응원하겠습니다. 스마트스토어 위탁판매, 1개월 찐 후기: 40대 워킹맘의...",스마트스토어,online-commerce,blog,https://blog.naver.com/tkfkdgo-240/223923512569,20250706
blog_011,집부업 성공할 수 없다구요??,""" 이 포스팅을 업체로부터
소정의 수수료를 지급받고 작성한 글입니다 ""
​
​
​
아이를 초등학교에 입하시키고
오전에 시간이 남아서
소소하게 용돈을 벌고 싶어
집부업을 찾아봤어요
​
그래서 여러 일을 했었는데
블로그 글쓰기부터 포장하기,
박스접기, 조립하기 그리고
자본이 들어가는 일도 해봤죠
근데 이 모든 일들이
오랫동안 꾸준하게 하기
힘들더라고요 ㅠㅠ
​
그러다가 최근 하게 된 일이
저랑 적성에도 맞고
즐겁게 할 수 있는 일이라서
계속 할 수 있을 것 같아요
​
​
​
​
​
​
​
​
저는 특별한 전문 기술이나
능력을 가지고 있진 않거든요
그래서 처음에 부업을 하려고 했을 때
박스접기나 포장하기 같은
단순 업무를 했어요
일은 쉬웠는데 하다보니까
단가도 너무 낮고
일하는 시간에 비해서
버는 금액이 아주 적다보니까
효율이 없는 것 같아 바로
그만뒀는데요
​
그 뒤에 한 일이 바로
글쓰기였고 이 일은 그나마
단순업무보다는 나았죠
블로그나 카페에 글을 올려서
개 당 7천원 정도 받았어요
아이 교육비 정도는
벌 수 있어서 괜찮았는데요
​
일거리를 주는 회사가
사정이 안좋아지며
일이 줄었고 계속 하고 싶었지만
결국 일감이 없어서 끝났구요
​
​
​
​
​
​
​
​
그나마 했던 일 중에서
급여가 제일 좋았던 점은
홈쇼핑이었어요
이정도 수익이 좋은 부업이
많이 없어서 해봤는데
제가 하기에는 버거웠고 힘들고
스트레스까지 받아서
몸이 망가졌죠
​
그러면서 신랑이나 아이에게
짜증내는 횟수도 많아지니
신랑이 이렇게 할거면
차라리 그만두라는 말에
나를 다시 되돌아봤고
​
이정도로 망가지는 건
안될 것 같아서
그만두고 조금 오래 쉬웠어요
​
​
​
​
​
​
​
​
그러다가 새로 한 집부업이
현재까지 하고 있는
수공예부업이예요!!!
저는 친정이나 시댁에 육아를
도움 받을 수 없기 때문에
제가 나가서 일을 할 수 없으니까
이런 시행착오를 많이 겪은 것 같아요
​
근데 수공예부업은
지금까지 한 부업 중에서
제일 부담스럽지 않고
재밌게 할 수 있어요 ㅎㅎ
​
일하는 시간이나 업무량이
딱히 정해지지 않고
내가 자율성을 가지고 할 수
있으니까 스트레스도 없답니다
​
집부업을 하려고 알아보는
주부님들께 꼭 추천드리고 싶어요
시작하기 전에 봤던 후기 중
한 번 하면 몇 년씩 한다는 걸 봤는데
왜 그런지 제가 해보니까
알겠더라고요 ㅎ
​
​
​
​
​
​
​
​
아이템 만들기부터
판매까지 전문 기관에서
하나부터 열까지 지원해주니까
혼자서 하는 느낌이
전혀 들지 않아요
​
첫 고민은 어떤 수공예로
시작을 할까,, 였고
온라인 전문 교육기관에서
교육받고 판매까지
지원받아 하기로 했네요
​
40가지가 넘는 수공예를
교육해주고 있었고
이 중에서 원하는 걸 택하면 돼요
그렇다고 너무 고민하지
않아도 되는 것이
한 과목만 수강해도 모든 과목을
수강할 수 있게 해주니까
걱정이 없죠 ㅎㅎ
대신 첫 과목에 한 해서
초도 재료세트를 제공해주니
이 부분만 유의하시면 될 것 같아요!
​
저는 초보자들도 하기 쉬운
레진공예를 선택했어요~
​
​
​
​
​
​
​
​
만드는 과정들을
수강생들이 잘 보게 하기 위해서
특수 기법으로 촬영되어 있고
강사님들꼐서 아주 쉽고
꼼꼼히 설명해줘요
실무 교육 위주로 해주는 거죠
​
무료 체험강의가 있으니
맨 아래 링크를 남겨놓으면
들어가셔서 한 강 정도
원하는 공예를 택해 들어보세요!
​
​
​
​
​
​
​
​
고급 기법들을 배우고 나서
작품이 잘 만들어지면
곧바로 수익활동을 시작하면
되는데요
​
기관에서는 판매를 위해
온라인 쇼핑몰을 제공해주거든요
이곳은 수강생 전용이라
수수료나 이용료 같은 비용이
전혀 들지 않아요!
그러니 마진율이 좋을 수 밖에요
​
이 쇼핑몰에 내가 직접 만든
아이템들의 샘플 사진을
올려놓으면 바로 판매가 돼요
올리는 갯수도 제약이 없구요 ㅎ
​
​
​
​
​
​
​
​
제품들을 올려놓으면
유명 사이트 20곳에 내 상품이
올라가 판매 되니까
주문량도 늘어요
​
네이버부터 쿠팡, 인터파크 등
우리가 자주 쓰는 곳에
올라가니까
많은 분들이 내 상품들을
볼 수 있는 거죠
​
이곳저곳에서 주문이
들어오게 되면 휴대폰으로
확인해서 주문받은
아이템을 잘 제작해서
배송하면 끝!!
​
판매 수익은 달마다
기관으로부터 정산을 받고
따로 나가는 비용이 없으니까
판매 금액 그대로 받아요
그러니 마진이 좋죠
​
나머지 쇼핑몰 관리나
정산, 결제, 고객응대까지 다
기관에서 해결해주니까
저는 작품 제작과 배송에만 오로지
신경 쓸 수 있답니다 ㅎ
​
​
​
​
​
​
​
​
너무 집부업이 하고 싶어
포기하지 않고 여러번 실패 끝에
수공예 부업을 하게 됐는데
이미 이전에 너무 많이 당해서
사실 큰 기대는 하지 않았거든요
​
왜냐하면 전에 했던 일들이
너무 지치고 힘들어서,,
집부업으로 성공하는 사람이
있을까? 정말 재밌고 수익이 괜찮은
일이 있을까? 끊임 없이
의심을 했었어요
​
근데 오랫동안 체계적으로
잘 갖춰진 시스템과
전문 교육, 지원을 받으면
안될 게 없더라고요!
​
수익을 내는 방법이나
기본기부터 잘 쌓아가며
판매까지 해보니까
나름 성취감도 느끼게 됐고
단기간에 해낼 수 있어
너무 좋네요 ㅎ
​
제 포스팅을 보는 분들이
어떤 생각을 하고 계시는지
조금 이해를 할 것 같은데요^^;
아마 저처럼 의구심을 갖고
믿지 못하는 분들도 꽤나 있을 거예요
​
저도 많은 후기글을 읽고
그런 생각을 했으니까요ㅎㅎ
그래도 배워보고
취미활동으로 해도 되지 않나?
뭐라도 해보자 싶어서
도전을 한거죠
​
​
​
​
​
​
​
​
집부업을 시작하면서
회사 다니는 만큼 급여를
원하는 건 아니잖아요
여유있는 시간을 합리적으로 쓰고
경제적으로 조금이나마
보탬이 되려고 대부분 시작하니까요
​
제가 솔직하게 말씀드리는 건
처음부터 판매나 수익이
만족하지 못할 수도 있어요
근데 인내심을 갖고
작품 퀄리티를 높여가면서
다양한 상품을 제작해 판매하면
점점 주문량이 늘고
그러면서 수익까지 상승될 수
있다는 거!!
​
집부업을 하고 싶은 분들께
현명한 결정을 하시라고
오늘의 포스팅을 남겼구요
더 알아보시라고
링크를 남겨놓을테니까
들어가셔서 자세한 정보들을
얻어가시길 바라요~
​
​
​
집부업
더 자세히 알아보기>>>
​
​",집부업을 하려고 알아보는 주부님들께 꼭 추천드리고 싶어요 시작하기 전에 봤던 후기 중 한 번 하면 몇... 집부업으로 성공하는 사람이 있을까? 정말 재밌고 수익이 괜찮은 일이 있을까? 끊임 없이 의심을...,기타,etc,blog,https://blog.naver.com/garbeekr/223932777255,20250714
blog_012,석고방향제 몰드 키트 받고 배운후 부업 성공!,"후기를 쓰고 기관으로부터 수수료를 받습니다
​
​
​
​
​
요즘엔 집에서도
할 수 있는 부업이 다양해졌어요
취미생활 하듯이 소소한 용돈벌이를
하시는 분들이 많더라고요
​
지금껏 취미생활에 돈만 써봤지,
부업으로 활용할 생각을 못 했는데
신선한 충격으로 다가왔어요
​
그래서 석고방향제 만큼은
부업을 목표로 도전해보기로 했답니다
​
석고방향제 몰드를 무료로 제공해주고
작품 판매도 지원해주는 전문 기관이 있어서
여길 이용했어요
​
​
​
​
​
​
​
​
​
​
​
본업이 있는 상태에서
새로운 부업을 배우려고 하니
시간 맞추기가 애매했어요
​
그런데 새로 찾은 곳은
100% 온라인강의로 진행하니까
훨씬 마음이 편하더라고요
​
단순 취미생활로 끝낼거라면
책이나 유튜브로 독학했겠지만
부업으로 수익창출을 해보는게 목적이라
제작 방법부터 판매 노하우까지
모두 배울 수 있는 곳으로 선택했어요
​
​
​
​
​
​
​
​
​
​
​
수강 등록을 하면
3일 뒤에 석고방향제 몰드 키트가
택배로 도착해요
​
무료로 제공해주는거라
별 기대없이 열어봤는데
재료, 도구가 알차게 들어있었어요
​
전문가들이 쓰는 도구에
재료도 넉넉해서
이걸로 바로 연습을 시작했죠
​
​
​
​
​
​
​
​
​
​
​
​
온라인강의는 공예에
특화된 방식으로 촬영되어 있어서
눈앞에서 보는것처럼
디테일까지 전부 배울 수 있는데요
​
처음 입문하는 초보들도
기본 지식부터 차근차근
따라 연습하기 좋더라고요
​
석고방향제로 부업하는 강사님이
실전 작품 만들기로 강의해주기 때문에
완성도 높고 상품성 좋은
상품들만 배울 수 있다는 점도 장점이었어요
​
​
​
​
​
​
​
​
​
​
​
실제 판매되는 석고방향제 작품들이라
완성하는 것마다 마음에 쏙 들었어요
​
석고방향제 몰드 하나로도
다양한 작품을 만들 수 있다는게
신기하더라고요
​
시중에 판매되는 작품들과
거의 흡사한 것도 있고
새롭게 트렌디한 작품도 있었는데요
​
석고방향제 제작 팁 외에도
강사님만의 상품 구상 노하우,
판매 노하우 등을 공유해주시니까
강의가 굉장히 유익했어요
​
​
​
​
​
​
​
​
​
​
​
퇴근 후 집에와서
석고방향제 키트로
사부작 사부작 만들면
하루의 힐링도 되고 참 좋았어요
​
석고방향제에 쓰는 향 오일이
심신을 안정시켜주는 역할도 하더라고요
​
원하는 대로 모양이 나오고
매번 새로운 작품도 완성되니까
성취감도 굉장히 높았어요
​
누가 시키지 않아도
매일 20분 이상 석고방향제 만들기를
했던 시기였답니다
​
​
​
​
​
​
​
​
​
이렇게 매일 꾸준히
강의를 보면서 연습하니까
어느새 집에 석고방향제들이
넘쳐나기 시작했어요
​
주변에 선물을 하려고 했지만
석고방향제는 향이 나는 제품이다보니
안전확인대상 생활화학제품으로 분류되어
반드시 자가 KC인증을 받아야 하더라고요
​
온라인 판매 시에도
반드시 필요한 검사인데요
이름부터 생소해서 좀 어렵게 느껴졌어요
​
다행히 교육기관에서
온라인강의로 자세하게 알려주셔서
한번에 통과하긴 했는데요
​
초보들은 이런 가이드 없이
혼자 준비하긴 어렵겠더라고요
​
​
​
​
​
​
​
​
​
​
KC인증을 통과하고 난 후에는
지인들에게 선물도 많이 하고
온라인 판매도 준비할 수 있었어요
​
교육기관에서 자체적으로
운영하는 판매 플랫폼이 있는데,
여길 이용하면 단시간에 판매 개시를 할 수 있어서
수강 후기가 좋더라고요
​
간단하게 판매할 작품 사진과
가격 정도만 결정한 후
상품을 등록하면 되는데
이 사이트에만 등록해도 네이버, 쿠팡 등에
동시 연동이 되어서
빠르게 주문을 받을 수 있어요
​
주문 확인, 고객 CS처리, 정산 같은 부분은
자동으로 처리해주시기 때문에
이용이 간편했답니다
​
​
​
​
​
​
​
​
​
​
​
​
이렇게 작품을 등록하고
개시한지 3일만에 바로 첫 주문을
받는데 성공했어요
​
이 사이트를 통해 판매된 상품은
판매 수수료도 붙지 않아서
처음 정한 마진 그대로 입금이 되더라고요
​
저의 첫 재택부업이었는데
초기 비용은 석고방향제 몰드 키트 외에는
전혀 드는게 없었어요
​
재료비만 있다면
거의 무자본창업인셈이죠
​
​
​
​
​
​
​
​
​
​
​
제가 수강한 곳은
수공예 창업 전문 교육기관이라서
석고방향제 과정 외에도
40여개의 과목들이 있는데요
​
석고방향제 하나만 선택해도
전체 과정을 평생 무료로 보고 배울 수 있어요
​
지금은 석고방향제가 재밌어서
부업으로 하고 있지만
제가 흥미를 잃을 수도 있고
부업 트렌드가 바뀔 수도 있잖아요
​
그럴 때 얼른 다른 공예를 배워서
다시 부업으로 활용하면 되니까
두고 두고 좋은 혜택이에요
​
단, 처음 선택한 과목으로만
재료를 제공해주기 때문에
두번째 과목 부터는 직접 재료를 구입하셔야 해요
​
​
​
​
​
​
​
​
​
​
​
요즘엔 방산 시장, 동대문 등에 다니면서
예쁜 석고방향제 몰드 키트를
구하는 재미가 쏠쏠해요
​
새로운 몰드를 보면
작품 구상도 잘 되고
여러가지로 응용할 수 있어서
매출을 늘리는데 도움이 되거든요
​
저처럼 단순 취미생활이 아닌,
부업으로 준비하길 원하는 분들은
제가 수강한 곳에서 자세히 알아보세요
​
기본 교육부터 판매자 과정,
온라인 판매까지 한번에 지원 받을 수 있어요
​
​
석고방향제 배우기 교육 과정
더 자세히 알아보기>>>>>
​
​
​
​
​
​
​
​
​
​
​",후기를 쓰고 기관으로부터 수수료를 받습니다 요즘엔 집에서도 할 수 있는 부업이 다양해졌어요... 받는데 성공했어요 이 사이트를 통해 판매된 상품은 판매 수수료도 붙지 않아서 처음 정한 마진 그대로 입금이...,기타,etc,blog,https://blog.naver.com/kghic67/223927360985,20250709
blog_013,코바늘클래스 인강으로 배우고 부업 성공 후기,"""업체로부터 소정의 수수료를 지급받고 작성한 글입니다""
​
​
​
요즘 들어 집에서 할 수 있는 취미를 찾다가
우연히 코바늘 클래스를 보게 됐어요.
​
어릴 때는 근처에 뜨개 공방이
참 많았던 것 같은데 요즘엔 그런 곳 찾기가
쉽지 않더라고요.
​
그래서 처음엔 직접 찾아가서 배우려 했지만
거리도 멀고, 수강료도 부담돼서
결국 온라인 강의로 배우기로 했어요.
​
지금은 코바늘뿐만 아니라
대바늘도 익혀서 부업으로
수익까지 내고 있답니다.
​
사실 처음엔 단순히 취미로만 생각했어요.
그런데 친구가 뜨개질 배워서
손으로 만든 제품을 판매한다는 얘길 듣고
괜히 저도 도전해보고 싶더라고요.
​
그렇다고 제가 원래 손재주가 있는 것도 아니고
바느질조차 거의 안 해본 사람이었어요.
​
그래서 ‘할 수 있을까?’ 고민이 많았는데
처음부터 천천히 알려주는 코바늘클래스 강의는
생각보다 금방 익숙해지더라구요
​
​
​
​
​
​
​
​
​
​
​
유튜브로 독학해보려다가
기초만 배우고 나면 막히는 부분이 많더라구요.
​
그래서 좀 더 체계적으로 배워보고자
전문 교육기관의 코바늘클래스를 선택했어요.
​
이곳은 초보자도 쉽게 따라 할 수 있게
손 모양부터 실 감는 법, 코 잡는 법까지
세세하게 알려줘서 진입장벽이 낮았어요.
​
무엇보다 좋았던 건 실제 강사님들이
모두 수공예 관련 부업을 하고 있어서
실제 판매가 잘 되는 아이템 중심으로
코바늘클래스 강의를 해주셨다는 거예요.
​
​
​
​
​
​
​
​
​
​
​
단순히 코바늘 뜨는 방법만 배우는 게 아니라
요즘 유행하는 디자인과 컬러 조합까지 알려주셔서
완성품이 훨씬 예뻐 보였어요.
​
수업에서는 수세미, 가방, 머리띠, 아기 덧신,
인형 등 다양한 작품을 만들어보는데,
손에 익기만 하면 누구나 할 수 있을 정도로
단계별로 난이도를 올려주셔서
배우는 재미가 쏠쏠했어요.
​
특히 SNS에서 많이 본 디자인들을
직접 만들 수 있어서 더 몰입이 잘 되더라고요.
​
처음엔 ‘온라인으로 배우면 감이 안 올까봐’
걱정했는데 강의가 정말 세밀하게
구성돼 있어서  움직임을 확대해서 보여주니
오히려 더 잘 보였어요.
​
​
​
​
​
​
​
​
​
​
게다가 기간 제한이 없고 평생 수강이 가능해서
필요할 때마다 복습할 수 있다는 것도
큰 장점이었어요.
​
새로운 패턴이나 최신 디자인도
지속적으로 업데이트돼서
한 번 등록하면 계속 배울 수 있더라고요.
​
저는 코바늘, 대바늘 강좌만 등록했는데
기관에서 감사하게도 다른 공예 클래스도
무료로 열어주셨어요.
​
라탄공예, 비즈공예, 프랑스자수, 가죽공예,
레진아트 등 다양한 수공예를 추가비 없이
배울 수 있어서 덕분에 취미생활의
폭이 정말 넓어졌어요.
​
공방 수업보다 훨씬 실속 있었던 이유는
혜택이 많고, 접근성도 좋았기 때문이에요.
​
​
​
​
​
​
​
​
​
​
퇴근 후나 주말에 시간 날 때마다 강의 틀어놓고
연습할 수 있어서
자연스럽게 실력이 늘었어요.
​
처음엔 수세미 하나 뜨는 데 1시간 넘게 걸렸는데
지금은 20~30분이면 완성하죠ㅎㅎ
​
꾸준히 연습하다 보니
어느새 작품이 쌓이기 시작했어요.
​
그때 ‘이걸 그냥 두기엔 아깝다’ 싶어서
판매를 해보기로 했어요.
​
자격증 취득 과정도 같이 제공돼서
공식 인증도 받았고요.
​
교육기관에서 판매 루트를 연결해줘서
별도의 쇼핑몰도 지원받았어요.
​
​
​
​
​
​
​
​
​
​
판매 등록 방법도 간단했어요.
샘플 사진이랑 가격, 설명글만 올리면 끝!
업로드하면 자동으로 네이버, 쿠팡 등
국내 주요 마켓에 연동돼서
노출도 잘 되더라고요.
​
덕분에 첫 상품은
등록한 지 이틀 만에 판매가 됐어요.
그때의 기분은 정말 잊을 수 없어요 :)
​
지금은 수세미뿐 아니라
머플러, 인형 세트 등 여러 제품을
세트 구성으로 만들어 판매 중이에요.
​
포장도 직접 디자인해서 하다 보니
선물용 주문이 특히 많아요.
​
​
​
​
​
​
​
​
​
​
​
본업을 하면서 병행하고 있지만
시간 조절이 가능해서 부담이 적고
매달 꾸준히 부수입이 생기고 있어요.
​
만약 공방에서만 배웠다면
이렇게 빨리 판매까지 이어지진 못했을 것 같아요.
​
코바늘클래스 온라인 강의의 장점은
언제 어디서든 반복학습이 가능하다는 점이죠.
​
혼자 배우는 게 아니라
기관에서 판매와 인증까지 도와주니까
정말 ‘혼자서도 창업이 가능한 시스템’이었어요.
​
요즘은 공예 클래스 열풍이 불고 있는데
그중에서도 코바늘은
초보자도 시작하기 좋은 분야예요.
​
​
​
​
​
​
​
​
​
​
저처럼 처음엔 부업으로 시작했다가
지금은 제2의 직업처럼 되고 있어요.
​
나중에는 작은 공방을 열거나
원데이 클래스를 운영해보고 싶어요.
​
뜨개질로 수익을 내고 싶은 분들,
혹은 손으로 무언가를 만드는 걸 좋아하신다면
이 코바늘 클래스 정말 추천드려요.
​
무료 체험 강의도 열려 있어서
부담 없이 시작할 수 있답니다.
​
​
​
👉 온라인 코바늘 클래스
무료 수강 신청하러 가기 >>>",지금은 코바늘뿐만 아니라 대바늘도 익혀서 부업으로 수익까지 내고 있답니다. 사실 처음엔 단순히... 무엇보다 좋았던 건 실제 강사님들이 모두 수공예 관련 부업을 하고 있어서 실제 판매가 잘 되는 아이템...,기타,etc,blog,https://blog.naver.com/yeju1101/224039848271,20251014
blog_014,"앱테크부업 , 성공 후기 완벽 정리","앱테크부업 , 성공 후기 완벽 정리
앱테크부업 , 성공 후기 완벽 정리
​
,,
​
​
앱테크에 관해 구상했더랬죠. 근래에는 앱테크에 관하여서 심하게들 이야기하는데, 이러한 부업이 사기가 아닌가 하는 의문을 가지는 경우가 많답니다. 가격 경쟁력이 워낙 뛰어난 이번에의 앱들이 많아, 돈을 버는 아주 각양각색의 어플들이 생겨나고 있고용. 이런 기회를 놓치지 않기 타겟로서 1년에 딱 한 번만 정리하는 모음집으로 대비했더랬죠.
​
스마트폰만 있으면 누구나 할 수 있는 앱테크 부업에 관해 알려드릴게요. 대개 주식이나 금융 소득에 대한 이야기를 그럼에도 불구하고, 여기서 제휴 교육컨텐츠이란 무엇인지 결론부터 말씀드리겠더랬죠. 실제로 돈이 들어왔다는 사실. 자동화나 앱테크를 거쳐 출퇴근 자투리 시간에 잠깐잠깐 함서 수익을 얻을 수 있는 웹기반 플랫폼이 있겠더라구요. 사용자가 직접 금융 상품을 설계하고 추천할 수 있는 '플래너'라는 어플리케이션이 있다네요.
​
쉽게 클릭하면 5천원부터 인출이 가능하죠. 지하철에서, 화장실에서, 심지어 잠들기 전 침대에서도 쉽게 할 수 있겠더라구요. 짧은 시간 안에 더 다방면의 포인트를 획득할 수 있는 이 기회는 특별한 기술이나 자격증 없이도 스마트폰만 다룰 줄 알면 가능하답니다. 상식을 뛰어넘는 단계으로 보너스 적립 포인트가 생기게 되죠.
​
이런 시스템이 가능한 이유는 가격 경쟁력이 좋기 때문이랍니다. 플래너 앱을 설치하고 매일 열심히 행동하면 이라고 하답니다. 계좌로 이체되는 돈들을 보면 놀라울 정도로 추가 혜택을 얻을 수 있어용. children콘을 클릭해 미션 수행, 게임 레벨 올리기, 영상에 좋아요를 누르며 포인트를 쌓아가세요. 친구를 초대하고 참여하면 추가 보너스도 받을 수 있다는것.
​
대세가 된 이유는 추가로 수 프로모션과 할인 때문이랍니다. 링크를 통하여 가입하게 하면 웰컴 기프트도 받을 수 있고, UI도 편리하게 구성되어 있어 앱테크 초보자도 쉽게 접근할 수 있습죠. 연금을 수령할 때 원금 대비 최소 3배에서 최대한한 10배까지 이익을 기대할 수 있고용.
​
특히 다채로운 계정을 가진 분들에게는 현금 출금이 가장 뛰어난 선택이 될 수 있구요. 앱테크는 이제 단순한 부업을 넘어 부수입을 얻을 수 있는 기회를 제공하죠. 앱은 안전한 사이트에서 링크를 받아 이용하고, 월급 이상의 수익을 거둘 수 있답니다. 이런 경험을 통하여 여러분도 꼭 참여해 보시기 바라구요.","앱테크부업 , 성공 후기 완벽 정리 앱테크부업 , 성공 후기 완벽 정리 ,, 앱테크에 관해 구상했더랬죠. 근래에는 앱테크에 관하여서 심하게들 이야기하는데, 이러한 부업이 사기가 아닌가 하는 의문을 가지는...",기타,etc,blog,https://blog.naver.com/dvid7597/223649614795,20241106
blog_015,"앱테크부업 , 성공 후기 보고가세요","앱테크부업 , 성공 후기 보고가세요
앱테크부업 , 성공 후기 보고가세요
​
,,
​
​
앱테크에 대해서서 방안했는데, 이근래에 수다양한 대다수이 추천드리는 리뷰글이라고 하답니다. 의심스러운 문구를 피하고, 블로그에 게시할 수 있는 돈 버는 아주 다방면의 어플들이 있는 것 같았구요.
​
일찍이 재테크에 관심이 굉장히 각양각색의데, 수익도 하락하는 대신 글쓰기 등 다방면의 수익 파이프라인에서 수익이 발생하여 보려고 감정먹었고용. 무엇을 해야 할지 고민하면 아무것도 하지 못할 것 같고, 정답이나 업체명이 그대로 나오면 이야기가 성립하지 않겠죠. 결론부터 말씀드리면, 적립 혜택을 제공하는 앱들이 놀라울 정도이라고 하네요.
​
보통 5원 단위로 적립이 가능하며, 현재 참여하고 있는 앱 현 시점에서 머니적립 메뉴가 있더랬죠. 제휴 마케팅을 쉬운 설명드리면, 앱테크는 말 그대로 앱을 매개로 재테크하는 것이라고 하구요. 쉽게 나에게 일정 수익을 배분해주는 구조이라고 하더라구요. 원래 처음 start이 본인 인증을 목적으로 한 서비스로 start했지만, 다방면의 방식으로 적립할 수 있다능.
​
퇴근길에 미션을 수행하는도중에 돌아가는 루틴이 이랍니다. 누구나 쉽게 참여할 수 있는 제휴 학습절차이 있고, 기프티콘 및 상품권 구매도 가능하죠. 커피 한 잔 값이라도 끝없이 쌓인 포인트를 매개로 리스트에 적립 메뉴가 보이면 선택할 수밖에 없는 이유가 즉각 이 수익이라고 하죠.
​
오늘의 미션이 있다면 포인트를 받는 것이라고 하더라구요. 어플을 자주 실행하고 광고를 시청하면 이와같이 번 돈이 적립이랍니다. 지난 한 달 간 추가된 앱테크가 제법 많구요. 다른 곳같이 사업 수당을 빼지 않고, 초대받은 친구가 머니적립 미션에 참여하는 경우 보너스 적립금을 받을 수 있는 서비스도 있습죠. 참여 절차은 간단하고, 원래 3만원의 적립을 할 수 있습죠.
​
추가된 캐시 위키는 며칠 전 출시된 앱이라고 해요. 여전히 훌륭한 성과를 내고 있겠더라구요. 출석을 하루라도 하면 기프티콘으로 지급받을 수 있답니다. 수익에 편차가 있다는 점은 유의하셔야 하답니다. 나쁜 정보만 퍼뜨리지 않도록 유의해주세요.
​
저도 덕분에 돈을 벌게 되었고, 제휴 상세 교육과목에서는 다방면의 레이스가 수행되고 있구요. 이 점만은 꼭 기억하세요. 자투리 시간에 틈틈이 공유하여 수익을 인증하고 사용해야 하답니다. 개인정보는 조심하고, 각양각색의 정보 연결을 요구하는 앱은 피하는 게 좋구요.
​
앱은 안전한 사이트에서 링크를 받아야 하며, 높은 기대 수익을 가진 만큼 주의가 필요하죠. 아직 참여하지 않은 분들 꼭 한 번 시도해 보시기 권하구요. 행복한 시간 되세요!","앱테크부업 , 성공 후기 보고가세요 앱테크부업 , 성공 후기 보고가세요 ,, 앱테크에 대해서서 방안했는데, 이근래에 수다양한 대다수이 추천드리는 리뷰글이라고 하답니다. 의심스러운 문구를 피하고, 블로그에...",블로그,content-sns,blog,https://blog.naver.com/titi3404/223628323930,20241022
blog_016,"프리미엄 콘텐츠로 월 100만 원 벌기, 직장인 부업 성공 후기","요즘 직장인들 사이에서 부업은 선택이 아닌 필수가 되어버렸죠. 저 역시 처음엔 단순히 용돈벌이 개념으로 시작했던 네이버 프리미엄 콘텐츠가 어느덧 월 100만 원의 수익을 만들어주는 소중한 자산이 되어줬습니다.
​
오늘은 제가 경험한 부업 성공 후기를 바탕으로, 누구나 시작할 수 있는 네이버 프리미엄 콘텐츠에 대해 이야기해 보려고 해요.
부업, 왜 네이버 프리미엄 콘텐츠였을까?
처음엔 블로그 글쓰기로 수익을 낼 수 있을까 싶었어요. 그런데
네이버 프리미엄 콘텐츠는 플랫폼 자체가 유료 구독 기반이라 단순한 광고 수익이 아니라 내 글을 좋아하는 사람들이 직접 돈을 내고 읽는다는 점에서 가능성
을 느꼈습니다.
​
가장 좋은 점은 복잡한 기술 없이도 시작할 수 있다는 거예요. 제가 HTML? 그런 거 하나도 몰랐거든요. 그런데 그냥 네이버 로그인만 하면 바로 시작할 수 있고, 승인만 받으면 글을 쓰고 판매할 수 있는 구조더라구요.
하루 30분 투자로 만든 월 100만 원
진짜 처음엔 글 하나 쓰는 데 2~3시간씩 걸렸어요. 그런데 몇 편 쓰고 나니 감이 오더라고요. 특히 제가 좋아하는 소액 재테크 이야기를 꾸준히 쓰다 보니 구독자가 붙기 시작했죠.
​
현재는 하루 30분 정도 투자해서 글을 쓰거나 아이디어 정리만 해도 충분해요.
네이버 프리미엄 콘텐츠 수익 구조
여기서 포인트는 단건 판매와 구독 수익이 병행된다는 거예요. 글 한 편당 1,500원에서 3,000원까지 설정할 수 있고, 정기구독자는 매달 2,000원~10,000원까지 구독료를 내는 구조예요.
​
제가 놀란 건 구독자 100명만 확보해도 월 20만 원 정도는 안정적으로 들어오더라고요. 그리고 1,000명을 넘기면요? 상상 이상입니다. 실제로 연 수익 1억 원 넘는 창작자도 수십 명 있다고 해요. 네이버 검색을 타고 들어오는 유입이 많다 보니, 노출만 잘 되면 기회는 무궁무진합니다.
네이버 프리미엄 콘텐츠 시작하는 방법
방법은 정말 간단해요!
​
1. 네이버 검색창에 프리미엄 콘텐츠 검색
2. 프리미엄 스튜디오 접속
3. 판매자 신청 후 네이버의 승인 기다리기
4. 승인 후 스튜디오 바로가기 클릭 → 글쓰기 시작!
​
인터페이스도 깔끔하고, 작성을 돕는 툴도 많아서 진입장벽이 낮아요. 저는 초기에 네이버에서 제공하는 콘텐츠 제작 가이드를 참고했는데 많은 도움이 됐습니다.
인기 주제는 ‘돈 이야기’?
네이버에서 가장 잘 팔리는 주제 중 하나가 바로 돈, 재테크 관련
이에요. 저는 소액 투자, 체크카드 추천, 월급 관리 같은 내용을 다뤘어요. 요즘 트렌드에 맞춰 부업 이야기, 짠테크 이런 키워드도 반응이 좋아요.
​
전문가가 아니어도 괜찮아요! 중요한 건 내가 해본 것을 솔직하게 쓰는 겁니다. 거기에 최근엔 AI 글쓰기 툴도 활용해 보면서 효율성을 높이고 있어요. 글쓰기가 어렵다면 이런 도구의 힘을 빌려도 전혀 문제없습니다.
나도 할 수 있다, 지금 시작해 보자!
네이버 프리미엄 콘텐츠는 단순한 수익 이상의 의미가 있어요. 제 지식과 경험이 누군가에게는 유익한 정보가 되고, 그걸로 수익까지 생긴다는 게 너무 뿌듯하거든요.
​
처음부터 잘 할 필요 없어요. 저도 시행착오 겪으며 여기까지 왔으니까요.
중요한 건 시작입니다. 네이버라는 큰 플랫폼 위에서 나만의 콘텐츠 자산을 만들어가는 이 경험
, 여러분도 꼭 해보셨으면 해요!
고용촉진장려금 신청방법 A to Z: 6개월 고용으로 최대 720만 원 받기
채용을 고민 중인 사업주분들, 혹시 정부에서 인건비를 지원해 준다는 사실 알고 계셨나요? 저는 우연히 지...
blog.naver.com
스레드 앱 완전 정복! 5분이면 충분해요 🎯
요즘 SNS 하다 보면 ‘스레드(Threads)’ 앱 얘기 정말 많이 들리죠? 저도 처음엔 ‘이게 뭐지?’ 싶었는데, 막상 써보니까 정말 간단하더라고요! 특히 인스타그램이랑 연동되니까 더 쉽고 빠르게 시작할 수 있었어요.오늘은 5분만 투자하면 스레드 앱을 제대로 시작할 수 있는 꿀팁을 알려드릴게요! 👀목차스레드 앱은 어떤 앱일까설치부터 로그인까지 한 번에프로필과 팔로우 설정 깔끔하게게시물 작성 및 링크 첨부 팁게시물 수정은 15분 안에 OK!피드와 활동탭 100% 활용하기스레드를 활용한 마케팅 전략스레드 앱은 어떤 앱일까스레드는 ...
piane.tistory.com
청년내일저축계좌, 3년 1440만 원 목돈 만들기 꿀팁
청년내일저축계좌는 한마디로 정부에서 지원해 주는 목돈 만들기 프로젝트입니다. 월 10만 원씩 3년간 꾸준...
blog.naver.com","오늘은 제가 경험한 부업 성공 후기를 바탕으로, 누구나 시작할 수 있는 네이버 프리미엄 콘텐츠에 대해 이야기해 보려고 해요. 부업, 왜 네이버 프리미엄 콘텐츠였을까? 처음엔 블로그 글쓰기로 수익을 낼 수...",블로그,content-sns,blog,https://blog.naver.com/anne011/223838700914,20250418
blog_017,머리핀 부자재 활용해서 부업 성공한 후기,"""업체로부터 소정의 수수료를 지급받고 작성한 글입니다""
​
​
안녕하세요 :)
저는 집에서 머리핀 부자재 활용해서
직접 만든 악세사리를 판매하고 있어요
​
리본공예를 배우기 시작한 건
벌써 3개월 정도 되었고
본격적으로 판매를 시작한 건
두 달 정도 되었답니다.
​
그런데 생각보다 반응이 좋아서
요즘은 하루하루 꽤 바쁘게
지내고 있어요ㅎㅎ
​
아이를 키우다 보니
예쁜 헤어핀이나 머리띠 같은 걸
자주 사게 되더라고요.
​
그러다가 우연한 기회로
머리핀 재료를 접하게 되었고
직접 만들어보게 되었어요.
​
처음에는 과연 내가 잘할 수 있을까
조금 걱정도 있었는데요
​
막상 시작해보니 너무 재미있어서
지금은 제작부터 판매까지
꾸준히 이어가고 있답니다 :)
​
​
​
​
​
​
​
​
​
육아를 하면서 병행할 수 있는
가벼운 부업을 찾고 있었는데
​
막상 찾아보면
시간이 많이 필요하거나
밖에 나가야 하는 일들이 많아서
쉽게 시작하기가 어렵더라고요.
​
그래도 포기하지 않고
재택으로 할 수 있는 일을
계속 알아보던 중에
​
지인 SNS를 통해
리본공예를 알게 되었어요!
​
그분은 리본공예랑 비즈공예를
같이 진행하면서
수익도 내고 계셨는데요
​
취미처럼 즐기면서 하는 모습이
너무 좋아 보이더라고요.
​
알고 보니 수공예 교육 과정과
판매 시스템까지 함께 지원받아서
시작하셨다고 하셨어요.
​
투잡으로도 가능하고
아이 돌보면서도 할 수 있다는 점이
저에게는 가장 큰 장점이었어요.
​
​
​
​
​
​
​
​
​
​
핸드메이드 제품이다 보니
마진도 괜찮을 것 같아서
저도 바로 도전해보기로 했답니다!
​
제가 시작한 곳을 알아보니까
리본공예뿐만 아니라
​
레진, 라탄, 마크라메, 비즈 등
다양한 수공예 과정이
함께 준비되어 있더라고요.
​
특히 좋았던 점은
한 가지 과정만 신청해도
다른 공예 강의까지
추가 비용 없이 계속
볼 수 있다는 점이었어요!
​
총 40가지 넘는 공예를
다 배울 수 있다고 하니까
​
처음에는 어떤 걸 먼저 해야 할지
고민될 정도였는데요ㅎㅎ
​
​
​
​
​
​
​
​
​
​
​
저는 가장 관심 있었던
리본공예부터 시작했어요.
​
수강 신청을 하고 나니까
리본끈, 집게핀, 머리핀 부자재 등
필요한 재료를
따로 준비하지 않아도 되게
기본 키트를 보내주시더라고요.
​
재료 준비 걱정이 있었는데
이 부분이 정말 편했어요.
​
택배 받자마자 바로
강의를 보면서 머리핀 부자재 활용해서
다양한 디자인을 제작해보았는데
취미처럼 만들 수 있다는 게
생각보다 큰 장점이었어요.
​
무료로 받은 재료로도
퀄리티 있는 작품을 만들 수 있어서
만드는 재미가 점점 커지더라고요ㅎㅎ
​
​
​
​
​
​
​
​
​
강의도 단순히 만드는 법만
설명하는 게 아니라
​
실제로 판매까지 이어질 수 있도록
노하우까지 알려주셔서
​
처음 시작하는 사람에게도
큰 도움이 되었어요.
​
요즘 인기 있는 디자인부터
​
아이들이 좋아하는 나비핀,
왕관 머리띠 같은 제품은 물론이고
​
성인용 헤어핀, 큐빅 장식 핀 등
다양한 스타일을 배울 수 있었어요.
​
​
​
​
​
​
​
​
​
계절별 아이템이나 명절용 장신구까지
트렌드에 맞춰 제작할 수 있도록
커리큘럼이 구성되어 있어서
​
활용도가 정말 높았답니다.
​
머리핀 하나 만드는 데는
보통 20분 정도면 충분하고
조금 복잡한 디자인도
30분 정도면 완성되더라고요.
​
그래서 아이 낮잠 시간이나
잠깐 짬 날 때마다
틈틈이 만들기 딱 좋았어요.
​
강의는 여러 단계로 나뉘어 있어서
각 디자인을 반복해서 만들어보면서
자연스럽게 실력이 늘었고요
​
​
​
​
​
​
​
​
​
이후에는 재료를 따로 구매해서
제가 직접 디자인을 만들어보기도 했어요.
​
어느 정도 익숙해지고 나서는
​
제공된 플랫폼을 이용해서
판매도 바로 시작했어요.
​
상품 사진 찍고
이름, 가격, 옵션만 입력하면
등록이 정말 간단하게 끝나더라고요.
​
결제나 정산 같은 복잡한 부분은
플랫폼에서 알아서 처리해줘서
저는 제작에만 집중할 수 있었어요.
​
등록한 제품은 여러 쇼핑몰에
동시에 노출되는 구조라서
따로 홍보를 하지 않아도
주문이 들어오기 시작했어요ㅎㅎ
​
주문이 들어오면
알림으로 바로 확인하고
그때 제작해서 발송하면 끝이라
재고 부담도 없어서 좋았어요.
​
가장 만족스러웠던 부분은
입점 비용이나 수수료가 없어서
판매 금액이 그대로
수익으로 남는다는 점이었어요.
​
예를 들어
만원짜리 머리핀 하나를 판매하면
재료비를 제외하고도
꽤 괜찮은 마진이 남더라고요.
​
​
​
​
​
​
​
​
​
​
​
직접 해보니까 머리핀은
유행을 크게 타지 않아서
꾸준히 판매가 되는 제품이라는 것도
느낄 수 있었어요.
​
집에서 할 수 있는 부업을
여러 가지 시도해봤지만
이렇게 재미있게 하면서
수익까지 연결되는 일은
처음이었던 것 같아요.
​
바쁠 때는 조금 힘들기도 하지만
그만큼 결과가 따라오니까
더 열심히 하게 되더라고요 :)
​
리본공예나 수공예 부업에
관심 있으신 분들이라면
​
저처럼 머리핀 부자재 및 재료
지원받으면서 가볍게 시작해보셔도
괜찮을 것 같아요!
​
아래에 무료로 확인할 수 있는
강의 안내 남겨둘게요
​
천천히 살펴보시고
도전해보셔도 좋을 것 같아요 :)
​
​
​
리본공예 수공예 부업
자세히 알아보기 >>",가벼운 부업을 찾고 있었는데 막상 찾아보면 시간이 많이 필요하거나 밖에 나가야 하는 일들이 많아서... 집에서 할 수 있는 부업을 여러 가지 시도해봤지만 이렇게 재미있게 하면서 수익까지 연결되는 일은...,기타,etc,blog,https://blog.naver.com/rbehfdlek2011/224234168907,20260401
blog_018,마이셀즈로 부업성공후기 알려드릴게요!,"본 포스팅은 소정의 대가를 위하여 작성되었습니다.
이번 포스팅에서 저의 부업성공후기에 대해 말을 해볼려고 해요.
저는 아이를 출산한 육아맘이자 개인사업을 하고 있는 워킹맘이에요.
아이를 출산하고 한동안 집에서 육아만 했는데요.
그러다보니 제가 점점 초라해지는거 같고 의욕도 없어지고 하루종일 처져있더라고요.
​
그 모습을 보고 주변에서 집에서 할 수 있는 일들을 해보라고 해서 알아보게 되었는데요.
집에서 할 수 있는 일들은 부업 위주더라고요.
그래서 부업성공후기들을 쭉 살펴보게되었고 마이셀즈를 알게 되었어요.
물론 마이셀즈 부업성공후기들도 많이 살펴봤죠.
​
부업성공후기들 중에서도 눈에 띄는 점이 있더라고요.
바로 환급이벤트!
마이셀즈에서는 블로그 포스팅이나 쇼핑몰운영, 모집을 통해 수익을 낼 수 있는데
많은 분들이 포스팅을 주로 하시며 수익을 내고 계셨어요.
그런데 이 포스팅을 하고 일정 금액을 달성하면 초기비용을 환급해준다는 게 아니겠어요?
​
거기다 포스팅 단가도 고액이라 '나만 꾸준히 하면 초기비용은 환급받을 수 있겠는데?' 라는 생각이 들었어요.
그래서 더 다양한 마이셀즈 부업성공후기들을 보게 되었고
마이셀즈를 시작하게되었어요.
​
육아를 하며 부업이 가능하냐고 생각하시는 분들이 계실 수도 있는데요.
저는 집에서 아이 케어할 때 거기에만 집중하고 아이가 낮잠잘 때 그 시간에 틈틈이 포스팅을 했어요.
그리고 아기 어릴 때는 잠자는 시간이 대부분이기 때문에 시간이 많이 나더라고요.
​
거기다 저는 아이케어하면서 집에서 일도 해야하는 상황이였어서
진짜 틈틈이 5분,10분 동안 포스팅을 하고 수익을 냈어요.
그렇게 열심히 포스팅을 하고 돈을 차곡차곡 모아가고 있는데요.
마이셀즈를 처음 시작할 때 '블로그는 한번에 안해봤는데 내가 할 수 있을까?'라는 생각도 들었거든요?
그런데 할 수 있더라고요.
​
마이셀즈에서 블로그 포스팅 가이드를 제공해주기 때문에 포스팅하는데 걸리는 시간도 별로 안들고
진짜 꾸준히 하다보니 많은 수익금이 모여서 환급이벤트 성공이 눈앞에 왔어요!
저처럼 집에서 할 수 있는 일을 찾고 계신 분들이라면 마이셀즈로 시작해보세요.
저처럼 부업성공후기를 남기는 날이 올거에요!!
http://modoobiz.co.kr/
마이셀즈
당일 6500만원 입금! 부업과 쇼핑몰 사업을 동시에 원스톱 서비스 마이셀즈
modoobiz.co.kr
​",집에서 할 수 있는 일들은 부업 위주더라고요. 그래서 부업성공후기들을 쭉 살펴보게되었고... 환급이벤트 성공이 눈앞에 왔어요! 저처럼 집에서 할 수 있는 일을 찾고 계신 분들이라면 마이셀즈로...,기타,etc,blog,https://blog.naver.com/jyj932000/224081197698,20251119
blog_019,부업성공후기 찾아보시는 분들은 마이셀즈 바로 시작해보세요!,"본 포스팅은 소정의 대가를 위하여 작성되었습니다.
​
안녕하세요 ㅎㅎ
부업성공후기 찾아보시는 분들은 마이셀즈 바로 시작해보세요!!
마이셀즈는 지금 봄을 맞아서 큰 이벤트를 진행하고 있는데요~~
일단 마이셀즈는 온라인으로 할 수 있는 재택부업이라 할 수 있습니다
온라인으로 혼자서 일하면서 돈을 꾸준하게 벌 수 있는
시스템을 갖추고 있으니까 확실히 편하게
일을 하실 수가 있겠죠~~! 수익창출이 쉽게 가능한
부업파트너라고 생각하게 되면 이해하기가 쉬운데요!!
일단 시간도 자유롭게 그리고 장소도 자유롭게 선정하여
일을 시작하실 수가 있습니다 부업성공후기를 찾아보시는 이유는
일단 본인의 상황에서도 그렇게 일을 할 수 있을지도 확인해보고 싶을 것이고
또 진짜로 부업을 통해서 성공적인 수익을 거둘 수 있을 것인지가
궁금하실 거에요 ㅎㅎ 마이셀즈라는 부업은 부업성공후기가 정말 많습니다!^^
일단 하루에 블로그포스팅 일감으로 집에서 잠옷차림으로
하루에 만원, 이만원씩 번다고 가정을 하면 한달에 평균적으로
50만원은 계속 들어온다는 이야기에요 남는 시간동안
일을 하게 되면 꾸준하게 수익이 들어오는 시스템이라는 것입니다 !!
그리고 부업성공후기를 찾아보시는 이유들 중 하나가 바로
부업성공후기를 확인하고 자극을 받아서 또 똑같이
시작하여 그렇게 되고 싶다는 꿈을 가질 수 있기 때문입니다
마이셀즈는 매일 고단가의 포스팅일감들이 계속 올라옵니다
그러면 이는 최대 6000원의 일감들인데 5000원의 일감을 쓴다고 한다면
하루에 10분투자하면 앉은자리에서 5000원을 가져가게 됩니다
마이셀즈는 등급이 나뉘어져있는데 5000원을 작성하면
100퍼센트인 5000원을 가져갈 수 있는 등급이 바로
VIP와 리미티드등급이에요 리미티드등급은 AI작성도 가능한 등급입니다
이 두 등급이 지금 100만원 할인중이니까
부업 찾으시는 분들은 바로 마이셀즈 시작해보세요
맨아래 가입링크 있습니다 가입하시면 바로 교육이 시작됩니다!^^
감사합니다 ㅎㅎ
​
http://modoobiz.co.kr/
마이셀즈
당일 6500만원 입금! 부업과 쇼핑몰 사업을 동시에 원스톱 서비스 마이셀즈
modoobiz.co.kr
http://modoobiz.co.kr/girl3292
마이셀즈
당일 6500만원 입금! 부업과 쇼핑몰 사업을 동시에 원스톱 서비스 마이셀즈
modoobiz.co.kr
​",통해서 성공적인 수익을 거둘 수 있을 것인지가 궁금하실 거에요 ㅎㅎ 마이셀즈라는 부업은 부업성공후기가 정말 많습니다!^^ 일단 하루에 블로그포스팅 일감으로 집에서 잠옷차림으로 하루에 만원...,블로그,content-sns,blog,https://blog.naver.com/mihwa3292/224243410931,20260407
blog_020,창업부업지원센터 도움받아 창업 성공 후기,"업체로부터 소정의 수수료를
지급받고 작성한 글입니다.
결혼을 하고 아이가 생겨
자연스럽게 경력 단절이 된지
6~7년이 된 전업주부랍니다.
​
아이가 어린이 집을 가면서부터
집에 혼자 있는 시간이 생겨
경제적인 활동을 다시 하고 싶더라구요.
​
재 취업을 하기에는
경력 단절 기간이 너무 길어서
쉽지 않다는 생각에 고민이 많았어요.
​
내가 어떤 거에 관심이 있고
어떤 일을 해야 전망이 좋은지
하나씩 정보를 모았답니다.
​
어느정도 아이 케어를 해야해서
시간적으로 자유롭고
비용이 많이 들어가지 않는
창업부업에 대해 자세히 알아봤어요.
​
​
​
​
적은 자본으로 창업을 알아보니
프렌차이즈 창업은
절대 불가능 하더라구요.
​
요즘 창업을 하면
유지하기 어렵다는 이야기도 있어서
무작정 창업을 시작하는 건
아니라는 생각이 들었어요.
​
결국 생각한게 무점포 창업으로
집에서 시작하는 방법이
안정적이고 리스크를 줄일 수 있다는
생각을 하게 됐답니다.
​
​
​
​
아이 케어도 손을
놓을 수 없는 상황이라
일단 소소하게 시작하는게
맞느다는 생각을 했죠.
​
직장 생활만 해서
창업에 대한 지식이 없어서
이정도 생각하는데도
정말 오래 걸리고 힘들었어요.
​
그래서 창업부업지원센터를 통해
전문가의 도움을 받아
수월하게 시작하기로 했답니다.
​
여러 센터를 비교해보고
가장 지원과 혜택이 많은
창업부업지원센터를 선택했어요.
​
​
​
​
제가 선택한 창업부업지원센터는
여러 수공예를 직접 배우고
공방창업, 클래스운영,
강사활동, 온라인 판매 등
다양한 활동을 할 수 있도록
도움을 받을 수 있는 기관이에요.
​
기술을 직접 배워서
오랫동안 활동이 가능하고
실무 노하우까지 제공받아
수익활동에 도움을 돼요.
​
다른 창업부업지원센터보다
혜택과 지원이 다양하고
한 번 등록하면 기간제한 없이
평생 제공받을 수 있다는 점이
너무 마음에 들더라구요.
​
​
​
​
하루 이틀 할게 아니라
꾸준히 창업을 유지하기 위해
시장의 흐름을 파악하는게
가장 중요해요.
​
요즘 시대는 유행이
빠르게 지나가는 시대라
자칫 시장의 흐름을 놓친다면
경쟁력에서 떨어지긴 마련이죠.
​
그런 시장의 흐름에 맞춰
제가 선택한 창업부업지원센터에서
새로운 아이템과 노하우를
꾸준히 업로드 해줘서
평생 도움을 받아 볼 수 있을거예요.
​
​
​
​
레진, 가죽, 토퍼, 레터링,
천연, 마크라메, 비즈, 캔들 등
30여 가지 수공예 중에
마음에 드는 걸 골라서
배우기 시작하면 돼요.
​
저는 최근 이벤트에 관심이 많아
토퍼아트와 레터링풍선을
같이 배웠답니다. :)
​
원하는 수공예를
마음껏 배울 수 있기 때문에
수공예 선택에 부담이 전혀 없어요.
​
​
​
​
강의는 강사님의 시범을
1인칭 시점에 근접 촬영한 영상을
다양한 각도에서 보여줘서
초보자도 보고 따라하기 쉬워요.
​
기초부터 하나 하나씩
알려주기 때문에
전혀 어려울게 없답니다.
​
강의를 보고 따라하다보면
작품 하나가 어느새
완성이 되어 있더라구요.
​
​
​
강의 영상으로 보니
내 스케쥴에 맞춰
연습을 할 수 있어서
너무 편리했어요.
​
어느정도 실력이 쌓고는
창업부업지원센터에 지원을 받아
창업준비를 시작하면 돼요.
​
저는 리스크가 적은
무점포 창업을 원했기에
온라인 판매 지원을 받았답니다.
​
센터에서 직접 운영하는
온라인 쇼핑몰을 지원받아
입점료와 판매수수료가 없어
부담이 전혀 없더라구요.
​
​
​
​
쇼핑몰에 판매 할
상품 등록만 하면
국내 유명 쇼핑몰인
네이버쇼핑, 쿠팡, 지마켓 등
20여 곳과 연동되어 있어서
따로 홍보를 하지 않아도 돼요.
​
주문 제작으로 판매를 해서
재고가 쌓이는 걱정도 없고
수공예 작품이다보니
재료비 대비 마진이 꽤 좋은 편이에요.
​
​
​
​
무엇보다 집에서 아이를 케어하며
소소하게 진행하는게 가능해서
저와 같은 주부에게 딱이랍니다.
​
이게 가능할까? 걱정이 많았는데
생각보다 훨씬 판매가 잘 돼서
만족하며 꾸준히 판매하고 있어요.
​
​
​
​
창업이나 부업을 생각하는데
경험이 없어서 걱정이라면
제가 도움을 받은
창업부업지원센터를 추천드리고 싶어요.
​
창업부업지원센터의 혜택과 지원을 받아
창업을 준비하신다면
좋은 결과로 이어질 수 있을거예요. :)
​
창업부업지원센터에 대해
더 궁금하신 사항이 있다면
아래 링크를 남겨드릴테니
센터에 1:1 상담을 받아보세요.
​
​
​
창업부업지원센터 과정
더 자세히 알아보기>>>
​
​
​
​
​
​
​
​",어느정도 아이 케어를 해야해서 시간적으로 자유롭고 비용이 많이 들어가지 않는 창업부업에 대해... 그래서 창업부업지원센터를 통해 전문가의 도움을 받아 수월하게 시작하기로 했답니다. 여러 센터를...,기타,etc,blog,https://blog.naver.com/kghic67/223722924962,20250111
blog_021,"앱테크부업 , 성공 후기 준비했어요","앱테크부업 , 성공 후기 준비했어요
앱테크부업 , 성공 후기 준비했어요
​
,,
​
​
안녕하십니까.
​
플 부업 수익 내기에 대한 조치을 세웠드랬죠. 연계하여 사실 직접 이런 류의 홍보에 거부감을 느끼는 편이랍니다. 자는 동안에도 수익을 올릴 수 있다니, 엄청이른 이야기일 수도 있겠지만, 세 수입 내역은 아래와 같더라구요.
​
앱테크가 재테크 프로세스으로 주목받고 있다면 올해도 이웃들께 알려드리려 하겠더라구요. 전월 대비 상승한 그래프를 보면서 이와 비슷하게 정리할 수 있을 듯하네요. 포스팅할 앱은 캐시우, 캐시, 오늘의 부업이랍니다.
​
그 앱들을 거쳐 제공되는 각양각색의 적립 혜택들을 주관할 때가 있죠. 앱테크 수익이 상대적으로 다방면의 편이기 때문에 수행을 해야 하더라구요. 돈을 벌 수 있는 수단을 꽤나 만들고 블로그 상위 노출을 매개로 채널을 구독함으로써 수익화할 수 있구요. 광고 수익 더하여 기대할 수 있고용.
​
예비를 위하여 예시를 드리면, 미션 항목을 두 가지로 나누는 것도 한 절차이랍니다. 근래엔들어 도달율이 높아지면서 더 각양각색의 혜택이 생겼고용. 앱테크의 매력 포인트는 수다방면의 프로세스으로 수익을 창출할 수 있는 것이죠.
​
PASS를 이용하면 보너스를 받을 수 있고, 8월 1일 기준으로 참여 중인 앱테크 중 초심자에게 추천할만한 앱들은 특별한 기술이나 자격증이 필요 없이 스마트폰만 다룰 줄 아는 인간이라면 누구나 참여할 수 있다는 사실. 게다가 친구를 초대할 때마다 리워드를 받을 수 있네요.
​
하단에 있는 금융 혜택 메뉴를 클릭한 후 상단의 머니 적립을 클릭하면, 처음 2명이 출석 체크를 마무리하면 현금으로 출금이 된다구요. 미션을 매개로 보너스를 받거나 정답을 찾아야겠지요?
​
첫 번째 상품은 사용자가 포인트를 쌓을 수 있는 기회를 제공하네요. 친구 추천 링크를 공유하면 보너스가 적립되는 앱도 많다고 하겠더라구요. 이 할인 혜택으로 더욱 다방면의 리워드를 얻을 수 있다고 하더라구요.
​
앱테크가 굉장히 가능성을 보인다면 여러분도 start할 수 있더라구요. 어플을 다운받을 때, 특별한 강점이 없었기에 포스팅 후 한 번도 언급하지 않았지요. 그렇지만 친구가 계속 앱을 사용하면 원하는 수익을 얻을 수 있을 것이랍니다.
​
정리하자면, 만약 핸드폰에 앱을 깔았다면 설치된 상태로 연속 출석을 바라기가 힘들 수도 있다는 사실. 다른 기계나 번호로도 참여할 수 있구요.
​
맨끝으로 앱을 매개로 얻는 수익은 꽤 괜찮다는 사실. 월급만큼의 부수익을 얻을 수 있다는 점에서 효율성이 좋더랬죠. 한 달에 한 번 꼴로 수익이 들어오고 있담미다.
​
이와 비슷하게 정리해서 여러분에게 앱테크의 매력을 선보이고 싶었구요. 보조이 되셨길 바란답니다.","앱테크부업 , 성공 후기 준비했어요 앱테크부업 , 성공 후기 준비했어요 ,, 안녕하십니까. 플 부업 수익 내기에 대한 조치을 세웠드랬죠. 연계하여 사실 직접 이런 류의 홍보에 거부감을 느끼는 편이랍니다. 자는...",기타,etc,blog,https://blog.naver.com/osnw1852/223611734713,20241008
blog_022,집에서하는 손부업 문서작성알바로 월 300만 현실 성공 후기,"​
집에서하는 손부업 문서작성알바로 월 300만 현실 성공 후기
​
​
​
​
​
​
집에서하는 손부업이라고 하면
보통 박스 접기 , 스티커 붙이기
핸드메이드 꾸미기 같은
단순 작업을 먼저 떠올리실 거예요
​
​
하지만 오늘은 소개해드릴 건
그보다 휠씬 쉽고 , 단가도 높으며
꾸준히 평생 할 수 있는 손부업입니다
​
​
그게 바로 문서작성알바라고 하죠 ^^
​
​
​
​
​
문서작성알바라고 하면 어떤 분들은
""특별한 글재주가 있어야 하나 ?""
""워드 , 엑셀 같은 복잡한 문서 작업을 해야 하나 ?""
이렇게 생각하실 수 있는데
​
​
이 부업은
걱정하지 않으셔도 됩니다
​
​
실제로는 블로그 포스팅 형태로
본사에서 제공하는 원고와 이미지를
그대로 가이드에 맞게 발행하기만 해도
99% 승인이 나거든요 ^^
​
​
즉 ,' 글쓰기 ' 보다는
단순히 발행만 하는 작업이라고 보시면 돼요
​
​
​
​
​
​
특히 문서작성알바로
월 300만 벌기 성공 후기를 중심으로,
실제로 블로그에서 수익을 얻는 과정을 소개
​
​
실제로 블로그에서
수익을 얻는 과정을 소개드릴게요.
​
​
​
​
​
​
​
✅ 블로그로 돈버는 방법, 정말 가능할까?
​
​
많은 분들이
“정말 블로그로 돈을 벌 수 있을까?”라는
의문을 가지는데 결론부터 말씀드리면
블로그로 돈 버는 방법은 생각보다 단순한 작업이라
다이소 박스접기나 식당 아르바이트보다
간단한 구조라 타자만 아신다면
충분히 가능해요
​
​
​
본사에서 제공하는 원고와 이미지
가이드를 그대로 블로그에 발행하면
광고수익이 적립되는 방식이라,
별도의 전문지식 없이도 시작할 수 있는
글쓰기부업입니다.
​
​
​
이 단순한 구조가
곧 안정적인 블로그수익구조로 이어지는 것이죠.
​
​
​
​
​
💰 문서작성 알바 수익 구조와 단가
​
​
단가는 500원부터 시작
→ 800원, 1,200원, 3,000원, 5,000원,
많게는 20,000원까지 다양해요
​
​
광고수익 역시 1만, 3만, 10만을 넘어
100만, 300만 이상까지도 참여할수 있는데요
​
​
​
특히 직장인분들에게 인기 있는 이유는
집에서 하는 손부업임에도 불구하고,
본업 월급 이상의 수익을 달성하는 사례가
많기 때문이에요.
​
​
​
​
​
​
📌 실제 성공 후기
​
​
✔️ 문서작성알바로 월 300만 벌기 성공한
직장인 6명 인증 완료 🎉
​
​
​
​
​
​
​
✔️ 첫 달 200만 + 보너스 200만 → 총 400만 달성
✔️ 하루 10만 승인, 하루 70만 적립 성공 사례 다수
​
​
​
이 모든 것은 회사가 투명한 구조로
운영되기 때문에 가능한 일입니다.
​
​
즉, 일감이 많고 수익이 회원에게
곧바로 적립되는 시스템이 핵심이에요.
​
​
​
​
​
​
🏡 왜 집에서 하는 손부업이 인기일까?
​
​
요즘 30대 육아맘, 40대 주부,
직장인들은 주말 알바 대신 재택근무부업을 선택하고 있어요
​
​
단순히 시간을 파는 아르바이트가 아니라,
글을 쓰는 만큼 수익이 쌓이고,
장기적으로 안정적인 부업으로
월급벌기가 가능하기 때문입니다.
​
​
​
“첫 달 300만?”
회사 월급 이상을 재택알바추천으로 집에서 벌어보니,
누구나 도전할 수밖에 없는 거죠.
​
​
​
​
​
​
🎓 교육과 시스템 제공
​
​
정회원으로 등록하면
1년 365일 꾸준히 일감을 제공받으며,
본사에서 1:1 원격 교육까지 지원해 드리며
​
​
​
단순히 글쓰기뿐 아니라
블로그 상위노출 교육까지 제공되니,
왕초보라도 빠르게 블로그로 돈버는 방법을 배워
첫날 수익을 낼 수 있습니다
​
​
​
​
​
🚀 장기적 성과와 누적 수익
​
​
누적 수익 200만 → 800만 → 1,000만
→ 3,000만 이상 달성자 다수
​
​
​
​
​
하루 220만 부터 ~
690만 ,928만 , 2100만 출금 신청 인증 사례
단기간 4000만 입금 받았어요 ^^
​
​
​
“이렇게 간단할 줄 몰랐어요!”,
“무제한으로 글을 쓸 수 있겠네요!”
등 후기 다수
​
​
​
꾸준히 실천한 분들은
이미 안정적으로 직장인부업 이상의 성과를 얻고
""투자한 만큼 몇 배 이상으로 회수된다""는 것이
저와 많은 회원들의 공통된 후기에요
​
​
​
​
​
​
​
혼자가 아닌 함께하는 부업,
열정과 꾸준함이 있다면 누구나 가능합니다
​
​
저처럼 집에서 하는 손부업으로
문서작성알바로 주급 300만 벌기 성공 후기의
주인공이 될 수 있어요.
​
​
이제는 망설이지 말고 도전해 보세요!
​
​
​
​
* 초기비용 있어요
미리 등급 확인해 주시고 교육문의 부탁 🙏
​
​
​
카카오오픈톡 교육문의 바로가기 클릭
▼▼▼▼▼▼
🏆드림투유 본사 공식 등재 공로상 수상🏆교육 멘토
1:1 맞춤 원격교육 ! 수익이 발생 할수 밖에 없는 시스템 제공!
open.kakao.com
​
#집에서하는손부업
#문서작성알바
#블로그로돈버는방법
#글쓰기부업
#재택근무부업
#재택알바추천
#직장인부업
#부업으로월급벌기
#블로그수익구조
#수익인증
​
​
​","집에서하는 손부업 문서작성알바로 월 300만 현실 성공 후기 집에서하는 손부업이라고 하면 보통 박스 접기 , 스티커 붙이기 핸드메이드 꾸미기 같은 단순 작업을 먼저 떠올리실 거예요 하지만 오늘은...",기타,etc,blog,https://blog.naver.com/younhamom/223976278463,20250819
blog_023,레진실리콘몰드 받고 공예 부업 성공했어요,"이 후기를 적은 대가로
소정의 수수료를 받습니다
손으로 쪼물쪼물
만드는 걸 좋아하는
30대 회사원이에요~
주말에 일일 클래스를
참여하면서 다양한
취미생활을 찾고 있었어요
보통 일일클래스는
한 번 다녀오면 끝인데
그에 비해 비용은
5~6만원씩 깨지는게
좀 아깝게 느껴지더라고요
그래서 집에서도
전문적으로 배울 수 있는
온라인 수공예 강의를
알아보게 되었어요
그러다 찾은 곳에서
레진실리콘몰드 재료를
무료로 지원받고
현재는 판매까지 하고 있네요
여러 수공예 과목이
있지만 스킬 활용이나
레진실리콘몰드, 재료에 따라서
아예 새로운
느낌의 작품이 탄생한다는 점에
큰 매력을 느끼고
레진아트를 시작했어요
레진아트로 제작이 가능한
악세서리나 소품이 많아요
악세서리라고 하면
가장 대표적으로는
반지, 목걸이, 귀걸이가
떠오르고 헤어핀, 헤어끈 등
본인의 재량껏
제작할 수 있어요
레진 소품으로는
그립톡, 키캡, 주차번호판,
키링, 책갈피.
레진실리콘몰드 만들기 등등
작품의 범위가
무궁무진해요~
처음 레진아트를
배우려면 초기 재료가
필요하기 마련인데
부담이 되실거에요
저처럼 레진실리콘몰드 부터
시작해서 7만원이 넘는
UV전용 램프, 팬던트,
글리터, 크리스탈레진 등
모든 도구와 재료,
레진실리콘몰드까지
무료로 받아서 집에서
배우면 좋을듯 싶어
제가 배운 곳을 추천드려요
강의는 현직에서
레진아트 전문가로
활동하시는 분께서
노하우와 꿀팁까지
전부 전수해주세요
실제 레진아트로
성공까지 이뤄내신
전문가의 강의를
듣다보니 아무데서나
배울 수 없는 스킬들과
실전에서 바로 쓸 수 있는
팁들까지 배워서
다른 판매자들보다
경쟁력이 높을 수 밖에 없어요
강의는 예쁘게
사진을 찍는 방법과
효과적인 작품 홍보
방법에 대해서도 알려줘요
배운대로 따라했더니
레진아트로 제작한 소품이
너무 잘 팔리네요~
이미 현재 다니는 직장
월급만큼은 수익이 나는데
판매루트도 기관에서
전부 지원해주신 덕분에
다른 분들보다 훨씬
빠르고 편하게
판매할 수 있었어요
기관에서 직접 운영하는
쇼핑몰이 있거든요
그 곳에 작품 사진과
설명, 가격을 올리면
자동으로 대형 쇼핑몰인
네이버, 쿠팡, 11번가에
올라가기 때문에
노출이 자연스레
이뤄지더라구요
이런 시스템 덕분에
다양한 곳에 제 상품이
등록이 되니까
당연히 판매도 잘 되구요
제일 좋았던 부분은
어려운 고객응대 부분까지
기관에서 전부
해결해주신다는 점이였어요!
퇴근을 하고
한시간 정도를 투자해서
레진아트 소품을
3~4개씩 제작하고
작품 사진을 등록해서
판매가 이뤄지면
만들어서 택배로
보내면 할 일은 끝!
현재도 이때 받은
레진실리콘몰드를 사용해
소품을 만들고 있어요ㅎㅎ
제가 수강한 교육은
평생 소장 강의예요
수강기간이나 횟수의
제한이 따로 없다는 이야기죠
게다가 레진아트 외에도
다른 수공예 강의까지
추가 비용없이
전부 배울 수 있어요~
캔들공예, 반려동물 비누
제작, 석고방향제, 굿즈 만들기,
가죽공예, 리본공예 등등
인기도 많고
수요도 많은 작품 위주로
구성된 강의라서
판매에 큰 도움이 돼요
저처럼 손으로
만드는 걸 좋아하시면
수공예 강의를
들어보시고 창업이나
부업에 대해서
진지하게 고민하시는 걸
추천드릴게요!
저도 실제로 부업에
성공해서 수익을 내고
있으니까요ㅎㅎ
레진실리콘몰드 받기,
샘플강의 들어보기>>
​
​
​
#레진실리콘몰드","이 후기를 적은 대가로 소정의 수수료를 받습니다 손으로 쪼물쪼물 만드는 걸 좋아하는 30대... 저도 실제로 부업에 성공해서 수익을 내고 있으니까요ㅎㅎ 레진실리콘몰드 받기, 샘플강의 들어보기...",강의,digital-products,blog,https://blog.naver.com/handa1221/223984332631,20250828
blog_024,온라인 부업 성공 후기: 연우멘토의 1억원 수익 노하우와...,"​
​
안녕하세요 !
멘토 연우 입니다 :)
​
'자칭'
가녀린 몸뚱이
(?)지만
이번 주도 열심히 부려본
먹부림 모음집,
​
잔뜩 풀어볼게요오~~~!
​
​
​
​
​
급 스테이크가 땡겨
아웃백으로 달려갔던 날!
​
아웃백...은
저에게
눈물 버튼
인데요
(ㅠㅠㅠ)
​
어린 시절부터 20대까지도
가족들과 패밀리 레스토랑 한 번을
못 가볼 정도로 찢어지게 가난했기 때문에,,
돈 많~이 벌면 꼭 가보고 싶었던 곳이었어요
​
​
지금은 어느정도 경제적 여유가 갖쳐줘서
먹고 싶을 때 언제든 다녀올 수 있게 되었지만
​
갈 때마다 여전히 애증의 장소랍니다
ㅋㅋㅋㅋㅋㅋㅋㅋ
​
그래도 아웃백 정도면 그럭저럭 가성비 있게
동네 스테이크 집 정도로
먹고 올 수 있는 곳인 것 같아요
^~^
​
​
​
​
​
이상하게 소고기가 땡기는 시기가 있어요(?)
아웃백 먹은 지 얼마나 됐다고,,,
​
이번엔 '토마호크' 허버허버하러
스테이크 전문점에 다녀왔네요 !
​
저는 이 일을 시작하고 나서부터는
먹고 싶은 게 생겼을 때,
​
평일 낮 시간에 자유롭게
먹으러 다녀오곤 하는데요!
​
많은 분들이 부업을 생각할 때
'돈'
을 먼저 떠올리지만
​
실제로 해보니 가장 값진 것은
바로
'시간의 자유'
이지
않나 싶어요 ㅋㅋ
​
평일 오후,
손님이 많지 않은 시간대에 가면
조용하고 쾌적한 분위기 속에서
여유롭게 식사를 즐길 수 있기도 하고
​
직원들의 서비스 또한 세심해지는게
느껴지기도 하더라구요 :)
​
이런 소소한 차이가 결국
삶의 만족도를 크게 높여주니
경제적 여유도 함께 따라올 수 밖에 없다는 것,
​
저도 이 일을 하고 나서야
깨닫게 됐지 뭐예요,,,?
♥
​
이일 시작하고서는
사람한테 치여본적이 없어요
​
​
​
​
여기두 현재 월세주는 아파트에
새로운 세입자분을 받게 돼서
계약서 쓰러 가기 전 월요일 점심에
들렸어요 ㅋㅋㅋ
​
처음 가보는 곳이었는데
의외로 괜찮아서
다음에는 동생이랑도
같이 가보기로,,
(왜 자기 빼고 갔냐고 노발대발 해서..)
​
​
​
​
​
​
​
여긴 짝꿍이가 야심차게 찾은
서울 근교 대형 카페예요!
​
건물 통째가 모두 카페여서
1~2층 좌석이 차고 넘치는 곳인데
주말에는 주차부터가 전쟁이라네요,,
​
저는 화요일 낮에 온거라 한산하게
즐길 수 있었지만
주말에는 엄두도 못낼듯요ㅠ
​
'시간이 곧 돈'
이 된 제가
이제와서 돌이켜보면,
​
단순히 돈을 더 벌 수 있다는 이유만으로
온라인 부업을 시작한 건 아니었던 것 같아요
​
저는 삶의 균형을 찾고 싶었고
시간이 주는 자유를 누리고 싶었으니까요
​
'돈도 중요하지만, 시간은 더 소중하다'
​
이 일은 단순히 수익을 올리는 방법을 넘어,
시간을 내 마음대로 쓸 수 있는 힘을 준다는 게
너무나도 메리트 있고
제 일상의 만족도를
200%
높여주고 있어요
♥
​
​
​
​
빵 종류가 너무 많아서 고를 때부터
난관에 봉착했었던,,,
​
그치만 식사 후에 방문한거라
크림빵이랑 쿠키로 타협하구
야무지게 먹어줬습니당 ^~^;
(나름 절제...)
​
​
​
​
​
​
여전히 출근길에 치이고
누군가가 시킨 일에 하루를 쓰고 있나요?
​
저는 이 글을 쓰는 목요일인
오늘도 집에서 편하게 일하다가
심심해서 육아하는 친구 불러다가
쇼핑 나들이 다녀왔어요.
​
시간을 어떻게 사용할지
이 차이는
‘능력’
이 아니라
‘선택’
의 문제예요
​
성공한 사람 곁에 있어야 성공한다는 말,
절대 농담이 아닙니다..?
​
망설이는 순간에도
다른 사람들은 이미 이런 삶을 누리고 있고,
​
질투만 하고 가만히 있으면
평생 그 자리에 머물 수밖에 없습니다
​
그냥 해야 합니다
​
지금 환경을 바꾸지 않으면
수입도, 당신의 인생도 절대 바뀌지 않아요
​
​
​
저 또한 지긋지긋한 가난에서 벗어나고자
'그 환경'
을 바꾸기로 결심하고
실행해낸 결과,
​
이제는 언제 어디서든 자유롭게
먹고, 쓰고, 입는 삶을 살고 있답니다
♥
​
​
​
​
​
저는 쇼핑만 하고 나오면
꼭 배가 고프더라고요?
ㅋㅋㅋㅋㅋㅋㅋㅋ
​
강남에 유명한 아시안 퓨전 음식점에서
내 사랑 어향가지와 면 요리들
푸짐하게 즐겨주고......
♥
(여기 예약 필수요!)
​
저녁엔 친구가 이대로 귀가하기 아쉽다며
(자유부인들 마음 너무 잘 알죠,,)
​
곱도리탕에 소주 땡긴다고 하셔서
냉큼 달려가서 적셔줬어요;
​
​
​
​
​
​
​
다음 날엔 숙취도 이겨낼 겸(?)
수요일 낮1시에
첫째 벤둥이 목욕 시켜주러
근처 셀프 세차장에 방문 했어요!
​
평일 대낮에 방문하면
차가 한 대도 없어서
마치 제가 전체 대관을 한 것만 같은
기분을 느낄 수가 있답니다?
ㅋㅋㅋㅋㅋㅋㅋ
​
차를 운전하시는 분들이라면
극공감하실 텐데,,
셀프 세차장은 주말이면
늘 북새통을 이룬다는 거...
​
만차라 들어갈 수 조차 없어서
입구에서 대기하는 게 당연하잖아요;
​
평일 낮 시간에 사람들이 없는
여유로운 세차장에서
기다림 없이 내 차를 관리할 수 있다는 것,
​
사람 없이 널널하니
디테일링까지 꼼꼼히 챙기며
성취감도 느낄 수 있구
​
깨끗해진 차를 바라보며
뿌듯함까지 즐기는
​
그야말로
'세차 = 힐링 타임'
공식이 되었어요 ㅋㅋㅋ
​
이 또한 온라인 부업이 주는
특별함과 장점이 아닐까 싶은데요!
​
분좋카에서 오랜만에 데이트도 뿌시구
즐거운 한 주 였습니다-!
​
​
​
​
​
​
​
​
이번 주는 약속도 많았고
신규 상담 문의가 넘쳐나서
운동에 많은 시간을
할애하지 못했기 때문에
​
살짝의 반성을 하며....(?)
다음 주 부터는 빡세게
운동 해보려고요 !
​
​
​
그나저나 신규 문의가
왜 이렇게 넘쳐나는지 아시는 분?!
​
왜 그러냐면요.....
​
얼마 전, 저희 플랫폼에서
대대적인 변화가 있었거든요
​
새로 도입된 신규 일감 2개를
소개해드릴게요 !
(9월부터 시행 예정)
​
​
​
① 제휴 쇼핑몰
​
​
​
바로 100여개 이상의 쇼핑몰과의
제휴 시스템을 통해
판매 성과가 발생하면 일정 비율의
수익을 얻을 수 있는 일감 입니다!
​
쉽게 말해서..?
​
내가 공유한 링크를 통해
누군가 상품을 구매하면
해당 금액의 일정 부분이
나의 수익으로 돌아오는 방식인거죠
​
​
​
제휴 범위 리스트는
위 이미지에서 확인하실 수",시간을 어떻게 사용할지 이 차이는 ‘능력’이 아니라 ‘선택’의 문제예요 성공한 사람 곁에 있어야... 없으셨기에 부업을 할 수 있을 지에 대한 고민이 많으셨던 분이었지만 저에 대한 무수한 후기글들을 보고...,기타,etc,blog,https://blog.naver.com/yololife_12/223978609743,20250821
blog_025,"AI 부업 성공 비법, 월 200만원 달성 후기 핵심 분석!","요즘 인공지능 기술의 발전으로
AI 부업
에 대한 관심이 뜨겁습니다.하지만 막상 시작하려니 막막함과 두려움이 앞서기도 합니다.이 글에서 실패 없이
AI 부업
으로 성공할 실질적인 방법을 알려드릴게요.
​
​
AI 부업으로 성공한 사람의 활기찬 모습
지금 AI 부업이 주목받는 이유
AI 기술은 빠르게 발전하며 우리 일상 깊숙이 들어왔습니다.
진입 장벽이 낮아지면서 누구나 쉽게 부업을 시작할 환경이 되었죠.
다양한 AI 기반 수익 활동이 생겨나 새로운 기회가 많아졌습니다.
​
AI 부업의 성장 가능성을 보여주는 아이콘
AI 부업 시작 전, 이것만은 꼭 알아야 할 것
성공적인
AI 부업
을 위해서는 철저한 준비가 필요합니다.
​
AI 부업 준비물을 나타내는 3D 아이콘
무작정 시작하기보다 자신에게 맞는 분야를 찾는 것이 중요해요.
꾸준히 배우고 실행하는 자세가 무엇보다 핵심입니다.
🔥핵심 한 줄: AI 부업은 꾸준한 학습과 실행이 성공을 좌우합니다.
​
AI 부업으로 수익이 성장하는 모습
많은 분들이 빠른 수익을 원하지만, 장기적인 관점으로 접근해야 합니다.
꾸준히 자신의 기술을 연마하고 시장 변화에 민감하게 반응해야 해요.
작은 성공들이 모여 큰 결과로 이어질 거예요.
AI 부업 종류별 수익 극대화 전략
AI 콘텐츠 제작, AI 디자인, AI 번역, AI 가상 비서 등 다양한
AI 부업 종류
가 있습니다.
​
AI 부업의 다양한 종류를 보여주는 이미지
자신에게 맞는 분야를 선택하고 틈새시장을 공략하는 것이 중요해요.
자동화 도구를 적극 활용하면 효율성을 높일 수 있습니다.
✅체크리스트:
​
성공적인 AI 부업을 위한 필수 확인 사항
> 자신에게 맞는
AI 부업
을 찾았는가?
> 꾸준히 배울 준비가 되어있는가?
> 현실적인 수익 목표를 설정했는가?
월 200만원 수익 달성을 위한 실전 노하우
​
AI 부업으로 고수익을 올리는 비법
성공적인
AI 부업 후기
를 보면 공통점이 있습니다.
바로 꾸준한 실행과 나만의 차별화입니다.
AI가 만든 결과물에 개인의 경험과 창의성을 더해야 합니다.
고객 중심 사고로 접근하고, 트렌드를 놓치지 마세요.
새로운 기회를 잡는 당신의 한 걸음
AI 시대는 우리에게 새로운 부업의 기회를 제공합니다.
두려워 말고 지금 바로 시작해보세요.
꾸준함과 학습이 있다면 분명 좋은 결과가 있을 것입니다.
이 글이 여러분의 성공적인
AI 부업
여정에 작은 도움이 되기를 바랍니다.
​
#AI부업
#인공지능부업
#부업추천
#재택부업
#수익창출
#온라인부업
#AI활용
#AI활용
#AI이미지활용
​",월 200만원 수익 달성을 위한 실전 노하우 AI 부업으로 고수익을 올리는 비법 성공적인 AI 부업 후기를 보면 공통점이 있습니다. 바로 꾸준한 실행과 나만의 차별화입니다. AI가 만든 결과물에 개인의 경험과...,기타,etc,blog,https://blog.naver.com/sjsskdp79/224201846637,20260302
blog_026,재택알바부업 월300만 성공 후기가 많은 곳 추천,"재택알바부업 월300만 성공 후기가 많은 곳 추천
​
​
​
​
​
​
안녕하세요
오늘은 많은 분들이 궁금해하는
재택알바부업 이야기를 들려드릴까 해요
​
​
30대후반 육아맘이자
16년차 블로그를 운영
​
하고 있는데요
​
​
그 동안의 경험으로
저도 처음에는
""정말 집에서 글쓰기로 돈이 될까 ?""
하는 의문이 많았는데
​
​
이제는 블로그 글쓰기 알바만으로
실랑월급 이상의 수익을 벌고 있고
​
​
심지어 몇 배까지고 가능한 현실을
직접 경험하고 있답니다
​
​
​
​
​
​
1, 우선 재택알바부업이란 ? 어떻게 돈이 될까 ?
​
​
교육문의를 받아보면
많은 분들이 궁금해하시는
블로그 수익 구조는 사실 복잡하지 않아요
​
​
쉽게 말해 글쓰기 재택알바부업인데요
​
​
​
​
​
​
본사에서 제공하는 원고와 이미지를
그대로 가이드에 맞게 블로그에 발행하는 방식이에요
​
​
그래서 왕초보도 어렵지 않게
바로 시작할 수 있다는 장점이 있고
​
​
광고 수익 구조가 안정적이라
꾸준히 하면 누구나 매일 매달 성과를 낼 수 있어요
​
​
​
​
​
​
​
실제로
✅
40대 직장인분
이 도전해서
첫 달 300만 원 재택알바성공 후기
를 남겨주셨고
​
​
최근에는
✅한 달 동안
무려 6명이나
이런 성공후기의 결과를 내셨답니다
​
​
​
​
​
​
2, 재택알바성공 사례 , 현실 인증 후기
​
​
6월 7월 8월 ➡️3개월 연속
​
​
많은 왕초보분들이
단순히 포스팅만 했는데
첫 달 100만 + 보너스 100만
=
200만 적립완료
​
​
또 다른 분은
200만 벌고 + 200만 보너스
= 400만 까지
가져가신 성공후기가 있는데요
​
​
​
​
​
저 역시
✅
주급 300만 입금받고
또 190만 출금 신청 완료 🤑
​
​
이런 인증 후기를 보면
""이거 진짜 되는 거구나 "" 싶은 거죠
​
​
​
​
​
​
8월엔
➡️20대 후반 직장인 후배가
하루 70만 수익을 적립
하기도 했고
​
​
​
7월에 가입하주신
➡️40대 중반 멘티님도
하루 10만 유입성공
부업후기
​
​
​
​
​
​
​
30대 주부님이
집에서 아이 돌보며 시작해
​
​
💸하루 7만 , 11만 ,
벌어갔다는 부업후기를 공유해 주셨는데
​
​
"" 살림하면서도 안정적으로 돈이 벌리니
너무 뿌듯하다 "" 하시더라고요
​
​
​
​
​
​
3, 왜 재택알바부업이 인기일까 ?
​
​
⭐
30대 육아맘
도
살림하면서 가능하고
​
​
⭐
40대 주부
도
직장 다니면서 부수입 병행 가능하며
​
​
⭐
직장인도 주말알바
느낌으로 투잡알바가 가능해
​
​
공통된 이유는 바로
​
​
🔽
🔽
🔽
​
​
안전하고 확실하게
돈을 벌 수 있다는 점이에요
​
​
​
특히 직장인분들 사이에서
""직장인부업추천 1순위""
로 꼽히는 이유는
​
​
시간 제약 없이 집에서 할 수 있고
재택알바후기를 보면 확실한 성과가
눈에 보이기 때문이에요
​
​
​
​
​
4, 최근 3개월 간 재택부업후기 모아보니 .....
​
​
"" 첫 달부터 300만 벌었어요 ""
"" 하루 10만 원 승인 대기 문자만 봐도 행복해요 ""
​
​
"" 처음엔 어렵지 않을까 걱정했는데
생각보다 간단해서 무제한으로 할 수 있더라고요 !""
​
​
​
이런 재택알바성공 후기가
매일 업데이트되고 있어요
​
​
​
저처럼 4년 넘게
꾸준히 하는 분들이 많은 이유
바로 본업보다 더 큰 수익이 가능
하기 때문이에요
​
​
​
​
​
5, 20대 사년초년생부터
30대 40대 50대 재택알바부업 성공 비결은?
​
​
사실 비결은 단순해요.
​
​
👉 꾸준함 + 올바른 방법
​
​
정회원 계약을 맺고
안정적으로 일감을 받아
하루 조금씩만 투자해도,
시간이 쌓이면 성과는 확실하게 따라옵니다.
​
​
​
​
​
​
​
현재 한자리에서
본사 대표 교육멘토
로 활동하며
1:1 원격 교육과 실전 노하우
까지 전달해드리고 있어요.
​
​
덕분에 재택알바후기 속
성공 사례가 끊임없이
나오고 있답니다.
​
​
​
​
​
​
어제보다 오늘,
오늘보다 내일이 더 기대되는 이유는
바로 여기에 있어요.
​
​
혼자가 아닌 함께 도전하고,
​
​
같이 성장하는 부업
이게 바로 재택알바부업의 매력 아닐까요?
​
​
망설이지 마시고,
저와 함께 시작해 보세요.
​
​
👉 첫 달 300만,
그리고 그 이상의 재택알바성공은 이미 현실이랍니다!
​
​
​
​
* 초기비용 있어요 *
*등급비용 확인해 주신후 교육문의 부탁🙏""
​
​
​
카카오오픈톡 교육문의 바로바기 클릭
🏆드림투유 본사 공식 등재 공로상 수상🏆교육 멘토
1:1 맞춤 원격교육 ! 수익이 발생 할수 밖에 없는 시스템 제공!
open.kakao.com
​
​
무료회원가입으로
본사교육상담&가입문의 바로가기 클릭
​
http://dmtu-wd.kr/younhamom
​
​
#재택알바부업
#재택알바성공
#재택알바후기
#재택부업후기
#30대후반주부
#직장인부업추천
#블로그수익인증
#재택근무부업
#주부투잡
#직장인투잡
#글쓰기부업
#드림투유
#헬로우드림
#인플즈
#리픽
#노바웨이브
#아로니티
#드림투유초보
​
​
​
​
​
​
​
​
​
​
​
​
​
​
​
​
​
​
​
​
​
​
​
​
​
​
​
​
​
​
​
​
​
​
​
​","유입성공 부업후기 30대 주부님이 집에서 아이 돌보며 시작해 하루 7만 , 11만 , 벌어갔다는 부업후기를 공유해 주셨는데 "" 살림하면서도 안정적으로 돈이 벌리니 너무 뿌듯하다 "" 하시더라고요 3, 왜...",기타,etc,blog,https://blog.naver.com/hanzhengy/223976997467,20250820
blog_027,레진아트 키링 배워서 부업 성공 후기,"​
""업체로부터 소정의 수수료를 지급받고 작성한 글입니다""
​
​
요즘 학생들보면 가방에
레진아트 키링, 인형키링을 주렁주렁
달고다니더라구요 ㅎㅎ
​
귀여운 디자인이 많아서
저도 가방에 포인트 줄 겸
달아보고 싶어서 알아봤는데요.
​
레진아트 키링 검색하다가
만드는 방법까지 알아보게 되었고
이걸 계기로 지금은 판매로
부업까지 하고 있어요 ㅎㅎ
​
키링은 학생들뿐만 아니라
성인들에게도 인기가 많은데요.
가방, 핸드폰, 차키, 지갑 등
어디든 달고 다니면서 개성을 뽐낼 수 있죠:)
​
​
​
​
​
요즘 특히 활용도가 높다보니
수요가 많고 한 번 잘 배워두면
부업 아이템으로 쏠쏠하게
수익 버는게 가능하답니다:)
​
그래서 오늘은 제가 레진아트 키링 배워서
수익낸 꿀팁을 공유해드릴게요
​
​
​
​
​
​
처음엔 공방에서 배워야 하나 싶었는데
온라인 강의를 발견했고
커리큘럼도 탄탄하고 수강생 혜택도 좋아서
이곳에서 배우게 되었어요.
​
수공예를 전문적으로 다루는 곳이라
레진아트외에 40가지 이상의 수공예 과목이
개설되어 있었고요.
​
이미 많은 수강생 분들이 지원 받고
수익활동 하고 계신걸 보고 신뢰 할 수 있었어요.
​
​
​
​
​
​
40가지 이상의 수공예중에서
원하는과목을 선택해서 배우면 되는데요
저는 레진아트 키링 만들고 싶어서
레진아트부터 수강을 시작했어요
​
다른 과목도 언제든지 추가로
수강이 가능해서 좋았어요!
​
비용 추가 되지 않고 무료로 수강 할 수 있으니
다양하게 배워보기 좋은 곳이죠 ㅎㅎ
​
강의는 창업 및 부업 과정이라
실무관련 노하우까지 배울 수 있었고요
​
단순하게 취미로만 배우고 끝이 아니라
수익활동에 대해서 꼼꼼하게
도움을 받을 수 있었어요
​
​
​
​
​
​
강사님이 전문적으로 설명도 잘 해주셨고
커리큘럼도 탄탄해서 강의는
정말 만족스러웠어요.
​
기본기를 제대로 익히면서 차근차근
난이도를 높여가니까 실력이 생각보다
빠르게 늘더라구요:)
​
처음 등록한 과목에 한해서는
초도세트를 무료로 제공해주셔서
레진아트 키링 및 작품 제작 할 때 필요한
재료, 도구를 모두 제공받고 배웠어요
​
초도세트에는 uv램프도 포함되어 있었어요
은근 값이 나가는데 재료비 아끼기에도 좋았어요
​
​
​
​
레진아트 키링은 uv레진, 크리스탈 레진으로
제작이 가능한데요
​
두 가지와 함께 플루이드 레진이라고
물이 흐르는 듯한 느낌을 내는
작품제작 방법도 배울 수 있도록
커리큘럼에 포함되어 있었어요
​
강의는 보시다시피 1인칭 시점으로
제작되어 있어서 배우는데 어렵거나
헷갈리지 않고 재미있게
배울 수 있었어요.
​
​
​
​
​
강의를 진행해주시는 강사님은
실제로 공방을 운영하시면서
클래스와 판매 경험이 많으신 분이라
실제 노하우까지 모두 알려주셨고요
​
인기있고 판매가 잘 되는 작품 위주로
커리큘럼이 구성되어 있어서
배우는 작품마다 바로 판매하기가 좋았어요
​
다 배우고 끝이 아니라 트렌드를 반영한
새로운 강의가 꾸준히 업로드 되서
트렌드를 빠르게 파악하면서
판매를 계속 이어갈 수 있는 점도
만족스러웠어요:)
​
​
​
​
다 배워서 자격 취득한 후에는
교육기관에서 제공해주는 수강생 전용 쇼핑몰을
통해서 제가 만든 키링 및 악세사리,
소품을 판매 할 수 있었는데요.
​
수강생들은 입점료, 수수료 없이
무료로 이용 할 수 있는 사이트라서
부담없이 도전 할 수 있었고요
​
​
​
​
​
결제, 정산, 판매, 고객응대,
수강생 관리까지 다 알아서 처리를 해주니까
저는 주문 들어오면 정성껏 레진아트
작품 제작해서 배송해드리는 일에만
집중하고 있어요.
​
생각보다 레진아트 소품이
인기가 많아서 주문이
꾸준히 늘어나고 있고 수익도
쏠쏠하게 벌고 있어요!
​
​
​
​
​
​
평소에 레진아트 관심있었거나
수공예 배워서 창업, 부업, 취업에
도전해보실 분들은 제가 배운 곳
적극추천해드릴게요!
​
아래 링크 클릭하셔서 자세한 정보
확인해보시고 도움 받아가세요^^
​
​
​
레진아트 전문과정 자세하게 알아보기>>>
​
​
​",레진아트 키링 검색하다가 만드는 방법까지 알아보게 되었고 이걸 계기로 지금은 판매로 부업까지 하고... 배워두면 부업 아이템으로 쏠쏠하게 수익 버는게 가능하답니다:) 그래서 오늘은 제가 레진아트 키링...,기타,etc,blog,https://blog.naver.com/watergilr/223760242354,20250217
blog_028,편하게 돈 벌기! 재택부업 성공 후기,"​
​
안녕하세요~
오늘은 제가 직접 경험한 재택부업 이야기를 들려드릴게요.
​
누구나 편하게
​
코로나 이후로 재택근무가 익숙해지면서 자연스럽게 부업을 찾게 되었는데요. 저는 에이전트 부업을 시작하게 되었답니다!
​
​
[부업을 시작한 계기]
​
제가 원래 회사원으로 일하면서 나름 성실히 생활했지만, 월급만으로는 여유롭지가 않더라고요. 😅
​
​
‘장소와 시간에 구애받지 않고 할 수 있는 부업이 뭐가 있을까?’ 고민하다가 우연히 알게 된 게 바로 이 부업이었어요.
​
​
간단한 데이터 관리와 고객 문의 대응 업무가 주요 내용이라, 컴퓨터와 인터넷만 있으면 어디서든 일할 수 있더라고요.
​
[재택부업을 하면서 느낀 점]
​
제가 이 일을 하면서 가장 좋았던 건 유연한 근무 시간이었어요! 아침에 커피 한 잔하면서 여유롭게 일 시작~
​
​
그리고 점심 먹고 낮잠까지 한숨 자고 나서도 일할 수 있다는 점이 정말 좋았답니다.
​
​
특히나 제 주변에는 아이를 돌보면서도 이 부업을 하시는 분들이 많았어요. 진짜 생활 속에서 추가 수입을 만들기에 딱이라는 생각이 들더라고요.
​
​
​
[수입은 얼마나 되나요?]
​
이게 가장 궁금하시죠? 솔직히 처음 한 달은 적응하느라 수입이 많진 않았어요. 한 30만 원 정도 벌었는데요,
​
​
두 달째부터는 일을 능숙하게 처리하면서 80만 원 이상 벌게 됐답니다! (대박이죠?ㅎㅎ) 꾸준히 하면 월 100만 원도 가능하다는 걸 알게 되었어요.
​
​
수입도 수입이지만, 제가 좋아하는 시간에 자유롭게 일할 수 있다는 게 정말 매력적이에요.
​
​
​
부업의 장점
​
장점:
​
1. 시간 자유 - 제가 원하는 시간에 일할 수 있어요!
​
​
2. 장소 제약 없음 - 집, 카페, 심지어 여행지에서도 가능!
​
​
3. 일이 간단 - 전문 지식이 없어도 시작 가능해요.
​
​
​
​
[추천드리는 이유]
​
이 부업을 하면서 느낀 건, 정말 일상에 여유를 더할 수 있다는 거였어요. 시간과 장소에 구애받지 않고, 제가 원하는 만큼만 일할 수 있다는 점에서 저와 같은 직장인이나 주부들에게 딱이더라고요!
​
​
혹시라도 부업을 고민 중이시라면, 에이전트 부업 꼭 추천드리고 싶어요. (진심 내돈내산 후기예요~ ㅎㅎ)
​
재택부업시작
​
​
​
읽어주셔서 감사합니다!
다들 부업 성공하시고, 여유로운 일상 보내세요~ 🥰","혹시라도 부업을 고민 중이시라면, 에이전트 부업 꼭 추천드리고 싶어요. (진심 내돈내산 후기예요~ ㅎㅎ) 재택부업시작 읽어주셔서 감사합니다! 다들 부업 성공하시고, 여유로운 일상 보내세요~",기타,etc,blog,https://blog.naver.com/uooo123675/223681495484,20241203
blog_029,공구하이 부업 성공후기! 블로그부업으로 수익화 성공,"블로그를 단순 취미로만 하던 제가
공구하이
를 알게 된 건 정말 큰 전환점이었어요. 처음에는 반신반의했지만, 꾸준히
블로그부업
을 병행하면서 생각보다 빠르게 수익이 나기 시작했고, 지금은 매달 고정적인
부가수익
까지 생겼답니다😊
공구하이
는 정말 시스템이 탄탄해서, 아무것도 모르는 초보자도 차근차근 따라가다 보면 자연스럽게
온라인수익화
가 가능한 구조예요. 저는 특히
퀴즈, 포스팅 수익
으로 초반부터 성과가 나서 동기부여가 팍 됐고요, 이후엔 공구마켓 쪽으로도 도전 중이에요.
특히 2인 멘토제라서 언제든지 질문하고 피드백 받을 수 있었고, 교육자료도 평생 열람 가능해서 저처럼
육아맘
이나
직장인 부업
으로 하시는 분들께도 정말 딱이에요.
실제로 제 주변에서도
공구하이
시작하신 분들이 점점 늘고 있고요!
디비팡
시스템도 잘 갖춰져 있어서 자료 찾느라 시간 낭비할 일도 없고, 잘하시는 사장님들 성과를 보며 자극도 받아요.
실시간으로 업데이트되는 판매 순위와 성공후기를 보며 '나도 할 수 있다'는 마음으로 계속 달리고 있어요🔥
지금까지 해본 부업 중에 가장 체계적이고 결과가 빠르게 나타나는 곳이라
인스타공구마켓
,
블로그부업
고민 중이라면
공구하이
정말 추천드려요!
공구하이
는
판매 자동화 시스템
이 너무 잘 되어 있어서, 일일이 DM 응대하지 않아도 되고,
개별 링크
만 공유하면 바로 판매 연결이 가능하다는 점도 큰 장점이에요.
시간 절약은 물론, 초보자도 쉽게 수익화를 할 수 있도록 도와주는 시스템이에요. 그리고
공구하이 교육카페
는 평생 열람이 가능해서, 언제든지 복습하며 내 속도에 맞춰 배울 수 있다는 것도 너무 좋아요.
저는 지금도 열심히 배우면서 판매 경험을 쌓고 있고, 실제로 첫 판매 성과를 낸 후에는 자신감이 훨씬 커졌어요.
마지막으로 사진이 어렵게 느껴질수 도 있겠지만 공구진행시 금손 사장님이 올인워능로 완성본까지 받아볼 수 있어 도움이 정말 크답니다. 누군가에게는 도전이겠지만,
공구하이
와 함께라면 그 도전이 곧
기회
가 될 수 있다는 걸 매일 느끼고 있어요 .
​
​
★상담문의 오픈챗 주소★
궁금하신것 무엇이든 아래 채팅 남겨주세요~! 자세한 상담 도와드릴께요:)
http://pf.kakao.com/_YvxdzG/chat
​
#공구하이
#공구하이멘토
#공구마켓
#블로그부업
#재택부업
#타이핑부업
#부가수익
#인스타공구마켓
#무료교육
#슬립업
#봉블리
#슈블랑
#인스타교육
#유누옷장
#공구마켓성공기
#공구마켓후기",실시간으로 업데이트되는 판매 순위와 성공후기를 보며 '나도 할 수 있다'는 마음으로 계속 달리고 있어요 지금까지 해본 부업 중에 가장 체계적이고 결과가 빠르게 나타나는 곳이라 인스타공구마켓...,블로그,content-sns,blog,https://blog.naver.com/magic1403/223840731164,20250420
blog_030,AI 플레이리스트로유튜브 강의 듣고직장인 육아맘 부업 성공,"안녕하세요! 😊
요즘 물가는 오르고
내 월급만 제자리라
속상한 분들 많으시죠?
특히 아이 키우는
육아맘이나 직장인은
시간 내기가 참 힘든데,
최근에 정말 대박인
정보를 알게 되어서
공유해 드리려고 해요! 💖
바로
제이린쌤 무료강의
를
통해 알게 된
AI 음악 수익화인데요!
저처럼 유튜브 부업에
관심은 있지만 영상 편집이
막막했던 분들에게는
정말 한 줄기 빛 같은
강의였답니다. ✨
​
https://1772516998110806.dbcart.net/
AI로 만든 음악으로 월 1600만원 버는 노하우!_제이린쌤 (REVU)
AI로 만든 음악으로 월 1600만원 버는 노하우!_제이린쌤 (REVU)
1772516998110806.dbcart.net
🎵 믿고 듣는
제이린쌤 이력!
강의를 듣기 전에는
'AI로 음악을 만든다고?'
하며 반신반의했거든요.
그런데 강사님 이력을 보니
입이 떡 벌어지더라고요! 😲
제이린쌤
은 무려
137곡의 저작권을 등록한
베테랑 프로듀서예요.
게다가
엑소, NCT,
트와이스, 김세정
등
이름만 대면 다 아는
국내 톱 아이돌들과
협업한 실력파랍니다! 🎤
2009년부터 지금까지
작곡가 겸 가수로
활동 중인 진짜 전문가가
알려주는 노하우라니,
이건 무조건 들어야죠!
🤖 AI로 작곡부터
작사까지 한 번에!
음악의 '음'자도 모르는
저 같은 일반인이
어떻게 음악을 만드나
걱정부터 앞섰는데요. 💦
제이린쌤 무료강의
를
듣고 나니 고민 해결!
AI가 작사부터 작곡까지
전부 다 해주더라고요.
심지어 자동화 프로그램이
있어서 AI가 음악을
100곡이나 뚝딱
만들어준다는 사실이
너무 신기했어요! 🎹
복잡한 화성학 몰라도,
악기 연주 못 해도
AI 음악 만들기
만 알면
누구나 나만의 곡을
가질 수 있답니다. 👍
💰 일반인도
음악으로 돈 번다?
가장 놀라웠던 건
실제 수강생분들의
엄청난 성과였어요! 💸
공황장애로 직장 생활이
힘드셨던 40대 분은
40일 만에 1,700만 원을,
군인 출신 50세 수강생은
단 2달 만에 2,300만 원의
수익을 내셨대요.
이 외에도 정말 많은
분들이
AI 유튜브 채널
로
짭짤한 수익을
인증하고 계시더라고요.
나만 모르고 있었나
싶을 정도로 열기가
대단했답니다! 🔥
더 자세한 성과들은
무료특강 신청 페이지에서
직접 확인해 보세요!
🎁 참여만 해도
60만 원 상당 혜택!
지금 강의에 참여하면
퍼주는 혜택도
진짜 어마어마해요. 🎁
무려 60만 원 상당의
AI 작곡 프롬프트
와
유튜브 플레이리스트
수익화 비법 전자책
을
그냥 무료로 준대요!
부업 시작할 때
가장 막막한 게
가이드라인인데,
이 자료들만 있어도
절반은 성공인 거죠. 😍
✨ 직접 들어본
생생한 강의 후기
(1) 듣게 된 계기
매달 나가는 카드값에
월급만으로는 부족해서
추가 수입이 절실했어요.
평소 유튜브 부업에
관심은 있었지만
얼굴 노출은 부담스럽고,
마침 요즘 핫하다는
AI 음악 수익화를
접하게 되었답니다. 🎧
(2) 강의의 특장점
일단 내가 만든 음악이라
저작권이 본인 소유예요!
그래서 채널 삭제
걱정이 전혀 없더라고요.
무엇보다 놀라운 건 수익!
쇼츠는 단가가 낮지만,
이건 수익당 단가가
무려 300배 차이래요!
(0.01원 vs 300원) 📈
글로벌 타겟으로
롱폼 채널을 운영하니
수익 확장성이
정말 무궁무진하고,
시청 지속시간이 길어
조회수 수익이
정말 잘 나온답니다.
(3) 이런 분들께 추천!
평소 노래 듣는 걸
세상에서 제일 좋아하는 분!
육아나 직장 때문에
집에서 할 부업 찾는 분!
퇴근 후 자투리 시간
알차게 쓰고 싶은 분!
음악 지식 없어도
유튜브 강의
만 따라가면
누구나 수익화가
가능하다는 게
가장 큰 매력이에요. ✨
여러분도 고민만 하다가
황금 같은 기회
놓치지 마시고,
일단 무료강의부터
신청해서 들어보세요!
우리 같이 똑똑하게
돈 벌어서
여유로운 생활
시작해 봐요! 홧팅! 🥰
​
https://1772516998110806.dbcart.net/
AI로 만든 음악으로 월 1600만원 버는 노하우!_제이린쌤 (REVU)
AI로 만든 음악으로 월 1600만원 버는 노하우!_제이린쌤 (REVU)
1772516998110806.dbcart.net
#제이린쌤AI플레이리스트
#유튜브강의
#직장인육아맘부업
#사이클해커스무료강의
#제이린쌤무료강의
#AI유튜브채널
#AI음악만들기
​","부업 시작할 때 가장 막막한 게 가이드라인인데, 이 자료들만 있어도 절반은 성공인 거죠.  ✨ 직접 들어본 생생한 강의 후기 (1) 듣게 된 계기 매달 나가는 카드값에 월급만으로는 부족해서 추가 수입이...",유튜브,content-sns,blog,https://blog.naver.com/oolool_/224219429680,20260317
blog_031,초기비용 없는 주부 재택부업 성공! 하루 5만원 달성 후기,"[본문]
​
안녕하세요! 육아와 살림에 지쳐있던 평범한 주부입니다. 😭 최근 물가 상승으로 팍팍해진 살림살이에 조금이나마 보탬이 되고자
재택부업
을 시작했고, 지금은
하루 5만원
이라는 놀라운 수익을 달성하게 되었습니다! 🎉 저처럼
초기비용 없이
집에서 편하게 돈을 벌고 싶어하는 분들을 위해 솔직 담백한 후기를 공유합니다. 혹시
주부 재택부업
을 알아보고 계셨다면, 이 글이 조금이나마 도움이 되셨으면 좋겠습니다.
1. 주부 재택부업, 왜 시작했을까? (재택알바)
결혼 전에는 나름 잘 나가는 직장인이었지만, 아이를 낳고 육아에 전념하면서 경력이 단절되었어요. 다시 사회생활을 시작하고 싶었지만, 아이를 맡길 곳도 마땅치 않고, 무엇보다 아이 곁을 떠나고 싶지 않았습니다. 😔 그러던 중, 우연히
재택알바
로 짭짤한 수익을 올리는 주부들의 이야기를 접하게 되었고, 저도 용기를 내어 도전을 결심하게 되었습니다. 특히,
2026 트렌드
에 맞는 유연한 근무 형태라는 점도 매력적으로 다가왔죠.
​
*구체적인 예시
:
​
물가 상승으로 인한 생활비 부담 증가 (식비, 교육비 등)
​
경력 단절로 인한 경제적 어려움
​
아이 양육과 병행 가능한 일자리 필요
​
2. 나에게 맞는 재택부업 찾기 (SNS 부업)
처음에는 어떤
재택부업
을 해야 할지 막막했습니다. 설문 조사, 블로그 포스팅, 앱테크 등 다양한 종류가 있었지만, 시간 대비 효율이 좋지 않거나, 초기 비용이 발생하는 경우가 많았습니다. 😭 그러던 중, 지인의 소개로
SNS 부업
을 알게 되었고, 초기 비용 없이 스마트폰 하나로 시작할 수 있다는 점에 끌려 바로 시작하게 되었습니다.
​
*SNS 부업 선택 이유
:
​
초기 비용 없음
​
스마트폰 하나로 언제 어디서든 가능
​
시간 제약 없이 자유롭게 작업 가능
​
3. SNS헬프 & 뷰업 활용법 (추천인 제도)
제가 현재 하고 있는
SNS 부업
은 크게 두 가지 플랫폼을 활용합니다.
​
SNS헬프
: 지인이 SNS헬프 추천인 제도를 통해 꾸준히 부수입을 얻고 있다는 것을 알게 되어 시작했습니다. 추천인 링크를 통해 가입하면 추가적인 혜택을 받을 수 있고, 활동량에 따라 수익이 발생합니다. 동료의 추천으로 시작하게 되었는데, 생각보다 쏠쏠한 수입에 만족하고 있습니다.
​
뷰업
: 뷰업은 SNS 계정(인스타그램, 유튜브, 페이스북 등)을 연동하여 팔로우, 좋아요, 댓글 작성 등의 활동을 통해 포인트를 적립하고, 현금으로 환전하는 방식입니다. 특히 자동 적립 기능을 활용하면 시간을 절약하면서 꾸준히 수익을 올릴 수 있습니다. 한 달 동안 꾸준히 이용하면 10만원대의 부수입을 얻을 수 있다고 합니다.
​
*뷰업 활용 팁
:
​
자동 적립 기능을 적극 활용하여 시간 절약
​
틈틈이 댓글 작성으로 추가 포인트 적립
​
​
고객센터 1
: 1 문의를 통해 궁금증 해결
4. 주부 재택부업, 성공 노하우 (앱테크)
*주부 재택부업으로 성공하기 위해서는 꾸준함과 끈기가 가장 중요합니다. 처음에는 수익이 미미할 수 있지만, 포기하지 않고 꾸준히 노력하면 분명 좋은 결과를 얻을 수 있습니다. 또한, 자신에게 맞는 플랫폼과 방법을 찾는 것도 중요합니다. 저는 앱테크를 통해 자투리 시간을 활용하여 꾸준히 수익을 올리고 있습니다.
​
*성공 노하우
:
​
매일 꾸준히 작업하기 (1시간 이상)
​
다양한 플랫폼을 활용하여 수익 극대화
​
​
커뮤니티 활동을 통해 정보 공유 및 동기 부여
​
지금까지 저의
주부 재택부업
성공 후기를 공유해 드렸습니다. 저도 처음에는 반신반의했지만, 지금은 어엿한 '디지털 노마드'가 되었답니다! 😊 여러분도 용기를 내어 도전해 보세요! 혹시 더 궁금한 점이 있다면 언제든지 댓글로 문의해주세요.
​
*지금 바로 시작하세요!
FAQ
Q
: 초기 비용이 정말 없나요?
​
A
: 네, 제가 소개한 방법은 초기 비용이 전혀 없습니다.
​
​
Q
: 얼마나 벌 수 있나요?
​
A
: 개인의 노력에 따라 다르지만, 꾸준히 하면 월 30만원 이상도 가능합니다.
​
Q
: 어려운 작업은 없나요?
​
A
: 아니요, 대부분 간단한 작업이라 누구나 쉽게 할 수 있습니다.
해시태그
서울재택부업 #강남재택부업 #부산재택부업 #대구재택부업 #인천재택부업 #광주재택부업 #대전재택부업 #울산재택부업 #주부재택부업 #대학생재택부업 #SNS헬프 #뷰업 #추천인부업 #팔로우부업 #좋아요부업 #댓글부업 #앱테크 #2026트렌드 #디지털노마드 #재택알바
이렇게 오늘은 [수익인증] 초기비용 없는 주부 재택부업 하루 5만원 달성 후기에 대해 자세히 알아봤는데요. [수익인증] 초기비용 없는 주부 재택부업 하루 5만원 달성 후기를 처음 접하시는 분들께 도움이 되었길 바래요!
​
#[수익인증]초기비용없는주부재택부업하루5만원달성후기 #[수익인증]
#초기비용
#없는
#주부
#재택부업
#하루
#5만원
#달성
#후기","주부 재택부업, 성공 노하우 (앱테크) *주부 재택부업으로 성공하기 위해서는 꾸준함과 끈기가 가장... 재택부업 성공 후기를 공유해 드렸습니다. 저도 처음에는 반신반의했지만, 지금은 어엿한 '디지털 노마드...",기타,etc,blog,https://blog.naver.com/qudxoo7/224106505918,20251211
blog_032,"온라인부업의 정답, 엠포켓!... 4억 탑티어 가은팀 리얼후기","​
​
​
안녕하세요 여러분! 마케팅 경력 8년차,
온라인수익 전문 멘토 엠포켓 가은입니다🙂
​
요즘은 부업이 선택이 아니라
필수가 되어버린 시대라 다들
많은 관심을 보이시는 것 같아요!
​
그러다 최근 공식적으로 해당 플랫폼에
합류하게 되면서 이 플랫폼이 가진
강점을 확실히 느끼고 있어요👍🏼
​
그래서 오늘은 제가 왜 이 플랫폼을
선택했는지 그리고 어떻게 수익을
만들 수 있는지 솔직하게 알려드리려고 해요❤️
​
​
​
​
​
​
아시는 분들은 이미 아시겠지만
제가 집에서 4억을 벌고 있다는 거❤️
알고 계시죠?😆
​
지난주에는 교육생분들과 함께
레스토랑에서 미리 연말 분위기 내며
미팅 겸 송년회(?)를 즐겼어요 🥂✨ 히히
​
처음에 고민 많았던 순간부터
지금 수익이나 미래 계획 이야기도
나누면서 같이 성장해 나가는게
너무 재미있어요! 🥰
​
​
​
​
​
​
이번 주에는 따뜻한 온수풀이 있는
풀빌라 여행 다녀왔구요✨
풀빌라에서 휴가 보내면서,
틈틈이 일해도 135만원!❤️
​
너무 꿀이죠?😖
​
​
​
​
​
​
<📌온라인수익 실제 입금내역, 절대 조작 X>
​
많은 분들이 가장 많이 물어보는
질문이 있어요. 왜 하필 그 많은 플랫폼
중에서 엠포켓을 선택했는지 말이죠!
​
저는 온라인수익만으로
실제 입금기준 4억이상의
수익을 만들어왔어요❤️
​
그 과정에서 온갖 종류의
부업 모델을 여럿 경험해 봤는데요,
그러다 보니 이제 될 일은
딱 보면 알아요! ㅎㅎ
​
​
​
​
​
​
요즘 네이버 리뷰어나 쿠팡파트너스
같은 부업도 많이들 하시는데요!
팔로워수 기준이 높고 영향력이
없으면 제대로 수익을 내기 너무
어렵거든요 🥲
​
사실, SNS 팔로워 100명도 만들기
어려운 분들이 많잖아요😢
​
협찬 하나 받으려면 팔로워 수천 명은
기본이고 일반인들은 거의 도전조차
하기 힘든 경우가 많아요😥
​
그런데 지금 제가 하는 일은 그런 기준,
즉 장벽이 전혀 없어요! 그냥 초보자도
편하게 시작할 수 있는 구조라
진짜 현실적인 부업 플랫폼이랍니다!❤️
​
​
​
​
​
​
요즘 인스타수익, 온라인수익, 공구,
부업 등 다양한 수익화 방법이 있는데
모두 다 홍보와 많은 팔로워,
조회수를 필요로 하죠?
​
그런데 제가 하는 일은
📌이런게 전~혀 필요가 없어요!
​
위에 상품 목록에서 상품 선택 후
신청하기만 하면 제품 받고,
후기 영상 제출하면 끝이랍니다!🫢
​
너무 간단하죠?👍🏼
​
​
​
​
​
​
특히 엠포켓이 특별한 이유는
다양하고 확실한 수익의 일감들이
준비되어 있어요.
​
▪️제품 협찬 일감
▪️AI기반 원고일감
▪️인스타 복붙일감
​
그리고 무엇보다
📌리스크가 완전 제로라는 점이에요!
​
▪️제품 구매할 필요 없음
▪️내가 판매할 필요 없음
▪️단순 반복 작업으로 손쉽게 수익화!
▪️직접 글 작성할 필요 없음
▪️SNS 홍보 필요 없음
▪️신상 노출 필요 없음
▪️핸드폰으로도 틈틈이 가능
​
​
​
​
​
​
❤️경력단절 육아맘도 하루 20만원❤️
​
경력단절로 집에서 육아만 하시던 분들도
하루 20만원까지 빠르게 수익내시구요!
​
​
​
​
​
​
❤️카페 사장님도 틈틈이 94만원❤️
​
1인 카페 운영하시면서 바쁘신데도
매장에서 틈틈이 일하시면서
단기간에 90만원이 넘는 수익을
만드셨어요!
​
​
​
​
​
​
❤️20대 직장인도 3200만원❤️
​
이 일이 정말 좋은 이유는 나이도
직업도 정말 상관없다는 점이에요!
​
초보자, 직장인, 육아맘까지 누구나
자기 일정에 맞춰 천천히 수익을
쌓아갈 수 있는 구조예요.
​
내가 하는 만큼 무조건 벌어갈수 있는 일!
우리가 사실 이정도 노력에 비해
어디 가서도 이만큼 벌지 못할 거예요..
​
​
​
​
​
​
특히 엠포켓은 해외투어 일감도 있는데요✈️
이런 일감은 국내 회사 어디에서도
찾아볼 수 없으실 거예요!
​
▪️4성급 이상 호텔
▪️비즈니스 항공권
▪️레스토랑 식사
▪️투어
​
등을 제공받아 해외여행을 다녀오면서
사진과 영상 등을 제출해 주면 돼요!❤️
​
​
​
​
​
​
실제 해외여행을 지원받아
다녀오신 회원분들의 후기에요!❤️
​
정말 이렇게 일할 수 있는 곳
어디 있을까요....?🥹
​
몰라서 안할 수 있지만 이미 제 글을
보신 분은 기회를 만난 거예요🍀
​
​
​
​
​
​
📌부업의 생명은 초기 선점이에요!
지금 120만원 벌고 시작하는
무료 등업 혜택까지 진행 중이에요!
​
📌시작하자마자 120만원 벌고 가는데다
📌평생 적용되는 무제한 보너스 혜택까지!
​
월천 프로젝트도 이미 가능한 구조라
이 타이밍 절대 놓치면 안 돼요!❤️
​
​
가은팀에서는
📌전문강사 2:1 케어로
확실하게 수익 내실 수 있게
이끌어 드리고 있어요.
​
다른 분들처럼 수박 겉핥기 식의
멘토링은 없습니다!
​
기회는 기다린다고 찾아오는 게
아니라 스스로 움직이는 사람에게만
열리더라구요. 진짜로 부업을
성공시키고 싶고 월천의 문을
열어보고 싶다면 이번 기회에
엠포켓에서 제가 이끌어 드릴게요.
​
편하게 문의주세요
​
🔻🔻🔻
​
​
https://open.kakao.com/o/sauAEzYg
온라인수익 전문 4억, 하진님의 오픈프로필
1년만에 3억, 온라인수익 창출 노하우🖤
open.kakao.com
#엠포켓
#엠포켓부업
#온라인부업
#온라인부업추천
#신상부업엠포켓
​
​","위에 상품 목록에서 상품 선택 후 신청하기만 하면 제품 받고, 후기 영상 제출하면 끝이랍니다! 너무... 진짜로 부업을 성공시키고 싶고 월천의 문을 열어보고 싶다면 이번 기회에 엠포켓에서 제가 이끌어...",기타,etc,blog,https://blog.naver.com/yujin2day/224105836681,20251211
blog_033,뜨개질 부업 소소해도 오래할 수 있는 일,"후기를 쓰고 기관으로부터 수수료를 받습니다
​
​
​
​
​
둘째 낮잠 시간에 휴대폰만 보며
하루를 보내던 때가 있었어요
​
​
잠깐이라도 제 수입을 만들고 싶어
집에서 가능한 일을 찾다가
우연히 뜨개질 부업 후기를 보게 됐죠
​
​
그때까지 한번도 뜨개질을
배워본적이 없었기 때문에
그저 남의 성공 이야기로만 생각했었는데요
​
​
아이 소품도 떠주고
새로운 것도 배워볼겸
사부작 사부작 시작해봤어요
결과적으로는 생각보다 만족도가 높답니다
​
​
​
​
​
​
​
​
​
​
​
​
예전엔 겨울만 되면
목도리 하나 떠보겠다고
주변에서 많이들 했었잖아요
​
​
저는 그때도 관심이 없었고
손으로 만드는 건 재능 있는 사람만
하는 줄 알았거든요
​
​
그런데 초보도 배워서
판매까지 연결할 수 있다길래
이번만큼은 잘 배워보기로 했답니다
​
​
​
단순 취미가 아니라
배우면서 수익화까지 가능하니
망설일 이유가 없더라고요
​
​
​
​
​
​
​
​
​
​
솔직히 먼저 말씀드리면 시작하길 잘했어요
뜨개질 부업은 육아와 병행도 가능하고
집에서 여유롭게 할 수 있다는 점이
정말 큰 장점이에요
​
​
​
아이 어린이집 보내고 잠깐 생긴 오전 시간,
학원 차량 기다리는 시간,
아이 재우고 난 밤 시간처럼
자투리 시간만 활용해도
조금씩 작업이 가능하거든요
​
​
무엇보다 직접 만드는 핸드메이드 상품은
기성품과 달라 가치가 있어서
가격도 비싸게 받을 수 있답니다
​
​
​
​
​
​
​
​
​
​
저는 손이 빠른 편도 아니고
꼼꼼하지도 않아서 걱정했는데
기초부터 배우니 충분히 가능했어요
​
​
처음 만든 작품도 생각보다
완성도가 괜찮아서 놀랐네요
​
​
​
저는 온라인강의를 배우면서
뜨개질 초보 과정부터 배우기 시작했는데요
실, 코바늘 같은 재료 세트를
무료로 제공 받아서
빠르게 시작할 수 있었어요
​
​
​
​
​
​
​
​
​
​
강사님이 만드는 순서를 차근차근 보여주면
저는 그대로 따라 하면서
익히는 방식이라 어렵지 않았어요
초보자 입장에선 정말 편했죠
​
​
실제로 뜨개질 부업을 하고 있는 강사님이
검증된 인기 작품으로 커리큘럼을 구성하셔서
실전처럼 알려주시는데요
​
​
실 하나 차이로도 분위기가
완전히 달라진다는 걸
이번에 배우고 나서 알게 됐어요
굵기, 재질, 색감에 따라
완성품 느낌이 달라지더라고요
​
​
확실히 이런 수공예는 전문가에게
배워야 한다는 걸 깨달았어요
​
​
​
​
​
​
​
​
​
​
뜨개질 부업 목적으로 배우다 보니
실전 정보가 많은 것도
도움이 많이 됐어요
​
​
어떤 상품이 잘 나가는지,
초보는 무엇부터 시작하면 좋은지,
작업 시간은 얼마나 걸리는지까지
세세하게 배울 수 있었죠
​
​
​
강의 수는 꽤 많았지만
순서대로만 들어야 하는 건 아니었어요
그래도 저는 처음이라
기초부터 차근차근 들었어요
덕분에 실수도 적었고 응용도 빨리 되더라고요
​
​
​
​
​
​
​
​
​
​
​
​
쉬운 작품부터 시작해서 점점 난이도를 높여가니
실력이 자연스럽게 늘었어요
​
​
한 달 조금 넘으니 혼자서도 여러 제품을
만들 수 있을 정도가 됐답니다
​
​
뜨개질 부업 시작 전에는
막연하게 어렵다고 생각했는데
막상 해보니 반복 동작이 많아서
익숙해지면 속도도 빨라졌어요
​
​
​
만드는 작품들도 크기가 작고
심플한 디자인이 많아서
앉은자리에서 완성할 수 있는 것들이 많았어요
​
​
​
​
​
​
​
​
​
​
​
저는 특히 뜨개질 수세미에 집중해서
여러 종류로 배우고 연습했는데요
​
​
이해 안 되는 부분은 멈춰서 다시 보고,
속도를 늦춰 따라 하고,
몇 번이고 반복 학습했어요
​
​
처음엔 인강으로 배운다는 게 조금 걱정됐지만
오프라인 수업보다 만족도가 높았어요
​
​
​
​
​
​
​
​
​
​
수세미, 카드지갑, 파우치,
키링, 인형, 가방, 비니,
반려동물 의류, 소품 장식 등
다양한 작품들을 만들면서
주변 지인들에게도 많이 선물했어요
​
​
​
작고 실용적인 제품은 재료 부담도 적고
완성 시간도 짧아서 금방 금방 만들었거든요
​
​
​
실용적인 아이템들만 다루다보니
선물 받은 지인들도
너무 괜찮다는 말을 많이 해줬어요
​
​
먼저 뜨개질 부업 한번 해보라고
추천해주기도 했고요
​
​
​
​
​
​
​
​
​
수강 후에는 교육기관에서
제공해주는 판매 사이트를 통해서
온라인 부업을 시작했는데요
​
​
판매 방식도 생각보다 간단했어요
완성한 제품 사진과 설명을 올리고
주문이 들어오면 제작 후
포장해서 보내면 끝이었죠
​
​
​
복잡한 시스템을 새로 배우거나
비용이 드는 구조가 아니라
초보도 시작 장벽이 낮았어요
​
​
그래서 육아맘, 직장인,
임산부 분들도 많이 한다고 하더라고요
​
​
​
​
​
​
​
​
​
​
내가 만든 물건이
누군가에게 선택받는 경험이
정말 뿌듯했어요
수익도 좋지만 성취감이 컸죠
​
​
저는 세트상품으로 구성해서
한번에 2~3만원 박스로 판매하고 있어요
​
​
주문 수량이 적어도
쏠쏠하게 버는 비결이에요
​
​
​
​
​
​
​
​
​
​
​
집에서 할 수 있는 현실적인 일,
내 시간대로 조절 가능한 일,
배우면서 시작할 수 있는 일을 찾는다면
뜨개질 부업으로 시작해보세요
​
​
저도 가벼운 마음으로 시작했는데
지금은 꾸준히 이어가고 있거든요
​
​
솔직히 큰 돈을 벌거나
대박나는 아이템은 아니지만
평생 용돈벌이 정도는 할 수 있는 부업이에요
​
​
본업을 하면서 취미처럼
투잡으로 해도 좋답니다
​
​
​
​
​
​
​
​
​
제가 수강한 곳은
뜨개질 부업 외에도 40개가 넘는
수공예들이 있는데요
​
​
뜨개질 하나만 배워도
다양한 수공예들을 평생 무료로
배울 수 있는 말도 안되는 혜택이 있어요 ㅎ
​
​
재택으로 핸드메이드 작가를 꿈꾸셨던 분들은
여기서 다양한 경험을 하고
나에게 맞는 아이템을 고르기 좋답니다
​
​
관심 있다면 너무 고민만 하지 말고
작은 작품 하나부터 도전해보세요
​
​
뜨개질 부업 온라인강의
더 자세히 알아보기>>>
​
​
​
​
​
​",뜨개질 부업 후기를 보게 됐죠 그때까지 한번도 뜨개질을 배워본적이 없었기 때문에 그저 남의 성공 이야기로만 생각했었는데요 아이 소품도 떠주고 새로운 것도 배워볼겸 사부작 사부작 시작해봤어요...,기타,etc,blog,https://blog.naver.com/kghic67/224267319766,20260428
blog_034,토퍼독학 집에서 시작해 부업성공 후기!,"토퍼독학 집에서 시작해 부업성공 후기!
​
집에서 할만한 부업을 찾다가
토퍼제작을 배우기 시작했어요!
​
토퍼 컷팅기와 전용 프로그램
사용하는 방법까지 배울 수 있어서
토퍼독학이 가능하겠더라구요.
​
그리고 온라인 쇼핑몰도
무료로 사용할 수 있게 제공받아
부담없이 판매까지 하고 있답니다.
​
공방이나 클래스를 가지 않고
집에서 토퍼독학에 성공한
정보를 공유해드릴게요. :)
​
​
​
​
제가 결혼을 하고
남편따라 지방으로 오면서
경력이 단절되었어요.
​
그런데 토퍼을 독학으로 배워
부업을 시작하면서
생활비도 벌면서 부모님 용돈까지
드릴 수 있게 되었답니다. :)
​
집에서 경제적으로 도움이 된다니
진작에 알아보고 시작했으면
더 좋았을텐데라고 생각이 드네요.
​
​
​
​
제가 토퍼를 배운 곳은
전문적인 교육기관으로
온라인 강의를 통해
토퍼독학을 시작했어요.
​
육아도 하고 집안일을 해서
매일 수강을 하지 못했는데
수강기간 제한이 없어서
편한 마음으로 수강했어요.
​
수강을 시작한지 3개월 만에
자격증을 취득했고
판매까지 성공 했답니다.
​
​
​
수강에만 집중을 한다면
더 빨리 자격증 취득도 가능하고
수입활동도 더 빨리 시작할 수 있어요.
​
제가 배운 토퍼독학 과정은
취미로만 배우는 과정이 아니라
수익활동까지 연결할 수 있는
교육과정이랍니다.
​
토퍼를 배워서 수익활동이 목표라면
이 교육기관에서 배운다면
저도 성공했기 때문에
누구나 성공하실거라 생각해요. :)
​
​
​
​
처음 배우는사람들이
많은 걱정을 할 수 밖에 없는데
이 교육기관에서 배운다면
아무 걱정하지 않아도 돼요.
​
토퍼 전용 프로그램 사용법
토퍼 커팅기 사용법뿐만 아니라
토퍼 도안, 문구, 폰트까지
강의를 통해 전부 배울 수 있답니다.
​
초보자를 위해 하나씩
꼼꼼하게 알려주기 때문에
컴퓨터를 잘 다루지 못하는 사람도
큰 문제없이 배울 수 있어요. :)
​
​
​
​
한 번 수강 등록하면
기간제한없이 수강이 가능하고
새로운 강의까지 추가금없이
평생 소장이 가능해요.
​
인기있는 문구와 폰트가 바뀌다보니
시장조사가 꾸준히 필요한데
교육기관에서 유행에 따라
강의를 업데이트 해줘서
그대로 만들기만 하면 돼요.
​
이런 부분이 창/부업에
큰 도움이 돼서
대부분의 수강생들이
만족해 하더라구요.
​
​
​
​
백일, 돌잔치, 프로포즈, 결혼 등등
실무에 사용할 수 있는 디자인을
배워서 바로 사용하면 돼요.
​
도안만 만들어 두면
컷팅기로 자르기 때문에
만드는데 오랜시간이 걸리지 않아요.
​
물론 처음에는 도안도 없고
능숙하지 않아서 시간이 걸리긴 했는데
지금은 하나 만드는데 20분정도면
충분히 만들더라구요.
​
​
​
​
기본 토퍼는 단가가 낮아도
만드는데 시간도 짧고 잘 팔려서 좋고
디자인이 들어가는 토퍼는
시간이 좀 더 걸리더라도
단가가 높아서 좋더라구요.
​
판매를 하기 위해서
쇼핑몰을 개설하고 관리하는데
시간과 비용이 꽤 필요해요.
​
저는 교육기관에서 수강생에게
무료로 쇼핑몰을 제공해줘서
편안하게 판매를 하고 있어요.
​
​
​
​
등록/판매 수수료가 전혀 없어서
여러개를 등록해 두고
주문이 들어오면 제작해
배송만 하면 된답니다.
​
판매 할 상품을 등록하면
국내 유명 쇼핑몰인
네이버쇼핑, 11번가, 쿠팡, 지마켓 등
동시 노출이 돼서 홍보를 하지 않아도
주문이 꾸준히 들어오더라구요.
​
그리고 토퍼를 수강하면
교육기관에 등록되어 있는
20여가지 수공예도 추가비용없이
수강할 수 있어요.
​
그래서 토퍼와 같은
컷팅기와 프로그램을 사용하는
레터링 풍선도 배울 예정이에요.
​
​
​
​
다양한 수공예를 배우면
당연히 경쟁력을 높일 수 있고
그 만큼 더 많은 수익을 낼 수 있으니
꼭 다른 수공예도 배우는 걸 추천해요.
​
토퍼독학에 관심이 있다면
제가 배운 교육기관에서
시작하는 걸 추천드리고 싶어요.
​
교육기관에 1:1 상담을 통해
무료 샘플 강의도 받아보시면
결정하는데 큰 도움이 되실거예요.
​
교육기관에 대해
자세히 알아볼 수 있게
아래 링크남겨드릴게요~
​
한 번 들어가서 확인해보시고
토퍼독학으로 성공해서
수익활동까지 이어나가시길 바래요. :)
​
​
토퍼 과정
더 자세히 알아보기>>>
​
​
수강생의 솔직한 후기를 작성하고
소정의 상품권을 받았습니다",토퍼독학 집에서 시작해 부업성공 후기! 집에서 할만한 부업을 찾다가 토퍼제작을 배우기 시작했어요!... 공방이나 클래스를 가지 않고 집에서 토퍼독학에 성공한 정보를 공유해드릴게요. :) 제가 결혼을 하고...,기타,etc,blog,https://blog.naver.com/chaimin80/223360940008,20240221
blog_035,레진UV램프로 레진아트만들어 부업성공후기,"​
레진UV램프를 활용하여
만들수있는 레진아트가
얼마나 많은지
여러분은 아시나요~?
레진과 함께
압화, 글리터, 구슬, 파츠등을
같이 접목시키면
반지, 머리핀, 헤어밴드,
목걸이, 귀걸이 등
다양한 작품을 만들수있습니다
그 중에서 제가 선택한 레진아트는
레진UV램프를 활용하여
키링을 만드는 것으로
현재 부업을 진행하고 있는 중입니다
​
레진아트에 관심을
가지게 된 계기가
제 아이때문인데요!
요즘 아이들이 키링을
가방에 정~~말 많이
달고 다니더라구요
​
서로서로 누가 더 많이 달고다니나
눈치게임하는 느낌이랄까요?
요즘 패션소품으로도
뭐 달고다니는게 유행이라그런지
그만큼 판매량도 많이 나왔습니다
키링이라는게
가방에만 다는게아니라
이어폰케이스나 핸드폰고리대용 등
다양하게 사용이 가능하고
그와더불어 날씨도 풀리면서
판매량이 더 늘것으로 예상하고있습니다
​
아이와 함께
플리마켓도 구경다니고
같이 디자인도 보다보니
자연스럽게 관심이 생기더라구요
​
​
집에서도 검색해보고
온라인쇼핑몰도 보다보니
나도 만들수있겠다는 생각이 들었어요
​
이때 당시에 수공예강의를
듣고 있었는데
키링을 어떻게 만드는지
배우고 있었거든요!
물론, 여건이 된다면
외부강의를 들으러가면 좋겠지만
주부들은 누가 돌봐주지않는이상
아이들을 떼어놓고
어디 들으러갈곳도 없잖아요
ㅠㅠ
원래 이 기관에서 듣기전에
문화센터에서 배웠는데
아프거나 방학하게되면
못나가서 그대로 돈날리고
​
​
배우지도못하고 그 이후에 다시 나가면
진도도 못따라가고 이런저런 이유로
계속 빠지게되더라구요
​
그러다보면 하기도 싫어지고
오히려 점점 우울해져서
이건 아니다 싶은 생각이 들었을때쯤
​
우연히 인터넷을 하다가
집에서 배울수있는 강의를 보게되었는데
그게 지금 현재 배우고있는
기관이 되었네요~
아이들이 잠자고있을때나
유치원갔을 때
틈틈히 듣다보니
생각보다 강의가
금방 끝나더라구요!
중간에 포기안하고
끝까지 들을 수
있는것만으로도 행복했는데
자신감도 올라가고
자격증까지 취득하니
하루하루가 정말 좋았습니다!
자격증까지 취득하게 되면
그 다음엔 더 폭넓은 선택을 할 수 있는
기회가 생기게 되는데요!
제가 선택한 기관에서
부업관련하여 지원
해주시기때문이랍니다!
강의내용도 실제 판매위주로,
잘 팔리는 액세서리 기법과 실무위주라서
현재 부업활동에
정말 많은 도움을 받았고
현재도 도움을 받고있습니다
​
또한 업데이트되는 강의뿐아니라
다른 강좌들도
전부 들을수있다보니
수공예쪽에서는
따라올곳이 없더라구요
부업활동지원방법은
오프라인과
온라인
으로 나눠져있고
기관쇼핑몰에
작품설명과 사진을
등록하기만하면되는
간단한 작업만으로
수익활동을 시작할수있습니다
사진잘찍는방법도
강의내용에 있어서
부담없이 촬영할수있고
특히나
각종 대형온라인쇼핑몰에도
자동으로 등록
되다보니
따로 상품등록할필요없이
광고가 자연스레되고
부업이 정말 쉬워지더라구요
​
다른 곳과 다르게 단가도 높고
관리업무도 해주시는데
CS업무부터 정산까지 다 도와주셔서
정말 신경쓸게 하나도 없었어요
놀면서 일하고 아이들보면서 일하고
갑자기 아파도 눈치안봐도되고
이런 직장이 어디있을까 싶어요!
재고상품도 없고
초기투자비용도 적고
레진UV램프만 있으면되니깐
정말 돈안들이고
돈을 벌수있는 구조랍니다!
​
아무리 좋은 재택부업이 있어도
시작하지않은 사람은
돈을 벌수가 없어요ㅠㅠ
저도 레진아트를 배우지않았다면
지금처럼 레진UV램프 레진키링을 이용하여
부업성공을 할수없었겠죠
​
요즘 한류열풍이라
자개공예도 많이 배운다고하던데
한번 배워볼까 생각하고있습니다!
​
한번 강의를 들으면 평생동안 기간제한없이!
강의제한없이!
들을수있기 때문에
내가 듣고싶은 수공예강좌
아무거나 들을수있어요~
배우는 동안 없어지지않을까
걱정되실수도 있죠!
하지만
20여년되는 경력과
노하우
를 가지고있기 때문에
믿고 따라갈수있습니다
고민되시는분들은
밑에 링크를 통해서
한번 알아보기만 해보세요
고민하는 것보다
부딪혀보는게 나을수있어요
​
저와 같이 레진UV램프로
레진아트를 만들어
같이 부업성공길에 뛰어봐요!
레진UV램프로
아트만들어 부업
한 곳
​
후기를 작성한 후 소정의 대가를 지급받습니다",해보세요 고민하는 것보다 부딪혀보는게 나을수있어요 저와 같이 레진UV램프로 레진아트를 만들어 같이 부업성공길에 뛰어봐요! 레진UV램프로 아트만들어 부업한 곳 후기를 작성한 후 소정의 대가를 지급받습니다,기타,etc,blog,https://blog.naver.com/heywhang/223410591864,20240410
blog_036,악세사리부업 집에서 시작해 성공한 후기!,"아이들 키우면 할 수 있는 취미를
알아보던 중에 리본공예가 눈에 띄더라구요.
직접 공예하는 엄마들도 많고,
그런 분들은 핸드메이드 악세사리를 만들어서
팔기도 하고 돈도 벌고 있었어요!
이렇게 악세사리부업을 하고 있는 걸 보니
관심이 가기 시작하더라구요.
그러던 중 부업, 창업 지원부터
자격증 취득까지 가능한
전문 아카데미를 찾게 되었는데요!
후기도 정말 많았지만,
20년 가까이 된 기관이라서 그런지
확실히 신뢰가 가더라구요.
이곳은 40개가 넘는 수공예 과목이 있는데요.
평생 소장할 수 있어요!
악세사리부업으로 하기 좋은 과목이라면
비즈, 리본, 레진이 있는데요.
따로 추가 비용을 내지 않아도 배울 수 있거든요.
저는 리본 공예를 먼저 선택했답니다!
아무래도 여자 아이가 있어서 자주 활용할 것 같았고,
실생활에서 바로 시작하기 좋은
아이템이란 생각이 들더라구요.
그리고 무엇보다 집에서 온라인 강의로
쉽게 배울 수 있을 거라는 생각이 들었죠!
그리고 실제로는 제가 생각한 것보다
더 수월하게 배웠어요!
실제 핸드메이드 악세사리 공방을 운영하는
전문가분들이 직접 알려주시는데요.
정보들이 정말 유용하고 재밌게 느껴지더라구요.
온라인 강의는 보면서 따라하는 방식인데요.
강사님과 같은 재료로 수업을 시작해요!
필요한 재료는 아카데미에서
사전에 전부 보내주기 때문에
따로 구매하지는 않았습니다!
추가로 필요한 것들을 사려고
판매처를 물어봐서 구매하긴 했지만,
처음에 초도 세트를 보내주니까
바로 실무를 해볼 수 있어서 좋더라구요.
수업은 1인칭 시점으로 촬영되어 있는데요!
다양한 각도로 보여주기 때문에
리본 만드는 여러 기법을 쉽게 이해할 수 있었어요.
기초 지식부터 창업과정까지
한 커리큘럼안에 모두 담겨있으니까
생각보다 어렵지 않게 할 수 있더라구요.
제가 처음이었음에도 가능했던 건
온라인 강의라는 점에서 속도 조절이나
반복재생이 가능했기 때문이라고 생각해요.
그리고 악세사리부업을 위한
다양한 디자인과 제품 종류를 알려주는데요.
레이스부터 원단 활용하기, 볼륨 넣기, 큐빅 넣기 등등
보기에 어려워 보였던 것들도
천천히 하다 보니 잘 따라가게 되더라구요.
그리고 완성한 제품들도 퀄리티가 좋아요~!
핸드메이드 악세사리부업을 위해
퀄리티를 높일 수 있는 노하우를 같이 알려주니까
연습만으로도 좋은 결과물이 나오게 되더라구요.
디테일한 부분을 챙겨갈수록
상품의 질이 높아지는 게 느껴지고
따라가는 게 어렵지 않아서 겁먹지 않아도 될 거에요.
저는 워킹맘이라 하루 30분에서 1시간 정도
투자 하고 있는데요.
짜투리 시간을 활용하면서도 꾸준히 할 수 있는 건
그만큼 수익이 발생하기 때문이에요.
악세사리부업을 하더라도
보상이 없으면 마음이 금방 식기 마련이잖아요.
그런데 수익이 쏠쏠하다보니
핸드메이드에 관심을 갖는 분들이 이해가 가더라구요.
사실 온라인 쇼핑몰 개설만 해도
심사니 입점이니 신경 쓸게 많잖아요.
그런데 저는 악세사리부업을 지원해주는
아카데미 덕분에 정말 간단하게 시작했어요.
돈도 에너지도 굳이 낭비하지 않았죠.
아카데미에서 지원하는 쇼핑몰 사이트에 들어가서
사진과 가격 소개만 적으면 끝이거든요!
제가 상품을 등록하는 동시에
네이버나 쿠팡, 11번가에 업로드 된다는 점!
그래서인지 판매량도 높은 편이에요.
그 외에도 공방 창업이나 강사 출강
클래스 운영 등등 지원 혜택이 많은데요.
저는 아이가 아직 어려
그건 당장 무리일 듯 하더라구요.
사실 온라인 수업만 들어도
자격증 취득이 어렵지 않아서
좀 더 전문성을 갖추겠다 하는 분들은
바로바로 따는 것 같아요!
저도 악세사리부업 시작한 김에
그리고 아이가 좀 크며 공방 창업을 생각중이라
미리 자격증을 따 두었답니다!
일단 제가 경험한 후기를 들려드리자면
온라인 강의 퀄리티가 좋아요.
취미 과정이라기보다 부업, 창업을 위한 과정이라
꼼꼼하고 명확하게 알려주고요!
시간에 제약 없이 배울 수 있다 보니 자유롭답니다.
기간 제한이 따로 없어서 평생 소장이 가능하거든요.
악세사리부업 저도 처음이지만
이렇게 재밌게 하게 될 줄은 몰랐어요.
내가 원하는 상품을 자유롭게 등록해서
주문이 들어오면 만들어 보내기만 하면 되니까요.
혹시 핸드메이드 악세사리 판매에
관심 있으셨던 분들이라면
전문 교육기관에서 꼭 다양한 지원 받으세요!
​
악세사리부업 온라인 강좌 미리보기
부업 창업 과정 살펴보기 >>
​
소정의 재료비를 받고
솔직한 후기를 작성하였습니다.",악세사리 판매에 관심 있으셨던 분들이라면 전문 교육기관에서 꼭 다양한 지원 받으세요! 악세사리부업 온라인 강좌 미리보기 부업 창업 과정 살펴보기 >> 소정의 재료비를 받고 솔직한 후기를 작성하였습니다.,기타,etc,blog,https://blog.naver.com/garbeekr/223267333123,20231117
blog_037,재테크부업? 성공한 사람들의 공통점 (오늘만 강연 후기),"성공한 사람들은 동일한 강의를 듣고, 동일한 책을 봐도
그곳에서 내가 얻어갈 이점을 찾습니다.
반대로 실패하는 사람들은 안 되는 이유를 먼저 찾죠.
​
​
여러분은 둘 중 어떤 사람인가요?
​
​
​
​
안녕하세요. 애드센스 블로거이자 재테크 강사로 활동하고 있는 아로스입니다. 아마 제 이름이 익숙한 분이라면 클래스101, 크몽, 탈잉이나 유튜브에서 보셨을 것 같아요.
​
​
그동안 제자님들과 소규모로 접한 적은 많았지만, 강연을 해본 적은 없었는데요. 바로 얼마 전인 7월 20일 좋은 기회가 생겨 첫 강연을 하고 왔습니다.
​
오늘 누구 만나지 - 아로스 강연 후기 발췌
​
​
제 입으로 이런 말씀 드리기 조금 쑥쓰럽긴 한데 ^^; 주최측인 오늘 누구 만나지 카페(개미버스 주식회사)에서 그동안 준비했던 강연회 중 가장 높은 참석률을 보였다고 하시더라구요.
​
​
아무래도 가장 큰 관심사가 될 수 밖에 없는
'재테크부업'
에 대한 주제였기 때문인 것 같습니다.
​
​
제가 느끼기에도 현장 반응이 정말 뜨거웠고, 다들 열심히 들어주셔서 저도 준비해간 것 이상으로 많은 것을 알려드릴 수 있었습니다.
​
​
만약 이 글을 보시는 분들 중 강연에 참석하셨던 분이 계시다면, 열심히 들어주셔서 뿌듯한 시간을 보낼 수 있었다고 감사 인사 전하고 싶네요 ^^.
​
​
오늘은 강연 후기와 함께 어떤 내용들을 다뤘는지 기록해보려고 합니다. 아로스의 첫 강연이 궁금하지만, 참석하지 못했던 분이라면 집중해서 읽어주세요!
​
6억 없이 안정적으로 100만원 벌어봅시다.
여러분 지금 월 소득이 얼마 정도 되시나요?
​
​
일단 현재 월 소득에 만족하지 못하고 부족하니까 이 글을 읽고 계실거에요. 얼마를 벌고 계시던 거기에
딱 100만원이 더 생긴다
고 생각해보세요.
​
​
그동안 참아왔던 것, 엄두도 못 냈던 것. 특히 부모님께 제대로 된 자식노릇, 자식들에게 떳떳한 부모노릇 할 수 있을 거에요.
​
​
실제로 제 강의를 수강하시는 제자님들을 보면 한결 같이 이런 말씀을 하십니다.
'애드센스로 돈 많이 벌어서 못다한 효도 하고 싶다, 맛있는 식사도 대접하고, 남들 다하는 효도 여행 보내드리고 싶다'
​
​
당장 엄청난 부자는 아니지만,
매달 100만원만 더 생기면 위와 같은 일들을 할 수 있습니다.
​
​
월 100만원 더 버는 아로스 제자 수익(실시간)
​
그러면 다시 질문 하나 드려볼게요.
​
​
흔히 재테크부업으로 많이 알아보시는게 부동산인데요. 월 100만원 월세 받는 건물주 되려면 얼마짜리 상가를 가져야 하는지 알고 계시나요?
​
​
제가 상가를 좀 알아봤는데 대출금하고 세금 다 빼고 월 100만원 벌려면 무려 6억 짜리 상가를 얻어야 합니다.
​
​
여기서 중요한 건 한 두번 벌고 끝나는 소득이 아니라, 안정적으로 꾸준히 번다는 전제 하에 6억이 필요하다는 거에요.
​
​
6억 정도 있는 분은 아마 이 글 안 읽고 계실 것 같으니까
6억 없어도 월 100만원 벌 수 있는 방법
을 알려드리겠습니다.
​
​
0원으로 6억짜리 상가를 가질 수 있을까?
가능합니다. 단,
온라인 세계
에서요.
​
​
재테크부업을 찾아본 분이라면 99% 이 생각 해보셨을거라 자신합니다.
​
​
'돈이 없어서 부업을 찾는데, 돈 없으면 시도조차 못하네'
​
​
왜 이렇게 자신하냐면, 저도 똑같은 생각을 했었거든요. '스마트스토어, 해외구매대행, 아마존셀러...' 애드센스 블로그를 시작하기 전에 제가 시도하고 알아봤던 부업들입니다.
​
​
공통점은 하나같이 다 초기자본이 필요하다는겁니다. 뭔가 좀 제대로 해보려고 하면 돈이 발목을 잡으니... 답답한 마음만 들었죠.
​
​
그러다 우연히 애드센스를 알게 되고
'노트북 하나로 글만 쓰는데 돈이 된다'
는 사실이 정말 신세계였습니다.
​
​
그동안 블로그는 네이버만 있는 줄 알았는데, 네이버 블로그로 돈 버는 방법이라고 해봤자 '체험단'이 다잖아요.
​
​
그런데, 애드센스는
글만 쓰는데 진짜 돈을 벌 수 있다
는거에요.
​
​
흔히 아는 다른 부업
(스마트스토어, 해외구매대행, 아마존셀러 등)
애드센스 티스토리 블로그 부업
초기비용 필요
전문지식 필요
악성고객 응대
단기 부업
많은 시간 소요
자본금 0원
뉴스만 봐도 수익가능
사람과 얽힐 일 0 (글작성 1회로 끝)
평생 구글 연금
하루 1시간 소요
​
아직 감이 잘 안 오시는 분들을 위해 애드센스가 어떻게 돈 버는지 알려드리겠습니다.
​
​
일단 광고주가 구글에게 '내 제품, 내 서비스'를 홍보하기 위해 광고비를 냅니다.
구글은 여러분의 블로그에 광고주의 광고를 실어주는거에요.
​
​
물론 이것만으로 돈이 들어오진 않아요. 내 블로그에 들어온 사람들이 해당 상품에 관심을 가지고 클릭할 때 수익이 발생합니다.
​
​
애드센스로 얻는 광고 수익이 세계1위 기업 구글의 순익 80% 이상이라고 해요. 여기서 놀라운 것은 구글은 본인들의 번 돈의 70%를 블로거들에게 나눠준다는 것입니다.
​
​
구글 입장에서는 꾸준히 양질의 컨텐츠를 발행해주는 블로거들을 놓치지 싫으니까 서로 winwin하는 거죠.
​
나도 할 수 있을까? 고민하는 분들께
여러분이 할 일은 딱 2가지입니다.
티스토리 회원가입
하시고 조금 이따 드릴 무료PDF 받아가세요.
​
​
글 쓰는 방법, 키워드 찾는 방법은 고민하지 마세요. 제가 알려드릴거니까요.
​
​
이것도 제 자랑처럼 들린다면 어쩔 수 없지만,
키워드까지 알려주는 아로스 말고는 강사는 세상 어디에도 없습니다.
그게 바로 돈이고, 강사 수익이기 때문이죠.
​
​
끝으로 한말씀만 더 드리겠습니다. 성공하기 위해서는 [시간, 장소, 사람] 3가지 중 하나를 꼭 바꿔야 해요. 그런데 시간과 장소는 쉽게 바꿀 수 없죠.
​
​
여러분이 성공하실 수 있도록 아로스가 함께 하겠습니다. 여러분이 포기하지 않는 한 저는 여러분을 절대 포기하지 않습니다.
​
​
​
*8월 22일 [구글 공략 강의]가 공개됩니다.
그동안 카더라만 난무했던 진짜 구글 블로그 공략법
이 궁금하다면, 당장
아백 홈페이지
에서 신청하시기 바랍니다. 70개 한정수량으로 얼리버드 특가 진행중입니다. (해당 강의는 올인원 제자님들에게는 무료로","성공한 사람들은 동일한 강의를 듣고, 동일한 책을 봐도 그곳에서 내가 얻어갈 이점을 찾습니다.... 오늘 누구 만나지 - 아로스 강연 후기 발췌 제 입으로 이런 말씀 드리기 조금 쑥쓰럽긴 한데 ^^; 주최측인 오늘...",강의,digital-products,blog,https://blog.naver.com/gksksla9/222833745597,20220729
blog_038,토퍼아트 배워서 부업성공후기,"다들 토퍼 아시나요? 요즘 토퍼가
유행이라더라구요~ 저도 이번에
생일 맞이로 주문을 했는데
생각보다 토퍼 비용이 꽤 들더라구요?
​
케이크 위에 간단하게 꽂아서
하는거인데도 멘트랑 어떻게 꾸미냐에 따라
또 다르더라구요?
​
케이크 받은 지인이 너무 좋아하셔서
기분은 좋았지만~ 가격에 문득
슬픔이 ㅎㅎㅎ
​
그러다가 든 생각이 내가 직접 만들어서
팔면 좋지 않을까? 하는 생각에
실행에 옮겨서 토퍼 아트를 배워보아서
지금은 온라인으로 소소하게
돈 벌고 있는 중이랍니다~
​
사실 토퍼 배우고 싶다는
막연한 생각만 있고 어디서 배우면
좋을지 모르겠더라구요.
완전 초보이다 보니까 도전하기
막막했는데 이곳 저곳 알아보니
​
창업으로 해주는 학원이랑 공방등이
있었는데 저는 직장을 다니다 보니까
온라인으로 했으면 좋겠어서
온라인 수업을 알아보다가 너무 좋은 곳을
발견했어요~
​
이곳은 토퍼아트 자격증 뿐만 아니라
작품판매 지원 까지 알아봐주더라구요?
그래서 이거다 싶었죠
​
​
​
본격적으로 알아보니 온라인 수업을 하면서
토퍼를 만들때 필요한 기본적인
토퍼디자인방법, 커팅시 사용방법,
꾸밈 장식까지 전체적으로
수강이 가능하더라구요.
​
무료샘플 강의를 들을 수 있어서
들어보았는데 샘플 강의가 알차고
강사님설명 뿐만 아니라
커리큘럼까지 너무 잘 되어 있어서
바로 수강신청했어요.
​
수강신청을 하고도 맘에 든건
직접 공방을 운영하시는 분이다보니
판매제품을 직접 배울 수 있더라구요
​
사실 토퍼는 시즌별로 나가는게
많기 때문에 수익적으로 별로이지 않을까?
라는 고민을 했었어요. 근데 이 과정을 들으면
레터링 풍선까지 같이 들을 수 있더라구요?
​
집에서 부업을 하기에 이것만한게
따로 없었어요~ 강의를 들으면
아이템어떤게 있는지 다 알려주시고
30개 이상의 아이디어를 주시니까
좋더라구요.
​
토퍼아트만 배우시고 싶으시면
토퍼만 배우실 수도 있으니
걱정안하셔도 될것 같아요.
​
​
토퍼아트는 기계를 이용해서
글씨를 자르는 것이다 보니
디자인을 어떤식으로 구성하는지가
제일중요해서 그런지 처음 강의부터
디자인 구성 방법을 알려주시더라구요
​
토퍼가 다양한 기념일에 사용이 되서
특별한 문구를 이용해 디자인을 하는데
문구디자인을 처음부터 천천히 다 알려주시니까
정말좋았어요.
​
포토샵을 하나도 모르는 저인데
정말 기초부터 다 알려주셔서
걱정하나 없이 했어요~
위에 영상처럼 마우스 옮기고
도형꾸미는 간단한거라 엄청 어렵지도 않고요
​
​
온라인 강의들으면서 토퍼를
여러가지 만들게 되는데요
따라한 토퍼 만으로도 지인에게
선물을 해주니 직접 만든거냐고 물어보면서
산줄 알았다고 하더라구요~
​
그만큼 저같은 초보가 해도 쉽다는 소리겠죠?
디자인 틀 하나 구성해 놓으면
안에 글씨가 바뀌는거다 보니까
크게 어려운 부분이 없더라구요.
​
요즘 릴스에서 보이는 디자인도
재미있어서 용돈토퍼, 사진 토퍼 등으로
강의보고 응용도 해보고 있답니다.
​
​
토퍼가 종이로 만든것이다 보니까
손재주가 필요할까봐 걱정하실텐데
전혀 그럴필요가 없는게
​
디자인은 컴퓨터에서 뽑기는 커팅기가 다 해줘요
그래서 저희는 그냥 뽑고 순서대로
붙여주기만 하면 된답니다.
​
커팅이 다 된거라 붙이는것도 정말 쉬웠어요.
제일 좋은 점이 처음 기구만 사면
나중에는  종이가격만 들기 때문에
마진이 진짜 높더라구요~
​
​
한달동안 열심히 해서 자격증 따고
스토어 창업을 했는데요~
홍보랑 노출이 잘되는 곳에
입접이 되어야 장사가 잘되는데
입점처가 딱히 없어서 걱정하고 있다가
​
여기는 자체 쇼핑몰을 운영하더라구요!
게다가 쿠팡이나 11번가 같은 곳에도
같이 홍보가 연동되니
주문도 잘 들어오구요~
​
처음 주문이 들어와 하나 둘 후기가 생기니
나름대로 주문이 잘 들어와서
완전 만족중이랍니다.
​
​
센터에서 운영하는 곳이다보니
입점도 어렵지 않고 자동으로 마켓등록이
되니까 여기저기서 주문이 들어오더라구요.
​
저는정말 작품제작에만 신경을 쓰고
배송, 주문 관리를 다 해주셔서
신경 많이 안쓰고 일했어요~
​
따로 홍보하지 않아도
부업으로 꽤 쏠쏠한 돈이 들어와서
좋더라구요.
​
​
작품만드는데 20분 정도 걸리고
택배 만들고 하니까 시간이
덜 걸리는 경우도 있더라구요.
​
시급으로 20분에 12,000원 정도니까
웬만한 아르바이트 보다
쏠쏠하더라구요
​
대기하다가 알림이 오면
바로 만들어서 보내는 시스템이아니고
전날 주문 들어온 건
​
다음날 한번에 만들어서 처리하면 되니까
자유롭게 일할 수 있더라구요
저같은 직장인들은 진짜 최고의
부업이랍니다!
​
​
직접 발로 뛰며 배우지 않아도
온라인 강의만으로도
체계적인 커리큘럼을 이수해서
수수료도 받지 않고
제가 수익이 다 남으니까
너무 좋더라구요~
​
디자인도 서툴고 판매도 어려울 꺼같아서
시작을 망설이는 분들이 많으실텐데
그런분들에게 제가 들은 과정을
정말 강추드려요!
​
아래 링크 남겨드릴테니
아래 들어가셔서 상담이랑 무료강의만
들어보세요!!
​
​
토퍼아트홈창업
무료 강의 및 상담 받기>>>
​
​
솔직한 수강 후기를 작성하고
소정의 원고료를 받습니다.",집에서 부업을 하기에 이것만한게 따로 없었어요~ 강의를 들으면 아이템어떤게 있는지 다 알려주시고... 둘 후기가 생기니 나름대로 주문이 잘 들어와서 완전 만족중이랍니다. 센터에서 운영하는 곳이다보니...,강의,digital-products,blog,https://blog.naver.com/ds5108/223313499982,20240105
blog_039,코바늘 뜨개질 집에서 시작해 재택 부업 성공 후기,"코바늘 뜨개질 집에서 시작해 재택 부업 성공 후기
집에서 꼼질꼼질, 태교 취미로
무엇이 좋을까 고민하다가
배우게 된 코바늘 뜨개질!
아이 덧신, 딸랑이, 보닛 등
제가 전부 만들었어요.
주변 지인들에게 선물도 하고
SNS에 올려서 자랑도 했더니
반응이 좋아서 제대로 배워보면
좋겠다 싶더라구요.
그래서
​
각 잡고 코바늘뜨기를 시작한 지
2달만에 온라인 쇼핑몰로
작품을 팔아보기 시작했고
지금은 생활비로 쓰고도 여유가 남아서
아이를 위해 적금 하나를 들 정도로
제법 성공했답니다.ㅎㅎ
찾아보니까 왔다갔다 하지 않고도
집에서 편하게 코바늘 뜨개질을
기본부터, 파는 법까지
가르쳐주는 아카데미가 있더라구요.
에어팟 케이스나 목소리, 가랜드
아기용 보넷, 수세미 등등
​
실제로 인기있는 아이템들을
쏙 골라서 짜여진 커리큘럼으로
만드는 방법을 배워보고
파는 방법까지 배워볼 수 있으니
저도 힘들이지 않고
시작해볼 수 있었어요.
아이 출산 후에 자연스럽게
경력 단절이 되는 친구들을 보면서
속으로 저도 체념하고 있었거든요.
그런데 아등바등할 것 없이
집에서도 돈 벌 수 있는 일을
찾게 되어 정말 다행이다 싶어요.
언제든 어디서든 장소, 시간 관계 없이
원할 때 원하는만큼
일할 수 있단 게 좋더라구요.
결론만 말씀드리면 제가 회사 다니며
벌었던 것보다 더 벌고 있다 보니까
남편도 이렇게도 돈을 벌 수 있냐며
신기해하며 저를 매직 핸드라
부르는 데 어찌나 웃기던지.ㅎㅎ
남편도 좋아하고
저도 제가 버는 금액 안에서
먹을 거, 사고싶은 거
다 해결하니까 참 좋아요.
제가 어떤 방법으로
배우고 돈까지 벌게 되었는지
이제 천천히 써볼게요.
저는 이런 인터넷 강의로
코바늘 뜨개질 하는 법을 배웠답니다!
뜨개질에 뭐가 필요한지
긴뜨기, 사슬뜨기, 겉뜨기 등
여러 가지 기법까지
정말 여러 기법이 있는데
전부 다 인터넷 강의로 배웠어요.
초보자가 듣기에도 문제 없을 만큼
자세하게 설명해주기 때문에
어렵지 않았거든요.
강의 수도 많다보니까
완강하는 데에 2달이 걸렸는데
결국 다 제 기술이 되었으니
배우는 입장에서는
강의가 많은 게 좋더라구요!
뜨개질 기법만 알려주지 않고
만드는 과정은 기본에
재료 설명, 완성품 모습까지
전부 다 강의에서 보여주다보니
헷갈리거나 어렵다 느껴지는 게
하나도 없었어요.
강의만 따라해도 전문 강사님이
만든 작품과 똑같은 작품이 나오니까요.
게다가 실 색을 바꾼다거나
기법을 활용해서 저만의 작품까지도
다양하게 만들어볼 수 있구요.
실용성은 물론이고
수공예 작품이라 가치도 높아서
재료비 생각해보면 남는 게 많아
하나만 팔려도 짭짤하답니다.
수세미같은 건
두고두고 사용하는 아이템이라
꾸준하게 주문이 들어오구요.
처음 강의를 신청하면
초도재료를 제공해줘서 별도로
재료비 들이며 사지 않아도 되니
참 편했어요.
코바늘 뜨개질 할 때 필요한 실,
도구들도 그렇게 비싼 편은 아니지만
이렇게 받아 쓰면 돈도 아끼고 좋잖아요.
택배로 가득 온 걸 정리하고 바로
강의를 들었는데 너무 재밌다보니까
푹 빠져서 밤새 한 적도 있어요.ㅎㅎ
취미하며 돈까지 버니까
더 재밌게 느껴지더라구요.
이번엔 뭘 어떻게 만들까
즐거운 고민도 하고
어떻게 만들어야 더 인기가 좋을까
혼자 디자인을 짜보기도 하구요.
기본기부터 탄탄하게 배웠더니
제가 생각한 디자인을
100% 만드는 것도 가능했거든요!
코바늘이라는 게 정말 매력적이죠?
그럼 이제는 어떻게
팔아보게 됐나를 써볼게요~.
제가 따로 쇼핑몰을 만들거나
어디 사이트를 만든 건 아니구요!
아카데미에서 제공해주는
수공예 온라인 쇼핑몰을 활용해서
팔고 있답니다.ㅎㅎ
이 곳에서 지원해주는 게
정말 다양하고 좋거든요!
아카데미에서 수강생들 전용으로
운영되고 있는 곳인데
자기가 직접 팔고 싶은 걸
올려볼 수 있어요.
가격, 작품 이름, 설명 등 정말
기본적인 것만 적어서 올리면 된답니다.
이 곳에만 올려둬도
다른 사람들이 많이 사용하는
네이버 쇼핑, 쿠팡같은 곳에
자동으로 연동되어 노출되기 때문에
따로 쇼핑몰을 만들 필요가 없더라구요!
11번가, g마켓, 롯데on 등등
20개가 넘는 대형 쇼핑몰에
자동으로 올라가니까
홍보 효과도 톡톡해요.
코바늘 뜨개질 하나로 제가 만든 작품을
여러 곳에 노출시키고 많이들
찾아주신다는 게 정말 큰 장점이더라구요.
제가 이곳저곳 홍보하러
다니지 않아도 알아서 주문이 들어오니
저는 주문 확인하고 만들어
보내기만 하면 돼서
신경쓸 게 적어 편해요!
개인 쇼핑몰 오픈도 좋지만
이 곳을 이용하면 수수료, 입점비
모두 0원이니까 굳이 만들어야하나?
라는 생각이 들더라구요.ㅎㅎ
수강 기간도 평생인 평생 회원제라
일반적인 곳들과는 달라요.
확실히 이 쪽으로 지원해주려고
운영되고 있다는 느낌이 강하더라구요.
강의같은 경우에도 주기적으로
계속 업데이트 되니까 따로
어디 다니며 추가금 내고 배울
필요도 없어요. 든든!
코바늘 뜨개질에 관심 있으시다면
취미로도 좋고 저처럼
돈 버는 일로도 괜찮으니
이곳저곳 활용 가능하도록
시작해보셔도 좋을 것 같아요.
홈페이지 가보시면 샘플 강의도
원하는 걸로 골라서 들어볼 수 있거든요!
한 번 들어보세요.
코바늘 뜨개질 인터넷 강의
원하는 강의 골라보기 >>>
​
​
- 실제 수강생 후기로 작성 후
소정의 상품권을 받습니다. -","코바늘 뜨개질 집에서 시작해 재택 부업 성공 후기 집에서 꼼질꼼질, 태교 취미로 무엇이 좋을까... 제법 성공했답니다.ㅎㅎ 찾아보니까 왔다갔다 하지 않고도 집에서 편하게 코바늘 뜨개질을 기본부터, 파는...",기타,etc,blog,https://blog.naver.com/raphy324/223212746520,20230915
blog_040,케이크 토퍼 만들기 시작해서 부업으로 성공후기!,"케이크 토퍼 만들기 시작해서 부업으로 성공후기!
생일이나 기념일에
축하를 해주기 위해
케이크를 준비를 많이 하는데요.
​
케이크를 보다 더 특별하게
만들 수 있는 토퍼라는
아이템이 있더라구요.
​
토퍼는 이쁜 글씨체로
다양한 문구를 작성해서
케이크에 꽂기만 해도
분위기도 달라지고
더욱 특별한 케이크 선물이 된답니다.
​
저도 몇번 주문 제작을 해서 사용해 봤고
많은 사람들이 주문 제작을 하고 있어서
한 번 제대로 배워둔다면
집에서 부업도 가능해 보여서
케이크 토퍼 만들기에 도전을 했어요!
​
​
​
​
​
​
케이크 토퍼 만들기는
재료비용이 많이 들지 않아
소자본으로 시작을 할 수 있어서
부담이 크지 않아요.
​
많은 사람들이 이벤트를 위해
토퍼를 많이 주문해서
수요도 적은 편은 아니라
​
토퍼 기계만 있으면
토퍼 만드는 방법도 어렵지 않아서
부업으로는 정말 좋은 아이템이에요. :)
​
생일, 결혼기념일, 돌잔치, 개업,
새해, 여행, 프로포즈 등등
기념일이 사람마다 다르기 떄문에
정말 안정적으로 수익을 내기 좋아요.
​
​
​
​
​
​
​
케이크 토퍼 만들기 위해서
전용 컷팅기를 사용하는데
토퍼 제작뿐만아니라
레터링풍선에도 사용할 수 있어요.
​
전용 컷팅기를 알아 봤는데
새제품은 40~50만원 정도 하는데
가격이 부담스러워서
상태가 좋은 중고를
20만원 정도 주고 구매를 했어요.
​
앞으로 제작 주문을 해서
꾸준히 살거를 생각하면
한 번 투자해서 배워서
직접 만드는 방법이 이득인거 같더라구요. :)
​
​
​
​
​
​
전용 컷팅기만 구매 했다고
토퍼를 제작할 수 있는건 아니예요.
​
(이모티콘)
​
프로그램 사용법을 알아야 해서
토퍼 관련 정보를 찾아봤는데
토퍼 제작을 온라인으로 배울 수 있는
전문적인 교육기관을 알게 발견했어요.
​
이 온라인 교육기관은
프로그램 설치부터 사용법,
케이크 토퍼 만들기 뿐만아니라
창/부업으로 활동하는 과정까지
도움을 받아 볼 수 있더라구요.
​
​
​
​
​
​
컴퓨터를 잘 다루는 편이고
디자인에 대해 센스도 없어서
저도 처음에 걱정을 많이 했어요.
​
그런데 초보자들도 배울 수 있게
실루엣스튜디오 프로그램 설치 방법부터
디자인 제작 까지 자세히 알려주기 때문에
전혀 어려울게 없더라구요.
​
​
​
​
​
​
문구만 있는 단순한 토퍼도 있고
사진이나 그림이 들어가 있는 토퍼,
케릭터가 들어가는 토퍼 등등
토퍼도 종류가 다양해요.
​
어떤 재료를 쓰고 어떻게 만드냐에 따라
느낌도 다르고 완성도가 달라져요.
​
교육기관에서 실제로 잘 팔리는
제품의 디자인, 컬러를 알려줘서
배운 작품을 그대로 판매해도 된답니다. :)
토퍼는 5000~15000원 정도에
판매가 이루어 지는데
종이와 막대기 외에
많은 재료가 필요하지 않아서
들어가는 재료비에 확실히 마진이 좋더라구요.
​
​
​
​
​
​
케이크 토퍼 만들기가
정말 어렵지 않는게
컷팅기가 알아서 오려주기 때문에
배우는데 정말 오래걸리지 않아요.
​
컷팅 된 토퍼에
막대를 붙이기만 하면 돼서
정말 제작하는 시간도 짧더라구요.
​
색지나 부자재를 추가해서
디자인을 낸다면 시간이 더 걸리지만
그렇다고해도 많은 시간을
투자하지 않아도 충분해요!
​
​
​
​
​
​
한 번 수강을 하면 기간 제한이 없어서
시간적으로 여유가 있을 때
집에서 강의를 보며 배울 수 있어요.
​
강사님도 공방을 운영하며
직접 제작 판매도 하고 있어서
인기있는 토퍼 디자인을
다양하게 알려주더라구요.
​
생일, 결혼기념일, 돌잔치, 개업,
새해, 여행, 프로포즈 토퍼 등등
케이크 토퍼 만들기는 물론
토퍼 커팅기를 이용한
굿즈, 야광봉 등의 제작도 알려주는
다양한 커리큘럼을 다루고 있어요.
​
​
​
​
​
​
수강을 3개월 정도 하고
케이크 토퍼 만들기가 능숙해졌을 떄
판매에도 도전을 했어요.
​
교육기관에서 수강생에게
공방창업, 클래스운영, 강사활동 등등
수입활동을 할 수 있게
도움을 받아 볼 수 있는데
저는 제작판매에 도움을 받았답니다.
​
교육기관에서 운영하는 쇼핑몰으로
수강생이라면 등록/판매 수수료 없이
사용할 수 있게 제공받아
판매금 전액 받아 볼 수 있는 쇼핑몰이에요.
​
​
​
​
​
​
쇼핑몰에 판매 할 상품을 등록하면
국내 유명 쇼핑몰인
네이버 쇼핑, 11번가, 쿠팡, G마켓 등에
동시 노출이 돼서
주문이 잘 들어오더라구요.
​
수수료를 부담하지 않고
따로 홍보를 하지 않아도 돼고
주문부터 결제 정산까지
교육기관에서 관리를 해줘서
편안하게 판매를 하고 있어요.
​
주문이 들어오면 확인해서
케이크 토퍼 만들기를 해서
배송만 하면 된답니다. :)
​
​
​
​
​
​
케이크 토퍼 만들기에 관심이 있다면
제가 배운 교육기관에서
배워보시는 걸 추천해요!
​
케이크 토퍼 만들기를
배울 수 있는 곳은 많아도
창/부업으로 도움을
받을 수 있는 곳은 찾기 쉽지 않아요.
​
또 토퍼 한 가지만 등록해도
다른 수공예도 수강할 수 있는데
레터링 풍선도 배워서
경쟁력에 도움이 될 수 있답니다.
​
아래 링크 남겨드릴테니
한 번 자세히 알아보시면
도움이 되실거예요. :)
​
​
​
토퍼 과정
더 자세히 알아보기>>>
​
​
수강생의 솔직한 후기를 작성하고
소정의 상품권을 받았습니다
​",케이크 토퍼 만들기 시작해서 부업으로 성공후기! 생일이나 기념일에 축하를 해주기 위해 케이크를 준비를 많이 하는데요. 케이크를 보다 더 특별하게 만들 수 있는 토퍼라는 아이템이 있더라구요. 토퍼는 이쁜...,기타,etc,blog,https://blog.naver.com/chaimin80/223315895821,20240108
blog_041,부업 직장인투잡알바 7월 2180만원 번 성공 후기,"40대 50대 집에서하는부업 직장인투잡알바 7월 2180만원 번 성공 후기
​
​
​
현대 사회의 빠른 변화와 불안정한 경제 상황 속에서,
많은 사람들이 추가 수입을 위한 다양한 방법을 모색하고 있습니다.
​
오늘은 집에서하는부업에 대해 자세히 알아보려고 하는데요
'집에서하는부업'은 직장인투잡알바 등 다양한 형태로 존재하며,
특히 50대 40대주부알바로 인기를 끌고 있습니다.
이번 글에서는 주로 블로그글쓰기만으로
AI자동시스템제공 등의 원고작성알바를 중심삼아,
어떻게 시작할 수 있는지,
그리고 7월 월급2180만 성공후기로 공유하겠습니다.
​
​
본 글을 통해 추가부수입을 올릴 수 있는
다양한 방법들을 습득하고 실생활에 적용할 수 있을 것입니다.
​
​
​
​
7월 5일만에 681만 성공 후기
​
경제적 이유로 고정 수입 외에
추가 수입원이 필요할때 유용하고
시간과 장소에 구애받지 않고 일할 수 있어
직장이나 가정의 책임을 동시에 지키면서
수익을 창출할수 있는데요
​
​
많은 사람들이 지속 가능한 평생직업을 찾고싶어하죠
집에서의 부업은 이를 위한 첫 희망의 걸음이 되여줍니다
​
체력적 부담이 적어 40대주부알바도 적합하고
인터넷과 AI등을 활용한 특허등록 낸 신기술이 등장하면서
다양한 부업의 형태가 편리하게 제공하기에
글재주가 없어도 타자만 아신다면
도전 첫날부터 수익을 얻을수 있다는 장점이 있습니다
​
​
추가 직장인투잡알바로 퇴근 후
또는 주말시간을 이용해 월급 외에 소득을 얻을수 있고
50대 60대 은퇴 후에도 소득을 유지하기 위해
집에서 하는 부업이 꼭 필요하므로 좋은 기회가 되여 줍니다
​
​
​
​
​
​
직장인 월급
48일만에 6배 1800만 성공 후기
적극 추천해 드리고 싶은 이유는
주부알바로 블로그부업으로
직장인투잡알바의 전문마케팅기업이라
​
​
모든 작업은 단복되는 글쓰기알바로
접근성이 좋아 꾸준하게 수익을 올리게 되고
​
​
AI자동 시스템을 이용한 알바투잡이기에
AI를 통해 원고를 작성이 된다는 장점이 있어요
​
​
그외 간단한 좋아요 , 구독,
터치터치 작업을 통해 포인트적립하는 방식도 있습니다
​
​
​
시간 관리가 유연하고
일과 중 빈 시간이 생기면
카페나 집에서도 어디서나
그 시간을 활용해 투잡알바을 할수 있어 편리합니다
​
​
​
​
​
​
3일만에 또 361만 적립완료
​
​
성공적으로 집에서 하는 부업을 하기 위한
몇 가지 팁을 공유해드자면
​
비대면 부업알바이지만
어떻게 참여하는지 하는방법은
1:1원격교육 & 상담교육 & 카톡교육으로 진행됩니다
처음에는 수익이 적을 수 있지만
꾸준히 하다 보면 점차 요령이 생겨
월100만 월300만이상 부수입을 얻을수 있어요
​
​
그 이유는
본업의 불확실성을 느끼는 사람들에게도
단가가 최소 1만부터 ~ 6만 ~10만
50만 ~120만 ~300만이상 까지 적립이 되기에
한번 배우면 투잡알바에서 직장인월급보다 3배넘은
큰 성과를 얻을수 있습니다
​
​
​
​
​
​
시작하기 전 초기비용이 필요한데요
이 초기비용인 매 개인 마다 홈페이지 제작 및
솔루션셋팅 비용이므로 실기간 접속을 통해
일감제공과 수익적립을 확인할수 있게 됩니다
​
​
​
​
​
​
7월27일 실제 50% 환급 출금가능한 사례
초기투자금액은 최대200% 환급해주는 제도로 운영되며
보증금 개념으로 개인 솔루션 홈페이지 제작 및 셋팅비용이
""딱 한번 "" 발생이 되요
​
초기투자한 시간이
단시간 내에 큰 성과를 낼수 있다는 장점 바탕으로
초기비용에 대한 부담을 줄여줍니다
​
​
​
​
​
목표를 설정하여 성취감을 느낄수 있는 일
저는 현재 VVIP등급으로 업계 최고수익률적립 혜택을 받아
지난 5월 6월 내 집에서 월1800만 월1500만 벌어갔으며
여기에 꾸준히 노력한다면 월2000만도 불가능한 일이 아닙니다
​
​
​
​
​
​
​
​
현재 VIP등급 VVIP등급 가입 폭주이니 참고해주시고
궁금한 점이 있다면 언제든 오픈톡으로 문의해 주세요
준비가 되셨다면 당일교육으로 당일수익 벌어가게 해드리겟습니다
​
​
​
​
​
​
​
초기투잡금 등급에 따라 적립률이 다르며
매 카드사마다 무이자 혜택 5개월에 6개월 할부결제가 가능합니다
​
​
참고해주시고
내가 배우면서 월500만 천만 벌고 싶다면
지금 바로 문의주세요
​
​
​
* 단순 떠보기 문자 정중히 거절 🚫
* 나이 부업 경력과 함께 기재 문의 부탁 🙏
​
​
younhamom👑님의 오픈프로필
VVIP 1:1맞춤교육 ! 수익 발생 할수 밖에 없는 시스템 제공 !
open.kakao.com
​
​
/본업에서의 스트레스를 덜 받으며 자율적 일하게 되어 유리
자신의 흥미와 재능을 발견하고 발전시키는 기회가 되여주고 수공예품제작이 아닌 온라인마케팅통해 현업에서 내가 어떤 것들을 추가적 할수 있는지 등 다룰 예정입니다  성과와 주의해야 할 점 들을 분석해 볼게요  교통비나 외식비 등의 부대비용을 절약할 수 새로운 도전과 배움 좋은 선택 이러한 정보를 통해 플랫촘이나 앱테크 경우에는 초기투자한 내 큰 성과를 받아가게 진행한 시간 소소한 부수입 구체적인 팁 제공 하나의 일로서 책임감을 가지고 진행합니다 병행하다 보면 피로감이 쌓일수 있게되 최소화 성실하게 진행 다양한 연령대와 직업군에서도 추가적인 아로니티 소득을 창출하여 경제적인 안정성을 높여보세요
뉴카인드멘토 아로니티일감 드림투유일감 헬로우드림멘토 헬로우드림CPA 드림투유CPA 아로니티재가입
뉴카인드재가입 애드펌킨초보 드림투유초보 슬립업멘토 이나 높게 보셔야 됩니다 드림큐일감 드림큐멘토 드림큐 온라인몰
​
​
​
​
​
​
​
​
​
​
​
​
​
​
​
​","40대 50대 집에서하는부업 직장인투잡알바 7월 2180만원 번 성공 후기 현대 사회의 빠른 변화와 불안정한 경제 상황 속에서, 많은 사람들이 추가 수입을 위한 다양한 방법을 모색하고 있습니다. 오늘은...",기타,etc,blog,https://blog.naver.com/younhamom/223529418557,20240729
blog_042,주부부업후기 집에서 시작할 수 있는 부업 그 성공의 비결,"포인트 지급 후 작성된 정보 제공의 목적
많은 주부들이 가정의 경제적 부담을 덜고 싶어 부업을 고민합니다.
그런 가운데, 실제로 집에서 할 수 있는 부업을 찾고 있는 분들이 늘어나고 있는데요.
특히 주부부업후기를 검색하는 분들은 실제로 부업을 시작한 사람들의 경험담을 듣고 싶어 합니다. 오늘은 그 중에서도 주부부업을 성공적으로 해낸 후기를 중심으로 이야기를 나눠보겠습니다.
​
1.  주부부업, 실제 후기로 시작하는 부업의 첫걸음
주부부업후기라는 키워드를 찾고 있는 분들이 가장 궁금해하는 건, 그 부업이 실제로 얼마나 효과적인지에 대한 정보입니다.
여러 후기를 통해 부업을 시작한 주부들의 이야기를 들을 수 있는데, 그 중에서도 특히 온라인 쇼핑몰을 통해 부업을 성공적으로 해낸 분들의 이야기가 주목받고 있죠.
온라인 쇼핑몰 부업을 선택한 주부들은 대부분 집에서 자녀를 돌보면서도 안정적인 수익을 창출할 수 있다는 점에서 큰 장점을 느낍니다.
한 주부는 스마트스토어에서 시작한 부업이 어느새 매달 수백만 원의 수익을 가져다주었다고 전했습니다.
이처럼 주부부업은 단순히 가정의 경제적 부담을 줄이는 수준을 넘어서, 때로는 가족의 삶의 질을 높일 수 있는 방법이 되기도 합니다.
​
2.  부업 선택, 어떻게 해야 할까?
부업을 시작할 때 가장 중요한 점은 자신에게 맞는 부업을 찾는 것입니다.
모든 사람이 온라인 쇼핑몰을 시작하는 것이 최선은 아닙니다.
하지만 요즘은 쿠팡이나 스마트스토어 같은 온라인 플랫폼을 통해 적은 투자로도 시작할 수 있는 기회가 많아졌습니다. 실제로 한 주부는 상품 소싱과 위탁 판매를 통해, 시작한 지 6개월 만에 월 4백만 원 이상의 수익을 올린 경험을 공유했습니다. 그 과정에서 가장 중요한 점은 무엇보다 시장 분석과 트렌드에 맞는 상품을 선정하는 것이었습니다.
또한, 부업을 시작할 때 필요한 또 다른 중요한 요소는 꾸준함입니다.
처음 몇 달은 수익이 적을 수도 있지만, 지속적으로 전략을 수정하고 개선하면서 수익을 늘려갈 수 있다는 점에서 인내가 필요합니다.
주부부업후기들을 보면, 처음에는 불안했지만, 점차 실제 수익을 경험하면서 자신감을 얻고 성공적인 부업으로 자리 잡은 경우가 많습니다.
​
3.  주부부업, 내게 맞는 플랫폼 고르기
온라인에서 시작할 수 있는 다양한 부업 중, 플랫폼을 선택하는 것도 매우 중요합니다.
예를 들어, 스마트스토어는 비교적 쉽게 입문할 수 있지만, 꾸준한 관리와 고객 서비스가 필요합니다.
반면 쿠팡의 경우, 물류와 배송에 대한 부분이 자동화되어 있어, 판매자 입장에서 편리하게 운영할 수 있습니다. 그 외에도 네이버 쇼핑, 11번가와 같은 다양한 온라인 플랫폼이 있는데, 각 플랫폼의 특성에 맞춰 자신에게 가장 적합한 곳을 선택하는 것이 중요합니다.
부업을 시작하기 전, 실전 경험이 풍부한 주부들의 후기를 참고하는 것이 많은 도움이 됩니다.
다양한 후기를 통해 어떤 상품이 잘 팔리고, 어떤 판매 전략이 효과적이었는지에 대한 실질적인 정보를 얻을 수 있기 때문입니다.
​
4.  주부부업후기, 성공적인 경험을 공유하다
주부부업후기를 찾다 보면, 실제 매출을 올린 사람들의 사례가 많습니다.
예를 들어, 한 주부는 온라인 쇼핑몰을 통해 처음에는 작게 시작했지만, 꾸준한 마케팅과 상품 라인업 확장으로 매출이 급증했다고 말합니다.
그녀는 SNS 마케팅을 활용해 자사 상품을 인스타그램이나 블로그에 소개하며, 고객의 신뢰를 얻는 과정이 부업 성공의 열쇠였다고 전했습니다.
이러한 후기를 통해 느낄 수 있는 점은, 성공적인 부업은 꾸준한 노력과 전략적인 접근이 필요하다는 것입니다.
처음에는 작은 수익이었지만, 시간이 지나면서 그 수익이 배로 늘어나기도 합니다.
중요한 건, 기회를 잡고, 포기하지 않고 계속 도전하는 자세가 부업 성공의 핵심이라는 것입니다.
5.  주부부업후기, 어떻게 시작할까?
주부부업을 시작하려면 첫걸음이 중요합니다.
부업을 시작하기 전에 자신에게 맞는 부업이 무엇인지 고민하고, 그에 맞는 플랫폼을 선택하는 것이 중요합니다.
여러 후기를 찾아보면서 어떤 방법이 자신에게 맞는지 고민하고 실제 경험담을 바탕으로 성공 전략을 세우는 것이 중요하겠죠?
부업을 시작하면서 처음에는 어렵다고 느낄 수 있지만, 꾸준한 노력과 스스로의 실력을 쌓는 과정이 결국은 부업 성공으로 이어집니다.
주부부업후기들을 통해 점차 자신감을 얻고, 차근차근 실력을 쌓아가다 보면 언젠가 자신도 성공적인 부업인이 될 수 있을 것입니다.
​
🚀소싱부터 배송까지 한 번에 끝내는<쇼핑몰 다이렉트 마스터> 모집🔥
cafe.naver.com
퇴사자부업후기 퇴사 후 부업을 시작한 사람들의 경험담과 노하우
포인트 지급 후 작성된 정보 제공의 목적 퇴사를 결심하고 나서 가장 중요한 고민 중 하나는 ‘이후에 무엇...
blog.naver.com
​","주부부업후기, 성공적인 경험을 공유하다 주부부업후기를 찾다 보면, 실제 매출을 올린 사람들의 사례가 많습니다. 예를 들어, 한 주부는 온라인 쇼핑몰을 통해 처음에는 작게 시작했지만, 꾸준한 마케팅과 상품...",스마트스토어,online-commerce,blog,https://blog.naver.com/bqqfmqkkco67916/223867260907,20250516
blog_043,악세사리 부업 : 주부의 재택 후기,"후기를 작성하고 기관으로부터 수수료를 받습니다
​
​
​
​
재택으로 할 수 있는 부업이
생각만큼 편하진 않아요
​
대부분 단순 손포장부업인데
시간대비 돈도 안되고
부품 양도 많고 크기도 작아서
집안이 금방 어질러지거든요
​
특히 어린 아이를 키우면
먼지도 나고 입으로 넣기도 해서
할게 못되더라고요
​
시간내에 급하게 마감을
해야하는 단순포장 말고,
전문성있게 할 수 있는 재택일이 없을까
고민하다가 악세사리 부업을
시작하게 됐는데요
​
처음 시작할 때만 해도
이렇게 안정적으로 자리를 잡게될 줄 몰랐어요
자세한 악세사리 부업 후기 남겨볼게요
​
​
​
​
​
​
​
​
​
​
​
제가 하는 악세사리 부업은
비즈공예로 귀걸이, 목걸이, 반지 등
다양한 장신구를 제작해
온라인으로 판매하는 일인데요
​
한마디로 핸드메이드 작가가
되는 일이라고 보시면 돼요
요즘 수공예 작가들 많잖아요~
​
어떤 악세사리를 팔지,
얼마의 마진을 남길지,
자유롭게 정할 수 있고
​
핸드메이드로 제작하는거라
공장표보다 더 비싼 값에 팔 수 있어서
만족하며 일하고 있어요
​
손포장부업과는 비교도 안될만큼
생활의 질도 높아졌고요
​
​
​
​
​
​
​
​
​
​
​
1:1로 주문을 받아
제작 판매 하는거라
대량 생산을 하지 않아도 되고
​
악세사리 부업 가짓수도
직접 확장할 수 있어서
노력하는만큼 벌 수 있는 일이랍니다
​
주로 전날 주문건을 확인하고
오전 중으로 제작해 택배를 보내고 있어요
​
이렇게 한가하게 일해도
평일 내내 7-8시간씩 손포장부업
하는것보다 더 많이 번답니다
​
​
​
​
​
​
​
​
​
​
​
​
악세사리 부업은 타고난 감각이 없어도
누구나 배워서 시작할 수 있어요
​
저는 창업부업지원센터를 통해
실제 작가분께 악세사리 제작을 배우고
기관의 지원을 받아 온라인 판매에 성공했는데요
​
입문부터 수익창출까지
대략 두달 정도 걸렸어요
​
계산해보니 당장 손포장일에 뛰어드는것보다
두달 정도 전문성을 갖춘 뒤
내 작품을 판매하는것이 장기적으로
훨씬 이득이더라구요
​
​
​
​
​
​
​
​
​
​
​
​
제가 수강한 곳은
온라인강의로 진행하기 때문에
주부도 재택으로 편하게 연습할 수 있어요
​
실제 수익을 버는 강사님이
판매하시는 작품들로 강의를 해주기 때문에
가장 실전과 가까운 교육인데요
​
같은 악세사리 기법이라도
어떤 비즈알, 부자재를 선택하느냐에 따라
분위기가 많이 달라지는것이 재밌더라구요
​
작품 하나 하나 당장 판매해도
손색없을만큼 완성도가 높아서
배우는 내내 자주 착용하고 다녔어요~
​
​
​
​
​
​
​
​
​
​
​
수공예부업 전문기관이라
악세사리 외에도 다양한 아이템들이 있는데요
​
악세사리 한 과목만 선택해도
40여가지 부업 아이템들을 모두 무료로 배우고
부업으로 활용할 수 있어요
​
수강 기간도 평생 이용할 수 있어서
내 속도에 맞춰 느긋하게
배울 수 있다는 점도 좋아요
​
저는 악세사리를 너무 좋아해서
비즈공예, 리본공예, 레진아트 등
악세사리 종류를 더 다양하게 배웠답니다
​
다른 수강생들의 악세사리 부업 후기를 봐도
최소 4-5가지 이상은 배워서
수익창출을 하시더라고요
​
​
​
​
​
​
​
​
​
​
​
​
수강등록을 하면 공예에 필요한
준비물을 무료로 제공해주시는데요
​
각 수업에 딱 맞게
패키지로 만들어서 제공해주니까
수업에만 딱 집중할 수 있어서
초반에 수월했어요
​
비즈공예는 부자재들이 저렴하고
종류가 다양해서
응용도 쉽고 재료비도 적어서
별다른 리스크가 없다는게 장점이에요
​
몸에 착용하는거지만
판매시 별도의 인증 절차가
필요한 것도 아니고요
​
​
​
​
​
​
​
​
​
​
​
내 실력만 갖춰진다면
바로 부업을 할 수 있는 아이템이라
수강한지 두달 좀 넘었을 때
바로 온라인판매 지원을 신청했어요
​
기관에서 별도로 관리하는
판매 사이트가 있는데,
여기는 이미 활성화 되어 있고
수공예에 관심많은 분들이 많이 이용하시더라고요
​
간단하게 작은 악세사리들부터
차례차례 샘플 사진을 등록하고
희망가를 설정했더니
다음날 바로 첫 주문이 들어와있었어요
​
​
​
​
​
​
​
​
​
​
이 사이트가 좋은게
한번만 등록해두면 동시에 여러 군데에
연동이 되는데요
​
네이버, 쿠팡, 지마켓, 11번가 등
국내에 굵직굵직한 마켓에는
전부 자동으로 연동시킬 수 있어요
​
그런데도 따로 이용료를 받지 않고
판매수수료까지 면제가 된답니다
​
한 두달 판매하다 말거면
수수료가 크게 중요하지 않겠지만
앞으로 꾸준히 재택부업을 한다면
절약되는 누적 액수가 꽤 높을거예요
​
​
​
​
​
​
​
​
​
악세사리 판매 외에도
강사 활동, 공방 창업 등으로
수익을 창출할 수 있는데요
​
교육기관 취업 담당자님이
직접 가이드를 제공해주니까
진로에 따라 상담을 받으시면 돼요
​
꼭 온라인판매가 아니더라도
수익을 창출할 수 있는 방법은 많더라구요
​
특히 악세사리 같은 경우엔
초등학생들도 너무 좋아해서
방과후수업으로도 인기가 많았어요
​
나이, 학력, 전공 상관없이
강사활동을 할 수 있는 분야라
누구나 마음 먹으면 가능하겠더라구요
​
​
​
​
​
​
​
​
​
​
악세사리 부업에 처음 입문해도
초보과정부터 자세히 나와 있어서
쉽게 배울 수 있어요
​
몇 가지 기법만 잘 익혀두면
거의 무한대로 응용할 수 있다보니
개성있는 작품도 만들 수 있고요
​
최근엔 레진공예를 배우고 있고
이것도 곧 부업으로 시작할 생각이랍니다
​
취미처럼 할 수 있는 수공예라
사부작 사부작 만드는거 좋아하는 주부들은
만족하며 들으실 거예요
​
지금까지 악세사리 부업 후기였고요
제가 배운 곳 알려드릴게요
여기서 더 많은 정보 얻어가세요:)
​
​
악세사리 부업 수공예 교육
무료 자료 더 자세히 알아보기>>>>
​
​
​
​
​
​
​
​
​","악세사리 부업 후기 남겨볼게요 제가 하는 악세사리 부업은 비즈공예로 귀걸이, 목걸이, 반지 등 다양한... 부업지원센터를 통해 실제 작가분께 악세사리 제작을 배우고 기관의 지원을 받아 온라인 판매에 성공했...",스마트스토어,online-commerce,blog,https://blog.naver.com/kghic67/223863041175,20250512
blog_044,쉽고 빠른 재택부업 성공 후기,"​
​
안녕하세요,
오늘도 좋은 하루 보내고 계신가요?
오늘은 제가 재택부업을 통해 경험한 이야기를 나눠보려고 해요.
​
​
바로시작하기
​
몇 달 전만 해도 직장에 다니면서 바쁜 일상 속에서 늘 시간에 쫓기곤 했어요. 그러던 중 SNS에서 우연히 재택부업에 대한 글을 보게 되었고, 호기심이 생겨 시작하게 되었습니다.
​
​
​
재택부업, 이렇게 시작했어요
​
처음엔 정말 간단한 정보 입력 업무부터 시작했어요. 어렵지 않은 작업이었고, 하루에 몇 시간씩 투자하면 충분했죠.
​
​
​
​
이 부업의 가장 큰 장점은 시간과 장소의 제약이 없다는 거였어요. 집에서 커피 한 잔 마시면서 노트북만 있으면 작업할 수 있었거든요. 특히, 아이들을 돌보는 주부나 학교가 끝난 후 여유 시간을 활용하고 싶은 대학생들에게 딱 맞는 일이라 생각했어요.
​
​
제가 한 작업은 데이터 정리와 간단한 고객 응대였는데, 미리 제공된 가이드라인만 따라 하면 누구나 할 수 있는 일이었어요. 플랫폼도 사용하기 쉬워서 금방 적응할 수 있었답니다.
​
​
​
실제 수익은 얼마나 될까?
​
솔직히 처음 시작할 땐 ""진짜 돈이 될까?""라는 의문이 있었어요. 그런데 꾸준히 일한 첫 달, 약 50만 원 정도를 벌 수 있었고, 이후로는 스케줄에 맞게 조율하며 더 안정적인 수익을 올릴 수 있었어요. 물론 시간 투자와 성과에 따라 다르겠지만, 노력한 만큼 수익이 보장되는 시스템이었습니다.
​
​
​
이런 분들에게 추천합니다!
​
1. 유연한 일정을 원하시는 분: 출퇴근이 어려운 분들에게 특히 좋아요. 저는 주말이나 쉬는 시간에 집중적으로 작업하면서 시간을 효율적으로 활용할 수 있었어요.
​
​
2. 경제적 여유를 찾고 싶은 분: 부업이지만 한 달 고정 수익을 꾸준히 올릴 수 있다 보니 가계에 큰 도움이 되더라고요.
​
​
​
3. 기술에 익숙하지 않은 초보자: 컴퓨터 기초 지식만 있어도 할 수 있는 일이 많아서 큰 부담 없이 도전할 수 있어요.
​
​
​
​
마무리하며
​
재택부업은 생각보다 간단하고 실속 있는 일이었어요. 물론 모든 일이 그렇듯이, 자신의 성실함과 책임감이 중요한 건 당연하겠죠.
​
​
하지만 누구든지 쉽게 시작할 수 있고, 본인의 노력에 따라 수익도 늘어나는 점이 가장 매력적이었어요.
​
1:1 배워보기
​
혹시 여러분도 재택부업을 고민 중이라면 작은 일부터 시작해보세요. 지금의 저는 직장에 다니면서도 추가적인 수입을 올리며 삶의 여유를 더할 수 있게 되었답니다. 다음에는 더 유익한 정보로 돌아올게요!",오늘은 제가 재택부업을 통해 경험한 이야기를 나눠보려고 해요. 바로시작하기 몇 달 전만 해도 직장에 다니면서 바쁜 일상 속에서 늘 시간에 쫓기곤 했어요. 그러던 중 SNS에서 우연히 재택부업에 대한 글을...,기타,etc,blog,https://blog.naver.com/uooo123675/223680018299,20241202
blog_045,쇼핑몰 부업 성공했다고 말할수 있는 이유,"쇼핑몰 부업에 쓰는 시간은
하루에 거의 20분정도에요.
그런데 정산받는 금액은 평균적으로 70만원!
어때요? 이정도면 성공했다고 할 수 있겠죠?
솔직히 시간을 더 쏟으면
백만원도 가능할거 같은데
제가 이정도 수익이 되기까지
들인 시간은 겨우 반년이었어요.
빨리 알려드리고 싶은 마음에
이렇게 경험담을 남기게 되었네요.
​
다음번에 백만원이 안정적으로 입금되면
그 때 또 후기 들고 올게요!
쇼핑몰 부업을 준비하며 사람들에게
하지 말라는 말을 많이 들었어요.
워낙 레드오션이잖아요.
​
직접 해봤다가 수익은 하나도 없이
그만 두기도 했고 스트레스를
많이 받는 경우도 많았다고 얘기했죠.
사실 부정적인 말만 들었어요.
​
하지만 저는 욕심이 많지 않았고
한 번 해보자는 마음으로
시작하게 되었습니다.
​
솔직히 생각한 정도도 부업이었어요.
​
그런데 쇼핑몰 개설해서 관리하는 것보다
효율적으로 수익을 만들 수 있는 방법이
눈에 안 보이길래, 시작하게 된거였죠.
다양하게 검색해보니
쇼핑몰 부업을 하는 방법도
생각보다 여러가지더라고요.
​
그 중에서 많은 분들이 그만두지 않고
관련 경력이 없는 셀러도
수익을 만들 수 있는 방법은
AI 프로그램을 활용하는 것이었어요.
제품소싱부터, 번역 그리고 상세페이지도 만들어주고
판매, 배송, 실시간 재고파악 등을
AI가 알아서 진행해주니
확실히 걱정 없이 관리하게 되더라고요.
​
셀러가 직접 하려면 많은 시간이
필요하거든요. 그런데 AI로
이 과정을 처리하면 알아서 진행해주고
많은 시간 들이지 않아도 되서
효율적이에요.
매일 300개가 넘는 제품을
알아서 등록해주다보니
셀러인 제가 제품 등록에 쏟는 시간은
1분도 없어요.
​
그리고 막무가내로 제품이
등록되는 것이 아니라
고객들이 많이 찾는 키워드와
주문이 많이 들어가는 제품 등을
분석해서 제품이 소싱이 되어요.
​
물량도 중요하지만 분석도
정확하게 해야하잖아요.
그러다보니 수동으로 소싱을 하는 분들과는
수익이 다를수 밖에 없죠.
​
그리고 이것뿐만 아니라
제품관리도 AI가 알아서 진행해주는데
몇주가 지나도록 주문이 한 건도
안 들어오는 상품에 한해서는 삭제되거나
다른 제품으로 교체가 되어요.
그러니 제사이트에는 인기있는 제품만
남게되는 것이죠.
재고 확인도 제가 할필요가 없어요.
​
쇼핑몰 부업중에서도 많이
힘들어하는 것이 고객문의랑 재고파악이거든요.
​
재고 파악의 경우에는 실시간으로
진행해줘야하고 고객문의는
사람을 상대해야하다보니
힘들 수 밖에 없죠.
​
그런데 저는 부업을 시작하면서
이 두가지로 힘들어본 적이 없어요.
​
왜나면, 재고 파악은 AI가 처리해주고
고객문의는 판매처가 처리해주거든요.
제품등록부터 관리와 재고확인,
고객문의와 판매 등이 알아서 진행이 되니
셀러가 할일이 없어도
수익이 만들어져요.
​
솔직히 한달내내 단 1초도 신경쓰지 않아도
약 30만원정도는 정산받을 수 있어요.
​
처음에 저도 쇼핑몰 부업 하겠다고
개설은 했는데 갑자기 본업이
너무 바빠지는 바람에 신경을 못썼거든요.
​
그런데 한 달 뒤 입금이 되는데
보고도 믿기 힘들었어요.
그걸 보니 하길 잘했다 싶더라고요.
AI 쇼핑몰 부업은 강의나 가이드 북을
통해서 시작할 수 있어요.
​
둘 중에 하나로 선택하면 되요.
​
개인적으로 저는 동영상이 편해서
그걸 보면서, 하나씩 따라하며 쇼핑몰을 개설했어요.
​
카테고리도 나눠져있고 해야하는 부분들을
빨갛게 표시해주시다보니
어렵지 않게 따라할 수 있었어요.
​
확실히 자세하게 나오니
금방 따라하게 되더라고요.
이렇게 쇼핑몰을 개설하고 몇 달동안으
무료로 제공해주는 강의를 잊고 있었어요.
​
AI 쇼핑몰 부업을 선택한 살마들에
한해서 기관에서 수익을 더 많이
낼 수 있는 노하우가 들어 있는 인강을
무료로 볼 수 있게 해주거든요.
​
인강이 10분 내외라
틈틈히 보기에 좋았어요. 그래서 종종
움직이는 시간에 보고
하나씩 따라해봤습니다.
수익이 눈에 띄게 확 달라지더라고요.
쇼핑몰을 건드리지 않았을 때는
월 40을 넘기가 어려웠는데,
배운 내용을 조금만 적용해주니
수익이 쭉쭉 오르더라고요.
그래서 그 때부터 제공해주는
인강을 보면서 하나씩 따라하기 시작했어요.
이렇게 하면 수익이 더 늘어나겠다 싶었거든요.
​
이렇게 좋은 결과들이 나오니
쇼핑몰 부업 진행한다고 했을때
하지 말라고 한 사람들도
저 따라서 쇼핑몰을 개설하더라고요.
​
제가 알려드린 AI 쇼핑몰을
활용해서 회사 다니면서
부수익을 만드는 쇼핑몰을 관리하고 있어요.
사실 다른 분야의
쇼핑몰 부업은 경험해보지 않아서
말씀드리기가 어렵네요.
​
그런데 제가 선택한 방법은
생각보다 더 좋더라고요.
​
만약 AI 쇼핑몰로 수익 내고싶으시다면
제가 알려드리는 사이트도 참고해보세요!
​
​
​
AI 쇼핑몰 부업으로 부수익 만드는 방법
한 눈에 보기 >>>
​
​
​
​
​
​
​
​
​
​
​
​
​
​
​
​
​
​
​
​
​
​
​
​
​
​
​
​
​
​
​
​
​
​
직접 경험한 후기를 작성한 후, 기관으로 부터 수수료를 제공받을 수 있습니다.",이정도면 성공했다고 할 수 있겠죠? 솔직히 시간을 더 쏟으면 백만원도 가능할거 같은데 제가 이정도... 다음번에 백만원이 안정적으로 입금되면 그 때 또 후기 들고 올게요! 쇼핑몰 부업을 준비하며 사람들에게...,스마트스토어,online-commerce,blog,https://blog.naver.com/dmstjs9942/223253626126,20231102
blog_046,"[일본구매대행사업] 직장인 부업 후기, 적합할까요? 성공후기","안녕하세요. 월 매출 7천만원 일본구매대행사업 셀러 스텔라입니다.
​
​
​
​
​
​
​
​
​
직장인 부업 후기, ""일본 구매대행""으로 시작해보세요!
​
​
요즘 직장인들은 부업 많이 하죠? 본업을 유지하면서도 추가적인 수익을 만들고 싶은 분들에게 ""일본구매대행사업"" 은 매우 매력적인 선택이 될 수 있습니다. 하지만
시간 부족
과
복잡한 운영 과정
이 부담될 수 있습니다. (같은 직장인으로 저도 정말 공감해요ㅠㅠ)
​
​
직장인 부업 후기
저는 직장인이면서 부업으로 일본구매대행사업을 시작했고,
6개월 만에 매출 7천만 원을 달성
했습니다.
(현재는 월 매출 1억 달성)
의지와 끈기만 있다면 누구나 시작할 수 있다고 말씀드려요. 가장 큰 문제점은 시간 부족인데 ""반자동 프로그램 윈들리""를 활용하면 시간절약하며 상품등록할 수 있습니다!
​
​
​
​
일본 구매대행, 직장인 부업 으로 좋은 이유
직장인들에게 적합한 부업을 찾을 때 중요한 것은
시간을 효율적으로 활용할 수 있는가
입니다. 일본구매대행사업은 상대적으로 낮은 초기 비용과 재고 부담 없이 시작할 수 있어 인기 있는
직장인 부업
중 하나입니다. 특히 스마트스토어와 같은 온라인 마켓을 활용하면 추가적인 마케팅 없이도 제품을 판매할 수 있습니다.
하지만 직장인 부업으로 구매대행을 직접 운영하려면 상품 소싱부터 등록, 주문 관리까지 생각보다 많은 시간이 필요합니다. 바쁜 직장인이라면 이 모든 작업을 혼자 감당하기 어렵습니다.
윈들리
를 활용해보시는건 어떠실까요?
​
​
​
윈들리, 직장인을 위한 최적의 구매대행 프로그램
""윈들리""는 일본구매대행사업을 보다 쉽고 빠르게 운영할 수 있도록 도와주는
반자동화 프로그램
입니다. 이 프로그램을 활용하면 아래와 같은 장점을 얻을 수 있습니다.
기능
설명
상품 소싱 자동화
일본 쇼핑몰에서 인기 상품을 쉽고 빠르게 찾아서 가져올 수 있습니다. 트렌드 분석과 소싱 시간이 대폭 단축됩니다.
스마트스토어 연동 & 상품 등록 자동화
스마트스토어와 연동되어 상품을 자동으로 등록할 수 있습니다. 수작업 없이 빠르고 편리하게 판매를 시작할 수 있습니다.
​
윈들리 | 구매대행부터 위탁판매까지 쇼핑몰 관리, 이제 AI로 쉽고 빠르게
업계 평점 1위, 고객사수 1위 - 구매대행 위탁판매 프로그램은 윈들리로 시작하세요. 상품 소싱, 이미지 번역, 상품 등록, 주문 관리까지 완전 자동화. N잡러, 주부재택부업, 인터넷투잡을 원하는 누구나 구매대행, 위탁판매 사업을 시작할 수 있습니다.
www.windly.cc
​
​
이러한 기능 덕분에 직장인들도 구매대행을 부담 없이 시작하고, 본업과 병행하면서 효율적으로 운영할 수 있습니다.
​
​
​
​
직장인이 윈들리로 부업을 성공한 사례
일본구매대행사업, 윈들리를 활용하여
직장인 부업
으로 성공한 사례가 많습니다. 저 또한
6개월 만에 매출 7천만 원을 달성
하며 안정적인 부수입을 창출하고 있습니다. 한 이용자는 ""윈들리를 사용하면서 상품 등록 시간이 1/10로 줄었고, 스마트스토어의 검색 노출이 증가해 주문량이 크게 늘었다""고 합니다. 본업을 유지하면서도 꾸준한 추가 수익을 창출할 수 있다는 점이 큰 장점입니다.
​
​
​
​
​
지금이 시작할 기회! 직장인부업, 윈들리로 도전하세요
올해는
직장인 부업
으로 새로운 도전을 해보는 건 어떨까요? 일본구매대행사업은 낮은 리스크와 높은 성장 가능성을 가진 분야이며, ""윈들리""를 활용하면 더욱 쉽고 효율적으로 운영할 수 있습니다.
​
​
​
일본구매대행사업 시간을 아끼면서 안정적인 부수입을 창출하고 싶다면, 윈들리와 함께하세요!
​
​
​
​
​
​
​
​
#직장인
부업 후기
#윈들리
#반자동프로그램
#일본구매대행사업","직장인 부업 후기, ""일본 구매대행""으로 시작해보세요! 요즘 직장인들은 부업 많이 하죠? 본업을... 직장인이 윈들리로 부업을 성공한 사례 일본구매대행사업, 윈들리를 활용하여 직장인 부업으로 성공한 사례가...",기타,etc,blog,https://blog.naver.com/stella_22_/223793338489,20250312
blog_047,프랑스자수독학으로 주부 부업 성공했어요,"소정의 원고료를 받았으며
실제 수강생이 작성합니다
​
​
혹시 요즘 집에서
혼자 할 수 있는 취미로
프랑스자수를 배워볼까
고민하고 계신가요?
​
저도 손으로 무언가 만드는 걸 좋아해서
예전부터 뜨개질이나 간단한 바느질은
취미처럼 즐겨왔는데요.
​
어느 순간부터 프랑스자수 작품들이
자꾸 눈에 들어오기 시작하더라고요.
​
알록달록한 실이 모여
한 폭의 그림처럼 완성되는 모습을 보니
‘나도 한 번 해보고 싶다’는 생각이
자연스럽게 들었어요.
​
처음에는 프랑스자수독학으로
시작해보려고 책부터 찾아봤어요.
​
​
그런데 막상 책을 펼쳐보니
초보자 입장에서는
이해하기 어려운 부분이
생각보다 많더라고요.
​
도안 설명은 자세했지만
바늘을 넣는 방향이나
실을 당기는 힘, 손의 움직임 같은 건
사진만으로는 감이 잘 오지 않았어요.
​
​
그래서 자연스럽게
영상 강의를 찾아보게 되었어요.
프랑스자수독학을 제대로 하려면
손동작을 직접 보면서 따라 하는 게
훨씬 도움이 될 것 같았거든요.
​
물론 공방 수업도 고민했지만
정해진 시간에 맞춰 이동해야 하고
꾸준히 다니기 어렵다는 점이
저에게는 조금 부담으로 느껴졌어요.
​
그래서 집에서 내 시간에 맞춰
천천히 배울 수 있는
온라인 프랑스자수 강의를
본격적으로 알아보기 시작했답니다.
​
​
검색해보니 프랑스자수독학 강의가
정말 다양하게 있어서
처음에는 오히려 선택이 어려웠어요.
​
그래서 단순히 가격만 비교하지 않고
커리큘럼 구성, 지원 혜택,
그리고 이후 활용 가능성까지
꼼꼼하게 살펴봤어요.
​
사람마다 프랑스자수를
배우는 이유가
다 다르잖아요.
​
취미로 즐기려는 분도 있고
저처럼 나중에 부업까지
연결하고 싶은 사람도 있으니까요.
​
저는 평생회원 형태로 운영되고
재료 지원이 포함되어 있으며
프랑스자수독학 이후에도
다른 수공예를 함께 배울 수 있는
교육기관을 선택했어요.
​
후기를 자세히 읽어보니
취미로 시작했다가
판매 활동까지 이어진 사례가 많아서
신뢰가 가더라고요.
​
중간에 그만둔 분들의 후기도 있었지만
대부분은 기관 문제가 아니라
프랑스자수가 본인
취향과 맞지 않았다는
이야기가 많았어요.
​
​
오히려 마음에 들었던 점은
프랑스자수 외에도
여러 수공예 강의가 함께 제공되어
선택 폭이 넓다는 부분이었어요.
​
홈페이지를 처음 봤을 때
프랑스자수를 포함해
40가지가 넘는 강좌가 있어서
솔직히 조금 놀랐던 기억이 나요.
​
한 번 등록하면
과목 수와 관계없이 수강할 수 있고
기간 제한 없이 천천히 배울 수 있어
부담이 없었답니다.
​
프랑스자수 강의를 신청하고 나니
첫 과정에 한해
초도 재료 세트도 보내주셨어요.
​
​
자수 실, 바늘, 원단, 자수 틀까지
필요한 기본 도구가
모두 포함되어 있어서
따로 준비할 게 거의 없었어요.
​
프랑스자수독학을 처음
시작하는 사람에게는
재료 선택부터 어려운데
이렇게 한 번에 준비되어 오니
시작이 훨씬 수월했어요.
​
강의는 기초 스티치부터
차근차근 진행되었고
프랑스자수가 처음이었던 저도
큰 어려움 없이 따라갈 수 있었어요.
​
특히 1인칭 시점으로
강사님의 손동작을 자세히 보여줘서
바늘 위치와 실 방향을
정확히 확인할 수 있었던 점이
정말 도움이 되었어요.
​
​
프랑스자수는 단기간에
실력이 늘기보다는
반복 연습을 통해 익숙해지는 작업이라
강의를 여러 번 볼 수 있다는 점이
프랑스자수독학에 큰 장점이었어요.
​
저는 약 두 달 정도
꾸준히 연습을 이어갔는데
기본 스티치뿐 아니라
응용 도안까지 자연스럽게
완성하게 되었어요.
​
작품 하나를 완성할 때마다
성취감이 정말 컸고
‘이 정도면 작품이라고 불러도 되겠다’
싶은 결과물이 나오더라고요.
​
그때부터는 취미로만 두기엔
조금 아깝다는 생각이 들었어요.
그래서 기관에서 제공하는
수익 연계 활동에도 도전하게 되었죠.
​
​
수강생 전용 온라인 쇼핑몰이 있어
제가 만든 프랑스자수 작품을 등록하면
여러 제휴 쇼핑몰에
자동으로 연동됐어요.
​
결제나 정산, 고객 응대는
기관에서 관리해 주기 때문에
저는 제작과 발송에만 집중하면 되었고
부담 없이 시작할 수 있었답니다.
​
입점 비용이나 판매 수수료 부담도 없어
핸드메이드 제품 특성상
마진도 괜찮게 남는 편이었어요.
​
프랑스자수 작품은
핸드메이드 가치가 인정되는 분야라
생각보다 단가가 낮지 않은 것도
장점으로 느껴졌어요.
​
​
지금은 육아와 병행하면서
집에서 프랑스자수독학을 이어가며
소소한 수익까지 만들고 있어
정말 만족스럽게 지내고 있어요.
​
제가 특별히 손재주가 좋아서가 아니라
체계적인 강의와 지원 덕분에
꾸준히 이어올 수 있었던 것 같아요.
​
프랑스자수에 관심은 있지만
어디서부터 시작해야할지
고민 중이라면 책만으로
프랑스자수독학을 하기보다는
영상 강의를 함께 활용해보시는 것도
좋은 방법일 것 같아요.
​
​
취미로 시작해
작은 수익까지 연결될 수 있다는 점에서
저에게는 정말
만족스러운 선택이었거든요.
​
관심 있으시다면
샘플 강의부터 천천히 체험해보시고
나에게 맞는 방식인지 확인해보셔도
좋을 것 같아요 :)
​
​
​
​
프랑스자수독학 수공예 부업
홈페이지 바로가기>>>",나중에 부업까지 연결하고 싶은 사람도 있으니까요. 저는 평생회원 형태로 운영되고 재료 지원이 포함되어 있으며 프랑스자수독학 이후에도 다른 수공예를 함께 배울 수 있는 교육기관을 선택했어요. 후기를...,기타,etc,blog,https://blog.naver.com/hosuk6564/224201753908,20260314
blog_048,pop예쁜글씨자격증 취득 후 부업성공후기,"​
“소정의 수수료를 지급받고 작성한 글입니다”
​
​
​
POP예쁜글씨,
처음 접하는 분이라도
카페, 미용실, 병원, 식당,
네일샵 등에서
POP글씨로 디자인된
광고판이나 메뉴를
한 번쯤 보신 적이 있을 거예요.
저도 처음에는 단순히
악필을 교정해보려고
POP글씨를 시작했어요.
​
그런데 배우다 보니 글씨를
깔끔하게 정리하는 과정이
생각보다 재미있더라고요.
​
점점 더 매력에 빠지게 되었고,
결국 POP예쁜글씨 자격증까지
취득하게 됐어요.
​
학원이 아닌 재택으로 독학
저는 학원을 다니지 않고,
온라인 강의로 독학을 했어요.
​
사실 인터넷 강의로 뭔가를 배우는 건
처음이라 걱정도 있었는데,
강의 구성이 체계적이고
정말 쉽게 되어 있더라고요.
특히 POP예쁜글씨 자격증 과정은
기초부터 실전까지
다 다루고 있어서
초보자인 저도 금방
적응할 수 있었어요.
​
한글 자음과 모음의 규칙,
다양한 글씨체,
색 조합과 디자인까지
한 번에 익힐 수 있던 점이 좋았어요.
​
난이도도 적절해서 부담 없이
즐기면서 배울 수 있었고요.
​
강의 퀄리티와 세심한 가르침
강사님의 붓터치 하나하나를
정확히 볼 수 있도록
클로즈업 촬영이 돼 있어서
미세한 부분까지 놓치지 않고
따라 할 수 있었어요.
​
덕분에 따라 하다 보니
생각보다 결과물이 괜찮게
나오더라고요.
처음엔 그냥 악필을 고치려고
시작했는데,
실력이 늘어가는 걸 보면서
점점 더 재미있어졌어요.
연습 재료까지 무료 제공
무엇보다 놀랐던 건
연습에 필요한 재료들을
강의 측에서 무료로
보내줬다는 거예요.
​
포스터칼라, 붓, 폼보드,
열컷팅기, 교재까지
박스로 한가득 도착해서
처음엔 ‘내가 주문했었나?’ 싶었어요.
​
덕분에 추가 비용 부담 없이
연습에만 집중할 수 있었어요.
나중에 실전에 들어가면서
필요한 재료는
수강생 전용 쇼핑몰에서
시중보다 저렴하게
구매할 수 있었고요.
​
평생 수강 & 취업 지원 혜택
또 한 가지 좋은 점은
수강생 자격이
평생 유지된다는 거예요.
​
새로운 강의가 추가될 때도
별도 비용 없이 들을 수 있어서
필요할 때마다 복습하면서
활용하고 있어요.
사실 저는 처음에
단순히 악필 교정을 하려고
시작한 건데
배우다 보니 점점 실력이 붙어서
자격증까지 따게 된 케이스예요.
​
생각보다 오래 걸리지도
않았어요.
​
실전 위주의 강의라서
연습하면서 바로 적용할 수 있었고,
딱 3개월 정도 만에
취득할 수 있었어요.
​
지인들에게 인정받은 실력
자격증을 따고 얼마 안 지나
지인이 가게를 오픈했어요.
​
오픈 기념으로 POP글씨로
만든 광고판을
선물해줬죠.
​
주변 사람들에게
제가 POP글씨를 배운 걸
말한 적이 없어서 그런지
다들 깜짝 놀라더라고요.
특히 제 글씨를 잘 아는
고등학교 동창은
""이거 어디서 사온 거야?""
하면서 믿지도 않더라고요. ㅎㅎ
​
""내가 직접 만든 거야!""
라고 설명해주니까
""이걸 왜 그냥 놔두고 있냐,
빨리 판매 시작해야지!""
하면서 오히려 더 난리였어요.
​
그때 처음으로
이걸 부업으로 해볼까?
하는 생각이 들었어요.
​
향후 계획 & 도전
현재는 육아에 집중하고 있어서
바로 강사 활동이나 부업을
하진 않지만
앞으로 기회가 되면
수익 활동을 시작해볼 생각이에요.
제가 수강한 기관에서는
취업 지원 혜택도 잘 되어 있어서
장기적으로는
이를 활용해볼까 고민 중이에요.
​
지금 당장은 아니더라도,
언젠가는 꼭 도전해볼 거예요!
​
POP예쁜글씨 배우고 싶다면?
혹시 POP예쁜글씨 자격증에
관심이 있는 분들은
제가 들었던 사이트에서
무료 샘플 강의를 체험해보세요.
​
아래 링크를 통해
상담도 받을 수 있으니
궁금하신 분들은 한 번
확인해보세요!
​
📌 무료 샘플 강의 & 자료 신청하기 >>>
​
​",그때 처음으로 이걸 부업으로 해볼까? 하는 생각이 들었어요. 향후 계획 & 도전 현재는 육아에 집중하고 있어서 바로 강사 활동이나 부업을 하진 않지만 앞으로 기회가 되면 수익 활동을 시작해볼 생각이에요....,기타,etc,blog,https://blog.naver.com/fgw467/223770630031,20250224
blog_049,적립으로  애드픽 네이버 포인트 수익 전환 부업성공후기,"​
오늘의집 쿠팡 지마켓 경유 어플
쿠팡,오늘의집,지마켓 경유 적립으로
네이버페이 포인트 5만원 적립한 후기를
적어 볼까합니다~~
​
애드픽이라고 들어보셨나요
모르시는분들도 계실텐데
​
​
쿠팡,오늘의집,지마켓 말고도
더 많은 사이트가 있지만
​
저는 저 3개만 거의 사용해서
저걸로 많이 적립을 받았어요
11번가 오늘의집 지마켓 쿠팡 경유
경유 적립이 뭐냐면
다이렉트로 어플 클릭을 하지 않고
​
애드픽에서 지마켓 오늘의집 쿠팡으로
들어갈수 있는 링크를 만들수 있는데
​
그 링크로 들어가서 구매하면
쿠팡 2,1퍼센트
지마켓 3퍼센트
11번가 2.1퍼센트를
적립해주네요
​
지마켓은 원래 2프로대 였는데
​
많이 올라갔어요~~!!! 대박임
​
그런데 애드픽의 단점은..적립이
오래걸려요
​
저렇게 모으는데 3개월정도 걸렸고
아직도 돈 받을게 남아있어요
11번가 오늘의집 지마켓 쿠팡 경유 애드픽
그래서 이정도 모았었네요
​
저돈을 다 인출 할수는 없어요
​
며칠더 있어야 준대요 ㅠ
11번가 오늘의집 지마켓 쿠팡 경유 네이버페이 포인트
네이버페이 포인트로 교환 방법은
생활 이용권 누르고
네이버 페이 누르면 끝
11번가 오늘의집 지마켓 쿠팡 경유 네이버페이 포인트
​
그리고
금액에 맞게 상품권을 눌러주면 됩니다
11번가 오늘의집 지마켓 쿠팡 경유 네이버페이 포인트
저는 5만원을 교환 했어요
이제 3만원 남았네요 ㅋㅋ
11번가 오늘의집 지마켓 쿠팡 경유 네이버페이 포인트
다운을 받고
누르면 사진첩에 이렇게
들어오네요
저 밑에 숫자를 복사후
​
네이버 어플로 들어가면 됩니다
이렇게 들어왔네요~~~ 개꿀임
네이버 포인트 모으기 부업
179만정도였는데
180만을 넘겼네요
역대급 ~~
모두 경유 적립은 꼭 사용하세요 ~~
내돈 나가는 것도 없고
사기도 아니고 아주 꿀이니까요
​
​
그런데 저는 비추합니다 애드픽
​
적립기간이 너무 길고
​
요즘 사용하는 적립 어플은 1초만에 적립되고
바로 사용할수 있는걸 찾았거든요~
​
다음에 포스팅할게요!
​",적립한 후기를 적어 볼까합니다~~ 애드픽이라고 들어보셨나요 모르시는분들도 계실텐데 쿠팡... 모으기 부업 179만정도였는데 180만을 넘겼네요 역대급 ~~ 모두 경유 적립은 꼭 사용하세요 ~~ 내돈 나가는 것도...,기타,etc,blog,https://blog.naver.com/syd04172/223892057637,20250608
blog_050,태식이 출연 토요일 배달 부업 쿠팡미션 성공후기 1213,"​
25년 12월 13일 토요일 저녁
12월 3째주부터 본업 일들이 쏟아져.. 이제야 후기를 올립니다
​
이날 본업 일이 쌓여 출근하고 저녁에 미션주면 퇴근하고 안주면 밤까지 일할려고 했는데 미션 주네요
​
지금와서 보니 태식이가 왔었고, 이날 추웠나?
기억이 안납니다, 배달료를 보니 뭔일이 있던거 같은데;;
​
사진첩을 확인하는데 이날 사진도 안찍은거 보니 엄청 바뻤나 봅니다
​
​
총수입 : 382,295원
쿠팡 : 278,525원, 배민 : 13,770원
미션 : 쿠팡 3건 9 만원
​
시간당 수입 : 5.09만원
건당 평균 : 9,802원(미션 포함)
7시간 30분 [ 17:00~24:30 ]
배달 건수 : 39건 [쿠팡 37, 배민 2]
​
시간당 배달 건수 : 5.2건
주행거리 : xxx.x km
건당 거리 : x.xx km
​
​
​
​
표지","이제야 후기를 올립니다 이날 본업 일이 쌓여 출근하고 저녁에 미션주면 퇴근하고 안주면 밤까지 일할려고 했는데 미션 주네요 지금와서 보니 태식이가 왔었고, 이날 추웠나? 기억이 안납니다...",배달,platform-labor,blog,https://blog.naver.com/tuning7wh/224128839496,20251231
kin_001,부업 광고~ 알려주세요,"6번째 답변
hspa****
시민
본인 입력 포함 정보
상세 안내 툴팁 보기
지식iN 서비스 질문 답변 페이지 및 프로필의 답변자 정보에 노출되는 답변자의 회사, 학교, 자격 등의 정보는 본인이 지식iN 프로필 수정을 통해 직접 입력한 정보입니다.
네이버는 사용자가 등록한 정보 및 게시물을 제공하는 정보매개 서비스 제공자로서 해당 정보의 정확성, 신뢰성 및 최신성에 대해 보증하지 않습니다.
닫기
재택근무는 누구나 남녀노소, 직장인이든 학생이든
할 것 없이 지금처럼 인터넷에 글 몇자 올릴 수 있는
실력이라면 충분히 할 수 있어요
다만 해야겠다는 의지와 열정이 뒷받침 되야되요
2019.07.26.
채택
질문자⋅지식인이 채택한 답변입니다.
UP
10
DOWN
댓글
메뉴 더보기
포인트 선물
신고
---
1번째 답변
집에서억대수익ㅣ클릭
초인
#집에서억대수익달성 #초보전문멘토 #16년차디지털노마드
아르바이트 58위, 구인구직사이트 74위, 네이버 블로그 분야에서 활동
본인 입력 포함 정보
상세 안내 툴팁 보기
지식iN 서비스 질문 답변 페이지 및 프로필의 답변자 정보에 노출되는 답변자의 회사, 학교, 자격 등의 정보는 본인이 지식iN 프로필 수정을 통해 직접 입력한 정보입니다.
네이버는 사용자가 등록한 정보 및 게시물을 제공하는 정보매개 서비스 제공자로서 해당 정보의 정확성, 신뢰성 및 최신성에 대해 보증하지 않습니다.
닫기
안녕하세요^_^
​
저 역시 박/봉으로 인해 점점 빠듯해진 생활에
보탬이 될수있다면 좋겠다는 바램으로 알아보다가
아무런 제약없이 편하게 할 수 있는 일이란걸 알고
월 70만 벌어보자며 투.잡으로 시작하게 되었구요 :)
현재 재/택/근/무로 월 200~500 받고 있어요^_^
​
멘티님들 또한 첫날부터 전.원.수.익 달썽★
내가 소비한 영.수.증으로 (마트/음식/쇼핑/영화/등)
유.형에 따라 1건에 MAX 3천원씩 받을수 있구요!
모든 수.익.금 또한 당.일.지.급 이랍니다^^
​
그리고 영.수.증 사진 올리고 후기로 3줄정도
홈피에 남기는데 솔직히 5분도 걸리지 않아서
컴터 킬 필요없이 폰으로만 하셔도 충분합니다 :)
​
어찌보면 하루3처넌이 적어보일수도 있지만
영.수.증으로만 한달 9마넌/ 1년 108마넌★
3년이면 324마넌/ 5년이면 540마넌+_+
초.기.비.한번으로 기간제한없이 쭈욱~
영.수.증으로만 하셔도 고.정.수.익 가능하므로
쌓이고 쌓이다 보면 이또한 무시 못한답니다 :)
​
무엇보다 당.일에만 소비한 영.수.증이 아니여도
최근 일주일까지는 등.록.이 가능하기 때문에
소비 많이 한 날 모아놓고 하루씩 올리면 되니깐
영.수.증이 없어서 못 버.는.일 또한 없답니다^_^
​
요즘 커피나 음료 한.잔.만 마셔도 5처넌이 넘는데
그럴때 영.수.증 챙겨서 후.기 남기면 3처넌 받고,
주/부/님 & 육/아/맘 경우 매일 반찬&장보기로
아이들 간식값으로 영.수.증이 발.생 하잖아요 :)
그럴때도 후.기 남기고 3처넌 돌려받을수 있으니
영.수.증 부.업으로는 손/해 보는일 없다고 생각해요
​
이 외에도 본사로 입/점/한 가.맹.점들 통해서
후.기.남.길.시 건당5처넌까지 더 받을수 있으며,
고/수/익 가능한 모/집으로는 건당 MAX 70마넌★
<3건시 210마넌/5건시 350마넌/10건시 700마넌>
​
홍.보.도 해보고 싶으시면 제가 멘토로서 방법들
1:1멘토링으로 꼼꼼하게 알려드리고 있으니
처음이라고 넘 걱정마시고 자신감을 갖으세요^^
​
멘티님들도 나.이.불.문 하고 모든게 처음이셨지만
요/령/방/법 차근차근 배우시고, 꾸준히 실천하셔서
단,기,간,에 빠르게 좋은결과 얻으셨던만큼+_+
초보여도 방법만 알면 충분히 가능한 일이랍니다★
​
저도 시작하기전 회사를 꼼꼼히 알아보았구요^^
부.업.업.계 최초! 총 2.0.0.0평 본사 사옥이 의.정.부
역.세.권에 위치해 있으며 언제든 방.문 가능해요 :)
공정위에도 등록되어있고, 오랫동안 운영되고 있어
안정적으로 일할수 있는 가장 믿을만한 곳이랍니다!
​
1:1씨스템으로 일한만큼 정직하게 받아가는 곳이며
실제로 본인역량에 따라 월 100~900 이상 가능한지라
꾸준히 하신다면 적든많든 생/활/보/탬이 되실거예요 :)
​
아무쪼록 제 답변이 도움되셨길 바라며
끝까지 읽어주셔서 감사합니다. 좋은 하루 되세용♥
2019.07.26.
UP
DOWN
댓글
1
메뉴 더보기
신고
---
2번째 답변
wn1g****
시민
본인 입력 포함 정보
상세 안내 툴팁 보기
지식iN 서비스 질문 답변 페이지 및 프로필의 답변자 정보에 노출되는 답변자의 회사, 학교, 자격 등의 정보는 본인이 지식iN 프로필 수정을 통해 직접 입력한 정보입니다.
네이버는 사용자가 등록한 정보 및 게시물을 제공하는 정보매개 서비스 제공자로서 해당 정보의 정확성, 신뢰성 및 최신성에 대해 보증하지 않습니다.
닫기
재택근무로 매달 1000만원이상 벌고있는
경험으로 추천 드릴게요^^
재택부업을 시작하실땐
1.초기비용 대비, 업계에서 가장 큰 수익금 지급
2.수익금 당일지급이 가능한 안전한곳
3.수익을 낼 다양한 시스템이 있는곳
4.본사에 지원이 많은곳
이렇게 네가지 조건이 가장 중요해요~
저도 이러한 기준으로
재택업체를 꼼꼼히 비교해
지금 일하는 곳에서 시작하게 되었답니다^^
제가 일하는곳은
탄탄한 법인회사이구요^^
동종업계 중 수익금이 가장 크고
다양한 수익시스템이 있어
성공하기에 가장 최적이더라구요~
수익금 또한 당일지급이구요!
초기비용 맨처음 한번만 내시면
추가비용은 전혀 없답니다!
초기비용 때문에 걱정 많이 하시는데
일을 아예 안하지 않는 이상
손해보실 일도 없어요^^
저 같은 경우
한분한분의 상황을 파악해
개개인에게 맞는 맞춤교육방식으로
빠르게 수익을 낼 수 있도록
도와드리고 있어요^^
아무리 노력해도 방법이 틀리면
절대 성공할 수 없어요!
하지만 정확한 방법만 안다면
누구나 성공할 수 있답니다^^
현명한 결정하셔서
재택부업 성공하세요~!
2019.07.26.
UP
DOWN
댓글
메뉴 더보기
포인트 선물
신고
---
3번째 답변
motl****
고수
본인 입력 포함 정보
상세 안내 툴팁 보기
지식iN 서비스 질문 답변 페이지 및 프로필의 답변자 정보",... 맞는 맞춤교육방식으로 빠르게 수익을 낼 수 있도록 도와드리고 있어요^^ 아무리 노력해도 방법이 틀리면 절대 성공할 수 없어요! 하지만 정확한 방법만 안다면 누구나 성공할 수 있답니다^^ 현명한 결정하셔서 재택부업 성공하세요~!,기타,etc,kin,https://kin.naver.com/qna/detail.naver?d1id=4&dirId=40401&docId=332080048&qb=67aA7JeFIOyEseqztQ==&enc=utf8,
kin_002,부업 관련,"1번째 답변
비공개 답변
지존
​
재택부업 선택을 위해 정보를 알아보고 계실때는
여러가지 고려해봐야 하실 사항이 있지만
​저같은 경우는 아래사항을 체크해 보았습니다.
​
1, 시작하는단계에서 초기비용이 있는곳은 패스..
2, 고수익이라고 갭쳐본을 올려놓고 홍보하는곳도 패스..
(멘토운운하는곳은 다단계라고보시면 됩니다)
3, 시간투자가 자유로운곳..
4, 작업성이 쉬워 꾸준히 할수있는곳
으로 찾기 시작했습니다.
​
초기비용이 있는곳이 전부 사기성이 있는곳은 아니지만
제가 보기에는 초기비용을 요구하는곳은 대부분 다단계의 느낌이랄까?
회원모집을 해야 고수익이 보장되는 구조였습니다.
​
고수익을 올려놓고 홍보하는곳은 무조건 거르시구요.
고수익을 올려놓고 자신이 멘토가 되어주겠다고하거나 카톡방에 초대하거나
그런곳도 처음에는 초기비용을 언급하지 않으나 통장에 몇만원 찍어주고
초기비용지불하면 수익이 극대화 된다고 하는 다단계구조가 대부분입니다.
시간투자가 자유로운것은  짬시간에 할수있는일이 적합한거같아서이구요.
​작업성이 쉽고 꾸준한곳을 찾은것은 처음시작하는 단계이니
수익보다는 일을배우는것이 중요할듯 싶어서 였습니다.
​
위에 피하시라고 말씀드리는경우는 제가 이것저것 알아보면서
다 경험한것들이니 피하시는게 좋을듯합니다(알아보는것 초차 시간낭비입니다)
​
기준을 세워놓고 동영상강좌, 카페글, 블러그 등등,,
오랜시간 찾아서 보고 읽고 해보니..
재택부업이라고 인터넷상으로 할수 있는일이 관심있는분들이라면 다 아실테니지만
페이스북이나 포스트 블러그를 통해 마케팅하는 일로 수렴이 되더군요
블러그에 제품리뷰를 쓰거나 홍보를하는일인데.
여기서 문제가 생기더군요 기본적으로 내블러그가 활성화가 많이 되있는가?
하루 방문자수가 얼마나되지? 처참하더군요 ㅎㅎ
​
그래서 일단 블러그를 활성화 하는일부터 해야될듯했습니다
너무 먼일같더군요 언제 블러그를 활성화시키지?
그런데 블러그나 페이스북 내가 홍보하는 내공간을 만들어 활성화 시키는동안
다른 방법을 통해 수익을 낼수 있는 방법을 나름대로 찾아보았습니다
​
지식검색이나 카페 등에 광고성이 짙은아이템이
아닌 공익성까지는 아니더라도
정부지원 상담서비스라던가 자격증관련, 법률관련 상담등
을 홍보하여 수익을 올릴수 있었습니다.
물론 수익은 쥐꼬리만큼이지만요 ㅎㅎ
​
수익은 쥐꼬리만큼이지만 한달정도 블러그에 꾸준히 글을 올리며 관리도 하고
홍보 아이템을 찾아 글도 써보고 하니 블러그도 조금씩 틀을 갖춰가는거 같고
마켓팅이 뭔지도 좀 알것도 같더군요..
제가 재택부업을 시작한지 6개월정도 된거 같은데
큰수익은 아니지만 나름대로 만족하며 시간날때마다 글을 쓰거나
일을하는게 본업보다 재미는 있는듯합니다
​
제가 이글을 쓰는 이유는 처음 재택부업을 찾고 계신분들에게 조금이라도 도움이 될까해서 입니다
저 또한 처음시작할때 막막했었으니까요
일단 재택부업으로 쉽게 몇백씩 버는일은 없습니다.
물론 그이상 버시는분들도 있습니다. 정상적인 부업으로 그렇게 수익을 올릴수 있는분은
파워블러그나 되야 가능성이 조금 생지기않을까 싶습니다. 그분들은 부업이 아닌 본업이겠지요
마케팅으로 부업을 하실분이면 꾸준히 차근차근히 준비해나가시면
소소하게 만족하실수 있는방법은 분명히 있습니다. 확실히 말씀드릴수 있는건
시작을 두려워마시고 일단 시작해보세요.
​
일단 초기투자는 금전적인투자가 아닌 시간투자만 해볼수있는 일로 선택하셔서
시간적인 손해는 조금 보시더라도 금전적인 손해는 안보셧으면 합니다.
저같은경우는 여러가지 사이트를 통해 마케팅 이해를하고
부업하는 방법을 알아봤는데 재택부업에대해 광고하는
업체들이 많이 있더군요. CPA사이트는 많이 있는데요.
CPA는 말그대로 소비가자 Action (주로 상담신청)을 해야
​수익이 발생하는 구조라 처음 시작하시는 분들은 피드백이 조금 늦어
​지루하실수 있습니다.
​
아래 사이트는 클릭만 해도 수익이 발생하는 사이트로
​회원가입도 무료이고 클릭만해도 수익이 발생하는 구조로
​모바일이나 sns로 부업하시기에는 최적의 조건이며
​수익발생이 빨라 즐기면서 부업을 배우시기에는 적당한 사이트입니다.
​광고성이 짙지않은 홍보물도 많은거 같고
​그리고 무엇보다 처음시작할때 궁금한거나 하는방법이 자세히
​나와있어서 도움이 많이 됐습니다.
​
아래 링크걸어놓았으니 무료회원가입하시고 쭉둘러보시면
​하는방법정도는 이해하실수 있을거에요.. 이해하셧으면
​계좌 등록하셔서 단돈 만원이라도 수익을 발생시켜보세요
초기에는 수익이 발생한것만으로도 자신감이 생기실거에요
둘러보시고 도움이 되셧다면 답변채택 부탁드려요~~
아래 링크는 재택부업관련 사이트 링크이며
접근성이 가장 용이해서 올립니다.
​
초기비용없는 재택부업 >>
2023.09.19.
UP
DOWN
댓글
메뉴 더보기
신고
---
2번째 답변
리플리더스
고수
eXpert
본인 입력 포함 정보
상세 안내 툴팁 보기
지식iN 서비스 질문 답변 페이지 및 프로필의 답변자 정보에 노출되는 답변자의 회사, 학교, 자격 등의 정보는 본인이 지식iN 프로필 수정을 통해 직접 입력한 정보입니다.
네이버는 사용자가 등록한 정보 및 게시물을 제공하는 정보매개 서비스 제공자로서 해당 정보의 정확성, 신뢰성 및 최신성에 대해 보증하지 않습니다.
닫기
부업으로 버시는 분들 많이 있어요
​
그래도 노력은 필요합니다
​
처음부터 쉽게 된다기 보다는
조금씩 배워가면 배울 수 있구요
​
정차 늘어가는 분들 있어요,꼭 부업 성공하세요~^^
2023.09.19.
UP
DOWN
댓글
메뉴 더보기
포인트 선물
신고
---
3번째 답변
집에서 4억연봉 희야
초인
#13년경력최고수익마케터 #온라인광고마케팅 #온라인광고컨설팅
아르바이트 5위, 구인구직사이트 4위, 직업, 취업 23위 분야에서 활동
본인 입력 포함 정보
상세 안내 툴팁 보기
지식iN 서비스 질문 답변 페이지 및 프로필의 답변자 정보에 노출되는 답변자의 회사, 학교, 자격 등의 정보는 본인이 지식iN 프로필 수정을 통해 직접 입력한 정보입니다.
네이버는 사용자가 등록한 정보 및 게시물을 제공하는 정보매개 서비스 제공자로서 해당 정보의 정확성, 신뢰성 및 최신성에 대해 보증하지 않습니다.
닫기
다양한 부업 업체들","... 거짓말 인가요 리스크가 큰가요? 부업으로 버시는 분들 많이 있어요 그래도 노력은 필요합니다 처음부터 쉽게 된다기 보다는 조금씩 배워가면 배울 수 있구요 정차 늘어가는 분들 있어요,꼭 부업 성공하세요~^^",기타,etc,kin,https://kin.naver.com/qna/detail.naver?d1id=3&dirId=31301&docId=454986612&qb=67aA7JeFIOyEseqztQ==&enc=utf8,
kin_003,"집에서할수있는부업후기 하신 분들, 실제 난이도와 수익성","22번째 답변
비공개 답변
식물신
집에서 할 수 있는 부업이라면
온라인 부업이 제격이죠
출퇴근 시간 제한없이 하루중 여유시간있을때
또는 어디서든 할 수 있다는 좋은 장점들이 있어요
​
저도 온라인 부업에 관심이 있어
알아보다가
지금은 온네스 퍼널마케팅으로 수익을 내고 있어요
현재 있는 온라인 부업중
가장 쉬우면서 수익화가 가장 빠르고
수익분배율도 가장 높은 부업이에요
​
아래 글은
온라인부업에 대해서 알아보면서
알게 된 정보를 정리해 놓은 글이에요
읽어보시면 온라인 부업을 선택할때 많은 도움이 되실거에요
온네스 퍼널 마케팅, 온라인 부업으로 돈 버는 가장 쉬운 방법
온네스 퍼널 마케팅은 온라인 부업으로 돈 버는 가장 쉬운 방법이에요. 온네스 퍼널 마케팅으로 돈을 벌 수...
blog.naver.com
​
2025.12.24.
UP
1
DOWN
댓글
메뉴 더보기
신고
---
1번째 답변
비공개 답변
태양신
부업을 시작할 때는 먼저 관심 있는 분야를 찾아서 정보를 수집하고 시간과 노력을 투자해야 해요~ SNS 운영 온라인 강의 제작 블로그 운영 등이 추천할만한 집에서 할 수 있는 부업 유형입니다
2025.02.16.
UP
DOWN
댓글
메뉴 더보기
신고
---
2번째 답변
비공개 답변
고수
온라인 부업 알아보고 계시죠~
강의를 듣는다거나 노하우 파일만 받더라도 백만원대부터 몇백까지 필요하죠
하지만 수익을 보장해준다거나 일감도 없는 환경에서 수익 내기는 쉽지 않아요ㅠㅠ
누가 도와주는 사람도 없이 설명서만 읽고 한다는게 쉽지 않죠,,
​
일단은 많이 알아보셔야해요 나에게 맞는 유형이 뭔지
그리고 어떤 회사를 선택할 것인지,,
정보를 많이 습득해보세요
그러면 정말 나한테 도움이되고 실현가능성 있는 유형이 뭔지
판단이 되실거에요
상담도 많이 받아보시구요
안정적으로 꾸준히 하실 수 있는 부업 찾으시는 거라면 블로그 부업을 추천드려요
저 같은 경우는 직장 다니면서도 틈틈히 하루 1~2시간 투자하고
하루에 5~15만원씩 꾸준히 벌고 있어요
고정적으로 제가 일한 만큼 수익이 들어오는 곳이라서요
일감이 있는 곳에서 제대로 일 하셔야죠!
일 한만큼 제대로 수익도 보시구요!!
저도 다른 곳에서도 해봤었는데 여기가 제일 괜찮더라구요
아래 링크 들어가셔서 무료 회원가입 하시구 설명받아보세요
또 새로운 길이 열릴지도 모르잖아요?!ㅎㅎ
화이팅 하시기 바랍니다:)
https://www.dmtu.kr/dlgowl3
2025.02.16.
UP
DOWN
댓글
메뉴 더보기
신고
---
3번째 답변
한아람
태양신
본인 입력 포함 정보
상세 안내 툴팁 보기
지식iN 서비스 질문 답변 페이지 및 프로필의 답변자 정보에 노출되는 답변자의 회사, 학교, 자격 등의 정보는 본인이 지식iN 프로필 수정을 통해 직접 입력한 정보입니다.
네이버는 사용자가 등록한 정보 및 게시물을 제공하는 정보매개 서비스 제공자로서 해당 정보의 정확성, 신뢰성 및 최신성에 대해 보증하지 않습니다.
닫기
가장 먼저 해야 할 것은 관심 있는 분야와 시장 조사입니다 온라인 판매 콘텐츠 제작 플랫폼 활용 등이 추천될거에요! 많은 부업 성공을 기원해요!
2025.02.16.
UP
DOWN
댓글
메뉴 더보기
포인트 선물
신고
---
4번째 답변
설레임
초인
본인 입력 포함 정보
상세 안내 툴팁 보기
지식iN 서비스 질문 답변 페이지 및 프로필의 답변자 정보에 노출되는 답변자의 회사, 학교, 자격 등의 정보는 본인이 지식iN 프로필 수정을 통해 직접 입력한 정보입니다.
네이버는 사용자가 등록한 정보 및 게시물을 제공하는 정보매개 서비스 제공자로서 해당 정보의 정확성, 신뢰성 및 최신성에 대해 보증하지 않습니다.
닫기
첫 단계는 자신의 관심사나 역량을 고려해 적합한 부업을 찾는 것이 중요해요! 온라인 쇼핑몰 운영 블로그 운영 온라인 강의 제작 등이 초보자에게 추천할 만한 옵션입니다
2025.02.16.
UP
DOWN
댓글
메뉴 더보기
포인트 선물
신고",... 쉽게 접근할 수 있는 방법이나 추천할 만한 업무 유형이 있다면 알려주세요. 가장 먼저 해야 할 것은 관심 있는 분야와 시장 조사입니다 온라인 판매 콘텐츠 제작 플랫폼 활용 등이 추천될거에요! 많은 부업 성공을 기원해요!,스마트스토어,online-commerce,kin,https://kin.naver.com/qna/detail.naver?d1id=4&dirId=40609&docId=481939195&qb=67aA7JeFIOyEseqztQ==&enc=utf8,
kin_004,기초부터 부업 배울수 있는곳 없나요?,"6번째 답변
유어스돌톡majesty77
고수
본인 입력 포함 정보
상세 안내 툴팁 보기
지식iN 서비스 질문 답변 페이지 및 프로필의 답변자 정보에 노출되는 답변자의 회사, 학교, 자격 등의 정보는 본인이 지식iN 프로필 수정을 통해 직접 입력한 정보입니다.
네이버는 사용자가 등록한 정보 및 게시물을 제공하는 정보매개 서비스 제공자로서 해당 정보의 정확성, 신뢰성 및 최신성에 대해 보증하지 않습니다.
닫기
네~ 요즘 떠오르는 직업
홈비지니스, 재택부업에 대해
말씀 드릴게요~
​
투잡으로나 주부, 대학생들도
많이들 하시는데요
생각하시는 것처럼
집에서 틈나는대로 하실 수 있어요.
​
제공해 드리는 메뉴얼대로
타이핑만 하셔도 수익이 되구요
​
내가 원하는 분야에
상담만 받아도
수익이 발생한답니다.
​
본사에서 제공해 주는 쇼핑몰로
판매 마진을 얻고
​
정회원 모집 수익까지!
​
저는 11년간 사교육에서
학생들을 가르쳐 온 워킹맘입니다.
​
투잡을 희망하던 중
돈 많이 버는 법으로 검색하다
우연히 재택부업에 대해 알게 되었어요.
​
질문 남기고 답변 들어 가며
무지하게 의심하고 고민했었는데요,
재택부업이란게...
확률 높은 로또라고 생각했어요~
​
서칭해보시면 대략 아실 수 있는데요
본인 수익 얼마다 하면서
기계적으로 답변 다시는 분들 많습니다.
통장내역에 혹해서
눈 흐리지 마시고
​
재택부업을 신중하게
고민하고 계시는 중이라면
여러 글들 몇번이고 읽어 보세요.
그러다보면 비교할 수 있는
눈이 생깁니다.
​
진실되 보이는 멘토가 눈에 띈다면
1:1질문도 드려 보시구요~
​
그 다음은 회사입니다.
이것저것 수십가지 돈벌 거리는 많다는 곳
잘 보셔야 합니다.
막상 수익을 보면
짜잘한 곳이 부지기수더라구요..
들인 노력, 시간 대비
가성비가 떨어지는 곳이 많아요~
​
재택부업!!!
저 또한 무슨일을 하는 곳들인지, 사기가 아닌지,
다단계 같은 건가? 하며,
자그마치 8개월이란 시간을
알아보고 고민했습니다.
​
신중했던 결과 다행히 멘토실패 없었구요,
도움 많이 받아 열심히 일하고 있답니다~^^
(멘토란, 처음 하시는 재택부업 성공하시게끔 이끌어 드리고, 가르쳐 드리는 사람입니다)
십여년이 넘었다는 곳에서 일해보신
제 멘토님 얘기에 의하면
지금 회사로 옮긴 이유가
수익률이랍니다.
제가 일하고 있는 이 곳이
압도적으로 높다는거죠!
같은 일 하고 더 많이 버는 곳에서
일하는 것은 당연한 이치죠?
​
수입 또한 월급날까지 기다리실 필요 없이
당일 지급 받을 수 있으니,
탄탄한 자본력
더욱 믿음이 가는 회사지요~
​
긴 시간 고민과 걱정은 제가 다 했습니다.
질문자님은 시간 아끼셔도 되요~^^
​
모두 업계 1위다 하는데...
이 곳은 수익구조 자체가
업계 최고 수익률 이랍니다~!
빠르게 성공하여 롱런할 수 있는 최적의 조건!
제가 이 기업을 선택한 결정적 이유입니다.
​
초기비용때문에 고민하시는 분들 계신데,
일을 안하지 않는 이상
수익이 안날 수가 없고
어차피 환급 받을 수 있기 때문에
걱정하지 않으셔도 되요.
​
정말 핵심 노하우 100% 오픈하는 멘토만나
수익률 갑인 곳에서 시작하셔야
성공합니다!
​
포기하지 않는 이상
수익이 안날 수 가 없는 곳에서
끝까지 책임져 줄 멘토만나
성공하시기를 기원합니다!
2019.12.18.
채택
질문자가 채택한 답변입니다.
UP
DOWN
댓글
메뉴 더보기
포인트 선물
신고
---
1번째 답변
집에서 일하는 다온
은하신
사람과 그룹, 아르바이트 47위, 네이버 블로그 54위 분야에서 활동
본인 입력 포함 정보
상세 안내 툴팁 보기
지식iN 서비스 질문 답변 페이지 및 프로필의 답변자 정보에 노출되는 답변자의 회사, 학교, 자격 등의 정보는 본인이 지식iN 프로필 수정을 통해 직접 입력한 정보입니다.
네이버는 사용자가 등록한 정보 및 게시물을 제공하는 정보매개 서비스 제공자로서 해당 정보의 정확성, 신뢰성 및 최신성에 대해 보증하지 않습니다.
닫기
질문자님 안녕하세요 :)
재택(집)부업 일을 알아보시면서
(★ 많은 홍-보글을 보시겠지만,
겉으로 보이는것만이 다가 아니니
돈-다-발 들고, 달달한 말만 하는사람들 조심하세요!)
​
기초부터 알려드려요~~~
​
이 일을 알아볼 당시엔
아무런 지식도, 경험도 없었기에
처음엔 화려한 통장에만 눈이 휘둥그레지드라구요 ㅎㅎ
'정말 저게 가능할까?'. 4기나 다 단 계는 아닐까...
별별 생각들이 다 들더라구요 ㅎㅎ
하지만, 시대가 시대인만큼
온라인 상에서의 돈을 벌수있는 아이템은 참 다양하구요~
저도 몇달동안 고민고민하면서
회사도 확인해보고 비교도 해보고 시작했어요
그리고, 이제는 일하면서 보니
재택부업이라고 하는 업체들이 우후죽순 생겨나면서
소수의 피해자분들도 생기곤 하는데요
[ 그래서 정말 중요한건 ]
믿고 꾸준히 일할수있는 회사를 선택하셔야 해요
'핫하다. 극초기 선점이다. 해서 ' 잠시 반쨕하고
얼마못가고, 사라진 업체들도 있었구요
고스란히 일하시는분들만 피해를 보게 되니깐요
★ 꾸준하게 일할수있는 믿을만한 회사선택과
★ 그리고, 또 중요한 한가지!!
그 회사에 수.익.아.이.템을 잘 따져 보셔야 해요
회.원.모.집없이도
수-익을 낼수있는 아이템이 있어야해요
고.정.수.입 아이템 없이,
사람만 끌어보아 돈을벌수있는 구조는
정말 힘들수가 있어요..
두루 두루 비교해 보시고 결정하세요!
■ 간략하게 회사관련 설명해드릴게요 ^-^
제가 하고 있는 곳은 16년째 운영중인곳이라,
회사면에선 걱정 안하셔도 되세요~
● 초-보분들이라해도
쉽게쉽게 챙겨갈수있는 수.익.시.스.템부터
(컴퓨터만 켜놔도 적립, 댓글쓰고 적립, 퀴즈, 출석 등)
● 주업무로는,
업체 포스팅(상품 리뷰등 가이드보고 작성) ◀ 고-정 월-급 받듯이
● 업체 홍-보 활동, 광고주 유치, 종합 의류쇼핑몰 , 산삼 쇼핑몰,
아이템이 다양해요~
● 기본교육 자료/동영상 강의제공
남/여 무관한 일이구요
컴퓨터를 잘 다뤄야 하는일이 아니라서
나이드신분들까지 배워 수.익내고 계세요 :)
구체적인 부분은 아래 참고하셔서 대화주세요~^-^
[[ 재택알바 관련 : 닉넴 클릭 후 블로그 보기 ]]
폰으로 보실땐, 화면 왼쪽으로 넘긴 후 봐주세요~
​
​
2019.12.","... 신중했던 결과 다행히 멘토실패 없었구요, 도움 많이 받아 열심히 일하고 있답니다~^^ (멘토란, 처음 하시는 재택부업 성공하시게끔 이끌어 드리고, 가르쳐 드리는 사람입니다) 십여년이 넘었다는 곳에서 일해보신 제 멘토님 얘기에...",기타,etc,kin,https://kin.naver.com/qna/detail.naver?d1id=4&dirId=40611&docId=342851287&qb=67aA7JeFIOyEseqztQ==&enc=utf8,
kin_005,주부부업 찾아요,"2번째 답변
국민부업 하루20만원
초인
본인 입력 포함 정보
상세 안내 툴팁 보기
지식iN 서비스 질문 답변 페이지 및 프로필의 답변자 정보에 노출되는 답변자의 회사, 학교, 자격 등의 정보는 본인이 지식iN 프로필 수정을 통해 직접 입력한 정보입니다.
네이버는 사용자가 등록한 정보 및 게시물을 제공하는 정보매개 서비스 제공자로서 해당 정보의 정확성, 신뢰성 및 최신성에 대해 보증하지 않습니다.
닫기
할만한거없을까요 이런건 ㅦ걱정되서Л주부부업фき으로⅞ 찾아요드림큐㈏ 어린이집간시간에 ㈔실ㅬ 아기 컴맹이라서할수있₁을지 헬로우드림 할수잇는주부부업
할만한거없을까요 이런건 ㅦ걱정되서Л주부부업фき으로⅞ 찾아요드림큐㈏ 어린이집간시간에 ㈔실ㅬ 아기 컴맹이라서할수있₁을지 헬로우드림 할수잇는주부부업
2015.01.06.
채택
지식인 채택 답변입니다.
UP
4
DOWN
댓글
메뉴 더보기
포인트 선물
신고
---
51번째 답변
비공개 답변
태양신
저 같은 경우에는 하루 정도 교육을 받고
시작을 했어용
​
여러가지 일이 아닌 한가지 정도만 해도
된다는 점이 좋아 시작했어요
​
스마트폰으로 간단히 글을 적어 올리고
클릭이 발생할때마다 수익을 받는 일인데
​
1회 클릭이 일어날때마다 200~1000원
클릭후 상담으로 이어지면 1만원의
추가수익을 구조에요
​
상담이나 문의 같은 경우에는 회사 직원분들이
담당해주시기에 단순 글만 적으면 되기때문에
편하다는 느낌을 강하게 받았어요
​
여러가지 일들이 있지만 클릭형 구조의 일에
관심이 생기신다면 한번쯤 알아보셔도
괜찮을거 같아용 !
모집없이 시작하는 재택알바
생각보다 너무 간단하고 어렵지 않았어요!
han.gl
2025.09.20.
UP
4
DOWN
댓글
메뉴 더보기
신고
---
3번째 답변
탈퇴한 사용자 답변
안녕하세요^^ 질문자님! 저도 집에서 주부부업하는 26살주부예요
저는 아직 애기가 어린이집안가지만 낮잠시간 짜투리시간에 하루에 2~3시간씩
주부부업을 하고있구요^^
컴맹이나 처음하는분들도 다들 주부부업으로 하고계세욤^^
전문적인 일을 하는게 아니라 말그대로 부업이기에 반복적인일이구
누구나 쉽고 간단하게 얻는수익이많아서 주부부업으로 많이 하고계신답니다^^*
2015.01.06.
채택
질문자가 채택한 답변입니다.
UP
3
DOWN
댓글
1
메뉴 더보기
포인트 선물
신고
---
50번째 답변
비공개 답변
지존
저는 평범한 직장인이지만, 퇴근 후 집에서 하루 1~2시간 정도 투자해 부수입을 만들고 있어요.
​
제가 하고 있는 부업은 대학생, 직장인, 주부 등 누구나 시작할 수 있고, 별다른 경험이나 기술 없이도 가능한 일이에요.
​
처음엔 저도 반신반의했지만, 지금은 매달 꾸준히 수익이 나고 있어서 정말 만족하고 있습니다.
제가 직접 겪은 실제 후기를 보시고 부업을 선택하셔도 좋을꺼 같아요
​
퇴근 후 시간을 조금만 활용해도 충분히 가능하니까,
""부수입에 관심 있으시다면, 가볍게 상담 받아보시는 것도 좋은 시작이 될 수 있어요.""
퇴근 후 시작한 큐앤에이, 부수입 성공 후기
퇴근 후 시작한 큐앤에이, 부수입 성공 후기 큐앤에이로 시작했어요! 처음엔 퇴근 후 남는 시간에 뭔가 해...
blog.naver.com
​
2025.08.08.
UP
3
DOWN
댓글
메뉴 더보기
신고
---
19번째 답변
연재맘
초수
본인 입력 포함 정보
상세 안내 툴팁 보기
지식iN 서비스 질문 답변 페이지 및 프로필의 답변자 정보에 노출되는 답변자의 회사, 학교, 자격 등의 정보는 본인이 지식iN 프로필 수정을 통해 직접 입력한 정보입니다.
네이버는 사용자가 등록한 정보 및 게시물을 제공하는 정보매개 서비스 제공자로서 해당 정보의 정확성, 신뢰성 및 최신성에 대해 보증하지 않습니다.
닫기
안녕하세요ㅎ 드림큐연재맘이에요ㅎ
저도 애들보며 집에서 드림큐하고있어요
언제든 문의주세요~^^
2015.01.06.
UP
2
DOWN
댓글
메뉴 더보기
포인트 선물
신고","... 재택부업 성공하기 위해 택별한 조건이나 자격은 필요하지 않았어요. 오직 저의 책임감과 성실성이 저를 성공하게 만들었죠! 본업외 수익이 생기고나서 점점 경제적 안정을 찾게 되었고.. 여유가 생긴 지금은, 본업을 하면서 투잡으로...",기타,etc,kin,https://kin.naver.com/qna/detail.naver?d1id=4&dirId=40611&docId=214685786&qb=67aA7JeFIOyEseqztQ==&enc=utf8,
kin_006,부업하고싶어요~~!!,"4번째 답변
헬로우드림 희야
영웅
아르바이트, 직업, 취업 분야에서 활동
본인 입력 포함 정보
상세 안내 툴팁 보기
지식iN 서비스 질문 답변 페이지 및 프로필의 답변자 정보에 노출되는 답변자의 회사, 학교, 자격 등의 정보는 본인이 지식iN 프로필 수정을 통해 직접 입력한 정보입니다.
네이버는 사용자가 등록한 정보 및 게시물을 제공하는 정보매개 서비스 제공자로서 해당 정보의 정확성, 신뢰성 및 최신성에 대해 보증하지 않습니다.
닫기
연봉2억!! 경력5년차~경험과 노하우를 바탕으로
질문에 솔직한 답변 드릴게요~
네 인터넷만 가능 하시면 본인이 원하는 곳에서
하고 싶은 시간에 하고 싶은 만큼 자유롭게 하실수 있구요.
무조건 돈번다..머 얼마 번다..하는 곳 조심 하시구요.
안정적인지 합법적인지 또 지금 시작해도 본인이
수익을 올릴수 있는 구조인지 또 나중에 일해서 나에게 피해가 오거나
하는 부분은 없는지 꼼꼼하게 확인 후 하시길 바라구요.
제가 그동안 오랜동안 보면 수많은 업체들이 생겨나고 또 금방 피해를 주고
문닫고를 반복해서 정상적이고 좋은 회사들도 그 안좋은 선입견 때문에
오해를 사기도 한답니다.
꼼꼼하게 알아보는게 중요 하시구요.
올해 창립 11주년된 안정된 회사이고 각종 방송은 물론
공영방송 유명 시사프로그램에도 방송 되었구요.
제가 일부 방송에 직접 출연두 했구요.
지금까지 엄청난 수익을 올리는 동안 단 하루도 미루거나 어긴적 없이
꼬박 꼬박 입금 받았구요.
통장사진은 물론 동영상 국세청에 매년 5월 종합소득세 신고 한 내용도 있구요.
그래도 믿기 힘드셔서 저를 직접 만난 분들이 100명두 넘구요.
초보라서...나는 못할까..
특정 사람들만 버는건 아닐까..오해들 많이 하시는데요.
제가 시작할때 이미 회사는 7년된 업체 였고 이미 고수익 분들 그때 당시에도 있었구요.
저는 블로그는 커녕 홍보의 홍자도 몰랐기에..
저 역시도 6개월을 망설이고 고민 고민 하다..사정상 시작을 했구요.
첫달에 634만원의 수익!! 두번째달 1234만원 전체 실적 1위..말도 안되는..
그 뒤로 점점더 많은 수익 천만-3천만 매달 수익을 올렸구요.
이 처럼 이 일은 먼저 시작해서 잘하는게 아니구..
저 처럼 초보였던 사람도 일을 시작해서 어떻게 효과적인 방법을 배워서
하느냐에 따라서 지금 시작하는 초보분들도 얼마든지..고수익도 가능 하시구
물론 모두가 고수익이 되는건 아니죠..
다만 원래 부터 잘해야 고수익되는건 아니다..라는 말씀을 드리고 싶은 점이구요.
일하시게 되면 홈피를 분양 받아서 다양한 곳에 홍보를 통해
본인 홈피로 가입이나 구매 광고등록 신청이 이루어지면 실적이 되는데요.
여기서 광고주 모집과 홍보사원 모집 수당은 당일 지급 되구요.
제 휴업체 상품 판매가 되두..실적
제휴업체 홍보글만 작성해두 수익금
각종 게시판 블로그 카페등 글만 작성해두 수익
드림오토 켜놓구 다른 일 하셔두 월 1-6만원 수익
홈피 하루 한번 접속해서 스마트폰으로도 가능..출첵만 하셔두 월 최소 3만원 이상
제휴사이트 3초 클릭..클릭만 하셔두 수익
등..총 17가지 수익원이 있어서 초보라두 홍보활동만 하셔두 첫달 부터
수익금 받으면서 또 홍보활동 하다 보면 당연 실적도 발생하고
요령과 노하우도 생겨서 더 많은 수익금 받게 되는 거랍니다~
일하시게 되면 홈피에 일하는 방법 설명 자료등이 갖추어져 있구요.
또 홍보지원센터 문의 도움을 청하시면 원격지원으로도 도움을 드리고
또 저에게 24시간 언제든 문의 도움청하시면 제 경험과 노하우를 바탕으로 적극
도움을 드리기에..초보분들..즉 시작하시는 분들 다들 블로그나 홍보 경험 없어서
우려하시고 하시던 분들도 1주일이면 충분히 하실정도 수준의 어렵지 않은 일이에요~
더 궁금하시거나 도움 필요하시면 아래 네임카드 참고 하시구요.
네임카드 닫혀 있으면
V
누르시면 열리구요.
스마트 폰으로 보시는 경우
PC
버전으로 보시면 되구요.
휴일 잘 보내시구요^^
언제나 건강하시구 행복하시길 바래요~~~
2014.05.05.
출처
직접작성함
UP
5
DOWN
댓글
메뉴 더보기
포인트 선물
신고
---
2번째 답변
지역리더
중수
본인 입력 포함 정보
상세 안내 툴팁 보기
지식iN 서비스 질문 답변 페이지 및 프로필의 답변자 정보에 노출되는 답변자의 회사, 학교, 자격 등의 정보는 본인이 지식iN 프로필 수정을 통해 직접 입력한 정보입니다.
네이버는 사용자가 등록한 정보 및 게시물을 제공하는 정보매개 서비스 제공자로서 해당 정보의 정확성, 신뢰성 및 최신성에 대해 보증하지 않습니다.
닫기
160오후에 부업㈛Ч고싶은데부업할꺼ㅽ 없ㆈ을까요 뭐 시간나서
160오후에 부업㈛Ч고싶은데부업할꺼ㅽ 없ㆈ을까요 뭐 시간나서
2014.05.05.
UP
1
DOWN
댓글
메뉴 더보기
포인트 선물
신고
---
6번째 답변
호하맘
초수
본인 입력 포함 정보
상세 안내 툴팁 보기
지식iN 서비스 질문 답변 페이지 및 프로필의 답변자 정보에 노출되는 답변자의 회사, 학교, 자격 등의 정보는 본인이 지식iN 프로필 수정을 통해 직접 입력한 정보입니다.
네이버는 사용자가 등록한 정보 및 게시물을 제공하는 정보매개 서비스 제공자로서 해당 정보의 정확성, 신뢰성 및 최신성에 대해 보증하지 않습니다.
닫기
안녕하세요~~집에서 돈버는 주부 호하맘이라고합니다.
오후에 남는시간 컴퓨터를 활용한 포스팅알바 어떠세요??
하시는 만큼 건당 수익을 벌어가실수있고,
정해진 업무, 시간안에 처리해야하는 업무가 아니다보니
조급할것도 없으시고 편한시간
짬짬히 일하시면되세요~~
아래 네임카드 확인하시고 천천히 둘러보신후
궁금하시면 언제든지 문의 주세요~~
2014.05.05.
UP
DOWN
댓글
메뉴 더보기
포인트 선물
신고
---
10번째 답변
집에서돈버는김초이
시민
본인 입력 포함 정보
상세 안내 툴팁 보기
지식iN 서비스 질문 답변 페이지 및 프로필의 답변자 정보에 노출되는 답변자의 회사, 학교, 자격 등의 정보는 본인이 지식iN 프로필 수정을 통해 직접 입력한 정보입니다.
네이버는 사용자가 등록한 정보 및 게시물을 제공하는 정보매개 서비스 제공자로서 해당 정보의 정확성, 신뢰성 및 최신성에 대해 보증하지 않습니다.
닫기
안녕","... 재택부업 성공한 하곽이 입니다~ . 하루하루 시간은 가고~ 나이는 먹어가고~ 모은 돈은 없구~.. . 요즘 물가도 비싸서 뭘 하기도 망설이시죠? . 저도 그랬답니다. 초기비용이 들어간다는 거에 뒷걸음 치고, 겁내고 망설였어요. . 그러다가...",기타,etc,kin,https://kin.naver.com/qna/detail.naver?d1id=4&dirId=40611&docId=197021292&qb=67aA7JeFIOyEseqztQ==&enc=utf8,
kin_007,"본업, 부업 공부 모두 하면서 성공하는 게 가능한...","1번째 답변
민규린
은하신
eXpert
교육인
#강의경력40년 #N잡러 #아로마테라피
연애, 결혼, 소화기내과 34위, 음식, 식재료 48위 분야에서 활동
본인 입력 포함 정보
상세 안내 툴팁 보기
지식iN 서비스 질문 답변 페이지 및 프로필의 답변자 정보에 노출되는 답변자의 회사, 학교, 자격 등의 정보는 본인이 지식iN 프로필 수정을 통해 직접 입력한 정보입니다.
네이버는 사용자가 등록한 정보 및 게시물을 제공하는 정보매개 서비스 제공자로서 해당 정보의 정확성, 신뢰성 및 최신성에 대해 보증하지 않습니다.
닫기
짧은 기간은 가능하지만
오랜기간 그렇게 하시면
성공을 할 수는 있으나
건강은 나빠진다고 봐야하네요.
충분한 수면 시간은 우리 몸에
영양분을 흡수 하는데 도움을
주면서 다음날 일을 하고 움직일
수 있는 윈동력을 만들어 주네요.
적절한 수면 시간은 아주 중요하다고
봐야 하네요.
2023.04.13.
채택
질문자가 채택한 답변입니다.
민규린
님의 엑스퍼트 상품
답변자에게 더 자세한 맞춤 상담하고 싶다면 엑스퍼트를 이용해보세요!
바로가기
나의 연애운, 결혼운은 언제쯤 일까요?
판매가
30,000
원
30분
중요한 사항 한가지 알아보기
판매가
10,000
원
10분
UP
DOWN
댓글
메뉴 더보기
포인트 선물
신고
---
2번째 답변
비공개 답변
고수
무엇보다 건강이 1등입니다ㅜㅜ
8시간 수면은 필요해요 몸 망가져요,,
그래서 저는 간단한 재택부업 찾다가
맘에 쏙 드는 부업활동 하고 있어요!
시간을 많이 할애하지 않고 역량껏
하는 일이라 부담이 없어요
관심 있으시면 꼭 해보세요ㅎㅎ
포춘트리 - FT.TREE
포춘트리 - 하루 20분 바램을 현실로 만들어드립니다
han.gl
​
2025.04.14.
채택
질문자가 채택한 답변입니다.
UP
DOWN
댓글
메뉴 더보기
신고","형편상 수면 최대한 절제하고 본업, 부업 공부 모두 하면서 성공하는 게 가능한 일인가요? 짧은 기간은 가능하지만 오랜기간 그렇게 하시면 성공을 할 수는 있으나 건강은 나빠진다고 봐야하네요. 충분한 수면 시간은 우리 몸에 영양분을...",기타,etc,kin,https://kin.naver.com/qna/detail.naver?d1id=6&dirId=61303&docId=443732209&qb=67aA7JeFIOyEseqztQ==&enc=utf8,
kin_008,도보배달부업,"13번째 답변
배달아빠
영웅
40대 이상 남성
운전/운송업
#배달 #쿠팡이츠배달파트너 #배민커넥트
아르바이트 분야에서 활동
본인 입력 포함 정보
상세 안내 툴팁 보기
지식iN 서비스 질문 답변 페이지 및 프로필의 답변자 정보에 노출되는 답변자의 회사, 학교, 자격 등의 정보는 본인이 지식iN 프로필 수정을 통해 직접 입력한 정보입니다.
네이버는 사용자가 등록한 정보 및 게시물을 제공하는 정보매개 서비스 제공자로서 해당 정보의 정확성, 신뢰성 및 최신성에 대해 보증하지 않습니다.
닫기
도보 배달 부업의 모든 것
아래 글에서 확인할 수 있습니다.
도보 배달 시작하는 방법, A-Z 총정리! (배민커넥트, 쿠팡이츠)
안녕하세요. 요즘 도보 배달에 꽂힌 부업아빠입니다. 도보 배달은 운송장비도 필요없어서, 바로 시작할 수 ...
m.blog.naver.com
실제 도보 배달 수입과 후기글도 있으니,
제 배달 전문 블로그 참고하시면 도움되실 겁니다.
부업아빠, 배달로 일어서다 : 네이버 블로그
배달 부업으로 다시 일어선 두 자녀의 아빠입니다. 배달을 직접 뛰면서 배달 전문 블로그를 운영하고 있습니다. 배달앱 가입이벤트, 가입방법, 첫배달방법, 수입공개와 후기, 수입 높이는 법, 월100만원 챌린지, 꿀팁, 세금과 4대보험 등의 카테고리로 구분했습니다. 검색이나 카테고리에서 원하는 글을 찾을 수 있습니다. (모바일은 '서로이웃' 버튼 옆에 '줄3개' 버튼이 '카테고리' 입니다.) G-766882
m.blog.naver.com
2025.05.22.
채택
질문자가 채택한 답변입니다.
UP
1
DOWN
댓글
메뉴 더보기
포인트 선물
신고
---
4번째 답변
road****
초인
본인 입력 포함 정보
상세 안내 툴팁 보기
지식iN 서비스 질문 답변 페이지 및 프로필의 답변자 정보에 노출되는 답변자의 회사, 학교, 자격 등의 정보는 본인이 지식iN 프로필 수정을 통해 직접 입력한 정보입니다.
네이버는 사용자가 등록한 정보 및 게시물을 제공하는 정보매개 서비스 제공자로서 해당 정보의 정확성, 신뢰성 및 최신성에 대해 보증하지 않습니다.
닫기
관양동에서 도보배달부업을 하려면 배달 앱에 등록하고 주변 음식점과 협력하면 돼요! 필요한 서류도 확인해보시면 좋을 것 같아요! 좋은 기회가 생기길 바랄게요!
2025.05.19.
채택
질문자가 채택한 답변입니다.
UP
DOWN
댓글
메뉴 더보기
포인트 선물
신고
---
1번째 답변
joom****
지존
본인 입력 포함 정보
상세 안내 툴팁 보기
지식iN 서비스 질문 답변 페이지 및 프로필의 답변자 정보에 노출되는 답변자의 회사, 학교, 자격 등의 정보는 본인이 지식iN 프로필 수정을 통해 직접 입력한 정보입니다.
네이버는 사용자가 등록한 정보 및 게시물을 제공하는 정보매개 서비스 제공자로서 해당 정보의 정확성, 신뢰성 및 최신성에 대해 보증하지 않습니다.
닫기
도보배달 부업은 배달 앱에 가입해서 시작할 수 있어요
주변 음식점과 카페도 알아보면 좋을 것 같아요!
행운을 빌어요!
2025.05.19.
UP
DOWN
댓글
메뉴 더보기
포인트 선물
신고
---
2번째 답변
지혜
바람신
본인 입력 포함 정보
상세 안내 툴팁 보기
지식iN 서비스 질문 답변 페이지 및 프로필의 답변자 정보에 노출되는 답변자의 회사, 학교, 자격 등의 정보는 본인이 지식iN 프로필 수정을 통해 직접 입력한 정보입니다.
네이버는 사용자가 등록한 정보 및 게시물을 제공하는 정보매개 서비스 제공자로서 해당 정보의 정확성, 신뢰성 및 최신성에 대해 보증하지 않습니다.
닫기
도보배달 부업을 시작하려면 배달 앱에 가입하고 지역 내 배달 가능한 가게를 찾아보세요
그리고 주변을 돌아다니며 홍보도 해보면 좋을 것 같아요
행운을 빌어요!
2025.05.19.
UP
DOWN
댓글
메뉴 더보기
포인트 선물
신고
---
3번째 답변
ghkr****
초인
본인 입력 포함 정보
상세 안내 툴팁 보기
지식iN 서비스 질문 답변 페이지 및 프로필의 답변자 정보에 노출되는 답변자의 회사, 학교, 자격 등의 정보는 본인이 지식iN 프로필 수정을 통해 직접 입력한 정보입니다.
네이버는 사용자가 등록한 정보 및 게시물을 제공하는 정보매개 서비스 제공자로서 해당 정보의 정확성, 신뢰성 및 최신성에 대해 보증하지 않습니다.
닫기
관양동에서 도보배달을 하려면 일단 배달 앱에 가입하고 근처 음식점들을 찾아보세요!
또한 배달할 때 필요한 장비와 안전 장비도 챙기는 게 좋을 듯 해용!
하루 잘 보내세요!
2025.05.19.
UP
DOWN
댓글
메뉴 더보기
포인트 선물
신고","... 도보 배달 부업을 원하신다면, 주변 지역의 배달 앱에 가입하여 배달원으로 활동하실 수 있습니다. 신분증과 계좌 정보를 준비한 뒤, 배달 앱의 안내에 따라 등록 절차를 진행해보시기 바랍니다. 부업 성공을 기원합니다.",배달,platform-labor,kin,https://kin.naver.com/qna/detail.naver?d1id=9&dirId=90107&docId=485344339&qb=67aA7JeFIOyEseqztQ==&enc=utf8,
kin_009,제가 작년에 부업을 두곳에서 했는데,"1번째 답변
네이버지식인
물신
30대 남성
서비스업
동물의료상담 99위 분야에서 활동
본인 입력 포함 정보
상세 안내 툴팁 보기
지식iN 서비스 질문 답변 페이지 및 프로필의 답변자 정보에 노출되는 답변자의 회사, 학교, 자격 등의 정보는 본인이 지식iN 프로필 수정을 통해 직접 입력한 정보입니다.
네이버는 사용자가 등록한 정보 및 게시물을 제공하는 정보매개 서비스 제공자로서 해당 정보의 정확성, 신뢰성 및 최신성에 대해 보증하지 않습니다.
닫기
제가 이해하기로는, 첫 번째 부업에서는 프리랜서로 일하며 3.3%의 수수료를 받으셨다는 것이고, 두 번째 부업에서는 일한 갯수에 따라 금액을 받으셨지만, 수수료에 대한 내용이 명확하지 않다는 것이 맞나요?
​
또한, 두 번째 부업에서 사업소득2로 2,839,380원을 신고하였고, 이 부분이 프리랜서와 같은 방식으로 처리되었는지 여부도 궁금하신 것 같습니다.
​
그리고, 총 사업소득이 650만원 정도이며, 이에 따른 건보료와 피부양자 상실 여부도 궁금하신 것으로 이해됩니다.
​
마지막으로, 11월 전에 두 번째 부업을 그만두셨는데, 이에 따라 해촉증명서를 내서 건강보험공단에 제출하면 피부양자 자격을 유지할 수 있는지 여부도 궁금하신 것으로 이해됩니다.
​
이에 대한 답변을 드리면, 첫 번째 부업에서는 프리랜서로 일하며 수수료를 받으셨고, 두 번째 부업에서는 일한 갯수에 따라 금액을 받으셨지만, 수수료에 대한 내용이 명확하지 않은 것으로 보입니다. 사업소득2로 신고한 금액이 프리랜서와 같은 방식으로 처리되었는지는 해당 부업을 운영하는 기관 또는 담당자에게 문의하셔야 합니다.
​
총 사업소득이 650만원 정도이므로, 건강보험료와 국민연금 보험료 등이 공제되어야 하며, 피부양자 자격 상실 여부는 해당 기간 동안에 적용되는 기준에 따라 다를 수 있습니다. 따라서, 건강보험공단에 문의하시면 더 자세한 답변을 받으실 수 있을 것입니다.
​
마지막으로, 부업을 하셨다면 해당 부업에 대한 내용을 근로소득 원천징수 영수증 등을 통해 신고해야 하며, 해당 부업이 피부양자 자격과 관련이 있는 경우에는 건강보험공단에 해촉증명서를 제출해야 합니다.
https://www.jamongpick.com/23/31406
플레이업
여러분의 인생을 바꿀 부업 아이디어! 지금 바로 알아보세요!
부업으로 시작하는 재미와 이익! 포스팅에서 만나보세요!
부업의 성공 비결, 공개합니다! 이제 시작해보세요!
부업으로 새로운 도전, 함께 시작해보시겠어요?
부업으로 수익 창출, 당신의 인생을 더욱 풍요롭게 만들어보세요!
#부수입100만원벌기
새 창
#온라인수익창출
새 창
2023.05.07.
채택
질문자가 채택한 답변입니다.
UP
DOWN
댓글
메뉴 더보기
신고","... 부업으로 시작하는 재미와 이익! 포스팅에서 만나보세요! 부업의 성공 비결, 공개합니다! 이제 시작해보세요! 부업으로 새로운 도전, 함께 시작해보시겠어요? 부업으로 수익 창출, 당신의 인생을 더욱 풍요롭게 만들어보세요!",기타,etc,kin,https://kin.naver.com/qna/detail.naver?d1id=4&dirId=40301&docId=445246049&qb=67aA7JeFIOyEseqztQ==&enc=utf8,
kin_010,직장인 부업 추천,"40번째 답변
ej****
지존
본인 입력 포함 정보
상세 안내 툴팁 보기
지식iN 서비스 질문 답변 페이지 및 프로필의 답변자 정보에 노출되는 답변자의 회사, 학교, 자격 등의 정보는 본인이 지식iN 프로필 수정을 통해 직접 입력한 정보입니다.
네이버는 사용자가 등록한 정보 및 게시물을 제공하는 정보매개 서비스 제공자로서 해당 정보의 정확성, 신뢰성 및 최신성에 대해 보증하지 않습니다.
닫기
유튜브: 뷰트랩, 블로그: 알파남, 로알남 추천합니다.
뭐든지 배울 때 돈을 쓰시는 것이 좋습니다. 다만 잘 찾아서 써야겠죠.
저도 돈을 많이 썼습니다 ㅠㅠㅠ 블로그도 돈을 안쓰고 스스로해야겠다고 마음먹고 했다가 5개월정도 날리고 큰맘먹고 수강해서 잘했습니다. 흠...믿는 것은 솔직히 질문자님의 마음같아요. 다만 알려드리고 싶은 것은 하루 1시간으로 월 천만원번다? 그런 일은 없습니다. 불가능하다는 것이 아닙니다. 몇년동안 시스템을 구축한 고수들의 경우 지금은 1시간만 일해도 월 천만원 이상의 수익이 생기지만 그들 역시 처음부터 한시간만 한 것은 아니라는 겁니다. 그래서 처음 3개월 정도는 정말 하루에 10시간도 할 각오를 해야 합니다. 물론 자유입니다. 하루에 한 시간만 해도됩니다. 다만 많이 느리겠죠. 현실적으로 수입이 발생하는데 걸리는 시간은 하루 한시간을 기준으로 3개월 이상 걸립니다... 능력치에 따라서 더 걸릴 수도 있고요. 중요한 것은 자신있는거 하나만하세요! 블로그든 유튜브든 구매대행이든 뭐든. 그리고 그 하나를 잘 찾아서 믿을 만한 사람에게 배우는데 돈을 쓰셔도 되고 아니면 구글링해서 독학하셔도 됩니다. 물론 시간, 노력의 차이가 있겠지만 독학은 어렵습니다. 그래도 공짜이니 장점은 있습니다. 그렇게 하나가 월 30만원 이상 수입이 날 때까지 하시는 것을 추천드립니다.
2025 직장인 부업 추천 TOP 5｜퇴근 후 재택으로 가능한 투잡 아이디어 - 더오지랖
2025년은 부업을 시작하기에 가장 좋은 시기입니다. 디지털 인프라와 재택 시스템이 정착되면서 직장인이 본업과 부업을 병행하기에 최적의 환경이 마련되었습니다. 위에서 소개한 직장인 부업 추천 TOP 5를 참고하여, 여러분도 경제적 여유와 자기계발 두 마리 토끼를 잡아보세요!
ohjirap.com
​
2025.10.21.
UP
1
DOWN
댓글
메뉴 더보기
포인트 선물
신고
---
5번째 답변
비공개 답변
고수
안녕하세요 질문자님
질문주신 내용 잘 읽어봤습니다!
정말 많은 고민되실거예요 저역시두
그랬구요 ㅎㅎ 저도 엄청 고민하고
여러군데 해보다가 수익제대로 안나서
포기하고 그랬었거든요.
​
마지막으로 눈 딱감고 해보자!
해서 시작했는데요.
눈으로 수익 쌓이는게 보이니까
믿을 수 있겠더라구요~
​
저는 어린 아기를 키우고 있는 육아맘이예요
​
요즘 물가도 많이 오르고,
남편 혼자 외벌이하는게 너무 미안하기도 하고
신경쓰여서 알아보다 시작하게 되었는데요!
​
저도 처음에는 사기인가?
다단계아닌가? 라는 많은 생각에
여러 회사들을 알아보고 결정했는데,
​
첫날부터 틈틈이해서 수익이 올라가는게
눈으로 보이니까 신뢰도가 쌓이더라구요!
​
처음엔 누구나 다 초보에서 시작하는거잖아요~
이 곳은 본사에서 원격 교육도
해주시니까 어려움 없이
수익내실 수 있어요!
​
직장인/육아맘/대학생 누구나 가능하고
컴맹/ 폰맹도 누구나 가능하답니다!
​
무료회원가입하시고, 재택알바상담 신청해주시면
전화나 카톡으로 자세한 상담 도와드리고 있으니
상담받아보시고 고민해보세요!
​
▶ 재택알바 무료상담 받으러가기
​
​
2024.03.14.
채택
질문자가 채택한 답변입니다.
UP
DOWN
댓글
메뉴 더보기
신고
---
14번째 답변
소망이네
초수
본인 입력 포함 정보
상세 안내 툴팁 보기
지식iN 서비스 질문 답변 페이지 및 프로필의 답변자 정보에 노출되는 답변자의 회사, 학교, 자격 등의 정보는 본인이 지식iN 프로필 수정을 통해 직접 입력한 정보입니다.
네이버는 사용자가 등록한 정보 및 게시물을 제공하는 정보매개 서비스 제공자로서 해당 정보의 정확성, 신뢰성 및 최신성에 대해 보증하지 않습니다.
닫기
제가 하고 있는 부업 추천드릴께요
스마트폰으로 짬짬이 이렇게 벌수 있어요
저는 개인사업자라 진짜 시간이 없는데도
이정도는 벌고 있답니다~ 폰으로 하는거라
일하다 쉬는 시간 틈틈히, 퇴근후 집에서
침대에 누워서, 출퇴근 버스안에서도~
거기다 ai 프로그램 실행 시켜놓으면
자는동안 ai가 알아서 돈도 벌어줘요
언제든 문의 주시고 초보분도 당일부터
벌수있게 만들어드리고 있으니 한번
시작해보세요~ㅎㅎ
​
무료부업 슬립업 문의하세요
#무료부업 #쉬운부업 #ai로돈벌기 #온라인부업 #당일지급부업 #슬립업소망 #빠른글쓰기교육
open.kakao.com
2024.03.16.
UP
DOWN
댓글
메뉴 더보기
포인트 선물
신고
---
15번째 답변
집에서 4억연봉 희야
초인
#13년경력최고수익마케터 #온라인광고마케팅 #온라인광고컨설팅
아르바이트 5위, 구인구직사이트 4위, 직업, 취업 23위 분야에서 활동
본인 입력 포함 정보
상세 안내 툴팁 보기
지식iN 서비스 질문 답변 페이지 및 프로필의 답변자 정보에 노출되는 답변자의 회사, 학교, 자격 등의 정보는 본인이 지식iN 프로필 수정을 통해 직접 입력한 정보입니다.
네이버는 사용자가 등록한 정보 및 게시물을 제공하는 정보매개 서비스 제공자로서 해당 정보의 정확성, 신뢰성 및 최신성에 대해 보증하지 않습니다.
닫기
저도 집에서 13년을 최고수익 올리면서 일했는데요
​
질문처럼 다양한 부업 업체들도 많고
​
업체마다 일하는 방법도 도와주는 것도
​
초기비용도 달라요
​
프리랜서라는게 서로 경쟁을 통해서
​
본인 능력에 따라 수익이 많고 작고 하는 일인데
​
다들 해본적 없이 시작하면서
​
본인 통해 가입하면 돈벌게 해주겠다는
​
온라인상 경쟁자의 말만 믿고 가입해서
​
도움받지 못하고 포기하거나
​
효과적인 방법을 제대로 배우지 못하고
​
시간대비 수익성이 작아서
​
다시 제대로 배우려고 재가입을 반복하는 경우가 많은데요
​
충분하게 잘 알아보시고
​
온라인상 경쟁자의 말만 믿고 의지하는 것 보다는
​
본인이 효과적인","... - 결국 **꾸준히 할 수 있는 부업 = 성공 확률이 높은 부업**입니다. 정리하면, 직장인 부업으로는 **온라인(블로그·쿠팡파트너스·스마트스토어)**이나 **재능 기반(프리랜서 플랫폼)**이 가장 현실적이고 안정적으로 시작할 수...",스마트스토어,online-commerce,kin,https://kin.naver.com/qna/detail.naver?d1id=4&dirId=40607&docId=466218182&qb=67aA7JeFIOyEseqztQ==&enc=utf8,
kin_011,쥬얼리 부업 해보신분이요~,"4번째 답변
꿀미니
초수
본인 입력 포함 정보
상세 안내 툴팁 보기
지식iN 서비스 질문 답변 페이지 및 프로필의 답변자 정보에 노출되는 답변자의 회사, 학교, 자격 등의 정보는 본인이 지식iN 프로필 수정을 통해 직접 입력한 정보입니다.
네이버는 사용자가 등록한 정보 및 게시물을 제공하는 정보매개 서비스 제공자로서 해당 정보의 정확성, 신뢰성 및 최신성에 대해 보증하지 않습니다.
닫기
비즈부업은 해본적이없지만 얘기를 들어보니 그다지 믿음직하지 못한거같습니다
주민번호 계좌번호 비밀번호를 알려줘야하는 부업사이트는 없는걸로 알고있습니다
쉬워보이는 부업이긴 하다만 막상 하면 쉽지만은 않을거같구요
장소제약 없이 컴퓨터 킬줄알고 타자만 칠줄알면 할수있는
괜찮은 부업하나 소개시켜 드리려해요 ㅎㅎ
바로 드림큐라는 부업사이트인데요
드림큐는 하루에도 몇백명씩 신규회원들이 생겨나는 인기부업사이트랍니다
물론 저 꿀미니도 드림큐 회원이구요 ㅎㅎ
그럼 일단 드림큐로 어떤 수익을 낼수있는지 알려드릴게요
제가 올린건 총 11가지지만 현재는 더 많은 수익방법들이 있답니다
드림큐는 위에 보시는것처럼 간단한 방법들로 돈을 벌수있는 부업사이트에요
처음 가입하고 정회원이 되실때 초기비용이 듭니다
하지만 초기비용이 든다고 의심하지 않으셔도 되요
다른 어떤 부업을 하든 초기비용이 드는 건 마찬가지입니다
드림큐는 실적 20건을 달성하면 초기비용을 모두 환불해 주니 걱정하실 필요 없습니다 ㅎㅎ
드림큐를 처음 시작할때 굉장히 많은 고민을 하실꺼에요
저 꿀미니도 그랬거든요 ㅎㅎ
정말 많은 고민의 시간끝에 저는 지금 드림큐 정회원이 되었습니다 ㅎㅎ
현재 초기비용도 할인 중이에요 ㅎㅎ
저 꿀미니는 프리미엄형으로 가입했었답니다^^
저에대해 혹은 드림큐라는 사이트에대해
더궁금하신게 있으시다면 제 네임카드참고하셔서
블로그 한번 방문해주세요 ㅎㅎ
도움이 되셨으면 채택부탁드립니다
2014.05.19.
UP
DOWN
댓글
메뉴 더보기
포인트 선물
신고
---
5번째 답변
내가 먼저
중수
본인 입력 포함 정보
상세 안내 툴팁 보기
지식iN 서비스 질문 답변 페이지 및 프로필의 답변자 정보에 노출되는 답변자의 회사, 학교, 자격 등의 정보는 본인이 지식iN 프로필 수정을 통해 직접 입력한 정보입니다.
네이버는 사용자가 등록한 정보 및 게시물을 제공하는 정보매개 서비스 제공자로서 해당 정보의 정확성, 신뢰성 및 최신성에 대해 보증하지 않습니다.
닫기
쥬얼리 부업 해보신분이요
안녕하세요
저는 손부업은 아니고 인터넷으로 부업하는
헬로우 드림 현이맘입니다.
출퇴근 알바는 출퇴근시간이 명확하고 시간제로 할수 있는 일이 드물어요
그래서 집에서 하는 재택알바 헬로우드림을 하고 있지요..
사정에 따라서 쉬었다가 해도 되고 인터넷만 되면
얼마든지 집에서도 돈을 벌수 있답니다~
헬로우드림은 업무는 인터넷상에 헬로우드림을 알리는 일이에요!!
저처럼 블로그에 포스팅을 통해
헬로우드림 마케터 모집과
또
헬로우드림이 광고대행사라는
걸 홍보하는 거에요~
아래 네임카드 들어가서 직접 보시면 이해가 빠르실 거에요~
2014.05.19.
출처
직접입력
UP
DOWN
댓글
메뉴 더보기
포인트 선물
신고
---
6번째 답변
헬로우드림 희야
영웅
아르바이트, 직업, 취업 분야에서 활동
본인 입력 포함 정보
상세 안내 툴팁 보기
지식iN 서비스 질문 답변 페이지 및 프로필의 답변자 정보에 노출되는 답변자의 회사, 학교, 자격 등의 정보는 본인이 지식iN 프로필 수정을 통해 직접 입력한 정보입니다.
네이버는 사용자가 등록한 정보 및 게시물을 제공하는 정보매개 서비스 제공자로서 해당 정보의 정확성, 신뢰성 및 최신성에 대해 보증하지 않습니다.
닫기
2억 연봉!! 5년차~ 경험과 노하우!!!
질문에 솔직한 답변 드릴게요
네 부업 특성상 신뢰도와 안정성이 중요하세요.
사전에 꼼꼼하게 확인후 결정 하시구요.
최근에 공정위에서 다단계 업체들 집중 조사한다구 하네요.
초보라두 홍보활동만 하시면 첫달부터 수익금 받으면서
부담없이 하실수 있구요.
인터넷 검색과 이렇게 타자 정도 치시고 쇼핑몰 구매정도 하시면
누구나 충분히 하실수 있는 일이구요.
지역에 상관없이 인터넷만 가능하시면 어디서든 본인이 하고 싶은
시간에 하고 싶은 만큼 자유롭게 하실수 있기에 투잡으로도 가능 하구요.
회사는 올해로 창립 11주년된 믿음직한 회사구요^^
각종 언론과 공중파 방송에 보도 방영 되었구요^^
또 제가 일부 방송에 직접 출연 했답니다^^헤헤
그리고 매달  단 한번도 미루거나 어긴적 없이 꼬박 꼬박 입금 받았구요.
규정상 이곳에 통장 인증 못하는점 이해해 주시길 바래요~
네임카드 참고 하시면 통장은 물론 방송 영상 및 국세청 종합소득세
받은 내용도 있으니 참고 하시구 믿으셔도 되구요~
하는 일은 홈피를 분양받아서 홍보만 하면 되는 간단한 업무 이구요.
홍보를 해서 제휴 업체 상품 판매
제휴 업체 홍보 활동 수익
제휴 업체..즉 광고주 모집
홍보활동 사원 모집
이렇게 크게 4가지 분류되구요. 총 17가지의 수익 발생 구조에요.
제 휴업체 3초클릭만 해두 수익금 발생
제휴업체 홍보활동 즉 게시판이나 블로그 카페등에 글만 작성해도 수익
홈피 하루 한번씩 출첵만 해두 월 최소 3만원
다른 일 하면서 드림오토 켜놓기만해두 자동으로 월 1-6만원 수익
이렇게 총 17가지의 다양한 수익원이 있기에 초보도 수익 발생하면서 일하실수 있구요.
이렇게  홍보활동 하다 보면 위 실적들 발생해서 더 많은 수익금을 가져 갈수 있구요.
일 자체는 어렵지 않고 본인도 일 시작하기전 인터넷 검색이나
쇼핑몰 이용정도 하던 수준에서 시작을 했구요. 저 뿐아니구 지금 일하시는 분들
거의 모두 그렇게 시작해서 지금 다들 잘하듯 누구나 충분히 하실수 있는
간단한 일이에요~
일하시게 되면 홈피에 일하는 방법과 설명 자료등이 갖추어져 있고
또 홍보지원센터 문의 도움을 받으실수 있구요.
또 저를 멘토 마케터로 하신 분들은 저에게 문의 도움을 받으시면서 하시면 되는데
제가 그동안 수많은 분들 도움 드리면서 보면 보통 1주일이면 충분히 다 하시구요.
어렵지 않은 간단한 일이세요~
더 궁금하시거나 이해안되시면 아래 네임카드 참고 하시구요~
네임카드 닫혀있",... 안녕하세요 재택부업 성공한 하곽입니다. 주민번호를 알려주고 통장을 하나 개설하라는 건.. 좀 의심스러운 부분이 있는것 같아요. 비번까지 알려줘야 한다는 거에서 ~ 의심이 확 드네요 ㅎㅎ 안하시는게 좋을꺼 같아요. 부업에도...,기타,etc,kin,https://kin.naver.com/qna/detail.naver?d1id=4&dirId=40611&docId=198058426&qb=67aA7JeFIOyEseqztQ==&enc=utf8,
kin_012,극초기부업 소개좀요,"2번째 답변
귀여운딸기
시민
본인 입력 포함 정보
상세 안내 툴팁 보기
지식iN 서비스 질문 답변 페이지 및 프로필의 답변자 정보에 노출되는 답변자의 회사, 학교, 자격 등의 정보는 본인이 지식iN 프로필 수정을 통해 직접 입력한 정보입니다.
네이버는 사용자가 등록한 정보 및 게시물을 제공하는 정보매개 서비스 제공자로서 해당 정보의 정확성, 신뢰성 및 최신성에 대해 보증하지 않습니다.
닫기
리치패밀리를 소개해 드리고 싶어요
지금 극초기 사업가 타이밍이랍니다
​
﻿
우리나라에서 학습지 1위 기업이구요
프리랜서 형태로 월급제가 아닌 주급으로 수당제 입니다.
(매주 화요일 오전9시)
★시간제약없이 하루 1시간 단순 쇼핑몰 홍보
★적은 초기비용+리스크도 없구요
★목돈마련과 노후대비도 안정적으로 할 수 있어요
★연금성 인세 소득도 받을 수 있어요
★300만원 상당의 무료마케팅 교육도 진행해줘요
​
팀으로 이루어 지며 1대1 코칭으로 컴맹도 폰맹도 교육 받아서 일을 할수 있는 사업입니다.
​
경력단절 육아맘인 저 또한 무료 마케팅 교육을 받아 사업을 하고 있으니
재택부업을 원하는 투잡러들 워킹맘 대디 자영업자분들 망설이지 마시고 도전하세요
설문조사 참여하기
▼▼▼▼▼▼▼▼▼▼▼▼▼
[대기업 플랫폼 비지니스 설문조사]
naver.me
▲▲▲▲▲▲▲▲▲▲▲▲▲
​
​
​
본 글은
합법적인 네트워크 사업을 하고 있는
개별 ""독립사업자""가 올린 글이며,
수익을 보장 하지 않습니다.
​
본 글의 목적은
취업,부업,알바,일자리 알선의 목적이 아닌,
함께 네트워크마케팅 판매원 활동을 할
비지니스 파트너 모집이 주 목적입니다.
﻿
2022.12.24.
UP
DOWN
댓글
메뉴 더보기
포인트 선물
신고
---
3번째 답변
탈퇴한 사용자 답변
참고로 저는 리치패밀리라는 온라인부업을 선택했어요
찾으시는 극초기단계랍니다
​
지금 같은 미래가 불확실한 시기에는 리스크 없는 온라인 재택사업이 좋더라구요.  대기업에서 작정하고 시작한 사업인데 아직 아는 사람이 거의 없는 상태라 블루오션이랍니다.
​
​저도 처음엔 이게 뭐지 했는데 알고보니 엄청난 기회더라구요. 하루1시간 정도만 투자해서 온라인 마케팅만 하면 되는 간단한 일이고 큰 투자없이 바로 시작할 수 있으며, 하다가 실패하더라도 리스크는 전혀 없는 일이구요 주식처럼  혹시나 손해볼까봐 마음 졸이며 걱정할 필요가 없어서 너무 맘 편하더라구요.
​
​한번 제대로 알아보세요. 여기 실제로 돈 버시는 분들 엄청나게 많더라구요. 아마 안알아봤으면 평생 후회했겠구나 하실거예요.
​
​자세한 내용은 아래 설문조사 답해주시면 팀에서 카톡드릴께요~
​
​
https://naver.me/GaTz1PFm
[대기업 플랫폼 비지니스 설문조사]
naver.me
​
​
​
​
​
​
​
​
2022.12.24.
UP
DOWN
댓글
메뉴 더보기
신고
---
4번째 답변
집순이
중수
아르바이트, 직업, 취업 분야에서 활동
본인 입력 포함 정보
상세 안내 툴팁 보기
지식iN 서비스 질문 답변 페이지 및 프로필의 답변자 정보에 노출되는 답변자의 회사, 학교, 자격 등의 정보는 본인이 지식iN 프로필 수정을 통해 직접 입력한 정보입니다.
네이버는 사용자가 등록한 정보 및 게시물을 제공하는 정보매개 서비스 제공자로서 해당 정보의 정확성, 신뢰성 및 최신성에 대해 보증하지 않습니다.
닫기
본업 하시면서 추가 수입원을 벌 수있는 투잡도 한번 생각해보세요
​
요즘은 시간,장소 제약없이 온라인으로
하는 부업이 인기죠~
​
별다른 경력이나 스팩이 없이도 가능해서
주부,직장인,취준생 누구나 할 수있고
핸드폰으로 카톡만 할 줄 알면 가능한 일이라
나이가 있어도 쉽게 시작 할 수 있고
본업외에  다른 수입원으로 불확실한
미래를 대비하기에 많이들 하십니다~
​
저도 온라인부업을 하고 있는데
어떤 회사를 선택하느냐가 중요한것 같아요
대기업인지 안전한지~~
저도 꼼꼼히 알아보고 시작했구요
대기업에서 시작한 플랫폼사업이라 안전하고
부업으로 시작해서 본업으로 전향하신 분들도
많이 계십니다~
그만큼 안전하고 수익성도 좋다는 의미겠죠~
​
혹시 관심있으시면 아래 후기 둘러보시고
설문남겨주세요~~
선택은 본인이 하시는거니까 둘러보시고
결정하시면 됩니다~~
https://naver.me/GlmqlxKo
나를 가슴뛰게 만드는 리치패밀리~
안녕하세요 리치패밀리의 무한긍정 열정워킹맘 김선희입니다~ 처음 리치패밀리를 만났을때 저는 참으로 의욕없고 재밌는게 없었던, 하루하루 그냥저냥 살아가던 늦둥이 워킹맘이...
naver.me
​
​
​
​
본 글은
합법적인 네트워크 사업을 하고 있는
개별 ""독립사업자""가 올린 글이며,
수익을 보장 하지 않습니다.
​
본 글의 목적은
취업,부업,알바,일자리 알선의 목적이 아닌,
함께 네트워크마케팅 판매원 활동을 할
비지니스 파트너 모집이 주 목적입니다.
2022.12.24.
UP
DOWN
댓글
메뉴 더보기
포인트 선물
신고
---
5번째 답변
gjpy****
중수
본인 입력 포함 정보
상세 안내 툴팁 보기
지식iN 서비스 질문 답변 페이지 및 프로필의 답변자 정보에 노출되는 답변자의 회사, 학교, 자격 등의 정보는 본인이 지식iN 프로필 수정을 통해 직접 입력한 정보입니다.
네이버는 사용자가 등록한 정보 및 게시물을 제공하는 정보매개 서비스 제공자로서 해당 정보의 정확성, 신뢰성 및 최신성에 대해 보증하지 않습니다.
닫기
극초기 부업 소개 하겠습니다
많이 되지 않은거라 하시면 좋습니다   대기업에서 하는일이라  리스크도 없습니다
​
집에서 할수있는일 찾고  계신다면
여기   정말  괜찮은 부업 하나 가르쳐 드리고 싶내요~~
근데 정말 부업은  잘알아보고 나랑 잘 맞는곳을 선택해야 겠더라구요
​
저도 오래전 암웨이 사업을 지인에게 권유받고 사업설명회를  몇번  갔었어요
근데 여긴 내가 다른사람에게 물건을 팔아야 수익이  나오는 거더라구요
​
​
​
전 소심하고 내성적이라 물건판매는 자신이 없었고
한번 해보려고 하니 얼굴이  빨개지고 쭈뼛거리게 되고 힘이들어 포기하게 되었어요
​
​
​
이후에  결혼도 하게되고 아이도 낳고 육아하면서  직장은 그만두게 되었죠~~
​
근데 신랑 월급으로 생활이 빠",극초기 사업이나 부업은 성공하더군요 선점 가능한 부업 소개좀요 오래된거 말고요. 오래된건 경쟁이 심해요 리치패밀리를 소개해 드리고 싶어요 지금 극초기 사업가 타이밍이랍니다 우리나라에서 학습지 1위 기업이구요 프리랜서...,기타,etc,kin,https://kin.naver.com/qna/detail.naver?d1id=4&dirId=40611&docId=435430606&qb=67aA7JeFIOyEseqztQ==&enc=utf8,
kin_013,"직업(부업), 분야 추천 부탁드립니다","3번째 답변
so****
시민
본인 입력 포함 정보
상세 안내 툴팁 보기
지식iN 서비스 질문 답변 페이지 및 프로필의 답변자 정보에 노출되는 답변자의 회사, 학교, 자격 등의 정보는 본인이 지식iN 프로필 수정을 통해 직접 입력한 정보입니다.
네이버는 사용자가 등록한 정보 및 게시물을 제공하는 정보매개 서비스 제공자로서 해당 정보의 정확성, 신뢰성 및 최신성에 대해 보증하지 않습니다.
닫기
재고부담없이 마켓만 열면 배송까지 책임지는 부업 추천드립니다!
​
샤넬, 롯데, 소니, 코카콜라 등 TOP 브랜드와 협업하고
협찬, 판매, 체험단 등 다양한 미션들이 가득한 '태그바이' 입니다.
​
한번 들러서 확인해보세요!
​
http://bit.ly/2r4l1kP
TAGby - 컨텐츠 마케팅 플랫폼
인플루언서를 이용한 광고, 판매, 마케팅을 하나의 솔루션으로
bit.ly
​
2019.12.24.
UP
DOWN
댓글
메뉴 더보기
포인트 선물
신고
---
4번째 답변
은하신
초인
본인 입력 포함 정보
상세 안내 툴팁 보기
지식iN 서비스 질문 답변 페이지 및 프로필의 답변자 정보에 노출되는 답변자의 회사, 학교, 자격 등의 정보는 본인이 지식iN 프로필 수정을 통해 직접 입력한 정보입니다.
네이버는 사용자가 등록한 정보 및 게시물을 제공하는 정보매개 서비스 제공자로서 해당 정보의 정확성, 신뢰성 및 최신성에 대해 보증하지 않습니다.
닫기
크몽등
​
알아보셔도
​
좋고 개인적으론
​
​
무자본 온라인 부업 관련 사이트추천 네임카드 링크드립니다. 도움받아보시길!
무자본 온라인 부업 리더스
http://bit.ly/2s4JKpy
2019.12.24.
UP
DOWN
댓글
메뉴 더보기
포인트 선물
신고
---
5번째 답변
워크미스올드
초수
본인 입력 포함 정보
상세 안내 툴팁 보기
지식iN 서비스 질문 답변 페이지 및 프로필의 답변자 정보에 노출되는 답변자의 회사, 학교, 자격 등의 정보는 본인이 지식iN 프로필 수정을 통해 직접 입력한 정보입니다.
네이버는 사용자가 등록한 정보 및 게시물을 제공하는 정보매개 서비스 제공자로서 해당 정보의 정확성, 신뢰성 및 최신성에 대해 보증하지 않습니다.
닫기
지금 많이 떠오르고 있는 직종이 광고, 홍보 마케터 쪽일거예요.
디지털노마드 시대라고 하죠. 컴퓨터만 가지고 다니면서 앉는 곳이 직장이고 하루 8시간 이상을 근무하는 것이 아닌 1~2시간씩만 일하고 취미 생활이나 여행도 다니는...
세상 참 많이 바뀌긴 했네요.
2019.12.27.
UP
DOWN
댓글
메뉴 더보기
포인트 선물
신고
---
1번째 답변
유어스돌톡majesty77
고수
본인 입력 포함 정보
상세 안내 툴팁 보기
지식iN 서비스 질문 답변 페이지 및 프로필의 답변자 정보에 노출되는 답변자의 회사, 학교, 자격 등의 정보는 본인이 지식iN 프로필 수정을 통해 직접 입력한 정보입니다.
네이버는 사용자가 등록한 정보 및 게시물을 제공하는 정보매개 서비스 제공자로서 해당 정보의 정확성, 신뢰성 및 최신성에 대해 보증하지 않습니다.
닫기
네~ 요즘 떠오르는 직업
홈비지니스, 재택부업에 대해
말씀 드릴게요~
​
투잡으로나 주부, 대학생들도
많이들 하시는데요
생각하시는 것처럼
집에서 틈나는대로 하실 수 있어요.
​
제공해 드리는 메뉴얼대로
타이핑만 하셔도 수익이 되구요
​
내가 원하는 분야에
상담만 받아도
수익이 발생한답니다.
​
본사에서 제공해 주는 쇼핑몰로
판매 마진을 얻고
​
정회원 모집 수익까지!
​
저는 11년간 사교육에서
학생들을 가르쳐 온 워킹맘입니다.
​
투잡을 희망하던 중
돈 많이 버는 법으로 검색하다
우연히 재택부업에 대해 알게 되었어요.
​
질문 남기고 답변 들어 가며
무지하게 의심하고 고민했었는데요,
재택부업이란게...
확률 높은 로또라고 생각했어요~
​
서칭해보시면 대략 아실 수 있는데요
본인 수익 얼마다 하면서
기계적으로 답변 다시는 분들 많습니다.
통장내역에 혹해서
눈 흐리지 마시고
​
재택부업을 신중하게
고민하고 계시는 중이라면
여러 글들 몇번이고 읽어 보세요.
그러다보면 비교할 수 있는
눈이 생깁니다.
​
진실되 보이는 멘토가 눈에 띈다면
1:1질문도 드려 보시구요~
​
그 다음은 회사입니다.
이것저것 수십가지 돈벌 거리는 많다는 곳
잘 보셔야 합니다.
막상 수익을 보면
짜잘한 곳이 부지기수더라구요..
들인 노력, 시간 대비
가성비가 떨어지는 곳이 많아요~
​
재택부업!!!
저 또한 무슨일을 하는 곳들인지, 사기가 아닌지,
다단계 같은 건가? 하며,
자그마치 8개월이란 시간을
알아보고 고민했습니다.
​
신중했던 결과 다행히 멘토실패 없었구요,
도움 많이 받아 열심히 일하고 있답니다~^^
(멘토란, 처음 하시는 재택부업 성공하시게끔 이끌어 드리고, 가르쳐 드리는 사람입니다)
십여년이 넘었다는 곳에서 일해보신
제 멘토님 얘기에 의하면
지금 회사로 옮긴 이유가
수익률이랍니다.
제가 일하고 있는 이 곳이
압도적으로 높다는거죠!
같은 일 하고 더 많이 버는 곳에서
일하는 것은 당연한 이치죠?
​
수입 또한 월급날까지 기다리실 필요 없이
당일 지급 받을 수 있으니,
탄탄한 자본력
더욱 믿음이 가는 회사지요~
​
긴 시간 고민과 걱정은 제가 다 했습니다.
질문자님은 시간 아끼셔도 되요~^^
​
모두 업계 1위다 하는데...
이 곳은 수익구조 자체가
업계 최고 수익률 이랍니다~!
빠르게 성공하여 롱런할 수 있는 최적의 조건!
제가 이 기업을 선택한 결정적 이유입니다.
​
초기비용때문에 고민하시는 분들 계신데,
일을 안하지 않는 이상
수익이 안날 수가 없고
어차피 환급 받을 수 있기 때문에
걱정하지 않으셔도 되요.
​
정말 핵심 노하우 100% 오픈하는 멘토만나
수익률 갑인 곳에서 시작하셔야
성공합니다!
​
포기하지 않는 이상
수익이 안날 수 가 없는 곳에서
끝까지 책임져 줄 멘토만나
성공하시기를 기원합니다!
2019.12.23.
UP
DOWN
1
댓글
메뉴 더보기
포인트 선물
신고
---
2번째 답변
삭제된 답변
사용자 신고를 받고, 운영원칙에 따라 삭제된 답변입니다.
2019.12.23.","... 신중했던 결과 다행히 멘토실패 없었구요, 도움 많이 받아 열심히 일하고 있답니다~^^ (멘토란, 처음 하시는 재택부업 성공하시게끔 이끌어 드리고, 가르쳐 드리는 사람입니다) 십여년이 넘었다는 곳에서 일해보신 제 멘토님 얘기에...",기타,etc,kin,https://kin.naver.com/qna/detail.naver?d1id=4&dirId=406&docId=343167342&qb=67aA7JeFIOyEseqztQ==&enc=utf8,
kin_014,코딩 부업으로 수익을 창출하고싶습니다,"1번째 답변
비공개 답변
수호신
파이썬으로 웹사이트 외주 맡길정도의 실력이 안되면 수익을 내기 힘들죠
2023.04.30.
채택
질문자가 채택한 답변입니다.
UP
1
DOWN
댓글
메뉴 더보기
신고
---
4번째 답변
네이버지식인
물신
30대 남성
서비스업
동물의료상담 99위 분야에서 활동
본인 입력 포함 정보
상세 안내 툴팁 보기
지식iN 서비스 질문 답변 페이지 및 프로필의 답변자 정보에 노출되는 답변자의 회사, 학교, 자격 등의 정보는 본인이 지식iN 프로필 수정을 통해 직접 입력한 정보입니다.
네이버는 사용자가 등록한 정보 및 게시물을 제공하는 정보매개 서비스 제공자로서 해당 정보의 정확성, 신뢰성 및 최신성에 대해 보증하지 않습니다.
닫기
코딩 부업으로 수익을 창출하는 것은 매우 유망한 분야 중 하나입니다. 이를 위해 고객을 찾는 몇 가지 방법을 소개해 드리겠습니다.
​
1. 온라인 플랫폼 이용하기: Upwork, Freelancer 등과 같은 온라인 플랫폼을 이용하여 프리랜서로 일할 수 있습니다. 이러한 플랫폼은 다양한 분야에서 일할 수 있는 기회를 제공하며, 프로젝트 매칭과 결제 등을 도와줍니다.
​
2. 개인 프로젝트 홍보하기: Github와 같은 소셜 코딩 플랫폼을 활용하여 자신의 개인 프로젝트를 공유하고 홍보할 수 있습니다. 이를 통해 다른 개발자들과의 연결이 가능하며, 적극적으로 홍보하면 더 많은 기회를 얻을 수 있습니다.
​
3. 지인에게서 프로젝트 얻기: 지인이나 가족 중에서 웹 사이트나 모바일 앱 등을 만들어야 하는 사람이 있다면 그들의 프로젝트를 수행해 줄 수 있습니다. 이를 통해 경험을 쌓고, 포트폴리오를 만들어 나갈 수 있습니다.
​
4. 온라인 광고 및 마케팅: Google AdWords, Facebook 광고, Instagram 광고 등과 같은 온라인 광고와 마케팅 기술을 습득하여, 이를 활용하는 부업을 진행할 수도 있습니다.
​
5. 플랫폼 개발 참여하기: 커뮤니티 프로젝트 또는 오픈소스 프로젝트에 참여하면서 자신의 기술을 늘려나갈 수 있습니다. 이를 통해 다양한 개발자들과 함께 일하며, 실력을 키우고 이를 이용하여 부업을 진행할 수도 있습니다.
​
위와 같은 방법으로 고객을 찾으면서 경험과 실력을 쌓아 나가면서, 부업으로 수익을 창출할 수 있습니다.
https://www.jamongpick.com/23/31406
플레이업
여러분의 인생을 바꿀 부업 아이디어! 지금 바로 알아보세요!
부업으로 시작하는 재미와 이익! 포스팅에서 만나보세요!
부업의 성공 비결, 공개합니다! 이제 시작해보세요!
부업으로 새로운 도전, 함께 시작해보시겠어요?
부업으로 수익 창출, 당신의 인생을 더욱 풍요롭게 만들어보세요!
#부수입100만원벌기
새 창
#온라인수익창출
새 창
2023.05.07.
UP
DOWN
댓글
메뉴 더보기
신고
---
5번째 답변
a_av****
중수
본인 입력 포함 정보
상세 안내 툴팁 보기
지식iN 서비스 질문 답변 페이지 및 프로필의 답변자 정보에 노출되는 답변자의 회사, 학교, 자격 등의 정보는 본인이 지식iN 프로필 수정을 통해 직접 입력한 정보입니다.
네이버는 사용자가 등록한 정보 및 게시물을 제공하는 정보매개 서비스 제공자로서 해당 정보의 정확성, 신뢰성 및 최신성에 대해 보증하지 않습니다.
닫기
아직 학생인데 코딩을 취미로 하는 것이 매우 대단하네요
​
그렇다면 어디까지 취미로 공부하고 계셨는지 알고 싶습니다.
​
그것에 따라 웹/앱 개발 등 나뉘어지는 분야가 많기 때문이죠.
​
돈을 버는 것이 목적인데 부업으로 하고 싶으시다면 앱개발을 하는 것을 추천드리기는 합니다.
​
하지만 코딩은 요즘 전문적으로 하지 않는다면 따로 수익 창출이 어려울 수 있어요
​
추가로 궁금한 것이 생긴다면 물어보세요
​
https://open.kakao.com/o/syyryfif
진로/공부/코딩/개인공부/취업/관리/멘토
#코딩#C언어#파이썬#자바#공부방#개인#컨설팅#빅데이터#정보보안#웹개발#멘토#멘티
open.kakao.com
​
2023.05.09.
UP
DOWN
댓글
메뉴 더보기
포인트 선물
신고
---
3번째 답변
kero****
고수
본인 입력 포함 정보
상세 안내 툴팁 보기
지식iN 서비스 질문 답변 페이지 및 프로필의 답변자 정보에 노출되는 답변자의 회사, 학교, 자격 등의 정보는 본인이 지식iN 프로필 수정을 통해 직접 입력한 정보입니다.
네이버는 사용자가 등록한 정보 및 게시물을 제공하는 정보매개 서비스 제공자로서 해당 정보의 정확성, 신뢰성 및 최신성에 대해 보증하지 않습니다.
닫기
현재 '파이코인' 관련 커뮤니티와 디앱이  뜨고 있습니다.
한번 관련 앱을 만들어서 코인을 모아서 수익창출을 해보시는건 어떠세요?
코딩을 하신다면 관련 좋은 앱을 만드시고 코인을 모아 현금화도 가능할듯 합니다.
​
​현재 한국인 180만명이 하는 가장 유망한,검증된 무료채굴 코인 이니, 채굴해서 꼭 보유하세요.
​​
그중에서 단연코 가장 유망한 코인은 '파이 코인'입니다.
​
직접사용해도 되고, 판매도 가능합니다.
비트코인,이더리움이 초기 무료채굴이였던거 아시나요?
미래 가치를 알고 미리 보유했던사람들이 대박 납니다.
이미 전세계 4500만명. 한국인 180만명이 채굴중이고 증명이 다 됐습니다.
​
지금 무료채굴 가능하고 , 개인간 P2P 거래와 실제 결제도됩니다.
​
비트코인이 그랬든 전망좋은 코인 하나 무료로 채굴해서 가지고 있다가, 파시면 됩니다.
​그냥 하루에 한번 체크 하시면 됩니다. 손해 볼거 없고, 보유 하시면 수익을 얻을수있습니다.
​
​링크된 블로그 글 꼭 읽어보세요.
https://blog.naver.com/yka513/223019834166
2023년, 파이코인을 꼭 보유해야 하는 이유.
모든 코인의 가치는 공급과 수요에 의해 정해진다는 점에서, 이용자와 유저들의 관계를 따져봐서 미래 가치...
blog.naver.com
​
2023.04.30.
UP
DOWN
1
댓글
2
메뉴 더보기
포인트 선물
신고","... 부업으로 시작하는 재미와 이익! 포스팅에서 만나보세요! 부업의 성공 비결, 공개합니다! 이제 시작해보세요! 부업으로 새로운 도전, 함께 시작해보시겠어요? 부업으로 수익 창출, 당신의 인생을 더욱 풍요롭게 만들어보세요!",기타,etc,kin,https://kin.naver.com/qna/detail.naver?d1id=1&dirId=10402&docId=444875775&qb=67aA7JeFIOyEseqztQ==&enc=utf8,
kin_015,인스타 부업 괜찮은가요?,"1번째 답변
넥타린블라썸
시민
본인 입력 포함 정보
상세 안내 툴팁 보기
지식iN 서비스 질문 답변 페이지 및 프로필의 답변자 정보에 노출되는 답변자의 회사, 학교, 자격 등의 정보는 본인이 지식iN 프로필 수정을 통해 직접 입력한 정보입니다.
네이버는 사용자가 등록한 정보 및 게시물을 제공하는 정보매개 서비스 제공자로서 해당 정보의 정확성, 신뢰성 및 최신성에 대해 보증하지 않습니다.
닫기
안녕하세요 ~
인스타 부업으로 질문을 주셨느데요
​
저도 얼마전 인스타 부업 진지하게
알아봤거든요..
얼마를 투자하면 얼마로 만들어준다라는
그런 부업이 엄청 많더라구요
100만원내면 600만원정도 만들어준다길래
잠깐 혹한적이있었거든요
안전하지 않고 사기가 많다고 하더라고요
​
그래서 전 대기업에서 합법적으로 하고
있는 부업을 선택했어요~
​
하루에 1시간투자와 휴대폰만있음
가능한일이라 장소와 시간에 제약을
받지 않기에 직장인 투잡, 주부,대학생
또는 50~60대분들도 충분히 할수있어요~
​
더 자세한 내용은 아래링크를 통해
구경한번 해보시고 상담신청 해주세요~
https://cafe.naver.com/rollingonline/82388
​
​
​
​
​
​
​
본 글은
합법적인 네트워크 사업을 하고 있는
개별 ""독립사업자가""가 올린 글이며,
수익을 보장 하지 않습니다.
​
본 글의 목적은
취업,부업,알바,일자리 알선의 목적이 아닌,
함께 네트워크마케팅 판매원 활동을 할
비지니스 파트너 모집이 주 목적입니다.
​
​
2022.11.18.
UP
DOWN
댓글
메뉴 더보기
포인트 선물
신고
---
3번째 답변
성공하자
시민
본인 입력 포함 정보
상세 안내 툴팁 보기
지식iN 서비스 질문 답변 페이지 및 프로필의 답변자 정보에 노출되는 답변자의 회사, 학교, 자격 등의 정보는 본인이 지식iN 프로필 수정을 통해 직접 입력한 정보입니다.
네이버는 사용자가 등록한 정보 및 게시물을 제공하는 정보매개 서비스 제공자로서 해당 정보의 정확성, 신뢰성 및 최신성에 대해 보증하지 않습니다.
닫기
요즘은 온라인으로 알아보는 부업이 대세인데요...그 중에 인스타부업도 하나죠..
대세인만큼 사기도 많고 해서 잘 알아보셔야 하는데요...
​
저도 온라인부업 알아보는데
부업 종류가 너무 많더라구요
​
그렇게 찾다가 알게 된 부업이 있는데요
​
모든 사람들이 휴대폰은 항상 가지고 계시잖아요
휴대폰 하나로 가능한 일이더라구요
​
하루1~2시간만 투자
그리고 혼자가 아닌 팀으로 이루어진 시스템
아무것도 못한다고 걱정하지 마세요
완벽한 시스템으로 밀착 관리 해드려요
​
새로운 세계를 경험하고 싶으시다면
지금 시작하세요
​
고민은 시간만 늦출 뿐입니다
​
상담은 무료이니 걱정하지 마시고
설문조사 참여해보세요
​
♤설문조사 참여하기
https://naver.me/F7ItCsqU
​
♤프로필 바로가기
https://cafe.naver.com/rollingonline/82458
​
​
​
​
​
​
​
​
​
​
​
본 글은
합법적인 네트워크 사업을 하고 있는
개별 ""독립사업자""가 올린 글이며,
수익을 보장 하지 않습니다.
​
본 글의 목적은
취업,부업,알바,일자리 알선의 목적이 아닌,
함께 네트워크마케팅 판매원 활동을 할
비지니스 파트너 모집이 주 목적입니다.
2022.11.18.
UP
DOWN
댓글
메뉴 더보기
포인트 선물
신고
---
4번째 답변
꽃길걷는 볼리
시민
본인 입력 포함 정보
상세 안내 툴팁 보기
지식iN 서비스 질문 답변 페이지 및 프로필의 답변자 정보에 노출되는 답변자의 회사, 학교, 자격 등의 정보는 본인이 지식iN 프로필 수정을 통해 직접 입력한 정보입니다.
네이버는 사용자가 등록한 정보 및 게시물을 제공하는 정보매개 서비스 제공자로서 해당 정보의 정확성, 신뢰성 및 최신성에 대해 보증하지 않습니다.
닫기
안녕하세요 :)
사업으로 꽃길 걷고있는 직장인 볼리에용!
​
​
인스타 부업 중 어떤걸 보셨을지 모르겠지만!
저는 인스타공구마켓부업을 했었어요 ㅎㅎ
​
인스타공구마켓부업을 성공하신분들보면
엄청 쉬워보이고, 저도 잘 벌수있을것같아서 했었는데요!
​
음.. 생각보다 너무 어렵더라구요..
​
일단..
매출도 신경써야하고, 고객관리도 해야하고
너무 힘들더라구요?
​
직장도 다니는데 여기에 신경써야하고
직장도 신경써야하고..
​
하루종일 스마트폰 붙잡고 있어서
이건 아니다 싶어서 다른 부업을 찾았는데요.
​
그래서 지금 하고 있는 이 부업으로 전향했어요!
​
제가 하고 있는 이 부업은
정말 간단해요!
​
글 하나만 작성해서 홍보하는 글을 올리기만 하면되는데요 ㅎㅎ
​
고액의 교육도 무료로 진행해 드리구,
40대 50대도 충분히 할 수 있는 그런 부업이랍니다^^
​
★스마트폰 하나로 언제 어디서든 할 수 있구
★날이 갈수록 돈이 불어나는 일이라 고수익도 벌어 갈 수 있어요 :)
★20세 이상이면 누구나 가능하구
★팀원으로 활동할 수 있어 부담없이 1:다수 질문이 가능하답니다^^
​
​
시작을 하지 않으면 아무일도 일어 나지 않는다고해요 ^^
저는 저에게 성공이라는 일이 생겼으면 좋겠어서
이 사업을 시작했답니다!
​
손부업보다 더 나은 사업!
저와 함께 도전하세요 ^^
​
​
상담&문의는 아래 이미지를 클릭해주세용
*본 글은 합법적인 네트워크 사업을 하고 잇는 개별 ""독립사업자""가 올린 글이며,
수익을 보장하지않습니다.
​
*본 글의 목적은 취업, 부업, 알바, 일자리 알선의 목적이 아닌,
함께 네트워크마케팅 판매원 활동을 할 비지니스 파트너 모집이 주 목적입니다.
2022.11.18.
UP
DOWN
댓글
메뉴 더보기
포인트 선물
신고
---
5번째 답변
새벽이
초수
본인 입력 포함 정보
상세 안내 툴팁 보기
지식iN 서비스 질문 답변 페이지 및 프로필의 답변자 정보에 노출되는 답변자의 회사, 학교, 자격 등의 정보는 본인이 지식iN 프로필 수정을 통해 직접 입력한 정보입니다.
네이버는 사용자가 등록한 정보 및 게시물을 제공하는 정보매개 서비스 제공자로서 해당 정보의 정확성, 신뢰성 및 최신성에 대해 보증하지 않습니다.
닫기
질문하신 내용 잘 살펴봤어요.
부업을 고민하시는 심정 잘알고있어요.
​
저도 혼자 외벌","... 저는 인스타공구마켓부업을 했었어요 ㅎㅎ 인스타공구마켓부업을 성공하신분들보면 엄청 쉬워보이고, 저도 잘 벌수있을것같아서 했었는데요! 음.. 생각보다 너무 어렵더라구요.. 일단.. 매출도 신경써야하고, 고객관리도 해야하고...",콘텐츠,content-sns,kin,https://kin.naver.com/qna/detail.naver?d1id=1&dirId=1061203&docId=432991901&qb=67aA7JeFIOyEseqztQ==&enc=utf8,
kin_016,[부업] 괜찮은거 없나요?,"7번째 답변
주식미영
지존
본인 입력 포함 정보
상세 안내 툴팁 보기
지식iN 서비스 질문 답변 페이지 및 프로필의 답변자 정보에 노출되는 답변자의 회사, 학교, 자격 등의 정보는 본인이 지식iN 프로필 수정을 통해 직접 입력한 정보입니다.
네이버는 사용자가 등록한 정보 및 게시물을 제공하는 정보매개 서비스 제공자로서 해당 정보의 정확성, 신뢰성 및 최신성에 대해 보증하지 않습니다.
닫기
안녕하세요 큐리라고 합니다^^
8년동안 재택알바업계 1위를 차지하고 있으며,
공정거래위원회에 '통신판매업체'로 정식 등록되어있는 기업을 추천하고 싶네요.
언론에도 여러번 보도 되었고, 여러기관에서 인증도 받았으며,
21~45세의 인터넷 보는것만 아시는 분이면 누구나 가능하구요,
혹 인터넷을 잘 못하신다고 해도 오프라인으로도 일 하실 수 있기때문에
전혀 문제가 되지 않는답니다^^
다만 어려운 점을 꼽자면 작은 시간이라도 매일 꾸준히 해야 한다는 점과,
주변의 오해의 시선들이 따갑고 힘들다는 것이에요.
하지만 이 정도는 본인의 의지만 있으시다면 다 이겨낼 수 있구요!
본사 홍보자료가 정말 보기 쉽게 정리가 되어 있어서 쉽게 일을 배우실 수 있답니다.
하루 2~3시간 본사 홈페이지의 자료를 토대로 나만의 홍보문구를 작성하셔서 하시면 되는,
어려울 것도 없는 일이에요. 홍보를 하셔서 문의자가 생기면 회사에 전달을 하시고,
문의자가 딜러가되면 실적 1건이 발생하는 구조입니다.
실적금액은 1건당 최대35만원이며 월급은 매달 26일날 들어온답니다.
자신의 받을 금액의 30%까지 가불도 가능해요^^
더 궁금한 점이 있으신가요? 네임카드를 참고해주세요^^
실시간 채팅상담도 가능하답니다~
2011.07.26.
채택
지식인 채택 답변입니다.
출처
큐리
UP
5
DOWN
댓글
메뉴 더보기
포인트 선물
신고
---
3번째 답변
탈퇴한 사용자 답변
나이제한이 있긴 하지만 45세이하라면 가능한 부업이있습니다.
인터넷알바구요..
간단하게 지식인 질문올리실 정도면 가능한 알바에요^^
자세히 알아보시고 결정하세요
2011.07.26.
UP
4
DOWN
댓글
메뉴 더보기
포인트 선물
신고
---
13번째 답변
비공개 답변
태양신
일을 하는 도중에 다른일을 시작하더라도
아무 지장없이 할수있는일 하고 있어요
​
시간투자가 많지 않다보니 겸업으로 하기도 좋고
활용할수 있는 시간이 많을 경우에는
그만큼 더 투자하면 되니까 좋아요
​
하루에 5개든 10개든 짧게 글을 적으면서
클릭한번에 수익을 받는일을 하고 있어요
​
제가 생각하기에 장점은 글은 누적이 되기때문에
시간이 지날수록 수익도 점점 늘어난다에요
​
저 같은경우에는 지금까지 적어둔글이 1000개
가량이 되다보니 매시간마다 수익이 들어와서
만족하면서 하고 있어요
​
시간되실때 다른 후기글 보시거나
상담 받아보셔도 좋으실거 같아요
​
모집없이 시작하는 재택알바
생각보다 너무 간단하고 어렵지 않았어요!
qqa.co.kr
2025.06.26.
UP
2
DOWN
댓글
메뉴 더보기
신고
---
1번째 답변
gkdi****
초수
본인 입력 포함 정보
상세 안내 툴팁 보기
지식iN 서비스 질문 답변 페이지 및 프로필의 답변자 정보에 노출되는 답변자의 회사, 학교, 자격 등의 정보는 본인이 지식iN 프로필 수정을 통해 직접 입력한 정보입니다.
네이버는 사용자가 등록한 정보 및 게시물을 제공하는 정보매개 서비스 제공자로서 해당 정보의 정확성, 신뢰성 및 최신성에 대해 보증하지 않습니다.
닫기
제가 괜찮은 부업 추천해드릴게요.~
우선 초기자본이 하나도 들어가지않고 올해로 8년차를 맞이했으며
공정거래위원회에 정식등록된 업체로 TV에도 수차례 방송된 업체에요..
(TV방송 및 증빙자료 제블로그에 첨부)편한시간에 편한곳에서
하루 2~3시간만 일하시면 되구요.
보통 그렇게 하시는 딜러분들은 월평균 200~300만원 벌어가세요.
저같은 경우는 평범한 가정주부로 집에서 하루평균 4시간정도 일해서
11개월째 월평균 500~700만원 꾸준히 벌고있어요.(실제통장내역공개)
시간대비 너무 많이 번다고 다단계나 사기업체라고 생각하시는 분들이 계시는데
만약 통장내역이 거짓이거나 다단계나 사기회사라면
대한민국의 한국민으로서 강력한 처벌을 받을것입니다.
업무는 굉장히 쉬운편이구요.오로지오로지 홍보만 하시면 됩니다.
자세한 사항이나 문의사항은 밑에 네임카드(별사진)참조해주세요.
만약 네임카드가 안보일시 아이디를 클릭하시면 되요.~
24시 거짓없이 성실히 답변/상담 해드릴게요.~늘 웃는날만 가득하시구요.~
2011.07.26.
UP
1
DOWN
댓글
메뉴 더보기
포인트 선물
신고
---
11번째 답변
bc****
시민
본인 입력 포함 정보
상세 안내 툴팁 보기
지식iN 서비스 질문 답변 페이지 및 프로필의 답변자 정보에 노출되는 답변자의 회사, 학교, 자격 등의 정보는 본인이 지식iN 프로필 수정을 통해 직접 입력한 정보입니다.
네이버는 사용자가 등록한 정보 및 게시물을 제공하는 정보매개 서비스 제공자로서 해당 정보의 정확성, 신뢰성 및 최신성에 대해 보증하지 않습니다.
닫기
제가 퇴직을 준비중인데.. 일단 부업으로 시작하고선
나중에 부업을 매진 할생각인데요..≠
괜찮은것좀 알아보고 싶어서요 비전 높고 대박날수있는걸로요..
아무리 알아봐도 집에서 여자가 하는 손부업 말구요
인형 눈알 끼고 이런거 말구요 남자가 할수있는 부업이요..
=============================================================
...정말 힘든상황은 누구든지 있는거 같습니다.
저도 부업을 하기전에는 정말 항상 힘든 나날을 보냈었죠
아침에는 우유배달, 점심에는 음식배달, 저녁에는 주유소까지 해서 투잡으로
돈을 꾸준히 모았죠.. 부업에 대한 갈망이 컸습니다.. 지금도 눈물이나네요
진짜 뒤로 갈수도 없는 상태여서 부업하나만 바라보고 꾹참고 일했죠
그런데 그렇게 일만하다가 난관에 부딪혔습니다.. 뭘 해야 할지를 몰랐어요.
부업할 돈은 있지만 뭘해야 할지를 모르겠는겁니다.
그래서 이래저래 인터넷도 쳐보고 신문도 찾아봤죠. 모두가 성공글만 올라
오더라구요 부업에 대해서 다 성공했다고 했지만 자세히 파고들면
안좋은점도",... 부업으로 성공하려면 많은시간을 투자 해야 하는거죠.. 남는게 얼마 없어요. 그래도 하신다면 좋긴좋죠 레시피 프랩같은게 다 짜여져 있으니까요.. 그리고 다른 의류쪽이라던지 장사쪽은 이쪽기술이 있으면 하십시오. 그런데 그쪽은...,기타,etc,kin,https://kin.naver.com/qna/detail.naver?d1id=4&dirId=40611&docId=134276727&qb=67aA7JeFIOyEseqztQ==&enc=utf8,
kin_017,{부업} 돈많이 벌고싶어요.,"2번째 답변
20개회사 비교대출
지존
본인 입력 포함 정보
상세 안내 툴팁 보기
지식iN 서비스 질문 답변 페이지 및 프로필의 답변자 정보에 노출되는 답변자의 회사, 학교, 자격 등의 정보는 본인이 지식iN 프로필 수정을 통해 직접 입력한 정보입니다.
네이버는 사용자가 등록한 정보 및 게시물을 제공하는 정보매개 서비스 제공자로서 해당 정보의 정확성, 신뢰성 및 최신성에 대해 보증하지 않습니다.
닫기
안녕하세요.
질문하신 내용에 대해 답변 드리겠습니다. ^^
8년 동안 재택 업계에서 1위를 하고 있는 회사는 어떠신지요?
초기비용 이나 투자비용의 부담이 없으며 원하는 시간에 원하는 장소에서
일을 하실 수 있습니다.
초보자도 쉽게 배우실 수 있으며 누구나 금방 적응을 하실 수 있습니다.
인터넷 검색 정도만 하실 수 있으면 누구나 하실 수 있습니다.
일을 시작 하실때 회사의 인지도나 안정성을 꼭 따져 보셔야 합니다.
궁금하신 사항이 있으시면 언제든지 문의 주세요. ^^.
오늘도 좋은 하루 되세요^^
2011.07.26.
출처
직접작성함^^
UP
3
DOWN
댓글
메뉴 더보기
포인트 선물
신고
---
3번째 답변
탈퇴한 사용자 답변
대출까지 안해도 할수있는 부업이 있어요
초기비용없이 할수있고요....
핸드폰개통조건이 있긴 하지만 일열심히 해주신다면
실적없어도 지원금 나오니까 걱정안하셔도 되는부분이구요.
좀 더 자세히 알아보시고 결정하세요^^
2011.07.26.
UP
3
DOWN
댓글
메뉴 더보기
포인트 선물
신고
---
18번째 답변
qo****
시민
본인 입력 포함 정보
상세 안내 툴팁 보기
지식iN 서비스 질문 답변 페이지 및 프로필의 답변자 정보에 노출되는 답변자의 회사, 학교, 자격 등의 정보는 본인이 지식iN 프로필 수정을 통해 직접 입력한 정보입니다.
네이버는 사용자가 등록한 정보 및 게시물을 제공하는 정보매개 서비스 제공자로서 해당 정보의 정확성, 신뢰성 및 최신성에 대해 보증하지 않습니다.
닫기
막 이제 군대전역한지 얼마안되서 공장에서 일했는데..
소자금으로 부업을 시작하고 싶어요..
필요하다가 대출 받을생각도 있습니다.. 좋은 부업만있다면요.
근데 혼자 시작해본게 없어서 잘할수 있을지 걱정이예요
쉽게 누구나 할수있는 부업은 없을까요?
_________________________________________________
아직도 부업의 성공이란 문에서 서성이고 계시네요.
원래 모든사람들이 어렵게 모은돈으로 부업을 시작한다는게
마음처럼 정말 쉽지 않습니다. 그만큼 결단력이 없으면 부업도 못하고
사회적으로도 리더가 될수 없는것만 명심하세요! 요즘 신문을 보면 여러
음식집이 나오는걸 보셨을거에요 부업 대박의 길을 걸으세요.
정말 잘되는가게도 많은거에요. 저도 거기에 대해서는 많이 알아봤거든요.
그런데 요즘 브랜드화가 너무 잘되서 부업으로 시작했지만 내 사업은
아닌거같고 짜여진 메뉴얼에만 따라가야되고 나의 의견이 무시되는게 요즘
브랜드화 된 부업에 문제점이라고 꼽으면 꼽겠습니다.
제 친구들은 의외로 저한테 추진을 해봐라 해서 저는 적극 추진해서
쓴맛을 맛보았었죠. 부업에 대해서는 아는게 없으니까 당연하다고 생각했습니다.
그러다가 제가 러브하우스를 가끔 이용하는데 거기 사장님이
고민만 하지말고 지인 소개 해줄테니까 얘기를 나눠보라고 하시더라구요.
일단 부업으로 알아보자하고 러브샵창업을 해주시는분을 만났습니다.
그런데 속이 후련한 느낌을 받고 이거다 하는걸 저는 느꼈어요.
요즘 프랜차이즈화 되가는 부업보다는 광활한 온라인세계의 문에 들어온거죠.
아무것도 몰랐지만 그 분이 옆에서 처음부터 끝까지 같이 봐주는데 마음도
든든하고 괜찮았습니다. 그렇게 시작한 부업 지금은 본업보다
돈도 많이 벌고 있어요 주변에서 성공 했네 이렇게들 말씀하십니다.
괜찮으시면 제가 그분 한번 소개해드릴까 하는데 고민하는것보다
얘기라도 해보시면 다른 길이 열릴수도 있는거니까요.
제
네임카드
클릭해서 들어가보시면 길이 열리실거에요.
2011.07.26.
채택
질문자가 채택한 답변입니다.
UP
1
DOWN
댓글
1
메뉴 더보기
포인트 선물
신고
---
4번째 답변
주식미영
지존
본인 입력 포함 정보
상세 안내 툴팁 보기
지식iN 서비스 질문 답변 페이지 및 프로필의 답변자 정보에 노출되는 답변자의 회사, 학교, 자격 등의 정보는 본인이 지식iN 프로필 수정을 통해 직접 입력한 정보입니다.
네이버는 사용자가 등록한 정보 및 게시물을 제공하는 정보매개 서비스 제공자로서 해당 정보의 정확성, 신뢰성 및 최신성에 대해 보증하지 않습니다.
닫기
안녕하세요 큐리라고 합니다^^
8년동안 재택알바업계 1위를 차지하고 있으며,
공정거래위원회에 '통신판매업체'로 정식 등록되어있는 기업을 추천하고 싶네요.
언론에도 여러번 보도 되었고, 여러기관에서 인증도 받았으며,
21~45세의 인터넷 보는것만 아시는 분이면 누구나 가능하구요,
혹 인터넷을 잘 못하신다고 해도 오프라인으로도 일 하실 수 있기때문에
전혀 문제가 되지 않는답니다^^
다만 어려운 점을 꼽자면 작은 시간이라도 매일 꾸준히 해야 한다는 점과,
주변의 오해의 시선들이 따갑고 힘들다는 것이에요.
하지만 이 정도는 본인의 의지만 있으시다면 다 이겨낼 수 있구요!
본사 홍보자료가 정말 보기 쉽게 정리가 되어 있어서 쉽게 일을 배우실 수 있답니다.
하루 2~3시간 본사 홈페이지의 자료를 토대로 나만의 홍보문구를 작성하셔서 하시면 되는,
어려울 것도 없는 일이에요. 홍보를 하셔서 문의자가 생기면 회사에 전달을 하시고,
문의자가 딜러가되면 실적 1건이 발생하는 구조입니다.
실적금액은 1건당 최대35만원이며 월급은 매달 26일날 들어온답니다.
자신의 받을 금액의 30%까지 가불도 가능해요^^
더 궁금한 점이 있으신가요? 네임카드를 참고해주세요^^
실시간 채팅상담도 가능하답니다~
2011.07.26.
출처
큐리
UP
DOWN
댓글
메뉴 더보기
포인트 선물
신고
---
6번째 답변
hysn****
초수
본인 입력 포함 정보
상세 안내 툴팁 보기
지식iN 서비스 질문 답변 페이지 및 프로필의 답변자 정보에 노출되는 답변자의 회사, 학교, 자격 등의 정보는 본인이 지식iN 프로필 수정을",... _________________________________________________ 아직도 부업의 성공이란 문에서 서성이고 계시네요. 원래 모든사람들이 어렵게 모은돈으로 부업을 시작한다는게 마음처럼 정말 쉽지 않습니다. 그만큼 결단력이 없으면 부업도 못하고...,기타,etc,kin,https://kin.naver.com/qna/detail.naver?d1id=4&dirId=40611&docId=134276990&qb=67aA7JeFIOyEseqztQ==&enc=utf8,
kin_018,재택부업 할 때 주의할 점이나 사기 피하는 법 있을까요,"19번째 답변
집에서 5억 연우
초인
본인 입력 포함 정보
상세 안내 툴팁 보기
지식iN 서비스 질문 답변 페이지 및 프로필의 답변자 정보에 노출되는 답변자의 회사, 학교, 자격 등의 정보는 본인이 지식iN 프로필 수정을 통해 직접 입력한 정보입니다.
네이버는 사용자가 등록한 정보 및 게시물을 제공하는 정보매개 서비스 제공자로서 해당 정보의 정확성, 신뢰성 및 최신성에 대해 보증하지 않습니다.
닫기
교육비를 지불해야 그에 맞는 교육을 멘토가 제공합니다
간혹 제대로 된 교육을 제공받지 못하는 경우가 있으니
결제 전에 상담 시간이나 업무 강도 등
꼼꼼하게 확인해보셔서 피해 없으시길 바랄게요 !
​
저도 실제로 하고 있어서
엄한 곳에서 손해보지 않길 바라는 마음에
간단하게 소개드리고 갈게요 :)
​
​
기본 수익구조는 이러하고
휴대폰 하나만 있으면 시간, 장소 제한없이
내가 원할 때 일할 수 있으니까
​
​본업이 있는 직장인들도,
집에서 육아하는 주부들에게도 강추 드려요~!
​
저랑 함께 용돈벌이 중인 분들의 실제 후기를
개인 블로그에 매달 기록 중에 있어요 :)
​
​제 프로필 사진을 클릭하면 바로 보이는
링크를 참고해주세요♥♥♥♥
​
​
2025.09.17.
UP
9
DOWN
댓글
메뉴 더보기
포인트 선물
신고
---
5번째 답변
하기 쉬운 용돈 벌기
중수
본인 입력 포함 정보
상세 안내 툴팁 보기
지식iN 서비스 질문 답변 페이지 및 프로필의 답변자 정보에 노출되는 답변자의 회사, 학교, 자격 등의 정보는 본인이 지식iN 프로필 수정을 통해 직접 입력한 정보입니다.
네이버는 사용자가 등록한 정보 및 게시물을 제공하는 정보매개 서비스 제공자로서 해당 정보의 정확성, 신뢰성 및 최신성에 대해 보증하지 않습니다.
닫기
집에서도 할 수 있는 부업은
복잡하지않고 단순해야
꾸준히 오래 유지할 수 있습니다!
​
저도 부업을 알아보다가
아무곳에서 했다가 돈만 날리고
수익적인 부분도 없고
멘토라는 분은 잠수타고 그래서
사기도 당하고 그랬는데요
​
포기할려는 찰나에 마이셀즈라는 부업을
알게 되면서 너무 좋은 멘토도 만났어요
​
그래서 저도 좋은 멘토가 되야겠다고 생각했고
사기를 당해봤던 경험으로
초보자의 시선으로, 초보자의 마음으로
제 양심을 걸고 말씀드립니다!
​
부업 피해 당하지 않는 방법까지 설명해드리고
수익은 100% 날 수 있게 알려드리니
처음이라고 걱정 할 필요 없습니다!
​
단순 타이핑으로 수익이 나니까
쉽고 빠르게 수익이 날 수 있습니다!
​
꼭 저에게 부업 관련 상담 받아보신 후
신중하게 결정하세요!
​
도움이 필요하시거나 자세한 문의를 원하시면
상단 닉네임 확인 후 문의주세요!
​
2025.05.17.
UP
2
DOWN
2
댓글
메뉴 더보기
포인트 선물
신고
---
2번째 답변
mbz3****
태양신
본인 입력 포함 정보
상세 안내 툴팁 보기
지식iN 서비스 질문 답변 페이지 및 프로필의 답변자 정보에 노출되는 답변자의 회사, 학교, 자격 등의 정보는 본인이 지식iN 프로필 수정을 통해 직접 입력한 정보입니다.
네이버는 사용자가 등록한 정보 및 게시물을 제공하는 정보매개 서비스 제공자로서 해당 정보의 정확성, 신뢰성 및 최신성에 대해 보증하지 않습니다.
닫기
신뢰할 수 있는 업체인지 확인하고,
​
등록비가 있는 경우 신중히 검토하며,
​
계약서 내용을 꼼꼼히 읽어보세요.
2025.04.23.
UP
DOWN
댓글
메뉴 더보기
포인트 선물
신고
---
3번째 답변
집에서 일하는 린혜
초수
본인 입력 포함 정보
상세 안내 툴팁 보기
지식iN 서비스 질문 답변 페이지 및 프로필의 답변자 정보에 노출되는 답변자의 회사, 학교, 자격 등의 정보는 본인이 지식iN 프로필 수정을 통해 직접 입력한 정보입니다.
네이버는 사용자가 등록한 정보 및 게시물을 제공하는 정보매개 서비스 제공자로서 해당 정보의 정확성, 신뢰성 및 최신성에 대해 보증하지 않습니다.
닫기
현존하는 회사인지 정확하게 하는일이 무엇인지 정도는
꼭 확인을 해보셔야하세요.
내가 하는일이 없음에도 수.익이 난다?
이런 부분 잘 체크하셔야합니다.
​
2025.04.23.
UP
DOWN
댓글
메뉴 더보기
포인트 선물
신고
---
4번째 답변
최혜윤
지존
본인 입력 포함 정보
상세 안내 툴팁 보기
지식iN 서비스 질문 답변 페이지 및 프로필의 답변자 정보에 노출되는 답변자의 회사, 학교, 자격 등의 정보는 본인이 지식iN 프로필 수정을 통해 직접 입력한 정보입니다.
네이버는 사용자가 등록한 정보 및 게시물을 제공하는 정보매개 서비스 제공자로서 해당 정보의 정확성, 신뢰성 및 최신성에 대해 보증하지 않습니다.
닫기
재택 부업을 찾다 보면
등록비
나
조건이 불분명한
경우가 많아서
피해를 입지 않기 위해 신중하게 판단
해야 합니다. 다음은
재택 부업을 시작할 때 피해를 예방하는 방법
과 체크해야 할 중요한 포인트입니다:
1. 등록비 요구 시 주의
정당한 이유 없이 등록비를 요구하는 경우
에는 특히 주의해야 합니다. 대부분의
정상적인 부업
은
초기 비용이 들지 않거나 매우 적습니다
.
기존에 실제로 존재하는 부업들
은 대개
참여비용이 없거나, 최소한의 재료비만 필요
합니다.
피해야 할 유형
:
등록비, 회원비, 교육비
등을 선결제로 요구하는 부업은
사기일 가능성
이 높습니다. 특히
보장된 수익
을 약속하는 부업은 의심해보세요.
2. 수익 구조가 불투명한 경우
수익 모델이 불투명
하거나
모호하게 설명되는 부업
은 반드시 조심해야 합니다.
예를 들어, ""일정 수의 사람을 모집해야 한다"", ""광고를 클릭해야만 돈을 번다"" 등의 방식은
리스크가 클 수
있습니다.
수익이 어떻게 발생하는지
,
언제 돈을 받을 수 있는지
등을 명확하게 확인하세요.
피해야 할 유형
:
누군가를 모집해야 하는 형태
의 부업은 종종
피라미드식 마케팅
이나
다단계 판매
와 연결될 수 있으므로 주의해야 합니다.
3. 모집 조건과 계약서 꼼꼼히 확인
부업을 시작하기 전에 계약서나 동의서를 꼭 읽어보세요
. 특히
조건이 불투명하거나 모호한 경우
에는 조심해야 합니다.
모집 공고
나
광고
에 명시된
구체적인 작업 내용
,
보상 방식
,
작업 시간
등이 확실하게 적혀 있는지 확인","... 재택부업 시작 전, 꼭 기억하세요 ✅ 돈 벌기 전 돈을 내라는 곳은 피하세요 ✅ 너무 쉬워 보이면 한 번 더 의심하세요 ✅ “내 시간과 에너지”를 잘 지켜내는 게 부업 성공의 첫걸음이에요 질문자님처럼 조심스럽게 접근하시는 분들이...",기타,etc,kin,https://kin.naver.com/qna/detail.naver?d1id=8&dirId=80801&docId=484501120&qb=67aA7JeFIOyEseqztQ==&enc=utf8,
kin_019,오프라인.온라인사업성공을 위해서(월수1천이상)...,"1번째 답변
다온엔터프라이즈
지식파트너
아르바이트, 직업, 취업 분야에서 활동
온오프라인 사업 성공
실패는 경험이라 생각해용
조금 더 배우고 발전할 기회죠
2025.12.04.
UP
DOWN
댓글
메뉴 더보기
신고
---
2번째 답변
이윤정
식물신
본인 입력 포함 정보
상세 안내 툴팁 보기
지식iN 서비스 질문 답변 페이지 및 프로필의 답변자 정보에 노출되는 답변자의 회사, 학교, 자격 등의 정보는 본인이 지식iN 프로필 수정을 통해 직접 입력한 정보입니다.
네이버는 사용자가 등록한 정보 및 게시물을 제공하는 정보매개 서비스 제공자로서 해당 정보의 정확성, 신뢰성 및 최신성에 대해 보증하지 않습니다.
닫기
온오프 사업 실패는 성공의 발판!
끈기와 분석이 중요해용
계속 준비해보시길 바래요!!
2025.12.04.
UP
DOWN
댓글
메뉴 더보기
포인트 선물
신고
---
3번째 답변
빚에서 탈출한 K장녀
시민
교육인
#온라인부업 #재택알바 #끈기와간절함
본인 입력 포함 정보
상세 안내 툴팁 보기
지식iN 서비스 질문 답변 페이지 및 프로필의 답변자 정보에 노출되는 답변자의 회사, 학교, 자격 등의 정보는 본인이 지식iN 프로필 수정을 통해 직접 입력한 정보입니다.
네이버는 사용자가 등록한 정보 및 게시물을 제공하는 정보매개 서비스 제공자로서 해당 정보의 정확성, 신뢰성 및 최신성에 대해 보증하지 않습니다.
닫기
안녕하세요^^~~
저는 17년 영어강사로 지내오면서 현재는 온라인 강사로만
활동하고 있는 뉴카인드 쏭언니 입니다
​
저도 처음에 온라인에서 부업으로 성공하고 싶어서 알아보고 알아보다가
진행했었는데 처음에 완전 대 실패였습니다 하지만 또 다시 알아보고 열심히 배워서
지금은 열심히 집에서 편안하게 온라인부업 강사로 지내고 있습니다
​
실패한 사람이 또 다시 딛고 일어선 경험은 돈 주고 못 사죠
​
현재 오프 온라인 사업 성공을 위해서 고민하고 계신다는 건 지금 뭔가 바꾸고 싶으신 거죠
제가 그 변화 만드는 부분 확실하게 도와드릴께요
​
제가 안내해드리는 온라인부업은 초보분들도 수익을 만들 수 있게
정확한 실행 단계 중심으로 진행을 하고 있습니다.
​
말로만 하는 강사가 아닌 정확하게 무엇을 어떻게 해야하는지 정확히
잡아드리고 하루 단위로 루틴을 만들어 드리기 때문에 훨씬 빠르게
방향을 잡으실 수 있습니다
​
많은 분들과 소통하고 교육해드리면서 쌓아올린 노하우로
쉽고 빠르게 배우실 수 있게 도와드리겠습니다
​
저는 무조건 행동파이고 결과로 모든걸 증명해내고 있습니다
그리고 온라인부업은 멘토를 정말 잘 만나야 합니다!!
지식인 네임카드 클릭후 쏭언니 블로그에서 많은 후기 정보 봐주세요^^
2025.12.09.
UP
DOWN
댓글
메뉴 더보기
포인트 선물
신고",... 온라인에서 부업으로 성공하고 싶어서 알아보고 알아보다가 진행했었는데 처음에 완전 대 실패였습니다 하지만 또 다시 알아보고 열심히 배워서 지금은 열심히 집에서 편안하게 온라인부업 강사로 지내고 있습니다 실패한 사람이 또...,기타,etc,kin,https://kin.naver.com/qna/detail.naver?d1id=4&dirId=40611&docId=490578247&qb=67aA7JeFIOyEseqztQ==&enc=utf8,
kin_020,안양시 동안구에서 집에서 하는 부업 구하는 곳,"5번째 답변
금보 이윤미
중수
본인 입력 포함 정보
상세 안내 툴팁 보기
지식iN 서비스 질문 답변 페이지 및 프로필의 답변자 정보에 노출되는 답변자의 회사, 학교, 자격 등의 정보는 본인이 지식iN 프로필 수정을 통해 직접 입력한 정보입니다.
네이버는 사용자가 등록한 정보 및 게시물을 제공하는 정보매개 서비스 제공자로서 해당 정보의 정확성, 신뢰성 및 최신성에 대해 보증하지 않습니다.
닫기
안녕하세요
​
​
​깜짝놀랄 좋은
정보 알려드릴께요^^
매일매일 50만원이상 수익금이 생기고 있습니다!!
회원모집으로 지치고 힘든부업은 이제 그만하세요...
매일 지급되는
50만원이상
의 수당과 선착순으로 지급되는
4600만원의 보너스
까지
단기간
동안
엄청난 돈을 버실 수 있는 절호의 찬스!!
이 모든게 꿈이아닌 현실이거든요 타업종 부업과는 정말 수익 제도가 완전 달라서
참여만으로 너무나 쉽고 안전하게 수익금을 챙길 수 있답니다!!
홍보를 잘 모르고 못하시는 분들 걱정일랑 하지마세요...위에서 내리추천 받으시면서
엄청난 고정수익 받아가실 수 있답니다
이 믿기힘든 금보 바이오닉스만의 재택부업 하루라도 빨리
저희팀에 합류하시고
그동안 힘들게 일했던 지난시간들 보상받길 바랍니다!!
금보 마케터 이윤미
와 저희팀이 여러분과 좋은인연 만들어서 무한도움 받으실 수 있는 기회를 잡으시길!!
​
​
하루 하루 실적!! 이윤미 통장 금보 실제 입금내역!!
​
​
​
​
​
네임카드 참조해서 블로그로 방문해주세요
​
네임카드 닫혀있다면 오른쪽 약간아래
V
표 클릭하시면 열려요
2014.05.01.
UP
1
DOWN
댓글
메뉴 더보기
포인트 선물
신고
---
7번째 답변
비공개 답변
초수
간단하게 적겠습니다
수익이 그렇게 많진 않은데요 하는만큼 벌어요~
글쓰기 댓글 알바 이네요 주부분들이 많이 하세요 블로그에 연락처랑 카톡 있으니까
알아보고 싶으시면 연락 주세요~
2014.05.01.
채택
질문자가 채택한 답변입니다.
UP
DOWN
댓글
2
메뉴 더보기
신고
---
1번째 답변
금보바이오닉스
초수
본인 입력 포함 정보
상세 안내 툴팁 보기
지식iN 서비스 질문 답변 페이지 및 프로필의 답변자 정보에 노출되는 답변자의 회사, 학교, 자격 등의 정보는 본인이 지식iN 프로필 수정을 통해 직접 입력한 정보입니다.
네이버는 사용자가 등록한 정보 및 게시물을 제공하는 정보매개 서비스 제공자로서 해당 정보의 정확성, 신뢰성 및 최신성에 대해 보증하지 않습니다.
닫기
질문내용]]
질ㅺ문 ­동안구 1­9­9 ㈛는걸 100 동안구­쪽에 크게보기여기가 엘레멘트 ­눈알붙이기 모르겠­­어요안さ양시 9は せ쇼핑백접기 선호합니다ㅎㅎ내­­공 지도 0­­ 책 ­1е ㈖신있м는데구㈛는 회㈔ 좀 안내레이­어 위치 집­Щ에в서 줌 컨트롤 궁금해요 ㈔는데 구ЛпВ㈛는 ㈛고 ­생성 안양みв시 해주세Ъㅨ요160집에서 알려주세요솔직히 동안구길찾기 있으­니까 재택알㈓ 중심핀 아니면 39Л­8 126ず951К35Ш39 1ぷ4 2 더 ㈖ㅥЛ제­­¾좀 4 ㅩ같은데 160이미 0 ㅫ이런거 동안구경기도 곳을 156 3ぬ73925739 홍보­는 29­8 지ㆎ도 타이핑 걸게요궁금한 알㈓같은거
[[
2014.04.30.
UP
DOWN
댓글
메뉴 더보기
포인트 선물
신고
---
3번째 답변
헬로우드림 희야
영웅
아르바이트, 직업, 취업 분야에서 활동
본인 입력 포함 정보
상세 안내 툴팁 보기
지식iN 서비스 질문 답변 페이지 및 프로필의 답변자 정보에 노출되는 답변자의 회사, 학교, 자격 등의 정보는 본인이 지식iN 프로필 수정을 통해 직접 입력한 정보입니다.
네이버는 사용자가 등록한 정보 및 게시물을 제공하는 정보매개 서비스 제공자로서 해당 정보의 정확성, 신뢰성 및 최신성에 대해 보증하지 않습니다.
닫기
연봉2억!! 경력5년차~ 경험과 노하우를 바탕으로
질문에 솔직한 답변 드릴게요~
이렇게 질문하시거나 타자 정도 치시면
누구나 충분히 가능 하시구요.
지역 상관 없구요.
인터넷만 가능하시면 본인이 하고 싶은 지역에서 자유롭게 하실수 있구요.
또 누가 일하라 말라 간섭도 없이 본인이 하고 싶은 시간에
하고 싶은 만큼 하실수 있답니다~단!! 본인이 한만큼 수익이 발생하니
열심히 하셔야 겠죠~
일하시게 되면 홈피를 분양 받아서 홍보가능한 곳에 홍보를 하는 일이 주 업무 인데요.
홍보를 통해 본인 홈피를 통해서 광고주가 광고 등록을 하거나
홍보사원 모집을 하거나 하시면 이 두가지 수익금은 당일 지급하구요.
또 제휴업체 상품 판매 수익
제휴업체 홍보활동 수익-홍보글만 작성해두 각각 수익 발생
그리고 드림오토 켜놓구 다른일 하셔두 월 1-6만원 수익
홈피 하루 한번 접속 스마트폰으로도 가능 출석체크만 매일 하셔두 월 최소 3만원 이상
제휴업체 사이트 클릭만 하셔두 수익
총17가지 다양한 수익원이 있고 또 초보도 쉽게 하실수 있는 부분들이
있어서 초보라서 수익이 없을까...손해만 보는건 아닐까..걱정 안하셔두 되구요.
일하시게 되면 홈피에 일하는 방법과 설명등이 동영상 설명으로까지
이해하기 쉽도록 설명이 되어 있고 행여 이해안되거나 추가적으로 도움 필요하시면
홍보지원팀에 문의 도움 청하시면 원격지원으로도 도움을 드리고
또 저에게 24시간 언제든 문의 도움 청하시면 제 경험과 노하우을 바탕으로
도움을 드리기에..일하시는데 지장 없구요.
제가 그동안 수많은 분들 도움드리면서 보면 저도 그랬지만..홍보경험이나 블로그
해본적 없어서..망설이고 걱정 하시던 분들도 1주일이면 충분히
이해하고 하실정도 수준의 일이니 걱정 안하셔두 되구요.
더 궁금하시거나 도움 필요하시면 아래 네임카드 참고 하시구요.
네임카드 닫혀 있을 경우 V 누르시면 열리구요.
스마트 폰으로 보시는 경우 PC 버전으로 보시면 네임카드 보이세요.
오늘도 행복 하시구요~
언제나 건강하시구 부자 되세요^^
2014.04.30.
출처
직접작성함
UP
DOWN
댓글
메뉴 더보기
포인트 선물
신고
---
4번째 답변
탈퇴한 사용자 답변
재택부업 성공 스토리 by.부업쟁이 하곽
하루하루 시간은 가고~ 나이는 먹어가고~ 모은 돈은 없구~..
요즘 물가도 비싸서 뭘 하기도 망설이시죠?
저도 그랬답니다. 초기비용이 들어간다는",... 솔직히 집에서 하는걸 더 선호합니다ㅎㅎ 내공 100 걸게요 재택부업 성공 스토리 by.부업쟁이 하곽 하루하루 시간은 가고~ 나이는 먹어가고~ 모은 돈은 없구~.. 요즘 물가도 비싸서 뭘 하기도 망설이시죠? 저도 그랬답니다. 초기비용이...,기타,etc,kin,https://kin.naver.com/qna/detail.naver?d1id=12&dirId=12092001&docId=196746762&qb=67aA7JeFIOyEseqztQ==&enc=utf8,
kin_021,직장인 부업매출 월 2천 순익 4백만원 법인 설립시...,"2번째 답변
네이버지식인
물신
30대 남성
서비스업
동물의료상담 99위 분야에서 활동
본인 입력 포함 정보
상세 안내 툴팁 보기
지식iN 서비스 질문 답변 페이지 및 프로필의 답변자 정보에 노출되는 답변자의 회사, 학교, 자격 등의 정보는 본인이 지식iN 프로필 수정을 통해 직접 입력한 정보입니다.
네이버는 사용자가 등록한 정보 및 게시물을 제공하는 정보매개 서비스 제공자로서 해당 정보의 정확성, 신뢰성 및 최신성에 대해 보증하지 않습니다.
닫기
안녕하세요. 직장인 부업에 대한 법인 설립 관련하여 답변드리겠습니다.
​
1. 법인 설립을 고민하시는 이유로 회사 겸직문제 및 세금 과다 지출 예상이 있으신 것으로 이해하겠습니다. 법인 설립은 이러한 문제점을 해결해 줄 수 있습니다. 하지만, 법인 설립은 고정 비용 및 관리 비용이 발생할 수 있으므로, 충분히 검토하시고 결정하시는 것이 좋습니다.
​
2. 법인 설립 시 법인에서 돈을 자유롭게 빼서 쓸 수 없는 것은 아닙니다. 단, 법인의 돈을 개인 명의의 계좌로 이체하기 위해서는 소정의 절차와 제한이 있을 수 있습니다. 법인 설립 전에 이에 대한 세부적인 검토가 필요합니다.
​
3. 법인 설립 시 부동산 관련 이자 지출에 대해서는 개인과 법인의 구분이 중요합니다. 법인이 부동산 관련 이자를 지출할 경우, 법인과 개인 간의 대외 거래로 인식될 수 있으며, 이 경우 법인과 개인 간의 거래 조건에 따라 이자 지출이 가능할 수도 있습니다. 하지만 법인과 개인 간의 대외 거래로 인식되지 않도록 관련 법령을 준수하시는 것이 좋습니다.
​
4. 법인으로 개인 명의 대출 이자를 지급하는 방법에 대해서는 정확한 상황을 파악해야 하지만, 일반적으로는 법인과 개인 간 대외 거래로 인식되지 않도록 상세한 계약 및 지출 명세서 등을 작성하여야 하며, 세무 담당자와 상의해보시는 것이 좋습니다.
​
마지막으로, 개인 소유의 부동산 이자를 내려면 개인사업자를 유지하셔야 할 것 같습니다. 개인사업자로 이자를 지출할 경우, 법인과 개인 간 대외 거래로 인식될 수 있으며, 이 경우 개인과 법인 간의 거래 조건에 따라 이자 지출이 가능할 수도 있습니다. 다만, 이에 대해서는 세무 담당자와 상담하여 결정하시는 것이 좋습니다.
https://www.jamongpick.com/23/31406
플레이업
여러분의 인생을 바꿀 부업 아이디어! 지금 바로 알아보세요!
부업으로 시작하는 재미와 이익! 포스팅에서 만나보세요!
부업의 성공 비결, 공개합니다! 이제 시작해보세요!
부업으로 새로운 도전, 함께 시작해보시겠어요?
부업으로 수익 창출, 당신의 인생을 더욱 풍요롭게 만들어보세요!
#부수입100만원벌기
새 창
#온라인수익창출
새 창
2023.05.07.
채택
질문자가 채택한 답변입니다.
UP
DOWN
댓글
메뉴 더보기
신고
---
1번째 답변
밤이슬이 NS세무회계
절대신
남성
서비스업
#세무 #회계 #N잡러
소득세 2위, 부가가치세 1위, 상속세, 증여세 4위 분야에서 활동
본인 입력 포함 정보
상세 안내 툴팁 보기
지식iN 서비스 질문 답변 페이지 및 프로필의 답변자 정보에 노출되는 답변자의 회사, 학교, 자격 등의 정보는 본인이 지식iN 프로필 수정을 통해 직접 입력한 정보입니다.
네이버는 사용자가 등록한 정보 및 게시물을 제공하는 정보매개 서비스 제공자로서 해당 정보의 정확성, 신뢰성 및 최신성에 대해 보증하지 않습니다.
닫기
안녕하세요. 밤이슬이입니다.
​
일반적으로 법인의 채무여야 법인에서 이자지급이 가능히겠죠.
​
따라서 질문인이 법인으로부터 급여를 받든 해야 가능하겠죠.
2023.05.06.
UP
DOWN
댓글
메뉴 더보기
신고
---
3번째 답변
비공개 답변
고수
안녕하세요 질문자님
​
질문하신 내용을 잘 살펴봤는데요
​
지금 상황으로 봐서는 고민의 내용을
​
확실하게 해결하기 위해서는 간단한 무료상담후
​
알아보시는게 제일 확실하게 해결될것 같아요
​
​
현재 법인 설립, 법인전환을 계획하고 계신다면
​
법인 운영부터 설립 및 전환과 세무회계까지
​
모든 부분에서 도움을 받으실수가 있으니
​
전문가와의 상담을 통해서 고민하시는 부분에
​
대해 명확하게 해결하시는게 좋을것 같습니다
​
​
- 법인 무료 설립
​
- 법인 등록 컨설팅
​
- 세무회계 무료상담
​
- 법인전환의 기간 1주일이내 가능
​
- 다양한 업종의 노하우 다수 보유
​
- 세무기장 의뢰시 법무사 수수료 전액 지원
​
- 법무법인과 함께하는 메이저 기업
​
- 법인설립부터 사업자등록까지 무료 대행
​
​
친절한 무료상담
https://me2.kr/GQotZ
​
​
중요한 시기에 전문가와의 상담을 통해
​
개인사업자 법인전환의
​
골든타임을 놓치지 마시길 바랍니다
​
저의 답변이 질문자님께 도움이 되셨길
​
바라고 좋은 결과가 있길 바랍니다
​
​
​
2023.05.08.
UP
DOWN
댓글
메뉴 더보기
신고","... 부업으로 시작하는 재미와 이익! 포스팅에서 만나보세요! 부업의 성공 비결, 공개합니다! 이제 시작해보세요! 부업으로 새로운 도전, 함께 시작해보시겠어요? 부업으로 수익 창출, 당신의 인생을 더욱 풍요롭게 만들어보세요!",기타,etc,kin,https://kin.naver.com/qna/detail.naver?d1id=4&dirId=40302&docId=445221914&qb=67aA7JeFIOyEseqztQ==&enc=utf8,
kin_022,재택부업추천해주세요 드림xx 리x스 교x 등 너무...,"4번째 답변
주부부업 대통령
고수
#30대주부 #주부부업 #N잡러
본인 입력 포함 정보
상세 안내 툴팁 보기
지식iN 서비스 질문 답변 페이지 및 프로필의 답변자 정보에 노출되는 답변자의 회사, 학교, 자격 등의 정보는 본인이 지식iN 프로필 수정을 통해 직접 입력한 정보입니다.
네이버는 사용자가 등록한 정보 및 게시물을 제공하는 정보매개 서비스 제공자로서 해당 정보의 정확성, 신뢰성 및 최신성에 대해 보증하지 않습니다.
닫기
안녕하세요! n잡러 로 꾸준히 일하고 있는 육아맘이자 임산부에요^^
​
혹시 제 이야기를 하시는 건 아닐까 싶어서....ㅎㅎ
얼른 답변 달아드릴게요!
​
저도 지금 일 시작하니 4개월 이제 막 넘고 있네요!
첫 한달은 어떻게 해야하는지 배우느라 정신없었고, 업무가 익숙해지니
하루종일 부.업 생각에 바쁘게 지내게 되었는데요.
그 덕분에 지금은 왕초보분들이 많은 신뢰를 주시고 계셔서 감사할 따름입니다.
​
제가 제일 처음부터 한 건.
블.로.그.최.적.화
이게 가장 힘들지만 해놓으면 도움이 많이 되기 때문에,
지금 시작하시는 분들에게도 이 부분을 가장 많이 알려드리고 도와드리고 있어요!
​
오프라인으로 하는 사업도, 온라인으로 하는 사업도,
다 블.로.그.마.케.팅을 통해야만 답이 나오는건 꼭 알고 시작하시길 바랄게요!^^
​
저도 처음에는 이게 되는 건가 의심도 많이 되었던건 사실이에요.
'나라고 부업으로 성공하지 말란 법은 없지!' 라는 생각으로
소소하게 '정말 한달에 30만원만 벌어보자' 하고 시작한 일이
지금은 너무나 익숙하게 하루하루 쌓이는 수익들을 보면서 뿌듯하고
조금 더 빨리 시작할 걸 하는 생각도 드네요.
​
​
제가 지금 소속된 재택부업은 19년동안 재.택.부.업 회사를 운영하며
tv방영으로 회사의 진가를 인정받았고,
믿기지 않으시겠지만
블로그 글쓰기만으로 8천만원을 번 회원부터
단 한달 동안 6천만원의 수익을 내신 분들까지,
꾸준히만 해주신다면 일반 직장 월급은 그냥 벌 수 있는 구조로,
재.택.업.무로 성공할 수 있다는 확신을 심어준 회사입니다.
​
​✅직장인분들에게 투.잡으로 하시기에 너무 좋은 회사
​
​✅독박육아를 할 수 밖에 없는 주부 분들에게 빈 시간 일하기 너무 좋은 회사
​
​✅임신으로 인해 어쩔 수 없이 집에 있어야 하는 임산부들이 일하기 좋은 회사
​
너무 많은 사.기.부.업 들이 넘쳐나는 지금.
점점 N잡러들이 많아지고 디지털노마드의 시대가 오고 있습니다.
​
​어떤 방법으로 시작을 해야 할지 블로그를 만든적 조차도 없는데 뭘 어떻게 배워야할지
고민이 되신다면 조금이라도 빨리 시작하셔서 업무 익히시는게 답입니다.
​
저는 하나부터 다 알려주는 멘토로 재.택.부.업/주.부.부.업을 시작하면서
​많은 시행착오들을 겪고 탄탄한 기초를 만들어서 이제 부업시작하시는 분들께
앞으로 수익을 어떻게 내야하는지 정확하게 알려드리고 있어요.
​
​블로그에는 회사에서 하는 일과 제가 일을 하면서 솔직하게 느낀점들을 자세히 적어두었어요^^
​
​
▽▽▽▽▽▽부.업의 모든것 블로그 보러가기▽▽▽▽▽▽
​
집에서 돈버는 엄마ෆ : 네이버 블로그
★彡임산부 엄마의 마케팅ෆ 드림투유 멘토 ❣ 솔직하고 확실한 교육 ❣ 실패와 좌절 끝에 얻은 성과 ❣ 컴맹 엄마로 시작해서 매일 돈벌 수 있었던 방법 ✦
blog.naver.com
▽▽▽▽▽▽오픈카톡 문의하기▽▽▽▽▽▽
초보전문멘토 양토끼두마리맘★님의 오픈프로필
처음시작할때부터 탄탄하게 실패없는 노하우♥︎
open.kakao.com
​
▽▽▽▽▽▽홈페이지 바로가기▽▽▽▽▽▽
​
드림투유
한달 6680만 성공 후기!! 자세히 보기+ 90일동안 8천만원 수익 달성했어요! 자세히 보기 + 드림투유 천만원돌파 확신있었던 이유! 자세히 보기 + 오픈 5일 만에 42O만원 수익 자세히 보기 + 단기간 1억 수익 달성!! 자세히 보기 + 첫달부터 1000만원 수익 달성! 자세히 보기 + 420만의 최고수익을 드림투유에서 창출 자세히 보기 + 월수익 6180만원 성공 후기! 자세히 보기 + 인생부업 제대로 만났어요! 자세히 보기 + 4일만에 420만원이라는 큰 수익을 달성했네요 자세히 보기 + 육아맘대표! 인생역전후기 자세히 보...
www.dmtu.kr
​
#재택부업
새 창
#부업
새 창
#주부부업
새 창
#워킹맘부업
새 창
#투잡추천
새 창
#재택부업추천
새 창
#재택부업사기
새 창
#재택부업알바
새 창
#재택부업초기비용
새 창
#재택부업사이트
새 창
2023.01.28.
채택
질문자가 채택한 답변입니다.
UP
1
DOWN
댓글
메뉴 더보기
포인트 선물
신고
---
2번째 답변
집에서 4억연봉 희야
초인
#13년경력최고수익마케터 #온라인광고마케팅 #온라인광고컨설팅
아르바이트 5위, 구인구직사이트 4위, 직업, 취업 23위 분야에서 활동
본인 입력 포함 정보
상세 안내 툴팁 보기
지식iN 서비스 질문 답변 페이지 및 프로필의 답변자 정보에 노출되는 답변자의 회사, 학교, 자격 등의 정보는 본인이 지식iN 프로필 수정을 통해 직접 입력한 정보입니다.
네이버는 사용자가 등록한 정보 및 게시물을 제공하는 정보매개 서비스 제공자로서 해당 정보의 정확성, 신뢰성 및 최신성에 대해 보증하지 않습니다.
닫기
다양한 재택부업 업체들이 많은데요.
​
업체마다 일하는 방법도 도와주는 것도
​
초기비용도 달라요.
​
다들 해본적 없이 시작하는데
​
온라인상 도와준다는 글만 믿고 가입해서
​
도움받지 못하고 포기하거나
​
시간대비 수익성이 작아서 재가입을 반복하는데요
​
프리랜서라는게
​
서로 경쟁을 통해 본인 능력 여부에 따라 수익이 많고 작고 해요
​
그래서 무엇보다 중요한건
​
본인이 효과적인 방법을 제대로 배우고 하는게 좋겠네요
2023.01.28.
UP
DOWN
댓글
메뉴 더보기
포인트 선물
신고
---
3번째 답변
비공개 답변
지존
하지마세요 하지마세요 하지마세요 사기입니다 하지마세요 저도 돈 날려보고 하는 말입니다 사기고 남들 등쳐먹는 짓 시킵니다 하지마세요
2023.01.28.
UP
DOWN
댓글
메뉴 더보기
신고
---
5번째 답변
탈퇴한 사용자 답변
안녕하세요. : )
​
​
저 역시 뜻하지 않은 지출들로 인해",... '나라고 부업으로 성공하지 말란 법은 없지!' 라는 생각으로 소소하게 '정말 한달에 30만원만 벌어보자' 하고 시작한 일이 지금은 너무나 익숙하게 하루하루 쌓이는 수익들을 보면서 뿌듯하고 조금 더 빨리 시작할 걸 하는 생각도...,기타,etc,kin,https://kin.naver.com/qna/detail.naver?d1id=4&dirId=40611&docId=438042501&qb=67aA7JeFIOyEseqztQ==&enc=utf8,
kin_023,주부 부업 드림큐1위,"3번째 답변
몰라용
시민
본인 입력 포함 정보
상세 안내 툴팁 보기
지식iN 서비스 질문 답변 페이지 및 프로필의 답변자 정보에 노출되는 답변자의 회사, 학교, 자격 등의 정보는 본인이 지식iN 프로필 수정을 통해 직접 입력한 정보입니다.
네이버는 사용자가 등록한 정보 및 게시물을 제공하는 정보매개 서비스 제공자로서 해당 정보의 정확성, 신뢰성 및 최신성에 대해 보증하지 않습니다.
닫기
재택부업 고려 하신다면 진짜 선택 잘하셔야 해요 회사가 얼마나
탄탄한지도 중요하지만 어떤 부업을 할지 그 부업이 꾸준히 컨텐츠를
제공해 줘서 내가 꾸준한 수익이 발생 하는지 거기다 날
이끌어줄 멘토 가장 중요해요
저역시도 여러부업 다 손되보고 해봤지만 추천인들이 잠수를
타고 진짜로 돈 벌어본 부업은 지금까지는 없었어요
.
왜냐면 추천인에 의지 할 수밖에 없던 재택부업 초보 시절에는
그럴수 밖에 없었지만 이제는 그 방법을 누구보다 더
잘 알고 있다는 거죠
.
저도 블러거 마케터로만
5
년 됐지만 재택부업으로 성공하고
돈을 버는 방법은 아는 사람만이 가능 하다는 거죠
.
예전에 부업 홍보방식과 요즘은 좀 달라졌어요
~
아무래도 예전홍보방식은 이제는 한물 갔다고 할수 있죠
.
그렇다면 시대에 맟춰서 홍보방법도 달라야 하기 때문에 저만의 노하우
저만에 독학으로 터득한 방법 영혼까지 탈탈털어 공유해 드릴께요
.
사실 재택부업은 오래 됐다고 많이 알고 시간이 짧다고 모르는 건 아니거든요
.
시대 흐름에 맞춰서 어디서 어떻게 홍보하는 방법만 알면 누구나 어떤 부업이던 다 성공할수 있답니다
.
자세한 방법은 네임카드로 들어오셔서 문의 주세요
.
#재택부업추천
새 창
#재택알바
새 창
#주부부업
새 창
#리틀페이지
새 창
#쇼핑몰창업
새 창
#쇼핑몰추천
새 창
#집에서할수있는부업
새 창
#집에서돈버는방법
새 창
#재택부업
새 창
2017.03.14.
UP
DOWN
댓글
메뉴 더보기
포인트 선물
신고
---
4번째 답변
탈퇴한 사용자 답변
제가 하고 있는 일은
집에서 컴퓨터만 있다면
어려움없이 초보분들도 하실 수 있는 일 이에요.
제가 일하는 곳에선,
월 1000만원이상 연봉1억을 받으면서 일을 할 수 있는곳이예요~~
응?? 저게 가능해??!!
저도 처음에는 괜히 이상한 곳 아닐까..? 사기 아니야..?
라고 생각했었어요..
그런데
알고 보니 꼭 그런곳만 있는건 아니더라구요~~
제가 일하는 곳은 TV에 여러번 방송도 되고,
공정위원회에도 정상 등록되어 있는 곳이더라구요~~
지역상관없이 집에 컴퓨터만 있으면,
간단한 타이핑만 할 수 있어도 어려움없이 도전가능한 일이고,
시간 대비 수익이 높은편이라 많이들 하고 계세요~
재택부업에 대하여 알아보고 계시다면
도움이 되길 바라겠습니다~
좀 더 자세한 내용은 제 네임카드를 클릭하시고 정보 얻어가시길 바랄게요
좋은 하루 되세요 ^^
#주부부업
새 창
#헬로우드림
새 창
#주부부업거리
새 창
2017.03.14.
UP
DOWN
댓글
메뉴 더보기
신고
---
5번째 답변
쪼코연주
시민
본인 입력 포함 정보
상세 안내 툴팁 보기
지식iN 서비스 질문 답변 페이지 및 프로필의 답변자 정보에 노출되는 답변자의 회사, 학교, 자격 등의 정보는 본인이 지식iN 프로필 수정을 통해 직접 입력한 정보입니다.
네이버는 사용자가 등록한 정보 및 게시물을 제공하는 정보매개 서비스 제공자로서 해당 정보의 정확성, 신뢰성 및 최신성에 대해 보증하지 않습니다.
닫기
안녕하세요
아낌없이 진솔하게 일하는 가온연주맘입니다 ^^
아이를 키우면서 집에서 하루에 2-3시간 자유롭게 일하면서 수익을
내고있는 제가 지금 하고있는 자,택,부.업 을 추천하고자 합니다^^
음 ...핵심적인것만 좀 자세히 말하자면
보통 실적이 한건만 생겨도 최대5.5만원 2건이라고하면 1.10만원이겠죠
글쓰기수익은 (글쓰고 덧글만달아도 최대 15만원)
홈페이지 기본 수익만 잘챙기셔도 월 5-60만원 생활비 마련이 가능합니다
다양한 수익아이템,출석체크 ,무료상담.실시간수익.등
30가지의 여러가지로 이익창출가능 합니다
열심히 하시고 꾸준하게 하시면
자기가 한만큼의 결과를 보실수있으세요 ^^
생활하시는데  불편함 없이 고.수익 확인 하실수있어요
1:1 형식으로 일하시는데 불편함없이 회사에서도 도와주고있구요
저 가온연주맘이 멘토가 되어드려서 하나에서 열까지 알려드리고있어요^^
일시작함과 동시에 바로 실적이 난건 물론 지금도 계속 실적이 나구있구요
물론 회사역활도 어느정도 한몫을하지만 일하시다가 모르는거는
저에게 수시로 연락하셔서 꼭 알아 가셔야 한답니다^^
홍.보.용 맨트 아닙니다 ! 실제상황입니다!^^
가온연주맘을 믿고 시작을 해주시는 모든 분들에게
아낌없이 하나부터 열까지 세세하고 꼼꼼하게 100% 몽땅~
저의 노하우 공유해드려요 ^^
컴퓨터를 잘하지 못하셔두 충분히 하실수있구요
저 역시 처음에는 많이 버벅 버렸거든요 ~
며칠 지나고나니깐 익숙해지고 어렵지 않더라구요 ^^
좋은 멘토 가온연주맘을  만나신다면 금방 적응 하실수있으세요 ^^
제 블러그에 오셔서 한번 보세요
일을 어떻게 시작했는지  어떤방법으로 일을하고있는지
열번 백번 듣는것보단 한번 도전을 해보셔야 느끼실수 있으세요 ^^
달콤한 꿀같이 좋은 꽃길 걸어보아요
항상 초심과 같은 마음으로 최선을 다하면서 일하고 있답니다 ^^
아래 제 네임카드를 참고해주세요
모바일이선 맨위 닉네임옆 v 표시 클릭해주세요 ^^
#부업
새 창
#주부부업
새 창
#쉬운부업
새 창
#재택근무
새 창
#인터넷부업
새 창
2017.03.15.
출처
제가 작성하였여요
UP
DOWN
댓글
메뉴 더보기
포인트 선물
신고
---
6번째 답변
끼끼랑
시민
본인 입력 포함 정보
상세 안내 툴팁 보기
지식iN 서비스 질문 답변 페이지 및 프로필의 답변자 정보에 노출되는 답변자의 회사, 학교, 자격 등의 정보는 본인이 지식iN 프로필 수정을 통해 직접 입력한 정보입니다.
네이버는 사용자가 등록한 정보 및 게시물을 제공하는 정보매개 서비스 제공자로서 해당 정보의 정확성, 신뢰성 및 최신성에 대해 보증하지 않습니다.
닫기
둘째를 임신하고 나서부터 책임감이 더더욱 느껴지는날
나는 엄마이자, 우리 네식구를 위해  무엇을 할",... 저도 블러거 마케터로만 5년 됐지만 재택부업으로 성공하고 돈을 버는 방법은 아는 사람만이 가능 하다는 거죠. 예전에 부업 홍보방식과 요즘은 좀 달라졌어요~ 아무래도 예전홍보방식은 이제는 한물 갔다고 할수 있죠. 그렇다면...,기타,etc,kin,https://kin.naver.com/qna/detail.naver?d1id=12&dirId=1209050310&docId=272166066&qb=67aA7JeFIOyEseqztQ==&enc=utf8,
kin_024,부업 ! 관련된 정보 부탁드려요 ~,"1번째 답변
잭타박
영웅
본인 입력 포함 정보
상세 안내 툴팁 보기
지식iN 서비스 질문 답변 페이지 및 프로필의 답변자 정보에 노출되는 답변자의 회사, 학교, 자격 등의 정보는 본인이 지식iN 프로필 수정을 통해 직접 입력한 정보입니다.
네이버는 사용자가 등록한 정보 및 게시물을 제공하는 정보매개 서비스 제공자로서 해당 정보의 정확성, 신뢰성 및 최신성에 대해 보증하지 않습니다.
닫기
부업에 대해 정보가 필요하셔서 답변드립니다.
​
우선 부업을 하시려면 어떤일을 할 수 있는지 스스로 판단하셔야 합니다.
​
질문자님의 생활패턴이나 또는 일할 수 있는 환경
​
예를 들면 컴퓨터사용이 능숙하다 또는 자녀가 있어서 학교에 가 있는 동안만 활용이 가능하다 등등..
​
이 부분은 파악한 후에 목표를 정하셔야 합니다.
​
부업을 단순히 몇개월만 할건지 아니면 지속적으로 할 의향이 있는지..
​
그렇다면 어느정도 수입이 필요한지 등등..
​
그 다음에 부업의 종류를 선택하시면 됩니다.
​
위의 내용들을 생각하지않고 그저 인터넷에 떠도는 광고성 글 또는 허위과대 부업 정보들에 현혹되서
​
시작하시는 분들이 많습니다.
​
실제 돈을 벌고 계신 분도 있을진 모르지만 잘못된 정보와 본인의 상황을 인지하지 못한 상태로 시작한 분들은
​
포기하거나 또는 실패라는 쓴맛을 보게 됩니다.
​
위에서 말씀드린 내용들 진지하게고민해보시고 정리가 되셨다면
​
제가 하고있는 부업에 대한 정보를 드리겠습니다.
​
카카오톡 riskless0214
플러스친구 '잭타박' 을 검색해주세요^^
​
부업의 성공은 본인의 의지가 가장 중요하지만 그만큼 중요한것이 어떤일을 하느냐와 누구와 하느냐입니다.
​
한번 곰곰히 고민해보세요^^
#부업
새 창
#주부
새 창
#알바
새 창
#경제
새 창
#투잡
새 창
#직장맘
새 창
2019.05.30.
UP
DOWN
댓글
메뉴 더보기
포인트 선물
신고
---
2번째 답변
너를 사랑하고도
식물신
아르바이트 81위, 구인구직사이트, 네이버 블로그 분야에서 활동
본인 입력 포함 정보
상세 안내 툴팁 보기
지식iN 서비스 질문 답변 페이지 및 프로필의 답변자 정보에 노출되는 답변자의 회사, 학교, 자격 등의 정보는 본인이 지식iN 프로필 수정을 통해 직접 입력한 정보입니다.
네이버는 사용자가 등록한 정보 및 게시물을 제공하는 정보매개 서비스 제공자로서 해당 정보의 정확성, 신뢰성 및 최신성에 대해 보증하지 않습니다.
닫기
[ 부업후기 ]
​
다양한 이벤트와 함께 인기있는 부업후기 알아볼께요 ~
​
그런데 중요한것은 초기비용없고 믿을만하고 현실적인 부분인데요
동의서 없이 만 14세 이상 가능하고 가장 믿을만하며 이미 검증된 곳입니다
​
제가 지금 하고 있는 재택알바는 주부들, 직장인, 학생들이 많이 하고 있고
초기비용없이 회원가입후 하시면 되는데요
정말이지 허황되지 않고 가장 현실적인 재택알바라고 생각합니다
​
저도 여러가지 재택알바를 해봤지만
다른 재택알바들은 금액도 너무 적고 경험에도 도움이 되지 않았는데여
​
우연히 알게 되어 지금까지 하고 있는 이 재택알바는 여러가지로 도움이 되어 알려드릴께요
​
저도 아버님 병간호로 인해 시간이 부족하여 많이 벌지는 못하지만
시간 제약없이 틈틈이 할 수 있어 아주 좋습니다
참고로 아래에 제가 출금한 내역 보여드립니다
​
다른 곳과 달리 이 재택알바는 초기비용이 전혀 없고
3만원이상 매주 목요일까지 출금신청을 하면 금요일 입금되는데요
필요할때마다 요긴하게 쓸수있어 아주 편리합니다
당연히 출금이 안된적은 한번도 없었습니다
​
[ 재택알바 종류 ]
​
1. 블로그포스팅 알바 : C등급 3천원 / B등급 6천원 ( 대부분 B등급으로 승급됩니다 )
​
2. 외모꿀알바 : 최근 오픈한 알바로 제품인증샷을 SNS에 올리면 건당 3만원 ~ 5만원 정도
셀카를 좋아하고 SNS만 하시면 누구나 참여 가능합니다
​
​
3. SNS를 활용한 1초알바 : 좋아요, 댓글달기, 공유를 하는 경우 건당 100원정도
​
4. 앱홍보알바 : SNS, 블로그, 카페등을 통한 앱홍보 글을 보고 누군가 앱을 설치, 실행가입시
건당 1,000원 내외 지급 ( 게임을 좋아하시는분들께 적극 추천 ~ )
​
5. CPA알바 : 블로그나 카페, SNS등에 올린 자신의 홍보글을 보고 상담을 신청해서
정상적인 상담이 완료되면 건당 1만원 ~7만원
참고로 CPA알바는 매우 어려운데요 이 부분은 너무 조급해 하지 마시고
나름대로 노하우를 꾸준히 연구하시면 나중에 많은 도움이 될 것입니다
​
[ 이벤트 종류 ]
​
1. 출석체크 : 매일 출첵하면 100원 한달 개근하면 2천원 추가
​
2. 생일 이벤트 : 회원님 생일날 만원 지급 + 추가보너스 까지 ( 15,000원 )
​
3.매일 복불복 룰렛 : 최대 2만원 지급
( 저도 지금까지 오천원 네번, 만원 두번, 2만원 한번 당첨되었답니다 )
​
4. 포스팅 알바 이벤트 : 포스팅알바 100건 승인될때 마다 3만원 지급
( 1,000건 도달하면 이벤트 종료 ) 저는 현재 약 610건 완료했습니다
​
5. CPA이벤트 : 매월 출석체크 10일이상 하고 CPA승인 5건이상 하면 만원 지급
​
6. 외모꿀알바 랭킹 이벤트 : 매월 남녀 랭킹을 선정하여 1위 십만원 2위 5만원 3위 3만원 지급
​
이외에도 다양한 이벤트가 진행중입니다
​
지금까지 제가 해본 재택알바사이트 중에는 최고라고 생각하는데요
처음부터 너무 욕심내지 마시고 꾸준히 이 재택알바를 하시다 보면 많은 도움이 될거라고 생각합니다
​
참고로 초기비용없이 회원가입후 다른 회원들의 재택알바후기를 보시면 많은 도움이 되실겁니다
​
​
집에서 돈 버는 재택알바! 초기비용 없고, 초보자도 바로 수익!
​
사부가 쉽게 가이드 해드려요.
​
[ 사부 등록코드: M02010437D ]* 회원가입/정보수정 페이지에서 등록하세요!
​
​
무료회원가입이나 보다 상세한 내용을 알고 싶으면
​
아래 절차를 활용하거나 블로그를 참고하세요 ~
​
​
초기비용없는 재택알바와 다양한 이벤트 경험이야기
초기비용없는 재택알바와 다양한 이벤트 경험이야기 (부모님동의서 없이 만 14세이상 가능) 오늘은 여러분에게 좋은 재택알바를 소개",... 카카오톡 riskless0214 플러스친구 '잭타박' 을 검색해주세요^^ 부업의 성공은 본인의 의지가 가장 중요하지만 그만큼 중요한것이 어떤일을 하느냐와 누구와 하느냐입니다. 한번 곰곰히 고민해보세요^^,기타,etc,kin,https://kin.naver.com/qna/detail.naver?d1id=4&dirId=40611&docId=328077300&qb=67aA7JeFIOyEseqztQ==&enc=utf8,
kin_025,춘천엔 손부업 하는곳이 없나요??,"9번째 답변
심지마미
시민
본인 입력 포함 정보
상세 안내 툴팁 보기
지식iN 서비스 질문 답변 페이지 및 프로필의 답변자 정보에 노출되는 답변자의 회사, 학교, 자격 등의 정보는 본인이 지식iN 프로필 수정을 통해 직접 입력한 정보입니다.
네이버는 사용자가 등록한 정보 및 게시물을 제공하는 정보매개 서비스 제공자로서 해당 정보의 정확성, 신뢰성 및 최신성에 대해 보증하지 않습니다.
닫기
안녕하세요. 정직하고 친절하기로 소문난 심지마미 입니다.^^
첫실적 130만원으로 시작.
최대 하루실적 91만원, 이틀실적127만원!!
10월실적 578만원!!﻿
﻿
번 심지마미는
모든 노하우를 오픈하고있어요.
완전초보도 통장인증 없이 할수있다는걸 보여줬어요.
지금은
후배님들 일 잘 가르치기로 유명해진
심지마미.
여러분께서도 충분히 가능하신 일
이세요.
답변드릴께요^^
안녕하세요^^
드림큐에 손부업 정보도 있어요.
무료가입 하시면 보실 수 있으시구요~
﻿
﻿
손부업도 초기비용 들고 또 손부업은 시간도 지키고 따져야할것들도 많더라구요.
물건도 갖다 주시는지 시간도 맞춰야 하구요.
제가 집에서 자유롭게 두 아이들을 돌보면서 일하는 재택알바 소개해 드릴께요.
아랫글은 붙혀넣기 글이구요~
자세한 내용은 상담 한번 주세요^^
아랫글은 붙혀넣기 글이예요.
한번 읽어보시구요 궁금하신 건 언제든지 문의,상담주세요.
네임카드나 닉넴 또는 네이버에 심지마미를 검색하셔도 된답니다^^
스마트폰일경우엔 폰 하단에 pc버전으로 바꿔주세요.
심지마미
는
재택
부업에는
완전초보
였어요.
그런데도 심지마미는 성공할 수 있었답니다.
아이들 돌보면서 하루 2,3시간만으로 아무것도 모르고, 아무것도
없이
첫실적 130만원
을 벌수있었어요.
이건 제가 정확한 방법을 알고 꾸준히 일을 했기때문에 가능했던 일이었는데요.
어떤일이든, 어떤 사람이든 처음부터 잘하는 사람은 없답니다.
심지마미도 마찬가지였어요.
어쩌면 여러분보다 더 안좋은 상황에서 시작했을수도 있어요.
돈은 벌어야했지만 마땅한 곳은 없었구요.
어떻게 보면 재택부업은 저에겐
선택이아니라 필수였을지도 모르겠어요.
처음 시작했을땐 이거 괜히 하는거 아닌가 싶고, 돈을 벌어야 하는 상황에서
오히려 돈을 버리는건 아닌지.
지금의 여러분과 같은 생각, 걱정, 고민 똑같았답니다.
처음엔 누구나 막막하고 어렵고 힘들어요. 그게 당연한거예요.
저를 통해서 일을 시작하시는 분들께서는 헤매지 않으셔도 된답니다.
실속있게 일하는 방법을 배우셔야
하세요. 첫
시작이 중요합니다.
안전한 곳에서 시작해야 하고 믿음을 줄수있는 추천인에게 배우셔야 해요.
재택알바 1위 기업 드림큐는 손해를 볼수가 없답니다.
핸드폰개통을 하지 않는 안전하고 믿을 수 있는 곳에서 시작하세요.
어느 재택부업이든 초기비용은 다 있어요.
중요한건 초기비용대신 핸드폰 개통을 해야 한다거나
터무니없는 고액의 초기비용이 드는지
손해를 볼수는 있는지 등등 꼼꼼하게 살펴보셔야 하세요.
TV방송에도 나온 드림큐
는 안전하고 믿을 수 있는곳이구요.
20건 달성시 초기비용도 전액환불이 가능하답니다.
나도 할수있다는 자신감을 가지세요!!
주말부부로 두 아이들을 혼자 키우면서 완전초보였던 심지마미도 해냈잖아요.
하루동안 91만원?! 못할거없어요.
﻿
﻿
심지마미에게 배우시면
여러분께서도
충분히 가능하신 일
이예요.
아무것도 없고 아무것도 모르고 시작했어도 재택부업으로
성공한 심지마미예요.
130만원을 벌기까지 많은 분들께서 통장인증도 하셨지만
심지마미는 통장인증 없이
도
이뤄냈어요.
﻿
그 방법을 심지마미는
정직하게 거짓없이 모두 오픈
하고 있답니다.
﻿
알려드리는 정확한 노하우로 꾸준히 노력하는 실천. 이게 중요해요.
여러분이라고 못할거없으세요.
누구나 처음엔 막막하고 어떻게 시작해야 할지 모르겠고.
다 똑같아요. 저도 마찬가지였구요.
나도 할 수 있다는 자신감을 가지세요^^
정직한 심지마미는 모든 노하우를 아낌없이 나눠드리고 있어요.
알게 되는것들도 공유하고 있구요.
어떤 일이든 정직해야 한다고 배웠고 그렇게 자라왔어요.
나만의 이익을 챙기기위해 거짓말을 하고 남을 속이고 욕심내지 않아요.
지금까지 그래왔고 회원님들께서도 알고 계세요.
→ 심지마미의 블로그를 충분히 둘러보시면
아실 수 있으세요^^
한분한분 하나하나 다 알려드리고 있고
빠른실적, 좋은실적을 위해 최선 다 하고 있답니다.
제 가족님들께서도 상위노출이 되고 계시고
일 시작하신지 10~보름사이에 실적
이 나고 계세요.
내 수익만이 중요한게 아니예요.
실속있는 노하우들로 꾸준한 관리, 서포트가 있었기에 가능했던 일이예요.
﻿
정직하고 친절하기로 소문난 심지마는
거짓으로 일하지 않아요.
항상 힘이 되어드리기위해 늘 소통하고 있고 관리
해 드리고 있구요.
노하우만 던져주고 이거보고하시면 되세요. 이건 아니예요.
﻿
저런식으로는 힘들어요.﻿
지키지 못 할 약속은 하지 않는 심지마미랍니다.
﻿
﻿
일을 알려드릴때에도 사람을 대할때에도 진심이 중요하다고 생각해요.
자신을 겉치레로 포장하고 남을 속이는건 언젠가는 드러나게 되있답니다.
진심이 담긴 포스팅, 내용안에 담긴 진심이 보이셨기를 바랄께요.^^
제가 부업을 하면서 얻은 경제적 여유, 심리적여유, 자신감, 자존감,
그리고 좋은분들과의 소통의 즐거움까지 함께 누리셨으면 해요.
함께 성공하며 즐거운 부업을 하세요!!^^
궁금하신 점은 언제든지 부담갖지 마시고 편하게 상담, 문의주세요^^
친절한 심지마미가 다 알려드려요♥
네임카드를 눌러주시구요. 닫혀있다면 V표시를 눌러주시구요^^
스마트폰일경우 폰 하단에 pc버전을 눌러주세요^^
2013.11.17.
UP
1
DOWN
댓글
메뉴 더보기
포인트 선물
신고
---
7번째 답변
쫑맘
중수
본인 입력 포함 정보
상세 안내 툴팁 보기
지식iN 서비스 질문 답변 페이지 및 프로필의 답변자 정보에 노출되는 답변자의 회사, 학교, 자격 등의 정보는 본인이 지식iN 프로필 수정을 통해 직접 입력한 정보입니다.
네이버는 사용자가 등록한 정보 및 게시물을 제공하는 정보매개 서비스 제공자로서 해당 정보의 정확성, 신뢰성 및 최신성에 대해 보증하지 않습니다.
닫기
안녕하세요~!!질문자님 반가워요~^^
^^저",... 아무것도 없고 아무것도 모르고 시작했어도 재택부업으로 성공한 심지마미예요. 130만원을 벌기까지 많은 분들께서 통장인증도 하셨지만 심지마미는 통장인증 없이도 이뤄냈어요. 그 방법을 심지마미는 정직하게 거짓없이 모두...,기타,etc,kin,https://kin.naver.com/qna/detail.naver?d1id=12&dirId=12080724&docId=184759219&qb=67aA7JeFIOyEseqztQ==&enc=utf8,
kin_026,직장인부업 하다가 실패하는 경우도 많을까요?,"19번째 답변
비공개 답변
초수
요즘 정말 많은 직장인분들이 부업에 관심 가지시죠.
생활비도 오르고, 한 가지 일만으로는 여유가 없다는 생각이 들어서
퇴근 후나 주말에 할 수 있는 일을 찾는 분들이 많아요.
솔직히 말씀드리면 부업도 실패하는 경우는 있어요.
하지만 무작정 시작하기보다는 검증된 방향으로 배우고 준비한 사람들은
꾸준히 수익을 내는 경우가 훨씬 많아요.
처음부터 한 달에 수백만 원을 버는 건 어렵지만,
꾸준히 하면 30만~100만 원대의 부수입은 충분히 가능해요.
요즘은 투자금이랑 기술 없이도 손재주가 있으면 할 수 있는 부업이 많아요.
시간 제약이 적고, 재택으로 할 수 있어서 인기도 높아요.
최근엔 이런 걸 무료로 배워볼 수 있는 부업 강의도 생기고 있는 추세죠.
초보자 기준으로 천천히 알려주고,
선착순으로 무료 전자책도 함께 받을 수 있더라구요.
요즘 트렌드나 실제 사례도 같이 볼 수 있어서 처음 시작하시는 분들한테 딱이에요.
진짜 부담 없이 들어볼 수 있을 거예요.
​
선착순 전자책 증정 중! 집에서도 가능한 부업 노하우 확인하기
2025.10.22.
UP
2
DOWN
댓글
메뉴 더보기
신고
---
16번째 답변
비공개 답변
태양신
저 같은 경우에는 초기에 비용을 지불하고
시작을 했어요
​
당연히 제가 잘 할수 있고 오래할수있는쪽으로
충분히 알아보고 시작했어요
​
마음에 들었던점은 멘토/멘티 같은 시스템이
없고 일감을 받아낼려고 시간투자를 하지 않아도
된다는거였어요
​
높은 수익만 보고 무작정 시작을 하게 된다면
기대감 때문에 금방 지치고 포기하게 되는거 같아요
​
현재 클릭이 일어나면 수익이 들어오는 일을
하고 있는데 2달 정도 하니까 하루 평균 6-8만원
되는거 같네요
​
저보다 시간투자 더 하시는분들은 더 벌어가시니
본인하기 나름인점도 있어요
​
만약 이런 구조의 일에 관심이 생기신다면
한번 보셔도 좋으실거 같아용
모집없이 시작하는 재택알바
생각보다 너무 간단하고 어렵지 않았어요!
han.gl
2025.08.09.
UP
1
DOWN
1
댓글
메뉴 더보기
신고
---
21번째 답변
ej****
지존
본인 입력 포함 정보
상세 안내 툴팁 보기
지식iN 서비스 질문 답변 페이지 및 프로필의 답변자 정보에 노출되는 답변자의 회사, 학교, 자격 등의 정보는 본인이 지식iN 프로필 수정을 통해 직접 입력한 정보입니다.
네이버는 사용자가 등록한 정보 및 게시물을 제공하는 정보매개 서비스 제공자로서 해당 정보의 정확성, 신뢰성 및 최신성에 대해 보증하지 않습니다.
닫기
짜 수익이 가능합니다 저도 하고 있는데 반신반의했는데 신기하더라구요.
물론 노력이... 많이 들어갑니다...
저도 월 30만원 정도 부업으로 벌고 있습니다.
블로그로 벌고 있고요. 처음에는 강의 수강에 250만원 쓰고 월 서버비용, 지피티, 미리캔버스, 유튜브 편집툴해서 한달에 15만원 정도 고정비용이 나갑니다. 순수익은 15만원이고 조금씩 늘고 있는 중입니다.
시작한지는 4개월 정도 되었네요..ㅋㅋㅋ
사기를 피하는 방법은 '하루 한시간으로 월 천만원 벌게 해준다'고 말하는 사람 다 피하면 됩니다.
말도 안 되고요. 물론 초고수들은 몇년동안 열심히 노력해서 한시간일하고 월 천만원 넘게 법니다.
근데 그들도 처음에는 하루 12시간 이상 일했죠. 저도 그랬고요 ㅎㅎ
블로그, 유튜브 추천합니다. 솔직히 유튜브의 경우 VREW툴 쓰면 한달에 15000원 밖에 안하는데 그 정도만 투자해서 돈 벌어도 뽕뽑아요!
​
2025 직장인 부업 추천 TOP 5｜퇴근 후 재택으로 가능한 투잡 아이디어 - 더오지랖
2025년은 부업을 시작하기에 가장 좋은 시기입니다. 디지털 인프라와 재택 시스템이 정착되면서 직장인이 본업과 부업을 병행하기에 최적의 환경이 마련되었습니다. 위에서 소개한 직장인 부업 추천 TOP 5를 참고하여, 여러분도 경제적 여유와 자기계발 두 마리 토끼를 잡아보세요!
ohjirap.com
​
2025.10.21.
UP
1
DOWN
댓글
메뉴 더보기
포인트 선물
신고
---
1번째 답변
아규몬
은하신
본인 입력 포함 정보
상세 안내 툴팁 보기
지식iN 서비스 질문 답변 페이지 및 프로필의 답변자 정보에 노출되는 답변자의 회사, 학교, 자격 등의 정보는 본인이 지식iN 프로필 수정을 통해 직접 입력한 정보입니다.
네이버는 사용자가 등록한 정보 및 게시물을 제공하는 정보매개 서비스 제공자로서 해당 정보의 정확성, 신뢰성 및 최신성에 대해 보증하지 않습니다.
닫기
직장인부업도 실패할 수 있지만 성공하는 경우도 많아요 수익은 노력에 따라 다르며 시작 투자금은 필요할 수 있어요 집에서 혼자 하는 일도 많아요 성공을 향해 노력해보시길 바래요!
2025.02.03.
UP
DOWN
댓글
메뉴 더보기
포인트 선물
신고
---
2번째 답변
설레임
초인
본인 입력 포함 정보
상세 안내 툴팁 보기
지식iN 서비스 질문 답변 페이지 및 프로필의 답변자 정보에 노출되는 답변자의 회사, 학교, 자격 등의 정보는 본인이 지식iN 프로필 수정을 통해 직접 입력한 정보입니다.
네이버는 사용자가 등록한 정보 및 게시물을 제공하는 정보매개 서비스 제공자로서 해당 정보의 정확성, 신뢰성 및 최신성에 대해 보증하지 않습니다.
닫기
직장인부업을 통해 성공하는 경우도 많아요 수익은 개인의 노력과 상황에 따라 다르지만 한 달에 수천만원 이상 버는 분들도 있어요 시작 시 투자금이 필요한 경우도 있지만 집에서 할 수 있는 부업도 많아요 믿을 만한 정보를 얻기 위해 찾아보는 것이 중요해요! 부업을 해보신 분들의 경험을 참고하면 도움이 될 거에요
2025.02.03.
UP
DOWN
댓글
메뉴 더보기
포인트 선물
신고",... 직장인부업을 통해 성공하는 경우도 많아요 수익은 개인의 노력과 상황에 따라 다르지만 한 달에 수천만원 이상 버는 분들도 있어요 시작 시 투자금이 필요한 경우도 있지만 집에서 할 수 있는 부업도 많아요 믿을 만한 정보를 얻기...,기타,etc,kin,https://kin.naver.com/qna/detail.naver?d1id=12&dirId=1210&docId=481274535&qb=67aA7JeFIOyEseqztQ==&enc=utf8,
kin_027,인스타 부업으로 돈 버신 분 있나요?,"3번째 답변
리치한써니
영웅
본인 입력 포함 정보
상세 안내 툴팁 보기
지식iN 서비스 질문 답변 페이지 및 프로필의 답변자 정보에 노출되는 답변자의 회사, 학교, 자격 등의 정보는 본인이 지식iN 프로필 수정을 통해 직접 입력한 정보입니다.
네이버는 사용자가 등록한 정보 및 게시물을 제공하는 정보매개 서비스 제공자로서 해당 정보의 정확성, 신뢰성 및 최신성에 대해 보증하지 않습니다.
닫기
안녕하세요
저는 인스타사기로 3천만원 가까이 사기를 당하고 경찰에 신고했는데ㅠ 못받을거라고 하시더라고요ㅠ일단 경찰서가서 조사는 다 받았어요ㅠ
그리고 그런분들한테 얼마전 인스타 계정 해킹도 당해서ㅠ계정 삭제해버렸어요ㅠ
​
그래서 사기당한돈ㅜ대출금이라도 벌려고 타이핑하는 부.업.도 알아봤지만  초기비용만 날렸네요ㅠ
​
그래서 알아보던중 시작한 재.택.알.바.가 있는데요.
​
물론 이런 글이 도움이 되실지는 모르겠지만
제가 겪은 일이니 진솔하게 말씀드릴게요.
​
빨간펜으로 유명한 교원에서 시작한 플랫폼이라서 사기에 대해 걱정이 없더라구요. 교원 회장님 이름을 걸고 시작한 사업이거든요.
​
시간은 하루 1~2시간만  하시면되고 폰으로도 가능합니다.
​
업무는 온라인마케팅 업무라서 편한시간에 일하실수 있다는 장점이 있어요.
​
온라인마케팅교육을 같이하니 방법과 노하우도 다 알려주더라고요.
​
물론 실적에 따라 수익이 달라지구요
시간이 지날수록 커지는 수익구조를 가지고 있어요.
​
인세소득으로 시간이 지난뒤 시간적,경제적 자유를 누린다는 장점까지 있어  제가 혹했어요
​
실제로
저는 받는주급으로 사기당한돈  갚아나가고 있어요ㅠ
​
처음엔 막막했지만ㅠ 하나하나 해결하는 중이에요ㅠ
​
제가하는 일에 대해 궁금하시다면 아래 링크를 눌러주세요.
설문조사 확인후 상담해드립니다
​
​
[대기업 플랫폼 비지니스 설문조사]
naver.me
​
​
​
​
​
​
​
​
​
리치패밀리는?
합법적인 네트워크  사업을 하는 팀이며 , 수익을 보장하지 않습니다.
본 글의 목적은?
함께 네트워크  마케팅 판매원  활동을 할 비지니스 파트너 모집이 주 목적입니다.
2021.06.28.
UP
1
DOWN
댓글
4
메뉴 더보기
신고
---
1번째 답변
집에서 4억연봉 희야
초인
#13년경력최고수익마케터 #온라인광고마케팅 #온라인광고컨설팅
아르바이트 5위, 구인구직사이트 4위, 직업, 취업 23위 분야에서 활동
본인 입력 포함 정보
상세 안내 툴팁 보기
지식iN 서비스 질문 답변 페이지 및 프로필의 답변자 정보에 노출되는 답변자의 회사, 학교, 자격 등의 정보는 본인이 지식iN 프로필 수정을 통해 직접 입력한 정보입니다.
네이버는 사용자가 등록한 정보 및 게시물을 제공하는 정보매개 서비스 제공자로서 해당 정보의 정확성, 신뢰성 및 최신성에 대해 보증하지 않습니다.
닫기
위 내용 만으로  정확한 내용을 알수는 없지만
​
카지노..나..배팅으로 수익 몇배 불려 주겠다
​
소스 정보 주겠다 등 다 사기라고 보면 되시구
​
불법이에요..
​
경찰서에 신고 하시길 바래요
2021.06.28.
채택
질문자가 채택한 답변입니다.
UP
DOWN
댓글
메뉴 더보기
신고
---
4번째 답변
easy****
시민
본인 입력 포함 정보
상세 안내 툴팁 보기
지식iN 서비스 질문 답변 페이지 및 프로필의 답변자 정보에 노출되는 답변자의 회사, 학교, 자격 등의 정보는 본인이 지식iN 프로필 수정을 통해 직접 입력한 정보입니다.
네이버는 사용자가 등록한 정보 및 게시물을 제공하는 정보매개 서비스 제공자로서 해당 정보의 정확성, 신뢰성 및 최신성에 대해 보증하지 않습니다.
닫기
안녕하세요~ 질문자님.
​
인스타에서 부업해서 성공하신 분들은 극히 드물거예요~
저도 조금 알아봤는데요
좋아요 누르고 얼마를 벌겠어요~
힘든일이라 봅니다..
​
월 50이라도 꾸준히 벌고 싶으시다면
​
'소비'가 '소득'이 되는 똑똑한 소비패턴 알려드려요!
지금 현재의 수입에서.. 월 500만원 더 벌수 있다고 하면..!
너무 설레지 않나요ㅠㅠ?
생각만해도 심장이 쿵닥쿵닥~ㅎㅎ
제가 지금 막 시작한 부업인데 소득이 꽤 높아서 한번 추천드려봐요!
제 윗분은 2021년 1월 1일부터 시작해서.. 믿을 수 없게도 벌써 월 200만원 번다고 하시더라구요.
전 월 500벌면 이사가고 싶어요 ㅋ
​
제가 알려드릴 부업은
대기업 총수가 자기이름 직접 걸고 시작한 플랫폼 비즈니스 사업으로
미래가치가 상당해요~
​
대기업 삼성전자와 빨간펜 교원이 손잡고 새로운 플랫폼 사업을 구축했어요
​
교원 장평순 회장님이 직접 추진한 사업으로망설일 이유가 없는 거죠~
​
지금 내가 망설이는 순간에도 다른 누군가는 이 일을 선택하고
성공의 길로 향하고 있는데
혼자만 제자리라는 건
있을 수 없는 일이예요~
​
이 기회에 제대로 한번 알아보시고
꾸준히 월50씩 늘려서 가는
부업 시작해보세요~~^^
​
제가 이 부업을 시작하기까지
많은 정보를 입수하고
판단하여 현재 하고 있는
이유가 궁금하지 않으신가요?
​
도대체  어떤 부업이길래~
​
질문자님도  정확한 정보를 알아보시고
선택하시면 됩니다.
​
장담컨데
지금의 선택과 2년후의 선택은
어마무시 할 겁니다.
​
아래 설문지 작성하시면
원하는 시간대에 부담없이
카톡상담 진행해드려요~
[대기업 플랫폼 비지니스 설문조사]
naver.me
2021.06.28.
UP
DOWN
댓글
메뉴 더보기
신고
---
5번째 답변
비공개 답변
초인
초기비용없는 재택부업부터 시작해보시기 바랍니다.
​
부업을 시작하시는 분들에게는 선택을 폭이 넓은듯 넓지않은 일인듯합니다
​
재택부업을 홍보하는 업체들이 우후죽순처럼 생겨나면서 피해를 보는 사례들도 많고
​
결정하기가 참어렵더군요.
​
​
​
그래서 저같은 경우는
​
첫째, 시작하는단계에서 초기비용이 있는곳은 패스..
​
둘째, 고수익이라고 갭쳐본을 올려놓고 홍보하는곳도 패스..(멘토운운하는곳은 다단계라고보시면 됩니다)
​
셋째, 시간투자가 자유로운곳..
​
넷째, 작업성이 쉬워 꾸준히 할수있는곳
​
으로 찾기 시작했습니다.
​
​
​
일단 초기비용이 없는곳을 찾은이유는 초기비용이 있는곳이 전부 사기성이 있는곳은 아니지만
​
제가 보기에는",... 인스타에서 부업해서 성공하신 분들은 극히 드물거예요~ 저도 조금 알아봤는데요 좋아요 누르고 얼마를 벌겠어요~ 힘든일이라 봅니다.. 월 50이라도 꾸준히 벌고 싶으시다면 '소비'가 '소득'이 되는 똑똑한 소비패턴 알려드려요! 지금...,콘텐츠,content-sns,kin,https://kin.naver.com/qna/detail.naver?d1id=6&dirId=602060402&docId=393398657&qb=67aA7JeFIOyEseqztQ==&enc=utf8,
kin_028,재테크 성공신화 부자가 되는법 지금 공개합니다♥,"1번째 답변
dldn****
초수
본인 입력 포함 정보
상세 안내 툴팁 보기
지식iN 서비스 질문 답변 페이지 및 프로필의 답변자 정보에 노출되는 답변자의 회사, 학교, 자격 등의 정보는 본인이 지식iN 프로필 수정을 통해 직접 입력한 정보입니다.
네이버는 사용자가 등록한 정보 및 게시물을 제공하는 정보매개 서비스 제공자로서 해당 정보의 정확성, 신뢰성 및 최신성에 대해 보증하지 않습니다.
닫기
요즘 직장 다니시면서 퇴근하고 남은시간을 쪼개서 부업하고 싶으신 분 많죠?
직장 다니면서 나오는 월급 외에 월 최소 30만원에서 많게는 3백만원, 천만원, 수천까지도 나올 수 있는 부업이 있는데요
물론 공짜로 돈 주는건 이 세상에 없습니다 ^^.
​
본인이 조금 시간을 투자하셔야 하는건 사실
입니다. 하지만 요즘은 시간을 투자해도 돈 안나오는곳 많죠?
블로그 광고 포스팅
해보셨나요? 건당 1000~1500원 준다고 하지만 그런곳 대부분 물량이 많이 없습니다.
​
용돈벌이로 한두건, 두세건 처리한다고 6000원 정도 모이면 그돈으로 할 수 있는게 있나요?
제가 알려드릴 회사에서는
매월 300건 정도는 기본으로 물량
이 나옵니다.
단가 1500으로 잡고 300건 때려도
최소 매월 45만원
은 들어오는거네요
​
하루 집에서 남는시간
2시간 투자해서 최소 45만원
나오면 아주 괜찮은 부업 아닌가요 ㅎ 시간 제약도 없고 나쁜일도 아닙니다.
조금이라도 젊을때 돈 벌어서 경제적 자유 누리셔야죠
저도 시작한지 3개월 정도 되었는데
첫달 70만원
,
두번째달 170만원 이번달 210만원
가까이 벌었네요.
홈페이지 들어오셔서 조금만 읽어보시면 제 말이 거짓말이 아니라는걸 알게 되실겁니다.
​
모든 부업에 초기 보증금은 있습니다 ^^
. 제가 소개해드리는 홈페이지에도 보증금 솔루션 별로 4개 정도로 나뉘어 져서
최대 99만원짜리까지 본인이 선택 할 수 있으세요 ^^
​
이때 낸 보증금은 블로그포스팅이나, 다른 수익성 업무로 수익을 내실때 마다 퍼센트로 다 환급 받게 되는것이구요
무조건 돌려 받는 돈이니, 걱정안하셔도 됩니다.
​
돈 벌고 싶으면 오세요.
2시간정도 시간투자하시면 그래도 짭짤한 수입정도는 나올겁니다.
너무 쉽게 돈 벌려고 하시면 아무것도 못합니다.
그나마 쉬운게 블로그 포스팅입니다. 한 건당 작성하는데 10~20분 밖에 안걸립니다.
​
그것도 귀찮아서 못하신다면 지금 다니시는 직장보다 돈 더많이 주는곳으로 옮기시는게 가장 현명 하실듯 하네요 ㅎㅎ
​
하루 2시간 정도 시간 투자 조금하셔서 ! 적게는 45만원 많게는 수백 수천까지 벌수 있는 부업 !
하고 싶으신분 아래 사이트로 들어오시면 됩니다 ^^. 회원가입해도 돈 나가는것 없으니까 천천히 읽어보시고 선택하세요
​
아래 배너 클릭하시면 이동됩니다 ^^.
부자됩시다. 자산이 어느정도 모이기전까지는 악착같이 벌어야 합니다.
​
2019.05.16.
UP
DOWN
댓글
메뉴 더보기
포인트 선물
신고",... 김수련CT만의 부업 성공신화∇∇∇∇∇∇ 대출에 허덕이신분들도 한달이면 회생가능하십니다. 직접 눈으로확인하세요. 단돈 만원으로 ▶60만원 만들기 투자없이 참여만하고 가셔도 OK ☆ 소액으로 쉽게 ☆ 부업이 본업이되는 기적!...,기타,etc,kin,https://kin.naver.com/qna/detail.naver?d1id=11&dirId=110701&docId=326383742&qb=67aA7JeFIOyEseqztQ==&enc=utf8,
kin_029,①부업 ②비전있는거,"3번째 답변
20개회사 비교대출
지존
본인 입력 포함 정보
상세 안내 툴팁 보기
지식iN 서비스 질문 답변 페이지 및 프로필의 답변자 정보에 노출되는 답변자의 회사, 학교, 자격 등의 정보는 본인이 지식iN 프로필 수정을 통해 직접 입력한 정보입니다.
네이버는 사용자가 등록한 정보 및 게시물을 제공하는 정보매개 서비스 제공자로서 해당 정보의 정확성, 신뢰성 및 최신성에 대해 보증하지 않습니다.
닫기
안녕하세요.
질문하신 내용에 대해 답변 드리겠습니다. ^^
일을 알아 보실때 회사의 인지도나 신뢰성 안전성을 꼭 따져 보셔야 합니다.
8년째 재택 부분에서 1위를 하고 있는 회사가 있습니다.
초기비용이나 투자비용의 부담이 없으며 초보자분들도 쉽게 일을 배우실
수 있습니다.
시간이나 장소의 제약 없이 원하는 시간에 원하는 장소에서 일을 하시면 됩니다.
궁금하신 사항이 있으시면 언제든지 문의 주세요. ^^.
오늘도 좋은 하루 되세요^^
2011.07.26.
출처
직접작성함^^
UP
3
DOWN
댓글
메뉴 더보기
포인트 선물
신고
---
10번째 답변
zend****
시민
본인 입력 포함 정보
상세 안내 툴팁 보기
지식iN 서비스 질문 답변 페이지 및 프로필의 답변자 정보에 노출되는 답변자의 회사, 학교, 자격 등의 정보는 본인이 지식iN 프로필 수정을 통해 직접 입력한 정보입니다.
네이버는 사용자가 등록한 정보 및 게시물을 제공하는 정보매개 서비스 제공자로서 해당 정보의 정확성, 신뢰성 및 최신성에 대해 보증하지 않습니다.
닫기
정말 고민이 많아요 부업을 할생각인데..
마땅히 할게 떠오르지 않습니다..
이렇게 주저앉을수는 없어서 부업 정보좀 알아보는데
도움좀 받아보고 싶어요.. 어렵지않은 부업찾는데요...
망하지 않을수 있는 그런거요 손해도 크지않을거였으면 합니다
좋은 부업 알려주세요
답변드리겠습니다.
부업은 누구나 다 해서 문을 여는 그런건 아닌거 같아요.
우물안의 개구리 생각을 가지고 계신다면 절대 성공할수 없습니다.
아이템만 좋으면 뭐합니까? 여기저기 사람들이 다 들쑤셔놓으면 끝인데요
그래서 저는 부업을 해서 어느정도 성공한편이라서 이렇게 답변드립니다.
글쓴이님의 마음을 알기 때문에 이렇게 도와드릴려구요~
전 음식을 아예 할줄 모르는데요 부업이 음식집 밖에 없는거에요.
제가 직장생활하면서 돈만 모아봤지 다른쪽은 잘몰랐어요.
그래서 획기적인 부업을 찾다가 시간을 많이 허비했었지요.
부업으로 음식집을 하면 레시피가 다 있고 음식도 갖다준데요.
하지만 본사에서 나오는 물품만 가지고 써야하기 때문에요
가져가는돈이 얼마 없다고 합니다.
그렇게 해가지고 부업으로 언제 성공할까요?
그러다가 어느날 제가 아는 지인한테 부업에 대한 전문가가 있다고 들었어요.
바로 러브샵인데요 제 머릿속으로 빛이 반짝 하더라구요
그런데 그거에 대해서 아예 몰라서 지인이 친구를 소개 시켜줬어요
그분이 부업할때 전문적으로 샵에 관한걸 거의 같이 해주더라구요
창업부터 물품 도매까지 자세하게 알려주더라구요
전 그때 얘기를 나눠보고 이거다 싶어서 바로 시작했습니다.
결론은 회원 늘어나는 재미로 살고 있구요
부업으로 최고같네요. 제가 말한 아이템에 대해서 얘기해보세요
그분이 운영하는곳 알려드릴테니까 연락취해서 의논해보시면괜찮을거에요
제 아래쪽
네임카드
확인해보세요
2011.07.26.
채택
질문자가 채택한 답변입니다.
UP
2
DOWN
댓글
1
메뉴 더보기
포인트 선물
신고
---
5번째 답변
탈퇴한 사용자 답변
부업 여러가지 많아요.
뭐 손해라고하면 포기하시고 그만두셨을 경우 핸드폰 할부금 본인이 내셔야 하는 부분이겠죠
그 외에는 더 투자하는 부분없구요.
주부님들이 더 잘하시고 직장인분들이 더 잘하시는분들 많습니다.
열심히만 하신다면 망할일없는 재택부업이에요.
자세히 알아보시고 결정하세요^^
2011.07.26.
UP
2
DOWN
댓글
메뉴 더보기
포인트 선물
신고
---
11번째 답변
puli****
초수
본인 입력 포함 정보
상세 안내 툴팁 보기
지식iN 서비스 질문 답변 페이지 및 프로필의 답변자 정보에 노출되는 답변자의 회사, 학교, 자격 등의 정보는 본인이 지식iN 프로필 수정을 통해 직접 입력한 정보입니다.
네이버는 사용자가 등록한 정보 및 게시물을 제공하는 정보매개 서비스 제공자로서 해당 정보의 정확성, 신뢰성 및 최신성에 대해 보증하지 않습니다.
닫기
제가 하는 부업 추천해 드립니다.
제가 부업을 선택할 때..
사실 선택할 부업이 많지는 않죠..
우선, 일거리가 계속 있어야 한다.
두번째, 돈을 떼이지 말아야 한다. 입니다.
지금 하고 있는 알바가 그것인데
블로그 포스팅해주는 알바입니다.
포스팅 건별로 게재료 받고요,
건당 계산이라 다른 알바보다는 낫습니다.
관심있으시면,
제 네임카드 클릭해 주시고요,
무엇보다
제 시간날 때 많이 할수 있어서 좋아요.
추천해드립니다.
2011.07.26.
UP
1
DOWN
댓글
메뉴 더보기
포인트 선물
신고
---
4번째 답변
sr****
중수
본인 입력 포함 정보
상세 안내 툴팁 보기
지식iN 서비스 질문 답변 페이지 및 프로필의 답변자 정보에 노출되는 답변자의 회사, 학교, 자격 등의 정보는 본인이 지식iN 프로필 수정을 통해 직접 입력한 정보입니다.
네이버는 사용자가 등록한 정보 및 게시물을 제공하는 정보매개 서비스 제공자로서 해당 정보의 정확성, 신뢰성 및 최신성에 대해 보증하지 않습니다.
닫기
도움될까 몇자남깁니다^^
8년간 재택업계1위를 고수하는 안전한 회사입니다..
단 일을 하시는 모든분들이 고수익을 벌고게시는건
아니니 참고하세요~~
얼마나 집중해서 열심히 했느냐에 따라
벌이는 천차만별입니다 ㅎㅎ
컴퓨터기본업무가 가능하시다면
일배우시고 하시는데 전혀 문제가 없답니다~~
원하시는 조건에 최대한 맞을거라고 생각이 드네요^^
관심있으시다면 잘알아보시고 결정하시길 바랍니다!!
궁금한점은 네임카드 관련주소 살펴보시면 도움되실거에요 ~~
2011.07.26.
UP
DOWN
댓글
메뉴 더보기
포인트 선물
신고",... 그렇게 해가지고 부업으로 언제 성공할까요? 그러다가 어느날 제가 아는 지인한테 부업에 대한 전문가가 있다고 들었어요. 바로 러브샵인데요 제 머릿속으로 빛이 반짝 하더라구요 그런데 그거에 대해서 아예 몰라서 지인이 친구를...,기타,etc,kin,https://kin.naver.com/qna/detail.naver?d1id=4&dirId=40611&docId=134277189&qb=67aA7JeFIOyEseqztQ==&enc=utf8,
kin_030,부업 시작하려고 하는데요,"2번째 답변
주부부업 대통령
고수
#30대주부 #주부부업 #N잡러
본인 입력 포함 정보
상세 안내 툴팁 보기
지식iN 서비스 질문 답변 페이지 및 프로필의 답변자 정보에 노출되는 답변자의 회사, 학교, 자격 등의 정보는 본인이 지식iN 프로필 수정을 통해 직접 입력한 정보입니다.
네이버는 사용자가 등록한 정보 및 게시물을 제공하는 정보매개 서비스 제공자로서 해당 정보의 정확성, 신뢰성 및 최신성에 대해 보증하지 않습니다.
닫기
안녕하세요! n잡러로 임산부입니다^^
​
초.기.비.용 저렴한 재.택.부.업 알려드릴게요!
저는 물론 비.용을 내고 했지만!
큰 금액 없이도 매일매일 돈은 벌 수 있으세요.
그래서 지금 상황에 맞는 유형을 추천 받으셔서 진행하시면 될 것 같아요.
​
비용이 들어가도 부업을 시작하려고 하시는 그 마음!
잊지 마시고 잘 쫓아 오시면 됩니다!^^
​
제가 재.택.부.업을 시작하고 제일 처음부터 한 건.
블.로.그.최.적.화
이게 가장 힘들지만 해놓으면 도움이 많이 되기 때문에,
지금 시작하시는 분들에게도 이 부분을 가장 많이 알려드리고 도와드리고 있어요!
​
오프라인으로 하는 사업도, 온라인으로 하는 사업도,
다 블.로.그.마.케.팅을 통해야만 답이 나오는건 꼭 알고 시작하시길 바랄게요!^^
​
저도 처음에는 이게 되는 건가 의심도 많이 되었던건 사실이에요.
'나라고 부업으로 성공하지 말란 법은 없지!' 라는 생각으로
소소하게 '정말 한달에 30만원만 벌어보자' 하고 시작한 일이
지금은 너무나 익숙하게 하루하루 쌓이는 수익들을 보면서 뿌듯하고
조금 더 빨리 시작할 걸 하는 생각도 드네요.
​
​
제가 지금 소속된 재택부업은 19년동안 재.택.부.업 회사를 운영하며
tv방영으로 회사의 진가를 인정받았고,
믿기지 않으시겠지만
블로그 글쓰기만으로 8천만원을 번 회원부터
단 한달 동안 6천만원의 수익을 내신 분들까지,
꾸준히만 해주신다면 일반 직장 월급은 그냥 벌 수 있는 구조로,
재.택.업.무로 성공할 수 있다는 확신을 심어준 회사입니다.
​
​✅직장인분들에게 투.잡으로 하시기에 너무 좋은 회사
​
​✅독박육아를 할 수 밖에 없는 주부 분들에게 빈 시간 일하기 너무 좋은 회사
​
​✅임신으로 인해 어쩔 수 없이 집에 있어야 하는 임산부들이 일하기 좋은 회사
​
너무 많은 사.기.부.업 들이 넘쳐나는 지금.
점점 N잡러들이 많아지고 디지털노마드의 시대가 오고 있습니다.
​
​어떤 방법으로 시작을 해야 할지 블로그를 만든적 조차도 없는데 뭘 어떻게 배워야할지
고민이 되신다면 조금이라도 빨리 시작하셔서 업무 익히시는게 답입니다.
​
저는 하나부터 다 알려주는 멘토로 재.택.부.업/주.부.부.업을 시작하면서
​많은 시행착오들을 겪고 탄탄한 기초를 만들어서 이제 부업시작하시는 분들께
앞으로 수익을 어떻게 내야하는지 정확하게 알려드리고 있어요.
​
​블로그에는 회사에서 하는 일과 제가 일을 하면서 솔직하게 느낀점들을 자세히 적어두었어요^^
​
​
▽▽▽▽▽▽부.업의 모든것 블로그 보러가기▽▽▽▽▽▽
집에서 돈버는 엄마ෆ : 네이버 블로그
★彡임산부 엄마의 마케팅ෆ 드림투유 멘토 ❣ 솔직하고 확실한 교육 ❣ 실패와 좌절 끝에 얻은 성과 ❣ 컴맹 엄마로 시작해서 매일 돈벌 수 있었던 방법 ✦
blog.naver.com
​
▽▽▽▽▽▽오픈카톡 문의하기▽▽▽▽▽▽
집에서 일하는 엄마 양토끼두마리맘★님의 오픈프로필
첫달부터 탄탄하게 수익내는 법을 더빠르게 더쉽게♥︎
open.kakao.com
​
▽▽▽▽▽▽홈페이지 바로가기▽▽▽▽▽▽
​
드림투유
온라인 재택알바,부업,광고마케팅 기업. 출퇴근없이 집에서 돈버는 재택알바 드림투유
www.dmtu.kr
​
#재택부업
새 창
#초기비용저렴한부업
새 창
#주부부업
새 창
#주부재택부업
새 창
#부업추천
새 창
#블로그부업
새 창
#n잡러
새 창
2023.02.01.
채택
질문자가 채택한 답변입니다.
UP
1
DOWN
댓글
메뉴 더보기
포인트 선물
신고
---
5번째 답변
탈퇴한 사용자 답변
​
​
안녕하세요. : )
​
​
총 네가지 유형이 있어서 가장 낮은 유형을 선택하시면
초기비용 적게 들여서 하실 수 있습니다.
​
저 역시 뜻하지 않은 지출들로 인해 막막할 때
지금의 일을 시작해서 일주일에 3~4일, 하루 1~2시간,
많게는 3~4시간 일하면서 지금까지 안정적으로
꾸준하게 벌고 있는 일입니다.
​
​
별다른 능력이나 자격, 경력 없이도 가능하며
시간이나 장소 제약이 없어서 언제 어디서든
자유롭게 일하실 수 있습니다.
​
​
이로 인해 남녀노소 다양한 분들이 일을 하고 계시며
일하시는 만큼 고정적인 수익을 벌어가고 계십니다.
​
​
동종 재택 업계  가장  오래된  곳이기도  하고
1위의 회사로 탄탄함과 신뢰성은 입증된 곳이며
일감 수는 끊이지 않게 있어서 일하고 싶은 만큼
일하면서 평생 벌어갈 수 있습니다.
​
​
남녀노소 누구나 충분히 할 수 있는 일이니
크게 걱정하지 않으셔도 됩니다.
​
​
자세한 내용 궁금하시면 홈페이지 확인해 보시고
자세히 알아보면서 비교해 보고 선택하세요.
​
​
▼▼▼▼▼
​
헬로우드림
출/퇴근 없이 집에서 돈버는 재택알바
hello-dm.kr
​
​
그럼 즐겁고 행복한 하루 보내시기 바랍니다. :)
​
​
​
​
​
​
​
​
​
​
​
​
2023.02.01.
UP
DOWN
댓글
메뉴 더보기
신고
---
7번째 답변
비공개 답변
영웅
가장 낮은 등급 44만원으로
부지런히 글만 쓰신다면
월 50만원 이상도 가능해요
링크 남겨 드릴테니 참고해보세요
​
>> 블로그포스팅 신청하기
2023.02.01.
UP
DOWN
댓글
메뉴 더보기
신고
---
9번째 답변
월천가자
영웅
본인 입력 포함 정보
상세 안내 툴팁 보기
지식iN 서비스 질문 답변 페이지 및 프로필의 답변자 정보에 노출되는 답변자의 회사, 학교, 자격 등의 정보는 본인이 지식iN 프로필 수정을 통해 직접 입력한 정보입니다.
네이버는 사용자가 등록한 정보 및 게시물을 제공하는 정보매개 서비스 제공자로서 해당 정보의 정확성, 신뢰성 및 최신성에 대해 보증하지 않습니다.
닫기
초기비용 저렴한 부업 알아보시는군요?
​
전 집에서 온라인 재택부업 하고",... '나라고 부업으로 성공하지 말란 법은 없지!' 라는 생각으로 소소하게 '정말 한달에 30만원만 벌어보자' 하고 시작한 일이 지금은 너무나 익숙하게 하루하루 쌓이는 수익들을 보면서 뿌듯하고 조금 더 빨리 시작할 걸 하는 생각도...,기타,etc,kin,https://kin.naver.com/qna/detail.naver?d1id=4&dirId=40611&docId=438373851&qb=67aA7JeFIOyEseqztQ==&enc=utf8,
kin_031,{부업}질문 {부업}으로 부자되려구요.,"2번째 답변
20개회사 비교대출
지존
본인 입력 포함 정보
상세 안내 툴팁 보기
지식iN 서비스 질문 답변 페이지 및 프로필의 답변자 정보에 노출되는 답변자의 회사, 학교, 자격 등의 정보는 본인이 지식iN 프로필 수정을 통해 직접 입력한 정보입니다.
네이버는 사용자가 등록한 정보 및 게시물을 제공하는 정보매개 서비스 제공자로서 해당 정보의 정확성, 신뢰성 및 최신성에 대해 보증하지 않습니다.
닫기
안녕하세요.
질문하신 내용에 대해 답변 드리겠습니다. ^^
8년 동안 재택 업계에서 1위를 하고 있는 회사는 어떠신지요?
초기비용 이나 투자비용의 부담이 없으며 원하는 시간에 원하는
장소에서 일을 하실 수 있습니다.
초보자도 쉽게 배우실 수 있으며 누구나 금방 적응을 하실 수 있습니다.
인터넷 검색 정도만 하실 수 있으면 누구나 하실 수 있습니다.
일을 시작 하실때 회사의 인지도나 안정성을 꼭 따져 보셔야 합니다.
궁금하신 사항이 있으시면 언제든지 문의 주세요. ^^
답변이 도움이 되셨으면 하네요.
오늘도 좋은 하루 되세요^^
2011.08.01.
UP
2
DOWN
댓글
메뉴 더보기
포인트 선물
신고
---
3번째 답변
ezup****
중수
본인 입력 포함 정보
상세 안내 툴팁 보기
지식iN 서비스 질문 답변 페이지 및 프로필의 답변자 정보에 노출되는 답변자의 회사, 학교, 자격 등의 정보는 본인이 지식iN 프로필 수정을 통해 직접 입력한 정보입니다.
네이버는 사용자가 등록한 정보 및 게시물을 제공하는 정보매개 서비스 제공자로서 해당 정보의 정확성, 신뢰성 및 최신성에 대해 보증하지 않습니다.
닫기
우선 매일 꾸준히만 하시면 된답니다.
매일 같은 일을 반복하기 때문에
금방 적응하실수도 있고
많은 돈 또한 벌수 있답니다..^^
2011.08.01.
UP
2
DOWN
댓글
메뉴 더보기
포인트 선물
신고
---
4번째 답변
탈퇴한 사용자 답변
창업생각하시면... 도움안되겠지만..
무자본으로 부업하실수있는 방법은 많습니다.
인터넷부업이 한가지예인데요...
우리나라 통신사들 업무대행 해주고 유치수수료를 받는회사에요.
통신사들의 유치수수료가 적지않은 금액이구요 ...
핸드폰개통조건 →통신사에게 이익 →통신사가 댓가로 유치수수료를 회사에지급
이런 구조로 수입이 나고 월급을 드리는겁니다.
업무대행이 뭔지 궁금하실건데요.
핸드폰개통이나 인터넷유치 두가지중 한가지를 만족해주셔야 하는 조건입니다.
핸드폰개통을 하게되시면 통신사에겐 이익이니까요.
이익이되면 업무를 대행해주는 회사에게 일정의 수수료를 주겠죠.
중요한건 핸드폰 개통을 하시지만 내가 내돈 주고 사는게 아니에요.
일을 열심히 했는데도 실적이 없을수 있는데....
그땐 지원금요청을 하시면되시고 활동내역에 따라 지원금 알맞게 책정해서 준답니다.
계약대로 일만 열심히 해주실거라면
핸드폰요금 부담 안갖으셔도 됩니다.
하는일은요.
인터넷상에서 홍보입니다.
일하시는분들을 편의상 딜러라고 칭하는데요.
일을 하게되시면 회사 홈페이지 딜러전용게시판에
홍보글들이 쭉 올라와있습니다.
그 글들중 마음에 드는 글을 한가지 택하셔서 딜러님의
전화번호,이메일 등으로 바꿔서
기입 후 자유게시판,구인구직사이트 등에 홍보글을
올리시면 끝나는 업무에요.
홍보글을 올리면 문의가 올텐데요. 문의자들을 직접
상담해주실 필요없이 이름,나이,연락처만
받아서 홈페이지 문의자접수처라는곳에 올려주시면
상담과 실적은 회사에서 만들어 드리는겁니다.
상담을 통해 문의자가 일을 시작하면 실적 1건으로 인정 되는일이구요
1건 21만원 (첫달은 28만원 적용)이 되는겁니다.
홍보글은 나와같은 홍보사원을 모집하는 글이되겠죠.
2011.08.01.
UP
1
DOWN
댓글
메뉴 더보기
포인트 선물
신고
---
10번째 답변
탈퇴한 사용자 답변
하긴 요즘 재택이다 부업이 워낙 대세이니까요^^*
우선 부업을 하시려면 시뢰도가 있는 회사를 선택하시는게 제일 우선인것 같아요
돈을 정확히 제때 받는게 제일 중요하니까요~
온라인 홍보는 매일 꾸준히 끈기있게만 해 주시면 꼭 성공하는 큰 장점이 있는
부업이랍니다~
더위 건강 조심하시고 시원한 여름되세요^^*
2011.08.01.
UP
1
DOWN
댓글
메뉴 더보기
포인트 선물
신고
---
11번째 답변
kgge****
시민
본인 입력 포함 정보
상세 안내 툴팁 보기
지식iN 서비스 질문 답변 페이지 및 프로필의 답변자 정보에 노출되는 답변자의 회사, 학교, 자격 등의 정보는 본인이 지식iN 프로필 수정을 통해 직접 입력한 정보입니다.
네이버는 사용자가 등록한 정보 및 게시물을 제공하는 정보매개 서비스 제공자로서 해당 정보의 정확성, 신뢰성 및 최신성에 대해 보증하지 않습니다.
닫기
기존에 일을하면서 부업으로 돈좀 벌고싶은데요..
제가 부업은 해본적이 없고 ..대충알아보니까 부업하려면
어떤걸 시작하느냐에 따라 성공하고 실패하고 한다고 하더라구요.
그만큼 부업을 하는사람은 많고 경쟁 업체가 많으면 힘들수도 있다는데..
남들과 다른 새로운 사업구상을 생각중인데.. 괜찮은거 없을까요?
보기 드믄 부업을 소개해주세요.
============================
=============================
괜찮은 부업을 하고 있는 제가 조언 해드릴게요
저도 예전에 보험회사에서만 일을 해본 여성입니다.
잘나가던 시절은 판매왕이라던지 이것저것 많은것을 해봤죠
그런데 나이가 들어가면서 부업을 해야 겠다는 생각이 들더라구요
보험회사를 다니면서 추가적으로 뭘해봐야 겠다는 생각이 들었습니다
부업은 아예 다른쪽으로 생각을 해보게 되더라구요
일단 음식점은 피하고 싶었습니다.
손님관리라던지 체계적이지 못하다면 돈벌이도 되지않고 후회 할거 같더라구요
그래서 부업은 제가 굳이 손을 뻗지 않아도 간단한 관리로도 될수 있는걸 찾아봤어요
그렇게 해서 생각해 놓은게 성인들 만이 사용할수 있는걸 생각했습니다.
여자다 보니 그런걸 어떻게 하지? 이렇게 생각하시는분들 많은데요
부업을 이런걸로 하다보니 배송이라던지 싸이트 관리 하는분등 인원구성만 괜찮으면야
충분히 쉬워요 문제는 도매쪽인데 지인을 통해서 괜찮은분 소개를 받았어요
사실 말하자면 부업을 생각만 해봤지 실행을 옮기지 못했거든요",... 부업으로 성공한 사람보다는 인터넷알바로 성공한 사람이 더많기 때문이져 하루에1~2시간만 투자하시면 한달에30~50만원 버실수있습니다. 물론저두 그렇게 벌구있구여^^ 꾸준히 하시면 더 많은 수익을 낼수있겠져?ㅎ 그리고 나이제한...,기타,etc,kin,https://kin.naver.com/qna/detail.naver?d1id=4&dirId=40611&docId=134616178&qb=67aA7JeFIOyEseqztQ==&enc=utf8,
kin_032,부업거리 찾아요,"2번째 답변
내껀내꺼
중수
30대 여성
#네트워크마케팅 #n잡러
본인 입력 포함 정보
상세 안내 툴팁 보기
지식iN 서비스 질문 답변 페이지 및 프로필의 답변자 정보에 노출되는 답변자의 회사, 학교, 자격 등의 정보는 본인이 지식iN 프로필 수정을 통해 직접 입력한 정보입니다.
네이버는 사용자가 등록한 정보 및 게시물을 제공하는 정보매개 서비스 제공자로서 해당 정보의 정확성, 신뢰성 및 최신성에 대해 보증하지 않습니다.
닫기
시간장소 구분없이 어디서든할수있는
부업소개시켜드릴께요~~
저도 일하고 육아하면서 틈틈히하고있습니당
​
FC와 함께라면 재태크,어렵지않아요!
휴대폰으로 언제,
어디서든집에서도 OK!
출퇴근길에도 OK!
시간날 때 틈틈히FC와 함께 시작해보세요!
체계적인 3주강의
1:1멘토시스템단계별 회원관리하는 시스템!
10년넘게 업계1위를 지키고있는 애터미의
온라인팀!
제대로 된 시스템에서 같이 성공해보실분~!!
​
지금 바로 프로필 링크를 클릭해 체험해보세요
​
http://www.fcsmartsystem.com/863798/main.do
FCSMART SYSTEM
돈은없는데... 뭘 해야할지 막막 하신분 클릭해보세요!
www.fcsmartsystem.com
​
2022.05.29.
채택
질문자가 채택한 답변입니다.
UP
DOWN
댓글
메뉴 더보기
포인트 선물
신고
---
3번째 답변
부업12년째 왕짱멘토
초인
여성
#부업성공멘토 #12년차온라인마케터
아르바이트 3위, 구인구직사이트 3위, 직업, 취업 22위 분야에서 활동
본인 입력 포함 정보
상세 안내 툴팁 보기
지식iN 서비스 질문 답변 페이지 및 프로필의 답변자 정보에 노출되는 답변자의 회사, 학교, 자격 등의 정보는 본인이 지식iN 프로필 수정을 통해 직접 입력한 정보입니다.
네이버는 사용자가 등록한 정보 및 게시물을 제공하는 정보매개 서비스 제공자로서 해당 정보의 정확성, 신뢰성 및 최신성에 대해 보증하지 않습니다.
닫기
​
네 워낙 부.업 종류가 무분별하게 많이 생기고 있다보니.안전한 업.체선택이 가장중요합니다.
저는 프리로 8년째 하고 있는데요^^
용돈벌이로 시작한일이었는데
직장도 관두고 본업으로 전향하게 됐어요 ~
​
워낙 위험하고 없어지는 곳이 한둘이 아니라
선택에 신중하셔야해요
당사는 업.계 1.위 안전성 입증된 온.라.인.광.고 대행사이며 수상내역, 매체에 소개된 자료들
홈.페이지에서 확인가능합니다.
​
경력 학력 등 스펙없어도
주부, 직장인, 대학생 누구나 할수있고
컴맹도 가능한 간단한 타.이.핑업무로
한번 배워두면 평생 든든한 수.익.원이 됩니다
​
자세한 내용 궁금하시면
닉넴 클릭후 상세요강 확인해보세요~
​
​
​
2022.05.29.
UP
DOWN
댓글
메뉴 더보기
포인트 선물
신고
---
4번째 답변
(구)-디지털노마드를 꿈꾸는 사람들 카페 답변
지식카페
달콤이
안녕하세요 질문자님~
하루 1시간 정도 폰이나 컴퓨터로
간단 홍보글 작성하는 일은 어떠 신지요?
​
혼자하는게 아니라 저도 컴맹이 폰맹인데
팀비지니스 활동으로 모르는것은 물어보면
친절히 다 알려주고 응원해주다보니 할만하더라구요.
​
저도 낯을 많이 가리는데 사람을 상대하는 일도 아니니
덜 부감스럽고 출퇴근 시간도 자유롭게
내가 내 시간에 맞게 홍보 하면 되니 너무 편해요
​
관심있면 아래 링크로 설문조사 남겨주시면
성심 성의껏 답변드릴게요^^
[대기업 플랫폼 비지니스 설문조사]
naver.me
​
2022.05.29.
UP
DOWN
댓글
메뉴 더보기
포인트 선물
신고
---
5번째 답변
코박사
태양신
#비트코인 #암호화폐
가상화폐 2위, 주식, 증권 68위 분야에서 활동
본인 입력 포함 정보
상세 안내 툴팁 보기
지식iN 서비스 질문 답변 페이지 및 프로필의 답변자 정보에 노출되는 답변자의 회사, 학교, 자격 등의 정보는 본인이 지식iN 프로필 수정을 통해 직접 입력한 정보입니다.
네이버는 사용자가 등록한 정보 및 게시물을 제공하는 정보매개 서비스 제공자로서 해당 정보의 정확성, 신뢰성 및 최신성에 대해 보증하지 않습니다.
닫기
요새 가장유망한 제2의 비트코인으로 불리우는 파이코인에대해아시나요? 현재무료채굴이가능하며 몇년뒤 얼마가될지는아무도모릅니다. 꼭채굴해놓으세요
파이코인은 무료이며 최초로 스마트폰으로 채굴하는 코인입니다
.
​
스탠포드 대학 박사들이 개발한 코인으로 21.8월 기준 전세계
2,300만명
이 채굴중이며,
메인넷
이후
상장예정
이라고 하며, 현재로서는 화폐가치는 없고, 보유만 가능합니다. 가지고만 있어도 손해보는게 전혀 없고 휴대폰으로 채굴하는 제2의 비트코인이라고 불리기 때문에 많은 사람들이 채굴중입니다.
비트코인때처럼 놓치지맙시다.
​
채굴방법​
1. 플레이스토어,Apple스토어에서 Pi Network앱을 다운
또는
http://minepi.com/pert456
로 바로 다운
​
2. 폰번호또는 페이스북으로 가입하기
​
3. 폰번호 가입시 나라는 South korea(+82) 체크하고 핸드폰번호 입력.
​
4. 비밀번호 8자리 이상 입력.(영문 대소문자, 숫자하나는 있어야 합니다)
​
5.
이름 (first name) 성(last name)입력(여권이름과 동일하게 넣으세요(영문이름) 모국어에는 한국명 성,이름 넣어주시면됩니다.향후 KYC 인증시 여권 이름과 동일해야 합니다.향후 KYC인증을무조건하셔야 채굴한코인을지급받으실수있습니다. KYC인증정말중요![여권,신분증,운전면허증]세개다가능합니다.(메인넷전에 모든인원이인증을받기가능)
​
6. username에 원하는 아이디 입력
​
7. invitation code 아이디
pert456
입력 (입력 후 채굴시 채굴속도상승)
​
Get started 클릭해주고,
메인화면번개버튼클릭해주면 채굴되기 시작하며 상단에 채굴수량 나타남.
채굴은 앱 상단에 표시되며 24시간 단위로 되며 번개표시 눌러야함. 2022년상장할 예정이며 가입자가 더 많아지면 반감기로 채굴 속도가 느려집니다.
​invitation code:pert456
입력하여 같이 계속 채굴합시다.
채굴은 채굴자의 의사에 달려 있습니다.
​
*가입후 무조건 메인화면 왼쪽상단바클릭 프로필가셔서 핸드폰인증,페이스북",... 재택부업 성공할수 있는 방법 황금상 제자가 되는것입니다 황금비법 원 포인트 노하우 전수로 한달만에 꿈의 목표 월100만 황금비법은 황금상 제자들만 배울수 있습니다 1년동안 월50만원도 못벌던분도 재 가입 2번이나 재 가입...,기타,etc,kin,https://kin.naver.com/qna/detail.naver?d1id=4&dirId=40613&docId=420557080&qb=67aA7JeFIOyEseqztQ==&enc=utf8,
kin_033,고등학생 부업,"19번째 답변
비공개 답변
시민
청소년에게 가장 추천 할 부업은 컴퓨터나 스마트폰으로 할 수 있는
인터넷 재택알바라고 볼 수 있습니다..
​
재택알바의 특징 상 인터넷만 되는 곳이면 장소나 시간에 구애 받지 않고 수익을 올릴 수 있는데
​
하루 중 남아도는 짜투리시간을 활용하여 작게는 커피값이나 교통비에서부터 많게는
일반 직장인의 월급만큼도 벌 수 있는 장점이 있습니다..
​
집에서 할 수 있는 부업 2종 셋트
​
1.
엠브레인 리서치 [바로가기]
​
- 아래 배너를 클릭하면 됨 - 2500원 기본지급
​
• 만14세이상 ~ 60세 남녀 누구나 가입가능
​
엠브레인 실제 수익금 [설문조사만으로 이 만큼 벌었음]
​
​
2
. 디비디비딥 [바로가기]- 하루 1분 투자로 매월 5천원 이상 가능!!
​
• 15세이상 남녀 누구나 가입가능
• 블로그나 sns, 카페, 홈페이지 등으로 홍보에 자신있으면 대박 수익 가능
• 출석체크만 해도 5천원
• 하루 1번 롤렛 돌리기
• 회원가입 후 이벤트 클릭하면 확인 가능 [모바일로 본다면 pc 보기 전환하면 보임]
​
디비디비딥 회원 실제 누적 수익금
​
​
​
​
저는 위 내용을 설명하면서 해당 업체로부터..
마일리지를 제공받기로 하였습니다..
​
​
https://blog.naver.com/good_cash/223793614966
청소년 집에서 할 수 있는 부업 2군데 추천 수익금 체크 꿀팁!!
청소년에게 가장 추천 할 부업은 컴퓨터나 스마트폰으로 할 수 있는 인터넷 재택알바라고 볼 수 있습니다.....
blog.naver.com
​
2025.10.02.
UP
6
DOWN
댓글
메뉴 더보기
신고
---
18번째 답변
비공개 답변
초수
해당 글은 광고를 포함합니다.
​
틱톡라이트
​
- 요즘 가장 핫한 앱테크
​
- 단순한 구조(초대&영상보기&출석체크&게임만 하면 포인트 적립)
​
- 캐시화도 직관적 (포인트가 일정량 쌓이면 현금 또는 네이버페이 바로 전환 가능)
​
틱톡 라이트 친구초대 이벤트로 현금 출금하기
지인 소개로 어플 설치 후 가입하면 5만7천원 주고, 이벤트 시작시 16만원 주고, 링크 공유하면 2만원 주고...
blog.naver.com
​
블로그 포스팅에 깔끔하게 정리되어 있습니다.
2025.09.10.
UP
5
DOWN
3
댓글
메뉴 더보기
신고
---
12번째 답변
ai내일설계자
물신
남성
교육인
#진로진학코치 #AI자격시험 #생기부코칭
영어 공부, 시험, 고등학교교육, 고등학교진학 분야에서 활동
본인 입력 포함 정보
상세 안내 툴팁 보기
지식iN 서비스 질문 답변 페이지 및 프로필의 답변자 정보에 노출되는 답변자의 회사, 학교, 자격 등의 정보는 본인이 지식iN 프로필 수정을 통해 직접 입력한 정보입니다.
네이버는 사용자가 등록한 정보 및 게시물을 제공하는 정보매개 서비스 제공자로서 해당 정보의 정확성, 신뢰성 및 최신성에 대해 보증하지 않습니다.
닫기
안녕하세요, 마케팅김이사입니다.
고1인데
리셀로 월 100만 원
수익을 내고 있다니… 정말 대단합니다.
보통 고등학생이면 ‘부업’보다는 아르바이트조차도 어려운 경우가 많은데,
이 정도면 이미
사업가 마인드
가 장착된 셈이에요.
자, 그럼 본격적으로!
하루 1~2시간 투자로 월 50만 원 부수입
을 목표로 할 수 있는,
학생 신분에도 가능한 부업 아이템
을 정리해드릴게요.
✅ 전제조건
미성년자도 가능할 것
초기 투자 없이 시작할 수 있을 것
리셀처럼 ‘재고 부담’이 없을 것
스마트폰 또는 노트북만으로 가능할 것
1. 쿠팡파트너스 or 스마트스토어 홍보
이미 리셀을 해본 경험이 있다면,
상품 소싱/시장 분석 능력
이 있다는 뜻입니다.
쿠팡파트너스
: 추천링크로 수익을 얻는 방식
→ 네이버 블로그나 인스타그램, 카페 글로 노출 가능
스마트스토어 셀러의 대리 홍보
: 제품을 블로그나 인스타에 올려주고 판매 발생 시 일정 수수료 받는 방식
→ 요즘 이거 전문적으로 하는 ‘블로그셀러’도 많아요
2. 콘텐츠 업로드 대행 (예: 블로그 글쓰기)
블로그를 운영하는 자영업자들, 쇼핑몰 운영자들 사이에서
**“글 좀 써줄 사람”**에 대한 수요는 꾸준합니다.
GPT를 활용해
콘텐츠 뼈대
를 잡고
본인이 리라이팅해서 제출하면 됩니다
카페에서 “블로그 글 대행” 키워드로 검색하면 꽤 많이 나옵니다
3. 디지털 제품 판매 (노션 템플릿 / PPT / 요약자료 등)
공부 잘하는 친구들이 만든
“요약 노트”
,
또는 학교생활/과제에 필요한
PPT 디자인
자료 등을
디지털파일로 업로드해 판매하는 겁니다.
스마트스토어 / 크몽 / 오픈마켓 가능
AI로 디자인 보완 → Canva나 미드저니도 활용 가능
마케팅김이사의 현실 조언
지금 이 시기에
돈만 보는 부업
보다
콘텐츠형 자산을 쌓는 부업
을 추천해요.
그 이유는 단 하나.
게다가 이걸 2~3년만 꾸준히 하면,
성인이 됐을 때 이미
온라인 수익 구조가 세팅돼 있는 사람
이 됩니다.
참고자료
제가
학생, 주부, 직장인 누구나 할 수 있는 부업 노하우
를
무료 전자책으로 정리해뒀어요.
시간 날 때 꼭 한 번 읽어보세요.
무료 전자책 보러가기
— 마케팅김이사 드림
#고등학생부업 #온라인부업추천 #부수입팁
2025.05.30.
채택
질문자가 채택한 답변입니다.
UP
2
DOWN
1
댓글
메뉴 더보기
포인트 선물
신고
---
14번째 답변
flfh****
시민
본인 입력 포함 정보
상세 안내 툴팁 보기
지식iN 서비스 질문 답변 페이지 및 프로필의 답변자 정보에 노출되는 답변자의 회사, 학교, 자격 등의 정보는 본인이 지식iN 프로필 수정을 통해 직접 입력한 정보입니다.
네이버는 사용자가 등록한 정보 및 게시물을 제공하는 정보매개 서비스 제공자로서 해당 정보의 정확성, 신뢰성 및 최신성에 대해 보증하지 않습니다.
닫기
부업에 관해 정리된 글 일부를 들고왔습니다!
아래 링크에 본 글 걸어둘게요
​
출처 :
https://financeinstitute.tistory.com/21
월 100만원 부업 7가지 (3개월 내 성과내는법)
이 글에서 얻을 수 있는 것 월 100만원 이상 실제 수익 가능한 부업 7가지 각 부업별 초기 투자 비용과 예상 수익 시작부터 수익",... 성공 부업의 4가지 핵심 조건 확장성 시간 투입 대비 수익이 비례적으로 증가 진입 장벽 너무 높지 않은 초기 투자 비용 시장 수요 지속적인 고객 니즈 존재 본업 양립 직장 생활과 병행 가능한 시간 구조 이런 조건들을...,기타,etc,kin,https://kin.naver.com/qna/detail.naver?d1id=4&dirId=40611&docId=485621269&qb=67aA7JeFIOyEseqztQ==&enc=utf8,
kin_034,⊇부업⊆ 새로운 부업을 시작하려고 합니다.,"7번째 답변
cuni****
시민
본인 입력 포함 정보
상세 안내 툴팁 보기
지식iN 서비스 질문 답변 페이지 및 프로필의 답변자 정보에 노출되는 답변자의 회사, 학교, 자격 등의 정보는 본인이 지식iN 프로필 수정을 통해 직접 입력한 정보입니다.
네이버는 사용자가 등록한 정보 및 게시물을 제공하는 정보매개 서비스 제공자로서 해당 정보의 정확성, 신뢰성 및 최신성에 대해 보증하지 않습니다.
닫기
기존에 하는일을 하면서 부업으로 하나 시작하고싶은데
딱히 마음에 드는걸 찾질 못하고 있습니다.
자금도 많은편도 아니고 그렇다고 평범한건 싫어서요
쉽게 할수있는 부업으로 어떤게 좋을까요
한 직장에서 11년정도를 해왔지만 자식들도 곧 대학도
가야하고 돈 나갈때는 많고 지금 돈벌이로는 부족합니다
그래서 기존에 일을 하면서 따로 부업을 시작하려구요.
제 아내도 어떤일이 됬든 도와준다고 했습니다
그래도 쉽게 진행할수 있는걸로 누구나 할수있는 부업으로
괜찮은 아이템이 있다면은 하고 싶네요
나중에 좋은걸 찾아서 진행에서 그쪽이 돈벌이가 좋다면
기존일을 그만하고 그쪽으로 쭉 할마음도 있습니다
그래서 부업으로 할것이 비전있는거 였으면 합니다..
정말 미래가 보장되는걸로 알려주세요
안녕하세요. 부업을 찾으신다기에 도움드리려고 합니다
저도 직장생활하면서 현재 부업을 하고있어요
근데 지금은 기존일보다 돈벌이가 좋아서 그쪽으로
아예 열심히 해볼생각으로 있거든요.
지금도 남들은 성공했다..CEO다..이런 말씀을 해줄정도입니다
부업을 어떻게 시작하게 됬냐면요 아는분이 있는데
그분이 부업쪽으로 창업도매 관련해서 인지도가 높은분이였어요
워낙 믿음 가는분이여서 그동안 모아온 큰자금은 아니지만
시작하게 되었는데 컨설팅도 해주시고 신경 많이 써주시더라구요.
아는분이라서 신경쓴건 아니고 모든분에게 그렇게 열심히
해주신다고 합니다..처음에 부업을 시작할때는 크게 바란건 아니지만
지금은 놀랍고 신기할정도로 대단하다는 생각을 많이 했어요
남들이 정말 많이 안하는 부업이구요
성공의 비전이 보였기에 시작했는데 정말 성공할줄을 몰랐네요
지금 생각하시는 부업이 제가 시작할때와 공감이 가서
이렇게 답변드리게 되었는데.. 정말 확실한 부업이라고 생각합니다
그 부업쪽으로 전문가분이신데 좋으신분인데
상담한번 받아보시면 좋을듯합니다~~
밑으로 보시면
네임카드
보시면 이동할수 있습니다.
2011.07.26.
채택
질문자가 채택한 답변입니다.
UP
1
DOWN
댓글
1
메뉴 더보기
포인트 선물
신고
---
1번째 답변
eunw****
영웅
본인 입력 포함 정보
상세 안내 툴팁 보기
지식iN 서비스 질문 답변 페이지 및 프로필의 답변자 정보에 노출되는 답변자의 회사, 학교, 자격 등의 정보는 본인이 지식iN 프로필 수정을 통해 직접 입력한 정보입니다.
네이버는 사용자가 등록한 정보 및 게시물을 제공하는 정보매개 서비스 제공자로서 해당 정보의 정확성, 신뢰성 및 최신성에 대해 보증하지 않습니다.
닫기
제가 괜찮은 부업하나 추천해드릴게요.
우선 초기자본이 하나도 들어가지않고 올해로 8년차를 맞이했으며
공정거래위원회에 정식등록된 업체로 TV에도 수차례 방송된 업체에요..
(TV방송 및 증빙자료 제블로그에 첨부)편한시간에 편한곳에서
하루 2~3시간만 일하시면 되구요.
보통 그렇게 하시는 딜러분들은 월평균 200~300만원 벌어가세요.
저같은 경우는 평범한 가정주부로 집에서 하루평균 4시간정도 일해서
1년째 월평균 500~700만원정도 꾸준히 벌고있어요.(실제통장내역공개)
시간대비 너무 많이번다고 다단계나 사기업체라고 생각하시는 분들이 계시는데
만약 통장내역이 거짓이거나 다단계나 사기회사라면
대한민국의 한 국민으로서 강력한 처벌을 받을것입니다.
업무는 굉장히 쉬운편이구요..오로지오로지 홍보만 하시면 됩니다.
자세한 사항이나 문의사항은 밑에 네임카드(별사진)참조해주세요.
만약 네임카드가 안보일시 아이디를 클릭하시면 되요.~
24시 거짓없이 성실히 답변/상담 해드릴게요.~늘 웃는날만 가득하시구요.~~
2011.07.26.
UP
DOWN
댓글
메뉴 더보기
포인트 선물
신고
---
2번째 답변
쌩뚱맞고
초수
본인 입력 포함 정보
상세 안내 툴팁 보기
지식iN 서비스 질문 답변 페이지 및 프로필의 답변자 정보에 노출되는 답변자의 회사, 학교, 자격 등의 정보는 본인이 지식iN 프로필 수정을 통해 직접 입력한 정보입니다.
네이버는 사용자가 등록한 정보 및 게시물을 제공하는 정보매개 서비스 제공자로서 해당 정보의 정확성, 신뢰성 및 최신성에 대해 보증하지 않습니다.
닫기
안녕하세요^^
답변드리겠습니다.
저희 회사는 통신판매 업체입구요.재택알바회사입니다
하는일은 회사를 홍보하여 신규로 일하실분 모집,휴대폰 개통
을 주로 하고있습니다.
그렇다고 불법업체라고 생각 하시지는 말구요.
저희 회사는 엄연히 나라에서 인정한 회사입니다.
자세한 사항은 블로그에 기재 되어있으니 참고 하시구요.
실시간 상담도 가능 하니 언제든 물어 주시면 빠르게 답변드리겠습니다^^
2011.07.26.
UP
DOWN
댓글
메뉴 더보기
포인트 선물
신고
---
3번째 답변
blue****
시민
본인 입력 포함 정보
상세 안내 툴팁 보기
지식iN 서비스 질문 답변 페이지 및 프로필의 답변자 정보에 노출되는 답변자의 회사, 학교, 자격 등의 정보는 본인이 지식iN 프로필 수정을 통해 직접 입력한 정보입니다.
네이버는 사용자가 등록한 정보 및 게시물을 제공하는 정보매개 서비스 제공자로서 해당 정보의 정확성, 신뢰성 및 최신성에 대해 보증하지 않습니다.
닫기
안녕하세요 저도 부업을 하고있습니다
저는 직장인이구 투잡으로 본업보다 많은 수익을내요
본 알바는 재택알바 1위구요 믿음직승러운 회사이니가 걱정마시구 해보셔도좋을듯합니다
우선 블로그를 보시고 문의를 주시면 빠른 답변해드릴게요^^
네임카드 클릭&&
2011.07.26.
UP
DOWN
댓글
메뉴 더보기
포인트 선물
신고
---
4번째 답변
20개회사 비교대출
지존
본인 입력 포함 정보
상세 안내 툴팁 보기
지식iN 서비스 질문 답변 페이지 및 프로필의 답변자 정보에 노출되는 답변자의 회사, 학교, 자격 등의 정보는 본인이 지식iN 프로필 수정을 통해 직접",... 아는분이라서 신경쓴건 아니고 모든분에게 그렇게 열심히 해주신다고 합니다..처음에 부업을 시작할때는 크게 바란건 아니지만 지금은 놀랍고 신기할정도로 대단하다는 생각을 많이 했어요 남들이 정말 많이 안하는 부업이구요 성공...,기타,etc,kin,https://kin.naver.com/qna/detail.naver?d1id=4&dirId=40611&docId=134274281&qb=67aA7JeFIOyEseqztQ==&enc=utf8,
kin_035,인터넷으로 하는 부업 뭐 좋은 거 없을까요??,"4번째 답변
탈퇴한 사용자 답변
안녕하세요^^ 저는 현재 인터몰을 하고 있는 딜러입니다
인터몰을 한번 해보세요. 저도 월급만으로는 먹고 살기가 힘든지라
재택부업을 이리저리 알아 보다가 시작한 사업입니다. 처음에는 경험도 없고 해서 많이 망설였는데
현재는 매주 돈이 들어와서 어느정도 여유가 생겼습니다.
다른 재택부업은 꾸준히 추천인을 모집해야만 돈을 주는지라 굉장히 부담이 많이 있었는데
인터몰은 투자와 추천인 두가지 방식이 모두 가능해서 부담이 덜 하더군요.
추천인 3명만 모집하면 매주 월요일마다 공유수당이 나옵니다. 더이상 추천이나 홍보를 안해도 나오기
때문에 따른 부업이랑은 차이가 크고 본업을 하면서도 용돈벌이가 가능하다는 것이 장점입니다.
또 투자를 하게 되면 더 높은 직급이 되어 매주 받는 공유수당금이 더 많아지게 된답니다^^
자세한 사항을 알고 싶으시면 제 네임카드 주소를 참고하셔요^^ 상담 주시면 성심껏 안내해 드릴께요^^
2010.10.15.
UP
DOWN
댓글
메뉴 더보기
포인트 선물
신고
---
5번째 답변
탈퇴한 사용자 답변
안녕하세요^^
저는 4살아들 키우면서 집에서 인터넷으로
부업하는 현우맘 이라고 합니다.
저도 남편 혼자 벌어서는 매달 적자 가계부라서
아이키우면서 집에서 할수 있는 일이 없을까
찾다가 인터넷부업이란게 있다는걸 알게되서
하게 되었답니다^^
일단 하루종일 할 수 없는 우리같은 주부들이
하기에 딱 좋았구요!
또 일도 어렵지 않고, 컴퓨터를 아주 잘 다루지 못해도
할수있는 쉬운 일이라서..
지금 두달 지나 세달 되어 가고 있는데
꾸준히 열심히 하고 있답니다.
처음에는 많은 돈을 벌진 못했지만,
지금은 열심히 꾸준히 2달동안 홍보한 결과
좋은 실적도 올리고 있답니다^^
일은 인터넷에 회사 홍보를 하는 일이구요^^
자세한 내용은 아래 네임카드 주소로 오셔서 확인해 보세요!!
많이 알아보시고 좋을 일 선택하셨음 좋겠네요!!
2010.10.15.
UP
DOWN
댓글
메뉴 더보기
포인트 선물
신고
---
6번째 답변
rjsr****
초수
본인 입력 포함 정보
상세 안내 툴팁 보기
지식iN 서비스 질문 답변 페이지 및 프로필의 답변자 정보에 노출되는 답변자의 회사, 학교, 자격 등의 정보는 본인이 지식iN 프로필 수정을 통해 직접 입력한 정보입니다.
네이버는 사용자가 등록한 정보 및 게시물을 제공하는 정보매개 서비스 제공자로서 해당 정보의 정확성, 신뢰성 및 최신성에 대해 보증하지 않습니다.
닫기
참....저랑 비슷한 상황이시군요...  T.T
저도 월급만으로는 생활하기가 좀 힘들더라구요..이래 저래 벌린일도 있고..
애까지 키우려니 돈들어갈곳은 많은데 수입은 그에 미치지 못했쬬..
그래서 저는 안해본일 없는것 같네요..공장일에..주말에 운전직..야간에 우유배달까지 했으니
암튼 조금이라도 더 벌어야 했기에..물불 안가리고 뛰어들었죠..
근데 본업이 있다보니 따로 시간을 투자하며 다른 일을 하려니 다른건 몰라도 체력이 너무 달리더군요.
그렇다고 수입이 대단한것도 아니고...그래서 다 때려치우고 그래도 뭘 할까 찾아보다가..
인터넷 재택알바를 알게되어서 지금 이렇게 하고있네요..첨에는 다 거짓말 같고해서 색안경을 끼고 보기를
3주....여기 저기 알아보며 의혹은 하나 둘씩 풀려가고 결론은 해도 되겠다 였어요..ㅋ
지금은 시작한지 두달정도 되었는데요..첫달에는 40만원정도 벌었구요...두번째달에는 70만원정도 벌었어요.. 뭐...아직 그리 많은 수익은 아닐지 몰라도 직장생활하면서 짬짬이 시간날때마다 일한거 생각하면 꽤 괜찮은 수익이라고 생각해요^^  이 일을 하다보니 이제는 저만의 방법이나 노하우도 생기는것 같으니 앞으로는 더 많은 수익낼거라고 생각해요..ㅋ
이 일의 주된 업무는 인터넷을 이용해서 회사를 홍보하는거에요...홍보를 통해 회원을 유치하게되면
그에따른 수당이 발생하죠..수당이 발생하는 조건은 유치된 회원이 휴대폰 개통을 하게 되어있는데요
회사는 skt,kt,lgt등 통신사들과 업무 제휴가 되어있어서 새로운 회원이 개통하며 통신사에서 주는 인센티브를 회사측과 딜러가 나누는 방식인거죠..
자세한 내용은 아래 네임카드에 제 블로그 놀러오시면 처음 접하시는 분들이 궁금해 하시는 것들을 여러가지 주제로 포스팅 해놨으니 구경하시면 도움이 되실꺼에요...
저도 머니 땜에 고민 많이 하면서 이 일을 하게되었지만 지금은 참 잘 했다는 생각이 드네요..
님도 좋은 선택하시고 무슨 선택을 하시든 돈 마니 버세요..^^
2010.10.15.
출처
by 노아
UP
DOWN
댓글
메뉴 더보기
포인트 선물
신고
---
7번째 답변
hub0****
시민
본인 입력 포함 정보
상세 안내 툴팁 보기
지식iN 서비스 질문 답변 페이지 및 프로필의 답변자 정보에 노출되는 답변자의 회사, 학교, 자격 등의 정보는 본인이 지식iN 프로필 수정을 통해 직접 입력한 정보입니다.
네이버는 사용자가 등록한 정보 및 게시물을 제공하는 정보매개 서비스 제공자로서 해당 정보의 정확성, 신뢰성 및 최신성에 대해 보증하지 않습니다.
닫기
안녕하세요 딜러 으니파더입니다.
님도 참 힘들게 사시나 보네요. 저도 직장생활을 했었는데요 6년간을 직장생활을 하다보니
힘들어서 막상 때려 치우려고 하니 그동안 내가 쌓아 놓은게 너무 아깝구요, 다른 곳에가서
또 이만큼을 이루려면 그만큼의 시간이 소요될걸 생각하니 겁이 나더라구요.
지금은 어깨가 아파서 쉬고 있는데요 막상 아무일도 안하고 있으려니 좀도 쑤시고 살만 ㄴㅏ와서
뭔가를 찾다보니 퍼스트드림이란곳을 찾게 되었네요
지금은 일한지 약 2주되었는데요 아직 실적이 없지만 제가 워낙 컴맹이다 보니 홍보지원팀에
아것저것 물어보며 한두달은 홍보방법만 배우고 열심히 홍보한ㄷㅏ면 더 나은 실적과 결과가
나오리라고 생각합니다. 님도 한번 도전해 보세요 한번 해볼만하답니다.
어렵게 생각지마시구요 여기저기 알아보시구 본인에게 정말 많은 것을 알려주고 실적이 쌓일수
있게 도와주는 딜러 만나세요 혹시 궁금한것이 있다면 연락주세요 부담갖지 마시구요
날씨가 추워졌는데 감기조심하시구요 건강하세요
2010.10.15.
UP
DOWN
댓글
메뉴 더보기
포인트 선물
신고
---
8번째 답변
탈",... 돈은 흥행되기전에 시작했던 초기사업자들이 버는 것이랍니다. 잘준비되어있는 사업 위클로버와 함께 재택부업 성공 신화를 써보자구요! 밑에 네임카드 블로그 오시면 자세하게 보실수 있어요~,블로그,content-sns,kin,https://kin.naver.com/qna/detail.naver?d1id=4&dirId=40611&docId=118530611&qb=67aA7JeFIOyEseqztQ==&enc=utf8,
kin_036,부업 고등학생이 할만한거,"2번째 답변
집에서 4억연봉 희야
초인
#13년경력최고수익마케터 #온라인광고마케팅 #온라인광고컨설팅
아르바이트 5위, 구인구직사이트 4위, 직업, 취업 23위 분야에서 활동
본인 입력 포함 정보
상세 안내 툴팁 보기
지식iN 서비스 질문 답변 페이지 및 프로필의 답변자 정보에 노출되는 답변자의 회사, 학교, 자격 등의 정보는 본인이 지식iN 프로필 수정을 통해 직접 입력한 정보입니다.
네이버는 사용자가 등록한 정보 및 게시물을 제공하는 정보매개 서비스 제공자로서 해당 정보의 정확성, 신뢰성 및 최신성에 대해 보증하지 않습니다.
닫기
19세 생일 지나야 하세요
​
미성년은 부모님 동의가 있어야 하구요
​
타자 치고 하시면 충분히 배우고 할수 있고
​
매달 정해진 의무적인 할당량이 있거나
​
누가 일하라 말라 강요나 간섭도 없고
​
본인이 하고 싶은 곳에서
​
하고 싶은 일 하고 싶은 만큼
​
자유롭게 해주고 한만큼 수당을 받는 일이기에
​
투잡이나 부업으로 많이 하시구요.
​
일 배우고 수익금 직접 받아보면
​
확신도 생기고 전망도 좋아서
​
본업으로도 많이 하세요.
​
회사는 광고 / 홍보 대행 업체인데요
​
다양한 30여가지 광고 /홍보를 배워서 해주고
​
한만큼 수당 받는거에요
​
덧글 작성만 해도 수당
​
제휴업체 사이트 클릭만 해도 수당
​
드림오토 켜 놓기만 해도 자동으로 돌아가서 월 3만원
​
광고업체 전화 상담만 받아주어도 2천원-7천원
​
광고업체 포스팅 작성시 글마다 2천원-5천원
​
CPA광고수익- 광고업체 배너 코드 생성 받아서
​
다양한 공간에 홍보 해서 상담이나 가입등 이루어지면 해당 수당
​
광고/홍보 원하는 광고주 모집 수당
​
홍보사원 모집 수당
​
쇼핑몰 운영 및 홍보 판매 수익
​
이 처럼 쉬운 수익일부터 고수익 일까지
​
다양한 30여가지 수익원이 잇구요
​
이 모든 일 다 할수 있고 하고 싶은 일 해주고
​
한만큼 수당 받는거에요.
​
정회원이 되면 홈피에 일하는 방법과 설명 자료등이 갖추어져 있고
​
이해하기 쉽도록 동영상 설명도 있구요
​
홍보지원팀에 문의도움 청하시면
​
원격으로도 도움드리고
​
블로그/온라인 명함 제작도 해드리구요
​
저 통해 가입하신 분들 제가 도움드리면서 보면
​
다들 이런 홍보일이나 블로그 해본적 없는
​
평범한 20-60대 분들이 시작해서
​
보통 1주일에서 1개월이면 다 배우고 하시고
​
저 처럼 고수익 되신 분들도 계시구
​
보통 월 100-900 벌어 가세요
​
이 처럼 초보라도 또 지금 시작해도
​
본인 여건과 상황에 맞는
​
효과적인 방법을 잘 배워서 하시면
​
얼마든지 좋은 수익 올리실수 있어요~
​
​
​
2019.10.04.
채택
질문자가 채택한 답변입니다.
UP
DOWN
댓글
메뉴 더보기
포인트 선물
신고
---
1번째 답변
비공개 답변
바람신
글쌔요... 부업이라.
컴퓨터로 하는 광고 관련 글옮기기정도?
2019.10.04.
UP
DOWN
댓글
메뉴 더보기
신고
---
3번째 답변
집에서 일하는 다온
은하신
사람과 그룹, 아르바이트 47위, 네이버 블로그 54위 분야에서 활동
본인 입력 포함 정보
상세 안내 툴팁 보기
지식iN 서비스 질문 답변 페이지 및 프로필의 답변자 정보에 노출되는 답변자의 회사, 학교, 자격 등의 정보는 본인이 지식iN 프로필 수정을 통해 직접 입력한 정보입니다.
네이버는 사용자가 등록한 정보 및 게시물을 제공하는 정보매개 서비스 제공자로서 해당 정보의 정확성, 신뢰성 및 최신성에 대해 보증하지 않습니다.
닫기
안녕하세요 :)
​
미성년자분은 부모님 동의가 있어야 가능해요~
​
19세 생일 지나면
부업/알바 등 자유롭게 하실 수 있구요
​
캐시적립같은거 알아봐보세요~
다음 팁도 있구요
​
퀴즈프로 참여해서 상품, 상금등도 받을수있더라구요!
​
즐주말 보내세요 :)
2019.10.04.
UP
DOWN
댓글
메뉴 더보기
포인트 선물
신고
---
4번째 답변
성공멘토 랑이
초수
본인 입력 포함 정보
상세 안내 툴팁 보기
지식iN 서비스 질문 답변 페이지 및 프로필의 답변자 정보에 노출되는 답변자의 회사, 학교, 자격 등의 정보는 본인이 지식iN 프로필 수정을 통해 직접 입력한 정보입니다.
네이버는 사용자가 등록한 정보 및 게시물을 제공하는 정보매개 서비스 제공자로서 해당 정보의 정확성, 신뢰성 및 최신성에 대해 보증하지 않습니다.
닫기
미성년자는 부모님 동의가 있어야 가능해요~
가능하시다면 한번 읽어보세요^^
수익을 벌어갈 수 있는지, 없는지는
본인 노력이 가장 크답니다.
아마 이 글을 읽고 계시다면
부업이 뭘까? 한번 관심있어 읽어보시는거라 생각해요.
직장이든 뭐든, 명예, 욕망, 성공하고자 하는 이유는 뭘까요?
10에 9는 현재의 환경을 바꿔보고 싶고,
돈 걱정 없이 살아보고 싶은 마음 아닐까요?
​
결론은 돈!
세상에 공짜는 없어요. 부업도 마찬가지
성공하고자한다면 그 의지와 배움, 노력이 필요해요.
그걸 이끌어주는게 멘토의 역활이고
학생? 주부? 어른? 제한없이 누구나 시작할 수 있는게
부업의 장점이죠.
부업으로 돈 버는건 운이다?
꾸준한 노력이 결실을 맺는다면
누구나 고수익자가 될 수 있어요.
도움을 드리는건 멘토의 일이죠.
많은분들께서 정말로
본업만큼 벌어갈 수 있는지 물어봐요.
사실이고, 충분히 벌어가실 수 있답니다.
글감수익부터 고수익(모집수익)까지!
원하시는 방향부터 교육진행!
배우시고자하는 의지만 가져오세요~
나머지는 랑이가 알아서 해드릴게요^^
손소통? 말뿐인 교육? 노노!
​
1:1밀착 원격교육!
컴맹도 쉽게 이해!
많은분들께서 처음부터 안될거라 생각해요.
부업, 헬로우드림은 도전해볼만한 가치가 충분합니다.
대한민국 최고의 광고대행사 업계 1위 !
재택알바, 부업, 투잡 업계 1위!
초보자도 단기간에 일을 배워서
수익 낼 수 있을만큼 쉬운 시스템!
컴맹도 일할 수 있는 손쉬운 재택부업!
30여가지가 넘는 수익활동 가능❗
문의사항은 프로필내 오픈챗으로 문의주세요~
​
2019.10.04.
UP
DOWN
댓글
메뉴 더보기
포인트 선물
신고
---
5번째 답변
탈퇴한 사용자 답변
19세 미만이면 불가해요ㅜㅜ
가능한 방법이 하나 있는데
보호자 동의서를 받","... 부업도 마찬가지 성공하고자한다면 그 의지와 배움, 노력이 필요해요. 그걸 이끌어주는게 멘토의 역활이고 학생? 주부? 어른? 제한없이 누구나 시작할 수 있는게 부업의 장점이죠. 부업으로 돈 버는건 운이다? 꾸준한 노력이 결실을...",기타,etc,kin,https://kin.naver.com/qna/detail.naver?d1id=8&dirId=8010502&docId=337258634&qb=67aA7JeFIOyEseqztQ==&enc=utf8,
kin_037,부업을 해볼려고하는데 19살(만18세,"1번째 답변
초코 카톡 ghks0614
영웅
본인 입력 포함 정보
상세 안내 툴팁 보기
지식iN 서비스 질문 답변 페이지 및 프로필의 답변자 정보에 노출되는 답변자의 회사, 학교, 자격 등의 정보는 본인이 지식iN 프로필 수정을 통해 직접 입력한 정보입니다.
네이버는 사용자가 등록한 정보 및 게시물을 제공하는 정보매개 서비스 제공자로서 해당 정보의 정확성, 신뢰성 및 최신성에 대해 보증하지 않습니다.
닫기
제가 아무 것도 모르고
초보로 시작해서 잘 알거든요..
법인 회사라 사기칠 위험이 없구요
이 부업을 고민고민 끝에
찾아보고 이 곳 저 곳 알아보면서
정말 많이 읽어봤었거든요
그래서 바로 제가 일 하게 된 곳
마이셀즈라는 곳이에요!
제가 머문 자리가 고민 끝에
결정한 곳이에요
초보분들 마음 누구보다 잘 아는 초코 입니다..
많은 시련을 겪어봐서 잘 알 수 있고 그 만큼
뭐가 위험하고 잘 알아야 하는지도 알고 있어요
초보자라서 못한다 라는 말은
제가 직접 해봤기 때문에 아닌 거
증명 시켜드릴 수 있습니다
대부분 많은 분들 걱정이
초기비용인데
초기비용은 걱정하실 필요가 없어요
초반에 자료 제공해주고
세팅 해드리는거에요
수익을 버실 수 있게
세팅 해드리는거라서
걱정 하실 필요 없어요!
저도 걱정많았었는데
초기비용 든 만큼 들어오니까
기쁘더라구요ㅠ
잘 고민해보시고 결정되셨을 때
연락 주세요 확실하게 알려드리겠습니다!
함께 윈윈하면서 성공해봐요!
​
2019.11.13.
UP
DOWN
댓글
메뉴 더보기
포인트 선물
신고
---
3번째 답변
집에서 4억연봉 희야
초인
#13년경력최고수익마케터 #온라인광고마케팅 #온라인광고컨설팅
아르바이트 5위, 구인구직사이트 4위, 직업, 취업 23위 분야에서 활동
본인 입력 포함 정보
상세 안내 툴팁 보기
지식iN 서비스 질문 답변 페이지 및 프로필의 답변자 정보에 노출되는 답변자의 회사, 학교, 자격 등의 정보는 본인이 지식iN 프로필 수정을 통해 직접 입력한 정보입니다.
네이버는 사용자가 등록한 정보 및 게시물을 제공하는 정보매개 서비스 제공자로서 해당 정보의 정확성, 신뢰성 및 최신성에 대해 보증하지 않습니다.
닫기
19세 생일 지나면 가능 하세요..
​
만 18세면 가능 한거구요.
​
최고수익자인 저도
​
시작할때 회사 이미 6년된 회사 였고
​
기존 일하는 고수익 자 및 일하는 분들 많았고
​
이런 홍보일이나 블로그 해본적 없이
​
시작해서
​
첫달에 634만
​
두번째달 1230만 전체 1위
​
그 이후 월 천만-4364만
​
벌써 10년째 일하고 있는데요.
​
이 처러 이 일은 다단계 수익이 아니기에
​
최고수익자인 저도 일안하면 수익이 없고
​
초보라도 지금 시작해도
​
효과적인 방법을 잘 배워서 하시면
​
얼마든지 좋은 수익 올리실수 있구요.
​
특별한 경력이나 자격이 있어야 하는거 아니구
​
타자 치고 하시면 충분히 배우고 할수 있어요.
​
회사는 광고 /홍보 대행 업체인데요
​
다양한 30여가지 광고/홍보를 배워서 해주고
​
한만큼 수당을 받는데요.
​
덧글 작성만 해도 수당
​
제휴업체 사이트 클릭만 해도 수당
​
드림오토 켜 놓기만 해도 자동으로 돌아가서 월 3만원
​
광고업체 전화 상담만 받아주어도 2-7천원
​
광고업체 포스팅 작성시 글마다 2-5천원
​
CPA광고수익- 광고업체 배너 코드 생성 받아서
​
다양한 공간에 홍보 해서
​
상담이나 가입등 이루어지면 해당 수당
​
광고/홍보 원하는 광고주 모집 수당
​
홍보사원 모집 수당
​
쇼핑몰 운영 및 홍보 판매 수익
​
이 처럼 쉬운 수익일부터 고수익 일까지
​
다양한 30여가지 수익원이 있고
​
모든 일 다 할수 있고
​
하고 싶은 일 해주고 한만큼 수당 받는거구요.
​
정회원이 되면
​
홈피에 일하는 방법과 설명 자료등이 갖추어져 있고
​
이해하기 쉽도록 동영상 설명도 있구요
​
홍보지원팀에 문의도움 청하시면
​
원격으로도 도움드리고
​
블로그/온라인 명함 제작도 해드리구요
​
저 통해 가입하신 분들 도움드리면서 보면
​
다들 이런 홍보일이나 블로그 해본적 없는
​
평범한 20-60대 분들이 시작해서
​
보통 1주일에서 1개월이면 다 배우고 하시고
​
저 처럼 고수익 되신 분들도 계시고
​
보통 월 백만단위 벌어 가세요.
​
이 처럼 초보라도 또 지금 시작해도
​
본인 여건과 상황에 맞는
​
효과적인 방법을 잘 배워서 하시면
​
얼마든지 좋은 수익 올리실수 있어요~
​
​
#헬로우드림희야
새 창
2019.11.13.
UP
DOWN
댓글
메뉴 더보기
포인트 선물
신고
---
4번째 답변
윤소아
영웅
네이버 쇼핑, 스마트스토어 분야에서 활동
본인 입력 포함 정보
상세 안내 툴팁 보기
지식iN 서비스 질문 답변 페이지 및 프로필의 답변자 정보에 노출되는 답변자의 회사, 학교, 자격 등의 정보는 본인이 지식iN 프로필 수정을 통해 직접 입력한 정보입니다.
네이버는 사용자가 등록한 정보 및 게시물을 제공하는 정보매개 서비스 제공자로서 해당 정보의 정확성, 신뢰성 및 최신성에 대해 보증하지 않습니다.
닫기
어느부업이나 초기비용은 있어요. 장단점도 다 존재하고요.
돈벌수 있어요. 본인이 어느정도 하냐에 따라 금액을 달라지죠~~
초기비용 비싼것도 있고 싼것도 있어요.
부업마다 하는방법등이 다르니 잘 알아보시고 선택하세요.
네임카드클릭수 블로그 보시고 궁금하신부분 톡 주세요^^
무쪼록 잘 알아보시고 잘 맞는 부업찾으셔셔 돈 많이 보세요^^
​
2019.11.13.
UP
DOWN
댓글
메뉴 더보기
포인트 선물
신고
---
5번째 답변
탈퇴한 사용자 답변
잘~알아보고 하셔야 할것 같아요
​
이렇게 문의 하시면 많이들 올려 주는데
​
맞는것도 사기성으로 올린것도 많아요
​
꿀같은 말 이미지에 믿지 마시고
​
수익에 나와있는 부분만 보시고 하시면 절대 안됩니다
​
정말 배우면서 할수 있는지 컴맹도 할수 있는지 사기성이 있는지
​
없는지 회사는 튼튼 한지 돈이 들어가고 시간은 자유로 하는거지만 시간을 투자 하는거라
​
신중히 선택을 하셔야 할것 같아요
​
저 또한 사기성 많은 멘토라는 분들께 사기를 당한 경험자로 말씀드리네요
​
지금은 수익도 내고 있고 어린 아이도 키우면서 자유롭게 일합","... 부업도 마찬가지 성공하고자한다면 그 의지와 배움, 노력이 필요해요. 그걸 이끌어주는게 멘토의 역활이고 학생? 주부? 어른? 제한없이 누구나 시작할 수 있는게 부업의 장점이죠. 부업으로 돈 버는건 운이다? 꾸준한 노력이 결실을...",기타,etc,kin,https://kin.naver.com/qna/detail.naver?d1id=4&dirId=40611&docId=340315784&qb=67aA7JeFIOyEseqztQ==&enc=utf8,
kin_039,와동 손부업 할만한데 어디없나요?,"2번째 답변
비공개 답변
고수
안녕하세요^^
재택부업은 초보자들도 쉽게 따라하기 쉬워요.
저도 지식이라는건하나도 모르고 시작했습니다.
노력한만큼 수익을 얻으시는거구요.
소통도 하고 배우고 같이 하는거예요 걱정없이 하는거니깐
배우려는 의지와 꾸준히 하실 열정만있으시면됩니다,
걱정하지않으셔도 됩니다.
자세한내용은 연락주세요.
​
2019.10.04.
UP
DOWN
댓글
메뉴 더보기
신고
---
3번째 답변
성공멘토 랑이
초수
본인 입력 포함 정보
상세 안내 툴팁 보기
지식iN 서비스 질문 답변 페이지 및 프로필의 답변자 정보에 노출되는 답변자의 회사, 학교, 자격 등의 정보는 본인이 지식iN 프로필 수정을 통해 직접 입력한 정보입니다.
네이버는 사용자가 등록한 정보 및 게시물을 제공하는 정보매개 서비스 제공자로서 해당 정보의 정확성, 신뢰성 및 최신성에 대해 보증하지 않습니다.
닫기
재택알바, 재택부업쪽 알아보시는 건 어떠세요~?
컴맹, 초보도 어렵지않고 쉽게 하실 수 있다는게 장점이에요~
수익을 벌어갈 수 있는지, 없는지는
본인 노력이 가장 크답니다.
아마 이 글을 읽고 계시다면
부업이 뭘까? 한번 관심있어 읽어보시는거라 생각해요.
직장이든 뭐든, 명예, 욕망, 성공하고자 하는 이유는 뭘까요?
10에 9는 현재의 환경을 바꿔보고 싶고,
돈 걱정 없이 살아보고 싶은 마음 아닐까요?
​
결론은 돈!
세상에 공짜는 없어요. 부업도 마찬가지
성공하고자한다면 그 의지와 배움, 노력이 필요해요.
그걸 이끌어주는게 멘토의 역활이고
학생? 주부? 어른? 제한없이 누구나 시작할 수 있는게
부업의 장점이죠.
부업으로 돈 버는건 운이다?
꾸준한 노력이 결실을 맺는다면
누구나 고수익자가 될 수 있어요.
도움을 드리는건 멘토의 일이죠.
많은분들께서 정말로
본업만큼 벌어갈 수 있는지 물어봐요.
사실이고, 충분히 벌어가실 수 있답니다.
글감수익부터 고수익(모집수익)까지!
원하시는 방향부터 교육진행!
배우시고자하는 의지만 가져오세요~
나머지는 랑이가 알아서 해드릴게요^^
손소통? 말뿐인 교육? 노노!
​
1:1밀착 원격교육!
컴맹도 쉽게 이해!
많은분들께서 처음부터 안될거라 생각해요.
부업, 헬로우드림은 도전해볼만한 가치가 충분합니다.
대한민국 최고의 광고대행사 업계 1위 !
재택알바, 부업, 투잡 업계 1위!
초보자도 단기간에 일을 배워서
수익 낼 수 있을만큼 쉬운 시스템!
컴맹도 일할 수 있는 손쉬운 재택부업!
30여가지가 넘는 수익활동 가능❗
문의사항은 프로필내 오픈챗으로 문의주세요~
​
2019.10.04.
UP
DOWN
댓글
메뉴 더보기
포인트 선물
신고
---
4번째 답변
탈퇴한 사용자 답변
안
녕하세요..
""인터넷알바 관심있으시군요!""
컴퓨터로 일한다고해서 초보라고
걱정 안하셔도 되세요^^
​
컴맹이시더라도 제가 원격해드리니
​
어렵지 않게 하실 수 있습니다.
​
​
안전성
있는 회사에서 시작하셔야
​
후회 없으십니다.
​
저역시 안전한 회사에서 9년 프리랜선로
​
일하고 있는 주부
선우맘
입니다.
​
​
​
인터넷알바,부업 회사라도 여러회사중
​
차이점 궁금해 하실텐데 온라인은 큰
​
차이점은 없어요.. 다 비슷하다고 보면되세요.
​
​
​
타부업 초기비용은 2OO에서 ​
교육비가 적지 않은 3OO정도가 들어가고 ​
​
제
가 일하고 있는 곳은 멘토가
​
일을 길잡이 해주고
교육비는 O원.
​
대신
솔루션비용이라는 세팅비가 본사에
​
1번 99만.원.이 들어가는 것이구요.​
​
​
​
멘
토정하실땐..
​
멘토될 블로그에서 가입신청이
​
되셔야 그 분이 본인의 멘토가되니
​
네임카드 접속후 블로그 읽어보신후
​
선우맘 블로그에서 가입신청
하시면 됩니다.
​
멘토와 상담은 꼭 하시는걸 권유해드려요.
​
​
인
터넷부업,인터넷알바 자체가
집에서 노트북이나 컴만 있음 가능하기에
직장인 퇴근후도 가능하고,
저처럼 주부님들이나 대학생 알바,
또는 중년의 나이로도 하실수있고,
어르신들 60대 이상도 하신답니다.
​
​
제
기준으로는 월7OO~1OOO벌어요.
​
시간은 본인 시간 할애해서 하기에 딱히
​
정해지지 않으니 2시간이든,3시간이든,
​
또는 직장인 만큼 투자하셔도 되시고,
​
시간 자유 라는게 재택일의 특징입니다.
​
​
​
투잡
으로 충분히 가능하시고,
​
만약 본업처럼 하신다면
​
투잡하시는분보다 좀 더  벌겠구요..
​
집에서 일하는 인터넷부업알바라도
​
업무익히고 나면 직장인월급도
​
충분히 가능 하답니다.
​
​
초기비용은 없는곳 거의 없구요!
​
믿을 수 있는 회사에서 하셔야해요.
​
초기비용은 일만 하시면 환급되시고
​
회사규정에 맞게 일했을시 100퍼 받습니다.
​
​
​
저도 벌써 올해 9년차 일해요.
물가는 오르고 남편 혼자 벌어서는
정말 답 안나오고 ㅠㅠ
아이에게 해줘야 할것은  많고 적금하나
넣기 빡빡해서 시작하게 됐어요.
처음 첫달 급여는 일을 익히면서
7O만원정도
받았고
이후 차츰 늘면서 2백,3백,5백..천..
이렇게 올라갔는데 노력의 결과이겠죠~
​
​
집에서 인터넷만으로 할 수
있는 일이라서 본인시간때에
해주시면 되기에 시간자유와
업무량이 정해져 있는 것이 아니라
본인이 일하고 싶은 만큼만 하실
수도 있어요.
저는 남편 출근과 아이 등교시킨후
집안일좀 해놓고 이렇게 앉아서
평균 3시간
일을 하고 있습니다.
​
​
주부님들 뿐 아니라
직장인,자영업사장님,
​
워킹맘,대학생,휴학생..
미성년자만 안되세요!
​
20대~60대 까지 누구나
가능한 일이구요.
​
컴활용으로 하는것이라
자격증 같은것이 있어야 하는
두려움 같은건 없으셔도 되세요.
​
더
궁금하신것은
네임카드 클릭후
​
블로그 접속하시면 업무설명과
부업후기 상세히 모두 확인가능하며
꼼꼼히 둘러봐 주시길 바래요~!
읽어보신후
일하실 의향이 있으신 분은
언제라도 편하게
문의
주세요^^
​
​
​
2019.10.04.
UP
DOWN
댓글
메뉴 더보기
신고
---
5번째 답변
집에서 4억연봉 희야
초인
#13년경력최고수익마케터 #온라인광고마케팅 #온라인광고컨설팅
아르바이트 5위, 구인구직사이트 4위, 직업, 취업 23위 분야에서 활동
본인 입력 포함 정보
상세 안내 툴팁 보기
지식iN 서비스 질문 답변 페이지","... 부업도 마찬가지 성공하고자한다면 그 의지와 배움, 노력이 필요해요. 그걸 이끌어주는게 멘토의 역활이고 학생? 주부? 어른? 제한없이 누구나 시작할 수 있는게 부업의 장점이죠. 부업으로 돈 버는건 운이다? 꾸준한 노력이 결실을...",기타,etc,kin,https://kin.naver.com/qna/detail.naver?d1id=8&dirId=8080101&docId=337251504&qb=67aA7JeFIOyEseqztQ==&enc=utf8,
kin_040,부업구해요,"4번째 답변
집에서억대수익ㅣ클릭
초인
#집에서억대수익달성 #초보전문멘토 #16년차디지털노마드
아르바이트 58위, 구인구직사이트 74위, 네이버 블로그 분야에서 활동
본인 입력 포함 정보
상세 안내 툴팁 보기
지식iN 서비스 질문 답변 페이지 및 프로필의 답변자 정보에 노출되는 답변자의 회사, 학교, 자격 등의 정보는 본인이 지식iN 프로필 수정을 통해 직접 입력한 정보입니다.
네이버는 사용자가 등록한 정보 및 게시물을 제공하는 정보매개 서비스 제공자로서 해당 정보의 정확성, 신뢰성 및 최신성에 대해 보증하지 않습니다.
닫기
안녕하세요^_^
부업경력8년! 오랫동안 꾸준히 일해온만큼 경험토대로
궁금하신점 속시원히 풀릴수있게끔 진솔한 답변드려요♩
답변 대부분 인.터.넷 알.바.부.업 관련인지라
손.부.업은 직접 검색으로 찾아보셔야해요^^;
부.업 관련 검색으로 사.이.트 영역 보시거나
카.페 검색으로 지역/부.업 참고하시길 바라구요!
구청&시청 게시판에도 부.업.정.보 있어요 :)
그 외에 집근처 또는 지.하.철역 부근에
가판대 교차로/지역신문에도 부.업.정.보 있구요
아무쪼록 좋은부업 찾으셔서 생활보탬 되시길 바래요^_^
2017.04.22.
UP
1
DOWN
댓글
메뉴 더보기
신고
---
1번째 답변
우아한 엄마
초인
연애, 결혼, 사람과 그룹, 심리학 분야에서 활동
본인 입력 포함 정보
상세 안내 툴팁 보기
지식iN 서비스 질문 답변 페이지 및 프로필의 답변자 정보에 노출되는 답변자의 회사, 학교, 자격 등의 정보는 본인이 지식iN 프로필 수정을 통해 직접 입력한 정보입니다.
네이버는 사용자가 등록한 정보 및 게시물을 제공하는 정보매개 서비스 제공자로서 해당 정보의 정확성, 신뢰성 및 최신성에 대해 보증하지 않습니다.
닫기
진실과 소통을 제일 중요시하는 쌤바다댁입니다^^
솔.직.한 답변만 드리겠습니다
제가 하는 재.택.부.업 추천드려요!
저도 취.직.하다가 잘안되어서 재.택.알.바를 알게 되었어요^^
처음에 초.기.비.용.이 있어서 부담스러웠어요
하지만 그만큼 메리트가 컸어요
실.적이 나면 수.익이 컸고 회사가 제일 안전하고 자유롭게 할수있다는점이예요
그래서 진짜 도움 제대로 받을수있는 멘.토를 찾아나섰어요
결국은 실.패했지만요....
그래서 제가 맘고생했기에 진실멘.토라는 닉.네.임까지 만들었고,
진짜 나는 진실한멘토되자 결심한사람이예요^^
그래서 그 결심대로 항상 진실한자세로 일하고있어요
노.하.우 투명하게 모두 오픈!
편하고 빠른소통도 필수!
처음엔 모든게 어려울거예요
힘들구요...
그래서 곁에서 다정하게 초급부터 탄탄하게 가르쳐드린답니다^^
항상 바로바로 물어볼수 있는 편안한 소통하고 있어요
꼭 상담받아보시고 신중한결정 해주세요^^
2017.04.22.
UP
DOWN
댓글
메뉴 더보기
포인트 선물
신고
---
2번째 답변
돈버는금둥이
중수
본인 입력 포함 정보
상세 안내 툴팁 보기
지식iN 서비스 질문 답변 페이지 및 프로필의 답변자 정보에 노출되는 답변자의 회사, 학교, 자격 등의 정보는 본인이 지식iN 프로필 수정을 통해 직접 입력한 정보입니다.
네이버는 사용자가 등록한 정보 및 게시물을 제공하는 정보매개 서비스 제공자로서 해당 정보의 정확성, 신뢰성 및 최신성에 대해 보증하지 않습니다.
닫기
안녕하세요 ^^
저도 본업이 빠듯해서 생활에 보탬이 될려고 시작한건데
너무 만족하면서 하고 있어요 ^^
네임카드속 블로그로 오셔서 구경해보시고 가세요 ^^
2017.04.22.
UP
DOWN
댓글
메뉴 더보기
포인트 선물
신고
---
3번째 답변
집에서일하는 다온
초인
사람과 그룹, 연애, 결혼, 아르바이트 분야에서 활동
본인 입력 포함 정보
상세 안내 툴팁 보기
지식iN 서비스 질문 답변 페이지 및 프로필의 답변자 정보에 노출되는 답변자의 회사, 학교, 자격 등의 정보는 본인이 지식iN 프로필 수정을 통해 직접 입력한 정보입니다.
네이버는 사용자가 등록한 정보 및 게시물을 제공하는 정보매개 서비스 제공자로서 해당 정보의 정확성, 신뢰성 및 최신성에 대해 보증하지 않습니다.
닫기
안녕하세요^^
요즘따라 투.잡이다 부.업이다 본업외에 또다른 일거리를
찾으시는분들이 많으시더라구요
저또한 다른 부.업을 찾다가 시작하게 되었는데요
뭐든 처음시작하기가 어렵듯이 몇십번을 생각하고
갈등하다가 몇달의 시간을 허비했었네요
​
나름 여기저기 검색도해보고 전화상담도 받아보고 했었는데요
﻿         14년이라는 시간과 여러수상경력에 티비출연까지
했었던곳이라 믿음이 갔었구요!
그래서 지금은 누구의 눈치도 안보고 제방에서
편하게 일하고 있답니다
컴퓨터를 잘못하셔도 걱정안하셔도 되세요
저도 인.터.넷 쇼핑 정도만 할줄 아는정도였으니깐요
블/로/그 신경 안쓰고 일해요
궁금하신점 모두 솔직하게 알려드릴게요~
무.료.회.원 으로도 수.익 가능한 활동들이있으니
차근차근 둘러보세요~
업.무 관련해서 궁금하신점은
네.임.카.드 안에서 문.의.주.세.요
2017.04.22.
UP
DOWN
댓글
메뉴 더보기
포인트 선물
신고
---
5번째 답변
love****
중수
본인 입력 포함 정보
상세 안내 툴팁 보기
지식iN 서비스 질문 답변 페이지 및 프로필의 답변자 정보에 노출되는 답변자의 회사, 학교, 자격 등의 정보는 본인이 지식iN 프로필 수정을 통해 직접 입력한 정보입니다.
네이버는 사용자가 등록한 정보 및 게시물을 제공하는 정보매개 서비스 제공자로서 해당 정보의 정확성, 신뢰성 및 최신성에 대해 보증하지 않습니다.
닫기
안녕하세요^^* 부업 아이템을 알아보시는군요
요즘은 직장인 투잡이나 전업주부 부업 아이템들이 많이 소개되고 있습니다.
짜투리 시간을 이용해서 가계에 보탬이 되고자 하는 취지라고 볼 수 있죠
하지만, 거의 광고성 자료들이 대부분이다보니 부업 아이템을 쉽게 찾기란
어렵기도 합니다.
요즘은 온라인 쇼핑몰 창업을 재택근무 형식으로 부업 아이템을 활용하는분들도 많으세요
온라인 쇼핑몰 창업 절차
첫째: 유망한 부업 아이템을 선택하는 요령이 있습니다.
반짝 유행으로 끝나거나 계절에 민감한 업종은 피해주시고 1년 365일 꾸준하게 운영할 수
있는 업종 선택이 중요합니다.
둘째: 재고도 필요없고 점포",... 매출증대와 안정된 수익창출을 위한 전략은 마케팅이니까요 일단은 온라인 쇼핑몰 운영을 부업으로 성공하실 수 있는 방법에 대해 간략하게 답변드렸씁니다. 좋은 부업 아이템 선택하셔서 꿈과 희망이 이루어지시길 기원드립니다.,스마트스토어,online-commerce,kin,https://kin.naver.com/qna/detail.naver?d1id=8&dirId=806&docId=275209534&qb=67aA7JeFIOyEseqztQ==&enc=utf8,
kin_041,온라인부업 수익화,"19번째 답변
비공개 답변
지존
최근 많은 분들이 관심 갖고 있는 온라인부업,
저도 처음엔 망설였지만 지금은 정말 만족하면서 꾸준히 이어가고 있는 부업이에요.
​
이 일의 가장 큰 매력은 시간과 장소에 구애받지 않고
언제 어디서든 내가 원하는 시간에 유연하게 일할 수 있다는 점이에요.
노트북이나 스마트폰만 있다면 집, 카페, 심지어 여행지에서도 부담 없이 시작할 수 있어요.
​
수익은 개인이 얼마나 시간을 투자하고 꾸준히 하느냐에 따라 다양해요.
저도 처음에는 하루 몇 천 원 정도로 소소하게 시작했지만,
지금은 월 수십만 원에서 많게는 백만 원 이상까지 벌 수 있게 되었어요.
​
가장 만족스러운 점은, 제가 편한 시간에, 제가 원하는 방식으로 일하면서 경제적인 여유와 함께 뿌듯함도 느낄 수 있다는 것이에요.
반복되는 일상에 새로운 동기부여가 생기고, 스스로에 대한 자신감도 한층 높아졌어요.
​
상담을 통해 온라인부업이 어떤 방식으로 진행되는지,
내 상황에 맞는 방향은 무엇인지 명확하게 알 수 있었고
시작도 훨씬 수월했어요.
​
모집없이 시작하는 재택알바
생각보다 너무 간단하고 어렵지 않았어요!
han.gl
​
2025.07.22.
UP
3
DOWN
댓글
메뉴 더보기
신고
---
15번째 답변
최혜윤
지존
본인 입력 포함 정보
상세 안내 툴팁 보기
지식iN 서비스 질문 답변 페이지 및 프로필의 답변자 정보에 노출되는 답변자의 회사, 학교, 자격 등의 정보는 본인이 지식iN 프로필 수정을 통해 직접 입력한 정보입니다.
네이버는 사용자가 등록한 정보 및 게시물을 제공하는 정보매개 서비스 제공자로서 해당 정보의 정확성, 신뢰성 및 최신성에 대해 보증하지 않습니다.
닫기
좋은 방향으로 딱 잡으셨네요!
설문조사 + 블로그운영 + 프리랜서 작업(번역 등)
→ 이 조합이면 하루 1시간 투자로 ""바로 수익 + 장기 수익"" 둘 다 노릴 수 있어요.
자, 그럼
""구체적으로 어떻게 시작하는지""
""개인적으로 해도 되는 건지""
하나씩 바로 정리해드릴게요.
설문조사 부업 시작 방법
✔️
패널 사이트 가입
: (무료)
오픈서베이, 패널나우, 리서치패널코리아, 엠브레인 등
✔️ 가입 후 매일 설문 링크 체크 → 참여
✔️ 포인트 쌓이면 현금화 (일부는 5천 포인트부터 출금 가능)
블로그 운영 부업 시작 방법
✔️
플랫폼 선택
: (티스토리/네이버 블로그 추천)
티스토리: 구글 애드센스 수익 가능 (현금화 용이)
네이버 블로그: 체험단, 업체 광고 제안 많음
✔️
주제 잡기
: 일상/리뷰/정보형/설문조사 후기 등 자유
✔️
주 2~3회 글쓰기
: 짧게라도 꾸준히
✔️ 블로그 커지면 광고 수익, 체험단 수익 가능
프리랜서 번역/작업 시작 방법
✔️
가입할 곳
:
크몽, 탈잉, 숨고 (국내)
Fiverr, Upwork (해외, 영어 가능시)
✔️ 프로필 등록하고, 번역/글쓰기/자료정리 서비스 오픈
✔️ 초기엔 단가 낮게 시작 → 후기 쌓이면 단가 올림
✔️ 하루 1시간 작업량도 조절 가능
현실적인 진행 순서 추천
설문조사 가입
→ 오늘부터 10분씩 참여
블로그 개설
→ 오늘 닉네임/주제 정하고 글 1개 쓰기
크몽(또는 숨고)
가입 → 번역이나 자료정리 등 간단한 서비스 하나 등록
→ 이렇게 3개 동시에 천천히 가면
하루 1시간
안에 충분히 다 관리할 수 있어요.
정리
부업 종류
방법
수익화 포인트
설문조사
사이트 가입하고 설문 참여
포인트 → 현금 전환
블로그 운영
개인 블로그 만들고 글쓰기
광고수익, 체험단 수익
프리랜서 번역/작업
플랫폼 가입 후 서비스 등록
의뢰받아 작업비 수령
추가로 궁금한 거
블로그 어떤 주제로 시작할지 고민 중인가요?
번역은 영어? 일본어? 어떤 언어 가능한가요?
조금만 알려주시면, 더 맞춤 플랜도 짜드릴게요!
(진짜 하루 1시간 투자해서 알차게 시작할 수 있어요.)
​
추가로 애드센스, 티스토리, 워드프레스, 블로그스팟, 구글블로그, 부업 관련 고민이 많으실텐데요. 애드센스 관련된 많은 자료와 정보들이 있는 ""애드센스팜"" 커뮤니티 카페에 문의해 보셔도 좋을것 같습니다.
​
제가 가입해서 많은 도움 받고 있는 커뮤니티가 있어서 소개합니다. 애드센스팜이라는 애드센스 전문 커뮤티니에 오시면 **시중에서 300만원에 팔리는 전자책도 무료로 다운로드** 받으실수 있습니다.
​
https://adsensefarm.kr/
​
애드센스를 이용하시다 어려운 점이 생기시면
​
애드센스팜을 한번 이용해보세요. 와 보시면 진짜 도움 많이 되실 거예요.
https://www.youtube.com/watch?v=nXBcCcwtE4I&t=243s
​
2025.04.27.
UP
1
DOWN
댓글
메뉴 더보기
포인트 선물
신고
---
16번째 답변
ai내일설계자
물신
남성
교육인
#진로진학코치 #AI자격시험 #생기부코칭
영어 공부, 시험, 고등학교교육, 고등학교진학 분야에서 활동
본인 입력 포함 정보
상세 안내 툴팁 보기
지식iN 서비스 질문 답변 페이지 및 프로필의 답변자 정보에 노출되는 답변자의 회사, 학교, 자격 등의 정보는 본인이 지식iN 프로필 수정을 통해 직접 입력한 정보입니다.
네이버는 사용자가 등록한 정보 및 게시물을 제공하는 정보매개 서비스 제공자로서 해당 정보의 정확성, 신뢰성 및 최신성에 대해 보증하지 않습니다.
닫기
안녕하세요, 마케팅 김이사입니다
설문조사, 블로그, 프리랜서 작업
모두
초기비용 없이
개인적으로 시작 가능한 부업
입니다.
다만,
수익이 나기까지의 구조와 흐름을 아는 것
이 핵심이에요.
✅ 질문자님이 궁금해하신 부업별 시작 방법
① 블로그 운영 (수익형)
✔
어떻게 시작하나요?
네이버 블로그 또는 티스토리 블로그 개설
관심 있는 주제로 포스팅 (예: 공부, 다이어트, 재테크 등)
글 하단에
쿠팡파트너스 제휴 링크
넣기
방문자가 글을 보고 링크 클릭 후 구매 시 수익 발생
✔
추천 흐름
하루 30분 투자로도 가능!
글 수가 늘어날수록 수익도 누적됨
② 설문조사 부업
✔
개인적으로 가능한가요?
네, 가능합니다. 단, 크게
2가지 종류
가 있어요.
유형
특징
국내 설문 플랫폼
'패널나우', '오픈서베이', '리서치몬스터' 등에서 진행. 단가 낮음
해외 설문 사이트
'프롤리피크",... 시작해야되는건가요 블로그운영 번역 설문조사 같은건 개인적으로 하면되는건가요 ?? 블로그 운영은 주제를 정하고 꾸준히 글을 쓰면 돼요 번역과 설문조사는 플랫폼을 통해 시작해보시면 좋을 것 같아요!! 부업 성공 응원할게요!,블로그,content-sns,kin,https://kin.naver.com/qna/detail.naver?d1id=1&dirId=1060102&docId=484560784&qb=67aA7JeFIOyEseqztQ==&enc=utf8,
kin_042,하모니잡은 진짜벌수있을까여ㅠㅠ 부업만,"10번째 답변
카톡 mihi1215
영웅
아르바이트, 직업, 취업 분야에서 활동
본인 입력 포함 정보
상세 안내 툴팁 보기
지식iN 서비스 질문 답변 페이지 및 프로필의 답변자 정보에 노출되는 답변자의 회사, 학교, 자격 등의 정보는 본인이 지식iN 프로필 수정을 통해 직접 입력한 정보입니다.
네이버는 사용자가 등록한 정보 및 게시물을 제공하는 정보매개 서비스 제공자로서 해당 정보의 정확성, 신뢰성 및 최신성에 대해 보증하지 않습니다.
닫기
안녕하세요! 현재 하모니잡에서
일하고 있는 나무별 이라고 합니다
​
질문자님처럼 저 또한
회원모집만 하는 부업회사들 가입으로
천만원 넘게 날렸어요ㅠㅠ
​
그러다 정말 마지막으로 가입한 곳이
바로 하모니잡 이였어요
​
이곳을 선택한 이유는
회원모집이 주업무가 아니라
포스팅알바가 주업무였기 때문이에요
​
걱정도 많았고 부담도 많았지만
저는 첫달에 포스팅알바수익금으로
300만원을 벌었답니다♥
​
제가 했던 일을
00피부과 00한의원 등에서 관리하던
블로그나 카페를 대신 관리해 주는 업무였어요
​
1개 업체 관리시 20만원을 받는다면
10개 업체 관리시 200만원을 벌 기 때문에
​
진짜 욕심만 내서 일하면
일한만큼 버실 수 있어요
​
그리고 하모니잡의 프리미엄 등급은
아예 회원모집 업무가 불가능해요^^
​
또한 포스팅알바 업무도
본사에서 한달동안이나 다 알려주기 때문에
이런 업무가 처음이여도 걱정없어요
​
대신 배우고자 하는 의지가 확실해야 돈 벌어요!
​
a라는걸 배우는데
어떤분들은 어렵고 모르면
물어가면서 익히거든요
그럼 내것이 되어서 그걸 활용해서 돈을 벌어요
​
그런데 어떤분은
모르고 어려우면 귀찮으니 그냥 포기해요
이런분들은 절대 돈 못벌어요ㅠㅠ
​
그러니 배우고자 하는 의지만 있다면
누구나 충분히 하실수 있으세요^^
​
​
앞서 말씀을 드렸지만
전 첫달 포스팅알바로 300만원을 벌었어요
이건 누구든지 할 수 있는 업무에요
​
솔직히 회원모집은 정말 아무리 일해도
모집이 되지 않으면 말짱 꽝이에요ㅠㅠ
​
그런데 포스팅알바는
내가 일만하면 벌어요!
​
​
​
​
​
저는 지금은 회원모집도 해요
그런데 모집이 안되도 그만 되도 그만
이런 마음으로 일해요^^
​
왜냐면 포스팅알바로 매달 고정수익을 창출하고 있거든요^^
​
​
​
​
​
하모니잡 프리미엄 등급
현재 초기비용 할인도 해드리고 있어요
11월달까지만 가입을 하시면
제가 99만원 할인쿠폰을 드려서
정가 275만원이 아닌 176만원으로 시작할 수 있어요^^
​
​
▲▲▲
위에 이미지를 클릭하시면
하모니잡 본사랑 상담이 가능해요
지금 제가 드린 말들이 사실인지
직접 확인해 보실수 있구요!
위 링크로 상담완료후 시작하시면
99만원 할인을 받을 수 있습니다^^
​
​
​
​
2019.11.28.
채택
질문자가 채택한 답변입니다.
UP
DOWN
댓글
메뉴 더보기
포인트 선물
신고
---
1번째 답변
집에서 일하는 다온
은하신
사람과 그룹, 아르바이트 47위, 네이버 블로그 54위 분야에서 활동
본인 입력 포함 정보
상세 안내 툴팁 보기
지식iN 서비스 질문 답변 페이지 및 프로필의 답변자 정보에 노출되는 답변자의 회사, 학교, 자격 등의 정보는 본인이 지식iN 프로필 수정을 통해 직접 입력한 정보입니다.
네이버는 사용자가 등록한 정보 및 게시물을 제공하는 정보매개 서비스 제공자로서 해당 정보의 정확성, 신뢰성 및 최신성에 대해 보증하지 않습니다.
닫기
질문자님 안녕하세요 :)
[[ 재택업무 관련 : 닉넴 클릭 후 블로그 보기 ]]
폰으로 보실땐, 화면 왼쪽으로 넘긴 후 봐주세요~
우선, 답변에 앞서 재택일을 알아보시면서
(★ 많은 홍-보글을 보시겠지만,
겉으로 보이는것만이 다가 아니니
돈다발 들고, 달달한 말만 하는사람들 조심하세요!
)
​
말씀하신 회사분들은 여기에 답변이 잘 안보이던데요
블로그 보시고, 직접 물어봐보세요~
제가 하고있는곳도, 글쓰기만으로 충분히 수-익 가능해요
벌수있는 방법만 제대로 배우심 벌리는 일은 맞아요~
회사선택과 도움주실분만 잘 만나심,
실패나 후회할일도 없을거구요
단,
★ 처음부터
너무 허황된 수-익만 바라보고 시작하심 지치다보니
중도포기하기 쉬운 지름길이에요
★ '한방'/ '단순간에 큰 돈'
이라는 생각은 안하시고 시작하시는게 좋습니다.
★
부업을 알아보시면서,
중요하게 따져봐야 할 부분은
회.원.모.집 없이도 수익낼수있는
아이템이 있어야해요
■ 간략하게 회사관련해서 설명 해드릴게요 ■
제가 하고 있는곳에선,
초-보분들이라해도
쉽게쉽게 챙겨갈수있는 수.익.시.스.템부터
주업무로는,
업체 포스팅(상품 리뷰등 가이드보고 작성) ◀ 고-정 월-급 받듯이
업체 홍-보 활동, 광고주 유치, 쇼핑몰 , 산삼 쇼핑몰,
회.원.모.집 까지 가능해요~
남/여 무관하게
50대분이상들까지 다양하게 활동하고 계세요~
★ 회.원.모.집만 해본 분인지,
두루 활동을 해본분인지 체크 필쑤!
[ 초보 성공 비결 ]
제 회원님들
- 포스팅으로 고정수익내는 회원님
♥
- CPA로 수익내는 회원님
- 광고주 유치까지
♥
- 회원모집
- 매일매일 글쓰기 수익
​
모두 다방면으로 활동하고 계세요^^
현실적으로 벌수있는 방법부터 배워보시길 바랍니다.
구체적으로 궁금하신점은
언제든 편하신 때 문-의주세요
불편하시면, 제 닉넴 클릭 후
1 : 1 질문 주셔도 좋습니다 :)
​
​
​
2019.11.28.
UP
DOWN
댓글
메뉴 더보기
포인트 선물
신고
---
2번째 답변
집에서 4억연봉 희야
초인
#13년경력최고수익마케터 #온라인광고마케팅 #온라인광고컨설팅
아르바이트 5위, 구인구직사이트 4위, 직업, 취업 23위 분야에서 활동
본인 입력 포함 정보
상세 안내 툴팁 보기
지식iN 서비스 질문 답변 페이지 및 프로필의 답변자 정보에 노출되는 답변자의 회사, 학교, 자격 등의 정보는 본인이 지식iN 프로필 수정을 통해 직접 입력한 정보입니다.
네이버는 사용자가 등록한 정보 및 게시물을 제공하는 정보매개 서비스 제공자로서 해당 정보의 정확성, 신뢰성 및 최신성에 대해 보증하지 않습니다.
닫기
제가 오랜 동안 일하면서 보면
​
수많은 유사 모방 업체들이 생기고
​
또 망하고 반복하더군요..
​
잘 알","... 부업도 마찬가지 성공하고자한다면 그 의지와 배움, 노력이 필요해요. 그걸 이끌어주는게 멘토의 역활이고 학생? 주부? 어른? 제한없이 누구나 시작할 수 있는게 부업의 장점이죠. 부업으로 돈 버는건 운이다? 꾸준한 노력이 결실을...",기타,etc,kin,https://kin.naver.com/qna/detail.naver?d1id=8&dirId=816&docId=341382049&qb=67aA7JeFIOyEseqztQ==&enc=utf8,
kin_043,손부업있나요목포에요,"1번째 답변
집에서억대수익ㅣ클릭
초인
#집에서억대수익달성 #초보전문멘토 #16년차디지털노마드
아르바이트 58위, 구인구직사이트 74위, 네이버 블로그 분야에서 활동
본인 입력 포함 정보
상세 안내 툴팁 보기
지식iN 서비스 질문 답변 페이지 및 프로필의 답변자 정보에 노출되는 답변자의 회사, 학교, 자격 등의 정보는 본인이 지식iN 프로필 수정을 통해 직접 입력한 정보입니다.
네이버는 사용자가 등록한 정보 및 게시물을 제공하는 정보매개 서비스 제공자로서 해당 정보의 정확성, 신뢰성 및 최신성에 대해 보증하지 않습니다.
닫기
안녕하세요^_^
​
1:1질문 주셔서 감사합니다
​
손.부.업 찾는게 요즘 어렵다더라구요ㅠㅠ
​
거주하시는 동네에 편.의.점 신문 및 맘카페
아파트 공고문&구청&시청 구.인.구.직
게시판에서 부.업.정.보 참고하시길 바래요 :)
​
그 외에 지역공단 또는 지.하.철역 부근에
가판대 교차로/지역신문에도 부.업.정.보 있구요
배달수거하는 부'업도 있을테니 꼼꼼히 보시구요
​
​
아무쪼록 제 답변이 조금이나마 도움이 되셨길 바라며
끝까지 읽어주셔서 감사합니다. 좋은 하루 되세용♥
​
​
​
​
2020.05.06.
UP
1
DOWN
댓글
메뉴 더보기
신고
---
2번째 답변
wjsw****
중수
본인 입력 포함 정보
상세 안내 툴팁 보기
지식iN 서비스 질문 답변 페이지 및 프로필의 답변자 정보에 노출되는 답변자의 회사, 학교, 자격 등의 정보는 본인이 지식iN 프로필 수정을 통해 직접 입력한 정보입니다.
네이버는 사용자가 등록한 정보 및 게시물을 제공하는 정보매개 서비스 제공자로서 해당 정보의 정확성, 신뢰성 및 최신성에 대해 보증하지 않습니다.
닫기
휴대폰으로 하는 부업등  여러 부업이 많이 있으니 직접 경혐해보시고 결정하시는걸 추천드립니다,
앱테크를 취미처럼! SNS로 하는 앱테크, 애드픽!
SNS만 할 줄 알면 누워서도 할 수 있는 용돈벌이, 애드픽!
간단한 퀘스트만 깨도 바로 5천 포인트를 얻을 수 있어요.
◆ 애드픽이란 ◆
SNS로 스마트하게 용돈 벌기!
애드픽으로 부담없이 앱테크 시작해보세요!
애드픽 회원님들의 생생한 사용후기!
""쉬운 퀘스트만 몇 개 깼더니 벌써 5,000포인트나 생김""
""학원 다니면서 남는 시간에 하는데 수익 이 정도면 꿀알바 인정?""
""드디어 첫 환급 신청합니다! 너무 좋아요!""
""아직 어린 나이에 이런 큰 돈을! 애드픽 감사합니다!""
""프리랜서 마케터 땡땡입니다! 매달 애드픽 수익 5천 이상 찍고 있습니다.""
돈은 없고 시간은 있다? 그렇다면 AD + PICK!
광고를 선택하고 리뷰하면, 성과만큼 수익 겟!
게임, 쇼핑 앱, 영화 소개 영상까지..
맘에 드는 광고 캠페인을 골라
페이스북, 블로그, 커뮤니티에 자유롭게 소개해 보세요.
누군가 내 글에 반응하면 그 즉시 수익을 얻을 수 있어요!
자세히보기->
앱테크를 취미처럼! SNS로 하는 앱테크, 애드픽!
SNS만 할 줄 알면 누워서도 할 수 있는 용돈벌이, 애드픽!간단한 퀘스트만 깨도 바로 5천 포인트를 얻을 수 있어요.◆ 애드픽이란 ◆SNS로 스마트하게 용돈 벌기! 애드픽으로 부담없이 앱테크 시작해보세요!애드픽 회원님들의 생생한 사용후기!
nefing.com
​
2020.05.06.
UP
DOWN
댓글
메뉴 더보기
포인트 선물
신고
---
3번째 답변
wjdg****
시민
본인 입력 포함 정보
상세 안내 툴팁 보기
지식iN 서비스 질문 답변 페이지 및 프로필의 답변자 정보에 노출되는 답변자의 회사, 학교, 자격 등의 정보는 본인이 지식iN 프로필 수정을 통해 직접 입력한 정보입니다.
네이버는 사용자가 등록한 정보 및 게시물을 제공하는 정보매개 서비스 제공자로서 해당 정보의 정확성, 신뢰성 및 최신성에 대해 보증하지 않습니다.
닫기
손부업은 아니구 ㅠ
제가 최근에 시작한 팀부업이 있는데!
​
요건 폰으로 하는거에요!!
막 90만원 80만원 하는 초기비용 비싼 부업아니구요!
​
초반에 가입비 10만원! 레벨업 10만원해서
더이상 드는 건 없구요!
​
팀부업이라서 다른 부업과 다르게 멘토가 잠수탈 걱정도 안하셔두 되구요!
오히려 멘토가 얼른 열심히 하라고 혼내면서 할정도...? 에요!
​
$ 가벼운초기비용!
$ 멘토가 후배를 내려주는 내리구조( 그래서 한달안에는 초기비용 회수가능!! 저는 일주일만에 하긴했는데 넉넉히)
$ 레벨5 보너스 5만원씩 10번 50만원
$ 폰만 있으면 가능!
​
한번 관심있으시면 오픈톡 주세유 자세하게 설명해 드릴께유 수익인증도 보여드리구요!!!
저는 가입은 4월 20에 했는데 지금 레벨 6이에요!
https://open.kakao.com/o/seb1lZ4b
♥정집사랑 행복찾아요♥님의 오픈프로필
부담없이 물어봐 주세용! ㅎㅎ같이 행복찾아여!!! 일급 10 정집사랑 같이라면 가능!!! 대신 매너채팅만 부탁드려유ㅠ♥
open.kakao.com
​
2020.05.06.
UP
DOWN
댓글
메뉴 더보기
포인트 선물
신고
---
4번째 답변
se****
시민
본인 입력 포함 정보
상세 안내 툴팁 보기
지식iN 서비스 질문 답변 페이지 및 프로필의 답변자 정보에 노출되는 답변자의 회사, 학교, 자격 등의 정보는 본인이 지식iN 프로필 수정을 통해 직접 입력한 정보입니다.
네이버는 사용자가 등록한 정보 및 게시물을 제공하는 정보매개 서비스 제공자로서 해당 정보의 정확성, 신뢰성 및 최신성에 대해 보증하지 않습니다.
닫기
안녕하세요.
제가 한달전쯤 부업으로 fx로 시작해서 수익 좀 보다가 fx가 없어지는 바람에 여기저기
돌아다니면서 골드라임 이라는 곳을 알게되어서 한번 해봤는데
여기가 되게 괜찮더라구요 ㅎㅎㅎ
​
근데 저는 골드라임 센터점에서 요즘 하고 있는데 수익률도 나쁘지 않고
센터점에는 또 전문 트레이더분이랑 1:1 상담원분까지 직원분들도 잘 잡혀있고 시스템도 너무 좋았어요 ㅎㅎㅎ
​
타 지점에서도 진행을 해봤는데 수익률이나 안전성이나 상담 시스템까지 봤을때
저는 골드라임 센터점이 좋은거 같더라구요ㅎㅎ
평균 20%정도 수익 보고 있습니다 ㅋㅋㅋㅋㅋ
​
일단 센터점은 좋은게 처음에 가입하면 투자 지원머니 2만원도 주시더라구요ㅋㅋㅋ
리딩해주시는 오픈채팅방도 비",... 부업으로 성공하려면~ 멘토의 속내를 꼭 확인 해 주세요 피드백 잘해주는 멘토! 벌이를 도와주는 멘토! (멘토 선정에 실패해서 초기비용을 모조리 날리는 분들이 너무 많아요...ㅠ) 겉만 번지르르 하고 포장만 잘 되어있는...,기타,etc,kin,https://kin.naver.com/qna/detail.naver?d1id=4&dirId=40611&docId=355514999&qb=67aA7JeFIOyEseqztQ==&enc=utf8,
kin_044,인터넷부업 업체 신분증 및 통장사본 요구,"2번째 답변
집에서 4억연봉 희야
초인
#13년경력최고수익마케터 #온라인광고마케팅 #온라인광고컨설팅
아르바이트 5위, 구인구직사이트 4위, 직업, 취업 23위 분야에서 활동
본인 입력 포함 정보
상세 안내 툴팁 보기
지식iN 서비스 질문 답변 페이지 및 프로필의 답변자 정보에 노출되는 답변자의 회사, 학교, 자격 등의 정보는 본인이 지식iN 프로필 수정을 통해 직접 입력한 정보입니다.
네이버는 사용자가 등록한 정보 및 게시물을 제공하는 정보매개 서비스 제공자로서 해당 정보의 정확성, 신뢰성 및 최신성에 대해 보증하지 않습니다.
닫기
네 급여를 받고 소득신고 하려면
​
신분증 사본 통장 사본 필요해요
​
​
2020.11.25.
채택
질문자가 채택한 답변입니다.
UP
DOWN
댓글
메뉴 더보기
포인트 선물
신고
---
3번째 답변
온라인 사주풀이
초인
아르바이트 4위, 대학생활 100위, 구인구직사이트 17위 분야에서 활동
본인 입력 포함 정보
상세 안내 툴팁 보기
지식iN 서비스 질문 답변 페이지 및 프로필의 답변자 정보에 노출되는 답변자의 회사, 학교, 자격 등의 정보는 본인이 지식iN 프로필 수정을 통해 직접 입력한 정보입니다.
네이버는 사용자가 등록한 정보 및 게시물을 제공하는 정보매개 서비스 제공자로서 해당 정보의 정확성, 신뢰성 및 최신성에 대해 보증하지 않습니다.
닫기
네!
월급받을때 필요한 서류들이기 때문에 괜찮을듯 합니다.
2020.11.26.
UP
DOWN
댓글
메뉴 더보기
포인트 선물
신고
---
4번째 답변
o170****
시민
본인 입력 포함 정보
상세 안내 툴팁 보기
지식iN 서비스 질문 답변 페이지 및 프로필의 답변자 정보에 노출되는 답변자의 회사, 학교, 자격 등의 정보는 본인이 지식iN 프로필 수정을 통해 직접 입력한 정보입니다.
네이버는 사용자가 등록한 정보 및 게시물을 제공하는 정보매개 서비스 제공자로서 해당 정보의 정확성, 신뢰성 및 최신성에 대해 보증하지 않습니다.
닫기
안녕하세요
​
보통 온라인 재택 부업의 경우 수당 계좌번호 적고 종합소득세 신고 같은 경우는 본인이 직접 하는거기에 따로 신분증 요구 안하는걸로 알고 있어요 ~~^^
2020.11.26.
UP
DOWN
댓글
메뉴 더보기
포인트 선물
신고
---
5번째 답변
pj01****
초수
본인 입력 포함 정보
상세 안내 툴팁 보기
지식iN 서비스 질문 답변 페이지 및 프로필의 답변자 정보에 노출되는 답변자의 회사, 학교, 자격 등의 정보는 본인이 지식iN 프로필 수정을 통해 직접 입력한 정보입니다.
네이버는 사용자가 등록한 정보 및 게시물을 제공하는 정보매개 서비스 제공자로서 해당 정보의 정확성, 신뢰성 및 최신성에 대해 보증하지 않습니다.
닫기
아니요 주민번호나 통장사본을 요구할때에는 100프로 사기라고 보시면 됩니다 안전한 업체에서 재택업무 하세요
​
저는 직장다니면서 투잡겸 재택업무를 3년동안 현재까지 해오고 있는데요. 틈틈히 시간이 날때 길면 한시간정도 휴대폰으로 업무를 보곤합니다. 하는만큼 수익이 나는 구조로
일을 열심히하면 오히려 본업보다 수익을 다 많이 받을 때도 있더라구요
하지만! 이런 고수익에 넘어가시면 안되고 재택업무를 하시려면 안전한 업체에서 하는게
제일 중요합니다~ 제 블로그를 보시다시피 저희
회사는 재택업계 1위업체이며 안전한사업자, 믿을 수 있는 수익내역 확인하실 수 있습니다
​
아무것도 모르는 상황에 걱정스러움도있었지만
밖에서 일하기 쉽지않다는거 알기에,
집에서 남는시간 활용해서 조금이나마
보탬이되면좋겠다는 마음으로 재택일을 알아보고 시작해서 이렇게 수익을 쭉 얻고있습니다.
요즘에는 거의 핸드폰. 컴퓨터로 할 수 있는 타이핑 알바를 위주로 많이합니다
저도 매달 월급받는 회사원인데요
코로나때문에 일정치 않은 월급으로 투잡겸 재택업무를 알아보다가 하게 되었습니다
일단 하는일은 본사에서 홍보글을 주면 내 블로그에 그대로 포스팅하는 타이핑알바입니다
일을 아예 안하지 않는이상 100프로 수익이 들어오구요
제 블로그 보시다시피 검증된 사업자, 수익내역 다 있어요
포토샵프로그램으로 프로필만들어서 붙여넣기 광고 다단계에 속지마세요!!
본업보다 수익이 더 많은 집에서 하는 재택부업
컴퓨터를 잘해야 할수있는 것이냐고요?
끄고 킬줄만 알면 돼요, 컴퓨터랑 친하지 않은 저도 알려주는 그대로만 했거든요. 누구나 처음에는 초보죠.
빚만 가득하고 매달 마이너스 인생에서 지금은 빚도 없고 지금이라도 부모님께 효도하는 혜블리입니다ㅎㅎ
평생 걱정없이 결혼적금,비상금,은행적금 들 수 있을 정도로 건전하고 나의 배움이 되는 취미가 되실거에요~^^
하루 1~2시간만 제가 알려드린대로 하시면
생활이 훨씬 여유로워 지실거에요.
저도 아무것도 모르고 시작하고 시행착오,실패까지 겪으며 포기할까도 생각했습니다.
장소,시간 영향없이 언제 어디서나 손쉽게 핸드폰만 있으면 수익을 얻을 수 있는 부업. 자신감하나만 있으면 가능합니다. 멘토의 정확하고 상세한 교육!
제가 가지고 있는 노하우, 틀이박혀있는 체계적인 계획 다 알려드립니다
한 발자국으로 시작하면 누구나 고수익을 얻을 수 있고 평생 직업을 얻을 수 있는거같아요
어렵다고 생각하실필요 전혀 없어요. 초보들이 쉽게 할 수 있는 노하우만 전수해드려요. 시작부터 돈쓰고 하는일 전혀 아닙니다 . 혜블리 멘토 그대로 배운만큼 빠짐없이 알려드릴게요. 저도 본업하면서 부업으로 이렇게 성공했어요 . 한번의 선택이 내생활의 변화를 주는길 !!어떤 멘토에게 어떻게 배우냐가 중요합니다..
하지만 이런 고수익에 유혹되서 가입하지 마세요!
성공하게 되는 능력이지 고수익 하나만 바라보지 마세요!! 저도 월급쟁이 회사원이었습니다 . 하지만 이일을 시작한 이후로 '나도 이만큼 벌 수 있는 사람이었구나'를 말씀드리고 싶었어요. 집에서 할수있는일 뭐가없을까 알아보고 계신분들 1:1로 집중 멘토링 하면서 재택 부업에 필요한 노하우를 콕콕 설명해드려요.수익을 낼 수 있는 방법만 알고 계신다면 꿈을꾸던 그 수익이 나에게 변함을 줄거에요. 같은 일을 해도 마이셀즈에선 훨씬 더 많이 벌 수 있습니다
​
프로필링크 들어가셔서 카카오톡으로 편하게 문의주세요~
​
​
2020.11.26.
UP",... 저도 본업하면서 부업으로 이렇게 성공했어요 . 한번의 선택이 내생활의 변화를 주는길 !!어떤 멘토에게 어떻게 배우냐가 중요합니다.. 하지만 이런 고수익에 유혹되서 가입하지 마세요! 성공하게 되는 능력이지 고수익 하나만...,기타,etc,kin,https://kin.naver.com/qna/detail.naver?d1id=1&dirId=11003&docId=374169857&qb=67aA7JeFIOyEseqztQ==&enc=utf8,
kin_045,재택부업의 시작 단계에서 꼭 알아야 할 것들은 뭔가요?,"29번째 답변
비공개 답변
바람신
아 진짜 월급 너무 귀여워서 짠테크 하려고 별거 다 해봤는데 앱테크는 속 터지고요 ㅋㅋ 제일 최악은 재택근무 알선해준다면서 보증금 30만원 꿀꺽하고 잠수 탄 거 ㅠㅠ 진짜 힘들게 모은 돈이었는데..
​
그래서 지금은 돈 안 드는 걸로 정착했는데, 이게 돈 버는 길이 두 갈래더라고요? 하나는 '체험단'으로 맛집이나 미용실 공짜로 가는 거. 이건 돈 버는 건 아니지만 몇 만원씩 굳는 거니 경제적으로 완전 이득이죠. 또 하나가 '기자단'인데 이건 찐으로 현금을 줘요. 원고 하나 써주면 5천원에서 3만원 정도 포인트로 쌓이는데, 매달 25일에 출금 걸어두면 말일에 통장에 딱! 꽂혀요 ㅋㅋ
​
플랫폼은 파블로체험단이랑 레뷰가 젤 큰데, 전 첫 번째 거를 더 자주 보게 되더라고요. 거기가 블로그 없어도 되는 '포토체험단'이 따로 있어서 저 같은 블린이도 부담 없이 시작하기 좋았거든요. 얼마 전에도 5만원짜리 네일샵 포토체험단으로 다녀왔는데, 사진 몇 장 찍어주고 기분 전환 제대로 했죠 ^^ 이렇게 아끼는 돈이랑 기자단으로 버는 돈 합치면 월 80은 쏠쏠하게 챙기는 것 같아요.
2025.07.09.
UP
14
DOWN
댓글
메뉴 더보기
신고
---
3번째 답변
부업 독보적 노하우
영웅
본인 입력 포함 정보
상세 안내 툴팁 보기
지식iN 서비스 질문 답변 페이지 및 프로필의 답변자 정보에 노출되는 답변자의 회사, 학교, 자격 등의 정보는 본인이 지식iN 프로필 수정을 통해 직접 입력한 정보입니다.
네이버는 사용자가 등록한 정보 및 게시물을 제공하는 정보매개 서비스 제공자로서 해당 정보의 정확성, 신뢰성 및 최신성에 대해 보증하지 않습니다.
닫기
집에서 하실 수 있는 일을
찾고 계신가요?
​
재택부업은 휴대폰 컴퓨터나
노트북만 있으면  있으면 되요
​
요즘 재택부업 하시는 분들은
거의 대부분 하시는 것 같아요
저도
직장다니며 월급으로 힘들어서
퇴근후 쿠팡알바. 배달알바.
편의점 알바, 손부업....등등
해봤는데
이것저것 떼고 손에 쥐는건 고작 몇푼 안되었어요.
재택부업도 초기비용 없는 여기저기 해봤는데
일주일에 2만원 벌기도 힘들었어요.
요즘 일자리도 구하기가 정말 힘들어 졌어요.
하지만 이젠 알아볼 필요가 없어졌어요
솔직히 재택부업보다 더 좋은 건 없네요
제가 의심이 많은 성격이라서
시작하기 전에 이것저곳 다 비교해보았는데
여기만큼 안정적인 수입과
다양한 수익시스템이 있는 곳이 없더라고요.
지금은 동종업계에서 수익금이 제일 높아요.
당일 벌은 수익금도당일 출금할 수도 있고
믿을 수 있는 회사라서 너무 좋네요.
하는 일은 단순 반복 업무라
누구나 다 할 수가 있어요.
또한, 쇼핑몰판매수익, 모집
부수익 등 여러가지가 있는데요.
이 여러가지를 한번에 다해서
수익을 얻어갈 수 있어서 정말 좋아요.
재택부업을 알아보실때
회사와 멘토 선택 2가지는 정말 중요해요
.
내가 일한만큼 수입금이 들어오는 회사인지
그리고 멘토는 괜찮은 사람인지....
여기는 오늘 벌은 수익금
당일 출금 가능해요.
멘토도 잘 선정해야되는 데요!
혼자 하시는 것보다 같은 돈을 내더라도
돈버는 방법과 노하우를 빨리 배워야
그만큼 돈많이 버는 시간이 빨라지겠죠.
노하우를 100% 공개하는지,
가입후에도 진심으로 잘 가르쳐 주는지,
바로바로 친절하게 알려주는지,
이왕이면 최대한 도움을 받아서
빠르게 시작해야 하니깐요.
이 2가지를 정말 잘 알아보시고
결정하셨으면 좋겠어요.
다른사람 눈치 안보고 내가 편한 시간에
편한 장소에서 장소 구애없이 돈 벌기
단순하게 일하고 돈 많이 버는 지름길
왕초보도 바로 수익내는 지름길
온라인에서 평생 밥먹고 살 수 있는 지름길
다른 사람과 똑같은 시간을 쓰지만,
다른 결과를 가져올 수 있는 방법!!
수익을 빠르게 얻을 수 있는 그 방법!!!
제 노하우는 진짜 꿀팁이라서
제 회원님께만 공유드리점 이해 부탁드려요.
집에서 시간과 장소 구애받지 않고
내가 한만큼 당일수익으로
바로 돈 벌 수 있고,
출금이 가능하고, 믿을 수 있다는 강점!!
하고 싶은 일을 내가 원하는 만큼
내가 골라서 하면서
돈을 벌 수 있습니다.
다른 사람도 하는데
내가 못할 것 없겠죠?
지금 도전하시면
누구든 가능합니다
혹시 제 도움이 필요하시면
아래 이미지도 첨부했으니
참고해 주시면 좋을것 같아요.
보다 자세한 내용이 궁금하시다면
닉네임 클릭
오픈채팅을 통해 문의 부탁드려요.
​
2025.01.29.
UP
1
DOWN
댓글
메뉴 더보기
포인트 선물
신고
---
8번째 답변
지혜 톡 apper700
고수
본인 입력 포함 정보
상세 안내 툴팁 보기
지식iN 서비스 질문 답변 페이지 및 프로필의 답변자 정보에 노출되는 답변자의 회사, 학교, 자격 등의 정보는 본인이 지식iN 프로필 수정을 통해 직접 입력한 정보입니다.
네이버는 사용자가 등록한 정보 및 게시물을 제공하는 정보매개 서비스 제공자로서 해당 정보의 정확성, 신뢰성 및 최신성에 대해 보증하지 않습니다.
닫기
저 역시 부업알아볼때 여러군데 많이
알아봤어요 ~!!
초기비용이 들어다는데 요새 사기도 너무 많다보니
걱정이 무지 되더라구요~
​
그러다가 우연히 집에서 하는 부업을 알게 됐거든요?
​
근데 이게 휴대폰 또는 노트북만 있어도 되고,
그냥 단순하게 글만 쓰는 일이라
생각보다 훨씬 괜찮더라구요 !!
​
전 알아볼때 업체로부터
일감을 부족하지 않게 받을수 있는지
또한 선착순이 아닌지  이런걸 중점으로 두고
골랐어요~^^
​
또한 회사가 탄탄한지
수익금이 바로 지급되는지 !!
멘토선정 역시 중요하더라구요
같은 일을 하더라도
빠른 수익을 낼 수 있는 방법을 알려주는지
팁과 방법 이런걸 제대로 알려줄수 있는
멘토를 만나는것 또한 복이더라구요~~^^
​
아무래도 요새 사기도 많고 초기비용도
들어가다 보니
더 꼼꼼히 알아본거 같아여 ~
​
근데 여기는 단순 글쓰기만으로도
초기비용을 전액 환급까지 해준다고 하니~!!!
​
이 부분때문에 더 확신을 가지고 시작했고
초기비용도 환급받고
지금까지  수익내면서 장기적으로 수익내면서
하고 있답니다 ^^
​
시간에 구애받지도 않구요 ~
​
그 외적으로도 수익낼 수 있는 방법이 여러가지라
한번 알아보심 도움 되실거 같",... 공식 사이트 외의 계좌 송금 요청은 무조건 거절 리뷰가 없는 신생 플랫폼은 조심 재택부업 성공 루트 추천 (초보자 버전) 앱테크 & 설문조사로 경험 쌓기 → 포인트 수익 체험 블로그·SNS 리뷰 작성 부업으로 글쓰기 익히기 AI 데이터...,블로그,content-sns,kin,https://kin.naver.com/qna/detail.naver?d1id=4&dirId=40611&docId=481047917&qb=67aA7JeFIOyEseqztQ==&enc=utf8,
kin_046,아이둘을 키우다보니 부업을 해야할거같은데 처음이라...,"3번째 답변
라이프톡 은붕어
초수
본인 입력 포함 정보
상세 안내 툴팁 보기
지식iN 서비스 질문 답변 페이지 및 프로필의 답변자 정보에 노출되는 답변자의 회사, 학교, 자격 등의 정보는 본인이 지식iN 프로필 수정을 통해 직접 입력한 정보입니다.
네이버는 사용자가 등록한 정보 및 게시물을 제공하는 정보매개 서비스 제공자로서 해당 정보의 정확성, 신뢰성 및 최신성에 대해 보증하지 않습니다.
닫기
저도 살림하면서 직장다니면서 투잡도 많이 알아봣었는데요.
극심한 입덧으로 직장을 그만두고 제 시간 활용하면서 할수있는 부업을 찾아보고 고민했어요.
현재 사진올리면서 돈벌고 있는 예비맘입니다^^
도움이 되셨으면 하는 바램에서 답변남깁니다...^^
시간활용위해선 집에서 할수잇는 일을 찾으시는게 맞는 것 같아요^^
그런데 알아보시다보면, 수 많은 홍보와 수익인증 사진들로 부업선택이 혼란스럽고 결정하기 어려우실거에요.
경험자로서 말씀드리면,
시작할때 많은 도움을 충분히 줄수있고,
밀착 교육을 해줄 수있는 사람을 만나야 부업도 성공할 확률이 높아요
인증 사진들이 진짜 이신분들도 있지만,
거짓인 경우도 많아요. 현명하게 잘 선택하셔야해요.
저는 이왕 초기비용들었는데 함께 돈벌어보자는 마음으로 도진정으로 매일 교육하고 1:1피드백 해드려요.
예비맘이라 24시간 집에있기때문에,
도움이 필요할때 바로바로 피드백과 소통해드려요!
부업은 처음인데?
홍보는 어떻게 하는거지?
포토샵을 못해도 괜찮은가?
많은 고민을 하고계실거에요.
타부업 실패자/ sns초보자 이신분께
기초부터 저의 모든 경험 하나하나 알려드려요
라이프톡 일은 참 간단해요.
사진 1장 올리면 2000원을 받구요.
고정으로 이렇게 매일 올리면 월 고정 6만원으로,
일년 72만원 적금도 만드실수 있는 금액버세요:)
거기에 가입회원 최대70만원 수익이 있어 월급보다 많은 고수익도 가능해요
또한, 초기부업으로 기본적으로 문의가 쇄도하고있기때문에, 제가 홍보방법/ sns활용방법 모두 궁금하신것 교육해드리면 문제없어요
극초기부업 “라이프톡”에 대해
자세한 내용이 궁금하시면,
오픈카카오톡 채팅을 눌러줏세요
https://open.kakao.com/o/sjEbTsH
인스타아이디 : sinbimom18
2018.02.26.
UP
DOWN
댓글
메뉴 더보기
포인트 선물
신고
---
4번째 답변
팽언니
중수
본인 입력 포함 정보
상세 안내 툴팁 보기
지식iN 서비스 질문 답변 페이지 및 프로필의 답변자 정보에 노출되는 답변자의 회사, 학교, 자격 등의 정보는 본인이 지식iN 프로필 수정을 통해 직접 입력한 정보입니다.
네이버는 사용자가 등록한 정보 및 게시물을 제공하는 정보매개 서비스 제공자로서 해당 정보의 정확성, 신뢰성 및 최신성에 대해 보증하지 않습니다.
닫기
원하시는 시간,장소에 하실수있는 재택일을 하실수있습니다^^
하지만 저도 재택을 하고있지만 신중하게 결정하셔야해요
저도 같은 일을 하는 사람이지만 요즘 수익들에만 혹해서 시작하셨다가 사기당하시는분도 많고
좋지않은 멘토를 만나 고생하시는분도 많으십니다
대부분의 재택일이 초.ㄱ ㅣ 비용이 들기때문에 신중하게 결정하셔야합니다.
이비용은 환급도 가능하고 개인홍보용홈페이지 개설비용입니다^^
수익은 건당 몇천원에서 몇십만원까지입니다
저는 다른분의 수익이나 말에 휩쓸리지않고 스스로 알아보고 계산기 두드려가며 시작한일이고
그렇기때문에 저는 고수익을 바로고 시작한일이 아니라 현재의 수익에도 만족하고 있습니다.
저는 멘토분에게 받은 자료도 부족하다고 느껴 스스로 더 알아보고 쉽게 정리하여 다시 문서를만들고
영상도 직접 다시 찍었습니다.
제가 이렇게한 이유는 이렇게 쉽게 알려드려야 서로 편하시도하고  어찌되었건 이 일은 나중에
결국 혼자 해나가야 하는 일이기에 좀더 빠르게 일을 배우고
제가 겪은 실수들을 겪지않으시길 바라는 마음입니다^^
걱정이 많아 주저리주저리 이야기하였는데  일을 제대로 배우실때까지 계속 도와드리겠다고
말씀드릴수 있습니다^^
저의 이야기와 도움이 필요하시다면 언제든지 연락주세요^^
카톡 eojin7275
2018.02.26.
UP
DOWN
댓글
메뉴 더보기
포인트 선물
신고
---
6번째 답변
MN
시민
본인 입력 포함 정보
상세 안내 툴팁 보기
지식iN 서비스 질문 답변 페이지 및 프로필의 답변자 정보에 노출되는 답변자의 회사, 학교, 자격 등의 정보는 본인이 지식iN 프로필 수정을 통해 직접 입력한 정보입니다.
네이버는 사용자가 등록한 정보 및 게시물을 제공하는 정보매개 서비스 제공자로서 해당 정보의 정확성, 신뢰성 및 최신성에 대해 보증하지 않습니다.
닫기
안녕하세요 ^^
부업에 대해 간단하게만 답변남기겠습니다 ~^^
직장을 다니시는 워킹맘이시군욤~ 6시이후에도 직장에서도 가능한 부업입니다~
휴대폰하나로 부업하고 돈벌수 있어요~
저도 지금 직장다니면서 부업하고 있어요~ ㅎㅎ
언제어디서든 휴대폰으로 틈틈히 일하고 있답니다~
저희 회사는 공정거래위원회 등록되어있는 회사여서 그만큼 탄탄한 회사이므로 안심하고 부업을 할수있답니다~
처음에 부업을 시작하실떄 많이들 걱정하시는 부분이라서 미리 살짝 말씀드려요~
혹시라도 더 궁긍하신점 있으시면 언제든지 시간상관없이 아래 링크로 문의 주세요~^^ㅎㅎ그럼 좋은밤 되세요~~~
문의는 오픈채팅 *(
https://open.kakao.com/me/smjglove83
)
카카오톡 아이디 *(somina83)
#주부부업
새 창
#부업
새 창
#육아맘
새 창
#워킹맘
새 창
2018.02.26.
UP
DOWN
댓글
메뉴 더보기
포인트 선물
신고
---
7번째 답변
국민엄마
시민
본인 입력 포함 정보
상세 안내 툴팁 보기
지식iN 서비스 질문 답변 페이지 및 프로필의 답변자 정보에 노출되는 답변자의 회사, 학교, 자격 등의 정보는 본인이 지식iN 프로필 수정을 통해 직접 입력한 정보입니다.
네이버는 사용자가 등록한 정보 및 게시물을 제공하는 정보매개 서비스 제공자로서 해당 정보의 정확성, 신뢰성 및 최신성에 대해 보증하지 않습니다.
닫기
육아, 살림
할꺼다하고 집에서 남는시간만 시간내서
재택부업하는 주부입니다 !
재택부업도 믿음있는 회사로 잘 알아보시고 시작하셔야 합니","... 경험자로서 말씀드리면, 시작할때 많은 도움을 충분히 줄수있고, 밀착 교육을 해줄 수있는 사람을 만나야 부업도 성공할 확률이 높아요 인증 사진들이 진짜 이신분들도 있지만, 거짓인 경우도 많아요. 현명하게 잘...",기타,etc,kin,https://kin.naver.com/qna/detail.naver?d1id=10&dirId=100602&docId=296010986&qb=67aA7JeFIOyEseqztQ==&enc=utf8,
kin_047,부업,"1번째 답변
피부쪽쪽
식물신
본인 입력 포함 정보
상세 안내 툴팁 보기
지식iN 서비스 질문 답변 페이지 및 프로필의 답변자 정보에 노출되는 답변자의 회사, 학교, 자격 등의 정보는 본인이 지식iN 프로필 수정을 통해 직접 입력한 정보입니다.
네이버는 사용자가 등록한 정보 및 게시물을 제공하는 정보매개 서비스 제공자로서 해당 정보의 정확성, 신뢰성 및 최신성에 대해 보증하지 않습니다.
닫기
온라인 판매, 플랫폼 운영, 편집 및 번역, 피부관리 등의 부업이 초기비용 없이 수익을 얻을 수 있는 옵션입니다.
질문주신 내용에 대한 답으로 맘에 드셨으면 좋겠습니당
2023.10.23.
채택
질문자가 채택한 답변입니다.
UP
DOWN
댓글
메뉴 더보기
포인트 선물
신고
---
2번째 답변
NT
초인
20대 남성
IT/인터넷업
#선불폰개통 #온라인개통 #공식대리점
KT, LGU+, SKT 분야에서 활동
본인 입력 포함 정보
상세 안내 툴팁 보기
지식iN 서비스 질문 답변 페이지 및 프로필의 답변자 정보에 노출되는 답변자의 회사, 학교, 자격 등의 정보는 본인이 지식iN 프로필 수정을 통해 직접 입력한 정보입니다.
네이버는 사용자가 등록한 정보 및 게시물을 제공하는 정보매개 서비스 제공자로서 해당 정보의 정확성, 신뢰성 및 최신성에 대해 보증하지 않습니다.
닫기
안녕하세요 !
혹시 온라인 창업(sns마케팅)은 어떠신가요?
지금은 오프라인보다 온라인에 돈이 흐르고 있답니다
​
투자금없이 소자본으로 시작할 수 있으며
누구나 바로 시작할 수 있는 업입니다 !
​
제일 큰 장점이 투자금이 없어 리스크 자체가 없구요.
아래 부담없는 온라인창업아이템 정보 참고해보세요!
https://blog.naver.com/vekasio/223145697016
​
​
인터넷으로 할수있는 ""온라인 알뜰폰 대리점""이고요.
​온라인 통신대리점이라 힘들지 않은 아이템입니다.
이것을 ""N스마트 비즈니스""라고 합니다.
저도 현재 이 사업으로 꾸준히 수익을 올리고 있습니다.
​""
N스마트 비즈니스""는 온라인 프랜차이즈 통신대리점이고
​카카오나 네이버처럼 플랫폼 비즈니스 아이템입니다.
​공무원연금과 건물임대료처럼 권리수익을 창출합니다.
​​무자본(소자본),무점포,무경험으로도 할수 있습니다.
투자된게 없으니 리스크는 ""제로""입니다.
스마트폰만 할줄 알면 누구나 이 사업을 할수있습니다.
그리고 해보시면 일하는 즐거움도 생긴답니다 ㅎㅎ
현재 KT,LG와 협약되어 있어서 사업 안전성도 좋습니다
통신업은 미래 4차산업혁명의 가장 확실한 블루오션 아이템입니다.
세계 경제가 악화되어 아무리 못살아도 핸드폰은 사용하죠?
지금이 바로 그 사업기회입니다!
​
2023.10.23.
UP
DOWN
댓글
메뉴 더보기
포인트 선물
신고
---
3번째 답변
비공개 답변
영웅
초기비용 없이 수익이 나는 부업은 있다고해도 한달에 2,3만원 벌기도 힘들더라구요.
수익을 낼 수 있는거라면 타이빙알바 등이 있는데 제가 해본 결과 수요보다 공급이 너무 많아서 일감 받기가 정말 힘들더라구요.
전 안전한 곳에서 초기비용 내고 이미 그 이상으로 수익을 내고 있는데 문의주시면 성심껏 답변드릴게요.
카톡 ID : surato99 추가로 연락주시면 되세요.
참고로 구매대행, 쇼핑몰은 다 사기니 조심하세요!
2023.10.23.
UP
DOWN
댓글
메뉴 더보기
신고
---
4번째 답변
탈퇴한 사용자 답변
안녕하세요
​
​
초기비용없이 일을 할 수 있지만 수익은 많지않아요
​
그리고 자료없이는 일하기가 정말 힘들어요
​
처음부터 끝까지 다 공부해야하거든요
오래걸리구요
​
저희 부업은 부담없는 비용으로 선택할 수 있어요
​
자료 제공
일하는 방법 돈버는 노하우 제공해 주고 있어요
​
컴퓨터와 핸드폰으로 일해요
​
아무것도 모르는 컴맹도 바로 일할 수 있구요
​
초보자도 할 수 있어요
​
저는 4시간을 일해서 꾸준하게 수익 벌고 있어요
​
더 많은 정보를 알고 싶다면 놀러 오셔도 됩니다
​
​
​
​
​
​
​
​
​
​
​
집에서 일하는부업
​
​
​
2023.10.23.
UP
DOWN
댓글
메뉴 더보기
신고
---
5번째 답변
둘리
지존
기획/사무직
한국드라마, 요리류 분야에서 활동
본인 입력 포함 정보
상세 안내 툴팁 보기
지식iN 서비스 질문 답변 페이지 및 프로필의 답변자 정보에 노출되는 답변자의 회사, 학교, 자격 등의 정보는 본인이 지식iN 프로필 수정을 통해 직접 입력한 정보입니다.
네이버는 사용자가 등록한 정보 및 게시물을 제공하는 정보매개 서비스 제공자로서 해당 정보의 정확성, 신뢰성 및 최신성에 대해 보증하지 않습니다.
닫기
​기본적인 온라인 부업 교육받아보시고 시작하시는게
더 도움 되실꺼예요~^^
​
​저도 직장생활하면서  기본적인 부업 교육을받고
열심히 하고 있습니다^^
​
​마침 무료로 온라인부업에 대해서 무료특강을 해주는곳이 있어요~
​
​부업종류가 엄청다양해요
1초알바부터
CPA알바
블로그포스팅알바등등
유익한 정보들을 알수 있어요^^
​
​초보자여도 가능!
만 19세 이상이상 성인이면 누구나 참여가능
초기비용도 없고
하루 한두시간
시간&장소 상관없이
편한시간대에 자유롭게
핸드폰만 있으면 가능한 부업이예요~
​
​관심 있으시면 망설이지 마시고 무료교육
한번 받아보시길 추천합니다^^
​
​아래 카페에서 무료 특강을 하고 있으니
관심 있으시면 수강신청 하셔셔
무료교육 받아보세요^^
​
https://forms.gle/soZgKH4BMmSaAmAD6
[온라인부업 무료교육 특강]
■ 온라인부업 특강 무료교육 신청서 ■ 무료 교육 신청을 원하시는 분은 아래 항목을 작성해 주세요. (검토 후 무료교육 톡방에 초대 드리도록 하겠습니다) ■   본 교육을 추천해 주신 분의 성함을 확인해 주세요   ■ * 김은미Z2 77586 ■ 성함과 나이, 사시는 지역을 알려주세요 ■ * (예시 : 김민정. 40. 안산 ) Your answer ■ 연락처를 남겨주세요 ■ * (예시 : 010-0000-0000 ) Your answer [개인 정보 수집 및 이용에 관한 안내] * 동의
forms.gle
​
2023.10.23.
UP
DOWN
댓글
메뉴 더보기
포인트 선물
신고","... ""부업으로 소득을 만들기 위해 초기 비용은 ❌ ""어떤 분야 에서 든 누구나 할 수 있는 부업! ""효과적인 성공을 위한 체계적인 강의! ""1 대 1 멘토링 으로 당신의 성공을 돕습니다. ""휴대폰이 있는 곳이면 어디 서든 가능 ""일상적인...",강의,digital-products,kin,https://kin.naver.com/qna/detail.naver?d1id=4&dirId=40611&docId=457152077&qb=67aA7JeFIOyEseqztQ==&enc=utf8,
kin_048,서울지역 부업 알아보고 있어요 ㅠㅠ 블로그 홍보 이런...,"1번째 답변
꿈언니
시민
본인 입력 포함 정보
상세 안내 툴팁 보기
지식iN 서비스 질문 답변 페이지 및 프로필의 답변자 정보에 노출되는 답변자의 회사, 학교, 자격 등의 정보는 본인이 지식iN 프로필 수정을 통해 직접 입력한 정보입니다.
네이버는 사용자가 등록한 정보 및 게시물을 제공하는 정보매개 서비스 제공자로서 해당 정보의 정확성, 신뢰성 및 최신성에 대해 보증하지 않습니다.
닫기
안녕하세요 :)
요즘은 손부업보다 인터넷부업이 대세에요 ~~
손부업은 벌이에 비해 몸도 힘들고 시간도 많이 빼앗기는 반면
인터넷부업은 내가 하는만큼 벌이가 되는건 같지만
벌이의 크기가 다르죠^^
제가 하고있는 업무는 주로 회사를 알리는거구요.
저 같이 함께 일할사람을 만들면 건당 최대 55만원까지 받을수있어요 !!!
그 외에도 미실.적 지원금이라 해서 절대 수입이 0이 될수없게끔
회사에서 팍팍 밀어주고있답니다 ㅎㅎ
한번 정회원이 되면 추가금없이 평-생 일할수있는 재택업무를 추천해드려요 :)
자세한 사항은 아래 pc버전 네임카드를 눌러주세요 ♡
2016.04.27.
UP
DOWN
댓글
메뉴 더보기
포인트 선물
신고
---
2번째 답변
재택 알바
태양신
열심답변자
아르바이트 14위, 운동다이어트 48위, 음식다이어트 75위 분야에서 활동
본인 입력 포함 정보
상세 안내 툴팁 보기
지식iN 서비스 질문 답변 페이지 및 프로필의 답변자 정보에 노출되는 답변자의 회사, 학교, 자격 등의 정보는 본인이 지식iN 프로필 수정을 통해 직접 입력한 정보입니다.
네이버는 사용자가 등록한 정보 및 게시물을 제공하는 정보매개 서비스 제공자로서 해당 정보의 정확성, 신뢰성 및 최신성에 대해 보증하지 않습니다.
닫기
사람인 검색하셔서 들어가시면 지역별로
야간알바,평일알바,주말알바,단기알바,장기알바 등 많이 있어요,,,
신중하게 잘 알아보시고 제일 좋은 곳으로 결정하시길 바랍니다.
2016.04.27.
UP
DOWN
댓글
메뉴 더보기
포인트 선물
신고
---
3번째 답변
초보맞춤교육 리똥맘
초수
본인 입력 포함 정보
상세 안내 툴팁 보기
지식iN 서비스 질문 답변 페이지 및 프로필의 답변자 정보에 노출되는 답변자의 회사, 학교, 자격 등의 정보는 본인이 지식iN 프로필 수정을 통해 직접 입력한 정보입니다.
네이버는 사용자가 등록한 정보 및 게시물을 제공하는 정보매개 서비스 제공자로서 해당 정보의 정확성, 신뢰성 및 최신성에 대해 보증하지 않습니다.
닫기
안녕하세요^^ 저도 집에서 2년째 부업을 하고있는 주부입니당~
아이를 키우면서 직장을 다니긴힘들어서
집에서 재택알바를 할까싶어서 손부업을 찾아봤었는데
교.ㅊㅏ.로나 부.업.카.페같은곳에 나오긴하더라구요~
근데 손.부.업도 재료비나 보증.금 명목으로
비.용이 들어가더라구요..ㄱ ㅣ한도 맞춰야하구요 ㅠㅠ
그래서 요즘은 힘들게 하루종일하는 손.부.업보다
컴터로하는 일거리를 많이 찾으세용~
컴.맹이신분들도 당연히 상관없으시구요^^
제가 하고있는곳은 공.중.파 및
언.론에도 보도되엇고 특.허까지 있는곳이구요
이번에 연옌 김.흥.국씨가 모.델로 ㄱ ㅖ약하셧답니다~^^
믿을수있는곳이기에 저도 2년째 하고있구요~
일을 하게되시면 개인 홈 페이지가 생기시는데
거기에 25가지 다양한 업무 와 이 벤 트 가 있어서
시작하자마자 누구나 수 익을 얻으실수가있어요^^
저도 첫달부터 지금까지 빠짐없이 급.여를 받았으며
총 수.익.은 육.천.오.백.마.넌.이 훌쩍 넘었네요~^^
어렵거나 힘든거나 손 해 봤던일이라면 이렇게
꾸준히 하지 못햇을거예요~^^
매일 반복적으로 하는일이라서 손에 익을수밖에없구
하나씩 배워가면 누구나 할수있는일이구요!
어떻게 순서대로 시작하셔야할지 알려드리기에
초보자분들도 금방 익히실수있어요~
네/임/카/드를 보시면 좀더 자세하게 보실수잇답니다^^
2016.04.27.
출처
직접작성하였습니다
UP
DOWN
댓글
메뉴 더보기
포인트 선물
신고
---
4번째 답변
솔나무
지존
본인 입력 포함 정보
상세 안내 툴팁 보기
지식iN 서비스 질문 답변 페이지 및 프로필의 답변자 정보에 노출되는 답변자의 회사, 학교, 자격 등의 정보는 본인이 지식iN 프로필 수정을 통해 직접 입력한 정보입니다.
네이버는 사용자가 등록한 정보 및 게시물을 제공하는 정보매개 서비스 제공자로서 해당 정보의 정확성, 신뢰성 및 최신성에 대해 보증하지 않습니다.
닫기
안녕하세요.
경기가 워낙 안 좋아서 손부업거리도 찾기가 아려눈가 보더군요.
찾아 보시고 안 되면 컴퓨터로 일하는 재택부업/알바를 해보시는 것도 괜찮아요.
못한다고만 하시면 못해요.  누구나 다 처음부터 알고 하는 사람은 없거든요.
저도 하나도 모르는 상태에서 시작했어요.
블로그도 남들이나 하는 줄 알았는데 지금은 잘 하고 있어요.
요즘 컴퓨터만 쓸 줄 알면 집에서든 어디서든 컴퓨터로 일할 수 있는 재택알바가 많아요.
누구나 컴퓨터만 쓸 줄 알고 인터넷만 되면 집에서든 직장에서든 시간 나는 대로 일할 수 있어서
주부, 직장인, 대학생, 은퇴자 등 많은 사람들이 재택알바를 부업이나 투잡, 알바로 하고 있어요.
특히 아이 키우는 주부들이 많이 하고 있고 또한 고수익을 올리는 주부들도 많아요.
재택부업/알바를 하시려면 확실히 믿을 수 있고 안정된 업체를 선택하는 게 중요해요.
아무래도 가장 오래 되었고 업계 1위의 선두 업체를 선택하는 게 좋을 것 같네요.
그리고 회원 가입 시 추천인 선택을 잘 하셔야 일을 배우는데 있어서 많은 도움을 받을 수 있고
시행착오를 줄여서 시간낭비 없이 수익을 내기까지의 시간을 단축할 수 있습니다.
그래서 친절하게 잘 가르쳐 주고 궁금한 게 있으면 언제든지 편하게 문의할 수 있는 사람을
추천인으로 선택하시면 큰 도움이 될 것입니다.
네이버 검색에서
""재택알바 어떤 업체가 좋을까요
""로 검색해서 보시면
자세한  정보를 얻을 수 있어요.
참고하시고 궁금한 게 있으면 편하게 저에게 문의하세요.
친절하게 답변해드리겠습니다.
2016.04.27.
UP
DOWN
댓글
메뉴 더보기
포인트 선물
신고
---
6번째 답변
탈퇴한 사용자 답변
안녕하세요^^
1. 기본적으로 블로그
유명해야되나요?
전혀 상관없습니다
블로그는 유명하듯 안유명하듯","... 부업을 해야만 생활이 되는 절심함이 있으면 그 초심을 잃지 마시고 열심히 하시면 꼭 부업으로도 성공할 수 있으니 좋은 결정 하셔서 생활에 꼭 보탬이 되시길 바랍니다. 더 궁금하시거나, 도움이 필요하시다면 아래 내임카드 참고...",블로그,content-sns,kin,https://kin.naver.com/qna/detail.naver?d1id=4&dirId=40611&docId=251101990&qb=67aA7JeFIOyEseqztQ==&enc=utf8,
cafe_001,브랜드커넥트 수익 후기 한달 월 100만원 부업 성공,오늘 제 글이 여러분께 큰 영감이 되었으면 좋겠습니다. 이상으로 브랜드커넥트 수익 후기 한달 100만원 부업 성공 후기 끝! 다음에 더 유익한 꿀팁으로 다시 돌아오겠습니다.,오늘 제 글이 여러분께 큰 영감이 되었으면 좋겠습니다. 이상으로 브랜드커넥트 수익 후기 한달 100만원 부업 성공 후기 끝! 다음에 더 유익한 꿀팁으로 다시 돌아오겠습니다.,기타,etc,cafe,http://cafe.naver.com/silver0989/4524,
cafe_002,부업성공후기 진짜일까? 해보니까 알겠더라구요,"부업성공후기 진짜일까? 해보니까 알겠더라구요 “진짜 부업으로 돈 벌 수 있을까?” 이 말, 제가 맨날 했던 말이에요ㅋㅋ 아이 어린이집 보내고, 회사도 다니고, 하루하루 정신없이 살다가 어느 날 SNS에서...","부업성공후기 진짜일까? 해보니까 알겠더라구요 “진짜 부업으로 돈 벌 수 있을까?” 이 말, 제가 맨날 했던 말이에요ㅋㅋ 아이 어린이집 보내고, 회사도 다니고, 하루하루 정신없이 살다가 어느 날 SNS에서...",기타,etc,cafe,http://cafe.naver.com/koarane/308381,
cafe_003,"부업 성공 후기, 진짜 되는 방법 알려드릴게요","부업 성공 후기, 진짜 되는 방법 알려드릴게요✨ 부업이란 걸 처음 시작했을 땐 “정말 이걸로 수익이 날까?” 반신반의했어요. 하지만 지금은 당당하게 말할 수 있어요. 진짜 수익이 났고, 이제는 부업이 저에게 하나의...","부업 성공 후기, 진짜 되는 방법 알려드릴게요✨ 부업이란 걸 처음 시작했을 땐 “정말 이걸로 수익이 날까?” 반신반의했어요. 하지만 지금은 당당하게 말할 수 있어요. 진짜 수익이 났고, 이제는 부업이 저에게 하나의...",기타,etc,cafe,http://cafe.naver.com/koarane/140429,
cafe_004,부업성공후기만 보면 다 쉬워보이는데 실제로도 그런가요?,요즘 SNS 보면 하루 몇 분만 투자해서 수익 냈다는 부업성공후기 글들이 진짜 많잖아요. 그런데 솔직히 너무 쉽게만 얘기하니까 오히려 더 의심되기도 해요ㅠㅠ 진짜 그렇게 짧은 시간 투자해서 수익이 나는 구조가 가능한...,요즘 SNS 보면 하루 몇 분만 투자해서 수익 냈다는 부업성공후기 글들이 진짜 많잖아요. 그런데 솔직히 너무 쉽게만 얘기하니까 오히려 더 의심되기도 해요ㅠㅠ 진짜 그렇게 짧은 시간 투자해서 수익이 나는 구조가 가능한...,기타,etc,cafe,http://cafe.naver.com/koarane/240113,
cafe_005,"집에서 가능한 육아맘부업, 이렇게 하면 성공!","───────────────── [육아맘 부업 성공 후기] 실제 사례를 보면, 육아맘부업으로 월 50~100만원 정도 소득을 만든 분들이 꽤 있어요. 하루 1~2시간만 투자해도 가능하다는 점이 가장 큰 장점이에요. 복사...","───────────────── [육아맘 부업 성공 후기] 실제 사례를 보면, 육아맘부업으로 월 50~100만원 정도 소득을 만든 분들이 꽤 있어요. 하루 1~2시간만 투자해도 가능하다는 점이 가장 큰 장점이에요. 복사...",기타,etc,cafe,http://cafe.naver.com/koarane/156118,
cafe_006,무점포창업으로 시작한 소자본부업 성공후기 공개해요,"혹시 요즘 부업거리 찾고 계신 분들 계신가요? 저는 워킹맘이라 아이 학원비, 생활비 등등 빠듯해서 늘 부업에 관심이 많았어요. 근데 그렇다고 가게를 차리기엔 초기자본이 너무 부담이 되더라구요ㅠㅠ 그래서 제가...","혹시 요즘 부업거리 찾고 계신 분들 계신가요? 저는 워킹맘이라 아이 학원비, 생활비 등등 빠듯해서 늘 부업에 관심이 많았어요. 근데 그렇다고 가게를 차리기엔 초기자본이 너무 부담이 되더라구요ㅠㅠ 그래서 제가...",기타,etc,cafe,http://cafe.naver.com/koarane/246207,
cafe_007,집에서손부업 진짜 수익 날까? 주부의 100% 리얼 성공 후기 (사기 구별법 포함),집에서손부업 진짜 수익 날까? 주부의 100% 리얼 성공 후기 (사기 구별법 포함) 요즘 물가가 무섭게 오르다 보니 월급만으로는 생활비가 늘 아쉽더라고요. 그래서 저도 집에서 소소하게 용돈이라도 벌어볼까 싶어 찾아본 게...,집에서손부업 진짜 수익 날까? 주부의 100% 리얼 성공 후기 (사기 구별법 포함) 요즘 물가가 무섭게 오르다 보니 월급만으로는 생활비가 늘 아쉽더라고요. 그래서 저도 집에서 소소하게 용돈이라도 벌어볼까 싶어 찾아본 게...,기타,etc,cafe,http://cafe.naver.com/koarane/380047,
cafe_008,부업성공후기 보면 공통점이 꼭 있더라구요!,"근데 SNS나 유튜브에서 부업성공후기 보다 보니까 단순히 운이 좋아서 된 사람들만 있는 건 아니더라구요. 공통된 방향과 흐름이 있고, 거기에 맞춰서 움직인 사람들이 많았어요!...","근데 SNS나 유튜브에서 부업성공후기 보다 보니까 단순히 운이 좋아서 된 사람들만 있는 건 아니더라구요. 공통된 방향과 흐름이 있고, 거기에 맞춰서 움직인 사람들이 많았어요!...",유튜브,content-sns,cafe,http://cafe.naver.com/koarane/243820,
cafe_009,배민커넥트 수익으로 부업 성공한 후기,"배민커넥트 수익으로 부업 성공한 후기 저는 평범한 30대 직장인입니다. 회사 끝나고도 시간이 남긴 하는데, 매번 누워만 있자니 뭔가 아깝고 허무하더라구요. 그래서 ‘뭐라도 해볼까?’ 하다가 시작한 게 바로...","배민커넥트 수익으로 부업 성공한 후기 저는 평범한 30대 직장인입니다. 회사 끝나고도 시간이 남긴 하는데, 매번 누워만 있자니 뭔가 아깝고 허무하더라구요. 그래서 ‘뭐라도 해볼까?’ 하다가 시작한 게 바로...",배달,platform-labor,cafe,http://cafe.naver.com/koarane/148577,
cafe_010,"월 100만원 부업 만들기, 실제 성공한 방법 정리해봤어요","월 100만원 부업 만들기, 실제 성공한 방법 정리해봤어요 혹시 이웃님들 중에 부업으로 월 100만원 정도... 단순 복사 붙여넣기만으로도 부업이 가능하다는 점이 정말 매력적이었어요. 실제로 후기들을 보면 50대, 60대...","월 100만원 부업 만들기, 실제 성공한 방법 정리해봤어요 혹시 이웃님들 중에 부업으로 월 100만원 정도... 단순 복사 붙여넣기만으로도 부업이 가능하다는 점이 정말 매력적이었어요. 실제로 후기들을 보면 50대, 60대...",기타,etc,cafe,http://cafe.naver.com/koarane/568990,
cafe_011,온라인부업성공후기 알고 시작하면 훨씬 유리함,"무자본으로 시작했는데도 이 정도 나오는 게 신기할 따름이에요ㅎㅎ ───────────────── 이상으로 ""온라인부업성공후기""에 대해 솔직하게 풀어봤는데요. 부업을 할 때 가장 중요한 건 ""시간 대비 수익...","무자본으로 시작했는데도 이 정도 나오는 게 신기할 따름이에요ㅎㅎ ───────────────── 이상으로 ""온라인부업성공후기""에 대해 솔직하게 풀어봤는데요. 부업을 할 때 가장 중요한 건 ""시간 대비 수익...",기타,etc,cafe,http://cafe.naver.com/koarane/257693,
cafe_012,"무자본 부업 성공사례, 진짜 수익 나는 방법 공개합니다","저도 처음엔 반신반의했는데, 실제로 해보니까 진입장벽이 낮아서 부담이 덜하더라구요 ㅎㅎ ◆실제 무자본 부업 성공사례 (현실 후기)◆ 최근 사례를 보면 하루 30분 투자로 월 100만원 이상 수익을 만든 분들도 꽤 많아요....","저도 처음엔 반신반의했는데, 실제로 해보니까 진입장벽이 낮아서 부담이 덜하더라구요 ㅎㅎ ◆실제 무자본 부업 성공사례 (현실 후기)◆ 최근 사례를 보면 하루 30분 투자로 월 100만원 이상 수익을 만든 분들도 꽤 많아요....",기타,etc,cafe,http://cafe.naver.com/uouv96/3434,
cafe_013,부업쇼핑몰후기사기 피해를 회복하기 위한 실질적인 대응 방법은,"가해자들은 채팅방 내부에 다수의 바람잡이를 배치하여 성공 후기 이미지를 공유하며 심리적 압박감을 조성하고, 시스템 오류나 소득세 납부 등의 명목으로 추가 입금을 반복해서 요구하는 특징을 보입니다. :부업쇼핑몰후...","가해자들은 채팅방 내부에 다수의 바람잡이를 배치하여 성공 후기 이미지를 공유하며 심리적 압박감을 조성하고, 시스템 오류나 소득세 납부 등의 명목으로 추가 입금을 반복해서 요구하는 특징을 보입니다. :부업쇼핑몰후...",스마트스토어,online-commerce,cafe,http://cafe.naver.com/cantsb/3225749,
cafe_014,디지털 부업 성공 후기 진짜 가능한 일인지 궁금했죠,"───────────────── 이상으로 ""디지털부업성공후기""를 공유해봤어요. 저처럼 평범한 사람도 수익을 낸다는 건, 그만큼 구조가 잘 되어 있다는 의미 같아요. 요즘처럼 불안정한 시대엔 이렇게 자동화된...","───────────────── 이상으로 ""디지털부업성공후기""를 공유해봤어요. 저처럼 평범한 사람도 수익을 낸다는 건, 그만큼 구조가 잘 되어 있다는 의미 같아요. 요즘처럼 불안정한 시대엔 이렇게 자동화된...",기타,etc,cafe,http://cafe.naver.com/koarane/217032,
cafe_015,쇼핑몰 부업사기 즉시 피해구제 변호사 대응은,"이 과정에서 쇼핑몰 부업사기 조직은 피해자를 특정 단체 채팅방에 초대하고, 성공 후기를 도배하며 참여 욕구를 자극합니다. 또한 '등급이 높아야 더 많이 번다'는 구조를 내세우며 상품 구매 비용 혹은 회원 등급 전환...","이 과정에서 쇼핑몰 부업사기 조직은 피해자를 특정 단체 채팅방에 초대하고, 성공 후기를 도배하며 참여 욕구를 자극합니다. 또한 '등급이 높아야 더 많이 번다'는 구조를 내세우며 상품 구매 비용 혹은 회원 등급 전환...",스마트스토어,online-commerce,cafe,http://cafe.naver.com/pusanmommy/1464661,
cafe_016,쿠팡 손부업 사기 피해 회복과 안전한 자산 복구 솔루션,쿠팡손부업사기 범죄자들은 조작된 수익 화면과 바람잡이들의 성공 후기를 보여주며 피해자의 조급함을 자극합니다. 단순히 쇼핑몰의 물건을 장바구니에 담는 행위만으로 고액의 일당을 준다는 제안은 쿠팡 손부업 사기의...,쿠팡손부업사기 범죄자들은 조작된 수익 화면과 바람잡이들의 성공 후기를 보여주며 피해자의 조급함을 자극합니다. 단순히 쇼핑몰의 물건을 장바구니에 담는 행위만으로 고액의 일당을 준다는 제안은 쿠팡 손부업 사기의...,스마트스토어,online-commerce,cafe,http://cafe.naver.com/kyungmammo/6568863,
cafe_017,챗GTP부업으로 투잡 성공한 현실 후기 공유해요,챗GTP부업으로 투잡 성공한 현실 후기 공유해요 혹시 요즘 부업이나 투잡 생각 중이신 분 계실까요? 저는 올해 초에 다니던 회사를 그만두고 진짜 현실적인 부업을 찾다가 ‘챗GTP부업’이라는 걸 알게 됐어요. 이게 AI...,챗GTP부업으로 투잡 성공한 현실 후기 공유해요 혹시 요즘 부업이나 투잡 생각 중이신 분 계실까요? 저는 올해 초에 다니던 회사를 그만두고 진짜 현실적인 부업을 찾다가 ‘챗GTP부업’이라는 걸 알게 됐어요. 이게 AI...,기타,etc,cafe,http://cafe.naver.com/koarane/52852,
cafe_018,쿠팡부업사기 피해 회복 및 해결을 위한 핵심 가이드,쿠팡부업사기 범죄자들은 조작된 수익 화면과 바람잡이들의 성공 후기를 보여주며 피해자의 조급함을 자극합니다. 단순히 쇼핑몰의 물건을 장바구니에 담는 행위만으로 고액의 일당을 준다는 제안은 논리적으로 불가능한...,쿠팡부업사기 범죄자들은 조작된 수익 화면과 바람잡이들의 성공 후기를 보여주며 피해자의 조급함을 자극합니다. 단순히 쇼핑몰의 물건을 장바구니에 담는 행위만으로 고액의 일당을 준다는 제안은 논리적으로 불가능한...,스마트스토어,online-commerce,cafe,http://cafe.naver.com/lgtabbook/741232,
cafe_019,"온라인부업성공후기, 저도 드디어 한 달 100 넘겼어요","온라인부업성공후기, 저도 드디어 한 달 100 넘겼어요 처음 온라인부업 시작할 때, 솔직히 기대보다 걱정이 더 컸어요. ‘내가 과연 이걸로 돈을 벌 수 있을까?’ 그런데 지금은 한 달 100만원 넘게 꾸준히 수익이 들어오고...","온라인부업성공후기, 저도 드디어 한 달 100 넘겼어요 처음 온라인부업 시작할 때, 솔직히 기대보다 걱정이 더 컸어요. ‘내가 과연 이걸로 돈을 벌 수 있을까?’ 그런데 지금은 한 달 100만원 넘게 꾸준히 수익이 들어오고...",기타,etc,cafe,http://cafe.naver.com/koarane/342463,
cafe_020,페이백 부업 후기 모아봤는데 의외로 간단함!,"특히 팀으로 하면 교육도 같이 받고, 성공 확률도 올라가서 좋더라구요 단순한 부업이 아니라 ‘수익 구조’를 배운다는 느낌이라 더 매력적이에요! 찐 수익인증 후기들! 대박이죠?...","특히 팀으로 하면 교육도 같이 받고, 성공 확률도 올라가서 좋더라구요 단순한 부업이 아니라 ‘수익 구조’를 배운다는 느낌이라 더 매력적이에요! 찐 수익인증 후기들! 대박이죠?...",기타,etc,cafe,http://cafe.naver.com/koarane/238366,
cafe_021,"집에서 하는 단순부업 후기, 육아맘이 직접 해본 타이핑 알바 TOP3 현실 수익",요즘 인기 있는 단순부업 현실 후기] 가장 많이 보이는 핫한 부업 3가지는 보통 아래와 같습니다. 1. 제품... 빠르게 성공하는 이유가 여기 있습니다. 수익인증글 ───────────────── # [온네스 자동화...,요즘 인기 있는 단순부업 현실 후기] 가장 많이 보이는 핫한 부업 3가지는 보통 아래와 같습니다. 1. 제품... 빠르게 성공하는 이유가 여기 있습니다. 수익인증글 ───────────────── # [온네스 자동화...,기타,etc,cafe,http://cafe.naver.com/koarane/256382,
cafe_022,인스타 부수입알바사기 피해금 회복방법은,"사기 일당은 ""하루 1~2시간으로 30~50만 원 가능"", ""재택 부업 성공 후기"" 등의 문구를 앞세워 불특정 다수에게 접근합니다. 첫 번째 단계는 이처럼 합법적인 알바처럼 보이도록 포장하여 피해자가 경계심을 갖지 않도록...","사기 일당은 ""하루 1~2시간으로 30~50만 원 가능"", ""재택 부업 성공 후기"" 등의 문구를 앞세워 불특정 다수에게 접근합니다. 첫 번째 단계는 이처럼 합법적인 알바처럼 보이도록 포장하여 피해자가 경계심을 갖지 않도록...",콘텐츠,content-sns,cafe,http://cafe.naver.com/kig/19437487,
cafe_023,"투잡으로 월 300 성공 후기, 누구나 가능한 이유",그래서 오늘은 실제로 가능한 투잡 방법과 제가 느낀 현실 후기를 솔직하게 정리해드릴게요! ◆ 투잡으로... 작은 성공 경험을 쌓는 것이 중요합니다. 그리고 무엇보다 중요한 건 꾸준함이에요. 저도 초반에는 수익이...,그래서 오늘은 실제로 가능한 투잡 방법과 제가 느낀 현실 후기를 솔직하게 정리해드릴게요! ◆ 투잡으로... 작은 성공 경험을 쌓는 것이 중요합니다. 그리고 무엇보다 중요한 건 꾸준함이에요. 저도 초반에는 수익이...,기타,etc,cafe,http://cafe.naver.com/koarane/548763,
cafe_024,집에서돈벌기 부업 트렌드 변화,집에서돈벌기 부업 트렌드 변화 요즘 집에서돈벌기 관심 없는 분들 거의 없지 않나요. 저도 아이 학교... 남들 성공 후기만 부러워하지 말고 직접 해봐야겠죠 ㅎㅎ 혹시 고민 중이시라면 작은 것부터라도 한번 시도해보셔도...,집에서돈벌기 부업 트렌드 변화 요즘 집에서돈벌기 관심 없는 분들 거의 없지 않나요. 저도 아이 학교... 남들 성공 후기만 부러워하지 말고 직접 해봐야겠죠 ㅎㅎ 혹시 고민 중이시라면 작은 것부터라도 한번 시도해보셔도...,기타,etc,cafe,http://cafe.naver.com/koarane/405794,
cafe_025,"눈높이학습지 부업 후기, 실제 수익은 얼마나 될까?","오늘은 제가 실제로 해본 후기와 수익 정보를 중심으로 정리해보겠습니다. 눈높이학습지 부업, 구체적으로... 팀 단위 운영이 가능해서 성공 확률 높음 솔직히 눈높이 부업보다 안정감 면에서는 더 낫다고 느꼈습니다....","오늘은 제가 실제로 해본 후기와 수익 정보를 중심으로 정리해보겠습니다. 눈높이학습지 부업, 구체적으로... 팀 단위 운영이 가능해서 성공 확률 높음 솔직히 눈높이 부업보다 안정감 면에서는 더 낫다고 느꼈습니다....",기타,etc,cafe,http://cafe.naver.com/koarane/166445,
cafe_026,부업 검색하는 사람들 이건 꼭 봐야해요,"진짜 성공 후기 꽤 많더라구요. 물론 사람마다 케바케겠지만, 시도조차 안하면 아무 일도 안 생기는 건 확실... ───────────────── # 부업, 혼자 하지 마세요! 커뮤니티가 답이에요 요즘은 다 혼자 공부...","진짜 성공 후기 꽤 많더라구요. 물론 사람마다 케바케겠지만, 시도조차 안하면 아무 일도 안 생기는 건 확실... ───────────────── # 부업, 혼자 하지 마세요! 커뮤니티가 답이에요 요즘은 다 혼자 공부...",기타,etc,cafe,http://cafe.naver.com/koarane/223867,
cafe_027,블로그부업 시작해보려는데 수익이 진짜 나는지 너무 궁금해요,인터넷에 있는 성공 후기들은 너무 잘된 이야기만 나와서 오히려 현실감이 없게 느껴지기도 하구요. 저처럼 평범한 직장인도 꾸준히 하면 블로그부업으로 조금씩 수익을 만들 수 있을까요. 실패할까 봐 시작도 못 하고 있는...,인터넷에 있는 성공 후기들은 너무 잘된 이야기만 나와서 오히려 현실감이 없게 느껴지기도 하구요. 저처럼 평범한 직장인도 꾸준히 하면 블로그부업으로 조금씩 수익을 만들 수 있을까요. 실패할까 봐 시작도 못 하고 있는...,블로그,content-sns,cafe,http://cafe.naver.com/koarane/381961,
cafe_028,"부동산부업으로 월 300만원 벌었다는 후기, 진짜일까?","───────────────── [# 부동산부업, 현실 후기 몇 가지] • 직장 다니면서 하루 30분 투자해 월 50~100만원 수익 • 자투리 시간으로 한 달에 5건 이상 유입 성공 • 3개월 집중해 월 300만원 달성한 사례도...","───────────────── [# 부동산부업, 현실 후기 몇 가지] • 직장 다니면서 하루 30분 투자해 월 50~100만원 수익 • 자투리 시간으로 한 달에 5건 이상 유입 성공 • 3개월 집중해 월 300만원 달성한 사례도...",기타,etc,cafe,http://cafe.naver.com/koarane/341925,
cafe_029,프리랜서부업으로 한 달 용돈 벌기 성공했어요!,"프리랜서부업으로 한 달 용돈 벌기 성공했어요! 솔직히 처음엔 저도 반신반의했어요. “프리랜서부업으로... 프리랜서부업 현실 후기를 싹 정리해드릴게요 ───────────────── [# 프리랜서부업, 요즘...","프리랜서부업으로 한 달 용돈 벌기 성공했어요! 솔직히 처음엔 저도 반신반의했어요. “프리랜서부업으로... 프리랜서부업 현실 후기를 싹 정리해드릴게요 ───────────────── [# 프리랜서부업, 요즘...",기타,etc,cafe,http://cafe.naver.com/koarane/80000,
cafe_030,"혼자하기 딱 좋은 온라인 부업, 디지털 노마드가 이런 건가요?ㅎ",되는 부업 찾는 분 이 중에 하나라도 해당된다면 퍼널 마케팅 한 번 해보세요! 저는 하고 나서 진짜 인생 루틴이 바뀌었거든요 ───────────────── [ 퍼널마케팅 성공후기 계속 올라와요] 단순 복붙만...,되는 부업 찾는 분 이 중에 하나라도 해당된다면 퍼널 마케팅 한 번 해보세요! 저는 하고 나서 진짜 인생 루틴이 바뀌었거든요 ───────────────── [ 퍼널마케팅 성공후기 계속 올라와요] 단순 복붙만...,기타,etc,cafe,http://cafe.naver.com/koarane/267973,
cafe_031,요즘 인기 폭발! 국민내일배움카드 신청방법 및 꿀팁까지 싹 정리했어요!,"취업이나 부업으로 연결되는 경우도 많다고 해요. 컴활, 전산세무, 바리스타, 요양보호사 같은 자격증 과정도 꾸준히 인기구요! 저도 커뮤니티 후기들 보니까 실제 취업 성공 후기들이 꽤 많아서 괜히 관심이 가더라구요...","취업이나 부업으로 연결되는 경우도 많다고 해요. 컴활, 전산세무, 바리스타, 요양보호사 같은 자격증 과정도 꾸준히 인기구요! 저도 커뮤니티 후기들 보니까 실제 취업 성공 후기들이 꽤 많아서 괜히 관심이 가더라구요...",기타,etc,cafe,http://cafe.naver.com/koarane/569156,
cafe_032,재택포장부업 하루 2시간 투자로도 될까?,"단순한 일이라 진입장벽도 낮고, 시간제약도 없어서 인기 폭발이에요 게다가 SNS에서 성공후기 보면 은근 자극도 받고요ㅎㅎ ───────────────── [# 주의해야 할 점도 있어요!] 이 부업은 ‘선입금’...","단순한 일이라 진입장벽도 낮고, 시간제약도 없어서 인기 폭발이에요 게다가 SNS에서 성공후기 보면 은근 자극도 받고요ㅎㅎ ───────────────── [# 주의해야 할 점도 있어요!] 이 부업은 ‘선입금’...",기타,etc,cafe,http://cafe.naver.com/koarane/200584,
cafe_033,50대부업 찾는다면 이 방법 한번 알아보세요,요즘 주변에서 은근히 부업을 시작하는 50대 분들이 꽤 많더군요. 저도 퇴직을 하고 나니 하루가 너무 길게... 다양한 연령대의 성공 후기도 꽤 많은 걸 보고 더 확신을 가졌답니다....,요즘 주변에서 은근히 부업을 시작하는 50대 분들이 꽤 많더군요. 저도 퇴직을 하고 나니 하루가 너무 길게... 다양한 연령대의 성공 후기도 꽤 많은 걸 보고 더 확신을 가졌답니다....,기타,etc,cafe,http://cafe.naver.com/koarane/254050,
cafe_034,천만원창업 진짜 성공한 사람들 후기 모아봤어요,"저도 요즘 부업이나 투잡 쪽으로 기웃기웃하고 있는데, 어떻게 하면 리스크 적게, 효율적으로 시작할 수... ───────────────── [* 실제 후기: “이래서 잘 됐어요!”] 한 커뮤니티에서 본 성공 후기 중...","저도 요즘 부업이나 투잡 쪽으로 기웃기웃하고 있는데, 어떻게 하면 리스크 적게, 효율적으로 시작할 수... ───────────────── [* 실제 후기: “이래서 잘 됐어요!”] 한 커뮤니티에서 본 성공 후기 중...",기타,etc,cafe,http://cafe.naver.com/koarane/255471,
cafe_035,ai글쓰기부업 월 200만원 수익 낸 사람들 비결,"지금도 블로그, 인스타, 카페 등에서 ai글쓰기부업 후기 엄청 많아요. 그만큼 실전으로 돈 버는 사람들이... 게다가 팀 단위로 움직이면 성공 확률도 훨씬 높아지고요. 챗GPT를 조금만 다뤄도 하루 30분 투자로 꾸준한...","지금도 블로그, 인스타, 카페 등에서 ai글쓰기부업 후기 엄청 많아요. 그만큼 실전으로 돈 버는 사람들이... 게다가 팀 단위로 움직이면 성공 확률도 훨씬 높아지고요. 챗GPT를 조금만 다뤄도 하루 30분 투자로 꾸준한...",블로그,content-sns,cafe,http://cafe.naver.com/koarane/102050,
cafe_036,"재택근무부업, 집콕하면서 수익나는 구조?","재택근무부업, 집콕하면서 수익나는 구조? 혹시 요즘 집에서 할 수 있는 재택근무부업에 관심 있으신 분... 하시더라구요 ───────────────── [성공 후기, 생각보다 많아요] 가장 놀랐던 건, 60대 분도...","재택근무부업, 집콕하면서 수익나는 구조? 혹시 요즘 집에서 할 수 있는 재택근무부업에 관심 있으신 분... 하시더라구요 ───────────────── [성공 후기, 생각보다 많아요] 가장 놀랐던 건, 60대 분도...",기타,etc,cafe,http://cafe.naver.com/koarane/120465,
cafe_037,현실적인부업 고민이라면 주목해야 할 키워드 하나,특히 40~60대 사용자들의 성공 후기들이 자주 올라오고 있어서 이 연령대에게도 충분히 도전할 만한 방식으로 보입니다. ───────────────── [*내게 맞는 부업 찾는 가장 확실한 방법*] 부업을 고를 때는...,특히 40~60대 사용자들의 성공 후기들이 자주 올라오고 있어서 이 연령대에게도 충분히 도전할 만한 방식으로 보입니다. ───────────────── [*내게 맞는 부업 찾는 가장 확실한 방법*] 부업을 고를 때는...,기타,etc,cafe,http://cafe.naver.com/koarane/125391,
cafe_038,챗GPT 부업 루트 | 초보도 가능한 자동화 수익 구조,"챗GPT 부업 루트 | 초보도 가능한 자동화 수익 구조 요즘 “챗GPT로 돈 번다”는 말 들어보셨나요? 저도... 예를 들어 “다이어트 성공 후기”라고 입력하면, 실제 체험담처럼 글이 완성돼요. 그걸 살짝 다듬어 블로그...","챗GPT 부업 루트 | 초보도 가능한 자동화 수익 구조 요즘 “챗GPT로 돈 번다”는 말 들어보셨나요? 저도... 예를 들어 “다이어트 성공 후기”라고 입력하면, 실제 체험담처럼 글이 완성돼요. 그걸 살짝 다듬어 블로그...",블로그,content-sns,cafe,http://cafe.naver.com/koarane/35495,
cafe_039,경제적 자유를 위해 부업으로 시작하는 방법 알려드림,───────────────── [다른 사람들의 부업 후기] 친구 A는 블로그와 쇼핑몰로 월 70만원... 팀으로 진행 가능해서 성공 확률도 높아요. 무엇보다 단순 복사+붙여넣기만 해도 수익이 발생하는 게 장점! 저도...,───────────────── [다른 사람들의 부업 후기] 친구 A는 블로그와 쇼핑몰로 월 70만원... 팀으로 진행 가능해서 성공 확률도 높아요. 무엇보다 단순 복사+붙여넣기만 해도 수익이 발생하는 게 장점! 저도...,스마트스토어,online-commerce,cafe,http://cafe.naver.com/koarane/242537,
cafe_040,수공예부업 초보도수익가능한포인트,혹시 요즘 집에서 수공예부업에 관심 있는 분들 계신가요? 저도 최근에 주변에서 많이 듣게 되면서 궁금증이... ───────────────── [작은 성공 후기] 친구 중에는 집에서 뜨개질로 컵받침 만들어...,혹시 요즘 집에서 수공예부업에 관심 있는 분들 계신가요? 저도 최근에 주변에서 많이 듣게 되면서 궁금증이... ───────────────── [작은 성공 후기] 친구 중에는 집에서 뜨개질로 컵받침 만들어...,기타,etc,cafe,http://cafe.naver.com/koarane/160863,
cafe_041,"집에서하는부업, 요즘 진짜 괜찮다구요?","집에서하는부업, 요즘 진짜 괜찮다구요? 요즘 주변에서 ‘집에서 일하면서 돈 버는 법 없을까?’ 이런 말... 커뮤니티에도 성공 후기 진짜 많아요. 60대 어머님이 한 달에 200만원 넘게 버신 경우도 있었고, 직장인 분들은...","집에서하는부업, 요즘 진짜 괜찮다구요? 요즘 주변에서 ‘집에서 일하면서 돈 버는 법 없을까?’ 이런 말... 커뮤니티에도 성공 후기 진짜 많아요. 60대 어머님이 한 달에 200만원 넘게 버신 경우도 있었고, 직장인 분들은...",기타,etc,cafe,http://cafe.naver.com/koarane/39097,
cafe_042,악세사리부업 이거 진짜 돈될까? 직접 해본 리얼후기!,""" 싶어서 본격적으로 시작하게 됐어요ㅎㅎ 오늘은 제가 직접 경험한 악세사리부업 리얼 후기부터, 어떻게... 그리고 1주일 안에 첫 판매 성공했어요ㅎㅎ 그땐 정말 눈물 날 뻔... 조금만 노력하면, 누구나 충분히 가능하다고...",""" 싶어서 본격적으로 시작하게 됐어요ㅎㅎ 오늘은 제가 직접 경험한 악세사리부업 리얼 후기부터, 어떻게... 그리고 1주일 안에 첫 판매 성공했어요ㅎㅎ 그땐 정말 눈물 날 뻔... 조금만 노력하면, 누구나 충분히 가능하다고...",기타,etc,cafe,http://cafe.naver.com/koarane/145846,
cafe_043,온라인강의 수요가 늘면서 부업기회까지 커지는 분위기네요,"온라인강의 수요가 늘면서 부업기회까지 커지는 분위기네요 요즘 제가 온라인강의 쪽을 기웃거리게 된... [퍼널마케팅 성공 후기들은 진짜 실감 나요] 요즘 60대 분들도 따라해서 수익 난다는 얘기, 저도 처음에 안...","온라인강의 수요가 늘면서 부업기회까지 커지는 분위기네요 요즘 제가 온라인강의 쪽을 기웃거리게 된... [퍼널마케팅 성공 후기들은 진짜 실감 나요] 요즘 60대 분들도 따라해서 수익 난다는 얘기, 저도 처음에 안...",강의,digital-products,cafe,http://cafe.naver.com/koarane/200106,
cafe_044,주부부업으로 월 100만원 이상 벌 수 있는 이유,"팔로워나 좋아요보다 ‘진짜 후기’처럼 보이는 글이 훨씬 반응이 좋아요. 꾸밈없이 일상 톤으로 쓰는 게 포인트 ───────────────── [시간관리, 부업 성공의 핵심] 주부들은 하루 일정이 진짜 꽉 차...","팔로워나 좋아요보다 ‘진짜 후기’처럼 보이는 글이 훨씬 반응이 좋아요. 꾸밈없이 일상 톤으로 쓰는 게 포인트 ───────────────── [시간관리, 부업 성공의 핵심] 주부들은 하루 일정이 진짜 꽉 차...",기타,etc,cafe,http://cafe.naver.com/koarane/78323,
cafe_045,집에서손부업으로 월 100만원 이상 벌 수 있을까? 직접 해봤어요.,"집에서손부업 성공 포인트] 1️⃣ 꾸준히 하는 습관 2️⃣ 검증된 업체 선택 3️⃣ SNS나 블로그 활용 이 세 가지만 잘 지켜도 결과가 달라져요. 특히 블로그나 인스타에 손부업 후기 올리면, 업체에서 먼저 연락 오기도...","집에서손부업 성공 포인트] 1️⃣ 꾸준히 하는 습관 2️⃣ 검증된 업체 선택 3️⃣ SNS나 블로그 활용 이 세 가지만 잘 지켜도 결과가 달라져요. 특히 블로그나 인스타에 손부업 후기 올리면, 업체에서 먼저 연락 오기도...",블로그,content-sns,cafe,http://cafe.naver.com/koarane/87929,
cafe_046,하루 1시간 모바일부업으로 부수입 만들기 성공기!,하루 1시간 모바일부업으로 부수입 만들기 성공기! 안녕하세요 여러분ㅎㅎ 요즘 저 모바일부업에 푹... ───────────────── [성공 후기와 현실적인 수익] 저처럼 1시간씩 투자해서 월 10만~30만원 정도...,하루 1시간 모바일부업으로 부수입 만들기 성공기! 안녕하세요 여러분ㅎㅎ 요즘 저 모바일부업에 푹... ───────────────── [성공 후기와 현실적인 수익] 저처럼 1시간씩 투자해서 월 10만~30만원 정도...,기타,etc,cafe,http://cafe.naver.com/koarane/106372,
cafe_047,간단한부업 요즘엔 스마트폰으로도 가능하다구요,"───────────────── [제가 실제로 해본 간단한부업 후기] 저는 처음엔 반신반의하면서... 특히 팀으로 함께하면 성공 확률이 훨씬 높고, 단순 복사 붙여넣기만으로도 홍보가 가능해요. 요즘은 챗GPT...","───────────────── [제가 실제로 해본 간단한부업 후기] 저는 처음엔 반신반의하면서... 특히 팀으로 함께하면 성공 확률이 훨씬 높고, 단순 복사 붙여넣기만으로도 홍보가 가능해요. 요즘은 챗GPT...",기타,etc,cafe,http://cafe.naver.com/koarane/46259,
cafe_048,재택포장부업으로 집에서도 쉽게 부수입 만들기 가능할까용?,[재택포장부업 후기] 저희 이웃 주부분들은 하루 1~2시간 투자로 월 50만~60만원 수익 올리셨대요. 단순 반복... 팀으로 진행 시 성공 확률이 더 높음 저희 팀에도 이미 60대 이상 분들이 한 달 만에 첫 수익 달성했어요. 정말...,[재택포장부업 후기] 저희 이웃 주부분들은 하루 1~2시간 투자로 월 50만~60만원 수익 올리셨대요. 단순 반복... 팀으로 진행 시 성공 확률이 더 높음 저희 팀에도 이미 60대 이상 분들이 한 달 만에 첫 수익 달성했어요. 정말...,기타,etc,cafe,http://cafe.naver.com/koarane/97397,
cafe_049,"이직성공후기, 3개월 만에 연봉 1000 올렸어요","지금은 결과적으로, 연봉 1000 올리고 워라밸까지 챙긴 성공후기라 자랑 좀 하려구요ㅎㅎ... 요즘은 투잡, 부업, 사이드 프로젝트로도 충분히 커리어 확장이 가능하니까요. 특히 회사에서 받지 못하는 만족감, 자율성, 수익은...","지금은 결과적으로, 연봉 1000 올리고 워라밸까지 챙긴 성공후기라 자랑 좀 하려구요ㅎㅎ... 요즘은 투잡, 부업, 사이드 프로젝트로도 충분히 커리어 확장이 가능하니까요. 특히 회사에서 받지 못하는 만족감, 자율성, 수익은...",기타,etc,cafe,http://cafe.naver.com/koarane/216801,
cafe_050,"틱톡돈벌기 성공 후기, 이건 진짜 찐이에요","틱톡돈벌기 성공 후기, 이건 진짜 찐이에요 요즘 SNS 보면 ‘틱톡으로 돈 벌었다’는 글이 진짜 많잖아요?... 요즘 유행하는 챗GPT나 생산성 앱, 자투리 시간 부업 같은 주제가 반응이 좋아요. 또 요즘 틱톡에서는 AI영상...","틱톡돈벌기 성공 후기, 이건 진짜 찐이에요 요즘 SNS 보면 ‘틱톡으로 돈 벌었다’는 글이 진짜 많잖아요?... 요즘 유행하는 챗GPT나 생산성 앱, 자투리 시간 부업 같은 주제가 반응이 좋아요. 또 요즘 틱톡에서는 AI영상...",콘텐츠,content-sns,cafe,http://cafe.naver.com/koarane/81054,
blog_051,매트리스 청소창업 부업으로 시작했다가 본업까지 성공한 후기,"저는 처음엔 창업에 대한 부정적인 생각을 갖고 있던 사람이었어요. 일이 끝나고 집에 오면 딱히 뭘 더 할 생각도 없고, 그렇다고 그냥 시간을 보내기엔 아깝다는 생각이 계속 들기 시작하여 가볍게 부업으로 시작해볼 일들을 검색해보기 시작했어요.
​
그러면서 알게된 게 매트리스 청소창업이었어요. 처음 시작할 때 이거로 돈을 벌어야겠다 라고 생각하기 보다, 이 정도면 주말에 한 번 해볼 수 있겠다 정도로 시작했어요.
​
시간을 내가 조절할 수 있고, 정해진 공간이 없어도 되고, 특별한 경력이 없어도 시작할 수 있다는 점이 부업으로 접근하기에는 괜찮아 보였어요.
​
사실 직장을 다니면서 번아웃도 오고, 이렇게 동결된 월급만 다달이 받으며 생활하는게 지겹기도 했었어요. 만약 부업으로 시작했다가 이 일이 잘 된다고 하면 본업으로도 해볼 수 있지 않을까 하는 작은 기대도 있었어요.
​
그래서 일단 부담없이 시작해보기로 결심했어요.
1. 생각보다 빨리 일이 생겼어요
매트리스 청소창업을 시작하고 처음엔 하루 한 건도 많다고 느꼈어요. 일이 익숙하지도 않았고, 속도도 느렸기 때문에 처음부터 욕심내지 않았어요.
​
그런데 몇 번 반복하다보니 어느 순간 작업도 점점 수월해지고, 조금 더 해봐야겠다는 욕심도 조금씩 나기 시작했어요.
2. 이제는 부업이 아니라 수익을 먼저 생각하게 되었어요.
계속 하다보니까 생각이 조금씩 바뀌기 시작했어요. 처음에는 시간 대비 용돈 정도 느낌이었다면, 점점 이걸 더 늘리면 얼만큼의 수익이 발생하겠지 라는 생각에 일이 더 재밌어지기 시작했어요.
​
가장 좋았던 건, 일한 만큼 바로 수익으로 연결된다는 점과, 고정비가 거의 없다는 점이었어요.
이때부터는 그냥 매트리스 청소창업이 부업이 아닌 하나의 수익 구조로 보여지기 시작했어요.
3. 비치움으로 선택한 이유는 이거였어요.
여러가지 방식이 있었지만 저는 비치움으로 시작하게 되었어요. 이유는 아주 단순했어요.
​
처음 시작할 때 가맹비나 교육비 부담이 전혀 없었고, 장비도 구매가 아니라 렌탈 방식으로 가능했어요. 그렇기에 초기 비용이 100만 원대 밖에 안 되더라고요.
​
무엇보다, 초기에는 혼자 모든 걸 만들어야 하는 게 막막했었는데, 어느 정도 흐름이 잡혀 있는 시스템이라는 점이 컸어요.
​
완전히 혼자 시작하는 느낌이 아니라는 게 초반에는 생각보다 중요했어요.
4. 돈보다 시간에 대한 인식이 달라졌어요.
매트리스 청소창업을 하면서 가장 크게 바뀐 제 생각은 예전엔 시간을 써도 수익은 그대로였는데 이건 시간을 쓰면 쓸수록 수익으로 바로 연결되는 것이에요.
​
그래서 자연스럽게 시간을 더 투자해보고 싶다는 생각이 들었고, 이후에는 회사도 퇴사하며, 청소를 본업으로 삼아 열심히 하기 시작했어요.
5. 결국 본업으로 전환하게 되었어요.
부업으로 시작하게 되었지만, 어느 순간부터 선택의 시점이 오더라고요. 계속 부업으로만 유지할지 아니면 더 키워볼지..
​
수입이 일정 수준 이상으로 올라왔는지와 계속 이어질 수 있는 구조인지를 핵심적으로 생각하다보니, 본업으로도 가능하다는 생각이 들었어요.
​
그래서 결국 매트리스 청소창업을 지금은 본업으로 하고 있어요.
6. 마케팅을 본사에서 지원해주기 때문에 더 부담이 덜 했어요.
처음에 고객에게 문의를 받으려면 온라인부터 오프라인 마케팅이 필요하다고 생각했어요. 저는 그냥 단순 직장인이고, 부업 정도로만 생각하고 있었기 때문에 마케팅에 큰 비용을 투자할 생각 조차도 없었어요.
​
비치움에서는 본사 차원에서 지원해주는 마케팅이 있더라고요. 그래서 그런지 첫 문의를 받는 것이 어렵지 않았고, 초기에 자리잡는 것이 어렵지 않았던 것 같아요.
​
비치움을 선택하게 된 이유에서도 이런 부분이 있어요. 매트리스 청소창업 다른 브랜드에서는 가맹비나 교육비도 있을 뿐더러, 마케팅도 자체적으로 진행해야하는 것이 대부분이었는데, 비치움은 처음에 자리를 잡을 수 있게 도와주는 시스템이 잘 구축이 되어있었어요.
​
7. 시작하는 방식이 가장 중요했어요.
지금 생각해보면 처음부터 큰 돈을 넣고 시작했더라면 오히려 큰 부담으로 다가왔을거에요. 부업으로 가볍게 시작했기 때문에 방향을 잘 잡을 수 있었고, 그 이후에 확장에 대한 고민까지 이어졌던 것 같아요.
​
이건 누가 창업하라고 대신 판단해 줄 일이 아니지만 한 가지는 확실하게 말할 수 있는 건 처음부터 큰 돈을 투자해서 창업하는 건 리스크가 크다는 점이에요.
매트리스 청소창업을 부업으로 시작하고, 직접 해본 뒤 그 때 방향을 결정해도 늦지 않는다는 걸 깨달았어요.
​
궁금해하실 분들을 위해 아래 링크 달아둘게요.
​
​
​
비치움 상담 링크
매트리스 소파 청소 비치움 창업 문의
네이버 폼 설문에 바로 참여해 보세요.
naver.me
​
​
비치움 홈페이지
[비치움] 클린맥스 렌탈 | 매트리스케어 | 에어컨케어 | 세탁기케어 | 입주청소
주식회사 비치움, 프리미엄 홈케어, 미세먼지, 집먼지, 진드기 / 자체 방역, 소독 / 클린맥스
www.bchium.com
​
​","가볍게 부업으로 시작해볼 일들을 검색해보기 시작했어요. 그러면서 알게된 게 매트리스... 시간을 내가 조절할 수 있고, 정해진 공간이 없어도 되고, 특별한 경력이 없어도 시작할 수 있다는 점이 부업으로...",기타,etc,blog,https://blog.naver.com/queencome/224223706614,20260320
blog_052,코바늘 초보 시작해서 재택부업 성공한 사장님이 된 후기,""" 이 포스팅을 업체로부터
소정의 수수료를 지급받고 작성한 글입니다 ""
​
​
​
신랑 월급이 평균 이상이 아니면
외벌이로 혼자서 벌며
아이를 키우기 쉽지 않았기에
저도 이제는 뭐라도
해야할 것 같았어요
​
근데 너무 오랫동안
육아에만 집중을 했기에
할 줄 아는 일이 없어서 뭘할지
고민을 하다 이전부터
관심있었던 뜨개질로 부업을
시작했답니다^^
​
전에 뜨개질로 수세미를
몇 번 만들어보긴 했었지만
아직은 코바늘 초보라
조금씩 도움을 받고 시작을 하며
수익활동을 할 수 있었네요
​
​
​
​
​
​
​
​
특별한 기술이 지식이 없으니
처음에는 박스접기 같은
단순 부업만 떠올랐어요
하지만 이런 일들은
단가가 너무 낮기 때문에
하고 싶지 않더라고요
​
하지만 뜨개질 부업은
내가 직접 제작해 판매하기에
일하는 만큼 벌 수 있고
안정적으로 수익을 낼 수 있으니
해보고 싶었어요
​
코바늘 초보도
쉽게 할 수 있는 곳을
알아봤네요
​
​
​
​
​
​
​
​
보통 뜨개질 배우는 곳은
뜨개공방을 떠올리는데
아이가 어려서 외출하기가 쉽지 않아
독학으로 해볼까 했죠
​
너튜브랑 책을 보면서
시작을 했었지만
이해가 어려웠고 영상들은
편집이 많이 되어 있어
제한이 많았어요
​
그래서 찾은 방법이
바로 인강이었죠!
수공예를 전문적으로
가르쳐주는 온라인 기관이
있는 거예요 ㅎㅎ
​
​
​
​
​
​
​
​
최근에는 온라인 강좌로
많이 배우고 있어서
저도 어떤 곳에서 할지
고민이 됐는데요
저한테 딱 맞는 기관이 있었죠
​
전문 과정으로 뜨개질을
가르쳐주고 나중엔
수익을 내도록 지원을
해주는 곳이었어요
​
이렇게만 해도 만족했는데
첫 과목에 한 해서
초도 재료세트를 제공해준다길래
바로 등록을 했답니다^^
​
​
​
​
​
​
​
​
제가 뜨개질을 배운 기관이
수공예 전문 기관이라
과목도 엄청 많았는데요
​
저는 이미 뜨개질로 정해서
뜨개질 전문 과정을
들었어요
​
근데 한 과목만 수강해도
전 과목을 듣도록
오픈해준다는 거!!!
​
또한, 배우는 기간이나
횟수에 제약도 없기 때문에
평생 배울 수 있어
오히려 가성비있게 느껴졌죠
​
​
​
​
​
​
​
​
아이가 잠든 저녁시간에
인강을 보면서 배워나갔어요
​
다른 수강생들의 눈치를
보지 않아도 되고
내가 원하는 만큼 연습하며
따라가니 확실히 실력이
금방 늘더라고요
​
손재주가 있거나
속도가 빠르지 않은
코바늘 초보자였기에 만약에
다른 사람들과 같이 배웠다면
진도 따라가느라
힘들었을 거예요 ㅠㅠ
​
하지만 혼자서 인강으로
배우니까 내 속도에 맞춰 자유롭게
진도를 나갈 수 있어서
실력이 단기간에 쌓이게 된거죠
​
​
​
​
​
​
​
​
인강을 보며 확대된
강사님의 손동작으로
코를 어디서 넣는지 자세하게
볼 수 있었네요
​
만약에 어렵거나 복잡하면
멈추거나 재생 속도를
조절해가며 배워나갔죠
​
수세미부터 네트백, 인형,
비니, 아기용품, 가랜더 등등
다양한 뜨개 아이템을
만들어봤고 재택부업을 하려고
하나씩 준비를 했어요
​
​
​
​
​
​
​
​
뜨개질 부업은
온라인 판매, 수업 운영,
공방 창업 등 다양하게 있지만
저는 만든 뜨개 아이템을
제작해 판매하고 있어요
​
재택부업을 하고 싶었기에
뜨개 제품들을
온라인 쇼핑몰에서
판매를 지원받게 된거죠
​
근데 판매는 한 적이 없어
내가 잘 할 수 있을까,, 두려웠지만
기관에서는 수강생들에게
여러 지원을 해주니
수월하게 할 수 있었네요
​
​
​
​
​
​
​
​
뜨개질로 수익을 내게끔
여러 지원을 해주는데요 ㅎㅎ
저도 이런 지원이 없었다면
절대 못했을 거예요
​
온라인에서 판매를 하도록
수강생 전용 쇼핑몰을
제공해주니까요
이곳은 무료로 이용이
가능하다는 거!
​
이용료나 수수료 등
기타 비용이 전혀 없으니까
다른 쇼핑몰에서 판매를 하는 것보단
마진율이 높아요
​
​
​
​
​
​
​
​
양식을 제공해줘서
다른 사람들이 올린 거랑
비교해 등록을 하면 쉬워요
​
위의 올린 것처럼
올려놓으면 바로 판매가
가능해요
​
이렇게만 해도
판매가 가능하다고??
저도 의구심을 가졌지만
위의 사이트는 유명 사이트와
연동되었기에 별다른
홍보나 마케팅을 하지 않아도
여러 곳에 올라가 판매가 되거든요
​
그러니 내가 다른 할 일 없이
주문받은 뜨개 제품을
만들어서 배송하면 돼요
​
​
​
​
​
​
​
​
제가 코바늘 초보에서
실력을 쌓아 뜨개질 부업까지
할 수 있을지 정말 걱정이 컸어요
​
이렇다할 능력이 없는
주부가 재택부업으로 할 일이
사실 많지 않거든요
​
하지만 내가 좋아하는 일로
취미처럼 하려고 했는데
정말 즐겁고 수익도 좋아서
하루하루 만족하며
일하는 중이네요^^
​
취미로 돈을 벌면서
자유롭게 집에서 일할 수
있으니까 이 조건에 일하고 싶다면
링크를 남길테니까 들어가셔서
자세히 알아보세요~
​
​
​
뜨개질 부업 온라인 과정
더 자세히 알아보기>>>
​
​",뜨개질로 부업을 시작했답니다^^ 전에 뜨개질로 수세미를 몇 번 만들어보긴 했었지만 아직은 코바늘... 단순 부업만 떠올랐어요 하지만 이런 일들은 단가가 너무 낮기 때문에 하고 싶지 않더라고요 하지만 뜨개질...,기타,etc,blog,https://blog.naver.com/garbeekr/224124323979,20251227
blog_053,쿠팡사업자 등록하고 부업 성공한 후기,"쿠팡사업자 등록하고 부업 성공한 후기
쿠팡사업자 등록하고 부업 성공한 후기
쿠팡사업자 등록하고 부업 성공한 후기
​
​
얼마 전까지만 해도 저는 전형적인 회사원 생활을 하고 있었어요.
출근해서 하루 종일 업무 처리하고, 퇴근하면 그대로 지쳐서 쉬는 게 전부였어요.
그러다 보니 시간이 지날수록
“지금처럼 회사 일만 하면서 살아도 괜찮을까?”
하는 고민이 자연스럽게 생기기 시작했어요.
그때 문득 주변에서 쿠팡사업자를 준비한다는 이야기들이 많이 들렸어요.
요즘은 회사 다니면서 부업으로 온라인 판매를 병행하는 사람이
생각보다 정말 많더라고요.
그래서 저도 처음으로 쿠팡사업자 등록을 알아보기 시작했어요.
막연하게는 “상품만 등록하면 되겠지”라고 생각했는데,
실제로 파고들면 들수록 해야 하는 일들이 너무 많았어요.
​
상품 소싱, 마켓 트렌드 분석, 상세페이지 제작, 광고 운영, 재고 관리까지
직접 챙겨야 하는 과정이 정말 많더라고요.
본업이 있는데 이걸 다 감당할 수 있을까 하는 걱정이 먼저 들었어요.
그래도 쿠팡사업자가 너무 매력적인 건 사실이었어요.
초기 비용이 많이 들지 않고, 집에서도 운영할 수 있다는 점이
부업을 고민하는 직장인에게는 큰 장점이었어요.
​
그래서 퇴근 후에 시간을 내서
여러 콘텐츠와 후기들을 보면서 공부를 시작했어요.
​
하지만 공부를 하면 할수록
“이걸 혼자서 제대로 할 수 있을까?”라는 불안감이 커졌어요
특히 광고나 상세페이지 같은 부분은
아예 경험이 없는 사람에게는 쉽지 않은 영역이었어요.
그래서 한동안 쿠팡사업자 준비가 멈춰 있었어요.
​
그러던 중 온라인 셀러 커뮤니티에서
토탈셀러의 제로셀과 셀독 후기가 눈에 띄었어요.
​
혼자서 모든 과정을 해결하는 방식이 아니라
운영 전체를 자동화해주는 시스템이라고 소개되어 있었어요.
그때 처음 “이런 방법도 있구나” 싶었어요.
제로셀은 상품 제작부터 광고까지
대부분의 과정을 시스템이 자동으로 진행해주는 방식이었어요.
​
제가 직접 소싱을 하지 않아도
시장성이 있는 상품이 기획돼서 운영되는 구조다 보니
초보자인 저도 부담 없이 시작할 수 있었어요.
​
덕분에 쿠팡사업자 등록만 해두고 방치해두던 상태에서
조금씩 운영 감각을 익히기 시작했어요.
매주 제공되는 리포트를 보면서
어떤 제품이 반응이 좋은지, 광고 흐름이 어떻게 변화하는지
데이터를 천천히 이해할 수 있었어요.
초보 셀러에게는 이런 ‘자동화된 운영’이 큰 도움이 되었어요.
​
그리고 셀독으로 전환하면서
직접 판매 계정을 운영하는 방식도 경험할 수 있었어요.
셀독은 반복적인 작업을 자동화해주고
필요한 관리만 제가 확인하면 되는 구조라
직장 생활과 병행하기에 정말 편했어요.
​
그리고 쿠팡사업자로서 어떤 식으로 운영해야 하는지
조금씩 감이 생겨서 자신감도 생겼어요.
특히 가장 만족스러웠던 건
재고나 포장 같은 물류 작업을
제가 직접 하지 않아도 되었다는 점이었어요.
​
이 부분이 초보 쿠팡사업자에게는 정말 큰 스트레스거든요.
하지만 토탈셀러 시스템 안에서는
이런 과정이 자동으로 처리되니
저는 판매 흐름만 관리하면 되었어요.
만약 제가 처음부터 혼자 쿠팡사업자 운영을 시작했다면
아마 초반에 시행착오만 반복하고 포기했을 것 같아요.
​
하지만 자동화 시스템을 활용하면서 운영해보니
부업이 아니라 작은 온라인 사업처럼 느껴졌어요.
시간이 부족한 직장인에게 딱 맞는 방식이었어요.
​
돌아보면,
쿠팡사업자를 준비하려던 제 고민은
“내가 혼자서 다 할 수 있을까?”였어요.
하지만 제로셀과 셀독을 경험한 후에는
체계적인 시스템이란 이런거구나 라는 생각으로 바뀌었어요.
운영에 대한 부담이 확 줄었기 때문이에요.
지금은 셀독을 통해 안정적으로 계정을 관리하며
언젠가 나만의 브랜드를 운영해보는 것도 목표로 하고 있었어요.
혼자였다면 절대 상상하지 못했을 거예요.
​
만약 저처럼 쿠팡사업자를 고민하는 직장인이라면
처음부터 모든 걸 혼자 해보려 하기보다
이런 자동화된 운영 구조를 먼저 경험해보는 것도
정말 좋은 선택이라고 느꼈어요.
​
​
​
토탈셀러 - 온라인 셀러를 위한 원스톱 솔루션
토탈셀러와 함께 성공적인 온라인 비즈니스를 시작하세요
totalseller.co.kr
​",쿠팡사업자 등록하고 부업 성공한 후기 쿠팡사업자 등록하고 부업 성공한 후기 쿠팡사업자 등록하고 부업 성공한 후기 얼마 전까지만 해도 저는 전형적인 회사원 생활을 하고 있었어요. 출근해서 하루 종일 업무...,기타,etc,blog,https://blog.naver.com/gganggu1243/224078885134,20251117
blog_054,토퍼제작기계 하나로 부업 성공한 후기,"저는 토퍼제작기계로
부업을 시작했는데요!
​
집에 컴퓨터나 노트북,
토퍼 기계, 종이 및 문구류로
간단하게 시작할 수 있었어요.
​
실제로 부업을 해보니
큰 공간이 아니어도
집 한 켠에서 토퍼 제작이 되더라구요.
그래서 따로 공방을 차리지 않고,
집에서도 충분히 가능하답니다.
​
​
처음에는 주변 사람들 기념일이나
생일에 쓸 토퍼를 직접 구매했어요.
작은 소품 하나로
분위기 내기 좋아서
이벤트가 있으면 꼭 사게 되더라구요.
​
그런데 이게 문구 조금 들어간다고
금액대가 좀 있더라구요.
재료값을 보며 되게 저렴해보이는데,
기본 1만원 부터 시작이니
이 아이템은 수익이 어떨까
이런 생각이 들었어요.
​
그래서 토퍼제작기계를 내가 사서
부업으로 해보면 어떨까 싶었어요.
​
​
알아보니
토퍼 관련 부업을 하는 게
어렵진 않더라구요.
기계가 대부분 작업을 다 해주니까
도안만 만들 줄 안다면
자유롭게 여러 디자인을
꾸밀 수 있는 거죠.
​
주문이 들어오면
미리 만든 도안에 컷팅기계로 잘라
종이를 붙이고 포장만 하면 끝!
​
제작 시간도 짧아서
투자대비 수익이 괜찮겠다 싶더라구요 ㅎㅎ
​
​
토퍼제작기계는
보통 실루엣카메오라는 제품으로
많이 사용하는데요.
가격은 50만원 정도 이고,
중고로 사면 더 저렴하더라구요.
​
창업 비용으로 따지면
비싼 금액이 아니라서
저는 중고로 사서
더 적은 금액으로 시작을 했어요.
​
그리고 나서는
본격적으로 토퍼 제작법을
배우기 시작했구요 ㅎㅎ
​
​
사실 요즘은 인터넷에도
정보가 많아서
유튜브를 보면서도 연습이 가능한데요.
​
그런데 저는 애초에 기본기도 없는
왕초보였다보니
영상을 보고 따라하기가 쉽지 않더라구요.
그리고 중간 중간
제작 과정을 생략하니까
헷갈리는 게 하나둘씩 늘어갔어요.
​
그래서 아예 기초부터 전문적으로
배워야 겠다 싶어 알아봤는데요.
온라인 전문 기관이 있더라구요!
제가 원하는 니즈에 딱 맞게
기초내용부터 전문 과정까지
커리큘럼에 담겨 있고,
여러 혜택이 많아서 골랐거든요.
​
온라인 강의로 똑같이 배우지만,
제작 과정이 더 디테일하고,
이후에는 판매 과정까지
지원을 해주는 곳이라
훨씬 편하게 루트를 밟기 좋더라구요.
​
​
강의를 진행하는 분도
실제로 토퍼제작기계 하나 사두고
홈공방으로 시작해서
창업까지 성공하셨다고 해요.
​
처음 시작이 저랑 비슷하고
단계별로 성취를 할 수 있다고 생각하니
저에게도 큰 동기부여가 되더라구요.
특히 창업 노하우를
함께 알려주니까 도움이 많이 됐어요.
​
처음에는 아는 게 하나도 없었지만,
진짜 걱정할 필요 없더라구요.
기계 연결법부터 도안 프로그램 설치,
도안 프로그램 사용 방법,
디자인하는 방법 등등
기초부터 단계별로 하나하나 알려주거든요.
그래서 잘 따라가기만 하면
충분히 이해할 수 있었어요.
​
​
​
토퍼도 알아보면
종류가 무척 다양하더라구요.
생일, 임신, 졸업, 결혼,
환갑, 여행 등등
생각보다 여러곳에 쓰이고 있었어요.
​
꼭 케이크에 꽂지 않더라도
기념 사진 찍을 때에도 사용하니
토퍼는 수요를 높이기
좋은 아이템이더라구요.
​
​
처음에는 강사님이 알려주는 대로
따라 만들어보는 걸로 연습을 하는데,
커리큘럼이 다양하니 만드는 재미가 있었어요.
​
토퍼제작기계로 프린트를 하고 나서는
색지를 붙이고 꾸미는 작업인데요.
이후에 아크릴 막대만 붙이면
모든 작업이 끝나요!
​
그리고 이런 제작법 외에도
포장하는 법,
급한 주문 처리법,
다양하게 응용하는 법,
옵션 추가하는 법 등등
마진율을 높일 수 있는 방법까지
실질적인 노하우를 같이 알려주니까
실제로 적용시키기 좋더라구요.
​
​
저는 이렇게 수강을 듣고
두 달 만에 자격증을 땄는데요.
​
한 번 등록하면
평생 수강이 가능해서
언제든 반복 연습할 수 있다는 게 장점!
그리고 트렌드에 맞춰
신규 강의도 꾸준히 올라오니
참고하기 너무 좋았어요.
​
그리고 한 과목 등록해도
여기서 운영하는 40여가지의
수공예 과목 모두를 들을 수 있거든요.
​
그래서 저는 레터링 풍선까지
같이 배웠답니다 ㅎㅎ
​
풍선 문구 제작이
토퍼제작기계로 똑같이 만들 수 있어서
같이 배워두면, 하나의 기계로
두 가지 아이템을 만들 수 있는거죠.
​
그래서 경쟁력 키우기도
훨씬 유리하더라구요~
​
​
이렇게 실력을 쌓다가
수익 활동을 원하면
기관에 지원 신청을 해서
판매를 도전할 수 있는데요.
​
수공예 전문 플랫폼 사이트를
지원해줘서 바로 시작이 가능하더라구요.
제가 따로 스토어를 개설할 필요가 없으니
단기간에 도전이 가능했어요.
​
이 사이트에 상품 등록을 하면
자동으로 여러 대형 쇼핑몰에 연동되니
생각보다 빠르게 주문을 받게 되더라구요.
​
저는 판매 등록후
삼일 만에 주문이 들어왔는데
진짜 신기하더라구요 ㅎㅎ
​
그리고 좋은 건
수강생에게는 이 사이트 이용료나
판매 수수료가 들지 않으니
순수익이 더 높다는 점~! ㅎㅎ
​
​
저는 현재 토퍼제작기계로
토퍼 아이템을 위주로 판매하는데요.
지금 레터링 풍선도 마무리 작업에 들어가
한 달 뒤에는 같이 판매를 할 듯 해요.
​
토퍼 기계 하나로
용도가 다양하니
생각이 있다면 두 가지를
모두 계획하는 게 좋으실 거예요~
​
저도 처음에는 토퍼제작기계가 낯설어서
내가 할 수 있을지
의문이 많이 들었거든요.
그런데 막상 해보면
다 길이 있더라구요 ㅎㅎ
​
관심있는 분들이 있다면
자세히 알아보고 도전해보세요!
사이트 링크는 아래 남겨두었으니
커리큘럼이랑 체험 강의 등등
알아보실 수 있을 거예요~
​
​
​
토퍼제작기계 활용방법
수공예 전문 기관 바로가기>>>
​
​
​
​
​
​
​
소정의 수수료를 지원 받았으며
수강생이 작성한 후기 입니다.","저는 토퍼제작기계로 부업을 시작했는데요! 집에 컴퓨터나 노트북, 토퍼 기계, 종이 및 문구류로... 강의를 진행하는 분도 실제로 토퍼제작기계 하나 사두고 홈공방으로 시작해서 창업까지 성공하셨다고 해요....",강의,digital-products,blog,https://blog.naver.com/xodms0515/223548143710,20240814
blog_055,재택 부업 내가 해본 진짜 후기! 성공할 수 있을까?,"본 포스팅은 체험 기회 및 소정의 혜택을 받고 작성한 글입니다.
​
안녕하세요! 요즘 재택 부업에 관심 있는 분들이 많잖아요? 저도 사실 몇 달 전부터 재택 부업을 시작했는데, 그동안의 경험을 솔직하게 나누려고 해요.
처음에는 정말 막막했거든요.
""이게 진짜 될까?"" 싶기도 했고, ""어떻게 시작해야 하지?"" 막상 시작하려니까 머릿속이 엉망이었어요.
😅
하지만 몇 가지 시도 끝에, 재택 부업이 생각보다 더 유용하고 가능성 있는 방법이라는 걸 깨달았어요.
오늘은 그 경험을 통해 얻은 꿀팁도 같이 전해드릴게요!
1.  처음 시작할 때의 막막함
처음에 재택 부업을 시작한다고 했을 때, 솔직히 두려움이 컸어요.
""정말 내가 할 수 있을까?"" ""이게 정말 나에게 맞을까?"" 불안한 마음에 구체적으로 어떤 일을 해야 할지 몰라서 정보만 찾고 있던 때가 기억나요.
그때 구글에서 '재택 부업 추천'이라는 키워드로 검색하니 정말 많은 정보가 나오더라고요.
그 중에서 눈에 띄었던 게 온라인 설문조사와 콘텐츠 작성 같은 부업들이었어요.
'아, 이거면 나도 할 수 있겠다!' 싶은 마음에 바로 시작을 했죠.
그런데 막상 해보니, 설문조사 같은 건 수익이 너무 적어서 ""이게 내 시간에 맞는 걸까?"" 의문이 들었어요.
​
2.  재택 부업, 이게 정말 효과 있을까?
'이게 진짜 내 수입을 높여줄까?' 그런 의문을 갖고 있던 중에, 조금 더 적극적으로 프리랜서 부업에 도전해보게 됐어요.
처음에는 프리랜서 사이트에서 번역 일이나 글쓰기 일을 찾아봤는데, 처음엔 일이 잘 안 들어와서 답답했어요.
그런데 온라인 판매와 데이터 입력 같은 일들이 눈에 띄기 시작했죠.
여러 부업을 경험하면서 ‘어떤 일이 내 스타일에 맞을지’를 알게 되었고, 결국 시간제 부업과 프리랜서 일이 제일 잘 맞더라고요.
솔직히, 처음엔 걱정했던 것보다 훨씬 더 빠르게 수익이 생기기 시작했어요.
🎉
​
3.  이게 나한테 맞을까? 내가 찾은 재택 부업의 특징
재택 부업을 하면서 가장 중요했던 건, 바로 나에게 맞는 일을 찾는 것이었어요.
사람마다 성향이 다르니까, 나만의 스타일을 찾는 게 중요했죠.
예를 들면, 저는 사람들이랑 소통하는 걸 좋아해서 콘텐츠 작성 부업을 선택했어요. 처음에는 하루에 2시간 정도만 일했는데, 몇 달 후에는 매일 4시간 정도 일하면서 한 달 100만 원 이상의 수익을 올리게 됐어요.
👍
여기서 중요한 팁! 재택 부업을 시작할 때는 내가 잘할 수 있는 일을 선택하는 게 제일 중요해요.
처음에는 ""이게 맞는지 모르겠어"" 하면서 여러 가지를 시도했지만, 결국 나에게 맞는 일을 찾고 나니까 수익도 늘고 일이 더 재미있어졌어요.
​
4.  한 달 후 달라진 점! 수입이 이렇게?
재택 부업을 시작하고 한 달이 지났을 때, 저는 꽤 많은 변화를 겪었어요.
처음에는 수익이 적었지만, 꾸준히 하다 보니 어느새 월 50만 원 이상을 벌게 되더라고요.
물론, 생각보다 시간은 많이 들었지만, 그래도 퇴근 후 남는 시간에 여유롭게 할 수 있어서 더 좋았어요.
😌
그리고 놀라운 건, 부업으로 시작한 일이 이제는 본업 못지않은 수익을 낸다는 사실! 이걸 경험하면서 재택 부업이 생각보다 정말 좋은 방법이라는 걸 실감했어요.
확실히 재택 부업은 유연성이 장점이라, 자기만의 속도와 스타일에 맞게 일할 수 있어요.
5.  재택 부업, 실패할 뻔한 실수는?
하지만 처음 시작할 때, 나름 큰 실수도 있었어요.
바로 너무 많은 일을 한 번에 하려고 했던 점이에요.
그때 ""하루에 이렇게 많이 할 수 있겠지!"" 생각하며 일을 잔뜩 맡았는데, 결국 과중한 업무에 스트레스를 받게 되었죠.
😓
그래서 그때 깨달은 게, 재택 부업은 하루에 딱 정해진 시간만큼만 하자는 거였어요.
오히려 덜 하고, 제대로 하고 싶다면 내가 처리할 수 있는 양을 정하고 그만큼만 하는 게 좋다는 걸 알게 됐습니다.
6.  재택 부업, 이렇게 하면 더 잘할 수 있어요!
재택 부업을 잘하고 싶다면 몇 가지 꿀팁을 드릴게요.
목표 설정: 나만의 목표를 세우고 꾸준히 해보세요.
일주일 단위로 목표를 세우면 더욱 집중할 수 있어요.
시간 관리: 재택 부업은 자율적이지만, 그만큼 시간 관리가 중요해요.
일을 하겠다고 마음먹었으면 그 시간에는 집중하는 게 핵심!
정리하고 시작: 일을 시작하기 전에 내가 해야 할 일을 미리 정리해두면 효율성이 높아져요.
7.  마지막으로, 나만의 재택 부업 성공 비법은?
결국 재택 부업에서 성공하려면 꾸준함과 자기 관리가 제일 중요하다는 걸 느꼈어요.
처음 시작할 때는 정말 힘들었지만, 그 과정을 거치면서 수익도 늘고, 나만의 루틴이 생기니까 이제는 재택 부업이 내 삶의 일부가 되었어요.
그리고 저는 최근에 새로운 방식으로 재택 부업을 해보고 있어요.
바로 영상통화 기반의 1:1 소통이 가능한 앱을 이용하는 건데, 이건 정말 스마트하게 할 수 있는 부업이더라고요.
이름은 바로 {{위버링}}! 스마트폰 하나로 할 수 있어서 정말 편리하고, 매일 조금씩 돈을 벌 수 있어요.
또 영상통화 앱이라 사람들과 자연스럽게 소통하면서 일할 수 있어 더 재밌어요!
저도 이제 {{위버링}} 덕분에 시간과 장소에 구애받지 않으면서, 부업을 하며 안정적인 수익을 얻고 있어요.
여러분도 이 앱을 한 번 사용해보세요!
재택 부업을 시작하면서 정말 많은 고민과 시행착오가 있었지만, 그 모든 과정을 통해 이제는 제가 원하는 만큼 수익을 얻을 수 있게 되었어요.
여러분도 꼭 해보세요!
​
Previous image
Next image
위버링
pf.kakao.com
재택 알바 추천 진짜 후기가 궁금하다면? 3개월 동안 써본 솔직한 후기
본 포스팅은 체험 기회 및 소정의 혜택을 받고 작성한 글입니다. 안녕하세요! 요즘 집에서 일하는 ‘재택 ...
blog.naver.com
​","마지막으로, 나만의 재택 부업 성공 비법은? 결국 재택 부업에서 성공하려면 꾸준함과 자기 관리가 제일 중요하다는 걸 느꼈어요. 처음 시작할 때는 정말 힘들었지만, 그 과정을 거치면서 수익도 늘고, 나만의...",기타,etc,blog,https://blog.naver.com/accessnc/224061284670,20251101
blog_056,집에서 하는 부업 성공 경험 공유해요,"​
​
​
본 포스팅은 소정의 원고료를 지원받아 작성하였습니다
​
​
요즘 들어 고정 지출이 눈에 띄게 늘어나면서
가만히 있어도 돈이 새는 느낌이 들기 시작했어요.
월급은 그대로인데 생활비는 계속 오르다 보니
자연스럽게 다른 선택지를 찾게 되더라고요.
회사 일과 집안일을 함께 챙기는 상황에서
오래 붙잡혀 있어야 하는 설문이나
정해진 횟수를 채워야 하는 부업은
시작하기 전부터 부담으로 느껴졌어요.
시간을 들인 만큼 결과가 따라오지 않는 경우도 많았고요.
그러던 중 주변에서 앱 하나로
짧은 기간에 소소한 수익을 만들었다는 이야기를 들었어요.
일주일 만에 8만 원 이상을 벌었다는 말에
처음엔 과장된 얘기겠지 싶었는데
계속 귀에 맴돌아 직접 확인해보기로 했습니다.
막상 사용해보니 뷰업은
기존에 경험했던 앱테크와는 방식이 꽤 달랐어요.
이용자 후기를 살펴보는 과정에서도
일회성 이야기가 아니라
지속적으로 사용 중이라는 글들이 많아 인상적이었고요.
저 역시 몇 달간 직접 참여해보면서
집에서 가능한 부수입을 차곡차곡 만들 수 있었고
이 과정이 누군가에게는 판단에 도움이 될 수도 있겠다는 생각이 들어
경험을 정리해 공유해보려 합니다.
​
집에서 하는 부업 앱 뷰업
뷰업은 이번에 처음 알게 된 앱이었는데
이미 사용 중인 인스타그램이나 페이스북, 유튜브 계정만 있으면
별다른 준비 없이 바로 시작할 수 있는 구조였어요.
계정을 연동하고 승인 절차가 끝나면
그때부터 바로 포인트 적립이 가능하다는 점이 꽤 간단하게 느껴졌습니다.
무엇보다 다른
집에서 하는 부업
들과 비교했을 때
포인트를 현금으로 바꿀 때 비율이 그대로 유지된다는 점이 눈에 띄었어요.
중간에서 깎이거나 조건이 붙지 않으니
비상금이나 고정 지출을 줄이는 데에도 충분히 활용할 수 있겠다는 생각이 들더라고요.
스마트폰 하나만 있으면
장소를 가리지 않고 이용할 수 있다는 점도 장점이었어요.
집에 있든, 잠깐 쉬는 시간이든
굳이 시간을 따로 빼지 않아도 접근이 가능했거든요.
기존에 알아봤던 집에서 하는 부업들은
시급이 괜찮아 보여도 실제로는
집안일이나 개인 일정과 함께 하기엔 부담이 컸던 경우가 많았어요.
그런데 뷰업은 이미 70만 명 이상이 사용 중이라는 점
그리고 지난달 환급 상위 금액이 상당한 수준이라는 걸 확인하면서
단순한 체험용 앱은 아니라는 인상을 받았습니다.
이용자 후기를 살펴보니
하루에 짧은 시간만 활용해도
조금씩 수익을 쌓아가고 있다는 내용이 많았어요.
큰 기대 없이 시작했다가
꾸준히 이어가고 있다는 글들도 눈에 띄었고요.
이런 구조라면
가정주부나 학생처럼 시간이 쪼개져 있는 사람들도
무리 없이 시도해볼 수 있는 집에서 하는 부업이겠다는 생각이 들었죠.
앱테크뷰업의 회원가입 방법
가입 절차는 예상보다 훨씬 단순했어요.
휴대폰 인증을 거친 뒤 아이디와 비밀번호만 설정하면
바로 계정 생성이 완료되는 방식이었거든요.
추가적인 개인정보 입력이 없다는 점도 마음이 놓였고요.
이후 본인이 사용하는 SNS 계정을 연결하면
승인 절차를 거쳐 바로 활동이 가능했어요.
계정 상태에 문제가 없다면
대부분 하루 안에 승인되는 경우가 많다고 안내되어 있었습니다.
인터넷만 연결되어 있다면
스마트폰은 물론 PC나 태블릿에서도
동일하게 이용할 수 있어서 접근성은 확실히 좋았어요.
미션 내용도 복잡하지 않아서
처음 접하는 사람이라도
설명만 읽어보면 금방 이해할 수 있는 수준이었고요.
처음엔 집에서 하는 부업이
과연 나에게 맞을지 고민했지만,
몇 번 사용해보니
뷰업은 생각보다 잘 맞는 선택지였다는 걸 금세 느끼게 됐습니다.
특히 필요한 정보들이
가이드 형태로 정리되어 있어
막히는 부분이 생겨도 바로 확인할 수 있었던 점이 편리하더라고요.
집에서 하는 부업 뷰업의 사용 방법
뷰업에서 진행하는 작업은 생각보다 훨씬 단순했어요.
SNS 계정을 연결한 뒤
팔로우를 누르거나 좋아요를 남기고
간단한 댓글만 작성해도 포인트가 바로 적립되는 방식이었거든요.
그중에서도 댓글 미션은 적립 포인트가 가장 높았는데
아무 말이나 입력하면 제재가 있을 수 있어서
게시물 내용에 맞게 작성하는 게 중요하더라고요.
실제로 다른 사람의 글을 읽고 반응하다 보니
억지로 일하는 느낌보다는 소통에 가까운 분위기였어요.
포인트 기준으로 보면
팔로우와 구독은 각각 25P,
댓글은 35P로 책정되어 있어서
그날 상황에 맞춰 원하는 미션을 선택할 수 있다는 점도 편했어요.
일일 할당량이 정해져 있지 않아
계속 신경 쓰지 않아도 된다는 점 역시 만족스러웠고요.
저는 자연스럽게
적립률이 높은 댓글 미션 위주로 활용하면서
포인트를 모으는 방향으로 진행했네요.
이용하면서 알게 된 방법 중 하나는
여러 개의 SNS 계정을 함께 연동하는 방식이었어요.
미션은 계정 단위로 진행되기 때문에
계정을 하나 더 연결할수록
같은 시간 안에 적립 가능한 포인트가 늘어났거든요.
인스타그램은 최대 30개,
유튜브 3개, 페이스북 2개까지 등록이 가능하고
실제 활동은 동시에 3개 계정까지 연동할 수 있었어요.
저는 인스타 계정 3개를 활용했는데
이 방식으로 한 달 기준 약 18만 원 정도의 수익을 만들 수 있었어요.
짧은 시간 투자 대비 결과가 괜찮다는 느낌이 들었습니다.
뷰업 장점: 자동 클릭 기능 활용
그동안 여러 집에서 하는 부업을 경험해봤지만
환급 구조만 놓고 보면
뷰업만큼 만족스러운 곳은 드물었어요.
현금 대신 상품권으로만 교환되거나
환급 비율이 낮아 아쉬웠던 경우가 많았는데
여기는 포인트가 그대로 현금으로 전환된다는 점이 확실히 달랐어요.
특히 인상 깊었던 기능은 자동 적립 모드였어요.
설정만 해두면
좋아요와 팔로우 미션이 자동으로 진행돼
스마트폰을 직접 만지지 않아도 포인트가 쌓이더라고요.
자동 모드는 적립률이 100%는 아니지만
아무런 조작 없이도 포인트가 들어온다는 점에서
손해라는 느낌은 전혀 없었어요.
오히려 쉬는 시간에도 수익이 쌓이는 구조라
꽤 효율적으로 느껴졌습니다.
시간 여유가 있을 때는
자동 모드 대신 직접 미션을 선택해
수동으로 진행하기도 했어요.
미션마다 포인트가 다르게 책정돼 있어서
그날 상황에 맞게 골라서 할 수 있었고
과하지 않게 조절할 수 있다는 점도 마음에 들었어요.
클릭 몇 번으로 포인트가 늘어나는 걸 보면서
생각보다 괜찮은 구조라는 생각이 들었고
적립된 포인트는 기준일로부터 한 달 후 환급 신청이 가능했어요.
신청을 마치면
다음 주 수요일에 입금된다고 안내돼 있었는데
실제로 오후 4시쯤 정확히 들어온 걸 확인하고 나니
괜한 걱정이었다는 걸 알게 됐습니다.
그동안 여러 앱테크를 사용해봤지만
이 정도로 접근이 쉽고 결과가 바로 체감되는 경우는 드물었어요.
불필요한 개인정보 입력 없이 이용할 수 있고
진행해야 하는 미션도 단순한 편인데
적립한 포인트를 그대로 현금으로 받을 수 있다는 점이
다른 서비스들과 확실히 구분되는 부분이더라고요.
굳이 복잡한 과정을 거치지 않아도 된다는 점에서
사용하지 않는 쪽이 오히려 아깝게 느껴질 수도 있겠다는 생각이 들었습니다.
뷰업으로 집에서 하는 부업을 이어가면서
자연스럽게 일정한 부수입 흐름이 만들어졌고,
다양한 사용자들과 소통할 기회도 함께 늘어났어요.
이용 중 궁금한 점이나 문제가 생기면
고객센터를 통해 바로 문의할 수 있었는데,
대응이 빠른 편이라 기다림 없이 해결되는 경우가 많았습니다.
가입 과정은 간단하고
미션은 어렵지 않으며
환급 구조도 명확하게 정리되어 있어서
처음 시작하는 분들도 부담 없이 접근할 수 있을 것 같아요.
실제로 제 경험을 듣고 시작한 지인들 중에서도
한 달 만에 10만 원 이상을 모았다는 이야기를 들었고,
그 반응을 보니 괜히 제가 더 뿌듯해지더라고요.
부업을 고민 중이라면
한 번쯤은 직접 경험해보셔도 괜찮을 거예요.
저는 충분히 만족하면서 사용 중이랍니다.
뷰업 - 누구나 쉽게 돈버는 재택알바, 앱테크 추천 플랫폼
뷰업플러스, 재택알바, 재택부업, 앱테크, 초기비용없는 직장인 투잡, 대학생 알바, 집에서 하는 부업, 집에서 돈 버는 법
viewup.co.kr
​",하는 부업은 시작하기 전부터 부담으로 느껴졌어요. 시간을 들인 만큼 결과가 따라오지 않는 경우도... 이용자 후기를 살펴보는 과정에서도 일회성 이야기가 아니라 지속적으로 사용 중이라는 글들이 많아...,기타,etc,blog,https://blog.naver.com/handan3544/224149074415,20260116
blog_057,싱거미싱으로 부업을 해볼까?... 2025 부자언니 성공 강연회 후기,"안녕하세요 여러분! 지난 주말 핸드아티코리아 2025년 코엑스 C 홀 전시회에 구경 다녀오신 분들 많으시죠?
올해도 국내 대규모 핸드메이드 전시회에 엄청난 인파가 다녀갔다고 합니다. 저희 싱거미싱도 참여해서 직원분들이 4일 동안 열심히 땀 흘리며 행사를 참여하고 마무리하고 왔습니다. 전시회를 직접 참여하게 되면 생생한 현장 상황을 직접 느끼게 되며 많은 분들과 직접 소통하면서 피드백을 얻고 다양한 영감도 받고 오게 되더라고요.
저희 싱거미싱은 이번 핸디아티코리아에서 준공업용 라인의 미싱으로 전시를 했었는데요, 전 세계적으로도 가장 사랑받는 베스트셀러 미싱인 준공업용 싱거미싱은 전시 그 자체로만으로도 많은 인기를 누리고 왔습니다. 유니크한 그레이 컬러의 헤비듀티 디자인은 존재만으로도 독보적일 수밖에요!
​
준공업용 다이얼미싱 4432, 준공업용 디지털미싱 6805, 준공업용 오버록미싱 14HD854까지! 현장에서 QR 인증을 통해 제품을 확인하고 구매까지 가능했습니다. 이번 전시에서는 준공업용미싱을 직접 사용해 보진 못했지만, 언제든지 저희 본사로 방문하시면 미싱을 시연해 보실 수 있습니다.
​
싱거미싱이 궁금하다면 아래 클립에서 확인해보세요!
“아이 그림으로 만든 자수 에코백” 
#아이그림자수 #자수취미 #우리아이작품 #자수에코백 #드로잉자수 #에코백만들기 #미싱자수 #감성에코백 #세상에하나뿐인자수#싱거준공업용미싱 #싱거6805 #싱거미싱 #자수미싱
m.blog.naver.com
#준공업용미싱 #싱거미싱 #청바지단줄이기 #데님단줄이기 #청바지수선 #청바지줄이기 #싱거준공업용미싱 #취미미싱 #창업미싱 #수선미싱 #미싱으로단줄이기
m.blog.naver.com
#싱거오버록미싱 #가정용오버록 #14HD854 #손수건만들기 #손수건인터록 #인터록미싱 #오버록으로손수건만들기 #준공업용오버록 #싱거오버록
m.blog.naver.com
싱거미싱과 함께 한국소잉디자이너협회도 핸드아티코리아에 참가했는데요, 소잉디자이너 20여 개의 공방이 공동전시관 ""소잉애비뉴""를 마련하고 전시에 참여했습니다. 여기에 관람객분들 직접 참여할 수 있는 원데이클래스로 애봉쌤의 소잉체험교실도 진행해되었는데요, 싱거미싱 1306을 직접 사용해 볼 뿐만 아니랑 출산용품, 업사이클 용품, 요정인형등의 소잉작품과 유리와 리본을 활용한 다양한 생활소품 및 캐릭터를 직접 만들어 보는 체험존이었습니다.
​
2025년 8월 9일 토요일 오후 3시-5시 핸코스테이지에서는 ""부자언니 소잉디자이너가 돈 버는 방법""과 ""소공인 스마트 제조 강화 정부지원사업 설명회""이라는 성공 강연회가 진행되었습니다. 핸코스테이지에서 열리는 메인 프로그램으로 많은 분들이 강연회를 들으러 오셨더라고요.
​
요즘은 본업도 중요하지만 부케가 대세라 N잡러를 꿈꾸는 분들이 많이 있는데요, 미싱으로 집에서 바느질하는 사람들도 부쩍 많아졌다고 합니다. 미싱으로 단순히 옷 수선만을 하는 시대가 아닌, 자신의 디자인으로 새로운 작품을 만들어서 판매하는 부업의 시대가 되었습니다.
미싱을 부업으로 시작해서 부자언니가 된 멋진 작가분들의 성공 스토리를 생생하게 들어볼 수 있는 시간이었습니다.
Sewing Designer
부자언니 성공 강연회 강사 소개
""소잉으로 온라인 매출 1억 성장 노하우""
아이유베베 대표 김혜신
​
""1인 소잉창업, 학원으로 연 매출 2억 달성 방법""
대구공예학원 대표 조원주
​
""공방상가 매입 & 정부지원사업 성공 노하우""
오늘도 꼼지락 대표 이은화
​
""소벤져스와 애봉쌤 탄생 스토리: 차별화 전략 노하우""
진아뜨리에 대표 이현진
​
""소공인 스마트 제조 강화 정부지원사업 안내""
업클로스 대표 임선화
​
실제 부업으로 시작해서 성공하기까지의 생생한 스토리와 함께 소잉사업을 통해 수익창출의 노하우까지 전수해 주셨습니다. 바느질 입문자가 처음 미싱을 해볼까?라고 했을 때 대부분은 취미로 시작하기 때문에, 수익과 연관 짓기는 어려울 수 있습니다.  미싱을 부업으로 시작해서 수익을 어떻게 낼 수 있는지, 개인의 사례를 들면서 진정성 있는 강연을 펼쳐주셨습니다. 미싱을 시작하는 초보자들에게나, 현재 공방을 운영하는 분들에게도 많은 감동과 도움을 주는 창업스토리 강연이었습니다.
Sewing Designer
부자언니 성공 강연회 혜택
1.소잉디자이너의 생생한 성공스토리 공개
2. 소공인 스마트 제조 강화 정부지원사업 공개
3. 무엇이든 질문할 수 있는 연사들의 현장 Q&A
4. 업사이클 애착 인형! ""두잇""만들기 KIT (2만 원 상당) 드림!
​
강연이 끝난 이후에는 추첨을 통해 20명에게 경품 증정 시간까지 진행되었습니다.
​
부자언니 소잉디자이너가 돈 버는 방법과 소공인 스마트 제조 강화 정부지원 사업 설명회로 공방운영 성공사례에 대한 소잉사업을 통한 수익 창출의 강연이 끝난 이후에는 강사님들의 개별 상담시간까지 진행되었습니다.  소잉디자이너 자격증 취득 방법부터, 공방 창업과 운영 전략, 정부 지원사업 참여 요령까지 실질적인 정보를 제공하며, 참가자들이 보다 구체적인 진로와 공방 창업을 세울 수 있도록 자세한 상담 시간까지 지원해드렸습니다.
​
​
​
#핸드아티코리아2025
#핸코2025
#부자언니성공강연회
#싱거코리아
#소잉디자이너
#부자언니소잉디자이너성공강연회
#소잉체험교실
#소잉애비뉴
#소공인창업성공비법
#스마트공방지원사업
#핸코스테이지
#한국소잉산업진흥원
#핸드메이드
#애봉쌤체험교실
#싱거준공업용미싱
#창업
#공방
#패션디자인
#의상전공
#교육용
#취미용
#
핸코
#핸드아티
#핸드메이드",실제 부업으로 시작해서 성공하기까지의 생생한 스토리와 함께 소잉사업을 통해 수익창출의 노하우까지 전수해 주셨습니다. 바느질 입문자가 처음 미싱을 해볼까?라고 했을 때 대부분은 취미로 시작하기...,기타,etc,blog,https://blog.naver.com/singerkorea/223966673942,20250811
blog_058,재택부업으로 직장인 부수입 만들기 성공한 5월 정산 후기,"본 포스팅은 소정의 원고료를 지원받아 작성하였습니다!
요즘은 휴대폰을 이용해 수익 구조를 만드는
재택부업이 사람들에게 인기죠.
앱테크는 시간과 장소에 제한이 없고
요구되는 자격요건도 따로 없어서
남녀노소 누구나 수익을 창출 할 수 있다는
큰 장점을 가지고 있기 때문이 아닐까요.
실제로 저의 지인분은
부업이 생활비를 아끼고 모으는데
많은 도움이 된다고 추천해 주셨어요.
하지만 부수입 얻는다는 것이
시간 대비 낮은 수익이 대부분이거나,
아니면 전문기술 자격을 갖추고 있어야
지원 할 수 있는 경우가 다반수죠.
그런데 남는 시간을 활용해 가능한
부업 어플들을 시도해 보니
뷰업이라는 곳이 유독 눈낄을 끌었어요.
많은 사람들이 이미 사용중인 사이트였고
총 이용자가 80만명 가까이 된다고 하니 놀랍더라고요.
사이트 첫 화면에서는
이번달과 지난달 환급액을 확인 할 수 있어서
나도 할 수 있지 않을까 하는 마음을 갖게 해주지요.
초기자본이 필요 없기 때문에 부담 없고
인터페이스가 단순하기 때문에
초보자도 쉽게 이용할 수 있게 되어 있어요.
인터넷이 가능하다면 어떤 기기든 가능하고
시간이나 장소에 상관없이 언제든
편리하게 활동을 통해 포인트를 모을 수 있어요.
너무 마음에 들었던 건
안전성과 시간 대비 높은 수익률, 그리고 환급률
이렇게 3가지였어요.
실제로 활동해 보면서 다른 업체와 비교해 보니
2-3배 이상 높은 수익을 보여줘서 매우 만족스러웠지요.
뷰업은 인스타, 유튜브, 스레드, 페이스북 등
SNS플랫폼 중 원하는 것을 선택해 연동하면 되는데,
여러 계정을 연동해 놓으면
더 많은 포인트를 쌓을 수도 있어요.
미션도 매우 쉽게 할 수 있는데,
팔로우, 댓글, 좋아요 등 원하는 걸 선택하면 되고
클릭 몇 번이면 미션이 완료되기 때문에
진행을 어렵지 않게 할 수 있어요.
인스타그램 15개, 페이스북 2개, 유튜브 3개
동시에 연동이 가능하기 때문에
여러 계정을 연동해 놓으면
얻을 수 있는 포인트가 훨씬 많아져요.
부수입
만들기사이트는
평소에 사용하는 SNS를 연동만 하면
수익 구조를 만들 수 있기 때문에
그 점이 너무나 마음에 들었어요.
인터페이스가 직관적으로 잘 되어 있어서
초보자인 저도 쉽게 이용할 수 있을 정도로
편안했어요.
다양한 부업을 해 봤지만,
뷰업처럼 1:1 현금 환급은 처음 봤어요.
대부분의 부수입은
포인트와 현금의 비율이
동일하지 않을 뿐더러, 환급도
기프티콘으로만 교환이 가능한 곳이 많아요.
환급이 되더라도 일정금액 이상이 되어야 만
환급 처리가 되기 때문에
환급 받기가 쉽지 않기도 해요.
그런데 뷰업은 만 원 단위로 환급신청이 가능하기 떼문에
생활비와 비상금 모으기가 가능했어요.
회원가입도 간편한데
아이디, 비밀번호, 휴대폰 인증만 하면
바로 가입이 완료 되요.
또한 개인정보를 과도하게 요구하지 않기 때문에
내 정보가 유출 될까 걱정하지 않아도 되요.
모든 개인정보가 철저히 암호화되어
안전하게 관리되고 있다고 하니
더 안심이 되고 신뢰도 되었어요.
가입 후 승인 절차는 1~2일 만에 완료되는데,
실제로 활동하고 있는 계정을 연동하면
반나절이면 승인이 된다고 해요.
홈페이지로 구성되어 있기 때문에
인터넷 연결이 가능한 태블릿, PC, 모바일 등
어떤 기기로든 사용이 가능하여 접근성이 아주 좋아요.
몇 번의 클릭만으로 수익을 낼 수 있다니
편리하게 할 수 있는 부업으로
딱 맞겠다는 판단을 하게 되었어요.
가장 매력적이라고 생각되었던 건
자동적립시스템을 이용 할 수 있다는 거에요.
휴대폰을 사용 할 수 없을 때에도
포인트가 자동으로 적립되는 기능이거든요.
이걸 방치형 어플이라고 하는데
저는 처음 사용해 봤네요.
따로 신경 쓸 필요가 없다 보니
시간과 에너지를 아낄 수 있어서
너무나 만족스러웠어요.
댓글 미션의 경우엔 수동으로 이용 가능한데
10자 이내의 글을 적으면
가장 많은 포인트를 받을 수 있어요.
미션마다 포인트가 다른데
좋아요 3P, 팔로우 20P, 좋아요 20P
이렇게 구성되어 있어요.
투자 시간 대비 적립률이 높기 때문에
한 달 간 약 5만 원 정도 수익을 냈어요.
적립된 포인트는 한 달 후부터 환급신청이 가능하고
신청 날짜를 기준으로 그 다음 주 수요일에 환급이 되요.
현금으로 포인트를 100% 비율로
환급해 주기 때문에
타 부수입사이트와 비교했을 때
부족한 게 전혀 없었어요.
진행하다가 문제가 생겨도
1:1 채팅 상담을 통해 언제든 해결이 가능해요.
전문가의 빠른 피드백을 받을 수 있기 때문에
막힘 없이 진행 할 수 있어 좋아요.
부수입만들수있는곳은 많지만
까다로운 조건에 낮은 수익률 때문에
여기저기 많이 돌았었는데 이제 한 곳에
정착 할 수 있겠어요.
뷰업 덕분에 3개월동안
15만원의 수익을 얻을 수 있었어요.
안정성, 진행 속도, 수익률 등
모든 부분을 세세히 살펴봤을 때
가장 실용적이고 효과적이라는 판단이 섰지요.
혹시 저처럼 괜찮은 부수입사이트 찾고 계시다면
한번쯤 시도해보시라고 추천드려요.
감사합니다 ^^
​
​
뷰업 - 누구나 쉽게 돈버는 재택알바, 앱테크 추천 플랫폼
뷰업플러스, 재택알바, 재택부업, 앱테크, 초기비용없는 직장인 투잡, 대학생 알바, 집에서 하는 부업, 집에서 돈 버는 법
viewup.co.kr
​",요즘은 휴대폰을 이용해 수익 구조를 만드는 재택부업이 사람들에게 인기죠. 앱테크는 시간과 장소에... 실제로 저의 지인분은 부업이 생활비를 아끼고 모으는데 많은 도움이 된다고 추천해 주셨어요. 하지만...,기타,etc,blog,https://blog.naver.com/kizenlove01/223886332486,20250602
blog_059,초보 드로잉 실기 독학 방과후교사 공방 부업 성공한 후기예요,"https://appu.kr/?i=12494612
[자격증]캐리커처
[자격증]캐리커처 전문 상담원이 친절하고 자세하게 상담해드립니다.
appu.kr
그림에 소질 없던 제가 캐리커처 매력에 푹 빠지게 된 계기예요
저는 어릴 때부터 낙서하는 건 좋아했지만 미술 학원을 제대로 다녀본 적이 없는 완전 똥손이자 평범한 직장인이었어요. 그러다가 우연히 길거리나 축제 행사장에서 5분 만에 슥슥 사람의 특징을 잡아 재미있게 그려주는 캐리커처 작가님들을 보고 눈을 떼지 못했답니다.
​
사람의 얼굴을 그대로 그리는 극사실주의 미술과 달리, 그 사람의 웃는 눈매나 독특한 안경 같은 매력 포인트를 콕 집어 과장해서 그리는 게 너무 신기하고 유쾌해 보였어요. 나도 저렇게 다른 사람의 특징을 살려서 그림을 선물해 주고 싶다는 마음이 들었고, 단순한 취미를 넘어 전문적으로 배워서 자격증까지 따보자고 결심하게 되었답니다.
캐리커처자격증이란 무엇이고 시험 과목은 어떻게 될까요?
막상 자격증에 대해 알아보니 민간자격증으로 등록된 정식 교육 과정이 있더라고요. 캐리커처자격증은 인물을 구성하는 핵심적인 비례와 드로잉 원리를 바탕으로 연필, 펜, 색연필 등 다양한 재료를 활용해서 인물의 개성을 극대화해 표현하는 능력을 검증하는 시험이에요.
​
응시 자격에는 학력이나 경력 제한이 없어서 만 18세 이상이면 미술을 전혀 모르는 초보자도 누구나 도전할 수 있어요. 자격증은 보통 1급과 2급으로 나뉘는데, 실기 시험 위주로 진행되는 경우가 많아요. 2급은 사진을 보고 흑백으로 15분 내에 간단한 인물의 특징을 잡아내는 기본 능력을 평가하고, 1급은 고급 기법을 활용해서 컬러까지 입히는 완성도를 봐요. 시험 평가 기준도 형태의 완성도 50%, 그리고 대상과 얼마나 닮았는지를 보는 '닮음' 정도가 50%로 나뉘어 있어서 특징을 잘 캐치하는 연습이 중요하답니다.
​
온라인 강의로 기초부터 실기 독학까지 한 번에 해결했어요
처음에는 미술 학원을 다녀야 하나 고민이 많았는데, 요즘은 온라인 자격증 교육 과정이 워낙 잘 되어 있어서 집에서 편하게 독학으로 준비할 수 있었어요. 전문 강사님들의 동영상 강의를 보면서 선 긋는 연습부터 눈, 코, 입 그리는 비례 법칙, 그리고 남녀노소에 따른 얼굴형의 변화까지 차근차근 익혀 나갔어요.
​
퇴근 후에 매일 한두 시간씩 태블릿이나 스케치북을 펼쳐놓고 연예인 사진이나 가족들 얼굴을 보면서 특징을 과장하는 연습을 반복했어요. 처음에는 그냥 이상한 괴물처럼 그려지더니, 점차 과장하면서도 대상을 쏙 빼닮게 그리는 저만의 요령이 생기더라고요. 그렇게 한 달 정도 꾸준히 연습하고 나니까 자신감이 붙어서 시험까지 한 번에 합격할 수 있었어요.
자격증 취득 후 프리랜서 부업과 방과후교사로 활동 중이에요
자격증을 따고 나니 이걸 활용할 수 있는 길이 생각보다 훨씬 무궁무진하더라고요. 가장 좋은 점은 초기 자본이 거의 들지 않는 소자본 부업이나 프리랜서 활동이 가능하다는 점이었어요. 요즘은 아이디어스나 크몽 같은 재능 마켓 플랫폼에 나만의 캐리커처 상품을 등록해서 디지털 파일이나 액자 형태로 판매하는 분들이 정말 많아요. 저 역시 주말마다 소소하게 의뢰를 받아 부수입을 올리고 있답니다.
​
뿐만 아니라 초등학교 방과후학교 미술 교사나 지역 문화센터의 특별활동 강사로도 출강할 수 있어요. 또 주말에 열리는 플리마켓이나 지자체 축제, 기업 행사 등에 라이브 캐리커처 작가로 초청받아 활동하는 재미도 쏠쏠하답니다. 내가 그린 그림을 받고 활짝 웃는 손님들의 표정을 볼 때마다 느끼는 보람은 이루 말할 수 없을 정도예요.
​
​
지극히 개인적인 저의 생각과 도전을 응원하는 한마디예요
이번에 캐리커처자격증을 취득하고 다양한 활동을 해보면서 느낀 점은, 무언가를 시작하는 데 늦은 나이나 재능의 한계는 전혀 없다는 사실이었어요. 저 역시 그림에 소질이 없다고만 생각했는데, 체계적으로 원리를 배우고 매일 조금씩 선을 긋다 보니 결국에는 나만의 그림체를 가진 어엿한 캐리커처 작가가 되어 있었으니까요.
​
스트레스 가득한 일상 속에서 나만의 창작 활동을 통해 힐링하고 싶으신 분들, 혹은 경력 단절로 새로운 직업이나 재택 부업을 고민하고 계시는 분들이라면 망설이지 말고 도전해 보셨으면 좋겠어요. 작은 연필 한 자루와 종이 한 장만 있으면 누군가의 얼굴에 행복한 웃음을 선물할 수 있는 멋진 인생의 무기가 생길 거라고 확신해요.
​
바로가기
https://appu.kr/?i=12494612
[자격증]캐리커처
[자격증]캐리커처 전문 상담원이 친절하고 자세하게 상담해드립니다.
appu.kr
​
#캐리커처자격증
#캐리커처지도사
#캐리커쳐배우기
#드로잉독학
#미술자격증
#방과후교사자격증
#공방창업
#재택부업추천
#직장인취미
#프리랜서부업
#인물드로잉",자격증 취득 후 프리랜서 부업과 방과후교사로 활동 중이에요 자격증을 따고 나니 이걸 활용할 수 있는 길이 생각보다 훨씬 무궁무진하더라고요. 가장 좋은 점은 초기 자본이 거의 들지 않는 소자본 부업이나...,기타,etc,blog,https://blog.naver.com/misskorea456/224273196355,20260503
blog_060,주말알바 급여 필요하다면 부업으로 성공했던 후기,"주말알바 급여 필요하다면 부업으로 성공했던 후기
​
​
주말알바를 하게 된 건 아주 현실적인 이유 때문이었어요. 평일에는 고정적인 일이 있었지만, 그걸로는 생활비가 빠듯하다는 느낌이 들었고, 그렇다고 당장 큰 변화를 줄 수 있는 상황도 아니었거든요. 그래서 주말만큼은 시간을 써서라도 조금 더 벌어보자는 생각으로 알바를 시작했어요.
​
​
처음 몇 주는 나름 버틸 만했어요. 정해진 시간에 나가서 몸을 쓰고, 그에 대한 급여를 받는 구조가 단순하다는 점에서는 고민할 게 없었죠. 하지만 시간이 지나면서 주말알바의 무게가 점점 크게 느껴지기 시작했어요. 토요일이나 일요일 하루를 통째로 쓰고 나면 월요일을 준비할 여유가 사라졌고, 쉬어야 할 날에 오히려 더 피곤해지는 느낌이 들었어요.
​
​
무엇보다 마음에 걸렸던 건, 그렇게 힘들게 일해도 급여가 크게 달라지지 않는다는 점이었어요. 몸은 계속 지치는데 통장에 찍히는 금액을 보면 ‘이게 과연 맞는 선택일까?’라는 생각이 들기 시작했죠. 주말알바를 그만두면 수입이 줄어들 것 같아 쉽게 결정을 못 했지만, 계속 이어가기에는 부담이 너무 컸어요.
​
​
그러다 자연스럽게 다른 부업을 찾아보게 됐어요. 시간을 더 쓰지 않아도 되는 방법, 혹은 같은 시간을 쓰더라도 조금 다른 형태의 일을 하고 싶다는 생각이 들었어요. 그렇게 알아보다가 온라인 판매를 접하게 됐어요. 처음엔 막연했지만, 주말알바처럼 하루 종일 밖에 나가 있지 않아도 된다는 점이 가장 크게 다가왔어요.
​
​
판매를 시작하면 어느 정도는 혼자서도 해낼 수 있을 거라 생각했어요. 인터넷에 정보도 많고, 초보자도 가능하다는 말도 흔히 보였거든요. 하지만 막상 시작해보니, 초보자에게 판매는 생각보다 훨씬 복잡한 영역이었어요. 어떤 상품을 골라야 할지부터 막막했고, 등록은 했는데 왜 반응이 없는지 이해하기 어려웠어요.
​
​
주말알바는 힘들어도 정답이 정해져 있었어요. 시키는 일을 하면 됐고, 고민할 여지가 많지 않았죠. 반면 판매는 매 순간 선택의 연속이었어요. 이 상품이 맞는지, 이 가격이 괜찮은지, 광고를 써야 하는지 말아야 하는지까지 모두 스스로 판단해야 했어요. 초보자에게는 그 과정 자체가 큰 벽처럼 느껴졌어요.
​
​
이대로 혼자 계속 끌고 가다가는 판매도, 부업도 모두 중간에 포기하게 될 것 같다는 생각이 들었어요. 주말알바를 대신할 방법을 찾다가 또 다른 부담을 떠안은 느낌이었죠. 그때 알게 된 게 토탈셀러의 셀독이었어요.
​
​
셀독을 알아보면서 가장 먼저 달랐던 건, ‘혼자서 다 하지 않아도 된다’는 구조였어요. 쿠팡 판매대행을 중심으로 운영되다 보니, 상품을 고르고 물류를 준비하고 출고까지 챙겨야 하는 부담이 크게 줄어들었어요. 재고를 쌓아두거나 직접 포장하는 과정이 없다는 점도 초보자인 저에게는 꽤 큰 장점으로 느껴졌어요.
​
​
또 하나 인상 깊었던 부분은 운영 방향을 함께 정리해준다는 점이었어요. 그전까지는 감으로 움직였다면, 셀독을 통해서는 데이터를 기준으로 상황을 점검할 수 있었어요. 전담 매니저가 운영 흐름을 함께 보면서 조정해주다 보니, 왜 이런 선택을 하는지 이해하면서 따라갈 수 있었고 불안감도 많이 줄었어요.
​
​
셀독과 함께 판매를 이어가면서 부업에 대한 생각도 많이 달라졌어요. 예전에는 주말알바처럼 당장 눈에 보이는 급여만 중요하게 생각했는데, 지금은 얼마나 오래 유지할 수 있는지, 생활에 무리가 없는지가 더 중요하게 느껴졌어요.
​
​
하루를 갈아 넣는 방식이 아니라, 정리된 구조 안에서 차근차근 운영해 나간다는 점이 마음을 편하게 해줬어요.그래서 누군가 주말알바를 고민한다고 하면, 무작정 나쁘다고 말하진 않지만 다른 선택지도 함께 생각해보라고 이야기하게 돼요.
​
​
특히 판매가 처음이라 막막함을 느끼고 있다면, 혼자서 모든 걸 해결하려 하기보다는 셀독처럼 체계가 잡힌 도움을 받는 방식도 충분히 의미가 있다고 느꼈어요.
​
​
저에게 셀독은 주말알바의 체력적인 한계를 느끼던 시점에서, 방향을 바꿀 수 있게 해준 계기였어요. 그래서 비슷한 고민을 하고 있는 분들이 있다면, 경험자로서 한 번쯤은 추천해보고 싶다는 생각이 들었어요.
​
​
토탈셀러 - 온라인 셀러를 위한 원스톱 솔루션
토탈셀러와 함께 성공적인 온라인 비즈니스를 시작하세요
totalseller.co.kr
​","주말알바 급여 필요하다면 부업으로 성공했던 후기 주말알바를 하게 된 건 아주 현실적인 이유 때문이었어요. 평일에는 고정적인 일이 있었지만, 그걸로는 생활비가 빠듯하다는 느낌이 들었고, 그렇다고 당장 큰...",기타,etc,blog,https://blog.naver.com/y0eaxpfh/224123033550,20251226
blog_061,가내부업 성공해서 편하게 수익내기,""" 이 포스팅을 업체로부터
소정의 수수료를 지급받고 작성한 글입니다 ""
가내부업 성공해서 편하게 수익내기
​
​
​
​
​
집에서 편히 부업을 하며
수익내는 방법을
찾는 분들이 꽤 많으실텐데요
​
원래 재택 부업은
많은 시간을 투자해도
수익이 잘 안나오는 경우가
많아 시작하기 쉽지 않아요
​
저는 가내부업으로
핸드메이드 제품을 제작해
판매하고 있는 일을
하고 있는데요
즐겁고 수익도 좋아서
나름 만족하는 중이랍니다^^
​
​
​
​
​
​
​
​
이 부업이 다른 부업과 다른 건
바로 시작하는 일과 달리
1-3개월 정도 준비하는 시간이
필요하는 거!!!
​
판매할 정도의 실력이
쌓으려고 만드는 방법들을
다 배워야하거든요
최근에는 인강으로도 잘
배울 수 있기 때문에
집에서도 가능해요
​
처음에만 잘 익혀두면
평생 쓸 수 있는 기술이라서
저는 오래 할 생각으로
시작을 했답니다
​
부업을 하기 위해선
어떤 수공예 아이템으로 할지
택해야하는데요
​
​
​
​
​
​
​
​
저는 가내부업을 빠르게
하고 싶었고 손재주가 없어서
난이도가 낮은
리본공예를 골랐어요!
​
강좌를 수강하기 전
수업에 필요한 재료와 도구를
보내줘요
이틀 뒤면 도착하구요
​
완벽한 재료를 보내주니
재료비가 따로 들어가지 않고
받자마자 바로 수업을
시작할 수 있었네요 ㅎㅎ
​
​
​
​
​
​
​
​
수업 커리큘럼을 살펴보면
기본기부터 심화과정까지
다 짜여져있어서
초보자들도 쉽게 배울 수
있답니다^^
​
리본 아이템이 하나씩
완성 될 때마다 뿌듯하기도 하고
취미처럼 재밌게 하니
부업하는 준비가 안들었어요
​
저는 1달 반 정도 배우고
판매를 시작했는데
기관에서 제공을 해주는
판매처에서 만든 아이템들을
올려놓고 판매를 했어요
​
​
​
​
​
​
​
​
제품에 대한 샘플 사진,
금액, 간단한 설명 등을
올려놓으면 유명 사이트에
올라가 판매가 돼요!
​
첫 주문은 당연히
조금 시간이 걸리긴 했지만
일주일 뒤부터 판매가
이뤄지고 나서
많은 분들이 후기를 써주고
주문량도 점차 늘어났죠
​
수공예 제품이라
금액대도 높은 편이라
마진율도 좋고
수수료나 이용료 등도
전혀 들지 않으니 수익도
괜찮구요 ㅎㅎ
​
​
​
​
​
​
​
​
재료비를 제외하면
모두 다 내 수익이기 때문에
즐겁게 가내부업을 하며
돈을 벌 수 있어요
​
또한, 한 과목만 수강해도
추가금 없이 모든 과목들을
다 배울 수 있으니
리본공예 외에 여러 공예를 배워
경쟁력을 갖춰 판매할
아이템 수를 늘려가고 있네요
​
이미 하고 있는 분들은
3-4가지 이상은 하면서
판매를 하는 중이라고 해요
​
​
​
​
​
​
​
​
저처럼 편히 가내수업을
하고 싶은 분들은
전문 기관에서 시작해보시는 걸
추천드려요!!
​
무료 체험강의나
상담을 받아보시라고
링크를 남길게요~
여기서 원하는 수공예를
잘 골라보세요
​
​
​
가내부업
더 자세히 알아보기>>>
​
​",""" 이 포스팅을 업체로부터 소정의 수수료를 지급받고 작성한 글입니다 "" 가내부업 성공해서 편하게... 첫 주문은 당연히 조금 시간이 걸리긴 했지만 일주일 뒤부터 판매가 이뤄지고 나서 많은 분들이 후기를...",기타,etc,blog,https://blog.naver.com/garbeekr/224103225788,20251209
blog_062,"부업 성공한 사람 후기, 그들이 공통적으로 한 행동 5가지","​
부업 성공한 사람 후기, 그들이 공통적으로 한 행동 5가지
​
​
​
1. 부업 성공한 사람 후기, 왜 주목받을까?
최근 경제 상황이 불확실해지면서 부업에 관심을 갖는 사람들이 빠르게 증가하고 있습니다. 하지만 부업에 도전하는 모든 사람이 성공하는 것은 아닙니다. 일부는 중도 포기하거나 시간 대비 효율이 낮아 실망하기도 합니다. 반대로 꾸준히 성과를 내며 부업으로 월급 이상의 수익을 얻는 사람들도 있습니다. 그렇다면 부업에 성공한 사람들은 어떤 공통점을 가지고 있을까요? 실제 후기를 분석해 공통된 행동 5가지를 정리했습니다.
​
​
2. 부업 성공한 사람 후기 행동 1: 목표 설정과 계획 수립
부업 성공자들의 후기를 보면 대부분 처음부터 목표를 명확하게 세웠습니다.
​
예시 목표: 월 50만 원 이상 추가 수익 달성, 6개월 내 온라인 스토어 개설
실행 계획: 주 3회 콘텐츠 작성, 하루 1시간 이상 투자, 첫 달 최소 상품 3개 등록
​
단순히 ‘돈을 벌고 싶다’는 막연한 생각이 아니라 구체적인 목표와 실행 계획을 세운 것이 특징입니다. 계획을 기반으로 움직이기 때문에 초반에 시행착오를 줄이고 꾸준한 성과를 낼 수 있었습니다.
Previous image
Next image
​
3. 부업 성공한 사람 후기 행동 2: 작은 실행부터 시작
많은 사람들이 부업을 시작할 때 ‘완벽한 준비’를 하려다 시간을 허비합니다. 그러나 성공자들은 작게 시작하는 것을 두려워하지 않았습니다.
​
블로그 부업을 시작할 때 글 한 편부터 작성
스마트스토어 판매를 시작할 때 상품 한두 개만 등록
쿠팡 링크나 체험단 활동 등 쉬운 부업부터 시도
​
이렇게 작은 행동을 꾸준히 이어가는 과정에서 자신감이 생기고, 경험이 쌓여 더 큰 수익 모델로 확장할 수 있었습니다.
​
​
4. 부업 성공한 사람 후기 행동 3: 꾸준함을 생활화
부업 성공자들은 한결같이 ‘꾸준함’의 중요성을 강조합니다.
​
하루 30분~1시간이라도 부업에 투자
일정한 주기로 콘텐츠 발행
수익이 적어도 3~6개월 이상 지속
​
초반 성과가 미미하더라도 포기하지 않고 꾸준히 진행한 결과, 자동화된 수익 구조가 생겨 장기적으로 안정적인 부수입을 얻을 수 있었습니다. 특히 블로그·스마트스토어 같은 플랫폼 기반 부업은 시간이 지날수록 효과가 누적되기 때문에 꾸준함이 핵심입니다.
Previous image
Next image
​
5. 부업 성공한 사람 후기 행동 4: 배우고 개선하기
부업 성공자들은 처음부터 완벽하지 않았습니다. 시행착오를 겪으면서도 배우고 개선하는 태도를 가졌습니다.
​
온라인 강의나 커뮤니티를 통해 노하우 학습
트렌드 변화에 따라 콘텐츠 방향 수정
실패한 경험을 분석하고 새로운 전략 도입
​
예를 들어, 블로그로 수익을 낸 한 사람은 초반에 조회수가 낮아 고민했지만, SEO 최적화와 키워드 분석을 배우면서 검색 노출이 늘고 수익이 5배 이상 증가했습니다. 부업 성공의 핵심은 지속적인 학습과 개선에 있었습니다.
​
​
6. 부업 성공한 사람 후기 행동 5: 여러 소득원으로 확장
부업으로 어느 정도 성과를 낸 사람들은 한 가지 수익원에만 의존하지 않았습니다.
​
블로그 운영 → 쿠팡 파트너스·체험단 활동 추가
스마트스토어 판매 → 상품군 확대 및 자체 브랜드 런칭
콘텐츠 부업 → 전자책·강의 제작으로 확장
​
수익 구조를 다변화함으로써 단일 플랫폼이나 특정 상품의 변화에 흔들리지 않고 안정적인 부업 생태계를 만들 수 있었습니다.
​
실제로 부업 성공한 사람 후기가 궁금하시다면 연우가 보여드릴게요 :)
​
리픽 부업, 하루 +5000만원! 초기비용이 복리처럼 불어난 연우 멘토 후기
안녕하세요 ! 리픽 멘토 '연우' 입니다 :) 어휴........ 후덥지근 하다 못해 뜨끈한게 마치 동남...
blog.naver.com
​
​
​
​
7. 부업 성공 후 달라진 삶
이 5가지를 실천한 사람들의 삶은 실제로 크게 변화했습니다.
​
경제적 여유: 월급 외에 추가 수익이 생기면서 빚 상환, 저축, 투자 여력이 생김
심리적 안정감: 경제 불안에 대한 두려움이 줄고, 새로운 도전에 대한 자신감 증가
시간 활용 능력 향상: 부업을 통해 시간 관리 능력이 좋아져 본업에도 긍정적인 영향
특히 40대 이후 부업에 성공한 사람들은 “퇴사 불안에서 벗어나 삶이 한결 가벼워졌다”는 후기를 많이 남겼습니다.
​
부업 성공자들은 특별한 재능을 가진 사람들이 아니라, 목표 설정 → 작은 실행 → 꾸준함 → 학습 → 확장이라는 공통된 과정을 실천한 사람들이었습니다.
누구나 처음에는 서툴 수 있지만, 작은 행동을 꾸준히 이어간다면 부업으로 삶을 바꾸는 것도 충분히 가능합니다.
​
​","부업 성공한 사람 후기 행동 1: 목표 설정과 계획 수립 부업 성공자들의 후기를 보면 대부분 처음부터 목표를 명확하게 세웠습니다. 예시 목표: 월 50만 원 이상 추가 수익 달성, 6개월 내 온라인 스토어 개설 실행...",기타,etc,blog,https://blog.naver.com/zbootaue/223946785828,20250725
blog_063,레진아트 몰드 지원받고 재택 부업 성공한 후기,"기관으로부터 소정의 원고료를
지급받고 작성한 글입니다
저는 오래전부터 손으로
무언갈 만들기를 좋아했어요
그 중에서도 화려하고
반짝이는걸 좋아해서
취미로 자주 악세서리 같은걸
만들곤 했는데요
그러다 최근 집에서
악세서리를 만들어 수익을 내고
있어서 공유해보려고 해요
손으로 사부작거리길 좋아하지만
취미 이상으로 키워볼 생각은
한번도 못했는데요 그러다가
판매활동도 지원해주는 교육기관을
찾게 되어서 기초부터 차근히
배울 수 있었어요
전부터 레진아트에 관심은
많이 있었는데 쉽사리 도전하긴
어려웠는데요
하지만 이번이 좋은 기회라고
생각해서 레진아트 몰드, 파츠,
Uv램프를 무료로 지원받아서
배우길 시작했어요
혼자 손으로 만들길 좋아하는데
수익까지 나니까
하루하루 만족스러워요
저는 기초부터 천천히 배웠는데요
수업시에 사용해야하는 재료세트를
무료로 보내주더라구요
특히나 uv램프는 가격이 꽤나
되는걸로 아는데 보내주셔가지고
그 덕에 재료비를 많이
절감할 수 있었어요
파츠, 핀셋, 용액, 레진아트 몰드 등
필수 재료가 전부 들어있어서
초보도 바로 배울 수 있더라구요
무료로 받은 재료를 가지고
강의를 보며 바로 연습했어요
실무 위주의 수업이라서
과정이 엄청 많았는데요
키링, 그립톡, 헤어핀, 거울 등
다 합해서 50개도 넘는 것 같아요
강사 활동부터 판매까지 하시는
강사님이 직접 구성한 커리큘럼으로
진행돼서 알아두면 판매에 도움되는
노하우와 꿀팁을 전부 알려주세요
공방에 직접가서 배울 수도 있지만
시간이 정해져있다는 점과
수강기한도 정해져 있는게
마음에 안들더라구요...
그래서 제가 고른 기관은
온라인 강의인데요
내 진도에 맞게 조절이 가능하고
횟수나 기간제한 없이
평생 수강할 수 있어요
전에 공방에서 배울 땐
진도 따라가기에만 급급해서
마음이 조급하고 힘들었는데
여긴 온라인 강의라서 그런지
다른사람 눈치도 안보이고
여유시간 활용해서 배울 수 있어요
레진아트의 좋은 부분이
같은 소품을 만든다고 해도
레진아트 몰드와 파츠, 색상만
바꿔도 아예 다른작품으로 보여요
그래서 저도 별도로 재료를
사서 활용해 만들어봤어요
이렇게 만들어본건
주변 지인들한테 선물했는데
다들 너무 좋아해줘서 뿌듯했어요
팔면 자기도 사겠다면서
아이들 머리에 달아주는걸 보니
성취감이 엄청나더라구요
집게핀도 레진아트 몰드를
사용해 한번 만들어봤는데
지인들이 너무 예쁘다면서
꼭 팔아보라고 하더라구요
이렇게 주변 사람들에게
칭찬을 받다보니
판매에 도전해봐도 될 것 같았죠
저는 꾸준히 안정적인걸
선호해서 불안정한건 도전하지
않는 스타일인데요
교육기관에서 전부 지원을 해주고
판매 쇼핑몰도 지원한다길래
얼른 도전하기로 했어요
기관에서 직접 운영 관리하는
쇼핑몰이 있는데요
수강생에겐 수수료와 입점비를
떼지 않고 무료로 이용이 가능해요
보통은 쇼핑몰을 개설하거나
입점하면 추가비용을 요구하는데
판매에 따로 붙는 수수료가 없으니
부담이 엄청 적었어요
게다가 상품등록도
사진과 설명과 가격만 적으면
끝이라서 너무 편했어요
이렇게 등록을 해두면
국내 대형 쇼핑몰들에 연동되어
알아서 올라가니까
판매도 금방 이뤄져요
정산, 결제, CS같은 부분은
기관에서 전부 처리해주기 때문에
제가 신경쓰지 않아도 되구요
제가 해야할 일은
제품 디자인을 구상하거나
주문이 들어오면 만들어서
택배로 보내면 끝이에요
선주문 방식이라서
재고도 쌓이지 않아요
가끔가다 잘 팔리는 상품은
미리 만들어뒀어요
주문 즉시 보낼려구요
기초를 배우고 판매까지
어렵지 않죠?
워낙 체계적이라서
인강으로 배우고 판매까지도
충분히 가능한 일이에요
저도 혼자서 했다면
전부 해내지 못했을거에요
요즘은 또 주문이 많아져서
제작 시간을 좀 늘렸어요
그래도 집에 있으면서 여유롭게
돈을 번다는게 좋더라구요ㅎㅎ
저는 아이 돌보면서 병행하다보니
시간이 넘치지는 않는데요
그래도 여유시간 활용해서
할 수 있다는게 감사해요
지금은 레진아트 몰드를 활용해
이것저것 만들고 있답니다
하나 만드는데 10~20분 걸리는데
시간을 많이 쓰지 않아서
직장인이나 주부분들도
얼마든지 부업으로 하기 좋아요
그리고 학력이나 나이에도
차별이 없으니 취미처럼 즐기며
돈 벌기 최적화 되어있죠
레진아트 몰드 같은 재료도
공짜로 지원받고 다양한 혜택도
받으며 시작이 가능하니까
초보더라도 시도해보세요
관심있는 분들을 위해
아래 링크 남길게요
샘플 강의 들어보시고
한번 고민해보세요~
레진아트 만드는법
무료 샘플강의 신청>>
​
​",얼마든지 부업으로 하기 좋아요 그리고 학력이나 나이에도 차별이 없으니 취미처럼 즐기며 돈 벌기 최적화 되어있죠 레진아트 몰드 같은 재료도 공짜로 지원받고 다양한 혜택도 받으며 시작이 가능하니까...,기타,etc,blog,https://blog.naver.com/nike8319/223844113807,20250423
blog_064,여자 남자 재택부업 실패 후 성공한 후기,"​
​
여자 남자 재택부업 실패 후 성공한 후기
성공을 향한 여정의 시작
​
여자 남자 누구나 한 번쯤은 꿈꾸는 성공적인 부업. 나 또한 예외는 아니었다. 그러나 다양한 부업 시도 끝에 실패하고 말았다. 주말재택알바, 타이핑재택알바, 유튜브알바, 모두 시도해봤지만 성과를 거두지 못했다. 그런데 그 중 한 부업이 내게 큰 전환점이 되었다. 그것은 50대가 되어가는 내게도 가능했던 100만원창업이었다.
​
시작부터의 실패와 자금난
​
안산부업, 대구재택근무, 제주부업, 동네부업 등 수많은 부업을 경험했지만 이를 통해 얻은 수입은 내 기대를 뛰어넘지 못했다. 부업을 하면서 자금난에 시달렸고, 계속해서 부수입알바를 동원해야만 했다. 그러던 어느 날, 나는 부업아이템을 찾던 중 구매대행하는법을 배우게 되었다.
​
부업의 변화와 희망의 발견
​
구매대행강의를 통해 배운 것을 토대로 나는 새로운 부업을 시작했다. 이전에 시도해봤던 것과는 조금씩 다른 방식으로. 그것은 직장인창업의 시작이었다. 처음에는 익숙하지 않아 어려움이 많았지만, 일년이 지난 지금은 투잡부업을 성공시키는 데에 성공했다. 이제는 자금에 대한 걱정 없이 사업을 이어가고 있다.
​
성공으로 이끈 원동력
​
부업의 성공을 이룬 데에는 몇 가지 이유가 있다. 첫 번째로, 자기 자본을 잘 활용했다는 것이다. 두 번째로, 직장인의 경험을 살려 타이핑재택알바와 같은 일을 빠르게 처리할 수 있었다. 그리고 세 번째로, 구매대행하는법을 배움으로써 많은 이점을 누릴 수 있었다. 모든 변화의 시작은 나 자신이었다.
​
부업의 성공과 앞으로의 계획
​
지금은 부업에서 더 많은 성과를 얻기 위해 노력 중이다. 앞으로는 안산부업, 대구재택근무와 같은 지역 한정 부업 뿐만 아니라 제주부업, 유튜브알바 등 다양한 분야에 도전해보려 한다. 무엇보다도 나에게 가장 중요한 것은 지속적인 성장과 발전이다. 이제 한 번 성공한 만족감에 안주하지 않고 계속해서 도전해보려 한다.
​
여자 남자 재택부업 실패 후 성공한 후기
​",여자 남자 재택부업 실패 후 성공한 후기 성공을 향한 여정의 시작 여자 남자 누구나 한 번쯤은 꿈꾸는 성공적인 부업. 나 또한 예외는 아니었다. 그러나 다양한 부업 시도 끝에 실패하고 말았다. 주말재택알바...,기타,etc,blog,https://blog.naver.com/linguistic_83507/224250070970,20260502
blog_065,리본공예재료쇼핑몰 안쓰고 부업 성공한 비밀,"수강 체험 후 솔직하게
쓴 후기로 원고료를 받았습니다
저는 딸이 둘이라서 그런지
헤어핀, 머리끈, 머리띠 같은
패션 아이템을 자주
사곤 했어요
그러다 우연히 리본공예를
알게 됐고, 지금은 재택창업을
시작해서 직접 만든 리본
아이템들을 팔고 있어요~
사실 전에는 수공예란
손재주 좋은 사람들만
하는 줄 알았는데,
막상 시작해보니
누구든 할 수 있더라구요ㅎㅎ
혹시 리본공예로
재택창업을 준비하고
계신다면 제가 오늘 쓰는
포스팅이 도움이 되셨으면 해요!
리본공예재료쇼핑몰에서
리본 아이템을 살 때마다
이 정도면 나도 할 수 있지
않나? 라는 생각이
들었거든요
가격도 생각보다
꽤 나가는 편이라
배워서 내가 직접 만들고
판매까지 하면 좋겠다 싶었어요
아이들도 유치원에 가니
시간적으로도 여유가 생겨서,
취미도 하고 부업도 할 겸
리본공예재료쇼핑몰을
찾게 된 거죠
검색하다가 어떤 분의
후기를 보게 됐는데,
리본공예 재료를 지원받아
재택부업으로 판매 수익을
내고 있다는 거예요
교육부터 판매까지
지원해주는 전문 기관도
있더라구요!
이곳은 리본공예뿐만 아니라
40가지가 넘는 수공예
과목을 배울 수 있는데요
저는 당연히 리본 아이템
제작이 하고 싶어서
리본공예를 선택했지만,
한 과목만 수강해도
여러 과목을 함께 배울 수
있도록 지원해줘서
정말 다양하게
접할 수 있었어요
특히 첫 과목은 초도 재료
세트를 무료로 제공해주는데,
덕분에 리본공예재료쇼핑몰에서
재료를 따로 구매할
필요가 없었어요
리본 원단, 악세서리 부자재,
글루건 등등
필수 재료들이 알차게
들어 있어서 정말
든든하게 느껴졌어요!
리본공예는 쓰는 재료가
다양하고, 매 차시마다
필요한 게 조금씩 달라서
일일이 준비하려면
비용도 부담되는데요
기관에서 미리 챙겨주니
바로 수업을 시작할 수 있어서
너무 편했어요ㅎㅎ
리본공예의 매력은
같은 재료라도 기법과
디자인에 따라 완전히 다른
분위기의 작품이 나오는 거예요
만약 제가 그냥
리본공예재료쇼핑몰에서
재료만 사서 혼자 만들었으면
비숫한 느낌의 작품만
만들었을 것 같아요
하지만 여기선 머리띠,
리본끈, 부토니에 등
다양한 아이템을 배우고
제작할 수 있었답니다!
게다가 단순히 제작 과정만
알려주는 게 아니라,
다양한 재료 활용법, 기법 응용,
새로운 디자인으로
확장하는 방법까지
알려주셔서 단기간에
실력이 쑥쑥 늘었어요~
저는 인강으로 수공예를
배우는 게 처음이라
사실 걱정이 많았는데,
무료 체험강의를 보고 나니
괜한 걱정이었더라구요
강사님들이 다각도로 촬영
해주셔서 세세한 부분까지
다 보였고, 기간 제한도 없고
평생 수강이 가능해서
제 속도대로 자유롭게
배울 수 있었어요
기초 설명부터 단계별
난이도, 기르고 최신 유행
디자인까지 체계적으로
배울 수 있어서
너무 알찼답니다!
또 새로운 강의도
주기적으로 업데이트되니
트렌드에 맞는 기법과
디자인을 바로 배우고
적용할 수 있었어요
리본공예 같은 분야는
유행을 잘 따라야
경쟁력이 생기니까,
이런 지원이 정말 큰 힘이 됐죠!
그리고 중요한 건
재택 창업이었는데요
이 기관은 수강생들이 창업을
할 수 있도록 자체 온라인
쇼핑몰을 제공해주더라구요
그래서 저는 따로
리본공예재료쇼핑몰을
운영하지 않아도,
기관 플랫폼에서 바로
판매를 시작했어요
판매 수수료, 입점비도
전혀 없어서
비용 부담이 하나도
없었답니다
게다가 작품을 등록하면
쿠팡, 네이버, 옥션,
지마켓 등등 20곳 이상의
대형 쇼핑몰에 자동으로
연동돼 올라가니,
홍보 걱정도 없고
주문도 금방 들어왔어요!
주문, 결제, 정산, CS까지
기관에서 다 해주니
저는 주문 확인하고 제작해서
발송하면 끝!
육아하면서도 충분히
병행할 수 있어서
너무 만족스러웠어요ㅎㅎ
사실 리본공예재료쇼핑몰을
처음 찾을 땐 단순히
재료 사는 곳 정도로만
생각해왔는데, 지금은 창업까지
이어지게 됐으니
정말 인생 전환점이
된 것 같아요
리본공예 외에도
다양한 수공예 과정이
있으니 재택창업에 관심이
있는 분들은 한 번 알아보시길
추천드려요!
무료 체험 강의 신청도
가능하니 링크 참고해보세요~
리본공예 온라인 과정
더 자세히 알아보기>>
​
​
​
#리본공예재료쇼핑몰","분의 후기를 보게 됐는데, 리본공예 재료를 지원받아 재택부업으로 판매 수익을 내고 있다는 거예요 교육부터 판매까지 지원해주는 전문 기관도 있더라구요! 이곳은 리본공예뿐만 아니라 40가지가 넘는 수공예...",스마트스토어,online-commerce,blog,https://blog.naver.com/handa1221/223994102841,20250905
blog_066,주부 임산부 디지털부업 실패 후 성공한 후기,"​
​
주부 임산부 디지털부업 실패 후 성공한 후기
첫만남
​
한 가지 기회가 찾아왔다. 너무나 소중한 기회였다. 나는 주부이자 임산부라는 이중 역할을 하고 있었지만, 뭔가 더 해야 한다는 생각이 들었다. 그런데 어떻게 시작해야 할지, 어디서 찾아야 할지 막막했다. 그때, 친구로부터 중년창업에 대한 이야기를 듣게 되었다. 중년창업, 뜨는부업, 다소 생소한 단어들이었지만, 궁금증이 생겼다. 이것이 바로 나의 기회일지도 모른다는 생각에 마음이 설렜다.
​
실패와 반성
​
태어나서 처음으로 도전하는 일이어서 긴장되었다. 그렇게 선택한 일은 무점포소자본창업 중의 하나였다. 온라인상에서의 사업이기에 자본을 많이 투자하지 않고 시작할 수 있다는 점이 매력적으로 다가왔다. 하지만, 이것 또한 쉽지 않았다. 처음에는 예상치 못한 어려움에 부딪혔다. 타자부업, 블로그투잡, PC로돈벌기 등의 단어들이 마치 저주처럼 내게 다가왔다.
​
성공의 길로
​
그럼에도 불구하고 나는 포기하지 않았다. 경단녀자격증을 취득하고 학습에 힘썼다. 무인창업, 온라인셀러강의, 신규창업에 대한 정보를 습득하며 끊임없이 노력했다. 온라인상에서 사업을 하는 방법을 배우고, 나 자신의 능력을 믿기 시작했다. 그러던 어느 날, 당일아르바이트를 찾게 되었는데, 그것이 바로 나에게 주어진 기회였다.
​
발전과 성장
​
유통업창업에 관심을 가지게 되었다. 수원부업, 성남부업, 포항부업 등 다양한 지역에서 부업을 찾아보고, 그 중에서도 실제로 현지를 방문해보며 그들의 노력과 열정을 직접 느꼈다. 나는 그들의 모습에서 많은 영감을 받았고, 자신감을 얻게 되었다. 또한, 재택알바와 블로그원고알바를 통해 새로운 분야에 도전하며 성장의 길을 걷기 시작했다.
​
결실과 보상
​
그 후, 불과 몇 달 후에 나는 성공을 맛보게 되었다. 주부취업의 꿈을 이루고, 블로그로부터 수입을 올리는 것에 성공했다. 이러한 경험을 통해 나는 더 큰 꿈을 향해 나아가기로 했다. 비록 시작은 어렵고 힘든 길이었지만, 그 노력과 열정이 결실을 맺을 때의 그 느낌은 정말 값진 것이었다. 앞으로도 더 많은 도전과 성장을 통해 더 많은 성공을 이루고 싶다.
​
마치며
​
이렇게 나는 주부이자 임산부로서의 삶과 더불어 중년창업의 길을 선택했고, 끊임없는 노력과 열정을 통해 성공을 이루었다. 물론, 그 길은 쉽지 않았고 많은 어려움을 겪었다. 하지만, 그 경험을 통해 나는 더 강해지고 자신감을 얻을 수 있었다. 이제 나는 새로운 꿈과 목표를 향해 나아가며, 더 나은 미래를 향해 한 발짝 더 다가서고 있다.
​
Note:
​
이 글은 중년창업, 뜨는부업, 무점포소자본창업, 요즘부업, 타자부업, 경단녀자격증, 무인창업, 수원부업, 포항부업, PC로돈벌기, 블로그투잡, 온라인셀러강의, 당일아르바이트, 유통업창업, 사무실, 성남부업, 재택알바, 신규창업, 주부취업, 블로그원고알바와 같은 키워드를 적절하게 활용하여 작성되었습니다.
​
주부 임산부 디지털부업 실패 후 성공한 후기
​","주부 임산부 디지털부업 실패 후 성공한 후기 첫만남 한 가지 기회가 찾아왔다. 너무나 소중한 기회였다. 나는 주부이자 임산부라는 이중 역할을 하고 있었지만, 뭔가 더 해야 한다는 생각이 들었다. 그런데...",기타,etc,blog,https://blog.naver.com/linguistic_83507/224249950042,20260419
blog_067,20대 30대 춘천부업 실패 후 성공한 후기,"​
​
20대 30대 춘천부업 실패 후 성공한 후기
부업을 시작하고는 20대 30대 부업 실패 사례
​
20대 후반부터 30대 초반의 젊은이들이 부업을 시작하는 이유는 다양합니다. 다양한 부업 아이디어와 창업 사업 모델에 푹 빠져 중고리셀, 쇼핑백접기, 십자수알바 등 여러 옵션을 고민하며 자신만의 사이드잡을 찾기도 합니다. 하지만 순탄한 날은 없죠. 막연히 창업을 상상하며 춘천부업을 시작하다 실패한 사례들이 많습니다.
​
부업 트렌드와 실패 요인들
​
현재 요즘핫한창업과 부업찾기의 트렌드에 압도당한 20대 30대들은 유통 채널을 활용한 창업사업 모델과 컴퓨터재택근무를 결합해 고수익창업을 꿈꾸곤 합니다. 그러나 여성재택근무와 함께 쓰리잡을 지켜가며 일급알바로 성공 모델을 그릴 수 있는 것은 아니죠. 온라인 상의 환상과 현실은 항상 달리 느껴질 수 있습니다.
​
실수로 인한 인천부업 실패 사례
​
최근 인천부업을 시도하면서 젊은 N잡러들은 틈새사업의 가능성을 열어보고자 노력합니다. 그 중에서도 광주당근과 같은 지역 특화된 사업 모델을 시도하기도 하는데, 이런 시도가 성공으로 이어지지 않는 경우도 많습니다. 헬로우드림후기를 찾아보아도, 신뢰할만한 온라인 후기가 아니어서 창업자들이 오해할 수 있는 요소들이 많이 있다는 것을 알게됩니다.
​
부업 실패를 극복하며 찾은 방법
​
실패한 경험에도 불구하고, 구체적인 부업 계획을 세우고자 하는 20대 30대 젊은이들은 쉬운알바부터 시작하기도 합니다. 그래서 고심 끝에 실력있는 팀을 만들어내며, 부업실패에서 배운 교훈을 바탕으로 새로운 창업 아이디어를 발굴합니다. 그들은 부업을 더 나은 방향으로 이끄는 방법을 찾으며 새로운 노력을 기울이게 되죠.
​
성공을 향해 나아가는 부업 창업자들
​
20대 30대 춘천부업 실패 사례를 분석하고, 그것을 기반으로 한 경험을 쌓은 창업자들은 자신만의 부업성공 모델을 발견합니다. 도전을 두렇게 받아들이고 행동으로 옮기면서, 창업 아이디어의 틈새사업을 찾아내고자 노력합니다. 그러다가 이제는 성공한 부업 창업자로 거듭난 사례들이 생기기 시작했습니다.
​
부업의 과정을 통해 느낀 것들
​
20대 30대 젊은이들이 하는 부업은 일종의 시험이자 도전입니다. 부업을 통해 실패하고 성공을 거듭하며 쌓인 경험을 바탕으로, 그들은 자신만의 창업 성공 모델을 창조해냅니다. 이때 중요한 것은 부업이라는 작은 성공과 실패들을 통해 느끼는 성장과 교훈을 놓치지 않는 것입니다. 실패는 부풀려지지 않고, 성공은 겸손하게 받아들이며 부업의 길을 걸어가는 것이 중요합니다.
​
부업 창업자들의 성공 비결
​
20대 30대 부업 창업자들이 부업을 통해 성공하는 비결은 무엇일까요? 결국 성공한 사례들은 부업실패를 극복하고자 하는 의지와 다시 도전하는 동기부여에서 비롯됩니다. 그들은 어렵고 힘든 여정을 걸어가면서도, 결코 포기하지 않은 강인한 의지가 부업창업의 열쇠였던 것입니다. 젊은이들은 부업을 통해 자신의 성장과 발전을 이루고, 끊임없는 도전을 통해 계속해서 성장해나갑니다.
​
부업 창업, 성공의 시작
​
20대 30대 젊은이들이 부업을 시작하면서 처음으로 마주하는 실패와 어려움은 크지만, 이러한 과정을 통해 성장하고 부업창업 성공을 이룬다는 것은 분명합니다. 부업실패 후 성공한 경험을 토대로 새로운 도약을 이루는 20대 30대들이 늘어나고 있습니다. 부업창업을 꿈꾸는 젊은이들에게는 실패와 성공, 어떤 것도 부끄러울 것이 없으며, 그 경험을 통해 성숙한 창업자로 거듭날 수 있다는 희망을 전하고 싶습니다. 부업창업은 끊임없는 도전과 발전의 길이지만, 이를 통해 누구나 자신의 꿈을 향해 나아갈 수 있다는 것을 잊지 말아주시기 바랍니다.
​
20대 30대 춘천부업 실패 후 성공한 후기
​",20대 30대 춘천부업 실패 후 성공한 후기 부업을 시작하고는 20대 30대 부업 실패 사례 20대 후반부터 30대 초반의 젊은이들이 부업을 시작하는 이유는 다양합니다. 다양한 부업 아이디어와 창업 사업 모델에 푹...,기타,etc,blog,https://blog.naver.com/travel_8157/224175000755,20260305
blog_069,리본공예DIY 배워서 부업 성공한 후기,"​
""업체로부터 소정의 수수료를 지급받고 작성한 글입니다""
​
​
요즘 제 주변에 육아맘들 사이에서
수공예 부업이 인기가 많네요?
​
처음엔 저도 관심이 있었는데
손재주도 없고 할 줄 아는 수공예도 없어서
남 이야기라고 생각했는데요.
​
얘기 들어보니까 수공예가 처음인 사람도
배우면 할 수 있다면서 집에서 편하게
수익벌기 좋다고 하더라구요.
​
안그래도 남편 외벌이로는 여유가 없어서
생활비 부담이라도 조금 덜고 싶어서
도전해보기로 했어요.
​
​
​
​
​
​
​
여러 아이템중에 선택하면 되는데
저는 초보자도 쉽게 배울 수 있다는
리본공예DIY 추천 받아서 시작했어요.
​
리본공예가 만들기 쉽고 제작시간이
오래 걸리지 않는데다가
수요가 항상 꾸준해서 판매가
잘 된다더라구요.
​
리본공예DIY로 주로 머리핀, 머리끈,
머리띠 등 헤어 악세사리를 만들 수 있는데요
​
리본원단, 부자재와 간단한 도구만
준비하면 빠르게 리본 악세사리를
제작 할 수 있어요
​
​
​
​
저는 수공예 초보자들이 많이 선택하고
교육부터 수익활동 지원까지
다 도와주는 전문 교육기관을 통해 배웠어요
​
이곳은 리본공예뿐만 아니라 40가지 이상의
수공예를 전문적으로 배울 수 있는 곳인데요.
배우는 과정은 인강으로 진행이되서
시간, 장소 구애받지 않고 편하게
배우기가 좋았고요.
​
처음 등록하는 과목은 무료로 초도세트도
제공해줘서 재료 걱정없이
재료 도착한 날부터 바로 시작 할 수 있었어요
​
​
​
​
제가 시간 될 때 자유롭게 수강하면서
반복재생으로 연습도 충분히 할 수 있어서
실력이 빠르게 늘었고
강사님이 모든 과정을 생략없이
시범 보여주면서 설명도 자세하게
해주시니까 배우는데 어렵지 않았어요.
​
생각보다 리본공예DIY가 적성에도 잘 맞고
재미있어서 빨리 진도 나가면서
다양한 리본 악세사리를 완성 할 수 있었고
하나씩 완성 할 때마다 성취감도 느낄 수 있었어요
​
​
​
​
​
​
​
손재주가 없어서 걱정했는데
공방 운영하는 강사님이 기본 재료, 도구에 대한
설명부터 기본기를 하나하나 자세하게
알려주셔서 금방 배울 수 있었구요
​
기초를 탄탄하게 익히고 시작하니까
고급 과정도 수월하게 할 수 있었어요.
​
강사님이 직접 판매하고 계신
악세사리 종류로 배우니까
바로 판매해도 될 정도의 퀄리티라서
빨리 배우고 판매해보고 싶었어요
​
​
​
​
​
​
단순하게 취미로만 배우고 끝나는
곳이 아니라서 배운 후에
자격 취득하고 바로 판매를 시작 할 수 있었는데요
​
교육기관에서 운영하고 있는
수강생을 위한 쇼핑몰을 제공받아서
판매하면 복잡한 절차 없이
바로 판매가 가능했어요.
​
판매 전에 원단과 부자재 다르게
만들어서 같은 디자인이라도
더 다양하게 만들어보고 지인들, 조카들에게
선물해주면서 피드백도 받고
감을 쌓아보았어요.
​
​
​
​
​
​
저는 리본공예DIY만 선택했는데
한 과목을 등록하면 전과목 무료 수강이
가능해서 다른 과목들도 부담없이
배울 수 있어서 좋았어요
​
과목 개수 제한도 없고
지원 받을 수 있는 기간, 횟수가 없어서
여러 공예 배우면서 취미를 즐겨도 되고
수익활동 지원 받아도 되니까 든든하더라구요
​
​
​
​
판매해도 되겠다는 생각이 들었을 때
바로 교육기관에 요청해서
판매루트 제공받고 판매를 시작했어요.
​
주문, 결제, 정산 시스템이 다 갖춰진
쇼핑몰이라 제가 판매 할 상품만
업로드하면 바로 판매가 가능했고
​
교육기관에서 운영도 맡아서 해주시고
CS업무까지 알아서 처리해주니까
주문제작에만 신경쓰면 되서 편했어요
​
​
​
​
상품 등록비, 수수료 없이
정산을 받으니까 마진도 높게 남길 수 있어서
만족스러웠어요
​
상품 업로드 하면 자동으로
쿠팡, 11번가, 네이버 등으로
노출이 되다보니 따로 홍보, 마케팅에
신경쓰지 않아도 알아서 홍보가 되고
주문이 들어오니까 편하게 수익버는게 가능했어요
​
주문 후 제작해서 배송해드리는데
제작 시간이 오래 걸리지 않아서
취미생활 하듯이 만들면 시간도 금방가고
재미있어서 즐기면서 하고 있어요.
​
​
​
​
​
재택부업 고민 많이 했었는데
리본공예DIY 배워서 판매하길
너무 잘한거 같아요.
​
제가 수공예 부업이라는걸 하게 될 줄
몰랐는데 걱정과 다르게
수익내기도 좋았고 힘든 점 없이
재미있게 일 할 수 있어서
앞으로도 오랫동안 해보려고요.
​
리본공예가 아니더라도
수공예 창업, 부업에 관심있는 분들은
아래 링크 클릭하셔서 무료 강의, 교육자료,
상담 등을 통해 자세한 정보 확인해보세요:)
​
​
​
리본공예 전문과정 자세하게 알아보기>>>
​
​",수공예 부업이 인기가 많네요? 처음엔 저도 관심이 있었는데 손재주도 없고 할 줄 아는 수공예도 없어서... 재택부업 고민 많이 했었는데 리본공예DIY 배워서 판매하길 너무 잘한거 같아요. 제가 수공예...,기타,etc,blog,https://blog.naver.com/watergilr/223736983395,20250128
kin_049,부업성공지원센터 어떤가요?,"1번째 답변
집에서억대수익ㅣ클릭
초인
#집에서억대수익달성 #초보전문멘토 #16년차디지털노마드
아르바이트 58위, 구인구직사이트 74위, 네이버 블로그 분야에서 활동
본인 입력 포함 정보
상세 안내 툴팁 보기
지식iN 서비스 질문 답변 페이지 및 프로필의 답변자 정보에 노출되는 답변자의 회사, 학교, 자격 등의 정보는 본인이 지식iN 프로필 수정을 통해 직접 입력한 정보입니다.
네이버는 사용자가 등록한 정보 및 게시물을 제공하는 정보매개 서비스 제공자로서 해당 정보의 정확성, 신뢰성 및 최신성에 대해 보증하지 않습니다.
닫기
안녕하세요^_^
​
​
저 역시 피부관리사로 직장을 다니다가 투.잡으로
집에서 할수있는 부업을 찾다가 알게 되었구요 :)
처음 보는 일이고 인터넷으로 일을 한다는게 생소하였던지라
수.익이 정말 생길까? 잘할수있을까? 막연한 생각에 망설이다
고민하고 또 고민해도 현실은 나아지지않고 하루빨리
조금이나도 여유롭게 살고싶었고, 빠듯한 생활에서 벗어나고파
어렵게 용기내어 꼼꼼히 따져본후 해보기로 결정하게 되었구요!
​
이미 SNS에서 입소문이 날 만큼 유명한 부.업이였고
법적으로도 아무런 문제없이 안정성 검증된 회사이였기에
겁많고 의심많은 저도 회사를 믿고 시작할수 있었으며
시간+장소 구애없이 자유롭고 편하게 일할수 있었던 덕분에
매달 수.백.씩 벌게 되어 집에서 억.대.수.익을 달썽 했답니다 :)
​
물론 처음 해보는 일이고 방법을 몰라서 걱정되기도 하였지만
일하는 방법을 하나부터 열까지 꼼꼼하게 알려드리기 때문에
누구든 배우면 충분히 잘 할수 있는 일이고, 잘 해낼 수 있어요!
​
주로 저처럼 인터넷+SNS 통해서 회.사.홍.보 하실경우
수.당이 높은편이라 건.당 최대 81만언까지 받으실수 있구요
(예시: 2건시 162마넌/ 5건 405마넌/ 10건 810마넌)
​
그리고 초보자들도 쉽게 수.익 내실수 있는 다양한 업무로
폰으로 클,릭해서 벌 수 있는 라이크B 월30마넌이상 가능!
무제한일감(페북,리뷰등) , 글쓰기 포스팅 (1천넌~3처넌)
쇼.핑.몰 운영 ( 다양한 카테고리 / 판.매 수.익.률 30% )
인.스.타 쇼.핑. (좋아요/팔로워/계정관리, 수.익.률 20%)
일만한다면 수.익이 0원 될일 없으며 한푼도 못받는일 없어요!
​
수.익.금 또한 5시 이전 출.금.요.청 하시면
당일 오후 6시 이후 본.인.계.좌로 입.금 되구요 :)
​
누구든 선택의 기로에서 같은고민과 걱정을 하는거 같은데요
그런데 막상 부딪혀보면 정말 누구든지 다 할수 있을만큼
어려운거 아니며 수.익업무들도 다양하게 제공되어 있는지라
틈나는시간 적극 활용하여 꾸준히 하신다면 충분히 만족하실거에요
​
무엇보다 1:1시스템으로 일한만큼 정직하게 받는 곳으로
제 멘티님들도 방법을 배우고 실천으로 좋은 결과를 얻으셔서
첫달부터 400이상, 월천이상, 억/대/연/봉까지 달성하신만큼
본인의 역량에 따라 월100~900이상 생활보탬이 되실거예요^^
​
처음 해보는일 옆에서 누군가 도움준다면 정말 많은 힘이 된다는걸
저 또한 초보시절에 절실히 느꼈고, 너무나도 잘 알고 있는 만큼!
수이멘토가 실전으로 수'익내고 있는 꿀팁★ 촘촘한 1:1멘토링으로
좀더 빠르고 쉬운길로 앞에서 든든하게 이끌어주며 힘껏 도움드리니
부디 자신감을 갖고 긍정적인 마인드로 용기를 내셨으면 좋겠네요^_^
​
​
아무쪼록 제 답변이 조금이나마 도움이 되셨길 바라며
더 자세한 내용은 <수이멘토> 프로필을 참고해주시구요 :)
끝까지 읽어주셔서 감사합니다. 좋은 하루 되세용♥
​
​
​
2020.04.28.
UP
DOWN
댓글
메뉴 더보기
신고
---
3번째 답변
ydh9****
시민
본인 입력 포함 정보
상세 안내 툴팁 보기
지식iN 서비스 질문 답변 페이지 및 프로필의 답변자 정보에 노출되는 답변자의 회사, 학교, 자격 등의 정보는 본인이 지식iN 프로필 수정을 통해 직접 입력한 정보입니다.
네이버는 사용자가 등록한 정보 및 게시물을 제공하는 정보매개 서비스 제공자로서 해당 정보의 정확성, 신뢰성 및 최신성에 대해 보증하지 않습니다.
닫기
안녕하세요! 재택부업 알아보고 계신가보네요~
저도 학자금 대출과 생활비등 월급만으로는
생활하기 힘들어서 이것저것 해보다가
재택부업을 알게되서 시작하게 됬어요!
처음 시작할 때만 해도 대출 이자 만큼만
벌었으면 좋겠다라는 마음으로 시작했으나
현재는 500~800만원 이상 부가수익 발생하고 있고
1년 넘게 후배님들을 위해 자료 연구를 해서
현재는 재 후배님들도 200에서 최대 1000까지
저보다 많이 버시는 후배님들도 있어요
무조건 고수익자가 고수익을 만들진 못해요
저는 후배님들도 고수익자를 만들기 위해서
교육 자료를 1년넘게 만들었고 후배님들도 성공하셔서
언론 인터뷰에도 나왔어요!
그리고 대단한건 아니지만 후배님들에게 믿음을 주기위해
마케팅 전문가 자격증 1급도 땄고 현재까지도
마케팅 회사를 7년넘게 다니고 있는
마케팅 관련 전문가라고 해도 무방합니다.
마케팅에 대해 1도 모르셔도 하루 2시간정도만 투자하셔서
교육자료 대로만 해주셔도 제 후배님들처럼 못해도
200 그리고 잘만 응용해주시면 1000까지 가능합니다!
실제로 저의 후배님들도 그렇게 성공하셨고요
교육자료만 딸랑 드리지도 않고 원격 프로그램으로
직접 설명해드리거나 전화와 카톡 사용할 수 있는 모든방법으로
도와드리고 있고 40~50만원 상당의 블로그도 제가 직접 제작해드려요!
거기에 블로그네임카드와 블로그 홍보이미지 제작까지
각자에 맞추서 만들어 드립니다!
본인에게 확실하게 도움을 줄 수 있는 멘토와
후배들에게 많이 시간을 투자할 수 있는 멘토를 만나셔야해요!
그냥 겉핥기식으로 도와주겠다는 멘토는 널리고 널렸습니다
재택부업은 멘토 선정이 정말 중요해요
저 고무줄은 모든 교육을 이해하실때까지 몇번이고 다시 진행드립니다!
상담 원하신다면 언제든 연락주세요
지금 알려드린 내용보다 더 상세히 설명해드리겠습니다
아래 내용은 제 소개니 편하게 봐주세요:)
사진 설명을 입력하세요.
https://open.kakao.com/o/skcD0A4b
직장인멘토 헬로우드림 고무줄
#헬로우드림
#헬로우드림멘토
open.kakao.com
2020.04.28.
UP
DOWN
댓글
메뉴 더보기
포인트 선물
신고
---
4번째 답변
집에서 4억연봉 희야
초인
#13년경력최고수익마케터 #온라인광고마케팅 #온라인광고컨설팅
아르바이트 5위, 구인구직사이트 4위, 직업, 취업 23위 분야에서 활동
본인 입력 포함 정보
상세 안내 툴팁 보기
지식iN 서비스 질문 답변 페이지 및 프로필의 답변자 정보에 노출되는 답변자의 회사, 학교, 자격 등의 정보는 본인이 지식iN 프로필 수정을 통해 직접 입력한 정보입니다.
네이버는 사용자가 등록한 정보 및 게시물을 제공하는 정보매개 서비스 제공자로서 해당 정보의 정확성, 신뢰성 및 최신성에 대해 보증하지 않습니다.
닫기
공정위에도 확인 해보시구
​
안정적이고 합법적인지
​
꼼꼼하게 잘 알아보고 하는게 좋구요
​
회사는 광고/홍보 대행 업체인데요
​
다양한 30여가지 광고/홍보 일을 배워서
​
해주고 한만큼 수당 받는거에요.
​
매달 의무적인 할당량이 있는 것도 아니구
​
누가 일하라 말라 강요나 간섭도 없고
​
본인이 하고 싶은 일 하고 싶은 곳에서
​
자유롭게 해주고 한만큼  수당 받는 일이기에
​
저 처럼 고수익도 가능 하시구
​
투잡이나 부업으로 많이 하시구요.
​
특별한 경력이나 자격이 있어야 하는게 아니구요
​
타자 치고 하시면 충분히 배우고 할수 있고
​
정회원이 되면 홈피에 일하는 방법과 설명
​
자료 동영상 설명이 있고
​
홍보지원팀에 문의도움 청하시면
​
원격으로도 도움드리고
​
저 통해 가입하신 분들은
​
제가 처음 시작부터 순서대로 설명 도움드리고
​
또 저에게 언제든 문의도움 받으면서 하시면 되는데
​
다들 이런 홍보일이나 블로그 해본적 없는
​
평범한 20-60대 분들이 시작해서
​
개인마다 일하는 시간이나 이해력 차이가 조금 있는데
​
보통 1주일에서 2주일 좀 늦어도 3-4주면
​
다 배우고 갖추고 수익 나시는데요
​
저 처럼 고수익 되신 즉 월 천만 단위 버는 분도 계시고
​
보통 월 100-900 만 벌어 가세요
​
이 처럼 이 일은
​
시작 시기와 상관없이
​
지금 시작해도 초보라도
​
효과적인 방법을 잘 배워서 열심히 하시면
​
얼마든지 좋은 수익 올리실수 있어요~
​
​
#헬로우드림희야
새 창
2020.04.28.
UP
DOWN
댓글
메뉴 더보기
포인트 선물
신고
---
5번째 답변
탈퇴한 사용자 답변
이렇게 올리시면 엄청 답변과 댓글이 올라오는데
달콤하게 올리고 실적 올려주고 가입하면 사라지는 나쁜사람들 많고
이상한 업체도 많아요
​
저도 의기속에서 시작했지만
의기를 기회로 만들어준 지금 일에
대해 말씀드리고자 하니
바쁘시겠지만 시간 내어주시고
기회가 될수 있다고 자신있게 말씀드리니
수많은 고민과 걱정과 의심을 품고도
먼저 경험해본 사람으로서 솔직후기 들려드립니다
마이너스 인생에서 이 일로 빚 청산하고
이젠 조금씩 꽃길만 걸어 보려고 합니다
​
이젠 집에서도 할 수 있고 밖에서 아이들 기다리면서도 할 수 있어서 마음이 더 편하더라구요
재택근무가 초보는 하기 힘들지 않을까 라는 고민도 많은데
이것저것 코치를 해줄 수 있는 멘토가 가장 중요하기 때문에
여러가지를 알아보고 하는게 가장 중요합니다.
​
너무 섭부르게 판단하지 마시고 많이 고심해서 찾아보세요:)
제 네임카드 누르셔서 블로그 한 번 놀러오세요~
걱정 되시는 만큼 상담도 친절하게 해드립니다^^
​
2020.04.28.
UP
DOWN
댓글
메뉴 더보기
신고
---
6번째 답변
부업12년째 왕짱멘토
초인
여성
#부업성공멘토 #12년차온라인마케터
아르바이트 3위, 구인구직사이트 3위, 직업, 취업 22위 분야에서 활동
본인 입력 포함 정보
상세 안내 툴팁 보기
지식iN 서비스 질문 답변 페이지 및 프로필의 답변자 정보에 노출되는 답변자의 회사, 학교, 자격 등의 정보는 본인이 지식iN 프로필 수정을 통해 직접 입력한 정보입니다.
네이버는 사용자가 등록한 정보 및 게시물을 제공하는 정보매개 서비스 제공자로서 해당 정보의 정확성, 신뢰성 및 최신성에 대해 보증하지 않습니다.
닫기
부.업 알아보시나요
​
간단한 인.터.넷 활동/ 타.이.핑만으로
​
수.익낼수있는 온.라.인.부.업 알려드려요!
​
​
단.
​
유사 모.방.업.체.들도 무분별하게 많아졌으니
​
회.사 선.택에 신중하셔야합니다.
​
​
​처음 접하시는 분들은
​
선택의 어려움이 있을 수 있으니
​
문.의 주시면 안.내 해드릴게요~
​
​
저는 투'잡으로 시.작해서
​
다니던 직.장 그만두고
​
본.업으로 6년째 하고있어요^^
​
수'익/업.무 등 모든 조건에 만족하다보니
​
여태까지 계속 할 수 있었답니다.
​
​
'안.전.하고 수.익.성 확실한 회-사 선.택 '이
​
무엇보다 가장 중요합니다.
​
​
급작스럽게 홍.보가 많으며
​
""핫.하.다.
​
초 기.에  선.점 해야한다. ""
​
이런 문구에 현.혹되시면
​
매우 위'험.합니다!
​
하루아침에 없어지는 업체들 정말 많이 봐왔어요
​
​
​
당.사 는 올해로 창립17주년. 업계.1.위.
​
공정위 정상등록된 법.인.기.업이며
​
5년연속 한국소비자만족지수 1:위
​
고객이 선호하는 브랜드'대'상 수.상.
​
재.택.알.바. 업'계에서 인정받은
​
온.라.인.광.고.대.행.사입니다.
​
​
​
하.는.일은
​
회.사에서 제공해주는 자.료를
​
온.라.인상에. 올리는 단순 타:이:핑 업.무로
​
주.부,대학생,직.장.인 누구나 가능한 일.입니다.
​
​
​
간단한 글.쓰.기.부터
​
광.고.대.행(포.스.팅 / 자.료.글 올리기 )
​
쇼.핑.몰 운영및 홍.보 업.무
(회.사에서 홈.페.이.지 및 고객, 배송 관리 등 모두 전담)
​
어플활동(핸드폰터치)
​
수.익활동은 30여가지로
​
다양하기때문에
​
본인이 원하는걸로 선택하셔서
​
일.하.시면 됩니다.
​
​상세내용은 블.로.그 참.고 바랍니다^^
​
■ PC
닉.넴 클.릭»» 주소 클.릭
​
■모바일
​
닉.넴 클.릭»»옆으로 밀고 주소 클.릭
​
★ '왕짱멘토' 검색 후 블.로.그 확인 ★
2020.04.28.
UP
DOWN
댓글
메뉴 더보기
포인트 선물
신고",부업관심있어서 고민중인데 괜찮은가요? 안녕하세요! 재택부업 알아보고 계신가보네요~ 저도 학자금 대출과... 후배님들도 성공하셔서 언론 인터뷰에도 나왔어요! 그리고 대단한건 아니지만 후배님들에게 믿음을 주기위해 마케팅...,기타,etc,kin,https://kin.naver.com/qna/detail.naver?d1id=4&dirId=40611&docId=354688142&qb=67aA7JeFIOyEseqztQ==&enc=utf8,
kin_050,주부부업을 통해 성공한 사례가 궁금해요!,"17번째 답변
집에서 꿀부업 찌니
영웅
본인 입력 포함 정보
상세 안내 툴팁 보기
지식iN 서비스 질문 답변 페이지 및 프로필의 답변자 정보에 노출되는 답변자의 회사, 학교, 자격 등의 정보는 본인이 지식iN 프로필 수정을 통해 직접 입력한 정보입니다.
네이버는 사용자가 등록한 정보 및 게시물을 제공하는 정보매개 서비스 제공자로서 해당 정보의 정확성, 신뢰성 및 최신성에 대해 보증하지 않습니다.
닫기
저도 현재 타이핑 재택업무 하고 있는데요~
따로 워드나 엑셀 배우지 않고
키보드만 칠줄안다면
누구나 다하실 수 있는 업무이며
업무 난이도도 낮은 편이라
회사 일하시면서도 중간에 틈틈히
약 2~3시간 정도만으로도
충분히 수익내실 수 있는 업무에요~
저도 처음엔 이게 사기아닐까.. 진짜맞나?
하는 고민만 한달정도 하다가 시작한거거든요~
근데 포스팅만으로도 첫날부터 지금까지도
꾸준하게 수익내고 있어요~
물론 이 외 부수익으로도 벌고 있구요^^
여기서 중요한건..!
회사가 정말 안전하고 믿을만한 곳 인지,
그리고 꾸준하게 수익이 날 수 있는
구조 및 시스템을 가지고 있는지를
꼼꼼하게 확인하셔야 합니다..!
의심 정말 많았던 저도
처음 시작하기 전에
회사에 대해 자세하게 알아보고
많은 고민하고 결국은 결정해서
지금은 프리랜서 재택근무 하고 있는걸 보면..
말 다한거죠 뭐.. ^^;;
그만큼 아무것도 모르신 상태에서도
충분히 업무 하실 수 있어요~
​
일단 재택업무이다보니
시간적으로나 체력적으로나 부담없이
집에서 일할 수 있다는게 큰 장점같고
전 이게 제일 좋더라구요 ^^
​
요즘은 디지털노마드 시대라 하죠 ㅎㅎ
그래서 전 이 직업을 선택한 것에 대해
넘 만족스럽고 평생 직업으로도 생각중이랍니다~!
혹시 제 도움이 필요하시거나
더 자세한 문의 원하시면
제 닉네임 클릭 후 블로그 확인주세요 ^^
2025.03.02.
UP
2
DOWN
댓글
메뉴 더보기
포인트 선물
신고
---
7번째 답변
다미
초수
본인 입력 포함 정보
상세 안내 툴팁 보기
지식iN 서비스 질문 답변 페이지 및 프로필의 답변자 정보에 노출되는 답변자의 회사, 학교, 자격 등의 정보는 본인이 지식iN 프로필 수정을 통해 직접 입력한 정보입니다.
네이버는 사용자가 등록한 정보 및 게시물을 제공하는 정보매개 서비스 제공자로서 해당 정보의 정확성, 신뢰성 및 최신성에 대해 보증하지 않습니다.
닫기
안녕하세용 할수있다는 맘만 있으시면 누구나 가능하세요!! 멘토분만 잘만나시면 충분히 수익내시는데 도움되실꺼예요~^^저도 본업이 있는데 생활이 힘들어서 시작햇어요 컴맹에 완전 아무것도 몰랐는데 멘토님 잘만나서 수익내고 있습니당~^^
​
2025.02.05.
UP
1
DOWN
댓글
메뉴 더보기
포인트 선물
신고
---
1번째 답변
한아람
태양신
본인 입력 포함 정보
상세 안내 툴팁 보기
지식iN 서비스 질문 답변 페이지 및 프로필의 답변자 정보에 노출되는 답변자의 회사, 학교, 자격 등의 정보는 본인이 지식iN 프로필 수정을 통해 직접 입력한 정보입니다.
네이버는 사용자가 등록한 정보 및 게시물을 제공하는 정보매개 서비스 제공자로서 해당 정보의 정확성, 신뢰성 및 최신성에 대해 보증하지 않습니다.
닫기
주부부업을 성공한 사례는 많이 있어요 시작 전에 열정과 노력이 필요하며 자신의 관심 분야와 능력을 바탕으로 선택하는 것이 중요해요! 초보자가 접근하기 쉬운 방법으로는 온라인 쇼핑몰 운영 블로그 운영 SNS 마케팅 등이 있어요 광고를 통해 쉽게 성공할 수 있다는 말에 속지 말고 현실적인 계획과 노력이 필요해요! 사기 피해를 피하는 방법은 신뢰할 수 있는 업체와 계약을 맺는 것이 중요하며 급한 마음으로 결정하지 않는 것이 좋을 듯 해요 하루에 몇 시간을 투자해야 하는지는 상황에 따라 다르지만 일정한 시간과 노력을 투자하면 수익을 얻을 수 있어요 행운을 빕니다!
2025.02.03.
UP
DOWN
댓글
메뉴 더보기
포인트 선물
신고
---
2번째 답변
설레임
초인
본인 입력 포함 정보
상세 안내 툴팁 보기
지식iN 서비스 질문 답변 페이지 및 프로필의 답변자 정보에 노출되는 답변자의 회사, 학교, 자격 등의 정보는 본인이 지식iN 프로필 수정을 통해 직접 입력한 정보입니다.
네이버는 사용자가 등록한 정보 및 게시물을 제공하는 정보매개 서비스 제공자로서 해당 정보의 정확성, 신뢰성 및 최신성에 대해 보증하지 않습니다.
닫기
주부부업을 통해 성공한 사례는 많아요!! 시작 전에 자기 스스로를 잘 알고 관심 분야를 정하고 시간과 노력을 투자해야 해요! 초보자가 접근하기 쉬운 방법은 온라인 쇼핑몰 운영이나 SNS를 활용한 판매 등이 있어요! 광고를 통해 쉽게 성공할 수 있다는 말에 속지 말고 현실적인 계획을 세우세요 사기를 피하는 방법은 신뢰할 수 있는 업체나 플랫폼을 활용하고 현금 거래는 조심해야 해요! 하루에 몇 시간을 투자해야 수익이 나올지는 사업의 성격에 따라 다릅니다 처음에는 시간과 노력을 많이 투자하며 경험을 쌓아가는 것이 중요해요!
2025.02.03.
UP
DOWN
댓글
메뉴 더보기
포인트 선물
신고
---
3번째 답변
비공개 답변
태양신
주부부업을 성공한 사례는 많아요 준비는 열정과 노력이 중요하며 초보자는 온라인 쇼핑몰 운영이 접근하기 쉬울 수 있어요~! 현실적으로는 시간과 노력이 필요하며 사기 피해를 피하는 방법은 신중한 조사와 신뢰할 수 있는 업체 선택입니다 일일 투자 시간은 상황에 따라 다르나 효율적인 계획이 필요해요~!
2025.02.03.
UP
DOWN
댓글
메뉴 더보기
신고",... 요즘 광고를 보면 누구나 쉽게 할 수 있다고 하는데 현실적으로는 어떤지 알고 싶어요 사기 피해를 피하는 방법이 있다면 알려주세요 또한 하루에 몇 시간 정도 투자해야 수익이 가능한지도 궁금합니다 주부부업을 성공한 사례는 많이...,기타,etc,kin,https://kin.naver.com/qna/detail.naver?d1id=4&dirId=40611&docId=481311051&qb=67aA7JeFIOyEseqztQ==&enc=utf8,
kin_052,아이디어스 부업 및 세금관련 질문,"1번째 답변
세금맨
지존
본인 입력 포함 정보
상세 안내 툴팁 보기
지식iN 서비스 질문 답변 페이지 및 프로필의 답변자 정보에 노출되는 답변자의 회사, 학교, 자격 등의 정보는 본인이 지식iN 프로필 수정을 통해 직접 입력한 정보입니다.
네이버는 사용자가 등록한 정보 및 게시물을 제공하는 정보매개 서비스 제공자로서 해당 정보의 정확성, 신뢰성 및 최신성에 대해 보증하지 않습니다.
닫기
계속 하실거면 내셔야 합니다. 내가 직접 신청하셔야하며, 직장에 걸리지 않으면 됩니다. 공무원이나 공기업직원이시라면 불법이고 사기업이라면 회사내규 위반일 수도 있습니다.
​
직장인 투잡(부업) 관련 직장통보문제, 세금, 4대 보험
직장에 다니면서 소득을 높이기 위해 사업, 프리랜서, 알바를 하시는 분들이 세금과 4대 보험 직장 통보문제를 궁금해하십니다. 세금과 4대 보험이 직장에 통보되는 기준, 또 세금신고방법을 설명드리겠습니다.
www.taxkor.com
사업자등록 신청 방법(일반과세자 vs 간이과세자, 준비서류 등)
사업자등록 신청방법 및 사업자등록 신청 전에 숙지하고 있어야 하는 사항들을 정리해보았습니다. 그리고 처음 사업을 하시는 분들에게 일반과세자로 하는 게 유리할지 간이과세자로 하는 게 유리할지 유형별로 정리를 해보았습니다.
www.taxkor.com
2023.10.04.
채택
질문자가 채택한 답변입니다.
UP
DOWN
댓글
메뉴 더보기
신고
---
2번째 답변
good****
영웅
eXpert
본인 입력 포함 정보
상세 안내 툴팁 보기
지식iN 서비스 질문 답변 페이지 및 프로필의 답변자 정보에 노출되는 답변자의 회사, 학교, 자격 등의 정보는 본인이 지식iN 프로필 수정을 통해 직접 입력한 정보입니다.
네이버는 사용자가 등록한 정보 및 게시물을 제공하는 정보매개 서비스 제공자로서 해당 정보의 정확성, 신뢰성 및 최신성에 대해 보증하지 않습니다.
닫기
안녕하세요?
직장인이면서 부업을 하고 계시는군요.
직장에서 겸업금지 조항이 없으면 괜찮습니다.
아이디어스의 매출이 어떤 형태의 원천징수가 되었는지를 확인해보세요.
3.3% 사업소득이라면 회사에 통지되는 일이 없습니다.
또한 본인이 말하지 않으면 모릅니다.
다음해 5월에 종합소득세신고시 근로소득과 다른 소득에 대해 합산신고만 하시면 됩니다.
시작하신 부업 성공하길 바랍니다.
​
​
혹시 시간적여유가 더 있다면 글쓰기에 자신이 있거나 창작활동에 취미가 있다면
다른 수익성 좋은 부업도 한번 권유해 드립니다.
​
이 곳에서 젊은 작가분들도 몇 분 배양해 냈습니다.
좋은 기회가 될 수 있으므로 무료로 상담이 가능하니 아래 상담링크로 주저하지 마시고
상담해 보세요~~
​
▶
무료부업상담신청하기
​
​
#창업
새 창
#부업
새 창
#무료교육
새 창
#창업지원
새 창
#주부부업
새 창
#직장인투잡
새 창
2023.10.05.
UP
DOWN
댓글
메뉴 더보기
신고",... 시작하신 부업 성공하길 바랍니다. 혹시 시간적여유가 더 있다면 글쓰기에 자신이 있거나 창작활동에 취미가 있다면 다른 수익성 좋은 부업도 한번 권유해 드립니다. 이 곳에서 젊은 작가분들도 몇 분 배양해 냈습니다. 좋은 기회가 될...,기타,etc,kin,https://kin.naver.com/qna/detail.naver?d1id=4&dirId=40309&docId=455907297&qb=67aA7JeFIOyEseqztQ==&enc=utf8,
kin_053,퇴근후 저녁에 부업하고자합니다,"4번째 답변
탈퇴한 사용자 답변
-------------------------------------------------------------
마린이 솔직한 생각을 담아보았습니다
-----------------------------------------------------------------------------
안녕하세요 마린입니다^^
인터넷부업에 대해 너무 편견을 갖지 마시구요 ㅠㅠ
정말 그런 회사아니니까요 ㅠㅠ
사정상 안되면 어쩔수없지만요 그냥 편견 때문에 그러시는것이면 한번 알아보시는것도 ㅎㅎ
저는지금 받는 월급으로 생활이 조금 빠듯하시나요?저는 너무 빠듯해서..요..
솔직한 생각과 마린의 의견을 말씀드리겠습니다
회사는 8년간 운영되어온 튼튼한 회사입니다
공정거래 위원회에 등록 되있는 것은 물론이구요~ 각종 상과 방송에도 소개된 아르바이트입니다
대한민국 국민 20~45세 이시라면 누구나 가능한 일이구요 ~
인터넷상에 회사를 알리는 글만 올리는 일이구요~ 간단한 일이지요^^
솔직히 별로 어려운 일들도 없고, 초기비용 도 들지 않습니다
실적이 나지 않으면 지원금까지 받을수있기 때문입니다.
또한 가불도 되는 회사입니다
수익은 한건당 27만원이구요~
실적이 없을시 지원금으로 일하신만큼 15만원 내로 받으실수 있습니다
한마디로 하신만큼 벌어가실수 있는 아르바이트 입니다
장점은 출퇴근없이, 내가 원하는 시간 에 자유롭게 할수있다는 장점이 있지만
그만큼 자기 관리를 잘해야 겠죠?
꾸준히 매일매일 일도 하셔야 하구요~ ㅎㅎ
인터넷 부업성공 노하우의 기본!!!!!
1.긍정적인 생각 2.인내를 가지고 꾸준히 3.반드시 대박터진다
분명한것은
어려운일아닙니다 손해보는일도 아닙니다
꾸준히만 하실수 있으시다면 좋은 기회라는 말 입니다
생각의 차이가 인생 성공의 차이를 낳게 될것입니다
더궁금하신점이나 이해안가시는점은 아래네임카드 클릭하셔서 언제든지 문의주시구요~
실시간으로 지금 바로 궁금한점 해결 할수 있으시니 바로바로 궁금증 해결하세요 ^^
마린은 진실된사실과 솔직한 답변만 해드립니다
좋은 하루되세요~
2012.01.05.
UP
4
DOWN
댓글
메뉴 더보기
포인트 선물
신고
---
8번째 답변
탈퇴한 사용자 답변
저도 직장인 입니다.^^:;
아이도 있고 가정이 있지요.
턱없이 부족하죠. 직장만으로
그런데 이일하고 부업치곤 진짜 수입 짭잘하게
들어옵니다. 네임카드옆 홈페이지 한번 방문해주세요^ㅡ^
2012.01.05.
UP
2
DOWN
댓글
메뉴 더보기
신고
---
17번째 답변
비공개 답변
달신
많은 부업들을 찾아보신거 같아요
시작하시전 분들의 눈에는 하는일 다 똑같아보이고
사기 같아 보이는점 충분히 이해합니다
​
저도 시작전 그렇게 보였거든요
각 플랫폼 마다 장단점이 있고 하는일도
비슷해보이지만 수익을 내는 구조가 다릅니다
​
제가 하고 있는건 클릭형 수익 구조라서
다른거 신경 안쓰고 매일 글만 몇개씩 적어서
수익을 얻는건데 바쁘신분들에게는 좋은거 같아요
​
포춘트리 - FT.TREE
포춘트리 - 하루 20분 바램을 현실로 만들어드립니다
han.gl
​
2025.05.05.
UP
2
DOWN
댓글
메뉴 더보기
신고
---
6번째 답변
모모워니
중수
본인 입력 포함 정보
상세 안내 툴팁 보기
지식iN 서비스 질문 답변 페이지 및 프로필의 답변자 정보에 노출되는 답변자의 회사, 학교, 자격 등의 정보는 본인이 지식iN 프로필 수정을 통해 직접 입력한 정보입니다.
네이버는 사용자가 등록한 정보 및 게시물을 제공하는 정보매개 서비스 제공자로서 해당 정보의 정확성, 신뢰성 및 최신성에 대해 보증하지 않습니다.
닫기
안녕하세요...사실 저는 퍼스트드림일을 하고 있는 주부인데요..홍보하려는 건 아니구요...^^
움찔하셨죠.... 저 역시 부업을 알아보았는데요.
이런곳에 부업을 올리시는 거면 말씀하시는 부업거리 밖에없어요.
그냥 손부업을 원하신다면...이런곳 보다는 지역신문을 보시느게 훨씬 빠르 실거예요.
여기는 대부분 재택부업이고 재택부업은 대부분이 그런 부류밖에는 없더라구요...^^
2012.01.05.
UP
1
DOWN
댓글
메뉴 더보기
포인트 선물
신고
---
5번째 답변
탈퇴한 사용자 답변
솔직히 현실적으로 말씀 드리자면
그 나이 때 회사 다니는 분이
집에서 부업 한다는 것 자체가 좀 힘들 거예요.
회사에서 일 하다 오면 지칠 거고
부업은 손에도 안 잡힐 겁니다.
그래서 전 퍼스트드림 이런 것보단
조금 더 수월한 인터넷 알바가 더 낫다고 보네요.
조금 더 쉽고 수월하고 초기자본이 필요 없습니다.
혹시나 인터넷 알바 생각 있으시면
아래에 있는 제 네임카드 주소 클릭하세용 ㅎ0ㅎ
2012.01.05.
UP
DOWN
댓글
메뉴 더보기
포인트 선물
신고",... 꾸준히 매일매일 일도 하셔야 하구요~ ㅎㅎ 인터넷 부업성공 노하우의 기본!!!!! 1.긍정적인 생각 2.인내를 가지고 꾸준히 3.반드시 대박터진다 분명한것은 어려운일아닙니다 손해보는일도 아닙니다 꾸준히만 하실수 있으시다면 좋은...,기타,etc,kin,https://kin.naver.com/qna/detail.naver?d1id=4&dirId=40611&docId=142909368&qb=67aA7JeFIOyEseqztQ==&enc=utf8,
kin_054,직장인이 하기에 좋은 부업이나 투잡 없을까요?,"1번째 답변
올바른 주식투자
초인
금융인
#전문가 #주가전망 #종목상담
주식, 증권, 금융 분야에서 활동
본인 입력 포함 정보
상세 안내 툴팁 보기
지식iN 서비스 질문 답변 페이지 및 프로필의 답변자 정보에 노출되는 답변자의 회사, 학교, 자격 등의 정보는 본인이 지식iN 프로필 수정을 통해 직접 입력한 정보입니다.
네이버는 사용자가 등록한 정보 및 게시물을 제공하는 정보매개 서비스 제공자로서 해당 정보의 정확성, 신뢰성 및 최신성에 대해 보증하지 않습니다.
닫기
자 그럼
애드볼(adball)
빠르고 간단하게 설명드립니다. (2020년 3월 정식오픈 예정!!!)
현재 가입이벤트 중이며 아직 베타서비스인 애드볼!!
눈치가 빠른 분들은 벌써 회원가입 시작하셨겠죠?
--------------------------------------------------------------------------
1. 이벤트기간 : 베타오픈 1월~ 그랜드오픈 3월(거의 임박했네요!!)
2. 이벤트페이지 :
https://advball.com/?refCd=Y021393
애드볼 - 광고 플랫폼! 로또,리워드 서비스!
애드볼,로또,애드볼로또,대박,리워드앱,광고!
advball.com
3. 간단한 회원가입으로 애드볼 획득
4. 총당첨금 : 현재 3300만원(정식 오픈 후 폭증할 것으로 예상)
5. 당첨자 추첨 : 매주 토요일 MBC로또 당첨 생방송 당첨번호 적용
6. 당첨금 지급 : 제세공과금 공제 후 지급(추천인 1~5촌까지 당첨금의 일부 획득!!)
​
<<애드볼 획득 방법>>
★ 무료회원 가입시
에드볼 6개
지급
★ 출석체크시
에드볼 1개
지급
★ 뉴스 및 광고시청(약 20초)
에드볼 1개
지급
★ 추천인 가입시
에드볼 6개
지급 /
추천인 당첨금시 일정금액 획득 가능
(애드볼 6개로 로또 1장 응모 가능합니다.)
​
기존의 비지니스 모델은 사용자가 투자하는 시간에 비해 상당히 미비한 금액을 보상명목으로
지급하였으나 애드볼의 경우 광고수익의 50%를 당첨금으로 지급하기 때문에 사용자가
늘어날수록 회사의 수익이 커짐과 동시에 당첨금 또한 상승할 수 밖에 없는 구조입니다.
(제가해본 기존 비지니스 모델중 바탕화면광고? 한달 내내 해도 천원이 모이질 않아 떄려쳤죠ㅋㅋ)
​
여기서
재미있고 놀라운 점 두가지
가 더 있습니다. 첫째, 일반로또는 3개의 번호를 맞춰야지만 당첨이
가능하지만 애드볼의 경우
​
7등 즉 1개의 번호만 맞춰도 당첨금이 지급
됩니다. 두번째, 내가 추천한
지인이나 친구 또는 일반 추천인이 당첨되어도 일정 부분을 당첨금으로 지급받을 수 있습니다.(5촌까지가능)
자 그럼 빠르신 분들은 벌써 ""대박~""이라며 되뇌이셨을꺼예요. 1등이 되면 엄청 좋겠지만 꼭 1등이
아니더라도 마음 맞는 친구나 지인들끼리 팀플이 가능해진단 얘기죠. 그것만 가능할까요?
7등까지 당첨금 지급! 추천인이 당첨되어도 지급!
가장 중요한건 수익금을 독식하고 사용자들에게는 말도 안되는 수익금을 보상이라며 주던 기존
앱테크와는 의미 자체가 다릅니다. 회사와 사용자가 윈윈할 수 있는 최고의 시스템이 2020년 3월 오픈하는거죠
​
2020.02.21.
채택
질문자가 채택한 답변입니다.
이 답변의 추가 Q&A
질문자와 답변자가 추가로 묻고 답하며 지식을 공유할 수 있습니다.
UP
DOWN
댓글
메뉴 더보기
포인트 선물
신고
---
5번째 답변
집에서 4억연봉 희야
초인
#13년경력최고수익마케터 #온라인광고마케팅 #온라인광고컨설팅
아르바이트 5위, 구인구직사이트 4위, 직업, 취업 23위 분야에서 활동
본인 입력 포함 정보
상세 안내 툴팁 보기
지식iN 서비스 질문 답변 페이지 및 프로필의 답변자 정보에 노출되는 답변자의 회사, 학교, 자격 등의 정보는 본인이 지식iN 프로필 수정을 통해 직접 입력한 정보입니다.
네이버는 사용자가 등록한 정보 및 게시물을 제공하는 정보매개 서비스 제공자로서 해당 정보의 정확성, 신뢰성 및 최신성에 대해 보증하지 않습니다.
닫기
네 직장인이 부업하기 쉬운게 아니져
​
투잡으로 할만한게
​
저희 일 싫다고 하시면 이런 재택알바는 못하겠구
​
대리운전/피방/편의점/식당/등등 일 하시면 좋겟네요
​
아니면 요즘 배달 알바 유행이던데
​
알아보면 좋겟구요
​
​
2020.02.21.
UP
DOWN
댓글
메뉴 더보기
포인트 선물
신고
---
6번째 답변
Sun123
중수
본인 입력 포함 정보
상세 안내 툴팁 보기
지식iN 서비스 질문 답변 페이지 및 프로필의 답변자 정보에 노출되는 답변자의 회사, 학교, 자격 등의 정보는 본인이 지식iN 프로필 수정을 통해 직접 입력한 정보입니다.
네이버는 사용자가 등록한 정보 및 게시물을 제공하는 정보매개 서비스 제공자로서 해당 정보의 정확성, 신뢰성 및 최신성에 대해 보증하지 않습니다.
닫기
인터넷으로 하는 일이 대다수이기 때문에
시간도 자유롭고
시간 나실 때 틈틈히 해주시면 됩니다!
​
저는 학생이라 학교 다니면서
주말에는 아르바이트하고..
​
힘들어서 부업 알아보다가
지푸라기라도 잡는 심정으로
시작하게 되었어요!
​
오히려 아르바이트보다
시간면이나, 수익면에서
훨씬 좋더라구요!
​
만18세 이상이라면
나이,학업 상관없이
시간, 장소 구애받지 않고
휴대폰이나, 컴퓨터로 일 가능하세요.
​
한번 시작하시면
평생직장처럼 생각하시고
계속 하실 수 있어요^^
​
부업도 종류가 다양한데
원하시는 종류 선택 하셔서
상담받으시고 시작하시면 되어요:)
​
본사에서 지원해주는 자료들을
sns나 블로그에 올려주시기만 해도
수익이 날 수 있어요.
​
제가 있는 업계는
수익금도 가장 높아요!
수익금은 당연히 당일 지급 됩니다 ㅎㅎ
​
잘 알아보시고
부업 성공하시길 바래요!
2020.02.21.
UP
DOWN
댓글
메뉴 더보기
포인트 선물
신고
---
7번째 답변
매정이
초수
본인 입력 포함 정보
상세 안내 툴팁 보기
지식iN 서비스 질문 답변 페이지 및 프로필의 답변자 정보에 노출되는 답변자의 회사, 학교, 자격 등의 정보는 본인이 지식iN 프로필 수정을 통해 직접 입력한 정보입니다.
네이버는 사용자가 등록한 정보 및 게시물을 제공하는 정보매개 서비스 제공자로서 해당 정보의 정확성, 신뢰성 및 최신성에 대해 보증하지 않습니다.
닫기
저는 마이셀즈 라는것에서 부업하는데  이런부업은 관심없으신가요??
2020.02.21.
UP
DOWN
댓글
메뉴 더보기
포인트 선물
신고
---
8번째 답변
부업 정직멘토 디엘
중수
본인 입력 포함 정보
상세 안내 툴팁 보기
지식iN 서비스 질문 답변 페이지 및 프로필의 답변자 정보에 노출되는 답변자의 회사, 학교, 자격 등의 정보는 본인이 지식iN 프로필 수정을 통해 직접 입력한 정보입니다.
네이버는 사용자가 등록한 정보 및 게시물을 제공하는 정보매개 서비스 제공자로서 해당 정보의 정확성, 신뢰성 및 최신성에 대해 보증하지 않습니다.
닫기
부업 잘 보시고 고려해주십시요.
문의 언제나 받고있습니다.
아래 봐주시고 문의주세요~^^
2020.02.21.
UP
DOWN
댓글
메뉴 더보기
포인트 선물
신고",... 시작하시면 되어요:) 본사에서 지원해주는 자료들을 sns나 블로그에 올려주시기만 해도 수익이 날 수 있어요. 제가 있는 업계는 수익금도 가장 높아요! 수익금은 당연히 당일 지급 됩니다 ㅎㅎ 잘 알아보시고 부업 성공하시길 바래요!,블로그,content-sns,kin,https://kin.naver.com/qna/detail.naver?d1id=4&dirId=40611&docId=347816688&qb=67aA7JeFIOyEseqztQ==&enc=utf8,
kin_055,POP 부업하려고 하는데요...,"4번째 답변
탈퇴한 사용자 답변
짭짤한 수익을 낼 수 있는 신종 돈벌이 무대로 자리 잡고 있습니다.
예로 개인이 취미로 운영하는 블로그도 쏠쏠한 용돈 벌이 공간이 됩니다.
1.자신의 경험이나 노하우를 최대한 살려라
2.정보를 많이 수집하라
3.재택부업성공하는 방법
우연히 아래에 사이트에 들르게 되었는데 다양한 정보가 많더라구여..
한번 참고라도 해보세요...
참고:재택부업가이드
2007.07.05.
채택
질문자가 채택한 답변입니다.
UP
3
DOWN
댓글
메뉴 더보기
포인트 선물
신고",... 1.자신의 경험이나 노하우를 최대한 살려라 2.정보를 많이 수집하라 3.재택부업성공하는 방법 우연히 아래에 사이트에 들르게 되었는데 다양한 정보가 많더라구여.. 한번 참고라도 해보세요... 참고:재택부업가이드,기타,etc,kin,https://kin.naver.com/qna/detail.naver?d1id=4&dirId=40611&docId=34374093&qb=67aA7JeFIOyEseqztQ==&enc=utf8,
kin_056,집에서하는부업 하면 정말 고수익이 가능한가요?,"33번째 답변
비공개 답변
시민
개인적으로 많은 부업을 해 밨는데 제가 해 본 부업 중
가장 믿을 만하면서 초기비용 전혀 없이 무료로 할 수 있는 4곳 추천 해 드릴께요..
​
재택알바의 특징 상 인터넷만 되는 곳이면 장소나 시간에 구애 받지 않고 수익을 올릴 수 있는데
​
하루 중 남아도는 짜투리시간을 활용하여 작게는 커피값이나 교통비에서부터 많게는
일반 직장인의 월급만큼도 벌 수 있는 장점이 있습니다..
​
집에서 할 수 있는 부업 4종 셋트
​
1.
​틱톡라이트 [바로가기] - 가입 즉시 10일 출첵만으로 3만원 확보
- 한 달 오십만원 이상도 가능
​
•
[매우 중요]
가입 당일 출석 체크 후 10일간 출석체크를 필수 진행 -
기본 3만원 보상 대박
• 추천인 모으거나 영상시청, 출석체크, 좋아요 누르기 등 다양한 이벤트로 수익 극대화 가능
• 틱톡 ID와 틱톡라이트 ID는 별개로 틱톡 ID가 있더라도 틱톡라이트로 신규 가입 가능
보는 재미를 버는 재미로! TikTok Lite
간단한 데일리 미션을 완료하고 포인트를 받으세요
lite.tiktok.com
​
2.
알바리치 [바로가기] - 고수익 가능
​
• 19세이상 남녀 누구나 가입가능
• 블로그나 sns, 카페, 홈페이지 등으로 홍보에 자신있으면 대박 수익 가능
• 업종별로 포스팅을 작성할 수 있는 디테일한 가이드라인이 제공
• 등급에 따른 수수료 차등 지급이 없음
​
알바리치 회원 실제수익금
​
​
3.
엠브레인 리서치 [바로가기]
​ - 아래 배너를 클릭하면 됨 - 2500원 기본지급
​
• 만14세이상 ~ 60세 남녀 누구나 가입가능
​
엠브레인 실제 수익금 [설문조사만으로 이 만큼 벌었음]
​
​
4
. 디비디비딥 [바로가기]- 하루 1분 투자로 매월 5천원 이상 가능!!
​
• 15세이상 남녀 누구나 가입가능
• 블로그나 sns, 카페, 홈페이지 등으로 홍보에 자신있으면 대박 수익 가능
• 출석체크만 해도 5천원
• 하루 1번 롤렛 돌리기
• 회원가입 후 이벤트 클릭하면 확인 가능 [모바일로 본다면 pc 보기 전환하면 보임]
​
디비디비딥 회원 실제 누적 수익금
​
​
​
저는 위 내용을 설명하면서 해당 업체로부터..
마일리지를 제공받기로 하였습니다..
​
​
​
집에서 할 수 있는 부업 총 4군데 추천 수익금 얼마?
집에서 할 수 있는 부업, 청소년 주부 대학생 직장인 누구나 컴퓨터나 스마트폰 한대로 가능!! 개인적으로 ...
blog.naver.com
​
2025.06.30.
UP
3
DOWN
댓글
메뉴 더보기
신고
---
27번째 답변
비공개 답변
영웅
▶ 더보기를 눌러 확인해주세요 ◀
​
안녕하세요! 집에서 하는 부업으로 고수익이 가능한지, 그리고 성공 사례와 주의할 점에 대해 궁금하시군요.
​
집에서 하는 부업으로 정말 고수익을 얻거나 안정적인 수입을 만드는 것이 가능할까요? 네, 가능합니다! 하지만 모든 부업이 그렇거나 누구나 쉽게 성공하는 것은 아닙니다. 어떤 종류의 부업을 선택하고 얼마나 노력하느냐에 따라 결과는 크게 달라질 수 있습니다.
​
고수익 또는 안정적인 수입이 가능한 부업 유형
​
* 온라인 서비스 제공
* 온라인 강의/콘텐츠 제작
* 온라인 쇼핑몰/스마트스토어 운영
* 온라인 콘텐츠 제작 (블로그, 유튜브 등)
​
물론 이러한 부업들도 처음부터 고수익을 보장하는 것은 아니며, 많은 경우 처음에는 '부업으로 적당한 수준'의 추가 수입으로 시작하여 점차 규모를 키워나가는 형태입니다.
​
초보자가 시작할 때 주의해야 할 점
​
성공적인 부업을 위해 초보자가 주의해야 할 몇 가지 중요한 점이 있습니다.
​
* 철저한 준비와 계획
* 명확한 목표 설정
* 자신에게 맞는 부업 선택
* 부업 사기 주의
* 꾸준함과 인내
​
집에서 하는 부업은 시간과 장소의 제약 없이 추가 수입을 얻을 수 있다는 큰 장점이 있습니다. 잘 준비하고 꾸준히 노력하신다면 충분히 좋은 결과를 얻으실 수 있을 거예요! 응원하겠습니다!
​
​
▼ 무료상담 가능합니다 ▼
https://m.site.naver.com/1K0Ap
헬로우드림
출/퇴근 없이 집에서 돈버는 재택알바
m.site.naver.com
​
2025.06.13.
UP
2
DOWN
댓글
메뉴 더보기
신고
---
6번째 답변
집에서 돈버는 리치
영웅
본인 입력 포함 정보
상세 안내 툴팁 보기
지식iN 서비스 질문 답변 페이지 및 프로필의 답변자 정보에 노출되는 답변자의 회사, 학교, 자격 등의 정보는 본인이 지식iN 프로필 수정을 통해 직접 입력한 정보입니다.
네이버는 사용자가 등록한 정보 및 게시물을 제공하는 정보매개 서비스 제공자로서 해당 정보의 정확성, 신뢰성 및 최신성에 대해 보증하지 않습니다.
닫기
집에서 하실 수 있는 일을
찾고 계신가요?
​
최근 들어와서 많은 사람들이
생활물가지수 상승, 생활비부족
직장내불안감, 적은월급으로
살기가 팍팍해서 대부분 부업을
어떤 형태로든지 하고 있어요
요즘 재택부업 하시는 분들은
거의 대부분 하시는 것 같아요
저도
직장다니며 월급으로 힘들어서
퇴근후 쿠팡알바. 배달알바.
편의점 알바, 손부업....등등
해봤는데
이것저것 떼고 손에 쥐는건 고작 몇푼 안되었어요.
재택부업도 초기비용 없는 여기저기 해봤는데
일주일에 2만원 벌기도 힘들었어요.
요즘 일자리도 구하기가 정말 힘들어 졌어요.
하지만 이젠 알아볼 필요가 없어졌어요
솔직히 재택부업보다 더 좋은 건 없네요
제가 의심이 많은 성격이라서
시작하기 전에 이것저곳 다 비교해보았는데
여기만큼 안정적인 수입과
다양한 수익시스템이 있는 곳이 없더라고요.
지금은 동종업계에서 수익금이 제일 높아요.
당일 벌은 수익금도당일 출금할 수도 있고
믿을 수 있는 회사라서 너무 좋네요.
하는 일은 단순 반복 업무라
누구나 다 할 수가 있어요.
또한, 쇼핑몰판매수익, 모집
부수익 등 여러가지가 있는데요.
이 여러가지를 한번에 다해서
수익을 얻어갈 수 있어서 정말 좋아요.
재택부업을 알아보실때
회사와 멘토 선택 2가지는 정말 중요해요.
내가 일한만큼 수입금이 들어오는 회사인지
그리고 멘토는 괜찮은 사람인지....
여기는 오늘 벌은 수익금
당일 출금 가능해요.
멘토도 잘 선정해야되는 데요!
혼자 하시는 것보다 같은 돈을 내더라도
돈버는 방법과 노하우를 빨리 배워야
그만큼 돈많이 버는 시간이 빨라지겠죠.
노하우를 100% 공개하는지,
가입후에도 진심으로 잘 가르쳐 주는지,
바로바로 친절하게 알려주는지,
이왕이면 최대한 도움을 받아서
빠르게 시작해야 하니깐요.
이 2가지를 정말 잘 알아보시고
결정하셨으면 좋겠어요.
다른사람 눈치 안보고 내가 편한 시간에
편한 장소에서 장소 구애없이 돈 벌기
단순하게 일하고 돈 많이 버는 지름길
왕초보도 바로 수익내는 지름길
온라인에서 평생 밥먹고 살 수 있는 지름길
다른 사람과 똑같은 시간을 쓰지만,
다른 결과를 가져올 수 있는 방법!!
수익을 빠르게 얻을 수 있는 그 방법!!!
제 노하우는 진짜 꿀팁이라서
제 회원님께만 공유드리점 이해 부탁드려요.
집에서 시간과 장소 구애받지 않고
내가 한만큼 당일수익으로
바로 돈 벌 수 있고,
출금이 가능하고, 믿을 수 있다는 강점!!
하고 싶은 일을 내가 원하는 만큼
내가 골라서 하면서
돈을 벌 수 있습니다.
다른 사람도 하는데
내가 못할 것 없겠죠?
지금 도전하시면
누구든 가능합니다
혹시 제 도움이 필요하시면
아래 이미지도 첨부했으니
참고해 주시면 좋을것 같아요.
보다 자세한 내용이 궁금하시다면
닉네임 확인해 주세요
오픈채팅을 통해 문의 부탁드려요.
​
2025.02.04.
UP
1
DOWN
댓글
메뉴 더보기
포인트 선물
신고
---
9번째 답변
하늘의 상담은 톡으로
고수
본인 입력 포함 정보
상세 안내 툴팁 보기
지식iN 서비스 질문 답변 페이지 및 프로필의 답변자 정보에 노출되는 답변자의 회사, 학교, 자격 등의 정보는 본인이 지식iN 프로필 수정을 통해 직접 입력한 정보입니다.
네이버는 사용자가 등록한 정보 및 게시물을 제공하는 정보매개 서비스 제공자로서 해당 정보의 정확성, 신뢰성 및 최신성에 대해 보증하지 않습니다.
닫기
저도 일을 하다가 시간 날때
집에서 할수있는 재택알바를
찾고 있었어요!
​
​
저도 질문자분처럼 그냥 아예 생초보였고
아무것도 모른 상태에서 여러 재택알바 중에
이곳으로 도전을 해봤는데요
​
​
당연히 처음에는 초기비용이 있기때문에
고민이 많았던것같아요
​
​
근데 초기비용 없는 곳에서는
하루에 만원도 못번다고 하더라고요
​
​
두려움이 있긴했지만
초기비용 있는 곳으로 결정했던것같아요!
​
​
이곳은
단순타이핑 업무(블로그),
쇼핑몰운영 판매수익,
모집, 부수익 등 여러가지가 있는데요
​
​
내가 이 여러가지 일을 하고싶은 만큼만
다해서 수익을 얻어갈 수 있는데요
​
​
하루에 저는 2~3시간 투자해서
바로 당일 수익으로 돈을 가져갈수 있는만큼
꾸준히만 하신다면 수익을 얻으실 수 있으세요
​
저는 거짓말 안합니다
솔직하게 알려드려요
​
​
일감이 없는건 아닌지 걱정하실테지만
이곳은 일감도 많고 일도 쉬워서 걱정 안해도 되고
일감 단가 까지 높기때문에 더 좋았던것같아요!
​
​
그리고 혼자하시는 것보다 같은 돈을 내더라도
더 많은 노하우를 같이 얻어가면서
하는게 더 좋지 않을까요??
​
​
저의 회원님들은 저의 그 노하우 덕분에
쉽고 빠르게 일을 하고 계시거든요
​
노하우 덕분에 저희회원님들도
당일 수익으로 얻고계세요
​
처음부터 기초를 잘 잡아놔야
나중에가 편하다는 거 아시죠??
​
​
근데 또 차근차근하면서
수익은 빠르게 얻을 수 있는 그 방법!
​
​
다른 사람과 똑같은 시간을 쓰지만
다른 결과를 가져올 수 있는 거죠
​
​
이곳이 안전한 회사일까 걱정되실텐데
제가 지금 하고 있는 이 회사는
법인으로 인정된 안전한 회사이며,
​
​
당일 수익을 얻으면 시간에 맞춰서 신청해서
바로 당일 출금도 가능하다는 점!
​
​
저도 바로 당일 출금하고 있답니다
​
그런 곳이 흔치 않아요
​
하지만 여기는 가능해서
여기를 선택하길 잘했다고 생각했어요
​
​
이미지도 첨부했으니
참고해주시면 좋을것같아요
​
​
자리가 얼마 남지 않았으니
충분히 고민해보시고 프로필을 눌러
하단의 오픈채팅으로 편하게 문의해주세요~
​
2025.02.04.
UP
1
DOWN
댓글
메뉴 더보기
포인트 선물
신고
---
24번째 답변
집에서억대수익ㅣ클릭
초수
#집에서억대수익 #왕초보전문멘토 #16년차프리랜서
아르바이트 분야에서 활동
본인 입력 포함 정보
상세 안내 툴팁 보기
지식iN 서비스 질문 답변 페이지 및 프로필의 답변자 정보에 노출되는 답변자의 회사, 학교, 자격 등의 정보는 본인이 지식iN 프로필 수정을 통해 직접 입력한 정보입니다.
네이버는 사용자가 등록한 정보 및 게시물을 제공하는 정보매개 서비스 제공자로서 해당 정보의 정확성, 신뢰성 및 최신성에 대해 보증하지 않습니다.
닫기
​
안녕하세요 (๓˙ ₋ ˙๓)
​
저는 평범한 직장인에서
지금은 햇수로 16년째 디지털 노마드로,
집에서 꾸준히 수익을 내며 일하고 있어요 ☺️
​
​
처음에는 빠듯하기만 했던 생활에
조금이나마 보탬이 되고 싶어서
온라인 일거리를 찾아보게 되었고,
그만큼 더 꼼꼼하게 회사를 살펴봤던 것 같아요
​
​
✅️ 믿을 수 있는 안전한 회사인가?
✅️ 초보자도 쉽게 시작할 수 있는 시스템?
✅️ 수당은 밀리는 일 없이 제때 지급되는지?
​
​
이 조건을 모두 충족하는 곳을 찾았고,
첫날부터 업무를 배우며 소소하게 벌면서
왕초보였던 저도 블로그를 활용하여
단 하루 만에 32O,
월 5OO 이상 수익을 낼 수 있었어요!
​
​
그 이후로도 매달 직장월급이상 받으며
출퇴없이 집에서 월급만들기 성공한 만큼
저처럼 처음 시작하시는 분들도
꾸준함만 있다면 충분히 가능하다고 생각해요 :)
​
​
어떤일인지 궁금하시면 편하게 구경 와주세요❗️
함께 좋은 방향으로 나아갔으면 좋겠습니다 ☺️
​
​
​
​
​
2025.06.09.
UP
1
DOWN
댓글
메뉴 더보기
포인트 선물
신고",집에서하는부업을 하면서 성공한 사례가 궁금해요 정말로 안정적인 수입을 얻을 수 있는지 아니면 부업으로 적당한 수준인지 알고 싶어요 또한 초보자가 시작할 때 주의해야 할 점이 있으면 알려주세요 집에서 하는 부업으로 고수익을...,기타,etc,kin,https://kin.naver.com/qna/detail.naver?d1id=4&dirId=40613&docId=481320155&qb=67aA7JeFIOyEseqztQ==&enc=utf8,
kin_057,부업할만한것,"1번째 답변
탈퇴한 사용자 답변
제 생각에는
1.비즈공예(구슬로 여러가지를 만들어서...)를 이용하여 악세사리, 등등을 만들어서 파는건 어떤가요?
2.십자수:십자수로 작품을 만든뒤에 뭐 인터넷으로 홈페이지를 만들어 파는것도 좋은것 갔습니다.
도움이 될것 같지는 않지만
이런것들은 열심히 배운다면은 쉽게 할수 있을 거라고 믿습니다~
부업 성공하세요!
2006.08.11.
채택
질문자가 채택한 답변입니다.
출처
나의 생각
UP
4
DOWN
댓글
1
메뉴 더보기
포인트 선물
신고",... 2.십자수:십자수로 작품을 만든뒤에 뭐 인터넷으로 홈페이지를 만들어 파는것도 좋은것 갔습니다. 도움이 될것 같지는 않지만 이런것들은 열심히 배운다면은 쉽게 할수 있을 거라고 믿습니다~ 부업 성공하세요!,기타,etc,kin,https://kin.naver.com/qna/detail.naver?d1id=4&dirId=40611&docId=33726570&qb=67aA7JeFIOyEseqztQ==&enc=utf8,
kin_058,유튜브 부업하고 싶은데 어떻게 해야하나요?,"2번째 답변
알타리
별신
본인 입력 포함 정보
상세 안내 툴팁 보기
지식iN 서비스 질문 답변 페이지 및 프로필의 답변자 정보에 노출되는 답변자의 회사, 학교, 자격 등의 정보는 본인이 지식iN 프로필 수정을 통해 직접 입력한 정보입니다.
네이버는 사용자가 등록한 정보 및 게시물을 제공하는 정보매개 서비스 제공자로서 해당 정보의 정확성, 신뢰성 및 최신성에 대해 보증하지 않습니다.
닫기
유튜브 부업을 시작하려면 먼저 관심 있는 주제를 정해보시면 좋을 것 같아요
그 다음 간단한 촬영과 편집을 배워보는 것도 좋을 것 같아요!
꾸준한 업로드와 소통이 중요하니까요!
응원할게요!
2025.06.18.
채택
질문자가 채택한 답변입니다.
UP
DOWN
댓글
메뉴 더보기
포인트 선물
신고
---
3번째 답변
jiyu****
바람신
본인 입력 포함 정보
상세 안내 툴팁 보기
지식iN 서비스 질문 답변 페이지 및 프로필의 답변자 정보에 노출되는 답변자의 회사, 학교, 자격 등의 정보는 본인이 지식iN 프로필 수정을 통해 직접 입력한 정보입니다.
네이버는 사용자가 등록한 정보 및 게시물을 제공하는 정보매개 서비스 제공자로서 해당 정보의 정확성, 신뢰성 및 최신성에 대해 보증하지 않습니다.
닫기
유튜브 부업을 원하시나봐요!
먼저 관심 있는 주제를 정해보시면 좋을 것 같아요!!
그 다음 영상 촬영 및 편집 기술을 배우고 꾸준히 콘텐츠를 올려보세요
시청자와 소통하는 것도 중요해용!!!
조금씩 해보면 좋을 것 같아요
응원할게요!
2025.06.18.
채택
질문자가 채택한 답변입니다.
UP
DOWN
댓글
메뉴 더보기
포인트 선물
신고
---
4번째 답변
ch09****
달신
본인 입력 포함 정보
상세 안내 툴팁 보기
지식iN 서비스 질문 답변 페이지 및 프로필의 답변자 정보에 노출되는 답변자의 회사, 학교, 자격 등의 정보는 본인이 지식iN 프로필 수정을 통해 직접 입력한 정보입니다.
네이버는 사용자가 등록한 정보 및 게시물을 제공하는 정보매개 서비스 제공자로서 해당 정보의 정확성, 신뢰성 및 최신성에 대해 보증하지 않습니다.
닫기
유튜브 부업을 시작하려면 먼저 어떤 주제를 다룰지 고민해보시길 바래요!
그 다음 콘텐츠 제작 기술을 배우고 꾸준히 업로드하는 게 중요해용!!
조금씩 해보면 자신감이 생길 거에요!
응원해용!!!
2025.06.18.
채택
질문자가 채택한 답변입니다.
UP
DOWN
댓글
메뉴 더보기
포인트 선물
신고
---
5번째 답변
sh96****
식물신
본인 입력 포함 정보
상세 안내 툴팁 보기
지식iN 서비스 질문 답변 페이지 및 프로필의 답변자 정보에 노출되는 답변자의 회사, 학교, 자격 등의 정보는 본인이 지식iN 프로필 수정을 통해 직접 입력한 정보입니다.
네이버는 사용자가 등록한 정보 및 게시물을 제공하는 정보매개 서비스 제공자로서 해당 정보의 정확성, 신뢰성 및 최신성에 대해 보증하지 않습니다.
닫기
유튜브 부업은 재미있는 주제를 찾아 콘텐츠를 만들고 꾸준히 업로드하는 게 중요해요!!
시청자와 소통하며 피드백을 받아보면 더 발전할 수 있을 거에요!
응원할게요!
2025.06.18.
채택
질문자가 채택한 답변입니다.
UP
DOWN
댓글
메뉴 더보기
포인트 선물
신고
---
7번째 답변
road****
초인
본인 입력 포함 정보
상세 안내 툴팁 보기
지식iN 서비스 질문 답변 페이지 및 프로필의 답변자 정보에 노출되는 답변자의 회사, 학교, 자격 등의 정보는 본인이 지식iN 프로필 수정을 통해 직접 입력한 정보입니다.
네이버는 사용자가 등록한 정보 및 게시물을 제공하는 정보매개 서비스 제공자로서 해당 정보의 정확성, 신뢰성 및 최신성에 대해 보증하지 않습니다.
닫기
유튜브 부업을 시작하려면 먼저 관심 있는 주제를 정해보시길 바래요!!
그 다음 간단한 장비로 영상 촬영을 시작하고 편집 프로그램도 배워보면 좋을 것 같아요
꾸준히 콘텐츠를 올리면 점점 더 나아질 거에요!!
응원할게요!
2025.06.18.
채택
질문자가 채택한 답변입니다.
UP
DOWN
댓글
메뉴 더보기
포인트 선물
신고","... 유튜브 부업 성공을 위한 팁 처음부터 완벽하려 하지 말고 꾸준히 올리기 → 성장 속도는 꾸준함에서 갈립니다. 시청자와 소통하기 → 댓글, 커뮤니티 기능을 활용해 충성 구독자를 만드는 게 중요합니다. 트렌드와 장기 콘텐츠 균형...",유튜브,content-sns,kin,https://kin.naver.com/qna/detail.naver?d1id=5&dirId=508&docId=486300480&qb=67aA7JeFIOyEseqztQ==&enc=utf8,
kin_059,팀미션부업사기??,"16번째 답변
윤세진
변호사
초원 법률사무소
본인 입력 포함 정보
상세 안내 툴팁 보기
지식iN 서비스 질문 답변 페이지 및 프로필의 답변자 정보에 노출되는 답변자의 소속 정보는 소속 단체를 통해 입력된 정보입니다.
네이버는 사용자가 등록한 정보 및 게시물을 제공하는 정보매개 서비스 제공자로서 해당 정보의 정확성, 신뢰성 및 최신성에 대해 보증하지 않습니다.
닫기
안녕하세요. 로톡-네이버 지식iN 상담변호사 윤세진 입니다.
​
▲ 클릭 시 채팅상담 연결 ▲
거짓말 못하는 변호사의 사실적 답변
▶거짓 없는 구제 가능성 확인 ◀CLICK
▶보다 자세한 상담이 필요하다면 ◀CLICK
▶다이렉트 현실 상담 : 1555-1093
​
핵심이 필요한 분들을 위해 단 세줄로 요약드리겠습니다.
1️⃣ 3년 전 사기 피해라도 사건 접수 여부와 수사 진행 경과를 다시 확인해볼 여지는 있습니다.
2️⃣ 피해금 회복은 가해자 특정 여부와 재산 확인 여부에 따라 가능성이 달라질 수도 있습니다.
3️⃣ 경찰서에는 사건번호, 접수 여부, 불송치나 종결 사유, 이의신청 가능성 등을 물어보시는 편이 좋습니다.
​
질문자님 상황에서는 먼저 과거 신고가 정식 사건으로 접수되었는지, 단순 상담으로 끝났는지부터 확인하는 것이 중요합니다.
​
당시 문자, 계좌이체 내역, 대화 기록, 상대방 연락처나 계정 정보가 남아 있다면 시간이 지났더라도 다시 단서가 될 수도 있습니다.
​
피해금액 구제방법이라는 말은 보통 형사절차에서 가해자가 특정되어 반환이 이루어지는 경우나, 별도로 민사상 청구를 검토하는 경우를 뜻하는데 상황에 따라 가능할 수도 있고 어려울 수도 있습니다.
​
경찰서에 가시면 예전에 신고한 내용이 사건으로 등록됐는지, 사건번호가 있는지, 수사가 왜 어려웠는지, 현재 다시 자료를 내면 재검토 가능성이 있는지를 물어보시면 되는데요.
​
만약 불송치나 종결 처분이 있었던 사안이라면 그 처분 내용과 이유를 확인한 뒤 추가 자료가 있을 때 다시 문제 제기를 검토할 여지도 있습니다.
​
기억이 흐려졌더라도 남아 있는 자료를 최대한 모아서 정리한 다음, 사기 사건 대응 경험이 있는 변호사와 상담해보시는 것이 좋아 보입니다.
​
※ 피해금 회수 가능성 바로 확인
[초원]피해회복을 위한 신속한 상담은?
안녕하세요. 법무법인 초원입니다. ✔️ 사기를 당한 상황이라면 가장 중요한 것은 피해를 얼마나 회복하는가 입니다. 시간이 흐를수록 피해회복 가능성은 점점 낮아집니다. 단순하게 수임만을 위해 가능하다고 말하지 않습니다. 철저하게 여러분의 상황을 파악하고 진솔한 답변을 약속드리겠습니다. 지금 여러분이 생각해야 되는 것은 단 하나. 사기피해 원금 회복. 신속하고 진솔한 상담을 원한다면? 그곳은 법무법인 초원입니다.
forms.gle
※ 실시간 익명 채팅 상담
법무법인 초원 투자사기
법무법인 초원 투자사기 전담팀입니다. 사기로 인한 피해 회복이 필요하다면 Tel:1555-0831
pf.kakao.com
​
2026.04.29.
본 답변은 참고용이며, 답변을 제공한 개인 및 사업자의 법적 책임이 없습니다.
자세한 사항은 법률사무소를 방문하여 법률상담을 하시기 바랍니다. 구체적인 사실과 정황 등에 따라 법규정 해석 등에 이견이 있을 수 있으며 상이한 댓글을 모두 수렴하지 않습니다.
펼쳐보기
UP
46
DOWN
댓글
메뉴 더보기
포인트 선물
신고
---
13번째 답변
송민후
변호사
법무법인 에이엘
본인 입력 포함 정보
상세 안내 툴팁 보기
지식iN 서비스 질문 답변 페이지 및 프로필의 답변자 정보에 노출되는 답변자의 소속 정보는 소속 단체를 통해 입력된 정보입니다.
네이버는 사용자가 등록한 정보 및 게시물을 제공하는 정보매개 서비스 제공자로서 해당 정보의 정확성, 신뢰성 및 최신성에 대해 보증하지 않습니다.
닫기
안녕하세요. 서울지방변호사회 소속으로 지식iN 법률상담을 진행하고 있는 송민후 변호사입니다.
⛔ 저희 로펌은 사무장,상담실장 없이
⭐모든 상담을 대표변호사가 직접 진행합니다.
24시간 이용 가능한 비대면 채팅 상담 요청(클릭)
☎️ PC로 보고 계시다면,
아래 번호로 전화/문자 상담도 가능합니다.
송민후 대표변호사 직통번호
▶010-4000-5317
위 번호 클릭 시 바로 전화 연결됩니다.
TV를 통해 보셨다고 말씀하신 “피해금 구제”는 보통 ​전기통신금융사기 피해금 환급 제도(지급정지→채권소멸→피해환급금 지급)​를 의미하는 경우가 많습니다
​
다만 이 제도는 ​계좌 지급정지 및 채권소멸절차 공고 후 2개월 내 신청​ 등 ‘초기 대응’이 전제되는 구조라, ​3년이 지난 사안은 제도 적용이 현실적으로 매우 어려울 것으로 보입니다.
​
실질적인 피해 회복을 위해서는 민사소송을 고려해봐야 하는데, 팀미션 사기는 보통 ​불법행위(사기)​를 원인으로 하는 손해배상 청구를 검토하게 됩니다.
​
불법행위 손해배상청구권은 ​손해 및 가해자를 안 날부터 3년​, ​불법행위를 한 날부터 10년​ 내 행사하지 않으면 소멸합니다. 그렇기 때문에 신속히 사기 전문 변호사의 조력을 받아 사건기록 열람·등사로 핵심정보(계좌, 피의자 특정, 처분결과) 확보​ 후 민사상 청구 가능기간(소멸시효) 내에 있는지 검토​를 진행해야 합니다.
​
이 과정은 “서류·기한·상대방 특정”이 승패를 가르는 영역이어서, ​사건 초기부터 전문 변호사의 조력이 반드시 필요​합니다.
​
부업사기 피해로 전문 변호사 조력이 필요하시다면, 성공사례를 보유한 저희 에이엘 채널(상단 주소 참고)로 연락주시길 바랍니다.  제가 직접  상담 도와드리겠습니다.
​
​
☘️ 법무법인 에이엘 실제 승소사례
부업사기 피해금 전액 회복한 성공사례
​
​
부업사기 사건,
왜 법무법인 에이엘이여야 하는가?
​
1️⃣ 수사기관의 내부 메커니즘 명확히 파악
: 에이엘의 대표변호사는 대형 로펌 및 군검사 출신으로, 수사기관이 부업 사기 사건의 범죄 수익을 어떻게 추적하고 보존하는지 그 내부적인 시스템을 명확히 파악하고 있습니다. 잊고 지냈던 사건의 단초를 찾아 피해 회복의 가능성을 극대화하는 전략을 수행합니다.
​
2️⃣ 사무장 없는 로펌, 대표변호사 직접 수행
: 에이엘에는 사무장이 없습니다. 최초 상담부터 서면 작성, 변론을 대표변호사가 책임지고 수행하고, 직접 수사기관 및 법원과 소통하며 의뢰인의 피해 회복을 위하여 최선을 다합니다.
​
3️⃣ 부동산 및 금융 전문 역량을 활용한 자산 추적
: 공인중개사 및 미국공인회계사 자격을 함께 보유한 에이엘의 대표변호사는 복잡한 금융 사기의 자금 흐름을 치밀하게 분석합니다. 가해자 측에 숨겨진 재산이 있는지, 혹은 국가에 의해 동결된 자산 중 의뢰인의 몫이 있는지 치밀하게 추적하여 최적의 솔루션을 제공합니다.
​
변호사선임기준 00모르고하면 큰일납니다
본 콘텐츠의 광고주는 법무법인 에이엘 , 작성자는 이도형or송민후변호사 입니다. ▼이도형 대표변호사 비...
m.site.naver.com
​
​
[법무법인 에이엘 1:1 사기 피해 구제 긴급 자문]
지금 바로 아래 채널로 상담을 요청하여 당시 사건의 정황과 입금 계좌 등의 정보를 공유해 주세요. 금융 전문성과 강력한 추적 노하우를 결합하여 피해자님이 잃어버린 소중한 자산을 되찾을 수 있는 최적의 대응 전략을 “제가 직접” 안내해 드리겠습니다.
​
​
법무법인 에이엘 형사전문
서울특별시 강동구 강동대로 245 로얄빌딩 3층 3호
​
2026.04.22.
본 답변은 참고용이며, 답변을 제공한 개인 및 사업자의 법적 책임이 없습니다.
자세한 사항은 법률사무소를 방문하여 법률상담을 하시기 바랍니다. 구체적인 사실과 정황 등에 따라 법규정 해석 등에 이견이 있을 수 있으며 상이한 댓글을 모두 수렴하지 않습니다.
펼쳐보기
UP
36
DOWN
댓글
메뉴 더보기
포인트 선물
신고
---
12번째 답변
안병민
변호사
변호사 안병민법률사무소
본인 입력 포함 정보
상세 안내 툴팁 보기
지식iN 서비스 질문 답변 페이지 및 프로필의 답변자 정보에 노출되는 답변자의 소속 정보는 소속 단체를 통해 입력된 정보입니다.
네이버는 사용자가 등록한 정보 및 게시물을 제공하는 정보매개 서비스 제공자로서 해당 정보의 정확성, 신뢰성 및 최신성에 대해 보증하지 않습니다.
닫기
▲피해 회복, 30초면 가능(클릭)▲
​
안녕하세요, 국세청 세무공무원 경력을 가진 안병민 변호사입니다.
​
3년이 지났다고 해서 피해회복 가능성이 곧바로 사라지는 것은 아닙니다만, 실제로는 당시 수사종결 경위와 상대방 특정 여부, 계좌추적 자료가 남아 있는지에 따라 달라질 수 있습니다.
​
상담을 통해 예전 수사결과와 남아 있는 증빙의 수준을 정확히 확인해야 하고, 그에 따라 법적 조력이 필요한 상황인지 판단해보셔야 하는데요.
​
금융사기는 골든타임을 쥐고 있습니다. 신속한 대처로 사건을 최소화하시길 바랍니다.
​
▼연중무휴, 24시간 답변 제공▼
[와이] '국세청 세무공무원' 경험을 기반으로 자금의 흐름 찾아가기C
안녕하세요, '국세청 세무공무원' 출신 변호사 안병민입니다. 사기를 당한 사실을 알게 됐다면, 골든타임에 맞춰 회복합니다. 자금은 생각과 다르게 분산되는 속도가 빠르기 때문입니다. 단순히 사건을 맡기 위한 말만 하지 않겠습니다. '국세청 세무공무원' 출신이었던 만큼 자금의 흐름과 재산 구조를 면밀하게 분석해 드리겠습니다.
forms.gle
​
▼변호사 직접 1:1 상담▼
법률사무소 와이
안녕하세요, ""세무공무원"" 출신 변호사 입니다. 누구보다 면밀하게 숨겨진 자금을 회수해드립니다.
pf.kakao.com
​
2026.04.03.
본 답변은 참고용이며, 답변을 제공한 개인 및 사업자의 법적 책임이 없습니다.
자세한 사항은 법률사무소를 방문하여 법률상담을 하시기 바랍니다. 구체적인 사실과 정황 등에 따라 법규정 해석 등에 이견이 있을 수 있으며 상이한 댓글을 모두 수렴하지 않습니다.
펼쳐보기
UP
33
DOWN
1
댓글
메뉴 더보기
포인트 선물
신고
---
5번째 답변
민우기
변호사
열심답변자
로엘법무법인
본인 입력 포함 정보
상세 안내 툴팁 보기
지식iN 서비스 질문 답변 페이지 및 프로필의 답변자 정보에 노출되는 답변자의 소속 정보는 소속 단체를 통해 입력된 정보입니다.
네이버는 사용자가 등록한 정보 및 게시물을 제공하는 정보매개 서비스 제공자로서 해당 정보의 정확성, 신뢰성 및 최신성에 대해 보증하지 않습니다.
닫기
안녕하세요. 로톡-네이버 지식iN 상담변호사 민우기 입니다.
​
​
⛔ 경제범죄 최대 무기징역? 빠른 소명과 증거확보해야 할 때입니다.
✅ [24시간 실시간] 로엘 법무법인 경제범죄 대응팀 바로 연결 ▶
✅ [선착순 익명 접수] 형사전문변호사 1:1 상담 접수 링크 ▶
​
​
말씀하신 팀미션 부업사기는 형법 제347조에 따른 사기죄에 해당하는 전형적인 범죄 유형입니다. 다만 3년이라는 시간이 경과한 점이 중요합니다. 사기죄의 공소시효는 형사소송법 제249조에 따라 7년이므로, 현재 시점에서도 형사 고소 자체는 가능할 수 있습니다. 다만 과거에 수사가 종결되었거나 피의자를 특정하지 못해 내사종결 또는 불송치가 된 경우라면, 동일한 자료만으로 다시 수사가 진행되기는 쉽지 않은 것이 현실입니다. 경찰에서 “잡을 수 없다”는 취지의 안내를 받으셨다면, 당시 피의자 특정이 불가능했거나 범죄 구조상 추적이 어려웠을 가능성이 큽니다.
​
티비에서 들으신 피해금액 구제방법은 형사처벌과는 별도로 범죄수익 환수나 민사적 회복 절차를 의미하는 경우가 많습니다. 만약 수사 과정에서 범죄수익이 특정되어 몰수·추징이 이루어졌다면 형법 제48조에 따라 일부 피해 회복이 가능하지만, 피의자가 특정되지 않았거나 재산이 확인되지 않았다면 현실적으로 어려운 경우가 많습니다. 경찰서를 방문하신다면 당시 사건 번호, 접수 경과, 종결 사유, 현재 재수사 가능 여부를 문의하시는 것이 좋습니다.
​
시간이 지났다고 해서 무조건 방법이 없는 것은 아니지만, 현재 단계에서는 사건 기록을 확인한 뒤 추가 대응 가능성을 판단하는 것이 우선이라고 보입니다.
​
​
✅ 내 사건의 맞춤형 진단 받아보기 (24H운영)
[클릭3번 진단표] 경제범죄 사건 상담 접수
안녕하세요. 로엘 법무법인입니다. 24시간 연중무휴 실력있는 변호사들이, 당신의 사건을 위해 실시간 대응하고 있습니다. 아래의 설문 클릭 4번 (30초)으로 변호사의 답변을 받아보시길 바랍니다  [로엘 24시간 카카오톡 상담] https://m.site.naver.com/1rhm4
forms.gle
​
⛔ 로엘법무법인 경제범죄 의뢰 결과 ⛔
✅ 계약 잔금 지급없이 편취, [혐의없음] 판결
✅ 약 26억 상당의 사기 혐의, [혐의없음, 불송치] 판결
✅ 불법 대부업 법죄단체에 가담, [집행유예] 판결
✅ 서류 위조 등 의료법 위반, [불기소] 결정
이런 판결이 어떻게 가능했을까? - [전문가에게 내 사건 진단 받기 ▶ ]
​
2026.02.02.
본 답변은 참고용이며, 답변을 제공한 개인 및 사업자의 법적 책임이 없습니다.
자세한 사항은 법률사무소를 방문하여 법률상담을 하시기 바랍니다. 구체적인 사실과 정황 등에 따라 법규정 해석 등에 이견이 있을 수 있으며 상이한 댓글을 모두 수렴하지 않습니다.
펼쳐보기
UP
15
DOWN
2
댓글
메뉴 더보기
포인트 선물
신고
---
15번째 답변
고병준 변호사
초인
법조인
본인 입력 포함 정보
상세 안내 툴팁 보기
지식iN 서비스 질문 답변 페이지 및 프로필의 답변자 정보에 노출되는 답변자의 회사, 학교, 자격 등의 정보는 본인이 지식iN 프로필 수정을 통해 직접 입력한 정보입니다.
네이버는 사용자가 등록한 정보 및 게시물을 제공하는 정보매개 서비스 제공자로서 해당 정보의 정확성, 신뢰성 및 최신성에 대해 보증하지 않습니다.
닫기
안녕하세요. 지식iN 법률상담을 진행하고 있는 고병준 변호사입니다.
[☎ 상담 접수 전화, 모바일 클릭 시 즉시 연결]
​
결론부터 말씀드리면, 3년 전 팀미션 부업사기 사안에 대해서도 대응이 가능할 수 있는데요.
​
다만 TV에서 보신 피해금 구제의 전제는 사건이 살아있거나 연결되어 있어야만 별도의 배당이나 반환 절차가 진행될 수 있습니다.
​
그렇기에 이때는 경찰서에 가셔서 3년 전에 신고했던 사건이 어떤 상태인지, 사건번호가 있는지, 기소중지인지 수사중지인지 아니면 종결 처리된 건지 확인하는 것을 우선해 보실 것을 권해드립니다.
​
그리고 병합 수사 여부나 재수사 가능성에 대해서도 반드시 확인해 보시는 것이 좋습니다. 같은 계좌나 동일 조직으로 묶여서 다른 사건과 같이 진행되고 있는지에 따라, 피해 회복 기회가 다시 생기는 경우도 있기 때문이죠.
​
만일 사건 상태 확인 이후에 재진행이나 피해 회복 절차가 고민되신다면, 이때는 방향을 잡는 것이 무엇보다 중요한데요.
​
관련하여 구조적인 파악이 어려운 부분이 있으시다면 상단 링크 통해 문의 주시길 바랍니다. 현재 상황 기준으로 가능한 대응 방향을 같이 정리해 드리겠습니다.
​
✅ 365일 24시 전국 상담 접수 가능
✅ 부업사기 병합 수사 및 재수사 구조 파악
✅ 피해금 회수 가능성 중심의 대응책 제시
​
⚠️ 긴급한 법적 지원이 필요하시다면? ⚠️
​
⬇️ 상담을 원하신다면
‘사진’을 클릭해 주시길 바랍니다. ⬇️
​
PC/모바일 관계없이 프로필에서 상담 접수 번호 확인 가능합니다.
▲ 클릭하시면 채팅으로도 상담 접수 가능합니다.
​
2026.04.27.
UP
9
DOWN
댓글
메뉴 더보기
신고","... ☘ 법무법인 에이엘 실제 승소사례 부업사기 피해금 전액 회복한 성공사례 부업사기 사건, 왜 법무법인 에이엘이여야 하는가? 1 수사기관의 내부 메커니즘 명확히 파악 : 에이엘의 대표변호사는 대형 로펌 및 군검사 출신으로...",기타,etc,kin,https://kin.naver.com/qna/detail.naver?d1id=6&dirId=602060402&docId=491512723&qb=67aA7JeFIOyEseqztQ==&enc=utf8,
kin_060,얼마안된 시민입니다. 집에서 부업으로 머라도 좀 하고싶은,"7번째 답변
알쓸신잡
영웅
본인 입력 포함 정보
상세 안내 툴팁 보기
지식iN 서비스 질문 답변 페이지 및 프로필의 답변자 정보에 노출되는 답변자의 회사, 학교, 자격 등의 정보는 본인이 지식iN 프로필 수정을 통해 직접 입력한 정보입니다.
네이버는 사용자가 등록한 정보 및 게시물을 제공하는 정보매개 서비스 제공자로서 해당 정보의 정확성, 신뢰성 및 최신성에 대해 보증하지 않습니다.
닫기
-질문내용-
안녕하세여?
시흥시 신천동 삼미시장 근처로 이사온지 얼마안된 시민입니다.
집에서 부업으로 머라도 좀 하고싶은데 알림방에도 안나와있구 어케 알아봐야할지 몰라서여ㅠ
혹 집에서 부업하고 계실 어뭉들 소개좀 부탁드려여^^
내공100드려여~~~
2014.05.04.
UP
1
DOWN
댓글
메뉴 더보기
포인트 선물
신고
---
9번째 답변
퐁소다
초수
본인 입력 포함 정보
상세 안내 툴팁 보기
지식iN 서비스 질문 답변 페이지 및 프로필의 답변자 정보에 노출되는 답변자의 회사, 학교, 자격 등의 정보는 본인이 지식iN 프로필 수정을 통해 직접 입력한 정보입니다.
네이버는 사용자가 등록한 정보 및 게시물을 제공하는 정보매개 서비스 제공자로서 해당 정보의 정확성, 신뢰성 및 최신성에 대해 보증하지 않습니다.
닫기
직장인이 큰돈을 벌려면,. 로또나 네트워크마케팅을 하라고
수많은 제테크서적에 기재되어 있습니다.ㅎㅎ
여러가지 손부업해본 아기엄마에요
물건받으려면 보증금내야하고
불량나면 돈 떼이고
집에는 온통전치 부업물건으로 꽉차있고...
하다하다 안되서 재택알바 2년째하고 있어요
지금은 금보바이오닉스로 재택알바하고 있는데요
매일 50만원씩 수익받는 아기엄마
퐁소다입니다.
저는
다른재택알바도 많이 해봤어요
회원모집하기 정말 힘들데요
;;;;
추천인은 첨에 연락만되다가 끊겨버리고..
그런데 금보는 정말 쉽네요
제가 벌어야 추천인도 돈을버니
물심양면으로 도와주고요
..
이 믿어지지않는 수익에
아직도 실감이 안나고 있어요
​
안녕하세요
금보바이오닉스 최고의 팀웍을 자랑하는 탑팀
마케터 퐁소다입니다
아주좋은 재테크정보 알려드려요~!!
저 퐁소다~!!
매일매일 50만원이상 수익이 팍팍 생기고 있어요~!
​
​
회원모집으로 지치고 힘든 부업은 이제 그만 하세요!!!
​
이제 매일지급되는 50만원이상의 수당과 선착순으로 지급되는
4600만원의 보너스까지~~~~~!!!
​
단기간 엄청난 수익을 올릴수있는 찬스입니다~!!
​
타업종부업과 수익플랜자체가 달라서
참여만으로 아주 쉽고, 안전하게 수익금 챙길수 있습니다!
​
홍보를 못하셔도 위에서 내리추천받으면서
고정수익 챙길수 있습니다~!!!
​
이 믿기힘든 금보바이오닉스, 하루라도 빨리 저희 팀에 합류하세요
그동안 힘든시간 보상받으실겁니다
​
네임카드 참조해서
블로그로 방문해주시면
이것말고도 많은 재테크,재택부업정보가 많습니다~^^
네임카드 닫혀있다면 오른쪽 약간아래 V표를 클릭하시면 열려요~!
제 정보가 님에게 님에게
도움이 되었으면 합니다~!! ^^
2014.05.05.
UP
1
DOWN
댓글
메뉴 더보기
포인트 선물
신고
---
3번째 답변
탈퇴한 사용자 답변
.
.
.
.
.
재택부업 성공한 하곽이 입니다~
.
하루하루 시간은 가고~ 나이는 먹어가고~ 모은 돈은 없구~..
.
요즘 물가도 비싸서 뭘 하기도 망설이시죠?
.
저도 그랬답니다. 초기비용이 들어간다는 거에 뒷걸음 치고, 겁내고 망설였어요.
.
그러다가 정말 큰 용기 내서 시작한 재택부업~
.
처음엔 그냥 적당히 벌었어요. 크게 욕심 안가지고, 투자한 만큼만 벌어가자. 이정도였는데
.
시간이 가면 갈수록 꾸준히 한 결실을 볼수가 있더군요 !?
.
사기 아닌가? 이거 망하는거 아닌가? 내 쥐꼬리 월급 스틸해가는거 아닌가?
.
아닙니다! 20건 실적 달성하면~ 100프로 환급해드립니다!.
.
용기를 내세요-
.
당신의 통장에 여유가 생길 수 있습니다!!!
.
그런데, 난 컴퓨터 못하는데? 하신다구요 ?
.
제가 도와드립니다. 재택부업 성공한 하곽이가 친철이 처음부터 같이 해드려요 ^^~
.
인터넷 검색밖에 못하신다고 겁내지 마세요 -
.
블로그 홍보부터 노하우전수& 홍보파일 싸이트 공유 & 블로그 무료제작 & 포샵 공유 제작.
.
그리고 최근에는 추천인 없는 분들을 위해
.
누구나 자동등업으로 홍보노하우 관련 글 읽으실수 있는 카페 오픈했습니다.
.
방문후 부업정보를 읽어보세요 ^^
.
제 후배분들을 위해서는 특별한 1% 노하우를 공개하는 게시판이 있습니다.
.
매일매일 업뎃하고 있구요. !
.
덧붙여 추천인이 잠수탔거나, 추천인 없는 분들 ~
.
하곽이에게 연락주세요. 제가 할수 있는대로 도와드리겠습니다.:)
.
누구나 처음부터 잘할 수 없습니다! 하지만 할 수는 있습니다.
.
언제나 친절한 하곽이가 옆에서 힘 껏 밀어드릴테니
.
좋은 인연. 즐겁게 일해보아요 ^^&
.
.
*** 아래 네임카드 클릭후 주소로 오셔서 한번 봐주세요
.
.
.
.
2014.05.04.
UP
DOWN
댓글
메뉴 더보기
포인트 선물
신고
---
4번째 답변
마요
시민
본인 입력 포함 정보
상세 안내 툴팁 보기
지식iN 서비스 질문 답변 페이지 및 프로필의 답변자 정보에 노출되는 답변자의 회사, 학교, 자격 등의 정보는 본인이 지식iN 프로필 수정을 통해 직접 입력한 정보입니다.
네이버는 사용자가 등록한 정보 및 게시물을 제공하는 정보매개 서비스 제공자로서 해당 정보의 정확성, 신뢰성 및 최신성에 대해 보증하지 않습니다.
닫기
안녕하세요 지금 재택알바로 일하고 있는 주부입니다
2014.05.04.
출처
안녕하세요 재택부업을하고 있어요
UP
DOWN
댓글
메뉴 더보기
포인트 선물
신고
---
6번째 답변
금보 이윤미
중수
본인 입력 포함 정보
상세 안내 툴팁 보기
지식iN 서비스 질문 답변 페이지 및 프로필의 답변자 정보에 노출되는 답변자의 회사, 학교, 자격 등의 정보는 본인이 지식iN 프로필 수정을 통해 직접 입력한 정보입니다.
네이버는 사용자가 등록한 정보 및 게시물을 제공하는 정보매개 서비스 제공자로서 해당 정보의 정확성, 신뢰성 및 최신성에 대해 보증하지 않습니다.
닫기
​안녕하세요
​
​
​깜짝놀랄 좋은
정보 알려드릴께요^^
매일매일 50만원이상 수익금이 생기고 있습니다!!
회원모집으로 지치고 힘든부업은 이제 그만하세요...
매일 지급되는
50만원이상
의 수당과 선착순으로 지급되는
4600만원의 보너스
까지
단기간
동안
엄청난 돈을 버실 수 있는 절호의 찬스!!
이 모든게 꿈이아닌 현실이거든요 타업종 부업과는 정말 수익 제도가 완전 달라서
참여만으로 너무나 쉽고 안전하게 수익금을 챙길 수 있답니다!!
홍보를 잘 모르고 못하시는 분들 걱정일랑 하지마세요...위에서 내리추천 받으시면서
엄청난 고정수익 받아가실 수 있답니다
이 믿기힘든 금보 바이오닉스만의 재택부업 하루라도 빨리
저희팀에 합류하시고
그동안 힘들게 일했던 지난시간들 보상받길 바랍니다!!
금보 마케터 이윤미
와 저희팀이 여러분과 좋은인연 만들어서 무한도움 받으실 수 있는 기회를 잡으시길!!
​
​
하루 하루 실적!! 이윤미 통장 금보 실제 입금내역!!
​
​
​
​
​
네임카드 참조해서 블로그로 방문해주세요
​
네임카드 닫혀있다면 오른쪽 약간아래
V
표 클릭하시면 열려요
​
​
2014.05.04.
UP
DOWN
댓글
메뉴 더보기
포인트 선물
신고","... 재택부업 성공한 하곽이 입니다~ . 하루하루 시간은 가고~ 나이는 먹어가고~ 모은 돈은 없구~.. . 요즘 물가도 비싸서 뭘 하기도 망설이시죠? . 저도 그랬답니다. 초기비용이 들어간다는 거에 뒷걸음 치고, 겁내고 망설였어요. . 그러다가...",기타,etc,kin,https://kin.naver.com/qna/detail.naver?d1id=12&dirId=120917&docId=196999392&qb=67aA7JeFIOyEseqztQ==&enc=utf8,
kin_061,~~쿠팡손부업 일을 하고 싶습니다?~~,"3번째 답변
tjdg****
별신
본인 입력 포함 정보
상세 안내 툴팁 보기
지식iN 서비스 질문 답변 페이지 및 프로필의 답변자 정보에 노출되는 답변자의 회사, 학교, 자격 등의 정보는 본인이 지식iN 프로필 수정을 통해 직접 입력한 정보입니다.
네이버는 사용자가 등록한 정보 및 게시물을 제공하는 정보매개 서비스 제공자로서 해당 정보의 정확성, 신뢰성 및 최신성에 대해 보증하지 않습니다.
닫기
열심히 노력하면 가능해요! 함께 성공해봐요
2025.04.02.
채택
질문자가 채택한 답변입니다.
이 답변의 추가 Q&A
질문자와 답변자가 추가로 묻고 답하며 지식을 공유할 수 있습니다.
UP
2
DOWN
2
댓글
메뉴 더보기
포인트 선물
신고
---
4번째 답변
찰나의순간
초수
본인 입력 포함 정보
상세 안내 툴팁 보기
지식iN 서비스 질문 답변 페이지 및 프로필의 답변자 정보에 노출되는 답변자의 회사, 학교, 자격 등의 정보는 본인이 지식iN 프로필 수정을 통해 직접 입력한 정보입니다.
네이버는 사용자가 등록한 정보 및 게시물을 제공하는 정보매개 서비스 제공자로서 해당 정보의 정확성, 신뢰성 및 최신성에 대해 보증하지 않습니다.
닫기
안녕하세요! 쿠팡손부업으로 열심히 일해서 성공한 사례를 보면 정말 자극이 되죠. 꾸준히 성실하게 하면 수익도 따라오는 만큼, 포기하지 않고 도전해보시는 걸 추천드립니다. 작은 성취가 쌓이면 큰 결과로 이어져요!
자세한 내용은 아래 링크에서 확인해보세요.
https://m.site.naver.com/1HkyF
집에서 하는 손 부업: 포장 알바 BEST 10 (양말, 지우개, 샤프심) - 서울, 부산, 대구, 대전, 광주, 수원, 울산 - 기술 리뷰 및 튜토리얼
집에서 하는 손 부업 포장 부업 알바에 대한 인사이트를 제공하며, 양말, 지우개, 샤프심 등 다양한 포장 방식과 지역별 정보를 포함합니다.
m.site.naver.com
​
2025.05.06.
UP
1
DOWN
1
댓글
메뉴 더보기
포인트 선물
신고
---
6번째 답변
비공개 답변
초인
손부업은 사기가 많으니 상세하게 알아 보시고 하시기를 바랍니다
2025.10.24.
UP
DOWN
댓글
메뉴 더보기
신고
---
8번째 답변
비공개 답변
시민
쿠팡 부업 할수 있는 무료 사이트 전달드립니다.
상담받아보시고 무료 전자책도 받아세요.^^
​
​
✔ 이런 유형은 대부분
• 회사명·사업자 정보 없이 메신저로만 진행
• “쉽게 돈 번다” 식의 홍보
• 먼저 가입·입금·과제 수행을 요청
→ 사기 위험이 매우 높습니다.
✔ 진짜 안전한 부업은
• 사람인, 알바몬, 원티드 같은 공식 구인·구직 플랫폼
• 회사 정보가 명확하고
• 돈을 먼저 요구하지 않는 채용 입니다.
https://www.airdbcpa.com/NzEx 주소 달아드릴테니 쿠팡 부업 상담 문의 해보세요.!
무료 전자책 지급됍니다..!! 차츰 알아가시면될듯 합니다.!
2026.01.13.
UP
DOWN
댓글
메뉴 더보기
신고
---
1번째 답변
한아람
태양신
본인 입력 포함 정보
상세 안내 툴팁 보기
지식iN 서비스 질문 답변 페이지 및 프로필의 답변자 정보에 노출되는 답변자의 회사, 학교, 자격 등의 정보는 본인이 지식iN 프로필 수정을 통해 직접 입력한 정보입니다.
네이버는 사용자가 등록한 정보 및 게시물을 제공하는 정보매개 서비스 제공자로서 해당 정보의 정확성, 신뢰성 및 최신성에 대해 보증하지 않습니다.
닫기
열심히 노력하면 쿠팡손부업으로도 성공할 수 있어요! 행운을 빌어요~
2025.04.02.
채택
질문자가 채택한 답변입니다.
이 답변의 추가 Q&A
질문자와 답변자가 추가로 묻고 답하며 지식을 공유할 수 있습니다.
UP
1
DOWN
2
댓글
메뉴 더보기
포인트 선물
신고",안녕하세요 쿠팡손부업 일을 열심히 해서 돈을 많이 벌었다는 이야기를 듣고 나두 열심히 해야겠다는 생각이 먼저 드네요 열심히 노력하면 쿠팡손부업으로도 성공할 수 있어요! 행운을 빌어요~,기타,etc,kin,https://kin.naver.com/qna/detail.naver?d1id=3&dirId=31402&docId=483796513&qb=67aA7JeFIOyEseqztQ==&enc=utf8,
kin_062,카카오뷰 부업 해 보신분?,"1번째 답변
비공개 답변
수호신
저요.
2023.01.05.
UP
DOWN
댓글
메뉴 더보기
신고
---
2번째 답변
집에서 돈버는 준찬
고수
본인 입력 포함 정보
상세 안내 툴팁 보기
지식iN 서비스 질문 답변 페이지 및 프로필의 답변자 정보에 노출되는 답변자의 회사, 학교, 자격 등의 정보는 본인이 지식iN 프로필 수정을 통해 직접 입력한 정보입니다.
네이버는 사용자가 등록한 정보 및 게시물을 제공하는 정보매개 서비스 제공자로서 해당 정보의 정확성, 신뢰성 및 최신성에 대해 보증하지 않습니다.
닫기
요즘 일자리 구하기도 힘들고
투잡이 필수가 되어버렸죠?
​
저도 여기저기 알아보는데
마땅한 자리가 없어서 애 먹었어요.
​
아는 분이 일자리를 해보라고 알러줬는데
이 일이 생각보다 너무 괜찮더라고요
​
이 일은 시간과 장소 관계없이 하루 1시간정도
휴대폰으로 홍보하면 수당을 받을수 있더라고요
​
주위 사람들이 자유롭게 일하는 모습을 보고
너무 궁금해하고 소개도 시켜줬네요
​
궁금하신점 있으시면 제 프로필을 눌러주세요
도움 많이 되실거예요
2023.01.05.
UP
DOWN
댓글
메뉴 더보기
포인트 선물
신고
---
3번째 답변
아들넷슈퍼맘
중수
#네트워크마케팅프리랜서 #프로N잡러 #리치패밀리
본인 입력 포함 정보
상세 안내 툴팁 보기
지식iN 서비스 질문 답변 페이지 및 프로필의 답변자 정보에 노출되는 답변자의 회사, 학교, 자격 등의 정보는 본인이 지식iN 프로필 수정을 통해 직접 입력한 정보입니다.
네이버는 사용자가 등록한 정보 및 게시물을 제공하는 정보매개 서비스 제공자로서 해당 정보의 정확성, 신뢰성 및 최신성에 대해 보증하지 않습니다.
닫기
안녕하세요^^
카카오뷰 부업 알아보시는군요?
요즘은 N잡시대로 본업외에 부업이나 재택알바가
필수죠~
​
제가 요즘 쏠쏠하게 돈벌고 있는 부업이 잇어요~
​
핸드폰으로 무엇이든 다 할 수 잇는 요즘~
이제 핸드폰으로 돈도 벌자구요~!
​
온라인부업이라고 들어보셧죠~?
​
시대 흐름에 딱 맞는 100%비대면 온라인 사업으로 시간내서 면접보지 않아도 20세 이상이면 누구나 시작 할 수 있어요.
​
하는 일도 아주 간단하답니다 .
하루 1시간 회사대신 마케팅(홍보)를 하면 되요
​
누구나 알고있는 학습지 1위 대기업에서 만든 플랫폼 사업으로 직접판매공제조합에 등록되어 있는 합법적인 회사이기 때문에 사기당할 걱정 없고 실패해도 리스크도 없답니다~!
​
어떤 일이든 처음 시작이 중요한거 아시죠?
더 나은 삶을 원하신다면 지금 시작하세요~
하루 1시간 자투리시간을 잘 활용해야 경제적인 여유 누리실 수 잇어요~
​
자세한 상담 원하시면 제 프로필을 눌러주세요~
​
​
​
​
​
2023.01.05.
UP
DOWN
댓글
메뉴 더보기
포인트 선물
신고
---
4번째 답변
FC스마트한놈
초수
본인 입력 포함 정보
상세 안내 툴팁 보기
지식iN 서비스 질문 답변 페이지 및 프로필의 답변자 정보에 노출되는 답변자의 회사, 학교, 자격 등의 정보는 본인이 지식iN 프로필 수정을 통해 직접 입력한 정보입니다.
네이버는 사용자가 등록한 정보 및 게시물을 제공하는 정보매개 서비스 제공자로서 해당 정보의 정확성, 신뢰성 및 최신성에 대해 보증하지 않습니다.
닫기
카카오뷰 알아보시는군요 부가적으로도 충분히 틈내서
하실수있는 부업 소개해드려요
​
직장인도,육아맘도 할 수 있는 부업!
대학생도,육아휴직중인 아빠도 할 수 있는 부업!
초기비용 없고 누구나 벌 수 있는
2번째 월급을 만들어 보세요
퇴근 후 , 육퇴 후 하루 15분 30분만 투자!
나중에 더 나은 삶을 위해
​
SBS 생생경제 정보톡톡 방영
매일경제 매거진투데이 방영
TV에도 방영된 확실하고 안전한 재테크
​
체계적인 1주 맞춤 교육 (1:1멘토링)
누구나 쉽고 재밌게 할 수있는 팀으로 활동
단계별 회원관리하는 시스템
휴대폰 하나로 하는 재테크부업
​
가입비❌유지비❌판매❌지인판매❌
하단 링크를 클릭해 무료로 체험해보세요
http://www.fcsmartsystem.com/482665/main.do
FCSMART SYSTEM
돈은없는데... 뭘 해야할지 막막 하신분 클릭해보세요!
www.fcsmartsystem.com
​
2023.01.05.
UP
DOWN
댓글
메뉴 더보기
신고
---
5번째 답변
매장 크루의 모든 것★알바부터 매니저까지 판매직 커뮤니티 카페 답변
지식카페
n2in****
카카오뷰 보드 발행으로 수익을 내는 것을 말씀하시는 군요.
수익 내는 것은 가능합니다.
금액이 크지는 않지만 블로그 수익과 비교하면 수익율이 높은 편입니다.
하지만 한달에 몇 만원 넘기기도 쉽지 않습니다.
​
카카오뷰로 수익을 내는 것은
그 자체(카카오로부터 받는 광고료 쉐어링)보다는
카카오뷰를 이용하여 마케팅을 하여 수익을 내는 전략이 더 좋은 듯 합니다.
​
https://cafe.naver.com/ariocos/688
알바에 대해 궁금한 점이 있으신가요?
카페지식활동을 하면서 느낀건 생각보다 많은 분들이 알바와 관련된 질문들을 하시더라구요 유후 카페에는 초보알바생부터 점장님까지 다양한 매장에서 근무하시는 분들이 모여있는 곳이...
cafe.naver.com
​
#알바궁금증
새 창
#알바고민
새 창
#직장고민
새 창
#직장고민상담
새 창
#투잡
새 창
2023.01.05.
UP
DOWN
댓글
메뉴 더보기
포인트 선물
신고",... '나라고 부업으로 성공하지 말란 법은 없지!' 라는 생각으로 소소하게 '정말 한달에 30만원만 벌어보자' 하고 시작한 일이 지금은 너무나 익숙하게 하루하루 쌓이는 수익들을 보면서 뿌듯하고 조금 더 빨리 시작할 걸 하는 생각도...,기타,etc,kin,https://kin.naver.com/qna/detail.naver?d1id=4&dirId=40611&docId=436251501&qb=67aA7JeFIOyEseqztQ==&enc=utf8,
kin_063,부업사기 피해,"21번째 답변
신태길
변호사
열심답변자
본인 입력 포함 정보
상세 안내 툴팁 보기
지식iN 서비스 질문 답변 페이지 및 프로필의 답변자 정보에 노출되는 답변자의 소속 정보는 소속 단체를 통해 입력된 정보입니다.
네이버는 사용자가 등록한 정보 및 게시물을 제공하는 정보매개 서비스 제공자로서 해당 정보의 정확성, 신뢰성 및 최신성에 대해 보증하지 않습니다.
닫기
안녕하세요. 서울지방변호사회 소속으로 지식iN 법률상담을 진행하고 있는 신태길 변호사입니다.
사건 진행 상황은 직접 확인이 가능합니다. 보통 경찰에 신고했다고 해서 중간중간 연락이 계속 오는 경우는 드물어요.
확인 방법으로는 :
경찰청 사건조회(경찰민원포털) → 사건 진행 상태 확인 가능
신고했던 관할 경찰서 수사팀에 전화해서 사건번호, 접수번호 조회
우편에 적힌 사건번호 / 이관정보를 준비하면 확인이 더 빠릅니다.
​
다만 형사수사와 피해금 회수가 서로 다른 절차로 진행되는 경우가 많습니다. 피의자 검거가 이루어지더라도 피해금이 자동으로 반환되는 것은 아닙니다. 피해금 회수와 법적 대응이 필요하다면 전문 변호사를 통해 대응 방안을 확인해보시는 것을 권해 드립니다.
부업사기 피해구제·환불 | 법무법인 신결
부업알바사기, 재택부업사기, 손부업사기, 부업사기 신고, 부업사기 피해구제, 부업사기 민사소송, 인스타부업사기, 틱톡부업사기
m.site.naver.com
✔ 금융사기 특화 24시간 상담채널 운영
✔ 금융사기 피해구제 전담 TF팀 상시 대기
✔ 골든타임 내 완벽 대응
⭐ 단순한 판결이 아닌 실제 피해금회수, 피해회복의 결과를 함께 합니다.
2026.05.21.
본 답변은 참고용이며, 답변을 제공한 개인 및 사업자의 법적 책임이 없습니다.
자세한 사항은 법률사무소를 방문하여 법률상담을 하시기 바랍니다. 구체적인 사실과 정황 등에 따라 법규정 해석 등에 이견이 있을 수 있으며 상이한 댓글을 모두 수렴하지 않습니다.
펼쳐보기
UP
24
DOWN
댓글
메뉴 더보기
포인트 선물
신고
---
15번째 답변
이재호
변호사
열심답변자
법무법인 공신
2023 전문가 분야 지식인
본인 입력 포함 정보
상세 안내 툴팁 보기
지식iN 서비스 질문 답변 페이지 및 프로필의 답변자 정보에 노출되는 답변자의 소속 정보는 소속 단체를 통해 입력된 정보입니다.
네이버는 사용자가 등록한 정보 및 게시물을 제공하는 정보매개 서비스 제공자로서 해당 정보의 정확성, 신뢰성 및 최신성에 대해 보증하지 않습니다.
닫기
안녕하세요. 서울지방변호사회 소속으로 지식iN 법률상담을 진행하고 있는 이재호 변호사입니다.
​
우편물에 기재된 사건번호를 바탕으로 형사사법포털(KICS) 홈페이지나 모바일 앱에 접속해 본인 인증을 거쳐 사건진행상황을 조회하시거나, 이관된 경찰청에 전화를 걸어 담당 수사관 배정 여부와 수사 경과를 문의해 보시기 바랍니다.
​
https://kin.naver.com/profile/index.naver?u=dEgr29uBZ5z0sTY%2FIic1U8r4rT%2BfX97EC6sMbz2os5Q%3D
이재호 변호사 프로필 : 네이버 지식iN
지식iN 전문가 프로필을 볼 수 있어요!
kin.naver.com
​
2026.03.30.
본 답변은 참고용이며, 답변을 제공한 개인 및 사업자의 법적 책임이 없습니다.
자세한 사항은 법률사무소를 방문하여 법률상담을 하시기 바랍니다. 구체적인 사실과 정황 등에 따라 법규정 해석 등에 이견이 있을 수 있으며 상이한 댓글을 모두 수렴하지 않습니다.
펼쳐보기
UP
6
DOWN
댓글
메뉴 더보기
포인트 선물
신고
---
17번째 답변
안병민
변호사
변호사 안병민법률사무소
본인 입력 포함 정보
상세 안내 툴팁 보기
지식iN 서비스 질문 답변 페이지 및 프로필의 답변자 정보에 노출되는 답변자의 소속 정보는 소속 단체를 통해 입력된 정보입니다.
네이버는 사용자가 등록한 정보 및 게시물을 제공하는 정보매개 서비스 제공자로서 해당 정보의 정확성, 신뢰성 및 최신성에 대해 보증하지 않습니다.
닫기
1️⃣ 투자사기변호사의 맞춤형 대응 전략 컨설팅 [클릭]
2️⃣ 국세청 세무공무원 경력 기반, 자금흐름 분석 상담 [클릭]
3️⃣ 연중무휴 24시간 카톡 상담 [클릭]
▲30초, 피해금 회수하기▲
​
안녕하세요, 국세청 세무공무원 경력을 가진 안병민 변호사입니다.
​
신고 당시 받은 서류가 있다면 그 번호로 민원실이나 사이버수사 부서에 조회가 가능할 수도 있고, 이관받은 부서의 담당 수사관이 따로 지정됐는지도 확인해봐야 합니다.
​
중요한 건 마지막 송금 시점, 대출 실행 내역, 대화내용, 입금계좌 자료를 계속 정리해 두는 것이고, 상담을 통해 정확한 사실을 인지해야 하고 그에 따라 변호사의 조력이 필요할 텐데요.
​
국세청 경력을 통해 선생님의 자금 흐름을 찾아 드리겠습니다.
​
▼연중무휴, 24시간 상담 가능▼
[와이] '국세청 세무공무원' 경험을 기반으로 자금의 흐름 찾아가기C
안녕하세요, '국세청 세무공무원' 출신 변호사 안병민입니다. 사기를 당한 사실을 알게 됐다면, 골든타임에 맞춰 회복합니다. 자금은 생각과 다르게 분산되는 속도가 빠르기 때문입니다. 단순히 사건을 맡기 위한 말만 하지 않겠습니다. '국세청 세무공무원' 출신이었던 만큼 자금의 흐름과 재산 구조를 면밀하게 분석해 드리겠습니다.
forms.gle
​
▼변호사 직접 1:1 상담▼
법률사무소 와이
안녕하세요, ""세무공무원"" 출신 변호사 입니다. 누구보다 면밀하게 숨겨진 자금을 회수해드립니다.
pf.kakao.com
​
2026.03.30.
본 답변은 참고용이며, 답변을 제공한 개인 및 사업자의 법적 책임이 없습니다.
자세한 사항은 법률사무소를 방문하여 법률상담을 하시기 바랍니다. 구체적인 사실과 정황 등에 따라 법규정 해석 등에 이견이 있을 수 있으며 상이한 댓글을 모두 수렴하지 않습니다.
펼쳐보기
UP
6
DOWN
댓글
메뉴 더보기
포인트 선물
신고
---
18번째 답변
신용훈
변호사
열심답변자
법무법인(유한) 대륜
본인 입력 포함 정보
상세 안내 툴팁 보기
지식iN 서비스 질문 답변 페이지 및 프로필의 답변자 정보에 노출되는 답변자의 소속 정보는 소속 단체를 통해 입력된 정보입니다.
네이버는 사용자가 등록한 정보 및 게시물을 제공하는 정보매개 서비스 제공자로서 해당 정보의 정확성, 신뢰성 및 최신성에 대해 보증하지 않습니다.
닫기
안녕하세요. 지식iN 법률상담을 진행하고 있는 신용훈 변호사입니다.
​
문의자님 상황을 보니 짧은 기간 안에 큰 금액 피해까지 이어져 많이 당황스럽고 막막하셨을 것 같습니다. 이런 부업사기 사건은 초기 대응과 이후 절차 확인 여부에 따라 피해 회복 가능성이 달라질 수 있습니다.
​
해당 사안은 사기범 특정 및 수사 진행 여부, 계좌 추적 및 지급정지 가능성, 피해금 회수 절차가 핵심 쟁점이 됩니다. 특히 대출까지 포함된 경우에는 단순 사기 피해를 넘어서 금융거래 책임 문제도 함께 검토될 수 있다는 점이 중요합니다.
​
실제로 수사기관에서는 피해 신고가 접수되면 사건을 관할 경찰서나 전문 수사부서로 이관한 후 계좌추적, 통신내역 확인 등을 통해 피의자를 특정하게 됩니다. 다만 이 과정에서 별도의 중간 연락 없이 진행되는 경우도 많고, 피해자가 직접 사건 진행 상황을 확인해야 하는 경우도 적지 않습니다.
​
따라서 현재는 사건이 이관된 경찰청 또는 담당 수사관을 특정하여 진행 상황을 확인하는 것이 필요합니다. 신고 당시 받은 사건사고사실확인원이나 접수번호를 기준으로 경찰 민원포털 또는 해당 경찰서에 문의하면 담당 수사관 연락처를 안내받을 수 있습니다. 또한 이미 지급된 금액 중 일부라도 계좌 지급정지나 환급 가능성이 있는지 별도로 확인해보시는 것이 좋습니다.
​
이 답변이 방향을 잡는 데 도움이 되었길 바라며, 추가로 궁금하신 부분이 있다면 상담을 통해 안내드릴 수 있으니 편하게 문의해주시기 바랍니다.
​
✔️ 전국 연중무휴 24시 상시 상담 접수 진행
▼ 이미지 클릭시 전화 연결 ▼
⚖️ 부업사기 피해 경위별 주요 쟁점 분석
⚖️ 계좌추적 연계 피해금 회수 절차 안내
⚖️ 대출금 포함 금융피해 대응 방향 검토
▲ 클릭시 채팅으로 상담 신청 가능 ▲
2026.04.17.
본 답변은 참고용이며, 답변을 제공한 개인 및 사업자의 법적 책임이 없습니다.
자세한 사항은 법률사무소를 방문하여 법률상담을 하시기 바랍니다. 구체적인 사실과 정황 등에 따라 법규정 해석 등에 이견이 있을 수 있으며 상이한 댓글을 모두 수렴하지 않습니다.
펼쳐보기
UP
6
DOWN
댓글
메뉴 더보기
포인트 선물
신고
---
14번째 답변
여우수염 카페 답변
지식카페
동일한 사례 클릭
안녕하세요.
‘여우수염’입니다.
질문에 답변드리겠습니다.
카페에도 유사한 사연이 있듯이 경찰청에 이관되었다면 사건문의는 경찰청에 해보셔야 합니다. 접수된 경찰청에 연락하여 담당부서 및 담당 수사관을 확인해보고 문의해보는 것을 권합니다.
모쪼록 좋은 결과 있으시길 바라고, 추가질문은 답변을 채택하신 후에 유사한 경험이 있는 회원분들과 소통하는 카페에서 문의해 주시면 감사하겠습니다.
항상 행복하시고 좋은 하루 보내세요.
​
https://youtu.be/lT8Uujo2bBY?si=hMVvuG48o81XwRbS
​
2026.03.26.
UP
3
DOWN
댓글
메뉴 더보기
신고","제가 1월달에 3일에 걸쳐 부업사기로 총 9천 4백원 정도 피해를 입었습니다. 그 중에 대출이 3천만원이에요.... 마지막... 형사전문변호사 오지영의 실제 성공사례 ✅특수협박 및 특수상해 사건, 기소유예 판결 사례 ✅ 마약 기소유예 판결...",기타,etc,kin,https://kin.naver.com/qna/detail.naver?d1id=6&dirId=602060402&docId=492658310&qb=67aA7JeFIOyEseqztQ==&enc=utf8,
kin_064,"부업사기 고소 후 조사, 변호사 동행 필요할까요?","1번째 답변
로톡
변호사
열심답변자
본인 입력 포함 정보
상세 안내 툴팁 보기
지식iN 서비스 질문 답변 페이지 및 프로필의 답변자 정보에 노출되는 답변자의 소속 정보는 소속 단체를 통해 입력된 정보입니다.
네이버는 사용자가 등록한 정보 및 게시물을 제공하는 정보매개 서비스 제공자로서 해당 정보의 정확성, 신뢰성 및 최신성에 대해 보증하지 않습니다.
닫기
# 법무법인 공명 | 김준성 변호사
#
[변호사 프로필보기]
|
[더 많은 변호사 답변 보기]
#
질문글 원문 링크 < 클릭
안녕하세요. 법무법인 공명의 <김준성 파트너 변호사>입니다.
1. 전형적인 부업 사기수법에 당하셔서 금전적인 피해를 입으신 것으로 보여집니다. 최근 부업 사기 등의 수법이 활성화 되며 본건과 유사한 범죄피해자들이 많아지고 있습니다. 처음 이체 당시 상대방들이 어떠한 말을 하며 돈을 이체 받았는지 등을 확인하여 사기죄, 전자금융거래법위반죄 등으로 고소를 하셔야 할 사안입니다. 변호사 의견서 제출하고 진술 시 동석해야 합니다.
2. 따라서 현 단계에서 동생분은 상대방을 상대로 사기죄로 고소하실 필요성이 매우 높습니다. 고소 이후 수사과정에서 상대방의 혐의가 인정 된다면 합의를 통해서 모든 피해를 회복 하실 수도 있습니다. 피해금액이 적지 않아 실형이 선고될 위험성도 높기 때문에 돈을 마련해 올 가능성이 높습니다.
3. 이에 관련 사건의 경험이 많은 형사전문 변호사를 고소 대리인으로 선임하여 가능한 빠른 시일 내에 가해자에 대한 형사고소를 하시는 것이 좋습니다. 이런 사건의 경우 주범을 검거하기 힘들다는 말이 많으나, 본 변호사가 진행 중인 유사 사건이 수십건에 달하는데 최근 피의자들이 검거되는 사건들이 늘어나고 있어 희망적인 상황입니다. 빠른 대처를 하신다면 피의자 특정의 가능성도 높아질 수 있습니다(그 가능성을 높이기 위해 변호인 의견서가 제출되어야 합니다).
4. 사기죄와 같은 재산범죄 사건의 경우 가해자가 처벌 받는다고 해서 동생분의 피해금액이 회복되는 것은 아니기 때문에 이보다는 피해자의 피해 회복이 중요합니다. 이에 수사단계에서 합의를 통해 적절한 합의금(피해 금액, 변호사 선임비용, 위자료 등)을 지급 받고 원만히 합의에 이르는 것이 가장 좋은 결과가 될 것입니다. 본 변호사는 동생분과 같이 재산범죄의 피해를 입으신 분들의 대리인으로 사건을 진행해 합의금을 모두 지급 받고 사건을 마무리 한 성공사례를 보유하고 있습니다.
5. 본 변호사는 대한변호사협회에 등록된 형사전문(등록번호 제2019-297호) 변호사입니다. 추가 상담 진행해주세요.
# 지식iN 변호사 답변은 로톡과 네이버의 콘텐츠 제휴를 통해 변호사가 직접 정확하고 신뢰할 수 있는 답변을 전달해 드립니다.
# 로톡은 법무법인이나 법률사무소가 아니며, 법률사무를 제공하지 않습니다. 모든 법률상담은 로톡을 이용하는 각 변호사 회원이 직접, 독립적으로 수행합니다.
-
변호사와 의뢰인을 더 가까이, 로톡
2026.04.16.
본 답변은 참고용이며, 답변을 제공한 개인 및 사업자의 법적 책임이 없습니다.
자세한 사항은 법률사무소를 방문하여 법률상담을 하시기 바랍니다. 구체적인 사실과 정황 등에 따라 법규정 해석 등에 이견이 있을 수 있으며 상이한 댓글을 모두 수렴하지 않습니다.
펼쳐보기
UP
DOWN
댓글",... 현재 부업사기를 당해서 그 부분을 신고하고 조사를 받으러 가는데 현재 제가 작년에 사기를 당해 대포통장... 한 성공사례를 보유하고 있습니다. 5. 본 변호사는 대한변호사협회에 등록된 형사전문(등록번호 제2019-297호) 변호사입니다....,기타,etc,kin,https://kin.naver.com/qna/detail.naver?d1id=6&dirId=60215&docId=492984014&qb=67aA7JeFIOyEseqztQ==&enc=utf8,
kin_065,고등학생이 돈 버는 방법 (인터넷 부업) 뭐가 있을까요...,"10번째 답변
너를 사랑하고도
식물신
아르바이트 81위, 구인구직사이트, 네이버 블로그 분야에서 활동
본인 입력 포함 정보
상세 안내 툴팁 보기
지식iN 서비스 질문 답변 페이지 및 프로필의 답변자 정보에 노출되는 답변자의 회사, 학교, 자격 등의 정보는 본인이 지식iN 프로필 수정을 통해 직접 입력한 정보입니다.
네이버는 사용자가 등록한 정보 및 게시물을 제공하는 정보매개 서비스 제공자로서 해당 정보의 정확성, 신뢰성 및 최신성에 대해 보증하지 않습니다.
닫기
고등학생 돈버는방법 궁금하세요 ?
​
요즘 학생들도 재택알바 많이 하고 있습니다
그런데 이 재택알바는 초기비용없이 할 수 있어 아무 부담이 없고
나중에 후회할 일이 결코 없는데요
또한 시간활용을 자유롭게 할 수 있어 인기가 아주 좋아요 ~
​
고등학생 돈버는방법 !
원하시면 무료회원 가입후 열심히 해보세요 ~
​
순간의 선택이 평생을 좌우합니다 !
저는 이 재택알바로 인해 큰 금액은 아니지만 안정적인 수입을 얻을 수 있는
평생의 직업을 갖게 되었답니다 ^*^
​
요즘 코로나19 때문에 정말 힘드시죠 ㅠㅠ
여러분도 누구나 할 수 있습니다   화이팅 !!!
​
상세내용 바로가기 :
https://bit.ly/2XK0Es4
​
​
​
​
​
​
​
#고등학생돈버는방법
새 창
2020.11.13.
채택
지식인 채택 답변입니다.
UP
10
DOWN
댓글
메뉴 더보기
포인트 선물
신고
---
1번째 답변
Sun123
중수
본인 입력 포함 정보
상세 안내 툴팁 보기
지식iN 서비스 질문 답변 페이지 및 프로필의 답변자 정보에 노출되는 답변자의 회사, 학교, 자격 등의 정보는 본인이 지식iN 프로필 수정을 통해 직접 입력한 정보입니다.
네이버는 사용자가 등록한 정보 및 게시물을 제공하는 정보매개 서비스 제공자로서 해당 정보의 정확성, 신뢰성 및 최신성에 대해 보증하지 않습니다.
닫기
​
​
인터넷으로 하는 일이 대다수이기 때문에
시간도 자유롭고
시간 나실 때 틈틈히 해주시면 됩니다!
​
저는 학생이라 학교 다니면서
주말에는 아르바이트하고..
​
힘들어서 부업 알아보다가
지푸라기라도 잡는 심정으로
시작하게 되었어요!
​
오히려 아르바이트보다
시간면이나, 수익면에서
훨씬 좋더라구요!
​
만18세 이상이라면
나이,학업 상관없이
시간, 장소 구애받지 않고
휴대폰이나, 컴퓨터로 일 가능하세요.
​
한번 시작하시면
평생직장처럼 생각하시고
계속 하실 수 있어요^^
​
부업도 종류가 다양한데
원하시는 종류 선택 하셔서
상담받으시고 시작하시면 되어요:)
​
본사에서 지원해주는 자료들을
sns나 블로그에 올려주시기만 해도
수익이 날 수 있어요.
​
제가 있는 업계는
수익금도 가장 높아요!
수익금은 당연히 당일 지급 됩니다 ㅎㅎ
​
잘 알아보시고
부업 성공하시길 바래요!
2020.02.20.
UP
DOWN
댓글
메뉴 더보기
포인트 선물
신고
---
2번째 답변
애드펌킨천냥이
지존
아르바이트, 네이버 블로그, 구인구직사이트 분야에서 활동
본인 입력 포함 정보
상세 안내 툴팁 보기
지식iN 서비스 질문 답변 페이지 및 프로필의 답변자 정보에 노출되는 답변자의 회사, 학교, 자격 등의 정보는 본인이 지식iN 프로필 수정을 통해 직접 입력한 정보입니다.
네이버는 사용자가 등록한 정보 및 게시물을 제공하는 정보매개 서비스 제공자로서 해당 정보의 정확성, 신뢰성 및 최신성에 대해 보증하지 않습니다.
닫기
미성년자가 할수있는 무료는
디비디비딥 있어요^^
2020.02.20.
UP
DOWN
댓글
메뉴 더보기
포인트 선물
신고
---
3번째 답변
cky9****
고수
본인 입력 포함 정보
상세 안내 툴팁 보기
지식iN 서비스 질문 답변 페이지 및 프로필의 답변자 정보에 노출되는 답변자의 회사, 학교, 자격 등의 정보는 본인이 지식iN 프로필 수정을 통해 직접 입력한 정보입니다.
네이버는 사용자가 등록한 정보 및 게시물을 제공하는 정보매개 서비스 제공자로서 해당 정보의 정확성, 신뢰성 및 최신성에 대해 보증하지 않습니다.
닫기
안녕하세요~^^
만18세미만 미성년자분이면
인터넷알바하실려면
부모님동의가있어야 해요
요즘엔 워낙 온라인부업이 많다보니
솔직히 믿고일할수있는 그런 회사인지
알아보고하세야해요
​
초기비용없이하는 온라인알바는
그만큼 버는데 수익률이 적다보니
크게일하시는데 돈은 안되실거에요
햐시더라도 제대로된.믿을만한 회사인지
잘알아보고하시길바래요
2020.02.20.
UP
DOWN
댓글
메뉴 더보기
포인트 선물
신고
---
4번째 답변
온라인 사주풀이
초인
아르바이트 4위, 대학생활 100위, 구인구직사이트 17위 분야에서 활동
본인 입력 포함 정보
상세 안내 툴팁 보기
지식iN 서비스 질문 답변 페이지 및 프로필의 답변자 정보에 노출되는 답변자의 회사, 학교, 자격 등의 정보는 본인이 지식iN 프로필 수정을 통해 직접 입력한 정보입니다.
네이버는 사용자가 등록한 정보 및 게시물을 제공하는 정보매개 서비스 제공자로서 해당 정보의 정확성, 신뢰성 및 최신성에 대해 보증하지 않습니다.
닫기
출퇴근식 알바는 전단지알바 많이 하고요!
재택알바로는 퀴즈풀면서 돈버는부업 아주 메리트 있습니다!
2020.02.20.
UP
DOWN
댓글
메뉴 더보기
포인트 선물
신고",... 시작하시면 되어요:) 본사에서 지원해주는 자료들을 sns나 블로그에 올려주시기만 해도 수익이 날 수 있어요. 제가 있는 업계는 수익금도 가장 높아요! 수익금은 당연히 당일 지급 됩니다 ㅎㅎ 잘 알아보시고 부업 성공하시길 바래요!,블로그,content-sns,kin,https://kin.naver.com/qna/detail.naver?d1id=4&dirId=40611&docId=347765882&qb=67aA7JeFIOyEseqztQ==&enc=utf8,
kin_066,블로그 부업 궁금하네요,"11번째 답변
비공개 답변
초인
블로그 부업 할때 다단계나 가입비 받는 곳은 피하세요 왜 그런지는 굳이 설명 안 해도 아시죠? 돈 벌려고 돈 내는 건 아니라고 생각합니다 구글에 치면 많이나오구요 정상적인 블로그 부업 사이트는 ㅍㅂㄹ 체험단이 유명합니다 1 가입비 없음 2 다단계 아님 3 사건사고없음 4 바로 할 수 있음 블로그 지수가 높으면 무료로 맛집, 펜션 가는 체험단 하시고 원고료 받는 기자단 하셔도 됩니다 다만 신청은 누구나 할 수 있지만 선정은 일부만 됩니다 대신 누구나 영역을 누르면 이건 블로그 인스타 안 해도 아무나 할 수 있는거에요 대신 인기 캠페인인만큼 빨리 소진되서 자주 체크해줘야 합니다 꿀팁 드린만큼 채택 잊지 마세요!
2024.06.13.
UP
15
DOWN
댓글
메뉴 더보기
신고
---
7번째 답변
정의
초인
eXpert
본인 입력 포함 정보
상세 안내 툴팁 보기
지식iN 서비스 질문 답변 페이지 및 프로필의 답변자 정보에 노출되는 답변자의 회사, 학교, 자격 등의 정보는 본인이 지식iN 프로필 수정을 통해 직접 입력한 정보입니다.
네이버는 사용자가 등록한 정보 및 게시물을 제공하는 정보매개 서비스 제공자로서 해당 정보의 정확성, 신뢰성 및 최신성에 대해 보증하지 않습니다.
닫기
​
안녕하세요! 블로그 부업은 정말 많은 사람들에게 인기가 있는 부업 중 하나입니다. 블로그를 통해 개인의 일상, 경험, 지식, 취미 등을 공유하고 블로거로서 소득을 창출하는 것이 가능합니다.
블로그 부업을 하기 위해서는 몇 가지 요건이 필요합니다. 첫째, 흥미로운 주제를 선택하여 꾸준한 내용을 게시해야 합니다. 일상에 대한 포스팅을 하는 것도 가능하지만, 이 경우에는 독자들의 관심을 끌 만한 색다른 접근 방식이나 주제 선정이 필요합니다.
둘째, 정확하고 유용한 내용을 제공해야 합니다. 독자들은 블로그에서 신뢰성 있는 정보나 도움이 되는 팁, 조언을 찾으며 방문하므로, 내용의 질에 신경을 써야 합니다.
셋째, 홍보와 마케팅이 필요합니다. 블로그를 운영하는 것만으로는 수익을 창출하기 어려울 수 있으므로, 블로그를 효과적으로 홍보하고 광고를 통해 수익을 창출하는 방법을 찾아보는 것이 좋습니다.
많은 사람들이 블로그 부업을 통해 성공하고 수익을 창출하고 있습니다. 하지만 시작은 쉽지 않을 수 있으며, 꾸준한 노력과 시간 투자가 필요합니다. 그러므로 블로그 부업에 대해 충분히 연구하고, 개인의 역량과 관심사에 맞는 주제를 선택하면 좋을 것입니다. 힘들지만 재미있고 보람을 느낄 수 있는 분야라고 생각합니다.
​
​
2023.08.17.
채택
지식인 채택 답변입니다.
정의
님의 엑스퍼트 상품
답변자에게 더 자세한 맞춤 상담하고 싶다면 엑스퍼트를 이용해보세요!
바로가기
스피치지도사 자격준비
판매가
1,000
원
10분
더 자세한 맞춤 상담을 찾고 싶다면?
취업/자기계발
분야 바로가기
UP
12
DOWN
1
댓글
메뉴 더보기
포인트 선물
신고
---
9번째 답변
비공개 답변
초수
블로그를 통해 일상을 기록하고 수익을 창출할 수
있어요~!블로그를 통해 수익을 창출하는 방법에는
여러 가지가 있는데요~!
​
가장 일반적인 방법은 광고를 게재하는 거에요~
블로그에 광고를 게재하면 방문자가 광고를
클릭할 때마다 수익을 얻을 수 있어요,
​
또 다른 방법은 제휴 마케팅을 하는 것이죠,
제휴 마케팅은 특정 제품이나 서비스를 홍보하고,
방문자가 해당 제품이나 서비스를 구매하면
수익을 얻는 방법입니다.
​
저도 꾸준히 하고있는데요 ㅎㅎ 꾸준히하니
한번에 약 3~4만원씩 정도 꾸준히 들어
오더라구요 다른알바는 초기비용이 들어
포기했는데 이건 초기비용이 안들어가서
정말 편했습니다 ㅎㅎ 초기비용0원으로
할수있는 알바라 좋았어요~
​
리플알바
초기비용 없는 쉬운 부업, 리플알바
vo.la
​
​
업체로부터 경제적 대가를 받고 작성되었습니다
2023.08.17.
채택
질문자가 채택한 답변입니다.
UP
DOWN
댓글
메뉴 더보기
신고
---
4번째 답변
집에서 4억연봉 희야
초인
#13년경력최고수익마케터 #온라인광고마케팅 #온라인광고컨설팅
아르바이트 5위, 구인구직사이트 4위, 직업, 취업 23위 분야에서 활동
본인 입력 포함 정보
상세 안내 툴팁 보기
지식iN 서비스 질문 답변 페이지 및 프로필의 답변자 정보에 노출되는 답변자의 회사, 학교, 자격 등의 정보는 본인이 지식iN 프로필 수정을 통해 직접 입력한 정보입니다.
네이버는 사용자가 등록한 정보 및 게시물을 제공하는 정보매개 서비스 제공자로서 해당 정보의 정확성, 신뢰성 및 최신성에 대해 보증하지 않습니다.
닫기
네 다양한 부업 업체들도 많고
​
업체마다 일하는 방법도 도와주는 것도
​
초기비용도 달라요
​
중요한건
​
다들 해본적 없이 시작하면서
​
본인 통해 가입하면 돈벌게 해주겠다는
​
온라인상 경쟁자의 말만 믿고 가입해서
​
도움받지 못하고 포기하거나
​
효과적인 방법을 제대로 배우지 못하고
​
시간대비 수익성이 작아서
​
다시 제대로 배우려고 재가입을 반복하는 경우가 많은데요
​
프리랜서라는게 서로 경쟁을 통해서
​
본인 능력에 따라 수익이 많고 작고 하는 일이니
​
충분하게 잘 알아보시고
​
온라인상 경쟁자의 말만 믿고 의지하는 것 보다는
​
본인이 효과적인 방법을 제대로 잘 배우고 하시는게 좋겠네요
2023.08.17.
UP
DOWN
댓글
메뉴 더보기
포인트 선물
신고
---
5번째 답변
NT
초인
20대 남성
IT/인터넷업
#선불폰개통 #온라인개통 #공식대리점
KT, LGU+, SKT 분야에서 활동
본인 입력 포함 정보
상세 안내 툴팁 보기
지식iN 서비스 질문 답변 페이지 및 프로필의 답변자 정보에 노출되는 답변자의 회사, 학교, 자격 등의 정보는 본인이 지식iN 프로필 수정을 통해 직접 입력한 정보입니다.
네이버는 사용자가 등록한 정보 및 게시물을 제공하는 정보매개 서비스 제공자로서 해당 정보의 정확성, 신뢰성 및 최신성에 대해 보증하지 않습니다.
닫기
안녕하세요 !
혹시 온라인 창업(sns마케팅)은 어떠신가요?
지금은 오프라인보다 온라인에 돈이 흐르고 있답니다
​
투자금없이 소자본으로 시작할 수 있으며
누구나 바로 시작할 수 있는 업입니다 !
​
제일 큰 장점이 투자금이 없어 리스크 자체가 없구요.
아래 부담없는 온라인창업아이템 정보 참고해보세요!
https://blog.naver.com/vekasio/223145697016
​
​
인터넷으로 할수있는 ""온라인 알뜰폰 대리점""이고요.
​온라인 통신대리점이라 힘들지 않은 아이템입니다.
이것을 ""N스마트 비즈니스""라고 합니다.
저도 현재 이 사업으로 꾸준히 수익을 올리고 있습니다.
​""
N스마트 비즈니스""는 온라인 프랜차이즈 통신대리점이고
​카카오나 네이버처럼 플랫폼 비즈니스 아이템입니다.
​공무원연금과 건물임대료처럼 권리수익을 창출합니다.
​​무자본(소자본),무점포,무경험으로도 할수 있습니다.
투자된게 없으니 리스크는 ""제로""입니다.
스마트폰만 할줄 알면 누구나 이 사업을 할수있습니다.
그리고 해보시면 일하는 즐거움도 생긴답니다 ㅎㅎ
현재 KT,LG와 협약되어 있어서 사업 안전성도 좋습니다
통신업은 미래 4차산업혁명의 가장 확실한 블루오션 아이템입니다.
세계 경제가 악화되어 아무리 못살아도 핸드폰은 사용하죠?
지금이 바로 그 사업기회입니다!
​
​
2023.08.17.
UP
DOWN
댓글
메뉴 더보기
포인트 선물
신고","... 많은 사람들이 블로그 부업을 통해 성공하고 수익을 창출하고 있습니다. 하지만 시작은 쉽지 않을 수 있으며, 꾸준한 노력과 시간 투자가 필요합니다. 그러므로 블로그 부업에 대해 충분히 연구하고, 개인의 역량과 관심사에 맞는...",블로그,content-sns,kin,https://kin.naver.com/qna/detail.naver?d1id=4&dirId=40611&docId=452624891&qb=67aA7JeFIOyEseqztQ==&enc=utf8,
kin_067,소자본 창업 (부업) 타코야끼,"2번째 답변
헬로우드림 희야
영웅
아르바이트, 직업, 취업 분야에서 활동
본인 입력 포함 정보
상세 안내 툴팁 보기
지식iN 서비스 질문 답변 페이지 및 프로필의 답변자 정보에 노출되는 답변자의 회사, 학교, 자격 등의 정보는 본인이 지식iN 프로필 수정을 통해 직접 입력한 정보입니다.
네이버는 사용자가 등록한 정보 및 게시물을 제공하는 정보매개 서비스 제공자로서 해당 정보의 정확성, 신뢰성 및 최신성에 대해 보증하지 않습니다.
닫기
연봉2억!! 경력5년차~ 경험과 노하우를 바탕으로
질문에 솔직한 답변 드릴게요~
요즘 창업으로 성공하는게 쉽지 많은 않아요.
창업하시기전..기존에 하시던 분들..문의도 하시고..찾아다니면서
관련 정보와 기술을 익히신 뒤..하시는게 좋겠구요.
재택알바나 부업 특성상 무엇보다 신뢰도와 인지도가 중요하세요.
합법적인 업체인지..또 본인이 일해서 수익 발생할수 있는 여건인지
또 정확하게 제 날짜에 지급해주는지 안정성이 있는지등 꼼꼼하게 확인후 하시구요.
회사는 창립 11주년된 신뢰도와 인지도 그리고 안정성을 갖추었구요.
법적인 부분은 물론 각종 방송과 언론에 보도 방영 되었고
공영방송 유명 시사프로그램에도 방송 되었구요~
제가 직접 일부 방송에 출연두 했구요^^
제가 엄청난 금액의 수익을 올리면서 단 하루도 미루거나 어긴적 없이
매달 꼬박 꼬박 지급 받았구요.
이 부분 통장 사진은 물론..조작아니냐..등 믿기 힘드신 분들 많아서
동영상 촬영 및 국세청 종합소득세 인증도 있구요.
저 실제로 만나서 확인 한 분들이 100명두 넘구요. 참고 하시구요~
홈피를 분양 받아서 홍보하는게 주된 업무 인데요.
마케터 사원 모집과 광고주 모집 수당은 당일 지급 하구요.
제휴업체 상품 판매 수익과 제휴업체 홍보활동 수당
게시판 글만 작성해도..블로그나 카페 등 글만 작성해두 각각 수당
홈피 하루 한번 접속해서 출첵만 매일 해두 월 최소 3만원
드림오토 켜놓기만 해두 월 1-6만원
제휴업체 사이트 클릭만 해두 수익 등..
총 17가지 수익원이 있구요.
초보라도 간단한 홍보활동만 하셔두 첫달 부터 수익금 받으면서
부담없이 일하시면서 요령과 노하우 생기면 더 많은 수익금 받으면서 하시면 되구요.
일하시게 되면 홈피에 일하는 방법과 설명 자료등이 갖추어져 있고
또 홍보지원센터에 문의 도움 청하시면 원격지원으로도 도움을 드리구요.
또 저에게 언제든 문의 주시면 제 경험과 노하우를 바탕으로
적극 도움을 드리고 있구요.
제가 수많은 분들 도움드리면서 보면 다들..처음에 이런 홍보경험이나 블로그등
해본적 없는데 제가 할수 있을까요..손해만 보는건 아닐까요..
등 우려하시던 분들도 1주일이면 충분히 다 하시구요.
늦게 가입하셧어두 저 처럼 고수익 분들도 탄생하고..몇년간 월 몇백만원
꾸준하게 버는 분들도 있구요.  이 일은 먼저 시작하냐가 중요한게 아니구
1-1 수익 시스템이기에 언제 시작하던 본인이 효과적이 방법을 배워서
꾸준하게 하냐에 따라 수익금은 달라 지겠네요.
더 궁금 하시거나 도움 필요하시면 아래 네임카드 참고 하시구요.
네임카드 닫혀 있으면
V
누르시면 열리구요.
스마트 폰으로 보시는 경우
PC
버전으로 보시면 되구요.
좋은 하루 되시구요~
언제나 행복하시구 부자 되시길 바래요^^
2014.04.21.
출처
직접작성함
UP
DOWN
댓글
메뉴 더보기
포인트 선물
신고
---
4번째 답변
벤츠사랑
초수
본인 입력 포함 정보
상세 안내 툴팁 보기
지식iN 서비스 질문 답변 페이지 및 프로필의 답변자 정보에 노출되는 답변자의 회사, 학교, 자격 등의 정보는 본인이 지식iN 프로필 수정을 통해 직접 입력한 정보입니다.
네이버는 사용자가 등록한 정보 및 게시물을 제공하는 정보매개 서비스 제공자로서 해당 정보의 정확성, 신뢰성 및 최신성에 대해 보증하지 않습니다.
닫기
안녕하세요^^
집에서 자유롭게 알바로 돈 버는 방법 소개할게요
창업 하시려구요?
창업과 쇼핑몰에 관련된 정보있으니 꼭 확인 부탁드립니다^^
지금까지 직장인들, 주부들이 주로 재택알바를 많이 하면서
직장인 못지 않은 고소득자가 나오다보니
현재 인터넷을 달구고 있는 인터넷재택알바 랍니다
누구든지 부업으로든 알바로든 돈 벌기 위해서
하루 2~3시간 은 투자해야 한다는 것은 알고 계시겠지요?
우리가 하는 일은
우리나라 인터넷 속도가 세계 최고라는 장점을 이용하여 빠르게 확산되는 시점인것 같구요
하시는 일은 회사의 홍보지원센터의 도움으로 회사의 자료를
인터넷상에 간단하게 홍보하는 일입니다
초보자라도 회사의 도움으로 업무숙지만 하시면 쉽게 하실수 있습니다
회사는 11년 간 재택알바를 하시는 분들의 급여를
한번도 밀린적 없다는 것만 봐도 믿음이 가는 정직한 기업입니다
공정거래위원회에 등록된 합법적회사이며
언론에 당당하게 여러번 보도되었고
한번 가입으로 평생직장이 보장되는 시스템이 마련되어 있으며
누구든지 고소득에도 도전할만한 기회가 주어지는 회사입니다
그리고
당일실적,당일입금
으로
어려운 경제에 큰 도움을 받을수있는 기회이니
망설이지 마시고 문을 두드려보시기 바랍니다
기회는 잡는 자의 것이지 단지 보는 자의 것이 아닙니다
네임카드를 클릭해보시고
선택은 100% 본인
이 하십니다
마침 무료가입으로 출석방문이벤트도 실시하니 꼭 참여해 보시기 바랍니다^^
2014.04.21.
UP
DOWN
댓글
메뉴 더보기
포인트 선물
신고
---
7번째 답변
알쓸신잡
영웅
본인 입력 포함 정보
상세 안내 툴팁 보기
지식iN 서비스 질문 답변 페이지 및 프로필의 답변자 정보에 노출되는 답변자의 회사, 학교, 자격 등의 정보는 본인이 지식iN 프로필 수정을 통해 직접 입력한 정보입니다.
네이버는 사용자가 등록한 정보 및 게시물을 제공하는 정보매개 서비스 제공자로서 해당 정보의 정확성, 신뢰성 및 최신성에 대해 보증하지 않습니다.
닫기
-질문내용-
안녕 하세요 평범한 30대 직장인 입니다
다름이 아니라 제가 투잡으로 차량용 타코야끼를 하려고 합니다.
지역은 대구 이고 차량을 구할려고 아무리 찾아도 나온 매물이 없는거 같아서 이렇게 글로써 구해 봅니다.
대부분 다마스로 하던데 다마스 말고 라보 스넥카도 이쁘드라고요
-답변-
2014.04.22.
UP
DOWN
댓글
메뉴 더보기
포인트 선물
신고
---
8번째 답변
탈퇴한 사용자 답변
재택부업 성공한 하곽이 입니다~
하루하루 시간은 가고~ 나이는 먹어가고~ 모은 돈은 없구~..
요즘 물가도 비싸서 뭘 하기도 망설이시죠?
저도 그랬답니다. 초기비용이 들어간다는 거에 뒷걸음 치고, 겁내고 망설였어요.
그러다가 정말 큰 용기 내서 시작한 재택부업~
처음엔 그냥 적당히 벌었어요. 크게 욕심 안가지고, 투자한 만큼만 벌어가자. 이정도였는데
시간이 가면 갈수록 꾸준히 한 결실을 볼수가 있더군요 !?
사기 아닌가? 이거 망하는거 아닌가? 내 쥐꼬리 월급 스틸해가는거 아닌가?
아닙니다! 20건 실적 달성하면~ 100프로 환급해드립니다!.
용기를 내세요-
당신의 통장에 여유가 생길 수 있습니다!!!
그런데, 난 컴퓨터 못하는데? 하신다구요 ?
제가 도와드립니다. 재택부업 성공한 하곽이가 친철하게 처음부터 같이 해드려요 ^^~
인터넷 검색밖에 못하신다고 겁내지 마세요 -
블로그 홍보부터 노하우전수& 홍보파일 싸이트 공유 & 블로그 무료제작 & 포샵 공유 제작.
누구나 처음부터 잘할 수 없습니다! 하지만 할 수는 있습니다.
언제나 친절한 하곽이가 옆에서 힘 껏 밀어드릴테니
좋은 인연. 즐겁게 일해보아요 ^^&
*** 아래 네임카드 클릭후 주소로 오셔서 한번 봐주세요
2014.04.30.
UP
DOWN
댓글
메뉴 더보기
포인트 선물
신고
---
9번째 답변
상모
초수
본인 입력 포함 정보
상세 안내 툴팁 보기
지식iN 서비스 질문 답변 페이지 및 프로필의 답변자 정보에 노출되는 답변자의 회사, 학교, 자격 등의 정보는 본인이 지식iN 프로필 수정을 통해 직접 입력한 정보입니다.
네이버는 사용자가 등록한 정보 및 게시물을 제공하는 정보매개 서비스 제공자로서 해당 정보의 정확성, 신뢰성 및 최신성에 대해 보증하지 않습니다.
닫기
반갑습니다^0^
재택알바,투잡,부업,집에서하는일 상담해 드려요~!!!
소자본으로 시간 자유롭게 돈버실분들 환영 합니다.
극초기 사업 도투락 언제든 문의주세요~
도투락은 지금 초기사업이라 정말 많이들 시작하는 부업 입니다.
아래 네임카드에서 블로그 놀러오세용^^
즐거운 어린이날 보내세요^^
2014.05.05.
UP
DOWN
댓글
메뉴 더보기
포인트 선물
신고","... *** 재택부업 성공한 하곽이 입니다~ 하루하루 시간은 가고~ 나이는 먹어가고~ 모은 돈은 없구~.. 요즘 물가도 비싸서 뭘 하기도 망설이시죠? 저도 그랬답니다. 초기비용이 들어간다는 거에 뒷걸음 치고, 겁내고 망설였어요. 그러다가...",기타,etc,kin,https://kin.naver.com/qna/detail.naver?d1id=4&dirId=40611&docId=196066242&qb=67aA7JeFIOyEseqztQ==&enc=utf8,
kin_068,공무원이 부업하면,"1번째 답변
책임감1등윤새댁
초수
본인 입력 포함 정보
상세 안내 툴팁 보기
지식iN 서비스 질문 답변 페이지 및 프로필의 답변자 정보에 노출되는 답변자의 회사, 학교, 자격 등의 정보는 본인이 지식iN 프로필 수정을 통해 직접 입력한 정보입니다.
네이버는 사용자가 등록한 정보 및 게시물을 제공하는 정보매개 서비스 제공자로서 해당 정보의 정확성, 신뢰성 및 최신성에 대해 보증하지 않습니다.
닫기
안녕하세요 윤새댁입니다
네 재택 일은 주민번호를 기재하는것도 아니기때문에
가족명의로 가입하시구 수익금도 가족명의로 받으시면
일하시는데 아무 지장 없으세요 ^^
2014.04.14.
UP
DOWN
댓글
메뉴 더보기
포인트 선물
신고
---
4번째 답변
탈퇴한 사용자 답변
아무런 지장없으셔요 ㅎㅎㅎ
걱정마시고 열심히 해보세요 좋은 일이있을거에요
재택부업 성공한 하곽이 입니다~
하루하루 시간은 가고~ 나이는 먹어가고~ 모은 돈은 없구~..
요즘 물가도 비싸서 뭘 하기도 망설이시죠?
저도 그랬답니다. 초기비용이 들어간다는 거에 뒷걸음 치고, 겁내고 망설였어요.
그러다가 정말 큰 용기 내서 시작한 재택부업~
처음엔 그냥 적당히 벌었어요. 크게 욕심 안가지고, 투자한 만큼만 벌어가자. 이정도였는데
시간이 가면 갈수록 꾸준히 한 결실을 볼수가 있더군요 !?
사기 아닌가? 이거 망하는거 아닌가? 내 쥐꼬리 월급 스틸해가는거 아닌가?
아닙니다! 20건 실적 달성하면~ 100프로 환급해드립니다!.
용기를 내세요-
당신의 통장에 여유가 생길 수 있습니다!!!
그런데, 난 컴퓨터 못하는데? 하신다구요 ?
제가 도와드립니다. 재택부업 성공한 하곽이가 친철하게 처음부터 같이 해드려요 ^^~
인터넷 검색밖에 못하신다고 겁내지 마세요 -
블로그 홍보부터 노하우전수& 홍보파일 싸이트 공유 & 블로그 무료제작 & 포샵 공유 제작.
누구나 처음부터 잘할 수 없습니다! 하지만 할 수는 있습니다.
언제나 친절한 하곽이가 옆에서 힘 껏 밀어드릴테니
좋은 인연. 즐겁게 일해보아요 ^^&
*** 아래 네임카드 클릭후 주소로 오셔서 한번 봐주세요
2014.04.15.
UP
DOWN
댓글
메뉴 더보기
포인트 선물
신고
---
6번째 답변
하늘이
시민
본인 입력 포함 정보
상세 안내 툴팁 보기
지식iN 서비스 질문 답변 페이지 및 프로필의 답변자 정보에 노출되는 답변자의 회사, 학교, 자격 등의 정보는 본인이 지식iN 프로필 수정을 통해 직접 입력한 정보입니다.
네이버는 사용자가 등록한 정보 및 게시물을 제공하는 정보매개 서비스 제공자로서 해당 정보의 정확성, 신뢰성 및 최신성에 대해 보증하지 않습니다.
닫기
안녕하세요
요즘 재택부업 판도를 살펴보면
헬로우드림에서 드림큐로 드림큐에서 클린위로 옮겨가고 있는듯 합니다.
과거에는 헬로우드림 하나만 하는 경우가 많았는데
지금은 드림큐로 옮겨서 드림큐와 클린위를 병행하거나
또 다른 재택부업을 함께들 하고 계십니다.
그 이유가 무엇일까요?
바로 시장의 포화 때문입니다.
헬로우드림 시장이 포화되자
같은 아이템인 드림큐가 헬로우드림 회원까지 가망고객으로 손을 뻗으며 성장했고
드림큐 시장도 점점 커지자 회원 유치가 한정될수 밖에 없어
클린위나 그밖에 재택부업을 병행하는 결과를 가져오고 있습니다.
이런 노력을 처음부터 네트워크를 형성하는데 투자했다면
끝도 없는 회원 유치 전쟁에 혈안이 될 필요는 없었을 것입니다.
언제까지 회원 가입만 받으시겠습니까?
그 해답이 여기에 있습니다.
5분만 시간내서 위 블로그 글을 읽어보시기 바랍니다.
기회는 잡지 않으면 그것이 기회인지 아닌지 알수 조차 없답니다.
네임카드클릭하여 확인 부탁드립니다^^
2014.04.16.
UP
DOWN
댓글
메뉴 더보기
포인트 선물
신고
---
8번째 답변
헬로우드림마케터
영웅
본인 입력 포함 정보
상세 안내 툴팁 보기
지식iN 서비스 질문 답변 페이지 및 프로필의 답변자 정보에 노출되는 답변자의 회사, 학교, 자격 등의 정보는 본인이 지식iN 프로필 수정을 통해 직접 입력한 정보입니다.
네이버는 사용자가 등록한 정보 및 게시물을 제공하는 정보매개 서비스 제공자로서 해당 정보의 정확성, 신뢰성 및 최신성에 대해 보증하지 않습니다.
닫기
네..상관없어요
질문자님 안녕하세요^^
저도 직장다니며 투잡하고 있는데요..
제가 하는 재택알바는 실적이 없어도 수익이 생기는 시스템17가지가 있어요~
출석,글쓰기,댓글달기,수다만 떨어도 수익금이 발생하네요
실적수당 당일지급, 자동실적, 3관왕 달성으로 유명한 회사에요
초보들을 위한 동영상지원, 커뮤니티에서 많은 회원들이 서로 공유하고
모르는건 알려주고 서로 가족같이 노하우 공유하고 있어요
블로그포스팅만해도오천원/글쓰고댓글달아도수익/돈버는어플 출시/수익당일지급/SBS방송출연예정
자세한건 네임카드를 참고하세요^^
2014.04.18.
출처
네이버에'헬로우드림뽀율' 검색하세요^^
UP
DOWN
댓글
메뉴 더보기
포인트 선물
신고",... 아무런 지장없으셔요 ㅎㅎㅎ 걱정마시고 열심히 해보세요 좋은 일이있을거에요 재택부업 성공한 하곽이 입니다~ 하루하루 시간은 가고~ 나이는 먹어가고~ 모은 돈은 없구~.. 요즘 물가도 비싸서 뭘 하기도 망설이시죠? 저도...,기타,etc,kin,https://kin.naver.com/qna/detail.naver?d1id=4&dirId=40611&docId=195545466&qb=67aA7JeFIOyEseqztQ==&enc=utf8,
kin_069,집에서 할 수 있는 부업 ㅡ,"1번째 답변
탈퇴한 사용자 답변
알바몬 사이트에 가보시면
쇼핑몰홍보알바
십자수 이런것들 등등많습니다..
배송빠르고 용돈주는 푸하하쇼핑몰
2009.07.15.
UP
DOWN
댓글
메뉴 더보기
포인트 선물
신고
---
4번째 답변
탈퇴한 사용자 답변
안녕하세요. 좋은 정보를 나누는 지식인 입니다. ^^
집에서 할 수 있는 재택부업에 관해서 문의하셨는데요,
인터넷 사업쪽에 관심이 많으신가요?
그럼 바로 질문에 대한 답변으로 들어갈께요.
지금은 다른 어느때보다 온라인이든, 오프라인이든 불법 다단계,
사행성을 조장하는 사기업체들이 팽배해져 있다고 봅니다.
모두들 어렵다고 하는 그 틈을 타서 서민들의 작은 희망마저도 뭉개 버리는
나쁜 업체들이 우후죽순 생겨나고 있죠.
하지만 그 중에서도 이미 검증되어 있고, 안전하며 탄탄한 회사에서
누구나 쉽게 접근 할 수 있는 아이템으로 재택사업을 할 수 있는 업체도 있습니다.
저는 그래서 집에서 할 수 있는 업체보다는 어떻게 안전하게 선택 할 것인가에
대해서 말씀 드리고 싶네요.
(업체는 재택알바만 쳐도 수십개는 나올테니까 제가 말씀드리는 조건에 맞는 업체를 선택하세요 ^^ )
1. 회사의 안정성 - 안전한 회사여야 합니다. 만약에 다단계 업체라고 하더라도
다 나쁜 것은 아닙니다. 직접판매공제조합이라고 안전한 다단계 업체가 모여있는 곳이 있습니다.
만약에 다단계 업체라면 직판조합에 가입이 되어있는지 확인하세요.
다단계 업체가 아니면 방문판매 회사인지 확인하세요. 인터넷사업은 방판, 아니면 다단계 밖에 없습니다.
방문판매 회사일 경우 사업자 번호와 먼저 시작한 선배들에게 조언을 많이 구하시고,
얼마나 수익성이 좋은지, 계속 일 할 수 있는 비전이 있는지 확인해 보세요.
2. 수익의 크기 - 재택사업이기는 하지만 일을 하는 근본적인 이유는 돈입니다.
돈을 벌기 위해 일을 하는 것이기 때문에 같은 아이템이라고 하더라도 100원이라도 더 주는게 좋겠죠?
회사의 안정성이 확인 되었다면 수익의 크기를 확인하세요.
3. 회사의 지원 - 아무리 아이템이 좋아도 내가 할 수 없는 일이면 그 일은 좋은 일이 아닙니다.
회사에서 내가 홍보를 할 수 있게 적극적으로 지원해줘야 하며 나의 단점을 최대한 보완시키고
수정해 줄 수 있는 회사인지를 확인해 보세요.
- 그리고 재택사업도 말 그대로 사업이랍니다. 집에서 하는 일이기 때문에 편하고 쉽게
돈이 된다고 생각하시면 절대 성공할 수 없습니다. 나에게 쉬운 일이면 다른 사람에게도 쉽고,
나에게 어려운 일이면 다른 사람에게도 어려운 일이랍니다. 모두에게 쉽다면 당연히
모든 사람이 부자가 되었어야 하는데 그런 일은 단 하나도 없다는 것을 더 잘 아실꺼에요.
제가 말씀드린 3가지 조건에 나의 특별한 노력이 더해 져야만 재택사업도 성공 할 수 있답니다.
충분한 여유와 시간을 가지시고 꼼꼼히 살피고 알아보신후에 좋은 재택사업 구하시길 바랍니다.
행복한하루, 즐거운 하루 되세요. ^^
2009.07.15.
UP
DOWN
댓글
메뉴 더보기
포인트 선물
신고
---
12번째 답변
탈퇴한 사용자 답변
안녕하세요. 좋은 정보를 나누는 지식인입니다. ^^
제가 이 질문에 답변을 올렸던거 같은데 소리 소문 없이 사라졌네요.
혹시 몰라서 다시 답변 올리고 캡처 까지 해 놓을테니까
네이버 지식인 알바가 말도 없이 짜르면 그땐 항의 들어가야 겠네요.
나름 고민하고 힘들게 쓴 답변이 말도 없이 사라지다니..... ^^
인터넷으로 하는 부업은 많지만 부업을 하는 사람에게 노력한 만큼 돌아가는 부업은
잘없습니다. 특히나 요즘 같이 어려운 시기에는 너무나 많은 업체들이 난립해 있기때문에
정보의 홍수 속에서 정말 나에게 필요한 정보만을 선택하기도 어렵죠.
부업 업체는 검색창에 재택부업만 쳐도 수십개는 나오니 때문에 업체를 소개하기 보다는
그 업체들 중에 어떤 업체에서 내가 부업을 해야하는지 선택하는 요령을 가르쳐 드리겠습니다.
저도 수많은 재택 부업을 몇 년동안 해오면서 아래의 원칙은 반드시 지켜야 한다는 것을
깨달았죠.
1. 회사의 안정성 - 안전한 회사여야 합니다. 만약에 다단계 업체라고 하더라도
다 나쁜 것은 아닙니다. 직접판매공제조합이라고 안전한 다단계 업체가 모여있는 곳이 있습니다.
만약에 다단계 업체라면 직판조합에 가입이 되어있는지 확인하세요.
다단계 업체가 아니면 방문판매 회사인지 확인하세요. 인터넷사업은 방판, 아니면 다단계 밖에 없습니다.
방문판매 회사일 경우 사업자 번호와 먼저 시작한 선배들에게 조언을 많이 구하시고,
얼마나 수익성이 좋은지, 계속 일 할 수 있는 비전이 있는지 확인해 보세요.
2. 수익의 크기 - 재택부업이기는 하지만 일을 하는 근본적인 이유는 돈입니다.
돈을 벌기 위해 일을 하는 것이기 때문에 같은 아이템이라고 하더라도 100원이라도 더 주는게 좋겠죠?
회사의 안정성이 확인 되었다면 수익의 크기를 확인하세요.
3. 회사의 지원 - 아무리 아이템이 좋아도 내가 할 수 없는 일이면 그 일은 좋은 일이 아닙니다.
회사에서 내가 홍보를 할 수 있게 적극적으로 지원해줘야 하며 나의 단점을 최대한 보완시키고
수정해 줄 수 있는 회사인지를 확인해 보세요.
- 그리고 재택부업도 말 그대로 부업이랍니다. 집에서 하는 일이기 때문에 편하고 쉽게
돈이 된다고 생각하시면 절대 성공할 수 없습니다. 나에게 쉬운 일이면 다른 사람에게도 쉽고,
나에게 어려운 일이면 다른 사람에게도 어려운 일이랍니다. 모두에게 쉽다면 당연히
모든 사람이 부자가 되었어야 하는데 그런 일은 단 하나도 없다는 것을 더 잘 아실꺼에요.
제가 말씀드린 3가지 조건에 나의 특별한 노력이 더해 져야만 재택부업도 성공 할 수 있답니다.
몇 가지 원칙을 더 가르쳐 드리고 싶지만 초보자에겐 저 3가지만 확실하게 따져보면
괜찮은 부업인지, 하면 안되는 부업인지 알 수 있답니다.
좋은 부업 구하시구요, 행복한 하루 즐거운 하루 보내세요 ^^
2009.07.16.
UP
DOWN
댓글
메뉴 더보기
포인트 선물
신고
---
15번째 답변
셀렌
영웅
본인 입력 포함 정보
상세 안내 툴팁 보기
지식iN 서비스 질문 답변 페이지 및 프로필의 답변자 정보에 노출되는 답변자의 회사, 학교, 자격 등의 정보는 본인이 지식iN 프로필 수정을 통해 직접 입력한 정보입니다.
네이버는 사용자가 등록한 정보 및 게시물을 제공하는 정보매개 서비스 제공자로서 해당 정보의 정확성, 신뢰성 및 최신성에 대해 보증하지 않습니다.
닫기
집에서 편하게 할수 있는일
​
안녕 하세요 질문자님^^
요즘에는  손부업으로는
일반적인것이 아닌 컴퓨터로
할 수 있는 부업들을 많이
하십니다
​
​
저는 직장다니면서 재택부업
중인데요
​
장거리이다 보니 교통비와
생활비로 들어가는 부분이
커서 좀더 벌려고 시작했구요
​
​
출퇴근길 대중교통 이용하면서
스마트폰으로 글을 적기도 하고
퇴근후에는 TV보는 시간에
글을 적으면서 수익내고 있어요
​
​
사람들이 궁금해하는 정보를
가이드를 보며 적는거라서
글재주가 없어도 되더라구요
​
​
여기에 많은 답변들 보시면
수백만원 또는 억단위로 버는
다양한 일들이 있지만
​
​
저처럼 투잡 또는 부업으로
집에서 할만한 일을 찾으시면요
​
​
일거리 완전 많고
나 홀로 묵묵히 글적으면서도
수입이 되는지 꼭 보시면 좋겠어요
​
​
많이 버는게 중요한게 아니더라구요
직장인이 할만한 일인지가 중요했어요
​
​
●직장인인 제가 출퇴근길에
●10~50만원 정도 혹은 그 이상
벌 수 있는 일은 많지 않더라구요
​
​
널린게 투잡인데 왜 없냐면요
시간 투자 대비 수익성이
별로 안좋기때문이에요
​
​
현실적으로 잘 생각하시면 좋겠고
재택알바 투잡 일거리를
제공해주는 회사 중에서
​
​
제가 일하는 회사만큼
오랜 연혁을 가진곳은 없었어요
그래서 저도 여러곳 알아본뒤
여기서 시작했던거구요~
​
​
●회사는 온라인종합광고대행사로
온라인상에서 광고가 필요한
여러업체들과 제휴를 맺은 기업이에요
​
​
●광고주분의 요청에 맞게
홍보(글쓰기)를 대신 해주는거예요
PC 또는 스마트폰 가능
​
​
●4개의 온라인쇼핑몰 제공,
온라인쇼핑몰 CEO로 활동도 가능해요
​
​
​
하나 단점은요
정말 편해서 게을러질수 있어요
​
​
자투리 시간 버리지 말고
열심히 하시라고 말씀드리고 싶네요
​
​
현실적인 돈벌기를 원하시면
이만한 일은 없는거 같구요
​
﻿﻿
​
2022.04.10.
UP
DOWN
댓글
메뉴 더보기
포인트 선물
신고
---
16번째 답변
yr****
시민
본인 입력 포함 정보
상세 안내 툴팁 보기
지식iN 서비스 질문 답변 페이지 및 프로필의 답변자 정보에 노출되는 답변자의 회사, 학교, 자격 등의 정보는 본인이 지식iN 프로필 수정을 통해 직접 입력한 정보입니다.
네이버는 사용자가 등록한 정보 및 게시물을 제공하는 정보매개 서비스 제공자로서 해당 정보의 정확성, 신뢰성 및 최신성에 대해 보증하지 않습니다.
닫기
​
​
안녕하세요.
​
직장다니면서 재택부업하고 있는 30대입니다.
저도 직장만으로는 살아갈 수 없다는걸 알기에 부업찾다가 지금 하고있는 부업을 찾게 되었습니다.
​
시간,장소 구애받지 않고 할 수 있는 재테크
1:1멘토 배정으로 누구나 쉽게 할 수 있는 재테크
체계적인 3주강의 및 무료 자료 제공하는 재테크
​
초기자본금 ❌️
지인영업 ❌️
사재기 ❌️
​
https://www.fcsmartsystem.com/558365/main.do
FCSMART SYSTEM
돈은없는데... 뭘 해야할지 막막 하신분 클릭해보세요!
www.fcsmartsystem.com
​
궁금한사항 있으시면 언제든지 문의주세요!!
https://open.kakao.com/o/s3f5ttae
2022.04.10.
UP
DOWN
댓글
메뉴 더보기
포인트 선물
신고","... 제가 말씀드린 3가지 조건에 나의 특별한 노력이 더해 져야만 재택부업도 성공 할 수 있답니다. 몇 가지 원칙을 더 가르쳐 드리고 싶지만 초보자에겐 저 3가지만 확실하게 따져보면 괜찮은 부업인지, 하면 안되는 부업인지 알 수...",기타,etc,kin,https://kin.naver.com/qna/detail.naver?d1id=4&dirId=40611&docId=35531264&qb=67aA7JeFIOyEseqztQ==&enc=utf8,
kin_071,"드림큐 재택 근무 (부업,알바 ) 궁금한점?","4번째 답변
집에서 4억연봉 희야
초인
#13년경력최고수익마케터 #온라인광고마케팅 #온라인광고컨설팅
아르바이트 5위, 구인구직사이트 4위, 직업, 취업 23위 분야에서 활동
본인 입력 포함 정보
상세 안내 툴팁 보기
지식iN 서비스 질문 답변 페이지 및 프로필의 답변자 정보에 노출되는 답변자의 회사, 학교, 자격 등의 정보는 본인이 지식iN 프로필 수정을 통해 직접 입력한 정보입니다.
네이버는 사용자가 등록한 정보 및 게시물을 제공하는 정보매개 서비스 제공자로서 해당 정보의 정확성, 신뢰성 및 최신성에 대해 보증하지 않습니다.
닫기
질문에 답변 드릴게요~
이렇게 질문 하실 정도면 충분히 가능한 업무 이구요.
만19세 이상이면 특별한 기술이나 자격증 없이도 누구나 하실수 있는 일이구요.
회사는 홍보업체로서 제휴 업체 상품을 홍보하는게 주된 일이랍니다.
일하시게 되면 홈피에 일하는 방법및 설명 자료등이 갖추어져 있고 홍보지원센터 문의도움을
받으시면서 하시면 되는데 누구나 쉽게 하실수 있는 일이랍니다.
재택알바 선두 업체로서 신뢰도와 인지도를 갖추고 10년 이상 운영된 회사이구요.
저만 하더라두 3년 5개월째 일하고 있으니 믿으셔도 되세요~
2013.12.18.
채택
지식인 채택 답변입니다.
UP
6
DOWN
댓글
메뉴 더보기
포인트 선물
신고
---
1번째 답변
하얀토끼07
초수
본인 입력 포함 정보
상세 안내 툴팁 보기
지식iN 서비스 질문 답변 페이지 및 프로필의 답변자 정보에 노출되는 답변자의 회사, 학교, 자격 등의 정보는 본인이 지식iN 프로필 수정을 통해 직접 입력한 정보입니다.
네이버는 사용자가 등록한 정보 및 게시물을 제공하는 정보매개 서비스 제공자로서 해당 정보의 정확성, 신뢰성 및 최신성에 대해 보증하지 않습니다.
닫기
드림큐 재택 근무 (부업,알㈓ ) 궁금한점?
관련
늘 행복㉻고
좋은㉻루 되세요.~~
제가 집에서 ㉻기좋은 괜찮은 재택알㈓.부업.투잡거리 소개해드릴게요.
우선 초기㉶본이 ㉻㈏도 들어가지 않고 올해로
10년㉷
를 맞이했으며
국세청 및 공정거래위원회에 정식 등록된 회㉴로 TV에도 3㉷례 방송된 회㉴랍니다.
(TV방송 및 증빙㉶료는 제블로그에 첨부해두었어요)
편한시간에 편한곳에서 ㉻루 2~3시간만 일㉻시면 되요.~
저같은 경우는
3년 3개월째
한달또 빠짐없이 꼬박꼬박
월급받으며 일해오고 있는 평범한 가정주부로 ㉻루 3~4시간 일해서
지금은 월평균 300만원씩 꾸준히 벌고있답니다..
[실명공개 & 실제 제명의 통장내역공개 - 제 블로그에 첨부]
시간대비 너무 많이 번다고 다단계㈏ ㉴기업체㈑고 생각㉻시는 분들이 계시는데
만약에 다단계㈏ ㉴기회㉴㈑면, 제 실명을 걸고
대한민국의 한 국민으로서 한㉵이의 엄마로서 강력히!!! 법적인 처벌을 받을것입니다.
업무는 굉장히 쉬운편이구요..오로지오로지
홍보만
㉻시면 됩니다.
㉶세한 ㉴항이㈏ 문의㉴항은 밑에
네임㈘드(별㉴진)
를 참조해주세요.
만약 네임㈘드가 안보일시
㉵이디
를 클릭㉻시면 되요.~
스마트 폰으로 보고 계시면
PC버전으로 ㈓꾸시면
네임㈘드가 보여요.^^
25시 거짓없이!! 진실되게
!!! 솔직㉻게
!!! 답변해드릴게요.~
두드려㈑.~그럼 열릴것이다.~~! 늘 행복만 가득㉻세요.~~!!
2013.12.18.
UP
4
DOWN
댓글
1
메뉴 더보기
포인트 선물
신고
---
2번째 답변
정이짱재택근무사
초수
본인 입력 포함 정보
상세 안내 툴팁 보기
지식iN 서비스 질문 답변 페이지 및 프로필의 답변자 정보에 노출되는 답변자의 회사, 학교, 자격 등의 정보는 본인이 지식iN 프로필 수정을 통해 직접 입력한 정보입니다.
네이버는 사용자가 등록한 정보 및 게시물을 제공하는 정보매개 서비스 제공자로서 해당 정보의 정확성, 신뢰성 및 최신성에 대해 보증하지 않습니다.
닫기
안녕하세요^
집에서 시간나는 틈나는대로 낮시간이든 새벽이든 언제든지
할수 있는 재택아르바이트 추천해 드려요
저와 같은 주부알바 아이잘때 짬짬히 이용하셔도 되구요.
투잡은 퇴근후 이용,
대학생알바 공간 시간에 이용할수 있는 컴퓨터로 할수 있는 부업이랍니다
.
업계최초 실적이 있든없든 초기임대료 환급제도도 있어요!!
온라인 재택아르바이트 10년차 언론매체 TV에도 방송된 안전한 회사이구요.
일을 하시면 지원금 제도가 잘 되어있어서.
내돈 손해볼일 절대 없는 안전한 유명한 기업이랍니다.
업무방법은 본사 홈피 열람실에서 홍보방법 & 홍보노하우를 배워서
남는시간 최대한 활용하시면 돼구요.
급여 또한 궁금하실텐데요? 익월 26일에 단한번도 어긴적없이
정확히 입금되구 있구요^^
꾸준히만 하시면 누구라도 여러 수익을 가져가실수 있어요.
저도 가정살림하며 하는일이거든요.^^
좀더 알아보고 싶으시면 아래 네임카드를 통해 방문해주시면
생유배리 감사해요^^
아래 네임카드에 블로그 주소가 보인답니다. 그리고 들어오심 돼요.
만약 안보인다면,오른쪽 v표를 열어주세요.
스마트폰으로 보면 아시죠??^^PC버전으로 봐야 들어오실수 있어요.
글 읽어 주셔서 감사하구요. 오늘도 즐거운 하루 보내셔요^^
2013.12.18.
UP
DOWN
댓글
메뉴 더보기
포인트 선물
신고
---
6번째 답변
똑박맘
고수
본인 입력 포함 정보
상세 안내 툴팁 보기
지식iN 서비스 질문 답변 페이지 및 프로필의 답변자 정보에 노출되는 답변자의 회사, 학교, 자격 등의 정보는 본인이 지식iN 프로필 수정을 통해 직접 입력한 정보입니다.
네이버는 사용자가 등록한 정보 및 게시물을 제공하는 정보매개 서비스 제공자로서 해당 정보의 정확성, 신뢰성 및 최신성에 대해 보증하지 않습니다.
닫기
질문자님~안녕하세요^^
﻿
﻿
﻿
﻿
﻿
﻿
﻿
저도 투잡으로 시작해 재택알바를 현재 2군데 회사를병행하고있구요.
﻿
﻿
현재 유명한 재택알바 회사 D사와 이번에 오픈한지 한달도 안되어
인기 급상승중인 쇼핑몰 홍보알바를 함께하고있답니다.
재택알바도 오픈 초기회사 선점하는것도 중요하거든요.
그중 하나 먼저 소개해들릴께요.
﻿
﻿
﻿
﻿
﻿
﻿
혹시 도움이될까 싶어 남깁니다,,
﻿
﻿
﻿
﻿
﻿
﻿
﻿
﻿
투잡으로 집에
﻿
﻿
﻿
﻿
서 알바하는
﻿
성공이맘입니다
~
요즘 재택알바~ 인기가 많은데요
저도 재택알바 몇개하고있구요,,
그중 한아이템 간단히 소개해드릴께요^^
11.14에 오픈하고 인기 급상승중인~~
쇼핑몰 홍보 알바이구요.
11.14에 오픈하고 인기 급상승중인~~ 재택알바 소개해드리려구요,,
쇼핑몰 홍보 알바이구요.
﻿
﻿
제개하는 재택알바는 다른 알바와 좀 다른점이
홍보방식 수익구조 너~~~무 간단하답니다
사이트에서 맘에드는
예쁜 옷 하나만 사시면
별
도의 초기비용없이 정회원이 된답니다.
이후 홍보활동하시면서 내 소개로
옷을 구입하시는 회원이 생기시면~
건당 5만원을 당일 30분이내에 바로 수익을 낼수있는 시스템이구요
~
﻿
휴대폰개통 NO~ 초기비용 NO~ 회원가입시 주민번호 입력도 NO
~~
입금도 바로바로~ 월급날 기다릴것없이~ 통장에서 확인되고~
메세지 바로바로 오니~~ 너무 좋구요~
많은 회원님들께 수익을 분배하고자 하루 회원가입건수를 5명으로 제한하고있답니다.
즉 하루
﻿
최고 수익은 25만원!!! 한달은 750만원!!!
그 이상은 다른 분들께 혜택이 골고루~~ 배테랑 회원들만의 독식을 예방하고자 ~ 함이니..
이또한 세심한 배려가 느껴지죠? ㅎ
재택알바는 해보니 초기 시작이 중요한거같더라구요~
물론 잘하시는 분들은 뒤늦게 시작하셔도 잘하시겠지만.... ㅎ
그외에 소외되는 많은 초보자 분들도 계시지요~
아직 오픈한지 한달도 안된 데스티니샵은 이제 핫~하게
떠오르고 있어 초기멤버로 자리잡기 너무 좋구요~~
넘~ 늦은거 아닌가.... 싶은 고민은 안하셔도 된답니다^^
철저하게 1:1영업방식으로 회원가입시
추천인 아이디를 직접 입력하셔야 한답니다~
즉~ 처음부터 함께하고픈 추천인을 선택하고~ 가입전 충분한 상담받고~
결정하고~ 노하우 공유하면 시작할수있게~
자연스런진행이 되지요~
저 또한 추천인 복은 타고 난지라~~ 친절한분 만나서 오랜 고민없이 시작하였구요~
블로그 초보였던 저도 이것저것 배우고~ 추천인이 자료 만들어주고~
많이 얻어가며 일하고있답니다^^
함께 쇼핑도하고 홍보도하고~ 돈도벌고~~^^ 재미있게 부업하실분 ~~
혼자고민하지 마시구,,,, 언제든 물어봐주세요~
시작부터 끝까지 함께하는 성공이 맘이 도와드릴께요~
기회되시면 성공이맘의
﻿
재택알바 / 투잡이야기 구경하러
제 블로그에 놀러오세요~^^
문의주시면 언제든 친절하고 솔직하게~ 모르는건 물어봐서라도 도와드릴께요
2013.12.18.
UP
DOWN
댓글
메뉴 더보기
포인트 선물
신고
---
9번째 답변
헬로우드림와이지
고수
본인 입력 포함 정보
상세 안내 툴팁 보기
지식iN 서비스 질문 답변 페이지 및 프로필의 답변자 정보에 노출되는 답변자의 회사, 학교, 자격 등의 정보는 본인이 지식iN 프로필 수정을 통해 직접 입력한 정보입니다.
네이버는 사용자가 등록한 정보 및 게시물을 제공하는 정보매개 서비스 제공자로서 해당 정보의 정확성, 신뢰성 및 최신성에 대해 보증하지 않습니다.
닫기
안녕하세요~
만 19세이상, 특별한 조건 없어요~ 출퇴근 없이 집에서 자유롭게 따뜻한방에서 일하세요
주로 하는일은 온라인상에서 회사홍보를 통해 마케터나 광고주를 모집하거나
혹은 제휴사이트상품 판매를 통해 수익을 내는 것입니다.
창립10주년간 믿음과 신뢰로 재택알바/부업의 1인자자리를 지켜왔습니다.
세상에 거저 돈버는 일은 없지만 초반에 조금만 노력해서 기반잡으시면~
이건 공부나 살림 투잡병행도 가능하고
하시다가 바쁜일 있으면 본인이 자유롭게 조절하면서
언제라도 계속 하실수가 있어요 평생~~
그냥 기본적인 워드, 인터넷 스킬정도만 있으면 충분히 시작하실수 있거든요~
잘 모르는 부분은 홍보지원센터의 체계적인 자료와 동영상 및 원격지원 도움까지
받으실수 있어서 적응하시는데 큰 어려움 없습니다.
★ 따끈한 대박소식!!  말도안돼!!!
☆
최초로
회원모두
에게 랜덤으로
자동실적을 만들어주는
회사
가 바로 이곳
1. 광고주 모집수익
(바이럴 마케팅 광고상품을 이용하실 광고주 모집시 광고금액의 20~50%수익)
2. 마케터 모집수익
(홍보해주실 마케터를 모집할시 6~24만원 이상의 수익)
3. 홍보수익
(제휴사이트나 마케터모집 관련 블로그 포스팅, 지식인홍보시 수익)
* 매월 홍보의 달인 선정시 최고 100만원
4. 컨텐츠 수익
* 드림오토(피씨만켜놔도)
*
제휴사이트클릭만해도
* 쿵쿵따만해도
*
덧글만달아도
* 무료 만
화,뉴스만봐도 수익
5. 제휴사이트 판매수익
(11번가등
평소 이용하던 각종 홈쇼핑, 종합쇼핑몰등에서 상품구매시
- 내가 사도 남이 사도 수익발생)
6. 위로지원금
(실적이 없어도 블로그포스팅등의 위로지원금 45만원
+ 무료가입회원 7천원씩 최대 100명까지 70만원
= 115만원)
** 초기 임대료
(미실적시) 2년후 기초세팅비만 제외 전액환급
실적20건 달성시 전액 환급
시작할때 빨리 오셔서 자리 잡으시길 바래요~
무료회원만 가입하시면 친절상담 콜~~!!
이후에 정회원 전환해도 늦진 않아요~
네임카드속주소클릭, 무료회원 가입하고 326만원 명품백! 이벤트도 참여해보세요
2013.12.18.
UP
DOWN
댓글
메뉴 더보기
포인트 선물
신고",... 참여하는 다양한 부업정보 싸이트를 알게 됐는데요. 드림큐 헬드 클린위등 다양한 부업 성공 노하우나 요즘 신설 알바등 좋은정보를 공유하고 서로 토론하는 그런 곳이드라구요. 한번쯤 들러서 구경한번하셔도 될듯합니다.,기타,etc,kin,https://kin.naver.com/qna/detail.naver?d1id=4&dirId=40611&docId=186766171&qb=67aA7JeFIOyEseqztQ==&enc=utf8,
kin_072,"부업 사기 피해, 법적 문제 가능성은?","1번째 답변
로톡
변호사
열심답변자
본인 입력 포함 정보
상세 안내 툴팁 보기
지식iN 서비스 질문 답변 페이지 및 프로필의 답변자 정보에 노출되는 답변자의 소속 정보는 소속 단체를 통해 입력된 정보입니다.
네이버는 사용자가 등록한 정보 및 게시물을 제공하는 정보매개 서비스 제공자로서 해당 정보의 정확성, 신뢰성 및 최신성에 대해 보증하지 않습니다.
닫기
# 법무법인 공명 | 김준성 변호사
#
[변호사 프로필보기]
|
[더 많은 변호사 답변 보기]
#
질문글 원문 링크 < 클릭
안녕하세요. 법무법인 공명의 <김준성 파트너 변호사>입니다.
1. 전형적인 부업 사기수법에 당하셔서 금전적인 피해를 입으신 것으로 보여집니다. 최근 부업 사기 등의 수법이 활성화 되며 본건과 유사한 범죄피해자들이 많아지고 있습니다. 처음 이체 당시 상대방들이 어떠한 말을 하며 돈을 이체 받았는지 등을 확인하여 사기죄, 전자금융거래법위반죄 등으로 고소를 하셔야 할 사안입니다. 추가적으로 변호사 의견서 제출이 필요합니다.
2. 따라서 현 단계에서 상담자분은 상대방을 상대로 사기죄로 고소하실 필요성이 매우 높습니다. 고소 이후 수사과정에서 상대방의 혐의가 인정 된다면 합의를 통해서 모든 피해를 회복 하실 수도 있습니다. 피해금액이 적지 않아 실형이 선고될 위험성도 높기 때문에 돈을 마련해 올 가능성이 높습니다.
3. 이에 관련 사건의 경험이 많은 형사전문 변호사를 고소 대리인으로 선임하여 가능한 빠른 시일 내에 가해자에 대한 형사고소를 하시는 것이 좋습니다. 이런 사건의 경우 주범을 검거하기 힘들다는 말이 많으나, 본 변호사가 진행 중인 유사 사건이 수십건에 달하는데 최근 피의자들이 검거되는 사건들이 늘어나고 있어 희망적인 상황입니다. 빠른 대처를 하신다면 피의자 특정의 가능성도 높아질 수 있습니다(그 가능성을 높이기 위해 변호인 의견서가 제출되어야 합니다).
4. 사기죄와 같은 재산범죄 사건의 경우 가해자가 처벌 받는다고 해서 상담자분의 피해금액이 회복되는 것은 아니기 때문에 이보다는 피해자의 피해 회복이 중요합니다. 이에 수사단계에서 합의를 통해 적절한 합의금(피해 금액, 변호사 선임비용, 위자료 등)을 지급 받고 원만히 합의에 이르는 것이 가장 좋은 결과가 될 것입니다. 본 변호사는 상담자분과 같이 재산범죄의 피해를 입으신 분들의 대리인으로 사건을 진행해 합의금을 모두 지급 받고 사건을 마무리 한 성공사례를 보유하고 있습니다.
5. 본 변호사는 대한변호사협회에 등록된 형사전문(등록번호 제2019-297호) 변호사입니다. 추가 상담 진행해주세요.
# 지식iN 변호사 답변은 로톡과 네이버의 콘텐츠 제휴를 통해 변호사가 직접 정확하고 신뢰할 수 있는 답변을 전달해 드립니다.
# 로톡은 법무법인이나 법률사무소가 아니며, 법률사무를 제공하지 않습니다. 모든 법률상담은 로톡을 이용하는 각 변호사 회원이 직접, 독립적으로 수행합니다.
-
변호사와 의뢰인을 더 가까이, 로톡
2025.11.13.
본 답변은 참고용이며, 답변을 제공한 개인 및 사업자의 법적 책임이 없습니다.
자세한 사항은 법률사무소를 방문하여 법률상담을 하시기 바랍니다. 구체적인 사실과 정황 등에 따라 법규정 해석 등에 이견이 있을 수 있으며 상이한 댓글을 모두 수렴하지 않습니다.
펼쳐보기
UP
DOWN
7
댓글",영상 시청 캡쳐를 하면 돈을 주는 부업이었습니다 이틀 정도하면 10만원 정도 주는 부업이었습니다. 거기서 하루에... 한 성공사례를 보유하고 있습니다. 5. 본 변호사는 대한변호사협회에 등록된 형사전문(등록번호 제2019-297호)...,기타,etc,kin,https://kin.naver.com/qna/detail.naver?d1id=6&dirId=60215&docId=490154306&qb=67aA7JeFIOyEseqztQ==&enc=utf8,
kin_073,부업 사기 피해와 민사소송 대응 방법은?,"1번째 답변
로톡
변호사
열심답변자
본인 입력 포함 정보
상세 안내 툴팁 보기
지식iN 서비스 질문 답변 페이지 및 프로필의 답변자 정보에 노출되는 답변자의 소속 정보는 소속 단체를 통해 입력된 정보입니다.
네이버는 사용자가 등록한 정보 및 게시물을 제공하는 정보매개 서비스 제공자로서 해당 정보의 정확성, 신뢰성 및 최신성에 대해 보증하지 않습니다.
닫기
# 법무법인 공명 | 김준성 변호사
#
[변호사 프로필보기]
|
[더 많은 변호사 답변 보기]
#
질문글 원문 링크 < 클릭
법무법인 공명의 <김준성 파트너 변호사>입니다.
1. 본건 상담자분의 행위는 사기방조죄 등에 해당할 수 있는 행위입니다. 상담자분이 범죄행위에 가담한다는 사실을 전혀 인지하지 못하였다면 수사 단계에서 무죄를 적극 주장해야 합니다.
2. 구체적인 사건 경위는 작성해주지 않으셨지만, 보이스피싱 사건의 경우 혐의가 인정되는 경우가 많습니다. 대부분의 보이스피싱에 연루되신 분들이 상담자분과 같이 범죄에 가담한다는 의사는 없이 행위하게 됩니다. 하지만 검찰과 법원에서는 여러가지 사정들을 종합하여 피의자 및 피고인의 범죄의 고의여부를 판단하게 됩니다. 보이스피싱 범죄에 가담하였다는 사실이 인정 된다면 상담자분에게 사기방조죄가 적용될 수 있습니다. 따라서 이 부분과 관련하여 ""범죄의 고의""가 없었음을 입증하는 것이 이 사건의 주된 쟁점이라고 보여집니다.
3. 보이스피싱 관련 혐의가 적용되여 사기방조죄 등으로 처벌받게 된다면 집행유예 없는 실형이 선고되는 경우도 많으니 수사 단계에서부터 잘 대응을 하시길 바랍니다. 사기방조죄 등이 인정되면, 형사처벌 이외에 이와 관련한 민사적인 책임도 부담하실 수 있습니다. 전달하신 금액 모두에 대한 민사적 책임을 부담하게 되실 수 있습니다.
4. 본 변호사는 형사전문(등록번호 제2019-297호) 변호사로 상담자분과 같이 사기 범죄에 연루되신 분들의 변호인으로 사건을 진행하여 최근까지도 무죄, 무혐의 처분 등을 이끌어 낸 성공사례를 다수 보유하고 있습니다(해결사례 참조). 최근에는 무죄 판결이 선고된 성공사례도 있습니다(보이스피싱 관련 사건, 상담자분과 유사한 전달책 사건이지만 무죄 판결이 선고되었습니다). 보이스피싱 연루 사건은 어떤 변호사가 진행하는지에 따라 결과가 크게 달라질 수 있습니다.
5. 또한 제 성공사례를 보시면, 전달책 사건 항소심 변호를 맡아 1심 보다 10개월의 형이 감형되게 한 성공사례도 있습니다.
# 지식iN 변호사 답변은 로톡과 네이버의 콘텐츠 제휴를 통해 변호사가 직접 정확하고 신뢰할 수 있는 답변을 전달해 드립니다.
# 로톡은 법무법인이나 법률사무소가 아니며, 법률사무를 제공하지 않습니다. 모든 법률상담은 로톡을 이용하는 각 변호사 회원이 직접, 독립적으로 수행합니다.
-
변호사와 의뢰인을 더 가까이, 로톡
2026.03.29.
본 답변은 참고용이며, 답변을 제공한 개인 및 사업자의 법적 책임이 없습니다.
자세한 사항은 법률사무소를 방문하여 법률상담을 하시기 바랍니다. 구체적인 사실과 정황 등에 따라 법규정 해석 등에 이견이 있을 수 있으며 상이한 댓글을 모두 수렴하지 않습니다.
펼쳐보기
UP
DOWN
댓글",영상 조회수 올리는 부업이라고 속인 뒤 고수익 팀미션을 수행하도록 하여 저에게 120만원 정도를 입금시켰고 제가... 낸 성공사례를 다수 보유하고 있습니다(해결사례 참조). 최근에는 무죄 판결이 선고된 성공사례도 있습니다...,유튜브,content-sns,kin,https://kin.naver.com/qna/detail.naver?d1id=6&dirId=60215&docId=492696347&qb=67aA7JeFIOyEseqztQ==&enc=utf8,
kin_074,공동구매중개를 부업으로 하려고합니다.,,"... 부업으로 시작하는 재미와 이익! 포스팅에서 만나보세요! 부업의 성공 비결, 공개합니다! 이제 시작해보세요! 부업으로 새로운 도전, 함께 시작해보시겠어요? 부업으로 수익 창출, 당신의 인생을 더욱 풍요롭게 만들어보세요!",기타,etc,kin,https://kin.naver.com/qna/detail.naver?d1id=4&dirId=40309&docId=444934184&qb=67aA7JeFIOyEseqztQ==&enc=utf8,
kin_075,"부업사기 피해, 형사고소 후 민사소송 가능할까요?","1번째 답변
로톡
변호사
열심답변자
본인 입력 포함 정보
상세 안내 툴팁 보기
지식iN 서비스 질문 답변 페이지 및 프로필의 답변자 정보에 노출되는 답변자의 소속 정보는 소속 단체를 통해 입력된 정보입니다.
네이버는 사용자가 등록한 정보 및 게시물을 제공하는 정보매개 서비스 제공자로서 해당 정보의 정확성, 신뢰성 및 최신성에 대해 보증하지 않습니다.
닫기
# 법무법인 공명 | 김준성 변호사
#
[변호사 프로필보기]
|
[더 많은 변호사 답변 보기]
#
질문글 원문 링크 < 클릭
안녕하세요. 법무법인 공명의 <김준성 파트너 변호사>입니다.
1. 전형적인 부업 사기수법에 당하셔서 금전적인 피해를 입으신 것으로 보여집니다. 최근 부업 사기 등의 수법이 활성화 되며 본건과 유사한 범죄피해자들이 많아지고 있습니다. 처음 이체 당시 상대방들이 어떠한 말을 하며 돈을 이체 받았는지 등을 확인하여 사기죄, 전자금융거래법위반죄 등으로 고소를 하셔야 할 사안입니다.
2. 따라서 현 단계에서 상담자분은 상대방을 상대로 사기죄로 고소하실 필요성이 매우 높습니다. 고소 이후 수사과정에서 상대방의 혐의가 인정 된다면 합의를 통해서 모든 피해를 회복 하실 수도 있습니다. 피해금액이 적지 않아 실형이 선고될 위험성도 높기 때문에 돈을 마련해 올 가능성이 높습니다.
3. 이에 관련 사건의 경험이 많은 형사전문 변호사를 고소 대리인으로 선임하여 가능한 빠른 시일 내에 가해자에 대한 형사고소를 하시는 것이 좋습니다. 이런 사건의 경우 주범을 검거하기 힘들다는 말이 많으나, 본 변호사가 진행 중인 유사 사건이 수십건에 달하는데 최근 피의자들이 검거되는 사건들이 늘어나고 있어 희망적인 상황입니다. 빠른 대처를 하신다면 피의자 특정의 가능성도 높아질 수 있습니다(그 가능성을 높이기 위해 변호인 의견서가 제출되어야 합니다).
4. 사기죄와 같은 재산범죄 사건의 경우 가해자가 처벌 받는다고 해서 상담자분의 피해금액이 회복되는 것은 아니기 때문에 이보다는 피해자의 피해 회복이 중요합니다. 이에 수사단계에서 합의를 통해 적절한 합의금(피해 금액, 변호사 선임비용, 위자료 등)을 지급 받고 원만히 합의에 이르는 것이 가장 좋은 결과가 될 것입니다. 본 변호사는 상담자분과 같이 재산범죄의 피해를 입으신 분들의 대리인으로 사건을 진행해 합의금을 모두 지급 받고 사건을 마무리 한 성공사례를 보유하고 있습니다.
5. 본 변호사는 대한변호사협회에 등록된 형사전문(등록번호 제2019-297호) 변호사입니다. 추가 상담 진행해주세요.
# 지식iN 변호사 답변은 로톡과 네이버의 콘텐츠 제휴를 통해 변호사가 직접 정확하고 신뢰할 수 있는 답변을 전달해 드립니다.
# 로톡은 법무법인이나 법률사무소가 아니며, 법률사무를 제공하지 않습니다. 모든 법률상담은 로톡을 이용하는 각 변호사 회원이 직접, 독립적으로 수행합니다.
-
변호사와 의뢰인을 더 가까이, 로톡
2025.12.27.
본 답변은 참고용이며, 답변을 제공한 개인 및 사업자의 법적 책임이 없습니다.
자세한 사항은 법률사무소를 방문하여 법률상담을 하시기 바랍니다. 구체적인 사실과 정황 등에 따라 법규정 해석 등에 이견이 있을 수 있으며 상이한 댓글을 모두 수렴하지 않습니다.
펼쳐보기
UP
DOWN
댓글",온라인 리뷰 부업사기를 당했습니다. 지금 시간이 많이 지났고.. 담당 수사관은 배정이 안되어 아직도 지급정지를... 한 성공사례를 보유하고 있습니다. 5. 본 변호사는 대한변호사협회에 등록된 형사전문(등록번호 제2019-297호)...,기타,etc,kin,https://kin.naver.com/qna/detail.naver?d1id=6&dirId=60215&docId=491010063&qb=67aA7JeFIOyEseqztQ==&enc=utf8,
kin_076,부업..그냥 재미로라도 한번해보세요..,"8번째 답변
pojk****
평민
본인 입력 포함 정보
상세 안내 툴팁 보기
지식iN 서비스 질문 답변 페이지 및 프로필의 답변자 정보에 노출되는 답변자의 회사, 학교, 자격 등의 정보는 본인이 지식iN 프로필 수정을 통해 직접 입력한 정보입니다.
네이버는 사용자가 등록한 정보 및 게시물을 제공하는 정보매개 서비스 제공자로서 해당 정보의 정확성, 신뢰성 및 최신성에 대해 보증하지 않습니다.
닫기
인터넷은 이제 더 이상 정보만 검색하고 소비하는 공간이 아닙니다.
짭짤한 수익을 낼 수 있는 신종 돈벌이 무대로 자리 잡고 있습니다.
예로 개인이 취미로 운영하는 블로그도 쏠쏠한 용돈 벌이 공간이 됩니다.
1.자신의 경험이나 노하우를 최대한 살려라
2.정보를 많이 수집하라
3.재택부업성공하는 방법
우연히 아래에 사이트에 들르게 되었는데 다양한 정보가 많더라구여..
한번 참고라도 해보세요...
참고:재택부업가이드
2007.07.14.
UP
DOWN
댓글
메뉴 더보기
포인트 선물
신고",... 1.자신의 경험이나 노하우를 최대한 살려라 2.정보를 많이 수집하라 3.재택부업성공하는 방법 우연히 아래에 사이트에 들르게 되었는데 다양한 정보가 많더라구여.. 한번 참고라도 해보세요... 참고:재택부업가이드,기타,etc,kin,https://kin.naver.com/qna/detail.naver?d1id=4&dirId=40611&docId=33811883&qb=67aA7JeFIOyEseqztQ==&enc=utf8,
kin_077,해외 플랫폼 부업 사기 사례와 주의사항,"1번째 답변
로톡
변호사
열심답변자
본인 입력 포함 정보
상세 안내 툴팁 보기
지식iN 서비스 질문 답변 페이지 및 프로필의 답변자 정보에 노출되는 답변자의 소속 정보는 소속 단체를 통해 입력된 정보입니다.
네이버는 사용자가 등록한 정보 및 게시물을 제공하는 정보매개 서비스 제공자로서 해당 정보의 정확성, 신뢰성 및 최신성에 대해 보증하지 않습니다.
닫기
# 법률사무소 유 (唯) | 박성현 변호사
#
[변호사 프로필보기]
|
[더 많은 변호사 답변 보기]
#
질문글 원문 링크 < 클릭
질문자님 상황은 부업을 빙자해 소액 거래로 신뢰를 쌓은 뒤 점점 큰 금액을 요구하고, 마지막에는 보증금이나 계정 심사비 명목으로 거액을 편취하는 방식의 해외플랫폼 사기로 보입니다. 이미 금전을 송금하신 상태라면 해당 기록을 모두 확보하시고, 관련 대화 내역, 송금 내역, 이메일 등을 증거로 경찰에 사기 피해로 신고하시는 것이 필요합니다. 또한 해외 송금의 경우 수사기관을 통해 국제공조나 금융당국에 신고가 이뤄질 수 있으니 최대한 빠르게 대응해야 합니다. 더 이상 추가 금전을 송금하지 말고, 현재 피해 사실을 명확히 정리해 형사고소와 함께 민사적 절차까지 검토하시길 권장드립니다. 필요 시 연락주시면 최대한의 도움을 드리겠습니다.
박성현변호사가 해결한 관련 성공사례
- 사기죄로 고소, 손해배상 청구한 사건 : 가해자 실형, 전부 승소
- 가해자 고소하여 피해금원 회복한 사건(사기) : 가해자 실형
- 사기가해자 고소 및 배상명령신청 사건 : 가해자실형, 배상명령인용결정
- 사기가해자고소 및 배상명령신청 : 가해자실형, 배상명령인용결정
- 로맨스스캠 사기 사건(사기 고소 및 배상명령신청) : 배상명령인용결정
# 지식iN 변호사 답변은 로톡과 네이버의 콘텐츠 제휴를 통해 변호사가 직접 정확하고 신뢰할 수 있는 답변을 전달해 드립니다.
# 로톡은 법무법인이나 법률사무소가 아니며, 법률사무를 제공하지 않습니다. 모든 법률상담은 로톡을 이용하는 각 변호사 회원이 직접, 독립적으로 수행합니다.
-
변호사와 의뢰인을 더 가까이, 로톡
2025.09.11.
본 답변은 참고용이며, 답변을 제공한 개인 및 사업자의 법적 책임이 없습니다.
자세한 사항은 법률사무소를 방문하여 법률상담을 하시기 바랍니다. 구체적인 사실과 정황 등에 따라 법규정 해석 등에 이견이 있을 수 있으며 상이한 댓글을 모두 수렴하지 않습니다.
펼쳐보기
UP
DOWN
댓글","SNS에서 알게된 외국인에게 부X닷컴 지니어스 프로그램이란 부업을 소개받았습니다. 이 부업은 고객이 숙소 주문을... 박성현변호사가 해결한 관련 성공사례 - 사기죄로 고소, 손해배상 청구한 사건 : 가해자 실형, 전부 승소 - 가해자...",기타,etc,kin,https://kin.naver.com/qna/detail.naver?d1id=6&dirId=60215&docId=488753629&qb=67aA7JeFIOyEseqztQ==&enc=utf8,
kin_078,영상 부업 사기 피해 사례와 대처 방법,"1번째 답변
로톡
변호사
열심답변자
본인 입력 포함 정보
상세 안내 툴팁 보기
지식iN 서비스 질문 답변 페이지 및 프로필의 답변자 정보에 노출되는 답변자의 소속 정보는 소속 단체를 통해 입력된 정보입니다.
네이버는 사용자가 등록한 정보 및 게시물을 제공하는 정보매개 서비스 제공자로서 해당 정보의 정확성, 신뢰성 및 최신성에 대해 보증하지 않습니다.
닫기
# 법무법인 공명 | 김준성 변호사
#
[변호사 프로필보기]
|
[더 많은 변호사 답변 보기]
#
질문글 원문 링크 < 클릭
안녕하세요. 법무법인 공명의 <김준성 파트너 변호사>입니다.
1. 전형적인 부업 사기수법에 당하셔서 금전적인 피해를 입으신 것으로 보여집니다. 최근 부업 사기 등의 수법이 활성화 되며 본건과 유사한 범죄피해자들이 많아지고 있습니다. 처음 이체 당시 상대방들이 어떠한 말을 하며 돈을 이체 받았는지 등을 확인하여 사기죄, 전자금융거래법위반죄 등으로 고소를 하셔야 할 사안입니다. 추가적으로 변호사 의견서 제출이 필요합니다.
2. 따라서 현 단계에서 상담자분은 상대방을 상대로 사기죄로 고소하실 필요성이 매우 높습니다. 고소 이후 수사과정에서 상대방의 혐의가 인정 된다면 합의를 통해서 모든 피해를 회복 하실 수도 있습니다. 피해금액이 적지 않아 실형이 선고될 위험성도 높기 때문에 돈을 마련해 올 가능성이 높습니다.
3. 이에 관련 사건의 경험이 많은 형사전문 변호사를 고소 대리인으로 선임하여 가능한 빠른 시일 내에 가해자에 대한 형사고소를 하시는 것이 좋습니다. 이런 사건의 경우 주범을 검거하기 힘들다는 말이 많으나, 본 변호사가 진행 중인 유사 사건이 수십건에 달하는데 최근 피의자들이 검거되는 사건들이 늘어나고 있어 희망적인 상황입니다. 빠른 대처를 하신다면 피의자 특정의 가능성도 높아질 수 있습니다(그 가능성을 높이기 위해 변호인 의견서가 제출되어야 합니다).
4. 사기죄와 같은 재산범죄 사건의 경우 가해자가 처벌 받는다고 해서 상담자분의 피해금액이 회복되는 것은 아니기 때문에 이보다는 피해자의 피해 회복이 중요합니다. 이에 수사단계에서 합의를 통해 적절한 합의금(피해 금액, 변호사 선임비용, 위자료 등)을 지급 받고 원만히 합의에 이르는 것이 가장 좋은 결과가 될 것입니다. 본 변호사는 상담자분과 같이 재산범죄의 피해를 입으신 분들의 대리인으로 사건을 진행해 합의금을 모두 지급 받고 사건을 마무리 한 성공사례를 보유하고 있습니다.
5. 본 변호사는 대한변호사협회에 등록된 형사전문(등록번호 제2019-297호) 변호사입니다. 추가 상담 진행해주세요.
# 지식iN 변호사 답변은 로톡과 네이버의 콘텐츠 제휴를 통해 변호사가 직접 정확하고 신뢰할 수 있는 답변을 전달해 드립니다.
# 로톡은 법무법인이나 법률사무소가 아니며, 법률사무를 제공하지 않습니다. 모든 법률상담은 로톡을 이용하는 각 변호사 회원이 직접, 독립적으로 수행합니다.
-
변호사와 의뢰인을 더 가까이, 로톡
2025.08.23.
본 답변은 참고용이며, 답변을 제공한 개인 및 사업자의 법적 책임이 없습니다.
자세한 사항은 법률사무소를 방문하여 법률상담을 하시기 바랍니다. 구체적인 사실과 정황 등에 따라 법규정 해석 등에 이견이 있을 수 있으며 상이한 댓글을 모두 수렴하지 않습니다.
펼쳐보기
UP
DOWN
댓글",25년8월20일인스타를통해 재택가능한 부업을 보고 라인을깔아서 접촉후 대화 대화후 준벡스 어플을 깔으라고해서... 한 성공사례를 보유하고 있습니다. 5. 본 변호사는 대한변호사협회에 등록된 형사전문(등록번호 제2019-297호)...,콘텐츠,content-sns,kin,https://kin.naver.com/qna/detail.naver?d1id=6&dirId=60215&docId=488236993&qb=67aA7JeFIOyEseqztQ==&enc=utf8,
kin_079,경북안동부업,"21번째 답변
금보바이오닉스
초수
본인 입력 포함 정보
상세 안내 툴팁 보기
지식iN 서비스 질문 답변 페이지 및 프로필의 답변자 정보에 노출되는 답변자의 회사, 학교, 자격 등의 정보는 본인이 지식iN 프로필 수정을 통해 직접 입력한 정보입니다.
네이버는 사용자가 등록한 정보 및 게시물을 제공하는 정보매개 서비스 제공자로서 해당 정보의 정확성, 신뢰성 및 최신성에 대해 보증하지 않습니다.
닫기
많ㆉ이벌라고㈛는데­요직­장은앗구요야근은없어서저녁에㈛거나­주말­에부업с이ぎ나투ㅻ잡을할까생각중­인데요­지역이㉵직그렇거ㅏ많지­않더라лО고­요ㅠㅠ지역과상관없­い이헐­수잇ほ­거나안동에서㉮능한데좀알­려ㅷ주세요다단계나㈔기는전적으로㈔ш양­ㅡㅡ 안동에㈔는20대여づ㉶입니び다제㉮돈좀
많ㆉ이벌라고㈛는데요직장은앗구요야근은없어서저녁에㈛거나주말에부업с이ぎ나투ㅻ잡을할까생각중인데요지역이㉵직그렇거ㅏ많지않더라лО고요ㅠㅠ지역과상관없い이헐수잇ほ거나안동에서㉮능한데좀알려ㅷ주세요다단계나㈔기는전적으로㈔ш양ㅡㅡ 안동에㈔는20대여づ㉶입니び다제­㉮돈좀
2014.04.29.
채택
질문자⋅지식인이 채택한 답변입니다.
UP
8
DOWN
댓글
1
메뉴 더보기
포인트 선물
신고
---
11번째 답변
헬로우드림 희야
영웅
아르바이트, 직업, 취업 분야에서 활동
본인 입력 포함 정보
상세 안내 툴팁 보기
지식iN 서비스 질문 답변 페이지 및 프로필의 답변자 정보에 노출되는 답변자의 회사, 학교, 자격 등의 정보는 본인이 지식iN 프로필 수정을 통해 직접 입력한 정보입니다.
네이버는 사용자가 등록한 정보 및 게시물을 제공하는 정보매개 서비스 제공자로서 해당 정보의 정확성, 신뢰성 및 최신성에 대해 보증하지 않습니다.
닫기
연봉2억!! 경력5년차~경험과 노하우를 바탕으로
질문에 솔직한 답변 드릴게요~
네 인터넷만 가능 하시면 지역에 상관없이 하고 싶은 시간에
하고 싶은 만큼 자유롭게 하실수 있구요.
다양한 재택알바/부업이 있답니다.
특별한 자격증 기술 필요 없구요. 물론 학력두 상관 없구요.
이렇게 인터넷 검색과 타자정도 치시면 충분히 가능한 쉬운 일이구요.
초보라두 홍보활동만 하시면 첫달부터 수익금 받으면서 부담 없이
하실수 있고 이렇게 홍보활동 하다 보면 요령과 노하우 생겨서 더 많은 수익금
받으시면서 하실수 있겠네요.
위에 언급 했듯 요즘 들어 다양한 재택알바 /부업이 생겨나는데요.
제가 그동안 수많은 업체들이 탄생하고 피해를 주고 망하고 하는 과정을 보면서
당부드리고 싶은건 꼭 신뢰도와 인지도 그리고 본인이 일해서 수익을 올리고
또 정확하게 받을수 있는지..그리고 또 나중에 나에게 행여 피해가 되지 않을지
확인 하시고 하시길 바라구요.
회사는 창립 11주년된 안정적이고 신뢰도 있는 회사구요.
법적으로는 물론..각종 방송및 언론 보도 방영.
공영방송 유명 시사프로그램에도 방송 되었구요.
또 제가 방송에 직접 출연두 했구요.
지금 까지 엄청난 수익 올리면서 단 하루도 미루거나 어긴적 없이
꼬박 꼬박 지급 받았구요.
통장 사진은 물론 국세청에 매년 5월 종합소득세 인증한 부분도 있으니..
이 부분을 속이면 공문서 위조니..더 크게 처벌 받으니..거짖이면 신고 하셔두 되구요.
홈피를 분양 받아서 홍보 가능한 곳에 홍보를 하는 일인데요.
홍보를 통해서 본인 홈피를 통해 광고주 모집이나 홍보사원 모집시
해당 실적금은 당일 본인 통장으로 지급 되구요.
제휴업체 상품 판매 수익
그리고 제휴업체 홍보활동 수익..각종 게시판 블로그 카페등 홍보글만
작성하셔두 각각 수익금.
스마트폰으로도 가능 하고 홈피 하루 한번 출석체크만 매일 하셔두 월 최소 3만원 이상
드림오토 켜놓구 다른 일 하셔두 자동으로 월 1-6만원
제휴업체 사이트 클릭만 하셔두 수익
등 총17가지 수익원이 있어서..
초보라두 행여 실적 없을까봐 ..우려하시는 걱정 하실 필요 없구요.
홍보활동 하면서 활동 수당 받으면서 부담 없이 홍보하다 보면 요령도 생기고 노하우도
생기고 실적도 발생해서 더 많은 수익금 받으실수 있구요.
일하시게 되면 홈피에 일하는 방법 자료 설명이 갖추어져 있구요.
행여 이해안되시면 홍보지원센터 문의 도움 청하시면
원격지원으로도 도움을 드리고.
또 저에게 언제든 문의 도움 청하시면 24시간 언제든 제 경험을 바탕으로
적극 도움을 드리는데..제가 그동안 수많은 분들 도움드리면서 보면
홍보경험이나 블로그 해본적 없어서..손해만 보는건 아닐까.등 우려하시던 분들도
1주일이면 충분히 하실수 있을 정도 수준의 일이세요.
어려워 마시구요~
더 궁금하시거나 도움 필요하시면 아래 네이카드 참고 하시구요.
네임카드 닫혀 있으면
V
누르시면 열리구요.
스마트 폰으로 보시는 경우
PC
버전으로 보시면 되구요.
주말 잘 보내시구요
언제나 행복하시구 부자 되세요^^
2014.04.25.
출처
직접작성함
UP
3
DOWN
댓글
메뉴 더보기
포인트 선물
신고
---
6번째 답변
kmda****
초수
본인 입력 포함 정보
상세 안내 툴팁 보기
지식iN 서비스 질문 답변 페이지 및 프로필의 답변자 정보에 노출되는 답변자의 회사, 학교, 자격 등의 정보는 본인이 지식iN 프로필 수정을 통해 직접 입력한 정보입니다.
네이버는 사용자가 등록한 정보 및 게시물을 제공하는 정보매개 서비스 제공자로서 해당 정보의 정확성, 신뢰성 및 최신성에 대해 보증하지 않습니다.
닫기
안녕하세요
지역과 상관없는 집에서 하는 일 소개해드릴께요
말씀하신 다단계나 사긴절대 아니고요
TV에도  4차례 방송되고 공정거래 위원회공식등록된 안정하고 신뢰힐수 있는 기업입니다.
꾸준히 하실수만 있다면 가능한 일 이고요
.
글쓰기수익
,
클릭수익
,
자동수익등 총
14
가지의 다양한 업무로
본인에 맞는 업무방법을 선택하셔서 원하시는
자유로이 일을 하실수 있인데요
.
글쓰기
.
덧글
,
자동수익
,
설문조사만을도 소소하게 수익벌고
계신답니다
.
제 네임카드 블로그 천천히 살펴보시고요
행복한 주말 보내시기 바래요
2014.04.25.
UP
2
DOWN
댓글
메뉴 더보기
포인트 선물
신고
---
2번째 답변
지역리더
중수
본인 입력 포함 정보
상세 안내 툴팁 보기
지식iN 서비스 질문 답변 페이지 및 프로필의 답변자 정보에 노출되는 답변자의 회사, 학교, 자격 등의 정보는 본인이 지식iN 프로필 수정을 통해 직접 입력한 정보입니다.
네이버는 사용자가 등록한 정보 및 게시물을 제공하는 정보매개 서비스 제공자로서 해당 정보의 정확성, 신뢰성 및 최신성에 대해 보증하지 않습니다.
닫기
안동에²㉴는20대ぶ여자입니다제㈎돈좀 많이벌라д고하는데б요직장ㆀ은앗구요야근은없어서저녁에하거㉯주말에부업이㉯투Л잡을할까생각중인데요지역이㈕직그렇거ㅏ많지않더ㅵ라고요ㅠㅠ지역과상관없이헐수잇¹거㉯안동에서㈎わ능한데좀알려주세요ⁿ
안동에²㉴는20대ぶ여자입니다제㈎돈좀 많이벌라д고하는데б요직장ㆀ은앗구요야근은없어서저녁에하거㉯주말에부업이㉯투Л잡을할까생각중인데요지역이㈕직그렇거ㅏ많지않더ㅵ라고요ㅠㅠ지역과상관없이헐수잇¹거㉯안동에서㈎わ능한데좀알려주세요ⁿ
최근에 주목 받고 있는 재택알바 및 부업은 인터넷을 활용하는 업무입니다.
시간 활용이 용이하고 비교적 적은 노동력으로 업무가 가능하다는 점을 장점으로 꼽고 있습니다.
육아와 살림을 병행하고 있는 여성들이 특히 많이 찾고 있는 이유이기도 한데요
일부는 아예 부업 및 투잡에서 본업으로 바꾸기도 합니다.
2014.04.25.
UP
1
DOWN
댓글
메뉴 더보기
포인트 선물
신고
---
5번째 답변
탈퇴한 사용자 답변
대한민국 No.1 재택/부업/창업 회사 드림큐에서 사이트 홍보 및 사이트 관리하실 분 모집합니다.
1. 컴퓨터에 모르는 분들도 쉽게 시작할 수 있습니다
2. 대학생, 직장인 투잡, 주부부업, 취업 준비생 모두에게 최고의 재택부업 제공
3. 실적과 관계 없이 수익이 발생하는 안전한 사업
4. 재택부업에는 없던 리셀러 도입
5. 직접 사이트 운영까지 가능한 창업 아이템
- 모집 대상 : 대학생, 직장인, 주부, 취업 준비생 누구나
- 나이 제한 : 20세 이상 모든 남녀~
- 근무 시간 : 하루 1~2시간 본인이 원하는 시간
- 근무 장소 : 인터넷이 가능 곳 어디서나 가능한 업무
- 업무 방법 : 본사 홍보자료 게시판의 홍보 자료를 이용한 홍보 업무
- 급여 : 건당 리셀러 회원 4만원 ~ 18만원 + 파트너 제휴 프로그램으로 생기는 CPC 수익
- 미실적 지원금 한달 최대 75만원 지원
- 매일 출석 체크만 해도 3만원 보너스 지급
* 드림큐 수익형 사이트 수익 (수익률 50% ~ 90%) - 운세사이트, 부업사이트, 알바사이트
* 드림큐 제휴사이트 수익 (수익률 : 0.6% ~ 40%) - 지마켓, 옥션, 11번가 등 다수
★수익형 사이트, 제휴 사이트의 지속적인 사이트 추가 예정이며, 직접 사이트를 운영하면서 수익을 낼 수 있는 시스템★
사이트 홍보 부업/투잡 지원하기
2014.04.25.
UP
DOWN
댓글
메뉴 더보기
신고",... 다단계나사기는전적으로사양ㅡㅡ 다단계 아니구요 사기도 아니에요 재택부업 성공한 하곽이 입니다~ 하루하루 시간은 가고~ 나이는 먹어가고~ 모은 돈은 없구~.. 요즘 물가도 비싸서 뭘 하기도 망설이시죠? 저도 그랬답니다....,기타,etc,kin,https://kin.naver.com/qna/detail.naver?d1id=4&dirId=40611&docId=196367013&qb=67aA7JeFIOyEseqztQ==&enc=utf8,
kin_081,휴대폰 개인딜러 부업중입니다/부산지역 방판거래처...,"2번째 답변
ksba****
시민
본인 입력 포함 정보
상세 안내 툴팁 보기
지식iN 서비스 질문 답변 페이지 및 프로필의 답변자 정보에 노출되는 답변자의 회사, 학교, 자격 등의 정보는 본인이 지식iN 프로필 수정을 통해 직접 입력한 정보입니다.
네이버는 사용자가 등록한 정보 및 게시물을 제공하는 정보매개 서비스 제공자로서 해당 정보의 정확성, 신뢰성 및 최신성에 대해 보증하지 않습니다.
닫기
본업을 하시면서 할 수 있는
재택부업 알려드립니다.
현재 재택부업 1위를 달리고 있는 업체입니다.
재택알바에 무관심 그 자체였는데, 살다 보니 재택알바나 투잡에 관심을 가지게 되었습니다.
그래서 여기저기 알아보았더니 마땅한 것이 없더군요.
그러다 알게 된 것이 드림큐였습니다.
한 달여의 시간을 두고 드림큐에 알아보니
의외로 주부님들이 상당히 많이 하시더라고요.
많은 주부님들이 할 정도면 이거 해보는 것이 낫겠다 싶었습니다.
드림큐는 수익 아이템이 10여 가지라
꾸준히 홍보한다면 할만하겠다 싶더군요.
그래도 혼자서 홍보하려고 하니 부담이 되는 것은 사실이었습니다.
그래서 필요한 것이 추천인!!
성인이면 아무나 할 수 있는 드림큐!!
컴맹이여도 추천인이 길잡이가 되어 도와드립니다.
간단한 업무라지만 꾸준히 장기적으로 일을 하셔야 수익도 생겨나요.
홈페이지에 간단한 일상 이야기를 하며 돈 버는 글쓰기 수익
컴퓨터만 켜놓아도 자동적으로 포인트가 적립되는 자동 수익
마우스 클릭만으로 수익이 생겨나는 클릭알바.... 등등
무엇보다 재택알바로 어떻게 몇백만 원 이상이 수익이 나는지 홍보글을 읽다 보니 알게 됐어요.
정회원들이 왜 그토록.. 입에 침이 마르도록 회사를 홍보했는지요 ^^
내가 일하고 있는 부업 사이트를 인터넷상에 알리면서
""홍보""
라고해요.
추천을 받을 때마다 실적이란 아이가 하나씩 차곡차곡 생겨나면서
1일부터~말일까지의 실적을 정산해서 매달 15일에 월급을 받더라고요.
그렇다 보니 내가 일하고 있는 부업 사이트가 홍보의 주체가 되어
어딘가에 집에서 부업을 하고 싶은 분들이 제 글을 보시고 가입해주실 거란 믿음과 기대감으로
홍보를 하시면 되는 간단한 업무입니다.
실적이 없을 때는 지원금이 월 75만 원까지 제공되고 있으니 부담 떨치셔도 될 것 같아요.
﻿
정회원 20건 유치하면 가입비용 전액 환불도 됩니다. ﻿
나를 통해 가입하시는 분이 한 명씩 늘어갈수록 18만 원씩 수익이 생기다 보니
실적이 늘어날수록 계산기를... 두들기면서
내가 받을 월급을 미리 계산해보는 행복까지 느끼게 되고
앞서 말씀드렸다시피 컴맹이어도 상관은 없지만 실적제라 일을 하셔야 수익이 가능해요.
누가 많이 벌었다더라... 나도 부업으로 성공해봐야지!!
이런 생각으로 꾸준히 노력하면 월급은 고스란히 저축하고 부업으로 생활하는 꿈도 이뤄질 것이라 믿어요.
그런 마음가짐에도
처음에는 홍보를 어떻게 해야 하나 부담이 될 겁니다.
그래서
제가 도와드리겠습니다.
아래 네임카드속 아이디를 클릭하시면 블로그 방문 가능해요 ^^
스마트폰 사용 중이시면 pc버전 눌러주세요.
2013.11.08.
UP
DOWN
댓글
메뉴 더보기
포인트 선물
신고
---
6번째 답변
탈퇴한 사용자 답변
안녕하세요
﻿
저는 드림큐를 하고 있는 꽃 다운 나이 20대 정회원이예요 ^^
드림큐가 어떤곳인지 꼼꼼히 설명해드릴께요
드림큐는 공정위에 등록되어 있는 합법적인 부업사이트로 안심하시고 시작하셔도 되요
초기비용이 살짝 들긴 하지만 ,
1회 비용으로 평생
일할수 있어서
먹을 꼬 조금만 줄이시고 투자한다고 생각하면 될 듯 싶어요
초기비용의 종류는 3가지로 되어 있어요
로얄#골드#프리미엄
이
있는데요
저는 수익률 좋은 264.000원을 내고
드림큐에 가입을 했더니
첫 달 부터 100만원을 벌었어요
대학생#직장인#주부님
할꺼없이 누구나 드림큐로 재태크 하시거든요
실적제라서 수익이 항상 일정하지는 않지만 많이 일하고 관심 갖으면 수익이 팡팡 생기니까
직장 다닐 땐 상사눈치 , 직원들 눈치 보는게 가장 싫었는데 지금은 실적제에 따라 월급을
받게 되니까 더욱 관심갖게 되고 더욱 열심히 일하고 있어요 ^^
드림큐가 마냥 쉬운건 아니지만 홍보업무만 제대로 익히면
밖에서 눈치보고 일하는 것보다 수월하게 돈을 버는건 사실이예요
자신이 조금만 노력을 하면 노력한 만큼 수익을 낼 수 있어서 저는 참 좋았어요
정회원이 되시면 저 처럼 홍보일을 하시게 되는데요
인터넷상에 드림큐를 홍보하시면서 일하실 분들을 모집을 해요 .
인터넷은 넓고 홍보할 공간은 무궁무진 하고 스마트폰으로도 홍보가 가능해서
어디서든지 드림큐를 홍보 할 수 있어요 .
일을 안해도 홍보를 못해도 첫달 4만원 지급
실적이 없을 땐 , 미실적지원금 75만원 지급
정회원 20명 모집하면 초기비용 100%환불
아참 ! 드림큐 가입하실 때
추천인한테 꼭 상담받고 시작해야 후회가 없어요
.
저도 처음 일을 시작할 때 많은 도움을 주신 분이 추천인이셨거든요
저 한테 상담 받고 드림큐 시작해 보세요 ^^
제 홍보 노하우는 공유해드릴께요 같이 드림큐 정회원되서 열심히 돈벌어봐요 ^^ㅎㅎ
아래보이는
뚱스홀릭
의 네임카드를 눌러서 놀러오시면 저랑 소통할 수 있어요 ㅎㅎ
네임카드에 보이는 주소를 클릭 ^^
안보일 땐 v 눌러주시면 되용 ~~
단 :) 스마트폰 이용자는 pc버전 으로 눌러야 뚱쓰홀릭을 만날 수 있어요 ^^
즐거운 하루 보내세요 헷 헷
2013.11.11.
UP
DOWN
댓글
메뉴 더보기
포인트 선물
신고
---
9번째 답변
역대최고 부업아이템
시민
본인 입력 포함 정보
상세 안내 툴팁 보기
지식iN 서비스 질문 답변 페이지 및 프로필의 답변자 정보에 노출되는 답변자의 회사, 학교, 자격 등의 정보는 본인이 지식iN 프로필 수정을 통해 직접 입력한 정보입니다.
네이버는 사용자가 등록한 정보 및 게시물을 제공하는 정보매개 서비스 제공자로서 해당 정보의 정확성, 신뢰성 및 최신성에 대해 보증하지 않습니다.
닫기
에너지,통신,금융사업
지역 상위그룹선점 중요한 타이밍
대한민국
에서 상위그룹에 속해서
모르는 사람의 가정내 생활요금까지 본인수
입으로 하실려면
이번기회를 놓치지 마세요!!!
공정거래위원회 정식 등록업체
매달 내는 요금의 일부분을 매달 평생동안 커미션을 받을수있습니다....
온가족 휴대폰통신요금,인터넷,IPTV,
집전화
ADT보안서비스,카드단말기수수료,전기요금,가스요금 등등~
매달 내는 요금의 일부분을 매달 평생동안 돌려받습니다.
내가 다른사람을 밑으로 모으면 그 사람요금과,
내 밑에있는 그 사람이 다시 모은 사람들의 요금들 또한 받을수가 있죠.
지금 이 타이밍에 시작하게되면, 전체가구에서 모르는 사람들의 요금까지도
상위그룹에서 매달평생을 앉아서 지급받을수있습니다.
특히!! 에너지,통신시장 우선 먼저 선점해 놓으시는게 정말 상당히 유리합니다.
어차피 자영업자분은
카드단말기매출커미션 과 보안서비스커미션(ADT) 꼭 눈여겨보셔야 합니다!
사회적으로 꽤 성공하고 많이 알려진분들이 우선적으로 가입이 되고있습니다.
이분들과 같은 시점에 같은 타이밍에 행동하셔야 유리합니다.!
대한민국에서 가장 큰 스폰서와 그룹에서 함께 돈벌어보실분은
지금이 최적의 지역선점할 타이밍입니다.
사업아이템이
매달매달 물건을 사다가 파는 위험리스크가 있는 아이템보다는
훨씬 안전하고 비전이 있습니다.
평생을 매일매일 써야만하는 절대
선택권 없는 아이템
들입니다.
안쓰면 그만인 상품들이 아닙니다.
지금 이순간도 쓰고있고, 평생 쓸수밖에없는 아이템입니다.
! 1차 목표진입 !
월 300~500만원에 진입을 목표로 하실분은 꼭 오세요~
(활성화되기전참여필요)
2013.11.13.
UP
DOWN
댓글
메뉴 더보기
포인트 선물
신고
---
10번째 답변
suuy****
초수
본인 입력 포함 정보
상세 안내 툴팁 보기
지식iN 서비스 질문 답변 페이지 및 프로필의 답변자 정보에 노출되는 답변자의 회사, 학교, 자격 등의 정보는 본인이 지식iN 프로필 수정을 통해 직접 입력한 정보입니다.
네이버는 사용자가 등록한 정보 및 게시물을 제공하는 정보매개 서비스 제공자로서 해당 정보의 정확성, 신뢰성 및 최신성에 대해 보증하지 않습니다.
닫기
안녕하세용~ㅎㅎ
혹시 고정수익 들어오는 부업은 관심
없으신가해서 살짝 비댓글 남겨봐요 ㅎㅎ!!
* 문제시 보장받을 수 있는 합법부업
* 혼자가 아닌 팀끼리 같이 돈버는 부업
* 단 한명의 피해자도 만들지 않는 부업
* 일안해도 평생 매주 들어오는 고정수익
국내최저가 초기비용~!!!
손해볼 수 없는! 서비스제품 제공 ~!!!
(군인/공무원/미성년자는 불가)
퍼플유 회사와 제휴한 국내최초 수익형플랫폼
(물건판매하는 다단계X)
저희팀과 함께라면 평생동안 죽을때까지
매일매일 250+a로 돈이 들어오는 고정수익을 벌 수 있답니다!^0^ 확실하게 돈 벌게 해드릴게요~
지금 문의 주세요 ㅎㅎ
https://open.kakao.com/o/sal9jEuc
2020.10.09.
UP
DOWN
댓글
메뉴 더보기
포인트 선물
신고
---
11번째 답변
11111
영웅
아르바이트, 마케팅, 영업, 창업 분야에서 활동
본인 입력 포함 정보
상세 안내 툴팁 보기
지식iN 서비스 질문 답변 페이지 및 프로필의 답변자 정보에 노출되는 답변자의 회사, 학교, 자격 등의 정보는 본인이 지식iN 프로필 수정을 통해 직접 입력한 정보입니다.
네이버는 사용자가 등록한 정보 및 게시물을 제공하는 정보매개 서비스 제공자로서 해당 정보의 정확성, 신뢰성 및 최신성에 대해 보증하지 않습니다.
닫기
하루
1
시간 정도
.
팀에서 알려주는대로 온라인에 글만 써도
.
원하는 수익 그 이상을
평생 연금
처럼 받을 수 있는 일이 있어요
.
큰 투자 없이 시작하는
.
실패해도 리스크가 없는
,
대기업 플랫폼 비지니스에 관심이 있으시다면
아래 설문지를 남겨주세요
^^
​
[대기업 플랫폼 비지니스 설문조사]
naver.me
2020.10.13.
UP
DOWN
댓글
메뉴 더보기
포인트 선물
신고",... 나도 부업으로 성공해봐야지!! 이런 생각으로 꾸준히 노력하면 월급은 고스란히 저축하고 부업으로 생활하는 꿈도 이뤄질 것이라 믿어요. 그런 마음가짐에도 처음에는 홍보를 어떻게 해야 하나 부담이 될 겁니다. 그래서 제가...,기타,etc,kin,https://kin.naver.com/qna/detail.naver?d1id=1&dirId=10702&docId=184163259&qb=67aA7JeFIOyEseqztQ==&enc=utf8,
kin_082,여행 예약 사기와 환급 부업의 위험성,"1번째 답변
로톡
변호사
열심답변자
본인 입력 포함 정보
상세 안내 툴팁 보기
지식iN 서비스 질문 답변 페이지 및 프로필의 답변자 정보에 노출되는 답변자의 소속 정보는 소속 단체를 통해 입력된 정보입니다.
네이버는 사용자가 등록한 정보 및 게시물을 제공하는 정보매개 서비스 제공자로서 해당 정보의 정확성, 신뢰성 및 최신성에 대해 보증하지 않습니다.
닫기
# 법무법인 공명 | 김준성 변호사
#
[변호사 프로필보기]
|
[더 많은 변호사 답변 보기]
#
질문글 원문 링크 < 클릭
안녕하세요. 법무법인 공명의 <김준성 파트너 변호사>입니다.
1. 전형적인 부업 사기수법에 당하셔서 금전적인 피해를 입으신 것으로 보여집니다. 최근 부업 사기 등의 수법이 활성화 되며 본건과 유사한 범죄피해자들이 많아지고 있습니다. 처음 이체 당시 상대방들이 어떠한 말을 하며 돈을 이체 받았는지 등을 확인하여 사기죄, 전자금융거래법위반죄 등으로 고소를 하셔야 할 사안입니다.
2. 따라서 현 단계에서 상담자분은 상대방을 상대로 사기죄로 고소하실 필요성이 매우 높습니다. 고소 이후 수사과정에서 상대방의 혐의가 인정 된다면 합의를 통해서 모든 피해를 회복 하실 수도 있습니다. 피해금액이 적지 않아 실형이 선고될 위험성도 높기 때문에 돈을 마련해 올 가능성이 높습니다.
3. 이에 관련 사건의 경험이 많은 형사전문 변호사를 고소 대리인으로 선임하여 가능한 빠른 시일 내에 가해자에 대한 형사고소를 하시는 것이 좋습니다. 이런 사건의 경우 주범을 검거하기 힘들다는 말이 많으나, 본 변호사가 진행 중인 유사 사건이 수십건에 달하는데 최근 피의자들이 검거되는 사건들이 늘어나고 있어 희망적인 상황입니다. 빠른 대처를 하신다면 피의자 특정의 가능성도 높아질 수 있습니다(그 가능성을 높이기 위해 변호인 의견서가 제출되어야 합니다).
4. 사기죄와 같은 재산범죄 사건의 경우 가해자가 처벌 받는다고 해서 상담자분의 피해금액이 회복되는 것은 아니기 때문에 이보다는 피해자의 피해 회복이 중요합니다. 이에 수사단계에서 합의를 통해 적절한 합의금(피해 금액, 변호사 선임비용 등)을 지급 받고 원만히 합의에 이르는 것이 가장 좋은 결과가 될 것입니다. 본 변호사는 상담자분과 같이 재산범죄의 피해를 입으신 분들의 대리인으로 사건을 진행해 합의금을 모두 지급 받고 사건을 마무리 한 성공사례를 보유하고 있습니다.
5. 본 변호사는 대한변호사협회에 등록된 형사전문(등록번호 제2019-297호) 변호사입니다. 추가 상담 진행해주세요.
# 지식iN 변호사 답변은 로톡과 네이버의 콘텐츠 제휴를 통해 변호사가 직접 정확하고 신뢰할 수 있는 답변을 전달해 드립니다.
# 로톡은 법무법인이나 법률사무소가 아니며, 법률사무를 제공하지 않습니다. 모든 법률상담은 로톡을 이용하는 각 변호사 회원이 직접, 독립적으로 수행합니다.
-
변호사와 의뢰인을 더 가까이, 로톡
2025.04.19.
본 답변은 참고용이며, 답변을 제공한 개인 및 사업자의 법적 책임이 없습니다.
자세한 사항은 법률사무소를 방문하여 법률상담을 하시기 바랍니다. 구체적인 사실과 정황 등에 따라 법규정 해석 등에 이견이 있을 수 있으며 상이한 댓글을 모두 수렴하지 않습니다.
펼쳐보기
UP
DOWN
댓글",여행지기 하는 사이트를 이용한 여행 예약 후 환급 부업으로 팀 미션을 진행하는 내용이였으며 금액대가 점점 커지는... 한 성공사례를 보유하고 있습니다. 5. 본 변호사는 대한변호사협회에 등록된 형사전문(등록번호 제2019-297호)...,기타,etc,kin,https://kin.naver.com/qna/detail.naver?d1id=6&dirId=60215&docId=484372826&qb=67aA7JeFIOyEseqztQ==&enc=utf8,
kin_083,부업을 해보고싶은데 어떤걸 하면 좋을까요 ?,"1번째 답변
집에서 일하는 다온
은하신
사람과 그룹, 아르바이트 47위, 네이버 블로그 54위 분야에서 활동
본인 입력 포함 정보
상세 안내 툴팁 보기
지식iN 서비스 질문 답변 페이지 및 프로필의 답변자 정보에 노출되는 답변자의 회사, 학교, 자격 등의 정보는 본인이 지식iN 프로필 수정을 통해 직접 입력한 정보입니다.
네이버는 사용자가 등록한 정보 및 게시물을 제공하는 정보매개 서비스 제공자로서 해당 정보의 정확성, 신뢰성 및 최신성에 대해 보증하지 않습니다.
닫기
질문자님 안녕하세요 :)
재택(집)부업 일을 알아보시면서
(★ 많은 홍-보글을 보시겠지만,
겉으로 보이는것만이 다가 아니니
돈-다-발 들고, 달달한 말만 하는사람들 조심하세요!)
​
​
무.료로는 혼자서는 하기 가 힘들거나,
아님 결/제 안하면 일감이 없다거나,
수익이 적다거나,
다 이유는 있더라구요
​
​
​
대부분의 재택부업은 비용이 들어가요~
​
저는 환.급.제.도 있는곳에서 하면서
환.급받고 지금은 공짜로 수.익벌어가고있어요
​
잠깐 하다 말것도 아니고,
꾸준하게 할수있다보니 장기적으로 보기엔 좋아요~
​
​
​
그래도, 비용이 들어가는 부업은 전혀 싫다, 하시면
검색해보시면 무료부업도 나올거에요~
​
유령회사 아닌지 잘 알아보시구요
​
​
​
​
2019.12.29.
UP
DOWN
댓글
메뉴 더보기
포인트 선물
신고
---
3번째 답변
josa****
초수
본인 입력 포함 정보
상세 안내 툴팁 보기
지식iN 서비스 질문 답변 페이지 및 프로필의 답변자 정보에 노출되는 답변자의 회사, 학교, 자격 등의 정보는 본인이 지식iN 프로필 수정을 통해 직접 입력한 정보입니다.
네이버는 사용자가 등록한 정보 및 게시물을 제공하는 정보매개 서비스 제공자로서 해당 정보의 정확성, 신뢰성 및 최신성에 대해 보증하지 않습니다.
닫기
홍보글아닙니다
​
유료로 가입해서 하는 것도 아닙니다
​
저도 이것저것 알아봤는데
​
너무 복잡하고 설명이 어려워 중간에 포기한적이
​
많습니다
​
예전에 헬로우드림,퍼스트드림인가 이것도
​
유료로 해볼까 라고도 생각했는데... 잘할수 있을까 고민이 되더라고요
​
그런중에 무료로 정말 손쉽게
돈많이 벌수 있는 앱을 찾었어요
​
애드픽이라고 추천한번 해볼께요
​
가입하기전에 네이버에 검색해보시면 되요~
​
저도 예전에 많이 알아봤는데 끈기도 필요하고
​
돈도너무 안쌓여 중간에 포기한적이 많었는데
​
애드픽은 돈도 금방쌓이고 재미있어요
​
어렵지도 않고요
​
1달 고수익 나는 분이 엄청 많아요
​
https://oevery.com/6206045
앱테크를 취미처럼! SNS로 하는 앱테크, 애드픽!
SNS만 할 줄 알면 누워서도 할 수 있는 용돈벌이, 애드픽!간단한 퀘스트만 깨도 바로 6천 포인트를 얻을 수 있어요.◆ 애드픽이란 ◆SNS로 스마트하게 용돈 벌기! 애드픽으로 부담없이 앱테크 시작해보세요!애드픽 회원님들의 생생한 사용후기!
oevery.com
​
유튜브채널도 같이 올릴께요
​
https://youtub.news/7849049
누워서 용돈버는 띵앱 애드픽!
youtub.news
​
참고해주세요
2019.12.29.
UP
DOWN
댓글
메뉴 더보기
포인트 선물
신고
---
4번째 답변
연이
중수
정신건강의학과, 아르바이트 분야에서 활동
본인 입력 포함 정보
상세 안내 툴팁 보기
지식iN 서비스 질문 답변 페이지 및 프로필의 답변자 정보에 노출되는 답변자의 회사, 학교, 자격 등의 정보는 본인이 지식iN 프로필 수정을 통해 직접 입력한 정보입니다.
네이버는 사용자가 등록한 정보 및 게시물을 제공하는 정보매개 서비스 제공자로서 해당 정보의 정확성, 신뢰성 및 최신성에 대해 보증하지 않습니다.
닫기
요즘엔 손부업거리도 거의없구 있어도 보증금내는부업도 있다고 하더라구요.
​
집에서 하실수있는 부업은 손부업아니면 인터넷으로 하는 재택알바인데요.
​
무료인곳은 일거리나 거의없다거나 그래서 수익도없고,
​
결국 초기비용 결제하는쪽으로 유도하더라구요;  돈도잘안주는 곳도있다고해요(지인경험);
​
고수익을 준다는 사진이나 말, 한달에 몇백몇천 번다는 광고만 조심하면 될거같아요.
​
저도 지금 직장생활하고 쉬다가 재택알바를 하고있는데요. 맨처음에 할때는
​
돈은돈대로 날리고 실패경험도있었어요.. 누구나 한번씩은 겪게 되는건지몰라도..
​
처음하시는부업은 정말 잘알아보시는걸 추천드려요~
​
지금하고있는곳도 의심했었어요 정말수익이 발생하는지 안전한곳인지..
​
다행이 지금하고있는 곳은 안정적이고 합법적인, 인지도있는 오래된 회사에요.
​
사회생활하기 이제 힘들어서 집에서 할거 찾아보다가 정착하게된곳이에요.
​
블로그 포스팅만 해주셔도 건당1500원~5000원까지 금액대가 있어서
​
선택하셔서 업무진행하시면 금액만큼 수익은 발생하세요~ 이게가장 기본으로
​
수익낼수 있는 방법이에요. 초보자분들도 쉽게 할수있게 가이드제공 해드리거든요
​
더 자세한 내용은 저의 블로그 방문해주시면 보실수 있으세요.
​
워낙 사기업체 다단계 유령회사 등등 안좋은곳이 많기때문에 괜찮은곳까지
​
안좋게 인식이 되버리는건 어쩔수없는거같아요 ; 괜찮은 부업 잘알아보시구 하시길 추천드립니다.
​
​
2019.12.29.
UP
DOWN
댓글
메뉴 더보기
포인트 선물
신고
---
5번째 답변
wheh****
시민
본인 입력 포함 정보
상세 안내 툴팁 보기
지식iN 서비스 질문 답변 페이지 및 프로필의 답변자 정보에 노출되는 답변자의 회사, 학교, 자격 등의 정보는 본인이 지식iN 프로필 수정을 통해 직접 입력한 정보입니다.
네이버는 사용자가 등록한 정보 및 게시물을 제공하는 정보매개 서비스 제공자로서 해당 정보의 정확성, 신뢰성 및 최신성에 대해 보증하지 않습니다.
닫기
시간 여유 되시면 해보세요
​
https://m.blog.naver.com/whehfl1/221753081990
도전!!!
https://ribmoney.xyz/9685105092928/세상에 공짜는 없습니다 추천인 40명 가입하면 인출가능 하다고 합니...
m.blog.naver.com
2019.12.29.
UP
DOWN
댓글
메뉴 더보기
포인트 선물
신고
---
6번째 답변
송주쨩
초수
본인 입력 포함 정보
상세 안내 툴팁 보기
지식iN 서비스 질문 답변 페이지 및 프로필의 답변자 정보에 노출되는 답변자의 회사, 학교, 자격 등의 정보는 본인이 지식iN 프로필 수정을 통해 직접 입력한 정보입니다.
네이버는 사용자가 등록한 정보 및 게시물을 제공하는 정보매개 서비스 제공자로서 해당 정보의 정확성, 신뢰성 및 최신성에 대해 보증하지 않습니다.
닫기
요즘 모든 부업이 초기비용이 발생하는 것 같아요
​
제가 하고 있는 부업도 초기비용이 들지만
지속적인 부가수익이 창출되는 부업이라
초기비용이 아깝지 않으실 거예요
​
이것저것 알아보시겠지만 궁금하시면
https://open.kakao.com/o/s1LJ0QQb
찐멘토 송주쨩
#아지트샵#애드펌킨#그랜펌킨#버숑#부업
open.kakao.com
여기로 문의 주세요^^
#부업
새 창
#재택부업
새 창
#재택알바추천
새 창
#육아맘부업
새 창
#직장인투잡
새 창
2019.12.29.
UP
DOWN
댓글
메뉴 더보기
포인트 선물
신고",... 초반 지출이 필요하다 NO 그런거 없는 곳으로 부탁드려요 일반적인 광고글 신고 할예정. 자세하고 상세한 설명으로 알려주세요 초기비용 없는 곳과 있는 곳은 수익부터 차이가 난답니다ㅠㅠ 잘 알아보시고 부업 성공하세요!,기타,etc,kin,https://kin.naver.com/qna/detail.naver?d1id=4&dirId=40607&docId=343571061&qb=67aA7JeFIOyEseqztQ==&enc=utf8,
kin_084,부업 사기 대처 방법과 대출 상환 우선순위,"1번째 답변
로톡
변호사
열심답변자
본인 입력 포함 정보
상세 안내 툴팁 보기
지식iN 서비스 질문 답변 페이지 및 프로필의 답변자 정보에 노출되는 답변자의 소속 정보는 소속 단체를 통해 입력된 정보입니다.
네이버는 사용자가 등록한 정보 및 게시물을 제공하는 정보매개 서비스 제공자로서 해당 정보의 정확성, 신뢰성 및 최신성에 대해 보증하지 않습니다.
닫기
# 법무법인 공명 | 김준성 변호사
#
[변호사 프로필보기]
|
[더 많은 변호사 답변 보기]
#
질문글 원문 링크 < 클릭
안녕하세요. 법무법인 공명의 <김준성 파트너 변호사>입니다.
1. 전형적인 부업 사기수법에 당하셔서 금전적인 피해를 입으신 것으로 보여집니다. 최근 부업 사기 등의 수법이 활성화 되며 본건과 유사한 범죄피해자들이 많아지고 있습니다. 처음 이체 당시 상대방들이 어떠한 말을 하며 돈을 이체 받았는지 등을 확인하여 사기죄, 전자금융거래법위반죄 등으로 고소를 하셔야 할 사안입니다.
2. 따라서 현 단계에서 아내분은 상대방을 상대로 사기죄로 고소하실 필요성이 매우 높습니다. 고소 이후 수사과정에서 상대방의 혐의가 인정 된다면 합의를 통해서 모든 피해를 회복 하실 수도 있습니다. 피해금액이 적지 않아 실형이 선고될 위험성도 높기 때문에 돈을 마련해 올 가능성이 높습니다.
3. 이에 관련 사건의 경험이 많은 형사전문 변호사를 고소 대리인으로 선임하여 가능한 빠른 시일 내에 가해자에 대한 형사고소를 하시는 것이 좋습니다. 이런 사건의 경우 주범을 검거하기 힘들다는 말이 많으나, 본 변호사가 진행 중인 유사 사건이 수십건에 달하는데 최근 피의자들이 검거되는 사건들이 늘어나고 있어 희망적인 상황입니다. 빠른 대처를 하신다면 피의자 특정의 가능성도 높아질 수 있습니다(그 가능성을 높이기 위해 변호인 의견서가 제출되어야 합니다).
4. 사기죄와 같은 재산범죄 사건의 경우 가해자가 처벌 받는다고 해서 아내분의 피해금액이 회복되는 것은 아니기 때문에 이보다는 피해자의 피해 회복이 중요합니다. 이에 수사단계에서 합의를 통해 적절한 합의금(피해 금액, 변호사 선임비용 등)을 지급 받고 원만히 합의에 이르는 것이 가장 좋은 결과가 될 것입니다. 본 변호사는 아내분과 같이 재산범죄의 피해를 입으신 분들의 대리인으로 사건을 진행해 합의금을 모두 지급 받고 사건을 마무리 한 성공사례를 보유하고 있습니다.
5. 본 변호사는 대한변호사협회에 등록된 형사전문(등록번호 제2019-297호) 변호사입니다. 추가 상담 진행해주세요.
# 지식iN 변호사 답변은 로톡과 네이버의 콘텐츠 제휴를 통해 변호사가 직접 정확하고 신뢰할 수 있는 답변을 전달해 드립니다.
# 로톡은 법무법인이나 법률사무소가 아니며, 법률사무를 제공하지 않습니다. 모든 법률상담은 로톡을 이용하는 각 변호사 회원이 직접, 독립적으로 수행합니다.
-
변호사와 의뢰인을 더 가까이, 로톡
2025.03.24.
본 답변은 참고용이며, 답변을 제공한 개인 및 사업자의 법적 책임이 없습니다.
자세한 사항은 법률사무소를 방문하여 법률상담을 하시기 바랍니다. 구체적인 사실과 정황 등에 따라 법규정 해석 등에 이견이 있을 수 있으며 상이한 댓글을 모두 수렴하지 않습니다.
펼쳐보기
UP
DOWN
댓글",부업 진행하면서 대출을 받아서 했는데 이걸 빨리 갚아야할 것 같은데 만약 고소가 진행된다면 이런 대출을 먼자... 한 성공사례를 보유하고 있습니다. 5. 본 변호사는 대한변호사협회에 등록된 형사전문(등록번호 제2019-297호)...,기타,etc,kin,https://kin.naver.com/qna/detail.naver?d1id=6&dirId=60215&docId=483392453&qb=67aA7JeFIOyEseqztQ==&enc=utf8,
kin_085,부업같은거,,... 부담 하거나 보증금이 사라지는 추세입니다 부업입니다 뭔가 투자를 하고 비용을 재출 한다는거 생각을 한번 해보 시기를 말씀드려보구요 그리고 초기비용부담 하는 부업들이 성공 사례보다 실패나 포기 사레가 많은 것도 사실입니다,기타,etc,kin,https://kin.naver.com/qna/detail.naver?d1id=4&dirId=40611&docId=399680408&qb=67aA7JeFIOyEseqztQ==&enc=utf8,
kin_086,인스타 부업.,"1번째 답변
비공개 답변
초인
전형적인 사기 수법인데요.
​
수익률이 높은 투자 / 이벤트 / 경품 당첨 등으로 유혹한 뒤, 이걸 받아가려면, 일정의 수수료나 세금 등을 내야 한다는 식으로 유도해서, 애초에 주겠다고 한 경품, 또는 돈은 안 주고, 입금한 돈만 받아 챙기는 수법입니다.
2022.04.02.
채택
질문자가 채택한 답변입니다.
UP
DOWN
댓글
메뉴 더보기
신고
---
2번째 답변
비공개 답변
지존
사기같네요
초기자본필요없는
제가하고있는 앱테크 애드픽해보세요
만14세이상이면 가능하고 스마트폰만 있으면
아무 투자자본없이 용돈벌이 하기 좋아요
​
광고메이트나 쇼핑메이트를 자투리시간 이용홍보해서 수익이 들어오니 개꿀 부업 자는동안에도 수익창출
​
쇼핑메이트는 소개하고 싶은 상품을 선택하고, 나만의 수익 링크를 각종 SNS, 커뮤니티 등에 홍보하면 끝!
추천한 상품을 누군가 온라인에서 구매하면 구매금액의 일부를 수익으로 얻을 수 있어요.
​
광고메이트는 블로그 커뮤니티 각종sns에 앱 소개시 다운이나 회원가입이뤄지면 수익생기고요
(카톡이나 문자로 홍보는 안됨)
https://podgate.com/3cf207a
언제 어디서든, 소확행 부수입부터 월급까지!
소개하고 싶은 상품을 선택하고, 나만의 수익 링크를 각종 SNS, 커뮤니티 등에 홍보하면 끝! 내가 원할 때 어디서든 간편하게 하는 앱테크, 애드픽 쇼핑메이트를 지금 시작해보세요 :) 추천한 상품을 누군가 온라인에서 구매하면 구매금액의 일부를 수익으로 얻을 수 있어요. 애드픽 쇼핑메이트는? - 스마트폰으로 언제든지 활동이 가능해요. - 자주 사는 물건을 홍보하면 활동이 쉬워져요. - 잠시 활동을 못해도 수익이 생길 수 있어요. - 11번가, SSG, 쿠팡 등 유명 쇼핑몰과 제휴되어 있어요. - 프리미엄 회원이 되어 초대링크를 활용하...
podgate.com
​
​
2022.04.02.
UP
DOWN
댓글
메뉴 더보기
신고
---
3번째 답변
비공개 답변
지존
요새 유행하는 사기입니다
​
정말 안타까울 따름입니다
​
차라리 그 돈들고서 저한테 문의를 주시지 그랬어요..
​
바로 수익을 내기는 힘들지만
​
레플 판매구요^^
​
초기자본 130이면 입점하실 수 있습니다.
​
폰만 있으면 할 수 있기에 장소제약 없습니다.
​
사기당하신건 서둘러 잊어버리시고
​
문의주세요^^
​
​
ㅌ --> uzerry27
2022.04.02.
UP
DOWN
댓글
메뉴 더보기
신고
---
5번째 답변
with 리치팸
영웅
본인 입력 포함 정보
상세 안내 툴팁 보기
지식iN 서비스 질문 답변 페이지 및 프로필의 답변자 정보에 노출되는 답변자의 회사, 학교, 자격 등의 정보는 본인이 지식iN 프로필 수정을 통해 직접 입력한 정보입니다.
네이버는 사용자가 등록한 정보 및 게시물을 제공하는 정보매개 서비스 제공자로서 해당 정보의 정확성, 신뢰성 및 최신성에 대해 보증하지 않습니다.
닫기
하..제발 이런거에속지마세요
요즘 저런사기수법 너무많더라구요
제 지인도 두분이나당해서ㅜㅜ
돈못받아요
돈찾으려고 더넣다간 클일납니다
부업이나 알바는 합법적인곳으로 찾으세요
꼭이요~
2022.04.02.
UP
DOWN
댓글
메뉴 더보기
포인트 선물
신고
---
6번째 답변
클릭 설치 가입 실행
초인
본인 입력 포함 정보
상세 안내 툴팁 보기
지식iN 서비스 질문 답변 페이지 및 프로필의 답변자 정보에 노출되는 답변자의 회사, 학교, 자격 등의 정보는 본인이 지식iN 프로필 수정을 통해 직접 입력한 정보입니다.
네이버는 사용자가 등록한 정보 및 게시물을 제공하는 정보매개 서비스 제공자로서 해당 정보의 정확성, 신뢰성 및 최신성에 대해 보증하지 않습니다.
닫기
희망 사기네요.
​
어플로 돈 버는게 투자금 없고 빨라요
​
만 14세 이상 가능합니다.
​
https://playstore.me/4052498
애드픽 쇼핑메이트 회원가입
​
집안이나 외출후 어디서나 핸드폰과 인터넷만 가능하면됩니다.
​
애드픽의 최대 장점은
보너스 수익이 많고 쉽습니다.
​
​
룰렛 6만
퀘스트 3만
충전소 5만
포인트 선물 8만
초대링크 11만
지식 콘텐츠 27만
​
보너스로만 62만 받았습니다.
​
최저 시급이 만원인데.
​
저같은 경우는 평일에
하루 30분 정도만 투자하면 매일 1만 정도 수익이 납니다.
​
주말엔 하루 1시간 투자하면 2만.
2시간이면 4만
​
틈틈히 시간 있을때마다
​
자투리 시간에
티비보면서 지식인에 답변으로 하루
30분 정도 광고 홍보 합니다.
​
현재
7랩팸 대표인데
​
1랩에서 7랩까지 딱 3달 걸렸습니다.
​
추가로 8프로 보너스 포인트가 더 생깁니다.
​
​
출금신청까지는 최소 2주 정도는 생각하시고 시작하셔야합니다.
​
대기 포인트에서 출금신청 가능한 샵 포인트로 바뀌는 시간
​
프리미엄 전에는 2주
프리미엄 후에는 1주라서 그렇습니다.
​
일요일안에 출금신청하면 다음주 목요일 입금됩니다.
​
​
네이버 블로그를 만들어서 광고홍보하시면 더 쉽습니다.
​
아임 노마드 앱 다운 받고
​
네이버 메일 인증
​
가입후
​
우체국 클릭
​
추천인
​
추천인 등록
​
kophilfamily
​
​
다른 마을에서 우체국 이동이 불가능 하신분은
​
​
왼쪽 상단 위에 하얀색 네모 3개중 첫번째 캠프이동 클릭
​
​
다시 오른쪽 위에 노란색 나의 캠프 바로 가기 클릭.
​
​
하시면 우체국 클릭 가능합니다.
​
​
추천후 편지로 궁금하시건 문의 주세요
​
​
애드픽 쇼핑메이트 회원가입
https://playstore.me/4052498
​
* 이 글은 광고이며, 소정의 수수료가 지급될 수 있습니다.
​
​
2022.04.02.
UP
DOWN
댓글
메뉴 더보기
포인트 선물
신고",... 좋은정보 알려드려요~ 부업으로 성공하신분들이 엄청나게 많습니다. 부업이 본업이되시는분들도 있구요! 한번만 들어가셔서 확인해보세요~! 절대 어렵지 않습니다~~! 특히나 시간을 자유롭게 활용하고 싶은분들은 컴퓨터나...,콘텐츠,content-sns,kin,https://kin.naver.com/qna/detail.naver?d1id=2&dirId=20504&docId=416247384&qb=67aA7JeFIOyEseqztQ==&enc=utf8,
kin_087,이 유튜버 고소 신고 가능할까요?,"1번째 답변
방효경
변호사
eXpert
변호사 방효경 법률사무소
본인 입력 포함 정보
상세 안내 툴팁 보기
지식iN 서비스 질문 답변 페이지 및 프로필의 답변자 정보에 노출되는 답변자의 소속 정보는 소속 단체를 통해 입력된 정보입니다.
네이버는 사용자가 등록한 정보 및 게시물을 제공하는 정보매개 서비스 제공자로서 해당 정보의 정확성, 신뢰성 및 최신성에 대해 보증하지 않습니다.
닫기
안녕하세요. 서울지방변호사회 소속으로 지식iN 법률상담을 진행하고 있는 방효경 변호사입니다.
​
해당 유튜버의 행위는 여러 가지 법적인 문제를 야기할 수 있으며, 신고가 가능합니다.
​
1. 허위·과장 광고
유튜버가 부업 성공 비결을 확실하게 알려줄 것처럼 광고했으나, 실제로는 그렇지 않은 경우 허위·과장 광고에 해당할 수 있습니다.
특히, 수익을 보장하거나 단기간에 큰돈을 벌 수 있다는 식의 광고는 더욱 문제가 될 수 있습니다.
​
2. 사기 혐의
신청자들에게 연락을 하지 않고, 주식 관련 보이스피싱 문자를 받았다는 피해 신고가 이어지는 경우 사기 혐의를 의심해 볼 수 있습니다.
유튜버가 고의적으로 신청자들을 속여 금전적인 이득을 취하려 했다면 사기죄에 해당할 수 있습니다.
​
3. 개인정보보호법 위반
신청서에 기재된 개인정보를 무단으로 수집하거나 제3자에게 제공한 경우 개인정보보호법 위반에 해당할 수 있습니다.
​
신고 방법:
경찰:
가장 확실한 방법은 경찰에 신고하는 것입니다. 허위·과장 광고, 사기, 개인정보보호법 위반 등 구체적인 혐의를 제기하고, 증거자료(영상 캡처, 문자 내역 등)를 제출하면 됩니다.
유튜브:
유튜브 커뮤니티 가이드라인 위반으로 유튜버 채널을 신고할 수 있습니다. 허위 정보 유포, 스팸, 사기 등에 해당하는 경우 채널이 정지될 수 있습니다.
한국소비자원:
허위·과장 광고에 해당하는 경우 한국소비자원에 신고하여 피해 구제를 요청할 수 있습니다.
​
주의사항
신고를 할 때에는 구체적인 증거자료를 확보하는 것이 중요합니다. 영상 캡처, 문자 내역, 신청서 등 관련 자료를 최대한 많이 수집하여 제출해야 합니다.
여러 명이 공동으로 신고하면 더욱 효과적일 수 있습니다.
법적인 절차는 시간이 오래 걸릴 수 있으며, 결과를 장담할 수 없습니다.
​
추가 조언:
다른 피해자들과 연락하여 공동 대응하는 것을 고려해 보세요.
법률 전문가의 도움을 받는 것도 좋은 방법입니다.
​
해당 유튜버의 행위는 명백한 문제가 있으며, 법적인 조치를 취할 수 있습니다. 하지만 신고를 하더라도 즉시 해결되지는 않을 수 있으므로, 다른 피해자들과 함께 꾸준히 대응해야 합니다.
​
​
이혼, 가사 전문, 형사 전문 변호사입니다. 여러분의 억울하고 힘든 상황, 제가 대신 싸워드리겠습니다!
​
명쾌하게 해결해드리겠습니다! ""대표변호사""가 직접 상담하고 사건을 진행합니다!
​
대표변호사 직통상담 010-5602-9322
​
https://youtube.com/@lawyerbang
쎈언니방변 방효경변호사
이혼 전문, 형사 전문 / 상담 : 010-5602-9322 안녕하세요, 법률사무소 다반 대표변호사 ""내가 대신 싸워줄게! 쎈 언니, 방변!"" 방효경 변호사입니다. * 이혼, 상간손해배상 사건 전문 * 형사 사건(보이스피싱 및 사기 범죄, 성범죄, 음주운전 및 교통사고) 전문 - 상담 예약 방법 1. 방효경 변호사 직통 010-5602-9322 로 전화나 문자 남겨주세요. (평일 오전 10시 ~ 저녁 8시 / 그 외 시간 전화 및 문자는 다음날 영업일에 콜백 드립니다.) 2. 재판 출석, 수사 입회, 상담 진행 등 다른 업무가 진행...
youtube.com
​
2024.08.14.
채택
질문자가 채택한 답변입니다.
본 답변은 참고용이며, 답변을 제공한 개인 및 사업자의 법적 책임이 없습니다.
자세한 사항은 법률사무소를 방문하여 법률상담을 하시기 바랍니다. 구체적인 사실과 정황 등에 따라 법규정 해석 등에 이견이 있을 수 있으며 상이한 댓글을 모두 수렴하지 않습니다.
펼쳐보기
방효경
님의 엑스퍼트 상품
답변자에게 더 자세한 맞춤 상담하고 싶다면 엑스퍼트를 이용해보세요!
바로가기
이혼, 상간 소송 전문 변호사의 핵심 상담 [채팅 및 전화]
판매가
9,900
원
10분
일반 형사 / 성범죄 사건 전문 상담 [채팅 및 전화]
판매가
9,900
원
10분
UP
2
DOWN
댓글
메뉴 더보기
포인트 선물
신고","... 허위·과장 광고 유튜버가 부업 성공 비결을 확실하게 알려줄 것처럼 광고했으나, 실제로는 그렇지 않은 경우 허위·과장 광고에 해당할 수 있습니다. 특히, 수익을 보장하거나 단기간에 큰돈을 벌 수 있다는 식의 광고는 더욱 문제가...",기타,etc,kin,https://kin.naver.com/qna/detail.naver?d1id=6&dirId=60206&docId=473930336&qb=67aA7JeFIOyEseqztQ==&enc=utf8,
kin_088,평택 서정동 부업구합니다,"30번째 답변
지역리더
시민
본인 입력 포함 정보
상세 안내 툴팁 보기
지식iN 서비스 질문 답변 페이지 및 프로필의 답변자 정보에 노출되는 답변자의 회사, 학교, 자격 등의 정보는 본인이 지식iN 프로필 수정을 통해 직접 입력한 정보입니다.
네이버는 사용자가 등록한 정보 및 게시물을 제공하는 정보매개 서비스 제공자로서 해당 정보의 정확성, 신뢰성 및 최신성에 대해 보증하지 않습니다.
닫기
손부업ぅ 초등학교근처 ぶ㉴는데 지장 구하고있어も용 집에서할수있는
손부업ぅ 초등학교근처 ぶ㉴는데 지장 구하고있어も용 집에서할수있는
2014.05.20.
채택
지식인 채택 답변입니다.
UP
8
DOWN
댓글
메뉴 더보기
포인트 선물
신고
---
5번째 답변
헬로우드림 희야
영웅
아르바이트, 직업, 취업 분야에서 활동
본인 입력 포함 정보
상세 안내 툴팁 보기
지식iN 서비스 질문 답변 페이지 및 프로필의 답변자 정보에 노출되는 답변자의 회사, 학교, 자격 등의 정보는 본인이 지식iN 프로필 수정을 통해 직접 입력한 정보입니다.
네이버는 사용자가 등록한 정보 및 게시물을 제공하는 정보매개 서비스 제공자로서 해당 정보의 정확성, 신뢰성 및 최신성에 대해 보증하지 않습니다.
닫기
연봉2억!! 경력5년차~경험과 노하우를 바탕으로
질문에 솔직한 답변 드릴게요~
네 인터넷만 가능 하시면 지역에 상관없이 가능 하시구요.
다양한 재택알바/부업이 있답니다.
특별한 자격증 기술 필요 없구요. 물론 학력두 상관 없구요.
이렇게 인터넷 검색과 타자정도 치시면 충분히 가능한 쉬운 일이구요.
초보라두 홍보활동만 하시면 첫달부터 수익금 받으면서 부담 없이
하실수 있고 이렇게 홍보활동 하다 보면 요령과 노하우 생겨서 더 많은 수익금
받으시면서 하실수 있겠네요.
위에 언급 했듯 요즘 들어 다양한 재택알바 /부업이 생겨나는데요.
제가 그동안 수많은 업체들이 탄생하고 피해를 주고 망하고 하는 과정을 보면서
당부드리고 싶은건 꼭 신뢰도와 인지도 그리고 본인이 일해서 수익을 올리고
또 정확하게 받을수 있는지..그리고 또 나중에 나에게 행여 피해가 되지 않을지
확인 하시고 하시길 바라구요.
회사는 창립 11주년된 안정적이고 신뢰도 있는 회사구요.
법적으로는 물론..각종 방송및 언론 보도 방영.
공영방송 유명 시사프로그램에도 방송 되었구요.
또 제가 방송에 직접 출연두 했구요.
지금 까지 엄청난 수익 올리면서 단 하루도 미루거나 어긴적 없이
꼬박 꼬박 지급 받았구요.
통장 사진은 물론 국세청에 매년 5월 종합소득세 인증한 부분도 있으니..
이 부분을 속이면 공문서 위조니..더 크게 처벌 받으니..거짖이면 신고 하셔두 되구요.
홈피를 분양 받아서 홍보 가능한 곳에 홍보를 하는 일인데요.
홍보를 통해서 본인 홈피를 통해 광고주 모집이나 홍보사원 모집시
해당 실적금은 당일 본인 통장으로 지급 되구요.
제휴업체 상품 판매 수익
그리고 제휴업체 홍보활동 수익..각종 게시판 블로그 카페등 홍보글만
작성하셔두 각각 수익금.
스마트폰으로도 가능 하고 홈피 하루 한번 출석체크만 매일 하셔두 월 최소 3만원 이상
드림오토 켜놓구 다른 일 하셔두 자동으로 월 1-6만원
제휴업체 사이트 클릭만 하셔두 수익
등 총17가지 수익원이 있어서..
초보라두 행여 실적 없을까봐 ..우려하시는 걱정 하실 필요 없구요.
홍보활동 하면서 활동 수당 받으면서 부담 없이 홍보하다 보면 요령도 생기고 노하우도
생기고 실적도 발생해서 더 많은 수익금 받으실수 있구요.
일하시게 되면 홈피에 일하는 방법 자료 설명이 갖추어져 있구요.
행여 이해안되시면 홍보지원센터 문의 도움 청하시면
원격지원으로도 도움을 드리고.
또 저에게 언제든 문의 도움 청하시면 24시간 언제든 제 경험을 바탕으로
적극 도움을 드리는데..제가 그동안 수많은 분들 도움드리면서 보면
홍보경험이나 블로그 해본적 없어서..손해만 보는건 아닐까.등 우려하시던 분들도
1주일이면 충분히 하실수 있을 정도 수준의 일이세요.
어려워 마시구요~
더 궁금하시거나 도움 필요하시면 아래 네이카드 참고 하시구요.
네임카드 닫혀 있으면
V
누르시면 열리구요.
스마트 폰으로 보시는 경우
PC
버전으로 보시면 되구요.
좋은 하루 되시구요~
언제나 행복하시구 부자 되세요^^
2014.05.19.
출처
직접작성함
UP
5
DOWN
댓글
메뉴 더보기
포인트 선물
신고
---
4번째 답변
꿀미니
초수
본인 입력 포함 정보
상세 안내 툴팁 보기
지식iN 서비스 질문 답변 페이지 및 프로필의 답변자 정보에 노출되는 답변자의 회사, 학교, 자격 등의 정보는 본인이 지식iN 프로필 수정을 통해 직접 입력한 정보입니다.
네이버는 사용자가 등록한 정보 및 게시물을 제공하는 정보매개 서비스 제공자로서 해당 정보의 정확성, 신뢰성 및 최신성에 대해 보증하지 않습니다.
닫기
안녕하세요 드림큐 꿀미니입니다^^
괜찮은 부업하나 소개시켜 드리려해요 ㅎㅎ
바로 드림큐라는 부업사이트인데요
드림큐는 하루에도 몇백명씩 신규회원들이 생겨나는 인기부업사이트랍니다
물론 저 꿀미니도 드림큐 회원이구요 ㅎㅎ
그럼 일단 드림큐로 어떤 수익을 낼수있는지 알려드릴게요
제가 올린건 총 11가지지만 현재는 더 많은 수익방법들이 있답니다
드림큐는 위에 보시는것처럼 간단한 방법들로 돈을 벌수있는 부업사이트에요
처음 가입하고 정회원이 되실때 초기비용이 듭니다
하지만 초기비용이 든다고 의심하지 않으셔도 되요
다른 어떤 부업을 하든 초기비용이 드는 건 마찬가지입니다
드림큐는 실적 20건을 달성하면 초기비용을 모두 환불해 주니 걱정하실 필요 없습니다 ㅎㅎ
드림큐를 처음 시작할때 굉장히 많은 고민을 하실꺼에요
저 꿀미니도 그랬거든요 ㅎㅎ
정말 많은 고민의 시간끝에 저는 지금 드림큐 정회원이 되었습니다 ㅎㅎ
현재 초기비용도 할인 중이에요 ㅎㅎ
저 꿀미니는 프리미엄형으로 가입했었답니다^^
저에대해 혹은 드림큐라는 사이트에대해
더궁금하신게 있으시다면 제 네임카드참고하셔서
블로그 한번 방문해주세요 ㅎㅎ
2014.05.19.
UP
DOWN
댓글
메뉴 더보기
포인트 선물
신고
---
8번째 답변
헬로우드림 소연
초수
본인 입력 포함 정보
상세 안내 툴팁 보기
지식iN 서비스 질문 답변 페이지 및 프로필의 답변자 정보에 노출되는 답변자의 회사, 학교, 자격 등의 정보는 본인이 지식iN 프로필 수정을 통해 직접 입력한 정보입니다.
네이버는 사용자가 등록한 정보 및 게시물을 제공하는 정보매개 서비스 제공자로서 해당 정보의 정확성, 신뢰성 및 최신성에 대해 보증하지 않습니다.
닫기
안녕하세요^^
집에서 재택알바 중인 마케터 소연 입니다
제가 집에서 편한시간에 일할수 있는 재택알바 추천해드려도 될까요?
하루 1~3시간 짬나는 시간 활용하여 돈버는 재택알바는 어떠세요?
하루종일 시간에 얶매어 있지 않은 간단한 홍보업무 입니다
성별/나이/학력 제한없는 시간/장소 자유로운 재택근무
초기비용 2년뒤 100% 환급!!!
당일실적!! 당일지급!!!
휴대폰 개통 NO! 유지비 NO!
더 자세한 내용은 제 네임카드 누르시고 블로그 방문 하시고 알아보세요
즐거운 오후시간 보내세요^^
​
2014.05.19.
UP
DOWN
댓글
메뉴 더보기
포인트 선물
신고
---
11번째 답변
탈퇴한 사용자 답변
안녕하세요.  소은맘이에요^^
저는 아이들 키우며, 살림하면서 집에서 인터넷 재택알바를 하고 있는 주부인데요..
인터넷 재택부업은 어떠신지요?
물론, 처음 초기임대비용이 들어가구,  업무를 배우는 데 처음엔 시간이 필요하지만,
초기비용의 경우 실적20건이 되면 전액환급이 되구, 2년후 실적 미달성시엔  솔루션 비용을 제외한
초기비용 환급제도가 있거든요.
업무도 처음 배울 때만 시간이 걸리구,  반복업무이다 보니 하시다보면 익숙해지는 쉬운 일이에요.
재택부업 11년차 된 회사라 동영상으로, 원격지원으로 쉽게 가르쳐주고 있구요.
자세한 내용은 헬로우드림 소은맘을 검색하시거나, 아래 블로그를 방문해 주세요.
감사합니다.
2014.05.19.
출처
본인작성
UP
DOWN
댓글
메뉴 더보기
신고","지장 초등학교근처 사는데 집에서할수있는 손부업 구하고있어용 안녕하세요 재택부업 성공한 하곽이입니다~. 평택 서정동 손부업을 구하신다고 하셨는데, 요즘 손부업은 어렵고, 힘들지 않으신가요 ? 또 비슷한 지역위치에서 부업...",기타,etc,kin,https://kin.naver.com/qna/detail.naver?d1id=4&dirId=40611&docId=198055971&qb=67aA7JeFIOyEseqztQ==&enc=utf8,
kin_089,"네모, 원형 라벨 스티커 기계","1번째 답변
지식이
절대신
#AI답변 #지식이는실험중
라벨 스티커 제작을 부업으로 시작하려고 하시는군요.
정말 멋진 계획이네요!
제가 몇 가지 추천해 드릴게요.
​
- 엡손 LW-K420: 이 제품은 네모 라벨 스티커 제작에 적합해요.
- 브라더 PT-P700: 이 제품은 원형 라벨 스티커 제작에 적합해요.
- 부라더 PC-P900W: 이 제품은 네모, 원형 라벨 스티커 모두 제작할 수 있어요.
​
위 제품들은 모두 업소용으로 제작되어 많은 양의 스티커를 제작할 수 있어요.
사용자님의 취향에 맞는 제품을 선택하시면 좋을 것 같아요.
그럼, 멋진 부업 성공하시길 응원할게요!
#AI답변
새 창
#라벨스티커
새 창
#부업
새 창
#엡손
새 창
#브라더
새 창
2024.11.14.
지식이는 데이터를 기반으로 AI답변을 제공합니다. AI답변에는 부정확한 정보나 불쾌감을 주는 표현이 포함될 수 있으며, 이는 NAVER의 입장을 대변하지 않습니다. 잘못된 지식이 답변을 제보해주시면 지식이의 AI답변 성능 개선에 활용하겠습니다.
지식이 답변을
UP/DOWN
으로 평가해 주세요! 지식이보다 정확한 내용을 알고 있다면 답변으로 남겨주세요!
닫기
UP
DOWN
댓글
메뉴 더보기
신고","... 위 제품들은 모두 업소용으로 제작되어 많은 양의 스티커를 제작할 수 있어요. 사용자님의 취향에 맞는 제품을 선택하시면 좋을 것 같아요. 그럼, 멋진 부업 성공하시길 응원할게요!",기타,etc,kin,https://kin.naver.com/qna/detail.naver?d1id=3&dirId=31302&docId=477752495&qb=67aA7JeFIOyEseqztQ==&enc=utf8,
kin_090,공무원 준비중 부업,"3번째 답변
삶의시인
절대신
2019 경제 분야 지식인
#공무원1위 #공무원시험블로그 #YouTube지식인TV
공무원 1위 분야에서 활동
본인 입력 포함 정보
상세 안내 툴팁 보기
지식iN 서비스 질문 답변 페이지 및 프로필의 답변자 정보에 노출되는 답변자의 회사, 학교, 자격 등의 정보는 본인이 지식iN 프로필 수정을 통해 직접 입력한 정보입니다.
네이버는 사용자가 등록한 정보 및 게시물을 제공하는 정보매개 서비스 제공자로서 해당 정보의 정확성, 신뢰성 및 최신성에 대해 보증하지 않습니다.
닫기
상관없습니다. 나중에 발령나서 출근할때부터는 겸업이 안됩니다.
2018.12.01.
채택
질문자가 채택한 답변입니다.
UP
DOWN
댓글
메뉴 더보기
신고
---
1번째 답변
초단기억대연봉달콤쑤
초인
아르바이트, 구인구직사이트 21위, 마케팅, 영업 분야에서 활동
본인 입력 포함 정보
상세 안내 툴팁 보기
지식iN 서비스 질문 답변 페이지 및 프로필의 답변자 정보에 노출되는 답변자의 회사, 학교, 자격 등의 정보는 본인이 지식iN 프로필 수정을 통해 직접 입력한 정보입니다.
네이버는 사용자가 등록한 정보 및 게시물을 제공하는 정보매개 서비스 제공자로서 해당 정보의 정확성, 신뢰성 및 최신성에 대해 보증하지 않습니다.
닫기
답변 남기겠습니다:)
준비하시면서 부업을 하시는건 문제없으신데,
합격후에 부업을 하시는건, 일단 공무원은 투잡이나 그런게 되지 않으시기에,
따롸 수.익받는 통.장을 다른분걸로 해놓으셔야하신답니다^^
2018.12.01.
UP
DOWN
댓글
메뉴 더보기
신고
---
2번째 답변
크리테리움차차
지존
eXpert
본인 입력 포함 정보
상세 안내 툴팁 보기
지식iN 서비스 질문 답변 페이지 및 프로필의 답변자 정보에 노출되는 답변자의 회사, 학교, 자격 등의 정보는 본인이 지식iN 프로필 수정을 통해 직접 입력한 정보입니다.
네이버는 사용자가 등록한 정보 및 게시물을 제공하는 정보매개 서비스 제공자로서 해당 정보의 정확성, 신뢰성 및 최신성에 대해 보증하지 않습니다.
닫기
합격 전까지는 상관 없으십니다
합격 후에 투잡으로 계속 하시려면
통장을 가족분 껄로 변경하셔서 받으세요
제 지인 중에는 구청 공무원 퇴근 후에
스시집 운영하시면서 직접 회 뜨고 있습니다
2018.12.01.
UP
DOWN
댓글
메뉴 더보기
신고
---
4번째 답변
최은
고수
본인 입력 포함 정보
상세 안내 툴팁 보기
지식iN 서비스 질문 답변 페이지 및 프로필의 답변자 정보에 노출되는 답변자의 회사, 학교, 자격 등의 정보는 본인이 지식iN 프로필 수정을 통해 직접 입력한 정보입니다.
네이버는 사용자가 등록한 정보 및 게시물을 제공하는 정보매개 서비스 제공자로서 해당 정보의 정확성, 신뢰성 및 최신성에 대해 보증하지 않습니다.
닫기
저도 공무원시험 준비하던중에 뭐라도 해야할것 같아서 부업 시작해서 했었어요 다만 합격되시면 투잡이 안되는걸로 알고있어요
다른분 통장으로 받는것도..몰래하면 되긴하겠지만 혹시나 모르는일이라 굳이 추천드리고싶진 않아요ㅠ
공무원 시험도 합격하시구 부업도 성공하시기 바랍니다
2018.12.01.
UP
DOWN
댓글
메뉴 더보기
신고",... 부업 시작해서 했었어요 다만 합격되시면 투잡이 안되는걸로 알고있어요 다른분 통장으로 받는것도..몰래하면 되긴하겠지만 혹시나 모르는일이라 굳이 추천드리고싶진 않아요ㅠ 공무원 시험도 합격하시구 부업도 성공하시기 바랍니다,기타,etc,kin,https://kin.naver.com/qna/detail.naver?d1id=6&dirId=60219&docId=315606081&qb=67aA7JeFIOyEseqztQ==&enc=utf8,
kin_091,"창업,부업 찾고 있으신 분들께 정말 묻고 싶습니다.",,... 창업이나 부업해서 성공하거나 돈 벌고 싶으신게 맞냐는 겁니다. 그렇게 번 돈으로로 가족들과 화목한 가정을 꾸리고 100세시대의 노후를 준비하고 싶으신 간절함이 있으신가 말입니다... 외람 되지만 저는 정말 그런분은 눈 씻고 봐도...,기타,etc,kin,https://kin.naver.com/qna/detail.naver?d1id=4&dirId=407&docId=163340454&qb=67aA7JeFIOyEseqztQ==&enc=utf8,
kin_092,"부업 알바 사기 후 대포통장 명의자 검거, 소송을 통한...","1번째 답변
로톡
변호사
열심답변자
본인 입력 포함 정보
상세 안내 툴팁 보기
지식iN 서비스 질문 답변 페이지 및 프로필의 답변자 정보에 노출되는 답변자의 소속 정보는 소속 단체를 통해 입력된 정보입니다.
네이버는 사용자가 등록한 정보 및 게시물을 제공하는 정보매개 서비스 제공자로서 해당 정보의 정확성, 신뢰성 및 최신성에 대해 보증하지 않습니다.
닫기
# 법무법인 공명 | 김준성 변호사
#
[변호사 프로필보기]
|
[더 많은 변호사 답변 보기]
#
질문글 원문 링크 < 클릭
안녕하세요. 법무법인 공명의 <김준성 파트너 변호사>입니다.
1. 전형적인 부업 사기수법에 당하셔서 금전적인 피해를 입으신 것으로 보여집니다. 최근 부업 사기 등의 수법이 활성화 되며 본건과 유사한 범죄피해자들이 많아지고 있습니다. 처음 이체 당시 상대방들이 어떠한 말을 하며 돈을 이체 받았는지 등을 확인하여 사기죄, 전자금융거래법위반죄 등으로 고소를 하셔야 할 사안입니다. 의견서를 통해 수사를 촉구 해야 합니다.
2. 따라서 현 단계에서 상담자분은 상대방을 상대로 사기죄로 고소하실 필요성이 매우 높습니다. 고소 이후 수사과정에서 상대방의 혐의가 인정 된다면 합의를 통해서 모든 피해를 회복 하실 수도 있습니다. 피해금액이 적지 않아 실형이 선고될 위험성도 높기 때문에 돈을 마련해 올 가능성이 높습니다.
3. 이에 관련 사건의 경험이 많은 형사전문 변호사를 고소 대리인으로 선임하여 가능한 빠른 시일 내에 가해자에 대한 형사고소를 하시는 것이 좋습니다. 이런 사건의 경우 주범을 검거하기 힘들다는 말이 많으나, 본 변호사가 진행 중인 유사 사건이 수십건에 달하는데 최근 피의자들이 검거되는 사건들이 늘어나고 있어 희망적인 상황입니다. 빠른 대처를 하신다면 피의자 특정의 가능성도 높아질 수 있습니다(그 가능성을 높이기 위해 변호인 의견서가 제출되어야 합니다).
4. 사기죄와 같은 재산범죄 사건의 경우 가해자가 처벌 받는다고 해서 상담자분의 피해금액이 회복되는 것은 아니기 때문에 이보다는 피해자의 피해 회복이 중요합니다. 이에 수사단계에서 합의를 통해 적절한 합의금(피해 금액, 변호사 선임비용 등)을 지급 받고 원만히 합의에 이르는 것이 가장 좋은 결과가 될 것입니다. 본 변호사는 상담자분과 같이 재산범죄의 피해를 입으신 분들의 대리인으로 사건을 진행해 합의금을 모두 지급 받고 사건을 마무리 한 성공사례를 보유하고 있습니다.
5. 본 변호사는 대한변호사협회에 등록된 형사전문(등록번호 제2019-297호) 변호사입니다. 추가 상담 진행해주세요.
# 지식iN 변호사 답변은 로톡과 네이버의 콘텐츠 제휴를 통해 변호사가 직접 정확하고 신뢰할 수 있는 답변을 전달해 드립니다.
# 로톡은 법무법인이나 법률사무소가 아니며, 법률사무를 제공하지 않습니다. 모든 법률상담은 로톡을 이용하는 각 변호사 회원이 직접, 독립적으로 수행합니다.
-
변호사와 의뢰인을 더 가까이, 로톡
2024.11.04.
본 답변은 참고용이며, 답변을 제공한 개인 및 사업자의 법적 책임이 없습니다.
자세한 사항은 법률사무소를 방문하여 법률상담을 하시기 바랍니다. 구체적인 사실과 정황 등에 따라 법규정 해석 등에 이견이 있을 수 있으며 상이한 댓글을 모두 수렴하지 않습니다.
펼쳐보기
UP
DOWN
댓글",부업알바 (팀미션)사기로 지난 8월 14일부터 15일까지 이틀에 걸쳐 대포통장으로 4500만원 가량을 입금하였습니다. 10월... 한 성공사례를 보유하고 있습니다. 5. 본 변호사는 대한변호사협회에 등록된 형사전문(등록번호 제2019-297호)...,기타,etc,kin,https://kin.naver.com/qna/detail.naver?d1id=6&dirId=60215&docId=477481459&qb=67aA7JeFIOyEseqztQ==&enc=utf8,
cafe_051,"50대 부업 성공사례, 두 달 만에 수익 낸 비결은?",,요즘 은퇴 준비나 노후 대비 때문에 50대 부업 성공사례를 찾는 분들이 정말 많더라구요. 그래서 오늘은... 특히 신뢰 기반 콘텐츠나 후기형 글 작성에 강점이 있어 온라인 부업에서 경쟁력이 있습니다. 최근에는 디지털...,콘텐츠,content-sns,cafe,http://cafe.naver.com/koarane/421413,
cafe_052,"무자본 부업 성공사례, 집에서 시작한 리얼 후기 공개",,"무자본 부업 성공사례, 집에서 시작한 리얼 후기 공개 혹시 이웃님들 중에 돈 없이 시작할 수 있는 부업 찾고 계신 분들 있으신가요? 요즘은 진짜 무자본으로도 수익을 낼 수 있는 방법들이 많아지면서 관심이 엄청...",기타,etc,cafe,http://cafe.naver.com/uouv96/9497,
cafe_053,"요즘 뜨는 주부 재택부업 BEST, 실제 수익 후기까지 정리!",,"저도 후기 보면서 점점 확신이 생기더라구요! ◆주부 재택부업 성공 포인트◆ 가장 중요한건 “꾸준함”이에요. 하루 30분이라도 계속 이어가는 게 핵심이에요. 그리고 처음부터 완벽하게 하려고 하기보다는, 쉽게...",기타,etc,cafe,http://cafe.naver.com/koarane/568762,
cafe_054,수원부업 성공한 사람들의 공통점은?,,"───────────────── [# 부업으로 성공하는 사람들의 공통점은?] 제가 만나본 부업 성공자... 맘들 부업 후기 한눈에!] 수원맘카페에서 활동하면서 여러 후기 봤는데요~ ""하루 1~2시간 투자해서 블로그 수익...",블로그,content-sns,cafe,http://cafe.naver.com/koarane/381015,
cafe_055,부업으로성공한사람 얘기 듣고 자극 제대로 받았어요,,"그래서 오늘은 제가 직접 듣고, 찾아보고, 정리한 부업 성공사례를 공유해보려구요. ───────────────── [# 시간 없이도 수익낸 진짜 후기] 그 지인 분은 아이 둘 키우는 엄마였는데요. 낮에는 집안일...",기타,etc,cafe,http://cafe.naver.com/koarane/295735,
cafe_056,손부업 알바로 투잡 성공한 후기 공유해요,,"손부업 알바로 투잡 성공한 후기 공유해요 요즘 회사일 끝나고도 뭔가 더 하고 싶은 마음이 들더라구요. 물가도 너무 오르고, 애들 학원비도 만만치 않아서… 그래서 퇴근 후 잠깐 시간 내서 할 수 있는 손부업 알바를...",기타,etc,cafe,http://cafe.naver.com/koarane/381068,
cafe_057,현실적인부업 성공한 사람들 공통점 알아보기,,"진짜 ‘현실적인부업’이라는 이름에 딱 맞는 느낌이었어요 ───────────────── [*부업 성공하는 사람들은 이런 루틴이 있대요*] 제가 찾아본 후기들 보면, 장기적으로 수익 나는 사람들 특징이 있어요....",기타,etc,cafe,http://cafe.naver.com/koarane/213252,
cafe_058,"집에서 하는 부업, 재택부업 7만원 후기!",,"집에서 하는 부업을 시작할 때 중요한 건 너무 큰 수익을 기대하기보다 작은 성공 경험을 쌓아가는 겁니다. 재택으로 첫 수익을 내면 자신감이 생기고, 집에서 하는 다음 단계로 자연스럽게 넘어갈 수 있어요. 집에서 하는...",기타,etc,cafe,http://cafe.naver.com/chocammall/12337803,
cafe_059,"챗GPT 부업, 성공 루틴 정말 있을까요?",,제대로 된 챗GPT 부업 성공 루틴 같은 게 있을까요? 챗GPT 부업으로 실제로 돈 벌어보신 분 계실까요? 어떤... 현실적인 조언 부탁드려요. 주의할 점이나 꼭 알아야 할 팁이 있다면 솔직한 후기 들려주시면 감사하겠습니다.,기타,etc,cafe,http://cafe.naver.com/koarane/123676,
cafe_060,50대부업 부담 없이 시작 가능한 현실적인 방법 정리,,또 집에서도 자유롭게 가능하다는 점 때문에 만족도 높다는 후기들도 꽤 많았습니다. 실제로 50대 이후 처음... 있더라구요 ◆50대부업 성공하려면 중요한 부분◆ 처음부터 너무 큰 목표 잡기보다는 작은 수익부터 차근차근...,기타,etc,cafe,http://cafe.naver.com/uouv96/3651,
cafe_061,수익 구조를 제대로 이해하면 부업 성공이 쉬워요.,,수익 구조를 제대로 이해하면 부업 성공이 쉬워요. ───────────────── 안녕하세요 여러분... ───────────────── [퍼널 마케팅 후기] 저는 퍼널을 적용한 자동화 시스템을 사용하고...,기타,etc,cafe,http://cafe.naver.com/koarane/242518,
cafe_062,온라인마케팅으로 투잡과 부업까지 동시에 성공한 후기,,온라인마케팅으로 투잡과 부업까지 동시에 성공한 후기 요즘 직장인 사이에서 온라인마케팅으로 부업이나 투잡을 하는 분들이 많죠? 저도 직장 다니면서 수익을 조금이라도 늘리고 싶어서 시작하게 되었어요. 처음엔...,기타,etc,cafe,http://cafe.naver.com/koarane/86395,
cafe_063,스마트스토어부업 성공하려면 이건 꼭 봐야 함,,스마트스토어부업 성공하려면 이건 꼭 봐야 함 요즘 스마트스토어부업 관심 있는 사람 진짜 많더라구요.... 꾸준히 운영하면서 자동화 시스템을 제대로 돌리면 진짜 월천도 가능하다는 후기도 꽤 많았어요...,스마트스토어,online-commerce,cafe,http://cafe.naver.com/koarane/185663,
cafe_064,주부부업 이거 하나로 진짜 투잡 성공했다는 후기 봤어요,,"주부부업 이거 하나로 진짜 투잡 성공했다는 후기 봤어요 요즘 주변 육아맘들 사이에서 제일 핫한 주제가 뭔지 아세요? 바로 '주부부업'이에요ㅎㅎ 특히 육아하면서 시간 맞춰 출퇴근하는 건 너무 어렵다보니, 집에서 할 수...",기타,etc,cafe,http://cafe.naver.com/koarane/62224,
cafe_065,만들기부업 손으로 벌어본 현실적인 부업 후기,,"───────────────── [만들기부업으로 수익 낸 사람들 이야기] 후기들을 보면 꾸준히 오래... 실제로 50대, 60대 분들 성공 사례도 많다는 얘기 듣고 좀 놀랐어요...",기타,etc,cafe,http://cafe.naver.com/koarane/339221,
cafe_066,쿠팡 손부업 후기 장단점,,"--- 쿠팡 손부업 후기, 성공 팁 정리 마지막으로 쿠팡 손부업 후기를 통해 알게 된 성공 팁을 정리해볼게요. 첫째, 꾸준함이 가장 중요합니다. 둘째, 인기 상품과 계절 트렌드를 잘 파악해야 합니다. 셋째, 단순히 수익만 보지...",기타,etc,cafe,http://cafe.naver.com/2022star/35162,
cafe_067,⭐️부업열심히히님 공차기 성공 후기,,"카페에서 처음 부탁드려서 떨렸는데, 바로 성공 감사합니다 부업열심히히님 최고 또 연락드리겠습니다❤️",기타,etc,cafe,http://cafe.naver.com/tiktoklitek/6378,
cafe_068,블로그부업 후기 찾아보다 알게된 현실,,"블로그부업 후기 찾아보다 알게된 현실 음... 요즘 진짜 블로그부업 후기가 너무 많길래 저도 혹해서... ───────────────── [# 내 주변에 성공한 사례도 있음!!] 진짜 놀란 게, 제 친구 중에 육아하면서...",블로그,content-sns,cafe,http://cafe.naver.com/koarane/297696,
cafe_069,손부업 성공하려면 꼭 알아야 할 점,,"───────────────── [리뷰 보면 진짜 도움이 되는 이유] 손부업은 실제 후기가 제일 도움이 돼요. 단순 광고성 글 말고, ‘얼마 벌었는지/시간 얼마나 걸렸는지’ 솔직하게 남긴 후기들요. 그걸 보면 어떤...",기타,etc,cafe,http://cafe.naver.com/koarane/199366,
cafe_070,포장 부업알바 안전하게 성공한 후기,,"퇴근 후에 할 수 있는 걸 찾아보다가 포장부업알바를 검색했는데, 생각보다 준비 과정도 복잡하고... 처음엔 의심도 많이 했는데 직접 써보니 이게 훨씬 현실적인 포장부업알바 느낌이었어요. 따로 물건을 포장하거나...",기타,etc,cafe,http://cafe.naver.com/rc003/303072,
cafe_071,집에서 돈버는법 부업 성공하는 방법,,스마트폰만 있으면 어디서든 가능한 방식이라 직장인이나 주부 등 집에서 부업 찾는 분들에게 잘 맞는 것... 꾸준히 하면 확실히 결과가 보이는 부업이라 집에서 부업 고민하는 분들께 자신 있게 추천드리고 싶어요.,기타,etc,cafe,http://cafe.naver.com/rc003/304379,
cafe_072,가내부업으로 집에서 부수입 만들기 성공한 썰,,"가내부업으로 집에서 부수입 만들기 성공한 썰 요즘 물가도 장난 아니고, 애 키우면서 한 푼이라도 더 벌어야겠다는 생각이 강해졌어요. 밖에 나가긴 어렵고, 시간도 애매하니까 '가내부업'이 딱 좋더라구요. 그래서...",기타,etc,cafe,http://cafe.naver.com/koarane/255758,
cafe_073,퇴근 후 1시간으로 가능? 당근마켓부업 성공 노하우 공개,,"당근마켓부업 성공 노하우 공개 혹시 요즘 ‘당근마켓부업’이라는 말 들어보셨어요? 저도 처음엔 그냥... 그래서 저도 궁금해서 직접 해보고, 주변 사람들 후기까지 싹 다 찾아봤어요ㅎㅎ 오늘은 제가 직접 겪은...",기타,etc,cafe,http://cafe.naver.com/koarane/73847,
cafe_074,집에서하는손부업으로 용돈벌기 성공한 후기 봤어요,,"집에서하는 손부업으로 용돈벌기 성공한 후기 봤어요 요즘 진짜 주변에 “집에서하는손부업”으로 돈 버는 사람들 많더라구요. 저도 처음엔 “설마 그게 진짜 돈이 돼?” 싶었는데, 실제로 해본 지인 얘기 듣고 완전...",기타,etc,cafe,http://cafe.naver.com/koarane/63698,
cafe_075,"주부부업 추천, 하루 30분으로 시작하는 방법",,"이 부분이 가장 매력적으로 느껴졌습니다 ◆주부부업 성공하는 꿀팁◆ 한 가지 방법에 집중해서 꾸준히 하는... 후기를 보면 단순 복사 붙여넣기만으로 수익이 발생했다는 사례도 많고, 실제로 3일 만에 첫 수익을 낸...",기타,etc,cafe,http://cafe.naver.com/cafemakecafebest/22489,
cafe_076,"부업 창업, 성공을 향한 첫걸음",,"인터넷에서 이것저것 찾아보다가 우연히 한 카페에서 'OOO 부업 창업'이라는 이야기를 접하게 됐습니다. 처음에는 이게 정말 도움이 될까 싶어서 반신반의했지만, 몇몇 후기들을 보고 나니 조금 기대가 생기더라고요....",기타,etc,cafe,http://cafe.naver.com/coolishz/783955,
cafe_077,[핫딜] AI 신세계 부업 미리캔버스 기여자 디자인허브 전자책과 200개 황금키워드 후기와 추천 이유,,"이 제품을 추천하는 또 다른 이유는, 실제 사용자들이 후기에서 ""쉽게 배워서 바로 수익이 났다""는 경험담이 많기 때문이에요. 혹시, 내가 만든 콘텐츠로 부업 성공의 꿈을 이루고 싶다면, 이 제품이 정말 좋은 선택이 될...",콘텐츠,content-sns,cafe,http://cafe.naver.com/pistolmtb/11731,
cafe_078,주부부업 성공하려면 동선관리 필수래요,,혹시 요즘 주부부업 찾는 분들 많다는 얘기 들으셨나요? 저도 애 키우면서 수입 하나 더 만들고 싶어서... ───────────────── [실제로 퍼널마케팅 한 사람들의 후기들] 60대 분들도 성공사례가 많대요...,기타,etc,cafe,http://cafe.naver.com/koarane/178890,
cafe_079,모바일부업 후기 폭발! 진짜 수익 나오는 방법은 따로 있대요,,"모바일부업 후기 폭발! 진짜 수익 나오는 방법은 따로 있대요 요즘 진짜 핫한 게 뭐냐구요? 단연코... 전업주부, 직장인, 심지어 60대 분들까지도 성공 사례가 많다니까요? 나도 더 제대로 배워보고 싶다구요ㅎㅎ...",기타,etc,cafe,http://cafe.naver.com/koarane/310622,
cafe_080,"블로그 공식 작성법, 제대로 배워서 부업 성공할 수 있을까요?",,정말 확실하게 성공할 수 있는 블로그 공식 작성법 같은 게 있다면 좋겠는데 말이죠. 블로그 공식 작성법을 제대로 배우려면 어떤 교육 과정이 좋을까요? 혹시 경험자분들 중에 블로그 글쓰기를 통해 실제로 부업으로...,블로그,content-sns,cafe,http://cafe.naver.com/koarane/104390,
cafe_081,스레드수익화로 부업 성공한 사람들이 공통으로 말한 한 가지,,"스레드수익화로 부업 성공한 사람들이 공통으로 말한 한 가지 혹시 요즘 SNS에서 스레드 수익화 관련된 글... 나고, 부업으로도 딱이라는 후기들이 많아요~ ───────────────── 저도 진짜 반신반의...",기타,etc,cafe,http://cafe.naver.com/koarane/238784,
cafe_082,소자본부업 성공한 사람들은 뭘 다르게 했을까?,,소자본부업 성공한 사람들은 뭘 다르게 했을까? 혹시 요즘 부업 생각 중이신 분들 계세요? 특히 소자본으로... ───────────────── [ 실제 후기: 소자본부업으로 매달 100만 원 찍은 언니!] 제 친한 언니는...,기타,etc,cafe,http://cafe.naver.com/koarane/29180,
cafe_083,"재택부업, 집에서도 현실적으로 돈 버는 방법 총정리",,"◆재택부업 성공의 핵심 전략◆ 가장 중요한 건 ‘꾸준함’과 ‘집중력’입니다. 처음에는 작은 수익이라도... 실제 후기를 보면 50대, 60대 분들도 수익을 내고 있고, 몇 달 만에 큰 수익을 만든 사례도 많다고 하더라구요....",기타,etc,cafe,http://cafe.naver.com/cafemakecafebest/36859,
cafe_084,스마트스토어부업으로 투잡 성공한 직장인 후기 들어봄.,,스마트스토어부업으로 투잡 성공한 직장인 후기 들어봄. 요즘 직장 다니면서 투잡 하시는 분들 진짜 많잖아요? 저도 마찬가지였어요! 월급만으로는 도저히 여유가 안 생기더라구요...ㅠㅠ 그래서 이것저것 알아보다가...,스마트스토어,online-commerce,cafe,http://cafe.naver.com/koarane/101739,
cafe_085,시니어롱폼숏폼부업으로 투잡 성공한 지인 후기 들려드림,,"시니어롱폼숏폼부업으로 투잡 성공한 지인 후기 들려드림 회사 후배 한 명이 퇴근 후에도 뭔가 열심히 하더라구요. 처음엔 유튜브 편집이라길래 ""그게 돈이 돼?"" 싶었는데, 지금은 제가 먼저 배우고 있을 줄은...",유튜브,content-sns,cafe,http://cafe.naver.com/koarane/119274,
cafe_086,집에서하는부업 아직도 고민만 하세요?,,집에서하는부업 성공을 위해서는 전략적인 접근이 꼭 필요하답니다. 수익 극대화 체크리스트 ✅ 사람들이 많이 검색하는 황금 키워드 선점하기 ✅ 직접 써본 리얼한 내돈내산 후기 사진 활용하기 ✅ 실시간 할인 특가 및...,기타,etc,cafe,http://cafe.naver.com/silver0989/4485,
cafe_087,"블로그지수 확인, 이거 제대로 해야 부업 성공한다던데 맞나요?",,"부업이나 알바라도 해서 생활비라도 보태고 싶은데, 막상 시작하려니 뭘 해야 할지도 모르겠고, 특히... 확실히 성공 가능한 블로그지수 확인 방법이 있었으면 좋겠어요. 블로그지수 확인, 도대체 뭘 봐야 하는 건가요?...",블로그,content-sns,cafe,http://cafe.naver.com/koarane/238277,
cafe_088,AI 자동화 부업으로 온라인 수익 만드는 현실적인 방법,,"◆AI 자동화 부업 성공하려면 중요한 것◆ AI 자동화만 믿고 아무 콘텐츠나 올리는 방식은 생각보다 효과가... 나온다는 후기도 많더라구요. 심지어 50대, 60대 분들도 쉽게 따라 할 수 있을 만큼 방법이 간단하다는 이야기도...",콘텐츠,content-sns,cafe,http://cafe.naver.com/koarane/438307,
cafe_089,리셀부업 후기 | 진짜 돈 되는 아이템과 자동화 재택부업 추천,,리셀부업 후기 | 진짜 돈 되는 아이템과 자동화 재택부업 추천 요즘 부업 찾는 분들 정말 많죠? 저도 퇴사... 60대분들도 성공 사례 다수 광고비 거의 안 들고 자동 수익 발생 “이건 투자라기보다 시스템 세팅”이라는...,기타,etc,cafe,http://cafe.naver.com/koarane/34081,
cafe_090,네이버블로그만들기 부업으로 성공하는 방법 공유,,"제가 처음 시작할 땐 ‘직장인부업후기’로 올렸는데, 그 글 하나 덕분에 블로그 지수 확 올라갔어요 솔직히 이거 알았으면 좀 더 빨리 시작했을 텐데... 아쉽 ㅎㅎ ───────────────── [# 블로그만들기...",블로그,content-sns,cafe,http://cafe.naver.com/koarane/76411,
cafe_091,AI프롬프트부업후기 유튜브 광고 보고 직접경험 후기,,이건 초보 부업러에겐 너무 가파른 방식이더라구요. ───────────────── [실패 이야기가 잘 안 보이는 이유] 유튜브에는 성공 사례만 남아요. 안 된 사람들은 조용히 빠지거든요. 그래서 나만 못하는...,유튜브,content-sns,cafe,http://cafe.naver.com/koarane/294641,
cafe_092,부업으로 시작하는 투잡의 모든 것,,"그러던 중 우연히 소셜미디어에서 “부업으로 성공하기”라는 포스트를 발견했어요. 부업을 시작한 친구의... 그 포스트를 통해 알게 된 서비스는 ‘부업 마스터 클래스’였습니다. 다양한 사람들의 후기를 읽고, 실제로 이...",기타,etc,cafe,http://cafe.naver.com/coolishz/787055,
cafe_093,고수익부업 성공하려면? 수입보다 ‘지속성’이 핵심이다,,수익이 안정되면 점차 규모를 확장하는 것이 이상적이다. 오늘부터 SNS 광고보다 신뢰할 수 있는 실제 후기 중심으로 부업 정보를 찾아보세요. 당장의 수익보다 꾸준히 이어가는 구조가 진짜 고수익부업의 시작입니다.,기타,etc,cafe,http://cafe.naver.com/zpvkdcom/16010,
cafe_094,투잡 당근마켓부업 성공하려면 중고거래보다 중요한 것 알려드림,,"혹시 당근마켓부업 시작하려는 분들 계신가요? 요즘 주변에 진짜 많더라구요~ 퇴근 후나 주말 시간 쪼개서... 이웃 후기나 평점을 관리하는 게 결국 거래 성공률을 좌우하더라구요~ 자주 올리고, 빠르게 응답하고, 약속 잘...",기타,etc,cafe,http://cafe.naver.com/koarane/101225,
cafe_095,자동화퍼널마케팅으로 부업 성공한 사람들의 진짜 후기 공개,,"자동화퍼널마케팅으로 부업 성공한 사람들의 진짜 후기 공개 요즘 제 주변에서 제일 많이 듣는 말이 뭔지 아세요? ""요즘은 무조건 자동화로 가야지~"" 이 말 진짜 많이 들려요ㅋㅋ 사실 저도 예전에는 그냥 sns 광고 정도만...",기타,etc,cafe,http://cafe.naver.com/koarane/347121,
cafe_096,부업사이트 하나 잘 골랐더니 인생 바뀌었어요,,"그래서 ‘사이트 선택’이 부업 성공의 절반이라는 말, 이제는 진짜 공감해요 ───────────────── [# 믿을만한 부업사이트 고르는 기준] 제가 기준 삼았던 건 세 가지예요. 1. 후기 많은 곳 2. 실명이...",기타,etc,cafe,http://cafe.naver.com/koarane/294898,
cafe_097,마늘까기부업 실제후기 찾다 놀란 상황,,"───────────────── [마늘까기부업 실제 후기들 보면?] 인터넷카페 후기들 보니까 손... 초보자, 50대, 60대 분들도 성공사례가 계속 나오고 있다고 하더라구요. 한 번 세팅해두면 꾸준한 자동수익까지...",기타,etc,cafe,http://cafe.naver.com/koarane/198443,
cafe_098,"재택부업 추천 현실 후기, 실제로 많이 하는 부업 정리",,본인의 성향에 맞는 부업을 선택하는 것이 장기적으로 성공할 가능성이 높습니다. ◆ 재택부업 수익 구조... 실제로 재택부업을 시작한 분들의 후기를 보면 처음에는 작은 수익부터 시작하지만 점점 수익이 늘어나는...,기타,etc,cafe,http://cafe.naver.com/koarane/449895,
cafe_099,요즘 50대부업 검색만 하다 하루가 다 가네요ㅠㅠ,,그래도 가만히 있을 수는 없어서 매일같이 50대부업 후기를 찾아보고 있어요. 예전에 온라인으로 할 수 있다는... 일이 있다면 다시 도전해보고 싶어요. 확실하게 성공 사례가 보이는 현실적인 부업이 없을까요? 꼭 찾고 싶어요~,기타,etc,cafe,http://cafe.naver.com/koarane/371657,
cafe_100,"직장인부업 추천과 실전 활용법, 소득 올리는 전략 가이드",,작성과 후기 활동을 했습니다 혹시 ‘시간이 부족하면 못할 텐데’ 걱정되시죠 핵심은 짧은 시간이라도 꾸준히 하는 것입니다 작은 노력이라도 반복하면 안정적 수익으로 이어집니다 시간 관리가 부업 성공의 핵심이라는...,기타,etc,cafe,http://cafe.naver.com/koarane/59679,
cafe_101,50대부업 찾는 분들이 자주 묻는 현실적인 질문들,,"50대 부업 후기 믿을 수 있나?] 후기 볼 땐 ‘어디에서 수익이 났는지’, ‘어떤 방식으로 일했는지’를 꼭... 60대 이상도 성공사례 많고, 스마트폰만 쓸 줄 알면 누구나 도전 가능한 구조라서요!...",기타,etc,cafe,http://cafe.naver.com/koarane/239528,
cafe_102,천안부업 알아보다가 진짜 현실적인 방법 찾았어요,,"[실제 후기들 보면 공통점이 있어요] 천안부업 성공했다고 하는 분들 이야기 보면 공통점이 있더라구요. 처음부터 완벽하게 하려는 게 아니라, 시스템을 그대로 따라간다는 점이요. 혼자 끙끙대는 것보다 이미 만들어진...",기타,etc,cafe,http://cafe.naver.com/koarane/313413,
cafe_103,쿠팡배달부업 쉬운줄 알았는데 현실은 좀 다르더라..,,체력적으로 버거운 순간도 있더라구요ㅠ ───────────────── [# 쿠팡배달부업 후기들 보면... 기존 성공사례 그대로 따라할 수 있게 다 복제해주는 시스템이래요! 하루 30분 투자만으로도 수익 나게...,배달,platform-labor,cafe,http://cafe.naver.com/koarane/197766,
cafe_104,무자본부업 찾는다면 지금 이 방법이 제일 현실적이에요,,무자본부업 성공하려면 이건 꼭 지켜야 해요] 일단 ‘지속성’이 제일 중요해요. 무자본으로 돈 벌려면... 구조나 수익모델이 명확한지부터 체크해보세요 ───────────────── [# 실제 수익 후기 보면...,기타,etc,cafe,http://cafe.naver.com/koarane/249237,
cafe_105,"주부부업, 하루 1시간으로 소득 만드는 꿀팁",,작은 성공 경험이 쌓이면 점점 투자 시간도 늘리고 수익도 커지더라구요. 주변 주부분들도 이렇게 소규모로... [주부부업 후기] 온라인 커뮤니티나 SNS를 보면 주부부업 후기 글이 많이 올라와 있어요. 대부분 “짧은 시간...,기타,etc,cafe,http://cafe.naver.com/koarane/106447,
cafe_106,"직장인부업, 퇴근 후 1시간 투자로 시작하는 꿀팁 모음!",,"시간을 효율적으로 쪼개는 것이 부업 성공의 관건이에요. ───────────────── [경험자 후기] 최근 직장인부업을 시작한 30대 남성분은, “처음엔 막막했지만, 온라인 부업과 자동화 도구만 활용해도...",기타,etc,cafe,http://cafe.naver.com/koarane/215789,
cafe_107,퇴근 후 부업 종류 하루 30분 투자로 월급 외 50만 원 더 버는 법,,막상 해보니 투잡과 부업은 개념부터 시간 관리 방식까지 완전히 다르더라구요. 제가 직접 겪은 현실 후기와... ───────────────── ✅ 직장인 부업 성공 루틴 4가지 1️⃣ 퇴근 후 딱 1시간만 집중하기...,기타,etc,cafe,http://cafe.naver.com/koarane/294851,
cafe_108,"부업 창업, 나만의 성공 스토리 만들기",,그러던 중 우연히 인터넷에서 부업 창업 관련 정보를 찾게 되었어요. 다양한 블로그와 유튜브 채널을 통해 사람들의 성공 사례와 경험담을 접할 수 있었죠. 그중에서 '온라인 쇼핑몰 창업'이라는 아이디어가 눈에...,스마트스토어,online-commerce,cafe,http://cafe.naver.com/coolishz/786235,
cafe_109,가정부업으로 할 수 있는 현실적인 돈버는 방법 총정리!,,"특히 틈틈이 할 수 있고, 후기 관리만 잘하면 소개도 잘 된다고 하더라구요. 결국 '신뢰'와 '홍보'가 부업 성공의 핵심인듯요! ───────────────── 이상으로 ""가정부업""에 대해서 여러가지 정보를...",기타,etc,cafe,http://cafe.naver.com/koarane/241309,
cafe_110,주부부업 실제 후기 보니까 이게 제일 괜찮더라!,,주부부업 실제 후기 보니까 이게 제일 괜찮더라! 요즘 진짜 물가도 오르고... 생활비 감당이... 특히 저처럼 마케팅 몰랐던 주부들도 성공사례가 많아서 더 도전해볼 만했어요!...,기타,etc,cafe,http://cafe.naver.com/koarane/195367,
cafe_111,무자본부업으로 월 300 찍은 현실적인 방법,,"무자본부업 성공의 3가지 포인트] 1️⃣ 시스템 먼저 세팅하라 2️⃣ 자동화 툴 적극 활용하라 3️⃣ 매일... 부업’을 ‘자동수익 구조’로 만드는 비법이에요 ───────────────── [# 실제 후기, 진짜...",기타,etc,cafe,http://cafe.naver.com/koarane/71351,
cafe_112,부업 시작 전 꼭 알아야 할 온라인 전략,,"저도 이건 주변 지인 통해 듣고 진짜 공감했어요..ㅋㅋ ───────────────── [# 부업 성공하... 실제 후기를 보니까, 진짜 60대 분들도 수익 내시더라구요... 처음엔 반신반의했는데, 지금은 왜 이제 알았나...",기타,etc,cafe,http://cafe.naver.com/koarane/224634,
cafe_113,"에어비앤비부업, 50만원으로 시작해서 500 벌었다는 썰..",,"───────────────── [*실제 후기 : 50 투자 → 월 500 수익!?*] 이건 제가 커뮤니티에서 본... 저희 엄마 친구분이 60대인데도, 이걸로 부업 성공했다는 얘기 듣고 진심 놀랐어요! 그분은 복붙만 했다고...",기타,etc,cafe,http://cafe.naver.com/koarane/218967,
cafe_114,"퇴근 후 부업 시작법, 하루 30분으로 수익 올리는 비법!",,"───────────────── [ 부업 성공 사례 공유] 저처럼 평범한 직장인도 퇴근 후 부업으로 월... 실제 부업 경험자들의 생생한 후기와 팁을 확인할 수 있어요. 혼자 고민하며 시간을 낭비하기보다, 작은...",기타,etc,cafe,http://cafe.naver.com/koarane/53427,
cafe_115,"부업 시작하려다 실패한 이유, 이건 꼭 알아야 해요",,"[ 부업 성공 꿀팁 공개!] ✔️ 하루 루틴을 짜서 일정 시간만 투자하기 ✔️ 남들이 하라는 거 말고, 검증된 걸 선택하기 ✔️ 수익 구조가 ‘자동화’ 되어있는지 확인하기 ✔️ 사람들 후기 많은 시스템 먼저...",기타,etc,cafe,http://cafe.naver.com/koarane/223906,
cafe_116,누구나 할수 있는 부업 요즘 왜 이렇게 인기일까,,───────────────── [부업 성공하는 사람들의 공통점] 사실 대단한 비법이 있는 건 아닌 것... 있는 부업’이더라구요. 특히 60대 분들도 수익 내고 있다는 후기 보고 “아 이건 진짜 쉽구나” 하고...,기타,etc,cafe,http://cafe.naver.com/koarane/156491,
cafe_117,"쿠팡부업사기 피해 복구, 범죄 각본 분석 및 피해 대처 방안은",,"조직은 쿠팡 물류센터 아르바이트 후기 게시판, 재택부업 커뮤니티, 주부 대상 카페 등을 집중 모니터링하며... ◉ 3장 — 첫 미션, 성공을 경험하게 만드는 설계 참여 초반의 구조는 단순하고 수익이 납니다. ""쿠팡 앱에서...",기타,etc,cafe,http://cafe.naver.com/mjann/3746232,
cafe_118,"블로그 이웃 늘리기, 부업으로 가능할까요? 현실적인 조언 부탁드려요",,"정도 시간을 투자해야 하고, 어떤 콘텐츠를 만들어야 효과적일까요? 혹시 블로그이웃늘리기로 부업 성공하신 분 계실까요? 경험자분들의 솔직한 후기나 현실적인 조언, 주의할 점 같은 걸 알려주시면 정말 감사하겠습니다.",블로그,content-sns,cafe,http://cafe.naver.com/koarane/232642,
cafe_119,소자본부업 진짜 제대로 하려면 이것부터 알아야 하더라구요,,[소자본부업 성공한 사람들 특징이 있더라구요] 대부분 하나를 깊게 파고 ‘수익 루트’를 확실하게... 사람들 후기도 꽤 긍정적] “소자본인데도 구조 잘 잡으니까 수익 짭짤하다” “직장인이랑 병행하기 딱 좋다”...,기타,etc,cafe,http://cafe.naver.com/koarane/132728,
cafe_120,올해부업 성공하려면 이건 꼭 알아야 해요,,"올해부업 성공하려면 이건 꼭 알아야 해요 2026년이 밝았고, 벌써부터 ‘올해는 부업이라도 좀 제대로... ───────────────── [실제로 수익이 나고 있는 후기들] - 하루 2포스팅으로 3일 만에 첫 수익...",기타,etc,cafe,http://cafe.naver.com/koarane/292757,
cafe_121,"재택부업, 진짜 돈 되는 일만 추려봤어요",,✔︎ 장점: 한번 써두면 계속 수익 / 상위노출 구조 ✔︎ 팁: 정보글+후기 형식이 반응 좋아요... 실습 - 부업 성공 루틴 설정법 - 하루 30분 투자로 자동화하는 방법 - 챗GPT로 글 자동 생성하는 노하우까지! 복잡한 건 빼고...,기타,etc,cafe,http://cafe.naver.com/koarane/103740,
cafe_122,독일pm쥬스 후기 잘 쓰는법과 부업 성공팁,,독일pm쥬스 후기 잘 쓰는법과 부업 성공팁 안녕하세요 여러분~ 독일pm쥬스에 관심 있는 분들이 요즘 많더라구요 저도 여기저기서 물어보셔서 이번에 후기를 잘 쓰는 팁과 부업으로 활용할 수 있는 방법까지 같이...,기타,etc,cafe,http://cafe.naver.com/koarane/8945,
cafe_123,디자인부업으로 월수익 100만원 가능할까?,,저도 캔바 하나로 썸네일 만들다가 후기 남기고 입소문 타면서 의뢰 들어오기 시작했어요... 요즘은 카페마케팅 모르면 부업 성공 확률이 확 떨어지는 느낌이에요ㅋㅋㅋㅋ ──────── ───────── 지금...,기타,etc,cafe,http://cafe.naver.com/koarane/158476,
cafe_124,"요즘 부업사이트 찾는 사람들 진짜 많더라구요, 저도 그 중 한 명이었구요.",,"(진심 조심해야 해요) ● 선입금 요구 ● 수익 미지급 후기 다수 ● 관리자 실명·연락처 미공개... 이게 진짜 부업 성공의 핵심 키워드예요. ───────────────── 이상으로 ""부업사이트""에 대해서 여러가지...",기타,etc,cafe,http://cafe.naver.com/koarane/234016,
cafe_125,손부업나라 성공사례 보고 저도 도전해봤어요!,,"손부업나라 성공사례 보고 저도 도전해봤어요! 요즘 주변에서 손부업 이야기 진짜 많이 들리더라구요.... 그래서 어떤 부업인지, 얼마나 벌 수 있는지 직접 경험담이랑 후기들을 전부 정리해봤어요...",기타,etc,cafe,http://cafe.naver.com/koarane/52556,
cafe_126,부업추천해 드릴게요~,,[주변에 부업 성공한 사람들 보면 이거 공통] 1. 초반에 공부 제대로 함 2. 일단 해보면서 감 잡음 3. SNS나... 사람들 후기도 엄청 많더라구요~ ───────────────── 이 강의의 미친 장점들✨ 1. 마케팅...,강의,digital-products,cafe,http://cafe.naver.com/koarane/128939,
cafe_127,"탈잉 강사 등록, 부업으로 시작해도 성공할 수 있을까용?",,"탈잉 강사 등록, 부업으로 시작해도 성공할 수 있을까용? 안녕하세요~ 요즘 탈잉 강사 등록으로 부업... 저도 처음엔 1~2시간짜리 온라인 클래스부터 시작했는데, 점점 후기와 평점이 쌓이더라구요. 솔직히? 처음부터 큰...",기타,etc,cafe,http://cafe.naver.com/koarane/215972,
cafe_128,소자본부업으로 삶이 달라졌다는 이유,,"───────────────── [소자본부업 성공하려면 이것만은 꼭!] 첫째, 너무 많은 걸 욕심내지... [실제 후기에서도 공통적으로 말하는 부분] 주부, 직장인, 심지어 60대분들까지 “처음엔 무서웠는데 생각보다...",기타,etc,cafe,http://cafe.naver.com/koarane/42269,
cafe_129,"현직자가 말하는 영업 부업 성공 사례, 진짜일까요?",,"현직자가 말하는 영업 부업 성공 사례, 진짜일까요? ───────────────── 안녕하세요~ 요즘... ───────────────── [장점 & 후기] 1. 시간과 장소에 구애받지 않고 수익 가능 2. 초기 비용...",기타,etc,cafe,http://cafe.naver.com/koarane/353104,
cafe_130,재택부업 여러 번 실패하고 나서야 깨달은 현실,,"◆처음엔 진짜 후기인 줄 알았습니다◆ 처음 시작했던 재택부업은 후기글이 엄청 많았어요. ""일주일 만에 수익"", ""아이 키우면서 월수익"", ""직장인 투잡 성공"" 같은 글들이 계속 보이더라구요. 그런데 막상 들어가 보니...",기타,etc,cafe,http://cafe.naver.com/uouv96/8408,
cafe_131,주부부업 제대로 하면 생각보다 수익 꽤 나와요,,주부부업 성공하려면 결국 이거 하나더라] 결론적으로는 ‘지속가능성’이 핵심 같아요. 일시적으로 확 돈... 마케팅 후기랑 장점들 보니까 왜 다들 하는지 알겠더라] 가장 전환율 높은 마케팅 방식이라는 말이 괜히 있는...,기타,etc,cafe,http://cafe.naver.com/koarane/173657,
cafe_132,인스타 손부업 사기 피해 회복을 위한 실질적인 절차는,,인스타 부업 사기 흐름에서는 이러한 후기 형식의 접근이 자주 활용됩니다. 인스타 손부업 사기 상황에서는... 손부업 사기 구조에서는 이처럼 작은 성공 경험을 통해 신뢰를 강화하는 방식이 반복됩니다. 인스타 손부업...,콘텐츠,content-sns,cafe,http://cafe.naver.com/nds07/5447445,
cafe_133,"하루 30분 재택부업, 누구나 가능한 온라인 수익 만들기",,"◆재택부업 성공의 핵심 전략◆ 가장 중요한 건 ‘꾸준함’과 ‘집중력’입니다. 하루 30분이라도 꾸준히... 실제 후기를 보면 50대, 60대 분들도 수익을 내고 있고, 몇 달 만에 큰 수익을 만든 사례도 많다고 하더라구요....",기타,etc,cafe,http://cafe.naver.com/koarane/567218,
cafe_134,직장인재택부업 궁금하다면 요즘 핫한 온라인소득 이야기도 꼭 봐주세요^^,,노력 대비 성과가 빠르게 보인다는 후기도 꽤 많아요. 확실히 예전보다 부업 접근성이 쉬워진 건 맞는 듯요.... ───────────────── [직장인 부업 성공하려면 꼭 알아야 할 포인트] 짧은 시간이라도 매일...,기타,etc,cafe,http://cafe.naver.com/koarane/124229,
dc_001,오토바이는위험하니.전기자전거로 전업하고,,,,etc,dc,https://gall.dcinside.com/board/view/?id=de&no=516614,
dc_002,ㄹㅇ ㅋㅋ 노가다 좀만 하다가 부업성공이라도 하면투잡쎄리면 되는데,,,,etc,dc,https://gall.dcinside.com/board/view/?id=divination_new1&no=10726474,
clien_001,2025년엔 네이버 블로그로 부수입 만들어 봅시다.,,,,etc,clien,https://www.clien.net/service/board/lecture/18890796,
ppomppu_001,취준생 1시간 정도 일하고월매출1200만원창업함 ㄷㄷ67,,,,etc,ppomppu,https://www.ppomppu.co.kr/zboard/view.php?id=soho&no=26611,
dc_003,강의팔이에 속지 않는 워프 및 SEO 전문가 되어 방구석 탈출하는법!,"웹컨텐츠 제작으로 디지털노마드가 되기 위한 기초 지식 및 강의 사기 예방
어려운 시대를 사는 2030 세대의 아픔을 이용하는 성공팔이
강의 사기를 예방하고 방구석에서 분노하는 슬픈 디시인을 사회적으로 성장시켜 훌륭한 우파 디시인으로 거듭나게 하기 위함
블로그 관련 과장, 기망 광고 강의에 사기 당하지 않기 위한 체크포인트
수익인증 및 재력을 과시하는 온라인 강의 X
정확한 강의 커리큘럼을 공개하지 않는 강의 X
강사의 이력이 불분명한 강의 채널 X
후기와 평판이 상대적으로 너무 좋은 강의 X
스스로 관련 분야에 대한 정보를 파악하고 강사와 강의를 선별 할 수 있는 최소한의 관심과 노력을 행하는 능동적이 자세 O
웹 컨텐츠 생산자가 되기 위해 배경지식으로 알고 가야 할 것들
우선적으로 웹사이트 및 컨텐츠에 대한 DA 스폰서 광고 수익은 구글 검색 유입으로 이루어지는 것이 대부분인 상황이며, 빙 또는 기타 검색엔진은 유입이 낮고 광고 전환이 낮아 아직 까지는 서브로 보는 것이 좋다.
웹컨텐츠 제작자로 수익을 발생하기 위해서는 구글의 자연 검색 유입을 늘려야만 하는 것이 최종 목적이며, 유입을 발생하기 위해서는 검색 결과 상위 페이지에 있어야 사실상 유의미한 유입이 발생되기 때문에, 맹목적인 글쓰기 보다는 시장 트렌드를 분석하고 타겟층이 견고한 수요를 대상으로 집중 화되고 전문화된 컨텐츠를 제작하여야 하며, 컨텐츠 키워드를 세분화하여 전략적으로 컨텐츠를 생산, 게시해야 한다.
또한 위와 같이 하여야 하는 이유는 웹사이트의 권위성(특정 주제의 전문화)이 높아져 검색 노출에 유리할 수 있으며,
예를 들어 네이버 블로그 또한 같은 개념으로 뷰티블로그, 여행블로그, 맛집블로그 등으로 예를 들 수 있을 것이다.
권위를 높여야 하는 또 다른 이유는 자연 검색 유입이 높고, 특정 분야의 전문화된 블로그 또는 웹사이트라면 스폰서 게시물로 부가 수익을 취할 수 있으며, 이 또한 유튜브 CPM + 협찬 광고와 일맥 상통한다.
위 외에도 구글 SEO 있어서는 모바일 최적화, 응답 속도 등의 기술적인 웹사이트 최적화, 공유 확산, 제 3자 참조 등의 백링크와 링크빌딩 등 여러가지 고려할 사항이 많기 때문에 단순히 이러한 사전 지식이나 기반 기술의 전수가 전혀 없는 저급 강의 팔이들이 말하는 1일 1포스팅 식의 단순히 반복적인 저급 컨텐츠 제작으로는 그들이 말하고 홍보하는 목표 수익에 근처에도 가지 못하는 것이 현실이며, 노출 또한 되지 않아 유입 또한 저조한것이 현실이다.
참고로 그들이 말하는 고수익의 구글애즈 수익을 달성하기 위해서는 소규모 이상의 웹진(웹매거진 이하 웹진) 사이트를 구축하고, 작가, 편집자, 기획자 등 최소한의 인력이 구성되어야 하는 점이며, 단순히 한국 시장이 아닌 글로벌 시장 타겟으로한 영어 또는 다양한 언어로 제작된 컨텐츠를 생성해야, 월 수천에서 억대 수익이 가능하다는 점을 미리 인지하는 것이 현명하다.
물론 국내에서도 최상위급 트래픽을 얻는 다면 가능하겠지만 단순히 말해서 국내 시장을 타겟으로 하는 유튜버와 글로벌 타겟 유튜버와의 차이를 인지하면 이해가 쉬울 것이다.
참고로 현 글로벌 SEO 업계에서는 2023년 10월 즈음 HCU로 인한 구글 검색 알고리즘 이슈 및 AI스펨 필터가 맛이 가버림으로 대부분의 소형 웹진이나 블로거들은 구글 검색 유입이 급격히 줄어 들어 수익 또한 줄어든 관계로 인력 감축 및 사업을 종료하고 있는 중으로, 현재 개인이 들어와서는 답이 없는 끝물인 상황이다. 어느 정도 고수익을 유지하던
그들 또한 유튜브 같은 비디오 컨텐츠로 전향하는 시점에서 우후죽순 생기는 전문 지식이 낮은 워드프레스 강의 팔이들이 절대 현업에서
억대 수익을 얻고 있는 것이 말이 안 된다고 이야기하고 싶다.
하지만
장기적인 미래에 있어서 웹 검색과 문서 컨텐츠 또한 중요하기 때문에 시작하는 것을 반대하는 것은 아니며, 일단 초기에는 부업 개념으로 접근하는 것이 바람직하며, 협찬 수익은 초기에는 불가하므로 검색 기반의 유입으로 인한 구글애즈 광고 수입에 목적을 두는 것이 바람직하다.
컨텐츠 제작 및 SEO를 활용한 수익 창출을 위한 기본적으로 알아야 할 것 들
1. 웹서버 세팅
구글 또는 유튜브를 통해 무료로 쉽게 aws에서 제공하는 AMI 이미지를 활용해서 웹서버를 세팅하는 방법을 알아 볼 수 있다. SSL 발급 등과 같은 문제는 구글 검색을 조금만 해도 쉽게 접근이 가능하다. 도저히 이해가 안 되고 어렵다면, 워드프레스 닷컴에서 제공하는 저렴한 호스팅을 추천하지만 필자는 AWS를 배우고 활용하는 것을 추천한다. AWS는 프리티어를 사용하면 처음에는 무료로 사용이 가능하다.
2. 워드프레스와 같은 CMS를 활용한 웹사이트 구축
- 워드프레스를 대부분 추천하는 이유는 개발 지식이 없어도 생태계가 넓어 서드파티 플러그인을 사용하면, 웹사이트 최적화 및 SEO 최적화가 다른 것에 비해 월등히 생산성이 높기 떄문이다.

개발 지식이 있는 사람이라면 php, jsp, asp.net 등으로 직접 제작을 하던, 그누보드, 라이믹스 등의 다른 CMS를 활용해서 제작을 하던 컨텐츠 제작 및 SEO에 있어서는 웹사이트 개발 및 제작은 주된 영역이 아니며, 목적이 뚜렷한 양질의 컨텐츠가 더욱 중요하다.
3. 컨텐츠 제작을 위한 비디오, 이미지 편집 및 글쓰기 학습
- AI가 개발 되어서 보급 되기 전까지는 이미지 편집으로 포토샵과 같은 이미지 에디터와 함께 어느 정도 수준 이상의 작문 실력이 필요 하였지만 이 또한 GTP와 같은 AI툴로 컨텐츠 가이드라인을 잡기 쉽기 때문에 이 부분은 편리해 졌으나, 오히려 경쟁은 심화 되었기 때문에 고수준 컨텐츠를 제작하고 싶다면 어느 정도 독서와 함께 포토샵과 같은 이미지 에디터와 프리미어, 에프터이펙트 같은 영상 편집 툴 또한 배워 놓으면 좋을 것이며, 스테이블디퓨전, 미드저니와 같은 이미지, 비디오 생성 AI도 겸하면 더욱 좋을 것이다.
4. 구글에서 개발자 문서로 검색 알고리즘에 대해 기본적으로 이해하기
-
https://developers.google.com/search?hl=ko
-
https://www.google.com/intl/ko/sea",,,etc,dc,https://gall.dcinside.com/mgallery/board/view/?id=jachung&no=6489,
dc_004,팬픽 딜레마 1위후기및 앞으로의 계획에 대해서,"안녕하세요. 팬픽 딜레마 연재중인 지옥불반도에서 올라온
병원직원 매니저입니다.
네이버 웹소설 챌린지리그(자유연재) 에서 1위를 차지해
그 후기와 감사인사 올리고자. 그리고 후기에 대해서 적고자
합니다.
우선 소설을 쓰게 된 이유랄까 제 생애에 대해 말씀을 드리자면.
저는. 인천의 부평에서 살고있습니다.
고향은 경기 과천이라고. 공무원들이 많은 공무원 촌에서
태어났는데. 학창시절이 행복하지 못했습니다.
무엇보다 아버지가 보수적이고. 제가 여자라는 이유로 지원이나 그런걸 안해주셨기때문에 아버지하고 사이가 안좋아
지금 연락을 안한지 ... 조금 어느정도 됐습니다.
아버지하고 너무 악감정이 어렸을때부터 쌓일대로 쌓여서
그런것도 있었고요. 어머니랑 아버지가 정략결혼으로 만나셨는데. 늘 어머니가 희생하는 모습만 보여주셨기에
어머니의 희생을 보며 인생을 반성했습니다.
올해 수능을 봤는데. 내년초라도 호남에라도 대학을 가려고
엄마하고 얘기를 나눴는데, 어머님께서 ""너 미쳤어? 너네
아빠같은 남자만날래?"" 이러시길래, 순간 뭐지했는데
아버지가 호남사람인게 갑자기 기억나더라구요. ㅋㅋ....
아직까지도 오빠에게 악감정이 있는게. 아버지가 첫째라는
이유로 오빠에게 미대가라고 거의 1억을 썼습니다.
근데 전 딸이라는 이유로 투자나 지원을 아예 안해주시더라고요???
네, 그때부터 전 ""썅년"" 이 됬습니다.
아버지 연세가 내년이면 70입니다. 친가 분들이  모두 6.25를
경험했으며. 외가에는 북한에 억류당한 이산가족들이 있습니다. 또래 20대 애들과는 매우 다른 가정사. 그리고 부모님의 이러한 보수성으로 저는 혁명과 사상. 이론. 사회에 대해 관심을 가질수밖에 없었습니다. 특히 아버지의 이러한
성격이상의 원인이 궁금해 공부를 많이 했었는데, 아버지의
이야기를 들으면 그 당시 시대적 배경 상 많은 사람들이 일그러질수밖에 없었다.  싶더라구요.
아빠가 그때 말하던게 아직도 기억에 남습니다.
북한군이 공무원들과 군인. 교사와 같은 사회 핵심인물들을
모두 죽였고 가족들과 갓난 아기들도 총살을 시켰다고.
그러면서도 아버지가 북한하면 이를 아득 가시길래.
아 이건. 운명적인 원한이다. 어떻게 우리 세대에선 풀 방법이
없구나 싶었습니다. 특히 집안이 대대로 공무원이였기에 저희 집안 사람들은 1순위 총살대상이였으니깐요,
가족이 6.25 간접피해자라고만 말씀 드리면 될것 같습니다.
아무래도. 그런 가정사때문에 사회와 역사에 대해 공부를
할수밖에 없었고. 아버지 또한 그때의 피해때문에 편집증이
있으십니다.
저희 둘째 큰아버지는 영아기때 북한군에게 죽을뻔해. 집안 자체가 극도의 보수성을 띄고 있습니다. 갓난 아기였던 둘째 큰아버지를 북한군이 총기사격으로 사살을 시도했었다고 들었습니다. 그래서 사촌들부터 삼촌들까지 친가 사람들
모두가 북한에 대한 혐오 감정이 뼛 속 까지 가득 합니다.
매우 무겁고. 보통의 20대와는 다른 가정사입니다. 그래서 저는 어릴때부터 다른 또래에 비해 지나치게 현실적인 성격이 될수밖에 없던것 같습니다.
20살? 21살때 목포에 철학관을 하나 차렸는데 코로나때문에
망하고 다시 인천으로 돌아왔습니다.
머지않아 다시 개업할 생각입니다. 안그래도 엄마가 대학을 붙으면 대학 근처에 같이 집을 합치자, 하셔서. 알겠다. 붙이자곤 했는데, 엄마가 ""호남권 대학은 죽어도 안된다"", 고 하셔서... 지금 걱정이 많습니다, 원래 지망대학 세 군데가 다, 호남권 대학이거든요.
사실 어렸을때부터 인생을 생각할 시간이 많았습니다.
그래서 나름대로 자격증도 많이 땄어요. 민간이지만요,
심리상담사 자격증도 따고, 역학심리상담사 자격증도 따고...
몰랐는데. 우리나라에서 제일 어리다하네요.
그런데. 방황을 너무 오래했습니다. 아버지때문에 마음의 상처를 너무 많이 받았었고, 아버지가 지원을 전혀 해주질 않았기에 홀로서기를 하는것이 너무 힘들었습니다.
심리상담사는 무조건 학위가 있어야만 임상심리사(국가자격) 을 시험을 치룰수가 있기에, 더더욱이 이러한 관문은 저에게 너무 높았고. 부담될수밖에 없었습니다.
전 제 자격증을 살려, 대학병원과 요양병원에서 호스피스 환자(말기암 환자, 임종 전 환자)들을 돌보는 일을 했습니다.
그런데 갑자기 의아하더라고요,
내가 이렇게 사는게 맞는건가?
내 삶을 모두 내던져가면서까지 환자들을 돌봐도 내가
행복하지 못한게, 나의 삶에 회의감이 갑자기 들었습니다.
원래 꿈은 발명가도 하고싶었고. 예술인도 하고 싶었습니다.
하지만 저의 자질은, 거기까지 미치진 못했습니다.
재능이 없었습니다. 하지만 사람이란것이 참 멍청한것이. 자신이 못한것이 있다면 그것을 쫒고자 하는 야망이 원초 강한것이 사람이지 않습니까? 거기서 저는 생각이 들었습니다.
""늦게라도 데뷔하고 싶다.""
네. 그거입니다. 데뷔를 하고 싶었습니다,
뒤늦게 하고싶은걸 너무 하고 싶었습니다.
이게 누구는 욕심이라 부를거고. 누구는 잘못된 선택이라고
할겁니다, 하지만 저는 생각한 것을 실현하고. 행동으로 옮기는
능력은 누구보다 빠르고 확실했습니다.
어머니는 젊었을때 공기업에서 일했지만, 글도 쓰셨고
부업으로 언론사에서 칼럼니스트로도 일했습니다.
어머니가 원초부터 훌륭했습니다. 어머니의 재능을 보며
저도 글에 천부적인 재능이 있었을거라 생각했습니다.
하지만 저는, 일어서지 못했습니다. 절망을 겪었습니다.
대출을 2500만원씩이나 받고 철학관을 개업했지만
시장조사 미숙으로 사업이 처참하게 실패했습니다.
하지만, 제가 이렇게 사업이 실패하면서도 깨닫은게 있었습니다. 내가 하루라도 어릴때 도전을 하고. 또 해서
계속 정상을 향해 달려야한다는것을 전 너무나도 잘 알고 있었습니다, 저의 가슴은 뛰고 있었습니다. 글을 쓰면서
깨닫았습니다. 상상이상으로 글을 쓰는데엔 저의 재능이
있었다는걸요, 몰랐던 어머님의 재능을 물려받았던겁니다.
데뷔하고 싶습니다.
미래계획은,
대학을 가게되면ㅡ 금해에 데뷔를 동시에 해내서 기안84님처럼 살고 싶습니다. 현금회수율이 높으면 어시스트를 붙여서 사업을 동시에 해서, 수익원을 다분화 시켜서 현금회수율을 높이고 싶습니다.
저의 재능은 확실하다 전 믿고, 수단과 방법을 가리지 않고
성공하고 싶습니다.
그림을 정말 못그려도, 글",,,etc,dc,https://gall.dcinside.com/mini/board/view/?id=night_art&no=25,
dc_005,"힛갤곤볼 완성 갈로아 ""과학만화 계속 그리고 싶어요""","약 2년 만에 힛갤곤볼 7성구 완성자가 나왔습니다. 열세 번째 만신 소환 성공 이용자는 바로 '갈로아' 님입니다.
'갈로아' 님은 곤충 갤러리와 카툰-연재 갤러리에서 활동하는 이용자로, 이 두 곳에서 올린 게시물 7개가 힛갤에 등극하면서 만신 소환에 성공했습니다. 곤충 갤러리에서는 곤충을 먹어본 후기를 올렸고, 카연갤에서는 '만화로 배우는 곤충의 진화'와 '만화로 배우는 공룡의 생태'를 연재하면서 힛갤에 등극했습니다.
이 가운데서도 가장 눈길을 끄는 작품은 역시 '만화로 배우는' 시리즈입니다. 처음 그림판으로 그렸던 이 만화는 갤러들의 폭발적인 반응을 얻으며 정식 연재가 되었고, 연재가 계속될수록 이용자들로부터 ""이런 고퀄리티 만화를 무료로 연재하다니""라는 찬사를 얻었습니다. 특히, 어려울 것만 같은 곤충과 공룡 이야기를 네티즌들이라면 알만한 각종 합성 필수요소와 유행어 등을 활용해 그려내면서 이 만화는 교육과 재미 두 마리의 토끼를 모두 잡는 데 성공했다는 평가를 받았습니다.
디시 외에도 딴지, 자신의 블로그와 페이스북에 연재했던 이 작품은 여러 출판사의 출판 제안을 받았고, 그 결과 '책'으로 출판되어 더 많은 독자들과 만나게 되었습니다. (게다가 베스트셀러입니다! 제가 서점에서 베스트셀러에 있는 거 확인했습니다!)
'갈로아' 님의 힛갤곤볼 완성에 맞춰 디시뉴스는 '갈로아'님을 디시로 초대해 인터뷰를 진행하였습니다. 향후 한국을 빛낼 멋진 생물학자를 미리 만난 것 같아 왠지 뿌듯한 인터뷰였음을 미리 밝히며, 앞으로 나올 '만화로 배우는' 3편 역시 큰 기대를 가지고 기다리고 있겠습니다.
'갈로아' 님의 힛갤곤볼 7성구 완성을 다시 한 번 축하드립니다.
-
안녕하세요. 디시인사이드입니다.
""안녕하세요.""
-
힛갤곤볼 완성 축하드리며 만두 받으셨죠?
""네. 3000개 받았어요.""
-
그거 어떻게 쓰실 건가요?
""썼어요. 그걸 문화상품권으로 바꿨어요. 60개가 핀 번호로 오더라고요. 그걸 일일이 입력해서 하는데 29만 원이 된 거예요. 두 개를 제가 입력 안 한 거죠. 계속 눈 빠지게 찾다가 포기하고 그냥 29만 원으로…""
-
안돼요. 포기하지 마세요. (웃음)
""절반은 지금 썼어요. 그거로 영화 보고, 모바일 게임에 10만 원 쓰고. 키보드 받침대도 사고. 지금까지 15만 원 썼어요.""
-
첫 질문으로 나이와 하시는 일을 좀 여쭤봐도 될까요.
""제가 나이를 가리고 활동해서… (웃음) 하는 일은 학생이고, 곤충 연구실 왔다 갔다 하면서 곤충 연구를 하려 하고, 부업으로 만화를 하고 있습니다.""
-
만화 쪽으로 계속 나가실 생각은 없으시겠네요?
""저는 곤충을 되게 좋아해서 곤충 연구실에 들어가서 일을 할 것인데, 그걸 하면서 계속 만화를 그리는 거죠. 그리고 싶어요.""
-
처음 힛갤 가셨던 게 곤충 먹었던 거죠. 그때 많이 놀랐을 것 같아요.
""맞아요. 그때 고정닉을 썼구나. 7개 체크된 게 신기했는데 그거였구나. 곤충을 먹었던 거로 갔죠. 그때 놀랐어요. 처음 힛갤 간 거였고, 메인에 뜨고. 그래서 곤충 만화 그릴 때 다들 그 이야기를 하셨어요. 아, 얘가 곤충 먹은 그 애였어. 곤충 먹은 이유가 지난주에도 그랬는데 곤충 잡으러 섬에 자주 가요. 섬에 가면 벌레들이 많은데 문제는 섬이다 보니까 배가 잘 안 떠요. 지난주에도 신안 갔다가 며칠 고립되었는데 그러다 보니까 식량이 떨어지기에 구워 먹었다가 맛 평가를 했던 거죠.
<곤충 시식 평가 TOP 11>
-
베어그릴스 되게 열심히 보실 것 같아요.
""옛날에 재밌게 봤어요.""
-
저희는 그런 분들이 좀 보여서 크게 놀라진 않았어요.
""가끔 놀라운 거 많이 봤어요. 사실 그때 같이 간 사람 중 한 명도 옛날에 곤충 먹어서 힛갤 간 적이 있는 사람이에요.""
-
처음 힛갤 갔을 때 내가 일곱 개를 다 받을 수 있을까 예상하셨나요?
""몰랐어요. 저는 곤충 만화가 힛갤 많이 가서 놀랐고, 좋았어요. 덕분에 만화 보는 사람도 많아지고요.""
-
곤충 만화 처음 올라왔을 때 저희가 꽤 놀랐어요. 이런 퀄리티의 만화가 유료플랫폼이 아니라 평범한 게시판에 올라오다니. 딴지에도 올리셨잖아요.
""제가 곤충을 그리기 전에 '오디세이'라는 만화를 레진에서 연재했어요. 그것도 카툰-연재 갤러리(이하 카연갤)에서 연재하던 건데 그걸로 데뷔를 했어요. 제가 만화가로 활동하기 전에 약간 인지도가 필요하다 생각이 들었어요. 그리고 어차피 전업 만화가로 살 배짱이 없기 때문에 일단 유명해지는 게 좋겠다 싶었어요. 사실 아예 곤충 만화를 인터넷에 뿌리는 식으로 연재하겠다고 생각을 했어요. 그래서 실제로 연재하는 중에 정식 연재 의뢰가 몇 번 왔어요. 안 가고 완결을 냈는데 잘한 것 같아요. 많이 알려져서 덕분에 책이 많이 팔렸어요.""
-
요즘 독자들이 인터넷에서 읽었다고 책을 안 사는 것도 아니긴 하죠.
""그렇더라고요. 좋더라고요. 덕분에 많이 봐주셨고, 그만큼 책을 많이 사 주셨어요. 잘한 것 같아요. 그렇게 한 게. 그런데 이걸 다른 작가님들에게 이야기를 하니까 '그건 네가 생계형 만화가가 아니라서 할 수 있는 도박'이라고, 나는 절대 못하겠다고 다들 그 이야기 하시더라고요. 출판사에서 고마워했던 게 다른 작가님들은 영입하면 연재 플랫폼을 찾느라 바빴는데, 저는 그냥 박치기로 해서 올렸죠. 잘 되어서 참 다행이라는 생각이 들어요.""
-
장기 연재 계획을 하고 올리신 거예요? 사실 저희 쪽 처음 올렸을 때는 데모 정도였죠.
""그림판으로 그려서 올렸어요. 그때 닉네임이 '큐어하트남편'이었어요. (웃음) 디시에 '큐어화이트남편'이라고 올리시는 분 따라서 '큐어하트남편'이라고 바꾼 건데, 그게 힛갤 갔었어요. 깜짝 놀랐어요. 나는 필명 '갈로아'로 활동해서 알려야 하는데 '큐어하트남편'으로 가다니. (웃음) 아직도 그걸로 저를 기억하는 사람이 있더라고요.""
-
그건 심심풀이로 그린 건지, 이런 장기 연재를 계획한 건지요.
""아뇨. 그냥 아는 거 만화로 정리해보자 해서 그냥 그린 거예요. 계획이 없었어요. 곤충 만화를 보면 구성이 되게 주먹구구식이에요. 그런데 곤충 끝나고 공룡을 그렸잖아요? 그건 '20화 사이에 끝내자' 이런 걸 생각하다 보니까 순서가 정해진 것",,,etc,dc,https://gall.dcinside.com/board/view/?id=dcinterview&no=28629,
dc_006,(스압)플컨후기(보다는 사실 대리구매후기),"넵....올해는 조금 특별한 플컨을 다녀왔어유
어차피 다른 분들이 상세한 후기 많이올렸으니
중복되는건 최대한 줄이고 간략하게 쓸게유
일단 장바구니에 담아온 물건들. 이중에 가스와
데린져와 탄색ACOG는 역시 갤럼분들의
의뢰품입니다ㅜㅜ 아미비스킷은 여친님꺼...
제껀 경품으로 받은 밀리터리 장갑뿐
(돈이없어서 애초에 건매트밖에 못사는처지)
퍼프디노 가스가 가격이 착했지만 살돈이없었어유
일산파킨부스에서 여친님 사격도 시켜드리고
(현실배그하는거같다고 좋아함)
모 갤럼의뢰로 업어온 5만냥 무배율ACOG
이번 플컨의 알파요 오메가이자 저의 목표 건매트.
여친님께 조공바친거 상세사진 올려유(feat.떼껄룩)
제가 52장 쓸고나서 남은 마지막물량과,
건매트사장님이 가는길에 마시라고 주신 710ml
쵸-VVIP고객용 빅사이즈 몬스터에너지
플컨장 근처 돈까스클럽가서 먹은 점심...
의뢰인 33명께서 선입금해주신 비용에서 구매비용과
택배비 제외해보니 딱 돈까스세트 하나 사먹을수고비
나오더라구유ㅋㅋㅋ 33명이 원기옥모아 사주신 점심,
맛있게 먹었습니당 감사합니다!!!(+초코에몽기프티콘)
그리고 대망의 건.매.트.
5252~ 52장이라니 너무하잖아 이거?
트렁크가 헐렁하게 망가져 버린다고~?wwwwww
이거 정.말.무.겁.습.니.다.
사장님이 대형카트 안빌려주셨으면 절대주차장못감
+건매트에 대한 잡설....
사장님이 개인에게 대량으로 안판다고 하실까봐,
아예 의뢰인과 품목명단을 표로 제작해서 갔습니다.
보자마자 빵터지시더군유ㅋㅋㅋ
사장님 정말 좋은분이심...52장을 한장한장 검수하시느라
시간 꽤 걸렸어유
인터뷰를 좀 해봤는데, 핵심은 다음과 같아유
1. 본업은 따로 있고 부업으로 하는거라 건매트를
정식으로 판매할 계획은 전혀없다.
2. 한명한명한테 택배를 포장해서 보내고 이런건 정말
하고싶은 마음이 없고, 이런식으로 대리구매 대량 하러온건 너님이 처음이다. 내가 해야할일인데 대신 해줘서 고맙다. 몬스터에너지머겅
3. 집가서 포장할때 물건에 문제있거나 다른 문의사항이 있으면 연락해달라. (개인적으로 연락처 받아옴)
정말 친절하고 해맑은 분이셨어유. 포장도 꼼꼼히 해주시고 카트도 빌려주시고 가는길에 졸음운전 걱정된다며 에너지음료도 챙겨주시고 좋은분임
+이번 대리구매의뢰에 대한 보고
의뢰자 33명
구매성공물품: 건매트 52장, 퍼프디노가스3캔, 무배율ACOG, 데린져 실버, PPS M40A1 2정
특이사항: 이웃이라 제가 직접배달해드릴사람 1분.
전국 군부대 국군장병분들도 다수 의뢰.
특히 부산에서 무수한 의뢰+제주도까지.
귀가전 마지막 간발의차로 의뢰성공한분은(막차탑승)
슈미xx벤더님(닉네임가림. 아무튼가림^^)
조금전에 택배봉투 사옴^^
마지막으로....저도 본업과 스케줄이 있는 관계로
하루안에 33명치 택배를 모두 발송하는게 다소 힘들수
있습니다ㅜㅜ 하루이틀정도 지연될 수 있다는 점
정말 진심으로 죄송합니다ㅜㅜㅜㅜ
최대한 빨리 검수 후에 포장해서 보낼테니 걱정마세유~
(추가) 현재 8인분 발송완료입니다 송장번호 못받으신분들 조금만 더 기다려주세유^-^
- 아무튼 그래유",,,etc,dc,https://gall.dcinside.com/mgallery/board/view/?id=airsoftgun&no=77469,
dc_007,세후 3백충 직장인인데 메이플 쌀먹으로부업한다...,"월 29시간 주당 7시간 하루에 1시간정도 점심시간 투자해서
(점심때 집감)
월85만원 고정수익 & 아이템뜨면 +@ 해서 평균 월 100만원정도 버는듯
100만원으로 생활비, 자동차유지비, 데이트비, 식비 등등 하고
월 100 ggll 월 200 구글본주 넣는중임... ㅁㅌㅊ??",,,etc,dc,https://gall.dcinside.com/mgallery/board/view/?id=stockus&no=14396659,
dc_008,전자들 수익 쩔긴하더라,"전업오토바이 하루 10시간 30일 만근해도
월 300만원 매출을 못찍는데 여기서 오토바이
유지비 100만원 빼면 200 가져가는데
직장인들 퇴근 부업 5시간 25일 하면
월 300 벌이함 진짜 단가랑 거리가 개사기임 ㅇㅇ
- dc official App",,,etc,dc,https://gall.dcinside.com/mgallery/board/view/?id=bamin&no=1275883,
dc_009,[일기] 원조 퇴물의 라스트댄스,"안녕 퇴물이 왔다.
지난번에 누가 나를 사칭해서 추석 후에 글을 쓴다고 했더라.
이게 뭐라고 사칭하는게 괘씸해서 추석연휴 끝나기 전에 글 씀.
아무튼 다들 추석 잘보냈지..?.
난 급한일이 생겨서 한국에 들어왔는데 온 김에 부모님도 뵙고 했음.
아버지는 본업은 건설이었지만,
현재 지방도시의 건설산업은 괴멸된 상태에 가까운지라 요즘 일이 없음.
건설자재비 + 인건비 + 안전관리비용등등 모두 올라버려서
건물을 짓는게 도저히 수지타산이 안나오니 공사물량이 없다고 함
그러니 IT쪽 취업 안된다고 징징거릴 필요는 없어졌다.
하이닉스 빼고 걍 다 ㅈ되고 있는 거니까.
내가 가난한 학창시절을 겪었던 이유도,
딱 그때가 IMF때라서 건설업은 무조건 망했을 때 였음.
당시 아버지는 건설업체 사장이었음. ㅎㅎ 그러니 폭망+빚더미.
아무튼 본업이 흔들리다보니 하필 선택하신게
아무나 한다는 바로 그 업종.
커피숍이었다.
비싸게 주고산 땅이 안팔려서 기약없이 쳐물려있다보니
에라이 싯팔하면서 풀대출로 건물을 지어서 커피숍을 차리게 된 것이다.
왜 땅이 안 팔렸겠는가? 위치가 별로니까.
개들도 산책 안다닐 정도로 유동인구 없음.
택지 개발을 새로한 곳이라 주변 곳곳이 그냥 빈땅에 풀까지 자란 상태.
아 그 뿐인가
아버지는 노랭이 맥심만  즐겨 마시는 커피 비전문가.
이미 저질러버린 제빵기계와 냉장고들.
(제빵 그런거 할줄 모름.. 사람 시키면 된다고..)
이미 사망 복선 플레그가 한 두개가 아님.
너무 진부하기까지한 자영업 클리셰임.
근데 그거 사실
형이 변변찮은 기술이 없어서 택시기사하고 있던거 아버지한테 들킴.
아버지가 장남이 저러고 있으니 너무 속상해서
풀대출로 건물 지어서 커피숍 사장 만들어준 거임.
본업이 건설이니까 도매가로 싸게 잘 짓는건 자신 있었거든.
(부풀리기도 잘해서 사실상 LTV 90% 꽉꽉 채움)
형이 야심차게 첫 스타트를 끊었지만
오픈빨로 겨우 본전치기라도 하며 버티다가
결국 빚 몇천을 남긴체 3년만에 못하겠다며 로그아웃함.
물론 코로나....도 있긴 했었고,
그 위치에 빚 저정도만 남긴것도 선방한거긴 함.
결국 70대인 아버지가 커피숍 인수함.
ㅋㅋㅋㅋㅋㅋㅋㅋㅋㅋ
아버지 인수하고나서, 한두달 뒤
약 600미터 큰 대로변에 (사실상 입구)
스타벅스 드라이브 쓰루까지 생김 ㅋ
운도 참 ㅈ나게 없는 것이다.
나의 유전병인 관심병의 원천소스답게.
매출자랑을 하기 시작함.
일 매출 300??
어? 자영업 경기 다 뒤져가서 쿠폰까지 뿌리는거 아니었나?
이건 또 무슨 세계관이지?
일 매출 평일 100, 주말 200.
대충 월 매출 4~5천정도 찍는 것 같아보인다.
(보통 30평정도되는 카페의 매출은 월 1~2천만원이다)
얼추 계산해보니 1000~2000만원 정도는 순수익처럼 보인다.
아니... 어케 했을까?
나는 아버지를 보고 자랐는데 아버지는 퇴물계의 대부였음.
빵에 대해 1도 지식이 없던 아버지가 제빵을 맡고.
버스운전기사를 하던 50대 여자분을 메인 메니저로 두었다.
지금 생각해도 듀오 조합이 참...
이게 대체 무슨 조합인지..
돌아가는걸 보아하니
빵을 어떻게 만드는지 유튜브를 보고 처음 배우셨음....
유튜브에 좋은 선생님이 많다며...
메니저는 커피에 대해선 전문가가 아니라서 모르지만,
알바들은 여기저기 일한 경험으로 왠만한 레시피가 가능했고.
맛도 일반적인 수준으로 뽑아낼 수 있었다.
(알바채용으로 기술이전 실현)
버스기사가 어떤 자린가.
온갖 진상들을 다 만날 수 있는 최전선이었기에,
진상 손님에 왠만한 일로는 감정적으로 쉽게 열받지 않고 탁월하게 대처했다.
애기 기저귀를 테이블 위에 놓고 갔다며 바로 노키즈 걸어버리는
자존감 높으신 사장들과는 대응이 매우 달랐고
오히려 아줌마라 애기들한테 자꾸 뭔가 더 퍼준다.
커피1잔만 시켜도, 애들이 있으면 메뉴에도 없는 요구르트가 어디선가 나오며
아이스크림도 가끔 한 스쿱씩 나옴...
홀(현장)에 있는 사람들에게 비용에 대한 재량권을 부여해준 것도 이유가 되겠다.
하지만 스타벅스가 생긴 이후로 매출이 기울기 시작했음.
생일때 주고 받는 스타벅스의 기프티콘 선물을 쓰느라
방문하게 되는 수요가 상당할 수밖에 없기 때문이렸다.
아버지는 극대노를 하면서 전쟁에 돌입함.
""아메리카노 2천원.""
아... 이건 패착이다.
원래 장사를 제대로 못하는 분들이 별다른 수가 없어서 가격을 낮추는거라
출혈 경쟁으로 가서 결국 많이 팔아도 돈이 안되는 상황에 빠지기 마련이다.
저가전략은 숍이 작아 테이크아웃으로 테이블을 돌리지 않는 곳에서나 유효한 전략이다.
그런데.
사람들이 화내기 시작했다.
주문을 했는데 커피를 받고 보니 자리가 한자리도 없기 때문이다.
맘들의 좋은 평을 듣고나서 아이들이 많아지면서
자연히 젊은 사람들은 이 카페를 찾지 않게 되었는데.
그 자리를 중년 시니어(40~70대)들이 가득 채우기 시작한 것이다.
시니어들은 자동차로 대부분 이동하기에
번화가보다는 주차가 잘되는 곳을 선호하게 됨.
(게다가 4인이상 그룹이면 차도 여러대)
아까 말한 복선. 주변이 허허벌판이었던 점.
걍 흙길 위에 주차하면 되는 것이다.
시니어들의 특성은 4명 정도 그룹으로 만나는 경향이 있고.
커피 내가 쏠게 하고 했을 때 2천원이면 부담도 적기 때문이었음.
그렇다고, 모양세 빠지는 컴포즈 이런 프렌차이즈를 갈 것인가?
아 내가 좋은데 아는데 있지~ 하면서 적당히 분위기 잡힌 이 카페로 오게 되어있다.
그러나 인생은 계획대로 되는게 잘 없다.
아메리카노는 2천원인데, 50대 아줌마들은 밤에 잠 안온다며
속 안좋다며 다른 비싼 메뉴를 시킨다.
남자들끼리는 아메리카노 통일로 쉽게 생각해버렸지만,
여자들은 훨씬 복잡한 존재였음.
부동산 있다는 60대 오빠(?)가 커피 사준다기에 빵도 여러개 집는다.
이거 어른 체면에 안살수가 있나.
시니어들은 배고팟던 시절사람들이라 남은 빵은 아깝다며 다 싸간다. (집에서 먹을려고)
이상하게도 빵을 싸가기 좋게 접이식 박스가 근처에 있다.
그렇게 시니어들이 많이오면 발생하는게 상식차이로 인한 진상 문제다.
나이든 분들의 상식과 요즘 사람들의 상식에는 약간의 괴리가 존재하기 때문임
보통 1인 1메뉴 부탁드립니다. 라고 적혀 있는 곳이",,,etc,dc,https://gall.dcinside.com/mgallery/board/view/?id=github&no=84371,
dc_010,오토바이 배달 하면 인생 조진다.,"대부분 인생 조진 애들이
음식배달 시작할때 만만하게 보고
배달은 오토바이지 하면서
사전지식 없이 남이 타니까
비싼 스쿠터 450만원 배달셋팅 돈없어서
나이 50가까이 처먹고 단돈 500만원도
못모으는 사람이 덜컥 리스를 내려서 탐
그나마 개인이 리스 받은건 그러려니 함
왜? 플랫폼 일대 퀵 자기 실력껏 돈되니
리스 하루 3만원도 버팀
근데 일대 리스? ㅋㅋ
그냥 서류 서명한 순간 인생 망함
한정적인 지역 일대 콜은
서울이라고 해도 반경이 크지않아
콜은 없는데 지사장이 기사만 존나 뽑아서
전투콜 존나함 ㅋ성수기때는 그래도 하루 한장은
벌어가니 버티지 비수기 때 하루 배춧잎 한장 벌기도 힘듬 ㅋ
무한 콜사 ㅋ 아 물론 카르텔 일대 형님들은
초수락 강배없이 비수기 없이 항상 콜타느라 바쁨 ㅋ
솔직히 배달은 오토바이라는 것도 가스라이팅이지 ㅋ
돈 좆도 못범 ㅋ오토바이가 내구성이 쓰레기라
리스가 대부분 1년인 이유 2년 배달오토바이 못버팀 ㅋ
나는 2년 넘어도 타는데? ㅋㅋ배달대충하는 부업이나 가능하지
같은 5년 동안 리스 5번 내렸다고 보면 리스료만
5천 쓴 오토바이 기사랑 모닝 5년 풀할부로
1200만원 쓴 경차 배달기사 ㅋ유지비?
자동차보다 오토바이가 더 들어간다. ㅋ
내구성 약해서 겨울에 맨날 시동안걸리고
시동 안걸리는 날 많음 ㅋㅋ
오히려 경차배달이 돈더 벌어감 일년보면 ㅋ
예를 들어 비올때 경차로 하는 애들 돈쓸어감 ㅋ
눈와도 마찬가지 ㅋ진짜 배달 하는 애들 머가리 나빠서
다 오토바이탐 ㅋ 거짓말안하고 전자 타는 애들이
오토바이 애들보다 3배 더벌어감 ㅋ
부업 하루 5시간 전자타는 유투버 월 300만원 찍는데
오토바이 전업들 하루 10시간 타고 유지비 100만원 빼고
월 200만원 겨우가져간다. 이것도 만근기준 ㅋ
경차배달이 나쁜게 아님 ㅋ
- dc official App",,,etc,dc,https://gall.dcinside.com/board/view/?id=de&no=514651,
dc_011,월100만원도 못버는 자영업자의 진실,"https://www.getnews.co.kr/news/articleView.html?idxno=696305
월소득 100만원 미만 자영업자 절반은 프리랜서와 라이더
월 소득이 100만원에 미치지 못하는 자영업자 중 절반 가까이는 부업형으로 분류되는 프리랜서나 배달 라이더와 같은 인적용역 사업자로 나타났다.12일 기획재정부의
www.getnews.co.kr
부업으로 하는 사람들이었음
그럼 그렇지 순대국 1만원 시대에 월 100으로 어떻게 살아",,,etc,dc,https://gall.dcinside.com/mini/board/view/?id=coupangeats&no=53215,
clien_002,"쏘카세차빌런, 2주정도 쏘카 핸들러라는걸 해보았습니다.(차량 탁송알바)","공황으로 힘들어 견디다 못해 일하던곳을 그만두고, 쉬는 와중에 다시 아르바이트라도 구해보려는데 아르바이트가 구하기 어렵더군요.
잔고는 슬슬 위기 단계로 격상(?)되어가고, 알바는 안구해지니 똥줄이 타기 시작했습니다.
그러다가 우연찮게 쏘카에서 운영중인 '핸들러'라는 앱을 알게되었습니다.
설치하고 실행해보니 부름 배차, 차량 회수 외에도 차량 이동, 전기차 충전, 공업사 입고, 차량 점검 등 다양한 미션을 수행하고 주마다 정산하여 소득세 3.3%를 제외하고 현금으로 지급 받는 방식이더군요.
앱을 실행하면, 사진과 같이 제가 설정한 시간, 제 위치로부터 범위내의 미션들 리스트가 노출됩니다. 저는 걸어서 이동하거나, 대중교통으로 이동할 수 있는 범위로 정했습니다.
미션을 클릭하면, 상세 미션내용이 표시됩니다. 차량번호도 미리 확인이 가능하고, 알림을 설정해두면 미션 수행가능 시간에 알림으로 보내줍니다.
여기서 문제가 하나 있습니다. 쏘카는 핸들러를 경쟁방식으로 핸들러를 출시 했습니다. 제가 아무리 알림을 설정해놓고, 알림이 와서 미션을 수행하려고 들어가면 누군가 먼저 채가버리면, 저는 다음 미션을 기다리는 방법 뿐입니다. 이리저리 찾아보니 매크로, 앱 변조 등으로 빠르게 가져가시는 분들도 계시는 듯 했습니다. 이것때문에 첫주에는 애좀먹었습니다. 알림을 설정해놓았는데도 알림도 오지않고 미션이 사라진다거나...
핸들을 잡게되면, 미션 수행시간내에 미션을 완료해야합니다. 시간자체는 넉넉하게 줍니다.
먼저 출발지로 이동하면, 차량의 외관을 확인하고 외관 확인이 완료되면 출발합니다.
목적지에 도착하면, 배차미션은 고객요청이 있으면 요청위치에 주차하면 되고 그외에는 미션 내용 따라 진행한뒤 차량 외관 확인을 다시하고 미션을 완료는 방식이었습니다.
첫주에는 13만원 정도 수익이 생겼고, 이번주에는 장거리 이동건을 몇건 했더니 25만원을 넘긴 상태입니다.
운전을 원래 좋아해서 취미 삼아 생활비를 벌 수 있어서 좋았지만, 느낀점은 달랐습니다.
본문에 올린 단가만 보면 뭔가부업으로 할만한데? 싶으실 수 있지만, 저건 장거리 이동이라 좀 쎈 단가를 보여드린 겁니다.
보통 건당 4천원이고, 이동거리가 좀 있다 싶으면 7~9천원에서 움직이는 경우가 대부분입니다. 시급도 안나오기도하고... 이동 하는 비용, 시간 생각하면 오히려 마이너스가 나는 경우가 생기기도 했습니다. 그리고 가장 큰건, 저만 핸들러를 하는게 아니라 다른분들도 하시다보니 콜을 뺏기면 그대로 허탕을 치는 경우가 생각보다 많았습니다.
이번주는 정말 운이 좋아 전주->인천, 전주->남원, 전주->광주같이 타지로 멀리 나가는 장거리 배차를 한번씩은 하면서, 일당이 10만원 가까이 나오긴 했지만, 돌아오는 비용을 제하면 실제로 제게 남는건 적어졌습니다.
저처럼 운전하는걸 좋아하고, 다양한 차종을 타볼 수 있는 재미로 하기엔 괜찮을지는 몰라도 부업으로 해서 수익을 내려고 한다면 어렵다고 생각합니다. 수익이 일정하지 않고, 하루종일 폰만 보게 되다보니 생각보다 피로가 크더군요.
그래도 당분간은 아마 먹고 살려면 열심히 해야겠습니다 ㅎㅎ 얼른 취직에 성공해서 돈걱정 없이 살고싶네요.
오늘도 광주를 다녀오고, 문득 후기를 적어보고싶어 글을 끄적여봅니다.",,,etc,clien,https://www.clien.net/service/board/park/18754797,
clien_003,쿠팡이츠 도보 배달 후기,"저는 정말로 크리스마스에 알바를 할 생각은 없었습니다. 어제는 했습니다. 강남의 한 와인바에서 크리스마스이브를 맞아 수많은 커플들이 잊지 못할 추억들을 만드는 동안 저는 찬물로 설거지를 했습니다. 별로 특별할 것도 없는 일이라 후기를 쓸 생각도 들지 않았습니다.
연휴 마지막 날이자 크리스마스인 오늘은 늦잠을 자고 일어나 늦은 아침(혹은 이른 점심)을 먹고 당근으로 아이쇼핑을 하다 마음에 드는 물건이 있어 버스를 타고 거래를 하러 다녀왔습니다. 그리고 바로 집에 돌아오기가 살짝 아쉬워서 카페에서 책을 좀 읽다 들어온 것이 오후 3시를 좀 넘어서였습니다.
예전에 부업이라도 해볼까 해서 쿠팡이츠 배달파트너 일을 알아봤었습니다. 안전교육을 이수하고 첫 배달을 완료하면 보너스로 2만원을 준다는 말에 혹해서 교육을 듣고 보온가방까지 마련했습니다만, 도보 배달은 콜이 전혀 들어오지 않았습니다. 아무래도 제가 사는 곳이 주택가 근처다보니 주문이 좀 뜸한 것도 있었겠지만, 퇴근하고 집에 돌아와 앱을 켜고서 한참을 기다려도 단 한 콜도 오지 않았습니다. 저는 오토바이도, 자전거도 없는 뚜벅이라 경쟁력이 떨어질 수밖에 없었죠. 결국 포기하고 보온백은 구석에 처박아둔 채로 잊고 있었습니다.
그런데 오늘 쿠팡이츠 배달 앱에서 이벤트 메시지가 날아왔던 것입니다. 연휴기간인 22일부터 25일 사이에 도보로 15건을 배달하면 5만원을 보너스로 준다는 것이었습니다. 생각해 보니 며칠 전에도 왔던 것 같았습니다. 혹시나 하는 마음에 배달앱을 켜고 배달가능상태로 바꿔보았습니다. 다음순간 띠링, 하는 소리와 함께  동네 피자집에서 배달콜이 들어왔습니다. 콜을 받아본 것이 처음이라 어쩌지 하다가 쿠팡이츠 배달 시스템을 잘 몰랐던 터라 제가 수락해도 다른 배달기사분들이 먼저 선정되지 않을까 싶어서 수락을 눌러봤습니다. 그랬더니 바로 픽업대기 상태가 되는 것이었습니다. 취소를 누르려고 해도 취소버튼이 보이지 않았습니다. (나중에 취소가 가능한 것을 알았지만 취소를 하면 페널티가 쌓이는 구조였습니다) 이를 어쩌지 하다가 서둘러 외투와 보온가방, 그리고 핸드폰만 챙기고 피자집으로 향했습니다.
피자집에 도착해 최대한 자연스럽게 쿠팡이츠입니다. 했습니다. 그러자 직원분이 몇 번이세요? 하는 것이었습니다. 제가 앱을보고 384번입니다. 했더니 직원분이 그건 우리 주소고요, 코드번호 알려주세요. 했습니다. 조금 민망했지만 다시 코드번호를 찾아서 불러드리니 직원분이 포장된 피자를 주면서 기울어지지 않게 해 주세요, 했습니다.
피자집에서 배달지까지는 대략 1km 정도 되었습니다. 성인남자가 걸어서 1시간에 4km 정도 간다고 치면 15분 정도 걸리는 거리였습니다.
문제는 외출하고 집에 막 돌아왔던 터라 핸드폰 배터리가 20프로 정도밖에 남지 않았던 것이었습니다. 앱에서 제 현재위치를 계속 확인하다보니 배터리가 더 빨리 소모되는 것 같았습니다.
겨울이라 시간이 너무 지체되면 피자가 식을 것만 같아서 배달지까지 최대한 빨리 걸었습니다. 그러면서 피자의 수평을 유지하려다보니 역시나 쉽지 않았습니다.
드디어 첫 배달지에 도착하고 보니 요청사항에 벨을 누르지 말라고 되어있었습니다. 배달이 완료되면 배달음식과 배달지 현관의 호수가 같이 담기게끔 사진을 찍게 되어있었습니다. 그래도 무사히 첫 배달을 마쳤구나, 하고 안도하며 배달완료 버튼을 누르자마자 바로 또 콜이 들어와 있었습니다. 엇, 안되는데 하면서 지도를 보니 바로 근처의 다른 피자집이었습니다. 핸드폰 배터리가 15퍼센트 정도 남았던 터라 살짝 고민되었지만 하나만 더 하자, 하고 수락을 눌렀습니다. 두번째 피자집에는 카운터에 이미 포장이 완료된 비닐봉투가 놓여있었습니다. 이번에는 피자가 아니라 스파게티와 음료수가 전부인지 양이 작았습니다. 다시 1km 정도를 걸어 두번째 배달지에 배달을 완료하고 나니 몸에서 땀이 줄줄 흘러 티셔츠가 다 젖은 것이 느껴졌습니다. 이제 그만할까, 하고 무심코 배달완료를 눌렀는데 바로 또 콜이 들어와 있었습니다. 나중에 알게 된 것이지만 배달 중에 배차종료를 체크하면 배달이 완료된 이후에는 콜을 받지 않을 수 있었습니다. 배차종료를 체크하지 않은 상태라면 콜이 계속 들어오는데, 이걸 거절하면 그게 또 이력이 남게 되었습니다.
세 번째 배달은 오징어회를 근처 호텔로 배달하는 것이었습니다. 요청사항에는 호텔 로비에서 기다리겠다고 메시지가 남겨져 있었습니다.
호텔 근처에 가니 입구에서부터 몇 쌍의 연인들이 호텔 밖으로 나오고 있었습니다. 체크아웃이라기에는 조금 늦은 시간이라 아마 저녁을 먹으러 나가는 것 같았습니다. 예전 같으면 부럽다는 생각이 먼저 들었을 텐데, 어째서인지 오늘은 부럽다기보다는 그들이 기특하다는 생각이 들었습니다. 저출산시대에 남녀가 서로 사랑한다는 것이야말로 애국의 시작이 아닌가 싶었습니다. 입구에 거의 다다랐을 때 한 커플이 나오다가 저를 보고 걸음을 멈춰 서더니 ‘혹시 오징어..?’하는 것이었습니다. 내가 잘못들었나 싶어서 네? 했더니 남자쪽에서 웃으며 배달 맞으시죠? 했습니다. 아 네, 하면서 호텔 문 앞에서 오징어회를 건네주려니 조금 그림이 그랬습니다만 꿋꿋이 사진까지 찍었습니다. 지금 생각해 보니 오징어회만 찍은 것이 무슨 의미가 있나 싶네요. 커플은 오징어회를 들고 어디론가 사라졌습니다.
세 번째 배달까지 마치니 핸드폰 배터리가 7% 정도밖에 남지 않았습니다. 다리도 슬슬 아팠습니다. 잠깐 쉬면서 배터리도 충전하고 체력도 보충할 겸 근처 PC방을 찾았습니다. 핫도그와 주스를 시켜 먹으면서 핸드폰 배터리를 충전하고 있었는데, 갑자기 몸이 노곤해지면서 잠이 몰려왔습니다. 모자를 쓴 채로 모니터에 인터넷 창 하나 띄워놓고는 꾸벅꾸벅 졸고 있으니 이건 뭐 영락없이 예전 PC방 알바 때 제가 수상하게 봤던 아저씨 모습과 다를 바 없었습니다. 정신을 차리고 다시 배달앱을 켰습니다. 도보배달은 배달기사의 현재 위치에서 픽업지까지의 거리 + 픽업지에서 배달지까지의 거리를 기준으로 배정되는데, 이 거리가 도합 1.5km 정도 이내일 때에만 콜이 들어오는 것 같았습니다.
PC방에서 어느 정도 쉬고 나서 다음 콜을 기다렸습니다. 꼬막전문 식당의",,,etc,clien,https://www.clien.net/service/board/use/18493904,
clien_004,달러 환율 정확하게 맞춰서 유튜브 구독자 5000명 달성한 후기,"안녕하세요. 모공 주식시장, 경제 관련 글을 주로 보고 있는 회원입니다.
경제 유튜브를 개설했는데 1차 목표인 구독자 5000명을 달성해 몇 글자 적어볼까 합니다. 미리 말씀드릴 점이 있는데요. 다른 회원님이 쓰신 글 전개 방식을 차용하고자 합니다. 작년 11월 22일에 올라온 순순님의 사용기인데요. 이 분께서도 당시 유튜브 구독자 5000명 달성기를 올려주셨습니다. 그때 저는 5천명보다 훨씬 낮은 구독자를 기록하고 있었는데 우연히 이 분의 글을 보고 큰 용기를 얻을 수 있었습니다.
이 자릴 빌어 순순님께 감사드리며 혹시 현재 유튜브를 운영 중인데 구독자가 늘지 않아 스트레스를 받고 계신 분이 있다면 저 역시 조그마한 도움이 되길 바라봅니다. 이 글을 읽으신 다음에 순순님의 글도 보시면 2배로 도움이 되실 겁니다.
(보러가기)
클량에도 수십만 유튜버분들이 많이 계실텐데 1만명도 안 되는 주제에 이렇게 글을 쓰려니 좀 부끄러워집니다. 하지만 그럼에도 제가 느꼈던 바를 허심탄회하게 적어보겠습니다.
-------------------------------------------------------------------------------------------------------------------------------------------
2023년 1월 31일 제 유튜브 채널이 구독자 5000명을 달성했습니다. 유튜브를 시작한지 10개월 만에 달성한 수치입니다.
원래는 곧바로 달성기를 올릴 생각이었는데 일이 생기는 바람에 지금에서야 올리게 되었습니다.(어제는 접속이 안 돼서 ㅜㅜ) 그 사이 많은 분들이 사랑해주셔서 현재 구독자수는 7100명으로 불어난 상황입니다.
1. 내가 유튜브를 시작한 이유
저는 대학생 때부터 주식투자에 관심이 많았습니다. 돈은 없겠다, 시간은 많겠다, 틈만 나면 학교 도서관에 틀어박혀 '주식' 제목이 들어간 책은 한번씩 다 읽었습니다. 주식책 신간이 나오면 빨리 좀 비치해달라고 도서관 장서팀 직원들을 들들 볶는 게 일과였습니다. 도서관이 문을 닫는 주말과 공휴일에는 삼성동 코엑스몰에 갔습니다. 지금은 사라졌지만 반디앤루니스라는 대형 서점이 있었거든요.(지금은 흰색 미로처럼 바뀌었는데...바뀌기 전 2010년대 초반까지가 코엑스몰 전성기였습니다.) 사람이 거의 다니지 않는 원예, 수석 책코너 앞에 쭈그리고 앉아 몇시간이고 주식 책을 읽었습니다. 주말마다 가니 서점 직원들이 알아봐주더군요. 지금 생각해보면 참 죄송할 뿐입니다. 책은 안 사고 자리만 차지하고 있었으니...
졸업 후에는 금융기관에서 일하길 바랐지만 연이 닿지 않았고 경력 대부분을 '제조업체 회계직+회계법인'에서 보내게 됐습니다. 금융권에서 일한 적도 있지만 이건 정말 짧은 기간이었구요. 이때 뭔가 '한' 같은 게 남은 거 같습니다.
경제, 주식 공부한 게 아까워 2012년에 블로그를 개설했는데 지금까지 운영해오고 있습니다. 도중에 잠수를 탄 기간도 여러번 있었지만 나름 경제 분야 파워블로거로 불릴 정도까지는 간 거 같습니다. 경제에 관심 있으시다면 아마 제 블로그 이름을 들어보신 분들도 계시지 않을까...합니다.
시간이 흘러 2019년쯤 유튜브로 활동 무대를 옮겨볼까 하는 생각이 들었습니다. 하지만 본업+게으름+새로운 도전에 대한 두려움이 복합적으로 작용해 차일피일 미루기만 했습니다. 참고로 이때를 전후로 많은 파워블로거들이 유튜브를 개설하기 시작했습니다. 경제 블로거들도 예외가 아니었구요.
마침 2020년 코로나 펜데믹 직후 자산시장이 폭등하며 경제 유튜브가 대박을 치게 됩니다. 경제와 투자가 전국민적 관심사로 떠오르며 웬만한 경제 유튜브는 수십만 구독자를 확보하게 되었습니다. 하지만 저는 그만 타이밍을 놓치고 말았죠. 이때 유튜브를 시작했다면, 용기를 냈다면 현재 구독자 10만명을 찍지 않았을까 하는 후회가 들곤 합니다. 어쨌든 뭐...지나간 과거는 어쩔 수 없죠. 뒤늦게 열심히 활동하고 있습니다.
2. 어떤 영상을 주로 올리는가?
경제유튜브는 생각보다 범위가 넓습니다. 주식, 부동산, 채권, 환율, 국제상품은 물론이고 재테크, 세금, 심지어 돈 많이 번 사람 찾아다니며 인터뷰하는 것도 들어갑니다. 형식면에서는 경제 현상을 알기 쉽게 설명해주느냐, 투자 조언을 해주느냐, 미래 전망을 하느냐 등으로 나눌 수 있겠죠.
저는 국내외 주식시장과 환율 분석을 메인으로, 글로벌 경제 이슈 해설을 서브로 삼고 있습니다. 이는 서두에서 언급한 저의 대학 시절과 관련이 있는데요. 당시 책에 나온 기술적 분석, 기본적 분석을 따라 하는데 엄청난 희열을 느꼈습니다. 이런 습관이 쌓이고 쌓여 마침내 저만의 분석 모델(퀀트)을 구축할 수 있었고 이를 토대로 자산시장의 큰 흐름을 대중들에게 설명드리기 시작했습니다. 블로그 시절에도 그랬고 유튜브로 옮겨온 이후에도 이런 기조를 이어가고 있습니다. 그런데 이중에서도 '달러 환율' 분석이 신의 한 수로 작용했습니다.
3. 어떤 사람들이 주로 시청하는가?
당연히 경제나 투자에 관심 있는 분들이 제 채널을 보고 계십니다. 자고 나면 무조건 오르던 자산시장 폭등세는 온데간데 없이 사라졌지만 여전히 주식투자를 하고 계신 분들이 많습니다. 서학개미들도 멸종(?)된 거 같지만 2023년 들어서면서 미국 시장, 특히 테슬라가 회복세를 보이며 주식투자를 재개하는 분들이 많아졌습니다.
하지만 최근 제 채널을 많이 보시는 분들은 단연코 '달러 환율'에 웃고 우는 분들입니다. 주식시장이 오르든 내리든, 글로벌 경제가 좋든 나쁘든 환율은 수출입하시는 분들, 유학 중인 분들, 해외 여행, 해외 직구하시는 분들이 주목할 수 밖에 없는 분야입니다. 운좋게 환율 흐름을 정확히 짚어내는데 성공했고 점차 이분들의 시선을 사로잡을 수 있었습니다. 그 외 한국은행, 기재부, 은행 외환거래부서, PB, 연예기획사분들(해외에서 벌어들이는 돈이 많으니까)도 제 분석을 봐주고 계십니다. 제 실력이 그 정도는 안 되는데 감사할 따름입니다.
4. 구독자 비율은 어떻게 되는가?
전체 시청자 중 구독자의 비율은 32%입니다. 이 수치가 높은 건지 낮은 건지 잘 모르겠습니다.
다만 제가 참고했던 순순님의 경우 이",,,etc,clien,https://www.clien.net/service/board/use/17923551,
clien_005,숨고 컴퓨터 수리 서비스 제공 경험기.txt,"안녕하세요 .
2년전쯤 병원에서 일하는 수입만으로는 도저히 벌어도 마이너스인 생활을 감당할 수 없어
숨고를 깔고 이것 저것 활동을 했었습니다.
회사의 서류 정리
반려동물 산책
컴퓨터 수리 정도를 했었는데요
지금의 직종을 선택한 뒤부터는 이제 굳이 부업 할 필요도 없고..
도저히 짬이 안나서 문의가 들어와도 하지 못하는 상태였습니다.
근데 어제는 일 끝나고 푹 자고 일어나니 뭔가 기운이 나서
숨고에 들어온 의뢰를 봤는데 컴퓨터 수리 - 사운드가 안나와요
가 있는 것 입니다.
별거 아니겠다 생각하고 답장 드렸는데,
견적이 얼마냐고 여쭤보셔서 출장비 15000원 수리비 15000원 총 3만원이고
수리 완료 하지 못할시 출장비 15000원 비만 받는다고 말씀 드리니 바로 콜 하시더라고요
다른 곳에 문의 드려보니까 15만원 든다고 했다고..
결론적으로는 글쓰는 이 시점에 방금 수리 다하고 왔습니다.
차 타고 15분 거리에 방문해서 msi b360 박격포 메인보드를 쓰는 컴퓨터였는데요
다른 곳에서 견적이 15만원이 나왔던 이유가 메인보드를 교체해야 한다는 것 이었습니다.
하지만 제가 방문해서 처음 느낀건
1. 청소 상태불량
2. 사운드 드라이버 오류
3. 바이오스 셋팅 오류
세가지 정도로 압축할 수 있을 것 같았습니다.
일단 제가 사용하는 usb 사운드카드를 연결하니 소리가 잘 나오는걸로 보아
메인보드 하드웨어 문제 아니면 소프트웨어 문제라고 확신하고 시작했습니다.
일단 처음에 드라이버를 삭제하고 다시 설치했는데도 잡히지 않더군요
ufo 메이커의 마이크를 연결하니 마이크를 출력으로 나오는 것 외에 다른
출력 되는 사운드 드라이버가 잡히지 않았습니다.
그래서 삭제하고 한 단계 전 드라이버를 설치했는데도 출력이 잡히지 않더군요
이렇게 40분 정도 하고 있는데, 재부팅을 하면 검은 화면에 전력이 들어와있고
재부팅이 되지 않는 것 입니다.
이 문제도 잡으려고 hpet를 true로 설정해줬는데도
재부팅 문제가 잡히지 않았습니다.
그래서 임시방편으로  모니터 사운드를 연결해서 사용하기로 하고
usb 사운드 카드를 사서 연결하시다가 시간 날때 메인보드 본사 A/S 보내서
수리 하는걸로 마무리 지으려고 했는데, 들인 시간도 아깝고 이대로 가면 너무
찜찜할 것 같은겁니다.
그래서 바이오스 가서 hd audio 활성화를 꺼주고 부팅후 드라이버 삭제 한뒤
한 단계 아래 버전 드라이버 설치한뒤
전원을 끄고 램부터 다 빼고 30분 동안 컴퓨터를 청소 했습니다.
간단한 거라 생각한 것도 있고 오랜만의 수리라서 챙겨간게 너무 적은터라..
집에 있는 면이랑 면봉과 다이소 고압분사기로
나름 깔끔하게 청소한뒤  전원을 켜보니 nvidia hd audio가
realtek audio로 분리되어 있고 재부팅도 잘 되었습니다.
의뢰자 분은 15만원을 아끼고 안된다고 말해서 구매신청한 usb 사운드카드를
취소해도 된다며 매우 좋아하시며 티즐 피치 우롱티를 주셨습니다.
이제 과제도 할 수 있고 돈도 아끼고 잘 해결되서 좋아하시는 것을 보니
너무 보람차더라고요..
그냥 애매하게 갔으면 찝찝했을 것 같았는데..ㅠㅠ
20대 초반 만원 2만원이 아까운 시기에 업체 눈탱이 안맞게 해드리고
오늘 하루 후련하게 해드린 것 같아 저도 기분이 매우 좋았습니다.
오랜만에 간단한 수리였지만.. 3시에 출발해서 3시30분에 도착하고
5시30분 까지 수리를 했으니.. 생각보다는 걸린거네요 ㅠㅠ
쉬어도 좋은 하루 였지만 기분이 좋습니다!
수리 3줄 요약을 하자면
1. 사운드 출력 문제는 b350~360 시리즈 고질병 중 하나
2. 바이오스에 가서 내장 오디오 끄기 후 장치관리자 및 제어판에 가서 관련 드라이버 삭제
3. 드라이버 삭제후 이전 드라이버 수동 설치 이후 바이오스에서 내장 오디오 활성화
4. 문데기 청소
또 새벽에 일어나서 일 가야 하지만 3만원..지금 일하는 일에 비하면.. 큰돈은 아니라도
그래도 이번 주말 기분좋게  벌었네요 ㅎㅎ",,,etc,clien,https://www.clien.net/service/board/use/16768176,
clien_006,전기자전거로 배민 커넥터 된 이후 (2편),"https://www.clien.net/service/board/use/15228715
CLIEN
-> 커넥터 계약까지의 과정
이제 첫 배달을 나선 이후 실 경험기를 적어보겠습니다.
제가 속한 지역은 '강남서초점' 입니다.
운행승인 문자 받은 후 운행시작 버튼을 누르니 배차를 기다리는 '대기' 목록이 나옵니다.
기본적으로 음식점 이름, 배달금액이 표시됩니다.
3천원, 3천원 +2백원, 35백원, 4천원, 45백원, 3천원+2천원 뭐 이런 식으로 다양한 요금이 보입니다.
어떤 배달건은 프리미엄이란 표시가 붙어 있고, 어떤 건은 푸르스름한 효과가 한쪽 구석에 점등되고,
어떤 건은 아무런 효과가 없습니다.
음식점 이름을 누르고 픽업지와 배달지역, 배달음식 종류와 양, 결제수단, 고객요청 사항 등을 확인해야 합니다.
첫배차 신청을 했습니다.
숙소 인근에서 오가며 봤던 음식점 입니다. 픽업지(음식점) 거리도 가깝고 위치를 알고 있어 찾아가기 쉬웠습니다.
배차 신청을 누르면 '진행' 탭에 해당건이 표시가 됩니다. 조리소요시간은 10분이라고 나옵니다.
숙소를 나서면서 '조리요청' 버튼을 누릅니다. 제가 배차를 받은 후 픽업지 도착가능 시간과 조리시간을 고려해서
'조리요청' 버튼을 누르면 됩니다.
숙소를 나섰습니다.
아침에 출근 복장에 백팩을 메고 헬멧을 쓰고 자전거를 끌고 나갔는데 지금은 편한 옷차림에 백팩 대신 배달 가방을
메고 엘리베이터를 탑니다. 살짝 묘한 기분을 느낍니다. 주변 사람들의 시선이 의식되는 걸까요..
근데 코로나19로 마스크까지 필수로 써야하는 마당에 이 동네에 나를 아는 사람이 누가 있다고 신경쓰냐며,
늘어나는 뱃살 + '돈' 을 다시 상기시키며 나섭니다. 1층에 도착 후 픽업지로 출발합니다.
첫픽업지 도착했습니다.
픽업지 도착 후 자전거 세우고 앱에서 '가게도착' 누릅니다. 진행상태가 '픽업대기' 로 변경됩니다.
들어가면 배민가방을 메고, 가방 끈에 배민 뱃지가 달려있어서 가게에서도 금방 알아봅니다.
도착하면 '얼마짜리' 주문인지 얘기했습니다. 사전에 알아보니 배달건이 여러건인지라 통상 금액을 알려주면
금방 받을 수 있다고 했거든요. 배달포장에 영수증이 붙어 있습니다. 그런데 주문번호는 없습니다.
사전교육 때도 그렇고 배달앱도 그렇고 주문번호를 확인 할 수 있는데 (통상 4자리, 1C4W 뭐 대충 이런식)
같은 금액의 배달건수가 있을 수 있으니 주문번호를 확인하는게 가장 정확합니다.
직원에게 물어보니 주문번호는 안찍혀 나온다고 합니다. 그래도 한 번 더 영수증에 적힌 주문내역과 앱에서 보이는
배달 내역을 보니 맞긴 합니다. 받은 뒤에 앱에 진행상태에서 '픽업완료' 를 누릅니다.
전달지까지의 소요시간이 나옵니다. 5분, 10분, 15분, 20분(최대) 첫 배달이니 넉넉하게 누르고 출발합니다.
전달지에 도착했습니다.
건물이 너무 많습니다. 제가 살던 동네도 아니고 ㅎㅎ
엄청 두리번 거리며 주소지 확인합니다. (전달지 정보에 건물명이 나오기도, 안나오기도 합니다.)
맞는 주소지를 찾아 출입구에 적당히 자전거를 세웁니다.
엘리베이터 올라가는 동안 고객요청사항 (가게 요청, 라이더 요청 중 라이더 요청사항) 확인합니다.
아무것도 없습니다. 도착 후 벨을 누르니 젊은 청년이 나와서 물건을 받는데 하의실종 패션이네요 ㅎㅎㅎ
첫 배달지에서 비쥬얼 쇼크 당합니다 ㅎㅎ
배달 완료했습니다.
음식을 전달 후 진행 내역에서 '배달 완료' 를 누릅니다. '대기 18건, 진행 0건, 완료 1건'
첫 배달 성공입니다. 배차 신청을 하고, 음식을 받아 전달하는데 소요시간은 약 25분?
이후 대기목록에서 가까운 위주로 해놓고 몇 차례 더 해보니 어렵지 않았습니다.
B마트를 해봤습니다.
돌아다니다 보니 대기 목록에 B마트라는게 서너건씩 떠있습니다.
호기심에 눌러보니 음료, 조미료, 식자재 등 일반 슈퍼마켓에서 판매하는 제품들 배달입니다.
자꾸 대기목록에 나와있는게 신경쓰여 하나 해보기로 하고 배차신청을 눌렀습니다.
픽업지 위치가 제가 아는 지역이었는데 평소 자전거 출퇴근 길 근처였습니다.
그런데 평소 출퇴근 길(대로) 보다 골목이 가까워 보여 들어갔습니다.
고급주택이 즐비하네요...마치 드라마에서 본거 같은...오~ 대로 안쪽에 이런 곳이 라고 생각은 잠시..
엄청난 오르막 내리막이 반복..;;
비마트 근처에 다와가니 스쿠터들이 여러대 지나가길래 같은 방향으로 따라갔습니다.
B마트 강남점. 도착하니 입구에서 체온을 측정하고 서류에 도착시간, 이름, 전화번호 뒷4자리, 체온을 기록합니다.
안쪽에선 수 많은 포장물건들이 출고대기 선반에 놓여있고 옆에 화면에는 포장중인 물건과 포장완료된 물건 번호가
표시되어 있습니다. (마치 패스트푸트점 전광판 같은) 많은 라이더분들이 오가며 집어갑니다.
B마트 역시 도착 후 '가게도착' 을 누르고 '픽업대기' 상태에서 화면을 보고 물건이 이미 나와있으면 가져가면 되는데,
조금 다른건 '픽업대기' 버튼을 누르면 카메라가 실행되고 물건에 붙은 영수증에 QR코드를 찍습니다.
물건이 맞으면 '픽업완료' 가 되고 똑같이 전달지까지의 시간 선택을 한 뒤 출발하면 됩니다.
실수로 배달 완료를 눌러버렸습니다.
B마트 픽업 후 잠시 자전거 락을 푼다고 핸드폰을 주머니에 넣었다 꺼내니 진행중인 배달이 없어졌습니다.
핸드폰을 잠시 주머니에 넣는 순간 '배달완료' 가 눌러져버린 모양입니다.
완료 리스트에 정보를 보니 전달지의 상세주소는 이미 XXX 처리되어 있습니다.
일단 대략적 위치 확인은 했었으니 전달지 근처까지 간 뒤 채팅으로 배달상태 변경을 해달라고 남겼습니다.
정확한 사유를 적으라고 뜨는데 사유를 적으려고 하는데 바로 '진행' 상태로 돌아오더군요. (음??)
주소지 확인 후 배달을 완료하고 내려와 핸드폰을 다시 보니 센터 상담원이 배달 지연이 될 거 같은지,
배달을 완료 한 뒤에 연락을 달라고 메세지를 남겼길래 사유를 설명했더니 알겠다며 안전운전 하라고
메세지 남겨주고 아웃 하더군요.
이렇게 여차저차 7월 14일 첫 배달을 시작으로 틈틈히 20시~25시? 정도 사이 배달을 하고 있습니다.
게임하고 영화보다가 새벽에 잠드는것 보다 뭔가 열심히 사는거 같은 기분도 들고 의외로",,,etc,clien,https://www.clien.net/service/board/use/15237037,
clien_007,"에이전시,쇼핑몰등 온라인 10년째.. 넋두리 한번 해봅니다.","온라인 어느새 10년째 넋두리 한번 써봐요.
요즘들어 생각이 많고 고민도 좀 있어서 그동안을 간단히 정리 해 보고자 쓰는 글입니다.
최대한 짧게 쓸 건데 길어질 것 같네요.
약 10년전 27살 어느정도 괜찮은 웹에이전시에 취직했습니다.
그 전까지는 취업준비하고 알바정도의 일을 하다가 만족할 만한 회사에 취직하면 온라인 쪽에 첫 발을 내딘거죠.
임대형 쇼핑몰을 서비스하는 회사로 저는 개발팀에 속해 클라이언트 쇼핑몰의 유지보수 업무를 주로 했습니다.
중요한 개발이나 커스터마이징은 경력있는 선배들이 했었죠.
컴퓨터는 어려서부터 다뤘었고 잘하는 편이어서 일 적응은 빨랐습니다.
2년이 조금 넘는 시간 이 회사를 다니고 그만두기까지 생각의 변화도 많았고 많은 일이 있었네요.
처음에는 모든 것이 만족스러웠습니다.
""이정도 회사라면 평생 다녀도 되겠다"", ""열심히 해서 인정 받고 싶다"" 라는 생각에 1년 정도는 정말 열심히 일 하고 사회생활에도 최선을 다했습니다.
싹싹하고 센스있다는 말도 많이 들으며 프로그래밍 공부도 열심히 했습니다.
1년이 좀 지나면서 부터 일도 익숙해지고 후임도 두세명 들어오면서 일에 대한 제 가치관이 조금씩 바뀌기 시작했습니다.
그 전까지 만족할 수 있을 것 같은 회사생활이었습니다.
하지만 9시부터 18시까지 정해진 시간에 회사에만 있어야하는 현실이 점점 숨막혀왔습니다.
휴가를 쓰기 위해 눈치를 보고 맘편히 은행일도 보기 힘든 상황들을 벗어나고 싶었습니다.
또한 개발자 사수들의 안좋은 관습, 직장 내 상하관계에서 오는 불합리들에서 점점 불만이 생겼습니다.
2년차 부터는 회사를 다니며 쌓인 인맥과 커뮤니티등을 활용해서 간단한 사이트 제작 부업도 같이 했었습니다.
9시부터 18시까지 회사생활을 하고 저녁과 밤에는 부업을 하며 추가수입을 냈던거죠.
부업의 수입이 회사 월급을 넘었던 달, 퇴사를 결정했습니다.
퇴사를 하고 작은 사무실을 얻어 디자이너, 기획자등과 팀을 이뤄 프리랜서 그룹을 만들어야겠다는 생각을 한거죠.
술을 마시면 다음날은 좀 늦게 일 시작하고 개인적인 일이 생기면 편하게 일보러 나가고.. 여행을 가고 싶으면 여행을 가고..
그렇게 돈을 벌어도 회사에서 받는 월급보다 많이 받을거라는 생각이 있었죠.
회사에 퇴사의사를 밝히고 인수인계 및 진행하던 프로젝트를 마감할 3개월의 시간이 주어졌습니다.
이 3개월은 정말 바쁘게 살았던 것 같습니다.
회사일도 엄청 바빴으며 부업도 하고 있었고 퇴사 후 진행할 프로젝트그룹도 바로 시작할 예정이라 준비할 게 많았죠.
그러던 와중에 친한 친구 녀석이 성인용품 쇼핑몰을 만들어 달라고 찾아왔습니다.
저에게 이 친구가 인생의 첫번째 터닝포인트가 됩니다.
저는 친구에게 비용을 받고 쇼핑몰을 제작 해 주었습니다.
친구가 저에게 쇼핑몰 제작 일을 의뢰 한 것이었죠.
350만원을 받았고 150만원은 디자이너를 주고 200만원은 제가 가졌습니다.
친구의 쇼핑몰 제작을 2개월 정도 했습니다. 사실 한달정도면 끝낼 수 있는 분량이었습니다.
당시 다니던 회사와 친구의 사무실이 매우 가까웠습니다.
논현역과 지금의 언주역위치. 회사일을 마치고 저녁엔 친구 사무실로 가서 늦게까지 친구 사이트를 제작했습니다.
친구니까 좀 더 잘 됐으면 하는 바람에 견적 이상의 일을 해 준 것이 사실입니다.
굳이 안 해줘도 되는데 다른 사이트들 참고하고 트랜드 분석하면서 이런거 적용하면 괜찮겠다하며 친구 보여주고..
친구는 대박인데 이게 가능하냐고 물어보았죠.
계획에도 없던 많은 기능들을 추가로 넣어줬습니다.
새벽시간에는 더 싸지는 타임세일기능, 당시 유행하던 소셜커머스에서 따운 하루 한상품 파격세일, 회원/비회원 가격 차별화등등..
단순히 따져도 일반 클라이언트라면 300만원 이상의 견적을 청구 할 수 있는 작업량이었습니다.
DB설계하고 프로그래밍하고 어드민페이지 수정하고 이벤트페이지 만들고.. 개발에 들어가는 부분이 꽤 많았거든요.
제가 그렇게 했던 이유는 그당시에 너무 재밌었고 친구가 잘 됐으면 하는 마음이었죠.
그렇게 친구의 쇼핑몰 제작은 끝나고 제 퇴사도 얼마 남지 않은 시점이었죠.
그때부터 친구는 이 쇼핑몰을 같이 하자고 저에게 제안합니다.
친구는 마치 내일처럼 쇼핑몰은 만들던 저에게 내심 고마웠고 그런 모습에 같이 하고 싶은 마음이 생겼던거죠.
저도 당시 준비하던 것이 있었고 목표가 있었습니다.
또한 쇼핑몰로 망하는 사람을 많이 봤기에 처음에는 거절을 했습니다.
하지만 제안이 계속될 수록 친구의 열정을 느꼈고 둘이 일하면 재밌겠다라는 생각에 준비하던 프리랜서 그룹을 정리하고 친구의 사무실로 들어가 친구와 동업을 하였습니다.
이때까지만 해도 저는 php만 좀 아는 초보개발자(퍼블리셔)에 불과 했습니다.
마케팅은 전혀 몰랐죠. 블로그, 카페, 지식인으로 마케팅을 많이 하더라 정도만 알았지 그렇게 어렵고 힘든건지 몰랐습니다.
처음 1년은 너무 힘들었습니다. 없는 살림에 유료광고도 해봤지만 효과가 너무 없었습니다.
둘이 머리 맡대고 다양한 시도를 해보았습니다. 마케팅의 해법을 찾기 위해 많은 시도를 했습니다.
그럼에도 불구하고 매출이 없었고 하는 일만 엄청많았습니다. 다양한 노가다도 많이했고요.
그렇지만 월 100만원을 가져가기 힘들었습니다.
이런 상황속에 이 쇼핑몰을 포기할까라는 생각을 한 적도 많았지만 친구와 서로 힘이 되어 하루하루 버텼습니다.
당시 저희가 일하던 사무실은 책상이 3개 들어있는 소호사무실이었습니다.
폭우 속에 일을 하던 새벽, 갑자기 건물이 정전이 되어 일을 할 수 없는 상태가 되었습니다.
정전이 길어지기에 우리는 그날 일을 포기하고 어두운 사무실에서 촛불을 키고 컵라면, 참치, 과자등과 함께 소주를 마신 적도 있었습니다.
둘다 술을 좋아하지 않았었는데 그땐 그 소주 몇잔이 그렇게 맛있었네요.
아무튼 약 1년의 시간동안 집은 1주일에 1~2번 들어가고 사무실, 찜질방등에서 자면서 고생을 하니 조금씩 빛이 보이기 시작했습니다.
매출은 없었지만 1년의 시간동안 우리는 일을 했었고 노하우가 생겼던 거죠.
블로그 키우라는 말에 몇달 전부터 소소하게 글쓰던 블로그 3개가 최적화 블로그가 되어있었습니다.
당시에는 용어도 몰랐던 최적화 블로그를 우리",,,etc,clien,https://www.clien.net/service/board/park/13028340,
clien_008,'블로그 월 100만원 수입' 이라는 컨텐츠들에 대해서,"유튜브를 보면 종종 ""블로그 월 100만원 수입"" , 경제적 자유...
이런 식의 자극적인 컨텐츠들이 많이 보이곤 합니다.
월 천... 뭐 이런 것들은 그냥 어이가 없어서 웃고 넘어가긴 하지만
실제로 티스토리에서 에드센스의 수입이나
네이버에서의 쿠팡이나 협찬 등등으로 월 100만원의 수입이 보장 될 수 있는 구조인지 궁금하더군요.
관련 수업도 많이 있긴 하지만
극찬과 사기? 처럼 극단으로 후기가 나눠지더라구요.
블로그를 운영하시는 분들에게 문의를 드리고 싶어서 글을 올렸습니다.
이것이 부업으로 가능한 것인지 알고 싶습니다.",,,etc,clien,https://www.clien.net/service/board/kin/18601493,
clien_009,저는 100만원으로 창업했었습니다.,"창업이야기가 있어서 저도 생각 난 김에 적어봅니다.
제가 사업 한 이야기나 힘든 이야기는 여기에도 종종 쓰긴 했는데,
사업이란게 생각보다 어마어마한 정신노동이고 그 성과가 모 아니면 도일 가능성이 높아 매우 지치는 일 입니다.
대신 '
한번 성공하면 다 만회할 수 있'....을
가능성이 있죠.
2006년 제가 처음 창업했을 때 가지고 있던 자본금은 100만원 이었습니다.
각자 100만원으로 시작한 이유는 '없어도 크게 힘들지 않은 자본'이 100만원이라고 생각했기 때문입니다.
제 100만원과 공동창업자의 100만원을 합해 200만원을 자본금으로 했고
30만원짜리 중고 노트북 하나씩 사서 소프트웨어 개발 회사를 만들었죠.
그런데 저도 공동창업자도 개발자 출신이 아니었기 때문에 곧 난관을 만나게 되었고
즉각 매출을 올릴 수 있는 무언가가 필요했습니다.
그나마 오랫동안 알바로 일을 했었던 '책 편집'일을 받아서 했죠.
편집을 해서 인쇄소에 넘겨 50권 정도 만들어 납품하고... 뭐 이런 일이었습니다.
한번 일을 하면 매출이 100만원이고 비용은 60만원 정도 들었습니다.
40만원이 남는거고, 일주일에 이런 일이 1번씩 있습니다.
총 월 수익은 200만원, 이걸 둘이 나누면 100만원... 세금 빼면.... 진짜 입에 풀칠하는 수준이었죠.
그렇게 '근근이' 두어달 정도 시간을 보내고 있던 어느날 사고가 벌어집니다.
비오는 여름에 퀵으로 납품할 책을 인쇄소로부터 받았는데, 맙소사 책이 다 젖은겁니다.
퀵 기사는 나몰라라 도망가버렸고, 납품은 해야되고....
뭐 어찌저찌 넘어가긴 했지만, 그때 깨달은것은 '새로운 방법이 필요하다' 였습니다.
그때 번뜩 떠오른 생각이 '어차피 50권 정도면 레이저 프린터로 50장씩 뽑아 소형 제본기로 책을 만들 수 있지 않을까?' 였습니다.
조사를 해 보니 당시 1분에 60페이지가 인쇄되는 '고속복사기' 라는 제품이 있었는데, 중고 가격이 500만원 정도 했습니다.
반면 중고 흑백 레이저프린터는 1분에 10페이지 출력이 가능한 제품이 10만원정도면 구입이 가능했고
비정품 토너를 쓰면 고속복사기보다 유지비가 저렴했습니다.
그럼 흑백 레이저 프린터 6대만 있어도 500만원의 효용을 달성할 수 있겠다 싶어 즉시 실행에 옮겼습니다.
물론 양면출력 되는 제품은 비싸서 수동으로 양면인쇄를 한 것은 덤입니다. ㅎㅎ
예상은 적중해 이 방식은 초기 저희 사업을 성장시키는 데 큰 역할을 했고
회사는 계속 성장해서 사무실을 이전, 1억이 넘는 출력기를 구매할 수 있을 정도로 성장했습니다.
이렇게 성장하는데 3년정도 걸렸네요.
처음에 투자한 100만원이 매출 몇억짜리 회사를 만든겁니다.
그런데 '그래서 그들은 행복했네'로 끝나면 좋을텐데, 아쉽게도 그러진 못했습니다.
당시 정부부처쪽 일을 하고 있었는데 정권이 바뀌면서 갑자기 일이 끊겨 망하기도 했고
빚더미에 올라갔다가 내려갔다가 하다가
한달에 20만원짜리 공유오피스 구석에서 쭈그려서 일을 하기도 하다가
다시 초등학교 교육 콘텐츠 회사로 십수억 매출을 올리기도 했습니다.
코로나 때문에 지금은 정리하고 다시 새로운 시작을 준비하고 있지만
사업에 대해 제가 확신할 수 있는건
사업으로 성공하는건 많은 자본 보다 '
순간의 사건을 어떻게 생각하는가
'에 성패가 달리는 것이라 생각합니다.
사업 망한 얘기라면 책을 써도 몇백장 쓰겠는데 망한 이야기를 좋아하실리는 없으니 ㅎㅎㅎ
여튼제 결론은 이렇습니다.
-----------
1. 사업은 감당할 수 있는 최저자본으로 시작해야 한다.
(개인에 따라 다르겠지 300만원 정도가 한도인 것 같습니다)
2. 사업의 본질은 '타인이 가진 (또는 가질 수 있는) 문제를 해결하는 것이다.
그 문제는 빛처럼 왔다가 빛처럼 사라지니 항상 눈을 크게 뜨고 있어야 한다.
3. 혼자 시작하는게 외롭고 힘들긴 하지만 동업은 진짜 잘 생각 해 보는게 좋다.
------------
특히 창업을 준비하시는 분들에게 조금이나마 도움이 되었으면 좋겠습니다.
그렇지만 현실은 저도 지금 백ㅅ........ ㅠㅠ
그렇다고 합니다.
진짜 끗.",,,etc,clien,https://www.clien.net/service/board/park/16657055,
clien_010,"오랜 구직 실패에 여러 도전을 하다보니, 이제 좋을 날이 올지도 모르겠습니다.","개발자로 5년 정도 경력이 있던 와중에
스타트업을 마지막으로 거의 1년반을
구직생활을 하고 있네요...ㅠ
이 기간동안 여러 취미들도 경험해보고
특히 사진과 카메라를 취미로 가지고 관심을 많이 가지던 와중에
이것으로 뭔가를 하면 좋겠다 싶었습니다.
그래서 내가 좋아하는 것으로 1원이라도 벌어 보는 것을 작은 목표로 잡아서
한 달 전부터 유튜브와 인스타를 시작했고
당연하지만 아직은 뭐 큰 결과물은 없습니다ㅋㅋㅋㅋ
그래도 꾸준하게 계속 고민하고 컨텐츠를 만들고 새로운 것을 만들려고하면서
뭔가 남기는 것을 목표로 하고 있습니다.
그러던 와중에 스스로 사진찍는 개발자로 칭호를 붙였던것 때문에
약 1주일 전부터는 앱을 만들기 시작해서
칭호 유지용 무료앱이 노출계앱을 시작으로 출시하고
오늘 드디어 유료앱으로 내놓으려던
필름 감성 카메라 앱까지 출시를 성공했네요
사업자부터 통신판매업 등.. 모르는 것들을 하나하나
챙기면서 영상편집도 하고 앱도 개발하고 디자인도 고민하고
이런저런 하루라는 시간이 부족한 나날이었습니다ㅋㅋㅋ
물론 아직은 1원도 못 벌었지만
생각보다 짧은 시간에도 많은 것을 할수 있었기에
계속 고민하고 도전하려는 마음에
큰 동기부여와 성취감이 들어서
그냥 글 남겨봅니다.
그리고 뭐 앱 개발하던 중간에
5월에 투입되는 일도 계약을 했어서
투잡처럼 될거 같기도 하고
좋은 일이 이제는 조금이라도 왔으면 하네요
/////
또 중장기적 목표는
이쪽에서 쬐끔이라도 유명해지고 영향력도 아주 조금 생겨서
핫셀블라드 광고를 받는 그날까지ㅎㅎㅎ",,,etc,clien,https://www.clien.net/service/board/park/19168043,
clien_011,50대 1인 개발자 살아남기,"50대 개발자입니다.
현재 재택으로 남이 주는 일 받아서 하고 있습니다.
오늘 아침에 구글 캘린더가 창립기념일을 알려주는 알람을 보내주더군요. 창립기념일이라 하니 거창하지만 그냥 개인사업자를 낸 1인 기업 개인개발자입니다. 사업자를 낸지는 오늘이 정확히 2년이 되는 날이고, 마지막 회사를 퇴사 하고 1인 개발자로 살아 남은지 5년이 되었습니다. 3년간은 3.3% 원천징수 프리랜서를 했습니다.
""5년 동안 살아 남았구나."" 라는 생각에 울컥... 까지는 아니고 나름 소회가 남달라 그간 느낀 점, 생각들 몇가지 적어 봅니다.
1. 성실
재택 개발자로서 가장 필요한 덕목이라 생각합니다. 얼굴을 보이지 않는 재택근무자는 클라이언트에게 신뢰감을 줘야 합니다. 신뢰감을 주는 방법은 다른거 없더군요. 성실하면 됩니다.
약속된 날짜에 약속된 결과물을 보여줘야 합니다. 물론 일이라는게 스케쥴에 딱딱 맞게 진행되진 않습니다. 그럴땐 그것대로 미리미리 내용을 설명해야 하고, 당연히 합당한 이유가 있어야 합니다.
집에 있으면 회사에서 보다는 일이 잘 안되는게 당연합니다. 거실의 쇼파, 부엌의 냉장고, 가족등 유혹하는 것들이 많기 때문이죠. 무작정 그것들을 이겨내고 하루 8시간씩 일 해라.. 까지는 아니고 본인 스스로가 납득할 정도의 하루 업무량은 지켜야 합니다.
며칠씩 일을 안하다가 한번에 몰아서 하는건 좋지 않습니다. 클라이언트와의 소통에도 도움이 되지 않고, 스스로 관리도 되지 않습니다.
2. 인맥
사실 이걸 1번으로 적을까 했습니다. 그리고 한동안은 이게 전부 라고 생각을 하기도 했었습니다. 1인 개발자는 따로 영업을 하기 힘들기 때문에 결국엔 인맥이 가장 소중한 자산이라 생각했기 때문이죠. 하지만 5년 정도 되어보니 인맥보다는 성실을 통한 신뢰 쌓기가 5년간 버틸 수 있었던 원인이 아닌가 싶습니다.
인맥으로 새로운 일을 만들어내고, 성실함을 인정 받아 또 다른 일을 만들어내는 구조가 되어야 1인 개발자로 살아 남기가 가능해지는게 아닐까 싶습니다.
3. 전략
이 글에서 제가 하고 싶은 이야기 핵심 입니다.
보통은 계약 후, 일을 진행하여 일이 끝나면 개발비를 받고 해당 계약 건은 종료되는게 일반적일 겁니다.
하지만 40대 후반에 마지막 회사를 퇴사하고 1인 개발자로 살아남기를 결심하면서 가장 중요하게 생각했던건 ""꾸준한 수입"", ""일의 지속성"" 이었습니다. 보통 단건 계약은 개발이 끝나면 종료되고 또 다른 일을 구해야 한다는 부담감이 생깁니다. 영업이 필요하다는 이야기죠.
저는 1인 개발자로서 영업력이 문제가 될 수 있을거다는 생각에 다른 전략을 세웠습니다.
업무 계약시 개발비를 받지 않고 처음부터 유지보수 형태의 계약을 취했습니다. 예를 들어 3개월 개발에 1200만원 짜리 업무가 있다고 가정한다면 (숫자는 계산하기 쉽게 예시를 들었습니다) 3개월 이후에는 또 다른 일을 구해야 한다는 부담감이 있기 때문에 3개월안에 개발을 하되, 계약은 1년 계약으로 해서 월 100만원(12개월 * 100만원 = 1200만원) 받는 식으로 계약을 유도 했습니다.
저는 비록 금액은 크지 않지만 1년간의 새로운 영업이 필요 없는 고정 수익이 생기는 것이고, 클라이언트 입장에서는 당장 1200만원이라는 큰 돈이 들어가지 않고, 1년간의 유지보수, 업그래이드를 계속 할 수 있다는 장점이 생기는 겁니다. 마치 직원을 한명 고용한 효과가 생기는 거죠.
개발비를 한번에 받는 것과, 잘게 쪼개서 나눠 받는 것이 조삼모사라고 생각할 수도 있는데, 작은 금액이더라도 1년간의 고정 금액을 만드는 것은 생각외로 큰 효과가 있습니다. 1인 개발자로서의 심리적 안정감이죠.
그리고 1년간 신뢰를 쌓으면 그 클라이언트는 반드시 1년 뒤에 계약을 연장하거나 새로운 일을 또 만들어서 같이 일을 하게 될거라 생각을 했었고, 이 전략은 5년이 지난 현재까지는 일단 성공 하고 있습니다.
4. AI
AI 이야기를 빼 놓을 수는 없을거 같습니다. 많은 개발자분들이 공감하시겠지만 나이가 들면 일에 대한 매너리즘에도 빠지게 되고, 또한 새로운 기술, 트랜드로부터 뒤쳐짐도 느껴지기도 하고 그렇습니다.
저 역시 힘든 시기가 있었는데, AI가 새로운 활력이 되었습니다. 어느 순간부터 코딩이 재미 없어지고 일이 일로서만 느껴지면서 매너리즘에 빠지고 무력함에 빠지기도 했는데 코딩에 AI 를 도입하면서 재미를 되찾게 되었고 단순하고 귀찮은 부분들을 AI가 커버해주면서 개발자로서 마치 새로운 생명력을 얻은 기분입니다.
거짓말 좀 보태면 개발자 때려치우고 닭집 창업 직전까지 갔다가 다시 개발자로 돌아온 느낌입니다.
실제로 업무 속도도 상당히 늘었으며, 전문 분야가 아닌 부분들(예를 들면 css 같은)도 막힘없이 진행이 되기에 정말 크게 도움이 되고 있습니다.
물론 요즘 뉴스들을 보면 개발자들에게 좋은 일만은 아닌거 같습니다. MS의 대규모 해고 건도 그렇구요. 특히나 주니어 개발자들은 사람이 아닌 AI와 자리 경쟁을 해야 하는 분위기라고 하니 참 어려울거 같기도 합니다.
하지만 AI도 결국은 tool 일 뿐이죠. 하나의 tool 로서의 활용성을 높이면 개발자로서 좀 더 좋은 환경 속에서 일 할 수 있게 되지 않을까 생각합니다.
5. 그렇게 살아 남고 있습니다.
독립 후 한동안은 직전 회사에서 받던 월급에서 1/3 토막이 나는 수입을 기록 했었습니다.
당시 40대 후반이라는 나이, 가족, 미래 계획등 모든 것이 암울 했었습니다.
하지만 조금씩 계약하는 업무가 늘어나면서 지금은 직전 회사 정도의 수입을 내고 있습니다. 5년간 꾸준히 계속 같이 일 하는 업체도 몇 곳이 있구요. 참 감사 할 따름입니다.
최근에 새로운 계약이 진행되고 있는데 계약 성사 가능성은 반반이지만 만약 계약이 되면 당분간은 돈 걱정없이 살 수 있을거 같습니다.
6. 맺으며
지난 5년을 되돌아보니 운이 좋았구나 하는 생각을 합니다.
마침(?) 코로나 시국이라 재택근무에 대한 인식이 많이 바뀌었고 클라이언트 분들도 원격으로 회의 하고 업무 진행하는 것에 거부감이 없었습니다.
또한 다행스럽게도 일이 끊기지 않고 계속 일을 할 수 있었던 것도 정말 운이 좋았다는 생각입니다. 다음 달 어떻게 하지?",,,etc,clien,https://www.clien.net/service/board/use/18991126,
clien_012,애플스토어 픽업 취소당한 물건이 다시 생긴 기적,"1. 애플워치 주문 및 픽업 과정
제가 선물하려고 찾던
애플워치 색상과 크기
가 정말 어디에도 없었습니다.
애플 공식 온라인스토어, 인터넷 쇼핑몰, 쿠팡 모두 품절이었고, 입고 예정도 한참 걸린다고 했습니다.
그런데
가로수길 애플스토어
에 딱 하나만 픽업 주문 가능한 재고가 있다는 걸 확인했습니다.
그래서 바로 주문했고, 픽업 날짜가 표시되어서 매장으로 갔습니다.
2. 애플스토어 매장에서의 황당한 상황
그런데 매장에서 픽업하려 하자
직원이 “이건 주문이 취소됐다”고 말했습니다.
제가 놀라서 이유를 묻자,
“어제 고객님이 직접 취소하셨습니다. 고객님이 취소 버튼을 누르셨어요.” 라고 하더군요.
저는 “제가 직접 취소했다면
취소 확인 메일이나 환불 영수증
이 와야 하지 않느냐”고 물었고, 직원도 “맞다”고 했습니다. 그래서
메일함과 스팸함을 보여줬지만
, 취소 메일은 없었습니다.
게다가 카드 결제 내역도
정상 결제 상태
였죠. 제가 이상한거 아니냐니까 원래 환불을 꽤 걸린다 해서 제가 그건 아는데 매입이 정상으로 이루어져서 청구까지 되었고 카드사 연락해도 여전히 정상 매입이고, 환불은 커녕 취소 요청 자체가 안 들어왔다 라 했더니 뭐 그건 시간이 걸릴 수도 있다........이러대여
3. 직원들과의 실랑이
제가 “아무 잘못도 안 했는데 왜 취소됐냐, 당장 픽업 가능하게 해달라”고 하자
직원은 “이미 취소된 건 처리할 수 없다”며 다른 사람을 불렀습니다.
두 번째 직원은 “고객님 저희 기록에선 고객님이 취소버튼을 눌렀어요. 웹사이트에서 한게 아니면 뭐 이메일에서 실수로 취소 버튼을 누르신 것 아닐까요?”라고 했지만, 저는
이메일에 ‘취소 버튼’이 없다는 걸 보여줬습니다.
게다가 저는
안드로이드 폰
을 사용 중이라 아이폰에서 애플스토어는 앱으로나 쓰던데다가 이중인증도 된터라,
애플스토어 로그인 자체가 불가능
했기 때문에, 제가 안드로이드 폰에서 직접 취소할 방법도 딱히 없었고 제가 그걸 취소하고 기억 못할리가 없었습니다.
그런데도 직원은 “주문번호로도 취소할 수 있다”고 했고 제가 그걸로 해봤는데도 거기서도 취소버튼은 안 보였습니다. (제가 당시 집으로도 배송 하나 주문했었어요 그래서 그걸로 테스트해보는데 계정 로그인 안 하면 주문 취소버튼 보이지도 않음)
제가 “그럼 제가 일부러 취소해놓고 이렇게 따지러 왔겠냐”고 하자
직원이 “전산은 틀릴 수 없다.” 우리가 해줄 수 있는게 없다"" 라고 단정 지었습니다.
잠시 후에는 그 직원용 뒷구멍에 들어가고 와서 말을 바꿔서 “고객님이 취소한 게 아닐 수도 있고, 시스템 오류일 수도 있다 양해해라.” 라고 하더군요.
그래서 제가 “그럼 왜 처음엔 내가 취소했다고 계속 주장했냐”고 따지자, “고객님이 취소 버튼을 눌러서 취소했다고 확정하거나 한건 아니고 그냥 고객님이 한거라는 뜻이었다. 온라인스토어 전화나 방문으로 취소했을 수도 있다."" 그래서 제가 전 어떤 방법으로 한 적이 없다고 했더니 또 지들끼리 말하더니 ""오류인것같다. 이런 오류는 흔하지 않은데 하필 이번에 그런 것 같다.” 라며 어이없는 답을 내놨습니다.
4. 모순된 변명과 뉘예뉘예
제가 “취소됐다면
취소 메일이 와야 정상 아니냐
”고 묻자,
그들은 “원래는 그렇지만,
서버 문제
면 안 갈 수도 있다”고 했습니다.
그래서 저는 “아까는
전산이 틀릴 리 없다
고 하지 않았냐 책임자 불러와라”고 했죠.
그러자 또 다른 직원을 데려오더군요.
새로 온 책임자라는 직원은 제 말을 듣는 둥 마는 둥 하며, “뉘↘에↗” 같은 톤으로 대답을 반복하며
조롱하듯 반응
했습니다.
제가 짜증이 확 나서 일부러 ‘네’라고 대답할 수 없는 질문을 던졌는데도 그는 여전히 “뉘에↗""로 답하길래 제가 뭐라구요? 하고
이젠 저한테 이것저것 묻는데 제가 똑같이 ""뉘에""라고 대답하니까, 자기도 ""아 잘못됐다.""를  느꼈는지 뉘에에,, 이어 에?,, 예예~?”라더군요.  너무 화가 나서 “방금 저 조롱하는 거냐”고 따졌더니 아니라고도 안 하고 바로 한동안 아무 대답도 없다가 ""어떤게요?"" 라길래 제가 ""알잖아요 본인도"" 그랬더니 ""난 대답한것일뿐인데 그게 기분이 나쁘다면 죄송하다"" 제가 “그럼 왜 제가 뉘에라고 대답하지도 못할 질문을 했는데도 뉘에라고 했냐 내가 뉘에 뉘에 하니까 왜 갑자기 말이 없어졌냐. 들어보니 어떻냐, 솔직히 본인도 아니까 그러는거아니냐. 소비자로서 정식 항의하겠다”고 하자 그제야 “미안하다”고 했습니다. 그래서 저도 똑같이 ""뉘에""를 대답으로 쭉 시전했습니다.
하지만 이미 주변에는 직원들이 구경하듯 와서 지들끼리
웃으며 떠들고있고
, 직원이랑
시큐리티까지 온
상황이라 기가 막혔습니다. 지들끼리 하는 얘기니 그렇다 쳐도 지금 제가 어떤 상황인지 아는데 굳이 와서 일도 안 하고 서로 떠들고 웃고있는지 어이가 없었습니다
그리고 순간 진짜 자괴감이 들더군요 ""아니 이 스토어는 한 번도 아니고 돈 주고 사면서 이런 대접을 받아야 하나”는 생각이 들었습니다.
5. 끝까지 이어진 무책임한 대응
그 와중에 다른 직원이 “그럼 고객님이 원하시는 게 뭐냐, 다시 주문하시면 된다”고 말했습니다.
그래서 저는 “재고가 없다고 했고, 몇 주나 걸린다는데 지금 와서 다시 주문하라니 말이 되냐”고 했습니다.
“내가 취소도 안 했는데 취소했다고 우기고, 이런 말싸움 하는 것도 화가 난다”고 했습니다.
그들은 “전산이 늦게 업데이트돼 그렇다 거의 몇주 출고 메세지가 며칠내로 바뀔것이다”라며, 거의 며칠 뒤 입고될 테니 준비되면 다시 오라고 했습니다.
하지만 저는 “며칠 뒤면 출국인데 장난하냐”고 했고,
“난 니들 때문에 모든 계획과 일정 다 망쳤다 선물도 못한다 기분도 오늘 하루도 망쳤다 ”고 말했습니다.
그랬더니 잠시 후
직원이 뒷문으로 들어갔다 나오며
“고객님 정말 다행이에요, 우와 딱 하나 남아 있네요!”
라며 갑자기 “없다던 제품이 생겼다”고 했습니다. 이야 어제 내가 취소했고 이미 나가서 물건이 없고 며칠이나 온라인 스토어는 몇주 기다려야한다더니, 제가 출국 얘기하고 모든걸 망쳤다니까 갑자기 물건이 생겼네요  ㅋㅋㅋㅋ
그리고는 “근데 픽업 준비하려면 몇 시간 뒤에 다시 오셔야 하고, 결제도 새로 해야 한다”고 했",,,etc,clien,https://www.clien.net/service/board/use/19090897,
clien_013,2025...대한민국50대 부자....,"* 기사 본문에 모든 순위에 대한 설명이 있습니다.
1위부터 10위만...
※ 상승↑ 하락↓ 변화 없음◀▶ 순위 진입★ 자수성가㉶
1. 김병주
순자산: 95억 달러(13조8077억원) / 부의원천: MBK파트너스㉶ / ↑1
김병주는 사모펀드 운용사 MBK파트너스의 설립자 겸 회장이며 ‘아시아 사모펀드의 대부’로 불린다. 그는 2005년 MBK파트너스를 설립하고 대우정밀을 시작으로 굵직한 인수합병(M&A) 거래를 성사시켰고, 2015년 홈플러스를 국내 사모펀드 거래 중 가장 큰 규모인 61억 달러에 인수했다. 이후 수익보다 자산매각에 집중했고 올해 초 홈플러스가 기업회생 절차를 신청해 논란의 중심에 있다.
2. 이재용
78억 달러(11조3369억원) / 삼성전자 / ↓1
이재용은 2022년 삼성전자 회장에 올랐다. 부친인 고 이건희 회장이 일궈놓은 삼성의 기술력 우위를 수성하는 데 난항을 겪고 있다. 2024년 4분기 SK하이닉스에 사상 최초로 영업이익 추월을, 2025년 1분기에는 DRAM 점유율 추월을 허용해 34년간 수성해온 DRAM의 1인자 자리마저 뺏겼다. 이 회장과 그의 가족은 2020년 이건희 회장 사망 이후 12조원에 달하는 상속세를 5년간 분할 납부하고 있다.
3. 조정호
77억 달러(11조1915억원) / 메리츠금융그룹 / ↑1
조정호는 메리츠금융그룹 회장으로, 한진그룹 창업주인 조충훈 회장의 네 아들 중 막내다. 조 회장은 한진투자증권과 동양화재를 물려받았고 이를 통합해  메리츠금융지주를 설립했다. 메리츠금융지주는 상승세를 이어가고 있어 범한진가에서 성공한 기업인으로 평가받는다. 주주가치환원 경영으로 주주의 지지는 물론 본인 지분율도 탄탄히 다지며 배당금도 상당 수령하고 있다.
4. 서정진
63억 달러(9조1567억원) / 셀트리온㉶ / ↓1
서정진은 바이오제약사 셀트리온의 공동 설립자로, 2008년에 셀트리온을 상장했다. 바이오시밀러 사업이 성공하면서 셀트리온은 투자자들에게 가장 인기 있는 기업이 되었다. 서 회장은 2020년 은퇴했으나 2023년 셀트리온 그룹 회장으로 복귀해 장남 진석과 공동 회장으로 셀트리온을 경영하고 있다. 최근 사재로 약 500억원 규모 주식을 장내에서 취득해 셀트리온 지분을 4.03%로 확대했다.
5. 정몽구
39억 달러(5조6684억원) / 현대자동차그룹 / ◀▶
정몽구는 현대그룹 창업자  고 정주영 회장의 차남으로, 2020년에 사임하기 전까지 20년 넘게 현대자동차 회장을 역임했다. 그룹 지주사 격인 현대모비스 최대주주다. 정 명예회장은 87세 고령으로 지난해 건강 위독설이 돌면서 현대모비스 주가가 크게 올랐었다. 사실무근으로 일단락됐지만 승계 문제가 대두됐으며, 현재 현대차그룹은 ‘그룹 순환출자 고리 해소’를 핵심으로 한 지배구조 개편을 적극 검토해왔다.
6. 김범석
34억 달러(4조9417억원) / 쿠팡㉶ / ↑5
김범석은 쿠팡의 설립자 겸 의장이다. 쿠팡은 지난해 매출 ‘40조원’을 기록해 5대 백화점의 총거래액(39조8002억원)을 넘어섰다. 쿠팡은 본업인 이커머스 외에 쿠팡이츠, 명품 쇼핑몰, 대만 진출 등 신사업에서도 성장세를 보이고 있다. 미국 증시에 상장한 쿠팡Inc의 차등의결권 덕분에  김 의장은 쿠팡Inc 지분율이 10%에 불과하지만, 클래스B 주식을 통해 의결권을 70%가량 행사할 수 있다.
7. 김범수
33억 달러(4조7963억원) / 카카오㉶ / ↓1
최근 김범수 카카오 창업자가 경영 일선에서 물러났다. 카카오 지분 23.66%를 보유한 그는 건강상 이유로 사내 컨트롤타워 역할을 하는 CA협의체 공동 의장 자리에서 물러났다. 카카오가 사업을 키우는 과정에서 ‘문어발식 확장’이라는 비판을 받자, 김 창업자는 2023년 경영쇄신위원회 위원장을 맡아 사업 재편을 주도해왔다. 2023년엔 SM엔터테인먼트를 인수하는 과정에서 시세 조종을 지시·공모한 혐의로 기소돼 재판을 받고 있다.
8. 홍라희
32억 달러(4조6510억원) / 삼성전자 / ↓1
고 이건희 삼성 선대 회장의 부인인 홍라희 여사가 8년 만에 삼성미술관 리움 명예 관장으로 복귀했다. 홍 명예 관장은 2017년 이른바 국정농단 사태 당시 이재용 삼성전자 회장 구속 여파로, 관장직을 전격 사퇴한 후  둘째 딸 이서현 삼성물산 사장이 리움 운영위원장을 맡아 미술관을 운영해왔다. 홍 명예 관장은 상속세 마련을 위해 삼성전자  지분 0.32%(1932만4106주)를 지난해 매각했다.
9. 이부진
31억 달러(4조5056억원) / 호텔신라 / ↑4
이부진 호텔신라 사장은 이건희 회장 사망 이후 상속세 마련을 위해 삼성전자 지분 0.04%, 삼성물산 0.65%, 삼성SDS 1.95%, 삼성생명 1.16%를 지난해 매각했다. 호텔신라 경영과 관련해 지난 3월 20일 정기주주총회에서 노인 주거(시니어 레지던스) 신사업을 사업목적에 추가하는 내용의 정관변경 안건을 승인했다. 업계에서는 코로나19 팬데믹 이후 면세 사업에서 적자를 지속하고 있는 가운데 새로운 성장 동력 마련에 나선 것으로 보고 있다.
10. 정의선
30억 달러(4조3603억원) / 현대자동차그룹 / ◀▶
정의선은 2020년 현대자동차그룹 2대 회장으로 취임했다. 그는 기아차의 성장을 이끌었고 현대자동차그룹의 프리미엄 브랜드인 제네시스를 성공적으로 론칭했다. 제네시스는 브랜드 출범 10주년을 맞이하는 올해 누적 판매량이 50만 대를 넘어설 것으로 보인다. 올해 도널드 트럼프 미국 대통령에게 31조원 규모 투자 계획을 공개해 미 행정부의 관세 압박에 정면 돌파하는 결단력을 보였다.
===
상속계열로 분류된 쪽은 삼성가의 영향력이 커보이고...
창업계열 쪽은 산업군이 다양하긴한데, 요즘 회자(?)되는 분들이 많네요....쓰읍...
순자산은 2025년 4월 7일 장 마감 시점의 주가와 환율을 기준으로 했으며, 비상장사는 공개적으로 거래되는 유사한 기업을 기준으로 평가했다고 하니 크게 의미 없는 부분도 많을 겁니다...
출처 :
https://www.forbeskorea.co.kr/news/articleView.html?idxno=400107",,,etc,clien,https://www.clien.net/service/board/park/19114213,
clien_014,이것 저것 부업해본 결과,"배민 쿠팡 배달도 해보고, 블로그 + 애드센스도 해보고, 유튜브도 해봤는데, 온라인쇼핑몰이 그 중 제일 좋내요.
배민쿠팡은 전자로 했는데 시금 1만원은 애당초 무리고 5-6천원 나왔고 특히 퇴근 후 몸쓰는 일에 아내 반대가 심해서 좀 하다가 탈락
블로그 + 애드센스는 꽤 오래하고 지금도 하는데 게을러서인지 1년에 100달러 1번 정도 받는 수준이라서 본격 부업으로는 탈락.
유튜브는 구독자 450명에서 아직 올라가는 중이라 소득은 없고
스마트스토어는 작년 10월부터 시작했는데 직접 제작해서 판매하는 방식이고 이게 젤 좋더군요.
첫달 20만원 수익으로 시작해서 조금씩 조금씩 오르더니 지금은 150만 ~ 200만원 사이가 나옵니다.
상품 개발부터 설계. 부자재 소싱, 마케팅, 제작, CS, 게다가 실용신안 특허까지 직접 하려니 고되긴 한데 나중이 유튜브랑 콜라보 하면 수익도 더 나올 것 같고, 직장만 다니다가 사업을 하니 재밌네요 ㅎㅎ
게다가 간이사업자라서 세금도 거의 면제가 되니 더 좋구요.
원래 월급은 모두 아내에게 주고 (모두 저축함) 용돈벌이용으로 시작한건데 수입이 커지니 아내가 탐낸다는 건 안비밀 ㅜㅜ",,,etc,clien,https://www.clien.net/service/board/park/19050739,
clien_015,팔랑귀라서 애드센스 강의팔이에 넘어갈 뻔 했네요,"정확히는 애드센스로 부업이라도 해볼까 싶게 만드는 영상을 봤는데 어쩐지 사연이 구구절절하더라니 클리앙 내에서 검색만 해봐도 쉬운 일이 아닐 것임은 쉽게 알 수 있겠더라고요.
게다가 티스토리가 흑화한 것도 보이던데 현시점에서 월 1000만원! 너도 할 수 있다! 하는 걸 보니 '저게 뭐지' 싶었는데 역시나 강의팔이였던 모양입니다.
사실 유튜브조차 신입들에게는 사양세에 접어드는 세상인데, 텍스트 기반 블로그가 잘 나가긴 힘들겠죠...
혹시 애드센스로 수익 나고 계신분이 있으시다면 쪽지로나마 대략적인 액수를 들어서 좀 더 정확한 현상 파악을 하고싶긴한데... 인터넷에서 본인 수익을 말해주기도 어려운 일이겠죠?",,,etc,clien,https://www.clien.net/service/board/park/18495083,
clien_016,"맛집 유튜브 구독자 1,000명 달성 후기","[1부] 유튜브 일주일만 하면 전유X 만큼 한다? 맛집 탐방 6개월 구독자 100명 후기
https://www.clien.net/service/board/use/17107178
CLIEN
[2부] 맛집 탐방 유튜브 6개월 구독자 100명 달성 후기
https://www.clien.net/service/board/use/17110722
CLIEN
----------------------------------------------------------------------------------------------------------------------------------
안녕하세요.
지난 2022년 3월에 구독자 100명 달성했다고 글 올린 게 엊그제 같은데, 오늘 구독자 1,000명을 달성했습니다.
좀 얼떨떨하고요.
유튜브 알고리즘느님의 간택을 받아 조회수가 미친듯이 터진 영상 1개가 멱살 캐리 했네요.
그래서 간단(?)하게 후기를 남깁니다.
1. 구독자도 조회수도 찔끔씩 오르던 시절
이전 후기에도 남겼지만, 요즘은 맛집 Shorts 영상+더빙 해서 올리고 만 있습니다.
예상되시겠지만 조회수는 처참했고요 ㅎㅎ 100 미만 나오는게 대부분이죠. 구독자도 일주일에 1~5명 정도 올랐습니다.
그래도 주 5일(월~금) 매일 오후 5시쯤에 영상을 올렸습니다.
직장 근처 맛집들만 찾아다녀도 콘텐츠가 마르질 않더군요 -_-;
매일같이 맛집들 돌아다니고, 영상 찍고, 출퇴근길에 스마트폰앱으로 편집하고, 더빙해서 2차 편집하는게 일상이 되었습니다.
생각보다는 지루하지 않더군요 ^^; 덕분에 게임하는 시간이 현저히 줄었습니다.
초조하지는 않았지만, 그래도 너무 조회수가 안 나오면 실망스럽긴 했습니다.
2. 포켓몬빵! 영상 하나로 개떡상
이 영상은 에피소드가 있는데... 딸아이 초딩학교에 갑자기 띠부씰 유행이 돌기 시작했고 와이프가 포켓몬빵을 몇 번 구해보더니... 자긴 다 구할 수 있을 것 같다며 ;;;; 끝내 11종류를 다 구해오더군요. (지금봐도 어케 모은건지 참... 열정 열정 열정)
와이프 말로는 콘텐츠 만들려고 모은 측면도 있다고 했습니다. 한 화면에 11개 다 나온 영상이 없다며....
희소성 있다고 영상 가치 있다고 주장했습니다.
저는 맛집 채널 성격과 안 맞다고 영상 촬영 안하려고 했는데.. 등쌀에 못 이겨 울며겨자먹기로 대충 촬영하고 편집해서 올렸습니다. 촬영하면서 투덜댄건 비밀입니다.. 흠흠...
헐 근데 이게 대박이 났네요... 순식간에 1만 조회수 찍더니, 거의 하루에 10만씩 오르네요...
오늘 기준으로 83만 조회수
입니다. 조회수가 가파르게 늘면서 좋아요, 댓글, 구독자도 미친듯이 늘었습니다.
아니 영상 하나로 이게 된다고??? 이게 된다고???
네. 됩니다. 지금 유튜브에서 제일 핫한 주제가 '
포켓몬빵
' 이더군요.
구하기 어려우니 대리만족하려고 사람들이 무진장 검색해보고, 연관된 영상 엄청 봅니다.
뒤 늦게 알게 되었는데, 11개 띠부씰 뜯으면서 리자몽, 이상해꽃, 이브이 등이 나왔는데 귀한거라고 하더군요.
저는 포켓몬 별로 관심이 없어서.. 귀한건줄도 몰랐네요 ;;;
3. 포켓몬빵 후속영상 계속 가즈아!!
위에 영상 대충 만들어서 올렸다고 했는데... 그래서 시즌2 발챙이빵을 시즌1이라고 써놨더니, 댓글로 이걸 지적하는 분들이 너무 많은 겁니다.
이미 채널 모니터링과 운영간섭권을 획득한 내무부장관의 강압적인 지시로 ;;;
발챙이빵이 시즌2 인지 시즌1 인지 고객센터에 전화해서 그걸 녹음해서 올리라는 겁니다.
아니 누가봐도 시즌2인데 굳이 해야해??? 라고 반항했지만 이미 조회수뽕을 심하게 맞은 상태라...
군소리없이 영상을 만들어 올립니다. 어이없게도 삼립에서는 시즌1/2 개념은 없다고 하네요 ;;;;
이건 첫 영상에 비해서 관심도가 많이 떨어졌지만 제 기준에 조회수 1만 넘으면 무조건 성공이라 ^^ 기부니가 좋았습니다.
4. 포켓몬빵 신상이 나온다고? 이건 못참지
기존 맛집 영상도 계속 올리고는 있었지만...
조회수뽕에 심취해 신상 포켓몬롤케익이 나오자말자 쿠팡 프레시로 구해서 후다닥 영상 찍어 올렸습니다.
지난번 고객센터에 문의하면서 신상도 물어봤었고 출시일과 쿠팡에서 판다는 정보를 미리 알고 있었습니다. 운이 좋았네요.
역시나 이것도 엊그제부터 초초대박이 나고 있습니다. ㅠㅠ
삼립 고마워... 포켓몬 고마워... 잊지 않을께... ㅠㅠ
5. 앞으로의 운영방안
1,000명 이라는 구독자... 1년 예상했는데 8개월 만에 도달했습니다. 솔직히 와이프가 떠먹여줘서 달성한거죠...
그리고 알게 되었습니다. 유튜브 콘텐츠는 현재 가장 인기있는 키워드, 이슈몰이에 편승해야 떡상하는 거구나.
유튜버들이 유행에 목을 메는 이유가 여기 있었구나.
물론 기존에 올리던 맛집 영상은 계속해서 올리고, 가끔 신상이나 이슈 있는 것들, 신기한 것들도 올리기로 했습니다.
좀 더 콘텐츠의 폭이 넓어졌다고 보는 게 맞겠네요.
더불어 구독자가 늘어나니까, 콘텐츠를 올리면 기본 조회수가 보장이 된다는 거였습니다.
예전에 100명일때는 조회수 10~100 이었다면, 지금은 1,000~5,000 정도 나옵니다. 이게 가장 기분이 좋습니다 ^^;
저 같은 하꼬는 조회수 1,000 이상만 넘으면 만족하거든요 ㅎㅎ
6. 수익화 관련
현재 구독자는 달성했지만 Shorts 특성상 시청시간은 거의 올라가지 않았습니다 ^^;
그래서 수익신청은 당분간 어려워 보이지만 어느 정도 감수하고 Shorts 위주로 간거라 후회는 없습니다.
구독자 늘리는게 우선이라고 생각했었고 지금도 변함은 없습니다.
물론 Shorts 로만 따지면 1만 시간 시청했다고 나오네요...
(유튜브는 얼른 쇼츠로도 수익화할 수 있게 해달라!! 해달라!!)
글이 길어졌네요. 긴 글 봐주셔서 감사합니다.
다음에 또 좋은 소식 있으면 공유드리러 오겠습니다.",,,etc,clien,https://www.clien.net/service/board/use/17243057,
ppomppu_002,N잡러를 위한부업별 수입 비교 (2020년 핫 했던 그부업5가지)8,"2021년 더 열심히 살기 위해 N잡러가 되기로 결심했습니다. 그 중 하나가 블로그이며, 기초 조사를 하면서 정리한 내용을 함께 공유하고자 합니다. 2020년 핫했던 부업을 조사해 보았고, 현재 시점과 본인의 지역상황 등에 차이가 있음을 미리 알려 드립니다.
(본문에 앞서)
글쓴이도 모든 부업을 체험하지 못했다. 하지만 온라인 서칭, 지인, 직접 확인 등 다양한 상황에서 정보를 취합하고 객관성을 가지기 위해 노력하였다.  소개되는 부업의 수입은 읽는 사람의 나이, 성별, 지역 등 다양한 사회적 변수에 의해 차이가 날 수 있고, 내가 수집한 평균을 기준으로 소개하였다.
2020년을 기준으로 꾸준히 관심 받아 온 부업에 대해서 소개하며 소개 된 부업 외 다양한 분야의 부업이 존재한다. 자신의 상황과 적성, 여유시간 등을 고려해 좋은 성과를 이루길 바란다.
이 시대를 열심히 살아가는 모든 분들께 행운과 금전적 수익이 하길 기원하며 이 글을 시작한다.
2020년 인기 있었던 부업은 뭐가 있을까?
2020년 인기 있었던 부업은 당연 ‘쇼핑몰(=오픈마켓)'이 아닐까 생각한다. 그 중
#스마트스토어
는 아주 큰 파괴력을 가졌다. “유튜버
#신사임당
이
쏘아올린 거대한 공
”이라고 해도 되지 않을까. 지금은 120만 유튜버로 거대하고 유명한 그 유튜버. 퇴사한 절친을 스마트스토어에 입문시키고 그 성공스토리를 기록으로 남겼던
#창업다마고치
가 스마트스토어를 유행하게 했던 이유 중 하나일 것이다. 최근에는
#정영민TV
채널에서도 좋은 온라인 비즈니스에 대해서 다양한 정보를 참고 할 수 있다.
자신의 전문성을 판매할 수 있는
전자책 판매
도 인기를 끌었죠.
#N잡하는허대리
도 전자책으로 자신의 재능과 지식을 기록해 판매하는 콘텐츠로 유명세를 떨쳤다.
그리고
2020년 코로나19의 영향으로 언텍트, 비대면이 활성화 되고 이와 함께
#배달
이라는 키워드가 득세(?)하게 되었다.
#배민커넥터트
,
#쿠팡이츠
배달파트너,
#쿠팡플렉스
,
#세탁물배달
등등 다양한 종목의 배달 이 생겼다.
이제 주제로 들어가 보자.
이 글에서 소개하는 알바는 5개이다.
1. (쇼핑몰) 오픈마켓 feat.위탁판매&구매대행
2. (재능판매) 전자책
3. (글쓰기) 블로그
4. (영상) 유튜버
5. (배달) 음식배달, 택배배달, 세탁물배달
콘텐츠를 정하다 보니 어쩔 수 없이 몸쓰는 일 보다 손가락 쓰는 일이 많아 보인다. 시대의 흐름이니 어쩔 수 있겠는가. 컴퓨터에 익숙하지 않아도 익숙해야만 돈을 벌 수 있는 세상이 되어간다.
퇴근 후 집에서 바쁘게 일하는 투잡러, 여러 일을 동시에 진행하는 N잡러의 소중한 시간을 위해 설명은 수익에 집중하여 설명하도록 한다.
1. 온라인 쇼핑몰=오픈마켓 (feat. 위탁판매&구매대행)
부업이라는 타이틀에 걸맞게 직접 사입판매, 제조유통이 아닌 위탁판매와 구매대행으로 얻을 수 있는 수익을 설명한다. 왜냐고? 부업이니깐. 전문셀러 만큼의 수익을 올리는 것은 쉽지 않다. 전업 셀러에 비해 시간, 노력, 상품을 보는 소싱능력, 상세페이지를 통해 구매를 전환시키는 능력, 광고비 등 판매를 위한 다양한 측면에서 열세에 있다.
위탁판매으로는 오너클랜, 도매꾹, 셀러즈, 온채널 등 아주 다양하다. 네이버 또는 구글에
#위탁판매
,
#도매쇼핑몰
#위탁도매
#B2B사이트
등의 키워드로 검색하면 쉽게 찾을 수 있다.
이 경우에 N잡러가 얻을 수 있는
위탁판매 수익은 판매대금의 10%
정도라고 한다. 상품마다 다르니 평균 수익이라는 점을 참고하길 바란다. 위탁은 많은 판매자가 존재하고, 경쟁이 심해 가격이 흐려지는 경우가 많다. 자신만의 차별점을 두고 판매해 보길 권한다. 도매사이트에 있는 대표이미지 변경, 제목변경, 상세페이지 리터치, 키워드관리 등을 통해 차별화를 꾸민다면 남들 보다 좋은 성과를 올릴 수 있다.
구매대행은 해외사이트(아마존, 타오바오, 알리익스프레스 등)에 있는 제품을 내 오픈마켓에 올려 놓고 판매한 후 구매가 이루어 지면 직접 해외사이트에서 내가 구매해서 고객에게 배송해 주는 판매방식이다. 직접 해외 to 한국으로 배송되는 경우와 중간 배송대행지를 거쳐야 하는 경우가 있는데, 배송대행지를 거치면 아무래도 운송비와 업무가 늘어나기 마련이다. 미국은 미화 200달러, 그 외 국가는 150달러가 면세한도이기 때문에 고객이 주문한 금액이 앞선 면세한도를 초과한다면 관세에 대한 부분도 고려해야한다. 또 전파인증법 등 국내에 판매하기 위한 지재권을 포함하여 법적인 부분도 꼼꼼히 챙겨야 한다. 업무가 다양복잡하기에 마진도 좋은 편이다.
보통 판매가격 대비 30~100%의 마진이 생긴다.
쇼핑 부업 마진 = 위탁판매*판매액 10% < 해외구매대행 30~50%
(셀러 판매능력과 상황에 따라 달라질 수 있음)
해외구매대행의 경우 금액으로 환산할 경우 월 수익은 약 50만원 좌우가 된다. 글쓴이가 운영하는
#쿠팡
스토어를 기준으로 경험상 50~100만원 사이의 수익을 얻을 수 있었다.
https://postfiles.pstatic.net/MjAyMTAxMTFfMTQ5/MDAxNjEwMzM1NTAxMzQw.8gByCNeCo9QfS31Hj-3liEEaLsrmhSA50-cLbiFItkUg.QG4HrhGH3-EPGu50Lp3RKPpSoO0fsTUhlEGSefjywDcg.PNG.overyellow/image.png"", ""linkUse"" : ""false"", ""link"" : """"}"" style=""text-decoration: none; margin: 0px; padding: 0px; border: 0px; font-family: inherit; font-size: inherit; font-style: inherit; font-variant-caps: inherit; font-stretch: inherit; line-height: inherit; vertical-align: baseline;"">
30일간 판매이력, 마진율 32%
#해외구매대행
에 이용하는 서비스:
#셀러클라우드
https://www.selcle.com/
셀러클라우드
셀러클라우드 상품DB구독서비스 셀러에게 더 좋은 판매환경을 제공
https://www.",,,etc,ppomppu,https://www.ppomppu.co.kr/zboard/view.php?id=soho&no=23692,
ppomppu_003,"인스타·틱톡은부업사기 천국…직접 연락해보니 ""10배 수익도 가능하다""[부업의 함정]②0","편집자주
부업인구 65만명 시대, 생계에 보태려고 부업을 시작한 사람들이 부업으로 둔갑한 사기에 빠져 희망을 잃고 있다.
부업 사기는 국가와 플랫폼의 감시망을 교묘히 피해 많은 피해자들을 양산 중이다.
아시아경제는 부업 사기의 확산과 피해자의 고통을 따라가보려고 한다.
""안녕하세요, 부업에 관심 있나요?""
지난달 28일 본지 기자의 카카오톡으로 한 연락이 왔다.
기자가 사회관계망서비스(SNS) 인스타그램에서 게시물을 보고 카카오톡을 통해 연락한 지 두 시간 만에 돌아온 답장이었다.
어떻게 돈을 버는지 궁금했던 기자는 지체 없이 답했다.
""네, 관심 있습니다.
""
기자는 지난달 인스타그램을 통해 부업을 알아보기 시작했다.
'#부업'으로 검색할 경우 총 205만개의 게시물이 등장한다.
'#부업 문의'라고 검색했을 때도 약 51만개의 게시물이 나오는 등 SNS에서 부업을 구하는 건 어려운 일이 아니다.
게시물의 형태는 대체로 비슷하다.
먼저 월급을 훌쩍 넘는 금액을 보장한다.
부업만으로 월 500만원을 보장한다는 식이다.
아울러 수익금은 곧바로 현금으로 입금해준다고 약속한다.
두 번째로는 돈을 버는 방식이 어렵지 않다.
초기 투자 비용이 적고 시간도 덜 들여도 된다.
이들은 휴대전화만 있으면 되고 모든 수익은 자동화 방식으로 발생한다고 강조한다.
""큰 수익 보장·쉬운 업무""
한 부업 관련 계정의 문구 ""폰 하나로 더 여유로운 삶""이 눈에 띄었다.
게시물에는 기존 참여자로 추정되는 사람과의 대화 내용도 첨부돼 있었다.
참여자가 ""이렇게 큰 수익은 상상도 못 했다.
700만원으로 시작했는데 순수익이 8000만원을 넘었다""고 말하자 부업 관련 계정은 ""수익을 축하한다.
지금 바로 전액 출금하면 된다""고 답하는 내용이었다.
기자가 인스타그램 계정 프로필에 게시된 카카오톡 프로필로 연락하자 상대방은 인스타그램 아이디를 알려달라며 확인 작업에 돌입했다.
인스타그램 확인이 끝나니 '안녕하세요' 이름을 가진 새로운 카카오톡 프로필이 전달됐다.
""이쪽으로 연락해주시면 자세히 설명해 드릴게요. 24시간 상담톡입니다.
""
'안녕하세요'로 연락하자 1분 만에 답장이 돌아왔다.
""부업은 처음이신가요?"" 기자가 부업은 처음이라고 하자 '당일 결제'라는 부업을 소개했다.
수익을 어떻게 창출하는 부업이냐고 묻자 포인트를 충전하면 룰렛 전문가가 온라인 룰렛 게임을 통해 수익을 내주는 방식이라고 답했다.
초기 금액은 최소 100만원, 수익은 원금의 5~8배까지 날 수 있다고 강조했다.
1000만원도 충전이 가능하냐고 묻자 이럴 경우 수익이 10배까지 난다고 말을 바꿨다.
돈을 날릴 우려도 없다고 설명했다.
자신들이 수익금의 20%를 수수료로 가져가야 하기 때문에 반드시 수익을 내준다는 것. 범죄 연루 등 불이익이 발생했을 경우에도 본인들이 모두 책임진다고 덧붙였다.
이를 믿고 100만원을 투자하겠다고 하자 새로운 사이트를 보여줬다.
실시간으로 룰렛 게임을 할 수 있는 도박 사이트였다.
사이트에는 입금신청, 출금신청, 머니 이동, 공지 등 기능만 간단하게 있었다.
상대방은 이곳에 회원가입해야만 부업으로 돈을 벌 수 있다고 재촉했다.
기자가 답하지 않자 다시 한번 회원가입했냐고 물었다.
이후 다시 연락이 오지 않았다.
젊은 층 이용하는 틱톡에서도 '부업 사기'
또 다른 SNS로 넘어가서 부업을 찾아봤다.
젊은 층이 주로 사용하는 '틱톡'에서도 부업 사기로 의심할 수 있는 게시물을 쉽게 접할 수 있었다.
틱톡에서는 특정 검색어 관련 게시물의 총 개수를 알 수 없지만 많은 사람이 시청하면 인기 영상으로 올라온다.
틱톡에 '부업'이라고 검색할 경우 주로 등장하는 인기 게시물은 '손 부업'이다.
손 부업이란 집에서 장난감 포장 등 간단히 수작업으로 할 수 있는 재택 부업을 의미한다.
이 게시물들 역시 ""초기 투자금이 안 필요하다"" ""많은 일손이 필요하다"" 등 문구를 강조하고 있다.
기자는 가장 상단에 있는 부업 게시물 영상을 들여다봤다.
포장하는 부업으로 개당 500원이었다.
인기 영상인 만큼 반응도 좋았다.
사람들은 댓글을 통해 ""부업을 신청하고 싶다""고 말했다.
부업을 신청하기 위해 프로필에 있는 라인(Line) 아이디에 연락했다.
라인으로 연락하자 'OOO 상담원' 계정이 등장했다.
상담원은 기자에게 손 부업, 포장과 관련 없는 일본인의 일상이 담긴 브이로그 유튜브 영상을 보내줬다.
이 영상을 캡처해서 보내주면 1000~8000원 정도 벌 수 있는 부업이라고 안내했다.
""당신이 이 일을 계속해 돈을 벌고 싶다면 전용 계정을 등록해야 합니다.
"" 상담원은 이 일을 하고 싶으면 보내주는 링크로 회원가입하라고 재촉했다.
링크에 들어가니 인터넷전문은행 '토스뱅크'로 보이는 첫 화면이 등장했다.
자세히 보면 맞춤법, 띄어쓰기도 틀린 조악한 화면이었다.
가입하고 나면 현금 인출 기록, 충전 기록, 가상화폐 시세 등을 볼 수 있는 창에 접속할 수 있다.
토스뱅크만의 문제는 아니다.
금융감독원은 지난 9월 금융회사의 명의를 도용한 가짜 홈페이지를 개설해 송금을 유도하는 사기를 주의하라고 당부하기도 했다.
가입을 마치자 상담원은 함께 일하게 된 것을 환영했다.
""당신과 함께 일할 기회를 주셔서 정말 감사합니다.
""
은행 빙자한 사이트까지 이용…수익 방식은 모호
이제는 무대를 텔레그램 계정으로 옮겼다.
상담원은 텔레그램 단체방 링크를 보내줬다.
단체방의 '영상 담당자'가 곧바로 영상 링크를 올리고 캡처해서 보내달라고 했다.
캡처해서 보내자 5000원을 벌었다.
토스뱅크를 빙자한 사이트에도 5000원이 충전됐다.
이렇게 두 차례 영상을 캡처해 한 시간 만에 총 9000원을 벌었다.
오후 12시가 되자 '고수익 과제'가 시작됐다.
5만원을 넣으면 6만5000원을, 1000만원을 넣으면 1400만원을 환급해주는 식이다.
신규 가입자만 10만원까지 입금 가능하고 이외 가입자는 30만원부터 입금할 수 있다.
그러자 다들 앞다퉈가며 금액을 이야기하면서 입금 내역을 인증하기 시작했다.
""30만원."" ""50만원."" ""10만원."" 이른바 '미션 인증'을 하면서 순식간에 거액이 쌓였다.
상담원에게 고수익 과제를 하고 싶다고 요청하자 ""그룹 내 다",,,etc,ppomppu,https://www.ppomppu.co.kr/zboard/view.php?id=bitcoin&no=187787,
ppomppu_004,비오는 날 배달 미안해하지 마세요 (저도부업배달러)14,"우천시에는 물론 운전 위험하지만
라이더들이 가져가는 돈이 날 좋을때에 비해 엄청 수입이 좋아요
안전운행만 바라면 되요
평소에 20만원 벌었으면 우천시에는 30이나 40이상도
수입이 생겨요
저는 직장다니고 부업인 일반자전거 라이더라 비올때는 쉬어요
게을러서 그래도 월 100만원정도 부수입이라 가계에
큰 도움이 되요",,,etc,ppomppu,https://www.ppomppu.co.kr/zboard/view.php?id=freeboard&no=9503049,
ppomppu_005,제가 불공평한 소비를 하고 있는건가요?15,"출산 후 딱 2주쉬고 계속 일하고 있습니다. => 재택근무
아이 100일 이후부터는 부업도 하고 있구요 => 개인수업
남편 실수령 450 => 용돈 30 제외하고 매달 420 이체
부업이 자리 잡아서 (약 3월부터) 저 본업+부업 ==> 600~700 (매달 변동 있음)
집대출이자 -> 150
친정부모님께 육아비용 -> 50
(한사코 거부하셔서 50드리고 있고, 친정에서 아이 아침+저녁 먹여주시고
아이 어린이집 픽업도 도맡아 하심. 고기반찬도 사주시고 아이 먹는 영양우유?도 직접 배달시키심.
제가 기저귀 깜빡하고 주문안하면 가끔 마트가서 직접 사기도 함. 대충 먹는것에서부터 육아의 모든걸 책임지고 있음)
위 이유로
어디 여행갈 때 친정부모님을 자주 모시고가고
가끔 외식도 시켜줍니다.
친정부모님도 매달 용돈받는것보다 차라리 그 편이 기분좋아 하시는 것 같구요.
시댁은 차로 3시간30분 거리라 자주 가지 않고
장애있는 누나와 시어머님 나이가 80을 바라보고 있어서
본인들도 걷기 힘들다하여 아이데리고 여행간 적은 없습니다. (아이 갓 두돌 지남)
친정식구들과는 해외여행 2번 다녀왔구요.
쩄든 남편은 이런거에 불만이 있나봅니다.
추가로 전 원래 소비를 즐겨하는 편이고(대학교 용돈받으면서 다님, 취업때까지 용돈받고 삼)
남편은 20살부터 본인이 책임지고, 학교도 알바해서 다녀서 그런가 엄청 검소한 편입니다.
지지난달에 실수령 700을 찍어서 뿌듯한 마음에
100만원이 되는 슬리퍼와 100만원짜리 미니백을 하나 구매했습니다. (생일겸)
미리 구매하겠다고 허락을 받았는데도
몇달이 지난 지금도 꽁(?)해 있는 듯 합니다.
그래서 전 남편도 사고싶은거있음 사라고 하는데도
본인까지 막 소비하면 경제가 어떻게 굴러가냐? 이러면서
대화를 시작했다가
친정식구들이랑 여행다녀온거, 외식하는 횟수가 시댁보다 더 많다고 불만까지 나온 상황입니다.
제 입장 : 친정에서 아기 봐주는 비용으로 50만원만 드리는게 너무 미안해서
종종 외식도 하고, 여행도 가는거다.
그럼 친정에 200 + 반찬사라고 카드 드리고
여행이나 외식등 친정, 시댁 똑같이 하자. 그게 오히려 우리집 입장에서는 돈이 더 나가는건데
그렇게 하겠냐?
하니 또 그건 싫답니다.
===> 여기서 느낀 제 감정은
일하는 시간도 제가 더 많고, 실수령액도 제가 더 많은데
제 부모님만 노년에 아기 보느라 힘드시면서 꼴랑 50만원받고
그깟 외식+여행 간다고 사위입장에서는 생색내는 꼴(?)인 것 같아
기분이 아주 더럽습니다.
===> 근데 또 남편은
시댁은 1년에 세네번 갈까하고,
아이와 함께 친정식구들은 자주보고, 추억도 많이 쌓고, 잘 놀러다니고
떄되면 제철음식 먹으러 다니는게 불만인겁니다.
거기다가 와이프가 가끔 소비하고싶다며 100만원짜리 물건을 턱턱사니 불만인가 봅니다.
제가 또 남편한테 돈으로 쪼는(?)스타일도 아니고
뭐든 사주겠다하면 본인이 한사코 거부합니다.
이번에도 친정에서 남편이 몸이 안좋은거 같다고
보약지어먹으라고 50만원을 줬는데 한사코 본인이 거부하더라구요 ===> 그냥 본인한테 돈쓰는거 자체를 극혐합니다.
겨우겨우 설득해서 장인어른인 친정아빠와, 자기가 그럼 같이 보약 지어먹겠다고 하더군요
남편도 사실 천성이 나쁜 사람은 아니고
친정식구들을 싫어한다거나 부담스러워한다거나 그런건 아니고 챙기려합니다.
다만
가끔 제 소비에 대해 꽁해있고, 가끔 시댁(본가)생각이 나나봐요.
암튼 상황은 알겠으나
제 입장에서도 기분이 안좋아 어제 한바탕했는데
뭔가 답답하네요.
그래도 둘이 벌어 월 천에
아이 양육도움비 + 집대출 포함 200 고정나가면
800이 남는거라
그 안에서 저축하고, 생활하고, 가끔 사고싶은거 있음 사고, 여행도 가도 되는거 아닌가요.......?
버는족족 다 모으며 생활해야 합리적인 소비를 하는건가요..?
그럼 왜사나요? ....
현재 저축액이 300인데 남편은 더 모으자는 입장입니다.
그럼
저축액 300 + 대출비도 저축이라 치면 150 이니 한달에 450을 저축하는거라고 저는 생각하는데....
남편은 더 모아야 직성이 풀리나보네요. ㅡㅡ
솔직히 저정도 저축할 수 있는것도
친정에서 용돈 꼴랑 50받으면서 아이 반찬값도 다 해결해주니 가능한건데
하 ........
요즘엔 자꾸 저나 저희 집안이나
손해보고 산다는 생각이 듭니다.
그래서 솔직히 남편+시댁 도 싫어지는 중입니다.
제가 베베 꼬인걸까요?",,,etc,ppomppu,https://www.ppomppu.co.kr/zboard/view.php?id=problem&no=197942,
ppomppu_006,헤드라인 7/220,"★★07월 22일 주요신문 헤드라인★★
《경  제》
☞ 韓경제 '트럼프 리스크' 경고등…흑자 부메랑에 인플레 파고까지...韓 대미 무역흑자 역대상반기 최대…'트럼프 변수' 대응 필요성↑...10% 기본관세, '수출 코리아' 엔진에 타격…공급망 동맹도 위축...'감세·관세·反이민' 트럼플레이션, 통화정책에 변수
☞ 상추값 한달새 136.4%↑…장마에 채소·과채 가격 '들썩'...상추·깻잎·시금칟수박 등 가격 줄줄이 상승...폭우·폭염 반복 시 추가 가격상승 가능성도
☞ ""그냥 쉴래요""…대졸 백수 400만 '역대 최대', 왜?...‘일도, 구직도 안하는’ 대졸 400만…“양질의 일자리 부족해서”...올 상반기, 대졸 이상 ‘비경활’ 역대 최대규모...20대서 비경활인구 증가 두드러져...“고학력자 일자리 미스매치 심화”
☞ ""국내 연안 해양관광시장 전년 대비 9% 성장""...KMI, 2023 신용카드 매출액 분석 통해 조사...전체 40조 9,430억 원, 9.3% 증가 추산
☞ 8월에도 제조업 체감 업황 ‘맑음’...산업연구원 전문가설문조사지수(PSI)...7월 현황 113 - 8월 전망 110 ‘긍정적’...반도체·디스플레이 ‘맑음’…철강 ‘흐림’
《금  융》
☞ '최고금리 인하'로 사채 몰린 저신용자 이자부담, 이자절감보다 5배 컸다...서민금융연구원 보고서...최고금리 인하에 따른 대부업 이용자 이자 감소액 대비 5배 넘게 많아...최근 대부업 개정안 잇단 발의 속 '주목'
☞ 예치금 이자 받고, 과세는 미뤄지고…국내 코인 투자자 '봄날' 맞나...코인 거래소들, 이용료율 출혈 경쟁으로 원화 예치금에 최대 2.5% 이자 지급...가상자산 과세 유예에도 무게 실려…코인 투자자 거래 환경 개선 전망
☞ 금리인하 깜빡이·집값 들썩…소비자들의 집값 전망은?...25일 2분기 GDP 속보치 발표...1분기 '깜짝 성장'에 0%대 성장 예상...7월 소비자 체감 경제·집값 전망 '주목'
☞ ‘물 폭탄’ 피해 보상받으려면… 車보험 ‘단독사고’ 가입·풍수해보험도 고려...자동차 자차보험 중 ‘단독사고’ 가입해야...휴대전화 대피 알림 문자 필수 확인
집·비닐하우스 피해 보상받으려면 풍수해보험
☞ ""코인하면 세금 내요?""…코인러들 '긴장'...내년 시행 예정 '코인 과세'…3년 또 미뤄질까...코인으로 1000만원 벌면 소득세 165만원 내야...여당 ""대다수 투자자, 시장 떠날 것""
《기  업》
☞ CJ ""한식 알리고 선수 밥심책임""…식품기업, 올림픽마케팅 후끈...CJ ""코리아하우스서 선수단에 한식제품 제공…비비고존 길거리음식 선봬""...SPC, 선수단에 베이커리 제품 3만여개…오비맥주, 올림픽 후원·카스포차 운영...코카콜라 파워에이드, 파리 올림픽 공식 스포츠음료
☞ 코트라 ""북한 무역서 中 비중 98.3%…김정은 집권 후 최고""...북한 대외무역 규모 27억 달러…전년대비 75%↑...이 중 98.3%는 '최대 상대' 중국 간 교역서 발생
☞ 한경협 “韓 투자 외국기업 절반 이상 한국 노동시장 우려”...한경협, 외투기업 한국 노동시장 인식조사 결과...외투기업 “노사 대립적… 유연성 개선 시 투자 확대”
☞ 새 폴더블 나오자…갤S24 지원금 50만→20만원대 '뚝'...이통3사 최대 50만~53만원→20만~24만원으로 조정...갤S24+, 울트라 모델은 기존대로 유지
☞ HD현대중공업 노조, 파업 나설까… 22일부터 찬반 투표...중노위 조정 중지 신청… 찬성 과반 시 쟁의권 확보 가능
《부 동 산》
☞ “적정 공사비 중요한 이유? 안전과 직결되기 때문”...최태진 건설협회 서울시회장...공사비 문제 등 현안 풀고자...‘건설혁신정책포럼 서울’ 발족...“다양한 관계자 상생 이끌 것”
☞ “이봐 해봤어” 정주영 정신으로 612억 받아낸 현대 하노이 메트로 현장...“회사 역사상 처음으로 해외서 공사 중단”…“15개월간 지속”...“간접비 수금, 추가 선수금 지급 합의”…직접비 보상도 요구
☞ ""성동구에 무슨 일?""…아파트값 오르고 매물 실종...거래 살아나며 곳곳 신고가 행진…1주일에 0.6%대 급등...올림픽파크포레온 입주 앞뒀지만…""성동구 영향 적을 것""
☞ ""갭투기 등 시장 과열신호"" vs ""실수요 매수에 공급물량 충분""...정부, 공급계획 내놨지만...""안일한 시장 진단"" 비판 나와...전문가 ""3기신도시 공급 늘려야""
☞ “10여년전부터 두드린 문”…명견만리 박상우, 베트남 K시티 수출길 열었다...박상우 “도시 수출 가시권”…“정부 지원 아끼지 않을 것”...박닌성측 “박 장관, LH 사장때부터 인연”…“LH 착공 희망”
《사  회》
☞ 합참, 北 오물 풍선 살포에 ""모든 전선 대북 확성기 전면 시행""...21일 오후 1시부로 전방 지역 모든 확성기 전면 가동...합참 ""치졸한 행위 반복…압도적 대응할 것""
☞ 4년간 940㎏ ‘마약 관문’ 오명 씻어라… 부산세관 정밀검사 전담팀 가동...4년간 숨어든 ‘마약 기생충’ 최소 941㎏...‘청정 화물’ 보증 전담 검사팀 뜬다
☞  대구 전세사기 피해자 2년 간 544명…市, 피해 지원 총력...대구시 ‘전세사기 피해 지원 종합대책’ 수립...생활안정지원금 120만원, 이주비 100만원 지원...홍준표 “전세사기 피해 확산 않도록 최선”
☞ 앞으로 민원 전화 상시 녹음…협박·성희롱 땐 고발...'민원 처리에 관한 법률 시행령' 개정 입법예고...욕설·성희롱 등 발생 시 민원 전화 종료...위법행위 기관 차원 고발 의무화…소송비 지원
☞ 사이버레커 해법은…""법체계 안으로 편입시켜야""...유튜브, 심의 엄격한 '방송법' 아닌 '통신사업법'...""유튜브 포섭하는 새로운 미디어법 마련해야""...""개별 콘텐츠 아닌 절차 규정하는 방법 고려도""
《국  제》
☞ 트럼프 선거본부, 트럼프 피격 후 최초로 치료관련 속보 ..선전활용...백악관 시절 주치의였던 로니 잭슨 텍사스 하원의원이 발표...""봉합 필요없는상처.. 잘 회복 중"" 주말 유세에도 동행할 예정
☞ 젤렌스키, '트럼프 2기' 의식했나…러시아와 휴전 협상 가능성 시사...우크라 평화회의에 러시아 참석 제안…""협상 의지""...불리한 전황·트럼프 당선 '이중고' 의식한 듯",,,etc,ppomppu,https://www.ppomppu.co.kr/zboard/view.php?id=stock&no=270876,
ppomppu_007,2년차가 적는 일반인을 위한 주식투자 방법106,"연금저축펀드에서 미국인덱스펀드와 채권을 6:4 비율로 은퇴할 때까지 월마다 사모은다.  1년에 한번씩 리밸런싱 해준다.
끝
이게 일반인을 위한 투자방법 입니다.
사람에 따라 여기서 주식과 채권의 비율을 조절하기도 하고 추가로 다른 자산을 넣어서 자신의 포트폴리오를 꾸리기도 합니다.
젊은 사람이나 하락을 더 잘견디는 사람은 주식비중을 늘리기도 하고 인공위성 전략으로 지수+내가 공부한 개별종목 처럼 투자할수도 있습니다. 대형주 소형주로 나눠서 투자하기도 합니다. 주식을 미국뿐 아니라 세계 범위로 살수도 있습니다.
다른자산의 경우 금이나 부동산 장기 단기채권등등 섞을수있습니다.
제가 저걸 추천하는 이유는 가장 쉬우면서 일반인이 견딜수있는 투자방법이기때문입니다. 사람에 따라 최선의 방법이 아닐수있습니다.
핵심은 자산을 배분한다는겁니다.
더 자세하고 상세한 설명은 도서관이나 서점가서 쉽게나온 자산배분 책을 한두번만 읽어보셔도 됩니다.
좀 두서없이 적을게요.
우선 제가 숫자를 아주 정확하게 쓰는사람은 못되니 이건 어느정도 이해하고 넘어가주세요. 책사보시면 정확하게 나와요.
미국 인덱스펀드의 장기 연평균 수익률은 10%정도 6:4로 자산배분을 하면 한 8~9%정도 수익률이 나옵니다.
미국 인덱스펀드 최대하락폭은 대략 50%정도 (서브프라임 모기지사태등 미국 망한다 소리 나올때)
미국 주가가 떨어질때 한국은 환율로 인해 하락을 어느정도 막아줌. 미국 망한다 소리가 나왔을때 대략 30%하락 정도에서 멈춤
거기에 추가로 채권을 40%정도 가지고있었다면 20%정도에서 막을수 있었다는 자료를 찾아본적이 있습니다.
(아주 정확하진 않는데 아무튼 미국보다 하락을 훨씬 크게 막아줌)
어디서 전문가가 일반인은 전체 자산의 20%이상 날라가면 견디기 힘들어한다는 글을 본적있습니다.
결론은 일반인 멘탈도 견딜수있는 수준의 투자를 하려면 자산배분이 필수라는 겁니다.
1.적립식 투자로 주식 타이밍 잡는걸 하지않는다.
2.대박종목을 고를수있다는 믿음을 버리고 지수가 상승하는걸 믿는다.
3.주식이 떨어질때 올라가는 자산을 섞어서 사는것으로 시장이 폭락할때 겁먹고 도망가는걸 막는다.
4.리밸런싱을 통해서 소위 무릎에서 사고 어깨에서 파는걸 자동으로 반복한다.
5.복리효과는 20년은 되어야 제대로 느낄수있을것같다.
섀넌의 도깨비 이론을 찾아보시면 왜 자산배분을 해야하는지 알수있습니다.
리밸런싱은 정기적으로 하기도 하지만 주가가 크게 변동할때 특별히 하기도 합니다.
우리가 투자에서 조절할수있는건 투자금액, 수익률, 투자기간 입니다.
투자기간은 빠를수록 좋은데 늦었다면...어쩔수없고 최대한 오래사세요.
투자금액은 본인의 돈버는 능력에 달려있는데 보통은 아주 크게는 못늘리죠.
수익률은 기간과 금액이 적은 사람들이 높여보려다 많이 실패하는 부분이죠.
본인이 일반인 이라면 정해진 수익률에 만족해야한다고 봅니다.
대신 부업을 하든 사업을 하든 해서 투자금을 늘려야 합니다.
주식투자로는 단기간에 대박이 날수없습니다. 이걸 명심해야합니다.
결국 일반인에게 주식투자란 노후준비 밖에 없다는게 개인적인 생각입니다.
수익률 9%잡고 8년이면 처음 넣은 자산이 2배가 됩니다. 16년이면 4배쯤 됩니다. 24년이면 7배쯤 됩니다.
월 100만원씩 수익률 9%잡고 8년 투자하면 원금 9천6백 자산은 1억4천4백쯤 되고
16년 투자하면 원금 1억9천 자산 4억3천
24년 투자하면 원금 2억9천 자산 10억정도 됩니다.
16년쯤 투자해서 자산이 2배정도 되는걸 보면 조금 애매한 느낌이 있기는 해요.
복리효과를 누리려면 오래 살아야 합니다.
물론 우리 인생이 계획처럼 되지 않을건 알지만 큰 틀을 잡고 가면 대충 비슷한 모양으로 가게 될겁니다.
사실 구멍이 숭숭 뚫린 글이긴 하지만 정말 심하게 잘못된 투자 글들이 올라오길래 한번 적어봅니다.
다시한번 말하지만 자세하고 정확한 내용은 책을 찾아보세요. 그리고 이 글은 초보자가 아니라 일반인을 위해 쓰인 글입니다.
일반인은 개별주식에 투자할 생각이 없고 더이상 주식공부를 하지 않을 사람을 말합니다.
일반인 투자자는 열심히 공부한 다른 투자자들보다 투자로 버는돈이 적겠지만 망할 확률이 거의 없고 노력도 거의 들어가지 않으며
남는시간에 가족과 시간을 보내든 혼자 취미생활을 하든 운동을 하든 부업을 뛰어서 투자금을 늘리든 할수있습니다.
돈을 좀 많이 포기하는 대신 인생을 좀 더 즐기면서 사는것에 만족하는것도 저는 나쁘지 않다고 봅니다.
안전한 투자 하세요~",,,etc,ppomppu,https://www.ppomppu.co.kr/zboard/view.php?id=stock&no=262565,
ppomppu_008,"유튜브 + 블로그부업2주간 일하고, 6개월간 테스트11","부수입만들어보기 테스트겸 블로그와 유튜브를 운영해보았습니다.
SEO 개념은 잘 이해하고 있기 때문에 검색에 잘걸리게는 했습니다.
남들보다 유리한 상황에서 시작했다고 볼 수 있습니다.
[유튜브의 시작]
2주간 모든 컨텐츠를 다 만들었고 3개월간 나눠서 업로드 되도록 해놓았습니다.
유튜브는 일단 기준 넘기기 자체가 너무 어려웠습니다.
구독자 기준 1000명은 한 달만에 쉽게 넘었습니다만,
시청시간 3000시간을 넘겨야 되는데 이게 너무 어려웠습니다. 5개월만에 넘겼습니다.
결론 : 영상 200개 업로드(숏츠 재생산 포함) = 6개월차 총 수입 5달러, 현재 미지급 상태
[블로그의 시작]
구글 광고를 넣을 수 있는 T스토리로 시작해보았습니다.
블로그도 2주간 모든 컨텐츠를 그냥 막 때려넣었습니다.
하루 방문자수가 1명 들어오던게 한두달 지나니깐 200~400명이 들어왔습니다.
애드 붙이는 인증은 어렵다고 했는데 만든지 3일만에 그냥 통과했고,
2주간 열심히 컨텐츠 올린 뒤 아무것도 안했습니다.(하루에 올리는 숫자가 정해져 있어서 만들어 놓고 매일 풀로 업로드)
SEO 최적화 되어 아무 컨텐츠를 안올려도 하루에 200명 이상이 꾸준히 들어오는 상황이고,
망할 줄알았는데 3개월에 한번씩 수익 100달러를 넘겨서 통장에 돈이 들어오네요.
결론 : 컨텐츠 글 400개 업로드, 매달 30~50달러 수익 발생
[결론]
- 일단 한달일하고 6개월 방치 해봄.
- 수익 거의 없음. (편의점 알바가 더 잘 범)
- 반복적으로 꾸준히 1년 이상 할 경우 월 100만원 달성까지는 가능해 보임
- 3년 이상하면 월 300만원 까지도 달성 가능해 보임
- 유튜브는 수익내가 참 어렵다. 블로그는 그래도 진입장벽이 낮아 잔돈 벌이가 된다.",,,etc,ppomppu,https://www.ppomppu.co.kr/zboard/view.php?id=whatever&no=23607,
ppomppu_009,인공지능을 이용하여 집에서 월 100만원 버는 방법3,"아래에 소개된 인공지능 툴 이용해서 블로그 글을 자동으로 생성할 수 있음.
똑똑한 사람들은 이미 먼저 움직여서 돈을 벌고 있는것 같은데요.
인공지능을 이용해서 돈을 벌수 있는 팁을 간단히 드립니다. ㅎ
돈은 먼저 움직이고 부지런한 사람이 벌수 있는것 같네요.
[부업으로 돈버는법]
1. 인공지능 툴로 (특정 주제의) 글을 자동으로 생성시키고,
네이버, 티스토리 등 블로그를 키운다 > 광고를 붙여서 >
네이버, 구글 에드센스 광고 수익화
한다.
(블로그 방문자에 따라 월 10만 ~ 50만원 이상 가능)
2. 블로그가 어느정도 지수가 높은 분들은
블로그 체험단, 기자단
을 신청한 후 제품후기 또는 매장 방문 후기글을
써주고 원고료를받는다. 당연히, 인공지능 툴을 이용하여 글 초안을 만들고 다듬기만 하면 끝. 30분 소요
(건당 1만원기준 / 월 10회 가정 시, 월 10만원 이상 가능)
3. 크몽을 보면, 제품후기나 오프라인 매장을 홍보
하는 원고를 써주고 건당 5천원에서 1만원이상 받고 있음.
이 분들이 그 많은 글을 직접 처음부터 손수 글을 쓸까요? ^^
인공지능을 이용해서 어느정도 초안을 만들고 자연스럽게 글을 다듬고 실제 상황에 맞게 보완합니다.
그렇게 해서 이미 똑똑한 분들은 돈을 쉽게 벌고 있음. 인공지능 이용하면 누구나 글쓸수 있어요^^
(건당 5천원 기준 / 월 20회 가정 시, 월 10만원 이상 가능)
4. 쿠팡파트너스로 돈벌기.
제품을 실제 판매하는게 아닌, 쿠팡 제품을 홍보하고 누군가 그 URL를 클릭하여 제품을 구매하게 되면
판매가의 3%가 자동으로 수익이 되는 구조. 꼭 그 URL의 상품을 구매안해도 24시간안에 어떤 상품을
구매하던지 3%가 자동으로 수익이 쌓입니다.
단순히 URL만 뿌리는것이 아닌, 아래 인공지능 툴 이용하면, 쿠팡 URL만 입력하면 제품 홍보글이 자동으로
생성이 되니, 그 홍보글만 잘 블로그에 노출할 수 있다면? 자동으로 돈이 쌓이겠죠.
글은 계속 노출이 될테니.. 일회성이 아니라 홍보글을 쓰면 쓸수록 누적으로 자동으로 계속 돈이 들어옵니다.
고가의 제품을 홍보하는것이 돈을 많이 벌 수 있는 키포인트!
(월 30만원 ~ 100만원도 가능)
돈이 되는 파이프라인을 계속 깔아두시면, 각각이 모여서 정말 큰돈이 됩니다.
이 글을 읽고 무시하는 분들도 있을것이고, 누군가는 바로 실행하겠죠..^^
누군가에겐 큰 팁이 되길 바랍니다!!
-----------------------------------------------------------------------------------
안녕하세요.
다들 아시겠지만, 요즘 화두인 주제 중 하나는
인공지능(AI)
입니다.
다양한 AI 서비스가 출시되며 AI 기술을 사용하기가 더 쉬워져서, 앞으로 디지털 시대에서 AI를 사용하지 않으면 디지털 문맹이 될 수 있다는 주장도 나오고 있습니다.
마케터들 사이에서도 AI가 큰 주목을 받고 있습니다. 광고 카피나 블로그 콘텐츠와 같은 콘텐츠 작성을 자동화하는 서비스들이 등장하면서, 앞으로는 마케팅 분야에서도 AI가 중요한 역할을 할 것으로 예측되고 있다고 합니다.
호기심이 많은 저는 AI가 블로그를 얼마나 잘 작성하는지, 요즘 핫한 서비스 3곳을 직접 비교해보았습니다.실제로 테스트를 해보면서 저희 주관적인 관점에서 비교한것이니 참고용으로 봐주세요.
어떤 AI 서비스를 비교했나요?
요즘 전 세계적으로 이슈가 되고 있는
'Chat GPT'
와 한국형GPT라 불리고 있는 국내 1위 AI 카피라이팅 툴
'뤼튼(Wrtn)'
그리고 최근 출시한 AI 카피라이팅 툴인
'가제트(Gazet)'
를 비교해 보았습니다.
구분
Chat GPT
뤼튼(Wrtn)
가제트(Gazet)
운영업체
오픈 AI
뤼튼테크놀로지스
위노보스
사용모델
GPT-3.5,GPT-4.0
하이퍼클로바, GPT-4.0 외
하이퍼클로바, GPT-4.0 외
서비스 이용료
가입 후 무료
무료 요금제 / 플러스 요금제(34,900)
가입 후 무료
세곳 서비스 모두 무료로 이용할 수 있어서 테스트하기 편했고,
각각 어떤 생성결과가 나올지 정말 궁금했답니다. 그럼 이제 하나씩 결과를 살펴볼까요?
잠깐! 먼저 어떤 주제의 블로그를 작성 시킬까요?
요즘 N잡러, 부업러들이 정말 많죠?
KB금융지주 경영연구소 보고서에 따르면 1인 가구 10명 가운데 4명은 2가지 이상의 직업을 가진 이른바 'N잡러'로 조사되었다고 할 정도인데요.
출처 : KB금융지주 경영연구소
요즘 N잡러들이 많은 만큼 신생부업인 ""소셜 크리에이터/블로거, 온/오프라인 판매"" 하시는 분들이 유용하게 쓸 수 있는 성격의 블로그를 작성시켜보고자 합니다.
요즘 인플루언서 분들이 자주 쓰시는 내돈내산 사용 후기, 사업하시는 분들이 제품을 홍보하기 위해 쓰는 제품후기
,
이러한 ""제품 사용후기""를 인공지능이 얼마나 잘쓰는지 한번 테스트해보도록 하겠습니다.
1. Chat GPT
Chat GPT
Chat GPT는 솔직히 모르는 분들 없으시죠?
다양한 질문에 자연스럽게 대답할 수 있어서 많은 분들에게 큰 도움을 주고 있는 Open AI의 인공지능 서비스입니다.
Chat GPT에게 퀄리티있는 답변을 얻기 위해서는 GPT에게 역할부여와 디테일한 질문('프롬프트')을 하는게 제일 중요한데요.
저는 위와 같이 ""너는 블로그를 잘쓰는 마케터야. 이제부터 키친아트 1인용 캠핑밥솥을 사용한 후기를 작성하려고해. 실제 사용한 경험을 바탕으로 1,500자로 상품의 장점을 잘 나타내주는 제품 사용후기 블로그를 작성해줘."" 라고 질문을 해보았습니다.
ChatGPT 인공지능이 생성한 결과는 아래와 같았어요.
[결과]
[결과 전체 원문]
키친아트 1인용 캠핑밥솥 사용 후기
안녕하세요, 블로거 [이름]입니다. 오늘은 여행과 캠핑을 즐기는 분들을 위한 편리한 주방 도구, ""키친아트 1인용 캠핑밥솥""에 대한 사용 후기를 공유하려고 합니다. 저는 캠핑을 즐기면서 항상 간편하게 식사를 해결할 방법을 찾고 있었는데, 이 제품을 사용한 후에는 정말 만족스러운 경험을 했습니다.
1. 소형이지만 강력한 성능
먼저, 이 밥솥은 1인용이라는 소형 크기에도 불구하고 강력한 성능을 자랑합니다. 250W의 강력한 가열",,,etc,ppomppu,https://www.ppomppu.co.kr/zboard/view.php?id=etc_info&no=38216,
ppomppu_010,아래에수익형블로그관련글이 있어서19,"티스토리 블로그를 운영하다가, 티스토리 광고 사태때 워드프레스로 넘어왔습니다.
많은 분들이 수익형 블로그 운영에 관심을 가지고 계신 것 같아, 혹시 도움이 되실까 싶어 몇 가지 사항에 대해 끄적거려 보겠습니다.
대충 생각나는대로 끄적거릴 예정이고, 귀차니즘으로 인해 수정이나 퇴고는 안 할 예정이므로, 오타나 문맥에 맞지 않는 부분이 보여도 이해 부탁드립니다.
- 수익
가장 궁금해하실 부분이라 생각하는데요.
수익이 없는 분은 아예 없고, 많으신 분은 많고, 케바케입니다. 보험을 하시는 분들도 어떤 분은 수억을 버시는데, 어떤 분은 마이너스이고.... 뭐 이런 원리라고 보시면 됩니다.
제 기준으로 말씀드리자면, 저는 티스토리를 운영할 당시에는
대략 한화로 월 300만원에서 왔다갔다 했습니다. 개인적으로 하는 사업이 있는데, 시간이 좀 많이 남아돌아 시작했던게 꽤나 괜찮은 수익을 안겨줬던 것 같습니다.
아무것도 모르는 상태에서 시작을 해서, 저 정도 수익을 올리는데, 대략 2년 정도 걸린 것 같습니다.
인증을 하라고 하시면, 귀찮아서... 굳이.....
- 티스토리? 워드프레스?
아무것도 모르고 시작을 하신다면, 티스토리로 시작을 하셔서 구글 블로그나 워드프레스로 넘어가시는 것을 추천드립니다.
구블이너 워프가 티스토리에 비해 노출도 힘들고 신경써야 할 것도 많습니다. 내가 포스팅을 하면, 누군가 방문을 해줘야 하는데, 티스토리는 한달 후부터 노출이 쉽게 되는데 비해, 구블 워프는 조금 더 어렵습니다.
- 강의? 책?
이미 정보는 넘쳐납니다. 유료 강의의 필요성은 굳이.......
좋은 강의를 해주시는 분들도 계시지만, 대부분은 강의 팔이 입니다.
자신은 고수고 전문가이니 3개월이면 천만원의 수익을 올릴 수 있다..... 라는 분들도 계시는데, 자신만의 노하우가 있으신 분들도 계시겠지만, 대부분은 편법을 사용해서 3개월 동안 광고 수익을 올립니다. 그리고 그걸 인증>>>.광고, 책, 강의 팔이. 루트를 타는 것이죠.
몇 가지 편법은 알고 있지만, 배보다 배꼽이 더 큰 경우도 있고, 딱 3개월 개고생하고, 그 이후에 블로그가 날아가는 경우도 있고.......
편법은 어차피 시간이 지나면 대부분 걸립니다. 괜히 구글은 위대하다라는 얘기가 있는게 아니죠.
관심 있으신 분들은 도서관 가셔서 책 한권 빌리셔서 읽어보시고, 유튜브에 공개된 정보들, 애드센스 포럼이란 사이트가 있는데, 그 곳에 가셔서 게시판만 정독하셔도 충분하시다고 생각합니다.
- 결론은?
블로그는 초기 투자 비용도 거의 없고, 내 시간과 노력을 들이는 분야라고 생각합니다.
""블로그로 누구나 쉽게 월급만큼 벌 수 있다?""
한 마디로 말씀드리자면, 개소리입니다.
공부도 필요하고, 노력도 필요하고 시간도 필요합니다. 쉽지만은 않습니다.
일기 같은 글을 천 개를 써봐야, 내 필력이 하늘에 닿아있지 않은 이상 누군가 찾아와 보지는 않습니다.
키워드에 대한 공부도 필요하고. 구글 seo에 대한 공부도 필요합니다.
노력이 필요한 분야인 것은 맞지만, 짜투리 시간을 활용하기에는 상당히 괜찮은 부업이라 생각합니다.
chat GPT로 인해 검색량은 앞으로도 점점 줄겠지만, 최소한의 용돈 벌이 정도는 되리라 생각합니다.
모든 일이 그렇듯, 블로그 운영도 체질에 맞아야 한다고 생각합니다.
제가 블로그를 통해 수익을 올리는 것을 본 지인들도 꽤나 시작을 했는데, 저보다 더 높은 수익을 올리는 놈도 있고, 며칠 만에 때려친 놈, 어느 정도 용돈 벌이는 하는 놈.... 시작해봐야지 하고 아직까지 시작도 안한 놈(이게 대부분입니다.) ......
개인의 성향과 노력에 따라 갈리는 것 같습니다.
그리 어렵지 않습니다. 하지만 그리 어렵지 않다는 말은 누구나 시작할 수 있다는 말이고, 경쟁이 치열하다는 말이기도 합니다.
100명이 시작을 하면, 끝까지 가는 분들은 2~3명 정도더군요.
1년 이상 하루 3시간 정도씩 꾸준히 하실 자신이 있으시다면 상당히 괜찮은 부업이 되리라 생각합니다.",,,etc,ppomppu,https://www.ppomppu.co.kr/zboard/view.php?id=whatever&no=25804,
ppomppu_011,블로그수익화 (애드센스) 시작해보려고 하는데 괜찮을까요?9,"작년 하반기에 계속 해오던 일을 그만두고 재취업 준비중입니다.
30후반의 나이라 재취업이 녹록치는 않아서 급한대로 여러 알바들 뛰면서 생활비벌이 겨우 하면서 버티고 있는데..
그동안 생각만 하던 부업 관련 여러정보를 찾아보다가 애드센스 블로그 수익화(티스토리, 워드프레스)에 대해서 알게 되어 시작해볼까 합니다. 사실 지금 일을 하고 있는게 아니어서 하게 되면 부업보다는 조금 더 시간을 투자해서 집중적으로 할 수 있을 것 같습니다.
부업관련해서 유튜브 같은데서 많이 찾아보신 분들은 아시겠지만, 부업으로 가장 많이 추천하는 것이 온라인 쇼핑몰(스마트스토어 등등), 과 블로그 애드센스 수익화인 것 같습니다. 블로그를 해볼까 하고 생각해 본 건 예전에 네이버 블로그를 꽤 오랫동안 해본 경험(수익화x, 일상블로그 정도)이 그나마 있어서 조금 수월하게 시작할 수 있지 않을까 하는 마음에서입니다.
물론 이 세상 모든일이 그렇듯이 결국 제가 직접 해보고 경험해봐야 제대로 알 수 있겠지만, 수익화를 목적으로 직접 애드센스 블로그(티스토리, 워드프레스) 운영해보신 분 계시면 경험담이나 고견 듣고 싶어 이렇게 글 올려봅니다.
다가 오는 설명절 모두 잘 보내시기를 바랍니다. 감사합니다.",,,etc,ppomppu,https://www.ppomppu.co.kr/zboard/view.php?id=freeboard&no=9222239,
ppomppu_012,부업으로블로그하시는분 계시나요17,"0
0
[* 비회원 *]
블로그 수익 거의 안납니다.
광고글에 속지마세요. 블로그로 부업한다는거 거의다 뻥입니다.
협찬품목으로 받은것들을 돈으로 쳐서 월30 번다 이런식으로 과대광고하는 겁니다.
블로그는 월 1~3만원 벌어도 많이 버는겁니다.
블로그 수익 거의 안납니다.
광고글에 속지마세요. 블로그로 부업한다는거 거의다 뻥입니다.
협찬품목으로 받은것들을 돈으로 쳐서 월30 번다 이런식으로 과대광고하는 겁니다.
블로그는 월 1~3만원 벌어도 많이 버는겁니다.
2021-12-24 *
댓글주소복사",,,etc,ppomppu,https://www.ppomppu.co.kr/zboard/view.php?id=freeboard&no=7697463,
clien_017,배민투잡 일주일 후기 적어봐요~^^,"가게 장사가 너무 안되서 투잡으로 배민을 시작한지
10일차가 되었습니다.
당근으로 13만원으로 구매한 킥보드값 일주일만에  뽑았습니다.
기뻐서 한자 남깁니다.
장소는 수원시 권선구 곡반정동 입니다.
원룸이 많고 중심삼가 기준으로 좌우측
대단지 아파트가 형성 되어 있어서
라인잡고 멀리가지 않고 곡반정동 배달위주로만
했습니다.
시간은 12시30부터 4시30분 정도로 잡았구요.
말이 4시간인데 3분의1시간은 콜없어서
쉬는경우가 많습니다.
달린 키로수는
5일평균 20에서 25키로 달린거 같습니다.
왔다갔다 하는시간이있으니 25키로 다배달
한건 아니고 직접적으로 뛴건 15키로 정도 되겠네요.
전 욕심 안내고 하루 10건 3만원으로 잡았습니다.
전 두개 플랫폼사용 하는데요
배민커넥트 쿠팡이츠
이건 지역마다 틀린걸로 알고있습니다.
전 배민이 콜을 더잘줘서 배민을 메인으로 사용하고 있습니다.
두개 켜놓고 먼저 오는것 위주로 콜을 잡습니다.
보통 1키로이내 2500 1키로 이상 3000에서 3500
동넘어가는 콜은 거부합니다.
가끔 한번식은 갑니다.
그시간에 단타 두개잡는게
훨씬 이득이더라구요.
수입은
22일 10개 28930
23일 11개 30910
24일 11개 32240
25일   6개 22440
26일   7개 22750
27일   9개 41850(눈 설프로모션)
28일   8개 44300(눈 설프로모션)
합 223.420
25일 26일은 주말이라 넘무리하게 하면
힘들것 같아서 1시간 정도 더취침했습니다.
하루3만 잡았는데 이제 요령이 생겨서
충분히 시간줄여도 가능할것 같습니다.
투자비용
킥보드 상태좋은거 당근에서 13만원에 구매 했습니다.
첨엔 멋도 모르고 보냉 보온가방 안쓰고 몇일하다가
문제가 되는거 알고 보온보냉가방
당근에서 15.000구매했습니다.
킥보드 값 가방값 투자한거 빼고
약 8만정도 벌었네요
일단 장점이라면
1.생각보다 많이 걷습니다.
운동이 됩니다.
엘베없는 원룸 올라갈때
픽업하러 갈때
가끔 차막히면 끌고 이동할때
2.콜잡고 돈이 적립되면
너무뿌듯하고 재미있습니다.
3.동네길을 아주빠삭하게 알게됩니다.
하다보면 네비안키고도 갈수있는 지경에 이르게 됩니다.
4.가끔식 사장님들이 건네는 작은호의에 인류애를 느낍니다.
따뜻한커피 주시는분도 있고 추우니까
안에서 들어와 있으시라고
밥드셨냐고 시간좀 걸리니 김밥이라도 드시고
계시라고 주시는분도 계십니다.
5.시간당 최저시급만큼 안되지만 스트레스 안받고
누구에게 구애안받고 잼나게 일할수 있습니다.
컴플레인이나 식당에서 가끔식 생기는 마찰
상담센테에서 잘잘해결해줍니다.
얼마전 주문번호 잘못확인하고 가져가서
제가 하루일한거 무르게 생겼는데
상황을 이야기하니 배민에서 자기비용으로
처리 해주더라구요.
더 열심히 해야겠죠.
처음에는 잠줄이니 조금 힘들었는데
6시간 자는거 적응되니 괜찮더라구요.
노동대비 최저시급보다 못하지만
이것이라도 할수있음에 너무 감사하며 일하고 있습니다
아무리 힘들어도 긍정적인 마인드는
잃지않고  열심히 하겠습니다.
진짜 2년간 죽도록 너무힘들었는데
진짜 언젠가는 저에게도 또 한번의 기회는
찾아오겠죠?^^;;",,,etc,clien,https://www.clien.net/service/board/park/18909041,
clien_018,33년. 인생 참 다이나믹하네요. (스압있어영),"안녕하십니까.
모든 분들께 사소하게, 메주 수요일마다 사내식당에서 가장 좋아하시는 반찬 나오는 정도의 소확행을 빌면서,
시작 해 볼까 합니다.
제 인생 썰이나 가볍게 풀어보죠.
말 할 사람이 필요하기도 하구요 ㅎㅎ.
떠돌아 다니면서 살아서 그런지, 속 깊게 터놓을 친구가 몇 없네요.
인생 참 다이나믹합니다.
뭔 영혼을 갈아넣고, 열심히 할 면서 인생의 갈림길중 하나를 골라야 하는 나이가 될 때마다,
일이 하나씩 터지네요.
고 1때, 학폭으로 학교를 그만두고 온 가족이 동남아로 이민을 갔습니다.
제가 다쳤거든요.
(군대는 이 때 다친걸로 면제 받았고요, 학폭 가해자는 한국에서 영어유치원인가 한다고 하더군요)
동남아 현지에서 어예어예  야매대학교를 졸업 한 후,  대기업에 현지채용 취업을 받았으나,
제대로 된 배움에  뜻을 두고  유럽으로 직행하고요,
26살에 유럽으로 학석사를 갔습니다.
독일/벨기에 학사 (핀란드 에라스무스 다녀옴여)
네덜란드 석사
이렇게 받았네요.
졸업 후,
학교에서 대학교 박사학위를 준비하면서,
박사 프로젝트  펀딩 받고,  어쩌다가 부업으로 컨설턴트 부업을 했습니다.
(는 사실 담당교수님이 Big4 자문위원이었는데, 거기에 꼽사리 껴서 들아건 것임).
그렇게 쓰리잡을 뛰면서 (강의, 연구/박사준비, 컨설턴트?)
현지에 이민도 잘 가고 적응해서 잘 살 수 있을 줄 알았죠.
근데 잊고 있던 사실이 절 덮칩니다.
저 석사할때 암에 걸렸었거든요.
진지하거나 위협적인건 아니고 가장 흔한 암이지만,
그 암 수술 후에 여러 문제가 생깁니다.
고혈압, 고지혈등 고혈당... 켈로이드... 체질 변화...
불면증, 만성 두통...
사람들이 쉽게 지나간다, 거북이 암이다 했지만,
이미 제 체질은 살짝씩 망가지고 있었죠.
근데 문제는, 그 당시 제가 살던 나라에서는 고혈압 약 한알 조차 저에게는 처방을 해 주지 않았습니다.
과잉진료. 라는 이유였죠.
왜냐하면 제 나이가 젋고, 딱히 추가 검사를 받거나 전문의를 찾아가지는 않았었으니 (공보험이 이때 적용이 안되서 비쌌어요ㅠㅠ)
GP와 상담 할 수 밖에 없었고,
그 때 반응은
""우리는 젊은 사람한테 혈압약 같은걸 제공하지 않습니다. 살을 뺴보는건?"" 이거나,
""생활 스타일을 바꾸는건 어떨까요? 저염식같은건?""
정도가 전부였으니깐요.
그러던 어느날, 일이 터집니다.
3주차 쯤 되었을까요,
업무상 타 도시에 출장을 일을 갈 일이 생겨서,
기차표를 타고 가는데 소변이 너무 마려운겁니다.
그래서 기차역 화장실로 들어가서,
소변을 보는 그 순간....
눈 앞이 씨꺼멓게 변하면서 핑 돌더군요.
사지에 힘이 빠지면서 쓰러졌습니다.
그 때 상황을 요약하자면,
바지 사이로 튀어 나와있는 제 소중이,
젖어가는 바지자락,
정신은 있는데 움직이지 않는 몸.
아... 이렇게 죽는건가 싶더라구요.
뭐 몇분 지나니깐 풀어지긴 했는데
덕분에 이주 간 후 처음으로 엠뷸런스 타봤습니다.
대신 그 때, 뭔가 보험사와의 의사소통에 문제가 있어서,
앰뷰런스 비의 60%를 제가 냈는데,
그게 제 주급보다 비싸더군요. ㅎㅎ
그래서 31살에 한국으로 들어왔습니다.
정기검사 한번 받고, 약 몇 번 먹으니깐, 고질병들이 다 사라지더라구요.
이 때쯤 한 난관이 절 덮칩니다.
바로 구직 문제죠.
한국인으로 태어났으니, 한국에서 일도 해 보고 싶었구요.
국뽕도 살짝 있었습니다. 내 나라가 이렇게 빠른 발전을 했는데,
한번 경험 해 봐야 되지 않을까?
그래서 언젠가 사업을 해야만 한다는 압박감 같은 걸 이유로,
(사실 채용검진도 없는 편이 더 낫겠더라구요 ㅠ)
그럴 바에는 모든걸 다 경험 할 수 있는 중소기업쪽이 낫지 않을까?
하고 한국 강소기업, 중소기업, 스타트업 쪽 위주로 지원을 했습니다.
하던 컨설팅 쪽은 이제 그런 격무는 하지 못할 거 같기도 하고,
쓰러진 다음부터는 쫄아서 신청조차 하지 않았었습니다.
설마 그 이역만리에서도 구직에 성공 했고,
능력도 후달리는게 없고, 업무 경험도 있는데, 스타트업 하나 취직 못하겠어?
전직 전략 컨설턴트에, 학교 다니면서 컨설팅 펌 알바 뛴게 얼만데?
하는 마음에 좀 가볍게 생각하고 들어왔죠.
네. 8개월정도 못했습니다.
한국 기업과는 인터뷰 하나 잡히지 않았었네요.
(외국계는 몇 번 면접 봤었습니다.)
스팩이 문제였을까요?
아니면 소위 말하는 자소설을 못 써서 그런걸까요?
그래서 전 결심을 합니다.
제 이력서와 자소서를 가지고 숨고같은데서 이력서 첨삭을 해 주시는 분을 찾아갔죠.
뭐 어디 대기업 현직자 분이 봐드립니다. 뭐 그런거였는데, 잘 기억은 안나네요.
제 이력서랑, 자소서를 보내 드리고,  초조하게 답변을 기다렸습니다.
왜냐하면 제가 여태까지 쌓은 경험이나, 이 나이에 한 성취들이 인터뷰 한 번 못 볼만큼 엉망은 아니라고 생각했거든요.
정답을 알고 싶었습니다.
아니, 그렇게 인종차별 쩌는 동네에서도 이거보다는 면접제안 많이 받았었는데,
내 나라에서는 좀 더 편해야 되지 않을까요? 막 동양인이라고 꼽 덜받고?
그런 마음에 좀 씩씩대는 마음도 있었습니다.
참고로 이 때 서류상 제 스팩은 이렇습니다.
학사(독일/벨기에) (위에 언급했던 핀란드는 교환학생같은거라서 학위에는 안 적혔네요.)
석사 (네덜란드)
전공 경영학 (경영전략과 혁신관리) 부전공 금융 (Finance),심리학.
겅험
: 대학교 소속 연구원, 컨설턴트 외주, 컨설턴트 인턴... 대학교 가기 전 기획부동산 영업 경험, 호텔업 종사 경험 유, 통역, 직영 경험 다수 보유, 사업 경험 작지만 있고,  공연 기획 경험,  이벤트 기획 업체어서 영업경험 보유. 가족기업에서 무역 사무경험 보유중... 이정도? 아 자그만한 투자은행 인턴도 하긴 했었습니다만, 그건 빡세서 금방 때려쳤었네요;
자격증
: 워드 1급, 컴활 1급, MOS 마스터 (이건 예전에 인턴할때 따둠여),
어학
:  오픽 AL, TOEIC 985, 독일어B1, 네덜란드어 B1, 말레이어 A2, 베트남어 A2
대외활동:
유니세프 2년, 현지 학생회 2년 반, 대학교 역사상 최초의 외국인 임원, 00아마추어 극단 소속 연기경험...뭔 자원봉사 프로젝트 베스트 인턴상...
뭐 많네요.ㅎㅎ
그리고 전 이런걸 적어서 그",,,etc,clien,https://www.clien.net/service/board/park/18102442,
clien_019,알고보니 저도 가스라이팅을 당한적이 있더군요,"해외에 있을때
알게 된 형들과 일을 한 적이 있습니다.
저는 그 사람들보고 적게는 8살 많게는 15살정도 어렸던걸로 기억합니다.
어쨋든,
이 사람들이 돈을 제대로 안주기 시작합니다.
일은 엄청 시켜요.
그리고 제가 뭐라고 했습니다. 돈을 제대로 달라.
그랬더니 뭐 조금만 있으면 너랑 같이 다 성공할텐데 왜 기다리질 못하냐 이럽니다.
그리고 그때쯤 어머니가 암투병을 하시게 되어서 한국으로 돌아간다고 말을 했습니다.
그랬더니 한국으로 너가 돌아가봤자 월 200만원 벌겠냐.
너는 우리랑 안하면 안된다. 라는 식으로 제 자존감을 꺾으려고 하더군요.
근데 이 사람들이 잘 몰랐던게, 제가 이미 이 사람들 이외에 하고 있던 일이 월 3000불은 벌고 있었습니다.
그래서 안그래도 어머니 암투병때문에 화가 나는데 진짜 빡치더군요.
왜 너따위가 나를 얕잡아보지? 18ㅅㄲ가 진짜 장난하나? 나이 먹고 한다는 소리가 저거인가?
이런 생각이 쓱쓱 나오더군요.
그리고나서 했던 말이 아직도 기억납니다.
""야 형은 너 나이때에 벤츠 몰고 다녔어. 조금만 더 있으면, 너도 벤츠 몰 수 있는데 왜 그러냐?""
멍멍이 쉐리가 지는 부모 돈으로 이것 저것 산 주제에, 황당하더군요.
그리고 결심했습니다. 얘네랑 다니면 안되겠더라고 ㅎㅎㅎ
그 형들 중 나이 적은 형은 나이 많은 사람의 친척동생인가 그랬는데
뭐 허드렛일은 그 사람이 다 하더군요.
저도 이 사람과 함께 하면 저 사람처럼 허드렛일이나 하는 사람이 되겠구나 싶어서
그 이후로 연락 끊고 한국 와서 지금 잘먹고 잘 살고 있습니다.
그 사람도 나중엔 한국와서 정부지원금으로 창업해서 여기저기 또 헛소리 팔고 다녔던걸로 기억합니다.
어쨋든, 저도 주변에 이직생들 취직생들 가르치는 부업을 하면서 느끼는 건데,
학교에서든 직장에서든 그리고 연인사이에서도 자존감을 일부러 낮추게해서 다른 곳은 못가게 하려는 사람들이
꽤 많은 것 같습니다.
참 비겁한 사람들이 많구나라는 생각이 더더욱 많이 들게 되었습니다.
오히려 자신이 사랑하는 아끼는 사람의 자존감 자신감을 더 복돋아주진 못할망정, 자기 없으면 안되는 사람으로 만드는 것은
참 비겁하다고 생각합니다.",,,etc,clien,https://www.clien.net/service/board/park/15188003,
ppomppu_013,"배민 / 쿠팡이츠로 배달해본후기~!! (개인적 관점, Feat, 전동이동장치의 단점)5","한 달전에 몇 일 해본거라 지금하고 다를지도 몰라요~!!
그리고 제가 사는 동네 위주로 해본거라 다른 지역과 다를지도 몰라요~!!
저는 전기자전거로 했는데 다른 이동수단과는 다를지도 몰라요~!!
주말에 알바를 찾다가 사실 주말알바는 거의 없거나 있어도 노가다처럼 본업에 지장을 줄 정도의
노동강도를 요하는 알바라서 고민하고 있다가 요즘 직장인들이 투잡개념으로 종종한다는
배달알바를 시작하게 되었습니다.
집에 전기자전거도 있겠다. 잘되었다 싶어서 평일날 시간을 내서 등록절차를 마치고...
주말이 다가왔습니다. 대충 오후2시 이후부터 시작했습니다.
일단 제가 있는 지역에 한에서 쿠팡이츠는 콜이 잘 뜨지 않습니다.
쿠팡은 콜이 간혹 뜨는데 거리도 먼거리고 배달비용도 배민과 거의 차이가 없었습니다.
그러다보니 자연스레 쿠팡콜은 안받다가 나중엔 그냥 꺼버리게 되더군요.
상대적으로 배민콜은 꾸준히 왔던 편인데 저희 동네가 언덕이 많은 동네라서 그런지...
언덕을 거쳐가거나 하는 콜은 받기 좀 어렵습니다. 아마 오토바이나 자동차였다면 받았겠지만...
배터리의 압박을 심하게 받는 전동이동장치는 언덕을 왔다갔다 하는건 리스크가 큽니다.
그리고 약 10분의 3-4의 비율로 B마트 콜이 자주 뜹니다.
개인적인 의견입니다만 B마트 콜은 배달비용도 일반콜과 별 차이 없는데 무겁고 짐이 많은 경우가
대다수였습니다. 그래서 몇번 하다가 정말 콜이 없을때를 제외하고는 B마트 콜은 안받게 됩니다.
음 3주정도 총 5-6일정도를 했는데 하루 평균 2-3만원정도 벌었던것 같습니다.
밖에 나가서 있는 시간을 생각해보면 돈이 거의 안되는 수준이었습니다.
오토바이가 있었다면 좀 더 많은 콜을 받고 더 벌 수 있지 않을까 싶었지만...
어쨋든 그렇게 접었습니다.
5-6일 동안 번 돈이 10만원정도 입니다. ㅋㅋㅋ
오토바이나 자동차로 하는거 아니면 비추 합니다.
아 물론 서울은 다를수도 있을겁니다.",,,etc,ppomppu,https://www.ppomppu.co.kr/zboard/view.php?id=freeboard&no=7644617,
ppomppu_014,주식으로 5억 전재산 잃은 30대직장인유튜버 ㄷㄷ.jpg71,"39살 평범한 회사원
8년간 회사생활하면서 최소한의 생활비를 제외하고 하나도 안 쓰면서 모은돈+틈틈이 한 부업+중고거래 등등해서 모은 돈 5억 주식으로 5개월만에 다 날림
사람들이 유튜버하려고 주작하는거 아니냐고 해서 본인이 직접 폰 로그인해서 인증영상 올림
이 사람 들어간 회사 본 주식하는 사람들은 돈 날린거는 안타깝지만 앞으로 돈 모으면 평생 투자같은거 하지말고 그냥 은행에 넣어두라는 반응",,,etc,ppomppu,https://www.ppomppu.co.kr/zboard/view.php?id=freeboard&no=7208674,
ppomppu_015,5/14일 몇 가지 기사내용 발췌...3,"자세한 내용은 기사전문을 읽어보세요.
삼성카드, '사전 공지' 없는 무책임한 혜택 축소…'소비자 우롱' 민원 빗발쳐
http://www.popcornnews.net/news/articleView.html?idxno=12779
삼성카드의 경우 지난 2010년 출시한 '삼성 수퍼S카드'의 판매를 종료하고 올해 1월부터 마일리지 포인트 전환 비율을 90%에서 70%로 줄였다.
소비자들이 분노를 금치 못했던 이유는 카드사에서 혜택 변경 공지를 정확하게 전달하지 않고 소리 소문 없이 바꿨기 때문이다.
뒤늦게 변경 소식을 접한 소비자들은 ""고객을 무시하는 행동""이다 라며 반발에 나섰으나 ""홈페이지에 혜택 축소 공지를 했다""며 잘못을 부인했다.
뿐만 아니라 사전 고지를 하지 않은 이유에 대해 '마일리지를 포인트로 전환하는 것은 한시적인 프로모션이었기 때문에 사전 고지를 알릴 의무가 없다'는 주장을 펼쳤다.
성난 소비자들은 삼성카드의 부가 혜택 변경에 문제를 제기하며 금융감독위원회(이하 금감원)에 민원을 제기했다.
그러자 삼성카드는 해당 혜택은 특별행사였다고 발뺌을 했다.
이에 금감원은 삼성카드에 해당 카드가 특별행사였음을 증명할 자료(안내장과 판촉물 등)를 제시할 것을 요구했으나 삼성카드 측에서 증거물을 제출하지 못한 것으로 알려진다.
삼성카드 관계자는 일부 매체를 통해 ""해당 상품을 설계한 인력이 모두 퇴사해서 히스토리를 증명할 사람이 없다""며 해명했다.
금감원의 조사가 계속되자 삼성카드는 결국 줄였던 포인트 전환 비율을 다시 복구시킨 것으로 전해진다.
하지만 충분한 사전 고지를 했다는 카드사들의 무책임한 발언이 오히려 '믿고 해당 카드를 사용한 소비자들을 우롱한 것'이라는 논란을 키웠다.
의정부시 상하수도요금, '신용카드 자동이체' 가능
http://www.gukjenews.com/news/articleView.html?idxno=479435
‘신용카드의 모든 것’, 한국모바일넷 ‘카드나라’ 서비스 선보여   [유통·소비자]
http://nvp.co.kr/gn_bbs/board.php?bo_table=bgroup1_13&wr_id=983
롯데, 베트남 1위 은행과 엘포인트 멤버십 확대
http://media.daum.net/economic/consumer/newsview?newsid=20160512152005162
http://www.lottemembers.co.id/index.tran
中유니온페이 ""신용카드 돈세탁 기승..방지책 계속 강화""
http://media.daum.net/foreign/others/newsview?newsid=20160512122144254
신한카드, 요우커 카드시장 공략...中은련카드 전표매입 관심
http://www.newspim.com/news/view/20160511000336
현재 은련카드는 온라인의 경우 롯데카드, KB국민카드, 삼성카드, BC카드 등 다수와 계약을 맺고 있다. 오프라인은 2005년부터 BC카드와 단독으로 계약한 상태다.
현재 은련카드 전표매입업무 복수사업자 선정에 가장 관심을 보이는 곳은 국내 시장점유율 1위인 신한카드다. 카드업계에 따르면 신한카드는 그동안 은련카드와의 협업에 꾸준한 관심을 표명해왔다.
한 카드사 관게자는 “국내 중국인들의 유입이 많이 늘었고, 은련카드 결제도 그만큼 늘었다”며 “이번 전표매입업무 복수사업자 선정은 은련카드와 다양한 프로모션 등을 진행할 수 있고, 매입업무를 통한 수입도 기대할 수 있어 일석이조”라고 말했다.
돈은 카카오가 벌고 데이터 비용은 소비자가 부담
http://www.ezyeconomy.com/news/articleView.html?idxno=59552
카카오 알림톡은 기존에 기업이 소비자에게 정보를 보낼 때 사용했던 문자서비스 SMS(Short Messaging Service)와 장문의 문자서비스인 MMS(Multimedia Messaging Service)의 대안으로 출시됐다.
소비자 입장에서 카카오톡 인증마크와 기업로고가 표시되어 주문 정보 등이 발송되기 때문에 스팸 문자의 위험에서 자유롭다. 기업의 입장에서도 고객들에게 정보를 제공하기 위해 SMS나 MMS에 해당하는 문자메시지 사용요금을 줄일 수 있었다. 카카오 알림톡 전송 비용이 최대 90% 저렴하기 때문이다.
카카오톡의 데이터 소모량은 텍스트 위주의 간단한 채팅이나 웹문서만 보았다면 극히 소량만이 사용된다. 다만 카카오톡에서 영상이나 움직이는 사진 등을 보았다면 데이터 소모량이 커진다. 예를 들어 카카오톡이나 인터넷으로 10MB 영상을 10개를 보기 위해 다운받았다면 100MB를 소모 하는 방식이다.
또한 와이파이 공간 내에서 사용하는 건 데이터 사용에 포함되지 않으므로 무엇을 하던 데이터 사용량에서 차감되지 않는다.
카카오 알림톡도 동일하다. 다만 기업형 정보 메시지이기 때문에 일반 카카오톡 사용요금보다는 비싼 편이다. 카카오 알림톡으로 소비자가 요청한 택배 물건을 받기 위한 정보를 받으면 내용을 수신하기 위해 데이터가 소모되는 것도 사실이다.
그런데 카카오 알림톡 같은 경우에는 발신자와 수신자 둘 다 데이터를 이용 한 것으로 간주하기 때문에 텍스트의 숫자나 사진의 용량에 따라 데이터 사용이 발생되는 문제가 생긴다.
과거 이동통신사 주도의 SMS와 같은 기업형 문자메시지는 발신자만 문자메시지 사용료가 부과되기 때문에 문자를 확인해도 소비자의 데이터가 소모될 일이 없었던 과는 다르다.
대중교통·주유소·커피점 할인 최강 신용카드는?
http://media.daum.net/economic/finance/newsview?newsid=20160511165453199
2030세대 젊은층이 카드 추천 서비스를 통해
가장 많이 발급을 신청한 카드는 KB국민카드의 '파인테크'(FINETECH)
였다. 이 카드는 스타벅스 30~50% 청구 할인, CGV 3000~5000원 즉시 할인 등 문화·생활 분야에 혜택이 집중돼 젊은층이 많이 찾는 것으로 보인다.
하나카드의 '2X알파카드'는 젊은층에서 인기가 많은 카드 2위를 차지
했다. 이 카드는 발급 받은지 6개월이 지나면 기본 할인과 포인트 적립 혜택이 두 배로 늘어난다.
젊은층이 선호하는",,,etc,ppomppu,https://www.ppomppu.co.kr/zboard/view.php?id=money&no=225892,
ppomppu_016,소소한 수익인증..신광슈퍼님 감사합니다.13,"갑자기 게시판이 시끄럽네요...
전 신광슈퍼님 추천해주신 주식 종목으로 수익 보고 있습니다.
정말 감사합니다.
신광슈퍼님처럼 근거 있는 추천과 사후 코멘트까지 해주시는 분이 얼마나 있나요?
그리고 종목 추천을 안하면, 증포 게시판이 무슨 의미가 있을까 생각합니다..
근거 있는 추천 종목이거나, 약팔이처럼 종목만 툭 던지거나 전 하루에 한두번 여기 게시판 들어와서
다른 분들이 추천하거나 언급하신 종목은 잠시라도 찾아봅니다.
저같이 부업으로 주식 하는 직장인들에게는 이슈가 되는 종목 자체를 찾기가 힘들기 때문에
큰 도움이 됩니다.",,,etc,ppomppu,https://www.ppomppu.co.kr/zboard/view.php?id=stock&no=88100,
ppomppu_017,2014년 현재까지 수익인증합니다38,"안녕하세요 주식을 부업 삼아 틈틈히 하고 있는 30대 직장인입니다.
주식 투자 스타일은 저평가 우량주를 위주로 중장기 매매 80%
테마주 위주의 단타나 스윙매매 20% 비중으로 포트 운영하고 있습니다.
올해는 현재까지는 운이 좋은 평이라서 수익이 좀 났네요..
물론 더 대박이 날 수 있었던 기회도 있었지만 몇번 날려 먹어서 아쉬움이 남긴하지만...
남은 2014년에도 상반기와 같이 좋은 수익이 났으면 좋겠네요..",,,etc,ppomppu,https://www.ppomppu.co.kr/zboard/view.php?id=stock&no=79911,
ppomppu_018,개장 전 주요 이슈 점검0,"2023년 8월 24일 (목)
<주요이슈점검>
* 뉴욕증시, 8/23(현지시간) 엔비디아 실적 기대감 속 대형 기술주 강세 등에 상승… 다우 +184.15(+0.54%) 34,472.98, 나스닥 +215.16(+1.59%) 13,721.03, S&P500 4,436.01(+1.10%), 필라델피아반도체 3,602.01(+2.11%)
* 국제유가($,배럴), 휘발유 재고 증가 등에 하락... WTI -0.75(-0.94%) 78.89, 브렌트유 -0.98(-1.17%) 83.05
* 국제금($,온스), 美 국채 금리 하락 등에 상승... Gold +22.10(+1.15%) 1,948.10
* 달러 index, 美 PMI 지표 둔화 등에 하락... -0.20(-0.20%) 103.36
* 역외환율(원/달러), -8.97(-0.67%) 1,328.07
* 유럽증시, 영국(+0.68%), 독일(+0.15%), 프랑스(+0.08%)
* 미 8월 제조업황 위축세 지속…서비스는 6개월만 최저
* 미 7월 신규 주택판매 4.4% 증갉월가 예상 상회
* 불러드 ""더 강한 성장으로 더 높은 금리 필요할 수 있어""
* 엔비디아, 2분기 순익·매출 예상치 큰 폭 상회…주가 8%↑
* 찰스슈왑 '잭슨홀, 중앙은행 정책 다이버전스 보여줄 것'
* 美, mRNA 이용 암 백신에 투자…바이든 ""암 치료 쉬운 질병으로""
* 유로존 8월 PMI 33개월래 최저…서비스업으로 부진 확산
* 독일 합성 PMI 2020년 5월 이후 최저…유로화 하락 급전환
* 日 장기금리, 이틀째 연고점 돌파…BOJ 매입 확대 보류
* CA ""日 10년물 금리 적정치는 0.61%""…1% 시나리오는
* 4개월 쉬고 금리인상 관측…통화 약세에 재점화된 RBA 긴축
* 대부분 지역에 강한 비…시간당 30~60㎜
[기업/산업]
* 폴란드, 차세대 한국형 원전 도입 위한 절차 개시
* 닛케이 ""美 대중 반도체 규제, 한국·대만기업 유예 연장 방침""
* 삼성전자도 20조 쟁였다…위기 체감 기업들, 투자 줄이고 몸 사리기
* 현대차, 中충칭공장 매각 착수…창저우도 연내 가동 중단 계획
* 현대·기아차, IRA에도 상반기 美전기차 점유율 '2위'…수익성은?
* 상장 앞둔 두산로보틱스, 증권신고서 제출…시총 1.3조 이상 목표
* LG화학, IT필름 철수…청주·오창 공장 판다
* K디스플레이 바닥탈출 끝 보인다
* LGD ""고급차 디스플레이…3년 내 점유율 50% 돌파""
* 한화오션 2조원 증자…""방산·해양 대대적 투자""
* 농심기획 팔린다…""이노션과 협상 중""
* 23년 묵은 '금융지주법' 대수술 나선다
* '주인없는 지주사' 최고경영자 독주 자기사람 심어 '장기집권 플랜' 가동
* 강성부 ""행동주의펀드에 한국은 '물 반 고기 반'…해외펀드와 협력도""
* 종목추천 No! 구독 후 종목발견 Yes! 시장 흐름이 보이는 인포스탁 모바일주식신문 → 가입
* 태광 ""롯데홈쇼핑 사옥 매입 반대""
* LG이노텍 'RE100 달성' 속도…SK E&S서 재생에너지 구매
* 삼성重, 탈중국 가속화 中 닝보공장 추가 청산
* ""듣고 말하기 척척"" 100개국어 마스터AI 등장
* B2B 힘주는 LG, 체질개선 성과 '빵빵'
* '경제의 혈관' 만드는 LS전선, 집도의는 LS마린솔루션
* 클라우드 최적화 반도체 만든다
* 삼성, VM웨어와 메모리 동맹…글로벌 AI 기업 잡는다
* 1위 대부업 러시앤캐시 대출 넘겨받은 OK저축銀, 연체율 외려 낮아졌다
* 에코프로, 양극재 글로벌 3각 체제 구축
* ""5G 한달 최저요금 3만원대로 확 낮출것""
* SK바팜 ""2029년 美매출 1조 시대 열겠다""
* ""진짜 양파가 배송됐어요"" 반응 폭발…요즘 뜨는 게임 봤더니
* 방망이 짧게 쥔 개미들…초단기채로 몰려갔네
* 양자 얽힘현상 찍었더니 '태극무늬'갉
* SKT '멀티 언어모델'…맞춤형 생성 AI 제공
* 완성차 질주엡부품사도 '실적 홈런'
* 물이 전해액…불 안나는 '수계형 배터리'
* 조광페인트, 2차전지 시장 공략
* 美 IRA·대만 수혜…SK오션플랜트 다시 뛰나
* ""CGV 유증 외면"" 비판엡대주주 몫 늘린다
* 현대엘리 겨냥 KCGI ""쉰들러와 연대 가능""
* 포스코DX 결국 짐 싼다…코스피 이전 상장 추진
* '3조 대어' 서울보증보험 코스피 뜬다
* 삼성전기·대덕전자…AI '찐' 수혜주 관심
* 美백화정스포츠용품점 도난·소비 둔화에 '울상'
* '빚투' 20조 넘었다… 증권가, 맥신·2차전지 등 테마주 빚투 '중단'
* 中 2차전지 소재 '룽바이' 韓상장 추진
* ""더는 못 버텨"" 개미들 눈물의 손절매…'차이나 펀드런' 공포
* 신작 영상 호평에도…펄어비스 주가 '급락'
* 위기의 양극재? 판가 부진에 잇따른 증설까지…""일희일비 안 해""
* '-30%' 바닥 가까워졌을까...반등 노리는 K-리츠 ETF
* 금감원, KB국민銀 압수수색 미공개 정보로 부당이득 혐의
* 미용의료기기, 주가도 리프팅
* 우회상장 택한 삼프로TV…앞서 입성한 캐리소프트 주가는?
[경제/증시/부동산]
* '반도체 한파' 기업체감 경기 6개월 만에 최저
* 단기외채 비중 24% … IMF외환위기 이후 최저
* '노후 막막' 국민연금 손댄다 조기 수급자 2년뒤 100만명
* 코스닥, 게임주 급락 속 1.17%↓…외국인·기관 동반 매도
* 고용 찬바람…""하반기 35% 감축""
* 내년 예산 초점도 '허리띠 졸라 매기'
* 매일 2회, 07시 18시에 전송되는 인포스탁 모바일주식신문!! → 가입
* 내년 상장사 법인세 40% 줄 듯
* 회사채 금리 오르자 지난달 발행 34%↓
* 상가 재건축도 신탁방식 첫 도입
* 전국 중개업소 절반 ""하반기 집값 변화 없을 것""
* 공공주택 '다자녀 특공', 아이 둘만 있어도 가능
* ""30년마다 재건축 왜해?""…삼성 래미안의 해법
* 동부화물터미널 39층 복합단지로
[정치/사회/국내 기타]
* 협치 사라진 국회, 여야 공동발의 '실종'
* 방방곡곡에 SOC 예산 … 내수진작·총선표심 '두마리 토끼'
* 후쿠시마 오염수 오늘 방류 개시…일본언론 '오후 1시' 예상
* 이균용 대법원장 후보자 ""기울어진 사법신뢰·재판권위 회복할것""
* 북한 ""정찰위성 발사",,,etc,ppomppu,https://www.ppomppu.co.kr/zboard/view.php?id=stock&no=252818,
ppomppu_019,요즘 유행하는 사기 (5) - 고수익부업사기 2편0,"안녕하세요 류인규 변호사입니다.
신종사기 시리즈 5편입니다.
인스타에서 많이 보이는 유형인데요. 다들 한번 쯤 보셨을 겁니다.
도움이 되셨으면 좋겠습니다.
(블로그에 다른 글들도 있으니, 시간 되시면 블로그
https://blog.naver.com/ryuingyu
도 한번 와 주시면 감사하겠습니다^^)
=====
고수익 부업 사기는 1편과 2편으로 나누어 알려드립니다. 이번엔 2편입니다.
고수익 부업 사기에는
보이스피싱형
과
다단계형
이 있다고 말씀드렸었죠? 이번에는 다단계형에 대해 알아보겠습니다.
다단계형 역시 인스타그램 등의 SNS에서 주부들을 주 타겟으로 합니다. 평범한 OO맘의 일상 사진들을 올리며 친근감을 형성한 뒤 ""짬짬히 부업해서 이번달도 500만원 벌었어요~""같은 식의 홍보를 하는 것이지요.
그런데 다단계형은 1편에서 알려드린
보이스피싱형과는 달리 실제 인물이 운영하는 인스타그램 계정
입니다. 보이스피싱형 사기 계정은 가짜 이름과 도용된 사진들로 급조한 계정이기 때문에 자세히 보면 뭔가 이상하다는 점을 알 수 있지만, 다단계형 부업사기는 실제로
개인이 직접 자기 이름을 걸고 자기 사진을 올리는 계정이기 때문에 방심하기 쉽습니다
.
사기꾼이 자기 이름을 걸고, 자기 사진을 올리면서 사기를 친다구요?
네 맞습니다. 뭔가 이상하지요? 지금부터 자세히 알려드리겠습니다.
이런 다단계형 부업사기 계정들에는 몇가지 특징이 있습니다. ""
멘토와 멘티
"", ""또는 ""
스승과 제자
""같은 표현이 등장합니다. ""
후기 알바
"", ""
댓글 알바
"". ""
영수증 부업
""같은 단어들도 등장합니다. 종종 ""
쇼핑몰 운영
""을 내세우는 곳도 있습니다.
크게 두가지로 나뉘는데요.
첫번째
는 특정 음식점이나 매장의 홍보 글에 댓글을 달거나, 특정 매장에 대한 영수증 후기를 올리면 건당 천원 정도 대가를 준다는 유형입니다.
그런데 댓글 알바나, 영수증 후기 1건당 천원씩 받아서는 인스타그램에 나온 것처럼 한달에 몇백만원씩 돈을 버는 것이 불가능합니다. 영수증 후기를 하루에 10개 올려야 만원인데, 한달 내내 이것만 해도 30만원입니다. 심지어 업체별로 하루에 올릴 수 있는 댓글이나 후기의 갯수를 제한해 두기 때문에 한달에 몇 만원 버는 것도 쉽지 않습니다.
두번째
는 본사에서 쇼핑몰 사이트를 만들어 주고 물건 배송까지 직접 해 줄테니 그냥 인스타그램으로 열심히 홍보만 하면 된다고 하는 유형입니다.
이것도 돈을 벌기 어렵기는 마찬가지입니다. 애초에 물건 자체가 경쟁력이 없고, 생 초짜가 아무리 열심히 홍보해 봤자 판매가 제대로 될리 없습니다.
그래도 조금이라도 돈을 벌 수는 있는거 아니냐구요?
그렇지 않습니다. 부업을 시작할때 업체는 회원 가입비를 받는데요.
적게는 몇십만원에서 많게는 백만원 가까이 가입비를 받습니다.
그런데 업체에서 가르쳐준 대로 부업만 해서는 가입비 만큼도 돈을 벌기 어렵습니다.
오히려 적자
인 겁니다.
그럼 인스타에서 한달에 500만원 벌었다는건 뭐냐구요? 바로
회원모집 수당
입니다. 업체는 회원들이
다른 회원을 모집해 오면 거기서 30%~50%까지 모집수당
을 줍니다. 회원모집을 하지 않고 부업만 해서는 수익을 내기가 어렵기 때문에 회원모집에 열을 올리게 되는 구조입니다. 그렇기 때문에 인스타그램에 화려한 일상이나 현금 다발을 인증하면서 회원 모집을 위한 미끼를 던지는 겁니다.
이해는 했는데 이게 왜 사기냐구요?
회원 모집을 위해 자신의 수익이나 일상을 과장하기 때문입니다. ""재택 영수증 알바로 이번달도 500만원 벌었어요~""라고 올릴 것이 아니라
""이번달도 다단계 회원모집 수당으로 30만원 벌었어요~""라고 올려야 정직한 것
인데, 부업 알바 홍보하는 인스타그램 계정 중에서 이렇게 올린 사람은 단 한명도 보지 못했습니다.
다들 잘 아시다시피
다단계를 해서 돈을 벌 수 있는 사람은 극히 소수
입니다. 다단계 식으로 유료 회원을 모집해 와야지 수익을 낼 수 있는 구조라는 것을 솔직하게 오픈한다면 백만원씩 가입비를 내고 가입할 사람이 몇이나 될까요?
이게 바로 인스타그램에서 많이 보이는 부업 홍보 계정들의 실체입니다. 여러분은 속지 않으시기 바랍니다.",,,etc,ppomppu,https://www.ppomppu.co.kr/zboard/view.php?id=freeboard&no=7302627,
ppomppu_020,업무용으로 구매한 RTX 4070 탑재한 어로스 16X ASG-53KR4,"사회초년생으로 일하는데 업체쪽 미팅할 때 대용량 소스 파일을 띄울일이 많아 구매했습니다. 미팅이 많은건 아닌데 미팅갈때 마다 다른 분들은 노트북들고 다니시는데 혼자 노트를 들고 다니는게 눈치보이더라고요.
처음엔 굳이 필요할까 싶어 망설였습니다. 그래도 다들 있으니 하나쯤 있어야겠다 생각해 쿠팡이랑 후기글 틈틈히 살펴보면서 검색해 보고 구매한 제품입니다.
물론 사무용 노트북을 구매한다는 핑계로 구매한 제품이지만 딱 사무용으로만 사용할거였으면 이 제품을 구매하지 않았을겁니다. 더 가벼운 제품이 많기 때문이죠.
하지만 저는 부업으로 유튭을 시작하기도 해서 가끔 프리미어프로, 포토샵, 에펙도 사용할 용도로 전반적으로 사용할 수 있는 노트북을 구매했습니다.
아 물론 기분 전환용으로 배그, 롤, 피파도 가끔할 생각으로 구매했습니다.
이제 혼자 멀뚱멀뚱 서있지 않아도 되고 스을쩍 화면 훔쳐볼 필요 없이 제 노트북으로 확인하면 될거 같아 벌써 기분이가 좋네요
구매하기에 앞써 여기저기 후기를 남겨주시는 분들 덕분에 참고해서 구매를 잘 할 수 있었던거 같습니다.  은혜는 받았으면 베풀줄도 알아야한다고 배워 글 재주는 없지만 그래도 누군가에게 도움이 될 수 있다는 생각에 한번 작성해봤습니다.
우선 박스 크기가 진짜 작습니다. 제가 16인치를 구매했는데 무슨 14인치가 잘못온줄 알았어요.
내부를 열어보면 제품설명서, 보증서가 들어있고 어댑터와 충전기도 들어있습니다.
아 물론 노트북도 잘 들어있습니다.제가 구매한 어로스 노트북! 검색해보면 다 나오지만! 가격이 LOQ보다 비싸긴 하지만 마감이라던가 설계등에서 많이 차이가 난다고 하더라고요.
기왕 비싼돈 주고 사는거 기왕이면 좋은제품 산다는 생각 + 자주 들어본 HP의 오멘이나 레노버의 리전도 후보였지만 아무래도 메인보드나 그래픽카드를 제작하고 있는 기가바이트보다 제품이 좋지 않을까 걱정이 되기도 했고 컴퓨터 부품을 잘만들면 노트북도 잘 만들지 않을까 하는 단순한 생각에 기가바이트 어로스로 제품을 구매했습니다.
다른 제품이 안좋다는건 아니고 그냥 제 생각입니다. 게다가 AS가 보통 1년인데 2년이라는 점도 마음에 들었습니다.
제품을 보면 새우모양의 어로스가 눈에 보입니다. 로고가 좀 독특하게 되어있는데 빛에 따라색이 달라집니다. 처음엔 좀 신기했는데 뭐 그냥 그렇더라고요. 로고 말고도 곳곳에 이런 재질로 되어있어요. 아는 사람 눈에만 보이는 멋스러움인듯하네요
AORUS 비콘이라고 제품 뒤에보면 RGB바랑 AORUS 문구가 적혀있습니다. 집에서 불끄고 게임하면 좀 이쁠거 같습니다.
제품을 열어보면 디스플레이는 이렇게 생겼습니다.
와 근데 진짜 베젤이 얇더라고요. 유튜브나 몇몇 후기를 봐서 알고 있었는데 실제로 보는건 또 다른 느낌인거 같습니다. 몇 년 후면 이제 더 얇아지겠죠?
Your browser does not support the video tag.
노트북 힌지가 말썽이라는 글도 심심치 않게 보였는데 힌지가 튼튼하니 좋습니다. 역시 하나하나 세심하게 신경쓴 모습입니다.
키보드는 텐키가 없이 구성되어있어 좋습니다. 물론 텐키가 있으면 숫자를 입력할 때 편하긴한데 노트북은 그렇게 되면 키보드가 너무 좁아져 오타율이 많을 수 밖에 없습니다. 차라리 텐키가 없는게 낫다는게 제 생각입니다.
이건 좀 호불호가 강할거 같은데 게임에서 자주 쓰는 QWERASD키가 투명 키캡으로 되어 있습니다.
설정한 빛에 따라 보이는 모습이 이쁘긴하네요
Dolby atmos 스피커라 음질도 좋고! 아까 말했듯 베젤도 얇아 몰입감도 좋습니다. 영화관 갈 필요 없을듯하네요.
포트도 여러개가 잘 구비되어있습니다.
새제품은 언제든 기분이 좋은거 같습니다. 또 며칠 지나면 다른 제품에 눈독 들일 수 있겠지만 그래도 지금 제일 좋은점은 이제 회의 갈 때 혼자 쭈뻣쭈뻣 거리지 않아도 된다는 점이네요.",,,etc,ppomppu,https://www.ppomppu.co.kr/zboard/view.php?id=review2&no=66295,
ppomppu_021,"""P2P 투자중입니다""후기2    부제:탈출의 시기12","또 오랜만에 글쓰네요 이제 거의 투자 만 1년에 접어드네요...
시작은 2~3천으로 시작해서 거의 17년 연말에는 1억을 훨씬넘겼었는데
요즘은 최대한 투자금을 다이어트해서 상환족족 빼고 있습니다.
이번 글은 조금 간단하게 쓰고자합니다. 지난글에도 꾸준한 경고가 있지만 이번글에서도 역시 주로 위험성에 대해 말씀드릴꺼라서요..
제글을 처음보시는분들은 제가 과거에쓴 P2P 관련글인
""P2P 투자""중 입니다. 질문받습니다.
http://www.ppomppu.co.kr/zboard/view.php?id=money&page=1&divpage=50&search_type=name&keyword=_logan_&no=261727
""P2P 투자중입니다."" 후기
http://www.ppomppu.co.kr/zboard/view.php?id=money&page=1&divpage=50&search_type=name&keyword=_logan_&no=270973
2개의 글을 먼저 읽고 오시기를 바랍니다.
그리고 추가 정보를 얻고자 하시는분들은 네이버에 P2P관련 큰카페가 몇군데 있으니 가입하고 충분히 검토하고 하셔야합니다.
이번글은 부실/연체 관리 및 위험성부분에 대해서 이야기를 하고자합니다. 제가 얼마를 투자했고 얼마가 연체중이며, 얼마나 희망이없는지는
일반 개인이기에 (개인투자는 한 P2P대부법인에 천만원 제한이 되어있습니다.) 사이트를 10개 넘게 돌리고 있어서 계산이 매우 힘들어
그냥 현재 1년 돌려서 본전쯤 될꺼같다 예상하시면 편합니다.
일단 저도 현재 연체중인 것들은 PF가 대부분 이기에 연체 당해도 싸다 싶을정도로 좀 불안한 것들이 많습니다.
하지만 그것들을 들어감에도 나름에 이유가 있었고,
특히 초기 포트폴리오를 구성할때 나름 주식도 펀드도 다많이 했었어서인지.... 하아 저/중/고 위험군으로 나눠서 부실이나도
적당히 수익을 얻을수 있도록 구성하자였습니다.
저위험군/중위험군/고위험군을(1억이라보면 4천/3천/3천)
4 : 3 : 3 정도의 비율로 하자라고 생각해서 투자한것이기 때문에 당시에도 물론 위험하다는 것을 인지하였지만 투자하였죠...
근데 이것의 결론을 말씀드리면 제가 평가한대로 저위험군은 매우 탄탄하게 이자/원금이 잘상환되며 조기상환도 잘이뤄집니다.
(주로 탄탄한 P2P법인의 이자 15%미만의 아파트담보대출 및 NPL/배당금 위주)
중위험군은 연체가 있다하더라도 결국에는 상환이 되는 적당한 놈들
(중견규모 이상의 P2P법인에서 진행한 준공되기 직전의 PF상품 or 신생업체의 아파트담보대출/NPL 과 같은 상품들)
고위험군은 제 예상으론 반은 연체 / 반은 부실생각하고 부실중 일부는 그냥 없어지리라 생각하고 투자했습니다.
결론은 고위험군은 하나도 남김없이 연체가 걸렸습니다. 정말 예외가 없더군요. 몇개월 후에 상환이 되더라고 일단 고위험군으로
분류해서 들어간 모든 상품은 연체가 걸렸습니다.
지금 현재 제가 들고있는 연체 채권만.. ㅇㅋ에 1500 ㅁㅇ에 1500 기타 1000 도합 4천쯤 됩니다.
이중 기타로 분류된것에 한 300 들가 있는데 제 예상으론 아마 업체가 도산할꺼 같습니다.
뭐 사장이 뻥치고 있긴한데 시간문제인듯 H사라고만 하겠습니다.
(제가 언제부턴가 업체에 연체이자 20% 넘게 붙고있는거 너네 다 먹으라고 내가 지금 어머님 수술이 급해서 그냥 원금만 니네 자금있으면
주면안되냐 라고 전화를 엄청합니닼 이제 대충 ㅇㅋ이나 ㅁㅇ H사 목소리는 대충누가받으면 알겠습니다.)
부실에 무서운점은 투자금액 전액이 손실이 되어버릴수 있기때문입니다.
이전 글이나 그 밑에 전문적으로 돌리시는 분들이 가장중시하는게 무엇이냐하면.... 업체의 추심능력입니다.
추심 간단히 말하면 빌려준 대금을 차주가 갚지않아 강제로 집행해서 가져오는거죠....
자 여기서부터는 기존에 투자를 제대로 하시는분들이나 대충 기본적인 권리분석이 되셔야 알아들을수 있을꺼에요
자세한 설명은 네이버 찾아보면 다 나오니 참고하시고..
P2P업체는 P2P 업체라고 하지만 그냥 대부업체입니다. 즉 여러분이 아시는 사채업을 하는 곳이죠
사채업의 기본법정이율은 연 24% 이하입니다. 근데 이렇게 주고 빌리는 사람들은 정말 끝에 끝까지 가신거죠... 상식적으로..?
그걸 염두해두셔야 됩니다. 보통 신용이 안좋은분들이더라도 집을 소유하고 있다면 대부업체에서는 담보가 확실하기에 대출이 쉽게 나가요
여러분들이 이자 15% 이상 받는 아파트 후순위 P2P의 경우 보통 업체가 아마 연20% 이상은 가져갑니다.
근데 아파트주인이 연20%나 되는 이자를 내면서 돈을 빌린다.... 시세보다 싸게만 내놔도 수도권의 아파트는 금방나가는데
그걸 고이율로 사채를 쓴다는거 자체가 상당히 신용상으로 사실 불안한 겁니다.
여튼 이런사람들이 그냥 ㅌㄱㄷ나 ㅌㄹ같은 P2P 큰손들에게 대출하기 탭을눌러서 대출하겠습니까?
뭐 상위 탑급 업체는 그렇게 들어오는 건도 있긴하겠죠  근데 P2P 하위업체들은 아마 대출중개인에게 받는걸꺼에요...
대출중개인은 무엇일까요 ?
공인중개사는 부동산을 사고팔때 중개해주는 사람입니다.
대출중개인은 제가 10억짜리 아파트로 대출을 하고싶을때 대출중개인이 저를 대부업체에 소개시켜주는겁니다.
그리고 소개비로 중개수수료를 받아갑니다.
보통 아마도...법정수수료가 3.5%인가 될꺼에요(아마도...찾아보시면나올듯)
즉 5억짜리 아파트에 2억 대부업체에 대출을 하면... 700만원 리베이트 가져갈꺼에요(아마도...?)
P2P업체가 자주자주 상품을올리기 위해선 이렇게 물어오는 건들이 있을꺼에요 그럼 중개수수료도 줘야지 이자도 줘야지 직원 월급도 줘야지
사무실 임대료도 내야지... 그냥 일반 회사라고 생각해도 겁나 수익률이 걱정되죠..?
자 이런상황에서 예전에 10초 이내로 상품이 마감되던 시절과 비교할때 요즘은 좋은물건도 마감이 매우 여유있죠...
하위 업체들은 마감되는데 몇일걸리기도 합니다.
P2P의 위험성이 대두되면서, ㅇㄹ, ㄷㅅ, ㄷㅎㅇㅇ 터졌죠... 근래에 ㅇㄴㄹㅊ 터졌죠...ㅇㄴㄹㅊ 대출미회수 300억입니다... 검찰조사들어가네요
줄줄이 터질꺼라고 봅니다. 제가 터졋다고 한곳은 진짜 업체가 터진겁니다...
이외에도 문제 업체가",,,etc,ppomppu,https://www.ppomppu.co.kr/zboard/view.php?id=money&no=276729,
ppomppu_023,킵고잉 나는 월 천만 원을 벌기로 결심했다12,"재테크 채널 중 가장 인기 있는, 80만 유튜버 신사임당이 전하는
돈 모으는 게 처음인 사람들을 위한 경제 독립 가이드
“부자가 될 확률을 높이고, 부자의 운을 끌어당겨라!”
경제 재테크 유튜브 채널 중 가장 신뢰받는 유튜버로 잘 알려져 있는 신사임당이 돈 모으는 게 처음인 사람, 내 사업을 하고 싶은 사람들을 위해 한국에서 돈 버는, 가장 현실적인 방법 공개한다. 이 책은 재테크 초보자가 돈 모으는 법부터 100만 원으로 스마트스토어 시작하는 법, 인맥 없는 사람이 사업하는 법, 멘탈 흔들리지 않는 마인드 관리법까지 평범한 사람들이 부의 길로 들어설 수 있도록 재테크 방법과 철학을 전한다.
신사임당의 월 수익 천만 원 만드는 법 공개
‘돈 버는 게 처음인 사람들을 위한’ 재테크 매뉴얼
“내 직원에게는 보여주고 싶지 않은 책!”
돈은 빨리 많이 벌고 싶지만 월급은 많지 않은 2030세대들. 여기 월 160만 원을 벌다 퇴사 후 5년 만에 월 1억원대 순이익을 달성한 사람이 있다.  새벽 5시에 출근하며 회사 일을 열심히 했지만 지하방에 살아야 했던 평범한 직장인이었던 저자는 부업을 시작해 돈을 모으기 시작했고, 종잣돈을 마련해 사업가의 길로 들어서게 되었다. 신사임당의 쇼핑몰 창업 노하우, 온라인쇼핑몰로 월급보다 많이 버는 법을 담은 유튜브 동영상은 ‘신사임당 따라하기’를 불러일으킬 만큼 수많은 화제를 불러일으켰다. 현재 신사임당 채널은 구독자들로부터 ‘나만 알고 싶은 채널’, ‘돈 주고 들어야 하는 강의’라는 평을 듣고 있다. 재테크 채널 중에서도 신사임당이 인기를 끄는 이유는 무엇일까? 신사임당이 직장인으로 살았을 때 힘들었던 현실, 퇴사를 준비하는 과정, 종잣돈을 마련한 방법, 사기당하지 않는 법, 부업으로 시작해 돈 모으는 법을 솔직하게 모두 공개했기 때문이다.
“평생 월급쟁이로 남을 것인가?
경제 자유주의자가 될 것인가?”
누구나 많은 수익을 올리는 내 사업을 하면서 매월 수익이 생기기를 원한다. 그러나 ‘자본금이 없어서’, ‘직장만큼 안전한 게 없어서’ 현실적으로 어렵다고 생각해 쉽게 포기하고 만다. 그러나 언제까지 돈 때문에 스트레스받고 힘들어할 것인가?
저자는 단돈 100만 원으로 스마트스토어를 시작해 내 사업을 키우는 법, 포기하고 싶을 때 행동, 추진력을 키우는 법, 온라인쇼핑몰을 키우는 핵심 노하우를 이 책에서 모두 공개한다. 실제 저자의 코칭을 받은 ‘창업 다마고찌’는 스마트스토어를 무일푼으로 시작해 8개월 만에 월 수익 1,000만 원 이상을 달성했다. 스마트스토어는 월급쟁이나 가정주부도 소자본 부업으로 시작할 수 있고 실패하더라도 다시 일어날 수 있어 리스크가 적다. 저자는 누구보다 월급쟁이의 애환을 잘 이해하고 있기에 이들을 위한 경제 독립 플랜을 정리해 소개한다. 부자되기를 꿈꾸는 모든 이들을 위한 ‘재테크의 나침반’ 같은 지침서로 손색이 없다.",,,etc,ppomppu,https://www.ppomppu.co.kr/zboard/view.php?id=book&no=9487,
ppomppu_024,경기가 진짜 안좋긴 안 좋은가봐요.3,"익명 죄송합니다.
전 사이트 닉네임 공통이라 특정이되거든요.
전 배달대행 합니다.
오토바이가 좋아서 시작했던 배달알바인데 어쩌다 보니 아직도 여기네요
배달일 시작할때만 해도 그깟걸로 밥벌이나 하냐 위험하고 몸상하고 그딴거 때려치라는 어른들만 많았는데
희안하게 올해 들어서 배달하면 한달에 얼마 버냐고 물으시는 분들만 많아졌어요.
그냥 얘가 밥이나 벌어먹고 살까? 하는 의구심에 물으시는 게 아니라
직접 해보고 싶으시다고 문의하는 분들이요.
그것도 주로 50대 이상 되시는 분들이네요.
보통은 심심풀이로 혹은 부업 삼아 라고 말꺼내시는 데
처자식 먹여살릴려면... 이라는 진중한 분들도 계십니다.
그래서 배달대행하면 얼마나 가져가는 지 아재들이 할만할지를 짧막하게 적어보려 합니다.
(사실 하지 않는 게 좋다는 말씀을 드리는 글입니다. 면대면에선 좋게 좋게 반대의견을 말하기 어렵거든요.)
일단, 저야 순수 월 400 정도 가져갑니다만, 저희 동네에서 탑클래스입니다.
제가 속한 업체에서도 일단 1,2위 하고 있고, 구역 전체로 따져도 저와 동등 혹은 더 많이 가져가는 분은 10명이 채 안되는 걸로 알고 있습니다.
제 관점에서 배달 대행이나 해볼까 하시는 분들께 권하지 않는 이유를 서술해보겠습니다.
1. 반응속도.
배달 대행이나 퀵의 시스템은
고객이 오더를 넣는다 -> 배달 시스템에 등록된다 -> 배달 기사들이 리스트 중 빠르게 처리할 수 있는 것을 접수한다
인데요.
퀵이야 배차까지 시간이 좀 있지만, 배달 대행은 1분, 1초가 급한것들입니다.
그래서 보통 배달대행 어플에 나타나는 리스트는 엥간히 밀리지 않는한 등록후 1초 내에 접수됩니다.
일감이 적은 11시~오후 5시 사이에는 손이 느리면 일도 못합니다.
근데 50대 이상 나이가 드시면.... 느리죠.....
일 하고 싶으셔도 못합니다.
일감이 많아져서 다소 밀리는 저녁시간이되면 좀 잡으실수 있습니다만,
멀고 묶어 가기 까다로운 돈 안되는 것들만 잡게 되십니다.
스마트폰 터치해서 일 잡는 것도 개개인의 능력이기때문에 관리자들도 무리하게 잡아두는 게 아니면 별 터치를 안합니다.
앞에 있는 애가 하루 15~20만원 찍는다고 해도 누구나 다 되는 것은 아닙니다.
2. 예의
저희 업체에도 50대 되신 아저씨 한분이 처음이지만 해보겠다고 오신 적이 있어요.
그리고 하루도 못채우고 퇴사하셨습니다.
물론 첫번째 이유는 상술한 일감 못잡아서 인데,
배달 대행에는 은근히 고등학생이 많고.... 애들은 담배를 피웁니다.
아저씨가 정의감이 넘치셨는지 사람은 예의를 갖춰야 한다고 생각하셨는지는 모르지만,
그 애들은 부모 말도 안들어서 하라는 공부 안하고 배달하고 있는 애들입니다.
이유야 어찌되었건 무모한 시도였고, 적응 못하실거 같다는 이유로 조용히 집으로 보내드리는 것으로 마무리되었습니다.
그런꼴 나는 못 본다!
라고 하시면 배달대행은 시도하지 않는 것이 정신건강에 이롭습니다.
3. 재투자
나이 드시고 오신 이유야 돈이겠죠....
돈 있고 오토바이 한번 타보고 싶으셨으면 두건 쓰고 할리데이비슨 동호회 가입하시거나 BMW 매장에 가셨을 거구요.
배달대행은 생각보다 오토바이에 많은 투자가 필요합니다.
빠른 배달을 위해 불법주행도 많이 일어나지만, 기본적으로 급가속, 급정지가 되야 합니다.
급가속 급정지가 잘 되려면 타이어, 브레이크, 구동계 등에 은근히 많은 돈이 투자됩니다.
지금같이 겨울에는 비싸더라도 윈터타이어를 껴야 안전하고 빠르게가 가능하구요
순정 브레이크 패드 보다는 브랜드 상급 패드 사용하는 게 급정지에 도움이 됩니다.
엔진오일도 주에 1번은 좋은 것으로 갈아주는 게 권장됩니다.
이런 소모품들이 순정보다 적게는 2배에서 3배 4배 비쌉니다.
투자한만큼 돈이 된다기 보다 투자한 만큼 안전에 도움이 되는 건데....
보통 그말씀 많이 하시더라구요... ""이걸로도 괜차너~ 타이어 이 상태면 2천은 더 써!""
그래서 날라가셔서 목뼈가 작살나고 손가락 잘리신거같아요.
차가 들어오는 게 보이셨으면 멈추시면 될것을...
타이어랑 패드는 좀 좋은거 쓰시래니까....
이해 안 되는 건 아닙니다.
회당 2만원 짜리 엔진오일 대신 5천원 짜리 광유 넣으면 애들 책 한권이라도 더 사줄수 있고
짝당 10만원짜리 타이어 대신 3만원 짜리 타이어 끼면 애들 1주일 동안 고기 반찬 해줄수 있었을 겁니다.
그럼 뭐하나요. 사고 한방에 다 끝나는데요....",,,etc,ppomppu,https://www.ppomppu.co.kr/zboard/view.php?id=soho&no=19857,
ppomppu_025,"[잡소리]타이어 뱅크 사건처럼, 컴퓨터도 쪽도 얼마나 해먹고 있는지 걍 끄적이고 싶어서 끄적 끄적합니다.36","본업도 컴퓨터 HW 개발 직군이지만... 부업으로 컴퓨터 수리하는 1인입니다.
타이어 뱅크 보면서 고질적인 서비스업의 바가지, 바꿔치기 등등이 만연한거 보면서...
뻘글 끄적입니다.
네이버 광고와, 모어플을 통해서 부업을 하고 있습니다.
아래 사진처럼 제 평가가 상당히 좋습니다.
제가 그렇다고 저렴하지 않습니다.... 1시간~2시간 작업에...
3~5만원 청구해요...
대신에 정말 확실한 불량 아닌 이상에는.. 교체 안합니다....
롬라이터기 가지고 다녀서.. BIOS 손상까지도 현장에서 걍 수리해버려요, 의외로 BIOS 교체 또는 Rewrite 하면 해결 되는 경우 많아요
As기간 남은 부품에 대해서는 고객과 SN 조회해서 보증여부 확인하고, AS 대행접수 또는 그거 감안해서 제가 가지고 있는거 설치하고 부품 가격 어느정도 빼드려요...
피치 못하게 부품 고장난거면.. 인터넷 최저가 돌리고... 10~20%, 또는 1만원 내외 수준 마진 넣어서 판다고 하면... 90% 고객들은 수긍해요...
물론 불만 제기하는 분도 있구요, 1~2시간 씨름하고 3만원 청구하는 것도 비싸다고 머라하시는 분도 있어요...
근데 아래 처럼 평가 좋았던 분들이.. 사실 이전에 눈팅이 경험했던 사람들이구요.. 그 숫자가 엄청나다는 거에요... ㅋㅋㅋㅋ
컴퓨터 포럼 분들이야 전문가도 많고, 어느정도 관심 있고 조사하시는 분들이여서 의야 하시겠지만.... 진짜 많아요...
후기 쓰는 분들 다수는 눈팅이 당하셨던 분들입니다. ㅠㅠ
#눈팅이 본 케이스들..
Case1.
10년된 본체... AS기사 3명 다녀가고... 40만원 가까이 쓴 고객도 있었어요 ;;;
전 수리 거부했는데.... 그냥 사시라고.. 근데 그동안 수리한게 아까워서. 수리하시겠데요....
웃긴게.. 한달동안 3번 고장났는데.. 이전 기사들이.. 잠수 탄데요.. 또는 딴거 고장났다고 다른 부품 교체 요구한데 컴XX, 컴## 체인점에서요...
마지막 기사는 이미 보드 교체로 18만원 가져갔으면서, 추가 부품 머시기 머시기 바꾸고 하면 32만원 정도 더 주셔야한다곸ㅋㅋㅋ
무슨 부품인지도 모르겠지만 ;;;
Case2.
그래픽 디자인쪽 하시는 고객님, 용산서 컴터 사서. 사고 나서부터 계속 고장나서 저가 5번째라고 해요...
i7-7700, 1080ti 쓰는 컴퓨터인데.. 메인보드가 H110이에요... 파워는 듣보잡이구요.... 케이스도 어디서 싸구려더라구요..
첨에도 그랬냐고 물어봤는데 ;; 고장 몇번 나서 기사 부르고 하다보니.. 부품들 계속 바뀌였데요...
케이스도 합선 일어난다고;; 바뀌였데요 ㅋㅋㅋㅋㅋㅋㅋㅋㅋㅋㅋㅋㅋㅋㅋㅋㅋㅋㅋㅋㅋ
여지껏 100만원은 넘게 수리비 썼데욬ㅋㅋㅋㅋㅋㅋㅋㅋㅋㅋ
파워도 해처먹고, 보드도 해쳐먹고, 케이스는 이해 안되지만 해처먹은거 같고......
Case3.
제일 흔한케이스, 메모리 접촉 불량으로 탈착 후 재장착만 해도 해결되는 것인데 ;; 기사들 부르면.. 보드고장, SSD고장, 원인도 다양.. 비용도 다양.
근데 중요한건 기본 12만원 부터 시작하더라구요 ㅋㅋㅋㅋ
쭉 하면서 느끼는 건데.. 정말 눈팅이도 많고, 부품 바꿔치기도 많고.. 그래요..
보통 초보자들이 부르니깐요... 그분들은 잘 몰라요.. 그래서 정비 직군 해먹을려면 많이 해먹을 수 있어요..
고객에 따라서 호구는 정말 있으니깐요....
물론 전업이 아니여서. 돈버는게 절실한 편은 아니에요 ;;; 물론 돈버는게 좋아서 부업하는 것이지만... 그래서 생존을 위한 급여는 회사에서 주니깐요..
그런데 그런게 있더라구요...
#양심껏하면 좋은점
몇년에 한번 보는 관계가 되지만... 단골이 생겨요, 이거 무시 못해요.. 주변도 소개해줘요...
그리고 90%의 고객들은 잘 설명해주고 타당성 이야기하면 이해해줘요...
출장 나가서.. 기름값에.. 이동시간 계산하면 아무리 단순건에 근거리라도.. 1시간~2시간 소요된다고하면.. 3만원은 기본적으로 다들 이해해줘요..
기분이 좋아져요.. 칭찬 받거나.. 돈을 더 주시거나, 음료 챙겨주시거나,  그런것들 받으면 마음이 훈훈해져요..
물론 경우에 따라선 고객이 사기꾼 취급하더라도.. 양심에 캥기는것도 없고, 법적으로 걸릴 것도 없기에 떳떳해요..
물론 부업으로 하니깐 배부른 소리다 막 그러실 수 있어요.... 먹고 살기 급급한데.. 저렇게 해서 언제 돈버냐??? 할수도 있겠죠....
근데..
부지런하면 어느정도 상쇄
되요.... 가만히 손님 오는 것만 기다리면 굶어죽어요...
네이버, 블로그, 당근, 어플
돈 크게 안들여도 어느정도 홍보
되요
8월달에 휴가 1주일 포함... 12일정도.. 하루에 3~7건씩 죽어라 했어요... 인천에서 용인까지.. 대략 동선 맞춰서.. 막 다녔어요...
몸은 죽어나긴 했지만... 교통비 및 부품값 제외 283만원 벌었더라구요... 물론 데이터 복구 하는 거랑, 학원 컴퓨터 22대 정비 및 업그레이드, 아프리카 TV BJ분꺼가 크긴 했지만요
-> 아프리카 TV BJ분꼐서는 ;;; 통이 크셔서 PC 반출 금지, 불필요한 데이터 열람하지 않았으면 좋겠다 하시며, 새벽출장 고생이라며 30만원 더주더라구요, 종종 부르시겠다고 ;;; (이건 잡소리입니다 ;;;)
전업으로 돌리고.. 병원, 학원, 기업체 몇곳 등등 관리한다면.. 600~700정도는 벌꺼 같더라구요,
대로변이 아닌, 외곽에 저렴한 임대료 사무실 얻는다면 월세도.. 그리 안비쌀꺼구요..
솔찍히 이정도도 못하겠다.. 정말 양심껏 팔아서 장사 안되겠다 하면;;; 잔인한 이야기지만 장사 접으셔야 해요..
사람마다 체질과 특기가 있거든요.... 자영업은 정말 홀로서기인데.. 홀로서기가 안된다면... 직장 및 직업 들어가셔야죠...
.
#양심 팔면 나쁜점.
사람들이 그렇게 바보가 아니에요... 뒤늦게라도.. 자기가 당한거 아는 사람들이 대다수에요... 단지 귀찮거나.. 쫄보이거나 해서.. 컴플레인 크게 안하는거지..
다 알거든요.... 당하면 다신 안불러요... 수리라는게 지역사람들 장사인데... 그렇게 몇사람 누적되다 보면... 더더욱 장사 안되요...
정말 한명 제대로 걸리면.. 법적 처벌 받아요...몇만원 몇십 더 벌겠다고... 소송",,,etc,ppomppu,https://www.ppomppu.co.kr/zboard/view.php?id=computer&no=605831,
ppomppu_026,파티룸 수익률 분석(오피스텔 vs 파티룸 비교)8,"https://www.youtube.com/watch?v=Yc4Qw4Netdw
에어비앤비, 파티룸을 창업하는 사람들의 공통점이 무엇인가?
바로 낮은 투자금 + 높은 수익률이다. 투자금이 낮다는 거는 Risk가 적다는 것이다.(낮은 투자금 = 낮은 리스크)
근데 코로나 19로 인해 에어비앤비는 심하게 얘기하면 작살(?)이 났다. 코로나로 인해 외국인 관광객이 현저히 줄어 현재 에어이비앤비 폐업 하는 곳들이 늘어나고 있고, 앞으로도 많이 늘어날 것이다.
그럼 파티룸은 어떤가? 파티룸은 주로 내국인(외국인도 가능하지만)이 이용한다. 프라이빗한 공간을 선호하는 파티룸의 특성상 파티룸은 코로나 19에 큰 영향을 받지 않았다.
그럼 #투잡으로 많이 각광받고 있는 파티룸의 수익률을 파헤쳐 보자!!!
파티룸 수익률은 계산하는 것이 아니라,
극복하는 것이다!
아래 표는 실평수 10평 기준으로 오피스텔을 매수 후 단순 임대한 수익률과 오피스텔을 매수한 후 파티룸으로 돌렸을 때 비교한 수익률이다.
1. 오피스텔 수익률
최근에 직접 매수한 서울 역세권의 한 오피스텔을 시뮬레이션했다.
실평수는 10평(공급은 22평), 역세권, 매매가는 3억 7천만원, 대출은 오피스텔이라 70% 가능.
최종 총 투자금은 각종 세금 및 비용 제외 후 약 1억 3천만원이며, 월세로 돌릴경우 월 100만원을 받을 수 있어서
연 수익률은 9%대로 나온다. 물론 대출을 잘 받아서 서울 역세권 오피스텔 치고 수익률이 잘 나온다.
2. 파티룸 수익률
1번과 같은 조건인 매매가 3억 7천만원으로 매수 후 파티룸으로 돌렸을 경우 수익률이다.
1) 공실률 : 공실률은 30%(한달에 약 9일) & 50%(한달에 약 15일) 두가지 경우로 시뮬레이션했다.
파티룸의 준성수기는 7,8월 여름 휴가철, 성수기는 11,12,1월의 연말연시가 성수기 시즌이다.
2) 이용가격 : 주중, 주말 이용가격은 비슷한 컨디션의 경쟁업체의 가격표를 기준으로 작성했다.
주말가격은 통상 주중의 1.3~1.5배로 가격을 책정한다.
파티룸을 하루 최대치로 돌리면 낮타임, 저녁타임, 올나잇타임 등 총 하루에 3번 돌릴 수 있다.
3) 수수료 : 대부분 파티룸은 스페이스클라우드 플렛폼을 이용한다. 근데 수수료가 무려 10%다... ㅎㄷㄷ
아시다시피 자영업, 소상공인 매출 중 부가세 10%가 차지하는 비중은 크다. 그래서 현금장사가 진짜 남는 장사...
앞으로 남고 뒤로 까진다는게 부가세 10%, 종소세 내고 나면 크게 남는게 없다.
아무튼 스페이스클라우드의 수수료는 너무 비싸다고 생각이 든다. 아니 비싸다...
쪼매만 깍아 주이소...
4) 비용
월세 100, 관리비 약 40만원, 기타비용(청소비+소모품비+인테넷+TV등) 100만원으로 총 약 240만원의 비용이 발생한다. 기타비용 100만원 상당히 보수적으로 계산했는데, 청소비는 거의 오토로 돌린다고 가정했을 경우로 알바비로 계산했다.
5)매출
공실율 50%시 약 400만원 vs. 공실율 30%시 약 550만원
낮타임: 12시~16 or 17시까지
저녁타임: 19시~22 or 23시까지
올나잇타임: 19시~익일 8시 or 9시까지
6) 순수익
(1) 공실률 30%
매출 550만원 - 비용 240만원 = 월 순수익 310만원
(2) 공실률 50%
매출 400만원 - 비용 240만원 = 월 순수익 160만원
7) 투자 수익률
투자금 총 2,500만원(보증금 1,000만원 + 인테리어 및 각종 소모품, 부동산 중개료 1,500만원)
투자 수익률
공실 50% : 77% vs. 공실 30% : 149%
** 요약
1. 오피스텔과 단순 수익률을 비교하면 9% : 77%로 수익률 차이가 어마어마하게 차이가 난다. 물론 오피스텔 임대와 비교하면 손품이 좀 들어가고, 공실율이 월별로 차이가 있다.
2. 아무것도 모르는 생초보가 하기에는 파티룸 시장조사, 수익률 분석, 부동산 물건 분석, 인테리어, 각종 소모품 및 소품 구입, 온라인 마케팅 홍보, 청소 등 준비사항 부터 운영까지 상당한 노력이 들어가기 때문에 쉽지는 않다.
---> 초보자는 쉽지 않으니, 본사 프렌차이즈로 창업이 유리함
3. 파티룸은 부업, 투잡으로 할 수 있는 좋은 아이템
4. 파티룸은 낮은 투자금, 높은 수익률, 낮은 리스크 등
3마리 토끼를 잡아 먹을 수 있는
블루오션 아이템
5. 매년 오르는 과도한 인건비로 부터 해방이 가능. 파티룸은 거의 반 무인시스템으로 운영이 가능
6. 10평기준 커피숖, 음식점, 기타 프렌차이즈 창업비용은 대략 최소 1억~2억이상 들어간다. (인테리어비 + 각종 비품 + 집기 + 본사 가맹비 등)
파티룸 창업비용은 10평기준 최대 2,500만원으로 타 프렌차이즈 창업과 비교할 때, 상당히 적은 비용으로 창업이 가능하다.
프렌차이즈 전문가로서 조언 하자면, 초기 투자비용이 많이 들어가는 업종은
가급적 피해야 한다. 대부분은 인테리어 비용 + 각종 집기류도 건지지 못하고
1~2년안에
폐업하는 매장들을 많이 봤다.
불확실성이 많은 최근에 국내 경기 상황을 볼 때,
최소비용으로 창업 가능한 아이템이 가장 좋다.
by 윤대표
7. 파티룸 마진율
파티룸은 임대료. 관리비, 알바비를 제외하면 모두 순이익이다.
월 500만원 버는데 하루종일 몸이 묶여 있으면서 버는 것과 반 오토로 돌리면서 월 2~300만원 버는 것 중 어느 것을 선택할 것인가? 당연히 후자... ^^
이번 칼럼에는 수익률에 대해 자세히 적었는데,, 한마디로 정리하자면
파티룸의 수익률은
최대한 발품을 팔아 낮은 임대료 물건 공략 + 한달에 1/3은 본인이 직접 청소하여 알바비 절감 + 네이버 블로그 및 SNS 홍보 등을 통해 파티룸 수익률을 여러가지 방법등을 통해 극복할 수 있다.
우리 파창사 본사는 이런 극복 가능한 전략과 방법을 보유하고 있다.
그래서 아직도 많은 사람들이 프렌차이즈로 창업하고 있는 추세다.
1. 펌글, 한두줄의 짧은 글보다는,
자신의 의견을 담은 글
을 부탁드립니다.
2. 광고 목적의 글, 논쟁유발글은 무통보 삭제처리될 수 있습니다.
3. 회원비방 및 욕설 비속어 사용을 하지 않는 것은 커뮤니티 활동의 기본입니다.
위의 내용 확인하시고 지워주신 후 글작성해",,,etc,ppomppu,https://www.ppomppu.co.kr/zboard/view.php?id=house&no=147127,
ppomppu_027,큰 손실 이후 2~3년간 존버의 결과 입니다.31,"2025년은 저에게 너무나 큰 수익과 행운이 찾아온 한해 였던 것 같습니다.
지금까지 겪었던 마음 고생을 기록으로 남겨두고 두번 다시 똑같은 일을 반복하지 않기 위하여,
그리고 지금의 여유를 조금은 자랑하고 싶어서 글을 써보고 되었습니다.
저는 경남의 중견기업 15년 이상 근무중인 외벌이 일반 회사원입니다. 결혼은 하였고 초등학생 아들 하나를 두고 있습니다.
대학 졸업 후 다행히 지금의 회사에 취직하여, 결혼도 하고 아들하나를 키우고 있습니다.
2019년 나름 돈도 모아 3억 좀 안되는 아파트를 구매하며 담보 대출로 1억을 갚아 나갈 목표로 아파트도 구매하였네요.
와이프의 씀씀이도 크지 않아, 계획대로 돈을 모아나갈 수 있을 예정이었습니다.
아파트 대출을 거의 다 갚아갈 시점 이었던 것 같네요. 그러던 중 저희 아버지께서 여유 돈이 생기셔서 저에게 5천만원을 빌려 주시면서, 제가 투자를 해보라고 권유하셨네요.
당시 10년 이상 주식하면서 크게 하지는 않았지만, 매년마다 몇백~천만원 이하 단위로 조금씩 벌어 실패할꺼라 생각은 하지도 못하였습니다. (10여년 전 삼성중공업으로 천만원 손실을 보았으나, 하이닉스 2만원대에 사서 3만원대로 복구 한적은 있었습니다.)
그렇게 아버지께 빌린 돈 5천만원과, 신용 대출 5천만원으로 주식투자가 시작되었네요. (당시 금리는 성에 차지 않아 예금은 하지 않았습니다.)
하지만 얼마지 않아 21년 코로나와 함께 주식으로 2~3천만원의 손실이 순식간에 발생하였고, 빨리 복구 하려는 욕심이 생겼습니다.
수익율이 낮더라도 시드를 불리면 되겠다는 생각에 신용 대출을 6천만원을 추가로 받았습니다. 손실이 있어 대출을 제외하고 약 1억 3천만원 원금으로 종목을 찾게 되었지요.
당시 코로나는 주식 시장에 충격이었지만, 코로나로 인한 위생 장갑 수요 증가로 인해 석유화학주식은 사상 최고가를 향해 갔던 것 같습니다.
그때 친구가 다니던 금호석유화학을 눈여겨 보았고, 사상 최대 수익 뉴스와 함께 친구에게 물어보니 생산 라인이 쉴세 없이 돌아간다는 이야기를 듣게 되었고, 사상 최대 이익은 주주에게 돌아갈 수도 있다는 이야기를 검증 없이 너무 쉽게 믿었던것 같네요.
2~3천만원의 손실을 한번에 만회할 수 있는 빛이 보이는 것 같았습니다.
원금 1억 3천만원, 거의 다 갚았던 주담대 1억 다시 변경. 거기에 신용을 처음 써봤습니다. 배당 예상은 3500~4000만원 수준이 목표였고. 주가가 20만원 정도에 주식가치는 5억원 정도였던 것으로 기억합니다. 당시 저로써는 말도 안되는 금액을 빌렸고, 대주주가 된듯한 기분에 우쭐해지기도 하였습니다.
당시 배당 받는 기간인 한,두달만 잠시 빌려쓰고 중도 상환 수수료 1% 정도는 충분히 감당할 수 있다는 계산이었고. 그대로 실행하였습니다.
하지만 현실은 달랐네요. 실제 배당은 2900만원 수준이었고, 배당락일 이후 주가는 배당을 반영하여 3~4프로 떨어졌던 것 같습니다.
실질적으로 남는 돈이 없는 상황이 되었고, 최대 실적이 이어질 줄 알았으나, 주가는 지속적으로 하락하였고, 담보 부족 메시지가 오면 반대매매를 당하면 안되는 줄 알고 신용 구매 주식을 팔고, 손실은 현금 구매 주식으로 메꾸는 상황이 반복되었습니다. 시드가 커졌다 보니 주가가 1~2%만 하락하여도, 원금이 금방 줄어들더군요. 하루에 2천만원 이상 손실 봤던 날도 1~2일 있었던 것 같습니다.
그런 상황이 오니 현실을 도피하게되고 계좌가 꼴도 보기 싫어 처다보지도 않게 되더군요. 그러다 반대매매 당하고. 다행이 미수 발생시 거래가 막힌다고 알고 있어 거래 가능 상태는 유지 했었습니다.
그렇게 -2~3천만원 손실을 -7~8천 손실로 키웠습니다. 그러고도 정신 못차려 당시 유행하던 2차전지에 들어가 또 다시 -2~3천 날린 기록이 있네요.
악몽 갔았던 21년을 1억원이 넘는 손실로 마무리 하였습니다. 남은건 2억 1천만원 대출에, 아버지 자금 5천만원, 주식계좌에 약 1억원 잔고가 남았습니다. 코로나때 대출 금리가 4~5%로 치솟아 월 이자가 180만원 정도 였던것 같습니다.
부끄러워서 와이프한테 말도 못하고 혼자서 끙끙거렸습니다.
하지만 다른 방법이 딱히 있지도 않았고, 다른 부업을 해야하는 생각도 가졌었네요. (본업과 병행해 부업하시는 분들 대단하시다고 생각합니다). 2억 빚이 크지 않을 수도 있지만 저에게는 너무 큰 부담으로 다가왔습니다.
그렇게 다시 생각난 방법도 결국은 주식투자였습니다. 하지만 이번엔 짧은 기간 수익이 아닌 장기간으로 투자를 해보자고 생각하였습니다. 위의 손실도 제가 목표한 단기간에 원하는 수익 금액을 얻겠다는 거였는데. 지금 생각해보니 말도 안되는 기준이었네요. 제 생각대로 움직이지도 않는 시장을 제가 어떤 근거로 예측하고, 수익을 실현하겠다고 생각한건지... 지금 생각해보면 한없이 어리석었지만 이미 발생산 손실을 바꿀수도 없었습니다.
그리고 다음 방법은 내가 잘 아는 주식을 하자였습니다. 평소에 군사 및 국방 장비 관련 유튜브를 즐겨보고 있었기에 방산 장비는 어느 정도 알고 있었습니다. 그래서 사게된 주식은 항공항공우주, 당시 미국 차세대 훈련기 사업에 큰 기대가 있었고, 그외 여러나라에 FA-50 판매가 예상되고 있었지요, 그리고 추가로 KF-21을 개발하고 있었고 2026년? 27년에 양산단계였기에 그 기간동안 버텨보자는 생각이었습니다.
하지만 버티기도 쉽지 않았네요. 월 이자 180 ~ 200만원에 + 생활비 200 수준을 버티기가 만만치 않다보니 주식을 조금씩 처분하면서 버텼던것 같습니다.
회사에 같이 이런 저런 이야기나 잡담을 나누는 동생이 있는데, 그 동생이 항상 했던 말이 형님처럼 하면 절대 안된다. 지금이라도 미국 주식 지수투자와 같이 배당을 늘려나가야된다라는 잔소리를 꾸준히 들었습니다. 하지만 이미 많은 빚이 있는 상황에 그대로는 손실 복구에도 너무 많은 시간이 걸릴 것으로 예상되었습니다. 여러 생각이 들었어요. 이제 곧 있으면 초등학교 가는 아들의 학원비도 못 줄것 같아서 미안하고. 여유 있게 생활비도 주지 못해 와이프한테도 미안했는데 당시 와이프랑 사이도 안 좋아져서 너무 힘든 22, 23, 24년을 보냈던것 같네요.",,,etc,ppomppu,https://www.ppomppu.co.kr/zboard/view.php?id=stock&no=318630,
ppomppu_029,[현직 컴터 수리기사 궁시렁]역시 질문 많은 사람을 거르는게 답이네요11,"부업으로 가끔씩 숨고에서 컴퓨터 수리를 합니다.
솔찍히 상담이 길어지고 간보는게 좀 많이 느껴지면 어차피 수리 안하거나 의뢰 안할 사람이라는걸 알지만 그래도 최대한 고객 편의 봐드리면서 해드릴려고는 하고 있습니다.
솔찍히 불러도 두렵긴 합니다 ;; 조금만 이상하거나 대응 못하면 컴플레인으로 되는 경우도 많이 봤으니깐요 ;;;
그래도 열심히 상담해주고, 고맙다고 인사 정도 받으면 나름 뿌뜻한데요..
아래처럼 질문 실컷 하다가 확 채팅방 나가버리는 사람은 정말.. 인성이 ㅋㅋㅋㅋ
국룰인가봐요 당근할때도 그렇고, 중고 팔떄도 질문 많은 사람 거르라는게..
그냥 1박 2일동안 틈틈히 상담해 줬는데,, 인사도 없이 걍 나가버리는 현타 오긴 하네요
스크롤 압박이니 굳이 아래는 읽지마세요 ;;
그냥 제가 채팅한 흔적 공유 입니다
------------------------------------------------------------------------------------------------------------
평일 저녁도 가능하면 하남 방문 및 그래픽카드 업그레이드 가능합니다 필요하시면 말씀주세요!
오전 1:44
안전한 거래! 숨고페이란?
직거래 피해 걱정 없는 숨고페이로 안심하고 거래하세요. 결제한 금액은 거래를 확정하기 전까지 숨고가 안전하게 보관합니다.
숨고페이 알아보기
오후 5:03
지금 파워 몇와트 사용하시나요?
오후 5:05
800사용합니다.
오후 5:08
Cpu는 어떤 모델이신가요?
오후 5:10
Cpu가 낮은면 800으로도 충분하고 cpu가 고사양이면 850w이상이 권장입니다
오후 5:11
5800x사용하고 있습니다.
오후 5:12
오후 5:13
가능할듯 하긴 하네요. 파워 교체건이 아니먄 굳이 기사 부르실 필요 없을듯한데요
오후 5:14
그래픽카드 장착 쉽습니다.
오후 5:14
관련 유튜브 또는 전화로 설명드릴 수 있을꺼 같은데요
오후 5:14
그래도 교체를 하는게 낫지 않을까요?
오후 5:15
고객님이 희망하시면 교체하면 됩니다. 그람 그래픽카드와 파워 구매후 배송 일정에 맞춰 방문하겠습니다 ^^
오후 5:18
바이오스도 업데이트 하도록 하겠습니다
오후 5:18
얼마정도 될까요?
오후 5:24
그래픽과 파워는 직접 구매하시는것이 제일 저렴하구요 저에게 구매하신다면 다나외 최저가에서 2만원정도 비싸다고 보시면 됩니다.
자에게는 출장료 및 공임 해서 딱 5만원만 주시면 됩니다 ^^
오후 5:27
네네 알겠습니다.
오후 5:28
그럼 의뢰 원하시면 날짜 시긴 이야기 해주세요 천천히 답주셔도 됩니다 ^^
오후 5:31
네네^^
오후 5:31
딱 5만원만 나올까요?
오후 6:15
출장2만원 / 공임3만원.. 다른데 고장 없이 파워만 교체한다면요!!
오후 6:20
그리고 간단하게 먼지 제거 정도까지 해드리구요
오후 6:20
cpu쿨러도 있는데 상관은 없죠??
오후 6:21
아 쿨러도 새로 장착하시는건가요?
오후 6:22
작업 요청사항이 파워교체 + 그래픽카드 설치 + 바이오스 업데이트 (그래픽 호환성 관련) + 먼지 제거면 5만원
오후 6:22
이외에 추가 작업 요청하실경우 작업시간 증가량에 따라 무료 또는 1~2만원 추가 됩니다.
오후 6:22
쿨러는 기존에 있는겁니더
오후 6:23
그러면 추가금 없습니다 ^__^
오후 6:24
그럼 제품 주문후 언제 도착하는지 확인되면 말씀주세요!
오후 6:24
참고로 투잡인 관계로 평일 저녁시간에 가능합니다 ^^
오후 6:24
제품 추천점 해주세요
오후 6:27
같은 4080이라도 가격차이가 크네요
오후 6:27
잠시만요!
오후 6:27
오픈카톡으로 가능하실까요??
오후 6:28
https://prod.danawa.com/list/?cate=1131480&15main_11_03
오후 6:28
다나와 기준으로 랭킹안에 들어 있는거면 어지간하면 괜찮습니다.
오후 6:29
세부적으로 내부 클럭등 차이가 있어서요
오후 6:29
https://prod.danawa.com/info/?pcode=18302759&cate=1131480
오후 6:29
아수스 모델이 괜찮아보이긴 하구요
오후 6:29
카톡은 가능하지만 제가 일정이 있어 곧 나가서 ;; 답이 느릴 것 입니다.
오후 6:29
###-####-####(전화번호)
오후 6:29
뭐... 트리오가 괜찮고 이런게 있나요?
오후 6:31
https://www.youtube.com/watch?v=Ta08keUi-yw
오후 6:33
일단 유튜브 검색해보셔 보는것도 하나의 방법이긴 한데요
오후 6:33
숨고페이
안전한 숨고페이로 거래하세요!
고수님의 노쇼 방지 등 시간과 비용 보호를 위해 숨고페이를 권장해 드려요. 숨고페이로 거래 시 거래 성사율이 더 높습니다.
오후 6:33
일단 저는 다나와 추천 또는 순위에 맞춰서 그래픽카드 사는 편인데요
오후 6:33
아무래도 모델에 따라 편차도 있고 그래서 ;;; 이런건 전문 유튜버들이 비교한게 좋지 않을까 합니다.
오후 6:33
하지만 4080 칩셋 기반으로 만든것이여서 완전 큰차이는 아니니, 평점 또는 많이 판매되며 저렴한 축이면 그렇게 손해 보지는 않을 듯 합니다.
오후 6:34
네네 파워는요? 어떤거 구입할까요?
오후 6:35
마이크로닉스 클래식2 850w정도면 무난합니다
오후 6:49
http://m.danawa.com/product/productList.html?cateCode=11338809
오후 6:49
1000와트도 염두하면 이참에 하는것도 좋지만 가격이 많이 비싸질꺼에요
오후 6:52
지금도 850w입니다!!
오후 7:16
그럼 굳이 바꾸지 않으셔도 되요
오후 9:03
그럼 그래픽카드만 구매요
오후 9:03
누군1000w 써야된다고 하던데
오후 9:04
일단 권장이 850W 이구요 4090으로 간다면 1000W 맞어요
오후 9:13
http://m.danawa.com/product/productList.html?cateCode=11338810
오후 9:13
아니면 이왕 쓰는거 여기 있는 한미마이크로닉스꺼 어떠실까요?
오후 9:13
아 그런가요? 비싼가요?
오후 9:14
http://m.danawa.com/product/product.h",,,etc,ppomppu,https://www.ppomppu.co.kr/zboard/view.php?id=computer&no=669615,
ppomppu_031,[펌] 제발.. 밀키트 창업 하지 마세요(이건 노예짓입니다)71,"제가 오지랍이 넓어서 일부러  창업자분들을 일부러 막을려고 하는게 아닙니다.
제가 남의 인생에 굳굳이 신경써서 하지 말라는게 아닙니다.
더 이상의 밀키트 관련 본사들의 사기짓에 노예화 과정을 까발리려고 하는 겁니다.
1. 프랜차이즈도본사도 소매점도 너무 진입장벽이 너무 낮습니다.
(밀키트는 1등 2등 브랜드가 없습니다~ )
걍 먼저 진행했냐 안진행했냐의 차이이지 어딘 살아남고 다른데는 죽는다?
개소리고요 다 죽어요 본사가 튼튼하고 믿을곳은요 이런 전문점같은거 안해요 꿈 꾸지 마세요 ! 걍 자본 투입해서 밀키트 공장지어서 유통채널 다각화를 하지
소매점 운영하면서 로얄티 걷으면서 양아치짓 하는 사업구조가 아닙니다 . 뭘 어디빼고 살아남는다? 되도 않는 헛소리입니다.
파리바게트나 뚜레주르의 창업 진입장벽이 높은 구조도 아닙니다 생지를 만들수 있는 능력정도는 되야 장수하는거죠~
밀키트 전문점이란게  뭔 소스공장 하나있어서 파생된 프랜차이즈나 , 아웃소싱 연결해주고 쳐 먹는 구조인데 어딘 살아남는다니 걍 어디든 이건 하면 안되는 사업아이템입니다.
막비닐에 야채넣고 2~3일 파는게 신선하다? 그만큼 관리하는거다?
절대 개인 소매점에서 매일 야채 손질 못하죠 만들기는 하겠죠? 근데 야채는 미리 손질되어 있는거라 도긴개긴입니다.
신선한걸 진공포장해야 더 신선하게 먹는거지 집에서 요리하다 남은거 막비닐에 보관하면 어때요?
냉동햄 해동시켜서 막비닐에 비닐장갑하나 끼고 막 소분.. 아휴.. 뭐 업글해서 진공으로 넣어주는데 있지만 그 조차도 아웃소싱이라 계속 ~~~~ 본사도 쳐먹고, 아웃소싱 업체도 쳐먹고, 물류 넣어주는곳 조차도 아웃소싱이라 다쳐먹고.. 거기에 전문점 점주들은 소비자가로 야채까지 사서  마진률 더 쪼그라 들고
더 신선하게 보관할려고 지퍼백이든 진공용기로 넣고 야채 칸에 왜 넣는건지?
2~3일 남는거 어떻게 생각하세요?
진공포장할 경쟁력이 없는거에요.
소자본으로 할 수 있는게 절대 아닙니다.
자체유통도 못하고 아웃소싱주는 허접한 본사(회사 맞나요?ㅋㅋ ) 발주를 넣어도 D2일 D3일전에 넣어야합니다 ㅋㅋ 이거 진짜 정부에서 쎄게 먹여야합니다. 능력도 갖추는거없이 사람들 기만하고 본사?ㅋㅋ  어떤데는 냉장식품도 걍 냉장탑차가아닌 일반 탑차에 옮기는데도 봤습니다. 우리는 다를거다 1등브랜드다? 이 사업아이템자체가 1등브랜드가어딨어요 .프레시지 같은곳이 1등기업이지 . 어떤데는 프래시지 상품진열하고 파는대도 봤네요 ㅋㅋ
본사가 아닙니다. 사무실 하나 임대해놓고 . 아웃소싱으로 만든 ~ 소스만 보내줍니다
이 소스요 흔하디 흔한거라  롯데마트나 이마트 가면 다 파는 소스들이에요 .. 거기서도 마진을 쳐 맥이니 소스 자체도 가격 경쟁력 없습니다. (밀키트 소매점이 이윤이 박한 이유중 하나고 , 소비자들에게도 싸게 팔 수 없는 구조입니다.)
이 소스 하나 보내놓고~ 본사 업무는 없습니다~ 죄다 여기 저기~ 아웃소싱 업체들하고만 연결해주는 구조입니다.
이 얼마나 봉이 김선달 스럽습니까? 밀키트 본사가 많은 이유가 이거죠.. ( 걍 사무실 임대하고 홈페이지 만들고 소스만 업체컨택하든지  소스공장에서 직접 밀키트 프차 운영하는곳도 있죠 )
야채는 직접 또 마트가서 사는거에요 직접 . 소비자들하고 같이 어우러져서~ 걍 소비자가로~ 야채사고, 소스 사서 포장해주는 겁니다
밀키트 원팩으로 받아봐야 의미 없습니다 (신선도 문제 . 가격경쟁력 문제 ) 이것 조차도 아웃소싱 ㅋㅋ 마진을 얼마나 쳐맥이는지 걍 점주들만 죽습니다.
살다 살다 이렇게 본사가 많은 아이템 ... 왜 인줄 아시겠죠? 이건 뭐 투자한것도 없으니 망해도 타격이 없어요~
2. 밀키트 판매 구조가 소매로는 버틸 수 없습니다.
좋은 아이템이면 이미 대기업에서 가맹사업 합니다 . 백종원도 손절한 사업구조 아이템입니다.
몇 군데 본사는 거리제한이 450m ~에서 500m 입니다. 소매로 버틸 수도 없는데 같은 브랜끼리도 경쟁해야 하는 구조입니다.
밀키트는 많은 메뉴 .박리다매 . 빠른 회전률이 성공요인입니다.( 이건 소매점에서 할수 없는 구조입니다.)
밀키트 4가지~6가지도 혼자 제대로 하실려면 못합니다~ 자 인제 손님들이 느끼죠 메뉴가 없다는 걸 ..
자 생각해보세요~ 밀키트 4~6가지에 들어가는 식자재들 . 이게 소매로 혼자서 가능한것일까 곰곰이 생각해보세요~
콩나물, 배추, 팽이버섯, 표고버섯, 느타리버섯, 감자, 고구마, 애호박, 무, 청양고추, 청경채, 마늘다지기, 김치, 양파, 대파 ,깻잎 등등을 매일~~ 손질 해줘야합니다.
거기에 떡이며 , 닭이며, 돼지고기며, 당면이며, 햄이며 아우...  재료가 몇가지를 10평공간에 밀어넣고 !
매일 마트를 가셔서 야채 사가지고 오셔서 씻고 세척하고 자르고 절단하고, 회전 안된 야채들은 눅눅해져서 사용 못하면 폐기하고 이 짓거리만해도 3~4시간 걸려요
아 보면 대충하는 소매점들도 많죠 워낙 사람들이 다양하니~ 근데 그 곳은요 사람들이 두번 다신 안가죠
생각해보세요 밀키트의 생명은 야채의 신선도인데 많이 포장해놓고 신경 안쓰는 사람들 더러 있죠 심지어 유통기한 도장으로 찍어놓고 눈에 대충보고 야채만 바꾸고 밀키트 재포장하는데 널렸을겁니다 . 이영돈이 봤으면 진즉 대만 카스테라 꼴 나는거죠
근데 소름끼치는것은 매출이 없어도 저시간입니다~ 혼자 못해요~ 야채 다듬고 나면 소분해야하고요. 별 짓거리 다해야 합니다~ 많이 만들어서 돈을 많이 벌어서  바쁜게 아니고~ 메뉴가 6가지만 넘어가도 이거 하다가 저거하고 전환하고 설겆이하고 다른 야채 다듬는데 하루 종일 걸리는겁니다~  비효율이에요
메뉴가 잘나가면 문제가 없는데 여러메뉴중 예측도 안될뿐더러 손 놓고 있기에는 매출이 안나오니 이건 뭐 진퇴양난의 구조입니다.
근데 대기업 밀키트는요 ~ 야채 대량사입해서 공장에서 다이렉트로 작업하는 구조로 애초에 밀키트는 공장형 아이템입니다. 절대 소매가 이길 수 없는 구조입니다.
3. 마트에서 파는 대기업 밀키트 회전율과 할인율
소매에서 만드는 밀키트는 실링을 박는순간 3일안에 그 제품을 팔든지 폐기하든지 둘 중하나입니다.
자 생각해보세요~ 대기업 밀키트는 야채 회전율과 포장지부분에서 이미 야채 신선도는 대기업 승",,,etc,ppomppu,https://www.ppomppu.co.kr/zboard/view.php?id=soho&no=24886,
ppomppu_032,회사다니면서 사업도 병행하는데 회사를 못그만두겠어요137,"나이 40대이고
대학 졸업이후 계속 직장생활만 하다가
역시 애생기니 월급만으론 부족해서
3년전에 소일거리로 부업을 시작했고
달달이 5만원 20만원 50만원 200만원 벌다가
어느새 올해 평균으로 따졌을때 월 1000만원을 벌게 됐습니다
역시 다니는 직장의 월급은 300만원 정도로 박봉
하지만
사업소득 1000만원에 고정수입 300만원은 보험 느낌도 있고 매출이 적을때 버팀목이 되는 소득원이기도 하고요
월 1000만원 소득이 있으면 회사 왜다니냐? 이런 생각도 하시겠지만
위에 말했듯 안정적인 300만원을 버릴수가 없드라고요
그리고 사업소득 월 1000만원이 언제까지 유지된다는게 보장되는것도 아니고요
그래서 너무 고민인게
회사 다니면서 시간 버리지 말고 그 시간을 사업에 투자해서 소득 올리는 가치있는 활동을 할까?
사업 그거 미래를 보장 못한다 힘 닿는데까지 회사생활 병행하면서 안정적으로 생활해야할까?
사업 선배님들 또는 투잡하시는 분들은 어떤 계기로 어떤 결정을 하셨는지
조언 부탁드립니다.
내일부터 추워진다는데 모두 감기 조심 코로나 조심 하세요",,,etc,ppomppu,https://www.ppomppu.co.kr/zboard/view.php?id=soho&no=24461,
ppomppu_033,"400억 벌고 카이스트교수 버렸다, 주식 부캐가 본캐 된 남자 [별터뷰]4","400억 벌고 카이스트교수 버렸다, 주식 부캐가 본캐 된 남자 [별★터뷰]
'부캐(부캐릭터)'의 시대라고 하지만, 본업과 완전히 차별화 되기는 쉽지 않다. 최근 부업, 겸업에 그치던 부캐가 종종 본업인 ‘본캐’가 되는 사람이 등장하고 있다. 그런 맥락에서 김봉수(62) 전 카이스트 화학과 교수는 시대를 앞선 캐릭터다. 2019년 본캐인 교수를 사실상 버렸다. 부캐였던 주식 투자자를 본캐로 삼으면서…. 2005년 본격적으로 주식
https://news.v.daum.net/v/kaIKoeud1q
'부캐(부캐릭터)'의 시대라고 하지만, 본업과 완전히 차별화 되기는 쉽지 않다. 최근 부업, 겸업에 그치던 부캐가 종종 본업인 ‘본캐’가 되는 사람이 등장하고 있다. 그런 맥락에서 김봉수(62) 전 카이스트 화학과 교수는 시대를 앞선 캐릭터다. 2019년 본캐인 교수를 사실상 버렸다. 부캐였던 주식 투자자를 본캐로 삼으면서….
2005년 본격적으로 주식 투자를 시작한 그는 여러 종목에서 10배 넘는 수익을 냈다. 말그대로 ‘슈퍼개미’가 됐고 2010년대 중반 400억원을 운용하기에 이르렀다.
‘경제적 자유’를 얻은 그는 최근에는 페이스북으로 개미 투자자들과 소통하며 전업 투자자로 산다. SNS에서 “합리적인 추론으로 세상을 이해하려는 극단론자”로 자신을 소개하고 있다. 교수에서 투자자로 변신한 그를 지난 8일 대전시 자택 근처에서 만났다. 증시 거래 정규시간(오후 3시 30분)이 끝난 직후였다.
홈
사회
정치
경제
국제
문화
IT
랭킹
연재
포토
TV
통합검색
SNS
Q : 과거 기사 보니 500억원을 운용한다고 나오는데 지금은 어떤가.
A : 순 자산은 아니고 그 정도 운용했다. 2018년부터 트럼프가 중국을 공격해 가치 투자자들이 어려움을 겪었다. 나도 손실이 컸지만 수익률보다 내 예측대로 되는지를 더 중요하게 생각했다. 작년 3월 이후 세상과 시장이 예측대로 흘렀다. 이전에는 계좌가 줄면 몸무게가 줄었는데 요즘 아주 잘 회복하고 계좌도 극복했다.
Q : 경제적 자유를 얻은 삶은 어떤가.
A : 누구의 간섭도 받지 않는다는 게 제일 좋다. 한 달에 200만원 정도 쓴다. 생각이 업인 사람은 돈 얼마 안 쓴다. 클래식 바이올린 협주곡들과 몽블랑 만년필을 좋아한다. 퇴직하고 좋은 건 소설을 맘껏 읽는 것. 프루스트의 『잃어버린 시간을 찾아서』와 소설가 김정환 전집을 퇴직하고 나서 읽었다. 올해 주식이 많이 올라 음악 들을 여유가 생겨 최근에는 36년 만에 오디오를 바꿨다
Q : 메신저 알림말이 ""Good time to invest""인데 지수가 이미 많이 오른 거 아닌가.
A : 돈이 코로나 이전보다 두 배 이상 풀렸다. 아직 해 뜨기 직전이라고 본다. 작년 3월에 V자형 반등을 예측했다. 코로나 이후 시대에는 이전처럼 아무 일 없던 것처럼 돌아가는데 물동량이 늘어나는 해운, 또 조선을 좋게 봤다. 다만 해운은 레버리지로 움직여 조선주가 낫다고 본다. 사람들은 2~3개월을 보지만 나는 장기적으로 본다. 잘 기다리는 사람이 챙겨간다.
Q : 오른 종목은 언제 파나.
A : 가치주에 사서 테마주일 때, 남들이 흥분하고 파티할 때 판다. 내가 생각하는 적정 가치보다 3배쯤 올랐을 때다. 위기와 폭등은 연결됐다. 이때 엄청난 돈이 오간다. 의연하게 기다리는 쿨한 이들에게 큰 보상이 온다. 상한가 맞아 흥분할 때 냉철하게 파는 사람이 쿨한 사람이다. 훈련으로 흥분 정도를 약화시킬 순 있는데 아주 힘들다.
Q : 공부 잘하는 사람이 투자도 잘하나.
A : 주식 잘하는 건 영어 수학 잘하는 법과 비슷한데 보상의 차원이 다르다. 서울대, 카이스트 나왔다고 다 잘하는 건 아니다. 공부 잘하는 사람은 주식에서 유연성이 부족하더라. 머리는 기껏해야 30% 차이다. 집중력이 중요하다. 부족한 만큼 더 공부하면 된다. 공부법은 이미 세상에 많이 나왔다. 나는 트럼프한테 계좌가 박살 나는 과정에서 많이 배웠다. 좋은 책에 나온 말들이 다 맞더라.
이 분 예전에 기사에서 봤었는데 퇴직하셨군요
대부분 기다릴 줄 알아야 큰 수익이 난다고
말하는데 흠...
너무 어려운 얘기ㅠ",,,etc,ppomppu,https://www.ppomppu.co.kr/zboard/view.php?id=freeboard&no=7510559,
ppomppu_034,너나 할 것 없이 누구나 코인하는데4,"저혼자만 안하는 것 같아 왠지 뒤떨어 지는 느낌이 들었는데.. 고향 친구중에 한명이 월200만원 벌면서 성실하던 친구가 있는데 코인을 해서 돈을 좀 벌었다고 하길래 지나가는 말로 얼마벌었나 물어 봤더니 5천을 벌었답디다. 근데 문제는 일상적인 생활이 안된답니다. 밤에도 보고 있어야 되고 클릭 몇번으로 몇백이 왔다가 갔다 하니 자기가 한달 내내 버는 수입보다 많은게 본인 스스로도 아이러니 하다고 하네요. 그러다가 몇 달이 지나고 지금은 모아두었던 돈 전부 다 날리고 대출도 다 땡기고 지인들한테 돈빌리고 다니네요.
한순간에 폐인되는 건 순식간이네요. 옆에서 지켜 보는데 안스럽습니다. 다 내려 놓고 다시 시작하라고 조언해주었지만 큰거 한방의 짜릿함을 잊을 수 없다고 하며 고생해봐야 200이라고 듣지도 않네요. 제가 저것 때문에 주식이나 코인을 안합니다. 근데 주위에 하는 사람은 많은데 정작 땄다고 자랑하는 사람은 없네요.ㅋㅋ
아침에 그냥 썰 풀은거에요.ㅋㅋ 월급은 그대로 인데 집값은 오르고 물가도 오르고.ㅋㅋ 부업으로 뭐 하나 해야 하나 하면서 적은 썰!!",,,etc,ppomppu,https://www.ppomppu.co.kr/zboard/view.php?id=problem&no=152148,
