ad_score,bloggername,cafename,cafeurl,category,description,final_score,full_text,full_text_length,is_ad,keyword,link,noise_score,note,postdate,pubDate,side_score,source,success_score,title
0,"햅삐한, hipzzi 라이프",,,강의,"집에서 하는 부업들로 1000만원 날려본 제가 찾아낸, 리스크 없이 한달만에 ' 수익화 가능한 부업 ' 운동... 근데 저에게도 3주차에 수익화 성공이 실현됩니다. 바로 1:1 매칭 일감을 주신거에요! 숙제를 나름...",7,"집에서 하는 부업들로
1000만원 날려본 제가 찾아낸,
​
리스크 없이 한달만에
' 수익화 가능한 부업 '
​
​
운동 센터 운영하다
몸이 안 좋아
블로거로만 활동하고 있는 저입니다.
​
​
아무래도 프리랜서다보니
수입이 들쭉날쭉하단게 단점
인데요.
​
불안함에
집에서 하는 부업 추천을 검색하면서
파이프라인을 구축하려 노력했다죠.
​
​
​
Q: 과거 실패한 부업들?
처음엔
✔ 부동산 공부&소액투자
였어요.
​
시대가 바뀌어
결국 많은 총알이 필요하고
소액으로 하긴 힘들어 부업이라기엔
평생 공부인것으로..
​
수강비
거의
600가까이 쓴거 같아요
강의팔이로 1:1 코칭권 70만원에
구매한적도 있네요
(1회 만남 + 엑셀 정보 준게 다임
지금 그 분은 안보이네요...내돈내놔..)
​
​
그 다음엔
✔
해외직구 구매대행
였습니다.
​
​
지인을 통해 배운 강의라 알찼지만
대량 구매에 너무 늦게 뛰어들었고,
집에서 하는부업 추천으론
괜찮았지만
​
​
같은일을 무한반복하면서 A/S하는게
저에겐 너무 스트레스라 결국
폐업..
끈기도 없었던거 같아요
​
여기에도
500만원 투자..
( + a까지 하면..더이상 말 안할게요🥲)
​
​
Q:  왜 다시 집에서 하는 부업을 찾기 시작했을까?
​
그러던 찰나
임신을 하게됩니다.
​
​
행복했지만,
현실적으로 걱정되기 시작한 건
' 점점 줄어들 수입 ' 과 ' 외벌이 현실 '
​
​
때마침 네이버 흐름도 바뀌고 있던터라
불안함에 추가적으로 수입을
늘릴 필요가 있더라구요.
​
​
Q :  1000만원 날리고 선택한 부업의 기준
​
​
이쯤되니
집에서 하는 부업 추천
선택의 기준
은
명확해졌습니다.
​
​
✔
임신기간 내 & 출산 후에도
아이돌보며 (신생아제외)
집에서 할수 있을 것
​
✔
강의팔이 제발 싫다.
장점 외 숨은 이면도 보여줘
​
✔
AI시대에도 '지속가능한 일'
인가?
​
유투브에서 우연히 만난
' 리아의 숏폼 마케팅 대행 강의 '
​
기회일까?
​
그러다
"" 숏폼 대행 부업 "" 이라는 걸 발견합니다.
​
집에서 하는 부업으로
숏폼 대행 부업?
뭐지?
​
우선 사기꾼이 아닌지 ㅋㅋ
무료강의를 먼저 들어보기로 했다죠.
호잉 근데
무료수업에 핵심을 다 푸는거있죠?
첫인상은 이 사람 뭐지?
였어요
​
​
Q: 리아 숏폼 대행 부업 강의 선택한 이유
전 블로그 마케팅과도
연관된 부업을 하고 싶었고,
​
영상 편집, 숏폼 대행을 배우면
AI툴도, 온라인세계에서도
계속 영역을 넓힐 수 있을 것 같더라구요
​
➡️온라인 세계에
뛰어드는 건 지금도 늦지 않았다!
지속가능할 듯?
​
➡️1:1매칭 혜택이면
나도 무조건 바로 수익실현
가능하지 않을까?
​
이런 느낌이 딱 와서
바로 1기모집 등록 콜!
​
​
리아 숏폼 대행 부업 강의 ' 오프라인 ' 수강 시작!
​
5주간의 오프라인 숏폼 대행 부업 강의
​
​
수강료가 부담스럽지 않았다면
거짓말이겠죠.
​
진짜 엄~청 망설이다
12개월 풀할부로 땡겼습니다🥲
​
​
​
저같은 사람들이 모였어요
​
집에서 하는 부업 추천을 찾던
경단녀 주부, 직장인분들까지
​
​
첫 강의 시작 전 투표도 했는데요.
​
캡컷,,,?
뭐죠?ㅋㅋㅋ 먹는건가요 ㅋㅋ
​
그렇게 저는 캡컷이 뭔지도 모르고
숏폼 대행 부업 강의를 듣기 시작합니다🥹
​
​
1:1 직접 케어 너무 좋네?
숏폼 마케팅 대행 일이라
20대 위주일까 위축됫는데
​
다행히?
2-60대까지 다양하게 섞여 있더라고요
​
​
그래서인지
인스타그램, 영상편집 툴까지
하나하나 알려주는게 신기했어요
​
진짜
극 FFF 리아님
꿀팁 대방출 전생 🍯🐝이셨던걸로,
​
​
1주차 강의 후에는 숙제정리와
이렇게 플랫폼 가입법까지
다
떠먹여주시더라구요.
​
​
​
​
또또 그 많은 수강생들 단톡방에서
한명한명 진짜 기본적인 질문이라도
다 답해주시는? 갠톡으로도요👌🏻
​
특히 5-60대 왕초보분들은
무조건 오프라인 추천할만큼
현장에선 2분 코치님들이 밀착 케어
까지!
​
​
진짜 영상 전문가에게 배우는 실전 노하우!
이력이 일단 화려하죠.
​
​
단순 부업하다 여기까지온게 아닌
미디어 영상 전문가로써
더 넓은 분야를 다 경험해 보신분이라
​
실전 노하우까지
다양하게  얻을 수 있더라고요
​
뭔가
든든한 빽
을 가진 느낌?
​
​
1, 2주찬데 벌써 수익화라고?
​
그리고 가장 놀라웠던 건
2주차인데 바로 수익을 실현한 분들이
나오기 시작했다는 거에요
​
​
신기하게 주변 사람들에게
직접 영업도 해보시고,
​
​
숏폼 대행 플랫폼으로 일감 따신분들이
속속들이 나오더라구요
​
​
특히 이분은 온라인 방에 계셨던 분인데
더 놀라웠어요
​
질투도 났고요 ㅋㅋㅋㅋㅋ
​
부럽다😳
​
3주만에 나도 수익실현?
​
근데 저에게도 3주차에
수익화 성공이 실현됩니다.
​
바로 1:1 매칭 일감을 주신거에요!
​
​
숙제를 나름 열심히(?)했더니
좋게 봐주시고 의뢰 주신듯!
​
이런 기회들이 속속들이 숨어 있다고
고지하셨는데,,
너무 기쁘더라구요!
​
​
신기하게
커피숍 알바비만큼 클리어!!
심지어 선결제까지 받음 🥹
​
​
5주간의 리아 숏폼 대행 강의 후기
절지 않고(?)
정말 쉽게 설명해주셔서
60대까지도 이해OK
매주 강의가 알찬데,
숙제도 알이 꽉참
🥹
특강도 3개나 중도추가
​
아낌없이 주는 나무가
컨셉인가봐요 ㅋㅋ
​
종강했는데도
숙제 또 있어요..?🥹
📌 수강비가 전혀
아깝지 않다고 느낀
가장 컸던 핵심 포인트
​
1.
리아님이 만든 만능 GPT
로
혼자서도 영업~ 편집 구성까지
짤수 있다는 것! (무한 이용가능)
​
​
2.
1:1 매칭
​
일감도 계속 주시고,
스스로 일감 따도 1:1 피드백 코칭까지
후케어도 계속 해준다는 것
​
이건 마지막 세미나때
열심 퀴즈 참여해서 득점 1위한 저에요
​
​
파워 I인 제가
이렇게 열강 참여하는 사람인줄
이날 처음 알았어요 ㅋㅋ
​
​
이날 최종 1등은
승자는 리아님 에디터 홈페이지에
소속될 수 있는 기회가 주어지더라구요
​
전 3등했지만 그래도
끝까지 수강생들을 챙기는 마음에
감동이었답니다.
​
숏폼 대행은 어렵다?
​
NO
​
솔직히 집에서 하는 부업이지만
툴 익히는데는 시간이 걸려요.
​
하지만 전 캡컷도 몰랐고
운동만 13년 한 사",3621,False,부업 성공 후기,https://blog.naver.com/jiyea_junjin/224151124936,2,,20260119,,6,blog,3,집에서 하는 부업 추천 리아 숏폼 대행 강의 수익화 성공 후기
0,겪어본 사람만 쓸 수 있는 기록 - 인생꿀팁,,,블로그,"주 2회 공장 출근하던 내가 시간 자유를 얻은 이유 - 월 150 부업 성공 후기 블로그 포스팅에 앞서, 이런... 혹시 인생이 잘풀리는 사람들의 공통점을 알고싶으면 해외 30개국을 다니며 수많은 사람들을 만난 후기...",7,"주 2회 공장 출근하던 내가 시간 자유를 얻은 이유 -
월 150 부업 성공 후기
블로그 포스팅에 앞서, 이런 포스팅들이 혹시 광고로 오해하시거나,
강의팔이 혹은 사기로 오해하실것 같아, 좀 더 저의 일상의 진심을 담아 작성했습니다.
블로그 포스팅에 앞서, 이런 포스팅들이 혹시 광고로 오해하시거나,
강의팔이 혹은 사기로 오해하실것 같아,
좀 더 저의 일상의 진심을 담아 작성했습니다.
​
​
​
​
​
저는 2025년 처음으로 태어나서 저만의 사업을 구상했습니다.
​
가족중에 사업하는 사람이 없는데 내가 사업을?
ㅋㅋㅋㅋㅋㅋ
​
​
올해 1-2월 세계 여행을 다녀오고, 택배 알바를 병행하다가
공간임대업을 하면서 월 200이 벌리면서 신기했어요.
​
별거 아닌가? 회사 다니는 것보다 훨씬 쉬우면서 월 200이 벌리네?
​
​
그러다가
온라인 쇼핑몰과 공간임대업을 운영한 지 1년 차
예요.
처음에는 ‘이제 나도 드디어
집에서 돈버는 법
을 아는 사람이구나!’ 하고 들떴죠. 그런데 막상 해보니 현실은 생각보다 훨씬 어려웠어요.
쇼핑몰은 수익이 잘 오르지 않았고, 거의 공간임대업으로만 생활을 이어가고 있었거든요. 그래도 그 과정에서 하나 확실히 배웠어요.
​
​
​
혹시 인생이 잘풀리는 사람들의 공통점을 알고싶으면
해외 30개국을 다니며 수많은 사람들을 만난 후기를 아래와 같이
적어봤습니다.
​
하는일 마다 잘 풀리는 유형 Feat.호감형인간 특징 공개
하는일 마다 잘 풀리는 유형 Feat.호감형인간 특징 공개 안녕하세요!! 이제 본격적인 여름이 다가왔습니다...
blog.naver.com
주 1~2회 택배랑 공장에 나가본 찐 후기...
공간 임대업 제외하고 쇼핑몰 수익이 잘 안 오르니 그냥 앉아 있을 수가 없더라고요. 그래서 주 1~2회씩
푸드공장과 택배 현장 아르바이트
를 병행했어요.
새벽 4시 반에 일어나 출근하는 게 쉽지 않았지만, ‘지금은 뭐든 해야 한다’는 생각뿐이었어요. 처음에 노동에 대한 재미도 있었고, 점심만 되면 급식도 맛이있어서 단순하게 일해보자 했었는데, 막상 현장에 나가보니 사람들이 정말 거칠었어요.말 한마디로 싸움이 나기도 하고, 서로 막대하는 분위기도 있었죠.
​
​
한 성격 하는 성격에 참다가 싸운것만 셀수가 없을정도였네요... 솔직히 그런 환경 속에서 하루를 버티는 게 쉽지 않았어요.
​
솔직히 얘기해서 현장에 계신분들이랑 한바탕 싸운다고 해서 뭔가 스트레스가 풀리는 게 아니라, 내가 여기서 왜 이런 사람들과 싸워야하나
라는 현타가 올라오기 시작한거죠.
​
미쳤니? 나이가 몇인데 ... 휴 틱톡 라이브?
주변 사람들은 다 말렸어요.
그 와중에 틱톡 에이전시 2군데에서 연락이 왔거든요,
물론 저도 틱톡은 저와 맞지 않다고 생각했고, 너무나 가볍다고
생각했거든요,
​
하지만 저의 강점 중 강점
​
한번 해보자. 초기 투자금도 없는데 까이꺼
일을 저질러보자
​
하지만 저는 40살이라는 나이에, 유학경험과 외국인 전 여자친구들의 경험을 살려서
외국어 실력을 살려 외국인들과 소통하며 일했어요.
​
가끔은 팔로워들과 토요일 10KM 러닝 라이브를 하기도 합니다.
​
언어가 통해야 진짜 세상을 볼 수 있다고 생각했거든요. 5년째 부업으로 영어회화를 가르치다보니, 영어소통은 큰 어려운점은 없었구요, 지금 3개월쯤 지나니까 오히려 할 만하더라고요ㅎㅎ 후원 금액도 올라오면서, 재미를 느꼈어요. 제가 평소 구매하기 어려웠던 사치품들도 사기시작했어요.
​
​
​
“결국 행동이 모든 걸 바꾼다.”
​
​
그 경험이 지금의 온라인 사업에도 정말 큰 도움이 됐어요.
예전엔
집에서 돈버는 법
을 검색하고, 남들이 시키는 대로 따라만 했는데
이젠 직접 부딪히면서 ‘나만의 방식’을 만들어가고 있거든요.
남들이 말리는 일일수록, 해보면 그 안에 배울 게 참 많아요.
​
명품이 거의 없는데, 처음으로 루이비통 가방을 사봤습니다.
부동산으로 1억 잃고 주식으로 얼마 잃을래?
​
공장에서 일하면서 ‘몸으로 돈을 버는 법’을 배웠다면,
주식 투자를 하면서는 ‘돈이 일하게 하는 법’을 배웠어요.
​
주변에서는 또 말렸죠.
​
“지금 같은 시장에 투자하면 망해요.”
“그 돈 차라리 저축해요.”
​
저희집은 애초에 땀흘려서 급여로 돈을 모느는 모은 재산이거든요.
물론 제가 주식투자를 한다고 하니, 좋게 볼리가 없죠.
​
​
그런데 저는 생각했어요.
‘이번엔 돈이 나 대신 일하게 만들어보자.’
​
​
결정적으로 주식을 오래한 지인에게 종목 추천받아 한종목에 500만원 수익이 생기면서 본격적으로
눈이 떠졌던 것 같습니다.
​
남들에게 소소할 수 있지만 저에게 정말 사고싶었던
차량을 어떻게 매도하고 매수해야하는 고민에
500만원으로 바로 다음날 계약해버렸죠.
​
그 이후로 주식 리딩방에서 리스크가 있지만, 어느정도 감을 잡았고, 지금은 아침마다 경제 신문을 보면서 종목을 사고 있습니다.
​
​
이 종목 올랐다.
85,000원
​
이 종목 떨어졌는데 또 올랐네?
330,000원
​
의심되시면 캡쳐본 공개해드릴게요.
​
​
지금은 한 달에 100만 원 정도 꾸준히 벌고 있어요.
물론 오르락내리락할 때도 있지만,
이 과정을 통해 세상을 바라보는 시야가 훨씬 넓어졌어요.
이제는 뉴스를 볼 때도 단순히 “이 회사가 좋다” 수준이 아니라,
“돈의 흐름이 왜 이렇게 움직일까?”를 생각하게 됐어요.
​
​
​
결론: 남들 쉴 때, 저는 저질렀어요ㅎㅎ
​
​
지금도 저는 완전히 성공한 사람은 아니에요. 하지만 이건 말씀드릴 수 있을 것 같아요.
이 시간에도 아침 7시에 일어나 출근들 하시면서 급여생활자로
하루 10만원-30만원은 버실텐데, 저는 자유롭게 집에서 오전에 운동하고 안마 받고, 이렇게 여유롭게 글을 쓰고 있습니다.
​
​
하지만 확실하게 말할 수 있는 건 하나예요. 남들 쉴 때, 저는 움직였어요.
​
​
이런 구조를 모를때 공장에서 새벽부터 부딪히며 돈의 무게를 느끼다가
이제는 틱톡 라이브로 외국어로 소통하며 세상을 넓혔고 주식으로
주식으로 돈의 흐름을 읽는 눈을 길렀어요.
​
결국
집에서 돈버는 법
은 ‘편하게 돈 버는 법’이 아니에요.
움직이되, 방향을 제대로 잡는 법이에요. 저는 여전히 시행착오 중",3154,False,부업 성공 후기,https://blog.naver.com/bbiku123/224073266438,0,,20251112,,4,blog,3,2회 택배 및 공장 출근 안하게 된 이유 - 월 150 부업 성공 후기
0,보람차게 살기,,,기타,진솔한 후기를 작성하고 원고료를 받습니다 안녕하세요~ 저는 두 아이를 키우는 주부로 2년 넘게 광주손부업으로 수익을 내고 있어요 처음에는 아이들 간식비라도 소소하게 벌어보려고 시작한 일이었는데...,7,"진솔한 후기를 작성하고
원고료를 받습니다
안녕하세요~
저는 두 아이를 키우는 주부로
2년 넘게 광주손부업으로
수익을 내고 있어요
처음에는 아이들 간식비라도
소소하게 벌어보려고
시작한 일이었는데
이렇게 매달 수익을
괜찮게 벌면서 주부에서 벗어나
핸드메이드 작가가 될 줄은
전혀 예상 못했어요
제가 어떻게 일을 시작하고
돈까지 벌게 됐는데
전부 공유해볼게요!
제가 하는 일은
집에서 핸드메이드로 작품을
만들어 파는 일이에요
처음 광주손부업을 생각할 땐
핸드메이드로 돈까지 벌 줄은
정말 몰랐어요
최대한 스트레스 적게
오래 할 수 있는 광주손부업을
알아보다가 결국
수공예를 고르게 됐죠
취미로 가볍게 시작한 일이
이렇게 오랫동안 수익을
가져다 줄줄은 몰랐어요
게다가 수익은 간식비
이상으로 벌고 있어서
더 흥미가 생긴 것 같아요
하지만 저는 손재주가
뛰어난 편도 아니고
원래부터 수공예를
할 줄 알았던 것도 아니에요
제가 시작한 비법은
온라인으로 수공예 작업 방법을
전문적으로 배웠기 때문인데요
그 덕에 취미로 시작한
수공예로 수익을 벌게 됐답니다
수공예의 종류는 여러가진데
저는 리본공예를 골랐어요
제일 쉽다고 들었고
제가 실제로 해봤을 때도
정말 배우기 쉬웠어요
온라인 교육 기관에서
재료를 무료로 지원해줘서
글루건, 리본, 철사 같은 건
따로 구매하지 않았어요
게다가 재료는 작품별로
정리되어 오니까
더 편하더라구요
온라인 강의는 처음이라
걱정이 더 앞섰는데
노트북으로 보면서 배우니
정말 편하더라구요
강사님께서는 초보에 맞게
기초부터 천천히 알려주셔서
처음 배우는 사람도
얼마든지 따라갈 수 있어요
기초적인 작업 방식을
이해한 후 시작하니
더 금방 배우더라구요
광주손부업을 위해서
1개월의 시간이 걸렸어요
이 시간 동안에는
상품 만드는 법을 배우고
연습하는데 사용하게 됐죠
원래의 저라면 1개월동안
무언가를 배워야 했다면
금방 포기하기 마련이었을텐데
수공예는 과정이 워낙
재밌어서 포기하지 않고
배울 수 있었어요
1개월 후에는 리본 악세서리를
완성할 수 있는 실력을
갖추게 되었고
바로 부업에 도전했어요
만들 수 있는 작품 중에서
판매가 제일 잘 될만한
작품을 골라 쇼핑몰에
등록했어요
상품 등록은 가이드가
전부 나와있어서
전혀 어렵지 않았구요
제가 등록한 상품은
자동으로 쿠팡, 네이버 같은
대형 사이트에 노출이 되었고
그래서인지 홍보를 하지 않았음에도
판매가 잘 되더라구요
그리고 보통 다른 쇼핑몰처럼
수수료나 이용료를 낼 필요가
전혀 없기 때문에
수익적으로 훨씬 유리했어요
마진도 높구요
상품 제작은 주문이 들어오는
날만 하면 되기 때문에
너무 시간적으로 자유로워요
저는 하루에 몇 시간만
작업해도 수익을 괜찮게
벌 수 있더라구요
처음에는 만드는 속도가
느린 편이였지만
점차 속도가 빨라져서
이제는 똑같은 시간에
많은 작품을 제작할 수 있는
단계가 되었어요
제가 이렇게 만족스런
광주손부업을 할 수 있던 이유는
부담도 없고 꾸준하게
할 수 있는 일이기 때문이에요
무엇보다 광주손부업은
노력과 들어가는 시간을
마음대로 조절이 가능해서
가족과 시간을 많이 보내며
병행할 수 있어요
수공예 작업은 생각보다
그저 부업이 아닌
즐거운 취미 활동이에요
저는 이 일을 통해서
큰 성취감을 얻고 있구요
특히나 제 손으로 만든
작품을 다른 사람들이
구매해주고 사랑해주니
너무 뿌듯하고 기뻐요ㅎㅎ
요즘은 리본공예 외에
다른 수공예도 배워서 팔고 있어요
이렇게 새롭게 접목해서
판매하다 보니
수익도 훨씬 늘고 기술도 늘어서
정말 뿌듯하네요ㅎㅎ
광주손부업을 알아보신다면
수공예 부업을 추천해요
누구든지 시작할 수 있고
안정적인 수익이 나니까요
관심이 생기셨다면
아래 링크에서 더 알아보세요!
광주손부업 하는법
홈페이지 살펴보기>>
​
​
#광주손부업",1811,False,부업 성공 후기,https://blog.naver.com/handa1221/223945808949,0,,20250726,,4,blog,3,광주손부업 두아이 엄마의 성공 후기
0,똑똑한 자격증 정보 :-),,,기타,"""업체로부터 소정의 수수료를 지급받고 작성한 글입니다"" 양모펠트 키링 만들기로 취미에서 부업 성공한 후기 지인 생일이 다가올 때마다 매번 비슷한 선물이 반복되는 게 조금 아쉽더라구요 그래서 이번엔 좀...",5,"​
""업체로부터 소정의 수수료를 지급받고 작성한 글입니다""
​
양모펠트 키링 만들기로
취미에서 부업 성공한 후기
​
​
​
지인 생일이 다가올 때마다
매번 비슷한 선물이 반복되는 게
조금 아쉽더라구요
​
그래서 이번엔 좀 색다른 걸
준비해보고 싶어서
이것저것 찾아보다가
양모펠트 키링을 알게 됐어요
​
양털 섬유를 손으로 뭉쳐
바늘로 콕콕 찔러가며
동물이나 캐릭터를 만드는 공예인데
​
질감이 굉장히 부드럽고
따뜻한 느낌이 있어서
소품이나 장식용으로도 잘 어울리더라구요
​
​
​
​
​
​
​
근데 알아보면 알아볼수록
작품 완성도에 따라
가격 차이가 정말 크더라구요
​
간단한 건 만원대지만 정교한 작품은
수십만 원까지도 형성돼 있어서
이거 잘만 하면 괜찮겠다 싶었죠
​
그래서 그냥 취미가 아니라
집에서 할 수 있는 부업으로
도전해보면 어떨까 하는 생각이 들어
본격적으로 시작하게 됐어요
​
양모펠트는
니들펠트라고도 불리는데요
​
니들이 바늘이라는 뜻이라 이름 그대로
양모를 바늘로 찔러 형태를 만드는
작업 방식이에요
​
특별한 기계 없이
바늘과 양모만 있으면 되다 보니
초보자도 쉽게 접근할 수 있고
​
재료비 부담도 거의 없어서
시작 장벽이 낮은 편이더라구요
​
그래서 자연스럽게
양모펠트 키링 만들기는
어디서 배우는 게 좋은지
정말 수익으로 이어질 수 있는지
궁금해지기 시작했어요
​
​
​
​
​
​
​
​
​
요즘 반려동물 키우는 집이 정말 많잖아요
​
주변만 봐도 가방이나 열쇠고리에
자기 반려동물 얼굴을
양모펠트로 제작해서
달고 다니는 분들이 꽤 있더라구요
​
전부 주문 제작 방식이라
가격대도 자연스럽게 높고
​
조금만 숙련되면 충분히
수익이 나겠다는 확신이 들어서
양모펠트 배우기에 도전해봤어요
​
자세히 알아보니
양모펠트 창업 과정이라는
강의가 있더라구요
​
100% 온라인 수업으로 진행되고
오랜 기간 공방을 운영한 전문 강사님께
기법부터 판매 노하우까지
배우는 과정이었어요
​
​
​
​
​
​
​
​
​
보통 공방 수업은
소수 인원으로 진행되면서
비용도 만만치 않은데
​
이 과정은 그런 내용들을
온라인 강의 안에
전부 담아놨다고 해서 더 끌렸어요
​
등록하자마자
양모펠트 키링 제작에 필요한
양모, 바늘, 부자재까지
전부 한 번에 받아볼 수 있었어요
​
작품 크기가 작은 편이라
받은 재료 양만 봐도
여러 개는 충분히
만들 수 있겠더라구요
​
실 퀄리티도 좋아서
완성하고 나면 수공예 특유의
고급스러운 느낌이 살아나요
​
강의는 정말 완전 처음 접하는
사람 기준으로 차근차근 진행돼요
​
​
​
​
​
​
​
​
도구 잡는 방법부터 양모 다루는 법,
바늘 사용 방향까지 기초부터 설명해줘서
따라가기 수월했어요
​
겉으로 보면 쉬워 보여도
실제로 만들다 보면
형태 잡는 게 은근 어렵거든요
​
도안 활용법이나 양모 양 조절,
찌르는 각도 같은 디테일까지
영상으로 자세히 보여줘서
​
손재주 없는 저도 큰 어려움 없이
완성할 수 있었어요
​
처음엔 손도 많이 찔리고
볼륨도 잘 안 살아서
납작하게 나올 때가 많았는데
연습하다 보니 점점 형태가 살아나고
눈에 띄게 실력이 늘더라구요
​
저는 애초에
부업 목적이 분명했기 때문에
단가가 있는 작품 위주로
집중해서 연습했어요
​
​
​
​
​
​
​
​
특히 반려동물 전신 작품을
여러 번 만들어보면서
퀄리티를 끌어올렸죠
​
수강 기관에서 온라인 판매 연계도
지원해준다고 해서
더 의욕이 생겼어요
​
양모펠트 키링은 대략 2~4만 원 선이고
액자형 작품은 10만 원 이상으로도
가격 책정이 가능하더라구요
​
일주일에 몇 개만 팔아도
아이 용돈이나 교육비 정도는
충분히 충당할 수 있겠다 싶었어요
​
전용 수공예 쇼핑몰도
함께 제공해주는데
핸드메이드 작품만 등록할 수 있어서
경쟁 부담도 적고
구매층도 확실했어요
​
작품 사진이랑
가격, 간단한 설명만 올리면
국내 여러 유명 사이트에
동시에 노출돼서
판매까지 이어지더라구요
​
수수료나 입점비도 없어서
정말 부담 없이 시작 가능했어요
​
그래서 어떤 작품을 만들지
가격을 어떻게 책정할지
전부 제 기준대로
결정할 수 있었고
정식 수공예 작가로
등록해서 활동 중이에요
​
​
​
​
​
​
​
​
​
회사 다니면서 병행하다 보니
수량보다는
단가 높은 작품 위주로
제작하는 방식을 택했어요
​
1:1 주문 제작으로
양모펠트 키링이나
기억용 작품들을 만들면서
반려동물과의 추억을
오래 간직할 수 있는
의미 있는 작업을 하고 있어요
​
결과는요?
만족스러워요ㅎㅎ
​
일주일에 3~4건 정도
주문을 받아 제작하면서
​
아이들 용돈과 교육비 정도는
꾸준히 벌고 있어요
​
재료비 부담도 거의 없고
집에서 자유롭게 할 수 있어서
시간 활용도 좋고
임대료나 인건비 같은
고정 비용이 없으니
수익도 괜찮게 남더라구요
​
이 교육기관은
양모펠트 과정 하나만 들어도
뜨개, 자수, 마크라메,
레진, 석고 소품 등
40가지 넘는 공예 과정을
추가 비용 없이 수강할 수 있어요
​
​
​
​
​
​
​
​
​
집에서 공예 배우면서
부업까지 연결하고 싶다면
​
체계적인 커리큘럼이 있는
기관을 선택하는 게
확실히 실패 확률이 낮아요
​
수공예는 트렌드 변화도 빠른데
여기는 신규 강의도
추가 비용 없이 업데이트되고
평생 수강이 가능해서
장기적으로 활용하기 좋아요
​
반려동물 작품,
계절 소품, 실용 아이템,
머리핀이나 키링까지
​
양모펠트 만들기를 배워서
집에서 부업으로 도전해보세요
​
따뜻한 양모 질감 덕분에
인테리어 소품으로도 좋고
선물용으로도 반응이 좋아요
​
제가 수강한 교육기관 정보는
아래에 남겨둘게요
​
무료 체험 강의도 있고
상담도 가능하니까
관심 있는 분들은
편하게 확인해보셔도 좋아요
​
​
​
​
양모펠트 키링 만들기 & 교육과정
자세히 알아보기 >>>
​",2784,False,부업 성공 후기,https://blog.naver.com/rbehfdlek2011/224139110149,0,,20260111,,2,blog,3,양모펠트 키링 만들기로 취미에서 부업 성공한 후기
0,나만의 아우라,,,기타,실제 후기를 작성한 뒤 소정의 수수료를 받습니다 가정부업 찾고 계시나요? 저도 수많은 가정부업을 해봤지만 저한테 맞는 일을 찾기가 어려웠어요 아무리 부업이라지만 만족스러운 수익을 내기도 힘들고요...,7,"실제 후기를 작성한 뒤
소정의 수수료를 받습니다
​
​
가정부업 찾고 계시나요?
저도 수많은 가정부업을 해봤지만
저한테 맞는 일을 찾기가 어려웠어요
아무리 부업이라지만 만족스러운
수익을 내기도 힘들고요 ㅠㅠ
​
돈을 벌기 위해서는
역시 나가서 일을 하는 방법밖에
없겠다고 생각했었는데요
​
보통 부업을 알아보면
광고로 고수익을 낼 수 있다고 하는데
실제로는 전혀 그렇지 않아요
광고성이나 사기성도 많죠
​
​
제가 했던 가정부업을 예로 들자면
누구나 할 수 있는 단순 업무였어요
​
부품 조립과 포장이었는데
두 가지 부업은 구하기 쉬워서
초보자들도 쉽게 할 수 있거든요
접근성이 좋은 편이죠
​
그런데 매일 하루에 나가는
물량을 맞춰야 하다 보니까
생각보다 힘들더라고요
스트레스도 많이 받았어요
단순 업무라 지루하기도 하고
단가가 낮아서 수익이 안 좋았죠
​
​
그 뒤에 했던 가정부업은
블로그 글쓰기였어요
단순 업무에 비하면 괜찮았지만
일거리가 불규칙적이라서
안정적인 수익을 내기에는
어려움이 있었죠
​
그래서 몇 달 하다가
관뒀답니다 ㅠㅠ
​
딱 봐도 광고성이 짙은
가정부업은 넘어가기로 하고
수공예 부업을 시작했는데요
벌써 2년째 활발하게
활동하고 있답니다!
​
수공예 기법을 배워서 익히고
다양한 핸드메이드 제품을 만들어
판매하는 일을 하는 부업이에요
수공예 특성상 재료비는 저렴한데
판매가가 높게 뛰는 편이라
마진율이 상당히 좋답니다
​
​
물론 이 일을 하기 위해서는
수공예 기법을 배워야 하기 때문에
기간을 오래 잡아야 해요
하지만 기술은 한 번 배워두면
활용도가 좋기도 하고
나만의 스킬이 생기니까
충분히 투자할만하답니다
​
제가 배운 수공예 기관에서는
40가지가 넘는 과목을 다루고 있어요
원하는 과목을 선택해서 배우면 되죠
저는 단순 업무랑 너무 안 맞았는데
수공예 부업은 즐겁게 할 수 있었어요
​
초보자도 이해하기 쉽도록
기초부터 심화 과정까지
차근차근 알려주시더라고요
강의를 통해 자격 취득도 가능하고요
그래서 가정부업을 한다면
전문 기관에서 시작하는 걸
추천드리고 싶어요 ㅎㅎ
​
교육부터 수익활동까지
다양하게 지원해 주기 때문에
수월하게 진행할 수 있답니다
​
게다가 한 과정만 수강해도
나머지 모든 과목을 추가 비용 없이
자유롭게 들을 수 있어요
​
여러 가지 수공예를 배우면서
판매할 제품을 늘릴 수 있어
경쟁력을 쌓기에도 좋답니다
수익활동에 큰 도움이 되겠더라고요
​
​
처음 등록한 과목의 경우
수업에 필요한 초도 재료 세트를
무료로 제공해 주기까지 해요
​
저는 리본 공예를 선택했죠
​
초보자들도 쉽게 배울 수 있고
여러모로 활용도가 좋은 편이라
첫 과목으로 리본 공예를 골랐어요
​
수강 등록을 하기 전에
무료 샘플 강의를 신청해서
미리 커리큘럼을 살펴볼 수 있으니
부담 없이 과목을 고를 수 있답니다
​
알아서 재료를 제공해 줘서
따로 준비할 필요가 없었어요
초보들은 재료를 알아보는 것도
어려운 일이잖아요 ㅎㅎ
편하게 시작할 수 있었죠
​
​
과목에 따라 차이가 있지만
보통 2-3개월 안에 교육 과정을 이수하고
자격을 취득할 수 있다고 해요
​
리본 공예는 비교적 쉬운 편이라
저는 2개월 반 정도 걸렸답니다
​
강사님께서 이해하기 쉽게
하나하나 설명해 주시기 때문에
더 빠르게 끝낼 수 있었어요
​
수공예 강의는 각 분야에서
공방 운영, 판매, 수업 등 전문적으로
활동하고 계시는 강사님께서 진행하세요
​
덕분에 실무 위주의 교육으로
기본기부터 탄탄하게 잡을 수 있답니다
실제로 인기가 많고 판매가 잘 되는
디자인들을 다양하게 만들어보고
강사님의 개인적인 팁, 노하우까지
전부 공유받을 수 있었어요
​
​
다른 기관들과 다르게
기간이나 횟수의 제한 없이
자유롭게 수강할 수 있어요
내 스케줄에 맞춰 원하는 만큼
진도를 나갈 수 있어 좋더라고요
​
주기적으로 업데이트되는
신규 강의도 추가 비용 없이
이용할 수 있답니다
​
저는 처음부터 판매활동을
목적으로 시작한 일이기 때문에
너무나 마음에 드는 혜택이었어요
​
​
다각도 촬영 기법을 사용하여
강사님의 시점으로 진행되어서
손동작을 보고 이해하기 쉬웠어요
강의를 보고 따라 하는 데에
전혀 어려움이 없었답니다
​
제작 과정을 생략 없이
처음부터 끝까지 보여주는데요
첫 강의에는 재료와 도구에 대한
기초 설명까지 해주시니까
초보자들도 걱정할 것 없이
따라서 만들기만 하면 돼요
​
리본 공예의 경우에는
기초 기법만 잘 익혀두면
이후에는 응용하는 방식이라
쉽게 만들 수 있어요
​
사용하는 재료나 원단, 부자재에 따라
만들어지는 분위기가 천차만별이라
다양한 완성품을 낼 수 있답니다
​
​
저는 2개월 반 만에 이수하고
바로 관련 자격을 취득했어요
작가로 수업을 하거나
공방을 창업하는 경우에는
자격이 있는 게 좋거든요
​
이곳은 마스터 자격을 따서
이후 공방을 창업했을 때
학생들에게 자격을 부여할 수 있어요
저는 가정부업이 목적이라
당장 필요한 부분은 아니지만
준비해두면 좋을 것 같아
미리 따놨답니다 ㅎㅎ
​
재택부업뿐만 아니라
작가 활동이나 공방을 창업할 때
기관에서 전부 지원해 주더라고요
모든 지원은 평생 이용할 수 있으니
원할 때 받아서 시작하면 되는 거죠
저도 지금은 부업만 하고 있지만
나머지도 천천히 도전해 보려고요
​
​
재택부업을 시작한다면
기관에서 제공해 주는
판매 사이트를 이용하면 돼요
​
수강생 전용으로 운영되어
판매 수수료가 없답니다
판매한 금액 그대로
제 수익이 되는 거예요!
이용하는 방법도 간단해서
수월하게 판매를 시작할 수 있어요
기관에서 제공하는 가이드라인을
참고하여 등록하면 되거든요
​
이곳에 등록하기만 해도
국내 유명 사이트와 연동되어
20곳이 넘는 곳에 자동으로 업로드돼요
​
쿠팡, 네이버 쇼핑, 인터파크 등
많은 사람들이 이용하는 쇼핑몰에
제 상품이 노출이 되니까
주문도 잘 들어오고요
​
​
주문이 들어오면 알림이 오고
제작해서 배송하기만 하면 끝!
결제, 정산, CS 처리 등은
기관에서 해결해 주기 때문에
제가 신경 쓸 부분은 없었어요
​
수공예 부업을 생각하신다면
제가 배운 곳을 추천드리고 싶어요
교육부터 활동 지원까지
다양하게 제공이 되기 때문에
큰 도움이 되실 거예요
​
아래에 링크를 남길 테니
무료 ",3072,False,부업 성공 후기,https://blog.naver.com/nuna2000u/223791529710,0,,20250311,,4,blog,3,가정부업 성공 후기 공유해요
0,좋은 내부,,,기타,""", ""여행 다니며 돈 버는 디지털 노마드 후기"" 같은 부업 성공 후기를 볼 때마다 가슴 한편이 설레기도... 성공 후기의 주인공들이 '어플리'를 선택하는 이유  수많은 부업 중에서도 가장 높은 만족도를 보이는...",5,"안녕하세요! 커뮤니티나 블로그에서 ""월급 외 수익 200만 원 달성!"", ""여행 다니며 돈 버는 디지털 노마드 후기"" 같은 부업 성공 후기를 볼 때마다 가슴 한편이 설레기도 하고, 한편으론 ""나랑은 먼 이야기 아닐까?"" 싶으셨죠?
​
하지만 2026년 현재, 성공 후기의 주인공이 되는 법은 생각보다 가까이에 있습니다. 핵심은 어떤 도구를 사용해 시스템을 만드느냐에 달려 있죠.
​
오늘은 어플리(Affly)라는 강력한 제휴 마케팅 엔진과 AI 지능형 엔진을 활용해, 아고다(Agoda)와 트립닷컴(Trip.com) 수수료만으로 비행기 티켓을 손에 쥔 리얼 성공 로드맵을 공유합니다.
🔍링크 하나로 시작하는 Affly(어플리) 바로가기
어플리(Affly) — 당신의 모든 콘텐츠가 수익으로 연결됩니다.
국내외 최고 수준의 제휴 마케팅 플랫폼. 직관적인 데이터 대시보드와 파트너들에게 새로운 수익화 기준을 제시합니다.
www.linkaffly.com
1. 성공 후기의 주인공들이 '어플리'를 선택하는 이유 📈
수많은 부업 중에서도 가장 높은 만족도를 보이는 분야는 단연 제휴 마케팅입니다. 어플리(Affly)는 누구나 꿈꾸는 '자유로운 부업'의 기준을 제시합니다.
​
글로벌 여행 브랜드의 파워: 아고다나 트립닷컴처럼 이미 인지도가 확실한 플랫폼을 홍보하기 때문에, 초보자도 ""이 숙소 진짜 괜찮아요""라는 추천 한마디만으로 높은 예약 전환을 이끌어낼 수 있습니다.
​
실제 데이터 기반의 투명한 정산: ""정말 돈이 들어올까?""라는 걱정은 접어두세요. 어플리는 실시간 예약 현황과 확정된 수수료를 투명하게 공개하므로, 신뢰도 높은 성공 후기를 작성하는 데 최적화되어 있습니다.
​
누적되는 시스템 수익: 한 번의 노동으로 끝나는 알바와 달리, 내가 쌓아온 여행 정보 포스팅은 시간이 지날수록 더 큰 수익을 물어다 주는 든든한 자산이 됩니다.
​
2. 수천 자의 성공 노하우를 1분 만에, 'AI 지능형 엔진'의 서포트
""성공한 경험은 있는데, 이걸 남들에게 설득력 있게 전달할 글솜씨가 없어요""라고 고민하신다면 이제 지능형 AI 모델을 여러분의 전문 작가로 고용해 보세요.
​
​
​
어플리 대시보드에서 아고다 할인코드나 트립닷컴 프로모션으로 거둔 성과를 확인했다면, AI 콘텐츠 엔진에게 ""평범한 직장인이 퇴근 후 30분 투자로 여행 경비를 마련한 부업 성공 후기를 진정성 있게 작성해 줘""라고 요청해 보세요.
​
단 1분 만에 수천 자 분량의 논리적이고 감동적인 원고가 완성됩니다. 여러분은 그 뼈대 위에 ""처음엔 저도 의심했지만, 트립닷컴 단독 특가 정보를 공유하며 첫 수익이 터졌을 때의 짜릿함을 잊을 수 없어요"" 같은 생생한 경험담만 더하면 됩니다.
​
수천 자 작문의 부담은 AI에게 맡기고, 여러분은 '수익 지표 분석'과 '다음 타겟 여행지 선정'에만 집중하세요.
​
3. 딱 3개월, 다음 성공 후기의 주인공이 되는 마일스톤 🚀
성공 후기는 하루아침에 쓰이지 않습니다. 딱 3개월만 나만의 여행 콘텐츠 공장을 가동해 보세요.
​
1~3개월 (임계점 돌파기): 수익이 눈에 띄지 않더라도 아고다, 트립닷컴의 꿀팁과 할인 코드를 꾸준히 공유하세요. AI와 협업해 유용한 정보를 쌓는 이 시기가 여러분의 '성공 스토리'를 채워가는 가장 소중한 기반이 됩니다.
​
3~6개월 (성공의 열매 확인): 꾸준히 발행한 글들이 검색 상단에 안착하며 예약이 쏟아지기 시작합니다. 이때부터는 내가 가족과 시간을 보내는 중에도 통장에 쌓이는 수익을 보며, 진정한 의미의 '성공 후기'를 당당하게 작성할 수 있게 됩니다.
​
​
오늘 남의 성공 후기를 읽으며 보낸 그 시간이, 내일은 누군가가 여러분의 성공담을 읽으며 감탄하는 시간이 되길 바랍니다. 어플리에서 발행하는 아고다 링크 하나가 단순한 홍보를 넘어 여러분의 라이프스타일을 바꾸는 위대한 시작점이 될 거예요.
​
3개월 뒤, 자신감 넘치는 모습으로 '성공 후기' 포스팅의 발행 버튼을 누를 여러분의 손가락을 응원합니다. 저는 다음에도 여러분의 통장을 더 두둑하게 만들어 줄 실전 전략으로 찾아오겠습니다. 오늘 하루도 누구보다 당당하게 나아가세요!
🔍링크 하나로 시작하는 Affly(어플리) 바로가기
어플리(Affly) — 당신의 모든 콘텐츠가 수익으로 연결됩니다.
국내외 최고 수준의 제휴 마케팅 플랫폼. 직관적인 데이터 대시보드와 파트너들에게 새로운 수익화 기준을 제시합니다.
www.linkaffly.com
​",2162,False,부업 성공 후기,https://blog.naver.com/8hdmghe/224283090906,0,,20260512,,2,blog,3,평범한 일상이 특별한 수입으로: '부업 성공 후기' 뒤에...
0,무자본으로 N억 번 05년생 디지털 노마드,,,기타,"처음엔 “이건 전공자들만 하는 거 아니야?”라는 생각이 들었지만, 구조를 알고 나니 이전 부업들과는 완전히 다른 방식으로 성공할 수밖에 없더라고요. 무자본 부업 현실 후기 결국 돈이 되었던 방식은...",5,"회사 다니면서 퇴사를 고민해 보신 분들이라면
한 번쯤은
무자본 부업
을
검색해 보셨을 거라고 생각합니다.
​
저 역시 과거에 그랬고,
“일단 뭐라도 해보자”는 마음으로
여러 가지를 직접 시도해 봤었어요.
무자본 부업 하는법
오늘은
제가 실제로 해보고
실패했던 무자본 부업
​
세 가지와,
​
마지막에 성공한
무자본 부업 한 가지
를 알려드릴게요.
(가장 마지막에 성공 후 계속하고 있는!)
​
많은 무자본 부업을 하면서 느꼈던
현실적인 정보들
을 정리해 보려고 합니다.
​
누군가에게는 제 경험이 도움 되길 바라며..!
(현재 하고 있는 무자본 부업은 한 가지로
가장 마지막에 나옵니다! )
시간이 없다면, 영상으로 바로 보러가기 ⤵️
https://youtu.be/GfO1YzRodUs?si=SYdyTrS8sdWIzUEf
스마트 스토어 위탁판매
무자본 부업 추천과 현실적인 후기
무자본 부업 하면 가장 먼저 나오는 게
스마트 스토어
였던 것 같아요.
​
당시에는 유행해서
많은 사람들이 하고 있었기에
부담 없이 시작할 수 있을 것 같았어요.
스마트 스토어 부업 현실 후기
그래서 상품 소싱부터 상세페이지 구성까지
나름대로 공부해서 직접 스토어를 열었는데..
​
하지만 막상 운영해 보니
생각보다 신경 쓸 게 정말 많았습니다.
​
상품이 팔리지 않으면
계속 소싱을 바꿔야 했고
가격 경쟁이 워낙 심해서
마진이 거의 남지 않았고
광고를 안 하면
노출이 거의 되지 않았습니다
무자본 부업 후기
무엇보다 직장 다니면서 병행하기엔..
​
강의 광고에서 나오는,
투자하면 된다는 1~2시간보다
훨씬 더 많이 들었어요.
​
무자본이라는 말과 달리
자본을 계속 투입해야 하는 구조
였고,
​
이걸 오래 가져가기는
어렵겠다는 판단이 들었어요.
​
결국 자본만 투자하고 -N만 원으로 실패!!
AI 쿠팡 위탁판매
무자본 부업 하는 법
스마트 스토어를 하다가 실패 후
자연스럽게
쿠팡 위탁판매
도
같이 알아보게 됐습니다.
​
“쿠팡은 트래픽이 많으니까 더 잘 팔리지 않을까?”
라는 기대가 있었습니다.
​
하지만 현실은 조금 달랐습니다.
​
수수료 구조가 생각보다 높았고
광고비를 또 써야 해서 무자본이 아니었고 ㅋㅋ
가격을 맞추다 보면
남는 게 거의 없어요
(스마트 스토어랑 비슷합니다)
무자본 부업인 줄 알았던 과거 제 모습 같아요..
​
특히 쿠팡은
속도와 응대가 중요한 플랫폼이다 보니
본업과 병행하면서
대응하기가 쉽지 않았어요.
​
결국 이 부업도
“전업이 아니면 지속하기 어렵다""
라는
결론에 가까웠습니다.
​
이것도 사업자 등록증 비용 + 광고만 태우다가
마이너스로 실패 ..ㅎㅎ
AI 생활용 유튜브 쇼츠
AI 툴이 대중화되면서
AI로 만드는 쇼츠 영상도
잠깐 시도해 봤어요.
​
생활 정보, 꿀팁, 정리 영상 같은 콘텐츠를
AI로 만들어서 쇼츠로 올리는 방식
이었습니다.
​
처음에는
“이 정도면 계속 쌓이면 되지 않을까?”
싶었어요.. ㅋ
무자본 부업 하는 법
하지만 해보니
이 역시 쉬운 구조는 아니었습니다.
​
영상은 계속 만들어야 하고
조회수는 들쑥날쑥했고
수익화까지 이어지지 않았습니다. (가장 중요)
​
무엇보다 비슷한 콘텐츠가 너무 많아서
차별화가 쉽지 않았어요.
​
콘텐츠를 쌓아가는 과정도 의미 없었고
시간도 매우 오래 걸렸지만
수익화도 안됐어요.
​
이걸
현실적인 수익원으로
보기엔
불안정
했습니다.
무자본 부업을 하며 느낀 공통점
무자본 부업 후기
지금 돌아보면 이 세 가지 부업에는
공통점이 있었습니다.
​
시작은 누구나 가능하지만
성과가 나오기까지가 매우 어렵고
완전히 무자본이 아니라는 점
​
무자본이라고 해서 시작했지만
비용이 아예 안 드는 건 아니었어요.
(무자본 부업이라며..)
그래서 과거의 저처럼
회사 다니면서 퇴사를 고민하는 사람
에게는
위 방식이 맞지 않을 수 있어요.
(개인차가 있을 수 있습니다.)
그러다 알게 된 다른 무자본 부업
무자본 부업 추천
이런 시행착오를 겪으면서
“내가 계속 같은 방식만 반복하고 있는 건 아닐까?”
라는 생각이 들었습니다.
그러다 알게 된 게
홈페이지 제작이라는 무자본 부업
이었습니다.
처음엔
“이건 전공자들만 하는 거 아니야?”
라는
생각이 들었지만,
​
구조를 알고 나니
이전 부업들과는
완전히 다른 방식으로 성공할 수밖에 없더라고요.
무자본 부업 현실 후기
결국 돈이 되었던 방식은 홈페이지 제작 부업
여러 부업을 거쳐오면서
결국 실제로 수익이 나기 시작한 건
홈페이지 제작
부업
이었는데요,
​
완전히 무자본
이면서
재고도 남지 않고
진짜 시간 장소에서 자유로워질 수 있는 것
Previous image
Next image
무자본 부업으로 디지털 노마드 삶 달성
실제로
시작한 지 3주 만에
바로
수익화에 성공
하여 다른 무자본 부업과는
완전히 다르다는 걸 느꼈어요.
​
그 덕분에
시공간적인 자유를 누릴 수 있었고
직장을 그만 둘 수도 있었습니다.
​
이
무자본 부업
에 대한 이야기
는
아래 글에서 더 자세히 확인하실 수 있어요!
하라덩 홈페이지 제작 강의 후기가 증명하는 직장인 부업 추천
혹시 지금 이 글을, 매일 똑같이 반복되는 지겨운 하루 속에서 우연히 읽게 되었다면 한 가지만 묻고 싶어...
blog.naver.com
무자본 부업 하는 법
직장인 부업으로  무자본 부업 추천
무자본 부업이
무조건 나쁘다고 생각하지는 않아요.
​
다만
퇴사를 고민하는 상황
이라면,
이전에 많은
부업을 실패했던 사람
으로서
“유행하는 부업”이 아니라
​
내가 끝까지 가져갈 수 있는 구조인지
를
한 번쯤은 꼭 생각해 보셨으면 합니다.
아래 글에서는
제가 왜 홈페이지 제작을 선택했고,
​
어떤 점에서 이전 부업들과 달랐는지를
조금 더 구체적으로 이야기해 보겠습니다.
​
읽어주셔서 감사합니다 :)
​
https://litt.ly/hara__dong
무자본으로 N억 버는 05년생 디지털 노마드
litt.ly
직장인 투잡 추천, 퇴근 후 3시간으로 월 1000만 원 만든 방법
먼저 결과부터 알려드릴게요. 저는 19살에, 초기 자본 하나 없이 월 1,000만 원 수익을 냈습니다. 무자본, ...
blog.naver.com
​",2966,False,부업 성공 후기,https://blog.naver.com/kwon_ladong/224144908574,0,,20260113,,2,blog,3,"무자본 부업 현실 후기, 실패한 부업과 성공한 부업 총정리..."
0,용쓰 수다이야기,,,기타,본업보다 부업 수입이 더 나올 때도 있네요ㅎㅎ 그렇다보니 주변에서도 어떻게 만드는건지 물어보길래... 창업과 부업을 지원해줘요 교육부터 판매까지 한 곳에서 해결이 가능하죠 강아지샴푸 만드는 법도...,8,"솔직한 리뷰를 작성하고
기관으로부터 원고료를 받습니다
저는 두 강아지의 견주인데요
애들이 피부가 안좋아서
항상 애완견샴푸만 쓰고 있어요
하지만 좀 가격이 나가는 편이라
항상 살때마다 부담이 됐어요
그래서 직접 만들기로 결심했죠
애완견샴푸를 직접 만들면
다양한 장점이 있어요
첫째로는 강아지 피모에 맞춤으로
사용이 가능하구요
두번째는 사는 비용 절감이 돼요
세번째는 직접 만든걸로
판매를 해서 수입을 얻을 수 있죠
만들기 시작하고 판매에 도전했는데
수입이 쏠쏠해요
샴푸에 들어갈 재료를
직접 눈으로 확인하니까
믿음직스럽더라구요
애들한테 써보니 트러블이나
각질이 훨씬 나아지는 걸보니
너무 뿌듯했어요
처음 제작했을 때는
주변 지인들에게 애완견샴푸를
나눠주기도 했어요
실제 써보시고 강아지 피부가
훨씬 좋아졌다며 따로 팔아달라고
말할 정도더라구요
그래서 그걸 계기로 판매를 시작했어요
순수 원료만 들어가다보니
가격은 일반 샴푸보단 좀 더 비싸요
그래도 효과가 확실하니
입소문을 점차 타기 시작하면서
구매해주시는 분들이 늘어났어요
어떤 달은 본업보다 부업 수입이
더 나올 때도 있네요ㅎㅎ
그렇다보니 주변에서도
어떻게 만드는건지 물어보길래
오늘 한번 설명해보려고 해요
저는 애완견샴푸를 전문적으로
만드시는 강사님께 배웠어요
견종별로 레시피가 다 다르고
온라인 강의로 배웠죠
저는 9-6 직장인이라
낮에 시간이 없거든요
온라인으로 알아본 이유가
내가 여유되는 시간에
강의를 들을 수 있다는 편리성 때문이에요
만약 직접 가서 배웠다면
수업에 빠지지 않기 위해
스트레스를 많이 받았을텐데
온라인 강의는 제가 원할 때 마다
배울 수 있으니 스트레스도 없고
즐기며 배울 수 있었어요
요즘 반려동물 키우는 사람이
4명 중 한명이라고 하더라구요
그렇기에 관련 업종도
규모가 점차 커지고 있는데요
지금도 반려동물 관련 아이템이
매일 새로 출시되고 있어요
그 중에서 수익이 젤 괜찮은건
바로 애완견샴푸인것 같아요
저도 강아지들 목욕시킬 때
꼭 샴푸를 쓰거든요
피부병에라도 한번 걸리면
관리하기도 힘들고 병원비도
한두푼이 아니다보니
신경을 많이 써야 하는데요
애완견샴푸는 강아지 피모 관리용으로
더러 쓰이지만 예방용으로도
많이 쓰신다고해요
공산품의 경우엔 합성원료도 들어가고
어떤 재료가 들어가나 확실히 모르잖아요
하지만 천연샴푸는 어떤게 들어갔는지
명확히 알 수 있고 합성원료도
전혀 들어가지 않아 피모에 아주 좋아요
제가 온라인에서 배운 애완견샴푸는
원료를 직접 골라서 제작해요
피부 타입별로도 나누고
디자인 별로도 나뉘어서
커리큘럼이 정말 다양하구나 싶었어요
애완견샴푸는 공방을 오래 운영하신
베테랑 강사님이 진행해주시는데요
강사님만의 노하우와 꿀팁을
알려주셔서 너무 좋았어요
거기다 저만의 디자인을
접목시키면 다양한 샴푸를
탄생시킬 수 있죠
그리고 제가 고른 기관은
창업과 부업을 지원해줘요
교육부터 판매까지
한 곳에서 해결이 가능하죠
강아지샴푸 만드는 법도 배우지만
사람용 샴푸도 배울 수 있는데요
분야마다 전문 강사님이 계셔서
더욱 더 전문 교육을 받을 수 있어요
한마디로 한 개의 강의로
다양한 분야의 교육을
들을 수 있다는거죠
그리고 재료마다 효과와
특징에 대한 이론 수업과
제작과정을 자세히 알려주셔서
수업만 집중해서 들으면 강사님과
같은 퀄리티의 제품 제작이 가능해요
제일 중요한건 한번 수강신청하면
평생회원제로 들을 수 있더라구요
게다가 업데이트되는 신규강의까지
전부 무료라서 최신 유행에
따라가기 좋더라구요
강아지샴푸는 사람용과 달리
화장품법에 적용되지 않아서
집에서 만들어 팔 수 있어요
저도 완강하고 나서
기관에서 직접 운영하는 아트픽샵이라는
수공예 쇼핑몰에서 판매를
시작했는데요
수수료와 입점료가 무료고
판매가 되면 전부 순수익이에요
그리고 상품등록을 완료하면
네이버나 쿠팡에 자동으로 올라가서
홍보를 하지 않아도 돼요
저도 주문이 계속 들어오는데요
저는 애초에 한번 만들때
잔뜩 만들어서 기관에 보내요
주문이 들어오면 기관에서
위탁배송 서비스를 해주시거든요
만약 배송까지 직접 해야했다면
본업이 있는지라 힘들었을텐데
기관에서 다양한 지원을 해주셔서
제작에만 신경쓸 수 있었답니다
교육을 받고 판매만 할 수 있는게
아니라 작가로도 활동할 수 있고
다양한 부업이 가능해서
저는 너무 잘한 선택이라 생각해요
저처럼 반려견을 키우시거나
직접 샴푸를 만들고 판매에도
도전해보고 싶은 분들은
강의 한번 들어보세요
아래 링크로 들어가시면
샘플강의 들어볼 수 있으니
들어보시고 결정해보세요~
애완견샴푸
무료 샘플강의 듣기>>",2190,False,부업 성공 후기,https://blog.naver.com/nike8319/223734330596,0,,20250130,,2,blog,6,애완견샴푸 나만의 브랜드로 부업 성공시킨 후기
0,정보공유,,,배달,"배민 쿠팡 운동 삼아 시작한 배달 부업, 3개월 만에 7kg 감량 성공 후기 배달 부업을 시작한 이유가 거창하지 않았어요. 헬스장 끊을 돈도 아깝고 따로 운동할 시간도 없어서 돈도 벌면서 운동도 되는...",7,"배민 쿠팡 운동 삼아 시작한 배달 부업, 3개월 만에 7kg 감량 성공 후기
배달 부업을 시작한 이유가 거창하지 않았어요. 헬스장 끊을 돈도 아깝고 따로 운동할 시간도 없어서 돈도 벌면서 운동도 되는 방법이 없을까 고민하다가 전기자전거 배달을 선택했어요. 배민커넥트와 쿠팡이츠를 전기자전거로 병행하면서 3개월 만에 7kg 감량에 성공한 리얼 후기를 공개해 드릴게요.
🚴 전기자전거 배달을 선택한 이유
▶▶ 운동과 수익을 동시에 잡는 수단
헬스장 월 회비 6~8만 원을 아끼면서
배달 부업으로 매달 50~70만 원을 버는 구조가 매력적이었어요.
전기자전거는 페달 보조 기능 덕분에 체력 소모가 일반 자전거보다 적어요.
장시간 활동해도 다음 날 피로감이 덜해서 직장인 투잡으로 딱 맞았어요.
▶▶ 전기자전거 배달의 운동 효과
배달 한 타임 2~3시간 기준으로
평균 8,000보에서 15,000보 걷기 운동이 자연스럽게 채워져요.
유산소 운동 효과까지 덤으로 얻을 수 있어요.
헬스장에서 러닝머신 뛰는 것과 비슷한 칼로리 소모가 이루어져요.
📊 3개월 감량 기록 공개
▶▶ 시작 전 상태
몸무게 ㅡ 82kg
주 운동량 ㅡ 거의 없음
식단 변화 ㅡ 없음
▶▶ 월별 변화 기록
▪ 1개월 차
몸무게 ㅡ 80kg
감량 ㅡ 2kg 감량
활동 패턴 ㅡ 평일 저녁 피크 2시간 + 주말 5시간
배민커넥트 수익 ㅡ 34만원
쿠팡이츠 수익 ㅡ 22만원
합산 실수령 ㅡ 56만원
▪ 2개월 차
몸무게 ㅡ 77.5kg
감량 ㅡ 추가 2.5kg 감량
활동 패턴 ㅡ 평일 저녁 피크 2~3시간 + 주말 풀피크
배민커넥트 수익 ㅡ 42만원
쿠팡이츠 수익 ㅡ 31만원
합산 실수령 ㅡ 73만원
▪ 3개월 차
몸무게 ㅡ 75kg
감량 ㅡ 추가 2.5kg 감량
활동 패턴 ㅡ 비 오는 날 집중 출동 추가
배민커넥트 수익 ㅡ 51만원
쿠팡이츠 수익 ㅡ 38만원
합산 실수령 ㅡ 89만원
▶▶ 3개월 총 결산
총 감량 ㅡ 7kg ✅
3개월 누적 실수령 ㅡ 218만원 💰
헬스장 비용 절약 ㅡ 약 21만원
💪 운동 효과가 극대화된 이유
▶▶ 이유 1. 매일 꾸준한 유산소 운동
배달 부업을 하면서 자연스럽게
매일 30분에서 2시간의 유산소 운동이 채워졌어요.
헬스장처럼 억지로 가야 한다는 부담감이 없어서
꾸준히 지속할 수 있었어요.
▶▶ 이유 2. 피크타임 활동으로 강도 높은 운동 효과
피크타임에 집중해서 쉬지 않고 배달을 뛰다 보면
시간당 운동 강도가 자연스럽게 올라가요.
평균 심박수가 유산소 운동 적정 수준으로 유지됐어요.
▶▶ 이유 3. 비 오는 날 집중 출동 효과
비 오는 날 기상악화 보너스를 챙기려고
평소보다 더 활발하게 움직이다 보니
칼로리 소모가 평소보다 30~40% 더 높았어요.
▶▶ 이유 4. 식욕 조절 효과
배달 뛰고 나면 배가 고파서 많이 먹을 것 같지만
피크타임 이후 피로감 때문에 과식이 줄어들었어요.
자연스러운 식사량 조절 효과가 생겼어요.
⚡ 배달 운동 효과를 높이는 팁
▶▶ 팁 1. 전기자전거 페달 보조 강도 조절
페달 보조를 낮게 설정하면 운동 강도가 올라가요.
평지에서는 낮은 보조 모드로 뛰고
오르막에서는 높은 보조 모드로 전환하면
체력을 아끼면서 운동 효과를 최대화할 수 있어요.
▶▶ 팁 2. 대기 중 스트레칭 활용
음식점 조리 대기 중에 간단한 스트레칭을 해요.
허리, 무릎, 발목 스트레칭은 장시간 배달 시 부상 예방에 효과적이에요.
▶▶ 팁 3. 수분 보충 필수
배달 중 땀을 많이 흘리기 때문에
수분 보충을 자주 해줘야 해요.
물을 충분히 마시면 피로 회복 속도가 빨라져요.
🏆 3개월 후 달라진 것들
▶▶ 신체 변화
몸무게 7kg 감량 ✅
체지방 감소 ✅
하체 근력 증가 ✅
지구력 향상 ✅
▶▶ 생활 변화
월 50~90만원 추가 수입 생김 💰
헬스장 비용 절약 💰
퇴근 후 무기력함 감소 ✅
수면 질 향상 ✅
▶▶ 정신적 변화
뛰는 만큼 바로 수익이 생기니 동기부여가 확실해요.
운동을 억지로 하는 게 아니라 즐기면서 하게 됐어요.
배달 부업이 운동과 수익을 동시에 해결하는 최고의 방법이라는 확신이 생겼어요.
💰 수익 + 건강 두 마리 토끼 잡는 루틴
▶▶ 평일 루틴
퇴근 후 저녁 피크 17:30 ~ 20:30
전기자전거로 배민커넥트 + 쿠팡이츠 병행
하루 평균 수익 2만 5천원에서 4만원
칼로리 소모 약 400~600kcal
▶▶ 주말 루틴
점심 피크 + 저녁 피크 풀 공략
하루 평균 수익 8만원에서 12만원
칼로리 소모 약 800~1,200kcal
▶▶ 비 오는 날 루틴 🌧️
기상악화 보너스 + 활동량 증가
하루 평균 수익 10만원에서 15만원
칼로리 소모 평소 대비 30~40% 증가
🔶 배민커넥트 추천인 코드 안내
배민커넥트 추천인 코드 : mskcutee
▲ 추천인 코드 입력 후 가입 2주 이내 미션 달성 시
최대 70만 원 보너스!
▲ 배달은 역시 배민커넥트로 시작하세요!
▲ 첫 배달도 누구나 쉽게! 간편하게 앱 하나로 시작해요!
https://baeminconnect.onelink.me/k618/3ccpicgp
배달은 역시 배민커넥트로 시작하세요!
첫배달도 누구나 쉽게! 간편하게 앱 하나로 시작해요!
baeminconnect.onelink.me
🔶 쿠팡이츠 초대 코드 안내
쿠팡이츠 초대 코드 : S0HJW10B
▲ 가입 후 1주일 이내 1건 이상 달성 시 1만 원 지급
▲ 안전교육 이수 2만 원 지급
▲ 초대 코드 입력하고 친구와 함께 1만 원 혜택을 받아보세요!
https://eatscourier.app.link/UbNcZUsjpKb
[초대 코드 : S0HJW10B]
초대 코드 입력하고 친구와 함께 10,000원 혜택을 받아보세요! 7일 이내 10건 배달 시 3만원 추가보너스도 드려요.
eatscourier.app.link
#배민커넥트
#쿠팡이츠배달파트너
#배달다이어트
#배달부업
#배민커넥트추천인
#직장인투잡
#전기자전거배달
#배달운동
#7kg감량
#부업추천",2866,False,부업 성공 후기,https://blog.naver.com/sulhyang92/224226234221,0,,20260323,,4,blog,3,"운동 삼아 시작한 배달 부업, 3개월 만에 7kg 감량 성공 후기"
0,보통빠르기 달콤한인생 ️ ️,,,스마트스토어,"이 글에서는 실제 스마트스토어 부업 성공 후기를 바탕으로, 실패 없이 매출을 늘리는 방법과 쉽게... 제공하여 성공적인 부업 라이프를 응원하겠습니다. 스마트스토어 위탁판매, 1개월 찐 후기: 40대 워킹맘의...",9,"스마트스토어 부업, 많은 직장인들이 월급 외 추가 수입을 위해 뛰어드는 매력적인 세계입니다. 하지만 성공적인 부업을 위해서는 철저한 준비와 꾸준한 노력이 필수적입니다. 이 글에서는 실제 스마트스토어 부업 성공 후기를 바탕으로, 실패 없이 매출을 늘리는 방법과 쉽게 시작하는 노하우를 공유하고자 합니다. 스마트스토어 부업을 꿈꾸는 모든 분들에게 현실적인 조언과 실질적인 도움을 제공하여 성공적인 부업 라이프를 응원하겠습니다.
스마트스토어 위탁판매, 1개월 찐 후기: 40대 워킹맘의 성공 스토리
평범한 40대 워킹맘도 스마트스토어 위탁판매로 성공할 수 있을까요? 17년차 직장인인 한 워킹맘은 불안한 미래에 대한 대비책으로 스마트스토어 부업에 뛰어들었습니다. 처음에는 의구심도 많았지만, 강의를 통해 배운 내용을 꾸준히 실행하며 자신감을 얻었습니다. 사업자 등록부터 6대 마켓 입점, 상품 가공까지 하나하나 배워나가며 5일 만에 첫 주문을 받는 쾌거를 이뤘습니다. 중요한 것은 꾸준함과 실천이라는 것을 몸소 깨달았다고 합니다. 저도 처음에는 '내가 과연 할 수 있을까?'라는 걱정이 앞섰지만, 막상 시작해보니 생각보다 어렵지 않았습니다. 중요한 것은 포기하지 않고 꾸준히 노력하는 자세인 것 같습니다.
3주 만에 주문 7건! 30대 직장인의 스마트스토어 부업 도전기
15년 동안 직장 생활만 해온 30대 직장인에게 스마트스토어 부업은 새로운 도전이었습니다. 열정 부족과 부족한 꾸준함이 걱정이었지만, 미래를 위한 준비라는 생각으로 온라인 셀러에 도전했습니다. 처음에는 막막했지만, 친절한 강의와 꼼꼼한 가이드 덕분에 자신감을 얻을 수 있었습니다. 세팅부터 서류 준비까지 어려움 없이 진행할 수 있었고, 3주 만에 7건의 주문을 받는 놀라운 성과를 거뒀습니다. 퇴근 후 3시간 정도 투자하여 스마트스토어 위탁판매 부업에 집중한 결과였습니다. 물론 파일이 날아가거나 피곤할 때도 있었지만, 강사님의 격려와 꾸준함에 대한 강조 덕분에 포기하지 않고 꾸준히 할 수 있었습니다. 저 또한 비슷한 경험이 있습니다. 처음에는 낯선 용어와 복잡한 절차 때문에 어려움을 겪었지만, 포기하지 않고 꾸준히 공부하고 실천한 결과 조금씩 성과를 낼 수 있었습니다.
복사 붙여넣기로 월 3억 매출?! 스마트스토어 부업, 정말 가능할까?
특별한 재능 없이 컴퓨터를 잘 못해도 스마트스토어 부업으로 돈을 벌 수 있을까요? 답은 'YES'입니다. 상품 등록과 가공만으로 주문이 들어오는 온라인 위탁판매 부업의 세계는 누구에게나 열려 있습니다. 물론 지루하다고 생각하고 포기하는 사람들도 많지만, 꾸준한 노력이 가장 큰 재능입니다. 월 3억 매출을 올리는 14년차 온라인 셀러 '민군'님은 스스로 내향적이고 집에 있는 것을 좋아하며, 딱히 잘하는 것이 없어서 상품 대량 등록 부업을 시작했다고 합니다. 그는 자신만의 차별화된 방법으로 월 3억 매출을 달성할 수 있었습니다. 스마트스토어 부업은 누구나 쉽게 시작할 수 있지만, 성공하기 위해서는 자신만의 차별화 전략을 찾는 것이 중요합니다. 저도 처음에는 다른 사람들과 똑같은 방식으로 상품을 등록했지만, 차별화된 콘텐츠와 마케팅 전략을 통해 경쟁력을 확보할 수 있었습니다.
스마트스토어 부업, 실패 없이 매출 늘리는 방법: 한국이커머스의 도움
스마트스토어 부업을 시작했지만 매출이 나오지 않아 고민인가요? 초보자가 경쟁력 있게 시작하기 위해서는 전문가의 도움이 필요합니다. 한국이커머스는 스마트스토어 입점부터 상세 페이지 제공, 매출 증진 지원 등 다양한 서비스를 제공합니다. 실제 판매가 되는 제품을 제공받아 내 브랜드로 만들고 판매할 수 있도록 도와줍니다. 위탁판매의 장점은 가져가고 내 브랜드를 만들어서 파는 것이 훨씬 경쟁력이 있습니다. 건망고나 간장게장 등 판매량도 많고 후기가 좋은 제품을 선택하여 판매할 수 있습니다. 제품은 원가로 제공받고 브랜드 로고와 라벨링, 배송까지 지원받을 수 있어 부업으로 하기에 매우 좋습니다. 스마트스토어 입점, 기본적인 세팅, 광고 마케팅, 키워드 세팅까지 많은 도움을 받을 수 있습니다. 한국이커머스와 같은 전문 기관의 도움을 받으면 실패 없이 스마트스토어 부업을 성공적으로 이끌 수 있습니다. 저도 처음에는 혼자서 모든 것을 해결하려고 했지만, 전문가의 도움을 받으니 훨씬 효율적으로 스마트스토어 부업을 운영할 수 있었습니다.
스마트스토어 부업, 쉽게 시작하는 방법: AI 자동 운영 시스템 활용
시간은 없고 돈은 벌고 싶다면? 스마트스토어 AI 자동 운영 시스템을 활용해보세요. AI가 상품 소싱부터 판매, 등록, 제품 관리, 배송, 정산, CS까지 모두 알아서 처리해줍니다. 자동 운영비는 처음에 들지만, 빠른 시간 안에 회수할 수 있을 정도로 효율적입니다. AI가 해외 도매처에서 상품을 가져오고 내 스토어에 위탁판매를 하는데, 팔릴 때마다 수수료를 받는 방식입니다. 대량 등록도 가능하며, 판매가 잘 되는 상품과 후기가 좋은 상품을 선별하여 채워줍니다. 재고가 떨어지거나 판매가 잘 되지 않는 상품의 경우 삭제하고 새로운 상품으로 교체까지 해줍니다. 온라인 판매 시 필요한 사업자등록증이나 통신판매 신고 후에 스토어를 개설하고, 업체에서 제공해주는 가이드에 따라 AI를 연동시키면 됩니다. AI 자동 운영 시스템은 스마트스토어 부업을 처음 시작하는 초보자들에게 매우 유용한 도구입니다. 저도 AI 자동 운영 시스템을 활용하여 시간을 절약하고 효율적으로 스마트스토어 부업을 운영하고 있습니다.
스마트스토어 부업은 누구나 도전할 수 있는 매력적인 부업입니다. 하지만 성공적인 부업을 위해서는 철저한 준비와 꾸준한 노력이 필수적입니다. 실제 스마트스토어 부업 성공 후기를 참고하여 자신만의 전략을 세우고 꾸준히 실천한다면, 월급 외 추가 수입을 얻는 것은 물론, 성공적인 사업가로 발돋움할 수 있을 것입니다. 스마트스토어 부업을 통해 경제적 자유를 이루는 그날까지, 끊임없이 배우고 성장하는 여러분을 응원합니다.
#스마트스토어
#부업
#위탁판매
#온라인셀러
#직장인부업
#재테크
#추가수입
#자동화
#AI
#한국이커머스
​",2961,False,부업 성공 후기,https://blog.naver.com/tkfkdgo-240/223923512569,0,,20250706,,6,blog,3,스마트스토어 부업 성공 후기: 직장인 월급 외 추가 수입 만들기
0,HIBIKI,,,기타,집부업을 하려고 알아보는 주부님들께 꼭 추천드리고 싶어요 시작하기 전에 봤던 후기 중 한 번 하면 몇... 집부업으로 성공하는 사람이 있을까? 정말 재밌고 수익이 괜찮은 일이 있을까? 끊임 없이 의심을...,5,""" 이 포스팅을 업체로부터
소정의 수수료를 지급받고 작성한 글입니다 ""
​
​
​
아이를 초등학교에 입하시키고
오전에 시간이 남아서
소소하게 용돈을 벌고 싶어
집부업을 찾아봤어요
​
그래서 여러 일을 했었는데
블로그 글쓰기부터 포장하기,
박스접기, 조립하기 그리고
자본이 들어가는 일도 해봤죠
근데 이 모든 일들이
오랫동안 꾸준하게 하기
힘들더라고요 ㅠㅠ
​
그러다가 최근 하게 된 일이
저랑 적성에도 맞고
즐겁게 할 수 있는 일이라서
계속 할 수 있을 것 같아요
​
​
​
​
​
​
​
​
저는 특별한 전문 기술이나
능력을 가지고 있진 않거든요
그래서 처음에 부업을 하려고 했을 때
박스접기나 포장하기 같은
단순 업무를 했어요
일은 쉬웠는데 하다보니까
단가도 너무 낮고
일하는 시간에 비해서
버는 금액이 아주 적다보니까
효율이 없는 것 같아 바로
그만뒀는데요
​
그 뒤에 한 일이 바로
글쓰기였고 이 일은 그나마
단순업무보다는 나았죠
블로그나 카페에 글을 올려서
개 당 7천원 정도 받았어요
아이 교육비 정도는
벌 수 있어서 괜찮았는데요
​
일거리를 주는 회사가
사정이 안좋아지며
일이 줄었고 계속 하고 싶었지만
결국 일감이 없어서 끝났구요
​
​
​
​
​
​
​
​
그나마 했던 일 중에서
급여가 제일 좋았던 점은
홈쇼핑이었어요
이정도 수익이 좋은 부업이
많이 없어서 해봤는데
제가 하기에는 버거웠고 힘들고
스트레스까지 받아서
몸이 망가졌죠
​
그러면서 신랑이나 아이에게
짜증내는 횟수도 많아지니
신랑이 이렇게 할거면
차라리 그만두라는 말에
나를 다시 되돌아봤고
​
이정도로 망가지는 건
안될 것 같아서
그만두고 조금 오래 쉬웠어요
​
​
​
​
​
​
​
​
그러다가 새로 한 집부업이
현재까지 하고 있는
수공예부업이예요!!!
저는 친정이나 시댁에 육아를
도움 받을 수 없기 때문에
제가 나가서 일을 할 수 없으니까
이런 시행착오를 많이 겪은 것 같아요
​
근데 수공예부업은
지금까지 한 부업 중에서
제일 부담스럽지 않고
재밌게 할 수 있어요 ㅎㅎ
​
일하는 시간이나 업무량이
딱히 정해지지 않고
내가 자율성을 가지고 할 수
있으니까 스트레스도 없답니다
​
집부업을 하려고 알아보는
주부님들께 꼭 추천드리고 싶어요
시작하기 전에 봤던 후기 중
한 번 하면 몇 년씩 한다는 걸 봤는데
왜 그런지 제가 해보니까
알겠더라고요 ㅎ
​
​
​
​
​
​
​
​
아이템 만들기부터
판매까지 전문 기관에서
하나부터 열까지 지원해주니까
혼자서 하는 느낌이
전혀 들지 않아요
​
첫 고민은 어떤 수공예로
시작을 할까,, 였고
온라인 전문 교육기관에서
교육받고 판매까지
지원받아 하기로 했네요
​
40가지가 넘는 수공예를
교육해주고 있었고
이 중에서 원하는 걸 택하면 돼요
그렇다고 너무 고민하지
않아도 되는 것이
한 과목만 수강해도 모든 과목을
수강할 수 있게 해주니까
걱정이 없죠 ㅎㅎ
대신 첫 과목에 한 해서
초도 재료세트를 제공해주니
이 부분만 유의하시면 될 것 같아요!
​
저는 초보자들도 하기 쉬운
레진공예를 선택했어요~
​
​
​
​
​
​
​
​
만드는 과정들을
수강생들이 잘 보게 하기 위해서
특수 기법으로 촬영되어 있고
강사님들꼐서 아주 쉽고
꼼꼼히 설명해줘요
실무 교육 위주로 해주는 거죠
​
무료 체험강의가 있으니
맨 아래 링크를 남겨놓으면
들어가셔서 한 강 정도
원하는 공예를 택해 들어보세요!
​
​
​
​
​
​
​
​
고급 기법들을 배우고 나서
작품이 잘 만들어지면
곧바로 수익활동을 시작하면
되는데요
​
기관에서는 판매를 위해
온라인 쇼핑몰을 제공해주거든요
이곳은 수강생 전용이라
수수료나 이용료 같은 비용이
전혀 들지 않아요!
그러니 마진율이 좋을 수 밖에요
​
이 쇼핑몰에 내가 직접 만든
아이템들의 샘플 사진을
올려놓으면 바로 판매가 돼요
올리는 갯수도 제약이 없구요 ㅎ
​
​
​
​
​
​
​
​
제품들을 올려놓으면
유명 사이트 20곳에 내 상품이
올라가 판매 되니까
주문량도 늘어요
​
네이버부터 쿠팡, 인터파크 등
우리가 자주 쓰는 곳에
올라가니까
많은 분들이 내 상품들을
볼 수 있는 거죠
​
이곳저곳에서 주문이
들어오게 되면 휴대폰으로
확인해서 주문받은
아이템을 잘 제작해서
배송하면 끝!!
​
판매 수익은 달마다
기관으로부터 정산을 받고
따로 나가는 비용이 없으니까
판매 금액 그대로 받아요
그러니 마진이 좋죠
​
나머지 쇼핑몰 관리나
정산, 결제, 고객응대까지 다
기관에서 해결해주니까
저는 작품 제작과 배송에만 오로지
신경 쓸 수 있답니다 ㅎ
​
​
​
​
​
​
​
​
너무 집부업이 하고 싶어
포기하지 않고 여러번 실패 끝에
수공예 부업을 하게 됐는데
이미 이전에 너무 많이 당해서
사실 큰 기대는 하지 않았거든요
​
왜냐하면 전에 했던 일들이
너무 지치고 힘들어서,,
집부업으로 성공하는 사람이
있을까? 정말 재밌고 수익이 괜찮은
일이 있을까? 끊임 없이
의심을 했었어요
​
근데 오랫동안 체계적으로
잘 갖춰진 시스템과
전문 교육, 지원을 받으면
안될 게 없더라고요!
​
수익을 내는 방법이나
기본기부터 잘 쌓아가며
판매까지 해보니까
나름 성취감도 느끼게 됐고
단기간에 해낼 수 있어
너무 좋네요 ㅎ
​
제 포스팅을 보는 분들이
어떤 생각을 하고 계시는지
조금 이해를 할 것 같은데요^^;
아마 저처럼 의구심을 갖고
믿지 못하는 분들도 꽤나 있을 거예요
​
저도 많은 후기글을 읽고
그런 생각을 했으니까요ㅎㅎ
그래도 배워보고
취미활동으로 해도 되지 않나?
뭐라도 해보자 싶어서
도전을 한거죠
​
​
​
​
​
​
​
​
집부업을 시작하면서
회사 다니는 만큼 급여를
원하는 건 아니잖아요
여유있는 시간을 합리적으로 쓰고
경제적으로 조금이나마
보탬이 되려고 대부분 시작하니까요
​
제가 솔직하게 말씀드리는 건
처음부터 판매나 수익이
만족하지 못할 수도 있어요
근데 인내심을 갖고
작품 퀄리티를 높여가면서
다양한 상품을 제작해 판매하면
점점 주문량이 늘고
그러면서 수익까지 상승될 수
있다는 거!!
​
집부업을 하고 싶은 분들께
현명한 결정을 하시라고
오늘의 포스팅을 남겼구요
더 알아보시라고
링크를 남겨놓을테니까
들어가셔서 자세한 정보들을
얻어가시길 바라요~
​
​
​
집부업
더 자세히 알아보기>>>
​
​",2997,False,부업 성공 후기,https://blog.naver.com/garbeekr/223932777255,2,,20250714,,4,blog,3,집부업 성공할 수 없다구요??
0,람쥐씨의 알뜰살뜰 일상이야기,,,기타,후기를 쓰고 기관으로부터 수수료를 받습니다 요즘엔 집에서도 할 수 있는 부업이 다양해졌어요... 받는데 성공했어요 이 사이트를 통해 판매된 상품은 판매 수수료도 붙지 않아서 처음 정한 마진 그대로 입금이...,8,"후기를 쓰고 기관으로부터 수수료를 받습니다
​
​
​
​
​
요즘엔 집에서도
할 수 있는 부업이 다양해졌어요
취미생활 하듯이 소소한 용돈벌이를
하시는 분들이 많더라고요
​
지금껏 취미생활에 돈만 써봤지,
부업으로 활용할 생각을 못 했는데
신선한 충격으로 다가왔어요
​
그래서 석고방향제 만큼은
부업을 목표로 도전해보기로 했답니다
​
석고방향제 몰드를 무료로 제공해주고
작품 판매도 지원해주는 전문 기관이 있어서
여길 이용했어요
​
​
​
​
​
​
​
​
​
​
​
본업이 있는 상태에서
새로운 부업을 배우려고 하니
시간 맞추기가 애매했어요
​
그런데 새로 찾은 곳은
100% 온라인강의로 진행하니까
훨씬 마음이 편하더라고요
​
단순 취미생활로 끝낼거라면
책이나 유튜브로 독학했겠지만
부업으로 수익창출을 해보는게 목적이라
제작 방법부터 판매 노하우까지
모두 배울 수 있는 곳으로 선택했어요
​
​
​
​
​
​
​
​
​
​
​
수강 등록을 하면
3일 뒤에 석고방향제 몰드 키트가
택배로 도착해요
​
무료로 제공해주는거라
별 기대없이 열어봤는데
재료, 도구가 알차게 들어있었어요
​
전문가들이 쓰는 도구에
재료도 넉넉해서
이걸로 바로 연습을 시작했죠
​
​
​
​
​
​
​
​
​
​
​
​
온라인강의는 공예에
특화된 방식으로 촬영되어 있어서
눈앞에서 보는것처럼
디테일까지 전부 배울 수 있는데요
​
처음 입문하는 초보들도
기본 지식부터 차근차근
따라 연습하기 좋더라고요
​
석고방향제로 부업하는 강사님이
실전 작품 만들기로 강의해주기 때문에
완성도 높고 상품성 좋은
상품들만 배울 수 있다는 점도 장점이었어요
​
​
​
​
​
​
​
​
​
​
​
실제 판매되는 석고방향제 작품들이라
완성하는 것마다 마음에 쏙 들었어요
​
석고방향제 몰드 하나로도
다양한 작품을 만들 수 있다는게
신기하더라고요
​
시중에 판매되는 작품들과
거의 흡사한 것도 있고
새롭게 트렌디한 작품도 있었는데요
​
석고방향제 제작 팁 외에도
강사님만의 상품 구상 노하우,
판매 노하우 등을 공유해주시니까
강의가 굉장히 유익했어요
​
​
​
​
​
​
​
​
​
​
​
퇴근 후 집에와서
석고방향제 키트로
사부작 사부작 만들면
하루의 힐링도 되고 참 좋았어요
​
석고방향제에 쓰는 향 오일이
심신을 안정시켜주는 역할도 하더라고요
​
원하는 대로 모양이 나오고
매번 새로운 작품도 완성되니까
성취감도 굉장히 높았어요
​
누가 시키지 않아도
매일 20분 이상 석고방향제 만들기를
했던 시기였답니다
​
​
​
​
​
​
​
​
​
이렇게 매일 꾸준히
강의를 보면서 연습하니까
어느새 집에 석고방향제들이
넘쳐나기 시작했어요
​
주변에 선물을 하려고 했지만
석고방향제는 향이 나는 제품이다보니
안전확인대상 생활화학제품으로 분류되어
반드시 자가 KC인증을 받아야 하더라고요
​
온라인 판매 시에도
반드시 필요한 검사인데요
이름부터 생소해서 좀 어렵게 느껴졌어요
​
다행히 교육기관에서
온라인강의로 자세하게 알려주셔서
한번에 통과하긴 했는데요
​
초보들은 이런 가이드 없이
혼자 준비하긴 어렵겠더라고요
​
​
​
​
​
​
​
​
​
​
KC인증을 통과하고 난 후에는
지인들에게 선물도 많이 하고
온라인 판매도 준비할 수 있었어요
​
교육기관에서 자체적으로
운영하는 판매 플랫폼이 있는데,
여길 이용하면 단시간에 판매 개시를 할 수 있어서
수강 후기가 좋더라고요
​
간단하게 판매할 작품 사진과
가격 정도만 결정한 후
상품을 등록하면 되는데
이 사이트에만 등록해도 네이버, 쿠팡 등에
동시 연동이 되어서
빠르게 주문을 받을 수 있어요
​
주문 확인, 고객 CS처리, 정산 같은 부분은
자동으로 처리해주시기 때문에
이용이 간편했답니다
​
​
​
​
​
​
​
​
​
​
​
​
이렇게 작품을 등록하고
개시한지 3일만에 바로 첫 주문을
받는데 성공했어요
​
이 사이트를 통해 판매된 상품은
판매 수수료도 붙지 않아서
처음 정한 마진 그대로 입금이 되더라고요
​
저의 첫 재택부업이었는데
초기 비용은 석고방향제 몰드 키트 외에는
전혀 드는게 없었어요
​
재료비만 있다면
거의 무자본창업인셈이죠
​
​
​
​
​
​
​
​
​
​
​
제가 수강한 곳은
수공예 창업 전문 교육기관이라서
석고방향제 과정 외에도
40여개의 과목들이 있는데요
​
석고방향제 하나만 선택해도
전체 과정을 평생 무료로 보고 배울 수 있어요
​
지금은 석고방향제가 재밌어서
부업으로 하고 있지만
제가 흥미를 잃을 수도 있고
부업 트렌드가 바뀔 수도 있잖아요
​
그럴 때 얼른 다른 공예를 배워서
다시 부업으로 활용하면 되니까
두고 두고 좋은 혜택이에요
​
단, 처음 선택한 과목으로만
재료를 제공해주기 때문에
두번째 과목 부터는 직접 재료를 구입하셔야 해요
​
​
​
​
​
​
​
​
​
​
​
요즘엔 방산 시장, 동대문 등에 다니면서
예쁜 석고방향제 몰드 키트를
구하는 재미가 쏠쏠해요
​
새로운 몰드를 보면
작품 구상도 잘 되고
여러가지로 응용할 수 있어서
매출을 늘리는데 도움이 되거든요
​
저처럼 단순 취미생활이 아닌,
부업으로 준비하길 원하는 분들은
제가 수강한 곳에서 자세히 알아보세요
​
기본 교육부터 판매자 과정,
온라인 판매까지 한번에 지원 받을 수 있어요
​
​
석고방향제 배우기 교육 과정
더 자세히 알아보기>>>>>
​
​
​
​
​
​
​
​
​
​
​",2576,False,부업 성공 후기,https://blog.naver.com/kghic67/223927360985,0,,20250709,,2,blog,6,석고방향제 몰드 키트 받고 배운후 부업 성공!
0,happy day:),,,기타,지금은 코바늘뿐만 아니라 대바늘도 익혀서 부업으로 수익까지 내고 있답니다. 사실 처음엔 단순히... 무엇보다 좋았던 건 실제 강사님들이 모두 수공예 관련 부업을 하고 있어서 실제 판매가 잘 되는 아이템...,7,"""업체로부터 소정의 수수료를 지급받고 작성한 글입니다""
​
​
​
요즘 들어 집에서 할 수 있는 취미를 찾다가
우연히 코바늘 클래스를 보게 됐어요.
​
어릴 때는 근처에 뜨개 공방이
참 많았던 것 같은데 요즘엔 그런 곳 찾기가
쉽지 않더라고요.
​
그래서 처음엔 직접 찾아가서 배우려 했지만
거리도 멀고, 수강료도 부담돼서
결국 온라인 강의로 배우기로 했어요.
​
지금은 코바늘뿐만 아니라
대바늘도 익혀서 부업으로
수익까지 내고 있답니다.
​
사실 처음엔 단순히 취미로만 생각했어요.
그런데 친구가 뜨개질 배워서
손으로 만든 제품을 판매한다는 얘길 듣고
괜히 저도 도전해보고 싶더라고요.
​
그렇다고 제가 원래 손재주가 있는 것도 아니고
바느질조차 거의 안 해본 사람이었어요.
​
그래서 ‘할 수 있을까?’ 고민이 많았는데
처음부터 천천히 알려주는 코바늘클래스 강의는
생각보다 금방 익숙해지더라구요
​
​
​
​
​
​
​
​
​
​
​
유튜브로 독학해보려다가
기초만 배우고 나면 막히는 부분이 많더라구요.
​
그래서 좀 더 체계적으로 배워보고자
전문 교육기관의 코바늘클래스를 선택했어요.
​
이곳은 초보자도 쉽게 따라 할 수 있게
손 모양부터 실 감는 법, 코 잡는 법까지
세세하게 알려줘서 진입장벽이 낮았어요.
​
무엇보다 좋았던 건 실제 강사님들이
모두 수공예 관련 부업을 하고 있어서
실제 판매가 잘 되는 아이템 중심으로
코바늘클래스 강의를 해주셨다는 거예요.
​
​
​
​
​
​
​
​
​
​
​
단순히 코바늘 뜨는 방법만 배우는 게 아니라
요즘 유행하는 디자인과 컬러 조합까지 알려주셔서
완성품이 훨씬 예뻐 보였어요.
​
수업에서는 수세미, 가방, 머리띠, 아기 덧신,
인형 등 다양한 작품을 만들어보는데,
손에 익기만 하면 누구나 할 수 있을 정도로
단계별로 난이도를 올려주셔서
배우는 재미가 쏠쏠했어요.
​
특히 SNS에서 많이 본 디자인들을
직접 만들 수 있어서 더 몰입이 잘 되더라고요.
​
처음엔 ‘온라인으로 배우면 감이 안 올까봐’
걱정했는데 강의가 정말 세밀하게
구성돼 있어서  움직임을 확대해서 보여주니
오히려 더 잘 보였어요.
​
​
​
​
​
​
​
​
​
​
게다가 기간 제한이 없고 평생 수강이 가능해서
필요할 때마다 복습할 수 있다는 것도
큰 장점이었어요.
​
새로운 패턴이나 최신 디자인도
지속적으로 업데이트돼서
한 번 등록하면 계속 배울 수 있더라고요.
​
저는 코바늘, 대바늘 강좌만 등록했는데
기관에서 감사하게도 다른 공예 클래스도
무료로 열어주셨어요.
​
라탄공예, 비즈공예, 프랑스자수, 가죽공예,
레진아트 등 다양한 수공예를 추가비 없이
배울 수 있어서 덕분에 취미생활의
폭이 정말 넓어졌어요.
​
공방 수업보다 훨씬 실속 있었던 이유는
혜택이 많고, 접근성도 좋았기 때문이에요.
​
​
​
​
​
​
​
​
​
​
퇴근 후나 주말에 시간 날 때마다 강의 틀어놓고
연습할 수 있어서
자연스럽게 실력이 늘었어요.
​
처음엔 수세미 하나 뜨는 데 1시간 넘게 걸렸는데
지금은 20~30분이면 완성하죠ㅎㅎ
​
꾸준히 연습하다 보니
어느새 작품이 쌓이기 시작했어요.
​
그때 ‘이걸 그냥 두기엔 아깝다’ 싶어서
판매를 해보기로 했어요.
​
자격증 취득 과정도 같이 제공돼서
공식 인증도 받았고요.
​
교육기관에서 판매 루트를 연결해줘서
별도의 쇼핑몰도 지원받았어요.
​
​
​
​
​
​
​
​
​
​
판매 등록 방법도 간단했어요.
샘플 사진이랑 가격, 설명글만 올리면 끝!
업로드하면 자동으로 네이버, 쿠팡 등
국내 주요 마켓에 연동돼서
노출도 잘 되더라고요.
​
덕분에 첫 상품은
등록한 지 이틀 만에 판매가 됐어요.
그때의 기분은 정말 잊을 수 없어요 :)
​
지금은 수세미뿐 아니라
머플러, 인형 세트 등 여러 제품을
세트 구성으로 만들어 판매 중이에요.
​
포장도 직접 디자인해서 하다 보니
선물용 주문이 특히 많아요.
​
​
​
​
​
​
​
​
​
​
​
본업을 하면서 병행하고 있지만
시간 조절이 가능해서 부담이 적고
매달 꾸준히 부수입이 생기고 있어요.
​
만약 공방에서만 배웠다면
이렇게 빨리 판매까지 이어지진 못했을 것 같아요.
​
코바늘클래스 온라인 강의의 장점은
언제 어디서든 반복학습이 가능하다는 점이죠.
​
혼자 배우는 게 아니라
기관에서 판매와 인증까지 도와주니까
정말 ‘혼자서도 창업이 가능한 시스템’이었어요.
​
요즘은 공예 클래스 열풍이 불고 있는데
그중에서도 코바늘은
초보자도 시작하기 좋은 분야예요.
​
​
​
​
​
​
​
​
​
​
저처럼 처음엔 부업으로 시작했다가
지금은 제2의 직업처럼 되고 있어요.
​
나중에는 작은 공방을 열거나
원데이 클래스를 운영해보고 싶어요.
​
뜨개질로 수익을 내고 싶은 분들,
혹은 손으로 무언가를 만드는 걸 좋아하신다면
이 코바늘 클래스 정말 추천드려요.
​
무료 체험 강의도 열려 있어서
부담 없이 시작할 수 있답니다.
​
​
​
👉 온라인 코바늘 클래스
무료 수강 신청하러 가기 >>>",2410,False,부업 성공 후기,https://blog.naver.com/yeju1101/224039848271,0,,20251014,,4,blog,3,코바늘클래스 인강으로 배우고 부업 성공 후기
0,호기롭게시작한블로그,,,기타,"앱테크부업 , 성공 후기 완벽 정리 앱테크부업 , 성공 후기 완벽 정리 ,, 앱테크에 관해 구상했더랬죠. 근래에는 앱테크에 관하여서 심하게들 이야기하는데, 이러한 부업이 사기가 아닌가 하는 의문을 가지는...",5,"앱테크부업 , 성공 후기 완벽 정리
앱테크부업 , 성공 후기 완벽 정리
​
,,
​
​
앱테크에 관해 구상했더랬죠. 근래에는 앱테크에 관하여서 심하게들 이야기하는데, 이러한 부업이 사기가 아닌가 하는 의문을 가지는 경우가 많답니다. 가격 경쟁력이 워낙 뛰어난 이번에의 앱들이 많아, 돈을 버는 아주 각양각색의 어플들이 생겨나고 있고용. 이런 기회를 놓치지 않기 타겟로서 1년에 딱 한 번만 정리하는 모음집으로 대비했더랬죠.
​
스마트폰만 있으면 누구나 할 수 있는 앱테크 부업에 관해 알려드릴게요. 대개 주식이나 금융 소득에 대한 이야기를 그럼에도 불구하고, 여기서 제휴 교육컨텐츠이란 무엇인지 결론부터 말씀드리겠더랬죠. 실제로 돈이 들어왔다는 사실. 자동화나 앱테크를 거쳐 출퇴근 자투리 시간에 잠깐잠깐 함서 수익을 얻을 수 있는 웹기반 플랫폼이 있겠더라구요. 사용자가 직접 금융 상품을 설계하고 추천할 수 있는 '플래너'라는 어플리케이션이 있다네요.
​
쉽게 클릭하면 5천원부터 인출이 가능하죠. 지하철에서, 화장실에서, 심지어 잠들기 전 침대에서도 쉽게 할 수 있겠더라구요. 짧은 시간 안에 더 다방면의 포인트를 획득할 수 있는 이 기회는 특별한 기술이나 자격증 없이도 스마트폰만 다룰 줄 알면 가능하답니다. 상식을 뛰어넘는 단계으로 보너스 적립 포인트가 생기게 되죠.
​
이런 시스템이 가능한 이유는 가격 경쟁력이 좋기 때문이랍니다. 플래너 앱을 설치하고 매일 열심히 행동하면 이라고 하답니다. 계좌로 이체되는 돈들을 보면 놀라울 정도로 추가 혜택을 얻을 수 있어용. children콘을 클릭해 미션 수행, 게임 레벨 올리기, 영상에 좋아요를 누르며 포인트를 쌓아가세요. 친구를 초대하고 참여하면 추가 보너스도 받을 수 있다는것.
​
대세가 된 이유는 추가로 수 프로모션과 할인 때문이랍니다. 링크를 통하여 가입하게 하면 웰컴 기프트도 받을 수 있고, UI도 편리하게 구성되어 있어 앱테크 초보자도 쉽게 접근할 수 있습죠. 연금을 수령할 때 원금 대비 최소 3배에서 최대한한 10배까지 이익을 기대할 수 있고용.
​
특히 다채로운 계정을 가진 분들에게는 현금 출금이 가장 뛰어난 선택이 될 수 있구요. 앱테크는 이제 단순한 부업을 넘어 부수입을 얻을 수 있는 기회를 제공하죠. 앱은 안전한 사이트에서 링크를 받아 이용하고, 월급 이상의 수익을 거둘 수 있답니다. 이런 경험을 통하여 여러분도 꼭 참여해 보시기 바라구요.",1190,False,부업 성공 후기,https://blog.naver.com/dvid7597/223649614795,0,,20241106,,2,blog,3,"앱테크부업 , 성공 후기 완벽 정리"
0,화이트러시안,,,블로그,"앱테크부업 , 성공 후기 보고가세요 앱테크부업 , 성공 후기 보고가세요 ,, 앱테크에 대해서서 방안했는데, 이근래에 수다양한 대다수이 추천드리는 리뷰글이라고 하답니다. 의심스러운 문구를 피하고, 블로그에...",5,"앱테크부업 , 성공 후기 보고가세요
앱테크부업 , 성공 후기 보고가세요
​
,,
​
​
앱테크에 대해서서 방안했는데, 이근래에 수다양한 대다수이 추천드리는 리뷰글이라고 하답니다. 의심스러운 문구를 피하고, 블로그에 게시할 수 있는 돈 버는 아주 다방면의 어플들이 있는 것 같았구요.
​
일찍이 재테크에 관심이 굉장히 각양각색의데, 수익도 하락하는 대신 글쓰기 등 다방면의 수익 파이프라인에서 수익이 발생하여 보려고 감정먹었고용. 무엇을 해야 할지 고민하면 아무것도 하지 못할 것 같고, 정답이나 업체명이 그대로 나오면 이야기가 성립하지 않겠죠. 결론부터 말씀드리면, 적립 혜택을 제공하는 앱들이 놀라울 정도이라고 하네요.
​
보통 5원 단위로 적립이 가능하며, 현재 참여하고 있는 앱 현 시점에서 머니적립 메뉴가 있더랬죠. 제휴 마케팅을 쉬운 설명드리면, 앱테크는 말 그대로 앱을 매개로 재테크하는 것이라고 하구요. 쉽게 나에게 일정 수익을 배분해주는 구조이라고 하더라구요. 원래 처음 start이 본인 인증을 목적으로 한 서비스로 start했지만, 다방면의 방식으로 적립할 수 있다능.
​
퇴근길에 미션을 수행하는도중에 돌아가는 루틴이 이랍니다. 누구나 쉽게 참여할 수 있는 제휴 학습절차이 있고, 기프티콘 및 상품권 구매도 가능하죠. 커피 한 잔 값이라도 끝없이 쌓인 포인트를 매개로 리스트에 적립 메뉴가 보이면 선택할 수밖에 없는 이유가 즉각 이 수익이라고 하죠.
​
오늘의 미션이 있다면 포인트를 받는 것이라고 하더라구요. 어플을 자주 실행하고 광고를 시청하면 이와같이 번 돈이 적립이랍니다. 지난 한 달 간 추가된 앱테크가 제법 많구요. 다른 곳같이 사업 수당을 빼지 않고, 초대받은 친구가 머니적립 미션에 참여하는 경우 보너스 적립금을 받을 수 있는 서비스도 있습죠. 참여 절차은 간단하고, 원래 3만원의 적립을 할 수 있습죠.
​
추가된 캐시 위키는 며칠 전 출시된 앱이라고 해요. 여전히 훌륭한 성과를 내고 있겠더라구요. 출석을 하루라도 하면 기프티콘으로 지급받을 수 있답니다. 수익에 편차가 있다는 점은 유의하셔야 하답니다. 나쁜 정보만 퍼뜨리지 않도록 유의해주세요.
​
저도 덕분에 돈을 벌게 되었고, 제휴 상세 교육과목에서는 다방면의 레이스가 수행되고 있구요. 이 점만은 꼭 기억하세요. 자투리 시간에 틈틈이 공유하여 수익을 인증하고 사용해야 하답니다. 개인정보는 조심하고, 각양각색의 정보 연결을 요구하는 앱은 피하는 게 좋구요.
​
앱은 안전한 사이트에서 링크를 받아야 하며, 높은 기대 수익을 가진 만큼 주의가 필요하죠. 아직 참여하지 않은 분들 꼭 한 번 시도해 보시기 권하구요. 행복한 시간 되세요!",1303,False,부업 성공 후기,https://blog.naver.com/titi3404/223628323930,2,,20241022,,4,blog,3,"앱테크부업 , 성공 후기 보고가세요"
0,나디아의 폴리브리핑,,,블로그,"오늘은 제가 경험한 부업 성공 후기를 바탕으로, 누구나 시작할 수 있는 네이버 프리미엄 콘텐츠에 대해 이야기해 보려고 해요. 부업, 왜 네이버 프리미엄 콘텐츠였을까? 처음엔 블로그 글쓰기로 수익을 낼 수...",14,"요즘 직장인들 사이에서 부업은 선택이 아닌 필수가 되어버렸죠. 저 역시 처음엔 단순히 용돈벌이 개념으로 시작했던 네이버 프리미엄 콘텐츠가 어느덧 월 100만 원의 수익을 만들어주는 소중한 자산이 되어줬습니다.
​
오늘은 제가 경험한 부업 성공 후기를 바탕으로, 누구나 시작할 수 있는 네이버 프리미엄 콘텐츠에 대해 이야기해 보려고 해요.
부업, 왜 네이버 프리미엄 콘텐츠였을까?
처음엔 블로그 글쓰기로 수익을 낼 수 있을까 싶었어요. 그런데
네이버 프리미엄 콘텐츠는 플랫폼 자체가 유료 구독 기반이라 단순한 광고 수익이 아니라 내 글을 좋아하는 사람들이 직접 돈을 내고 읽는다는 점에서 가능성
을 느꼈습니다.
​
가장 좋은 점은 복잡한 기술 없이도 시작할 수 있다는 거예요. 제가 HTML? 그런 거 하나도 몰랐거든요. 그런데 그냥 네이버 로그인만 하면 바로 시작할 수 있고, 승인만 받으면 글을 쓰고 판매할 수 있는 구조더라구요.
하루 30분 투자로 만든 월 100만 원
진짜 처음엔 글 하나 쓰는 데 2~3시간씩 걸렸어요. 그런데 몇 편 쓰고 나니 감이 오더라고요. 특히 제가 좋아하는 소액 재테크 이야기를 꾸준히 쓰다 보니 구독자가 붙기 시작했죠.
​
현재는 하루 30분 정도 투자해서 글을 쓰거나 아이디어 정리만 해도 충분해요.
네이버 프리미엄 콘텐츠 수익 구조
여기서 포인트는 단건 판매와 구독 수익이 병행된다는 거예요. 글 한 편당 1,500원에서 3,000원까지 설정할 수 있고, 정기구독자는 매달 2,000원~10,000원까지 구독료를 내는 구조예요.
​
제가 놀란 건 구독자 100명만 확보해도 월 20만 원 정도는 안정적으로 들어오더라고요. 그리고 1,000명을 넘기면요? 상상 이상입니다. 실제로 연 수익 1억 원 넘는 창작자도 수십 명 있다고 해요. 네이버 검색을 타고 들어오는 유입이 많다 보니, 노출만 잘 되면 기회는 무궁무진합니다.
네이버 프리미엄 콘텐츠 시작하는 방법
방법은 정말 간단해요!
​
1. 네이버 검색창에 프리미엄 콘텐츠 검색
2. 프리미엄 스튜디오 접속
3. 판매자 신청 후 네이버의 승인 기다리기
4. 승인 후 스튜디오 바로가기 클릭 → 글쓰기 시작!
​
인터페이스도 깔끔하고, 작성을 돕는 툴도 많아서 진입장벽이 낮아요. 저는 초기에 네이버에서 제공하는 콘텐츠 제작 가이드를 참고했는데 많은 도움이 됐습니다.
인기 주제는 ‘돈 이야기’?
네이버에서 가장 잘 팔리는 주제 중 하나가 바로 돈, 재테크 관련
이에요. 저는 소액 투자, 체크카드 추천, 월급 관리 같은 내용을 다뤘어요. 요즘 트렌드에 맞춰 부업 이야기, 짠테크 이런 키워드도 반응이 좋아요.
​
전문가가 아니어도 괜찮아요! 중요한 건 내가 해본 것을 솔직하게 쓰는 겁니다. 거기에 최근엔 AI 글쓰기 툴도 활용해 보면서 효율성을 높이고 있어요. 글쓰기가 어렵다면 이런 도구의 힘을 빌려도 전혀 문제없습니다.
나도 할 수 있다, 지금 시작해 보자!
네이버 프리미엄 콘텐츠는 단순한 수익 이상의 의미가 있어요. 제 지식과 경험이 누군가에게는 유익한 정보가 되고, 그걸로 수익까지 생긴다는 게 너무 뿌듯하거든요.
​
처음부터 잘 할 필요 없어요. 저도 시행착오 겪으며 여기까지 왔으니까요.
중요한 건 시작입니다. 네이버라는 큰 플랫폼 위에서 나만의 콘텐츠 자산을 만들어가는 이 경험
, 여러분도 꼭 해보셨으면 해요!
고용촉진장려금 신청방법 A to Z: 6개월 고용으로 최대 720만 원 받기
채용을 고민 중인 사업주분들, 혹시 정부에서 인건비를 지원해 준다는 사실 알고 계셨나요? 저는 우연히 지...
blog.naver.com
스레드 앱 완전 정복! 5분이면 충분해요 🎯
요즘 SNS 하다 보면 ‘스레드(Threads)’ 앱 얘기 정말 많이 들리죠? 저도 처음엔 ‘이게 뭐지?’ 싶었는데, 막상 써보니까 정말 간단하더라고요! 특히 인스타그램이랑 연동되니까 더 쉽고 빠르게 시작할 수 있었어요.오늘은 5분만 투자하면 스레드 앱을 제대로 시작할 수 있는 꿀팁을 알려드릴게요! 👀목차스레드 앱은 어떤 앱일까설치부터 로그인까지 한 번에프로필과 팔로우 설정 깔끔하게게시물 작성 및 링크 첨부 팁게시물 수정은 15분 안에 OK!피드와 활동탭 100% 활용하기스레드를 활용한 마케팅 전략스레드 앱은 어떤 앱일까스레드는 ...
piane.tistory.com
청년내일저축계좌, 3년 1440만 원 목돈 만들기 꿀팁
청년내일저축계좌는 한마디로 정부에서 지원해 주는 목돈 만들기 프로젝트입니다. 월 10만 원씩 3년간 꾸준...
blog.naver.com",2206,False,부업 성공 후기,https://blog.naver.com/anne011/223838700914,0,,20250418,,8,blog,6,"프리미엄 콘텐츠로 월 100만 원 벌기, 직장인 부업 성공 후기"
0,똑똑한 자격증 정보 :-),,,기타,가벼운 부업을 찾고 있었는데 막상 찾아보면 시간이 많이 필요하거나 밖에 나가야 하는 일들이 많아서... 집에서 할 수 있는 부업을 여러 가지 시도해봤지만 이렇게 재미있게 하면서 수익까지 연결되는 일은...,7,"""업체로부터 소정의 수수료를 지급받고 작성한 글입니다""
​
​
안녕하세요 :)
저는 집에서 머리핀 부자재 활용해서
직접 만든 악세사리를 판매하고 있어요
​
리본공예를 배우기 시작한 건
벌써 3개월 정도 되었고
본격적으로 판매를 시작한 건
두 달 정도 되었답니다.
​
그런데 생각보다 반응이 좋아서
요즘은 하루하루 꽤 바쁘게
지내고 있어요ㅎㅎ
​
아이를 키우다 보니
예쁜 헤어핀이나 머리띠 같은 걸
자주 사게 되더라고요.
​
그러다가 우연한 기회로
머리핀 재료를 접하게 되었고
직접 만들어보게 되었어요.
​
처음에는 과연 내가 잘할 수 있을까
조금 걱정도 있었는데요
​
막상 시작해보니 너무 재미있어서
지금은 제작부터 판매까지
꾸준히 이어가고 있답니다 :)
​
​
​
​
​
​
​
​
​
육아를 하면서 병행할 수 있는
가벼운 부업을 찾고 있었는데
​
막상 찾아보면
시간이 많이 필요하거나
밖에 나가야 하는 일들이 많아서
쉽게 시작하기가 어렵더라고요.
​
그래도 포기하지 않고
재택으로 할 수 있는 일을
계속 알아보던 중에
​
지인 SNS를 통해
리본공예를 알게 되었어요!
​
그분은 리본공예랑 비즈공예를
같이 진행하면서
수익도 내고 계셨는데요
​
취미처럼 즐기면서 하는 모습이
너무 좋아 보이더라고요.
​
알고 보니 수공예 교육 과정과
판매 시스템까지 함께 지원받아서
시작하셨다고 하셨어요.
​
투잡으로도 가능하고
아이 돌보면서도 할 수 있다는 점이
저에게는 가장 큰 장점이었어요.
​
​
​
​
​
​
​
​
​
​
핸드메이드 제품이다 보니
마진도 괜찮을 것 같아서
저도 바로 도전해보기로 했답니다!
​
제가 시작한 곳을 알아보니까
리본공예뿐만 아니라
​
레진, 라탄, 마크라메, 비즈 등
다양한 수공예 과정이
함께 준비되어 있더라고요.
​
특히 좋았던 점은
한 가지 과정만 신청해도
다른 공예 강의까지
추가 비용 없이 계속
볼 수 있다는 점이었어요!
​
총 40가지 넘는 공예를
다 배울 수 있다고 하니까
​
처음에는 어떤 걸 먼저 해야 할지
고민될 정도였는데요ㅎㅎ
​
​
​
​
​
​
​
​
​
​
​
저는 가장 관심 있었던
리본공예부터 시작했어요.
​
수강 신청을 하고 나니까
리본끈, 집게핀, 머리핀 부자재 등
필요한 재료를
따로 준비하지 않아도 되게
기본 키트를 보내주시더라고요.
​
재료 준비 걱정이 있었는데
이 부분이 정말 편했어요.
​
택배 받자마자 바로
강의를 보면서 머리핀 부자재 활용해서
다양한 디자인을 제작해보았는데
취미처럼 만들 수 있다는 게
생각보다 큰 장점이었어요.
​
무료로 받은 재료로도
퀄리티 있는 작품을 만들 수 있어서
만드는 재미가 점점 커지더라고요ㅎㅎ
​
​
​
​
​
​
​
​
​
강의도 단순히 만드는 법만
설명하는 게 아니라
​
실제로 판매까지 이어질 수 있도록
노하우까지 알려주셔서
​
처음 시작하는 사람에게도
큰 도움이 되었어요.
​
요즘 인기 있는 디자인부터
​
아이들이 좋아하는 나비핀,
왕관 머리띠 같은 제품은 물론이고
​
성인용 헤어핀, 큐빅 장식 핀 등
다양한 스타일을 배울 수 있었어요.
​
​
​
​
​
​
​
​
​
계절별 아이템이나 명절용 장신구까지
트렌드에 맞춰 제작할 수 있도록
커리큘럼이 구성되어 있어서
​
활용도가 정말 높았답니다.
​
머리핀 하나 만드는 데는
보통 20분 정도면 충분하고
조금 복잡한 디자인도
30분 정도면 완성되더라고요.
​
그래서 아이 낮잠 시간이나
잠깐 짬 날 때마다
틈틈이 만들기 딱 좋았어요.
​
강의는 여러 단계로 나뉘어 있어서
각 디자인을 반복해서 만들어보면서
자연스럽게 실력이 늘었고요
​
​
​
​
​
​
​
​
​
이후에는 재료를 따로 구매해서
제가 직접 디자인을 만들어보기도 했어요.
​
어느 정도 익숙해지고 나서는
​
제공된 플랫폼을 이용해서
판매도 바로 시작했어요.
​
상품 사진 찍고
이름, 가격, 옵션만 입력하면
등록이 정말 간단하게 끝나더라고요.
​
결제나 정산 같은 복잡한 부분은
플랫폼에서 알아서 처리해줘서
저는 제작에만 집중할 수 있었어요.
​
등록한 제품은 여러 쇼핑몰에
동시에 노출되는 구조라서
따로 홍보를 하지 않아도
주문이 들어오기 시작했어요ㅎㅎ
​
주문이 들어오면
알림으로 바로 확인하고
그때 제작해서 발송하면 끝이라
재고 부담도 없어서 좋았어요.
​
가장 만족스러웠던 부분은
입점 비용이나 수수료가 없어서
판매 금액이 그대로
수익으로 남는다는 점이었어요.
​
예를 들어
만원짜리 머리핀 하나를 판매하면
재료비를 제외하고도
꽤 괜찮은 마진이 남더라고요.
​
​
​
​
​
​
​
​
​
​
​
직접 해보니까 머리핀은
유행을 크게 타지 않아서
꾸준히 판매가 되는 제품이라는 것도
느낄 수 있었어요.
​
집에서 할 수 있는 부업을
여러 가지 시도해봤지만
이렇게 재미있게 하면서
수익까지 연결되는 일은
처음이었던 것 같아요.
​
바쁠 때는 조금 힘들기도 하지만
그만큼 결과가 따라오니까
더 열심히 하게 되더라고요 :)
​
리본공예나 수공예 부업에
관심 있으신 분들이라면
​
저처럼 머리핀 부자재 및 재료
지원받으면서 가볍게 시작해보셔도
괜찮을 것 같아요!
​
아래에 무료로 확인할 수 있는
강의 안내 남겨둘게요
​
천천히 살펴보시고
도전해보셔도 좋을 것 같아요 :)
​
​
​
리본공예 수공예 부업
자세히 알아보기 >>",2546,False,부업 성공 후기,https://blog.naver.com/rbehfdlek2011/224234168907,0,,20260401,,4,blog,3,머리핀 부자재 활용해서 부업 성공한 후기
0,언제나 한결같이,,,기타,집에서 할 수 있는 일들은 부업 위주더라고요. 그래서 부업성공후기들을 쭉 살펴보게되었고... 환급이벤트 성공이 눈앞에 왔어요! 저처럼 집에서 할 수 있는 일을 찾고 계신 분들이라면 마이셀즈로...,5,"본 포스팅은 소정의 대가를 위하여 작성되었습니다.
이번 포스팅에서 저의 부업성공후기에 대해 말을 해볼려고 해요.
저는 아이를 출산한 육아맘이자 개인사업을 하고 있는 워킹맘이에요.
아이를 출산하고 한동안 집에서 육아만 했는데요.
그러다보니 제가 점점 초라해지는거 같고 의욕도 없어지고 하루종일 처져있더라고요.
​
그 모습을 보고 주변에서 집에서 할 수 있는 일들을 해보라고 해서 알아보게 되었는데요.
집에서 할 수 있는 일들은 부업 위주더라고요.
그래서 부업성공후기들을 쭉 살펴보게되었고 마이셀즈를 알게 되었어요.
물론 마이셀즈 부업성공후기들도 많이 살펴봤죠.
​
부업성공후기들 중에서도 눈에 띄는 점이 있더라고요.
바로 환급이벤트!
마이셀즈에서는 블로그 포스팅이나 쇼핑몰운영, 모집을 통해 수익을 낼 수 있는데
많은 분들이 포스팅을 주로 하시며 수익을 내고 계셨어요.
그런데 이 포스팅을 하고 일정 금액을 달성하면 초기비용을 환급해준다는 게 아니겠어요?
​
거기다 포스팅 단가도 고액이라 '나만 꾸준히 하면 초기비용은 환급받을 수 있겠는데?' 라는 생각이 들었어요.
그래서 더 다양한 마이셀즈 부업성공후기들을 보게 되었고
마이셀즈를 시작하게되었어요.
​
육아를 하며 부업이 가능하냐고 생각하시는 분들이 계실 수도 있는데요.
저는 집에서 아이 케어할 때 거기에만 집중하고 아이가 낮잠잘 때 그 시간에 틈틈이 포스팅을 했어요.
그리고 아기 어릴 때는 잠자는 시간이 대부분이기 때문에 시간이 많이 나더라고요.
​
거기다 저는 아이케어하면서 집에서 일도 해야하는 상황이였어서
진짜 틈틈이 5분,10분 동안 포스팅을 하고 수익을 냈어요.
그렇게 열심히 포스팅을 하고 돈을 차곡차곡 모아가고 있는데요.
마이셀즈를 처음 시작할 때 '블로그는 한번에 안해봤는데 내가 할 수 있을까?'라는 생각도 들었거든요?
그런데 할 수 있더라고요.
​
마이셀즈에서 블로그 포스팅 가이드를 제공해주기 때문에 포스팅하는데 걸리는 시간도 별로 안들고
진짜 꾸준히 하다보니 많은 수익금이 모여서 환급이벤트 성공이 눈앞에 왔어요!
저처럼 집에서 할 수 있는 일을 찾고 계신 분들이라면 마이셀즈로 시작해보세요.
저처럼 부업성공후기를 남기는 날이 올거에요!!
http://modoobiz.co.kr/
마이셀즈
당일 6500만원 입금! 부업과 쇼핑몰 사업을 동시에 원스톱 서비스 마이셀즈
modoobiz.co.kr
​",1161,False,부업 성공 후기,https://blog.naver.com/jyj932000/224081197698,0,,20251119,,2,blog,3,마이셀즈로 부업성공후기 알려드릴게요!
0,mihwa3292님의블로그,,,블로그,통해서 성공적인 수익을 거둘 수 있을 것인지가 궁금하실 거에요 ㅎㅎ 마이셀즈라는 부업은 부업성공후기가 정말 많습니다!^^ 일단 하루에 블로그포스팅 일감으로 집에서 잠옷차림으로 하루에 만원...,7,"본 포스팅은 소정의 대가를 위하여 작성되었습니다.
​
안녕하세요 ㅎㅎ
부업성공후기 찾아보시는 분들은 마이셀즈 바로 시작해보세요!!
마이셀즈는 지금 봄을 맞아서 큰 이벤트를 진행하고 있는데요~~
일단 마이셀즈는 온라인으로 할 수 있는 재택부업이라 할 수 있습니다
온라인으로 혼자서 일하면서 돈을 꾸준하게 벌 수 있는
시스템을 갖추고 있으니까 확실히 편하게
일을 하실 수가 있겠죠~~! 수익창출이 쉽게 가능한
부업파트너라고 생각하게 되면 이해하기가 쉬운데요!!
일단 시간도 자유롭게 그리고 장소도 자유롭게 선정하여
일을 시작하실 수가 있습니다 부업성공후기를 찾아보시는 이유는
일단 본인의 상황에서도 그렇게 일을 할 수 있을지도 확인해보고 싶을 것이고
또 진짜로 부업을 통해서 성공적인 수익을 거둘 수 있을 것인지가
궁금하실 거에요 ㅎㅎ 마이셀즈라는 부업은 부업성공후기가 정말 많습니다!^^
일단 하루에 블로그포스팅 일감으로 집에서 잠옷차림으로
하루에 만원, 이만원씩 번다고 가정을 하면 한달에 평균적으로
50만원은 계속 들어온다는 이야기에요 남는 시간동안
일을 하게 되면 꾸준하게 수익이 들어오는 시스템이라는 것입니다 !!
그리고 부업성공후기를 찾아보시는 이유들 중 하나가 바로
부업성공후기를 확인하고 자극을 받아서 또 똑같이
시작하여 그렇게 되고 싶다는 꿈을 가질 수 있기 때문입니다
마이셀즈는 매일 고단가의 포스팅일감들이 계속 올라옵니다
그러면 이는 최대 6000원의 일감들인데 5000원의 일감을 쓴다고 한다면
하루에 10분투자하면 앉은자리에서 5000원을 가져가게 됩니다
마이셀즈는 등급이 나뉘어져있는데 5000원을 작성하면
100퍼센트인 5000원을 가져갈 수 있는 등급이 바로
VIP와 리미티드등급이에요 리미티드등급은 AI작성도 가능한 등급입니다
이 두 등급이 지금 100만원 할인중이니까
부업 찾으시는 분들은 바로 마이셀즈 시작해보세요
맨아래 가입링크 있습니다 가입하시면 바로 교육이 시작됩니다!^^
감사합니다 ㅎㅎ
​
http://modoobiz.co.kr/
마이셀즈
당일 6500만원 입금! 부업과 쇼핑몰 사업을 동시에 원스톱 서비스 마이셀즈
modoobiz.co.kr
http://modoobiz.co.kr/girl3292
마이셀즈
당일 6500만원 입금! 부업과 쇼핑몰 사업을 동시에 원스톱 서비스 마이셀즈
modoobiz.co.kr
​",1149,False,부업 성공 후기,https://blog.naver.com/mihwa3292/224243410931,2,,20260407,,6,blog,3,부업성공후기 찾아보시는 분들은 마이셀즈 바로 시작해보세요!
0,람쥐씨의 알뜰살뜰 일상이야기,,,기타,어느정도 아이 케어를 해야해서 시간적으로 자유롭고 비용이 많이 들어가지 않는 창업부업에 대해... 그래서 창업부업지원센터를 통해 전문가의 도움을 받아 수월하게 시작하기로 했답니다. 여러 센터를...,5,"업체로부터 소정의 수수료를
지급받고 작성한 글입니다.
결혼을 하고 아이가 생겨
자연스럽게 경력 단절이 된지
6~7년이 된 전업주부랍니다.
​
아이가 어린이 집을 가면서부터
집에 혼자 있는 시간이 생겨
경제적인 활동을 다시 하고 싶더라구요.
​
재 취업을 하기에는
경력 단절 기간이 너무 길어서
쉽지 않다는 생각에 고민이 많았어요.
​
내가 어떤 거에 관심이 있고
어떤 일을 해야 전망이 좋은지
하나씩 정보를 모았답니다.
​
어느정도 아이 케어를 해야해서
시간적으로 자유롭고
비용이 많이 들어가지 않는
창업부업에 대해 자세히 알아봤어요.
​
​
​
​
적은 자본으로 창업을 알아보니
프렌차이즈 창업은
절대 불가능 하더라구요.
​
요즘 창업을 하면
유지하기 어렵다는 이야기도 있어서
무작정 창업을 시작하는 건
아니라는 생각이 들었어요.
​
결국 생각한게 무점포 창업으로
집에서 시작하는 방법이
안정적이고 리스크를 줄일 수 있다는
생각을 하게 됐답니다.
​
​
​
​
아이 케어도 손을
놓을 수 없는 상황이라
일단 소소하게 시작하는게
맞느다는 생각을 했죠.
​
직장 생활만 해서
창업에 대한 지식이 없어서
이정도 생각하는데도
정말 오래 걸리고 힘들었어요.
​
그래서 창업부업지원센터를 통해
전문가의 도움을 받아
수월하게 시작하기로 했답니다.
​
여러 센터를 비교해보고
가장 지원과 혜택이 많은
창업부업지원센터를 선택했어요.
​
​
​
​
제가 선택한 창업부업지원센터는
여러 수공예를 직접 배우고
공방창업, 클래스운영,
강사활동, 온라인 판매 등
다양한 활동을 할 수 있도록
도움을 받을 수 있는 기관이에요.
​
기술을 직접 배워서
오랫동안 활동이 가능하고
실무 노하우까지 제공받아
수익활동에 도움을 돼요.
​
다른 창업부업지원센터보다
혜택과 지원이 다양하고
한 번 등록하면 기간제한 없이
평생 제공받을 수 있다는 점이
너무 마음에 들더라구요.
​
​
​
​
하루 이틀 할게 아니라
꾸준히 창업을 유지하기 위해
시장의 흐름을 파악하는게
가장 중요해요.
​
요즘 시대는 유행이
빠르게 지나가는 시대라
자칫 시장의 흐름을 놓친다면
경쟁력에서 떨어지긴 마련이죠.
​
그런 시장의 흐름에 맞춰
제가 선택한 창업부업지원센터에서
새로운 아이템과 노하우를
꾸준히 업로드 해줘서
평생 도움을 받아 볼 수 있을거예요.
​
​
​
​
레진, 가죽, 토퍼, 레터링,
천연, 마크라메, 비즈, 캔들 등
30여 가지 수공예 중에
마음에 드는 걸 골라서
배우기 시작하면 돼요.
​
저는 최근 이벤트에 관심이 많아
토퍼아트와 레터링풍선을
같이 배웠답니다. :)
​
원하는 수공예를
마음껏 배울 수 있기 때문에
수공예 선택에 부담이 전혀 없어요.
​
​
​
​
강의는 강사님의 시범을
1인칭 시점에 근접 촬영한 영상을
다양한 각도에서 보여줘서
초보자도 보고 따라하기 쉬워요.
​
기초부터 하나 하나씩
알려주기 때문에
전혀 어려울게 없답니다.
​
강의를 보고 따라하다보면
작품 하나가 어느새
완성이 되어 있더라구요.
​
​
​
강의 영상으로 보니
내 스케쥴에 맞춰
연습을 할 수 있어서
너무 편리했어요.
​
어느정도 실력이 쌓고는
창업부업지원센터에 지원을 받아
창업준비를 시작하면 돼요.
​
저는 리스크가 적은
무점포 창업을 원했기에
온라인 판매 지원을 받았답니다.
​
센터에서 직접 운영하는
온라인 쇼핑몰을 지원받아
입점료와 판매수수료가 없어
부담이 전혀 없더라구요.
​
​
​
​
쇼핑몰에 판매 할
상품 등록만 하면
국내 유명 쇼핑몰인
네이버쇼핑, 쿠팡, 지마켓 등
20여 곳과 연동되어 있어서
따로 홍보를 하지 않아도 돼요.
​
주문 제작으로 판매를 해서
재고가 쌓이는 걱정도 없고
수공예 작품이다보니
재료비 대비 마진이 꽤 좋은 편이에요.
​
​
​
​
무엇보다 집에서 아이를 케어하며
소소하게 진행하는게 가능해서
저와 같은 주부에게 딱이랍니다.
​
이게 가능할까? 걱정이 많았는데
생각보다 훨씬 판매가 잘 돼서
만족하며 꾸준히 판매하고 있어요.
​
​
​
​
창업이나 부업을 생각하는데
경험이 없어서 걱정이라면
제가 도움을 받은
창업부업지원센터를 추천드리고 싶어요.
​
창업부업지원센터의 혜택과 지원을 받아
창업을 준비하신다면
좋은 결과로 이어질 수 있을거예요. :)
​
창업부업지원센터에 대해
더 궁금하신 사항이 있다면
아래 링크를 남겨드릴테니
센터에 1:1 상담을 받아보세요.
​
​
​
창업부업지원센터 과정
더 자세히 알아보기>>>
​
​
​
​
​
​
​
​",2148,False,부업 성공 후기,https://blog.naver.com/kghic67/223722924962,0,,20250111,,2,blog,3,창업부업지원센터 도움받아 창업 성공 후기
0,자격올림픽,,,기타,"앱테크부업 , 성공 후기 준비했어요 앱테크부업 , 성공 후기 준비했어요 ,, 안녕하십니까. 플 부업 수익 내기에 대한 조치을 세웠드랬죠. 연계하여 사실 직접 이런 류의 홍보에 거부감을 느끼는 편이랍니다. 자는...",7,"앱테크부업 , 성공 후기 준비했어요
앱테크부업 , 성공 후기 준비했어요
​
,,
​
​
안녕하십니까.
​
플 부업 수익 내기에 대한 조치을 세웠드랬죠. 연계하여 사실 직접 이런 류의 홍보에 거부감을 느끼는 편이랍니다. 자는 동안에도 수익을 올릴 수 있다니, 엄청이른 이야기일 수도 있겠지만, 세 수입 내역은 아래와 같더라구요.
​
앱테크가 재테크 프로세스으로 주목받고 있다면 올해도 이웃들께 알려드리려 하겠더라구요. 전월 대비 상승한 그래프를 보면서 이와 비슷하게 정리할 수 있을 듯하네요. 포스팅할 앱은 캐시우, 캐시, 오늘의 부업이랍니다.
​
그 앱들을 거쳐 제공되는 각양각색의 적립 혜택들을 주관할 때가 있죠. 앱테크 수익이 상대적으로 다방면의 편이기 때문에 수행을 해야 하더라구요. 돈을 벌 수 있는 수단을 꽤나 만들고 블로그 상위 노출을 매개로 채널을 구독함으로써 수익화할 수 있구요. 광고 수익 더하여 기대할 수 있고용.
​
예비를 위하여 예시를 드리면, 미션 항목을 두 가지로 나누는 것도 한 절차이랍니다. 근래엔들어 도달율이 높아지면서 더 각양각색의 혜택이 생겼고용. 앱테크의 매력 포인트는 수다방면의 프로세스으로 수익을 창출할 수 있는 것이죠.
​
PASS를 이용하면 보너스를 받을 수 있고, 8월 1일 기준으로 참여 중인 앱테크 중 초심자에게 추천할만한 앱들은 특별한 기술이나 자격증이 필요 없이 스마트폰만 다룰 줄 아는 인간이라면 누구나 참여할 수 있다는 사실. 게다가 친구를 초대할 때마다 리워드를 받을 수 있네요.
​
하단에 있는 금융 혜택 메뉴를 클릭한 후 상단의 머니 적립을 클릭하면, 처음 2명이 출석 체크를 마무리하면 현금으로 출금이 된다구요. 미션을 매개로 보너스를 받거나 정답을 찾아야겠지요?
​
첫 번째 상품은 사용자가 포인트를 쌓을 수 있는 기회를 제공하네요. 친구 추천 링크를 공유하면 보너스가 적립되는 앱도 많다고 하겠더라구요. 이 할인 혜택으로 더욱 다방면의 리워드를 얻을 수 있다고 하더라구요.
​
앱테크가 굉장히 가능성을 보인다면 여러분도 start할 수 있더라구요. 어플을 다운받을 때, 특별한 강점이 없었기에 포스팅 후 한 번도 언급하지 않았지요. 그렇지만 친구가 계속 앱을 사용하면 원하는 수익을 얻을 수 있을 것이랍니다.
​
정리하자면, 만약 핸드폰에 앱을 깔았다면 설치된 상태로 연속 출석을 바라기가 힘들 수도 있다는 사실. 다른 기계나 번호로도 참여할 수 있구요.
​
맨끝으로 앱을 매개로 얻는 수익은 꽤 괜찮다는 사실. 월급만큼의 부수익을 얻을 수 있다는 점에서 효율성이 좋더랬죠. 한 달에 한 번 꼴로 수익이 들어오고 있담미다.
​
이와 비슷하게 정리해서 여러분에게 앱테크의 매력을 선보이고 싶었구요. 보조이 되셨길 바란답니다.",1337,False,부업 성공 후기,https://blog.naver.com/osnw1852/223611734713,0,,20241008,,4,blog,3,"앱테크부업 , 성공 후기 준비했어요"
0,❤드림투유 공로상수상 1등 교육멘토 ❤,,,기타,"집에서하는 손부업 문서작성알바로 월 300만 현실 성공 후기 집에서하는 손부업이라고 하면 보통 박스 접기 , 스티커 붙이기 핸드메이드 꾸미기 같은 단순 작업을 먼저 떠올리실 거예요 하지만 오늘은...",8,"​
집에서하는 손부업 문서작성알바로 월 300만 현실 성공 후기
​
​
​
​
​
​
집에서하는 손부업이라고 하면
보통 박스 접기 , 스티커 붙이기
핸드메이드 꾸미기 같은
단순 작업을 먼저 떠올리실 거예요
​
​
하지만 오늘은 소개해드릴 건
그보다 휠씬 쉽고 , 단가도 높으며
꾸준히 평생 할 수 있는 손부업입니다
​
​
그게 바로 문서작성알바라고 하죠 ^^
​
​
​
​
​
문서작성알바라고 하면 어떤 분들은
""특별한 글재주가 있어야 하나 ?""
""워드 , 엑셀 같은 복잡한 문서 작업을 해야 하나 ?""
이렇게 생각하실 수 있는데
​
​
이 부업은
걱정하지 않으셔도 됩니다
​
​
실제로는 블로그 포스팅 형태로
본사에서 제공하는 원고와 이미지를
그대로 가이드에 맞게 발행하기만 해도
99% 승인이 나거든요 ^^
​
​
즉 ,' 글쓰기 ' 보다는
단순히 발행만 하는 작업이라고 보시면 돼요
​
​
​
​
​
​
특히 문서작성알바로
월 300만 벌기 성공 후기를 중심으로,
실제로 블로그에서 수익을 얻는 과정을 소개
​
​
실제로 블로그에서
수익을 얻는 과정을 소개드릴게요.
​
​
​
​
​
​
​
✅ 블로그로 돈버는 방법, 정말 가능할까?
​
​
많은 분들이
“정말 블로그로 돈을 벌 수 있을까?”라는
의문을 가지는데 결론부터 말씀드리면
블로그로 돈 버는 방법은 생각보다 단순한 작업이라
다이소 박스접기나 식당 아르바이트보다
간단한 구조라 타자만 아신다면
충분히 가능해요
​
​
​
본사에서 제공하는 원고와 이미지
가이드를 그대로 블로그에 발행하면
광고수익이 적립되는 방식이라,
별도의 전문지식 없이도 시작할 수 있는
글쓰기부업입니다.
​
​
​
이 단순한 구조가
곧 안정적인 블로그수익구조로 이어지는 것이죠.
​
​
​
​
​
💰 문서작성 알바 수익 구조와 단가
​
​
단가는 500원부터 시작
→ 800원, 1,200원, 3,000원, 5,000원,
많게는 20,000원까지 다양해요
​
​
광고수익 역시 1만, 3만, 10만을 넘어
100만, 300만 이상까지도 참여할수 있는데요
​
​
​
특히 직장인분들에게 인기 있는 이유는
집에서 하는 손부업임에도 불구하고,
본업 월급 이상의 수익을 달성하는 사례가
많기 때문이에요.
​
​
​
​
​
​
📌 실제 성공 후기
​
​
✔️ 문서작성알바로 월 300만 벌기 성공한
직장인 6명 인증 완료 🎉
​
​
​
​
​
​
​
✔️ 첫 달 200만 + 보너스 200만 → 총 400만 달성
✔️ 하루 10만 승인, 하루 70만 적립 성공 사례 다수
​
​
​
이 모든 것은 회사가 투명한 구조로
운영되기 때문에 가능한 일입니다.
​
​
즉, 일감이 많고 수익이 회원에게
곧바로 적립되는 시스템이 핵심이에요.
​
​
​
​
​
​
🏡 왜 집에서 하는 손부업이 인기일까?
​
​
요즘 30대 육아맘, 40대 주부,
직장인들은 주말 알바 대신 재택근무부업을 선택하고 있어요
​
​
단순히 시간을 파는 아르바이트가 아니라,
글을 쓰는 만큼 수익이 쌓이고,
장기적으로 안정적인 부업으로
월급벌기가 가능하기 때문입니다.
​
​
​
“첫 달 300만?”
회사 월급 이상을 재택알바추천으로 집에서 벌어보니,
누구나 도전할 수밖에 없는 거죠.
​
​
​
​
​
​
🎓 교육과 시스템 제공
​
​
정회원으로 등록하면
1년 365일 꾸준히 일감을 제공받으며,
본사에서 1:1 원격 교육까지 지원해 드리며
​
​
​
단순히 글쓰기뿐 아니라
블로그 상위노출 교육까지 제공되니,
왕초보라도 빠르게 블로그로 돈버는 방법을 배워
첫날 수익을 낼 수 있습니다
​
​
​
​
​
🚀 장기적 성과와 누적 수익
​
​
누적 수익 200만 → 800만 → 1,000만
→ 3,000만 이상 달성자 다수
​
​
​
​
​
하루 220만 부터 ~
690만 ,928만 , 2100만 출금 신청 인증 사례
단기간 4000만 입금 받았어요 ^^
​
​
​
“이렇게 간단할 줄 몰랐어요!”,
“무제한으로 글을 쓸 수 있겠네요!”
등 후기 다수
​
​
​
꾸준히 실천한 분들은
이미 안정적으로 직장인부업 이상의 성과를 얻고
""투자한 만큼 몇 배 이상으로 회수된다""는 것이
저와 많은 회원들의 공통된 후기에요
​
​
​
​
​
​
​
혼자가 아닌 함께하는 부업,
열정과 꾸준함이 있다면 누구나 가능합니다
​
​
저처럼 집에서 하는 손부업으로
문서작성알바로 주급 300만 벌기 성공 후기의
주인공이 될 수 있어요.
​
​
이제는 망설이지 말고 도전해 보세요!
​
​
​
​
* 초기비용 있어요
미리 등급 확인해 주시고 교육문의 부탁 🙏
​
​
​
카카오오픈톡 교육문의 바로가기 클릭
▼▼▼▼▼▼
🏆드림투유 본사 공식 등재 공로상 수상🏆교육 멘토
1:1 맞춤 원격교육 ! 수익이 발생 할수 밖에 없는 시스템 제공!
open.kakao.com
​
#집에서하는손부업
#문서작성알바
#블로그로돈버는방법
#글쓰기부업
#재택근무부업
#재택알바추천
#직장인부업
#부업으로월급벌기
#블로그수익구조
#수익인증
​
​
​",2405,False,부업 성공 후기,https://blog.naver.com/younhamom/223976278463,0,,20250819,,2,blog,6,집에서하는 손부업 문서작성알바로 월 300만 현실 성공 후기
0,보람차게 살기,,,강의,"이 후기를 적은 대가로 소정의 수수료를 받습니다 손으로 쪼물쪼물 만드는 걸 좋아하는 30대... 저도 실제로 부업에 성공해서 수익을 내고 있으니까요ㅎㅎ 레진실리콘몰드 받기, 샘플강의 들어보기...",12,"이 후기를 적은 대가로
소정의 수수료를 받습니다
손으로 쪼물쪼물
만드는 걸 좋아하는
30대 회사원이에요~
주말에 일일 클래스를
참여하면서 다양한
취미생활을 찾고 있었어요
보통 일일클래스는
한 번 다녀오면 끝인데
그에 비해 비용은
5~6만원씩 깨지는게
좀 아깝게 느껴지더라고요
그래서 집에서도
전문적으로 배울 수 있는
온라인 수공예 강의를
알아보게 되었어요
그러다 찾은 곳에서
레진실리콘몰드 재료를
무료로 지원받고
현재는 판매까지 하고 있네요
여러 수공예 과목이
있지만 스킬 활용이나
레진실리콘몰드, 재료에 따라서
아예 새로운
느낌의 작품이 탄생한다는 점에
큰 매력을 느끼고
레진아트를 시작했어요
레진아트로 제작이 가능한
악세서리나 소품이 많아요
악세서리라고 하면
가장 대표적으로는
반지, 목걸이, 귀걸이가
떠오르고 헤어핀, 헤어끈 등
본인의 재량껏
제작할 수 있어요
레진 소품으로는
그립톡, 키캡, 주차번호판,
키링, 책갈피.
레진실리콘몰드 만들기 등등
작품의 범위가
무궁무진해요~
처음 레진아트를
배우려면 초기 재료가
필요하기 마련인데
부담이 되실거에요
저처럼 레진실리콘몰드 부터
시작해서 7만원이 넘는
UV전용 램프, 팬던트,
글리터, 크리스탈레진 등
모든 도구와 재료,
레진실리콘몰드까지
무료로 받아서 집에서
배우면 좋을듯 싶어
제가 배운 곳을 추천드려요
강의는 현직에서
레진아트 전문가로
활동하시는 분께서
노하우와 꿀팁까지
전부 전수해주세요
실제 레진아트로
성공까지 이뤄내신
전문가의 강의를
듣다보니 아무데서나
배울 수 없는 스킬들과
실전에서 바로 쓸 수 있는
팁들까지 배워서
다른 판매자들보다
경쟁력이 높을 수 밖에 없어요
강의는 예쁘게
사진을 찍는 방법과
효과적인 작품 홍보
방법에 대해서도 알려줘요
배운대로 따라했더니
레진아트로 제작한 소품이
너무 잘 팔리네요~
이미 현재 다니는 직장
월급만큼은 수익이 나는데
판매루트도 기관에서
전부 지원해주신 덕분에
다른 분들보다 훨씬
빠르고 편하게
판매할 수 있었어요
기관에서 직접 운영하는
쇼핑몰이 있거든요
그 곳에 작품 사진과
설명, 가격을 올리면
자동으로 대형 쇼핑몰인
네이버, 쿠팡, 11번가에
올라가기 때문에
노출이 자연스레
이뤄지더라구요
이런 시스템 덕분에
다양한 곳에 제 상품이
등록이 되니까
당연히 판매도 잘 되구요
제일 좋았던 부분은
어려운 고객응대 부분까지
기관에서 전부
해결해주신다는 점이였어요!
퇴근을 하고
한시간 정도를 투자해서
레진아트 소품을
3~4개씩 제작하고
작품 사진을 등록해서
판매가 이뤄지면
만들어서 택배로
보내면 할 일은 끝!
현재도 이때 받은
레진실리콘몰드를 사용해
소품을 만들고 있어요ㅎㅎ
제가 수강한 교육은
평생 소장 강의예요
수강기간이나 횟수의
제한이 따로 없다는 이야기죠
게다가 레진아트 외에도
다른 수공예 강의까지
추가 비용없이
전부 배울 수 있어요~
캔들공예, 반려동물 비누
제작, 석고방향제, 굿즈 만들기,
가죽공예, 리본공예 등등
인기도 많고
수요도 많은 작품 위주로
구성된 강의라서
판매에 큰 도움이 돼요
저처럼 손으로
만드는 걸 좋아하시면
수공예 강의를
들어보시고 창업이나
부업에 대해서
진지하게 고민하시는 걸
추천드릴게요!
저도 실제로 부업에
성공해서 수익을 내고
있으니까요ㅎㅎ
레진실리콘몰드 받기,
샘플강의 들어보기>>
​
​
​
#레진실리콘몰드",1599,False,부업 성공 후기,https://blog.naver.com/handa1221/223984332631,0,,20250828,,6,blog,6,레진실리콘몰드 받고 공예 부업 성공했어요
0,한달에 억 버는 연우의 부업스토리♥,,,기타,시간을 어떻게 사용할지 이 차이는 ‘능력’이 아니라 ‘선택’의 문제예요 성공한 사람 곁에 있어야... 없으셨기에 부업을 할 수 있을 지에 대한 고민이 많으셨던 분이었지만 저에 대한 무수한 후기글들을 보고...,10,"​
​
안녕하세요 !
멘토 연우 입니다 :)
​
'자칭'
가녀린 몸뚱이
(?)지만
이번 주도 열심히 부려본
먹부림 모음집,
​
잔뜩 풀어볼게요오~~~!
​
​
​
​
​
급 스테이크가 땡겨
아웃백으로 달려갔던 날!
​
아웃백...은
저에게
눈물 버튼
인데요
(ㅠㅠㅠ)
​
어린 시절부터 20대까지도
가족들과 패밀리 레스토랑 한 번을
못 가볼 정도로 찢어지게 가난했기 때문에,,
돈 많~이 벌면 꼭 가보고 싶었던 곳이었어요
​
​
지금은 어느정도 경제적 여유가 갖쳐줘서
먹고 싶을 때 언제든 다녀올 수 있게 되었지만
​
갈 때마다 여전히 애증의 장소랍니다
ㅋㅋㅋㅋㅋㅋㅋㅋ
​
그래도 아웃백 정도면 그럭저럭 가성비 있게
동네 스테이크 집 정도로
먹고 올 수 있는 곳인 것 같아요
^~^
​
​
​
​
​
이상하게 소고기가 땡기는 시기가 있어요(?)
아웃백 먹은 지 얼마나 됐다고,,,
​
이번엔 '토마호크' 허버허버하러
스테이크 전문점에 다녀왔네요 !
​
저는 이 일을 시작하고 나서부터는
먹고 싶은 게 생겼을 때,
​
평일 낮 시간에 자유롭게
먹으러 다녀오곤 하는데요!
​
많은 분들이 부업을 생각할 때
'돈'
을 먼저 떠올리지만
​
실제로 해보니 가장 값진 것은
바로
'시간의 자유'
이지
않나 싶어요 ㅋㅋ
​
평일 오후,
손님이 많지 않은 시간대에 가면
조용하고 쾌적한 분위기 속에서
여유롭게 식사를 즐길 수 있기도 하고
​
직원들의 서비스 또한 세심해지는게
느껴지기도 하더라구요 :)
​
이런 소소한 차이가 결국
삶의 만족도를 크게 높여주니
경제적 여유도 함께 따라올 수 밖에 없다는 것,
​
저도 이 일을 하고 나서야
깨닫게 됐지 뭐예요,,,?
♥
​
이일 시작하고서는
사람한테 치여본적이 없어요
​
​
​
​
여기두 현재 월세주는 아파트에
새로운 세입자분을 받게 돼서
계약서 쓰러 가기 전 월요일 점심에
들렸어요 ㅋㅋㅋ
​
처음 가보는 곳이었는데
의외로 괜찮아서
다음에는 동생이랑도
같이 가보기로,,
(왜 자기 빼고 갔냐고 노발대발 해서..)
​
​
​
​
​
​
​
여긴 짝꿍이가 야심차게 찾은
서울 근교 대형 카페예요!
​
건물 통째가 모두 카페여서
1~2층 좌석이 차고 넘치는 곳인데
주말에는 주차부터가 전쟁이라네요,,
​
저는 화요일 낮에 온거라 한산하게
즐길 수 있었지만
주말에는 엄두도 못낼듯요ㅠ
​
'시간이 곧 돈'
이 된 제가
이제와서 돌이켜보면,
​
단순히 돈을 더 벌 수 있다는 이유만으로
온라인 부업을 시작한 건 아니었던 것 같아요
​
저는 삶의 균형을 찾고 싶었고
시간이 주는 자유를 누리고 싶었으니까요
​
'돈도 중요하지만, 시간은 더 소중하다'
​
이 일은 단순히 수익을 올리는 방법을 넘어,
시간을 내 마음대로 쓸 수 있는 힘을 준다는 게
너무나도 메리트 있고
제 일상의 만족도를
200%
높여주고 있어요
♥
​
​
​
​
빵 종류가 너무 많아서 고를 때부터
난관에 봉착했었던,,,
​
그치만 식사 후에 방문한거라
크림빵이랑 쿠키로 타협하구
야무지게 먹어줬습니당 ^~^;
(나름 절제...)
​
​
​
​
​
​
여전히 출근길에 치이고
누군가가 시킨 일에 하루를 쓰고 있나요?
​
저는 이 글을 쓰는 목요일인
오늘도 집에서 편하게 일하다가
심심해서 육아하는 친구 불러다가
쇼핑 나들이 다녀왔어요.
​
시간을 어떻게 사용할지
이 차이는
‘능력’
이 아니라
‘선택’
의 문제예요
​
성공한 사람 곁에 있어야 성공한다는 말,
절대 농담이 아닙니다..?
​
망설이는 순간에도
다른 사람들은 이미 이런 삶을 누리고 있고,
​
질투만 하고 가만히 있으면
평생 그 자리에 머물 수밖에 없습니다
​
그냥 해야 합니다
​
지금 환경을 바꾸지 않으면
수입도, 당신의 인생도 절대 바뀌지 않아요
​
​
​
저 또한 지긋지긋한 가난에서 벗어나고자
'그 환경'
을 바꾸기로 결심하고
실행해낸 결과,
​
이제는 언제 어디서든 자유롭게
먹고, 쓰고, 입는 삶을 살고 있답니다
♥
​
​
​
​
​
저는 쇼핑만 하고 나오면
꼭 배가 고프더라고요?
ㅋㅋㅋㅋㅋㅋㅋㅋ
​
강남에 유명한 아시안 퓨전 음식점에서
내 사랑 어향가지와 면 요리들
푸짐하게 즐겨주고......
♥
(여기 예약 필수요!)
​
저녁엔 친구가 이대로 귀가하기 아쉽다며
(자유부인들 마음 너무 잘 알죠,,)
​
곱도리탕에 소주 땡긴다고 하셔서
냉큼 달려가서 적셔줬어요;
​
​
​
​
​
​
​
다음 날엔 숙취도 이겨낼 겸(?)
수요일 낮1시에
첫째 벤둥이 목욕 시켜주러
근처 셀프 세차장에 방문 했어요!
​
평일 대낮에 방문하면
차가 한 대도 없어서
마치 제가 전체 대관을 한 것만 같은
기분을 느낄 수가 있답니다?
ㅋㅋㅋㅋㅋㅋㅋ
​
차를 운전하시는 분들이라면
극공감하실 텐데,,
셀프 세차장은 주말이면
늘 북새통을 이룬다는 거...
​
만차라 들어갈 수 조차 없어서
입구에서 대기하는 게 당연하잖아요;
​
평일 낮 시간에 사람들이 없는
여유로운 세차장에서
기다림 없이 내 차를 관리할 수 있다는 것,
​
사람 없이 널널하니
디테일링까지 꼼꼼히 챙기며
성취감도 느낄 수 있구
​
깨끗해진 차를 바라보며
뿌듯함까지 즐기는
​
그야말로
'세차 = 힐링 타임'
공식이 되었어요 ㅋㅋㅋ
​
이 또한 온라인 부업이 주는
특별함과 장점이 아닐까 싶은데요!
​
분좋카에서 오랜만에 데이트도 뿌시구
즐거운 한 주 였습니다-!
​
​
​
​
​
​
​
​
이번 주는 약속도 많았고
신규 상담 문의가 넘쳐나서
운동에 많은 시간을
할애하지 못했기 때문에
​
살짝의 반성을 하며....(?)
다음 주 부터는 빡세게
운동 해보려고요 !
​
​
​
그나저나 신규 문의가
왜 이렇게 넘쳐나는지 아시는 분?!
​
왜 그러냐면요.....
​
얼마 전, 저희 플랫폼에서
대대적인 변화가 있었거든요
​
새로 도입된 신규 일감 2개를
소개해드릴게요 !
(9월부터 시행 예정)
​
​
​
① 제휴 쇼핑몰
​
​
​
바로 100여개 이상의 쇼핑몰과의
제휴 시스템을 통해
판매 성과가 발생하면 일정 비율의
수익을 얻을 수 있는 일감 입니다!
​
쉽게 말해서..?
​
내가 공유한 링크를 통해
누군가 상품을 구매하면
해당 금액의 일정 부분이
나의 수익으로 돌아오는 방식인거죠
​
​
​
제휴 범위 리스트는
위 이미지에서 확인하실 수",12283,False,부업 성공 후기,https://blog.naver.com/yololife_12/223978609743,0,,20250821,,4,blog,6,온라인 부업 성공 후기: 연우멘토의 1억원 수익 노하우와...
0,잼잼유아체육 이벤트,,,기타,월 200만원 수익 달성을 위한 실전 노하우 AI 부업으로 고수익을 올리는 비법 성공적인 AI 부업 후기를 보면 공통점이 있습니다. 바로 꾸준한 실행과 나만의 차별화입니다. AI가 만든 결과물에 개인의 경험과...,13,"요즘 인공지능 기술의 발전으로
AI 부업
에 대한 관심이 뜨겁습니다.하지만 막상 시작하려니 막막함과 두려움이 앞서기도 합니다.이 글에서 실패 없이
AI 부업
으로 성공할 실질적인 방법을 알려드릴게요.
​
​
AI 부업으로 성공한 사람의 활기찬 모습
지금 AI 부업이 주목받는 이유
AI 기술은 빠르게 발전하며 우리 일상 깊숙이 들어왔습니다.
진입 장벽이 낮아지면서 누구나 쉽게 부업을 시작할 환경이 되었죠.
다양한 AI 기반 수익 활동이 생겨나 새로운 기회가 많아졌습니다.
​
AI 부업의 성장 가능성을 보여주는 아이콘
AI 부업 시작 전, 이것만은 꼭 알아야 할 것
성공적인
AI 부업
을 위해서는 철저한 준비가 필요합니다.
​
AI 부업 준비물을 나타내는 3D 아이콘
무작정 시작하기보다 자신에게 맞는 분야를 찾는 것이 중요해요.
꾸준히 배우고 실행하는 자세가 무엇보다 핵심입니다.
🔥핵심 한 줄: AI 부업은 꾸준한 학습과 실행이 성공을 좌우합니다.
​
AI 부업으로 수익이 성장하는 모습
많은 분들이 빠른 수익을 원하지만, 장기적인 관점으로 접근해야 합니다.
꾸준히 자신의 기술을 연마하고 시장 변화에 민감하게 반응해야 해요.
작은 성공들이 모여 큰 결과로 이어질 거예요.
AI 부업 종류별 수익 극대화 전략
AI 콘텐츠 제작, AI 디자인, AI 번역, AI 가상 비서 등 다양한
AI 부업 종류
가 있습니다.
​
AI 부업의 다양한 종류를 보여주는 이미지
자신에게 맞는 분야를 선택하고 틈새시장을 공략하는 것이 중요해요.
자동화 도구를 적극 활용하면 효율성을 높일 수 있습니다.
✅체크리스트:
​
성공적인 AI 부업을 위한 필수 확인 사항
> 자신에게 맞는
AI 부업
을 찾았는가?
> 꾸준히 배울 준비가 되어있는가?
> 현실적인 수익 목표를 설정했는가?
월 200만원 수익 달성을 위한 실전 노하우
​
AI 부업으로 고수익을 올리는 비법
성공적인
AI 부업 후기
를 보면 공통점이 있습니다.
바로 꾸준한 실행과 나만의 차별화입니다.
AI가 만든 결과물에 개인의 경험과 창의성을 더해야 합니다.
고객 중심 사고로 접근하고, 트렌드를 놓치지 마세요.
새로운 기회를 잡는 당신의 한 걸음
AI 시대는 우리에게 새로운 부업의 기회를 제공합니다.
두려워 말고 지금 바로 시작해보세요.
꾸준함과 학습이 있다면 분명 좋은 결과가 있을 것입니다.
이 글이 여러분의 성공적인
AI 부업
여정에 작은 도움이 되기를 바랍니다.
​
#AI부업
#인공지능부업
#부업추천
#재택부업
#수익창출
#온라인부업
#AI활용
#AI활용
#AI이미지활용
​",1250,False,부업 성공 후기,https://blog.naver.com/sjsskdp79/224201846637,0,,20260302,,4,blog,9,"AI 부업 성공 비법, 월 200만원 달성 후기 핵심 분석!"
0,❤월2800만이상 블로그글쓰기하는 윤하맘 ❤,,,기타,"유입성공 부업후기 30대 주부님이 집에서 아이 돌보며 시작해 하루 7만 , 11만 , 벌어갔다는 부업후기를 공유해 주셨는데 "" 살림하면서도 안정적으로 돈이 벌리니 너무 뿌듯하다 "" 하시더라고요 3, 왜...",8,"재택알바부업 월300만 성공 후기가 많은 곳 추천
​
​
​
​
​
​
안녕하세요
오늘은 많은 분들이 궁금해하는
재택알바부업 이야기를 들려드릴까 해요
​
​
30대후반 육아맘이자
16년차 블로그를 운영
​
하고 있는데요
​
​
그 동안의 경험으로
저도 처음에는
""정말 집에서 글쓰기로 돈이 될까 ?""
하는 의문이 많았는데
​
​
이제는 블로그 글쓰기 알바만으로
실랑월급 이상의 수익을 벌고 있고
​
​
심지어 몇 배까지고 가능한 현실을
직접 경험하고 있답니다
​
​
​
​
​
​
1, 우선 재택알바부업이란 ? 어떻게 돈이 될까 ?
​
​
교육문의를 받아보면
많은 분들이 궁금해하시는
블로그 수익 구조는 사실 복잡하지 않아요
​
​
쉽게 말해 글쓰기 재택알바부업인데요
​
​
​
​
​
​
본사에서 제공하는 원고와 이미지를
그대로 가이드에 맞게 블로그에 발행하는 방식이에요
​
​
그래서 왕초보도 어렵지 않게
바로 시작할 수 있다는 장점이 있고
​
​
광고 수익 구조가 안정적이라
꾸준히 하면 누구나 매일 매달 성과를 낼 수 있어요
​
​
​
​
​
​
​
실제로
✅
40대 직장인분
이 도전해서
첫 달 300만 원 재택알바성공 후기
를 남겨주셨고
​
​
최근에는
✅한 달 동안
무려 6명이나
이런 성공후기의 결과를 내셨답니다
​
​
​
​
​
​
2, 재택알바성공 사례 , 현실 인증 후기
​
​
6월 7월 8월 ➡️3개월 연속
​
​
많은 왕초보분들이
단순히 포스팅만 했는데
첫 달 100만 + 보너스 100만
=
200만 적립완료
​
​
또 다른 분은
200만 벌고 + 200만 보너스
= 400만 까지
가져가신 성공후기가 있는데요
​
​
​
​
​
저 역시
✅
주급 300만 입금받고
또 190만 출금 신청 완료 🤑
​
​
이런 인증 후기를 보면
""이거 진짜 되는 거구나 "" 싶은 거죠
​
​
​
​
​
​
8월엔
➡️20대 후반 직장인 후배가
하루 70만 수익을 적립
하기도 했고
​
​
​
7월에 가입하주신
➡️40대 중반 멘티님도
하루 10만 유입성공
부업후기
​
​
​
​
​
​
​
30대 주부님이
집에서 아이 돌보며 시작해
​
​
💸하루 7만 , 11만 ,
벌어갔다는 부업후기를 공유해 주셨는데
​
​
"" 살림하면서도 안정적으로 돈이 벌리니
너무 뿌듯하다 "" 하시더라고요
​
​
​
​
​
​
3, 왜 재택알바부업이 인기일까 ?
​
​
⭐
30대 육아맘
도
살림하면서 가능하고
​
​
⭐
40대 주부
도
직장 다니면서 부수입 병행 가능하며
​
​
⭐
직장인도 주말알바
느낌으로 투잡알바가 가능해
​
​
공통된 이유는 바로
​
​
🔽
🔽
🔽
​
​
안전하고 확실하게
돈을 벌 수 있다는 점이에요
​
​
​
특히 직장인분들 사이에서
""직장인부업추천 1순위""
로 꼽히는 이유는
​
​
시간 제약 없이 집에서 할 수 있고
재택알바후기를 보면 확실한 성과가
눈에 보이기 때문이에요
​
​
​
​
​
4, 최근 3개월 간 재택부업후기 모아보니 .....
​
​
"" 첫 달부터 300만 벌었어요 ""
"" 하루 10만 원 승인 대기 문자만 봐도 행복해요 ""
​
​
"" 처음엔 어렵지 않을까 걱정했는데
생각보다 간단해서 무제한으로 할 수 있더라고요 !""
​
​
​
이런 재택알바성공 후기가
매일 업데이트되고 있어요
​
​
​
저처럼 4년 넘게
꾸준히 하는 분들이 많은 이유
바로 본업보다 더 큰 수익이 가능
하기 때문이에요
​
​
​
​
​
5, 20대 사년초년생부터
30대 40대 50대 재택알바부업 성공 비결은?
​
​
사실 비결은 단순해요.
​
​
👉 꾸준함 + 올바른 방법
​
​
정회원 계약을 맺고
안정적으로 일감을 받아
하루 조금씩만 투자해도,
시간이 쌓이면 성과는 확실하게 따라옵니다.
​
​
​
​
​
​
​
현재 한자리에서
본사 대표 교육멘토
로 활동하며
1:1 원격 교육과 실전 노하우
까지 전달해드리고 있어요.
​
​
덕분에 재택알바후기 속
성공 사례가 끊임없이
나오고 있답니다.
​
​
​
​
​
​
어제보다 오늘,
오늘보다 내일이 더 기대되는 이유는
바로 여기에 있어요.
​
​
혼자가 아닌 함께 도전하고,
​
​
같이 성장하는 부업
이게 바로 재택알바부업의 매력 아닐까요?
​
​
망설이지 마시고,
저와 함께 시작해 보세요.
​
​
👉 첫 달 300만,
그리고 그 이상의 재택알바성공은 이미 현실이랍니다!
​
​
​
​
* 초기비용 있어요 *
*등급비용 확인해 주신후 교육문의 부탁🙏""
​
​
​
카카오오픈톡 교육문의 바로바기 클릭
🏆드림투유 본사 공식 등재 공로상 수상🏆교육 멘토
1:1 맞춤 원격교육 ! 수익이 발생 할수 밖에 없는 시스템 제공!
open.kakao.com
​
​
무료회원가입으로
본사교육상담&가입문의 바로가기 클릭
​
http://dmtu-wd.kr/younhamom
​
​
#재택알바부업
#재택알바성공
#재택알바후기
#재택부업후기
#30대후반주부
#직장인부업추천
#블로그수익인증
#재택근무부업
#주부투잡
#직장인투잡
#글쓰기부업
#드림투유
#헬로우드림
#인플즈
#리픽
#노바웨이브
#아로니티
#드림투유초보
​
​
​
​
​
​
​
​
​
​
​
​
​
​
​
​
​
​
​
​
​
​
​
​
​
​
​
​
​
​
​
​
​
​
​
​",2509,False,부업 성공 후기,https://blog.naver.com/hanzhengy/223976997467,2,,20250820,,4,blog,6,재택알바부업 월300만 성공 후기가 많은 곳 추천
0,R=VD :),,,기타,레진아트 키링 검색하다가 만드는 방법까지 알아보게 되었고 이걸 계기로 지금은 판매로 부업까지 하고... 배워두면 부업 아이템으로 쏠쏠하게 수익 버는게 가능하답니다:) 그래서 오늘은 제가 레진아트 키링...,7,"​
""업체로부터 소정의 수수료를 지급받고 작성한 글입니다""
​
​
요즘 학생들보면 가방에
레진아트 키링, 인형키링을 주렁주렁
달고다니더라구요 ㅎㅎ
​
귀여운 디자인이 많아서
저도 가방에 포인트 줄 겸
달아보고 싶어서 알아봤는데요.
​
레진아트 키링 검색하다가
만드는 방법까지 알아보게 되었고
이걸 계기로 지금은 판매로
부업까지 하고 있어요 ㅎㅎ
​
키링은 학생들뿐만 아니라
성인들에게도 인기가 많은데요.
가방, 핸드폰, 차키, 지갑 등
어디든 달고 다니면서 개성을 뽐낼 수 있죠:)
​
​
​
​
​
요즘 특히 활용도가 높다보니
수요가 많고 한 번 잘 배워두면
부업 아이템으로 쏠쏠하게
수익 버는게 가능하답니다:)
​
그래서 오늘은 제가 레진아트 키링 배워서
수익낸 꿀팁을 공유해드릴게요
​
​
​
​
​
​
처음엔 공방에서 배워야 하나 싶었는데
온라인 강의를 발견했고
커리큘럼도 탄탄하고 수강생 혜택도 좋아서
이곳에서 배우게 되었어요.
​
수공예를 전문적으로 다루는 곳이라
레진아트외에 40가지 이상의 수공예 과목이
개설되어 있었고요.
​
이미 많은 수강생 분들이 지원 받고
수익활동 하고 계신걸 보고 신뢰 할 수 있었어요.
​
​
​
​
​
​
40가지 이상의 수공예중에서
원하는과목을 선택해서 배우면 되는데요
저는 레진아트 키링 만들고 싶어서
레진아트부터 수강을 시작했어요
​
다른 과목도 언제든지 추가로
수강이 가능해서 좋았어요!
​
비용 추가 되지 않고 무료로 수강 할 수 있으니
다양하게 배워보기 좋은 곳이죠 ㅎㅎ
​
강의는 창업 및 부업 과정이라
실무관련 노하우까지 배울 수 있었고요
​
단순하게 취미로만 배우고 끝이 아니라
수익활동에 대해서 꼼꼼하게
도움을 받을 수 있었어요
​
​
​
​
​
​
강사님이 전문적으로 설명도 잘 해주셨고
커리큘럼도 탄탄해서 강의는
정말 만족스러웠어요.
​
기본기를 제대로 익히면서 차근차근
난이도를 높여가니까 실력이 생각보다
빠르게 늘더라구요:)
​
처음 등록한 과목에 한해서는
초도세트를 무료로 제공해주셔서
레진아트 키링 및 작품 제작 할 때 필요한
재료, 도구를 모두 제공받고 배웠어요
​
초도세트에는 uv램프도 포함되어 있었어요
은근 값이 나가는데 재료비 아끼기에도 좋았어요
​
​
​
​
레진아트 키링은 uv레진, 크리스탈 레진으로
제작이 가능한데요
​
두 가지와 함께 플루이드 레진이라고
물이 흐르는 듯한 느낌을 내는
작품제작 방법도 배울 수 있도록
커리큘럼에 포함되어 있었어요
​
강의는 보시다시피 1인칭 시점으로
제작되어 있어서 배우는데 어렵거나
헷갈리지 않고 재미있게
배울 수 있었어요.
​
​
​
​
​
강의를 진행해주시는 강사님은
실제로 공방을 운영하시면서
클래스와 판매 경험이 많으신 분이라
실제 노하우까지 모두 알려주셨고요
​
인기있고 판매가 잘 되는 작품 위주로
커리큘럼이 구성되어 있어서
배우는 작품마다 바로 판매하기가 좋았어요
​
다 배우고 끝이 아니라 트렌드를 반영한
새로운 강의가 꾸준히 업로드 되서
트렌드를 빠르게 파악하면서
판매를 계속 이어갈 수 있는 점도
만족스러웠어요:)
​
​
​
​
다 배워서 자격 취득한 후에는
교육기관에서 제공해주는 수강생 전용 쇼핑몰을
통해서 제가 만든 키링 및 악세사리,
소품을 판매 할 수 있었는데요.
​
수강생들은 입점료, 수수료 없이
무료로 이용 할 수 있는 사이트라서
부담없이 도전 할 수 있었고요
​
​
​
​
​
결제, 정산, 판매, 고객응대,
수강생 관리까지 다 알아서 처리를 해주니까
저는 주문 들어오면 정성껏 레진아트
작품 제작해서 배송해드리는 일에만
집중하고 있어요.
​
생각보다 레진아트 소품이
인기가 많아서 주문이
꾸준히 늘어나고 있고 수익도
쏠쏠하게 벌고 있어요!
​
​
​
​
​
​
평소에 레진아트 관심있었거나
수공예 배워서 창업, 부업, 취업에
도전해보실 분들은 제가 배운 곳
적극추천해드릴게요!
​
아래 링크 클릭하셔서 자세한 정보
확인해보시고 도움 받아가세요^^
​
​
​
레진아트 전문과정 자세하게 알아보기>>>
​
​
​",1941,False,부업 성공 후기,https://blog.naver.com/watergilr/223760242354,0,,20250217,,4,blog,3,레진아트 키링 배워서 부업 성공 후기
0,나의 작은 이야기 공간,,,기타,"혹시라도 부업을 고민 중이시라면, 에이전트 부업 꼭 추천드리고 싶어요. (진심 내돈내산 후기예요~ ㅎㅎ) 재택부업시작 읽어주셔서 감사합니다! 다들 부업 성공하시고, 여유로운 일상 보내세요~",5,"​
​
안녕하세요~
오늘은 제가 직접 경험한 재택부업 이야기를 들려드릴게요.
​
누구나 편하게
​
코로나 이후로 재택근무가 익숙해지면서 자연스럽게 부업을 찾게 되었는데요. 저는 에이전트 부업을 시작하게 되었답니다!
​
​
[부업을 시작한 계기]
​
제가 원래 회사원으로 일하면서 나름 성실히 생활했지만, 월급만으로는 여유롭지가 않더라고요. 😅
​
​
‘장소와 시간에 구애받지 않고 할 수 있는 부업이 뭐가 있을까?’ 고민하다가 우연히 알게 된 게 바로 이 부업이었어요.
​
​
간단한 데이터 관리와 고객 문의 대응 업무가 주요 내용이라, 컴퓨터와 인터넷만 있으면 어디서든 일할 수 있더라고요.
​
[재택부업을 하면서 느낀 점]
​
제가 이 일을 하면서 가장 좋았던 건 유연한 근무 시간이었어요! 아침에 커피 한 잔하면서 여유롭게 일 시작~
​
​
그리고 점심 먹고 낮잠까지 한숨 자고 나서도 일할 수 있다는 점이 정말 좋았답니다.
​
​
특히나 제 주변에는 아이를 돌보면서도 이 부업을 하시는 분들이 많았어요. 진짜 생활 속에서 추가 수입을 만들기에 딱이라는 생각이 들더라고요.
​
​
​
[수입은 얼마나 되나요?]
​
이게 가장 궁금하시죠? 솔직히 처음 한 달은 적응하느라 수입이 많진 않았어요. 한 30만 원 정도 벌었는데요,
​
​
두 달째부터는 일을 능숙하게 처리하면서 80만 원 이상 벌게 됐답니다! (대박이죠?ㅎㅎ) 꾸준히 하면 월 100만 원도 가능하다는 걸 알게 되었어요.
​
​
수입도 수입이지만, 제가 좋아하는 시간에 자유롭게 일할 수 있다는 게 정말 매력적이에요.
​
​
​
부업의 장점
​
장점:
​
1. 시간 자유 - 제가 원하는 시간에 일할 수 있어요!
​
​
2. 장소 제약 없음 - 집, 카페, 심지어 여행지에서도 가능!
​
​
3. 일이 간단 - 전문 지식이 없어도 시작 가능해요.
​
​
​
​
[추천드리는 이유]
​
이 부업을 하면서 느낀 건, 정말 일상에 여유를 더할 수 있다는 거였어요. 시간과 장소에 구애받지 않고, 제가 원하는 만큼만 일할 수 있다는 점에서 저와 같은 직장인이나 주부들에게 딱이더라고요!
​
​
혹시라도 부업을 고민 중이시라면, 에이전트 부업 꼭 추천드리고 싶어요. (진심 내돈내산 후기예요~ ㅎㅎ)
​
재택부업시작
​
​
​
읽어주셔서 감사합니다!
다들 부업 성공하시고, 여유로운 일상 보내세요~ 🥰",1152,False,부업 성공 후기,https://blog.naver.com/uooo123675/223681495484,2,,20241203,,4,blog,3,편하게 돈 벌기! 재택부업 성공 후기
0,뚜벅!뚜벅! 한걸음씩!!,,,블로그,실시간으로 업데이트되는 판매 순위와 성공후기를 보며 '나도 할 수 있다'는 마음으로 계속 달리고 있어요 지금까지 해본 부업 중에 가장 체계적이고 결과가 빠르게 나타나는 곳이라 인스타공구마켓...,9,"블로그를 단순 취미로만 하던 제가
공구하이
를 알게 된 건 정말 큰 전환점이었어요. 처음에는 반신반의했지만, 꾸준히
블로그부업
을 병행하면서 생각보다 빠르게 수익이 나기 시작했고, 지금은 매달 고정적인
부가수익
까지 생겼답니다😊
공구하이
는 정말 시스템이 탄탄해서, 아무것도 모르는 초보자도 차근차근 따라가다 보면 자연스럽게
온라인수익화
가 가능한 구조예요. 저는 특히
퀴즈, 포스팅 수익
으로 초반부터 성과가 나서 동기부여가 팍 됐고요, 이후엔 공구마켓 쪽으로도 도전 중이에요.
특히 2인 멘토제라서 언제든지 질문하고 피드백 받을 수 있었고, 교육자료도 평생 열람 가능해서 저처럼
육아맘
이나
직장인 부업
으로 하시는 분들께도 정말 딱이에요.
실제로 제 주변에서도
공구하이
시작하신 분들이 점점 늘고 있고요!
디비팡
시스템도 잘 갖춰져 있어서 자료 찾느라 시간 낭비할 일도 없고, 잘하시는 사장님들 성과를 보며 자극도 받아요.
실시간으로 업데이트되는 판매 순위와 성공후기를 보며 '나도 할 수 있다'는 마음으로 계속 달리고 있어요🔥
지금까지 해본 부업 중에 가장 체계적이고 결과가 빠르게 나타나는 곳이라
인스타공구마켓
,
블로그부업
고민 중이라면
공구하이
정말 추천드려요!
공구하이
는
판매 자동화 시스템
이 너무 잘 되어 있어서, 일일이 DM 응대하지 않아도 되고,
개별 링크
만 공유하면 바로 판매 연결이 가능하다는 점도 큰 장점이에요.
시간 절약은 물론, 초보자도 쉽게 수익화를 할 수 있도록 도와주는 시스템이에요. 그리고
공구하이 교육카페
는 평생 열람이 가능해서, 언제든지 복습하며 내 속도에 맞춰 배울 수 있다는 것도 너무 좋아요.
저는 지금도 열심히 배우면서 판매 경험을 쌓고 있고, 실제로 첫 판매 성과를 낸 후에는 자신감이 훨씬 커졌어요.
마지막으로 사진이 어렵게 느껴질수 도 있겠지만 공구진행시 금손 사장님이 올인워능로 완성본까지 받아볼 수 있어 도움이 정말 크답니다. 누군가에게는 도전이겠지만,
공구하이
와 함께라면 그 도전이 곧
기회
가 될 수 있다는 걸 매일 느끼고 있어요 .
​
​
★상담문의 오픈챗 주소★
궁금하신것 무엇이든 아래 채팅 남겨주세요~! 자세한 상담 도와드릴께요:)
http://pf.kakao.com/_YvxdzG/chat
​
#공구하이
#공구하이멘토
#공구마켓
#블로그부업
#재택부업
#타이핑부업
#부가수익
#인스타공구마켓
#무료교육
#슬립업
#봉블리
#슈블랑
#인스타교육
#유누옷장
#공구마켓성공기
#공구마켓후기",1208,False,부업 성공 후기,https://blog.naver.com/magic1403/223840731164,0,,20250420,,6,blog,3,공구하이 부업 성공후기! 블로그부업으로 수익화 성공
0,monde de la mode 몽데라모드,,,유튜브,"부업 시작할 때 가장 막막한 게 가이드라인인데, 이 자료들만 있어도 절반은 성공인 거죠.  ✨ 직접 들어본 생생한 강의 후기 (1) 듣게 된 계기 매달 나가는 카드값에 월급만으로는 부족해서 추가 수입이...",9,"안녕하세요! 😊
요즘 물가는 오르고
내 월급만 제자리라
속상한 분들 많으시죠?
특히 아이 키우는
육아맘이나 직장인은
시간 내기가 참 힘든데,
최근에 정말 대박인
정보를 알게 되어서
공유해 드리려고 해요! 💖
바로
제이린쌤 무료강의
를
통해 알게 된
AI 음악 수익화인데요!
저처럼 유튜브 부업에
관심은 있지만 영상 편집이
막막했던 분들에게는
정말 한 줄기 빛 같은
강의였답니다. ✨
​
https://1772516998110806.dbcart.net/
AI로 만든 음악으로 월 1600만원 버는 노하우!_제이린쌤 (REVU)
AI로 만든 음악으로 월 1600만원 버는 노하우!_제이린쌤 (REVU)
1772516998110806.dbcart.net
🎵 믿고 듣는
제이린쌤 이력!
강의를 듣기 전에는
'AI로 음악을 만든다고?'
하며 반신반의했거든요.
그런데 강사님 이력을 보니
입이 떡 벌어지더라고요! 😲
제이린쌤
은 무려
137곡의 저작권을 등록한
베테랑 프로듀서예요.
게다가
엑소, NCT,
트와이스, 김세정
등
이름만 대면 다 아는
국내 톱 아이돌들과
협업한 실력파랍니다! 🎤
2009년부터 지금까지
작곡가 겸 가수로
활동 중인 진짜 전문가가
알려주는 노하우라니,
이건 무조건 들어야죠!
🤖 AI로 작곡부터
작사까지 한 번에!
음악의 '음'자도 모르는
저 같은 일반인이
어떻게 음악을 만드나
걱정부터 앞섰는데요. 💦
제이린쌤 무료강의
를
듣고 나니 고민 해결!
AI가 작사부터 작곡까지
전부 다 해주더라고요.
심지어 자동화 프로그램이
있어서 AI가 음악을
100곡이나 뚝딱
만들어준다는 사실이
너무 신기했어요! 🎹
복잡한 화성학 몰라도,
악기 연주 못 해도
AI 음악 만들기
만 알면
누구나 나만의 곡을
가질 수 있답니다. 👍
💰 일반인도
음악으로 돈 번다?
가장 놀라웠던 건
실제 수강생분들의
엄청난 성과였어요! 💸
공황장애로 직장 생활이
힘드셨던 40대 분은
40일 만에 1,700만 원을,
군인 출신 50세 수강생은
단 2달 만에 2,300만 원의
수익을 내셨대요.
이 외에도 정말 많은
분들이
AI 유튜브 채널
로
짭짤한 수익을
인증하고 계시더라고요.
나만 모르고 있었나
싶을 정도로 열기가
대단했답니다! 🔥
더 자세한 성과들은
무료특강 신청 페이지에서
직접 확인해 보세요!
🎁 참여만 해도
60만 원 상당 혜택!
지금 강의에 참여하면
퍼주는 혜택도
진짜 어마어마해요. 🎁
무려 60만 원 상당의
AI 작곡 프롬프트
와
유튜브 플레이리스트
수익화 비법 전자책
을
그냥 무료로 준대요!
부업 시작할 때
가장 막막한 게
가이드라인인데,
이 자료들만 있어도
절반은 성공인 거죠. 😍
✨ 직접 들어본
생생한 강의 후기
(1) 듣게 된 계기
매달 나가는 카드값에
월급만으로는 부족해서
추가 수입이 절실했어요.
평소 유튜브 부업에
관심은 있었지만
얼굴 노출은 부담스럽고,
마침 요즘 핫하다는
AI 음악 수익화를
접하게 되었답니다. 🎧
(2) 강의의 특장점
일단 내가 만든 음악이라
저작권이 본인 소유예요!
그래서 채널 삭제
걱정이 전혀 없더라고요.
무엇보다 놀라운 건 수익!
쇼츠는 단가가 낮지만,
이건 수익당 단가가
무려 300배 차이래요!
(0.01원 vs 300원) 📈
글로벌 타겟으로
롱폼 채널을 운영하니
수익 확장성이
정말 무궁무진하고,
시청 지속시간이 길어
조회수 수익이
정말 잘 나온답니다.
(3) 이런 분들께 추천!
평소 노래 듣는 걸
세상에서 제일 좋아하는 분!
육아나 직장 때문에
집에서 할 부업 찾는 분!
퇴근 후 자투리 시간
알차게 쓰고 싶은 분!
음악 지식 없어도
유튜브 강의
만 따라가면
누구나 수익화가
가능하다는 게
가장 큰 매력이에요. ✨
여러분도 고민만 하다가
황금 같은 기회
놓치지 마시고,
일단 무료강의부터
신청해서 들어보세요!
우리 같이 똑똑하게
돈 벌어서
여유로운 생활
시작해 봐요! 홧팅! 🥰
​
https://1772516998110806.dbcart.net/
AI로 만든 음악으로 월 1600만원 버는 노하우!_제이린쌤 (REVU)
AI로 만든 음악으로 월 1600만원 버는 노하우!_제이린쌤 (REVU)
1772516998110806.dbcart.net
#제이린쌤AI플레이리스트
#유튜브강의
#직장인육아맘부업
#사이클해커스무료강의
#제이린쌤무료강의
#AI유튜브채널
#AI음악만들기
​",2088,False,부업 성공 후기,https://blog.naver.com/oolool_/224219429680,0,,20260317,,6,blog,3,AI 플레이리스트로유튜브 강의 듣고직장인 육아맘 부업 성공
0,AI자동화연구소,,,기타,"주부 재택부업, 성공 노하우 (앱테크) *주부 재택부업으로 성공하기 위해서는 꾸준함과 끈기가 가장... 재택부업 성공 후기를 공유해 드렸습니다. 저도 처음에는 반신반의했지만, 지금은 어엿한 '디지털 노마드...",12,"[본문]
​
안녕하세요! 육아와 살림에 지쳐있던 평범한 주부입니다. 😭 최근 물가 상승으로 팍팍해진 살림살이에 조금이나마 보탬이 되고자
재택부업
을 시작했고, 지금은
하루 5만원
이라는 놀라운 수익을 달성하게 되었습니다! 🎉 저처럼
초기비용 없이
집에서 편하게 돈을 벌고 싶어하는 분들을 위해 솔직 담백한 후기를 공유합니다. 혹시
주부 재택부업
을 알아보고 계셨다면, 이 글이 조금이나마 도움이 되셨으면 좋겠습니다.
1. 주부 재택부업, 왜 시작했을까? (재택알바)
결혼 전에는 나름 잘 나가는 직장인이었지만, 아이를 낳고 육아에 전념하면서 경력이 단절되었어요. 다시 사회생활을 시작하고 싶었지만, 아이를 맡길 곳도 마땅치 않고, 무엇보다 아이 곁을 떠나고 싶지 않았습니다. 😔 그러던 중, 우연히
재택알바
로 짭짤한 수익을 올리는 주부들의 이야기를 접하게 되었고, 저도 용기를 내어 도전을 결심하게 되었습니다. 특히,
2026 트렌드
에 맞는 유연한 근무 형태라는 점도 매력적으로 다가왔죠.
​
*구체적인 예시
:
​
물가 상승으로 인한 생활비 부담 증가 (식비, 교육비 등)
​
경력 단절로 인한 경제적 어려움
​
아이 양육과 병행 가능한 일자리 필요
​
2. 나에게 맞는 재택부업 찾기 (SNS 부업)
처음에는 어떤
재택부업
을 해야 할지 막막했습니다. 설문 조사, 블로그 포스팅, 앱테크 등 다양한 종류가 있었지만, 시간 대비 효율이 좋지 않거나, 초기 비용이 발생하는 경우가 많았습니다. 😭 그러던 중, 지인의 소개로
SNS 부업
을 알게 되었고, 초기 비용 없이 스마트폰 하나로 시작할 수 있다는 점에 끌려 바로 시작하게 되었습니다.
​
*SNS 부업 선택 이유
:
​
초기 비용 없음
​
스마트폰 하나로 언제 어디서든 가능
​
시간 제약 없이 자유롭게 작업 가능
​
3. SNS헬프 & 뷰업 활용법 (추천인 제도)
제가 현재 하고 있는
SNS 부업
은 크게 두 가지 플랫폼을 활용합니다.
​
SNS헬프
: 지인이 SNS헬프 추천인 제도를 통해 꾸준히 부수입을 얻고 있다는 것을 알게 되어 시작했습니다. 추천인 링크를 통해 가입하면 추가적인 혜택을 받을 수 있고, 활동량에 따라 수익이 발생합니다. 동료의 추천으로 시작하게 되었는데, 생각보다 쏠쏠한 수입에 만족하고 있습니다.
​
뷰업
: 뷰업은 SNS 계정(인스타그램, 유튜브, 페이스북 등)을 연동하여 팔로우, 좋아요, 댓글 작성 등의 활동을 통해 포인트를 적립하고, 현금으로 환전하는 방식입니다. 특히 자동 적립 기능을 활용하면 시간을 절약하면서 꾸준히 수익을 올릴 수 있습니다. 한 달 동안 꾸준히 이용하면 10만원대의 부수입을 얻을 수 있다고 합니다.
​
*뷰업 활용 팁
:
​
자동 적립 기능을 적극 활용하여 시간 절약
​
틈틈이 댓글 작성으로 추가 포인트 적립
​
​
고객센터 1
: 1 문의를 통해 궁금증 해결
4. 주부 재택부업, 성공 노하우 (앱테크)
*주부 재택부업으로 성공하기 위해서는 꾸준함과 끈기가 가장 중요합니다. 처음에는 수익이 미미할 수 있지만, 포기하지 않고 꾸준히 노력하면 분명 좋은 결과를 얻을 수 있습니다. 또한, 자신에게 맞는 플랫폼과 방법을 찾는 것도 중요합니다. 저는 앱테크를 통해 자투리 시간을 활용하여 꾸준히 수익을 올리고 있습니다.
​
*성공 노하우
:
​
매일 꾸준히 작업하기 (1시간 이상)
​
다양한 플랫폼을 활용하여 수익 극대화
​
​
커뮤니티 활동을 통해 정보 공유 및 동기 부여
​
지금까지 저의
주부 재택부업
성공 후기를 공유해 드렸습니다. 저도 처음에는 반신반의했지만, 지금은 어엿한 '디지털 노마드'가 되었답니다! 😊 여러분도 용기를 내어 도전해 보세요! 혹시 더 궁금한 점이 있다면 언제든지 댓글로 문의해주세요.
​
*지금 바로 시작하세요!
FAQ
Q
: 초기 비용이 정말 없나요?
​
A
: 네, 제가 소개한 방법은 초기 비용이 전혀 없습니다.
​
​
Q
: 얼마나 벌 수 있나요?
​
A
: 개인의 노력에 따라 다르지만, 꾸준히 하면 월 30만원 이상도 가능합니다.
​
Q
: 어려운 작업은 없나요?
​
A
: 아니요, 대부분 간단한 작업이라 누구나 쉽게 할 수 있습니다.
해시태그
서울재택부업 #강남재택부업 #부산재택부업 #대구재택부업 #인천재택부업 #광주재택부업 #대전재택부업 #울산재택부업 #주부재택부업 #대학생재택부업 #SNS헬프 #뷰업 #추천인부업 #팔로우부업 #좋아요부업 #댓글부업 #앱테크 #2026트렌드 #디지털노마드 #재택알바
이렇게 오늘은 [수익인증] 초기비용 없는 주부 재택부업 하루 5만원 달성 후기에 대해 자세히 알아봤는데요. [수익인증] 초기비용 없는 주부 재택부업 하루 5만원 달성 후기를 처음 접하시는 분들께 도움이 되었길 바래요!
​
#[수익인증]초기비용없는주부재택부업하루5만원달성후기 #[수익인증]
#초기비용
#없는
#주부
#재택부업
#하루
#5만원
#달성
#후기",2366,False,부업 성공 후기,https://blog.naver.com/qudxoo7/224106505918,0,,20251211,,6,blog,6,초기비용 없는 주부 재택부업 성공! 하루 5만원 달성 후기
0,소소한 이야기,,,기타,"위에 상품 목록에서 상품 선택 후 신청하기만 하면 제품 받고, 후기 영상 제출하면 끝이랍니다! 너무... 진짜로 부업을 성공시키고 싶고 월천의 문을 열어보고 싶다면 이번 기회에 엠포켓에서 제가 이끌어...",5,"​
​
​
안녕하세요 여러분! 마케팅 경력 8년차,
온라인수익 전문 멘토 엠포켓 가은입니다🙂
​
요즘은 부업이 선택이 아니라
필수가 되어버린 시대라 다들
많은 관심을 보이시는 것 같아요!
​
그러다 최근 공식적으로 해당 플랫폼에
합류하게 되면서 이 플랫폼이 가진
강점을 확실히 느끼고 있어요👍🏼
​
그래서 오늘은 제가 왜 이 플랫폼을
선택했는지 그리고 어떻게 수익을
만들 수 있는지 솔직하게 알려드리려고 해요❤️
​
​
​
​
​
​
아시는 분들은 이미 아시겠지만
제가 집에서 4억을 벌고 있다는 거❤️
알고 계시죠?😆
​
지난주에는 교육생분들과 함께
레스토랑에서 미리 연말 분위기 내며
미팅 겸 송년회(?)를 즐겼어요 🥂✨ 히히
​
처음에 고민 많았던 순간부터
지금 수익이나 미래 계획 이야기도
나누면서 같이 성장해 나가는게
너무 재미있어요! 🥰
​
​
​
​
​
​
이번 주에는 따뜻한 온수풀이 있는
풀빌라 여행 다녀왔구요✨
풀빌라에서 휴가 보내면서,
틈틈이 일해도 135만원!❤️
​
너무 꿀이죠?😖
​
​
​
​
​
​
<📌온라인수익 실제 입금내역, 절대 조작 X>
​
많은 분들이 가장 많이 물어보는
질문이 있어요. 왜 하필 그 많은 플랫폼
중에서 엠포켓을 선택했는지 말이죠!
​
저는 온라인수익만으로
실제 입금기준 4억이상의
수익을 만들어왔어요❤️
​
그 과정에서 온갖 종류의
부업 모델을 여럿 경험해 봤는데요,
그러다 보니 이제 될 일은
딱 보면 알아요! ㅎㅎ
​
​
​
​
​
​
요즘 네이버 리뷰어나 쿠팡파트너스
같은 부업도 많이들 하시는데요!
팔로워수 기준이 높고 영향력이
없으면 제대로 수익을 내기 너무
어렵거든요 🥲
​
사실, SNS 팔로워 100명도 만들기
어려운 분들이 많잖아요😢
​
협찬 하나 받으려면 팔로워 수천 명은
기본이고 일반인들은 거의 도전조차
하기 힘든 경우가 많아요😥
​
그런데 지금 제가 하는 일은 그런 기준,
즉 장벽이 전혀 없어요! 그냥 초보자도
편하게 시작할 수 있는 구조라
진짜 현실적인 부업 플랫폼이랍니다!❤️
​
​
​
​
​
​
요즘 인스타수익, 온라인수익, 공구,
부업 등 다양한 수익화 방법이 있는데
모두 다 홍보와 많은 팔로워,
조회수를 필요로 하죠?
​
그런데 제가 하는 일은
📌이런게 전~혀 필요가 없어요!
​
위에 상품 목록에서 상품 선택 후
신청하기만 하면 제품 받고,
후기 영상 제출하면 끝이랍니다!🫢
​
너무 간단하죠?👍🏼
​
​
​
​
​
​
특히 엠포켓이 특별한 이유는
다양하고 확실한 수익의 일감들이
준비되어 있어요.
​
▪️제품 협찬 일감
▪️AI기반 원고일감
▪️인스타 복붙일감
​
그리고 무엇보다
📌리스크가 완전 제로라는 점이에요!
​
▪️제품 구매할 필요 없음
▪️내가 판매할 필요 없음
▪️단순 반복 작업으로 손쉽게 수익화!
▪️직접 글 작성할 필요 없음
▪️SNS 홍보 필요 없음
▪️신상 노출 필요 없음
▪️핸드폰으로도 틈틈이 가능
​
​
​
​
​
​
❤️경력단절 육아맘도 하루 20만원❤️
​
경력단절로 집에서 육아만 하시던 분들도
하루 20만원까지 빠르게 수익내시구요!
​
​
​
​
​
​
❤️카페 사장님도 틈틈이 94만원❤️
​
1인 카페 운영하시면서 바쁘신데도
매장에서 틈틈이 일하시면서
단기간에 90만원이 넘는 수익을
만드셨어요!
​
​
​
​
​
​
❤️20대 직장인도 3200만원❤️
​
이 일이 정말 좋은 이유는 나이도
직업도 정말 상관없다는 점이에요!
​
초보자, 직장인, 육아맘까지 누구나
자기 일정에 맞춰 천천히 수익을
쌓아갈 수 있는 구조예요.
​
내가 하는 만큼 무조건 벌어갈수 있는 일!
우리가 사실 이정도 노력에 비해
어디 가서도 이만큼 벌지 못할 거예요..
​
​
​
​
​
​
특히 엠포켓은 해외투어 일감도 있는데요✈️
이런 일감은 국내 회사 어디에서도
찾아볼 수 없으실 거예요!
​
▪️4성급 이상 호텔
▪️비즈니스 항공권
▪️레스토랑 식사
▪️투어
​
등을 제공받아 해외여행을 다녀오면서
사진과 영상 등을 제출해 주면 돼요!❤️
​
​
​
​
​
​
실제 해외여행을 지원받아
다녀오신 회원분들의 후기에요!❤️
​
정말 이렇게 일할 수 있는 곳
어디 있을까요....?🥹
​
몰라서 안할 수 있지만 이미 제 글을
보신 분은 기회를 만난 거예요🍀
​
​
​
​
​
​
📌부업의 생명은 초기 선점이에요!
지금 120만원 벌고 시작하는
무료 등업 혜택까지 진행 중이에요!
​
📌시작하자마자 120만원 벌고 가는데다
📌평생 적용되는 무제한 보너스 혜택까지!
​
월천 프로젝트도 이미 가능한 구조라
이 타이밍 절대 놓치면 안 돼요!❤️
​
​
가은팀에서는
📌전문강사 2:1 케어로
확실하게 수익 내실 수 있게
이끌어 드리고 있어요.
​
다른 분들처럼 수박 겉핥기 식의
멘토링은 없습니다!
​
기회는 기다린다고 찾아오는 게
아니라 스스로 움직이는 사람에게만
열리더라구요. 진짜로 부업을
성공시키고 싶고 월천의 문을
열어보고 싶다면 이번 기회에
엠포켓에서 제가 이끌어 드릴게요.
​
편하게 문의주세요
​
🔻🔻🔻
​
​
https://open.kakao.com/o/sauAEzYg
온라인수익 전문 4억, 하진님의 오픈프로필
1년만에 3억, 온라인수익 창출 노하우🖤
open.kakao.com
#엠포켓
#엠포켓부업
#온라인부업
#온라인부업추천
#신상부업엠포켓
​
​",2559,False,부업 성공 후기,https://blog.naver.com/yujin2day/224105836681,0,,20251211,,2,blog,3,"온라인부업의 정답, 엠포켓!... 4억 탑티어 가은팀 리얼후기"
0,람쥐씨의 알뜰살뜰 일상이야기,,,기타,뜨개질 부업 후기를 보게 됐죠 그때까지 한번도 뜨개질을 배워본적이 없었기 때문에 그저 남의 성공 이야기로만 생각했었는데요 아이 소품도 떠주고 새로운 것도 배워볼겸 사부작 사부작 시작해봤어요...,5,"후기를 쓰고 기관으로부터 수수료를 받습니다
​
​
​
​
​
둘째 낮잠 시간에 휴대폰만 보며
하루를 보내던 때가 있었어요
​
​
잠깐이라도 제 수입을 만들고 싶어
집에서 가능한 일을 찾다가
우연히 뜨개질 부업 후기를 보게 됐죠
​
​
그때까지 한번도 뜨개질을
배워본적이 없었기 때문에
그저 남의 성공 이야기로만 생각했었는데요
​
​
아이 소품도 떠주고
새로운 것도 배워볼겸
사부작 사부작 시작해봤어요
결과적으로는 생각보다 만족도가 높답니다
​
​
​
​
​
​
​
​
​
​
​
​
예전엔 겨울만 되면
목도리 하나 떠보겠다고
주변에서 많이들 했었잖아요
​
​
저는 그때도 관심이 없었고
손으로 만드는 건 재능 있는 사람만
하는 줄 알았거든요
​
​
그런데 초보도 배워서
판매까지 연결할 수 있다길래
이번만큼은 잘 배워보기로 했답니다
​
​
​
단순 취미가 아니라
배우면서 수익화까지 가능하니
망설일 이유가 없더라고요
​
​
​
​
​
​
​
​
​
​
솔직히 먼저 말씀드리면 시작하길 잘했어요
뜨개질 부업은 육아와 병행도 가능하고
집에서 여유롭게 할 수 있다는 점이
정말 큰 장점이에요
​
​
​
아이 어린이집 보내고 잠깐 생긴 오전 시간,
학원 차량 기다리는 시간,
아이 재우고 난 밤 시간처럼
자투리 시간만 활용해도
조금씩 작업이 가능하거든요
​
​
무엇보다 직접 만드는 핸드메이드 상품은
기성품과 달라 가치가 있어서
가격도 비싸게 받을 수 있답니다
​
​
​
​
​
​
​
​
​
​
저는 손이 빠른 편도 아니고
꼼꼼하지도 않아서 걱정했는데
기초부터 배우니 충분히 가능했어요
​
​
처음 만든 작품도 생각보다
완성도가 괜찮아서 놀랐네요
​
​
​
저는 온라인강의를 배우면서
뜨개질 초보 과정부터 배우기 시작했는데요
실, 코바늘 같은 재료 세트를
무료로 제공 받아서
빠르게 시작할 수 있었어요
​
​
​
​
​
​
​
​
​
​
강사님이 만드는 순서를 차근차근 보여주면
저는 그대로 따라 하면서
익히는 방식이라 어렵지 않았어요
초보자 입장에선 정말 편했죠
​
​
실제로 뜨개질 부업을 하고 있는 강사님이
검증된 인기 작품으로 커리큘럼을 구성하셔서
실전처럼 알려주시는데요
​
​
실 하나 차이로도 분위기가
완전히 달라진다는 걸
이번에 배우고 나서 알게 됐어요
굵기, 재질, 색감에 따라
완성품 느낌이 달라지더라고요
​
​
확실히 이런 수공예는 전문가에게
배워야 한다는 걸 깨달았어요
​
​
​
​
​
​
​
​
​
​
뜨개질 부업 목적으로 배우다 보니
실전 정보가 많은 것도
도움이 많이 됐어요
​
​
어떤 상품이 잘 나가는지,
초보는 무엇부터 시작하면 좋은지,
작업 시간은 얼마나 걸리는지까지
세세하게 배울 수 있었죠
​
​
​
강의 수는 꽤 많았지만
순서대로만 들어야 하는 건 아니었어요
그래도 저는 처음이라
기초부터 차근차근 들었어요
덕분에 실수도 적었고 응용도 빨리 되더라고요
​
​
​
​
​
​
​
​
​
​
​
​
쉬운 작품부터 시작해서 점점 난이도를 높여가니
실력이 자연스럽게 늘었어요
​
​
한 달 조금 넘으니 혼자서도 여러 제품을
만들 수 있을 정도가 됐답니다
​
​
뜨개질 부업 시작 전에는
막연하게 어렵다고 생각했는데
막상 해보니 반복 동작이 많아서
익숙해지면 속도도 빨라졌어요
​
​
​
만드는 작품들도 크기가 작고
심플한 디자인이 많아서
앉은자리에서 완성할 수 있는 것들이 많았어요
​
​
​
​
​
​
​
​
​
​
​
저는 특히 뜨개질 수세미에 집중해서
여러 종류로 배우고 연습했는데요
​
​
이해 안 되는 부분은 멈춰서 다시 보고,
속도를 늦춰 따라 하고,
몇 번이고 반복 학습했어요
​
​
처음엔 인강으로 배운다는 게 조금 걱정됐지만
오프라인 수업보다 만족도가 높았어요
​
​
​
​
​
​
​
​
​
​
수세미, 카드지갑, 파우치,
키링, 인형, 가방, 비니,
반려동물 의류, 소품 장식 등
다양한 작품들을 만들면서
주변 지인들에게도 많이 선물했어요
​
​
​
작고 실용적인 제품은 재료 부담도 적고
완성 시간도 짧아서 금방 금방 만들었거든요
​
​
​
실용적인 아이템들만 다루다보니
선물 받은 지인들도
너무 괜찮다는 말을 많이 해줬어요
​
​
먼저 뜨개질 부업 한번 해보라고
추천해주기도 했고요
​
​
​
​
​
​
​
​
​
수강 후에는 교육기관에서
제공해주는 판매 사이트를 통해서
온라인 부업을 시작했는데요
​
​
판매 방식도 생각보다 간단했어요
완성한 제품 사진과 설명을 올리고
주문이 들어오면 제작 후
포장해서 보내면 끝이었죠
​
​
​
복잡한 시스템을 새로 배우거나
비용이 드는 구조가 아니라
초보도 시작 장벽이 낮았어요
​
​
그래서 육아맘, 직장인,
임산부 분들도 많이 한다고 하더라고요
​
​
​
​
​
​
​
​
​
​
내가 만든 물건이
누군가에게 선택받는 경험이
정말 뿌듯했어요
수익도 좋지만 성취감이 컸죠
​
​
저는 세트상품으로 구성해서
한번에 2~3만원 박스로 판매하고 있어요
​
​
주문 수량이 적어도
쏠쏠하게 버는 비결이에요
​
​
​
​
​
​
​
​
​
​
​
집에서 할 수 있는 현실적인 일,
내 시간대로 조절 가능한 일,
배우면서 시작할 수 있는 일을 찾는다면
뜨개질 부업으로 시작해보세요
​
​
저도 가벼운 마음으로 시작했는데
지금은 꾸준히 이어가고 있거든요
​
​
솔직히 큰 돈을 벌거나
대박나는 아이템은 아니지만
평생 용돈벌이 정도는 할 수 있는 부업이에요
​
​
본업을 하면서 취미처럼
투잡으로 해도 좋답니다
​
​
​
​
​
​
​
​
​
제가 수강한 곳은
뜨개질 부업 외에도 40개가 넘는
수공예들이 있는데요
​
​
뜨개질 하나만 배워도
다양한 수공예들을 평생 무료로
배울 수 있는 말도 안되는 혜택이 있어요 ㅎ
​
​
재택으로 핸드메이드 작가를 꿈꾸셨던 분들은
여기서 다양한 경험을 하고
나에게 맞는 아이템을 고르기 좋답니다
​
​
관심 있다면 너무 고민만 하지 말고
작은 작품 하나부터 도전해보세요
​
​
뜨개질 부업 온라인강의
더 자세히 알아보기>>>
​
​
​
​
​
​",2889,False,부업 성공 후기,https://blog.naver.com/kghic67/224267319766,0,,20260428,,2,blog,3,뜨개질 부업 소소해도 오래할 수 있는 일
0,오래오래 행복한 롱런이,,,기타,토퍼독학 집에서 시작해 부업성공 후기! 집에서 할만한 부업을 찾다가 토퍼제작을 배우기 시작했어요!... 공방이나 클래스를 가지 않고 집에서 토퍼독학에 성공한 정보를 공유해드릴게요. :) 제가 결혼을 하고...,5,"토퍼독학 집에서 시작해 부업성공 후기!
​
집에서 할만한 부업을 찾다가
토퍼제작을 배우기 시작했어요!
​
토퍼 컷팅기와 전용 프로그램
사용하는 방법까지 배울 수 있어서
토퍼독학이 가능하겠더라구요.
​
그리고 온라인 쇼핑몰도
무료로 사용할 수 있게 제공받아
부담없이 판매까지 하고 있답니다.
​
공방이나 클래스를 가지 않고
집에서 토퍼독학에 성공한
정보를 공유해드릴게요. :)
​
​
​
​
제가 결혼을 하고
남편따라 지방으로 오면서
경력이 단절되었어요.
​
그런데 토퍼을 독학으로 배워
부업을 시작하면서
생활비도 벌면서 부모님 용돈까지
드릴 수 있게 되었답니다. :)
​
집에서 경제적으로 도움이 된다니
진작에 알아보고 시작했으면
더 좋았을텐데라고 생각이 드네요.
​
​
​
​
제가 토퍼를 배운 곳은
전문적인 교육기관으로
온라인 강의를 통해
토퍼독학을 시작했어요.
​
육아도 하고 집안일을 해서
매일 수강을 하지 못했는데
수강기간 제한이 없어서
편한 마음으로 수강했어요.
​
수강을 시작한지 3개월 만에
자격증을 취득했고
판매까지 성공 했답니다.
​
​
​
수강에만 집중을 한다면
더 빨리 자격증 취득도 가능하고
수입활동도 더 빨리 시작할 수 있어요.
​
제가 배운 토퍼독학 과정은
취미로만 배우는 과정이 아니라
수익활동까지 연결할 수 있는
교육과정이랍니다.
​
토퍼를 배워서 수익활동이 목표라면
이 교육기관에서 배운다면
저도 성공했기 때문에
누구나 성공하실거라 생각해요. :)
​
​
​
​
처음 배우는사람들이
많은 걱정을 할 수 밖에 없는데
이 교육기관에서 배운다면
아무 걱정하지 않아도 돼요.
​
토퍼 전용 프로그램 사용법
토퍼 커팅기 사용법뿐만 아니라
토퍼 도안, 문구, 폰트까지
강의를 통해 전부 배울 수 있답니다.
​
초보자를 위해 하나씩
꼼꼼하게 알려주기 때문에
컴퓨터를 잘 다루지 못하는 사람도
큰 문제없이 배울 수 있어요. :)
​
​
​
​
한 번 수강 등록하면
기간제한없이 수강이 가능하고
새로운 강의까지 추가금없이
평생 소장이 가능해요.
​
인기있는 문구와 폰트가 바뀌다보니
시장조사가 꾸준히 필요한데
교육기관에서 유행에 따라
강의를 업데이트 해줘서
그대로 만들기만 하면 돼요.
​
이런 부분이 창/부업에
큰 도움이 돼서
대부분의 수강생들이
만족해 하더라구요.
​
​
​
​
백일, 돌잔치, 프로포즈, 결혼 등등
실무에 사용할 수 있는 디자인을
배워서 바로 사용하면 돼요.
​
도안만 만들어 두면
컷팅기로 자르기 때문에
만드는데 오랜시간이 걸리지 않아요.
​
물론 처음에는 도안도 없고
능숙하지 않아서 시간이 걸리긴 했는데
지금은 하나 만드는데 20분정도면
충분히 만들더라구요.
​
​
​
​
기본 토퍼는 단가가 낮아도
만드는데 시간도 짧고 잘 팔려서 좋고
디자인이 들어가는 토퍼는
시간이 좀 더 걸리더라도
단가가 높아서 좋더라구요.
​
판매를 하기 위해서
쇼핑몰을 개설하고 관리하는데
시간과 비용이 꽤 필요해요.
​
저는 교육기관에서 수강생에게
무료로 쇼핑몰을 제공해줘서
편안하게 판매를 하고 있어요.
​
​
​
​
등록/판매 수수료가 전혀 없어서
여러개를 등록해 두고
주문이 들어오면 제작해
배송만 하면 된답니다.
​
판매 할 상품을 등록하면
국내 유명 쇼핑몰인
네이버쇼핑, 11번가, 쿠팡, 지마켓 등
동시 노출이 돼서 홍보를 하지 않아도
주문이 꾸준히 들어오더라구요.
​
그리고 토퍼를 수강하면
교육기관에 등록되어 있는
20여가지 수공예도 추가비용없이
수강할 수 있어요.
​
그래서 토퍼와 같은
컷팅기와 프로그램을 사용하는
레터링 풍선도 배울 예정이에요.
​
​
​
​
다양한 수공예를 배우면
당연히 경쟁력을 높일 수 있고
그 만큼 더 많은 수익을 낼 수 있으니
꼭 다른 수공예도 배우는 걸 추천해요.
​
토퍼독학에 관심이 있다면
제가 배운 교육기관에서
시작하는 걸 추천드리고 싶어요.
​
교육기관에 1:1 상담을 통해
무료 샘플 강의도 받아보시면
결정하는데 큰 도움이 되실거예요.
​
교육기관에 대해
자세히 알아볼 수 있게
아래 링크남겨드릴게요~
​
한 번 들어가서 확인해보시고
토퍼독학으로 성공해서
수익활동까지 이어나가시길 바래요. :)
​
​
토퍼 과정
더 자세히 알아보기>>>
​
​
수강생의 솔직한 후기를 작성하고
소정의 상품권을 받았습니다",2060,False,부업 성공 후기,https://blog.naver.com/chaimin80/223360940008,0,,20240221,,2,blog,3,토퍼독학 집에서 시작해 부업성공 후기!
0,다정으로 그린 세상,,,기타,해보세요 고민하는 것보다 부딪혀보는게 나을수있어요 저와 같이 레진UV램프로 레진아트를 만들어 같이 부업성공길에 뛰어봐요! 레진UV램프로 아트만들어 부업한 곳 후기를 작성한 후 소정의 대가를 지급받습니다,5,"​
레진UV램프를 활용하여
만들수있는 레진아트가
얼마나 많은지
여러분은 아시나요~?
레진과 함께
압화, 글리터, 구슬, 파츠등을
같이 접목시키면
반지, 머리핀, 헤어밴드,
목걸이, 귀걸이 등
다양한 작품을 만들수있습니다
그 중에서 제가 선택한 레진아트는
레진UV램프를 활용하여
키링을 만드는 것으로
현재 부업을 진행하고 있는 중입니다
​
레진아트에 관심을
가지게 된 계기가
제 아이때문인데요!
요즘 아이들이 키링을
가방에 정~~말 많이
달고 다니더라구요
​
서로서로 누가 더 많이 달고다니나
눈치게임하는 느낌이랄까요?
요즘 패션소품으로도
뭐 달고다니는게 유행이라그런지
그만큼 판매량도 많이 나왔습니다
키링이라는게
가방에만 다는게아니라
이어폰케이스나 핸드폰고리대용 등
다양하게 사용이 가능하고
그와더불어 날씨도 풀리면서
판매량이 더 늘것으로 예상하고있습니다
​
아이와 함께
플리마켓도 구경다니고
같이 디자인도 보다보니
자연스럽게 관심이 생기더라구요
​
​
집에서도 검색해보고
온라인쇼핑몰도 보다보니
나도 만들수있겠다는 생각이 들었어요
​
이때 당시에 수공예강의를
듣고 있었는데
키링을 어떻게 만드는지
배우고 있었거든요!
물론, 여건이 된다면
외부강의를 들으러가면 좋겠지만
주부들은 누가 돌봐주지않는이상
아이들을 떼어놓고
어디 들으러갈곳도 없잖아요
ㅠㅠ
원래 이 기관에서 듣기전에
문화센터에서 배웠는데
아프거나 방학하게되면
못나가서 그대로 돈날리고
​
​
배우지도못하고 그 이후에 다시 나가면
진도도 못따라가고 이런저런 이유로
계속 빠지게되더라구요
​
그러다보면 하기도 싫어지고
오히려 점점 우울해져서
이건 아니다 싶은 생각이 들었을때쯤
​
우연히 인터넷을 하다가
집에서 배울수있는 강의를 보게되었는데
그게 지금 현재 배우고있는
기관이 되었네요~
아이들이 잠자고있을때나
유치원갔을 때
틈틈히 듣다보니
생각보다 강의가
금방 끝나더라구요!
중간에 포기안하고
끝까지 들을 수
있는것만으로도 행복했는데
자신감도 올라가고
자격증까지 취득하니
하루하루가 정말 좋았습니다!
자격증까지 취득하게 되면
그 다음엔 더 폭넓은 선택을 할 수 있는
기회가 생기게 되는데요!
제가 선택한 기관에서
부업관련하여 지원
해주시기때문이랍니다!
강의내용도 실제 판매위주로,
잘 팔리는 액세서리 기법과 실무위주라서
현재 부업활동에
정말 많은 도움을 받았고
현재도 도움을 받고있습니다
​
또한 업데이트되는 강의뿐아니라
다른 강좌들도
전부 들을수있다보니
수공예쪽에서는
따라올곳이 없더라구요
부업활동지원방법은
오프라인과
온라인
으로 나눠져있고
기관쇼핑몰에
작품설명과 사진을
등록하기만하면되는
간단한 작업만으로
수익활동을 시작할수있습니다
사진잘찍는방법도
강의내용에 있어서
부담없이 촬영할수있고
특히나
각종 대형온라인쇼핑몰에도
자동으로 등록
되다보니
따로 상품등록할필요없이
광고가 자연스레되고
부업이 정말 쉬워지더라구요
​
다른 곳과 다르게 단가도 높고
관리업무도 해주시는데
CS업무부터 정산까지 다 도와주셔서
정말 신경쓸게 하나도 없었어요
놀면서 일하고 아이들보면서 일하고
갑자기 아파도 눈치안봐도되고
이런 직장이 어디있을까 싶어요!
재고상품도 없고
초기투자비용도 적고
레진UV램프만 있으면되니깐
정말 돈안들이고
돈을 벌수있는 구조랍니다!
​
아무리 좋은 재택부업이 있어도
시작하지않은 사람은
돈을 벌수가 없어요ㅠㅠ
저도 레진아트를 배우지않았다면
지금처럼 레진UV램프 레진키링을 이용하여
부업성공을 할수없었겠죠
​
요즘 한류열풍이라
자개공예도 많이 배운다고하던데
한번 배워볼까 생각하고있습니다!
​
한번 강의를 들으면 평생동안 기간제한없이!
강의제한없이!
들을수있기 때문에
내가 듣고싶은 수공예강좌
아무거나 들을수있어요~
배우는 동안 없어지지않을까
걱정되실수도 있죠!
하지만
20여년되는 경력과
노하우
를 가지고있기 때문에
믿고 따라갈수있습니다
고민되시는분들은
밑에 링크를 통해서
한번 알아보기만 해보세요
고민하는 것보다
부딪혀보는게 나을수있어요
​
저와 같이 레진UV램프로
레진아트를 만들어
같이 부업성공길에 뛰어봐요!
레진UV램프로
아트만들어 부업
한 곳
​
후기를 작성한 후 소정의 대가를 지급받습니다",1994,False,부업 성공 후기,https://blog.naver.com/heywhang/223410591864,0,,20240410,,2,blog,3,레진UV램프로 레진아트만들어 부업성공후기
0,HIBIKI,,,기타,악세사리 판매에 관심 있으셨던 분들이라면 전문 교육기관에서 꼭 다양한 지원 받으세요! 악세사리부업 온라인 강좌 미리보기 부업 창업 과정 살펴보기 >> 소정의 재료비를 받고 솔직한 후기를 작성하였습니다.,5,"아이들 키우면 할 수 있는 취미를
알아보던 중에 리본공예가 눈에 띄더라구요.
직접 공예하는 엄마들도 많고,
그런 분들은 핸드메이드 악세사리를 만들어서
팔기도 하고 돈도 벌고 있었어요!
이렇게 악세사리부업을 하고 있는 걸 보니
관심이 가기 시작하더라구요.
그러던 중 부업, 창업 지원부터
자격증 취득까지 가능한
전문 아카데미를 찾게 되었는데요!
후기도 정말 많았지만,
20년 가까이 된 기관이라서 그런지
확실히 신뢰가 가더라구요.
이곳은 40개가 넘는 수공예 과목이 있는데요.
평생 소장할 수 있어요!
악세사리부업으로 하기 좋은 과목이라면
비즈, 리본, 레진이 있는데요.
따로 추가 비용을 내지 않아도 배울 수 있거든요.
저는 리본 공예를 먼저 선택했답니다!
아무래도 여자 아이가 있어서 자주 활용할 것 같았고,
실생활에서 바로 시작하기 좋은
아이템이란 생각이 들더라구요.
그리고 무엇보다 집에서 온라인 강의로
쉽게 배울 수 있을 거라는 생각이 들었죠!
그리고 실제로는 제가 생각한 것보다
더 수월하게 배웠어요!
실제 핸드메이드 악세사리 공방을 운영하는
전문가분들이 직접 알려주시는데요.
정보들이 정말 유용하고 재밌게 느껴지더라구요.
온라인 강의는 보면서 따라하는 방식인데요.
강사님과 같은 재료로 수업을 시작해요!
필요한 재료는 아카데미에서
사전에 전부 보내주기 때문에
따로 구매하지는 않았습니다!
추가로 필요한 것들을 사려고
판매처를 물어봐서 구매하긴 했지만,
처음에 초도 세트를 보내주니까
바로 실무를 해볼 수 있어서 좋더라구요.
수업은 1인칭 시점으로 촬영되어 있는데요!
다양한 각도로 보여주기 때문에
리본 만드는 여러 기법을 쉽게 이해할 수 있었어요.
기초 지식부터 창업과정까지
한 커리큘럼안에 모두 담겨있으니까
생각보다 어렵지 않게 할 수 있더라구요.
제가 처음이었음에도 가능했던 건
온라인 강의라는 점에서 속도 조절이나
반복재생이 가능했기 때문이라고 생각해요.
그리고 악세사리부업을 위한
다양한 디자인과 제품 종류를 알려주는데요.
레이스부터 원단 활용하기, 볼륨 넣기, 큐빅 넣기 등등
보기에 어려워 보였던 것들도
천천히 하다 보니 잘 따라가게 되더라구요.
그리고 완성한 제품들도 퀄리티가 좋아요~!
핸드메이드 악세사리부업을 위해
퀄리티를 높일 수 있는 노하우를 같이 알려주니까
연습만으로도 좋은 결과물이 나오게 되더라구요.
디테일한 부분을 챙겨갈수록
상품의 질이 높아지는 게 느껴지고
따라가는 게 어렵지 않아서 겁먹지 않아도 될 거에요.
저는 워킹맘이라 하루 30분에서 1시간 정도
투자 하고 있는데요.
짜투리 시간을 활용하면서도 꾸준히 할 수 있는 건
그만큼 수익이 발생하기 때문이에요.
악세사리부업을 하더라도
보상이 없으면 마음이 금방 식기 마련이잖아요.
그런데 수익이 쏠쏠하다보니
핸드메이드에 관심을 갖는 분들이 이해가 가더라구요.
사실 온라인 쇼핑몰 개설만 해도
심사니 입점이니 신경 쓸게 많잖아요.
그런데 저는 악세사리부업을 지원해주는
아카데미 덕분에 정말 간단하게 시작했어요.
돈도 에너지도 굳이 낭비하지 않았죠.
아카데미에서 지원하는 쇼핑몰 사이트에 들어가서
사진과 가격 소개만 적으면 끝이거든요!
제가 상품을 등록하는 동시에
네이버나 쿠팡, 11번가에 업로드 된다는 점!
그래서인지 판매량도 높은 편이에요.
그 외에도 공방 창업이나 강사 출강
클래스 운영 등등 지원 혜택이 많은데요.
저는 아이가 아직 어려
그건 당장 무리일 듯 하더라구요.
사실 온라인 수업만 들어도
자격증 취득이 어렵지 않아서
좀 더 전문성을 갖추겠다 하는 분들은
바로바로 따는 것 같아요!
저도 악세사리부업 시작한 김에
그리고 아이가 좀 크며 공방 창업을 생각중이라
미리 자격증을 따 두었답니다!
일단 제가 경험한 후기를 들려드리자면
온라인 강의 퀄리티가 좋아요.
취미 과정이라기보다 부업, 창업을 위한 과정이라
꼼꼼하고 명확하게 알려주고요!
시간에 제약 없이 배울 수 있다 보니 자유롭답니다.
기간 제한이 따로 없어서 평생 소장이 가능하거든요.
악세사리부업 저도 처음이지만
이렇게 재밌게 하게 될 줄은 몰랐어요.
내가 원하는 상품을 자유롭게 등록해서
주문이 들어오면 만들어 보내기만 하면 되니까요.
혹시 핸드메이드 악세사리 판매에
관심 있으셨던 분들이라면
전문 교육기관에서 꼭 다양한 지원 받으세요!
​
악세사리부업 온라인 강좌 미리보기
부업 창업 과정 살펴보기 >>
​
소정의 재료비를 받고
솔직한 후기를 작성하였습니다.",2140,False,부업 성공 후기,https://blog.naver.com/garbeekr/223267333123,0,,20231117,,2,blog,3,악세사리부업 집에서 시작해 성공한 후기!
0,아로스의 애드센스,,,강의,"성공한 사람들은 동일한 강의를 듣고, 동일한 책을 봐도 그곳에서 내가 얻어갈 이점을 찾습니다.... 오늘 누구 만나지 - 아로스 강연 후기 발췌 제 입으로 이런 말씀 드리기 조금 쑥쓰럽긴 한데 ^^; 주최측인 오늘...",7,"성공한 사람들은 동일한 강의를 듣고, 동일한 책을 봐도
그곳에서 내가 얻어갈 이점을 찾습니다.
반대로 실패하는 사람들은 안 되는 이유를 먼저 찾죠.
​
​
여러분은 둘 중 어떤 사람인가요?
​
​
​
​
안녕하세요. 애드센스 블로거이자 재테크 강사로 활동하고 있는 아로스입니다. 아마 제 이름이 익숙한 분이라면 클래스101, 크몽, 탈잉이나 유튜브에서 보셨을 것 같아요.
​
​
그동안 제자님들과 소규모로 접한 적은 많았지만, 강연을 해본 적은 없었는데요. 바로 얼마 전인 7월 20일 좋은 기회가 생겨 첫 강연을 하고 왔습니다.
​
오늘 누구 만나지 - 아로스 강연 후기 발췌
​
​
제 입으로 이런 말씀 드리기 조금 쑥쓰럽긴 한데 ^^; 주최측인 오늘 누구 만나지 카페(개미버스 주식회사)에서 그동안 준비했던 강연회 중 가장 높은 참석률을 보였다고 하시더라구요.
​
​
아무래도 가장 큰 관심사가 될 수 밖에 없는
'재테크부업'
에 대한 주제였기 때문인 것 같습니다.
​
​
제가 느끼기에도 현장 반응이 정말 뜨거웠고, 다들 열심히 들어주셔서 저도 준비해간 것 이상으로 많은 것을 알려드릴 수 있었습니다.
​
​
만약 이 글을 보시는 분들 중 강연에 참석하셨던 분이 계시다면, 열심히 들어주셔서 뿌듯한 시간을 보낼 수 있었다고 감사 인사 전하고 싶네요 ^^.
​
​
오늘은 강연 후기와 함께 어떤 내용들을 다뤘는지 기록해보려고 합니다. 아로스의 첫 강연이 궁금하지만, 참석하지 못했던 분이라면 집중해서 읽어주세요!
​
6억 없이 안정적으로 100만원 벌어봅시다.
여러분 지금 월 소득이 얼마 정도 되시나요?
​
​
일단 현재 월 소득에 만족하지 못하고 부족하니까 이 글을 읽고 계실거에요. 얼마를 벌고 계시던 거기에
딱 100만원이 더 생긴다
고 생각해보세요.
​
​
그동안 참아왔던 것, 엄두도 못 냈던 것. 특히 부모님께 제대로 된 자식노릇, 자식들에게 떳떳한 부모노릇 할 수 있을 거에요.
​
​
실제로 제 강의를 수강하시는 제자님들을 보면 한결 같이 이런 말씀을 하십니다.
'애드센스로 돈 많이 벌어서 못다한 효도 하고 싶다, 맛있는 식사도 대접하고, 남들 다하는 효도 여행 보내드리고 싶다'
​
​
당장 엄청난 부자는 아니지만,
매달 100만원만 더 생기면 위와 같은 일들을 할 수 있습니다.
​
​
월 100만원 더 버는 아로스 제자 수익(실시간)
​
그러면 다시 질문 하나 드려볼게요.
​
​
흔히 재테크부업으로 많이 알아보시는게 부동산인데요. 월 100만원 월세 받는 건물주 되려면 얼마짜리 상가를 가져야 하는지 알고 계시나요?
​
​
제가 상가를 좀 알아봤는데 대출금하고 세금 다 빼고 월 100만원 벌려면 무려 6억 짜리 상가를 얻어야 합니다.
​
​
여기서 중요한 건 한 두번 벌고 끝나는 소득이 아니라, 안정적으로 꾸준히 번다는 전제 하에 6억이 필요하다는 거에요.
​
​
6억 정도 있는 분은 아마 이 글 안 읽고 계실 것 같으니까
6억 없어도 월 100만원 벌 수 있는 방법
을 알려드리겠습니다.
​
​
0원으로 6억짜리 상가를 가질 수 있을까?
가능합니다. 단,
온라인 세계
에서요.
​
​
재테크부업을 찾아본 분이라면 99% 이 생각 해보셨을거라 자신합니다.
​
​
'돈이 없어서 부업을 찾는데, 돈 없으면 시도조차 못하네'
​
​
왜 이렇게 자신하냐면, 저도 똑같은 생각을 했었거든요. '스마트스토어, 해외구매대행, 아마존셀러...' 애드센스 블로그를 시작하기 전에 제가 시도하고 알아봤던 부업들입니다.
​
​
공통점은 하나같이 다 초기자본이 필요하다는겁니다. 뭔가 좀 제대로 해보려고 하면 돈이 발목을 잡으니... 답답한 마음만 들었죠.
​
​
그러다 우연히 애드센스를 알게 되고
'노트북 하나로 글만 쓰는데 돈이 된다'
는 사실이 정말 신세계였습니다.
​
​
그동안 블로그는 네이버만 있는 줄 알았는데, 네이버 블로그로 돈 버는 방법이라고 해봤자 '체험단'이 다잖아요.
​
​
그런데, 애드센스는
글만 쓰는데 진짜 돈을 벌 수 있다
는거에요.
​
​
흔히 아는 다른 부업
(스마트스토어, 해외구매대행, 아마존셀러 등)
애드센스 티스토리 블로그 부업
초기비용 필요
전문지식 필요
악성고객 응대
단기 부업
많은 시간 소요
자본금 0원
뉴스만 봐도 수익가능
사람과 얽힐 일 0 (글작성 1회로 끝)
평생 구글 연금
하루 1시간 소요
​
아직 감이 잘 안 오시는 분들을 위해 애드센스가 어떻게 돈 버는지 알려드리겠습니다.
​
​
일단 광고주가 구글에게 '내 제품, 내 서비스'를 홍보하기 위해 광고비를 냅니다.
구글은 여러분의 블로그에 광고주의 광고를 실어주는거에요.
​
​
물론 이것만으로 돈이 들어오진 않아요. 내 블로그에 들어온 사람들이 해당 상품에 관심을 가지고 클릭할 때 수익이 발생합니다.
​
​
애드센스로 얻는 광고 수익이 세계1위 기업 구글의 순익 80% 이상이라고 해요. 여기서 놀라운 것은 구글은 본인들의 번 돈의 70%를 블로거들에게 나눠준다는 것입니다.
​
​
구글 입장에서는 꾸준히 양질의 컨텐츠를 발행해주는 블로거들을 놓치지 싫으니까 서로 winwin하는 거죠.
​
나도 할 수 있을까? 고민하는 분들께
여러분이 할 일은 딱 2가지입니다.
티스토리 회원가입
하시고 조금 이따 드릴 무료PDF 받아가세요.
​
​
글 쓰는 방법, 키워드 찾는 방법은 고민하지 마세요. 제가 알려드릴거니까요.
​
​
이것도 제 자랑처럼 들린다면 어쩔 수 없지만,
키워드까지 알려주는 아로스 말고는 강사는 세상 어디에도 없습니다.
그게 바로 돈이고, 강사 수익이기 때문이죠.
​
​
끝으로 한말씀만 더 드리겠습니다. 성공하기 위해서는 [시간, 장소, 사람] 3가지 중 하나를 꼭 바꿔야 해요. 그런데 시간과 장소는 쉽게 바꿀 수 없죠.
​
​
여러분이 성공하실 수 있도록 아로스가 함께 하겠습니다. 여러분이 포기하지 않는 한 저는 여러분을 절대 포기하지 않습니다.
​
​
​
*8월 22일 [구글 공략 강의]가 공개됩니다.
그동안 카더라만 난무했던 진짜 구글 블로그 공략법
이 궁금하다면, 당장
아백 홈페이지
에서 신청하시기 바랍니다. 70개 한정수량으로 얼리버드 특가 진행중입니다. (해당 강의는 올인원 제자님들에게는 무료로",3252,False,부업 성공 후기,https://blog.naver.com/gksksla9/222833745597,0,,20220729,,4,blog,3,재테크부업? 성공한 사람들의 공통점 (오늘만 강연 후기)
0,가성비 vs 가심비,,,강의,집에서 부업을 하기에 이것만한게 따로 없었어요~ 강의를 들으면 아이템어떤게 있는지 다 알려주시고... 둘 후기가 생기니 나름대로 주문이 잘 들어와서 완전 만족중이랍니다. 센터에서 운영하는 곳이다보니...,7,"다들 토퍼 아시나요? 요즘 토퍼가
유행이라더라구요~ 저도 이번에
생일 맞이로 주문을 했는데
생각보다 토퍼 비용이 꽤 들더라구요?
​
케이크 위에 간단하게 꽂아서
하는거인데도 멘트랑 어떻게 꾸미냐에 따라
또 다르더라구요?
​
케이크 받은 지인이 너무 좋아하셔서
기분은 좋았지만~ 가격에 문득
슬픔이 ㅎㅎㅎ
​
그러다가 든 생각이 내가 직접 만들어서
팔면 좋지 않을까? 하는 생각에
실행에 옮겨서 토퍼 아트를 배워보아서
지금은 온라인으로 소소하게
돈 벌고 있는 중이랍니다~
​
사실 토퍼 배우고 싶다는
막연한 생각만 있고 어디서 배우면
좋을지 모르겠더라구요.
완전 초보이다 보니까 도전하기
막막했는데 이곳 저곳 알아보니
​
창업으로 해주는 학원이랑 공방등이
있었는데 저는 직장을 다니다 보니까
온라인으로 했으면 좋겠어서
온라인 수업을 알아보다가 너무 좋은 곳을
발견했어요~
​
이곳은 토퍼아트 자격증 뿐만 아니라
작품판매 지원 까지 알아봐주더라구요?
그래서 이거다 싶었죠
​
​
​
본격적으로 알아보니 온라인 수업을 하면서
토퍼를 만들때 필요한 기본적인
토퍼디자인방법, 커팅시 사용방법,
꾸밈 장식까지 전체적으로
수강이 가능하더라구요.
​
무료샘플 강의를 들을 수 있어서
들어보았는데 샘플 강의가 알차고
강사님설명 뿐만 아니라
커리큘럼까지 너무 잘 되어 있어서
바로 수강신청했어요.
​
수강신청을 하고도 맘에 든건
직접 공방을 운영하시는 분이다보니
판매제품을 직접 배울 수 있더라구요
​
사실 토퍼는 시즌별로 나가는게
많기 때문에 수익적으로 별로이지 않을까?
라는 고민을 했었어요. 근데 이 과정을 들으면
레터링 풍선까지 같이 들을 수 있더라구요?
​
집에서 부업을 하기에 이것만한게
따로 없었어요~ 강의를 들으면
아이템어떤게 있는지 다 알려주시고
30개 이상의 아이디어를 주시니까
좋더라구요.
​
토퍼아트만 배우시고 싶으시면
토퍼만 배우실 수도 있으니
걱정안하셔도 될것 같아요.
​
​
토퍼아트는 기계를 이용해서
글씨를 자르는 것이다 보니
디자인을 어떤식으로 구성하는지가
제일중요해서 그런지 처음 강의부터
디자인 구성 방법을 알려주시더라구요
​
토퍼가 다양한 기념일에 사용이 되서
특별한 문구를 이용해 디자인을 하는데
문구디자인을 처음부터 천천히 다 알려주시니까
정말좋았어요.
​
포토샵을 하나도 모르는 저인데
정말 기초부터 다 알려주셔서
걱정하나 없이 했어요~
위에 영상처럼 마우스 옮기고
도형꾸미는 간단한거라 엄청 어렵지도 않고요
​
​
온라인 강의들으면서 토퍼를
여러가지 만들게 되는데요
따라한 토퍼 만으로도 지인에게
선물을 해주니 직접 만든거냐고 물어보면서
산줄 알았다고 하더라구요~
​
그만큼 저같은 초보가 해도 쉽다는 소리겠죠?
디자인 틀 하나 구성해 놓으면
안에 글씨가 바뀌는거다 보니까
크게 어려운 부분이 없더라구요.
​
요즘 릴스에서 보이는 디자인도
재미있어서 용돈토퍼, 사진 토퍼 등으로
강의보고 응용도 해보고 있답니다.
​
​
토퍼가 종이로 만든것이다 보니까
손재주가 필요할까봐 걱정하실텐데
전혀 그럴필요가 없는게
​
디자인은 컴퓨터에서 뽑기는 커팅기가 다 해줘요
그래서 저희는 그냥 뽑고 순서대로
붙여주기만 하면 된답니다.
​
커팅이 다 된거라 붙이는것도 정말 쉬웠어요.
제일 좋은 점이 처음 기구만 사면
나중에는  종이가격만 들기 때문에
마진이 진짜 높더라구요~
​
​
한달동안 열심히 해서 자격증 따고
스토어 창업을 했는데요~
홍보랑 노출이 잘되는 곳에
입접이 되어야 장사가 잘되는데
입점처가 딱히 없어서 걱정하고 있다가
​
여기는 자체 쇼핑몰을 운영하더라구요!
게다가 쿠팡이나 11번가 같은 곳에도
같이 홍보가 연동되니
주문도 잘 들어오구요~
​
처음 주문이 들어와 하나 둘 후기가 생기니
나름대로 주문이 잘 들어와서
완전 만족중이랍니다.
​
​
센터에서 운영하는 곳이다보니
입점도 어렵지 않고 자동으로 마켓등록이
되니까 여기저기서 주문이 들어오더라구요.
​
저는정말 작품제작에만 신경을 쓰고
배송, 주문 관리를 다 해주셔서
신경 많이 안쓰고 일했어요~
​
따로 홍보하지 않아도
부업으로 꽤 쏠쏠한 돈이 들어와서
좋더라구요.
​
​
작품만드는데 20분 정도 걸리고
택배 만들고 하니까 시간이
덜 걸리는 경우도 있더라구요.
​
시급으로 20분에 12,000원 정도니까
웬만한 아르바이트 보다
쏠쏠하더라구요
​
대기하다가 알림이 오면
바로 만들어서 보내는 시스템이아니고
전날 주문 들어온 건
​
다음날 한번에 만들어서 처리하면 되니까
자유롭게 일할 수 있더라구요
저같은 직장인들은 진짜 최고의
부업이랍니다!
​
​
직접 발로 뛰며 배우지 않아도
온라인 강의만으로도
체계적인 커리큘럼을 이수해서
수수료도 받지 않고
제가 수익이 다 남으니까
너무 좋더라구요~
​
디자인도 서툴고 판매도 어려울 꺼같아서
시작을 망설이는 분들이 많으실텐데
그런분들에게 제가 들은 과정을
정말 강추드려요!
​
아래 링크 남겨드릴테니
아래 들어가셔서 상담이랑 무료강의만
들어보세요!!
​
​
토퍼아트홈창업
무료 강의 및 상담 받기>>>
​
​
솔직한 수강 후기를 작성하고
소정의 원고료를 받습니다.",2459,False,부업 성공 후기,https://blog.naver.com/ds5108/223313499982,0,,20240105,,4,blog,3,토퍼아트 배워서 부업성공후기
0,글쓰고 만들고 사람도 좋아하는,,,기타,"코바늘 뜨개질 집에서 시작해 재택 부업 성공 후기 집에서 꼼질꼼질, 태교 취미로 무엇이 좋을까... 제법 성공했답니다.ㅎㅎ 찾아보니까 왔다갔다 하지 않고도 집에서 편하게 코바늘 뜨개질을 기본부터, 파는...",10,"코바늘 뜨개질 집에서 시작해 재택 부업 성공 후기
집에서 꼼질꼼질, 태교 취미로
무엇이 좋을까 고민하다가
배우게 된 코바늘 뜨개질!
아이 덧신, 딸랑이, 보닛 등
제가 전부 만들었어요.
주변 지인들에게 선물도 하고
SNS에 올려서 자랑도 했더니
반응이 좋아서 제대로 배워보면
좋겠다 싶더라구요.
그래서
​
각 잡고 코바늘뜨기를 시작한 지
2달만에 온라인 쇼핑몰로
작품을 팔아보기 시작했고
지금은 생활비로 쓰고도 여유가 남아서
아이를 위해 적금 하나를 들 정도로
제법 성공했답니다.ㅎㅎ
찾아보니까 왔다갔다 하지 않고도
집에서 편하게 코바늘 뜨개질을
기본부터, 파는 법까지
가르쳐주는 아카데미가 있더라구요.
에어팟 케이스나 목소리, 가랜드
아기용 보넷, 수세미 등등
​
실제로 인기있는 아이템들을
쏙 골라서 짜여진 커리큘럼으로
만드는 방법을 배워보고
파는 방법까지 배워볼 수 있으니
저도 힘들이지 않고
시작해볼 수 있었어요.
아이 출산 후에 자연스럽게
경력 단절이 되는 친구들을 보면서
속으로 저도 체념하고 있었거든요.
그런데 아등바등할 것 없이
집에서도 돈 벌 수 있는 일을
찾게 되어 정말 다행이다 싶어요.
언제든 어디서든 장소, 시간 관계 없이
원할 때 원하는만큼
일할 수 있단 게 좋더라구요.
결론만 말씀드리면 제가 회사 다니며
벌었던 것보다 더 벌고 있다 보니까
남편도 이렇게도 돈을 벌 수 있냐며
신기해하며 저를 매직 핸드라
부르는 데 어찌나 웃기던지.ㅎㅎ
남편도 좋아하고
저도 제가 버는 금액 안에서
먹을 거, 사고싶은 거
다 해결하니까 참 좋아요.
제가 어떤 방법으로
배우고 돈까지 벌게 되었는지
이제 천천히 써볼게요.
저는 이런 인터넷 강의로
코바늘 뜨개질 하는 법을 배웠답니다!
뜨개질에 뭐가 필요한지
긴뜨기, 사슬뜨기, 겉뜨기 등
여러 가지 기법까지
정말 여러 기법이 있는데
전부 다 인터넷 강의로 배웠어요.
초보자가 듣기에도 문제 없을 만큼
자세하게 설명해주기 때문에
어렵지 않았거든요.
강의 수도 많다보니까
완강하는 데에 2달이 걸렸는데
결국 다 제 기술이 되었으니
배우는 입장에서는
강의가 많은 게 좋더라구요!
뜨개질 기법만 알려주지 않고
만드는 과정은 기본에
재료 설명, 완성품 모습까지
전부 다 강의에서 보여주다보니
헷갈리거나 어렵다 느껴지는 게
하나도 없었어요.
강의만 따라해도 전문 강사님이
만든 작품과 똑같은 작품이 나오니까요.
게다가 실 색을 바꾼다거나
기법을 활용해서 저만의 작품까지도
다양하게 만들어볼 수 있구요.
실용성은 물론이고
수공예 작품이라 가치도 높아서
재료비 생각해보면 남는 게 많아
하나만 팔려도 짭짤하답니다.
수세미같은 건
두고두고 사용하는 아이템이라
꾸준하게 주문이 들어오구요.
처음 강의를 신청하면
초도재료를 제공해줘서 별도로
재료비 들이며 사지 않아도 되니
참 편했어요.
코바늘 뜨개질 할 때 필요한 실,
도구들도 그렇게 비싼 편은 아니지만
이렇게 받아 쓰면 돈도 아끼고 좋잖아요.
택배로 가득 온 걸 정리하고 바로
강의를 들었는데 너무 재밌다보니까
푹 빠져서 밤새 한 적도 있어요.ㅎㅎ
취미하며 돈까지 버니까
더 재밌게 느껴지더라구요.
이번엔 뭘 어떻게 만들까
즐거운 고민도 하고
어떻게 만들어야 더 인기가 좋을까
혼자 디자인을 짜보기도 하구요.
기본기부터 탄탄하게 배웠더니
제가 생각한 디자인을
100% 만드는 것도 가능했거든요!
코바늘이라는 게 정말 매력적이죠?
그럼 이제는 어떻게
팔아보게 됐나를 써볼게요~.
제가 따로 쇼핑몰을 만들거나
어디 사이트를 만든 건 아니구요!
아카데미에서 제공해주는
수공예 온라인 쇼핑몰을 활용해서
팔고 있답니다.ㅎㅎ
이 곳에서 지원해주는 게
정말 다양하고 좋거든요!
아카데미에서 수강생들 전용으로
운영되고 있는 곳인데
자기가 직접 팔고 싶은 걸
올려볼 수 있어요.
가격, 작품 이름, 설명 등 정말
기본적인 것만 적어서 올리면 된답니다.
이 곳에만 올려둬도
다른 사람들이 많이 사용하는
네이버 쇼핑, 쿠팡같은 곳에
자동으로 연동되어 노출되기 때문에
따로 쇼핑몰을 만들 필요가 없더라구요!
11번가, g마켓, 롯데on 등등
20개가 넘는 대형 쇼핑몰에
자동으로 올라가니까
홍보 효과도 톡톡해요.
코바늘 뜨개질 하나로 제가 만든 작품을
여러 곳에 노출시키고 많이들
찾아주신다는 게 정말 큰 장점이더라구요.
제가 이곳저곳 홍보하러
다니지 않아도 알아서 주문이 들어오니
저는 주문 확인하고 만들어
보내기만 하면 돼서
신경쓸 게 적어 편해요!
개인 쇼핑몰 오픈도 좋지만
이 곳을 이용하면 수수료, 입점비
모두 0원이니까 굳이 만들어야하나?
라는 생각이 들더라구요.ㅎㅎ
수강 기간도 평생인 평생 회원제라
일반적인 곳들과는 달라요.
확실히 이 쪽으로 지원해주려고
운영되고 있다는 느낌이 강하더라구요.
강의같은 경우에도 주기적으로
계속 업데이트 되니까 따로
어디 다니며 추가금 내고 배울
필요도 없어요. 든든!
코바늘 뜨개질에 관심 있으시다면
취미로도 좋고 저처럼
돈 버는 일로도 괜찮으니
이곳저곳 활용 가능하도록
시작해보셔도 좋을 것 같아요.
홈페이지 가보시면 샘플 강의도
원하는 걸로 골라서 들어볼 수 있거든요!
한 번 들어보세요.
코바늘 뜨개질 인터넷 강의
원하는 강의 골라보기 >>>
​
​
- 실제 수강생 후기로 작성 후
소정의 상품권을 받습니다. -",2541,False,부업 성공 후기,https://blog.naver.com/raphy324/223212746520,0,,20230915,,4,blog,6,코바늘 뜨개질 집에서 시작해 재택 부업 성공 후기
0,오래오래 행복한 롱런이,,,기타,케이크 토퍼 만들기 시작해서 부업으로 성공후기! 생일이나 기념일에 축하를 해주기 위해 케이크를 준비를 많이 하는데요. 케이크를 보다 더 특별하게 만들 수 있는 토퍼라는 아이템이 있더라구요. 토퍼는 이쁜...,5,"케이크 토퍼 만들기 시작해서 부업으로 성공후기!
생일이나 기념일에
축하를 해주기 위해
케이크를 준비를 많이 하는데요.
​
케이크를 보다 더 특별하게
만들 수 있는 토퍼라는
아이템이 있더라구요.
​
토퍼는 이쁜 글씨체로
다양한 문구를 작성해서
케이크에 꽂기만 해도
분위기도 달라지고
더욱 특별한 케이크 선물이 된답니다.
​
저도 몇번 주문 제작을 해서 사용해 봤고
많은 사람들이 주문 제작을 하고 있어서
한 번 제대로 배워둔다면
집에서 부업도 가능해 보여서
케이크 토퍼 만들기에 도전을 했어요!
​
​
​
​
​
​
케이크 토퍼 만들기는
재료비용이 많이 들지 않아
소자본으로 시작을 할 수 있어서
부담이 크지 않아요.
​
많은 사람들이 이벤트를 위해
토퍼를 많이 주문해서
수요도 적은 편은 아니라
​
토퍼 기계만 있으면
토퍼 만드는 방법도 어렵지 않아서
부업으로는 정말 좋은 아이템이에요. :)
​
생일, 결혼기념일, 돌잔치, 개업,
새해, 여행, 프로포즈 등등
기념일이 사람마다 다르기 떄문에
정말 안정적으로 수익을 내기 좋아요.
​
​
​
​
​
​
​
케이크 토퍼 만들기 위해서
전용 컷팅기를 사용하는데
토퍼 제작뿐만아니라
레터링풍선에도 사용할 수 있어요.
​
전용 컷팅기를 알아 봤는데
새제품은 40~50만원 정도 하는데
가격이 부담스러워서
상태가 좋은 중고를
20만원 정도 주고 구매를 했어요.
​
앞으로 제작 주문을 해서
꾸준히 살거를 생각하면
한 번 투자해서 배워서
직접 만드는 방법이 이득인거 같더라구요. :)
​
​
​
​
​
​
전용 컷팅기만 구매 했다고
토퍼를 제작할 수 있는건 아니예요.
​
(이모티콘)
​
프로그램 사용법을 알아야 해서
토퍼 관련 정보를 찾아봤는데
토퍼 제작을 온라인으로 배울 수 있는
전문적인 교육기관을 알게 발견했어요.
​
이 온라인 교육기관은
프로그램 설치부터 사용법,
케이크 토퍼 만들기 뿐만아니라
창/부업으로 활동하는 과정까지
도움을 받아 볼 수 있더라구요.
​
​
​
​
​
​
컴퓨터를 잘 다루는 편이고
디자인에 대해 센스도 없어서
저도 처음에 걱정을 많이 했어요.
​
그런데 초보자들도 배울 수 있게
실루엣스튜디오 프로그램 설치 방법부터
디자인 제작 까지 자세히 알려주기 때문에
전혀 어려울게 없더라구요.
​
​
​
​
​
​
문구만 있는 단순한 토퍼도 있고
사진이나 그림이 들어가 있는 토퍼,
케릭터가 들어가는 토퍼 등등
토퍼도 종류가 다양해요.
​
어떤 재료를 쓰고 어떻게 만드냐에 따라
느낌도 다르고 완성도가 달라져요.
​
교육기관에서 실제로 잘 팔리는
제품의 디자인, 컬러를 알려줘서
배운 작품을 그대로 판매해도 된답니다. :)
토퍼는 5000~15000원 정도에
판매가 이루어 지는데
종이와 막대기 외에
많은 재료가 필요하지 않아서
들어가는 재료비에 확실히 마진이 좋더라구요.
​
​
​
​
​
​
케이크 토퍼 만들기가
정말 어렵지 않는게
컷팅기가 알아서 오려주기 때문에
배우는데 정말 오래걸리지 않아요.
​
컷팅 된 토퍼에
막대를 붙이기만 하면 돼서
정말 제작하는 시간도 짧더라구요.
​
색지나 부자재를 추가해서
디자인을 낸다면 시간이 더 걸리지만
그렇다고해도 많은 시간을
투자하지 않아도 충분해요!
​
​
​
​
​
​
한 번 수강을 하면 기간 제한이 없어서
시간적으로 여유가 있을 때
집에서 강의를 보며 배울 수 있어요.
​
강사님도 공방을 운영하며
직접 제작 판매도 하고 있어서
인기있는 토퍼 디자인을
다양하게 알려주더라구요.
​
생일, 결혼기념일, 돌잔치, 개업,
새해, 여행, 프로포즈 토퍼 등등
케이크 토퍼 만들기는 물론
토퍼 커팅기를 이용한
굿즈, 야광봉 등의 제작도 알려주는
다양한 커리큘럼을 다루고 있어요.
​
​
​
​
​
​
수강을 3개월 정도 하고
케이크 토퍼 만들기가 능숙해졌을 떄
판매에도 도전을 했어요.
​
교육기관에서 수강생에게
공방창업, 클래스운영, 강사활동 등등
수입활동을 할 수 있게
도움을 받아 볼 수 있는데
저는 제작판매에 도움을 받았답니다.
​
교육기관에서 운영하는 쇼핑몰으로
수강생이라면 등록/판매 수수료 없이
사용할 수 있게 제공받아
판매금 전액 받아 볼 수 있는 쇼핑몰이에요.
​
​
​
​
​
​
쇼핑몰에 판매 할 상품을 등록하면
국내 유명 쇼핑몰인
네이버 쇼핑, 11번가, 쿠팡, G마켓 등에
동시 노출이 돼서
주문이 잘 들어오더라구요.
​
수수료를 부담하지 않고
따로 홍보를 하지 않아도 돼고
주문부터 결제 정산까지
교육기관에서 관리를 해줘서
편안하게 판매를 하고 있어요.
​
주문이 들어오면 확인해서
케이크 토퍼 만들기를 해서
배송만 하면 된답니다. :)
​
​
​
​
​
​
케이크 토퍼 만들기에 관심이 있다면
제가 배운 교육기관에서
배워보시는 걸 추천해요!
​
케이크 토퍼 만들기를
배울 수 있는 곳은 많아도
창/부업으로 도움을
받을 수 있는 곳은 찾기 쉽지 않아요.
​
또 토퍼 한 가지만 등록해도
다른 수공예도 수강할 수 있는데
레터링 풍선도 배워서
경쟁력에 도움이 될 수 있답니다.
​
아래 링크 남겨드릴테니
한 번 자세히 알아보시면
도움이 되실거예요. :)
​
​
​
토퍼 과정
더 자세히 알아보기>>>
​
​
수강생의 솔직한 후기를 작성하고
소정의 상품권을 받았습니다
​",2518,False,부업 성공 후기,https://blog.naver.com/chaimin80/223315895821,0,,20240108,,2,blog,3,케이크 토퍼 만들기 시작해서 부업으로 성공후기!
0,❤드림투유 공로상수상 1등 교육멘토 ❤,,,기타,"40대 50대 집에서하는부업 직장인투잡알바 7월 2180만원 번 성공 후기 현대 사회의 빠른 변화와 불안정한 경제 상황 속에서, 많은 사람들이 추가 수입을 위한 다양한 방법을 모색하고 있습니다. 오늘은...",7,"40대 50대 집에서하는부업 직장인투잡알바 7월 2180만원 번 성공 후기
​
​
​
현대 사회의 빠른 변화와 불안정한 경제 상황 속에서,
많은 사람들이 추가 수입을 위한 다양한 방법을 모색하고 있습니다.
​
오늘은 집에서하는부업에 대해 자세히 알아보려고 하는데요
'집에서하는부업'은 직장인투잡알바 등 다양한 형태로 존재하며,
특히 50대 40대주부알바로 인기를 끌고 있습니다.
이번 글에서는 주로 블로그글쓰기만으로
AI자동시스템제공 등의 원고작성알바를 중심삼아,
어떻게 시작할 수 있는지,
그리고 7월 월급2180만 성공후기로 공유하겠습니다.
​
​
본 글을 통해 추가부수입을 올릴 수 있는
다양한 방법들을 습득하고 실생활에 적용할 수 있을 것입니다.
​
​
​
​
7월 5일만에 681만 성공 후기
​
경제적 이유로 고정 수입 외에
추가 수입원이 필요할때 유용하고
시간과 장소에 구애받지 않고 일할 수 있어
직장이나 가정의 책임을 동시에 지키면서
수익을 창출할수 있는데요
​
​
많은 사람들이 지속 가능한 평생직업을 찾고싶어하죠
집에서의 부업은 이를 위한 첫 희망의 걸음이 되여줍니다
​
체력적 부담이 적어 40대주부알바도 적합하고
인터넷과 AI등을 활용한 특허등록 낸 신기술이 등장하면서
다양한 부업의 형태가 편리하게 제공하기에
글재주가 없어도 타자만 아신다면
도전 첫날부터 수익을 얻을수 있다는 장점이 있습니다
​
​
추가 직장인투잡알바로 퇴근 후
또는 주말시간을 이용해 월급 외에 소득을 얻을수 있고
50대 60대 은퇴 후에도 소득을 유지하기 위해
집에서 하는 부업이 꼭 필요하므로 좋은 기회가 되여 줍니다
​
​
​
​
​
​
직장인 월급
48일만에 6배 1800만 성공 후기
적극 추천해 드리고 싶은 이유는
주부알바로 블로그부업으로
직장인투잡알바의 전문마케팅기업이라
​
​
모든 작업은 단복되는 글쓰기알바로
접근성이 좋아 꾸준하게 수익을 올리게 되고
​
​
AI자동 시스템을 이용한 알바투잡이기에
AI를 통해 원고를 작성이 된다는 장점이 있어요
​
​
그외 간단한 좋아요 , 구독,
터치터치 작업을 통해 포인트적립하는 방식도 있습니다
​
​
​
시간 관리가 유연하고
일과 중 빈 시간이 생기면
카페나 집에서도 어디서나
그 시간을 활용해 투잡알바을 할수 있어 편리합니다
​
​
​
​
​
​
3일만에 또 361만 적립완료
​
​
성공적으로 집에서 하는 부업을 하기 위한
몇 가지 팁을 공유해드자면
​
비대면 부업알바이지만
어떻게 참여하는지 하는방법은
1:1원격교육 & 상담교육 & 카톡교육으로 진행됩니다
처음에는 수익이 적을 수 있지만
꾸준히 하다 보면 점차 요령이 생겨
월100만 월300만이상 부수입을 얻을수 있어요
​
​
그 이유는
본업의 불확실성을 느끼는 사람들에게도
단가가 최소 1만부터 ~ 6만 ~10만
50만 ~120만 ~300만이상 까지 적립이 되기에
한번 배우면 투잡알바에서 직장인월급보다 3배넘은
큰 성과를 얻을수 있습니다
​
​
​
​
​
​
시작하기 전 초기비용이 필요한데요
이 초기비용인 매 개인 마다 홈페이지 제작 및
솔루션셋팅 비용이므로 실기간 접속을 통해
일감제공과 수익적립을 확인할수 있게 됩니다
​
​
​
​
​
​
7월27일 실제 50% 환급 출금가능한 사례
초기투자금액은 최대200% 환급해주는 제도로 운영되며
보증금 개념으로 개인 솔루션 홈페이지 제작 및 셋팅비용이
""딱 한번 "" 발생이 되요
​
초기투자한 시간이
단시간 내에 큰 성과를 낼수 있다는 장점 바탕으로
초기비용에 대한 부담을 줄여줍니다
​
​
​
​
​
목표를 설정하여 성취감을 느낄수 있는 일
저는 현재 VVIP등급으로 업계 최고수익률적립 혜택을 받아
지난 5월 6월 내 집에서 월1800만 월1500만 벌어갔으며
여기에 꾸준히 노력한다면 월2000만도 불가능한 일이 아닙니다
​
​
​
​
​
​
​
​
현재 VIP등급 VVIP등급 가입 폭주이니 참고해주시고
궁금한 점이 있다면 언제든 오픈톡으로 문의해 주세요
준비가 되셨다면 당일교육으로 당일수익 벌어가게 해드리겟습니다
​
​
​
​
​
​
​
초기투잡금 등급에 따라 적립률이 다르며
매 카드사마다 무이자 혜택 5개월에 6개월 할부결제가 가능합니다
​
​
참고해주시고
내가 배우면서 월500만 천만 벌고 싶다면
지금 바로 문의주세요
​
​
​
* 단순 떠보기 문자 정중히 거절 🚫
* 나이 부업 경력과 함께 기재 문의 부탁 🙏
​
​
younhamom👑님의 오픈프로필
VVIP 1:1맞춤교육 ! 수익 발생 할수 밖에 없는 시스템 제공 !
open.kakao.com
​
​
/본업에서의 스트레스를 덜 받으며 자율적 일하게 되어 유리
자신의 흥미와 재능을 발견하고 발전시키는 기회가 되여주고 수공예품제작이 아닌 온라인마케팅통해 현업에서 내가 어떤 것들을 추가적 할수 있는지 등 다룰 예정입니다  성과와 주의해야 할 점 들을 분석해 볼게요  교통비나 외식비 등의 부대비용을 절약할 수 새로운 도전과 배움 좋은 선택 이러한 정보를 통해 플랫촘이나 앱테크 경우에는 초기투자한 내 큰 성과를 받아가게 진행한 시간 소소한 부수입 구체적인 팁 제공 하나의 일로서 책임감을 가지고 진행합니다 병행하다 보면 피로감이 쌓일수 있게되 최소화 성실하게 진행 다양한 연령대와 직업군에서도 추가적인 아로니티 소득을 창출하여 경제적인 안정성을 높여보세요
뉴카인드멘토 아로니티일감 드림투유일감 헬로우드림멘토 헬로우드림CPA 드림투유CPA 아로니티재가입
뉴카인드재가입 애드펌킨초보 드림투유초보 슬립업멘토 이나 높게 보셔야 됩니다 드림큐일감 드림큐멘토 드림큐 온라인몰
​
​
​
​
​
​
​
​
​
​
​
​
​
​
​
​",2719,False,부업 성공 후기,https://blog.naver.com/younhamom/223529418557,0,,20240729,,4,blog,3,부업 직장인투잡알바 7월 2180만원 번 성공 후기
0,아름다운세상을만나다,,,스마트스토어,"주부부업후기, 성공적인 경험을 공유하다 주부부업후기를 찾다 보면, 실제 매출을 올린 사람들의 사례가 많습니다. 예를 들어, 한 주부는 온라인 쇼핑몰을 통해 처음에는 작게 시작했지만, 꾸준한 마케팅과 상품...",9,"포인트 지급 후 작성된 정보 제공의 목적
많은 주부들이 가정의 경제적 부담을 덜고 싶어 부업을 고민합니다.
그런 가운데, 실제로 집에서 할 수 있는 부업을 찾고 있는 분들이 늘어나고 있는데요.
특히 주부부업후기를 검색하는 분들은 실제로 부업을 시작한 사람들의 경험담을 듣고 싶어 합니다. 오늘은 그 중에서도 주부부업을 성공적으로 해낸 후기를 중심으로 이야기를 나눠보겠습니다.
​
1.  주부부업, 실제 후기로 시작하는 부업의 첫걸음
주부부업후기라는 키워드를 찾고 있는 분들이 가장 궁금해하는 건, 그 부업이 실제로 얼마나 효과적인지에 대한 정보입니다.
여러 후기를 통해 부업을 시작한 주부들의 이야기를 들을 수 있는데, 그 중에서도 특히 온라인 쇼핑몰을 통해 부업을 성공적으로 해낸 분들의 이야기가 주목받고 있죠.
온라인 쇼핑몰 부업을 선택한 주부들은 대부분 집에서 자녀를 돌보면서도 안정적인 수익을 창출할 수 있다는 점에서 큰 장점을 느낍니다.
한 주부는 스마트스토어에서 시작한 부업이 어느새 매달 수백만 원의 수익을 가져다주었다고 전했습니다.
이처럼 주부부업은 단순히 가정의 경제적 부담을 줄이는 수준을 넘어서, 때로는 가족의 삶의 질을 높일 수 있는 방법이 되기도 합니다.
​
2.  부업 선택, 어떻게 해야 할까?
부업을 시작할 때 가장 중요한 점은 자신에게 맞는 부업을 찾는 것입니다.
모든 사람이 온라인 쇼핑몰을 시작하는 것이 최선은 아닙니다.
하지만 요즘은 쿠팡이나 스마트스토어 같은 온라인 플랫폼을 통해 적은 투자로도 시작할 수 있는 기회가 많아졌습니다. 실제로 한 주부는 상품 소싱과 위탁 판매를 통해, 시작한 지 6개월 만에 월 4백만 원 이상의 수익을 올린 경험을 공유했습니다. 그 과정에서 가장 중요한 점은 무엇보다 시장 분석과 트렌드에 맞는 상품을 선정하는 것이었습니다.
또한, 부업을 시작할 때 필요한 또 다른 중요한 요소는 꾸준함입니다.
처음 몇 달은 수익이 적을 수도 있지만, 지속적으로 전략을 수정하고 개선하면서 수익을 늘려갈 수 있다는 점에서 인내가 필요합니다.
주부부업후기들을 보면, 처음에는 불안했지만, 점차 실제 수익을 경험하면서 자신감을 얻고 성공적인 부업으로 자리 잡은 경우가 많습니다.
​
3.  주부부업, 내게 맞는 플랫폼 고르기
온라인에서 시작할 수 있는 다양한 부업 중, 플랫폼을 선택하는 것도 매우 중요합니다.
예를 들어, 스마트스토어는 비교적 쉽게 입문할 수 있지만, 꾸준한 관리와 고객 서비스가 필요합니다.
반면 쿠팡의 경우, 물류와 배송에 대한 부분이 자동화되어 있어, 판매자 입장에서 편리하게 운영할 수 있습니다. 그 외에도 네이버 쇼핑, 11번가와 같은 다양한 온라인 플랫폼이 있는데, 각 플랫폼의 특성에 맞춰 자신에게 가장 적합한 곳을 선택하는 것이 중요합니다.
부업을 시작하기 전, 실전 경험이 풍부한 주부들의 후기를 참고하는 것이 많은 도움이 됩니다.
다양한 후기를 통해 어떤 상품이 잘 팔리고, 어떤 판매 전략이 효과적이었는지에 대한 실질적인 정보를 얻을 수 있기 때문입니다.
​
4.  주부부업후기, 성공적인 경험을 공유하다
주부부업후기를 찾다 보면, 실제 매출을 올린 사람들의 사례가 많습니다.
예를 들어, 한 주부는 온라인 쇼핑몰을 통해 처음에는 작게 시작했지만, 꾸준한 마케팅과 상품 라인업 확장으로 매출이 급증했다고 말합니다.
그녀는 SNS 마케팅을 활용해 자사 상품을 인스타그램이나 블로그에 소개하며, 고객의 신뢰를 얻는 과정이 부업 성공의 열쇠였다고 전했습니다.
이러한 후기를 통해 느낄 수 있는 점은, 성공적인 부업은 꾸준한 노력과 전략적인 접근이 필요하다는 것입니다.
처음에는 작은 수익이었지만, 시간이 지나면서 그 수익이 배로 늘어나기도 합니다.
중요한 건, 기회를 잡고, 포기하지 않고 계속 도전하는 자세가 부업 성공의 핵심이라는 것입니다.
5.  주부부업후기, 어떻게 시작할까?
주부부업을 시작하려면 첫걸음이 중요합니다.
부업을 시작하기 전에 자신에게 맞는 부업이 무엇인지 고민하고, 그에 맞는 플랫폼을 선택하는 것이 중요합니다.
여러 후기를 찾아보면서 어떤 방법이 자신에게 맞는지 고민하고 실제 경험담을 바탕으로 성공 전략을 세우는 것이 중요하겠죠?
부업을 시작하면서 처음에는 어렵다고 느낄 수 있지만, 꾸준한 노력과 스스로의 실력을 쌓는 과정이 결국은 부업 성공으로 이어집니다.
주부부업후기들을 통해 점차 자신감을 얻고, 차근차근 실력을 쌓아가다 보면 언젠가 자신도 성공적인 부업인이 될 수 있을 것입니다.
​
🚀소싱부터 배송까지 한 번에 끝내는<쇼핑몰 다이렉트 마스터> 모집🔥
cafe.naver.com
퇴사자부업후기 퇴사 후 부업을 시작한 사람들의 경험담과 노하우
포인트 지급 후 작성된 정보 제공의 목적 퇴사를 결심하고 나서 가장 중요한 고민 중 하나는 ‘이후에 무엇...
blog.naver.com
​",2351,False,부업 성공 후기,https://blog.naver.com/bqqfmqkkco67916/223867260907,0,,20250516,,6,blog,3,주부부업후기 집에서 시작할 수 있는 부업 그 성공의 비결
0,람쥐씨의 알뜰살뜰 일상이야기,,,스마트스토어,"악세사리 부업 후기 남겨볼게요 제가 하는 악세사리 부업은 비즈공예로 귀걸이, 목걸이, 반지 등 다양한... 부업지원센터를 통해 실제 작가분께 악세사리 제작을 배우고 기관의 지원을 받아 온라인 판매에 성공했...",12,"후기를 작성하고 기관으로부터 수수료를 받습니다
​
​
​
​
재택으로 할 수 있는 부업이
생각만큼 편하진 않아요
​
대부분 단순 손포장부업인데
시간대비 돈도 안되고
부품 양도 많고 크기도 작아서
집안이 금방 어질러지거든요
​
특히 어린 아이를 키우면
먼지도 나고 입으로 넣기도 해서
할게 못되더라고요
​
시간내에 급하게 마감을
해야하는 단순포장 말고,
전문성있게 할 수 있는 재택일이 없을까
고민하다가 악세사리 부업을
시작하게 됐는데요
​
처음 시작할 때만 해도
이렇게 안정적으로 자리를 잡게될 줄 몰랐어요
자세한 악세사리 부업 후기 남겨볼게요
​
​
​
​
​
​
​
​
​
​
​
제가 하는 악세사리 부업은
비즈공예로 귀걸이, 목걸이, 반지 등
다양한 장신구를 제작해
온라인으로 판매하는 일인데요
​
한마디로 핸드메이드 작가가
되는 일이라고 보시면 돼요
요즘 수공예 작가들 많잖아요~
​
어떤 악세사리를 팔지,
얼마의 마진을 남길지,
자유롭게 정할 수 있고
​
핸드메이드로 제작하는거라
공장표보다 더 비싼 값에 팔 수 있어서
만족하며 일하고 있어요
​
손포장부업과는 비교도 안될만큼
생활의 질도 높아졌고요
​
​
​
​
​
​
​
​
​
​
​
1:1로 주문을 받아
제작 판매 하는거라
대량 생산을 하지 않아도 되고
​
악세사리 부업 가짓수도
직접 확장할 수 있어서
노력하는만큼 벌 수 있는 일이랍니다
​
주로 전날 주문건을 확인하고
오전 중으로 제작해 택배를 보내고 있어요
​
이렇게 한가하게 일해도
평일 내내 7-8시간씩 손포장부업
하는것보다 더 많이 번답니다
​
​
​
​
​
​
​
​
​
​
​
​
악세사리 부업은 타고난 감각이 없어도
누구나 배워서 시작할 수 있어요
​
저는 창업부업지원센터를 통해
실제 작가분께 악세사리 제작을 배우고
기관의 지원을 받아 온라인 판매에 성공했는데요
​
입문부터 수익창출까지
대략 두달 정도 걸렸어요
​
계산해보니 당장 손포장일에 뛰어드는것보다
두달 정도 전문성을 갖춘 뒤
내 작품을 판매하는것이 장기적으로
훨씬 이득이더라구요
​
​
​
​
​
​
​
​
​
​
​
​
제가 수강한 곳은
온라인강의로 진행하기 때문에
주부도 재택으로 편하게 연습할 수 있어요
​
실제 수익을 버는 강사님이
판매하시는 작품들로 강의를 해주기 때문에
가장 실전과 가까운 교육인데요
​
같은 악세사리 기법이라도
어떤 비즈알, 부자재를 선택하느냐에 따라
분위기가 많이 달라지는것이 재밌더라구요
​
작품 하나 하나 당장 판매해도
손색없을만큼 완성도가 높아서
배우는 내내 자주 착용하고 다녔어요~
​
​
​
​
​
​
​
​
​
​
​
수공예부업 전문기관이라
악세사리 외에도 다양한 아이템들이 있는데요
​
악세사리 한 과목만 선택해도
40여가지 부업 아이템들을 모두 무료로 배우고
부업으로 활용할 수 있어요
​
수강 기간도 평생 이용할 수 있어서
내 속도에 맞춰 느긋하게
배울 수 있다는 점도 좋아요
​
저는 악세사리를 너무 좋아해서
비즈공예, 리본공예, 레진아트 등
악세사리 종류를 더 다양하게 배웠답니다
​
다른 수강생들의 악세사리 부업 후기를 봐도
최소 4-5가지 이상은 배워서
수익창출을 하시더라고요
​
​
​
​
​
​
​
​
​
​
​
​
수강등록을 하면 공예에 필요한
준비물을 무료로 제공해주시는데요
​
각 수업에 딱 맞게
패키지로 만들어서 제공해주니까
수업에만 딱 집중할 수 있어서
초반에 수월했어요
​
비즈공예는 부자재들이 저렴하고
종류가 다양해서
응용도 쉽고 재료비도 적어서
별다른 리스크가 없다는게 장점이에요
​
몸에 착용하는거지만
판매시 별도의 인증 절차가
필요한 것도 아니고요
​
​
​
​
​
​
​
​
​
​
​
내 실력만 갖춰진다면
바로 부업을 할 수 있는 아이템이라
수강한지 두달 좀 넘었을 때
바로 온라인판매 지원을 신청했어요
​
기관에서 별도로 관리하는
판매 사이트가 있는데,
여기는 이미 활성화 되어 있고
수공예에 관심많은 분들이 많이 이용하시더라고요
​
간단하게 작은 악세사리들부터
차례차례 샘플 사진을 등록하고
희망가를 설정했더니
다음날 바로 첫 주문이 들어와있었어요
​
​
​
​
​
​
​
​
​
​
이 사이트가 좋은게
한번만 등록해두면 동시에 여러 군데에
연동이 되는데요
​
네이버, 쿠팡, 지마켓, 11번가 등
국내에 굵직굵직한 마켓에는
전부 자동으로 연동시킬 수 있어요
​
그런데도 따로 이용료를 받지 않고
판매수수료까지 면제가 된답니다
​
한 두달 판매하다 말거면
수수료가 크게 중요하지 않겠지만
앞으로 꾸준히 재택부업을 한다면
절약되는 누적 액수가 꽤 높을거예요
​
​
​
​
​
​
​
​
​
악세사리 판매 외에도
강사 활동, 공방 창업 등으로
수익을 창출할 수 있는데요
​
교육기관 취업 담당자님이
직접 가이드를 제공해주니까
진로에 따라 상담을 받으시면 돼요
​
꼭 온라인판매가 아니더라도
수익을 창출할 수 있는 방법은 많더라구요
​
특히 악세사리 같은 경우엔
초등학생들도 너무 좋아해서
방과후수업으로도 인기가 많았어요
​
나이, 학력, 전공 상관없이
강사활동을 할 수 있는 분야라
누구나 마음 먹으면 가능하겠더라구요
​
​
​
​
​
​
​
​
​
​
악세사리 부업에 처음 입문해도
초보과정부터 자세히 나와 있어서
쉽게 배울 수 있어요
​
몇 가지 기법만 잘 익혀두면
거의 무한대로 응용할 수 있다보니
개성있는 작품도 만들 수 있고요
​
최근엔 레진공예를 배우고 있고
이것도 곧 부업으로 시작할 생각이랍니다
​
취미처럼 할 수 있는 수공예라
사부작 사부작 만드는거 좋아하는 주부들은
만족하며 들으실 거예요
​
지금까지 악세사리 부업 후기였고요
제가 배운 곳 알려드릴게요
여기서 더 많은 정보 얻어가세요:)
​
​
악세사리 부업 수공예 교육
무료 자료 더 자세히 알아보기>>>>
​
​
​
​
​
​
​
​
​",2790,False,부업 성공 후기,https://blog.naver.com/kghic67/223863041175,0,,20250512,,6,blog,6,악세사리 부업 : 주부의 재택 후기
0,나의 작은 이야기 공간,,,기타,오늘은 제가 재택부업을 통해 경험한 이야기를 나눠보려고 해요. 바로시작하기 몇 달 전만 해도 직장에 다니면서 바쁜 일상 속에서 늘 시간에 쫓기곤 했어요. 그러던 중 SNS에서 우연히 재택부업에 대한 글을...,7,"​
​
안녕하세요,
오늘도 좋은 하루 보내고 계신가요?
오늘은 제가 재택부업을 통해 경험한 이야기를 나눠보려고 해요.
​
​
바로시작하기
​
몇 달 전만 해도 직장에 다니면서 바쁜 일상 속에서 늘 시간에 쫓기곤 했어요. 그러던 중 SNS에서 우연히 재택부업에 대한 글을 보게 되었고, 호기심이 생겨 시작하게 되었습니다.
​
​
​
재택부업, 이렇게 시작했어요
​
처음엔 정말 간단한 정보 입력 업무부터 시작했어요. 어렵지 않은 작업이었고, 하루에 몇 시간씩 투자하면 충분했죠.
​
​
​
​
이 부업의 가장 큰 장점은 시간과 장소의 제약이 없다는 거였어요. 집에서 커피 한 잔 마시면서 노트북만 있으면 작업할 수 있었거든요. 특히, 아이들을 돌보는 주부나 학교가 끝난 후 여유 시간을 활용하고 싶은 대학생들에게 딱 맞는 일이라 생각했어요.
​
​
제가 한 작업은 데이터 정리와 간단한 고객 응대였는데, 미리 제공된 가이드라인만 따라 하면 누구나 할 수 있는 일이었어요. 플랫폼도 사용하기 쉬워서 금방 적응할 수 있었답니다.
​
​
​
실제 수익은 얼마나 될까?
​
솔직히 처음 시작할 땐 ""진짜 돈이 될까?""라는 의문이 있었어요. 그런데 꾸준히 일한 첫 달, 약 50만 원 정도를 벌 수 있었고, 이후로는 스케줄에 맞게 조율하며 더 안정적인 수익을 올릴 수 있었어요. 물론 시간 투자와 성과에 따라 다르겠지만, 노력한 만큼 수익이 보장되는 시스템이었습니다.
​
​
​
이런 분들에게 추천합니다!
​
1. 유연한 일정을 원하시는 분: 출퇴근이 어려운 분들에게 특히 좋아요. 저는 주말이나 쉬는 시간에 집중적으로 작업하면서 시간을 효율적으로 활용할 수 있었어요.
​
​
2. 경제적 여유를 찾고 싶은 분: 부업이지만 한 달 고정 수익을 꾸준히 올릴 수 있다 보니 가계에 큰 도움이 되더라고요.
​
​
​
3. 기술에 익숙하지 않은 초보자: 컴퓨터 기초 지식만 있어도 할 수 있는 일이 많아서 큰 부담 없이 도전할 수 있어요.
​
​
​
​
마무리하며
​
재택부업은 생각보다 간단하고 실속 있는 일이었어요. 물론 모든 일이 그렇듯이, 자신의 성실함과 책임감이 중요한 건 당연하겠죠.
​
​
하지만 누구든지 쉽게 시작할 수 있고, 본인의 노력에 따라 수익도 늘어나는 점이 가장 매력적이었어요.
​
1:1 배워보기
​
혹시 여러분도 재택부업을 고민 중이라면 작은 일부터 시작해보세요. 지금의 저는 직장에 다니면서도 추가적인 수입을 올리며 삶의 여유를 더할 수 있게 되었답니다. 다음에는 더 유익한 정보로 돌아올게요!",1235,False,부업 성공 후기,https://blog.naver.com/uooo123675/223680018299,0,,20241202,,4,blog,3,쉽고 빠른 재택부업 성공 후기
0,두아이맘's 다이어리,,,스마트스토어,이정도면 성공했다고 할 수 있겠죠? 솔직히 시간을 더 쏟으면 백만원도 가능할거 같은데 제가 이정도... 다음번에 백만원이 안정적으로 입금되면 그 때 또 후기 들고 올게요! 쇼핑몰 부업을 준비하며 사람들에게...,13,"쇼핑몰 부업에 쓰는 시간은
하루에 거의 20분정도에요.
그런데 정산받는 금액은 평균적으로 70만원!
어때요? 이정도면 성공했다고 할 수 있겠죠?
솔직히 시간을 더 쏟으면
백만원도 가능할거 같은데
제가 이정도 수익이 되기까지
들인 시간은 겨우 반년이었어요.
빨리 알려드리고 싶은 마음에
이렇게 경험담을 남기게 되었네요.
​
다음번에 백만원이 안정적으로 입금되면
그 때 또 후기 들고 올게요!
쇼핑몰 부업을 준비하며 사람들에게
하지 말라는 말을 많이 들었어요.
워낙 레드오션이잖아요.
​
직접 해봤다가 수익은 하나도 없이
그만 두기도 했고 스트레스를
많이 받는 경우도 많았다고 얘기했죠.
사실 부정적인 말만 들었어요.
​
하지만 저는 욕심이 많지 않았고
한 번 해보자는 마음으로
시작하게 되었습니다.
​
솔직히 생각한 정도도 부업이었어요.
​
그런데 쇼핑몰 개설해서 관리하는 것보다
효율적으로 수익을 만들 수 있는 방법이
눈에 안 보이길래, 시작하게 된거였죠.
다양하게 검색해보니
쇼핑몰 부업을 하는 방법도
생각보다 여러가지더라고요.
​
그 중에서 많은 분들이 그만두지 않고
관련 경력이 없는 셀러도
수익을 만들 수 있는 방법은
AI 프로그램을 활용하는 것이었어요.
제품소싱부터, 번역 그리고 상세페이지도 만들어주고
판매, 배송, 실시간 재고파악 등을
AI가 알아서 진행해주니
확실히 걱정 없이 관리하게 되더라고요.
​
셀러가 직접 하려면 많은 시간이
필요하거든요. 그런데 AI로
이 과정을 처리하면 알아서 진행해주고
많은 시간 들이지 않아도 되서
효율적이에요.
매일 300개가 넘는 제품을
알아서 등록해주다보니
셀러인 제가 제품 등록에 쏟는 시간은
1분도 없어요.
​
그리고 막무가내로 제품이
등록되는 것이 아니라
고객들이 많이 찾는 키워드와
주문이 많이 들어가는 제품 등을
분석해서 제품이 소싱이 되어요.
​
물량도 중요하지만 분석도
정확하게 해야하잖아요.
그러다보니 수동으로 소싱을 하는 분들과는
수익이 다를수 밖에 없죠.
​
그리고 이것뿐만 아니라
제품관리도 AI가 알아서 진행해주는데
몇주가 지나도록 주문이 한 건도
안 들어오는 상품에 한해서는 삭제되거나
다른 제품으로 교체가 되어요.
그러니 제사이트에는 인기있는 제품만
남게되는 것이죠.
재고 확인도 제가 할필요가 없어요.
​
쇼핑몰 부업중에서도 많이
힘들어하는 것이 고객문의랑 재고파악이거든요.
​
재고 파악의 경우에는 실시간으로
진행해줘야하고 고객문의는
사람을 상대해야하다보니
힘들 수 밖에 없죠.
​
그런데 저는 부업을 시작하면서
이 두가지로 힘들어본 적이 없어요.
​
왜나면, 재고 파악은 AI가 처리해주고
고객문의는 판매처가 처리해주거든요.
제품등록부터 관리와 재고확인,
고객문의와 판매 등이 알아서 진행이 되니
셀러가 할일이 없어도
수익이 만들어져요.
​
솔직히 한달내내 단 1초도 신경쓰지 않아도
약 30만원정도는 정산받을 수 있어요.
​
처음에 저도 쇼핑몰 부업 하겠다고
개설은 했는데 갑자기 본업이
너무 바빠지는 바람에 신경을 못썼거든요.
​
그런데 한 달 뒤 입금이 되는데
보고도 믿기 힘들었어요.
그걸 보니 하길 잘했다 싶더라고요.
AI 쇼핑몰 부업은 강의나 가이드 북을
통해서 시작할 수 있어요.
​
둘 중에 하나로 선택하면 되요.
​
개인적으로 저는 동영상이 편해서
그걸 보면서, 하나씩 따라하며 쇼핑몰을 개설했어요.
​
카테고리도 나눠져있고 해야하는 부분들을
빨갛게 표시해주시다보니
어렵지 않게 따라할 수 있었어요.
​
확실히 자세하게 나오니
금방 따라하게 되더라고요.
이렇게 쇼핑몰을 개설하고 몇 달동안으
무료로 제공해주는 강의를 잊고 있었어요.
​
AI 쇼핑몰 부업을 선택한 살마들에
한해서 기관에서 수익을 더 많이
낼 수 있는 노하우가 들어 있는 인강을
무료로 볼 수 있게 해주거든요.
​
인강이 10분 내외라
틈틈히 보기에 좋았어요. 그래서 종종
움직이는 시간에 보고
하나씩 따라해봤습니다.
수익이 눈에 띄게 확 달라지더라고요.
쇼핑몰을 건드리지 않았을 때는
월 40을 넘기가 어려웠는데,
배운 내용을 조금만 적용해주니
수익이 쭉쭉 오르더라고요.
그래서 그 때부터 제공해주는
인강을 보면서 하나씩 따라하기 시작했어요.
이렇게 하면 수익이 더 늘어나겠다 싶었거든요.
​
이렇게 좋은 결과들이 나오니
쇼핑몰 부업 진행한다고 했을때
하지 말라고 한 사람들도
저 따라서 쇼핑몰을 개설하더라고요.
​
제가 알려드린 AI 쇼핑몰을
활용해서 회사 다니면서
부수익을 만드는 쇼핑몰을 관리하고 있어요.
사실 다른 분야의
쇼핑몰 부업은 경험해보지 않아서
말씀드리기가 어렵네요.
​
그런데 제가 선택한 방법은
생각보다 더 좋더라고요.
​
만약 AI 쇼핑몰로 수익 내고싶으시다면
제가 알려드리는 사이트도 참고해보세요!
​
​
​
AI 쇼핑몰 부업으로 부수익 만드는 방법
한 눈에 보기 >>>
​
​
​
​
​
​
​
​
​
​
​
​
​
​
​
​
​
​
​
​
​
​
​
​
​
​
​
​
​
​
​
​
​
​
직접 경험한 후기를 작성한 후, 기관으로 부터 수수료를 제공받을 수 있습니다.",2440,False,부업 성공 후기,https://blog.naver.com/dmstjs9942/223253626126,0,,20231102,,4,blog,9,쇼핑몰 부업 성공했다고 말할수 있는 이유
0,일본구매대행 스텔라,,,기타,"직장인 부업 후기, ""일본 구매대행""으로 시작해보세요! 요즘 직장인들은 부업 많이 하죠? 본업을... 직장인이 윈들리로 부업을 성공한 사례 일본구매대행사업, 윈들리를 활용하여 직장인 부업으로 성공한 사례가...",5,"안녕하세요. 월 매출 7천만원 일본구매대행사업 셀러 스텔라입니다.
​
​
​
​
​
​
​
​
​
직장인 부업 후기, ""일본 구매대행""으로 시작해보세요!
​
​
요즘 직장인들은 부업 많이 하죠? 본업을 유지하면서도 추가적인 수익을 만들고 싶은 분들에게 ""일본구매대행사업"" 은 매우 매력적인 선택이 될 수 있습니다. 하지만
시간 부족
과
복잡한 운영 과정
이 부담될 수 있습니다. (같은 직장인으로 저도 정말 공감해요ㅠㅠ)
​
​
직장인 부업 후기
저는 직장인이면서 부업으로 일본구매대행사업을 시작했고,
6개월 만에 매출 7천만 원을 달성
했습니다.
(현재는 월 매출 1억 달성)
의지와 끈기만 있다면 누구나 시작할 수 있다고 말씀드려요. 가장 큰 문제점은 시간 부족인데 ""반자동 프로그램 윈들리""를 활용하면 시간절약하며 상품등록할 수 있습니다!
​
​
​
​
일본 구매대행, 직장인 부업 으로 좋은 이유
직장인들에게 적합한 부업을 찾을 때 중요한 것은
시간을 효율적으로 활용할 수 있는가
입니다. 일본구매대행사업은 상대적으로 낮은 초기 비용과 재고 부담 없이 시작할 수 있어 인기 있는
직장인 부업
중 하나입니다. 특히 스마트스토어와 같은 온라인 마켓을 활용하면 추가적인 마케팅 없이도 제품을 판매할 수 있습니다.
하지만 직장인 부업으로 구매대행을 직접 운영하려면 상품 소싱부터 등록, 주문 관리까지 생각보다 많은 시간이 필요합니다. 바쁜 직장인이라면 이 모든 작업을 혼자 감당하기 어렵습니다.
윈들리
를 활용해보시는건 어떠실까요?
​
​
​
윈들리, 직장인을 위한 최적의 구매대행 프로그램
""윈들리""는 일본구매대행사업을 보다 쉽고 빠르게 운영할 수 있도록 도와주는
반자동화 프로그램
입니다. 이 프로그램을 활용하면 아래와 같은 장점을 얻을 수 있습니다.
기능
설명
상품 소싱 자동화
일본 쇼핑몰에서 인기 상품을 쉽고 빠르게 찾아서 가져올 수 있습니다. 트렌드 분석과 소싱 시간이 대폭 단축됩니다.
스마트스토어 연동 & 상품 등록 자동화
스마트스토어와 연동되어 상품을 자동으로 등록할 수 있습니다. 수작업 없이 빠르고 편리하게 판매를 시작할 수 있습니다.
​
윈들리 | 구매대행부터 위탁판매까지 쇼핑몰 관리, 이제 AI로 쉽고 빠르게
업계 평점 1위, 고객사수 1위 - 구매대행 위탁판매 프로그램은 윈들리로 시작하세요. 상품 소싱, 이미지 번역, 상품 등록, 주문 관리까지 완전 자동화. N잡러, 주부재택부업, 인터넷투잡을 원하는 누구나 구매대행, 위탁판매 사업을 시작할 수 있습니다.
www.windly.cc
​
​
이러한 기능 덕분에 직장인들도 구매대행을 부담 없이 시작하고, 본업과 병행하면서 효율적으로 운영할 수 있습니다.
​
​
​
​
직장인이 윈들리로 부업을 성공한 사례
일본구매대행사업, 윈들리를 활용하여
직장인 부업
으로 성공한 사례가 많습니다. 저 또한
6개월 만에 매출 7천만 원을 달성
하며 안정적인 부수입을 창출하고 있습니다. 한 이용자는 ""윈들리를 사용하면서 상품 등록 시간이 1/10로 줄었고, 스마트스토어의 검색 노출이 증가해 주문량이 크게 늘었다""고 합니다. 본업을 유지하면서도 꾸준한 추가 수익을 창출할 수 있다는 점이 큰 장점입니다.
​
​
​
​
​
지금이 시작할 기회! 직장인부업, 윈들리로 도전하세요
올해는
직장인 부업
으로 새로운 도전을 해보는 건 어떨까요? 일본구매대행사업은 낮은 리스크와 높은 성장 가능성을 가진 분야이며, ""윈들리""를 활용하면 더욱 쉽고 효율적으로 운영할 수 있습니다.
​
​
​
일본구매대행사업 시간을 아끼면서 안정적인 부수입을 창출하고 싶다면, 윈들리와 함께하세요!
​
​
​
​
​
​
​
​
#직장인
부업 후기
#윈들리
#반자동프로그램
#일본구매대행사업",1803,False,부업 성공 후기,https://blog.naver.com/stella_22_/223793338489,0,,20250312,,2,blog,3,"[일본구매대행사업] 직장인 부업 후기, 적합할까요? 성공후기"
0,당신은 이 시대의 멋쟁이,,,기타,나중에 부업까지 연결하고 싶은 사람도 있으니까요. 저는 평생회원 형태로 운영되고 재료 지원이 포함되어 있으며 프랑스자수독학 이후에도 다른 수공예를 함께 배울 수 있는 교육기관을 선택했어요. 후기를...,8,"소정의 원고료를 받았으며
실제 수강생이 작성합니다
​
​
혹시 요즘 집에서
혼자 할 수 있는 취미로
프랑스자수를 배워볼까
고민하고 계신가요?
​
저도 손으로 무언가 만드는 걸 좋아해서
예전부터 뜨개질이나 간단한 바느질은
취미처럼 즐겨왔는데요.
​
어느 순간부터 프랑스자수 작품들이
자꾸 눈에 들어오기 시작하더라고요.
​
알록달록한 실이 모여
한 폭의 그림처럼 완성되는 모습을 보니
‘나도 한 번 해보고 싶다’는 생각이
자연스럽게 들었어요.
​
처음에는 프랑스자수독학으로
시작해보려고 책부터 찾아봤어요.
​
​
그런데 막상 책을 펼쳐보니
초보자 입장에서는
이해하기 어려운 부분이
생각보다 많더라고요.
​
도안 설명은 자세했지만
바늘을 넣는 방향이나
실을 당기는 힘, 손의 움직임 같은 건
사진만으로는 감이 잘 오지 않았어요.
​
​
그래서 자연스럽게
영상 강의를 찾아보게 되었어요.
프랑스자수독학을 제대로 하려면
손동작을 직접 보면서 따라 하는 게
훨씬 도움이 될 것 같았거든요.
​
물론 공방 수업도 고민했지만
정해진 시간에 맞춰 이동해야 하고
꾸준히 다니기 어렵다는 점이
저에게는 조금 부담으로 느껴졌어요.
​
그래서 집에서 내 시간에 맞춰
천천히 배울 수 있는
온라인 프랑스자수 강의를
본격적으로 알아보기 시작했답니다.
​
​
검색해보니 프랑스자수독학 강의가
정말 다양하게 있어서
처음에는 오히려 선택이 어려웠어요.
​
그래서 단순히 가격만 비교하지 않고
커리큘럼 구성, 지원 혜택,
그리고 이후 활용 가능성까지
꼼꼼하게 살펴봤어요.
​
사람마다 프랑스자수를
배우는 이유가
다 다르잖아요.
​
취미로 즐기려는 분도 있고
저처럼 나중에 부업까지
연결하고 싶은 사람도 있으니까요.
​
저는 평생회원 형태로 운영되고
재료 지원이 포함되어 있으며
프랑스자수독학 이후에도
다른 수공예를 함께 배울 수 있는
교육기관을 선택했어요.
​
후기를 자세히 읽어보니
취미로 시작했다가
판매 활동까지 이어진 사례가 많아서
신뢰가 가더라고요.
​
중간에 그만둔 분들의 후기도 있었지만
대부분은 기관 문제가 아니라
프랑스자수가 본인
취향과 맞지 않았다는
이야기가 많았어요.
​
​
오히려 마음에 들었던 점은
프랑스자수 외에도
여러 수공예 강의가 함께 제공되어
선택 폭이 넓다는 부분이었어요.
​
홈페이지를 처음 봤을 때
프랑스자수를 포함해
40가지가 넘는 강좌가 있어서
솔직히 조금 놀랐던 기억이 나요.
​
한 번 등록하면
과목 수와 관계없이 수강할 수 있고
기간 제한 없이 천천히 배울 수 있어
부담이 없었답니다.
​
프랑스자수 강의를 신청하고 나니
첫 과정에 한해
초도 재료 세트도 보내주셨어요.
​
​
자수 실, 바늘, 원단, 자수 틀까지
필요한 기본 도구가
모두 포함되어 있어서
따로 준비할 게 거의 없었어요.
​
프랑스자수독학을 처음
시작하는 사람에게는
재료 선택부터 어려운데
이렇게 한 번에 준비되어 오니
시작이 훨씬 수월했어요.
​
강의는 기초 스티치부터
차근차근 진행되었고
프랑스자수가 처음이었던 저도
큰 어려움 없이 따라갈 수 있었어요.
​
특히 1인칭 시점으로
강사님의 손동작을 자세히 보여줘서
바늘 위치와 실 방향을
정확히 확인할 수 있었던 점이
정말 도움이 되었어요.
​
​
프랑스자수는 단기간에
실력이 늘기보다는
반복 연습을 통해 익숙해지는 작업이라
강의를 여러 번 볼 수 있다는 점이
프랑스자수독학에 큰 장점이었어요.
​
저는 약 두 달 정도
꾸준히 연습을 이어갔는데
기본 스티치뿐 아니라
응용 도안까지 자연스럽게
완성하게 되었어요.
​
작품 하나를 완성할 때마다
성취감이 정말 컸고
‘이 정도면 작품이라고 불러도 되겠다’
싶은 결과물이 나오더라고요.
​
그때부터는 취미로만 두기엔
조금 아깝다는 생각이 들었어요.
그래서 기관에서 제공하는
수익 연계 활동에도 도전하게 되었죠.
​
​
수강생 전용 온라인 쇼핑몰이 있어
제가 만든 프랑스자수 작품을 등록하면
여러 제휴 쇼핑몰에
자동으로 연동됐어요.
​
결제나 정산, 고객 응대는
기관에서 관리해 주기 때문에
저는 제작과 발송에만 집중하면 되었고
부담 없이 시작할 수 있었답니다.
​
입점 비용이나 판매 수수료 부담도 없어
핸드메이드 제품 특성상
마진도 괜찮게 남는 편이었어요.
​
프랑스자수 작품은
핸드메이드 가치가 인정되는 분야라
생각보다 단가가 낮지 않은 것도
장점으로 느껴졌어요.
​
​
지금은 육아와 병행하면서
집에서 프랑스자수독학을 이어가며
소소한 수익까지 만들고 있어
정말 만족스럽게 지내고 있어요.
​
제가 특별히 손재주가 좋아서가 아니라
체계적인 강의와 지원 덕분에
꾸준히 이어올 수 있었던 것 같아요.
​
프랑스자수에 관심은 있지만
어디서부터 시작해야할지
고민 중이라면 책만으로
프랑스자수독학을 하기보다는
영상 강의를 함께 활용해보시는 것도
좋은 방법일 것 같아요.
​
​
취미로 시작해
작은 수익까지 연결될 수 있다는 점에서
저에게는 정말
만족스러운 선택이었거든요.
​
관심 있으시다면
샘플 강의부터 천천히 체험해보시고
나에게 맞는 방식인지 확인해보셔도
좋을 것 같아요 :)
​
​
​
​
프랑스자수독학 수공예 부업
홈페이지 바로가기>>>",2468,False,부업 성공 후기,https://blog.naver.com/hosuk6564/224201753908,0,,20260314,,2,blog,6,프랑스자수독학으로 주부 부업 성공했어요
0,이모저모 이야기,,,기타,그때 처음으로 이걸 부업으로 해볼까? 하는 생각이 들었어요. 향후 계획 & 도전 현재는 육아에 집중하고 있어서 바로 강사 활동이나 부업을 하진 않지만 앞으로 기회가 되면 수익 활동을 시작해볼 생각이에요....,7,"​
“소정의 수수료를 지급받고 작성한 글입니다”
​
​
​
POP예쁜글씨,
처음 접하는 분이라도
카페, 미용실, 병원, 식당,
네일샵 등에서
POP글씨로 디자인된
광고판이나 메뉴를
한 번쯤 보신 적이 있을 거예요.
저도 처음에는 단순히
악필을 교정해보려고
POP글씨를 시작했어요.
​
그런데 배우다 보니 글씨를
깔끔하게 정리하는 과정이
생각보다 재미있더라고요.
​
점점 더 매력에 빠지게 되었고,
결국 POP예쁜글씨 자격증까지
취득하게 됐어요.
​
학원이 아닌 재택으로 독학
저는 학원을 다니지 않고,
온라인 강의로 독학을 했어요.
​
사실 인터넷 강의로 뭔가를 배우는 건
처음이라 걱정도 있었는데,
강의 구성이 체계적이고
정말 쉽게 되어 있더라고요.
특히 POP예쁜글씨 자격증 과정은
기초부터 실전까지
다 다루고 있어서
초보자인 저도 금방
적응할 수 있었어요.
​
한글 자음과 모음의 규칙,
다양한 글씨체,
색 조합과 디자인까지
한 번에 익힐 수 있던 점이 좋았어요.
​
난이도도 적절해서 부담 없이
즐기면서 배울 수 있었고요.
​
강의 퀄리티와 세심한 가르침
강사님의 붓터치 하나하나를
정확히 볼 수 있도록
클로즈업 촬영이 돼 있어서
미세한 부분까지 놓치지 않고
따라 할 수 있었어요.
​
덕분에 따라 하다 보니
생각보다 결과물이 괜찮게
나오더라고요.
처음엔 그냥 악필을 고치려고
시작했는데,
실력이 늘어가는 걸 보면서
점점 더 재미있어졌어요.
연습 재료까지 무료 제공
무엇보다 놀랐던 건
연습에 필요한 재료들을
강의 측에서 무료로
보내줬다는 거예요.
​
포스터칼라, 붓, 폼보드,
열컷팅기, 교재까지
박스로 한가득 도착해서
처음엔 ‘내가 주문했었나?’ 싶었어요.
​
덕분에 추가 비용 부담 없이
연습에만 집중할 수 있었어요.
나중에 실전에 들어가면서
필요한 재료는
수강생 전용 쇼핑몰에서
시중보다 저렴하게
구매할 수 있었고요.
​
평생 수강 & 취업 지원 혜택
또 한 가지 좋은 점은
수강생 자격이
평생 유지된다는 거예요.
​
새로운 강의가 추가될 때도
별도 비용 없이 들을 수 있어서
필요할 때마다 복습하면서
활용하고 있어요.
사실 저는 처음에
단순히 악필 교정을 하려고
시작한 건데
배우다 보니 점점 실력이 붙어서
자격증까지 따게 된 케이스예요.
​
생각보다 오래 걸리지도
않았어요.
​
실전 위주의 강의라서
연습하면서 바로 적용할 수 있었고,
딱 3개월 정도 만에
취득할 수 있었어요.
​
지인들에게 인정받은 실력
자격증을 따고 얼마 안 지나
지인이 가게를 오픈했어요.
​
오픈 기념으로 POP글씨로
만든 광고판을
선물해줬죠.
​
주변 사람들에게
제가 POP글씨를 배운 걸
말한 적이 없어서 그런지
다들 깜짝 놀라더라고요.
특히 제 글씨를 잘 아는
고등학교 동창은
""이거 어디서 사온 거야?""
하면서 믿지도 않더라고요. ㅎㅎ
​
""내가 직접 만든 거야!""
라고 설명해주니까
""이걸 왜 그냥 놔두고 있냐,
빨리 판매 시작해야지!""
하면서 오히려 더 난리였어요.
​
그때 처음으로
이걸 부업으로 해볼까?
하는 생각이 들었어요.
​
향후 계획 & 도전
현재는 육아에 집중하고 있어서
바로 강사 활동이나 부업을
하진 않지만
앞으로 기회가 되면
수익 활동을 시작해볼 생각이에요.
제가 수강한 기관에서는
취업 지원 혜택도 잘 되어 있어서
장기적으로는
이를 활용해볼까 고민 중이에요.
​
지금 당장은 아니더라도,
언젠가는 꼭 도전해볼 거예요!
​
POP예쁜글씨 배우고 싶다면?
혹시 POP예쁜글씨 자격증에
관심이 있는 분들은
제가 들었던 사이트에서
무료 샘플 강의를 체험해보세요.
​
아래 링크를 통해
상담도 받을 수 있으니
궁금하신 분들은 한 번
확인해보세요!
​
📌 무료 샘플 강의 & 자료 신청하기 >>>
​
​",1800,False,부업 성공 후기,https://blog.naver.com/fgw467/223770630031,0,,20250224,,4,blog,3,pop예쁜글씨자격증 취득 후 부업성공후기
0,쏘리의 일상이야기,,,기타,적립한 후기를 적어 볼까합니다~~ 애드픽이라고 들어보셨나요 모르시는분들도 계실텐데 쿠팡... 모으기 부업 179만정도였는데 180만을 넘겼네요 역대급 ~~ 모두 경유 적립은 꼭 사용하세요 ~~ 내돈 나가는 것도...,7,"​
오늘의집 쿠팡 지마켓 경유 어플
쿠팡,오늘의집,지마켓 경유 적립으로
네이버페이 포인트 5만원 적립한 후기를
적어 볼까합니다~~
​
애드픽이라고 들어보셨나요
모르시는분들도 계실텐데
​
​
쿠팡,오늘의집,지마켓 말고도
더 많은 사이트가 있지만
​
저는 저 3개만 거의 사용해서
저걸로 많이 적립을 받았어요
11번가 오늘의집 지마켓 쿠팡 경유
경유 적립이 뭐냐면
다이렉트로 어플 클릭을 하지 않고
​
애드픽에서 지마켓 오늘의집 쿠팡으로
들어갈수 있는 링크를 만들수 있는데
​
그 링크로 들어가서 구매하면
쿠팡 2,1퍼센트
지마켓 3퍼센트
11번가 2.1퍼센트를
적립해주네요
​
지마켓은 원래 2프로대 였는데
​
많이 올라갔어요~~!!! 대박임
​
그런데 애드픽의 단점은..적립이
오래걸려요
​
저렇게 모으는데 3개월정도 걸렸고
아직도 돈 받을게 남아있어요
11번가 오늘의집 지마켓 쿠팡 경유 애드픽
그래서 이정도 모았었네요
​
저돈을 다 인출 할수는 없어요
​
며칠더 있어야 준대요 ㅠ
11번가 오늘의집 지마켓 쿠팡 경유 네이버페이 포인트
네이버페이 포인트로 교환 방법은
생활 이용권 누르고
네이버 페이 누르면 끝
11번가 오늘의집 지마켓 쿠팡 경유 네이버페이 포인트
​
그리고
금액에 맞게 상품권을 눌러주면 됩니다
11번가 오늘의집 지마켓 쿠팡 경유 네이버페이 포인트
저는 5만원을 교환 했어요
이제 3만원 남았네요 ㅋㅋ
11번가 오늘의집 지마켓 쿠팡 경유 네이버페이 포인트
다운을 받고
누르면 사진첩에 이렇게
들어오네요
저 밑에 숫자를 복사후
​
네이버 어플로 들어가면 됩니다
이렇게 들어왔네요~~~ 개꿀임
네이버 포인트 모으기 부업
179만정도였는데
180만을 넘겼네요
역대급 ~~
모두 경유 적립은 꼭 사용하세요 ~~
내돈 나가는 것도 없고
사기도 아니고 아주 꿀이니까요
​
​
그런데 저는 비추합니다 애드픽
​
적립기간이 너무 길고
​
요즘 사용하는 적립 어플은 1초만에 적립되고
바로 사용할수 있는걸 찾았거든요~
​
다음에 포스팅할게요!
​",979,False,부업 성공 후기,https://blog.naver.com/syd04172/223892057637,0,,20250608,,4,blog,3,적립으로  애드픽 네이버 포인트 수익 전환 부업성공후기
0,반복된 일상.. .. ..,,,배달,"이제야 후기를 올립니다 이날 본업 일이 쌓여 출근하고 저녁에 미션주면 퇴근하고 안주면 밤까지 일할려고 했는데 미션 주네요 지금와서 보니 태식이가 왔었고, 이날 추웠나? 기억이 안납니다...",7,"​
25년 12월 13일 토요일 저녁
12월 3째주부터 본업 일들이 쏟아져.. 이제야 후기를 올립니다
​
이날 본업 일이 쌓여 출근하고 저녁에 미션주면 퇴근하고 안주면 밤까지 일할려고 했는데 미션 주네요
​
지금와서 보니 태식이가 왔었고, 이날 추웠나?
기억이 안납니다, 배달료를 보니 뭔일이 있던거 같은데;;
​
사진첩을 확인하는데 이날 사진도 안찍은거 보니 엄청 바뻤나 봅니다
​
​
총수입 : 382,295원
쿠팡 : 278,525원, 배민 : 13,770원
미션 : 쿠팡 3건 9 만원
​
시간당 수입 : 5.09만원
건당 평균 : 9,802원(미션 포함)
7시간 30분 [ 17:00~24:30 ]
배달 건수 : 39건 [쿠팡 37, 배민 2]
​
시간당 배달 건수 : 5.2건
주행거리 : xxx.x km
건당 거리 : x.xx km
​
​
​
​
표지",427,False,부업 성공 후기,https://blog.naver.com/tuning7wh/224128839496,0,,20251231,,4,blog,3,태식이 출연 토요일 배달 부업 쿠팡미션 성공후기 1213
0,,,,기타,... 맞는 맞춤교육방식으로 빠르게 수익을 낼 수 있도록 도와드리고 있어요^^ 아무리 노력해도 방법이 틀리면 절대 성공할 수 없어요! 하지만 정확한 방법만 안다면 누구나 성공할 수 있답니다^^ 현명한 결정하셔서 재택부업 성공하세요~!,7,"6번째 답변
hspa****
시민
본인 입력 포함 정보
상세 안내 툴팁 보기
지식iN 서비스 질문 답변 페이지 및 프로필의 답변자 정보에 노출되는 답변자의 회사, 학교, 자격 등의 정보는 본인이 지식iN 프로필 수정을 통해 직접 입력한 정보입니다.
네이버는 사용자가 등록한 정보 및 게시물을 제공하는 정보매개 서비스 제공자로서 해당 정보의 정확성, 신뢰성 및 최신성에 대해 보증하지 않습니다.
닫기
재택근무는 누구나 남녀노소, 직장인이든 학생이든
할 것 없이 지금처럼 인터넷에 글 몇자 올릴 수 있는
실력이라면 충분히 할 수 있어요
다만 해야겠다는 의지와 열정이 뒷받침 되야되요
2019.07.26.
채택
질문자⋅지식인이 채택한 답변입니다.
UP
10
DOWN
댓글
메뉴 더보기
포인트 선물
신고
---
1번째 답변
집에서억대수익ㅣ클릭
초인
#집에서억대수익달성 #초보전문멘토 #16년차디지털노마드
아르바이트 58위, 구인구직사이트 74위, 네이버 블로그 분야에서 활동
본인 입력 포함 정보
상세 안내 툴팁 보기
지식iN 서비스 질문 답변 페이지 및 프로필의 답변자 정보에 노출되는 답변자의 회사, 학교, 자격 등의 정보는 본인이 지식iN 프로필 수정을 통해 직접 입력한 정보입니다.
네이버는 사용자가 등록한 정보 및 게시물을 제공하는 정보매개 서비스 제공자로서 해당 정보의 정확성, 신뢰성 및 최신성에 대해 보증하지 않습니다.
닫기
안녕하세요^_^
​
저 역시 박/봉으로 인해 점점 빠듯해진 생활에
보탬이 될수있다면 좋겠다는 바램으로 알아보다가
아무런 제약없이 편하게 할 수 있는 일이란걸 알고
월 70만 벌어보자며 투.잡으로 시작하게 되었구요 :)
현재 재/택/근/무로 월 200~500 받고 있어요^_^
​
멘티님들 또한 첫날부터 전.원.수.익 달썽★
내가 소비한 영.수.증으로 (마트/음식/쇼핑/영화/등)
유.형에 따라 1건에 MAX 3천원씩 받을수 있구요!
모든 수.익.금 또한 당.일.지.급 이랍니다^^
​
그리고 영.수.증 사진 올리고 후기로 3줄정도
홈피에 남기는데 솔직히 5분도 걸리지 않아서
컴터 킬 필요없이 폰으로만 하셔도 충분합니다 :)
​
어찌보면 하루3처넌이 적어보일수도 있지만
영.수.증으로만 한달 9마넌/ 1년 108마넌★
3년이면 324마넌/ 5년이면 540마넌+_+
초.기.비.한번으로 기간제한없이 쭈욱~
영.수.증으로만 하셔도 고.정.수.익 가능하므로
쌓이고 쌓이다 보면 이또한 무시 못한답니다 :)
​
무엇보다 당.일에만 소비한 영.수.증이 아니여도
최근 일주일까지는 등.록.이 가능하기 때문에
소비 많이 한 날 모아놓고 하루씩 올리면 되니깐
영.수.증이 없어서 못 버.는.일 또한 없답니다^_^
​
요즘 커피나 음료 한.잔.만 마셔도 5처넌이 넘는데
그럴때 영.수.증 챙겨서 후.기 남기면 3처넌 받고,
주/부/님 & 육/아/맘 경우 매일 반찬&장보기로
아이들 간식값으로 영.수.증이 발.생 하잖아요 :)
그럴때도 후.기 남기고 3처넌 돌려받을수 있으니
영.수.증 부.업으로는 손/해 보는일 없다고 생각해요
​
이 외에도 본사로 입/점/한 가.맹.점들 통해서
후.기.남.길.시 건당5처넌까지 더 받을수 있으며,
고/수/익 가능한 모/집으로는 건당 MAX 70마넌★
<3건시 210마넌/5건시 350마넌/10건시 700마넌>
​
홍.보.도 해보고 싶으시면 제가 멘토로서 방법들
1:1멘토링으로 꼼꼼하게 알려드리고 있으니
처음이라고 넘 걱정마시고 자신감을 갖으세요^^
​
멘티님들도 나.이.불.문 하고 모든게 처음이셨지만
요/령/방/법 차근차근 배우시고, 꾸준히 실천하셔서
단,기,간,에 빠르게 좋은결과 얻으셨던만큼+_+
초보여도 방법만 알면 충분히 가능한 일이랍니다★
​
저도 시작하기전 회사를 꼼꼼히 알아보았구요^^
부.업.업.계 최초! 총 2.0.0.0평 본사 사옥이 의.정.부
역.세.권에 위치해 있으며 언제든 방.문 가능해요 :)
공정위에도 등록되어있고, 오랫동안 운영되고 있어
안정적으로 일할수 있는 가장 믿을만한 곳이랍니다!
​
1:1씨스템으로 일한만큼 정직하게 받아가는 곳이며
실제로 본인역량에 따라 월 100~900 이상 가능한지라
꾸준히 하신다면 적든많든 생/활/보/탬이 되실거예요 :)
​
아무쪼록 제 답변이 도움되셨길 바라며
끝까지 읽어주셔서 감사합니다. 좋은 하루 되세용♥
2019.07.26.
UP
DOWN
댓글
1
메뉴 더보기
신고
---
2번째 답변
wn1g****
시민
본인 입력 포함 정보
상세 안내 툴팁 보기
지식iN 서비스 질문 답변 페이지 및 프로필의 답변자 정보에 노출되는 답변자의 회사, 학교, 자격 등의 정보는 본인이 지식iN 프로필 수정을 통해 직접 입력한 정보입니다.
네이버는 사용자가 등록한 정보 및 게시물을 제공하는 정보매개 서비스 제공자로서 해당 정보의 정확성, 신뢰성 및 최신성에 대해 보증하지 않습니다.
닫기
재택근무로 매달 1000만원이상 벌고있는
경험으로 추천 드릴게요^^
재택부업을 시작하실땐
1.초기비용 대비, 업계에서 가장 큰 수익금 지급
2.수익금 당일지급이 가능한 안전한곳
3.수익을 낼 다양한 시스템이 있는곳
4.본사에 지원이 많은곳
이렇게 네가지 조건이 가장 중요해요~
저도 이러한 기준으로
재택업체를 꼼꼼히 비교해
지금 일하는 곳에서 시작하게 되었답니다^^
제가 일하는곳은
탄탄한 법인회사이구요^^
동종업계 중 수익금이 가장 크고
다양한 수익시스템이 있어
성공하기에 가장 최적이더라구요~
수익금 또한 당일지급이구요!
초기비용 맨처음 한번만 내시면
추가비용은 전혀 없답니다!
초기비용 때문에 걱정 많이 하시는데
일을 아예 안하지 않는 이상
손해보실 일도 없어요^^
저 같은 경우
한분한분의 상황을 파악해
개개인에게 맞는 맞춤교육방식으로
빠르게 수익을 낼 수 있도록
도와드리고 있어요^^
아무리 노력해도 방법이 틀리면
절대 성공할 수 없어요!
하지만 정확한 방법만 안다면
누구나 성공할 수 있답니다^^
현명한 결정하셔서
재택부업 성공하세요~!
2019.07.26.
UP
DOWN
댓글
메뉴 더보기
포인트 선물
신고
---
3번째 답변
motl****
고수
본인 입력 포함 정보
상세 안내 툴팁 보기
지식iN 서비스 질문 답변 페이지 및 프로필의 답변자 정보",3760,False,부업 성공,https://kin.naver.com/qna/detail.naver?d1id=4&dirId=40401&docId=332080048&qb=67aA7JeFIOyEseqztQ==&enc=utf8,2,,,,6,kin,3,부업 광고~ 알려주세요
0,,,,기타,"... 거짓말 인가요 리스크가 큰가요? 부업으로 버시는 분들 많이 있어요 그래도 노력은 필요합니다 처음부터 쉽게 된다기 보다는 조금씩 배워가면 배울 수 있구요 정차 늘어가는 분들 있어요,꼭 부업 성공하세요~^^",5,"1번째 답변
비공개 답변
지존
​
재택부업 선택을 위해 정보를 알아보고 계실때는
여러가지 고려해봐야 하실 사항이 있지만
​저같은 경우는 아래사항을 체크해 보았습니다.
​
1, 시작하는단계에서 초기비용이 있는곳은 패스..
2, 고수익이라고 갭쳐본을 올려놓고 홍보하는곳도 패스..
(멘토운운하는곳은 다단계라고보시면 됩니다)
3, 시간투자가 자유로운곳..
4, 작업성이 쉬워 꾸준히 할수있는곳
으로 찾기 시작했습니다.
​
초기비용이 있는곳이 전부 사기성이 있는곳은 아니지만
제가 보기에는 초기비용을 요구하는곳은 대부분 다단계의 느낌이랄까?
회원모집을 해야 고수익이 보장되는 구조였습니다.
​
고수익을 올려놓고 홍보하는곳은 무조건 거르시구요.
고수익을 올려놓고 자신이 멘토가 되어주겠다고하거나 카톡방에 초대하거나
그런곳도 처음에는 초기비용을 언급하지 않으나 통장에 몇만원 찍어주고
초기비용지불하면 수익이 극대화 된다고 하는 다단계구조가 대부분입니다.
시간투자가 자유로운것은  짬시간에 할수있는일이 적합한거같아서이구요.
​작업성이 쉽고 꾸준한곳을 찾은것은 처음시작하는 단계이니
수익보다는 일을배우는것이 중요할듯 싶어서 였습니다.
​
위에 피하시라고 말씀드리는경우는 제가 이것저것 알아보면서
다 경험한것들이니 피하시는게 좋을듯합니다(알아보는것 초차 시간낭비입니다)
​
기준을 세워놓고 동영상강좌, 카페글, 블러그 등등,,
오랜시간 찾아서 보고 읽고 해보니..
재택부업이라고 인터넷상으로 할수 있는일이 관심있는분들이라면 다 아실테니지만
페이스북이나 포스트 블러그를 통해 마케팅하는 일로 수렴이 되더군요
블러그에 제품리뷰를 쓰거나 홍보를하는일인데.
여기서 문제가 생기더군요 기본적으로 내블러그가 활성화가 많이 되있는가?
하루 방문자수가 얼마나되지? 처참하더군요 ㅎㅎ
​
그래서 일단 블러그를 활성화 하는일부터 해야될듯했습니다
너무 먼일같더군요 언제 블러그를 활성화시키지?
그런데 블러그나 페이스북 내가 홍보하는 내공간을 만들어 활성화 시키는동안
다른 방법을 통해 수익을 낼수 있는 방법을 나름대로 찾아보았습니다
​
지식검색이나 카페 등에 광고성이 짙은아이템이
아닌 공익성까지는 아니더라도
정부지원 상담서비스라던가 자격증관련, 법률관련 상담등
을 홍보하여 수익을 올릴수 있었습니다.
물론 수익은 쥐꼬리만큼이지만요 ㅎㅎ
​
수익은 쥐꼬리만큼이지만 한달정도 블러그에 꾸준히 글을 올리며 관리도 하고
홍보 아이템을 찾아 글도 써보고 하니 블러그도 조금씩 틀을 갖춰가는거 같고
마켓팅이 뭔지도 좀 알것도 같더군요..
제가 재택부업을 시작한지 6개월정도 된거 같은데
큰수익은 아니지만 나름대로 만족하며 시간날때마다 글을 쓰거나
일을하는게 본업보다 재미는 있는듯합니다
​
제가 이글을 쓰는 이유는 처음 재택부업을 찾고 계신분들에게 조금이라도 도움이 될까해서 입니다
저 또한 처음시작할때 막막했었으니까요
일단 재택부업으로 쉽게 몇백씩 버는일은 없습니다.
물론 그이상 버시는분들도 있습니다. 정상적인 부업으로 그렇게 수익을 올릴수 있는분은
파워블러그나 되야 가능성이 조금 생지기않을까 싶습니다. 그분들은 부업이 아닌 본업이겠지요
마케팅으로 부업을 하실분이면 꾸준히 차근차근히 준비해나가시면
소소하게 만족하실수 있는방법은 분명히 있습니다. 확실히 말씀드릴수 있는건
시작을 두려워마시고 일단 시작해보세요.
​
일단 초기투자는 금전적인투자가 아닌 시간투자만 해볼수있는 일로 선택하셔서
시간적인 손해는 조금 보시더라도 금전적인 손해는 안보셧으면 합니다.
저같은경우는 여러가지 사이트를 통해 마케팅 이해를하고
부업하는 방법을 알아봤는데 재택부업에대해 광고하는
업체들이 많이 있더군요. CPA사이트는 많이 있는데요.
CPA는 말그대로 소비가자 Action (주로 상담신청)을 해야
​수익이 발생하는 구조라 처음 시작하시는 분들은 피드백이 조금 늦어
​지루하실수 있습니다.
​
아래 사이트는 클릭만 해도 수익이 발생하는 사이트로
​회원가입도 무료이고 클릭만해도 수익이 발생하는 구조로
​모바일이나 sns로 부업하시기에는 최적의 조건이며
​수익발생이 빨라 즐기면서 부업을 배우시기에는 적당한 사이트입니다.
​광고성이 짙지않은 홍보물도 많은거 같고
​그리고 무엇보다 처음시작할때 궁금한거나 하는방법이 자세히
​나와있어서 도움이 많이 됐습니다.
​
아래 링크걸어놓았으니 무료회원가입하시고 쭉둘러보시면
​하는방법정도는 이해하실수 있을거에요.. 이해하셧으면
​계좌 등록하셔서 단돈 만원이라도 수익을 발생시켜보세요
초기에는 수익이 발생한것만으로도 자신감이 생기실거에요
둘러보시고 도움이 되셧다면 답변채택 부탁드려요~~
아래 링크는 재택부업관련 사이트 링크이며
접근성이 가장 용이해서 올립니다.
​
초기비용없는 재택부업 >>
2023.09.19.
UP
DOWN
댓글
메뉴 더보기
신고
---
2번째 답변
리플리더스
고수
eXpert
본인 입력 포함 정보
상세 안내 툴팁 보기
지식iN 서비스 질문 답변 페이지 및 프로필의 답변자 정보에 노출되는 답변자의 회사, 학교, 자격 등의 정보는 본인이 지식iN 프로필 수정을 통해 직접 입력한 정보입니다.
네이버는 사용자가 등록한 정보 및 게시물을 제공하는 정보매개 서비스 제공자로서 해당 정보의 정확성, 신뢰성 및 최신성에 대해 보증하지 않습니다.
닫기
부업으로 버시는 분들 많이 있어요
​
그래도 노력은 필요합니다
​
처음부터 쉽게 된다기 보다는
조금씩 배워가면 배울 수 있구요
​
정차 늘어가는 분들 있어요,꼭 부업 성공하세요~^^
2023.09.19.
UP
DOWN
댓글
메뉴 더보기
포인트 선물
신고
---
3번째 답변
집에서 4억연봉 희야
초인
#13년경력최고수익마케터 #온라인광고마케팅 #온라인광고컨설팅
아르바이트 5위, 구인구직사이트 4위, 직업, 취업 23위 분야에서 활동
본인 입력 포함 정보
상세 안내 툴팁 보기
지식iN 서비스 질문 답변 페이지 및 프로필의 답변자 정보에 노출되는 답변자의 회사, 학교, 자격 등의 정보는 본인이 지식iN 프로필 수정을 통해 직접 입력한 정보입니다.
네이버는 사용자가 등록한 정보 및 게시물을 제공하는 정보매개 서비스 제공자로서 해당 정보의 정확성, 신뢰성 및 최신성에 대해 보증하지 않습니다.
닫기
다양한 부업 업체들",7921,False,부업 성공,https://kin.naver.com/qna/detail.naver?d1id=3&dirId=31301&docId=454986612&qb=67aA7JeFIOyEseqztQ==&enc=utf8,0,,,,2,kin,3,부업 관련
0,,,,스마트스토어,... 쉽게 접근할 수 있는 방법이나 추천할 만한 업무 유형이 있다면 알려주세요. 가장 먼저 해야 할 것은 관심 있는 분야와 시장 조사입니다 온라인 판매 콘텐츠 제작 플랫폼 활용 등이 추천될거에요! 많은 부업 성공을 기원해요!,7,"22번째 답변
비공개 답변
식물신
집에서 할 수 있는 부업이라면
온라인 부업이 제격이죠
출퇴근 시간 제한없이 하루중 여유시간있을때
또는 어디서든 할 수 있다는 좋은 장점들이 있어요
​
저도 온라인 부업에 관심이 있어
알아보다가
지금은 온네스 퍼널마케팅으로 수익을 내고 있어요
현재 있는 온라인 부업중
가장 쉬우면서 수익화가 가장 빠르고
수익분배율도 가장 높은 부업이에요
​
아래 글은
온라인부업에 대해서 알아보면서
알게 된 정보를 정리해 놓은 글이에요
읽어보시면 온라인 부업을 선택할때 많은 도움이 되실거에요
온네스 퍼널 마케팅, 온라인 부업으로 돈 버는 가장 쉬운 방법
온네스 퍼널 마케팅은 온라인 부업으로 돈 버는 가장 쉬운 방법이에요. 온네스 퍼널 마케팅으로 돈을 벌 수...
blog.naver.com
​
2025.12.24.
UP
1
DOWN
댓글
메뉴 더보기
신고
---
1번째 답변
비공개 답변
태양신
부업을 시작할 때는 먼저 관심 있는 분야를 찾아서 정보를 수집하고 시간과 노력을 투자해야 해요~ SNS 운영 온라인 강의 제작 블로그 운영 등이 추천할만한 집에서 할 수 있는 부업 유형입니다
2025.02.16.
UP
DOWN
댓글
메뉴 더보기
신고
---
2번째 답변
비공개 답변
고수
온라인 부업 알아보고 계시죠~
강의를 듣는다거나 노하우 파일만 받더라도 백만원대부터 몇백까지 필요하죠
하지만 수익을 보장해준다거나 일감도 없는 환경에서 수익 내기는 쉽지 않아요ㅠㅠ
누가 도와주는 사람도 없이 설명서만 읽고 한다는게 쉽지 않죠,,
​
일단은 많이 알아보셔야해요 나에게 맞는 유형이 뭔지
그리고 어떤 회사를 선택할 것인지,,
정보를 많이 습득해보세요
그러면 정말 나한테 도움이되고 실현가능성 있는 유형이 뭔지
판단이 되실거에요
상담도 많이 받아보시구요
안정적으로 꾸준히 하실 수 있는 부업 찾으시는 거라면 블로그 부업을 추천드려요
저 같은 경우는 직장 다니면서도 틈틈히 하루 1~2시간 투자하고
하루에 5~15만원씩 꾸준히 벌고 있어요
고정적으로 제가 일한 만큼 수익이 들어오는 곳이라서요
일감이 있는 곳에서 제대로 일 하셔야죠!
일 한만큼 제대로 수익도 보시구요!!
저도 다른 곳에서도 해봤었는데 여기가 제일 괜찮더라구요
아래 링크 들어가셔서 무료 회원가입 하시구 설명받아보세요
또 새로운 길이 열릴지도 모르잖아요?!ㅎㅎ
화이팅 하시기 바랍니다:)
https://www.dmtu.kr/dlgowl3
2025.02.16.
UP
DOWN
댓글
메뉴 더보기
신고
---
3번째 답변
한아람
태양신
본인 입력 포함 정보
상세 안내 툴팁 보기
지식iN 서비스 질문 답변 페이지 및 프로필의 답변자 정보에 노출되는 답변자의 회사, 학교, 자격 등의 정보는 본인이 지식iN 프로필 수정을 통해 직접 입력한 정보입니다.
네이버는 사용자가 등록한 정보 및 게시물을 제공하는 정보매개 서비스 제공자로서 해당 정보의 정확성, 신뢰성 및 최신성에 대해 보증하지 않습니다.
닫기
가장 먼저 해야 할 것은 관심 있는 분야와 시장 조사입니다 온라인 판매 콘텐츠 제작 플랫폼 활용 등이 추천될거에요! 많은 부업 성공을 기원해요!
2025.02.16.
UP
DOWN
댓글
메뉴 더보기
포인트 선물
신고
---
4번째 답변
설레임
초인
본인 입력 포함 정보
상세 안내 툴팁 보기
지식iN 서비스 질문 답변 페이지 및 프로필의 답변자 정보에 노출되는 답변자의 회사, 학교, 자격 등의 정보는 본인이 지식iN 프로필 수정을 통해 직접 입력한 정보입니다.
네이버는 사용자가 등록한 정보 및 게시물을 제공하는 정보매개 서비스 제공자로서 해당 정보의 정확성, 신뢰성 및 최신성에 대해 보증하지 않습니다.
닫기
첫 단계는 자신의 관심사나 역량을 고려해 적합한 부업을 찾는 것이 중요해요! 온라인 쇼핑몰 운영 블로그 운영 온라인 강의 제작 등이 초보자에게 추천할 만한 옵션입니다
2025.02.16.
UP
DOWN
댓글
메뉴 더보기
포인트 선물
신고",1915,False,부업 성공,https://kin.naver.com/qna/detail.naver?d1id=4&dirId=40609&docId=481939195&qb=67aA7JeFIOyEseqztQ==&enc=utf8,4,,,,8,kin,3,"집에서할수있는부업후기 하신 분들, 실제 난이도와 수익성"
0,,,,기타,"... 신중했던 결과 다행히 멘토실패 없었구요, 도움 많이 받아 열심히 일하고 있답니다~^^ (멘토란, 처음 하시는 재택부업 성공하시게끔 이끌어 드리고, 가르쳐 드리는 사람입니다) 십여년이 넘었다는 곳에서 일해보신 제 멘토님 얘기에...",7,"6번째 답변
유어스돌톡majesty77
고수
본인 입력 포함 정보
상세 안내 툴팁 보기
지식iN 서비스 질문 답변 페이지 및 프로필의 답변자 정보에 노출되는 답변자의 회사, 학교, 자격 등의 정보는 본인이 지식iN 프로필 수정을 통해 직접 입력한 정보입니다.
네이버는 사용자가 등록한 정보 및 게시물을 제공하는 정보매개 서비스 제공자로서 해당 정보의 정확성, 신뢰성 및 최신성에 대해 보증하지 않습니다.
닫기
네~ 요즘 떠오르는 직업
홈비지니스, 재택부업에 대해
말씀 드릴게요~
​
투잡으로나 주부, 대학생들도
많이들 하시는데요
생각하시는 것처럼
집에서 틈나는대로 하실 수 있어요.
​
제공해 드리는 메뉴얼대로
타이핑만 하셔도 수익이 되구요
​
내가 원하는 분야에
상담만 받아도
수익이 발생한답니다.
​
본사에서 제공해 주는 쇼핑몰로
판매 마진을 얻고
​
정회원 모집 수익까지!
​
저는 11년간 사교육에서
학생들을 가르쳐 온 워킹맘입니다.
​
투잡을 희망하던 중
돈 많이 버는 법으로 검색하다
우연히 재택부업에 대해 알게 되었어요.
​
질문 남기고 답변 들어 가며
무지하게 의심하고 고민했었는데요,
재택부업이란게...
확률 높은 로또라고 생각했어요~
​
서칭해보시면 대략 아실 수 있는데요
본인 수익 얼마다 하면서
기계적으로 답변 다시는 분들 많습니다.
통장내역에 혹해서
눈 흐리지 마시고
​
재택부업을 신중하게
고민하고 계시는 중이라면
여러 글들 몇번이고 읽어 보세요.
그러다보면 비교할 수 있는
눈이 생깁니다.
​
진실되 보이는 멘토가 눈에 띈다면
1:1질문도 드려 보시구요~
​
그 다음은 회사입니다.
이것저것 수십가지 돈벌 거리는 많다는 곳
잘 보셔야 합니다.
막상 수익을 보면
짜잘한 곳이 부지기수더라구요..
들인 노력, 시간 대비
가성비가 떨어지는 곳이 많아요~
​
재택부업!!!
저 또한 무슨일을 하는 곳들인지, 사기가 아닌지,
다단계 같은 건가? 하며,
자그마치 8개월이란 시간을
알아보고 고민했습니다.
​
신중했던 결과 다행히 멘토실패 없었구요,
도움 많이 받아 열심히 일하고 있답니다~^^
(멘토란, 처음 하시는 재택부업 성공하시게끔 이끌어 드리고, 가르쳐 드리는 사람입니다)
십여년이 넘었다는 곳에서 일해보신
제 멘토님 얘기에 의하면
지금 회사로 옮긴 이유가
수익률이랍니다.
제가 일하고 있는 이 곳이
압도적으로 높다는거죠!
같은 일 하고 더 많이 버는 곳에서
일하는 것은 당연한 이치죠?
​
수입 또한 월급날까지 기다리실 필요 없이
당일 지급 받을 수 있으니,
탄탄한 자본력
더욱 믿음이 가는 회사지요~
​
긴 시간 고민과 걱정은 제가 다 했습니다.
질문자님은 시간 아끼셔도 되요~^^
​
모두 업계 1위다 하는데...
이 곳은 수익구조 자체가
업계 최고 수익률 이랍니다~!
빠르게 성공하여 롱런할 수 있는 최적의 조건!
제가 이 기업을 선택한 결정적 이유입니다.
​
초기비용때문에 고민하시는 분들 계신데,
일을 안하지 않는 이상
수익이 안날 수가 없고
어차피 환급 받을 수 있기 때문에
걱정하지 않으셔도 되요.
​
정말 핵심 노하우 100% 오픈하는 멘토만나
수익률 갑인 곳에서 시작하셔야
성공합니다!
​
포기하지 않는 이상
수익이 안날 수 가 없는 곳에서
끝까지 책임져 줄 멘토만나
성공하시기를 기원합니다!
2019.12.18.
채택
질문자가 채택한 답변입니다.
UP
DOWN
댓글
메뉴 더보기
포인트 선물
신고
---
1번째 답변
집에서 일하는 다온
은하신
사람과 그룹, 아르바이트 47위, 네이버 블로그 54위 분야에서 활동
본인 입력 포함 정보
상세 안내 툴팁 보기
지식iN 서비스 질문 답변 페이지 및 프로필의 답변자 정보에 노출되는 답변자의 회사, 학교, 자격 등의 정보는 본인이 지식iN 프로필 수정을 통해 직접 입력한 정보입니다.
네이버는 사용자가 등록한 정보 및 게시물을 제공하는 정보매개 서비스 제공자로서 해당 정보의 정확성, 신뢰성 및 최신성에 대해 보증하지 않습니다.
닫기
질문자님 안녕하세요 :)
재택(집)부업 일을 알아보시면서
(★ 많은 홍-보글을 보시겠지만,
겉으로 보이는것만이 다가 아니니
돈-다-발 들고, 달달한 말만 하는사람들 조심하세요!)
​
기초부터 알려드려요~~~
​
이 일을 알아볼 당시엔
아무런 지식도, 경험도 없었기에
처음엔 화려한 통장에만 눈이 휘둥그레지드라구요 ㅎㅎ
'정말 저게 가능할까?'. 4기나 다 단 계는 아닐까...
별별 생각들이 다 들더라구요 ㅎㅎ
하지만, 시대가 시대인만큼
온라인 상에서의 돈을 벌수있는 아이템은 참 다양하구요~
저도 몇달동안 고민고민하면서
회사도 확인해보고 비교도 해보고 시작했어요
그리고, 이제는 일하면서 보니
재택부업이라고 하는 업체들이 우후죽순 생겨나면서
소수의 피해자분들도 생기곤 하는데요
[ 그래서 정말 중요한건 ]
믿고 꾸준히 일할수있는 회사를 선택하셔야 해요
'핫하다. 극초기 선점이다. 해서 ' 잠시 반쨕하고
얼마못가고, 사라진 업체들도 있었구요
고스란히 일하시는분들만 피해를 보게 되니깐요
★ 꾸준하게 일할수있는 믿을만한 회사선택과
★ 그리고, 또 중요한 한가지!!
그 회사에 수.익.아.이.템을 잘 따져 보셔야 해요
회.원.모.집없이도
수-익을 낼수있는 아이템이 있어야해요
고.정.수.입 아이템 없이,
사람만 끌어보아 돈을벌수있는 구조는
정말 힘들수가 있어요..
두루 두루 비교해 보시고 결정하세요!
■ 간략하게 회사관련 설명해드릴게요 ^-^
제가 하고 있는 곳은 16년째 운영중인곳이라,
회사면에선 걱정 안하셔도 되세요~
● 초-보분들이라해도
쉽게쉽게 챙겨갈수있는 수.익.시.스.템부터
(컴퓨터만 켜놔도 적립, 댓글쓰고 적립, 퀴즈, 출석 등)
● 주업무로는,
업체 포스팅(상품 리뷰등 가이드보고 작성) ◀ 고-정 월-급 받듯이
● 업체 홍-보 활동, 광고주 유치, 종합 의류쇼핑몰 , 산삼 쇼핑몰,
아이템이 다양해요~
● 기본교육 자료/동영상 강의제공
남/여 무관한 일이구요
컴퓨터를 잘 다뤄야 하는일이 아니라서
나이드신분들까지 배워 수.익내고 계세요 :)
구체적인 부분은 아래 참고하셔서 대화주세요~^-^
[[ 재택알바 관련 : 닉넴 클릭 후 블로그 보기 ]]
폰으로 보실땐, 화면 왼쪽으로 넘긴 후 봐주세요~
​
​
2019.12.",5188,False,부업 성공,https://kin.naver.com/qna/detail.naver?d1id=4&dirId=40611&docId=342851287&qb=67aA7JeFIOyEseqztQ==&enc=utf8,0,,,,4,kin,3,기초부터 부업 배울수 있는곳 없나요?
0,,,,기타,"... 재택부업 성공하기 위해 택별한 조건이나 자격은 필요하지 않았어요. 오직 저의 책임감과 성실성이 저를 성공하게 만들었죠! 본업외 수익이 생기고나서 점점 경제적 안정을 찾게 되었고.. 여유가 생긴 지금은, 본업을 하면서 투잡으로...",11,"2번째 답변
국민부업 하루20만원
초인
본인 입력 포함 정보
상세 안내 툴팁 보기
지식iN 서비스 질문 답변 페이지 및 프로필의 답변자 정보에 노출되는 답변자의 회사, 학교, 자격 등의 정보는 본인이 지식iN 프로필 수정을 통해 직접 입력한 정보입니다.
네이버는 사용자가 등록한 정보 및 게시물을 제공하는 정보매개 서비스 제공자로서 해당 정보의 정확성, 신뢰성 및 최신성에 대해 보증하지 않습니다.
닫기
할만한거없을까요 이런건 ㅦ걱정되서Л주부부업фき으로⅞ 찾아요드림큐㈏ 어린이집간시간에 ㈔실ㅬ 아기 컴맹이라서할수있₁을지 헬로우드림 할수잇는주부부업
할만한거없을까요 이런건 ㅦ걱정되서Л주부부업фき으로⅞ 찾아요드림큐㈏ 어린이집간시간에 ㈔실ㅬ 아기 컴맹이라서할수있₁을지 헬로우드림 할수잇는주부부업
2015.01.06.
채택
지식인 채택 답변입니다.
UP
4
DOWN
댓글
메뉴 더보기
포인트 선물
신고
---
51번째 답변
비공개 답변
태양신
저 같은 경우에는 하루 정도 교육을 받고
시작을 했어용
​
여러가지 일이 아닌 한가지 정도만 해도
된다는 점이 좋아 시작했어요
​
스마트폰으로 간단히 글을 적어 올리고
클릭이 발생할때마다 수익을 받는 일인데
​
1회 클릭이 일어날때마다 200~1000원
클릭후 상담으로 이어지면 1만원의
추가수익을 구조에요
​
상담이나 문의 같은 경우에는 회사 직원분들이
담당해주시기에 단순 글만 적으면 되기때문에
편하다는 느낌을 강하게 받았어요
​
여러가지 일들이 있지만 클릭형 구조의 일에
관심이 생기신다면 한번쯤 알아보셔도
괜찮을거 같아용 !
모집없이 시작하는 재택알바
생각보다 너무 간단하고 어렵지 않았어요!
han.gl
2025.09.20.
UP
4
DOWN
댓글
메뉴 더보기
신고
---
3번째 답변
탈퇴한 사용자 답변
안녕하세요^^ 질문자님! 저도 집에서 주부부업하는 26살주부예요
저는 아직 애기가 어린이집안가지만 낮잠시간 짜투리시간에 하루에 2~3시간씩
주부부업을 하고있구요^^
컴맹이나 처음하는분들도 다들 주부부업으로 하고계세욤^^
전문적인 일을 하는게 아니라 말그대로 부업이기에 반복적인일이구
누구나 쉽고 간단하게 얻는수익이많아서 주부부업으로 많이 하고계신답니다^^*
2015.01.06.
채택
질문자가 채택한 답변입니다.
UP
3
DOWN
댓글
1
메뉴 더보기
포인트 선물
신고
---
50번째 답변
비공개 답변
지존
저는 평범한 직장인이지만, 퇴근 후 집에서 하루 1~2시간 정도 투자해 부수입을 만들고 있어요.
​
제가 하고 있는 부업은 대학생, 직장인, 주부 등 누구나 시작할 수 있고, 별다른 경험이나 기술 없이도 가능한 일이에요.
​
처음엔 저도 반신반의했지만, 지금은 매달 꾸준히 수익이 나고 있어서 정말 만족하고 있습니다.
제가 직접 겪은 실제 후기를 보시고 부업을 선택하셔도 좋을꺼 같아요
​
퇴근 후 시간을 조금만 활용해도 충분히 가능하니까,
""부수입에 관심 있으시다면, 가볍게 상담 받아보시는 것도 좋은 시작이 될 수 있어요.""
퇴근 후 시작한 큐앤에이, 부수입 성공 후기
퇴근 후 시작한 큐앤에이, 부수입 성공 후기 큐앤에이로 시작했어요! 처음엔 퇴근 후 남는 시간에 뭔가 해...
blog.naver.com
​
2025.08.08.
UP
3
DOWN
댓글
메뉴 더보기
신고
---
19번째 답변
연재맘
초수
본인 입력 포함 정보
상세 안내 툴팁 보기
지식iN 서비스 질문 답변 페이지 및 프로필의 답변자 정보에 노출되는 답변자의 회사, 학교, 자격 등의 정보는 본인이 지식iN 프로필 수정을 통해 직접 입력한 정보입니다.
네이버는 사용자가 등록한 정보 및 게시물을 제공하는 정보매개 서비스 제공자로서 해당 정보의 정확성, 신뢰성 및 최신성에 대해 보증하지 않습니다.
닫기
안녕하세요ㅎ 드림큐연재맘이에요ㅎ
저도 애들보며 집에서 드림큐하고있어요
언제든 문의주세요~^^
2015.01.06.
UP
2
DOWN
댓글
메뉴 더보기
포인트 선물
신고",1904,False,부업 성공,https://kin.naver.com/qna/detail.naver?d1id=4&dirId=40611&docId=214685786&qb=67aA7JeFIOyEseqztQ==&enc=utf8,0,,,,8,kin,3,주부부업 찾아요
0,,,,기타,"... 재택부업 성공한 하곽이 입니다~ . 하루하루 시간은 가고~ 나이는 먹어가고~ 모은 돈은 없구~.. . 요즘 물가도 비싸서 뭘 하기도 망설이시죠? . 저도 그랬답니다. 초기비용이 들어간다는 거에 뒷걸음 치고, 겁내고 망설였어요. . 그러다가...",9,"4번째 답변
헬로우드림 희야
영웅
아르바이트, 직업, 취업 분야에서 활동
본인 입력 포함 정보
상세 안내 툴팁 보기
지식iN 서비스 질문 답변 페이지 및 프로필의 답변자 정보에 노출되는 답변자의 회사, 학교, 자격 등의 정보는 본인이 지식iN 프로필 수정을 통해 직접 입력한 정보입니다.
네이버는 사용자가 등록한 정보 및 게시물을 제공하는 정보매개 서비스 제공자로서 해당 정보의 정확성, 신뢰성 및 최신성에 대해 보증하지 않습니다.
닫기
연봉2억!! 경력5년차~경험과 노하우를 바탕으로
질문에 솔직한 답변 드릴게요~
네 인터넷만 가능 하시면 본인이 원하는 곳에서
하고 싶은 시간에 하고 싶은 만큼 자유롭게 하실수 있구요.
무조건 돈번다..머 얼마 번다..하는 곳 조심 하시구요.
안정적인지 합법적인지 또 지금 시작해도 본인이
수익을 올릴수 있는 구조인지 또 나중에 일해서 나에게 피해가 오거나
하는 부분은 없는지 꼼꼼하게 확인 후 하시길 바라구요.
제가 그동안 오랜동안 보면 수많은 업체들이 생겨나고 또 금방 피해를 주고
문닫고를 반복해서 정상적이고 좋은 회사들도 그 안좋은 선입견 때문에
오해를 사기도 한답니다.
꼼꼼하게 알아보는게 중요 하시구요.
올해 창립 11주년된 안정된 회사이고 각종 방송은 물론
공영방송 유명 시사프로그램에도 방송 되었구요.
제가 일부 방송에 직접 출연두 했구요.
지금까지 엄청난 수익을 올리는 동안 단 하루도 미루거나 어긴적 없이
꼬박 꼬박 입금 받았구요.
통장사진은 물론 동영상 국세청에 매년 5월 종합소득세 신고 한 내용도 있구요.
그래도 믿기 힘드셔서 저를 직접 만난 분들이 100명두 넘구요.
초보라서...나는 못할까..
특정 사람들만 버는건 아닐까..오해들 많이 하시는데요.
제가 시작할때 이미 회사는 7년된 업체 였고 이미 고수익 분들 그때 당시에도 있었구요.
저는 블로그는 커녕 홍보의 홍자도 몰랐기에..
저 역시도 6개월을 망설이고 고민 고민 하다..사정상 시작을 했구요.
첫달에 634만원의 수익!! 두번째달 1234만원 전체 실적 1위..말도 안되는..
그 뒤로 점점더 많은 수익 천만-3천만 매달 수익을 올렸구요.
이 처럼 이 일은 먼저 시작해서 잘하는게 아니구..
저 처럼 초보였던 사람도 일을 시작해서 어떻게 효과적인 방법을 배워서
하느냐에 따라서 지금 시작하는 초보분들도 얼마든지..고수익도 가능 하시구
물론 모두가 고수익이 되는건 아니죠..
다만 원래 부터 잘해야 고수익되는건 아니다..라는 말씀을 드리고 싶은 점이구요.
일하시게 되면 홈피를 분양 받아서 다양한 곳에 홍보를 통해
본인 홈피로 가입이나 구매 광고등록 신청이 이루어지면 실적이 되는데요.
여기서 광고주 모집과 홍보사원 모집 수당은 당일 지급 되구요.
제 휴업체 상품 판매가 되두..실적
제휴업체 홍보글만 작성해두 수익금
각종 게시판 블로그 카페등 글만 작성해두 수익
드림오토 켜놓구 다른 일 하셔두 월 1-6만원 수익
홈피 하루 한번 접속해서 스마트폰으로도 가능..출첵만 하셔두 월 최소 3만원 이상
제휴사이트 3초 클릭..클릭만 하셔두 수익
등..총 17가지 수익원이 있어서 초보라두 홍보활동만 하셔두 첫달 부터
수익금 받으면서 또 홍보활동 하다 보면 당연 실적도 발생하고
요령과 노하우도 생겨서 더 많은 수익금 받게 되는 거랍니다~
일하시게 되면 홈피에 일하는 방법 설명 자료등이 갖추어져 있구요.
또 홍보지원센터 문의 도움을 청하시면 원격지원으로도 도움을 드리고
또 저에게 24시간 언제든 문의 도움청하시면 제 경험과 노하우를 바탕으로 적극
도움을 드리기에..초보분들..즉 시작하시는 분들 다들 블로그나 홍보 경험 없어서
우려하시고 하시던 분들도 1주일이면 충분히 하실정도 수준의 어렵지 않은 일이에요~
더 궁금하시거나 도움 필요하시면 아래 네임카드 참고 하시구요.
네임카드 닫혀 있으면
V
누르시면 열리구요.
스마트 폰으로 보시는 경우
PC
버전으로 보시면 되구요.
휴일 잘 보내시구요^^
언제나 건강하시구 행복하시길 바래요~~~
2014.05.05.
출처
직접작성함
UP
5
DOWN
댓글
메뉴 더보기
포인트 선물
신고
---
2번째 답변
지역리더
중수
본인 입력 포함 정보
상세 안내 툴팁 보기
지식iN 서비스 질문 답변 페이지 및 프로필의 답변자 정보에 노출되는 답변자의 회사, 학교, 자격 등의 정보는 본인이 지식iN 프로필 수정을 통해 직접 입력한 정보입니다.
네이버는 사용자가 등록한 정보 및 게시물을 제공하는 정보매개 서비스 제공자로서 해당 정보의 정확성, 신뢰성 및 최신성에 대해 보증하지 않습니다.
닫기
160오후에 부업㈛Ч고싶은데부업할꺼ㅽ 없ㆈ을까요 뭐 시간나서
160오후에 부업㈛Ч고싶은데부업할꺼ㅽ 없ㆈ을까요 뭐 시간나서
2014.05.05.
UP
1
DOWN
댓글
메뉴 더보기
포인트 선물
신고
---
6번째 답변
호하맘
초수
본인 입력 포함 정보
상세 안내 툴팁 보기
지식iN 서비스 질문 답변 페이지 및 프로필의 답변자 정보에 노출되는 답변자의 회사, 학교, 자격 등의 정보는 본인이 지식iN 프로필 수정을 통해 직접 입력한 정보입니다.
네이버는 사용자가 등록한 정보 및 게시물을 제공하는 정보매개 서비스 제공자로서 해당 정보의 정확성, 신뢰성 및 최신성에 대해 보증하지 않습니다.
닫기
안녕하세요~~집에서 돈버는 주부 호하맘이라고합니다.
오후에 남는시간 컴퓨터를 활용한 포스팅알바 어떠세요??
하시는 만큼 건당 수익을 벌어가실수있고,
정해진 업무, 시간안에 처리해야하는 업무가 아니다보니
조급할것도 없으시고 편한시간
짬짬히 일하시면되세요~~
아래 네임카드 확인하시고 천천히 둘러보신후
궁금하시면 언제든지 문의 주세요~~
2014.05.05.
UP
DOWN
댓글
메뉴 더보기
포인트 선물
신고
---
10번째 답변
집에서돈버는김초이
시민
본인 입력 포함 정보
상세 안내 툴팁 보기
지식iN 서비스 질문 답변 페이지 및 프로필의 답변자 정보에 노출되는 답변자의 회사, 학교, 자격 등의 정보는 본인이 지식iN 프로필 수정을 통해 직접 입력한 정보입니다.
네이버는 사용자가 등록한 정보 및 게시물을 제공하는 정보매개 서비스 제공자로서 해당 정보의 정확성, 신뢰성 및 최신성에 대해 보증하지 않습니다.
닫기
안녕",11346,False,부업 성공,https://kin.naver.com/qna/detail.naver?d1id=4&dirId=40611&docId=197021292&qb=67aA7JeFIOyEseqztQ==&enc=utf8,0,,,,6,kin,3,부업하고싶어요~~!!
0,,,,기타,"형편상 수면 최대한 절제하고 본업, 부업 공부 모두 하면서 성공하는 게 가능한 일인가요? 짧은 기간은 가능하지만 오랜기간 그렇게 하시면 성공을 할 수는 있으나 건강은 나빠진다고 봐야하네요. 충분한 수면 시간은 우리 몸에 영양분을...",5,"1번째 답변
민규린
은하신
eXpert
교육인
#강의경력40년 #N잡러 #아로마테라피
연애, 결혼, 소화기내과 34위, 음식, 식재료 48위 분야에서 활동
본인 입력 포함 정보
상세 안내 툴팁 보기
지식iN 서비스 질문 답변 페이지 및 프로필의 답변자 정보에 노출되는 답변자의 회사, 학교, 자격 등의 정보는 본인이 지식iN 프로필 수정을 통해 직접 입력한 정보입니다.
네이버는 사용자가 등록한 정보 및 게시물을 제공하는 정보매개 서비스 제공자로서 해당 정보의 정확성, 신뢰성 및 최신성에 대해 보증하지 않습니다.
닫기
짧은 기간은 가능하지만
오랜기간 그렇게 하시면
성공을 할 수는 있으나
건강은 나빠진다고 봐야하네요.
충분한 수면 시간은 우리 몸에
영양분을 흡수 하는데 도움을
주면서 다음날 일을 하고 움직일
수 있는 윈동력을 만들어 주네요.
적절한 수면 시간은 아주 중요하다고
봐야 하네요.
2023.04.13.
채택
질문자가 채택한 답변입니다.
민규린
님의 엑스퍼트 상품
답변자에게 더 자세한 맞춤 상담하고 싶다면 엑스퍼트를 이용해보세요!
바로가기
나의 연애운, 결혼운은 언제쯤 일까요?
판매가
30,000
원
30분
중요한 사항 한가지 알아보기
판매가
10,000
원
10분
UP
DOWN
댓글
메뉴 더보기
포인트 선물
신고
---
2번째 답변
비공개 답변
고수
무엇보다 건강이 1등입니다ㅜㅜ
8시간 수면은 필요해요 몸 망가져요,,
그래서 저는 간단한 재택부업 찾다가
맘에 쏙 드는 부업활동 하고 있어요!
시간을 많이 할애하지 않고 역량껏
하는 일이라 부담이 없어요
관심 있으시면 꼭 해보세요ㅎㅎ
포춘트리 - FT.TREE
포춘트리 - 하루 20분 바램을 현실로 만들어드립니다
han.gl
​
2025.04.14.
채택
질문자가 채택한 답변입니다.
UP
DOWN
댓글
메뉴 더보기
신고",891,False,부업 성공,https://kin.naver.com/qna/detail.naver?d1id=6&dirId=61303&docId=443732209&qb=67aA7JeFIOyEseqztQ==&enc=utf8,0,,,,2,kin,3,"본업, 부업 공부 모두 하면서 성공하는 게 가능한..."
0,,,,배달,"... 도보 배달 부업을 원하신다면, 주변 지역의 배달 앱에 가입하여 배달원으로 활동하실 수 있습니다. 신분증과 계좌 정보를 준비한 뒤, 배달 앱의 안내에 따라 등록 절차를 진행해보시기 바랍니다. 부업 성공을 기원합니다.",7,"13번째 답변
배달아빠
영웅
40대 이상 남성
운전/운송업
#배달 #쿠팡이츠배달파트너 #배민커넥트
아르바이트 분야에서 활동
본인 입력 포함 정보
상세 안내 툴팁 보기
지식iN 서비스 질문 답변 페이지 및 프로필의 답변자 정보에 노출되는 답변자의 회사, 학교, 자격 등의 정보는 본인이 지식iN 프로필 수정을 통해 직접 입력한 정보입니다.
네이버는 사용자가 등록한 정보 및 게시물을 제공하는 정보매개 서비스 제공자로서 해당 정보의 정확성, 신뢰성 및 최신성에 대해 보증하지 않습니다.
닫기
도보 배달 부업의 모든 것
아래 글에서 확인할 수 있습니다.
도보 배달 시작하는 방법, A-Z 총정리! (배민커넥트, 쿠팡이츠)
안녕하세요. 요즘 도보 배달에 꽂힌 부업아빠입니다. 도보 배달은 운송장비도 필요없어서, 바로 시작할 수 ...
m.blog.naver.com
실제 도보 배달 수입과 후기글도 있으니,
제 배달 전문 블로그 참고하시면 도움되실 겁니다.
부업아빠, 배달로 일어서다 : 네이버 블로그
배달 부업으로 다시 일어선 두 자녀의 아빠입니다. 배달을 직접 뛰면서 배달 전문 블로그를 운영하고 있습니다. 배달앱 가입이벤트, 가입방법, 첫배달방법, 수입공개와 후기, 수입 높이는 법, 월100만원 챌린지, 꿀팁, 세금과 4대보험 등의 카테고리로 구분했습니다. 검색이나 카테고리에서 원하는 글을 찾을 수 있습니다. (모바일은 '서로이웃' 버튼 옆에 '줄3개' 버튼이 '카테고리' 입니다.) G-766882
m.blog.naver.com
2025.05.22.
채택
질문자가 채택한 답변입니다.
UP
1
DOWN
댓글
메뉴 더보기
포인트 선물
신고
---
4번째 답변
road****
초인
본인 입력 포함 정보
상세 안내 툴팁 보기
지식iN 서비스 질문 답변 페이지 및 프로필의 답변자 정보에 노출되는 답변자의 회사, 학교, 자격 등의 정보는 본인이 지식iN 프로필 수정을 통해 직접 입력한 정보입니다.
네이버는 사용자가 등록한 정보 및 게시물을 제공하는 정보매개 서비스 제공자로서 해당 정보의 정확성, 신뢰성 및 최신성에 대해 보증하지 않습니다.
닫기
관양동에서 도보배달부업을 하려면 배달 앱에 등록하고 주변 음식점과 협력하면 돼요! 필요한 서류도 확인해보시면 좋을 것 같아요! 좋은 기회가 생기길 바랄게요!
2025.05.19.
채택
질문자가 채택한 답변입니다.
UP
DOWN
댓글
메뉴 더보기
포인트 선물
신고
---
1번째 답변
joom****
지존
본인 입력 포함 정보
상세 안내 툴팁 보기
지식iN 서비스 질문 답변 페이지 및 프로필의 답변자 정보에 노출되는 답변자의 회사, 학교, 자격 등의 정보는 본인이 지식iN 프로필 수정을 통해 직접 입력한 정보입니다.
네이버는 사용자가 등록한 정보 및 게시물을 제공하는 정보매개 서비스 제공자로서 해당 정보의 정확성, 신뢰성 및 최신성에 대해 보증하지 않습니다.
닫기
도보배달 부업은 배달 앱에 가입해서 시작할 수 있어요
주변 음식점과 카페도 알아보면 좋을 것 같아요!
행운을 빌어요!
2025.05.19.
UP
DOWN
댓글
메뉴 더보기
포인트 선물
신고
---
2번째 답변
지혜
바람신
본인 입력 포함 정보
상세 안내 툴팁 보기
지식iN 서비스 질문 답변 페이지 및 프로필의 답변자 정보에 노출되는 답변자의 회사, 학교, 자격 등의 정보는 본인이 지식iN 프로필 수정을 통해 직접 입력한 정보입니다.
네이버는 사용자가 등록한 정보 및 게시물을 제공하는 정보매개 서비스 제공자로서 해당 정보의 정확성, 신뢰성 및 최신성에 대해 보증하지 않습니다.
닫기
도보배달 부업을 시작하려면 배달 앱에 가입하고 지역 내 배달 가능한 가게를 찾아보세요
그리고 주변을 돌아다니며 홍보도 해보면 좋을 것 같아요
행운을 빌어요!
2025.05.19.
UP
DOWN
댓글
메뉴 더보기
포인트 선물
신고
---
3번째 답변
ghkr****
초인
본인 입력 포함 정보
상세 안내 툴팁 보기
지식iN 서비스 질문 답변 페이지 및 프로필의 답변자 정보에 노출되는 답변자의 회사, 학교, 자격 등의 정보는 본인이 지식iN 프로필 수정을 통해 직접 입력한 정보입니다.
네이버는 사용자가 등록한 정보 및 게시물을 제공하는 정보매개 서비스 제공자로서 해당 정보의 정확성, 신뢰성 및 최신성에 대해 보증하지 않습니다.
닫기
관양동에서 도보배달을 하려면 일단 배달 앱에 가입하고 근처 음식점들을 찾아보세요!
또한 배달할 때 필요한 장비와 안전 장비도 챙기는 게 좋을 듯 해용!
하루 잘 보내세요!
2025.05.19.
UP
DOWN
댓글
메뉴 더보기
포인트 선물
신고",2225,False,부업 성공,https://kin.naver.com/qna/detail.naver?d1id=9&dirId=90107&docId=485344339&qb=67aA7JeFIOyEseqztQ==&enc=utf8,0,,,,4,kin,3,도보배달부업
0,,,,기타,"... 부업으로 시작하는 재미와 이익! 포스팅에서 만나보세요! 부업의 성공 비결, 공개합니다! 이제 시작해보세요! 부업으로 새로운 도전, 함께 시작해보시겠어요? 부업으로 수익 창출, 당신의 인생을 더욱 풍요롭게 만들어보세요!",10,"1번째 답변
네이버지식인
물신
30대 남성
서비스업
동물의료상담 99위 분야에서 활동
본인 입력 포함 정보
상세 안내 툴팁 보기
지식iN 서비스 질문 답변 페이지 및 프로필의 답변자 정보에 노출되는 답변자의 회사, 학교, 자격 등의 정보는 본인이 지식iN 프로필 수정을 통해 직접 입력한 정보입니다.
네이버는 사용자가 등록한 정보 및 게시물을 제공하는 정보매개 서비스 제공자로서 해당 정보의 정확성, 신뢰성 및 최신성에 대해 보증하지 않습니다.
닫기
제가 이해하기로는, 첫 번째 부업에서는 프리랜서로 일하며 3.3%의 수수료를 받으셨다는 것이고, 두 번째 부업에서는 일한 갯수에 따라 금액을 받으셨지만, 수수료에 대한 내용이 명확하지 않다는 것이 맞나요?
​
또한, 두 번째 부업에서 사업소득2로 2,839,380원을 신고하였고, 이 부분이 프리랜서와 같은 방식으로 처리되었는지 여부도 궁금하신 것 같습니다.
​
그리고, 총 사업소득이 650만원 정도이며, 이에 따른 건보료와 피부양자 상실 여부도 궁금하신 것으로 이해됩니다.
​
마지막으로, 11월 전에 두 번째 부업을 그만두셨는데, 이에 따라 해촉증명서를 내서 건강보험공단에 제출하면 피부양자 자격을 유지할 수 있는지 여부도 궁금하신 것으로 이해됩니다.
​
이에 대한 답변을 드리면, 첫 번째 부업에서는 프리랜서로 일하며 수수료를 받으셨고, 두 번째 부업에서는 일한 갯수에 따라 금액을 받으셨지만, 수수료에 대한 내용이 명확하지 않은 것으로 보입니다. 사업소득2로 신고한 금액이 프리랜서와 같은 방식으로 처리되었는지는 해당 부업을 운영하는 기관 또는 담당자에게 문의하셔야 합니다.
​
총 사업소득이 650만원 정도이므로, 건강보험료와 국민연금 보험료 등이 공제되어야 하며, 피부양자 자격 상실 여부는 해당 기간 동안에 적용되는 기준에 따라 다를 수 있습니다. 따라서, 건강보험공단에 문의하시면 더 자세한 답변을 받으실 수 있을 것입니다.
​
마지막으로, 부업을 하셨다면 해당 부업에 대한 내용을 근로소득 원천징수 영수증 등을 통해 신고해야 하며, 해당 부업이 피부양자 자격과 관련이 있는 경우에는 건강보험공단에 해촉증명서를 제출해야 합니다.
https://www.jamongpick.com/23/31406
플레이업
여러분의 인생을 바꿀 부업 아이디어! 지금 바로 알아보세요!
부업으로 시작하는 재미와 이익! 포스팅에서 만나보세요!
부업의 성공 비결, 공개합니다! 이제 시작해보세요!
부업으로 새로운 도전, 함께 시작해보시겠어요?
부업으로 수익 창출, 당신의 인생을 더욱 풍요롭게 만들어보세요!
#부수입100만원벌기
새 창
#온라인수익창출
새 창
2023.05.07.
채택
질문자가 채택한 답변입니다.
UP
DOWN
댓글
메뉴 더보기
신고",1338,False,부업 성공,https://kin.naver.com/qna/detail.naver?d1id=4&dirId=40301&docId=445246049&qb=67aA7JeFIOyEseqztQ==&enc=utf8,0,,,,4,kin,6,제가 작년에 부업을 두곳에서 했는데
0,,,,스마트스토어,"... - 결국 **꾸준히 할 수 있는 부업 = 성공 확률이 높은 부업**입니다. 정리하면, 직장인 부업으로는 **온라인(블로그·쿠팡파트너스·스마트스토어)**이나 **재능 기반(프리랜서 플랫폼)**이 가장 현실적이고 안정적으로 시작할 수...",15,"40번째 답변
ej****
지존
본인 입력 포함 정보
상세 안내 툴팁 보기
지식iN 서비스 질문 답변 페이지 및 프로필의 답변자 정보에 노출되는 답변자의 회사, 학교, 자격 등의 정보는 본인이 지식iN 프로필 수정을 통해 직접 입력한 정보입니다.
네이버는 사용자가 등록한 정보 및 게시물을 제공하는 정보매개 서비스 제공자로서 해당 정보의 정확성, 신뢰성 및 최신성에 대해 보증하지 않습니다.
닫기
유튜브: 뷰트랩, 블로그: 알파남, 로알남 추천합니다.
뭐든지 배울 때 돈을 쓰시는 것이 좋습니다. 다만 잘 찾아서 써야겠죠.
저도 돈을 많이 썼습니다 ㅠㅠㅠ 블로그도 돈을 안쓰고 스스로해야겠다고 마음먹고 했다가 5개월정도 날리고 큰맘먹고 수강해서 잘했습니다. 흠...믿는 것은 솔직히 질문자님의 마음같아요. 다만 알려드리고 싶은 것은 하루 1시간으로 월 천만원번다? 그런 일은 없습니다. 불가능하다는 것이 아닙니다. 몇년동안 시스템을 구축한 고수들의 경우 지금은 1시간만 일해도 월 천만원 이상의 수익이 생기지만 그들 역시 처음부터 한시간만 한 것은 아니라는 겁니다. 그래서 처음 3개월 정도는 정말 하루에 10시간도 할 각오를 해야 합니다. 물론 자유입니다. 하루에 한 시간만 해도됩니다. 다만 많이 느리겠죠. 현실적으로 수입이 발생하는데 걸리는 시간은 하루 한시간을 기준으로 3개월 이상 걸립니다... 능력치에 따라서 더 걸릴 수도 있고요. 중요한 것은 자신있는거 하나만하세요! 블로그든 유튜브든 구매대행이든 뭐든. 그리고 그 하나를 잘 찾아서 믿을 만한 사람에게 배우는데 돈을 쓰셔도 되고 아니면 구글링해서 독학하셔도 됩니다. 물론 시간, 노력의 차이가 있겠지만 독학은 어렵습니다. 그래도 공짜이니 장점은 있습니다. 그렇게 하나가 월 30만원 이상 수입이 날 때까지 하시는 것을 추천드립니다.
2025 직장인 부업 추천 TOP 5｜퇴근 후 재택으로 가능한 투잡 아이디어 - 더오지랖
2025년은 부업을 시작하기에 가장 좋은 시기입니다. 디지털 인프라와 재택 시스템이 정착되면서 직장인이 본업과 부업을 병행하기에 최적의 환경이 마련되었습니다. 위에서 소개한 직장인 부업 추천 TOP 5를 참고하여, 여러분도 경제적 여유와 자기계발 두 마리 토끼를 잡아보세요!
ohjirap.com
​
2025.10.21.
UP
1
DOWN
댓글
메뉴 더보기
포인트 선물
신고
---
5번째 답변
비공개 답변
고수
안녕하세요 질문자님
질문주신 내용 잘 읽어봤습니다!
정말 많은 고민되실거예요 저역시두
그랬구요 ㅎㅎ 저도 엄청 고민하고
여러군데 해보다가 수익제대로 안나서
포기하고 그랬었거든요.
​
마지막으로 눈 딱감고 해보자!
해서 시작했는데요.
눈으로 수익 쌓이는게 보이니까
믿을 수 있겠더라구요~
​
저는 어린 아기를 키우고 있는 육아맘이예요
​
요즘 물가도 많이 오르고,
남편 혼자 외벌이하는게 너무 미안하기도 하고
신경쓰여서 알아보다 시작하게 되었는데요!
​
저도 처음에는 사기인가?
다단계아닌가? 라는 많은 생각에
여러 회사들을 알아보고 결정했는데,
​
첫날부터 틈틈이해서 수익이 올라가는게
눈으로 보이니까 신뢰도가 쌓이더라구요!
​
처음엔 누구나 다 초보에서 시작하는거잖아요~
이 곳은 본사에서 원격 교육도
해주시니까 어려움 없이
수익내실 수 있어요!
​
직장인/육아맘/대학생 누구나 가능하고
컴맹/ 폰맹도 누구나 가능하답니다!
​
무료회원가입하시고, 재택알바상담 신청해주시면
전화나 카톡으로 자세한 상담 도와드리고 있으니
상담받아보시고 고민해보세요!
​
▶ 재택알바 무료상담 받으러가기
​
​
2024.03.14.
채택
질문자가 채택한 답변입니다.
UP
DOWN
댓글
메뉴 더보기
신고
---
14번째 답변
소망이네
초수
본인 입력 포함 정보
상세 안내 툴팁 보기
지식iN 서비스 질문 답변 페이지 및 프로필의 답변자 정보에 노출되는 답변자의 회사, 학교, 자격 등의 정보는 본인이 지식iN 프로필 수정을 통해 직접 입력한 정보입니다.
네이버는 사용자가 등록한 정보 및 게시물을 제공하는 정보매개 서비스 제공자로서 해당 정보의 정확성, 신뢰성 및 최신성에 대해 보증하지 않습니다.
닫기
제가 하고 있는 부업 추천드릴께요
스마트폰으로 짬짬이 이렇게 벌수 있어요
저는 개인사업자라 진짜 시간이 없는데도
이정도는 벌고 있답니다~ 폰으로 하는거라
일하다 쉬는 시간 틈틈히, 퇴근후 집에서
침대에 누워서, 출퇴근 버스안에서도~
거기다 ai 프로그램 실행 시켜놓으면
자는동안 ai가 알아서 돈도 벌어줘요
언제든 문의 주시고 초보분도 당일부터
벌수있게 만들어드리고 있으니 한번
시작해보세요~ㅎㅎ
​
무료부업 슬립업 문의하세요
#무료부업 #쉬운부업 #ai로돈벌기 #온라인부업 #당일지급부업 #슬립업소망 #빠른글쓰기교육
open.kakao.com
2024.03.16.
UP
DOWN
댓글
메뉴 더보기
포인트 선물
신고
---
15번째 답변
집에서 4억연봉 희야
초인
#13년경력최고수익마케터 #온라인광고마케팅 #온라인광고컨설팅
아르바이트 5위, 구인구직사이트 4위, 직업, 취업 23위 분야에서 활동
본인 입력 포함 정보
상세 안내 툴팁 보기
지식iN 서비스 질문 답변 페이지 및 프로필의 답변자 정보에 노출되는 답변자의 회사, 학교, 자격 등의 정보는 본인이 지식iN 프로필 수정을 통해 직접 입력한 정보입니다.
네이버는 사용자가 등록한 정보 및 게시물을 제공하는 정보매개 서비스 제공자로서 해당 정보의 정확성, 신뢰성 및 최신성에 대해 보증하지 않습니다.
닫기
저도 집에서 13년을 최고수익 올리면서 일했는데요
​
질문처럼 다양한 부업 업체들도 많고
​
업체마다 일하는 방법도 도와주는 것도
​
초기비용도 달라요
​
프리랜서라는게 서로 경쟁을 통해서
​
본인 능력에 따라 수익이 많고 작고 하는 일인데
​
다들 해본적 없이 시작하면서
​
본인 통해 가입하면 돈벌게 해주겠다는
​
온라인상 경쟁자의 말만 믿고 가입해서
​
도움받지 못하고 포기하거나
​
효과적인 방법을 제대로 배우지 못하고
​
시간대비 수익성이 작아서
​
다시 제대로 배우려고 재가입을 반복하는 경우가 많은데요
​
충분하게 잘 알아보시고
​
온라인상 경쟁자의 말만 믿고 의지하는 것 보다는
​
본인이 효과적인 ",5500,False,부업 성공,https://kin.naver.com/qna/detail.naver?d1id=4&dirId=40607&docId=466218182&qb=67aA7JeFIOyEseqztQ==&enc=utf8,2,,,,8,kin,9,직장인 부업 추천
0,,,,기타,... 안녕하세요 재택부업 성공한 하곽입니다. 주민번호를 알려주고 통장을 하나 개설하라는 건.. 좀 의심스러운 부분이 있는것 같아요. 비번까지 알려줘야 한다는 거에서 ~ 의심이 확 드네요 ㅎㅎ 안하시는게 좋을꺼 같아요. 부업에도...,7,"4번째 답변
꿀미니
초수
본인 입력 포함 정보
상세 안내 툴팁 보기
지식iN 서비스 질문 답변 페이지 및 프로필의 답변자 정보에 노출되는 답변자의 회사, 학교, 자격 등의 정보는 본인이 지식iN 프로필 수정을 통해 직접 입력한 정보입니다.
네이버는 사용자가 등록한 정보 및 게시물을 제공하는 정보매개 서비스 제공자로서 해당 정보의 정확성, 신뢰성 및 최신성에 대해 보증하지 않습니다.
닫기
비즈부업은 해본적이없지만 얘기를 들어보니 그다지 믿음직하지 못한거같습니다
주민번호 계좌번호 비밀번호를 알려줘야하는 부업사이트는 없는걸로 알고있습니다
쉬워보이는 부업이긴 하다만 막상 하면 쉽지만은 않을거같구요
장소제약 없이 컴퓨터 킬줄알고 타자만 칠줄알면 할수있는
괜찮은 부업하나 소개시켜 드리려해요 ㅎㅎ
바로 드림큐라는 부업사이트인데요
드림큐는 하루에도 몇백명씩 신규회원들이 생겨나는 인기부업사이트랍니다
물론 저 꿀미니도 드림큐 회원이구요 ㅎㅎ
그럼 일단 드림큐로 어떤 수익을 낼수있는지 알려드릴게요
제가 올린건 총 11가지지만 현재는 더 많은 수익방법들이 있답니다
드림큐는 위에 보시는것처럼 간단한 방법들로 돈을 벌수있는 부업사이트에요
처음 가입하고 정회원이 되실때 초기비용이 듭니다
하지만 초기비용이 든다고 의심하지 않으셔도 되요
다른 어떤 부업을 하든 초기비용이 드는 건 마찬가지입니다
드림큐는 실적 20건을 달성하면 초기비용을 모두 환불해 주니 걱정하실 필요 없습니다 ㅎㅎ
드림큐를 처음 시작할때 굉장히 많은 고민을 하실꺼에요
저 꿀미니도 그랬거든요 ㅎㅎ
정말 많은 고민의 시간끝에 저는 지금 드림큐 정회원이 되었습니다 ㅎㅎ
현재 초기비용도 할인 중이에요 ㅎㅎ
저 꿀미니는 프리미엄형으로 가입했었답니다^^
저에대해 혹은 드림큐라는 사이트에대해
더궁금하신게 있으시다면 제 네임카드참고하셔서
블로그 한번 방문해주세요 ㅎㅎ
도움이 되셨으면 채택부탁드립니다
2014.05.19.
UP
DOWN
댓글
메뉴 더보기
포인트 선물
신고
---
5번째 답변
내가 먼저
중수
본인 입력 포함 정보
상세 안내 툴팁 보기
지식iN 서비스 질문 답변 페이지 및 프로필의 답변자 정보에 노출되는 답변자의 회사, 학교, 자격 등의 정보는 본인이 지식iN 프로필 수정을 통해 직접 입력한 정보입니다.
네이버는 사용자가 등록한 정보 및 게시물을 제공하는 정보매개 서비스 제공자로서 해당 정보의 정확성, 신뢰성 및 최신성에 대해 보증하지 않습니다.
닫기
쥬얼리 부업 해보신분이요
안녕하세요
저는 손부업은 아니고 인터넷으로 부업하는
헬로우 드림 현이맘입니다.
출퇴근 알바는 출퇴근시간이 명확하고 시간제로 할수 있는 일이 드물어요
그래서 집에서 하는 재택알바 헬로우드림을 하고 있지요..
사정에 따라서 쉬었다가 해도 되고 인터넷만 되면
얼마든지 집에서도 돈을 벌수 있답니다~
헬로우드림은 업무는 인터넷상에 헬로우드림을 알리는 일이에요!!
저처럼 블로그에 포스팅을 통해
헬로우드림 마케터 모집과
또
헬로우드림이 광고대행사라는
걸 홍보하는 거에요~
아래 네임카드 들어가서 직접 보시면 이해가 빠르실 거에요~
2014.05.19.
출처
직접입력
UP
DOWN
댓글
메뉴 더보기
포인트 선물
신고
---
6번째 답변
헬로우드림 희야
영웅
아르바이트, 직업, 취업 분야에서 활동
본인 입력 포함 정보
상세 안내 툴팁 보기
지식iN 서비스 질문 답변 페이지 및 프로필의 답변자 정보에 노출되는 답변자의 회사, 학교, 자격 등의 정보는 본인이 지식iN 프로필 수정을 통해 직접 입력한 정보입니다.
네이버는 사용자가 등록한 정보 및 게시물을 제공하는 정보매개 서비스 제공자로서 해당 정보의 정확성, 신뢰성 및 최신성에 대해 보증하지 않습니다.
닫기
2억 연봉!! 5년차~ 경험과 노하우!!!
질문에 솔직한 답변 드릴게요
네 부업 특성상 신뢰도와 안정성이 중요하세요.
사전에 꼼꼼하게 확인후 결정 하시구요.
최근에 공정위에서 다단계 업체들 집중 조사한다구 하네요.
초보라두 홍보활동만 하시면 첫달부터 수익금 받으면서
부담없이 하실수 있구요.
인터넷 검색과 이렇게 타자 정도 치시고 쇼핑몰 구매정도 하시면
누구나 충분히 하실수 있는 일이구요.
지역에 상관없이 인터넷만 가능하시면 어디서든 본인이 하고 싶은
시간에 하고 싶은 만큼 자유롭게 하실수 있기에 투잡으로도 가능 하구요.
회사는 올해로 창립 11주년된 믿음직한 회사구요^^
각종 언론과 공중파 방송에 보도 방영 되었구요^^
또 제가 일부 방송에 직접 출연 했답니다^^헤헤
그리고 매달  단 한번도 미루거나 어긴적 없이 꼬박 꼬박 입금 받았구요.
규정상 이곳에 통장 인증 못하는점 이해해 주시길 바래요~
네임카드 참고 하시면 통장은 물론 방송 영상 및 국세청 종합소득세
받은 내용도 있으니 참고 하시구 믿으셔도 되구요~
하는 일은 홈피를 분양받아서 홍보만 하면 되는 간단한 업무 이구요.
홍보를 해서 제휴 업체 상품 판매
제휴 업체 홍보 활동 수익
제휴 업체..즉 광고주 모집
홍보활동 사원 모집
이렇게 크게 4가지 분류되구요. 총 17가지의 수익 발생 구조에요.
제 휴업체 3초클릭만 해두 수익금 발생
제휴업체 홍보활동 즉 게시판이나 블로그 카페등에 글만 작성해도 수익
홈피 하루 한번씩 출첵만 해두 월 최소 3만원
다른 일 하면서 드림오토 켜놓기만해두 자동으로 월 1-6만원 수익
이렇게 총 17가지의 다양한 수익원이 있기에 초보도 수익 발생하면서 일하실수 있구요.
이렇게  홍보활동 하다 보면 위 실적들 발생해서 더 많은 수익금을 가져 갈수 있구요.
일 자체는 어렵지 않고 본인도 일 시작하기전 인터넷 검색이나
쇼핑몰 이용정도 하던 수준에서 시작을 했구요. 저 뿐아니구 지금 일하시는 분들
거의 모두 그렇게 시작해서 지금 다들 잘하듯 누구나 충분히 하실수 있는
간단한 일이에요~
일하시게 되면 홈피에 일하는 방법과 설명 자료등이 갖추어져 있고
또 홍보지원센터 문의 도움을 받으실수 있구요.
또 저를 멘토 마케터로 하신 분들은 저에게 문의 도움을 받으시면서 하시면 되는데
제가 그동안 수많은 분들 도움 드리면서 보면 보통 1주일이면 충분히 다 하시구요.
어렵지 않은 간단한 일이세요~
더 궁금하시거나 이해안되시면 아래 네임카드 참고 하시구요~
네임카드 닫혀있",4214,False,부업 성공,https://kin.naver.com/qna/detail.naver?d1id=4&dirId=40611&docId=198058426&qb=67aA7JeFIOyEseqztQ==&enc=utf8,0,,,,4,kin,3,쥬얼리 부업 해보신분이요~
0,,,,기타,극초기 사업이나 부업은 성공하더군요 선점 가능한 부업 소개좀요 오래된거 말고요. 오래된건 경쟁이 심해요 리치패밀리를 소개해 드리고 싶어요 지금 극초기 사업가 타이밍이랍니다 우리나라에서 학습지 1위 기업이구요 프리랜서...,5,"2번째 답변
귀여운딸기
시민
본인 입력 포함 정보
상세 안내 툴팁 보기
지식iN 서비스 질문 답변 페이지 및 프로필의 답변자 정보에 노출되는 답변자의 회사, 학교, 자격 등의 정보는 본인이 지식iN 프로필 수정을 통해 직접 입력한 정보입니다.
네이버는 사용자가 등록한 정보 및 게시물을 제공하는 정보매개 서비스 제공자로서 해당 정보의 정확성, 신뢰성 및 최신성에 대해 보증하지 않습니다.
닫기
리치패밀리를 소개해 드리고 싶어요
지금 극초기 사업가 타이밍이랍니다
​
﻿
우리나라에서 학습지 1위 기업이구요
프리랜서 형태로 월급제가 아닌 주급으로 수당제 입니다.
(매주 화요일 오전9시)
★시간제약없이 하루 1시간 단순 쇼핑몰 홍보
★적은 초기비용+리스크도 없구요
★목돈마련과 노후대비도 안정적으로 할 수 있어요
★연금성 인세 소득도 받을 수 있어요
★300만원 상당의 무료마케팅 교육도 진행해줘요
​
팀으로 이루어 지며 1대1 코칭으로 컴맹도 폰맹도 교육 받아서 일을 할수 있는 사업입니다.
​
경력단절 육아맘인 저 또한 무료 마케팅 교육을 받아 사업을 하고 있으니
재택부업을 원하는 투잡러들 워킹맘 대디 자영업자분들 망설이지 마시고 도전하세요
설문조사 참여하기
▼▼▼▼▼▼▼▼▼▼▼▼▼
[대기업 플랫폼 비지니스 설문조사]
naver.me
▲▲▲▲▲▲▲▲▲▲▲▲▲
​
​
​
본 글은
합법적인 네트워크 사업을 하고 있는
개별 ""독립사업자""가 올린 글이며,
수익을 보장 하지 않습니다.
​
본 글의 목적은
취업,부업,알바,일자리 알선의 목적이 아닌,
함께 네트워크마케팅 판매원 활동을 할
비지니스 파트너 모집이 주 목적입니다.
﻿
2022.12.24.
UP
DOWN
댓글
메뉴 더보기
포인트 선물
신고
---
3번째 답변
탈퇴한 사용자 답변
참고로 저는 리치패밀리라는 온라인부업을 선택했어요
찾으시는 극초기단계랍니다
​
지금 같은 미래가 불확실한 시기에는 리스크 없는 온라인 재택사업이 좋더라구요.  대기업에서 작정하고 시작한 사업인데 아직 아는 사람이 거의 없는 상태라 블루오션이랍니다.
​
​저도 처음엔 이게 뭐지 했는데 알고보니 엄청난 기회더라구요. 하루1시간 정도만 투자해서 온라인 마케팅만 하면 되는 간단한 일이고 큰 투자없이 바로 시작할 수 있으며, 하다가 실패하더라도 리스크는 전혀 없는 일이구요 주식처럼  혹시나 손해볼까봐 마음 졸이며 걱정할 필요가 없어서 너무 맘 편하더라구요.
​
​한번 제대로 알아보세요. 여기 실제로 돈 버시는 분들 엄청나게 많더라구요. 아마 안알아봤으면 평생 후회했겠구나 하실거예요.
​
​자세한 내용은 아래 설문조사 답해주시면 팀에서 카톡드릴께요~
​
​
https://naver.me/GaTz1PFm
[대기업 플랫폼 비지니스 설문조사]
naver.me
​
​
​
​
​
​
​
​
2022.12.24.
UP
DOWN
댓글
메뉴 더보기
신고
---
4번째 답변
집순이
중수
아르바이트, 직업, 취업 분야에서 활동
본인 입력 포함 정보
상세 안내 툴팁 보기
지식iN 서비스 질문 답변 페이지 및 프로필의 답변자 정보에 노출되는 답변자의 회사, 학교, 자격 등의 정보는 본인이 지식iN 프로필 수정을 통해 직접 입력한 정보입니다.
네이버는 사용자가 등록한 정보 및 게시물을 제공하는 정보매개 서비스 제공자로서 해당 정보의 정확성, 신뢰성 및 최신성에 대해 보증하지 않습니다.
닫기
본업 하시면서 추가 수입원을 벌 수있는 투잡도 한번 생각해보세요
​
요즘은 시간,장소 제약없이 온라인으로
하는 부업이 인기죠~
​
별다른 경력이나 스팩이 없이도 가능해서
주부,직장인,취준생 누구나 할 수있고
핸드폰으로 카톡만 할 줄 알면 가능한 일이라
나이가 있어도 쉽게 시작 할 수 있고
본업외에  다른 수입원으로 불확실한
미래를 대비하기에 많이들 하십니다~
​
저도 온라인부업을 하고 있는데
어떤 회사를 선택하느냐가 중요한것 같아요
대기업인지 안전한지~~
저도 꼼꼼히 알아보고 시작했구요
대기업에서 시작한 플랫폼사업이라 안전하고
부업으로 시작해서 본업으로 전향하신 분들도
많이 계십니다~
그만큼 안전하고 수익성도 좋다는 의미겠죠~
​
혹시 관심있으시면 아래 후기 둘러보시고
설문남겨주세요~~
선택은 본인이 하시는거니까 둘러보시고
결정하시면 됩니다~~
https://naver.me/GlmqlxKo
나를 가슴뛰게 만드는 리치패밀리~
안녕하세요 리치패밀리의 무한긍정 열정워킹맘 김선희입니다~ 처음 리치패밀리를 만났을때 저는 참으로 의욕없고 재밌는게 없었던, 하루하루 그냥저냥 살아가던 늦둥이 워킹맘이...
naver.me
​
​
​
​
본 글은
합법적인 네트워크 사업을 하고 있는
개별 ""독립사업자""가 올린 글이며,
수익을 보장 하지 않습니다.
​
본 글의 목적은
취업,부업,알바,일자리 알선의 목적이 아닌,
함께 네트워크마케팅 판매원 활동을 할
비지니스 파트너 모집이 주 목적입니다.
2022.12.24.
UP
DOWN
댓글
메뉴 더보기
포인트 선물
신고
---
5번째 답변
gjpy****
중수
본인 입력 포함 정보
상세 안내 툴팁 보기
지식iN 서비스 질문 답변 페이지 및 프로필의 답변자 정보에 노출되는 답변자의 회사, 학교, 자격 등의 정보는 본인이 지식iN 프로필 수정을 통해 직접 입력한 정보입니다.
네이버는 사용자가 등록한 정보 및 게시물을 제공하는 정보매개 서비스 제공자로서 해당 정보의 정확성, 신뢰성 및 최신성에 대해 보증하지 않습니다.
닫기
극초기 부업 소개 하겠습니다
많이 되지 않은거라 하시면 좋습니다   대기업에서 하는일이라  리스크도 없습니다
​
집에서 할수있는일 찾고  계신다면
여기   정말  괜찮은 부업 하나 가르쳐 드리고 싶내요~~
근데 정말 부업은  잘알아보고 나랑 잘 맞는곳을 선택해야 겠더라구요
​
저도 오래전 암웨이 사업을 지인에게 권유받고 사업설명회를  몇번  갔었어요
근데 여긴 내가 다른사람에게 물건을 팔아야 수익이  나오는 거더라구요
​
​
​
전 소심하고 내성적이라 물건판매는 자신이 없었고
한번 해보려고 하니 얼굴이  빨개지고 쭈뼛거리게 되고 힘이들어 포기하게 되었어요
​
​
​
이후에  결혼도 하게되고 아이도 낳고 육아하면서  직장은 그만두게 되었죠~~
​
근데 신랑 월급으로 생활이 빠",4774,False,부업 성공,https://kin.naver.com/qna/detail.naver?d1id=4&dirId=40611&docId=435430606&qb=67aA7JeFIOyEseqztQ==&enc=utf8,0,,,,2,kin,3,극초기부업 소개좀요
0,,,,기타,"... 신중했던 결과 다행히 멘토실패 없었구요, 도움 많이 받아 열심히 일하고 있답니다~^^ (멘토란, 처음 하시는 재택부업 성공하시게끔 이끌어 드리고, 가르쳐 드리는 사람입니다) 십여년이 넘었다는 곳에서 일해보신 제 멘토님 얘기에...",5,"3번째 답변
so****
시민
본인 입력 포함 정보
상세 안내 툴팁 보기
지식iN 서비스 질문 답변 페이지 및 프로필의 답변자 정보에 노출되는 답변자의 회사, 학교, 자격 등의 정보는 본인이 지식iN 프로필 수정을 통해 직접 입력한 정보입니다.
네이버는 사용자가 등록한 정보 및 게시물을 제공하는 정보매개 서비스 제공자로서 해당 정보의 정확성, 신뢰성 및 최신성에 대해 보증하지 않습니다.
닫기
재고부담없이 마켓만 열면 배송까지 책임지는 부업 추천드립니다!
​
샤넬, 롯데, 소니, 코카콜라 등 TOP 브랜드와 협업하고
협찬, 판매, 체험단 등 다양한 미션들이 가득한 '태그바이' 입니다.
​
한번 들러서 확인해보세요!
​
http://bit.ly/2r4l1kP
TAGby - 컨텐츠 마케팅 플랫폼
인플루언서를 이용한 광고, 판매, 마케팅을 하나의 솔루션으로
bit.ly
​
2019.12.24.
UP
DOWN
댓글
메뉴 더보기
포인트 선물
신고
---
4번째 답변
은하신
초인
본인 입력 포함 정보
상세 안내 툴팁 보기
지식iN 서비스 질문 답변 페이지 및 프로필의 답변자 정보에 노출되는 답변자의 회사, 학교, 자격 등의 정보는 본인이 지식iN 프로필 수정을 통해 직접 입력한 정보입니다.
네이버는 사용자가 등록한 정보 및 게시물을 제공하는 정보매개 서비스 제공자로서 해당 정보의 정확성, 신뢰성 및 최신성에 대해 보증하지 않습니다.
닫기
크몽등
​
알아보셔도
​
좋고 개인적으론
​
​
무자본 온라인 부업 관련 사이트추천 네임카드 링크드립니다. 도움받아보시길!
무자본 온라인 부업 리더스
http://bit.ly/2s4JKpy
2019.12.24.
UP
DOWN
댓글
메뉴 더보기
포인트 선물
신고
---
5번째 답변
워크미스올드
초수
본인 입력 포함 정보
상세 안내 툴팁 보기
지식iN 서비스 질문 답변 페이지 및 프로필의 답변자 정보에 노출되는 답변자의 회사, 학교, 자격 등의 정보는 본인이 지식iN 프로필 수정을 통해 직접 입력한 정보입니다.
네이버는 사용자가 등록한 정보 및 게시물을 제공하는 정보매개 서비스 제공자로서 해당 정보의 정확성, 신뢰성 및 최신성에 대해 보증하지 않습니다.
닫기
지금 많이 떠오르고 있는 직종이 광고, 홍보 마케터 쪽일거예요.
디지털노마드 시대라고 하죠. 컴퓨터만 가지고 다니면서 앉는 곳이 직장이고 하루 8시간 이상을 근무하는 것이 아닌 1~2시간씩만 일하고 취미 생활이나 여행도 다니는...
세상 참 많이 바뀌긴 했네요.
2019.12.27.
UP
DOWN
댓글
메뉴 더보기
포인트 선물
신고
---
1번째 답변
유어스돌톡majesty77
고수
본인 입력 포함 정보
상세 안내 툴팁 보기
지식iN 서비스 질문 답변 페이지 및 프로필의 답변자 정보에 노출되는 답변자의 회사, 학교, 자격 등의 정보는 본인이 지식iN 프로필 수정을 통해 직접 입력한 정보입니다.
네이버는 사용자가 등록한 정보 및 게시물을 제공하는 정보매개 서비스 제공자로서 해당 정보의 정확성, 신뢰성 및 최신성에 대해 보증하지 않습니다.
닫기
네~ 요즘 떠오르는 직업
홈비지니스, 재택부업에 대해
말씀 드릴게요~
​
투잡으로나 주부, 대학생들도
많이들 하시는데요
생각하시는 것처럼
집에서 틈나는대로 하실 수 있어요.
​
제공해 드리는 메뉴얼대로
타이핑만 하셔도 수익이 되구요
​
내가 원하는 분야에
상담만 받아도
수익이 발생한답니다.
​
본사에서 제공해 주는 쇼핑몰로
판매 마진을 얻고
​
정회원 모집 수익까지!
​
저는 11년간 사교육에서
학생들을 가르쳐 온 워킹맘입니다.
​
투잡을 희망하던 중
돈 많이 버는 법으로 검색하다
우연히 재택부업에 대해 알게 되었어요.
​
질문 남기고 답변 들어 가며
무지하게 의심하고 고민했었는데요,
재택부업이란게...
확률 높은 로또라고 생각했어요~
​
서칭해보시면 대략 아실 수 있는데요
본인 수익 얼마다 하면서
기계적으로 답변 다시는 분들 많습니다.
통장내역에 혹해서
눈 흐리지 마시고
​
재택부업을 신중하게
고민하고 계시는 중이라면
여러 글들 몇번이고 읽어 보세요.
그러다보면 비교할 수 있는
눈이 생깁니다.
​
진실되 보이는 멘토가 눈에 띈다면
1:1질문도 드려 보시구요~
​
그 다음은 회사입니다.
이것저것 수십가지 돈벌 거리는 많다는 곳
잘 보셔야 합니다.
막상 수익을 보면
짜잘한 곳이 부지기수더라구요..
들인 노력, 시간 대비
가성비가 떨어지는 곳이 많아요~
​
재택부업!!!
저 또한 무슨일을 하는 곳들인지, 사기가 아닌지,
다단계 같은 건가? 하며,
자그마치 8개월이란 시간을
알아보고 고민했습니다.
​
신중했던 결과 다행히 멘토실패 없었구요,
도움 많이 받아 열심히 일하고 있답니다~^^
(멘토란, 처음 하시는 재택부업 성공하시게끔 이끌어 드리고, 가르쳐 드리는 사람입니다)
십여년이 넘었다는 곳에서 일해보신
제 멘토님 얘기에 의하면
지금 회사로 옮긴 이유가
수익률이랍니다.
제가 일하고 있는 이 곳이
압도적으로 높다는거죠!
같은 일 하고 더 많이 버는 곳에서
일하는 것은 당연한 이치죠?
​
수입 또한 월급날까지 기다리실 필요 없이
당일 지급 받을 수 있으니,
탄탄한 자본력
더욱 믿음이 가는 회사지요~
​
긴 시간 고민과 걱정은 제가 다 했습니다.
질문자님은 시간 아끼셔도 되요~^^
​
모두 업계 1위다 하는데...
이 곳은 수익구조 자체가
업계 최고 수익률 이랍니다~!
빠르게 성공하여 롱런할 수 있는 최적의 조건!
제가 이 기업을 선택한 결정적 이유입니다.
​
초기비용때문에 고민하시는 분들 계신데,
일을 안하지 않는 이상
수익이 안날 수가 없고
어차피 환급 받을 수 있기 때문에
걱정하지 않으셔도 되요.
​
정말 핵심 노하우 100% 오픈하는 멘토만나
수익률 갑인 곳에서 시작하셔야
성공합니다!
​
포기하지 않는 이상
수익이 안날 수 가 없는 곳에서
끝까지 책임져 줄 멘토만나
성공하시기를 기원합니다!
2019.12.23.
UP
DOWN
1
댓글
메뉴 더보기
포인트 선물
신고
---
2번째 답변
삭제된 답변
사용자 신고를 받고, 운영원칙에 따라 삭제된 답변입니다.
2019.12.23.",2948,False,부업 성공,https://kin.naver.com/qna/detail.naver?d1id=4&dirId=406&docId=343167342&qb=67aA7JeFIOyEseqztQ==&enc=utf8,2,,,,4,kin,3,"직업(부업), 분야 추천 부탁드립니다"
0,,,,기타,"... 부업으로 시작하는 재미와 이익! 포스팅에서 만나보세요! 부업의 성공 비결, 공개합니다! 이제 시작해보세요! 부업으로 새로운 도전, 함께 시작해보시겠어요? 부업으로 수익 창출, 당신의 인생을 더욱 풍요롭게 만들어보세요!",10,"1번째 답변
비공개 답변
수호신
파이썬으로 웹사이트 외주 맡길정도의 실력이 안되면 수익을 내기 힘들죠
2023.04.30.
채택
질문자가 채택한 답변입니다.
UP
1
DOWN
댓글
메뉴 더보기
신고
---
4번째 답변
네이버지식인
물신
30대 남성
서비스업
동물의료상담 99위 분야에서 활동
본인 입력 포함 정보
상세 안내 툴팁 보기
지식iN 서비스 질문 답변 페이지 및 프로필의 답변자 정보에 노출되는 답변자의 회사, 학교, 자격 등의 정보는 본인이 지식iN 프로필 수정을 통해 직접 입력한 정보입니다.
네이버는 사용자가 등록한 정보 및 게시물을 제공하는 정보매개 서비스 제공자로서 해당 정보의 정확성, 신뢰성 및 최신성에 대해 보증하지 않습니다.
닫기
코딩 부업으로 수익을 창출하는 것은 매우 유망한 분야 중 하나입니다. 이를 위해 고객을 찾는 몇 가지 방법을 소개해 드리겠습니다.
​
1. 온라인 플랫폼 이용하기: Upwork, Freelancer 등과 같은 온라인 플랫폼을 이용하여 프리랜서로 일할 수 있습니다. 이러한 플랫폼은 다양한 분야에서 일할 수 있는 기회를 제공하며, 프로젝트 매칭과 결제 등을 도와줍니다.
​
2. 개인 프로젝트 홍보하기: Github와 같은 소셜 코딩 플랫폼을 활용하여 자신의 개인 프로젝트를 공유하고 홍보할 수 있습니다. 이를 통해 다른 개발자들과의 연결이 가능하며, 적극적으로 홍보하면 더 많은 기회를 얻을 수 있습니다.
​
3. 지인에게서 프로젝트 얻기: 지인이나 가족 중에서 웹 사이트나 모바일 앱 등을 만들어야 하는 사람이 있다면 그들의 프로젝트를 수행해 줄 수 있습니다. 이를 통해 경험을 쌓고, 포트폴리오를 만들어 나갈 수 있습니다.
​
4. 온라인 광고 및 마케팅: Google AdWords, Facebook 광고, Instagram 광고 등과 같은 온라인 광고와 마케팅 기술을 습득하여, 이를 활용하는 부업을 진행할 수도 있습니다.
​
5. 플랫폼 개발 참여하기: 커뮤니티 프로젝트 또는 오픈소스 프로젝트에 참여하면서 자신의 기술을 늘려나갈 수 있습니다. 이를 통해 다양한 개발자들과 함께 일하며, 실력을 키우고 이를 이용하여 부업을 진행할 수도 있습니다.
​
위와 같은 방법으로 고객을 찾으면서 경험과 실력을 쌓아 나가면서, 부업으로 수익을 창출할 수 있습니다.
https://www.jamongpick.com/23/31406
플레이업
여러분의 인생을 바꿀 부업 아이디어! 지금 바로 알아보세요!
부업으로 시작하는 재미와 이익! 포스팅에서 만나보세요!
부업의 성공 비결, 공개합니다! 이제 시작해보세요!
부업으로 새로운 도전, 함께 시작해보시겠어요?
부업으로 수익 창출, 당신의 인생을 더욱 풍요롭게 만들어보세요!
#부수입100만원벌기
새 창
#온라인수익창출
새 창
2023.05.07.
UP
DOWN
댓글
메뉴 더보기
신고
---
5번째 답변
a_av****
중수
본인 입력 포함 정보
상세 안내 툴팁 보기
지식iN 서비스 질문 답변 페이지 및 프로필의 답변자 정보에 노출되는 답변자의 회사, 학교, 자격 등의 정보는 본인이 지식iN 프로필 수정을 통해 직접 입력한 정보입니다.
네이버는 사용자가 등록한 정보 및 게시물을 제공하는 정보매개 서비스 제공자로서 해당 정보의 정확성, 신뢰성 및 최신성에 대해 보증하지 않습니다.
닫기
아직 학생인데 코딩을 취미로 하는 것이 매우 대단하네요
​
그렇다면 어디까지 취미로 공부하고 계셨는지 알고 싶습니다.
​
그것에 따라 웹/앱 개발 등 나뉘어지는 분야가 많기 때문이죠.
​
돈을 버는 것이 목적인데 부업으로 하고 싶으시다면 앱개발을 하는 것을 추천드리기는 합니다.
​
하지만 코딩은 요즘 전문적으로 하지 않는다면 따로 수익 창출이 어려울 수 있어요
​
추가로 궁금한 것이 생긴다면 물어보세요
​
https://open.kakao.com/o/syyryfif
진로/공부/코딩/개인공부/취업/관리/멘토
#코딩#C언어#파이썬#자바#공부방#개인#컨설팅#빅데이터#정보보안#웹개발#멘토#멘티
open.kakao.com
​
2023.05.09.
UP
DOWN
댓글
메뉴 더보기
포인트 선물
신고
---
3번째 답변
kero****
고수
본인 입력 포함 정보
상세 안내 툴팁 보기
지식iN 서비스 질문 답변 페이지 및 프로필의 답변자 정보에 노출되는 답변자의 회사, 학교, 자격 등의 정보는 본인이 지식iN 프로필 수정을 통해 직접 입력한 정보입니다.
네이버는 사용자가 등록한 정보 및 게시물을 제공하는 정보매개 서비스 제공자로서 해당 정보의 정확성, 신뢰성 및 최신성에 대해 보증하지 않습니다.
닫기
현재 '파이코인' 관련 커뮤니티와 디앱이  뜨고 있습니다.
한번 관련 앱을 만들어서 코인을 모아서 수익창출을 해보시는건 어떠세요?
코딩을 하신다면 관련 좋은 앱을 만드시고 코인을 모아 현금화도 가능할듯 합니다.
​
​현재 한국인 180만명이 하는 가장 유망한,검증된 무료채굴 코인 이니, 채굴해서 꼭 보유하세요.
​​
그중에서 단연코 가장 유망한 코인은 '파이 코인'입니다.
​
직접사용해도 되고, 판매도 가능합니다.
비트코인,이더리움이 초기 무료채굴이였던거 아시나요?
미래 가치를 알고 미리 보유했던사람들이 대박 납니다.
이미 전세계 4500만명. 한국인 180만명이 채굴중이고 증명이 다 됐습니다.
​
지금 무료채굴 가능하고 , 개인간 P2P 거래와 실제 결제도됩니다.
​
비트코인이 그랬든 전망좋은 코인 하나 무료로 채굴해서 가지고 있다가, 파시면 됩니다.
​그냥 하루에 한번 체크 하시면 됩니다. 손해 볼거 없고, 보유 하시면 수익을 얻을수있습니다.
​
​링크된 블로그 글 꼭 읽어보세요.
https://blog.naver.com/yka513/223019834166
2023년, 파이코인을 꼭 보유해야 하는 이유.
모든 코인의 가치는 공급과 수요에 의해 정해진다는 점에서, 이용자와 유저들의 관계를 따져봐서 미래 가치...
blog.naver.com
​
2023.04.30.
UP
DOWN
1
댓글
2
메뉴 더보기
포인트 선물
신고",2925,False,부업 성공,https://kin.naver.com/qna/detail.naver?d1id=1&dirId=10402&docId=444875775&qb=67aA7JeFIOyEseqztQ==&enc=utf8,0,,,,4,kin,6,코딩 부업으로 수익을 창출하고싶습니다
0,,,,콘텐츠,"... 저는 인스타공구마켓부업을 했었어요 ㅎㅎ 인스타공구마켓부업을 성공하신분들보면 엄청 쉬워보이고, 저도 잘 벌수있을것같아서 했었는데요! 음.. 생각보다 너무 어렵더라구요.. 일단.. 매출도 신경써야하고, 고객관리도 해야하고...",7,"1번째 답변
넥타린블라썸
시민
본인 입력 포함 정보
상세 안내 툴팁 보기
지식iN 서비스 질문 답변 페이지 및 프로필의 답변자 정보에 노출되는 답변자의 회사, 학교, 자격 등의 정보는 본인이 지식iN 프로필 수정을 통해 직접 입력한 정보입니다.
네이버는 사용자가 등록한 정보 및 게시물을 제공하는 정보매개 서비스 제공자로서 해당 정보의 정확성, 신뢰성 및 최신성에 대해 보증하지 않습니다.
닫기
안녕하세요 ~
인스타 부업으로 질문을 주셨느데요
​
저도 얼마전 인스타 부업 진지하게
알아봤거든요..
얼마를 투자하면 얼마로 만들어준다라는
그런 부업이 엄청 많더라구요
100만원내면 600만원정도 만들어준다길래
잠깐 혹한적이있었거든요
안전하지 않고 사기가 많다고 하더라고요
​
그래서 전 대기업에서 합법적으로 하고
있는 부업을 선택했어요~
​
하루에 1시간투자와 휴대폰만있음
가능한일이라 장소와 시간에 제약을
받지 않기에 직장인 투잡, 주부,대학생
또는 50~60대분들도 충분히 할수있어요~
​
더 자세한 내용은 아래링크를 통해
구경한번 해보시고 상담신청 해주세요~
https://cafe.naver.com/rollingonline/82388
​
​
​
​
​
​
​
본 글은
합법적인 네트워크 사업을 하고 있는
개별 ""독립사업자가""가 올린 글이며,
수익을 보장 하지 않습니다.
​
본 글의 목적은
취업,부업,알바,일자리 알선의 목적이 아닌,
함께 네트워크마케팅 판매원 활동을 할
비지니스 파트너 모집이 주 목적입니다.
​
​
2022.11.18.
UP
DOWN
댓글
메뉴 더보기
포인트 선물
신고
---
3번째 답변
성공하자
시민
본인 입력 포함 정보
상세 안내 툴팁 보기
지식iN 서비스 질문 답변 페이지 및 프로필의 답변자 정보에 노출되는 답변자의 회사, 학교, 자격 등의 정보는 본인이 지식iN 프로필 수정을 통해 직접 입력한 정보입니다.
네이버는 사용자가 등록한 정보 및 게시물을 제공하는 정보매개 서비스 제공자로서 해당 정보의 정확성, 신뢰성 및 최신성에 대해 보증하지 않습니다.
닫기
요즘은 온라인으로 알아보는 부업이 대세인데요...그 중에 인스타부업도 하나죠..
대세인만큼 사기도 많고 해서 잘 알아보셔야 하는데요...
​
저도 온라인부업 알아보는데
부업 종류가 너무 많더라구요
​
그렇게 찾다가 알게 된 부업이 있는데요
​
모든 사람들이 휴대폰은 항상 가지고 계시잖아요
휴대폰 하나로 가능한 일이더라구요
​
하루1~2시간만 투자
그리고 혼자가 아닌 팀으로 이루어진 시스템
아무것도 못한다고 걱정하지 마세요
완벽한 시스템으로 밀착 관리 해드려요
​
새로운 세계를 경험하고 싶으시다면
지금 시작하세요
​
고민은 시간만 늦출 뿐입니다
​
상담은 무료이니 걱정하지 마시고
설문조사 참여해보세요
​
♤설문조사 참여하기
https://naver.me/F7ItCsqU
​
♤프로필 바로가기
https://cafe.naver.com/rollingonline/82458
​
​
​
​
​
​
​
​
​
​
​
본 글은
합법적인 네트워크 사업을 하고 있는
개별 ""독립사업자""가 올린 글이며,
수익을 보장 하지 않습니다.
​
본 글의 목적은
취업,부업,알바,일자리 알선의 목적이 아닌,
함께 네트워크마케팅 판매원 활동을 할
비지니스 파트너 모집이 주 목적입니다.
2022.11.18.
UP
DOWN
댓글
메뉴 더보기
포인트 선물
신고
---
4번째 답변
꽃길걷는 볼리
시민
본인 입력 포함 정보
상세 안내 툴팁 보기
지식iN 서비스 질문 답변 페이지 및 프로필의 답변자 정보에 노출되는 답변자의 회사, 학교, 자격 등의 정보는 본인이 지식iN 프로필 수정을 통해 직접 입력한 정보입니다.
네이버는 사용자가 등록한 정보 및 게시물을 제공하는 정보매개 서비스 제공자로서 해당 정보의 정확성, 신뢰성 및 최신성에 대해 보증하지 않습니다.
닫기
안녕하세요 :)
사업으로 꽃길 걷고있는 직장인 볼리에용!
​
​
인스타 부업 중 어떤걸 보셨을지 모르겠지만!
저는 인스타공구마켓부업을 했었어요 ㅎㅎ
​
인스타공구마켓부업을 성공하신분들보면
엄청 쉬워보이고, 저도 잘 벌수있을것같아서 했었는데요!
​
음.. 생각보다 너무 어렵더라구요..
​
일단..
매출도 신경써야하고, 고객관리도 해야하고
너무 힘들더라구요?
​
직장도 다니는데 여기에 신경써야하고
직장도 신경써야하고..
​
하루종일 스마트폰 붙잡고 있어서
이건 아니다 싶어서 다른 부업을 찾았는데요.
​
그래서 지금 하고 있는 이 부업으로 전향했어요!
​
제가 하고 있는 이 부업은
정말 간단해요!
​
글 하나만 작성해서 홍보하는 글을 올리기만 하면되는데요 ㅎㅎ
​
고액의 교육도 무료로 진행해 드리구,
40대 50대도 충분히 할 수 있는 그런 부업이랍니다^^
​
★스마트폰 하나로 언제 어디서든 할 수 있구
★날이 갈수록 돈이 불어나는 일이라 고수익도 벌어 갈 수 있어요 :)
★20세 이상이면 누구나 가능하구
★팀원으로 활동할 수 있어 부담없이 1:다수 질문이 가능하답니다^^
​
​
시작을 하지 않으면 아무일도 일어 나지 않는다고해요 ^^
저는 저에게 성공이라는 일이 생겼으면 좋겠어서
이 사업을 시작했답니다!
​
손부업보다 더 나은 사업!
저와 함께 도전하세요 ^^
​
​
상담&문의는 아래 이미지를 클릭해주세용
*본 글은 합법적인 네트워크 사업을 하고 잇는 개별 ""독립사업자""가 올린 글이며,
수익을 보장하지않습니다.
​
*본 글의 목적은 취업, 부업, 알바, 일자리 알선의 목적이 아닌,
함께 네트워크마케팅 판매원 활동을 할 비지니스 파트너 모집이 주 목적입니다.
2022.11.18.
UP
DOWN
댓글
메뉴 더보기
포인트 선물
신고
---
5번째 답변
새벽이
초수
본인 입력 포함 정보
상세 안내 툴팁 보기
지식iN 서비스 질문 답변 페이지 및 프로필의 답변자 정보에 노출되는 답변자의 회사, 학교, 자격 등의 정보는 본인이 지식iN 프로필 수정을 통해 직접 입력한 정보입니다.
네이버는 사용자가 등록한 정보 및 게시물을 제공하는 정보매개 서비스 제공자로서 해당 정보의 정확성, 신뢰성 및 최신성에 대해 보증하지 않습니다.
닫기
질문하신 내용 잘 살펴봤어요.
부업을 고민하시는 심정 잘알고있어요.
​
저도 혼자 외벌",4386,False,부업 성공,https://kin.naver.com/qna/detail.naver?d1id=1&dirId=1061203&docId=432991901&qb=67aA7JeFIOyEseqztQ==&enc=utf8,0,,,,4,kin,3,인스타 부업 괜찮은가요?
0,,,,기타,... 부업으로 성공하려면 많은시간을 투자 해야 하는거죠.. 남는게 얼마 없어요. 그래도 하신다면 좋긴좋죠 레시피 프랩같은게 다 짜여져 있으니까요.. 그리고 다른 의류쪽이라던지 장사쪽은 이쪽기술이 있으면 하십시오. 그런데 그쪽은...,7,"7번째 답변
주식미영
지존
본인 입력 포함 정보
상세 안내 툴팁 보기
지식iN 서비스 질문 답변 페이지 및 프로필의 답변자 정보에 노출되는 답변자의 회사, 학교, 자격 등의 정보는 본인이 지식iN 프로필 수정을 통해 직접 입력한 정보입니다.
네이버는 사용자가 등록한 정보 및 게시물을 제공하는 정보매개 서비스 제공자로서 해당 정보의 정확성, 신뢰성 및 최신성에 대해 보증하지 않습니다.
닫기
안녕하세요 큐리라고 합니다^^
8년동안 재택알바업계 1위를 차지하고 있으며,
공정거래위원회에 '통신판매업체'로 정식 등록되어있는 기업을 추천하고 싶네요.
언론에도 여러번 보도 되었고, 여러기관에서 인증도 받았으며,
21~45세의 인터넷 보는것만 아시는 분이면 누구나 가능하구요,
혹 인터넷을 잘 못하신다고 해도 오프라인으로도 일 하실 수 있기때문에
전혀 문제가 되지 않는답니다^^
다만 어려운 점을 꼽자면 작은 시간이라도 매일 꾸준히 해야 한다는 점과,
주변의 오해의 시선들이 따갑고 힘들다는 것이에요.
하지만 이 정도는 본인의 의지만 있으시다면 다 이겨낼 수 있구요!
본사 홍보자료가 정말 보기 쉽게 정리가 되어 있어서 쉽게 일을 배우실 수 있답니다.
하루 2~3시간 본사 홈페이지의 자료를 토대로 나만의 홍보문구를 작성하셔서 하시면 되는,
어려울 것도 없는 일이에요. 홍보를 하셔서 문의자가 생기면 회사에 전달을 하시고,
문의자가 딜러가되면 실적 1건이 발생하는 구조입니다.
실적금액은 1건당 최대35만원이며 월급은 매달 26일날 들어온답니다.
자신의 받을 금액의 30%까지 가불도 가능해요^^
더 궁금한 점이 있으신가요? 네임카드를 참고해주세요^^
실시간 채팅상담도 가능하답니다~
2011.07.26.
채택
지식인 채택 답변입니다.
출처
큐리
UP
5
DOWN
댓글
메뉴 더보기
포인트 선물
신고
---
3번째 답변
탈퇴한 사용자 답변
나이제한이 있긴 하지만 45세이하라면 가능한 부업이있습니다.
인터넷알바구요..
간단하게 지식인 질문올리실 정도면 가능한 알바에요^^
자세히 알아보시고 결정하세요
2011.07.26.
UP
4
DOWN
댓글
메뉴 더보기
포인트 선물
신고
---
13번째 답변
비공개 답변
태양신
일을 하는 도중에 다른일을 시작하더라도
아무 지장없이 할수있는일 하고 있어요
​
시간투자가 많지 않다보니 겸업으로 하기도 좋고
활용할수 있는 시간이 많을 경우에는
그만큼 더 투자하면 되니까 좋아요
​
하루에 5개든 10개든 짧게 글을 적으면서
클릭한번에 수익을 받는일을 하고 있어요
​
제가 생각하기에 장점은 글은 누적이 되기때문에
시간이 지날수록 수익도 점점 늘어난다에요
​
저 같은경우에는 지금까지 적어둔글이 1000개
가량이 되다보니 매시간마다 수익이 들어와서
만족하면서 하고 있어요
​
시간되실때 다른 후기글 보시거나
상담 받아보셔도 좋으실거 같아요
​
모집없이 시작하는 재택알바
생각보다 너무 간단하고 어렵지 않았어요!
qqa.co.kr
2025.06.26.
UP
2
DOWN
댓글
메뉴 더보기
신고
---
1번째 답변
gkdi****
초수
본인 입력 포함 정보
상세 안내 툴팁 보기
지식iN 서비스 질문 답변 페이지 및 프로필의 답변자 정보에 노출되는 답변자의 회사, 학교, 자격 등의 정보는 본인이 지식iN 프로필 수정을 통해 직접 입력한 정보입니다.
네이버는 사용자가 등록한 정보 및 게시물을 제공하는 정보매개 서비스 제공자로서 해당 정보의 정확성, 신뢰성 및 최신성에 대해 보증하지 않습니다.
닫기
제가 괜찮은 부업 추천해드릴게요.~
우선 초기자본이 하나도 들어가지않고 올해로 8년차를 맞이했으며
공정거래위원회에 정식등록된 업체로 TV에도 수차례 방송된 업체에요..
(TV방송 및 증빙자료 제블로그에 첨부)편한시간에 편한곳에서
하루 2~3시간만 일하시면 되구요.
보통 그렇게 하시는 딜러분들은 월평균 200~300만원 벌어가세요.
저같은 경우는 평범한 가정주부로 집에서 하루평균 4시간정도 일해서
11개월째 월평균 500~700만원 꾸준히 벌고있어요.(실제통장내역공개)
시간대비 너무 많이 번다고 다단계나 사기업체라고 생각하시는 분들이 계시는데
만약 통장내역이 거짓이거나 다단계나 사기회사라면
대한민국의 한국민으로서 강력한 처벌을 받을것입니다.
업무는 굉장히 쉬운편이구요.오로지오로지 홍보만 하시면 됩니다.
자세한 사항이나 문의사항은 밑에 네임카드(별사진)참조해주세요.
만약 네임카드가 안보일시 아이디를 클릭하시면 되요.~
24시 거짓없이 성실히 답변/상담 해드릴게요.~늘 웃는날만 가득하시구요.~
2011.07.26.
UP
1
DOWN
댓글
메뉴 더보기
포인트 선물
신고
---
11번째 답변
bc****
시민
본인 입력 포함 정보
상세 안내 툴팁 보기
지식iN 서비스 질문 답변 페이지 및 프로필의 답변자 정보에 노출되는 답변자의 회사, 학교, 자격 등의 정보는 본인이 지식iN 프로필 수정을 통해 직접 입력한 정보입니다.
네이버는 사용자가 등록한 정보 및 게시물을 제공하는 정보매개 서비스 제공자로서 해당 정보의 정확성, 신뢰성 및 최신성에 대해 보증하지 않습니다.
닫기
제가 퇴직을 준비중인데.. 일단 부업으로 시작하고선
나중에 부업을 매진 할생각인데요..≠
괜찮은것좀 알아보고 싶어서요 비전 높고 대박날수있는걸로요..
아무리 알아봐도 집에서 여자가 하는 손부업 말구요
인형 눈알 끼고 이런거 말구요 남자가 할수있는 부업이요..
=============================================================
...정말 힘든상황은 누구든지 있는거 같습니다.
저도 부업을 하기전에는 정말 항상 힘든 나날을 보냈었죠
아침에는 우유배달, 점심에는 음식배달, 저녁에는 주유소까지 해서 투잡으로
돈을 꾸준히 모았죠.. 부업에 대한 갈망이 컸습니다.. 지금도 눈물이나네요
진짜 뒤로 갈수도 없는 상태여서 부업하나만 바라보고 꾹참고 일했죠
그런데 그렇게 일만하다가 난관에 부딪혔습니다.. 뭘 해야 할지를 몰랐어요.
부업할 돈은 있지만 뭘해야 할지를 모르겠는겁니다.
그래서 이래저래 인터넷도 쳐보고 신문도 찾아봤죠. 모두가 성공글만 올라
오더라구요 부업에 대해서 다 성공했다고 했지만 자세히 파고들면
안좋은점도",3573,False,부업 성공,https://kin.naver.com/qna/detail.naver?d1id=4&dirId=40611&docId=134276727&qb=67aA7JeFIOyEseqztQ==&enc=utf8,0,,,,4,kin,3,[부업] 괜찮은거 없나요?
0,,,,기타,... _________________________________________________ 아직도 부업의 성공이란 문에서 서성이고 계시네요. 원래 모든사람들이 어렵게 모은돈으로 부업을 시작한다는게 마음처럼 정말 쉽지 않습니다. 그만큼 결단력이 없으면 부업도 못하고...,5,"2번째 답변
20개회사 비교대출
지존
본인 입력 포함 정보
상세 안내 툴팁 보기
지식iN 서비스 질문 답변 페이지 및 프로필의 답변자 정보에 노출되는 답변자의 회사, 학교, 자격 등의 정보는 본인이 지식iN 프로필 수정을 통해 직접 입력한 정보입니다.
네이버는 사용자가 등록한 정보 및 게시물을 제공하는 정보매개 서비스 제공자로서 해당 정보의 정확성, 신뢰성 및 최신성에 대해 보증하지 않습니다.
닫기
안녕하세요.
질문하신 내용에 대해 답변 드리겠습니다. ^^
8년 동안 재택 업계에서 1위를 하고 있는 회사는 어떠신지요?
초기비용 이나 투자비용의 부담이 없으며 원하는 시간에 원하는 장소에서
일을 하실 수 있습니다.
초보자도 쉽게 배우실 수 있으며 누구나 금방 적응을 하실 수 있습니다.
인터넷 검색 정도만 하실 수 있으면 누구나 하실 수 있습니다.
일을 시작 하실때 회사의 인지도나 안정성을 꼭 따져 보셔야 합니다.
궁금하신 사항이 있으시면 언제든지 문의 주세요. ^^.
오늘도 좋은 하루 되세요^^
2011.07.26.
출처
직접작성함^^
UP
3
DOWN
댓글
메뉴 더보기
포인트 선물
신고
---
3번째 답변
탈퇴한 사용자 답변
대출까지 안해도 할수있는 부업이 있어요
초기비용없이 할수있고요....
핸드폰개통조건이 있긴 하지만 일열심히 해주신다면
실적없어도 지원금 나오니까 걱정안하셔도 되는부분이구요.
좀 더 자세히 알아보시고 결정하세요^^
2011.07.26.
UP
3
DOWN
댓글
메뉴 더보기
포인트 선물
신고
---
18번째 답변
qo****
시민
본인 입력 포함 정보
상세 안내 툴팁 보기
지식iN 서비스 질문 답변 페이지 및 프로필의 답변자 정보에 노출되는 답변자의 회사, 학교, 자격 등의 정보는 본인이 지식iN 프로필 수정을 통해 직접 입력한 정보입니다.
네이버는 사용자가 등록한 정보 및 게시물을 제공하는 정보매개 서비스 제공자로서 해당 정보의 정확성, 신뢰성 및 최신성에 대해 보증하지 않습니다.
닫기
막 이제 군대전역한지 얼마안되서 공장에서 일했는데..
소자금으로 부업을 시작하고 싶어요..
필요하다가 대출 받을생각도 있습니다.. 좋은 부업만있다면요.
근데 혼자 시작해본게 없어서 잘할수 있을지 걱정이예요
쉽게 누구나 할수있는 부업은 없을까요?
_________________________________________________
아직도 부업의 성공이란 문에서 서성이고 계시네요.
원래 모든사람들이 어렵게 모은돈으로 부업을 시작한다는게
마음처럼 정말 쉽지 않습니다. 그만큼 결단력이 없으면 부업도 못하고
사회적으로도 리더가 될수 없는것만 명심하세요! 요즘 신문을 보면 여러
음식집이 나오는걸 보셨을거에요 부업 대박의 길을 걸으세요.
정말 잘되는가게도 많은거에요. 저도 거기에 대해서는 많이 알아봤거든요.
그런데 요즘 브랜드화가 너무 잘되서 부업으로 시작했지만 내 사업은
아닌거같고 짜여진 메뉴얼에만 따라가야되고 나의 의견이 무시되는게 요즘
브랜드화 된 부업에 문제점이라고 꼽으면 꼽겠습니다.
제 친구들은 의외로 저한테 추진을 해봐라 해서 저는 적극 추진해서
쓴맛을 맛보았었죠. 부업에 대해서는 아는게 없으니까 당연하다고 생각했습니다.
그러다가 제가 러브하우스를 가끔 이용하는데 거기 사장님이
고민만 하지말고 지인 소개 해줄테니까 얘기를 나눠보라고 하시더라구요.
일단 부업으로 알아보자하고 러브샵창업을 해주시는분을 만났습니다.
그런데 속이 후련한 느낌을 받고 이거다 하는걸 저는 느꼈어요.
요즘 프랜차이즈화 되가는 부업보다는 광활한 온라인세계의 문에 들어온거죠.
아무것도 몰랐지만 그 분이 옆에서 처음부터 끝까지 같이 봐주는데 마음도
든든하고 괜찮았습니다. 그렇게 시작한 부업 지금은 본업보다
돈도 많이 벌고 있어요 주변에서 성공 했네 이렇게들 말씀하십니다.
괜찮으시면 제가 그분 한번 소개해드릴까 하는데 고민하는것보다
얘기라도 해보시면 다른 길이 열릴수도 있는거니까요.
제
네임카드
클릭해서 들어가보시면 길이 열리실거에요.
2011.07.26.
채택
질문자가 채택한 답변입니다.
UP
1
DOWN
댓글
1
메뉴 더보기
포인트 선물
신고
---
4번째 답변
주식미영
지존
본인 입력 포함 정보
상세 안내 툴팁 보기
지식iN 서비스 질문 답변 페이지 및 프로필의 답변자 정보에 노출되는 답변자의 회사, 학교, 자격 등의 정보는 본인이 지식iN 프로필 수정을 통해 직접 입력한 정보입니다.
네이버는 사용자가 등록한 정보 및 게시물을 제공하는 정보매개 서비스 제공자로서 해당 정보의 정확성, 신뢰성 및 최신성에 대해 보증하지 않습니다.
닫기
안녕하세요 큐리라고 합니다^^
8년동안 재택알바업계 1위를 차지하고 있으며,
공정거래위원회에 '통신판매업체'로 정식 등록되어있는 기업을 추천하고 싶네요.
언론에도 여러번 보도 되었고, 여러기관에서 인증도 받았으며,
21~45세의 인터넷 보는것만 아시는 분이면 누구나 가능하구요,
혹 인터넷을 잘 못하신다고 해도 오프라인으로도 일 하실 수 있기때문에
전혀 문제가 되지 않는답니다^^
다만 어려운 점을 꼽자면 작은 시간이라도 매일 꾸준히 해야 한다는 점과,
주변의 오해의 시선들이 따갑고 힘들다는 것이에요.
하지만 이 정도는 본인의 의지만 있으시다면 다 이겨낼 수 있구요!
본사 홍보자료가 정말 보기 쉽게 정리가 되어 있어서 쉽게 일을 배우실 수 있답니다.
하루 2~3시간 본사 홈페이지의 자료를 토대로 나만의 홍보문구를 작성하셔서 하시면 되는,
어려울 것도 없는 일이에요. 홍보를 하셔서 문의자가 생기면 회사에 전달을 하시고,
문의자가 딜러가되면 실적 1건이 발생하는 구조입니다.
실적금액은 1건당 최대35만원이며 월급은 매달 26일날 들어온답니다.
자신의 받을 금액의 30%까지 가불도 가능해요^^
더 궁금한 점이 있으신가요? 네임카드를 참고해주세요^^
실시간 채팅상담도 가능하답니다~
2011.07.26.
출처
큐리
UP
DOWN
댓글
메뉴 더보기
포인트 선물
신고
---
6번째 답변
hysn****
초수
본인 입력 포함 정보
상세 안내 툴팁 보기
지식iN 서비스 질문 답변 페이지 및 프로필의 답변자 정보에 노출되는 답변자의 회사, 학교, 자격 등의 정보는 본인이 지식iN 프로필 수정을",3369,False,부업 성공,https://kin.naver.com/qna/detail.naver?d1id=4&dirId=40611&docId=134276990&qb=67aA7JeFIOyEseqztQ==&enc=utf8,0,,,,2,kin,3,{부업} 돈많이 벌고싶어요.
0,,,,기타,"... 재택부업 시작 전, 꼭 기억하세요 ✅ 돈 벌기 전 돈을 내라는 곳은 피하세요 ✅ 너무 쉬워 보이면 한 번 더 의심하세요 ✅ “내 시간과 에너지”를 잘 지켜내는 게 부업 성공의 첫걸음이에요 질문자님처럼 조심스럽게 접근하시는 분들이...",5,"19번째 답변
집에서 5억 연우
초인
본인 입력 포함 정보
상세 안내 툴팁 보기
지식iN 서비스 질문 답변 페이지 및 프로필의 답변자 정보에 노출되는 답변자의 회사, 학교, 자격 등의 정보는 본인이 지식iN 프로필 수정을 통해 직접 입력한 정보입니다.
네이버는 사용자가 등록한 정보 및 게시물을 제공하는 정보매개 서비스 제공자로서 해당 정보의 정확성, 신뢰성 및 최신성에 대해 보증하지 않습니다.
닫기
교육비를 지불해야 그에 맞는 교육을 멘토가 제공합니다
간혹 제대로 된 교육을 제공받지 못하는 경우가 있으니
결제 전에 상담 시간이나 업무 강도 등
꼼꼼하게 확인해보셔서 피해 없으시길 바랄게요 !
​
저도 실제로 하고 있어서
엄한 곳에서 손해보지 않길 바라는 마음에
간단하게 소개드리고 갈게요 :)
​
​
기본 수익구조는 이러하고
휴대폰 하나만 있으면 시간, 장소 제한없이
내가 원할 때 일할 수 있으니까
​
​본업이 있는 직장인들도,
집에서 육아하는 주부들에게도 강추 드려요~!
​
저랑 함께 용돈벌이 중인 분들의 실제 후기를
개인 블로그에 매달 기록 중에 있어요 :)
​
​제 프로필 사진을 클릭하면 바로 보이는
링크를 참고해주세요♥♥♥♥
​
​
2025.09.17.
UP
9
DOWN
댓글
메뉴 더보기
포인트 선물
신고
---
5번째 답변
하기 쉬운 용돈 벌기
중수
본인 입력 포함 정보
상세 안내 툴팁 보기
지식iN 서비스 질문 답변 페이지 및 프로필의 답변자 정보에 노출되는 답변자의 회사, 학교, 자격 등의 정보는 본인이 지식iN 프로필 수정을 통해 직접 입력한 정보입니다.
네이버는 사용자가 등록한 정보 및 게시물을 제공하는 정보매개 서비스 제공자로서 해당 정보의 정확성, 신뢰성 및 최신성에 대해 보증하지 않습니다.
닫기
집에서도 할 수 있는 부업은
복잡하지않고 단순해야
꾸준히 오래 유지할 수 있습니다!
​
저도 부업을 알아보다가
아무곳에서 했다가 돈만 날리고
수익적인 부분도 없고
멘토라는 분은 잠수타고 그래서
사기도 당하고 그랬는데요
​
포기할려는 찰나에 마이셀즈라는 부업을
알게 되면서 너무 좋은 멘토도 만났어요
​
그래서 저도 좋은 멘토가 되야겠다고 생각했고
사기를 당해봤던 경험으로
초보자의 시선으로, 초보자의 마음으로
제 양심을 걸고 말씀드립니다!
​
부업 피해 당하지 않는 방법까지 설명해드리고
수익은 100% 날 수 있게 알려드리니
처음이라고 걱정 할 필요 없습니다!
​
단순 타이핑으로 수익이 나니까
쉽고 빠르게 수익이 날 수 있습니다!
​
꼭 저에게 부업 관련 상담 받아보신 후
신중하게 결정하세요!
​
도움이 필요하시거나 자세한 문의를 원하시면
상단 닉네임 확인 후 문의주세요!
​
2025.05.17.
UP
2
DOWN
2
댓글
메뉴 더보기
포인트 선물
신고
---
2번째 답변
mbz3****
태양신
본인 입력 포함 정보
상세 안내 툴팁 보기
지식iN 서비스 질문 답변 페이지 및 프로필의 답변자 정보에 노출되는 답변자의 회사, 학교, 자격 등의 정보는 본인이 지식iN 프로필 수정을 통해 직접 입력한 정보입니다.
네이버는 사용자가 등록한 정보 및 게시물을 제공하는 정보매개 서비스 제공자로서 해당 정보의 정확성, 신뢰성 및 최신성에 대해 보증하지 않습니다.
닫기
신뢰할 수 있는 업체인지 확인하고,
​
등록비가 있는 경우 신중히 검토하며,
​
계약서 내용을 꼼꼼히 읽어보세요.
2025.04.23.
UP
DOWN
댓글
메뉴 더보기
포인트 선물
신고
---
3번째 답변
집에서 일하는 린혜
초수
본인 입력 포함 정보
상세 안내 툴팁 보기
지식iN 서비스 질문 답변 페이지 및 프로필의 답변자 정보에 노출되는 답변자의 회사, 학교, 자격 등의 정보는 본인이 지식iN 프로필 수정을 통해 직접 입력한 정보입니다.
네이버는 사용자가 등록한 정보 및 게시물을 제공하는 정보매개 서비스 제공자로서 해당 정보의 정확성, 신뢰성 및 최신성에 대해 보증하지 않습니다.
닫기
현존하는 회사인지 정확하게 하는일이 무엇인지 정도는
꼭 확인을 해보셔야하세요.
내가 하는일이 없음에도 수.익이 난다?
이런 부분 잘 체크하셔야합니다.
​
2025.04.23.
UP
DOWN
댓글
메뉴 더보기
포인트 선물
신고
---
4번째 답변
최혜윤
지존
본인 입력 포함 정보
상세 안내 툴팁 보기
지식iN 서비스 질문 답변 페이지 및 프로필의 답변자 정보에 노출되는 답변자의 회사, 학교, 자격 등의 정보는 본인이 지식iN 프로필 수정을 통해 직접 입력한 정보입니다.
네이버는 사용자가 등록한 정보 및 게시물을 제공하는 정보매개 서비스 제공자로서 해당 정보의 정확성, 신뢰성 및 최신성에 대해 보증하지 않습니다.
닫기
재택 부업을 찾다 보면
등록비
나
조건이 불분명한
경우가 많아서
피해를 입지 않기 위해 신중하게 판단
해야 합니다. 다음은
재택 부업을 시작할 때 피해를 예방하는 방법
과 체크해야 할 중요한 포인트입니다:
1. 등록비 요구 시 주의
정당한 이유 없이 등록비를 요구하는 경우
에는 특히 주의해야 합니다. 대부분의
정상적인 부업
은
초기 비용이 들지 않거나 매우 적습니다
.
기존에 실제로 존재하는 부업들
은 대개
참여비용이 없거나, 최소한의 재료비만 필요
합니다.
피해야 할 유형
:
등록비, 회원비, 교육비
등을 선결제로 요구하는 부업은
사기일 가능성
이 높습니다. 특히
보장된 수익
을 약속하는 부업은 의심해보세요.
2. 수익 구조가 불투명한 경우
수익 모델이 불투명
하거나
모호하게 설명되는 부업
은 반드시 조심해야 합니다.
예를 들어, ""일정 수의 사람을 모집해야 한다"", ""광고를 클릭해야만 돈을 번다"" 등의 방식은
리스크가 클 수
있습니다.
수익이 어떻게 발생하는지
,
언제 돈을 받을 수 있는지
등을 명확하게 확인하세요.
피해야 할 유형
:
누군가를 모집해야 하는 형태
의 부업은 종종
피라미드식 마케팅
이나
다단계 판매
와 연결될 수 있으므로 주의해야 합니다.
3. 모집 조건과 계약서 꼼꼼히 확인
부업을 시작하기 전에 계약서나 동의서를 꼭 읽어보세요
. 특히
조건이 불투명하거나 모호한 경우
에는 조심해야 합니다.
모집 공고
나
광고
에 명시된
구체적인 작업 내용
,
보상 방식
,
작업 시간
등이 확실하게 적혀 있는지 확인",4834,False,부업 성공,https://kin.naver.com/qna/detail.naver?d1id=8&dirId=80801&docId=484501120&qb=67aA7JeFIOyEseqztQ==&enc=utf8,2,,,,4,kin,3,재택부업 할 때 주의할 점이나 사기 피하는 법 있을까요
0,,,,기타,... 온라인에서 부업으로 성공하고 싶어서 알아보고 알아보다가 진행했었는데 처음에 완전 대 실패였습니다 하지만 또 다시 알아보고 열심히 배워서 지금은 열심히 집에서 편안하게 온라인부업 강사로 지내고 있습니다 실패한 사람이 또...,5,"1번째 답변
다온엔터프라이즈
지식파트너
아르바이트, 직업, 취업 분야에서 활동
온오프라인 사업 성공
실패는 경험이라 생각해용
조금 더 배우고 발전할 기회죠
2025.12.04.
UP
DOWN
댓글
메뉴 더보기
신고
---
2번째 답변
이윤정
식물신
본인 입력 포함 정보
상세 안내 툴팁 보기
지식iN 서비스 질문 답변 페이지 및 프로필의 답변자 정보에 노출되는 답변자의 회사, 학교, 자격 등의 정보는 본인이 지식iN 프로필 수정을 통해 직접 입력한 정보입니다.
네이버는 사용자가 등록한 정보 및 게시물을 제공하는 정보매개 서비스 제공자로서 해당 정보의 정확성, 신뢰성 및 최신성에 대해 보증하지 않습니다.
닫기
온오프 사업 실패는 성공의 발판!
끈기와 분석이 중요해용
계속 준비해보시길 바래요!!
2025.12.04.
UP
DOWN
댓글
메뉴 더보기
포인트 선물
신고
---
3번째 답변
빚에서 탈출한 K장녀
시민
교육인
#온라인부업 #재택알바 #끈기와간절함
본인 입력 포함 정보
상세 안내 툴팁 보기
지식iN 서비스 질문 답변 페이지 및 프로필의 답변자 정보에 노출되는 답변자의 회사, 학교, 자격 등의 정보는 본인이 지식iN 프로필 수정을 통해 직접 입력한 정보입니다.
네이버는 사용자가 등록한 정보 및 게시물을 제공하는 정보매개 서비스 제공자로서 해당 정보의 정확성, 신뢰성 및 최신성에 대해 보증하지 않습니다.
닫기
안녕하세요^^~~
저는 17년 영어강사로 지내오면서 현재는 온라인 강사로만
활동하고 있는 뉴카인드 쏭언니 입니다
​
저도 처음에 온라인에서 부업으로 성공하고 싶어서 알아보고 알아보다가
진행했었는데 처음에 완전 대 실패였습니다 하지만 또 다시 알아보고 열심히 배워서
지금은 열심히 집에서 편안하게 온라인부업 강사로 지내고 있습니다
​
실패한 사람이 또 다시 딛고 일어선 경험은 돈 주고 못 사죠
​
현재 오프 온라인 사업 성공을 위해서 고민하고 계신다는 건 지금 뭔가 바꾸고 싶으신 거죠
제가 그 변화 만드는 부분 확실하게 도와드릴께요
​
제가 안내해드리는 온라인부업은 초보분들도 수익을 만들 수 있게
정확한 실행 단계 중심으로 진행을 하고 있습니다.
​
말로만 하는 강사가 아닌 정확하게 무엇을 어떻게 해야하는지 정확히
잡아드리고 하루 단위로 루틴을 만들어 드리기 때문에 훨씬 빠르게
방향을 잡으실 수 있습니다
​
많은 분들과 소통하고 교육해드리면서 쌓아올린 노하우로
쉽고 빠르게 배우실 수 있게 도와드리겠습니다
​
저는 무조건 행동파이고 결과로 모든걸 증명해내고 있습니다
그리고 온라인부업은 멘토를 정말 잘 만나야 합니다!!
지식인 네임카드 클릭후 쏭언니 블로그에서 많은 후기 정보 봐주세요^^
2025.12.09.
UP
DOWN
댓글
메뉴 더보기
포인트 선물
신고",1339,False,부업 성공,https://kin.naver.com/qna/detail.naver?d1id=4&dirId=40611&docId=490578247&qb=67aA7JeFIOyEseqztQ==&enc=utf8,0,,,,2,kin,3,오프라인.온라인사업성공을 위해서(월수1천이상)...
0,,,,기타,... 솔직히 집에서 하는걸 더 선호합니다ㅎㅎ 내공 100 걸게요 재택부업 성공 스토리 by.부업쟁이 하곽 하루하루 시간은 가고~ 나이는 먹어가고~ 모은 돈은 없구~.. 요즘 물가도 비싸서 뭘 하기도 망설이시죠? 저도 그랬답니다. 초기비용이...,9,"5번째 답변
금보 이윤미
중수
본인 입력 포함 정보
상세 안내 툴팁 보기
지식iN 서비스 질문 답변 페이지 및 프로필의 답변자 정보에 노출되는 답변자의 회사, 학교, 자격 등의 정보는 본인이 지식iN 프로필 수정을 통해 직접 입력한 정보입니다.
네이버는 사용자가 등록한 정보 및 게시물을 제공하는 정보매개 서비스 제공자로서 해당 정보의 정확성, 신뢰성 및 최신성에 대해 보증하지 않습니다.
닫기
안녕하세요
​
​
​깜짝놀랄 좋은
정보 알려드릴께요^^
매일매일 50만원이상 수익금이 생기고 있습니다!!
회원모집으로 지치고 힘든부업은 이제 그만하세요...
매일 지급되는
50만원이상
의 수당과 선착순으로 지급되는
4600만원의 보너스
까지
단기간
동안
엄청난 돈을 버실 수 있는 절호의 찬스!!
이 모든게 꿈이아닌 현실이거든요 타업종 부업과는 정말 수익 제도가 완전 달라서
참여만으로 너무나 쉽고 안전하게 수익금을 챙길 수 있답니다!!
홍보를 잘 모르고 못하시는 분들 걱정일랑 하지마세요...위에서 내리추천 받으시면서
엄청난 고정수익 받아가실 수 있답니다
이 믿기힘든 금보 바이오닉스만의 재택부업 하루라도 빨리
저희팀에 합류하시고
그동안 힘들게 일했던 지난시간들 보상받길 바랍니다!!
금보 마케터 이윤미
와 저희팀이 여러분과 좋은인연 만들어서 무한도움 받으실 수 있는 기회를 잡으시길!!
​
​
하루 하루 실적!! 이윤미 통장 금보 실제 입금내역!!
​
​
​
​
​
네임카드 참조해서 블로그로 방문해주세요
​
네임카드 닫혀있다면 오른쪽 약간아래
V
표 클릭하시면 열려요
2014.05.01.
UP
1
DOWN
댓글
메뉴 더보기
포인트 선물
신고
---
7번째 답변
비공개 답변
초수
간단하게 적겠습니다
수익이 그렇게 많진 않은데요 하는만큼 벌어요~
글쓰기 댓글 알바 이네요 주부분들이 많이 하세요 블로그에 연락처랑 카톡 있으니까
알아보고 싶으시면 연락 주세요~
2014.05.01.
채택
질문자가 채택한 답변입니다.
UP
DOWN
댓글
2
메뉴 더보기
신고
---
1번째 답변
금보바이오닉스
초수
본인 입력 포함 정보
상세 안내 툴팁 보기
지식iN 서비스 질문 답변 페이지 및 프로필의 답변자 정보에 노출되는 답변자의 회사, 학교, 자격 등의 정보는 본인이 지식iN 프로필 수정을 통해 직접 입력한 정보입니다.
네이버는 사용자가 등록한 정보 및 게시물을 제공하는 정보매개 서비스 제공자로서 해당 정보의 정확성, 신뢰성 및 최신성에 대해 보증하지 않습니다.
닫기
질문내용]]
질ㅺ문 ­동안구 1­9­9 ㈛는걸 100 동안구­쪽에 크게보기여기가 엘레멘트 ­눈알붙이기 모르겠­­어요안さ양시 9は せ쇼핑백접기 선호합니다ㅎㅎ내­­공 지도 0­­ 책 ­1е ㈖신있м는데구㈛는 회㈔ 좀 안내레이­어 위치 집­Щ에в서 줌 컨트롤 궁금해요 ㈔는데 구ЛпВ㈛는 ㈛고 ­생성 안양みв시 해주세Ъㅨ요160집에서 알려주세요솔직히 동안구길찾기 있으­니까 재택알㈓ 중심핀 아니면 39Л­8 126ず951К35Ш39 1ぷ4 2 더 ㈖ㅥЛ제­­¾좀 4 ㅩ같은데 160이미 0 ㅫ이런거 동안구경기도 곳을 156 3ぬ73925739 홍보­는 29­8 지ㆎ도 타이핑 걸게요궁금한 알㈓같은거
[[
2014.04.30.
UP
DOWN
댓글
메뉴 더보기
포인트 선물
신고
---
3번째 답변
헬로우드림 희야
영웅
아르바이트, 직업, 취업 분야에서 활동
본인 입력 포함 정보
상세 안내 툴팁 보기
지식iN 서비스 질문 답변 페이지 및 프로필의 답변자 정보에 노출되는 답변자의 회사, 학교, 자격 등의 정보는 본인이 지식iN 프로필 수정을 통해 직접 입력한 정보입니다.
네이버는 사용자가 등록한 정보 및 게시물을 제공하는 정보매개 서비스 제공자로서 해당 정보의 정확성, 신뢰성 및 최신성에 대해 보증하지 않습니다.
닫기
연봉2억!! 경력5년차~ 경험과 노하우를 바탕으로
질문에 솔직한 답변 드릴게요~
이렇게 질문하시거나 타자 정도 치시면
누구나 충분히 가능 하시구요.
지역 상관 없구요.
인터넷만 가능하시면 본인이 하고 싶은 지역에서 자유롭게 하실수 있구요.
또 누가 일하라 말라 간섭도 없이 본인이 하고 싶은 시간에
하고 싶은 만큼 하실수 있답니다~단!! 본인이 한만큼 수익이 발생하니
열심히 하셔야 겠죠~
일하시게 되면 홈피를 분양 받아서 홍보가능한 곳에 홍보를 하는 일이 주 업무 인데요.
홍보를 통해 본인 홈피를 통해서 광고주가 광고 등록을 하거나
홍보사원 모집을 하거나 하시면 이 두가지 수익금은 당일 지급하구요.
또 제휴업체 상품 판매 수익
제휴업체 홍보활동 수익-홍보글만 작성해두 각각 수익 발생
그리고 드림오토 켜놓구 다른일 하셔두 월 1-6만원 수익
홈피 하루 한번 접속 스마트폰으로도 가능 출석체크만 매일 하셔두 월 최소 3만원 이상
제휴업체 사이트 클릭만 하셔두 수익
총17가지 다양한 수익원이 있고 또 초보도 쉽게 하실수 있는 부분들이
있어서 초보라서 수익이 없을까...손해만 보는건 아닐까..걱정 안하셔두 되구요.
일하시게 되면 홈피에 일하는 방법과 설명등이 동영상 설명으로까지
이해하기 쉽도록 설명이 되어 있고 행여 이해안되거나 추가적으로 도움 필요하시면
홍보지원팀에 문의 도움 청하시면 원격지원으로도 도움을 드리고
또 저에게 24시간 언제든 문의 도움 청하시면 제 경험과 노하우을 바탕으로
도움을 드리기에..일하시는데 지장 없구요.
제가 그동안 수많은 분들 도움드리면서 보면 저도 그랬지만..홍보경험이나 블로그
해본적 없어서..망설이고 걱정 하시던 분들도 1주일이면 충분히
이해하고 하실정도 수준의 일이니 걱정 안하셔두 되구요.
더 궁금하시거나 도움 필요하시면 아래 네임카드 참고 하시구요.
네임카드 닫혀 있을 경우 V 누르시면 열리구요.
스마트 폰으로 보시는 경우 PC 버전으로 보시면 네임카드 보이세요.
오늘도 행복 하시구요~
언제나 건강하시구 부자 되세요^^
2014.04.30.
출처
직접작성함
UP
DOWN
댓글
메뉴 더보기
포인트 선물
신고
---
4번째 답변
탈퇴한 사용자 답변
재택부업 성공 스토리 by.부업쟁이 하곽
하루하루 시간은 가고~ 나이는 먹어가고~ 모은 돈은 없구~..
요즘 물가도 비싸서 뭘 하기도 망설이시죠?
저도 그랬답니다. 초기비용이 들어간다는 ",3849,False,부업 성공,https://kin.naver.com/qna/detail.naver?d1id=12&dirId=12092001&docId=196746762&qb=67aA7JeFIOyEseqztQ==&enc=utf8,0,,,,6,kin,3,안양시 동안구에서 집에서 하는 부업 구하는 곳
0,,,,기타,"... 부업으로 시작하는 재미와 이익! 포스팅에서 만나보세요! 부업의 성공 비결, 공개합니다! 이제 시작해보세요! 부업으로 새로운 도전, 함께 시작해보시겠어요? 부업으로 수익 창출, 당신의 인생을 더욱 풍요롭게 만들어보세요!",12,"2번째 답변
네이버지식인
물신
30대 남성
서비스업
동물의료상담 99위 분야에서 활동
본인 입력 포함 정보
상세 안내 툴팁 보기
지식iN 서비스 질문 답변 페이지 및 프로필의 답변자 정보에 노출되는 답변자의 회사, 학교, 자격 등의 정보는 본인이 지식iN 프로필 수정을 통해 직접 입력한 정보입니다.
네이버는 사용자가 등록한 정보 및 게시물을 제공하는 정보매개 서비스 제공자로서 해당 정보의 정확성, 신뢰성 및 최신성에 대해 보증하지 않습니다.
닫기
안녕하세요. 직장인 부업에 대한 법인 설립 관련하여 답변드리겠습니다.
​
1. 법인 설립을 고민하시는 이유로 회사 겸직문제 및 세금 과다 지출 예상이 있으신 것으로 이해하겠습니다. 법인 설립은 이러한 문제점을 해결해 줄 수 있습니다. 하지만, 법인 설립은 고정 비용 및 관리 비용이 발생할 수 있으므로, 충분히 검토하시고 결정하시는 것이 좋습니다.
​
2. 법인 설립 시 법인에서 돈을 자유롭게 빼서 쓸 수 없는 것은 아닙니다. 단, 법인의 돈을 개인 명의의 계좌로 이체하기 위해서는 소정의 절차와 제한이 있을 수 있습니다. 법인 설립 전에 이에 대한 세부적인 검토가 필요합니다.
​
3. 법인 설립 시 부동산 관련 이자 지출에 대해서는 개인과 법인의 구분이 중요합니다. 법인이 부동산 관련 이자를 지출할 경우, 법인과 개인 간의 대외 거래로 인식될 수 있으며, 이 경우 법인과 개인 간의 거래 조건에 따라 이자 지출이 가능할 수도 있습니다. 하지만 법인과 개인 간의 대외 거래로 인식되지 않도록 관련 법령을 준수하시는 것이 좋습니다.
​
4. 법인으로 개인 명의 대출 이자를 지급하는 방법에 대해서는 정확한 상황을 파악해야 하지만, 일반적으로는 법인과 개인 간 대외 거래로 인식되지 않도록 상세한 계약 및 지출 명세서 등을 작성하여야 하며, 세무 담당자와 상의해보시는 것이 좋습니다.
​
마지막으로, 개인 소유의 부동산 이자를 내려면 개인사업자를 유지하셔야 할 것 같습니다. 개인사업자로 이자를 지출할 경우, 법인과 개인 간 대외 거래로 인식될 수 있으며, 이 경우 개인과 법인 간의 거래 조건에 따라 이자 지출이 가능할 수도 있습니다. 다만, 이에 대해서는 세무 담당자와 상담하여 결정하시는 것이 좋습니다.
https://www.jamongpick.com/23/31406
플레이업
여러분의 인생을 바꿀 부업 아이디어! 지금 바로 알아보세요!
부업으로 시작하는 재미와 이익! 포스팅에서 만나보세요!
부업의 성공 비결, 공개합니다! 이제 시작해보세요!
부업으로 새로운 도전, 함께 시작해보시겠어요?
부업으로 수익 창출, 당신의 인생을 더욱 풍요롭게 만들어보세요!
#부수입100만원벌기
새 창
#온라인수익창출
새 창
2023.05.07.
채택
질문자가 채택한 답변입니다.
UP
DOWN
댓글
메뉴 더보기
신고
---
1번째 답변
밤이슬이 NS세무회계
절대신
남성
서비스업
#세무 #회계 #N잡러
소득세 2위, 부가가치세 1위, 상속세, 증여세 4위 분야에서 활동
본인 입력 포함 정보
상세 안내 툴팁 보기
지식iN 서비스 질문 답변 페이지 및 프로필의 답변자 정보에 노출되는 답변자의 회사, 학교, 자격 등의 정보는 본인이 지식iN 프로필 수정을 통해 직접 입력한 정보입니다.
네이버는 사용자가 등록한 정보 및 게시물을 제공하는 정보매개 서비스 제공자로서 해당 정보의 정확성, 신뢰성 및 최신성에 대해 보증하지 않습니다.
닫기
안녕하세요. 밤이슬이입니다.
​
일반적으로 법인의 채무여야 법인에서 이자지급이 가능히겠죠.
​
따라서 질문인이 법인으로부터 급여를 받든 해야 가능하겠죠.
2023.05.06.
UP
DOWN
댓글
메뉴 더보기
신고
---
3번째 답변
비공개 답변
고수
안녕하세요 질문자님
​
질문하신 내용을 잘 살펴봤는데요
​
지금 상황으로 봐서는 고민의 내용을
​
확실하게 해결하기 위해서는 간단한 무료상담후
​
알아보시는게 제일 확실하게 해결될것 같아요
​
​
현재 법인 설립, 법인전환을 계획하고 계신다면
​
법인 운영부터 설립 및 전환과 세무회계까지
​
모든 부분에서 도움을 받으실수가 있으니
​
전문가와의 상담을 통해서 고민하시는 부분에
​
대해 명확하게 해결하시는게 좋을것 같습니다
​
​
- 법인 무료 설립
​
- 법인 등록 컨설팅
​
- 세무회계 무료상담
​
- 법인전환의 기간 1주일이내 가능
​
- 다양한 업종의 노하우 다수 보유
​
- 세무기장 의뢰시 법무사 수수료 전액 지원
​
- 법무법인과 함께하는 메이저 기업
​
- 법인설립부터 사업자등록까지 무료 대행
​
​
친절한 무료상담
https://me2.kr/GQotZ
​
​
중요한 시기에 전문가와의 상담을 통해
​
개인사업자 법인전환의
​
골든타임을 놓치지 마시길 바랍니다
​
저의 답변이 질문자님께 도움이 되셨길
​
바라고 좋은 결과가 있길 바랍니다
​
​
​
2023.05.08.
UP
DOWN
댓글
메뉴 더보기
신고",2381,False,부업 성공,https://kin.naver.com/qna/detail.naver?d1id=4&dirId=40302&docId=445221914&qb=67aA7JeFIOyEseqztQ==&enc=utf8,0,,,,6,kin,6,직장인 부업매출 월 2천 순익 4백만원 법인 설립시...
0,,,,기타,... '나라고 부업으로 성공하지 말란 법은 없지!' 라는 생각으로 소소하게 '정말 한달에 30만원만 벌어보자' 하고 시작한 일이 지금은 너무나 익숙하게 하루하루 쌓이는 수익들을 보면서 뿌듯하고 조금 더 빨리 시작할 걸 하는 생각도...,7,"4번째 답변
주부부업 대통령
고수
#30대주부 #주부부업 #N잡러
본인 입력 포함 정보
상세 안내 툴팁 보기
지식iN 서비스 질문 답변 페이지 및 프로필의 답변자 정보에 노출되는 답변자의 회사, 학교, 자격 등의 정보는 본인이 지식iN 프로필 수정을 통해 직접 입력한 정보입니다.
네이버는 사용자가 등록한 정보 및 게시물을 제공하는 정보매개 서비스 제공자로서 해당 정보의 정확성, 신뢰성 및 최신성에 대해 보증하지 않습니다.
닫기
안녕하세요! n잡러 로 꾸준히 일하고 있는 육아맘이자 임산부에요^^
​
혹시 제 이야기를 하시는 건 아닐까 싶어서....ㅎㅎ
얼른 답변 달아드릴게요!
​
저도 지금 일 시작하니 4개월 이제 막 넘고 있네요!
첫 한달은 어떻게 해야하는지 배우느라 정신없었고, 업무가 익숙해지니
하루종일 부.업 생각에 바쁘게 지내게 되었는데요.
그 덕분에 지금은 왕초보분들이 많은 신뢰를 주시고 계셔서 감사할 따름입니다.
​
제가 제일 처음부터 한 건.
블.로.그.최.적.화
이게 가장 힘들지만 해놓으면 도움이 많이 되기 때문에,
지금 시작하시는 분들에게도 이 부분을 가장 많이 알려드리고 도와드리고 있어요!
​
오프라인으로 하는 사업도, 온라인으로 하는 사업도,
다 블.로.그.마.케.팅을 통해야만 답이 나오는건 꼭 알고 시작하시길 바랄게요!^^
​
저도 처음에는 이게 되는 건가 의심도 많이 되었던건 사실이에요.
'나라고 부업으로 성공하지 말란 법은 없지!' 라는 생각으로
소소하게 '정말 한달에 30만원만 벌어보자' 하고 시작한 일이
지금은 너무나 익숙하게 하루하루 쌓이는 수익들을 보면서 뿌듯하고
조금 더 빨리 시작할 걸 하는 생각도 드네요.
​
​
제가 지금 소속된 재택부업은 19년동안 재.택.부.업 회사를 운영하며
tv방영으로 회사의 진가를 인정받았고,
믿기지 않으시겠지만
블로그 글쓰기만으로 8천만원을 번 회원부터
단 한달 동안 6천만원의 수익을 내신 분들까지,
꾸준히만 해주신다면 일반 직장 월급은 그냥 벌 수 있는 구조로,
재.택.업.무로 성공할 수 있다는 확신을 심어준 회사입니다.
​
​✅직장인분들에게 투.잡으로 하시기에 너무 좋은 회사
​
​✅독박육아를 할 수 밖에 없는 주부 분들에게 빈 시간 일하기 너무 좋은 회사
​
​✅임신으로 인해 어쩔 수 없이 집에 있어야 하는 임산부들이 일하기 좋은 회사
​
너무 많은 사.기.부.업 들이 넘쳐나는 지금.
점점 N잡러들이 많아지고 디지털노마드의 시대가 오고 있습니다.
​
​어떤 방법으로 시작을 해야 할지 블로그를 만든적 조차도 없는데 뭘 어떻게 배워야할지
고민이 되신다면 조금이라도 빨리 시작하셔서 업무 익히시는게 답입니다.
​
저는 하나부터 다 알려주는 멘토로 재.택.부.업/주.부.부.업을 시작하면서
​많은 시행착오들을 겪고 탄탄한 기초를 만들어서 이제 부업시작하시는 분들께
앞으로 수익을 어떻게 내야하는지 정확하게 알려드리고 있어요.
​
​블로그에는 회사에서 하는 일과 제가 일을 하면서 솔직하게 느낀점들을 자세히 적어두었어요^^
​
​
▽▽▽▽▽▽부.업의 모든것 블로그 보러가기▽▽▽▽▽▽
​
집에서 돈버는 엄마ෆ : 네이버 블로그
★彡임산부 엄마의 마케팅ෆ 드림투유 멘토 ❣ 솔직하고 확실한 교육 ❣ 실패와 좌절 끝에 얻은 성과 ❣ 컴맹 엄마로 시작해서 매일 돈벌 수 있었던 방법 ✦
blog.naver.com
▽▽▽▽▽▽오픈카톡 문의하기▽▽▽▽▽▽
초보전문멘토 양토끼두마리맘★님의 오픈프로필
처음시작할때부터 탄탄하게 실패없는 노하우♥︎
open.kakao.com
​
▽▽▽▽▽▽홈페이지 바로가기▽▽▽▽▽▽
​
드림투유
한달 6680만 성공 후기!! 자세히 보기+ 90일동안 8천만원 수익 달성했어요! 자세히 보기 + 드림투유 천만원돌파 확신있었던 이유! 자세히 보기 + 오픈 5일 만에 42O만원 수익 자세히 보기 + 단기간 1억 수익 달성!! 자세히 보기 + 첫달부터 1000만원 수익 달성! 자세히 보기 + 420만의 최고수익을 드림투유에서 창출 자세히 보기 + 월수익 6180만원 성공 후기! 자세히 보기 + 인생부업 제대로 만났어요! 자세히 보기 + 4일만에 420만원이라는 큰 수익을 달성했네요 자세히 보기 + 육아맘대표! 인생역전후기 자세히 보...
www.dmtu.kr
​
#재택부업
새 창
#부업
새 창
#주부부업
새 창
#워킹맘부업
새 창
#투잡추천
새 창
#재택부업추천
새 창
#재택부업사기
새 창
#재택부업알바
새 창
#재택부업초기비용
새 창
#재택부업사이트
새 창
2023.01.28.
채택
질문자가 채택한 답변입니다.
UP
1
DOWN
댓글
메뉴 더보기
포인트 선물
신고
---
2번째 답변
집에서 4억연봉 희야
초인
#13년경력최고수익마케터 #온라인광고마케팅 #온라인광고컨설팅
아르바이트 5위, 구인구직사이트 4위, 직업, 취업 23위 분야에서 활동
본인 입력 포함 정보
상세 안내 툴팁 보기
지식iN 서비스 질문 답변 페이지 및 프로필의 답변자 정보에 노출되는 답변자의 회사, 학교, 자격 등의 정보는 본인이 지식iN 프로필 수정을 통해 직접 입력한 정보입니다.
네이버는 사용자가 등록한 정보 및 게시물을 제공하는 정보매개 서비스 제공자로서 해당 정보의 정확성, 신뢰성 및 최신성에 대해 보증하지 않습니다.
닫기
다양한 재택부업 업체들이 많은데요.
​
업체마다 일하는 방법도 도와주는 것도
​
초기비용도 달라요.
​
다들 해본적 없이 시작하는데
​
온라인상 도와준다는 글만 믿고 가입해서
​
도움받지 못하고 포기하거나
​
시간대비 수익성이 작아서 재가입을 반복하는데요
​
프리랜서라는게
​
서로 경쟁을 통해 본인 능력 여부에 따라 수익이 많고 작고 해요
​
그래서 무엇보다 중요한건
​
본인이 효과적인 방법을 제대로 배우고 하는게 좋겠네요
2023.01.28.
UP
DOWN
댓글
메뉴 더보기
포인트 선물
신고
---
3번째 답변
비공개 답변
지존
하지마세요 하지마세요 하지마세요 사기입니다 하지마세요 저도 돈 날려보고 하는 말입니다 사기고 남들 등쳐먹는 짓 시킵니다 하지마세요
2023.01.28.
UP
DOWN
댓글
메뉴 더보기
신고
---
5번째 답변
탈퇴한 사용자 답변
안녕하세요. : )
​
​
저 역시 뜻하지 않은 지출들로 인해 ",4173,False,부업 성공,https://kin.naver.com/qna/detail.naver?d1id=4&dirId=40611&docId=438042501&qb=67aA7JeFIOyEseqztQ==&enc=utf8,2,,,,6,kin,3,재택부업추천해주세요 드림xx 리x스 교x 등 너무...
0,,,,기타,... 저도 블러거 마케터로만 5년 됐지만 재택부업으로 성공하고 돈을 버는 방법은 아는 사람만이 가능 하다는 거죠. 예전에 부업 홍보방식과 요즘은 좀 달라졌어요~ 아무래도 예전홍보방식은 이제는 한물 갔다고 할수 있죠. 그렇다면...,5,"3번째 답변
몰라용
시민
본인 입력 포함 정보
상세 안내 툴팁 보기
지식iN 서비스 질문 답변 페이지 및 프로필의 답변자 정보에 노출되는 답변자의 회사, 학교, 자격 등의 정보는 본인이 지식iN 프로필 수정을 통해 직접 입력한 정보입니다.
네이버는 사용자가 등록한 정보 및 게시물을 제공하는 정보매개 서비스 제공자로서 해당 정보의 정확성, 신뢰성 및 최신성에 대해 보증하지 않습니다.
닫기
재택부업 고려 하신다면 진짜 선택 잘하셔야 해요 회사가 얼마나
탄탄한지도 중요하지만 어떤 부업을 할지 그 부업이 꾸준히 컨텐츠를
제공해 줘서 내가 꾸준한 수익이 발생 하는지 거기다 날
이끌어줄 멘토 가장 중요해요
저역시도 여러부업 다 손되보고 해봤지만 추천인들이 잠수를
타고 진짜로 돈 벌어본 부업은 지금까지는 없었어요
.
왜냐면 추천인에 의지 할 수밖에 없던 재택부업 초보 시절에는
그럴수 밖에 없었지만 이제는 그 방법을 누구보다 더
잘 알고 있다는 거죠
.
저도 블러거 마케터로만
5
년 됐지만 재택부업으로 성공하고
돈을 버는 방법은 아는 사람만이 가능 하다는 거죠
.
예전에 부업 홍보방식과 요즘은 좀 달라졌어요
~
아무래도 예전홍보방식은 이제는 한물 갔다고 할수 있죠
.
그렇다면 시대에 맟춰서 홍보방법도 달라야 하기 때문에 저만의 노하우
저만에 독학으로 터득한 방법 영혼까지 탈탈털어 공유해 드릴께요
.
사실 재택부업은 오래 됐다고 많이 알고 시간이 짧다고 모르는 건 아니거든요
.
시대 흐름에 맞춰서 어디서 어떻게 홍보하는 방법만 알면 누구나 어떤 부업이던 다 성공할수 있답니다
.
자세한 방법은 네임카드로 들어오셔서 문의 주세요
.
#재택부업추천
새 창
#재택알바
새 창
#주부부업
새 창
#리틀페이지
새 창
#쇼핑몰창업
새 창
#쇼핑몰추천
새 창
#집에서할수있는부업
새 창
#집에서돈버는방법
새 창
#재택부업
새 창
2017.03.14.
UP
DOWN
댓글
메뉴 더보기
포인트 선물
신고
---
4번째 답변
탈퇴한 사용자 답변
제가 하고 있는 일은
집에서 컴퓨터만 있다면
어려움없이 초보분들도 하실 수 있는 일 이에요.
제가 일하는 곳에선,
월 1000만원이상 연봉1억을 받으면서 일을 할 수 있는곳이예요~~
응?? 저게 가능해??!!
저도 처음에는 괜히 이상한 곳 아닐까..? 사기 아니야..?
라고 생각했었어요..
그런데
알고 보니 꼭 그런곳만 있는건 아니더라구요~~
제가 일하는 곳은 TV에 여러번 방송도 되고,
공정위원회에도 정상 등록되어 있는 곳이더라구요~~
지역상관없이 집에 컴퓨터만 있으면,
간단한 타이핑만 할 수 있어도 어려움없이 도전가능한 일이고,
시간 대비 수익이 높은편이라 많이들 하고 계세요~
재택부업에 대하여 알아보고 계시다면
도움이 되길 바라겠습니다~
좀 더 자세한 내용은 제 네임카드를 클릭하시고 정보 얻어가시길 바랄게요
좋은 하루 되세요 ^^
#주부부업
새 창
#헬로우드림
새 창
#주부부업거리
새 창
2017.03.14.
UP
DOWN
댓글
메뉴 더보기
신고
---
5번째 답변
쪼코연주
시민
본인 입력 포함 정보
상세 안내 툴팁 보기
지식iN 서비스 질문 답변 페이지 및 프로필의 답변자 정보에 노출되는 답변자의 회사, 학교, 자격 등의 정보는 본인이 지식iN 프로필 수정을 통해 직접 입력한 정보입니다.
네이버는 사용자가 등록한 정보 및 게시물을 제공하는 정보매개 서비스 제공자로서 해당 정보의 정확성, 신뢰성 및 최신성에 대해 보증하지 않습니다.
닫기
안녕하세요
아낌없이 진솔하게 일하는 가온연주맘입니다 ^^
아이를 키우면서 집에서 하루에 2-3시간 자유롭게 일하면서 수익을
내고있는 제가 지금 하고있는 자,택,부.업 을 추천하고자 합니다^^
음 ...핵심적인것만 좀 자세히 말하자면
보통 실적이 한건만 생겨도 최대5.5만원 2건이라고하면 1.10만원이겠죠
글쓰기수익은 (글쓰고 덧글만달아도 최대 15만원)
홈페이지 기본 수익만 잘챙기셔도 월 5-60만원 생활비 마련이 가능합니다
다양한 수익아이템,출석체크 ,무료상담.실시간수익.등
30가지의 여러가지로 이익창출가능 합니다
열심히 하시고 꾸준하게 하시면
자기가 한만큼의 결과를 보실수있으세요 ^^
생활하시는데  불편함 없이 고.수익 확인 하실수있어요
1:1 형식으로 일하시는데 불편함없이 회사에서도 도와주고있구요
저 가온연주맘이 멘토가 되어드려서 하나에서 열까지 알려드리고있어요^^
일시작함과 동시에 바로 실적이 난건 물론 지금도 계속 실적이 나구있구요
물론 회사역활도 어느정도 한몫을하지만 일하시다가 모르는거는
저에게 수시로 연락하셔서 꼭 알아 가셔야 한답니다^^
홍.보.용 맨트 아닙니다 ! 실제상황입니다!^^
가온연주맘을 믿고 시작을 해주시는 모든 분들에게
아낌없이 하나부터 열까지 세세하고 꼼꼼하게 100% 몽땅~
저의 노하우 공유해드려요 ^^
컴퓨터를 잘하지 못하셔두 충분히 하실수있구요
저 역시 처음에는 많이 버벅 버렸거든요 ~
며칠 지나고나니깐 익숙해지고 어렵지 않더라구요 ^^
좋은 멘토 가온연주맘을  만나신다면 금방 적응 하실수있으세요 ^^
제 블러그에 오셔서 한번 보세요
일을 어떻게 시작했는지  어떤방법으로 일을하고있는지
열번 백번 듣는것보단 한번 도전을 해보셔야 느끼실수 있으세요 ^^
달콤한 꿀같이 좋은 꽃길 걸어보아요
항상 초심과 같은 마음으로 최선을 다하면서 일하고 있답니다 ^^
아래 제 네임카드를 참고해주세요
모바일이선 맨위 닉네임옆 v 표시 클릭해주세요 ^^
#부업
새 창
#주부부업
새 창
#쉬운부업
새 창
#재택근무
새 창
#인터넷부업
새 창
2017.03.15.
출처
제가 작성하였여요
UP
DOWN
댓글
메뉴 더보기
포인트 선물
신고
---
6번째 답변
끼끼랑
시민
본인 입력 포함 정보
상세 안내 툴팁 보기
지식iN 서비스 질문 답변 페이지 및 프로필의 답변자 정보에 노출되는 답변자의 회사, 학교, 자격 등의 정보는 본인이 지식iN 프로필 수정을 통해 직접 입력한 정보입니다.
네이버는 사용자가 등록한 정보 및 게시물을 제공하는 정보매개 서비스 제공자로서 해당 정보의 정확성, 신뢰성 및 최신성에 대해 보증하지 않습니다.
닫기
둘째를 임신하고 나서부터 책임감이 더더욱 느껴지는날
나는 엄마이자, 우리 네식구를 위해  무엇을 할",4237,False,부업 성공,https://kin.naver.com/qna/detail.naver?d1id=12&dirId=1209050310&docId=272166066&qb=67aA7JeFIOyEseqztQ==&enc=utf8,2,,,,4,kin,3,주부 부업 드림큐1위
0,,,,기타,... 카카오톡 riskless0214 플러스친구 '잭타박' 을 검색해주세요^^ 부업의 성공은 본인의 의지가 가장 중요하지만 그만큼 중요한것이 어떤일을 하느냐와 누구와 하느냐입니다. 한번 곰곰히 고민해보세요^^,5,"1번째 답변
잭타박
영웅
본인 입력 포함 정보
상세 안내 툴팁 보기
지식iN 서비스 질문 답변 페이지 및 프로필의 답변자 정보에 노출되는 답변자의 회사, 학교, 자격 등의 정보는 본인이 지식iN 프로필 수정을 통해 직접 입력한 정보입니다.
네이버는 사용자가 등록한 정보 및 게시물을 제공하는 정보매개 서비스 제공자로서 해당 정보의 정확성, 신뢰성 및 최신성에 대해 보증하지 않습니다.
닫기
부업에 대해 정보가 필요하셔서 답변드립니다.
​
우선 부업을 하시려면 어떤일을 할 수 있는지 스스로 판단하셔야 합니다.
​
질문자님의 생활패턴이나 또는 일할 수 있는 환경
​
예를 들면 컴퓨터사용이 능숙하다 또는 자녀가 있어서 학교에 가 있는 동안만 활용이 가능하다 등등..
​
이 부분은 파악한 후에 목표를 정하셔야 합니다.
​
부업을 단순히 몇개월만 할건지 아니면 지속적으로 할 의향이 있는지..
​
그렇다면 어느정도 수입이 필요한지 등등..
​
그 다음에 부업의 종류를 선택하시면 됩니다.
​
위의 내용들을 생각하지않고 그저 인터넷에 떠도는 광고성 글 또는 허위과대 부업 정보들에 현혹되서
​
시작하시는 분들이 많습니다.
​
실제 돈을 벌고 계신 분도 있을진 모르지만 잘못된 정보와 본인의 상황을 인지하지 못한 상태로 시작한 분들은
​
포기하거나 또는 실패라는 쓴맛을 보게 됩니다.
​
위에서 말씀드린 내용들 진지하게고민해보시고 정리가 되셨다면
​
제가 하고있는 부업에 대한 정보를 드리겠습니다.
​
카카오톡 riskless0214
플러스친구 '잭타박' 을 검색해주세요^^
​
부업의 성공은 본인의 의지가 가장 중요하지만 그만큼 중요한것이 어떤일을 하느냐와 누구와 하느냐입니다.
​
한번 곰곰히 고민해보세요^^
#부업
새 창
#주부
새 창
#알바
새 창
#경제
새 창
#투잡
새 창
#직장맘
새 창
2019.05.30.
UP
DOWN
댓글
메뉴 더보기
포인트 선물
신고
---
2번째 답변
너를 사랑하고도
식물신
아르바이트 81위, 구인구직사이트, 네이버 블로그 분야에서 활동
본인 입력 포함 정보
상세 안내 툴팁 보기
지식iN 서비스 질문 답변 페이지 및 프로필의 답변자 정보에 노출되는 답변자의 회사, 학교, 자격 등의 정보는 본인이 지식iN 프로필 수정을 통해 직접 입력한 정보입니다.
네이버는 사용자가 등록한 정보 및 게시물을 제공하는 정보매개 서비스 제공자로서 해당 정보의 정확성, 신뢰성 및 최신성에 대해 보증하지 않습니다.
닫기
[ 부업후기 ]
​
다양한 이벤트와 함께 인기있는 부업후기 알아볼께요 ~
​
그런데 중요한것은 초기비용없고 믿을만하고 현실적인 부분인데요
동의서 없이 만 14세 이상 가능하고 가장 믿을만하며 이미 검증된 곳입니다
​
제가 지금 하고 있는 재택알바는 주부들, 직장인, 학생들이 많이 하고 있고
초기비용없이 회원가입후 하시면 되는데요
정말이지 허황되지 않고 가장 현실적인 재택알바라고 생각합니다
​
저도 여러가지 재택알바를 해봤지만
다른 재택알바들은 금액도 너무 적고 경험에도 도움이 되지 않았는데여
​
우연히 알게 되어 지금까지 하고 있는 이 재택알바는 여러가지로 도움이 되어 알려드릴께요
​
저도 아버님 병간호로 인해 시간이 부족하여 많이 벌지는 못하지만
시간 제약없이 틈틈이 할 수 있어 아주 좋습니다
참고로 아래에 제가 출금한 내역 보여드립니다
​
다른 곳과 달리 이 재택알바는 초기비용이 전혀 없고
3만원이상 매주 목요일까지 출금신청을 하면 금요일 입금되는데요
필요할때마다 요긴하게 쓸수있어 아주 편리합니다
당연히 출금이 안된적은 한번도 없었습니다
​
[ 재택알바 종류 ]
​
1. 블로그포스팅 알바 : C등급 3천원 / B등급 6천원 ( 대부분 B등급으로 승급됩니다 )
​
2. 외모꿀알바 : 최근 오픈한 알바로 제품인증샷을 SNS에 올리면 건당 3만원 ~ 5만원 정도
셀카를 좋아하고 SNS만 하시면 누구나 참여 가능합니다
​
​
3. SNS를 활용한 1초알바 : 좋아요, 댓글달기, 공유를 하는 경우 건당 100원정도
​
4. 앱홍보알바 : SNS, 블로그, 카페등을 통한 앱홍보 글을 보고 누군가 앱을 설치, 실행가입시
건당 1,000원 내외 지급 ( 게임을 좋아하시는분들께 적극 추천 ~ )
​
5. CPA알바 : 블로그나 카페, SNS등에 올린 자신의 홍보글을 보고 상담을 신청해서
정상적인 상담이 완료되면 건당 1만원 ~7만원
참고로 CPA알바는 매우 어려운데요 이 부분은 너무 조급해 하지 마시고
나름대로 노하우를 꾸준히 연구하시면 나중에 많은 도움이 될 것입니다
​
[ 이벤트 종류 ]
​
1. 출석체크 : 매일 출첵하면 100원 한달 개근하면 2천원 추가
​
2. 생일 이벤트 : 회원님 생일날 만원 지급 + 추가보너스 까지 ( 15,000원 )
​
3.매일 복불복 룰렛 : 최대 2만원 지급
( 저도 지금까지 오천원 네번, 만원 두번, 2만원 한번 당첨되었답니다 )
​
4. 포스팅 알바 이벤트 : 포스팅알바 100건 승인될때 마다 3만원 지급
( 1,000건 도달하면 이벤트 종료 ) 저는 현재 약 610건 완료했습니다
​
5. CPA이벤트 : 매월 출석체크 10일이상 하고 CPA승인 5건이상 하면 만원 지급
​
6. 외모꿀알바 랭킹 이벤트 : 매월 남녀 랭킹을 선정하여 1위 십만원 2위 5만원 3위 3만원 지급
​
이외에도 다양한 이벤트가 진행중입니다
​
지금까지 제가 해본 재택알바사이트 중에는 최고라고 생각하는데요
처음부터 너무 욕심내지 마시고 꾸준히 이 재택알바를 하시다 보면 많은 도움이 될거라고 생각합니다
​
참고로 초기비용없이 회원가입후 다른 회원들의 재택알바후기를 보시면 많은 도움이 되실겁니다
​
​
집에서 돈 버는 재택알바! 초기비용 없고, 초보자도 바로 수익!
​
사부가 쉽게 가이드 해드려요.
​
[ 사부 등록코드: M02010437D ]* 회원가입/정보수정 페이지에서 등록하세요!
​
​
무료회원가입이나 보다 상세한 내용을 알고 싶으면
​
아래 절차를 활용하거나 블로그를 참고하세요 ~
​
​
초기비용없는 재택알바와 다양한 이벤트 경험이야기
초기비용없는 재택알바와 다양한 이벤트 경험이야기 (부모님동의서 없이 만 14세이상 가능) 오늘은 여러분에게 좋은 재택알바를 소개",4904,False,부업 성공,https://kin.naver.com/qna/detail.naver?d1id=4&dirId=40611&docId=328077300&qb=67aA7JeFIOyEseqztQ==&enc=utf8,0,,,,2,kin,3,부업 ! 관련된 정보 부탁드려요 ~
0,,,,기타,... 아무것도 없고 아무것도 모르고 시작했어도 재택부업으로 성공한 심지마미예요. 130만원을 벌기까지 많은 분들께서 통장인증도 하셨지만 심지마미는 통장인증 없이도 이뤄냈어요. 그 방법을 심지마미는 정직하게 거짓없이 모두...,7,"9번째 답변
심지마미
시민
본인 입력 포함 정보
상세 안내 툴팁 보기
지식iN 서비스 질문 답변 페이지 및 프로필의 답변자 정보에 노출되는 답변자의 회사, 학교, 자격 등의 정보는 본인이 지식iN 프로필 수정을 통해 직접 입력한 정보입니다.
네이버는 사용자가 등록한 정보 및 게시물을 제공하는 정보매개 서비스 제공자로서 해당 정보의 정확성, 신뢰성 및 최신성에 대해 보증하지 않습니다.
닫기
안녕하세요. 정직하고 친절하기로 소문난 심지마미 입니다.^^
첫실적 130만원으로 시작.
최대 하루실적 91만원, 이틀실적127만원!!
10월실적 578만원!!﻿
﻿
번 심지마미는
모든 노하우를 오픈하고있어요.
완전초보도 통장인증 없이 할수있다는걸 보여줬어요.
지금은
후배님들 일 잘 가르치기로 유명해진
심지마미.
여러분께서도 충분히 가능하신 일
이세요.
답변드릴께요^^
안녕하세요^^
드림큐에 손부업 정보도 있어요.
무료가입 하시면 보실 수 있으시구요~
﻿
﻿
손부업도 초기비용 들고 또 손부업은 시간도 지키고 따져야할것들도 많더라구요.
물건도 갖다 주시는지 시간도 맞춰야 하구요.
제가 집에서 자유롭게 두 아이들을 돌보면서 일하는 재택알바 소개해 드릴께요.
아랫글은 붙혀넣기 글이구요~
자세한 내용은 상담 한번 주세요^^
아랫글은 붙혀넣기 글이예요.
한번 읽어보시구요 궁금하신 건 언제든지 문의,상담주세요.
네임카드나 닉넴 또는 네이버에 심지마미를 검색하셔도 된답니다^^
스마트폰일경우엔 폰 하단에 pc버전으로 바꿔주세요.
심지마미
는
재택
부업에는
완전초보
였어요.
그런데도 심지마미는 성공할 수 있었답니다.
아이들 돌보면서 하루 2,3시간만으로 아무것도 모르고, 아무것도
없이
첫실적 130만원
을 벌수있었어요.
이건 제가 정확한 방법을 알고 꾸준히 일을 했기때문에 가능했던 일이었는데요.
어떤일이든, 어떤 사람이든 처음부터 잘하는 사람은 없답니다.
심지마미도 마찬가지였어요.
어쩌면 여러분보다 더 안좋은 상황에서 시작했을수도 있어요.
돈은 벌어야했지만 마땅한 곳은 없었구요.
어떻게 보면 재택부업은 저에겐
선택이아니라 필수였을지도 모르겠어요.
처음 시작했을땐 이거 괜히 하는거 아닌가 싶고, 돈을 벌어야 하는 상황에서
오히려 돈을 버리는건 아닌지.
지금의 여러분과 같은 생각, 걱정, 고민 똑같았답니다.
처음엔 누구나 막막하고 어렵고 힘들어요. 그게 당연한거예요.
저를 통해서 일을 시작하시는 분들께서는 헤매지 않으셔도 된답니다.
실속있게 일하는 방법을 배우셔야
하세요. 첫
시작이 중요합니다.
안전한 곳에서 시작해야 하고 믿음을 줄수있는 추천인에게 배우셔야 해요.
재택알바 1위 기업 드림큐는 손해를 볼수가 없답니다.
핸드폰개통을 하지 않는 안전하고 믿을 수 있는 곳에서 시작하세요.
어느 재택부업이든 초기비용은 다 있어요.
중요한건 초기비용대신 핸드폰 개통을 해야 한다거나
터무니없는 고액의 초기비용이 드는지
손해를 볼수는 있는지 등등 꼼꼼하게 살펴보셔야 하세요.
TV방송에도 나온 드림큐
는 안전하고 믿을 수 있는곳이구요.
20건 달성시 초기비용도 전액환불이 가능하답니다.
나도 할수있다는 자신감을 가지세요!!
주말부부로 두 아이들을 혼자 키우면서 완전초보였던 심지마미도 해냈잖아요.
하루동안 91만원?! 못할거없어요.
﻿
﻿
심지마미에게 배우시면
여러분께서도
충분히 가능하신 일
이예요.
아무것도 없고 아무것도 모르고 시작했어도 재택부업으로
성공한 심지마미예요.
130만원을 벌기까지 많은 분들께서 통장인증도 하셨지만
심지마미는 통장인증 없이
도
이뤄냈어요.
﻿
그 방법을 심지마미는
정직하게 거짓없이 모두 오픈
하고 있답니다.
﻿
알려드리는 정확한 노하우로 꾸준히 노력하는 실천. 이게 중요해요.
여러분이라고 못할거없으세요.
누구나 처음엔 막막하고 어떻게 시작해야 할지 모르겠고.
다 똑같아요. 저도 마찬가지였구요.
나도 할 수 있다는 자신감을 가지세요^^
정직한 심지마미는 모든 노하우를 아낌없이 나눠드리고 있어요.
알게 되는것들도 공유하고 있구요.
어떤 일이든 정직해야 한다고 배웠고 그렇게 자라왔어요.
나만의 이익을 챙기기위해 거짓말을 하고 남을 속이고 욕심내지 않아요.
지금까지 그래왔고 회원님들께서도 알고 계세요.
→ 심지마미의 블로그를 충분히 둘러보시면
아실 수 있으세요^^
한분한분 하나하나 다 알려드리고 있고
빠른실적, 좋은실적을 위해 최선 다 하고 있답니다.
제 가족님들께서도 상위노출이 되고 계시고
일 시작하신지 10~보름사이에 실적
이 나고 계세요.
내 수익만이 중요한게 아니예요.
실속있는 노하우들로 꾸준한 관리, 서포트가 있었기에 가능했던 일이예요.
﻿
정직하고 친절하기로 소문난 심지마는
거짓으로 일하지 않아요.
항상 힘이 되어드리기위해 늘 소통하고 있고 관리
해 드리고 있구요.
노하우만 던져주고 이거보고하시면 되세요. 이건 아니예요.
﻿
저런식으로는 힘들어요.﻿
지키지 못 할 약속은 하지 않는 심지마미랍니다.
﻿
﻿
일을 알려드릴때에도 사람을 대할때에도 진심이 중요하다고 생각해요.
자신을 겉치레로 포장하고 남을 속이는건 언젠가는 드러나게 되있답니다.
진심이 담긴 포스팅, 내용안에 담긴 진심이 보이셨기를 바랄께요.^^
제가 부업을 하면서 얻은 경제적 여유, 심리적여유, 자신감, 자존감,
그리고 좋은분들과의 소통의 즐거움까지 함께 누리셨으면 해요.
함께 성공하며 즐거운 부업을 하세요!!^^
궁금하신 점은 언제든지 부담갖지 마시고 편하게 상담, 문의주세요^^
친절한 심지마미가 다 알려드려요♥
네임카드를 눌러주시구요. 닫혀있다면 V표시를 눌러주시구요^^
스마트폰일경우 폰 하단에 pc버전을 눌러주세요^^
2013.11.17.
UP
1
DOWN
댓글
메뉴 더보기
포인트 선물
신고
---
7번째 답변
쫑맘
중수
본인 입력 포함 정보
상세 안내 툴팁 보기
지식iN 서비스 질문 답변 페이지 및 프로필의 답변자 정보에 노출되는 답변자의 회사, 학교, 자격 등의 정보는 본인이 지식iN 프로필 수정을 통해 직접 입력한 정보입니다.
네이버는 사용자가 등록한 정보 및 게시물을 제공하는 정보매개 서비스 제공자로서 해당 정보의 정확성, 신뢰성 및 최신성에 대해 보증하지 않습니다.
닫기
안녕하세요~!!질문자님 반가워요~^^
^^저",7456,False,부업 성공,https://kin.naver.com/qna/detail.naver?d1id=12&dirId=12080724&docId=184759219&qb=67aA7JeFIOyEseqztQ==&enc=utf8,0,,,,4,kin,3,춘천엔 손부업 하는곳이 없나요??
0,,,,기타,... 직장인부업을 통해 성공하는 경우도 많아요 수익은 개인의 노력과 상황에 따라 다르지만 한 달에 수천만원 이상 버는 분들도 있어요 시작 시 투자금이 필요한 경우도 있지만 집에서 할 수 있는 부업도 많아요 믿을 만한 정보를 얻기...,9,"19번째 답변
비공개 답변
초수
요즘 정말 많은 직장인분들이 부업에 관심 가지시죠.
생활비도 오르고, 한 가지 일만으로는 여유가 없다는 생각이 들어서
퇴근 후나 주말에 할 수 있는 일을 찾는 분들이 많아요.
솔직히 말씀드리면 부업도 실패하는 경우는 있어요.
하지만 무작정 시작하기보다는 검증된 방향으로 배우고 준비한 사람들은
꾸준히 수익을 내는 경우가 훨씬 많아요.
처음부터 한 달에 수백만 원을 버는 건 어렵지만,
꾸준히 하면 30만~100만 원대의 부수입은 충분히 가능해요.
요즘은 투자금이랑 기술 없이도 손재주가 있으면 할 수 있는 부업이 많아요.
시간 제약이 적고, 재택으로 할 수 있어서 인기도 높아요.
최근엔 이런 걸 무료로 배워볼 수 있는 부업 강의도 생기고 있는 추세죠.
초보자 기준으로 천천히 알려주고,
선착순으로 무료 전자책도 함께 받을 수 있더라구요.
요즘 트렌드나 실제 사례도 같이 볼 수 있어서 처음 시작하시는 분들한테 딱이에요.
진짜 부담 없이 들어볼 수 있을 거예요.
​
선착순 전자책 증정 중! 집에서도 가능한 부업 노하우 확인하기
2025.10.22.
UP
2
DOWN
댓글
메뉴 더보기
신고
---
16번째 답변
비공개 답변
태양신
저 같은 경우에는 초기에 비용을 지불하고
시작을 했어요
​
당연히 제가 잘 할수 있고 오래할수있는쪽으로
충분히 알아보고 시작했어요
​
마음에 들었던점은 멘토/멘티 같은 시스템이
없고 일감을 받아낼려고 시간투자를 하지 않아도
된다는거였어요
​
높은 수익만 보고 무작정 시작을 하게 된다면
기대감 때문에 금방 지치고 포기하게 되는거 같아요
​
현재 클릭이 일어나면 수익이 들어오는 일을
하고 있는데 2달 정도 하니까 하루 평균 6-8만원
되는거 같네요
​
저보다 시간투자 더 하시는분들은 더 벌어가시니
본인하기 나름인점도 있어요
​
만약 이런 구조의 일에 관심이 생기신다면
한번 보셔도 좋으실거 같아용
모집없이 시작하는 재택알바
생각보다 너무 간단하고 어렵지 않았어요!
han.gl
2025.08.09.
UP
1
DOWN
1
댓글
메뉴 더보기
신고
---
21번째 답변
ej****
지존
본인 입력 포함 정보
상세 안내 툴팁 보기
지식iN 서비스 질문 답변 페이지 및 프로필의 답변자 정보에 노출되는 답변자의 회사, 학교, 자격 등의 정보는 본인이 지식iN 프로필 수정을 통해 직접 입력한 정보입니다.
네이버는 사용자가 등록한 정보 및 게시물을 제공하는 정보매개 서비스 제공자로서 해당 정보의 정확성, 신뢰성 및 최신성에 대해 보증하지 않습니다.
닫기
짜 수익이 가능합니다 저도 하고 있는데 반신반의했는데 신기하더라구요.
물론 노력이... 많이 들어갑니다...
저도 월 30만원 정도 부업으로 벌고 있습니다.
블로그로 벌고 있고요. 처음에는 강의 수강에 250만원 쓰고 월 서버비용, 지피티, 미리캔버스, 유튜브 편집툴해서 한달에 15만원 정도 고정비용이 나갑니다. 순수익은 15만원이고 조금씩 늘고 있는 중입니다.
시작한지는 4개월 정도 되었네요..ㅋㅋㅋ
사기를 피하는 방법은 '하루 한시간으로 월 천만원 벌게 해준다'고 말하는 사람 다 피하면 됩니다.
말도 안 되고요. 물론 초고수들은 몇년동안 열심히 노력해서 한시간일하고 월 천만원 넘게 법니다.
근데 그들도 처음에는 하루 12시간 이상 일했죠. 저도 그랬고요 ㅎㅎ
블로그, 유튜브 추천합니다. 솔직히 유튜브의 경우 VREW툴 쓰면 한달에 15000원 밖에 안하는데 그 정도만 투자해서 돈 벌어도 뽕뽑아요!
​
2025 직장인 부업 추천 TOP 5｜퇴근 후 재택으로 가능한 투잡 아이디어 - 더오지랖
2025년은 부업을 시작하기에 가장 좋은 시기입니다. 디지털 인프라와 재택 시스템이 정착되면서 직장인이 본업과 부업을 병행하기에 최적의 환경이 마련되었습니다. 위에서 소개한 직장인 부업 추천 TOP 5를 참고하여, 여러분도 경제적 여유와 자기계발 두 마리 토끼를 잡아보세요!
ohjirap.com
​
2025.10.21.
UP
1
DOWN
댓글
메뉴 더보기
포인트 선물
신고
---
1번째 답변
아규몬
은하신
본인 입력 포함 정보
상세 안내 툴팁 보기
지식iN 서비스 질문 답변 페이지 및 프로필의 답변자 정보에 노출되는 답변자의 회사, 학교, 자격 등의 정보는 본인이 지식iN 프로필 수정을 통해 직접 입력한 정보입니다.
네이버는 사용자가 등록한 정보 및 게시물을 제공하는 정보매개 서비스 제공자로서 해당 정보의 정확성, 신뢰성 및 최신성에 대해 보증하지 않습니다.
닫기
직장인부업도 실패할 수 있지만 성공하는 경우도 많아요 수익은 노력에 따라 다르며 시작 투자금은 필요할 수 있어요 집에서 혼자 하는 일도 많아요 성공을 향해 노력해보시길 바래요!
2025.02.03.
UP
DOWN
댓글
메뉴 더보기
포인트 선물
신고
---
2번째 답변
설레임
초인
본인 입력 포함 정보
상세 안내 툴팁 보기
지식iN 서비스 질문 답변 페이지 및 프로필의 답변자 정보에 노출되는 답변자의 회사, 학교, 자격 등의 정보는 본인이 지식iN 프로필 수정을 통해 직접 입력한 정보입니다.
네이버는 사용자가 등록한 정보 및 게시물을 제공하는 정보매개 서비스 제공자로서 해당 정보의 정확성, 신뢰성 및 최신성에 대해 보증하지 않습니다.
닫기
직장인부업을 통해 성공하는 경우도 많아요 수익은 개인의 노력과 상황에 따라 다르지만 한 달에 수천만원 이상 버는 분들도 있어요 시작 시 투자금이 필요한 경우도 있지만 집에서 할 수 있는 부업도 많아요 믿을 만한 정보를 얻기 위해 찾아보는 것이 중요해요! 부업을 해보신 분들의 경험을 참고하면 도움이 될 거에요
2025.02.03.
UP
DOWN
댓글
메뉴 더보기
포인트 선물
신고",2751,False,부업 성공,https://kin.naver.com/qna/detail.naver?d1id=12&dirId=1210&docId=481274535&qb=67aA7JeFIOyEseqztQ==&enc=utf8,0,,,,6,kin,3,직장인부업 하다가 실패하는 경우도 많을까요?
0,,,,콘텐츠,... 인스타에서 부업해서 성공하신 분들은 극히 드물거예요~ 저도 조금 알아봤는데요 좋아요 누르고 얼마를 벌겠어요~ 힘든일이라 봅니다.. 월 50이라도 꾸준히 벌고 싶으시다면 '소비'가 '소득'이 되는 똑똑한 소비패턴 알려드려요! 지금...,8,"3번째 답변
리치한써니
영웅
본인 입력 포함 정보
상세 안내 툴팁 보기
지식iN 서비스 질문 답변 페이지 및 프로필의 답변자 정보에 노출되는 답변자의 회사, 학교, 자격 등의 정보는 본인이 지식iN 프로필 수정을 통해 직접 입력한 정보입니다.
네이버는 사용자가 등록한 정보 및 게시물을 제공하는 정보매개 서비스 제공자로서 해당 정보의 정확성, 신뢰성 및 최신성에 대해 보증하지 않습니다.
닫기
안녕하세요
저는 인스타사기로 3천만원 가까이 사기를 당하고 경찰에 신고했는데ㅠ 못받을거라고 하시더라고요ㅠ일단 경찰서가서 조사는 다 받았어요ㅠ
그리고 그런분들한테 얼마전 인스타 계정 해킹도 당해서ㅠ계정 삭제해버렸어요ㅠ
​
그래서 사기당한돈ㅜ대출금이라도 벌려고 타이핑하는 부.업.도 알아봤지만  초기비용만 날렸네요ㅠ
​
그래서 알아보던중 시작한 재.택.알.바.가 있는데요.
​
물론 이런 글이 도움이 되실지는 모르겠지만
제가 겪은 일이니 진솔하게 말씀드릴게요.
​
빨간펜으로 유명한 교원에서 시작한 플랫폼이라서 사기에 대해 걱정이 없더라구요. 교원 회장님 이름을 걸고 시작한 사업이거든요.
​
시간은 하루 1~2시간만  하시면되고 폰으로도 가능합니다.
​
업무는 온라인마케팅 업무라서 편한시간에 일하실수 있다는 장점이 있어요.
​
온라인마케팅교육을 같이하니 방법과 노하우도 다 알려주더라고요.
​
물론 실적에 따라 수익이 달라지구요
시간이 지날수록 커지는 수익구조를 가지고 있어요.
​
인세소득으로 시간이 지난뒤 시간적,경제적 자유를 누린다는 장점까지 있어  제가 혹했어요
​
실제로
저는 받는주급으로 사기당한돈  갚아나가고 있어요ㅠ
​
처음엔 막막했지만ㅠ 하나하나 해결하는 중이에요ㅠ
​
제가하는 일에 대해 궁금하시다면 아래 링크를 눌러주세요.
설문조사 확인후 상담해드립니다
​
​
[대기업 플랫폼 비지니스 설문조사]
naver.me
​
​
​
​
​
​
​
​
​
리치패밀리는?
합법적인 네트워크  사업을 하는 팀이며 , 수익을 보장하지 않습니다.
본 글의 목적은?
함께 네트워크  마케팅 판매원  활동을 할 비지니스 파트너 모집이 주 목적입니다.
2021.06.28.
UP
1
DOWN
댓글
4
메뉴 더보기
신고
---
1번째 답변
집에서 4억연봉 희야
초인
#13년경력최고수익마케터 #온라인광고마케팅 #온라인광고컨설팅
아르바이트 5위, 구인구직사이트 4위, 직업, 취업 23위 분야에서 활동
본인 입력 포함 정보
상세 안내 툴팁 보기
지식iN 서비스 질문 답변 페이지 및 프로필의 답변자 정보에 노출되는 답변자의 회사, 학교, 자격 등의 정보는 본인이 지식iN 프로필 수정을 통해 직접 입력한 정보입니다.
네이버는 사용자가 등록한 정보 및 게시물을 제공하는 정보매개 서비스 제공자로서 해당 정보의 정확성, 신뢰성 및 최신성에 대해 보증하지 않습니다.
닫기
위 내용 만으로  정확한 내용을 알수는 없지만
​
카지노..나..배팅으로 수익 몇배 불려 주겠다
​
소스 정보 주겠다 등 다 사기라고 보면 되시구
​
불법이에요..
​
경찰서에 신고 하시길 바래요
2021.06.28.
채택
질문자가 채택한 답변입니다.
UP
DOWN
댓글
메뉴 더보기
신고
---
4번째 답변
easy****
시민
본인 입력 포함 정보
상세 안내 툴팁 보기
지식iN 서비스 질문 답변 페이지 및 프로필의 답변자 정보에 노출되는 답변자의 회사, 학교, 자격 등의 정보는 본인이 지식iN 프로필 수정을 통해 직접 입력한 정보입니다.
네이버는 사용자가 등록한 정보 및 게시물을 제공하는 정보매개 서비스 제공자로서 해당 정보의 정확성, 신뢰성 및 최신성에 대해 보증하지 않습니다.
닫기
안녕하세요~ 질문자님.
​
인스타에서 부업해서 성공하신 분들은 극히 드물거예요~
저도 조금 알아봤는데요
좋아요 누르고 얼마를 벌겠어요~
힘든일이라 봅니다..
​
월 50이라도 꾸준히 벌고 싶으시다면
​
'소비'가 '소득'이 되는 똑똑한 소비패턴 알려드려요!
지금 현재의 수입에서.. 월 500만원 더 벌수 있다고 하면..!
너무 설레지 않나요ㅠㅠ?
생각만해도 심장이 쿵닥쿵닥~ㅎㅎ
제가 지금 막 시작한 부업인데 소득이 꽤 높아서 한번 추천드려봐요!
제 윗분은 2021년 1월 1일부터 시작해서.. 믿을 수 없게도 벌써 월 200만원 번다고 하시더라구요.
전 월 500벌면 이사가고 싶어요 ㅋ
​
제가 알려드릴 부업은
대기업 총수가 자기이름 직접 걸고 시작한 플랫폼 비즈니스 사업으로
미래가치가 상당해요~
​
대기업 삼성전자와 빨간펜 교원이 손잡고 새로운 플랫폼 사업을 구축했어요
​
교원 장평순 회장님이 직접 추진한 사업으로망설일 이유가 없는 거죠~
​
지금 내가 망설이는 순간에도 다른 누군가는 이 일을 선택하고
성공의 길로 향하고 있는데
혼자만 제자리라는 건
있을 수 없는 일이예요~
​
이 기회에 제대로 한번 알아보시고
꾸준히 월50씩 늘려서 가는
부업 시작해보세요~~^^
​
제가 이 부업을 시작하기까지
많은 정보를 입수하고
판단하여 현재 하고 있는
이유가 궁금하지 않으신가요?
​
도대체  어떤 부업이길래~
​
질문자님도  정확한 정보를 알아보시고
선택하시면 됩니다.
​
장담컨데
지금의 선택과 2년후의 선택은
어마무시 할 겁니다.
​
아래 설문지 작성하시면
원하는 시간대에 부담없이
카톡상담 진행해드려요~
[대기업 플랫폼 비지니스 설문조사]
naver.me
2021.06.28.
UP
DOWN
댓글
메뉴 더보기
신고
---
5번째 답변
비공개 답변
초인
초기비용없는 재택부업부터 시작해보시기 바랍니다.
​
부업을 시작하시는 분들에게는 선택을 폭이 넓은듯 넓지않은 일인듯합니다
​
재택부업을 홍보하는 업체들이 우후죽순처럼 생겨나면서 피해를 보는 사례들도 많고
​
결정하기가 참어렵더군요.
​
​
​
그래서 저같은 경우는
​
첫째, 시작하는단계에서 초기비용이 있는곳은 패스..
​
둘째, 고수익이라고 갭쳐본을 올려놓고 홍보하는곳도 패스..(멘토운운하는곳은 다단계라고보시면 됩니다)
​
셋째, 시간투자가 자유로운곳..
​
넷째, 작업성이 쉬워 꾸준히 할수있는곳
​
으로 찾기 시작했습니다.
​
​
​
일단 초기비용이 없는곳을 찾은이유는 초기비용이 있는곳이 전부 사기성이 있는곳은 아니지만
​
제가 보기에는 ",6320,False,부업 성공,https://kin.naver.com/qna/detail.naver?d1id=6&dirId=602060402&docId=393398657&qb=67aA7JeFIOyEseqztQ==&enc=utf8,0,,,,2,kin,6,인스타 부업으로 돈 버신 분 있나요?
0,,,,기타,... 김수련CT만의 부업 성공신화∇∇∇∇∇∇ 대출에 허덕이신분들도 한달이면 회생가능하십니다. 직접 눈으로확인하세요. 단돈 만원으로 ▶60만원 만들기 투자없이 참여만하고 가셔도 OK ☆ 소액으로 쉽게 ☆ 부업이 본업이되는 기적!...,7,"1번째 답변
dldn****
초수
본인 입력 포함 정보
상세 안내 툴팁 보기
지식iN 서비스 질문 답변 페이지 및 프로필의 답변자 정보에 노출되는 답변자의 회사, 학교, 자격 등의 정보는 본인이 지식iN 프로필 수정을 통해 직접 입력한 정보입니다.
네이버는 사용자가 등록한 정보 및 게시물을 제공하는 정보매개 서비스 제공자로서 해당 정보의 정확성, 신뢰성 및 최신성에 대해 보증하지 않습니다.
닫기
요즘 직장 다니시면서 퇴근하고 남은시간을 쪼개서 부업하고 싶으신 분 많죠?
직장 다니면서 나오는 월급 외에 월 최소 30만원에서 많게는 3백만원, 천만원, 수천까지도 나올 수 있는 부업이 있는데요
물론 공짜로 돈 주는건 이 세상에 없습니다 ^^.
​
본인이 조금 시간을 투자하셔야 하는건 사실
입니다. 하지만 요즘은 시간을 투자해도 돈 안나오는곳 많죠?
블로그 광고 포스팅
해보셨나요? 건당 1000~1500원 준다고 하지만 그런곳 대부분 물량이 많이 없습니다.
​
용돈벌이로 한두건, 두세건 처리한다고 6000원 정도 모이면 그돈으로 할 수 있는게 있나요?
제가 알려드릴 회사에서는
매월 300건 정도는 기본으로 물량
이 나옵니다.
단가 1500으로 잡고 300건 때려도
최소 매월 45만원
은 들어오는거네요
​
하루 집에서 남는시간
2시간 투자해서 최소 45만원
나오면 아주 괜찮은 부업 아닌가요 ㅎ 시간 제약도 없고 나쁜일도 아닙니다.
조금이라도 젊을때 돈 벌어서 경제적 자유 누리셔야죠
저도 시작한지 3개월 정도 되었는데
첫달 70만원
,
두번째달 170만원 이번달 210만원
가까이 벌었네요.
홈페이지 들어오셔서 조금만 읽어보시면 제 말이 거짓말이 아니라는걸 알게 되실겁니다.
​
모든 부업에 초기 보증금은 있습니다 ^^
. 제가 소개해드리는 홈페이지에도 보증금 솔루션 별로 4개 정도로 나뉘어 져서
최대 99만원짜리까지 본인이 선택 할 수 있으세요 ^^
​
이때 낸 보증금은 블로그포스팅이나, 다른 수익성 업무로 수익을 내실때 마다 퍼센트로 다 환급 받게 되는것이구요
무조건 돌려 받는 돈이니, 걱정안하셔도 됩니다.
​
돈 벌고 싶으면 오세요.
2시간정도 시간투자하시면 그래도 짭짤한 수입정도는 나올겁니다.
너무 쉽게 돈 벌려고 하시면 아무것도 못합니다.
그나마 쉬운게 블로그 포스팅입니다. 한 건당 작성하는데 10~20분 밖에 안걸립니다.
​
그것도 귀찮아서 못하신다면 지금 다니시는 직장보다 돈 더많이 주는곳으로 옮기시는게 가장 현명 하실듯 하네요 ㅎㅎ
​
하루 2시간 정도 시간 투자 조금하셔서 ! 적게는 45만원 많게는 수백 수천까지 벌수 있는 부업 !
하고 싶으신분 아래 사이트로 들어오시면 됩니다 ^^. 회원가입해도 돈 나가는것 없으니까 천천히 읽어보시고 선택하세요
​
아래 배너 클릭하시면 이동됩니다 ^^.
부자됩시다. 자산이 어느정도 모이기전까지는 악착같이 벌어야 합니다.
​
2019.05.16.
UP
DOWN
댓글
메뉴 더보기
포인트 선물
신고",1439,False,부업 성공,https://kin.naver.com/qna/detail.naver?d1id=11&dirId=110701&docId=326383742&qb=67aA7JeFIOyEseqztQ==&enc=utf8,0,,,,4,kin,3,재테크 성공신화 부자가 되는법 지금 공개합니다♥
0,,,,기타,... 그렇게 해가지고 부업으로 언제 성공할까요? 그러다가 어느날 제가 아는 지인한테 부업에 대한 전문가가 있다고 들었어요. 바로 러브샵인데요 제 머릿속으로 빛이 반짝 하더라구요 그런데 그거에 대해서 아예 몰라서 지인이 친구를...,5,"3번째 답변
20개회사 비교대출
지존
본인 입력 포함 정보
상세 안내 툴팁 보기
지식iN 서비스 질문 답변 페이지 및 프로필의 답변자 정보에 노출되는 답변자의 회사, 학교, 자격 등의 정보는 본인이 지식iN 프로필 수정을 통해 직접 입력한 정보입니다.
네이버는 사용자가 등록한 정보 및 게시물을 제공하는 정보매개 서비스 제공자로서 해당 정보의 정확성, 신뢰성 및 최신성에 대해 보증하지 않습니다.
닫기
안녕하세요.
질문하신 내용에 대해 답변 드리겠습니다. ^^
일을 알아 보실때 회사의 인지도나 신뢰성 안전성을 꼭 따져 보셔야 합니다.
8년째 재택 부분에서 1위를 하고 있는 회사가 있습니다.
초기비용이나 투자비용의 부담이 없으며 초보자분들도 쉽게 일을 배우실
수 있습니다.
시간이나 장소의 제약 없이 원하는 시간에 원하는 장소에서 일을 하시면 됩니다.
궁금하신 사항이 있으시면 언제든지 문의 주세요. ^^.
오늘도 좋은 하루 되세요^^
2011.07.26.
출처
직접작성함^^
UP
3
DOWN
댓글
메뉴 더보기
포인트 선물
신고
---
10번째 답변
zend****
시민
본인 입력 포함 정보
상세 안내 툴팁 보기
지식iN 서비스 질문 답변 페이지 및 프로필의 답변자 정보에 노출되는 답변자의 회사, 학교, 자격 등의 정보는 본인이 지식iN 프로필 수정을 통해 직접 입력한 정보입니다.
네이버는 사용자가 등록한 정보 및 게시물을 제공하는 정보매개 서비스 제공자로서 해당 정보의 정확성, 신뢰성 및 최신성에 대해 보증하지 않습니다.
닫기
정말 고민이 많아요 부업을 할생각인데..
마땅히 할게 떠오르지 않습니다..
이렇게 주저앉을수는 없어서 부업 정보좀 알아보는데
도움좀 받아보고 싶어요.. 어렵지않은 부업찾는데요...
망하지 않을수 있는 그런거요 손해도 크지않을거였으면 합니다
좋은 부업 알려주세요
답변드리겠습니다.
부업은 누구나 다 해서 문을 여는 그런건 아닌거 같아요.
우물안의 개구리 생각을 가지고 계신다면 절대 성공할수 없습니다.
아이템만 좋으면 뭐합니까? 여기저기 사람들이 다 들쑤셔놓으면 끝인데요
그래서 저는 부업을 해서 어느정도 성공한편이라서 이렇게 답변드립니다.
글쓴이님의 마음을 알기 때문에 이렇게 도와드릴려구요~
전 음식을 아예 할줄 모르는데요 부업이 음식집 밖에 없는거에요.
제가 직장생활하면서 돈만 모아봤지 다른쪽은 잘몰랐어요.
그래서 획기적인 부업을 찾다가 시간을 많이 허비했었지요.
부업으로 음식집을 하면 레시피가 다 있고 음식도 갖다준데요.
하지만 본사에서 나오는 물품만 가지고 써야하기 때문에요
가져가는돈이 얼마 없다고 합니다.
그렇게 해가지고 부업으로 언제 성공할까요?
그러다가 어느날 제가 아는 지인한테 부업에 대한 전문가가 있다고 들었어요.
바로 러브샵인데요 제 머릿속으로 빛이 반짝 하더라구요
그런데 그거에 대해서 아예 몰라서 지인이 친구를 소개 시켜줬어요
그분이 부업할때 전문적으로 샵에 관한걸 거의 같이 해주더라구요
창업부터 물품 도매까지 자세하게 알려주더라구요
전 그때 얘기를 나눠보고 이거다 싶어서 바로 시작했습니다.
결론은 회원 늘어나는 재미로 살고 있구요
부업으로 최고같네요. 제가 말한 아이템에 대해서 얘기해보세요
그분이 운영하는곳 알려드릴테니까 연락취해서 의논해보시면괜찮을거에요
제 아래쪽
네임카드
확인해보세요
2011.07.26.
채택
질문자가 채택한 답변입니다.
UP
2
DOWN
댓글
1
메뉴 더보기
포인트 선물
신고
---
5번째 답변
탈퇴한 사용자 답변
부업 여러가지 많아요.
뭐 손해라고하면 포기하시고 그만두셨을 경우 핸드폰 할부금 본인이 내셔야 하는 부분이겠죠
그 외에는 더 투자하는 부분없구요.
주부님들이 더 잘하시고 직장인분들이 더 잘하시는분들 많습니다.
열심히만 하신다면 망할일없는 재택부업이에요.
자세히 알아보시고 결정하세요^^
2011.07.26.
UP
2
DOWN
댓글
메뉴 더보기
포인트 선물
신고
---
11번째 답변
puli****
초수
본인 입력 포함 정보
상세 안내 툴팁 보기
지식iN 서비스 질문 답변 페이지 및 프로필의 답변자 정보에 노출되는 답변자의 회사, 학교, 자격 등의 정보는 본인이 지식iN 프로필 수정을 통해 직접 입력한 정보입니다.
네이버는 사용자가 등록한 정보 및 게시물을 제공하는 정보매개 서비스 제공자로서 해당 정보의 정확성, 신뢰성 및 최신성에 대해 보증하지 않습니다.
닫기
제가 하는 부업 추천해 드립니다.
제가 부업을 선택할 때..
사실 선택할 부업이 많지는 않죠..
우선, 일거리가 계속 있어야 한다.
두번째, 돈을 떼이지 말아야 한다. 입니다.
지금 하고 있는 알바가 그것인데
블로그 포스팅해주는 알바입니다.
포스팅 건별로 게재료 받고요,
건당 계산이라 다른 알바보다는 낫습니다.
관심있으시면,
제 네임카드 클릭해 주시고요,
무엇보다
제 시간날 때 많이 할수 있어서 좋아요.
추천해드립니다.
2011.07.26.
UP
1
DOWN
댓글
메뉴 더보기
포인트 선물
신고
---
4번째 답변
sr****
중수
본인 입력 포함 정보
상세 안내 툴팁 보기
지식iN 서비스 질문 답변 페이지 및 프로필의 답변자 정보에 노출되는 답변자의 회사, 학교, 자격 등의 정보는 본인이 지식iN 프로필 수정을 통해 직접 입력한 정보입니다.
네이버는 사용자가 등록한 정보 및 게시물을 제공하는 정보매개 서비스 제공자로서 해당 정보의 정확성, 신뢰성 및 최신성에 대해 보증하지 않습니다.
닫기
도움될까 몇자남깁니다^^
8년간 재택업계1위를 고수하는 안전한 회사입니다..
단 일을 하시는 모든분들이 고수익을 벌고게시는건
아니니 참고하세요~~
얼마나 집중해서 열심히 했느냐에 따라
벌이는 천차만별입니다 ㅎㅎ
컴퓨터기본업무가 가능하시다면
일배우시고 하시는데 전혀 문제가 없답니다~~
원하시는 조건에 최대한 맞을거라고 생각이 드네요^^
관심있으시다면 잘알아보시고 결정하시길 바랍니다!!
궁금한점은 네임카드 관련주소 살펴보시면 도움되실거에요 ~~
2011.07.26.
UP
DOWN
댓글
메뉴 더보기
포인트 선물
신고",2910,False,부업 성공,https://kin.naver.com/qna/detail.naver?d1id=4&dirId=40611&docId=134277189&qb=67aA7JeFIOyEseqztQ==&enc=utf8,0,,,,2,kin,3,①부업 ②비전있는거
0,,,,기타,... '나라고 부업으로 성공하지 말란 법은 없지!' 라는 생각으로 소소하게 '정말 한달에 30만원만 벌어보자' 하고 시작한 일이 지금은 너무나 익숙하게 하루하루 쌓이는 수익들을 보면서 뿌듯하고 조금 더 빨리 시작할 걸 하는 생각도...,7,"2번째 답변
주부부업 대통령
고수
#30대주부 #주부부업 #N잡러
본인 입력 포함 정보
상세 안내 툴팁 보기
지식iN 서비스 질문 답변 페이지 및 프로필의 답변자 정보에 노출되는 답변자의 회사, 학교, 자격 등의 정보는 본인이 지식iN 프로필 수정을 통해 직접 입력한 정보입니다.
네이버는 사용자가 등록한 정보 및 게시물을 제공하는 정보매개 서비스 제공자로서 해당 정보의 정확성, 신뢰성 및 최신성에 대해 보증하지 않습니다.
닫기
안녕하세요! n잡러로 임산부입니다^^
​
초.기.비.용 저렴한 재.택.부.업 알려드릴게요!
저는 물론 비.용을 내고 했지만!
큰 금액 없이도 매일매일 돈은 벌 수 있으세요.
그래서 지금 상황에 맞는 유형을 추천 받으셔서 진행하시면 될 것 같아요.
​
비용이 들어가도 부업을 시작하려고 하시는 그 마음!
잊지 마시고 잘 쫓아 오시면 됩니다!^^
​
제가 재.택.부.업을 시작하고 제일 처음부터 한 건.
블.로.그.최.적.화
이게 가장 힘들지만 해놓으면 도움이 많이 되기 때문에,
지금 시작하시는 분들에게도 이 부분을 가장 많이 알려드리고 도와드리고 있어요!
​
오프라인으로 하는 사업도, 온라인으로 하는 사업도,
다 블.로.그.마.케.팅을 통해야만 답이 나오는건 꼭 알고 시작하시길 바랄게요!^^
​
저도 처음에는 이게 되는 건가 의심도 많이 되었던건 사실이에요.
'나라고 부업으로 성공하지 말란 법은 없지!' 라는 생각으로
소소하게 '정말 한달에 30만원만 벌어보자' 하고 시작한 일이
지금은 너무나 익숙하게 하루하루 쌓이는 수익들을 보면서 뿌듯하고
조금 더 빨리 시작할 걸 하는 생각도 드네요.
​
​
제가 지금 소속된 재택부업은 19년동안 재.택.부.업 회사를 운영하며
tv방영으로 회사의 진가를 인정받았고,
믿기지 않으시겠지만
블로그 글쓰기만으로 8천만원을 번 회원부터
단 한달 동안 6천만원의 수익을 내신 분들까지,
꾸준히만 해주신다면 일반 직장 월급은 그냥 벌 수 있는 구조로,
재.택.업.무로 성공할 수 있다는 확신을 심어준 회사입니다.
​
​✅직장인분들에게 투.잡으로 하시기에 너무 좋은 회사
​
​✅독박육아를 할 수 밖에 없는 주부 분들에게 빈 시간 일하기 너무 좋은 회사
​
​✅임신으로 인해 어쩔 수 없이 집에 있어야 하는 임산부들이 일하기 좋은 회사
​
너무 많은 사.기.부.업 들이 넘쳐나는 지금.
점점 N잡러들이 많아지고 디지털노마드의 시대가 오고 있습니다.
​
​어떤 방법으로 시작을 해야 할지 블로그를 만든적 조차도 없는데 뭘 어떻게 배워야할지
고민이 되신다면 조금이라도 빨리 시작하셔서 업무 익히시는게 답입니다.
​
저는 하나부터 다 알려주는 멘토로 재.택.부.업/주.부.부.업을 시작하면서
​많은 시행착오들을 겪고 탄탄한 기초를 만들어서 이제 부업시작하시는 분들께
앞으로 수익을 어떻게 내야하는지 정확하게 알려드리고 있어요.
​
​블로그에는 회사에서 하는 일과 제가 일을 하면서 솔직하게 느낀점들을 자세히 적어두었어요^^
​
​
▽▽▽▽▽▽부.업의 모든것 블로그 보러가기▽▽▽▽▽▽
집에서 돈버는 엄마ෆ : 네이버 블로그
★彡임산부 엄마의 마케팅ෆ 드림투유 멘토 ❣ 솔직하고 확실한 교육 ❣ 실패와 좌절 끝에 얻은 성과 ❣ 컴맹 엄마로 시작해서 매일 돈벌 수 있었던 방법 ✦
blog.naver.com
​
▽▽▽▽▽▽오픈카톡 문의하기▽▽▽▽▽▽
집에서 일하는 엄마 양토끼두마리맘★님의 오픈프로필
첫달부터 탄탄하게 수익내는 법을 더빠르게 더쉽게♥︎
open.kakao.com
​
▽▽▽▽▽▽홈페이지 바로가기▽▽▽▽▽▽
​
드림투유
온라인 재택알바,부업,광고마케팅 기업. 출퇴근없이 집에서 돈버는 재택알바 드림투유
www.dmtu.kr
​
#재택부업
새 창
#초기비용저렴한부업
새 창
#주부부업
새 창
#주부재택부업
새 창
#부업추천
새 창
#블로그부업
새 창
#n잡러
새 창
2023.02.01.
채택
질문자가 채택한 답변입니다.
UP
1
DOWN
댓글
메뉴 더보기
포인트 선물
신고
---
5번째 답변
탈퇴한 사용자 답변
​
​
안녕하세요. : )
​
​
총 네가지 유형이 있어서 가장 낮은 유형을 선택하시면
초기비용 적게 들여서 하실 수 있습니다.
​
저 역시 뜻하지 않은 지출들로 인해 막막할 때
지금의 일을 시작해서 일주일에 3~4일, 하루 1~2시간,
많게는 3~4시간 일하면서 지금까지 안정적으로
꾸준하게 벌고 있는 일입니다.
​
​
별다른 능력이나 자격, 경력 없이도 가능하며
시간이나 장소 제약이 없어서 언제 어디서든
자유롭게 일하실 수 있습니다.
​
​
이로 인해 남녀노소 다양한 분들이 일을 하고 계시며
일하시는 만큼 고정적인 수익을 벌어가고 계십니다.
​
​
동종 재택 업계  가장  오래된  곳이기도  하고
1위의 회사로 탄탄함과 신뢰성은 입증된 곳이며
일감 수는 끊이지 않게 있어서 일하고 싶은 만큼
일하면서 평생 벌어갈 수 있습니다.
​
​
남녀노소 누구나 충분히 할 수 있는 일이니
크게 걱정하지 않으셔도 됩니다.
​
​
자세한 내용 궁금하시면 홈페이지 확인해 보시고
자세히 알아보면서 비교해 보고 선택하세요.
​
​
▼▼▼▼▼
​
헬로우드림
출/퇴근 없이 집에서 돈버는 재택알바
hello-dm.kr
​
​
그럼 즐겁고 행복한 하루 보내시기 바랍니다. :)
​
​
​
​
​
​
​
​
​
​
​
​
2023.02.01.
UP
DOWN
댓글
메뉴 더보기
신고
---
7번째 답변
비공개 답변
영웅
가장 낮은 등급 44만원으로
부지런히 글만 쓰신다면
월 50만원 이상도 가능해요
링크 남겨 드릴테니 참고해보세요
​
>> 블로그포스팅 신청하기
2023.02.01.
UP
DOWN
댓글
메뉴 더보기
신고
---
9번째 답변
월천가자
영웅
본인 입력 포함 정보
상세 안내 툴팁 보기
지식iN 서비스 질문 답변 페이지 및 프로필의 답변자 정보에 노출되는 답변자의 회사, 학교, 자격 등의 정보는 본인이 지식iN 프로필 수정을 통해 직접 입력한 정보입니다.
네이버는 사용자가 등록한 정보 및 게시물을 제공하는 정보매개 서비스 제공자로서 해당 정보의 정확성, 신뢰성 및 최신성에 대해 보증하지 않습니다.
닫기
초기비용 저렴한 부업 알아보시는군요?
​
전 집에서 온라인 재택부업 하고 ",4939,False,부업 성공,https://kin.naver.com/qna/detail.naver?d1id=4&dirId=40611&docId=438373851&qb=67aA7JeFIOyEseqztQ==&enc=utf8,0,,,,4,kin,3,부업 시작하려고 하는데요
0,,,,기타,... 부업으로 성공한 사람보다는 인터넷알바로 성공한 사람이 더많기 때문이져 하루에1~2시간만 투자하시면 한달에30~50만원 버실수있습니다. 물론저두 그렇게 벌구있구여^^ 꾸준히 하시면 더 많은 수익을 낼수있겠져?ㅎ 그리고 나이제한...,10,"2번째 답변
20개회사 비교대출
지존
본인 입력 포함 정보
상세 안내 툴팁 보기
지식iN 서비스 질문 답변 페이지 및 프로필의 답변자 정보에 노출되는 답변자의 회사, 학교, 자격 등의 정보는 본인이 지식iN 프로필 수정을 통해 직접 입력한 정보입니다.
네이버는 사용자가 등록한 정보 및 게시물을 제공하는 정보매개 서비스 제공자로서 해당 정보의 정확성, 신뢰성 및 최신성에 대해 보증하지 않습니다.
닫기
안녕하세요.
질문하신 내용에 대해 답변 드리겠습니다. ^^
8년 동안 재택 업계에서 1위를 하고 있는 회사는 어떠신지요?
초기비용 이나 투자비용의 부담이 없으며 원하는 시간에 원하는
장소에서 일을 하실 수 있습니다.
초보자도 쉽게 배우실 수 있으며 누구나 금방 적응을 하실 수 있습니다.
인터넷 검색 정도만 하실 수 있으면 누구나 하실 수 있습니다.
일을 시작 하실때 회사의 인지도나 안정성을 꼭 따져 보셔야 합니다.
궁금하신 사항이 있으시면 언제든지 문의 주세요. ^^
답변이 도움이 되셨으면 하네요.
오늘도 좋은 하루 되세요^^
2011.08.01.
UP
2
DOWN
댓글
메뉴 더보기
포인트 선물
신고
---
3번째 답변
ezup****
중수
본인 입력 포함 정보
상세 안내 툴팁 보기
지식iN 서비스 질문 답변 페이지 및 프로필의 답변자 정보에 노출되는 답변자의 회사, 학교, 자격 등의 정보는 본인이 지식iN 프로필 수정을 통해 직접 입력한 정보입니다.
네이버는 사용자가 등록한 정보 및 게시물을 제공하는 정보매개 서비스 제공자로서 해당 정보의 정확성, 신뢰성 및 최신성에 대해 보증하지 않습니다.
닫기
우선 매일 꾸준히만 하시면 된답니다.
매일 같은 일을 반복하기 때문에
금방 적응하실수도 있고
많은 돈 또한 벌수 있답니다..^^
2011.08.01.
UP
2
DOWN
댓글
메뉴 더보기
포인트 선물
신고
---
4번째 답변
탈퇴한 사용자 답변
창업생각하시면... 도움안되겠지만..
무자본으로 부업하실수있는 방법은 많습니다.
인터넷부업이 한가지예인데요...
우리나라 통신사들 업무대행 해주고 유치수수료를 받는회사에요.
통신사들의 유치수수료가 적지않은 금액이구요 ...
핸드폰개통조건 →통신사에게 이익 →통신사가 댓가로 유치수수료를 회사에지급
이런 구조로 수입이 나고 월급을 드리는겁니다.
업무대행이 뭔지 궁금하실건데요.
핸드폰개통이나 인터넷유치 두가지중 한가지를 만족해주셔야 하는 조건입니다.
핸드폰개통을 하게되시면 통신사에겐 이익이니까요.
이익이되면 업무를 대행해주는 회사에게 일정의 수수료를 주겠죠.
중요한건 핸드폰 개통을 하시지만 내가 내돈 주고 사는게 아니에요.
일을 열심히 했는데도 실적이 없을수 있는데....
그땐 지원금요청을 하시면되시고 활동내역에 따라 지원금 알맞게 책정해서 준답니다.
계약대로 일만 열심히 해주실거라면
핸드폰요금 부담 안갖으셔도 됩니다.
하는일은요.
인터넷상에서 홍보입니다.
일하시는분들을 편의상 딜러라고 칭하는데요.
일을 하게되시면 회사 홈페이지 딜러전용게시판에
홍보글들이 쭉 올라와있습니다.
그 글들중 마음에 드는 글을 한가지 택하셔서 딜러님의
전화번호,이메일 등으로 바꿔서
기입 후 자유게시판,구인구직사이트 등에 홍보글을
올리시면 끝나는 업무에요.
홍보글을 올리면 문의가 올텐데요. 문의자들을 직접
상담해주실 필요없이 이름,나이,연락처만
받아서 홈페이지 문의자접수처라는곳에 올려주시면
상담과 실적은 회사에서 만들어 드리는겁니다.
상담을 통해 문의자가 일을 시작하면 실적 1건으로 인정 되는일이구요
1건 21만원 (첫달은 28만원 적용)이 되는겁니다.
홍보글은 나와같은 홍보사원을 모집하는 글이되겠죠.
2011.08.01.
UP
1
DOWN
댓글
메뉴 더보기
포인트 선물
신고
---
10번째 답변
탈퇴한 사용자 답변
하긴 요즘 재택이다 부업이 워낙 대세이니까요^^*
우선 부업을 하시려면 시뢰도가 있는 회사를 선택하시는게 제일 우선인것 같아요
돈을 정확히 제때 받는게 제일 중요하니까요~
온라인 홍보는 매일 꾸준히 끈기있게만 해 주시면 꼭 성공하는 큰 장점이 있는
부업이랍니다~
더위 건강 조심하시고 시원한 여름되세요^^*
2011.08.01.
UP
1
DOWN
댓글
메뉴 더보기
포인트 선물
신고
---
11번째 답변
kgge****
시민
본인 입력 포함 정보
상세 안내 툴팁 보기
지식iN 서비스 질문 답변 페이지 및 프로필의 답변자 정보에 노출되는 답변자의 회사, 학교, 자격 등의 정보는 본인이 지식iN 프로필 수정을 통해 직접 입력한 정보입니다.
네이버는 사용자가 등록한 정보 및 게시물을 제공하는 정보매개 서비스 제공자로서 해당 정보의 정확성, 신뢰성 및 최신성에 대해 보증하지 않습니다.
닫기
기존에 일을하면서 부업으로 돈좀 벌고싶은데요..
제가 부업은 해본적이 없고 ..대충알아보니까 부업하려면
어떤걸 시작하느냐에 따라 성공하고 실패하고 한다고 하더라구요.
그만큼 부업을 하는사람은 많고 경쟁 업체가 많으면 힘들수도 있다는데..
남들과 다른 새로운 사업구상을 생각중인데.. 괜찮은거 없을까요?
보기 드믄 부업을 소개해주세요.
============================
=============================
괜찮은 부업을 하고 있는 제가 조언 해드릴게요
저도 예전에 보험회사에서만 일을 해본 여성입니다.
잘나가던 시절은 판매왕이라던지 이것저것 많은것을 해봤죠
그런데 나이가 들어가면서 부업을 해야 겠다는 생각이 들더라구요
보험회사를 다니면서 추가적으로 뭘해봐야 겠다는 생각이 들었습니다
부업은 아예 다른쪽으로 생각을 해보게 되더라구요
일단 음식점은 피하고 싶었습니다.
손님관리라던지 체계적이지 못하다면 돈벌이도 되지않고 후회 할거 같더라구요
그래서 부업은 제가 굳이 손을 뻗지 않아도 간단한 관리로도 될수 있는걸 찾아봤어요
그렇게 해서 생각해 놓은게 성인들 만이 사용할수 있는걸 생각했습니다.
여자다 보니 그런걸 어떻게 하지? 이렇게 생각하시는분들 많은데요
부업을 이런걸로 하다보니 배송이라던지 싸이트 관리 하는분등 인원구성만 괜찮으면야
충분히 쉬워요 문제는 도매쪽인데 지인을 통해서 괜찮은분 소개를 받았어요
사실 말하자면 부업을 생각만 해봤지 실행을 옮기지 못했거든요
",3433,False,부업 성공,https://kin.naver.com/qna/detail.naver?d1id=4&dirId=40611&docId=134616178&qb=67aA7JeFIOyEseqztQ==&enc=utf8,2,,,,6,kin,6,{부업}질문 {부업}으로 부자되려구요.
0,,,,기타,... 재택부업 성공할수 있는 방법 황금상 제자가 되는것입니다 황금비법 원 포인트 노하우 전수로 한달만에 꿈의 목표 월100만 황금비법은 황금상 제자들만 배울수 있습니다 1년동안 월50만원도 못벌던분도 재 가입 2번이나 재 가입...,10,"2번째 답변
내껀내꺼
중수
30대 여성
#네트워크마케팅 #n잡러
본인 입력 포함 정보
상세 안내 툴팁 보기
지식iN 서비스 질문 답변 페이지 및 프로필의 답변자 정보에 노출되는 답변자의 회사, 학교, 자격 등의 정보는 본인이 지식iN 프로필 수정을 통해 직접 입력한 정보입니다.
네이버는 사용자가 등록한 정보 및 게시물을 제공하는 정보매개 서비스 제공자로서 해당 정보의 정확성, 신뢰성 및 최신성에 대해 보증하지 않습니다.
닫기
시간장소 구분없이 어디서든할수있는
부업소개시켜드릴께요~~
저도 일하고 육아하면서 틈틈히하고있습니당
​
FC와 함께라면 재태크,어렵지않아요!
휴대폰으로 언제,
어디서든집에서도 OK!
출퇴근길에도 OK!
시간날 때 틈틈히FC와 함께 시작해보세요!
체계적인 3주강의
1:1멘토시스템단계별 회원관리하는 시스템!
10년넘게 업계1위를 지키고있는 애터미의
온라인팀!
제대로 된 시스템에서 같이 성공해보실분~!!
​
지금 바로 프로필 링크를 클릭해 체험해보세요
​
http://www.fcsmartsystem.com/863798/main.do
FCSMART SYSTEM
돈은없는데... 뭘 해야할지 막막 하신분 클릭해보세요!
www.fcsmartsystem.com
​
2022.05.29.
채택
질문자가 채택한 답변입니다.
UP
DOWN
댓글
메뉴 더보기
포인트 선물
신고
---
3번째 답변
부업12년째 왕짱멘토
초인
여성
#부업성공멘토 #12년차온라인마케터
아르바이트 3위, 구인구직사이트 3위, 직업, 취업 22위 분야에서 활동
본인 입력 포함 정보
상세 안내 툴팁 보기
지식iN 서비스 질문 답변 페이지 및 프로필의 답변자 정보에 노출되는 답변자의 회사, 학교, 자격 등의 정보는 본인이 지식iN 프로필 수정을 통해 직접 입력한 정보입니다.
네이버는 사용자가 등록한 정보 및 게시물을 제공하는 정보매개 서비스 제공자로서 해당 정보의 정확성, 신뢰성 및 최신성에 대해 보증하지 않습니다.
닫기
​
네 워낙 부.업 종류가 무분별하게 많이 생기고 있다보니.안전한 업.체선택이 가장중요합니다.
저는 프리로 8년째 하고 있는데요^^
용돈벌이로 시작한일이었는데
직장도 관두고 본업으로 전향하게 됐어요 ~
​
워낙 위험하고 없어지는 곳이 한둘이 아니라
선택에 신중하셔야해요
당사는 업.계 1.위 안전성 입증된 온.라.인.광.고 대행사이며 수상내역, 매체에 소개된 자료들
홈.페이지에서 확인가능합니다.
​
경력 학력 등 스펙없어도
주부, 직장인, 대학생 누구나 할수있고
컴맹도 가능한 간단한 타.이.핑업무로
한번 배워두면 평생 든든한 수.익.원이 됩니다
​
자세한 내용 궁금하시면
닉넴 클릭후 상세요강 확인해보세요~
​
​
​
2022.05.29.
UP
DOWN
댓글
메뉴 더보기
포인트 선물
신고
---
4번째 답변
(구)-디지털노마드를 꿈꾸는 사람들 카페 답변
지식카페
달콤이
안녕하세요 질문자님~
하루 1시간 정도 폰이나 컴퓨터로
간단 홍보글 작성하는 일은 어떠 신지요?
​
혼자하는게 아니라 저도 컴맹이 폰맹인데
팀비지니스 활동으로 모르는것은 물어보면
친절히 다 알려주고 응원해주다보니 할만하더라구요.
​
저도 낯을 많이 가리는데 사람을 상대하는 일도 아니니
덜 부감스럽고 출퇴근 시간도 자유롭게
내가 내 시간에 맞게 홍보 하면 되니 너무 편해요
​
관심있면 아래 링크로 설문조사 남겨주시면
성심 성의껏 답변드릴게요^^
[대기업 플랫폼 비지니스 설문조사]
naver.me
​
2022.05.29.
UP
DOWN
댓글
메뉴 더보기
포인트 선물
신고
---
5번째 답변
코박사
태양신
#비트코인 #암호화폐
가상화폐 2위, 주식, 증권 68위 분야에서 활동
본인 입력 포함 정보
상세 안내 툴팁 보기
지식iN 서비스 질문 답변 페이지 및 프로필의 답변자 정보에 노출되는 답변자의 회사, 학교, 자격 등의 정보는 본인이 지식iN 프로필 수정을 통해 직접 입력한 정보입니다.
네이버는 사용자가 등록한 정보 및 게시물을 제공하는 정보매개 서비스 제공자로서 해당 정보의 정확성, 신뢰성 및 최신성에 대해 보증하지 않습니다.
닫기
요새 가장유망한 제2의 비트코인으로 불리우는 파이코인에대해아시나요? 현재무료채굴이가능하며 몇년뒤 얼마가될지는아무도모릅니다. 꼭채굴해놓으세요
파이코인은 무료이며 최초로 스마트폰으로 채굴하는 코인입니다
.
​
스탠포드 대학 박사들이 개발한 코인으로 21.8월 기준 전세계
2,300만명
이 채굴중이며,
메인넷
이후
상장예정
이라고 하며, 현재로서는 화폐가치는 없고, 보유만 가능합니다. 가지고만 있어도 손해보는게 전혀 없고 휴대폰으로 채굴하는 제2의 비트코인이라고 불리기 때문에 많은 사람들이 채굴중입니다.
비트코인때처럼 놓치지맙시다.
​
채굴방법​
1. 플레이스토어,Apple스토어에서 Pi Network앱을 다운
또는
http://minepi.com/pert456
로 바로 다운
​
2. 폰번호또는 페이스북으로 가입하기
​
3. 폰번호 가입시 나라는 South korea(+82) 체크하고 핸드폰번호 입력.
​
4. 비밀번호 8자리 이상 입력.(영문 대소문자, 숫자하나는 있어야 합니다)
​
5.
이름 (first name) 성(last name)입력(여권이름과 동일하게 넣으세요(영문이름) 모국어에는 한국명 성,이름 넣어주시면됩니다.향후 KYC 인증시 여권 이름과 동일해야 합니다.향후 KYC인증을무조건하셔야 채굴한코인을지급받으실수있습니다. KYC인증정말중요![여권,신분증,운전면허증]세개다가능합니다.(메인넷전에 모든인원이인증을받기가능)
​
6. username에 원하는 아이디 입력
​
7. invitation code 아이디
pert456
입력 (입력 후 채굴시 채굴속도상승)
​
Get started 클릭해주고,
메인화면번개버튼클릭해주면 채굴되기 시작하며 상단에 채굴수량 나타남.
채굴은 앱 상단에 표시되며 24시간 단위로 되며 번개표시 눌러야함. 2022년상장할 예정이며 가입자가 더 많아지면 반감기로 채굴 속도가 느려집니다.
​invitation code:pert456
입력하여 같이 계속 채굴합시다.
채굴은 채굴자의 의사에 달려 있습니다.
​
*가입후 무조건 메인화면 왼쪽상단바클릭 프로필가셔서 핸드폰인증,페이스북",3818,False,부업 성공,https://kin.naver.com/qna/detail.naver?d1id=4&dirId=40613&docId=420557080&qb=67aA7JeFIOyEseqztQ==&enc=utf8,0,,,,4,kin,6,부업거리 찾아요
0,,,,기타,... 성공 부업의 4가지 핵심 조건 확장성 시간 투입 대비 수익이 비례적으로 증가 진입 장벽 너무 높지 않은 초기 투자 비용 시장 수요 지속적인 고객 니즈 존재 본업 양립 직장 생활과 병행 가능한 시간 구조 이런 조건들을...,12,"19번째 답변
비공개 답변
시민
청소년에게 가장 추천 할 부업은 컴퓨터나 스마트폰으로 할 수 있는
인터넷 재택알바라고 볼 수 있습니다..
​
재택알바의 특징 상 인터넷만 되는 곳이면 장소나 시간에 구애 받지 않고 수익을 올릴 수 있는데
​
하루 중 남아도는 짜투리시간을 활용하여 작게는 커피값이나 교통비에서부터 많게는
일반 직장인의 월급만큼도 벌 수 있는 장점이 있습니다..
​
집에서 할 수 있는 부업 2종 셋트
​
1.
엠브레인 리서치 [바로가기]
​
- 아래 배너를 클릭하면 됨 - 2500원 기본지급
​
• 만14세이상 ~ 60세 남녀 누구나 가입가능
​
엠브레인 실제 수익금 [설문조사만으로 이 만큼 벌었음]
​
​
2
. 디비디비딥 [바로가기]- 하루 1분 투자로 매월 5천원 이상 가능!!
​
• 15세이상 남녀 누구나 가입가능
• 블로그나 sns, 카페, 홈페이지 등으로 홍보에 자신있으면 대박 수익 가능
• 출석체크만 해도 5천원
• 하루 1번 롤렛 돌리기
• 회원가입 후 이벤트 클릭하면 확인 가능 [모바일로 본다면 pc 보기 전환하면 보임]
​
디비디비딥 회원 실제 누적 수익금
​
​
​
​
저는 위 내용을 설명하면서 해당 업체로부터..
마일리지를 제공받기로 하였습니다..
​
​
https://blog.naver.com/good_cash/223793614966
청소년 집에서 할 수 있는 부업 2군데 추천 수익금 체크 꿀팁!!
청소년에게 가장 추천 할 부업은 컴퓨터나 스마트폰으로 할 수 있는 인터넷 재택알바라고 볼 수 있습니다.....
blog.naver.com
​
2025.10.02.
UP
6
DOWN
댓글
메뉴 더보기
신고
---
18번째 답변
비공개 답변
초수
해당 글은 광고를 포함합니다.
​
틱톡라이트
​
- 요즘 가장 핫한 앱테크
​
- 단순한 구조(초대&영상보기&출석체크&게임만 하면 포인트 적립)
​
- 캐시화도 직관적 (포인트가 일정량 쌓이면 현금 또는 네이버페이 바로 전환 가능)
​
틱톡 라이트 친구초대 이벤트로 현금 출금하기
지인 소개로 어플 설치 후 가입하면 5만7천원 주고, 이벤트 시작시 16만원 주고, 링크 공유하면 2만원 주고...
blog.naver.com
​
블로그 포스팅에 깔끔하게 정리되어 있습니다.
2025.09.10.
UP
5
DOWN
3
댓글
메뉴 더보기
신고
---
12번째 답변
ai내일설계자
물신
남성
교육인
#진로진학코치 #AI자격시험 #생기부코칭
영어 공부, 시험, 고등학교교육, 고등학교진학 분야에서 활동
본인 입력 포함 정보
상세 안내 툴팁 보기
지식iN 서비스 질문 답변 페이지 및 프로필의 답변자 정보에 노출되는 답변자의 회사, 학교, 자격 등의 정보는 본인이 지식iN 프로필 수정을 통해 직접 입력한 정보입니다.
네이버는 사용자가 등록한 정보 및 게시물을 제공하는 정보매개 서비스 제공자로서 해당 정보의 정확성, 신뢰성 및 최신성에 대해 보증하지 않습니다.
닫기
안녕하세요, 마케팅김이사입니다.
고1인데
리셀로 월 100만 원
수익을 내고 있다니… 정말 대단합니다.
보통 고등학생이면 ‘부업’보다는 아르바이트조차도 어려운 경우가 많은데,
이 정도면 이미
사업가 마인드
가 장착된 셈이에요.
자, 그럼 본격적으로!
하루 1~2시간 투자로 월 50만 원 부수입
을 목표로 할 수 있는,
학생 신분에도 가능한 부업 아이템
을 정리해드릴게요.
✅ 전제조건
미성년자도 가능할 것
초기 투자 없이 시작할 수 있을 것
리셀처럼 ‘재고 부담’이 없을 것
스마트폰 또는 노트북만으로 가능할 것
1. 쿠팡파트너스 or 스마트스토어 홍보
이미 리셀을 해본 경험이 있다면,
상품 소싱/시장 분석 능력
이 있다는 뜻입니다.
쿠팡파트너스
: 추천링크로 수익을 얻는 방식
→ 네이버 블로그나 인스타그램, 카페 글로 노출 가능
스마트스토어 셀러의 대리 홍보
: 제품을 블로그나 인스타에 올려주고 판매 발생 시 일정 수수료 받는 방식
→ 요즘 이거 전문적으로 하는 ‘블로그셀러’도 많아요
2. 콘텐츠 업로드 대행 (예: 블로그 글쓰기)
블로그를 운영하는 자영업자들, 쇼핑몰 운영자들 사이에서
**“글 좀 써줄 사람”**에 대한 수요는 꾸준합니다.
GPT를 활용해
콘텐츠 뼈대
를 잡고
본인이 리라이팅해서 제출하면 됩니다
카페에서 “블로그 글 대행” 키워드로 검색하면 꽤 많이 나옵니다
3. 디지털 제품 판매 (노션 템플릿 / PPT / 요약자료 등)
공부 잘하는 친구들이 만든
“요약 노트”
,
또는 학교생활/과제에 필요한
PPT 디자인
자료 등을
디지털파일로 업로드해 판매하는 겁니다.
스마트스토어 / 크몽 / 오픈마켓 가능
AI로 디자인 보완 → Canva나 미드저니도 활용 가능
마케팅김이사의 현실 조언
지금 이 시기에
돈만 보는 부업
보다
콘텐츠형 자산을 쌓는 부업
을 추천해요.
그 이유는 단 하나.
게다가 이걸 2~3년만 꾸준히 하면,
성인이 됐을 때 이미
온라인 수익 구조가 세팅돼 있는 사람
이 됩니다.
참고자료
제가
학생, 주부, 직장인 누구나 할 수 있는 부업 노하우
를
무료 전자책으로 정리해뒀어요.
시간 날 때 꼭 한 번 읽어보세요.
무료 전자책 보러가기
— 마케팅김이사 드림
#고등학생부업 #온라인부업추천 #부수입팁
2025.05.30.
채택
질문자가 채택한 답변입니다.
UP
2
DOWN
1
댓글
메뉴 더보기
포인트 선물
신고
---
14번째 답변
flfh****
시민
본인 입력 포함 정보
상세 안내 툴팁 보기
지식iN 서비스 질문 답변 페이지 및 프로필의 답변자 정보에 노출되는 답변자의 회사, 학교, 자격 등의 정보는 본인이 지식iN 프로필 수정을 통해 직접 입력한 정보입니다.
네이버는 사용자가 등록한 정보 및 게시물을 제공하는 정보매개 서비스 제공자로서 해당 정보의 정확성, 신뢰성 및 최신성에 대해 보증하지 않습니다.
닫기
부업에 관해 정리된 글 일부를 들고왔습니다!
아래 링크에 본 글 걸어둘게요
​
출처 :
https://financeinstitute.tistory.com/21
월 100만원 부업 7가지 (3개월 내 성과내는법)
이 글에서 얻을 수 있는 것 월 100만원 이상 실제 수익 가능한 부업 7가지 각 부업별 초기 투자 비용과 예상 수익 시작부터 수익",4589,False,부업 성공,https://kin.naver.com/qna/detail.naver?d1id=4&dirId=40611&docId=485621269&qb=67aA7JeFIOyEseqztQ==&enc=utf8,0,,,,6,kin,6,고등학생 부업
0,,,,기타,... 아는분이라서 신경쓴건 아니고 모든분에게 그렇게 열심히 해주신다고 합니다..처음에 부업을 시작할때는 크게 바란건 아니지만 지금은 놀랍고 신기할정도로 대단하다는 생각을 많이 했어요 남들이 정말 많이 안하는 부업이구요 성공...,5,"7번째 답변
cuni****
시민
본인 입력 포함 정보
상세 안내 툴팁 보기
지식iN 서비스 질문 답변 페이지 및 프로필의 답변자 정보에 노출되는 답변자의 회사, 학교, 자격 등의 정보는 본인이 지식iN 프로필 수정을 통해 직접 입력한 정보입니다.
네이버는 사용자가 등록한 정보 및 게시물을 제공하는 정보매개 서비스 제공자로서 해당 정보의 정확성, 신뢰성 및 최신성에 대해 보증하지 않습니다.
닫기
기존에 하는일을 하면서 부업으로 하나 시작하고싶은데
딱히 마음에 드는걸 찾질 못하고 있습니다.
자금도 많은편도 아니고 그렇다고 평범한건 싫어서요
쉽게 할수있는 부업으로 어떤게 좋을까요
한 직장에서 11년정도를 해왔지만 자식들도 곧 대학도
가야하고 돈 나갈때는 많고 지금 돈벌이로는 부족합니다
그래서 기존에 일을 하면서 따로 부업을 시작하려구요.
제 아내도 어떤일이 됬든 도와준다고 했습니다
그래도 쉽게 진행할수 있는걸로 누구나 할수있는 부업으로
괜찮은 아이템이 있다면은 하고 싶네요
나중에 좋은걸 찾아서 진행에서 그쪽이 돈벌이가 좋다면
기존일을 그만하고 그쪽으로 쭉 할마음도 있습니다
그래서 부업으로 할것이 비전있는거 였으면 합니다..
정말 미래가 보장되는걸로 알려주세요
안녕하세요. 부업을 찾으신다기에 도움드리려고 합니다
저도 직장생활하면서 현재 부업을 하고있어요
근데 지금은 기존일보다 돈벌이가 좋아서 그쪽으로
아예 열심히 해볼생각으로 있거든요.
지금도 남들은 성공했다..CEO다..이런 말씀을 해줄정도입니다
부업을 어떻게 시작하게 됬냐면요 아는분이 있는데
그분이 부업쪽으로 창업도매 관련해서 인지도가 높은분이였어요
워낙 믿음 가는분이여서 그동안 모아온 큰자금은 아니지만
시작하게 되었는데 컨설팅도 해주시고 신경 많이 써주시더라구요.
아는분이라서 신경쓴건 아니고 모든분에게 그렇게 열심히
해주신다고 합니다..처음에 부업을 시작할때는 크게 바란건 아니지만
지금은 놀랍고 신기할정도로 대단하다는 생각을 많이 했어요
남들이 정말 많이 안하는 부업이구요
성공의 비전이 보였기에 시작했는데 정말 성공할줄을 몰랐네요
지금 생각하시는 부업이 제가 시작할때와 공감이 가서
이렇게 답변드리게 되었는데.. 정말 확실한 부업이라고 생각합니다
그 부업쪽으로 전문가분이신데 좋으신분인데
상담한번 받아보시면 좋을듯합니다~~
밑으로 보시면
네임카드
보시면 이동할수 있습니다.
2011.07.26.
채택
질문자가 채택한 답변입니다.
UP
1
DOWN
댓글
1
메뉴 더보기
포인트 선물
신고
---
1번째 답변
eunw****
영웅
본인 입력 포함 정보
상세 안내 툴팁 보기
지식iN 서비스 질문 답변 페이지 및 프로필의 답변자 정보에 노출되는 답변자의 회사, 학교, 자격 등의 정보는 본인이 지식iN 프로필 수정을 통해 직접 입력한 정보입니다.
네이버는 사용자가 등록한 정보 및 게시물을 제공하는 정보매개 서비스 제공자로서 해당 정보의 정확성, 신뢰성 및 최신성에 대해 보증하지 않습니다.
닫기
제가 괜찮은 부업하나 추천해드릴게요.
우선 초기자본이 하나도 들어가지않고 올해로 8년차를 맞이했으며
공정거래위원회에 정식등록된 업체로 TV에도 수차례 방송된 업체에요..
(TV방송 및 증빙자료 제블로그에 첨부)편한시간에 편한곳에서
하루 2~3시간만 일하시면 되구요.
보통 그렇게 하시는 딜러분들은 월평균 200~300만원 벌어가세요.
저같은 경우는 평범한 가정주부로 집에서 하루평균 4시간정도 일해서
1년째 월평균 500~700만원정도 꾸준히 벌고있어요.(실제통장내역공개)
시간대비 너무 많이번다고 다단계나 사기업체라고 생각하시는 분들이 계시는데
만약 통장내역이 거짓이거나 다단계나 사기회사라면
대한민국의 한 국민으로서 강력한 처벌을 받을것입니다.
업무는 굉장히 쉬운편이구요..오로지오로지 홍보만 하시면 됩니다.
자세한 사항이나 문의사항은 밑에 네임카드(별사진)참조해주세요.
만약 네임카드가 안보일시 아이디를 클릭하시면 되요.~
24시 거짓없이 성실히 답변/상담 해드릴게요.~늘 웃는날만 가득하시구요.~~
2011.07.26.
UP
DOWN
댓글
메뉴 더보기
포인트 선물
신고
---
2번째 답변
쌩뚱맞고
초수
본인 입력 포함 정보
상세 안내 툴팁 보기
지식iN 서비스 질문 답변 페이지 및 프로필의 답변자 정보에 노출되는 답변자의 회사, 학교, 자격 등의 정보는 본인이 지식iN 프로필 수정을 통해 직접 입력한 정보입니다.
네이버는 사용자가 등록한 정보 및 게시물을 제공하는 정보매개 서비스 제공자로서 해당 정보의 정확성, 신뢰성 및 최신성에 대해 보증하지 않습니다.
닫기
안녕하세요^^
답변드리겠습니다.
저희 회사는 통신판매 업체입구요.재택알바회사입니다
하는일은 회사를 홍보하여 신규로 일하실분 모집,휴대폰 개통
을 주로 하고있습니다.
그렇다고 불법업체라고 생각 하시지는 말구요.
저희 회사는 엄연히 나라에서 인정한 회사입니다.
자세한 사항은 블로그에 기재 되어있으니 참고 하시구요.
실시간 상담도 가능 하니 언제든 물어 주시면 빠르게 답변드리겠습니다^^
2011.07.26.
UP
DOWN
댓글
메뉴 더보기
포인트 선물
신고
---
3번째 답변
blue****
시민
본인 입력 포함 정보
상세 안내 툴팁 보기
지식iN 서비스 질문 답변 페이지 및 프로필의 답변자 정보에 노출되는 답변자의 회사, 학교, 자격 등의 정보는 본인이 지식iN 프로필 수정을 통해 직접 입력한 정보입니다.
네이버는 사용자가 등록한 정보 및 게시물을 제공하는 정보매개 서비스 제공자로서 해당 정보의 정확성, 신뢰성 및 최신성에 대해 보증하지 않습니다.
닫기
안녕하세요 저도 부업을 하고있습니다
저는 직장인이구 투잡으로 본업보다 많은 수익을내요
본 알바는 재택알바 1위구요 믿음직승러운 회사이니가 걱정마시구 해보셔도좋을듯합니다
우선 블로그를 보시고 문의를 주시면 빠른 답변해드릴게요^^
네임카드 클릭&&
2011.07.26.
UP
DOWN
댓글
메뉴 더보기
포인트 선물
신고
---
4번째 답변
20개회사 비교대출
지존
본인 입력 포함 정보
상세 안내 툴팁 보기
지식iN 서비스 질문 답변 페이지 및 프로필의 답변자 정보에 노출되는 답변자의 회사, 학교, 자격 등의 정보는 본인이 지식iN 프로필 수정을 통해 직접",3426,False,부업 성공,https://kin.naver.com/qna/detail.naver?d1id=4&dirId=40611&docId=134274281&qb=67aA7JeFIOyEseqztQ==&enc=utf8,0,,,,2,kin,3,⊇부업⊆ 새로운 부업을 시작하려고 합니다.
0,,,,블로그,... 돈은 흥행되기전에 시작했던 초기사업자들이 버는 것이랍니다. 잘준비되어있는 사업 위클로버와 함께 재택부업 성공 신화를 써보자구요! 밑에 네임카드 블로그 오시면 자세하게 보실수 있어요~,9,"4번째 답변
탈퇴한 사용자 답변
안녕하세요^^ 저는 현재 인터몰을 하고 있는 딜러입니다
인터몰을 한번 해보세요. 저도 월급만으로는 먹고 살기가 힘든지라
재택부업을 이리저리 알아 보다가 시작한 사업입니다. 처음에는 경험도 없고 해서 많이 망설였는데
현재는 매주 돈이 들어와서 어느정도 여유가 생겼습니다.
다른 재택부업은 꾸준히 추천인을 모집해야만 돈을 주는지라 굉장히 부담이 많이 있었는데
인터몰은 투자와 추천인 두가지 방식이 모두 가능해서 부담이 덜 하더군요.
추천인 3명만 모집하면 매주 월요일마다 공유수당이 나옵니다. 더이상 추천이나 홍보를 안해도 나오기
때문에 따른 부업이랑은 차이가 크고 본업을 하면서도 용돈벌이가 가능하다는 것이 장점입니다.
또 투자를 하게 되면 더 높은 직급이 되어 매주 받는 공유수당금이 더 많아지게 된답니다^^
자세한 사항을 알고 싶으시면 제 네임카드 주소를 참고하셔요^^ 상담 주시면 성심껏 안내해 드릴께요^^
2010.10.15.
UP
DOWN
댓글
메뉴 더보기
포인트 선물
신고
---
5번째 답변
탈퇴한 사용자 답변
안녕하세요^^
저는 4살아들 키우면서 집에서 인터넷으로
부업하는 현우맘 이라고 합니다.
저도 남편 혼자 벌어서는 매달 적자 가계부라서
아이키우면서 집에서 할수 있는 일이 없을까
찾다가 인터넷부업이란게 있다는걸 알게되서
하게 되었답니다^^
일단 하루종일 할 수 없는 우리같은 주부들이
하기에 딱 좋았구요!
또 일도 어렵지 않고, 컴퓨터를 아주 잘 다루지 못해도
할수있는 쉬운 일이라서..
지금 두달 지나 세달 되어 가고 있는데
꾸준히 열심히 하고 있답니다.
처음에는 많은 돈을 벌진 못했지만,
지금은 열심히 꾸준히 2달동안 홍보한 결과
좋은 실적도 올리고 있답니다^^
일은 인터넷에 회사 홍보를 하는 일이구요^^
자세한 내용은 아래 네임카드 주소로 오셔서 확인해 보세요!!
많이 알아보시고 좋을 일 선택하셨음 좋겠네요!!
2010.10.15.
UP
DOWN
댓글
메뉴 더보기
포인트 선물
신고
---
6번째 답변
rjsr****
초수
본인 입력 포함 정보
상세 안내 툴팁 보기
지식iN 서비스 질문 답변 페이지 및 프로필의 답변자 정보에 노출되는 답변자의 회사, 학교, 자격 등의 정보는 본인이 지식iN 프로필 수정을 통해 직접 입력한 정보입니다.
네이버는 사용자가 등록한 정보 및 게시물을 제공하는 정보매개 서비스 제공자로서 해당 정보의 정확성, 신뢰성 및 최신성에 대해 보증하지 않습니다.
닫기
참....저랑 비슷한 상황이시군요...  T.T
저도 월급만으로는 생활하기가 좀 힘들더라구요..이래 저래 벌린일도 있고..
애까지 키우려니 돈들어갈곳은 많은데 수입은 그에 미치지 못했쬬..
그래서 저는 안해본일 없는것 같네요..공장일에..주말에 운전직..야간에 우유배달까지 했으니
암튼 조금이라도 더 벌어야 했기에..물불 안가리고 뛰어들었죠..
근데 본업이 있다보니 따로 시간을 투자하며 다른 일을 하려니 다른건 몰라도 체력이 너무 달리더군요.
그렇다고 수입이 대단한것도 아니고...그래서 다 때려치우고 그래도 뭘 할까 찾아보다가..
인터넷 재택알바를 알게되어서 지금 이렇게 하고있네요..첨에는 다 거짓말 같고해서 색안경을 끼고 보기를
3주....여기 저기 알아보며 의혹은 하나 둘씩 풀려가고 결론은 해도 되겠다 였어요..ㅋ
지금은 시작한지 두달정도 되었는데요..첫달에는 40만원정도 벌었구요...두번째달에는 70만원정도 벌었어요.. 뭐...아직 그리 많은 수익은 아닐지 몰라도 직장생활하면서 짬짬이 시간날때마다 일한거 생각하면 꽤 괜찮은 수익이라고 생각해요^^  이 일을 하다보니 이제는 저만의 방법이나 노하우도 생기는것 같으니 앞으로는 더 많은 수익낼거라고 생각해요..ㅋ
이 일의 주된 업무는 인터넷을 이용해서 회사를 홍보하는거에요...홍보를 통해 회원을 유치하게되면
그에따른 수당이 발생하죠..수당이 발생하는 조건은 유치된 회원이 휴대폰 개통을 하게 되어있는데요
회사는 skt,kt,lgt등 통신사들과 업무 제휴가 되어있어서 새로운 회원이 개통하며 통신사에서 주는 인센티브를 회사측과 딜러가 나누는 방식인거죠..
자세한 내용은 아래 네임카드에 제 블로그 놀러오시면 처음 접하시는 분들이 궁금해 하시는 것들을 여러가지 주제로 포스팅 해놨으니 구경하시면 도움이 되실꺼에요...
저도 머니 땜에 고민 많이 하면서 이 일을 하게되었지만 지금은 참 잘 했다는 생각이 드네요..
님도 좋은 선택하시고 무슨 선택을 하시든 돈 마니 버세요..^^
2010.10.15.
출처
by 노아
UP
DOWN
댓글
메뉴 더보기
포인트 선물
신고
---
7번째 답변
hub0****
시민
본인 입력 포함 정보
상세 안내 툴팁 보기
지식iN 서비스 질문 답변 페이지 및 프로필의 답변자 정보에 노출되는 답변자의 회사, 학교, 자격 등의 정보는 본인이 지식iN 프로필 수정을 통해 직접 입력한 정보입니다.
네이버는 사용자가 등록한 정보 및 게시물을 제공하는 정보매개 서비스 제공자로서 해당 정보의 정확성, 신뢰성 및 최신성에 대해 보증하지 않습니다.
닫기
안녕하세요 딜러 으니파더입니다.
님도 참 힘들게 사시나 보네요. 저도 직장생활을 했었는데요 6년간을 직장생활을 하다보니
힘들어서 막상 때려 치우려고 하니 그동안 내가 쌓아 놓은게 너무 아깝구요, 다른 곳에가서
또 이만큼을 이루려면 그만큼의 시간이 소요될걸 생각하니 겁이 나더라구요.
지금은 어깨가 아파서 쉬고 있는데요 막상 아무일도 안하고 있으려니 좀도 쑤시고 살만 ㄴㅏ와서
뭔가를 찾다보니 퍼스트드림이란곳을 찾게 되었네요
지금은 일한지 약 2주되었는데요 아직 실적이 없지만 제가 워낙 컴맹이다 보니 홍보지원팀에
아것저것 물어보며 한두달은 홍보방법만 배우고 열심히 홍보한ㄷㅏ면 더 나은 실적과 결과가
나오리라고 생각합니다. 님도 한번 도전해 보세요 한번 해볼만하답니다.
어렵게 생각지마시구요 여기저기 알아보시구 본인에게 정말 많은 것을 알려주고 실적이 쌓일수
있게 도와주는 딜러 만나세요 혹시 궁금한것이 있다면 연락주세요 부담갖지 마시구요
날씨가 추워졌는데 감기조심하시구요 건강하세요
2010.10.15.
UP
DOWN
댓글
메뉴 더보기
포인트 선물
신고
---
8번째 답변
탈",3138,False,부업 성공,https://kin.naver.com/qna/detail.naver?d1id=4&dirId=40611&docId=118530611&qb=67aA7JeFIOyEseqztQ==&enc=utf8,0,,,,6,kin,3,인터넷으로 하는 부업 뭐 좋은 거 없을까요??
0,,,,기타,"... 부업도 마찬가지 성공하고자한다면 그 의지와 배움, 노력이 필요해요. 그걸 이끌어주는게 멘토의 역활이고 학생? 주부? 어른? 제한없이 누구나 시작할 수 있는게 부업의 장점이죠. 부업으로 돈 버는건 운이다? 꾸준한 노력이 결실을...",5,"2번째 답변
집에서 4억연봉 희야
초인
#13년경력최고수익마케터 #온라인광고마케팅 #온라인광고컨설팅
아르바이트 5위, 구인구직사이트 4위, 직업, 취업 23위 분야에서 활동
본인 입력 포함 정보
상세 안내 툴팁 보기
지식iN 서비스 질문 답변 페이지 및 프로필의 답변자 정보에 노출되는 답변자의 회사, 학교, 자격 등의 정보는 본인이 지식iN 프로필 수정을 통해 직접 입력한 정보입니다.
네이버는 사용자가 등록한 정보 및 게시물을 제공하는 정보매개 서비스 제공자로서 해당 정보의 정확성, 신뢰성 및 최신성에 대해 보증하지 않습니다.
닫기
19세 생일 지나야 하세요
​
미성년은 부모님 동의가 있어야 하구요
​
타자 치고 하시면 충분히 배우고 할수 있고
​
매달 정해진 의무적인 할당량이 있거나
​
누가 일하라 말라 강요나 간섭도 없고
​
본인이 하고 싶은 곳에서
​
하고 싶은 일 하고 싶은 만큼
​
자유롭게 해주고 한만큼 수당을 받는 일이기에
​
투잡이나 부업으로 많이 하시구요.
​
일 배우고 수익금 직접 받아보면
​
확신도 생기고 전망도 좋아서
​
본업으로도 많이 하세요.
​
회사는 광고 / 홍보 대행 업체인데요
​
다양한 30여가지 광고 /홍보를 배워서 해주고
​
한만큼 수당 받는거에요
​
덧글 작성만 해도 수당
​
제휴업체 사이트 클릭만 해도 수당
​
드림오토 켜 놓기만 해도 자동으로 돌아가서 월 3만원
​
광고업체 전화 상담만 받아주어도 2천원-7천원
​
광고업체 포스팅 작성시 글마다 2천원-5천원
​
CPA광고수익- 광고업체 배너 코드 생성 받아서
​
다양한 공간에 홍보 해서 상담이나 가입등 이루어지면 해당 수당
​
광고/홍보 원하는 광고주 모집 수당
​
홍보사원 모집 수당
​
쇼핑몰 운영 및 홍보 판매 수익
​
이 처럼 쉬운 수익일부터 고수익 일까지
​
다양한 30여가지 수익원이 잇구요
​
이 모든 일 다 할수 있고 하고 싶은 일 해주고
​
한만큼 수당 받는거에요.
​
정회원이 되면 홈피에 일하는 방법과 설명 자료등이 갖추어져 있고
​
이해하기 쉽도록 동영상 설명도 있구요
​
홍보지원팀에 문의도움 청하시면
​
원격으로도 도움드리고
​
블로그/온라인 명함 제작도 해드리구요
​
저 통해 가입하신 분들 제가 도움드리면서 보면
​
다들 이런 홍보일이나 블로그 해본적 없는
​
평범한 20-60대 분들이 시작해서
​
보통 1주일에서 1개월이면 다 배우고 하시고
​
저 처럼 고수익 되신 분들도 계시구
​
보통 월 100-900 벌어 가세요
​
이 처럼 초보라도 또 지금 시작해도
​
본인 여건과 상황에 맞는
​
효과적인 방법을 잘 배워서 하시면
​
얼마든지 좋은 수익 올리실수 있어요~
​
​
​
2019.10.04.
채택
질문자가 채택한 답변입니다.
UP
DOWN
댓글
메뉴 더보기
포인트 선물
신고
---
1번째 답변
비공개 답변
바람신
글쌔요... 부업이라.
컴퓨터로 하는 광고 관련 글옮기기정도?
2019.10.04.
UP
DOWN
댓글
메뉴 더보기
신고
---
3번째 답변
집에서 일하는 다온
은하신
사람과 그룹, 아르바이트 47위, 네이버 블로그 54위 분야에서 활동
본인 입력 포함 정보
상세 안내 툴팁 보기
지식iN 서비스 질문 답변 페이지 및 프로필의 답변자 정보에 노출되는 답변자의 회사, 학교, 자격 등의 정보는 본인이 지식iN 프로필 수정을 통해 직접 입력한 정보입니다.
네이버는 사용자가 등록한 정보 및 게시물을 제공하는 정보매개 서비스 제공자로서 해당 정보의 정확성, 신뢰성 및 최신성에 대해 보증하지 않습니다.
닫기
안녕하세요 :)
​
미성년자분은 부모님 동의가 있어야 가능해요~
​
19세 생일 지나면
부업/알바 등 자유롭게 하실 수 있구요
​
캐시적립같은거 알아봐보세요~
다음 팁도 있구요
​
퀴즈프로 참여해서 상품, 상금등도 받을수있더라구요!
​
즐주말 보내세요 :)
2019.10.04.
UP
DOWN
댓글
메뉴 더보기
포인트 선물
신고
---
4번째 답변
성공멘토 랑이
초수
본인 입력 포함 정보
상세 안내 툴팁 보기
지식iN 서비스 질문 답변 페이지 및 프로필의 답변자 정보에 노출되는 답변자의 회사, 학교, 자격 등의 정보는 본인이 지식iN 프로필 수정을 통해 직접 입력한 정보입니다.
네이버는 사용자가 등록한 정보 및 게시물을 제공하는 정보매개 서비스 제공자로서 해당 정보의 정확성, 신뢰성 및 최신성에 대해 보증하지 않습니다.
닫기
미성년자는 부모님 동의가 있어야 가능해요~
가능하시다면 한번 읽어보세요^^
수익을 벌어갈 수 있는지, 없는지는
본인 노력이 가장 크답니다.
아마 이 글을 읽고 계시다면
부업이 뭘까? 한번 관심있어 읽어보시는거라 생각해요.
직장이든 뭐든, 명예, 욕망, 성공하고자 하는 이유는 뭘까요?
10에 9는 현재의 환경을 바꿔보고 싶고,
돈 걱정 없이 살아보고 싶은 마음 아닐까요?
​
결론은 돈!
세상에 공짜는 없어요. 부업도 마찬가지
성공하고자한다면 그 의지와 배움, 노력이 필요해요.
그걸 이끌어주는게 멘토의 역활이고
학생? 주부? 어른? 제한없이 누구나 시작할 수 있는게
부업의 장점이죠.
부업으로 돈 버는건 운이다?
꾸준한 노력이 결실을 맺는다면
누구나 고수익자가 될 수 있어요.
도움을 드리는건 멘토의 일이죠.
많은분들께서 정말로
본업만큼 벌어갈 수 있는지 물어봐요.
사실이고, 충분히 벌어가실 수 있답니다.
글감수익부터 고수익(모집수익)까지!
원하시는 방향부터 교육진행!
배우시고자하는 의지만 가져오세요~
나머지는 랑이가 알아서 해드릴게요^^
손소통? 말뿐인 교육? 노노!
​
1:1밀착 원격교육!
컴맹도 쉽게 이해!
많은분들께서 처음부터 안될거라 생각해요.
부업, 헬로우드림은 도전해볼만한 가치가 충분합니다.
대한민국 최고의 광고대행사 업계 1위 !
재택알바, 부업, 투잡 업계 1위!
초보자도 단기간에 일을 배워서
수익 낼 수 있을만큼 쉬운 시스템!
컴맹도 일할 수 있는 손쉬운 재택부업!
30여가지가 넘는 수익활동 가능❗
문의사항은 프로필내 오픈챗으로 문의주세요~
​
2019.10.04.
UP
DOWN
댓글
메뉴 더보기
포인트 선물
신고
---
5번째 답변
탈퇴한 사용자 답변
19세 미만이면 불가해요ㅜㅜ
가능한 방법이 하나 있는데
보호자 동의서를 받",3044,False,부업 성공,https://kin.naver.com/qna/detail.naver?d1id=8&dirId=8010502&docId=337258634&qb=67aA7JeFIOyEseqztQ==&enc=utf8,0,,,,2,kin,3,부업 고등학생이 할만한거
0,,,,기타,"... 부업도 마찬가지 성공하고자한다면 그 의지와 배움, 노력이 필요해요. 그걸 이끌어주는게 멘토의 역활이고 학생? 주부? 어른? 제한없이 누구나 시작할 수 있는게 부업의 장점이죠. 부업으로 돈 버는건 운이다? 꾸준한 노력이 결실을...",5,"1번째 답변
초코 카톡 ghks0614
영웅
본인 입력 포함 정보
상세 안내 툴팁 보기
지식iN 서비스 질문 답변 페이지 및 프로필의 답변자 정보에 노출되는 답변자의 회사, 학교, 자격 등의 정보는 본인이 지식iN 프로필 수정을 통해 직접 입력한 정보입니다.
네이버는 사용자가 등록한 정보 및 게시물을 제공하는 정보매개 서비스 제공자로서 해당 정보의 정확성, 신뢰성 및 최신성에 대해 보증하지 않습니다.
닫기
제가 아무 것도 모르고
초보로 시작해서 잘 알거든요..
법인 회사라 사기칠 위험이 없구요
이 부업을 고민고민 끝에
찾아보고 이 곳 저 곳 알아보면서
정말 많이 읽어봤었거든요
그래서 바로 제가 일 하게 된 곳
마이셀즈라는 곳이에요!
제가 머문 자리가 고민 끝에
결정한 곳이에요
초보분들 마음 누구보다 잘 아는 초코 입니다..
많은 시련을 겪어봐서 잘 알 수 있고 그 만큼
뭐가 위험하고 잘 알아야 하는지도 알고 있어요
초보자라서 못한다 라는 말은
제가 직접 해봤기 때문에 아닌 거
증명 시켜드릴 수 있습니다
대부분 많은 분들 걱정이
초기비용인데
초기비용은 걱정하실 필요가 없어요
초반에 자료 제공해주고
세팅 해드리는거에요
수익을 버실 수 있게
세팅 해드리는거라서
걱정 하실 필요 없어요!
저도 걱정많았었는데
초기비용 든 만큼 들어오니까
기쁘더라구요ㅠ
잘 고민해보시고 결정되셨을 때
연락 주세요 확실하게 알려드리겠습니다!
함께 윈윈하면서 성공해봐요!
​
2019.11.13.
UP
DOWN
댓글
메뉴 더보기
포인트 선물
신고
---
3번째 답변
집에서 4억연봉 희야
초인
#13년경력최고수익마케터 #온라인광고마케팅 #온라인광고컨설팅
아르바이트 5위, 구인구직사이트 4위, 직업, 취업 23위 분야에서 활동
본인 입력 포함 정보
상세 안내 툴팁 보기
지식iN 서비스 질문 답변 페이지 및 프로필의 답변자 정보에 노출되는 답변자의 회사, 학교, 자격 등의 정보는 본인이 지식iN 프로필 수정을 통해 직접 입력한 정보입니다.
네이버는 사용자가 등록한 정보 및 게시물을 제공하는 정보매개 서비스 제공자로서 해당 정보의 정확성, 신뢰성 및 최신성에 대해 보증하지 않습니다.
닫기
19세 생일 지나면 가능 하세요..
​
만 18세면 가능 한거구요.
​
최고수익자인 저도
​
시작할때 회사 이미 6년된 회사 였고
​
기존 일하는 고수익 자 및 일하는 분들 많았고
​
이런 홍보일이나 블로그 해본적 없이
​
시작해서
​
첫달에 634만
​
두번째달 1230만 전체 1위
​
그 이후 월 천만-4364만
​
벌써 10년째 일하고 있는데요.
​
이 처러 이 일은 다단계 수익이 아니기에
​
최고수익자인 저도 일안하면 수익이 없고
​
초보라도 지금 시작해도
​
효과적인 방법을 잘 배워서 하시면
​
얼마든지 좋은 수익 올리실수 있구요.
​
특별한 경력이나 자격이 있어야 하는거 아니구
​
타자 치고 하시면 충분히 배우고 할수 있어요.
​
회사는 광고 /홍보 대행 업체인데요
​
다양한 30여가지 광고/홍보를 배워서 해주고
​
한만큼 수당을 받는데요.
​
덧글 작성만 해도 수당
​
제휴업체 사이트 클릭만 해도 수당
​
드림오토 켜 놓기만 해도 자동으로 돌아가서 월 3만원
​
광고업체 전화 상담만 받아주어도 2-7천원
​
광고업체 포스팅 작성시 글마다 2-5천원
​
CPA광고수익- 광고업체 배너 코드 생성 받아서
​
다양한 공간에 홍보 해서
​
상담이나 가입등 이루어지면 해당 수당
​
광고/홍보 원하는 광고주 모집 수당
​
홍보사원 모집 수당
​
쇼핑몰 운영 및 홍보 판매 수익
​
이 처럼 쉬운 수익일부터 고수익 일까지
​
다양한 30여가지 수익원이 있고
​
모든 일 다 할수 있고
​
하고 싶은 일 해주고 한만큼 수당 받는거구요.
​
정회원이 되면
​
홈피에 일하는 방법과 설명 자료등이 갖추어져 있고
​
이해하기 쉽도록 동영상 설명도 있구요
​
홍보지원팀에 문의도움 청하시면
​
원격으로도 도움드리고
​
블로그/온라인 명함 제작도 해드리구요
​
저 통해 가입하신 분들 도움드리면서 보면
​
다들 이런 홍보일이나 블로그 해본적 없는
​
평범한 20-60대 분들이 시작해서
​
보통 1주일에서 1개월이면 다 배우고 하시고
​
저 처럼 고수익 되신 분들도 계시고
​
보통 월 백만단위 벌어 가세요.
​
이 처럼 초보라도 또 지금 시작해도
​
본인 여건과 상황에 맞는
​
효과적인 방법을 잘 배워서 하시면
​
얼마든지 좋은 수익 올리실수 있어요~
​
​
#헬로우드림희야
새 창
2019.11.13.
UP
DOWN
댓글
메뉴 더보기
포인트 선물
신고
---
4번째 답변
윤소아
영웅
네이버 쇼핑, 스마트스토어 분야에서 활동
본인 입력 포함 정보
상세 안내 툴팁 보기
지식iN 서비스 질문 답변 페이지 및 프로필의 답변자 정보에 노출되는 답변자의 회사, 학교, 자격 등의 정보는 본인이 지식iN 프로필 수정을 통해 직접 입력한 정보입니다.
네이버는 사용자가 등록한 정보 및 게시물을 제공하는 정보매개 서비스 제공자로서 해당 정보의 정확성, 신뢰성 및 최신성에 대해 보증하지 않습니다.
닫기
어느부업이나 초기비용은 있어요. 장단점도 다 존재하고요.
돈벌수 있어요. 본인이 어느정도 하냐에 따라 금액을 달라지죠~~
초기비용 비싼것도 있고 싼것도 있어요.
부업마다 하는방법등이 다르니 잘 알아보시고 선택하세요.
네임카드클릭수 블로그 보시고 궁금하신부분 톡 주세요^^
무쪼록 잘 알아보시고 잘 맞는 부업찾으셔셔 돈 많이 보세요^^
​
2019.11.13.
UP
DOWN
댓글
메뉴 더보기
포인트 선물
신고
---
5번째 답변
탈퇴한 사용자 답변
잘~알아보고 하셔야 할것 같아요
​
이렇게 문의 하시면 많이들 올려 주는데
​
맞는것도 사기성으로 올린것도 많아요
​
꿀같은 말 이미지에 믿지 마시고
​
수익에 나와있는 부분만 보시고 하시면 절대 안됩니다
​
정말 배우면서 할수 있는지 컴맹도 할수 있는지 사기성이 있는지
​
없는지 회사는 튼튼 한지 돈이 들어가고 시간은 자유로 하는거지만 시간을 투자 하는거라
​
신중히 선택을 하셔야 할것 같아요
​
저 또한 사기성 많은 멘토라는 분들께 사기를 당한 경험자로 말씀드리네요
​
지금은 수익도 내고 있고 어린 아이도 키우면서 자유롭게 일합",4496,False,부업 성공,https://kin.naver.com/qna/detail.naver?d1id=4&dirId=40611&docId=340315784&qb=67aA7JeFIOyEseqztQ==&enc=utf8,0,,,,2,kin,3,부업을 해볼려고하는데 19살(만18세
0,,,,기타,... 재택부업 성공할수 있는 방법 황금상 제자가 되는것입니다 황금비법 원 포인트 노하우 전수로 한달만에 꿈의 목표 월100만 황금비법은 황금상 제자들만 배울수 있습니다 1년동안 월50만원도 못벌던분도 재 가입 2번이나 재 가입...,10,"3번째 답변
코박사
태양신
#비트코인 #암호화폐
가상화폐 2위, 주식, 증권 68위 분야에서 활동
본인 입력 포함 정보
상세 안내 툴팁 보기
지식iN 서비스 질문 답변 페이지 및 프로필의 답변자 정보에 노출되는 답변자의 회사, 학교, 자격 등의 정보는 본인이 지식iN 프로필 수정을 통해 직접 입력한 정보입니다.
네이버는 사용자가 등록한 정보 및 게시물을 제공하는 정보매개 서비스 제공자로서 해당 정보의 정확성, 신뢰성 및 최신성에 대해 보증하지 않습니다.
닫기
요새 가장유망한 제2의 비트코인으로 불리우는 파이코인에대해아시나요? 현재무료채굴이가능하며 몇년뒤 얼마가될지는아무도모릅니다. 꼭채굴해놓으세요
파이코인은 무료이며 최초로 스마트폰으로 채굴하는 코인입니다
.
​
스탠포드 대학 박사들이 개발한 코인으로 21.8월 기준 전세계
2,300만명
이 채굴중이며,
메인넷
이후
상장예정
이라고 하며, 현재로서는 화폐가치는 없고, 보유만 가능합니다. 가지고만 있어도 손해보는게 전혀 없고 휴대폰으로 채굴하는 제2의 비트코인이라고 불리기 때문에 많은 사람들이 채굴중입니다.
비트코인때처럼 놓치지맙시다.
​
채굴방법​
1. 플레이스토어,Apple스토어에서 Pi Network앱을 다운
또는
http://minepi.com/pert456
로 바로 다운
​
2. 폰번호또는 페이스북으로 가입하기
​
3. 폰번호 가입시 나라는 South korea(+82) 체크하고 핸드폰번호 입력.
​
4. 비밀번호 8자리 이상 입력.(영문 대소문자, 숫자하나는 있어야 합니다)
​
5.
이름 (first name) 성(last name)입력(여권이름과 동일하게 넣으세요(영문이름) 모국어에는 한국명 성,이름 넣어주시면됩니다.향후 KYC 인증시 여권 이름과 동일해야 합니다.향후 KYC인증을무조건하셔야 채굴한코인을지급받으실수있습니다. KYC인증정말중요![여권,신분증,운전면허증]세개다가능합니다.(메인넷전에 모든인원이인증을받기가능)
​
6. username에 원하는 아이디 입력
​
7. invitation code 아이디
pert456
입력 (입력 후 채굴시 채굴속도상승)
​
Get started 클릭해주고,
메인화면번개버튼클릭해주면 채굴되기 시작하며 상단에 채굴수량 나타남.
채굴은 앱 상단에 표시되며 24시간 단위로 되며 번개표시 눌러야함. 2022년상장할 예정이며 가입자가 더 많아지면 반감기로 채굴 속도가 느려집니다.
​invitation code:pert456
입력하여 같이 계속 채굴합시다.
채굴은 채굴자의 의사에 달려 있습니다.
​
*가입후 무조건 메인화면 왼쪽상단바클릭 프로필가셔서 핸드폰인증,페이스북인증 둘중하나는무조건하셔야 계정을찾기수월합니다*
​
채굴을하시다 궁금한사항이있으면 메인화면chat-pert456 earningteam chat방으로와서 질문해주세요^^ 항상 좋은정보를드리겠습니다.
​
파이코인24시간알림설정방법:설정-애플리케이션-앱목록-pi-알림
허용
자세한가입방법:
https://blog.naver.com/pert456/222287146406
2022.03.11.
UP
DOWN
댓글
메뉴 더보기
포인트 선물
신고
---
4번째 답변
awsd4326
중수
본인 입력 포함 정보
상세 안내 툴팁 보기
지식iN 서비스 질문 답변 페이지 및 프로필의 답변자 정보에 노출되는 답변자의 회사, 학교, 자격 등의 정보는 본인이 지식iN 프로필 수정을 통해 직접 입력한 정보입니다.
네이버는 사용자가 등록한 정보 및 게시물을 제공하는 정보매개 서비스 제공자로서 해당 정보의 정확성, 신뢰성 및 최신성에 대해 보증하지 않습니다.
닫기
부업을 찾으시는군요^^
​
제가하고 있는 재택부업
같이 해보시면 어떨까 싶어요^^
​
제가 하고있는 재택부업은
이름만 대면 누구나 다 아는 대기업에서
시작한 사업이라 믿을 수 있고
혼자가 아닌 팀으로 같이 하는 일입니다^^
​
비대면 온라인 사업으로 회사대신 마케팅 즉 홍보해주는 일이예요~
최적의 타이밍에 시작하는 사업
걱정없는 한달 커피값정도의 적은 초기비용으로
리스크 전혀 없는 일입니다^^
​
300만원 상당의 온라인 마케팅 교육까지
무료로 해주니 초보여도 누구나 가능하답니다^^
​
함께 재택부업 시작할까요?
​
아래 설문답변 해주시면
자세한 상담 카톡으로 해드려요~
​
[대기업 플랫폼 비지니스 설문조사]
naver.me
2022.03.11.
UP
DOWN
댓글
메뉴 더보기
포인트 선물
신고
---
5번째 답변
비공개 답변
고수
""애드픽"" 추천드립니다
​
애드픽으로 돈을 버는 방법은 크게 두가지로
쇼핑 메이트, 광고 메이트가 있습니다.
​
쇼핑 메이트는 제품의 링크를 공유해
링크를 통해 사람들이 제품을 사면
제품의 일정액을 받을 수 있습니다.
​
광고 메이트는 클릭형, 영상형, 설치형, 이벤트형 등이
있습니다. 클릭형의 경우 링크를 공유해 사람들이
클릭을 하면 돈이 들어오고 영상형은 사람들이
공유한 영상을 보면 수익이 들어오게 됩니다.
설치형의 경우 링크를 통해 사람들이 앱을 설치하면
수익이 들어오고 이벤트형은 사전예약이나 회원가입
등을 하면 수익이 들어오게 됩니다.
​
블로그, 카페, 페이스북, 인스타, 지식인 등을 통해
활동하실 수 있습니다.
​
https://bit.ly/34oN55T
언제 어디서든, 소확행 부수입부터 월급까지!
소개하고 싶은 상품을 선택하고, 나만의 수익 링크를 각종 SNS, 커뮤니티 등에 홍보하면 끝! 내가 원할 때 어디서든 간편하게 하는 앱테크, 애드픽 쇼핑메이트를 지금 시작해보세요 :) 추천한 상품을 누군가 온라인에서 구매하면 구매금액의 일부를 수익으로 얻을 수 있어요. 애드픽 쇼핑메이트는? - 스마트폰으로 언제든지 활동이 가능해요. - 자주 사는 물건을 홍보하면 활동이 쉬워져요. - 잠시 활동을 못해도 수익이 생길 수 있어요. - 11번가, SSG, 쿠팡 등 유명 쇼핑몰과 제휴되어 있어요. - 프리미엄 회원이 되어 초대링크를 활용하...
bit.ly
#부업
새 창
#부업알바
새 창
#부업추천
새 창
#앱테크
새 창
#앱테크추천
새 창
#애드픽
새 창
2022.03.11.
UP
DOWN
댓글
메뉴 더보기
신고
---
6번째 답변
oeun****
영웅
본인 입력 포함",4465,False,부업 성공,https://kin.naver.com/qna/detail.naver?d1id=12&dirId=120915&docId=414510416&qb=67aA7JeFIOyEseqztQ==&enc=utf8,0,,,,4,kin,6,부업 거리 찾아요
0,,,,기타,"... 부업도 마찬가지 성공하고자한다면 그 의지와 배움, 노력이 필요해요. 그걸 이끌어주는게 멘토의 역활이고 학생? 주부? 어른? 제한없이 누구나 시작할 수 있는게 부업의 장점이죠. 부업으로 돈 버는건 운이다? 꾸준한 노력이 결실을...",5,"2번째 답변
비공개 답변
고수
안녕하세요^^
재택부업은 초보자들도 쉽게 따라하기 쉬워요.
저도 지식이라는건하나도 모르고 시작했습니다.
노력한만큼 수익을 얻으시는거구요.
소통도 하고 배우고 같이 하는거예요 걱정없이 하는거니깐
배우려는 의지와 꾸준히 하실 열정만있으시면됩니다,
걱정하지않으셔도 됩니다.
자세한내용은 연락주세요.
​
2019.10.04.
UP
DOWN
댓글
메뉴 더보기
신고
---
3번째 답변
성공멘토 랑이
초수
본인 입력 포함 정보
상세 안내 툴팁 보기
지식iN 서비스 질문 답변 페이지 및 프로필의 답변자 정보에 노출되는 답변자의 회사, 학교, 자격 등의 정보는 본인이 지식iN 프로필 수정을 통해 직접 입력한 정보입니다.
네이버는 사용자가 등록한 정보 및 게시물을 제공하는 정보매개 서비스 제공자로서 해당 정보의 정확성, 신뢰성 및 최신성에 대해 보증하지 않습니다.
닫기
재택알바, 재택부업쪽 알아보시는 건 어떠세요~?
컴맹, 초보도 어렵지않고 쉽게 하실 수 있다는게 장점이에요~
수익을 벌어갈 수 있는지, 없는지는
본인 노력이 가장 크답니다.
아마 이 글을 읽고 계시다면
부업이 뭘까? 한번 관심있어 읽어보시는거라 생각해요.
직장이든 뭐든, 명예, 욕망, 성공하고자 하는 이유는 뭘까요?
10에 9는 현재의 환경을 바꿔보고 싶고,
돈 걱정 없이 살아보고 싶은 마음 아닐까요?
​
결론은 돈!
세상에 공짜는 없어요. 부업도 마찬가지
성공하고자한다면 그 의지와 배움, 노력이 필요해요.
그걸 이끌어주는게 멘토의 역활이고
학생? 주부? 어른? 제한없이 누구나 시작할 수 있는게
부업의 장점이죠.
부업으로 돈 버는건 운이다?
꾸준한 노력이 결실을 맺는다면
누구나 고수익자가 될 수 있어요.
도움을 드리는건 멘토의 일이죠.
많은분들께서 정말로
본업만큼 벌어갈 수 있는지 물어봐요.
사실이고, 충분히 벌어가실 수 있답니다.
글감수익부터 고수익(모집수익)까지!
원하시는 방향부터 교육진행!
배우시고자하는 의지만 가져오세요~
나머지는 랑이가 알아서 해드릴게요^^
손소통? 말뿐인 교육? 노노!
​
1:1밀착 원격교육!
컴맹도 쉽게 이해!
많은분들께서 처음부터 안될거라 생각해요.
부업, 헬로우드림은 도전해볼만한 가치가 충분합니다.
대한민국 최고의 광고대행사 업계 1위 !
재택알바, 부업, 투잡 업계 1위!
초보자도 단기간에 일을 배워서
수익 낼 수 있을만큼 쉬운 시스템!
컴맹도 일할 수 있는 손쉬운 재택부업!
30여가지가 넘는 수익활동 가능❗
문의사항은 프로필내 오픈챗으로 문의주세요~
​
2019.10.04.
UP
DOWN
댓글
메뉴 더보기
포인트 선물
신고
---
4번째 답변
탈퇴한 사용자 답변
안
녕하세요..
""인터넷알바 관심있으시군요!""
컴퓨터로 일한다고해서 초보라고
걱정 안하셔도 되세요^^
​
컴맹이시더라도 제가 원격해드리니
​
어렵지 않게 하실 수 있습니다.
​
​
안전성
있는 회사에서 시작하셔야
​
후회 없으십니다.
​
저역시 안전한 회사에서 9년 프리랜선로
​
일하고 있는 주부
선우맘
입니다.
​
​
​
인터넷알바,부업 회사라도 여러회사중
​
차이점 궁금해 하실텐데 온라인은 큰
​
차이점은 없어요.. 다 비슷하다고 보면되세요.
​
​
​
타부업 초기비용은 2OO에서 ​
교육비가 적지 않은 3OO정도가 들어가고 ​
​
제
가 일하고 있는 곳은 멘토가
​
일을 길잡이 해주고
교육비는 O원.
​
대신
솔루션비용이라는 세팅비가 본사에
​
1번 99만.원.이 들어가는 것이구요.​
​
​
​
멘
토정하실땐..
​
멘토될 블로그에서 가입신청이
​
되셔야 그 분이 본인의 멘토가되니
​
네임카드 접속후 블로그 읽어보신후
​
선우맘 블로그에서 가입신청
하시면 됩니다.
​
멘토와 상담은 꼭 하시는걸 권유해드려요.
​
​
인
터넷부업,인터넷알바 자체가
집에서 노트북이나 컴만 있음 가능하기에
직장인 퇴근후도 가능하고,
저처럼 주부님들이나 대학생 알바,
또는 중년의 나이로도 하실수있고,
어르신들 60대 이상도 하신답니다.
​
​
제
기준으로는 월7OO~1OOO벌어요.
​
시간은 본인 시간 할애해서 하기에 딱히
​
정해지지 않으니 2시간이든,3시간이든,
​
또는 직장인 만큼 투자하셔도 되시고,
​
시간 자유 라는게 재택일의 특징입니다.
​
​
​
투잡
으로 충분히 가능하시고,
​
만약 본업처럼 하신다면
​
투잡하시는분보다 좀 더  벌겠구요..
​
집에서 일하는 인터넷부업알바라도
​
업무익히고 나면 직장인월급도
​
충분히 가능 하답니다.
​
​
초기비용은 없는곳 거의 없구요!
​
믿을 수 있는 회사에서 하셔야해요.
​
초기비용은 일만 하시면 환급되시고
​
회사규정에 맞게 일했을시 100퍼 받습니다.
​
​
​
저도 벌써 올해 9년차 일해요.
물가는 오르고 남편 혼자 벌어서는
정말 답 안나오고 ㅠㅠ
아이에게 해줘야 할것은  많고 적금하나
넣기 빡빡해서 시작하게 됐어요.
처음 첫달 급여는 일을 익히면서
7O만원정도
받았고
이후 차츰 늘면서 2백,3백,5백..천..
이렇게 올라갔는데 노력의 결과이겠죠~
​
​
집에서 인터넷만으로 할 수
있는 일이라서 본인시간때에
해주시면 되기에 시간자유와
업무량이 정해져 있는 것이 아니라
본인이 일하고 싶은 만큼만 하실
수도 있어요.
저는 남편 출근과 아이 등교시킨후
집안일좀 해놓고 이렇게 앉아서
평균 3시간
일을 하고 있습니다.
​
​
주부님들 뿐 아니라
직장인,자영업사장님,
​
워킹맘,대학생,휴학생..
미성년자만 안되세요!
​
20대~60대 까지 누구나
가능한 일이구요.
​
컴활용으로 하는것이라
자격증 같은것이 있어야 하는
두려움 같은건 없으셔도 되세요.
​
더
궁금하신것은
네임카드 클릭후
​
블로그 접속하시면 업무설명과
부업후기 상세히 모두 확인가능하며
꼼꼼히 둘러봐 주시길 바래요~!
읽어보신후
일하실 의향이 있으신 분은
언제라도 편하게
문의
주세요^^
​
​
​
2019.10.04.
UP
DOWN
댓글
메뉴 더보기
신고
---
5번째 답변
집에서 4억연봉 희야
초인
#13년경력최고수익마케터 #온라인광고마케팅 #온라인광고컨설팅
아르바이트 5위, 구인구직사이트 4위, 직업, 취업 23위 분야에서 활동
본인 입력 포함 정보
상세 안내 툴팁 보기
지식iN 서비스 질문 답변 페이지 ",4744,False,부업 성공,https://kin.naver.com/qna/detail.naver?d1id=8&dirId=8080101&docId=337251504&qb=67aA7JeFIOyEseqztQ==&enc=utf8,0,,,,2,kin,3,와동 손부업 할만한데 어디없나요?
0,,,,스마트스토어,... 매출증대와 안정된 수익창출을 위한 전략은 마케팅이니까요 일단은 온라인 쇼핑몰 운영을 부업으로 성공하실 수 있는 방법에 대해 간략하게 답변드렸씁니다. 좋은 부업 아이템 선택하셔서 꿈과 희망이 이루어지시길 기원드립니다.,11,"4번째 답변
집에서억대수익ㅣ클릭
초인
#집에서억대수익달성 #초보전문멘토 #16년차디지털노마드
아르바이트 58위, 구인구직사이트 74위, 네이버 블로그 분야에서 활동
본인 입력 포함 정보
상세 안내 툴팁 보기
지식iN 서비스 질문 답변 페이지 및 프로필의 답변자 정보에 노출되는 답변자의 회사, 학교, 자격 등의 정보는 본인이 지식iN 프로필 수정을 통해 직접 입력한 정보입니다.
네이버는 사용자가 등록한 정보 및 게시물을 제공하는 정보매개 서비스 제공자로서 해당 정보의 정확성, 신뢰성 및 최신성에 대해 보증하지 않습니다.
닫기
안녕하세요^_^
부업경력8년! 오랫동안 꾸준히 일해온만큼 경험토대로
궁금하신점 속시원히 풀릴수있게끔 진솔한 답변드려요♩
답변 대부분 인.터.넷 알.바.부.업 관련인지라
손.부.업은 직접 검색으로 찾아보셔야해요^^;
부.업 관련 검색으로 사.이.트 영역 보시거나
카.페 검색으로 지역/부.업 참고하시길 바라구요!
구청&시청 게시판에도 부.업.정.보 있어요 :)
그 외에 집근처 또는 지.하.철역 부근에
가판대 교차로/지역신문에도 부.업.정.보 있구요
아무쪼록 좋은부업 찾으셔서 생활보탬 되시길 바래요^_^
2017.04.22.
UP
1
DOWN
댓글
메뉴 더보기
신고
---
1번째 답변
우아한 엄마
초인
연애, 결혼, 사람과 그룹, 심리학 분야에서 활동
본인 입력 포함 정보
상세 안내 툴팁 보기
지식iN 서비스 질문 답변 페이지 및 프로필의 답변자 정보에 노출되는 답변자의 회사, 학교, 자격 등의 정보는 본인이 지식iN 프로필 수정을 통해 직접 입력한 정보입니다.
네이버는 사용자가 등록한 정보 및 게시물을 제공하는 정보매개 서비스 제공자로서 해당 정보의 정확성, 신뢰성 및 최신성에 대해 보증하지 않습니다.
닫기
진실과 소통을 제일 중요시하는 쌤바다댁입니다^^
솔.직.한 답변만 드리겠습니다
제가 하는 재.택.부.업 추천드려요!
저도 취.직.하다가 잘안되어서 재.택.알.바를 알게 되었어요^^
처음에 초.기.비.용.이 있어서 부담스러웠어요
하지만 그만큼 메리트가 컸어요
실.적이 나면 수.익이 컸고 회사가 제일 안전하고 자유롭게 할수있다는점이예요
그래서 진짜 도움 제대로 받을수있는 멘.토를 찾아나섰어요
결국은 실.패했지만요....
그래서 제가 맘고생했기에 진실멘.토라는 닉.네.임까지 만들었고,
진짜 나는 진실한멘토되자 결심한사람이예요^^
그래서 그 결심대로 항상 진실한자세로 일하고있어요
노.하.우 투명하게 모두 오픈!
편하고 빠른소통도 필수!
처음엔 모든게 어려울거예요
힘들구요...
그래서 곁에서 다정하게 초급부터 탄탄하게 가르쳐드린답니다^^
항상 바로바로 물어볼수 있는 편안한 소통하고 있어요
꼭 상담받아보시고 신중한결정 해주세요^^
2017.04.22.
UP
DOWN
댓글
메뉴 더보기
포인트 선물
신고
---
2번째 답변
돈버는금둥이
중수
본인 입력 포함 정보
상세 안내 툴팁 보기
지식iN 서비스 질문 답변 페이지 및 프로필의 답변자 정보에 노출되는 답변자의 회사, 학교, 자격 등의 정보는 본인이 지식iN 프로필 수정을 통해 직접 입력한 정보입니다.
네이버는 사용자가 등록한 정보 및 게시물을 제공하는 정보매개 서비스 제공자로서 해당 정보의 정확성, 신뢰성 및 최신성에 대해 보증하지 않습니다.
닫기
안녕하세요 ^^
저도 본업이 빠듯해서 생활에 보탬이 될려고 시작한건데
너무 만족하면서 하고 있어요 ^^
네임카드속 블로그로 오셔서 구경해보시고 가세요 ^^
2017.04.22.
UP
DOWN
댓글
메뉴 더보기
포인트 선물
신고
---
3번째 답변
집에서일하는 다온
초인
사람과 그룹, 연애, 결혼, 아르바이트 분야에서 활동
본인 입력 포함 정보
상세 안내 툴팁 보기
지식iN 서비스 질문 답변 페이지 및 프로필의 답변자 정보에 노출되는 답변자의 회사, 학교, 자격 등의 정보는 본인이 지식iN 프로필 수정을 통해 직접 입력한 정보입니다.
네이버는 사용자가 등록한 정보 및 게시물을 제공하는 정보매개 서비스 제공자로서 해당 정보의 정확성, 신뢰성 및 최신성에 대해 보증하지 않습니다.
닫기
안녕하세요^^
요즘따라 투.잡이다 부.업이다 본업외에 또다른 일거리를
찾으시는분들이 많으시더라구요
저또한 다른 부.업을 찾다가 시작하게 되었는데요
뭐든 처음시작하기가 어렵듯이 몇십번을 생각하고
갈등하다가 몇달의 시간을 허비했었네요
​
나름 여기저기 검색도해보고 전화상담도 받아보고 했었는데요
﻿         14년이라는 시간과 여러수상경력에 티비출연까지
했었던곳이라 믿음이 갔었구요!
그래서 지금은 누구의 눈치도 안보고 제방에서
편하게 일하고 있답니다
컴퓨터를 잘못하셔도 걱정안하셔도 되세요
저도 인.터.넷 쇼핑 정도만 할줄 아는정도였으니깐요
블/로/그 신경 안쓰고 일해요
궁금하신점 모두 솔직하게 알려드릴게요~
무.료.회.원 으로도 수.익 가능한 활동들이있으니
차근차근 둘러보세요~
업.무 관련해서 궁금하신점은
네.임.카.드 안에서 문.의.주.세.요
2017.04.22.
UP
DOWN
댓글
메뉴 더보기
포인트 선물
신고
---
5번째 답변
love****
중수
본인 입력 포함 정보
상세 안내 툴팁 보기
지식iN 서비스 질문 답변 페이지 및 프로필의 답변자 정보에 노출되는 답변자의 회사, 학교, 자격 등의 정보는 본인이 지식iN 프로필 수정을 통해 직접 입력한 정보입니다.
네이버는 사용자가 등록한 정보 및 게시물을 제공하는 정보매개 서비스 제공자로서 해당 정보의 정확성, 신뢰성 및 최신성에 대해 보증하지 않습니다.
닫기
안녕하세요^^* 부업 아이템을 알아보시는군요
요즘은 직장인 투잡이나 전업주부 부업 아이템들이 많이 소개되고 있습니다.
짜투리 시간을 이용해서 가계에 보탬이 되고자 하는 취지라고 볼 수 있죠
하지만, 거의 광고성 자료들이 대부분이다보니 부업 아이템을 쉽게 찾기란
어렵기도 합니다.
요즘은 온라인 쇼핑몰 창업을 재택근무 형식으로 부업 아이템을 활용하는분들도 많으세요
온라인 쇼핑몰 창업 절차
첫째: 유망한 부업 아이템을 선택하는 요령이 있습니다.
반짝 유행으로 끝나거나 계절에 민감한 업종은 피해주시고 1년 365일 꾸준하게 운영할 수
있는 업종 선택이 중요합니다.
둘째: 재고도 필요없고 점포",3363,False,부업 성공,https://kin.naver.com/qna/detail.naver?d1id=8&dirId=806&docId=275209534&qb=67aA7JeFIOyEseqztQ==&enc=utf8,0,,,,8,kin,3,부업구해요
0,,,,블로그,... 시작해야되는건가요 블로그운영 번역 설문조사 같은건 개인적으로 하면되는건가요 ?? 블로그 운영은 주제를 정하고 꾸준히 글을 쓰면 돼요 번역과 설문조사는 플랫폼을 통해 시작해보시면 좋을 것 같아요!! 부업 성공 응원할게요!,12,"19번째 답변
비공개 답변
지존
최근 많은 분들이 관심 갖고 있는 온라인부업,
저도 처음엔 망설였지만 지금은 정말 만족하면서 꾸준히 이어가고 있는 부업이에요.
​
이 일의 가장 큰 매력은 시간과 장소에 구애받지 않고
언제 어디서든 내가 원하는 시간에 유연하게 일할 수 있다는 점이에요.
노트북이나 스마트폰만 있다면 집, 카페, 심지어 여행지에서도 부담 없이 시작할 수 있어요.
​
수익은 개인이 얼마나 시간을 투자하고 꾸준히 하느냐에 따라 다양해요.
저도 처음에는 하루 몇 천 원 정도로 소소하게 시작했지만,
지금은 월 수십만 원에서 많게는 백만 원 이상까지 벌 수 있게 되었어요.
​
가장 만족스러운 점은, 제가 편한 시간에, 제가 원하는 방식으로 일하면서 경제적인 여유와 함께 뿌듯함도 느낄 수 있다는 것이에요.
반복되는 일상에 새로운 동기부여가 생기고, 스스로에 대한 자신감도 한층 높아졌어요.
​
상담을 통해 온라인부업이 어떤 방식으로 진행되는지,
내 상황에 맞는 방향은 무엇인지 명확하게 알 수 있었고
시작도 훨씬 수월했어요.
​
모집없이 시작하는 재택알바
생각보다 너무 간단하고 어렵지 않았어요!
han.gl
​
2025.07.22.
UP
3
DOWN
댓글
메뉴 더보기
신고
---
15번째 답변
최혜윤
지존
본인 입력 포함 정보
상세 안내 툴팁 보기
지식iN 서비스 질문 답변 페이지 및 프로필의 답변자 정보에 노출되는 답변자의 회사, 학교, 자격 등의 정보는 본인이 지식iN 프로필 수정을 통해 직접 입력한 정보입니다.
네이버는 사용자가 등록한 정보 및 게시물을 제공하는 정보매개 서비스 제공자로서 해당 정보의 정확성, 신뢰성 및 최신성에 대해 보증하지 않습니다.
닫기
좋은 방향으로 딱 잡으셨네요!
설문조사 + 블로그운영 + 프리랜서 작업(번역 등)
→ 이 조합이면 하루 1시간 투자로 ""바로 수익 + 장기 수익"" 둘 다 노릴 수 있어요.
자, 그럼
""구체적으로 어떻게 시작하는지""
""개인적으로 해도 되는 건지""
하나씩 바로 정리해드릴게요.
설문조사 부업 시작 방법
✔️
패널 사이트 가입
: (무료)
오픈서베이, 패널나우, 리서치패널코리아, 엠브레인 등
✔️ 가입 후 매일 설문 링크 체크 → 참여
✔️ 포인트 쌓이면 현금화 (일부는 5천 포인트부터 출금 가능)
블로그 운영 부업 시작 방법
✔️
플랫폼 선택
: (티스토리/네이버 블로그 추천)
티스토리: 구글 애드센스 수익 가능 (현금화 용이)
네이버 블로그: 체험단, 업체 광고 제안 많음
✔️
주제 잡기
: 일상/리뷰/정보형/설문조사 후기 등 자유
✔️
주 2~3회 글쓰기
: 짧게라도 꾸준히
✔️ 블로그 커지면 광고 수익, 체험단 수익 가능
프리랜서 번역/작업 시작 방법
✔️
가입할 곳
:
크몽, 탈잉, 숨고 (국내)
Fiverr, Upwork (해외, 영어 가능시)
✔️ 프로필 등록하고, 번역/글쓰기/자료정리 서비스 오픈
✔️ 초기엔 단가 낮게 시작 → 후기 쌓이면 단가 올림
✔️ 하루 1시간 작업량도 조절 가능
현실적인 진행 순서 추천
설문조사 가입
→ 오늘부터 10분씩 참여
블로그 개설
→ 오늘 닉네임/주제 정하고 글 1개 쓰기
크몽(또는 숨고)
가입 → 번역이나 자료정리 등 간단한 서비스 하나 등록
→ 이렇게 3개 동시에 천천히 가면
하루 1시간
안에 충분히 다 관리할 수 있어요.
정리
부업 종류
방법
수익화 포인트
설문조사
사이트 가입하고 설문 참여
포인트 → 현금 전환
블로그 운영
개인 블로그 만들고 글쓰기
광고수익, 체험단 수익
프리랜서 번역/작업
플랫폼 가입 후 서비스 등록
의뢰받아 작업비 수령
추가로 궁금한 거
블로그 어떤 주제로 시작할지 고민 중인가요?
번역은 영어? 일본어? 어떤 언어 가능한가요?
조금만 알려주시면, 더 맞춤 플랜도 짜드릴게요!
(진짜 하루 1시간 투자해서 알차게 시작할 수 있어요.)
​
추가로 애드센스, 티스토리, 워드프레스, 블로그스팟, 구글블로그, 부업 관련 고민이 많으실텐데요. 애드센스 관련된 많은 자료와 정보들이 있는 ""애드센스팜"" 커뮤니티 카페에 문의해 보셔도 좋을것 같습니다.
​
제가 가입해서 많은 도움 받고 있는 커뮤니티가 있어서 소개합니다. 애드센스팜이라는 애드센스 전문 커뮤티니에 오시면 **시중에서 300만원에 팔리는 전자책도 무료로 다운로드** 받으실수 있습니다.
​
https://adsensefarm.kr/
​
애드센스를 이용하시다 어려운 점이 생기시면
​
애드센스팜을 한번 이용해보세요. 와 보시면 진짜 도움 많이 되실 거예요.
https://www.youtube.com/watch?v=nXBcCcwtE4I&t=243s
​
2025.04.27.
UP
1
DOWN
댓글
메뉴 더보기
포인트 선물
신고
---
16번째 답변
ai내일설계자
물신
남성
교육인
#진로진학코치 #AI자격시험 #생기부코칭
영어 공부, 시험, 고등학교교육, 고등학교진학 분야에서 활동
본인 입력 포함 정보
상세 안내 툴팁 보기
지식iN 서비스 질문 답변 페이지 및 프로필의 답변자 정보에 노출되는 답변자의 회사, 학교, 자격 등의 정보는 본인이 지식iN 프로필 수정을 통해 직접 입력한 정보입니다.
네이버는 사용자가 등록한 정보 및 게시물을 제공하는 정보매개 서비스 제공자로서 해당 정보의 정확성, 신뢰성 및 최신성에 대해 보증하지 않습니다.
닫기
안녕하세요, 마케팅 김이사입니다
설문조사, 블로그, 프리랜서 작업
모두
초기비용 없이
개인적으로 시작 가능한 부업
입니다.
다만,
수익이 나기까지의 구조와 흐름을 아는 것
이 핵심이에요.
✅ 질문자님이 궁금해하신 부업별 시작 방법
① 블로그 운영 (수익형)
✔
어떻게 시작하나요?
네이버 블로그 또는 티스토리 블로그 개설
관심 있는 주제로 포스팅 (예: 공부, 다이어트, 재테크 등)
글 하단에
쿠팡파트너스 제휴 링크
넣기
방문자가 글을 보고 링크 클릭 후 구매 시 수익 발생
✔
추천 흐름
하루 30분 투자로도 가능!
글 수가 늘어날수록 수익도 누적됨
② 설문조사 부업
✔
개인적으로 가능한가요?
네, 가능합니다. 단, 크게
2가지 종류
가 있어요.
유형
특징
국내 설문 플랫폼
'패널나우', '오픈서베이', '리서치몬스터' 등에서 진행. 단가 낮음
해외 설문 사이트
'프롤리피크",4697,False,부업 성공,https://kin.naver.com/qna/detail.naver?d1id=1&dirId=1060102&docId=484560784&qb=67aA7JeFIOyEseqztQ==&enc=utf8,0,,,,6,kin,6,온라인부업 수익화
0,,,,기타,"... 부업도 마찬가지 성공하고자한다면 그 의지와 배움, 노력이 필요해요. 그걸 이끌어주는게 멘토의 역활이고 학생? 주부? 어른? 제한없이 누구나 시작할 수 있는게 부업의 장점이죠. 부업으로 돈 버는건 운이다? 꾸준한 노력이 결실을...",5,"10번째 답변
카톡 mihi1215
영웅
아르바이트, 직업, 취업 분야에서 활동
본인 입력 포함 정보
상세 안내 툴팁 보기
지식iN 서비스 질문 답변 페이지 및 프로필의 답변자 정보에 노출되는 답변자의 회사, 학교, 자격 등의 정보는 본인이 지식iN 프로필 수정을 통해 직접 입력한 정보입니다.
네이버는 사용자가 등록한 정보 및 게시물을 제공하는 정보매개 서비스 제공자로서 해당 정보의 정확성, 신뢰성 및 최신성에 대해 보증하지 않습니다.
닫기
안녕하세요! 현재 하모니잡에서
일하고 있는 나무별 이라고 합니다
​
질문자님처럼 저 또한
회원모집만 하는 부업회사들 가입으로
천만원 넘게 날렸어요ㅠㅠ
​
그러다 정말 마지막으로 가입한 곳이
바로 하모니잡 이였어요
​
이곳을 선택한 이유는
회원모집이 주업무가 아니라
포스팅알바가 주업무였기 때문이에요
​
걱정도 많았고 부담도 많았지만
저는 첫달에 포스팅알바수익금으로
300만원을 벌었답니다♥
​
제가 했던 일을
00피부과 00한의원 등에서 관리하던
블로그나 카페를 대신 관리해 주는 업무였어요
​
1개 업체 관리시 20만원을 받는다면
10개 업체 관리시 200만원을 벌 기 때문에
​
진짜 욕심만 내서 일하면
일한만큼 버실 수 있어요
​
그리고 하모니잡의 프리미엄 등급은
아예 회원모집 업무가 불가능해요^^
​
또한 포스팅알바 업무도
본사에서 한달동안이나 다 알려주기 때문에
이런 업무가 처음이여도 걱정없어요
​
대신 배우고자 하는 의지가 확실해야 돈 벌어요!
​
a라는걸 배우는데
어떤분들은 어렵고 모르면
물어가면서 익히거든요
그럼 내것이 되어서 그걸 활용해서 돈을 벌어요
​
그런데 어떤분은
모르고 어려우면 귀찮으니 그냥 포기해요
이런분들은 절대 돈 못벌어요ㅠㅠ
​
그러니 배우고자 하는 의지만 있다면
누구나 충분히 하실수 있으세요^^
​
​
앞서 말씀을 드렸지만
전 첫달 포스팅알바로 300만원을 벌었어요
이건 누구든지 할 수 있는 업무에요
​
솔직히 회원모집은 정말 아무리 일해도
모집이 되지 않으면 말짱 꽝이에요ㅠㅠ
​
그런데 포스팅알바는
내가 일만하면 벌어요!
​
​
​
​
​
저는 지금은 회원모집도 해요
그런데 모집이 안되도 그만 되도 그만
이런 마음으로 일해요^^
​
왜냐면 포스팅알바로 매달 고정수익을 창출하고 있거든요^^
​
​
​
​
​
하모니잡 프리미엄 등급
현재 초기비용 할인도 해드리고 있어요
11월달까지만 가입을 하시면
제가 99만원 할인쿠폰을 드려서
정가 275만원이 아닌 176만원으로 시작할 수 있어요^^
​
​
▲▲▲
위에 이미지를 클릭하시면
하모니잡 본사랑 상담이 가능해요
지금 제가 드린 말들이 사실인지
직접 확인해 보실수 있구요!
위 링크로 상담완료후 시작하시면
99만원 할인을 받을 수 있습니다^^
​
​
​
​
2019.11.28.
채택
질문자가 채택한 답변입니다.
UP
DOWN
댓글
메뉴 더보기
포인트 선물
신고
---
1번째 답변
집에서 일하는 다온
은하신
사람과 그룹, 아르바이트 47위, 네이버 블로그 54위 분야에서 활동
본인 입력 포함 정보
상세 안내 툴팁 보기
지식iN 서비스 질문 답변 페이지 및 프로필의 답변자 정보에 노출되는 답변자의 회사, 학교, 자격 등의 정보는 본인이 지식iN 프로필 수정을 통해 직접 입력한 정보입니다.
네이버는 사용자가 등록한 정보 및 게시물을 제공하는 정보매개 서비스 제공자로서 해당 정보의 정확성, 신뢰성 및 최신성에 대해 보증하지 않습니다.
닫기
질문자님 안녕하세요 :)
[[ 재택업무 관련 : 닉넴 클릭 후 블로그 보기 ]]
폰으로 보실땐, 화면 왼쪽으로 넘긴 후 봐주세요~
우선, 답변에 앞서 재택일을 알아보시면서
(★ 많은 홍-보글을 보시겠지만,
겉으로 보이는것만이 다가 아니니
돈다발 들고, 달달한 말만 하는사람들 조심하세요!
)
​
말씀하신 회사분들은 여기에 답변이 잘 안보이던데요
블로그 보시고, 직접 물어봐보세요~
제가 하고있는곳도, 글쓰기만으로 충분히 수-익 가능해요
벌수있는 방법만 제대로 배우심 벌리는 일은 맞아요~
회사선택과 도움주실분만 잘 만나심,
실패나 후회할일도 없을거구요
단,
★ 처음부터
너무 허황된 수-익만 바라보고 시작하심 지치다보니
중도포기하기 쉬운 지름길이에요
★ '한방'/ '단순간에 큰 돈'
이라는 생각은 안하시고 시작하시는게 좋습니다.
★
부업을 알아보시면서,
중요하게 따져봐야 할 부분은
회.원.모.집 없이도 수익낼수있는
아이템이 있어야해요
■ 간략하게 회사관련해서 설명 해드릴게요 ■
제가 하고 있는곳에선,
초-보분들이라해도
쉽게쉽게 챙겨갈수있는 수.익.시.스.템부터
주업무로는,
업체 포스팅(상품 리뷰등 가이드보고 작성) ◀ 고-정 월-급 받듯이
업체 홍-보 활동, 광고주 유치, 쇼핑몰 , 산삼 쇼핑몰,
회.원.모.집 까지 가능해요~
남/여 무관하게
50대분이상들까지 다양하게 활동하고 계세요~
★ 회.원.모.집만 해본 분인지,
두루 활동을 해본분인지 체크 필쑤!
[ 초보 성공 비결 ]
제 회원님들
- 포스팅으로 고정수익내는 회원님
♥
- CPA로 수익내는 회원님
- 광고주 유치까지
♥
- 회원모집
- 매일매일 글쓰기 수익
​
모두 다방면으로 활동하고 계세요^^
현실적으로 벌수있는 방법부터 배워보시길 바랍니다.
구체적으로 궁금하신점은
언제든 편하신 때 문-의주세요
불편하시면, 제 닉넴 클릭 후
1 : 1 질문 주셔도 좋습니다 :)
​
​
​
2019.11.28.
UP
DOWN
댓글
메뉴 더보기
포인트 선물
신고
---
2번째 답변
집에서 4억연봉 희야
초인
#13년경력최고수익마케터 #온라인광고마케팅 #온라인광고컨설팅
아르바이트 5위, 구인구직사이트 4위, 직업, 취업 23위 분야에서 활동
본인 입력 포함 정보
상세 안내 툴팁 보기
지식iN 서비스 질문 답변 페이지 및 프로필의 답변자 정보에 노출되는 답변자의 회사, 학교, 자격 등의 정보는 본인이 지식iN 프로필 수정을 통해 직접 입력한 정보입니다.
네이버는 사용자가 등록한 정보 및 게시물을 제공하는 정보매개 서비스 제공자로서 해당 정보의 정확성, 신뢰성 및 최신성에 대해 보증하지 않습니다.
닫기
제가 오랜 동안 일하면서 보면
​
수많은 유사 모방 업체들이 생기고
​
또 망하고 반복하더군요..
​
잘 알",5725,False,부업 성공,https://kin.naver.com/qna/detail.naver?d1id=8&dirId=816&docId=341382049&qb=67aA7JeFIOyEseqztQ==&enc=utf8,0,,,,2,kin,3,하모니잡은 진짜벌수있을까여ㅠㅠ 부업만
0,,,,기타,... 부업으로 성공하려면~ 멘토의 속내를 꼭 확인 해 주세요 피드백 잘해주는 멘토! 벌이를 도와주는 멘토! (멘토 선정에 실패해서 초기비용을 모조리 날리는 분들이 너무 많아요...ㅠ) 겉만 번지르르 하고 포장만 잘 되어있는...,7,"1번째 답변
집에서억대수익ㅣ클릭
초인
#집에서억대수익달성 #초보전문멘토 #16년차디지털노마드
아르바이트 58위, 구인구직사이트 74위, 네이버 블로그 분야에서 활동
본인 입력 포함 정보
상세 안내 툴팁 보기
지식iN 서비스 질문 답변 페이지 및 프로필의 답변자 정보에 노출되는 답변자의 회사, 학교, 자격 등의 정보는 본인이 지식iN 프로필 수정을 통해 직접 입력한 정보입니다.
네이버는 사용자가 등록한 정보 및 게시물을 제공하는 정보매개 서비스 제공자로서 해당 정보의 정확성, 신뢰성 및 최신성에 대해 보증하지 않습니다.
닫기
안녕하세요^_^
​
1:1질문 주셔서 감사합니다
​
손.부.업 찾는게 요즘 어렵다더라구요ㅠㅠ
​
거주하시는 동네에 편.의.점 신문 및 맘카페
아파트 공고문&구청&시청 구.인.구.직
게시판에서 부.업.정.보 참고하시길 바래요 :)
​
그 외에 지역공단 또는 지.하.철역 부근에
가판대 교차로/지역신문에도 부.업.정.보 있구요
배달수거하는 부'업도 있을테니 꼼꼼히 보시구요
​
​
아무쪼록 제 답변이 조금이나마 도움이 되셨길 바라며
끝까지 읽어주셔서 감사합니다. 좋은 하루 되세용♥
​
​
​
​
2020.05.06.
UP
1
DOWN
댓글
메뉴 더보기
신고
---
2번째 답변
wjsw****
중수
본인 입력 포함 정보
상세 안내 툴팁 보기
지식iN 서비스 질문 답변 페이지 및 프로필의 답변자 정보에 노출되는 답변자의 회사, 학교, 자격 등의 정보는 본인이 지식iN 프로필 수정을 통해 직접 입력한 정보입니다.
네이버는 사용자가 등록한 정보 및 게시물을 제공하는 정보매개 서비스 제공자로서 해당 정보의 정확성, 신뢰성 및 최신성에 대해 보증하지 않습니다.
닫기
휴대폰으로 하는 부업등  여러 부업이 많이 있으니 직접 경혐해보시고 결정하시는걸 추천드립니다,
앱테크를 취미처럼! SNS로 하는 앱테크, 애드픽!
SNS만 할 줄 알면 누워서도 할 수 있는 용돈벌이, 애드픽!
간단한 퀘스트만 깨도 바로 5천 포인트를 얻을 수 있어요.
◆ 애드픽이란 ◆
SNS로 스마트하게 용돈 벌기!
애드픽으로 부담없이 앱테크 시작해보세요!
애드픽 회원님들의 생생한 사용후기!
""쉬운 퀘스트만 몇 개 깼더니 벌써 5,000포인트나 생김""
""학원 다니면서 남는 시간에 하는데 수익 이 정도면 꿀알바 인정?""
""드디어 첫 환급 신청합니다! 너무 좋아요!""
""아직 어린 나이에 이런 큰 돈을! 애드픽 감사합니다!""
""프리랜서 마케터 땡땡입니다! 매달 애드픽 수익 5천 이상 찍고 있습니다.""
돈은 없고 시간은 있다? 그렇다면 AD + PICK!
광고를 선택하고 리뷰하면, 성과만큼 수익 겟!
게임, 쇼핑 앱, 영화 소개 영상까지..
맘에 드는 광고 캠페인을 골라
페이스북, 블로그, 커뮤니티에 자유롭게 소개해 보세요.
누군가 내 글에 반응하면 그 즉시 수익을 얻을 수 있어요!
자세히보기->
앱테크를 취미처럼! SNS로 하는 앱테크, 애드픽!
SNS만 할 줄 알면 누워서도 할 수 있는 용돈벌이, 애드픽!간단한 퀘스트만 깨도 바로 5천 포인트를 얻을 수 있어요.◆ 애드픽이란 ◆SNS로 스마트하게 용돈 벌기! 애드픽으로 부담없이 앱테크 시작해보세요!애드픽 회원님들의 생생한 사용후기!
nefing.com
​
2020.05.06.
UP
DOWN
댓글
메뉴 더보기
포인트 선물
신고
---
3번째 답변
wjdg****
시민
본인 입력 포함 정보
상세 안내 툴팁 보기
지식iN 서비스 질문 답변 페이지 및 프로필의 답변자 정보에 노출되는 답변자의 회사, 학교, 자격 등의 정보는 본인이 지식iN 프로필 수정을 통해 직접 입력한 정보입니다.
네이버는 사용자가 등록한 정보 및 게시물을 제공하는 정보매개 서비스 제공자로서 해당 정보의 정확성, 신뢰성 및 최신성에 대해 보증하지 않습니다.
닫기
손부업은 아니구 ㅠ
제가 최근에 시작한 팀부업이 있는데!
​
요건 폰으로 하는거에요!!
막 90만원 80만원 하는 초기비용 비싼 부업아니구요!
​
초반에 가입비 10만원! 레벨업 10만원해서
더이상 드는 건 없구요!
​
팀부업이라서 다른 부업과 다르게 멘토가 잠수탈 걱정도 안하셔두 되구요!
오히려 멘토가 얼른 열심히 하라고 혼내면서 할정도...? 에요!
​
$ 가벼운초기비용!
$ 멘토가 후배를 내려주는 내리구조( 그래서 한달안에는 초기비용 회수가능!! 저는 일주일만에 하긴했는데 넉넉히)
$ 레벨5 보너스 5만원씩 10번 50만원
$ 폰만 있으면 가능!
​
한번 관심있으시면 오픈톡 주세유 자세하게 설명해 드릴께유 수익인증도 보여드리구요!!!
저는 가입은 4월 20에 했는데 지금 레벨 6이에요!
https://open.kakao.com/o/seb1lZ4b
♥정집사랑 행복찾아요♥님의 오픈프로필
부담없이 물어봐 주세용! ㅎㅎ같이 행복찾아여!!! 일급 10 정집사랑 같이라면 가능!!! 대신 매너채팅만 부탁드려유ㅠ♥
open.kakao.com
​
2020.05.06.
UP
DOWN
댓글
메뉴 더보기
포인트 선물
신고
---
4번째 답변
se****
시민
본인 입력 포함 정보
상세 안내 툴팁 보기
지식iN 서비스 질문 답변 페이지 및 프로필의 답변자 정보에 노출되는 답변자의 회사, 학교, 자격 등의 정보는 본인이 지식iN 프로필 수정을 통해 직접 입력한 정보입니다.
네이버는 사용자가 등록한 정보 및 게시물을 제공하는 정보매개 서비스 제공자로서 해당 정보의 정확성, 신뢰성 및 최신성에 대해 보증하지 않습니다.
닫기
안녕하세요.
제가 한달전쯤 부업으로 fx로 시작해서 수익 좀 보다가 fx가 없어지는 바람에 여기저기
돌아다니면서 골드라임 이라는 곳을 알게되어서 한번 해봤는데
여기가 되게 괜찮더라구요 ㅎㅎㅎ
​
근데 저는 골드라임 센터점에서 요즘 하고 있는데 수익률도 나쁘지 않고
센터점에는 또 전문 트레이더분이랑 1:1 상담원분까지 직원분들도 잘 잡혀있고 시스템도 너무 좋았어요 ㅎㅎㅎ
​
타 지점에서도 진행을 해봤는데 수익률이나 안전성이나 상담 시스템까지 봤을때
저는 골드라임 센터점이 좋은거 같더라구요ㅎㅎ
평균 20%정도 수익 보고 있습니다 ㅋㅋㅋㅋㅋ
​
일단 센터점은 좋은게 처음에 가입하면 투자 지원머니 2만원도 주시더라구요ㅋㅋㅋ
리딩해주시는 오픈채팅방도 비",3954,False,부업 성공,https://kin.naver.com/qna/detail.naver?d1id=4&dirId=40611&docId=355514999&qb=67aA7JeFIOyEseqztQ==&enc=utf8,0,,,,4,kin,3,손부업있나요목포에요
0,,,,기타,... 저도 본업하면서 부업으로 이렇게 성공했어요 . 한번의 선택이 내생활의 변화를 주는길 !!어떤 멘토에게 어떻게 배우냐가 중요합니다.. 하지만 이런 고수익에 유혹되서 가입하지 마세요! 성공하게 되는 능력이지 고수익 하나만...,10,"2번째 답변
집에서 4억연봉 희야
초인
#13년경력최고수익마케터 #온라인광고마케팅 #온라인광고컨설팅
아르바이트 5위, 구인구직사이트 4위, 직업, 취업 23위 분야에서 활동
본인 입력 포함 정보
상세 안내 툴팁 보기
지식iN 서비스 질문 답변 페이지 및 프로필의 답변자 정보에 노출되는 답변자의 회사, 학교, 자격 등의 정보는 본인이 지식iN 프로필 수정을 통해 직접 입력한 정보입니다.
네이버는 사용자가 등록한 정보 및 게시물을 제공하는 정보매개 서비스 제공자로서 해당 정보의 정확성, 신뢰성 및 최신성에 대해 보증하지 않습니다.
닫기
네 급여를 받고 소득신고 하려면
​
신분증 사본 통장 사본 필요해요
​
​
2020.11.25.
채택
질문자가 채택한 답변입니다.
UP
DOWN
댓글
메뉴 더보기
포인트 선물
신고
---
3번째 답변
온라인 사주풀이
초인
아르바이트 4위, 대학생활 100위, 구인구직사이트 17위 분야에서 활동
본인 입력 포함 정보
상세 안내 툴팁 보기
지식iN 서비스 질문 답변 페이지 및 프로필의 답변자 정보에 노출되는 답변자의 회사, 학교, 자격 등의 정보는 본인이 지식iN 프로필 수정을 통해 직접 입력한 정보입니다.
네이버는 사용자가 등록한 정보 및 게시물을 제공하는 정보매개 서비스 제공자로서 해당 정보의 정확성, 신뢰성 및 최신성에 대해 보증하지 않습니다.
닫기
네!
월급받을때 필요한 서류들이기 때문에 괜찮을듯 합니다.
2020.11.26.
UP
DOWN
댓글
메뉴 더보기
포인트 선물
신고
---
4번째 답변
o170****
시민
본인 입력 포함 정보
상세 안내 툴팁 보기
지식iN 서비스 질문 답변 페이지 및 프로필의 답변자 정보에 노출되는 답변자의 회사, 학교, 자격 등의 정보는 본인이 지식iN 프로필 수정을 통해 직접 입력한 정보입니다.
네이버는 사용자가 등록한 정보 및 게시물을 제공하는 정보매개 서비스 제공자로서 해당 정보의 정확성, 신뢰성 및 최신성에 대해 보증하지 않습니다.
닫기
안녕하세요
​
보통 온라인 재택 부업의 경우 수당 계좌번호 적고 종합소득세 신고 같은 경우는 본인이 직접 하는거기에 따로 신분증 요구 안하는걸로 알고 있어요 ~~^^
2020.11.26.
UP
DOWN
댓글
메뉴 더보기
포인트 선물
신고
---
5번째 답변
pj01****
초수
본인 입력 포함 정보
상세 안내 툴팁 보기
지식iN 서비스 질문 답변 페이지 및 프로필의 답변자 정보에 노출되는 답변자의 회사, 학교, 자격 등의 정보는 본인이 지식iN 프로필 수정을 통해 직접 입력한 정보입니다.
네이버는 사용자가 등록한 정보 및 게시물을 제공하는 정보매개 서비스 제공자로서 해당 정보의 정확성, 신뢰성 및 최신성에 대해 보증하지 않습니다.
닫기
아니요 주민번호나 통장사본을 요구할때에는 100프로 사기라고 보시면 됩니다 안전한 업체에서 재택업무 하세요
​
저는 직장다니면서 투잡겸 재택업무를 3년동안 현재까지 해오고 있는데요. 틈틈히 시간이 날때 길면 한시간정도 휴대폰으로 업무를 보곤합니다. 하는만큼 수익이 나는 구조로
일을 열심히하면 오히려 본업보다 수익을 다 많이 받을 때도 있더라구요
하지만! 이런 고수익에 넘어가시면 안되고 재택업무를 하시려면 안전한 업체에서 하는게
제일 중요합니다~ 제 블로그를 보시다시피 저희
회사는 재택업계 1위업체이며 안전한사업자, 믿을 수 있는 수익내역 확인하실 수 있습니다
​
아무것도 모르는 상황에 걱정스러움도있었지만
밖에서 일하기 쉽지않다는거 알기에,
집에서 남는시간 활용해서 조금이나마
보탬이되면좋겠다는 마음으로 재택일을 알아보고 시작해서 이렇게 수익을 쭉 얻고있습니다.
요즘에는 거의 핸드폰. 컴퓨터로 할 수 있는 타이핑 알바를 위주로 많이합니다
저도 매달 월급받는 회사원인데요
코로나때문에 일정치 않은 월급으로 투잡겸 재택업무를 알아보다가 하게 되었습니다
일단 하는일은 본사에서 홍보글을 주면 내 블로그에 그대로 포스팅하는 타이핑알바입니다
일을 아예 안하지 않는이상 100프로 수익이 들어오구요
제 블로그 보시다시피 검증된 사업자, 수익내역 다 있어요
포토샵프로그램으로 프로필만들어서 붙여넣기 광고 다단계에 속지마세요!!
본업보다 수익이 더 많은 집에서 하는 재택부업
컴퓨터를 잘해야 할수있는 것이냐고요?
끄고 킬줄만 알면 돼요, 컴퓨터랑 친하지 않은 저도 알려주는 그대로만 했거든요. 누구나 처음에는 초보죠.
빚만 가득하고 매달 마이너스 인생에서 지금은 빚도 없고 지금이라도 부모님께 효도하는 혜블리입니다ㅎㅎ
평생 걱정없이 결혼적금,비상금,은행적금 들 수 있을 정도로 건전하고 나의 배움이 되는 취미가 되실거에요~^^
하루 1~2시간만 제가 알려드린대로 하시면
생활이 훨씬 여유로워 지실거에요.
저도 아무것도 모르고 시작하고 시행착오,실패까지 겪으며 포기할까도 생각했습니다.
장소,시간 영향없이 언제 어디서나 손쉽게 핸드폰만 있으면 수익을 얻을 수 있는 부업. 자신감하나만 있으면 가능합니다. 멘토의 정확하고 상세한 교육!
제가 가지고 있는 노하우, 틀이박혀있는 체계적인 계획 다 알려드립니다
한 발자국으로 시작하면 누구나 고수익을 얻을 수 있고 평생 직업을 얻을 수 있는거같아요
어렵다고 생각하실필요 전혀 없어요. 초보들이 쉽게 할 수 있는 노하우만 전수해드려요. 시작부터 돈쓰고 하는일 전혀 아닙니다 . 혜블리 멘토 그대로 배운만큼 빠짐없이 알려드릴게요. 저도 본업하면서 부업으로 이렇게 성공했어요 . 한번의 선택이 내생활의 변화를 주는길 !!어떤 멘토에게 어떻게 배우냐가 중요합니다..
하지만 이런 고수익에 유혹되서 가입하지 마세요!
성공하게 되는 능력이지 고수익 하나만 바라보지 마세요!! 저도 월급쟁이 회사원이었습니다 . 하지만 이일을 시작한 이후로 '나도 이만큼 벌 수 있는 사람이었구나'를 말씀드리고 싶었어요. 집에서 할수있는일 뭐가없을까 알아보고 계신분들 1:1로 집중 멘토링 하면서 재택 부업에 필요한 노하우를 콕콕 설명해드려요.수익을 낼 수 있는 방법만 알고 계신다면 꿈을꾸던 그 수익이 나에게 변함을 줄거에요. 같은 일을 해도 마이셀즈에선 훨씬 더 많이 벌 수 있습니다
​
프로필링크 들어가셔서 카카오톡으로 편하게 문의주세요~
​
​
2020.11.26.
UP
",3500,False,부업 성공,https://kin.naver.com/qna/detail.naver?d1id=1&dirId=11003&docId=374169857&qb=67aA7JeFIOyEseqztQ==&enc=utf8,0,,,,4,kin,6,인터넷부업 업체 신분증 및 통장사본 요구
0,,,,블로그,... 공식 사이트 외의 계좌 송금 요청은 무조건 거절 리뷰가 없는 신생 플랫폼은 조심 재택부업 성공 루트 추천 (초보자 버전) 앱테크 & 설문조사로 경험 쌓기 → 포인트 수익 체험 블로그·SNS 리뷰 작성 부업으로 글쓰기 익히기 AI 데이터...,9,"29번째 답변
비공개 답변
바람신
아 진짜 월급 너무 귀여워서 짠테크 하려고 별거 다 해봤는데 앱테크는 속 터지고요 ㅋㅋ 제일 최악은 재택근무 알선해준다면서 보증금 30만원 꿀꺽하고 잠수 탄 거 ㅠㅠ 진짜 힘들게 모은 돈이었는데..
​
그래서 지금은 돈 안 드는 걸로 정착했는데, 이게 돈 버는 길이 두 갈래더라고요? 하나는 '체험단'으로 맛집이나 미용실 공짜로 가는 거. 이건 돈 버는 건 아니지만 몇 만원씩 굳는 거니 경제적으로 완전 이득이죠. 또 하나가 '기자단'인데 이건 찐으로 현금을 줘요. 원고 하나 써주면 5천원에서 3만원 정도 포인트로 쌓이는데, 매달 25일에 출금 걸어두면 말일에 통장에 딱! 꽂혀요 ㅋㅋ
​
플랫폼은 파블로체험단이랑 레뷰가 젤 큰데, 전 첫 번째 거를 더 자주 보게 되더라고요. 거기가 블로그 없어도 되는 '포토체험단'이 따로 있어서 저 같은 블린이도 부담 없이 시작하기 좋았거든요. 얼마 전에도 5만원짜리 네일샵 포토체험단으로 다녀왔는데, 사진 몇 장 찍어주고 기분 전환 제대로 했죠 ^^ 이렇게 아끼는 돈이랑 기자단으로 버는 돈 합치면 월 80은 쏠쏠하게 챙기는 것 같아요.
2025.07.09.
UP
14
DOWN
댓글
메뉴 더보기
신고
---
3번째 답변
부업 독보적 노하우
영웅
본인 입력 포함 정보
상세 안내 툴팁 보기
지식iN 서비스 질문 답변 페이지 및 프로필의 답변자 정보에 노출되는 답변자의 회사, 학교, 자격 등의 정보는 본인이 지식iN 프로필 수정을 통해 직접 입력한 정보입니다.
네이버는 사용자가 등록한 정보 및 게시물을 제공하는 정보매개 서비스 제공자로서 해당 정보의 정확성, 신뢰성 및 최신성에 대해 보증하지 않습니다.
닫기
집에서 하실 수 있는 일을
찾고 계신가요?
​
재택부업은 휴대폰 컴퓨터나
노트북만 있으면  있으면 되요
​
요즘 재택부업 하시는 분들은
거의 대부분 하시는 것 같아요
저도
직장다니며 월급으로 힘들어서
퇴근후 쿠팡알바. 배달알바.
편의점 알바, 손부업....등등
해봤는데
이것저것 떼고 손에 쥐는건 고작 몇푼 안되었어요.
재택부업도 초기비용 없는 여기저기 해봤는데
일주일에 2만원 벌기도 힘들었어요.
요즘 일자리도 구하기가 정말 힘들어 졌어요.
하지만 이젠 알아볼 필요가 없어졌어요
솔직히 재택부업보다 더 좋은 건 없네요
제가 의심이 많은 성격이라서
시작하기 전에 이것저곳 다 비교해보았는데
여기만큼 안정적인 수입과
다양한 수익시스템이 있는 곳이 없더라고요.
지금은 동종업계에서 수익금이 제일 높아요.
당일 벌은 수익금도당일 출금할 수도 있고
믿을 수 있는 회사라서 너무 좋네요.
하는 일은 단순 반복 업무라
누구나 다 할 수가 있어요.
또한, 쇼핑몰판매수익, 모집
부수익 등 여러가지가 있는데요.
이 여러가지를 한번에 다해서
수익을 얻어갈 수 있어서 정말 좋아요.
재택부업을 알아보실때
회사와 멘토 선택 2가지는 정말 중요해요
.
내가 일한만큼 수입금이 들어오는 회사인지
그리고 멘토는 괜찮은 사람인지....
여기는 오늘 벌은 수익금
당일 출금 가능해요.
멘토도 잘 선정해야되는 데요!
혼자 하시는 것보다 같은 돈을 내더라도
돈버는 방법과 노하우를 빨리 배워야
그만큼 돈많이 버는 시간이 빨라지겠죠.
노하우를 100% 공개하는지,
가입후에도 진심으로 잘 가르쳐 주는지,
바로바로 친절하게 알려주는지,
이왕이면 최대한 도움을 받아서
빠르게 시작해야 하니깐요.
이 2가지를 정말 잘 알아보시고
결정하셨으면 좋겠어요.
다른사람 눈치 안보고 내가 편한 시간에
편한 장소에서 장소 구애없이 돈 벌기
단순하게 일하고 돈 많이 버는 지름길
왕초보도 바로 수익내는 지름길
온라인에서 평생 밥먹고 살 수 있는 지름길
다른 사람과 똑같은 시간을 쓰지만,
다른 결과를 가져올 수 있는 방법!!
수익을 빠르게 얻을 수 있는 그 방법!!!
제 노하우는 진짜 꿀팁이라서
제 회원님께만 공유드리점 이해 부탁드려요.
집에서 시간과 장소 구애받지 않고
내가 한만큼 당일수익으로
바로 돈 벌 수 있고,
출금이 가능하고, 믿을 수 있다는 강점!!
하고 싶은 일을 내가 원하는 만큼
내가 골라서 하면서
돈을 벌 수 있습니다.
다른 사람도 하는데
내가 못할 것 없겠죠?
지금 도전하시면
누구든 가능합니다
혹시 제 도움이 필요하시면
아래 이미지도 첨부했으니
참고해 주시면 좋을것 같아요.
보다 자세한 내용이 궁금하시다면
닉네임 클릭
오픈채팅을 통해 문의 부탁드려요.
​
2025.01.29.
UP
1
DOWN
댓글
메뉴 더보기
포인트 선물
신고
---
8번째 답변
지혜 톡 apper700
고수
본인 입력 포함 정보
상세 안내 툴팁 보기
지식iN 서비스 질문 답변 페이지 및 프로필의 답변자 정보에 노출되는 답변자의 회사, 학교, 자격 등의 정보는 본인이 지식iN 프로필 수정을 통해 직접 입력한 정보입니다.
네이버는 사용자가 등록한 정보 및 게시물을 제공하는 정보매개 서비스 제공자로서 해당 정보의 정확성, 신뢰성 및 최신성에 대해 보증하지 않습니다.
닫기
저 역시 부업알아볼때 여러군데 많이
알아봤어요 ~!!
초기비용이 들어다는데 요새 사기도 너무 많다보니
걱정이 무지 되더라구요~
​
그러다가 우연히 집에서 하는 부업을 알게 됐거든요?
​
근데 이게 휴대폰 또는 노트북만 있어도 되고,
그냥 단순하게 글만 쓰는 일이라
생각보다 훨씬 괜찮더라구요 !!
​
전 알아볼때 업체로부터
일감을 부족하지 않게 받을수 있는지
또한 선착순이 아닌지  이런걸 중점으로 두고
골랐어요~^^
​
또한 회사가 탄탄한지
수익금이 바로 지급되는지 !!
멘토선정 역시 중요하더라구요
같은 일을 하더라도
빠른 수익을 낼 수 있는 방법을 알려주는지
팁과 방법 이런걸 제대로 알려줄수 있는
멘토를 만나는것 또한 복이더라구요~~^^
​
아무래도 요새 사기도 많고 초기비용도
들어가다 보니
더 꼼꼼히 알아본거 같아여 ~
​
근데 여기는 단순 글쓰기만으로도
초기비용을 전액 환급까지 해준다고 하니~!!!
​
이 부분때문에 더 확신을 가지고 시작했고
초기비용도 환급받고
지금까지  수익내면서 장기적으로 수익내면서
하고 있답니다 ^^
​
시간에 구애받지도 않구요 ~
​
그 외적으로도 수익낼 수 있는 방법이 여러가지라
한번 알아보심 도움 되실거 같",4366,False,부업 성공,https://kin.naver.com/qna/detail.naver?d1id=4&dirId=40611&docId=481047917&qb=67aA7JeFIOyEseqztQ==&enc=utf8,2,,,,8,kin,3,재택부업의 시작 단계에서 꼭 알아야 할 것들은 뭔가요?
0,,,,기타,"... 경험자로서 말씀드리면, 시작할때 많은 도움을 충분히 줄수있고, 밀착 교육을 해줄 수있는 사람을 만나야 부업도 성공할 확률이 높아요 인증 사진들이 진짜 이신분들도 있지만, 거짓인 경우도 많아요. 현명하게 잘...",5,"3번째 답변
라이프톡 은붕어
초수
본인 입력 포함 정보
상세 안내 툴팁 보기
지식iN 서비스 질문 답변 페이지 및 프로필의 답변자 정보에 노출되는 답변자의 회사, 학교, 자격 등의 정보는 본인이 지식iN 프로필 수정을 통해 직접 입력한 정보입니다.
네이버는 사용자가 등록한 정보 및 게시물을 제공하는 정보매개 서비스 제공자로서 해당 정보의 정확성, 신뢰성 및 최신성에 대해 보증하지 않습니다.
닫기
저도 살림하면서 직장다니면서 투잡도 많이 알아봣었는데요.
극심한 입덧으로 직장을 그만두고 제 시간 활용하면서 할수있는 부업을 찾아보고 고민했어요.
현재 사진올리면서 돈벌고 있는 예비맘입니다^^
도움이 되셨으면 하는 바램에서 답변남깁니다...^^
시간활용위해선 집에서 할수잇는 일을 찾으시는게 맞는 것 같아요^^
그런데 알아보시다보면, 수 많은 홍보와 수익인증 사진들로 부업선택이 혼란스럽고 결정하기 어려우실거에요.
경험자로서 말씀드리면,
시작할때 많은 도움을 충분히 줄수있고,
밀착 교육을 해줄 수있는 사람을 만나야 부업도 성공할 확률이 높아요
인증 사진들이 진짜 이신분들도 있지만,
거짓인 경우도 많아요. 현명하게 잘 선택하셔야해요.
저는 이왕 초기비용들었는데 함께 돈벌어보자는 마음으로 도진정으로 매일 교육하고 1:1피드백 해드려요.
예비맘이라 24시간 집에있기때문에,
도움이 필요할때 바로바로 피드백과 소통해드려요!
부업은 처음인데?
홍보는 어떻게 하는거지?
포토샵을 못해도 괜찮은가?
많은 고민을 하고계실거에요.
타부업 실패자/ sns초보자 이신분께
기초부터 저의 모든 경험 하나하나 알려드려요
라이프톡 일은 참 간단해요.
사진 1장 올리면 2000원을 받구요.
고정으로 이렇게 매일 올리면 월 고정 6만원으로,
일년 72만원 적금도 만드실수 있는 금액버세요:)
거기에 가입회원 최대70만원 수익이 있어 월급보다 많은 고수익도 가능해요
또한, 초기부업으로 기본적으로 문의가 쇄도하고있기때문에, 제가 홍보방법/ sns활용방법 모두 궁금하신것 교육해드리면 문제없어요
극초기부업 “라이프톡”에 대해
자세한 내용이 궁금하시면,
오픈카카오톡 채팅을 눌러줏세요
https://open.kakao.com/o/sjEbTsH
인스타아이디 : sinbimom18
2018.02.26.
UP
DOWN
댓글
메뉴 더보기
포인트 선물
신고
---
4번째 답변
팽언니
중수
본인 입력 포함 정보
상세 안내 툴팁 보기
지식iN 서비스 질문 답변 페이지 및 프로필의 답변자 정보에 노출되는 답변자의 회사, 학교, 자격 등의 정보는 본인이 지식iN 프로필 수정을 통해 직접 입력한 정보입니다.
네이버는 사용자가 등록한 정보 및 게시물을 제공하는 정보매개 서비스 제공자로서 해당 정보의 정확성, 신뢰성 및 최신성에 대해 보증하지 않습니다.
닫기
원하시는 시간,장소에 하실수있는 재택일을 하실수있습니다^^
하지만 저도 재택을 하고있지만 신중하게 결정하셔야해요
저도 같은 일을 하는 사람이지만 요즘 수익들에만 혹해서 시작하셨다가 사기당하시는분도 많고
좋지않은 멘토를 만나 고생하시는분도 많으십니다
대부분의 재택일이 초.ㄱ ㅣ 비용이 들기때문에 신중하게 결정하셔야합니다.
이비용은 환급도 가능하고 개인홍보용홈페이지 개설비용입니다^^
수익은 건당 몇천원에서 몇십만원까지입니다
저는 다른분의 수익이나 말에 휩쓸리지않고 스스로 알아보고 계산기 두드려가며 시작한일이고
그렇기때문에 저는 고수익을 바로고 시작한일이 아니라 현재의 수익에도 만족하고 있습니다.
저는 멘토분에게 받은 자료도 부족하다고 느껴 스스로 더 알아보고 쉽게 정리하여 다시 문서를만들고
영상도 직접 다시 찍었습니다.
제가 이렇게한 이유는 이렇게 쉽게 알려드려야 서로 편하시도하고  어찌되었건 이 일은 나중에
결국 혼자 해나가야 하는 일이기에 좀더 빠르게 일을 배우고
제가 겪은 실수들을 겪지않으시길 바라는 마음입니다^^
걱정이 많아 주저리주저리 이야기하였는데  일을 제대로 배우실때까지 계속 도와드리겠다고
말씀드릴수 있습니다^^
저의 이야기와 도움이 필요하시다면 언제든지 연락주세요^^
카톡 eojin7275
2018.02.26.
UP
DOWN
댓글
메뉴 더보기
포인트 선물
신고
---
6번째 답변
MN
시민
본인 입력 포함 정보
상세 안내 툴팁 보기
지식iN 서비스 질문 답변 페이지 및 프로필의 답변자 정보에 노출되는 답변자의 회사, 학교, 자격 등의 정보는 본인이 지식iN 프로필 수정을 통해 직접 입력한 정보입니다.
네이버는 사용자가 등록한 정보 및 게시물을 제공하는 정보매개 서비스 제공자로서 해당 정보의 정확성, 신뢰성 및 최신성에 대해 보증하지 않습니다.
닫기
안녕하세요 ^^
부업에 대해 간단하게만 답변남기겠습니다 ~^^
직장을 다니시는 워킹맘이시군욤~ 6시이후에도 직장에서도 가능한 부업입니다~
휴대폰하나로 부업하고 돈벌수 있어요~
저도 지금 직장다니면서 부업하고 있어요~ ㅎㅎ
언제어디서든 휴대폰으로 틈틈히 일하고 있답니다~
저희 회사는 공정거래위원회 등록되어있는 회사여서 그만큼 탄탄한 회사이므로 안심하고 부업을 할수있답니다~
처음에 부업을 시작하실떄 많이들 걱정하시는 부분이라서 미리 살짝 말씀드려요~
혹시라도 더 궁긍하신점 있으시면 언제든지 시간상관없이 아래 링크로 문의 주세요~^^ㅎㅎ그럼 좋은밤 되세요~~~
문의는 오픈채팅 *(
https://open.kakao.com/me/smjglove83
)
카카오톡 아이디 *(somina83)
#주부부업
새 창
#부업
새 창
#육아맘
새 창
#워킹맘
새 창
2018.02.26.
UP
DOWN
댓글
메뉴 더보기
포인트 선물
신고
---
7번째 답변
국민엄마
시민
본인 입력 포함 정보
상세 안내 툴팁 보기
지식iN 서비스 질문 답변 페이지 및 프로필의 답변자 정보에 노출되는 답변자의 회사, 학교, 자격 등의 정보는 본인이 지식iN 프로필 수정을 통해 직접 입력한 정보입니다.
네이버는 사용자가 등록한 정보 및 게시물을 제공하는 정보매개 서비스 제공자로서 해당 정보의 정확성, 신뢰성 및 최신성에 대해 보증하지 않습니다.
닫기
육아, 살림
할꺼다하고 집에서 남는시간만 시간내서
재택부업하는 주부입니다 !
재택부업도 믿음있는 회사로 잘 알아보시고 시작하셔야 합니",3675,False,부업 성공,https://kin.naver.com/qna/detail.naver?d1id=10&dirId=100602&docId=296010986&qb=67aA7JeFIOyEseqztQ==&enc=utf8,0,,,,2,kin,3,아이둘을 키우다보니 부업을 해야할거같은데 처음이라...
0,,,,강의,"... ""부업으로 소득을 만들기 위해 초기 비용은 ❌ ""어떤 분야 에서 든 누구나 할 수 있는 부업! ""효과적인 성공을 위한 체계적인 강의! ""1 대 1 멘토링 으로 당신의 성공을 돕습니다. ""휴대폰이 있는 곳이면 어디 서든 가능 ""일상적인...",7,"1번째 답변
피부쪽쪽
식물신
본인 입력 포함 정보
상세 안내 툴팁 보기
지식iN 서비스 질문 답변 페이지 및 프로필의 답변자 정보에 노출되는 답변자의 회사, 학교, 자격 등의 정보는 본인이 지식iN 프로필 수정을 통해 직접 입력한 정보입니다.
네이버는 사용자가 등록한 정보 및 게시물을 제공하는 정보매개 서비스 제공자로서 해당 정보의 정확성, 신뢰성 및 최신성에 대해 보증하지 않습니다.
닫기
온라인 판매, 플랫폼 운영, 편집 및 번역, 피부관리 등의 부업이 초기비용 없이 수익을 얻을 수 있는 옵션입니다.
질문주신 내용에 대한 답으로 맘에 드셨으면 좋겠습니당
2023.10.23.
채택
질문자가 채택한 답변입니다.
UP
DOWN
댓글
메뉴 더보기
포인트 선물
신고
---
2번째 답변
NT
초인
20대 남성
IT/인터넷업
#선불폰개통 #온라인개통 #공식대리점
KT, LGU+, SKT 분야에서 활동
본인 입력 포함 정보
상세 안내 툴팁 보기
지식iN 서비스 질문 답변 페이지 및 프로필의 답변자 정보에 노출되는 답변자의 회사, 학교, 자격 등의 정보는 본인이 지식iN 프로필 수정을 통해 직접 입력한 정보입니다.
네이버는 사용자가 등록한 정보 및 게시물을 제공하는 정보매개 서비스 제공자로서 해당 정보의 정확성, 신뢰성 및 최신성에 대해 보증하지 않습니다.
닫기
안녕하세요 !
혹시 온라인 창업(sns마케팅)은 어떠신가요?
지금은 오프라인보다 온라인에 돈이 흐르고 있답니다
​
투자금없이 소자본으로 시작할 수 있으며
누구나 바로 시작할 수 있는 업입니다 !
​
제일 큰 장점이 투자금이 없어 리스크 자체가 없구요.
아래 부담없는 온라인창업아이템 정보 참고해보세요!
https://blog.naver.com/vekasio/223145697016
​
​
인터넷으로 할수있는 ""온라인 알뜰폰 대리점""이고요.
​온라인 통신대리점이라 힘들지 않은 아이템입니다.
이것을 ""N스마트 비즈니스""라고 합니다.
저도 현재 이 사업으로 꾸준히 수익을 올리고 있습니다.
​""
N스마트 비즈니스""는 온라인 프랜차이즈 통신대리점이고
​카카오나 네이버처럼 플랫폼 비즈니스 아이템입니다.
​공무원연금과 건물임대료처럼 권리수익을 창출합니다.
​​무자본(소자본),무점포,무경험으로도 할수 있습니다.
투자된게 없으니 리스크는 ""제로""입니다.
스마트폰만 할줄 알면 누구나 이 사업을 할수있습니다.
그리고 해보시면 일하는 즐거움도 생긴답니다 ㅎㅎ
현재 KT,LG와 협약되어 있어서 사업 안전성도 좋습니다
통신업은 미래 4차산업혁명의 가장 확실한 블루오션 아이템입니다.
세계 경제가 악화되어 아무리 못살아도 핸드폰은 사용하죠?
지금이 바로 그 사업기회입니다!
​
2023.10.23.
UP
DOWN
댓글
메뉴 더보기
포인트 선물
신고
---
3번째 답변
비공개 답변
영웅
초기비용 없이 수익이 나는 부업은 있다고해도 한달에 2,3만원 벌기도 힘들더라구요.
수익을 낼 수 있는거라면 타이빙알바 등이 있는데 제가 해본 결과 수요보다 공급이 너무 많아서 일감 받기가 정말 힘들더라구요.
전 안전한 곳에서 초기비용 내고 이미 그 이상으로 수익을 내고 있는데 문의주시면 성심껏 답변드릴게요.
카톡 ID : surato99 추가로 연락주시면 되세요.
참고로 구매대행, 쇼핑몰은 다 사기니 조심하세요!
2023.10.23.
UP
DOWN
댓글
메뉴 더보기
신고
---
4번째 답변
탈퇴한 사용자 답변
안녕하세요
​
​
초기비용없이 일을 할 수 있지만 수익은 많지않아요
​
그리고 자료없이는 일하기가 정말 힘들어요
​
처음부터 끝까지 다 공부해야하거든요
오래걸리구요
​
저희 부업은 부담없는 비용으로 선택할 수 있어요
​
자료 제공
일하는 방법 돈버는 노하우 제공해 주고 있어요
​
컴퓨터와 핸드폰으로 일해요
​
아무것도 모르는 컴맹도 바로 일할 수 있구요
​
초보자도 할 수 있어요
​
저는 4시간을 일해서 꾸준하게 수익 벌고 있어요
​
더 많은 정보를 알고 싶다면 놀러 오셔도 됩니다
​
​
​
​
​
​
​
​
​
​
​
집에서 일하는부업
​
​
​
2023.10.23.
UP
DOWN
댓글
메뉴 더보기
신고
---
5번째 답변
둘리
지존
기획/사무직
한국드라마, 요리류 분야에서 활동
본인 입력 포함 정보
상세 안내 툴팁 보기
지식iN 서비스 질문 답변 페이지 및 프로필의 답변자 정보에 노출되는 답변자의 회사, 학교, 자격 등의 정보는 본인이 지식iN 프로필 수정을 통해 직접 입력한 정보입니다.
네이버는 사용자가 등록한 정보 및 게시물을 제공하는 정보매개 서비스 제공자로서 해당 정보의 정확성, 신뢰성 및 최신성에 대해 보증하지 않습니다.
닫기
​기본적인 온라인 부업 교육받아보시고 시작하시는게
더 도움 되실꺼예요~^^
​
​저도 직장생활하면서  기본적인 부업 교육을받고
열심히 하고 있습니다^^
​
​마침 무료로 온라인부업에 대해서 무료특강을 해주는곳이 있어요~
​
​부업종류가 엄청다양해요
1초알바부터
CPA알바
블로그포스팅알바등등
유익한 정보들을 알수 있어요^^
​
​초보자여도 가능!
만 19세 이상이상 성인이면 누구나 참여가능
초기비용도 없고
하루 한두시간
시간&장소 상관없이
편한시간대에 자유롭게
핸드폰만 있으면 가능한 부업이예요~
​
​관심 있으시면 망설이지 마시고 무료교육
한번 받아보시길 추천합니다^^
​
​아래 카페에서 무료 특강을 하고 있으니
관심 있으시면 수강신청 하셔셔
무료교육 받아보세요^^
​
https://forms.gle/soZgKH4BMmSaAmAD6
[온라인부업 무료교육 특강]
■ 온라인부업 특강 무료교육 신청서 ■ 무료 교육 신청을 원하시는 분은 아래 항목을 작성해 주세요. (검토 후 무료교육 톡방에 초대 드리도록 하겠습니다) ■   본 교육을 추천해 주신 분의 성함을 확인해 주세요   ■ * 김은미Z2 77586 ■ 성함과 나이, 사시는 지역을 알려주세요 ■ * (예시 : 김민정. 40. 안산 ) Your answer ■ 연락처를 남겨주세요 ■ * (예시 : 010-0000-0000 ) Your answer [개인 정보 수집 및 이용에 관한 안내] * 동의
forms.gle
​
2023.10.23.
UP
DOWN
댓글
메뉴 더보기
포인트 선물
신고",2998,False,부업 성공,https://kin.naver.com/qna/detail.naver?d1id=4&dirId=40611&docId=457152077&qb=67aA7JeFIOyEseqztQ==&enc=utf8,0,,,,4,kin,3,부업
0,,,,블로그,"... 부업을 해야만 생활이 되는 절심함이 있으면 그 초심을 잃지 마시고 열심히 하시면 꼭 부업으로도 성공할 수 있으니 좋은 결정 하셔서 생활에 꼭 보탬이 되시길 바랍니다. 더 궁금하시거나, 도움이 필요하시다면 아래 내임카드 참고...",5,"1번째 답변
꿈언니
시민
본인 입력 포함 정보
상세 안내 툴팁 보기
지식iN 서비스 질문 답변 페이지 및 프로필의 답변자 정보에 노출되는 답변자의 회사, 학교, 자격 등의 정보는 본인이 지식iN 프로필 수정을 통해 직접 입력한 정보입니다.
네이버는 사용자가 등록한 정보 및 게시물을 제공하는 정보매개 서비스 제공자로서 해당 정보의 정확성, 신뢰성 및 최신성에 대해 보증하지 않습니다.
닫기
안녕하세요 :)
요즘은 손부업보다 인터넷부업이 대세에요 ~~
손부업은 벌이에 비해 몸도 힘들고 시간도 많이 빼앗기는 반면
인터넷부업은 내가 하는만큼 벌이가 되는건 같지만
벌이의 크기가 다르죠^^
제가 하고있는 업무는 주로 회사를 알리는거구요.
저 같이 함께 일할사람을 만들면 건당 최대 55만원까지 받을수있어요 !!!
그 외에도 미실.적 지원금이라 해서 절대 수입이 0이 될수없게끔
회사에서 팍팍 밀어주고있답니다 ㅎㅎ
한번 정회원이 되면 추가금없이 평-생 일할수있는 재택업무를 추천해드려요 :)
자세한 사항은 아래 pc버전 네임카드를 눌러주세요 ♡
2016.04.27.
UP
DOWN
댓글
메뉴 더보기
포인트 선물
신고
---
2번째 답변
재택 알바
태양신
열심답변자
아르바이트 14위, 운동다이어트 48위, 음식다이어트 75위 분야에서 활동
본인 입력 포함 정보
상세 안내 툴팁 보기
지식iN 서비스 질문 답변 페이지 및 프로필의 답변자 정보에 노출되는 답변자의 회사, 학교, 자격 등의 정보는 본인이 지식iN 프로필 수정을 통해 직접 입력한 정보입니다.
네이버는 사용자가 등록한 정보 및 게시물을 제공하는 정보매개 서비스 제공자로서 해당 정보의 정확성, 신뢰성 및 최신성에 대해 보증하지 않습니다.
닫기
사람인 검색하셔서 들어가시면 지역별로
야간알바,평일알바,주말알바,단기알바,장기알바 등 많이 있어요,,,
신중하게 잘 알아보시고 제일 좋은 곳으로 결정하시길 바랍니다.
2016.04.27.
UP
DOWN
댓글
메뉴 더보기
포인트 선물
신고
---
3번째 답변
초보맞춤교육 리똥맘
초수
본인 입력 포함 정보
상세 안내 툴팁 보기
지식iN 서비스 질문 답변 페이지 및 프로필의 답변자 정보에 노출되는 답변자의 회사, 학교, 자격 등의 정보는 본인이 지식iN 프로필 수정을 통해 직접 입력한 정보입니다.
네이버는 사용자가 등록한 정보 및 게시물을 제공하는 정보매개 서비스 제공자로서 해당 정보의 정확성, 신뢰성 및 최신성에 대해 보증하지 않습니다.
닫기
안녕하세요^^ 저도 집에서 2년째 부업을 하고있는 주부입니당~
아이를 키우면서 직장을 다니긴힘들어서
집에서 재택알바를 할까싶어서 손부업을 찾아봤었는데
교.ㅊㅏ.로나 부.업.카.페같은곳에 나오긴하더라구요~
근데 손.부.업도 재료비나 보증.금 명목으로
비.용이 들어가더라구요..ㄱ ㅣ한도 맞춰야하구요 ㅠㅠ
그래서 요즘은 힘들게 하루종일하는 손.부.업보다
컴터로하는 일거리를 많이 찾으세용~
컴.맹이신분들도 당연히 상관없으시구요^^
제가 하고있는곳은 공.중.파 및
언.론에도 보도되엇고 특.허까지 있는곳이구요
이번에 연옌 김.흥.국씨가 모.델로 ㄱ ㅖ약하셧답니다~^^
믿을수있는곳이기에 저도 2년째 하고있구요~
일을 하게되시면 개인 홈 페이지가 생기시는데
거기에 25가지 다양한 업무 와 이 벤 트 가 있어서
시작하자마자 누구나 수 익을 얻으실수가있어요^^
저도 첫달부터 지금까지 빠짐없이 급.여를 받았으며
총 수.익.은 육.천.오.백.마.넌.이 훌쩍 넘었네요~^^
어렵거나 힘든거나 손 해 봤던일이라면 이렇게
꾸준히 하지 못햇을거예요~^^
매일 반복적으로 하는일이라서 손에 익을수밖에없구
하나씩 배워가면 누구나 할수있는일이구요!
어떻게 순서대로 시작하셔야할지 알려드리기에
초보자분들도 금방 익히실수있어요~
네/임/카/드를 보시면 좀더 자세하게 보실수잇답니다^^
2016.04.27.
출처
직접작성하였습니다
UP
DOWN
댓글
메뉴 더보기
포인트 선물
신고
---
4번째 답변
솔나무
지존
본인 입력 포함 정보
상세 안내 툴팁 보기
지식iN 서비스 질문 답변 페이지 및 프로필의 답변자 정보에 노출되는 답변자의 회사, 학교, 자격 등의 정보는 본인이 지식iN 프로필 수정을 통해 직접 입력한 정보입니다.
네이버는 사용자가 등록한 정보 및 게시물을 제공하는 정보매개 서비스 제공자로서 해당 정보의 정확성, 신뢰성 및 최신성에 대해 보증하지 않습니다.
닫기
안녕하세요.
경기가 워낙 안 좋아서 손부업거리도 찾기가 아려눈가 보더군요.
찾아 보시고 안 되면 컴퓨터로 일하는 재택부업/알바를 해보시는 것도 괜찮아요.
못한다고만 하시면 못해요.  누구나 다 처음부터 알고 하는 사람은 없거든요.
저도 하나도 모르는 상태에서 시작했어요.
블로그도 남들이나 하는 줄 알았는데 지금은 잘 하고 있어요.
요즘 컴퓨터만 쓸 줄 알면 집에서든 어디서든 컴퓨터로 일할 수 있는 재택알바가 많아요.
누구나 컴퓨터만 쓸 줄 알고 인터넷만 되면 집에서든 직장에서든 시간 나는 대로 일할 수 있어서
주부, 직장인, 대학생, 은퇴자 등 많은 사람들이 재택알바를 부업이나 투잡, 알바로 하고 있어요.
특히 아이 키우는 주부들이 많이 하고 있고 또한 고수익을 올리는 주부들도 많아요.
재택부업/알바를 하시려면 확실히 믿을 수 있고 안정된 업체를 선택하는 게 중요해요.
아무래도 가장 오래 되었고 업계 1위의 선두 업체를 선택하는 게 좋을 것 같네요.
그리고 회원 가입 시 추천인 선택을 잘 하셔야 일을 배우는데 있어서 많은 도움을 받을 수 있고
시행착오를 줄여서 시간낭비 없이 수익을 내기까지의 시간을 단축할 수 있습니다.
그래서 친절하게 잘 가르쳐 주고 궁금한 게 있으면 언제든지 편하게 문의할 수 있는 사람을
추천인으로 선택하시면 큰 도움이 될 것입니다.
네이버 검색에서
""재택알바 어떤 업체가 좋을까요
""로 검색해서 보시면
자세한  정보를 얻을 수 있어요.
참고하시고 궁금한 게 있으면 편하게 저에게 문의하세요.
친절하게 답변해드리겠습니다.
2016.04.27.
UP
DOWN
댓글
메뉴 더보기
포인트 선물
신고
---
6번째 답변
탈퇴한 사용자 답변
안녕하세요^^
1. 기본적으로 블로그
유명해야되나요?
전혀 상관없습니다
블로그는 유명하듯 안유명하듯",3982,False,부업 성공,https://kin.naver.com/qna/detail.naver?d1id=4&dirId=40611&docId=251101990&qb=67aA7JeFIOyEseqztQ==&enc=utf8,2,,,,4,kin,3,서울지역 부업 알아보고 있어요 ㅠㅠ 블로그 홍보 이런...
0,,네사모 삼성 갤럭시북 갤럭시탭 로봇청...,https://cafe.naver.com/silver0989,기타,오늘 제 글이 여러분께 큰 영감이 되었으면 좋겠습니다. 이상으로 브랜드커넥트 수익 후기 한달 100만원 부업 성공 후기 끝! 다음에 더 유익한 꿀팁으로 다시 돌아오겠습니다.,10,오늘 제 글이 여러분께 큰 영감이 되었으면 좋겠습니다. 이상으로 브랜드커넥트 수익 후기 한달 100만원 부업 성공 후기 끝! 다음에 더 유익한 꿀팁으로 다시 돌아오겠습니다.,96,False,부업 성공 후기,http://cafe.naver.com/silver0989/4524,0,description only (cafe 본문 크롤링 차단),,,4,cafe,6,브랜드커넥트 수익 후기 한달 월 100만원 부업 성공
0,,리얼리뷰 공유소ㅣ내돈내산 찐리뷰 커...,https://cafe.naver.com/koarane,기타,"부업성공후기 진짜일까? 해보니까 알겠더라구요 “진짜 부업으로 돈 벌 수 있을까?” 이 말, 제가 맨날 했던 말이에요ㅋㅋ 아이 어린이집 보내고, 회사도 다니고, 하루하루 정신없이 살다가 어느 날 SNS에서...",5,"부업성공후기 진짜일까? 해보니까 알겠더라구요 “진짜 부업으로 돈 벌 수 있을까?” 이 말, 제가 맨날 했던 말이에요ㅋㅋ 아이 어린이집 보내고, 회사도 다니고, 하루하루 정신없이 살다가 어느 날 SNS에서...",116,False,부업 성공 후기,http://cafe.naver.com/koarane/308381,0,description only (cafe 본문 크롤링 차단),,,2,cafe,3,부업성공후기 진짜일까? 해보니까 알겠더라구요
0,,리얼리뷰 공유소ㅣ내돈내산 찐리뷰 커...,https://cafe.naver.com/koarane,기타,"부업 성공 후기, 진짜 되는 방법 알려드릴게요✨ 부업이란 걸 처음 시작했을 땐 “정말 이걸로 수익이 날까?” 반신반의했어요. 하지만 지금은 당당하게 말할 수 있어요. 진짜 수익이 났고, 이제는 부업이 저에게 하나의...",7,"부업 성공 후기, 진짜 되는 방법 알려드릴게요✨ 부업이란 걸 처음 시작했을 땐 “정말 이걸로 수익이 날까?” 반신반의했어요. 하지만 지금은 당당하게 말할 수 있어요. 진짜 수익이 났고, 이제는 부업이 저에게 하나의...",122,False,부업 성공 후기,http://cafe.naver.com/koarane/140429,0,description only (cafe 본문 크롤링 차단),,,4,cafe,3,"부업 성공 후기, 진짜 되는 방법 알려드릴게요"
0,,리얼리뷰 공유소ㅣ내돈내산 찐리뷰 커...,https://cafe.naver.com/koarane,기타,요즘 SNS 보면 하루 몇 분만 투자해서 수익 냈다는 부업성공후기 글들이 진짜 많잖아요. 그런데 솔직히 너무 쉽게만 얘기하니까 오히려 더 의심되기도 해요ㅠㅠ 진짜 그렇게 짧은 시간 투자해서 수익이 나는 구조가 가능한...,9,요즘 SNS 보면 하루 몇 분만 투자해서 수익 냈다는 부업성공후기 글들이 진짜 많잖아요. 그런데 솔직히 너무 쉽게만 얘기하니까 오히려 더 의심되기도 해요ㅠㅠ 진짜 그렇게 짧은 시간 투자해서 수익이 나는 구조가 가능한...,123,False,부업 성공 후기,http://cafe.naver.com/koarane/240113,0,description only (cafe 본문 크롤링 차단),,,6,cafe,3,부업성공후기만 보면 다 쉬워보이는데 실제로도 그런가요?
0,,리얼리뷰 공유소ㅣ내돈내산 찐리뷰 커...,https://cafe.naver.com/koarane,기타,"───────────────── [육아맘 부업 성공 후기] 실제 사례를 보면, 육아맘부업으로 월 50~100만원 정도 소득을 만든 분들이 꽤 있어요. 하루 1~2시간만 투자해도 가능하다는 점이 가장 큰 장점이에요. 복사...",7,"───────────────── [육아맘 부업 성공 후기] 실제 사례를 보면, 육아맘부업으로 월 50~100만원 정도 소득을 만든 분들이 꽤 있어요. 하루 1~2시간만 투자해도 가능하다는 점이 가장 큰 장점이에요. 복사...",125,False,부업 성공 후기,http://cafe.naver.com/koarane/156118,0,description only (cafe 본문 크롤링 차단),,,4,cafe,3,"집에서 가능한 육아맘부업, 이렇게 하면 성공!"
0,,리얼리뷰 공유소ㅣ내돈내산 찐리뷰 커...,https://cafe.naver.com/koarane,기타,"혹시 요즘 부업거리 찾고 계신 분들 계신가요? 저는 워킹맘이라 아이 학원비, 생활비 등등 빠듯해서 늘 부업에 관심이 많았어요. 근데 그렇다고 가게를 차리기엔 초기자본이 너무 부담이 되더라구요ㅠㅠ 그래서 제가...",5,"혹시 요즘 부업거리 찾고 계신 분들 계신가요? 저는 워킹맘이라 아이 학원비, 생활비 등등 빠듯해서 늘 부업에 관심이 많았어요. 근데 그렇다고 가게를 차리기엔 초기자본이 너무 부담이 되더라구요ㅠㅠ 그래서 제가...",118,False,부업 성공 후기,http://cafe.naver.com/koarane/246207,0,description only (cafe 본문 크롤링 차단),,,2,cafe,3,무점포창업으로 시작한 소자본부업 성공후기 공개해요
0,,리얼리뷰 공유소ㅣ내돈내산 찐리뷰 커...,https://cafe.naver.com/koarane,기타,집에서손부업 진짜 수익 날까? 주부의 100% 리얼 성공 후기 (사기 구별법 포함) 요즘 물가가 무섭게 오르다 보니 월급만으로는 생활비가 늘 아쉽더라고요. 그래서 저도 집에서 소소하게 용돈이라도 벌어볼까 싶어 찾아본 게...,7,집에서손부업 진짜 수익 날까? 주부의 100% 리얼 성공 후기 (사기 구별법 포함) 요즘 물가가 무섭게 오르다 보니 월급만으로는 생활비가 늘 아쉽더라고요. 그래서 저도 집에서 소소하게 용돈이라도 벌어볼까 싶어 찾아본 게...,125,False,부업 성공 후기,http://cafe.naver.com/koarane/380047,0,description only (cafe 본문 크롤링 차단),,,4,cafe,3,집에서손부업 진짜 수익 날까? 주부의 100% 리얼 성공 후기 (사기 구별법 포함)
0,,리얼리뷰 공유소ㅣ내돈내산 찐리뷰 커...,https://cafe.naver.com/koarane,유튜브,"근데 SNS나 유튜브에서 부업성공후기 보다 보니까 단순히 운이 좋아서 된 사람들만 있는 건 아니더라구요. 공통된 방향과 흐름이 있고, 거기에 맞춰서 움직인 사람들이 많았어요!...",7,"근데 SNS나 유튜브에서 부업성공후기 보다 보니까 단순히 운이 좋아서 된 사람들만 있는 건 아니더라구요. 공통된 방향과 흐름이 있고, 거기에 맞춰서 움직인 사람들이 많았어요!...",100,False,부업 성공 후기,http://cafe.naver.com/koarane/243820,0,description only (cafe 본문 크롤링 차단),,,4,cafe,3,부업성공후기 보면 공통점이 꼭 있더라구요!
0,,리얼리뷰 공유소ㅣ내돈내산 찐리뷰 커...,https://cafe.naver.com/koarane,배달,"배민커넥트 수익으로 부업 성공한 후기 저는 평범한 30대 직장인입니다. 회사 끝나고도 시간이 남긴 하는데, 매번 누워만 있자니 뭔가 아깝고 허무하더라구요. 그래서 ‘뭐라도 해볼까?’ 하다가 시작한 게 바로...",7,"배민커넥트 수익으로 부업 성공한 후기 저는 평범한 30대 직장인입니다. 회사 끝나고도 시간이 남긴 하는데, 매번 누워만 있자니 뭔가 아깝고 허무하더라구요. 그래서 ‘뭐라도 해볼까?’ 하다가 시작한 게 바로...",117,False,부업 성공 후기,http://cafe.naver.com/koarane/148577,0,description only (cafe 본문 크롤링 차단),,,4,cafe,3,배민커넥트 수익으로 부업 성공한 후기
0,,리얼리뷰 공유소ㅣ내돈내산 찐리뷰 커...,https://cafe.naver.com/koarane,기타,"월 100만원 부업 만들기, 실제 성공한 방법 정리해봤어요 혹시 이웃님들 중에 부업으로 월 100만원 정도... 단순 복사 붙여넣기만으로도 부업이 가능하다는 점이 정말 매력적이었어요. 실제로 후기들을 보면 50대, 60대...",8,"월 100만원 부업 만들기, 실제 성공한 방법 정리해봤어요 혹시 이웃님들 중에 부업으로 월 100만원 정도... 단순 복사 붙여넣기만으로도 부업이 가능하다는 점이 정말 매력적이었어요. 실제로 후기들을 보면 50대, 60대...",126,False,부업 성공 후기,http://cafe.naver.com/koarane/568990,0,description only (cafe 본문 크롤링 차단),,,2,cafe,6,"월 100만원 부업 만들기, 실제 성공한 방법 정리해봤어요"
0,,리얼리뷰 공유소ㅣ내돈내산 찐리뷰 커...,https://cafe.naver.com/koarane,기타,"무자본으로 시작했는데도 이 정도 나오는 게 신기할 따름이에요ㅎㅎ ───────────────── 이상으로 ""온라인부업성공후기""에 대해 솔직하게 풀어봤는데요. 부업을 할 때 가장 중요한 건 ""시간 대비 수익...",7,"무자본으로 시작했는데도 이 정도 나오는 게 신기할 따름이에요ㅎㅎ ───────────────── 이상으로 ""온라인부업성공후기""에 대해 솔직하게 풀어봤는데요. 부업을 할 때 가장 중요한 건 ""시간 대비 수익...",117,False,부업 성공 후기,http://cafe.naver.com/koarane/257693,0,description only (cafe 본문 크롤링 차단),,,4,cafe,3,온라인부업성공후기 알고 시작하면 훨씬 유리함
0,,오늘도 달린다 ㅣ영업·창업·부업 ㅣ...,https://cafe.naver.com/uouv96,기타,"저도 처음엔 반신반의했는데, 실제로 해보니까 진입장벽이 낮아서 부담이 덜하더라구요 ㅎㅎ ◆실제 무자본 부업 성공사례 (현실 후기)◆ 최근 사례를 보면 하루 30분 투자로 월 100만원 이상 수익을 만든 분들도 꽤 많아요....",12,"저도 처음엔 반신반의했는데, 실제로 해보니까 진입장벽이 낮아서 부담이 덜하더라구요 ㅎㅎ ◆실제 무자본 부업 성공사례 (현실 후기)◆ 최근 사례를 보면 하루 30분 투자로 월 100만원 이상 수익을 만든 분들도 꽤 많아요....",126,False,부업 성공 후기,http://cafe.naver.com/uouv96/3434,0,description only (cafe 본문 크롤링 차단),,,6,cafe,6,"무자본 부업 성공사례, 진짜 수익 나는 방법 공개합니다"
0,,국내1위 다이어트 커뮤니티 씨씨앙(식...,https://cafe.naver.com/cantsb,스마트스토어,"가해자들은 채팅방 내부에 다수의 바람잡이를 배치하여 성공 후기 이미지를 공유하며 심리적 압박감을 조성하고, 시스템 오류나 소득세 납부 등의 명목으로 추가 입금을 반복해서 요구하는 특징을 보입니다. :부업쇼핑몰후...",7,"가해자들은 채팅방 내부에 다수의 바람잡이를 배치하여 성공 후기 이미지를 공유하며 심리적 압박감을 조성하고, 시스템 오류나 소득세 납부 등의 명목으로 추가 입금을 반복해서 요구하는 특징을 보입니다. :부업쇼핑몰후...",120,False,부업 성공 후기,http://cafe.naver.com/cantsb/3225749,0,description only (cafe 본문 크롤링 차단),,,4,cafe,3,부업쇼핑몰후기사기 피해를 회복하기 위한 실질적인 대응 방법은
0,,리얼리뷰 공유소ㅣ내돈내산 찐리뷰 커...,https://cafe.naver.com/koarane,기타,"───────────────── 이상으로 ""디지털부업성공후기""를 공유해봤어요. 저처럼 평범한 사람도 수익을 낸다는 건, 그만큼 구조가 잘 되어 있다는 의미 같아요. 요즘처럼 불안정한 시대엔 이렇게 자동화된...",5,"───────────────── 이상으로 ""디지털부업성공후기""를 공유해봤어요. 저처럼 평범한 사람도 수익을 낸다는 건, 그만큼 구조가 잘 되어 있다는 의미 같아요. 요즘처럼 불안정한 시대엔 이렇게 자동화된...",117,False,부업 성공 후기,http://cafe.naver.com/koarane/217032,2,description only (cafe 본문 크롤링 차단),,,4,cafe,3,디지털 부업 성공 후기 진짜 가능한 일인지 궁금했죠
0,,부산맘 카페 - 부산 맘카페 결혼 웨딩...,https://cafe.naver.com/pusanmommy,스마트스토어,"이 과정에서 쇼핑몰 부업사기 조직은 피해자를 특정 단체 채팅방에 초대하고, 성공 후기를 도배하며 참여 욕구를 자극합니다. 또한 '등급이 높아야 더 많이 번다'는 구조를 내세우며 상품 구매 비용 혹은 회원 등급 전환...",7,"이 과정에서 쇼핑몰 부업사기 조직은 피해자를 특정 단체 채팅방에 초대하고, 성공 후기를 도배하며 참여 욕구를 자극합니다. 또한 '등급이 높아야 더 많이 번다'는 구조를 내세우며 상품 구매 비용 혹은 회원 등급 전환...",122,False,부업 성공 후기,http://cafe.naver.com/pusanmommy/1464661,0,description only (cafe 본문 크롤링 차단),,,4,cafe,3,쇼핑몰 부업사기 즉시 피해구제 변호사 대응은
0,,"인천 아띠아모 (인천맘 대표카페, 인천...",https://cafe.naver.com/kyungmammo,스마트스토어,쿠팡손부업사기 범죄자들은 조작된 수익 화면과 바람잡이들의 성공 후기를 보여주며 피해자의 조급함을 자극합니다. 단순히 쇼핑몰의 물건을 장바구니에 담는 행위만으로 고액의 일당을 준다는 제안은 쿠팡 손부업 사기의...,9,쿠팡손부업사기 범죄자들은 조작된 수익 화면과 바람잡이들의 성공 후기를 보여주며 피해자의 조급함을 자극합니다. 단순히 쇼핑몰의 물건을 장바구니에 담는 행위만으로 고액의 일당을 준다는 제안은 쿠팡 손부업 사기의...,118,False,부업 성공 후기,http://cafe.naver.com/kyungmammo/6568863,0,description only (cafe 본문 크롤링 차단),,,6,cafe,3,쿠팡 손부업 사기 피해 회복과 안전한 자산 복구 솔루션
0,,리얼리뷰 공유소ㅣ내돈내산 찐리뷰 커...,https://cafe.naver.com/koarane,기타,챗GTP부업으로 투잡 성공한 현실 후기 공유해요 혹시 요즘 부업이나 투잡 생각 중이신 분 계실까요? 저는 올해 초에 다니던 회사를 그만두고 진짜 현실적인 부업을 찾다가 ‘챗GTP부업’이라는 걸 알게 됐어요. 이게 AI...,7,챗GTP부업으로 투잡 성공한 현실 후기 공유해요 혹시 요즘 부업이나 투잡 생각 중이신 분 계실까요? 저는 올해 초에 다니던 회사를 그만두고 진짜 현실적인 부업을 찾다가 ‘챗GTP부업’이라는 걸 알게 됐어요. 이게 AI...,124,False,부업 성공 후기,http://cafe.naver.com/koarane/52852,0,description only (cafe 본문 크롤링 차단),,,4,cafe,3,챗GTP부업으로 투잡 성공한 현실 후기 공유해요
0,,"진주엔 [경남 진주 정보 커뮤니티,동호...",https://cafe.naver.com/lgtabbook,스마트스토어,쿠팡부업사기 범죄자들은 조작된 수익 화면과 바람잡이들의 성공 후기를 보여주며 피해자의 조급함을 자극합니다. 단순히 쇼핑몰의 물건을 장바구니에 담는 행위만으로 고액의 일당을 준다는 제안은 논리적으로 불가능한...,9,쿠팡부업사기 범죄자들은 조작된 수익 화면과 바람잡이들의 성공 후기를 보여주며 피해자의 조급함을 자극합니다. 단순히 쇼핑몰의 물건을 장바구니에 담는 행위만으로 고액의 일당을 준다는 제안은 논리적으로 불가능한...,117,False,부업 성공 후기,http://cafe.naver.com/lgtabbook/741232,0,description only (cafe 본문 크롤링 차단),,,6,cafe,3,쿠팡부업사기 피해 회복 및 해결을 위한 핵심 가이드
0,,리얼리뷰 공유소ㅣ내돈내산 찐리뷰 커...,https://cafe.naver.com/koarane,기타,"온라인부업성공후기, 저도 드디어 한 달 100 넘겼어요 처음 온라인부업 시작할 때, 솔직히 기대보다 걱정이 더 컸어요. ‘내가 과연 이걸로 돈을 벌 수 있을까?’ 그런데 지금은 한 달 100만원 넘게 꾸준히 수익이 들어오고...",10,"온라인부업성공후기, 저도 드디어 한 달 100 넘겼어요 처음 온라인부업 시작할 때, 솔직히 기대보다 걱정이 더 컸어요. ‘내가 과연 이걸로 돈을 벌 수 있을까?’ 그런데 지금은 한 달 100만원 넘게 꾸준히 수익이 들어오고...",127,False,부업 성공 후기,http://cafe.naver.com/koarane/342463,0,description only (cafe 본문 크롤링 차단),,,4,cafe,6,"온라인부업성공후기, 저도 드디어 한 달 100 넘겼어요"
0,,리얼리뷰 공유소ㅣ내돈내산 찐리뷰 커...,https://cafe.naver.com/koarane,기타,"특히 팀으로 하면 교육도 같이 받고, 성공 확률도 올라가서 좋더라구요 단순한 부업이 아니라 ‘수익 구조’를 배운다는 느낌이라 더 매력적이에요! 찐 수익인증 후기들! 대박이죠?...",7,"특히 팀으로 하면 교육도 같이 받고, 성공 확률도 올라가서 좋더라구요 단순한 부업이 아니라 ‘수익 구조’를 배운다는 느낌이라 더 매력적이에요! 찐 수익인증 후기들! 대박이죠?...",100,False,부업 성공 후기,http://cafe.naver.com/koarane/238366,0,description only (cafe 본문 크롤링 차단),,,4,cafe,3,페이백 부업 후기 모아봤는데 의외로 간단함!
0,,리얼리뷰 공유소ㅣ내돈내산 찐리뷰 커...,https://cafe.naver.com/koarane,기타,요즘 인기 있는 단순부업 현실 후기] 가장 많이 보이는 핫한 부업 3가지는 보통 아래와 같습니다. 1. 제품... 빠르게 성공하는 이유가 여기 있습니다. 수익인증글 ───────────────── # [온네스 자동화...,7,요즘 인기 있는 단순부업 현실 후기] 가장 많이 보이는 핫한 부업 3가지는 보통 아래와 같습니다. 1. 제품... 빠르게 성공하는 이유가 여기 있습니다. 수익인증글 ───────────────── # [온네스 자동화...,123,False,부업 성공 후기,http://cafe.naver.com/koarane/256382,0,description only (cafe 본문 크롤링 차단),,,4,cafe,3,"집에서 하는 단순부업 후기, 육아맘이 직접 해본 타이핑 알바 TOP3 현실 수익"
0,,ㆍ피터팬의 좋은방 구하기ㆍ,https://cafe.naver.com/kig,콘텐츠,"사기 일당은 ""하루 1~2시간으로 30~50만 원 가능"", ""재택 부업 성공 후기"" 등의 문구를 앞세워 불특정 다수에게 접근합니다. 첫 번째 단계는 이처럼 합법적인 알바처럼 보이도록 포장하여 피해자가 경계심을 갖지 않도록...",9,"사기 일당은 ""하루 1~2시간으로 30~50만 원 가능"", ""재택 부업 성공 후기"" 등의 문구를 앞세워 불특정 다수에게 접근합니다. 첫 번째 단계는 이처럼 합법적인 알바처럼 보이도록 포장하여 피해자가 경계심을 갖지 않도록...",126,False,부업 성공 후기,http://cafe.naver.com/kig/19437487,0,description only (cafe 본문 크롤링 차단),,,6,cafe,3,인스타 부수입알바사기 피해금 회복방법은
0,,리얼리뷰 공유소ㅣ내돈내산 찐리뷰 커...,https://cafe.naver.com/koarane,기타,그래서 오늘은 실제로 가능한 투잡 방법과 제가 느낀 현실 후기를 솔직하게 정리해드릴게요! ◆ 투잡으로... 작은 성공 경험을 쌓는 것이 중요합니다. 그리고 무엇보다 중요한 건 꾸준함이에요. 저도 초반에는 수익이...,7,그래서 오늘은 실제로 가능한 투잡 방법과 제가 느낀 현실 후기를 솔직하게 정리해드릴게요! ◆ 투잡으로... 작은 성공 경험을 쌓는 것이 중요합니다. 그리고 무엇보다 중요한 건 꾸준함이에요. 저도 초반에는 수익이...,120,False,부업 성공 후기,http://cafe.naver.com/koarane/548763,0,description only (cafe 본문 크롤링 차단),,,4,cafe,3,"투잡으로 월 300 성공 후기, 누구나 가능한 이유"
0,,리얼리뷰 공유소ㅣ내돈내산 찐리뷰 커...,https://cafe.naver.com/koarane,기타,집에서돈벌기 부업 트렌드 변화 요즘 집에서돈벌기 관심 없는 분들 거의 없지 않나요. 저도 아이 학교... 남들 성공 후기만 부러워하지 말고 직접 해봐야겠죠 ㅎㅎ 혹시 고민 중이시라면 작은 것부터라도 한번 시도해보셔도...,5,집에서돈벌기 부업 트렌드 변화 요즘 집에서돈벌기 관심 없는 분들 거의 없지 않나요. 저도 아이 학교... 남들 성공 후기만 부러워하지 말고 직접 해봐야겠죠 ㅎㅎ 혹시 고민 중이시라면 작은 것부터라도 한번 시도해보셔도...,123,False,부업 성공 후기,http://cafe.naver.com/koarane/405794,0,description only (cafe 본문 크롤링 차단),,,2,cafe,3,집에서돈벌기 부업 트렌드 변화
0,,리얼리뷰 공유소ㅣ내돈내산 찐리뷰 커...,https://cafe.naver.com/koarane,기타,"오늘은 제가 실제로 해본 후기와 수익 정보를 중심으로 정리해보겠습니다. 눈높이학습지 부업, 구체적으로... 팀 단위 운영이 가능해서 성공 확률 높음 솔직히 눈높이 부업보다 안정감 면에서는 더 낫다고 느꼈습니다....",7,"오늘은 제가 실제로 해본 후기와 수익 정보를 중심으로 정리해보겠습니다. 눈높이학습지 부업, 구체적으로... 팀 단위 운영이 가능해서 성공 확률 높음 솔직히 눈높이 부업보다 안정감 면에서는 더 낫다고 느꼈습니다....",120,False,부업 성공 후기,http://cafe.naver.com/koarane/166445,0,description only (cafe 본문 크롤링 차단),,,4,cafe,3,"눈높이학습지 부업 후기, 실제 수익은 얼마나 될까?"
0,,리얼리뷰 공유소ㅣ내돈내산 찐리뷰 커...,https://cafe.naver.com/koarane,기타,"진짜 성공 후기 꽤 많더라구요. 물론 사람마다 케바케겠지만, 시도조차 안하면 아무 일도 안 생기는 건 확실... ───────────────── # 부업, 혼자 하지 마세요! 커뮤니티가 답이에요 요즘은 다 혼자 공부...",5,"진짜 성공 후기 꽤 많더라구요. 물론 사람마다 케바케겠지만, 시도조차 안하면 아무 일도 안 생기는 건 확실... ───────────────── # 부업, 혼자 하지 마세요! 커뮤니티가 답이에요 요즘은 다 혼자 공부...",123,False,부업 성공 후기,http://cafe.naver.com/koarane/223867,0,description only (cafe 본문 크롤링 차단),,,2,cafe,3,부업 검색하는 사람들 이건 꼭 봐야해요
0,,리얼리뷰 공유소ㅣ내돈내산 찐리뷰 커...,https://cafe.naver.com/koarane,블로그,인터넷에 있는 성공 후기들은 너무 잘된 이야기만 나와서 오히려 현실감이 없게 느껴지기도 하구요. 저처럼 평범한 직장인도 꾸준히 하면 블로그부업으로 조금씩 수익을 만들 수 있을까요. 실패할까 봐 시작도 못 하고 있는...,10,인터넷에 있는 성공 후기들은 너무 잘된 이야기만 나와서 오히려 현실감이 없게 느껴지기도 하구요. 저처럼 평범한 직장인도 꾸준히 하면 블로그부업으로 조금씩 수익을 만들 수 있을까요. 실패할까 봐 시작도 못 하고 있는...,122,False,부업 성공 후기,http://cafe.naver.com/koarane/381961,2,description only (cafe 본문 크롤링 차단),,,6,cafe,6,블로그부업 시작해보려는데 수익이 진짜 나는지 너무 궁금해요
0,,리얼리뷰 공유소ㅣ내돈내산 찐리뷰 커...,https://cafe.naver.com/koarane,기타,"───────────────── [# 부동산부업, 현실 후기 몇 가지] • 직장 다니면서 하루 30분 투자해 월 50~100만원 수익 • 자투리 시간으로 한 달에 5건 이상 유입 성공 • 3개월 집중해 월 300만원 달성한 사례도...",12,"───────────────── [# 부동산부업, 현실 후기 몇 가지] • 직장 다니면서 하루 30분 투자해 월 50~100만원 수익 • 자투리 시간으로 한 달에 5건 이상 유입 성공 • 3개월 집중해 월 300만원 달성한 사례도...",131,False,부업 성공 후기,http://cafe.naver.com/koarane/341925,0,description only (cafe 본문 크롤링 차단),,,6,cafe,6,"부동산부업으로 월 300만원 벌었다는 후기, 진짜일까?"
0,,리얼리뷰 공유소ㅣ내돈내산 찐리뷰 커...,https://cafe.naver.com/koarane,기타,"프리랜서부업으로 한 달 용돈 벌기 성공했어요! 솔직히 처음엔 저도 반신반의했어요. “프리랜서부업으로... 프리랜서부업 현실 후기를 싹 정리해드릴게요 ───────────────── [# 프리랜서부업, 요즘...",8,"프리랜서부업으로 한 달 용돈 벌기 성공했어요! 솔직히 처음엔 저도 반신반의했어요. “프리랜서부업으로... 프리랜서부업 현실 후기를 싹 정리해드릴게요 ───────────────── [# 프리랜서부업, 요즘...",117,False,부업 성공 후기,http://cafe.naver.com/koarane/80000,0,description only (cafe 본문 크롤링 차단),,,2,cafe,6,프리랜서부업으로 한 달 용돈 벌기 성공했어요!
0,,리얼리뷰 공유소ㅣ내돈내산 찐리뷰 커...,https://cafe.naver.com/koarane,기타,되는 부업 찾는 분 이 중에 하나라도 해당된다면 퍼널 마케팅 한 번 해보세요! 저는 하고 나서 진짜 인생 루틴이 바뀌었거든요 ───────────────── [ 퍼널마케팅 성공후기 계속 올라와요] 단순 복붙만...,5,되는 부업 찾는 분 이 중에 하나라도 해당된다면 퍼널 마케팅 한 번 해보세요! 저는 하고 나서 진짜 인생 루틴이 바뀌었거든요 ───────────────── [ 퍼널마케팅 성공후기 계속 올라와요] 단순 복붙만...,119,False,부업 성공 후기,http://cafe.naver.com/koarane/267973,0,description only (cafe 본문 크롤링 차단),,,2,cafe,3,"혼자하기 딱 좋은 온라인 부업, 디지털 노마드가 이런 건가요?ㅎ"
0,,리얼리뷰 공유소ㅣ내돈내산 찐리뷰 커...,https://cafe.naver.com/koarane,기타,"취업이나 부업으로 연결되는 경우도 많다고 해요. 컴활, 전산세무, 바리스타, 요양보호사 같은 자격증 과정도 꾸준히 인기구요! 저도 커뮤니티 후기들 보니까 실제 취업 성공 후기들이 꽤 많아서 괜히 관심이 가더라구요...",8,"취업이나 부업으로 연결되는 경우도 많다고 해요. 컴활, 전산세무, 바리스타, 요양보호사 같은 자격증 과정도 꾸준히 인기구요! 저도 커뮤니티 후기들 보니까 실제 취업 성공 후기들이 꽤 많아서 괜히 관심이 가더라구요...",121,False,부업 성공 후기,http://cafe.naver.com/koarane/569156,0,description only (cafe 본문 크롤링 차단),,,2,cafe,6,요즘 인기 폭발! 국민내일배움카드 신청방법 및 꿀팁까지 싹 정리했어요!
0,,리얼리뷰 공유소ㅣ내돈내산 찐리뷰 커...,https://cafe.naver.com/koarane,기타,"단순한 일이라 진입장벽도 낮고, 시간제약도 없어서 인기 폭발이에요 게다가 SNS에서 성공후기 보면 은근 자극도 받고요ㅎㅎ ───────────────── [# 주의해야 할 점도 있어요!] 이 부업은 ‘선입금’...",9,"단순한 일이라 진입장벽도 낮고, 시간제약도 없어서 인기 폭발이에요 게다가 SNS에서 성공후기 보면 은근 자극도 받고요ㅎㅎ ───────────────── [# 주의해야 할 점도 있어요!] 이 부업은 ‘선입금’...",119,False,부업 성공 후기,http://cafe.naver.com/koarane/200584,0,description only (cafe 본문 크롤링 차단),,,6,cafe,3,재택포장부업 하루 2시간 투자로도 될까?
0,,리얼리뷰 공유소ㅣ내돈내산 찐리뷰 커...,https://cafe.naver.com/koarane,기타,요즘 주변에서 은근히 부업을 시작하는 50대 분들이 꽤 많더군요. 저도 퇴직을 하고 나니 하루가 너무 길게... 다양한 연령대의 성공 후기도 꽤 많은 걸 보고 더 확신을 가졌답니다....,5,요즘 주변에서 은근히 부업을 시작하는 50대 분들이 꽤 많더군요. 저도 퇴직을 하고 나니 하루가 너무 길게... 다양한 연령대의 성공 후기도 꽤 많은 걸 보고 더 확신을 가졌답니다....,104,False,부업 성공 후기,http://cafe.naver.com/koarane/254050,0,description only (cafe 본문 크롤링 차단),,,2,cafe,3,50대부업 찾는다면 이 방법 한번 알아보세요
0,,리얼리뷰 공유소ㅣ내돈내산 찐리뷰 커...,https://cafe.naver.com/koarane,기타,"저도 요즘 부업이나 투잡 쪽으로 기웃기웃하고 있는데, 어떻게 하면 리스크 적게, 효율적으로 시작할 수... ───────────────── [* 실제 후기: “이래서 잘 됐어요!”] 한 커뮤니티에서 본 성공 후기 중...",7,"저도 요즘 부업이나 투잡 쪽으로 기웃기웃하고 있는데, 어떻게 하면 리스크 적게, 효율적으로 시작할 수... ───────────────── [* 실제 후기: “이래서 잘 됐어요!”] 한 커뮤니티에서 본 성공 후기 중...",123,False,부업 성공 후기,http://cafe.naver.com/koarane/255471,0,description only (cafe 본문 크롤링 차단),,,4,cafe,3,천만원창업 진짜 성공한 사람들 후기 모아봤어요
0,,리얼리뷰 공유소ㅣ내돈내산 찐리뷰 커...,https://cafe.naver.com/koarane,블로그,"지금도 블로그, 인스타, 카페 등에서 ai글쓰기부업 후기 엄청 많아요. 그만큼 실전으로 돈 버는 사람들이... 게다가 팀 단위로 움직이면 성공 확률도 훨씬 높아지고요. 챗GPT를 조금만 다뤄도 하루 30분 투자로 꾸준한...",14,"지금도 블로그, 인스타, 카페 등에서 ai글쓰기부업 후기 엄청 많아요. 그만큼 실전으로 돈 버는 사람들이... 게다가 팀 단위로 움직이면 성공 확률도 훨씬 높아지고요. 챗GPT를 조금만 다뤄도 하루 30분 투자로 꾸준한...",125,False,부업 성공 후기,http://cafe.naver.com/koarane/102050,0,description only (cafe 본문 크롤링 차단),,,8,cafe,6,ai글쓰기부업 월 200만원 수익 낸 사람들 비결
0,,리얼리뷰 공유소ㅣ내돈내산 찐리뷰 커...,https://cafe.naver.com/koarane,기타,"재택근무부업, 집콕하면서 수익나는 구조? 혹시 요즘 집에서 할 수 있는 재택근무부업에 관심 있으신 분... 하시더라구요 ───────────────── [성공 후기, 생각보다 많아요] 가장 놀랐던 건, 60대 분도...",9,"재택근무부업, 집콕하면서 수익나는 구조? 혹시 요즘 집에서 할 수 있는 재택근무부업에 관심 있으신 분... 하시더라구요 ───────────────── [성공 후기, 생각보다 많아요] 가장 놀랐던 건, 60대 분도...",122,False,부업 성공 후기,http://cafe.naver.com/koarane/120465,0,description only (cafe 본문 크롤링 차단),,,6,cafe,3,"재택근무부업, 집콕하면서 수익나는 구조?"
0,,리얼리뷰 공유소ㅣ내돈내산 찐리뷰 커...,https://cafe.naver.com/koarane,기타,특히 40~60대 사용자들의 성공 후기들이 자주 올라오고 있어서 이 연령대에게도 충분히 도전할 만한 방식으로 보입니다. ───────────────── [*내게 맞는 부업 찾는 가장 확실한 방법*] 부업을 고를 때는...,5,특히 40~60대 사용자들의 성공 후기들이 자주 올라오고 있어서 이 연령대에게도 충분히 도전할 만한 방식으로 보입니다. ───────────────── [*내게 맞는 부업 찾는 가장 확실한 방법*] 부업을 고를 때는...,123,False,부업 성공 후기,http://cafe.naver.com/koarane/125391,0,description only (cafe 본문 크롤링 차단),,,2,cafe,3,현실적인부업 고민이라면 주목해야 할 키워드 하나
0,,리얼리뷰 공유소ㅣ내돈내산 찐리뷰 커...,https://cafe.naver.com/koarane,블로그,"챗GPT 부업 루트 | 초보도 가능한 자동화 수익 구조 요즘 “챗GPT로 돈 번다”는 말 들어보셨나요? 저도... 예를 들어 “다이어트 성공 후기”라고 입력하면, 실제 체험담처럼 글이 완성돼요. 그걸 살짝 다듬어 블로그...",9,"챗GPT 부업 루트 | 초보도 가능한 자동화 수익 구조 요즘 “챗GPT로 돈 번다”는 말 들어보셨나요? 저도... 예를 들어 “다이어트 성공 후기”라고 입력하면, 실제 체험담처럼 글이 완성돼요. 그걸 살짝 다듬어 블로그...",125,False,부업 성공 후기,http://cafe.naver.com/koarane/35495,0,description only (cafe 본문 크롤링 차단),,,6,cafe,3,챗GPT 부업 루트 | 초보도 가능한 자동화 수익 구조
0,,리얼리뷰 공유소ㅣ내돈내산 찐리뷰 커...,https://cafe.naver.com/koarane,스마트스토어,───────────────── [다른 사람들의 부업 후기] 친구 A는 블로그와 쇼핑몰로 월 70만원... 팀으로 진행 가능해서 성공 확률도 높아요. 무엇보다 단순 복사+붙여넣기만 해도 수익이 발생하는 게 장점! 저도...,11,───────────────── [다른 사람들의 부업 후기] 친구 A는 블로그와 쇼핑몰로 월 70만원... 팀으로 진행 가능해서 성공 확률도 높아요. 무엇보다 단순 복사+붙여넣기만 해도 수익이 발생하는 게 장점! 저도...,124,False,부업 성공 후기,http://cafe.naver.com/koarane/242537,0,description only (cafe 본문 크롤링 차단),,,8,cafe,3,경제적 자유를 위해 부업으로 시작하는 방법 알려드림
0,,리얼리뷰 공유소ㅣ내돈내산 찐리뷰 커...,https://cafe.naver.com/koarane,기타,혹시 요즘 집에서 수공예부업에 관심 있는 분들 계신가요? 저도 최근에 주변에서 많이 듣게 되면서 궁금증이... ───────────────── [작은 성공 후기] 친구 중에는 집에서 뜨개질로 컵받침 만들어...,5,혹시 요즘 집에서 수공예부업에 관심 있는 분들 계신가요? 저도 최근에 주변에서 많이 듣게 되면서 궁금증이... ───────────────── [작은 성공 후기] 친구 중에는 집에서 뜨개질로 컵받침 만들어...,117,False,부업 성공 후기,http://cafe.naver.com/koarane/160863,2,description only (cafe 본문 크롤링 차단),,,4,cafe,3,수공예부업 초보도수익가능한포인트
0,,리얼리뷰 공유소ㅣ내돈내산 찐리뷰 커...,https://cafe.naver.com/koarane,기타,"집에서하는부업, 요즘 진짜 괜찮다구요? 요즘 주변에서 ‘집에서 일하면서 돈 버는 법 없을까?’ 이런 말... 커뮤니티에도 성공 후기 진짜 많아요. 60대 어머님이 한 달에 200만원 넘게 버신 경우도 있었고, 직장인 분들은...",5,"집에서하는부업, 요즘 진짜 괜찮다구요? 요즘 주변에서 ‘집에서 일하면서 돈 버는 법 없을까?’ 이런 말... 커뮤니티에도 성공 후기 진짜 많아요. 60대 어머님이 한 달에 200만원 넘게 버신 경우도 있었고, 직장인 분들은...",127,False,부업 성공 후기,http://cafe.naver.com/koarane/39097,0,description only (cafe 본문 크롤링 차단),,,2,cafe,3,"집에서하는부업, 요즘 진짜 괜찮다구요?"
0,,리얼리뷰 공유소ㅣ내돈내산 찐리뷰 커...,https://cafe.naver.com/koarane,기타,""" 싶어서 본격적으로 시작하게 됐어요ㅎㅎ 오늘은 제가 직접 경험한 악세사리부업 리얼 후기부터, 어떻게... 그리고 1주일 안에 첫 판매 성공했어요ㅎㅎ 그땐 정말 눈물 날 뻔... 조금만 노력하면, 누구나 충분히 가능하다고...",8,""" 싶어서 본격적으로 시작하게 됐어요ㅎㅎ 오늘은 제가 직접 경험한 악세사리부업 리얼 후기부터, 어떻게... 그리고 1주일 안에 첫 판매 성공했어요ㅎㅎ 그땐 정말 눈물 날 뻔... 조금만 노력하면, 누구나 충분히 가능하다고...",126,False,부업 성공 후기,http://cafe.naver.com/koarane/145846,0,description only (cafe 본문 크롤링 차단),,,2,cafe,6,악세사리부업 이거 진짜 돈될까? 직접 해본 리얼후기!
0,,리얼리뷰 공유소ㅣ내돈내산 찐리뷰 커...,https://cafe.naver.com/koarane,강의,"온라인강의 수요가 늘면서 부업기회까지 커지는 분위기네요 요즘 제가 온라인강의 쪽을 기웃거리게 된... [퍼널마케팅 성공 후기들은 진짜 실감 나요] 요즘 60대 분들도 따라해서 수익 난다는 얘기, 저도 처음에 안...",9,"온라인강의 수요가 늘면서 부업기회까지 커지는 분위기네요 요즘 제가 온라인강의 쪽을 기웃거리게 된... [퍼널마케팅 성공 후기들은 진짜 실감 나요] 요즘 60대 분들도 따라해서 수익 난다는 얘기, 저도 처음에 안...",120,False,부업 성공 후기,http://cafe.naver.com/koarane/200106,0,description only (cafe 본문 크롤링 차단),,,6,cafe,3,온라인강의 수요가 늘면서 부업기회까지 커지는 분위기네요
0,,리얼리뷰 공유소ㅣ내돈내산 찐리뷰 커...,https://cafe.naver.com/koarane,기타,"팔로워나 좋아요보다 ‘진짜 후기’처럼 보이는 글이 훨씬 반응이 좋아요. 꾸밈없이 일상 톤으로 쓰는 게 포인트 ───────────────── [시간관리, 부업 성공의 핵심] 주부들은 하루 일정이 진짜 꽉 차...",8,"팔로워나 좋아요보다 ‘진짜 후기’처럼 보이는 글이 훨씬 반응이 좋아요. 꾸밈없이 일상 톤으로 쓰는 게 포인트 ───────────────── [시간관리, 부업 성공의 핵심] 주부들은 하루 일정이 진짜 꽉 차...",118,False,부업 성공 후기,http://cafe.naver.com/koarane/78323,0,description only (cafe 본문 크롤링 차단),,,2,cafe,6,주부부업으로 월 100만원 이상 벌 수 있는 이유
0,,리얼리뷰 공유소ㅣ내돈내산 찐리뷰 커...,https://cafe.naver.com/koarane,블로그,"집에서손부업 성공 포인트] 1️⃣ 꾸준히 하는 습관 2️⃣ 검증된 업체 선택 3️⃣ SNS나 블로그 활용 이 세 가지만 잘 지켜도 결과가 달라져요. 특히 블로그나 인스타에 손부업 후기 올리면, 업체에서 먼저 연락 오기도...",13,"집에서손부업 성공 포인트] 1️⃣ 꾸준히 하는 습관 2️⃣ 검증된 업체 선택 3️⃣ SNS나 블로그 활용 이 세 가지만 잘 지켜도 결과가 달라져요. 특히 블로그나 인스타에 손부업 후기 올리면, 업체에서 먼저 연락 오기도...",125,False,부업 성공 후기,http://cafe.naver.com/koarane/87929,0,description only (cafe 본문 크롤링 차단),,,4,cafe,9,집에서손부업으로 월 100만원 이상 벌 수 있을까? 직접 해봤어요.
0,,리얼리뷰 공유소ㅣ내돈내산 찐리뷰 커...,https://cafe.naver.com/koarane,기타,하루 1시간 모바일부업으로 부수입 만들기 성공기! 안녕하세요 여러분ㅎㅎ 요즘 저 모바일부업에 푹... ───────────────── [성공 후기와 현실적인 수익] 저처럼 1시간씩 투자해서 월 10만~30만원 정도...,11,하루 1시간 모바일부업으로 부수입 만들기 성공기! 안녕하세요 여러분ㅎㅎ 요즘 저 모바일부업에 푹... ───────────────── [성공 후기와 현실적인 수익] 저처럼 1시간씩 투자해서 월 10만~30만원 정도...,122,False,부업 성공 후기,http://cafe.naver.com/koarane/106372,0,description only (cafe 본문 크롤링 차단),,,8,cafe,3,하루 1시간 모바일부업으로 부수입 만들기 성공기!
0,,리얼리뷰 공유소ㅣ내돈내산 찐리뷰 커...,https://cafe.naver.com/koarane,기타,"───────────────── [제가 실제로 해본 간단한부업 후기] 저는 처음엔 반신반의하면서... 특히 팀으로 함께하면 성공 확률이 훨씬 높고, 단순 복사 붙여넣기만으로도 홍보가 가능해요. 요즘은 챗GPT...",5,"───────────────── [제가 실제로 해본 간단한부업 후기] 저는 처음엔 반신반의하면서... 특히 팀으로 함께하면 성공 확률이 훨씬 높고, 단순 복사 붙여넣기만으로도 홍보가 가능해요. 요즘은 챗GPT...",119,False,부업 성공 후기,http://cafe.naver.com/koarane/46259,0,description only (cafe 본문 크롤링 차단),,,2,cafe,3,간단한부업 요즘엔 스마트폰으로도 가능하다구요
0,,리얼리뷰 공유소ㅣ내돈내산 찐리뷰 커...,https://cafe.naver.com/koarane,기타,[재택포장부업 후기] 저희 이웃 주부분들은 하루 1~2시간 투자로 월 50만~60만원 수익 올리셨대요. 단순 반복... 팀으로 진행 시 성공 확률이 더 높음 저희 팀에도 이미 60대 이상 분들이 한 달 만에 첫 수익 달성했어요. 정말...,13,[재택포장부업 후기] 저희 이웃 주부분들은 하루 1~2시간 투자로 월 50만~60만원 수익 올리셨대요. 단순 반복... 팀으로 진행 시 성공 확률이 더 높음 저희 팀에도 이미 60대 이상 분들이 한 달 만에 첫 수익 달성했어요. 정말...,133,False,부업 성공 후기,http://cafe.naver.com/koarane/97397,0,description only (cafe 본문 크롤링 차단),,,10,cafe,3,재택포장부업으로 집에서도 쉽게 부수입 만들기 가능할까용?
0,,리얼리뷰 공유소ㅣ내돈내산 찐리뷰 커...,https://cafe.naver.com/koarane,기타,"지금은 결과적으로, 연봉 1000 올리고 워라밸까지 챙긴 성공후기라 자랑 좀 하려구요ㅎㅎ... 요즘은 투잡, 부업, 사이드 프로젝트로도 충분히 커리어 확장이 가능하니까요. 특히 회사에서 받지 못하는 만족감, 자율성, 수익은...",9,"지금은 결과적으로, 연봉 1000 올리고 워라밸까지 챙긴 성공후기라 자랑 좀 하려구요ㅎㅎ... 요즘은 투잡, 부업, 사이드 프로젝트로도 충분히 커리어 확장이 가능하니까요. 특히 회사에서 받지 못하는 만족감, 자율성, 수익은...",127,False,부업 성공 후기,http://cafe.naver.com/koarane/216801,0,description only (cafe 본문 크롤링 차단),,,6,cafe,3,"이직성공후기, 3개월 만에 연봉 1000 올렸어요"
0,,리얼리뷰 공유소ㅣ내돈내산 찐리뷰 커...,https://cafe.naver.com/koarane,콘텐츠,"틱톡돈벌기 성공 후기, 이건 진짜 찐이에요 요즘 SNS 보면 ‘틱톡으로 돈 벌었다’는 글이 진짜 많잖아요?... 요즘 유행하는 챗GPT나 생산성 앱, 자투리 시간 부업 같은 주제가 반응이 좋아요. 또 요즘 틱톡에서는 AI영상...",5,"틱톡돈벌기 성공 후기, 이건 진짜 찐이에요 요즘 SNS 보면 ‘틱톡으로 돈 벌었다’는 글이 진짜 많잖아요?... 요즘 유행하는 챗GPT나 생산성 앱, 자투리 시간 부업 같은 주제가 반응이 좋아요. 또 요즘 틱톡에서는 AI영상...",128,False,부업 성공 후기,http://cafe.naver.com/koarane/81054,0,description only (cafe 본문 크롤링 차단),,,2,cafe,3,"틱톡돈벌기 성공 후기, 이건 진짜 찐이에요"
