keyword,category,title,description,link,pubDate,ad_score,side_score,success_score,noise_score,final_score,is_ad
부업 성공,기타,집에서부업 현실적인 방법?,... 실질적인 조언이나 성공 사례 알고 싶어요! 집에서 고등학생이 현실적으로 할 수 있는 부업 알려드릴게요 질문자님 나이에 사기 안 당하고 돈 벌려면 처음부터 큰돈 버는 꿈보단 작은 가게부터 여는 느낌으로 가야 해요!! 집에서 할...,https://kin.naver.com/qna/detail.naver?d1id=4&dirId=40611&docId=493358346&qb=67aA7JeFIOyEseqztQ==&enc=utf8,,0,2,3,2,3,False
부업 성공,기타,부업으로 성공 할 수 있나요?,"... 어려울까봐, 열심히 해도 잘 안될까봐 등등 때문에요 근데 제 경험상 다른 그 어떤 일보다 쉽고, 성공률이 높아요 다른 일에 용기가 안나고 두려우시다면 전 무조건 부업 추천드립니다. 저도 했고, 다른 사람들도 다 잘만 하는데.....",https://kin.naver.com/qna/detail.naver?d1id=4&dirId=40104&docId=449956041&qb=67aA7JeFIOyEseqztQ==&enc=utf8,,0,2,3,2,3,False
부업 성공,기타,부업 질문,... 좋죠 그래서 아이엠 스토어를 추천 드릴게요 요즘처럼 초기 비용 필요하다는 부업들처럼 돈이 필요 한 곳도 아니라소 저는 너무 추천 드립니당 저두 아이엠스토엥에서 첫 부업을 시작 했거든요 ㅎㅎ 아무쪼록 부업 성공하시기를 바래요,https://kin.naver.com/qna/detail.naver?d1id=8&dirId=814&docId=436254295&qb=67aA7JeFIOyEseqztQ==&enc=utf8,,0,2,3,4,1,False
부업 성공,기타,엉클컴퍼니 부업으로 집사기 성공하신분 계실까요?,... 현재 엉클컴퍼니에서 6개월가량 부업 업무를 진행중인데ㅠㅠ 엉클컴퍼니 부업으로 집사기 도전하려고 열심히 하는중인데 도움을받고싶습니다. 엉클컴퍼니에서 집사기 성공하신분 알려주세요~ 집사기 성공하시길 응원 드리겠습니다!!,https://kin.naver.com/qna/detail.naver?d1id=4&dirId=40611&docId=482468567&qb=67aA7JeFIOyEseqztQ==&enc=utf8,,0,2,3,2,3,False
부업 성공,기타,주부가 돈안들이고 할 수 있는 부업 추천이요,... 맞게 부업 사이트를 찾으시면 될 것 같아요^^ 사이트가 본인에게 맞는다면 그 사이트의 멘토를 찾아서 시작하시는 것을 추천드립니다! 멘토 없이 혼자 하시게 되면 어려운 부분이 조금 있을 수도 있으니까요! 부업 성공하시길 바랄게요^^*,https://kin.naver.com/qna/detail.naver?d1id=4&dirId=40613&docId=338330966&qb=67aA7JeFIOyEseqztQ==&enc=utf8,,0,2,3,2,3,False
부업 성공,기타,부업 추천 해주세요,"... IT 관련 (웹사이트, 앱 오류 수정) 개발 할 줄 아시면 단가가 가장 높음 간단한 랜딩페이지 20~100만원 초보자는 작은 수정 작업부터 시작 직장인 부업 성공 팁 1. 본업 정보는 숨기세요 회사명, 직책, 업무 세부사항은 절대 넣지...",https://kin.naver.com/qna/detail.naver?d1id=4&dirId=40611&docId=492273162&qb=67aA7JeFIOyEseqztQ==&enc=utf8,,0,2,3,2,3,False
부업 성공,기타,주부가 할 수 있는 주부부업 현실적으로 어떤가요?,주부부업을 하면서 성공한 사례가 궁금해요 정말로 안정적인 수입을 얻을 수 있는지 아니면 부업으로 적당한 수준인지 알고 싶어요 또한 초보자가 시작할 때 주의해야 할 점이 있으면 알려주세요 주부부업은 안정적인 수입을 얻을 수도...,https://kin.naver.com/qna/detail.naver?d1id=4&dirId=40613&docId=481332336&qb=67aA7JeFIOyEseqztQ==&enc=utf8,,0,2,6,6,2,False
부업 성공,기타,가정부업 추천해 주세요...,... 있을 시간에도 편하게 할 수 있네요~~ 결정은 회원님이 하시는 거니깐요~~ 궁금하시 점 있으시면 연락 주세요 010 **** **** 마음에 드시지 않겠지만 답변 읽어 주셔서 감사합니다 ^^;; 꼭 부업 성공하셔서 남편 부담 덜어주셨으면 하네요~~^^;;,https://kin.naver.com/qna/detail.naver?d1id=4&dirId=40611&docId=115799687&qb=67aA7JeFIOyEseqztQ==&enc=utf8,,0,2,3,4,1,False
부업 성공,기타,실업급여 중 부업,... 담당자마다 판단하는 것도 다를 수있어서 다른사람말 듣고 했다가 낭패당하면 어차피 책임은 님이 져야 되는거고요 그냥 빨리 새직장 알아보셔서 재취업 성공하세요 부업 하고 싶으시면 실업급여 수급 끝나고 하시는거 추천드립니다.,https://kin.naver.com/qna/detail.naver?d1id=6&dirId=6080402&docId=474746400&qb=67aA7JeFIOyEseqztQ==&enc=utf8,,0,2,3,2,3,False
부업 성공,기타,미니어쳐 부업 질문있어요,얼마전에 티비를 보다가 우연히 미니어쳐로 부업에 성공한 주부의 성공기를 다룬 프로그램을 봤어요. 부업으로 작품을 제작해서 판매하는데 정확한 수입은 나오지 않았지만 평범한 직장인들보다 훨씬 수입이 좋다는거에요~ 안그래도...,https://kin.naver.com/qna/detail.naver?d1id=8&dirId=80603&docId=275427849&qb=67aA7JeFIOyEseqztQ==&enc=utf8,,0,2,3,2,3,False
부업 성공,기타,뉴카인드 부업이 궁금합니다,"... 하지만, 다른 부업과 마찬가지로 성공하기 위해서는 꾸준한 노력과 전략이 필요합니다. 각 부업의 장단점을 고려하여 자신에게 맞는 방법을 선택하는 것이 중요합니다. 제 답변이 도움되셨으면 좋겠네요^^",https://kin.naver.com/qna/detail.naver?d1id=4&dirId=40613&docId=472449892&qb=67aA7JeFIOyEseqztQ==&enc=utf8,,0,2,3,2,3,False
부업 성공,기타,아로니티 멘토추천,... 아로니티 계속 하고계시면 멘토님 추천부탁드려요~ 온라인부업 매번실패하고 돈날리고 멘붕입니다ㅠㅠ 부업 성공하기 힘드네요ㅠ 아이고 힘드시겠어요.. 저도 2번의 실패가 있었는데 지금멘토 만나서 자리잡아가고있어요! 예전...,https://kin.naver.com/qna/detail.naver?d1id=12&dirId=12093120&docId=480305752&qb=67aA7JeFIOyEseqztQ==&enc=utf8,,0,2,3,2,3,False
부업 성공,기타,손부업사이트 실제 후기 궁금,... 어느 정도 초기 비용을 감수할 수 있으니 실제 성공 사례나 팁을 알고 싶습니다 시간이 아까워서 실패는 더 이상 하고 싶지 않네요 진정한 후기가 필요합니다! 이런 데서 나오는 거 대부분 광고입니다. 손부업... 요즘 다 기계로 하는데...,https://kin.naver.com/qna/detail.naver?d1id=4&dirId=40613&docId=493358239&qb=67aA7JeFIOyEseqztQ==&enc=utf8,,0,2,3,2,3,False
부업 성공,기타,아지트샵 부업 질문있습니다.,... 무엇보다 대기업에서 작정하고시작한 합법적인 플랫폼 사업이라 더믿음이갔어요 1시간부업으로 돈버실수있어요 이왕 부업하실꺼면 제대로된 부업 하셔서 같이 성공해요 더나은삶을기대하며 아래설문조사 해주시면...,https://kin.naver.com/qna/detail.naver?d1id=6&dirId=60801&docId=411041160&qb=67aA7JeFIOyEseqztQ==&enc=utf8,,0,2,3,2,3,False
부업 성공,기타,통영 부업 찾기 힘들겠죠?,"... 유료회원제로 진행되다 보니 하나하나 신경써주는 부분이 많고 처음 시작할 때, 모르는 부분들은 꼼꼼하게 알려 주셔서 좋았어요! 많은 도매몰이 있으니 비교해 보시고 시작하시는 걸 추천드려요! 부업 성공하시길 기원합니다:)",https://kin.naver.com/qna/detail.naver?d1id=4&dirId=40611&docId=460843502&qb=67aA7JeFIOyEseqztQ==&enc=utf8,,0,2,3,2,3,False
부업 성공,기타,엉클컴퍼니 부업 질문,"... 아이들 학원비나 생활비로 고민이신 분들께 특히 추천드릴 수 있는 부업입니다. 이렇게 엉클컴퍼니 부업은 부담 없이 시작할 수 있고, 초보자도 성공할 수 있는 가능성이 높은 부업이니, 한 번 도전해보시길 적극 추천드려요!",https://kin.naver.com/qna/detail.naver?d1id=4&dirId=40613&docId=481676032&qb=67aA7JeFIOyEseqztQ==&enc=utf8,,0,2,3,4,1,False
부업 성공,기타,직장인 부업 추천,... 이상 성공입니다. 현실적인 조언 (중요) ✔ 이건 꼭 기억하세요 월 50~100 안정 부업은 “한 방”이 아니라 “적층형” 1개로 100 ❌ 2~3개 조합해서 50~100 ⭕ ✔ 가장 추천 조합 글/정리 부업 1개 리서치 or SNS 보조 1개 이게 직장인...,https://kin.naver.com/qna/detail.naver?d1id=4&dirId=40611&docId=491294687&qb=67aA7JeFIOyEseqztQ==&enc=utf8,,0,2,3,2,3,False
부업 성공,기타,집에서 할수있는 부업 추천좀요.,"... 부업도 마찬가지 성공하고자한다면 그 의지와 배움, 노력이 필요해요. 그걸 이끌어주는게 멘토의 역활이고 학생? 주부? 어른? 제한없이 누구나 시작할 수 있는게 부업의 장점이죠. 부업으로 돈 버는건 운이다? 꾸준한 노력이 결실을...",https://kin.naver.com/qna/detail.naver?d1id=4&dirId=40611&docId=338726828&qb=67aA7JeFIOyEseqztQ==&enc=utf8,,0,2,3,2,3,False
부업 성공,기타,인터넷 부업하려면 어떻해야되죠??/,... 갈린다고 해도 과언이 아니고 저는 본사의 100% 교육과 케어로 진행해 멘토가 필요없는 이곳을 추천 드려요 모두가 성공하는 인터넷부업 이라는 모토로 폭풍 성장하고 인프라들의 만족도가 높은 곳! 여기라면 분명 후회는 없으세요,https://kin.naver.com/qna/detail.naver?d1id=4&dirId=40611&docId=290173825&qb=67aA7JeFIOyEseqztQ==&enc=utf8,,0,2,3,2,3,False
부업 성공,기타,부업하는법,"... 질문자님! 날씨가 추운데 감기조심하시고! 집에서 하는 부업! 저도 많은 부업을 해봤지만, 다 실패...... 하지만! 이 부업으로 다시 재개 했어요!!! 부업 신중하게 고민하셔서 선택하시고! 꼭 부업 성공하세요~!",https://kin.naver.com/qna/detail.naver?d1id=4&dirId=40611&docId=350436724&qb=67aA7JeFIOyEseqztQ==&enc=utf8,,0,2,3,2,3,False
부업 성공,기타,저 부업 생각하고 있는데 ㅠ 저는 스무살 중반됐구요 곧...,저 부업 생각하고 있는데 ㅠ 저는 스무살 중반됐구요 곧 아이의 엄마가 되는데 아이를 키우면서 일을 하고싶어서 이런저런 일들을 알아보고있어요 님 글을 읽고 이야기 나누어 보고싶어서 이렇게 질문드려요~ 부업 경력6년! 성공한 수이...,https://kin.naver.com/qna/detail.naver?d1id=4&dirId=40611&docId=230537359&qb=67aA7JeFIOyEseqztQ==&enc=utf8,,0,2,3,2,3,False
부업 성공,기타,부업 추천,"... 고객들에게 신뢰를 줄 수 있도록 일을 성실히 수행하고, 약속한 시간과 기한을 지키는 것이 중요합니다. 이러한 방법들을 활용하여 부업을 시작하면서 원하는 금액을 벌 수 있을 것입니다. 성공을 기원합니다!",https://kin.naver.com/qna/detail.naver?d1id=4&dirId=40611&docId=462126112&qb=67aA7JeFIOyEseqztQ==&enc=utf8,,0,2,3,2,3,False
부업 성공,기타,부업사기 피해 어떻게해야할까요ㅜㅜ,"... ✅의뢰인 사건별 맞춤형 전략 제공 질문자님께서 부업 사기 수법으로 약 1억 원의 피해를 입으셨고, 사이트에서... 피해금 회수와 관련해서는, 지급정지가 성공하여 상대방 계좌에 잔액이 남아 있다면 피해구제 신청을 통해 일부라도...",https://kin.naver.com/qna/detail.naver?d1id=6&dirId=602060402&docId=492528337&qb=67aA7JeFIOyEseqztQ==&enc=utf8,,0,2,3,2,3,False
부업 성공,기타,부업을 할려면 우선가입을 해야하지요,... 우선가입을 해야하지요 어떤식으로요 연락처도없고 회사이름도없고 네 해야 됩니다. 그래야 평생 회원으로 하실수 있습니다. 차근차근 하시면 어려울것은 없습니다. 혹 궁금하신 사항은 네임카드 전부 있습니다. 꼭 부업 성공하세요!^^,https://kin.naver.com/qna/detail.naver?d1id=4&dirId=40613&docId=308440564&qb=67aA7JeFIOyEseqztQ==&enc=utf8,,0,2,3,2,3,False
부업 성공,기타,부업으로 자판기 사업?,"... 회사다니면서 부업으로 자판기 사업을 하는 것은 쉽지 않지만, 성공할 수 있는 가능성은 있습니다. 자판기 사업에 관심이 있다면, 충분히 계획하고 준비한 후에 시작하는 것이 좋습니다. ✅ 현재 저는 주식일대일공부와 주식종목추천도...",https://kin.naver.com/qna/detail.naver?d1id=4&dirId=40701&docId=449376765&qb=67aA7JeFIOyEseqztQ==&enc=utf8,,0,2,3,2,3,False
부업 성공,기타,김해 부업,"김해에서 손부업이든 집에서 할수있는일있음 알려주세요 일단 부업을 정하는데 있어서 중요한것이 있습니다. 첫번째, 무자본 일 것. 돈이 들어가게 되면 성공하면 괜찮은데 망하면 낭패입니다. 돈을 그냥 버리는거나 마찬가지. 두번째...",https://kin.naver.com/qna/detail.naver?d1id=12&dirId=121002&docId=452573386&qb=67aA7JeFIOyEseqztQ==&enc=utf8,,0,2,3,2,3,False
부업 성공,기타,직장인 부업 질문좀요,"... 부업도 마찬가지 성공하고자한다면 그 의지와 배움, 노력이 필요해요. 그걸 이끌어주는게 멘토의 역활이고 학생? 주부? 어른? 제한없이 누구나 시작할 수 있는게 부업의 장점이죠. 부업으로 돈 버는건 운이다? 꾸준한 노력이 결실을...",https://kin.naver.com/qna/detail.naver?d1id=4&dirId=4010503&docId=256607516&qb=67aA7JeFIOyEseqztQ==&enc=utf8,,0,2,3,2,3,False
부업 성공,기타,부업 초보자 추천이요 ^^,"... 부업도 마찬가지 성공하고자한다면 그 의지와 배움, 노력이 필요해요. 그걸 이끌어주는게 멘토의 역활이고 학생? 주부? 어른? 제한없이 누구나 시작할 수 있는게 부업의 장점이죠. 부업으로 돈 버는건 운이다? 꾸준한 노력이 결실을...",https://kin.naver.com/qna/detail.naver?d1id=4&dirId=40611&docId=330153810&qb=67aA7JeFIOyEseqztQ==&enc=utf8,,0,2,3,2,3,False
부업 성공,기타,부업추천합니다,"화물기사인데 쉬는 시간에 노트북이나 휴대폰으로 할 수 있는 부업 찾아요 안녕하세요 작성자님!^ ^ 재택근무, 부업... 핸드폰으로도 충분히 일할 수 있고 작성자님만 포기하지 않으시면 반드시 성공할 수 밖에 없는 일이예요! 궁금하신...",https://kin.naver.com/qna/detail.naver?d1id=1&dirId=10102&docId=450430302&qb=67aA7JeFIOyEseqztQ==&enc=utf8,,0,4,3,4,3,False
부업 성공,기타,슬립업 부업,"... 부업을 시작하신다면, 항상 조심하시고, 신중하게 결정하시는 것이 중요합니다. 슬립업 앱테크를 통해 성공을 이루시길 바라며, 더 궁금한 사항이 있으시면 언제든지 질문해주세요. 함께 응원하겠습니다. 감사합니다.",https://kin.naver.com/qna/detail.naver?d1id=4&dirId=40611&docId=470390315&qb=67aA7JeFIOyEseqztQ==&enc=utf8,,0,2,3,4,1,False
부업 성공,기타,고용촉진지원금과 재택부업 관련성,"질문여 안녕하세요 현재 취업성공패키지를 통해 취업을 해서 회사에 다니고 있는 중입니다. 이제 3개월 되가는 시점이라 아직 고용촉진지원금을 신청해보지는 않았습니다. 궁금한 것은, 요즘 부업으로 재택알바를 해보려고 하는데요....",https://kin.naver.com/qna/detail.naver?d1id=6&dirId=6080401&docId=428460881&qb=67aA7JeFIOyEseqztQ==&enc=utf8,,0,4,3,4,3,False
부업 성공,기타,"사업,부업 추천",안녕하세요 22살인데 정말 성공하고싶어서 열심히 살고있습니다 사업이라는걸 해보고싶은데 이 전쟁터에서 쉬운건 없겠지만 그래더 그나마 할만한게 뭐가있을까요… 그리고 부업도 할려거하는데 부업은 어디서 구하나요 부업으로...,https://kin.naver.com/qna/detail.naver?d1id=4&dirId=40611&docId=442628355&qb=67aA7JeFIOyEseqztQ==&enc=utf8,,0,2,3,2,3,False
부업 성공,기타,부업 종류가 많은데 손글씨 이런거 말고 추천해주세요,집에서 부업을 해본적이 없는데 이제 해야할것 같아요 뭘 해야 할까요? 광고들은 많은데 정말 어떤부업으로... 무로 성공할 수 있다는 확신을 심어준 회사입니다. ✅직장인분들에게 투.잡으로 하시기에 너무 좋은 회사 ✅독박육아를 할 수...,https://kin.naver.com/qna/detail.naver?d1id=4&dirId=40611&docId=440170450&qb=67aA7JeFIOyEseqztQ==&enc=utf8,,0,2,3,2,3,False
부업 성공,기타,자격증 취득해서 할만한 부업 추천 해주세요,"... fc스마트시스템이라는건데, 이 부업은 상위멘토만 성공하는 게 아니라 하부멘티들까지 성공할수 있게끔 시스템이 만들어져 있더라구요 저는 이런점의 가능성을 높게보고 결정해 부업을 시작하였어요~ 혹시 관심 있으시면...",https://kin.naver.com/qna/detail.naver?d1id=4&dirId=40611&docId=439459706&qb=67aA7JeFIOyEseqztQ==&enc=utf8,,0,2,3,2,3,False
부업 성공,기타,인천 부업 알아보는 중인데요,인천에 살아서 동네부업쪽으로 집에서 하는 일 알아보고 있는데 혹시 하시는 분 있으시면 추천해 주실 수 있을 까요?... 이 사업을 통해 서로 다 성공하는날까지요^^ 또한 리치패밀리 내부에서도 300만원 상당의 온라인네트워크마케팅...,https://kin.naver.com/qna/detail.naver?d1id=12&dirId=1204&docId=425628421&qb=67aA7JeFIOyEseqztQ==&enc=utf8,,0,2,3,2,3,False
부업 성공,콘텐츠,손부업알려주세요,"... 앱테크_틱톡라이트 부업, 용돈벌이,본업으로도 단연 최고죠!!! 보는 재미로, 버는 재미로! 영상만 봐도, 좋아요만 눌러도, 검색만 해도, 포인트가 차곡차곡 쌓이는 TikTok Lite! 초대성공시 25000원지급(바로 인출가능 혹은 쿠폰...",https://kin.naver.com/qna/detail.naver?d1id=7&dirId=70303&docId=481667693&qb=67aA7JeFIOyEseqztQ==&enc=utf8,,0,2,3,2,3,False
부업 성공,기타,지금부터라도 부업으로 디지털 노마드,... 진작에 처음부터 시작해볼껄..하고 질문자님은 처음에 부업을 잘만나셔서 꼭 성공하셨으면 좋겠네요. 첫번째부업이 무언지는 얘기 못드리구요. 지금 하는 부업이 무엇인지 얘기할께요. 혹시 리치패밀리라고 들어보셨나요? 부업을...,https://kin.naver.com/qna/detail.naver?d1id=5&dirId=50801&docId=397045599&qb=67aA7JeFIOyEseqztQ==&enc=utf8,,0,2,3,2,3,False
부업 성공,기타,천연생장품 부업,천연생장품 부업 도대체 뭐가 있나요? 검색하면 화장품밖에 안나오는데 혹시 천연생장품중에 먹는제품이 있나요?... 2번 실패한 제가 이렇게 적극추천한다는 것은 성공이 가능한 일이기 때문이죠^^!! 저희는 주급으로 수당을 받는데...,https://kin.naver.com/qna/detail.naver?d1id=4&dirId=40613&docId=414102144&qb=67aA7JeFIOyEseqztQ==&enc=utf8,,0,2,3,2,3,False
부업 성공,기타,집에서할수있는부업 있나요,... 끈기있는 사람만이 성공한다는 말이 바로 이 부업인것 같아요 왜나하면요 글쓰기가 주요업무인데요 컴퓨터 좀 아는 사람은 쉽게할수는 있겠지만요 모르는 사람은 가르쳐 줘도 잘 이해가 안되는 부분이 있어요 그래서 안되는 부분을...,https://kin.naver.com/qna/detail.naver?d1id=8&dirId=8020306&docId=463714048&qb=67aA7JeFIOyEseqztQ==&enc=utf8,,0,2,3,2,3,False
부업 성공,기타,첫결제필요없는 부업,... 얼마든지 성공하실 수 있도록 떠나지 않고 옆에서 도와드릴게요 얼마든지 노력으로 가능합니다 힘들다면 옆에서 도와드릴게요 함께 성공할 수 있는 부업 한번 시작해보세요 제가 하고 있는 업무에 대해 궁금하시면 언제든 연락주세요^^,https://kin.naver.com/qna/detail.naver?d1id=4&dirId=40611&docId=341295003&qb=67aA7JeFIOyEseqztQ==&enc=utf8,,0,2,3,2,3,False
부업 성공,기타,집에서하는부업 종류,"... 마늘까기,인형눈붙이기 이런 손부업도 괜찮고 아니면 인터넷으로 홍보하는 것도 괜찮아요~ 집에서 하는 부업 사기 아닌걸로 추천 좀 해주세요 부업경력 6년차! 집에서 성공한 주부에요^_^ 거짓없는 솔직한 답변만 적을께요! 저도 집에서...",https://kin.naver.com/qna/detail.naver?d1id=4&dirId=40611&docId=259923235&qb=67aA7JeFIOyEseqztQ==&enc=utf8,,0,2,3,4,1,False
부업 성공,기타,"pop디자인 자격증, pop예쁜 손글씨자격증 같은건가요?",... 아무래도 자격증이 있으면 나쁠건 없을것 같은데요 문화센터에 다니면 좋구요 아님 독학으로 열심히 하셔서 부업 성공하시길 바랍니다 혹~ 궁금한거 있음 물어보세요 아는거면 알려드릴께요^^;,https://kin.naver.com/qna/detail.naver?d1id=4&dirId=40605&docId=63464607&qb=67aA7JeFIOyEseqztQ==&enc=utf8,,0,2,3,2,3,False
부업 성공,기타,헬로우드림 부업 질문,"코로나때문에 일도 잘 안구해지고 부업 알아보려고하는데 헬로우드림이라고 있더라구요 ㅠㅠ 일단 가입해놓고... 원하는 성공도, 내가 바라는 미래도 그 출발은 오늘 하루 입니다. 누구든 선택의 기로에서 같은고민과 걱정을 하겠지만...",https://kin.naver.com/qna/detail.naver?d1id=4&dirId=40611&docId=377257461&qb=67aA7JeFIOyEseqztQ==&enc=utf8,,0,2,3,2,3,False
부업 성공,기타,이일이 부업으로 괜찮은지 궁금합니다.(내공100추가),"... fc스마트시스템이라는건데, 이 부업은 상위멘토만 성공하는 게 아니라 하부멘티들까지 성공할수 있게끔 시스템이 만들어져 있더라구요 저는 이런점의 가능성을 높게보고 결정해 부업을 시작하였어요~ 혹시 관심 있으시면...",https://kin.naver.com/qna/detail.naver?d1id=3&dirId=3010203&docId=436622712&qb=67aA7JeFIOyEseqztQ==&enc=utf8,,0,2,3,2,3,False
부업 성공,기타,회사 부업 질문,... 우리 흔히 실패에도 이유 있고 성공에도 이유가 있다고 하죠 저 역시 부업 초보 때는 요령이 없어서 성공 사례만 분석하니 답이 보이더라구요. 제 30대 주부 멘티님❤도 지난 8월 월1000만 버셨구요. 주부 직장인 대학생 취준생 은퇴자...,https://kin.naver.com/qna/detail.naver?d1id=4&dirId=40613&docId=402476717&qb=67aA7JeFIOyEseqztQ==&enc=utf8,,0,2,3,2,3,False
부업 성공,기타,부업질문드립니다,... 그런데 부업은 어떻게 합니까? 사이트가 따로 있는거같던데 들어가도 뭐가뭔지 몰라서 이렇게 글을 써봅니다 안녕하세요:) 질문자님^^ 초보분들도 충분히 방법만 제대로 배우시먼 버실수있고 초보성공 가능하세요 저역시 일을 처음...,https://kin.naver.com/qna/detail.naver?d1id=4&dirId=40611&docId=349684758&qb=67aA7JeFIOyEseqztQ==&enc=utf8,,0,2,3,2,3,False
부업 성공,기타,30대 주부가 할수있는 부업 있을까요?,"... 알려주세요 부업경력 6년차! 집에서 성공한 주부에요^_^ 거짓없는 솔직한 답변만 약속드릴게요!! 저도 30대주부이구요^^ 8살,4살 아이를 키우며 집에서 일하고 있어요~~ 시간날때 틈틈히 집에서 컴퓨터로 하면되는거라 주부님들이...",https://kin.naver.com/qna/detail.naver?d1id=4&dirId=407&docId=254885830&qb=67aA7JeFIOyEseqztQ==&enc=utf8,,0,2,3,2,3,False
부업 성공,기타,집에서 할수있는 부업,집에서 할수있는 부업 있을까요 컴퓨터도 있구 잠이없어서 남는시간이 아까워서요 뭐만들거나 그런것두 좋고요 뭐든지 추천해주세요 부업경력 7년차! 집에서 성공한 주부에요^_^ 거짓없는 솔직한 답변만 적을께요! 컴퓨터 한대만 있으면...,https://kin.naver.com/qna/detail.naver?d1id=8&dirId=814&docId=291519201&qb=67aA7JeFIOyEseqztQ==&enc=utf8,,0,2,3,2,3,False
부업 성공,기타,집에서 부업할거 추천해주세요.,"집에서 부업을 하고 싶은데 추천 좀 해주세요 부업경력 6년차! 집에서 성공한 주부에요^^ 거짓없는 솔직한 답변만 약속드릴게요! 안전성면에서도 가장 좋고, 부업에서도 가장 핫한 회사를 소:개해드릴게요~~ 창립된지 13년된 안전성높고...",https://kin.naver.com/qna/detail.naver?d1id=4&dirId=40611&docId=263253031&qb=67aA7JeFIOyEseqztQ==&enc=utf8,,0,2,3,4,1,False
부업 성공,기타,쿠팡손부업 사기,"... 질문자님께서는 이른바 ‘쿠팡 손부업’ 명목으로 접근받아 소정의 작업을 하면 수수료나 인센티브를 지급하겠다며 유도되었고, 선입금·재충전·검수비 등의 명목으로 반복 입금을 요구받거나, 작업 성공을 미끼로 금액을 불리게...",https://kin.naver.com/qna/detail.naver?d1id=4&dirId=40611&docId=488956144&qb=67aA7JeFIOyEseqztQ==&enc=utf8,,0,2,3,2,3,False
부업 성공,기타,자택부업 알려주세요..,"... 부업경력 7년차! 집에서 성공한 주부에요^_^ 거짓없는 솔직한 답변만 남겨드릴께요! 이일을 시작하시는 대부분의 분들이 다들 처음이셨고, 경험이 없다보니 다 똑같은 출발선에서 시작하고 있답니다~ 하지만, 이일은 막상 해보시면...",https://kin.naver.com/qna/detail.naver?d1id=4&dirId=40611&docId=278125168&qb=67aA7JeFIOyEseqztQ==&enc=utf8,,0,2,3,2,3,False
부업 성공,기타,박스조립부업주실곳을찾고있습니다,"박스조립부업 질문자님.~안녕하세요.~~ 세상에 많고많은 아르바이트, 직장이 있지만... 제가 시간대비... "" 다른 이들의 성공도 있지 않은가."" ""Failure is not the only punishment for laziness; there is also the success of others....",https://kin.naver.com/qna/detail.naver?d1id=1&dirId=10103&docId=255334624&qb=67aA7JeFIOyEseqztQ==&enc=utf8,,0,2,3,2,3,False
부업 성공,기타,부업 좀 해보려고 합니다,"... 집에서 해도 좋고 밖에서 해도 좋습니다 뭐 추천 좀 해주세요 부업경력 6년차! 집에서 성공한 주부에요^^ 거짓없는 솔직한 답변만 약속드릴게요! 안전성면에서도 가장 좋고, 부업에서도 가장 핫한 회사를 소:개해드릴게요~~ 창립된지...",https://kin.naver.com/qna/detail.naver?d1id=4&dirId=40611&docId=263129398&qb=67aA7JeFIOyEseqztQ==&enc=utf8,,0,2,3,4,1,False
부업 성공,기타,부업신청질문,"... 이제 손부업시대는 지나가고~ 인터넷 부업시대가 왔어요^^ 처음이라 낮설고 두렵겠지만~ 결코 이상한 곳이 아니랍니다 시대가 변하였으니 우리도 발빠르게 변화에 맞춰가야지요. 그래야 성공할수 있답니다^^ 제가 소개해드리는 ""D""사는...",https://kin.naver.com/qna/detail.naver?d1id=4&dirId=40611&docId=272972449&qb=67aA7JeFIOyEseqztQ==&enc=utf8,,0,2,3,2,3,False
부업 성공,기타,"파주 (문산,금촌) 부업",직장인 파주 집에서 손부업 할 곳 없나요? 안녕하세요:) 질문자님^^ 초보분들도 충분히 방법만 제대로 배우시먼 버실수있고 초보성공 가능하세요 저역시 일을 처음 시작할때에는 질문자님처럼 고민이 정말 많았어요 그래서 몇달이나...,https://kin.naver.com/qna/detail.naver?d1id=12&dirId=120927&docId=348976992&qb=67aA7JeFIOyEseqztQ==&enc=utf8,,0,2,3,2,3,False
부업 성공,기타,손부업 할만 할까요?,"... 내면서 부업하시지 마시고 안전하게 대기업에서 평생 인세소득 받아가세요! 여기는 ""월 1~200만원""은 기본이고, 천만원 이상 벌어가는 사람들이 많아요!! 질문자님께서도 꼭 대기업에서 성공하셨으면 좋겠어요!! 아래 ↓↓ 설문조사...",https://kin.naver.com/qna/detail.naver?d1id=4&dirId=40611&docId=412582050&qb=67aA7JeFIOyEseqztQ==&enc=utf8,,0,2,3,2,3,False
부업 성공,기타,재미있는 부업알바 어디없을까요?,"... 많은 추천 부탁드려요~~ 부업경력 6년차! 집에서 성공한 주부에요^_^ 거짓없는 솔직한 답변만 해드릴께요! 요즘은 컴퓨터나 핸드폰으로도 할수있는일거리들이 있다보니 집에서도 충분히 가능하세요~~ 다만, 집에서하는 부.업류는...",https://kin.naver.com/qna/detail.naver?d1id=4&dirId=40611&docId=256076930&qb=67aA7JeFIOyEseqztQ==&enc=utf8,,0,2,3,2,3,False
부업 성공,기타,부업하고싶어요,... 버는 부업 없을까요ㅠㅜ? 정보좀 주세요 저도 검색은 다 한상태입니다 안녕하세요:) 질문자님^^ 하루에 글쓰기만으로 3만원은 충분히 벌수있답니다 초보분들도 충분히 방법만 제대로 배우시먼 버실수있고 초보성공 가능하세요 저역시...,https://kin.naver.com/qna/detail.naver?d1id=4&dirId=40611&docId=348990975&qb=67aA7JeFIOyEseqztQ==&enc=utf8,,0,2,3,2,3,False
부업 성공,기타,부업으로 할 만한거 추천해주세요,"불법 아니고 부업으로 할 수 있는 것들 추천 좀 해주세요 세금 떼가는거 장난하는것도 아니고 늘 거지네요 ㅠ;;... 터""로 [성공] 하며 한분한분 빠짐없이 밀착케어 하는 찐멘토로서 첫날부터 슈/익나는 방법&실.전.노.하.우‼ [밤/낮...",https://kin.naver.com/qna/detail.naver?d1id=4&dirId=40703&docId=451325254&qb=67aA7JeFIOyEseqztQ==&enc=utf8,,0,2,3,4,1,False
부업 성공,기타,부업 추천해주세요,... 주부들도 요즘 집에서 부업같은거 하던데 어떤게있을까요 시작은어떻게해야하나요 부업경력 7년차! 집에서 성공한 주부에요^_^ 거짓없는 솔직한 답변만 적을께요! 제가하고있는거 추천드려용~~ 컴퓨터 한대만 있으면 자유롭게...,https://kin.naver.com/qna/detail.naver?d1id=8&dirId=801&docId=287534821&qb=67aA7JeFIOyEseqztQ==&enc=utf8,,0,2,3,2,3,False
부업 성공,기타,임산부 부업 알바,"지금 17주인 임신부 인데요 부업을 하나 시작하려 하는데 어떻게 하는지 궁금해서요 꼭 컴퓨터가 있어야 부업이... 성 하신만큼 본인의 역량에 따라 월100~900이상 생활보탬이 되실거예요^^ 내가 원하는 성공도, 내가 바라는 미래도 그...",https://kin.naver.com/qna/detail.naver?d1id=4&dirId=40611&docId=377910109&qb=67aA7JeFIOyEseqztQ==&enc=utf8,,0,2,3,2,3,False
부업 성공,기타,집에서 할수있는부업,집에서 할수있는부업을 찾습니다~ 인터넷부업사절 질문자님 안녕하세요~~ 소득대비 물가는 오르고 살림살이는... 그러나 성공하기 위해서는 단순히 노력만 가지고는 안되겠죠. 똑같은 일을 하더라도 최대한 효율적으로 해야 하구요....,https://kin.naver.com/qna/detail.naver?d1id=4&dirId=40611&docId=277309856&qb=67aA7JeFIOyEseqztQ==&enc=utf8,,0,2,3,2,3,False
부업 성공,기타,오십프로펀 부업 어떤가요? 요새 많은,오십프로펀 부업 어떤가요? 요새 많은 부업이 있는데 평좀 부탁드려요~ 부업 광고 모두 신고합니다!> 저두 많은... 이런 좋은기회에 들어오셔서 일만 하시면 되세요 아마 알아보시는 곳중에서 일하시기 훨씬 쉬우실거예요 성공하시기에,https://kin.naver.com/qna/detail.naver?d1id=11&dirId=110703&docId=306840874&qb=67aA7JeFIOyEseqztQ==&enc=utf8,,0,2,3,2,3,False
부업 성공,기타,집에서할수있는부업 추천좀요!,집에서할수있는부업 추천좀 해주세요. 확실한 부업회사였음 좋겠습니다. 손부업을 예전에 해본 경험이 있어서... 그러나 성공하기 위해서는 단순히 노력만 가지고는 안되겠죠. 똑같은 일을 하더라도 최대한 효율적으로 해야 하구요....,https://kin.naver.com/qna/detail.naver?d1id=4&dirId=40611&docId=276393522&qb=67aA7JeFIOyEseqztQ==&enc=utf8,,0,2,3,2,3,False
부업 성공,기타,천안손부업,가질러갈수있는 손부업구해요 컴터로하는 제택알바 사절입니다 손부업을 찾고있는데 찾기가힘드네요ㅠ 질문자님... 그러나 성공하기 위해서는 단순히 노력만 가지고는 안되겠죠. 똑같은 일을 하더라도 최대한 효율적으로 해야 하구요....,https://kin.naver.com/qna/detail.naver?d1id=4&dirId=40611&docId=276654181&qb=67aA7JeFIOyEseqztQ==&enc=utf8,,0,2,3,2,3,False
부업 성공,기타,볼펜부업 할만한가요?,... 요즘 부업거리를 찾아보는 중에 볼펜부업이 있다고 해서 질문합니다. 다른 부업은 몇가지는 해봤는데 좀 그래서요.... 그러나 크게 성공하기 위해서는 단순히 노력만 가지고는 안되겠죠. 똑같은 일을 하더라도 최대한 효율적으로 해야...,https://kin.naver.com/qna/detail.naver?d1id=4&dirId=40611&docId=275795013&qb=67aA7JeFIOyEseqztQ==&enc=utf8,,0,2,3,2,3,False
부업 성공,기타,구의동 부업,자택에서 부업가능하신 분들 계실까요? 안녕하세요 질문자님^^~ 자택에서 하실만한 부업거리를 알아보고 계신가봐요:D... 실패는 성공의 어머니!!! ㅎ_ㅎ 제가 도움이 되드릴 수 있다면 좋겠네용^^! 더 상세한 내용은 아래의 네임카드...,https://kin.naver.com/qna/detail.naver?d1id=12&dirId=12012002&docId=255840018&qb=67aA7JeFIOyEseqztQ==&enc=utf8,,0,2,3,2,3,False
부업 성공,기타,리치패밀리 부업이 뭐에요?,"... 내면서 부업하시지 마시고 안전하게 대기업에서 평생 인세소득 받아가세요! 여기는 ""월 1~200만원""은 기본이고, 천만원 이상 벌어가는 사람들이 많아요!! 질문자님께서도 꼭 대기업에서 성공하셨으면 좋겠어요!! 아래 ↓↓ 설문조사...",https://kin.naver.com/qna/detail.naver?d1id=12&dirId=12092619&docId=414341130&qb=67aA7JeFIOyEseqztQ==&enc=utf8,,0,2,3,2,3,False
부업 성공,기타,취업성공수당 질문 좀요 //,"... (아르바이트는 부업으로 인정 가능하며 “겸업 금지”가 아니라면 상관없습니다.) 핵심 질문 2: 4대 보험 상태를 유지해야 하나요? 아니면 빼야 하나요? ➡ 반드시 뺄 필요는 없습니다. 다만, 고용센터에 ""창업 후 겸업 중""이라고...",https://kin.naver.com/qna/detail.naver?d1id=6&dirId=6080402&docId=486274576&qb=67aA7JeFIOyEseqztQ==&enc=utf8,,0,2,3,2,3,False
부업 성공,기타,사주 성공할 수 있을까요 ?,안녕하세요 일은 하고있는데 부업을하고싶어서요 부업으로 이모티콘 작가가 되고싶은데 사주랑 잘맞을까요? 사주는 1996년 12월30일 저녁7시 여자 입니다 양력이라면 성공가능합니다. 더 궁금하신 부분이나 본인 전체사주풀이는...,https://kin.naver.com/qna/detail.naver?d1id=3&dirId=31501&docId=440372370&qb=67aA7JeFIOyEseqztQ==&enc=utf8,,0,2,3,2,3,False
부업 성공,기타,학생부업추천,중고등학교학생들이 할수있는 부업이있나요? 용돈을 벌고싶어서 안녕하세요:) 질문자님^^ 초보분들도 충분히 방법만 제대로 배우시먼 버실수있고 초보성공 가능하세요 저역시 일을 처음 시작할때에는 질문자님처럼 고민이 정말...,https://kin.naver.com/qna/detail.naver?d1id=4&dirId=40611&docId=349718718&qb=67aA7JeFIOyEseqztQ==&enc=utf8,,0,2,3,4,1,False
부업 성공,기타,집에서하는 부업,"집에서 부업할려고하는데요 물건 가져다주고 가져가는곳어디없나요?? 질문자님.~안녕하세요.~~ 세상에... ""누군가는 성공하고 누군가는 실수할 수도 있다."" 하지만 이런 차이에 너무 집착하지 말라."" 타인과 함께...",https://kin.naver.com/qna/detail.naver?d1id=4&dirId=40611&docId=269785320&qb=67aA7JeFIOyEseqztQ==&enc=utf8,,0,2,3,2,3,False
부업 성공,기타,#여주#부업 할마한것 없을까요?,#여주#부업 할마한것 없을까요? 집에서 부업할만한거 추천 부탁드립니다. 아님 아시는분 있으심 소개좀 해주세여... 그러나 성공하기 위해서는 단순히 노력만 가지고는 안되겠죠. 똑같은 일을 하더라도 최대한 효율적으로 해야 하구요....,https://kin.naver.com/qna/detail.naver?d1id=4&dirId=40611&docId=275175442&qb=67aA7JeFIOyEseqztQ==&enc=utf8,,0,2,3,2,3,False
부업 성공,기타,북구 태전동 부업구합니다,집에서할 부업구합니다 질문자님 안녕하세요~~ 소득대비 물가는 오르고 살림살이는 팍팍해지고 있는 실정에... 요즘... 그러나 성공하기 위해서는 단순히 노력만 가지고는 안되겠죠. 똑같은 일을 하더라도 최대한 효율적으로 해야...,https://kin.naver.com/qna/detail.naver?d1id=4&dirId=40104&docId=273113740&qb=67aA7JeFIOyEseqztQ==&enc=utf8,,0,2,3,2,3,False
부업 성공,기타,부업 알아보고있어요~알려주세요-!,... 걱정도 되구요ㅠ 괜찮은곳 있으면 추천좀 해주세요ㅠ 급합니다ㅠ 부업경력 7년차! 집에서 성공한 주부에요^_^ 거짓없는 솔직한 답변만 적을께요! 컴퓨터 한대만 있으면 자유롭게 일하면서 수익낼수 있는 일 소개해드릴게요~~ 본사...,https://kin.naver.com/qna/detail.naver?d1id=4&dirId=40611&docId=271155198&qb=67aA7JeFIOyEseqztQ==&enc=utf8,,0,4,3,4,3,False
부업 성공,기타,가정에서 할만한 부업이 있으면 알려주,... 타부업은 실패했지만 이곳에서 만족하며 일하고있구요 초보가 자리잡기에 더할나위 없다고 생각해요 질문자님도 신중하게 고민해보시고 좋은곳 선택하셨으면 좋겠습니당 제가 일하고 있는곳도 알아보시길 추천드릴게요! 성공하세요...,https://kin.naver.com/qna/detail.naver?d1id=2&dirId=20303&docId=307295575&qb=67aA7JeFIOyEseqztQ==&enc=utf8,,0,2,3,4,1,False
부업 성공,기타,부업거리좀알려주세요~,"제가 올해 40세된 주부인데요 집에서 인형눈 붙이기나 봉투붙이기 상자접기 등등...에 부업을 찾고있는데 생각보다... 성공해서 그간 서러웠던 설움을 털것입니다. 멋진인생이 기다리고 있어서 가슴이 설레고, 잠을 이룰수가 없습니다....",https://kin.naver.com/qna/detail.naver?d1id=4&dirId=40611&docId=102823477&qb=67aA7JeFIOyEseqztQ==&enc=utf8,,0,2,3,2,3,False
부업 성공,기타,부업 중에,요즘 부업 .인터넷 부업 엄청 많던데 어떤게 있는건가요? 홍보말고 어떤게 있는지 알려주세요. 그중 가장 괜찮은건... 그러나 성공하기 위해서는 단순히 노력만 가지고는 안되겠죠. 똑같은 일을 하더라도 최대한 효율적으로 해야 하구요....,https://kin.naver.com/qna/detail.naver?d1id=1&dirId=10802&docId=275410628&qb=67aA7JeFIOyEseqztQ==&enc=utf8,,0,2,3,2,3,False
부업 성공,기타,원주손부업,원주에서살고있는데 집에서할수있는손부업을구하고있는데 구하기가어렵더라구요 추천좀해주세요 질문자님... 그러나 성공하기 위해서는 단순히 노력만 가지고는 안되겠죠. 똑같은 일을 하더라도 최대한 효율적으로 해야 하구요. 다른...,https://kin.naver.com/qna/detail.naver?d1id=8&dirId=80801&docId=272869626&qb=67aA7JeFIOyEseqztQ==&enc=utf8,,0,2,3,4,1,False
부업 성공,기타,부업 알아보고 있는데 어떤게 괜찮을까요??,부업으로 하루 1~20만원정도 벌수있는게 뭐가 있을까요?? 안녕하세요:) 질문자님^^ 초보분들도 충분히 방법만 제대로 배우시먼 버실수있고 초보성공 가능하세요 저역시 일을 처음 시작할때에는 질문자님처럼 고민이 정말 많았어요 그래서...,https://kin.naver.com/qna/detail.naver?d1id=4&dirId=40611&docId=350623541&qb=67aA7JeFIOyEseqztQ==&enc=utf8,,0,2,3,2,3,False
부업 성공,기타,부업변상관련 질문입니다.,저희는 부업한지 한달되가는데 저희집이 개를키워요 그걸아는데도 마스크부업을 주신거고 저희는 정말 개도... 그러나 크게 성공하기 위해서는 단순히 노력만 가지고는 안되겠죠. 똑같은 일을 하더라도 최대한 효율적으로 해야 하구요....,https://kin.naver.com/qna/detail.naver?d1id=4&dirId=40611&docId=275515288&qb=67aA7JeFIOyEseqztQ==&enc=utf8,,0,2,3,2,3,False
부업 성공,기타,부업에 대해서 궁금한데요~,"지금 한창 그 유명하게 떠들썩한 부업 있잖아요? 저도 부업을 몇번해봤는데 돈만 날렸어요, 근데, 또 하자니 또... ㅎㅎ 회사 튼튼하고 유명한 곳에서 빠르게 시작하세요. 지금 초창기라서 성공확률이 더 높습니다.",https://kin.naver.com/qna/detail.naver?d1id=4&dirId=40613&docId=351126915&qb=67aA7JeFIOyEseqztQ==&enc=utf8,,0,2,3,2,3,False
부업 성공,기타,정발산동 부업,"정발산동에 손부업 하는곳 있을까요? 알려주세요~ 질문자님 안녕하세요 :) 손부업알아보시네요 요즘 손부업은 찾기가... ^ 다른 분야들도 그렇겠지만, 이 일도 모두가 성공할 수 있는 것은 아니에요. 초보때 어려움을 겪는 분들 이야기를...",https://kin.naver.com/qna/detail.naver?d1id=12&dirId=1209050310&docId=348259191&qb=67aA7JeFIOyEseqztQ==&enc=utf8,,0,2,3,4,1,False
부업 성공,기타,포항손부업 찾습니다.,... 아이 유치원 간 시간에 할만한 포항손부업좀 알려주세요.~ 남는 시간에 심심풀이로 하려고요. 아직 아이가 어려서... 그러나 성공하기 위해서는 단순히 노력만 가지고는 안되겠죠. 똑같은 일을 하더라도 최대한 효율적으로 해야...,https://kin.naver.com/qna/detail.naver?d1id=8&dirId=8010501&docId=274279972&qb=67aA7JeFIOyEseqztQ==&enc=utf8,,0,2,3,2,3,False
N잡 성공,기타,작곡가는 보통 n잡인가요,작곡가는 성공하지 않으면 그렇게까지 많은 연봉을 못받는다고 알고 있는데 대부분의 작곡가들은 회사같은데를 다니면서 작곡을 하나요 아님 알바같은걸 하면서 작곡을하나요? 작곡자뿐아니라 예술분야 대부분 알바하면서 성공을 꿈꾸죠,https://kin.naver.com/qna/detail.naver?d1id=3&dirId=3021402&docId=477298708&qb=TuyeoSDshLHqs7U=&enc=utf8,,0,0,3,0,3,False
N잡 성공,기타,n잡 희망합니다,"따로 투잡 제한이 없는 평범한 회사에 다니고 있습니다 다른 직원들도 투잡하고, n잡으로 여러개 하는 경우도 있고... 팀과 함께 하는 사업이라 알려주는대로 따라만 하셔도 누구나 쉽게 성공 가능합니다ㅎㅎ 궁금하신 분들은 아래...",https://kin.naver.com/qna/detail.naver?d1id=4&dirId=40613&docId=420111605&qb=TuyeoSDshLHqs7U=&enc=utf8,,0,2,3,2,3,False
N잡 성공,기타,중학교 1학년 과학 책 일반 책 독서 추천,"... 십 대를 위한 두근두근 N잡 대모험 사다리형 성공이 사라진 시대, 절망 대신 새로운 꿈을 꾸는 기회가 왔다! 그리고 그 기회는 N잡러로 실현할 수 있다. 단순히 직업의 가짓수가 많은 사람이 아니라 자신의 삶의 의미를 찾고 가장...",https://kin.naver.com/qna/detail.naver?d1id=13&dirId=130104&docId=384855112&qb=TuyeoSDshLHqs7U=&enc=utf8,,0,2,3,2,3,False
N잡 성공,기타,상생페이백 이 뭐에요?,... 안녕하세요 독서로 N잡에 성공한 30대 직장인 책방남자입니다. '상생페이백'에 대한 궁금증으로 찾아주셨군요. 요즘처럼 경제 상황이 불투명할 때 정부 지원 정책에 대해 알아보고 현명하게 소비하려는 모습에 깊이 공감합니다....,https://kin.naver.com/qna/detail.naver?d1id=9&dirId=90101&docId=488759222&qb=TuyeoSDshLHqs7U=&enc=utf8,,0,2,3,2,3,False
N잡 성공,기타,보험설계 ga 가입 추천좀,"현재 n잡 보험설계사로 어느 기업에 소속되어있습니다. 본직장 따로 있구요 지금 소속된 곳 나와서 ga로 가고싶은데... 상품판매 성공시 30만원 추가 지급(1회), 부담되는 1:1 담당자 없이 어플로 직접 활동, 전문설계매니저 지원(1:1...",https://kin.naver.com/qna/detail.naver?d1id=4&dirId=4010302&docId=489298981&qb=TuyeoSDshLHqs7U=&enc=utf8,,0,0,3,2,1,False
N잡 성공,기타,실용음악과로 예고가서 졸업하면 뭐해먹고 살수있나요,"... 그래서 실용음악과 보컬로 가려면 반드시 음악으로 성공해야겠다는 굳은 결심과 그에 맞는 역량, 비쥬얼도 갖추는 것이 좋고, n잡 등을 하면서 꿈을 계속 키워가야 합니다. 10년을 무명 생활한 분들도 있는데 안해본 일이 거의 없다고...",https://kin.naver.com/qna/detail.naver?d1id=11&dirId=110405&docId=482910714&qb=TuyeoSDshLHqs7U=&enc=utf8,,0,0,3,0,3,False
N잡 성공,기타,상생페이백 실적산정시 신용카드 즉시결제하면?,... 안녕하세요 독서로 N잡에 성공한 직장인 책방남자입니다. 소비 실적 산정에 대해 꼼꼼히 확인하고 싶어 하시는 모습에서 현명한 재테크 습관이 느껴집니다. 질문자님의 고민에 명쾌하게 답변해 드리겠습니다. 결론부터 말씀드리면...,https://kin.naver.com/qna/detail.naver?d1id=4&dirId=40104&docId=488676812&qb=TuyeoSDshLHqs7U=&enc=utf8,,0,2,3,2,3,False
N잡 성공,기타,직장생활 n잡,... 책임감과 성취감: 알바를 하면서 남친은 스스로 돈을 벌어내는 데 성공함으로써 책임감과 성취감을 얻을 수 있어요. 하지만 주의해야 할 점도 있어요. 1. 과로와 스트레스: 직장에서 일하고 알바까지 하면 스케줄이 바빠져 과로와...,https://kin.naver.com/qna/detail.naver?d1id=8&dirId=80101&docId=457958061&qb=TuyeoSDshLHqs7U=&enc=utf8,,0,0,3,0,3,False
N잡 성공,기타,한림예술고등학교(실용음악과),... 보컬 전공이나 기악 전공은 특히 취업과는 관계가 없는 대표적인 전공으로 물론 졸업전에 유명 뮤지션이 되는 극소수의 경우를 제외하면 뮤지션을 꿈꾸신다면 n잡을 하면서 꿈에 도전하셔야 합니다. 그렇게 해서 성공하면 물론...,https://kin.naver.com/qna/detail.naver?d1id=11&dirId=110405&docId=482693602&qb=TuyeoSDshLHqs7U=&enc=utf8,,0,0,3,0,3,False
N잡 성공,기타,27살 진로고민,"... 그리고 창업을 성공하기 위해서는 많은 노력과 시간이 필요합니다. 그러니 창업을 하기 전에 꼭 충분한 준비와... 유투브에 n잡만 쳐보아도 정말 몰랐던 일들 크리에이터, 블로거, 상품판매등 소액으로 시작할수 있는것도 많습니다...",https://kin.naver.com/qna/detail.naver?d1id=4&dirId=406&docId=452869103&qb=TuyeoSDshLHqs7U=&enc=utf8,,0,0,3,0,3,False
N잡 성공,기타,이력서 작성 시 애매한 부분이 있어 질문 드립니다.,"... ▶[직장인 속마음] 성공을 위한 대인관계 매너 5가지 ▶직장인 89.1% ‘재능 살려 N잡 하고 싶다!’ ▶중기 경력직 채용 시 선호하는 인재 유형 ▶대학생 2학기 휴학 계획… 21년 44% vs 22년 9% 잡코리아에서 많은 최신 꿀팁 얻으시고, 꼭...",https://kin.naver.com/qna/detail.naver?d1id=4&dirId=406&docId=426710191&qb=TuyeoSDshLHqs7U=&enc=utf8,,0,2,3,2,3,False
N잡 성공,기타,신입 도와주세요,"... ▶[직장인 속마음] 성공을 위한 대인관계 매너 5가지 ▶직장인 89.1% ‘재능 살려 N잡 하고 싶다!’ ▶중기 경력직 채용 시 선호하는 인재 유형 ▶대학생 2학기 휴학 계획… 21년 44% vs 22년 9% 잡코리아에서 많은 최신 꿀팁 얻으시고, 꼭...",https://kin.naver.com/qna/detail.naver?d1id=6&dirId=61303&docId=426683017&qb=TuyeoSDshLHqs7U=&enc=utf8,,0,2,3,2,3,False
N잡 성공,기타,요즘 부업추천,... 요즘 n잡 시대라는데 다들 뭘 하길래 그렇게 쏠쏠하신가유ㅜ 안녕하세요 (๓˙ ₋ ˙๓) 저는 평범한 직장인에서... 그 이후로도 매달 직장월급이상 받으며 출퇴없이 집에서 월급만들기 성공한 만큼 저처럼 처음 시작하시는 분들도...,https://kin.naver.com/qna/detail.naver?d1id=4&dirId=40611&docId=485132886&qb=TuyeoSDshLHqs7U=&enc=utf8,,0,2,3,2,3,False
N잡 성공,기타,남자 신입사원 복장 질문 ft.세미정장,"... ▶[직장인 속마음] 성공을 위한 대인관계 매너 5가지 ▶직장인 89.1% ‘재능 살려 N잡 하고 싶다!’ ▶중기 경력직 채용 시 선호하는 인재 유형 ▶대학생 2학기 휴학 계획… 21년 44% vs 22년 9% 잡코리아에서 많은 최신 꿀팁 얻으시고, 꼭...",https://kin.naver.com/qna/detail.naver?d1id=8&dirId=80401&docId=426456031&qb=TuyeoSDshLHqs7U=&enc=utf8,,0,2,3,2,3,False
N잡 성공,기타,1금융권 2금융권 취업 질문,... 그래도 확실하게 준비만 하신다면 높은 취업의 문턱을 뚫고 성공하실 수 있습니다! 잡코리아와 함께 합격스펙 및... 놓기 ▶N잡 준비하는 아이템 2위는 ‘유튜버’… 1위는? ▶학기 중엔 ‘시간대’ 방학엔 ‘급여’ 잡코리아에서...,https://kin.naver.com/qna/detail.naver?d1id=4&dirId=40101&docId=416569202&qb=TuyeoSDshLHqs7U=&enc=utf8,,0,2,3,2,3,False
N잡 성공,기타,이직질문!,"... ▶[직장인 속마음] 성공을 위한 대인관계 매너 5가지 ▶직장인 89.1% ‘재능 살려 N잡 하고 싶다!’ ▶중기 경력직 채용 시 선호하는 인재 유형 ▶대학생 2학기 휴학 계획… 21년 44% vs 22년 9% 잡코리아에서 많은 최신 꿀팁 얻으시고, 꼭...",https://kin.naver.com/qna/detail.naver?d1id=4&dirId=406&docId=426500347&qb=TuyeoSDshLHqs7U=&enc=utf8,,0,2,3,2,3,False
N잡 성공,기타,면접때 질문,"... ▶[직장인 속마음] 성공을 위한 대인관계 매너 5가지 ▶직장인 89.1% ‘재능 살려 N잡 하고 싶다!’ ▶중기 경력직 채용 시 선호하는 인재 유형 ▶대학생 2학기 휴학 계획… 21년 44% vs 22년 9% 잡코리아에서 많은 최신 꿀팁 얻으시고, 꼭...",https://kin.naver.com/qna/detail.naver?d1id=6&dirId=60802&docId=426635245&qb=TuyeoSDshLHqs7U=&enc=utf8,,0,2,3,2,3,False
N잡 성공,기타,사무직으로 취업,... 질문자님께서 원하시는 기업으로 취업 성공하시길 응원합니다. 잡코리아에서 제공하는 기업별 공채현황 정보들을... 놓기 ▶N잡 준비하는 아이템 2위는 ‘유튜버’… 1위는? ▶학기 중엔 ‘시간대’ 방학엔 ‘급여’ 잡코리아에서...,https://kin.naver.com/qna/detail.naver?d1id=4&dirId=40610&docId=416365121&qb=TuyeoSDshLHqs7U=&enc=utf8,,0,2,3,2,3,False
N잡 성공,기타,고등학생 진로고민,"... 아시다시피 우리 사회는 멀티페르소나, N잡의 시대로 흘러가고 있습니다. 그래서 디지털 노마드란 신조어도... 만약 우리 질문자님이 정말 성공하고 싶은 의지나 열의가 있다면 아래 글을 한번 꼭 읽어보세요 도움되실 것 같아...",https://kin.naver.com/qna/detail.naver?d1id=11&dirId=110704&docId=344797225&qb=TuyeoSDshLHqs7U=&enc=utf8,,0,2,3,2,3,False
N잡 성공,기타,고1 보컬 진로 입시,"... 평균은 연극 다음으로 낮고, 그나마 그 수입도 70%는 다른일(n잡)으로 벌어들인 돈입니다. 이렇게 미래가 불안한데 왜 하냐? 그러면 성공할 경우 어마어마한 정말 판검사는 저리가는 부와 명예, 그리고 연예계에서 막강한 권력도...",https://kin.naver.com/qna/detail.naver?d1id=11&dirId=110405&docId=482283629&qb=TuyeoSDshLHqs7U=&enc=utf8,,0,0,3,0,3,False
N잡 성공,기타,중학교 공부?그림?,"... 웹툰, 소설같은 창작물이 불법사이트에 올라가는 등 저작권이 보호되지 않는 경우가 허다하기 때문에 웹툰작가로 성공하는 것은 극히 일부의 사람만이 가능해요 웹툰작가를 정말 하고 싶으시다면 30살까지 n잡 띄실 생각해야돼요",https://kin.naver.com/qna/detail.naver?d1id=11&dirId=110307&docId=432323658&qb=TuyeoSDshLHqs7U=&enc=utf8,,0,0,3,0,3,False
N잡 성공,기타,3월 직장취업고민 힘든직업 남들안하는특수직업 추천좀,... 큰성공) 2/25용띠분들의 운세 시집은갔으나 애정문제발생 정식절차밟지않고 일시적감정결합 변칙적상태는... 저도 그렇게 해서 직업을 찾긴 했지만 요즘은 N잡 시대라 직장을 다니면서도 생각이 많네요. 이런 저런 가능성을...,https://kin.naver.com/qna/detail.naver?d1id=4&dirId=406&docId=465048697&qb=TuyeoSDshLHqs7U=&enc=utf8,,0,2,3,2,3,False
N잡 성공,기타,진짜 진지하게 진로 조언좀 부탁드려요,"... 무조건 n잡형식으로 해야될텐데 .. 언제 뜰지도 미지수입니다. 근데 이런걸 다 감안해내고 나는 그래도 음악이 좋아... 선택했을때 실패, 성공의 여부는 아무도 몰라요. 그걸 알면 다 성공했죠. 근데 요즘 세상에 뭐 진로 잘못...",https://kin.naver.com/qna/detail.naver?d1id=3&dirId=3021402&docId=437088659&qb=TuyeoSDshLHqs7U=&enc=utf8,,0,0,6,0,6,False
N잡 성공,기타,홈택스? 국세청? 5월 정기 신고? 에 대해 질문합니다,"... 환급 성공 시 수수료 발생 누락 공제 찾아주는 경우 있음 정확도 자체는 결국 국세청 자료 기반이라 큰 차이는 없는... 단순한 근로소득이면 홈택스로 직접 해도 충분한 경우가 많고, 프리랜서·알바·N잡처럼 소득이 복잡하면 대행...",https://kin.naver.com/qna/detail.naver?d1id=4&dirId=403&docId=485011936&qb=TuyeoSDshLHqs7U=&enc=utf8,,0,2,3,2,3,False
N잡 성공,기타,이력서 작성 중 질문사항,... ▶[직장인 속마음] 성공을 위한 대인관계 매너 5가지 ▶직장인 89.1% ‘재능 살려 N잡 하고 싶다!’ ▶중기 경력직 채용 시 선호하는 인재 유형 ▶대학생 2학기 휴학 계획… 21년 44% vs 22년 9% 잡코리아에서 많은 최신 꿀팁 얻으시고...,https://kin.naver.com/qna/detail.naver?d1id=4&dirId=406&docId=426525521&qb=TuyeoSDshLHqs7U=&enc=utf8,,0,2,3,2,3,False
N잡 성공,기타,잡코리아 포지션 제안 외 질문드려요,... ▶[직장인 속마음] 성공을 위한 대인관계 매너 5가지 ▶직장인 89.1% ‘재능 살려 N잡 하고 싶다!’ ▶중기 경력직 채용 시 선호하는 인재 유형 ▶대학생 2학기 휴학 계획… 21년 44% vs 22년 9% 잡코리아에서 많은 최신 꿀팁 얻으시고...,https://kin.naver.com/qna/detail.naver?d1id=7&dirId=70108&docId=426883488&qb=TuyeoSDshLHqs7U=&enc=utf8,,0,2,3,2,3,False
N잡 성공,기타,자소서 질문,... ▶[직장인 속마음] 성공을 위한 대인관계 매너 5가지 ▶직장인 89.1% ‘재능 살려 N잡 하고 싶다!’ ▶중기 경력직 채용 시 선호하는 인재 유형 ▶대학생 2학기 휴학 계획… 21년 44% vs 22년 9% 잡코리아에서 많은 최신 꿀팁 얻으시고...,https://kin.naver.com/qna/detail.naver?d1id=4&dirId=406&docId=426511237&qb=TuyeoSDshLHqs7U=&enc=utf8,,0,2,3,2,3,False
N잡 성공,기타,진짜 궁금 전기직 취준 공기업 전기직,"... ▶[직장인 속마음] 성공을 위한 대인관계 매너 5가지 ▶직장인 89.1% ‘재능 살려 N잡 하고 싶다!’ ▶중기 경력직 채용 시 선호하는 인재 유형 ▶대학생 2학기 휴학 계획… 21년 44% vs 22년 9% 잡코리아에서 많은 최신 꿀팁 얻으시고, 꼭...",https://kin.naver.com/qna/detail.naver?d1id=4&dirId=40602&docId=426843528&qb=TuyeoSDshLHqs7U=&enc=utf8,,0,2,3,2,3,False
N잡 성공,기타,중소기업과 공기업 차이,... 선택하시고자 하는 길의 장단점을 잘 확인하시고 신중히 결정하시기 바라며 질문자님의 취업성공을 응원합니다.... 놓기 ▶N잡 준비하는 아이템 2위는 ‘유튜버’… 1위는? ▶학기 중엔 ‘시간대’ 방학엔 ‘급여’ 잡코리아에서 많은...,https://kin.naver.com/qna/detail.naver?d1id=4&dirId=410&docId=416611037&qb=TuyeoSDshLHqs7U=&enc=utf8,,0,2,3,2,3,False
투잡 성공,기타,직장인투잡을 통해 성공한 사례가 궁금해요!,... 사기 위험이 있는지도 걱정돼요 혹시 경험자분들 계시면 현실적인 조언 부탁드려요 직장인투잡으로 성공한 많은 사례가 있어요 초보자도 가능하며 사기 위험은 없어요 하지만 광고에 과장된 점이 있을 수 있으니 신중하게 판단해보세요!,https://kin.naver.com/qna/detail.naver?d1id=4&dirId=40613&docId=481370931&qb=7Yis7J6hIOyEseqztQ==&enc=utf8,,0,2,3,2,3,False
투잡 성공,기타,투잡 쓰리잡 해도 성공시키는 사람들 있나요?,투잡 쓰리잡 해도 성공시키는 사람들 있나요? 에너지를 잘 절약해서 그렇게 살면 얻는게 있나요 ? 그냥 저축하는것보다 미래를 대비해서 자기개발을 하는게 중요한가요 ? 그냥 다 알려주세요 감사합니다 하나만 잘해서는 살아남을수...,https://kin.naver.com/qna/detail.naver?d1id=6&dirId=61303&docId=445420967&qb=7Yis7J6hIOyEseqztQ==&enc=utf8,,0,2,3,2,3,False
투잡 성공,기타,취업 성공패키지 취업 후 알바(투잡) 질문 드립니다.,... 취업 성공패키지 훈련을 완료한 후 취직에 성공하여 직장을 다니면서 알바를 하여도(이 경우에 투잡이 되겠습니다.) 취업 성공패키지의 성공수당(최대 100만원까지 나오는 지원금(?)) 그리고 고용 촉진금의 지급(고용주 측이...,https://kin.naver.com/qna/detail.naver?d1id=4&dirId=40612&docId=263991012&qb=7Yis7J6hIOyEseqztQ==&enc=utf8,,0,2,3,2,3,False
투잡 성공,기타,오후 6시이후 할수있는 투잡이요..,"... 마음 급하게 먹지 마시고, 무엇을 해야할 지부터 선택하십시오. 그리고 그 분야에 대하여 공부하시고 투잡으로 성공하시길 바랍니다. 좋은 답변이기를 기대하고, 질문 있으시면 다시 해주세요. sblushy님 화이팅~~~^^",https://kin.naver.com/qna/detail.naver?d1id=4&dirId=40611&docId=34288915&qb=7Yis7J6hIOyEseqztQ==&enc=utf8,,0,2,3,2,3,False
투잡 성공,기타,투잡 질문요,... 없어요 네임카드속 주소를 누르시면 더 자세한 설명을 보실수도 있고 제가 상세히 안내해 드릴수도 있어요^^ 가족을 생각하는 질문자님의 마음이 제마음과 같네요 ㅎㅎ 모쪼록 투잡으로 성공하셔서 행복한 가정 만들어가시길 바랍니다^^,https://kin.naver.com/qna/detail.naver?d1id=11&dirId=11080102&docId=253965769&qb=7Yis7J6hIOyEseqztQ==&enc=utf8,,0,2,3,2,3,False
투잡 성공,기타,직장인 투잡 뭐가 괜찮나요?,... 투잡으로 빠르게 성공한 쭈르봉이여요! ^^ 질문에 대한 답변 시원하게 풀어드릴께요~~ 저또한 처음에는 이일을 직장과 1년 넘게 병행하며 일을해왔구요~ 지금은 본업으로 일을 하고있어요~~ 제가 하고있는일은 시간이나 장소가 정해진게...,https://kin.naver.com/qna/detail.naver?d1id=4&dirId=406&docId=268120579&qb=7Yis7J6hIOyEseqztQ==&enc=utf8,,0,2,3,2,3,False
투잡 성공,기타,월급 적어서 직장인투잡 거리 알아봐요.,... 몸 부서져라 일할 자신 있으니 직장인투잡 아이템 저에게 좀 알려주실 분 ㅜㅜ 투잡으로 빠르게 성공한 쭈르봉이여요! ^^ 질문에 대한 답변 시원하게 풀어드릴께요~~ 저또한 처음에는 이일을 직장과 1년 넘게 병행하며 일을해왔구요...,https://kin.naver.com/qna/detail.naver?d1id=4&dirId=406&docId=268111610&qb=7Yis7J6hIOyEseqztQ==&enc=utf8,,0,2,3,2,3,False
투잡 성공,기타,투잡 질문드립니다 일일알바 등등,... 추천해주세요ㅠ 투잡으로 빠르게 성공한 쭈르봉이여요! ^^ 질문에 대한 답변 시원하게 풀어드릴께요~~ 저또한 투잡으로 일을시작햇는데요~~ 충분히 남는시간을 이용해서 수익을내실수있는일이라~ 투잡으로 선호하고있어요^^ 직장인...,https://kin.naver.com/qna/detail.naver?d1id=6&dirId=6010104&docId=261888528&qb=7Yis7J6hIOyEseqztQ==&enc=utf8,,0,4,3,4,3,False
투잡 성공,기타,제가..투잡을할려고하는데,"... 5. 가장 중요한 것은 neverdiemag님의 건강이겠죠. 투잡으로 꼭 성공하기를 바라고, 자신에게 꼭 맞고, 보람을 찾을 수 있는 투잡을 선택하시기를 기원합니다. 정작 질문에 대한 답은 드리지 못하여 죄송합니다.^^ 화이팅이요~~~^^",https://kin.naver.com/qna/detail.naver?d1id=4&dirId=40611&docId=34127868&qb=7Yis7J6hIOyEseqztQ==&enc=utf8,,0,2,3,2,3,False
투잡 성공,기타,한달전쯤에 뉴스를 보니깐 아이디어를 사는...,... 추가 내공 100걸어요 안녕하세요 질문자님 투잡성공 추천좀 해드릴께요 요즘 주식 비트코인 치솟는 집값 때문에 영끌족이 더욱더 많아 졌다 합니다 20~30대 에서 두드러진 현상으로 월급외엔 희망이 없다는 좌괴감 들이 빚투로...,https://kin.naver.com/qna/detail.naver?d1id=4&dirId=40613&docId=386327833&qb=7Yis7J6hIOyEseqztQ==&enc=utf8,,0,2,3,4,1,False
투잡 성공,기타,#투잡 추천해주세요,... 투잡으로 빠르게 성공한 쭈르봉이여요! ^^ 질문에 대한 답변 시원하게 풀어드릴께요~~ 저또한 직장과병행하면서 일을해왔구요~~ 시간에 얽메이는부분이아닌 퇴근후 집에서 해주시는일이시구요~~ 인터넷이되는곳이든...,https://kin.naver.com/qna/detail.naver?d1id=4&dirId=40607&docId=262228885&qb=7Yis7J6hIOyEseqztQ==&enc=utf8,,0,2,3,4,1,False
투잡 성공,기타,취업성공수단 질문드립니다,... 취업성공수당 100만 원은 부지급 되며 이직 후 다시 시작하는 것도 아닙니다 요즘 일자리 구하기도 힘들고 투잡이 필수가 되어버렸죠? 저도 여기저기 알아보는데 마땅한 자리가 없어서 애 먹었어요. 아는 분이 일자리를 해보라고...,https://kin.naver.com/qna/detail.naver?d1id=4&dirId=40612&docId=435851137&qb=7Yis7J6hIOyEseqztQ==&enc=utf8,,0,2,3,2,3,False
투잡 성공,기타,안빡세고 자유로운 투잡으로 할만한 직업하나 추천좀요!!,... 나중에 어차피 투잡해야되잖아요?? 빨리 성공하면 몰라도 대부분은 투잡을 해야되요 실제로도 힙합하며 편의점알바하는 분들 많아요... 하지만 전 그건싫고.. 투잡하려하는데... 좀 안빡세고 자유로운 회사 ex제니퍼소프트 나...,https://kin.naver.com/qna/detail.naver?d1id=4&dirId=406&docId=186063488&qb=7Yis7J6hIOyEseqztQ==&enc=utf8,,0,2,3,2,3,False
투잡 성공,기타,"(내공100) 사주 좀 봐주세요 ㅠ.ㅠ (성공운, 금전운)","... 질문자분의 사주는 자칫 지나친 금전적 혹은 성공/성취에 대한 욕구가 과도해 삶의 균형을 해치기 쉬운 구조를 보이고 있습니다. 일에 대한 생각에서 벗어나지 못한다던가, 번아웃이 자주 찾아온다던가... 투잡을 하고 있다고 이야기...",https://kin.naver.com/qna/detail.naver?d1id=3&dirId=31501&docId=454393664&qb=7Yis7J6hIOyEseqztQ==&enc=utf8,,0,2,3,2,3,False
투잡 성공,기타,투잡 할수 있을까요?,... 제 부모님은 일단 너가 가수로써 성공을 못할수도 있으니까 공무원이 되고 나서 최저 생계비라도 벌면서 가수일을 하라고 하시는데 제가 투잡을 할수있을까요?투잡뛰기에 좋은 행정직렬좀 알려주세요. 9급 생각하고 있어요!!!...,https://kin.naver.com/qna/detail.naver?d1id=4&dirId=40601&docId=385593530&qb=7Yis7J6hIOyEseqztQ==&enc=utf8,,0,2,3,2,3,False
투잡 성공,기타,회사원 투잡 할만한건 없을까요?,"... 참고하시면 좋을 것 같네요! ✅ 직장인 투잡 종류, 부업추천 저도 몇 가지 해봤는데, 명심해야할 사항이 있습니다. 어느 것 하나 쉽지 않습니다. 저도 아둥바둥하고 있는데, 쉽지 않네요. 질문자님은 성공하셨으면 좋겠네요.",https://kin.naver.com/qna/detail.naver?d1id=11&dirId=110806&docId=456426085&qb=7Yis7J6hIOyEseqztQ==&enc=utf8,,0,4,3,4,3,False
투잡 성공,기타,그닥 안빡세고 자유로운 투잡만한 직업 하나 추천좀요!!,... 나중에 어차피 투잡해야되잖아요?? 빨리 성공하면 몰라도 대부분은 투잡을 해야되요 실제로도 힙합하며 편의점알바하는 분들 많아요... 하지만 전 그건싫고.. 투잡하려하는데... 좀 안빡세고 자유로운 회사 ex제니퍼소프트 나...,https://kin.naver.com/qna/detail.naver?d1id=4&dirId=406&docId=186099217&qb=7Yis7J6hIOyEseqztQ==&enc=utf8,,0,2,3,2,3,False
투잡 성공,기타,간호사 투잡,... 초단기근로자로 투잡이 가능할까요? 산재보험은 의무 가입이고 나머지는 가입 안되는걸로 알고 있는데요.... 팀과 함께 하는 사업이라 알려주는대로 따라만 하셔도 누구나 쉽게 성공 가능합니다! 궁금하신 분은 아래 설문조사 참여...,https://kin.naver.com/qna/detail.naver?d1id=7&dirId=709&docId=420663827&qb=7Yis7J6hIOyEseqztQ==&enc=utf8,,0,2,3,2,3,False
투잡 성공,기타,투잡에 대해 물어볼게 있습니다,"... 그런데 알바로는 도저히 대학원비 마련하기가 어려워 투잡 뛸 생각인데 추천해주세요 (사는 곳은 김해입니다!)... 터""로 [성공] 하며 한분한분 빠짐없이 밀착케어 하는 찐멘토로서 첫날부터 슈/익나는 방법&실.전.노.하.우‼ [밤/낮...",https://kin.naver.com/qna/detail.naver?d1id=6&dirId=60804&docId=447308375&qb=7Yis7J6hIOyEseqztQ==&enc=utf8,,0,2,3,2,3,False
투잡 성공,기타,투잡질문이요,제가 스턴트맨이 꿈인학생입니다 근데 투잡을 하려고하는데 스턴트맨과 제빵사를 할지 스턴트맨과 모델을 할지... 하시면 성공합니다 컴맹주부님들도 쉽게따라와주면서 수.익 내고 계시니 더 궁금하시면 연락주세요^^* 연락주세요^_^,https://kin.naver.com/qna/detail.naver?d1id=6&dirId=6010104&docId=262845705&qb=7Yis7J6hIOyEseqztQ==&enc=utf8,,0,2,3,4,1,False
투잡 성공,기타,끈기있게 장기간 할수 있는 투잡추천좀 부탁드릴꼐요.,"현재 33살 직장여성이며, 직장에는 투잡이 가능하며 아무 문제 없습니다. 저의 남편역시 아무 문제 없이 직장에... 지금까지도 그래왔지만 실패가 없으면서 성공한다는 자체가 말이 안된다고 생각하기에, 제가 실패하여도 재정적으로 크게...",https://kin.naver.com/qna/detail.naver?d1id=4&dirId=407&docId=35508852&qb=7Yis7J6hIOyEseqztQ==&enc=utf8,,0,2,3,2,3,False
투잡 성공,기타,"투잡뛸건데 사대보험,세금 질문있습니다","... 취업에 성공한건데요, 돈이 필요해서 알바를 쭉 해야할 상황입니다 알바는 이미 사대보험이 들어져있습니다... (투잡 꼭 뛰어야합니다ㅜㅜ) 아르바이트를 비사대로 돌리시는것이,,,, 근데, 일하시면서 꼭 투잡을 하셔야 하면...",https://kin.naver.com/qna/detail.naver?d1id=1&dirId=1070401&docId=386263772&qb=7Yis7J6hIOyEseqztQ==&enc=utf8,,0,2,3,2,3,False
투잡 성공,기타,직장인투잡알바 추천점요,직장인투잡알바로 괜찮은거 없을까요? 시간많이 안쓰는 일이면 더 좋을거 같아요 요즘은 직장을 다니고 있어도... 때문에 성공 확률이 높아요. @ 혼자하는 일 아니고 팀과 함께 하기때문에 시너지가 높고 어렵거나 모르는건 바로바로...,https://kin.naver.com/qna/detail.naver?d1id=4&dirId=40613&docId=409968188&qb=7Yis7J6hIOyEseqztQ==&enc=utf8,,0,2,3,2,3,False
투잡 성공,기타,"투잡, 주말알바 4대보험 질문좀 드립니다.",... 두직장에서 모두 투잡하는 사실을 모르게 하고싶습니다. 알게되나요? 2. 두직장에서 모두 4대보험을 들고 주말알바... 제가 귀찮아할 정도로 질문을 주셔야 성공이 빠릅니다. 하나 하나 조금 시간이 걸리더라도 정확히 알고 넘어가야...,https://kin.naver.com/qna/detail.naver?d1id=6&dirId=60804&docId=273528830&qb=7Yis7J6hIOyEseqztQ==&enc=utf8,,0,2,3,2,3,False
투잡 성공,기타,평일야간 투잡 괜찮을까요,편의점 평일 야간 8시간 오후 4시부터 9시까지 돈까스 주방 보조 투잡 할만할까요 안녕하세요 질문자님 ^^ 오프에어... 꼭 성공 할 수 있다 생각합니다 장비 셋팅부터 프로그램 교육까지 오프에어 이앤엠에서 도와드리겠습니다....,https://kin.naver.com/qna/detail.naver?d1id=5&dirId=50503&docId=419657642&qb=7Yis7J6hIOyEseqztQ==&enc=utf8,,0,2,3,2,3,False
투잡 성공,기타,현실적인 직장인투잡 알려주세요,안녕하세요 ~ 직장다니면서 할수 있는 직장인투잡 소개좀 해주세요 믿을만한 곳으로요! 저도 현재 투잡으로 하고... 남다른 성공 시스템도 갖추었죠 매주 인세로 들어오는 주급도 연금처럼 평생지급됩니다 6개월정도 후부터는 무시...,https://kin.naver.com/qna/detail.naver?d1id=3&dirId=3031003&docId=407560590&qb=7Yis7J6hIOyEseqztQ==&enc=utf8,,0,2,3,2,3,False
투잡 성공,기타,투잡 하고 싶은대 어떻게 해야 할까요..,... 투잡으로 빠르게 성공한 쭈르봉이여요! ^^ 질문에 대한 답변 시원하게 풀어드릴께요~~ 직장인이였던 저또한 투잡으로했던일이에요~ 시간이나 장소가 정해진게 아닌내가 원하는시간에 짬내서 일을 할수있는 일이다보니~~ 직장인분들도...,https://kin.naver.com/qna/detail.naver?d1id=4&dirId=40611&docId=262343699&qb=7Yis7J6hIOyEseqztQ==&enc=utf8,,0,2,3,2,3,False
투잡 성공,기타,투잡 4대보험 관련질문,기존 직장에 다니고있고 근무시간 9~18시까지 근무합니다 퇴근후 19시부터 22시까지 투잡으로 근무하려고합니다... 확실히 팀으로 하는 일이다보니 일반적인 자영업 성공률보다는 몇배 높은 성공확률이 보장되는 거 같아요~ ^^ 실제로...,https://kin.naver.com/qna/detail.naver?d1id=6&dirId=6080402&docId=410682811&qb=7Yis7J6hIOyEseqztQ==&enc=utf8,,0,2,3,2,3,False
투잡 성공,기타,투잡을 하면 좋은 점과 나쁜점,"투잡을 하면 좋은 점과 나쁜점 장점: 소득이 늘어남 단점: 조금 피곤함(쉬는시간이 줄어듬) 세금관련 잘살펴보아야함..... 또한, 상하 파트너들과 스폰서들과의 정보교류가 원활해서 궁금한것 많이 물어보고 서로 윈윈해야 성공하는...",https://kin.naver.com/qna/detail.naver?d1id=4&dirId=40613&docId=391302402&qb=7Yis7J6hIOyEseqztQ==&enc=utf8,,0,2,3,2,3,False
투잡 성공,기타,무인카페 창업으로 투잡도 많이 하나요? 무인카페머신...,... 여러 정보를 참고하여 본인만의 투잡이나 부업 사업을 성공적으로 진행하시길 바랍니다. -------------------------------------------- ⭕ 답변에 만족하셨으면 채택 부탁드립니다. ⭕ 추가로 궁금하신 점이 있으시면 추가 질문 부탁드립니다.,https://kin.naver.com/qna/detail.naver?d1id=4&dirId=40702&docId=442657146&qb=7Yis7J6hIOyEseqztQ==&enc=utf8,,0,4,3,4,3,False
투잡 성공,기타,안녕하세여!! 안빡세고 투잡할만한 직업하나 추천좀요!!!,... 나중에 어차피 투잡해야되잖아요?? 빨리 성공하면 몰라도 대부분은 투잡을 해야되요 실제로도 힙합하며 편의점알바하는 분들 많아요... 하지만 전 그건싫고.. 투잡하려하는데... 좀 안빡세고 자유로운 회사 ex제니퍼소프트 나...,https://kin.naver.com/qna/detail.naver?d1id=8&dirId=814&docId=186099347&qb=7Yis7J6hIOyEseqztQ==&enc=utf8,,0,2,3,2,3,False
투잡 성공,기타,투잡 질문 드립니다.,A는 4대보험이 되고 B는 4대보험 안되면 A에서 투잡하는거 알아챌 수 있을까요??? 질문자님! A 회사든 B 회사든 둘다... 성공은 누구나가 꿈꾸지만... 꿈꾼다고해서 다 이뤄지는건 아니잖아요! 내가 아니더라도 누군가는 시작해서 한걸음씩...,https://kin.naver.com/qna/detail.naver?d1id=4&dirId=40309&docId=390903374&qb=7Yis7J6hIOyEseqztQ==&enc=utf8,,0,2,3,2,3,False
투잡 성공,기타,투잡하면 본업에서 알 수 있나요?,"... 투잡으로 빠르게 성공한 쭈르봉이여요! ^^ 질문에 대한 답변 시원하게 풀어드릴께요~~ 급여통장을 다른분으로 해주시거나 또한 사대보험신고를 안하시면모르시구요~~ 저또한 첨에는 투잡으로 일을해왔어요~~ 말씀드리는회사는, 광고....",https://kin.naver.com/qna/detail.naver?d1id=4&dirId=406&docId=264882795&qb=7Yis7J6hIOyEseqztQ==&enc=utf8,,0,2,3,2,3,False
투잡 성공,기타,투잡추천 요즘에 돈 되는게 뭐가 있나요?,"투잡추천 좀 해주세요. 요즘에 투잡할만한 것 중 돈 되는게 뭐가 있나요? 회사 월급으로는 저축이 불가능해서요.... 큰 성공을 할수있습니다. 무자본(소자본),무점포,무경험으로도 할수 있습니다. 투자된게 없으니 리스크는 ""제로...",https://kin.naver.com/qna/detail.naver?d1id=4&dirId=40703&docId=441189630&qb=7Yis7J6hIOyEseqztQ==&enc=utf8,,0,4,3,4,3,False
투잡 성공,기타,공무원 투잡,"... 말그대로 투잡 X 라는것이죠. 대표적인예로, 작곡가로 활동하시던 분께서 공무원시험에 성공하시어 취직 성공 후 작곡한 노래를 판매하기위해 질문을 주신적도 있으셨는데요, 이경우 꼭 그 음악을 팔아야 한다면 가족분의 명으로...",https://kin.naver.com/qna/detail.naver?d1id=4&dirId=40601&docId=271679325&qb=7Yis7J6hIOyEseqztQ==&enc=utf8,,0,2,3,2,3,False
투잡 성공,기타,투잡 4대보험 및 세금,현 직장에서 4대보험 가입 및 월급을 받으며 회사에 다니고 있는데 출근 안하는 날 투잡으로 단기 알바를 하려고... 이 글을 읽는 지금 이순간부터 성공을 향해 같이 걸어보는건 어떤가요? 저는 사회생활을 22살때부터 했었는데요...,https://kin.naver.com/qna/detail.naver?d1id=6&dirId=6100401&docId=397645273&qb=7Yis7J6hIOyEseqztQ==&enc=utf8,,0,2,3,2,3,False
투잡 성공,기타,투잡 자격증 추천,"직장이 따로 있긴 한데 , 투잡이나 혹시 모를 미래를 위해 (?) 따두면 좋을만한 자격증 추천 좀 해주세요 너무 오랜... 꾸준함만이 성공의 길로 가는 열쇠일걸로 생각합니다 꾸준함과 성실함이 있다면 뭐든 잘 할수 있다고 봐요 위에 제...",https://kin.naver.com/qna/detail.naver?d1id=4&dirId=406&docId=463303651&qb=7Yis7J6hIOyEseqztQ==&enc=utf8,,0,2,3,4,1,False
투잡 성공,기타,투잡알바 추천 부탁드려요,안녕하세요 직장 생활을 하면서 투잡알바를 찾고 있는 30대 직장인입니다 수입이 좀 부족해서 아르바이트를... 위 4가지 사항이 충족이 된다면 바로 사업적인 성공 & 비전이 생기게 되는 것이죠^^ 꼭 알아보시길 추천드려요^^ 010.****.****...,https://kin.naver.com/qna/detail.naver?d1id=4&dirId=40613&docId=484947210&qb=7Yis7J6hIOyEseqztQ==&enc=utf8,,0,2,3,2,3,False
투잡 성공,기타,30대 투잡,"30대 할수있는 투잡 알려주세요 직장생활하면서 가능한일이면 좋겠습니다 안녕하세요 (˘◡˘∗) 저 또한 피.부.관.리.... 익 부터 월100~900이상 생활보탬이 되실거예요^^ 내가 원하는 성공도, 내가 바라는 미래도 그 출발은 오늘 하루...",https://kin.naver.com/qna/detail.naver?d1id=4&dirId=40613&docId=401143298&qb=7Yis7J6hIOyEseqztQ==&enc=utf8,,0,2,3,2,3,False
투잡 성공,기타,직장인 투잡 관련 질문.,... 투잡을 시작하게 되는데 급여는 3.3% 세금 때지 않고 계좌로 수령 받을거 같습니다.(4대 보험 넣지 않을거 같구요.)... 남다른 성공 시스템도 갖추었고 매주 인세로 들어오는 주급도 연금처럼 평생 지급됩니다 내가 직접 일하지 않아도...,https://kin.naver.com/qna/detail.naver?d1id=6&dirId=6080401&docId=407932838&qb=7Yis7J6hIOyEseqztQ==&enc=utf8,,0,2,3,2,3,False
투잡 성공,기타,대리운전 투잡을 생각하고 있는데,대리운전 투잡을 생각하고 있는데 듣기로 이제 대리운전 기사한테 세금이 부과된다고 하더라구요 그럼 소득신고는... 제가 귀찮아할 정도로 질문을 주셔야 성공이 빠릅니다. 하나 하나 조금 시간이 걸리더라도 정확히 알고 넘어가야 기....,https://kin.naver.com/qna/detail.naver?d1id=8&dirId=8110302&docId=272492143&qb=7Yis7J6hIOyEseqztQ==&enc=utf8,,0,2,3,2,3,False
투잡 성공,기타,개인사업자인데투잡으로,"... 안녕하세요^^ 투잡을 알아보고 계시는군요! 최대한 많은 정보를 접해보시고 그중에 내가 할 수 있는 일을 선택하시면 될것 같아요. 그리고 기왕이면 작게 시작하더라도 자산을 만드는 일을 추천드려요. 성공한 사람, 아니...",https://kin.naver.com/qna/detail.naver?d1id=6&dirId=61004&docId=353516409&qb=7Yis7J6hIOyEseqztQ==&enc=utf8,,0,2,3,2,3,False
투잡 성공,기타,대리운전 투잡에 대해서 궁금합니다,... 퇴근을하는데 투잡을 좀뛰고싶어서 대리운전을 알아보고있는중인데요 궁금한게있어서 질문드립니다 1.... 성공의 열쇠! 열심히 하는 사람은 너무나 많아요. 그러나 좋은 성과를 내는 사람은 많지 않지요. 첫째는 잘 알아야 하고...,https://kin.naver.com/qna/detail.naver?d1id=4&dirId=40612&docId=299730004&qb=7Yis7J6hIOyEseqztQ==&enc=utf8,,0,2,3,4,1,False
투잡 성공,기타,직장인투잡질문입니다,직장인투잡질문입니다 현재 4대보험이있는직장을다니고있습니다 단기알바를휴무인날에하고싶습니다 1.월7회... 확실히 팀으로 하는 일이다보니 일반적인 자영업 성공률보다는 몇배 높은 성공확률이 보장되는 거 같아요~ ^^ 게다가...,https://kin.naver.com/qna/detail.naver?d1id=6&dirId=6080402&docId=413706728&qb=7Yis7J6hIOyEseqztQ==&enc=utf8,,0,2,3,2,3,False
투잡 성공,기타,4대보험 직장인 투잡알바 3.3%세금 질문,... 이것때문에 직장에서 투잡을 알수가있을까요? 연말정산 종소세신고 등 도 알려주시면 감사하겠습니다... 손쉽게 성공 가능 ---------------------------------------------------- 이렇게 홍보 하길래 반신반의 하면서 시작해봤는데요 이거...,https://kin.naver.com/qna/detail.naver?d1id=4&dirId=40301&docId=416296048&qb=7Yis7J6hIOyEseqztQ==&enc=utf8,,0,2,3,2,3,False
투잡 성공,기타,투잡 세금관련해서 질문드립니다,제가 작년 하반기부터 카카오대리로 투잡을 하게되었는데요 올해부터 대리기사도 고용보험 적용이 된다고해서 또... 확실히 팀으로 하는 일이다보니 일반적인 자영업 성공률보다는 몇배 높은 성공확률이 보장되는 거 같아요...,https://kin.naver.com/qna/detail.naver?d1id=4&dirId=40309&docId=409333993&qb=7Yis7J6hIOyEseqztQ==&enc=utf8,,0,2,3,2,3,False
투잡 성공,기타,투잡하고싶은데,"화장방판셀러를 하는중입니다 수입이적어 교보설계를 하고싶은데 투잡할수았을까요? 질문 잘읽어보았어요~ 화장방판... 함께 성공해보아요^^ 내가 할수있을까,,하고 고민많이 하시는데요~ 저도 살림하면서 아이돌보면서 하고있어요...",https://kin.naver.com/qna/detail.naver?d1id=4&dirId=401030201&docId=187424499&qb=7Yis7J6hIOyEseqztQ==&enc=utf8,,0,2,3,2,3,False
투잡 성공,기타,투잡 질문 (급)내공100,안녕하세요 제가 투잡 생각하고 있는데 한것은 사대보험이 들어져있는 회사고 한곳은 3.3프로만 때는 회사 생각중인데... 후라이드참잘하는집 이라는 프렌차이즈 치킨집을 런칭하고 엄청난 성공을 한후에 건강악화로 인한 은퇴후...,https://kin.naver.com/qna/detail.naver?d1id=6&dirId=60222&docId=454897924&qb=7Yis7J6hIOyEseqztQ==&enc=utf8,,0,2,3,2,3,False
투잡 성공,기타,직장인 투잡,... 하나도몰라서요) 저희회사가 투잡이 금지인데다 ㅠㅠ 세금이 이중으로 나가게되면 좀 그래서요ㅠㅠ 질문자님 안녕하세요^^ 요즘 알짜 투잡이 대세 입니다. 두딸랑구 키우며 월2천 달성에 성공한 경험을 바탕으로 진솔하고 솔직한...,https://kin.naver.com/qna/detail.naver?d1id=4&dirId=40301&docId=282568186&qb=7Yis7J6hIOyEseqztQ==&enc=utf8,,0,2,3,2,3,False
투잡 성공,기타,투잡하고싶은데,... 안녕하세요 질문자님 요즘 코시국으로 투잡하시는 분들이 꽤 많으신데요 본업일하고 힘들게 밖에서 일하시는것보다는 집에서 투잡해보시는건 어떨지요 네트워크 마케팅 잘 알아보면 성공할수 있다는 확신은 항상 있었어요....,https://kin.naver.com/qna/detail.naver?d1id=4&dirId=40309&docId=408237112&qb=7Yis7J6hIOyEseqztQ==&enc=utf8,,0,2,3,2,3,False
투잡 성공,기타,직장인 투잡 세금계산,... 어려운시기라 투잡을 하려고 하는데요 +B+C 이렇게 일하게 되면 세금이 이 나올까 걱정입니다 이런 상황이면... 것이 성공 확률을 크게 상승 시켜줍니다 ㅎㅎ 질문에 작성된 내용만으로는 정보가 부족해 본인에게 가장 알맞는...,https://kin.naver.com/qna/detail.naver?d1id=4&dirId=40309&docId=360485611&qb=7Yis7J6hIOyEseqztQ==&enc=utf8,,0,2,3,2,3,False
투잡 성공,기타,대기업생산직 투잡 회사에서 알 수 있는지?,대기업식품공장 생산직 다니면서 투잡하면 회사에서 알 수 있을까요? 인터넷 유료소설연재사이트(조아라) 정산금... 이 글을 읽는 지금 이순간부터 성공을 향해 같이 걸어보는건 어떤가요? 저는 사회생활을 22살때부터 했었는데요...,https://kin.naver.com/qna/detail.naver?d1id=6&dirId=60801&docId=397856378&qb=7Yis7J6hIOyEseqztQ==&enc=utf8,,0,2,3,2,3,False
투잡 성공,기타,직장인 투잡 4대보험,직장인 투잡 4대보험에 대해서 잘 모르겠어서 질문 드립니다! 참고로 직장에서는 겸업 금지조항이 있습니다. 그래서... 확실히 팀으로 하는 일이다보니 일반적인 자영업 성공률보다는 몇배 높은 성공확률이 보장되는 거 같아요...,https://kin.naver.com/qna/detail.naver?d1id=6&dirId=60802&docId=412638847&qb=7Yis7J6hIOyEseqztQ==&enc=utf8,,0,2,3,2,3,False
투잡 성공,기타,투잡.교대근무,투잡.교대근무 4조3교대인데 투잡할만한거있을까요? 안녕하세요 질문자님 ^^ 오프에어 이앤엠입니다. 1인 미디어... 꼭 성공 할 수 있다 생각합니다 장비 셋팅부터 프로그램 교육까지 오프에어 이앤엠에서 도와드리겠습니다. 질문자님의...,https://kin.naver.com/qna/detail.naver?d1id=4&dirId=40609&docId=414684299&qb=7Yis7J6hIOyEseqztQ==&enc=utf8,,0,2,3,2,3,False
투잡 성공,기타,"직장인 투잡, 사업 관련하여 질문드립니다.","... 투잡 겸 사업을 시작하려고 하는데, 몇가지 궁금한 점이 있어 질문드립니다. 현재 1년 1개월째 중소 사무직... 큰 성공을 할수있습니다. 무자본(소자본),무점포,무경험으로도 할수 있습니다. 투자된게 없으니 리스크는 ""제로""입니다....",https://kin.naver.com/qna/detail.naver?d1id=4&dirId=40701&docId=449092360&qb=7Yis7J6hIOyEseqztQ==&enc=utf8,,0,4,3,4,3,False
투잡 성공,기타,투잡알바 고르는데 도와주세요,"출근 9시 퇴근 5시 평범한 직장생활을 하고 있고 여기서 퇴근 후에 두시간 가량 투잡알바를 고민중입니다. 하도 적은... 터""로 [성공] 하며 한분한분 빠짐없이 밀착케어 하는 찐멘토로서 첫날부터 슈/익나는 방법&실.전.노.하.우‼ [밤/낮...",https://kin.naver.com/qna/detail.naver?d1id=4&dirId=40611&docId=450394730&qb=7Yis7J6hIOyEseqztQ==&enc=utf8,,0,2,3,2,3,False
투잡 성공,기타,저는 직장인 투잡으로 간이사업자를 내,"저는 직장인 투잡으로 간이사업자를 내어 운영을 하고 있는데, 과세구간 관련하여 질문 드려요. 과세표준이 근로소득... 것이 성공 확률을 크게 상승 시켜줍니다 ㅎㅎ 질문에 작성된 내용만으로는 정보가 부족해 본인에게 가장 알맞는...",https://kin.naver.com/qna/detail.naver?d1id=4&dirId=40304&docId=357221290&qb=7Yis7J6hIOyEseqztQ==&enc=utf8,,0,2,3,2,3,False
투잡 성공,기타,투잡에 관해 궁금합니다.,회사를 다니고 있지만 퇴근 한 뒤 투잡을 하려고합니다. 회사제품이 아닌 회사경쟁업체의 제품을 도소매로 구입하여... 시도하는 사람과 생각만 하고 마는 사람이 있습니다. 어떤 사람이고 싶으신가요? 성공은 어떤 사람에게 주어질 까요?,https://kin.naver.com/qna/detail.naver?d1id=6&dirId=60203&docId=205939166&qb=7Yis7J6hIOyEseqztQ==&enc=utf8,,0,2,3,2,3,False
투잡 성공,기타,일찍 퇴근후 투잡,"저녁 6시에 집에오면 투잡알아보고 있는데 마땅히 할만한게 없네요 추천 좀 해주세요 퇴근후 집에서 하실수 있는... 터""로 [성공] 하며 한분한분 빠짐없이 밀착케어 하는 찐멘토로서 첫날부터 슈/익나는 방법&실.전.노.하.우‼ [밤/낮...",https://kin.naver.com/qna/detail.naver?d1id=7&dirId=70601&docId=450857852&qb=7Yis7J6hIOyEseqztQ==&enc=utf8,,0,2,3,4,1,False
투잡 성공,기타,직장인투잡 알아보고있는데...,"... 그래서 사무실에서 컴퓨터를 사용할순있어서 컴퓨터로 할수있는 투잡을 알아보고있어요 딱히 컴퓨터로 하는거... 하지만, 노력과 끈기는 성공을 배신하지 않는다고 하죠???!!! 질문자님, 찾고자 하는일 꼭 찾으시기 바랍니다.....",https://kin.naver.com/qna/detail.naver?d1id=4&dirId=406&docId=274466534&qb=7Yis7J6hIOyEseqztQ==&enc=utf8,,0,2,3,2,3,False
투잡 성공,기타,투잡 으로 하기 좋은 일이 뭐가 있을까요?,"투잡으로 할 만한 일 추천 좀 해주세요...;; 안녕하세요 심지마미예요^^ 솔직한 답변 드릴께요!! 요즘 투잡 많이... 기회를 잡으셔야 성공하실 수 있으세요. 다른 분들께서는 그 사이 목돈을 마련하고 계세요. 내 욕심만을 위해과장, 허위로...",https://kin.naver.com/qna/detail.naver?d1id=4&dirId=40611&docId=197432594&qb=7Yis7J6hIOyEseqztQ==&enc=utf8,,0,2,3,4,1,False
투잡 성공,기타,투잡을 하고 싶은데 질문드립니다.,... 아니면 일당으로 주는 곳은 가능한지에 대해서) 질문드리고 싶네요 투잡으로 빠르게 성공한 쭈르봉이여요! ^^ 질문에 대한 답변 시원하게 풀어드릴께요~~ 직장인이였던 저또한 투잡으로했던일이에요~ 시간이나 장소가 정해진게...,https://kin.naver.com/qna/detail.naver?d1id=4&dirId=4010503&docId=262628168&qb=7Yis7J6hIOyEseqztQ==&enc=utf8,,0,2,3,2,3,False
투잡 성공,기타,퇴근 후에 할만한 직장인투잡 뭐 없을까요?,... 직장인투잡 추천 좀 부탁드릴게요! 안녕하세요? 직장인 투잡을 고민중이시군요. 확실하면서 초기비용없고 많이 벌... 성공한 사람이 될거라는 마인드로 시작하셔야 합니다. 눈앞의 돈에 다급하게 시작하지 마세요. 인생을 준비한다고...,https://kin.naver.com/qna/detail.naver?d1id=4&dirId=40703&docId=457748296&qb=7Yis7J6hIOyEseqztQ==&enc=utf8,,0,4,3,4,3,False
투잡 성공,기타,여자혼자사는데 알바 투잡뛰면서 살수 있나요?,... 여자혼자 알바투잡뛰면서도 충분히먹고살 수있나요? 안녕하세요 질문자님 ^^ 오프에어 이앤엠입니다. 1인 미디어... 꼭 성공 할 수 있다 생각합니다 장비 셋팅부터 프로그램 교육까지 오프에어 이앤엠에서 도와드리겠습니다....,https://kin.naver.com/qna/detail.naver?d1id=6&dirId=60805&docId=395497749&qb=7Yis7J6hIOyEseqztQ==&enc=utf8,,0,2,3,2,3,False
투잡 성공,기타,투잡 추천 부탁드려요,"투잡 추천 받으려고하는데 뭐가 좋을까요 집에서 할만한 부업 찾고 있어요 투잡 추천좀요 ㅠ 뭔 알바로할지 주5회도... 터""로 [성공] 하며 한분한분 빠짐없이 밀착케어 하는 찐멘토로서 첫날부터 슈/익나는 방법&실.전.노.하.우‼ [밤/낮...",https://kin.naver.com/qna/detail.naver?d1id=4&dirId=40611&docId=451008459&qb=7Yis7J6hIOyEseqztQ==&enc=utf8,,0,4,3,4,3,False
투잡 성공,기타,투잡 시에 회사에 들키지 않을려면,... 제가 투잡 뛰는 사실을 알수 있을까요?? 또 만약에 제 선에서 서류를 처리해서 안들킬수 있다면 종합소득세 신고를 5월에 하는 방법이 있다는데 필요한 서류나 방법 알려주세요 유일하게 나의 미래의 비전의 가치를 올리고 성공확...,https://kin.naver.com/qna/detail.naver?d1id=4&dirId=40301&docId=343861283&qb=7Yis7J6hIOyEseqztQ==&enc=utf8,,0,2,3,2,3,False
투잡 성공,배달,투잡 배민커넥트 질문,안녕하세요 제가 사대보험 되어있는 직장에 다니는데요 요즘 힘들다보니 투잡으로 배민커넥트를 몰래 해보려합니다... 확실히 팀으로 하는 일이다보니 일반적인 자영업 성공률보다는 몇배 높은 성공확률이 보장되는 거 같아요...,https://kin.naver.com/qna/detail.naver?d1id=4&dirId=40309&docId=411201163&qb=7Yis7J6hIOyEseqztQ==&enc=utf8,,0,2,3,2,3,False
투잡 성공,기타,알바 투잡 관련 주의사항이 궁금해요,... 과로로 인한 피로나 스트레스는 알바 투잡의 성공을 방해할 수 있습니다. 3. 시간 관리: 알바 투잡은 일정을 관리하는 능력이 필요합니다. 각 알바의 업무 시간을 정확히 파악하고 효율적인 시간 관리를 통해 작업을 완료하세요....,https://kin.naver.com/qna/detail.naver?d1id=4&dirId=40611&docId=443532771&qb=7Yis7J6hIOyEseqztQ==&enc=utf8,,0,2,3,2,3,False
투잡 성공,기타,개인회생 투잡 질문.,"... 한데 변제 금액에 대해서 문제가 생기던데요, 그래서 투잡 개념으로 신청을 해볼까 합니다. 제가 아는 곳에 알바로... 그러나 크게 성공하기 위해서는 단순히 노력만 가지고는 안되겠죠. 똑같은 일을 하더라도 최대한 효율적으로 해야...",https://kin.naver.com/qna/detail.naver?d1id=6&dirId=60203&docId=273793039&qb=7Yis7J6hIOyEseqztQ==&enc=utf8,,0,2,3,2,3,False
투잡 성공,기타,직장인 투잡으로 주말에 쿠팡알바 하고있는데요,치솟는 물가와 대출금리에 투잡찾고 있어요 주말에 할수있는곳 찾다가 쿠팡알바 하고 있는데 몸이 많이... 혹시 하시고 계신분 있으시면 알려주세요~ 성공할수 밖에 없는 비지니스 단연코 여기 있다 말씀드립니다!! 장소불문...,https://kin.naver.com/qna/detail.naver?d1id=9&dirId=9020203&docId=431663305&qb=7Yis7J6hIOyEseqztQ==&enc=utf8,,0,2,3,2,3,False
투잡 성공,기타,투잡 4대보험,"투잡을 할때 4대보험에 대해서 질문을 드립니다. 1. 4대보험 가입 조건이 월 8일이상 월 60시간이 이상인데 제가... 유일하게 나의 미래의 비전의 가치를 올리고 성공확률이 상타치인 바로 ""이것"" 그건 우리샾입니다 무자본...",https://kin.naver.com/qna/detail.naver?d1id=6&dirId=61004&docId=386913453&qb=7Yis7J6hIOyEseqztQ==&enc=utf8,,0,2,3,2,3,False
투잡 성공,기타,투잡 어떤게 좋을까요????,"요즘 투잡은 어떤것들이 있고 괜찬은 투잡은 머가 있나요?? 본업과 함께 병행할수있는 투잡좀 알려주세요... "" ""성공이란 열정을 잃지 않고 실패를 거듭할 수 있는 능력이다."" ""Success is the ability to go from one failure to another with...",https://kin.naver.com/qna/detail.naver?d1id=4&dirId=40611&docId=270259009&qb=7Yis7J6hIOyEseqztQ==&enc=utf8,,0,2,3,2,3,False
투잡 성공,기타,밤일하고 투잡,제가 투잡을알아보려고합니다 밤일하는시간이 밤7시 부터 세벽4시까지일하는데 자고일가기전에 할수있는 현실적인... 그리구 본인과 맞겠다 싶은 마'케'터와 함께 시작하셔야 성공의 반이상을 좌지우지 하게 된답니다 ~ 더 궁금한 점...,https://kin.naver.com/qna/detail.naver?d1id=4&dirId=40611&docId=260648793&qb=7Yis7J6hIOyEseqztQ==&enc=utf8,,0,2,3,2,3,False
투잡 성공,기타,직장인투잡으로 할만한 일 추천좀 해주세요,직장인인데 투잡 알아보거든요 초보들도 쉽게 할수있는 부업 없나요? 한달에 몇십이라도 벌고싶은데요 이 답변은... 것이 성공 확률을 크게 상승 시켜줍니다 ㅎㅎ 질문에 작성된 내용만으로는 정보가 부족해 본인에게 가장 알맞는...,https://kin.naver.com/qna/detail.naver?d1id=4&dirId=40611&docId=360993323&qb=7Yis7J6hIOyEseqztQ==&enc=utf8,,0,4,3,4,3,False
투잡 성공,기타,초기자금 필요없는 직장인 투잡,"질문제목 그대로 초기자금이 필요없는 직장인 투잡 찾고 있습니다. 현재 직장을 다니고는 있지만 지금의 월급으로는... 익 부터 월100~900이상 생활보탬이 되실거예요 :) 내가 원하는 성공도, 내가 바라는 미래도 그 출발은 오늘 하루...",https://kin.naver.com/qna/detail.naver?d1id=6&dirId=6080401&docId=394673428&qb=7Yis7J6hIOyEseqztQ==&enc=utf8,,0,2,3,2,3,False
투잡 성공,기타,투잡인 알바 원천징수영수증,투잡으로 알바를 뛰었는데 세금 신고를 해야하나요? 안녕하세요 질문자님 네 내년 5월에 종합소득신고하시면되세요 세금으로 3.3프로 떼고 있다면요 네트워크 마케팅 잘 알아보면 성공할수 있다는 확신은 항상 있었어요. 단지...,https://kin.naver.com/qna/detail.naver?d1id=4&dirId=40309&docId=408208882&qb=7Yis7J6hIOyEseqztQ==&enc=utf8,,0,2,3,2,3,False
투잡 성공,기타,간단한 투잡 쓰리잡 직업 추천좀요,... 투잡으로 성공한 저는 본업과함께 투잡으로 일을하고있어요. 본업에 지장을 주지 않는선에서 자유롭게 일을하고있구요. 타자치고 한글만 안다면 누구나 가능한 일이에요. 컴퓨터를 잘 몰라도 가능하시구요. 나이/학벌/경력에...,https://kin.naver.com/qna/detail.naver?d1id=4&dirId=40613&docId=371850536&qb=7Yis7J6hIOyEseqztQ==&enc=utf8,,0,2,3,2,3,False
투잡 성공,블로그,퍼스트드림 어떤회사인지,... 더 이상 의심하시지 마시고 홈피 들어가셔서 자세히 알아보시면 의심에대해 해결이 되리라 봅니다. 더 궁금하신점 있으시면 아래 네임카드 제 블로그 오셔서 보고가세요^^ 질문자님께 맞는 투잡 찾으셔서 성공하시길 바랍니다.,https://kin.naver.com/qna/detail.naver?d1id=4&dirId=406&docId=117052818&qb=7Yis7J6hIOyEseqztQ==&enc=utf8,,0,4,3,4,3,False
투잡 성공,기타,웨딩메이크업....,... 자세하게 알아보신뒤에 질문자님께서 원하시는 웨딩메이크업아티스트로 투잡에 성공하시길 바라겠습니다 ^^ 제 질문이 조금이나마 도움이 되셨는지 모르겠네요~ 더 궁금한 사항이 있으시면 밑에 네임카드 눌러서 쪽지주세요 ^^,https://kin.naver.com/qna/detail.naver?d1id=8&dirId=80303&docId=169077735&qb=7Yis7J6hIOyEseqztQ==&enc=utf8,,0,2,3,4,1,False
투잡 성공,기타,투잡 4대보험 관련 질문,"투잡 4대보험 관련 질문 현재 직장을 다니며 주말에 아르바이트를 하고있습니다. 주 2일 일 근무시간은... 진행상 성공확률 99.99%!! 미래를 바꿔줄겁니다 공짜로 줄 때, 하나라도 모아놓으세요~ 가치를 알아볼수있는 사람이...",https://kin.naver.com/qna/detail.naver?d1id=6&dirId=61004&docId=399930738&qb=7Yis7J6hIOyEseqztQ==&enc=utf8,,0,2,3,2,3,False
투잡 성공,기타,투잡실업급여,... 3% 소득공제만 하는곳에서 투잡으로 알바도 같이하려고 하는데 이렇게되면 실업급여 받을수있나요..? 제가... 실업급여가 너무 간절해요ㅠ 안녕하세요 질문자님 제가 하는일 알아보세요 네트워크 마케팅 잘 알아보면 성공할수...,https://kin.naver.com/qna/detail.naver?d1id=6&dirId=6080402&docId=406993934&qb=7Yis7J6hIOyEseqztQ==&enc=utf8,,0,2,3,2,3,False
투잡 성공,기타,공무원투잡,공무원은 투잡이 불법인가요? 질문자님 안녕하세요~~ 소득대비 물가는 오르고 살림살이는 팍팍해지고 있는 실정에...... 그러나 성공하기 위해서는 단순히 노력만 가지고는 안되겠죠. 똑같은 일을 하더라도 최대한 효율적으로 해야...,https://kin.naver.com/qna/detail.naver?d1id=4&dirId=40601&docId=273713030&qb=7Yis7J6hIOyEseqztQ==&enc=utf8,,0,2,3,2,3,False
투잡 성공,기타,투잡 시 사대보험,... 질문자님^^ 투잡시 사대보험 관련해서 궁금하시군요. 투잡(패스트푸드점)시 4대보험 가입이 필수인지... 있어서 성공 확률도 높더라구요. 시간장소 상관없이 핸드폰 하나로 수익을 낼 수 있으니 도전해보시길 추천드립니다....,https://kin.naver.com/qna/detail.naver?d1id=6&dirId=61004&docId=421802438&qb=7Yis7J6hIOyEseqztQ==&enc=utf8,,0,4,3,6,1,False
투잡 성공,기타,투잡할만한 자격증 추천,... 할만한 투잡자격증 추천좀 해주세요. 광고성 댓글은 신고 합니다. 질문에 답변드리겠습니다. 요즘은 주된 직업을 가지고 있으면서 세컨더리 잡을 하는 것이 일상화가 되어 있습니다. 그러나 한 가지 업종에 집중을 하여도 성공하기...,https://kin.naver.com/qna/detail.naver?d1id=4&dirId=40703&docId=389915798&qb=7Yis7J6hIOyEseqztQ==&enc=utf8,,0,2,3,4,1,False
투잡 성공,기타,계약직 투잡 질문입니다.,... 투잡을하는중인데 알바에서 사업소득을 넣는다고 하는데 저에게 타격이 있을까요? 계약직도 공무원법을 받나요?... 그러나 성공하기 위해서는 단순히 노력만 가지고는 안되겠죠. 똑같은 일을 하더라도 최대한 효율적으로 해야 하구요....,https://kin.naver.com/qna/detail.naver?d1id=6&dirId=6080402&docId=274816354&qb=7Yis7J6hIOyEseqztQ==&enc=utf8,,0,2,3,2,3,False
투잡 성공,기타,투잡 4대보험 질문,"투잡을 할때 만약 첫번째 직장은 4대보험을 때지않고 두번째 직장은 4대보험 가입이되면 1.... 진행상 성공확률 99.99%!! 미래를 바꿔줄겁니다 공짜로 줄 때, 하나라도 모아놓으세요~ 가치를 알아볼수있는 사람이 되어야...",https://kin.naver.com/qna/detail.naver?d1id=6&dirId=6080402&docId=401124331&qb=7Yis7J6hIOyEseqztQ==&enc=utf8,,0,2,3,2,3,False
투잡 성공,기타,공공기관 투잡 관련 질문(내공 500),"... 요새 돈나가는 일이 많아 생활고에 시달리다보니, 저도 모르게 투잡을 알아보고 있더라구요. 그러던 중... 확실히 팀으로 하는 일이다보니 일반적인 자영업 성공률보다는 몇배 높은 성공확률이 보장되는 거 같아요~ ^^ 실제로 6개월...",https://kin.naver.com/qna/detail.naver?d1id=6&dirId=60805&docId=412290854&qb=7Yis7J6hIOyEseqztQ==&enc=utf8,,0,2,3,2,3,False
투잡 성공,기타,투잡관련 ( 인터넷 X 맘충 X ㅡㅡ ),... 몸으로 뛰는 투잡 찾는겁니다 . 위치는 춘천 홍천이구요 대략적인 글이나 볼수있는곳 있나요 ? 18시이후로 질문자님... 그러나 성공하기 위해서는 단순히 노력만 가지고는 안되겠죠. 똑같은 일을 하더라도 최대한 효율적으로 해야...,https://kin.naver.com/qna/detail.naver?d1id=4&dirId=40611&docId=275929128&qb=7Yis7J6hIOyEseqztQ==&enc=utf8,,0,2,3,2,3,False
투잡 성공,기타,투잡하고싶은데요. . . .,"... 투잡 할수있는 일을 추천 바람니다. 카니발.......... 뭐 야간시간대나 언제나 할수 있는 인터넷홍보 사업... GDI의 Web Site (.ws) 약자 마케팅이, 유럽 등지에서 예상을 뛰어넘는 큰 성공을 거둠에 따라, 현재 미국, 유럽 등에서...",https://kin.naver.com/qna/detail.naver?d1id=4&dirId=40611&docId=35048943&qb=7Yis7J6hIOyEseqztQ==&enc=utf8,,0,2,3,2,3,False
투잡 성공,기타,직장인 투잡 사대보험,"제가 4대보험은 직장에서 들었구요, 투잡을 하려고 하는데 고용보험을 제외한 나머지 4대보험은 필수로 들어야한다고... 이 글을 읽는 지금 이순간부터 성공을 향해 같이 걸어보는건 어떤가요? 저는 사회생활을 22살때부터 했었는데요...",https://kin.naver.com/qna/detail.naver?d1id=6&dirId=60804&docId=397484959&qb=7Yis7J6hIOyEseqztQ==&enc=utf8,,0,2,3,2,3,False
투잡 성공,기타,직장인투잡알바 할 만 한 거 있나요?,... 그래서 회사 퇴근하고 저녁에 투잡을 좀 해볼까 하는데... 괜찮은거 있을까요? 좋은정보 좀 부탁드립니다. 질문자님... 그러나 성공하기 위해서는 단순히 노력만 가지고는 안되겠죠. 똑같은 일을 하더라도 최대한 효율적으로 해야...,https://kin.naver.com/qna/detail.naver?d1id=4&dirId=40611&docId=276022914&qb=7Yis7J6hIOyEseqztQ==&enc=utf8,,0,2,3,2,3,False
투잡 성공,기타,집에서하는알바로 투잡 가능한가요? 현실적인 조언 부탁드,... 그 이후로도 매달 직장월급이상 받으며 출퇴없이 집에서 월급만들기 성공한 만큼 저처럼 처음 시작하시는 분들도 꾸준함만 있다면 충분히 가능하다고 생각해요 :) 어떤일인지 궁금하시면 편하게 구경 와주세요❗ 함께 좋은 방향으로...,https://kin.naver.com/qna/detail.naver?d1id=3&dirId=3031003&docId=481370246&qb=7Yis7J6hIOyEseqztQ==&enc=utf8,,0,2,3,2,3,False
투잡 성공,기타,청주에서투잡으로 자동차 퀵 어떤가요?!,"안녕하세요ㅠ 요즘 경기가 안좋다보니 프리랜서로 자동차 퀵을 해보려합니다...처음 해보는거라 투잡으로... 진행상 성공확률 99.99%!! 미래를 바꿔줄겁니다 공짜로 줄 때, 하나라도 모아놓으세요~ 가치를 알아볼수있는...",https://kin.naver.com/qna/detail.naver?d1id=8&dirId=81303&docId=398898753&qb=7Yis7J6hIOyEseqztQ==&enc=utf8,,0,2,3,2,3,False
투잡 성공,기타,직장인 투잡 관련 질문입니다.,... 도와주세요^^ 네 질문자님 안녕하세요 ㅎㅎㅎ아지트샵 재택 성공의 멘토 서이 입니다. ㅎㅎㅎ 요즘 불경기 에다가 물가상승 ㅠㅠ 날은 너무 덥죠 ㅠㅠ 투잡을 알아보고 계신가봐요~~~ 투잡종류 는 너무 많은거같아요...,https://kin.naver.com/qna/detail.naver?d1id=6&dirId=6080401&docId=332839261&qb=7Yis7J6hIOyEseqztQ==&enc=utf8,,0,4,3,4,3,False
투잡 성공,기타,회사시간에 다른투잡 알바 가능한가요?,... 회사가 한달정도 쉬면 그 쉬는날 동안 다른 투잡을 해보려 합니다. (회사동의) 쉬는동안 월급은 받고... 물론 개발 코인이므로 성공 보장은 못합니다. 그러나 전망이 밝고 가능성이 높아서 추천드리니 읽어보시고...,https://kin.naver.com/qna/detail.naver?d1id=6&dirId=6080402&docId=377501117&qb=7Yis7J6hIOyEseqztQ==&enc=utf8,,0,2,3,2,3,False
투잡 성공,기타,직장인 투잡,"... 즉, 투잡을 해도 되는지 궁금해서 질문드립니다. 답변 부탁드립니다. 안녕하세요~ 질문자님~ 물가는 오르고... 알려드린 대로만 하시면 약간의 노력으로 크고 작은 금액의 차이일뿐 첫달부터 수익발생이 됩니다 그러나 성공하기...",https://kin.naver.com/qna/detail.naver?d1id=4&dirId=406&docId=279312042&qb=7Yis7J6hIOyEseqztQ==&enc=utf8,,0,4,3,4,3,False
투잡 성공,기타,직장인 투잡 질문드립니다,"직장인인데 투잡이 가능한가요 ? 가능하면 투잡으로 할만한 일이나 좋은 아이템 추천좀 부탁드립니다 안녕하세요... 빠른 결과를 얻으실 수 있도록 남다른 방법과 교육으로 컴맹, 초보분들께 도움드리겠습니다♥ -본사성공후기에 등록된...",https://kin.naver.com/qna/detail.naver?d1id=4&dirId=40703&docId=346239667&qb=7Yis7J6hIOyEseqztQ==&enc=utf8,,0,2,3,4,1,False
투잡 성공,기타,투잡알바 추천 부탁드립니다.,"투잡알바 추천 부탁드려요~~ 투잡 개념으로 알바를 찾고 있는데요. 뭘하는게 좋을까요? 급여 높은걸로 추천바랍니다.... 터""로 [성공] 하며 한분한분 빠짐없이 밀착케어 하는 찐멘토로서 첫날부터 슈/익나는 방법&실.전.노.하.우‼ [밤/낮...",https://kin.naver.com/qna/detail.naver?d1id=4&dirId=40611&docId=450160716&qb=7Yis7J6hIOyEseqztQ==&enc=utf8,,0,2,3,2,3,False
투잡 성공,기타,반영구 전문학원 추천좀 부탁드립니다.,... 참고하시고 투잡 꼭 성공하시길 기원합니다. 행운이 함께하시길... 한국컨투어메이크업교육협회 반영구메이크업 / 왁싱제모 / 헤어증모술 전문교육기관 입니다 실무에 가장 효과적인 테크닉과 트렌드에 맞는 디자인교육을 하고...,https://kin.naver.com/qna/detail.naver?d1id=8&dirId=8030302&docId=331099112&qb=7Yis7J6hIOyEseqztQ==&enc=utf8,,0,2,3,2,3,False
투잡 성공,기타,직장인 투잡하려고하는데 괜찮을지 질문드립니다.,... 1인 미디어 시장이 발전함에 따라 BJ / 유튜버를 투잡으로 희망하는 사람들이 많아졌습니다. 하지만 진입장벽이... 꼭 성공 할 수 있다 생각합니다 장비 셋팅부터 프로그램 교육까지 오프에어 이앤엠에서 도와드리겠습니다....,https://kin.naver.com/qna/detail.naver?d1id=6&dirId=60805&docId=420038953&qb=7Yis7J6hIOyEseqztQ==&enc=utf8,,0,2,3,2,3,False
투잡 성공,기타,광고디자이너 그리고 투잡,... 광고디자이너로 성공하신 분들은 대략 얼마나 벌까요..??... 광고디자이너로 성공하신 분들은 대략 얼마나 벌까요..??너무 궁금하네요 성공이란 단어에 빗대면은 액수는 어마어마하게 올라가겠죠?! 어느 분야마다 성공을 하면 연봉이...,https://kin.naver.com/qna/detail.naver?d1id=3&dirId=313&docId=262617312&qb=7Yis7J6hIOyEseqztQ==&enc=utf8,,0,2,3,2,3,False
투잡 성공,기타,투잡을 하고자하는데,"투잡 4대보험에 관련해서 질문이 있습니다 현재 직장생활을 하고있는데 투잡을 겸하려고 합니다 그런데 투잡을... 공개하고, 성공 할 수 있게 끝까지 손잡고 갈 것입니...",https://kin.naver.com/qna/detail.naver?d1id=6&dirId=6080402&docId=340579607&qb=7Yis7J6hIOyEseqztQ==&enc=utf8,,0,2,3,2,3,False
투잡 성공,기타,제가 지금 투잡을 할려고 하는데 야간,제가 지금 투잡을 할려고 하는데 야간에 돈벌이 될만한것좀 추천드립니다...돈이급하긴해서요... 파이넷트웍은 미국... 성공을해서 내년에 거래소에 상장이되면 모두가 대박을 칠 수있기를 바라는 마음으로 글을 올립니다. 이 앱은...,https://kin.naver.com/qna/detail.naver?d1id=4&dirId=40703&docId=344806293&qb=7Yis7J6hIOyEseqztQ==&enc=utf8,,0,2,3,2,3,False
투잡 성공,기타,직장인 투잡,안녕하세요 직장인투잡 질문합니다 이번주부터 카페알바 주8시간 미만 일하게 되었는데 운좋게 회사에 채용되어... 인한 성공사례와 경험담입니다 저는 생각했습니다 아~~위 모든 것이 사실이라면 헬로우드림에서 나도 할 수 있을...,https://kin.naver.com/qna/detail.naver?d1id=7&dirId=70306&docId=396764223&qb=7Yis7J6hIOyEseqztQ==&enc=utf8,,0,2,3,2,3,False
투잡 성공,기타,투잡 창업 하시나요?,"... 위 세가지만 확실히 체크하시고 오픈하시면, 반은 성공하고 시작하신다고 할 수 있습니다. 그래서 위 세가지 조건을 충족시키는 브랜드로 제주세호해장국을 추천드립니다. 1. 해장국 장사는 유행이 없는 아이템으로 기본...",https://kin.naver.com/qna/detail.naver?d1id=4&dirId=40703&docId=443616180&qb=7Yis7J6hIOyEseqztQ==&enc=utf8,,0,2,3,2,3,False
투잡 성공,블로그,투잡추천,"... 질문자님처럼 투잡은 필요한데 시간이 마땅치 않다면 내 집에서 할 수 있는 블로그글쓰기를 해보시면 도움이 되실... 보셔도 되고, 아래에서 컴맹주부님들의 성공후기 둘러보셔도 됩니다. 저와 솔직한 대화해보고 시작하세요:) > > > > > >",https://kin.naver.com/qna/detail.naver?d1id=4&dirId=40611&docId=439182748&qb=7Yis7J6hIOyEseqztQ==&enc=utf8,,0,4,3,4,3,False
투잡 성공,기타,컴퓨터 투잡 알바 시간날때 하는 알바 질문,"... 자연스레 투잡을 알아보았고, 그렇게 시작한 부.업으로 지금은 디지털노마드가 되어 집/에서 일하고 있어요... 익 부터 월100~900이상 생활보탬이 되실거예요 :) 내가 원하는 성공도, 내가 바라는 미래도 그 출발은 오늘 하루 입니다....",https://kin.naver.com/qna/detail.naver?d1id=2&dirId=20111&docId=393050695&qb=7Yis7J6hIOyEseqztQ==&enc=utf8,,0,2,3,2,3,False
투잡 성공,기타,직장인 투잡,"... 집에서 성공한 주부에용^_^ 거짓없는 솔직한 답변만 해드릴께요! 4대보험이 들지않더라도 소득은 신고되기때문에... 직장인분들도 투잡으로 많이 진행하고있네요~~ 추가로 더 자세한 내용이 궁금하시다면, 아래의 네임카드를...",https://kin.naver.com/qna/detail.naver?d1id=4&dirId=406&docId=254776377&qb=7Yis7J6hIOyEseqztQ==&enc=utf8,,0,2,3,2,3,False
투잡 성공,기타,투잡 알아보는 중입니다!,"괜찮은 투잡아이템 있으면 추천 좀 해주세요! 질문자님 안녕하세요 :) 어떤부업이던지 열심히 하면 가능해요. 회사가... ^ 다른 분야들도 그렇겠지만, 이 일도 모두가 성공할 수 있는 것은 아니에요. 초보때 어려움을 겪는 분들 이야기를...",https://kin.naver.com/qna/detail.naver?d1id=4&dirId=40703&docId=348185977&qb=7Yis7J6hIOyEseqztQ==&enc=utf8,,0,4,3,6,1,False
투잡 성공,기타,편하게 할수있는 투잡추천좀요!!!,... 집에서 성공한 주부에용^_^ 거짓없는 솔직한 답변만 해드릴께요! 제가 하고있는일은 시간이나 장소가 정해진게 아닌 내가 원하는시간에 짬내서 일을 할수있는 일이다보니 직장인분들도 투잡으로 많이들 진행하고 계신답니다...,https://kin.naver.com/qna/detail.naver?d1id=4&dirId=40611&docId=258549928&qb=7Yis7J6hIOyEseqztQ==&enc=utf8,,0,2,3,2,3,False
투잡 성공,기타,주말투잡 하시는 분들 정보 좀 주세요,주말에 딱히 하는 거싱 없어서 주말 시간 이용해서 투잡을 할까 하는데 찾아보니까 너무 힘들거고 어려운 일들만... 정작 해보면 그렇게 어렵지는 않아요. 올 정유년의 한해 질문자님의 하시는 일에 항상 성공의 기운이 깃들기를 바랍니다.,https://kin.naver.com/qna/detail.naver?d1id=4&dirId=40611&docId=267587338&qb=7Yis7J6hIOyEseqztQ==&enc=utf8,,0,2,3,2,3,False
투잡 성공,기타,직장인 투잡이 궁금합니다.,... 투잡이 법적으로는 불법이 아니니까 다니는 회사측에서도 허락 하셨다면 알바하는곳에서도 4대보험 신고할수... 그리고 성공하면 평생 직장이 된다고 생각하니 더 욕심이 생겨서 직장다니면서 두달정도 열심히 배웠더니 되더라고요...,https://kin.naver.com/qna/detail.naver?d1id=6&dirId=6080402&docId=383077820&qb=7Yis7J6hIOyEseqztQ==&enc=utf8,,0,2,3,2,3,False
투잡 성공,기타,준정부기관 재직중인데 투잡가능한가요,지금 가족이 아퍼서 병원비 를 내야하는데 형편이 도저히 안될거같아 투잡이라도 뛰어야할거같아요 학자금... 비슷한 상황에서 시작한 만큼 그 마음이 이해가 가요 궁금한 점 있으시면 주저말고 편하게 물어보셔도 돼요~ 꼭 성공하세요..!,https://kin.naver.com/qna/detail.naver?d1id=6&dirId=60804&docId=304613043&qb=7Yis7J6hIOyEseqztQ==&enc=utf8,,0,2,3,2,3,False
투잡 성공,기타,알바 투잡질문,"... 알바가 투잡이대나여? 일급,주급,월급 이런거 다포함해서 말씀드려요 안녕하세요 질문자님, 평일에 생산직... com/caddielove 이제는 정말 저임금, 최저시급 받는 사람들에 속하지 말고 우리 모두 올한해는 돈 많이 버는 성공한 사람들이...",https://kin.naver.com/qna/detail.naver?d1id=4&dirId=40611&docId=281899107&qb=7Yis7J6hIOyEseqztQ==&enc=utf8,,0,2,3,2,3,False
재택부업 성공,기타,재택부업 찾는 중인데 다들 자신의 이,... 질문자님 재택 부업을 찾고 계시는 군요~^^ 다들 자신을 사수로 삼으라 하는 이유도 궁금 하시구요...^^ 일단 그... 등등 어땠든 여러가지 따져보시고 재택 알바 꼭 성공하셔서 돈 많이 버시길 바랄께요~ 자세한 사항은 저위에 제 네임카드...,https://kin.naver.com/qna/detail.naver?d1id=4&dirId=40613&docId=303660236&qb=7J6s7YOd67aA7JeFIOyEseqztQ==&enc=utf8,,0,4,3,4,3,False
재택부업 성공,기타,재택 부업 아르바이트,"추천 부탁드립니다 안녕하세요◡ 저두 처음엔 재택부업, 인터넷부업에 대해서 부정적이었는거든요. 근데,, 이력서는... 따라 성공 여부가 달라지더라구요! 저도 초보라서 그 마음 알아요~ 함께 성장하면서 돈 벌 수 있어요! 궁금하신 내용...",https://kin.naver.com/qna/detail.naver?d1id=4&dirId=40611&docId=426504988&qb=7J6s7YOd67aA7JeFIOyEseqztQ==&enc=utf8,,0,4,3,4,3,False
재택부업 성공,기타,리치패밀리가 재택부업인가요? 아시는분...,... 함께 성공할 수 있도록 이끌어주시구 도와주셔요 ㅎㅎ 저는 질문자님처럼 처음엔 호기심으로 시작했지만 이젠 재미있게 즐기면서 재택부업하니 알바비도 쏠쏠하고 아이 유치원비도 보태고 있어요 ㅎㅎㅎ 궁금함에 알아보고싶고 함께...,https://kin.naver.com/qna/detail.naver?d1id=6&dirId=60805&docId=440089684&qb=7J6s7YOd67aA7JeFIOyEseqztQ==&enc=utf8,,0,4,3,4,3,False
재택부업 성공,기타,재택부업 찾는데..,... 월50만원 정도는 무난히 재택부업으로 벌 수 있을까요? 안녕하세요? 질문자님^^ 요즘 한창 뜨고 있는 알짜 아이템 추천 드립니다. 두딸랑구 키우며 월2천 달성에 성공한 경험을 바탕으로 진솔하고 솔직한 답변드려요. 아지XX은...,https://kin.naver.com/qna/detail.naver?d1id=4&dirId=40613&docId=282837522&qb=7J6s7YOd67aA7JeFIOyEseqztQ==&enc=utf8,,0,4,3,4,3,False
재택부업 성공,기타,재택 부업 아르바이트,추천 부탁합니다 질문자님~~안녕하세요^^ 재택 부업을 찿고 계신가요? 요즘 부업으로 할수 있는게 너무 많죠 하지만... 혼자서는 성공할수 없으며 팀원들이 함께 하기에 같이 성공할수 있습니다 한가지 더 말씀 드리면 이시스템은...,https://kin.naver.com/qna/detail.naver?d1id=4&dirId=40611&docId=426583463&qb=7J6s7YOd67aA7JeFIOyEseqztQ==&enc=utf8,,0,4,3,4,3,False
재택부업 성공,기타,재택부업,"... 쉬운 재택부업 같은거 어디 없을까여? 컴퓨터를 능숙하게 다루지 못하는 편이라 이왕이면 쉬운걸로 할수 있는... 좋은 재택 부업 일자리 소개좀 해주세요.. 먹고 살기 무지 힘드내용 ㅠㅠㅠ 허위, 광고글 절대아니니까...",https://kin.naver.com/qna/detail.naver?d1id=20&dirId=200207&docId=73274106&qb=7J6s7YOd67aA7JeFIOyEseqztQ==&enc=utf8,,0,4,0,0,4,False
재택부업 성공,기타,재택부업 추천,집에서 손부업 하시는 분들 있으신가요 봉투붙이는거나 인형 눈 붙이는거같은 알바 어떻게 해야 할수 있는지 어디에 전화해서 해야하는지좀 알려주세요 투잡으로 빠르게 성공한 쭈르봉이여요! ^^ 질문에 대한 답변 시원하게 풀어드릴께요...,https://kin.naver.com/qna/detail.naver?d1id=4&dirId=40611&docId=262106527&qb=7J6s7YOd67aA7JeFIOyEseqztQ==&enc=utf8,,0,6,3,6,3,False
재택부업 성공,기타,성공한 사례 알려주세요.,... 에혀 성공한 사례들 있으면 글 남겨주세요. 궁금하네요. 내공드립니다! (광고는 신고합니다) 저는 돈의대한 욕심과 일하는 게 좋아서 아이가 둘인데도 하고 있어요 어떤식에 일을 하고싶은지. 전 보험설계사랑 화장품판매랑 재택부업...,https://kin.naver.com/qna/detail.naver?d1id=4&dirId=40612&docId=361380581&qb=7J6s7YOd67aA7JeFIOyEseqztQ==&enc=utf8,,0,4,3,4,3,False
재택부업 성공,기타,재택부업 알고싶어요,재택부업 알아보구 있는데요. 궁금한게 있어서 이렇게 질문을 올립니다. 재택부업 여러 종류가 많이 있더라구요.... 자신한테 손해가지 않는 선에서라면 뭐든지 남들보다 많은걸 경험해보는게 좋겠죠 ^^ 도전하지 않는 사람은 성공을...,https://kin.naver.com/qna/detail.naver?d1id=4&dirId=40611&docId=119236578&qb=7J6s7YOd67aA7JeFIOyEseqztQ==&enc=utf8,,0,4,3,4,3,False
재택부업 성공,기타,애터미 다단계 할 만한가요?,... 온라인 재택부업이면 더 좋겠어요~ 쉽게 할 수있는 재택부업 추천 좀 해주세요~ 요새 온라인 마케팅 부업 많이... 누구나 쉽게 따라 할수 있는 쉽고 간편한 시스템으로 팀의 도움을 받아 손쉽게 성공할 수 있습니다 3.하루1시간...,https://kin.naver.com/qna/detail.naver?d1id=4&dirId=40613&docId=420925206&qb=7J6s7YOd67aA7JeFIOyEseqztQ==&enc=utf8,,0,4,3,4,3,False
재택부업 성공,기타,잘되는 재택부업 추천 부탁해요,재택부업 추천 좀 받아보고나서 알아보려구요 네트워크? 피라미드식 연계성 그런거 말구요 그냥 일하면서... 그 시절을 겪고 한단계 성장한 저는 제2인생을 살아가고있답니다^^ 모든 성공 뒤엔 본인의 성공하고자 하는 의지와 노력이...,https://kin.naver.com/qna/detail.naver?d1id=6&dirId=60805&docId=392338503&qb=7J6s7YOd67aA7JeFIOyEseqztQ==&enc=utf8,,0,4,3,4,3,False
재택부업 성공,기타,재택부업 처음 시작하는 사람은 어떤 일부터 해야 할까요,"... 안전하면서도 성공 확률이 높은 재택부업의 시작이에요. 작게 시작해도, 그게 내 경험이 되고 자산이 되고 자신감이 됩니다. 질문자님도 분명히 잘 해내실 수 있어요! ✨ 초보자용 재택부업 앱 추천, 사기 구별법, 실제 후기와 꿀팁을...",https://kin.naver.com/qna/detail.naver?d1id=4&dirId=40611&docId=484501336&qb=7J6s7YOd67aA7JeFIOyEseqztQ==&enc=utf8,,0,4,3,4,3,False
재택부업 성공,기타,부업장 단가가 너무 짜네요 다른일 추천좀요,... 힘만들고 파스값만 더 나오고 집에서 틈틈히 할 수 있는 재택부업 있으면 알려주세요~~ 안녕하세요~!! 손부업 저도... 반만 성공해도 월 오백!!!!) 월천클럽 온라인 부업은 뭘까요?! 대기업에서 새로 시작한 플랫폼 사업! 스마트폰...,https://kin.naver.com/qna/detail.naver?d1id=4&dirId=40609&docId=408813138&qb=7J6s7YOd67aA7JeFIOyEseqztQ==&enc=utf8,,0,4,3,4,3,False
재택부업 성공,기타,온라인부업 하고싶어서 알아본게 있는데 괜찮은지...,... 함께 성공할 수 있도록 이끌어주시구 도와주셔요 ㅎㅎ 저는 질문자님처럼 처음엔 호기심으로 시작했지만 이젠 재미있게 즐기면서 재택부업하니 알바비도 쏠쏠하고 아이 유치원비도 보태고 있어요 ㅎㅎㅎ 궁금함에 알아보고싶고 함께...,https://kin.naver.com/qna/detail.naver?d1id=1&dirId=10504&docId=440176040&qb=7J6s7YOd67aA7JeFIOyEseqztQ==&enc=utf8,,0,4,3,4,3,False
재택부업 성공,기타,투잡질문이요,... 인기인 재택부업 추천해드려요 저는 지금 20대 직장인 이예요! 하지만 집에서하는 재택.부업 지금 하고 있어요... 하시면 성공합니다 컴맹주부님들도 쉽게따라와주면서 수.익 내고 계시니 더 궁금하시면 연락주세요^^* 연락주세요^_^,https://kin.naver.com/qna/detail.naver?d1id=6&dirId=6010104&docId=262845705&qb=7J6s7YOd67aA7JeFIOyEseqztQ==&enc=utf8,,0,6,3,6,3,False
재택부업 성공,기타,경력단절 40대중반이 할수있는 직업은 어떤게 있을까요?,"... 정리수납·플로리스트처럼 금방 현장에 설 수 있는 일들이 눈에 띕니다. 일단 한 분야 먼저 입문하고, 경험을 쌓아 IT 스킬과 서비스 감각을 ‘합체’시키는 게 저의 작전입니다. 비슷한 길 걸어보신 분들, 성공 비법 좀 전수해 주세요!""",https://kin.naver.com/qna/detail.naver?d1id=4&dirId=40604&docId=487793702&qb=7J6s7YOd67aA7JeFIOyEseqztQ==&enc=utf8,,0,0,3,0,3,False
재택부업 성공,기타,재택근무 가능한 직업 추천 좀 해주세요,... 없어서 성공 사례만 분석하니 답이 보이더라구요. 제 30대멘티님❤도 지난 8월 월1000만 버셨구요. 주부 직장인 대학생 취준생 은퇴자 분들 1000분 이상 교육 해드린만큼 제 재택부업 후기가 도움 되실 수 있으니 ⭕드림투유 루다...,https://kin.naver.com/qna/detail.naver?d1id=4&dirId=406&docId=401720399&qb=7J6s7YOd67aA7JeFIOyEseqztQ==&enc=utf8,,0,4,3,4,3,False
재택부업 성공,기타,알바 추천 좀 부탁드려요.,... 있으실꺼예요~ 재택부업 알아보시다 보면 정말 할수있는 재택부업들은 많습니다 제가 이번이 4번째 인데 재택부업... 속도차이는 나겠지만 수익은 충분히 낼수 있습니다~^^ 꼼꼼히 알아보시고 질문자님에 건강과 성공을 기원하겠습니다~^^,https://kin.naver.com/qna/detail.naver?d1id=4&dirId=40611&docId=348787139&qb=7J6s7YOd67aA7JeFIOyEseqztQ==&enc=utf8,,0,6,3,6,3,False
부업 후기 성공,기타,손부업사이트 실제 후기 궁금,... 어느 정도 초기 비용을 감수할 수 있으니 실제 성공 사례나 팁을 알고 싶습니다 시간이 아까워서 실패는 더 이상 하고 싶지 않네요 진정한 후기가 필요합니다! 손부업사이트 후기 현실적으로 알려드릴게요 손부업사이트는 대부분...,https://kin.naver.com/qna/detail.naver?d1id=4&dirId=40613&docId=493358239&qb=67aA7JeFIO2bhOq4sCDshLHqs7U=&enc=utf8,,0,2,3,2,3,False
부업 후기 성공,기타,부업으로 성공 할 수 있나요?,"... 무조건 부업 추천드립니다. 저도 했고, 다른 사람들도 다 잘만 하는데.. 조금만 검색해봐도 성공후기가 넘쳐나는데 못하실 이유 찾기가 더 힘들지 않을까요? 물론! 사람을 잘못 만나고, 회사를 잘못 만나면 해당이 안되는 말이구요...",https://kin.naver.com/qna/detail.naver?d1id=4&dirId=40104&docId=449956041&qb=67aA7JeFIO2bhOq4sCDshLHqs7U=&enc=utf8,,0,2,3,2,3,False
부업 후기 성공,기타,주부부업을 통해 성공한 사례가 궁금해요!,주부부업을 하려면 어떤 준비가 필요할까요? 초보자가 접근하기 쉬운 방법이 있을까요? 요즘 광고를 보면 누구나 쉽게... 저도 처음엔 걱정돼서 후기 많이 봤고 사기 아닌지 확인해보고 시작했어요. 피해 방지하려면 먼저 후기들도...,https://kin.naver.com/qna/detail.naver?d1id=4&dirId=40611&docId=481311051&qb=67aA7JeFIO2bhOq4sCDshLHqs7U=&enc=utf8,,0,2,3,2,3,False
부업 후기 성공,블로그,AI부업 해보고 싶어요!,... --- 질문자님처럼 현실적인 눈으로 바라보면서 시작하시는 분들이 결국 성공확률도 훨씬 높아요! 한번 시작하면... 답변은 아래 블로그 내용을 일부 참고해 작성했어요. 실제 AI부업 후기와 팁이 궁금하시다면 블로그도 참고해보세요.,https://kin.naver.com/qna/detail.naver?d1id=1&dirId=1060113&docId=466035145&qb=67aA7JeFIO2bhOq4sCDshLHqs7U=&enc=utf8,,0,4,3,4,3,False
부업 후기 성공,기타,"주부부업후기 하는 분들, 하루 일과나 작업 방식이 궁금",초보자가 주부부업후기을 시작하려고 할 때 가장 먼저 해야 할 것은 무엇인가요? 쉽게 접근할 수 있는 방법이나... 어렵다고 생각드실 수 있는데 컴맹도 도전하고 성공하는만큼 전~~혀 어렵지 않아요! 저는 하루 2-3시간 정도만 하는데도...,https://kin.naver.com/qna/detail.naver?d1id=4&dirId=40611&docId=481931512&qb=67aA7JeFIO2bhOq4sCDshLHqs7U=&enc=utf8,,0,2,3,2,3,False
부업 후기 성공,콘텐츠,직장인 부업 추천,... 글 후기 글 정리 쇼츠/릴스 대본 정리 기업 자료 요약 전문 작가 X ChatGPT... 이상 성공입니다. 현실적인 조언 (중요) ✔ 이건 꼭 기억하세요 월 50~100 안정 부업은 “한 방”이 아니라 “적층형” 1개로 100 ❌ 2~3개 조합해서 50~100...,https://kin.naver.com/qna/detail.naver?d1id=4&dirId=40611&docId=491294687&qb=67aA7JeFIO2bhOq4sCDshLHqs7U=&enc=utf8,,0,2,3,2,3,False
부업 후기 성공,기타,"부업으로 POD 판매를 고민중인데, 초보자도 가능할까요?","... 실제로 'POD 판매'를 해보신분들의 후기가 궁금합니다. POD(Print on Demand) 판매는 초보자도 가능한 부업으로 알려져... 하지만, 판매 성공을 위해서는 몇 가지 고려해야 할 사항이 있습니다. 첫째로, 제품의 디자인과 품질이 중요합니다....",https://kin.naver.com/qna/detail.naver?d1id=5&dirId=511&docId=454024838&qb=67aA7JeFIO2bhOq4sCDshLHqs7U=&enc=utf8,,0,2,3,2,3,False
부업 후기 성공,기타,후기톡 좋나요?,후기톡 말고 다른 부업도 많던데 후기톡 하는 분들이 좀 많은거 같아요 그만큼 후기톡이 좋아서 그런건가요? 괜히 사람이 많으면 많을수록 성공하기 어렵진 않을까 싶기도 하고 잘 모르겠네요.. 질문자님 안녕하세요 :) 답변에 앞서...,https://kin.naver.com/qna/detail.naver?d1id=4&dirId=40611&docId=381339193&qb=67aA7JeFIO2bhOq4sCDshLHqs7U=&enc=utf8,,0,2,3,2,3,False
부업 후기 성공,기타,주부가 집에서 하는 부업 어떤거 있는지 궁금해요,"직장을 그만두고 육아만 한지 벌써 2년째인데요 주부가 육아하면서 집에서 하는 부업 있을까요? 다른 주부님들 돈... 보셔도 되고, 아래에서 컴맹주부님들의 성공후기 둘러보셔도 됩니다. 저와 솔직한 대화해보고 시작하세요:) > > > > > >",https://kin.naver.com/qna/detail.naver?d1id=4&dirId=40703&docId=427387279&qb=67aA7JeFIO2bhOq4sCDshLHqs7U=&enc=utf8,,0,2,3,2,3,False
부업 후기 성공,기타,부업에 대해서 궁금한데요~,"지금 한창 그 유명하게 떠들썩한 부업 있잖아요? 저도 부업을 몇번해봤는데... 홍보 진짜 하지마시고, 실제후기 남겨주시면, 저한테 크게 도움될것같애요... 유명한 곳에서 빠르게 시작하세요. 지금 초창기라서 성공확률이 더 높습니다.",https://kin.naver.com/qna/detail.naver?d1id=4&dirId=40613&docId=351126915&qb=67aA7JeFIO2bhOq4sCDshLHqs7U=&enc=utf8,,0,2,3,2,3,False
부업 후기 성공,기타,재택근무 가능한 직업 추천 좀 해주세요,... 합법적인 부업알바 정보 스스로 백지상태로 도전해서 ⭕초단기 10억 +성공한⭕ ■재택근무 회사 공식 1등 멘토... 주부 직장인 대학생 취준생 은퇴자 분들 1000분 이상 교육 해드린만큼 제 재택부업 후기가 도움 되실 수 있으니...,https://kin.naver.com/qna/detail.naver?d1id=4&dirId=406&docId=401720399&qb=67aA7JeFIO2bhOq4sCDshLHqs7U=&enc=utf8,,0,4,3,4,3,False
부업 후기 성공,기타,부업 광고~ 알려주세요,... 근데 광고주분들이 모르시는 분들이 많더라구요 이 부업쪽으로 광고전문으로 하고 계신분들이나 성공사례가... 모든 수.익.금 또한 당.일.지.급 이랍니다^^ 그리고 영.수.증 사진 올리고 후기로 3줄정도 홈피에 남기는데 솔직히...,https://kin.naver.com/qna/detail.naver?d1id=4&dirId=40401&docId=332080048&qb=67aA7JeFIO2bhOq4sCDshLHqs7U=&enc=utf8,,0,2,3,2,3,False
부업 후기 성공,기타,손부업 사이트,"손부업 사이트가 따로 있나요? 어디에서 알아볼 수 있는지 궁금하네요..... 저 통해서 시작하신 멘티님들의 후기만 보셔도 아실거에요^^ ♥멘티님들... 함께해주신분들의 성공을 위해 진심으로 전달하고 있으며, 수.익없을시 모든 부분...",https://kin.naver.com/qna/detail.naver?d1id=4&dirId=40611&docId=417285001&qb=67aA7JeFIO2bhOq4sCDshLHqs7U=&enc=utf8,,0,2,3,2,3,False
부업 후기 성공,콘텐츠,인스타 부업,"자꾸 인스타에 부업계정같은게 뜨는데 피드들어가보니 막 후기이런사진있고한데 그런거 사기일까요? 그냥 궁금해서... 익 부터 월100~900이상 생활보탬이 되실거예요 :) 내가 원하는 성공도, 내가 바라는 미래도 그 출발은 오늘 하루...",https://kin.naver.com/qna/detail.naver?d1id=1&dirId=1061203&docId=394984650&qb=67aA7JeFIO2bhOq4sCDshLHqs7U=&enc=utf8,,0,2,3,2,3,False
부업 후기 성공,기타,주부부업으로는 뭐가 좋을까요,"... 온/오프라인 후기 등록, 이벤트 공유 등 여러 가지 활동을 통한 차별화된 부업을 본인이 직접 선택하실 수 있는... 재택부업을 선택하시는 것이 성공 확률을 크게 상승 시켜줍니다 ㅎㅎ 질문에 작성된 내용만으로는 정보가 부족해...",https://kin.naver.com/qna/detail.naver?d1id=4&dirId=40611&docId=361137321&qb=67aA7JeFIO2bhOq4sCDshLHqs7U=&enc=utf8,,0,4,3,4,3,False
부업 후기 성공,기타,컴 알바후기 궁금해요,... 진짜 솔직한 알바후기 궁금합니다. 나이는 23세 입니다. 안녕하세요!... 부업 이란게 순 사기같고 믿기지 않았지만 어떻게든 도전해 봤습니다!... 많은 성공으로 언론 인터뷰에도 나왔네요! 저는 마케팅 국가공인 자격증도 보유하고...,https://kin.naver.com/qna/detail.naver?d1id=4&dirId=40611&docId=403144414&qb=67aA7JeFIO2bhOq4sCDshLHqs7U=&enc=utf8,,0,2,3,2,3,False
부업 후기 성공,콘텐츠,인스타 부업 에드펌킨 쭈안맘-찌니멘토 후기,안녕하세요 요즘 부업을 찾아보고있는데요 인스타에서 에드펌킨 쭈안맘-찌니멘토님 피드를 봤는데요 혹시 이분이랑 1:1로 해보신분 있으시나요? 후기가 궁금해요 성공하는 사람 거의 없는듯요~~ 낚이지 마세요,https://kin.naver.com/qna/detail.naver?d1id=4&dirId=40611&docId=475715810&qb=67aA7JeFIO2bhOq4sCDshLHqs7U=&enc=utf8,,0,2,3,2,3,False
부업 후기 성공,기타,백신 1차 후기..,... 1차 후기를 보니.. 3일차까지 팔이 아프다 하드라구여.. ㅜㅜ 근데 저 지금 넘... 정말 잘했다는 생각이 들어 추천해요 부업이라고 우습게 생각했는데...... 겁니다 성공을 이끄는 획기적인 시스템과 수당 구조가 있기 때문에...,https://kin.naver.com/qna/detail.naver?d1id=4&dirId=40611&docId=402822272&qb=67aA7JeFIO2bhOq4sCDshLHqs7U=&enc=utf8,,0,2,3,2,3,False
부업 후기 성공,기타,궁금증유발,... 안녕하세요 글이 길면 읽기도 귀찮고 번거로우시죠 제가 딱 이해하기 쉽고 간략하게 설명 드릴게요 후기톡이... 부업으로 성공하려면~ 멘토의 속내를 꼭 확인 해 주세요 피드백 잘해주는 멘토! 벌이를 도와주는 멘토! (멘토...,https://kin.naver.com/qna/detail.naver?d1id=4&dirId=40611&docId=355483588&qb=67aA7JeFIO2bhOq4sCDshLHqs7U=&enc=utf8,,0,2,3,2,3,False
부업 후기 성공,기타,핸드폰으로 할 수 있는 부업 있나요?,"핸드폰으로 할 수 있는 부업 있나요? 제가 컴퓨터는 잘 못해요ㅜㅜ 요즘 광고들... 내집마련,외.제.차 2대, 주.식.투.자 성공. 잔고는 늘 1억 경제적인 여유를... 솔찍후기, 매일 달라지는 쑤익 내역 확인가능하세요^^ - ☎궁금하신점은...",https://kin.naver.com/qna/detail.naver?d1id=4&dirId=40611&docId=406970814&qb=67aA7JeFIO2bhOq4sCDshLHqs7U=&enc=utf8,,0,2,3,2,3,False
부업 후기 성공,기타,요줌 직장구하기 힘드네요 부업 할것 있나요?,"요줌 직장구하기 힘드네요 부업 할것 있나요? 안녕하세요! 질문자님, 요즘직장... 분들의 후기를 보고 나서도 캐디로 결정하기 잘했구나! 라는 생각이 들... 소개해 줘서 좋더라구요~~ 올해에는 좋은 직장으로의 이직, 성공하시기 바랍니다 ^^",https://kin.naver.com/qna/detail.naver?d1id=2&dirId=20207&docId=279767398&qb=67aA7JeFIO2bhOq4sCDshLHqs7U=&enc=utf8,,0,2,3,2,3,False
부업 후기 성공,기타,자영업자 부업 질문이요!!,... 부업 추천좀 부탁드리겠습니다! ●부업으로 20여일내 1천대 이룬... 실패없으시도록● ●신중해주세요● ▪▪성공과 실패에는 모두 이유가 있어요▪▪ 돈 잘버는 사람들만 분석해서 처음으로 1천2백 이상 번 후기와...,https://kin.naver.com/qna/detail.naver?d1id=4&dirId=40611&docId=299445111&qb=67aA7JeFIO2bhOq4sCDshLHqs7U=&enc=utf8,,0,2,3,4,1,False
부업 후기 성공,기타,헬로우드림 시작했다가 포기하신분 찾습니다,... 추가적인 부업하나 알아보고 있는데 궁금하네요 :) 안녕하세요 질문자님. 저역시도 헬드를 몇년전에 알게 되었지만.... 성공후기며.. 헬로우톡..... 정신없이 습득하기 시작했어요 본업이 따로 있던지라 솔직히 컴으로는 활동하기...,https://kin.naver.com/qna/detail.naver?d1id=4&dirId=40611&docId=276511467&qb=67aA7JeFIO2bhOq4sCDshLHqs7U=&enc=utf8,,0,2,3,4,1,False
부업 후기 성공,기타,헬로우 드림에 궁금한게 많아요~,"... 집에서 할 수 있는 부업을 알아보려고 하다가 헬로우 드림을 알게되었는데요. 다들 후기들이 좋네요, 제가... 부업경력 6년차! 집에서 성공한 주부에요^_^ 거짓없는 솔직한 답변만 해드릴께요! 1. 신규회원을 유치하는 부분에 있어서...",https://kin.naver.com/qna/detail.naver?d1id=1&dirId=1060102&docId=257793263&qb=67aA7JeFIO2bhOq4sCDshLHqs7U=&enc=utf8,,0,2,3,2,3,False
부업 후기 성공,기타,부업 추천 진지하게,"어렵지 않고 빨리 할 수 있는거 찾다보니 부업이 떠올랐어요. 초보자도... 저 통해서 시작하신 멘티님들의 후기만 보셔도 아실거에요^^ ♥멘티님들... 함께해주신분들의 성공을 위해 진심으로 전달하고 있으며, 수.익없을시 모든 부분...",https://kin.naver.com/qna/detail.naver?d1id=4&dirId=40611&docId=418040282&qb=67aA7JeFIO2bhOq4sCDshLHqs7U=&enc=utf8,,0,2,3,2,3,False
부업 후기 성공,기타,마이셀즈 질문,안녕하세요 직장인 부업을 알아보던 중 마이셀즈를 알게 되었습니다 여러... 실제 후기가 궁금합니다 안녕하세요 •ﻌ•  조금이나마 도움이 되셨으면... 터로 [성공] 하며 한분한분 빠짐없이 밀착케어 하는 찐멘토로서 첫날부터 슈...,https://kin.naver.com/qna/detail.naver?d1id=4&dirId=40609&docId=447752436&qb=67aA7JeFIO2bhOq4sCDshLHqs7U=&enc=utf8,,0,2,3,4,1,False
부업 후기 성공,기타,주부부업 실패ㅠ,... 주부부업 다시 알아보고 있는데 다들 성공만 하셨다고 하니깐 실패한 분은 안계신지 궁금해요ㅠㅠ 솔직히... 맞아요 실패도 분명 있어요^_^ 제가 했었지요 저 같은 경우엔 타부업 했다가 잘 안 되서 지금 하는 후기톡으로 갈아...,https://kin.naver.com/qna/detail.naver?d1id=4&dirId=40613&docId=342334082&qb=67aA7JeFIO2bhOq4sCDshLHqs7U=&enc=utf8,,0,2,3,2,3,False
부업 후기 성공,기타,전자책 만드는법 질문입니다,"... 필요하면 추가적인 보완 내용(부록, Q&A, 후기 등)을 넣으면 더 완성도... 크몽: 부업, 자기계발, 글쓰기 관련 전자책이 많이 팔리는 곳 리디북스... 전자책 판매 성공하시길 바랍니다. 도움이 되셨다면 채택 부탁드립니다.",https://kin.naver.com/qna/detail.naver?d1id=4&dirId=409&docId=478242029&qb=67aA7JeFIO2bhOq4sCDshLHqs7U=&enc=utf8,,0,2,3,2,3,False
부업 후기 성공,기타,(긴 글) 사주 풀이 및 신점 관련 질문드립니다.,... 온라인판매 부업을 하며 좋지않았던 금전적인 상황을 해소하며 멘탈도... 용하다고 후기도 많은 곳이라 거슬리기도 해서ㅎㅎ 용기를 좀 얻고싶습니다..... 나아가야 성공을 할 수 있는 사주입니다 관직으로 나아가지 않았다면 후자쪽의...,https://kin.naver.com/qna/detail.naver?d1id=3&dirId=31501&docId=463680616&qb=67aA7JeFIO2bhOq4sCDshLHqs7U=&enc=utf8,,0,2,3,2,3,False
부업 후기 성공,기타,간단 부업추천해주세요,... 부업이나 아르바이트 추천해주세요 안녕하세요 질문자님 ^-^ 재택근무로... 개개인만다 성공의 시기는 정해진것아니고 또 모두 다르기때문에 정말... 제 후기글들도 읽어보시면서 언제든지 편하게 연락주세요 정말 이일을...,https://kin.naver.com/qna/detail.naver?d1id=4&dirId=40611&docId=260175241&qb=67aA7JeFIO2bhOq4sCDshLHqs7U=&enc=utf8,,0,4,3,4,3,False
부업 후기 성공,기타,드림큐가입했는데요~도와주세요,"... 신청은 안해서 그런지 후기나 다른게 오픈이 안되네요 ㅠ 그리고 결제도 하게 되있던데,,,다들 이렇게 하는건지... 도와주세요ㅠㅠ 부업경력 6년차! 집에서 성공한 주부에요^_^ 거짓없는 솔직한 답변만 해드릴께요! 비슷한 곳에서...",https://kin.naver.com/qna/detail.naver?d1id=8&dirId=814&docId=262960167&qb=67aA7JeFIO2bhOq4sCDshLHqs7U=&enc=utf8,,0,2,3,2,3,False
부업 후기 성공,기타,락역사에서 꼭 알아야할 밴드좀 알려주세요!!,"제가 지금 학교서 밴드동아리를 하는데요 파트는 드럼이고 앞으로 부업으로... 저는 상업적으로 성공한 밴드보다 레드제플린, 너바나, 섹스피스톨즈... 판테라의 후기 모습만 기억하시는 분들은 도저히 상상할 수 없는 모습으로...",https://kin.naver.com/qna/detail.naver?d1id=3&dirId=30204&docId=139133408&qb=67aA7JeFIO2bhOq4sCDshLHqs7U=&enc=utf8,,0,2,3,2,3,False
부업 후기 성공,기타,리틀페이지 어때요?,부업 찾다보니까 그 중에 리틀페이지라는데도 같이 떠서.. 여긴 어떤가 하구요.... 모르겠어요 후기들 올라오는지 확인하시길 바래요 :) 저 역시 직장인으로... 터로 [성공] 하며 한분한분 빠짐없이 밀착케어 하는 찐멘토로서 첫날부터 슈...,https://kin.naver.com/qna/detail.naver?d1id=4&dirId=40611&docId=447643468&qb=67aA7JeFIO2bhOq4sCDshLHqs7U=&enc=utf8,,0,2,3,2,3,False
부업 후기 성공,기타,부업 좀 추천 해주세요,... 부업 좀 추천 해주세요 ㅠㅠ 집에서 할수 있으면 좋구요 안녕하세요... 비디오쳇 후기 입니다.^^ 단 돈 만원으로 참여 가능하며 만원으로 계속해서... 이제 많은사람들이 자신이 원하는 일을 하면서 다른 사람들과 성공의 기쁨을 함께...,https://kin.naver.com/qna/detail.naver?d1id=4&dirId=40611&docId=140140277&qb=67aA7JeFIO2bhOq4sCDshLHqs7U=&enc=utf8,,0,2,3,2,3,False
부업 후기 성공,기타,헬로우드림 알바 처음해도 가능해요?,"... 집에서 부업으로 하는건 처음인데요 그냥 헬로우드림 여기저기 후기보니 괜찮은거 같아서요 제가 컴터를 잘 못해서... 알려주세요 부업경력 7년차, 집에서 성공한 주부에용^_^ 그동안의 경험을 바탕으로 솔직한 답변만 드릴게용!...",https://kin.naver.com/qna/detail.naver?d1id=4&dirId=40611&docId=270036387&qb=67aA7JeFIO2bhOq4sCDshLHqs7U=&enc=utf8,,0,2,3,2,3,False
스마트스토어 성공,기타,미성년자(17살) 스마트 스토어 운영 하는 법,"안녕하세요 올해로 17살인 학생입니다 제가 공부 보단 사업 쪽에 관심이 많아서요 몇 가지 질문을 드립니다 1.현재 스마트 스토어(네이버,쿠팡 같은) 레드오션인가요? 성공하기 좀 어려울까요? 2.네이버와 쿠팡 같은 앱에 도매앱에서...",https://kin.naver.com/qna/detail.naver?d1id=4&dirId=40701&docId=446989859&qb=7Iqk66eI7Yq47Iqk7Yag7Ja0IOyEseqztQ==&enc=utf8,,0,0,3,2,1,False
스마트스토어 성공,기타,스마트 스토어 현실적으로 성공 가능성이 크나요?,"... 제목과 같이 현재 누구나 할수 있는 스마트 스토어 현실적으로 성공 가능성이 있나요? 물론 크게 성공 하신분들이 계시겠지만, 그 분들은 어떤식으로 성공 하였는지 궁금하네요. (광고,쓸데없는 답변에는 내공을 드리지 않겠습니다.)...",https://kin.naver.com/qna/detail.naver?d1id=1&dirId=1060110&docId=456984262&qb=7Iqk66eI7Yq47Iqk7Yag7Ja0IOyEseqztQ==&enc=utf8,,0,0,3,2,1,False
스마트스토어 성공,스마트스토어,스마트스토어 창업 시 상표권 등록,안녕하세요 궁금한게있는데요 스마트스토어 만들려하는데 상호명을 상표권 등록하고 싶습니다 1. 사업자등록 없이... 특허법인 테헤란이 고객님의 성공을 위한 든든한 파트너가 되어드리겠습니다. ✅ 압도적인 실적과 후기로 증명되는...,https://kin.naver.com/qna/detail.naver?d1id=6&dirId=60205&docId=463213417&qb=7Iqk66eI7Yq47Iqk7Yag7Ja0IOyEseqztQ==&enc=utf8,,0,2,3,2,3,False
스마트스토어 성공,스마트스토어,스마트스토어사업자가 오프라인결재도가능한지요?,현재 일반과세사업자인데 장사가 좀 덜되서 이중사업자로 통신판매업 스마트스토어를 해보려고하는데요 궁금한건 1.... 이게 잘 되면 50%는 성공한 것입니다. 이후 조금씩 배우고 공부하면서 진행하면 될듯 합니다.,https://kin.naver.com/qna/detail.naver?d1id=4&dirId=40701&docId=483010659&qb=7Iqk66eI7Yq47Iqk7Yag7Ja0IOyEseqztQ==&enc=utf8,,0,2,3,2,3,False
스마트스토어 성공,기타,스마트 스토어 질문드립니다.,"... 스마트 스토어로서 성공한 사람이 몇 없겠지만 그래도 파워, 빅파워 등록까지 한 분이 지식인 분들 중에 한 분이라도 있을 것이라고 믿고 있는데 그 분들의 조언 한 마디씩 들어보겠습니다. 그리고 판매를 잘 하기 위해서는 어떤 전략...",https://kin.naver.com/qna/detail.naver?d1id=1&dirId=1060110&docId=429622925&qb=7Iqk66eI7Yq47Iqk7Yag7Ja0IOyEseqztQ==&enc=utf8,,0,0,3,2,1,False
스마트스토어 성공,스마트스토어,네이버스마트스토어 판매등록 상호질문,... 네이버 스마트스토어에서 새로운 판매업을하려고 쓰던사업자의 사업자명을 변경하고 판매등록신청을했는데... 특허법인 테헤란이 고객님의 성공을 위한 든든한 파트너가 되어드리겠습니다. ✅ 압도적인 실적과 고객 후기로 증명되는...,https://kin.naver.com/qna/detail.naver?d1id=4&dirId=40701&docId=477876024&qb=7Iqk66eI7Yq47Iqk7Yag7Ja0IOyEseqztQ==&enc=utf8,,0,2,3,2,3,False
스마트스토어 성공,기타,네이버 스마트 스토어 위타판매대행,... 또한 고객에게 편의와 혜택을 제공하는 이벤트나 할인 등의 전략을 활용할 수도 있습니다. 위탁판매대행을 통해 스마트 스토어를 개설하고 마케팅 홍보를 열심히 진행하시면 성공할 수 있을 것입니다. 응원합니다!,https://kin.naver.com/qna/detail.naver?d1id=1&dirId=1060110&docId=461627599&qb=7Iqk66eI7Yq47Iqk7Yag7Ja0IOyEseqztQ==&enc=utf8,,0,0,3,0,3,False
스마트스토어 성공,스마트스토어,네이버 스마트스토어 어떻게 하나요?,안녕하세요 네이버 스마트스토어 창업 준비하는 사람입니다! 창업하는 데 몇 가지 질문이 있어서 답변 부탁드립니다!... 중간에 원하시는대로 잘 안되시더라도 포기하지 마시고 꼭 성공하시길 기원드립니다 도움되셨으면 좋겠습니다....,https://kin.naver.com/qna/detail.naver?d1id=1&dirId=1060110&docId=453072210&qb=7Iqk66eI7Yq47Iqk7Yag7Ja0IOyEseqztQ==&enc=utf8,,0,2,3,2,3,False
스마트스토어 성공,스마트스토어,스마트스토어 창업 준비물과 절차가 궁금해요,"... 스마트스토어를 성공적으로 시작하기 위해서는 몇 가지 중요한 사항들을 미리 준비하고, 절차를 차근차근 밟아 나가는 것이 중요합니다. 1. 스마트스토어 창업 준비물 스마트스토어 창업을 위해 기본적으로 필요한 준비물은 다음과...",https://kin.naver.com/qna/detail.naver?d1id=1&dirId=1060110&docId=475107001&qb=7Iqk66eI7Yq47Iqk7Yag7Ja0IOyEseqztQ==&enc=utf8,,0,2,3,2,3,False
스마트스토어 성공,스마트스토어,경기도에서 스마트스토어 청년 창업 지원,"... 밀키트 시장도 요즘 정말 각광받는 분야라, 스마트스토어와 결합하면 가능성은 무궁무진해요. 질문자님처럼 열심히 준비하는 청년 창업가 분들, 정말 응원합니다! 꼭 좋은 지원 받아 창업 성공하시길 진심으로 기도할게요 또...",https://kin.naver.com/qna/detail.naver?d1id=4&dirId=40703&docId=482788010&qb=7Iqk66eI7Yq47Iqk7Yag7Ja0IOyEseqztQ==&enc=utf8,,0,2,3,2,3,False
스마트스토어 성공,기타,햄스터 용품 스마트 스토어 창업,제가 스마트 스토어를 창업하고 싶은데 햄스터 용품이 대부분 중국쪽에서 많이 브랜드가 있더라고요 이 브랜드들... 장사의신 이라는 유튜버로 후라이드참잘하는집 이라는 프렌차이즈 치킨집을 런칭하고 엄청난 성공을 한후에...,https://kin.naver.com/qna/detail.naver?d1id=5&dirId=50601&docId=456848294&qb=7Iqk66eI7Yq47Iqk7Yag7Ja0IOyEseqztQ==&enc=utf8,,0,0,3,0,3,False
스마트스토어 성공,스마트스토어,스마트스토어사업자통장궁금증,... 유니크한 상품 라인업이나 특별한 이벤트 등을 통해 경쟁사와의 차별화를 시도해보세요. 이런 팁들을 참고하시면 스마트스토어 사업을 좀 더 효과적으로 운영하실 수 있을 것입니다. 성공을 기원합니다!,https://kin.naver.com/qna/detail.naver?d1id=5&dirId=511&docId=450093088&qb=7Iqk66eI7Yq47Iqk7Yag7Ja0IOyEseqztQ==&enc=utf8,,0,2,3,2,3,False
스마트스토어 성공,기타,스마트 스토어 창업,스마트 스토어를 창업 하고 싶은데 제가 미성년자이기도 하고 자세히 아는건 하나도 없어서 질문드려요 ㅜㅜ 1.... 대중적인 것이다 보니 경쟁제품과 특별한 차별점이 없으면 성공 가능성이 없습니다 감사합니다. 참고가 되었으면 합니다,https://kin.naver.com/qna/detail.naver?d1id=5&dirId=50603&docId=467448006&qb=7Iqk66eI7Yq47Iqk7Yag7Ja0IOyEseqztQ==&enc=utf8,,0,0,3,2,1,False
스마트스토어 성공,기타,스마트 스토어 해볼만 한가요?,요새 스마트 스토어 많이 해서 저도 도전해볼까 하는데 스마트 스토어 해볼만 한가요? 이런거 해본적이 없어서... 이러한 전쟁터에 남들보다 많은 공부와 준비 없이 뛰어든다는 것은 성공하기 어렵다는 게 불 보듯 뻔한 상황입니다....,https://kin.naver.com/qna/detail.naver?d1id=1&dirId=1060110&docId=441024840&qb=7Iqk66eI7Yq47Iqk7Yag7Ja0IOyEseqztQ==&enc=utf8,,0,0,3,0,3,False
스마트스토어 성공,스마트스토어,스마트스토어교육 어디서들 받나요?,혼자서는 너무 힘들어서 스마트 스토어교육을 좀 받으려고 해요. 좀 검색해 보니 전부 광고들만 있는 거 같은 데... 성공비즈니스 응원드려요. 궁금하신점은 언제든지 질문 주세요.^^ 좋아요 꼭 한번만 살짝 눌러주세요. 행복한...,https://kin.naver.com/qna/detail.naver?d1id=1&dirId=1060110&docId=468784612&qb=7Iqk66eI7Yq47Iqk7Yag7Ja0IOyEseqztQ==&enc=utf8,,0,2,3,4,1,False
스마트스토어 성공,콘텐츠,네이버 스마트 스토어 광고마케팅 필요할까요,... 스마트 스토어 광고마케팅의 필요성은 상황에 따라 다를 수 있습니다. 하지만 인스타그램으로 이미 많은 고객을... 앞으로 더 많은 성공을 창출하시길 바랍니다. ♥♥♥♥답변에 만족하셨다면 채택을 추가로 궁금하신점이...,https://kin.naver.com/qna/detail.naver?d1id=5&dirId=511&docId=455005307&qb=7Iqk66eI7Yq47Iqk7Yag7Ja0IOyEseqztQ==&enc=utf8,,0,0,3,2,1,False
스마트스토어 성공,스마트스토어,스마트스토어 창업 하려구요,... 질문자님 요즘 스마트스토어도 레드오션이에요.. 그만큼 많이 시작하시고 접으신다는 뜻입니다. 그만큼 창업준비를 하시면서 철저하게 준비해도 성공비율이 어느정도 되시는지 알아보세요.. 또한 이왕 하실거면 지금은 본업을...,https://kin.naver.com/qna/detail.naver?d1id=4&dirId=40701&docId=391760662&qb=7Iqk66eI7Yq47Iqk7Yag7Ja0IOyEseqztQ==&enc=utf8,,0,2,3,2,3,False
스마트스토어 성공,기타,스마트 스토어 통신판매업 관련,스마트 스토어 지금 막 개설만 해논상태인데 통신판매업 꼭 지금 신청해야 하나요.? 아니면 통신판매업은 안해도 되는... 신뢰를 높일 수 있습니다. 브랜드 가치를 높이고 경쟁력을 강화하는 데 도움이 됩니다. 성공사업 되시길 바래요.^^~,https://kin.naver.com/qna/detail.naver?d1id=4&dirId=40701&docId=467367519&qb=7Iqk66eI7Yq47Iqk7Yag7Ja0IOyEseqztQ==&enc=utf8,,0,0,3,0,3,False
스마트스토어 성공,스마트스토어,스마트스토어질문,"... 등록증은 세무서에 신분증, 사업자 소재지 계약서 통신판매업은 구청(경제과 등)에 사업자 등록증과 도메인 주소(스마트스토어 주소), 구매안전확인증(스마트스토어관리자센터 발급) 잘 준비하셔서 성공창업 하시길 바라겠습니다.",https://kin.naver.com/qna/detail.naver?d1id=1&dirId=1060110&docId=342855576&qb=7Iqk66eI7Yq47Iqk7Yag7Ja0IOyEseqztQ==&enc=utf8,,0,2,3,2,3,False
스마트스토어 성공,기타,스마트 스토어 주문 통합,... 네이버 스마트 스토어를 오픈했는데 기존에 운영하던 홈페이지와 시스템이 좀 달라서 여러가지 불편함을... 찾아봐도 관련 내용이 잘 안나오네요 ㅠㅠ 성공하는 창업의 모든것 성창모입니다 선생님께서 원하시는 정보는 저희...,https://kin.naver.com/qna/detail.naver?d1id=1&dirId=1060110&docId=383009392&qb=7Iqk66eI7Yq47Iqk7Yag7Ja0IOyEseqztQ==&enc=utf8,,0,0,3,0,3,False
스마트스토어 성공,스마트스토어,스마트스토어판매 허가질문입니다,... 스마트스토어 전문가 비즈매니저입니다. 가공식품의 허가의 기준은 까다롭습니다. 1. 제조업 2. 품목제조보고대장 3. 영양성분검사 4. 포장제 시험성적서 잘 준비하셔서 성공창업 하시길 바랍니다.,https://kin.naver.com/qna/detail.naver?d1id=4&dirId=40701&docId=352795905&qb=7Iqk66eI7Yq47Iqk7Yag7Ja0IOyEseqztQ==&enc=utf8,,0,2,3,2,3,False
스마트스토어 성공,스마트스토어,스마트스토어 판매 질문 드립니다,... 저는 기존 유럽 제품(의류)을 제가 에이전트가 되서 네이버 스마트스토어에 구매대행 하고자 합니다. 저 같은 비즈니스 모델로 성공한 참고할만한 브랜드가 있을까요? 안녕하세요 네이버 스마트스토어 해외구매대해 판매 4년차...,https://kin.naver.com/qna/detail.naver?d1id=1&dirId=1060110&docId=401256822&qb=7Iqk66eI7Yq47Iqk7Yag7Ja0IOyEseqztQ==&enc=utf8,,0,2,3,2,3,False
스마트스토어 성공,스마트스토어,스마트스토어 신용카드 질문이요!,안녕하세요 미루고미뤘던 스마트스토어를 시작하려고 준비중인 사람입니다 근데 알아보니 사업용 신용카드가... 누구나 쉽게 따라 할수 있는 특별한 시스템으로 팀의 도움을 받아 손쉽게 성공할 수 있습니다 3.하루1시간 자유로운...,https://kin.naver.com/qna/detail.naver?d1id=4&dirId=40104&docId=428594433&qb=7Iqk66eI7Yq47Iqk7Yag7Ja0IOyEseqztQ==&enc=utf8,,0,2,3,2,3,False
스마트스토어 성공,스마트스토어,스마트스토어 창업 질문입니다!!,... 수제청 스마트스토어 창업시 작업장 크기는 상관이 있나요? 안녕하세요 :) 혹시 장사의신 이라는 유튜버 알고계신가요? 장사의신 이라는 유튜버로 후라이드참잘하는집 이라는 프렌차이즈 치킨집을 런칭하고 엄청난 성공을 한후에...,https://kin.naver.com/qna/detail.naver?d1id=4&dirId=40701&docId=462505947&qb=7Iqk66eI7Yq47Iqk7Yag7Ja0IOyEseqztQ==&enc=utf8,,0,2,3,2,3,False
스마트스토어 성공,기타,스마트 스토어 구매 대행,... 온라인 스마트 스토어 운영을 준비해 보려고 합니다.. 업체를 통해서 구매 대행을 통해서 진행해 보려고 하는데요... 요즘은 많은 분들이 온라인 스토어를 운영하며 성공을 추구하고 있습니다. 작은 규모의 온라인 스토어가 성장하며...,https://kin.naver.com/qna/detail.naver?d1id=1&dirId=1060110&docId=452100580&qb=7Iqk66eI7Yq47Iqk7Yag7Ja0IOyEseqztQ==&enc=utf8,,0,0,3,0,3,False
스마트스토어 성공,스마트스토어,스마트스토어 공부 책,스마트스토어에 관심이 많아요 만드는법부터 차근차근 기초부터 공부하고 싶은데 유용한 책좀 추천바랍니다... 직접 상품등록해보고!! 실행해보시는 걸 추천해요!!! 하면서 배워가는 것 같아요!!!!! 꼭 온라인창업 성공하시길 응원합니다!!!!,https://kin.naver.com/qna/detail.naver?d1id=11&dirId=110702&docId=428514987&qb=7Iqk66eI7Yq47Iqk7Yag7Ja0IOyEseqztQ==&enc=utf8,,0,2,3,2,3,False
스마트스토어 성공,스마트스토어,스마트스토어 창업 질문이요~,스마트스토어 창업에 관심이있는데 어떤 시스템인지.잘 이해가 안가서요~ 어떤 물건을.제가.파는건가요??? 안녕하세요... 장사의신 이라는 유튜버로 후라이드참잘하는집 이라는 프렌차이즈 치킨집을 런칭하고 엄청난 성공을 한후에...,https://kin.naver.com/qna/detail.naver?d1id=4&dirId=40701&docId=462696125&qb=7Iqk66eI7Yq47Iqk7Yag7Ja0IOyEseqztQ==&enc=utf8,,0,2,3,2,3,False
스마트스토어 성공,기타,스마트 스토어관련 영업신고 질문입니다.,... 현재 스마트 스토어에서 화장품과 식품 (청 종류) 판매를 준비하는 사람입니다. 세무서에 가서 사업자 등록증을... 책임판매업 창업은 제조판매업자 등록만 제외하면 각 단계의 절차와 방법이 동일합니다 귀하의 성공창업을 기원합니다,https://kin.naver.com/qna/detail.naver?d1id=4&dirId=407&docId=437358525&qb=7Iqk66eI7Yq47Iqk7Yag7Ja0IOyEseqztQ==&enc=utf8,,0,0,3,2,1,False
스마트스토어 성공,스마트스토어,스마트스토어 노출 질문,안녕하세요 스마트스토어에 상품 등록했는데 아무리 검색해도 안나오는데 뭐가 문제일까요??ㅠ 노출되려면 상품명... 수정작성해 보세요 상품등록하는데 심혈을 키워야 하는 이유가 노출이거든요 상위노출하시고 성공하시기 바랍니다,https://kin.naver.com/qna/detail.naver?d1id=1&dirId=1060110&docId=438786234&qb=7Iqk66eI7Yq47Iqk7Yag7Ja0IOyEseqztQ==&enc=utf8,,0,2,3,2,3,False
스마트스토어 성공,스마트스토어,스마트스토어 이름을 따라하는 사람 처벌할수 있나요?,"스마트스토어 이름을 똑같이 따라하는 사람이 있어요 저한테 허락을 구한적도 없고 제가 파는것보다 훨씬 퀄리티... * 단기적인 관계가 아닌, 성공을 위해 함께 성장하는 파트너를 찾으시는 분. 관련해서 더 궁금한 점이 있다면 아래...",https://kin.naver.com/qna/detail.naver?d1id=6&dirId=60205&docId=412346888&qb=7Iqk66eI7Yq47Iqk7Yag7Ja0IOyEseqztQ==&enc=utf8,,0,2,3,2,3,False
스마트스토어 성공,스마트스토어,스마트스토어 이름 추천,"네이버 스마트스토어&쿠팡에 팔건데 의류,식품,뷰티를 주로 팔건데 이름 추천해주세요 안녕하세요, 브랜드 네이밍을 전문으로 하는 브랜베베입니다. 작성해주신 질문을 읽고 답변드립니다.상호명 짓기는 브랜드의 성공과 실패를...",https://kin.naver.com/qna/detail.naver?d1id=1&dirId=1060110&docId=455729904&qb=7Iqk66eI7Yq47Iqk7Yag7Ja0IOyEseqztQ==&enc=utf8,,0,2,3,4,1,False
스마트스토어 성공,기타,네이버 스마트 스토어 창업 질문 드립니다.,... 1.기존 오프라인 카페 사업자로 스마트 스토어 가능 한가요? 2.만약 가능 하다면 오프라인 매장과 상호명을... 장사의신 이라는 유튜버로 후라이드참잘하는집 이라는 프렌차이즈 치킨집을 런칭하고 엄청난 성공을 한후에 건강악화로...,https://kin.naver.com/qna/detail.naver?d1id=4&dirId=40701&docId=462312952&qb=7Iqk66eI7Yq47Iqk7Yag7Ja0IOyEseqztQ==&enc=utf8,,0,0,3,2,1,False
스마트스토어 성공,스마트스토어,경기도 사업 성공 확률(일반 20대 회사원보다 더 많이...,... 또 진짜 모든 게 다 평범한 조건에 두고 아이템도 평범한 걸로 가게 하나를 차려서 사업한다면 성공확률은 몇퍼일가요? 안녕하세요!! 스마일민 입니다. 온라인마케팅 멘토 스마트스토어 강사 스마트스토어 멘토 ■■■ 질문에 대한...,https://kin.naver.com/qna/detail.naver?d1id=4&dirId=407&docId=445588544&qb=7Iqk66eI7Yq47Iqk7Yag7Ja0IOyEseqztQ==&enc=utf8,,0,2,3,2,3,False
스마트스토어 성공,스마트스토어,스마트스토어 에서 제 상품이 자꾸 하위에 있어요,... 거나 책을 통해서 조금은 마케팅방법을 알고 접근하셔야 할 것 같습니다. 아래의 책을 추천드리니 한번 읽어보시면 좋겠습니다. 네이버 스마트스토어 실전 마케팅 최재혁 다온북스 2019.03.27. 성공하시길 바랍니다. 화이팅!!,https://kin.naver.com/qna/detail.naver?d1id=1&dirId=1060110&docId=325105739&qb=7Iqk66eI7Yq47Iqk7Yag7Ja0IOyEseqztQ==&enc=utf8,,0,2,3,2,3,False
스마트스토어 성공,스마트스토어,커피 스마트스토어 질문,스마트 스토어를 개설해서 커피 판매를 하려고하는데 제 브랜드화를 시켜서 팔려고합니다. 여기서 방식은... 받으신 내용을 기재하시고 유통업체를 질문자님의 회사 혹은 브랜드로 판매를 하셔야 합니다. 성공판매를 기원합니다~,https://kin.naver.com/qna/detail.naver?d1id=4&dirId=40701&docId=421519969&qb=7Iqk66eI7Yq47Iqk7Yag7Ja0IOyEseqztQ==&enc=utf8,,0,2,3,2,3,False
스마트스토어 성공,스마트스토어,스마트스토어,"요즘 스마트스토어가 유행이던데 정말 잘되는건가요? 안녕하세요. 질문자님의 고민을 한 번에 해결해드리는 ""링고핑고""입니다. 어려워서 실패하는 경우도 있고 성공하시는 경우도 있습니다. 잘 알아보시고 시작을 하시길...",https://kin.naver.com/qna/detail.naver?d1id=1&dirId=107040203&docId=385015558&qb=7Iqk66eI7Yq47Iqk7Yag7Ja0IOyEseqztQ==&enc=utf8,,0,2,3,2,3,False
스마트스토어 성공,스마트스토어,스마트스토어상표 필수인가요?,"안녕하세요 스마트스토어 사업준비중이에요. 이왕이면 한제품이라도 여러 채널로 판매하면 좋을것 같아서 알아보던... * 단기적인 관계가 아닌, 성공을 위해 함께 성장하는 파트너를 찾으시는 분. 상표등록 관련해서 더 궁금한 점이...",https://kin.naver.com/qna/detail.naver?d1id=6&dirId=60205&docId=408981254&qb=7Iqk66eI7Yq47Iqk7Yag7Ja0IOyEseqztQ==&enc=utf8,,0,2,3,2,3,False
스마트스토어 성공,기타,도와주세요ㅠ스마트 스토어 창업시 통신판매업신고,스마트 스토어에서 의류판매를 시작해보려고 사업자 등록증까지 나온 상태입니다. (간이 과세자) 로 업태 : 도매및... 장사의신 이라는 유튜버로 후라이드참잘하는집 이라는 프렌차이즈 치킨집을 런칭하고 엄청난 성공을 한후에...,https://kin.naver.com/qna/detail.naver?d1id=4&dirId=40701&docId=462080845&qb=7Iqk66eI7Yq47Iqk7Yag7Ja0IOyEseqztQ==&enc=utf8,,0,0,3,2,1,False
스마트스토어 성공,기타,스마트 스토어 사업자 상호 저작권 질문드립니다.,"... 더 자세한 내용이나 고객님의 상황에 맞는 구체적인 조언이 필요하시다면, 언제든 편하게 연락 주세요. 특허법인 테헤란이 고객님의 성공을 위한 든든한 파트너가 되어드리겠습니다.",https://kin.naver.com/qna/detail.naver?d1id=6&dirId=60205&docId=461205088&qb=7Iqk66eI7Yq47Iqk7Yag7Ja0IOyEseqztQ==&enc=utf8,,0,0,3,2,1,False
스마트스토어 성공,스마트스토어,스마트스토어운영대행업체,괜찮은스마트스토어운영대행업체를찾고있습니다. 추천좀해주세요ㅜㅜ 안녕하세요 질문자님 온라인 홍보를 찾고... 사장님께서도 온라인 홍보에 꼭 성공하셔서 사업이 번창하시길 기원합니다^^ 제가 소개시켜드릴...,https://kin.naver.com/qna/detail.naver?d1id=1&dirId=1060110&docId=411685288&qb=7Iqk66eI7Yq47Iqk7Yag7Ja0IOyEseqztQ==&enc=utf8,,0,2,3,4,1,False
스마트스토어 성공,기타,스마트 스토어 지재권 및 상표등록 허가를 받은 독점...,"... 한국 사업자가 아닌 해외 사업자로 스마트 스토어에 입점한 업체에서 제목과 관련된 해외 현지 상품을 직구 형태로... * 단기적인 관계가 아닌, 성공을 위해 함께 성장하는 파트너를 찾으시는 분. 관련해서 더 궁금한 점이 있다면 아래...",https://kin.naver.com/qna/detail.naver?d1id=6&dirId=60205&docId=424223896&qb=7Iqk66eI7Yq47Iqk7Yag7Ja0IOyEseqztQ==&enc=utf8,,0,0,3,2,1,False
스마트스토어 성공,스마트스토어,스마트스토어 위탁판매시 배송료 질문입니다,안녕하세요 스마트스토어 시작한지 얼마안된 초보입니다ㅜ 다름이 아니라 도매상품을 위탁판매로 먼저 시작했는데... 경쟁력있는 상품과 가격으로 판매자님의 성공을 기원합니다. 가온365는 단 1개의 상품도 도매가로 판매하고...,https://kin.naver.com/qna/detail.naver?d1id=1&dirId=1060110&docId=356100349&qb=7Iqk66eI7Yq47Iqk7Yag7Ja0IOyEseqztQ==&enc=utf8,,0,2,3,2,3,False
스마트스토어 성공,스마트스토어,네이버스마트스토어개설,... 스마트스토어 전문가 비즈매니저입니다. 1. 사업자를 내서 하실 경우 농산물과 유정란 뿐만 아니라 모든 상품을... 잘 준비하셔서 성공창업하시길 바라며 운영하시다 궁금하신건 언제든지 질문주시기 바랍니다.,https://kin.naver.com/qna/detail.naver?d1id=11&dirId=111608&docId=379256808&qb=7Iqk66eI7Yq47Iqk7Yag7Ja0IOyEseqztQ==&enc=utf8,,0,2,3,4,1,False
스마트스토어 성공,기타,네이버 스마트 스토어 해외구매대행,"... 네이버 스마트 스토어 사업자 가입 , 세금 완료 까지가 지금 까지 완료한 상황입니다 그리고 지금 부터 제가... 좋은 배대지만 섭외를 하셔도 절반은 성공하게 되는겁니다. 그외의 관련 규정들과 명칭등의 설명들은 너무나 많아서...",https://kin.naver.com/qna/detail.naver?d1id=4&dirId=40701&docId=403752162&qb=7Iqk66eI7Yq47Iqk7Yag7Ja0IOyEseqztQ==&enc=utf8,,0,0,3,0,3,False
스마트스토어 성공,기타,공무원인데 네이버 스마트 스토어 운영 가능한가요?,"공무원인데 네이버 스마트 스토어 운영 가능한가요? 인사드립니다! 성공하는 창업의 모든것 ""성창모""입니다! 선생님께서 원하시는 정보는 저희 카페에서 해결하실 수 있도록 노력하겠습니다. 이렇게 갑작스럽게 글을 남겨서...",https://kin.naver.com/qna/detail.naver?d1id=4&dirId=410&docId=382947815&qb=7Iqk66eI7Yq47Iqk7Yag7Ja0IOyEseqztQ==&enc=utf8,,0,0,3,0,3,False
스마트스토어 성공,기타,네이버 스마트 스토어 만들어서 구매대행 사업...,... 하여야 스마트 스토어 운영을 할수 있나요? 그리고 이런 서류들을 어디서 받아와야 하나요? 2. 구매대행을 통해... 부담이나 성공할 수 있을까하는 부담감으로 인해 고민되실 수 있을거라 생각하는데요~ 함께 성장해나가는 것이...,https://kin.naver.com/qna/detail.naver?d1id=4&dirId=40701&docId=351075946&qb=7Iqk66eI7Yq47Iqk7Yag7Ja0IOyEseqztQ==&enc=utf8,,0,0,3,0,3,False
스마트스토어 성공,스마트스토어,스마트스토어,... 나온 서류을 어디서 구하고 어디에 제출하는지 알려주세요 안녕하세요. 스마트스토어 전문가 비즈매니저입니다. 스마트스토어 판매자센터에서 입점 신청하시면서 서류 제출하시기 바랍니다. 준비 잘하셔서 성공창업 하시길 바랍니다.,https://kin.naver.com/qna/detail.naver?d1id=1&dirId=1060110&docId=351517372&qb=7Iqk66eI7Yq47Iqk7Yag7Ja0IOyEseqztQ==&enc=utf8,,0,2,3,2,3,False
스마트스토어 성공,스마트스토어,질문드립니다! 스마트스토어 사입!,안녕하세요 스마트스토어를 준비중인 사람입니다. 다름이 아니라 대기업은 당연히 사입이 안된다는것도 알고... 결론은 니즈보다는 내가 너에 물건을 이러이러해서 많이 팔아줄수 있다는 뭔가를 내세울때 성공확률이 높습니다. 개인이...,https://kin.naver.com/qna/detail.naver?d1id=4&dirId=40701&docId=364228968&qb=7Iqk66eI7Yq47Iqk7Yag7Ja0IOyEseqztQ==&enc=utf8,,0,2,3,2,3,False
스마트스토어 성공,스마트스토어,"스마트스토어,온라인 오픈마켓 알려주세요",... 온라인 오픈마켓.스마트스토어 판매자 97%가 1년안에 망하고 있습니다. 온라인에서 진행하는 모든 것에는 다 돈이... 알아가도 성공! 네이버 키워드 광고 왜 돈 주고 하나! 똑 같은 키워드 광고 돈 안주고 하자! 네이버 키워드 광고...,https://kin.naver.com/qna/detail.naver?d1id=4&dirId=40401&docId=321523614&qb=7Iqk66eI7Yq47Iqk7Yag7Ja0IOyEseqztQ==&enc=utf8,,0,2,3,2,3,False
스마트스토어 성공,스마트스토어,네이버 스마트 스토어 또는 온라인 식품 판매 관련 질문,... 스마트스토어 전문가 비즈매니저입니다. 쿠키를 직접 만들어서 스마트스토어에 판매하실 계획이신거 같은데요.... 품목제조보고대장 3. 영양성분검사 4. 포장지 시험성적서 잘 준비하셔서 성공창업하시길 바랍니다.,https://kin.naver.com/qna/detail.naver?d1id=1&dirId=1060110&docId=401929472&qb=7Iqk66eI7Yq47Iqk7Yag7Ja0IOyEseqztQ==&enc=utf8,,0,2,3,2,3,False
스마트스토어 성공,스마트스토어,"스마트스토어 사업, 도매 매입 관련 질문","... 단, 도매업체에서 패키지구서을 못하게하는경우 가 간혹있을수 있으니 사입할때 그점을 확인하시면됩니다 법적으로 문제가되거나 하는건 전혀없습니다 성공창업하시길 바래요 자영업 연합커뮤니티 입니다. 창업준비는 카페오셔서...",https://kin.naver.com/qna/detail.naver?d1id=4&dirId=40701&docId=432969720&qb=7Iqk66eI7Yq47Iqk7Yag7Ja0IOyEseqztQ==&enc=utf8,,0,2,3,2,3,False
스마트스토어 성공,스마트스토어,스마트스토어 위탁판매 질문,스마트 스토어로 위탁판매 진행해보려 합니다. 사업자는 어떻게 내야하며(업종? 등) 위탁판매 순서나 방법좀... 대해 궁금하시다면 메일 주세요... 효율적인 사업방법에 대해 도움드리겠습니다.. ********@naver.com 님의 성공을 기원합니다^^,https://kin.naver.com/qna/detail.naver?d1id=4&dirId=40701&docId=465705147&qb=7Iqk66eI7Yq47Iqk7Yag7Ja0IOyEseqztQ==&enc=utf8,,0,2,3,4,1,False
스마트스토어 성공,기타,스마트 스토어 창업 준비중인데 사업자 등록 후 세금,"... 후라이드참잘하는집 이라는 프렌차이즈 치킨집을 런칭하고 엄청난 성공을 한후에 건강악화로 인한 은퇴후 유튜버로써 자영업자 분들을 도와주시는 분인데 네이버 카페를 만들어서 창업에 관련한 정보 (창업비용,인테리어비용...",https://kin.naver.com/qna/detail.naver?d1id=4&dirId=40701&docId=455094370&qb=7Iqk66eI7Yq47Iqk7Yag7Ja0IOyEseqztQ==&enc=utf8,,0,0,3,0,3,False
스마트스토어 성공,기타,스마트 스토어 위탁배송할 때 배송비요,... 지금 내가 망설이는 순간에도 다른 누군가는 이 일을 선택하고 성공의 길로 향하고 있는데 가만히 계시면 절대 안되요ㅠㅠ 이 기회에 제대로 한번 알아보시고 이제 저희도 노동탈출 꿈꿔보자구요! 제가 이 사업을 선택한 이유에 대해...,https://kin.naver.com/qna/detail.naver?d1id=4&dirId=40701&docId=392636618&qb=7Iqk66eI7Yq47Iqk7Yag7Ja0IOyEseqztQ==&enc=utf8,,0,0,3,0,3,False
스마트스토어 성공,스마트스토어,스마트스토어 해외구매대행 질문있어요!,... 안녕하세요~ 해외구매대행사업자 요즘 엄청 많은데 혼자서 성공하실수있으시겠어요? 해보시면 아시겠지만 만만한건 아닙니다 9년차 사업자라~ 유트브쪽보시고 하시는것같은데.. 해보시면 아실거에여~ 중국배송대행지라고...,https://kin.naver.com/qna/detail.naver?d1id=1&dirId=1060110&docId=376032176&qb=7Iqk66eI7Yq47Iqk7Yag7Ja0IOyEseqztQ==&enc=utf8,,0,2,3,2,3,False
스마트스토어 성공,기타,네이버 스마트 스토어에서 핸드폰 바탕화면 이미지...,"... 제품을 배송하지 않고 이메일로 전송하는 형태이므로 상표 등록 대신 이미지 저작물 등록으로 충분합니다. 이제 판매하려는 이미지를 등록하고, 해당 사이트에 상품을 등록하여 판매하시면 될 것 같습니다. 성공을 빌어요!",https://kin.naver.com/qna/detail.naver?d1id=1&dirId=1060110&docId=457040316&qb=7Iqk66eI7Yq47Iqk7Yag7Ja0IOyEseqztQ==&enc=utf8,,0,0,3,0,3,False
스마트스토어 성공,스마트스토어,초보창업 성공할수 있을까요? 돈도 없,초보창업 성공할수 있을까요? 돈도 없고 초보라 모르는게 많아서 글올렸어요 창업아이템도 없고 .. 호프집이나 그런... 소자본으로 안전하게 시작할 수 있는 창업으로 스마트스토어 위탁판매 창업을 추천드립니다. 저희 오너클랜은...,https://kin.naver.com/qna/detail.naver?d1id=4&dirId=40703&docId=359461728&qb=7Iqk66eI7Yq47Iqk7Yag7Ja0IOyEseqztQ==&enc=utf8,,0,2,3,2,3,False
스마트스토어 성공,스마트스토어,상표권 관련 질문드립니다.,"스마트스토어와 에이블리를 통해 24년11월부터 제품을 판매중입니다, 그냥 무지한 상태로 판매를 하다 최근에 상표권... 마크하다는 3천명 이상의 성공 사업자가 선택한 신속하고 편리하게 이용하는 온라인 사이트 입니다. 상표등록 업무...",https://kin.naver.com/qna/detail.naver?d1id=6&dirId=60205&docId=489976663&qb=7Iqk66eI7Yq47Iqk7Yag7Ja0IOyEseqztQ==&enc=utf8,,0,2,3,2,3,False
스마트스토어 성공,기타,제가 중학교3학년인데요 지금 돈도 10만원밖에 없어서...,... 셀러 스마트 스토어/ 아이디어스 통해 위탁 판매나 주문 제작 방식으로 재고 부담 없이 시작 하시는 것으로... 성공 사례: KB Think에서 청소년 창업 성공 사례 및 노하우 확인. 3. 핵심 팁 아이디어 우선: 자본보다 아이디어와 실행력이...,https://kin.naver.com/qna/detail.naver?d1id=12&dirId=12091208&docId=493033750&qb=7Iqk66eI7Yq47Iqk7Yag7Ja0IOyEseqztQ==&enc=utf8,,0,0,6,0,6,False
스마트스토어 성공,스마트스토어,암 수술성공 확률 높이는 법 좀 알려주세요,"... 수술성공 확률 높이는 법 이나 암 일때 피해야하는 음식, 먹어야하는 음식, 해야하는 것 등 암 환자한테... 그리고 이 영양사분이 운영하는 '암환자 식품' 네이버 스마트스토어인 '이뮨오푸드'도 있습니다 방문해 보세요...",https://kin.naver.com/qna/detail.naver?d1id=7&dirId=70116&docId=435825720&qb=7Iqk66eI7Yq47Iqk7Yag7Ja0IOyEseqztQ==&enc=utf8,,0,2,3,2,3,False
스마트스토어 성공,스마트스토어,스마트스토어 초보셀러 세금 등 기초질문 드립니다.,"... 스마트 스토어에 엑셀로 내보내기 기능이있는데, 거기 엑셀 양식에 익숙해지시거나 아니면 본인만의 양식을... 나중에 총 세금처리 했을때 내가 쓴 기록이랑 예상 기록이 대충 몇 %(기준은 본인만의 것) 안으로 들어오면 성공입니다 4....",https://kin.naver.com/qna/detail.naver?d1id=4&dirId=40701&docId=477508730&qb=7Iqk66eI7Yq47Iqk7Yag7Ja0IOyEseqztQ==&enc=utf8,,0,2,3,2,3,False
스마트스토어 성공,스마트스토어,"두쫀쿠 디저트, 직접 만들어 보신 분 계신가요?","... 실패 없이 성공할 수 있는 꿀팁이나 레시피 추천도 환영입니다! 요즘 두쫀쿠 인기가 정말 어마어마하죠!... 마켓컬리, 스마트스토어 등 '카다이프', '카타이피면'으로 검색하면 냉동 or 건조 제품 나옵니다. ✔ 피스타치오 크림...",https://kin.naver.com/qna/detail.naver?d1id=5&dirId=50502&docId=491486009&qb=7Iqk66eI7Yq47Iqk7Yag7Ja0IOyEseqztQ==&enc=utf8,,0,2,3,2,3,False
스마트스토어 성공,스마트스토어,포용계를 해보고 싶은데 자세히 알려주세요,"... 배송:** - 스마트스토어에서는 택배사와 협력해 배송을 처리합니다. 택배사의 배송 방법을 선택할 수 있어, 반택이나 우체국 택배 중 편한 방법을 선택하면 돼요. 도전적인 일이지만, 끊임없는 노력과 열정이 있으면 성공할 수 있을...",https://kin.naver.com/qna/detail.naver?d1id=4&dirId=40701&docId=461669758&qb=7Iqk66eI7Yq47Iqk7Yag7Ja0IOyEseqztQ==&enc=utf8,,0,2,3,2,3,False
스마트스토어 성공,스마트스토어,"인스타그램 shop 연결,연동",... (물론 몇몇 분들께서 스마트스토어를 연동 성공한 사례가 있긴 한데.. 공개된 팁들은 따로 없네요) 추가적으로 인스타 관련 궁금하신 부분 있으시면 크박이라는 커뮤니티에서 많이들 도움 얻으시더라고요. 혹시나 도움이 되실까하여...,https://kin.naver.com/qna/detail.naver?d1id=1&dirId=1061203&docId=465946394&qb=7Iqk66eI7Yq47Iqk7Yag7Ja0IOyEseqztQ==&enc=utf8,,0,2,3,2,3,False
스마트스토어 성공,스마트스토어,일반과세 사업자가 부업으로 해외구매대행할때 궁금한...,... 부업으로 스마트스토어 해외구매대행을 해보려고 하는데 너무 막막해서 몇가지 질문드려요:) 1. 현재 산업용품 도.... 저는 항상 당신의 성공을 응원합니다! 문제가 있거나 도움이 필요하면 언제든지 저에게 말씀해주세요. 힘내세요!...,https://kin.naver.com/qna/detail.naver?d1id=4&dirId=40703&docId=453092988&qb=7Iqk66eI7Yq47Iqk7Yag7Ja0IOyEseqztQ==&enc=utf8,,0,4,3,4,3,False
스마트스토어 성공,스마트스토어,학교공부를 포기하고 사업하려는데 어떻게 생각하시나요,"... 지금 스마트스토어부터 시작 해보려 준비하고있어요 저는 그저 단지 여러분들의 생각이 궁금합니다 스마트스토어... 하되, 온라인 공부도 조금씩 해보는 것을 추천드려요 ^^ 벌써부터 생각이 멋지네요 ~ 꼭 성공하시기를 응원합니다 !!",https://kin.naver.com/qna/detail.naver?d1id=4&dirId=407&docId=473956950&qb=7Iqk66eI7Yq47Iqk7Yag7Ja0IOyEseqztQ==&enc=utf8,,0,2,3,4,1,False
스마트스토어 성공,스마트스토어,Sns 마켓 공동구매 시 세금 비용처리 관련 질문,"... 이번에 진행하게 된 공동구매에서 제가 스마트스토어에서 판매페이지를 개설하게 되었어요. 이런 경우... ✔ 유명 유투버 등 성공한 사업가들이 테헤란을 선택한 데에는 분명히 이유가 있기에, 대표님께서도 성공의 가도에 올라서신...",https://kin.naver.com/qna/detail.naver?d1id=4&dirId=401&docId=472886436&qb=7Iqk66eI7Yq47Iqk7Yag7Ja0IOyEseqztQ==&enc=utf8,,0,2,3,2,3,False
스마트스토어 성공,기타,족저근막염 자연치료 성공 후기,... 맘이 아프네요 이쁜 발이...ㅜㅜ 제가 스마트 스토어 오픈을 하면서 발이 아프신 분들이 꼭 수술이 아니라... 제 스마트 스토어에서도 이 지압 슬리퍼를 판매하고 있어요 좋은건 자신있게 많은 사람들과 함께 나누고싶은 마음인것...,https://kin.naver.com/qna/detail.naver?d1id=7&dirId=70106&docId=394086789&qb=7Iqk66eI7Yq47Iqk7Yag7Ja0IOyEseqztQ==&enc=utf8,,0,0,3,0,3,False
스마트스토어 성공,스마트스토어,해외에서 먹어본 과자를 국내에 사업으로판매하고...,... 국내에 이 제품을 런칭하려고 한다면 어찌해야하는지 절차가 자세하게 궁금합니다 성공할거라는 자신은... 네이버 스마트스토어 구축(식품안전정보 표시) 5. 법적 리스크 관리 지식재산권: 상표출원(특허청 45류 등록) 디자인권...,https://kin.naver.com/qna/detail.naver?d1id=4&dirId=40701&docId=483850131&qb=7Iqk66eI7Yq47Iqk7Yag7Ja0IOyEseqztQ==&enc=utf8,,0,2,3,2,3,False
스마트스토어 성공,스마트스토어,1인 창업 질문합니다,... 그래서 돈에 대한 그 소중함을 너무 잘알기 때문에 팔 다리 부셔져도 성공하겠다는 굳은 다짐을 했습니다 처음부터... 부가적으로 스마트스토어 까지 해보려고 합니다 배송업무는 기사 사무실에 수수료를 제공하며 할 생각이고...,https://kin.naver.com/qna/detail.naver?d1id=4&dirId=40701&docId=403711556&qb=7Iqk66eI7Yq47Iqk7Yag7Ja0IOyEseqztQ==&enc=utf8,,0,2,3,2,3,False
스마트스토어 성공,스마트스토어,스마트스토어 창업 상품소싱 방법 궁금합니다,... 한곳에 공급 물건들이 다 모여있고 매칭도 해주니까 따로 발품팔지 않아도 되서 편해요^^ 아무쪼록 제 답글이 도움이 되셨길 바라구.. 스마트스토어 창업 성공하셔서 코로나 이겨내시길 바랄게요! 화이팅!,https://kin.naver.com/qna/detail.naver?d1id=11&dirId=110307&docId=399927475&qb=7Iqk66eI7Yq47Iqk7Yag7Ja0IOyEseqztQ==&enc=utf8,,0,2,3,2,3,False
스마트스토어 성공,스마트스토어,사업관련 질문,"... 우선은 옥션중고장터, 번개장터, 중고나라, 네이버 스마트스토어 이렇게 등록해 보시고 잘 되면 그때 사업자 등록을... 감이 안잡혔다는건 아직 시작도 못했다는거고.. 홍보도 전혀 안되어 있는데 과연 사업적 성공이 가능할까요.",https://kin.naver.com/qna/detail.naver?d1id=4&dirId=407&docId=490852836&qb=7Iqk66eI7Yq47Iqk7Yag7Ja0IOyEseqztQ==&enc=utf8,,0,2,3,2,3,False
스마트스토어 성공,스마트스토어,진로 사주좀 봐주세요ㅜㅜ 진로 추천좀요,"공부는 제 길이 아닌 거 같고 진로가 너무 고민되는데 제가 뭘해야 잘하고 성공할 수 있을 지 모르겠어요ㅜㅜ 여자... 인스타햡, 스마트스토어 온라인판매 같은 일도 적성에 맞으실 수 있습니다. 결과적으로 말씀드리면, 질문자님의...",https://kin.naver.com/qna/detail.naver?d1id=3&dirId=31501&docId=490605677&qb=7Iqk66eI7Yq47Iqk7Yag7Ja0IOyEseqztQ==&enc=utf8,,0,2,3,4,1,False
스마트스토어 성공,스마트스토어,18살 미래 질문!!,"... 바로성공할수있는것도아니고 성공하기전까진 저도 돈을 나름 벌어야할텐데 고졸이 할수있는 돈벌이는... 스마트스토어 창업 요즘 10대~20대도 도전해요! 스마트폰으로도 상품 올리고 판매 가능해요. 크몽/탈잉/재능판매 글쓰기, 그림...",https://kin.naver.com/qna/detail.naver?d1id=4&dirId=406&docId=485429215&qb=7Iqk66eI7Yq47Iqk7Yag7Ja0IOyEseqztQ==&enc=utf8,,0,2,3,2,3,False
스마트스토어 성공,스마트스토어,fulfillment회사 위킵 어떤가요,"... 여기 어떤가요 네이버 스마트스토어 공지에도 올라왔더라구요 물류 협약 맺은 것 같은데 정확히 어떤... 위킵은 누적 고객사 수 3,500개사 이상인 네이버 풀필먼트 서비스 대행사로 여러분의 비즈니스 성공에 최선을 다하고...",https://kin.naver.com/qna/detail.naver?d1id=1&dirId=1010402&docId=358837723&qb=7Iqk66eI7Yq47Iqk7Yag7Ja0IOyEseqztQ==&enc=utf8,,0,2,3,2,3,False
스마트스토어 성공,스마트스토어,쿠팡 위탁판매 입점 어떻게 해야하나요??,"... 쿠팡 위탁판매 할려면 대략적인 순서좀 알려주세요 처음하는거라서 많이 어렵네요 위탁판매로 꼭 성공하고... 쿠팡, 스마트스토어, 11번가, 롯데ON, 위메프, 카카오톡스토어, G마켓, 옥션 연동셀링툴 : 사방넷, 플레이오토...",https://kin.naver.com/qna/detail.naver?d1id=5&dirId=511&docId=481498760&qb=7Iqk66eI7Yq47Iqk7Yag7Ja0IOyEseqztQ==&enc=utf8,,0,2,3,2,3,False
스마트스토어 성공,기타,해외 구매대행 건강식품 판매 질문,안녕하세요 해외구매대행 스마트 스토어를 열려고 알아보는중인 1인입니다. 호주 건강식품이구요 해당상품은 kpris... 특허법인 테헤란이 고객님의 성공을 위한 든든한 파트너가 되어드리겠습니다. ✅ 압도적인 실적과 고객 후기로...,https://kin.naver.com/qna/detail.naver?d1id=4&dirId=40701&docId=374134784&qb=7Iqk66eI7Yq47Iqk7Yag7Ja0IOyEseqztQ==&enc=utf8,,0,0,3,2,1,False
스마트스토어 성공,스마트스토어,"상표권 조회, 브랜드명 등록에 관해서 궁금해요",... 특히 온라인 사업인 스마트스토어는 전국을 대상으로 하기에 지역적 보호에 그치는 상호등록만으로는 한계가... 마크하다는 3천명 이상의 성공 사업자가 선택한 신속하고 편리하게 이용하는 온라인 사이트 입니다. 상표등록 업무...,https://kin.naver.com/qna/detail.naver?d1id=6&dirId=60205&docId=370979580&qb=7Iqk66eI7Yq47Iqk7Yag7Ja0IOyEseqztQ==&enc=utf8,,0,2,3,2,3,False
스마트스토어 성공,스마트스토어,상호특허 질문있습니다.,"이번에 악세사리를 판매할 스마트스토어를 오픈하려고 하는데요. 스마트스토어 상호특허를 받고난 다음에 사업을... * 단기적인 관계가 아닌, 성공을 위해 함께 성장하는 파트너를 찾으시는 분. 관련해서 더 궁금한 점이 있다면 아래...",https://kin.naver.com/qna/detail.naver?d1id=6&dirId=60205&docId=441182710&qb=7Iqk66eI7Yq47Iqk7Yag7Ja0IOyEseqztQ==&enc=utf8,,0,2,3,4,1,False
스마트스토어 성공,기타,에이블리 해외 브랜드 판매 가능한가요?,... 보세상품은 해외 배송이 많은데 브랜드는 잘 없는 것 같아요 스마트 스토어는 가능하던데 정확한 답변 부탁드려요... 특허법인 테헤란이 고객님의 성공을 위한 든든한 파트너가 되어드리겠습니다. ✅ 압도적인 실적과 후기로 증명되는...,https://kin.naver.com/qna/detail.naver?d1id=4&dirId=40701&docId=484174488&qb=7Iqk66eI7Yq47Iqk7Yag7Ja0IOyEseqztQ==&enc=utf8,,0,0,3,0,3,False
스마트스토어 성공,기타,굳이 대학을 가야할까요 ??,... 위에 써 있듯이 대학 공부를 할 시간에 스마트 스토어를 공부해서 성공할 수 있다는 생각은 지나친 만용일까요 ? 앞이 보이지 않는 안갯길을 걸어가는 느낌입니다.. 질문자님이 그쪽으로 성공할 수 있다고 확신만 있다면 굳이 대학을...,https://kin.naver.com/qna/detail.naver?d1id=4&dirId=406&docId=362349840&qb=7Iqk66eI7Yq47Iqk7Yag7Ja0IOyEseqztQ==&enc=utf8,,0,0,3,2,1,False
스마트스토어 성공,스마트스토어,안녕하세요. 개인사업을 6개월간 운영하고 있는...,"이번에 제가 제작한 로고를 이용해 스마트스토어 이름을 지어 운영하고 있었습니다. 이때 해당 로고로 상표등록은... * 단기적인 관계가 아닌, 성공을 위해 함께 성장하는 파트너를 찾으시는 분. 관련해서 더 궁금한 점이 있다면 아래...",https://kin.naver.com/qna/detail.naver?d1id=6&dirId=60205&docId=440280524&qb=7Iqk66eI7Yq47Iqk7Yag7Ja0IOyEseqztQ==&enc=utf8,,0,2,3,2,3,False
스마트스토어 성공,스마트스토어,디자인특허 내려고 생각중인데 빠른 답변 해주시면 감사.,"... 디자인특허 등록 가능하면 등록하여 스마트스토어 같은데서 판매해보려고 하는데요. 스마트스토어같은거 할때... * 단기적인 관계가 아닌, 성공을 위해 함께 성장하는 파트너를 찾으시는 분. 관련해서 더 궁금한 점이 있다면 아래...",https://kin.naver.com/qna/detail.naver?d1id=6&dirId=60205&docId=434614350&qb=7Iqk66eI7Yq47Iqk7Yag7Ja0IOyEseqztQ==&enc=utf8,,0,2,3,2,3,False
스마트스토어 성공,스마트스토어,청년창업자 지원 사업 종류 마케팅 등 (1년미만...,"... 아니면 마케팅,광고에 대해서 잘 아시는 분 계시면 좀 도와주실 분 계신가요 ㅜㅜ 스마트스토어 쿠팡에 입점해 있습니다 도와주세요 성공하고 싶습니다 가엾은 청년을 위해 ㅜㅜ 안녕하세요. 부산지방중소벤처기업청...",https://kin.naver.com/qna/detail.naver?d1id=4&dirId=40701&docId=429831004&qb=7Iqk66eI7Yq47Iqk7Yag7Ja0IOyEseqztQ==&enc=utf8,,0,2,3,2,3,False
스마트스토어 성공,스마트스토어,드랍쉬핑 하는 방법 알려주세요!,"... 쿠팡·스마트스토어 (국내 타겟): 국내 소비자들은 훨씬 더 깐깐합니다. 어설픈 번역투의 설명, 조잡한 이미지는... 생각하셔야 성공 확률이 높아집니다. 잘 만든 상세페이지 하나가 긴 배송기간을 기다리게 만들고, 뻔한 상품을...",https://kin.naver.com/qna/detail.naver?d1id=4&dirId=40701&docId=487585085&qb=7Iqk66eI7Yq47Iqk7Yag7Ja0IOyEseqztQ==&enc=utf8,,0,2,3,2,3,False
스마트스토어 성공,기타,아마존크립토 질문요,"... 스마트 스토어와 아마존 크립토는 둘 다 온라인 커머스로서 '경제적 자유'를 이룰 수단으로 각광받지만, 그만큼 경쟁이 치열해요. 좋은 제품만으로 성공할 수 없으며, 상위 노출과 리뷰가 중요해요. 인지도가 없다면 상위 노출을 위해...",https://kin.naver.com/qna/detail.naver?d1id=11&dirId=1120&docId=479503896&qb=7Iqk66eI7Yq47Iqk7Yag7Ja0IOyEseqztQ==&enc=utf8,,0,0,3,2,1,False
스마트스토어 성공,스마트스토어,전자책 만드는법 질문입니다,"... 크몽, 스마트스토어, 리디북스 등에서 자동으로 다운로드할 수 있도록 설정 가능. 2. 전자책 판매 방법 전자책을... ☞ 전자책 판매 전략이 더 궁금하다면? 전자책 판매 성공하시길 바랍니다. 도움이 되셨다면 채택 부탁드립니다.",https://kin.naver.com/qna/detail.naver?d1id=4&dirId=409&docId=478242029&qb=7Iqk66eI7Yq47Iqk7Yag7Ja0IOyEseqztQ==&enc=utf8,,0,2,3,4,1,False
스마트스토어 성공,스마트스토어,오늘의 궁금증,"... 쿠팡·스마트스토어 (국내 타겟): 국내 소비자들은 훨씬 더 깐깐합니다. 어설픈 번역투의 설명, 조잡한 이미지는... 생각하셔야 성공 확률이 높아집니다. 잘 만든 상세페이지 하나가 긴 배송기간을 기다리게 만들고, 뻔한 상품을...",https://kin.naver.com/qna/detail.naver?d1id=1&dirId=1060102&docId=485750247&qb=7Iqk66eI7Yq47Iqk7Yag7Ja0IOyEseqztQ==&enc=utf8,,0,2,3,2,3,False
스마트스토어 성공,기타,텀블벅 질문,"... 펀딩 마감 후 모금액이 100% 이상일 시 펀딩 성공으로 보고 등록한 결제수단으로 후원금이 결제됩니다. 100... 스마트 스토어, 포스 타입, 오픈마켓 등) 계획이 없다면 선물은 오직 펀딩에서만 구할 수 있습니다. 모금액이 1,000...",https://kin.naver.com/qna/detail.naver?d1id=4&dirId=410&docId=458280721&qb=7Iqk66eI7Yq47Iqk7Yag7Ja0IOyEseqztQ==&enc=utf8,,0,0,3,2,1,False
스마트스토어 성공,스마트스토어,바이럴마케팅 영업 사무직 면접 질문,"... 스마트스토어 1인판매 개인사업자 경험 2-6. 전화업무로 고객상대 경험 다수 경력이나 내세울 것이라곤 이것이... - **경험과 역량**: ""바이럴마케팅에 대한 이해도는 어느 정도인가요?"" 또는 ""과거에 성공적인 마케팅 캠페인을...",https://kin.naver.com/qna/detail.naver?d1id=4&dirId=40401&docId=467843931&qb=7Iqk66eI7Yq47Iqk7Yag7Ja0IOyEseqztQ==&enc=utf8,,0,2,3,2,3,False
스마트스토어 성공,스마트스토어,초등학생이 브랜드창업하는게 가능한가요...,"... ■ 추천 앱 및 플랫폼 [스마트스토어] 네이버에서 제공하는 온라인 쇼핑몰 플랫폼으로, 쉽게 상점을 열고 제품을... 질문자님의 꿈을 응원하며, 앞으로의 모든 도전이 성공으로 이어지길 바라요! 추가로 궁금한 점이 있으면 언제든지...",https://kin.naver.com/qna/detail.naver?d1id=4&dirId=40702&docId=470694521&qb=7Iqk66eI7Yq47Iqk7Yag7Ja0IOyEseqztQ==&enc=utf8,,0,4,3,6,1,False
스마트스토어 성공,스마트스토어,텀블벅 관련 질문입니다,"... 펀딩 마감 후 모금액이 100% 이상일 시 펀딩 성공으로 보고 등록한 결제수단으로 후원금이 결제됩니다.... 스마트스토어, 포스타입, 오픈마켓 등) 계획이 없다면 선물은 오직 펀딩에서만 구할 수 있습니다. 선물 배송이 안...",https://kin.naver.com/qna/detail.naver?d1id=11&dirId=110205&docId=459375333&qb=7Iqk66eI7Yq47Iqk7Yag7Ja0IOyEseqztQ==&enc=utf8,,0,2,3,2,3,False
스마트스토어 성공,기타,네이버 웹툰 텀블벅 펀딩,"... 펀딩 마감 후 모금액이 100% 이상일 시 펀딩 성공으로 보고 등록한 결제수단으로 후원금이 결제됩니다. 100... 스마트 스토어, 포스 타입, 오픈마켓 등) 계획이 없다면 선물은 오직 펀딩에서만 구할 수 있습니다. 모금액이 1,000...",https://kin.naver.com/qna/detail.naver?d1id=1&dirId=1060109&docId=458554346&qb=7Iqk66eI7Yq47Iqk7Yag7Ja0IOyEseqztQ==&enc=utf8,,0,0,3,0,3,False
스마트스토어 성공,기타,개인 브랜드로 사업 시작하는데 질문 있습니다.,"... 네이버 스마트 스토어, 11번가, G마켓등등 오픈마켓으로 시작하시고 회원수, 매출이 늘기시작하거나 브랜딩이 되고... 사이트 제작으로 처음부터 무리하게 사업 시작하지 않으셨으면 좋겠습니다. 꼭 성공하시길 바랍니다.",https://kin.naver.com/qna/detail.naver?d1id=4&dirId=40701&docId=387576768&qb=7Iqk66eI7Yq47Iqk7Yag7Ja0IOyEseqztQ==&enc=utf8,,0,2,3,2,3,False
스마트스토어 성공,기타,텀블벅 펀딩,"... 펀딩 마감 후 모금액이 100% 이상일 시 펀딩 성공으로 보고 등록한 결제수단으로 후원금이 결제됩니다. 100... 스마트 스토어, 포스 타입, 오픈마켓 등) 계획이 없다면 선물은 오직 펀딩에서만 구할 수 있습니다. 모금액이 1,000...",https://kin.naver.com/qna/detail.naver?d1id=13&dirId=13050301&docId=455643467&qb=7Iqk66eI7Yq47Iqk7Yag7Ja0IOyEseqztQ==&enc=utf8,,0,0,3,0,3,False
스마트스토어 성공,기타,가비지타임 펀딩,"... 펀딩 마감 후 모금액이 100% 이상일 시 펀딩 성공으로 보고 등록한 결제수단으로 후원금이 결제됩니다. 100... 스마트 스토어, 포스 타입, 오픈마켓 등) 계획이 없다면 선물은 오직 펀딩에서만 구할 수 있습니다. 모금액이 1,000...",https://kin.naver.com/qna/detail.naver?d1id=10&dirId=100601&docId=455451779&qb=7Iqk66eI7Yq47Iqk7Yag7Ja0IOyEseqztQ==&enc=utf8,,0,0,3,0,3,False
스마트스토어 성공,스마트스토어,미국현지에서 구매대행을 해보고 싶은데요,안녕하세요 미국 캘리포니아에서 살고 있는데 한국 스마트스토어나 오픈마켓을 통해 해외구매대행을 해보고 싶은데... 개발자를 찿으시고요 말이 길어졌네요.. 부디 사업 성공하세요.^^* 감사합니다 ps....나중에 창업하면 업체명 알려주세요,https://kin.naver.com/qna/detail.naver?d1id=5&dirId=512&docId=370856971&qb=7Iqk66eI7Yq47Iqk7Yag7Ja0IOyEseqztQ==&enc=utf8,,0,2,3,2,3,False
스마트스토어 성공,기타,펀딩 물건 살 때 펀딩 안하고 물건만 사면 환불 되나요,"... 스마트 스토어 등)이 있다면 펀딩 이후 구매해도 상관없습니다(단, 펀딩 한정 제품은 불가) 정확하게 알려면... 펀딩 성공해서 결제 진행 시 결제 실패가 되면 후원 취소가 되어 제품을 못 받습니다. 참고로 후원 즉시 결제되지...",https://kin.naver.com/qna/detail.naver?d1id=13&dirId=130707&docId=442145068&qb=7Iqk66eI7Yq47Iqk7Yag7Ja0IOyEseqztQ==&enc=utf8,,0,0,3,0,3,False
스마트스토어 성공,스마트스토어,청년창업지원금 질문합니다,"... 1년전에 사업자등록증 내고 스마트스토어, 쿠팡 가입만 하고 물건을 팔아본 적은 없어요. 이것도 창업으로... 또한, 지원금을 받더라도 사업을 성공시키는 것은 창업자 스스로의 몫이라는 것을 명심해야 합니다. 1.창업진흥원...",https://kin.naver.com/qna/detail.naver?d1id=4&dirId=407&docId=454675352&qb=7Iqk66eI7Yq47Iqk7Yag7Ja0IOyEseqztQ==&enc=utf8,,0,2,3,2,3,False
스마트스토어 성공,기타,간이사업자 일반사업자 중 어떤걸로 해야할까요,"안녕하세요 제 직업군과 관련된 제품을 만들어서 팔고 싶은데요 주 판매처는 네이버 스마트 스토어 (온라인) , 공구상... 귀하의 성공창업을 기원합니다 일반과세자와 간이과세자의 가장큰 차이점은 간이과세자는 세금계산서 발행을 할 수...",https://kin.naver.com/qna/detail.naver?d1id=4&dirId=40701&docId=452616211&qb=7Iqk66eI7Yq47Iqk7Yag7Ja0IOyEseqztQ==&enc=utf8,,0,0,3,0,3,False
스마트스토어 성공,기타,강아지 옷 창업 질문입니다. (내공 1000걸어요.),"... ex 예) 뭉찌, 바이담수미 등 네이버 스마트 스토어로 시작하고 싶은데 아직 그에 대한 지식이 너무 부족해서요..ㅠㅠ... 영업에 '영'자도 모르던 컴맹이라면 컴맹쪽인 제가 나름 성공부업을 하게되었어요. 지인에게 물건을 파는 일도...",https://kin.naver.com/qna/detail.naver?d1id=4&dirId=40701&docId=399406493&qb=7Iqk66eI7Yq47Iqk7Yag7Ja0IOyEseqztQ==&enc=utf8,,0,2,3,2,3,False
스마트스토어 성공,스마트스토어,고1 사업 관련 질문,"... - 온라인 접근성 : 인스타그램, 스마트스토어, 쿠팡 등 다양한 플랫폼에서 손쉽게 판매 가능하며 홍보도 쉽게 할... 조언의 마무리 사업은 실패와 성공을 반복하며 배우는 과정입니다. 고등학생인 지금 시작하면 많은 시행착오를...",https://kin.naver.com/qna/detail.naver?d1id=4&dirId=40703&docId=479265035&qb=7Iqk66eI7Yq47Iqk7Yag7Ja0IOyEseqztQ==&enc=utf8,,0,2,3,2,3,False
스마트스토어 성공,스마트스토어,곶감유통 개인창고 사업자 질문,"... 현재 당근마켓,스마트스토어 등등에서 곶감,과일 등을 판매합니다. 남의 물건을 위탁 식으로 떄와서 판매하니... 이렇게 함으로써 안전하게 사업을 운영하고 성공을 이끌어 낼 수 있을 것입니다. 가능한 한 상세한 답변을 드릴 수...",https://kin.naver.com/qna/detail.naver?d1id=4&dirId=40701&docId=453401913&qb=7Iqk66eI7Yq47Iqk7Yag7Ja0IOyEseqztQ==&enc=utf8,,0,2,3,2,3,False
스마트스토어 성공,스마트스토어,중3 사업과 학업에 대해 질문드립니다,... 사업으로 성공을 해도 15계대학은 나와야 한다고 생각합니다. 학력으로 인한 인생의 이점은 매우 많으니까요.... 모두 홈페이지 만들기 PART 4 스마트스토어 등록 1. 스마트스토어 가입 2. 스마트스토어 상품등록 3. 스마트스토어...,https://kin.naver.com/qna/detail.naver?d1id=4&dirId=40701&docId=459279343&qb=7Iqk66eI7Yq47Iqk7Yag7Ja0IOyEseqztQ==&enc=utf8,,0,2,3,2,3,False
스마트스토어 성공,스마트스토어,중국에서 아이템을 소싱해서 팔고싶습니다,차량에 붙이는 제품입니다 물건 가지고 와서 스마트스토어에 팔계획인데 필요한 절차가 있을까요? 궁금합니다 자세히... 봤습니다 ㅠㅠ 제 답변이 조금이나마 도움이 되었길 바라며~ 하시는 모든 일 성공하시고 잘 되시길 바랍니다~,https://kin.naver.com/qna/detail.naver?d1id=9&dirId=9020102&docId=364176287&qb=7Iqk66eI7Yq47Iqk7Yag7Ja0IOyEseqztQ==&enc=utf8,,0,2,3,2,3,False
스마트스토어 성공,기타,오토핫키 질문드립니다!,"오토핫키를 이용해서 네이버 스마트 스토어 재입고 알림 스크립트를 작성하고 싶은데요... jpg // 구매하기창 검색 if (ErrorLevel = 0) { // 탐색에 성공했다면 Sleep, 300 // 300ms 지연 SoundBeep, 1100, 1000 // 비프음...",https://kin.naver.com/qna/detail.naver?d1id=1&dirId=10402&docId=416544377&qb=7Iqk66eI7Yq47Iqk7Yag7Ja0IOyEseqztQ==&enc=utf8,,0,0,6,2,4,False
스마트스토어 성공,스마트스토어,해외명품사이트,"... 국내에 스마트스토어와 머스트잇등 여러군대서 판매중입니다.주로 시계나 쥬얼리 위주로 합니다 궁금한점은... 수수료 구조를 잘 파악하고, 상품의 사진과 설명을 매력적으로 준비하는 것도 판매 성공에 큰 도움이 될 거예요.",https://kin.naver.com/qna/detail.naver?d1id=5&dirId=50402&docId=488177311&qb=7Iqk66eI7Yq47Iqk7Yag7Ja0IOyEseqztQ==&enc=utf8,,0,2,3,2,3,False
스마트스토어 성공,기타,연애혁명 펀딩 굿즈,"... 또 후원 즉시 결제되지 않고 펀딩 끝나고 모금액이 100% 이상일 때 펀딩 성공으로 보고 결제 진행됩니다. 100... 스마트 스토어, 오픈마켓 등)이 없다면 오직 펀딩으로만 구할 수 있습니다. 아직 배송이 안 되었다면 양도, 이미...",https://kin.naver.com/qna/detail.naver?d1id=5&dirId=50604&docId=442603231&qb=7Iqk66eI7Yq47Iqk7Yag7Ja0IOyEseqztQ==&enc=utf8,,0,0,3,0,3,False
스마트스토어 성공,스마트스토어,의류 브랜드 창업에 대해 궁금해요.,... 어떤 식으로 홍보를 해야 하는 지 스마트스토어라면 네이버광고 시스템으로 홍보를 할수 있고 인스타로도 사진을 멋지게 찍어 홍보 가능합니다. 6. 지금 현재 중3인데 성공할 수 있는 지에 대해... 아직 어린나이기에 빠르게 시작한...,https://kin.naver.com/qna/detail.naver?d1id=5&dirId=50401&docId=460747857&qb=7Iqk66eI7Yq47Iqk7Yag7Ja0IOyEseqztQ==&enc=utf8,,0,2,3,2,3,False
스마트스토어 성공,기타,온라인 통신판매업 신고,"... 잠시 후에 통신판매업 신고를 하는 것이 좋을 거예요. 판매량이 더 증가하고 안정되었을 때, 스마트 스토어와 트웬티 폼에서 좋은 성과를 이끌어내길 바라요. 앞으로 많은 판매와 성공을 기원합니다!",https://kin.naver.com/qna/detail.naver?d1id=4&dirId=40701&docId=460512043&qb=7Iqk66eI7Yq47Iqk7Yag7Ja0IOyEseqztQ==&enc=utf8,,0,0,3,0,3,False
스마트스토어 성공,기타,고등학생 사업조언,"... 어릴 적부터 꿈꿔왔던 일을 실현해 보려는 그 열정과 추진력이 성공의 첫걸음이라고 생각합니다. 글을 통해 느껴지는 당신의 진심과 열망이 멋집니다. 먼저, 네이버 스마트 스토어를 통해 시작하는 것은 아주 좋은 선택입니다. 초기...",https://kin.naver.com/qna/detail.naver?d1id=8&dirId=80101&docId=448736621&qb=7Iqk66eI7Yq47Iqk7Yag7Ja0IOyEseqztQ==&enc=utf8,,0,0,3,0,3,False
스마트스토어 성공,콘텐츠,홈 베이킹 창업,... 예를 들어 집에서 베이킹을 해서 스마트 스토어나 인스타 그램등 SNS를 통해 판매할 수 있는지 궁금합니다. 너무... 장사의신 이라는 유튜버로 후라이드참잘하는집 이라는 프렌차이즈 치킨집을 런칭하고 엄청난 성공을 한후에...,https://kin.naver.com/qna/detail.naver?d1id=4&dirId=40702&docId=457659866&qb=7Iqk66eI7Yq47Iqk7Yag7Ja0IOyEseqztQ==&enc=utf8,,0,0,3,2,1,False
스마트스토어 성공,스마트스토어,사업자등록여부 사실증명원 질문이요,스마트스토어 창업 했었는데 이번에 취업하려고 지원서 넣으려고 보니까 사업자등록여부 사실증명원 을 제출하라고... 발급해서 제출하시길 권합니다. 도움이 되셨다면 채택부탁드려요 그리고 꼭 원하시는 취업에 성공하시길 응원합니다.,https://kin.naver.com/qna/detail.naver?d1id=4&dirId=40703&docId=374689633&qb=7Iqk66eI7Yq47Iqk7Yag7Ja0IOyEseqztQ==&enc=utf8,,0,2,3,2,3,False
스마트스토어 성공,기타,미래에 대한 투자 하는게 좋을까요?,"... 옥션, 스마트 스토어 등에 올려서 판매할수도 있죠. 질문자님이 지금 알아 두셔야 하는건 직업의 종류, 그리고... (국비 지원) 자본 주의 사회에서는 남들이 뭐라고 하든지 돈을 많이 벌면 성공 했다고 평가를 합니다. 그 사람의...",https://kin.naver.com/qna/detail.naver?d1id=4&dirId=40105&docId=431581294&qb=7Iqk66eI7Yq47Iqk7Yag7Ja0IOyEseqztQ==&enc=utf8,,0,2,3,2,3,False
스마트스토어 성공,스마트스토어,알리익스프레스 통관절차 멈춤,"... 포워딩 추천 우선로지스틱스 수입 수출 통관 대행 업체 중국 구매대행사이트를 통해 사입을 진행하는 특별한 이유 스마트스토어 창업, 알리바바 제품 소싱만으로 성공하는법 알리바바 1688 소싱 하기 제품 쉽게 찾는 검색 방법...",https://kin.naver.com/qna/detail.naver?d1id=5&dirId=512&docId=447552313&qb=7Iqk66eI7Yq47Iqk7Yag7Ja0IOyEseqztQ==&enc=utf8,,0,2,3,2,3,False
스마트스토어 성공,스마트스토어,청소년관세...,"... 포워딩 추천 우선로지스틱스 수입 수출 통관 대행 업체 중국 구매대행사이트를 통해 사입을 진행하는 특별한 이유 스마트스토어 창업, 알리바바 제품 소싱만으로 성공하는법 알리바바 1688 소싱 하기 제품 쉽게 찾는 검색 방법...",https://kin.naver.com/qna/detail.naver?d1id=4&dirId=40502&docId=447542579&qb=7Iqk66eI7Yq47Iqk7Yag7Ja0IOyEseqztQ==&enc=utf8,,0,2,3,2,3,False
스마트스토어 성공,스마트스토어,쿠팡 상위노출 정말 효과가 있나요? 여러가지 질문...,... 하지만 스마트스토어는 광고 하지 않아도 상위노출이 가능합니다. 결국 마켓마다 판매성공 전략이 다른셈이죠. 쿠팡은 무조건 광고가 답이다는 아니지만 분명한건 쿠팡은 상황에 따라 광고를 해야할수도 있습니다 결국 쿠팡광고를...,https://kin.naver.com/qna/detail.naver?d1id=4&dirId=40701&docId=385495586&qb=7Iqk66eI7Yq47Iqk7Yag7Ja0IOyEseqztQ==&enc=utf8,,0,2,3,2,3,False
스마트스토어 성공,기타,고등학생이 의류 사업을 어떻게 준비 할까요?,"... 에이블리, 스마트 스토어에 입점하고 싶은데, 대구에 살기에 직접 동대문에서 사입을 할 수 있는게 아니라서... 사업준비하시는데 도움이 되시기를 바라고 사업성공을 빕니다. 2019년 업종분류코드 국세청.hwp",https://kin.naver.com/qna/detail.naver?d1id=5&dirId=511&docId=480521128&qb=7Iqk66eI7Yq47Iqk7Yag7Ja0IOyEseqztQ==&enc=utf8,,0,0,3,0,3,False
스마트스토어 성공,스마트스토어,"상표침해 내용증명 받았습니다, 고소당할까요?","... 작은 규모로 스마트 스토어 쇼핑몰 운영중에 있습니다. 외국친구로부터 온 선물이라는 컨셉으로 해외 과자들을... * 단기적인 관계가 아닌, 성공을 위해 함께 성장하는 파트너를 찾으시는 분. 상표권 침해 관련해서 더 궁금한 점이...",https://kin.naver.com/qna/detail.naver?d1id=6&dirId=60205&docId=407245334&qb=7Iqk66eI7Yq47Iqk7Yag7Ja0IOyEseqztQ==&enc=utf8,,0,2,3,2,3,False
스마트스토어 성공,기타,창업 아이디어는 있지만 어떻게 해야할지 모르겠습니다.,"... 제목 그대로 무언가 아이디어는 있고, 쿠팡, 알리, 네이버 스마트 스토어 다찾아봤는데 비슷한 제품이 하나 없어... 특허 가능성 검토 특허출원 이전에 먼저 귀하의 아이디어가 상업적으로 성공가능한지에 대해 정말 고민하셔야...",https://kin.naver.com/qna/detail.naver?d1id=4&dirId=40701&docId=375136064&qb=7Iqk66eI7Yq47Iqk7Yag7Ja0IOyEseqztQ==&enc=utf8,,0,0,3,0,3,False
스마트스토어 성공,기타,네이버 통합검색에서의 질문입니다.,"안녕하세요 스마트 스토어 관리하는 자 입니다...! 다름아니라, 제가 운영하고 있는 스마트 스토어의 이름이....... 절반의 성공입니다. 네이버 연관검색어 자동완성을 이용해서 사용자(고객)의 방문을 충분히 유도할 수 있으며, 이미 많은...",https://kin.naver.com/qna/detail.naver?d1id=1&dirId=1060107&docId=332020248&qb=7Iqk66eI7Yq47Iqk7Yag7Ja0IOyEseqztQ==&enc=utf8,,0,0,3,2,1,False
스마트스토어 성공,스마트스토어,카페24 구글서치콘솔 관련질문,... 안되면 되실때까지 계속 등록하면 오류가아닌 성공으로 뜰때가 있더라구요. 새로 사업을 시작하시는분중에 쇼핑몰 제작 많이 하시죠!? 아님. 스마트 스토어를 운영하시다가 자사몰 제작을 하시는 분들도 계시구요. 상품 컨택...,https://kin.naver.com/qna/detail.naver?d1id=1&dirId=105&docId=450460983&qb=7Iqk66eI7Yq47Iqk7Yag7Ja0IOyEseqztQ==&enc=utf8,,0,2,3,2,3,False
스마트스토어 성공,기타,"*이버 상위노출 - 후불제,월단위 좋은 마케팅회사 추천...","어쩌다 집안사정상 *이버 스마트 스토어(건강보조제 판매) 상점을 열었습니다. 겨우 어찌하여 상점에 물건을 올리고... 그렇기 때문에, 성공할 수밖에 없는 방식입니다. 따라서, 우리는 흥분한 개가 정신 없이 뛰어가는 것처럼 한 달, 두...",https://kin.naver.com/qna/detail.naver?d1id=4&dirId=40607&docId=443560798&qb=7Iqk66eI7Yq47Iqk7Yag7Ja0IOyEseqztQ==&enc=utf8,,0,0,3,2,1,False
스마트스토어 성공,스마트스토어,사업을 해보고 싶은데 추천좀 해주세요.,혹시 답변해 주시는 분들 주위에 성공하신 분들이나 괜찮을 거 같은 사업 아이템 좀 추천 해 주세요. 소자본으로... - 원물 납품 계약 후 개인 온라인 사이트 (오픈마켓 및 스마트스토어 등) 판매 가능 - 특제 소스 판매 가능 ➜ 본사...,https://kin.naver.com/qna/detail.naver?d1id=4&dirId=40703&docId=485884844&qb=7Iqk66eI7Yq47Iqk7Yag7Ja0IOyEseqztQ==&enc=utf8,,0,2,3,2,3,False
스마트스토어 성공,기타,족저근막염 발바닥 굳은살 후기,... 족저근막염 티눈 치료 성공하신분 노하우 알려주세요. 아이고..... 맘이 아프네요 이쁜 발이...ㅜㅜ 저도 티눈이... 제가 이번에 스마트 스토어 오픈을 하면서 발이 아프신 분들이 꼭 수술이 아니라 자연적인 치료도 가능하다는 이...,https://kin.naver.com/qna/detail.naver?d1id=7&dirId=707&docId=395703195&qb=7Iqk66eI7Yq47Iqk7Yag7Ja0IOyEseqztQ==&enc=utf8,,0,0,6,2,4,False
스마트스토어 성공,스마트스토어,전자상거래 오픈마켓 관련 질문,"... 안녕하세요, 스마트스토어 전문 지식인으로 활동하고 있는 '코인 인사이트'입니다. 온라인 셀러를 하시면서도 성공 가도를 달리시는 분이 많습니다. 우선 온라인 셀러는 오프라인 상점에 비해 재고 관리가 수월합니다. (선 주문 후...",https://kin.naver.com/qna/detail.naver?d1id=1&dirId=1060110&docId=417022137&qb=7Iqk66eI7Yq47Iqk7Yag7Ja0IOyEseqztQ==&enc=utf8,,0,2,3,2,3,False
스마트스토어 성공,스마트스토어,대장암 확정 시 의료비 지원 항목 좀 알려주세요,... Q7) OHP 성공사례는 얼마나 되는지요? A7) 환우의 입장에서는 완치된 사례가 얼마나 되는지 알고 싶어하는 심정은... #알파실#아미넥스코리아#암#항암#암전문#암영양제#암치료제#암검사#암초기#유방암/#쿠팡#스마트스토어,https://kin.naver.com/qna/detail.naver?d1id=7&dirId=709&docId=457386749&qb=7Iqk66eI7Yq47Iqk7Yag7Ja0IOyEseqztQ==&enc=utf8,,0,2,3,2,3,False
스마트스토어 성공,블로그,초보 창업 아이템 선정할때 주의점있으면 알려주세요,"... 초보 창업이지만 성공하고 싶어요.. 안녕하세요 창업에 관심이 있으시군요. 아직은 초보창업 단계에 있지만... 이 외에도 , 청년디자인은 블로그 원고 작업, 카페 원고 작업, 카드뉴스 제작, 스마트 스토어 제작 등과 같은 많은...",https://kin.naver.com/qna/detail.naver?d1id=4&dirId=407&docId=221293951&qb=7Iqk66eI7Yq47Iqk7Yag7Ja0IOyEseqztQ==&enc=utf8,,0,2,3,2,3,False
스마트스토어 성공,스마트스토어,스토어팜 판매창업시 해야할것들 궁금합니다.,... 스마트스토어도 하나의 사업이라 많은 과정과 많은 일들이 있습니다. 여기에 적을수 있는 글로 모든게 표현이 되면 모두다 성공을 하겠죠. 그만큼 쉽지가 않습니다. 직장인이시면 먼저 회사 규정 '겸업금지' 조항이 있는지...,https://kin.naver.com/qna/detail.naver?d1id=1&dirId=1060110&docId=347422638&qb=7Iqk66eI7Yq47Iqk7Yag7Ja0IOyEseqztQ==&enc=utf8,,0,2,3,2,3,False
스마트스토어 성공,스마트스토어,중국 샤오홍슈 구매대행 가능한 곳 알려주세요,"... 중국 배대지 포워딩 추천 우선로지스틱스 수입 수출 통관 대행 업체 중국 구매대행사이트를 통해 사입을 진행하는 특별한 이유 스마트스토어 창업, 알리바바 제품 소싱만으로 성공하는법 알리바바 1688 소싱 하기 제품 쉽게 찾는...",https://kin.naver.com/qna/detail.naver?d1id=5&dirId=512&docId=447406874&qb=7Iqk66eI7Yq47Iqk7Yag7Ja0IOyEseqztQ==&enc=utf8,,0,2,3,4,1,False
스마트스토어 성공,스마트스토어,유방암 관련 질문,... Q7) OHP 성공사례는 얼마나 되는지요? A7) 환우의 입장에서는 완치된 사례가 얼마나 되는지 알고 싶어하는 심정은... #알파실#아미넥스코리아#암#항암#암전문#암영양제#암치료제#암검사#암초기#유방암/#쿠팡#스마트스토어,https://kin.naver.com/qna/detail.naver?d1id=8&dirId=81003&docId=457424543&qb=7Iqk66eI7Yq47Iqk7Yag7Ja0IOyEseqztQ==&enc=utf8,,0,2,3,2,3,False
스마트스토어 성공,스마트스토어,폐암 관련 질문드립니다,... Q7) OHP 성공사례는 얼마나 되는지요? A7) 환우의 입장에서는 완치된 사례가 얼마나 되는지 알고 싶어하는 심정은... #알파실#아미넥스코리아#암#항암#암전문#암영양제#암치료제#암검사#암초기#유방암/#쿠팡#스마트스토어,https://kin.naver.com/qna/detail.naver?d1id=7&dirId=70116&docId=457401896&qb=7Iqk66eI7Yq47Iqk7Yag7Ja0IOyEseqztQ==&enc=utf8,,0,2,3,2,3,False
스마트스토어 성공,스마트스토어,상품소싱과 브랜드등록 절차가 궁금합니다!,"... 스마트스토어에서의 성공적인 브랜드 런칭을 위해서는 몇 가지 절차를 따라야 합니다. 첫째, 제조사와의 협력관계를 구축하여 OEM 계약을 체결합니다. 이는 제품의 생산, 품질, 가격 등을 명확히 규정하는 중요한 단계입니다. 둘째...",https://kin.naver.com/qna/detail.naver?d1id=6&dirId=60205&docId=372935740&qb=7Iqk66eI7Yq47Iqk7Yag7Ja0IOyEseqztQ==&enc=utf8,,0,2,3,2,3,False
스마트스토어 성공,기타,쿠팡마켓플레이스 ?? 이게 뭔가요 어떤 사업인지 알고...,"... 인터파크, 스마트 스토어 등에 상품을 등록해서 판매 할 수 있습니다. 좋은점은 직접 홈페이지를 운영시에는... 인터넷 판매로 (온라인 마켓) 성공할 수 있는 방법은 사실상 정해져 있습니다. 그리고 그것은 인터넷에서 아무리 검색해도...",https://kin.naver.com/qna/detail.naver?d1id=4&dirId=40701&docId=409818038&qb=7Iqk66eI7Yq47Iqk7Yag7Ja0IOyEseqztQ==&enc=utf8,,0,0,3,0,3,False
스마트스토어 성공,기타,고깃집창업 생각하고있어요,... 네이버 스마트 스토어 판매도 시작 했습니다 한번 드셔 보시면 아실 겁니다 반응 매우 좋습니다 참고용으로... 가능 합니다 편하게 연락 주십시오 010 **** **** 입니다 ! 질 좋고 맛 좋고 신선한 고기! 고깃집 성공의 지름길 입니다!,https://kin.naver.com/qna/detail.naver?d1id=4&dirId=40701&docId=434738643&qb=7Iqk66eI7Yq47Iqk7Yag7Ja0IOyEseqztQ==&enc=utf8,,0,0,3,0,3,False
스마트스토어 성공,기타,저의 해외직구 물건이 하선반입기간연장승인을...,제가 해외직구 스마트 스토어로 립스틱 공병을 주문을 했는데 05월 08일 수요일에 인천공항에서 통관 과정을 거쳐서 반입 반출 성공해서 대한통운으로 인수해서 05월 13일 월요일에 저의 거주지 가까운 대한통운 지점에 간선하차를 했지만...,https://kin.naver.com/qna/detail.naver?d1id=8&dirId=81302&docId=469589899&qb=7Iqk66eI7Yq47Iqk7Yag7Ja0IOyEseqztQ==&enc=utf8,,0,0,3,0,3,False
스마트스토어 성공,스마트스토어,우진로지스 택배 왤케늦나요..?,"... 포워딩 추천 우선로지스틱스 수입 수출 통관 대행 업체 중국 구매대행사이트를 통해 사입을 진행하는 특별한 이유 스마트스토어 창업, 알리바바 제품 소싱만으로 성공하는법 알리바바 1688 소싱 하기 제품 쉽게 찾는 검색 방법...",https://kin.naver.com/qna/detail.naver?d1id=8&dirId=81302&docId=447560974&qb=7Iqk66eI7Yq47Iqk7Yag7Ja0IOyEseqztQ==&enc=utf8,,0,2,3,2,3,False
스마트스토어 성공,블로그,송리단길 이태리 레스토랑 창업하기,"... 음식이 맛있고 마케팅도 잘한다면 이곳에서 성공할 수 있을까요? 도와주세요 안녕하세요 창업에 관심이... 이 외에도 , 청년디자인은 블로그 원고 작업, 카페 원고 작업, 카드뉴스 제작, 스마트 스토어 제작 등과 같은 많은 홍보...",https://kin.naver.com/qna/detail.naver?d1id=4&dirId=40702&docId=380279837&qb=7Iqk66eI7Yq47Iqk7Yag7Ja0IOyEseqztQ==&enc=utf8,,0,2,3,2,3,False
스마트스토어 성공,스마트스토어,통관 언제 될까요ㅠㅠ,"... 포워딩 추천 우선로지스틱스 수입 수출 통관 대행 업체 중국 구매대행사이트를 통해 사입을 진행하는 특별한 이유 스마트스토어 창업, 알리바바 제품 소싱만으로 성공하는법 알리바바 1688 소싱 하기 제품 쉽게 찾는 검색 방법...",https://kin.naver.com/qna/detail.naver?d1id=4&dirId=40502&docId=447530709&qb=7Iqk66eI7Yq47Iqk7Yag7Ja0IOyEseqztQ==&enc=utf8,,0,2,3,2,3,False
스마트스토어 성공,스마트스토어,상표출원등록 방법 궁금해요.,"현제 스마트스토어에서 키링을 제작해서 판매하고 있습니다. 키링에 저희 마켓 로고가 박혀 있고 이름에도 이 로고가... * 단기적인 관계가 아닌, 성공을 위해 함께 성장하는 파트너를 찾으시는 분. 좀 더 알고 싶으시다면 아래 연락처를...",https://kin.naver.com/qna/detail.naver?d1id=6&dirId=60205&docId=468564508&qb=7Iqk66eI7Yq47Iqk7Yag7Ja0IOyEseqztQ==&enc=utf8,,0,2,3,2,3,False
스마트스토어 성공,스마트스토어,업체명이 검색창에서 보이다가 사라졌어요~,... 되는데 스마트스토어에 입점한 개인 도메인 사이트만 사라졌습니다~ 순위에서 밀렸거니 생각하고 마지막까지 살폈는데 아예 존재 하지 않습니다~ 어떻게 해야 하나요~??? 안녕하세요 성공파트너 입니다 마케팅 관련 질문 주셨네요...,https://kin.naver.com/qna/detail.naver?d1id=1&dirId=1060116&docId=299041596&qb=7Iqk66eI7Yq47Iqk7Yag7Ja0IOyEseqztQ==&enc=utf8,,0,2,3,2,3,False
스마트스토어 성공,스마트스토어,카페24 디자인 홈피? 궁금한점이 있습니다,... (금액이 싼편은 아닙니다) 그럼 자사몰 하셔서 성공하시길 바랍니다! -참고사항- 판매하시려는 품목이 아직 1개 시라면 자사몰 보다는 네이버스마트스토어를 이용하시는게 편하시고 득이 더 되실겁니다. 자사몰은 어차피 광고를 해서...,https://kin.naver.com/qna/detail.naver?d1id=1&dirId=10501&docId=392932980&qb=7Iqk66eI7Yq47Iqk7Yag7Ja0IOyEseqztQ==&enc=utf8,,0,2,3,2,3,False
스마트스토어 성공,기타,소니엔젤 히퍼,... 온라인 구매: 소니엔젤 공식 홈페이지의 스마트 스토어를 이용하는 게 가장 확실한 방법이에요. 재입고를... 온라인 구매 시 브라우저 대신 모바일 앱을 사용하는 게 성공 확률을 높일 수 있어요. 재입고를 기다리는 동안 공식...,https://kin.naver.com/qna/detail.naver?d1id=3&dirId=31301&docId=487919248&qb=7Iqk66eI7Yq47Iqk7Yag7Ja0IOyEseqztQ==&enc=utf8,,0,0,3,0,3,False
스마트스토어 성공,스마트스토어,어머니께서 췌장암 말기판정을 받으신지,... 췌장암은 대부분 말기에 발견하게되어 치료가 어려울뿐더러 전이도 빈번할 수 있어서 수술이 성공적이라고해도... 암과 면역질환의 생생한 후기가 궁금하시면 네이버에 '바이오셀리움 벡스'를 검색하여 스마트스토어 제품소개를...,https://kin.naver.com/qna/detail.naver?d1id=7&dirId=70116&docId=324302606&qb=7Iqk66eI7Yq47Iqk7Yag7Ja0IOyEseqztQ==&enc=utf8,,0,2,3,2,3,False
스마트스토어 성공,블로그,"수선,리폼 창업","... 취업성공패키지에 수선 부분도 있는데,, (취업성공패키지가 국비지원되는 제도입니다) 질문자님이 회사를... 이 외에도 , 청년디자인은 블로그 원고 작업, 카페 원고 작업, 카드뉴스 제작, 스마트 스토어 제작 등과 같은 많은...",https://kin.naver.com/qna/detail.naver?d1id=3&dirId=31302&docId=379203553&qb=7Iqk66eI7Yq47Iqk7Yag7Ja0IOyEseqztQ==&enc=utf8,,0,2,3,2,3,False
스마트스토어 성공,스마트스토어,특허등록 침해를 받았는데 변리사변호사 둘 중 누구와...,"... 이번에 저희가 만든 제품에 관해서 특허등록을 마친 상태입니다, 근데 스마트스토어에 저희 제품과 비슷한 제품을... * 단기적인 관계가 아닌, 성공을 위해 함께 성장하는 파트너를 찾으시는 분. 관련해서 더 궁금한 점이 있다면 아래...",https://kin.naver.com/qna/detail.naver?d1id=6&dirId=60205&docId=441110740&qb=7Iqk66eI7Yq47Iqk7Yag7Ja0IOyEseqztQ==&enc=utf8,,0,2,3,2,3,False
스마트스토어 성공,스마트스토어,브랜드상표등록 하려고 합니다,"지금 런칭 준비중인 브랜드가 있는데 상표등록을 해야 스마트스토어에 입점할 수 있다고 해서 대기중입니다 ㅠ 만약... * 단기적인 관계가 아닌, 성공을 위해 함께 성장하는 파트너를 찾으시는 분. 관련해서 더 궁금한 점이 있다면 아래...",https://kin.naver.com/qna/detail.naver?d1id=6&dirId=60205&docId=436353116&qb=7Iqk66eI7Yq47Iqk7Yag7Ja0IOyEseqztQ==&enc=utf8,,0,2,3,2,3,False
스마트스토어 성공,기타,안젤로 스펠스 후디 입어보신분,펀딩때 담아두고 고민하느라 놓쳤는데 스마트 스토어 열렸더라구요. 살까하는데 학생이라 제가 돈이 넉넉하지... 저 펀딩 성공해서 얼마전에 받아봤어요~ 개인적으로는 만족합니당 ㅎㅎ 원단도 탄탄해서 어깡같이 보이는 것도 없구요...,https://kin.naver.com/qna/detail.naver?d1id=8&dirId=8040102&docId=389125584&qb=7Iqk66eI7Yq47Iqk7Yag7Ja0IOyEseqztQ==&enc=utf8,,0,0,3,0,3,False
스마트스토어 성공,기타,네이버 스토어에서 KC 인증관련판매,... 2) 스마트 스토어에 사업자 전환 하면 모든 제품 kc인증 받았는지 검사 같은거 하나요? 3) 청년사업 지원 등 비용... 해주는지라 성공 가능성은 있다고 희망을 가지고 하지만 한편으로는 아직 초기이고 고딩 탈출한지 얼마 안지난...,https://kin.naver.com/qna/detail.naver?d1id=4&dirId=40701&docId=442181311&qb=7Iqk66eI7Yq47Iqk7Yag7Ja0IOyEseqztQ==&enc=utf8,,0,0,3,0,3,False
스마트스토어 성공,스마트스토어,상표등록방법 너무 답답해요!!!!!,"... 제가 스마트스토어에 사용하려고 상표등록방법을 알아보고 있는데요. 혼자서 해도 된다고 하길래 해 보려고요.... * 단기적인 관계가 아닌, 성공을 위해 함께 성장하는 파트너를 찾으시는 분. 관련해서 더 궁금한 점이 있다면 아래...",https://kin.naver.com/qna/detail.naver?d1id=6&dirId=60205&docId=435571822&qb=7Iqk66eI7Yq47Iqk7Yag7Ja0IOyEseqztQ==&enc=utf8,,0,2,3,2,3,False
스마트스토어 성공,스마트스토어,디자인등록방법 공유 좀,"스마트스토어에 판매하고 있는 물건이 있는데, 자꾸 비슷하게 만드는 사람들이 있어서요 아무래도 디자인을 등록하는... * 단기적인 관계가 아닌, 성공을 위해 함께 성장하는 파트너를 찾으시는 분. 관련해서 더 궁금한 점이 있다면 아래...",https://kin.naver.com/qna/detail.naver?d1id=6&dirId=60205&docId=440026970&qb=7Iqk66eI7Yq47Iqk7Yag7Ja0IOyEseqztQ==&enc=utf8,,0,2,3,2,3,False
스마트스토어 성공,스마트스토어,특허로 디자인등록 중에 신규성 주장,"특허로에 셀프로 디자인 등록 중이고 물품은 대략 한달 전쯤에 스마트스토어에 판매중인데 물품이 나오고 나서... * 단기적인 관계가 아닌, 성공을 위해 함께 성장하는 파트너를 찾으시는 분. 관련해서 더 궁금한 점이 있다면 아래...",https://kin.naver.com/qna/detail.naver?d1id=6&dirId=60205&docId=430269953&qb=7Iqk66eI7Yq47Iqk7Yag7Ja0IOyEseqztQ==&enc=utf8,,0,2,3,2,3,False
스마트스토어 성공,스마트스토어,부분디자인등록? 제가 디자인한 것중 일부만 등록을 할...,"... 아이디어스에도 올린 상태이고 스마트스토어에서도 조금씩 팔리고 있는 중인데, 아무래도 저도 다른 사람도 서로... * 단기적인 관계가 아닌, 성공을 위해 함께 성장하는 파트너를 찾으시는 분. 관련해서 더 궁금한 점이 있다면 아래...",https://kin.naver.com/qna/detail.naver?d1id=6&dirId=60205&docId=442096040&qb=7Iqk66eI7Yq47Iqk7Yag7Ja0IOyEseqztQ==&enc=utf8,,0,2,3,2,3,False
스마트스토어 성공,스마트스토어,브랜드조회 관련해서 궁금합니다,"네이버 스마트스토어를 하나 열 생각인데요 생각 중인 명칭으로 브랜드조회를 해보았습니다. 사실 이 명칭이 강남역... * 단기적인 관계가 아닌, 성공을 위해 함께 성장하는 파트너를 찾으시는 분. 관련해서 더 궁금한 점이 있다면 아래...",https://kin.naver.com/qna/detail.naver?d1id=6&dirId=60205&docId=445489144&qb=7Iqk66eI7Yq47Iqk7Yag7Ja0IOyEseqztQ==&enc=utf8,,0,2,3,2,3,False
스마트스토어 성공,기타,상위노출을 위한 최적화,"... 성공을 기원하며 도움 말씀드리겠습니다. 우선 주신 스마트 스토어를 살펴보니 저라도 한번 시켜 먹어볼까?라는 생각이 들 정도로 운영을 잘 하고 계신 것 같습니다. 몇 가지 설루션을 드린다면, 우선 제품명을 세분화해서 용도별...",https://kin.naver.com/qna/detail.naver?d1id=4&dirId=40704&docId=335954562&qb=7Iqk66eI7Yq47Iqk7Yag7Ja0IOyEseqztQ==&enc=utf8,,0,0,3,0,3,False
스마트스토어 성공,스마트스토어,사업할때 처음부터 사업계획을 한가지만,"... 실패보단 성공의 확률을 높이실 수 있을거라 생각 듭니다. 마지막으로 질문자님께 추천 드리는 부분은 금액을... 제공 -> 스마트스토어 상품 연동 -> 쇼핑몰 검색 엔진 설정(네이버, 구글, 다음) 지원 -> 메이크샵 운영에 필요한 가이드...",https://kin.naver.com/qna/detail.naver?d1id=4&dirId=407&docId=429611533&qb=7Iqk66eI7Yq47Iqk7Yag7Ja0IOyEseqztQ==&enc=utf8,,0,4,3,4,3,False
스마트스토어 성공,기타,분당 서현에 리 다이어트 발레 ems 홈 헬스 질문 있어여...,... 리다이어트 네이버에 스마트 스토어 후기들은 지금 보니 너무 좋아서 하고 싶긴한데 제가 이제 사회초년생이라... 매번 운동샵에서운동받는느낌이여서 믿고하세요ㆍ전 한달 리펀드로 성공해서 그때 관리권도 받아서 센터에서...,https://kin.naver.com/qna/detail.naver?d1id=7&dirId=70308&docId=348665438&qb=7Iqk66eI7Yq47Iqk7Yag7Ja0IOyEseqztQ==&enc=utf8,,0,0,3,2,1,False
스마트스토어 성공,스마트스토어,딱딱이복숭아 말랑이복숭아 청도복숭아 맛있는곳...,... 말랑이는 온라인 구매 성공한 적이 없어서 추천드릴 곳이 없네요 ㅠㅠ 딱딱 백도 선물용이라면 여기 추천드립니다 (스마트스토어 외 쿠팡으로도 작년부터 3번정도 시켜먹었었어요!) (열심히 작성 드린 답변 채택해주시면...,https://kin.naver.com/qna/detail.naver?d1id=5&dirId=50502&docId=424586533&qb=7Iqk66eI7Yq47Iqk7Yag7Ja0IOyEseqztQ==&enc=utf8,,0,2,3,2,3,False
스마트스토어 성공,스마트스토어,온라인 홍보 방법 좀 알려주세요!,"스마트스토어로 식품을 판매하고 있습니다 온라인 홍보 없이도 단골들은 구매를 하는데 신규 유입이 늘지 않아... 대행사는 경험, 성공 사례, 그리고 광고 비용 대비 효과 등을 기준으로 비교해보시는 게 좋아요. 답변이 도움이 되셨다면...",https://kin.naver.com/qna/detail.naver?d1id=4&dirId=40401&docId=477070442&qb=7Iqk66eI7Yq47Iqk7Yag7Ja0IOyEseqztQ==&enc=utf8,,0,2,3,2,3,False
스마트스토어 성공,스마트스토어,디자인검색하는 중,"... 스마트스토어에서 판매하고 있는 제품이어서 마음이 조급합니다. 다른 업체에서 하나 둘 비슷한 디자인을 내고... * 단기적인 관계가 아닌, 성공을 위해 함께 성장하는 파트너를 찾으시는 분. 관련해서 더 궁금한 점이 있다면 아래...",https://kin.naver.com/qna/detail.naver?d1id=6&dirId=60205&docId=437347309&qb=7Iqk66eI7Yq47Iqk7Yag7Ja0IOyEseqztQ==&enc=utf8,,0,2,3,2,3,False
스마트스토어 성공,스마트스토어,닥스훈트 살 빼기에 적당한 사료 추천_-_,... 네이버 스마트스토어 진돗개흑구라는 곳에서 판매하고 있는데 여기 후기를 한번 보세요. 대부분 평이 좋고 상세한... 제 답변이 도움이 되었으면 좋겠고 닥스훈트 아이가 다이어트에도 성공해서 질문자님과 더 행복하게 보냈으면...,https://kin.naver.com/qna/detail.naver?d1id=8&dirId=80501&docId=343720769&qb=7Iqk66eI7Yq47Iqk7Yag7Ja0IOyEseqztQ==&enc=utf8,,0,2,3,4,1,False
스마트스토어 월수입,스마트스토어,스마트스토어 개인사업자로 시작하려고하는데,"... 네이버스마트스토어 개인사업자로 시작해도 문제될 것이 당연히 없습니다. ~~~^^ 개인으로 시작해서 월수입이 소액으로 발생할 경우 솔직히 종합소득세 등 세금 신경쓸 필요 거의 없다고 보입니다. 개인사업자 내고, 통신판매업신고...",https://kin.naver.com/qna/detail.naver?d1id=4&dirId=40701&docId=379962183&qb=7Iqk66eI7Yq47Iqk7Yag7Ja0IOyblOyImOyehQ==&enc=utf8,,0,2,0,0,2,False
스마트스토어 월수입,스마트스토어,스마트스토어 쇼핑몰 사업자통장,... ㅎㅎ 월수입은 50-70으로 적어요 개인 통장을 쓰려고 하니 중고거래도 많이 하고 지인들끼리 밥값 계산 할 때도 통장을 많이 써서 사업소득이랑 굉장히 햇갈리네요 ㅠ 우선 지금 다섯달 정도는 개인통장으로 스마트스토어 돈을...,https://kin.naver.com/qna/detail.naver?d1id=4&dirId=40309&docId=418935979&qb=7Iqk66eI7Yq47Iqk7Yag7Ja0IOyblOyImOyehQ==&enc=utf8,,0,4,0,0,4,False
스마트스토어 월수입,스마트스토어,비치움홈케어 창업 질문 조언해주실분 계신가요?,... 4) 비치움케어 사장님들의 수익은 다 다르겠지만 평균적으로 대략 월수입이 어떻게되는지? 먼저 일 하고... 참고로 저는 광고 없이 네이버 스마트스토어 1P~2P에 노출되고있고 네이버 플레이스 리뷰도 꽤 있는 편입니다. 교육 업체는...,https://kin.naver.com/qna/detail.naver?d1id=4&dirId=40703&docId=484403740&qb=7Iqk66eI7Yq47Iqk7Yag7Ja0IOyblOyImOyehQ==&enc=utf8,,0,4,0,2,2,False
스마트스토어 월수입,스마트스토어,도박으로 빚을 지었습니다.. 어떻게 대처해야할까요?,"... 원 월수입: 본인 330만 원 + 배우자 50만 원 = 총 380만 원 → 실질 생활비 제외 시 적자 상태 2. 당장 필요한 대처... 카페24, 스마트스토어 상품 위탁판매 (노출형 아르바이트형 운영) 중고폰 수리 납품 보조, 실내 배달 알바 등...",https://kin.naver.com/qna/detail.naver?d1id=4&dirId=4010502&docId=485540486&qb=7Iqk66eI7Yq47Iqk7Yag7Ja0IOyblOyImOyehQ==&enc=utf8,,0,4,0,0,4,False
스마트스토어 월수입,스마트스토어,사업자등록기준좀알려주세요,"판매하려고하는데 가격은 작고 여러번판매하려고 그러거든요 기준좀 정확하게알려주세요 (예: 월수입1000만원이상... 스마트스토어 개설시, 사업자 등록증 없이 개설하여 판매 가능합니다니다.( 연 매출 1,200만원 이하) 단, 당해년도 4...",https://kin.naver.com/qna/detail.naver?d1id=4&dirId=40701&docId=440136468&qb=7Iqk66eI7Yq47Iqk7Yag7Ja0IOyblOyImOyehQ==&enc=utf8,,0,4,0,2,2,False
스마트스토어 월수입,스마트스토어,하루에 2~3시간 일하고 월수입 100만원정도 얻으려면?,"... 하루 2~3시간 투자하고 월수입 100만원 정도 벌고 싶은데요. 무슨 일이 있을까요? 지금 생각은 네이버 스마트스토어나 블로그, 유튜브 생각 중인데 다른 거 있을까요? 불가능이네요 2~3시간일해서 월수입 100만원이면 블로그랑...",https://kin.naver.com/qna/detail.naver?d1id=4&dirId=406&docId=364938588&qb=7Iqk66eI7Yq47Iqk7Yag7Ja0IOyblOyImOyehQ==&enc=utf8,,0,8,0,0,8,False
스마트스토어 월수입,기타,직장인 주말알바로 집에서 돈벌기 좋은 아이템,... 큰돈을 바라는 것은 아니고 월수입 30만원 정도 현실적으로 가능한 부업 있을까요? 시간상 집에서 돈벌기 좋은 아이템이었으면 합니다. 직장인 주말 알바로 좋은건 스마트 스토어 위탁판매 해보세요 스마트 스토어 첫걸음 부터 고수...,https://kin.naver.com/qna/detail.naver?d1id=4&dirId=40611&docId=426140979&qb=7Iqk66eI7Yq47Iqk7Yag7Ja0IOyblOyImOyehQ==&enc=utf8,,0,2,0,0,2,False
유튜브 부업 성공,유튜브,유튜브로 돈버는법 알려주세요!,"... 잘해서 부업으로 삼아 유튜브로 돈버는법이 궁금해지더라구요., 광고도 들어오고 해야 할 텐데 어떻게 해야... 빠르게 성공할 수 있겠죠? 다만 유튜브로 돈버는법이 통할만한 컨텐츠가 있어야해요. 그래야 유튜브로 돈버는법을...",https://kin.naver.com/qna/detail.naver?d1id=1&dirId=10905&docId=331901785&qb=7Jyg7Yqc67iMIOu2gOyXhSDshLHqs7U=&enc=utf8,,0,4,3,4,3,False
유튜브 부업 성공,유튜브,하루 30분 부업 추천(광고신고),"... 구매대행,유튜브,SNS,전자책,클래스101같이 많이 알려진 거 말고 흔하지 않은 부업으로 알려주세요 그리고 그냥... 누구나 쉽게 따라 할 수 있는 특별한 시스템으로 팀과 함께 하기 때문에 성공 확률 이 높아요 3.하루1시간 자유로운...",https://kin.naver.com/qna/detail.naver?d1id=4&dirId=40611&docId=409559597&qb=7Jyg7Yqc67iMIOu2gOyXhSDshLHqs7U=&enc=utf8,,0,4,3,4,3,False
유튜브 부업 성공,유튜브,괜찮은 부업 알려주세요~앱으로 가능한거요~유튜브에...,"제목과 같아요 유튜브로 확인가능한 부업 추천해주세요 이거 무조건하세요 돈되는건 다해야합니다! 살면서... 진행상 성공확률 99.99%!! 미래를 바꿔줄겁니다 공짜로 줄 때, 하나라도 모아놓으세요~ 가치를 알아볼수있는...",https://kin.naver.com/qna/detail.naver?d1id=1&dirId=10905&docId=402013325&qb=7Jyg7Yqc67iMIOu2gOyXhSDshLHqs7U=&enc=utf8,,0,4,3,4,3,False
유튜브 부업 성공,유튜브,강남유튜브학원 영상편집 기반으로 알려주세여,"... 강남유튜브학원 좀 추천해주세여 유뷰버만 할건 아니고 영상편집으로 부업고하고 싶어여 공부어떻게... 하지만 그래도 성공하고 돈을 많이 버는 분들은 있죠! 그래서 질문자님께서 영상편집으로 함께 계획을 하고 계신데, 정말...",https://kin.naver.com/qna/detail.naver?d1id=3&dirId=3031003&docId=403038948&qb=7Jyg7Yqc67iMIOu2gOyXhSDshLHqs7U=&enc=utf8,,0,4,3,4,3,False
유튜브 부업 성공,유튜브,공부법!!!알려주세요!!ㅠㅠ,... 안 외워지면 유튜브에 기적의 암기법 영상 보고 따라하면 암기가 기적적으로 잘 됩니다. 이런 류의 공부는 예습 안... 왜냐하면 우리 인간의 dna 는 성공에 최적화되어 있지 않기 때문입니다. 진화심리학에 의하면 (저는 개인적으로 안...,https://kin.naver.com/qna/detail.naver?d1id=11&dirId=11080106&docId=491876916&qb=7Jyg7Yqc67iMIOu2gOyXhSDshLHqs7U=&enc=utf8,,0,2,3,2,3,False
유튜브 부업 성공,유튜브,32살 남자 취업 질문 드립니다. 도와주세요.,... 취업에 성공해서 정말 열심히 일했었는데 정말 적성에 맞진 않더라구요... 들어 부업에대해서 알게 되고 인터넷으로 돈을 벌 수 있는 방법들이 생각보다 많다는걸 알게됐어요 유튜브나 인터넷 찾아보고 하나하나 도전해보고 일단...,https://kin.naver.com/qna/detail.naver?d1id=4&dirId=40612&docId=475561701&qb=7Jyg7Yqc67iMIOu2gOyXhSDshLHqs7U=&enc=utf8,,0,4,3,4,3,False
유튜브 부업 성공,유튜브,캐나다유학,"... 사이클해커스, 타이탄클래스, 래피드클래스, 핏크닉 등등 사이트 가서 유료강의 듣고 따라해보면 월수익 1억 되는 부업 얻으실 수 있습니다. 유료강의에서 인공지능 앱으로 알고리즘 타는 유튜브 공장 만드는 법, 블로그로 광고 노출...",https://kin.naver.com/qna/detail.naver?d1id=11&dirId=110601&docId=486643897&qb=7Jyg7Yqc67iMIOu2gOyXhSDshLHqs7U=&enc=utf8,,0,10,0,0,10,False
유튜브 부업 성공,유튜브,아이비리그를 꿈 꿔도 되는 걸까요,"... 사이클해커스, 타이탄클래스, 래피드클래스, 핏크닉 등등 사이트 가서 유료강의 듣고 따라해보면 월수익 1억 되는 부업 얻으실 수 있습니다. 유료강의에서 인공지능 앱으로 알고리즘 타는 유튜브 공장 만드는 법, 블로그로 광고 노출...",https://kin.naver.com/qna/detail.naver?d1id=11&dirId=1106&docId=486108241&qb=7Jyg7Yqc67iMIOu2gOyXhSDshLHqs7U=&enc=utf8,,0,10,0,0,10,False
유튜브 부업 성공,기타,공동창업 관련하여 사업자 등록 등 질문입니다,"... 게다가 부업 형식이라서 직원 여럿인 사업장 형태가 되면 ㅠㅠ 이중재직... 다 성공할 수 있는 것도 아닙니다. 세상을 이롭게 하고 다른 사람에게... do - 유투브 등의 [기업가정신] 강좌 : 창업진흥원 창업에듀, KAIST IP-CEO...",https://kin.naver.com/qna/detail.naver?d1id=4&dirId=403&docId=413783362&qb=7Jyg7Yqc67iMIOu2gOyXhSDshLHqs7U=&enc=utf8,,0,2,3,2,3,False
유튜브 부업 성공,유튜브,직장인 유튜버 수입에 대한 궁금 증 질문드립니다,... 직장다니며 유튜브를 운영해봤기 때문에 그 어려움 너무 잘 알아요.. 초반에 바짝 집중하고 평생연금소득을 받을수 있는 부업이 있다면..?!... 지금 내가 망설이는 순간에도 다른 누군가는 이 일을 선택하고 성공의 길로 향하고 있는데...,https://kin.naver.com/qna/detail.naver?d1id=6&dirId=6080402&docId=392329758&qb=7Jyg7Yqc67iMIOu2gOyXhSDshLHqs7U=&enc=utf8,,0,4,3,4,3,False
유튜브 부업 성공,유튜브,취업 걱정..도와주세요(심각),... 인터넷이랑 유튜브 이것저것 찾아봐서.. 내가? 이걸?이게 맞나? 싶네요.... 살면서 인터넷 부업은 2번 해봤는데 2번 다 실패를경험 했답니다.. 그나마... 2번 실패한 제가 이렇게 적극추천한다는 것은 성공이 가능한 일이기 때문이죠...,https://kin.naver.com/qna/detail.naver?d1id=4&dirId=406&docId=413178615&qb=7Jyg7Yqc67iMIOu2gOyXhSDshLHqs7U=&enc=utf8,,0,4,3,4,3,False
유튜브 수익화 성공,유튜브,인플루언서 질문,"... 인플루언서 활동과, 티스토리 수익, 유튜브활동 셋다 가능한가요? 4. 네이버 인플루언서로 제가 받은 광고 작성한... 다 성공하기란 어려움이 따르니 셋 중 하나씩 어느정도 수익화를 이룬 후 다른 플랫폼을 시도해 보시기를 추천...",https://kin.naver.com/qna/detail.naver?d1id=1&dirId=1060102&docId=394696300&qb=7Jyg7Yqc67iMIOyImOydte2ZlCDshLHqs7U=&enc=utf8,,0,4,3,4,3,False
유튜브 수익화 성공,기타,웹소설 연재하는법 좀 알려주세요!!,"...  유투브에 '문피아 연재'라고 검색해보세요. 연재하는... 가장 빨리 수익화 할 수 있는 방법인데..... 하진 마세요. 돈 되는 시장은... 글이 성공한다는 건 아닙니다. 유료화하기도 성적이 애매하다 싶으면 ""연재중단...",https://kin.naver.com/qna/detail.naver?d1id=3&dirId=3070106&docId=409341235&qb=7Jyg7Yqc67iMIOyImOydte2ZlCDshLHqs7U=&enc=utf8,,0,2,3,2,3,False
유튜브 수익화 성공,유튜브,웹소설을 쓰려고 하는데 너무 고민이 되어서 질문을...,... 유투브에 웹소설 작가들이 올려둔 영상들이 있습니다. 그런 것들을 통해서... 사람이라도 많이 보고 조회수가 높다면 수익화할 방법이 있을 수 있지만... 근데 성공은 장담 못합니다. 그냥 제가 해드릴 수 있는 말은 이 정도뿐. 아...,https://kin.naver.com/qna/detail.naver?d1id=3&dirId=30701&docId=405140399&qb=7Jyg7Yqc67iMIOyImOydte2ZlCDshLHqs7U=&enc=utf8,,0,2,3,2,3,False
쿠팡파트너스 성공,기타,쓴 책 (그지여서 쿠팡파트너스 하는 놈들은 답변하지마),"뭐가 있나요?? 슈독 - 나이키 창립자의 회사 설립 이야기. 처음엔 아식스를 판매했다고 하네요. 신발 매니아 라면 잼남 아이콘 - 고 스티브 잡스 이야기, 본인이 쓴 건 아니지만, 잼남 유니클로 이야기 - (제목이 좀 가물가물한데...",https://kin.naver.com/qna/detail.naver?d1id=4&dirId=407&docId=408574781&qb=7L+g7Yyh7YyM7Yq464SI7IqkIOyEseqztQ==&enc=utf8,,0,2,0,0,2,False
쿠팡파트너스 성공,기타,다이어트 성공하는 방법,"... 운동법 검색하면 끝없이 나와요 뭐든 괜찮으니 근력운동은 하루걸러 하고 유산소는 매일 하세요 다이어트 성공하시길 빕니다! ""이 포스팅은 쿠팡 파트너스 활동의 일환으로, 이에 따른 일정액의 수수료를 제공받습니다.""",https://kin.naver.com/qna/detail.naver?d1id=4&dirId=401&docId=468102111&qb=7L+g7Yyh7YyM7Yq464SI7IqkIOyEseqztQ==&enc=utf8,,0,0,3,0,3,False
쿠팡파트너스 성공,기타,성공방식은 무엇이 있을까요,성공방식은 무엇이 있을까요 안녕하세요. 제가 성공에 방식에 대해서 이러쿵저러쿵하는 건 오만한 거 같아서... 조셉 머피 잠재의식의 힘 세이노의 가르침 이 포스팅은 쿠팡 파트너스 활동의 일환으로 이에 따른 일정액의 수수료를...,https://kin.naver.com/qna/detail.naver?d1id=2&dirId=20303&docId=450382934&qb=7L+g7Yyh7YyM7Yq464SI7IqkIOyEseqztQ==&enc=utf8,,0,0,3,0,3,False
쿠팡파트너스 성공,기타,다이어트 성공하는 방법,"... 가격은 닭가슴살과 큰 차이가 없어서 추천드립니다 다이어트 쉽지 않지만 꾸준하게 식단과 운동을 병행 해주시면 성공 하실수 있을겁니다 ""이 포스팅은 쿠팡 파트너스 활동의 일환으로, 이에 따른 일정액의 수수료를 제공받습니다.""",https://kin.naver.com/qna/detail.naver?d1id=4&dirId=401&docId=467984065&qb=7L+g7Yyh7YyM7Yq464SI7IqkIOyEseqztQ==&enc=utf8,,0,0,3,2,1,False
쿠팡파트너스 성공,기타,공유경제의 성공 이유가 뭔가요? (내공90),"공유경제 관련한 심화 보고서를 작성하고 있는데 공유경제의 성공 이유를 알고 싶습니다. 한글 한바닥 분량으로... bz/cejM 이 포스팅은 쿠팡 파트너스 활동의 일환으로, 이에 따른 일정액의 수수료를 제공받을수 있습니다....",https://kin.naver.com/qna/detail.naver?d1id=4&dirId=409&docId=450032902&qb=7L+g7Yyh7YyM7Yq464SI7IqkIOyEseqztQ==&enc=utf8,,0,0,3,0,3,False
쿠팡파트너스 성공,기타,다이어트 포기하지않고 성공하는법,"먹는거 조절하면서 하는데 포기하지않고 성공하는법있나요? 아무래도 꾸준히 해주시는게 성공의 비법인데 누구나 다... 싶으시면 추천드릴게요 ""이 포스팅은 쿠팡 파트너스 활동의 일환으로, 이에 따른 일정액의 수수료를 제공받습니다.""",https://kin.naver.com/qna/detail.naver?d1id=5&dirId=50803&docId=468692264&qb=7L+g7Yyh7YyM7Yq464SI7IqkIOyEseqztQ==&enc=utf8,,0,0,6,2,4,False
쿠팡파트너스 성공,기타,다이어트 시작전 다이어트 성공후 사진,"다이어트 시작전 다이어트 성공후 사진 찍으려면 얼마에 한번 찍어요? 다이어트를 시작하기 전과 다이어트 성공 후에... 이 포스팅은 쿠팡 파트너스 활동의 일환으로, 이에 따른 일정액의 수수료를 제공받습니다.",https://kin.naver.com/qna/detail.naver?d1id=5&dirId=50803&docId=460255561&qb=7L+g7Yyh7YyM7Yq464SI7IqkIOyEseqztQ==&enc=utf8,,0,0,3,0,3,False
쿠팡파트너스 성공,기타,주부알바로 쿠팡 파트너스 같은 일을 시작해도 될까요?,... 수 있는 방법과 추천할 만한 상품군에 대해 알고 싶어요. 네 주부알바로 쿠팡 파트너스를 시작하는 것은 좋은 아이디어입니다! 초보자도 성공할 수 있으며 인기 상품이나 신제품을 홍보하는 것이 좋을 것 같아요 함께 도와드릴게요,https://kin.naver.com/qna/detail.naver?d1id=4&dirId=40611&docId=481054683&qb=7L+g7Yyh7YyM7Yq464SI7IqkIOyEseqztQ==&enc=utf8,,0,0,3,2,1,False
쿠팡파트너스 성공,기타,쿠팡에서 상품 팔고싶은데 조언좀요! (사업),"... 마케팅과 프로모션 활용: 쿠팡 내 광고(쿠팡 파트너스, 쿠팡 플레이 광고 등)를 활용해 노출을 높이고 판매를... 성공적 판매를 위해 초기에는 시장 조사와 경쟁 분석, 고객 피드백을 적극 반영하는 것이 중요합니다. 꾸준히 상품...",https://kin.naver.com/qna/detail.naver?d1id=4&dirId=40703&docId=490387577&qb=7L+g7Yyh7YyM7Yq464SI7IqkIOyEseqztQ==&enc=utf8,,0,0,6,0,6,False
쿠팡파트너스 성공,기타,다이어트 성공하는법!!,"다이어트 성공하는법!! 밥해먹기 귀찮거나할때, 가격도 싸고 배고플때 간편하게 먹을 수 있는게 뭐가있을까하다가... 맛있어요~ 드시면서 살빼셔유 ""이 포스팅은 쿠팡 파트너스 활동의 일환으로, 이에 따른 일정액의 수수료를 제공받습니다.""",https://kin.naver.com/qna/detail.naver?d1id=5&dirId=50803&docId=441105960&qb=7L+g7Yyh7YyM7Yq464SI7IqkIOyEseqztQ==&enc=utf8,,0,0,3,0,3,False
쿠팡파트너스 성공,기타,무릎관절염 재활운동 자가 치료 성공 후기,"무릎관절염 증상 재활운동만으로 자가 치료로 성공한 경우의 후기가 있는지 궁금합니다. 안녕하세요~! 제가 알기로도... 1석2조의 효과를 누리실수 있습니다. 쿠팡 파트너스 활동의 일환으로, 이에 따른 일정액의 수수료를 제공받습니다",https://kin.naver.com/qna/detail.naver?d1id=7&dirId=707&docId=456367682&qb=7L+g7Yyh7YyM7Yq464SI7IqkIOyEseqztQ==&enc=utf8,,0,0,3,2,1,False
쿠팡파트너스 성공,기타,폴더매트 성공하신분,"... 폴더매트 성공하신 분 있나요? 근래에 나온 김동현 폴더매트가 있는데요 폴더마다 틈새가 막혀있어 이물질이 끼지... 당근 층간소음에도 강하고요 아래 내용 확인해보세요~ 이 포스팅은 쿠팡 파트너스 활동의 일환으로, 이에 따른...",https://kin.naver.com/qna/detail.naver?d1id=8&dirId=8080101&docId=363740345&qb=7L+g7Yyh7YyM7Yq464SI7IqkIOyEseqztQ==&enc=utf8,,0,0,3,0,3,False
쿠팡파트너스 성공,기타,학생 다이어트 무조건 성공하는 방법,"학생 다이어트 무조건 성공하는 방법을 알려주세요 제가 올해로 고2 여학생인데 제가 다이어트를 무조건 성공할려는... 나쁘진 않을꺼 같아요 ㅎㅎ ""이 포스팅은 쿠팡 파트너스 활동의 일환으로, 이에 따른 일정액의 수수료를 제공받습니다.""",https://kin.naver.com/qna/detail.naver?d1id=5&dirId=50803&docId=441634280&qb=7L+g7Yyh7YyM7Yq464SI7IqkIOyEseqztQ==&enc=utf8,,0,0,3,2,1,False
쿠팡파트너스 성공,기타,성공의 기준이 뭔가요?,"... 돈이 적어도 성공했다고 하는사람이 있고 많아도 아직 만족하지 못하는사람도 있는거 보면요 ""이 포스팅은 쿠팡 파트너스 활동의 일환으로, 이에 따른 일정액의 수수료를 제공받습니다."" 채택한번 부탁드립니다! 좋은하루보내세요...",https://kin.naver.com/qna/detail.naver?d1id=8&dirId=80101&docId=429543514&qb=7L+g7Yyh7YyM7Yq464SI7IqkIOyEseqztQ==&enc=utf8,,0,0,6,0,6,False
쿠팡파트너스 성공,기타,허리디스크 탈출증 고혈압 증세 재활 운동 성공 후기,"... 회복 성공한 분들의 후기 사례들이 있을까요? 허리디스크 탈출증과 고혈압은 별개의 문제입니다. 허리디스크를... 허리의 기본적인 매커니즘을 이해하셔야 합니다 ""이 포스팅은 쿠팡 파트너스 활동의 일환으로, 이에 따른 일정액의...",https://kin.naver.com/qna/detail.naver?d1id=7&dirId=707&docId=445160924&qb=7L+g7Yyh7YyM7Yq464SI7IqkIOyEseqztQ==&enc=utf8,,0,0,3,0,3,False
쿠팡파트너스 성공,기타,다이어트성공하고싶어요,"... 성공해서 이뻐지고싶어요 ㅠㅠ 도와주세요 닭가슴살만 드시면 질리시겠네요... ㅠㅠㅠㅠ 참고하시고 꼭 다이어트 성공하시길 바라요! 화이팅! 이 포스팅은 쿠팡 파트너스 활동의 일환으로, 이에 따른 일정액의 수수료를 제공받습니다.",https://kin.naver.com/qna/detail.naver?d1id=5&dirId=50803&docId=397883658&qb=7L+g7Yyh7YyM7Yq464SI7IqkIOyEseqztQ==&enc=utf8,,0,0,3,2,1,False
쿠팡파트너스 성공,기타,단기간 다이어트 성공하는 방법,"... 다이어트 성공 하는 방법 제발 알려주세요 ㅠㅠㅜㅠ 단기간에 8키로 감량은 어려워요. 그리고 결국 다시... coupang.com/a/qVZRJ ""이 포스팅은 쿠팡 파트너스 활동의 일환으로, 이에 따른 일정액의 수수료를 제공받습니다.""",https://kin.naver.com/qna/detail.naver?d1id=13&dirId=130707&docId=422511863&qb=7L+g7Yyh7YyM7Yq464SI7IqkIOyEseqztQ==&enc=utf8,,0,0,3,2,1,False
쿠팡파트너스 성공,기타,국내 외식업ceo 성공스토리 도서 추천,"... 국내 외식업ceo 성공스토리 도서 추천 부탁드립니다. 저 두분처럼 무일푼에서 성공한스토리나 최소 금수저가 아닌... ""이 포스팅은 쿠팡 파트너스 활동의 일환으로, 이에 따른 일정액의 수수료를 제공받습니다.""",https://kin.naver.com/qna/detail.naver?d1id=8&dirId=80606&docId=415770562&qb=7L+g7Yyh7YyM7Yq464SI7IqkIOyEseqztQ==&enc=utf8,,0,0,3,2,1,False
쿠팡파트너스 성공,기타,다이어트 성공할수 있겠져...?,"... 그래서 매일매일 ""내일 할꺼야""하면서 미루고 미룹니다..진짜 다이어트 성공하고싶은데..어떡게 하죠..? 처음은... 이 포스팅은 쿠팡 파트너스 활동의 일환으로, 이에 따른 일정액의 수수료를 제공받습니다."" 소비자에게 수수료가 따로...",https://kin.naver.com/qna/detail.naver?d1id=5&dirId=50803&docId=419075107&qb=7L+g7Yyh7YyM7Yq464SI7IqkIOyEseqztQ==&enc=utf8,,0,0,3,0,3,False
쿠팡파트너스 성공,기타,제가 다이어트 성공할 수 있을까요?,"... 남자에요 다이어트 성공할 수 있습니다. 식단관리만 잘해도 괜찮습니다. 닭가슴살, 계란흰자, 혹은 토피... coupang.com/a/bcMr0c ""이 포스팅은 쿠팡 파트너스 활동의 일환으로, 이에 따른 일정액의 수수료를 제공받습니다.""",https://kin.naver.com/qna/detail.naver?d1id=8&dirId=80101&docId=456713458&qb=7L+g7Yyh7YyM7Yq464SI7IqkIOyEseqztQ==&enc=utf8,,0,0,3,0,3,False
쿠팡파트너스 성공,기타,다이어트 성공하는법 좀,"... 다이어트를 성공하기 위해서는 몇 가지 지침을 따르는 것이 중요합니다. 이를테면: 목표를 명확하게 설정하세요.... ""이 포스팅은 쿠팡 파트너스 활동의 일환으로, 이에 따른 일정액의 수수료를 제공받습니다.""",https://kin.naver.com/qna/detail.naver?d1id=5&dirId=50803&docId=443427713&qb=7L+g7Yyh7YyM7Yq464SI7IqkIOyEseqztQ==&enc=utf8,,0,0,3,0,3,False
쿠팡파트너스 성공,기타,다이어트성공할수잇을까욤ㅜ,"... 힘을 내어 꾸준히 노력하시면 다이어트에 성공할 수 있을 것입니다. 행운을 빕니다! 다이어트의 효과적인 곤약젤리 다이어트 하세요^^ ""이 포스팅은 쿠팡 파트너스 활동의 일환으로, 이에 따른 일정액의 수수료를 제공받습니다.""",https://kin.naver.com/qna/detail.naver?d1id=8&dirId=8030402&docId=446300369&qb=7L+g7Yyh7YyM7Yq464SI7IqkIOyEseqztQ==&enc=utf8,,0,0,6,0,6,False
쿠팡파트너스 성공,기타,쿠팡 아이폰16프로 사전예약 혜택,"... 사진출처:쿠팡 안녕하세요~ 사전예약 성공하셨나요? 지금 쿠팡에 기종, 색상 별로 조금씩 남아있는 것도 있고... 이 포스팅은 쿠팡 파트너스 활동의 일환으로, 이에 따른 일정액의 수수료를 제공받습니다",https://kin.naver.com/qna/detail.naver?d1id=5&dirId=511&docId=475227970&qb=7L+g7Yyh7YyM7Yq464SI7IqkIOyEseqztQ==&enc=utf8,,0,0,3,0,3,False
쿠팡파트너스 성공,기타,아이폰13 쿠팡 사전예약,... 그리고 아이폰13 쿠팡 사전예약 성공시 언제받나요? 그리고 마지막으로 아이폰13 쿠팡 사전예약하면... 채택 부탁드리겠습니다~ 제 글이 도움되셨길 바랍니다. 쿠팡 파트너스에 수수료를 지급받습니다. 감사합니다.,https://kin.naver.com/qna/detail.naver?d1id=5&dirId=510&docId=401425281&qb=7L+g7Yyh7YyM7Yq464SI7IqkIOyEseqztQ==&enc=utf8,,0,0,3,0,3,False
쿠팡파트너스 성공,기타,혈당영양제로 다이어트 성공하고 싶어요,"... 그리고 먹고싶은거나 외식은 하면서 평소에는 보리밥을 먹었어요. 한번 그렇게 해보시길 바래요^^ 종류는 더 많으니 바꿔가며 드세요~~ ""이 글은 쿠팡 파트너스 활동의 일환으로, 이에 따른 일정액의 수수료를 제공 받습니다.""",https://kin.naver.com/qna/detail.naver?d1id=5&dirId=50801&docId=472262316&qb=7L+g7Yyh7YyM7Yq464SI7IqkIOyEseqztQ==&enc=utf8,,0,0,3,0,3,False
쿠팡파트너스 성공,기타,성공한 사람들이 자신의 경험과 노하우를 알려주는 책들...,"제곧내,,, 읽어본 성공 관련 자기계발서 몇권추천드려요~~!! ""이 포스팅은 쿠팡 파트너스 활동의 일환으로, 이에 따른 일정액의 수수료를 제공받습니다.""",https://kin.naver.com/qna/detail.naver?d1id=8&dirId=80606&docId=453590658&qb=7L+g7Yyh7YyM7Yq464SI7IqkIOyEseqztQ==&enc=utf8,,0,0,6,2,4,False
쿠팡파트너스 성공,기타,(도서 추천) 늦게 공부해서 성공한 좋은 도서...,"10대공부해서 성공한 도서말고, 엄~청~ 늦게 공부했는데 성공한 케이스의 도서 추천 부탁드려요. 잘... ng/bOODiF 확인해보시고 좋은책 구입하시길바랍니다^^ 본답변은 쿠팡파트너스 활동으로 소정의 수수료가...",https://kin.naver.com/qna/detail.naver?d1id=11&dirId=11080106&docId=377580856&qb=7L+g7Yyh7YyM7Yq464SI7IqkIOyEseqztQ==&enc=utf8,,0,2,3,2,3,False
쿠팡파트너스 성공,기타,쿠팡플레이 티켓팅,"... 둘이 티켓팅 성공 할수 있는 난이도 인지 말해주세요 ㅠㅡㅠ 그리고 나중에 예매 취소도 되죠?? 안녕하세요... bz/cdlu 이 포스팅은 쿠팡 파트너스 활동의 일환으로, 이에 따른 일정액의 수수료를 제공받습니다....",https://kin.naver.com/qna/detail.naver?d1id=5&dirId=51002&docId=448881954&qb=7L+g7Yyh7YyM7Yq464SI7IqkIOyEseqztQ==&enc=utf8,,0,0,3,0,3,False
쿠팡파트너스 성공,기타,대학생 다이어트 성공후기좀 공유해주세요,"제가 다이어트를 자주 시도했는데 항상 빠지겠지.,., 생각만하고 정작 성공은 못하고ㅜ ㅜㅜㅜㅜ 너무 의지가... ""이 포스팅은 쿠팡 파트너스 활동의 일환으로, 이에 따른 일정액의 수수료를 제공받습니다.""",https://kin.naver.com/qna/detail.naver?d1id=5&dirId=50803&docId=407892720&qb=7L+g7Yyh7YyM7Yq464SI7IqkIOyEseqztQ==&enc=utf8,,0,0,3,0,3,False
쿠팡파트너스 성공,기타,성공에 관한 책 추천해주세요,"... 동기부여가 될만한 책 추천해주세요 굉고 채택 안 함 이 책이 정말 좋습니다.. 구매안하셔도 됩니다! 그냥 추천하는 거예요 ""이 포스팅은 쿠팡 파트너스 활동의 일환으로, 이에 따른 일정액의 수수료를 제공받습니다.""",https://kin.naver.com/qna/detail.naver?d1id=8&dirId=80606&docId=455936303&qb=7L+g7Yyh7YyM7Yq464SI7IqkIOyEseqztQ==&enc=utf8,,0,0,3,2,1,False
쿠팡파트너스 성공,기타,다이어트 성공하신분들 사람들 시선이,다이어트 성공하신분들 사람들 시선이 달라졌다고 느끼세요 뱃살 다이어트에 도움이 될 만한 제품을... 무선 복부마사지기 WGT-25000W COUPANG coupa.ng * 쿠팡 파트너스 활동을 통해 수수료를 지급받을 수 있습니다.,https://kin.naver.com/qna/detail.naver?d1id=12&dirId=1202&docId=373790315&qb=7L+g7Yyh7YyM7Yq464SI7IqkIOyEseqztQ==&enc=utf8,,0,0,3,0,3,False
쿠팡파트너스 성공,기타,중1 다이어트 성공 하는법…,... 저는 쿠팡파트너스 아니고 제가 먹어보고 정말 맛있어서 추천드립니다. 진짜 입에서 녹아내렸습니다 깜놀..ㅠ 간식은 몸에도 좋은 고구마를 추천드립니다. 저는 쿠팡 파트너스 아니고 정말 맛있는 고구마를 발견해서...,https://kin.naver.com/qna/detail.naver?d1id=5&dirId=50803&docId=441838493&qb=7L+g7Yyh7YyM7Yq464SI7IqkIOyEseqztQ==&enc=utf8,,0,2,3,2,3,False
쿠팡파트너스 성공,기타,다이어트 성공 후,"... ㅎㅎㅎㅎㅎ 마음에 드는 사람 만나는거죠~^^ 다이어트 성공했다니 축하합니다. 부럽네요~~~ ""이 포스팅은 쿠팡 파트너스 활동의 일환으로, 이에 따른 일정액의 수수료를 제공받습니다.""",https://kin.naver.com/qna/detail.naver?d1id=8&dirId=80101&docId=419040573&qb=7L+g7Yyh7YyM7Yq464SI7IqkIOyEseqztQ==&enc=utf8,,0,0,6,0,6,False
쿠팡파트너스 성공,기타,청년 일경험 지원사업 과 취성패 1유형 취업성공수당...,"청년 일경험 지원사업 과 취성패 1유형 취업성공수당 중복이 안되나요? 청년 일경험 지원사업으로 회사에서 지원금... 이 포스팅은 쿠팡 파트너스 활동의 일환으로, 이에 따른 일정액의 수수료를 제공받을 수 있습니다.",https://kin.naver.com/qna/detail.naver?d1id=4&dirId=40612&docId=383110094&qb=7L+g7Yyh7YyM7Yq464SI7IqkIOyEseqztQ==&enc=utf8,,0,0,3,0,3,False
쿠팡파트너스 성공,기타,다이어트 성공하신분들 비법좀 풀어주세요..,"... 쥬스나 탄산음료 콜라같은걸 얘기하는겁니다 평소 식단대로 밥과 물만 먹고 줄넘기만해도 살은 빠집니다. 거기다 이런 제품도 도움이되고요 ""이 포스팅은 쿠팡 파트너스 활동의 일환으로, 이에 따른 일정액의 수수료를 제공받습니다.""",https://kin.naver.com/qna/detail.naver?d1id=8&dirId=8030402&docId=425033202&qb=7L+g7Yyh7YyM7Yq464SI7IqkIOyEseqztQ==&enc=utf8,,0,0,3,0,3,False
쿠팡파트너스 성공,기타,아이폰 14 프로 쿠팡 자급제 물량,"지금은 사전예약 기간이라 성공하기 힘들지만 14프로 자급제를 언제쯤이면 편하게 구입 할 수 있나요? 질문자님... coupang.com/a/CZ2E2 ""이 포스팅은 쿠팡 파트너스 활동의 일환으로, 이에 따른 일정액의 수수료를 제공받습니다.""",https://kin.naver.com/qna/detail.naver?d1id=5&dirId=5010601&docId=429441015&qb=7L+g7Yyh7YyM7Yq464SI7IqkIOyEseqztQ==&enc=utf8,,0,0,3,2,1,False
쿠팡파트너스 성공,기타,아이폰13프로 쿠팡 사전예약,"아이폰 13프로 쿠팡에서 사전예약했는데 1차는 실패하고 2차에 성공했거든요? 저는 로켓와우 회원인데 1차때만... 2차때 로켓 배송해줘요. 이 포스팅은 쿠팡 파트너스 활동의 일환으로, 이에 따른 일정액의 수수료를 제공받습니다",https://kin.naver.com/qna/detail.naver?d1id=5&dirId=5010603&docId=402167411&qb=7L+g7Yyh7YyM7Yq464SI7IqkIOyEseqztQ==&enc=utf8,,0,0,6,0,6,False
쿠팡파트너스 성공,기타,4달만에 다이어트 성공 가능할까요?,"... 먹는거 조심하시고 다이어트 보조제나 쉐이크로 식단조절 꼭 하세요! 건강한 다이어트 하시길 바랍니다^^ 쿠팡 파트너스 활동의 일환으로, 이에 따른 일정액의 수수료를 제공받습니다",https://kin.naver.com/qna/detail.naver?d1id=13&dirId=13050603&docId=397508757&qb=7L+g7Yyh7YyM7Yq464SI7IqkIOyEseqztQ==&enc=utf8,,0,0,3,0,3,False
쿠팡파트너스 성공,기타,아이패드 9세대 쿠팡,"... 구매에 성공 하시기 바랍니다. 파트너스 활동으로 해당 지식인을 후원하실 수 있고요. 쿠팡 파트너스 활동의 일환으로, 이에 따른 일정액의 수수료를 제공받습니다. 채택으로 받은 해피빈콩은 전액 기부에 사용되고 있습니다....",https://kin.naver.com/qna/detail.naver?d1id=1&dirId=1010701&docId=411258147&qb=7L+g7Yyh7YyM7Yq464SI7IqkIOyEseqztQ==&enc=utf8,,0,0,3,0,3,False
쿠팡파트너스 성공,기타,제품을 판매하려고 하는데요,"... 아래에 두 플랫폼의 특징과 성공 전략을 정리하겠습니다. 쿠팡: • 특징: 빠른 배송(로켓배송), 높은 유입률, 간편... 쿠팡 파트너스 또는 광고 시스템을 이용해 노출 강화. 네이버: • 특징: 검색 기반 플랫폼으로 상품 검색과 리뷰 중심...",https://kin.naver.com/qna/detail.naver?d1id=4&dirId=40701&docId=491628018&qb=7L+g7Yyh7YyM7Yq464SI7IqkIOyEseqztQ==&enc=utf8,,0,0,3,0,3,False
쿠팡파트너스 성공,기타,쿠팡에서 애플워치6 출시시간언제인가요??,"... 알고싶어요제발ㅠㅠㅠㅠ̑̈ 쿠팡에서 성공해야 Apple Store에서 취소 할수있어서요 물량도 많이들어왔음... ng/bJ7OZj _____ 답변자의 지식과 경험을 바탕으로 작성되었고, 파트너스 활동을 통해 커미션를 제공받을 수...",https://kin.naver.com/qna/detail.naver?d1id=5&dirId=5010601&docId=369241367&qb=7L+g7Yyh7YyM7Yq464SI7IqkIOyEseqztQ==&enc=utf8,,0,0,3,0,3,False
쿠팡파트너스 성공,기타,악성곱슬 탈매직,"... 포스팅은 쿠팡 파트너스 활동의 일환으로, 이에 따른 일정액의 수수료를 제공받습니다."" 안녕하세요..!! 저도... 올웨이즈컬리 컬크림 3. 다슈 폴리쉬 헤어오일 입니다! 꼭 예쁜 본인만의 컬을 찾아 탈매직 성공하시길 바래요♥",https://kin.naver.com/qna/detail.naver?d1id=8&dirId=8030207&docId=482952788&qb=7L+g7Yyh7YyM7Yq464SI7IqkIOyEseqztQ==&enc=utf8,,0,0,3,0,3,False
쿠팡파트너스 성공,기타,AI상품소싱 온라인창업 어디서 시작해야할까요??,"... 대표적인 곳으로는 쿠팡 파트너스, 알리바바(Alibaba), 타오바오, 글로벌소싱 플랫폼을 활용할 수 있습니다. 대체로... 것이 성공의 핵심입니다. 요약하자면, 먼저 시장 조사로 니치 상품을 정하고, 신뢰할 수 있는 공급처를 찾아 샘플...",https://kin.naver.com/qna/detail.naver?d1id=4&dirId=40703&docId=491231578&qb=7L+g7Yyh7YyM7Yq464SI7IqkIOyEseqztQ==&enc=utf8,,0,0,3,0,3,False
쿠팡파트너스 성공,기타,홈트레이닝 유산소 운동,"... 질문자님의 홈트 성공을 위해, 현재 로잉머신 중에서도 층간소음이 적고 가성비 좋기로 유명한 모델들과 후기가... 새해 복 많이 받으세요. :) 이 포스팅은 쿠팡 파트너스 활동의 일환으로, 이에 따른 일정액의 수수료를 제공받습니다.",https://kin.naver.com/qna/detail.naver?d1id=8&dirId=8030402&docId=490751297&qb=7L+g7Yyh7YyM7Yq464SI7IqkIOyEseqztQ==&enc=utf8,,0,0,3,2,1,False
쿠팡파트너스 성공,기타,공복에 방울토마토,"... 방울토마토 먹고싶은데 토마토 먹으면 몸에 어떤부분이 안 좋아지는거에요? 공복에 먹어도 괜찮습니다 ! 다이어트 성공하시길 바랄게요 ! ""이 포스팅은 쿠팡 파트너스 활동의 일환으로, 이에 따른 일정액의 수수료를 제공받습니다.""",https://kin.naver.com/qna/detail.naver?d1id=7&dirId=706&docId=488448225&qb=7L+g7Yyh7YyM7Yq464SI7IqkIOyEseqztQ==&enc=utf8,,0,0,3,0,3,False
쿠팡파트너스 성공,기타,아이폰 17 언제 받을수있나요?,"... 가장 빠른 경우: 출시 당일 또는 다음 주 초 사전예약 첫날(12일)에 성공하신 1차 물량 고객들은 **공식 출시일인... 아이폰17 Pro 신제품 구경하기 ""이 포스팅은 쿠팡 파트너스 활동의 일환으로, 이에 따른 일정액의 수수료를...",https://kin.naver.com/qna/detail.naver?d1id=5&dirId=5010601&docId=489040541&qb=7L+g7Yyh7YyM7Yq464SI7IqkIOyEseqztQ==&enc=utf8,,0,0,3,0,3,False
쿠팡파트너스 성공,기타,아이폰15 사전예약,"아이폰 15 pro 사전예약 성공해서 1차로 받는데 언제쯤 받을 수 있을까요? 안녕하세요! 드디어 기다리던 애플... 도움되시기 바랍니다^^ 이 포스팅은 쿠팡 파트너스 활동의 일환으로, 이에 따른 일정액의 수수료를 제공받습니다.",https://kin.naver.com/qna/detail.naver?d1id=1&dirId=1070401&docId=456142882&qb=7L+g7Yyh7YyM7Yq464SI7IqkIOyEseqztQ==&enc=utf8,,0,0,3,0,3,False
쿠팡파트너스 성공,기타,아이폰 12 mini쿠팡 사전예약,"제가 방금 아이폰 12mini쿠팡 사전예약을 성공했는데 12월1일 전에 도착이라고 하는데 더 빨리 받을수 있는... 또한, 파트너스 활동의 일환으로 수수료를 제공받을 수 있으며. 답변을 채택해주시면 소외된 이웃에게 기부할...",https://kin.naver.com/qna/detail.naver?d1id=5&dirId=5010601&docId=373422377&qb=7L+g7Yyh7YyM7Yq464SI7IqkIOyEseqztQ==&enc=utf8,,0,0,6,0,6,False
쿠팡파트너스 성공,기타,꿈 관련 질물,"... - 수면 위생 관리: 일정한 기상·취침 시간, 전자기기 사용 제한 등으로 REM 주기를 안정시키면 시도 성공률이... 이 포스팅은 쿠팡 파트너스 활동의 일환으로, 이에 따른 일정액의 수수료를 제공받습니다. 짧게 정리하면: 꿈은 뇌의...",https://kin.naver.com/qna/detail.naver?d1id=3&dirId=31505&docId=488481991&qb=7L+g7Yyh7YyM7Yq464SI7IqkIOyEseqztQ==&enc=utf8,,0,0,3,0,3,False
쿠팡파트너스 성공,기타,인터파크 티켓팅,"이번 찰리푸스 티켓팅을 성공하고 싶은데요. Yes24는 글로벌?로 들어가고 인터파크는 잘 모르겠는데 인터파크도... bz/cdlu 이 포스팅은 쿠팡 파트너스 활동의 일환으로, 이에 따른 일정액의 수수료를 제공받습니다....",https://kin.naver.com/qna/detail.naver?d1id=5&dirId=51001&docId=449024260&qb=7L+g7Yyh7YyM7Yq464SI7IqkIOyEseqztQ==&enc=utf8,,0,0,3,0,3,False
쿠팡파트너스 성공,기타,스트레이키즈 팬미팅 예매방법 알려주세요,"... 해야하나요ㅠㅠ?성공 꿀팁도 알려주세요ㅠㅠ 저도 연예인 팬이라서 이해해요! 팬미팅에 참가하면서 언뜻... ly/3q0Ouu5 이 포스팅은 쿠팡 파트너스 활동의 일환으로, 이에 따른 일정액의 수수료를 제공받습니다....",https://kin.naver.com/qna/detail.naver?d1id=5&dirId=51001&docId=446705239&qb=7L+g7Yyh7YyM7Yq464SI7IqkIOyEseqztQ==&enc=utf8,,0,0,3,2,1,False
쿠팡파트너스 성공,기타,에어팟 프로2 할인,"... 구매 성공하시길 바라겠습니다. *현재 17% 할인 프로모션 진행중에 있기 때문에, 알뜰하게 구매하실 예정이시라면... 감사합니다. ""이 포스팅은 쿠팡 파트너스 활동의 일환으로, 이에 따른 일정액의 수수료를 제공받습니다.""",https://kin.naver.com/qna/detail.naver?d1id=5&dirId=50103&docId=434465705&qb=7L+g7Yyh7YyM7Yq464SI7IqkIOyEseqztQ==&enc=utf8,,0,0,3,0,3,False
쿠팡파트너스 성공,기타,일반 가정에서 사용하는 그냥 밀가루가 중력분인가요?,"... ""이 포스팅은 쿠팡 파트너스 활동의 일환으로, 이에 따른 일정액의 수수료를 제공받습니다."" 결론부터... coupang.com/a/cG8yGg 요것도 하나 챙겨두시면 좋아요! 응원할게요! 맛있는 쿠키슈 꼭 성공하시길 바랍니다",https://kin.naver.com/qna/detail.naver?d1id=8&dirId=8020207&docId=487475556&qb=7L+g7Yyh7YyM7Yq464SI7IqkIOyEseqztQ==&enc=utf8,,0,0,3,0,3,False
쿠팡파트너스 성공,기타,사주 봐주세요,"... 성공할까요? 다른직업이 좋을까요? 안녕하세요. 사주를 보아드리겠습니다. 2008년 8월 17일 양력 여자의 사주를... ^^ 감사합니다~ ""이 포스팅은 쿠팡 파트너스 활동의 일환으로, 이에 따른 일정액의 수수료를 제공받습니다.""",https://kin.naver.com/qna/detail.naver?d1id=8&dirId=8030302&docId=452725779&qb=7L+g7Yyh7YyM7Yq464SI7IqkIOyEseqztQ==&enc=utf8,,0,0,3,0,3,False
쿠팡파트너스 성공,기타,다이어트성공 팁 좀 주세요,"... 그래서 다이어트 하려고 하는데 생각보다 쉽지않아서 실제 다이어트 성공 팁좀 듣고 싶은데 다이어트 성공하신... ng/ca1KYu ""이 포스팅은 쿠팡 파트너스 활동의 일환으로, 이에 따른 일정액의 수수료를 제공받습니다.""",https://kin.naver.com/qna/detail.naver?d1id=5&dirId=50803&docId=403746264&qb=7L+g7Yyh7YyM7Yq464SI7IqkIOyEseqztQ==&enc=utf8,,0,0,3,0,3,False
쿠팡파트너스 성공,기타,쿠팡 아이폰13 사전예약,"... [아이폰13 사전예약 100% 성공하는 노하우] * 쿠팡 로그인과 결제 정보는 미리 입력* 여기서 Tip 1 프로모션... 답변자의 지식과 경험을 바탕으로 작성되었고, 파트너스 활동을 통해 일정액의 수수료를 제공받을 수 있으며 지식iN...",https://kin.naver.com/qna/detail.naver?d1id=5&dirId=5010601&docId=401134273&qb=7L+g7Yyh7YyM7Yq464SI7IqkIOyEseqztQ==&enc=utf8,,0,0,6,0,6,False
쿠팡파트너스 성공,기타,베란다 채소 추천,"... 왕초보도 성공 확률 높음 관리 방법(짧고 쉽게) ✔ 물 주기 대부분 흙이 마르면 듬뿍 주기 매일 조금씩 주는... coupang.com/a/c9o0Hc ""이 포스팅은 쿠팡 파트너스 활동의 일환으로, 이에 따른 일정액의 수수료를 제공받습니다.""",https://kin.naver.com/qna/detail.naver?d1id=8&dirId=8020602&docId=421670656&qb=7L+g7Yyh7YyM7Yq464SI7IqkIOyEseqztQ==&enc=utf8,,0,0,3,2,1,False
쿠팡파트너스 성공,기타,겁나 살쪗는데 빼는 방법좀..ㅎ,"... 건강을 위한 일인데 책한권 읽는건 괜찮지 않겠습니까. 꼭 다이어트 성공하기 바랍니다. 화이팅입니다. 《《《 뱃살이 쏙 빠지는 식사법 》》》 이 포스팅은 쿠팡 파트너스 활동의 일환으로, 이에 따른 일정액의 수수료를 제공받습니다",https://kin.naver.com/qna/detail.naver?d1id=5&dirId=50803&docId=440879702&qb=7L+g7Yyh7YyM7Yq464SI7IqkIOyEseqztQ==&enc=utf8,,0,0,3,0,3,False
쿠팡파트너스 성공,기타,아보카도 연어포케의 다이어트 효과는 어느 정도인가요?,"... 함께 이러한 식단을 병행하면 보다 건강하고 효과적인 다이어트를 기대할 수 있습니다. 건강한 식단으로 다이어트 성공하시길 응원합니다! ""이 포스팅은 쿠팡 파트너스 활동의 일환으로, 이에 따른 일정액의 수수료를 제공받습니다.""",https://kin.naver.com/qna/detail.naver?d1id=5&dirId=50803&docId=486280050&qb=7L+g7Yyh7YyM7Yq464SI7IqkIOyEseqztQ==&enc=utf8,,0,0,3,0,3,False
쿠팡파트너스 성공,기타,아이폰 se 3세대 쿠팡 2차 사전예약 언제에요?,"... 아이폰 se3 꼭 사전예약 성공해서 할인받고 사고 싶네요 현재 쿠팡에서 사전예약 중입니다. 3월 25일부터... 출고되니 서두르세요~! ""이 포스팅은 쿠팡 파트너스 활동의 일환으로, 이에 따른 일정액의 수수료를 제공받습니다.""",https://kin.naver.com/qna/detail.naver?d1id=5&dirId=5010601&docId=415044928&qb=7L+g7Yyh7YyM7Yq464SI7IqkIOyEseqztQ==&enc=utf8,,0,0,3,0,3,False
쿠팡파트너스 성공,기타,유튜버가 꿈이에요,... 예를 들어 쿠팡 파트너스 프로그램이나 자신의 스마트 스토어를 연계하여 제품을 판매하고 광고 수익을 얻는... 유튜버로서 성공하기 위해서는 꾸준한 노력과 창의적인 아이디어가 필수적이에요. 질문자님께서 좋아하는 분야에서...,https://kin.naver.com/qna/detail.naver?d1id=11&dirId=110307&docId=482687730&qb=7L+g7Yyh7YyM7Yq464SI7IqkIOyEseqztQ==&enc=utf8,,0,2,3,2,3,False
쿠팡파트너스 성공,기타,아이돌이라는 꿈 접을지 말지 고민,"... 이 포스팅은 쿠팡 파트너스 활동의 일환으로, 이에 따른 일정액의 수수료를 제공받습니다. 마음 관리 - 주위 의견... - 실패를 두려워하지 말고, 작은 성공 경험을 쌓아 자신감을 키우세요. 설령 길을 바꿔도 그간 쌓은 경험은 모두...",https://kin.naver.com/qna/detail.naver?d1id=11&dirId=1111&docId=488505618&qb=7L+g7Yyh7YyM7Yq464SI7IqkIOyEseqztQ==&enc=utf8,,0,0,3,0,3,False
쿠팡파트너스 성공,기타,11번가 아이폰 15 (급해여),"11번가에서 아이폰 15 1차 사전예약 성공해서 12일 입고 후 순차 발송이라는데 13일이나 14일에 받을 수 있을까요?... 도움되시기 바랍니다^^ 이 포스팅은 쿠팡 파트너스 활동의 일환으로, 이에 따른 일정액의 수수료를 제공받습니다.",https://kin.naver.com/qna/detail.naver?d1id=8&dirId=81302&docId=456122189&qb=7L+g7Yyh7YyM7Yq464SI7IqkIOyEseqztQ==&enc=utf8,,0,0,3,0,3,False
쿠팡파트너스 성공,블로그,미국 취업 방법이 궁금합니다,"... 인공지능으로 쇼츠 알고리즘 타기, 블로그 광고 노출 올리기, 쿠팡 파트너스 협찬, 인공지능 노래 만들기 등등... 왜냐하면 우리 인간의 dna 는 성공에 최적화되어 있지 않기 때문입니다. 진화심리학에 의하면 (저는 개인적으로 안 믿긴...",https://kin.naver.com/qna/detail.naver?d1id=11&dirId=110602&docId=491806254&qb=7L+g7Yyh7YyM7Yq464SI7IqkIOyEseqztQ==&enc=utf8,,0,2,3,2,3,False
쿠팡파트너스 성공,기타,인덕션겸용냄비 추천 부탁드릴게요!,"... 적당한 선으로 사고 싶은데 너무 부담스러우면 좀 그래요ㅠㅠ 저번에 냄비 샀던게 실패했어서 이번엔 성공하고... 이 포스팅은 쿠팡 파트너스 활동의 일환으로, 이에 따른 일정액의 수수료를 제공받을수 있지만 구매자에게 추가금액은...",https://kin.naver.com/qna/detail.naver?d1id=5&dirId=50503&docId=436290456&qb=7L+g7Yyh7YyM7Yq464SI7IqkIOyEseqztQ==&enc=utf8,,0,0,3,2,1,False
쿠팡파트너스 성공,기타,KT 중고폰 사용자등록과 확정기변,"... 제가 사용자 등록을 한 기기라 함은 타인이 등록할 수 없다는 뜻이고, 반대로 제가 등록에 성공했다고 문자가... com/a/cIDVQU ✍ 이 포스팅은 쿠팡 파트너스 활동의 일환으로, 이에 따른 일정액의 수수료를 제공받습니다. 필요한...",https://kin.naver.com/qna/detail.naver?d1id=1&dirId=107020102&docId=487024277&qb=7L+g7Yyh7YyM7Yq464SI7IqkIOyEseqztQ==&enc=utf8,,0,0,6,0,6,False
쿠팡파트너스 성공,기타,드비알레 스피커 빔프로젝터 연결시 스테레오,"... 킹스빔에선 스테레오를 지원하지 않는다 답변받았는데 제가 성공한 적이 있거든요.. 다시 껏다 들을때 다시... ""이 포스팅은 쿠팡 파트너스 활동의 일환으로, 이에 따른 일정액의 수수료를 제공받습니다.""",https://kin.naver.com/qna/detail.naver?d1id=5&dirId=50103&docId=438134590&qb=7L+g7Yyh7YyM7Yq464SI7IqkIOyEseqztQ==&enc=utf8,,0,0,3,0,3,False
쿠팡파트너스 성공,기타,롤파크 티켓 현장수령,"제가 예매를 성공했는데 현장수령 방법이 공연당일날 예매내역서(프린트)와 신분증을 지참하시고, 공연장의... bz/cdlu 이 포스팅은 쿠팡 파트너스 활동의 일환으로, 이에 따른 일정액의 수수료를 제공받습니다....",https://kin.naver.com/qna/detail.naver?d1id=5&dirId=51002&docId=448874052&qb=7L+g7Yyh7YyM7Yq464SI7IqkIOyEseqztQ==&enc=utf8,,0,0,6,0,6,False
쿠팡파트너스 성공,블로그,안녕하세요 질문드릴것이 있습니다,"... 첫째,여러 프로젝트와 올림피아드 등을 준비중에 있으며 모든걸 성공하기란 어렵겠으나 만약 어느정도의 성과... 인공지능으로 쇼츠 알고리즘 타기, 블로그 광고 노출 올리기, 쿠팡 파트너스 협찬, 인공지능 노래 만들기 등등...",https://kin.naver.com/qna/detail.naver?d1id=11&dirId=110602&docId=487781761&qb=7L+g7Yyh7YyM7Yq464SI7IqkIOyEseqztQ==&enc=utf8,,0,2,3,2,3,False
쿠팡파트너스 성공,기타,무대인사 자리,"무대인사 c열 중블 통로면 성공인가요?! 안녕하십니까 네 ! c열정도면 잘 보일것 같아요!ㅎㅎㅎ 오늘 하루도... bz/ccYE 이 포스팅은 쿠팡 파트너스 활동의 일환으로, 이에 따른 일정액의 수수료를 제공받습니다....",https://kin.naver.com/qna/detail.naver?d1id=3&dirId=308&docId=447963401&qb=7L+g7Yyh7YyM7Yq464SI7IqkIOyEseqztQ==&enc=utf8,,0,0,3,0,3,False
쿠팡파트너스 성공,기타,초고도비만 다이어트 정체기,"... 제 나름대로는 노력한다고 노력하는데 멈춰 있기만 하는 이 구간이 너무 무서워요… 이번에는 진짜 성공하고... ly/3q0Ouu5 이 포스팅은 쿠팡 파트너스 활동의 일환으로, 이에 따른 일정액의 수수료를 제공받습니다....",https://kin.naver.com/qna/detail.naver?d1id=5&dirId=50803&docId=446504464&qb=7L+g7Yyh7YyM7Yq464SI7IqkIOyEseqztQ==&enc=utf8,,0,0,3,0,3,False
쿠팡파트너스 성공,기타,자각몽 번호꿈,"... 반복적 성공 사례가 있다 해도 대부분 우연과 선택적 기억(성공은 기억하고 실패는 잊는 현상)으로 설명됩니다. 왜... com/a/cMy0RK (종종 할인 중이니 확인해 보세요.) 이 포스팅은 쿠팡 파트너스 활동의 일환으로, 이에 따른 일정액의...",https://kin.naver.com/qna/detail.naver?d1id=3&dirId=31505&docId=488533765&qb=7L+g7Yyh7YyM7Yq464SI7IqkIOyEseqztQ==&enc=utf8,,0,0,3,0,3,False
쿠팡파트너스 성공,기타,다이어트 식단,"... 게시물은 쿠팡 파트너스 활동의 일환으로, 이에 따른 일정액의 수수료를 제공받습니다. 다이어트 음식은 아래... 이 세 가지를 잘 지켜주시면 건강을 해치지 않으면서 효과적으로 다이어트에 성공하실 수 있으니 참고하시기...",https://kin.naver.com/qna/detail.naver?d1id=5&dirId=50502&docId=487425591&qb=7L+g7Yyh7YyM7Yq464SI7IqkIOyEseqztQ==&enc=utf8,,0,0,3,0,3,False
쿠팡파트너스 성공,기타,다이어트가 시급..,... 뭔가 꿀팁이나 루틴이나 돈 최대한 안들게 다이어트 성공하는 법이 있을까요..? 급합니다..ㅠㅠㅠ... com/a/bbCLQy 추천드립니다. 이 포스팅은 쿠팡 파트너스 활동의 일한으로 이에 따른 일정액의 수수료를 제공받습니다,https://kin.naver.com/qna/detail.naver?d1id=5&dirId=50803&docId=456005848&qb=7L+g7Yyh7YyM7Yq464SI7IqkIOyEseqztQ==&enc=utf8,,0,0,3,2,1,False
쿠팡파트너스 성공,기타,이 바퀴벌레 이름이 뭔가요?,"... 30분동안 간신히 죽이기 성공했지만 너무 찝찝합니다 이미 번식까지 다 했으면 어떡하죠 ㅠㅠ집에 들어가기... 저의 답변 읽어주셔서 너무 감사드리고 ""이 포스팅은 쿠팡 파트너스 활동의 일환으로, 이에 따른 일정액의...",https://kin.naver.com/qna/detail.naver?d1id=8&dirId=80901&docId=420785954&qb=7L+g7Yyh7YyM7Yq464SI7IqkIOyEseqztQ==&enc=utf8,,0,0,6,0,6,False
쿠팡파트너스 성공,기타,가르시니아캄보지아 지방변,"... 보조제에 의존하기보다는 몸 전체의 균형을 유지하며 건강하게 관리하시길 바랍니다. 건강 회복과 함께 다이어트도 성공하시길 응원합니다! ""이 포스팅은 쿠팡 파트너스 활동의 일환으로, 이에 따른 일정액의 수수료를 제공받습니다.""",https://kin.naver.com/qna/detail.naver?d1id=5&dirId=50803&docId=486283944&qb=7L+g7Yyh7YyM7Yq464SI7IqkIOyEseqztQ==&enc=utf8,,0,0,3,0,3,False
쿠팡파트너스 성공,기타,다이어트 도와주세요,"... 다이어트 할때마다 매번 잠들기전에 미칠듯이 배가 고파서 못참아서 실패하는데 성공하려면 그걸... ""이 포스팅은 쿠팡 파트너스 활동의 일환으로, 이에 따른 일정액의 수수료를 제공받습니다."" 쿠팡은 예시를 나타내기위해...",https://kin.naver.com/qna/detail.naver?d1id=8&dirId=80304&docId=452428822&qb=7L+g7Yyh7YyM7Yq464SI7IqkIOyEseqztQ==&enc=utf8,,0,0,3,2,1,False
쿠팡파트너스 성공,기타,헬리코박터 2차제균치료후,"... 제균치료 성공 여부 확인을 위한 검사 시행 (보통 치료 종료 4-6주 후) 필요시 위산억제제 추가 처방 고려 제균치료... 이 포스팅은 쿠팡 파트너스 활동의 일환으로, 이에 따른 일정액의 수수료를 제공받을수있습니다.",https://kin.naver.com/qna/detail.naver?d1id=7&dirId=7010102&docId=486559318&qb=7L+g7Yyh7YyM7Yq464SI7IqkIOyEseqztQ==&enc=utf8,,0,0,3,0,3,False
쿠팡파트너스 성공,기타,미란성위염으로 조직검사하면 대부분 헬리코박터가...,"... 제균 성공률은 약 80-90%로, 대부분 첫 치료에서 성공합니다. 현재 할 수 있는 관리법: 자극적인 음식(매운 음식, 짠... 이 포스팅은 쿠팡 파트너스 활동의 일환으로, 이에 따른 일정액의 수수료를 제공받을수있습니다.",https://kin.naver.com/qna/detail.naver?d1id=7&dirId=7010102&docId=482964447&qb=7L+g7Yyh7YyM7Yq464SI7IqkIOyEseqztQ==&enc=utf8,,0,0,3,0,3,False
쿠팡파트너스 성공,기타,아이패드를사고싶은데아빠 말문이 딱 막힐만한 근거...,"... 근거로 성공시 내공1100 1. 아버님 제가 아이패드병에 걸렸습니다. 그래서 모든 것이 아이패드로 생각이 이어져... coupang.com ""이 포스팅은 쿠팡 파트너스 활동의 일환으로, 이에 따른 일정액의 수수료를 제공받습니다”",https://kin.naver.com/qna/detail.naver?d1id=1&dirId=1010701&docId=459167261&qb=7L+g7Yyh7YyM7Yq464SI7IqkIOyEseqztQ==&enc=utf8,,0,0,3,0,3,False
쿠팡파트너스 성공,기타,2주 안에 무조건 살 빼는 방법,"... 알려주세요 성공 하면 진짜 쿠폰이라도 드릴게요 안녕하세요 인생은 아름답입니다! 저는 일주일에 1번 운동장... coupang.com/a/01sNI ""이 포스팅은 쿠팡 파트너스 활동의 일환으로, 이에 따른 일정액의 수수료를 제공받습니다.""",https://kin.naver.com/qna/detail.naver?d1id=5&dirId=50803&docId=447954859&qb=7L+g7Yyh7YyM7Yq464SI7IqkIOyEseqztQ==&enc=utf8,,0,0,3,2,1,False
쿠팡파트너스 성공,기타,총맞는꿈 꿈해몽,"... 결국 문을 닫고 탈출에 성공한 것은 매우 긍정적인 부분으로, 당신이 현재의 어려움이나 압박에서 벗어날 수 있는... 이 포스팅은 쿠팡 파트너스 활동의 일환으로, 이에 따른 일정액의 수수료를 제공받습니다. 답변이 도움 되셨다면...",https://kin.naver.com/qna/detail.naver?d1id=3&dirId=31505&docId=488577905&qb=7L+g7Yyh7YyM7Yq464SI7IqkIOyEseqztQ==&enc=utf8,,0,0,3,0,3,False
쿠팡파트너스 성공,기타,남자가 자는 시간 빼고 공부만 하거나 자기계발을...,"... 더 성공한 모습을 말이죠 20살때도 한번 어느정도 찌다 보니 차여서 보란듯이 몸을 만든적도 있고요 암튼 그런... *이 포스팅은 쿠팡 파트너스 활동의 일환으로, 이에 따른 일정액의 수수료를 제공 받습니다.",https://kin.naver.com/qna/detail.naver?d1id=8&dirId=80101&docId=450491183&qb=7L+g7Yyh7YyM7Yq464SI7IqkIOyEseqztQ==&enc=utf8,,0,0,3,0,3,False
쿠팡파트너스 성공,기타,유심 셀프개통 자급제 구매,"아이폰15프로 1차 예약 성공한 상태구요 기존 KT 에서 SKT 로 변경할 예정입니다. 미리 온라인 타다샵 을 통해... 이 포스팅은 쿠팡 파트너스 활동의 일환으로, 이에 따른 일정액의 수수료를 제공받습니다.",https://kin.naver.com/qna/detail.naver?d1id=1&dirId=107020101&docId=456006948&qb=7L+g7Yyh7YyM7Yq464SI7IqkIOyEseqztQ==&enc=utf8,,0,0,3,0,3,False
쿠팡파트너스 성공,기타,경찰되는법,"... 해야 성공 가능성이 커집니다. 아래에서 자세히 정리해 드릴게요. 1. 경찰이 되기 위해 필요한 기본적인 자질... 걸음씩 나아가시길 응원합니다! 쿠팡 파트너스 활동의 일환으로, 이에 따른 일정액의 수수료를 제공받습니다.>",https://kin.naver.com/qna/detail.naver?d1id=4&dirId=40601&docId=477966935&qb=7L+g7Yyh7YyM7Yq464SI7IqkIOyEseqztQ==&enc=utf8,,0,0,3,0,3,False
쿠팡파트너스 성공,기타,그냥 살때 높은IQ 겁나 중요합니다,"... IQ는 삶에서 중요한 역할을 하며, IQ를 인식하고 활용하는 것은 성공에 도움이 될 수 있습니다. *이 포스팅은 쿠팡 파트너스 활동의 일환으로, 이에 따른 일정액의 수수료를 제공받습니다.",https://kin.naver.com/qna/detail.naver?d1id=4&dirId=40602&docId=463173730&qb=7L+g7Yyh7YyM7Yq464SI7IqkIOyEseqztQ==&enc=utf8,,0,0,3,0,3,False
쿠팡파트너스 성공,기타,학생 다이어트,"... 정말로 성공하고 싶어요ㅠㅠㅠ 학생이 무슨 다이어트냐 같은 답변이나 광고 있으면 신고해요!! 학업과 학원... 데 도움이 될 수 있습니다. ""이 포스팅은 쿠팡 파트너스 활동의 일환으로, 이에 따른 일정액의 수수료를 제공받습니다.""",https://kin.naver.com/qna/detail.naver?d1id=13&dirId=130707&docId=445658177&qb=7L+g7Yyh7YyM7Yq464SI7IqkIOyEseqztQ==&enc=utf8,,0,0,3,0,3,False
쿠팡파트너스 성공,기타,급해오다이어트 약,"... 건강을 위한 일인데 책한권 읽는건 괜찮지 않겠습니까. 꼭 다이어트 성공하기 바랍니다. 《《《 뱃살이 쏙 빠지는 식사법 》》》 이 포스팅은 쿠팡 파트너스 활동의 일환으로, 이에 따른 일정액의 수수료를 제공받습니다",https://kin.naver.com/qna/detail.naver?d1id=8&dirId=8030404&docId=439680759&qb=7L+g7Yyh7YyM7Yq464SI7IqkIOyEseqztQ==&enc=utf8,,0,0,3,0,3,False
쿠팡파트너스 성공,기타,다이어트 조언 부탁드려요,"... 적당한 근력운동도 병행하시어 근손실이 나지 않도록 하신다면 요요없는 체중감량이 가능하십니다. 건강한 체중감량에 성공하시길 바래요! 이 포스팅은 쿠팡 파트너스 활동의 일환으로, 이에 따른 일정액의 수수료를 제공받습니다.",https://kin.naver.com/qna/detail.naver?d1id=5&dirId=50803&docId=429460311&qb=7L+g7Yyh7YyM7Yq464SI7IqkIOyEseqztQ==&enc=utf8,,0,0,3,0,3,False
쿠팡파트너스 성공,기타,고3 남자 다이어트,"... 꼭 다이어트 성공하기 바랍니다. ★★★ 뱃살이 쏙 빠지는 식사법 ★★★ 이 포스팅은 쿠팡 파트너스 활동의 일환으로, 이에 따른 일정액의 수수료를 제공받습니다 채택으로 발생한 해피빈 콩은 전액 기부됩니다.",https://kin.naver.com/qna/detail.naver?d1id=5&dirId=50803&docId=468530373&qb=7L+g7Yyh7YyM7Yq464SI7IqkIOyEseqztQ==&enc=utf8,,0,0,3,0,3,False
쿠팡파트너스 성공,기타,유플러스 아이폰 14프로 실버 사전예약 했는데,"... 쿠팡도 며칠뒤면 5차 사전예약 한다 들었는데 없으면 거기라도 성공해서 사전예약 한 사람한테 줘야 되는거... coupang.com/a/D4oFw ""이 포스팅은 쿠팡 파트너스 활동의 일환으로, 이에 따른 일정액의 수수료를 제공받습니다.""",https://kin.naver.com/qna/detail.naver?d1id=5&dirId=5010601&docId=430742623&qb=7L+g7Yyh7YyM7Yq464SI7IqkIOyEseqztQ==&enc=utf8,,0,0,3,0,3,False
쿠팡파트너스 성공,기타,갤럭시s23플러스 vs 갤럭시s24플러스,"... 이번에 취업을 성공해서 서브폰을 갤럭시로 하나 장만하려고 하는데 곧 갤럭시s24 시리즈가 출시 될... 선택하시는데 도움되시기 바랍니다. 이 포스팅은 쿠팡 파트너스 활동의 일환으로, 이에 따른 일정액의 수수료를 제공받습니다.",https://kin.naver.com/qna/detail.naver?d1id=1&dirId=107040203&docId=461531848&qb=7L+g7Yyh7YyM7Yq464SI7IqkIOyEseqztQ==&enc=utf8,,0,0,3,0,3,False
쿠팡파트너스 성공,기타,로스트아크용 노트북,"제가 평소에 로스트아크 게임을 하고있습니다 근데 이번에 취업에 성공하여 서울로 올라갈 예정인데... 포스팅은 쿠팡 파트너스 활동의 일환으로, 이에 따른 일정액의 수수료를 제공받습니다."" 이 세개의 제품을...",https://kin.naver.com/qna/detail.naver?d1id=2&dirId=204&docId=461472627&qb=7L+g7Yyh7YyM7Yq464SI7IqkIOyEseqztQ==&enc=utf8,,0,0,3,0,3,False
쿠팡파트너스 성공,기타,탄수화물 끊었을때,"... coupang.com/a/csOI2j ""이 답변은 쿠팡 파트너스 활동의 일환으로, 이에 따른 일정액의 수수료를 제공받습니다."" 지니가 알려드린 방법으로 건강하게 다이어트 성공하시길 바랄게요!",https://kin.naver.com/qna/detail.naver?d1id=8&dirId=8030401&docId=484986200&qb=7L+g7Yyh7YyM7Yq464SI7IqkIOyEseqztQ==&enc=utf8,,0,0,3,0,3,False
쿠팡파트너스 성공,기타,다이어트보조제 찾고 있는데…,"... 그중에서 성공 확률이 정말 높은 보조게를 찾고 있는데 어떤게 좋을까요 보조제라면 가르시니아 라고... coupang.com/a/brZd4G ""이 포스팅은 쿠팡 파트너스 활동의 일환으로, 이에 따른 일정액의 수수료를 제공받습니다.""",https://kin.naver.com/qna/detail.naver?d1id=2&dirId=20404&docId=465139349&qb=7L+g7Yyh7YyM7Yq464SI7IqkIOyEseqztQ==&enc=utf8,,0,0,3,0,3,False
쿠팡파트너스 성공,기타,피부 두드러기,"... com/shorts/YBam9Q4nHwg 조셉머피의 확인성공공식(건강명령) 먼저 승인하라/ 과도한 노력금지, 자신감 얻기... coupang.com/a/byF856 ""이 포스팅은 쿠팡 파트너스 활동의 일환으로, 이에 따른 일정액의 수수료를 제공받습니다.""",https://kin.naver.com/qna/detail.naver?d1id=7&dirId=70111&docId=468534631&qb=7L+g7Yyh7YyM7Yq464SI7IqkIOyEseqztQ==&enc=utf8,,0,0,3,0,3,False
쿠팡파트너스 성공,기타,엄지발가락에 이상한 점,"... 조셉머피의 확인성공공식(건강명령) 먼저 승인하라/ 과도한 노력금지, 자신감 얻기... com/a/byFXAY ""이 포스팅은 쿠팡 파트너스 활동의 일환으로, 이에 따른 일정액의 수수료를 제공받을 수 있습니다."" 모르면...",https://kin.naver.com/qna/detail.naver?d1id=7&dirId=70111&docId=468799334&qb=7L+g7Yyh7YyM7Yq464SI7IqkIOyEseqztQ==&enc=utf8,,0,0,3,0,3,False
쿠팡파트너스 성공,기타,벌크업 식단,"... 제일 가성비에 맛도 다양하고 좋은거 같아요 꾸준한 운동과 식단으로 벌크업에 성공하시길 바라니다 ..! :) 채택과내공 부탁드립니다 ~! 감사합니다 ""이 포스팅은 쿠팡 파트너스 활동의 일환으로, 이에 따른 일정액의 수수료를...",https://kin.naver.com/qna/detail.naver?d1id=5&dirId=50803&docId=471445857&qb=7L+g7Yyh7YyM7Yq464SI7IqkIOyEseqztQ==&enc=utf8,,0,0,3,0,3,False
쿠팡파트너스 성공,기타,"말과 행동, 생각이 성숙하지 못한 사람의 특징은 뭐가...","... 하지만, 성숙해지면 주변 사람들과 더 잘 어울리고, 사회생활에 더 많은 성공을 거둘 수 있습니다.... bz/cejM 이 포스팅은 쿠팡 파트너스 활동의 일환으로, 이에 따른 일정액의 수수료를 제공받습니다....",https://kin.naver.com/qna/detail.naver?d1id=8&dirId=80101&docId=448357497&qb=7L+g7Yyh7YyM7Yq464SI7IqkIOyEseqztQ==&enc=utf8,,0,0,3,0,3,False
쿠팡파트너스 성공,기타,국내에 헬레이저 시리즈를 방영할 당시에,"... 흥행에 성공하지 못했습니다. 헬레이저 시리즈는 1편과 2편이 흥행에 성공했지만, 3편부터는 흥행에... bz/cevI 이 포스팅은 쿠팡 파트너스 활동의 일환으로, 이에 따른 일정액의 수수료를 제공받습니다.",https://kin.naver.com/qna/detail.naver?d1id=3&dirId=30305&docId=447952212&qb=7L+g7Yyh7YyM7Yq464SI7IqkIOyEseqztQ==&enc=utf8,,0,0,6,0,6,False
쿠팡파트너스 성공,블로그,고1입니다. MIT에 가고 싶은데 가능할지 알려주세요..,"... 왜냐하면 우리 인간의 dna 는 성공에 최적화되어 있지 않기 때문입니다. 진화심리학에 의하면 (저는 개인적으로 안... 인공지능으로 쇼츠 알고리즘 타기, 블로그 광고 노출 올리기, 쿠팡 파트너스 협찬, 인공지능 노래 만들기 등등...",https://kin.naver.com/qna/detail.naver?d1id=11&dirId=110602&docId=490306900&qb=7L+g7Yyh7YyM7Yq464SI7IqkIOyEseqztQ==&enc=utf8,,0,2,3,2,3,False
쿠팡파트너스 성공,기타,아이패드 프로5세대 쿠팡 사전예약 불량품시,"아이패드 프로5세대 쿠팡에서 사전예약 성공해서 6월1일 배송날짜로 떳는데 만약에 6월1일날 패드 받았는데... 답변자의 지식과 경험을 바탕으로 작성되었고, 파트너스 활동을 통해 일정액의 수수료를 제공받을 수...",https://kin.naver.com/qna/detail.naver?d1id=5&dirId=5010601&docId=390660731&qb=7L+g7Yyh7YyM7Yq464SI7IqkIOyEseqztQ==&enc=utf8,,0,0,3,0,3,False
쿠팡파트너스 성공,기타,에어팟 프로2 사전예약,"... PC와 모바일을 동시에 활용하면, 상대적으로 접속이 용이하실 것 같네요~^^ 사전예약 성공하시어 제품 구매 잘 하시길 바랍니다! ""이 포스팅은 쿠팡 파트너스 활동의 일환으로, 이에 따른 일정액의 수수료를 제공받습니다.""",https://kin.naver.com/qna/detail.naver?d1id=1&dirId=1070401&docId=429803336&qb=7L+g7Yyh7YyM7Yq464SI7IqkIOyEseqztQ==&enc=utf8,,0,0,3,0,3,False
쿠팡파트너스 성공,기타,모유촉진제 ? 모유 잘나오는 음식 있을까요??,"... 또한, 모유촉진제라는것도 있다고 하는데, 이건 제가 아직 경험해보지는 못했지만 다른 분들이 성공하신 경험이... 이 포스팅은 쿠팡 파트너스 활동의 일환으로, 이에 따른 일정액의 수수료를 제공받습니다.",https://kin.naver.com/qna/detail.naver?d1id=8&dirId=8&docId=246263047&qb=7L+g7Yyh7YyM7Yq464SI7IqkIOyEseqztQ==&enc=utf8,,0,0,3,0,3,False
쿠팡파트너스 성공,기타,다이어트 그리고 탄수화물 질문..,"... 포스팅은 쿠팡 파트너스 활동의 일환으로, 이에 따른 일정액의 수수료를 제공받습니다."" 큰 냄비에 이거 1키로나... 다이어트 성공합니다 잘못된 방법으로 식단을 구성하면 근육도 같이 쑥쑥 살과 빠집니다 ,,, ㄷ이상 화이팅입니다",https://kin.naver.com/qna/detail.naver?d1id=5&dirId=50803&docId=463385104&qb=7L+g7Yyh7YyM7Yq464SI7IqkIOyEseqztQ==&enc=utf8,,0,0,3,2,1,False
쿠팡파트너스 성공,기타,회계사 적성,"... 어떤 분야든 꼭 성공하시길 기도하겠습니다. 새해복 많이 받으시고 청룡의 기운을 듬뿍 받으시길 바랍니다.^^ ""이 포스팅은 쿠팡 파트너스 활동의 일환으로, 이에 따른 일정액의 수수료를 제공받습니다.""",https://kin.naver.com/qna/detail.naver?d1id=4&dirId=406&docId=461277679&qb=7L+g7Yyh7YyM7Yq464SI7IqkIOyEseqztQ==&enc=utf8,,0,0,3,0,3,False
쿠팡파트너스 성공,기타,다이어트 하면,"... 일단 성공하고 봐야하는건 맞는데 눈살이 빠지긴 하나요? 10kg이 빠지면 눈으로보기에도 확실한 변화가... 효과는 확실합니다 ""이 포스팅은 쿠팡 파트너스 활동의 일환으로, 이에 따른 일정액의 수수료를 제공받습니다....",https://kin.naver.com/qna/detail.naver?d1id=5&dirId=50803&docId=423670730&qb=7L+g7Yyh7YyM7Yq464SI7IqkIOyEseqztQ==&enc=utf8,,0,0,3,0,3,False
쿠팡파트너스 성공,기타,!!아이폰 자급제 질문이요!!,"... 가끔 후기 보면 양품이 아닌거 같다 뭐 뽑기 성공했다 이런 글들이 있는데 공홈에서 사는 것 보다 좀 더... coupang.com/a/jIro0 ""이 포스팅은 쿠팡 파트너스 활동의 일환으로, 이에 따른 일정액의 수수료를 제공받습니다",https://kin.naver.com/qna/detail.naver?d1id=5&dirId=5010601&docId=412244569&qb=7L+g7Yyh7YyM7Yq464SI7IqkIOyEseqztQ==&enc=utf8,,0,0,6,2,4,False
쿠팡파트너스 성공,기타,다이어트 하는데,"... 다이어트 성공을 위해 꾸준히 식단 관리와 운동을 해야 돼요. 랭킹닭컴 잇메이트 닭가슴살 볶음밥 6종 혼합 구성... ""이 포스팅은 쿠팡 파트너스 활동의 일환으로, 이에 따른 일정액의 수수료를 제공받습니다.""",https://kin.naver.com/qna/detail.naver?d1id=7&dirId=706&docId=451033600&qb=7L+g7Yyh7YyM7Yq464SI7IqkIOyEseqztQ==&enc=utf8,,0,0,6,0,6,False
쿠팡파트너스 성공,기타,사주 배경화면 좋은 거 추천해주세요,"... 창의력이 뛰어나고 성공에 대한 욕심이 강하기 때문에 재물운이 높은 편이며 환경에 잘 적응하며 유연한 사고... 다가오는 내년에는 개운법을 통해 복 많이 받으시길 바랍니다 감사합니다 :) ""이 포스팅은 쿠팡 파트너스 활동의...",https://kin.naver.com/qna/detail.naver?d1id=3&dirId=31501&docId=460597986&qb=7L+g7Yyh7YyM7Yq464SI7IqkIOyEseqztQ==&enc=utf8,,0,0,3,2,1,False
쿠팡파트너스 성공,기타,티켓 배송지변경,"... 본인인증이 성공하면 입장권을 발급받을 수 있습니다. 부산 원아시아 페스티벌 티켓 양도에 대한 자세한... bz/cdlu 이 포스팅은 쿠팡 파트너스 활동의 일환으로, 이에 따른 일정액의 수수료를 제공받습니다....",https://kin.naver.com/qna/detail.naver?d1id=5&dirId=51001&docId=452952223&qb=7L+g7Yyh7YyM7Yq464SI7IqkIOyEseqztQ==&enc=utf8,,0,0,3,0,3,False
쿠팡파트너스 성공,기타,메크로나 직링을 써서 티켓팅을 하면 실패 할 확률도...,"... 메크로나 직링은 사람이 직접 티켓팅하는 것보다 빠르게 티켓을 예약할 수 있지만, 항상 성공하는 것은... bz/cdlu 이 포스팅은 쿠팡 파트너스 활동의 일환으로, 이에 따른 일정액의 수수료를 제공받습니다....",https://kin.naver.com/qna/detail.naver?d1id=5&dirId=510&docId=448381125&qb=7L+g7Yyh7YyM7Yq464SI7IqkIOyEseqztQ==&enc=utf8,,0,0,3,0,3,False
쿠팡파트너스 성공,기타,오른쪽 위 어금니 빠지는 꿈 해몽,"... 포스팅은 쿠팡 파트너스 활동의 일환으로, 이에 따른 일정액의 수수료를 제공받습니다. 이빨과 관련된 꿈은 개인의... 이빨이 깨끗하거나 건강한 꿈 자신감과 성공: 자신의 외모나 능력에 대한 만족감과 성공의 예감입니다. 좋은...",https://kin.naver.com/qna/detail.naver?d1id=3&dirId=31505&docId=480816661&qb=7L+g7Yyh7YyM7Yq464SI7IqkIOyEseqztQ==&enc=utf8,,0,0,3,0,3,False
쿠팡파트너스 성공,기타,다이어트 식단,"... “이 게시물은 쿠팡 파트너스 활동의 일환으로, 이에 따른 일정액의 수수료를 제공받습니다.” 다이어트 식단... 하지만 어렵게 생각하지 마시고, 차근차근 하나씩 실천해보시면 충분히 성공하실 수 있어요! ✅ 다이어트 식단...",https://kin.naver.com/qna/detail.naver?d1id=8&dirId=8030401&docId=483832191&qb=7L+g7Yyh7YyM7Yq464SI7IqkIOyEseqztQ==&enc=utf8,,0,0,3,0,3,False
쿠팡파트너스 성공,기타,스키즈 2차 팝업 매진 언제풀리나요??,"... 아옮은 하루에 한 번만 할 수 있으니, 꼭 성공하시길 바랍니다. 도움이 되었기를 바랍니다.... bz/cdlt 이 포스팅은 쿠팡 파트너스 활동의 일환으로, 이에 따른 일정액의 수수료를 제공받습니다....",https://kin.naver.com/qna/detail.naver?d1id=5&dirId=510&docId=447829146&qb=7L+g7Yyh7YyM7Yq464SI7IqkIOyEseqztQ==&enc=utf8,,0,0,3,0,3,False
쿠팡파트너스 성공,기타,비행기 질문,"... 팬 아메리칸 항공은 최초로 대서양 횡단 비행을 성공시킨 항공사로, 퍼스트 클래스를 도입하여 비행의... bz/cejM 이 포스팅은 쿠팡 파트너스 활동의 일환으로, 이에 따른 일정액의 수수료를 제공받습니다....",https://kin.naver.com/qna/detail.naver?d1id=8&dirId=81205&docId=448714388&qb=7L+g7Yyh7YyM7Yq464SI7IqkIOyEseqztQ==&enc=utf8,,0,0,3,2,1,False
쿠팡파트너스 성공,기타,꿈해몽 추락하는 비행기 목격 꿈,"... 특히 비행기는 높은 목표나 성공을 향해 나아가는 것을 상징하는데, 그 비행기가 추락하고 폭발한 것은 귀하가... 감사합니다. 응원합니다! - 쿠팡 파트너스 활동 수수료를 제공받을 수 있으며, 꿈 해몽 노력에 동기부여가 됩니다 -",https://kin.naver.com/qna/detail.naver?d1id=3&dirId=31505&docId=476178966&qb=7L+g7Yyh7YyM7Yq464SI7IqkIOyEseqztQ==&enc=utf8,,0,0,3,0,3,False
쿠팡파트너스 성공,기타,대구 파워풀,"... 친구가 티켓팅 성공해서 같이 가자는데 대구 너무 멀고 교통비가 더 들어여.. 근데제가 좋아하는 아이돌 볼 수... coupang.com/a/C7IzL ""이 포스팅은 쿠팡 파트너스 활동의 일환으로, 이에 따른 일정액의 수수료를 제공받습니다.""",https://kin.naver.com/qna/detail.naver?d1id=8&dirId=814&docId=429733479&qb=7L+g7Yyh7YyM7Yq464SI7IqkIOyEseqztQ==&enc=utf8,,0,0,3,0,3,False
쿠팡파트너스 성공,기타,포기하지않는 마음을 가진 유명한 사람 알려주세요,"... 이들은 모두 포기하지 않는 마음으로 역경을 극복하고 큰 성공을 거둔 사람들입니다. 그들의 이야기는... bz/cejM 이 포스팅은 쿠팡 파트너스 활동의 일환으로, 이에 따른 일정액의 수수료를 제공받습니다....",https://kin.naver.com/qna/detail.naver?d1id=8&dirId=814&docId=448002594&qb=7L+g7Yyh7YyM7Yq464SI7IqkIOyEseqztQ==&enc=utf8,,0,0,3,2,1,False
쿠팡파트너스 성공,유튜브,하체비만 해결방법,"... 하체살 빠르게뺄수있는 유튜브 영상이나 요령좀 알려주세요 허위답변&무성의답변&매크로답변&쿠팡 파트너스는... 쓴 성공 후기 모음(약 1천여개 이상) : 엑스레이, CT, MRI, 자가진단으로 진단된 허리디스크(HNP, HIVD), 요추디스크...",https://kin.naver.com/qna/detail.naver?d1id=8&dirId=8030402&docId=386036638&qb=7L+g7Yyh7YyM7Yq464SI7IqkIOyEseqztQ==&enc=utf8,,0,2,3,2,3,False
쿠팡파트너스 성공,기타,다이어트 때문에 아침7시에 유산소30,"... 또한, 충분한 수분을 섭취하고, 규칙적으로 운동하는 것이 다이어트 성공에 도움이 됩니다. 감사합니다.... bz/cdmc 이 포스팅은 쿠팡 파트너스 활동의 일환으로, 이에 따른 일정액의 수수료를 제공받습니다....",https://kin.naver.com/qna/detail.naver?d1id=5&dirId=50803&docId=449000341&qb=7L+g7Yyh7YyM7Yq464SI7IqkIOyEseqztQ==&enc=utf8,,0,0,3,0,3,False
쿠팡파트너스 성공,기타,일일일식 다이어트 질문입니다,"... 꼭 다이어트 성공하기 바랍니다. ★★★ 뱃살이 쏙 빠지는 식사법 ★★★ 이 포스팅은 쿠팡 파트너스 활동의 일환으로, 이에 따른 일정액의 수수료를 제공받습니다 채택으로 발생한 해피빈 콩은 전액 기부됩니다.",https://kin.naver.com/qna/detail.naver?d1id=7&dirId=70126&docId=445971331&qb=7L+g7Yyh7YyM7Yq464SI7IqkIOyEseqztQ==&enc=utf8,,0,0,3,2,1,False
쿠팡파트너스 성공,기타,유산소운동 30분씩 하면은…,"... 식단을 해주시 다이어트는 성공할 수 있는데요. 식단은 하루 3끼 탄단지 영양소를 고루 갖춘 음식을 적정량 먹기만... ""이 포스팅은 쿠팡 파트너스 활동의 일환으로, 이에 따른 일정액의 수수료를 제공받습니다."" 답변이 도움됐다면...",https://kin.naver.com/qna/detail.naver?d1id=8&dirId=8030402&docId=451789214&qb=7L+g7Yyh7YyM7Yq464SI7IqkIOyEseqztQ==&enc=utf8,,0,0,3,0,3,False
쿠팡파트너스 성공,기타,합격기원선물 추천좀요><!,"... 보내고 성공하신 친구들에게 기쁨을 주기 위해 개발된 선물세트입니다. 이 세트는 행운합격엿 옛다합격(미니)과... 이 포스팅은 쿠팡 파트너스 활동의 일환으로, 이에 따른 일정액의 수수료를 제공받습니다.",https://kin.naver.com/qna/detail.naver?d1id=8&dirId=80107&docId=210181330&qb=7L+g7Yyh7YyM7Yq464SI7IqkIOyEseqztQ==&enc=utf8,,0,0,3,2,1,False
쿠팡파트너스 성공,기타,여진정벌&동북9성,"... 이 사건은 고려가 여진족을 북방으로 밀어내고 국경을 확장하는 데 성공했지만, 여진족의 세력이 다시... bz/cejM 이 포스팅은 쿠팡 파트너스 활동의 일환으로, 이에 따른 일정액의 수수료를 제공받습니다....",https://kin.naver.com/qna/detail.naver?d1id=11&dirId=110312&docId=448003105&qb=7L+g7Yyh7YyM7Yq464SI7IqkIOyEseqztQ==&enc=utf8,,0,0,6,0,6,False
쿠팡파트너스 성공,기타,화가 페르메이르의 인생을 알려주세요,"... 페르메이르는 화가로서 매우 성공했지만, 사생활은 매우 불행했습니다. 그는 1653년 카타리나 볼테르와... bz/cejM 이 포스팅은 쿠팡 파트너스 활동의 일환으로, 이에 따른 일정액의 수수료를 제공받습니다....",https://kin.naver.com/qna/detail.naver?d1id=3&dirId=3120101&docId=448563457&qb=7L+g7Yyh7YyM7Yq464SI7IqkIOyEseqztQ==&enc=utf8,,0,0,6,2,4,False
쿠팡파트너스 성공,기타,남자 취업선물 추천좀여,"... 취업 성공했다고 전화를 해왔는데 뭐라도 챙겨주고 싶더라고요 ~ 맘 같아선 테블릿을 사주고 싶은데 저도... ""이 포스팅은 쿠팡 파트너스 활동의 일환으로, 이에 따른 일정액의 수수료를 제공받습니다.""",https://kin.naver.com/qna/detail.naver?d1id=8&dirId=8030205&docId=450980411&qb=7L+g7Yyh7YyM7Yq464SI7IqkIOyEseqztQ==&enc=utf8,,0,0,6,2,4,False
쿠팡파트너스 성공,기타,개화파 조일수호조규,"... 개화파는 조일수호조규를 통해 조선의 근대화를 추진했지만, 결국 성공하지 못했습니다. 그 이유는 조선의... bz/cejM 이 포스팅은 쿠팡 파트너스 활동의 일환으로, 이에 따른 일정액의 수수료를 제공받습니다....",https://kin.naver.com/qna/detail.naver?d1id=11&dirId=110413&docId=447688610&qb=7L+g7Yyh7YyM7Yq464SI7IqkIOyEseqztQ==&enc=utf8,,0,0,3,0,3,False
쿠팡파트너스 성공,기타,친구들이 자꾸 제 자존감을 갉아먹습니다,"... 내성공을 위해 시간을 다시 쓰고 싶다. 그럼 지금보다 더 훌륭한 사람이 되었을지도 모르고, 더 나은 친구들이 내... ""이 포스팅은 쿠팡 파트너스 활동의 일환으로, 이에 따른 일정액의 수수료를 제공받습니다.""",https://kin.naver.com/qna/detail.naver?d1id=11&dirId=1103&docId=469146861&qb=7L+g7Yyh7YyM7Yq464SI7IqkIOyEseqztQ==&enc=utf8,,0,0,3,0,3,False
쿠팡파트너스 성공,기타,골프용품이나 골프채 20만원짜리 추천해주세요!,"제가 이제 스무살이 되는데 취업에 성공해서 부모님 취업 기념 선물을 드릴려고 해요! 요즘 아빠가 골프에... ""이 포스팅은 쿠팡 파트너스 활동의 일환으로, 이에 따른 일정액의 수수료를 제공받습니다.""",https://kin.naver.com/qna/detail.naver?d1id=10&dirId=100106&docId=460528071&qb=7L+g7Yyh7YyM7Yq464SI7IqkIOyEseqztQ==&enc=utf8,,0,0,3,2,1,False
쿠팡파트너스 성공,기타,취직에 대해 고민이여,"... 향수와 액세서리에 대한 지식과 열정을 갖추고 있다면, 위와 같은 직업에서 성공할 수 있을 것입니다.... bz/cdlu 이 포스팅은 쿠팡 파트너스 활동의 일환으로, 이에 따른 일정액의 수수료를 제공받습니다....",https://kin.naver.com/qna/detail.naver?d1id=5&dirId=50501&docId=451092275&qb=7L+g7Yyh7YyM7Yq464SI7IqkIOyEseqztQ==&enc=utf8,,0,0,3,0,3,False
쿠팡파트너스 성공,기타,디딤돌배우자신용도 몆등급?,"... 대출에 성공하시길 바랍니다 ~ 디딤돌만큼 싼 금리가 없지요ㅠㅠ 감사합니다... bz/ccYC 이 포스팅은 쿠팡 파트너스 활동의 일환으로, 이에 따른 일정액의 수수료를 제공받습니다....",https://kin.naver.com/qna/detail.naver?d1id=4&dirId=4010502&docId=447290801&qb=7L+g7Yyh7YyM7Yq464SI7IqkIOyEseqztQ==&enc=utf8,,0,0,3,0,3,False
쿠팡파트너스 성공,기타,자영업 추천,"... 특히 건강식(샐러드, 다이어트 도시락, 저탄고지 메뉴) 같은 틈새시장을 노리면 성공 확률 높아요. 장점: 소규모... 중고 거래 & 리셀러 사업 당근마켓, 번개장터, 쿠팡파트너스 등을 활용해서 중고 거래나 리셀러 사업도 인기예요....",https://kin.naver.com/qna/detail.naver?d1id=4&dirId=40702&docId=482521916&qb=7L+g7Yyh7YyM7Yq464SI7IqkIOyEseqztQ==&enc=utf8,,0,2,3,2,3,False
쿠팡파트너스 성공,기타,오븐 추천좀요,"... 마카롱은 머랭과 마카로나주도 중요하지만, 오븐이 특히 중요해서 앞에 두가지를 성공해도 구우면서 망치게 되면... 쿠팡 파트너스 활동의 일환으로, 이에 따른 일정액의 수수료를 제공받을 수 있지만 구매자에게 불이익은 없습니다.",https://kin.naver.com/qna/detail.naver?d1id=8&dirId=8020204&docId=442617738&qb=7L+g7Yyh7YyM7Yq464SI7IqkIOyEseqztQ==&enc=utf8,,0,0,6,2,4,False
쿠팡파트너스 성공,기타,다이어트 식단짜주세요[내공100],... [쿠팡 파트너스 도시락 안받아요](예:모모도시락등 다 안 받아요) 어머니가 차려준 밥드세요 밥 조금 반찬 드세요... 해야 살이 빠져요 식단 관리 못하면 살 안 빠져요 노력만 하면 살 빠져요 제가 응원해드리겠습니다 꼭 성공할꺼에요,https://kin.naver.com/qna/detail.naver?d1id=8&dirId=8030401&docId=426225715&qb=7L+g7Yyh7YyM7Yq464SI7IqkIOyEseqztQ==&enc=utf8,,0,0,3,0,3,False
쿠팡파트너스 성공,기타,로제 떡볶이는 집에서 만들기 까다롭나,"... 준비되니까 편하고 맛나면서 재미도있더라구요 개인적으로 맛있었던것도 한번 추천 드릴게요. 맛난 로제떡볶이 만드는데 성공하시길 바래요^^ 이 포스팅은 쿠팡 파트너스 활동의 일환으로, 이에 따른 일정액의 수수료를 제공받습니다.",https://kin.naver.com/qna/detail.naver?d1id=8&dirId=8020107&docId=449746041&qb=7L+g7Yyh7YyM7Yq464SI7IqkIOyEseqztQ==&enc=utf8,,0,0,3,2,1,False
쿠팡파트너스 성공,기타,효소다이어트 방법,"... 단백질쉐이크도 먹어봤고 레몬디톡스 등등 알려진 방법들은 한번씩은 다 해봤지만 한번도 성공을 하지 못했는데요.... 띄는 변화가 있어서 저도 기대해요. 쿠팡 파트너스 활동의 일환으로, 이에 따른 일정액의 수수료를 제공받습니다.",https://kin.naver.com/qna/detail.naver?d1id=11&dirId=1116&docId=177773419&qb=7L+g7Yyh7YyM7Yq464SI7IqkIOyEseqztQ==&enc=utf8,,0,0,3,0,3,False
쿠팡파트너스 성공,기타,친구관계 고민 걱정,"... 만약 다시 학창시절로 돌아간다면 친구 운운할 시간에, 내성공을 위해 시간을 다시 쓰고 싶다. 그럼 지금보다 더... ""이 포스팅은 쿠팡 파트너스 활동의 일환으로, 이에 따른 일정액의 수수료를 제공받습니다.""",https://kin.naver.com/qna/detail.naver?d1id=2&dirId=20112&docId=465861905&qb=7L+g7Yyh7YyM7Yq464SI7IqkIOyEseqztQ==&enc=utf8,,0,0,3,0,3,False
쿠팡파트너스 성공,기타,화이트데이 선물 추천,"... 저렴한데, 디자인도 무난해서요. 킷캣 싫어하는 사람은 거의 없기에 성공하기 아주 좋은 선물이라고 봅니다 ㅎㅎ ""이 포스팅은 쿠팡 파트너스 활동의 일환으로, 이에 따른 일정액의 수수료를 제공받습니다.""",https://kin.naver.com/qna/detail.naver?d1id=8&dirId=80107&docId=441032331&qb=7L+g7Yyh7YyM7Yq464SI7IqkIOyEseqztQ==&enc=utf8,,0,0,3,2,1,False
쿠팡파트너스 성공,기타,2 in 1 노트북 가성비위주로 추천해주세요,"... 2개 찾는데 성공 했습니다. (상당히 까다롭고, 할인이 좀 들어간 가성비 있다고 생각되는 제품만 골랐습니다.... 감사합니다. '이 글은 쿠팡파트너스 활동으로 작성되었으며, 이에 수수료를 지급받습니다.'",https://kin.naver.com/qna/detail.naver?d1id=1&dirId=1010703&docId=434713624&qb=7L+g7Yyh7YyM7Yq464SI7IqkIOyEseqztQ==&enc=utf8,,0,2,3,2,3,False
쿠팡파트너스 성공,기타,사업책 추천,"... **""사업의 철학: 성공한 사람들은 절대 말해 주지 않는 성공의 모든 것, 라이팅하우스, 쿠팡 파트너스 활동의 일환으로, 이에 따른 일정액의 수수료를...",https://kin.naver.com/qna/detail.naver?d1id=11&dirId=110103&docId=459013973&qb=7L+g7Yyh7YyM7Yq464SI7IqkIOyEseqztQ==&enc=utf8,,0,0,3,2,1,False
쿠팡파트너스 성공,기타,노트9에 비츠솔로3 페어링이 안돼요,"... 이후 연결이 성공하면 연결된 장치 목록에 비츠 솔로3가 추가됩니다. 만약 위의 단계를 따라도 연결이 안 된다면... coupang.com/a/WogbW ""이 포스팅은 쿠팡 파트너스 활동의 일환으로, 이에 따른 일정액의 수수료를 제공받습니다",https://kin.naver.com/qna/detail.naver?d1id=5&dirId=5010602&docId=444686921&qb=7L+g7Yyh7YyM7Yq464SI7IqkIOyEseqztQ==&enc=utf8,,0,0,3,0,3,False
쿠팡파트너스 성공,기타,남자 허벅돼 여름 코디,... 몇개 성공했지만 맨날 똑같은걸 입을순 없으니 긴팔과 반팔 방어할수 있을만한 제품이나 옷입는 방법 추천... coupang.com/a/XJ3HP *본 게시글은 쿠팡 파트너스 활동의 일환으로 일정 수수료를 제공받고 있습니다.,https://kin.naver.com/qna/detail.naver?d1id=5&dirId=5040105&docId=445479495&qb=7L+g7Yyh7YyM7Yq464SI7IqkIOyEseqztQ==&enc=utf8,,0,0,6,2,4,False
쿠팡파트너스 성공,기타,대학생 삼성 노트북 추천해주세요,"... 음...제가 졸업하고 취업에 성공한다면 회사 업무용으로도 쓸 예정이에요. 지금 있는 노트북도 무리없이 잘... (현재 해피빈 총 후원금액 ２４６만원 이상)  쿠팡 파트너스 활동의 일환으로, 이에 따른 일정액의 수수료를...",https://kin.naver.com/qna/detail.naver?d1id=5&dirId=50202&docId=444320960&qb=7L+g7Yyh7YyM7Yq464SI7IqkIOyEseqztQ==&enc=utf8,,0,0,3,2,1,False
쿠팡파트너스 성공,기타,단기간 허벅지 뱃살 운동,"... 다이어트에 성공하시길 기도드리겠습니다 사진을 누르면 자세한 사항을 확인할 수 있습니다 그리고 살빼는 것은... ""이 포스팅은 쿠팡 파트너스 활동의 일환으로, 이에 따른 일정액의 수수료를 제공받습니다.""",https://kin.naver.com/qna/detail.naver?d1id=8&dirId=8030402&docId=438015093&qb=7L+g7Yyh7YyM7Yq464SI7IqkIOyEseqztQ==&enc=utf8,,0,0,3,0,3,False
쿠팡파트너스 성공,기타,다이어트약 추천,"요즘 유행하는 빨간통 다이어트 빨간약을 먹고 있는데 한달째 먹었음에도 불구하고 다이어트 성공은 못하고 유지만... ""쿠팡 파트너스 활동의 일환으로, 이에 따른 일정액의 수수료를 제공 받습니다."" 답변이 도움 됐다면 채택과 표정...",https://kin.naver.com/qna/detail.naver?d1id=5&dirId=50803&docId=452134365&qb=7L+g7Yyh7YyM7Yq464SI7IqkIOyEseqztQ==&enc=utf8,,0,0,3,2,1,False
쿠팡파트너스 성공,기타,다이어트 계획,"6월 20일에 부산을 가서 그때까지 살을 빼보려고 하는데요 다이어트를 한번도 성공한 적이 없어서 다이어트 계획 점... 지방, 탄수화물 등 몸에 쌓이면 안 좋은 것들 컷팅제 도움이 많이 되실거에요 경험자로써^^ 쿠팡 파트너스 활동의...",https://kin.naver.com/qna/detail.naver?d1id=13&dirId=13050603&docId=446862359&qb=7L+g7Yyh7YyM7Yq464SI7IqkIOyEseqztQ==&enc=utf8,,0,0,3,0,3,False
쿠팡파트너스 성공,기타,살 빼는 방법 알려주세요,"... 식단을 해주시면 다이어트는 성공할 수 있습니다. 52KG 48KG빠지 체중 감량이 목적인거면 그렇게 혹독한 다이어트... ""쿠팡 파트너스 활동의 일환으로, 이에 따른 일정액의 수수료를 제공 받습니다."" 유산소 운동은 '달리기'를 강추...",https://kin.naver.com/qna/detail.naver?d1id=5&dirId=50803&docId=451833575&qb=7L+g7Yyh7YyM7Yq464SI7IqkIOyEseqztQ==&enc=utf8,,0,0,3,2,1,False
쿠팡파트너스 성공,기타,마사지기 추천해주세요!! 클럭 마사지기가 그렇게 좋나요??,"... 타사제품보다 버튼도 더 세심하고 편한거 같고 안마기 산것중에 유일하게 성공한 제품인거같아요 아아 이거 진짜... 이 포스팅은 쿠팡 파트너스 활동의 일환으로, 이에 따른 일정액의 수수료를 제공받을수 있지만 구매자에게...",https://kin.naver.com/qna/detail.naver?d1id=5&dirId=50802&docId=431810551&qb=7L+g7Yyh7YyM7Yq464SI7IqkIOyEseqztQ==&enc=utf8,,0,0,3,2,1,False
쿠팡파트너스 성공,기타,빼빼로 데이에 고백 할건데 추천좀해주세요!,"... 어머니라고 한 번 보고 비슷하게 만들어보세요 여러 모양의 포장을 넣어둘테니 한 번 이거 보고 만들어보세요 고백 꼭 성공하세요! 화이팅! ""이 포스팅은 쿠팡 파트너스 활동의 일환으로, 이에 따른 일정액의 수수료를 제공받습니다.""",https://kin.naver.com/qna/detail.naver?d1id=8&dirId=8020208&docId=457159165&qb=7L+g7Yyh7YyM7Yq464SI7IqkIOyEseqztQ==&enc=utf8,,0,0,3,2,1,False
쿠팡파트너스 성공,기타,공인중개사,"... 부족한 부분은 자신의 피드백을 통해 개선해가며 꾸준한 노력을 이어가세요. 성공을 기원합니다! 감사합니다! ""이 포스팅은 쿠팡 파트너스 활동의 일환으로, 이에 따른 일정액의 수수료를 제공받습니다.""",https://kin.naver.com/qna/detail.naver?d1id=4&dirId=402&docId=452896392&qb=7L+g7Yyh7YyM7Yq464SI7IqkIOyEseqztQ==&enc=utf8,,0,0,3,0,3,False
쿠팡파트너스 성공,기타,저희 어머니가 꾸신 태몽,"... 또한, 백사자는 힘과 권력을 상징하기 때문에, 태어날 아이가 성공하고 부유한 삶을 살 것이라는 의미이기도... coupang.com/a/1SS77 ""이 포스팅은 쿠팡 파트너스 활동의 일환으로, 이에 따른 일정액의 수수료를 제공받습니다.""",https://kin.naver.com/qna/detail.naver?d1id=8&dirId=8050104&docId=448590682&qb=7L+g7Yyh7YyM7Yq464SI7IqkIOyEseqztQ==&enc=utf8,,0,0,3,0,3,False
쿠팡파트너스 성공,기타,내 자신을 아는방법 책추천,"... 이 책은 인간관계와 소통에 대한 기본 원리와 실제적인 조언들을 제공하여 사회적, 직업적 성공을 도모하며 여러 사례등을 나자신에게 적용하야 나를 알아가는데 큰 도움이 됩니다. 이 포스팅은 쿠팡파트너스 활동의 일환으로...",https://kin.naver.com/qna/detail.naver?d1id=8&dirId=80606&docId=451810507&qb=7L+g7Yyh7YyM7Yq464SI7IqkIOyEseqztQ==&enc=utf8,,0,2,3,2,3,False
쿠팡파트너스 성공,기타,미니 말티즈 다이어트,"... 반려동물의 체중 관리는 강아지의 수명을 늘리는 필수 요인입니다. 꼭 체중 관리에 성공하시길 바랍니다. 이 포스팅은 쿠팡 파트너스 활동의 일환으로, 이에 따른 일정액의 수수료를 제공받습니다",https://kin.naver.com/qna/detail.naver?d1id=8&dirId=80511&docId=442684783&qb=7L+g7Yyh7YyM7Yq464SI7IqkIOyEseqztQ==&enc=utf8,,0,0,3,0,3,False
쿠팡파트너스 성공,기타,단식 후 보식 질문이요,... 8번만의성공한 비결을 알려드릴께요 1.간단히 2.꾸준히 3.동기부여 식단 고기집밥한공기 양을 하루3번 나눠먹기... 초유 락토페린 COUPANG link.coupang.com ※ 쿠팡 파트너스 활동을 통해 일정액의 수수료를 제공받을 수 있습니다,https://kin.naver.com/qna/detail.naver?d1id=8&dirId=8030401&docId=439308325&qb=7L+g7Yyh7YyM7Yq464SI7IqkIOyEseqztQ==&enc=utf8,,0,0,6,2,4,False
쿠팡파트너스 성공,기타,장사하면요,"... 열심히 준비하셔서 꼭 성공하셔요 :-) 오늘 하루도 행복하세요... bz/ccYE ] : 새 제품과 동일한 상품 이 포스팅은 쿠팡 파트너스 활동의 일환으로, 이에 따른 일정액의 수수료를 제공받습니다....",https://kin.naver.com/qna/detail.naver?d1id=4&dirId=40702&docId=450287080&qb=7L+g7Yyh7YyM7Yq464SI7IqkIOyEseqztQ==&enc=utf8,,0,0,3,0,3,False
쿠팡파트너스 성공,기타,헬스 필라테스 병행질문,"... 헬스와 필라테스를 병행하며 목표를 향해 노력해보세요! 힘내시고 성공하시길 바랍니다. ""이 포스팅은 쿠팡 파트너스 활동의 일환으로, 이에 따른 일정액의 수수료를 제공받습니다.""",https://kin.naver.com/qna/detail.naver?d1id=7&dirId=70702&docId=461993894&qb=7L+g7Yyh7YyM7Yq464SI7IqkIOyEseqztQ==&enc=utf8,,0,0,3,2,1,False
쿠팡파트너스 성공,기타,어버이날 선물추천,"... 준비한다고 거금 십만원을 모으다니 효심이 깊은것 같네요! 효자가 결국 성공하게 됩니다! 선물 몆가지 ""이 포스팅은 쿠팡 파트너스 활동의 일환으로, 이에 따른 일정액의 수수료를 제공받습니다."" 구매자님과 상관없는 수수료입니다.",https://kin.naver.com/qna/detail.naver?d1id=8&dirId=801&docId=469226574&qb=7L+g7Yyh7YyM7Yq464SI7IqkIOyEseqztQ==&enc=utf8,,0,0,3,2,1,False
쿠팡파트너스 성공,기타,임신시도 중인데 멀티비타민 구성성분 괜찮나요?,"... 저희도 이제 막 임신에 성공했는데요:) 아내가 차병원에서 나오는 영양제를 먹더라고요~ 많은 분들이 임신전부터... ㅎㅎ 참고해보세용 ""이 포스팅은 쿠팡 파트너스 활동의 일환으로, 이에 따른 일정액의 수수료를 제공받습니다.""",https://kin.naver.com/qna/detail.naver?d1id=7&dirId=70402&docId=472651556&qb=7L+g7Yyh7YyM7Yq464SI7IqkIOyEseqztQ==&enc=utf8,,0,0,6,0,6,False
쿠팡파트너스 성공,기타,축구선수에 희망을 가져도 될까요?,"... 하지만, 여러 가지 이유로 축구선수로 성공하기가 어려울 수도 있습니다. 우선, 축구는 매우 경쟁이 치열한... 조성하는 것이 중요합니다. ""이 포스팅은 쿠팡 파트너스 활동의 일환으로, 이에 따른 일정액의 수수료를 제공받습니다.""",https://kin.naver.com/qna/detail.naver?d1id=10&dirId=1007&docId=444216108&qb=7L+g7Yyh7YyM7Yq464SI7IqkIOyEseqztQ==&enc=utf8,,0,0,3,0,3,False
쿠팡파트너스 성공,기타,생일때 주기 좋은 꽃,"... 안개꽃 맑은 마음, 깨끗한 마음, 사랑의 성공 등의 꽃말을 가지고 있어 생일 선물로 좋습니다. 안개꽃은... 이 포스팅은 쿠팡 파트너스 활동의 일환으로, 이에 따른 일정액의 수수료를 제공받습니다....",https://kin.naver.com/qna/detail.naver?d1id=13&dirId=13050302&docId=456286110&qb=7L+g7Yyh7YyM7Yq464SI7IqkIOyEseqztQ==&enc=utf8,,0,0,3,0,3,False
쿠팡파트너스 성공,기타,안녕하세요 물 다이어트 5일 하려고,"... ""이 포스팅은 쿠팡 파트너스 활동의 일환으로, 이에 따른 일정액의 수수료를 제공받습니다."" 2. 다이어트가 끝난후... 공부와 병행하시는 만큼 체력 잘 유지하시고, 영양 섭취 잘 하셔서 건강한 다이어트 꼭 성공하시길 응원할게요...",https://kin.naver.com/qna/detail.naver?d1id=8&dirId=8030401&docId=454748956&qb=7L+g7Yyh7YyM7Yq464SI7IqkIOyEseqztQ==&enc=utf8,,0,0,3,0,3,False
쿠팡파트너스 성공,기타,병아리 부화,"... 정확한 습도 조절은 부화 과정의 성공에 중요한 역할을 합니다. 스프레이를 사용하여 적절한 습도를 유지하는 것은... 방법을 시도해 보세요 ""이 포스팅은 쿠팡 파트너스 활동의 일환으로, 이에 따른 일정액의 수수료를 제공받습니다.""",https://kin.naver.com/qna/detail.naver?d1id=11&dirId=111608&docId=452441674&qb=7L+g7Yyh7YyM7Yq464SI7IqkIOyEseqztQ==&enc=utf8,,0,0,3,0,3,False
쿠팡파트너스 성공,기타,다이어트 보조제 추천해주세요,"... 성공하시길 바랍니다. 1. 그린몬스터 다이어트 스폐셜2 가르시니아900 11,300원 (1정당 101원) 리뷰 22,653 추천 5점... com/a/1VTbS ""이 포스팅은 쿠팡 파트너스 활동의 일환으로, 이에 따른 일정액의 수수료를 제공받습니다."" 2....",https://kin.naver.com/qna/detail.naver?d1id=8&dirId=80304&docId=449250970&qb=7L+g7Yyh7YyM7Yq464SI7IqkIOyEseqztQ==&enc=utf8,,0,0,3,2,1,False
쿠팡파트너스 성공,기타,홈트 증량,"덤숄프를 15.8로 7회 3set 하다가 8회 3set >> 9회 3set 까지 올리고 18로 올리고 7회 3set을 꿋꿋하게 성공하고... com/a/Xq8hE ""이 포스팅은 쿠팡 파트너스 활동의 일환으로, 이에 따른 일정액의 수수료를...",https://kin.naver.com/qna/detail.naver?d1id=7&dirId=70701&docId=445293069&qb=7L+g7Yyh7YyM7Yq464SI7IqkIOyEseqztQ==&enc=utf8,,0,0,3,0,3,False
쿠팡파트너스 성공,기타,친구관계 고민,"... 만약 다시 학창시절로 돌아간다면 친구 운운할 시간에, 내성공을 위해 시간을 다시 쓰고 싶다. 그럼 지금보다 더... ""이 포스팅은 쿠팡 파트너스 활동의 일환으로, 이에 따른 일정액의 수수료를 제공받습니다.""",https://kin.naver.com/qna/detail.naver?d1id=11&dirId=110407&docId=468119194&qb=7L+g7Yyh7YyM7Yq464SI7IqkIOyEseqztQ==&enc=utf8,,0,0,3,0,3,False
쿠팡파트너스 성공,기타,디사론노와 힙노틱,... 대부분 프루팅기법이라고하는데 이걸못해서 많이 섞이곤하죠 바스푼 하나 추천드리도록 할게요 꼭 성공하셔서 이쁜 플루팅칵테일 성공하시기바래요 이포스팅은 쿠팡파트너스 활동의 일환으로 이에따른 일정액의 수수료를 제공받습니다,https://kin.naver.com/qna/detail.naver?d1id=8&dirId=8020504&docId=432279479&qb=7L+g7Yyh7YyM7Yq464SI7IqkIOyEseqztQ==&enc=utf8,,0,2,3,2,3,False
쿠팡파트너스 성공,기타,다이어트 몸무게,"... 건강한 다이어트 성공으로 생활에 활력을 찾으시기 바랍니다. 《《뱃살이 쏙빠지는 식사법》》 이 포스팅은 쿠팡 파트너스 활동의 일환으로, 이에 따른 일정액의 수수료를 제공받습니다",https://kin.naver.com/qna/detail.naver?d1id=7&dirId=706&docId=439021515&qb=7L+g7Yyh7YyM7Yq464SI7IqkIOyEseqztQ==&enc=utf8,,0,0,3,0,3,False
쿠팡파트너스 성공,기타,밥 안먹고도 살 뺄 수 있어요??,"... 건강을 위한 일인데 책한권 읽는건 괜찮지 않겠습니까. 꼭 다이어트 성공하기 바랍니다. 《《《 뱃살이 쏙 빠지는 식사법 》》》 이 포스팅은 쿠팡 파트너스 활동의 일환으로, 이에 따른 일정액의 수수료를 제공받습니다",https://kin.naver.com/qna/detail.naver?d1id=8&dirId=8030402&docId=440626025&qb=7L+g7Yyh7YyM7Yq464SI7IqkIOyEseqztQ==&enc=utf8,,0,0,3,0,3,False
쿠팡파트너스 성공,기타,"음악 작업 M1 Max, M2 Pro, M2 Max 가상악기 호환 및...","... 신사동에 가끔 맥북이나 아이맥 매입하러 가면 곡으로 성공하신 분들이 쓰던 맥을 처분해서 만나뵙곤... 이 포스팅은 쿠팡 파트너스 활동의 일환으로, 이에 따른 일정액의 수수료를 제공받을 수 있습니다.",https://kin.naver.com/qna/detail.naver?d1id=1&dirId=10303&docId=446056566&qb=7L+g7Yyh7YyM7Yq464SI7IqkIOyEseqztQ==&enc=utf8,,0,0,3,0,3,False
쿠팡파트너스 성공,기타,남자 체지방 20% 줄이기,"... 쉽게 성공하지는 못합니다. 하지만 위험신호에 처한 질문자님은 강한 의지를 가지고 성공하실수 있으리라... ▼▼ 당질제한식 정보 ▼▼ 이 포스팅은 쿠팡 파트너스 활동의 일환으로, 이에 따른 일정액의 수수료를 제공받습니다",https://kin.naver.com/qna/detail.naver?d1id=8&dirId=8030402&docId=439034088&qb=7L+g7Yyh7YyM7Yq464SI7IqkIOyEseqztQ==&enc=utf8,,0,0,3,2,1,False
쿠팡파트너스 성공,기타,화이트데이 고백,"... 부담없는 초콜릿 선물+편지 추천드립니다 고백 성공하시길 바랍니다 ㅎㅎ 채택 부탁드립니다 이 포스팅은 쿠팡 파트너스 활동의 일환으로, 이에 따른 일정액의 수수료를 제공받습니다.",https://kin.naver.com/qna/detail.naver?d1id=8&dirId=80107&docId=441245879&qb=7L+g7Yyh7YyM7Yq464SI7IqkIOyEseqztQ==&enc=utf8,,0,0,3,2,1,False
쿠팡파트너스 성공,기타,헤드셋 살건데,"... 싶을 정도로 음질도 깨끗하고 풍부해서 성공이다!!했어요 채택해주시는 소중한 해피빈은 모두 남김없이 기부하겠습니다. 쿠팡 파트너스 활동의 일환으로, 이에 따른 일정액의 수수료를 제공받을 수 있지만 구매자에게 불이익은 없습니다.",https://kin.naver.com/qna/detail.naver?d1id=3&dirId=30205&docId=443926543&qb=7L+g7Yyh7YyM7Yq464SI7IqkIOyEseqztQ==&enc=utf8,,0,0,6,0,6,False
쿠팡파트너스 성공,기타,고1 남자입니다,"... 건강을 위한 일인데 책한권 읽는건 괜찮지 않겠습니까. 꼭 다이어트 성공하기 바랍니다. 《《《 뱃살이 쏙 빠지는 식사법 》》》 이 포스팅은 쿠팡 파트너스 활동의 일환으로, 이에 따른 일정액의 수수료를 제공받습니다",https://kin.naver.com/qna/detail.naver?d1id=8&dirId=8030402&docId=441057980&qb=7L+g7Yyh7YyM7Yq464SI7IqkIOyEseqztQ==&enc=utf8,,0,0,3,0,3,False
쿠팡파트너스 성공,기타,밀가루음식 완전히끊으면 체중감량되나요??,"... 꼭 다이어트 성공하기 바랍니다. 《《《 뱃살이 쏙 빠지는 식사법 》》》 이 포스팅은 쿠팡 파트너스 활동의 일환으로, 이에 따른 일정액의 수수료를 제공받습니다. 채택으로 받는 해피빈 콩은 전액 기부됩니다.",https://kin.naver.com/qna/detail.naver?d1id=8&dirId=8030401&docId=441324860&qb=7L+g7Yyh7YyM7Yq464SI7IqkIOyEseqztQ==&enc=utf8,,0,0,3,0,3,False
쿠팡파트너스 성공,기타,다이어트시 단백질 보충 괜찮을까요?,"... 꼭 다이어트 성공하기 바랍니다. 환골탈태 응원합니다. 《《《 뱃살이 쏙 빠지는 식사법 》》》 이 포스팅은 쿠팡 파트너스 활동의 일환으로, 이에 따른 일정액의 수수료를 제공받습니다",https://kin.naver.com/qna/detail.naver?d1id=5&dirId=50803&docId=440339169&qb=7L+g7Yyh7YyM7Yq464SI7IqkIOyEseqztQ==&enc=utf8,,0,0,3,0,3,False
쿠팡파트너스 성공,기타,다이어트 식단,"... 건강을 위한 일인데 책한권 읽는건 괜찮지 않겠습니까. 꼭 다이어트 성공하기 바랍니다. 《《《 뱃살이 쏙 빠지는 식사법 》》》 이 포스팅은 쿠팡 파트너스 활동의 일환으로, 이에 따른 일정액의 수수료를 제공받습니다",https://kin.naver.com/qna/detail.naver?d1id=8&dirId=8030401&docId=439864699&qb=7L+g7Yyh7YyM7Yq464SI7IqkIOyEseqztQ==&enc=utf8,,0,0,3,0,3,False
쿠팡파트너스 성공,기타,개업화환 기업이나 단체가 아닌 개인이 보내줘도 되나요?,"... 추천업체 선정 기준은 구매자 만족도와 후기를 봤으며, 역시 대다수가 좋다고 느끼면 성공할 확률이 높다고... 제가 직접 찾아서 답변을 합니다. ""이포스팅은쿠팡파트너스활동의 일환으로,이에따른일정액의수수료를제공받을수있습니다.""",https://kin.naver.com/qna/detail.naver?d1id=8&dirId=80101&docId=455356910&qb=7L+g7Yyh7YyM7Yq464SI7IqkIOyEseqztQ==&enc=utf8,,0,2,3,2,3,False
쿠팡파트너스 성공,기타,돈 많이 주는 직업 알려주세요,"... 실패는 성공의 과정이니 실패를 많이 해보세요 제주변에 성공한사람들은 거의 다 고졸입니다. 새해복많이 받으세요 채택부탁드려요 ""이 포스팅은 쿠팡 파트너스 활동의 일환으로, 이에 따른 일정액의 수수료를 제공받습니다.""",https://kin.naver.com/qna/detail.naver?d1id=6&dirId=60901&docId=436067930&qb=7L+g7Yyh7YyM7Yq464SI7IqkIOyEseqztQ==&enc=utf8,,0,0,3,2,1,False
쿠팡파트너스 성공,기타,최대한 빨리답변주세요 2주 다이어트!,"... 건강을 위한 일인데 책한권 읽는건 괜찮지 않겠습니까. 꼭 다이어트 성공하기 바랍니다. 《《《 뱃살이 쏙 빠지는 식사법 》》》 이 포스팅은 쿠팡 파트너스 활동의 일환으로, 이에 따른 일정액의 수수료를 제공받습니다",https://kin.naver.com/qna/detail.naver?d1id=8&dirId=8030401&docId=439679425&qb=7L+g7Yyh7YyM7Yq464SI7IqkIOyEseqztQ==&enc=utf8,,0,0,3,0,3,False
쿠팡파트너스 성공,기타,아이폰13pro 사전예약했는데,쿠팡에서 성공은 했습니다...1시간걸려서 근데 결제하고보니 카드혜택은 이미 없어졌더라구요 8%... 사전예약을... 네 현재 쿠팡 18일 배송 2차분 물량 풀렸습니다 좋은구매되시기 바랍니다 이 포스팅은 쿠팡 파트너스 활동의 일환으로...,https://kin.naver.com/qna/detail.naver?d1id=5&dirId=5010601&docId=401389421&qb=7L+g7Yyh7YyM7Yq464SI7IqkIOyEseqztQ==&enc=utf8,,0,0,3,0,3,False
쿠팡파트너스 성공,기타,갤럭시 s23 자급제 구입,"... 가장 적합한 내용 찾으셔서 구매하시면 적절할겁니다. 좋은 조건으로 구매 성공하시기 바랍니다. 이 포스팅은 쿠팡 파트너스 활동의 일환으로, 이에 따른 일정액의 수수료를 제공받습니다",https://kin.naver.com/qna/detail.naver?d1id=5&dirId=5010602&docId=440869149&qb=7L+g7Yyh7YyM7Yq464SI7IqkIOyEseqztQ==&enc=utf8,,0,0,3,0,3,False
쿠팡파트너스 성공,기타,돌이킬수 없는 약속 줄거리 내용 결말 포함,"... 올라와 성공한 주인공 '윤재준'의 이야기를 그린 이야기입니다. 윤재준은 자신이 농촌에서 살았을 때 함께 자랐던... ^^ 감사합니다~ ""이 포스팅은 쿠팡 파트너스 활동의 일환으로, 이에 따른 일정액의 수수료를 제공받습니다.""",https://kin.naver.com/qna/detail.naver?d1id=8&dirId=80606&docId=443865965&qb=7L+g7Yyh7YyM7Yq464SI7IqkIOyEseqztQ==&enc=utf8,,0,0,3,0,3,False
쿠팡파트너스 성공,기타,HDMI 포트가 하나 뿐인 PC본체에 듀얼모니터 연결 방법,"... 연결을 성공하신 분이 계시네요. 아래처럼 분배기 사서 연결하시면 될 듯합니다. 이지넷유비쿼터스 넥스트... blog.naver.com/mindcaptor/220724230589 쿠팡 파트너스 활동의 일환으로, 이에 따른 일정액의 수수료를 제공받습니다.",https://kin.naver.com/qna/detail.naver?d1id=5&dirId=50204&docId=440767862&qb=7L+g7Yyh7YyM7Yq464SI7IqkIOyEseqztQ==&enc=utf8,,0,0,3,0,3,False
쿠팡파트너스 성공,기타,20대 여자 효과 좋은 다이어트약 추천해주세요,"... 다만, 개인의 체질에 따라서 효과가 달라질 수 있으므로, 다이어트 성공을 위해 적절한 식단 관리와 꾸준한 운동을... ""이 포스팅은 쿠팡 파트너스 활동의 일환으로, 이에 따른 일정액의 수수료를 제공받습니다.""",https://kin.naver.com/qna/detail.naver?d1id=8&dirId=8030404&docId=451081766&qb=7L+g7Yyh7YyM7Yq464SI7IqkIOyEseqztQ==&enc=utf8,,0,0,3,2,1,False
쿠팡파트너스 성공,기타,먼지 질문,"... 이 글과 제품이 도움이 되셨을지 모르겠네요 꼭!! 벽지에 손상이 안가서 저처럼 되지 마세요.. 먼지털이 성공 하시길 바랍니다.. ""이 포스팅은 쿠팡 파트너스 활동의 일환으로, 이에 따른 일정액의 수수료를 제공받습니다.""",https://kin.naver.com/qna/detail.naver?d1id=8&dirId=815&docId=453554494&qb=7L+g7Yyh7YyM7Yq464SI7IqkIOyEseqztQ==&enc=utf8,,0,0,3,2,1,False
쿠팡파트너스 성공,기타,오늘 과식했는데 내일 이렇게 먹어주면 될까요?,"... 꼭다이어트에 성공하시고 제가 도움받은 ""당질제한식""의 책을 추천드립니다. ★★★ 뱃살이 쏙 빠지는 식사법 ★★★ 이 포스팅은 쿠팡 파트너스 활동의 일환으로, 이에 따른 일정액의 수수료를 제공받습니다 채택으로 발생한...",https://kin.naver.com/qna/detail.naver?d1id=8&dirId=80304&docId=441708472&qb=7L+g7Yyh7YyM7Yq464SI7IqkIOyEseqztQ==&enc=utf8,,0,0,3,2,1,False
쿠팡파트너스 성공,기타,영국이랑 미국 문화 차이 좀 있나요 ? 사람 외에도 정,"... 또한 '아메리칸 드림'처럼 성공과 기회를 강조하는 가치가 중요하며, 정치적, 사회적 논쟁에 대해 매우 열정적입니다. ""이 포스팅은 쿠팡 파트너스 활동의 일환으로, 이에 따른 일정액의 수수료를 제공받습니다.""",https://kin.naver.com/qna/detail.naver?d1id=9&dirId=9020201&docId=475969213&qb=7L+g7Yyh7YyM7Yq464SI7IqkIOyEseqztQ==&enc=utf8,,0,0,3,0,3,False
쿠팡파트너스 성공,기타,집에 바람 들어와요 어케요,"... 다이소에서도 많이 구매하고 좋은상품으로 방어도 성공했습니다. 얼마전 쿠팡에서는 다이소 상위호환문풍지를... ""이 포스팅은 쿠팡 파트너스 활동의 일환으로, 이에 따른 일정액의 수수료를 제공받습니다.""",https://kin.naver.com/qna/detail.naver?d1id=8&dirId=815&docId=460709101&qb=7L+g7Yyh7YyM7Yq464SI7IqkIOyEseqztQ==&enc=utf8,,0,0,6,0,6,False
쿠팡파트너스 성공,기타,한끼통살 닭가슴살 제품 다이어트로 괜찮나여?,"... 또 좋다면 맛 추천 부탁드립니다 ""이 포스팅은 쿠팡 파트너스 활동의 일환으로, 이에 따른 일정액의 수수료를... 저크바베큐가 최애였어요. 저랑 입맛비슷하시면 저크바베큐, 떡볶이맛 추천드려요! 다이어트 같이 성공해요 !!",https://kin.naver.com/qna/detail.naver?d1id=7&dirId=71102&docId=479773970&qb=7L+g7Yyh7YyM7Yq464SI7IqkIOyEseqztQ==&enc=utf8,,0,0,3,2,1,False
쿠팡파트너스 성공,기타,임신할수있을까요 아니면 안하는게 나을까요,"... 꼭다이어트에 성공하시고 제가 도움받은 ""당질제한식""의 책을 추천드립니다. ★★★ 뱃살이 쏙 빠지는 식사법 ★★★ 이 포스팅은 쿠팡 파트너스 활동의 일환으로, 이에 따른 일정액의 수수료를 제공받습니다 채택으로 발생한 해피빈...",https://kin.naver.com/qna/detail.naver?d1id=8&dirId=8030404&docId=444499673&qb=7L+g7Yyh7YyM7Yq464SI7IqkIOyEseqztQ==&enc=utf8,,0,0,3,2,1,False
쿠팡파트너스 성공,기타,고민잇어요(다이어트 & 옷),"... 등 고칼로리 간식 대신 과일, 견과류, 요구르트 등 저칼로리이면서 영양가가 높은 간식을 선택하세요. 곤약젤리로 다이어트 성공해보세요!! ""이 포스팅은 쿠팡 파트너스 활동의 일환으로, 이에 따른 일정액의 수수료를 제공받습니다.""",https://kin.naver.com/qna/detail.naver?d1id=1&dirId=1060104&docId=445784803&qb=7L+g7Yyh7YyM7Yq464SI7IqkIOyEseqztQ==&enc=utf8,,0,0,3,0,3,False
쿠팡파트너스 성공,기타,프린터 골라주세요,"... 선명하고 화질 잘 나오면 좋아요 무선 무한잉크 복합기로 캐논의 G시리즈가 성공하고 이에 대항하기 위해... 정리 자료도 한번 보세요 ""이 포스팅은 쿠팡 파트너스 활동의 일환으로, 이에 따른 일정액의 수수료를 제공받습니다.""",https://kin.naver.com/qna/detail.naver?d1id=1&dirId=1010404&docId=427359981&qb=7L+g7Yyh7YyM7Yq464SI7IqkIOyEseqztQ==&enc=utf8,,0,0,3,0,3,False
쿠팡파트너스 성공,기타,아이폰15프로맥스 도착,"... 사전예약 성공하셔서 13일날 도착하십니다~! ✔ 카드사 5%할인 ✔ 애플케어플러스 20%할인 ✔ 무이자할부 22개월... 도움되시기 바랍니다^^ 이 포스팅은 쿠팡 파트너스 활동의 일환으로, 이에 따른 일정액의 수수료를 제공받습니다.",https://kin.naver.com/qna/detail.naver?d1id=5&dirId=5010601&docId=456127610&qb=7L+g7Yyh7YyM7Yq464SI7IqkIOyEseqztQ==&enc=utf8,,0,0,3,0,3,False
쿠팡파트너스 성공,기타,아이폰 15 사전예약,"... 1차 아이폰15 사전예약 성공하시면 13일날 아마 받으실겁니다^^ 아이폰15도 마찬가지로 사전예약기간에... 도움되시기 바랍니다^^ 이 포스팅은 쿠팡 파트너스 활동의 일환으로, 이에 따른 일정액의 수수료를 제공받습니다.",https://kin.naver.com/qna/detail.naver?d1id=5&dirId=5010603&docId=456000543&qb=7L+g7Yyh7YyM7Yq464SI7IqkIOyEseqztQ==&enc=utf8,,0,0,3,0,3,False
쿠팡파트너스 성공,기타,자기개발 도서추천해주세요,... 추천드립니다 성공한사람들의 루틴을 기록하여 책을 만들었을만큼 기록광인 팀패리스의 1등 추천도서 입니다 저도... 구매하시기 바랍니다~ 이 포스팅은 쿠팡파트너스 활동의 일환으로 이에따른 일정액의 수수료를 제공받습니다,https://kin.naver.com/qna/detail.naver?d1id=8&dirId=80606&docId=448363588&qb=7L+g7Yyh7YyM7Yq464SI7IqkIOyEseqztQ==&enc=utf8,,0,2,3,2,3,False
쿠팡파트너스 성공,기타,그림용 레노버 또는 아수스 노트북 추천,"... 2개 찾는데 성공 했습니다. (상당히 까다롭고, 할인이 좀 들어간 가성비 있다고 생각되는 제품만... 감사합니다. '이 글은 쿠팡파트너스 활동으로 작성되었으며, 이에 수수료를 지급받습니다.'",https://kin.naver.com/qna/detail.naver?d1id=1&dirId=10102&docId=434595075&qb=7L+g7Yyh7YyM7Yq464SI7IqkIOyEseqztQ==&enc=utf8,,0,2,3,2,3,False
쿠팡파트너스 성공,기타,[급해요 내공500] 노트북 m.2 ssd 를 추가하고싶습니다....,"... 5인치 SSD에 깔아서 사용한다 이 두가지 중에 하나를 선택하시는 것이 좋을 듯 합니다 꼭 성공하시기 바랍니다 ""이 포스팅은 쿠팡 파트너스 활동의 일환으로, 이에 따른 일정액의 수수료를 제공받습니다.""",https://kin.naver.com/qna/detail.naver?d1id=5&dirId=50203&docId=431379182&qb=7L+g7Yyh7YyM7Yq464SI7IqkIOyEseqztQ==&enc=utf8,,0,0,3,0,3,False
쿠팡파트너스 성공,기타,요요현상이 올까요..?ㅜㅜ,"... 식습관 관리에 참 좋은 내용이 있어 추천 드립니다. 원하시는 다이어트 꼭 성공하시기를 바랍니다. ▼▼뱃살이 쏙빠지는 식사법▼▼ 이 포스팅은 쿠팡 파트너스 활동의 일환으로, 이에 따른 일정액의 수수료를 제공받습니다",https://kin.naver.com/qna/detail.naver?d1id=8&dirId=80304&docId=439064076&qb=7L+g7Yyh7YyM7Yq464SI7IqkIOyEseqztQ==&enc=utf8,,0,0,3,2,1,False
쿠팡파트너스 성공,기타,학생 다이어트,"... 제가 드릴 수 있는 정보는 다 공유드릴게요 ㅎㅎ 도움이 되셨으면 좋겠어요 꼭 다이어트 성공하셨으면 좋겠습니다! 화이팅!! ""이 포스팅은 쿠팡 파트너스 활동의 일환으로, 이에 따른 일정액의 수수료를 제공받습니다.""",https://kin.naver.com/qna/detail.naver?d1id=8&dirId=8030402&docId=445527478&qb=7L+g7Yyh7YyM7Yq464SI7IqkIOyEseqztQ==&enc=utf8,,0,0,3,0,3,False
쿠팡파트너스 성공,기타,프린터가 2주째 안꺼져요!!!,"... 이고요,뭐 ‘쿠팡 파트너스활동을 통해 일정한 수수료를 제공받을수 있음’이런걸로 새 프린터 사라는둥 내공... 중에서 성공한거 있음 그걸로 채택해드려용 ^~^ 프린터 연결된 선이 있으니 그걸 뽑으시면... 저거 전원버튼 계속...",https://kin.naver.com/qna/detail.naver?d1id=1&dirId=1010404&docId=386186306&qb=7L+g7Yyh7YyM7Yq464SI7IqkIOyEseqztQ==&enc=utf8,,0,0,3,0,3,False
쿠팡파트너스 성공,기타,다이어트 도와주세요.,"... 이거 3가지만 지켜주시면 체중감량 다이어트에 성공할 수 있습니다. 식단조절, 꾸준한 운동, 적절한 영양제 섭취... ""이 포스팅은 쿠팡 파트너스 활동의 일환으로, 이에 따른 일정액의 수수료를 제공받습니다.""",https://kin.naver.com/qna/detail.naver?d1id=5&dirId=50803&docId=447300705&qb=7L+g7Yyh7YyM7Yq464SI7IqkIOyEseqztQ==&enc=utf8,,0,0,3,2,1,False
쿠팡파트너스 성공,기타,언니 임신 선물 뭐가 좋을까요?,"... 이 오일은 다른 바디 오일보다 끈적임이 훨씬 덜 한데 촉촉해서 저도 임신 기간 내내 썼고, 튼살 방어 성공했어요... 쿠팡 파트너스 활동의 일환으로, 이에 따른 일정액의 수수료를 제공받습니다. 제 답변이 언니분 선물 고르시는데...",https://kin.naver.com/qna/detail.naver?d1id=7&dirId=7011402&docId=486467528&qb=7L+g7Yyh7YyM7Yq464SI7IqkIOyEseqztQ==&enc=utf8,,0,0,6,2,4,False
쿠팡파트너스 성공,기타,재채기가 계속 나와요,"... 주관 없이 마냥 휩쓸리지 않으려면 아이가 자기를 알고, 돌아보고, 생각하고, 결정하고, 실패하고, 성공하는... 이 포스팅은 쿠팡 파트너스의 일환으로 , 이에 따른 일정의 수수료를 지급받습니다.",https://kin.naver.com/qna/detail.naver?d1id=7&dirId=70102&docId=452940862&qb=7L+g7Yyh7YyM7Yq464SI7IqkIOyEseqztQ==&enc=utf8,,0,0,3,0,3,False
쿠팡파트너스 성공,기타,아이폰14pro,"... 예약성공하신거에요 축하드려요 저는 취소 줍줍 기다려요 ㅠㅠ 계속 누르면 뜨는데 마지막에서 꼬꾸라지네요... 될때까지 시도함 이 포스팅은 쿠팡 파트너스 활동의 일환으로, 이에 따른 일정액의 수수료를 제공받습니다",https://kin.naver.com/qna/detail.naver?d1id=5&dirId=5010601&docId=429512367&qb=7L+g7Yyh7YyM7Yq464SI7IqkIOyEseqztQ==&enc=utf8,,0,0,3,0,3,False
쿠팡파트너스 성공,기타,맥북 질문,... 10년 넘게 맥을 매입하고 판매하면서 봐 온 성공하는 사람들의 공통점은 장비가 아니라 재능과 센스입니다.... 품절인데 취소가 생기면 풀릴수도 있을거에요. ☆ 쿠팡 파트너스 활동을 통해 일정액의 수수료를 제공받을 수 있습니다.,https://kin.naver.com/qna/detail.naver?d1id=1&dirId=10303&docId=440494844&qb=7L+g7Yyh7YyM7Yq464SI7IqkIOyEseqztQ==&enc=utf8,,0,0,3,2,1,False
쿠팡파트너스 성공,유튜브,유튜브 휴대폰 거치대 추천,"... 유명한 제품이고 처음 시작하는 분에게 간단하게 촬영장비로 손색없다는 평이 많습니다 촬영 잘하셔서 유튜브 성공하시길 바라겠습니다 ! ""이 포스팅은 쿠팡 파트너스 활동의 일환으로, 이에 따른 일정액의 수수료를 제공받습니다.""",https://kin.naver.com/qna/detail.naver?d1id=5&dirId=50101&docId=429707062&qb=7L+g7Yyh7YyM7Yq464SI7IqkIOyEseqztQ==&enc=utf8,,0,2,3,2,3,False
쿠팡파트너스 성공,기타,중3 옷 추천,"... 만약 옷고르는게 어려운 분이라면 최대한 무난하게, 무지로, 재질은 좋게 이 세개를 중점적으로 생각하시면 성공확률이 높습니다. 무신사 랭킹을 참고해도 좋구요. 이 포스팅은 쿠팡 파트너스 활동의 일환으로, 이에...",https://kin.naver.com/qna/detail.naver?d1id=8&dirId=80404&docId=435952395&qb=7L+g7Yyh7YyM7Yq464SI7IqkIOyEseqztQ==&enc=utf8,,0,0,3,2,1,False
쿠팡파트너스 성공,기타,머리가 깨질듯이 아픕니다,"... 조셉머피의 확인성공공식(건강명령) 먼저 승인하라/ 과도한 노력금지, 자신감 얻기... com/a/byFXAY ""이 포스팅은 쿠팡 파트너스 활동의 일환으로, 이에 따른 일정액의 수수료를 제공받을 수 있습니다."" 모르면...",https://kin.naver.com/qna/detail.naver?d1id=7&dirId=70107&docId=468804569&qb=7L+g7Yyh7YyM7Yq464SI7IqkIOyEseqztQ==&enc=utf8,,0,0,3,0,3,False
쿠팡파트너스 성공,기타,싱가포르 취업시 도움되는 자격증 종류,"... 싱가포르에서 취업하기 위한 정보를 수집하고, 네트워킹을 하세요. 싱가포르 취업에 성공하시길 바랍니다. 이 포스팅은 쿠팡 파트너스 활동의 일환으로, 이에 따른 일정액의 수수료를 제공받습니다.",https://kin.naver.com/qna/detail.naver?d1id=4&dirId=406&docId=463101474&qb=7L+g7Yyh7YyM7Yq464SI7IqkIOyEseqztQ==&enc=utf8,,0,0,3,0,3,False
쿠팡파트너스 성공,기타,키 184 자전거 추천 부탁드립니다,... 감사하겠습니다 쿠팡파트너스 답변글은 받지 않겠습니다 신고처리하겠습니다 사이즈 없어요. 사이즈 있는... 예상되며 성공가능성도 매우 낮은편입니다. 50만원선이라면 중고장터 잠복하면 가능성이 조금 있습니다만 이도...,https://kin.naver.com/qna/detail.naver?d1id=10&dirId=100501&docId=415455676&qb=7L+g7Yyh7YyM7Yq464SI7IqkIOyEseqztQ==&enc=utf8,,0,2,3,2,3,False
쿠팡파트너스 성공,기타,잠 안 잤는데 심장이 아픔,"... 조셉머피의 확인성공공식(건강명령) 먼저 승인하라/ 과도한 노력금지, 자신감 얻기... com/a/byFXAY ""이 포스팅은 쿠팡 파트너스 활동의 일환으로, 이에 따른 일정액의 수수료를 제공받을 수 있습니다....",https://kin.naver.com/qna/detail.naver?d1id=7&dirId=708&docId=468807182&qb=7L+g7Yyh7YyM7Yq464SI7IqkIOyEseqztQ==&enc=utf8,,0,0,3,0,3,False
쿠팡파트너스 성공,기타,다이어트 약,"... 하지만, 다이어트 성공을 위해 보조제만에 의존하지 않고 건강한 식습관과 꾸준한 운동을 병행하는 것이 좋아... ""이 포스팅은 쿠팡 파트너스 활동의 일환으로, 이에 따른 일정액의 수수료를 제공받습니다.""",https://kin.naver.com/qna/detail.naver?d1id=8&dirId=8030404&docId=450848218&qb=7L+g7Yyh7YyM7Yq464SI7IqkIOyEseqztQ==&enc=utf8,,0,0,3,0,3,False
쿠팡파트너스 성공,기타,속이 매일 울렁거려요,"... 조셉머피의 확인성공공식(건강명령) 먼저 승인하라/ 과도한 노력금지, 자신감 얻기... com/a/byFXAY ""이 포스팅은 쿠팡 파트너스 활동의 일환으로, 이에 따른 일정액의 수수료를 제공받을 수 있습니다."" 모르면...",https://kin.naver.com/qna/detail.naver?d1id=7&dirId=7010102&docId=468804691&qb=7L+g7Yyh7YyM7Yq464SI7IqkIOyEseqztQ==&enc=utf8,,0,0,3,0,3,False
쿠팡파트너스 성공,기타,모니터 꺼짐 현상 질문드려요,... 까진 성공했으나 이상하게 앱을 실행시키고 진행중에 지지직 거리며 꺼저버립니다. 본체는 여전히... com/a/1A1zE 답변 채택시 받는 해피빈 콩은 어려운 이웃을 위해 기부됩니다 쿠팡 파트너스 활동의 일환으로 일정액의...,https://kin.naver.com/qna/detail.naver?d1id=1&dirId=101&docId=447734188&qb=7L+g7Yyh7YyM7Yq464SI7IqkIOyEseqztQ==&enc=utf8,,0,0,6,2,4,False
쿠팡파트너스 성공,기타,검지손가락 통증,"... 조셉머피의 확인성공공식(건강명령) 먼저 승인하라/ 과도한 노력금지, 자신감 얻기... com/a/byFXAY ""이 포스팅은 쿠팡 파트너스 활동의 일환으로, 이에 따른 일정액의 수수료를 제공받을 수 있습니다."" 모르면...",https://kin.naver.com/qna/detail.naver?d1id=7&dirId=70119&docId=468805019&qb=7L+g7Yyh7YyM7Yq464SI7IqkIOyEseqztQ==&enc=utf8,,0,0,3,0,3,False
쿠팡파트너스 성공,기타,"방송용, 녹음 마이크 추천해주세요","... 여기서부터는 성공한 방송인, 음악인들이 쓰는 프로 레벨입니다. 장비만큼은 나도 프로급으로 쓰련다. 하시면... 이 포스팅은 쿠팡 파트너스 활동의 일환으로, 이에 따른 일정액의 수수료를 제공받습니다",https://kin.naver.com/qna/detail.naver?d1id=5&dirId=50103&docId=427034136&qb=7L+g7Yyh7YyM7Yq464SI7IqkIOyEseqztQ==&enc=utf8,,0,0,3,2,1,False
쿠팡파트너스 성공,기타,의자 팔걸이 떨어졌을때,... 사보고 성공한적이 없어서요... 아래 제품은 목재와 플라스틱 전용 접착제입니다. 다이소에서 사서 실패하느니 정말로 접착 가능한거 하나 사두시는게 좋을수도있겠네요 이 포스팅은 쿠팡 파트너스...,https://kin.naver.com/qna/detail.naver?d1id=5&dirId=50501&docId=423174835&qb=7L+g7Yyh7YyM7Yq464SI7IqkIOyEseqztQ==&enc=utf8,,0,0,3,0,3,False
쿠팡파트너스 성공,기타,근육이 빠진건가요?,"... 다이어트에 성공하길 간절히 응원합니다. 운동 없이 체중이 빠졌다면, 대부분 근손실을 우려합니다. 아무래도... ""이 포스팅은 쿠팡 파트너스 활동의 일환으로, 이에 따른 일정액의 수수료를 제공받습니다.""",https://kin.naver.com/qna/detail.naver?d1id=8&dirId=8030401&docId=440455024&qb=7L+g7Yyh7YyM7Yq464SI7IqkIOyEseqztQ==&enc=utf8,,0,0,3,0,3,False
쿠팡파트너스 성공,기타,"민감성피부 쿠션, 파운데이션 추천해주","... 제가 직접 사용해본 두 상품을 추천드렸어용! 민감성 쿠션 꼭 성공하시길 바래요~ 내공 부탁드립니다 ""이 포스팅은 쿠팡 파트너스 활동의 일환으로, 이에 따른 일정액의 수수료를 제공받습니다.""",https://kin.naver.com/qna/detail.naver?d1id=5&dirId=5030102&docId=433700810&qb=7L+g7Yyh7YyM7Yq464SI7IqkIOyEseqztQ==&enc=utf8,,0,0,3,2,1,False
쿠팡파트너스 성공,기타,중도 중복장애 학생 문제,"... 기능적 기술을 습득한 학생들은 더 높은 수준의 독립성과 자존감을 경험하고, 학교와 지역 사회에서 더 성공할... bz/cevI 이 포스팅은 쿠팡 파트너스 활동의 일환으로, 이에 따른 일정액의 수수료를 제공받습니다.",https://kin.naver.com/qna/detail.naver?d1id=11&dirId=110208&docId=447928617&qb=7L+g7Yyh7YyM7Yq464SI7IqkIOyEseqztQ==&enc=utf8,,0,0,3,0,3,False
쿠팡파트너스 성공,기타,[나눈질문1] 무점인가요? 너무 간지럽고 아파요,"... 조셉머피의 확인성공공식(건강명령) 먼저 승인하라/ 과도한 노력금지, 자신감 얻기... com/a/byFXAY ""이 포스팅은 쿠팡 파트너스 활동의 일환으로, 이에 따른 일정액의 수수료를 제공받을 수 있습니다."" 모르면...",https://kin.naver.com/qna/detail.naver?d1id=7&dirId=70111&docId=468807681&qb=7L+g7Yyh7YyM7Yq464SI7IqkIOyEseqztQ==&enc=utf8,,0,0,3,2,1,False
쿠팡파트너스 성공,기타,남자친구 선물이여 추천해주세요,"... 누구나 다 갖고 있는 브랜드 보다는 살짝 유니크한 브랜드들 추천 드립니다. 그래야 선물의 효과가 크더라구요! ""이 포스팅은 쿠팡 파트너스 활동의 일환으로, 이에 따른 일정액의 수수료를 제공받습니다."" 이쁜 선물 꼭 성공하세요~!",https://kin.naver.com/qna/detail.naver?d1id=5&dirId=50402&docId=434774802&qb=7L+g7Yyh7YyM7Yq464SI7IqkIOyEseqztQ==&enc=utf8,,0,0,3,2,1,False
쿠팡파트너스 성공,기타,다이어트(식단 운동),"... 다이어트 성공하시길 바랍니다. 아침: - 계란, 토마토, 아보카도 등으로 만든 오믈렛 - 스프루트 빵과 자몽... coupang.com/a/bc4WH0 ""이 포스팅은 쿠팡 파트너스 활동의 일환으로, 이에 따른 일정액의 수수료를 제공받습니다.""",https://kin.naver.com/qna/detail.naver?d1id=7&dirId=706&docId=456928995&qb=7L+g7Yyh7YyM7Yq464SI7IqkIOyEseqztQ==&enc=utf8,,0,0,3,0,3,False
쿠팡파트너스 성공,기타,건망증이 너무 심해요,"... 조셉머피의 확인성공공식(건강명령) 먼저 승인하라/ 과도한 노력금지, 자신감 얻기... com/a/byFXAY ""이 포스팅은 쿠팡 파트너스 활동의 일환으로, 이에 따른 일정액의 수수료를 제공받을 수 있습니다."" 모르면 나만...",https://kin.naver.com/qna/detail.naver?d1id=7&dirId=70109&docId=468806552&qb=7L+g7Yyh7YyM7Yq464SI7IqkIOyEseqztQ==&enc=utf8,,0,0,3,0,3,False
쿠팡파트너스 성공,기타,왕후장상이 뭔가요 ㅜㅜ,"... 이 말은 출신이나 신분에 관계없이 누구나 노력하면 성공할 수 있다는 희망을 주는 말입니다. 감사합니다.... bz/cevI 이 포스팅은 쿠팡 파트너스 활동의 일환으로, 이에 따른 일정액의 수수료를 제공받습니다.",https://kin.naver.com/qna/detail.naver?d1id=11&dirId=111001&docId=447983150&qb=7L+g7Yyh7YyM7Yq464SI7IqkIOyEseqztQ==&enc=utf8,,0,0,3,0,3,False
쿠팡파트너스 성공,기타,맹장염 증상,"... 조셉머피의 확인성공공식(건강명령) 먼저 승인하라/ 과도한 노력금지, 자신감 얻기... com/a/byFXAY ""이 포스팅은 쿠팡 파트너스 활동의 일환으로, 이에 따른 일정액의 수수료를 제공받을 수 있습니다."" 모르면 나만...",https://kin.naver.com/qna/detail.naver?d1id=7&dirId=7010102&docId=468803138&qb=7L+g7Yyh7YyM7Yq464SI7IqkIOyEseqztQ==&enc=utf8,,0,0,3,0,3,False
쿠팡파트너스 성공,기타,발톱 양쪽에 검은 점이 생겼는데 뭔가요?,"... 조셉머피의 확인성공공식(건강명령) 먼저 승인하라/ 과도한 노력금지, 자신감 얻기... com/a/byFXAY ""이 포스팅은 쿠팡 파트너스 활동의 일환으로, 이에 따른 일정액의 수수료를 제공받을 수 있습니다."" 모르면 나만...",https://kin.naver.com/qna/detail.naver?d1id=7&dirId=708&docId=468805816&qb=7L+g7Yyh7YyM7Yq464SI7IqkIOyEseqztQ==&enc=utf8,,0,0,3,0,3,False
쿠팡파트너스 성공,기타,붉은반점 뭔가요,"... 조셉머피의 확인성공공식(건강명령) 먼저 승인하라/ 과도한 노력금지, 자신감 얻기... com/a/byFXAY ""이 포스팅은 쿠팡 파트너스 활동의 일환으로, 이에 따른 일정액의 수수료를 제공받을 수 있습니다."" 모르면 나만...",https://kin.naver.com/qna/detail.naver?d1id=7&dirId=70111&docId=468805731&qb=7L+g7Yyh7YyM7Yq464SI7IqkIOyEseqztQ==&enc=utf8,,0,0,3,0,3,False
쿠팡파트너스 성공,기타,영화 만드는법,"... 시나리오가 잘 짜여져야 영화가 성공할 가능성이 높습니다. 시나리오를 작성할 때는 웹툰의 장점을 살리면서... bz/cejM 이 포스팅은 쿠팡 파트너스 활동의 일환으로, 이에 따른 일정액의 수수료를 제공받을수 있습니다....",https://kin.naver.com/qna/detail.naver?d1id=3&dirId=30303&docId=450799037&qb=7L+g7Yyh7YyM7Yq464SI7IqkIOyEseqztQ==&enc=utf8,,0,0,3,0,3,False
쿠팡파트너스 성공,기타,갑자기 체한듯할때마다 쪼그리고 앉으면 괜찮아지는데,"... 조셉머피의 확인성공공식(건강명령) 먼저 승인하라/ 과도한 노력금지, 자신감 얻기... com/a/byFXAY ""이 포스팅은 쿠팡 파트너스 활동의 일환으로, 이에 따른 일정액의 수수료를 제공받을 수 있습니다."" 모르면 나만 늙어요...",https://kin.naver.com/qna/detail.naver?d1id=7&dirId=7010102&docId=468805538&qb=7L+g7Yyh7YyM7Yq464SI7IqkIOyEseqztQ==&enc=utf8,,0,0,3,0,3,False
쿠팡파트너스 성공,기타,중3 여학생 다이어트 약,"... 다이어트할때 스트레스 받지않게 성공하시길바랄게요 ""이 포스팅은 쿠팡 파트너스 활동의 일환으로, 이에 따른 일정액의 수수료를 제공받습니다."" (질문자님과 상관없는 수수료입니다)",https://kin.naver.com/qna/detail.naver?d1id=8&dirId=8030404&docId=424276618&qb=7L+g7Yyh7YyM7Yq464SI7IqkIOyEseqztQ==&enc=utf8,,0,0,3,2,1,False
쿠팡파트너스 성공,기타,"다이어트 ,,","... 불균형을 일으켜 체중 증가에 영향을 줄 수 있습니다. 스트레스를 해소할 수 있는 방법을 찾으세요. 다이어트에 성공하시기를 바랍니다. *이 포스팅은 쿠팡 파트너스 활동의 일환으로, 이에 따른 일정액의 수수료를 제공받습니다.",https://kin.naver.com/qna/detail.naver?d1id=8&dirId=80304&docId=463175620&qb=7L+g7Yyh7YyM7Yq464SI7IqkIOyEseqztQ==&enc=utf8,,0,0,3,0,3,False
쿠팡파트너스 성공,기타,40만원 이하 여자 선물 추천좀해주세요,"안녕하세요, 다름이 아니라 친누나가 취업에 성공해서 선물을 해주고 싶은데요 제가 아직 학생이라 큰 돈은 없어서... 감사합니다 명품 카드지갑 좋은 선물 되실듯요 이 포스팅은 쿠팡 파트너스 활동의 일환으로 이에 따른 일정액의...",https://kin.naver.com/qna/detail.naver?d1id=5&dirId=504&docId=420600618&qb=7L+g7Yyh7YyM7Yq464SI7IqkIOyEseqztQ==&enc=utf8,,0,0,3,2,1,False
쿠팡파트너스 성공,기타,양쪽 팔에 두드러기마냥 났는데 어떻게 없애나요,"... 조셉머피의 확인성공공식(건강명령) 먼저 승인하라/ 과도한 노력금지, 자신감 얻기... com/a/byFXAY ""이 포스팅은 쿠팡 파트너스 활동의 일환으로, 이에 따른 일정액의 수수료를 제공받을 수 있습니다."" 모르면 나만...",https://kin.naver.com/qna/detail.naver?d1id=7&dirId=70111&docId=468806611&qb=7L+g7Yyh7YyM7Yq464SI7IqkIOyEseqztQ==&enc=utf8,,0,0,3,0,3,False
쿠팡파트너스 성공,기타,다이어트하는법좀알려주세요,"다이어트 운동이랑 식단줄이는법 좀 알려주세요 제가 성공한 다이어트 방법 알려드리면요 일단 건강 생각해서... 말씀해주세요.) (이 포스팅은 쿠팡 파트너스활동의 일환으로, 이에 따른 일정액의 수수료를 제공받습니다) 조금이라도...",https://kin.naver.com/qna/detail.naver?d1id=8&dirId=80304&docId=421403240&qb=7L+g7Yyh7YyM7Yq464SI7IqkIOyEseqztQ==&enc=utf8,,0,0,3,2,1,False
쿠팡파트너스 성공,기타,어벤져스는 복수자들 이란 뜻으로 알고있는데..,"... 어벤져스는 마블 코믹스의 대표적인 히어로 팀으로, 2008년 개봉된 영화 의 성공으로 전 세계적으로... bz/cejM 이 포스팅은 쿠팡 파트너스 활동의 일환으로, 이에 따른 일정액의 수수료를 제공받습니다....",https://kin.naver.com/qna/detail.naver?d1id=3&dirId=30304&docId=447999202&qb=7L+g7Yyh7YyM7Yq464SI7IqkIOyEseqztQ==&enc=utf8,,0,0,3,0,3,False
쿠팡파트너스 성공,기타,다이어트식단 하다가 일반식,"... 꼭 다이어트 성공하기 바랍니다. ★★★ 뱃살이 쏙 빠지는 식사법 ★★★ 이 포스팅은 쿠팡 파트너스 활동의 일환으로, 이에 따른 일정액의 수수료를 제공받습니다 채택으로 발생한 해피빈 콩은 전액 기부됩니다.",https://kin.naver.com/qna/detail.naver?d1id=8&dirId=8030401&docId=455167579&qb=7L+g7Yyh7YyM7Yq464SI7IqkIOyEseqztQ==&enc=utf8,,0,0,3,0,3,False
쿠팡파트너스 성공,기타,중1 다이어트,"... 제가 성공한 다이어트 방법 알려드리면요 일단 건강 생각해서 종합영양제나 비타민 챙겨드시고 토마토나 시금치... 말씀해주세요.) (이 포스팅은 쿠팡 파트너스활동의 일환으로, 이에 따른 일정액의 수수료를 제공받습니다)...",https://kin.naver.com/qna/detail.naver?d1id=13&dirId=130707&docId=420482374&qb=7L+g7Yyh7YyM7Yq464SI7IqkIOyEseqztQ==&enc=utf8,,0,0,3,0,3,False
쿠팡파트너스 성공,기타,서울대 은행,"... 따라서, 자기소개서와 면접을 통해 자신의 역량을 잘 어필한다면 은행 취업에 성공할 수 있습니다. 은행... bz/cdmc 이 포스팅은 쿠팡 파트너스 활동의 일환으로, 이에 따른 일정액의 수수료를 제공받습니다....",https://kin.naver.com/qna/detail.naver?d1id=6&dirId=60219&docId=452548604&qb=7L+g7Yyh7YyM7Yq464SI7IqkIOyEseqztQ==&enc=utf8,,0,0,3,0,3,False
쿠팡파트너스 성공,기타,중1 여자 다이어트 방법 알려주세요!,"... 좀 좋은 다이어트 방법좀 알려주시면 감사하겠습니다 제가 성공한 다이어트 방법 알려드리면요 일단 건강... 말씀해주세요.) (이 포스팅은 쿠팡 파트너스활동의 일환으로, 이에 따른 일정액의 수수료를 제공받습니다) 조금이라도...",https://kin.naver.com/qna/detail.naver?d1id=5&dirId=50803&docId=420436933&qb=7L+g7Yyh7YyM7Yq464SI7IqkIOyEseqztQ==&enc=utf8,,0,0,3,2,1,False
쿠팡파트너스 성공,기타,팔뚝살 빼는 데 효과적인 운동엔 뭐가,"... 꾸준히 하시길 바라고 운동할때 지치지않게 먹는것도 잘 챙겨주세요! 질문자님의 성공을 기원합니다 ""이 포스팅은 쿠팡 파트너스 활동의 일환으로, 이에 따른 일정액의 수수료를 제공받습니다."" (질문자님과 상관없는 수수료입니다)",https://kin.naver.com/qna/detail.naver?d1id=7&dirId=707&docId=423671113&qb=7L+g7Yyh7YyM7Yq464SI7IqkIOyEseqztQ==&enc=utf8,,0,0,6,2,4,False
쿠팡파트너스 성공,기타,예비고 키 클수있나요??,"... 대해 관심이 많으시니까 반드시 성공할겁니다. 이쁘고 아름다운 어른으로 성장하시길 기도하겠습니다. 새해 복많이 받으시고 행복하세요^^ ""이 포스팅은 쿠팡 파트너스 활동의 일환으로, 이에 따른 일정액의 수수료를 제공받습니다.""",https://kin.naver.com/qna/detail.naver?d1id=8&dirId=8010501&docId=461332373&qb=7L+g7Yyh7YyM7Yq464SI7IqkIOyEseqztQ==&enc=utf8,,0,0,3,0,3,False
쿠팡파트너스 성공,블로그,캐나다유학,"... 인공지능으로 쇼츠 알고리즘 타기, 블로그 광고 노출 올리기, 쿠팡 파트너스 협찬, 인공지능 노래 만들기 등등 알려주십니다. 따라하면 월 수익 1억 나옵니다. 이외에도 블로그 뒤지다 보면 블로그 광고로 1억 버는 방법들 나옵니다....",https://kin.naver.com/qna/detail.naver?d1id=11&dirId=110601&docId=486643897&qb=7L+g7Yyh7YyM7Yq464SI7IqkIOyEseqztQ==&enc=utf8,,0,4,0,0,4,False
쿠팡파트너스 성공,기타,버터없이 쿠키ㅠㅠ,"... 성공했던 쿠키 만드는 법좀 알려주십쇼! (뭐 사라고 하지마세요ㅠㅠ) 안녕하세요, 버터없이 쿠키 만드시는 방법을... (오뚜기 파운드 마아가린은 비추천할께요ㅠ) 이 댓글은 쿠팡 파트너스 활동의 일환으로, 이에 따른 일정액의...",https://kin.naver.com/qna/detail.naver?d1id=5&dirId=50502&docId=408215815&qb=7L+g7Yyh7YyM7Yq464SI7IqkIOyEseqztQ==&enc=utf8,,0,0,6,2,4,False
쿠팡파트너스 성공,기타,지금 다이어트중인데 그냥 포기하고 먹,"... ㅠㅠ어떡하죠ㅜㅜㅜ 안녕하십니까 다욧중에 식욕이 제일 참기 힘들죠ㅠㅠ 그래도 다욧에 성공한 나의... bz/ccYE 이 포스팅은 쿠팡 파트너스 활동의 일환으로, 이에 따른 일정액의 수수료를 제공받습니다....",https://kin.naver.com/qna/detail.naver?d1id=8&dirId=8030402&docId=447375354&qb=7L+g7Yyh7YyM7Yq464SI7IqkIOyEseqztQ==&enc=utf8,,0,0,3,0,3,False
쿠팡파트너스 성공,기타,입술 두드러기?,"... 조셉머피의 확인성공공식(건강명령) 먼저 승인하라/ 과도한 노력금지, 자신감 얻기 --- 배마사지 혁명이... com/a/bzvGV4 ""이 포스팅은 쿠팡 파트너스 활동의 일환으로, 이에 따른 일정액의 수수료를 제공받을 수...",https://kin.naver.com/qna/detail.naver?d1id=7&dirId=70109&docId=468954396&qb=7L+g7Yyh7YyM7Yq464SI7IqkIOyEseqztQ==&enc=utf8,,0,0,3,0,3,False
쿠팡파트너스 성공,기타,벌크업 샐러드,"... 오메가3로 충분하다고 생각하는데 함유량에 따라 섭취 갯수가 다릅니다. 벌크업 성공하길 바랍니다! ""이 포스팅은 쿠팡 파트너스 활동의 일환으로, 이에 따른 일정액의 수수료를 제공받습니다."" (질문자님과 상관없는 수수료입니다)",https://kin.naver.com/qna/detail.naver?d1id=7&dirId=70701&docId=424865270&qb=7L+g7Yyh7YyM7Yq464SI7IqkIOyEseqztQ==&enc=utf8,,0,0,3,2,1,False
쿠팡파트너스 성공,기타,헬린이 다이어트 질문 ..,"... 다이어트를 성공할 수 있을까요 ?? 일단. 응원합니다 저녁에. 밥 조금 드신다는데. 흰쌀밥보다. 현미밥.잡곡밥으로.... ""이 포스팅은 쿠팡 파트너스 활동의 일환으로, 이에 따른 일정액의 수수료를 제공받습니다.""",https://kin.naver.com/qna/detail.naver?d1id=8&dirId=8030402&docId=432837399&qb=7L+g7Yyh7YyM7Yq464SI7IqkIOyEseqztQ==&enc=utf8,,0,0,3,2,1,False
쿠팡파트너스 성공,기타,벌크업 질문 (헬린이),"... 사실 카페인도 먹어봤는데 너무 의존하게되서 끊었구요 득근하시고 벌크업 성공하길바랄게요 벌크업의 비밀은 중량증가와 영양 섭취!! ""이 포스팅은 쿠팡 파트너스 활동의 일환으로, 이에 따른 일정액의 수수료를 제공받습니다....",https://kin.naver.com/qna/detail.naver?d1id=7&dirId=70701&docId=426055416&qb=7L+g7Yyh7YyM7Yq464SI7IqkIOyEseqztQ==&enc=utf8,,0,0,3,2,1,False
쿠팡파트너스 성공,기타,요즘 유행하는 순금 비휴 제품을 찾고 싶습니다.,"... 고수님 요즘 재물, 성공, 사업, 금전운을 부른다는 전설의 동물 비휴 제품(순금)을 찾습니다. 그 제품이 어디에서... ""이 포스팅은 쿠팡 파트너스 활동의 일환으로, 이에 따른 일정액의 수수료를 제공받습니다.""",https://kin.naver.com/qna/detail.naver?d1id=5&dirId=50601&docId=422786728&qb=7L+g7Yyh7YyM7Yq464SI7IqkIOyEseqztQ==&enc=utf8,,0,0,3,0,3,False
쿠팡파트너스 성공,기타,어린이 다이어트,"... 시작해왔는데 성공하지는 못했고 그래도 어릴때부터 친했던 친구 어머니를 오랜만에 만났을때(같이 다이어트... coupang.com/a/bb3bl7 이 포스팅은 쿠팡 파트너스 활동의 일환으로, 이에 따른 일정액의 수수료를 제공받습니다.",https://kin.naver.com/qna/detail.naver?d1id=13&dirId=130707&docId=456124971&qb=7L+g7Yyh7YyM7Yq464SI7IqkIOyEseqztQ==&enc=utf8,,0,0,3,0,3,False
쿠팡파트너스 성공,기타,에어팟 프로2 정식 출시했나요?,"... PC와 모바일을 동시에 활용하면, 상대적으로 접속이 용이하실 것 같네요~^^ 사전예약 성공하시어 제품 구매 잘 하시길 바랍니다! ""이 포스팅은 쿠팡 파트너스 활동의 일환으로, 이에 따른 일정액의 수수료를 제공받습니다.""",https://kin.naver.com/qna/detail.naver?d1id=5&dirId=5010601&docId=429899001&qb=7L+g7Yyh7YyM7Yq464SI7IqkIOyEseqztQ==&enc=utf8,,0,0,3,0,3,False
쿠팡파트너스 성공,기타,다이어트 보조제,"... 중에 고민중이에요 ㅠㅠ 저 얼마전에 웨딩촬영때문에 다이어트 했고 성공했어요!!! 2주만에 3키로뺏고 아침은 그냥... 이 포스팅은 쿠팡 파트너스 활동의 일환으로, 이에 따른 일정액의 수수료를 제공받습니다",https://kin.naver.com/qna/detail.naver?d1id=8&dirId=8020302&docId=460232560&qb=7L+g7Yyh7YyM7Yq464SI7IqkIOyEseqztQ==&enc=utf8,,0,0,6,0,6,False
쿠팡파트너스 성공,기타,술집 창업 하려면 어떻게 해야,"... 지역의 인구수, 연령대, 소득 수준, 유동인구 등을 조사하여 술집이 성공할 수 있는 지역인지 확인합니다. 점포... bz/cdmc 이 포스팅은 쿠팡 파트너스 활동의 일환으로, 이에 따른 일정액의 수수료를 제공받습니다....",https://kin.naver.com/qna/detail.naver?d1id=4&dirId=40702&docId=449503932&qb=7L+g7Yyh7YyM7Yq464SI7IqkIOyEseqztQ==&enc=utf8,,0,0,3,0,3,False
쿠팡파트너스 성공,기타,꿈 해몽 부탁드려요,"... 도망치는데 성공했어요 근데 집 비밀번호를 쳐도 문이 안열렸어요 그래서 제가 경비실 가던중 경비원을 만나 집... ""이 포스팅은 쿠팡 파트너스 활동의 일환으로, 이에 따른 일정액의 수수료를 제공받습니다.""",https://kin.naver.com/qna/detail.naver?d1id=11&dirId=110705&docId=445811908&qb=7L+g7Yyh7YyM7Yq464SI7IqkIOyEseqztQ==&enc=utf8,,0,0,6,0,6,False
쿠팡파트너스 성공,기타,두달 다이어트 -20kg,"... 늘 건강하시고 성공하시길 기원하겠습니다. 새해 복 많이 받으시고 청룡의 기운 듬뿍 받으시길 기도합니다. ""이 포스팅은 쿠팡 파트너스 활동의 일환으로, 이에 따른 일정액의 수수료를 제공받습니다.""",https://kin.naver.com/qna/detail.naver?d1id=8&dirId=8030402&docId=461381132&qb=7L+g7Yyh7YyM7Yq464SI7IqkIOyEseqztQ==&enc=utf8,,0,0,3,0,3,False
쿠팡파트너스 성공,기타,다이어트중 앉았다 일어날때 현기증...,"... 양을 줄이는 게 다이어트 성공의 열쇠가 아닙니다. *******불량식품을 버리고, 건강한 음식으로 맛있게 즐기며... coupang.com/a/1QatE ""이 포스팅은 쿠팡 파트너스 활동의 일환으로, 이에 따른 일정액의 수수료를 제공받습니다.""",https://kin.naver.com/qna/detail.naver?d1id=7&dirId=70103&docId=448572784&qb=7L+g7Yyh7YyM7Yq464SI7IqkIOyEseqztQ==&enc=utf8,,0,0,3,0,3,False
쿠팡파트너스 성공,기타,살빼고싶은데 욕 좀 해주세요,"... 화이팅입니다! 지니가는 3대 600청년입니다 아 그리고 다이어트에 도움이 될수있는 저또한 먹고있는 보조식품 남겨드릴꼐요 성공하세요 꼭! ""이 포스팅은 쿠팡 파트너스 활동의 일환으로, 이에 따른 일정액의 수수료를 제공받습니다.""",https://kin.naver.com/qna/detail.naver?d1id=8&dirId=80304&docId=454373399&qb=7L+g7Yyh7YyM7Yq464SI7IqkIOyEseqztQ==&enc=utf8,,0,0,3,0,3,False
쿠팡파트너스 성공,기타,자기계발및 지식쌓기 책,"... 여러 성공한사람들의 습관을 기록한 책 미라클 모닝_ 성공한 사람들의 아침루틴을 다룬책 FBI행동심리학_ FBI출신의... ""이 포스팅은 쿠팡 파트너스 활동의 일환으로, 이에 따른 일정액의 수수료를 제공받습니다.""",https://kin.naver.com/qna/detail.naver?d1id=8&dirId=80606&docId=455820145&qb=7L+g7Yyh7YyM7Yq464SI7IqkIOyEseqztQ==&enc=utf8,,0,0,3,0,3,False
쿠팡파트너스 성공,기타,다이어트 입터짐...,"... 입터지지않는 방법 없을까요 진짜ㅠㅠㅜ 쓸데없는 답변말고 다이어트 성공하신분들이나 관련 지식이 많으신... i=a/V0Mk4 이건 많은 용량이에요 ""이 포스팅은 쿠팡 파트너스 활동의 일환으로, 이에 따른 일정액의 수수료를...",https://kin.naver.com/qna/detail.naver?d1id=5&dirId=50803&docId=444366010&qb=7L+g7Yyh7YyM7Yq464SI7IqkIOyEseqztQ==&enc=utf8,,0,0,3,0,3,False
쿠팡파트너스 성공,기타,10대 여자 향수는 어디서 구매하나요?,"... 지금까지 온라인구매로 후기 보고 구매 해도 성공한 적이 한 반도 없었어서 ㅠㅠㅠ 요새 냄새에... ng/b8vSgK 도움이 되었다면 채택 부탁할게요~^^ ""이 포스팅은 쿠팡 파트너스 활동의 일환으로, 이에 따른...",https://kin.naver.com/qna/detail.naver?d1id=5&dirId=5030103&docId=402066615&qb=7L+g7Yyh7YyM7Yq464SI7IqkIOyEseqztQ==&enc=utf8,,0,0,3,0,3,False
쿠팡파트너스 성공,기타,다이어트하는법,"다이어트 성공하는법 좀 알려주ㅅㅔ요… 안녕하세요 다이어트는 식단관리와 운동으로 할 수있습니다... ng/b2evpg 이 포스팅은 쿠팡 파트너스 활동의 일환으로, 이에 따른 일정액의 수수료를 제공받습니다.",https://kin.naver.com/qna/detail.naver?d1id=5&dirId=50803&docId=392889765&qb=7L+g7Yyh7YyM7Yq464SI7IqkIOyEseqztQ==&enc=utf8,,0,0,3,0,3,False
쿠팡파트너스 성공,기타,90kg 남 다이어트 식단,"... 꼭 다이어트 성공하기 바랍니다. 《《《 뱃살이 쏙 빠지는 식사법 》》》 이 포스팅은 쿠팡 파트너스 활동의 일환으로, 이에 따른 일정액의 수수료를 제공받습니다. 채택으로 받는 해피빈 콩은 전액 기부됩니다.",https://kin.naver.com/qna/detail.naver?d1id=8&dirId=8030401&docId=457069089&qb=7L+g7Yyh7YyM7Yq464SI7IqkIOyEseqztQ==&enc=utf8,,0,0,3,0,3,False
쿠팡파트너스 성공,기타,발바닥 살이 조금씩 까져요,"... com/shorts/YBam9Q4nHwg 조셉머피의 확인성공공식(건강명령) 먼저 승인하라/ 과도한 노력금지, 자신감 얻기... com/a/byF8DH 애드올 치약 다섯개 : 59,500원 ""이 포스팅은 쿠팡 파트너스 활동의 일환으로, 이에 따른 일정액의...",https://kin.naver.com/qna/detail.naver?d1id=7&dirId=70111&docId=468533670&qb=7L+g7Yyh7YyM7Yq464SI7IqkIOyEseqztQ==&enc=utf8,,0,0,3,0,3,False
쿠팡파트너스 성공,기타,자기계발 책 추천,"... 이 책은 ""The 4-Hour Workweek""와 함께 그의 대표작 중 하나로 알려져 있으며, 독자들에게 개인적인 성공과 성과를... 도움이 되셨다면 채택 부탁드립니다:) 이 포스팅은 쿠팡파트너스 활동의 일환으로 이에따른 일정액의 수수료를...",https://kin.naver.com/qna/detail.naver?d1id=8&dirId=80606&docId=447088631&qb=7L+g7Yyh7YyM7Yq464SI7IqkIOyEseqztQ==&enc=utf8,,0,2,3,2,3,False
쿠팡파트너스 성공,기타,"조셉머피 ""부의 초월자"", ""잠재의식의 힘"" 뉴에이지...","... 저는 개인적으로 조셉 머피의 부의 초월자와 잠재의식의 힘, 성공의 연금술 3가지 책을 최근에 구입해서 3개 다... 조셉 머피 잠재의식의 힘 이 포스팅은 쿠팡 파트너스 활동의 일환으로 이에 따른 일정액의 수수료를 제공받습니다.",https://kin.naver.com/qna/detail.naver?d1id=6&dirId=60901&docId=445233002&qb=7L+g7Yyh7YyM7Yq464SI7IqkIOyEseqztQ==&enc=utf8,,0,0,3,0,3,False
쿠팡파트너스 성공,기타,다이어트 도와주세요,"... 180칼로리정도에 20g 단백질을 가지고 있어서 닭가슴살과 비교해도 손색이 없는 고기입니다 건강하게 다이어트 성공 하시길 응원하겠습니다. ""이 포스팅은 쿠팡 파트너스 활동의 일환으로, 이에 따른 일정액의 수수료를 제공받습니다.""",https://kin.naver.com/qna/detail.naver?d1id=5&dirId=50803&docId=467835285&qb=7L+g7Yyh7YyM7Yq464SI7IqkIOyEseqztQ==&enc=utf8,,0,0,3,2,1,False
쿠팡파트너스 성공,기타,책 추천(중2),... 타이탄의 도구를 통해 성공하는 습관을 하나하나 만들어 가시고 성인이 되셨을때 이미 결제적자유를 누리시는 행복을 만끽하시기 바랍니다. 이 포스팅은 쿠팡파트너스 활동의 일환으로 이에따른 일정액의 수수료를 제공받습니다,https://kin.naver.com/qna/detail.naver?d1id=8&dirId=80606&docId=453186677&qb=7L+g7Yyh7YyM7Yq464SI7IqkIOyEseqztQ==&enc=utf8,,0,2,3,2,3,False
쿠팡파트너스 성공,기타,멘탈 잡는법,"... 자기계발과 성공에 대한 다양한 관점을 알아가며, 다시 긍정적으로 도전해보시길 바랍니다. 이 포스팅은 쿠팡 파트너스 활동의 일환으로, 이에 따른 일정액의 수수료를 제공받습니다.",https://kin.naver.com/qna/detail.naver?d1id=4&dirId=40602&docId=453174839&qb=7L+g7Yyh7YyM7Yq464SI7IqkIOyEseqztQ==&enc=utf8,,0,0,3,0,3,False
쿠팡파트너스 성공,기타,학생다이어트,"... 보통 10kg까지는 금방 빠집니다. 다이어트 성공은 포기하지 않고 꾸준함입니다. 다이어트 음식도 추천드릴게요~ 이 포스팅은 쿠팡 파트너스 활동의 일환으로, 이에 따른 일정액의 수수료를 제공받습니다.",https://kin.naver.com/qna/detail.naver?d1id=5&dirId=50803&docId=425112452&qb=7L+g7Yyh7YyM7Yq464SI7IqkIOyEseqztQ==&enc=utf8,,0,0,3,2,1,False
쿠팡파트너스 성공,기타,갑오개혁 을미개혁과 비슷한 현대 사건,"... 갑오개혁과 을미개혁은 모두 성공하지 못했습니다. 갑오개혁은 일본의 개입으로 중단되었고, 을미개혁은... bz/cevI 이 포스팅은 쿠팡 파트너스 활동의 일환으로, 이에 따른 일정액의 수수료를 제공받습니다.",https://kin.naver.com/qna/detail.naver?d1id=11&dirId=111001&docId=447928400&qb=7L+g7Yyh7YyM7Yq464SI7IqkIOyEseqztQ==&enc=utf8,,0,0,3,0,3,False
쿠팡파트너스 성공,기타,꿈 해몽해주세요ㅜㅠ,"... 납치범은 밖에서 열림버튼을 계속 누르면서 3분간 그짓을 벌이고 결국 엘베를 닫는데 성공하고 아파트 밖으로... 연결과 지원을 받아보세요. ""이 포스팅은 쿠팡 파트너스 활동의 일환으로, 이에 따른 일정액의 수수료를 제공받습니다.""",https://kin.naver.com/qna/detail.naver?d1id=3&dirId=31505&docId=444804522&qb=7L+g7Yyh7YyM7Yq464SI7IqkIOyEseqztQ==&enc=utf8,,0,0,3,0,3,False
쿠팡파트너스 성공,기타,다크서클(진짜 지나치게 심함) 커버 제품 추천...,"... 많이 이용하기도해요 발림성이 좋아야하더라구요 발림성 좋고 투명한 스타일로 추천해드릴게요. 꼭 성공하셔서 활기찬 하루하루 보내세요^^ ""이 포스팅은 쿠팡 파트너스 활동의 일환으로, 이에 따른 일정액의 수수료를 제공받습니다.""",https://kin.naver.com/qna/detail.naver?d1id=5&dirId=50302&docId=457888892&qb=7L+g7Yyh7YyM7Yq464SI7IqkIOyEseqztQ==&enc=utf8,,0,0,3,2,1,False
쿠팡파트너스 성공,기타,다이어트 간식 젤리,"... 곤약으로 만들어져있어 칼로리도 낮고 진짜 군것질하고 싶을때 건강식으로도 너무 좋아요!! 같이 성공 다이어트 해봐요! 화이팅입니다^^! 이 포스팅은 쿠팡 파트너스 활동의 일환으로, 이에 따른 일정액의 수수료를 제공받습니다.",https://kin.naver.com/qna/detail.naver?d1id=8&dirId=8030401&docId=488416373&qb=7L+g7Yyh7YyM7Yq464SI7IqkIOyEseqztQ==&enc=utf8,,0,0,3,0,3,False
쿠팡파트너스 성공,기타,아이폰 강화유리 질문이여;;,"... 사전예약 성공하셨다니 정말 축하드립니다 ㅎㅎㅎ 이제 강화유리를 알아보고 계시는데요, 당연히 오토박스... 도움되시기 바랍니다^^ 이 포스팅은 쿠팡 파트너스 활동의 일환으로, 이에 따른 일정액의 수수료를 제공받습니다.",https://kin.naver.com/qna/detail.naver?d1id=5&dirId=5010601&docId=456123900&qb=7L+g7Yyh7YyM7Yq464SI7IqkIOyEseqztQ==&enc=utf8,,0,0,3,2,1,False
쿠팡파트너스 성공,기타,아이폰 정품어댑터 발열이 많이 나는데 뭐죠?,"요즘 한 5번충전기를 꼿는걸 시도하면 그 중 1번쯤은 성공해서 충천이 잘 안되거든요… 그렇다고 충전속도나 그런거는... 답변이 도움 되었다면 채택 부탁드릴게요~ 이 포스팅은 쿠팡 파트너스 활동의 일환으로, 이에 따른 일정액의...",https://kin.naver.com/qna/detail.naver?d1id=5&dirId=5010601&docId=397875286&qb=7L+g7Yyh7YyM7Yq464SI7IqkIOyEseqztQ==&enc=utf8,,0,0,3,0,3,False
쿠팡파트너스 성공,기타,공무원시험운,"... - 성공운: 승진, 승리, 개척, 창업, 대박 등 - 건강운: 정신적으로 불안, 스트레스, 우울증 등 육체적, 정신적 건강에... 참고하시기 바랍니다. ""이 포스팅은 쿠팡 파트너스 활동의 일환으로, 이에 따른 일정액의 수수료를 제공받습니다.""",https://kin.naver.com/qna/detail.naver?d1id=4&dirId=40601&docId=442758037&qb=7L+g7Yyh7YyM7Yq464SI7IqkIOyEseqztQ==&enc=utf8,,0,0,3,0,3,False
쿠팡파트너스 성공,기타,다이어트 팁좀 주세요ㅠ,"... 적당한 근력운동도 병행하시어 근손실이 나지 않도록 하신다면 요요없는 체중감량이 가능하십니다. 건강한 체중감량에 성공하시길 바래요! 이 포스팅은 쿠팡 파트너스 활동의 일환으로, 이에 따른 일정액의 수수료를 제공받습니다.",https://kin.naver.com/qna/detail.naver?d1id=5&dirId=50803&docId=429060210&qb=7L+g7Yyh7YyM7Yq464SI7IqkIOyEseqztQ==&enc=utf8,,0,0,3,0,3,False
쿠팡파트너스 성공,기타,책 좀 찾아주세요,"... 초월자"", ""성공의 연금술사"" 디팩 초프라의 ""성공을 부르는 일곱 가지 영적 법칙"" 패트릭 벳 데이비드의 ""파이브... 많은 효과를 보고 있습니다. 이 포스팅은 쿠팡 파트너스 활동의 일환으로, 이에 따른 일정액의 수수료를 제공받습니다.",https://kin.naver.com/qna/detail.naver?d1id=8&dirId=80606&docId=446039255&qb=7L+g7Yyh7YyM7Yq464SI7IqkIOyEseqztQ==&enc=utf8,,0,0,3,0,3,False
쿠팡파트너스 성공,기타,다이어트 5키로 감량 질문,"... 시즈닝이 되어있어 따로 간을 할 필요가 없습니다 금액도 닭가슴살과 큰 차이가 없고요 다이어트 힘들지만 꼭 성공하시길 응원하겠습니다. ""이 포스팅은 쿠팡 파트너스 활동의 일환으로, 이에 따른 일정액의 수수료를 제공받습니다.""",https://kin.naver.com/qna/detail.naver?d1id=5&dirId=50803&docId=468010802&qb=7L+g7Yyh7YyM7Yq464SI7IqkIOyEseqztQ==&enc=utf8,,0,0,3,2,1,False
쿠팡파트너스 성공,기타,펠레 이거 맞나요??,"... 펠레는 가난한 집에서 태어나 축구선수로 성공했지만, 큰 부상을 당해 은퇴했습니다. 이후 사업에... bz/cdlu 이 포스팅은 쿠팡 파트너스 활동의 일환으로, 이에 따른 일정액의 수수료를 제공받습니다....",https://kin.naver.com/qna/detail.naver?d1id=5&dirId=50803&docId=448536450&qb=7L+g7Yyh7YyM7Yq464SI7IqkIOyEseqztQ==&enc=utf8,,0,0,6,0,6,False
쿠팡파트너스 성공,기타,다이어트 중인데 삼겹살,"... 흡사하지만 가격은 합리적인 칠레산 삼겹살 하나 추천드리겠습니다 ""이 포스팅은 쿠팡 파트너스 활동의 일환으로, 이에 따른 일정액의 수수료를 제공받습니다."" 다이어트 너무 먹는걸로 스트레지 받지않고 성공하시면 좋겠습니다",https://kin.naver.com/qna/detail.naver?d1id=8&dirId=8030401&docId=467288915&qb=7L+g7Yyh7YyM7Yq464SI7IqkIOyEseqztQ==&enc=utf8,,0,0,3,2,1,False
쿠팡파트너스 성공,기타,토너추천해주세요,"... 피부에 맞는 제품을 사는게 제일 중요하더라구요 여기저기 추천받아보시고 고민해보시다가 맞는 제품 사서 성공하시길 바래요!! 감사합니다 :-) ""이 포스팅은 쿠팡파트너스 활동의 일환으로,이에 따른 일정액의 수수료를 제공받습니다.""",https://kin.naver.com/qna/detail.naver?d1id=5&dirId=5030101&docId=459674709&qb=7L+g7Yyh7YyM7Yq464SI7IqkIOyEseqztQ==&enc=utf8,,0,2,3,2,3,False
쿠팡파트너스 성공,기타,다이어트중인데 살이 안빠져요,"... 상세한 내용을 다 설명드리지는 못하고 책으로 추천드리겠습니다. 다이어트 꼭 성공하시고 자신감있는 건강생활 하시기 바랍니다. 이 포스팅은 쿠팡 파트너스 활동의 일환으로, 이에 따른 일정액의 수수료를 제공받습니다",https://kin.naver.com/qna/detail.naver?d1id=8&dirId=8030401&docId=439076980&qb=7L+g7Yyh7YyM7Yq464SI7IqkIOyEseqztQ==&enc=utf8,,0,0,3,2,1,False
쿠팡파트너스 성공,기타,자기신뢰 같은 책 추천,... 정말 좋은 책들이에요. 사람은 생각하는 대로 된다 : 전 세계 1%만 알고 있는 부와 성공의 비밀 조셉 머피 잠재의식의 힘 이 포스팅은 쿠팡 파트너스 활동의 일환으로 이에 따른 일정액의 수수료를 제공받습니다.,https://kin.naver.com/qna/detail.naver?d1id=8&dirId=80606&docId=437390277&qb=7L+g7Yyh7YyM7Yq464SI7IqkIOyEseqztQ==&enc=utf8,,0,0,3,2,1,False
쿠팡파트너스 성공,기타,책임성을 기르기위해 노력할점이 뭐가 있을까요...?,"... 책임감이 있는 사람은 신뢰를 받을 수 있고, 성공할 가능성이 높습니다. 책임감을 기르기 위해서는 일상생활... bz/cejM 이 포스팅은 쿠팡 파트너스 활동의 일환으로, 이에 따른 일정액의 수수료를 제공받습니다....",https://kin.naver.com/qna/detail.naver?d1id=4&dirId=40601&docId=448000343&qb=7L+g7Yyh7YyM7Yq464SI7IqkIOyEseqztQ==&enc=utf8,,0,0,3,0,3,False
쿠팡파트너스 성공,기타,인생은 롤러코스터죠?,"... 인생에는 기쁨과 슬픔, 사랑과 미움, 성공과 실패 등 다양한 경험이 있습니다. 인생의 모든 경험을 즐기고... bz/cejM 이 포스팅은 쿠팡 파트너스 활동의 일환으로, 이에 따른 일정액의 수수료를 제공받습니다....",https://kin.naver.com/qna/detail.naver?d1id=11&dirId=1130&docId=448143862&qb=7L+g7Yyh7YyM7Yq464SI7IqkIOyEseqztQ==&enc=utf8,,0,0,3,0,3,False
쿠팡파트너스 성공,기타,칼로리 낮은 음식,"... 다이어트 성공을 기원합니... bz/cejM 이 포스팅은 쿠팡 파트너스 활동의 일환으로, 이에 따른 일정액의 수수료를 제공받을수 있습니다. -------------------------------------------------------------------------------------------------------",https://kin.naver.com/qna/detail.naver?d1id=5&dirId=50502&docId=450112436&qb=7L+g7Yyh7YyM7Yq464SI7IqkIOyEseqztQ==&enc=utf8,,0,0,3,0,3,False
쿠팡파트너스 성공,기타,쌈디가 먹는 닭가슴살 브랜드 질문,"... 하지만 스리라차와 하인즈 케찹이 있다면 최곱니다. 맛있고 건강한 닭가슴살 고르시고 다이어트 성공하시기를! ""이 포스팅은 쿠팡 파트너스 활동의 일환으로, 이에 따른 일정액의 수수료를 제공받습니다.""",https://kin.naver.com/qna/detail.naver?d1id=8&dirId=8030401&docId=429434809&qb=7L+g7Yyh7YyM7Yq464SI7IqkIOyEseqztQ==&enc=utf8,,0,0,3,2,1,False
쿠팡파트너스 성공,기타,얼굴 여드름&민감상 얼굴 피부,... 선크림이 성공해서 작성자님도 선크림 구매하시는데 도움이 될까해서 추천해 드려요~ 무기자차 선크림이지만... 사용하고 있어요~^^ @ 이 포스팅은 쿠팡 파트너스 활동의 일환으로 이에 따른 일정액의 수수료를 제공 받습니다 @,https://kin.naver.com/qna/detail.naver?d1id=5&dirId=5030101&docId=420176202&qb=7L+g7Yyh7YyM7Yq464SI7IqkIOyEseqztQ==&enc=utf8,,0,0,3,2,1,False
쿠팡파트너스 성공,기타,급찐급빠 다이어트 팁 있을까요?,"... ng/b2JcTZ 저녁식단 일반식 대신 닭가슴살 먹고 운동하면 금방빠지니까 저랑 같이 힘내서 다이어트 성공했으면 좋겠어요ㅎㅎ 멋진 인생 사시길 바랍니다! 화이팅!!!^---^ ""이 포스팅은 쿠팡 파트너스 활동의 일환으로, 이에 따른...",https://kin.naver.com/qna/detail.naver?d1id=5&dirId=50404&docId=393490079&qb=7L+g7Yyh7YyM7Yq464SI7IqkIOyEseqztQ==&enc=utf8,,0,0,6,0,6,False
쿠팡파트너스 성공,기타,스포츠해설가와 스포츠캐스터,"... 스포츠에 대한 열정과 전문적인 지식을 갖춘다면, 스포츠 해설가와 스포츠 캐스터로 성공할 수 있습니다.... bz/cdlu 이 포스팅은 쿠팡 파트너스 활동의 일환으로, 이에 따른 일정액의 수수료를 제공받습니다....",https://kin.naver.com/qna/detail.naver?d1id=5&dirId=51002&docId=451533985&qb=7L+g7Yyh7YyM7Yq464SI7IqkIOyEseqztQ==&enc=utf8,,0,0,3,0,3,False
쿠팡파트너스 성공,기타,운동 배우기,"... 체육관 매트나 스포츠 시설이 갖춰지지 않은 일반환경에서는 그라운드기술이 성공하게되면 상대방에게 아주 큰... ""이 포스팅은 쿠팡 파트너스 활동의 일환으로, 이에 따른 일정액의 수수료를 제공받습니다.""",https://kin.naver.com/qna/detail.naver?d1id=10&dirId=100413&docId=433764209&qb=7L+g7Yyh7YyM7Yq464SI7IqkIOyEseqztQ==&enc=utf8,,0,0,3,0,3,False
쿠팡파트너스 성공,기타,공부 못해도 잘 살수잇나요,"공부 못해도 잘 사나요 괜찬을까여 일케 살아도 되나 안녕하십니까 공부못해도 성공한 사람들이 많아요... bz/ccYE ] : 새 제품과 동일한 상품 이 포스팅은 쿠팡 파트너스 활동의 일환으로, 이에 따른 일정액의 수수료를...",https://kin.naver.com/qna/detail.naver?d1id=7&dirId=70601&docId=448314533&qb=7L+g7Yyh7YyM7Yq464SI7IqkIOyEseqztQ==&enc=utf8,,0,0,3,0,3,False
쿠팡파트너스 성공,기타,실천리더십 교양과목의 경우,"... 이러한 역량은 모든 직업에서 성공하기 위해 필요한 역량입니다. 실천리더십 교양과목을 이수하면, 다음과... bz/cejM 이 포스팅은 쿠팡 파트너스 활동의 일환으로, 이에 따른 일정액의 수수료를 제공받습니다....",https://kin.naver.com/qna/detail.naver?d1id=8&dirId=814&docId=448226707&qb=7L+g7Yyh7YyM7Yq464SI7IqkIOyEseqztQ==&enc=utf8,,0,0,3,0,3,False
쿠팡파트너스 성공,기타,연장근로인한 퇴사,"... 실업급여를 신청하시고, 구직활동에 성공하시기 바랍니다.... bz/cdmc 이 포스팅은 쿠팡 파트너스 활동의 일환으로, 이에 따른 일정액의 수수료를 제공받습니다....",https://kin.naver.com/qna/detail.naver?d1id=6&dirId=6080402&docId=449963503&qb=7L+g7Yyh7YyM7Yq464SI7IqkIOyEseqztQ==&enc=utf8,,0,0,6,0,6,False
쿠팡파트너스 성공,기타,예스24 티켓팅 하는법!! 알려주세요 ㅜ,"... 위의 팁을 참고하여 티켓팅에 성공하시길 바랍니... bz/cdlu 이 포스팅은 쿠팡 파트너스 활동의 일환으로, 이에 따른 일정액의 수수료를 제공받습니다. -+-+-+-+-+-+-+-+-+-+-+-+-+-+-+-+-+-+-+-+-+-+-+-+-+-+-+-+-+-+-+-+-+-+-+-+-+-+-+-+-+-+-+-+-",https://kin.naver.com/qna/detail.naver?d1id=5&dirId=51001&docId=448330508&qb=7L+g7Yyh7YyM7Yq464SI7IqkIOyEseqztQ==&enc=utf8,,0,0,3,2,1,False
쿠팡파트너스 성공,기타,시험관시술준비하는 부부인데 남녀 복합영양제...,"... 하나하나 늘어 나기 때문에요. 비교해 보시고 본인에게 맞는 최적의 영양제를 찾아 건강한 몸으로 시험관 성공하시길 바랍니다. "" 이 포스팅은 쿠팡 파트너스 활동의 일환으로, 이에 따른 일정액의 수수료를 제공받습니다.""",https://kin.naver.com/qna/detail.naver?d1id=7&dirId=70403&docId=464880874&qb=7L+g7Yyh7YyM7Yq464SI7IqkIOyEseqztQ==&enc=utf8,,0,0,3,0,3,False
쿠팡파트너스 성공,기타,내일은 다르게 살고 싶어요,... 저는 그래서 공부로는 절대 성공 못하겠다 싶어서 돈을 많이 벌고싶다고 생각했어요. 주변에서 키 커서 모델 권유도... 글이 될 수도 있고요 아무튼!!!! 응원합니다. - 쿠팡 파트너스 활동을 통해 일정액의 수수료를 제공받을수 있습니다.,https://kin.naver.com/qna/detail.naver?d1id=8&dirId=80101&docId=451277447&qb=7L+g7Yyh7YyM7Yq464SI7IqkIOyEseqztQ==&enc=utf8,,0,0,3,0,3,False
쿠팡파트너스 성공,기타,조금친한한 남사친이 이쁘다고했는데 이,"... 안녕하세요 질투유발을 목적으로 하신다면 성공하실 것 같아요 ! 근데 기분나빠서 싸울수도 있으니... bz/ccYC 이 포스팅은 쿠팡 파트너스 활동의 일환으로, 이에 따른 일정액의 수수료를 제공받습니다....",https://kin.naver.com/qna/detail.naver?d1id=11&dirId=110407&docId=447384172&qb=7L+g7Yyh7YyM7Yq464SI7IqkIOyEseqztQ==&enc=utf8,,0,0,3,0,3,False
쿠팡파트너스 성공,기타,다이어트 고민,"... 꼭 다이어트 성공하기 바랍니다. 《《《 뱃살이 쏙 빠지는 식사법 》》》 이 포스팅은 쿠팡 파트너스 활동의 일환으로, 이에 따른 일정액의 수수료를 제공받습니다. 채택으로 받는 해피빈 콩은 전액 기부됩니다.",https://kin.naver.com/qna/detail.naver?d1id=8&dirId=8030402&docId=450020529&qb=7L+g7Yyh7YyM7Yq464SI7IqkIOyEseqztQ==&enc=utf8,,0,0,3,0,3,False
쿠팡파트너스 성공,기타,간헐적단식에 먹어도 되는 음료뭐가있나요,"... 다이어트 성공하시길요. *************************************************** ✅ 쿠팡 특가 정보입니다.... bz/chwW 이 포스팅은 쿠팡 파트너스 활동의 일환으로, 이에 따른 일정액의 수수료를 제공받습니다....",https://kin.naver.com/qna/detail.naver?d1id=7&dirId=706&docId=449610205&qb=7L+g7Yyh7YyM7Yq464SI7IqkIOyEseqztQ==&enc=utf8,,0,0,3,0,3,False
쿠팡파트너스 성공,기타,이번 30일에 쿠팡에서. 아이폰14p,"이번 30일에 쿠팡에서. 아이폰14pro 사전예약할건뎅 정확히 밤 12시에 하면 성공할 확률이 크나요? 안녕하십니까.... 사전예약을 성공을 위하여 사전예약 관련된 페이지 입니다. *이 포스팅은 파트너스의 일환으로, 이에 따른 일정액의...",https://kin.naver.com/qna/detail.naver?d1id=5&dirId=5010601&docId=429140705&qb=7L+g7Yyh7YyM7Yq464SI7IqkIOyEseqztQ==&enc=utf8,,0,0,3,0,3,False
쿠팡파트너스 성공,기타,집에서 근력운동을 하려는데 어떤 운동 장비가...,... ※ 쿠팡 파트너스 활동을 통해 일정액의 수수료를 제공받을 수 있습니다. 초심자는 수행하기 어려울 수 있으니... 의향이 있으시다면 제게 댓글 달아주세요. 제가 성공할 수 있었던 이유와 방법에 대해 알려드리겠습니다. 응원할게요!,https://kin.naver.com/qna/detail.naver?d1id=8&dirId=8030402&docId=457542314&qb=7L+g7Yyh7YyM7Yq464SI7IqkIOyEseqztQ==&enc=utf8,,0,0,3,0,3,False
쿠팡파트너스 성공,기타,(징그러움 주의) 몸에 자꾸 뭐가 나요,"... 꼭 깨달아서 운세와 건강회복에 성공하시기 바랍니다. 두통 이명 등의 질환이나 피부트러블 등, 이상의... ^^ Just True Love Action 갓손채널 모르면 나만 늙어요 ㅋ 모르면 나만 늙어요 ""이 포스팅은 쿠팡 파트너스...",https://kin.naver.com/qna/detail.naver?d1id=7&dirId=70111&docId=468852645&qb=7L+g7Yyh7YyM7Yq464SI7IqkIOyEseqztQ==&enc=utf8,,0,0,3,0,3,False
쿠팡파트너스 성공,기타,10개월 사이에 20킬로가 쪘습니다..,"... 감량이 성공했습니다. 운동 나가기전에 늘 영양제를 한다발씩 챙겨먹고 나갔는데요. 그 중 가장 효과 봤다고... com/a/baTY3k * 쿠팡 파트너스 활동의 일환으로, 이에 따른 일정액의 수수료를 제공받습니다. 구매 금액에는 영향을...",https://kin.naver.com/qna/detail.naver?d1id=8&dirId=8030401&docId=455478493&qb=7L+g7Yyh7YyM7Yq464SI7IqkIOyEseqztQ==&enc=utf8,,0,0,6,0,6,False
쿠팡파트너스 성공,기타,턱살볼살뺴는법,"32세 직장인입니다 집에서 6개월간 웨이트 유산소해서 체중감량은 성공했는데 2차고민이 볼살 턱살입니다... 사람들에게 인기가 많은 제품이에요. ""이 포스팅은 쿠팡 파트너스 활동의 일환으로, 이에 따른 일정액의 수수료를 제공받습니다.""",https://kin.naver.com/qna/detail.naver?d1id=8&dirId=8030403&docId=393366797&qb=7L+g7Yyh7YyM7Yq464SI7IqkIOyEseqztQ==&enc=utf8,,0,0,6,0,6,False
쿠팡파트너스 성공,기타,조언 해주세요..,"... 금융업계 종사자이고, 전쟁통에 이란에서 탈출해서 미국으로 건너와 성공한 사업가입니다. 굉장히 남자답고... 파이브 팩터:스펙 배경 운을 뛰어넘는 5가지 비즈니스 예측의 기술 이 포스팅은 쿠팡 파트너스 활동의 일환으로 이에...",https://kin.naver.com/qna/detail.naver?d1id=4&dirId=407&docId=451317365&qb=7L+g7Yyh7YyM7Yq464SI7IqkIOyEseqztQ==&enc=utf8,,0,0,3,0,3,False
쿠팡파트너스 성공,기타,책 추천해주세요,"... 금융업계 종사자이고, 전쟁통에 이란에서 탈출해서 미국으로 건너와 성공한 사업가입니다. 굉장히 남자답고... 파이브 팩터:스펙 배경 운을 뛰어넘는 5가지 비즈니스 예측의 기술 이 포스팅은 쿠팡 파트너스 활동의 일환으로...",https://kin.naver.com/qna/detail.naver?d1id=8&dirId=80606&docId=451743698&qb=7L+g7Yyh7YyM7Yq464SI7IqkIOyEseqztQ==&enc=utf8,,0,0,3,2,1,False
쿠팡파트너스 성공,기타,아이폰 14pro,"... 쿠팡 사전예약 성공을 위해서 장바구니에 미리 담아두시는것을 추천드립니다. ✔ 아이폰 15 사전예약 혜택을... 이 포스팅은 쿠팡 파트너스 활동의 일환으로, 이에 따른 일정액의 수수료를 제공받습니다.",https://kin.naver.com/qna/detail.naver?d1id=5&dirId=5010601&docId=455281060&qb=7L+g7Yyh7YyM7Yq464SI7IqkIOyEseqztQ==&enc=utf8,,0,0,3,2,1,False
쿠팡파트너스 성공,기타,스몰토크만 하는 친구같은 여자애랑 관계 발전 하는 법...,"... 힘들겠지만 성공한다면 장기 프로젝트가 되겠네요. 자주 만날수 있는 기회를 만드시고 장점과 매력... bz/chwW 이 포스팅은 쿠팡 파트너스 활동의 일환으로, 이에 따른 일정액의 수수료를 제공받습니다....",https://kin.naver.com/qna/detail.naver?d1id=8&dirId=80101&docId=449326558&qb=7L+g7Yyh7YyM7Yq464SI7IqkIOyEseqztQ==&enc=utf8,,0,0,3,0,3,False
쿠팡파트너스 성공,기타,아이폰12 쿠팡 사전예약,"... 사전예약 성공하면 30일날 바로 받는건가요? -네 쿠팡 아이폰 12 사전예약시 30일 도착 보장입니다. ◆아이폰... 작성되었고, 파트너스 활동을 통해 커미션를 제공받을 수 있으며 지식iN 활동으로 발생하는 콩은 모두...",https://kin.naver.com/qna/detail.naver?d1id=5&dirId=510&docId=371242280&qb=7L+g7Yyh7YyM7Yq464SI7IqkIOyEseqztQ==&enc=utf8,,0,0,3,0,3,False
쿠팡파트너스 성공,기타,16살 아이 생일선물,"... 100만원에서 30만원대로 줄어드는 방어?에 성공하시기를 빌어요!! 그리고 이 생일선물 추천 답변은 쿠팡파트너스 활동의 일환으로, 이에 따른 일정액의 수수료를 제공받아요. 혹시 도움이 되었다면 채택도 부탁드려요 :)",https://kin.naver.com/qna/detail.naver?d1id=1&dirId=10901&docId=443946518&qb=7L+g7Yyh7YyM7Yq464SI7IqkIOyEseqztQ==&enc=utf8,,0,2,3,2,3,False
쿠팡파트너스 성공,기타,2주다이어트,"... 물, 닭가슴살,고구마, 굶기 성공하시길 바랍니다. 전 2주에 5kg 성공했습니다. 음식조절,걷기... bz/chwW 이 포스팅은 쿠팡 파트너스 활동의 일환으로, 이에 따른 일정액의 수수료를 제공받습니다....",https://kin.naver.com/qna/detail.naver?d1id=8&dirId=8030402&docId=448441809&qb=7L+g7Yyh7YyM7Yq464SI7IqkIOyEseqztQ==&enc=utf8,,0,0,6,0,6,False
쿠팡파트너스 성공,기타,아빠 반지갑 선물 추천,"... 루이비통(성공한 남성의 이미지) 보테가(성숙한 이미지), 구찌(젊은 이미지), 지방시(패션에 관심이 많은... 보테가 알아주는 브랜드이니 말이죠~ 이 포스팅은 쿠팡파트너스 활동의 일환으로 이에따른 일정액의 수수료를 제공받습니다",https://kin.naver.com/qna/detail.naver?d1id=5&dirId=5040203&docId=452135052&qb=7L+g7Yyh7YyM7Yq464SI7IqkIOyEseqztQ==&enc=utf8,,0,2,3,2,3,False
쿠팡파트너스 성공,기타,"다이어트후 어지러움, 현기증","다이어트를 반년정도 더 진행하여 체중감량에 성공하고 있는데 어느순간부터 갑자기 침대에서 누워있다가... coupang.com/a/q9up4 ""이 포스팅은 쿠팡 파트너스 활동의 일환으로, 이에 따른 일정액의 수수료를 제공받습니다.""",https://kin.naver.com/qna/detail.naver?d1id=7&dirId=70117&docId=422750624&qb=7L+g7Yyh7YyM7Yq464SI7IqkIOyEseqztQ==&enc=utf8,,0,0,3,0,3,False
쿠팡파트너스 성공,기타,요금제 변경,"... 쿠팡 사전예약 성공을 위해서 장바구니에 미리 담아두시는것을 추천드립니다. ✔ 아이폰 15 사전예약 혜택을... 이 포스팅은 쿠팡 파트너스 활동의 일환으로, 이에 따른 일정액의 수수료를 제공받습니다.",https://kin.naver.com/qna/detail.naver?d1id=5&dirId=5010602&docId=455282514&qb=7L+g7Yyh7YyM7Yq464SI7IqkIOyEseqztQ==&enc=utf8,,0,0,3,2,1,False
쿠팡파트너스 성공,기타,책추천 해주세요,... 많은 성공한분들이 처음부터 계획을 많이 잡지않아요 아침에 일어나서 팔굽혀펴기 1개등의 아주 쉬운 계획은... pt를 받아보시는것을 추천드립니다 이 포스팅은 쿠팡파트너스 활동의 일환으로 이에따른 일정액의 수수료를 제공받습니다,https://kin.naver.com/qna/detail.naver?d1id=7&dirId=70109&docId=452287257&qb=7L+g7Yyh7YyM7Yq464SI7IqkIOyEseqztQ==&enc=utf8,,0,2,3,2,3,False
쿠팡파트너스 성공,기타,아이폰 쿠핑 사전예약 질문,"... 1차 성공이라 10월 8일 도착 예정이라고 10시 넘어서까지 나와있었는데 택배 발송을 그때까지도 안한거같아서..... 이 포스팅은 쿠팡 파트너스 활동의 일환으로, 이에 따른 일정액의 수수료를 제공받습니다.",https://kin.naver.com/qna/detail.naver?d1id=5&dirId=511&docId=402077845&qb=7L+g7Yyh7YyM7Yq464SI7IqkIOyEseqztQ==&enc=utf8,,0,0,3,2,1,False
쿠팡파트너스 성공,기타,책 공정하다는 착각 챕터1 승자와 패자,"핵심내용 좀 2줄 정리 해주세요 책 ""공정하다는 착각""의 1장 ""승자와 패자""는 성공과 실패, 그리고 그것들이 어떻게... ^^ 감사합니다~ ""이 포스팅은 쿠팡 파트너스 활동의 일환으로, 이에 따른 일정액의 수수료를 제공받습니다.""",https://kin.naver.com/qna/detail.naver?d1id=8&dirId=80606&docId=444105885&qb=7L+g7Yyh7YyM7Yq464SI7IqkIOyEseqztQ==&enc=utf8,,0,0,3,0,3,False
쿠팡파트너스 성공,기타,아이폰13미니 자급제 구입해서 알뜰요금제하는법,"... ""이 포스팅은 쿠팡 파트너스 활동의 일환으로, 이에 따른 일정액의 수수료를 제공받습니다."" 쿠팡에서 구입하면... 몇번 껐다가 켜면 통신사 변경 및 알뜰요금제로 변경됩니다. 기존 통신사 해지되었다는 문자도 날라오면 성공입니다.",https://kin.naver.com/qna/detail.naver?d1id=5&dirId=5010601&docId=405958119&qb=7L+g7Yyh7YyM7Yq464SI7IqkIOyEseqztQ==&enc=utf8,,0,0,3,0,3,False
쿠팡파트너스 성공,기타,소리 나지 않는 침대,"... 왜 북미시장에서 성공한지 알겠더라구요. 메모리폼 검색해보니 20만원대 매트리스도 있으니 한번 보시고... 다른쪽에서라도 꼭한번 보세요. ""이 포스팅은 쿠팡 파트너스 활동의 일환으로, 이에 따른 일정액의 수수료를 제공받습니다.""",https://kin.naver.com/qna/detail.naver?d1id=8&dirId=8080101&docId=450868007&qb=7L+g7Yyh7YyM7Yq464SI7IqkIOyEseqztQ==&enc=utf8,,0,0,3,0,3,False
쿠팡파트너스 성공,기타,프로포즈링,"... 프로포즈 성공을 위해서는 세부내용 확인 꼭 하셔서 고르시길 바랍니다♡ ""이 포스팅은 쿠팡 파트너스 활동의 일환으로, 이에 따른 일정액의 수수료를 제공받습니다."" 질문자의 구매금액과는 전혀 상관없습니다.",https://kin.naver.com/qna/detail.naver?d1id=5&dirId=50403&docId=457136577&qb=7L+g7Yyh7YyM7Yq464SI7IqkIOyEseqztQ==&enc=utf8,,0,0,3,2,1,False
쿠팡파트너스 성공,기타,다이어트를 하고 있는데 어떤 운동을,"... 하시는 운동 열심히 식사량 조절하시면 성공하실겁니다.... bz/chwW 이 포스팅은 쿠팡 파트너스 활동의 일환으로, 이에 따른 일정액의 수수료를 제공받습니다. ***************************************************",https://kin.naver.com/qna/detail.naver?d1id=5&dirId=50803&docId=450432079&qb=7L+g7Yyh7YyM7Yq464SI7IqkIOyEseqztQ==&enc=utf8,,0,0,3,0,3,False
쿠팡파트너스 성공,기타,주식 관련 네이버웹툰 추천해주세요(내공100),"추천부탁드립니다 * **주식왕의 게임** * 2017년부터 연재된 웹툰으로, 주식을 통해 성공하는 이야기를 그린... 생생하게 보여주고 있습니다. ""이 포스팅은 쿠팡 파트너스 활동의 일환으로, 이에 따른 일정액의 수수료를 제공받습니다.""",https://kin.naver.com/qna/detail.naver?d1id=1&dirId=1060109&docId=450155454&qb=7L+g7Yyh7YyM7Yq464SI7IqkIOyEseqztQ==&enc=utf8,,0,0,3,2,1,False
쿠팡파트너스 성공,기타,방탄커피 다이어트,"... 감량에 성공했고 간헐적 단식이 유지하기 쉬우면서도 효과가 좋은 거 같아서 계속 하고 있어요. 저는 보통 16시간... com/a/biKKbb 쿠팡 파트너스 활동으로 일부 수수료를 지원 받을 수 있으나, 구매자님의 구매 금액에는 영향을...",https://kin.naver.com/qna/detail.naver?d1id=5&dirId=50803&docId=459732221&qb=7L+g7Yyh7YyM7Yq464SI7IqkIOyEseqztQ==&enc=utf8,,0,0,6,0,6,False
쿠팡파트너스 성공,기타,중용의 덕 뜻 알려주세요,"... 중용의 덕을 가진 사람은 어떤 상황에서도 안정된 태도를 유지할 수 있고, 따라서 어려움을 극복하고 성공할 수... ^^ 감사합니다~ ""이 포스팅은 쿠팡 파트너스 활동의 일환으로, 이에 따른 일정액의 수수료를 제공받습니다.""",https://kin.naver.com/qna/detail.naver?d1id=11&dirId=1104&docId=453090415&qb=7L+g7Yyh7YyM7Yq464SI7IqkIOyEseqztQ==&enc=utf8,,0,0,3,2,1,False
쿠팡파트너스 성공,기타,Mp3 추천,"... 크게 성공했다가 핸드폰으로 넘어 가면서 힘들어진 회사이기는 한데 아스텔앤컨이라는 최고급 휴대용 DAP (MP3)를... 아이리버로 하세요 ""이 포스팅은 쿠팡 파트너스 활동의 일환으로, 이에 따른 일정액의 수수료를 제공받습니다.""",https://kin.naver.com/qna/detail.naver?d1id=5&dirId=50103&docId=441990570&qb=7L+g7Yyh7YyM7Yq464SI7IqkIOyEseqztQ==&enc=utf8,,0,0,6,2,4,False
쿠팡파트너스 성공,기타,고전 공포영화 이름 부탁요,"... 이 영화는 1978년에 개봉한 의 후속작으로, 의 성공에 힘입어 1981년부터 2009년까지 총 11편의... ^^ 감사합니다~ ""이 포스팅은 쿠팡 파트너스 활동의 일환으로, 이에 따른 일정액의 수수료를 제공받습니다.""",https://kin.naver.com/qna/detail.naver?d1id=3&dirId=30305&docId=452936967&qb=7L+g7Yyh7YyM7Yq464SI7IqkIOyEseqztQ==&enc=utf8,,0,0,3,0,3,False
쿠팡파트너스 성공,기타,아이폰13 512기가 민팃 중고 시세,"... 14시리즈 출시후 생각보다 소비자들의 체감반응이 좋지못해 13시리즈 전제품이 중고가 방어에 성공하였습니다.... ""이 포스팅은 쿠팡 파트너스 활동의 일환으로, 이에 따른 일정액의 수수료를 제공받습니다.""",https://kin.naver.com/qna/detail.naver?d1id=5&dirId=5010601&docId=432434244&qb=7L+g7Yyh7YyM7Yq464SI7IqkIOyEseqztQ==&enc=utf8,,0,0,3,0,3,False
쿠팡파트너스 성공,기타,제가 60키로가 됐어요..다이어트 식단 어떡해 짜야...,"... 다이어트 성공하시고!!! 운동도 꾸준히 해보세요 ^^ 아침: - 고단백 닭가슴살 샐러드 - 계란 흰자 영양밥 - 신선한... coupang.com/a/bboHD3 ""이 포스팅은 쿠팡 파트너스 활동의 일환으로, 이에 따른 일정액의 수수료를 제공받습니다.""",https://kin.naver.com/qna/detail.naver?d1id=5&dirId=50803&docId=455515125&qb=7L+g7Yyh7YyM7Yq464SI7IqkIOyEseqztQ==&enc=utf8,,0,0,6,0,6,False
쿠팡파트너스 성공,기타,다이어트 필수 영양제,"... 성공하시기를바랍니다. 아무래도 음식 조절이 들어가서 영양제를 필수로 먹어야 하는데 일반적으로 종합 영양제를... 추가로 아연이나 비타민C.D도 추천드려요 ""이 포스팅은 쿠팡 파트너스 활동의 일환으로, 이에 따른 일정액의...",https://kin.naver.com/qna/detail.naver?d1id=7&dirId=70403&docId=422151816&qb=7L+g7Yyh7YyM7Yq464SI7IqkIOyEseqztQ==&enc=utf8,,0,0,3,2,1,False
쿠팡파트너스 성공,기타,공부못하는사람은 무슨직업 가져야하나요,"... 또한 성공할 수도 있는 길도 무궁무진하구요 :-) 오늘 하루도 행복하세요... bz/ccYE ] : 새 제품과 동일한 상품 이 포스팅은 쿠팡 파트너스 활동의 일환으로, 이에 따른 일정액의 수수료를 제공받습니다....",https://kin.naver.com/qna/detail.naver?d1id=6&dirId=61303&docId=448846707&qb=7L+g7Yyh7YyM7Yq464SI7IqkIOyEseqztQ==&enc=utf8,,0,0,3,0,3,False
쿠팡파트너스 성공,기타,책추천..,... 안녕하세요 부자가 되고자하는 사람이 읽는책은 자기계발서보시면 인용구를 돌려쓰기 일상인데 자청님의 성공담을... 좋아요는 큰 힘이 됩니다 :) 이 포스팅은 쿠팡파트너스 활동의 일환으로 이에따른 일정액의 수수료를 제공받습니다,https://kin.naver.com/qna/detail.naver?d1id=8&dirId=80606&docId=439059484&qb=7L+g7Yyh7YyM7Yq464SI7IqkIOyEseqztQ==&enc=utf8,,0,2,3,2,3,False
쿠팡파트너스 성공,기타,연기학원 (무용),"... 정말 배우가 되고 싶으시다면 여태까지 살아온 삶을 바탕으로 일분 일초를 최선을다해 사용하셔서 성공하시길... 읽어보면 좋을 것 같습니다!! ""이 포스팅은 쿠팡 파트너스 활동의 일환으로, 이에 따른 일정액의 수수료를 제공받습니다.""",https://kin.naver.com/qna/detail.naver?d1id=3&dirId=3031001&docId=467147276&qb=7L+g7Yyh7YyM7Yq464SI7IqkIOyEseqztQ==&enc=utf8,,0,0,3,0,3,False
쿠팡파트너스 성공,기타,다이어트제품 다진짜에요?,... 훗날에 거울을 봤을 때 만족하고 있는 자신의 모습과 작은 사이즈의 옷을 편하게 입을 수 있습니다. 그러니 파이팅 하시고 포기하지 말고 성공하시길 바랍니다. 감사합니다. 쿠팡 파트너스 활동을 통해 수수료를 얻고 있습니다.,https://kin.naver.com/qna/detail.naver?d1id=5&dirId=50803&docId=383859251&qb=7L+g7Yyh7YyM7Yq464SI7IqkIOyEseqztQ==&enc=utf8,,0,0,3,0,3,False
쿠팡파트너스 성공,기타,정신과 의사 되는법,"... 환자와 신뢰 관계를 형성하고, 환자의 마음을 이해하는 것이 치료의 성공에 매우 중요합니다. 정신과 의사는 환자의 삶의 질을 향상시키는 데 중요한 역할을 하는 전문직입니다. ""이 포스팅은 쿠팡 파트너스 활동의 일환으로, 이에...",https://kin.naver.com/qna/detail.naver?d1id=7&dirId=70109&docId=450508038&qb=7L+g7Yyh7YyM7Yq464SI7IqkIOyEseqztQ==&enc=utf8,,0,0,3,0,3,False
블로그 수익 성공,블로그,블로그 수익 내려면,"블로그 수익 내려면 블로그 관리가 어느정도로 되어있어야 할까요? 지금부터 준비해보려고 하는데 늦진 않았겠죠?... 아무튼 포스팅알바 꼭 성공하셨음 하네요! 저도 잘 했으니, 질문자님도 잘 하실거에요 더 궁금하신 부분은 아래 제...",https://kin.naver.com/qna/detail.naver?d1id=4&dirId=40611&docId=419650837&qb=67iU66Gc6re4IOyImOydtSDshLHqs7U=&enc=utf8,,0,4,3,4,3,False
블로그 수익 성공,블로그,블로그 수익형이 따로 있나요?,... 블로그 수익내는 법이 궁금합니다 프리랜서 앵그리입니다~ 제가 하고 있는 일을 추천드리는 이유 3가지로 설명... 사람이 성공 하는 거에요 믿고 따라와 주시면 저처럼 빠르게 수익 날수 있었던 방법 제가 하는 그대로 전부 알려...,https://kin.naver.com/qna/detail.naver?d1id=4&dirId=40611&docId=399550298&qb=67iU66Gc6re4IOyImOydtSDshLHqs7U=&enc=utf8,,0,4,3,4,3,False
블로그 수익 성공,블로그,블로그 포스팅 알바에 대해 질문이요.,"제가 블로그 포스팅 알바를 하려고 하는데요. 제 언니도 블로그 포스팅 알바를 하다가 저품질 블로그가 되었다는데... 진짜 초보도, 간단하게 제가 원격교육으로 알려드리면 일하시는 분 모두 수익을 내는데 성공하셨답니다. 더 궁금하신...",https://kin.naver.com/qna/detail.naver?d1id=1&dirId=1060102&docId=284525967&qb=67iU66Gc6re4IOyImOydtSDshLHqs7U=&enc=utf8,,0,4,3,4,3,False
블로그 수익 성공,블로그,인플루언서 질문,... 그렇기 때문데 네이버 인플루언서와 티스토리 블로그 수익은 별개로 보셔야 합니다. 3. 본인의 노력과 시간 그리고... 다 성공하기란 어려움이 따르니 셋 중 하나씩 어느정도 수익화를 이룬 후 다른 플랫폼을 시도해 보시기를 추천...,https://kin.naver.com/qna/detail.naver?d1id=1&dirId=1060102&docId=394696300&qb=67iU66Gc6re4IOyImOydtSDshLHqs7U=&enc=utf8,,0,4,3,4,3,False
블로그 수익 성공,블로그,헬로우 드림에 대해 궁금해서요 질문드려요.,"... ☆ 2/14 원격교육 후 바로 수익 성공 후배님! ☆ 준윤나맘 교육방법 : - 1차원격교육 - 회사설명 + 블로그셋팅 + 블로그기본글쓰기방법 + 광고포스팅진행방법 - 2차원격교육 - 광고포스팅과 cpa 차이점, cpa 키워드잡는방법, 실제...",https://kin.naver.com/qna/detail.naver?d1id=4&dirId=40611&docId=348340463&qb=67iU66Gc6re4IOyImOydtSDshLHqs7U=&enc=utf8,,0,4,3,4,3,False
블로그 수익 성공,블로그,마진거래에 사용에 대해 질문 드립니다,"... 마진거래로 수익을 낸 성공 사례는 거의 없는건가요?다들 하지말라는 이야기만 하시니 정말 궁금해서... com/kingkabast/222666114890 바이낸스 가입방법 및 코인전송 kyc, 선물거래방법 적힌 블로그예요 바이비트 선물거래소의...",https://kin.naver.com/qna/detail.naver?d1id=4&dirId=40108&docId=436048633&qb=67iU66Gc6re4IOyImOydtSDshLHqs7U=&enc=utf8,,0,4,3,4,3,False
블로그 수익 성공,블로그,드림큐나 헬로우드림 정말 수익 생기나요?,... 정말 수익이 생기는지 궁금하네요. 질문1. 수익이 생기려면 뭘 잘해야 하는지 알려주세요 2. 블로그를 잘해야 하는지 꼭 알고 싶어요. 홍보말고 질문에 맞는 답변을 부탁드립니다. 안녕하세요? 재택알바 성공하기 위해서는 믿을수 있는...,https://kin.naver.com/qna/detail.naver?d1id=4&dirId=406&docId=200762355&qb=67iU66Gc6re4IOyImOydtSDshLHqs7U=&enc=utf8,,0,6,3,6,3,False
블로그 수익 성공,블로그,주식 궁금한거,"결국에 주식 수익은 회사의 성공보단 주식을 사고파는 사람들에 의해 결정나는 것인가요? 안녕하세요, 단기로 보면... 미력하나마 혹시 도움이 되실지 몰라 블로그에 질문자님께 도움이 될 만한 컬럼과 자료 몇 개 올려 두었습니다....",https://kin.naver.com/qna/detail.naver?d1id=4&dirId=40102&docId=278116849&qb=67iU66Gc6re4IOyImOydtSDshLHqs7U=&enc=utf8,,0,4,3,4,3,False
블로그 수익 성공,블로그,뉴카인드 멘토 재경님 검색하다가 질문드립니다.,... 그래서 블로그도 두번이고 세번이고 봤습니다.. 어려운환경에서도 그렇게 성공하셨다니 정말 대단합니다.. 재경님... 뉴카인드 멘토 재경님의 수익이 워낙 말이안되시니... 수익도 진짜인지 궁금합니다. 3. 하루에 어느정도의...,https://kin.naver.com/qna/detail.naver?d1id=7&dirId=707&docId=474033712&qb=67iU66Gc6re4IOyImOydtSDshLHqs7U=&enc=utf8,,0,4,3,4,3,False
블로그 수익 성공,블로그,암웨이 수익구조 궁금합니다.,... 암웨이 수익구조 중 디테일한 부분에 대한 질문입니다. 일반적인 개념은... 모 블로그에 올라온 도표입니다. A가 받는 후원수당이 정확히 계산된... (궁극적으로는 물론 하위레벨을 더 성공시켜야 본인도 후원수당도 많아지고...,https://kin.naver.com/qna/detail.naver?d1id=4&dirId=40607&docId=341157445&qb=67iU66Gc6re4IOyImOydtSDshLHqs7U=&enc=utf8,,0,4,3,4,3,False
블로그 수익 성공,블로그,코인선물 매매법 질문!!,... 매매법이 성공률이 많이 높은지 알려주시고 저 매매법보다 0.3퍼 실수익을 벌기 더 좋은 매매법이 있다면 좀... 위 내용은 아래 블로그를 직접 검색하여 일부 내용을 말씀드렸습니다. 더 궁금한 관련 정보는 아래 블로그를...,https://kin.naver.com/qna/detail.naver?d1id=4&dirId=40201&docId=484354909&qb=67iU66Gc6re4IOyImOydtSDshLHqs7U=&enc=utf8,,0,4,3,4,3,False
온라인 강의 성공,강의,일러스트 왕초보도 볼 수 있는 온라인 강의,... 위한 온라인 강의를 찾고 계시는군요! 일러스트 왕초보를 위한 온라인 강의를 찾고 계시는군요! 다음은... 주셔서 보면서 따라 하기 좋아요. 질문자님의 취향에 맞는 강의를 선택하여 일러스트 왕초보 탈출에 성공하시길 바라요!,https://kin.naver.com/qna/detail.naver?d1id=3&dirId=31301&docId=480059422&qb=7Jio65287J24IOqwleydmCDshLHqs7U=&enc=utf8,,0,2,3,2,3,False
온라인 강의 성공,강의,토플 온라인강의 추천받아요!!,"... 고등학생때도 영어공부를 잘 못했어요 현장강의는 말고 온라인강의 위주로 하려고 합니다. 현장강의는 제... 이 환급반은 출석 no, 성적 no, 사자마자 현급으로 환급해드리면 미션 성공시 최대 300% 현급으로 환급해드립니다. 또한...",https://kin.naver.com/qna/detail.naver?d1id=11&dirId=11080308&docId=448412508&qb=7Jio65287J24IOqwleydmCDshLHqs7U=&enc=utf8,,0,2,3,2,3,False
온라인 강의 성공,강의,스피치 온라인강의 추천부탁드려요!,예전부터 발표 울렁증도 심하고 자신감이 많이없네요 스피치 온라인강의 괜찮은거 있으면 추천부탁드려요!! KBS... KBS 김은성 아나운서의 강의는 원활한 커뮤니케이션으로 업무 생산성을 높이고 스피치 리더가 되기 위한 성공하는...,https://kin.naver.com/qna/detail.naver?d1id=4&dirId=40608&docId=360747423&qb=7Jio65287J24IOqwleydmCDshLHqs7U=&enc=utf8,,0,2,3,2,3,False
온라인 강의 성공,강의,보건직공무원 온라인 강의 괜찮은가요?,... 온라인강의로 성공하려면 특히 주의해야 할 점이 무엇인지 4. 학원이 있다면 괜찮은 곳 추천해 주세요 5. 다른 방법이 있다면 알려주시구요. 비용문제도 있지만 꼭 제대로 된 교육을 받고 오래 시간을 끌고싶지 않아서 그렇거든요. 정말...,https://kin.naver.com/qna/detail.naver?d1id=4&dirId=40601&docId=87387800&qb=7Jio65287J24IOqwleydmCDshLHqs7U=&enc=utf8,,0,2,3,2,3,False
온라인 강의 성공,강의,안드로이드 앱 개발자 준비.. 온라인 강의 추천,... 될 온라인 강의를 듣고 싶은데 괜찮은 곳 추천 부탁드립니다. - 과정은 최대 6개월까지 괜찮음 - 유료여도 괜찮음... 질문자님께서 취업 과정을 진행하실 때 내일배움카드를 통해 취업성공패키지 과정을 진행하여서 기초부터...,https://kin.naver.com/qna/detail.naver?d1id=1&dirId=1040104&docId=399421718&qb=7Jio65287J24IOqwleydmCDshLHqs7U=&enc=utf8,,0,2,3,4,1,False
온라인 강의 성공,강의,온라인 강의를 자기 컴퓨터에 어떻게 저장하나요?,... 저기 지식인 창에다가요. 온라인강의 치시면 그런 질문 많이 있으니까 아무거나 들어가서 답변보심 될꺼예요. 저도 그덕에 프로그램 설치했거든요.. 그럼 동영상다운 성공하시길 빕니다.. 저두 다른 방법을 찼아보죠..,https://kin.naver.com/qna/detail.naver?d1id=11&dirId=110408&docId=49668060&qb=7Jio65287J24IOqwleydmCDshLHqs7U=&enc=utf8,,0,2,3,2,3,False
온라인 강의 성공,강의,성인기초영어 시작하기에 좋은 온라인강의 추천받아요!,... 그리고 온라인강의가 회화 실력에 영향을 끼치지 못할 거라고 생각하시는 분들도 있는데 정말 자기하기 나름이고요... 실전에서 강할 수 있게 해준답니다.. 그럼 성인기초영어 잘 다져서 성공하시고 무나투나 인강 한번 들어보세요..^-^,https://kin.naver.com/qna/detail.naver?d1id=11&dirId=11&docId=192281900&qb=7Jio65287J24IOqwleydmCDshLHqs7U=&enc=utf8,,0,2,3,2,3,False
온라인 강의 성공,강의,온라인영어강의 쉽고 재밌게 배울수있는곳,온라인영어강의를 듣고싶어서 이렇게 올려봅니다 저는 택배기사로 일하고있는 직장인 입니다 한국에서도 외국인들... 프로그램인지 - 원어민 or AI에게 피드백 받아볼 수 있는 프로그램인지 질문자님의 온라인영어 공부 성공을 기원합니다!,https://kin.naver.com/qna/detail.naver?d1id=4&dirId=4&docId=199598329&qb=7Jio65287J24IOqwleydmCDshLHqs7U=&enc=utf8,,0,2,3,2,3,False
온라인 강의 성공,강의,온라인 영어강의 중에 시원스쿨 맥스 어때요?,... 영어공부혼자하기 딱 좋은 앱 3030잉글리시에서 질문하신 온라인영어강의에 대해 답변드립니다 :) 요즘... 수 있는 프로그램인지 - 원어민 or AI에게 피드백 받아볼 수 있는 프로그램인지 질문자님의 온라인영어 공부 성공을 응원합니다!,https://kin.naver.com/qna/detail.naver?d1id=11&dirId=11080305&docId=265196015&qb=7Jio65287J24IOqwleydmCDshLHqs7U=&enc=utf8,,0,2,3,4,1,False
온라인 강의 성공,강의,화이트해커학원 온라인 강의 있는 곳으로 추천 좀...,"... 근데 제가 고민인 게 오프라인으로 다닐지 말지 생각 중이라서 온라인 강의도 준비되어 있는... 취업 성공 시 성공 수당도 지급됩니다. 그 외에도 학점은행제, 맞춤형 기업교육, 소규모 스터디, 취업 지원 센터와 같은 좋은...",https://kin.naver.com/qna/detail.naver?d1id=11&dirId=110409&docId=417754810&qb=7Jio65287J24IOqwleydmCDshLHqs7U=&enc=utf8,,0,2,3,4,1,False
온라인 강의 성공,강의,온라인 영어강의,... 질문하신 온라인영어강의에 대해 답변드립니다 :) 요즘 초보인분들도 혼자서 공부하기 좋은 다양한... 수 있는 프로그램인지 - 원어민 or AI에게 피드백 받아볼 수 있는 프로그램인지 질문자님의 온라인영어 공부 성공을 응원합니다!,https://kin.naver.com/qna/detail.naver?d1id=11&dirId=11080305&docId=290547967&qb=7Jio65287J24IOqwleydmCDshLHqs7U=&enc=utf8,,0,2,3,2,3,False
온라인 강의 성공,강의,온라인 강의나 학원 안가고서도 학교 시험잘 볼수...,... 온라인 강의나 학원 안가고서도 학교 시험 잘 볼 수 있나요?-0-; 정말 궁금해요. 왠지 모르게 불안하네요... 다른... 항상 공부 잘해서 나중에 성공하겠다는 생각은 엄청(?)나지만 행동이 잘 안따라주네여... ㅜ.ㅜ; 고민좀 해결해주세요...,https://kin.naver.com/qna/detail.naver?d1id=20&dirId=200106&docId=64986791&qb=7Jio65287J24IOqwleydmCDshLHqs7U=&enc=utf8,,0,2,3,2,3,False
온라인 강의 성공,강의,비대면 온라인 영어강의 질문 있어요.,... (광고글 무조건 신고 합니다!) 영어공부혼자하기 딱 좋은 앱 3030잉글리시에서 질문하신 온라인영어강의에 대해... 수 있는 프로그램인지 - 원어민에게 피드백 받아볼 수 있는 프로그램인지 질문자님의 온라인영어 공부 성공을 기원합니다!,https://kin.naver.com/qna/detail.naver?d1id=2&dirId=20501&docId=384244010&qb=7Jio65287J24IOqwleydmCDshLHqs7U=&enc=utf8,,0,2,3,2,3,False
온라인 강의 성공,강의,"영상편집자 책,유투브or학원or온라인유료강의","영상편집자 책,유투브or학원or온라인유료강의 이 중에 시작을 어떤걸로 해야할까요? 안녕하세요~ 전직... 저같은 경우는 집 근처 학원에서 기초를 다진 후에 저만의 포트폴리오를 만들어 취업에 성공한 케이스입니다. 질문자님도...",https://kin.naver.com/qna/detail.naver?d1id=3&dirId=3031003&docId=469699535&qb=7Jio65287J24IOqwleydmCDshLHqs7U=&enc=utf8,,0,2,3,2,3,False
온라인 강의 성공,강의,그림 학원 온라인 강의 추천,... 드림팩토리 학원같은 온라인 강의가 가능한데요! 모에캐릭터 그림체 배우는 곳은 제외 주세요 요즘 웹툰시장이... 추가적으로 작품의 성공여부는 '기획력'에서부터 갈라지신다고 보면 되는데요! 드로잉부터 기획까지 기초부터...,https://kin.naver.com/qna/detail.naver?d1id=3&dirId=30511&docId=299851428&qb=7Jio65287J24IOqwleydmCDshLHqs7U=&enc=utf8,,0,2,3,2,3,False
온라인 강의 성공,강의,재무위험관리사 추천강의,"... 온라인 교육 플랫폼에서 제공하는 강의: 인터넷에는 재무위험관리사를 위한 온라인 강의들이 많이 제공되고... 취득하기 위해서는 꾸준한 노력과 학습이 필요하니, 열심히 공부하시기 바랍니다. 성공을 기원합니다! 도움 되시기 바랍니다.",https://kin.naver.com/qna/detail.naver?d1id=4&dirId=40402&docId=449351527&qb=7Jio65287J24IOqwleydmCDshLHqs7U=&enc=utf8,,0,2,3,2,3,False
온라인 강의 성공,강의,예술적으로 성공 하는 법 알려주세요,... 예술적으로 성공 할수있나요? 부탁드립니다. 안녕하세요! 예술에 대한 열정이 가득한 중3 학생이시네요. 예고... 온라인 강의: 온라인 강의를 통해 다양한 예술 분야를 배우고 자기 계발을 할 수 있습니다. 프리랜서: 자신의 작품을...,https://kin.naver.com/qna/detail.naver?d1id=11&dirId=110405&docId=480983714&qb=7Jio65287J24IOqwleydmCDshLHqs7U=&enc=utf8,,0,2,3,2,3,False
온라인 강의 성공,강의,온라인 영어회화 강의 추천부탁드립니다.,... 인터넷 강의를 들으면 말문이 트일까요? 주천 부탁드립니다. 영어공부혼자하기 딱 좋은 앱 3030잉글리시에서 질문하신 온라인영어회화에 대해... 피드백 받을 수 있는 프로그램인지 질문자님의 영어회화 공부 성공을 기원합니다!,https://kin.naver.com/qna/detail.naver?d1id=11&dirId=11080306&docId=485722503&qb=7Jio65287J24IOqwleydmCDshLHqs7U=&enc=utf8,,0,2,3,4,1,False
온라인 강의 성공,강의,온라인 영어 강의 추천해주세요,... 맞는 온라인영어인강을 찾길 바라겠습니다! - 기초부터 꼼꼼히 학습할 수 있는 강의인지 - 학습자가 영어로 많이 말해볼 수 있는 강좌인지 - 원어민에게 피드백 받을 수 있는 강좌인지 질문자님의 영어공부 성공을 기원합니다!,https://kin.naver.com/qna/detail.naver?d1id=11&dirId=11080308&docId=352651109&qb=7Jio65287J24IOqwleydmCDshLHqs7U=&enc=utf8,,0,2,3,4,1,False
온라인 강의 성공,강의,김영편입영어 단과 인강과 현장강의 차이 알려주세요,... 온라인 강의로 편입 성공하신 분들이 실제로있을까요? 만약 가능하다면 일과 육아와 편입준비 온라인으로 하며 병행해 보고 싶은데요 많은 분들의 조언 부탁드립니다. 제가 김영은 아니지만 다른 학원 인강 + 마지막 2~3달엔 인강...,https://kin.naver.com/qna/detail.naver?d1id=11&dirId=110503&docId=411838827&qb=7Jio65287J24IOqwleydmCDshLHqs7U=&enc=utf8,,0,2,3,2,3,False
온라인 강의 성공,강의,원어민영어과외 온라인강의추천해주세요!!,... 강의시간은 거의 뭐...한 15분정도되려나? 그정도인데 정말 필요한부분만 딱딱 설명해주고 심지어 원하는 난이도에 강의를 들을수있어서 정말 좋았어요^^ 질문자님 꼭 영어공부 성공하시길 바랍니다!!^^ 즐거운하루되세요,https://kin.naver.com/qna/detail.naver?d1id=11&dirId=110209&docId=248739514&qb=7Jio65287J24IOqwleydmCDshLHqs7U=&enc=utf8,,0,2,3,4,1,False
온라인 강의 성공,강의,파이썬 강의 추천해주세요.,... 취업이 너무 어려운 시기에 파이썬을 통해서 취업에 성공해보려고 합니다. 아무것도 모르는 상황인데 강의 추천해주세요~~! 안녕하세요. 데이터 전문 분석 온라인 강의 클룸입니다. 취업에 많은 고민이 있으시군요? 클룸에서는...,https://kin.naver.com/qna/detail.naver?d1id=4&dirId=40608&docId=368125518&qb=7Jio65287J24IOqwleydmCDshLHqs7U=&enc=utf8,,0,2,3,2,3,False
온라인 강의 성공,강의,학점은행제 오프라인 강의,학점은행제 온라인 강의는 많은거 같은데요 오프라인 강의는 안보이네요 학점은행제 오프라인 강의를... 이해되지 않으셨거나 궁금하신사항 생기시면 언제든 연락주시면 도와드리겠습니다. 질문자님의 성공을 응원하겠습니다!,https://kin.naver.com/qna/detail.naver?d1id=11&dirId=110703&docId=354294347&qb=7Jio65287J24IOqwleydmCDshLHqs7U=&enc=utf8,,0,2,3,4,1,False
온라인 강의 성공,강의,내일배움카드 강의 미완료 중 실업인정 여부,"... 궁금해요 온라인강의입니다 내일배움카드는 직업 능력 개발을 지원하는 제도로, 고용노동부에서 운영합니다.... ^^ 꼭 많은 혜택받아가시고 자격증 취득하셔서 좋은 곳에 취업성공하시기 바랍니다 ㅎㅎ 내일배움카드 활용 꿀팁 HRD...",https://kin.naver.com/qna/detail.naver?d1id=6&dirId=60804&docId=482303465&qb=7Jio65287J24IOqwleydmCDshLHqs7U=&enc=utf8,,0,2,3,2,3,False
온라인 강의 성공,강의,"IT 자격증, 60대에게 추천할 만한 것들 뭐가 있을까요?","... 온라인 강의나 국비지원 같은 방법으로 공부할 수 있는지도 궁금하고요. 비슷한 연령대에서 성공한 사례가 있다면 그것도 함께 알려주시면 큰 도움이 될 것 같습니다. 많은 조언 부탁드려요! 60대 분들께는 난이도는 낮고, 바로...",https://kin.naver.com/qna/detail.naver?d1id=4&dirId=40608&docId=491760475&qb=7Jio65287J24IOqwleydmCDshLHqs7U=&enc=utf8,,0,2,3,4,1,False
온라인 강의 성공,강의,웹툰작가로 성공할 확률은 얼마인가요?,"웹툰 작가가 꿈인데 웹툰 작가로 성공할 확률은 얼마인가요? 상위권 확률이요 안녕하세요 질문자님 저도 질문자님... 위해 온라인 강의도 있다고 하구요 특히나, 게임과 미술 분야는 성적 보다는 포트폴리오 비중이 높으며, 면접...",https://kin.naver.com/qna/detail.naver?d1id=4&dirId=40605&docId=461321954&qb=7Jio65287J24IOqwleydmCDshLHqs7U=&enc=utf8,,0,2,3,2,3,False
온라인 강의 성공,강의,영어 강의 추천좀,... 질문하신 온라인영어강의에 대해 답변드립니다 :) 요즘 초보인분들도 혼자서 공부하기 좋은 다양한... 수 있는 프로그램인지 - 원어민 or AI에게 피드백 받아볼 수 있는 프로그램인지 질문자님의 온라인영어 공부 성공을 기원합니다!,https://kin.naver.com/qna/detail.naver?d1id=11&dirId=110409&docId=438068907&qb=7Jio65287J24IOqwleydmCDshLHqs7U=&enc=utf8,,0,2,3,4,1,False
온라인 강의 성공,강의,it 공부를 하려는데 온라인으로도 잘,... 주변에 온라인으로 it 공부해서 취업까지 성공한 케이스가 있다면 어디서 공부하셨는지 좀 알려주세요. IT... IT 온라인 강의는 한국 1위 it 전문 강의 사이트 kg에듀원이 가장 유명합니다. 기초부터 실무 경험을 5~10년은 가진...,https://kin.naver.com/qna/detail.naver?d1id=1&dirId=10406&docId=370699023&qb=7Jio65287J24IOqwleydmCDshLHqs7U=&enc=utf8,,0,2,3,2,3,False
온라인 강의 성공,강의,편입 독해 인터넷강의관련 질문,"... 어디학원 온라인강의가 좋은지 추천좀해주세요 너무많아서 잘모르겠어요,,ㅠ 2. 지금 제상태에서 구문독해수업을... 한번 받아 보시는게 좋을 듯 하네요..아무래도 전문가들이니까 그럼 준비 잘 하셔서 꼭 성공하시길 바랍니다.~~",https://kin.naver.com/qna/detail.naver?d1id=11&dirId=110408&docId=59301244&qb=7Jio65287J24IOqwleydmCDshLHqs7U=&enc=utf8,,0,2,3,4,1,False
온라인 강의 성공,강의,중학교 인터넷 강의 추천 부탁해요,... 처음에는 온라인으로 어떻게 아이가 집중해서 학습을해? 하고 귀담아 듣지 않았으나 인터넷강의 성공사례등을 접하다 보니..우리 아이도 한번 시켜볼까? 하는 생각이 들어..맘을 정하고 알아본 결과 엠베스트 인터넷 강의가...,https://kin.naver.com/qna/detail.naver?d1id=11&dirId=1103&docId=152245466&qb=7Jio65287J24IOqwleydmCDshLHqs7U=&enc=utf8,,0,2,3,2,3,False
온라인 강의 성공,강의,실업급여 온라인교육 질문,"... 총 5가지 NCS 교육 끝나면 나머지 슬기로운디지털 생활이나 취업성공강의로도 구직활동인정가능한건가요? 넵 ..!! 단, 구직활동 1회 필수라는 안내문자 발송시 해당 실업인정기간 중에는 온라인 특강 및 기타 다른 구직외...",https://kin.naver.com/qna/detail.naver?d1id=6&dirId=6080402&docId=417538940&qb=7Jio65287J24IOqwleydmCDshLHqs7U=&enc=utf8,,0,2,3,2,3,False
온라인 강의 성공,강의,취업성공패키지,취업성공패키지 하는 중에 폴리텍 1년 전문과정 신청가능한가요? 질문자분께서 폴리텍 전문과정 신청하시는 무엇인지... 다만 온라인 학위 취득 과정은 가능한만큼 학점은행제 온라인 강의를 통해서 저렴하고 빠르게 학위...,https://kin.naver.com/qna/detail.naver?d1id=4&dirId=40612&docId=341299293&qb=7Jio65287J24IOqwleydmCDshLHqs7U=&enc=utf8,,0,2,3,2,3,False
온라인 강의 성공,강의,안녕하세요 취업성공패키지? 국비지원?,안녕하세요 취업성공패키지? 국비지원?에 대해 궁금해서 남겨봅니다 청주사는 20대 취준생 인데요 컴활자격증이나... OCP 온라인강의 운영 ● 국내유일 미취업자 아마존 AWS 교육과정 운영 (AWS 클라우드 공인 솔루션 아키텍트 과정)...,https://kin.naver.com/qna/detail.naver?d1id=11&dirId=110704&docId=328120471&qb=7Jio65287J24IOqwleydmCDshLHqs7U=&enc=utf8,,0,2,3,2,3,False
온라인 강의 성공,강의,고등학생 인터넷강의가격이 궁금합니다,... 제일 중요한 인터넷 강의와 잰쌤이 하는 온라인 강의에 차이점을 말씀드리겠습니다. 인터넷 강의는 흔히 학생들이... 이런 잰쌤을 발판으로 힘을내서 무궁무진한 성공을 바라보는 학생들도 있습니다. 외면뿐만이 아닌 내면까지...,https://kin.naver.com/qna/detail.naver?d1id=11&dirId=110409&docId=322927285&qb=7Jio65287J24IOqwleydmCDshLHqs7U=&enc=utf8,,0,2,3,2,3,False
온라인 강의 성공,강의,온라인 학점은행제도 편입 관련질문,... 온라인으로 하는게 오프라인으로 하는거보다 성공확률이 낮을까요? 2. 동국대전산원에서 컴퓨터공학전공을 하고... 전산원은 오프라인입니다 제가 온라인강의로 도움드릴게여 3. 플랜에 따라 다르지만 총비용이 대학교 한학기...,https://kin.naver.com/qna/detail.naver?d1id=11&dirId=110703&docId=342277951&qb=7Jio65287J24IOqwleydmCDshLHqs7U=&enc=utf8,,0,2,3,2,3,False
온라인 강의 성공,강의,실업급여 온라인 취업특강 질문,... 최신채용트랜드 고용센터 온라인 강의(3회인정) 1. 실업인정 관련 단기특강 1 근로기준법 2. 실업인정 관련 단기특강 2 성공하는 취업정보 수집 3. 실업인정 관련 단기특강 3 장년층을 위한 취업특강 위와같이 총 6개의 특강이 있으며...,https://kin.naver.com/qna/detail.naver?d1id=6&dirId=6080402&docId=378449943&qb=7Jio65287J24IOqwleydmCDshLHqs7U=&enc=utf8,,0,2,3,2,3,False
온라인 강의 성공,강의,전주 취업성공패키지 국비지원 학원 질문,전주 혹은 전북지역에 취업성공패키지를 하려고 하는 사람입니다. 몇가지 궁굼한 점이 있어서 질문글 남깁니다. 1.... OCP 온라인강의 운영 ● 국내유일 미취업자 아마존 AWS 교육과정 운영 (AWS 클라우드 공인 솔루션 아키텍트 과정)...,https://kin.naver.com/qna/detail.naver?d1id=4&dirId=40612&docId=347163959&qb=7Jio65287J24IOqwleydmCDshLHqs7U=&enc=utf8,,0,2,3,2,3,False
온라인 강의 성공,강의,국비지원(취업성공패키지)로 딸수있는,국비지원(취업성공패키지)로 딸수있는 자격증 종류좀 자세히 알려주세요ㅠㅠ 다 컴퓨터 얘기만있어서ㅠㅠ... OCP 온라인강의 운영 ● 국내유일 미취업자 아마존 AWS 교육과정 운영 (AWS 클라우드 공인 솔루션 아키텍트 과정) ● 일본...,https://kin.naver.com/qna/detail.naver?d1id=4&dirId=40612&docId=327275996&qb=7Jio65287J24IOqwleydmCDshLHqs7U=&enc=utf8,,0,2,3,2,3,False
온라인 강의 성공,강의,청년취업성공패키지 질문,... 사실 집안형편상 대학을 계속 다니기가 조금 어렵기에 취업을 알아보던중 청년취업성공패키지를 알게되었습니다.... 학점은행제는 온라인 강의와 시험으로 진행되며 오픈북이기 때문에 학위취득하시는데 별 어려움이 없다는게...,https://kin.naver.com/qna/detail.naver?d1id=4&dirId=406&docId=293685336&qb=7Jio65287J24IOqwleydmCDshLHqs7U=&enc=utf8,,0,2,3,2,3,False
온라인 강의 성공,강의,취업성공패키지 전산회계세무 질문드립니다,... 취업성공패키지에서 둘다 국비지원으로 가능한가요? 4. 기간이얼마나 걸릴까요? 만나서 반갑습니다. 저는 ITBANK... 그리고 교육기관에서 같이 진행하는 온라인강의 지원의 컨텐츠 수준이 어느정도인지 오프라인강사와 동일한지도...,https://kin.naver.com/qna/detail.naver?d1id=4&dirId=40402&docId=296926943&qb=7Jio65287J24IOqwleydmCDshLHqs7U=&enc=utf8,,0,2,3,2,3,False
온라인 강의 성공,강의,김준호교수님 민법강의 교재를 보고 어떤식으로...,... 전 법학교도안나왓고..그냥 제 목표를..법쪽으로 공부해서 성공해볼려고 합니다...제가 정말로 궁금한게있습니다..... 만약 그냥 교양으로 알려고 하시는거라면 그 책으로 강의하는 온라인 강의 사이트도 적어봅니다. patent.gosi.com...,https://kin.naver.com/qna/detail.naver?d1id=6&dirId=60215&docId=47230498&qb=7Jio65287J24IOqwleydmCDshLHqs7U=&enc=utf8,,0,2,3,2,3,False
온라인 강의 성공,강의,카니타로 해석 부탁드립니다.,제가 어떤 온라인 강의를 클래스101을 통해 판매하려고 하는 상황입니다. 질문: 온라인 강의를 판매 개시하는... 즉 타이밍을 놓치기보다 작게라도 시작해서 점점 키워가는 것이 성공으로 이어질 가능성이 높은 흐름입니다....,https://kin.naver.com/qna/detail.naver?d1id=3&dirId=31503&docId=492761306&qb=7Jio65287J24IOqwleydmCDshLHqs7U=&enc=utf8,,0,2,3,2,3,False
온라인 강의 성공,강의,실업급여 구직활동 관련,"... 이런 자세라면 실업급여 수급은 물론, 재취업도 금방 성공하실 거예요. 질문하신 내용에 대해 아래와 같이 정리해드릴게요. 1) 온라인 직업훈련 강의도 ‘구직활동’으로 인정됩니다 고용노동부에서 인가한 온라인 직업훈련...",https://kin.naver.com/qna/detail.naver?d1id=4&dirId=40612&docId=489796718&qb=7Jio65287J24IOqwleydmCDshLHqs7U=&enc=utf8,,0,2,3,2,3,False
온라인 강의 성공,강의,캐나다어학연수성공하는방법,"... 매일 저녁2시간마다 튼튼영어 교재로 모르는 당어 외어서 독해하는데요, 어떻게 하면 캐나다어학연수 성공하나요?... 아무튼 온라인 강의 영문법은 라리샘꺼 추천이에요! 그리고 강의가 두개가 있거든요. 왕초보 영어 클리닉, 말이 되는...",https://kin.naver.com/qna/detail.naver?d1id=13&dirId=130108&docId=105421278&qb=7Jio65287J24IOqwleydmCDshLHqs7U=&enc=utf8,,0,2,3,2,3,False
온라인 강의 성공,강의,취업성공패키지 질문 (학점은행제),취업성공패키지가 혹시 학점은행제도 되나요? 학점은행제란? 고졸이상의 동등학력이시라면 학점을 모아서... -학점취득- 온라인강의 : 온라인으로 진행하는 1시간 반 분량의 수업입니다. 자격증 : 전공/일반 자격증으로 자격증에...,https://kin.naver.com/qna/detail.naver?d1id=4&dirId=40612&docId=331035789&qb=7Jio65287J24IOqwleydmCDshLHqs7U=&enc=utf8,,0,2,3,2,3,False
온라인 강의 성공,강의,혹시 국사학과나 사학과 편입성공하신,혹시 국사학과나 사학과 편입성공하신 분 계신가요... 저좀 도와주세요 연락기다릴게요 ㅠ 상단의 네임카드 내용은... 독학사 온라인강의 등 굉장히 다양합니다. 그렇기 때문에 현재 작성자분의 조건에 적합한 방향으로 학위취득 방법을...,https://kin.naver.com/qna/detail.naver?d1id=6&dirId=60402&docId=306424992&qb=7Jio65287J24IOqwleydmCDshLHqs7U=&enc=utf8,,0,2,3,2,3,False
온라인 강의 성공,강의,4년재대학 3학년 수료 온라인 편입가능할까요?,"... 편입진행/편입성공하는 방법입니다. 질문자님의 영어수준은 어느정도이실까요?? 편입의경우 편입영어or공인영어... 50점 ⦁학점이수방법 -온라인강의, 전적대, 자격증, 독학사 전문 학사는 2년제, 학사는 4년제 졸업장으로 일반...",https://kin.naver.com/qna/detail.naver?d1id=11&dirId=1119&docId=399484621&qb=7Jio65287J24IOqwleydmCDshLHqs7U=&enc=utf8,,0,2,3,2,3,False
온라인 강의 성공,강의,C++ 취업성공패키지 컴퓨터 학원 알려주세요 (서울...,"C++ 취업성공패키지 컴퓨터 학원 알려주세요 (서울, 수도권) 안녕하세요. KG아이티뱅크 학원은 2002년도에 개원한... OCP 온라인강의 운영 ● 국내유일 미취업자 아마존 AWS 교육과정 운영 (AWS 클라우드 공인 솔루션 아키텍트 과정)...",https://kin.naver.com/qna/detail.naver?d1id=4&dirId=40608&docId=327203584&qb=7Jio65287J24IOqwleydmCDshLHqs7U=&enc=utf8,,0,2,3,2,3,False
온라인 강의 성공,강의,코딩 배울만한 인터넷 강의나 다른거 추천,... 2~3명이 성공하면 바로 넘어가는식.... 문제도 글로만 한줄 써져있고 말로는 전혀 설명을 안해주는데 풀라고하고...... 진행하는 온라인강의 KG에듀원 이룸 강의를 추천드리겠습니다. 자세한 내용은 아래 홈페이지를 통해 안내 받으시길...,https://kin.naver.com/qna/detail.naver?d1id=4&dirId=40608&docId=411615356&qb=7Jio65287J24IOqwleydmCDshLHqs7U=&enc=utf8,,0,2,3,2,3,False
온라인 강의 성공,강의,학점은행제 편입 성공하고 싶어요.,"... 온라인강의, 자격증, 독학사, 전적대 4가지 방법으로 학점 이수가 가능하며 위 방법들을 병행하여 진행하면 더 빨리 학위를 취득 하실 수 있습니다. 질문자님은 지방대 다니다 관두셨다 했는데 1과목이라도 성적을 받았다면 학점을...",https://kin.naver.com/qna/detail.naver?d1id=11&dirId=110503&docId=352360673&qb=7Jio65287J24IOqwleydmCDshLHqs7U=&enc=utf8,,0,2,3,2,3,False
온라인 강의 성공,강의,온라인시험프로그래밍에 관한 질문.(꼭 가르쳐 주세요),... 온라인 강의 등으로 프로그램을 배워 만들까 하거든요 물론 시험도 보고 성적도 관리하는 프로그램을 만들까... 우선은 온라인으로 php를 배워보세요 답변이 좀 부족한거 같네요. 저도 초짜라서요. 꼭 배워서 성공하시길 바랍니다.,https://kin.naver.com/qna/detail.naver?d1id=1&dirId=10402&docId=64174006&qb=7Jio65287J24IOqwleydmCDshLHqs7U=&enc=utf8,,0,2,3,2,3,False
온라인 강의 성공,강의,온라인 영어 공부,... 하는데 온라인 영어 강의 해주는 사이트 추천 받아요 영어만 늘 수 있다면 결제는 상관 없어요 영어공부혼자하기... 프로그램인지 - 원어민 or AI에게 피드백 받아볼 수 있는 프로그램인지 질문자님의 온라인영어독학 성공을 기원합니다!,https://kin.naver.com/qna/detail.naver?d1id=11&dirId=11080308&docId=454005222&qb=7Jio65287J24IOqwleydmCDshLHqs7U=&enc=utf8,,0,2,3,4,1,False
온라인 강의 성공,강의,문창과 관련 질문!!,"... 지방에 살고 있어 학원을 못 다니는 환경이라, 온라인 강의 생각중 인데 혼자서는 실기 준비하기 어렵나요? 만약... - 경제적 어려움 : 작가로 성공하기까지 경제적인 어려움을 겪을 수 있습니다. - 실무와의 괴리 : 문학적 글쓰기와...",https://kin.naver.com/qna/detail.naver?d1id=11&dirId=11050401&docId=486415063&qb=7Jio65287J24IOqwleydmCDshLHqs7U=&enc=utf8,,0,2,3,2,3,False
온라인 강의 성공,강의,내일배움카드 소지자가 취업성공패키지에 지원 가능?...,"내일배움카드를 발급받고 직업훈련을 받는 동안에 취업성공패키지에 지원할 수 있나요? 또 인터넷통해서... do +) 한국인터넷교육에서는 ""지역""과 ""시간""이 관계없는 *온라인 강의*로 근로자 국비지원교육을 실시하고 있습니다....",https://kin.naver.com/qna/detail.naver?d1id=6&dirId=60804&docId=357350298&qb=7Jio65287J24IOqwleydmCDshLHqs7U=&enc=utf8,,0,2,3,2,3,False
온라인 강의 성공,강의,듀오링고 110점,"... 온라인 강의: 특정 온라인 강의 플랫폼은 짧은 시간에 집중적으로 학습할 수 있도록 도와줘요. 예를 들어... 추천 기관 및 강사: 여러 성공 사례에서 언급된 기관과 강사로는 '듀오잉글리쉬'(피터쌤), '가온어시스턴트', '오웬쌤' 등이...",https://kin.naver.com/qna/detail.naver?d1id=11&dirId=110409&docId=489599577&qb=7Jio65287J24IOqwleydmCDshLHqs7U=&enc=utf8,,0,2,3,2,3,False
온라인 강의 성공,강의,취업성공 패키지2 질문,... 온라인강의? 오프라인 전문교육기관? 뭔가요? 저도 처음들어서 뭔지 모르겠네요... 학원은 HRD로 등록된 학원으로만 신청가능합니다. 국비지원 학원이 못미더워서 전문교육기관을 가는 학생들이 있는데요. 미인정과정이라고...,https://kin.naver.com/qna/detail.naver?d1id=4&dirId=40612&docId=374930516&qb=7Jio65287J24IOqwleydmCDshLHqs7U=&enc=utf8,,0,2,3,2,3,False
온라인 강의 성공,강의,영상편집 배우고싶은데 어떤게 좋을까요? 그리고 어디서?,... 일단 학원은 빨라도 내년에나 갈거같고 그전에 온라인 강의로 좀 배우고싶은데. 에펙이나 프리미어프로?... 저같은 경우는 집 근처 학원에서 기초를 다진 후에 저만의 포트폴리오를 만들어 취업에 성공한 케이스입니다. 질문자님도...,https://kin.naver.com/qna/detail.naver?d1id=3&dirId=3031003&docId=473493584&qb=7Jio65287J24IOqwleydmCDshLHqs7U=&enc=utf8,,0,2,3,2,3,False
온라인 강의 성공,강의,군대에서 대학교 편입 준비가 가능한가요?,"... 게 성공 확률이 높아요. 2) 질문자님 학점(현재 54학점) 기준으로 편입 자격은 어떻게 되나요? 편입은 크게 두 가지... 학점은행제는 쉽게 말하면, 학교에 매일 출석하지 않아도 온라인 강의, 자격증, 독학사 시험 등으로 학점을 모아서...",https://kin.naver.com/qna/detail.naver?d1id=11&dirId=110503&docId=492811275&qb=7Jio65287J24IOqwleydmCDshLHqs7U=&enc=utf8,,0,2,3,2,3,False
온라인 강의 성공,강의,공부법 알려주세요,"... 환경을 조성해 집중력을 높이고, 작은 성공 경험을 통해 성취감을 느끼는 것이 중요해요. 효율적인 자료 활용: 내신... 또한, 온라인 강의나 학습 앱을 활용해 체계적으로 학습할 수 있어요. 이 방법들을 통해 조금씩 성적을 향상시킬 수...",https://kin.naver.com/qna/detail.naver?d1id=11&dirId=11080106&docId=492805819&qb=7Jio65287J24IOqwleydmCDshLHqs7U=&enc=utf8,,0,2,3,2,3,False
온라인 강의 성공,강의,AI 시대에 새롭게 떠오르는 직업과 그 준비 과정은...,"... 이러한 직업들은 무엇이며, 해당 분야에서 성공하기 위해 필요한 교육이나 준비 과정은 어떤 것인지 궁금합니다.... 준비 과정으로는 관련 학위(컴퓨터공학, 통계학, 데이터사이언스 등), 온라인 강의·자격증, 프로젝트 경험...",https://kin.naver.com/qna/detail.naver?d1id=4&dirId=406&docId=489945933&qb=7Jio65287J24IOqwleydmCDshLHqs7U=&enc=utf8,,0,2,3,2,3,False
온라인 강의 성공,강의,실내건축산업기사 자격증으로 산업안전산업기사...,"... 학점은행제는 온라인 강의로 학점을 취득할 수 있어서 많은 분들이 효율적으로 이용하는 방법 중 하나랍니다. 가장... 꼭 성공하시길 응원합니다! 혹시 질문자님처럼 자격증 응시 요건을 빨리 갖춰야 하는데, 시간 내기가 좀...",https://kin.naver.com/qna/detail.naver?d1id=11&dirId=113103&docId=491685803&qb=7Jio65287J24IOqwleydmCDshLHqs7U=&enc=utf8,,0,2,3,2,3,False
온라인 강의 성공,강의,부산 IT 국비지원 취업성공패키지 교육기관,"... 실무경험이 풍부한 전임강사로만 이루어진 학원인지 아닌지 알아보셔야 하고, 온라인 강의가 활성화 되어있는지 알아보셔야 합니다. IT 교육기관을 찾고 있으시다면 제가 추천 드리는 IT 교육기관은 서울시 종로점, 노량진, 강남점...",https://kin.naver.com/qna/detail.naver?d1id=4&dirId=40608&docId=330553644&qb=7Jio65287J24IOqwleydmCDshLHqs7U=&enc=utf8,,0,2,3,2,3,False
온라인 강의 성공,강의,"환불 약속 후 거절당한 사례, 법적 대응 가능할까?","... 2025년 12월 중순에 온라인 강의(전자책 포함)를 결제하였고, 해당 강의에 대한 계약서에 전자서명을 하였습니다.... 소송의 성공 가능성을 높이는 데 유리합니다. ✅ 결론 질문자님과 판매자 사이에 형성된 '리뷰 변경 조건 환불' 약정의...",https://kin.naver.com/qna/detail.naver?d1id=6&dirId=60215&docId=491343918&qb=7Jio65287J24IOqwleydmCDshLHqs7U=&enc=utf8,,0,2,3,2,3,False
온라인 강의 성공,강의,노베 토익,... 잘하는걸로만 성공해야지~ 하다가 실기로 대학을 잘 와버리는 바람에 똑똑한 애들이랑 같이 교양들을 생각하니까... 완전 기초가 없다면 '쌩독학(책만 보는 것)'보다는 '인강(온라인 강의)'의 도움을 받는 것을 강력히 추천합니다....,https://kin.naver.com/qna/detail.naver?d1id=11&dirId=11080308&docId=491345383&qb=7Jio65287J24IOqwleydmCDshLHqs7U=&enc=utf8,,0,2,3,2,3,False
온라인 강의 성공,강의,UI/UX 디자이너 질문,"... 추천도서나 온라인 강의 아시면 추천 부탁드립니다. 안녕하세요 저도 디자인에대해 무지인 상태에서... 비전공자도 디자이너 취업에 성공할 수 있게 LG, 롯데, 사람인 등 현업 디자이너 멘토가 취업까지 서포트하는...",https://kin.naver.com/qna/detail.naver?d1id=3&dirId=31301&docId=460239353&qb=7Jio65287J24IOqwleydmCDshLHqs7U=&enc=utf8,,0,2,3,4,1,False
온라인 강의 성공,강의,향정매매 선고기일 앞두고 반성문 제출 방법,"... 마약재범방지교육 온라인 강의 들은게 법워 입장에서 재범이나 반성을 할려는 의지가 있는걸로 판단 해줄지도 궁금... 박성현변호사가 해결한 관련 성공사례 -[언론보도사건]지인들 제의로 수차례 필로폰투약, 케타민소지 혐의...",https://kin.naver.com/qna/detail.naver?d1id=6&dirId=60215&docId=486748318&qb=7Jio65287J24IOqwleydmCDshLHqs7U=&enc=utf8,,0,2,3,2,3,False
온라인 강의 성공,강의,학점은행제 대학,... - 일반편입: 총 80학점 이상 이수 - 학사편입: 총 140학점 이상 이수 그리고 학점은행제는 온라인 강의 + 자격증... 진학’에 성공하고 있어요. 혹시 목표하시는 대학이 있거나 일반편입과 학사편입 중 어떤 방향이 더 유리할지 궁금한...,https://kin.naver.com/qna/detail.naver?d1id=11&dirId=110703&docId=491749092&qb=7Jio65287J24IOqwleydmCDshLHqs7U=&enc=utf8,,0,2,3,2,3,False
온라인 강의 성공,강의,학점은행제 성공사례 알려주세요,"학점은행제 성공사례 알려주세요 안녕하세요 질문하신 내용에 답변드리겠습니다. 학점은행제 과정에서... 학점을 취득하는 방법은 15주 과정의 온라인강의를 기본으로 진행하게 됩니다. 온라인강의 역시 중간,기말 레포트 토론 등으로...",https://kin.naver.com/qna/detail.naver?d1id=11&dirId=110703&docId=323319754&qb=7Jio65287J24IOqwleydmCDshLHqs7U=&enc=utf8,,0,2,3,4,1,False
온라인 강의 성공,강의,방학동안 노베이스 수학 공부방법 알려주세요,... 반은 성공하셨다고 봅니다. 결심을 굳건히 하시어 지루하고 힘들지만 꼭 목표를 이루시기를 응원하는 마음에서... 혼자서 공부하기 힘들 때는 온라인 강의를 이용하는 것이 좋습니다. 온라인 강의는 직접 선생님이 설명해주기 때문에...,https://kin.naver.com/qna/detail.naver?d1id=11&dirId=11040302&docId=479758078&qb=7Jio65287J24IOqwleydmCDshLHqs7U=&enc=utf8,,0,2,3,2,3,False
온라인 강의 성공,강의,도와주세요,"... '중학교 수학 총정리' 같은 책을 사서 기본 개념을 익히고, EBSi나 메가스터디 같은 온라인 강의도 들어보세요.... 실패를 두려워하지 말고, 작은 성공에도 기뻐하며 자신감을 키워나가세요. 전문가의 도움: 혼자 해결하기 어려운 문제는...",https://kin.naver.com/qna/detail.naver?d1id=11&dirId=11050403&docId=491217243&qb=7Jio65287J24IOqwleydmCDshLHqs7U=&enc=utf8,,0,2,3,2,3,False
온라인 강의 성공,강의,편입 vs 반수 고민,"... 나이고 성공 가능성도(사실이게 제일) 문제고 27학년도 수능 이후부터는 교육과정이 달라 4수는 안되고... 그래서... 질문자님, 혹시 편입 준비하면서 영어 논술 때문에 막막하다면, 제가 아는 곳 중에 꽤 괜찮은 온라인 강의 플랫폼이...",https://kin.naver.com/qna/detail.naver?d1id=11&dirId=110503&docId=491161950&qb=7Jio65287J24IOqwleydmCDshLHqs7U=&enc=utf8,,0,2,3,2,3,False
온라인 강의 성공,강의,에스테틱 창업 관련 피부지식 책 추천 해주세요,... ‘피부창업 실전테크닉’ by 문혜옥: 이 책은 피부관리실의 성공적인 창업을 위해 필요한 실용적인 방법과... 온라인 강의나 전문 교육 과정을 통해 실무 지식을 쌓는 것도 좋은 방법이에요. 예를 들어 '선새김에스테틱의...,https://kin.naver.com/qna/detail.naver?d1id=8&dirId=80301&docId=491504650&qb=7Jio65287J24IOqwleydmCDshLHqs7U=&enc=utf8,,0,2,3,2,3,False
온라인 강의 성공,강의,안녕하세여 피규어제작에 대한 질문입니다.,"... 피규어 제작을 독학이나 온라인 강의로 배우는 것은 충분히 가능합니다! 다만, 입문 단계에서 체계적인... 독학 성공을 위한 4단계 전략 1. 기초 이론 습득 (2~4주) 해부학 공부: 인체 비율, 근육 구조를 스케치하며 이해...",https://kin.naver.com/qna/detail.naver?d1id=3&dirId=31203&docId=482682397&qb=7Jio65287J24IOqwleydmCDshLHqs7U=&enc=utf8,,0,2,3,2,3,False
온라인 강의 성공,강의,서울사이버대학 관련 질문이요,"... 서울사이버대학교는 전 과목 100% 온라인(녹화 강의) 수업이에요. 출석은 영상 시청으로 인정되며 등교·대면 수업은 필수 아닙니다! : ) 2. 다니면 성공하나요? 사람마다의 기준은 다르지만, 서울사이버대학에서 새로운 제2의...",https://kin.naver.com/qna/detail.naver?d1id=11&dirId=110408&docId=491298008&qb=7Jio65287J24IOqwleydmCDshLHqs7U=&enc=utf8,,0,2,3,2,3,False
온라인 강의 성공,강의,한국it직업전문학교 질문,"... 6)코로나 방역으로 인한 비대면수업(온라인 강의)를 진행중입니까? 7)2~3년 내에 일러스트과가 사라지거나 하진 않겠죠? 8)일러스트과 졸업생들의 진로현황이 궁금합니다.(몇%취업성공이 아닌,주로 어디에 취업했는지) 안녕하세요...",https://kin.naver.com/qna/detail.naver?d1id=11&dirId=110408&docId=397930534&qb=7Jio65287J24IOqwleydmCDshLHqs7U=&enc=utf8,,0,2,3,4,1,False
온라인 강의 성공,강의,믿을 만한 직장인알바이 있을까요? 추천 부탁드려요,"... 성공 사례로는 IT 관련 프리랜서나 온라인 강의 등이 있습니다. 초보자는 신뢰할 수 있는 플랫폼을 선택하고, 운영 후기를 참고하는 것이 중요합니다. 좋은 선택하시길 바랍니다. 도움이 되셨기를 바랍니다.",https://kin.naver.com/qna/detail.naver?d1id=10&dirId=100507&docId=481267304&qb=7Jio65287J24IOqwleydmCDshLHqs7U=&enc=utf8,,0,2,3,2,3,False
온라인 강의 성공,강의,부산 승무원 학원 추천,"... 선택 팁 • 강사진의 승무원 경험 여부와 수년 간의 성공 사례 • 커리큘럼이 면접, 영어, 서비스 마인드 등 다양한... • 온라인 강의와 병행하거나, 스터디 그룹 참여도 도움이 됩니다. • 비전공자라면 영어, 서비스 실무 강의도...",https://kin.naver.com/qna/detail.naver?d1id=1&dirId=10406&docId=490686163&qb=7Jio65287J24IOqwleydmCDshLHqs7U=&enc=utf8,,0,2,3,2,3,False
온라인 강의 성공,강의,진로고민!,"... 만약 성공하지 못하면 어떡하죠? 그냥 제 마음을 정말 모르겠어요 현실적으로 답변 부탁드려요… 진로 고민 정말... 예를 들어 온라인 강의 듣기, 체험 클래스, 관련 직업 현장 탐방 같은 걸 추천해요. 2. 미술은 꾸준함이 중요하니...",https://kin.naver.com/qna/detail.naver?d1id=8&dirId=814&docId=487873580&qb=7Jio65287J24IOqwleydmCDshLHqs7U=&enc=utf8,,0,2,3,2,3,False
온라인 강의 성공,강의,자택알바 어떤일하나요?,"... 저처럼 아예 초보로 자택알바 시작해도 성공하는 경우가 있는지도 궁금하구요 자택알바는 집에서 하는 일을... 기술 개발: 필요한 기술을 향상시키기 위해 온라인 강의, 자습서 등을 활용해보세요. 4. 포트폴리오 작성: 자신의 작업물을...",https://kin.naver.com/qna/detail.naver?d1id=4&dirId=40611&docId=458284645&qb=7Jio65287J24IOqwleydmCDshLHqs7U=&enc=utf8,,0,2,3,2,3,False
온라인 강의 성공,강의,"예비고1 문제집, 공부법 알려주세요","... EBS | - 온라인 강의(인강)는 고1 첫 중간/기말 이후 실전 내신 대비로 활용해도 좋으며, 기초 개념 부족하면... 고입 성공과 고등 내신, 수능 모두 대비할 수 있습니다. 인강은 꼭 필요하지 않지만 개념 부족할 때, 또는 내신과 수능...",https://kin.naver.com/qna/detail.naver?d1id=4&dirId=40602&docId=489710011&qb=7Jio65287J24IOqwleydmCDshLHqs7U=&enc=utf8,,0,2,3,2,3,False
온라인 강의 성공,강의,국비지원교육 질문 드립니다.,"... 취업성공 패키지, 배움카드 등 종류가 다양한데 취업을 하지 않고 교육만 받을수 있나요? 감사합니다. 안녕하세요... +) 한국인터넷교육에서는 ""시간""과 ""장소 및 지역""에 상관없이 [온라인 강의]로 근로자 대상 국비지원 교육을...",https://kin.naver.com/qna/detail.naver?d1id=11&dirId=110704&docId=471998270&qb=7Jio65287J24IOqwleydmCDshLHqs7U=&enc=utf8,,0,2,3,2,3,False
온라인 강의 성공,강의,간호학과 일반 편입 관련 질문,"... 대학교 2학년까지 다니고 편입 준비해서 성공하면 또 다시 4년동안 다녀야 하나요? 3. 편입 비용이 얼마나 드는지... 온라인강의/자격증/독학사 등 학교 외에 다양한 활동으로 학점을 모으고 대학 학력을 취득하는 제도에요. 즉, 편입에...",https://kin.naver.com/qna/detail.naver?d1id=11&dirId=11050404&docId=489794181&qb=7Jio65287J24IOqwleydmCDshLHqs7U=&enc=utf8,,0,2,3,2,3,False
온라인 강의 성공,강의,대학교 편입 어떻게 준비해야 할까요?,... 이제와서 수능을 준비하기에는 수능을 성공해도 1학년으로 들어가서 남들보다 2년 정도 늦어서 편입을 생각하는데... 질문 3: 제가 오프라인은 시간이 안될 거 같아서 온라인 강의로 학점 모으려고 하는데 교육기관 조회?에서...,https://kin.naver.com/qna/detail.naver?d1id=11&dirId=110703&docId=377546280&qb=7Jio65287J24IOqwleydmCDshLHqs7U=&enc=utf8,,0,2,3,2,3,False
온라인 강의 성공,강의,모션그래픽/그래픽 디자이너 진로 질문(고1)‼️,"... 충분히 성공할 수 있어요. 중요한 건 포트폴리오와 실력이에요. 입시 미술 학원: 꼭 다녀야 하는 건 아니에요.... 경제적 부담이 있다면, 독학이나 온라인 강의를 활용할 수 있어요. 대학을 가지 않고 취업 가능성: 포트폴리오: 대학을...",https://kin.naver.com/qna/detail.naver?d1id=3&dirId=31301&docId=486390140&qb=7Jio65287J24IOqwleydmCDshLHqs7U=&enc=utf8,,0,2,3,2,3,False
온라인 강의 성공,강의,40대 이상 유망자격증,... 최근에는 온라인 강의 확대와 국민내일배움카드 같은 국비지원 제도가 활성화되어 경제적 부담도 줄일 수... 실제로 많은 사례에서 이들 자격증을 통해 재취업이나 창업에 성공하는 경우가 확인되고 있습니다. 질문하신 “40대 이상...,https://kin.naver.com/qna/detail.naver?d1id=11&dirId=110704&docId=488906532&qb=7Jio65287J24IOqwleydmCDshLHqs7U=&enc=utf8,,0,2,3,2,3,False
온라인 강의 성공,강의,학원다니지않는데 공부잘하는법있을까요?,... 다양한 온라인 강의와 문제 풀이를 통해 학습 효과를 높일 수 있습니다. 친구들과 스터디 그룹: 친구들과 함께... 성공 경험을 통해 학습 동기를 유지합니다. 4. 추가 조언 질문 적극 활용: 모르는 것은 학교 선생님이나 친구들에게...,https://kin.naver.com/qna/detail.naver?d1id=11&dirId=1103&docId=482356564&qb=7Jio65287J24IOqwleydmCDshLHqs7U=&enc=utf8,,0,2,3,2,3,False
온라인 강의 성공,강의,고졸인데 학점은행제 심리학과에서 연대 편입 가능할까요?,... 학점은행제로 성공한 사례가 있을까요? 2. 학점은행제 심리학과 어디서 배우는 편이 좋은지 추천 부탁드려요 3.... 걱정되신다면 온라인 강의로 수업이 이루어져 있어서 크게 어려움없이 편하신 시간에 자유롭게 강의 시청이...,https://kin.naver.com/qna/detail.naver?d1id=11&dirId=110703&docId=477826578&qb=7Jio65287J24IOqwleydmCDshLHqs7U=&enc=utf8,,0,2,3,2,3,False
온라인 강의 성공,강의,교육주인 디지털대성-(마이맥) // 전망이 있나요?,"... 과연, 대성의 온라인강의가 성공할까요 내년에? 올해 다음과 손잡고 온라인강의 진출했다고 들었는데. .. 어때요 대성? 디지털대성은 온라인과 오프라인을 통하여 사교육시장을 공략하고 있습니다. 강남의 8학군이 유명한 이유는...",https://kin.naver.com/qna/detail.naver?d1id=4&dirId=40102&docId=33809965&qb=7Jio65287J24IOqwleydmCDshLHqs7U=&enc=utf8,,0,2,3,2,3,False
온라인 강의 성공,강의,편입 관련 질문드려요,"... 학점은행제가 뭐냐면, 온라인 강의, 자격증, 독학사 시험 등으로 학교에 직접 다니지 않아도 학점을 쌓을 수 있는... 궁금한 점이 또 있으시면 언제든지 물어봐 주세요. 목표하는 대학 편입, 꼭 성공하시길 진심으로 바랄게요!",https://kin.naver.com/qna/detail.naver?d1id=11&dirId=110703&docId=490149858&qb=7Jio65287J24IOqwleydmCDshLHqs7U=&enc=utf8,,0,2,3,4,1,False
온라인 강의 성공,강의,진로가 웹툰작가인데 질문 있습니다.,"... 학생으로서는 시간이 많이 남아 있으니, 그림을 그리는 것을 계속 하시면서 온라인 강의나 그림 학원 등을 통해 전문적인 교육을 받아보는 것도 좋은 방법입니다. 웹툰 작가의 현실: 웹툰 작가로서 성공하는 것은 그 자체로 어려운...",https://kin.naver.com/qna/detail.naver?d1id=4&dirId=40605&docId=466031727&qb=7Jio65287J24IOqwleydmCDshLHqs7U=&enc=utf8,,0,2,3,2,3,False
온라인 강의 성공,강의,내일배움카드로 코딩 배울 수 있는 곳 알려주세요,"... 온라인 강의로는 패스트캠퍼스, K-Digital Training이 유망합니다. HRD-Net에서 최신 강의 정보를 확인하고... 개발자로 첫걸음을 내딛는 만큼, 좋은 교육기관에서 실력을 쌓아 성공하시길 응원합니다! 더 궁금한 점 있으시면...",https://kin.naver.com/qna/detail.naver?d1id=11&dirId=110704&docId=483864235&qb=7Jio65287J24IOqwleydmCDshLHqs7U=&enc=utf8,,0,2,3,4,1,False
온라인 강의 성공,강의,빅데이터전문가 취업하려고 학원다니는거 괜찮을까요..?,"... 혹시 학원다녀서 도움 받아보시거나 독학 하시면서 이직하신 분들 혹은 독학으로 빅데이터전문가 취업 성공 하신 분들 있으시면 답글 꼭 남겨주세요ㅜㅜ 학원추천도 좋고 독학이면 온라인강의도 좋습니다.."" 에 대한 답변...",https://kin.naver.com/qna/detail.naver?d1id=1&dirId=111&docId=417657671&qb=7Jio65287J24IOqwleydmCDshLHqs7U=&enc=utf8,,0,2,3,2,3,False
온라인 강의 성공,강의,질문있습니다(취업),경기도 지식 캠퍼스(GSEEK) 온라인 강의 수료증 이력서에 교육이수 란에 적어도 되나요? 당연히 적어도 됩니다 자신감을 가지고 작성하여 성공취업 하세요 감사합니다,https://kin.naver.com/qna/detail.naver?d1id=4&dirId=406&docId=478571907&qb=7Jio65287J24IOqwleydmCDshLHqs7U=&enc=utf8,,0,2,3,2,3,False
온라인 강의 성공,강의,영어회화 공부관련,... 영어회화 온라인 강의를 통해서 공부를 진행하려고 하는데 어디 강의를 신청하는게 좋을지 모르겠습니다.... 말해볼 수 있는 프로그램인지 - 원어민에게 피드백 받을 수 있는 프로그램인지 질문자님의 영어회화공부 성공을 응원합니다!,https://kin.naver.com/qna/detail.naver?d1id=11&dirId=11080305&docId=484523866&qb=7Jio65287J24IOqwleydmCDshLHqs7U=&enc=utf8,,0,2,3,2,3,False
온라인 강의 성공,강의,"건축기사, 건축 공무원 응시자격",... 이수해야되는데 온라인 강의도있을까요? 건축 공무원 9급 시험이 한/영/국/건축계획/건축구조 과목 시험을... 이해되지 않으셨거나 궁금하신사항 생기시면 언제든 연락주시면 도와드리겠습니다. 질문자님의 성공을 응원하겠습니다!,https://kin.naver.com/qna/detail.naver?d1id=11&dirId=110311&docId=352776646&qb=7Jio65287J24IOqwleydmCDshLHqs7U=&enc=utf8,,0,2,3,4,1,False
온라인 강의 성공,강의,변리사 자격증 알아보고 있어요,... 변리사 학원이나 온라인 강의를 활용하면 보다 체계적으로 준비할 수 있습니다. 무엇보다 꾸준한 자기 관리와 스트레스 관리가 성공의 열쇠입니다. 궁금증이 조금이나마 해결되셨기를 바랍니다. 특허와 상표는 사업의 성패를 좌우할...,https://kin.naver.com/qna/detail.naver?d1id=7&dirId=707&docId=410436642&qb=7Jio65287J24IOqwleydmCDshLHqs7U=&enc=utf8,,0,2,3,2,3,False
온라인 강의 성공,강의,구미타블렛학원 어디 있나요?,... 구미타블렛학원 추천해주시면서 그학원에서 성공한 작품이나 학생들도 알려주시면 감사하겠습니다! 온라인 강의도 좋고 다녀봤는데 평가 좋은 학원도 좋고 제가 직업을 선택하고 후회하지 않게 만들 학원이면 좋을 것 같습니다...,https://kin.naver.com/qna/detail.naver?d1id=3&dirId=30510&docId=367582263&qb=7Jio65287J24IOqwleydmCDshLHqs7U=&enc=utf8,,0,2,3,2,3,False
온라인 강의 성공,강의,더 궁금한것이 있어 질문드립니다,... 편입에 성공할수 있었는건가요?? 제가 고3이라 이런정보가 아예 없네요 마지막으로 정리해보자면 대학을 다니면서 얻은학점 +학점은행제의 그 온라인 강의를 통해 취득한 학점으로 조건을 충족하고 그와 동시에 편입영어(toeic이랑은...,https://kin.naver.com/qna/detail.naver?d1id=11&dirId=110408&docId=340497149&qb=7Jio65287J24IOqwleydmCDshLHqs7U=&enc=utf8,,0,2,3,4,1,False
온라인 강의 성공,강의,국비지원 학원 vs 취업성공패키지 질문입니다.,... 『학위 취득 조건』 ◀ 전문학사 ▶ * 전공 45학점 이상 + 교양 15학점 이상 (총 80학점) ◀ 학사 ▶ * 전공 60학점 이상 + 교양 30학점 이상 (총 140학점) 『학점 취득 방법』 1) 평가인정 학습 (학점은행제 강의) --- 온라인/오프라인 수업...,https://kin.naver.com/qna/detail.naver?d1id=4&dirId=40612&docId=376467475&qb=7Jio65287J24IOqwleydmCDshLHqs7U=&enc=utf8,,0,2,3,2,3,False
온라인 강의 성공,강의,구미디지털드로잉학원이 있나요? 있으면 알려주세요,... 구미디지털드로잉학원 추천해주시면서 그학원에서 성공한 작품이나 학생들도 알려주시면 감사하겠습니다! 온라인 강의도 좋고 다녀봤는데 평가 좋은 학원도 좋고 제가 직업을 선택하고 후회하지 않게 만들 학원이면 좋을 것...,https://kin.naver.com/qna/detail.naver?d1id=1&dirId=10406&docId=368051311&qb=7Jio65287J24IOqwleydmCDshLHqs7U=&enc=utf8,,0,2,3,4,1,False
온라인 강의 성공,강의,중3인 학생입니다 인강 추천 해주세요!!,상황이 너무 힘들어서 공부로 성공해볼려고 합니다 중3 2학기 수학 영어 역사 사회 국어 인데 중3 2학기때는 어느 단원... ★ 나인스쿨 인강의 특징 나인스쿨은 초등학교부터 고등학교까지 전과목 전과정을 학습할수 있는 온라인강의...,https://kin.naver.com/qna/detail.naver?d1id=11&dirId=1103&docId=452405959&qb=7Jio65287J24IOqwleydmCDshLHqs7U=&enc=utf8,,0,2,3,2,3,False
온라인 강의 성공,강의,성인영어강의 어디껄 하는게 효과가 좋을까요?,... 온라인 영어강의를 찾고 계시는군요. 영어회화 관련 사이트가 워낙 다양해서 어떤 강의를 들어야 할지 고민되실... 실력 점검도 해보시길 추천드려요. 바쁜 일상이지만 꼭 맞는 강의 찾아서 꾸준한 영어 공부 성공하시길 응원하겠습니다!,https://kin.naver.com/qna/detail.naver?d1id=11&dirId=11080305&docId=457790500&qb=7Jio65287J24IOqwleydmCDshLHqs7U=&enc=utf8,,0,2,3,2,3,False
온라인 강의 성공,강의,경영학과관련 질문,"... 충분히 성공할 수 있습니다.** - **영어 강의가 부담스러울 수 있으나, 인서울 하위권 대학에서는 영어 강의... ** - **대학 진학 후 영어와 수학에 대한 부담이 크다면, 방과 후 튜터링이나 온라인 강의를 활용하여 보충하는 것이...",https://kin.naver.com/qna/detail.naver?d1id=4&dirId=40405&docId=485749238&qb=7Jio65287J24IOqwleydmCDshLHqs7U=&enc=utf8,,0,2,3,2,3,False
온라인 강의 성공,강의,학사편입 관련 질문,"... 경영학도의 꿈 또한 있어서 사범대 졸업 후 학사편입으로 인서울 경영학과를 가고 싶은데, 만일 편입 성공한 후... 높은 성적으로 빠르게 지원하면서 편입공부에만 집중하길 원하신다면 학점은행제 온라인 강의를 이용하는...",https://kin.naver.com/qna/detail.naver?d1id=11&dirId=1105&docId=461521396&qb=7Jio65287J24IOqwleydmCDshLHqs7U=&enc=utf8,,0,2,3,2,3,False
온라인 강의 성공,강의,"국제 경영, 경영 전공 기초 지식",... 비동일계이기도 하고 이쪽으로는 관련 지식이 하나도 없어서 면접을 대비하든 편입 성공 후의 학업을 대비하든... 국제 경영 관련 기초 서적과 온라인 강의를 추천드립니다. 경제와 회계 기본 개념부터 시작하면 도움이 될 겁니다.,https://kin.naver.com/qna/detail.naver?d1id=4&dirId=404&docId=477920311&qb=7Jio65287J24IOqwleydmCDshLHqs7U=&enc=utf8,,0,2,3,2,3,False
온라인 강의 성공,강의,국민취업지원제도 1유형 구직활동 질문,"... 학원에 가지 않고도 온라인 강의를 통해 취업에 필요한 지식과 기술을 습득하고, 입사지원을 통해 실제 취업... 응원하며, 국민취업지원제도의 혜택을 최대한 활용하여 취업에 성공하시길 바랍니다. 도움이 되셧다면, 채택부탁드립니다.",https://kin.naver.com/qna/detail.naver?d1id=4&dirId=40612&docId=454007253&qb=7Jio65287J24IOqwleydmCDshLHqs7U=&enc=utf8,,0,2,3,2,3,False
온라인 강의 성공,강의,캐나다 유학,"... 영어 강의나 공부 방법은 다양하게 제공되고 있으며, 온라인 강의, 어학원, 스터디 그룹 등을 활용하여 영어... 말할 수 있도록 노력해보세요. 더 궁금한 사항이 있으시면 언제든지 질문해주세요. 캐나다 유학에 성공하시길 바랍니다! .",https://kin.naver.com/qna/detail.naver?d1id=11&dirId=110602&docId=453029113&qb=7Jio65287J24IOqwleydmCDshLHqs7U=&enc=utf8,,0,2,3,4,1,False
온라인 강의 성공,강의,학점은행제로 4년제 편입 질문,... 4년제 편입에 성공하면 어느 대학이 됐든 3학년 1학기부터 다니는거고 즉 3월부터 신입생 생활 하는건가요? 3. 1번과... - 프리랜서 업무나 온라인 강의를 통해 일정한 수입을 유지하면서 공부하시는 분들도 많아요. 편입 준비 기간...,https://kin.naver.com/qna/detail.naver?d1id=11&dirId=110503&docId=475702979&qb=7Jio65287J24IOqwleydmCDshLHqs7U=&enc=utf8,,0,2,3,2,3,False
온라인 강의 성공,강의,게임 ui 디자이너 unity 초보,"... 취업 성공하신 직장인 분이시군요! 먼저, 취업 축하드립니다! UI디자인이나 다른 디자인 분야에 취업하셨어도... 온라인 강의 과정도 있으니 고민하신 부분에 도움 되었길 바래요~ 질문자님 좋은결과 있으시길 기원합니다!...",https://kin.naver.com/qna/detail.naver?d1id=1&dirId=10403&docId=466884326&qb=7Jio65287J24IOqwleydmCDshLHqs7U=&enc=utf8,,0,2,3,2,3,False
온라인 강의 성공,강의,고2 영상편집으로 디즈니 입사가 꿈이에요!!,"... 영상편집으로만 디즈니 입사에 성공할 수 있나요?? 아니라면 어떤 스팩이 더 필요한지 알려주세요!! 4. 입사를 하기... 또한, 대학 외에도 온라인 강의, 전문 학원, 워크샵 등을 통해 CG와 같은 기술들을 학습할 수도 있습니다. 자신의...",https://kin.naver.com/qna/detail.naver?d1id=3&dirId=3031003&docId=450720687&qb=7Jio65287J24IOqwleydmCDshLHqs7U=&enc=utf8,,0,2,3,2,3,False
온라인 강의 성공,강의,국취제 직업훈련 질문드립니다,... 같은 온라인 강의로 구직활동을 채울 수 있나요? 안녕하세요~! 한국직업능력교육원 안산입니다. IT관련 교육을... 한국직업능력교육원 안산에서는 훈련시작부터 취업지원을 체계적으로 진행하여 수료와 동시에 바로 구직에 성공할...,https://kin.naver.com/qna/detail.naver?d1id=4&dirId=40612&docId=469811936&qb=7Jio65287J24IOqwleydmCDshLHqs7U=&enc=utf8,,0,2,3,2,3,False
온라인 강의 성공,강의,"단기로 딸수있는 이력서용, 취업용 자격증 추천해주세요","... 4개월 성공을 위한 학습 전략 제안 (1개월 차) 기본기 다지기: 영어의 가장 기본이 되는 발음, 억양, 강세 훈련에... 스터디 그룹이나 온라인 강의를 활용하여 실전 감각을 익히는 것도 좋은 방법입니다. (4개월 차) 실전 모의고사 및...",https://kin.naver.com/qna/detail.naver?d1id=11&dirId=11080308&docId=489201638&qb=7Jio65287J24IOqwleydmCDshLHqs7U=&enc=utf8,,0,2,3,2,3,False
온라인 강의 성공,강의,직장인 내일배움카드 질문,"그냥 일밬 사무직3년차입니다 그전에 취업성공패키지 로 100프로로 학원다닌이력이 3번있고 취업성공은못한채... +) 한국인터넷교육에서는 ""시간""과 ""장소 및 지역""에 상관없이 [온라인 강의]로 근로자 대상 국비지원 교육을 실시하고...",https://kin.naver.com/qna/detail.naver?d1id=6&dirId=60804&docId=460730839&qb=7Jio65287J24IOqwleydmCDshLHqs7U=&enc=utf8,,0,2,3,2,3,False
온라인 강의 성공,강의,제가 편입에 성공해서 그 학교에 돈넣,제가 편입에 성공해서 그 학교에 돈넣었는데 그러면 학교이적이 완료된건가요? 안녕하세요~ 편입에 대하여 질문글을... 때 온라인강의가 주이기 때문에 공부를 하시면서 일을 하실 수 있습니다. 부담없이 학위취득 후 원하시는 대학에...,https://kin.naver.com/qna/detail.naver?d1id=11&dirId=110408&docId=321185313&qb=7Jio65287J24IOqwleydmCDshLHqs7U=&enc=utf8,,0,2,3,2,3,False
온라인 강의 성공,강의,퍼스널컬러 자격증 질문,"... 퍼스널컬러컨설턴트 취득방법 >>교육원에서 진행되고 있는 온라인 강의 20강 이수 -> 한강의 당 시간은 약 20... 단, 자격증 발급비용은 100,000원 입니다! 답변이 도움이 되길 바라며 독서지도사 취득 성공하시길 바라겠습니다!",https://kin.naver.com/qna/detail.naver?d1id=4&dirId=40604&docId=422061758&qb=7Jio65287J24IOqwleydmCDshLHqs7U=&enc=utf8,,0,2,3,2,3,False
온라인 강의 성공,강의,사회복지사평생교육원추천 도와주실선생님? ^^,... 사회복지사의 경우에는 총 17개 필수 교과목 이수와 2년제 학위만 있으시면 됩니다 온라인 강의 16개와 실습... 간단하게 강의만 이수하시면 되니까요 조금이나마 도움이 되셨길 바라며 자격증 취득 꼭 성공하시길 바랍니다!,https://kin.naver.com/qna/detail.naver?d1id=11&dirId=110408&docId=338409617&qb=7Jio65287J24IOqwleydmCDshLHqs7U=&enc=utf8,,0,2,3,2,3,False
온라인 강의 성공,강의,공무원이 되고 싶어요.,"... 실제로 많은 공무원분들이 다음 경로로 학위 취득하세요: 학점은행제: 온라인 강의 + 자격증 + 독학사 등으로 학위... 그리고 혹시 ‘성공하는 사람들의 공통점’이 뭘까 궁금했다면, 아래 글을 한 번 꼭 읽어보세요. 공무원 시험뿐...",https://kin.naver.com/qna/detail.naver?d1id=20&dirId=2001&docId=489027720&qb=7Jio65287J24IOqwleydmCDshLHqs7U=&enc=utf8,,0,2,3,2,3,False
온라인 강의 성공,강의,치기공학과 관련 질문!!!,"... 필수 과목을 이수하지 못한 경우에는 해당 과목을 독학하거나 온라인 강의, 학원 등을 통해 이수할 수 있어요. 또... 문과 출신이라도 자신감을 가지고 도전한다면 충분히 성공할 수 있어요. 진학을 위해 가장 중요한 것은...",https://kin.naver.com/qna/detail.naver?d1id=11&dirId=11050403&docId=482439985&qb=7Jio65287J24IOqwleydmCDshLHqs7U=&enc=utf8,,0,2,3,2,3,False
온라인 강의 성공,강의,IT국비지원 하려고 하는데 질문있어요!,... 비대면 온라인 강의도 있을까요? ▶ 안녕하세요! 국가 정식 인가받은 교육원 누리사이버교육원 학습설계팀 허광민... 취업 과정을 진행하실 때 내일배움카드를 통해 취업성공패키지 과정을 통해서 IT계열 부분에 대한 베이스가 없다고...,https://kin.naver.com/qna/detail.naver?d1id=11&dirId=110704&docId=422612308&qb=7Jio65287J24IOqwleydmCDshLHqs7U=&enc=utf8,,0,2,3,2,3,False
온라인 강의 성공,강의,학점은행제와 독학사 연계 질문,"... 만약 취득에 성공하여 4/4분기 학점인정기간에 인정신청할 경우, 독학사 서류검증 마감인 10/15까지 전산 처리가... 지금 상태에선 온라인 강의를 이수하는 방법만 있습니다. 자격증은 최대로 인정받으신 상황이고 독학사는...",https://kin.naver.com/qna/detail.naver?d1id=11&dirId=110703&docId=453353552&qb=7Jio65287J24IOqwleydmCDshLHqs7U=&enc=utf8,,0,2,3,2,3,False
온라인 강의 성공,강의,생윤 강사 추천..,... * **온라인 강의 활용:** 시간과 장소에 제약 없이 학습할 수 있습니다. * **스터디 참여:** 서로 질문하고 답하며 이해도를 높일 수 있습니다. **4. 성공적인 생윤 학습을 응원합니다!** **5. 추가 격려** * **목표를 설정하세요.** 목표 점수를...,https://kin.naver.com/qna/detail.naver?d1id=11&dirId=110402&docId=467134327&qb=7Jio65287J24IOqwleydmCDshLHqs7U=&enc=utf8,,0,2,3,4,1,False
온라인 강의 성공,강의,영상편집 배워보고 싶은데 추천 부탁드립니다,오프라인 학원 말고 온라인 강의 같은 걸로 배우고 싶은데 괜찮을까요? 질은 높을 수록 좋긴 하겠지만 우선은 기초적인... 저같은 경우는 집 근처 학원에서 기초를 다진 후에 저만의 포트폴리오를 만들어 취업에 성공한 케이스입니다....,https://kin.naver.com/qna/detail.naver?d1id=3&dirId=3031003&docId=432626332&qb=7Jio65287J24IOqwleydmCDshLHqs7U=&enc=utf8,,0,2,3,2,3,False
온라인 강의 성공,강의,사서 공무원,... 현재 직장을 다니고 있는데 야간대학이나 사이버대학(온라인 강의) 등 직장인 맞춤 준비 과정 으로 알려주시면... 이해되지 않으셨거나 궁금하신사항 생기시면 언제든 연락주시면 도와드리겠습니다. 질문자님의 성공을 응원하겠습니다!,https://kin.naver.com/qna/detail.naver?d1id=4&dirId=40601&docId=353169333&qb=7Jio65287J24IOqwleydmCDshLHqs7U=&enc=utf8,,0,2,3,4,1,False
온라인 강의 성공,강의,전문대 편입,... 2번 질문대로 3년제 졸업 후 편입 성공하면 몇학년부터 다니는건가요? .안녕하세요（*＾-＾*） 1. 학점은행제가... 학점은행제는 교육부에서 주관하는 교육제도로써 일반 대학과정을 온라인 강의로 옮긴 제도 입니다 고등학교...,https://kin.naver.com/qna/detail.naver?d1id=11&dirId=110408&docId=445837498&qb=7Jio65287J24IOqwleydmCDshLHqs7U=&enc=utf8,,0,2,3,2,3,False
온라인 강의 성공,강의,학점은행제 편입 질문,... 학점은행제로 편입에 성공하면 대학생활 몇 년을 더 해야하나요? (●접속중) 안녕하세요 김승원 담당자입니다.... 실내디자인 전공은 오프라인 수업도 있고 온라인 강의가 많이 개설되어 있지 않아 전공 자격증도 취득을 하셔야...,https://kin.naver.com/qna/detail.naver?d1id=11&dirId=110703&docId=447632685&qb=7Jio65287J24IOqwleydmCDshLHqs7U=&enc=utf8,,0,2,3,2,3,False
온라인 강의 성공,강의,엇복학 후 편입,... 이렇게 되면 편입에 실패하든 성공하든 차후의 학기가 되게 꼬일 것 같아서 질문드립니다 1. 2020년도 1학기 때... 있지만 온라인 강의의 한계라 할 수 있는 전공 지식 취득 수준의 질적 저하를 비롯 오로지 혼자서 자격증 취득부터...,https://kin.naver.com/qna/detail.naver?d1id=11&dirId=110503&docId=343808708&qb=7Jio65287J24IOqwleydmCDshLHqs7U=&enc=utf8,,0,2,3,2,3,False
온라인 강의 성공,강의,중앙대 생명과학과 편입 질문,"... 또한, 생명과학을 더 세분화시키고자 한다면 온라인 강의나 자료들을 활용하는 것도 좋은 방법입니다. 각종 온라인... 편입에 성공하시기를 응원합니다! 교복몰에 들어가보시면 교복에 대한 모든정보와 반값교복/ 국내 최대...",https://kin.naver.com/qna/detail.naver?d1id=11&dirId=11050403&docId=463744728&qb=7Jio65287J24IOqwleydmCDshLHqs7U=&enc=utf8,,0,2,3,2,3,False
온라인 강의 성공,강의,중학생 국어 공부 관한 질문!!,"... EBS 사이트 외에도 다양한 온라인 강의 사이트와 교재를 살펴보시고, 필요한 자료를 찾아 공부하시길 바랍니다. 열심히 공부하시면 한국어 실력을 향상시킬 수 있을 거예요. 성공을 기원합니다! 위 내용으로는 참고용으로 부탁드리며...",https://kin.naver.com/qna/detail.naver?d1id=11&dirId=11080106&docId=463223487&qb=7Jio65287J24IOqwleydmCDshLHqs7U=&enc=utf8,,0,2,3,2,3,False
온라인 강의 성공,강의,인스타 아카데미 실제리뷰 !,... 저는 이제 앞으로 성공을 해보려고 합니다 여러분도 따라 오시죠 ! 인스타 아카데미에 대해 궁금하셨군요! 인스타 아카데미는 온라인 강의 플랫폼으로 인스타그램을 활용한 마케팅 방법을 교육하는 서비스예요. 해당 서비스에 대한...,https://kin.naver.com/qna/detail.naver?d1id=11&dirId=110811&docId=482658761&qb=7Jio65287J24IOqwleydmCDshLHqs7U=&enc=utf8,,0,2,3,2,3,False
온라인 강의 성공,강의,보육교사 자격증 독학으로 가능할까요?,... 개인이 온라인 강의듣고 시험보고 대면찾아서 듣고 할수는 없는건가요? 광고나 복붙 글이 아닙니다. 안녕하세요... 않으셨거나 궁금하신사항 생기시면 언제든 연락주시면 도와드리겠습니다. 질문자님의 성공을 응원하겠습니다!,https://kin.naver.com/qna/detail.naver?d1id=11&dirId=110103&docId=360460198&qb=7Jio65287J24IOqwleydmCDshLHqs7U=&enc=utf8,,0,2,3,4,1,False
온라인 강의 성공,강의,영상 편집 및 특수효과 하는 방법 질문 있습니다,... 지역은 청주고 온라인 강의도 좋아요 안녕하세요~ 전직 영상편집자이며 프리랜서로 활동하고 있는... 저같은 경우는 집 근처 학원에서 기초를 다진 후에 저만의 포트폴리오를 만들어 취업에 성공한 케이스입니다. 질문자님도...,https://kin.naver.com/qna/detail.naver?d1id=3&dirId=3031003&docId=473795629&qb=7Jio65287J24IOqwleydmCDshLHqs7U=&enc=utf8,,0,2,3,2,3,False
온라인 강의 성공,강의,취준생] 영어 기초&토익 800점이상 목표,"... 강의 및 교재 추천: - 영어 기초 강의를 찾을 때는 온라인 강의 플랫폼이나 유명 출판사의 교재를 살펴보시는 것이... 활용하고, 영어 회화 능력과 토익 점수를 향상시킬 수 있을 것입니다. 저는 여러분의 성공을 응원합니다! 힘내세요!",https://kin.naver.com/qna/detail.naver?d1id=11&dirId=11080308&docId=451072462&qb=7Jio65287J24IOqwleydmCDshLHqs7U=&enc=utf8,,0,2,3,2,3,False
온라인 강의 성공,강의,3d 모델러,"... 그래서 시간에 구애받지 않는 온라인 강의나 관련 책들을 추천해주세요. 2. 또 맥스,마야,지브러쉬를 더 저렴하게... 저도 전문학원을 통해 빠르게 포트폴리오를 만들어 취업까지 성공한 케이스거든요 ㅎㅎ 가장 중요한 교육과정이나...",https://kin.naver.com/qna/detail.naver?d1id=1&dirId=1020303&docId=369923879&qb=7Jio65287J24IOqwleydmCDshLHqs7U=&enc=utf8,,0,2,3,2,3,False
온라인 강의 성공,강의,편입 성공 했을 경우 전적대는 자퇴하,편입 성공 했을 경우 전적대는 자퇴하고 편입 대학에 입학하는건가요? 시스템 좀 알려주세요 ㅠㅠ 상단의 네임카드... 독학사 온라인강의 등 굉장히 다양합니다. 그렇기 때문에 현재 작성자분의 조건에 적합한 방향으로 학위취득 방법을...,https://kin.naver.com/qna/detail.naver?d1id=11&dirId=110501&docId=306253602&qb=7Jio65287J24IOqwleydmCDshLHqs7U=&enc=utf8,,0,2,3,2,3,False
온라인 강의 성공,강의,"학점은행제,독학사에 대해서 질문","... 시간제수업(온라인 강의)가 있잖아요 이건 제가 대학 복학하면 학교 다니면서도 할수 있나요? 2.제가 전문대... ※ 성공 또는 어떤일을 할때 가장중요한 세가지!!! "" 확고한 목표, 적절한 방법, 성실한 실천 "" 이상 체대편입의 멘토...",https://kin.naver.com/qna/detail.naver?d1id=11&dirId=1107&docId=148034908&qb=7Jio65287J24IOqwleydmCDshLHqs7U=&enc=utf8,,0,2,3,2,3,False
온라인 강의 성공,강의,학점은행제 질문,... 이런식으로 진행해야 성공할 확률이 높아진다고 생각합니다! ▶물론 학점은행제를 담당자랑 함께 할 경우 온라인 강의는 수업을 듣지 않고도 높은 성적을 받을 수 있기 때문에 병행은 가능하다고 말씀드린겁니다!! 혼자하실 경우에는...,https://kin.naver.com/qna/detail.naver?d1id=11&dirId=110503&docId=485728180&qb=7Jio65287J24IOqwleydmCDshLHqs7U=&enc=utf8,,0,2,3,2,3,False
온라인 강의 성공,강의,취업지원성공패키지로 자격증 질문여~,... 사회복지사2급 자격증은 온라인강의와 실습을 통해 특별한 시험없이 취득이 가능한 국가 자격증입니다. 현재 교육원에서 근무하고 있으며 사회복지사2급 자격증 취득 원하시는분들을 도와드리고 있습니다. 사회복지사2급 자격증에...,https://kin.naver.com/qna/detail.naver?d1id=11&dirId=110704&docId=264037446&qb=7Jio65287J24IOqwleydmCDshLHqs7U=&enc=utf8,,0,2,3,2,3,False
온라인 강의 성공,강의,남들이 부러워 하게 사는 법,"... 독서, 온라인 강의, 워크숍 등을 통해 새로운 지식과 기술을 배우는 것이 중요해요. 성공한 사람들의 습관을 배우고, 이를 실천하면 자연스럽게 부러움을 살 수 있어요. 추천 도서로는 ""성공하는 사람들의 7가지 습관""이 있어요. ### 3....",https://kin.naver.com/qna/detail.naver?d1id=3&dirId=31506&docId=483128723&qb=7Jio65287J24IOqwleydmCDshLHqs7U=&enc=utf8,,0,2,3,2,3,False
온라인 강의 성공,강의,"애견미용 취업, 학원 질문","... 일부 학원에서는 3급 자격증을 3개월 만에 딸 수 있는 과정도 제공하고 있고, 온라인 강의와 주말 실습으로... 졸업생들의 취업 및 창업 성공 사례도 많아서 신뢰할 만한 학원으로 평가받고 있어요. 새로운 분야에 도전하는 게 쉽지...",https://kin.naver.com/qna/detail.naver?d1id=8&dirId=80306&docId=486847207&qb=7Jio65287J24IOqwleydmCDshLHqs7U=&enc=utf8,,0,2,3,2,3,False
온라인 강의 성공,강의,화이트 해커에 대하여 질문이 있습니다,... 국내에서 성공하기 힘들다해서 해외로 나갈 생각도 하고 있는데요 일본과 미국 두 나라 중 어디가 좋을까요? 4.... KG에듀원 온라인강의사이트 하나을 소개해드리겠습니다. 질문자님의 정보들이 부족해 자세히 말씀못드점 죄송하고...,https://kin.naver.com/qna/detail.naver?d1id=4&dirId=40608&docId=349726973&qb=7Jio65287J24IOqwleydmCDshLHqs7U=&enc=utf8,,0,2,3,2,3,False
온라인 강의 성공,강의,웹소설 출판소설?,"... 이외에 웹소설 온라인 강의에서는 웹소설이란 무엇인가라는 질문부터 시작해 시놉시스 쓰는 법, 장르에 대한 이해... 두 가지 방식 모두 작가로서 성공할 수 있는 기회를 제공하므로, 질문자님께서는 자신의 작품과 목표에 맞는 방식을...",https://kin.naver.com/qna/detail.naver?d1id=3&dirId=30701&docId=479910772&qb=7Jio65287J24IOqwleydmCDshLHqs7U=&enc=utf8,,0,2,3,2,3,False
온라인 강의 성공,강의,편입관련해서 질문드립니다,"... 학점은행제의 가장 큰 장점 중 하나는 온라인 강의를 통해 100% 이수 가능하다는 점이에요. 즉, 학교에 출석하지... 따라서 어떤 과목에 집중해야 할지 계획을 세워 전문적인 도움이나 강의를 통해 준비하면 성공률을 높일 수 있어요....",https://kin.naver.com/qna/detail.naver?d1id=11&dirId=110503&docId=485119835&qb=7Jio65287J24IOqwleydmCDshLHqs7U=&enc=utf8,,0,2,3,2,3,False
온라인 강의 성공,강의,5등급제에서 간호학과 선택 과목 뭐가 좋나요?,"... 취업 성공 사례 임상(병원)간호사, 간호직/보건직 공무원, 보험심사간호사, 보건교사, 사례관리자, 간호장교... 수업, 온라인 강의를 통한 다양한 자격증 취득 ✅학과별 우수 활동 교사자격 취득 교직과정 개설 2014 대학특성화 사업...",https://kin.naver.com/qna/detail.naver?d1id=11&dirId=110408&docId=484634469&qb=7Jio65287J24IOqwleydmCDshLHqs7U=&enc=utf8,,0,2,3,2,3,False
온라인 강의 성공,강의,춤 독학으로 배우는 방법 좀 알려주세요,... 그래서 저도 한번 해볼려고 하니간 잘 안돼고 춤선이 정말 마음에 안 들어서 그런데 춤 독학으로 잘 추고 성공하는... 춤을 배울 수 있는 온라인 강의나 유투브 영상을 찾아봅니다. 최근에는 춤을 가르치는 온라인 강의나 동영상...,https://kin.naver.com/qna/detail.naver?d1id=11&dirId=110103&docId=442285560&qb=7Jio65287J24IOqwleydmCDshLHqs7U=&enc=utf8,,0,2,3,2,3,False
온라인 강의 성공,강의,학점은행제 의대..,"... 04.방통대와 학점은행제의 장단점과 차이점이 궁금합니다 05.성공사례가있나요? 안녕하세요. 야물딱진... 방법으로는 평가인정 학습과정(흔히 말하는 온라인 강의), 전적대, 자격증, 독학사 등이 있습니다. 또한, 학위취득 시엔...",https://kin.naver.com/qna/detail.naver?d1id=11&dirId=110703&docId=339788763&qb=7Jio65287J24IOqwleydmCDshLHqs7U=&enc=utf8,,0,2,3,2,3,False
온라인 강의 성공,강의,미대 입시 망했는데,... - 온라인 강의를 들으며 독학을 해보세요. - 커뮤니티 활동을 하며 정보를 공유해보세요. 실패는 성공의 어머니라는 말이 있어요. 이번 실패를 계기로 질문자님께서는 더욱 성장하실 수 있을 거예요. 저는 질문자님이 언제나 밝고...,https://kin.naver.com/qna/detail.naver?d1id=3&dirId=30406&docId=477678048&qb=7Jio65287J24IOqwleydmCDshLHqs7U=&enc=utf8,,0,2,3,2,3,False
온라인 강의 성공,강의,현재고2고 성적이 낮아서 일본 대학에에대질문드립니다.,"... 온라인 강의(예: JPT, JEES 공식 자료)도 활용 가능합니다. 4. **시간 관리 팁** - **주중**: 학교 수업 후 2~3시간 EJU... 추가로 궁금한 점은 언제든 질문해주세요! 일본 유학 성공을 응원합니다. 채택 부탁드립니다.",https://kin.naver.com/qna/detail.naver?d1id=11&dirId=110602&docId=483634330&qb=7Jio65287J24IOqwleydmCDshLHqs7U=&enc=utf8,,0,2,3,4,1,False
온라인 강의 성공,강의,내신 3~4등급으로 갈 수 있는 간호학과 알려주세요,"... 취업 성공 사례 임상(병원)간호사, 간호직/보건직 공무원, 보험심사간호사, 보건교사, 사례관리자, 간호장교... 수업, 온라인 강의를 통한 다양한 자격증 취득 ✅학과별 우수 활동 교사자격 취득 교직과정 개설 2014 대학특성화...",https://kin.naver.com/qna/detail.naver?d1id=11&dirId=110408&docId=482770057&qb=7Jio65287J24IOqwleydmCDshLHqs7U=&enc=utf8,,0,2,3,2,3,False
온라인 강의 성공,강의,"학점은행제 수의대,미대 학사편입 궁금합니다","... 4,학점은행제 담당자분들중 (다른분들도 아시는분있으시면 부탁드립니다) 수의대 편입 성공 사례를 보신적이... #네 온라인 강의로 진행이 되는거기 때문에, 충분히 일을 하시면서도 과정진행이 가능합니다 4,학점은행제 담당자분들중...",https://kin.naver.com/qna/detail.naver?d1id=3&dirId=31303&docId=381690373&qb=7Jio65287J24IOqwleydmCDshLHqs7U=&enc=utf8,,0,2,3,2,3,False
온라인 강의 성공,강의,"답변해주셔서 고맙습니다, 다시 한번더 질문드려요","... 사람이 성공하고,실패하는지에 대한 지극히 답변자님의 생각을 허심탄회하게 애기해 주실수 있으신가요?(마치... 언제 무슨날에 무슨 자격증 시험이 있고 그걸 어떻게 공부해야하고 그런건 온라인 강의가 알려주지 않아요. 근데...",https://kin.naver.com/qna/detail.naver?d1id=11&dirId=110408&docId=340620323&qb=7Jio65287J24IOqwleydmCDshLHqs7U=&enc=utf8,,0,2,3,2,3,False
배달 부업 성공,배달,새벽에 우유배달 대신할 좋은 부업 찾아요~,새벽에 우유배달하고 있는데 추워서 못하겟어요 다른 부업 할만한거 추천 좀 ~ 아고 새벽에 너무 힘드시겠어요... 이건 정말 포기하지만 않으면 무조건 성공하는 사업이라는 걸 절실히 체감하고 있는 요즘입니다. 전세계는 지금 정말...,https://kin.naver.com/qna/detail.naver?d1id=8&dirId=8020303&docId=406671118&qb=67Cw64usIOu2gOyXhSDshLHqs7U=&enc=utf8,,0,4,3,4,3,False
배달 부업 성공,배달,법흥리.....부업거리좀부탁해요,... 쉽게할수있고..배달해줄주있는부업부탁드려요..꼭좀..부업아시는분있음..알려주세요 질문자님 안녕하세요... 그러나 성공하기 위해서는 단순히 노력만 가지고는 안되겠죠. 똑같은 일을 하더라도 최대한 효율적으로 해야 하구요. 다른...,https://kin.naver.com/qna/detail.naver?d1id=8&dirId=810&docId=273236990&qb=67Cw64usIOu2gOyXhSDshLHqs7U=&enc=utf8,,0,4,3,4,3,False
배달 부업 성공,배달,작동 손부업,작동 에서 혼자 할수있는 부업 좀 알려주세요 배달 되는걸로 아시는분 좀 알려주세요 질문자님 안녕하세요. 소득대비... 그러나 성공하기 위해서는 단순히 노력만 가지고는 안되겠죠. 똑같은 일을 하더라도 최대한 효율적으로 해야...,https://kin.naver.com/qna/detail.naver?d1id=4&dirId=40611&docId=273910380&qb=67Cw64usIOu2gOyXhSDshLHqs7U=&enc=utf8,,0,4,3,4,3,False
배달 부업 성공,배달,쿠팡 배달알바 하는방법 질문드립니다.,동네에서 부업으로 쿠팡이츠 알바를 하고싶은데 궁금한점들이 있습니다. 1.... 그렇다면 오토바이를 구매 후 일반보험을 들고 바로 배달을 진행해도 되는... 누구나 쉽게 따라할 수 있는 ◎특별한 시스템◎을 가지고 있기 때문에 성공확률...,https://kin.naver.com/qna/detail.naver?d1id=5&dirId=50404&docId=417203107&qb=67Cw64usIOu2gOyXhSDshLHqs7U=&enc=utf8,,0,4,3,4,3,False
배달 부업 성공,배달,자영업 추천,"... 초기 비용은 조금 들지만, 운영이 쉬워서 부업으로도 가능합니다! 장점... 따라 성공 여부가 달라집니다! 본인의 상황에 맞게 무자본 온라인 창업부터 배달 창업, 무인 매장까지 고려해보세요. 혹시 더 궁금하신 점 있으면 질문...",https://kin.naver.com/qna/detail.naver?d1id=4&dirId=40702&docId=482521916&qb=67Cw64usIOu2gOyXhSDshLHqs7U=&enc=utf8,,0,4,3,6,1,False
배달 부업 성공,배달,배민커넥트 질문이요 80,"... 켜봤는데, 배달이 하나도 없더라구요. 서대문구는 배달 많던데, 동대문구는... 제가 지금 막 시작한 부업인데 소득이 꽤 높아서 한번 추천드려봐요! 제... 지금 내가 망설이는 순간에도 다른 누군가는 이 일을 선택하고 성공의 길로...",https://kin.naver.com/qna/detail.naver?d1id=4&dirId=40611&docId=392860019&qb=67Cw64usIOu2gOyXhSDshLHqs7U=&enc=utf8,,0,4,3,4,3,False
배달 부업 성공,배달,"짱구는 못말려 14,15기 제목들 좀 써주세요~",... 피자 배달 짱구는 못말려 1기 31화 2편 햄스터 소동 짱구는 못말려 1기 31화 3편 유치원 소풍 짱구는 못말려 1기... 짱구는 못말려 3기 38화 2편 배달사명을 완수해요! 짱구는 못말려 3기 38화 3편 아빠의 꿈은 황당해! 짱구는...,https://kin.naver.com/qna/detail.naver?d1id=3&dirId=30404&docId=251524795&qb=67Cw64usIOu2gOyXhSDshLHqs7U=&enc=utf8,,0,2,0,0,2,False
배달 부업 성공,배달,짱구는 못말려,... 피자 배달 짱구는 못말려 1기 31화 2편 햄스터 소동 짱구는 못말려 1기 31화 3편 유치원 소풍 짱구는 못말려 1기... 짱구는 못말려 3기 38화 2편 배달사명을 완수해요! 짱구는 못말려 3기 38화 3편 아빠의 꿈은 황당해! 짱구는...,https://kin.naver.com/qna/detail.naver?d1id=3&dirId=30404&docId=267546128&qb=67Cw64usIOu2gOyXhSDshLHqs7U=&enc=utf8,,0,2,0,0,2,False
배달 부업 성공,배달,짱구는 못말려,... 피자 배달 짱구는 못말려 1기 31화 2편 햄스터 소동 짱구는 못말려 1기 31화 3편 유치원 소풍 짱구는 못말려 1기... 짱구는 못말려 3기 38화 2편 배달사명을 완수해요! 짱구는 못말려 3기 38화 3편 아빠의 꿈은 황당해! 짱구는...,https://kin.naver.com/qna/detail.naver?d1id=13&dirId=130405&docId=286981559&qb=67Cw64usIOu2gOyXhSDshLHqs7U=&enc=utf8,,0,2,0,0,2,False
배달 부업 성공,배달,저중1인데요 어머니가 한달동안 자기가...,근데 컴터로 하는것은 사절이구요 부업은감사 제발알려주세요 중학교 1학년생이시면 어디 알바... 한달내내 열심히 돌려야 할겁니다. 아니면... 신문배달같은거 구해보세요. 뭘 인정 받으려고 그러시는지 궁금하네요. 그럼 성공하시귈...,https://kin.naver.com/qna/detail.naver?d1id=12&dirId=12013302&docId=20324678&qb=67Cw64usIOu2gOyXhSDshLHqs7U=&enc=utf8,,0,4,3,4,3,False
배달 부업 성공,배달,(중학생 돈벌이) 전단지 알바에 대한 질문 몇가지..,... 겜하시면서 조금만 관리하시면 되는 부업같은 알바랍니다.. 끝까지... 기회를 잡는자는 성공합니다. 제가 두달만에 340만원을 모은... 자기집으로 배달됩니다. ☞추천 받는 방법은 소속된 주소의 맨 마지막 부분을 님의...,https://kin.naver.com/qna/detail.naver?d1id=4&dirId=40611&docId=34751318&qb=67Cw64usIOu2gOyXhSDshLHqs7U=&enc=utf8,,0,4,3,4,3,False
배달 부업 성공,배달,짱구는 못말려 제목,... 피자 배달 짱구는 못말려 1기 31화 2편 햄스터 소동 짱구는 못말려 1기 31화 3편 유치원 소풍 짱구는 못말려 1기... 짱구는 못말려 3기 38화 2편 배달사명을 완수해요! 짱구는 못말려 3기 38화 3편 아빠의 꿈은 황당해! 짱구는...,https://kin.naver.com/qna/detail.naver?d1id=3&dirId=30404&docId=319592294&qb=67Cw64usIOu2gOyXhSDshLHqs7U=&enc=utf8,,0,2,0,0,2,False
배달 부업 성공,배달,짱구는못말려1기부터13기까지 제목다가르켜주세요..ㅠㅠ,"... 31-1 ""피자배달"" 1993년 3월 15일 대한민국 내 방영 : 1999년 10월 12일 42-1 31-2 ""햄스터 소동"" 1993년 3월 15일 대한민국 내 방영 : 1999년 10월 12일 42-2 31-3 ""유치원 소풍"" 1993년 5월 10일 대한민국 내 방영 : 1999년...",https://kin.naver.com/qna/detail.naver?d1id=3&dirId=30404&docId=198843804&qb=67Cw64usIOu2gOyXhSDshLHqs7U=&enc=utf8,,0,2,0,0,2,False
콘텐츠 부업 성공,기타,전문대 자퇴후 수리 논술,... 왜냐하면 우리 인간의 dna 는 성공에 최적화되어 있지 않기 때문입니다. 진화심리학에 의하면 (저는 개인적으로 안 믿긴 하지만 그래도 과학연구라고 하니 들어나봅시다.) 과거 인간은 사냥하고 돌아다녔죠. 그 사냥하던 유전자가...,https://kin.naver.com/qna/detail.naver?d1id=11&dirId=110408&docId=493051240&qb=7L2Y7YWQ7LigIOu2gOyXhSDshLHqs7U=&enc=utf8,,0,0,3,0,3,False
콘텐츠 부업 성공,기타,연세대학교 가고싶어요,... 왜냐하면 우리 인간의 dna 는 성공에 최적화되어 있지 않기 때문입니다. 진화심리학에 의하면 (저는 개인적으로 안 믿긴 하지만 그래도 과학연구라고 하니 들어나봅시다.) 과거 인간은 사냥하고 돌아다녔죠. 그 사냥하던 유전자가...,https://kin.naver.com/qna/detail.naver?d1id=11&dirId=11050401&docId=493077449&qb=7L2Y7YWQ7LigIOu2gOyXhSDshLHqs7U=&enc=utf8,,0,0,3,0,3,False
콘텐츠 부업 성공,기타,고3 미래 걱정,... 해도 성공하기도 쉽지 않고… 그리고 일단 대학에 간다... 살아야만 성공할 수 있다. 본인 친구 중에 고등학교때... 벌고싶다거나 성공다고싶다거나 대단한 사람이... 왜냐하면 우리 인간의 dna 는 성공에 최적화되어 있지 않기...,https://kin.naver.com/qna/detail.naver?d1id=11&dirId=110408&docId=491708302&qb=7L2Y7YWQ7LigIOu2gOyXhSDshLHqs7U=&enc=utf8,,0,0,3,0,3,False
콘텐츠 부업 성공,기타,22살에 대학교 들어가면 많이 늦은 건가요,... 왜냐하면 우리 인간의 dna 는 성공에 최적화되어 있지 않기 때문입니다. 진화심리학에 의하면 (저는 개인적으로 안 믿긴 하지만 그래도 과학연구라고 하니 들어나봅시다.) 과거 인간은 사냥하고 돌아다녔죠. 그 사냥하던 유전자가...,https://kin.naver.com/qna/detail.naver?d1id=11&dirId=1121&docId=491878385&qb=7L2Y7YWQ7LigIOu2gOyXhSDshLHqs7U=&enc=utf8,,0,0,3,0,3,False
콘텐츠 부업 성공,기타,공부법!!!알려주세요!!ㅠㅠ,... 왜냐하면 우리 인간의 dna 는 성공에 최적화되어 있지 않기 때문입니다. 진화심리학에 의하면 (저는 개인적으로 안 믿긴 하지만 그래도 과학연구라고 하니 들어나봅시다.) 과거 인간은 사냥하고 돌아다녔죠. 그 사냥하던 유전자가...,https://kin.naver.com/qna/detail.naver?d1id=11&dirId=11080106&docId=491876916&qb=7L2Y7YWQ7LigIOu2gOyXhSDshLHqs7U=&enc=utf8,,0,0,3,2,1,False
콘텐츠 부업 성공,콘텐츠,캐나다유학,... 나중에 인공지능 콘텐츠 만들기가 많아지면 돈 벌 기회 줄어듭니다. 수억 버는 부업을 따로 하고 자기가 좋아하는 분야를 따로 여유롭게 취미로 해보세요. 자신의 흥미가 직업이 아닌 돈과 자신의 흥미가 분리된 삶도 살아보세요....,https://kin.naver.com/qna/detail.naver?d1id=11&dirId=110601&docId=486643897&qb=7L2Y7YWQ7LigIOu2gOyXhSDshLHqs7U=&enc=utf8,,0,4,0,0,4,False
콘텐츠 부업 성공,콘텐츠,아이비리그를 꿈 꿔도 되는 걸까요,... 나중에 인공지능 콘텐츠 만들기가 많아지면 돈 벌 기회 줄어듭니다. 수억 버는 부업을 따로 하고 자기가 좋아하는 분야를 따로 여유롭게 취미로 해보세요. 자신의 흥미가 직업이 아닌 돈과 자신의 흥미가 분리된 삶도 살아보세요....,https://kin.naver.com/qna/detail.naver?d1id=11&dirId=1106&docId=486108241&qb=7L2Y7YWQ7LigIOu2gOyXhSDshLHqs7U=&enc=utf8,,0,4,0,0,4,False
콘텐츠 부업 성공,콘텐츠,2011년4월중앙모의고사1학년꺼답지좀주세요ㅜㅜ,"... 남：사실, 위쪽 부분은 그림들로 채워져 있는데 그것 들은 콘텐츠를 나타내고 있어. 여：음, 멋지다! 그럼 제목은 어디에 있니? 남：그것은 표지의 가운데에 있어. 여：괜찮구나. 그게...",https://kin.naver.com/qna/detail.naver?d1id=11&dirId=110406&docId=241998528&qb=7L2Y7YWQ7LigIOu2gOyXhSDshLHqs7U=&enc=utf8,,0,2,0,0,2,False
부업 월 100만원,스마트스토어,"간이 사업자인데요, 월매출 100만원 정도인데 수익은 20","다음달 종소세, 제가 부업으로 쇼핑몰을 하고 있는 간이 사업자인데요, 월매출 100만원 정도인데 수익은 20만원 남짓인데 소득세 많이 낼까요? 그리고 도매 거래처에 월 80만원 정도 도매를 해오는데 그쪽이 거래명세서가 없다고 한번도...",https://kin.naver.com/qna/detail.naver?d1id=4&dirId=40301&docId=387547446&qb=67aA7JeFIOyblCAxMDDrp4zsm5A=&enc=utf8,,0,8,0,0,8,False
부업 월 100만원,기타,가정부업 건강보험료 최소 소득?,"가정부업으로 월100만원 정도 벌도 있어요 거래처 사장님이 주민번호 등록해야 원천징수 소득 환급받을수 있다... 소득이 들어나면 건강보험,국민연금 부담이 장난부담아닌데 가정부업자는 월 최소소득 월마 되야 건강보험...",https://kin.naver.com/qna/detail.naver?d1id=4&dirId=401030202&docId=437162363&qb=67aA7JeFIOyblCAxMDDrp4zsm5A=&enc=utf8,,0,2,0,0,2,False
부업 월 100만원,기타,프리렌서 월 100만원 ~ 150만원 종합소득세...,"... 그렇다면 5월에 부업으로 한것만 따로 신고를해야하는지요? 2. 100만원 이하면 신고대상이 아니라는 글도 읽었었는데 제가 월 100을 초과하지 않는다면 신고를 하지않아도 되는것인 지 궁금합니다 ~! 안녕하세요, 네이버지식인...",https://kin.naver.com/qna/detail.naver?d1id=4&dirId=40301&docId=423343591&qb=67aA7JeFIOyblCAxMDDrp4zsm5A=&enc=utf8,,0,2,3,2,3,False
부업 월 100만원,기타,고액 단기 적금 추천해주세요 (월 100만원 적금예정),"... 올해 24년 7월부터 월 100만원씩 총 8개월을 모으고 싶습니다. 목적은 1000만원 모으기인데, 현실적으로 안 될 것... 있는 부업이 본인이 말씀하셨던 욕심만 없으시다면 충분히 모으고도 남을 정도의 돈이라고 생각되는데 현재 제가...",https://kin.naver.com/qna/detail.naver?d1id=4&dirId=40101&docId=470221359&qb=67aA7JeFIOyblCAxMDDrp4zsm5A=&enc=utf8,,0,2,3,2,3,False
부업 월 100만원,기타,직장인부업 가지고 월 300이 될련지,"직장인부업으로 월 300의 수입이 될수 있을련지요..... 회사에서도 시간이 좀 많은편이고 집에 돌아와서도 시간이 좀... 누구나 할 수 있는 일이에요~ 저도 처음에는 한달 100만원 정도만 벌어도 좋겠다는 마음으로 시작했는데, 하다보니...",https://kin.naver.com/qna/detail.naver?d1id=4&dirId=40611&docId=338683557&qb=67aA7JeFIOyblCAxMDDrp4zsm5A=&enc=utf8,,0,2,0,0,2,False
부업 월 100만원,콘텐츠,부업 수익 100만원 좀 넘는데 인적공제 가능한가요?,"제가 남편몰래 인스타부업을 하고 있습니다 그런데 작년 출금 수익이 120만원 정도 더라구요 몰랐는데 이 수익이... 투자상품 ♠하루30분~1시간 부업처럼 30만원수익 ♠FX,주식,코인 등으로 손실보신분들 회복가능 ♠초보자 교육...",https://kin.naver.com/qna/detail.naver?d1id=4&dirId=40309&docId=379158766&qb=67aA7JeFIOyblCAxMDDrp4zsm5A=&enc=utf8,,0,6,0,0,6,False
부업 월 100만원,기타,부업 연말정산방법 궁금해요,살림하면서 부업으로 월100만원이상의 소득이 있는데 연말정산 궁금해요 혹시 부업 바꾸실 의향있으신지요. 100만원 보다 조금씩 꾸준히만 노력하시면 월 1000 가능합니다. 늘 속고만 사셨나요. 마지막 동아줄이...,https://kin.naver.com/qna/detail.naver?d1id=6&dirId=60802&docId=367732255&qb=67aA7JeFIOyblCAxMDDrp4zsm5A=&enc=utf8,,0,2,3,2,3,False
부업 월 100만원,기타,부업 월급,... 파트너스로 부업 할려고하는데 만약 제 월급 세전 100만원(세후 90만원)보다 쿠팡으로 더 큰 돈을 벌면 문제가... 파트너스 부업으로 월 수익이 커진다면 연말정산 종합소득세 신고에서 세금을 내야 하거나 건강보험료와...,https://kin.naver.com/qna/detail.naver?d1id=6&dirId=60802&docId=466608137&qb=67aA7JeFIOyblCAxMDDrp4zsm5A=&enc=utf8,,0,4,0,0,4,False
부업 월 100만원,기타,포장부업으로 돈을 벌수있을까요?,집에서 돈 벌어보고 싶어서 부업을 알아보고 있어요 포장부업처럼 집에서 할수있는 부업 찾고 있는데 좋은 일 있으면... 월100만원-200정도 수당 가져가시고 계셔요 정말이에요~ 활동하시다가 모르시는부분은 우리 마스터님들이 1:1...,https://kin.naver.com/qna/detail.naver?d1id=4&dirId=40611&docId=406971496&qb=67aA7JeFIOyblCAxMDDrp4zsm5A=&enc=utf8,,0,2,0,0,2,False
부업 월 100만원,기타,부업 하는데 알려주세요,"... 안녕하세요 , 부업으로 월 100만원이상 버능 대학생 쇼콜라임미다 ☆ 물건부업을 찾으려고 하시는거 같은데 요즘은 물건부업이 오히려 하늘에 별따기라고할정도로 많이 구하지 않는거같아요 , 시간이 지나다보니 사람들이 할것도 점점...",https://kin.naver.com/qna/detail.naver?d1id=4&dirId=40611&docId=120383753&qb=67aA7JeFIOyblCAxMDDrp4zsm5A=&enc=utf8,,0,2,3,2,3,False
부업 월 100만원,기타,부업 4대 보험료 관련,... 부업으로 월100만원 정도 수익이 생길 것 같은데 (3.3% 떼는걸로) 연말 정산은 2월에 회사에서 진행 될거고 부업 소득은 5월에 종합소득세로 따로 신고 할 생각입니다. 그렇게 되면 4대 보험료를 더 내야 하는건지 궁금합니다....,https://kin.naver.com/qna/detail.naver?d1id=4&dirId=40301&docId=418524342&qb=67aA7JeFIOyblCAxMDDrp4zsm5A=&enc=utf8,,0,4,0,2,2,False
부업 월 100만원,배달,배달부업 소득으로 인한 고용보험 가입기준.,... 본업 소득 월 280 정도 부업으로 인한 소득 월 100~150 정도로 수입 발생하는데.. 이럴경우 회사에서 알 수 있는... 보통 100만원 정도 소득 전후에서 가입이 됩니다. 2. 가입 기준은 세전소득에서 경비율을 제외한 금액입니다. 통장에...,https://kin.naver.com/qna/detail.naver?d1id=4&dirId=40611&docId=471487241&qb=67aA7JeFIOyblCAxMDDrp4zsm5A=&enc=utf8,,0,4,0,0,4,False
부업 월 100만원,기타,부업을 하게 됐는데 부업 선금으로 5,부업을 하게 됐는데 부업 선금으로 500이 필요하다고 하더라구요 처음에 할때 100만원 납부하고 그 다음 매달 100만원씩 차감하는 방식인데 그거 관련해서 공증을 썼어요 근데 아무래도 공증까지 쓰고 실적을 내야 되는 부분인데...,https://kin.naver.com/qna/detail.naver?d1id=6&dirId=6080401&docId=445165607&qb=67aA7JeFIOyblCAxMDDrp4zsm5A=&enc=utf8,,0,2,0,0,2,False
부업 월 100만원,기타,부업하는건데 3.3프로 세금을 떼고 월40~50만원가량...,... 부업하는건데 3.3프로 세금을 떼고 월40~50만원가량 벌고있어요. 이제 3달되서 130정도벌었고요 근데 신랑이 근로소득자라서 배우자공제를 받아야하는데 세무서에 전화했더니 사업소득은 100만원미만이여야 한다더라구요.. 그럼...,https://kin.naver.com/qna/detail.naver?d1id=4&dirId=403&docId=259976840&qb=67aA7JeFIOyblCAxMDDrp4zsm5A=&enc=utf8,,0,2,0,0,2,False
부업 월 100만원,스마트스토어,스마트스토어를 부업으로 할 생각이거든요,제가 지금 직장다니고있는데요 연봉이 너무 낮아서 부업으로 스마트스토어를 할생각입니다. 근데 궁금한점이 있어요... 월100만원~200만원 정도는 발생되서 받더라구요 참 부럽죠~~ 나도 지금 시작하면 저렇게 될거에요 아참 처음에...,https://kin.naver.com/qna/detail.naver?d1id=5&dirId=50404&docId=405928192&qb=67aA7JeFIOyblCAxMDDrp4zsm5A=&enc=utf8,,0,4,0,2,2,False
부업 월 100만원,기타,짧은시간에 많이 벌수있는 돈 안드는 부업 추천해 주세요.,"돈 안내고 하는 집에서 할수 있는 부업 알려주세요. 사진 엄청 넣은 답변 금지. 광고글 금지. 제대로 알려주세요.... 지금은 월 100만원정도 부수익 올리고 있어요 직장인이다보니 아침에 1시간, 점심에 1시간, 저녁에 퇴근해서 2-3시간...",https://kin.naver.com/qna/detail.naver?d1id=4&dirId=40611&docId=343809070&qb=67aA7JeFIOyblCAxMDDrp4zsm5A=&enc=utf8,,0,4,3,4,3,False
부업 월 100만원,배달,배달대행 부업,배달대행을 부업으로 해보려고 합니다. 하기전에 몇가지 질문이 있어서 질문 드립니다 1. 현재 직장에 다니는 중인데... 월100만원 상관없이 신용등급 하락걱정없이 진행도 가능하실꺼에요 부분무이자 지원 할부기간또한 선택가능한...,https://kin.naver.com/qna/detail.naver?d1id=4&dirId=40611&docId=452069056&qb=67aA7JeFIOyblCAxMDDrp4zsm5A=&enc=utf8,,0,4,0,2,2,False
부업 월 100만원,기타,집에서 하는 부업 믿을만한게 있을지?,... 저는 집에서도 하고 일하면서도 하는 부업이 있는데요 한달 월100만원정도는 그냥 벌어가는일이에요 시간도 얼마걸리지도 않고 아이들 케어하면서 하기에도 딱 좋은 부업 돈이 쌓이는게 보여 너무 재미있답니다 제 프로필...,https://kin.naver.com/qna/detail.naver?d1id=11&dirId=1111&docId=473600161&qb=67aA7JeFIOyblCAxMDDrp4zsm5A=&enc=utf8,,0,2,0,0,2,False
부업 월 100만원,기타,안마기부업,"전신안마기 부업을 할려고 하는데요.. 기계값 720만원 투자하면 4대 설치 해주고.. 전기세,월세.A/S까지 다 해준다하는데.. 임대자와는 수익금을 50:50으로 나눠 가지면 되는 거라 합니다.. 월수입 100만원 정도 된다하는데... 괜찮은건지.....",https://kin.naver.com/qna/detail.naver?d1id=4&dirId=407&docId=33947830&qb=67aA7JeFIOyblCAxMDDrp4zsm5A=&enc=utf8,,0,6,0,0,6,False
부업 월 100만원,기타,펀치기계 부업으로 하면 얼마정도들까요??,"그냥 펀치기계랑 축구발차기 기계 앞에 설치해둘려고 하는데 혹시 월 수익이 얼마나 나오나요 부업으로 해도... 일반적으로 상용화된 제품은 100만 원 이상부터 판매되고 있으며, 이외에도 중고 제품이나 저가형 제품도 존재합니다....",https://kin.naver.com/qna/detail.naver?d1id=10&dirId=10010104&docId=443446999&qb=67aA7JeFIOyblCAxMDDrp4zsm5A=&enc=utf8,,0,4,0,0,4,False
부업 월 100만원,기타,좋은 부업정보 좀 알려주세요...,... 좋은 정보있으면 공유해주시고 추천도 좀 해주세요 월 50~100만원 정도 생각하고 있습니다. 안녕하세요^^ 재택부업 도투락 추천드려요~! 재택부업의 특징상 본인의 인지도가 조금은 올라가야 높은 수익을 얻으실수 있구요 초기에는...,https://kin.naver.com/qna/detail.naver?d1id=4&dirId=40401&docId=202148631&qb=67aA7JeFIOyblCAxMDDrp4zsm5A=&enc=utf8,,0,6,0,4,2,False
부업 월 100만원,블로그,직장인이면서 프리랜서 부업 할 경우 세금,"... 제가 블로그로 수익을 좀 내고 있는데요, 대행사 통해서 월100만원정도 받기로 했고요 프리랜서로 세금 신고를 하겠다고 합니다. 제가 궁금한 점은 1. 회사에서 제가 부업을 하는것을 알게되나요? 알게 된다면 어떤 경로로...",https://kin.naver.com/qna/detail.naver?d1id=4&dirId=40305&docId=461231095&qb=67aA7JeFIOyblCAxMDDrp4zsm5A=&enc=utf8,,0,6,0,2,4,False
부업 월 100만원,기타,도급제 부업 세금,언니가 자동차 부품 도급제로 일하려고 하는데 업체쪽에서 월 일한 금액에서 23%를 떼고 돈을준다고 합니다 100만원 일하면 23만원 떼고 77만원 준다는데 뭔가 이상해서요.. 부업이면 개인사업자로 3.3% 제하고 월급 받는게 아닌가요?...,https://kin.naver.com/qna/detail.naver?d1id=4&dirId=40309&docId=421737761&qb=67aA7JeFIOyblCAxMDDrp4zsm5A=&enc=utf8,,0,2,0,0,2,False
부업 월 100만원,기타,손부업 추천해주세요,손부업으로 할만한거 추천즘 해주세요.. 집에서 짬짬히 좀 해보려고 하는데 어떤게 괜찮을지 모르겠네요 손부업도... 저도 처음엔 마케팅 일하는게 정말 힘들었지만 지금은 월 100만원 이상이 고정으로 들어온답니다! 누구나...,https://kin.naver.com/qna/detail.naver?d1id=4&dirId=40611&docId=461347240&qb=67aA7JeFIOyblCAxMDDrp4zsm5A=&enc=utf8,,0,2,3,2,3,False
부업 월 100만원,기타,부업질문이여,... 전 이제 시작한지 3개월 정도 되었는데 수당은 월 100만원 정도 벌고 있구요 저보다 먼저 시작한 선배니들은 월 1000만원 버시는 분들도 있더라구요 혹시나 온라인 부업에 관심이 있으시다면 아래 설문조사를 남기시면 자세한 설명...,https://kin.naver.com/qna/detail.naver?d1id=4&dirId=40613&docId=433839440&qb=67aA7JeFIOyblCAxMDDrp4zsm5A=&enc=utf8,,0,2,3,2,3,False
부업 월 100만원,기타,연말정산 손부업하시는 어머님 인적공제,... 현제 집에서 손부업을 하고 있습니다 .. 월 100~150만원정도 제통장으로 입금 받아서 사용 하십니다 (같이 하는... 근로소득 100만원?? 이런것을 잘몰라서 봐도 이해도 잘되질 않네여 ... 작년에는 종합소득세도 신고 하셨던걸로 기억하고...,https://kin.naver.com/qna/detail.naver?d1id=4&dirId=40301&docId=409687603&qb=67aA7JeFIOyblCAxMDDrp4zsm5A=&enc=utf8,,0,2,0,0,2,False
부업 월 100만원,기타,직장인 부업이 불법이고 징계사유가 되나요?,... 아니면 월 500정도 월급받는 직장인이 해당 부업을 한다하여 확인이 들어오거나 그럴것 같지는 않은데 말이죠.... 현재 하고계신분들 평균 3-4개월차 수당 50-100만원 1년 넘으신분들은 300-400이상으로 수당 받고 계신분들도...,https://kin.naver.com/qna/detail.naver?d1id=4&dirId=40305&docId=446408357&qb=67aA7JeFIOyblCAxMDDrp4zsm5A=&enc=utf8,,0,2,0,0,2,False
부업 월 100만원,배달,쿠팡이츠배달부업ᆢ,... 급여가 100만원정도 못받게 되었는데요 일하는시간이 9-18시까지 일하는데... 이츠배달부업 보았는데요ᆢ사실 저가 아직 갓면허딴 3개월차... 일요일 저녁 평균 5시간 해서 월 120~150만 수입 얻고 있어요. *지역별로 수입 차이 있는...,https://kin.naver.com/qna/detail.naver?d1id=11&dirId=1119&docId=458774318&qb=67aA7JeFIOyblCAxMDDrp4zsm5A=&enc=utf8,,0,4,0,0,4,False
부업 월 100만원,기타,청소년 부업 추천,... 청소년이 할 수 있는 재택 부업 비교 부업 난이도 초기 비용 월 수익 필요 장비 설문조사/앱테크 매우 쉬움 0원... 0~100만 원 이상 스마트폰/PC 중고거래 리셀 쉬움 소액 필요 건당 차익 스마트폰 손글씨/캘리그라피 보통 1만~3만 원...,https://kin.naver.com/qna/detail.naver?d1id=4&dirId=40611&docId=491328881&qb=67aA7JeFIOyblCAxMDDrp4zsm5A=&enc=utf8,,0,6,0,2,4,False
부업 월 100만원,기타,손부업찾고있어요,손부업찾고있어요 재택근무도 하면서 손쉽게 돈벌고 싶습니다 초보자인데... 1달 100만원 직장인 투잡 * 20대~ 60대 남녀 멘티님들 수익 내오셨구요 실제 본사의 공식랭킹은 이 하나의 업무만으로도 정회원님들 월 100~200만원대 까지...,https://kin.naver.com/qna/detail.naver?d1id=8&dirId=81303&docId=325833475&qb=67aA7JeFIOyblCAxMDDrp4zsm5A=&enc=utf8,,0,8,0,0,8,False
부업 월 100만원,기타,경산부업 뭐가 좋을까요?? 쉽게 할수있는거,... 일하는데 월 80~100만원정도 벌고요 수익은 본인 하는것에 따라 달라요 그래도 다른 경산부업들 보다 고수익이라 하기 좋더라고요 일하시는곳은 믿을만한곳에서 시작하시는게 좋아서 제가 일거리 받는곳 남겨놓을께요 여기가...,https://kin.naver.com/qna/detail.naver?d1id=4&dirId=40611&docId=272408273&qb=67aA7JeFIOyblCAxMDDrp4zsm5A=&enc=utf8,,0,4,0,2,2,False
부업 월 100만원,기타,100만원 정도 벌 수 있는 부업 뭐 없을까요....,"... 달 100정도 더 벌 수 있는 부업 없을까요... 질문자님 안녕하세요 :) 재택일을 알아보시면서 (★ 많은 홍-보글을... 템부터 주업무로는, 업체 포스팅(상품 리뷰등 가이드보고 작성) ◀ 고-정 월-급 받듯이 업체 홍-보 활동, 광고주 유치...",https://kin.naver.com/qna/detail.naver?d1id=6&dirId=6080401&docId=339887092&qb=67aA7JeFIOyblCAxMDDrp4zsm5A=&enc=utf8,,0,4,0,2,2,False
부업 월 100만원,기타,직장 + 프리랜서 부업,"현재 구직중인 프리랜서로 월 고정적으로 100만원정도 유지보수 나옵니다. 직장에 취업하면 투잡이 되어 알아본바... 직장과 프리랜서 부업을 동시에 할 경우, 직장은 근로소득으로, 프리랜서 부업은 사업소득으로 각각 세금 신고를...",https://kin.naver.com/qna/detail.naver?d1id=6&dirId=60804&docId=452179336&qb=67aA7JeFIOyblCAxMDDrp4zsm5A=&enc=utf8,,0,4,0,0,4,False
부업 월 100만원,기타,n잡러가 뭐하는 부업인지 알고싶어요,요즘에 부업 종류중에 n잡러라고 있던데요 그게 n잡이라는 뜻이에요?? 아님 그런 부업이 있는 거에요?? 집에서... (월100만원정도)수당이 발생되서 받더라구요 참 부럽죠~~ 아참 처음에 어렵지 않을까 생각 많이 하시자나요 저희 아카데미...,https://kin.naver.com/qna/detail.naver?d1id=4&dirId=40613&docId=406751710&qb=67aA7JeFIOyblCAxMDDrp4zsm5A=&enc=utf8,,0,2,0,0,2,False
부업 월 100만원,기타,안산 원곡동 손부업,"... 요즘 대세라고, 초기전점이라고, 신규부업이라고 다 잘 되는건 아니더라구요. 저도 드림큐로 월 600만원의 수익도... 어제도 실적발생,1대1매칭 되서 수당금 100만원!!^^ 기존 재택부업(기존수익구조)으로는 실적내시기 어려우세요....",https://kin.naver.com/qna/detail.naver?d1id=4&dirId=40611&docId=197835422&qb=67aA7JeFIOyblCAxMDDrp4zsm5A=&enc=utf8,,0,6,0,0,6,False
부업 월 100만원,기타,채점부업,학습지 채점을 집에서 하고싶은데 학습지 채점 부업알바를 어디서 알아보나요ㅠㅠ? 채점 부업을 알아보시는군요...... 팀에서 알려주는대로만 따라가면 첫달 일배우고 나서 보통 6개월이면 월100만원 ~ 월 400까지도 벌어가세요....,https://kin.naver.com/qna/detail.naver?d1id=4&dirId=40611&docId=410772571&qb=67aA7JeFIOyblCAxMDDrp4zsm5A=&enc=utf8,,0,2,0,0,2,False
부업 월 100만원,블로그,청소년 부업,"... 100만원 참여자격도주어집니다 컴퓨터만켜놔도 돈을버는 드림오토가오픈되어~한달에만원~최대6만원을입금해줍니다 한국소비자선호도1위 브랜드대상까지거머쥔 믿음이있는회사입니다 제블로그들어오세여~좋은일자리,부업,알바...",https://kin.naver.com/qna/detail.naver?d1id=4&dirId=40611&docId=180899702&qb=67aA7JeFIOyblCAxMDDrp4zsm5A=&enc=utf8,,0,4,0,0,4,False
부업 월 100만원,블로그,부산금정구쪽집에서하는부업,"... 100만원 참여자격도주어집니다 컴퓨터만켜놔도 돈을버는 드림오토가오픈되어~한달에만원~최대6만원을입금해줍니다 한국소비자선호도1위 브랜드대상까지거머쥔 믿음이있는회사입니다 제블로그들어오세여~좋은일자리,부업,알바...",https://kin.naver.com/qna/detail.naver?d1id=8&dirId=814&docId=180549472&qb=67aA7JeFIOyblCAxMDDrp4zsm5A=&enc=utf8,,0,4,0,0,4,False
부업 월 100만원,기타,수공예부업으로 돈을 얼마나 벌수 있을까요?,집에서 부업으로 돈을 벌고 싶은데 수공예부업도 괜찮을까요?? 예전에 손부업 해봤는데 엄청 힘들고 집은 난장판이고... 월100만원-200정도 수당 가져가시고 계셔요 정말이에요~ 활동하시다가 모르시는부분은 우리 마스터님들이 1:1...,https://kin.naver.com/qna/detail.naver?d1id=4&dirId=40611&docId=406976207&qb=67aA7JeFIOyblCAxMDDrp4zsm5A=&enc=utf8,,0,2,0,0,2,False
부업 월 100만원,콘텐츠,인스타 부업사기,조심하세요 이분 사기에요 100만원 소액이지만 경찰에 가서 신고 할껍니다 다른분들도 조심하세요 좋은 정보 감사합니다. 온라인부업을 시작하려면 꼼꼼하게 알아보셔야해요. 사기치는 업체가 많거든요.. 저희는 선한방법...,https://kin.naver.com/qna/detail.naver?d1id=6&dirId=602060402&docId=447853636&qb=67aA7JeFIOyblCAxMDDrp4zsm5A=&enc=utf8,,0,2,0,0,2,False
부업 월 100만원,기타,월30가량의 부업..,... 부업같은걸로 월 20~30정도 버는게있을까요;; 있다면 추천좀 부탁드려요 ㅠ 너무 급해서ㅠ;; 어디서 들었는데.. 어떤... 하지만 검색해보셔서 아시겠지만 이걸로 한달에 50~100만원? 정도 수익을 올린다고 해요 ㅎㅎ 흠.. 가능은 해요 하!지!...,https://kin.naver.com/qna/detail.naver?d1id=4&dirId=40611&docId=35383210&qb=67aA7JeFIOyblCAxMDDrp4zsm5A=&enc=utf8,,0,4,0,2,2,False
부업 월 100만원,기타,하안동마늘까는부업,"... 저도 타 부업으로 월 600만원의 수익도 내 봤고. 신규부업,초기선점 이라고 해서 해봤지만 그걸로는 오히려 돈을 못... 또 실적발생,1대1매칭 되서 수당금 100만원!!^^ 실적 없었는데 추천수당으로 수당금이 또 입금!! 기존 재택부업...",https://kin.naver.com/qna/detail.naver?d1id=12&dirId=12090708&docId=198207120&qb=67aA7JeFIOyblCAxMDDrp4zsm5A=&enc=utf8,,0,6,0,2,4,False
부업 월 100만원,기타,울산 북구 집에서 할수 있는 부업 있,울산 북구 집에서 할수 있는 부업 있을까요? 고정적인 수입이 많진 않아도 됩니다ㅜㅜ 꾸준할수 있다면 재택근무... 광고포스팅합치면 월100만원정도입니다. -------------- 김경란의 비즈인사이드에서 방송된 영상하나 올립니다.(3초후...,https://kin.naver.com/qna/detail.naver?d1id=8&dirId=80208&docId=315214276&qb=67aA7JeFIOyblCAxMDDrp4zsm5A=&enc=utf8,,0,4,0,0,4,False
부업 월 100만원,기타,송탄 부업구해요 ㅜㅜ,... 내 옆으로 한명씩 2명만 채우면 저는 매니저가 되서 한날 1대1이 맞으면 50만원 + 첫수당 보너스 100만원 = 150만원의... 타 부업으로 월 600만원의 수익을 낸 심지마미가 금보바이오닉스를 선택한 이유!! 아시겠죠?^^ 어느것이 효율적인지...,https://kin.naver.com/qna/detail.naver?d1id=4&dirId=40611&docId=197637271&qb=67aA7JeFIOyblCAxMDDrp4zsm5A=&enc=utf8,,0,4,0,0,4,False
부업 월 100만원,기타,주부부업거리 없나요?,... 가볍게 시작할수 잇는 부업거리 부탁드립니다. 손재주도 있는 편이고 인터넷활용도 잘합니다.(전산과나와서..)... 돈은 버는것보다 쓰는것이 더 중요하죠 100만원 벌기는 어렵지만 쓰려고 하면 돈에 발이 달린듯 도망가고 없습니다....,https://kin.naver.com/qna/detail.naver?d1id=4&dirId=40611&docId=105941946&qb=67aA7JeFIOyblCAxMDDrp4zsm5A=&enc=utf8,,0,2,0,0,2,False
부업 월 100만원,블로그,아르바이트 알바 직업 부업,"... 100만원 참여자격도주어집니다 컴퓨터만켜놔도 돈을버는 드림오토가오픈되어~한달에만원~최대6만원을입금해줍니다 한국소비자선호도1위 브랜드대상까지거머쥔 믿음이있는회사입니다 제블로그들어오세여~좋은일자리,부업,알바...",https://kin.naver.com/qna/detail.naver?d1id=4&dirId=40611&docId=180596262&qb=67aA7JeFIOyblCAxMDDrp4zsm5A=&enc=utf8,,0,4,0,0,4,False
부업 월 100만원,기타,대학생인 아들이 아르바이트로 월100만원 소득이 있는...,... 제가 있고 대학생인 소득이 교육비공제 경우 아들이 냈는데 신청 아르바이트로 가능한가요 등록금은 월100만원 ... 안녕하세요~ 집에서 3년째 부업중인 주부입니다. 재택알바에 대해서 고민하고 계신것같아 답변드려요~ 처음 시작할때...,https://kin.naver.com/qna/detail.naver?d1id=4&dirId=40311&docId=269119778&qb=67aA7JeFIOyblCAxMDDrp4zsm5A=&enc=utf8,,0,4,0,0,4,False
부업 월 100만원,배달,배달오토바이 중고로 사서 부업을 하려고 합니다.....,... 편리하게 알려주시면 감사하겠습니다 배달오토바이 보험 고민하시네요 1 책임보험 필수입니다 2 배민커넥트 위해서 운전자 보험 필요해요!! 3 월 10만 원 연 100만 원 정도 예상돼요 잘 준비하고 안전운전 해보시면 좋을 것 같아요!!,https://kin.naver.com/qna/detail.naver?d1id=8&dirId=8110105&docId=490891713&qb=67aA7JeFIOyblCAxMDDrp4zsm5A=&enc=utf8,,0,4,0,0,4,False
부업 월 100만원,블로그,정왕동에 부업할만한거 알려주세요,"... 100만원 참여자격도주어집니다 컴퓨터만켜놔도 돈을버는 드림오토가오픈되어~한달에만원~최대6만원을입금해줍니다 한국소비자선호도1위 브랜드대상까지거머쥔 믿음이있는회사입니다 제블로그들어오세여~좋은일자리,부업,알바...",https://kin.naver.com/qna/detail.naver?d1id=12&dirId=12091724&docId=180649664&qb=67aA7JeFIOyblCAxMDDrp4zsm5A=&enc=utf8,,0,4,0,2,2,False
부업 월 100만원,기타,부업을 찾습니다,... 내 옆으로 한명씩 2명만 채우면 저는 매니저가 되서 한날 1대1이 맞으면 50만원 + 첫수당 보너스 100만원 = 150만원의... 타 부업으로 월 600만원의 수익을 낸 심지마미가 금보바이오닉스를 선택한 이유!! 아시겠죠?^^ 어느것이 효율적인지...,https://kin.naver.com/qna/detail.naver?d1id=4&dirId=40611&docId=197275906&qb=67aA7JeFIOyblCAxMDDrp4zsm5A=&enc=utf8,,0,4,0,0,4,False
부업 월 100만원,기타,한국창업부업아카데미 회원가입 할때,... 나이는 성인이시면 얼마든지 하실수 있어요 요즘 핫한 부업 있는데 이야기 들어보실래요^^* 다들 알바하면서도... 월100만원-200정도 수당 가져가시고 계셔요 정말이에요~ 활동하시다가 모르시는부분은 우리 마스터님들이 1:1 맞춤으로...,https://kin.naver.com/qna/detail.naver?d1id=4&dirId=40703&docId=405884108&qb=67aA7JeFIOyblCAxMDDrp4zsm5A=&enc=utf8,,0,2,0,0,2,False
부업 월 100만원,배달,본직장 외 배달 부업 질문...,"... 배달부업 쿠팡,배민 등등 월 소득 얼마이상? 고용보험 이중가입 된다고 하는데 또 어떤글을 보니 80만원 이상... 하면 100만원이 넘을꺼같아 질문드려요 이중가입 기준과 가입시 내야될 보험비 등등 알고싶어요 자세히 부탁드려요....",https://kin.naver.com/qna/detail.naver?d1id=6&dirId=6080402&docId=461066474&qb=67aA7JeFIOyblCAxMDDrp4zsm5A=&enc=utf8,,0,4,0,2,2,False
부업 월 100만원,기타,부업 수익 질문,... 주식 비트코인 이런 무형의 사업은 아니고 계약 1건당 종료시 까지 매달 100만원씩 발생되는사업이라고 보면... 안녕하세요~^^ 부업으로 세금없이 월 300을 벌수 있다면 정말 대단한 수입입니다. 몇천만원 투자해서 점포내고...,https://kin.naver.com/qna/detail.naver?d1id=4&dirId=407&docId=432660703&qb=67aA7JeFIOyblCAxMDDrp4zsm5A=&enc=utf8,,0,6,0,2,4,False
부업 월 100만원,기타,부업(가내수공업) 근로자 4대보험 및 퇴직금,"... 눈알 1개 붙히는데 50원씩 해서 한달 붙히면 대략 90~100만원 정도 됩니다. 근무시간은 정확히 정해지지 않았고... 위 경우 4명 아줌마들 4대보험에 가입시켜드리고, 1년 이상 부업하신 아줌마들 퇴직금도 모두 지급해 드려야 하는지요?...",https://kin.naver.com/qna/detail.naver?d1id=6&dirId=60802&docId=164233232&qb=67aA7JeFIOyblCAxMDDrp4zsm5A=&enc=utf8,,0,2,0,0,2,False
부업 월 100만원,기타,바이럴스토어 부업에 관해서 물어봐요,... 첫 급여 100만원 선으로 시작해서 이젠 매달 수백만원은 벌고 있고 본업도 하며 부업으로 하고 있어요~^^ 하루만에도 120만원 넘게도 벌고있네요~ 이제 월 천만원 넘게 벌면서 컴맹도 당당히 일하고 있어요~! 제가 일하는 곳은...,https://kin.naver.com/qna/detail.naver?d1id=4&dirId=40611&docId=343459201&qb=67aA7JeFIOyblCAxMDDrp4zsm5A=&enc=utf8,,0,2,0,0,2,False
부업 월 100만원,기타,부업 아르바이트,... 첫 급여 100만원 선으로 시작해서 이젠 매달 수백만원은 벌고 있고 본업도 하며 부업으로 하고 있어요~^^ 하루만에도 120만원 넘게도 벌고있네요~ 이제 월 천만원 넘게 벌면서 컴맹도 당당히 일하고 있어요~! 제가 일하는 곳은...,https://kin.naver.com/qna/detail.naver?d1id=4&dirId=40611&docId=342488480&qb=67aA7JeFIOyblCAxMDDrp4zsm5A=&enc=utf8,,0,2,0,0,2,False
부업 월 100만원,블로그,운남동 주변에 손부업 추천해주세요,"... 100만원 참여자격도주어집니다 컴퓨터만켜놔도 돈을버는 드림오토가오픈되어~한달에만원~최대6만원을입금해줍니다 한국소비자선호도1위 브랜드대상까지거머쥔 믿음이있는회사입니다 제블로그들어오세여~좋은일자리,부업,알바...",https://kin.naver.com/qna/detail.naver?d1id=12&dirId=12050461&docId=180537754&qb=67aA7JeFIOyblCAxMDDrp4zsm5A=&enc=utf8,,0,4,0,2,2,False
부업 월 100만원,기타,부업하고 싶은데..,"부업 배우고 싶은데 어떻게 하는지 모르겠어서요ㅠㅠ 취업난으로 고생하고... 물론 포/스/팅 알바를 해서 월 몇 천, 억대연봉을 받을 순 없겠지만 한 달에 적게는 50만원에서 많게는 100만원 이상의 고정 급여를 받을 수 있어요! 당연히...",https://kin.naver.com/qna/detail.naver?d1id=1&dirId=10202&docId=280424673&qb=67aA7JeFIOyblCAxMDDrp4zsm5A=&enc=utf8,,0,2,0,0,2,False
부업 월 100만원,기타,부업 인쇄비용을 물어내라고하는데요,... 첫 급여 100만원 선으로 시작해서 이젠 매달 수백만원은 벌고 있고 본업도 하며 부업으로 하고 있어요~^^ 하루만에도 120만원 넘게도 벌고있네요~ 이제 월 천만원 넘게 벌면서 컴맹도 당당히 일하고 있어요~! 제가 일하는 곳은...,https://kin.naver.com/qna/detail.naver?d1id=6&dirId=60214&docId=341884379&qb=67aA7JeFIOyblCAxMDDrp4zsm5A=&enc=utf8,,0,2,0,0,2,False
부업 월 100만원,기타,직장에서 컴터로 할수있는 부업 찾아요,... 내 옆으로 한명씩 2명만 채우면 저는 매니저가 되서 한날 1대1이 맞으면 100만원의 수당을 받을 수 있어요. 날짜... 타 부업으로 월 600만원의 수익을 낸 심지마미가 금보바이오닉스를 선택한 이유!! 아시겠죠?^^ 어느것이 효율적인지...,https://kin.naver.com/qna/detail.naver?d1id=4&dirId=4010503&docId=197684879&qb=67aA7JeFIOyblCAxMDDrp4zsm5A=&enc=utf8,,0,4,0,0,4,False
부업 월 100만원,기타,손부업 추천해주세요,제가 손부업을 하려고 하는데 추천부탁드려요 부업잡이라는 홈페이지 들어가 봤는데 회원가입했는데 9000원내고... 저도 처음엔 마케팅 일하는게 정말 힘들었지만 지금은 월 100만원 이상이 고정으로 들어온답니다! 누구나 열심히...,https://kin.naver.com/qna/detail.naver?d1id=4&dirId=40613&docId=440542780&qb=67aA7JeFIOyblCAxMDDrp4zsm5A=&enc=utf8,,0,2,3,2,3,False
부업 월 100만원,기타,부업찾고있습니다,... 그런데요100만원정도!! 가까이서 할수 있는 부업 소개좀 해주세요^^ 안녕하세요. 재택부업하는 방꾹맘이에요.... 월 수익이 손부업으로는 해결될거 같지 않은 금액이네요. 시간대비 월 수익을 올리시려면 건당 최대 63만 원의 수익을...,https://kin.naver.com/qna/detail.naver?d1id=12&dirId=12021801&docId=225139123&qb=67aA7JeFIOyblCAxMDDrp4zsm5A=&enc=utf8,,0,6,0,0,6,False
부업 월 100만원,유튜브,고등학생 돈 모으는 방법 ( 부업 ),요새 월 50~100 만원을 벌어보고 싶다 라는 목표가 생겼는데요 유튜브 보면 많은 유튜버들이 한 달에 월 100... 하지만 돈은 벌고 싶고 옷도 많이 사입고 화장품도 사고 싶은데 어찌 방법이 없을까요 고등학생도 할 수 있는 부업이...,https://kin.naver.com/qna/detail.naver?d1id=1&dirId=10608&docId=426919187&qb=67aA7JeFIOyblCAxMDDrp4zsm5A=&enc=utf8,,0,4,0,0,4,False
부업 월 100만원,기타,월 100만원 버는 알바 추천좀요~,... 500만원 벌려고 월 100만원 버는 알바를 5개월 하려고 하는데요. 먹고 자고 싸는 '의식주' 같은건 엄마가 먹여... 안녕하세요~ 질문자님 너무 힘드시게 알바 5개하시지 마시구 알바 1개를 구하시고 부업으로 이일을 하셔도...,https://kin.naver.com/qna/detail.naver?d1id=4&dirId=40611&docId=134618830&qb=67aA7JeFIOyblCAxMDDrp4zsm5A=&enc=utf8,,0,2,3,4,1,False
부업 월 100만원,유튜브,그림 부업 사이트 이름,... 본인의 재능을 살려서 할 수 있는 부업이라면 더욱 좋겠죠. 매일 1시간만 투자하면 한달에 50만원 ~ 100만원도 벌 수... 기존에 블로그나 유튜브 등의 활동을 하고 계신분들이라면 월 천만원도 가능한 부업입니다. 하지만 걱정하지...,https://kin.naver.com/qna/detail.naver?d1id=5&dirId=5040107&docId=454842230&qb=67aA7JeFIOyblCAxMDDrp4zsm5A=&enc=utf8,,0,8,0,0,8,False
부업 월 100만원,기타,월마다 100만원 적금을 들 수 있는데...,... 월마다 100만원 정도 1년에서 최대 2년까지 적금을 들려고 하는데요 여러개로 쪼개서 적금을 들어야 하나요? 아니면... 검색을 통해 내용 확인해 보시고 더 자세한 내용은 네임카드의 인터넷부업시스템연구소 카페로 들어오세요....,https://kin.naver.com/qna/detail.naver?d1id=4&dirId=40402&docId=269888446&qb=67aA7JeFIOyblCAxMDDrp4zsm5A=&enc=utf8,,0,2,0,0,2,False
부업 월 100만원,기타,각종 부업어플 수익구조에 대해 궁금합니다.,... 5만원 이상일 경우 매주 목요일날 1만 원 단위로 출금이 가능 위 게시물은 업체로부터 경제적 대가를 받고 작성한 글입니다. #부수입100만원벌기 #온라인수익창출 #디지털노마드 #재택부업 #바이럴마케팅 좋아요 댓글 달기 공유하기,https://kin.naver.com/qna/detail.naver?d1id=1&dirId=1070402&docId=378498326&qb=67aA7JeFIOyblCAxMDDrp4zsm5A=&enc=utf8,,0,8,0,2,6,False
부업 월 100만원,기타,집에서 간단히 부업할수 잇는자리 찾습니다,... 있는 부업을 생각하고 결정했어요. 첫수당 보너스로 100만원에 1대1 맞으면 50만원. 수당이 가장 높아요. 재택알바를... 타 부업으로 월 600만원의 수익을 낸 심지마미가 금보바이오닉스를 선택한 이유!! 아시겠죠?^^ 어느것이 효율적인지...,https://kin.naver.com/qna/detail.naver?d1id=4&dirId=40611&docId=197606943&qb=67aA7JeFIOyblCAxMDDrp4zsm5A=&enc=utf8,,0,6,0,0,6,False
부업 월 100만원,기타,재택 부업 아르바이트,... 나가서 어렵게 아르바이트 하지 말고 집에서 간편하게 부업 시작해보세요. 현재 48시간 안에 홍보하면 5천 원이 지급되는 추가 적립금 이벤트도 진행 중이니 매체별 규정 확인하고 빠르게 홍보 시작해 보세요. ▼부수입100만원벌기▼,https://kin.naver.com/qna/detail.naver?d1id=4&dirId=40611&docId=426662982&qb=67aA7JeFIOyblCAxMDDrp4zsm5A=&enc=utf8,,0,6,0,0,6,False
부업 월 100만원,기타,대구 수성구 손부업할만한 곳 있나요ㅠㅡㅠ,... 첫 급여 100만원 선으로 시작해서 이젠 매달 수백만원은 벌고 있고 본업도 하며 부업으로 하고 있어요~^^ 하루만에도 120만원 넘게도 벌고있네요~ 이제 월 천만원 넘게 벌면서 컴맹도 당당히 일하고 있어요~! 제가 일하는 곳은...,https://kin.naver.com/qna/detail.naver?d1id=4&dirId=40611&docId=343035899&qb=67aA7JeFIOyblCAxMDDrp4zsm5A=&enc=utf8,,0,2,0,0,2,False
부업 월 100만원,기타,부업을 찾습니다,평택지역 부업을 찾습니다. 알려주세요.. 저도 회사에서 일하고 밖에서 알바까지 해봤는데 그렇게 하면 이도저도... 해주시면 월 100만원 이상 벌어가실수 있습니다! 가장좋은 장점이라면 시간과 장소에 구애받지않고 할 수 있을 때...,https://kin.naver.com/qna/detail.naver?d1id=12&dirId=12092826&docId=341228635&qb=67aA7JeFIOyblCAxMDDrp4zsm5A=&enc=utf8,,0,2,3,2,3,False
부업 월 100만원,기타,인터넷부업 추천좀,"... 요즘 대세라고, 초기전점이라고, 신규부업이라고 다 잘 되는건 아니더라구요. 저도 드림큐로 월 600만원의 수익도... 어제도 실적발생,1대1매칭 되서 수당금 100만원!!^^ 기존 재택부업(기존수익구조)으로는 실적내시기 어려우세요....",https://kin.naver.com/qna/detail.naver?d1id=4&dirId=40611&docId=198117727&qb=67aA7JeFIOyblCAxMDDrp4zsm5A=&enc=utf8,,0,6,0,2,4,False
부업 월 100만원,기타,재택부업을 할려고하는데요. 입출금이 되는 카드를...,"학원을 다니면서 뭘 배워야하기에 직장을 다니기보다는 틈틈이 부업을 해볼까하고 주간지에 나온 곳으로 전화를... 최대 100만원 지원 지급일: 실적수당 실적발생 다음날 지원금 매주 월,수,금 지급 기본금 및 이벤트,보너스 익익일...",https://kin.naver.com/qna/detail.naver?d1id=4&dirId=40104&docId=199611310&qb=67aA7JeFIOyblCAxMDDrp4zsm5A=&enc=utf8,,0,4,0,0,4,False
부업 월 100만원,기타,전라광주 손부업,"... 저도 타 부업으로 월 600만원의 수익도 내 봤고. 신규부업,초기선점 이라고 해서 해봤지만 그걸로는 오히려 돈을 못... 또 실적발생,1대1매칭 되서 수당금 100만원!!^^ 실적 없었는데 추천수당으로 수당금이 또 입금!! 기존 재택부업...",https://kin.naver.com/qna/detail.naver?d1id=12&dirId=1205&docId=198255185&qb=67aA7JeFIOyblCAxMDDrp4zsm5A=&enc=utf8,,0,6,0,2,4,False
부업 월 100만원,기타,재택부업 알아 보려고 하는데 괜찮은거 없나요~?,... 내 옆으로 한명씩 2명만 채우면 저는 매니저가 되서 한날 1대1이 맞으면 50만원 + 첫수당 보너스 100만원 = 150만원의... 타 부업으로 월 600만원의 수익을 낸 심지마미가 금보바이오닉스를 선택한 이유!! 아시겠죠?^^ 어느것이 효율적인지...,https://kin.naver.com/qna/detail.naver?d1id=4&dirId=40611&docId=197363249&qb=67aA7JeFIOyblCAxMDDrp4zsm5A=&enc=utf8,,0,6,0,0,6,False
부업 월 100만원,기타,부업시작하려면어떻게해요?,제가 할일이없어서 부업을하고싶은데 피자박스 접기가 좋을것 같아서 하려는데 신청을 해야하나요? 아니면 피자파는... (월100만원정도)수당이 발생되서 받더라구요 참 부럽죠~~ 아참 처음에 어렵지 않을까 생각 많이 하시자나요 저희...,https://kin.naver.com/qna/detail.naver?d1id=4&dirId=40611&docId=406675046&qb=67aA7JeFIOyblCAxMDDrp4zsm5A=&enc=utf8,,0,2,0,0,2,False
부업 월 100만원,블로그,청소년알바나부업이요,"... 달인수당100만원 참여자격도주어집니다 한국소비자선호도1위 브랜드대상까지거머쥔 믿음이있는회사입니다 제블로그들어오세여~좋은일자리,부업,알바,투잡찾으시길기원합니다 좋은일자리~First-Dream 편안한마음으로~일시작하세여!...",https://kin.naver.com/qna/detail.naver?d1id=4&dirId=40611&docId=178588177&qb=67aA7JeFIOyblCAxMDDrp4zsm5A=&enc=utf8,,0,6,0,0,6,False
부업 월 100만원,기타,출근부업에 대해서 물어볼게 있습니다,안녕하세요 제가 오늘부터 출근부업 하게 되었는데요 월~금요일까지 아침 9시부터 4시까지 입니다 건당 10원인데... 6개월정도되면 100만원에서 200만원 사이 벌어가실수도 있구요 많이 버시는 분들은 한달에 천만원씩 벌어가시는...,https://kin.naver.com/qna/detail.naver?d1id=4&dirId=410&docId=403564830&qb=67aA7JeFIOyblCAxMDDrp4zsm5A=&enc=utf8,,0,2,0,0,2,False
부업 월 100만원,스마트스토어,마켓 부업,"쇼핑몰을 차릴 수 있는 부업이 많더라고요. 아지트샵, 애드펌킨 등등... 평일 기준 매일 하루 2번 오전 11시 / 오후 5시 업로드 월평균 100만원의 글감... 진짜 글만써도 30~50만원 마케팅으로 월 400만원 벌어봤기에 짜투리 시간만 잘...",https://kin.naver.com/qna/detail.naver?d1id=5&dirId=511&docId=429164418&qb=67aA7JeFIOyblCAxMDDrp4zsm5A=&enc=utf8,,0,4,0,0,4,False
부업 월 100만원,기타,집에서하는부업 하면 한 달 수익은 어느 정도일까요?,"요즘 집에서하는부업이 유행이라는데 실제로 해보신 분들의 경험담이... 일감만으로도 월 100-200 충분히 가능하고, 하시는 거에 따라 주 180~300만원도 가능합니다. 멘토 로지가 지금 100만원 페이백 이벤트 진행하고 있으니...",https://kin.naver.com/qna/detail.naver?d1id=10&dirId=100507&docId=481169252&qb=67aA7JeFIOyblCAxMDDrp4zsm5A=&enc=utf8,,0,4,0,0,4,False
부업 월 100만원,기타,컴부업알아보시는 분들..,"... 컴부업 알아보시는 분들 정보하나 드리고갈게요 정말 맘에 드는 재택알바 구하기가 만만치 않더라구요. 알아보던중, 실적없이 글만 올리면 월 50~100만원 받을수 있는곳이 있더라구요. 실적욕심없이..홍보지원금 탈려고 놀면뭐하나...",https://kin.naver.com/qna/detail.naver?d1id=4&dirId=40611&docId=212465046&qb=67aA7JeFIOyblCAxMDDrp4zsm5A=&enc=utf8,,0,4,0,0,4,False
부업 월 100만원,기타,부업 하나에 얼마죠? 내공 팍팍드림,... 1.부업 하나하나에 대략얼마죠? 2.하루 10시간 투자하면 얼마정도벌수있죠? 3.200벌라면 어느정도걸릴까요? 내공... 초기 자본금은 금을 매입할 돈 100만원 정도면 되지 십습니다. 저 주는거 아닙니다. 본인 통장에 금 매입자금으로 항상...,https://kin.naver.com/qna/detail.naver?d1id=4&dirId=407&docId=35769624&qb=67aA7JeFIOyblCAxMDDrp4zsm5A=&enc=utf8,,0,4,0,0,4,False
부업 월 100만원,배달,배달수거 가능한 부업 하고싶어여~,... 일은 하고 있지만 월급으로 제가 할 수 있는건 아무것도 없었어요 내 자신을 바꾸기 위해 여기저기 알아보던 중 재택부업을 선택하게 되었습니다 처음에는 50만원 100만원만 벌 수 있으면 너무 좋겠다 생각했으나 현재 월 500~1000만원...,https://kin.naver.com/qna/detail.naver?d1id=9&dirId=90107&docId=351228120&qb=67aA7JeFIOyblCAxMDDrp4zsm5A=&enc=utf8,,0,6,0,0,6,False
부업 월 100만원,기타,평택 부업,... 일은 하고 있지만 월급으로 제가 할 수 있는건 아무것도 없었어요 내 자신을 바꾸기 위해 여기저기 알아보던 중 재택부업을 선택하게 되었습니다 처음에는 50만원 100만원만 벌 수 있으면 너무 좋겠다 생각했으나 현재 월 500~1000만원...,https://kin.naver.com/qna/detail.naver?d1id=4&dirId=40611&docId=350096810&qb=67aA7JeFIOyblCAxMDDrp4zsm5A=&enc=utf8,,0,4,0,0,4,False
부업 월 100만원,기타,집에서하는부업 믿을만한가요?,... 하지만 100만원에 육박하는 초기비용과 경쟁이 너무 치열해서 지금시작해서 수익보시긴 힘드실겁니다 현실적인... 집에서하는 부업종류입니다 월 1000만원 2000만원 말도안되는 금액 벌게해드린다고 말씀안드립니다 현실적인 수익...,https://kin.naver.com/qna/detail.naver?d1id=4&dirId=40611&docId=272899891&qb=67aA7JeFIOyblCAxMDDrp4zsm5A=&enc=utf8,,0,6,0,0,6,False
부업 월 100만원,블로그,스마트폰 부업,... 두달동안 그냥 놀기에는 시간이 아깝고 돈은 벌어야 해서 핸드폰으로 한달에 100만원이든200만원이든 벌고... 32O만원ꔛ❤ 월 5OO이상 수익이 늘었답니다! ˃ᴗ˂ 지금은 취미가 된 블로그 덕분에 직장 월급 이상을 집에서 편하게 벌며...,https://kin.naver.com/qna/detail.naver?d1id=1&dirId=107040202&docId=489873187&qb=67aA7JeFIOyblCAxMDDrp4zsm5A=&enc=utf8,,0,6,0,0,6,False
부업 월 100만원,기타,공무원 부업,... 빠르게 적응하는 분들은 한달 내에 좀 천천히 하시는 분들은 2~3개월 내에 100만원 이상 벌어가시더라구요. 저도 본업 외에 이 부업으로 이미 월 평균 200만원 대 수익을 내고 있습니다. 어떤 분들은 본업 때려치우고 아예 재택부업을...,https://kin.naver.com/qna/detail.naver?d1id=6&dirId=61404&docId=202621812&qb=67aA7JeFIOyblCAxMDDrp4zsm5A=&enc=utf8,,0,6,0,0,6,False
부업 월 100만원,기타,21살 부업,"... 괜찮은 부업좀 알아보려합니다 돈욕심많구요 열심히할수있습니다 할만한거있을까요 도움부탁드립니다 꾸준할수... 홍보를 하지않고, 광고포스팅이나 광고 CPA업무만을 가지고 한달에 100만원 ~400만원 수준까지 수익을 올리는...",https://kin.naver.com/qna/detail.naver?d1id=6&dirId=6080402&docId=315021895&qb=67aA7JeFIOyblCAxMDDrp4zsm5A=&enc=utf8,,0,4,0,0,4,False
부업 월 100만원,기타,인터넷글쓰기부업 하시는분 계신가요?,... 일은 하고 있지만 월급으로 제가 할 수 있는건 아무것도 없었어요 내 자신을 바꾸기 위해 여기저기 알아보던 중 재택부업을 선택하게 되었습니다 처음에는 50만원 100만원만 벌 수 있으면 너무 좋겠다 생각했으나 현재 월 500~1000만원...,https://kin.naver.com/qna/detail.naver?d1id=4&dirId=40613&docId=350738867&qb=67aA7JeFIOyblCAxMDDrp4zsm5A=&enc=utf8,,0,4,0,0,4,False
부업 월 100만원,기타,박스접는부업,... 송탄이면 좋겠어요 재택이면 엄청좋을거같구요 다음주 월 화 가능합니㉰ 돈이 급해서 부업알려주세여 다단계... 이렇게 포스팅과 sns 건만 열심히 해주셔도 최소 수익 100만 원에 +a로 받아 가실 수가 있어요 ~! 매달 쓰시면 고정...,https://kin.naver.com/qna/detail.naver?d1id=12&dirId=12092826&docId=397887655&qb=67aA7JeFIOyblCAxMDDrp4zsm5A=&enc=utf8,,0,6,0,0,6,False
부업 월 100만원,기타,재택부업 하고싶은데요~,"부업하고싶은데 정보좀 부탁드립니다~ 안녕하세요 질문자님! 저는 직장을... 물론 포/스/팅 알바를 해서 월 몇 천, 억대연봉을 받을 순 없겠지만 한 달에 적게는 50만원에서 많게는 100만원 이상의 고정 급여를 받을 수 있어요! 당연히...",https://kin.naver.com/qna/detail.naver?d1id=1&dirId=10801&docId=282141607&qb=67aA7JeFIOyblCAxMDDrp4zsm5A=&enc=utf8,,0,4,0,2,2,False
부업 월 100만원,기타,부업 헬로드림에 대해 솔직히 알려주세요,부업에 관심이 있는 사람 입니다 인터넷을 통한 사기를 수차례 당해서 금전과 관련하여 불신이 끝없이 쌓여... 한달에 100만원은 벌수 있을까요? 안녕하세요. 0에서 시작했지만 억대수익 달성한 경험을 바탕으로 솔직하게 답변 남겨요....,https://kin.naver.com/qna/detail.naver?d1id=1&dirId=10504&docId=429188846&qb=67aA7JeFIOyblCAxMDDrp4zsm5A=&enc=utf8,,0,4,0,2,2,False
부업 월 100만원,기타,배우자가 부업으로,배우자가 부업으로 작년에 월20~40만원씩 300만원벌고 소득세 3.3%만 뗏는데 연말정산 같이 못하나요? 1. 소득세 3.3%는 근로자를 회사와 고용관계가 없는 사업소득자(프리랜서)로 원천징수 하는방법으로 사업소득이 100만원이 초과하는...,https://kin.naver.com/qna/detail.naver?d1id=20&dirId=2002&docId=319932018&qb=67aA7JeFIOyblCAxMDDrp4zsm5A=&enc=utf8,,0,2,0,0,2,False
부업 월 100만원,기타,집에서할수있는부업 믿을만한건가요??,... 믿을만한 부업은 맞지만 초기비용이 거의 100만원에 육박하고 이미 하는사람도 너무많다보니 경쟁또한 너무... 시작하는 부업인데 월 200~250 만원 정도로도 충분히 생활에 여유찾으실수 있을거라 생각합니다 누구나 수익내는 자기만의...,https://kin.naver.com/qna/detail.naver?d1id=4&dirId=40611&docId=272895117&qb=67aA7JeFIOyblCAxMDDrp4zsm5A=&enc=utf8,,0,6,0,0,6,False
부업 월 100만원,기타,부업질문드립니다,... 일은 하고 있지만 월급으로 제가 할 수 있는건 아무것도 없었어요 내 자신을 바꾸기 위해 여기저기 알아보던 중 재택부업을 선택하게 되었습니다 처음에는 50만원 100만원만 벌 수 있으면 너무 좋겠다 생각했으나 현재 월 1000만원 씩...,https://kin.naver.com/qna/detail.naver?d1id=4&dirId=40611&docId=349684758&qb=67aA7JeFIOyblCAxMDDrp4zsm5A=&enc=utf8,,0,4,0,2,2,False
부업 월 100만원,기타,안녕하세요~~~^^ 요긴언떤ᆢ부업인가,안녕하세요~~~^^ 요긴언떤ᆢ부업인가요~~?? 헬로우드림인가요~~??... 익발생이 가능하시구요~ 많이 하시는 분들은 한달에 100만원이상까지도... 정회.원 1명 모.집당 최대 120만원까지 가능하기때문에 월 천만원 이상의 고수익도 얼마든지...,https://kin.naver.com/qna/detail.naver?d1id=4&dirId=40613&docId=306888961&qb=67aA7JeFIOyblCAxMDDrp4zsm5A=&enc=utf8,,0,4,0,0,4,False
부업 월 100만원,기타,부업구해요,집에서 폰이나 컴터로 할수잇는 부업좀 알려주세용 못해도 한달 100만원정도 벌면좋겟어요 드림큐 헬로우드림처럼... 작성해도 월 최대 15만원! 가장 걱정이 없는게 실적이 없어도 최대 75만원한도로 미실적 지원금도 지원이돼요...,https://kin.naver.com/qna/detail.naver?d1id=4&dirId=40611&docId=276255162&qb=67aA7JeFIOyblCAxMDDrp4zsm5A=&enc=utf8,,0,2,0,0,2,False
부업 월 100만원,기타,집에서 손쉽게 할수있는 부업 없을까요?,... 내 옆으로 한명씩 2명만 채우면 저는 매니저가 되서 한날 1대1이 맞으면 100만원의 수당을 받을 수 있어요. 날짜... 타 부업으로 월 600만원의 수익을 낸 심지마미가 금보바이오닉스를 선택한 이유!! 아시겠죠?^^ 어느것이 효율적인지...,https://kin.naver.com/qna/detail.naver?d1id=4&dirId=40611&docId=197684800&qb=67aA7JeFIOyblCAxMDDrp4zsm5A=&enc=utf8,,0,4,0,0,4,False
부업 월 100만원,기타,충남 아산 부업,... 일은 하고 있지만 월급으로 제가 할 수 있는건 아무것도 없었어요 내 자신을 바꾸기 위해 여기저기 알아보던 중 재택부업을 선택하게 되었습니다 처음에는 50만원 100만원만 벌 수 있으면 너무 좋겠다 생각했으나 현재 월 500~1000만원...,https://kin.naver.com/qna/detail.naver?d1id=12&dirId=121506&docId=351340899&qb=67aA7JeFIOyblCAxMDDrp4zsm5A=&enc=utf8,,0,4,0,0,4,False
부업 월 100만원,기타,부업 추천,... 최대한 빨리 모으고 싶은데 어떤 부업을 하면 좋을까요? 할 줄 아는게 없어서 어려운 거는 못 합니다.... 저도 처음엔 마케팅 일하는게 정말 힘들었지만 지금은 월 100만원 이상이 고정으로 들어온답니다! 누구나 열심히 한다면...,https://kin.naver.com/qna/detail.naver?d1id=4&dirId=40703&docId=462270732&qb=67aA7JeFIOyblCAxMDDrp4zsm5A=&enc=utf8,,0,2,3,2,3,False
부업 월 100만원,기타,만15세 부업,... 일은 하고 있지만 월급으로 제가 할 수 있는건 아무것도 없었어요 내 자신을 바꾸기 위해 여기저기 알아보던 중 재택부업을 선택하게 되었습니다 처음에는 50만원 100만원만 벌 수 있으면 너무 좋겠다 생각했으나 현재 월 500~1000만원...,https://kin.naver.com/qna/detail.naver?d1id=5&dirId=511&docId=350667925&qb=67aA7JeFIOyblCAxMDDrp4zsm5A=&enc=utf8,,0,4,0,0,4,False
부업 월 100만원,기타,집에서 하는 부업으로 월 200 될까요?,... 밖에 나가서 일하지 않고 집에서 하는 부업 만으로도 월 200 이상이 가능할까 궁금하네요 그럴수만 있다면... 30만원부터 ~ 100만원 정도 ★고.수.익인 회.원.모.집.홍.보.활동시 실적1건당 최대200만.원까지 가능 ★현재 초기정착 이.벤....,https://kin.naver.com/qna/detail.naver?d1id=4&dirId=40611&docId=457261743&qb=67aA7JeFIOyblCAxMDDrp4zsm5A=&enc=utf8,,0,2,3,2,3,False
부업 월 100만원,기타,마블인형 납품부업 해보신분 조언 부탁드립니다.,"... 월 200~300만원 정도 수입이 가능하다하는데 ..... 혹시 해보신분이나... 재료비도 안나와요,, 저도 가게가 안돼고 벌이가 너무 약해서 부업으로 그걸... 사실 100만원도 어려워요,,) 잡다하게 돈이 들어갑니다... 엄청 싸웠는데.. 이...",https://kin.naver.com/qna/detail.naver?d1id=4&dirId=407&docId=34387931&qb=67aA7JeFIOyblCAxMDDrp4zsm5A=&enc=utf8,,0,2,0,0,2,False
부업 월 100만원,기타,주안 부업,... 일은 하고 있지만 월급으로 제가 할 수 있는건 아무것도 없었어요 내 자신을 바꾸기 위해 여기저기 알아보던 중 재택부업을 선택하게 되었습니다 처음에는 50만원 100만원만 벌 수 있으면 너무 좋겠다 생각했으나 현재 월 500~1000만원...,https://kin.naver.com/qna/detail.naver?d1id=6&dirId=60802&docId=351448518&qb=67aA7JeFIOyblCAxMDDrp4zsm5A=&enc=utf8,,0,4,0,0,4,False
부업 월 100만원,기타,인터넷으로 부업가능한 가장 좋은 부업은 무엇이...,금리가 높아가고 역환률전쟁이 치열한 이때에 인터넷으로 부업가능한 가장 좋은 부업은 무엇이 있나요? 안녕하세요 저가 요새 열심히 하고있는 플레이업 이라는 플랫폼을 소개 시켜 드릴려고 합니다. 달에 부수입 100만원 벌기를...,https://kin.naver.com/qna/detail.naver?d1id=4&dirId=408&docId=425132684&qb=67aA7JeFIOyblCAxMDDrp4zsm5A=&enc=utf8,,0,4,0,0,4,False
부업 월 100만원,콘텐츠,인스타에 어떤 시람들이 막 부업 한다,... 일은 하고 있지만 월급으로 제가 할 수 있는건 아무것도 없었어요 내 자신을 바꾸기 위해 여기저기 알아보던 중 재택부업을 선택하게 되었습니다 처음에는 50만원 100만원만 벌 수 있으면 너무 좋겠다 생각했으나 현재 월 500~1000만원...,https://kin.naver.com/qna/detail.naver?d1id=1&dirId=1061203&docId=350971868&qb=67aA7JeFIOyblCAxMDDrp4zsm5A=&enc=utf8,,0,4,0,0,4,False
부업 월 100만원,기타,역곡 부업,... 일은 하고 있지만 월급으로 제가 할 수 있는건 아무것도 없었어요 내 자신을 바꾸기 위해 여기저기 알아보던 중 재택부업을 선택하게 되었습니다 처음에는 50만원 100만원만 벌 수 있으면 너무 좋겠다 생각했으나 현재 월 500~1000만원...,https://kin.naver.com/qna/detail.naver?d1id=1&dirId=1010304&docId=349940354&qb=67aA7JeFIOyblCAxMDDrp4zsm5A=&enc=utf8,,0,4,0,0,4,False
부업 월 100만원,기타,송파 재택부업하고 싶어요,"... 저도 타 부업으로 월 600만원의 수익도 내 봤고. 신규부업초기선점 이라고 해서 해봤지만 그걸로는 오히려 돈을 못... 또 실적발생,1대1매칭 되서 수당금 100만원!!^^ 오늘은 저 1대1 매칭 없었는데 하부회원님께서 매칭 되셔서...",https://kin.naver.com/qna/detail.naver?d1id=4&dirId=40611&docId=197897657&qb=67aA7JeFIOyblCAxMDDrp4zsm5A=&enc=utf8,,0,6,0,0,6,False
부업 월 100만원,기타,주부부업 가능한곳,... 일은 하고 있지만 월급으로 제가 할 수 있는건 아무것도 없었어요 내 자신을 바꾸기 위해 여기저기 알아보던 중 재택부업을 선택하게 되었습니다 처음에는 50만원 100만원만 벌 수 있으면 너무 좋겠다 생각했으나 현재 월 500~1000만원...,https://kin.naver.com/qna/detail.naver?d1id=4&dirId=40611&docId=350931770&qb=67aA7JeFIOyblCAxMDDrp4zsm5A=&enc=utf8,,0,4,0,0,4,False
부업 월 100만원,기타,집에서 할만한 부업 뭐가있을까요 ?,... 일은 하고 있지만 월급으로 제가 할 수 있는건 아무것도 없었어요 내 자신을 바꾸기 위해 여기저기 알아보던 중 재택부업을 선택하게 되었습니다 처음에는 50만원 100만원만 벌 수 있으면 너무 좋겠다 생각했으나 현재 월 500~1000만원...,https://kin.naver.com/qna/detail.naver?d1id=4&dirId=40611&docId=351377477&qb=67aA7JeFIOyblCAxMDDrp4zsm5A=&enc=utf8,,0,4,0,0,4,False
부업 월 100만원,기타,하안동 부업,... 일은 하고 있지만 월급으로 제가 할 수 있는건 아무것도 없었어요 내 자신을 바꾸기 위해 여기저기 알아보던 중 재택부업을 선택하게 되었습니다 처음에는 50만원 100만원만 벌 수 있으면 너무 좋겠다 생각했으나 현재 월 500~1000만원...,https://kin.naver.com/qna/detail.naver?d1id=5&dirId=50501&docId=350683094&qb=67aA7JeFIOyblCAxMDDrp4zsm5A=&enc=utf8,,0,4,0,0,4,False
부업 월 100만원,기타,부업 중고차딜러 사원증,... 일은 하고 있지만 월급으로 제가 할 수 있는건 아무것도 없었어요 내 자신을 바꾸기 위해 여기저기 알아보던 중 재택부업을 선택하게 되었습니다 처음에는 50만원 100만원만 벌 수 있으면 너무 좋겠다 생각했으나 현재 월 500~1000만원...,https://kin.naver.com/qna/detail.naver?d1id=5&dirId=50703&docId=350241864&qb=67aA7JeFIOyblCAxMDDrp4zsm5A=&enc=utf8,,0,4,0,0,4,False
부업 월 100만원,기타,청량리역 부업,... 일은 하고 있지만 월급으로 제가 할 수 있는건 아무것도 없었어요 내 자신을 바꾸기 위해 여기저기 알아보던 중 재택부업을 선택하게 되었습니다 처음에는 50만원 100만원만 벌 수 있으면 너무 좋겠다 생각했으나 현재 월 500~1000만원...,https://kin.naver.com/qna/detail.naver?d1id=12&dirId=12012508&docId=350149538&qb=67aA7JeFIOyblCAxMDDrp4zsm5A=&enc=utf8,,0,4,0,0,4,False
부업 월 100만원,기타,여기 부업 알바 어떻게 하는 건가요?,... 재택부업입니다^^ 포스팅만으로 매달 30~50만원정도는 고정적으로 수.익발생이 가능하시구요~ 많이 하시는 분들은 한달에 100만원이상까지도 받아가시는... 정회.원 1명 모.집당 최대 120만원까지 가능하기때문에 월 천만원 이상의...,https://kin.naver.com/qna/detail.naver?d1id=4&dirId=40613&docId=309500806&qb=67aA7JeFIOyblCAxMDDrp4zsm5A=&enc=utf8,,0,4,0,0,4,False
부업 월 100만원,기타,안동부업거리찾기,... 내 옆으로 한명씩 2명만 채우면 저는 매니저가 되서 한날 1대1이 맞으면 100만원의 수당을 받을 수 있어요. 날짜... 타 부업으로 월 600만원의 수익을 낸 심지마미가 금보바이오닉스를 선택한 이유!! 아시겠죠?^^ 어느것이 효율적인지...,https://kin.naver.com/qna/detail.naver?d1id=12&dirId=121107&docId=197698734&qb=67aA7JeFIOyblCAxMDDrp4zsm5A=&enc=utf8,,0,4,0,0,4,False
부업 월 100만원,기타,부업이뭔지??헷갈리네요,"... - 매 월 추가 수익금 지급 프로모션 진행 및 기타 이벤트 진행 됩니다. 1만원의 신규 가입 적립금도 받으시고, 고소득 부업을 하실 수 있는 기회도 잡으시길 바랍니다. #부수입100만원벌기 #온라인수익창출 #디지털노마드 #재택부업...",https://kin.naver.com/qna/detail.naver?d1id=4&dirId=40613&docId=401874198&qb=67aA7JeFIOyblCAxMDDrp4zsm5A=&enc=utf8,,0,8,0,0,8,False
부업 월 100만원,기타,학생인데 부업 가능할까요,... 일은 하고 있지만 월급으로 제가 할 수 있는건 아무것도 없었어요 내 자신을 바꾸기 위해 여기저기 알아보던 중 재택부업을 선택하게 되었습니다 처음에는 50만원 100만원만 벌 수 있으면 너무 좋겠다 생각했으나 현재 월 500~1000만원...,https://kin.naver.com/qna/detail.naver?d1id=4&dirId=40611&docId=351137762&qb=67aA7JeFIOyblCAxMDDrp4zsm5A=&enc=utf8,,0,4,0,0,4,False
부업 월 100만원,기타,편하고 쉽게 할 수 있는 부업 찾고,편하고 쉽게 할 수 있는 부업 찾고 있어요~! 사기성 부업들 엄청 많아요 많이 생기는것도 부업이고 빨리 사리지는곳도... 월100만원정도 수익이 난다고 하더라구요 처음엔 부족한부분은 아카데미로 교육 받으시고 마스터님을 많이...,https://kin.naver.com/qna/detail.naver?d1id=4&dirId=40611&docId=404197891&qb=67aA7JeFIOyblCAxMDDrp4zsm5A=&enc=utf8,,0,4,0,0,4,False
부업 월 100만원,기타,제가 부업을 하는데요...가격좀 제가 초보라서 너무 적게...,"... 손부업 말고 단순한 타이핑만으로 월 20-400만원의 수익을 받으실수있는 [재택근무] 쪽을 추천드립니다; 손부업도... 버실때 100만원 버시고, 160만원 버실때 회원님은 400만원을 벌으시게 됩니다. 차이가 엄청 나지요? (초기비용은 활동...",https://kin.naver.com/qna/detail.naver?d1id=5&dirId=50501&docId=220516162&qb=67aA7JeFIOyblCAxMDDrp4zsm5A=&enc=utf8,,0,8,0,2,6,False
부업 월 100만원,기타,인터넷 신규부업,... 내 옆으로 한명씩 2명만 채우면 저는 매니저가 되서 한날 1대1이 맞으면 50만원 + 첫수당 보너스 100만원 = 150만원의... 타 부업으로 월 600만원의 수익을 낸 심지마미가 금보바이오닉스를 선택한 이유!! 아시겠죠?^^ 어느것이 효율적인지...,https://kin.naver.com/qna/detail.naver?d1id=4&dirId=40611&docId=197614319&qb=67aA7JeFIOyblCAxMDDrp4zsm5A=&enc=utf8,,0,4,0,0,4,False
부업 월 100만원,기타,퇴직 후 부업으로,... 없어서 부업을 좀 할까하는데 제가 디자이너라서 포토샵이랑... 1달 100만원이상 버는 직장인 투잡 * 20대~ 60대 남녀 멘티님들 수익 내오셨구요 실제 본사의 공식랭킹은 글쓰는 업무만으로도 정회원님들 월 100~200만원대...,https://kin.naver.com/qna/detail.naver?d1id=3&dirId=31301&docId=364906402&qb=67aA7JeFIOyblCAxMDDrp4zsm5A=&enc=utf8,,0,6,0,0,6,False
부업 월 100만원,기타,아이둘맘에요 님이 하시고계신 부업하는,아이둘맘에요 님이 하시고계신 부업하는방법은 어떻게되나요... 익발생이 가능하시구요~ 많이 하시는 분들은 한달에 100만원이상까지도 받아가시는... 정회.원 1명 모.집당 최대 120만원까지 가능하기때문에 월 천만원 이상의 고수익도...,https://kin.naver.com/qna/detail.naver?d1id=4&dirId=40611&docId=306760017&qb=67aA7JeFIOyblCAxMDDrp4zsm5A=&enc=utf8,,0,4,0,0,4,False
부업 월 100만원,기타,광주 광산구 손부업,손부업 하고싶은데 머없을까요?? 입덧도있구 그래서 다니던 직장도 그만뒀구요 그러다보니... 시작한지 한달 뒤 1.760달러 수표를 우편으로 받고 은행에서 바꾸고 보니 100만원이 넘더군요. 우리에겐 큰돈이지만...,https://kin.naver.com/qna/detail.naver?d1id=12&dirId=12050461&docId=225361561&qb=67aA7JeFIOyblCAxMDDrp4zsm5A=&enc=utf8,,0,2,0,0,2,False
부업 월 100만원,기타,부업알바 너무 많던데 어떤게 괜찮을까요?,안녕하세요 직장다니면서 한 50 ~100만원 정도 수입되는 집에서 할수 있는 일 있은까요? 인터넷보니까 너무 많아서... 시작한 부업으로 시간&장소 구애없이 자유롭게 일할수 있었던 덕분에 매달 수.백.씩 벌게 되어 본업으로 전향한 이후...,https://kin.naver.com/qna/detail.naver?d1id=4&dirId=40611&docId=372465297&qb=67aA7JeFIOyblCAxMDDrp4zsm5A=&enc=utf8,,0,2,0,0,2,False
부업 월 100만원,기타,안녕하세용~헬로우드림이라는부업 말인대용~,... 일은 하고 있지만 월급으로 제가 할 수 있는건 아무것도 없었어요 내 자신을 바꾸기 위해 여기저기 알아보던 중 재택부업을 선택하게 되었습니다 처음에는 50만원 100만원만 벌 수 있으면 너무 좋겠다 생각했으나 현재 월 500~1000만원...,https://kin.naver.com/qna/detail.naver?d1id=4&dirId=40611&docId=351469131&qb=67aA7JeFIOyblCAxMDDrp4zsm5A=&enc=utf8,,0,4,0,0,4,False
부업 월 100만원,기타,요즘 광고 업로드 하고 부업 하는거 어려운가요?,... 일은 하고 있지만 월급으로 제가 할 수 있는건 아무것도 없었어요 내 자신을 바꾸기 위해 여기저기 알아보던 중 재택부업을 선택하게 되었습니다 처음에는 50만원 100만원만 벌 수 있으면 너무 좋겠다 생각했으나 현재 월 500~1000만원...,https://kin.naver.com/qna/detail.naver?d1id=4&dirId=40401&docId=350651824&qb=67aA7JeFIOyblCAxMDDrp4zsm5A=&enc=utf8,,0,4,0,0,4,False
부업 월 100만원,기타,고등학생 부업,... 일은 하고 있지만 월급으로 제가 할 수 있는건 아무것도 없었어요 내 자신을 바꾸기 위해 여기저기 알아보던 중 재택부업을 선택하게 되었습니다 처음에는 50만원 100만원만 벌 수 있으면 너무 좋겠다 생각했으나 현재 월 500~1000만원...,https://kin.naver.com/qna/detail.naver?d1id=4&dirId=40611&docId=350974195&qb=67aA7JeFIOyblCAxMDDrp4zsm5A=&enc=utf8,,0,4,0,0,4,False
부업 월 100만원,기타,부업을 검색하다 씨엠앤지라는 회사..,부업을 찾다가 씨엠앤지라는 회사를 봤는데요.. 아무나 부업으로 할수 있나요? 그리고 회사는 어떤 회사이며... (경험사례 2) 저는 1000만원의 카드빚으로 이자만 100만원 이상... 그리고 신용불량자로 사회에서 부당한 대우를 받고...,https://kin.naver.com/qna/detail.naver?d1id=4&dirId=40611&docId=180237060&qb=67aA7JeFIOyblCAxMDDrp4zsm5A=&enc=utf8,,0,2,0,0,2,False
부업 월 100만원,기타,주부부업 뭐가있을까요??,... 주부부업자리 알아보고있습니다 40대이구요... 손재주는 없지만... 한달에 5건만 해도 세금떼고 100만원 이상 씩 수익을 가져가실 수있습니다. 처음엔... 다른 사람들 처럼 월 300이상 씩 버는 월급통장을 자랑하고 계실거예요.. 더욱...,https://kin.naver.com/qna/detail.naver?d1id=8&dirId=8&docId=131295405&qb=67aA7JeFIOyblCAxMDDrp4zsm5A=&enc=utf8,,0,4,0,0,4,False
부업 월 100만원,기타,미성년자도 가능한 부업 알려주세요(19살),... 일은 하고 있지만 월급으로 제가 할 수 있는건 아무것도 없었어요 내 자신을 바꾸기 위해 여기저기 알아보던 중 재택부업을 선택하게 되었습니다 처음에는 50만원 100만원만 벌 수 있으면 너무 좋겠다 생각했으나 현재 월 500~1000만원...,https://kin.naver.com/qna/detail.naver?d1id=4&dirId=40703&docId=354566714&qb=67aA7JeFIOyblCAxMDDrp4zsm5A=&enc=utf8,,0,4,0,2,2,False
부업 월 100만원,기타,금강아파트 사는데요 아직도 부업하고계신가요?,금강아파트 사는데요 아직도 부업하고계신가요? 대구 공식 투잡 PlusMobile 입니다.... 하고자 하는 노력만 있으며 월 1000만원까지 수익을 누릴수있습니다. 휴대폰 매장에 한달 내내 출근 하며 100만원 식 받고 인센티브 10%로도 안되는...,https://kin.naver.com/qna/detail.naver?d1id=12&dirId=12030804&docId=181681249&qb=67aA7JeFIOyblCAxMDDrp4zsm5A=&enc=utf8,,0,6,0,0,6,False
부업 월 100만원,기타,재택알바나 부업 종류가 많던데 어떤게 괜찮은가요?,"... 저도 타 부업으로 월 600만원의 수익도 내 봤고. 신규부업,초기선점 이라고 해서 해봤지만 그걸로는 오히려 돈을 못... 또 실적발생,1대1매칭 되서 수당금 100만원!!^^ 실적 없었는데 추천수당으로 수당금이 또 입금!! 기존 재택부업...",https://kin.naver.com/qna/detail.naver?d1id=4&dirId=40611&docId=198196145&qb=67aA7JeFIOyblCAxMDDrp4zsm5A=&enc=utf8,,0,6,0,2,4,False
부업 월 100만원,기타,집에서 짬짬이 부업할만한거 없을까요?,... 내 옆으로 한명씩 2명만 채우면 저는 매니저가 되서 한날 1대1이 맞으면 100만원의 수당을 받을 수 있어요. 날짜... 타 부업으로 월 600만원의 수익을 낸 심지마미가 금보바이오닉스를 선택한 이유!! 아시겠죠?^^ 어느것이 효율적인지...,https://kin.naver.com/qna/detail.naver?d1id=4&dirId=40611&docId=197682798&qb=67aA7JeFIOyblCAxMDDrp4zsm5A=&enc=utf8,,0,4,0,0,4,False
부업 월 100만원,배달,"개인회생 중 친구에게 빌려준 돈, 사기죄 고소 가능할까요?","... 달마다 100만원씩 갚겠다 언제언제 회생풀어서 대출해서 목돈갚겠다 아버지 은퇴하니 그때 아파트물려받고 갚겠다 배달오토바이로 부업해서 갚겠다, 게임 캐릭터 380만원정도 투자해서 갚겠다 항상 납기는 정하고 빌려가고 월...",https://kin.naver.com/qna/detail.naver?d1id=6&dirId=60215&docId=492668352&qb=67aA7JeFIOyblCAxMDDrp4zsm5A=&enc=utf8,,0,6,0,0,6,False
부업 월 100만원,기타,공무원하면서 부업으로 하면 좋을거,... 일은 하고 있지만 월급으로 제가 할 수 있는건 아무것도 없었어요 내 자신을 바꾸기 위해 여기저기 알아보던 중 재택부업을 선택하게 되었습니다 처음에는 50만원 100만원만 벌 수 있으면 너무 좋겠다 생각했으나 현재 월 1000만원 씩...,https://kin.naver.com/qna/detail.naver?d1id=4&dirId=40601&docId=349641823&qb=67aA7JeFIOyblCAxMDDrp4zsm5A=&enc=utf8,,0,4,0,0,4,False
부업 월 100만원,기타,부업을 하고싶은데요. 어떻게 찾으면 좋아요,... 일은 하고 있지만 월급으로 제가 할 수 있는건 아무것도 없었어요 내 자신을 바꾸기 위해 여기저기 알아보던 중 재택부업을 선택하게 되었습니다 처음에는 50만원 100만원만 벌 수 있으면 너무 좋겠다 생각했으나 현재 월 500~1000만원...,https://kin.naver.com/qna/detail.naver?d1id=8&dirId=816&docId=351122912&qb=67aA7JeFIOyblCAxMDDrp4zsm5A=&enc=utf8,,0,4,0,0,4,False
부업 월 100만원,기타,손부업 구하는데.. 어디 사이트 같은델 들어가보면...,손부업을 구하고 있는데 잘 안찾아지네요.. 정보를 얻으려면 어디 사이트 같은델 들어가보면 나오나요? 집으로... 달아주시면 수당을 받을 수 있어요 월 30~100만원 고정 수익 입니다~!! 긴글 읽어주셔서 감사하구요 좋은 하루 보내세요~,https://kin.naver.com/qna/detail.naver?d1id=12&dirId=1209140308&docId=357742990&qb=67aA7JeFIOyblCAxMDDrp4zsm5A=&enc=utf8,,0,4,0,0,4,False
부업 월 100만원,기타,부업 알아보고 있는데 어떤게 괜찮을까요??,... 일은 하고 있지만 월급으로 제가 할 수 있는건 아무것도 없었어요 내 자신을 바꾸기 위해 여기저기 알아보던 중 재택부업을 선택하게 되었습니다 처음에는 50만원 100만원만 벌 수 있으면 너무 좋겠다 생각했으나 현재 월 500~1000만원...,https://kin.naver.com/qna/detail.naver?d1id=4&dirId=40611&docId=350623541&qb=67aA7JeFIOyblCAxMDDrp4zsm5A=&enc=utf8,,0,4,0,0,4,False
부업 월 100만원,블로그,충주 부업 하구싶어요 구슬꿰기 같은거? 충주에도 있나요,"... 100만원 참여자격도주어집니다 컴퓨터만켜놔도 돈을버는 드림오토가오픈되어~한달에만원~최대6만원을입금해줍니다 한국소비자선호도1위 브랜드대상까지거머쥔 믿음이있는회사입니다 제블로그들어오세여~좋은일자리,부업,알바...",https://kin.naver.com/qna/detail.naver?d1id=12&dirId=121603&docId=180689650&qb=67aA7JeFIOyblCAxMDDrp4zsm5A=&enc=utf8,,0,4,0,0,4,False
부업 월 100만원,기타,애드펌킨에서 부업해보신분 ㅇ오래일하신,... 일은 하고 있지만 월급으로 제가 할 수 있는건 아무것도 없었어요 내 자신을 바꾸기 위해 여기저기 알아보던 중 재택부업을 선택하게 되었습니다 처음에는 50만원 100만원만 벌 수 있으면 너무 좋겠다 생각했으나 현재 월 1000만원 씩...,https://kin.naver.com/qna/detail.naver?d1id=4&dirId=406&docId=349568951&qb=67aA7JeFIOyblCAxMDDrp4zsm5A=&enc=utf8,,0,4,0,0,4,False
부업 월 100만원,기타,부업 세금,... 현재 부업으로 부자재를 사고파는 일을 하고 있습니다.단순히 한가지 품목을 사서 10%의 마진만 남기고 판매하고 있는데요.처음에는 사업자 등록을 하고 판매하려고 했으나 판매기간이 1년에 3개월 내외이고 소득도 월100만원 정도...,https://kin.naver.com/qna/detail.naver?d1id=4&dirId=40309&docId=286126182&qb=67aA7JeFIOyblCAxMDDrp4zsm5A=&enc=utf8,,0,2,0,0,2,False
부업 월 100만원,기타,부업하는데 개당 5원이에요,부업하는데 개당 5원이에요 주6일로 100만원씩 벌려면 하루에 몇개씩 해야 100만원을 채울수있을까요? 안녕하세요^_^ 5원인데.. 일주일사이에 100은 힘들거 같아요ㅠㅠ ------------------------------------------------------------------- 저 역시...,https://kin.naver.com/qna/detail.naver?d1id=4&dirId=401&docId=353311398&qb=67aA7JeFIOyblCAxMDDrp4zsm5A=&enc=utf8,,0,2,0,0,2,False
부업 월 100만원,기타,재택부업으로 하이프랜드 선택하려고 해요,... 내 옆으로 한명씩 2명만 채우면 저는 매니저가 되서 한날 1대1이 맞으면 50만원 + 첫수당 보너스 100만원 = 150만원의... 타 부업으로 월 600만원의 수익을 낸 심지마미가 금보바이오닉스를 선택한 이유!! 아시겠죠?^^ 어느것이 효율적인지...,https://kin.naver.com/qna/detail.naver?d1id=4&dirId=40611&docId=197610080&qb=67aA7JeFIOyblCAxMDDrp4zsm5A=&enc=utf8,,0,6,0,0,6,False
부업 월 100만원,기타,부모님 빚 1억원정도 빨리 갚는법좀.. 부업?투잡?,... 그래서 자취중인데 소득에서 최소생활비빼고 100만원정도남으면 많이 남는거같은데 진짜 우울하네요 자살말고답이없을까여 하루하루 잠이안옵니다 자다말고 장황하게 글썼는데 양해부탁드려요 읽어줏더서감사합나다 앞으로...,https://kin.naver.com/qna/detail.naver?d1id=6&dirId=60212&docId=427077632&qb=67aA7JeFIOyblCAxMDDrp4zsm5A=&enc=utf8,,0,4,0,0,4,False
부업 월 100만원,스마트스토어,집에서하는부업 관련해서 경험자분들의 조언이 필요해요,... 부업 추천 정리 부업 종류 난이도 초기 비용 수익 가능성 블로그 & 애드센스 ⭐⭐⭐ 0원 월 10만~100만 원+ 스마트스토어 ⭐⭐⭐⭐ 적음(위탁 가능) 월 50만~수백만 원 쿠팡 파트너스 ⭐ 0원 월 10만~300만 원 재능 판매(크몽) ⭐⭐ 0원...,https://kin.naver.com/qna/detail.naver?d1id=4&dirId=40607&docId=481220512&qb=67aA7JeFIOyblCAxMDDrp4zsm5A=&enc=utf8,,0,8,0,2,6,False
부업 월 100만원,기타,간단한부업,"... 요즘 대세라고, 초기전점이라고, 신규부업이라고 다 잘 되는건 아니더라구요. 저도 드림큐로 월 600만원의 수익도... 어제도 실적발생,1대1매칭 되서 수당금 100만원!!^^ 기존 재택부업(기존수익구조)으로는 실적내시기 어려우세요....",https://kin.naver.com/qna/detail.naver?d1id=4&dirId=40611&docId=197864427&qb=67aA7JeFIOyblCAxMDDrp4zsm5A=&enc=utf8,,0,6,0,0,6,False
부업 월 100만원,기타,부업종류가너무많아서고민이네요,... 내 옆으로 한명씩 2명만 채우면 저는 매니저가 되서 한날 1대1이 맞으면 50만원 + 첫수당 보너스 100만원 = 150만원의... 타 부업으로 월 600만원의 수익을 낸 심지마미가 금보바이오닉스를 선택한 이유!! 아시겠죠?^^ 어느것이 효율적인지...,https://kin.naver.com/qna/detail.naver?d1id=4&dirId=40611&docId=197313599&qb=67aA7JeFIOyblCAxMDDrp4zsm5A=&enc=utf8,,0,4,0,0,4,False
부업 월 100만원,기타,회사다니면서 부업중인데 세금이나 기타 신경써야할...,회사다니면서 지금 술집에서 부업 중입니다. 설명 먼저 드리면 계약서에는... 일하고 100만원 넘게 수익이 있다면 큰돈 아닌가요? 저희 팀에서는 7개월 만에 100~300만원 받으시는분들도 있으시고 월 1000만원도 받는분들 계시더라구요...,https://kin.naver.com/qna/detail.naver?d1id=4&dirId=40305&docId=415293429&qb=67aA7JeFIOyblCAxMDDrp4zsm5A=&enc=utf8,,0,4,0,0,4,False
부업 월 100만원,기타,부업 신용카드 발급,... 이제 부업을 시작하게 되었는데 부업이라 인터넷부업 같은곳인데 따로... 업종별0.5~3% M포인트기본적립 50만~100만원 미만 기본 0.5~3% 적립. 월100만원... 세대주이며 월 5만원이상 & 3개월이상 납부자. ◀보험료 납입자 : 저축성...,https://kin.naver.com/qna/detail.naver?d1id=4&dirId=40104&docId=340496951&qb=67aA7JeFIOyblCAxMDDrp4zsm5A=&enc=utf8,,0,2,0,0,2,False
부업 월 100만원,콘텐츠,간단 부업 추천,"간단 하게 부업으로 할거 추천 좀 바래요 예를 들어 틱톡 ,머니쿤 몇개 있으면. 추천 해주고. 설명도 쉽게... 저도 처음엔 마케팅 일하는게 정말 힘들었지만 지금은 월 100만원 이상이 고정으로 들어온답니다! 누구나 열심히 한다면...",https://kin.naver.com/qna/detail.naver?d1id=12&dirId=12093120&docId=480030811&qb=67aA7JeFIOyblCAxMDDrp4zsm5A=&enc=utf8,,0,2,3,4,1,False
부업 월 100만원,기타,재택부업 하이프랜드 어떤가요?,... 내 옆으로 한명씩 2명만 채우면 저는 매니저가 되서 한날 1대1이 맞으면 50만원 + 첫수당 보너스 100만원 = 150만원의... 타 부업으로 월 600만원의 수익을 낸 심지마미가 금보바이오닉스를 선택한 이유!! 아시겠죠?^^ 어느것이 효율적인지...,https://kin.naver.com/qna/detail.naver?d1id=4&dirId=40611&docId=197611100&qb=67aA7JeFIOyblCAxMDDrp4zsm5A=&enc=utf8,,0,6,0,2,4,False
부업 월 100만원,기타,주부 부업추천,... 내 옆으로 한명씩 2명만 채우면 저는 매니저가 되서 한날 1대1이 맞으면 100만원의 수당을 받을 수 있어요. 날짜... 타 부업으로 월 600만원의 수익을 낸 심지마미가 금보바이오닉스를 선택한 이유!! 아시겠죠?^^ 어느것이 효율적인지...,https://kin.naver.com/qna/detail.naver?d1id=4&dirId=40611&docId=197723360&qb=67aA7JeFIOyblCAxMDDrp4zsm5A=&enc=utf8,,0,4,0,2,2,False
부업 월 100만원,기타,집에서 하는 부업을 하고 싶은데 병의 관계상 밖에 일을...,"... 무슨 네임카드 들어오라는 둥, 스마트폰 하나만 있으면 한달에 20씩 시작해서 100만원 넘게 번다는 둥 과장광고 있으면 신고 할 겁니다. 아예 수입이 없어서 20이라도 벌어야 생활이 가능한 시점이므로 마땅한 부업 좀 부탁 드릴게요....",https://kin.naver.com/qna/detail.naver?d1id=4&dirId=40611&docId=280231713&qb=67aA7JeFIOyblCAxMDDrp4zsm5A=&enc=utf8,,0,2,0,0,2,False
부업 월 100만원,기타,가입비가 들지않는 손부업,집에서 할수있는 부업을 찾는중이에요 인터넷으로 하는거 말고 봉투접기같은... 가입시켜 100만원의 수익을 냈어요 한건당 최대 60만원이기때문에... 일하고있구요 월 적게는 100 많게는 600 정도 벌고있어요 이렇게 월 이정도 벌꺼...,https://kin.naver.com/qna/detail.naver?d1id=4&dirId=40611&docId=233399501&qb=67aA7JeFIOyblCAxMDDrp4zsm5A=&enc=utf8,,0,4,0,0,4,False
부업 월 100만원,기타,기본수익 있는 재택부업 부탁드려요,... 내 옆으로 한명씩 2명만 채우면 저는 매니저가 되서 한날 1대1이 맞으면 50만원 + 첫수당 보너스 100만원 = 150만원의... 타 부업으로 월 600만원의 수익을 낸 심지마미가 금보바이오닉스를 선택한 이유!! 아시겠죠?^^ 어느것이 효율적인지...,https://kin.naver.com/qna/detail.naver?d1id=4&dirId=40611&docId=197611177&qb=67aA7JeFIOyblCAxMDDrp4zsm5A=&enc=utf8,,0,6,0,0,6,False
부업 월 100만원,기타,쿠팡 위탁판매 부업을 하려고 하는데,쿠팡 위탁 판매 부업을 시작하려고 사업자등록증을 만들려고 하는데 증빙서류에 임대차계약서나 사업계획서를... 운영방식은 재고없이 위탁판매로 진행 예정이고 초기 예상 월 매출은 약 100만원입니다. 이런 식으로 제출해보세요!...,https://kin.naver.com/qna/detail.naver?d1id=4&dirId=40306&docId=481197464&qb=67aA7JeFIOyblCAxMDDrp4zsm5A=&enc=utf8,,0,4,0,0,4,False
부업 월 100만원,기타,부업 어떻게하는지 알려주실수잇나요?ㅎ,부업 어떻게하는지 알려주실수잇나요?ㅎㅎ 안녕하세요? 집에서 간단히 댓글작성이나 포스팅하는 알바인데요... 초보자들도 쉽게 할 수있는 알바라 누구나 가능하시고요 수익부분은 적게는 10만 ~많게는 100만원까지 수익이 나시고요...,https://kin.naver.com/qna/detail.naver?d1id=6&dirId=60805&docId=301877729&qb=67aA7JeFIOyblCAxMDDrp4zsm5A=&enc=utf8,,0,4,0,0,4,False
부업 월 100만원,기타,집에서하는부업,... 재택근무인데 돈도안되는 다단계 재택알바 하시지 마시구요~ 다음카페나 네이버카페만으로 월100만원이상을... 적어도 한달에 100만원정도는 벌어야 재택근무라고 하지 않겠습니까? 제가 다음카페로 돈을 버는방법 그대로...,https://kin.naver.com/qna/detail.naver?d1id=4&dirId=40611&docId=35172035&qb=67aA7JeFIOyblCAxMDDrp4zsm5A=&enc=utf8,,0,4,0,0,4,False
부업 월 100만원,기타,새출발기금 궁금합니다,"... 질문자님께서 월 100만 원의 변제금이 불안하다고 말씀하신 점에 대해 자세히 말씀드리겠습니다. 개인회생... 늘어나거나, 월 변제금이 소폭 상향될 수도 있습니다. ◈ 본업 외 추가 소득(투잡/부업)에 대한 중요한 점 질문자님처럼...",https://kin.naver.com/qna/detail.naver?d1id=6&dirId=60203&docId=492621124&qb=67aA7JeFIOyblCAxMDDrp4zsm5A=&enc=utf8,,0,4,3,4,3,False
부업 월 100만원,기타,중3 부업어디서구하나요?,... 어느날부터 용돈이끊겨 제힘으로 제용돈을벌어쓰자라는생각이들어 부업할려고합니다 부업을... 시작한지 한달 뒤 1.760달러 수표를 우편으로 받고 은행에서 바꾸고 보니 100만원이 넘더군요. 우리에겐 큰돈이지만...,https://kin.naver.com/qna/detail.naver?d1id=4&dirId=40611&docId=225822803&qb=67aA7JeFIOyblCAxMDDrp4zsm5A=&enc=utf8,,0,2,0,0,2,False
부업 월 100만원,배달,직장인 부업으로 쿠팡이츠하면 뭐 신고해야하나요?,말 그대로 남편이 회사 퇴근하고 쿠팡이츠 하루에 3-4시간 하고 있어요.(주말도 하루정도 하고 있음) 11월 중순부터 시작해서 월 부수입이 100만원은 안넘길것 같아요.(12월은 얼마가 될지 모르겠지만..) 어떤 글에서 보니 5월에...,https://kin.naver.com/qna/detail.naver?d1id=4&dirId=40309&docId=459272217&qb=67aA7JeFIOyblCAxMDDrp4zsm5A=&enc=utf8,,0,4,0,0,4,False
부업 월 100만원,기타,학생 집애서 할 수있는 부업,중학생인데요 용돈 벌어서 엄마 백 선물 해드릴려고 ㅋㅋ 그리고 제 용돈 할려고 할려고 부업 구하고... 시작한지 한달 뒤 1.760달러 수표를 우편으로 받고 은행에서 바꾸고 보니 100만원이 넘더군요. 우리에겐...,https://kin.naver.com/qna/detail.naver?d1id=4&dirId=4&docId=225778087&qb=67aA7JeFIOyblCAxMDDrp4zsm5A=&enc=utf8,,0,2,0,0,2,False
부업 월 100만원,블로그,손부업구해요!,"... 100만원 참여자격도주어집니다 컴퓨터만켜놔도 돈을버는 드림오토가오픈되어~한달에만원~최대6만원을입금해줍니다 한국소비자선호도1위 브랜드대상까지거머쥔 믿음이있는회사입니다 제블로그들어오세여~좋은일자리,부업,알바...",https://kin.naver.com/qna/detail.naver?d1id=4&dirId=40611&docId=180612609&qb=67aA7JeFIOyblCAxMDDrp4zsm5A=&enc=utf8,,0,4,0,0,4,False
부업 월 100만원,블로그,벌려고 합니다... 부업을할려고 하는데... 도와주세요,"... 달인수당100만원 참여자격도주어집니다 한국소비자선호도1위 브랜드대상까지거머쥔 믿음이있는회사입니다 제블로그들어오세여~좋은일자리,부업,알바,투잡찾으시길기원합니다 좋은일자리~First-Dream 편안한마음으로~일시작하세여!...",https://kin.naver.com/qna/detail.naver?d1id=12&dirId=12030831&docId=178729197&qb=67aA7JeFIOyblCAxMDDrp4zsm5A=&enc=utf8,,0,6,0,2,4,False
부업 월 100만원,기타,짬나는 시간 동안 할수있는 부업이 있을까요?,"... 저도 타 부업으로 월 600만원의 수익도 내 봤고. 신규부업초기선점 이라고 해서 해봤지만 그걸로는 오히려 돈을 못... 또 실적발생,1대1매칭 되서 수당금 100만원!!^^ 오늘은 저 1대1 매칭 없었는데 하부회원님께서 매칭 되셔서...",https://kin.naver.com/qna/detail.naver?d1id=4&dirId=40611&docId=197942040&qb=67aA7JeFIOyblCAxMDDrp4zsm5A=&enc=utf8,,0,4,0,0,4,False
부업 월 100만원,기타,청소년 재택부업,... 일은 하고 있지만 월급으로 제가 할 수 있는건 아무것도 없었어요 내 자신을 바꾸기 위해 여기저기 알아보던 중 재택부업을 선택하게 되었습니다 처음에는 50만원 100만원만 벌 수 있으면 너무 좋겠다 생각했으나 현재 월 500~1000만원...,https://kin.naver.com/qna/detail.naver?d1id=4&dirId=40611&docId=350201983&qb=67aA7JeFIOyblCAxMDDrp4zsm5A=&enc=utf8,,0,4,0,0,4,False
부업 월 100만원,기타,집에서 할수 있는 부업 소개부탁해요,... 내 옆으로 한명씩 2명만 채우면 저는 매니저가 되서 한날 1대1이 맞으면 50만원 + 첫수당 보너스 100만원 = 150만원의... 타 부업으로 월 600만원의 수익을 낸 심지마미가 금보바이오닉스를 선택한 이유!! 아시겠죠?^^ 어느것이 효율적인지...,https://kin.naver.com/qna/detail.naver?d1id=4&dirId=40611&docId=197414866&qb=67aA7JeFIOyblCAxMDDrp4zsm5A=&enc=utf8,,0,4,0,0,4,False
부업 월 100만원,기타,부업을 하고 있으면 실업급여 못 받나요?,... 그런데 제가 온라인판매 부업을 하고 있습니다. 수익이 큰 것은 아니고 사실 부모님 농산물을 대신 팔아드리는 것이라 월매출은 100만원 정도이지만 실수입은 얼마되지 않습니다. 용돈 10~30만원 정도 받습니다. 그래서 온라인판매...,https://kin.naver.com/qna/detail.naver?d1id=6&dirId=6080402&docId=433644254&qb=67aA7JeFIOyblCAxMDDrp4zsm5A=&enc=utf8,,0,6,0,0,6,False
부업 월 100만원,기타,월~금 하루4시간 알바하면 달에 얼마,월~금 하루4시간 알바하면 달에 얼마정도 받을까여 알바하시면서 다른 일... 귀를 쫑긋 세워서 이야기 들어보실래요 요즘 온라인 부업들 이야기 많이... 월100만원-200정도 수당 가져가시고 계셔요 정말이에요~ 활동하시다가...,https://kin.naver.com/qna/detail.naver?d1id=4&dirId=40611&docId=405490855&qb=67aA7JeFIOyblCAxMDDrp4zsm5A=&enc=utf8,,0,2,0,0,2,False
부업 월 100만원,기타,중딩이 부업하려고 하는데요(내공25),... 힘드시니까 부업해서 통장에 돈 모아서 엄마아빠 생일날에 선물로 드리면 어떨까.. 생각해서 부업해보고... 시작한지 한달 뒤 1.760달러 수표를 우편으로 받고 은행에서 바꾸고 보니 100만원이 넘더군요. 우리에겐...,https://kin.naver.com/qna/detail.naver?d1id=4&dirId=40611&docId=35206317&qb=67aA7JeFIOyblCAxMDDrp4zsm5A=&enc=utf8,,0,2,0,0,2,False
부업 월 100만원,기타,집에서 할만한 부업으로 괜찮은게 뭐가 있을까요?,... 내 옆으로 한명씩 2명만 채우면 저는 매니저가 되서 한날 1대1이 맞으면 50만원 + 첫수당 보너스 100만원 = 150만원의... 타 부업으로 월 600만원의 수익을 낸 심지마미가 금보바이오닉스를 선택한 이유!! 아시겠죠?^^ 어느것이 효율적인지...,https://kin.naver.com/qna/detail.naver?d1id=4&dirId=40611&docId=196865295&qb=67aA7JeFIOyblCAxMDDrp4zsm5A=&enc=utf8,,0,4,0,0,4,False
부업 월 100만원,기타,세류2동에 사는데요.. 혹 부업할수있,... 혹 부업할수있는거 없을까요???? 가질러가지는 못하구요.. 부업 어디 없을까요??? 손부업보다는 컴퓨터... 대게 월~ 50~100만원대까지. 업무습득에 따라 수익내실수 있구요. 평생 1번내는 초기비용도 수익금의 20%씩 적립되다...,https://kin.naver.com/qna/detail.naver?d1id=4&dirId=40611&docId=312472245&qb=67aA7JeFIOyblCAxMDDrp4zsm5A=&enc=utf8,,0,6,0,0,6,False
부업 월 100만원,기타,장유 부업,... 첫 급여 100만원 선으로 시작해서 이젠 매달 수백만원은 벌고 있고 본업도 하며 부업으로 하고 있어요~^^ 하루만에도 120만원 넘게도 벌고있네요~ 이제 월 천만원 넘게 벌면서 컴맹도 당당히 일하고 있어요~! 제가 일하는 곳은...,https://kin.naver.com/qna/detail.naver?d1id=12&dirId=12100226&docId=336787913&qb=67aA7JeFIOyblCAxMDDrp4zsm5A=&enc=utf8,,0,2,0,0,2,False
부업 월 100만원,기타,집에서 딱히 할만한 괜찮은 부업을 알려주세요.,"... [급 여] 건당 7만원-10만원 폰지원금 2만원 ~ 100만원 누적수당 15만원 ~ 300만원 받습니다 ex : 하루 1건일시... 사업자 등록번호 : 314-81-67118 팀사무실 : 대전광역시 서구 탄방동 743번지 이메일******@yahoo.co.kr 부업, 재택...",https://kin.naver.com/qna/detail.naver?d1id=20&dirId=2002&docId=70563403&qb=67aA7JeFIOyblCAxMDDrp4zsm5A=&enc=utf8,,0,4,0,2,2,False
부업 월 100만원,기타,간단한부업거리,"... 또 실적발생,1대1매칭 되서 수당금 100만원!!^^ 오늘은 저 1대1 매칭 없었는데 하부회원님께서 매칭 되셔서... 저도 타 부업으로 월 600만원의 수익도 내 봤고.신규부업초기선점 이라고 해서 해봤지만 그걸로는 오히려 돈을 못 벌었네요.....",https://kin.naver.com/qna/detail.naver?d1id=4&dirId=40611&docId=197884020&qb=67aA7JeFIOyblCAxMDDrp4zsm5A=&enc=utf8,,0,4,0,0,4,False
부업 월 100만원,배달,배달대행 배달라이더 종합소득세 세금 관련,... 그리고 부업으로 알바를 조금 하는것도 세금 영향이 있나요? 약 월에 50만-100만원 정도에 알바를 같이 하려구요 1. 배달만 할 경우(월 400-600만원 6개월) 2. 다른 알바도 같이 할 경우(월400-600만원에 알바 약 최대 100만원) 배달...,https://kin.naver.com/qna/detail.naver?d1id=5&dirId=51003&docId=491111817&qb=67aA7JeFIOyblCAxMDDrp4zsm5A=&enc=utf8,,0,4,0,0,4,False
부업 월 100만원,기타,채무조정과 세금 체납의무 소멸,... 점과 월 급여 평균 100만원 언저리인 점으로 생각했을때 채무조정과 세금 체납의무 소멸을 신청하는게 좋을지... ● ◈ 본업 외 추가 소득(투잡/부업)에 대한 중요한 점 질문자님처럼 본업 외에 프리랜서로 추가 소득이 있으시거나...,https://kin.naver.com/qna/detail.naver?d1id=6&dirId=60203&docId=492681650&qb=67aA7JeFIOyblCAxMDDrp4zsm5A=&enc=utf8,,0,4,0,2,2,False
부업 월 100만원,기타,재택부업하고싶어서요,"... 저는 현재 집에서 재택부업을 하고 있는 횽이라고 합니다^^ 제 답변이... 물론 포/스/팅 알바를 해서 월 몇 천, 억대연봉을 받을 순 없겠지만 한 달에 적게는 50만원에서 많게는 100만원 이상의 고정 급여를 받을 수 있어요! 당연히...",https://kin.naver.com/qna/detail.naver?d1id=1&dirId=106&docId=281413828&qb=67aA7JeFIOyblCAxMDDrp4zsm5A=&enc=utf8,,0,4,0,0,4,False
부업 월 100만원,기타,"청년내일채움공제 알바, 부업 가능",... 싶었지만 제가 벌고 있어요 하루 한두시간 투자해 월20만원이상 용돈벌이 합니다 그러니 누구든 하실 수 있습니다 불법x 초기비용x 노력하는 만큼 고수익 가능합니다 홈페이지에 하루 100만원 버시는 분들도 계십니다 돈 드는것도...,https://kin.naver.com/qna/detail.naver?d1id=6&dirId=6080402&docId=384068512&qb=67aA7JeFIOyblCAxMDDrp4zsm5A=&enc=utf8,,0,8,0,0,8,False
부업 월 100만원,기타,개인회생을 진행할지 버틸지 고민입니다.,"... 버틸 시: 6월 이후에는 월 상환액이 100만 원 이하로 떨어진다고 하셨죠? 만약 70~80만 원 수준까지 낮아진다면... 단기 소액 알바: 3개월이라는 기한이 정해져 있으므로, 주말 알바나 부업을 통해 월 30~50만 원의 추가 수익만 만들어도...",https://kin.naver.com/qna/detail.naver?d1id=6&dirId=60203&docId=492984925&qb=67aA7JeFIOyblCAxMDDrp4zsm5A=&enc=utf8,,0,4,0,0,4,False
부업 월 100만원,기타,알바나 부업을 찾고있어요^^,... 생활 형편이 좋지 않아 알바나 집에서 할수있는 부업을 찾고있는데 쉽지가 않네요.. 아이들이 어려서... 시작한지 한달 뒤 1.760달러 수표를 우편으로 받고 은행에서 바꾸고 보니 100만원이 넘더군요. 우리에겐...,https://kin.naver.com/qna/detail.naver?d1id=12&dirId=12&docId=21006453&qb=67aA7JeFIOyblCAxMDDrp4zsm5A=&enc=utf8,,0,2,0,0,2,False
부업 월 100만원,기타,사정있어서 월소득이 100만원미만으로,"사정있어서 월소득이 100만원미만으로 벌어야 하는데요 꾸준이 일이 있는 회사가 아니라서 물량이 많을때는 많고... 제가하는 부업은 ""아이딕스"" 라는 부업이에요 극초기 부업이라 지금시작하시면 아주좋아요! 초기비용은...",https://kin.naver.com/qna/detail.naver?d1id=4&dirId=40611&docId=412279241&qb=67aA7JeFIOyblCAxMDDrp4zsm5A=&enc=utf8,,0,4,0,0,4,False
부업 월 100만원,기타,남자가 월 세전 310만 원 여자가,남자가 월 세전 310만 원 여자가 월 세전 100만 원 맞벌이 세후 약 350만 원 이정도면 충분히 1달에 50만 원 이상 저축... 부업 찾기: 추가 수입을 얻을 수 있는 부업을 찾으면 더 많은 금액을 저축할 수 있습니다. 인터넷에서 온라인 플랫폼을...,https://kin.naver.com/qna/detail.naver?d1id=11&dirId=1126&docId=448374745&qb=67aA7JeFIOyblCAxMDDrp4zsm5A=&enc=utf8,,0,2,0,0,2,False
부업 월 100만원,기타,적은 시간과 자금을 투자해서 소호창업 또는 부업 할...,적은 시간과 자금을 투자해서 소호창업 또는 부업 꺼리 찾고 있슴돠 이것 저것 봐도 전부 고액이 들어서요... 재가 지금 하고 있는 해피북랜x는 처음 시작할때는 가맹비 500만원과 홍보물품비 100만원 이렇게해서 총 600만원 들었구요...,https://kin.naver.com/qna/detail.naver?d1id=4&dirId=407&docId=34475972&qb=67aA7JeFIOyblCAxMDDrp4zsm5A=&enc=utf8,,0,4,0,0,4,False
부업 월 100만원,기타,부업알바 소득 세금신고 별도로 해야 하나요?,"... 주업은 일반 기업체 회사원으로 주로 쉬는날 & 주말에만 하는데, 주말만 해도 월 80~100만원은 되는듯 합니다.... 와이프 입장에서는 돈버는것도 좋지만 다치고 보니 좀더 안전한 부업을 했으면하는게 솔직한 심정이에요ㅠ 그렇다고...",https://kin.naver.com/qna/detail.naver?d1id=4&dirId=40301&docId=413037996&qb=67aA7JeFIOyblCAxMDDrp4zsm5A=&enc=utf8,,0,2,0,0,2,False
부업 월 100만원,기타,부업으로 회사로 출근을 하고 주 5일,부업으로 회사로 출근을 하고 주 5일 근무인데 주휴수당은 받을수 있나요 근무시간은 9시부터 5시까지이고요... 초보자들도 쉽게 할 수있는 알바라 누구나 가능하시고요 수익부분은 적게는 10만 ~많게는 100만원까지 수익이 나시고요...,https://kin.naver.com/qna/detail.naver?d1id=4&dirId=40611&docId=301794906&qb=67aA7JeFIOyblCAxMDDrp4zsm5A=&enc=utf8,,0,4,0,0,4,False
부업 월 100만원,기타,송탄 이충동 부업하고싶은데 있을까요?,송탄 이충동 부업하고싶은데 있을까요? 아님 오전시간대 알바라도~~ 일하고 싶어요~~^^ 안녕하세요? 집에서 간단히... 초보자들도 쉽게 할 수있는 알바라 누구나 가능하시고요 수익부분은 적게는 10만 ~많게는 100만원까지 수익이...,https://kin.naver.com/qna/detail.naver?d1id=4&dirId=40613&docId=302287891&qb=67aA7JeFIOyblCAxMDDrp4zsm5A=&enc=utf8,,0,4,0,0,4,False
부업 월 100만원,배달,인가 후에 변제금을 될때마다더 내서...,... 다만 질문자님의 사건이 소득 변동을 매년 보고해야 한다는 조건부 인가 상태라면 부업 수익이 노출될 경우 월... 배달 부업을 통해 얻는 100만원 이상의 추가 수익을 변제금에 보태는 것도 좋지만 법정 생계비 수준의 생활을...,https://kin.naver.com/qna/detail.naver?d1id=4&dirId=40106&docId=492971112&qb=67aA7JeFIOyblCAxMDDrp4zsm5A=&enc=utf8,,0,6,0,2,4,False
부업 월 100만원,기타,부업할라고하는,... 부업할라고하는데 할때가없나요?인터넷부업말구다른거요~~~ 즐겁게 일해요... 없이 월 50만원~2000만원도 벌어가시고 있는 실정이구요 ㅎ 또한 2건의 실적만으로도 100만원이 넘어 초기비용 뽑고도 남구요.. 대부분 용돈벌이만 하셔도...,https://kin.naver.com/qna/detail.naver?d1id=8&dirId=80304&docId=248088856&qb=67aA7JeFIOyblCAxMDDrp4zsm5A=&enc=utf8,,0,4,0,0,4,False
부업 월 100만원,기타,개인 (재)회생 물어보아요,... 그렇게 변제를 하던중ㅜㅜ 이직의 문제를 직면하고 급여가 삭감되며 이직을 하고 추가로 부업을 새벽 배송을... ◈ 개인회생 변제금 계산 예시 현재 소득이 월 평균 100만 원으로 낮아 개인회생 신청이 어렵습니다. 최소 월 소득이...,https://kin.naver.com/qna/detail.naver?d1id=4&dirId=40106&docId=489947307&qb=67aA7JeFIOyblCAxMDDrp4zsm5A=&enc=utf8,,0,2,0,0,2,False
부업 월 100만원,기타,개인회생 최저 생계비 미달인데 신청이 가능할까요?,"... 현재 월 100만원의 소득은 2026년 기준 1인 가구 최저생계비인 약 138만원에도 미달하므로 원칙적으로는 변제 재원이... 질문자님의 나이가 젊고 근로 능력이 충분하므로, 아르바이트 시간을 늘리거나 추가적인 부업을 통해 소득을...",https://kin.naver.com/qna/detail.naver?d1id=6&dirId=60203&docId=492953687&qb=67aA7JeFIOyblCAxMDDrp4zsm5A=&enc=utf8,,0,2,3,2,3,False
부업 월 100만원,기타,기초부터 부업 배울수 있는곳 없나요?,... 첫 급여 100만원 선으로 시작해서 이젠 매달 수백만원은 벌고 있고 본업도 하며 부업으로 하고 있어요~^^ 하루만에도 120만원 넘게도 벌고있네요~ 이제 월 천만원 넘게 벌면서 컴맹도 당당히 일하고 있어요~! 제가 일하는 곳은...,https://kin.naver.com/qna/detail.naver?d1id=4&dirId=40611&docId=342851287&qb=67aA7JeFIOyblCAxMDDrp4zsm5A=&enc=utf8,,0,2,0,0,2,False
부업 월 100만원,기타,재택 부업 알바 어렵지 않나요?,"... 결론부터 말씀드리면 재택 부업으로 월 50~100만원 정도는 가능하지만, 대부분 “시간 투자 + 꾸준함”이 필요한 구조이고 초기 비용 요구하는 일은 주의하셔야 합니다. 이유를 설명드리면 요즘 말하는 재택 부업은 크게 두 가지로...",https://kin.naver.com/qna/detail.naver?d1id=4&dirId=40611&docId=492583646&qb=67aA7JeFIOyblCAxMDDrp4zsm5A=&enc=utf8,,0,6,0,0,6,False
부업 월 100만원,스마트스토어,상표권 손해배상 민사소송 대응 방법과 주의사항,... 소장내용 100만원+소송비용 부담 손해배상 산정기준은 저의 상표이용 으로 이득을 알순 없지만 브랜드에 막대한... 금전적으로 힘들고 쇼핑몰 부업으로 하지만 월에 10만원 남짓 버는데 이 사건으로 변호사선임 했을때 수임료가 위에...,https://kin.naver.com/qna/detail.naver?d1id=6&dirId=60215&docId=493304761&qb=67aA7JeFIOyblCAxMDDrp4zsm5A=&enc=utf8,,0,4,0,0,4,False
부업 월 100만원,기타,재택부업 어떤가요?,"... 2~30만원이 채 안되는 분들도 계시지만, 재택부업이라는게 짜투리시간에 용돈벌이 비상금벌이 목적으로 시작하는게 대부분이니까요. 한달에 10만원을 벌었다가 다음달에 100만원을 벌 수도 있긴합니다 물론 본인이 얼마나...",https://kin.naver.com/qna/detail.naver?d1id=4&dirId=40611&docId=197692720&qb=67aA7JeFIOyblCAxMDDrp4zsm5A=&enc=utf8,,0,4,0,2,2,False
부업 월 100만원,스마트스토어,집에서하는부업 찾는데,... 부업 추천 정리 부업 종류 난이도 초기 비용 수익 가능성 블로그 & 애드센스 ⭐⭐⭐ 0원 월 10만~100만 원+ 스마트스토어 ⭐⭐⭐⭐ 적음(위탁 가능) 월 50만~수백만 원 쿠팡 파트너스 ⭐ 0원 월 10만~300만 원 재능 판매(크몽) ⭐⭐ 0원...,https://kin.naver.com/qna/detail.naver?d1id=4&dirId=40611&docId=368241115&qb=67aA7JeFIOyblCAxMDDrp4zsm5A=&enc=utf8,,0,8,0,2,6,False
부업 월 100만원,기타,당근바로구매 뭔가요??,... 많이 하는 질문 하나 더 알려드리면 육아휴직 중 부업 가능 여부 건강보험료 얼마나 나오는지 회사에서 눈치 줄... 대략 기준 월 150만 원 이상 소득 발생 → 육아휴직급여 감액 또는 지급 중지 가능 그래서 보통은 월 100만 원 이하...,https://kin.naver.com/qna/detail.naver?d1id=4&dirId=40701&docId=492393657&qb=67aA7JeFIOyblCAxMDDrp4zsm5A=&enc=utf8,,0,2,3,2,3,False
부업 월 100만원,기타,안양평촌주부부업일자리구해요,"... 저도 타 부업으로 월 600만원의 수익도 내 봤고. 신규부업,초기선점 이라고 해서 해봤지만 그걸로는 오히려 돈을 못... 또 실적발생,1대1매칭 되서 수당금 100만원!!^^ 실적 없었는데 추천수당으로 수당금이 또 입금!! 기존 재택부업...",https://kin.naver.com/qna/detail.naver?d1id=12&dirId=1209200103&docId=198195429&qb=67aA7JeFIOyblCAxMDDrp4zsm5A=&enc=utf8,,0,6,0,2,4,False
부업 월 100만원,블로그,직장다니면서 부업으로 하기 괜찮은 알바 없나요?,... 직장다니면서 부업하기 괜찮은 알바 찾고 계셔서 제가 하는 블로그알바... 평일 기준 매일 하루 2번 오전 11시 / 오후 5시 업로드 월평균 100만원의 글감... 진짜 글만써도 30~50만원 마케팅으로 월 400만원 벌어봤기에 짜투리 시간만...,https://kin.naver.com/qna/detail.naver?d1id=4&dirId=40611&docId=427389918&qb=67aA7JeFIOyblCAxMDDrp4zsm5A=&enc=utf8,,0,4,0,0,4,False
부업 월 100만원,기타,구리에서 부업 할만한것 없을까요?,"... 저도 타 부업으로 월 600만원의 수익도 내 봤고. 신규부업,초기선점 이라고 해서 해봤지만 그걸로는 오히려 돈을 못... 또 실적발생,1대1매칭 되서 수당금 100만원!!^^ 실적 없었는데 추천수당으로 수당금이 또 입금!! 기존 재택부업...",https://kin.naver.com/qna/detail.naver?d1id=12&dirId=12090904&docId=198186264&qb=67aA7JeFIOyblCAxMDDrp4zsm5A=&enc=utf8,,0,6,0,2,4,False
부업 월 100만원,블로그,집에서 부업을 하려고 하는데요,"... 100만원 참여자격도주어집니다 컴퓨터만켜놔도 돈을버는 드림오토가오픈되어~한달에만원~최대6만원을입금해줍니다 한국소비자선호도1위 브랜드대상까지거머쥔 믿음이있는회사입니다 제블로그들어오세여~좋은일자리,부업,알바...",https://kin.naver.com/qna/detail.naver?d1id=4&dirId=40611&docId=180554083&qb=67aA7JeFIOyblCAxMDDrp4zsm5A=&enc=utf8,,0,4,0,0,4,False
부업 월 100만원,기타,스마트 부업 추천 해주세요,... 일은 하고 있지만 월급으로 제가 할 수 있는건 아무것도 없었어요 내 자신을 바꾸기 위해 여기저기 알아보던 중 재택부업을 선택하게 되었습니다 처음에는 50만원 100만원만 벌 수 있으면 너무 좋겠다 생각했으나 현재 월 500~1000만원...,https://kin.naver.com/qna/detail.naver?d1id=7&dirId=70402&docId=350354222&qb=67aA7JeFIOyblCAxMDDrp4zsm5A=&enc=utf8,,0,4,0,2,2,False
부업 월 100만원,기타,부업 좀 추천 해주세요,만 14세도 할 수있는 부업 추천좀요 그리고 추가로 내공 주는 법 알려주면 내공도 드릴게요(내공 200) 초등학생도... 저도 처음엔 마케팅 일하는게 정말 힘들었지만 지금은 월 100만원 이상이 고정으로 들어온답니다! 누구나...,https://kin.naver.com/qna/detail.naver?d1id=4&dirId=40611&docId=478295405&qb=67aA7JeFIOyblCAxMDDrp4zsm5A=&enc=utf8,,0,2,3,2,3,False
부업 월 100만원,기타,페이스북 부업,... 일은 하고 있지만 월급으로 제가 할 수 있는건 아무것도 없었어요 내 자신을 바꾸기 위해 여기저기 알아보던 중 재택부업을 선택하게 되었습니다 처음에는 50만원 100만원만 벌 수 있으면 너무 좋겠다 생각했으나 현재 월 500~1000만원...,https://kin.naver.com/qna/detail.naver?d1id=4&dirId=40611&docId=349950194&qb=67aA7JeFIOyblCAxMDDrp4zsm5A=&enc=utf8,,0,4,0,0,4,False
부업 월 100만원,기타,중딩 재택 부업,... 일은 하고 있지만 월급으로 제가 할 수 있는건 아무것도 없었어요 내 자신을 바꾸기 위해 여기저기 알아보던 중 재택부업을 선택하게 되었습니다 처음에는 50만원 100만원만 벌 수 있으면 너무 좋겠다 생각했으나 현재 월 1000만원 씩...,https://kin.naver.com/qna/detail.naver?d1id=4&dirId=40611&docId=349637657&qb=67aA7JeFIOyblCAxMDDrp4zsm5A=&enc=utf8,,0,4,0,0,4,False
부업 월 100만원,기타,40대 인천 부업 어디 없을까요??,... 추천 해주세요 하기만 하면 30~50대 모두 현실적으로 월 50~100이상은 가능합니다. 단지 부업도 일입니다. 우선적으로 안정적으로 평생을 매달 몇십만원에서 100만원이상 벌 수 있는 방법을 배우는데 50만원이 합리적이지 않다....,https://kin.naver.com/qna/detail.naver?d1id=4&dirId=40613&docId=433691587&qb=67aA7JeFIOyblCAxMDDrp4zsm5A=&enc=utf8,,0,2,3,2,3,False
부업 월 100만원,기타,한국창업부업 아카데미,... 일은 하고 있지만 월급으로 제가 할 수 있는건 아무것도 없었어요 내 자신을 바꾸기 위해 여기저기 알아보던 중 재택부업을 선택하게 되었습니다 처음에는 50만원 100만원만 벌 수 있으면 너무 좋겠다 생각했으나 현재 월 500~1000만원...,https://kin.naver.com/qna/detail.naver?d1id=13&dirId=13050302&docId=351471586&qb=67aA7JeFIOyblCAxMDDrp4zsm5A=&enc=utf8,,0,4,0,0,4,False
부업 월 100만원,기타,부업홍보말고 솔직한 수익발생,... 내 옆으로 한명씩 2명만 채우면 저는 매니저가 되서 한날 1대1이 맞으면 50만원 + 첫수당 보너스 100만원 = 150만원의... 타 부업으로 월 600만원의 수익을 낸 심지마미가 금보바이오닉스를 선택한 이유!! 아시겠죠?^^ 어느것이 효율적인지...,https://kin.naver.com/qna/detail.naver?d1id=4&dirId=40611&docId=197307596&qb=67aA7JeFIOyblCAxMDDrp4zsm5A=&enc=utf8,,0,4,0,0,4,False
부업 월 100만원,기타,부업으로 창업하나하려는 26세 남성입,"... 초보자들도 쉽게 할 수있는 알바라 누구나 가능하시고요 요즘은 직장인투잡,주부재택부업으로 많이들하고계세요 초기비용은 100프로환급가능하세여 수익부분은 적게는 10만 ~많게는 100만원까지 수익이 나시고요 손에 익거나...",https://kin.naver.com/qna/detail.naver?d1id=4&dirId=407&docId=301923069&qb=67aA7JeFIOyblCAxMDDrp4zsm5A=&enc=utf8,,0,10,0,0,10,False
부업 월 100만원,기타,손부업 소개시켜주세요,"... 손부업 소개시켜주세요 광고글 쓰면 신고가요 이글은 뷰.바로 인터넷... 한국 돈 1만원이 중국에서 100만원 하듯이, 미국 돈 20만원이 한국에서는... 그중에 한사람은 월 약 3.300만원 , 또 다른 한사람은 2.900만원 정도를...",https://kin.naver.com/qna/detail.naver?d1id=4&dirId=40611&docId=138678408&qb=67aA7JeFIOyblCAxMDDrp4zsm5A=&enc=utf8,,0,2,0,0,2,False
부업 월 100만원,기타,초기비용없는 재택부업이나 알바 없을까요?,... 그래서 돈 주고 부업 하시는것보단 이렇게 간단한 재택부업으로 월 몇십만원정도 가능한 플레이업 추천드려요. (영상 시청 후 자동으로 사이트로 넘어가집니다.) #부수입100만원벌기 #온라인수익창출 위 내용은 해당 광고로부터...,https://kin.naver.com/qna/detail.naver?d1id=4&dirId=40611&docId=433379732&qb=67aA7JeFIOyblCAxMDDrp4zsm5A=&enc=utf8,,0,10,0,2,8,False
부업 월 100만원,블로그,재택부업 원합니다,"... 100만원 참여자격도주어집니다 컴퓨터만켜놔도 돈을버는 드림오토가오픈되어~한달에만원~최대6만원을입금해줍니다 한국소비자선호도1위 브랜드대상까지거머쥔 믿음이있는회사입니다 제블로그들어오세여~좋은일자리,부업,알바...",https://kin.naver.com/qna/detail.naver?d1id=4&dirId=40611&docId=180607453&qb=67aA7JeFIOyblCAxMDDrp4zsm5A=&enc=utf8,,0,6,0,0,6,False
부업 월 100만원,기타,미자도 부업 가능한가요?,... 일은 하고 있지만 월급으로 제가 할 수 있는건 아무것도 없었어요 내 자신을 바꾸기 위해 여기저기 알아보던 중 재택부업을 선택하게 되었습니다 처음에는 50만원 100만원만 벌 수 있으면 너무 좋겠다 생각했으나 현재 월 1000만원 씩...,https://kin.naver.com/qna/detail.naver?d1id=12&dirId=12012402&docId=349634054&qb=67aA7JeFIOyblCAxMDDrp4zsm5A=&enc=utf8,,0,4,0,0,4,False
부업 월 100만원,스마트스토어,요즘 집에서하는부업 하는 사람들이 많아졌던데 해볼 만한,... 부업 추천 정리 부업 종류 난이도 초기 비용 수익 가능성 블로그 & 애드센스 ⭐⭐⭐ 0원 월 10만~100만 원+ 스마트스토어 ⭐⭐⭐⭐ 적음(위탁 가능) 월 50만~수백만 원 쿠팡 파트너스 ⭐ 0원 월 10만~300만 원 재능 판매(크몽) ⭐⭐ 0원...,https://kin.naver.com/qna/detail.naver?d1id=4&dirId=40611&docId=481170985&qb=67aA7JeFIOyblCAxMDDrp4zsm5A=&enc=utf8,,0,8,0,2,6,False
부업 월 100만원,강의,암웨이를 부업으로 시작하는 사람입니다.,... 암웨이를 부업으로 시작하신다니 몇가지 충고를 드리겠습니다. 먼저... 계산해봐도 100만원짜리 120만원에 사고 3~6만원 돌려받고 돈벌었다고 박수치는... 겸임교수나 시간강사등은 강의료로 월 150만원 이상 소득을 올리는 사람은 극히...,https://kin.naver.com/qna/detail.naver?d1id=6&dirId=61303&docId=48033379&qb=67aA7JeFIOyblCAxMDDrp4zsm5A=&enc=utf8,,0,4,0,0,4,False
부업 월 100만원,기타,캐드 재택부업,캐드로 재택부업 하고 싶은데요 .. 있을까요 ? 아무리 찾아도 없던데 녕하세요. 요즘 재택알바 붐이라서 종류도 많고... 최소 100만원 이상의 수익이 누적반복되어 매달 나옵니다. 그리고 가장 중요한건 이회사가 믿을만한...,https://kin.naver.com/qna/detail.naver?d1id=1&dirId=1020302&docId=246606147&qb=67aA7JeFIOyblCAxMDDrp4zsm5A=&enc=utf8,,0,6,0,0,6,False
부업 월 100만원,기타,부업ᆞ알바 같이 하면 안되나요ᆞ 궁금해요,"... 저도 드림큐로 월 600만원의 수익도 내 봤고. 신규부업초기선점 이라고 해서 해봤지만 그걸로는 오히려 돈을 못... 또 실적발생,1대1매칭 되서 수당금 100만원!!^^ 실적 없었는데 추천수당으로 수당금이 또 입금!! 기존 재택부업...",https://kin.naver.com/qna/detail.naver?d1id=4&dirId=40611&docId=198088319&qb=67aA7JeFIOyblCAxMDDrp4zsm5A=&enc=utf8,,0,6,0,4,2,False
부업 월 100만원,기타,안산 시화 자택에서 할수있는 손부업,안녕하세요 정왕1동에 살고있는데 손부업거리 있으면 소개 부탁드립니다 전에 휴대폰 칩조립 부업을 인천에서... 이 드림큐로는 돈을 무제한으로 벌 수 있는데요^^최고이신분은 월 8000만원까지도 가더라고요^^초보는 최소한 100만원...,https://kin.naver.com/qna/detail.naver?d1id=12&dirId=12091724&docId=206602443&qb=67aA7JeFIOyblCAxMDDrp4zsm5A=&enc=utf8,,0,2,0,0,2,False
부업 월 100만원,기타,공기업 직원도 공무원처럼 부업 못하나요?,... 일은 하고 있지만 월급으로 제가 할 수 있는건 아무것도 없었어요 내 자신을 바꾸기 위해 여기저기 알아보던 중 재택부업을 선택하게 되었습니다 처음에는 50만원 100만원만 벌 수 있으면 너무 좋겠다 생각했으나 현재 월 500~1000만원...,https://kin.naver.com/qna/detail.naver?d1id=4&dirId=40601&docId=350480136&qb=67aA7JeFIOyblCAxMDDrp4zsm5A=&enc=utf8,,0,4,0,0,4,False
부업 월 100만원,기타,장애인이 할수있는부업,안녕하세요 제가 할수있는 부업이있을까요 집안에 사정이있어서 돈을 벌어야되거든요 그래서 장애인이 할수있는... 여기서 활동하는 횟수에 따라 월 1.5만원에서 많게는 100만원까지 버는 사람도 있다고하니... 늦기전에 해보세요!...,https://kin.naver.com/qna/detail.naver?d1id=4&dirId=40611&docId=472633264&qb=67aA7JeFIOyblCAxMDDrp4zsm5A=&enc=utf8,,0,2,0,0,2,False
부업 월 100만원,기타,생산직 월400벌기,... 생산직으로 월 400만월 벌기 부업으로 월 400만원 벌기 둘 다 가능하다면? 생산직을 하고 계신 경력직이 아니시라면... 평균 100만원 정도의 수입을 가져가고 계시는 분이 생각보다 많아서 저도 그 기준을 맞추기 위해 열심히 하고...,https://kin.naver.com/qna/detail.naver?d1id=4&dirId=40609&docId=434170723&qb=67aA7JeFIOyblCAxMDDrp4zsm5A=&enc=utf8,,0,2,0,0,2,False
부업 월 100만원,기타,2023 더 뉴 아반떼 cn7 장기렌트 월 비용,"대략적으로 월 얼마를 예상 하면 좋을까요?ㅠㅠ 처음이라 궁금한게 많네요... 1으로써 직장인,부업,투잡,육아맘,취준생 누구나 쉽게 자동차를... (본사마진X) ###300만원 상당 sns마케팅교육,100만원 상당 자동차교육 기본제공!!...",https://kin.naver.com/qna/detail.naver?d1id=5&dirId=50703&docId=443032610&qb=67aA7JeFIOyblCAxMDDrp4zsm5A=&enc=utf8,,0,4,0,2,2,False
부업 월 100만원,기타,개인회생 변호사 비용,"... ◈ 질문자님께서 궁금해 하신 부분 질문자님께서는 개인회생 진행 시 수임료 400만 원이 적정한지, 월 100만 원... ◈ 추가로 알아두셔야 할 점 질문자님의 채무 구성에 구체적인 내역(예: 은행 대출, 신용카드, 대부업체 등)이...",https://kin.naver.com/qna/detail.naver?d1id=4&dirId=40106&docId=486935051&qb=67aA7JeFIOyblCAxMDDrp4zsm5A=&enc=utf8,,0,2,3,4,1,False
부업 월 100만원,기타,25남 부업,... 첫 급여 100만원 선으로 시작해서 이젠 매달 수백만원은 벌고 있고 본업도 하며 부업으로 하고 있어요~^^ 하루만에도 120만원 넘게도 벌고있네요~ 이제 월 천만원 넘게 벌면서 컴맹도 당당히 일하고 있어요~! 제가 일하는 곳은...,https://kin.naver.com/qna/detail.naver?d1id=4&dirId=40611&docId=342687071&qb=67aA7JeFIOyblCAxMDDrp4zsm5A=&enc=utf8,,0,2,0,0,2,False
부업 월 100만원,기타,재택부업및기타부업,"... - 매 월 추가 수익금 지급 프로모션 진행 및 기타 이벤트 진행 됩니다. 1만원의 신규 가입 적립금도 받으시고, 고소득 부업을 하실 수 있는 기회도 잡으시길 바랍니다. #부수입100만원벌기 #온라인수익창출 #디지털노마드 #재택부업...",https://kin.naver.com/qna/detail.naver?d1id=4&dirId=40611&docId=399141567&qb=67aA7JeFIOyblCAxMDDrp4zsm5A=&enc=utf8,,0,8,0,0,8,False
부업 월 100만원,기타,내년 하반기 쯤에 대출 계획이 있습니다,"... 그런데 제가 저 일 뿐만 아니라 부업으로 3.3% 공제하는 일로 월 50~100만원 정도 추가로 수령할 예정인데, 혹시 핀테크 어플이나 개별어플로 대출 조회를 할 때 이 부분도 자동으로 적용되어서 한도가 산출되나요? 아니면 따로...",https://kin.naver.com/qna/detail.naver?d1id=4&dirId=4010506&docId=487833776&qb=67aA7JeFIOyblCAxMDDrp4zsm5A=&enc=utf8,,0,2,0,0,2,False
부업 월 100만원,기타,5인 가족 생활비 궁금합니다,... 가장 먼저 손대야 할 1순위: 보험료 (감축 여지 가장 큼) 월 100만 원 보험료는 매우 높은 편입니다. 지방 거주... 순서 정리 보험 + 학원 구조조정 먼저 그래도 부족하면 → 단기·비체력 소모형 부업 추천 유형 (현실적 기준) 주말...,https://kin.naver.com/qna/detail.naver?d1id=6&dirId=6100401&docId=464669586&qb=67aA7JeFIOyblCAxMDDrp4zsm5A=&enc=utf8,,0,2,3,4,1,False
부업 월 100만원,기타,대전 부업알바,"저는 19살 여자이고요 집에서 할수있는 부업알바를 하고싶은데 어떻게... 중국에서 100만원 하듯, 미국돈 2000달러가 한국에서는 약 300만원 조금... 한명은 월 약3,300만원, 또 다른 한분은 2,900만원 정도를 매달 받고...",https://kin.naver.com/qna/detail.naver?d1id=4&dirId=40611&docId=201489816&qb=67aA7JeFIOyblCAxMDDrp4zsm5A=&enc=utf8,,0,2,0,0,2,False
부업 월 100만원,기타,폭행 민사소송 방법,"... 청구금액은 보통 지금까지의 기왕치료비(입원·수술·약제·검사 등)와 앞으로 예상되는 향후치료비(추가 수술, 재활, 통원치료), 치료기간 동안의 휴업손해(월 급여 250만 원, 부업 100만 원 등은 급여명세서·소득금액증명원...",https://kin.naver.com/qna/detail.naver?d1id=6&dirId=602060203&docId=491201355&qb=67aA7JeFIOyblCAxMDDrp4zsm5A=&enc=utf8,,0,2,0,0,2,False
부업 월 100만원,기타,부업관련대해서,... 그래서 부업을 해보려고하는데 추천해주세요 광고사절입니다 다단계도 사절이구요 저도 회사에서 일하고... 해주시면 월 100만원 이상 벌어가실수 있습니다! 가장좋은 장점이라면 시간과 장소에 구애받지않고 할 수 있을 때 일...,https://kin.naver.com/qna/detail.naver?d1id=6&dirId=6080401&docId=341161482&qb=67aA7JeFIOyblCAxMDDrp4zsm5A=&enc=utf8,,0,2,3,2,3,False
부업 월 100만원,기타,드림큐랑 하이프랜드 둘다 비슷한 부업인가요?,... 내 옆으로 한명씩 2명만 채우면 저는 매니저가 되서 한날 1대1이 맞으면 50만원 + 첫수당 보너스 100만원 = 150만원의... 타 부업으로 월 600만원의 수익을 낸 심지마미가 금보바이오닉스를 선택한 이유!! 아시겠죠?^^ 어느것이 효율적인지...,https://kin.naver.com/qna/detail.naver?d1id=4&dirId=40611&docId=197279461&qb=67aA7JeFIOyblCAxMDDrp4zsm5A=&enc=utf8,,0,4,0,0,4,False
부업 월 100만원,기타,급여 계산&연말정산 질문 드립니다.,"... 소득 100만 원 초과 → 배우자 인적공제 ❌ (근로소득만 있으면 총급여 약 500~600만 원 초과 시 해당) 질문자님은 9개월 근무 월 210만 원 × 9개월 ≈ 1,890만... 투잡·부업 없음 환급 받을 특별한 공제 없음 ⭕ 해야 하는 경우 (해당 시...",https://kin.naver.com/qna/detail.naver?d1id=4&dirId=40311&docId=491076312&qb=67aA7JeFIOyblCAxMDDrp4zsm5A=&enc=utf8,,0,4,0,2,2,False
부업 월 100만원,기타,부업을하고싶은데요.,제목과 같이 부업을 하고싶은데 손부업으로요. 집에서 빈둥거리기만해서ㅠ 근데 재택부업은 사양합니다.... 출첵이랑 행운의룰렛돌리기랑 포스팅만해도 월100만원가까이 수익이날수있는 최고의알바인거같습니다~ 물론 1초알바...,https://kin.naver.com/qna/detail.naver?d1id=12&dirId=12091604&docId=213292162&qb=67aA7JeFIOyblCAxMDDrp4zsm5A=&enc=utf8,,0,6,0,0,6,False
부업 월 100만원,기타,월급만으로는 경제적 자유를 이루기 어려운 이유는...,... 직장인도 추가적인 수입원을 확보하기 위해 사이드 프로젝트나 부업을 시작하는 것이 필수적이라고 하는데... 유입돼도 월 30~100만 원 충분 하루 유입 300명만 찍어도 광고 협찬 한달에 최소 100만원 들어옵니다 여기서 중요한건...,https://kin.naver.com/qna/detail.naver?d1id=4&dirId=408&docId=490251497&qb=67aA7JeFIOyblCAxMDDrp4zsm5A=&enc=utf8,,0,2,0,0,2,False
부업 월 100만원,기타,비트코인 거래소 100만원 이상 전송 시...,... 비트코인 거래소에서 100만원 이상 지갑 전송 시에 금융감독위원회인가?... idxno=2224 최소 30만원 채굴 투자로 최소 월 3%~7% 이자... 채굴수익이 더생기니!!!! #비트코인 #리플 #BT뱅크 #비트뱅크 #이자 #돈버는법 #부업 #재테크,https://kin.naver.com/qna/detail.naver?d1id=4&dirId=40108&docId=421472204&qb=67aA7JeFIOyblCAxMDDrp4zsm5A=&enc=utf8,,0,6,0,0,6,False
부업 월 100만원,기타,부업으로 한달에100만원추가로벌고싶어요 ㅠㅠ,"... 안녕하세요 ^_^ 온.라.인.부.업 8년차 오.드.리 라고 합니다 요즘은 시기가 시기인만큼 집에서 할수있는 부업을 많이들하세요^^ 저희회사는 재.택,부.업으로 17년된 회사이구요 종.합.마케.팅.대.행.사라고 보심돼요^^ 인터넷과 pc만...",https://kin.naver.com/qna/detail.naver?d1id=4&dirId=40401&docId=394730008&qb=67aA7JeFIOyblCAxMDDrp4zsm5A=&enc=utf8,,0,2,0,0,2,False
부업 월 100만원,기타,직장인 부업,부업 검색해보면 다양하게 나오던데 헬로우드림 이나 기타 부업들 초기비용이... 1달 100만원 직장인 투잡 * 20대~ 60대 남녀 멘티님들 수익 내오셨구요 실제 본사의 공식공지에도 이 하나의 업무만으로도 우리 정회원님들 월 100...,https://kin.naver.com/qna/detail.naver?d1id=4&dirId=40611&docId=325014155&qb=67aA7JeFIOyblCAxMDDrp4zsm5A=&enc=utf8,,0,8,0,0,8,False
부업 월 100만원,기타,믿어도 되는 부업있나요?,"부업을 시작하고싶어서 알아보고있어요~ 근데, 알아보다보니 부업회사도... 1달 100만원 직장인 투잡 * 20대~ 60대 남녀 멘티님들 수익 내오셨구요 실제 본사의 공식랭킹은 이 하나의 업무만으로도 정회원님들 월 100~200만원대 까지...",https://kin.naver.com/qna/detail.naver?d1id=4&dirId=40613&docId=327526194&qb=67aA7JeFIOyblCAxMDDrp4zsm5A=&enc=utf8,,0,6,0,0,6,False
부업 월 100만원,기타,재택알바 소개요..,월 100만원 이상 가능한 재택부업 추천요.. 안녕하세요 질문자님~ 큰 욕심 안부리고 월100 이상 가능할수 있는 재택알바 입니다. 요즘 부업이나 재택알바에 대한 관심이 나날이 높아지고 있습니다. 세상엔 인터넷으로 할 수 있는 일이 참...,https://kin.naver.com/qna/detail.naver?d1id=4&dirId=40613&docId=288134223&qb=67aA7JeFIOyblCAxMDDrp4zsm5A=&enc=utf8,,0,4,3,4,3,False
부업 월 100만원,기타,리플알바라는 사이트 부업으로 괜찮나요? 투잡요,... 캠페인 커미션(AVP 금액) 업데이트 48시간 홍보 이벤트로 5천원이 추가로 지급 #부수입100만원벌기#온라인수익창출#디지털노마드#재택부업#바이럴마케팅 해당 게시물은 업체로부터 일정 수수료를 받고 작성된 글입니다.,https://kin.naver.com/qna/detail.naver?d1id=6&dirId=60805&docId=425226580&qb=67aA7JeFIOyblCAxMDDrp4zsm5A=&enc=utf8,,0,10,0,0,10,False
부업 월 100만원,기타,주부부업 뭐가 있을까요??,... 내 옆으로 한명씩 2명만 채우면 저는 매니저가 되서 한날 1대1이 맞으면 50만원 + 첫수당 보너스 100만원 = 150만원의... 타 부업으로 월 600만원의 수익을 낸 심지마미가 금보바이오닉스를 선택한 이유!! 아시겠죠?^^ 어느것이 효율적인지...,https://kin.naver.com/qna/detail.naver?d1id=4&dirId=40611&docId=197467891&qb=67aA7JeFIOyblCAxMDDrp4zsm5A=&enc=utf8,,0,4,0,0,4,False
부업 월 100만원,기타,100만원,막 애드픽 패널나우 같은 어플로 100만원 벌수있나요? 안녕하세요 간단한 알바나 집에서 할 수있는 부업을... 아시는분중에 동창회 월 회비를 설문조사를 하여 모은 수익으로 지출하시는 분도 계시고 마음 착하신 천사분들은 수익금을...,https://kin.naver.com/qna/detail.naver?d1id=4&dirId=40611&docId=374299087&qb=67aA7JeFIOyblCAxMDDrp4zsm5A=&enc=utf8,,0,4,0,0,4,False
부업 월 100만원,기타,퇴직후 3억으로 월100 확보 후 자동이체가 매달190,"... 세후 월 100 정도가 되겠는데요 긁어모은 현금이 3억이라 굴려봐야 월... 먼저, 3억 원의 현금 자산으로 매달 100만 원의 수익을 예상하고 계신데, 이는... 예를 들어, 프리랜서로 일하거나, 취미를 활용한 부업 등을 고려해볼 수...",https://kin.naver.com/qna/detail.naver?d1id=6&dirId=60802&docId=473920351&qb=67aA7JeFIOyblCAxMDDrp4zsm5A=&enc=utf8,,0,4,0,0,4,False
부업 월 100만원,배달,직장인부수입 어떤부업이 좋은까요?,"... 주지않는 부업으로 일자리좀 추천해 주세요 저도 직장을 다니며, 퇴근후에 2~3시간, 주말을 이용해서 쿠팡 배달을 하고 있습니다. 월 보통 100만원 조금 안되게 하고 있습니다. 도움이 될지는 모르겠습니다만, 제가...",https://kin.naver.com/qna/detail.naver?d1id=12&dirId=1209200202&docId=434118885&qb=67aA7JeFIOyblCAxMDDrp4zsm5A=&enc=utf8,,0,6,0,2,4,False
부업 월 100만원,배달,"배달대행 부업으로 해보려 하는데요.. 조언,정보...","... 100만원선에서 배달하는데 문제없는 놈들 고르실수 있습니다. 그리고 저는 우유배달도 하고 있습니다만. 시간대비... 사람들은 일하기 정말 좋습니다. 월,수,금 새벽2~3시간 일하고 70~80만원정도 벌면 괜찮다고 생각합니다.ㅎ 화이팅!!",https://kin.naver.com/qna/detail.naver?d1id=8&dirId=8110105&docId=388789225&qb=67aA7JeFIOyblCAxMDDrp4zsm5A=&enc=utf8,,0,4,0,0,4,False
부업 월 100만원,기타,월 500 벌수있는 방법 없을까요 ㅠㅠㅠ도와주세요,"... 저도 여기에 300만원만 더 벌면 소원이 없을거 같은데요 확실하게 보장되는 부업이나 n잡 없을까요? 방향만 잘... 늘려서 월 수익 100만원정도 보고 있습니다..!! 저도 자본금이 없어서 투잡도 생각해봤는데 ,, 체력적으로나...",https://kin.naver.com/qna/detail.naver?d1id=8&dirId=8020604&docId=422846305&qb=67aA7JeFIOyblCAxMDDrp4zsm5A=&enc=utf8,,0,6,0,2,4,False
부업 월 100만원,기타,현금 600만원과 월150만원으로 적절한 재테크...,"... 월100만원정도 여유가 되고 여자친구는 월50만원의 여유가 있습니다. 월 150과 현금600만원으로 앞으로 결혼에... 아내의돈벌기 :부업으로 하는 컴퓨터나,휴대폰으로 하는거 하루에 6시간만 투자하면 한달이면 200~150 은법니다...",https://kin.naver.com/qna/detail.naver?d1id=4&dirId=40101&docId=34375718&qb=67aA7JeFIOyblCAxMDDrp4zsm5A=&enc=utf8,,0,4,0,0,4,False
부업 월 100만원,기타,"좋은 알바 ,부업 ,재택근무 소개시켜드려요 ㅎㅎ",... KBS TV '아침마당'에 보도된 부업.재택근무 소개 장안의 화제가 된 바로 그 사이트. KBS 뉴스와 아침 마당에... 시작한지 한달 뒤 1.760달러 수표를 우편으로 받고 은행에서 바꾸고 보니 100만원이 넘더군요. 우리에겐...,https://kin.naver.com/qna/detail.naver?d1id=4&dirId=40611&docId=112199691&qb=67aA7JeFIOyblCAxMDDrp4zsm5A=&enc=utf8,,0,4,0,0,4,False
부업 월 100만원,기타,부업(재택알바),... 사절하겠습니다 월 공과금 생활비만 정도 만큼만 벌었으면 좋을꺼같은데.. 그런부업없을까요?(광고글 진짜... 하지만 저로 얘기 드리자면 솔직히 한달 100만원 이렇게 못버실수 있습니다. 이게 아시겠지만 어째뜬 정회원창출이 되야...,https://kin.naver.com/qna/detail.naver?d1id=4&dirId=40611&docId=245825439&qb=67aA7JeFIOyblCAxMDDrp4zsm5A=&enc=utf8,,0,4,0,0,4,False
부업 월 100만원,콘텐츠,직장다니면서 할수있는부업이있을까요?,"... 손부업도할만한게있을까요?? 요즘 직장인분들 퇴근후 당일배송 택배 알바 많이 하세요 직장인분들은 근무시간이 짧아 큰 수익은 안되겠지만, 하루 2-3만원 정도 버시는것 같더라고요 . 그리고 틱톡으로 월100만원 이상 목표...",https://kin.naver.com/qna/detail.naver?d1id=4&dirId=40611&docId=489700043&qb=67aA7JeFIOyblCAxMDDrp4zsm5A=&enc=utf8,,0,4,0,0,4,False
부업 월 100만원,기타,①재택 부업을 하고 싶은데 추천좀 해주세요①~,①재택 부업을 하고 싶은데 추천좀 해주세요①~ 제가 작장도 없고 집에서 인터넷으로 부업을 하고는 싶은데 어떻게... 위의 두 사이트를 이용하면 월 평균 50만원에서 100만원까지는 충분히 수입을 올리실 수 있답니다.. 도움이 되셨나...,https://kin.naver.com/qna/detail.naver?d1id=4&dirId=40611&docId=109915121&qb=67aA7JeFIOyblCAxMDDrp4zsm5A=&enc=utf8,,0,4,0,2,2,False
부업 월 100만원,기타,평택 서정동 부업구합니다,"... 저도 드림큐로 월 600만원의 수익도 내 봤고. 신규부업초기선점 이라고 해서 해봤지만 그걸로는 오히려 돈을 못... 또 실적발생,1대1매칭 되서 수당금 100만원!!^^ 실적 없었는데 추천수당으로 수당금이 또 입금!! 기존 재택부업...",https://kin.naver.com/qna/detail.naver?d1id=4&dirId=40611&docId=198055971&qb=67aA7JeFIOyblCAxMDDrp4zsm5A=&enc=utf8,,0,6,0,2,4,False
부업 월 100만원,기타,프리랜서 에서 개인사업자로,... 소소한 ( 월 0~ 100만원 정도 수입) 부업을 해볼까 해서 개인사업자로 전환 하게 되면 근로소득+부업소득 합산에서 8~1억 정도면 1년에 세금은 얼마나 내야 할까요? 프리랜서 3.3 프로로 떼면 1년 보통 300만원대였습니다 부업으로...,https://kin.naver.com/qna/detail.naver?d1id=4&dirId=40301&docId=480327144&qb=67aA7JeFIOyblCAxMDDrp4zsm5A=&enc=utf8,,0,2,0,0,2,False
부업 월 100만원,기타,출산휴가/육아휴직 급여수급 중 소득,... 그리고 월 150만원 기준은 순수익 기준인가요? 아니면 단순한 매출 기준인가요 안녕하세요 :) 출산휴가나 육아휴직 중에 부업(개인사업자) 소득이 생길... 순수익 100만 원 → 급여 수령 가능 국세청 사업소득 자료 등을 기준으로...,https://kin.naver.com/qna/detail.naver?d1id=6&dirId=60804&docId=490945148&qb=67aA7JeFIOyblCAxMDDrp4zsm5A=&enc=utf8,,0,6,0,0,6,False
부업 월 100만원,기타,집에서 할 수 있는 손부업,... 집에서 가만히 놀며 1~2시간 컴퓨터 했다고 월 천만원 번다는건 말도 안되죠 솔직히 돈버는건 쉬운건 쉬운데 더... 하루에 100만원도 벌수 있으니까요 일이 능숙해 지고 여유가 생겨지면 그때부턴 하루 2~3시간 일하고 놀고 버시는거에요...,https://kin.naver.com/qna/detail.naver?d1id=4&dirId=40611&docId=245513531&qb=67aA7JeFIOyblCAxMDDrp4zsm5A=&enc=utf8,,0,2,0,0,2,False
부업 월 100만원,블로그,저희엄마께서 부업을구하고계시는데 부업할만한좋은곳...,"... 100만원 참여자격도주어집니다 컴퓨터만켜놔도 돈을버는 드림오토가오픈되어~한달에만원~최대6만원을입금해줍니다 한국소비자선호도1위 브랜드대상까지거머쥔 믿음이있는회사입니다 제블로그들어오세여~좋은일자리,부업,알바...",https://kin.naver.com/qna/detail.naver?d1id=4&dirId=40607&docId=181090080&qb=67aA7JeFIOyblCAxMDDrp4zsm5A=&enc=utf8,,0,4,0,0,4,False
부업 월 100만원,기타,월 200 재테크 어떻게 하는게 괜찮나요?,월 세후 200 받고 있는 2년차되는 직장인인데 올해 다시 재테크 처음부터 시작할려는데... 100만원짜리 적금하나는 들거 찾아놨는데 30만원짜리 추가로 하고 싶은대 어떤거를 하는게 괜찮을까요? 안녕하세요 재태크식부업을 하고있는...,https://kin.naver.com/qna/detail.naver?d1id=4&dirId=4&docId=241919248&qb=67aA7JeFIOyblCAxMDDrp4zsm5A=&enc=utf8,,0,2,0,0,2,False
부업 월 100만원,기타,천만원으로 할 수 있는 부업?,천만원으로 할 수 있는 부업? 제가 천만원 정도 모았는데 할 수 있는 부업이... 평일 기준 매일 하루 2번 오전 11시 / 오후 5시 업로드 월평균 100만원의 글감... 진짜 글만써도 30~50만원 마케팅으로 월 400만원의 수익까지! 짜투리 시간만...,https://kin.naver.com/qna/detail.naver?d1id=4&dirId=40703&docId=427907703&qb=67aA7JeFIOyblCAxMDDrp4zsm5A=&enc=utf8,,0,4,0,0,4,False
부업 월 100만원,기타,부업대해서,... 내 옆으로 한명씩 2명만 채우면 저는 매니저가 되서 한날 1대1이 맞으면 50만원 + 첫수당 보너스 100만원 = 150만원의... 타 부업으로 월 600만원의 수익을 낸 심지마미가 금보바이오닉스를 선택한 이유!! 아시겠죠?^^ 어느것이 효율적인지...,https://kin.naver.com/qna/detail.naver?d1id=6&dirId=6&docId=197341831&qb=67aA7JeFIOyblCAxMDDrp4zsm5A=&enc=utf8,,0,4,0,0,4,False
부업 월 100만원,기타,출산휴가 & 육아휴직 급여 질문입니다.,"... 마지막으로 제가 월 100만원 정도의 사업소득이 있는데, 부업에서 발생하는 소득으로 '사업주로부터 육아휴직을 이유로 금품을 지급받은 경우'가 아닙니다. 이런 경우에도 육아휴직 급여가 제한되는지 궁금합니다. 답변 미리...",https://kin.naver.com/qna/detail.naver?d1id=6&dirId=60804&docId=473173895&qb=67aA7JeFIOyblCAxMDDrp4zsm5A=&enc=utf8,,0,2,3,4,1,False
부업 월 100만원,기타,직장인 부업 할만한거 다 추천 부탁드립니다...,직장인 부업 할만한거 혹은 지금 하시면서 수익 내는거 다 알려주세요!! 가능한 자세히 부탁드립니다! 현실성 있는... 고수익 되신 분들도 계시고 6개월에서 ~ 1년이상되시면 보통 평균 월 100만원에서 많게는 300만원 이상 벌어 가세요...,https://kin.naver.com/qna/detail.naver?d1id=4&dirId=40613&docId=374688709&qb=67aA7JeFIOyblCAxMDDrp4zsm5A=&enc=utf8,,0,4,3,4,3,False
부업 월 100만원,기타,개인회생에 대해,... 이것만 지키면 안전하게 부업 가능합니다. ✅ 1. 개인회생 개시결정 이후 “추가 알바” 가능한가? ✔ 가능합니다.... 보통은: 월 50~100만원 이하의 소규모 알바 → “보고만 하면 문제 없음” 월급이 크게 증가 → 변제금 조정 가능성...,https://kin.naver.com/qna/detail.naver?d1id=4&dirId=40106&docId=491549135&qb=67aA7JeFIOyblCAxMDDrp4zsm5A=&enc=utf8,,0,2,0,0,2,False
부업 월 100만원,블로그,천안 두정동에 부업거리 없을까요?,"... 100만원 참여자격도주어집니다 컴퓨터만켜놔도 돈을버는 드림오토가오픈되어~한달에만원~최대6만원을입금해줍니다 한국소비자선호도1위 브랜드대상까지거머쥔 믿음이있는회사입니다 제블로그들어오세여~좋은일자리,부업,알바...",https://kin.naver.com/qna/detail.naver?d1id=4&dirId=40611&docId=179872887&qb=67aA7JeFIOyblCAxMDDrp4zsm5A=&enc=utf8,,0,4,0,0,4,False
부업 월 100만원,기타,개인회생 질문이요,"부업으로 월 100만원 벌어도 개인회생 할 수있나요? 바로 일자리가 구해지면 신청할수 있는 건가요? 카드(천만원), 폰(삼백정도, 채권추심으로 넘어간상태) 인데요 .. 회생가능 할까요.. 궁금한게 있는데요.. 현제 지방에 이억짜리...",https://kin.naver.com/qna/detail.naver?d1id=4&dirId=40106&docId=443614856&qb=67aA7JeFIOyblCAxMDDrp4zsm5A=&enc=utf8,,0,2,3,4,1,False
부업 월 100만원,기타,직장인 프리랜서 동시에 국민연금 세금,4대보험 안되는 프리랜서로 원천징수 3.3% 월300 받고 4대보험 되는 아르바이트를 부업으로 월 100벌으면 국민연금은 400 수입에 관한 연금을 부담해야하나요? 300만원 9% 근로자부담 100만원 4.5% 근로자부담 월 소득 590만 원(직장...,https://kin.naver.com/qna/detail.naver?d1id=6&dirId=6100402&docId=455747989&qb=67aA7JeFIOyblCAxMDDrp4zsm5A=&enc=utf8,,0,2,0,0,2,False
부업 월 100만원,기타,집에서 간단히할수있는 손부업찾아여 0,... 틈틈히 부업을 하고있어요 집에서 간단히 댓글작성이나 포스팅(가이드가 제공되요)하는 알바인데요 . 초보자들도 쉽게 할 수있는 알바라 누구나 가능하시고요 수익부분은 적게는 10만 ~많게는 100만원까지 수익이 나시고요 저는...,https://kin.naver.com/qna/detail.naver?d1id=4&dirId=40611&docId=302462965&qb=67aA7JeFIOyblCAxMDDrp4zsm5A=&enc=utf8,,0,4,0,0,4,False
부업 월 100만원,스마트스토어,컴퓨터부업,제목 그대로 부업을 생각하고 있는데 컴퓨터부업으로 알아보고 있었습니다. 아무리 생각해도 쇼핑몰 같은 건 무슨... 월100만원-200정도 수당 가져가시고 계셔요 정말이에요~ 활동하시다가 모르시는부분은 우리 마스터님들이 1:1 맞춤으로...,https://kin.naver.com/qna/detail.naver?d1id=4&dirId=40611&docId=408715562&qb=67aA7JeFIOyblCAxMDDrp4zsm5A=&enc=utf8,,0,4,0,0,4,False
부업 월 100만원,기타,부업 알아보고 있는데요~ 어찌해야 되,부업 알아보고 있는데요~ 어찌해야 되는지 좀 알려주세요 초기비용이 들어가나요?... 월 1~3천만원까지 올리시는 분들이 있습니다. 하지만 실제 고수익자들은 모든 업체에서 해당 회원중 0.1%에 불과합니다. 하지만 그 외에 100만원대 이상을...,https://kin.naver.com/qna/detail.naver?d1id=4&dirId=40611&docId=299760882&qb=67aA7JeFIOyblCAxMDDrp4zsm5A=&enc=utf8,,0,6,0,2,4,False
부업 월 100만원,기타,직장인 투잡 질문,... 돈이 좀 많이 되진 않더라도 돈을 모을 수 있는 상황을 만들 고자 하는 것인데 이상한 돈도 안 되는 부업 이런 거... 쓰레기 분리수거 보조 알바 월 60~100만 원 (건물 or 아파트 계약형) ⏰ 보통 05:00~07:00 장점: 정해진 시간 안에만...,https://kin.naver.com/qna/detail.naver?d1id=4&dirId=40611&docId=486376144&qb=67aA7JeFIOyblCAxMDDrp4zsm5A=&enc=utf8,,0,4,0,2,2,False
부업 월 100만원,기타,부업이나 재테크정보 추천,... 저도 드림큐로 월 600만원의 수익도 내 봤고. 신규부업초기선점 이라고 해서 해봤지만 그걸로는 오히려 돈을 못... 같은 날 1대1 1회차 100만원 / 2회차 50만원 / 3회차 100만원 / 4회차부터 쭉 50만원. 카드할부 가능!! 내리추천 100% 지원...,https://kin.naver.com/qna/detail.naver?d1id=4&dirId=40611&docId=197551752&qb=67aA7JeFIOyblCAxMDDrp4zsm5A=&enc=utf8,,0,4,0,2,2,False
부업 월 100만원,블로그,인천삼산동부업하고싶어요!,"... 달인수당100만원 참여자격도주어집니다 한국소비자선호도1위 브랜드대상까지거머쥔 믿음이있는회사입니다 제블로그들어오세여~좋은일자리,부업,알바,투잡찾으시길기원합니다 좋은일자리~First-Dream 편안한마음으로~일시작하세여!...",https://kin.naver.com/qna/detail.naver?d1id=12&dirId=12040806&docId=178654223&qb=67aA7JeFIOyblCAxMDDrp4zsm5A=&enc=utf8,,0,6,0,0,6,False
부업 월 100만원,기타,집에서 할 수 있는 손부업 추천해주세요,집에서 할 수 있는 좀 짭잘한 손부업 하고 싶은데 손부업 어느 사이트에서 알 수 있을까요 사이트가 복잡한 건... 저도 처음엔 마케팅 일하는게 정말 힘들었지만 지금은 월 100만원 이상이 고정으로 들어온답니다! 누구나 열심히...,https://kin.naver.com/qna/detail.naver?d1id=4&dirId=40611&docId=479284673&qb=67aA7JeFIOyblCAxMDDrp4zsm5A=&enc=utf8,,0,2,3,2,3,False
부업 월 100만원,기타,세무사님 .. 쉽게 설명 부탁드립니다 !!,제가 올2월부터 집에서 부업 형식으로 월 10만원에서 15만원 가량의 수익이 들어오고 있습니다 .. 아버지가 이번에... 연 100만원을 넘으면 안된다고 하던데 .. 저런 수익이 나올경우 .. 연말정산을 해야 되는건지 .. 아니면 어떻게...,https://kin.naver.com/qna/detail.naver?d1id=4&dirId=40311&docId=453637455&qb=67aA7JeFIOyblCAxMDDrp4zsm5A=&enc=utf8,,0,4,0,0,4,False
부업 월 100만원,기타,근로소득자 추가 기타소득에 대한 종소세,... 과세표준은 100만 원 미만 → **기본공제 150만 원 적용으로 세액 거의 없음 또는 환급** 3) 부업 소득이 늘어날 경우 유의점 (월 40만 원 이상) - 연 소득 약 480만 원 → 경비공제 후 과세 대상 증가 - 근로소득과 합산되므로 전체 세율(6...,https://kin.naver.com/qna/detail.naver?d1id=4&dirId=40305&docId=484568784&qb=67aA7JeFIOyblCAxMDDrp4zsm5A=&enc=utf8,,0,2,0,0,2,False
부업 월 100만원,유튜브,괜찮은 부업 알려주세요~앱으로 가능한거요~유튜브에...,"... - 매 월 추가 수익금 지급 프로모션 진행 및 기타 이벤트 진행 됩니다. 1만원의 신규 가입 적립금도 받으시고, 고소득 부업을 하실 수 있는 기회도 잡으시길 바랍니다. #부수입100만원벌기 #온라인수익창출 #디지털노마드 #재택부업...",https://kin.naver.com/qna/detail.naver?d1id=1&dirId=10905&docId=402013325&qb=67aA7JeFIOyblCAxMDDrp4zsm5A=&enc=utf8,,0,10,0,2,8,False
부업 월 100만원,기타,h 재택부업 알려주세요...,"... 100만원 800만원벌려면 본업식으로해야 돼나요? 전 본업은 힘들구...시간은 많이투자를해봐야 5~6시간정도... 인일때 월.급 부럽지않게 수익내고있어요~^^ 자세한 내용 확인하시려면, ★네.임.카.드 클.릭.→ 블.로.그주소 클.릭→공지...",https://kin.naver.com/qna/detail.naver?d1id=4&dirId=40613&docId=294524179&qb=67aA7JeFIOyblCAxMDDrp4zsm5A=&enc=utf8,,0,8,0,2,6,False
부업 월 100만원,기타,그리고어떻게하면 1달에 100만원이상 알바로 돈을 벌...,"... 그리고어떻게하면 1달에 100만원이상 알바로 돈을 벌 수 있나요? 안녕하세요 제가 집에서 컴퓨터로 부업, 투잡으로도 하는 재택알바에 대해 말씀드릴게요.... 수익은 월 100~200만원에서 1,000만원 까지 벌어가시구요, 그 이상도 있어요....",https://kin.naver.com/qna/detail.naver?d1id=4&dirId=40613&docId=299788588&qb=67aA7JeFIOyblCAxMDDrp4zsm5A=&enc=utf8,,0,8,0,0,8,False
부업 월 100만원,기타,부업구하고있습니다ㅠ,지금 엄마 몸이 많이 안좋으셔서 수술을 해야되는데 편의점알바하나 하면서 돈 모으기가 좀 힘들어서요 일자리 옮기는게 안되서 한달 내내 일하고있긴한데 아무리 많이 해도 100만원이네요... 그래서 한가하니깐 멍하니 있는것보다 뭔가...,https://kin.naver.com/qna/detail.naver?d1id=4&dirId=40611&docId=180456278&qb=67aA7JeFIOyblCAxMDDrp4zsm5A=&enc=utf8,,0,2,0,0,2,False
부업 월 100만원,기타,무설정 아파트론 관련 질문드립다.,"... 연봉3900만원 / 부업으로 월 100만원(올해 10월부터 시작) 차는 자차이며, 완납상태 입니다. 기타 연체 및 미납없습니다. 나이스- 924점 / kcb-839 이상태에서 무설정 아파트론이 나올수있나요? 나온다면 기존 신용대출 2건 대환하고...",https://kin.naver.com/qna/detail.naver?d1id=4&dirId=4010501&docId=460176782&qb=67aA7JeFIOyblCAxMDDrp4zsm5A=&enc=utf8,,0,2,3,2,3,False
부업 월 100만원,기타,개인회생 채무조정에 대해 여쭤봅니다,... 투잡이나 부업 소득도 모두 수입으로 합산되어 월 변제금이 높아지게 됩니다. 그래서 개인회생 전에 투잡을... 아래 변제금 계산 예시에서 본업 소득(세후 270만 원)만으로 계산한 경우와 투잡 소득 (예: 추가 100만 원 가정)을 포함한...,https://kin.naver.com/qna/detail.naver?d1id=4&dirId=40106&docId=490783757&qb=67aA7JeFIOyblCAxMDDrp4zsm5A=&enc=utf8,,0,4,0,0,4,False
부업 월 100만원,기타,"시흥시 장곡동 부업,알바구해요",시흥시 장곡동 부업있나요? 장곡동에 살고있는 30대 주부입니다. 막내가 어려서 정식 직장은 못구하고요... 시작한지 한달 뒤 1.760달러 수표를 우편으로 받고 은행에서 바꾸고 보니 100만원이 넘더군요. 우리에겐...,https://kin.naver.com/qna/detail.naver?d1id=12&dirId=12091722&docId=225502721&qb=67aA7JeFIOyblCAxMDDrp4zsm5A=&enc=utf8,,0,2,0,0,2,False
부업 월 100만원,기타,간단한 부업이나,... 돈이 급하게 필요한데 부업 같은경우 제 선입금이 들어가네요 ㅠㅠ 안녕하세요. 여기는 그나마 이상한... 여기서 활동하는 횟수에 따라 월 1.5만원에서 많게는 100만원까지 버는 사람도 있다고하니... 늦기전에 해보세요!...,https://kin.naver.com/qna/detail.naver?d1id=4&dirId=40611&docId=472704106&qb=67aA7JeFIOyblCAxMDDrp4zsm5A=&enc=utf8,,0,2,0,0,2,False
부업 월 100만원,콘텐츠,인스타그램부업어떤지좀 얘기해주세요 사기는 정말...,"인스타그램부업 초기비용 50만원 들어간다고 하고 어떤곳은 100만원 내야한다하고 정확하게 뭔가요? 인스타그램부업 돈은 되는건가요? 하시분 알려주세요 안녕하세요 ٩(•᎑•)✦ 저 역시 직장월,급만으로는 생활하기 버거웠기에...",https://kin.naver.com/qna/detail.naver?d1id=1&dirId=1061203&docId=391794680&qb=67aA7JeFIOyblCAxMDDrp4zsm5A=&enc=utf8,,0,4,0,2,2,False
부업 월 100만원,기타,부업 하고싶는데,부업 하고싶는데 (제가 돈이 많이없어서 제총재산이 10만이미만 있읍니다.)... 익발생이 가능하시구요~ 많이 하시는 분들은 한달에 100만원이상까지도... 정회.원 1명 모.집당 최대 120만원까지 가능하기때문에 월 천만원 이상의 고수익도...,https://kin.naver.com/qna/detail.naver?d1id=4&dirId=40613&docId=305895808&qb=67aA7JeFIOyblCAxMDDrp4zsm5A=&enc=utf8,,0,4,0,0,4,False
부업 월 100만원,기타,건강보험료 질문드립니다. (피부양자 자격등),"... ㅠㅠ (주소지도 부모님과 동일함) 돈은 어머니가 버시고 제가 집안일이랑 부업해서 돈벌고있습니다 벌이는 월 10... 월 100만원 이하 버는 미혼 프리랜서 2, 건강보험료 월 4만원 나왔는데 너무 큰거 아닌지. 조정받을 방법이 없는지....",https://kin.naver.com/qna/detail.naver?d1id=6&dirId=6100401&docId=380676884&qb=67aA7JeFIOyblCAxMDDrp4zsm5A=&enc=utf8,,0,2,3,2,3,False
부업 월 100만원,블로그,재택부업이나 설문조사알바추천좀...,"... 100만원 참여자격도주어집니다 컴퓨터만켜놔도 돈을버는 드림오토가오픈되어~한달에만원~최대6만원을입금해줍니다 한국소비자선호도1위 브랜드대상까지거머쥔 믿음이있는회사입니다 제블로그들어오세여~좋은일자리,부업,알바...",https://kin.naver.com/qna/detail.naver?d1id=4&dirId=40611&docId=180619651&qb=67aA7JeFIOyblCAxMDDrp4zsm5A=&enc=utf8,,0,6,0,2,4,False
부업 월 100만원,기타,짧은시간에 많이 벌수있는 돈 안드는 부업 추천해 주세요.,"돈 안내고 하는 집에서 할수 있는 부업 알려주세요. 사진 엄청 넣은 답변 금지. 광고글 금지. 제대로 알려주세요.... 지금은 월 100만원정도 부수익 올리고 있어요 직장인이다보니 아침에 1시간, 점심에 1시간, 저녁에 퇴근해서 2...",https://kin.naver.com/qna/detail.naver?d1id=4&dirId=40611&docId=343809212&qb=67aA7JeFIOyblCAxMDDrp4zsm5A=&enc=utf8,,0,4,3,4,3,False
부업 월 100만원,기타,월200만 직장인 입니다.,"월 205만원 받는 직장인입니다. 지금은 돌아가신 할아버지 명의로 80평... 최대 100만원 받으시구요! 두번째업무는 저처럼 이렇게 회사를 소개함과 동시에... 혹시 집에서 부업해보셨나요?? 일반 박스접기,눈알붙치기,실밥뽑기등 집에서...",https://kin.naver.com/qna/detail.naver?d1id=4&dirId=406&docId=189249929&qb=67aA7JeFIOyblCAxMDDrp4zsm5A=&enc=utf8,,0,2,0,0,2,False
부업 월 100만원,유튜브,개인사업자 목돈 만드는방법,... 추가 수익 창출 아이디어 부업 플랫폼 활용: 당근마켓/쿠팡플렉스: 잉여 자재 판매 또는 간단한 물류 아르바이트로 월 50~100만 원 추가 수익. 간접 광고 수익: 블로그/유튜브에 사업 관련 콘텐츠 제작 → 배너 광고 수익 연결...,https://kin.naver.com/qna/detail.naver?d1id=4&dirId=40301&docId=483665620&qb=67aA7JeFIOyblCAxMDDrp4zsm5A=&enc=utf8,,0,10,0,0,10,False
부업 월 100만원,배달,일자리 고민,... 배달 부업으로 틈틈히해서 100만원 벌고있습니다 한달에 대략 통장에 꽂히는 돈은 300에서 400 사이 입니다 애기가... 하게되면 월 급여는 800에서 1000만원 정도 예상됩니다. 제가 한달 정도 배달을 해본결과 이정도는 벌립니다 다만...,https://kin.naver.com/qna/detail.naver?d1id=4&dirId=40611&docId=492667366&qb=67aA7JeFIOyblCAxMDDrp4zsm5A=&enc=utf8,,0,4,0,0,4,False
부업 월 100만원,블로그,재택부업궁금합니다!!,"... 100만원 참여자격도주어집니다 컴퓨터만켜놔도 돈을버는 드림오토가오픈되어~한달에만원~최대6만원을입금해줍니다 한국소비자선호도1위 브랜드대상까지거머쥔 믿음이있는회사입니다 제블로그들어오세여~좋은일자리,부업,알바...",https://kin.naver.com/qna/detail.naver?d1id=4&dirId=40611&docId=180731714&qb=67aA7JeFIOyblCAxMDDrp4zsm5A=&enc=utf8,,0,6,0,2,4,False
부업 월 100만원,기타,요즘 대세인 부업에는 어떤것들이 있나요??,... 저도 드림큐로 월 600만원의 수익도 내 봤고. 신규부업초기선점 이라고 해서 해봤지만 그걸로는 오히려 돈을 못... 같은 날 1대1 1회차 100만원 / 2회차 50만원 / 3회차 100만원 / 4회차부터 쭉 50만원. 내리추천 100% 지원 확실!! 일은 타...,https://kin.naver.com/qna/detail.naver?d1id=4&dirId=40611&docId=197735958&qb=67aA7JeFIOyblCAxMDDrp4zsm5A=&enc=utf8,,0,4,0,2,2,False
부업 월 100만원,강의,실업급여 수급 기간 중 공공기관 단기 강의,"... 제가 권고사직 되기 전에 공공기관에서(청소년 대상으로) 월 1회 2시간 5개월 간 수업 하고 100만 원을 받기로... 실업급여 수급 중 부업이나 일시적 근로에 대해서는 일정 금액까지 허용되므로, 완전히 중단될 가능성은 낮습니다....",https://kin.naver.com/qna/detail.naver?d1id=6&dirId=6080402&docId=476237690&qb=67aA7JeFIOyblCAxMDDrp4zsm5A=&enc=utf8,,0,4,0,0,4,False
부업 월 100만원,기타,실업급여 수급기간 중 사업소득 발생하면?,"... 권고사직 후 실업급여를 수급하면서 구직활동을 하고 싶은데, 부업으로 B회사에서 월별 사업소득이 발생되고 있습니다. (월 약 100만원 정도이고 건별이라 근무시간은 책정되어 있지 않습니다) 만약 실업급여를 받게 되면 수급기간...",https://kin.naver.com/qna/detail.naver?d1id=6&dirId=6080402&docId=480672143&qb=67aA7JeFIOyblCAxMDDrp4zsm5A=&enc=utf8,,0,2,0,0,2,False
부업 월 100만원,기타,투잡 세금관련해서 질문드립니다,... 대리기사 부업으로 월 평균100만원정도 벌고있습니다 1. 올해부터 대리기사 고용보험 적용으로 본직장에서 제가 투잡 뛰고있는걸 알수있을까요? 2. 종합소득세율 보면 연봉 4600부터 과세표준이 넘어가던데 제가 부업을하게되면서...,https://kin.naver.com/qna/detail.naver?d1id=4&dirId=40309&docId=409333993&qb=67aA7JeFIOyblCAxMDDrp4zsm5A=&enc=utf8,,0,4,0,2,2,False
부업 월 100만원,기타,주부가 집에서 할수있는 부업뭐있나요?,부업 이것 저것 찾아보니 인터넷 부업 뎃글 홍보 이런 부업들은 다 사기인것 같고.... 다들 초기 비용 내라는것 같고...... 월100만원-200정도 수당 가져가시고 계셔요 정말이에요~ 활동하시다가 모르시는부분은 우리 마스터님들이 1:1...,https://kin.naver.com/qna/detail.naver?d1id=4&dirId=40611&docId=409898539&qb=67aA7JeFIOyblCAxMDDrp4zsm5A=&enc=utf8,,0,2,0,0,2,False
부업 월 100만원,기타,재택알바 월IOO 가능해요?,... 3.집에서 정말 100만원이상 가능한지? 4.수백만원씩 버는분들 계시는데 사실인지? 5.초기비용 내고 일할만큼... 안녕하세요 질문자님~ 요즘 부업이나 재택알바에 대한 관심이 나날이 높아지고 있습니다. 세상엔 인터넷으로 할 수 있는...,https://kin.naver.com/qna/detail.naver?d1id=4&dirId=40611&docId=284166950&qb=67aA7JeFIOyblCAxMDDrp4zsm5A=&enc=utf8,,0,6,0,2,4,False
부업 월 100만원,유튜브,대학 등록금 고민,"... 지식인, 유튜브 같은 데에 전자책 부업 이라고 검색하면 잘 팔리는 전자책... 일단 전자책 1개당 1만 원이라고 치면 100 개만 팔려도 100만 원 버는 겁니다.... 파워 블로그 어쩌구 라고 적힌 책, 영상 찾아서 보고 따라하면 월 1천 벌 수...",https://kin.naver.com/qna/detail.naver?d1id=11&dirId=110408&docId=491674417&qb=67aA7JeFIOyblCAxMDDrp4zsm5A=&enc=utf8,,0,6,0,0,6,False
부업 월 100만원,기타,부업을 하고 싶은데요...,... 그래서 가게에 있으면서 부업을 할수 있는걸 찾고 있습니다.. 부업일이... 아무런 홍보계획도 없고 경험도 없던 사람이 시작해서 최소 월100만원이라도... 모르지만 월 200~300까지는 노력여하에 따라 달성 가능하다고 할 수 있습니다....,https://kin.naver.com/qna/detail.naver?d1id=4&dirId=40611&docId=130300237&qb=67aA7JeFIOyblCAxMDDrp4zsm5A=&enc=utf8,,0,2,0,0,2,False
부업 월 100만원,기타,진지하게 많은 돈이 왜 필요할까요?,... 월100만원 쓴다고 해도 20년이면 2억4천만원은 더 저금할 수 있습니다. 그러면 50대 이후로는 부업만 해서 먹고살거나 내 사업을 시작하는 방향으로 가면 되지 않나요? 굳이 힘들게 직장에 취업하고 학벌에 연연할 이유가? 한국 사회가...,https://kin.naver.com/qna/detail.naver?d1id=6&dirId=61303&docId=438226050&qb=67aA7JeFIOyblCAxMDDrp4zsm5A=&enc=utf8,,0,2,0,0,2,False
부업 월 100만원,배달,교통사고 휴업손해 질문드립니다,... 사용하였고 100만원 정도가 남은 상황입니다 아직 휴업손해를 청구하지 않았거든요 ? 저는 편의점 알바생이었고 한달 월급이 주5일 235만원 ( 세후 ) 매달 받아왔으며 마지막달은 배달 부업으로 ( 세금 다 내고 일했음 ) 하루도...,https://kin.naver.com/qna/detail.naver?d1id=6&dirId=60201&docId=429871025&qb=67aA7JeFIOyblCAxMDDrp4zsm5A=&enc=utf8,,0,4,0,2,2,False
부업 월 100만원,기타,엔잡러 부업으로 어떤것들이 있을 까요?,... 캠페인 커미션(AVP 금액) 업데이트 48시간 홍보 이벤트로 5천원이 추가로 지급 #부수입100만원벌기#온라인수익창출#디지털노마드#재택부업#바이럴마케팅 해당 게시물은 업체로부터 일정 수수료를 받고 작성된 글입니다.,https://kin.naver.com/qna/detail.naver?d1id=3&dirId=310&docId=425180129&qb=67aA7JeFIOyblCAxMDDrp4zsm5A=&enc=utf8,,0,8,0,0,8,False
부업 월 300만원,기타,부업 추천,"... 주의할 부업 유형 ""가입비/교육비를 먼저 내라""는 부업은 99% 사기입니다 ""하루 5분, 월 300만 원"" 같은 문구는 과장 광고입니다 포장 부업은 물량이 불안정하고, 실제 시급으로 환산하면 최저임금 이하인 경우가 많습니다 앱테크는 용돈...",https://kin.naver.com/qna/detail.naver?d1id=4&dirId=40607&docId=492945314&qb=67aA7JeFIOyblCAzMDDrp4zsm5A=&enc=utf8,,0,2,3,2,3,False
부업 월 300만원,기타,직장인 부업(사업) 회사가 알 수 있나요?,"... 제가 지금 세전월급이 550만원이고, 월 50~300만원 사업(부업)소득이 있다고 쳤을 때, 딱 617만원 넘어가는 달에 회사에서 눈치챌 수 있나요?? 2. 만약 사업(부업) 소득이 100만원인데, 임대료가 200만원이면 소득이 있다고 잡히나요?...",https://kin.naver.com/qna/detail.naver?d1id=4&dirId=40309&docId=484849591&qb=67aA7JeFIOyblCAzMDDrp4zsm5A=&enc=utf8,,0,2,0,0,2,False
부업 월 300만원,배달,퇴근 후 오토바이 배달 부업 고민입니다.,... 가정했을때 월 48만원정도의 부업 수익을 기대하고 있습니다. 연 576만원 정도인데 우천시 미운행이나 (안전문제로... 연300만원 정도의 수익을 추가로 챙길 수 있지 않을까 하는데 현실성있는 계산일까요?* -두개어플 모두 가입과...,https://kin.naver.com/qna/detail.naver?d1id=4&dirId=40611&docId=468625529&qb=67aA7JeFIOyblCAzMDDrp4zsm5A=&enc=utf8,,0,6,0,0,6,False
부업 월 300만원,기타,"건보료, 건강보험료, 부업으로 인한 소득 이게 맞나요",... 건보료 직장인으로 내고 있구요 작년 23년 중순쯤 부업으로 잠깐 일을 해서 근로소득을 제외하고 2천만원을... 그 결과로 월 30만 원대 보험료 + 과거분 정산 300만 원 이상이 한 번에 고지된 것입니다. 월요일에 건보공단에...,https://kin.naver.com/qna/detail.naver?d1id=6&dirId=6100401&docId=478551244&qb=67aA7JeFIOyblCAzMDDrp4zsm5A=&enc=utf8,,0,2,0,0,2,False
부업 월 300만원,배달,배달부업 종합소득세 세금 질문이요,"... 부업 소득: 월 250~300만원의 부업 소득이 있다고 가정하면, 이 소득에 대한 종합소득세를 계산해야 합니다. 종합소득세는 연간 소득에 대한 세금으로, 월별로 납부하지 않고 연말정산을 통해 납부하게 됩니다. 3. 개인회생 중인 상황...",https://kin.naver.com/qna/detail.naver?d1id=4&dirId=40301&docId=453555984&qb=67aA7JeFIOyblCAzMDDrp4zsm5A=&enc=utf8,,0,4,0,2,2,False
부업 월 300만원,기타,부업 종합소득신고,제가 지금 사업을 하고 있는데 월소득이 300만원정도로 잡혀있어요. 부업으로 물류일을 하려고 하는데 월 소득이 3.3프로 떼고 400정도 들어올것 같은데 세금은 많이 나올까요? 안녕하세요^^ 세무회계 이상!...,https://kin.naver.com/qna/detail.naver?d1id=4&dirId=40309&docId=491726602&qb=67aA7JeFIOyblCAzMDDrp4zsm5A=&enc=utf8,,0,2,0,0,2,False
부업 월 300만원,기타,월300만원씩을 모으려고하는데요,... 한국에서 돈을 모아본적이없어서 그러는데 좋은방법 추천부탁드립니다 질문자님 월 300만원 모으시는게 목표라고... 하지만 제가지금 추천드리는 사업은 리스크도없고 인터넷만된다면 시간장소관계없이 하실수있는 부업이세요!!...,https://kin.naver.com/qna/detail.naver?d1id=4&dirId=40102&docId=390466342&qb=67aA7JeFIOyblCAzMDDrp4zsm5A=&enc=utf8,,0,2,3,4,1,False
부업 월 300만원,기타,렌탈을 부업으로 하려고 하는데요 업체가 너무 많아서,렌탈을 부업으로 하려고 업체를 찾아보니 입회비가 300만원 있는 업체가 있고 입회비가 없는 업체도 있네요 월 20만원 10만원 이렇게 하는곳도 있고 그런데 걱정은 대부분 영세한 업체 같다는 거에요 저에게 보증보험을 한다고...,https://kin.naver.com/qna/detail.naver?d1id=4&dirId=40607&docId=431064745&qb=67aA7JeFIOyblCAzMDDrp4zsm5A=&enc=utf8,,0,2,0,0,2,False
부업 월 300만원,배달,배달부업 으로 인한 수익,"... 다름이 아니라 월급은 300만원 받고 있으며 가게에 투자를 조금 해서 달에 100~200만원 수익금을 받고 있습니다... 보통 음식 배달 부업으로 월 100~200만원의 수익을 얻으려면, 하루에 몇 차례 배달을 해야 하는지 계산해보실 필요가...",https://kin.naver.com/qna/detail.naver?d1id=4&dirId=40703&docId=452538507&qb=67aA7JeFIOyblCAzMDDrp4zsm5A=&enc=utf8,,0,8,0,0,8,False
부업 월 300만원,기타,스프링몰 미션부업 해도 되나요??,... 미션부업 관련 글이 없더라구요. 그러다 구글링에서 발견한 글인데 법조인들의 자문을 전문으로 하는 사이트 글이었고 2023년 6월달에 작성된 글이었습니다. 내용이 딱 맞더라구요. 해당글쓴이는 3차 미션에서 300만원을 진행을...,https://kin.naver.com/qna/detail.naver?d1id=4&dirId=40703&docId=448489954&qb=67aA7JeFIOyblCAzMDDrp4zsm5A=&enc=utf8,,0,2,0,0,2,False
부업 월 300만원,기타,부업 수익 질문,박봉의 회사원인데요 부업으로 한달 평균 꾸준하게 300만원정도 매출이 아니고 순수익이 발생하면(사업특성상 세금없음) 사업 아이템이 괜찮은건가요? 주식 비트코인 이런 무형의 사업은 아니고 계약 1건당 종료시 까지 매달...,https://kin.naver.com/qna/detail.naver?d1id=4&dirId=407&docId=432660703&qb=67aA7JeFIOyblCAzMDDrp4zsm5A=&enc=utf8,,0,6,0,2,4,False
부업 월 300만원,기타,부업 추천해주세요,... 간단하게 컴퓨터로 부업할수 있는 거 뭐가 있을까요? 다단계 제외요 질문자님 안녕하세요.. 제가 요즘뜨는 괜찮은... 많은 분들이 월 300만원 이상씩 벌어가고 계세요. 수익이 너무 많다고 다단계가 아니냐고 많이 물어보시는데요.....,https://kin.naver.com/qna/detail.naver?d1id=4&dirId=40611&docId=271591925&qb=67aA7JeFIOyblCAzMDDrp4zsm5A=&enc=utf8,,0,4,3,4,3,False
부업 월 300만원,기타,손부업 아이들키우면서 할수있는일,아이키우며 손부업 찾고 있는데 아이들키우면서 할수있는일 추천 해주세요 질문자님 안녕하세요.. 제가 요즘뜨는... 많은 분들이 월 300만원 이상씩 벌어가고 계세요. 수익이 너무 많다고 다단계가 아니냐고 많이 물어보시는데요.....,https://kin.naver.com/qna/detail.naver?d1id=4&dirId=40611&docId=271720054&qb=67aA7JeFIOyblCAzMDDrp4zsm5A=&enc=utf8,,0,4,3,4,3,False
부업 월 300만원,기타,전라도 광주 집에서 하는 부업,"... 집에서 할수있는 부업 없을까요? 컴퓨터로 하는 부업은 피하고 싶구요 집에서 시간에 구애없어 자유롭게 할수있는... "" 했었는데요~~ 리치패밀리 후기글을 꼼꼼히 살펴봤더니 월 200~300만원 이상 수익을 내시는 분들이 생각보다...",https://kin.naver.com/qna/detail.naver?d1id=12&dirId=1205&docId=431981311&qb=67aA7JeFIOyblCAzMDDrp4zsm5A=&enc=utf8,,0,4,0,0,4,False
부업 월 300만원,블로그,조치원부업,"조치원 부업을 찾으니까 다 재테크, 블로그 포스팅, 휴대폰으로 하는것들 말고 진짜 손부업이요 손부업 외에 다른건... 했는데 리치패밀리 후기를 꼼꼼하게 살펴봤더니 월 200~300만원 이상 버시는 분들도 꽤 많더라구요? 요즘은 이렇게...",https://kin.naver.com/qna/detail.naver?d1id=12&dirId=12151201&docId=433648182&qb=67aA7JeFIOyblCAzMDDrp4zsm5A=&enc=utf8,,0,4,0,0,4,False
부업 월 300만원,블로그,새벽 부업 알바추천 질문,... 3.월 300만원 정도 부업으로 꼭 벌어보고 싶은데 새벽에 할 수 있는 저런 일들말고는 방법이 없는건가요? 추천 부탁드려요 집에서 할 수 있는거 말구요.. 네이버 블로그 같은거는 추천하지 말아주세요.. 가정이 있고 아이가 있고...,https://kin.naver.com/qna/detail.naver?d1id=4&dirId=40611&docId=441034602&qb=67aA7JeFIOyblCAzMDDrp4zsm5A=&enc=utf8,,0,4,3,4,3,False
부업 월 300만원,콘텐츠,부업: kucoin,"제가 인스타에서 보고 오 이런 부업이면 재밌겠다싶어서 시작하려고 하는데 일단 라인을 깔아서 거기로... 일감만으로도 월 100-200 충분히 가능하고, 하시는 거에 따라 주 180~300만원도 가능합니다. 멘토 로지가 지금 초기비용...",https://kin.naver.com/qna/detail.naver?d1id=1&dirId=1061203&docId=480190665&qb=67aA7JeFIOyblCAzMDDrp4zsm5A=&enc=utf8,,0,4,0,0,4,False
부업 월 300만원,기타,집에서하는부업으로 평균월급이상도 가능한가요?,안녕하세요 집에서하는부업을 알아보고있는데요 이걸로 평균월급이상도 가능할까요? 물론 당연히 가능하다고 하겠지만 평균적으로요. 평균적으로 300만원 넘게 가능한가요? 인생이 걸린문제입니다. 진짜 솔직한 답변부탁드립니다....,https://kin.naver.com/qna/detail.naver?d1id=4&dirId=40611&docId=268682318&qb=67aA7JeFIOyblCAzMDDrp4zsm5A=&enc=utf8,,0,2,0,0,2,False
부업 월 300만원,기타,엉클컴퍼니 재고요청부업 초보자도 할 수 있을까요?,"... 요즘 부업을 찾아보다가 엉클컴퍼니 재고요청부업이라는 걸 알게 되었어요. 그런데 정확히 어떤 방식으로... 일감만으로도 월 100-200 충분히 가능하고, 하시는 거에 따라 주 180~300만원도 가능합니다. 멘토 로지가 지금...",https://kin.naver.com/qna/detail.naver?d1id=4&dirId=40613&docId=482548051&qb=67aA7JeFIOyblCAzMDDrp4zsm5A=&enc=utf8,,0,2,0,0,2,False
부업 월 300만원,스마트스토어,블로그를 시작으로 생기게 되는 부업 종류,"블로그를 운영하다가 블로그로 인해서 다른 부업이 생기기도 한다고 들었어요. 예를 들어서 쇼핑몰을 하던지... 일감만으로도 월 100-200 충분히 가능하고, 하시는 거에 따라 주 180~300만원도 가능합니다. 멘토 로지가 지금...",https://kin.naver.com/qna/detail.naver?d1id=6&dirId=61403&docId=481708391&qb=67aA7JeFIOyblCAzMDDrp4zsm5A=&enc=utf8,,0,6,0,0,6,False
부업 월 300만원,기타,회사에서 부업하는 계정을 알고 있는 것 같아요,"... 부업 소득 신고 기준은 어떻게 되나요? 월 수익 규모에 따라 신고 필요 여부와 방법이 다릅니다. - 월 20만 원 미만... - 월 20만 원 이상 ~ 50만 원 미만: 주로 기타 소득으로 신고하며, 연간 기타 소득이 300만 원을 초과하면 종합소득세...",https://kin.naver.com/qna/detail.naver?d1id=4&dirId=406&docId=486830507&qb=67aA7JeFIOyblCAzMDDrp4zsm5A=&enc=utf8,,0,4,0,0,4,False
부업 월 300만원,기타,간석동 부업찾습니다.,... 손부업도 해봤는데요 시간적 노동에 비해 벌어가는 금액이 많이 작더라구요 .. 그러다 인터넷으로 하는 재택근무를 알게되었고 월 400만원에서 500만원... 4만원에서 300만원 등 이 처럼 쉬운 수익일부터 고수익 일까지 여러가지...,https://kin.naver.com/qna/detail.naver?d1id=12&dirId=12040601&docId=293597963&qb=67aA7JeFIOyblCAzMDDrp4zsm5A=&enc=utf8,,0,6,0,0,6,False
부업 월 300만원,기타,대구수성구부업,"... 간단한 손부업으로 월100~300만원 받으실수있는 각종부업을 소개시켜드리고자합니다. 특히 주부들, 직장인, 학생들이 많이 하고 있고 초기비용없이 하실수 있는데요 정말이지 허황되지 않고 가장 현실적인 재택알바라고 생각합니다...",https://kin.naver.com/qna/detail.naver?d1id=4&dirId=40611&docId=249630748&qb=67aA7JeFIOyblCAzMDDrp4zsm5A=&enc=utf8,,0,6,0,0,6,False
부업 월 300만원,콘텐츠,인스타 공구 부업,"인스타로 공구, 부업 알아보다가 교육 신청 해보려 했더니 남자는 안받는다는... 했는데 진짜 신기하게도 되더라구요 ㅎㅎ 정말 월 100~200만원은 거뜬히... ㅎㅎ 300만원 상당의 온라인동영상 강좌도 있어서 더 쉽게 할 수 있었어요 ㅎㅎ...",https://kin.naver.com/qna/detail.naver?d1id=4&dirId=40611&docId=411609004&qb=67aA7JeFIOyblCAzMDDrp4zsm5A=&enc=utf8,,0,2,0,0,2,False
부업 월 300만원,기타,부업으로 돈벌고 싶은데 뭐 좋은 아이템 없을까요?,... 처음에는 저도 단순한 부업이라고 생각했는데... 팀과 함께 하다 보니 한달에 천 만원이상 버시는분들도 많구요. 6개월정도 하시면 월 100~200만원정도는... 대기업이 하는 플랫폼 마케팅 사업 팀원과 함께하는 사업 300만원 마케팅...,https://kin.naver.com/qna/detail.naver?d1id=4&dirId=40703&docId=416205711&qb=67aA7JeFIOyblCAzMDDrp4zsm5A=&enc=utf8,,0,2,0,0,2,False
부업 월 300만원,기타,"사업,부업하는 것 추천해주세요 중3입니다","... 저는 부업을해 책을 사고싶은데 솔직히 책사는데 눈치가 보입니다 그래서 부업을하고 싶은데 1.제나이는... 에이전트 이용자 월 평균 수익 90만원, 많은 경우 300만원 까지도 나오는 상당한 수익이정도면 에이전트 할만 하지...",https://kin.naver.com/qna/detail.naver?d1id=4&dirId=40703&docId=480800749&qb=67aA7JeFIOyblCAzMDDrp4zsm5A=&enc=utf8,,0,4,0,2,2,False
부업 월 300만원,기타,공무원도 부업 가능한가요?,"... 월급만으로는 형편이 어려울것같아 부업을 하고싶은데 원고팜이나 서베이컴페어처럼 합법적으로 제 인적사항을... 월300만원 지금은 평균 월 2,000만원이상 매달 고정적으로 벌고 있어요 솔직히 남편보다 잘 벌어요 ㅎㅎ 계속하다가...",https://kin.naver.com/qna/detail.naver?d1id=4&dirId=40601&docId=346693138&qb=67aA7JeFIOyblCAzMDDrp4zsm5A=&enc=utf8,,0,2,0,0,2,False
부업 월 300만원,기타,채점부업,학습지 채점을 집에서 하고싶은데 학습지 채점 부업알바를 어디서... 여러팀이 있는데 저희팀은 300만원 상당의 교육도 무상지원 해주고 있고 그냥... 팀에서 알려주는대로만 따라가면 첫달 일배우고 나서 보통 6개월이면 월100만원 ~ 월...,https://kin.naver.com/qna/detail.naver?d1id=4&dirId=40611&docId=410772571&qb=67aA7JeFIOyblCAzMDDrp4zsm5A=&enc=utf8,,0,2,0,0,2,False
부업 월 300만원,기타,구미조립부업구해요,"... 간단한 손부업으로 월100~300만원 받으실수있는 각종부업을 소개시켜드리고자합니다. 특히 주부들, 직장인, 학생들이 많이 하고 있고 초기비용없이 하실수 있는데요 정말이지 허황되지 않고 가장 현실적인 재택알바라고 생각합니다...",https://kin.naver.com/qna/detail.naver?d1id=12&dirId=1209150101&docId=249665147&qb=67aA7JeFIOyblCAzMDDrp4zsm5A=&enc=utf8,,0,6,0,0,6,False
부업 월 300만원,기타,4대보험 가입된 직장인의 부업 알바 고용보험 환급여부,"... ""본업 A에서 고용보험료를 내는데, 부업 알바 B에서 고용보험료를 공제하는 게 맞나요? 안녕하세요 저는 인터넷판매자 입니다. 솔직히 광고글 다 버리시고 저는 당근 중고나라 번개장터에서 월300만원이상 벌고있습니다....",https://kin.naver.com/qna/detail.naver?d1id=6&dirId=6080402&docId=456476153&qb=67aA7JeFIOyblCAzMDDrp4zsm5A=&enc=utf8,,0,2,0,0,2,False
부업 월 300만원,기타,20대 초반 배민커넥터 부업 할려고요,안녕하세요 24세 에 촉탁 현대자동차를 근무 하고 있는데 배민커넥터 를 부업으로 삶아보려고 하는데 보험을 어떻게... 한달에 300만원 정도 벌고 있는데~ 저보다 먼저 시작하신 분들 중에는 정말 월 1000만원 이상 버시는 분들도 많아요...,https://kin.naver.com/qna/detail.naver?d1id=4&dirId=40308&docId=412120760&qb=67aA7JeFIOyblCAzMDDrp4zsm5A=&enc=utf8,,0,2,0,0,2,False
부업 월 300만원,기타,부업도 사업자,... 둘이하면 300만원도 번다는데 참고로 미싱부업입니다 답변부탁드립니다 부업후에 돈을 받으시는걸 어떤 형태로 받느냐에 따라서 사업자를 내시는게 편할수도 있어요 부업도 무조건 사업자를 내는건 아니니 좀더 알아보셔요 현재 전...,https://kin.naver.com/qna/detail.naver?d1id=4&dirId=40304&docId=252486815&qb=67aA7JeFIOyblCAzMDDrp4zsm5A=&enc=utf8,,0,2,0,0,2,False
부업 월 300만원,기타,부업에는 뭐가있고 얼마나 버는지요?,... 솔직히 부업으로 월 몇천만원 버는건 거품광고라고 생각하고 60이상 벌수있는 부업 없을까요? 부업종류랑 종류별... 하루 10만원이면 한달이면 300만원이고 20만원이면 600만원입니다. . 아마도 경험 해보시면 삶이 풍요로움을...,https://kin.naver.com/qna/detail.naver?d1id=4&dirId=40611&docId=431655544&qb=67aA7JeFIOyblCAzMDDrp4zsm5A=&enc=utf8,,0,2,0,0,2,False
부업 월 300만원,기타,직장인 3.3 일용근로소득 부업 관련하여,"... 현재 월 실수령액 200초반으로 4대보험을 내고 있는 직장인입니다. 최근 급여가 부족한 것 같아서 주말마다 쿠팡 알바를 시작했습니다. 월수령액 40만원 이하로 예상되며, 연수익은 300만원 이상이 될 것 같습니다. 쿠팡 알바는...",https://kin.naver.com/qna/detail.naver?d1id=6&dirId=60802&docId=482669400&qb=67aA7JeFIOyblCAzMDDrp4zsm5A=&enc=utf8,,0,4,0,0,4,False
부업 월 300만원,기타,강릉 손부업,"... 간단한 손부업으로 월100~300만원 받으실수있는 각종부업을 소개시켜드리고자합니다. 특히 주부들, 직장인, 학생들이 많이 하고 있고 초기비용없이 하실수 있는데요 정말이지 허황되지 않고 가장 현실적인 재택알바라고 생각합니다...",https://kin.naver.com/qna/detail.naver?d1id=12&dirId=12080238&docId=249492014&qb=67aA7JeFIOyblCAzMDDrp4zsm5A=&enc=utf8,,0,6,0,0,6,False
부업 월 300만원,기타,"집에서할수있는부업후기 하신 분들, 실제 난이도와 수익성","초보자가 집에서할수있는부업후기을 시작하려고 할 때 가장 먼저 해야 할 것은 무엇인가요? 쉽게 접근할 수 있는... 일감만으로도 월 100-200 충분히 가능하고, 하시는 거에 따라 주 180~300만원도 가능합니다. 멘토 로지가 지금...",https://kin.naver.com/qna/detail.naver?d1id=4&dirId=40609&docId=481939195&qb=67aA7JeFIOyblCAzMDDrp4zsm5A=&enc=utf8,,0,4,0,0,4,False
부업 월 300만원,기타,마블인형 납품부업 해보신분 조언 부탁드립니다.,"... 월 200~300만원 정도 수입이 가능하다하는데 ..... 혹시 해보신분이나 알고계신분 조언 부탁드립니다. 지금... 재료비도 안나와요,, 저도 가게가 안돼고 벌이가 너무 약해서 부업으로 그걸 시작했습니다. 120만원이 들었는데 정말...",https://kin.naver.com/qna/detail.naver?d1id=4&dirId=407&docId=34387931&qb=67aA7JeFIOyblCAzMDDrp4zsm5A=&enc=utf8,,0,2,0,0,2,False
부업 월 300만원,기타,평택십자수부업하는데,"... 간단한 손부업으로 월100~300만원 받으실수있는 각종부업을 소개시켜드리고자합니다. 특히 주부들, 직장인, 학생들이 많이 하고 있고 초기비용없이 하실수 있는데요 정말이지 허황되지 않고 가장 현실적인 재택알바라고 생각합니다...",https://kin.naver.com/qna/detail.naver?d1id=4&dirId=40611&docId=249664228&qb=67aA7JeFIOyblCAzMDDrp4zsm5A=&enc=utf8,,0,6,0,0,6,False
부업 월 300만원,기타,집에서 할수있는 손부업,지금 중학교 2학년인 여중생입니다 6살 차이나는 언니랑 같이 부업을 하려고 하는데 찾는게 어려워서요... 약 300만원 조금 못된다고 합니다. 무슨 뜻인지 아시죠? 미국에선 작은 돈으로 주는게 우리한텐 큰돈이죠....,https://kin.naver.com/qna/detail.naver?d1id=4&dirId=40611&docId=208861229&qb=67aA7JeFIOyblCAzMDDrp4zsm5A=&enc=utf8,,0,2,0,0,2,False
부업 월 300만원,기타,부업하고싶습니다,... 전 3년 7개월째 한달도 빠짐없이 월평균 300만원 이상씩 벌고있답니다.. 랭키닷컴에서 공인한 부업.재택알바 1위사이트이구요. 물론 공정거래위원회와 국세청에 정식등록된 합법회사로 다단계나 사기회사란 염려는 않으셔도 되요....,https://kin.naver.com/qna/detail.naver?d1id=12&dirId=12101202&docId=190265864&qb=67aA7JeFIOyblCAzMDDrp4zsm5A=&enc=utf8,,0,4,0,0,4,False
부업 월 300만원,기타,배우자가 부업으로,배우자가 부업으로 작년에 월20~40만원씩 300만원벌고 소득세 3.3%만 뗏는데 연말정산 같이 못하나요? 1. 소득세 3.3%는 근로자를 회사와 고용관계가 없는 사업소득자(프리랜서)로 원천징수 하는방법으로 사업소득이 100만원이 초과하는...,https://kin.naver.com/qna/detail.naver?d1id=20&dirId=2002&docId=319932018&qb=67aA7JeFIOyblCAzMDDrp4zsm5A=&enc=utf8,,0,2,0,0,2,False
부업 월 300만원,기타,인천 연수4단지 손부업찾아요~~,... 전 3년 7개월째 한달도 빠짐없이 월평균 300만원 이상씩 벌고있답니다.. 랭키닷컴에서 공인한 부업.재택알바 1위사이트이구요. 물론 공정거래위원회와 국세청에 정식등록된 합법회사로 다단계나 사기회사란 염려는 않으셔도 되요....,https://kin.naver.com/qna/detail.naver?d1id=12&dirId=12041004&docId=190264648&qb=67aA7JeFIOyblCAzMDDrp4zsm5A=&enc=utf8,,0,4,0,0,4,False
부업 월 300만원,기타,경북포항부업구해요,"... 간단한 손부업으로 월100~300만원 받으실수있는 각종부업을 소개시켜드리고자합니다. 특히 주부들, 직장인, 학생들이 많이 하고 있고 초기비용없이 하실수 있는데요 정말이지 허황되지 않고 가장 현실적인 재택알바라고 생각합니다...",https://kin.naver.com/qna/detail.naver?d1id=9&dirId=90111&docId=249629327&qb=67aA7JeFIOyblCAzMDDrp4zsm5A=&enc=utf8,,0,6,0,0,6,False
부업 월 300만원,기타,강릉 손부업,"... 간단한 손부업으로 월100~300만원 받으실수있는 각종부업을 소개시켜드리고자합니다. 특히 주부들, 직장인, 학생들이 많이 하고 있고 초기비용없이 하실수 있는데요 정말이지 허황되지 않고 가장 현실적인 재택알바라고 생각합니다...",https://kin.naver.com/qna/detail.naver?d1id=12&dirId=120802&docId=249438725&qb=67aA7JeFIOyblCAzMDDrp4zsm5A=&enc=utf8,,0,6,0,0,6,False
부업 월 300만원,기타,직산부업있나여? 현미경쪽으로여~,"... 간단한 손부업으로 월100~300만원 받으실수있는 각종부업을 소개시켜드리고자합니다. 특히 주부들, 직장인, 학생들이 많이 하고 있고 초기비용없이 하실수 있는데요 정말이지 허황되지 않고 가장 현실적인 재택알바라고 생각합니다...",https://kin.naver.com/qna/detail.naver?d1id=11&dirId=1114&docId=249199116&qb=67aA7JeFIOyblCAzMDDrp4zsm5A=&enc=utf8,,0,6,0,0,6,False
부업 월 300만원,기타,부업을 해볼까 하는데?,40대 가정 부부입니다 이제 아이들 어느정도크고 해서 부업을 해볼려구 하는데요 가사일 하면서 한번 해보고 싶어요... (한달에 300만원 판매시 투자자의 수입은 월 60만원 이상을 예상합니다.) 또 하나의 수익 창출 방법 투자자에게는...,https://kin.naver.com/qna/detail.naver?d1id=4&dirId=40611&docId=36644262&qb=67aA7JeFIOyblCAzMDDrp4zsm5A=&enc=utf8,,0,6,0,0,6,False
부업 월 300만원,기타,부업해서 돈벌고싶어서요,부업해서 돈벌고싶어서요 재택알바 하시면서 이거만 설치하시면 돈이 마구 들어와요!! 요즘 재택알바중에... 약 300만원 조금 못된다고 합니다. 무슨 뜻인지 아시죠? 미국에선 작은 돈으로 주는게 우리한텐 큰돈이죠....,https://kin.naver.com/qna/detail.naver?d1id=4&dirId=4&docId=213247623&qb=67aA7JeFIOyblCAzMDDrp4zsm5A=&enc=utf8,,0,4,0,0,4,False
부업 월 300만원,기타,본업부업ㅠㅠ,제가 본업을 샤월을 뛰고 부업으로 비비씨를 뛰는데 아 미치겠어요 진짜 요즘에 블락비만 눈ㅇ에들어오고... 약 300만원 조금 못된다고 합니다. 무슨 뜻인지 아시죠? 미국에선 작은 돈으로 주는게 우리한텐 큰돈이죠....,https://kin.naver.com/qna/detail.naver?d1id=7&dirId=7&docId=211962067&qb=67aA7JeFIOyblCAzMDDrp4zsm5A=&enc=utf8,,0,2,0,0,2,False
부업 월 300만원,기타,부업 알려주세요,직장인 부업 생각중인데 재택알바 말고 컴맹도 할수있는 투잡으로 좋은거 알려주세요.. 월급 많이 벌수있도 좀... 주부님도 집안일 하며 월300만원 가능하십니다. 대학생.직장인들도 투잡으로 많은 분들이 참여하고 계십니다. 그림을...,https://kin.naver.com/qna/detail.naver?d1id=6&dirId=60805&docId=293974027&qb=67aA7JeFIOyblCAzMDDrp4zsm5A=&enc=utf8,,0,6,0,2,4,False
부업 월 300만원,기타,부업 4대 보험료 관련,본업이 있고 월수익은 4대보험료 떼고 300만원 정도 됩니다. 부업으로 월100만원 정도 수익이 생길 것 같은데 (3.3% 떼는걸로) 연말 정산은 2월에 회사에서 진행 될거고 부업 소득은 5월에 종합소득세로 따로 신고 할 생각입니다. 그렇게...,https://kin.naver.com/qna/detail.naver?d1id=4&dirId=40301&docId=418524342&qb=67aA7JeFIOyblCAzMDDrp4zsm5A=&enc=utf8,,0,4,0,0,4,False
부업 월 300만원,기타,재택 부업 하이프랜드 어떤 부업인가요?,... 또는 부업을 생각하고 계신분들 많으시죠?? 저도 그중 한사람입니다.. 그래서 인터넷을 뒤지고 뒤지다 우연히 찾게된 헬로우드림 월수익 300만원 누구나... 투자하면 월 50만원은 거뜬히 그냥버실수있는거죠~~ 실제로 입금된 내역을...,https://kin.naver.com/qna/detail.naver?d1id=4&dirId=40611&docId=198109290&qb=67aA7JeFIOyblCAzMDDrp4zsm5A=&enc=utf8,,0,8,0,0,8,False
부업 월 300만원,기타,종합 소득세 월. 얼마정도 초과 하면,"소득세 신고해야하나요 종합소득세는 월 얼마 넘으면 신고처럼 딱 정해진 기준은 없고, 소득 종류별 연간 기준으로... 하지만 사업·프리랜서·부업소득은 금액이 작아도 신고 대상이 될 수 있고, 기타소득은 연 300만원 이하이면...",https://kin.naver.com/qna/detail.naver?d1id=4&dirId=40301&docId=492552572&qb=67aA7JeFIOyblCAzMDDrp4zsm5A=&enc=utf8,,0,2,0,0,2,False
부업 월 300만원,기타,부업하는아주머니들 어떻게 하나요????,"... 근데 제 월 소득은 250만 정도 밖에 안됩니다..차량 기름값이 훨씬 더 많이... @ 아주머니들은 ..집에서 부업으로 하시는 일들이신데 이것땜에 4대 보험을... 일괄적으로 300만원, 600만원 이렇게 드리는데 그럼 한사람이름으로...",https://kin.naver.com/qna/detail.naver?d1id=4&dirId=403&docId=35078264&qb=67aA7JeFIOyblCAzMDDrp4zsm5A=&enc=utf8,,0,2,0,0,2,False
부업 월 300만원,기타,개인회생 워크아웃 그리고 퇴직연금 질문있습니다,"... ㅤ ㅤ ② 소득 변동에 따른 개인회생 재설계ㅤ ㅤ 월 수익이 300만 원에서 200만 원으로 줄어들었다면, 현재 진행... 하지만 퀵서비스와 같은 부업 소득은 현금 흐름이 불분명한 경우가 많아 실무적으로는 주 소득원인 직장 급여를...",https://kin.naver.com/qna/detail.naver?d1id=6&dirId=60203&docId=493344963&qb=67aA7JeFIOyblCAzMDDrp4zsm5A=&enc=utf8,,0,4,0,2,2,False
부업 월 300만원,유튜브,집에서하는부업 뭐가 있을가요?,집에서하는부업 뭐가 있을가요? 간단하게 하면서 돈벌수 있는지 있을가요? 집에서 할 수 있는 부업은 정말 다양해!... 0원 월 10만~300만 원 재능 판매(크몽) ⭐⭐ 0원 월 10만~100만 원 유튜브 ⭐⭐⭐⭐ 0~몇십만 원 월 0~무제한 추천 조합...,https://kin.naver.com/qna/detail.naver?d1id=6&dirId=60802&docId=452086415&qb=67aA7JeFIOyblCAzMDDrp4zsm5A=&enc=utf8,,0,4,0,2,2,False
부업 월 300만원,기타,재택부업 어떤가요?,"... 경험으로 답변을 드리자면 200만원 300만원 찍혀있는 통장도 실제 급여내역은 맞습니다. 하지만, 쉽게 버는 돈이 아니란걸 알려드리고 싶어요. 재택부업을 알고 지낸지 벌써 해수로만 6년인데요, 지금은 예전과는 다르게 수익이...",https://kin.naver.com/qna/detail.naver?d1id=4&dirId=40611&docId=197692720&qb=67aA7JeFIOyblCAzMDDrp4zsm5A=&enc=utf8,,0,6,0,2,4,False
부업 월 300만원,블로그,"애드포스트 수익으로 종합소득세 신고, 언제 하는 게...","... 작년에는 수익이 300만원 이하여서 따로 신고하지 않았는데, 만약 올해... 다니면서 부업으로 블로그 운영 중 │ → 근로소득 공제·인적공제 등이... 마감: 2026년 6월 1일 (월) 기한 후 신고 시 가산세 발생하니 마감 전에 처리하세요!",https://kin.naver.com/qna/detail.naver?d1id=4&dirId=40301&docId=493395102&qb=67aA7JeFIOyblCAzMDDrp4zsm5A=&enc=utf8,,0,6,0,0,6,False
부업 월 300만원,유튜브,"단순 문서작성, 타이핑등 컴퓨터 부업이 있을까요?","... 그래서 사무용 컴퓨터로 진행할 수 있는 부업을 알아보고 있는데 블로그나 유튜브. 초기자금이 필요하거나 본... 일감만으로도 월 100-200 충분히 가능하고, 하시는 거에 따라 주 180~300만원도 가능합니다. 멘토 로지가 지금...",https://kin.naver.com/qna/detail.naver?d1id=4&dirId=406&docId=441326618&qb=67aA7JeFIOyblCAzMDDrp4zsm5A=&enc=utf8,,0,6,0,0,6,False
부업 월 300만원,기타,경품응모가 부업이 되나요?,"가끔 TV에도 나오고, 검색해서도 보면 한 달에 300만원, 몇 백만원씩 당첨이 되어서... 넘으면 부업이 될 것 같긴 한데요. 여러분의 현명한 대답을 기다립니다.. 현재 가입하고 계신 카페에서 열심히 활동하시면 될 것 같습니다. 월...",https://kin.naver.com/qna/detail.naver?d1id=4&dirId=40611&docId=34451845&qb=67aA7JeFIOyblCAzMDDrp4zsm5A=&enc=utf8,,0,2,0,0,2,False
부업 월 300만원,기타,개인회생 채권자 집회전 이직에 대하여,"... 구조라면 300만 원의 세후 소득에서 153만 8,543원을 제외한 약 146만 원 상당이 새로운 월 변제금으로 결정되므로 변제계획을 새로 짜더라도 수중에 남는 실질 생활비는 늘어나지 않고 법정 생계비 수준으로 고정됩니다. 3. 부업...",https://kin.naver.com/qna/detail.naver?d1id=4&dirId=40106&docId=493411858&qb=67aA7JeFIOyblCAzMDDrp4zsm5A=&enc=utf8,,0,2,0,0,2,False
부업 월 300만원,기타,부업하고싶어요~~!!,"오후에 시간나서 부업하고싶은데, 부업할꺼 뭐 없을까요?? 안녕하세요... 2~300만원까지도 벌더라구요. 현재는 그것보다 훨씬 더 많이 버시는 분들도... 최대 월 4400만원의 고수익을 내신 분도 나오셨답니다 (업계유일) 저또한 소소하게...",https://kin.naver.com/qna/detail.naver?d1id=4&dirId=40611&docId=197021292&qb=67aA7JeFIOyblCAzMDDrp4zsm5A=&enc=utf8,,0,4,0,0,4,False
부업 월 300만원,기타,재탁부업?,재탁부업? 캐쉬피에스타Cash Fiesta란 것이 있습니다. 무엇이냐구요?? 바로 재택근무입니다. 편안하게 집에서... 약 300만원 조금 못된다고 합니다. 무슨 뜻인지 아시죠? 미국에선 작은 돈으로 주는게 우리한텐 큰돈이죠....,https://kin.naver.com/qna/detail.naver?d1id=4&dirId=40611&docId=218663186&qb=67aA7JeFIOyblCAzMDDrp4zsm5A=&enc=utf8,,0,4,0,0,4,False
부업 월 300만원,기타,낭만컴퍼니 부업,"... 부업으로 소개된 내용이 많던데, 실제로 가입은 어디서 하나여? 2. 가입시 유지비로 월 10만? 5만? 작성자마다 가격이 틀리던데 유지비가 얼마나 드나요?... 재택근무(300만원 상당의 온라인마케팅 교육포함) *당장 얼마벌 수 있다...",https://kin.naver.com/qna/detail.naver?d1id=4&dirId=40401&docId=380722160&qb=67aA7JeFIOyblCAzMDDrp4zsm5A=&enc=utf8,,0,4,0,0,4,False
부업 월 300만원,블로그,부업에관하여,"어떻게하는부업인가요? 초기비용 xxxxxxxxx 집에서 하기좋은 괜찮은 재택아르바이트,재택부업,투잡 소개해드릴게요.... 지금은 월평균 200~300만원 이상씩 벌고있답니다. (제 블로그에 통장내역 및 실명공개 및 민증공개) 집에서 하는...",https://kin.naver.com/qna/detail.naver?d1id=4&dirId=40611&docId=195787455&qb=67aA7JeFIOyblCAzMDDrp4zsm5A=&enc=utf8,,0,10,0,0,10,False
부업 월 300만원,기타,집에서할수있는부업 정말 효과적인 방법이 있을까요?,"집에서할수있는부업을 시작하려고 하는데, 요즘 관련 정보가 너무 많아서 무엇이 진짜인지 판단하기가 어려워요.... 일감만으로도 월 100-200 충분히 가능하고, 하시는 거에 따라 주 180~300만원도 가능합니다. 멘토 로지가 지금...",https://kin.naver.com/qna/detail.naver?d1id=6&dirId=6080401&docId=481403430&qb=67aA7JeFIOyblCAzMDDrp4zsm5A=&enc=utf8,,0,2,0,0,2,False
부업 월 300만원,기타,포장부업 지금 할 수 있나요?,"안녕하세요~ 여긴 인천 계양구 인데요 여기서 포장부업 할 수 있는지 어떻게 하면 되는지 아님 포장부업 비슷한 다른... 월300만원 지금은 평균 월 2,000만원이상 매달 고정적으로 벌고 있어요 솔직히 남편보다 잘 벌어요 ㅎㅎ...",https://kin.naver.com/qna/detail.naver?d1id=4&dirId=406&docId=368356151&qb=67aA7JeFIOyblCAzMDDrp4zsm5A=&enc=utf8,,0,2,0,0,2,False
부업 월 300만원,유튜브,집에서하는부업 관련해서 경험자분들의 조언이 필요해요,최근에 집에서하는부업에 대해 알아보고 있어요 유튜브나 블로그에서 많은 후기들이 보이는데 실제로 해보신... 0원 월 10만~300만 원 재능 판매(크몽) ⭐⭐ 0원 월 10만~100만 원 유튜브 ⭐⭐⭐⭐ 0~몇십만 원 월 0~무제한 추천 조합...,https://kin.naver.com/qna/detail.naver?d1id=4&dirId=40607&docId=481220512&qb=67aA7JeFIOyblCAzMDDrp4zsm5A=&enc=utf8,,0,6,0,2,4,False
부업 월 300만원,기타,회사다니면서 부업중인데 세금이나 기타 신경써야할...,회사다니면서 지금 술집에서 부업 중입니다. 설명 먼저 드리면 계약서에는 겸직 금지는 따로 없어서 그냥 말 안하고... 저희 팀에서는 7개월 만에 100~300만원 받으시는분들도 있으시고 월 1000만원도 받는분들 계시더라구요 더...,https://kin.naver.com/qna/detail.naver?d1id=4&dirId=40305&docId=415293429&qb=67aA7JeFIOyblCAzMDDrp4zsm5A=&enc=utf8,,0,2,0,0,2,False
부업 월 300만원,기타,부업을 하고싶은데요,부업을 하고싶은데요 일끝나고 하루 1시간정도 투자해서 월 10만원이상이면 됩니다 타이핑이든 아니면 손으로하는... 제 경우 충분한 업무숙지후 첫달 300만원 시작으로 그후 왠만한 직장인 보다 높은 수익을 내집에서 받고 일하고...,https://kin.naver.com/qna/detail.naver?d1id=2&dirId=20301&docId=321148469&qb=67aA7JeFIOyblCAzMDDrp4zsm5A=&enc=utf8,,0,6,0,0,6,False
부업 월 300만원,스마트스토어,애둘맘이예요 부업을 해야되는 상황인데,"... 유아쇼핑몰부업 어떠세요 ? 폰하나로 일할수 있고 하루1시간 투자해 쿠팡파트너가 되여주고 인스타에 사진만 올려 홍보만으로 고정수익은 물론 월300만원이상 벌수 있어요 사입, 배송 ,촬영, 사재기, 재고관리 없이 본사에서 다...",https://kin.naver.com/qna/detail.naver?d1id=4&dirId=40703&docId=442613601&qb=67aA7JeFIOyblCAzMDDrp4zsm5A=&enc=utf8,,0,8,0,0,8,False
부업 월 300만원,기타,충남손부업,... 재택근무로 월 400만원에서 500만원 이상 벌고 있구요 핸드폰이나 컴퓨터로 하는 부업은 왜 말이안된다고... 4만원에서 300만원 등 이 처럼 쉬운 수익일부터 고수익 일까지 여러가지 수익원이 있구요 따로 교육 들으러 가지 않으셔도...,https://kin.naver.com/qna/detail.naver?d1id=8&dirId=809&docId=293404189&qb=67aA7JeFIOyblCAzMDDrp4zsm5A=&enc=utf8,,0,6,0,0,6,False
부업 월 300만원,기타,집에서하는재택부업,... 주부부업으로 많은 주부님들이 아이를 키우면서 할수있는 일을 찾으시다가 저의 회사에서 일하게되어 억대연봉도.. 벌어가시는 분들.. 평균적으로는 월200~300만원을 벌어가고 있어요 간단하고 쉬운업무이기 때문에 누구나 조금만...,https://kin.naver.com/qna/detail.naver?d1id=8&dirId=8010501&docId=230419741&qb=67aA7JeFIOyblCAzMDDrp4zsm5A=&enc=utf8,,0,4,0,0,4,False
부업 월 300만원,기타,"국민연금 감액기준 변경, 제 연금도 해당될까요?",... ■ 2 부업 정도면 괜찮을까? ✔ 월 200~300만 원 수준의 근로소득 → 대부분 감액 없이 수령 ✔ 평균소득(A값) 초과 시 → 일부 감액 가능 그리고 중요한 점은 개인 소득 기준입니다. 배우자 소득은 합산하지 않습니다. ■ 3 65세 이후는?...,https://kin.naver.com/qna/detail.naver?d1id=6&dirId=6100402&docId=492278011&qb=67aA7JeFIOyblCAzMDDrp4zsm5A=&enc=utf8,,0,2,0,0,2,False
부업 월 300만원,기타,"63세, 집에서 보내는 시간이 너무 아까와 손 부업하고...",... 예전엔 아이들 키우며 집에서 손 부업을 하였습니다. 이젠 나이도 있어 직장에 나가는 것은 무리가 되네요.... 최대 300만 원 * 헬로지니 앱 – 터치만 해도 월 최대 30만 원 * 그 외 홈페이지 다수 서비스 이용 시 수익 발생 (홈페이지...,https://kin.naver.com/qna/detail.naver?d1id=12&dirId=1204&docId=439308324&qb=67aA7JeFIOyblCAzMDDrp4zsm5A=&enc=utf8,,0,4,0,0,4,False
부업 월 300만원,기타,집에서하는부업 하면 한 달 수익은 어느 정도일까요?,"요즘 집에서하는부업이 유행이라는데 실제로 해보신 분들의 경험담이 궁금해요 특별한 기술 없이 초보자도... 일감만으로도 월 100-200 충분히 가능하고, 하시는 거에 따라 주 180~300만원도 가능합니다. 멘토 로지가 지금 100만원...",https://kin.naver.com/qna/detail.naver?d1id=10&dirId=100507&docId=481169252&qb=67aA7JeFIOyblCAzMDDrp4zsm5A=&enc=utf8,,0,4,0,2,2,False
부업 월 300만원,콘텐츠,부업하려는데 인스타일반가입후 가격안올리고...,부업예정인데 아직 주위분들 위주로 시작할꺼라 토퍼 파는일인데 수입도 아직모르고 사업자등록도 통신판매... 팀에서 300만원 상당의 마케팅교육도 무상지원 해주고 있고 그냥 정보글 써서 전달하는 일이라 쉽게 일 할수가 있고요....,https://kin.naver.com/qna/detail.naver?d1id=1&dirId=1061203&docId=410421159&qb=67aA7JeFIOyblCAzMDDrp4zsm5A=&enc=utf8,,0,2,0,0,2,False
부업 월 300만원,기타,부업 초보자 추천이요 ^^,... 안녕하세요^^ 컴퓨터 필요 없구요~ 나이도 상관없어요^^ 무자본으로 열정만 있으시면 월 300만원 이상 씩 받아가 실 수 있는 연금성 부업 소개해 드릴게요!! 열심히만 하시면 말씀하신데로 월 몇천씩도 가능해요! 카카오톡 akdlalsrb로...,https://kin.naver.com/qna/detail.naver?d1id=4&dirId=40611&docId=330153810&qb=67aA7JeFIOyblCAzMDDrp4zsm5A=&enc=utf8,,0,2,3,2,3,False
부업 월 300만원,기타,한국마케팅아카데미로 부업을 할까하는데요..,... 싫어서 부업을 할까하는데 한국마케팅아카데미가 많이 뜨더라구요. 그래서 하려는데 초기교육비용이 300만원이라는 소리에 예랑이 반대해요~ 예랑이랑... 여기서 제가 간단하게 설명을 하자면 일단 매일 같이 출석만 하더라도 월...,https://kin.naver.com/qna/detail.naver?d1id=4&dirId=40401&docId=239740564&qb=67aA7JeFIOyblCAzMDDrp4zsm5A=&enc=utf8,,0,2,0,0,2,False
부업 월 300만원,기타,부업 신용카드 발급,... 이제 부업을 시작하게 되었는데 부업이라 인터넷부업 같은곳인데 따로 재직확인 전화가 불가능한데... 적금은 월 50만원 이상 6개월 이상이시거나 (또는 총 납입액 300만원 이상 1년 이상) 예금은 최근 6개월 이상 500만원 이상...,https://kin.naver.com/qna/detail.naver?d1id=4&dirId=40104&docId=340496951&qb=67aA7JeFIOyblCAzMDDrp4zsm5A=&enc=utf8,,0,2,0,0,2,False
부업 월 300만원,기타,집에서 부업을하고싶은데 어디없을까요?손으로할수있는...,"... 간단한 손부업으로 월100~300만원 받으실수있는 각종부업을 소개시켜드리고자합니다. 특히 주부들, 직장인, 학생들이 많이 하고 있고 초기비용없이 하실수 있는데요 정말이지 허황되지 않고 가장 현실적인 재택알바라고 생각합니다...",https://kin.naver.com/qna/detail.naver?d1id=7&dirId=70111&docId=249111481&qb=67aA7JeFIOyblCAzMDDrp4zsm5A=&enc=utf8,,0,6,0,0,6,False
부업 월 300만원,배달,신세계상품권 종합소득세,"저는 현재 배달부업으로만 하는 20대중후반입니다 작년 10말쯤에 사회복무요원 소집해제 기념으로 신세계상품권... (연 300만 원 초과)에 해당하지 않음 ➡ 따라서 종합소득세 신고 대상이 아니며, 세금도 발생하지 않습니다....",https://kin.naver.com/qna/detail.naver?d1id=4&dirId=40309&docId=492868942&qb=67aA7JeFIOyblCAzMDDrp4zsm5A=&enc=utf8,,0,4,0,0,4,False
부업 월 300만원,기타,미자 소소하게 돈 벌 부업같은거 없나요?,... 정도씩만 해서 소소하게 벌고 싶은데 그런 온라인 부업같은거 없을까요? 저도 최근에 시작한 부업 있는데... 고성과자 월 평균 300만원 수익 --- 1:1 매니저 코칭으로 초보자도 쉽게 활동 가능 --- 신청 캠페인 별 활동 가이드...,https://kin.naver.com/qna/detail.naver?d1id=4&dirId=40611&docId=480705368&qb=67aA7JeFIOyblCAzMDDrp4zsm5A=&enc=utf8,,0,4,0,0,4,False
부업 월 300만원,기타,현실적인 한달에 300만원 모으는방법 있나요?,2년동안 7천만원 모으는게 목표입니다 저의 생각은 2교대 공장 들어가서 밤 낮 가리지 않고 일하고 250~300 남는 시간은 부업 이렇게하면 월300은 모을수있겠죠 월 버는것도 중요하지만 지출관리가 가장 중요합니다 지출 리스트를...,https://kin.naver.com/qna/detail.naver?d1id=4&dirId=406&docId=399056247&qb=67aA7JeFIOyblCAzMDDrp4zsm5A=&enc=utf8,,0,2,0,0,2,False
부업 월 300만원,기타,십자수부업할려하는데 십자수한번도 안해,"... 컴퓨터만 있다면 주부, 초보분, 컴맹이신분들도 쉽게 할 수 있는 부업입니다. 노력만 하신다면 월 200~300만원도 가능하죠 혹시나 관심 있으시면 오픈톡으로 연락주시면 정확히 어떤일인지 급여는 어떻게 되는지 상세히...",https://kin.naver.com/qna/detail.naver?d1id=3&dirId=31204&docId=324795571&qb=67aA7JeFIOyblCAzMDDrp4zsm5A=&enc=utf8,,0,2,0,0,2,False
부업 월 300만원,기타,집에서 딱히 할만한 괜찮은 부업을 알려주세요.,"... [급 여] 건당 7만원-10만원 폰지원금 2만원 ~ 100만원 누적수당 15만원 ~ 300만원 받습니다 ex : 하루 1건일시... 사업자 등록번호 : 314-81-67118 팀사무실 : 대전광역시 서구 탄방동 743번지 이메일******@yahoo.co.kr 부업, 재택...",https://kin.naver.com/qna/detail.naver?d1id=20&dirId=2002&docId=70563403&qb=67aA7JeFIOyblCAzMDDrp4zsm5A=&enc=utf8,,0,4,0,2,2,False
부업 월 300만원,기타,집에서 할만한 부업으로 괜찮은게 뭐가 있을까요?,... 실버 300만원 / 골드 700 / 다이아몬드 1500&그랜저 / 크라운 3000&제네시스 / 임페리얼 5000&에쿠스 롤업수당 - 회사 월... 타 부업으로 월 600만원의 수익을 낸 심지마미가 금보바이오닉스를 선택한 이유!! 아시겠죠?^^ 어느것이 효율적인지...,https://kin.naver.com/qna/detail.naver?d1id=4&dirId=40611&docId=196865295&qb=67aA7JeFIOyblCAzMDDrp4zsm5A=&enc=utf8,,0,4,0,0,4,False
부업 월 300만원,기타,대학원 중도 포기 후 병역문제가 남아있으면 재검사 후...,"... @질문 작성자 위에 부업으로 월 300만원 이 답변자는 AI 답변 복붙 에다가 완전 엉터리 답변 으로 다른 답변자들 까지 피해를 주고 있으므로, 절대로 채택 바로 하지 마시고 ""특정 이용자가 질문/답변/채택을 반복 사유"" 로 신고...",https://kin.naver.com/qna/detail.naver?d1id=6&dirId=6030205&docId=490093375&qb=67aA7JeFIOyblCAzMDDrp4zsm5A=&enc=utf8,,0,2,3,2,3,False
부업 월 300만원,기타,부업 알려주세요.,"... 간단한 손부업으로 월100~300만원 받으실수있는 각종부업을 소개시켜드리고자합니다. 특히 주부들, 직장인, 학생들이 많이 하고 있고 초기비용없이 하실수 있는데요 정말이지 허황되지 않고 가장 현실적인 재택알바라고 생각합니다...",https://kin.naver.com/qna/detail.naver?d1id=8&dirId=814&docId=249449193&qb=67aA7JeFIOyblCAzMDDrp4zsm5A=&enc=utf8,,0,6,0,2,4,False
부업 월 300만원,기타,집에서하는부업을 하면 얼마나 노력해야 수익이 날까요?,"집에서하는부업을 고려하고 있는데 처음 시작하려다 보니 막막한 부분이 많아요 처음에는 얼마나 투자해야 하고... 일감만으로도 월 100-200 충분히 가능하고, 하시는 거에 따라 주 180~300만원도 가능합니다. 멘토 로지가 지금...",https://kin.naver.com/qna/detail.naver?d1id=12&dirId=1210&docId=481369754&qb=67aA7JeFIOyblCAzMDDrp4zsm5A=&enc=utf8,,0,6,0,0,6,False
부업 월 300만원,기타,부업 재테크.,"... 전체 50위 안에 한국분이 두명끼었는데(자체에서 성과에 따른 랭킹이...) 그중 한명은 월 약3,300만원, 또다른 한분은 2,900만원 정도를 매달 받고 계시더군요. (물론 첨부터 그렇게 많이 받는건 아니죠) 실은 저도 첨엔...",https://kin.naver.com/qna/detail.naver?d1id=20&dirId=200207&docId=66664130&qb=67aA7JeFIOyblCAzMDDrp4zsm5A=&enc=utf8,,0,2,0,0,2,False
부업 월 300만원,기타,집에서할수있는부업을 고민 중인데 실제 경험담이...,"주부인데 집에서 할 수 있는 집에서할수있는부업을 찾고 있어요. 광고에서는 쉬운 일이라고 하지만... 일감만으로도 월 100-200 충분히 가능하고, 하시는 거에 따라 주 180~300만원도 가능합니다. 멘토 로지가 지금 초기비용 페이백...",https://kin.naver.com/qna/detail.naver?d1id=4&dirId=40607&docId=481413276&qb=67aA7JeFIOyblCAzMDDrp4zsm5A=&enc=utf8,,0,4,0,0,4,False
부업 월 300만원,기타,부업구해요,지금부터 2월말까지 할 예정이구요 올해 성인된 사람도 할 수 있는 부업이였으면 좋겠어요 집에서 간편하게... 수익고성과자 월 평균 300만원 수익 1:1 매니저 코칭으로 초보자도 쉽게 활동 가능 신청 캠페인 별 활동 가이드...,https://kin.naver.com/qna/detail.naver?d1id=4&dirId=40611&docId=480467723&qb=67aA7JeFIOyblCAzMDDrp4zsm5A=&enc=utf8,,0,4,0,0,4,False
부업 월 300만원,블로그,예적금 제외하면,... 활용 부업 특히 요즘은 “내 노동 + 온라인 시스템” 조합으로 월 30만~300만 원 만드는 분들도 많습니다. 단순 투자보다 리스크가 낮은 경우도 있어서 초보자분들에겐 오히려 현실적이더라고요. 위 내용은 아래 블로그를 직접...,https://kin.naver.com/qna/detail.naver?d1id=6&dirId=61303&docId=463394874&qb=67aA7JeFIOyblCAzMDDrp4zsm5A=&enc=utf8,,0,6,0,0,6,False
부업 월 300만원,유튜브,집에서하는부업 찾는데,일을 하기도 애매하고 인터넷보니까 돈 버시는 분들 많은거 같아서 집에서하는부업 해보려고 하거든요 정말... 0원 월 10만~300만 원 재능 판매(크몽) ⭐⭐ 0원 월 10만~100만 원 유튜브 ⭐⭐⭐⭐ 0~몇십만 원 월 0~무제한 추천 조합...,https://kin.naver.com/qna/detail.naver?d1id=4&dirId=40611&docId=368241115&qb=67aA7JeFIOyblCAzMDDrp4zsm5A=&enc=utf8,,0,4,0,2,2,False
부업 월 300만원,기타,근로장려금 맞벌이 질문,"... 질문자님 계산대로 부부가 각각 월 300만 원씩 벌면 연 7,200만 원이 되어 아예 신청조차 불가능합니다. 심지어... 배우자의 파트타임이나 부업 소득을 어떻게 조절해야 안전하게 '맞벌이'로 인정받고 장려금을 최대한 타낼 수...",https://kin.naver.com/qna/detail.naver?d1id=6&dirId=60804&docId=492427364&qb=67aA7JeFIOyblCAzMDDrp4zsm5A=&enc=utf8,,0,2,3,2,3,False
부업 월 300만원,기타,수입이 늘어나면 청년내일저축계좌 유지가 될까요?,"... (2025년 기준 변동 가능) 즉, 월 총 소득(본업 + 부업)이 300만 원을 넘지 않는다면 기본적으로 유지가 가능합니다. 2. 중도해지 기준 만약 월 소득이 기준을 초과하면 지원금 지급이 중단되고 일정 기간 내 소득기준 미충족 시...",https://kin.naver.com/qna/detail.naver?d1id=4&dirId=40101&docId=487619828&qb=67aA7JeFIOyblCAzMDDrp4zsm5A=&enc=utf8,,0,2,0,0,2,False
부업 월 300만원,기타,부업으로 괜찮다는 말을 많이 들어서 시작해보려고...,... 월수입 300만원 정도(넘을때도 있고) 됩니다. 부업으로하시면 괜찮을거라 생각 됩니다. 부업으로 하시면 피크타임(저녁8시~밤12시) 때 할수 있으니 짭짤 하시리라 생각 됩니다. 일단 대리운전회사에 전화를 해서 부딛혀 보면 됩니다. 해...,https://kin.naver.com/qna/detail.naver?d1id=6&dirId=60102&docId=359137437&qb=67aA7JeFIOyblCAzMDDrp4zsm5A=&enc=utf8,,0,2,0,0,2,False
부업 월 300만원,기타,캐드 재택부업,캐드로 재택부업 하고 싶은데요 .. 있을까요 ? 아무리 찾아도 없던데 녕하세요. 요즘 재택알바 붐이라서 종류도 많고... 정회원가입과 참여만으로 손쉽게 월300만원 수익은 큰 어려움없이 누구나 가능하며일일 2시간정도 게시판에 글...,https://kin.naver.com/qna/detail.naver?d1id=1&dirId=1020302&docId=246606147&qb=67aA7JeFIOyblCAzMDDrp4zsm5A=&enc=utf8,,0,6,0,0,6,False
부업 월 300만원,기타,부업을하고픈데,집에있으면서할수있는부업이뭐가있을까요? 안녕하세요.재택부업을 찾고 계시네요^^ 특별한 자격이나 조건이 있지... 이렇듯 다양한 업무로 월 최소 150만원 300만원 이상 벌어가실수 있어요. 일이 손에만 익는다면 그 이상의 수익은...,https://kin.naver.com/qna/detail.naver?d1id=6&dirId=6080401&docId=332796981&qb=67aA7JeFIOyblCAzMDDrp4zsm5A=&enc=utf8,,0,6,0,0,6,False
부업 월 300만원,기타,주부부업 할 때 주의해야 할 점이 있을까요?,"주부부업을 시작해보려고 하는데 현실적으로 수익이 날 수 있을까요? 요즘 온라인에서 많이 보이던데 정말 믿을... “초보도 300만 원, 500만 원 가능” 광고 경험상, 진짜 고수도 월 100~200만 원이면 잘하는 편 ✅ “내 플랫폼에서...",https://kin.naver.com/qna/detail.naver?d1id=4&dirId=40611&docId=481293984&qb=67aA7JeFIOyblCAzMDDrp4zsm5A=&enc=utf8,,0,4,0,0,4,False
부업 월 300만원,기타,올해부터 1억 모으기 할건데요 저축 꿀팁 좀 알려주세요,"... 예: 월 300만 원 수령 → 150만 원 자동 저축 → 나머지로 생활 수입이 오르면 생활비를 올리지 말고 저축액을... 부업, 자격증, 이직 준비, 사이드 프로젝트 “월 30만 원 추가 수입”만 생겨도 속도가 확 달라집니다. 저축은 방어...",https://kin.naver.com/qna/detail.naver?d1id=4&dirId=40101&docId=491250393&qb=67aA7JeFIOyblCAzMDDrp4zsm5A=&enc=utf8,,0,2,3,2,3,False
부업 월 300만원,유튜브,요즘 집에서하는부업 하는 사람들이 많아졌던데 해볼 만한,직장인이라 퇴근 후 할 수 있는 집에서하는부업을 찾고 있어요 본업과 병행하면서 가능한 일이 있을까요? 하루에... 0원 월 10만~300만 원 재능 판매(크몽) ⭐⭐ 0원 월 10만~100만 원 유튜브 ⭐⭐⭐⭐ 0~몇십만 원 월 0~무제한 추천 조합...,https://kin.naver.com/qna/detail.naver?d1id=4&dirId=40611&docId=481170985&qb=67aA7JeFIOyblCAzMDDrp4zsm5A=&enc=utf8,,0,4,0,2,2,False
부업 월 300만원,기타,300만원 이내로 창업(장사) 할수 있는게 무엇이...,"... 300만원 이내로 창업을 할수 있는게 무엇이 있을까요 ? 네 있습니다. 정말로 적은금액으로 창업하실 수 있고... ♧ 부업, 투잡, 알바가능. ♧ 다양한 온/오프라인 마케팅. (방법은 다 가르쳐 드립니다.) ♧ 유치하는 고객에 대한...",https://kin.naver.com/qna/detail.naver?d1id=4&dirId=407&docId=27748721&qb=67aA7JeFIOyblCAzMDDrp4zsm5A=&enc=utf8,,0,4,0,0,4,False
부업 월 300만원,기타,안녕하세요. 한 직장에서 3년 4개월째 근무중인...,"... 리드코프 300만원 입니다. 높은이자를 다른 대출로 돌려막아 한달인생을 살다가 부업도 해보고 하지만 월세세입자면서 생활비 및 통신요금에... 있는지, 월 변제금이 얼마나 되는지를 알 수 가 있습니다. 상기 글데로라면 대출일자...",https://kin.naver.com/qna/detail.naver?d1id=6&dirId=60203&docId=280246694&qb=67aA7JeFIOyblCAzMDDrp4zsm5A=&enc=utf8,,0,2,0,0,2,False
부업 월 300만원,기타,주부 온라인 부업으로 어떤일이 있을까요?,"40대 주부인데 막상 일을 하려니까 온라인 부업이 어렵게만 느껴지네요 초기비용이 많이 안들어가고 돈벌 수 있는... 저도 처음엔 ""하루 1시간 일해서 얼마나 벌겠나?"" 했는데요 리치패밀리 후기를 꼼꼼하게 살펴봤더니, 월 200~300만원...",https://kin.naver.com/qna/detail.naver?d1id=4&dirId=40613&docId=426395092&qb=67aA7JeFIOyblCAzMDDrp4zsm5A=&enc=utf8,,0,4,0,0,4,False
부업 월 300만원,기타,2023 더 뉴 아반떼 cn7 장기렌트 월 비용,"대략적으로 월 얼마를 예상 하면 좋을까요?ㅠㅠ 처음이라 궁금한게 많네요... 1으로써 직장인,부업,투잡,육아맘,취준생 누구나 쉽게 자동차를... (본사마진X) ###300만원 상당 sns마케팅교육,100만원 상당 자동차교육 기본제공!!...",https://kin.naver.com/qna/detail.naver?d1id=5&dirId=50703&docId=443032610&qb=67aA7JeFIOyblCAzMDDrp4zsm5A=&enc=utf8,,0,4,0,2,2,False
부업 월 300만원,기타,중학생부업? 제가돈이필요한데부업할데없을까요?...,중학생부업? 제가돈이필요한데부업할데없을까요?... 월수익 300만원 누구나 가능합니다. 인터넷만 있으면 누구나 언제든지 시간을 따지지... 투자하면 월 50만원은 거뜬히 그냥버실수있는거죠~~ 실제로 입금된 내역을 알려드립니다...,https://kin.naver.com/qna/detail.naver?d1id=4&dirId=40611&docId=198093285&qb=67aA7JeFIOyblCAzMDDrp4zsm5A=&enc=utf8,,0,6,0,0,6,False
부업 월 300만원,기타,주말에 충분히 할 수 있는 부업 추천,"주말에 충분히 할 수 있는 부업 추천해주세요!! 저는 아직 대학생입니다 졸업을하게되면 병원 같은곳에서... 일감만으로도 월 100-200 충분히 가능하고, 하시는 거에 따라 주 180~300만원도 가능합니다. 멘토 로지가 지금 초기비용...",https://kin.naver.com/qna/detail.naver?d1id=4&dirId=40613&docId=301768066&qb=67aA7JeFIOyblCAzMDDrp4zsm5A=&enc=utf8,,0,4,0,2,2,False
부업 월 300만원,기타,동아나래1차 부업,... 출근길에 부업을 하는걸 봤는데 혹시 어떤 부업이고 어떻게 할 수 있는지 알려주시면 감사하겠습니다.... 있습니다 월 50만원에서 최대 200~300만원까지 가능하고 본인이 카페랑 밴드 등 타 sns에도 열심히 홍보하거나...,https://kin.naver.com/qna/detail.naver?d1id=4&dirId=40611&docId=447940350&qb=67aA7JeFIOyblCAzMDDrp4zsm5A=&enc=utf8,,0,2,0,0,2,False
부업 월 300만원,기타,연말정산 질문있습니다.,"... 부업으로 월 300만원 수령 (3.3% 공제) 이 경우, 연말정산 시 주의해야 할 점들이 있습니다: 1. 연말정산: 주 직장에서는 정상적으로 연말정산을 진행하게 됩니다. 2. 종합소득세 신고: 부업으로 얻는 소득은 사업소득으로 간주되므로...",https://kin.naver.com/qna/detail.naver?d1id=4&dirId=40309&docId=480268265&qb=67aA7JeFIOyblCAzMDDrp4zsm5A=&enc=utf8,,0,2,3,2,3,False
부업 월 300만원,기타,집에서할수있는포장부업,"... 간단한 손부업으로 월100~300만원 받으실수있는 각종부업을 소개시켜드리고자합니다. 특히 주부들, 직장인, 학생들이 많이 하고 있고 초기비용없이 하실수 있는데요 정말이지 허황되지 않고 가장 현실적인 재택알바라고 생각합니다...",https://kin.naver.com/qna/detail.naver?d1id=8&dirId=80801&docId=249583795&qb=67aA7JeFIOyblCAzMDDrp4zsm5A=&enc=utf8,,0,6,0,0,6,False
부업 월 300만원,스마트스토어,손쉬운부업 있으면 알려주세요!,"재테크부업은 말구요, 부산 금정구 ㄴㅅㄷ에서 할수있는 부업이있나요??... 되었고 월 1000만원 벌고 있어요 저도 처음에는 월 50만원만 벌어보자. 라고... 4만원에서 300만원 쇼핑몰 등 이 처럼 쉬운 수익일부터 고수익 일까지 여러가지...",https://kin.naver.com/qna/detail.naver?d1id=6&dirId=60805&docId=298681036&qb=67aA7JeFIOyblCAzMDDrp4zsm5A=&enc=utf8,,0,6,0,2,4,False
부업 월 300만원,기타,본업외 쿠팡일용직 한도,... 부업할거면 기타소득 연 300미만으로 알고있는데 쿠팡풀필먼트 일용직 물류센터(쿠펀치 신청)하는거는 일용근로소득이라 기타소득으로 분류안되서 월... 연 300만원 초과해도되나요? 연 300만원 초과 시 세금 신고가 필요하므로...,https://kin.naver.com/qna/detail.naver?d1id=4&dirId=40309&docId=491864811&qb=67aA7JeFIOyblCAzMDDrp4zsm5A=&enc=utf8,,0,2,0,0,2,False
부업 월 300만원,기타,증평 부업,"증평 부업 알아보고 있습니다! 자택 부업, 인터넷 부업 말고 찾아보니 성인용품 부업 있던데 쪽지로 그 부업 이름과... 월300만원의 수당이 지급되요 흔히 가지게 되는 고민은 너무 어렵지 않을까 에요. 하지만 자세히 살펴보면 글쓰기...",https://kin.naver.com/qna/detail.naver?d1id=4&dirId=40611&docId=287059937&qb=67aA7JeFIOyblCAzMDDrp4zsm5A=&enc=utf8,,0,2,0,0,2,False
부업 월 300만원,기타,육아휴직급여 수령 중 사업소득이 발생 될 경우 질문...,"... 원, 300만 원씩 벌게 되면 그때부터는 문제가 될 수 있거든요. 실무적인 팁을 하나 드리자면요, 사업자 명의를... 혹시 구상 중이신 부업의 월 예상 수익이 어느 정도 되시나요? 수익 규모에 따라 제가 조금 더 구체적인 조언을 드릴 수...",https://kin.naver.com/qna/detail.naver?d1id=6&dirId=60804&docId=492643467&qb=67aA7JeFIOyblCAzMDDrp4zsm5A=&enc=utf8,,0,4,0,2,2,False
부업 월 300만원,스마트스토어,부업. 일자리,요즘 인터넷부업이 많다고들었는데요 예전부터 한번은 해보고싶단... 되었고 월 1000만원 벌고 있어요 저도 처음에는 월 50만원만 벌어보자. 라고 시작을... 4만원에서 300만원 쇼핑몰 등 이 처럼 쉬운 수익일부터 고수익 일까지 여러가지...,https://kin.naver.com/qna/detail.naver?d1id=4&dirId=40611&docId=297351613&qb=67aA7JeFIOyblCAzMDDrp4zsm5A=&enc=utf8,,0,6,0,0,6,False
부업 월 300만원,기타,종합소득세 계산,"안녕하세요 저는 부업을 겸하고있는 직장인입니다 직장에서 월급 350... 잘못된 정보 때문에 300만 원이라는 큰 돈을 내야 할까 봐 걱정이 많으셨을... ──────────── [ 계산 기준 ] • 연간 근로소득: 4,200만 원 (월 350만...",https://kin.naver.com/qna/detail.naver?d1id=4&dirId=40301&docId=490598433&qb=67aA7JeFIOyblCAzMDDrp4zsm5A=&enc=utf8,,0,2,0,0,2,False
부업 월 300만원,기타,만 30세 월 실수령 340,제목처럼 월 실수령 340정도되고 이것저것 붙여서 받는거까지 합치면 연본... 부업으로 매달 50정도도 법니다. 돈은 벌리는데 왜 한푼도 모아둔 돈이 없을까요 미치겠어요 현재 전재산 300만원입니다 도움좀주세요 음.. 제...,https://kin.naver.com/qna/detail.naver?d1id=4&dirId=40101&docId=468880759&qb=67aA7JeFIOyblCAzMDDrp4zsm5A=&enc=utf8,,0,2,0,0,2,False
부업 월 300만원,기타,취업포기생이 얼마나 되나요,"... 둘째, 프리랜서나 온라인 부업입니다. 글쓰기, 영상 편집, 프로그래밍 등으로 월 150~300만 원을 목표로 할 수 있지만, 초기 3~6개월은 수입이 불안정하므로 최소 500만 원 이상의 저축이 필요합니다. 셋째, 진학 준비 중이라면...",https://kin.naver.com/qna/detail.naver?d1id=12&dirId=12150420&docId=493417605&qb=67aA7JeFIOyblCAzMDDrp4zsm5A=&enc=utf8,,0,2,0,0,2,False
부업 월 300만원,배달,"2026 근로장려금, 소득 기준 정확히 어떻게 확인하나요?","... 총액이 300만 원 이하인 경우에는 소득 산정 시 제외되는 우대 조항이 있습니다. 단독 가구는 연 2,200만 원... 실제로 편의점 알바와 배달 부업을 병행하며 소득이 많아 보여 포기하려던 한 신청자도 홈택스에서 사업소득 조정률 80%를...",https://kin.naver.com/qna/detail.naver?d1id=4&dirId=40305&docId=492382690&qb=67aA7JeFIOyblCAzMDDrp4zsm5A=&enc=utf8,,0,4,0,0,4,False
부업 월 300만원,기타,대전 부업알바,"저는 19살 여자이고요 집에서 할수있는 부업알바를 하고싶은데 어떻게 해야될지 몰르겠어요ㅠㅠ 부업알바... 전체 50위 안에 한국분이 두명 끼었는데(자체에서 성과에 따른 랭킹이...) 그중 한명은 월 약3,300만원, 또 다른...",https://kin.naver.com/qna/detail.naver?d1id=4&dirId=40611&docId=201489816&qb=67aA7JeFIOyblCAzMDDrp4zsm5A=&enc=utf8,,0,2,0,0,2,False
부업 월 300만원,기타,초기 자본금 없는부업,"... 간단한 손부업으로 월100~300만원 받으실수있는 각종부업을 소개시켜드리고자합니다. 특히 주부들, 직장인, 학생들이 많이 하고 있고 초기비용없이 하실수 있는데요 정말이지 허황되지 않고 가장 현실적인 재택알바라고 생각합니다...",https://kin.naver.com/qna/detail.naver?d1id=4&dirId=406&docId=249706340&qb=67aA7JeFIOyblCAzMDDrp4zsm5A=&enc=utf8,,0,6,0,0,6,False
부업 월 300만원,기타,부업의 한 종류인데 아시는분 알려주세요,안녕하세요 다름이아니고 예전에 친구가 한 부업일이 생각이나서 그러는데 집에 물품 가져오고 그걸 다 조립하고... 업무로 월 최소 150만원 300만원 이상 벌어가실수 있어요. 일이 손에만 익는다면 그 이상의 수익은 가능하죠....,https://kin.naver.com/qna/detail.naver?d1id=6&dirId=60801&docId=327724724&qb=67aA7JeFIOyblCAzMDDrp4zsm5A=&enc=utf8,,0,4,0,2,2,False
부업 월 300만원,콘텐츠,손부업 추천해 주세요,"손으로 하는 부업 없을까요? 지역은 부산이에요~ 만들기나 타이핑 다... ◆ 급 여 -건당 6만원~60만원+& (월 200이상 + @ 매월26일지급) -인스타그램... 분들은 300만원~500만원정도 되시고, 최고 1000만원이상의 수익을 벌어가신 분도...",https://kin.naver.com/qna/detail.naver?d1id=12&dirId=1202&docId=351762294&qb=67aA7JeFIOyblCAzMDDrp4zsm5A=&enc=utf8,,0,4,0,2,2,False
부업 월 300만원,기타,개인파산 기준,롯데리아에서 알바하고있는데 월120정도 받고있고 24살이고 신용카드가 1200만원 대학교 취업후상환대출 300만원... 따라서 우선 파트타임 근무 시간을 늘리거나 다른 부업·부수입을 만들어서 월 소득을 최저생계비 이상으로 올리는...,https://kin.naver.com/qna/detail.naver?d1id=6&dirId=60203&docId=477884584&qb=67aA7JeFIOyblCAzMDDrp4zsm5A=&enc=utf8,,0,4,0,0,4,False
부업 월 300만원,기타,당근바로구매 뭔가요??,... ✔ 핵심 정리 소액 부업 → 보통 가능 정기 알바·고소득 → 급여 제한 가능 사업자 등록·4대보험 근로 → 위험 원하시면 “육아휴직급여 실제로 많이 받는 방법 (월 250~300만원 받는 케이스)”도 설명드릴게요. 많은 분들이 잘...,https://kin.naver.com/qna/detail.naver?d1id=4&dirId=40701&docId=492393657&qb=67aA7JeFIOyblCAzMDDrp4zsm5A=&enc=utf8,,0,2,0,0,2,False
부업 월 300만원,배달,상가 엘리베이터 갇힘사고 손해배상 질문드립니다.,... 부업으로 하지만은 평균 월300만원~500만원 수입이 있구요. 본업은 제 사업자 명의가 아니라서 수입증빙이 딱히 되진 않습니다. 제가 배달일을 하는도중 엘리베이터 안에서 40분가량 혼자서 갇히는 상황이 되었고. 엘리베이터 제조사는...,https://kin.naver.com/qna/detail.naver?d1id=6&dirId=60213&docId=491707163&qb=67aA7JeFIOyblCAzMDDrp4zsm5A=&enc=utf8,,0,4,0,2,2,False
부업 월 300만원,스마트스토어,스마트스토어 부업으로 가능할까요?,"... 저도 점점 오르는 물가에 월급만으로는 부족한 것 같아서 찾아보다가 이 부업을 만나게 되었어요. 하루 1-2시간... 하루 1시간 일하는거라 수당이 적을거라 생각하시는데, 첫 달에 일 좀 배우시고 6개월쯤 지나면 보통 월 200-300만원은...",https://kin.naver.com/qna/detail.naver?d1id=4&dirId=40611&docId=406088583&qb=67aA7JeFIOyblCAzMDDrp4zsm5A=&enc=utf8,,0,4,0,0,4,False
부업 월 300만원,기타,현재카드연체300만원핸드폰요금미납액이200만원입니다...,"카드연체300만원은대략2년정도되었구요 핸드폰요금150만원도... 다른 직업을 가지고 부업으로 할 수도 있구요, 실제로 부업으로 진행한 분 중에서도 약 6개월 만에 월 천 만 원대의 소득을 가져가는 분도 계십니다. 본인의 노력에...",https://kin.naver.com/qna/detail.naver?d1id=1&dirId=1070201&docId=65255120&qb=67aA7JeFIOyblCAzMDDrp4zsm5A=&enc=utf8,,0,2,0,0,2,False
부업 월 300만원,기타,10년 요양보호사 월급 얼마인가요,"... 야간 전담으로 일하면 월 250~300만원 이상도 가능합니다. 추측되는 상황 아버지께서 야간·휴일 근무를 많이 하시고, 경우에 따라 추가 근무나 다른 부업을 하실 수도 있습니다. 이렇게 하면 생활비·용돈·취미·투자까지 가능할...",https://kin.naver.com/qna/detail.naver?d1id=6&dirId=6100103&docId=484095763&qb=67aA7JeFIOyblCAzMDDrp4zsm5A=&enc=utf8,,0,4,0,0,4,False
부업 월 300만원,기타,인형눈알붙이는 부업 없나요?,"인터넷으로 서너시간만 하는 부업 말고, 하루 종일 할 수 있는, 부업거리 없을까요? 예) 인형 눈알 달기, 등등 인터넷... * 초보자도 얼마든지 쉽게 하실 수 있으며, 월 30~300만원 이상의 수입이 가능합니다. * 일하시는 분에게 혜택을...",https://kin.naver.com/qna/detail.naver?d1id=4&dirId=40611&docId=129127790&qb=67aA7JeFIOyblCAzMDDrp4zsm5A=&enc=utf8,,0,2,0,0,2,False
부업 월 300만원,기타,화곡1동에 부업을찾고있어여,화곡1동에 부업을찾고있어여 지역이 어디든 상관없이 집에서 일을 할수있어요. 어떤 부업이든 실패와단점이 있기... 업무로 월 최소 150만원 300만원까지 벌어가실수 있어요. 일이 손에만 익는다면 그 이상의 수익은 가능하죠....,https://kin.naver.com/qna/detail.naver?d1id=12&dirId=12011813&docId=323901556&qb=67aA7JeFIOyblCAzMDDrp4zsm5A=&enc=utf8,,0,4,0,0,4,False
부업 월 300만원,기타,재택부업 고민입니다,"... 요즘 부쩍 재택부업에 눈길이 가고 잇는데 현재 3개월째 고민만하고 여기저기 기웃거리기만하고 확신이 서지... 일감만으로도 월 100-200 충분히 가능하고, 하시는 거에 따라 주 180~300만원도 가능합니다. 멘토 로지가 지금...",https://kin.naver.com/qna/detail.naver?d1id=4&dirId=40611&docId=217566366&qb=67aA7JeFIOyblCAzMDDrp4zsm5A=&enc=utf8,,0,4,0,0,4,False
부업 월 300만원,기타,주부부업 아르바이트,주부부업으로 할만한거 찾고 있어요... 머라도 해야할꺼 같아서요... 밖에서 하는 일도 좋구 집에서 하는일도 좋은데... 진짜 현실적으로 성실하게 노력해서 챙겨갈 수 있는 안전한 수입 범주는 월 50만 원에서 많게는 300만 원 선입니다....,https://kin.naver.com/qna/detail.naver?d1id=4&dirId=40611&docId=491235044&qb=67aA7JeFIOyblCAzMDDrp4zsm5A=&enc=utf8,,0,2,0,0,2,False
부업 월 300만원,기타,부천남부역쪽 자택부업찾습니다,... 처음에는 저도 단순한 부업이라고 생각했는데... 팀과 함께 하다 보니 한달에 천 만원이상 버시는분들도 많구요. 6개월정도 하시면 월 100~200만원정도는... 대기업이 하는 플랫폼 마케팅 사업 팀원과 함께하는 사업 300만원 마케팅...,https://kin.naver.com/qna/detail.naver?d1id=4&dirId=40611&docId=415993582&qb=67aA7JeFIOyblCAzMDDrp4zsm5A=&enc=utf8,,0,2,0,0,2,False
부업 월 300만원,기타,적은 시간과 자금을 투자해서 소호창업 또는 부업 할...,적은 시간과 자금을 투자해서 소호창업 또는 부업 꺼리 찾고 있슴돠 이것 저것 봐도 전부 고액이 들어서요... 월수입은 지점제외하고 300만원쯤된답니다~ 그리고 매주 2~3일 일하고 있고요 오전 8시부터 시작해서 1시나 2시쯤이면 일을...,https://kin.naver.com/qna/detail.naver?d1id=4&dirId=407&docId=34475972&qb=67aA7JeFIOyblCAzMDDrp4zsm5A=&enc=utf8,,0,4,0,0,4,False
부업 월 300만원,배달,개인회생 관련,... 계산하면 월 변제금은 260만 원에서 300만 원 사이가 될 수 있습니다. 과거에 월 180만 원 소득으로 65만 원... 배달 일을 더 열심히 하시거나 다른 부업을 시작하셔도 변제금은 그대로 유지됩니다. 4. 변제금을 낮추고 변제기간을 늘리는...,https://kin.naver.com/qna/detail.naver?d1id=4&dirId=40106&docId=491840020&qb=67aA7JeFIOyblCAzMDDrp4zsm5A=&enc=utf8,,0,4,0,0,4,False
부업 월 300만원,기타,카드영업 부업으로 하고싶은데 한달 최소 몇장해야되나요?,퇴근후나 주말에 카드영업을 부업으로 하고싶은데요 한달 최소 성과가 얼마나 되는지 궁금합니다 제 생각에는... 업무로 월 최소 150만원 300만원 이상 벌어가실수 있어요. 일이 손에만 익는다면 그 이상의 수익은 가능하죠.^^ 저희회사는...,https://kin.naver.com/qna/detail.naver?d1id=4&dirId=40401&docId=327683867&qb=67aA7JeFIOyblCAzMDDrp4zsm5A=&enc=utf8,,0,4,0,2,2,False
부업 월 300만원,기타,한국에서 노숙인이 노가다 해서 한달에 300만원 벌수...,... 일용직으로 일자리를 구해서 일을 그만큼 많이 하게 되면 300만원 벌수도 있죠 하지만 몸과 마음은 상할대로 상해서 얼마 버티지 못할수도 있고 하기나름 이겠지요? 요즘 빛을 보고 있는 재택부업은 관심없으신가요?? 월300이 아니라...,https://kin.naver.com/qna/detail.naver?d1id=4&dirId=406&docId=379484311&qb=67aA7JeFIOyblCAzMDDrp4zsm5A=&enc=utf8,,0,4,0,0,4,False
부업 월 300만원,기타,직장인 프리랜서 동시에 국민연금 세금,4대보험 안되는 프리랜서로 원천징수 3.3% 월300 받고 4대보험 되는 아르바이트를 부업으로 월 100벌으면 국민연금은 400 수입에 관한 연금을 부담해야하나요? 300만원 9% 근로자부담 100만원 4.5% 근로자부담 월 소득 590만 원(직장...,https://kin.naver.com/qna/detail.naver?d1id=6&dirId=6100402&docId=455747989&qb=67aA7JeFIOyblCAzMDDrp4zsm5A=&enc=utf8,,0,2,0,0,2,False
부업 월 300만원,기타,정왕동 우체국 근처 집에서 할 수 있는 부업,"... 타부업은 초기비용이 99-300만원 까지 비싼비용을 내야하는데 제가하는 퍼플유는 최소 비용인 55만원정도에 유지비용이면 시작할수 있어 매우 좋았고 ,팀부업으로 되어있어 너가 잘되야 내가 잘되고 팀자체가 잘되는 부업이라...",https://kin.naver.com/qna/detail.naver?d1id=12&dirId=12091724&docId=383482636&qb=67aA7JeFIOyblCAzMDDrp4zsm5A=&enc=utf8,,0,4,0,0,4,False
부업 월 300만원,기타,부업좀하고싶어요,직장 다니면서 부업하려고 하는데 어느게 괜찮을까요 헬로우드림 이라고있는데 어떤가요? 저도 8년째 하고있는데... 월100~300만원씩 꾸준히 벌었어요.^^ 궁금하신건 뭐든지 편하게 물어보세요. 혼자하는것보단 의지할수있는 사람이...,https://kin.naver.com/qna/detail.naver?d1id=4&dirId=40613&docId=308097295&qb=67aA7JeFIOyblCAzMDDrp4zsm5A=&enc=utf8,,0,2,3,4,1,False
부업 월 300만원,기타,300만원 버는 직업 알려주세요.,하고싶은 일이 없어서 알아보고 싶어요 안녕하세요 간단한 알바나 집에서 할 수있는 부업을 찾으시는군요!! 많이... 아시는분중에 동창회 월 회비를 설문조사를 하여 모은 수익으로 지출하시는 분도 계시고 마음 착하신 천사분들은...,https://kin.naver.com/qna/detail.naver?d1id=2&dirId=20403&docId=390467103&qb=67aA7JeFIOyblCAzMDDrp4zsm5A=&enc=utf8,,0,4,0,2,2,False
부업 월 300만원,기타,주부알바 할만한 온라인 부업 추천해주세요,"... 15년 동안 마케팅 현업에 있으면서 수많은 부업을 봐왔지만, 제가 가장 먼저 드리고 싶은 말씀은 초기 비용이나... 현실적으로 주부님이 집에서 틈틈이 하면서 스트레스 덜 받고 가져갈 수 있는 수익은 월 50에서 많게는 200~300만 원...",https://kin.naver.com/qna/detail.naver?d1id=4&dirId=40703&docId=484574165&qb=67aA7JeFIOyblCAzMDDrp4zsm5A=&enc=utf8,,0,4,0,2,2,False
부업 월 300만원,기타,대기업 생산직 통대환 알아보고 있습니다.,"... 7건 중 1건이 1금융권이지만 소액 300만원입니다. 월 납입금액이 약 260만원정도 되는데, 이것저것 내고나면 생활이 쉽지 않습니다. 부업도 알아보고있는데, 요새 부업 찾기도 쉽지 않네요. 다시 채무조정 진행하기는 싫어서...",https://kin.naver.com/qna/detail.naver?d1id=4&dirId=4010503&docId=468681789&qb=67aA7JeFIOyblCAzMDDrp4zsm5A=&enc=utf8,,0,2,0,0,2,False
부업 월 300만원,기타,고3 재산 궁금증,"... 현재 가지고 계신 재산이 총 800만 원이고, 목표가 크리스마스까지 1100만 원 모으는 것이라면, 아직 300만 원이 더... 목표를 이루기 위해서는 저축뿐 아니라 부업이나 투자, 추가 수입 창출 방법도 고려해보세요. 목표를 향한 꾸준한...",https://kin.naver.com/qna/detail.naver?d1id=11&dirId=110408&docId=492937091&qb=67aA7JeFIOyblCAzMDDrp4zsm5A=&enc=utf8,,0,4,0,2,2,False
부업 월 300만원,배달,"개인회생 중 친구에게 빌려준 돈, 사기죄 고소 가능할까요?","... 배달오토바이로 부업해서 갚겠다, 게임 캐릭터 380만원정도 투자해서 갚겠다 항상 납기는 정하고 빌려가고 월 상한액도 정하고 갚는다고 하며 빌려갔는데 결론은 월평균55만원 씩 갚았네요 아마 약속한대로면 월평균 200~300만원씩은...",https://kin.naver.com/qna/detail.naver?d1id=6&dirId=60215&docId=492668352&qb=67aA7JeFIOyblCAzMDDrp4zsm5A=&enc=utf8,,0,6,0,0,6,False
부업 월 300만원,기타,배우가되고싶,"... 원이며 월 수입은 50만~200만 원 수준이에요. 드라마나 영화의 단역 배우는 회당 20만~60만 원, 조연급은 회당 100만~300만 원 정도를 벌 수 있고, 연 수입은 1... 다른 부업을 고려할 수도 있어요. 배우가 되는 것은 단순히 돈을 버는 것...",https://kin.naver.com/qna/detail.naver?d1id=3&dirId=3031101&docId=492098366&qb=67aA7JeFIOyblCAzMDDrp4zsm5A=&enc=utf8,,0,2,0,0,2,False
부업 월 300만원,기타,미혼 직장인분들 월 생활비 얼마나 드,미혼 직장인분들 월 생활비 얼마나 드나요 원룸 살았을때 월룸비 포함 월룸비 + 핸드폰비 공과금 + 교통비 +식비 및... 타부업은 초기비용이 99-300만원 까지 비싼비용을 내야하는데 제가하는 퍼플유는 최소 비용인 55만원정도에...,https://kin.naver.com/qna/detail.naver?d1id=2&dirId=20403&docId=383508446&qb=67aA7JeFIOyblCAzMDDrp4zsm5A=&enc=utf8,,0,4,0,0,4,False
부업 월 300만원,기타,#타이핑알바 #재택알바 #부업,"... 간단한 손부업으로 월100~300만원 받으실수있는 각종부업을 소개시켜드리고자합니다. 특히 주부들, 직장인, 학생들이 많이 하고 있고 초기비용없이 하실수 있는데요 정말이지 허황되지 않고 가장 현실적인 재택알바라고 생각합니다...",https://kin.naver.com/qna/detail.naver?d1id=4&dirId=40611&docId=249009381&qb=67aA7JeFIOyblCAzMDDrp4zsm5A=&enc=utf8,,0,6,0,0,6,False
부업 월 300만원,기타,대전 동구 손부업이나 자택알바,"... 간단한 손부업으로 월100~300만원 받으실수있는 각종부업을 소개시켜드리고자합니다. 특히 주부들, 직장인, 학생들이 많이 하고 있고 초기비용없이 하실수 있는데요 정말이지 허황되지 않고 가장 현실적인 재택알바라고 생각합니다...",https://kin.naver.com/qna/detail.naver?d1id=12&dirId=12060402&docId=249710120&qb=67aA7JeFIOyblCAzMDDrp4zsm5A=&enc=utf8,,0,6,0,0,6,False
부업 월 300만원,스마트스토어,자택부업 초기비용 없고 쉽게 할 수 있는거 추천해주세요,"... 매달 300만원에서 500만원 수익을 내고 있어요. 블로그포스팅, SNS, CPA등 홍보와 종합 쇼핑몰 운영으로 인한 수익 등 다양한 업무로 고수익을 내실 수 있어요. 초기비용은 최저 165천원부터 220만원까지 다양한 솔루션이 있어서 내...",https://kin.naver.com/qna/detail.naver?d1id=4&dirId=40611&docId=332413501&qb=67aA7JeFIOyblCAzMDDrp4zsm5A=&enc=utf8,,0,10,0,2,8,False
부업 월 300만원,기타,자녀가 성인이 된다면 기초생활수급자 박탈 되는 건가요?,"... 제가 부업을해서 달에 40정도는 주기적이진 않은데 들어옵니다 현재 받을수... 아르바이트로 300만 원을 벌었다고 해서 기초생활수급자 자격이 즉시... 예를 들어 미성년이거나 학생의 경우, 월 20만 원의 기본공제 외에도 추가 공제가...",https://kin.naver.com/qna/detail.naver?d1id=6&dirId=6100101&docId=488230887&qb=67aA7JeFIOyblCAzMDDrp4zsm5A=&enc=utf8,,0,2,0,0,2,False
부업 월 300만원,콘텐츠,초기비용이 있는 부업인가요?,"초기비용이 있는 부업인가요? 안녕하세요 ^^* 제가하고 있는 부업... ◆ 급 여 -건당 6만원~60만원+& (월 200이상 + @ 매월26일지급) -인스타그램... 분들은 300만원~500만원정도 되시고, 최고 1000만원이상의 수익을 벌어가신 분도...",https://kin.naver.com/qna/detail.naver?d1id=6&dirId=61303&docId=351505575&qb=67aA7JeFIOyblCAzMDDrp4zsm5A=&enc=utf8,,0,6,0,0,6,False
부업 월 300만원,기타,5년안에 230만원으로 1억 모으는 팁좀 알려 주세요..!!,... 최소 300만 원 유지 “기본은 저축 + 일부는 장기 투자” 구조로 가야 합니다. 4. 5년 시뮬레이션 예시 월 저축/투자 총합: 150만 원 (지출 최적화 + 부업 포함) 연 5% 수익률 가정 5년 후 = 약 1억 원 도달 가능 (현재 조건 100~120만...,https://kin.naver.com/qna/detail.naver?d1id=4&dirId=408&docId=488479563&qb=67aA7JeFIOyblCAzMDDrp4zsm5A=&enc=utf8,,0,6,0,0,6,False
부업 월 300만원,기타,고2 알바 추천,고2입니다 돈이 필요해서요 아직은 보건증은 못만들었고요 알바 추천좀 해주세요 아직도 집에서 하는 부업같... 고성과자 월 평균 300만원 수익 1:1 매니저 코칭으로 초보자도 쉽게 활동 가능 신청 캠페인 별 활동 가이드...,https://kin.naver.com/qna/detail.naver?d1id=4&dirId=40611&docId=480832307&qb=67aA7JeFIOyblCAzMDDrp4zsm5A=&enc=utf8,,0,4,0,2,2,False
부업 월 300만원,기타,이번에 개인회생을 신청해볼까합니다,이번에 개인회생을 신청해볼까합니다 카드론으로 약 2000만원가량되구요 카드대금이 약 300만원이상됩니다 저는 전문직하다 잠시 쉬려고그만두고 부업을하고잇어요. 월 급여는 50~60정도되고 3프로세금내고잇습니다 재산으로는...,https://kin.naver.com/qna/detail.naver?d1id=6&dirId=60203&docId=238956516&qb=67aA7JeFIOyblCAzMDDrp4zsm5A=&enc=utf8,,0,2,0,0,2,False
부업 월 300만원,기타,외국인관광도시민박업 매물 찾는 현실적인 방법 (네이버...,"... 지금 한 곳에서만 월 1천만 원 이상 매출이 발생합니다. 청소비랑 월세 300만원 가까이 빼도 700만원 이상 남습니다.... 셋째, 부가적인 짐 보관과 마케팅도 모두 오토로 에어비앤비를 운영하거나 부업을 하다 보면 짐 보관이나 홍보가...",https://kin.naver.com/qna/detail.naver?d1id=4&dirId=40703&docId=492725816&qb=67aA7JeFIOyblCAzMDDrp4zsm5A=&enc=utf8,,0,4,0,0,4,False
부업 월 300만원,기타,부업ᆞ알바 같이 하면 안되나요ᆞ 궁금해요,부업ᆞ알바 같이 하면 안되나요ᆞ 궁금해요 집에서 한두시간만 투자하는... 월수익 300만원 누구나 가능합니다. 인터넷만 있으면 누구나 언제든지 시간을... 투자하면 월 50만원은 거뜬히 그냥버실수있는거죠~~ 실제로 입금된 내역을...,https://kin.naver.com/qna/detail.naver?d1id=4&dirId=40611&docId=198088319&qb=67aA7JeFIOyblCAzMDDrp4zsm5A=&enc=utf8,,0,6,0,2,4,False
부업 월 300만원,기타,기초생활수급자 자격조건,... 집에서 부업으로 월 20~30만 원 정도 통장 잔고 220만 원 사는 지역 인천 보증금 1천만 원 월 50만 원 자동차 없음... 카카오대출 300만원 만성 생활이 어려워 기초 수급신청 하려 하는데 자격 조건이 되나요 ♥♥♥수기로...,https://kin.naver.com/qna/detail.naver?d1id=6&dirId=6100401&docId=442850579&qb=67aA7JeFIOyblCAzMDDrp4zsm5A=&enc=utf8,,0,2,0,0,2,False
부업 월 300만원,기타,리틀페이지 정확히 어떤 부업인가요?,안녕하세요 부업알아보다가 리틀페이지를 봤는데 다른 온라인 부업과는 좀... 작게는 7만원부터 많게는300만원까지. ..차이를 알아보니 수익금이었어요.... 월 1000만원씩 번다는분들이 많은데 사실인지 아닌지는 모르겠구여 저는...,https://kin.naver.com/qna/detail.naver?d1id=4&dirId=40611&docId=272907907&qb=67aA7JeFIOyblCAzMDDrp4zsm5A=&enc=utf8,,0,4,0,0,4,False
부업 월 300만원,기타,개인워크아웃 개인회생 질문입니다,... 200정도에 부업으로 100정도 벌고있습니다 현재 개인워크아웃 진행 중인 상황에서 개인회생으로의 전환을... 월 소득(300만원)이 안정적으로 있어 개인회생 신청이 가능할 것으로 보입니다. 2. 개인워크아웃에서 개인회생으로의 전환...,https://kin.naver.com/qna/detail.naver?d1id=4&dirId=40106&docId=473879722&qb=67aA7JeFIOyblCAzMDDrp4zsm5A=&enc=utf8,,0,2,3,2,3,False
부업 월 300만원,기타,개인사업자 햇살론,"3월에 소상공인대리대출3천만원 5월초?4월말에 디올?저축에서 1400만원 그리고 지난주에 카드론 300만원 이렇게... 사업 실체가 명확해야 합니다 (사업장 주소, 임대차계약서, 매출 증빙 등) 본업이 직장이라도 부업이아닌 실사업체로...",https://kin.naver.com/qna/detail.naver?d1id=4&dirId=4010505&docId=469700844&qb=67aA7JeFIOyblCAzMDDrp4zsm5A=&enc=utf8,,0,4,0,0,4,False
부업 월 300만원,기타,개인사업자 목돈 만드는방법,"... TIP: 두 상품을 병행하면 연 1,300만 원 납입 → 세금 약 150만 원 절감 가능 (단, 유동성 제한은 단점). 2. 현금... TIP: ""1년 목표 버킷 리스트"" 작성 (예: 1,000만 원 모으기 → 월 83만 원 저축). 5. 추가 수익 창출 아이디어 부업 플랫폼...",https://kin.naver.com/qna/detail.naver?d1id=4&dirId=40301&docId=483665620&qb=67aA7JeFIOyblCAzMDDrp4zsm5A=&enc=utf8,,0,4,0,0,4,False
부업 월 300만원,기타,오전에 할 수 있는 부업 중,... 안녕하세요.재택부업을 찾고 계시네요^^ 특별한 자격이나 조건이 있지 않아요. 한글만 안다면 이렇게 질문을... 이렇듯 다양한 업무로 월 최소 150만원 300만원 이상 벌어가실수 있어요. 일이 손에만 익는다면 그 이상의 수익은...,https://kin.naver.com/qna/detail.naver?d1id=6&dirId=6080401&docId=331566939&qb=67aA7JeFIOyblCAzMDDrp4zsm5A=&enc=utf8,,0,6,0,2,4,False
부업 월 300만원,기타,육아휴직급여,... 월급 300만 원) 구간 엄마 아빠 합계 1~6개월 (6+6특례) 최대 450만 원 최대 450만 원 최대 900만 원/월 7~12개월 (일반) 160만 원 160만 원 320만 원/월... 부업·아르바이트도 신고 의무가 있습니다. Q. 6+6 제도는 신청 순서가...,https://kin.naver.com/qna/detail.naver?d1id=6&dirId=6080402&docId=492413586&qb=67aA7JeFIOyblCAzMDDrp4zsm5A=&enc=utf8,,0,2,0,0,2,False
부업 월 300만원,유튜브,집에서하는부업 하려면 어디서부터 시작해야 할까요?,집에서하는부업을 통해서 한 달에 얼마 정도 벌 수 있을까요? 고정적인 수입이 나오는 일인지 아니면 변동이... 0원 월 10만~300만 원 재능 판매(크몽) ⭐⭐ 0원 월 10만~100만 원 유튜브 ⭐⭐⭐⭐ 0~몇십만 원 월 0~무제한 추천 조합...,https://kin.naver.com/qna/detail.naver?d1id=10&dirId=10010303&docId=481385945&qb=67aA7JeFIOyblCAzMDDrp4zsm5A=&enc=utf8,,0,4,0,2,2,False
부업 월 300만원,배달,개인회생 3인가족 약1억1천 어떻게 해야될까요,... ◈ 본업 외 추가 소득(투잡/부업)에 대한 중요한 점 질문자님처럼 본업 외에 배달이나 부업으로 추가 소득이... - 3인 가구 최저생계비(감액 후 가정) 약 300만 원. - 월 변제금 ≈ 20만 원. 2. 3년 36개월 변제 경우 - 총 변제금 = 20만 원...,https://kin.naver.com/qna/detail.naver?d1id=4&dirId=40106&docId=491419789&qb=67aA7JeFIOyblCAzMDDrp4zsm5A=&enc=utf8,,0,6,0,2,4,False
부업 월 300만원,기타,일끝나면 8시가 되는데 투잡 어떤걸 해야할까여,... 투잡이나 부업할수 있거 있을까요? 추천 좀 부탁드립니다 진짜 급합니다ㅠ 질문자님 안녕하세요.. 제가 요즘뜨는... 많은 분들이 월 300만원 이상씩 벌어가고 계세요. 수익이 너무 많다고 다단계가 아니냐고 많이 물어보시는데요.....,https://kin.naver.com/qna/detail.naver?d1id=4&dirId=40611&docId=272096413&qb=67aA7JeFIOyblCAzMDDrp4zsm5A=&enc=utf8,,0,6,3,6,3,False
부업 월 300만원,기타,부업일자리 없을까요,... 핸드폰으로도 할수있으면좋을것같아요 요즘은 투잡 필수시대죠^^ 그중에서도 가장 뜨고 있는 부업 리치패밀리를 아시나요? 1)하루1시간 투자 2)팀에서 알려주는 대로 따라 하면 되는 간단한 일 3)300만원 상당의 온라인 마케팅...,https://kin.naver.com/qna/detail.naver?d1id=12&dirId=120930&docId=423211645&qb=67aA7JeFIOyblCAzMDDrp4zsm5A=&enc=utf8,,0,6,0,0,6,False
부업 월 300만원,기타,자료입력 부업알바질문이요 !,자료입력부업알바를 할려고그러는데 지금 자료입력알바 구하는곳이랑요 ㅠㅠ재택알바로요!!!!!!!!!!!!!!!!!!!... 있으며 월 30~300만원 이상의 수입이 가능합니다. 일하시는 분에게 혜택을 드리니 휴대폰이 필요하신 분들도 따로 휴대폰을...,https://kin.naver.com/qna/detail.naver?d1id=4&dirId=40611&docId=153209254&qb=67aA7JeFIOyblCAzMDDrp4zsm5A=&enc=utf8,,0,4,0,2,2,False
부업 월 300만원,기타,네이버 엑스퍼트 종합소득세 신고,안녕하세요 저는 현재 직장을 다니고 있고 부업으로 네이버 엑스퍼트에서 법인이나 개인사업자가 아닌 개인으로 활동하고 있습니다. 1. 소득이 월 5만원도... 소득금액이 300만원 이하인 경우는 원천징수에 의해 납세의무가 종결되는...,https://kin.naver.com/qna/detail.naver?d1id=4&dirId=40301&docId=476905819&qb=67aA7JeFIOyblCAzMDDrp4zsm5A=&enc=utf8,,0,2,0,0,2,False
부업 월 300만원,기타,당구장에서 부업할려고 하는데 좋은게 있나요,당구장에 낮에 손님이 없어서 수입도 적고 너무 심심한데 당구대를 이용해서 부업할게 있을까요 당구대를 이용한... 업무로 월 최소 150만원 300만원 이상 벌어가실수 있어요. 일이 손에만 익는다면 그 이상의 수익은 가능하죠....,https://kin.naver.com/qna/detail.naver?d1id=10&dirId=100108&docId=327894822&qb=67aA7JeFIOyblCAzMDDrp4zsm5A=&enc=utf8,,0,4,0,0,4,False
부업 월 300만원,기타,주7일편의점알바생입니다,"... 무인을부업삼아할까 부업추천해주시면감사하겠습니다. 안녕하세요! 반갑습니다. 부업은 어떠실까요?... 일감만으로도 월 100-200 충분히 가능하고, 하시는 거에 따라 주 180~300만원도 가능합니다. 멘토 로지가 지금 초기비용...",https://kin.naver.com/qna/detail.naver?d1id=4&dirId=40703&docId=482153236&qb=67aA7JeFIOyblCAzMDDrp4zsm5A=&enc=utf8,,0,4,0,2,2,False
부업 월 300만원,기타,사람들이 왜 부업을 안하고 직장을 다,사람들이 왜 부업을 안하고 직장을 다니는거에요? 집에서 편하게 폰이나 컴퓨터로 인터넷 부업하면 왠만한... 업무로 월 최소 150만원 300만원까지 벌어가실수 있어요. 일이 손에만 익는다면 그 이상의 수익은 가능하죠.^^ 저희회사는...,https://kin.naver.com/qna/detail.naver?d1id=4&dirId=40611&docId=323754716&qb=67aA7JeFIOyblCAzMDDrp4zsm5A=&enc=utf8,,0,4,0,0,4,False
부업 월 300만원,배달,급) 나라에서 카드빛도 탕감해주는 제도,... ◈ 본업 외 추가 소득(투잡/부업)에 대한 중요한 점 질문자님처럼 본업 외에 배달이나 부업으로 추가 소득이... 예를 들어 200만 원을 먼저 입금하고 나중에 100만 원을 추가하려 해도 월 총액이 300만 원이 되므로 초과분은 입금이 안...,https://kin.naver.com/qna/detail.naver?d1id=4&dirId=4010506&docId=492738632&qb=67aA7JeFIOyblCAzMDDrp4zsm5A=&enc=utf8,,0,6,0,2,4,False
부업 월 300만원,스마트스토어,한국마케팅아카데미 부업으로 할라하는데,"... 초기비용 200만원,300만원 등 월 고정납부액 그런 과대광고 아닙니다. 의지만 있다면 처음 8만원으로도 시작 가능합니다. 안녕하세요. 전 쇼핑몰 부업으로 투잡을 하고 있습니다. 솔직히 말씀 드리면 본업 만큼 쉽지 않은게 사실입니다....",https://kin.naver.com/qna/detail.naver?d1id=4&dirId=40401&docId=307188152&qb=67aA7JeFIOyblCAzMDDrp4zsm5A=&enc=utf8,,0,8,0,0,8,False
부업 월 300만원,기타,출산휴가/육아휴직 급여수급 중 소득,"... 그리고 월 150만원 기준은 순수익 기준인가요? 아니면 단순한 매출 기준인가요 안녕하세요 :) 출산휴가나 육아휴직 중에 부업(개인사업자) 소득이 생길... 예를 들어: 매출이 300만 원이지만 재료비, 비용 등으로 200만 원이 지출됐다면...",https://kin.naver.com/qna/detail.naver?d1id=6&dirId=60804&docId=490945148&qb=67aA7JeFIOyblCAzMDDrp4zsm5A=&enc=utf8,,0,6,0,0,6,False
부업 월 300만원,기타,한부모 가정,"... 포함하여 월 소득 기준을 초과하면 지원 중단 가능성 있음 ✔ 단순 계좌 입금이 300만 원 넘는다고 혜택이 끊기는 것은 아닙니다! ✔ 하지만, 중고거래로... 판매하면 ""부업""으로 볼 가능성 있음 ✔ 즉, 일반적인 중고거래는 문제가 되지...",https://kin.naver.com/qna/detail.naver?d1id=8&dirId=8010502&docId=482683701&qb=67aA7JeFIOyblCAzMDDrp4zsm5A=&enc=utf8,,0,2,0,0,2,False
부업 월 300만원,기타,프리랜서 에서 개인사업자로,... 소소한 ( 월 0~ 100만원 정도 수입) 부업을 해볼까 해서 개인사업자로 전환 하게 되면 근로소득+부업소득... 프리랜서 3.3 프로로 떼면 1년 보통 300만원대였습니다 부업으로 인해서 개인사업자로 전환하게 되면 손해일까요?...,https://kin.naver.com/qna/detail.naver?d1id=4&dirId=40301&docId=480327144&qb=67aA7JeFIOyblCAzMDDrp4zsm5A=&enc=utf8,,0,2,0,0,2,False
부업 월 300만원,기타,투잡 bj종합소득세 질문입니다,회사에서 월200씩 받아서 근로소득 2400 잡히구여 부업으로 아프리카에서 3천400만원정도 벌어서 2023년 합 5800만원정도 수입이 잡힙니다. 2021년부터 투잡이였고 작년에도 종소세를 300만원 넘게 냈습니다 근데 간편장부가아니라...,https://kin.naver.com/qna/detail.naver?d1id=4&dirId=40305&docId=468961728&qb=67aA7JeFIOyblCAzMDDrp4zsm5A=&enc=utf8,,0,4,0,2,2,False
부업 월 300만원,기타,스크린골프 펜션 창업하려면 비용이 얼마나 들까요?,"... 펜션 부업 형태 설치 공간 기준 : 1타석당 약 3.5m(가로) × 6m(세로) × 2.7m... 150~300만 원 - 의자, 클럽랙, 소모품 등 : 약 100~200만 원 총 예상비용 : 약... 기준 월 추가수익 약 100~200만 원 예상 ② 외부 고객 개방형 - 지역 주민 대상...",https://kin.naver.com/qna/detail.naver?d1id=9&dirId=9020603&docId=473321415&qb=67aA7JeFIOyblCAzMDDrp4zsm5A=&enc=utf8,,0,4,0,0,4,False
부업 월 300만원,기타,대출이 가능할까요,... 대상: 부업·알바 소득자도 신청 가능 (소득 증빙 필수) 예시: 서울시 희망회생자금: 최대 300만 원 (무이자) 경기도 위기가구 지원금: 200~500만 원 (연 3%)  반드시 피해야 할 유의사항 개인돈 대출 (사채) 위험성: MARKDOWN - 월...,https://kin.naver.com/qna/detail.naver?d1id=4&dirId=4010506&docId=486855807&qb=67aA7JeFIOyblCAzMDDrp4zsm5A=&enc=utf8,,0,2,0,0,2,False
부업 월 300만원,기타,엄마가 뉴스킨,... 벌써 300만원 정도 쓰셨어요… 근데 사업(?)도 하시는데 (부업으로) 이게 정말 안전한건지 모르겠어요ㅜㅜ 1)... 2) 진짜로 몇년 열심히하면 월 1000씩 벌수있나요? 3) 안전한거 맞나요? 예를 들어 망할수있는지 4)다단계가 옛날 90년대에...,https://kin.naver.com/qna/detail.naver?d1id=4&dirId=40607&docId=399227655&qb=67aA7JeFIOyblCAzMDDrp4zsm5A=&enc=utf8,,0,2,0,0,2,False
부업 월 300만원,기타,집에서 할수있는 부업,... 매니져(좌우 1대1 생기면)에서 실버로 승급 하실경우 축하금 300만원!! 이것만 보셔도 타 재택부업과는 차원이 다른... 초기비용 한두푼도 아닌데 확실하지 않은걸 모험삼아 하진 않아요^^ 제가 타 부업으로 월 최고 600만원의 수익을...,https://kin.naver.com/qna/detail.naver?d1id=4&dirId=40611&docId=196341753&qb=67aA7JeFIOyblCAzMDDrp4zsm5A=&enc=utf8,,0,8,0,0,8,False
부업 월 300만원,블로그,병점 재택부업,"제목 그래도 병점동에서 집에서 할 수 있는 부업 구합니다. 블로그나 어플, 인터넷말고 볼펜 조립이라거나 포장... 혼자 하는일도 아니고 팀원과 함께 하는 팀 비즈니스여서 처음에 헤멜일도 없어요 다 알려주시거든요~ 300만원 상당의...",https://kin.naver.com/qna/detail.naver?d1id=4&dirId=40611&docId=391421330&qb=67aA7JeFIOyblCAzMDDrp4zsm5A=&enc=utf8,,0,6,0,0,6,False
부업 월 300만원,기타,헬로우드림 정말 재택부업으로 좋은곳 맞나요?,요즘 일이 없어서 헬로우드림 부업으로 알아보고 있는데 검색해봤자 다 똑같은 광고글만 보이네요~ 좋다 돈 많이 벌수... 제 경우 충분한 업무숙지후 첫달 300만원 시작으로 그후 왠만한 직장인 보다 높은 수익을 내집에서 받고 일하고...,https://kin.naver.com/qna/detail.naver?d1id=4&dirId=40611&docId=315548028&qb=67aA7JeFIOyblCAzMDDrp4zsm5A=&enc=utf8,,0,6,0,0,6,False
부업 월 300만원,기타,청년도약계좌 가입 조건 소득 및 가구 소득 기준은 ?,"... (세전) + 부업 소득 300만원 = 총 5,300만원 → 가입 가능 반대로 연봉 8,000만원이면 가구 소득 조건과 무관하게... 가구 월 5,704,765원 → 250% = 월 약 14,261,912원 가구 구성원 수에 따라 기준 금액이 다름 (1인 가구는 월 5,058,209원...",https://kin.naver.com/qna/detail.naver?d1id=4&dirId=40301&docId=487942719&qb=67aA7JeFIOyblCAzMDDrp4zsm5A=&enc=utf8,,0,2,0,0,2,False
부업 월 300만원,기타,부업 하는법,"부업일을 하고싶은데요 어떻게시작을해야될까요 부업은 두번째이긴한데 첫번째는거의수입이없었거든요ㅠㅠ... 일감만으로도 월 100-200 충분히 가능하고, 하시는 거에 따라 주 180~300만원도 가능합니다. 멘토 로지가 지금...",https://kin.naver.com/qna/detail.naver?d1id=4&dirId=40613&docId=482408657&qb=67aA7JeFIOyblCAzMDDrp4zsm5A=&enc=utf8,,0,2,0,0,2,False
부업 월 300만원,기타,알바로 300만원,... 안녕하세요^^ 집에 컴퓨터만 있으면 월 300 벌수 있어요^^ 월 300이상 버실려면 재택알바 밖에 없는거 같아요~ 제가 하고 있는 알바는 어떨까요?^^ 제가 하는 부업은 휴대폰 개통없구요~ 오픈한지 얼마 안되서 회원유치하기도 훨씬...,https://kin.naver.com/qna/detail.naver?d1id=4&dirId=40611&docId=129949398&qb=67aA7JeFIOyblCAzMDDrp4zsm5A=&enc=utf8,,0,4,0,0,4,False
부업 월 300만원,기타,53세 맞벌이 직장인의 개인회생자격여부,"... 곧,퇴직을 염두에 두고 있기때문에 다른 부업을 하고 싶었는지 저와는 상의... 월급은 300만원조금 넘게 받는데 400만원이상의 이자를 지급하고 있습니다.... 있는지, 월 변제금이 얼마나 되는지를 알 수 가 있습니다. 개인회생...",https://kin.naver.com/qna/detail.naver?d1id=6&dirId=60203&docId=131203110&qb=67aA7JeFIOyblCAzMDDrp4zsm5A=&enc=utf8,,0,2,0,0,2,False
부업 월 300만원,배달,본업+배달부 종합소득세 계산하는거 질문부탁드립니다...,"... 본업으로는 변제금갚기가 너무힘들어서 부업배달(쿠팡.배민)시작했습니다.. 본업은대기업다니구요... 그래서 특별한 상황들은 하나도 없이 그 배달수입 월250만원이라면 연간총액은 3,000만원이고 월300만원이라면 연간 3...",https://kin.naver.com/qna/detail.naver?d1id=4&dirId=40305&docId=460982430&qb=67aA7JeFIOyblCAzMDDrp4zsm5A=&enc=utf8,,0,4,0,2,2,False
부업 월 300만원,기타,고기집 직원 월급,"... 나와있었네요 월 5회쉬면 300만원이라고 적혀있었고 월 8회 쉬면 250이라고 나와있었습니다 월급 협의를... 요즘 시대에 걸맞는 재택 부업인데, 하루 1시간 정도 홍보 게시물을 올리면 되는거더라구요^^ 근무 시간이 정해져 있지 않기...",https://kin.naver.com/qna/detail.naver?d1id=4&dirId=40611&docId=432490284&qb=67aA7JeFIOyblCAzMDDrp4zsm5A=&enc=utf8,,0,4,0,0,4,False
부업 월 300만원,기타,여유자금이 없는 상황에서 빚 해결 방법,... 매달 300만원 가까운 대출금을 지불해야합니다. 손해배상은 1천만원을... 여기서는 채무를 조정하거나 상환 기간을 연장하는 방법으로 월 상환금을 줄일... 재정 개선을 위한 추가 소득 고려 가능하다면 추가 소득원을 모색하거나 부업...,https://kin.naver.com/qna/detail.naver?d1id=4&dirId=40106&docId=477650681&qb=67aA7JeFIOyblCAzMDDrp4zsm5A=&enc=utf8,,0,2,0,0,2,False
부업 월 300만원,강의,선배님들 질문드립니다.,... 수령액(월 320~350만원) + 연 2회 성과상여금(최대 300만원) 2. 임기제 특성 심층 검토 구분 주요 확인사항 법적... 가산점 부업 제한: 공직자윤리법상 허용 부업 범위 확인 (강의료/저작권 수입 제외 대부분 금지) 6. 전직자 사례...,https://kin.naver.com/qna/detail.naver?d1id=4&dirId=40601&docId=483794528&qb=67aA7JeFIOyblCAzMDDrp4zsm5A=&enc=utf8,,0,4,0,2,2,False
부업 월 300만원,기타,개인회생 조건,02년생 여자이구 한달 월급 사대보험 떼고 300-310 3.3떼고 부업-30에서 50 하는만큼 버는거라 정확하진 않읍 재산 :청약 510만원 저금 100만원 빛 신용대출 3400만원 카카오 비상금 300만원 개인회생 조건이 될까요.. 만약 된다면 청약을...,https://kin.naver.com/qna/detail.naver?d1id=4&dirId=40106&docId=469866588&qb=67aA7JeFIOyblCAzMDDrp4zsm5A=&enc=utf8,,0,2,0,0,2,False
부업 월 300만원,기타,일자리 고민,"... 일반 생산직 (높은 소득) 장점 높은 초기 수입: 월 250만~300만 원은 25살 사회 초년생에게 매우 좋은 조건으로... 저라면 두 직업의 장점을 결합하여 단기적으로는 일반 생산직에서 돈을 모으면서, 지게차 기술은 취미나 부업으로...",https://kin.naver.com/qna/detail.naver?d1id=4&dirId=40609&docId=488547946&qb=67aA7JeFIOyblCAzMDDrp4zsm5A=&enc=utf8,,0,2,0,0,2,False
부업 월 300만원,기타,새희망 햇살론,... 현금수령 부업으로 부동산하면서 월 200~300정도 은행 입금하여 월급은 받구있어요 현재 국민은행 카드론 1500만원 우리캐피탈 대출 300만원 갚을게있습니다.. 친구는 햇살론 2~3%있다는데 가능할까요? 답변 빠르게 도와드립니다....,https://kin.naver.com/qna/detail.naver?d1id=4&dirId=4010503&docId=303139123&qb=67aA7JeFIOyblCAzMDDrp4zsm5A=&enc=utf8,,0,2,0,0,2,False
부업 월 300만원,기타,"한부모가정 엄마의 급여, 정부 지원금 못받을까요??","... 만약 월 소득 250만 원 ~ 300만 원 수준이라면, 여전히 지원 대상이 될 가능성이 높습니다. 지원 범위 아동 양육비... 근로소득 외에 다른 소득(예: 부업, 재산 소득)도 포함됩니다. 250만 원~300만 원의 월급으로는 여전히 많은 혜택을...",https://kin.naver.com/qna/detail.naver?d1id=6&dirId=6100105&docId=484668726&qb=67aA7JeFIOyblCAzMDDrp4zsm5A=&enc=utf8,,0,2,0,0,2,False
부업 월 300만원,기타,개인회생 아웃소싱업체,"... 상태로 월 280~300만 원의 급여를 받고 계시고, 인가 전까지 급여를 월 220만 원으로 조정하고 나머지를 현금으로... - 투잡 여부 점검: 투잡이나 부업을 하고 계신다면, 인가 전에는 잠시 정리하는 것도 고려하세요. 인가 결정 이후...",https://kin.naver.com/qna/detail.naver?d1id=4&dirId=40106&docId=484139981&qb=67aA7JeFIOyblCAzMDDrp4zsm5A=&enc=utf8,,0,4,0,0,4,False
부업 월 300만원,기타,직업 선택 질문요?,... 보육교사이고 월 290만원 정도고요 저는 현재 투잡 중인데 밤11시부터 새벽5시정도까지 정화조 차량 운전을하고 월300만원 받고요 주5일 근무 입니다... 오토바이를 타면 물론 시급이 오르겠지만 부업에 목숨걸일은 없지요?...,https://kin.naver.com/qna/detail.naver?d1id=6&dirId=6080401&docId=477074891&qb=67aA7JeFIOyblCAzMDDrp4zsm5A=&enc=utf8,,0,4,0,2,2,False
부업 월 300만원,기타,직장인 투잡으로 종합소득세신고시 회사에서걸리나요,"... 월 40만 원 정도이면 1년 480만 원인데, 연300만 원 넘는 기타소득은 종합소득세 과세 대상이기 때문에 무조건... 회사가 직원이 부업하는 걸 알 수 있는 방법은 근로소득+근로외 소득(투잡, 사업 포함)이 국민연금 상한액인 524만 원...",https://kin.naver.com/qna/detail.naver?d1id=4&dirId=40305&docId=438377518&qb=67aA7JeFIOyblCAzMDDrp4zsm5A=&enc=utf8,,0,4,0,0,4,False
부업 월 300만원,기타,직장 두개 다닐 시에 세금 문제,... 1 4대 보험 처리 원칙 주간 근무지(일반 회사)에서 이미 4대 보험 가입 의무 발생 야간 헬스 트레이너 부업의 경우 ▸ 월 소득 300만원 미만/주 15시간 미만 근무 시 고용보험 미의무 ▸ 산재보험은 업무 특성상 필수 적용(체육시설...,https://kin.naver.com/qna/detail.naver?d1id=4&dirId=40309&docId=484034204&qb=67aA7JeFIOyblCAzMDDrp4zsm5A=&enc=utf8,,0,2,0,0,2,False
부업 월 300만원,기타,24살 사업소득 300,"현재 회사 급여 260만원 부업 월 소득 300만원인데, 여기 회사에서 나가야할 사정이 생겼거든요. 여러분 같으면 개인 사업소득만 가지고 직장안구하고 사시나요 아니면 그래도 고정급여 주는 직장구해놓고 하시나요? 부업소득이...",https://kin.naver.com/qna/detail.naver?d1id=6&dirId=61303&docId=433764428&qb=67aA7JeFIOyblCAzMDDrp4zsm5A=&enc=utf8,,0,2,0,0,2,False
부업 월 300만원,기타,6 가솔린 터보 풀옵션 5년 장기렌트로 하면 월...,"2023 투싼 1.6 가솔린 터보 풀옵션 5년 장기렌트로 하면 월 얼마씩... 1으로써 직장인,부업,투잡,육아맘,취준생 누구나 쉽게 자동차를 판매하여... (본사마진X) ###300만원 상당 sns마케팅교육,100만원 상당 자동차교육 기본제공!!...",https://kin.naver.com/qna/detail.naver?d1id=8&dirId=8110201&docId=442014968&qb=67aA7JeFIOyblCAzMDDrp4zsm5A=&enc=utf8,,0,4,0,0,4,False
부업 월 300만원,기타,안녕하세요~ 부업하고 싶은데 어떻게,안녕하세요~ 부업하고 싶은데 어떻게 시작하면 되죵? 어떤 부업이든 실패와단점이 있기 마련이에요. ★솔직한 후기... 업무로 월 최소 150만원 300만원까지 벌어가실수 있어요. 일이 손에만 익는다면 그 이상의 수익은 가능하죠....,https://kin.naver.com/qna/detail.naver?d1id=3&dirId=30202&docId=324753386&qb=67aA7JeFIOyblCAzMDDrp4zsm5A=&enc=utf8,,0,4,0,0,4,False
부업 월 300만원,기타,"저는돈문제로인하여,많은고충을격고있습니다.","... 러쉬앤캐쉬같은대부업에약1100만원,은행권2200만원,저축은행860만원,캐피탈300만원... 있는지, 월 변제금이 얼마나 되는지를 알 수 가 있습니다. 신용회복 신청과는 달리 개인회생 신청으로 해결이 가능한 채무는 ①은행 ②카드사...",https://kin.naver.com/qna/detail.naver?d1id=6&dirId=60203&docId=124907085&qb=67aA7JeFIOyblCAzMDDrp4zsm5A=&enc=utf8,,0,2,0,0,2,False
부업 월 300만원,블로그,블로그 쓰는 법!!,"안녕하세요 요즘 다들 블로그나 인스타를 통해 부업일을 많이 하시더라구요 그래서 저도 블로그를 준비해볼까... 일감만으로도 월 100-200 충분히 가능하고, 하시는 거에 따라 주 180~300만원도 가능합니다. 멘토 로지가 지금...",https://kin.naver.com/qna/detail.naver?d1id=1&dirId=1060102&docId=482189691&qb=67aA7JeFIOyblCAzMDDrp4zsm5A=&enc=utf8,,0,4,0,0,4,False
부업 월 300만원,기타,현실적인 조언,"... 대출금 300만원 부모님께 빌린돈 650 보증금 1000/36 적금 월 100 현재까지 총 자산 1600(보증금 포함) 30살 까지 돈... 또한, 부업이나 창업을 고려해볼 수도 있습니다. 예를 들어, 디자인 업무를 외주로 받아 집에서 일하는 것이나, 요리사...",https://kin.naver.com/qna/detail.naver?d1id=11&dirId=110703&docId=446765579&qb=67aA7JeFIOyblCAzMDDrp4zsm5A=&enc=utf8,,0,2,0,0,2,False
부업 월 300만원,기타,직장인 쿠팡알바,"... 한 달 3회, 소액이라도 ‘3.3% 공제’ 받으면 신고 대상입니다 예: 월 10만... 하더라도, 부업(3.3% 알바 소득)이 생기면 → 두 소득을 합산해 신고해야 합니다 (단, 알바 소득이 연 300만 원 이하라면 분리과세 선택도 가능) 정리하자면...",https://kin.naver.com/qna/detail.naver?d1id=4&dirId=40301&docId=484334689&qb=67aA7JeFIOyblCAzMDDrp4zsm5A=&enc=utf8,,0,2,0,0,2,False
부업 월 300만원,기타,세무사 기장대행료 싸고 잘하는곳 알 수 있을까요?,5월 1일 개인 사업자를 내었고 그전에는 직장인 + 부업으로다 진행을 해서 연... 경우는 월 5만원 정도면 가능하다고 했는데 막상 소개받은 곳의 기장 보수료... 5만원 짜리 기장료로 300만원을 벌기위해서는 혼자 60개의 업체를...,https://kin.naver.com/qna/detail.naver?d1id=4&dirId=40305&docId=445087207&qb=67aA7JeFIOyblCAzMDDrp4zsm5A=&enc=utf8,,0,2,0,0,2,False
부업 월 300만원,콘텐츠,인스타그램 하다보면 부업글 많은데 어,인스타그램 하다보면 부업글 많은데 어떻게 돈을 버나요? 수익구조를 알고 싶어요 안녕하세요.재택부업을 찾고... 업무로 월 최소 150만원 300만원 이상 벌어가실수 있어요. 일이 손에만 익는다면 그 이상의 수익은 가능하죠.^^ 저희회사는...,https://kin.naver.com/qna/detail.naver?d1id=1&dirId=1061203&docId=329703524&qb=67aA7JeFIOyblCAzMDDrp4zsm5A=&enc=utf8,,0,6,0,0,6,False
부업 월 300만원,기타,4대보험료 산정(사업주 공동대표 개인사업자) 기준,"... 둘다 직장을다니고있으며, 부업으로 사업을 하고있습니다. 오픈당시 기준소득신고를 저와 공동대표 각각 300만원(직원중 최고월보수액)을했습니다. 따라서 4대보험료가 각각 90만원 토탈 180만원정도가 발생되는 상황입니다. 다만...",https://kin.naver.com/qna/detail.naver?d1id=6&dirId=6100402&docId=452988951&qb=67aA7JeFIOyblCAzMDDrp4zsm5A=&enc=utf8,,0,2,0,0,2,False
부업 월 300만원,스마트스토어,온라인 쇼핑몰 창업,"... 전체 비용은 200~300만원정도 있는데 부족할까요?? 제가 부업으로 쇼핑몰 운영에 관심이 있어 쇼핑몰 통합관리... 프로모션 월 40,000원 가격 ㄴ 가입비 0원 ㄴ 상품등록/수정 송신 10,000건 ㄴ 주문수집 : 무제한 ㄴ 쇼핑몰ID : 무제한...",https://kin.naver.com/qna/detail.naver?d1id=4&dirId=40701&docId=425897314&qb=67aA7JeFIOyblCAzMDDrp4zsm5A=&enc=utf8,,0,4,0,0,4,False
부업 월 300만원,블로그,이거 ㄹㅇ 진짜인가여? 아님 가짜 주작인가여?,... 실제로 블로그 부업을 통해 월 30~300만원은 열심히 하고 재능이 있다면 충분히 가능하긴 합니다. 저거도 극소수의 케이스에만 해당되는거죠 광고니까요 ㅎㅎ 1시간에 천원 법니다라고 광고 할 순 없자나요,https://kin.naver.com/qna/detail.naver?d1id=4&dirId=40401&docId=487775332&qb=67aA7JeFIOyblCAzMDDrp4zsm5A=&enc=utf8,,0,4,0,0,4,False
부업 월 300만원,기타,재택부업어떻게하는건가요?아기키우고있어...,재택부업어떻게하는건가요?아기키우고있어 일하기가어려운상황입니다 출근없이 퇴직없이 누구든지 가능한... 주부님도 집안일 하며 월300만원 가능하십니다. 대학생.직장인들도 투잡으로 많은 분들이 참여하고 계십니다. < 그러나...,https://kin.naver.com/qna/detail.naver?d1id=4&dirId=40613&docId=294054994&qb=67aA7JeFIOyblCAzMDDrp4zsm5A=&enc=utf8,,0,6,0,0,6,False
부업 월 300만원,기타,투잡할 경우 직장건강보험,아침과 낮에 월300만원 받는 직장1과 오후늦게부터 저녁시간대에 월80만원... 다뤄진 부업회사가 있다고해서 신뢰를 갖고 알아보니 업계 1위로 안전하고... 트부터~ 매일 출석도장+미션완수 시 월 최대 70만.원지급 매달 최대...,https://kin.naver.com/qna/detail.naver?d1id=6&dirId=6100401&docId=432653586&qb=67aA7JeFIOyblCAzMDDrp4zsm5A=&enc=utf8,,0,4,0,0,4,False
부업 월 300만원,기타,기아 셀토스 장기렌트,"... 최대 300만원 60개월 장기렌트가 가능한지 월 납입금은 얼마로 나오는지 궁금하네요 월납임금 최저로... 1으로써 직장인,부업,투잡,육아맘,취준생 누구나 쉽게 자동차를 판매하여 수익을 얻으실 수 있습니다. ###내 차...",https://kin.naver.com/qna/detail.naver?d1id=2&dirId=20112&docId=434655979&qb=67aA7JeFIOyblCAzMDDrp4zsm5A=&enc=utf8,,0,6,0,2,4,False
부업 월 300만원,배달,투잡 소득 세금 공제부분,연봉이 5100만원이고 배달대행 으로 1년소득이 300만원(부업) 미만이라면 회사 근로소득 4대보험 공제시 더 공제되서 나가나요? 그리고5월 종합소득신고는 해야되죠? 회사 소득이 5100만원이고 부업 소득이 200만원 이라면 세금을 더...,https://kin.naver.com/qna/detail.naver?d1id=4&dirId=40309&docId=457894880&qb=67aA7JeFIOyblCAzMDDrp4zsm5A=&enc=utf8,,0,6,0,0,6,False
부업 월 300만원,기타,다단계??,... 리치패밀리 후기를 꼼꼼하게 살펴봤더니 월 200~300만원 이상 버시는 분들도 꽤 많더라구요? 요즘 온라인 부업 사기가 많아 리치패밀리를 시작하기까지 정말 많이 고민하고 망설였는데 누구나 다 아는 대기업에서 하는 일이라 믿을...,https://kin.naver.com/qna/detail.naver?d1id=4&dirId=40401&docId=433568201&qb=67aA7JeFIOyblCAzMDDrp4zsm5A=&enc=utf8,,0,2,0,0,2,False
부업 월 300만원,기타,직장인 퇴근후 부업,"... 요즘 물가도 비싸고 돈 들어 갈때는 많고 월급은..;;ㅠ 퇴근하고 1-2시간으로 할 수 있는 부업이 뭐가... 일감만으로도 월 100-200 충분히 가능하고, 하시는 거에 따라 주 180~300만원도 가능합니다. 멘토 로지가 지금 초기비용...",https://kin.naver.com/qna/detail.naver?d1id=4&dirId=40609&docId=482237036&qb=67aA7JeFIOyblCAzMDDrp4zsm5A=&enc=utf8,,0,4,0,0,4,False
부업 월 300만원,기타,수공예 부업 해볼만할까요?,"수공예 부업 해보신분들 계신가요 손재주가 없어서 걱정이 되긴 하는데... 얼마... 저도 월 50만 ~ 100만 정도만 바랬던 시절 초보인데도 제대로 배우고 시작하니 첫 급여 300만원이 넘고 현재 본업으로 일하고 있어요 ^^ 또한, 수익률 유형도...",https://kin.naver.com/qna/detail.naver?d1id=4&dirId=40611&docId=397057794&qb=67aA7JeFIOyblCAzMDDrp4zsm5A=&enc=utf8,,0,4,0,0,4,False
부업 월 300만원,스마트스토어,내일 배움 카드 발급 조건,"안녕하세요 내일 배움 카드 발급 희망하는 직장인인데요 부업으로 스마트스토어를 하고 있는데 사업자낸지는... 부터 국민내일배움카드는 실업자, 재직자 구분없이 하나로 통합하며, 유효기간은 5년, 지원한도는 300만원...",https://kin.naver.com/qna/detail.naver?d1id=6&dirId=60804&docId=426649777&qb=67aA7JeFIOyblCAzMDDrp4zsm5A=&enc=utf8,,0,4,0,0,4,False
부업 월 300만원,기타,신용점수 600점대 신용카드 발급 가능한가요?,... 월 100~120정도 받고있고 1년9개월째 다니고있습니다. 부업으로 3.3% 떼고 급여받는 일 하고있구요. 대부 300만원 대출 남아있고 다른 대출은 없어요. 신용카드 한도 낮게 하나 발급받고싶은데 가능할까요? 안녕하세요...,https://kin.naver.com/qna/detail.naver?d1id=4&dirId=40104&docId=387934694&qb=67aA7JeFIOyblCAzMDDrp4zsm5A=&enc=utf8,,0,2,0,0,2,False
부업 월 300만원,기타,제무 계획을 세워 주세요,"... 시골이라 부업도 없어 답답합니다 아마도 아이들은 더 커서 내년엔 더 많은 학원비가 들어 갈 텐데... 아... 넷째, 차량교환인데 월 5만원씩 5년간 불입할 경우 원금 300만원이고 99년식 아반떼 승용차의 5년 후 중고차량 값은...",https://kin.naver.com/qna/detail.naver?d1id=4&dirId=40102&docId=33939319&qb=67aA7JeFIOyblCAzMDDrp4zsm5A=&enc=utf8,,0,2,0,0,2,False
부업 월 300만원,기타,"정규직, 프리랜서로 투잡 가능한가요?","... 월 소득 300만원이 조금 넘게 될 것 같은데 세금을 많이 내게 될까요? 직장인 투잡에 대해 고민중이시군요. 답변... 회사가 직원이 부업하는 걸 알 수 있는 방법은 근로소득+근로외 소득(투잡, 사업 포함)이 국민연금 상한액인 524만...",https://kin.naver.com/qna/detail.naver?d1id=6&dirId=6080401&docId=438410691&qb=67aA7JeFIOyblCAzMDDrp4zsm5A=&enc=utf8,,0,4,0,0,4,False
부업 월 300만원,기타,고등학생 용돈 평균이 어느정도죠?,... 에이전트라는 부업을 추천 합니다!! 제 친구 보니까 꽤 쏠쏠하게 벌더라구요 !!! 속는셈 치고 한 번 해보세요!!... 고성과자 월 평균 300만원 수익 1:1 매니저 코칭으로 초보자도 쉽게 활동 가능 신청 캠페인 별 활동 가이드 자료...,https://kin.naver.com/qna/detail.naver?d1id=4&dirId=40101&docId=475218768&qb=67aA7JeFIOyblCAzMDDrp4zsm5A=&enc=utf8,,0,4,0,2,2,False
부업 월 300만원,기타,투잡(알바) 관련 질문드립니다.,"... 특히 월 60시간 이상 근무하거나 일정 소득 이상인 경우 건강보험, 국민연금... 연말정산은 주된 직장에서만 하고, 부업 소득은 5월에 합산 신고하는... *세금 신고: * 분리과세: 연간 기타소득 금액(필요경비 제외)이 300만원 이하인 경우...",https://kin.naver.com/qna/detail.naver?d1id=4&dirId=40309&docId=486498530&qb=67aA7JeFIOyblCAzMDDrp4zsm5A=&enc=utf8,,0,4,0,2,2,False
부업 월 300만원,기타,고등학생 용돈,... 라는 부업을 한 번 해보시는 걸 추천합니다! 첫 가입시 돈도 안 내도 되고 짧은 시간을 투자해서 돈 벌 수도... 고성과자 월 평균 300만원 수익 1:1 매니저 코칭으로 초보자도 쉽게 활동 가능 신청 캠페인 별 활동 가이드 자료 전달...,https://kin.naver.com/qna/detail.naver?d1id=12&dirId=1204&docId=467579529&qb=67aA7JeFIOyblCAzMDDrp4zsm5A=&enc=utf8,,0,6,0,2,4,False
부업 월 300만원,배달,신용카드 발급 알바 급여인정,"... 배달 부업하거든요 12월 8만원 1월 16만원 2월 11만원 이렇게 벌었는데 평균으로는 100만원이 넘고 달로는 100만원이... 개인보험 해지환급금이 300만원 이상일 경우 5. 신한은행이나 타은행 예,적금기준(600만원이상) 6. 신한은행 평잔...",https://kin.naver.com/qna/detail.naver?d1id=4&dirId=40104&docId=440020696&qb=67aA7JeFIOyblCAzMDDrp4zsm5A=&enc=utf8,,0,4,0,0,4,False
부업 월 300만원,기타,플룻을 전공하는 학생이고 미국 워킹이나 어학연수...,"... 네일아트를 부업으로 해볼 생각도 있습니다. (알아보니 미국에선 네일아트... 보통 유학생들은 방을 어떻게 구하는지, 평균적으로 월 얼마정도의 방에... 200~300만원)으로 가셔야 됩니다. - 알바의 경우 학생비자로 들어가서는 요즘...",https://kin.naver.com/qna/detail.naver?d1id=11&dirId=110603&docId=107255425&qb=67aA7JeFIOyblCAzMDDrp4zsm5A=&enc=utf8,,0,2,0,0,2,False
부업 월 300만원,콘텐츠,주안 부업,"주안1동 부업 찾아요 저는 여자입니다 부탁드립니다 주안에 부업하는데... ◆ 급 여 -건당 6만원~60만원+& (월 200이상 + @ 매월26일지급) -인스타그램... 분들은 300만원~500만원정도 되시고, 최고 1000만원이상의 수익을 벌어가신 분도...",https://kin.naver.com/qna/detail.naver?d1id=6&dirId=60802&docId=351448518&qb=67aA7JeFIOyblCAzMDDrp4zsm5A=&enc=utf8,,0,4,0,0,4,False
부업 월 300만원,기타,용돈 버는법,"... 쉽게 참여 가능해요 · 캠페인별 맞춤 가이드 제공 · 1:1 매니저 코칭 지원 4. 재택,부업으로 추가 수익을 벌 수 있어요 · 짜투리 시간 활용해 수익 창출 · 월 평균 80만 원 이상 수익 · 고성과자 월 평균 300만 원 수익",https://kin.naver.com/qna/detail.naver?d1id=6&dirId=6010104&docId=472806247&qb=67aA7JeFIOyblCAzMDDrp4zsm5A=&enc=utf8,,0,6,0,0,6,False
부업 월 300만원,기타,대출?개인회생? 그냥 다 모르겠어요...,... 비상금대출 300만원있습니다 이자 열심히 갚으면서 살고는 있는데 알바로 월 120정도밖에 못벌고있습니다 월세랑... 그리고 추가적인 금전상황을 위해 자신이 감당할 수 있는 범위 내에서 부업이나 추가적인 수입원을 찾아보는 것도...,https://kin.naver.com/qna/detail.naver?d1id=4&dirId=4010506&docId=467940439&qb=67aA7JeFIOyblCAzMDDrp4zsm5A=&enc=utf8,,0,2,0,0,2,False
부업 월 300만원,기타,남자 육아휴직 급여 +가불 계산,"... 300만원이라면, 300만원의 80%인 240만원을 첫 3개월 동안 받게 됩니다. 다만 여기서 상한액과 하한액이 적용됩니다. 육아휴직급여의 월 상한액은... 부업이나 프리랜서 활동 등이 발각되면 육아휴직급여 지급이 중단될 수 있으므로 이...",https://kin.naver.com/qna/detail.naver?d1id=6&dirId=60802&docId=487942959&qb=67aA7JeFIOyblCAzMDDrp4zsm5A=&enc=utf8,,0,2,0,0,2,False
부업 월 300만원,강의,부자가 되기 위한 현실적인 접근 방법은 무엇인가요?,"... 유료강의가 하나 당 300만 원 정도 되는데 이건 좀 비싸니까 도서관 가서 책으로 보세요. 그건 공짜입니다. 부업 강의, 책 보고 따라해서 수억 벌기 6.  같은 인공지능 책 읽어보기 그리고...",https://kin.naver.com/qna/detail.naver?d1id=4&dirId=409&docId=488306646&qb=67aA7JeFIOyblCAzMDDrp4zsm5A=&enc=utf8,,0,4,0,0,4,False
부업 월 300만원,기타,전기차 충전소,"... 후 부업 형태로 운영 중이에요. ❌ 하지만 개인 운영이 어려운 '현실적인... 100~300만 원 이상, 전기 증설 시 더 들 수 있음 또, 한국전력과의 전기 인입... 후, 월 정액제로 부가 수익 공유 충전기 플랫폼(예: 차지플, 에코버 등)을 통한...",https://kin.naver.com/qna/detail.naver?d1id=8&dirId=811&docId=423871095&qb=67aA7JeFIOyblCAzMDDrp4zsm5A=&enc=utf8,,0,4,0,0,4,False
부업 월 300만원,기타,꿈 관련 고민이요,... 참고로 저는 리치패밀리라는 온라인 부업을 선택했어요 리치패밀리는 하루 1시간 정도 온라인으로 대기업... 했는데 리치패밀리 후기를 꼼꼼하게 살펴봤더니 월 200~300만원 이상 버시는 분들도 꽤 많더라구요? 요즘은 이렇게...,https://kin.naver.com/qna/detail.naver?d1id=4&dirId=406&docId=434397722&qb=67aA7JeFIOyblCAzMDDrp4zsm5A=&enc=utf8,,0,2,0,0,2,False
부업 월 300만원,기타,48세 남자입니다. 50세 퇴직전 준비,"... 일반적으로 노후 생활비는 월 200~300만원 정도가 필요하다고 합니다. 위의 내용을 고려하여, 퇴직 후 예상 소요... 소득을 늘리는 방법으로는, 재테크를 통해 수익을 올리거나, 부업을 하는 등의 방법을 고려해 볼 수 있습니다. 50세...",https://kin.naver.com/qna/detail.naver?d1id=4&dirId=40102&docId=460359303&qb=67aA7JeFIOyblCAzMDDrp4zsm5A=&enc=utf8,,0,4,0,0,4,False
부업 월 300만원,기타,"남편의 유흥업소 출입과 이혼, 양육권과 재산분할...",... 부부 현재 상황 - 결혼생활 1년 6개월 미만 - 생후 37일차 신생아 육아중 - 현금 없음 - 남편 월급 약 300만원/부업으로 100만~150만 추가수입 - 아내는 무직 (가정주부) - 남편 명의 신혼부부전세자금대출로 LH임대주택 거주중 - 남편의 명의로...,https://kin.naver.com/qna/detail.naver?d1id=6&dirId=60215&docId=491387174&qb=67aA7JeFIOyblCAzMDDrp4zsm5A=&enc=utf8,,0,4,0,0,4,False
부업 월 300만원,기타,부업으로 패시브인컴 자동화수익 가능한거 뭐가 있을까?,"... 월 50~300만원 정도의 현실적인 부수입은 충분히 만들 수 있거든요. 부업으로 돈 벌기 전에 따져봐야 할 세 가지가 있어요. 첫째, 가입비 있는 곳은 절대 피하세요. 꽁돈 주겠다는 곳은 사기꾼일 확률이 높아요! 둘째, 다단계는 무조건...",https://kin.naver.com/qna/detail.naver?d1id=1&dirId=10504&docId=480133669&qb=67aA7JeFIOyblCAzMDDrp4zsm5A=&enc=utf8,,0,6,0,0,6,False
부업 월 300만원,기타,공도에 부업할만곳 업을까요? 추천좀해주세요,공도에 집에서 부업할만한곳 업을까요? 추천좀부탁드려요 안녕하세요.재택부업을 찾고 계시네요^^ 특별한 자격이나... 이렇듯 다양한 업무로 월 최소 150만원 300만원 이상 벌어가실수 있어요. 일이 손에만 익는다면 그 이상의 수익은...,https://kin.naver.com/qna/detail.naver?d1id=11&dirId=110103&docId=332881963&qb=67aA7JeFIOyblCAzMDDrp4zsm5A=&enc=utf8,,0,6,0,2,4,False
부업 월 300만원,배달,개인회생질문드려요,"카드사 대출 두개가 있는데 하나는 2800만원 다른 하나는 300만원 그리구... 배달대행 일하는중이구 월 250~300사이 벌고있습니다 재산이라할건 오토바이... 사채, 사금융등 대부업 채무금 10. 미납 월차임료 등 11. 미납 도시가스요금 12....",https://kin.naver.com/qna/detail.naver?d1id=4&dirId=40106&docId=430274251&qb=67aA7JeFIOyblCAzMDDrp4zsm5A=&enc=utf8,,0,4,0,2,2,False
부업 월 300만원,기타,기초생활수급자 부모님과 따로사는 자녀의 소득으로 박탈,... 그리고 이번에 따로 또 부업을 시작하면서 사업소득으로 약 300만원정도의 소득이 더 발생할꺼같습니다. 그럼 총... 근데 제가 소득이 월 310-320만원일 경우에는 부모님 수급자 가 박탈될 이유가 없는데 월 610-620만원이 될 경우...,https://kin.naver.com/qna/detail.naver?d1id=6&dirId=6100101&docId=479409505&qb=67aA7JeFIOyblCAzMDDrp4zsm5A=&enc=utf8,,0,2,0,0,2,False
부업 월 300만원,기타,보험설계사 투잡 연말정산,... 반가워요.~ 누구나 집에서 쉽게 할 수 있는 재택알바.부업.투잡거리 있어요.~ 전 3년 5개월째 한달도 빠짐없이 월평균 300만원 이상씩 벌고있답니다.. 집에서 하는 재택알바.재택부업으로 시간과 장소가 자유롭답니다. 예전에...,https://kin.naver.com/qna/detail.naver?d1id=4&dirId=40311&docId=188781879&qb=67aA7JeFIOyblCAzMDDrp4zsm5A=&enc=utf8,,0,6,0,0,6,False
부업 월 300만원,기타,주식 말고 재테크 할만한 거 있나요,"... 투자로 월 23만 원 정도 벌 수 있어요 (티끌 모아 태산!) 4) 디지털 노가다 (시간 투자형) 스마트폰으로 가능한 부업: 영상 자막 달기, 타이핑, 웹소설 리뷰... 최대 300만 원 지원, 자격증 준비해서 추후 수익 가능! 질문자님께 드리고 싶은...",https://kin.naver.com/qna/detail.naver?d1id=4&dirId=40102&docId=380019637&qb=67aA7JeFIOyblCAzMDDrp4zsm5A=&enc=utf8,,0,6,0,2,4,False
부업 월 300만원,기타,"초기비용없이 일할수 있는 재택부업, 재택알바 어떤게...",... 예스홈 말구 다른 거 하고 싶은데 초기비용 없이 일할수 있는 재택부업. 재택알바 어떤게 있어요????... 약 300만원 조금 못된다고 합니다. 무슨 뜻인지 아시죠? 미국에선 작은 돈으로 주는게 우리한텐 큰돈이죠....,https://kin.naver.com/qna/detail.naver?d1id=4&dirId=40611&docId=211809057&qb=67aA7JeFIOyblCAzMDDrp4zsm5A=&enc=utf8,,0,6,0,0,6,False
부업 월 300만원,기타,50만원 투자 -> 1000만원 수익! 이거 사기죠??,... 얼마전에 지하철역사 내 광고에서 부업 느낌으로 코딩 알려주고 월 천씩 벌었다~ 그런 거 본 기억이 나서... 고객 50 투자해서 자기들이 돌려서 1천만원 수익이 나면 30% 수수료 300만원 입금하라 그럼 1천만원 지급하겠다... 이러는...,https://kin.naver.com/qna/detail.naver?d1id=6&dirId=602060402&docId=465815086&qb=67aA7JeFIOyblCAzMDDrp4zsm5A=&enc=utf8,,0,6,0,0,6,False
부업 월 300만원,스마트스토어,"부스 도우미(브로셔 배부,샘플 증정)알바","... 리채패밀리라는 온라인 부업인데요 하루 1시간정도 온라인으로 대기업쇼핑몰을 홍보하는 일은 하는 일입니다.... 저도 처음엔 ""하루 1시간 일해서 얼마나 벌겠나?"" 했는데요 리치패밀리 후기를 꼼꼼하게 살펴봤더니, 월 200~300만원...",https://kin.naver.com/qna/detail.naver?d1id=4&dirId=40611&docId=425976416&qb=67aA7JeFIOyblCAzMDDrp4zsm5A=&enc=utf8,,0,4,0,0,4,False
부업 월 300만원,기타,광명시 부업 소개 좀 부탁드립니다,조금이나마 생활에 보템이 되고싶은데요 혹 광명시 부업 하는데가 있을까요?! 전 현재 광면7동에 삽니다. 안녕하세요!... 상황이라 월 100 ~ 300만원을 목표로 진행중입니다. 한 번 알아보셨으면 하는 마음에서 몇자 적었습니다. 아래...,https://kin.naver.com/qna/detail.naver?d1id=8&dirId=81302&docId=293096776&qb=67aA7JeFIOyblCAzMDDrp4zsm5A=&enc=utf8,,0,2,0,0,2,False
부업 월 300만원,기타,메리츠파트너스질문이요,"... 일단 우리가족 보험분석 하고 가족보험 들거나, 주변 지인 보험 가입하면 부업치고는 괜찮은 금액이 제공되는데... 메리츠에서는 월 100만원정도 수입이 현대해상으로 가면 월300만원 정도 가능하니 내 보험이나, 가족보험 가입할...",https://kin.naver.com/qna/detail.naver?d1id=4&dirId=40103&docId=475456157&qb=67aA7JeFIOyblCAzMDDrp4zsm5A=&enc=utf8,,0,2,3,2,3,False
부업 월 300만원,기타,노후대비 유망자격증 하나 따놓고 싶은데...,"... 가능한 부업이니깐요~^^ 저는 ""리치패밀리""라는 온라인 부업을 하고있습니다.. 리치패밀리는 하루 1시간정도... "" 했었는데요~~ 리치패밀리 후기글을 꼼꼼히 살펴봤더니 월 200~300만원 이상 수익을 내시는 분들이 생각보다 많더라구요...",https://kin.naver.com/qna/detail.naver?d1id=11&dirId=110704&docId=444699292&qb=67aA7JeFIOyblCAzMDDrp4zsm5A=&enc=utf8,,0,4,0,0,4,False
부업 월 300만원,블로그,미국유학조언,... 띄부띄부 부업 추천합니다. 원고 검정하는 알바인데 시급이 5~9만 원 정도 됩니다. 나이 제한은 모르겠고 교육비 300만 원 정도 내고 교육을 받은 다음에... 따라하면 월 수익 1억 나옵니다. 이외에도 블로그 뒤지다 보면 블로그 광고로...,https://kin.naver.com/qna/detail.naver?d1id=11&dirId=110602&docId=487513354&qb=67aA7JeFIOyblCAzMDDrp4zsm5A=&enc=utf8,,0,6,0,2,4,False
부업 월 300만원,기타,급여채권이 중복되거나 여러 종류인 경우의 계산방법,"저는 회사를 다니며 급여를 월 3,000,000원을 받고 있고, 저녁에는 부업으로 아르바이트를 하여 급여를 월 2,000,000원을... 아니라 '300만원+{(월 급여채권/2)-300만원}/2'이 됩니다. ※ 위 답변은 주어진 사실관계에 기초한 법률적 의견이며...",https://kin.naver.com/qna/detail.naver?d1id=6&dirId=60224&docId=295392124&qb=67aA7JeFIOyblCAzMDDrp4zsm5A=&enc=utf8,,0,2,0,0,2,False
부업 월 300만원,스마트스토어,알바몬 20군데가량 지원했는데요 연락인 안와요.,... 온라인 부업을 선택했어요 리치패밀리는 하루 1시간 정도 온라인으로 대기업 쇼핑몰을 홍보하는 일을 하는... 했는데 리치패밀리 후기를 꼼꼼하게 살펴봤더니 월 200~300만원 이상 버시는 분들도 꽤 많더라구요? 요즘은 이렇게...,https://kin.naver.com/qna/detail.naver?d1id=4&dirId=40613&docId=434946550&qb=67aA7JeFIOyblCAzMDDrp4zsm5A=&enc=utf8,,0,4,0,0,4,False
부업 월 300만원,기타,러시앤캐시 대출금액 이자 질문합니다,300만원 12개월을 받으면 제가 월마다 얼마를 내야하고 총 상환금액은 얼마가 되는건가요?? 지금은 상환했지만 저도... 직장다니면서 부업.투잡개념으로 시작했지만 퇴근후.주말에도 일할수있어서 부담없이 선택해서 하고하고 있는데요...,https://kin.naver.com/qna/detail.naver?d1id=4&dirId=4010502&docId=403945122&qb=67aA7JeFIOyblCAzMDDrp4zsm5A=&enc=utf8,,0,4,0,2,2,False
부업 월 300만원,콘텐츠,부업종류 알고싶습니다,"부업에 관심이 생겨서 부업종류 알아보는 중인데요 어떤 종류들이 있는지..... ◆ 급 여 -건당 6만원~60만원+& (월 200이상 + @ 매월26일지급) -인스타그램... 분들은 300만원~500만원정도 되시고, 최고 1000만원이상의 수익을 벌어가신...",https://kin.naver.com/qna/detail.naver?d1id=4&dirId=40611&docId=351270972&qb=67aA7JeFIOyblCAzMDDrp4zsm5A=&enc=utf8,,0,4,0,0,4,False
부업 월 300만원,블로그,"대인기피증,전화,연락,사회공포증에 돈걱정없는...","... 인터넷으로 할 수 있는 일은 재택부업이라던지 온라인마케팅, 블로그, 인스타 등 다양한 일은 많이 있습니다. 허나... 했는데 리치패밀리 후기를 꼼꼼하게 살펴봤더니 월 200~300만원 이상 버시는 분들도 꽤 많더라구요? 요즘은 이렇게...",https://kin.naver.com/qna/detail.naver?d1id=4&dirId=406&docId=433892338&qb=67aA7JeFIOyblCAzMDDrp4zsm5A=&enc=utf8,,0,6,0,0,6,False
부업 월 300만원,콘텐츠,안녕하세용~헬로우드림이라는부업 말인대용~,"헬로우드림이라는부업 말인대용 괜찮은가요?초기투자비용77만원99만원은... ◆ 급 여 -건당 6만원~60만원+& (월 200이상 + @ 매월26일지급) -인스타그램... 분들은 300만원~500만원정도 되시고, 최고 1000만원이상의 수익을 벌어가신...",https://kin.naver.com/qna/detail.naver?d1id=4&dirId=40611&docId=351469131&qb=67aA7JeFIOyblCAzMDDrp4zsm5A=&enc=utf8,,0,6,0,0,6,False
부업 월 300만원,기타,개인회생이 가능한지요???,"... 저의 소득은 2011년 270정도인거 같구요, 남편은 지난해 9월부터 300만원을 받습니다. 회생이 가능한지요~ 빚이... 그래서 다른 부업을 하나하고 있는데 화장품방문판매입니다. 소득은 월평균 100정도 어떻게 해야 할지 막막하네요...",https://kin.naver.com/qna/detail.naver?d1id=4&dirId=40106&docId=148119748&qb=67aA7JeFIOyblCAzMDDrp4zsm5A=&enc=utf8,,0,2,0,0,2,False
부업 월 300만원,블로그,주부인데요..아이 때문에 일을 할수,... 집에세 부업으로 할수 있는일 없을까요? 아무거나 상관없습니다..예전에 알아보니 블로그 알바가있던데 그건 또 300만원 이란돈을 들여서 교육을... *컴퓨터 켜놓고 로그인만 하면 자동으로 수익 발생해 월 3만원 *광고업체 포스팅...,https://kin.naver.com/qna/detail.naver?d1id=6&dirId=60801&docId=304357085&qb=67aA7JeFIOyblCAzMDDrp4zsm5A=&enc=utf8,,0,6,0,0,6,False
부업 월 300만원,블로그,인천청라인데요 집에서할수있는부업찾습니,"인천청라인데요 집에서할수있는부업찾습니다 헬로우 드림에서 블로그 포스팅, 인스타 홍보글 작성을... 있습니다 월 50만원에서 최대 200~300만원까지 가능하고 본인이 카페랑 밴드 등 타 sns에도 열심히 홍보하거나...",https://kin.naver.com/qna/detail.naver?d1id=12&dirId=12150420&docId=448027057&qb=67aA7JeFIOyblCAzMDDrp4zsm5A=&enc=utf8,,0,4,0,0,4,False
부업 월 300만원,기타,재밌는알바,"... 하다보면 재미있는 알바 찾으시는군요^^ 저도 스트레스 안받는 알바 찾으려고 여기저기 알아보다 온라인 부업을... "" 했는데요 후기를 꼼꼼하게 살펴봤더니, 월 200~300만원 이상 버시는 분들도 꽤 많더라구요~ 요즘은 이렇게...",https://kin.naver.com/qna/detail.naver?d1id=4&dirId=40611&docId=424876403&qb=67aA7JeFIOyblCAzMDDrp4zsm5A=&enc=utf8,,0,2,0,0,2,False
부업 월 300만원,콘텐츠,부업이 기본으로 내야하는돈이있나요??,"부업이 기본으로 내야하는돈이있나요???ㅜㅜ주부라 돈이 한푼도 없어서... ◆ 급 여 -건당 6만원~60만원+& (월 200이상 + @ 매월26일지급) -인스타그램... 분들은 300만원~500만원정도 되시고, 최고 1000만원이상의 수익을 벌어가신...",https://kin.naver.com/qna/detail.naver?d1id=6&dirId=61303&docId=351333627&qb=67aA7JeFIOyblCAzMDDrp4zsm5A=&enc=utf8,,0,4,0,0,4,False
부업 월 300만원,스마트스토어,가맹점 순수익에 대한 질문이요,... 월평균 순수익 분포는 300만∼500만원 미만이 48.4%로 가장 많았고 100만∼300만원 미만이 23.3%로 뒤를 이었고... 마케팅 부업을 하고 있습니다. 창업 보다 100배 비전이 있는 일 이더라고요 대기업이 교원의 쇼핑몰 사업을 회사대신...,https://kin.naver.com/qna/detail.naver?d1id=4&dirId=40702&docId=426983380&qb=67aA7JeFIOyblCAzMDDrp4zsm5A=&enc=utf8,,0,6,0,2,4,False
부업 월 300만원,기타,비트코인 어떨까요?,... 생각만해도 행복하네요~ㅎ 제가 지금 막 시작한 부업인데 소득이 꽤 높아서 한번 추천드려봐요! 제 윗분은 2021년 1월 1일부터 시작해서.. 벌써 월 300만원 번다고 하시더라구요~ 부럽부럽~~ 대기업 총수가 자기이름 직접 걸고 시작한...,https://kin.naver.com/qna/detail.naver?d1id=4&dirId=40108&docId=393400240&qb=67aA7JeFIOyblCAzMDDrp4zsm5A=&enc=utf8,,0,2,3,2,3,False
부업 월 300만원,기타,생산현장 12시간 2교대근무시 최저시급 월급?,... 1년 평균하면 최저시급으로 월 평균급여가 어느정도인지?? --> 월급제로 300만원 하면 적정한지요 ?? 생산현장... 핸드폰 부업해보세요 투잡으로 할 수 있는 부업인데요 자산증식 시스템을 소개해드릴게요~ 코로나19로 인해 요즘...,https://kin.naver.com/qna/detail.naver?d1id=4&dirId=40612&docId=399507223&qb=67aA7JeFIOyblCAzMDDrp4zsm5A=&enc=utf8,,0,4,0,0,4,False
부업 월 300만원,기타,노후자금 재테크,"... 약 300만 원 약 3억 6천만 원 여유로운 생활 약 400만 원 이상 5억 원 이상 즉, 2.5억~4억 원 수준의 노후자금은 기본... 사이드소득 준비 은퇴 전후 가능한 부업, 소규모 임대, 온라인 창업 등도 미리 구상해보세요 월 50~100만 원...",https://kin.naver.com/qna/detail.naver?d1id=4&dirId=40101&docId=465162580&qb=67aA7JeFIOyblCAzMDDrp4zsm5A=&enc=utf8,,0,2,0,0,2,False
부업 월 300만원,기타,공익 대출,"현재 공익 22살입니다 부업,알바하고있는데 이건 4대보험 안들어가고 기대출은 카뱅 300 있습니다 제가 받을 수... 카뱅 300만원 이용중이라면 . 저축은행에서 600만원까지 이용 가능합니다 . ▶ 사회복무(공익)요원 ,방위 산업체...",https://kin.naver.com/qna/detail.naver?d1id=4&dirId=4010503&docId=432348225&qb=67aA7JeFIOyblCAzMDDrp4zsm5A=&enc=utf8,,0,2,0,0,2,False
부업 월 300만원,기타,세무사님들! 직장인 투잡중인데 걸리면 안돼서 질문합니다,... 직장급여 300만원 외에 203만원 이상 벌면 직장에서 알게되는 건가요? 2.... 현재 제가 재직중인 회사는 겸업이 허용되지 않아서 부업하는데 고려할... 2020년 기준으로 월 소득 503만원 이상일 경우 국민연금 기준소득월액 '초과' 가...,https://kin.naver.com/qna/detail.naver?d1id=11&dirId=11080506&docId=392470104&qb=67aA7JeFIOyblCAzMDDrp4zsm5A=&enc=utf8,,0,4,0,2,2,False
부업 월 300만원,기타,중고차 리스,"... 1으로써 직장인,부업,투잡,육아맘,취준생 누구나 쉽게 자동차를 판매하여 수익을 얻으실 수 있습니다. ###내 차 구매시 노마진 즉시출고!!(본사마진X) ###가족,지인 차량 구매시 노마진 즉시출고!!(본사마진X) ###300만원 상당...",https://kin.naver.com/qna/detail.naver?d1id=8&dirId=8110203&docId=443039800&qb=67aA7JeFIOyblCAzMDDrp4zsm5A=&enc=utf8,,0,6,0,0,6,False
부업 월 300만원,기타,CU 야간알바 금고보관,... 리치패밀리 후기를 꼼꼼하게 살펴봤더니 월 200~300만원 이상 버시는 분들도 꽤 많더라구요. 온라인 부업 사기가 많아서 시작하기전에 정말 많이 고민하고 망설였는데 학습지하면 누구나 다 아는 대기업에서 하는 일이라 믿고 할 수...,https://kin.naver.com/qna/detail.naver?d1id=4&dirId=40611&docId=433537925&qb=67aA7JeFIOyblCAzMDDrp4zsm5A=&enc=utf8,,0,2,0,0,2,False
부업 월 300만원,기타,도박 개인회생 질문,"금융권 통신사 개인채무 대략 4000만원정도 보유중이고 통신사 300만원, 금융권 마통 300은 채권추심 진행중이고... 현재 시골에서 자영업을 하고 계시나 매출이 적고, 부업도 그만두어 앞으로의 월수입이 최저생계비보다 적어질 가능성이...",https://kin.naver.com/qna/detail.naver?d1id=4&dirId=40106&docId=490232812&qb=67aA7JeFIOyblCAzMDDrp4zsm5A=&enc=utf8,,0,4,0,2,2,False
부업 월 300만원,기타,쿠팡물류로 투잡가능여부..,... 리치패밀리 후기를 꼼꼼하게 살펴봤더니 월 200~300만원 이상 버시는 분들도 꽤 많더라구요? 요즘 온라인 부업 사기가 많아 리치패밀리를 시작하기까지 정말 많이 고민하고 망설였는데 누구나 다 아는 대기업에서 하는 일이라 믿을...,https://kin.naver.com/qna/detail.naver?d1id=4&dirId=40404&docId=433569871&qb=67aA7JeFIOyblCAzMDDrp4zsm5A=&enc=utf8,,0,4,0,0,4,False
부업 월 300만원,기타,돈버는어플 뭐가 좋은가요?,"... 할수있는 부업이 정말 많은 세상이죠. 저 또한 본업이 있어도 시간날때 짬짬이 할수있는 폰부업으로 또다른... "" 했었는데요~~ 리치패밀리 후기글을 꼼꼼히 살펴봤더니 월 200~300만원 이상 수익을 내시는 분들이 생각보다 많더라구요...",https://kin.naver.com/qna/detail.naver?d1id=1&dirId=1070402&docId=435812111&qb=67aA7JeFIOyblCAzMDDrp4zsm5A=&enc=utf8,,0,4,0,2,2,False
부업 월 300만원,기타,개인회생 부양가족 배우자,"... 2,359,595원 - 월 변제금: 300만원 - 2,359,595원 = 640,405원 (약 64만원) - 3년(36개월) 변제 시: 64만원 × 36개월 = 2,304만원... 추가 소득 확보 소득이 낮아 변제금이 부족하다고 판단되면, 법원에서 추가 소득(예: 아르바이트, 부업 등)을...",https://kin.naver.com/qna/detail.naver?d1id=4&dirId=40106&docId=484674505&qb=67aA7JeFIOyblCAzMDDrp4zsm5A=&enc=utf8,,0,2,0,0,2,False
부업 월 300만원,기타,재택알바로 컴퓨터알바하고 싶은데~어떤지요~ 초보도 할...,"... 요즘은 핸드폰 하나만있으면 시간 .장소 상관없이 할수있는 부업들이 정말 많은것 같아요~ 저또한 2년전쯤부터... "" 했었는데요~~ 리치패밀리 후기글을 꼼꼼히 살펴봤더니 월 200~300만원 이상 수익을 내시는 분들이 생각보다...",https://kin.naver.com/qna/detail.naver?d1id=4&dirId=40611&docId=444766956&qb=67aA7JeFIOyblCAzMDDrp4zsm5A=&enc=utf8,,0,6,0,0,6,False
부업 월 300만원,기타,"직업추천좀요 ,",... 보니 부업을 찾다가 우연히 GDI라는 사업을 알게되었습니다. 며칠을 고민하고 GDI에 대해 검색하고 분석하다가 이... 제가 아는분은 약 1년 정도 이 사업을 시작하셨는데 월 300만원 이상을 매월 받고 있고 열심히 하시는 분...,https://kin.naver.com/qna/detail.naver?d1id=20&dirId=200106&docId=66696428&qb=67aA7JeFIOyblCAzMDDrp4zsm5A=&enc=utf8,,0,2,3,2,3,False
부업 월 300만원,기타,월급 거의 전부 혹은 전부 저축하면 부모소득 사용으로...,월급 300만원을 벌고 있는데 전부 다 저축을 하고 지출은 및 ATM 인출 합계가... 부업으로 하는 과외 월급 말고도 학부모들이 가끔 안 쓰는 멀쩡한(?) 물건들을... 통신비용 월 2만원만 계좌에서 나가는데 그 외에는 없네요 지출이.....,https://kin.naver.com/qna/detail.naver?d1id=4&dirId=403&docId=451099182&qb=67aA7JeFIOyblCAzMDDrp4zsm5A=&enc=utf8,,0,2,0,0,2,False
부업 월 300만원,기타,투잡 프리랜서 세금 처리...,"지금 회사에서 근무하고 있고(월 세전200), 곧 다른 업체에서 3.3% 떼는... 직장외 소득이 연 300만 원 이상이면 종합소득세 신고를 해야합니다. 2. 올해... 회사가 직원이 부업하는 걸 알 수 있는 방법은 근로소득+근로외 소득(투잡, 사업...",https://kin.naver.com/qna/detail.naver?d1id=4&dirId=40309&docId=439322542&qb=67aA7JeFIOyblCAzMDDrp4zsm5A=&enc=utf8,,0,4,0,0,4,False
부업 월 300만원,기타,제차 리스 만기시 어떻게 하는 것이 가장 유리할까요~?,"... 납입, 월 리스료 380,000원에 잔존가는 37,250,000원 입니다. 처음에는... 1으로써 직장인,부업,투잡,육아맘,취준생 누구나 쉽게 자동차를 판매하여... (본사마진X) ###300만원 상당 sns마케팅교육,100만원 상당 자동차교육...",https://kin.naver.com/qna/detail.naver?d1id=8&dirId=8110203&docId=442525126&qb=67aA7JeFIOyblCAzMDDrp4zsm5A=&enc=utf8,,0,4,0,0,4,False
투잡으로 월급,기타,개인사업자 투잡해서3.3프로제하고 월급받아도...,"개인사업자로 식당운영중인데 샂시간이비어 알바하려고 하는데 3.3프로 제하고 월급을받아도 제사업장이나 소득세 신고할때 상관없나요? 불이익같은게없는지 궁금해요? 불이익 없고, 나중에 종합소득세 신고시 합산신고만 하면 됩니다",https://kin.naver.com/qna/detail.naver?d1id=4&dirId=40301&docId=493133235&qb=7Yis7J6h7Jy866GcIOyblOq4iQ==&enc=utf8,,0,2,3,2,3,False
투잡으로 월급,기타,"1년간 월급, 투잡 급여, 주식 수익 등 모든 수익을...","1년간 모든 월급, 투잡, 주식 등으로 번 돈을 모든 합산으로 해서 볼 수 있는 방법이 있을까요? 예를 들어 총합 세전 100,000,000 이렇게요 ✥ 안녕하세요, 지식iN 절대신 TesTia입니다. ✥ ✅ 월급, 월급 외 소득, 주식...",https://kin.naver.com/qna/detail.naver?d1id=4&dirId=40301&docId=489143602&qb=7Yis7J6h7Jy866GcIOyblOq4iQ==&enc=utf8,,0,4,0,0,4,False
투잡으로 월급,기타,"투잡알바 4대보험,월급계산","... 한달치는 알바천국 월급계산기 이용하니 간편한데 이번달은 한달 채운게 아니라 어렵네요 1. 투잡으로 저녁알바를 하는 경우, 일반적으로 4대보험(고용보험, 국민연금, 건강보험, 산재보험)에 가입되어야 합니다. 하지만...",https://kin.naver.com/qna/detail.naver?d1id=6&dirId=60802&docId=452595420&qb=7Yis7J6h7Jy866GcIOyblOq4iQ==&enc=utf8,,0,2,0,0,2,False
투잡으로 월급,기타,아르바이트 투잡 월급,... 산업기능요원이 투잡을 하는걸 국세청이나 병무청에서 확인을 하는게 4대보험으로 확인을 하는거 같던데 4대보험을 가입하지 않는다면 제가 투잡을 뛴다는거에 대해 알수는 없는건가요?? 또한 제 통장으로 알바 월급을 받아도...,https://kin.naver.com/qna/detail.naver?d1id=4&dirId=40612&docId=425273395&qb=7Yis7J6h7Jy866GcIOyblOq4iQ==&enc=utf8,,0,2,0,0,2,False
투잡으로 월급,기타,투잡 월급 직장 월급 세전 400정도,투잡 월급 직장 월급 세전 400정도 4대보험에 들어갈거 다들어감. 알바 급여 시간제 120정도 계좌이체 최저시급 시간계산해서 세금안떼고 주시는데 제가 세금신고나 뭐 해야하는게있나요?? 본직장에서 연말정산하시고...,https://kin.naver.com/qna/detail.naver?d1id=6&dirId=60802&docId=449958405&qb=7Yis7J6h7Jy866GcIOyblOq4iQ==&enc=utf8,,0,2,0,0,2,False
투잡으로 월급,배달,투잡하는데요 본업 월급을 넘으면 안되나요 ?,... 채워졌는데 투잡으로 배달을 하는 그게 본업의 월급을 넘어간다고해서 나중에 뭐 문제될거있나 궁금합니다 [답변] 1. 투잡의 소득이 본업의 소득을 오버해도 문제 없습니다. 2. 다만 다른 소득이 있으면 실업급여 대상이 아닙니다...,https://kin.naver.com/qna/detail.naver?d1id=6&dirId=6080402&docId=428046024&qb=7Yis7J6h7Jy866GcIOyblOq4iQ==&enc=utf8,,0,4,0,2,2,False
투잡으로 월급,기타,"퍼스트드림 관련 질문입니다(월급통장, 투잡,)","인터넷 서핑중 퍼스트드림이라는것을 알게되어 알아보던중 수익,홍보 방법, 투잡으로 인기다 부업으로 최고다.. 머... 제 통장을 월급통장으로 쓰면 회사 에서 알지 않을까요? 4.어떤분들은 부모님 통장을 사용하시는분도 계시던데 제가...",https://kin.naver.com/qna/detail.naver?d1id=4&dirId=40403&docId=125409526&qb=7Yis7J6h7Jy866GcIOyblOq4iQ==&enc=utf8,,0,6,0,2,4,False
투잡으로 월급,기타,투잡관련 월급통장,"... 최근 돈을 쓸곳이 늘어나 투잡을 알아보고 있습니다. 문제는 4대보험은 자유라고 하는데 월급을 본인명의 또는 가족중 한명 통장으로 받을수 있는지, 그리고 가족중 한명이 똑같이 직장인이고 4대보험이 가입되어있는데 문제가...",https://kin.naver.com/qna/detail.naver?d1id=6&dirId=60222&docId=403195284&qb=7Yis7J6h7Jy866GcIOyblOq4iQ==&enc=utf8,,0,2,0,0,2,False
투잡으로 월급,기타,소액으로도 월급만큼 벌수있는 투잡 없을까요?,... 월급만으로 재무설계를 하려니 앞이 캄캄하네요 투잡을 하면 어떨까 진지하게 고민중인데요 회사일 하면서도 부담없이 할 수 있는 투잡거리 없을까요? 처음부터 무리하게 뛰어들고 싶진 않구요 이왕이면 소액으로 할 수 있는거였으면...,https://kin.naver.com/qna/detail.naver?d1id=4&dirId=4&docId=206398712&qb=7Yis7J6h7Jy866GcIOyblOq4iQ==&enc=utf8,,0,2,0,0,2,False
투잡으로 월급,기타,회사 연말정산 하면 제가 투잡 뛰는거 아나요?,회사 연말정산 하면 제가 투잡 뛰는걸 알수있나요? 근로계약서도 안쓰고 일하는데 월급을 주려면 세금을 때야해서 제가 일한게 알려지지 않을까요?? 회사에서는 투잡 금지입니다 회사의 연말정산 과정에서 본인의 소득이 모두 반영되기...,https://kin.naver.com/qna/detail.naver?d1id=4&dirId=40309&docId=482726967&qb=7Yis7J6h7Jy866GcIOyblOq4iQ==&enc=utf8,,0,2,0,0,2,False
투잡으로 월급,배달,직장월급외 투잡으로 인한 소득금액 개인회생 회생,... 하지만 사정이넉넉하지않아 1차보정제출이후 투잡으로 배민원제 명의로 배달알바를 시행중입니다. 이건..뭐... 그리고 월급소득외 연2천만원이 넘으면 건강버험료를 더내야한다던데?? 이부분에서는 회사가알수있나요??...,https://kin.naver.com/qna/detail.naver?d1id=4&dirId=40106&docId=434610836&qb=7Yis7J6h7Jy866GcIOyblOq4iQ==&enc=utf8,,0,4,0,0,4,False
투잡으로 월급,기타,제가 투잡으로 일한지 17개월째인데요,"... ** 1인 가구이면서 두 곳에서 월급을 받는 '이중가입자'의 경우, 각각의 직장에서 내는 건강보험료(본인부담금)를 모두 합친 금액이 기준이 됩니다. 현재 투잡 소득인 월 170만 원에 대한 건보료만 따지면 약 6~7만 원 정도일 텐데...",https://kin.naver.com/qna/detail.naver?d1id=6&dirId=6100101&docId=493358678&qb=7Yis7J6h7Jy866GcIOyblOq4iQ==&enc=utf8,,0,2,0,0,2,False
투잡으로 월급,기타,개인회생 중 알바(투잡) 하면 변제금이..?,... (퇴직금 중간정산 까지...받을 정도..) 그래서 밤잠 줄여가며 알바를 투잡으로 이제 막 한달 했습니다 그런데 예전에 변호사님께서 월급에 20%가 넘으면 소득증가에 대한 신고를 해야한다고 하셨던게 생각나더라구요 알바하기 전까지...,https://kin.naver.com/qna/detail.naver?d1id=6&dirId=60203&docId=476972761&qb=7Yis7J6h7Jy866GcIOyblOq4iQ==&enc=utf8,,0,2,0,0,2,False
투잡으로 월급,기타,투잡직장에서 제 월급을 뭘로 신고했는지 어떻게 알 수...,"... 요즘은 월급만으로 생활을하며 지내기 빠듯하기때문에 많은 분들이 쉽게 투잡을 생각하시는데요. 그렇다고 무턱대고 투잡을 선택하시기에는 리스크가 있습니다. 투잡을 하기전 기본적으로 준비부터 투잡 업종 선택, 투잡 계획 수립...",https://kin.naver.com/qna/detail.naver?d1id=4&dirId=40612&docId=344915926&qb=7Yis7J6h7Jy866GcIOyblOq4iQ==&enc=utf8,,0,2,0,0,2,False
투잡으로 월급,기타,직장월급으로 생활이 안되요 ㅠㅠ 투잡알바 하려구요,"현재 직장생활하고 있는 30대 애아빠입니다 월급으로는 애교육비, 대출금 갚기도 빠듯하네요 그래서 투잡을 해 볼려고 하는데 장난말고 진짜 괜찮은 재택알바 소개바랍니다 ㅠㅠ 안녕하세요~^^ 직장생활을 하면서 투잡을 생각하고...",https://kin.naver.com/qna/detail.naver?d1id=4&dirId=40611&docId=268475310&qb=7Yis7J6h7Jy866GcIOyblOq4iQ==&enc=utf8,,0,4,0,0,4,False
투잡으로 월급,기타,청년월세지원 투잡뛰면 못받나요?,"... 투잡 뛰는 거 아니면 살수가 없는데... 본업에 알바까지 하시며 정말 치열하게 하루하루를 버텨내고 계시네요.... 우선 직장 월급 200만 원과 알바 60만 원을 합치면 총 260만 원이죠? 얼핏 보면 기준(2026년 기준 중위소득 60%, 약 153만...",https://kin.naver.com/qna/detail.naver?d1id=4&dirId=4020202&docId=492776636&qb=7Yis7J6h7Jy866GcIOyblOq4iQ==&enc=utf8,,0,2,0,0,2,False
투잡으로 월급,기타,투잡인데 월급 둘이 합쳐서 세후로 2,"투잡인데 월급 둘이 합쳐서 세후로 260만원 되나요? 1번째 알바 월~금요일 8시 30분~17시 30분까지 1시간 휴게 있고 토요일은 8시 30분~12시 30분까지요 최저시급, 주휴수당, 연차, 각종경조휴가, 선물 등 있어요 2번째 알바는 저...",https://kin.naver.com/qna/detail.naver?d1id=4&dirId=40611&docId=428569979&qb=7Yis7J6h7Jy866GcIOyblOq4iQ==&enc=utf8,,0,2,0,0,2,False
투잡으로 월급,블로그,회사에선 투잡을 못하게 하고있습니다. 간이과세에서...,... (TV방송 및 증빙자료는 제블로그에 첨부해 두었습니다) 편한시간에 편한곳에서 하루 2~3시간만 일하시면 됩니다.~ 저같은 경우는 투잡으로 6년 5개월째 한달또 빠짐없이 꼬박꼬박 월급 받으며 일해오고 있는 평범한 가정주부로 하루 2...,https://kin.naver.com/qna/detail.naver?d1id=4&dirId=406&docId=273200615&qb=7Yis7J6h7Jy866GcIOyblOq4iQ==&enc=utf8,,0,4,0,0,4,False
투잡으로 월급,기타,신입사원 첫 월급 및 투잡 관련,... 첫 월급은 3월 25일에 받는 건가요? 2. 10일 지급이면 일부를 지급해 주나요?! 3. 쿠팡에서 주말 또는 휴일에 한달에 7번씩 일용직 알바를 통해 투잡을 하면 회사에서 알 수 있나요?!(주휴수당도 받은 경우) - 계약사에 겸업...,https://kin.naver.com/qna/detail.naver?d1id=6&dirId=6080401&docId=464470944&qb=7Yis7J6h7Jy866GcIOyblOq4iQ==&enc=utf8,,0,2,0,0,2,False
투잡으로 월급,기타,직장인투잡 가능할까요?,"... 요즘 정말 질문자님처럼 직장인투잡 알아보시는 분들 많아졌더라구요. 물가도 계속 오르고, 월급만으로는 뭔가 부족하다고 느끼시는 분들이 많다 보니 평일 저녁이나 주말 시간을 활용해서 부수입 만들고 싶어하시는 경우가 정말...",https://kin.naver.com/qna/detail.naver?d1id=4&dirId=40607&docId=493347613&qb=7Yis7J6h7Jy866GcIOyblOq4iQ==&enc=utf8,,0,4,0,2,2,False
투잡으로 월급,기타,투잡으로 소득세만 떼고 월급받고 있습니다,... 정성 스럽게 작성하여 도움될수 있는 수기 답변 드리겠습니다.^^ 정성스런 답변: 투잡으로 소득세만 떼고 월급을 받고 계신다고 하셨군요. 그렇다면 4대 보험에 가입하지 않으셨다면 퇴직금이 발생하는지에 대해서...,https://kin.naver.com/qna/detail.naver?d1id=4&dirId=40301&docId=451980914&qb=7Yis7J6h7Jy866GcIOyblOq4iQ==&enc=utf8,,0,2,0,0,2,False
투잡으로 월급,기타,회사 월급으로 현재 생활하기 어려움이 있어 투잡을...,"제가 평범한 직장인인데, 회사 월급으로 현재 생활하기 어려움이 있어 투잡을 하려고 합니다.. 근데 다니고 있는 회사에서 투잡을 금지시키고있어요. 몰래 다녀도 연말정산때 걸리나요?? 4대보험만 안들고 일반 편의점 알바(주말)같은거...",https://kin.naver.com/qna/detail.naver?d1id=4&dirId=40311&docId=298521927&qb=7Yis7J6h7Jy866GcIOyblOq4iQ==&enc=utf8,,0,2,0,0,2,False
투잡으로 월급,기타,직장인 투잡,... 직장에서 월급 100만원미만을 받고 있습니다. 건강보험료도 30000원 미만입니다. 투잡을통해서 소득이 있으면 연말정산시등 다양한 경우에 투잡사실을 직장에서 알수 있나요? 직장인 투잡으로 추가 소득이 발생되면 대부분...,https://kin.naver.com/qna/detail.naver?d1id=6&dirId=6100402&docId=478242870&qb=7Yis7J6h7Jy866GcIOyblOq4iQ==&enc=utf8,,0,2,0,0,2,False
투잡으로 월급,기타,알바 투잡 고용보험 중복가입 자동으로 막아지나요?,"... 그래서 투잡이면 그냥 두 곳 모두 피보험자 이력에 쌓입니다. 2. 보험료 공제 방식 A, B 두 사업장에서 각각 월급에서 고용보험료 0.9%를 떼서 납부합니다. 즉, 두 군데 합산 소득에 대해 고용보험료가 나가게 됩니다. 3. 실업급여 수급...",https://kin.naver.com/qna/detail.naver?d1id=6&dirId=6080402&docId=488618763&qb=7Yis7J6h7Jy866GcIOyblOq4iQ==&enc=utf8,,0,2,0,0,2,False
투잡으로 월급,기타,투잡일 경우 현금영수증 많이 하는게 좋나요?,제가 투잡으로 편의점 알바를 하는데 평균 월 88만원~92만원 정도 들어옵니다 근데 오늘 종소세 신고했더니 세금 100만원정도 내야된다고 하네요 회사월급은 세후 310~320 정도 됩니다 그래서 세금 조금이라도 적게 나오게 하려면...,https://kin.naver.com/qna/detail.naver?d1id=4&dirId=40611&docId=493214878&qb=7Yis7J6h7Jy866GcIOyblOq4iQ==&enc=utf8,,0,2,0,0,2,False
투잡으로 월급,배달,투잡 세금계산좀 해주세요,"본업 4대보험 가입 월급 290만원 배달(프리랜서) 고용,산재만 가입 오차범위 50만원 350만~400만원(3.3프로 떼고 실입금됩니다) 한달 급여가 약 700만원 투잡으로 벌었을때 세금 얼마정도 나오나요 ? 본업 월급 290만원과 배달...",https://kin.naver.com/qna/detail.naver?d1id=4&dirId=403&docId=484107954&qb=7Yis7J6h7Jy866GcIOyblOq4iQ==&enc=utf8,,0,4,0,0,4,False
투잡으로 월급,배달,서울 30대 남자 투잡,"회사 월급으론 삶이 빠듯해 투잡을 고민중인데 퇴근 후 가능한 투잡이 어떤게 있을까요.. 보통 남자들은 배달, 대리운전 처럼 체력적으로 가능한 일을 많이 하시는데.. 저는 체력이 좋지 않아 육체적으론 덜 힘든 일을 찾고있습니다....",https://kin.naver.com/qna/detail.naver?d1id=4&dirId=40613&docId=479597536&qb=7Yis7J6h7Jy866GcIOyblOq4iQ==&enc=utf8,,0,4,0,0,4,False
투잡으로 월급,기타,투잡중인데 연말정산 어떻게 계산이되나요?,세전기준 본업 월급: 333만원 (세전) [4대보험 차감] 투잡 월급: 233만원 (세전) [3.3%차감] 정도로 세전 총 566만원이고 실수령 510정도입니다. 올해 총 벌게 될 돈은 본업 세전 4000만원 제외 1070만 을 더 벌어서 5070만원 입니다. 내년 즈음...,https://kin.naver.com/qna/detail.naver?d1id=4&dirId=40309&docId=477797814&qb=7Yis7J6h7Jy866GcIOyblOq4iQ==&enc=utf8,,0,2,0,0,2,False
투잡으로 월급,기타,투잡 4대보험 관련 그리고 회사질문,"... 투잡으로 다른 야간일을 구하게 되어 월급이 높을 경우, 두 번째 직장에서는 고용보험이 자동으로 빠집니다. 첫 직장이 투잡인 것을 알아서 불이익이 오거나 그럴 수는 있으나, 사정에 따라 첫 직장에게 말해야 할지 여부는 상황에 따라...",https://kin.naver.com/qna/detail.naver?d1id=6&dirId=6080402&docId=456839031&qb=7Yis7J6h7Jy866GcIOyblOq4iQ==&enc=utf8,,0,2,3,2,3,False
투잡으로 월급,기타,투잡 사대보험 (급해요 ㅠㅠ),... 고용보험은 월급이 더 높은 한곳에서만 가능하다던데 월급이 비슷비슷하면 어떻게 해야되나요 ? 1. 두 사장님께서 제가 투잡을 뛰고있다는걸 알게될까요 ? 규정상 사대보험에 등록하려면 각 회사별로 장차 사업자 본인의 승인이...,https://kin.naver.com/qna/detail.naver?d1id=6&dirId=6080402&docId=418064163&qb=7Yis7J6h7Jy866GcIOyblOq4iQ==&enc=utf8,,0,2,0,0,2,False
투잡으로 월급,기타,투잡 뛸려고 합니다.,... 근데 몰래하는걸 아셔서 3.3 소득세만 떼시겠다고 했는데 3.3만 떼어도 주 근무지에서 제가 투잡뛰는걸 알아낼수가 있을까요?? 월급은 그냥 계좌이체도 괜찮을까요? 현금이 나을까요? 투잡으로 일하는 걸 주 근무지에서 알 가능성은...,https://kin.naver.com/qna/detail.naver?d1id=6&dirId=6080401&docId=489128457&qb=7Yis7J6h7Jy866GcIOyblOq4iQ==&enc=utf8,,0,2,0,0,2,False
투잡으로 월급,기타,겸업 금지 투잡 질문 드립니다!,"... 회사+투잡 월급이 505만원이 넘으면 안됨 2. 투잡 월 수입이 80만원을 넘기면 안됨 3. 투잡 연 수입이 2000만원을 넘기면 안됨 이 기준이 맞을까요? 덧붙여 1번의 상황에서 월급 300에 회사 보너스를 200만원 지급 받을 때, 부수입이...",https://kin.naver.com/qna/detail.naver?d1id=6&dirId=608&docId=440075030&qb=7Yis7J6h7Jy866GcIOyblOq4iQ==&enc=utf8,,0,4,0,2,2,False
투잡으로 월급,기타,월급여자 투잡시 세금,... 얘들이 투잡 즉 3.3프로 근로소득을 얻게 되면 연말정산시 불이익이나 추가 납입이 있나요? 매년 5월에 종합소득세 신고는 당연히 해야겠죠? 추가로 의료보험이나 국민연금 납입이 있나 궁금합니다 안녕하세요. 네이버 지식iN...,https://kin.naver.com/qna/detail.naver?d1id=4&dirId=40301&docId=439727585&qb=7Yis7J6h7Jy866GcIOyblOq4iQ==&enc=utf8,,0,2,3,2,3,False
투잡으로 월급,기타,투잡 근로장려금,"안녕하세요^^ 오전에 어린이집에서 보조교사로 4시간 일하고 오후에 학원에서 3~4시간 일하고 있어요 보조는 거의 100만원도 안되고 학원은 7~80만원 정도 받는데 투잡해서 합치면 월급이 170~80이에요 작년에 일을 쉬어서 1,2월분...",https://kin.naver.com/qna/detail.naver?d1id=6&dirId=60804&docId=472004168&qb=7Yis7J6h7Jy866GcIOyblOq4iQ==&enc=utf8,,0,2,0,0,2,False
투잡으로 월급,기타,"직장인인데, 투잡좀 하려고 합니다.","... 이번에 ‘일용 계약직’ 으로 3개월 동안 잠시 일 할것 같은데 월급의 3.3%만 뗀다고 합니다. 이럴 경우 투잡 해도 회사에서 알아차릴 수 있을까요?? 월급에서 3.3%떼는 프리랜서로 잠시 일 할것 같은데, 투잡으로 뛰는 회사에서는 일용...",https://kin.naver.com/qna/detail.naver?d1id=6&dirId=6080401&docId=452180820&qb=7Yis7J6h7Jy866GcIOyblOq4iQ==&enc=utf8,,0,2,0,0,2,False
투잡으로 월급,배달,청년내일저축계좌 투잡질문,"... 투잡으로 배민과 쿠팡 배달하고 있는데 증빙서류를 첨부해야 되나요? 3. 본업 회사의 재직증명서 대신 대체 가능한... 재직증명서를 구할 수 없을 때는 아래 중 ‘두 가지 이상’ 조합이 필요합니다: 근로계약서: 고용 형태, 월급, 계약...",https://kin.naver.com/qna/detail.naver?d1id=4&dirId=40101&docId=485288094&qb=7Yis7J6h7Jy866GcIOyblOq4iQ==&enc=utf8,,0,4,0,2,2,False
투잡으로 월급,기타,외국인인데현재4대보험월급받고일하고있는데영업용화...,외국인인데현재4대보험월급받고일하고있는데영업용화물차를사서더벌려구합니다그런데투잡을하면안된다는얘기들었는데정말못합니까된다면 영업용화물차번호등록비도얼마나드는지알고싶어요아시는분 구체적인답변부탁합니다...,https://kin.naver.com/qna/detail.naver?d1id=9&dirId=9020107&docId=354389392&qb=7Yis7J6h7Jy866GcIOyblOq4iQ==&enc=utf8,,0,2,0,0,2,False
투잡으로 월급,기타,투잡을 하려고 합니다.매매사업자 세율보다 월급에...,... 매매사업자 신고를 하면 인반인보다 세금이 적게 나온다는데 사업자 신고를 하면 직장월급에서 세금을 더띄지... 있는분들 투잡으로 각광받고 있고 언론에서도 몇차례 촬영과 방송도있었습니다 근무는 하루중 본인께서 원하시는...,https://kin.naver.com/qna/detail.naver?d1id=4&dirId=40201&docId=148313820&qb=7Yis7J6h7Jy866GcIOyblOq4iQ==&enc=utf8,,0,2,0,0,2,False
투잡으로 월급,기타,투잡 세금,"... 3%랑 9.4%중에 어느것을 선택하는게 유리할까요? 20살입니다 투잡하면 월급합산해서 연말정산때 세금 더 낼수도 있어요ㅠㅠ 3.3%는 그냥 원천징수, 9.4%는 종합소득세 미리 떼는거에욤!",https://kin.naver.com/qna/detail.naver?d1id=6&dirId=60802&docId=492397316&qb=7Yis7J6h7Jy866GcIOyblOq4iQ==&enc=utf8,,0,2,0,0,2,False
투잡으로 월급,기타,투잡 추천해주세요,"... 이런 터무니없는 수익 말고 저는 그냥 현실적인 월급을 받고 있어요 자는동안 수익이 생긴다느니,, 주에 몇천 번다느니 그런거 말고 그냥 제가 하는만큼 버는 말그대로 투잡부업을 하는거에요 저처럼 투잡으로 거액 말고 소액의...",https://kin.naver.com/qna/detail.naver?d1id=4&dirId=40703&docId=482602651&qb=7Yis7J6h7Jy866GcIOyblOq4iQ==&enc=utf8,,0,6,0,2,4,False
투잡으로 월급,기타,투잡 고용보험,... 일용직에서 고용보험을 가입하더라도 주직장의 월급이 높아 가입이 안될텐데 이런경우 일용직 일에 문제가 생기거나 하진 않나요? 겸업 금지 회사일 경우 고용및산재 가입으로 인해 주직장에서 투잡을 한다는걸 알 수도 있나요?...,https://kin.naver.com/qna/detail.naver?d1id=6&dirId=6080401&docId=455000137&qb=7Yis7J6h7Jy866GcIOyblOq4iQ==&enc=utf8,,0,2,0,0,2,False
투잡으로 월급,기타,이공박사 투잡(연구실 월급과 알바),... 이공계 박사 재학생이고 랩실에서 월급 받습니다.이것이 세전 월 250만원 정도 됩니다. 동네치킨집에선 한달에 130만원정도 받고 파트타임으로 알바하고 있습니다. 그런데 치킨집에서 일하는 도중에 술 취한 손님한테 싸대기를 4대...,https://kin.naver.com/qna/detail.naver?d1id=6&dirId=60805&docId=459651778&qb=7Yis7J6h7Jy866GcIOyblOq4iQ==&enc=utf8,,0,2,0,0,2,False
투잡으로 월급,기타,24년 청년내일저축 투잡,안녕하세요 현재 직장에서 일하면서 투잡으로 사업자내서 일하고있는데 5/1일 24일 청년내일저축계좌 가입할수있나 알아보고있습니다 1.직장에서 월급받으면서 사업자도있는사람들도 청년내일저축계좌를 만들수있나요? 2.직장에서...,https://kin.naver.com/qna/detail.naver?d1id=4&dirId=40703&docId=468829248&qb=7Yis7J6h7Jy866GcIOyblOq4iQ==&enc=utf8,,0,2,0,0,2,False
투잡으로 월급,기타,투잡 종합소득세 신고 근로소득 사업소득,... 제가 기존에 알기론 종합소득세는 제가 기간안에 신청해야 되는것으로 알고있는데 이번엔 종합소득세 납후할세엑과 개인지방소득세가 딱 정해져서 얼마 내라고 나왔거든요 원래 3.3% 원징떼고 투잡 월급을 받으면 따로 개인적으로...,https://kin.naver.com/qna/detail.naver?d1id=4&dirId=40301&docId=420393917&qb=7Yis7J6h7Jy866GcIOyblOq4iQ==&enc=utf8,,0,2,0,0,2,False
투잡으로 월급,기타,투잡 시 종합소득세 신고 관련,"... 알바D(편의점, 근로계약서x, 소득 자료 안 잡힘, 세금 안 뗌) 모든 월급은 하나의 계좌로 통합해서 받았습니다. 이 경우 종소세 신고를 어떻게 해야 하나요? 국세청에 소득 자료로 잡히는 투잡도 쿠팡이랑 알바A밖에 없습니다. 제가...",https://kin.naver.com/qna/detail.naver?d1id=4&dirId=40301&docId=443615948&qb=7Yis7J6h7Jy866GcIOyblOq4iQ==&enc=utf8,,0,2,0,0,2,False
투잡으로 월급,기타,투잡 걸리지 않기 위한 사업소득 상한선?,"회사를 다니고 있는데 부업을 하면 안된다는 규정이 있어서 알아보니 연 2000만웜 이상의 사업소득, 월급 포함 671만원 이상의 소득을 가지지 않으면 안 걸린다고 하는데 확실한 것인지... 투잡 걸리면 해고라서 전문가 님의 조언을...",https://kin.naver.com/qna/detail.naver?d1id=4&dirId=40703&docId=485330658&qb=7Yis7J6h7Jy866GcIOyblOq4iQ==&enc=utf8,,0,4,0,0,4,False
투잡으로 월급,기타,직장인투잡을 통해 성공한 사례가 궁금해요!,최근에 직장인투잡을 고려하고 있는데 사람들이 많이 한다고 해서 관심이 생겼어요 근데 인터넷에서 광고를 보면 너무... 일하고 월급 이상으로 벌이가 쏠쏠하답니다~ 저는 무엇보다도 회사에서 파격적인 지원으로 비용 부담도 덜고...,https://kin.naver.com/qna/detail.naver?d1id=4&dirId=40613&docId=481370931&qb=7Yis7J6h7Jy866GcIOyblOq4iQ==&enc=utf8,,0,2,3,2,3,False
투잡으로 월급,기타,투잡 시 4대보험 관련,"현재 세후200(최저월급신고, 나머지는 비과세소득)받고 회사에서 근무중인데요. 저녁에 투잡으로 공장에 들어갈까합니다. 월250이상 받는곳이고 4대보험 들어가는데요. 1. 이렇게 4대보험 이중으로 들어갈때 어떻게되는지 2. 소득이...",https://kin.naver.com/qna/detail.naver?d1id=4&dirId=40309&docId=444538504&qb=7Yis7J6h7Jy866GcIOyblOq4iQ==&enc=utf8,,0,2,0,0,2,False
투잡으로 월급,기타,직장인 투잡 요즘 뭐가 돈 되나요?,직장인 투잡 찾고 있어요~~ 제가 월급이 높지 않다보니 적금 넣고 뭐 하면... 아 진자 텅장이 되네요 ㅠㅠㅠ 그래서 투잡을 알아보고 있는데요. 보통 직장인 투잡으로 뭘 많이 하시나요? 안녕하세요 :) 직장인투잡을 고려중으로 집에서 할 수...,https://kin.naver.com/qna/detail.naver?d1id=4&dirId=408&docId=440317826&qb=7Yis7J6h7Jy866GcIOyblOq4iQ==&enc=utf8,,0,2,0,0,2,False
투잡으로 월급,기타,직장인 투잡 알바 집에서 가능해요,"월급만으로 부족해서 투잡알아보는데 집에서 혹은 사무실에서 컴퓨터로 가능한 알바 할수있나요 검색하니 뭐 많이나오긴하는데 안전한회사 어딘지알고싶어요 직장인이 할수있는 투.잡 알아보세요? 요즘 집에서 ,사무실에서 자유롭게...",https://kin.naver.com/qna/detail.naver?d1id=4&dirId=40613&docId=314778306&qb=7Yis7J6h7Jy866GcIOyblOq4iQ==&enc=utf8,,0,2,0,0,2,False
투잡으로 월급,스마트스토어,스마트스토어 투잡 종소세 신고,... 작년에 투잡으로 스마트 스토어를 시작해서 올해 종합소득세 신고를 하려고 하는데 질문 몇가지 있어서요! 1. 현재 다니고 있는 직장 소득이랑 함께 묶어서 작성이 되어야 하는건가요? 올해 연말정산도 하고 월급도 다 세금 제외하고...,https://kin.naver.com/qna/detail.naver?d1id=4&dirId=40301&docId=445438760&qb=7Yis7J6h7Jy866GcIOyblOq4iQ==&enc=utf8,,0,4,0,2,2,False
투잡으로 월급,기타,직장 다니는데 투잡으로 파트타임 아르바이트 가능 한가요,... 월급이 적은데 돈 나갈곳은 많아 투잡 고민중입니다 주말이나 퇴근 후 남는 시간 파트타임 아르바이트를 하고 싶은데 가능 한가요? 직장에 얘기도 안 나왔으면 좋겠고 아르바이트 구할때도 사장님께 양해를 구할 예정이긴 합니다...,https://kin.naver.com/qna/detail.naver?d1id=6&dirId=6080401&docId=467667056&qb=7Yis7J6h7Jy866GcIOyblOq4iQ==&enc=utf8,,0,2,0,0,2,False
투잡으로 월급,기타,직장인투잡으로 월 50 가능할까요.,기존에 받는 월급으로는 생활외적으로 쓸 돈이 전혀없어서 좀 답답해요. 직장인투잡으로 월 200 버는 분들 보면 대부분 옛날부터 해오셨던 분들이라 가능한 것 같아요. 또 지금 보면 너무 레드오션이구요. 직장인투잡으로 월 50...,https://kin.naver.com/qna/detail.naver?d1id=4&dirId=406&docId=413058613&qb=7Yis7J6h7Jy866GcIOyblOq4iQ==&enc=utf8,,0,2,0,0,2,False
투잡으로 월급,블로그,개인회생 투잡 질문.,... (TV방송 및 증빙자료는 제블로그에 첨부해 두었습니다) 편한시간에 편한곳에서 하루 2~3시간만 일하시면 됩니다.~ 저같은 경우는 투잡으로 6년 5개월째 한달또 빠짐없이 꼬박꼬박 월급 받으며 일해오고 있는 평범한 가정주부로 하루 2...,https://kin.naver.com/qna/detail.naver?d1id=6&dirId=60203&docId=273793039&qb=7Yis7J6h7Jy866GcIOyblOq4iQ==&enc=utf8,,0,4,0,2,2,False
투잡으로 월급,기타,직장인 투잡겸해서 가능할까요?,"... 템 부터 또 제가 한분한분 1:1 도움드리고 하니 빠르게 적응하시고 꾸준하게 벌어들 가시구요~ 투잡으로만 하셔도 1~3백선 벌어가시는분들도 계시고, 직장월급이상 벌으셔서 본업으로 전환하신 분들도 많이 계세요~ 쉬고 싶음 언제든 쉴...",https://kin.naver.com/qna/detail.naver?d1id=4&dirId=40613&docId=410186944&qb=7Yis7J6h7Jy866GcIOyblOq4iQ==&enc=utf8,,0,2,0,0,2,False
투잡으로 월급,기타,퇴근후 투잡 알바 하고계시는분 있나요,직장인인데 월급만으로는 돈을 모으기가 힘들어서 투잡을 해보려고해요 그런데 마땅한 일을 찾기가 어렵네요 시간도 자유롭고 프리로 하는거면 좋을텐데 그런조건좋은 일이 없겠죠 하시는분들 혹시 있나요 말도안되는 일은...,https://kin.naver.com/qna/detail.naver?d1id=4&dirId=40613&docId=313921771&qb=7Yis7J6h7Jy866GcIOyblOq4iQ==&enc=utf8,,0,2,0,0,2,False
투잡으로 월급,블로그,3.3프로강사등록 후 교습소 투잡,... (TV방송 및 증빙자료는 제블로그에 첨부해 두었어요) 편한시간에 편한곳에서 하루 2~3시간만 일하시면 되요.~ 저같은 경우는 투잡으로 5년 2개월째 한달또 빠짐없이 꼬박꼬박 월급 받으며 일해오고 있는 평범한...,https://kin.naver.com/qna/detail.naver?d1id=4&dirId=40306&docId=257068035&qb=7Yis7J6h7Jy866GcIOyblOq4iQ==&enc=utf8,,0,4,0,0,4,False
투잡으로 월급,기타,투잡으로할수있는게없을까요,지금 일다니는 월급으로 빚을다 못갚을거같아… 투잡이시급한데.. 투잡알아보기가 너무어렵습니다.. 빚얼른 .. 청산하고싶은대 어떻게야할지막막하네요.. 제가 하고 있는 일 알려드릴테니 참고해보세요 ㅎㅎ 요즘은 인터넷으로 돈 버는...,https://kin.naver.com/qna/detail.naver?d1id=6&dirId=6010103&docId=426446148&qb=7Yis7J6h7Jy866GcIOyblOq4iQ==&enc=utf8,,0,2,0,0,2,False
투잡으로 월급,기타,간호사 투잡,"... 투잡으로 온라인쪽 많이들하세요. 자동화 수익만큼 좋은게 온라인 말고는 없는 듯.. 월급 계속 빵빵하게 올려줄거 아니면서 이런것도 활용못하게 하면 안되죠;; 관련 업무로 계약하고 뛰는 일도아니고,,, 요즘 투잡 쓰리잡...",https://kin.naver.com/qna/detail.naver?d1id=4&dirId=40603&docId=449292399&qb=7Yis7J6h7Jy866GcIOyblOq4iQ==&enc=utf8,,0,4,0,0,4,False
투잡으로 월급,기타,직장인 투잡으로 할만한거 뭐 있어요??,... 줄어서 월급도 많이 줄었네요. 이렇게 기다리고만 있으면 안되겠다 싶어서 열심히 투잡을 알아봤는데 비용 부담 없이 시작 하기 좋은 일이라 제가 하는 일을 적극 추천드립니다^^ 하루 1시간 꾸준히만 하면 되는 일이라 본업을...,https://kin.naver.com/qna/detail.naver?d1id=4&dirId=40613&docId=407973938&qb=7Yis7J6h7Jy866GcIOyblOq4iQ==&enc=utf8,,0,2,3,2,3,False
투잡으로 월급,기타,직장인 투잡 시 세금,직장인 투잡러입니다. 낮에 직장월급이 너무 작아 (세후210)저녁에 투잡(세후130)을 뛰고 있습니다. 두군데 모두 4대보험 적용 되고 건강 보험료도 이중으로 납부하고 있습니다. 대부분 투잡으로 번 돈은 대부분 저금할려고 노력하고...,https://kin.naver.com/qna/detail.naver?d1id=4&dirId=40309&docId=395673479&qb=7Yis7J6h7Jy866GcIOyblOq4iQ==&enc=utf8,,0,2,0,0,2,False
투잡으로 월급,기타,투잡 주휴수당,"제가 투잡을 하려고 하는데요, 본업은 소기업 사무직이며 4대보험 가입되어있고, 주휴수당을 포함한 금액이 월급으로 책정되어있구요. 투잡을 하려고 하는 곳은 카페인데 주5일이고 하루 4시간30분 또는 4시간을 하게 될 예정입니다...",https://kin.naver.com/qna/detail.naver?d1id=6&dirId=60801&docId=322137070&qb=7Yis7J6h7Jy866GcIOyblOq4iQ==&enc=utf8,,0,2,0,0,2,False
투잡으로 월급,기타,투잡으로 중고차 딜러를 하려고 하는데 가능한지? 월급...,순천사는 48세 회사원인데 격일제 근무여서 투잡으로 중고차 딜러를 해보려고 하는데 할수 있는지? 월급은 어떻게 결정되는지? 영업하기 나름이겠지만 비젼이 있는지? 제 주변에서 중고차 딜러를 한번도 만나본적이 지금껏 없었서 중고차...,https://kin.naver.com/qna/detail.naver?d1id=8&dirId=811&docId=121799924&qb=7Yis7J6h7Jy866GcIOyblOq4iQ==&enc=utf8,,0,2,0,0,2,False
투잡으로 월급,배달,직장인 투잡 소개해주세요,직장다니고 있는데요 월급을 받으면 항상 모자라요 투잡을 하고 싶어서 알아보고 있어요 직장인 투잡 하시는 분 있으면 소개 부탁드려요 직장 다니고 있어서 배달 같은것은 힘들고요 퇴근후와 주말에는 언제든지 시간이 됩니다 직장인...,https://kin.naver.com/qna/detail.naver?d1id=4&dirId=40613&docId=418662956&qb=7Yis7J6h7Jy866GcIOyblOq4iQ==&enc=utf8,,0,4,0,0,4,False
투잡으로 월급,기타,직장 4대보험 분식집 투잡,"... 투잡을 해서 월급이 있으면 이를 기본소득으로 하여 보험료를 납부하게 됩니다. 또한, 소득세도 정해진 비율로 납부하게 됩니다. 하지만 투잡을 하게되면, 보험료납부기간이 달라지고, 보험료가 일정량이 되지 않는 등 다양한...",https://kin.naver.com/qna/detail.naver?d1id=6&dirId=61004&docId=273757073&qb=7Yis7J6h7Jy866GcIOyblOq4iQ==&enc=utf8,,0,2,0,0,2,False
투잡으로 월급,블로그,투잡관련질문,... (TV방송 및 증빙자료는 제블로그에 첨부해 두었어요) 편한시간에 편한곳에서 하루 2~3시간만 일하시면 되요.~ 저같은 경우는 투잡으로 6년 5개월째 한달또 빠짐없이 꼬박꼬박 월급 받으며 일해오고 있는 평범한...,https://kin.naver.com/qna/detail.naver?d1id=6&dirId=60207&docId=270861018&qb=7Yis7J6h7Jy866GcIOyblOq4iQ==&enc=utf8,,0,4,0,2,2,False
투잡으로 월급,기타,투잡으로 인한 4대보험 문제입니다.,"... 집에서 하기좋은 괜찮은 재택아르바이트,재택부업,투잡 소개해드릴게요. 10년차를 맞이한 중견기업으로 전 2년 9개월째 한달도 빠짐없이 월급받으며 일해오고 있답니다. 처음엔 인터넷으로 할줄 아는거라곤 고스톱이랑 영화보는게...",https://kin.naver.com/qna/detail.naver?d1id=6&dirId=60802&docId=182694943&qb=7Yis7J6h7Jy866GcIOyblOq4iQ==&enc=utf8,,0,6,0,0,6,False
투잡으로 월급,기타,주말투잡으로 좋은 일없을까요?,... 찾고싶은데투잡하시는 직장인분들괜찮은 160월급이 빠듯해서주말투잡 좀좋은일을 얼마안돼서시간대비 일 생각중입니다그런데 돈도 힘들고 수익이 편의점160알바같은건일도 없... 안녕하세요~ 집에서 3년째 부업중인 주부입니다....,https://kin.naver.com/qna/detail.naver?d1id=4&dirId=40611&docId=269695803&qb=7Yis7J6h7Jy866GcIOyblOq4iQ==&enc=utf8,,0,6,0,0,6,False
투잡으로 월급,기타,알바 투잡 고용보험 이중가입,... 각 매장 사장님들은 제가 투잡을 하고 있는걸 모르는 상황입니다 ㅠㅠ 만약 월급을 받을 때 사장님들이 제가 투잡을 하고 있는 것을 알 수 있나요? 그리고 어느 매장에서 하는지도 알 수 있나요?.. 고용보험은 이중가입이 안된다고...,https://kin.naver.com/qna/detail.naver?d1id=6&dirId=6080402&docId=461596153&qb=7Yis7J6h7Jy866GcIOyblOq4iQ==&enc=utf8,,0,2,0,0,2,False
투잡으로 월급,기타,투잡 세금에 대해서 ..ㅜㅜ,제가 낮에는 직장에서 일을 하고 있는데 야간에 투잡으로 편의점 알바를 뛰려고 합니다 직장월급은 4대보험 떼고 세전 월 210정도이고 투잡 알바 금액은 월 50~60정도 인데 편의점에서는 3.3 세금 공제 안하고 전액 지급한다고 합니다...,https://kin.naver.com/qna/detail.naver?d1id=4&dirId=40309&docId=467686916&qb=7Yis7J6h7Jy866GcIOyblOq4iQ==&enc=utf8,,0,2,0,0,2,False
투잡으로 월급,기타,투잡 하려고 하는데 어떤게 좋을까요?,... 이에요~ 현재 하나의 직장의 월급으로는 생활하기 너무 빠듯해 투잡을 생각중인데요.. 소자본으로 투잡가능한거 어디 없나요? 참고로 저는 주부이며 좀 있으면 아기도 생각중이에요~ 고수분들의 투잡에 대한 의견 부탁드려요~~~!!!...,https://kin.naver.com/qna/detail.naver?d1id=4&dirId=40703&docId=151301145&qb=7Yis7J6h7Jy866GcIOyblOq4iQ==&enc=utf8,,0,2,0,0,2,False
투잡으로 월급,기타,직장인 투잡으로 할만한거,... 사절합니다 월급빼고 다 내다보면생활비는 이런거 투잡추천 ㅠ힘많이 ... 안녕하세요~ 집에서 3년째 부업중인 주부입니다. 재택알바에 대해서 고민하고 계신것같아 답변드려요~ 처음 시작할때 저 같은 경우에도 모르는 분야이다보니...,https://kin.naver.com/qna/detail.naver?d1id=4&dirId=40611&docId=268251219&qb=7Yis7J6h7Jy866GcIOyblOq4iQ==&enc=utf8,,0,6,0,2,4,False
투잡으로 월급,기타,"투잡 원천세, 종합소득세신고시",... 3) 종소세 신고시 소득공제항목에서 국민연금보험료는 직장에서 계산된 금액같은데 알바 월급까지 합산하면 납부금액이 발생 되는거죠? 안녕하세요 저도 투잡이다보니 연말정산보니 직장일해서 연말정샨 한 작년께 따라와...,https://kin.naver.com/qna/detail.naver?d1id=4&dirId=40301&docId=389253965&qb=7Yis7J6h7Jy866GcIOyblOq4iQ==&enc=utf8,,0,2,0,0,2,False
투잡으로 월급,기타,연말정산 간소화 투잡 종합소득세신고,"... 사내 규정상 투잡 금지에 대한 회사들도 있어서 (월급외 사업소득 관련 규정) 아무리 일용직이라도 못하는 경우들도 있어요ㅜㅜ 회사가 직원이 부업하는 걸 알 수 있는 방법은 근로소득(월급)과 근로외 소득(투잡, 사업 포함)이...",https://kin.naver.com/qna/detail.naver?d1id=4&dirId=40309&docId=439458536&qb=7Yis7J6h7Jy866GcIOyblOq4iQ==&enc=utf8,,0,4,0,0,4,False
투잡으로 월급,배달,투잡 종합소득세 질문이요,직장월급은 세후 270정도 되고 투잡으로 배민 쿠팡으로 배달하고 있어요 배달일 시작한건 이제 3개월정도 되어가는데 제가 배달로 매달 330정도 벌거든요 이런식으로 벌면 종합소득세를 얼마나 내야하는지 또 유형은 무엇인지......,https://kin.naver.com/qna/detail.naver?d1id=4&dirId=40305&docId=467400718&qb=7Yis7J6h7Jy866GcIOyblOq4iQ==&enc=utf8,,0,4,0,2,2,False
투잡으로 월급,기타,투잡 하시는분들 해보신분들,제가 빛이 좀 많이 생겨서 정말 열심히 갚으면서 살아보려고 합니다 근데 지금 야간 일하는곳 돈으로만으로는 벅차더라구요 월급220받구 있구요 잠줄이고 투잡 알바 하나 주간에 할생각인데요 최소2년 정도는 해야되는 상황인데요...,https://kin.naver.com/qna/detail.naver?d1id=6&dirId=61303&docId=290736222&qb=7Yis7J6h7Jy866GcIOyblOq4iQ==&enc=utf8,,0,2,0,0,2,False
투잡으로 월급,기타,투잡 4대보험 및 세금,현 직장에서 4대보험 가입 및 월급을 받으며 회사에 다니고 있는데 출근 안하는 날 투잡으로 단기 알바를 하려고 합니다 단기알바는 오후5시 ~ 새벽2시까지이고 (식사시간1시간) 한달에 일주일정도만 일하면 이중4대보험가입이...,https://kin.naver.com/qna/detail.naver?d1id=6&dirId=6100401&docId=397645273&qb=7Yis7J6h7Jy866GcIOyblOq4iQ==&enc=utf8,,0,2,0,0,2,False
투잡으로 월급,기타,쿠팡물류로 투잡가능여부..,"성인이고 개인적인 사정으로 기존에 일하고있긴하지만 투잡으로 일할곳 찾다가 시간이 되는곳이 쿠팡 같은... 특히 수당은 월급이 아니라 주급으로 나오는데, 저도 처음엔 “하루 1시간 일해서 얼마나 벌지?” 했는데요. 리치패밀리...",https://kin.naver.com/qna/detail.naver?d1id=4&dirId=40404&docId=433569871&qb=7Yis7J6h7Jy866GcIOyblOq4iQ==&enc=utf8,,0,2,0,0,2,False
투잡으로 월급,블로그,교사투잡 해볼까 하는데요,... (TV방송 및 증빙자료는 제블로그에 첨부해 두었어요) 편한시간에 편한곳에서 하루 2~3시간만 일하시면 되요.~ 저같은 경우는 투잡으로 6년 5개월째 한달또 빠짐없이 꼬박꼬박 월급 받으며 일해오고 있는 평범한...,https://kin.naver.com/qna/detail.naver?d1id=4&dirId=40611&docId=270566740&qb=7Yis7J6h7Jy866GcIOyblOq4iQ==&enc=utf8,,0,4,0,0,4,False
투잡으로 월급,기타,직장인이 투잡으로 월100정도 벌수 있을까요?,투잡을 하려고 하는데 그래도 월 100정도는 벌어야 월급하고 합쳐서 괜찮을꺼 같아 알아보는데 그런 일자리가 있을까요? 직장인 투잡 알아보시는군요. 저는 40대 직장인이면서 재택부업을 하고 있는 남자예요 직장인투잡 전문멘토라고...,https://kin.naver.com/qna/detail.naver?d1id=4&dirId=40611&docId=359357337&qb=7Yis7J6h7Jy866GcIOyblOq4iQ==&enc=utf8,,0,6,0,0,6,False
투잡으로 월급,기타,투잡이 불법인건가요?,"... 월급날자는 양쪽 다 10일이지만, 별도로 들어옵니다. 투잡이 불법이라는 소리가 있는데... 혹시 걸리면 어떻게 되나요? 불법 아니에요!!!! 요즘 N잡러가 얼마나 많은데요~ 다만 대기업이나 일부 회사들은 근로계약서에 투잡을 금지하고...",https://kin.naver.com/qna/detail.naver?d1id=6&dirId=60802&docId=450648788&qb=7Yis7J6h7Jy866GcIOyblOq4iQ==&enc=utf8,,0,4,0,0,4,False
투잡으로 월급,블로그,투잡으로 호프집을 할려고합니다.,... (TV방송 및 증빙자료는 제블로그에 첨부해 두었습니다) 편한시간에 편한곳에서 하루 2~3시간만 일하시면 됩니다.~ 저같은 경우는 투잡으로 6년 5개월째 한달또 빠짐없이 꼬박꼬박 월급 받으며 일해오고 있는 평범한 가정주부로 하루 2...,https://kin.naver.com/qna/detail.naver?d1id=4&dirId=40309&docId=273189890&qb=7Yis7J6h7Jy866GcIOyblOq4iQ==&enc=utf8,,0,4,0,0,4,False
투잡으로 월급,기타,프리랜서가 사대보험되는 직장에 투잡 가능한가요?,"현재 3.3 세금 떼고 5월에 종소세 신고하는 프리랜서입니다 사대보험되는 직장(월급 약 70만원)에 투잡해도 되나요? 1. 했을 경우 지금 개인으로 내고있는 국민연금, 의료보험은 어떻게 되는지 (사대보험되는 회사쪽으로 내게...",https://kin.naver.com/qna/detail.naver?d1id=4&dirId=40301&docId=491883655&qb=7Yis7J6h7Jy866GcIOyblOq4iQ==&enc=utf8,,0,2,0,0,2,False
투잡으로 월급,블로그,직장인 투잡 틈틈이 할만하게 뭐가 없을까요?,... (TV방송 및 증빙자료는 제블로그에 첨부해 두었습니다) 편한시간에 편한곳에서 하루 2~3시간만 일하시면 됩니다.~ 저같은 경우는 투잡으로 6년 5개월째 한달또 빠짐없이 꼬박꼬박 월급 받으며 일해오고 있는 평범한 가정주부로 하루 2...,https://kin.naver.com/qna/detail.naver?d1id=4&dirId=406&docId=271339228&qb=7Yis7J6h7Jy866GcIOyblOq4iQ==&enc=utf8,,0,4,0,0,4,False
투잡으로 월급,기타,계약직 월급 미신고 문제와 노동청 신고 가능성,... 했을때 투잡으로 뛰던 알바들은 다 자동으로 신고가 됐는데 10월 월급은 신고가 안됐더라구요 근로계약서까지 다 작성했는데 회사측에서 신고를 안하는 경우도있나요? 그리고 노동청에 신고를 하면 제가 진짜 회사 직원으로...,https://kin.naver.com/qna/detail.naver?d1id=6&dirId=60215&docId=493329325&qb=7Yis7J6h7Jy866GcIOyblOq4iQ==&enc=utf8,,0,2,0,0,2,False
투잡으로 월급,기타,직장다니면서 주말에 알바로 투잡을 하,... 월급이적어서 투잡하려고해도 복잡해서 못하겠네요.. 하 우리나라 참.. 일시작하시기전 투잡이 허용되는지 회사내규를 먼저 확인하시구요 허용이 안되는데 하시다가 걸리면 난감한 일이 생길수도 있어요 알바하시는곳에 급여통장을...,https://kin.naver.com/qna/detail.naver?d1id=6&dirId=6080402&docId=304917858&qb=7Yis7J6h7Jy866GcIOyblOq4iQ==&enc=utf8,,0,2,0,0,2,False
투잡으로 월급,블로그,투잡 / 직장에대한고민,... (TV방송 및 증빙자료는 제블로그에 첨부해 두었어요) 편한시간에 편한곳에서 하루 2~3시간만 일하시면 되요.~ 저같은 경우는 투잡으로 5년 2개월째 한달또 빠짐없이 꼬박꼬박 월급 받으며 일해오고 있는 평범한...,https://kin.naver.com/qna/detail.naver?d1id=6&dirId=61303&docId=257835649&qb=7Yis7J6h7Jy866GcIOyblOq4iQ==&enc=utf8,,0,4,0,0,4,False
투잡으로 월급,기타,투잡을 동시에 퇴사하면 실업급여 수령액이 어찌되나요?,... 아니면 두군데 월급을 합산한 기준으로 수령액이 산정되어 나오는지 궁금합니다 (고용보험은 두곳에서 다 나갈 필요가 없다해서 한곳 회사에서만 나가고 있답니다) 투잡으로 다니던 두 회사에서 퇴사하면 실업급여는 한 회사의 월급...,https://kin.naver.com/qna/detail.naver?d1id=6&dirId=6080402&docId=488286797&qb=7Yis7J6h7Jy866GcIOyblOq4iQ==&enc=utf8,,0,2,3,2,3,False
투잡으로 월급,기타,직장인 투잡,직장인 투잡 괜찮은거 있으면 추천 해주세요~ 컴퓨터와 관련있으면 더좋구여 투잡으로 인터넷 부업하는 주부입니다.... 사이 월급을 받아요... 매월 얼마라고 고정된 수입이 없어서 단점이긴 하지만 꾸준하게 했더니 직장인 월급은...,https://kin.naver.com/qna/detail.naver?d1id=4&dirId=4010503&docId=274544695&qb=7Yis7J6h7Jy866GcIOyblOq4iQ==&enc=utf8,,0,4,0,2,2,False
투잡으로 월급,기타,투잡 실업급여,... 8월 12일에 그만두는걸로하고 아직은 다니는중인데 저가 투잡으로 B라는 알바를 짧게 뛰었던적이있습니다.7월 3일부터 23일까지요. 4대보험 가입안되어있구요 거기에대한 월급은 정확히 8월 20일날 들어올거에요...,https://kin.naver.com/qna/detail.naver?d1id=6&dirId=6080402&docId=363941946&qb=7Yis7J6h7Jy866GcIOyblOq4iQ==&enc=utf8,,0,2,0,0,2,False
투잡으로 월급,기타,직장인 투잡 적당한게..,회사다니면서 할만한 직장인 투잡을 찾고 있어요 출퇴근 하지 않고 집에서 할수 있는 일들도 있긴 하던데 돈을 내고... 다행인건 다른 집에서 하는 일들에 비해서 일을 하는 만큼 월급을 받을수 있다는 거에요 아예 벌지 못하는 경우는...,https://kin.naver.com/qna/detail.naver?d1id=4&dirId=40611&docId=283121557&qb=7Yis7J6h7Jy866GcIOyblOq4iQ==&enc=utf8,,0,2,0,0,2,False
투잡으로 월급,기타,직장인 투잡으로 인한 수면시간(2시간),"... 다만 아직 어린 애기가 있어 퇴근 하고 오면 애를 봐주고, 월~목은 오후 10시30분부터 새벽4시까지 투잡을 병행하고 있습니다. 집을 매매하면서 신용대출을 영끌했고, 도저히 외벌이 월급으로는 대출들을 감당하기가 어려워...",https://kin.naver.com/qna/detail.naver?d1id=4&dirId=406&docId=442227768&qb=7Yis7J6h7Jy866GcIOyblOq4iQ==&enc=utf8,,0,2,0,0,2,False
투잡으로 월급,기타,직장인 투잡 알바 어떤거하시나요,6시칼퇴직장이라서 돈좀빨리모아보려고 투잡하려는데요 마땅한걸찾기가쉽지않네요 조건 이것저것따지다보니... 업무방법 습득 후 메뉴얼대로만 일 하신다면 직장인 월급 부럽지않은 수.익.도 충분히 가능합니다. ●타.이.핑/자.료.입.력...,https://kin.naver.com/qna/detail.naver?d1id=4&dirId=40613&docId=321155905&qb=7Yis7J6h7Jy866GcIOyblOq4iQ==&enc=utf8,,0,2,0,0,2,False
투잡으로 월급,기타,투잡걸릴까요,... 월급이랑 투잡일이랑 급여가.비슷하긴한대 본직장에 걸릴까요? 지금 다니는 직장이 투잡을 금지하는 회사인지 잘 알아보시고 투잡으로 하는 일이 4대보험 가입 안하시는거면 되시구요 괜찮은 일자리를 찾으신다면 인터넷으로 하는...,https://kin.naver.com/qna/detail.naver?d1id=6&dirId=60805&docId=292772401&qb=7Yis7J6h7Jy866GcIOyblOq4iQ==&enc=utf8,,0,2,0,0,2,False
투잡으로 월급,기타,투잡할시 세금,4대보험 들어주는 직장에 다니고 있는데 투잡으로 다른 알바를 하려고 그러거든요 물론 알바라 4대보험 같은건 안들고 월급도 현금으로 받기로 했습니다 만약에 이렇게 투잡으로 할시에 알바비로 번돈(100만원 이상)을 통장에...,https://kin.naver.com/qna/detail.naver?d1id=6&dirId=60804&docId=426064265&qb=7Yis7J6h7Jy866GcIOyblOq4iQ==&enc=utf8,,0,2,0,0,2,False
투잡으로 월급,기타,혹시 투잡으로 할만한 일 없을까요?ㅠㅠ,... 분야에서 도전해보세요 혹시 투잡으로 할만한 일 없을까요?ㅠㅠ 제가 지금 사회복지사로 일을 하고 있는데 돈이 좀 막막하다랄까ㅠㅠ 월급도 적고 생활이 조금 힘들어서;; 재택알바든 뭐든 좋으니 ㅠㅠ 도움되는 답변이 되셨길 바래요,https://kin.naver.com/qna/detail.naver?d1id=4&dirId=40611&docId=477509040&qb=7Yis7J6h7Jy866GcIOyblOq4iQ==&enc=utf8,,0,4,0,0,4,False
투잡으로 월급,배달,직장인 투잡,... 안녕하세요 투잡 예정 이시군요. 저도 대출금리 인상되어 월급 만으로 생활하기 힘들더라구요. 그런데 퇴근 후 노동수익 (알바/ 배달 등) 몸이 힘들어서 못하겠어서 시스템 소득으로 알아보던 중 알게되어 지금 열심히...,https://kin.naver.com/qna/detail.naver?d1id=6&dirId=60802&docId=450351842&qb=7Yis7J6h7Jy866GcIOyblOq4iQ==&enc=utf8,,0,6,0,0,6,False
투잡으로 월급,기타,투잡질문입니다.,... 직장인 자영업자 투잡모두 가능합니다 장소제한 NO!!✔ 휴대폰만 있으면 어디서나 알바 일을 할수 있어서 적극 추천합니다 월급이 아닌 주급!!✔ 꾸준히 성실히 하시면 처음 시작하고 3-4개월이면 월 200-400정도 저희팀에 선배분 월...,https://kin.naver.com/qna/detail.naver?d1id=4&dirId=40609&docId=425511723&qb=7Yis7J6h7Jy866GcIOyblOq4iQ==&enc=utf8,,0,2,3,4,1,False
투잡으로 월급,블로그,투잡 개인사업자 부가가치세,... (TV방송 및 증빙자료는 제블로그에 첨부해 두었어요) 편한시간에 편한곳에서 하루 2~3시간만 일하시면 되요.~ 저같은 경우는 투잡으로 5년 2개월째 한달또 빠짐없이 꼬박꼬박 월급 받으며 일해오고 있는 평범한...,https://kin.naver.com/qna/detail.naver?d1id=4&dirId=40304&docId=255845170&qb=7Yis7J6h7Jy866GcIOyblOq4iQ==&enc=utf8,,0,4,0,0,4,False
투잡으로 월급,기타,직장인인데요 투잡뛰려고 합니다.,... 월급도 최저시급이고 빚도 빨리 갚아야 해서 투잡을 하려고 합니다. 직장다니고 있는 상태에서 투잡뛰려면 회사에 말해야하나요? 지금 생각중인 일이 글쓰기 타이핑 알바 이쪽으로 생각 중입니다. 글구 알바에서 벌은 세금은 본인이...,https://kin.naver.com/qna/detail.naver?d1id=1&dirId=11003&docId=288358689&qb=7Yis7J6h7Jy866GcIOyblOq4iQ==&enc=utf8,,0,2,0,0,2,False
투잡으로 월급,기타,투잡으로 교습소 운영가능한가요?,... 이를들면 교습소 소득에 추가되는 부분인 월급을 신고해야하나요? 이경우 얼마나 빠지나요? [답변] 1. 투잡을 하는 경우 회사의 겸업금지 규정을 확인해봐야할 것입니다. 회사에 따라 투잡시 해고 등의 징계를 하는 경우도 있습니다. 2....,https://kin.naver.com/qna/detail.naver?d1id=4&dirId=40309&docId=431793862&qb=7Yis7J6h7Jy866GcIOyblOq4iQ==&enc=utf8,,0,2,0,0,2,False
투잡으로 월급,기타,공무원 투잡 문제 없이 할 수 있는 것,공무원 투잡 중 직장에 문제 없이 할 수 있는게 있을까요? 아시다시피 월급이 너무 낮아서 진짜 이러다 결혼은 절대 못할 것 같아요 ㅠ 요즘 다들 결혼 안하시려 하지만 전 하고 싶거든요 ㅠㅠ 공무원 투잡으로 할 수 있는게 뭐가...,https://kin.naver.com/qna/detail.naver?d1id=4&dirId=40601&docId=450652555&qb=7Yis7J6h7Jy866GcIOyblOq4iQ==&enc=utf8,,0,2,0,0,2,False
투잡으로 월급,배달,안녕하세요 투잡관련 고용보험 수급,"안녕하세요 현재 본업이있고 배달을 투잡으로 하고있습니다. 배달은 배민커넥트, 쿠팡이츠를 하는상태이며... 여기서 질문을 드리자면 현회사가 올해 곧 3개월정도 경기악화로 휴업을해 고용보험을 통해 직원들에게 월급 70프로를...",https://kin.naver.com/qna/detail.naver?d1id=6&dirId=6080402&docId=472010773&qb=7Yis7J6h7Jy866GcIOyblOq4iQ==&enc=utf8,,0,4,0,2,2,False
투잡으로 월급,배달,투잡에 관하여 여쭙니다,... 커서 투잡을 뛰려고 합니다 배달대행 알바를 할려고하는데 하루 2만원에서 3만원정도 벌고 근무시간은... *물론 4대보험(본인부담금)도 떼고 월급을 받으시겠죠. 배달대행으로 월말에 3.3%를 뗀다는 얘기는 프리랜서 형태로...,https://kin.naver.com/qna/detail.naver?d1id=4&dirId=40613&docId=349862971&qb=7Yis7J6h7Jy866GcIOyblOq4iQ==&enc=utf8,,0,4,0,0,4,False
투잡으로 월급,기타,요즘 주부투잡 하는 사람들이 많아졌던데 해볼 만한가요?,안녕하세요 요즘 주부투잡에 대해 알아보고 있어요 광고에서는 하루 몇 시간만 투자해도 고수익을 벌 수 있다고... 저도 직장 생활하면서 월급만으로는 부족함을 느껴 여러 가지 방법을 시도해 봤어요. 야근이나 주말 출근보다 시간 대비...,https://kin.naver.com/qna/detail.naver?d1id=7&dirId=70306&docId=481277963&qb=7Yis7J6h7Jy866GcIOyblOq4iQ==&enc=utf8,,0,6,0,0,6,False
투잡으로 월급,블로그,투잡 4대보험 질문합니다,... (TV방송 및 증빙자료는 제블로그에 첨부해 두었어요) 편한시간에 편한곳에서 하루 2~3시간만 일하시면 되요.~ 저같은 경우는 투잡으로 5년 2개월째 한달또 빠짐없이 꼬박꼬박 월급 받으며 일해오고 있는 평범한 가정주부로 하루 2...,https://kin.naver.com/qna/detail.naver?d1id=6&dirId=61004&docId=251427677&qb=7Yis7J6h7Jy866GcIOyblOq4iQ==&enc=utf8,,0,4,0,2,2,False
투잡으로 월급,기타,투잡 금지 회사,... 소득으로 걸린다고 했던것 같은데 회사 사정이 힘들다보니 월급이 많이 줄어서 투잡을 생각중입니다.. 혹시 안걸리게 하는 법 있나요? 보험같은건 어떻게 해야하는건가여... 편의점 알바는 큰 회사라서 걸릴까요...? 투잡으로...,https://kin.naver.com/qna/detail.naver?d1id=4&dirId=406&docId=377146839&qb=7Yis7J6h7Jy866GcIOyblOq4iQ==&enc=utf8,,0,2,0,0,2,False
투잡으로 월급,기타,알바 투잡,... 롯데리아나 맥도날드 같은곳은 월급을 본사에서 준다고들었어요. 근데 제가 주말에 투잡으로 롯데리아 ㅇㅇ점에 지원해서 일해도 되나요?? 뭐가 문제가 되는게 있을까요?????(월급주거나 서류상으로) 근로계약서를 이중으로 하지...,https://kin.naver.com/qna/detail.naver?d1id=6&dirId=60805&docId=289841972&qb=7Yis7J6h7Jy866GcIOyblOq4iQ==&enc=utf8,,0,2,0,0,2,False
투잡으로 월급,기타,본업 부업 투잡 프리랜서,지금 현 직장에서 4대보험을 받고 일하는 중입니다 허나 월급이 밀리고 회사 사정이 안 좋아 투잡을 알아보고 있는데 프리랜서 개념으로 주말에 11:00 ~20:00 일을 할 예정입니다.(3.3%만뗌) 1) 점심 1시간 휴게시간 30분 2번 해서...,https://kin.naver.com/qna/detail.naver?d1id=6&dirId=60804&docId=446093106&qb=7Yis7J6h7Jy866GcIOyblOq4iQ==&enc=utf8,,0,4,0,0,4,False
투잡으로 월급,기타,투잡 종합소득세 질문좀요,투잡은 아닌데 본의 아니게 투잡이 되어 있어요 앞전 직장에서 2021년 8월에 퇴사를 하고 11월에 새직장을 들어갔는데... 월급은 앞전 8월에 퇴사한 직장이나 현 직장이나 최저월급입니다 2월에 현직장에서 연말정산 대상자라고 하라고...,https://kin.naver.com/qna/detail.naver?d1id=4&dirId=40301&docId=419983698&qb=7Yis7J6h7Jy866GcIOyblOq4iQ==&enc=utf8,,0,2,3,2,3,False
투잡으로 월급,기타,쿠팡 투잡관련 세금,하는 일이랑 겸해서 투잡을 하려고 합니다 어렴풋이 듣기로는 1. 월 60시간 이상 일하면 4대보험 가입이 된다던데 맞나요? 2. 월 60시간은 월급이 아닌 시간으로만 따지나요? 3. 원래 직장에서 이미 4대보험이 가입되어있는데 그럼...,https://kin.naver.com/qna/detail.naver?d1id=4&dirId=40301&docId=426832783&qb=7Yis7J6h7Jy866GcIOyblOq4iQ==&enc=utf8,,0,2,0,0,2,False
투잡으로 월급,기타,"근로계약서 조건_투잡,재택",... (할말이 너무 많지만.....끝...) 업무가 너무 많아서 월급얘기를 했더니 연말만 지나면 하는일 없다며..??? 다시 회계사무실 투잡 얘기를 하시더라구요. 근무시간이 10시~4시까지 인데 밤 10~12시까지 일을 하고 있습니다. 물론...,https://kin.naver.com/qna/detail.naver?d1id=6&dirId=60802&docId=460526884&qb=7Yis7J6h7Jy866GcIOyblOq4iQ==&enc=utf8,,0,4,0,0,4,False
투잡으로 월급,기타,투잡 할만한곳 없을까요,투잡 해보고싶어서 알아보고있어요. 짧은시간동안 할수있는곳 없을까요? 하루 자투리시간에 틈틈히... (직장 월급이 적어요) 부담 없이 할 수 있겠더라구요 팀에서 같이 하는 사업이다보니 많이 도움도 받을 수 있어요 제택부업...,https://kin.naver.com/qna/detail.naver?d1id=4&dirId=40703&docId=431886850&qb=7Yis7J6h7Jy866GcIOyblOq4iQ==&enc=utf8,,0,4,0,0,4,False
투잡으로 월급,기타,직장인투잡 좀 쉬운것으로 알아봐요,회사에서 받는 월급만으로는 어려움을 느껴서 직장인투잡을 알아보는데 솔직히 회사 다니는것만으로도 좀 벅차거든요.. 투잡으로 하는 일까지 힘들고 어려우면 못할거 같아서.. 지금 당장은 적게 벌더라도 좀 쉽게 할 수 있는...,https://kin.naver.com/qna/detail.naver?d1id=4&dirId=40611&docId=388382522&qb=7Yis7J6h7Jy866GcIOyblOq4iQ==&enc=utf8,,0,2,0,0,2,False
투잡으로 월급,기타,직장인투잡 할만한거 없을까요?,... 회사 월급으로 앞으로 꿈을 설계하기가 어려울거 같아서 직장인투잡 알아보고 있습니다. 직장인투잡으로 할 수 있는일이 여러 가지가 있는거 같은데 어제 검색중에 설문조사하는 일이 있던데 어떤지 직장인투잡으로 어떤지...,https://kin.naver.com/qna/detail.naver?d1id=8&dirId=8&docId=223061587&qb=7Yis7J6h7Jy866GcIOyblOq4iQ==&enc=utf8,,0,2,0,0,2,False
투잡으로 월급,기타,천안 대리운전알아보는중인데 투잡으로괜찮나요?~,안녕하세요 34살 직장인인데요 요즘코로나때문에 회사도 뒤숭숭하고 월급도 조금 감봉이됬네요 그래서 천안에서 할수있는 투잡거리로 대리운전을 해보려고합니다 혼자하는게 낫나요? 아니면 뒷차앞차 같이하는게좋을까요? 아니면 혹시...,https://kin.naver.com/qna/detail.naver?d1id=4&dirId=40611&docId=368149147&qb=7Yis7J6h7Jy866GcIOyblOq4iQ==&enc=utf8,,0,2,0,0,2,False
투잡으로 월급,기타,투잡알바요,"재가 도박으로 5000정도 빚이 생겼어요 해결할수도 없고 월급으로도 값을 여력이 안되요 투잡을 알아보고 있는데 뭐든 시키면 열심히 하겠습니다 쪽지두세요(인터넷 알바 ,대출 글달지 마시요 진심입니다) 투잡으로 재택근무는...",https://kin.naver.com/qna/detail.naver?d1id=4&dirId=40611&docId=397522328&qb=7Yis7J6h7Jy866GcIOyblOq4iQ==&enc=utf8,,0,4,0,0,4,False
투잡으로 월급,기타,투잡이란?,... 직장인 투잡으로 괜찮은일 하나 소개해드릴게요~ 이미 알고 계실지도 모르겠지만~ 제가 근무하고 있는 회사는 어떠실까요? 회사는 설립한지 13년 됬구요 합법적이고 안전한 회사입니다 일반 중소기업들 처럼 월급이 지체된다거나 덜...,https://kin.naver.com/qna/detail.naver?d1id=4&dirId=40603&docId=245142974&qb=7Yis7J6h7Jy866GcIOyblOq4iQ==&enc=utf8,,0,2,0,0,2,False
투잡으로 월급,블로그,투잡구합니다...,... (TV방송 및 증빙자료는 제블로그에 첨부해 두었어요) 편한시간에 편한곳에서 하루 2~3시간만 일하시면 되요.~ 저같은 경우는 투잡으로 5년 2개월째 한달또 빠짐없이 꼬박꼬박 월급 받으며 일해오고 있는 평범한 가정주부로 하루 2~3시간...,https://kin.naver.com/qna/detail.naver?d1id=4&dirId=40611&docId=251376446&qb=7Yis7J6h7Jy866GcIOyblOq4iQ==&enc=utf8,,0,4,0,0,4,False
투잡으로 월급,기타,직장인 투잡 세금 관련,"... 회사에서 제가 투잡을 했다는 것까지 알 수 있는지 여부와, 12월 연말정산에 제가 투잡을 한 것까지 포함하여 소득으로 잡혀 3월이나 2월 월급에 연말정산 내역이 포함되어 이 부분에서 세금을 납부하게 되는건지, 아니면...",https://kin.naver.com/qna/detail.naver?d1id=4&dirId=40309&docId=460742087&qb=7Yis7J6h7Jy866GcIOyblOq4iQ==&enc=utf8,,0,2,0,0,2,False
투잡으로 월급,기타,무인카페 창업으로 투잡도 많이 하나요? 무인카페머신...,요즘 회사 월급으로는 생활도 힘들고 돈 모으는 건 거의 불가능에 가깝잖아요. 그래서 차라리 간단한 개인 사업에... 무인이라서 따로 관리할 게 많지 않기도 하고 제가 지금 하는 일을 그대로 하면서 병행이 가능하기도 하고~~ 투잡이나...,https://kin.naver.com/qna/detail.naver?d1id=4&dirId=40702&docId=442657146&qb=7Yis7J6h7Jy866GcIOyblOq4iQ==&enc=utf8,,0,2,0,0,2,False
투잡으로 월급,기타,투잡 아르바이트 보험,... 3개월 계약이고 투잡을 하지 못하게 하고 있는데 이거 들키는 게 한 달 월급 적용 할 때 바로 알 수가 있나요? 아니면 연말 공제 등 추후 나중에 아나요? 이걸 묻는 이유는 예전에도 이런 식으로 했었는데 매달 월급 받을 때는 안...,https://kin.naver.com/qna/detail.naver?d1id=6&dirId=61004&docId=399399285&qb=7Yis7J6h7Jy866GcIOyblOq4iQ==&enc=utf8,,0,2,0,0,2,False
투잡으로 월급,기타,투잡으로 대리운전하면 얼마정도 벌어요???,내월급빼고 다 오르는 시대잖아요 그래서 투잡을 하려고 하는데 대리운전이 그나마 좀 괜찮을거 같아서요 일단 시간이 자유로우니까 월~금까지 오후 7~12시 정도 대리운전하면 얼마나 벌어요?? 맞습니다..내월급빼고 다 오르는시대 아무리...,https://kin.naver.com/qna/detail.naver?d1id=4&dirId=40611&docId=263969364&qb=7Yis7J6h7Jy866GcIOyblOq4iQ==&enc=utf8,,0,2,0,0,2,False
투잡으로 월급,블로그,직장인 투잡 할만한것,... (TV방송 및 증빙자료는 제블로그에 첨부해 두었어요) 편한시간에 편한곳에서 하루 2~3시간만 일하시면 되요.~ 저같은 경우는 투잡으로 5년 2개월째 한달또 빠짐없이 꼬박꼬박 월급 받으며 일해오고 있는 평범한...,https://kin.naver.com/qna/detail.naver?d1id=4&dirId=406&docId=259583627&qb=7Yis7J6h7Jy866GcIOyblOq4iQ==&enc=utf8,,0,4,0,0,4,False
투잡으로 월급,기타,직장인 사대보험 투잡입니다,... 처음 3주는 수입이 없었고 4주차 부터 수당을 받을 수 있었으며 6개월이 지난 지금은 일반 기업의 대리급 월급 정도를 받고 있습니다 제가 하는 투잡은 누구나 이름만 대면 알 수 있는 대기업 투잡으로.... 인세 소득이라는것이 있어....,https://kin.naver.com/qna/detail.naver?d1id=4&dirId=40309&docId=406992949&qb=7Yis7J6h7Jy866GcIOyblOq4iQ==&enc=utf8,,0,2,0,0,2,False
투잡으로 월급,기타,직장인 투잡 세금,"안녕하세요 직장을 7-4시에 월급은 최저에 4대보험 드는 직장을 다니고 있는데 주3일 최저시급 받으면서 월,화,수 4시... 알려주시면 감사합니다 ㅜㅜ 투잡으로 추가 소득이 생기면 세금을 내야 할 가능성이 있습니다. 소득세는 연간...",https://kin.naver.com/qna/detail.naver?d1id=6&dirId=60802&docId=484262875&qb=7Yis7J6h7Jy866GcIOyblOq4iQ==&enc=utf8,,0,2,0,0,2,False
투잡으로 월급,기타,직장인투잡,... 시간이많이남아서퀵이나 대리를하려고하는데 가능한가요?투잡으로 2백정도생각하고있습니다 안녕하세요 저도... 직장인월급정도 되지 않을까 싶네요! 관심 생기시거나 더 자세하게 알아보고 싶으시면 아래 눌러보세용 팀에서...,https://kin.naver.com/qna/detail.naver?d1id=4&dirId=4010302&docId=428404470&qb=7Yis7J6h7Jy866GcIOyblOq4iQ==&enc=utf8,,0,2,0,0,2,False
투잡으로 월급,기타,직장인투잡,... 본업 월급만으로는 생활하기가 빠듯하여 투잡으로 할만한 일을 찾아보다가 시작하게 되었구요! 월2O~3O만 벌어도 생활보탬이 되겠단 생각으로 소소하게 목표를 잡고 꾸준하게 일했더니 하면 할수록 더 많이 벌게 되어 지금은 7년째...,https://kin.naver.com/qna/detail.naver?d1id=4&dirId=406&docId=247928423&qb=7Yis7J6h7Jy866GcIOyblOq4iQ==&enc=utf8,,0,2,0,0,2,False
투잡으로 월급,스마트스토어,직장인 투잡으로 아동복,... 하는일은 따로 있는데 투잡으로 아동복 팔아보고 싶어서 글 남겨요. 쇼핑몰은 안될거같고 스마트스토어요. 1.... 중소기업 월급 정도는 가져 가실 수 있는 시스템입니다 초기 비용으로 하루 커피 한잔 값의 초기 비용이 들어가나......,https://kin.naver.com/qna/detail.naver?d1id=5&dirId=511&docId=425064841&qb=7Yis7J6h7Jy866GcIOyblOq4iQ==&enc=utf8,,0,6,0,0,6,False
투잡으로 월급,기타,주부투잡 하면 한 달 수익은 어느 정도일까요?,주부투잡을 해보려는데 요즘 광고를 보면 너무 과장된 것 같아서 실제로 가능한 일인지 궁금해요 투잡으로 고려하고... 요즘 재택부업 하시는 분들은 거의 대부분 하시는 것 같아요 저도 직장다니며 월급으로 힘들어서 퇴근후 쿠팡알바....,https://kin.naver.com/qna/detail.naver?d1id=4&dirId=40611&docId=481215342&qb=7Yis7J6h7Jy866GcIOyblOq4iQ==&enc=utf8,,0,8,0,2,6,False
투잡으로 월급,기타,알바 직영점 투잡,"... 요즘은 월급만으로 생활을하며 지내기 빠듯하기때문에 많은 분들이 쉽게 투잡을 생각하시는데요. 그렇다고 무턱대고 투잡을 선택하시기에는 리스크가 있습니다. 투잡을 하기전 기본적으로 준비부터 투잡 업종 선택, 투잡 계획 수립...",https://kin.naver.com/qna/detail.naver?d1id=6&dirId=60805&docId=356936375&qb=7Yis7J6h7Jy866GcIOyblOq4iQ==&enc=utf8,,0,2,0,0,2,False
투잡으로 월급,블로그,개인회생 개시전 투잡관련,... (TV방송 및 증빙자료는 제블로그에 첨부해 두었습니다) 편한시간에 편한곳에서 하루 2~3시간만 일하시면 됩니다.~ 저같은 경우는 투잡으로 6년 5개월째 한달또 빠짐없이 꼬박꼬박 월급 받으며 일해오고 있는 평범한 가정주부로 하루 2...,https://kin.naver.com/qna/detail.naver?d1id=4&dirId=40106&docId=275127312&qb=7Yis7J6h7Jy866GcIOyblOq4iQ==&enc=utf8,,0,4,0,0,4,False
투잡으로 월급,기타,직장인투잡으로 할만한것을 찾습니다.,... 이래저래 월급으로 간간히 살아가고 있기는한데 너무 턱업이 부족해서요... 요새 직장인투잡이 굉장히 많다고 하던데 직장인투잡으로 괜찮은거 머 없을까요? 시간 짬내면서라고 할수 있어서요 괜찮은 직장인투잡 부탁드립니다....,https://kin.naver.com/qna/detail.naver?d1id=4&dirId=40611&docId=292803779&qb=7Yis7J6h7Jy866GcIOyblOq4iQ==&enc=utf8,,0,2,0,0,2,False
투잡으로 월급,기타,투잡질문이요,... 요즘 투잡으로 인기인 재택부업 추천해드려요 저는 지금 20대 직장인 이예요! 하지만 집에서하는 재택.부업 지금 하고 있어요^^ 시간.장소 상관없이 편할때하는거라 정말 좋아요 수익은 직장월급보단 더 좋구요 직장일은 예전부터...,https://kin.naver.com/qna/detail.naver?d1id=6&dirId=6010104&docId=262845705&qb=7Yis7J6h7Jy866GcIOyblOq4iQ==&enc=utf8,,0,8,0,4,4,False
투잡으로 월급,기타,비제이 투잡,... 나라구조상 월급으로 사는건 어렵기때문에 투잡을 금지하지 않는 회사라면 가능하세요 ^^ 제가 일하는 곳은 집에서 할 수 있는 재택근무인데 투잡을 금지하는 일을 하시는 분들도 많이들 하셔서 알려드려요 받는 급여 통장을...,https://kin.naver.com/qna/detail.naver?d1id=6&dirId=61303&docId=291312322&qb=7Yis7J6h7Jy866GcIOyblOq4iQ==&enc=utf8,,0,4,0,0,4,False
투잡으로 월급,기타,투잡 일용직 소득안잡히게 할 수 있나요?,일용직으로 한달에 4~6일정도 알바로 하면서 용돈벌이 하고있었는데 이직하면서 법인에 취업하게되어서 근로계약서 상에 투잡금지로 되어있네요 월급만으로는 부족할것같은데ㅠ 일용직 알바 계속 하면서 회사에는 소득 안잡히게 할...,https://kin.naver.com/qna/detail.naver?d1id=6&dirId=6080401&docId=403517038&qb=7Yis7J6h7Jy866GcIOyblOq4iQ==&enc=utf8,,0,2,0,0,2,False
투잡으로 월급,기타,공기업 투잡,... 예를들어 한전 회사다니면서 식당 차리는 식 으로요 요즘은 월급만으로 생활을하며 지내기 빠듯하기때문에 많은 분들이 쉽게 투잡을 생각하시는데요. 그렇다고 무턱대고 투잡을 선택하시기에는 리스크가 있습니다. 투잡을 하기전...,https://kin.naver.com/qna/detail.naver?d1id=4&dirId=406&docId=351072451&qb=7Yis7J6h7Jy866GcIOyblOq4iQ==&enc=utf8,,0,2,0,0,2,False
투잡으로 월급,블로그,밤일하고 투잡,... (TV방송 및 증빙자료는 제블로그에 첨부해 두었어요) 편한시간에 편한곳에서 하루 2~3시간만 일하시면 되요.~ 저같은 경우는 투잡으로 5년 2개월째 한달또 빠짐없이 꼬박꼬박 월급 받으며 일해오고 있는 평범한...,https://kin.naver.com/qna/detail.naver?d1id=4&dirId=40611&docId=260648793&qb=7Yis7J6h7Jy866GcIOyblOq4iQ==&enc=utf8,,0,4,0,0,4,False
투잡으로 월급,기타,"직장인 투잡중에, 4대보험이중가입",... 제가 투잡을 하는 중인데요 . 4대보험 이중가입이 되어 있는데요 만약 이중가입이 되어 있어도 괜찮은지?? 양쪽 월급에서 세금은 나가는데 두곳에서 세금이 이중으로 나가도 지장이 없는지 ? A 직장 월 150정도 받고(다닌지 2개월째) B...,https://kin.naver.com/qna/detail.naver?d1id=4&dirId=40311&docId=293720123&qb=7Yis7J6h7Jy866GcIOyblOq4iQ==&enc=utf8,,0,2,0,0,2,False
투잡으로 월급,기타,투잡 알바 집에서 할수있는일 알아봐요,직장인 투잡 알바로 괜찮은일 있을까요 왠만하면 집에서 컴퓨터로 할수있는일이면 좋겠는데 떠돌아다니는 정보가... 업무방법 습득 후 메뉴얼대로만 일 하신다면 직장인 월급 부럽지않은 수.익.도 충분히 가능합니다. 재택타이핑알바...,https://kin.naver.com/qna/detail.naver?d1id=4&dirId=40613&docId=316535177&qb=7Yis7J6h7Jy866GcIOyblOq4iQ==&enc=utf8,,0,4,0,0,4,False
투잡으로 월급,기타,공무원은 투잡이 불가능한가요?,"... 요즘은 월급만으로 생활을하며 지내기 빠듯하기때문에 많은 분들이 쉽게 투잡을 생각하시는데요. 그렇다고 무턱대고 투잡을 선택하시기에는 리스크가 있습니다. 투잡을 하기전 기본적으로 준비부터 투잡 업종 선택, 투잡 계획 수립...",https://kin.naver.com/qna/detail.naver?d1id=4&dirId=40601&docId=354918549&qb=7Yis7J6h7Jy866GcIOyblOq4iQ==&enc=utf8,,0,2,0,0,2,False
투잡으로 월급,기타,회사 투잡,... 투잡어떻게 하시는지요 요즘은 월급만으로 생활을하며 지내기 빠듯하기때문에 많은 분들이 쉽게 투잡을 생각하시는데요. 그렇다고 무턱대고 투잡을 선택하시기에는 리스크가 있습니다. 투잡을 하기전 기본적으로 준비부터 투잡...,https://kin.naver.com/qna/detail.naver?d1id=6&dirId=60222&docId=347220828&qb=7Yis7J6h7Jy866GcIOyblOq4iQ==&enc=utf8,,0,2,0,0,2,False
투잡으로 월급,기타,직장인 투잡으로 할만한 것,... 월급이 낮으니 이것도 힘드네요 ㅠㅠㅠ 직장인 투잡 뭐가 좋을까요? 안녕하세요 스탠리스튜디오 스탠리입니다. :) 일단 디자인 도구들을 배우시면서 재능마켓을 활용해 수익을 창출하시면 좋을꺼같습니다. 저역시 물류창고알바...,https://kin.naver.com/qna/detail.naver?d1id=4&dirId=40703&docId=450652708&qb=7Yis7J6h7Jy866GcIOyblOq4iQ==&enc=utf8,,0,4,0,2,2,False
투잡으로 월급,블로그,직장인이 할수있는 투잡에 대해 좀 알려주세요!!,... (TV방송 및 증빙자료는 제블로그에 첨부해 두었어요) 편한시간에 편한곳에서 하루 2~3시간만 일하시면 되요.~ 저같은 경우는 투잡으로 5년 2개월째 한달또 빠짐없이 꼬박꼬박 월급 받으며 일해오고 있는 평범한...,https://kin.naver.com/qna/detail.naver?d1id=4&dirId=40611&docId=259227041&qb=7Yis7J6h7Jy866GcIOyblOq4iQ==&enc=utf8,,0,4,0,2,2,False
투잡으로 월급,블로그,직장인투잡자격증,직장인이고..월급도받고있지만..매일매일똑같은일을하니지루하고..월급도적고요..다른새로운일을도전하고싶어요..투잡으로할수있는일과..자격증좀추천해주세요..다단계글..블로그홍보성글..쓸데없는광고 다신고해버리니까.....,https://kin.naver.com/qna/detail.naver?d1id=1&dirId=1060107&docId=289180985&qb=7Yis7J6h7Jy866GcIOyblOq4iQ==&enc=utf8,,0,4,0,2,2,False
투잡으로 월급,기타,저녁알바 투잡으로 가능한일 뭐있나요,직장인인데 6시 칼퇴라서 저녁알바 알아봅니다 첨하는거라 좀 편하게 할수있는 투잡을 찾고있어요 실제 해보신분... 업무방법 습득 후 메뉴얼대로만 일 하신다면 직장인 월급 부럽지않은 수.익.도 충분히 가능합니다. 재택타이핑알바...,https://kin.naver.com/qna/detail.naver?d1id=4&dirId=40613&docId=316755638&qb=7Yis7J6h7Jy866GcIOyblOq4iQ==&enc=utf8,,0,4,0,0,4,False
투잡으로 월급,블로그,공무원 투잡?!,... (TV방송 및 증빙자료는 제블로그에 첨부해 두었습니다) 편한시간에 편한곳에서 하루 2~3시간만 일하시면 됩니다.~ 저같은 경우는 투잡으로 6년 5개월째 한달또 빠짐없이 꼬박꼬박 월급 받으며 일해오고 있는 평범한 가정주부로 하루 2...,https://kin.naver.com/qna/detail.naver?d1id=11&dirId=1103&docId=275139190&qb=7Yis7J6h7Jy866GcIOyblOq4iQ==&enc=utf8,,0,4,0,0,4,False
투잡으로 월급,기타,직장인투잡으로 뭐하고 계세요?,... 직장인 투잡 알아 보시는군요~ 저두 직장다녀서 받은 월급은 생활비로 빠듯하니 저축은 꿈도 못 꿨어요~ㅜㅜ 그래서 알바 부업이라도 해서 여유돈좀 만들어보고자 시작한 부업이 있는데 알려드릴께요 ~ 퇴근후 집에서 핸드폰하나로...,https://kin.naver.com/qna/detail.naver?d1id=4&dirId=406&docId=431275026&qb=7Yis7J6h7Jy866GcIOyblOq4iQ==&enc=utf8,,0,4,0,0,4,False
투잡으로 월급,기타,직장인 투잡질문,월급으론 지출 감당이 안되서 투잡이라도 해야할것 같은데 좋은 투잡 없을까요? 다단계같은거 말고 재택근무 같은거 없을까요? 퇴근하고 집에오면 집안살림에 아이들도 봐야하는데 뭐라도 해야할것 같은데 다 사기 같아서 안녕하세요...,https://kin.naver.com/qna/detail.naver?d1id=4&dirId=406&docId=239018686&qb=7Yis7J6h7Jy866GcIOyblOq4iQ==&enc=utf8,,0,4,0,2,2,False
투잡으로 월급,기타,투잡으로 알바를 하려고 합니다.,"안녕하세요 현재 본업은 4대보험이 들어가 있으며, 월급 세전 260입니다. 제가 투잡으로 아르바이트를 하려고 하는데 3.3% 세금떼고 월 100정도 될것 같습니다. 1. 연말정산 및 5월에 하는 정산시, 아르바이트 투잡하는것이 회사에...",https://kin.naver.com/qna/detail.naver?d1id=6&dirId=60804&docId=404558192&qb=7Yis7J6h7Jy866GcIOyblOq4iQ==&enc=utf8,,0,2,0,0,2,False
투잡으로 월급,기타,청년사업지원금으로 월급받는 데요~ 투잡 안 되나용?,... 청년사업지원금으로 인해 월급받아 안 되는 걸까요? 사장님께선 허락하셨는데 혹시 문제가 되면..저희 사장님이... 요즘 투잡은 필수시대죠 저도 투잡을 하고 있는어요 하루1시간 핸드폰으로 어디서든 할수 있는일이라...,https://kin.naver.com/qna/detail.naver?d1id=6&dirId=60804&docId=398106671&qb=7Yis7J6h7Jy866GcIOyblOq4iQ==&enc=utf8,,0,2,0,0,2,False
투잡으로 월급,기타,투잡 4대보험,"... 또한, 투잡을 하더라도 회사에서 주는 월급이나 혜택과 관련된 문제가 있다면, 해당 회사의 사내규정이나 근로계약서 등을 확인해야 합니다. 일하는 회사의 내규에 따라서 투잡을 하지 못하거나, 투잡으로 인한 근로시간 초과 등의...",https://kin.naver.com/qna/detail.naver?d1id=6&dirId=6100403&docId=445000318&qb=7Yis7J6h7Jy866GcIOyblOq4iQ==&enc=utf8,,0,2,0,0,2,False
투잡으로 월급,스마트스토어,월급 적은 직장인 투잡하고 싶습니다,"평일에 재택근무하고요 남는시간에 투잡좀 하려고 하는데 투잡 하려면 어케해야 되나요? 알바천국 들어가야 되나요??... 직장인들이 편하게 하기 좋은 투잡으로는 아무래도 앉아서 할 수 있는 쇼핑몰 마켓 운영이 있는데요, 그 중에서도...",https://kin.naver.com/qna/detail.naver?d1id=8&dirId=814&docId=390623300&qb=7Yis7J6h7Jy866GcIOyblOq4iQ==&enc=utf8,,0,6,0,0,6,False
투잡으로 월급,블로그,직장인 투잡 알바 할만한 게 있나요?,... 직장 월급으로 한달한달 버티기 힘드신분들 직장인 투잡으로 많이 찾으시더라구요 물론 저도 포함이었긴 하지만요 근데 막상 해보니 크게 어려운 것 없었구요 저도 블로그 보고 맨처음에 시작했었는데 나름 지금은 적응해서 끄떡없이...,https://kin.naver.com/qna/detail.naver?d1id=4&dirId=40611&docId=274317754&qb=7Yis7J6h7Jy866GcIOyblOq4iQ==&enc=utf8,,0,4,0,0,4,False
투잡으로 월급,기타,직장인 투잡 가능 여부.,... 선이 없다는 거에요~ 저도 사정상 직장인 투잡겸해서 알아보고 시작한 일인데 하루만에 한달 월급도 벌어보고 수입이 좋다보니 지금은 본업으로 하고 있네요 ㅎㅎ 아무것도 모르고 시작하셔도 업무관련한 부분은 초.보.지.원 시.스.템...,https://kin.naver.com/qna/detail.naver?d1id=4&dirId=40613&docId=404716041&qb=7Yis7J6h7Jy866GcIOyblOq4iQ==&enc=utf8,,0,2,0,0,2,False
투잡으로 월급,배달,배달 투잡에서 잠시 본업이 될 경우 건강보험료?,저는 건설근로자로 한 현장에서 일을 하면 약 6개월 정도하다 다른 현장으로 이동하는식으로 일을 하고 있습니다 일용직이나 월급으로 4대보험 떼고 임금을 받습니다 일을 하면서 투잡으로 배달일을 하는데요 이번에 현장이 잠시...,https://kin.naver.com/qna/detail.naver?d1id=6&dirId=6100401&docId=480011093&qb=7Yis7J6h7Jy866GcIOyblOq4iQ==&enc=utf8,,0,4,0,0,4,False
투잡으로 월급,기타,투잡 세금공제 어떻게 하는게 좋은건가요?,알바 투잡으로 사대보험이랑 3.3하나씩 들어가려고 합니다. 월급자체는 A사업장이 더 많고 B사업장이 월급이 조금 적은데 이경우에는 월급이 더 많은쪽으로 사대보험을 하는게 좋을까요? 아님 적은쪽으로 하는게 더 좋은건가요?...,https://kin.naver.com/qna/detail.naver?d1id=6&dirId=60802&docId=391104445&qb=7Yis7J6h7Jy866GcIOyblOq4iQ==&enc=utf8,,0,2,0,0,2,False
투잡으로 월급,배달,투잡관련 질문입니다,안녕하세요 기존 직장이 있고 월급은 250만원 받고 있습니다 제가 직장은 유지 해야하면서 배달알바로 투잡을 뛰려고 합니다 빚이 많아서요 평일에 퇴근 후 새벽까지 일하고 주말에도 가능하면 풀로 일해서 400만원 이상을...,https://kin.naver.com/qna/detail.naver?d1id=4&dirId=40703&docId=416284306&qb=7Yis7J6h7Jy866GcIOyblOq4iQ==&enc=utf8,,0,4,0,2,2,False
투잡으로 월급,기타,직장인 투잡시 비밀로 할수 있나요,제가 4대보험 되어있는 직장에 다니고 있는데 저녁에 투잡으로 알바를 하고있어요 회사에도 알바하는곳에도 말하지 않았는데 알바하는곳에서 이번에 처음으로 알바비를 받는데 세무서에 신고하고 월급을 준다고. 하더라구요 그래서...,https://kin.naver.com/qna/detail.naver?d1id=6&dirId=60222&docId=292099212&qb=7Yis7J6h7Jy866GcIOyblOq4iQ==&enc=utf8,,0,2,0,0,2,False
투잡으로 월급,기타,개인사업자와 프리랜서 투잡 세금,개인사업자와 프리랜서 투잡 세금 요즘은 월급만으로 생활을하며 지내기 빠듯하기때문에 많은 분들이 쉽게 투잡을 생각하시는데요. 그렇다고 무턱대고 투잡을 선택하시기에는 리스크가 있습니다. 투잡을 하기전 기본적으로 준비부터...,https://kin.naver.com/qna/detail.naver?d1id=4&dirId=40308&docId=345747486&qb=7Yis7J6h7Jy866GcIOyblOq4iQ==&enc=utf8,,0,2,0,0,2,False
투잡으로 월급,기타,공무원 투잡..?,... 저는 매장을 운영하면서도 투잡을 하고 있는데요 원래는 박스접기 이런 손부업을 알아보다가 컴퓨터만 있으면 가능하다는 투잡이 있어서 시작한지 6개월이 다되었네요.투잡으로 직원월급 2명분 이상은 받고 있어요. 이렇게 꾸준하게...,https://kin.naver.com/qna/detail.naver?d1id=4&dirId=40601&docId=296316956&qb=7Yis7J6h7Jy866GcIOyblOq4iQ==&enc=utf8,,0,4,0,0,4,False
투잡으로 월급,블로그,퇴근 후 직장인투잡알바,... (TV방송 및 증빙자료는 제블로그에 첨부해 두었어요) 편한시간에 편한곳에서 하루 2~3시간만 일하시면 되요.~ 저같은 경우는 투잡으로 5년 2개월째 한달또 빠짐없이 꼬박꼬박 월급 받으며 일해오고 있는 평범한...,https://kin.naver.com/qna/detail.naver?d1id=4&dirId=40611&docId=259728670&qb=7Yis7J6h7Jy866GcIOyblOq4iQ==&enc=utf8,,0,4,0,0,4,False
투잡으로 월급,기타,제가 투잡으로 대리운전 알아보고있는데,... 직장인 월급정도나 그이상 받을 수 있는 일을 소개해 드릴께요 요즘 코로나로 취업도 창업도 힘든 시기여서 집에서 돈버는 방법으로 앱테크나 재택부업 투잡 등을 많이 알아보고 하는데요 처음 시작할 때만 해도 이런일에 대해서...,https://kin.naver.com/qna/detail.naver?d1id=8&dirId=81208&docId=432362606&qb=7Yis7J6h7Jy866GcIOyblOq4iQ==&enc=utf8,,0,6,0,0,6,False
투잡으로 월급,기타,직장인 투잡 퇴근후에 어떤일이 가능할까요.,"... 직장월급만으론 딱 생활정도만 되는거같아서 무슨 재미가 없는거같네요 그래서, 직장인 투잡 좀 하면서 생활적으로 여유가 좀있었으면해서요. 아직은 젊은 나이라서 쓰리잡까지도 생각해보고 있습니다. 대리운전도 있던데 그 외...",https://kin.naver.com/qna/detail.naver?d1id=4&dirId=40613&docId=373060865&qb=7Yis7J6h7Jy866GcIOyblOq4iQ==&enc=utf8,,0,2,0,0,2,False
투잡으로 월급,기타,투잡을 뛸까요 아니면 롯데마트 하나만 일을할까...,... 롯데마트는 월급이 170이 넘구 굳이 투잡을 뛰지않아도됩니다 그리고 쿠우쿠우에서 일을 하게되면 월급이 120~130근처 왓다갓다할텐대 쿠우쿠우에서 일을하면 무조건 투잡을 뛸겁니다 그러면 보통 4시간 파트타임 알바가...,https://kin.naver.com/qna/detail.naver?d1id=6&dirId=60802&docId=324090516&qb=7Yis7J6h7Jy866GcIOyblOq4iQ==&enc=utf8,,0,2,0,0,2,False
투잡으로 월급,기타,일반 회사원 투잡으로 대리운전하려하는데,제목 그대로 일반 회사원인데 지금현재 육아휴직중입니다 고용센터에서 월급에 80프로 육아휴직비가 나오는데... 대리운전 투잡으로 80만원? 미만이면 회사에서 모른다고 하던데 ㅜㅜ 정확히 어떻게 되는건지 설명 부탁드려요 혹시...,https://kin.naver.com/qna/detail.naver?d1id=6&dirId=6080401&docId=450616428&qb=7Yis7J6h7Jy866GcIOyblOq4iQ==&enc=utf8,,0,2,0,0,2,False
투잡으로 월급,기타,부동산에서 부업이랑 투잡이랑 같은건가,... 2.그리고 부동산 직장인이 투잡하는거 불법인가요? 답변부탁드립니다 요즘은 월급만으로 생활을하며 지내기 빠듯하기때문에 많은 분들이 쉽게 투잡을 생각하시는데요. 그렇다고 무턱대고 투잡을 선택하시기에는 리스크가 있습니다....,https://kin.naver.com/qna/detail.naver?d1id=4&dirId=402&docId=344344036&qb=7Yis7J6h7Jy866GcIOyblOq4iQ==&enc=utf8,,0,4,0,0,4,False
투잡으로 월급,기타,투잡 찾고 있습니다,"... 싶어서 투잡으로 이일을 시작했고! 회사에서 조금, 퇴근후 집에서 조금 해서 하루 1~2시간 정도 일을 하고 있어요. 장소 시간 상관없이 아무때나 일할수 있어서 출퇴근할때나 가족여행 다니때도 틈틈히 벌고 있답니다~ 직장인 월급에...",https://kin.naver.com/qna/detail.naver?d1id=4&dirId=406&docId=430204394&qb=7Yis7J6h7Jy866GcIOyblOq4iQ==&enc=utf8,,0,2,0,0,2,False
투잡으로 월급,기타,투잡소득세신고,직장인이고 투잡으로 알바를하고있는데 직장은 회사에서하고 알바월급에서 세금을 떼서주시는데 5월되면 소득세신고 따로 해야되나요? 넵 합산해서 신고 하셔야합니다.,https://kin.naver.com/qna/detail.naver?d1id=4&dirId=40301&docId=473906784&qb=7Yis7J6h7Jy866GcIOyblOq4iQ==&enc=utf8,,0,2,0,0,2,False
투잡으로 월급,블로그,직장인투잡알바,... (TV방송 및 증빙자료는 제블로그에 첨부해 두었습니다) 편한시간에 편한곳에서 하루 2~3시간만 일하시면 됩니다.~ 저같은 경우는 투잡으로 6년 5개월째 한달또 빠짐없이 꼬박꼬박 월급 받으며 일해오고 있는 평범한 가정주부로 하루 2...,https://kin.naver.com/qna/detail.naver?d1id=4&dirId=40611&docId=273832566&qb=7Yis7J6h7Jy866GcIOyblOq4iQ==&enc=utf8,,0,4,0,0,4,False
투잡으로 월급,블로그,투잡질문드립니다,... (TV방송 및 증빙자료는 제블로그에 첨부해 두었어요) 편한시간에 편한곳에서 하루 2~3시간만 일하시면 되요.~ 저같은 경우는 투잡으로 6년 5개월째 한달또 빠짐없이 꼬박꼬박 월급 받으며 일해오고 있는 평범한...,https://kin.naver.com/qna/detail.naver?d1id=11&dirId=110411&docId=269641845&qb=7Yis7J6h7Jy866GcIOyblOq4iQ==&enc=utf8,,0,4,0,2,2,False
투잡으로 월급,기타,투잡 3.3퍼센트 공제로 받고 5월 종소세 신고시...,현재 다니는 직장은 연봉 3600이고 투잡으로 알바를 할곳은 월급 80만원정도입니다 직장은 4대보험이 가입되어있고 알바는 4대보험을 가입하지 않고 3.3퍼센트 매달 공제로 받을생각입니다 이경우 4대보험이 가입되어있는 직장은 회사에서...,https://kin.naver.com/qna/detail.naver?d1id=4&dirId=40301&docId=447683645&qb=7Yis7J6h7Jy866GcIOyblOq4iQ==&enc=utf8,,0,2,0,0,2,False
투잡으로 월급,기타,투잡 4대보험 이중가입가능한가요??,"... 고용보험, 건강보험, 산재보험, 국민연금을 가입한 경우 투잡으로 추가로 가입할 수 있는 것은 없습니다. 하지만 투잡 업무로 인해 주60시간을 넘기는 경우, 월급이 6000원 이상 (기준 2019년)일 때 이중가입이 가능합니다.",https://kin.naver.com/qna/detail.naver?d1id=6&dirId=60222&docId=434699555&qb=7Yis7J6h7Jy866GcIOyblOq4iQ==&enc=utf8,,0,2,0,0,2,False
투잡으로 월급,기타,투잡을하게되면 소득세랑 주민세가 발생,제가 투잡을알아보고있는데요 대리운전같은경우는 보험가입하면 신고가들어가고 그외알바같은경우는 소득세랑 주민세가 발생이되면 투잡을못하나요? 할수있는방법은업는건가요? 요즘은 월급만으로 생활을하며 지내기 빠듯하기때문에...,https://kin.naver.com/qna/detail.naver?d1id=1&dirId=113&docId=347035241&qb=7Yis7J6h7Jy866GcIOyblOq4iQ==&enc=utf8,,0,2,0,0,2,False
투잡으로 월급,기타,청내공 투잡 가능한가요.,"... 저역시도 본업과함께 투잡으로 일을하고있어요. 본업에 지장을 주지 않는선에서 자유롭게 일을하고있구요. 이런일을 한번도 해본적없이 시작을했지만 부수적인 수익금제외하고도 첫월급 2,018,000원으로 시작을했어요.",https://kin.naver.com/qna/detail.naver?d1id=4&dirId=40611&docId=337921073&qb=7Yis7J6h7Jy866GcIOyblOq4iQ==&enc=utf8,,0,4,0,0,4,False
투잡으로 월급,블로그,투잡하고싶어요~,... (TV방송 및 증빙자료는 제블로그에 첨부해 두었어요) 편한시간에 편한곳에서 하루 2~3시간만 일하시면 되요.~ 저같은 경우는 투잡으로 6년 5개월째 한달또 빠짐없이 꼬박꼬박 월급 받으며 일해오고 있는 평범한...,https://kin.naver.com/qna/detail.naver?d1id=8&dirId=814&docId=269775600&qb=7Yis7J6h7Jy866GcIOyblOq4iQ==&enc=utf8,,0,4,0,0,4,False
투잡으로 월급,배달,"투잡으로 건강보험료,국민연금 인상금액","... 두아이를 키우다보니 배달(배민,쿠팡)대행으로(3.3%프리랜서) 투잡을 하고있습니다.월(100~150만원)수익발생.... 직장가입자는 월급에서 보험료를 원천징수하여 사업장(회사)이 전체 근로자 및 사용자의 보험료를 공단에...",https://kin.naver.com/qna/detail.naver?d1id=6&dirId=6100401&docId=479175266&qb=7Yis7J6h7Jy866GcIOyblOq4iQ==&enc=utf8,,0,6,0,0,6,False
투잡으로 월급,기타,투잡연말정산,"... 요즘은 월급만으로 생활을하며 지내기 빠듯하기때문에 많은 분들이 쉽게 투잡을 생각하시는데요. 그렇다고 무턱대고 투잡을 선택하시기에는 리스크가 있습니다. 투잡을 하기전 기본적으로 준비부터 투잡 업종 선택, 투잡 계획...",https://kin.naver.com/qna/detail.naver?d1id=4&dirId=40305&docId=344987137&qb=7Yis7J6h7Jy866GcIOyblOq4iQ==&enc=utf8,,0,2,0,0,2,False
투잡으로 월급,기타,투잡 알바..둘중에 뭘 고를까요,09 - 18 사무실 근무 후 용돈벌이겸 투잡으로 집근처 알바를 두곳 알아봤는데 두곳 다 붙긴했습니다 1. 고깃집... 청소 등?) 시급 10000/주휴언급없었음 주 5일 8시 - 11시 3시간 느낌상 한적하고 사장님 좋아보이긴해요 시급이 짤뿐 월급...,https://kin.naver.com/qna/detail.naver?d1id=4&dirId=40611&docId=466942397&qb=7Yis7J6h7Jy866GcIOyblOq4iQ==&enc=utf8,,0,2,0,0,2,False
투잡으로 월급,기타,투잡으로 사업자등록을 했어요,월급이 너무 안올라서 투잡겸으로 해서 하려고 사업자 등록을 냈어요 4대보험이 안들어가는 곳이라서 사업자등록내고 신경안썼는데 소득신고는 어떻게 해야하나요?? 아직 간이사업이라 별로 벌어들이는것도 없긴한데.. 원래하던 일도...,https://kin.naver.com/qna/detail.naver?d1id=4&dirId=40306&docId=249944150&qb=7Yis7J6h7Jy866GcIOyblOq4iQ==&enc=utf8,,0,2,0,0,2,False
투잡으로 월급,기타,4대보험 투잡,기존 4대 보험 들어가는 직장 다니면서 투잡으로 또 4대보험 들어가는 곳에 취직하면 문제가 생기나요... 두 직장의 근로자로 소득이 발생하면 각 사업장별 보수월액을 기준으로 각각 월급에서 원천공제하여 납부하게 됩니다....,https://kin.naver.com/qna/detail.naver?d1id=6&dirId=6100401&docId=464802671&qb=7Yis7J6h7Jy866GcIOyblOq4iQ==&enc=utf8,,0,2,0,0,2,False
투잡으로 월급,기타,사대보험가입자가 투잡 알바신고,사대보험 직장 가입자가 투잡으로 일용직 신고을 하게되면 어떤문제가 되나요? 안녕하세요. 국민건강보험공단입니다. 건강보험 직장가입자의 경우 두 직장의 근로자로 소득이 발생하면 각 사업장별 보수월액을 기준으로 각각 월급에서...,https://kin.naver.com/qna/detail.naver?d1id=6&dirId=6100401&docId=437191661&qb=7Yis7J6h7Jy866GcIOyblOq4iQ==&enc=utf8,,0,2,0,0,2,False
투잡으로 월급,기타,투잡에 대한 궁굼증,투잡에 대한 궁굼증 안녕하세요 제가 투잡을 할려고 하는데 알바는 첨이고 참고로 수능끝난 고3이구요 2곳다 요일도 다 다르고 시간도 다 다른데 채용이 되서 투잡으로 뛸려는데 한곳은 자기네는 세무소에도 알바 월급주는것도 신고...,https://kin.naver.com/qna/detail.naver?d1id=4&dirId=40611&docId=316071459&qb=7Yis7J6h7Jy866GcIOyblOq4iQ==&enc=utf8,,0,2,0,0,2,False
투잡으로 월급,기타,4대보험 투잡 알바,... 투잡으로 일을 하지만 특별히 컴퓨터 앞에 앉을 시간이 없을때는 어플 활동만 할때도 있어요. 어플활동만 해도 월30만원~60만원은 충분히 벌수있어요. 이런일을 한번도 해본적없이 시작을했지만 부수적인 수익금제외하고도 첫월급 2...,https://kin.naver.com/qna/detail.naver?d1id=6&dirId=6080402&docId=405228861&qb=7Yis7J6h7Jy866GcIOyblOq4iQ==&enc=utf8,,0,4,0,0,4,False
투잡으로 월급,블로그,직장 다니면서 투잡하고싶은데 회사에서 알수 있나요?...,... (TV방송 및 증빙자료는 제블로그에 첨부해 두었습니다) 편한시간에 편한곳에서 하루 2~3시간만 일하시면 입니다.~ 저같은 경우는 투잡으로 6년 5개월째 한달또 빠짐없이 따박따박 월급 받으며 일해오고 있는 평범한 가정주부로 하루 2...,https://kin.naver.com/qna/detail.naver?d1id=4&dirId=406&docId=270980869&qb=7Yis7J6h7Jy866GcIOyblOq4iQ==&enc=utf8,,0,4,0,0,4,False
투잡으로 월급,기타,직장인 투잡,직장인 투잡 할만한거 있을까요ㅜㅜ 저도 투잡으로 이 일을 하고 있어요 많은분들이 투잡으로 하고 계십니다. 요즘 직장인들 고민 다 똑같을 겁니다. 죽어라 일 하는데 월급 들어오고 다음날 이것저것 다 빠져 나가면 통장에 남는건 없고...,https://kin.naver.com/qna/detail.naver?d1id=4&dirId=406&docId=279960072&qb=7Yis7J6h7Jy866GcIOyblOq4iQ==&enc=utf8,,0,2,0,0,2,False
투잡으로 월급,기타,"투잡, 프리랜서(3.3%)와 월급중에 종합소득세 덜내는것","안녕하세요 현재 간이사업자로 의류 브랜드 운영중인데요 고정적인 수입이 있어야할것 같아서 투잡 하려고합니다. 사업하고있을때 3.3% 떼는 원천징수가 나중에 세금낼때 더 좋을까요, 아니면 그냥 월급 받는게 나중에 종합소득세 낼때...",https://kin.naver.com/qna/detail.naver?d1id=4&dirId=40301&docId=411059096&qb=7Yis7J6h7Jy866GcIOyblOq4iQ==&enc=utf8,,0,2,0,0,2,False
투잡으로 월급,기타,투잡 세금신고방법,... 직장에서 월급에서 원천징수 할 듯 싶어요 3. 보통 회사에 연말정산 내가 따로 하겠다고하면 오케이해주나요? 회사에서 일괄적으로 진행하기 때문에 잘 안해 줄 것 같네요 제 답변이 도움이 되셨으면 좋겠네요 투잡 시 세금 걱정없는...,https://kin.naver.com/qna/detail.naver?d1id=4&dirId=40309&docId=412962514&qb=7Yis7J6h7Jy866GcIOyblOq4iQ==&enc=utf8,,0,2,0,0,2,False
투잡으로 월급,기타,직장인 투잡,"... 투잡을 하기에 앞서, 여러가지 잘 알아보셔야 하는데요. 안전한 회사인지, 월급은 제 때주는 곳인지.. 우선 제가 소속해있는 곳은 13년간 업계 1위를 유지하고 있는 공정위 등록 법인회사이구요. 포스팅 알바와 회원유치로 수익이...",https://kin.naver.com/qna/detail.naver?d1id=4&dirId=406&docId=266047163&qb=7Yis7J6h7Jy866GcIOyblOq4iQ==&enc=utf8,,0,4,0,0,4,False
투잡으로 월급,기타,근무시간에 투잡,"... 저역시도 본업과함께 투잡으로 일을하고있어요. 본업에 지장을 주지 않는선에서 자유롭게 일을하고있구요. 이런일을 한번도 해본적없이 시작을했지만 부수적인 수익금제외하고도 첫월급 2,018,000원으로 시작을했어요.",https://kin.naver.com/qna/detail.naver?d1id=6&dirId=60805&docId=339278562&qb=7Yis7J6h7Jy866GcIOyblOq4iQ==&enc=utf8,,0,4,0,0,4,False
투잡으로 월급,기타,개인사업자 투잡,... 요새 경기가 힘들어서 투잡을 하려고 합니다. 오전에 파트타임으로 일하려고 하는데 제가 개인사업자인 사실이... 이렇게 월급외수익 벌어가구 있구요~ +) 기본적으로 부업사기를 안당하시려면 공식사이트에서 사업자등록증...,https://kin.naver.com/qna/detail.naver?d1id=4&dirId=40306&docId=409848908&qb=7Yis7J6h7Jy866GcIOyblOq4iQ==&enc=utf8,,0,6,0,0,6,False
투잡으로 월급,기타,투잡으로 토요일만 알바하는데 4대보험가입을하나요?,"... 따라서 투잡으로 일을 하는 경우에도 4대보험에 가입해야 합니다. 월급통장으로 알바비를 받아도 무방하지만, 꼭 계약서에서 잘 명시해놓는 것이 좋습니다. 연말정산 시 근로소득이 적게 신고되면 세금 혜택을 받을 수 있으니...",https://kin.naver.com/qna/detail.naver?d1id=6&dirId=61004&docId=445647674&qb=7Yis7J6h7Jy866GcIOyblOq4iQ==&enc=utf8,,0,2,0,0,2,False
투잡으로 월급,기타,3.3%세금을 계약직 프리랜서 옷가게 투잡 세금신고,... 합니다 투잡일경우 종합소득세 신고할때 직장과 사업장으 소득을 합쳐진다고 들었는데 4대보험이 없고 3.3프로... 직원등록시 월급과 4대보험신청만해주면 되는 건가요? 1. 사업소득 발생 본인의 4대보험 발생 + 동생의 4대보험...,https://kin.naver.com/qna/detail.naver?d1id=4&dirId=40309&docId=370256252&qb=7Yis7J6h7Jy866GcIOyblOq4iQ==&enc=utf8,,0,2,0,0,2,False
투잡으로 월급,블로그,주부투잡으로 뭐가 좋을까요?,"주부투잡거리 찾고 있는데요. 오전중으로 업무가 마무리되고나면 시간이 많이 남다보니 너무 아깝드라구요.... 가 없기 때문에 컴맹인 저도 단, 하루만에 12○마넌이라는 큰 금액도 벌어보구요 블로그에 글쓰기 만으로도 직장인 월급...",https://kin.naver.com/qna/detail.naver?d1id=4&dirId=40613&docId=358749841&qb=7Yis7J6h7Jy866GcIOyblOq4iQ==&enc=utf8,,0,4,0,2,2,False
투잡으로 월급,기타,직장인투잡 괜찮은가요?,"... 요즘 직장 다니면서 회의감도 많이 들고, 월급으로 노후 준비가 전혀 안 될 것 같다는 생각이 자주 들어서요. 직장인투잡으로 아버지와 함께 창업하면 어떨까 하는 생각을 하고 있습니다. 그래서 아버지랑 같이 할 프랜차이즈 창업...",https://kin.naver.com/qna/detail.naver?d1id=4&dirId=407&docId=299952785&qb=7Yis7J6h7Jy866GcIOyblOq4iQ==&enc=utf8,,0,2,0,0,2,False
투잡으로 월급,기타,대리운전 투잡 요즘 경기 좋나요?,... 제가 물류 투잡으로 지금 일당7만5천원 받거든요. 안녕하세요~ 월급은 그대로인데 물가만 끊임없이 오르다보니... 요즘 직장인 투잡은 기본이 되었네요~ㅠㅠ 정말 우리나라처럼 국민들 일 많이 하는 나라도 없을 것 같네요ㅠㅠ 직장...,https://kin.naver.com/qna/detail.naver?d1id=6&dirId=61303&docId=245372001&qb=7Yis7J6h7Jy866GcIOyblOq4iQ==&enc=utf8,,0,2,0,0,2,False
투잡으로 월급,기타,보험사 투잡,"... 다른 일을 하면서 보험사에 투잡이 가능한지 여쭤봅니다. 가령 예를 들어서 마트나 주유소에서 일하면서... 각각의 회사별 장단점은 있지만 (근무환경이라던가 월급같은 부분들) 어차피 보험일을 하실 생각이라면, 생명보험사...",https://kin.naver.com/qna/detail.naver?d1id=4&dirId=40103&docId=352664009&qb=7Yis7J6h7Jy866GcIOyblOq4iQ==&enc=utf8,,0,2,0,0,2,False
투잡으로 월급,기타,공무원 투잡안되죠?,... 연봉이 5천~6~7천이면 이해는가는데 월급적게주고 투잡하지마라.. 부모가 재산많으면 이해함 부모 재산없으면 그냥 밥반먹는인생 개돼지 4대보험이 되지 않는 곳이라면 가능하세요 24시 계속 일하는게 아니기 때문에 제가 하고...,https://kin.naver.com/qna/detail.naver?d1id=6&dirId=61303&docId=301141991&qb=7Yis7J6h7Jy866GcIOyblOq4iQ==&enc=utf8,,0,2,0,0,2,False
투잡으로 월급,기타,투잡(내공),... 시급은 최저시급에 못미쳐서 투잡을 뛰게 되어도 월급이 300미만인데 그때도 근로 장려금은 계속 받을 수 잇는 건가요? 자세한 답변 부탁드립니다. 사회복지는 겸직 금지에요. 하지만 님의 하고 싶은대로 하셔도 됩니다. 회사 내 피해...,https://kin.naver.com/qna/detail.naver?d1id=4&dirId=406&docId=421909831&qb=7Yis7J6h7Jy866GcIOyblOq4iQ==&enc=utf8,,0,2,0,0,2,False
투잡으로 월급,기타,드림큐 투잡으로 괜츈??,... 하다보면 월급은 어디가고 없고 사고 싶은거 하고 싶은것도 많을 나이...부모님께 효도도 하고 싶은데...... 일을 다니고 있어서 직접 발로 뛰는 일을 하면 다음날 본업에 지장도 있을꺼 같아 직장인 투잡/ 재택알바 뭐 되는대로 검색을...,https://kin.naver.com/qna/detail.naver?d1id=4&dirId=40611&docId=191060944&qb=7Yis7J6h7Jy866GcIOyblOq4iQ==&enc=utf8,,0,4,0,0,4,False
투잡으로 월급,배달,배달대행 투잡,"... 요즘은 월급만으로 생활을하며 지내기 빠듯하기때문에 많은 분들이 쉽게 투잡을 생각하시는데요. 그렇다고 무턱대고 투잡을 선택하시기에는 리스크가 있습니다. 투잡을 하기전 기본적으로 준비부터 투잡 업종 선택, 투잡 계획 수립...",https://kin.naver.com/qna/detail.naver?d1id=4&dirId=40301&docId=344271111&qb=7Yis7J6h7Jy866GcIOyblOq4iQ==&enc=utf8,,0,4,0,0,4,False
투잡으로 월급,기타,직업군인 투잡 할수 있는게 뭐가있죠? 투잡 안되는것...,직업군인으로써 월급이 많지 않습니다. 그래서 주변에 여기저기 직업군인 신분으로도 투잡이나 부업을 하더라구요. 군인 투잡으로 무엇이 좋은지좀 알려주세요. 아래 글 보시면 가장 현실적이면서도 많이 하는 투잡...,https://kin.naver.com/qna/detail.naver?d1id=11&dirId=110704&docId=426443583&qb=7Yis7J6h7Jy866GcIOyblOq4iQ==&enc=utf8,,0,4,0,2,2,False
투잡으로 월급,기타,투잡알바 궁금한점 있어요,... 그래서 집에서하는 투잡을 알아보자하고 시작했구요 처음엔 아무것도 모르는 초보로 시작해서 걱정도 많이 했지만 시간이 점점 지나 일이 익숙해지고 자리 잡히기 시작하면서 직장 월급보다 더 낳아져서 본.업으로 뛰어 들었답니다...,https://kin.naver.com/qna/detail.naver?d1id=4&dirId=40611&docId=304092723&qb=7Yis7J6h7Jy866GcIOyblOq4iQ==&enc=utf8,,0,2,3,2,3,False
투잡으로 월급,블로그,부업 투잡 문자가왔어요,... 지금도 수천명이 주급/월급을 받아가며 일을 하고 있구요~ 컴터나 핸드폰만 있어도 간단하게 가능해서 20대~주부! 고령자까지 계세요! 대부분 투잡으로 하시구요~ 수익률이 좋아서 본업으로 하시는분들도 많이 계세요~! 블로그 글쓰기...,https://kin.naver.com/qna/detail.naver?d1id=4&dirId=40309&docId=372450286&qb=7Yis7J6h7Jy866GcIOyblOq4iQ==&enc=utf8,,0,8,0,0,8,False
투잡으로 월급,블로그,투잡할려는 대학생입니다..,... (TV방송 및 증빙자료는 제블로그에 첨부해 두었습니다) 편한시간에 편한곳에서 하루 2~3시간만 일하시면 됩니다.~ 저같은 경우는 투잡으로 6년 5개월째 한달또 빠짐없이 따박따박 월급 받으며 일해오고 있는 평범한 가정주부로 하루 2...,https://kin.naver.com/qna/detail.naver?d1id=4&dirId=40611&docId=271367865&qb=7Yis7J6h7Jy866GcIOyblOq4iQ==&enc=utf8,,0,4,0,0,4,False
투잡으로 월급,기타,개인회생 신청 후 투잡 관련,"... 직장인이고 월급은 세후 360만원 입니다. 대출로 350만원정도 빠져나가고, 핸드폰, 카드값, 기타 등등 투잡을 통해 억지로 꾸역꾸역 1년정도 연체 없이 버티고 있습니다. 이제 좀 지치네요 ㅎㅎㅎ 투잡으로 대략 월 150에서 200 많을...",https://kin.naver.com/qna/detail.naver?d1id=4&dirId=40106&docId=424817303&qb=7Yis7J6h7Jy866GcIOyblOq4iQ==&enc=utf8,,0,2,0,0,2,False
투잡으로 월급,기타,두루누리 지원받는중 투잡,... 두루누리 지원을 못받게 된다면 투잡하는것도 다시 고려해봐야할것같습니다ㅠㅠ ☆두루누리 지원을 받으면서 투잡을 할수있는 방법이 있을까요? 요즘은 월급만으로 생활을하며 지내기 빠듯하기때문에 많은 분들이 쉽게 투잡을...,https://kin.naver.com/qna/detail.naver?d1id=4&dirId=40301&docId=350713396&qb=7Yis7J6h7Jy866GcIOyblOq4iQ==&enc=utf8,,0,2,0,0,2,False
투잡으로 월급,기타,직장인 투잡,"... 저역시도 본업과함께 투잡으로 일을하고있어요. 본업에 지장을 주지 않는선에서 자유롭게 일을하고있구요. 이런일을 한번도 해본적없이 시작을했지만 부수적인 수익금제외하고도 첫월급 2,018,000원으로 시작을했어요.",https://kin.naver.com/qna/detail.naver?d1id=6&dirId=6100401&docId=351552342&qb=7Yis7J6h7Jy866GcIOyblOq4iQ==&enc=utf8,,0,4,0,0,4,False
투잡으로 월급,기타,안녕하세요 공기업 직원 투잡,"... 요즘은 월급만으로 생활을하며 지내기 빠듯하기때문에 많은 분들이 쉽게 투잡을 생각하시는데요. 그렇다고 무턱대고 투잡을 선택하시기에는 리스크가 있습니다. 투잡을 하기전 기본적으로 준비부터 투잡 업종 선택, 투잡 계획 수립...",https://kin.naver.com/qna/detail.naver?d1id=6&dirId=6100402&docId=347067772&qb=7Yis7J6h7Jy866GcIOyblOq4iQ==&enc=utf8,,0,2,0,0,2,False
투잡으로 월급,기타,직장인 투잡중에 하기 좋은 업종,... 달 월급도 벌어봤네요~ ㅎㅎ 무엇보다 이일의 큰 장점이 수익적인 부분에선 한.계.선이 없다는 거에요~ 저도 사정상 직장인 투잡겸해서 알아보고 시작한 일인데 수입이 좋다보니 지금은 본업으로 하고 있네요 ㅎㅎ 아무것도 모르고...,https://kin.naver.com/qna/detail.naver?d1id=4&dirId=40613&docId=408506427&qb=7Yis7J6h7Jy866GcIOyblOq4iQ==&enc=utf8,,0,4,0,0,4,False
투잡으로 월급,블로그,직장인 투잡알바 뭐하시나요?,... (TV방송 및 증빙자료는 제블로그에 첨부해 두었어요) 편한시간에 편한곳에서 하루 2~3시간만 일하시면 되요.~ 저같은 경우는 투잡으로 6년 5개월째 한달또 빠짐없이 꼬박꼬박 월급 받으며 일해오고 있는 평범한...,https://kin.naver.com/qna/detail.naver?d1id=4&dirId=40611&docId=270089686&qb=7Yis7J6h7Jy866GcIOyblOq4iQ==&enc=utf8,,0,4,0,0,4,False
투잡으로 월급,스마트스토어,스마트스토어 투잡 종합소득새 신고 방법,"... 요즘은 월급만으로 생활을하며 지내기 빠듯하기때문에 많은 분들이 쉽게 투잡을 생각하시는데요. 그렇다고 무턱대고 투잡을 선택하시기에는 리스크가 있습니다. 투잡을 하기전 기본적으로 준비부터 투잡 업종 선택, 투잡 계획 수립...",https://kin.naver.com/qna/detail.naver?d1id=4&dirId=40309&docId=358004451&qb=7Yis7J6h7Jy866GcIOyblOq4iQ==&enc=utf8,,0,4,0,0,4,False
투잡으로 월급,기타,개인회생 투잡,... 제가투잡을해야할것같아서요 편의점 알바인데요 시급제라 세금신고도안하고 사대보험도안되잖아요 지금직장이외에 소득이 있으면 안된다고하던데 서류에제출한 통장말고 다른 채무없는 통장을 새로개설해서 그쪽으로 월급을받...,https://kin.naver.com/qna/detail.naver?d1id=4&dirId=40106&docId=250604767&qb=7Yis7J6h7Jy866GcIOyblOq4iQ==&enc=utf8,,0,2,0,0,2,False
투잡으로 월급,기타,회사를 다니고 있는데 투잡으로 알바를 하려합니다,"... 사내 규정상 투잡 금지에 대한 회사들도 있어서 (월급외 사업소득 관련 규정) 아무리 일용직이라도 못하는 경우들도 있어요^^ 회사가 직원이 부업하는 걸 알 수 있는 방법은 근로소득(월급)과 근로외 소득(투잡, 사업 포함)이 국민연금...",https://kin.naver.com/qna/detail.naver?d1id=4&dirId=403&docId=445122054&qb=7Yis7J6h7Jy866GcIOyblOq4iQ==&enc=utf8,,0,4,0,0,4,False
투잡으로 월급,기타,초등학교 교사 투잡,초등학교 교사 투잡 가능한가요? 초등학교 교사 겸 작가요. 믿을수있는재택알바 지니슈는 재택알바로 돈 벌어서... 경제적으로는 점점 어려워지고 있어요 덕분에 퍼스트드림지니슈의 신랑월급도 동결....아....어찌살란말인지.. 돌봐야할...,https://kin.naver.com/qna/detail.naver?d1id=11&dirId=1102&docId=191554936&qb=7Yis7J6h7Jy866GcIOyblOq4iQ==&enc=utf8,,0,4,0,0,4,False
투잡으로 월급,기타,투잡시 근무시간 중복되도 되나요?,"... 저역시도 본업과함께 투잡으로 일을하고있어요. 본업에 지장을 주지 않는선에서 자유롭게 일을하고있구요. 이런일을 한번도 해본적없이 시작을했지만 부수적인 수익금제외하고도 첫월급 2,018,000원으로 시작을했어요.",https://kin.naver.com/qna/detail.naver?d1id=6&dirId=60805&docId=337583778&qb=7Yis7J6h7Jy866GcIOyblOq4iQ==&enc=utf8,,0,4,0,0,4,False
투잡으로 월급,기타,투잡 시에 회사에 들키지 않을려면,"... 직장 월급 300만 원 + 투잡 월급 300만 원 = 600만 원 > 상한액 503만 원 2. ""공단에서 회사로 통지""를 합니다.  소득/세액 공제자료에는 ""직장 소득 정보""만 들어가게 되어 있습니다. 투잡으로 소득을 버신 부분은...",https://kin.naver.com/qna/detail.naver?d1id=4&dirId=40301&docId=343861283&qb=7Yis7J6h7Jy866GcIOyblOq4iQ==&enc=utf8,,0,2,0,0,2,False
투잡으로 월급,기타,투잡에 관련하여,안녕하세요 40대후반의 주부겸 회사원인데 아들만 셋이고 사업실패로 인하여 더 벌어야만 하는 관계로 투잡에 관심이... 무엇보다 탄탄한 회사여야 월급이 제날짜에 딱딱! 나오겠지요~^^ 자신이 활동한 만큼 받는 100%성과제이며...,https://kin.naver.com/qna/detail.naver?d1id=4&dirId=406&docId=271912270&qb=7Yis7J6h7Jy866GcIOyblOq4iQ==&enc=utf8,,0,2,0,0,2,False
투잡으로 월급,기타,투잡 및 종합소득세,"... 요즘은 월급만으로 생활을하며 지내기 빠듯하기때문에 많은 분들이 쉽게 투잡을 생각하시는데요. 그렇다고 무턱대고 투잡을 선택하시기에는 리스크가 있습니다. 투잡을 하기전 기본적으로 준비부터 투잡 업종 선택, 투잡 계획 수립...",https://kin.naver.com/qna/detail.naver?d1id=4&dirId=40301&docId=350715682&qb=7Yis7J6h7Jy866GcIOyblOq4iQ==&enc=utf8,,0,2,0,0,2,False
투잡으로 월급,기타,천안.아산 투잡,"... 지금일하는거로는 먹고살기 조금 힘들어서 일끝나고 투잡을 하려는데 괜찮은일 이나 일거리 주실분 계시면... 이런일을 한번도 해본적없이 시작을했지만 부수적인 수익금제외하고도 첫월급 2,018,000원으로 시작을했어요.",https://kin.naver.com/qna/detail.naver?d1id=12&dirId=12130712&docId=338553617&qb=7Yis7J6h7Jy866GcIOyblOq4iQ==&enc=utf8,,0,4,0,0,4,False
투잡으로 월급,기타,법인사업자 대표 투잡,... 1.등본가져오라는 이유 2.법인사업자 대표 (급여소득 사대가입) 상황에 투잡가능한가요?? 요즘은 월급만으로 생활을하며 지내기 빠듯하기때문에 많은 분들이 쉽게 투잡을 생각하시는데요. 그렇다고 무턱대고 투잡을 선택하시기에는...,https://kin.naver.com/qna/detail.naver?d1id=11&dirId=110102&docId=352202041&qb=7Yis7J6h7Jy866GcIOyblOq4iQ==&enc=utf8,,0,2,0,0,2,False
투잡으로 월급,기타,투잡을뛰려고합니다,... 직장인투잡 알아보시나봐요 직장인 월급만으로 요즘 생활하기 넘 빠듯하잖아요 저도 워킹맘에서 조금이라도 보템이 더 될까해서 그렇게 이일을 시작하게 되었답니다 저도 투잡으로 시작해서 지금은 본업이 되었네요 제가 하고 있는...,https://kin.naver.com/qna/detail.naver?d1id=6&dirId=6080402&docId=336528592&qb=7Yis7J6h7Jy866GcIOyblOq4iQ==&enc=utf8,,0,2,0,0,2,False
투잡으로 월급,스마트스토어,주말투잡거리로 뭐 할거 있을까요,"주말투잡거리 찾고 있는데요. 평일에만 알바구하기가 조건이 안맞다보니 조금 까다로워지더라구요 그래서, 널널한... 직장인 월급 이상도 가능해요~ - 단순 폰터치만으로도 고.정.수.입 발생. - 간단한 댓글로 SNS 활동 - 의류 + 산삼 쇼핑몰...",https://kin.naver.com/qna/detail.naver?d1id=4&dirId=40611&docId=359037520&qb=7Yis7J6h7Jy866GcIOyblOq4iQ==&enc=utf8,,0,4,0,0,4,False
투잡으로 월급,기타,투잡으로 편의점 알바하고 있는데 4대보험...,투잡으로 편의점 알바하고 있는데 4대보험 가입안했으면 개인으로 종소세 신고만 하면 되는건가요? 그리고 4대보험 가입 안한상태로 월급 받으면 세금 몇 퍼 정도 빠지나요? 4대보험 가입안했으면 어떤걸로 신고했는지를 먼저...,https://kin.naver.com/qna/detail.naver?d1id=6&dirId=6100401&docId=447642281&qb=7Yis7J6h7Jy866GcIOyblOq4iQ==&enc=utf8,,0,2,0,0,2,False
투잡으로 월급,배달,쿠팡이츠 투잡,... 비대면시대 네트워크 마케팅 완벽한 투잡부업을 찾았어요. 하루 딱 1시간 투자해서 팀에서 알려주는대로만 따라하셔도 수당 지급 !!!!! 깜짝 놀랐습니다. 하루 1시간만 열심히 하신다면 6개월뒤 직장인 월급 부럽지 않게 받으실수...,https://kin.naver.com/qna/detail.naver?d1id=3&dirId=31505&docId=401473962&qb=7Yis7J6h7Jy866GcIOyblOq4iQ==&enc=utf8,,0,6,0,0,6,False
투잡으로 월급,블로그,심플투잡 믿을수있나요?,... (TV방송 및 증빙자료는 제블로그에 첨부해 두었습니다) 편한시간에 편한곳에서 하루 2~3시간만 일하시면 되구요.~ 저같은 경우는 투잡으로 6년 5개월째 한달또 빠짐없이 꼬박꼬박 월급 받으며 일해오고 있는 평범한 가정주부로 하루 2...,https://kin.naver.com/qna/detail.naver?d1id=4&dirId=40611&docId=273566279&qb=7Yis7J6h7Jy866GcIOyblOq4iQ==&enc=utf8,,0,4,0,0,4,False
투잡으로 월급,기타,투잡할때때,"A곳은 근로계약서 + 4대보험 가입 ㅇ , B곳은 근로계약서만 작성 (4대보험가입) 으로 말을 안하고 투잡 할 경우에 두곳에서 투잡한다는것을 알 수 있나요 ? 요즘은 월급만으로 생활을하며 지내기 빠듯하기때문에 많은 분들이 쉽게 투잡을...",https://kin.naver.com/qna/detail.naver?d1id=6&dirId=60802&docId=344714297&qb=7Yis7J6h7Jy866GcIOyblOq4iQ==&enc=utf8,,0,2,0,0,2,False
투잡으로 월급,기타,투잡사대보험,... 이럴경우에 제가 투잡을해서 사대보험가입시 1.고용보험은 이중취득이안된다고하던데 (주직장이월급이더많습니다) 투잡하는곳에서 사대보험신청시 주직장으로 연락이가거나하나요? 2.사대보험가입시 주직장에서 연락오거나...,https://kin.naver.com/qna/detail.naver?d1id=6&dirId=6080402&docId=233390044&qb=7Yis7J6h7Jy866GcIOyblOq4iQ==&enc=utf8,,0,2,0,0,2,False
투잡으로 월급,기타,투잡종합소득세 신고,... 부탁드립니다 요즘은 월급만으로 생활을하며 지내기 빠듯하기때문에 많은 분들이 쉽게 투잡을 생각하시는데요. 그렇다고 무턱대고 투잡을 선택하시기에는 리스크가 있습니다. 투잡을 하기전 기본적으로 준비부터 투잡 업종 선택...,https://kin.naver.com/qna/detail.naver?d1id=4&dirId=40305&docId=355210167&qb=7Yis7J6h7Jy866GcIOyblOq4iQ==&enc=utf8,,0,2,0,0,2,False
투잡으로 월급,기타,직장인 투잡 가능한가요?,... 저도 투잡 가능할까요? 요즘은 월급만으로 생활을하며 지내기 빠듯하기때문에 많은 분들이 쉽게 투잡을 생각하시는데요. 그렇다고 무턱대고 투잡을 선택하시기에는 리스크가 있습니다. 투잡을 하기전 기본적으로 준비부터 투잡 업종...,https://kin.naver.com/qna/detail.naver?d1id=11&dirId=110704&docId=351012126&qb=7Yis7J6h7Jy866GcIOyblOq4iQ==&enc=utf8,,0,2,0,0,2,False
투잡으로 월급,기타,직장인투잡 알아보고 있습니다.,... 직장인이신데 투잡거리 찾으시나봐요 제가 하고 있는 프리랜서 투잡은 어떠세요? 저도 직장다닐때 투.잡으로 시작해서 자리잡고 안정이 되면서 지금은 본업으로 전향했답니다 직장인 월급만으로 요즘 생활하기 넘 빠듯하잖아요 저도...,https://kin.naver.com/qna/detail.naver?d1id=6&dirId=6080401&docId=313996088&qb=7Yis7J6h7Jy866GcIOyblOq4iQ==&enc=utf8,,0,2,0,0,2,False
투잡으로 월급,기타,부업 금지조항 있는 기업에서 투잡,... 직장에서 모르게 투잡을 하실려면 투잡하는곳에 4대보험 가입없이 그냥 월급 달라고 하세요! 3.3% 세금 납부한다고 하세요! 4대보험 들어가는 직장에서는 연말정산때 근로소득으로 신고할꺼구요 투잡으로 벌은 소득은 5월에...,https://kin.naver.com/qna/detail.naver?d1id=6&dirId=6080402&docId=392030927&qb=7Yis7J6h7Jy866GcIOyblOq4iQ==&enc=utf8,,0,4,0,0,4,False
투잡으로 월급,기타,#라인빗 #부업 #제테크 #투잡 #MOON,"... 요즘은 월급만으로 생활을하며 지내기 빠듯하기때문에 많은 분들이 쉽게 투잡을 생각하시는데요. 그렇다고 무턱대고 투잡을 선택하시기에는 리스크가 있습니다. 투잡을 하기전 기본적으로 준비부터 투잡 업종 선택, 투잡 계획...",https://kin.naver.com/qna/detail.naver?d1id=4&dirId=406&docId=347579093&qb=7Yis7J6h7Jy866GcIOyblOq4iQ==&enc=utf8,,0,4,0,0,4,False
투잡으로 월급,기타,직장인투잡,4대보험 가입된 직장인 입니다 다름이 아니라 투잡으로 쿠팡 플렉스 배송 알바를 할려고 하는데 4대보험 가입은 안하고 원천징수 3.3프로 세금 떼고 급여를 줍니다 투잡하는데 있어서 문제 될까요? 요즘은 월급만으로 생활을하며 지내기...,https://kin.naver.com/qna/detail.naver?d1id=4&dirId=40611&docId=349410968&qb=7Yis7J6h7Jy866GcIOyblOq4iQ==&enc=utf8,,0,2,0,0,2,False
투잡으로 월급,스마트스토어,"투잡 근로자,사업자 세금신고?",투잡으로 스마트스토어 운영하고 있습니다. 여지껏 월급만 받고 했던지라 사업소득이 생기고나니 세금신고 고민이 생겼는데요. 본업은 여지껏 사모님이 알아서 해줘서 연말정산때나 자료다운받아서 드렸습니다. 지금은...,https://kin.naver.com/qna/detail.naver?d1id=4&dirId=40309&docId=429925837&qb=7Yis7J6h7Jy866GcIOyblOq4iQ==&enc=utf8,,0,4,0,0,4,False
투잡으로 월급,기타,중소기업 투잡,... 카페알바..투썸플레이스요 브랜드 카페 요즘은 월급만으로 생활을하며 지내기 빠듯하기때문에 많은 분들이 쉽게 투잡을 생각하시는데요. 그렇다고 무턱대고 투잡을 선택하시기에는 리스크가 있습니다. 투잡을 하기전 기본적으로...,https://kin.naver.com/qna/detail.naver?d1id=4&dirId=40611&docId=350610839&qb=7Yis7J6h7Jy866GcIOyblOq4iQ==&enc=utf8,,0,2,0,0,2,False
투잡으로 월급,블로그,직장인투잡.내공50드립니다,... (TV방송 및 증빙자료는 제블로그에 첨부해 두었어요) 편한시간에 편한곳에서 하루 2~3시간만 일하시면 되요.~ 저같은 경우는 투잡으로 5년 2개월째 한달또 빠짐없이 꼬박꼬박 월급 받으며 일해오고 있는 평범한...,https://kin.naver.com/qna/detail.naver?d1id=4&dirId=40611&docId=257847079&qb=7Yis7J6h7Jy866GcIOyblOq4iQ==&enc=utf8,,0,4,0,0,4,False
투잡으로 월급,블로그,개인회생 인가결정후 투잡,... (TV방송 및 증빙자료는 제블로그에 첨부해 두었어요) 편한시간에 편한곳에서 하루 2~3시간만 일하시면 되요.~ 저같은 경우는 투잡으로 6년 5개월째 한달또 빠짐없이 꼬박꼬박 월급 받으며 일해오고 있는 평범한 가정주부로 하루 2~3시간...,https://kin.naver.com/qna/detail.naver?d1id=6&dirId=60203&docId=275173366&qb=7Yis7J6h7Jy866GcIOyblOq4iQ==&enc=utf8,,0,4,0,0,4,False
투잡으로 월급,기타,투잡이 사람 잡네요,... 직장인투잡으로 많이들 하고 있답니다.^^ 아이키우는 주부님들은 집에서 원하는 시간에 자유롭게 시간투자하셔서 재택부업으로 하셔도 좋은 재택알바랍니다^^ 요즘 사실 월급만으로 한달 생활 꾸려나가기가 쉽진않잖아요?...,https://kin.naver.com/qna/detail.naver?d1id=6&dirId=61303&docId=174108714&qb=7Yis7J6h7Jy866GcIOyblOq4iQ==&enc=utf8,,0,8,0,0,8,False
투잡으로 월급,기타,간이과세자인데 투잡으로알바해서 3.3고용보험관련,간이과세자인데요 투잡으로 가게에서일하는데 월급받을때 고용보험3.3프로 때고 받았습니다 나중에 세금신고할때 세금관련되서 해야할게있나요? 모두 합산하여 종합소득세를 신고해야 합니다.,https://kin.naver.com/qna/detail.naver?d1id=4&dirId=40309&docId=469927697&qb=7Yis7J6h7Jy866GcIOyblOq4iQ==&enc=utf8,,0,2,0,0,2,False
투잡으로 월급,기타,투잡에 대해서,... 그리고 연말정산은 어떻게 해야하나요?ㅜㅜㅜ 요즘은 월급만으로 생활을하며 지내기 빠듯하기때문에 많은 분들이 쉽게 투잡을 생각하시는데요. 그렇다고 무턱대고 투잡을 선택하시기에는 리스크가 있습니다. 투잡을 하기전...,https://kin.naver.com/qna/detail.naver?d1id=6&dirId=60802&docId=351040672&qb=7Yis7J6h7Jy866GcIOyblOq4iQ==&enc=utf8,,0,2,0,0,2,False
투잡으로 월급,기타,"26살 돈 모으기, 투잡 진로 고민",... 이제 월급 180이고 학자대출금에다가 동생 등록금 대출 갚기 바쁩니다 사람들은 어떻게 돈을 모으죠... 아빠 안... 않을까 투잡 가능하지않을까 생각됩니다. 알바 뛰기는 몇년 못 할것 같아서요ㅠ 저는 결혼도 하고 가족들도 잘 지킬 수...,https://kin.naver.com/qna/detail.naver?d1id=4&dirId=406&docId=268676609&qb=7Yis7J6h7Jy866GcIOyblOq4iQ==&enc=utf8,,0,2,0,0,2,False
투잡으로 월급,기타,개인사업자인데투잡으로,"... 요즘은 월급만으로 생활을하며 지내기 빠듯하기때문에 많은 분들이 쉽게 투잡을 생각하시는데요. 그렇다고 무턱대고 투잡을 선택하시기에는 리스크가 있습니다. 투잡을 하기전 기본적으로 준비부터 투잡 업종 선택, 투잡 계획 수립...",https://kin.naver.com/qna/detail.naver?d1id=6&dirId=61004&docId=353516409&qb=7Yis7J6h7Jy866GcIOyblOq4iQ==&enc=utf8,,0,2,0,0,2,False
투잡으로 월급,기타,공익 투잡,"... 요즘은 월급만으로 생활을하며 지내기 빠듯하기때문에 많은 분들이 쉽게 투잡을 생각하시는데요. 그렇다고 무턱대고 투잡을 선택하시기에는 리스크가 있습니다. 투잡을 하기전 기본적으로 준비부터 투잡 업종 선택, 투잡 계획 수립...",https://kin.naver.com/qna/detail.naver?d1id=6&dirId=6030205&docId=353451977&qb=7Yis7J6h7Jy866GcIOyblOq4iQ==&enc=utf8,,0,2,0,0,2,False
투잡으로 월급,블로그,투잡으로 대리기사 시작하려면 어떻게 해야하나요?,... (TV방송 및 증빙자료는 제블로그에 첨부해 두었어요) 편한시간에 편한곳에서 하루 2~3시간만 일하시면 되요.~ 저같은 경우는 투잡으로 5년 2개월째 한달또 빠짐없이 꼬박꼬박 월급 받으며 일해오고 있는 평범한...,https://kin.naver.com/qna/detail.naver?d1id=8&dirId=811&docId=256817421&qb=7Yis7J6h7Jy866GcIOyblOq4iQ==&enc=utf8,,0,4,0,0,4,False
투잡으로 월급,기타,프리랜서 투잡질문.,"... 안녕하세요. 저역시도 본업과함께 투잡으로 일을하고있어요. 본업에 지장을 주지 않는선에서 자유롭게 일을하고있구요. 이런일을 한번도 해본적없이 시작을했지만 부수적인 수익금제외하고도 첫월급 2,018,000원으로 시작을했어요.",https://kin.naver.com/qna/detail.naver?d1id=5&dirId=5030102&docId=345028948&qb=7Yis7J6h7Jy866GcIOyblOq4iQ==&enc=utf8,,0,4,0,2,2,False
투잡으로 월급,기타,코로나 프리랜서 지원금투잡,"... 그리고 투잡으로 다니던 알바20~30만원 찍혀있고, 20년 3월에는 체육관월급x 알바x 인데 코로나때매 계속쉬게되어서 잠깐 물류센터알바를 나가는바람에 4월에 물류센터에서들어온 130만원정도, 체육관월급...",https://kin.naver.com/qna/detail.naver?d1id=1&dirId=113&docId=358550840&qb=7Yis7J6h7Jy866GcIOyblOq4iQ==&enc=utf8,,0,2,0,0,2,False
투잡으로 월급,기타,공무원 투잡,"... 요즘은 월급만으로 생활을하며 지내기 빠듯하기때문에 많은 분들이 쉽게 투잡을 생각하시는데요. 그렇다고 무턱대고 투잡을 선택하시기에는 리스크가 있습니다. 투잡을 하기전 기본적으로 준비부터 투잡 업종 선택, 투잡 계획 수립...",https://kin.naver.com/qna/detail.naver?d1id=4&dirId=40601&docId=347200309&qb=7Yis7J6h7Jy866GcIOyblOq4iQ==&enc=utf8,,0,2,0,0,2,False
투잡으로 월급,기타,유치원교사 투잡,... 수익이 있어서 종합소득세신고를 해야 하는데 지장이 있는지 궁금합니다 요즘은 월급만으로 생활을하며 지내기 빠듯하기때문에 많은 분들이 쉽게 투잡을 생각하시는데요. 그렇다고 무턱대고 투잡을 선택하시기에는 리스크가...,https://kin.naver.com/qna/detail.naver?d1id=11&dirId=110102&docId=350098784&qb=7Yis7J6h7Jy866GcIOyblOq4iQ==&enc=utf8,,0,4,0,2,2,False
투잡으로 월급,기타,일용직 투잡으로 할때 소득세 문제 없,... 재택알바 투잡은 어떠신가요?? 저도 직장다닐때 투.잡으로 시작해서 지금은 본업으로 전향했답니다 직장인 월급만으로 요즘 생활하기 넘 빠듯하잖아요 저도 워킹맘에서 조금이라도 보템이 더 될까해서 그렇게 이일을 시작하게...,https://kin.naver.com/qna/detail.naver?d1id=4&dirId=40301&docId=305020248&qb=7Yis7J6h7Jy866GcIOyblOq4iQ==&enc=utf8,,0,4,0,0,4,False
투잡으로 월급,기타,코레일 직원들 투잡 못하나요?,코레일 직원들 일반공무원처럼 투잡 안되나요? 지금은 공무원으로 분류 안되지 않나요?? 요즘은 월급만으로 생활을하며 지내기 빠듯하기때문에 많은 분들이 쉽게 투잡을 생각하시는데요. 그렇다고 무턱대고 투잡을 선택하시기에는...,https://kin.naver.com/qna/detail.naver?d1id=4&dirId=406&docId=353830564&qb=7Yis7J6h7Jy866GcIOyblOq4iQ==&enc=utf8,,0,2,0,0,2,False
투잡으로 월급,기타,투잡 실업급여,"투잡 실업급여 요즘은 월급만으로 생활을하며 지내기 빠듯하기때문에 많은 분들이 쉽게 투잡을 생각하시는데요. 그렇다고 무턱대고 투잡을 선택하시기에는 리스크가 있습니다. 투잡을 하기전 기본적으로 준비부터 투잡 업종 선택, 투잡...",https://kin.naver.com/qna/detail.naver?d1id=6&dirId=6080402&docId=349625804&qb=7Yis7J6h7Jy866GcIOyblOq4iQ==&enc=utf8,,0,2,0,0,2,False
투잡으로 월급,기타,편집디자인 투잡,주5일근무 칼퇴 가능한 직장에서 일하면서 밤에 편집디자인 프리로 투잡이 가능할까요? 해보신 분 계신가요? 회사와... 높은월급과 연봉을 받으시고 있는 곳이구요 이 일 또한 프리랜서라고도 볼 수 있어 본인이 하는만큼 벌어가는...,https://kin.naver.com/qna/detail.naver?d1id=3&dirId=313&docId=248041235&qb=7Yis7J6h7Jy866GcIOyblOq4iQ==&enc=utf8,,0,2,0,0,2,False
투잡으로 월급,기타,육아단축근무중에 투잡으로인한소득,"... 답변해주시면 정말감사하겠습니다 ㅜ 회사에서 투잡하는지의 정보는 확인은 어렵지만, 회사 규정 상 이중 취업이 가능한지 확인을 해보셔야할것같네요~ 만약 소득이 발생하게 되면 각각 월급에서 원천공제하여 납부하게...",https://kin.naver.com/qna/detail.naver?d1id=6&dirId=60802&docId=408016242&qb=7Yis7J6h7Jy866GcIOyblOq4iQ==&enc=utf8,,0,2,0,0,2,False
투잡으로 월급,기타,투잡하는걸 회사에서 알 수 있나요?,"... 직장 월급 300만 원 + 투잡 월급 300만 원 = 600만 원 > 상한액 503만 원 2. ""공단에서 회사로 통지""를 합니다.  소득/세액 공제자료에는 ""직장 소득 정보""만 들어가게 되어 있습니다. 투잡으로 소득을 버신 부분은...",https://kin.naver.com/qna/detail.naver?d1id=6&dirId=6100401&docId=359378004&qb=7Yis7J6h7Jy866GcIOyblOq4iQ==&enc=utf8,,0,2,0,0,2,False
투잡으로 월급,블로그,투잡 같은거 뭐가좋을까요?,... (TV방송 및 증빙자료는 제블로그에 첨부해 두었어요) 편한시간에 편한곳에서 하루 2~3시간만 일하시면 되요.~ 저같은 경우는 투잡으로 6년 5개월째 한달또 빠짐없이 꼬박꼬박 월급 받으며 일해오고 있는 평범한 가정주부로 하루 2~3시간...,https://kin.naver.com/qna/detail.naver?d1id=8&dirId=813&docId=270890718&qb=7Yis7J6h7Jy866GcIOyblOq4iQ==&enc=utf8,,0,4,0,0,4,False
투잡으로 월급,블로그,20대직장인 투잡,... (TV방송 및 증빙자료는 제블로그에 첨부해 두었습니다) 편한시간에 편한곳에서 하루 2~3시간만 일하시면 되구요.~ 저같은 경우는 투잡으로 6년 5개월째 한달또 빠짐없이 꼬박꼬박 월급 받으며 일해오고 있는 평범한 가정주부로 하루 2...,https://kin.naver.com/qna/detail.naver?d1id=8&dirId=814&docId=274316888&qb=7Yis7J6h7Jy866GcIOyblOq4iQ==&enc=utf8,,0,4,0,0,4,False
투잡으로 월급,기타,투잡 으로 하기 좋은 일이 뭐가 있을까요?,"... 참고로 저는 회사를 다니면서 투잡으로 이 일을 2년째 하고있는 쌍둥이아빠이구요, 회사월급에 투잡 수익으로 예전보다는 생활에 여유가 생겼습니다. 네이버에서 를 치시면 되구요, 아래의 네임카드를...",https://kin.naver.com/qna/detail.naver?d1id=4&dirId=40611&docId=197432594&qb=7Yis7J6h7Jy866GcIOyblOq4iQ==&enc=utf8,,0,4,0,0,4,False
투잡으로 월급,블로그,알바 투잡 관련,... (TV방송 및 증빙자료는 제블로그에 첨부해 두었습니다) 편한시간에 편한곳에서 하루 2~3시간만 일하시면 되구요.~ 저같은 경우는 투잡으로 6년 5개월째 한달또 빠짐없이 꼬박꼬박 월급 받으며 일해오고 있는 평범한 가정주부로 하루 2...,https://kin.naver.com/qna/detail.naver?d1id=6&dirId=6010104&docId=273116998&qb=7Yis7J6h7Jy866GcIOyblOq4iQ==&enc=utf8,,0,4,0,0,4,False
투잡으로 월급,블로그,쉬운알바 (투잡),... (TV방송 및 증빙자료는 제블로그에 첨부해 두었어요) 편한시간에 편한곳에서 하루 2~3시간만 일하시면 되요.~ 저같은 경우는 투잡으로 5년 2개월째 한달또 빠짐없이 꼬박꼬박 월급 받으며 일해오고 있는 평범한 가정주부로 하루 2~3시간...,https://kin.naver.com/qna/detail.naver?d1id=4&dirId=40611&docId=252149752&qb=7Yis7J6h7Jy866GcIOyblOq4iQ==&enc=utf8,,0,4,0,0,4,False
투잡으로 월급,기타,투잡 불가 회사 사업자등록 가능한가요,"... 요즘은 월급만으로 생활을하며 지내기 빠듯하기때문에 많은 분들이 쉽게 투잡을 생각하시는데요. 그렇다고 무턱대고 투잡을 선택하시기에는 리스크가 있습니다. 투잡을 하기전 기본적으로 준비부터 투잡 업종 선택, 투잡 계획 수립...",https://kin.naver.com/qna/detail.naver?d1id=4&dirId=40701&docId=358836593&qb=7Yis7J6h7Jy866GcIOyblOq4iQ==&enc=utf8,,0,2,0,0,2,False
투잡으로 월급,블로그,제가 투잡을 하려고하는데요,... (TV방송 및 증빙자료는 제블로그에 첨부해 두었습니다) 편한시간에 편한곳에서 하루 2~3시간만 일하시면 됩니다.~ 저같은 경우는 투잡으로 6년 5개월째 한달또 빠짐없이 따박따박 월급 받으며 일해오고 있는 평범한 가정주부로 하루 2...,https://kin.naver.com/qna/detail.naver?d1id=4&dirId=40611&docId=271693031&qb=7Yis7J6h7Jy866GcIOyblOq4iQ==&enc=utf8,,0,4,0,0,4,False
투잡으로 월급,기타,투잡 월 소득액,"... 아니면 상여금하고 성과금은 따로 인지 알고싶습니다 ( 월급+ 사업소득 ) (성과금 ) (월급 + 성과금,상여금+ 사업소득 ) 투잡 소득은 월급 사업소득 성과금 상여금 모두 포함돼요 따라서 590만원 넘을 수 있어요!",https://kin.naver.com/qna/detail.naver?d1id=6&dirId=6080401&docId=487757761&qb=7Yis7J6h7Jy866GcIOyblOq4iQ==&enc=utf8,,0,2,0,0,2,False
투잡으로 월급,기타,"직장인들이 할수 있는 투잡, 창업 뭐 있을까요?",... #직장인투잡 #소자본창업 #무인창업 요즘은 월급만으로 생활을하며 지내기 빠듯하기때문에 많은 분들이 쉽게 투잡을 생각하시는데요. 그렇다고 무턱대고 투잡을 선택하시기에는 리스크가 있습니다. 투잡을 하기전 기본적으로...,https://kin.naver.com/qna/detail.naver?d1id=4&dirId=40703&docId=354270441&qb=7Yis7J6h7Jy866GcIOyblOq4iQ==&enc=utf8,,0,2,0,0,2,False
투잡으로 월급,배달,투잡 불가 회사다니면서 배달대행,... 계속 투잡을 하실 경우 일은 본인이 하시고 급여를 가족명의로 받으시면 문제가 되지 않습니다. 직장인 월급만으로 요즘 생활하기 넘 빠듯하잖아요 저도 워킹맘에서 조금이라도 보템이 더 될까해서 그렇게 이일을 시작하게...,https://kin.naver.com/qna/detail.naver?d1id=6&dirId=608&docId=345777682&qb=7Yis7J6h7Jy866GcIOyblOq4iQ==&enc=utf8,,0,4,0,0,4,False
투잡으로 월급,블로그,알바 투잡에 대해,... (TV방송 및 증빙자료는 제블로그에 첨부해 두었습니다) 편한시간에 편한곳에서 하루 2~3시간만 일하시면 됩니다.~ 저같은 경우는 투잡으로 6년 5개월째 한달또 빠짐없이 따박따박 월급 받으며 일해오고 있는 평범한 가정주부로 하루 2...,https://kin.naver.com/qna/detail.naver?d1id=4&dirId=406&docId=274083465&qb=7Yis7J6h7Jy866GcIOyblOq4iQ==&enc=utf8,,0,4,0,0,4,False
투잡으로 월급,블로그,투잡하려면,... (TV방송 및 증빙자료는 제블로그에 첨부해 두었어요) 편한시간에 편한곳에서 하루 2~3시간만 일하시면 되요.~ 저같은 경우는 투잡으로 5년 2개월째 한달또 빠짐없이 꼬박꼬박 월급 받으며 일해오고 있는 평범한...,https://kin.naver.com/qna/detail.naver?d1id=4&dirId=406&docId=252498698&qb=7Yis7J6h7Jy866GcIOyblOq4iQ==&enc=utf8,,0,4,0,0,4,False
투잡으로 월급,기타,직장인 투잡 (창업) 간이사업자,"... 요즘은 월급만으로 생활을하며 지내기 빠듯하기때문에 많은 분들이 쉽게 투잡을 생각하시는데요. 그렇다고 무턱대고 투잡을 선택하시기에는 리스크가 있습니다. 투잡을 하기전 기본적으로 준비부터 투잡 업종 선택, 투잡 계획 수립...",https://kin.naver.com/qna/detail.naver?d1id=4&dirId=40607&docId=350508866&qb=7Yis7J6h7Jy866GcIOyblOq4iQ==&enc=utf8,,0,2,0,0,2,False
투잡으로 월급,기타,마이셀즈 투잡으로 해도 되나요?,... 만약 투잡으로도 괜찮다고 하고 일에 대해서도 어느정도 파악이 되면 저도 시작해보고 싶은 마음이에요 저도 직장인이라 그 마음 잘 안답니다 ㅠㅠ 직장 월급으로는 내 씀씀이 전부 감당이 힘들고 카드대금이랑 대출금 갚고나면 월급...,https://kin.naver.com/qna/detail.naver?d1id=4&dirId=40611&docId=407923605&qb=7Yis7J6h7Jy866GcIOyblOq4iQ==&enc=utf8,,0,2,0,0,2,False
투잡으로 월급,기타,투잡뛰면 짤리나요?,... 재택알바를 투잡으로 햇님반짝 내 인생을 그려나고 있는 열정 가득한 시골아가씨 꿀초이입니다^^ 제 경험담으로 도움이 되시길 되셧으면 좋겟어요 저는 직장은 다니고 있지만 늘 빠듯한 월급봉투에... 집에서 할 수 있는 부업.....,https://kin.naver.com/qna/detail.naver?d1id=4&dirId=40611&docId=199348820&qb=7Yis7J6h7Jy866GcIOyblOq4iQ==&enc=utf8,,0,6,0,0,6,False
투잡으로 월급,기타,투잡 소득 신고 하는 방법,... 신고시 세금은 어느 정도일지 3.직장 4대 보험료와 관계 없는지등을 알고 싶습니다 요즘은 월급만으로 생활을하며 지내기 빠듯하기때문에 많은 분들이 쉽게 투잡을 생각하시는데요. 그렇다고 무턱대고 투잡을 선택하시기에는...,https://kin.naver.com/qna/detail.naver?d1id=4&dirId=40304&docId=357752878&qb=7Yis7J6h7Jy866GcIOyblOq4iQ==&enc=utf8,,0,2,0,0,2,False
투잡으로 월급,기타,투잡으로 개인사업하면 세금은 어떻게 되나요???,... 세율이 더 올라가는지 월급이랑 함께 묶여서 떼이는지 아니면 따로 세금이 나가는지 자세히 알려주시면 정말 감사하겠습니다. 직장의 본직장 + 투잡의 소득이 합산이되기때문에 추가되는 소득의 세율이 높아집니다. 다만 그 높아짐...,https://kin.naver.com/qna/detail.naver?d1id=4&dirId=40309&docId=416243527&qb=7Yis7J6h7Jy866GcIOyblOq4iQ==&enc=utf8,,0,2,0,0,2,False
투잡으로 월급,블로그,신용카드 영업 투잡!!,... (TV방송 및 증빙자료는 제블로그에 첨부해 두었어요) 편한시간에 편한곳에서 하루 2~3시간만 일하시면 되요.~ 저같은 경우는 투잡으로 5년 2개월째 한달또 빠짐없이 꼬박꼬박 월급 받으며 일해오고 있는 평범한 가정주부로 하루 2~3시간...,https://kin.naver.com/qna/detail.naver?d1id=4&dirId=40104&docId=252197263&qb=7Yis7J6h7Jy866GcIOyblOq4iQ==&enc=utf8,,0,4,0,0,4,False
투잡으로 월급,기타,직장인투잡,"... 요즘은 월급만으로 생활을하며 지내기 빠듯하기때문에 많은 분들이 쉽게 투잡을 생각하시는데요. 그렇다고 무턱대고 투잡을 선택하시기에는 리스크가 있습니다. 투잡을 하기전 기본적으로 준비부터 투잡 업종 선택, 투잡 계획 수립...",https://kin.naver.com/qna/detail.naver?d1id=4&dirId=40611&docId=350157341&qb=7Yis7J6h7Jy866GcIOyblOq4iQ==&enc=utf8,,0,2,0,0,2,False
투잡으로 월급,기타,직장인 투잡 프리랜서 사업소득 세금 어떻게 되나요?,... 한달에 50만원정도 식비 교통비 등등 카드값나오고요 월급은 세전 247 프리랜서 투잡소득은 90만원~120만원 정도에요. 120이라치면 한달에 350정도인데 종합소득세 신고할때 350만원 1년하면 4200만원인데 여기서 종합소득세 구간...,https://kin.naver.com/qna/detail.naver?d1id=4&dirId=40301&docId=460445235&qb=7Yis7J6h7Jy866GcIOyblOq4iQ==&enc=utf8,,0,2,0,0,2,False
투잡으로 월급,블로그,공무원 투잡?,... (TV방송 및 증빙자료는 제블로그에 첨부해 두었어요) 편한시간에 편한곳에서 하루 2~3시간만 일하시면 되요.~ 저같은 경우는 투잡으로 5년 2개월째 한달또 빠짐없이 꼬박꼬박 월급 받으며 일해오고 있는 평범한...,https://kin.naver.com/qna/detail.naver?d1id=4&dirId=40601&docId=256904764&qb=7Yis7J6h7Jy866GcIOyblOq4iQ==&enc=utf8,,0,4,0,0,4,False
투잡으로 월급,기타,라이프톡 직장인 투잡,"... 요즘은 월급만으로 생활을하며 지내기 빠듯하기때문에 많은 분들이 쉽게 투잡을 생각하시는데요. 그렇다고 무턱대고 투잡을 선택하시기에는 리스크가 있습니다. 투잡을 하기전 기본적으로 준비부터 투잡 업종 선택, 투잡 계획 수립...",https://kin.naver.com/qna/detail.naver?d1id=4&dirId=40611&docId=350565422&qb=7Yis7J6h7Jy866GcIOyblOq4iQ==&enc=utf8,,0,2,0,0,2,False
투잡으로 월급,기타,직장인투잡 헬로드림,안녕하세요 헬로드림 초보입니다 투잡이라 포스팅도 시간이 매번 안맞아 검색을 두시간이상 기다리는동안 매번... 무엇보다 탄탄한 회사여야 월급이 제날짜에 딱딱! 나오겠지요~^^ 자신이 활동한 만큼 받는 100%성과제이며 노력여부에...,https://kin.naver.com/qna/detail.naver?d1id=4&dirId=40401&docId=286627906&qb=7Yis7J6h7Jy866GcIOyblOq4iQ==&enc=utf8,,0,2,0,0,2,False
투잡으로 월급,기타,직장 끝나고 투잡을 하고 싶습니다 월,직장 끝나고 투잡을 하고 싶습니다 월~목요일까지 가능한데 집에서 할 수 있는 업무를 하고 싶어요 헬로우드림 가입도... 직장인 월급만큼은 벌고 있습니다 여자분들 이라면 아시겠지만 직장나가서 버시면 많이 받아야 150~180만원 잘...,https://kin.naver.com/qna/detail.naver?d1id=4&dirId=40613&docId=302019763&qb=7Yis7J6h7Jy866GcIOyblOq4iQ==&enc=utf8,,0,2,0,0,2,False
투잡으로 월급,기타,아프리카 TV 투잡해도 되나요?,... 투잡으로 아프리카 tv 방송을 할까 하는데 법적으로 문제가 있거나 하면 안되는건 아닐까 해서요 ㅠ 투잡으로 하면... 주는 월급으로 살아가기 힘들고 직장 상사에게 스트레스 받으면서 힘들게 살아왔습니다. '나도 로또나 당첨되서...,https://kin.naver.com/qna/detail.naver?d1id=1&dirId=10902&docId=332433869&qb=7Yis7J6h7Jy866GcIOyblOq4iQ==&enc=utf8,,0,2,0,0,2,False
투잡으로 월급,기타,재직중 투잡,"... 팀 투잡으로 팀에서 모두 알려 주어 초보도 하실 수 있습니다 저의 경우 컴맹, 폰맹이라... 처음 3주는 수입이 없었고 4주차 부터 수당을 받을 수 있었으며 6개월이 지난 지금은 일반 기업의 대리급 월급 정도를 받고 있습니다 자세한...",https://kin.naver.com/qna/detail.naver?d1id=6&dirId=60802&docId=407005824&qb=7Yis7J6h7Jy866GcIOyblOq4iQ==&enc=utf8,,0,2,0,0,2,False
투잡으로 월급,기타,"직장인투잡 알아보고 있어요,,,ㅠ",... 직장인분들 투잡하시는 분들 어떤게 조을까요?? 요즘은 월급만으로 생활을하며 지내기 빠듯하기때문에 많은 분들이 쉽게 투잡을 생각하시는데요. 그렇다고 무턱대고 투잡을 선택하시기에는 리스크가 있습니다. 투잡을 하기전...,https://kin.naver.com/qna/detail.naver?d1id=3&dirId=3031003&docId=345298470&qb=7Yis7J6h7Jy866GcIOyblOq4iQ==&enc=utf8,,0,2,0,0,2,False
투잡으로 월급,기타,직장인 투잡 4대보험,"... 마찬가지로 월급만으로는 힘들어서 투잡으로 시작했어요~(이 일은 투잡, 쓰리잡 다 가능해요) 저도 쿠팡이나 배민알아보다가 이 일이 첫 부업인데 다른 부업 경력 있으신 분들 얘기 들어보면 부업하려다가 금전적 손해보신 분들도...",https://kin.naver.com/qna/detail.naver?d1id=6&dirId=60802&docId=412638847&qb=7Yis7J6h7Jy866GcIOyblOq4iQ==&enc=utf8,,0,4,0,0,4,False
투잡으로 월급,블로그,직장인 투잡,... (TV방송 및 증빙자료는 제블로그에 첨부해 두었어요) 편한시간에 편한곳에서 하루 2~3시간만 일하시면 되요.~ 저같은 경우는 투잡으로 5년 2개월째 한달또 빠짐없이 꼬박꼬박 월급 받으며 일해오고 있는 평범한 가정주부로 하루 2~3시간...,https://kin.naver.com/qna/detail.naver?d1id=4&dirId=406&docId=252098489&qb=7Yis7J6h7Jy866GcIOyblOq4iQ==&enc=utf8,,0,4,0,0,4,False
투잡으로 월급,블로그,커뮤 투잡이 뭔가요,... (TV방송 및 증빙자료는 제블로그에 첨부해 두었어요) 편한시간에 편한곳에서 하루 2~3시간만 일하시면 되요.~ 저같은 경우는 투잡으로 5년 2개월째 한달또 빠짐없이 꼬박꼬박 월급 받으며 일해오고 있는 평범한...,https://kin.naver.com/qna/detail.naver?d1id=1&dirId=10604&docId=259796229&qb=7Yis7J6h7Jy866GcIOyblOq4iQ==&enc=utf8,,0,4,0,0,4,False
투잡으로 월급,블로그,대학교직원이 투잡하는거,... (TV방송 및 증빙자료는 제블로그에 첨부해 두었습니다) 편한시간에 편한곳에서 하루 2~3시간만 일하시면 됩니다.~ 저같은 경우는 투잡으로 6년 5개월째 한달또 빠짐없이 따박따박 월급 받으며 일해오고 있는 평범한 가정주부로 하루 2...,https://kin.naver.com/qna/detail.naver?d1id=4&dirId=406&docId=272320476&qb=7Yis7J6h7Jy866GcIOyblOq4iQ==&enc=utf8,,0,4,0,0,4,False
투잡으로 월급,블로그,아르바이트 투잡,... (TV방송 및 증빙자료는 제블로그에 첨부해 두었어요) 편한시간에 편한곳에서 하루 2~3시간만 일하시면 되요.~ 저같은 경우는 투잡으로 5년 2개월째 한달또 빠짐없이 꼬박꼬박 월급 받으며 일해오고 있는 평범한 가정주부로 하루 2~3시간...,https://kin.naver.com/qna/detail.naver?d1id=4&dirId=40611&docId=252305855&qb=7Yis7J6h7Jy866GcIOyblOq4iQ==&enc=utf8,,0,4,0,0,4,False
투잡으로 월급,기타,투잡을 회사에 들키지 않고 하는 방법?,"... 요즘은 월급만으로 생활을하며 지내기 빠듯하기때문에 많은 분들이 쉽게 투잡을 생각하시는데요. 그렇다고 무턱대고 투잡을 선택하시기에는 리스크가 있습니다. 투잡을 하기전 기본적으로 준비부터 투잡 업종 선택, 투잡 계획 수립...",https://kin.naver.com/qna/detail.naver?d1id=4&dirId=40613&docId=344231627&qb=7Yis7J6h7Jy866GcIOyblOq4iQ==&enc=utf8,,0,2,0,0,2,False
투잡으로 월급,기타,투잡 고용보험,"... 투잡으로 알바 B에서 주 3일, 일 7시간(휴게 30분 포함) 근무하게 되었습니다. 4대보험 중 고용보험은 중복 가입이... B에서 월급을 받을 때 고용보험 항목으로 세금을 내지 않아도 되는 게 맞나요?"" 알바 B에서 고용보험에 가입...",https://kin.naver.com/qna/detail.naver?d1id=6&dirId=6080402&docId=455154353&qb=7Yis7J6h7Jy866GcIOyblOq4iQ==&enc=utf8,,0,2,0,0,2,False
투잡으로 월급,블로그,개인사업자 투잡,... (TV방송 및 증빙자료는 제블로그에 첨부해 두었습니다) 편한시간에 편한곳에서 하루 2~3시간만 일하시면 되구요.~ 저같은 경우는 투잡으로 6년 5개월째 한달또 빠짐없이 꼬박꼬박 월급 받으며 일해오고 있는 평범한 가정주부로 하루 2...,https://kin.naver.com/qna/detail.naver?d1id=4&dirId=40311&docId=272999550&qb=7Yis7J6h7Jy866GcIOyblOq4iQ==&enc=utf8,,0,4,0,0,4,False
투잡으로 월급,블로그,계약직 투잡,... (TV방송 및 증빙자료는 제블로그에 첨부해 두었습니다) 편한시간에 편한곳에서 하루 2~3시간만 일하시면 됩니다.~ 저같은 경우는 투잡으로 6년 5개월째 한달또 빠짐없이 꼬박꼬박 월급 받으며 일해오고 있는 평범한 가정주부로 하루 2...,https://kin.naver.com/qna/detail.naver?d1id=4&dirId=40309&docId=274767153&qb=7Yis7J6h7Jy866GcIOyblOq4iQ==&enc=utf8,,0,4,0,0,4,False
투잡으로 월급,기타,직장인투잡 하고싶은데,... 안녕하세요 월급만으로돈 빠듯하셔서 투잡찾으시죠.. 저는 가정주부지만 신랑월급만으로는 생활이 힘들어서 집에서 쉽게 부업하고있답니다. 제가 추천해드리는 부업은 직장인분들도 손쉽게 투잡으로 하고계세요 40년된 회사로...,https://kin.naver.com/qna/detail.naver?d1id=4&dirId=406&docId=203531229&qb=7Yis7J6h7Jy866GcIOyblOq4iQ==&enc=utf8,,0,4,0,2,2,False
투잡으로 월급,기타,직장인 투잡으로 알바할때 소득신고 들어가면,"... 제가 하고 있는 부업 잠깐 소개좀 드릴께요~ 항상 월급은 통장을 스쳐지나갈뿐, 그래서 투잡 쓰리잡을 고민하다가 이 일을 알게 되었는데요 저도 처음에는 집에서 하는 재테크가 얼마나 벌이가 크겠어? 했는데 이게 잘만 하면 부업이...",https://kin.naver.com/qna/detail.naver?d1id=4&dirId=40309&docId=419993322&qb=7Yis7J6h7Jy866GcIOyblOq4iQ==&enc=utf8,,0,4,0,0,4,False
투잡으로 월급,기타,투잡일 경우 소득신고,"... 요즘은 월급만으로 생활을하며 지내기 빠듯하기때문에 많은 분들이 쉽게 투잡을 생각하시는데요. 그렇다고 무턱대고 투잡을 선택하시기에는 리스크가 있습니다. 투잡을 하기전 기본적으로 준비부터 투잡 업종 선택, 투잡 계획 수립...",https://kin.naver.com/qna/detail.naver?d1id=4&dirId=40309&docId=347247028&qb=7Yis7J6h7Jy866GcIOyblOq4iQ==&enc=utf8,,0,2,0,0,2,False
투잡으로 월급,블로그,#영세자영업자 #투잡#,... (TV방송 및 증빙자료는 제블로그에 첨부해 두었습니다) 편한시간에 편한곳에서 하루 2~3시간만 일하시면 되구요.~ 저같은 경우는 투잡으로 6년 5개월째 한달또 빠짐없이 꼬박꼬박 월급 받으며 일해오고 있는 평범한 가정주부로 하루 2...,https://kin.naver.com/qna/detail.naver?d1id=3&dirId=3010203&docId=273388423&qb=7Yis7J6h7Jy866GcIOyblOq4iQ==&enc=utf8,,0,4,0,0,4,False
투잡으로 월급,기타,투잡시 3.3% 와 4대보험,"... 요즘은 월급만으로 생활을하며 지내기 빠듯하기때문에 많은 분들이 쉽게 투잡을 생각하시는데요. 그렇다고 무턱대고 투잡을 선택하시기에는 리스크가 있습니다. 투잡을 하기전 기본적으로 준비부터 투잡 업종 선택, 투잡 계획 수립...",https://kin.naver.com/qna/detail.naver?d1id=6&dirId=61004&docId=356699352&qb=7Yis7J6h7Jy866GcIOyblOq4iQ==&enc=utf8,,0,2,0,0,2,False
투잡으로 월급,블로그,투잡질문입니다!,... (TV방송 및 증빙자료는 제블로그에 첨부해 두었어요) 편한시간에 편한곳에서 하루 2~3시간만 일하시면 되요.~ 저같은 경우는 투잡으로 6년 5개월째 한달또 빠짐없이 꼬박꼬박 월급 받으며 일해오고 있는 평범한...,https://kin.naver.com/qna/detail.naver?d1id=4&dirId=40311&docId=268816370&qb=7Yis7J6h7Jy866GcIOyblOq4iQ==&enc=utf8,,0,4,0,2,2,False
투잡으로 월급,기타,투잡 월소득액,... 만약에 590만 원 이상 월급을 받는다고 하면 리밋 없이 사업소득이 있었도 상관없는 건가요? 590만 원 이상 월급을 받으면 투잡 소득에 대한 제한이 없어요! 그러니 걱정하지 않아도 될 것 같아요,https://kin.naver.com/qna/detail.naver?d1id=6&dirId=6080401&docId=487758049&qb=7Yis7J6h7Jy866GcIOyblOq4iQ==&enc=utf8,,0,2,0,0,2,False
투잡으로 월급,기타,1.부동산에서 부업이랑 투잡이랑 같은,... 2.그리고 부동산 직장인이 투잡하는거 불법인가요? 답변부탁드립니다 요즘은 월급만으로 생활을하며 지내기 빠듯하기때문에 많은 분들이 쉽게 투잡을 생각하시는데요. 그렇다고 무턱대고 투잡을 선택하시기에는 리스크가 있습니다....,https://kin.naver.com/qna/detail.naver?d1id=6&dirId=60202&docId=344344163&qb=7Yis7J6h7Jy866GcIOyblOq4iQ==&enc=utf8,,0,4,0,0,4,False
투잡으로 월급,블로그,투잡추천해주세요~ 괜찮은거,... (TV방송 및 증빙자료는 제블로그에 첨부해 두었어요) 편한시간에 편한곳에서 하루 2~3시간만 일하시면 되요.~ 저같은 경우는 투잡으로 6년 5개월째 한달또 빠짐없이 꼬박꼬박 월급 받으며 일해오고 있는 평범한...,https://kin.naver.com/qna/detail.naver?d1id=4&dirId=40611&docId=268122809&qb=7Yis7J6h7Jy866GcIOyblOq4iQ==&enc=utf8,,0,4,0,2,2,False
투잡으로 월급,기타,대리알바투잡,... 3:근무시간 자유롭게 할수 있나요?(예:밤시간 말고도 아침 시간도 가능 한가요?(주야 근무중이라) 4:진해에서 가능 한가요 요즘은 월급만으로 생활을하며 지내기 빠듯하기때문에 많은 분들이 쉽게 투잡을 생각하시는데요. 그렇다고...,https://kin.naver.com/qna/detail.naver?d1id=4&dirId=40611&docId=350107015&qb=7Yis7J6h7Jy866GcIOyblOq4iQ==&enc=utf8,,0,2,0,0,2,False
투잡으로 월급,블로그,투잡 질문입니다,... (TV방송 및 증빙자료는 제블로그에 첨부해 두었습니다) 편한시간에 편한곳에서 하루 2~3시간만 일하시면 됩니다.~ 저같은 경우는 투잡으로 6년 5개월째 한달또 빠짐없이 따박따박 월급 받으며 일해오고 있는 평범한 가정주부로 하루 2...,https://kin.naver.com/qna/detail.naver?d1id=4&dirId=40611&docId=274975747&qb=7Yis7J6h7Jy866GcIOyblOq4iQ==&enc=utf8,,0,4,0,2,2,False
투잡으로 월급,기타,투잡 동종업계,... 투잡의 경우 월급이 더 많은 쪽에서만 보험세금을 징수 하는것이 맞나요? 네~ 더 많은 쪽에서 징수하구요 동종업계로 투잡은 문제가 될 수 있는데 일단 회사 규정에 따라 다를 수 있으니. 한번 회사가 투잡이 가능한 곳인지 알아보세요...,https://kin.naver.com/qna/detail.naver?d1id=4&dirId=40613&docId=293361764&qb=7Yis7J6h7Jy866GcIOyblOq4iQ==&enc=utf8,,0,2,0,0,2,False
투잡으로 월급,기타,저녁이나 새벽시간에 투잡을 하고싶은데 머가 있겠습니까,저녁이나 새벽 시간에 투잡으로 할께 뭐가 있을까요 쿠팡플렉스 했는데 꾸준하지가 안아서여~ 요즘은 월급만으로 생활을하며 지내기 빠듯하기때문에 많은 분들이 쉽게 투잡을 생각하시는데요. 그렇다고 무턱대고 투잡을 선택하시기에는...,https://kin.naver.com/qna/detail.naver?d1id=4&dirId=40613&docId=354859941&qb=7Yis7J6h7Jy866GcIOyblOq4iQ==&enc=utf8,,0,2,0,0,2,False
투잡으로 월급,블로그,대리운전 투잡을 생각하고 있는데,... (TV방송 및 증빙자료는 제블로그에 첨부해 두었습니다) 편한시간에 편한곳에서 하루 2~3시간만 일하시면 됩니다.~ 저같은 경우는 투잡으로 6년 5개월째 한달또 빠짐없이 따박따박 월급 받으며 일해오고 있는 평범한 가정주부로 하루 2...,https://kin.naver.com/qna/detail.naver?d1id=8&dirId=8110302&docId=272492143&qb=7Yis7J6h7Jy866GcIOyblOq4iQ==&enc=utf8,,0,4,0,0,4,False
투잡으로 월급,기타,알바 4대보험 투잡,... 2.이중 4대보험은 고용보험은 안되고 투잡 월급에서 더 높은 쪽으로 고용보험이 들어간다던데 그러면 안들어간 다른 한쪽은 사장님이 벌금 내는 거 있나요????? (투잡 뛰는 거 알아도 상관은 없어요..!!!!!!!!!) 3. 3.3% 소득세도 있던데...,https://kin.naver.com/qna/detail.naver?d1id=6&dirId=6080402&docId=418553530&qb=7Yis7J6h7Jy866GcIOyblOq4iQ==&enc=utf8,,0,2,0,0,2,False
투잡으로 월급,기타,직장도 위태위태하고 투잡을 해보려고,직장도 위태위태하고 투잡을 해보려고 합니다.7시이후에 할수있는 투잡이 어떤게 있을까요. 요즘은 월급만으로 생활을하며 지내기 빠듯하기때문에 많은 분들이 쉽게 투잡을 생각하시는데요. 그렇다고 무턱대고 투잡을 선택하시기에는...,https://kin.naver.com/qna/detail.naver?d1id=4&dirId=40613&docId=344522515&qb=7Yis7J6h7Jy866GcIOyblOq4iQ==&enc=utf8,,0,2,0,0,2,False
투잡으로 월급,기타,투잡많이 힘들까요?,... 투잡해보신분 후기 알려주세요…!!! 편의점은 계산 재고정리 이런거 다해야해서 바쁘긴하더라구요 사람들이... 원하시는분 월급외에 추가수입 원하시는분 노후가 보장되는 인세소득 원하시는분 돈에 대한 걱정없이 살고싶으신분...,https://kin.naver.com/qna/detail.naver?d1id=4&dirId=40613&docId=394186948&qb=7Yis7J6h7Jy866GcIOyblOq4iQ==&enc=utf8,,0,4,0,2,2,False
투잡으로 월급,블로그,공무원투잡,... (TV방송 및 증빙자료는 제블로그에 첨부해 두었습니다) 편한시간에 편한곳에서 하루 2~3시간만 일하시면 되구요.~ 저같은 경우는 투잡으로 6년 5개월째 한달또 빠짐없이 꼬박꼬박 월급 받으며 일해오고 있는 평범한 가정주부로 하루 2...,https://kin.naver.com/qna/detail.naver?d1id=4&dirId=40601&docId=273713030&qb=7Yis7J6h7Jy866GcIOyblOq4iQ==&enc=utf8,,0,4,0,0,4,False
투잡으로 월급,기타,승합차로 투잡할맠한거있을까요?,쿠팡이나 배민같은거말고 투잡할만한거 있을까요? 내공100걸께요. 광고사절이요 요즘은 월급만으로 생활을하며 지내기 빠듯하기때문에 많은 분들이 쉽게 투잡을 생각하시는데요. 그렇다고 무턱대고 투잡을 선택하시기에는 리스크가...,https://kin.naver.com/qna/detail.naver?d1id=8&dirId=8110104&docId=350742559&qb=7Yis7J6h7Jy866GcIOyblOq4iQ==&enc=utf8,,0,2,0,0,2,False
투잡으로 월급,기타,쿠팡 플랙스 투잡,... 답변좀 부턱드려여 요즘은 월급만으로 생활을하며 지내기 빠듯하기때문에 많은 분들이 쉽게 투잡을 생각하시는데요. 그렇다고 무턱대고 투잡을 선택하시기에는 리스크가 있습니다. 투잡을 하기전 기본적으로 준비부터 투잡 업종...,https://kin.naver.com/qna/detail.naver?d1id=6&dirId=60212&docId=349427836&qb=7Yis7J6h7Jy866GcIOyblOq4iQ==&enc=utf8,,0,2,0,0,2,False
투잡으로 월급,기타,비상근직 투잡,제가 건설업에 비상근직으로 4대보험을 내고있는데 투잡으로 일자리를 구하고싶습니다 4대보험을 미가입하고... 두 직장의 근로자로 소득이 발생하면 각 사업장별 보수월액을 기준으로 각각 월급에서 원천공제하여 납부하게...,https://kin.naver.com/qna/detail.naver?d1id=6&dirId=6100401&docId=447482325&qb=7Yis7J6h7Jy866GcIOyblOq4iQ==&enc=utf8,,0,2,0,0,2,False
투잡으로 월급,기타,올리브영 알바 투잡,"... 요즘은 월급만으로 생활을하며 지내기 빠듯하기때문에 많은 분들이 쉽게 투잡을 생각하시는데요. 그렇다고 무턱대고 투잡을 선택하시기에는 리스크가 있습니다. 투잡을 하기전 기본적으로 준비부터 투잡 업종 선택, 투잡 계획 수립...",https://kin.naver.com/qna/detail.naver?d1id=4&dirId=40613&docId=346448100&qb=7Yis7J6h7Jy866GcIOyblOq4iQ==&enc=utf8,,0,2,0,0,2,False
투잡으로 월급,기타,투잡 할 경우 회사에 고지 해야하나요?,"제가 평일 알바를 하고 있는데 생각보다 돈이 적어서 주말에 다른 알바를 하려고 합니다 투잡 할 경우 사대보험 중... 3% 세금을 떼신다는 사실은 참조하세요^^ 그리고 자동으로 지급되는 수익, 주급으로 지급되는 수익, 월급으로...",https://kin.naver.com/qna/detail.naver?d1id=6&dirId=6080402&docId=395720470&qb=7Yis7J6h7Jy866GcIOyblOq4iQ==&enc=utf8,,0,4,0,0,4,False
투잡으로 월급,배달,투잡 연말정산 소득신고 관련질문,... 배달 4대보험은 안들었고 투잡월급은 계좌이체로 포인트이동이라 찍히는데 이러한경우 연말정산이나 신고같은걸 어떻게 해야하나요?? 투잡은 정직원은 아니고 배달대행 일용직 알바에 가깝습니다 좋은답변기다리겠습니다...,https://kin.naver.com/qna/detail.naver?d1id=4&dirId=40311&docId=321548855&qb=7Yis7J6h7Jy866GcIOyblOq4iQ==&enc=utf8,,0,4,0,2,2,False
투잡으로 월급,기타,투잡 알아보는 중입니다!,... 안녕하세요 투잡으로 목돈모으려고 부업을 찾고 계신가요? 그 부업 제가 알려드릴게요^^ 집에서 편하게 할 수 있는 재택부업! 누구나 시작할수 있어요~ 용돈은 챙기고 싶은데.. 직장인인데도 월급이 쥐꼬리만해서 어렵죠.. 저도...,https://kin.naver.com/qna/detail.naver?d1id=4&dirId=40703&docId=348185977&qb=7Yis7J6h7Jy866GcIOyblOq4iQ==&enc=utf8,,0,6,0,0,6,False
투잡으로 월급,블로그,투잡하고 싶어서..,... (TV방송 및 증빙자료는 제블로그에 첨부해 두었어요) 편한시간에 편한곳에서 하루 2~3시간만 일하시면 되요.~ 저같은 경우는 투잡으로 5년 2개월째 한달또 빠짐없이 꼬박꼬박 월급 받으며 일해오고 있는 평범한...,https://kin.naver.com/qna/detail.naver?d1id=4&dirId=406&docId=256054265&qb=7Yis7J6h7Jy866GcIOyblOq4iQ==&enc=utf8,,0,4,0,0,4,False
투잡으로 월급,기타,직장을 다니고 있는데 간이사업자로 투잡 가능한가요?,현재 어린이집 교사로 근무를 하고 있는데 집에서 부업을 하고 싶은데 간이사업자를 내야되는데~주변에서 잘 알아보고 해야된다고 해서요~ 어린이집 교사 겸 투잡 가능한가요??? 요즘은 월급만으로 생활을하며 지내기 빠듯하기때문에...,https://kin.naver.com/qna/detail.naver?d1id=4&dirId=40703&docId=350130060&qb=7Yis7J6h7Jy866GcIOyblOq4iQ==&enc=utf8,,0,4,0,0,4,False
투잡으로 월급,블로그,개인택시 겸직 투잡 가능한가요?,... (TV방송 및 증빙자료는 제블로그에 첨부해 두었어요) 편한시간에 편한곳에서 하루 2~3시간만 일하시면 되요.~ 저같은 경우는 투잡으로 6년 5개월째 한달또 빠짐없이 꼬박꼬박 월급 받으며 일해오고 있는 평범한...,https://kin.naver.com/qna/detail.naver?d1id=1&dirId=10601&docId=268456333&qb=7Yis7J6h7Jy866GcIOyblOq4iQ==&enc=utf8,,0,4,0,0,4,False
투잡으로 월급,기타,알바 투잡 고용보험 해지,"... 요즘은 월급만으로 생활을하며 지내기 빠듯하기때문에 많은 분들이 쉽게 투잡을 생각하시는데요. 그렇다고 무턱대고 투잡을 선택하시기에는 리스크가 있습니다. 투잡을 하기전 기본적으로 준비부터 투잡 업종 선택, 투잡 계획 수립...",https://kin.naver.com/qna/detail.naver?d1id=6&dirId=6080402&docId=345750331&qb=7Yis7J6h7Jy866GcIOyblOq4iQ==&enc=utf8,,0,2,0,0,2,False
투잡으로 월급,블로그,개인사업자 투잡..,... (TV방송 및 증빙자료는 제블로그에 첨부해 두었어요) 편한시간에 편한곳에서 하루 2~3시간만 일하시면 되요.~ 저같은 경우는 투잡으로 6년 5개월째 한달또 빠짐없이 꼬박꼬박 월급 받으며 일해오고 있는 평범한 가정주부로 하루 2~3시간...,https://kin.naver.com/qna/detail.naver?d1id=6&dirId=61004&docId=276298867&qb=7Yis7J6h7Jy866GcIOyblOq4iQ==&enc=utf8,,0,4,0,0,4,False
투잡으로 월급,기타,지역은 전남 광주인데 투잡으로 후 방,... 프리랜서 투잡은 어떠세요? 저도 직장다닐때 투.잡으로 시작해서 자리잡고 안정이 되면서 지금은 본업으로 전향했답니다 직장인 월급만으로 요즘 생활하기 넘 빠듯하잖아요 저도 워킹맘에서 조금이라도 보템이 더 될까해서 그렇게...,https://kin.naver.com/qna/detail.naver?d1id=12&dirId=1205&docId=313998858&qb=7Yis7J6h7Jy866GcIOyblOq4iQ==&enc=utf8,,0,2,0,0,2,False
투잡으로 월급,블로그,투잡 가능한지요?,... (TV방송 및 증빙자료는 제블로그에 첨부해 두었습니다) 편한시간에 편한곳에서 하루 2~3시간만 일하시면 됩니다.~ 저같은 경우는 투잡으로 6년 5개월째 한달또 빠짐없이 따박따박 월급 받으며 일해오고 있는 평범한 가정주부로 하루 2...,https://kin.naver.com/qna/detail.naver?d1id=4&dirId=406&docId=273590469&qb=7Yis7J6h7Jy866GcIOyblOq4iQ==&enc=utf8,,0,4,0,0,4,False
투잡으로 월급,기타,개인사업자가 투잡,"... 요즘은 월급만으로 생활을하며 지내기 빠듯하기때문에 많은 분들이 쉽게 투잡을 생각하시는데요. 그렇다고 무턱대고 투잡을 선택하시기에는 리스크가 있습니다. 투잡을 하기전 기본적으로 준비부터 투잡 업종 선택, 투잡 계획 수립...",https://kin.naver.com/qna/detail.naver?d1id=6&dirId=6100401&docId=357750803&qb=7Yis7J6h7Jy866GcIOyblOq4iQ==&enc=utf8,,0,2,0,0,2,False
투잡으로 월급,블로그,투잡 가능한가용?,... (TV방송 및 증빙자료는 제블로그에 첨부해 두었어요) 편한시간에 편한곳에서 하루 2~3시간만 일하시면 되요.~ 저같은 경우는 투잡으로 6년 5개월째 한달또 빠짐없이 꼬박꼬박 월급 받으며 일해오고 있는 평범한 가정주부로 하루 2~3시간...,https://kin.naver.com/qna/detail.naver?d1id=4&dirId=40611&docId=294035309&qb=7Yis7J6h7Jy866GcIOyblOq4iQ==&enc=utf8,,0,4,0,0,4,False
투잡으로 월급,기타,투잡으로 쿠팡알바 할려고하는데요,"... 있다고해요~ 저도 투잡하려고 세무서랑 막 알아봤었거든용ㅎㅎ 그 외에는 별도로 월급 높은곳(회사)쪽에서는 알 수가 없다고 해용 요즘 시대에 투잡, 쓰리잡은 정말이지 필수인 듯 싶어요ㅠㅠ 주말에 짧게 알바나 한번 해볼까?...",https://kin.naver.com/qna/detail.naver?d1id=6&dirId=60214&docId=392487535&qb=7Yis7J6h7Jy866GcIOyblOq4iQ==&enc=utf8,,0,2,0,0,2,False
투잡으로 월급,블로그,쿠잡하고 싶은데 블로그로 투잡할수있을까요,... 지금도 수천명이 주급/월급을 받아가며 일을 하고 있구요~ 컴터나 핸드폰만 있어도 간단하게 가능해서 20대~주부! 고령자까지 계세요! 대부분 투잡으로 하시구요~ 수익률이 좋아서 본업으로 하시는분들도 많이 계세요~! 블로그...,https://kin.naver.com/qna/detail.naver?d1id=1&dirId=1060102&docId=382142890&qb=7Yis7J6h7Jy866GcIOyblOq4iQ==&enc=utf8,,0,6,0,0,6,False
투잡으로 월급,블로그,투잡하는 20대들 많나요..,... ㅜㅠ 30대인 저도 합니다 투잡을요ㅎㅎㅎㅎ 나이에 상관없이 다 투잡 요즘엔 하는거같아요 아무래도 월급가지곤 부족하니까 하지않을까 싶은생각인데 물가도 오르고 팍팍하니까 투잡 할수밖에 없는거같아요 저는 투잡으로 블로그에...,https://kin.naver.com/qna/detail.naver?d1id=4&dirId=40611&docId=476846882&qb=7Yis7J6h7Jy866GcIOyblOq4iQ==&enc=utf8,,0,4,0,0,4,False
투잡으로 월급,기타,직장다니면서 투잡으로 창업가능한가여 ?,... 저도 투잡으로 부업거리 찾다가 시작하게 되었답니다 저도 직장다닐때 투.잡으로 시작해서 지금은 본업으로 전향했답니다 직장인 월급만으로 요즘 생활하기 넘 빠듯하잖아요 저도 워킹맘에서 조금이라도 보템이 더 될까해서 그렇게...,https://kin.naver.com/qna/detail.naver?d1id=4&dirId=40703&docId=344932046&qb=7Yis7J6h7Jy866GcIOyblOq4iQ==&enc=utf8,,0,4,0,0,4,False
투잡으로 월급,블로그,투잡프로복싱,... (TV방송 및 증빙자료는 제블로그에 첨부해 두었어요) 편한시간에 편한곳에서 하루 2~3시간만 일하시면 되요.~ 저같은 경우는 투잡으로 5년 2개월째 한달또 빠짐없이 꼬박꼬박 월급 받으며 일해오고 있는 평범한...,https://kin.naver.com/qna/detail.naver?d1id=10&dirId=100405&docId=255470392&qb=7Yis7J6h7Jy866GcIOyblOq4iQ==&enc=utf8,,0,4,0,0,4,False
투잡으로 월급,블로그,계약직 투잡 질문입니다.,... (TV방송 및 증빙자료는 제블로그에 첨부해 두었습니다) 편한시간에 편한곳에서 하루 2~3시간만 일하시면 됩니다.~ 저같은 경우는 투잡으로 6년 5개월째 한달또 빠짐없이 따박따박 월급 받으며 일해오고 있는 평범한 가정주부로 하루 2...,https://kin.naver.com/qna/detail.naver?d1id=6&dirId=6080402&docId=274816354&qb=7Yis7J6h7Jy866GcIOyblOq4iQ==&enc=utf8,,0,4,0,2,2,False
투잡으로 월급,블로그,투잡으로 재택알바를 어떤걸해야할까요,... (TV방송 및 증빙자료는 제블로그에 첨부해 두었어요) 편한시간에 편한곳에서 하루 2~3시간만 일하시면 되요.~ 저같은 경우는 투잡으로 5년 2개월째 한달또 빠짐없이 꼬박꼬박 월급 받으며 일해오고 있는 평범한...,https://kin.naver.com/qna/detail.naver?d1id=4&dirId=40613&docId=255785311&qb=7Yis7J6h7Jy866GcIOyblOq4iQ==&enc=utf8,,0,6,0,0,6,False
투잡으로 월급,블로그,직장인 투잡이요~~!,... (TV방송 및 증빙자료는 제블로그에 첨부해 두었어요) 편한시간에 편한곳에서 하루 2~3시간만 일하시면 되요.~ 저같은 경우는 투잡으로 5년 2개월째 한달또 빠짐없이 꼬박꼬박 월급 받으며 일해오고 있는 평범한...,https://kin.naver.com/qna/detail.naver?d1id=4&dirId=40611&docId=256336125&qb=7Yis7J6h7Jy866GcIOyblOq4iQ==&enc=utf8,,0,4,0,0,4,False
투잡으로 월급,기타,투잡을 뛰는 경우에,... 아니면 한 곳에서만 해도 이미 보험이 들어 있으니 다른곳에서 4대 보험이 안 빠지고 월급이 나오나요? 안녕하세요 투잡으로 한가지 일을 더하실려고 하시나봐요 본업에 4대보험가입이 되있다면 중복으로 가입은 안됩니다 알바를...,https://kin.naver.com/qna/detail.naver?d1id=6&dirId=6100401&docId=456914971&qb=7Yis7J6h7Jy866GcIOyblOq4iQ==&enc=utf8,,0,2,0,0,2,False
투잡으로 월급,블로그,투잡으로 좋은직업,... (TV방송 및 증빙자료는 제블로그에 첨부해 두었어요) 편한시간에 편한곳에서 하루 2~3시간만 일하시면 되요.~ 저같은 경우는 투잡으로 5년 2개월째 한달또 빠짐없이 꼬박꼬박 월급 받으며 일해오고 있는 평범한 가정주부로 하루 2~3시간...,https://kin.naver.com/qna/detail.naver?d1id=4&dirId=406&docId=252337178&qb=7Yis7J6h7Jy866GcIOyblOq4iQ==&enc=utf8,,0,4,0,0,4,False
투잡으로 월급,기타,대리운전 투잡 종합소득세관련,"... 요즘은 월급만으로 생활을하며 지내기 빠듯하기때문에 많은 분들이 쉽게 투잡을 생각하시는데요. 그렇다고 무턱대고 투잡을 선택하시기에는 리스크가 있습니다. 투잡을 하기전 기본적으로 준비부터 투잡 업종 선택, 투잡 계획 수립...",https://kin.naver.com/qna/detail.naver?d1id=4&dirId=40301&docId=356915569&qb=7Yis7J6h7Jy866GcIOyblOq4iQ==&enc=utf8,,0,2,0,0,2,False
투잡으로 월급,기타,"병원근무,헬스장근무로 투잡인데 코로나때문에 어떡하죠?","... 요즘은 월급만으로 생활을하며 지내기 빠듯하기때문에 많은 분들이 쉽게 투잡을 생각하시는데요. 그렇다고 무턱대고 투잡을 선택하시기에는 리스크가 있습니다. 투잡을 하기전 기본적으로 준비부터 투잡 업종 선택, 투잡 계획 수립...",https://kin.naver.com/qna/detail.naver?d1id=8&dirId=80902&docId=350816201&qb=7Yis7J6h7Jy866GcIOyblOq4iQ==&enc=utf8,,0,2,0,0,2,False
투잡으로 월급,기타,알바 투잡 질문,... 회사내에 투잡금지만 아니면 누구나 다 투잡은 가능하시구요.. 또 저희일은 사대보험 따로 내지 않고요.. 월급받을시 수익금에서3.3% 세금내고 받고 있구요 또 후에 수익이 많이 발생시 소득신고만 하시면 되세요.. 저도 투잡으로...,https://kin.naver.com/qna/detail.naver?d1id=4&dirId=40611&docId=256385692&qb=7Yis7J6h7Jy866GcIOyblOq4iQ==&enc=utf8,,0,4,0,2,2,False
투잡으로 월급,기타,웹디 인데 투잡은 어떨게 시작 하나요?!,"... 저역시도 본업과함께 투잡으로 일을하고있어요. 본업에 지장을 주지 않는선에서 자유롭게 일을하고있구요. 이런일을 한번도 해본적없이 시작을했지만 부수적인 수익금제외하고도 첫월급 2,018,000원으로 시작을했어요",https://kin.naver.com/qna/detail.naver?d1id=1&dirId=10501&docId=337973763&qb=7Yis7J6h7Jy866GcIOyblOq4iQ==&enc=utf8,,0,4,0,0,4,False
투잡으로 월급,기타,알바 투잡,"... 요즘은 월급만으로 생활을하며 지내기 빠듯하기때문에 많은 분들이 쉽게 투잡을 생각하시는데요. 그렇다고 무턱대고 투잡을 선택하시기에는 리스크가 있습니다. 투잡을 하기전 기본적으로 준비부터 투잡 업종 선택, 투잡 계획 수립...",https://kin.naver.com/qna/detail.naver?d1id=4&dirId=40611&docId=345657011&qb=7Yis7J6h7Jy866GcIOyblOq4iQ==&enc=utf8,,0,2,0,0,2,False
투잡으로 월급,기타,투잡 직장인 연말정산?,... 너무 햇갈립니다 대략적으로 강사로 번 비용은 300만원 정도되는거 같습니다 요즘은 월급만으로 생활을하며 지내기 빠듯하기때문에 많은 분들이 쉽게 투잡을 생각하시는데요. 그렇다고 무턱대고 투잡을 선택하시기에는 리스크가...,https://kin.naver.com/qna/detail.naver?d1id=4&dirId=40309&docId=346390839&qb=7Yis7J6h7Jy866GcIOyblOq4iQ==&enc=utf8,,0,2,0,0,2,False
투잡으로 월급,기타,투잡 하려고해요,... 안녕하세요 (∗❛ᴗ❛∗) 시간 상관없이 자유롭게 하실수 있는 일이예요 :) 저 역시 피부관리사로 직장을 다니고 있었지만 치솟는 물가에 월급만으로는 생활하기 빠듯해져서 직장인투잡으로 부업을 찾아보다가 알게 되었구요...,https://kin.naver.com/qna/detail.naver?d1id=8&dirId=8110201&docId=370281299&qb=7Yis7J6h7Jy866GcIOyblOq4iQ==&enc=utf8,,0,4,0,0,4,False
투잡으로 월급,블로그,투잡을 하려고 하는데요,... (TV방송 및 증빙자료는 제블로그에 첨부해 두었어요) 편한시간에 편한곳에서 하루 2~3시간만 일하시면 되요.~ 저같은 경우는 투잡으로 5년 2개월째 한달또 빠짐없이 꼬박꼬박 월급 받으며 일해오고 있는 평범한...,https://kin.naver.com/qna/detail.naver?d1id=4&dirId=40611&docId=260377960&qb=7Yis7J6h7Jy866GcIOyblOq4iQ==&enc=utf8,,0,4,0,0,4,False
투잡으로 월급,기타,직장인 투잡하려는데 추천좀 해주세요,... 월 50정도라도 꾸준히 벌수있으면 좋겠는데요 요즘은 월급만으로 생활을하며 지내기 빠듯하기때문에 많은 분들이 쉽게 투잡을 생각하시는데요. 그렇다고 무턱대고 투잡을 선택하시기에는 리스크가 있습니다. 투잡을 하기전...,https://kin.naver.com/qna/detail.naver?d1id=4&dirId=40611&docId=357774653&qb=7Yis7J6h7Jy866GcIOyblOq4iQ==&enc=utf8,,0,2,3,2,3,False
투잡으로 월급,기타,직장인투잡으로 괜찮은 일이 있을까요?,"... 내가 일 할 수 있을 때, 할 수 있는 장소에서 편하게 할 수 있는 일이라 임산부인 저도 할 수 있을 정도이고, 월급도 회사 다닐 때보다 더 받고 있어서 저는 만족하면서 일하고 있어요ㅎㅎ 질문자님도 직장인투잡을 저처럼 재택근무로...",https://kin.naver.com/qna/detail.naver?d1id=4&dirId=406&docId=210244493&qb=7Yis7J6h7Jy866GcIOyblOq4iQ==&enc=utf8,,0,4,0,2,2,False
투잡으로 월급,기타,투잡 사대보험 질문입니다,"... 분들 월급외에 추가수입이 필요하신 분들 모두모두 리치패밀리 월천클럽팀으로 들어오세요~ 망할 일 없는 대기업에서 합법적으로 시작한 리스크 전~~혀 없는 믿을 수 있는 사업입니다. 직장인투잡, 온라인부업, 주부부업...",https://kin.naver.com/qna/detail.naver?d1id=6&dirId=6100401&docId=413161121&qb=7Yis7J6h7Jy866GcIOyblOq4iQ==&enc=utf8,,0,6,0,2,4,False
투잡으로 월급,기타,투잡을 뛰고싶은데..,"... 요즘은 월급만으로 생활을하며 지내기 빠듯하기때문에 많은 분들이 쉽게 투잡을 생각하시는데요. 그렇다고 무턱대고 투잡을 선택하시기에는 리스크가 있습니다. 투잡을 하기전 기본적으로 준비부터 투잡 업종 선택, 투잡 계획 수립...",https://kin.naver.com/qna/detail.naver?d1id=11&dirId=1107&docId=352531450&qb=7Yis7J6h7Jy866GcIOyblOq4iQ==&enc=utf8,,0,2,0,0,2,False
투잡으로 월급,블로그,대구 투잡을 찾고 있습니다,... (TV방송 및 증빙자료는 제블로그에 첨부해 두었어요) 편한시간에 편한곳에서 하루 2~3시간만 일하시면 되요.~ 저같은 경우는 투잡으로 5년 2개월째 한달또 빠짐없이 꼬박꼬박 월급 받으며 일해오고 있는 평범한...,https://kin.naver.com/qna/detail.naver?d1id=12&dirId=120303&docId=252436776&qb=7Yis7J6h7Jy866GcIOyblOq4iQ==&enc=utf8,,0,4,0,0,4,False
투잡으로 월급,기타,알바 투잡시 문제되는점이 있나요?,... 투잡 금지 계약이나 약속은 없었습니다 요즘은 월급만으로 생활을하며 지내기 빠듯하기때문에 많은 분들이 쉽게 투잡을 생각하시는데요. 그렇다고 무턱대고 투잡을 선택하시기에는 리스크가 있습니다. 투잡을 하기전 기본적으로...,https://kin.naver.com/qna/detail.naver?d1id=6&dirId=60802&docId=347181776&qb=7Yis7J6h7Jy866GcIOyblOq4iQ==&enc=utf8,,0,2,0,0,2,False
투잡으로 월급,블로그,직장인 투잡,... (TV방송 및 증빙자료는 제블로그에 첨부해 두었습니다) 편한시간에 편한곳에서 하루 2~3시간만 일하시면 됩니다.~ 저같은 경우는 투잡으로 6년 5개월째 한달또 빠짐없이 따박따박 월급 받으며 일해오고 있는 평범한 가정주부로 하루 2...,https://kin.naver.com/qna/detail.naver?d1id=6&dirId=61004&docId=274233764&qb=7Yis7J6h7Jy866GcIOyblOq4iQ==&enc=utf8,,0,4,0,0,4,False
투잡으로 월급,블로그,투잡추천 확실한거,... (TV방송 및 증빙자료는 제블로그에 첨부해 두었어요) 편한시간에 편한곳에서 하루 2~3시간만 일하시면 되요.~ 저같은 경우는 투잡으로 6년 5개월째 한달또 빠짐없이 꼬박꼬박 월급 받으며 일해오고 있는 평범한...,https://kin.naver.com/qna/detail.naver?d1id=4&dirId=40611&docId=267959233&qb=7Yis7J6h7Jy866GcIOyblOq4iQ==&enc=utf8,,0,4,0,2,2,False
투잡으로 월급,블로그,상업기능요원(보충역) 투잡 알바,... (TV방송 및 증빙자료는 제블로그에 첨부해 두었습니다) 편한시간에 편한곳에서 하루 2~3시간만 일하시면 됩니다.~ 저같은 경우는 투잡으로 6년 5개월째 한달또 빠짐없이 꼬박꼬박 월급 받으며 일해오고 있는 평범한 가정주부로 하루 2...,https://kin.naver.com/qna/detail.naver?d1id=6&dirId=603&docId=275099910&qb=7Yis7J6h7Jy866GcIOyblOq4iQ==&enc=utf8,,0,4,0,0,4,False
투잡으로 월급,기타,심야 투잡,... 지금도 수천명이 주급/월급을 받아가며 일을 하고 있구요~ 컴터나 핸드폰만 있어도 간단하게 가능해서 20대~주부! 고령자까지 계세요! 대부분 투잡으로 하시구요~ 수익률이 좋아서 본업으로 하시는분들도 많이 계세요~! 월에 적게는 30...,https://kin.naver.com/qna/detail.naver?d1id=4&dirId=40703&docId=368844878&qb=7Yis7J6h7Jy866GcIOyblOq4iQ==&enc=utf8,,0,4,0,0,4,False
투잡으로 월급,블로그,투잡하려는 복리후생 중복가입괸찬나요,... (TV방송 및 증빙자료는 제블로그에 첨부해 두었습니다) 편한시간에 편한곳에서 하루 2~3시간만 일하시면 됩니다.~ 저같은 경우는 투잡으로 6년 5개월째 한달또 빠짐없이 꼬박꼬박 월급 받으며 일해오고 있는 평범한 가정주부로 하루 2...,https://kin.naver.com/qna/detail.naver?d1id=4&dirId=406&docId=274645990&qb=7Yis7J6h7Jy866GcIOyblOq4iQ==&enc=utf8,,0,4,0,0,4,False
투잡으로 월급,블로그,직장인 투잡? 혹은 단기알바,... (TV방송 및 증빙자료는 제블로그에 첨부해 두었습니다) 편한시간에 편한곳에서 하루 2~3시간만 일하시면 됩니다.~ 저같은 경우는 투잡으로 6년 5개월째 한달또 빠짐없이 꼬박꼬박 월급 받으며 일해오고 있는 평범한 가정주부로 하루 2...,https://kin.naver.com/qna/detail.naver?d1id=6&dirId=60802&docId=276166146&qb=7Yis7J6h7Jy866GcIOyblOq4iQ==&enc=utf8,,0,4,0,0,4,False
투잡으로 월급,블로그,그림쟁이 투잡,... (TV방송 및 증빙자료는 제블로그에 첨부해 두었어요) 편한시간에 편한곳에서 하루 2~3시간만 일하시면 되요.~ 저같은 경우는 투잡으로 5년 2개월째 한달또 빠짐없이 꼬박꼬박 월급 받으며 일해오고 있는 평범한 가정주부로 하루 2~3시간...,https://kin.naver.com/qna/detail.naver?d1id=4&dirId=40605&docId=252357663&qb=7Yis7J6h7Jy866GcIOyblOq4iQ==&enc=utf8,,0,4,0,0,4,False
투잡으로 월급,기타,아르바이트 투잡 힘들까요~..?,... 오후6시부터 ~10시 정도 그 시간 그냥 주말만 할까요 투잡할까요 수능끝나고 라섹해야해서 ㅠㅠ 제 돈으로 해야할거같아서 요즘은 월급만으로 생활을하며 지내기 빠듯하기때문에 많은 분들이 쉽게 투잡을 생각하시는데요. 그렇다고...,https://kin.naver.com/qna/detail.naver?d1id=8&dirId=80208&docId=361312074&qb=7Yis7J6h7Jy866GcIOyblOq4iQ==&enc=utf8,,0,2,0,0,2,False
투잡으로 월급,블로그,직장인 투잡,... (TV방송 및 증빙자료는 제블로그에 첨부해 두었습니다) 편한시간에 편한곳에서 하루 2~3시간만 일하시면 되구요.~ 저같은 경우는 투잡으로 6년 5개월째 한달또 빠짐없이 꼬박꼬박 월급 받으며 일해오고 있는 평범한 가정주부로 하루 2...,https://kin.naver.com/qna/detail.naver?d1id=6&dirId=60802&docId=273106915&qb=7Yis7J6h7Jy866GcIOyblOq4iQ==&enc=utf8,,0,4,0,0,4,False
투잡으로 월급,기타,청년내일채움공제 진행중 투잡안되나요?,청년내일채움공제 진행중 투잡안되나요?? 예를 들어 카카오대리등 요즘은 월급만으로 생활을하며 지내기 빠듯하기때문에 많은 분들이 쉽게 투잡을 생각하시는데요. 그렇다고 무턱대고 투잡을 선택하시기에는 리스크가 있습니다. 투잡을...,https://kin.naver.com/qna/detail.naver?d1id=6&dirId=60805&docId=355212558&qb=7Yis7J6h7Jy866GcIOyblOq4iQ==&enc=utf8,,0,2,0,0,2,False
투잡으로 월급,기타,투잡하고 싶은데요 댓글알바 사절,안녕하세요 저는 20대 후반 여자에요 직장은 주5일제고 6시 퇴근이라 평일 저녁과 주말에 시간이 남아요 월급이 쥐꼬리만해서 알바를 해보려고 하는데요 투잡이라 그러면 꼭 재택알바 댓글 알바 추천하시던데 그런 광고성 짙은건 하기...,https://kin.naver.com/qna/detail.naver?d1id=4&dirId=40611&docId=264676625&qb=7Yis7J6h7Jy866GcIOyblOq4iQ==&enc=utf8,,0,4,0,2,2,False
투잡으로 월급,기타,투잡 사대보험,... 회사일과 알바를 투잡으로 뛰려고 하는데 회사에서 4대보험을 들 때 현재 알바 사장님에게 말씀드려 고용보험... 회사의 월급이 더 많다는 전제 하에) 취업한 회사 명의의 4대보험 취득일자를 기준으로 알바 사업장의 고용보험만...,https://kin.naver.com/qna/detail.naver?d1id=6&dirId=6080402&docId=333829572&qb=7Yis7J6h7Jy866GcIOyblOq4iQ==&enc=utf8,,0,2,0,0,2,False
투잡으로 월급,기타,저녁 투잡으로 사무실 청소하려고하는데 어디서...,... 직장인 월급정도나 그이상 받을 수 있는 일을 소개해 드릴께요 요즘 코로나로 취업도 창업도 힘든 시기여서 집에서 돈버는 방법으로 앱테크나 재택부업 투잡 등을 많이 알아보고 하는데요 처음 시작할 때만 해도 이런일에 대해서...,https://kin.naver.com/qna/detail.naver?d1id=4&dirId=40611&docId=428698308&qb=7Yis7J6h7Jy866GcIOyblOq4iQ==&enc=utf8,,0,6,0,0,6,False
투잡으로 월급,블로그,직장인인데 몰래 투잡을 하고 싶어요,... (TV방송 및 증빙자료는 제블로그에 첨부해 두었어요) 편한시간에 편한곳에서 하루 2~3시간만 일하시면 되요.~ 저같은 경우는 투잡으로 5년 2개월째 한달또 빠짐없이 꼬박꼬박 월급 받으며 일해오고 있는 평범한...,https://kin.naver.com/qna/detail.naver?d1id=4&dirId=406&docId=254908670&qb=7Yis7J6h7Jy866GcIOyblOq4iQ==&enc=utf8,,0,4,0,0,4,False
투잡으로 월급,기타,배민 투잡 질문이요,"저가 저녁에 투잡으로 배민을 하려고 하는데 전기자전거로도 가능할지 모르겠네요! 경험많은 고수님들 답변... 일도하면서 월급 아닌 주급으로 받으니, 뭔가 보너스 받는 기분도 들어요^^ 하루 1시간정도 꾸준히만 한다면 소득이...",https://kin.naver.com/qna/detail.naver?d1id=4&dirId=40703&docId=418233098&qb=7Yis7J6h7Jy866GcIOyblOq4iQ==&enc=utf8,,0,2,3,2,3,False
투잡으로 월급,기타,헬로우드림 투잡,... 처음엔 한 달 한 건 혹은 본전뽑기처럼 소소한 목표를 잡으시는 게 부담없드라구요. 제 갠적인 생각으로 투잡으로 하시는 거라 매달 월급은 나오니까 수익에 대한 조급함없이 마음 비우고 하신다면 더 잘 되시리라 봅니다. 화이팅^^,https://kin.naver.com/qna/detail.naver?d1id=4&dirId=40611&docId=276328077&qb=7Yis7J6h7Jy866GcIOyblOq4iQ==&enc=utf8,,0,4,0,0,4,False
투잡으로 월급,블로그,공무원 투잡,... (TV방송 및 증빙자료는 제블로그에 첨부해 두었어요) 편한시간에 편한곳에서 하루 2~3시간만 일하시면 되요.~ 저같은 경우는 투잡으로 5년 2개월째 한달또 빠짐없이 꼬박꼬박 월급 받으며 일해오고 있는 평범한...,https://kin.naver.com/qna/detail.naver?d1id=4&dirId=40601&docId=258706686&qb=7Yis7J6h7Jy866GcIOyblOq4iQ==&enc=utf8,,0,4,0,0,4,False
투잡으로 월급,블로그,직장인 투잡관련질문드려요~,... (TV방송 및 증빙자료는 제블로그에 첨부해 두었습니다) 편한시간에 편한곳에서 하루 2~3시간만 일하시면 됩니다.~ 저같은 경우는 투잡으로 6년 5개월째 한달또 빠짐없이 꼬박꼬박 월급 받으며 일해오고 있는 평범한 가정주부로 하루 2...,https://kin.naver.com/qna/detail.naver?d1id=4&dirId=4010503&docId=274087097&qb=7Yis7J6h7Jy866GcIOyblOq4iQ==&enc=utf8,,0,4,0,2,2,False
투잡으로 월급,기타,현재 투잡 상태인데 내일채움공제 신청하라는데...,"... 요즘은 월급만으로 생활을하며 지내기 빠듯하기때문에 많은 분들이 쉽게 투잡을 생각하시는데요. 그렇다고 무턱대고 투잡을 선택하시기에는 리스크가 있습니다. 투잡을 하기전 기본적으로 준비부터 투잡 업종 선택, 투잡 계획 수립...",https://kin.naver.com/qna/detail.naver?d1id=6&dirId=6080402&docId=344698760&qb=7Yis7J6h7Jy866GcIOyblOq4iQ==&enc=utf8,,0,2,0,0,2,False
투잡으로 월급,기타,프리랜서가 투잡으로 사업자낼때...,지금 회사에 프리랜서로 등록해 3.3 세금떼고 430정도 월급을 받고 있습니다. 투잡으로 사업자등록을 냈는데 소득이 많지 않을것으로 예상돼 간이과세자로 냈어요~ 나중이 종소세 신고할때 어떻게 되는건가요??? 월급도 소득으로...,https://kin.naver.com/qna/detail.naver?d1id=4&dirId=40309&docId=297089544&qb=7Yis7J6h7Jy866GcIOyblOq4iQ==&enc=utf8,,0,2,0,0,2,False
투잡으로 월급,기타,제가 지금 투잡을 할려고 하는데 야간,"... 요즘은 월급만으로 생활을하며 지내기 빠듯하기때문에 많은 분들이 쉽게 투잡을 생각하시는데요. 그렇다고 무턱대고 투잡을 선택하시기에는 리스크가 있습니다. 투잡을 하기전 기본적으로 준비부터 투잡 업종 선택, 투잡 계획 수립...",https://kin.naver.com/qna/detail.naver?d1id=4&dirId=40703&docId=344806293&qb=7Yis7J6h7Jy866GcIOyblOq4iQ==&enc=utf8,,0,2,0,0,2,False
투잡으로 월급,기타,투잡 연말정산 환급금,"... #CHOiCE 요즘은 월급만으로 생활을하며 지내기 빠듯하기때문에 많은 분들이 쉽게 투잡을 생각하시는데요. 그렇다고 무턱대고 투잡을 선택하시기에는 리스크가 있습니다. 투잡을 하기전 기본적으로 준비부터 투잡 업종 선택, 투잡...",https://kin.naver.com/qna/detail.naver?d1id=4&dirId=40309&docId=346529240&qb=7Yis7J6h7Jy866GcIOyblOq4iQ==&enc=utf8,,0,2,0,0,2,False
투잡으로 월급,기타,투잡을 하고싶은데..어떤걸 배워두면 좋을까요?,... 제가 현재 하는일이 있는데 월급을 정말 조금받아요...ㅠ 100도 못받으니깐..그래서 일끝나구 집에서 할수있는 일을... 투잡으로 집에서 돈벌이좀 하구싶은데..어떤 자격증이 좋을까요? 포토샵같은걸 배워볼까요?정말 고민되네요.....,https://kin.naver.com/qna/detail.naver?d1id=4&dirId=40611&docId=34871711&qb=7Yis7J6h7Jy866GcIOyblOq4iQ==&enc=utf8,,0,2,0,0,2,False
투잡으로 월급,블로그,투잡관련 ( 인터넷 X 맘충 X ㅡㅡ ),... (TV방송 및 증빙자료는 제블로그에 첨부해 두었습니다) 편한시간에 편한곳에서 하루 2~3시간만 일하시면 됩니다.~ 저같은 경우는 투잡으로 6년 5개월째 한달또 빠짐없이 꼬박꼬박 월급 받으며 일해오고 있는 평범한 가정주부로 하루 2...,https://kin.naver.com/qna/detail.naver?d1id=4&dirId=40611&docId=275929128&qb=7Yis7J6h7Jy866GcIOyblOq4iQ==&enc=utf8,,0,4,0,0,4,False
투잡으로 월급,기타,친한언니가 회생하는데 월급 많이 받으면 안됀다고..,... 투잡으로 되서 국민연금이나 건강보험이런게 내는 금액이 오를 수 있다고 그거 뿐이라고 하더라구요 그래서 결론은 제가 통장사본이랑 계좌번호를 아웃소싱에 전달하면 그 아웃소싱에서 저는 일은 안하지만 근로자로 되고 매달 월급...,https://kin.naver.com/qna/detail.naver?d1id=6&dirId=60203&docId=490089040&qb=7Yis7J6h7Jy866GcIOyblOq4iQ==&enc=utf8,,0,2,0,0,2,False
투잡으로 월급,스마트스토어,퇴근 후에 할만한 직장인투잡 뭐 없을까요?,... 저도 직장인 월급만으로는 부족하여 투잡을 진행하고 있습니다. 직장인 투잡에는 여러가지 부업의 종류가 있지만 그 중에서도 대표적인 것이 블로그와 국내 또는 해외위탁 쇼핑몰입니다 저는 두 가지 다 해보았지만 블로그가 배송...,https://kin.naver.com/qna/detail.naver?d1id=4&dirId=40703&docId=457748296&qb=7Yis7J6h7Jy866GcIOyblOq4iQ==&enc=utf8,,0,8,0,0,8,False
투잡으로 월급,블로그,화물차 운전 투잡,... (TV방송 및 증빙자료는 제블로그에 첨부해 두었어요) 편한시간에 편한곳에서 하루 2~3시간만 일하시면 되요.~ 저같은 경우는 투잡으로 6년 5개월째 한달또 빠짐없이 꼬박꼬박 월급 받으며 일해오고 있는 평범한...,https://kin.naver.com/qna/detail.naver?d1id=8&dirId=8110302&docId=268362053&qb=7Yis7J6h7Jy866GcIOyblOq4iQ==&enc=utf8,,0,4,0,0,4,False
투잡으로 월급,기타,알바 투잡,알바 투잡으로 할려는데 가능할까요 안녕하세요. 아무래도 체력적으로 부담이 되지 않을까요? 그래서 인터넷으로... 무엇보다 탄탄한 회사여야 월급이 제날짜에 딱딱! 나오겠지요~^^ 자신이 활동한 만큼 받는 100%성과제이며 노력여부에...,https://kin.naver.com/qna/detail.naver?d1id=4&dirId=40611&docId=273088421&qb=7Yis7J6h7Jy866GcIOyblOq4iQ==&enc=utf8,,0,2,0,0,2,False
투잡으로 월급,블로그,번역가와 일러스트레이터 (투잡),... (TV방송 및 증빙자료는 제블로그에 첨부해 두었어요) 편한시간에 편한곳에서 하루 2~3시간만 일하시면 되요.~ 저같은 경우는 투잡으로 5년 2개월째 한달또 빠짐없이 꼬박꼬박 월급 받으며 일해오고 있는 평범한...,https://kin.naver.com/qna/detail.naver?d1id=12&dirId=120903&docId=260578230&qb=7Yis7J6h7Jy866GcIOyblOq4iQ==&enc=utf8,,0,4,0,0,4,False
투잡으로 월급,기타,투잡시에 3.3 세금공제를 안하면,현재 일반 직장을 다니고 있는데 이번에 번역일로 투잡을 하게 되었습니다 여러 업체중에서 어떤 곳은 3.3 세금 공제... 저도 월급가지고는 평생 돈도 못모으고 여유로운 생활은 꿈도 못 꿀거 같아서 이것저것 알아보다가 찾은건데요...,https://kin.naver.com/qna/detail.naver?d1id=4&dirId=40309&docId=417241402&qb=7Yis7J6h7Jy866GcIOyblOq4iQ==&enc=utf8,,0,2,0,0,2,False
투잡으로 월급,배달,투잡으로 배달 할려고 하는데 오토바이에 대해 질문입니다,"투잡으로 오토바이 구매하려고 하는데 답변 부탁 드립니다, 1.오토바이는 자동차보험 처럼 보험 가입이 필수인가요?... 더 많은 수익을 내시는분들도 계시지만 저는 본업을 하면서 부업으로 하다보니 월급 외에 내가 쓸수있는 용돈이...",https://kin.naver.com/qna/detail.naver?d1id=8&dirId=8110105&docId=474411554&qb=7Yis7J6h7Jy866GcIOyblOq4iQ==&enc=utf8,,0,8,0,2,6,False
투잡으로 월급,기타,투잡으로 아르바이트,... 경제가 어려우니 충분히 감안하려했는대 갑자기이러는게 나름 괘씸해서요~ 요즘은 월급만으로 생활을하며 지내기 빠듯하기때문에 많은 분들이 쉽게 투잡을 생각하시는데요. 그렇다고 무턱대고 투잡을 선택하시기에는 리스크가...,https://kin.naver.com/qna/detail.naver?d1id=6&dirId=60805&docId=349576477&qb=7Yis7J6h7Jy866GcIOyblOq4iQ==&enc=utf8,,0,2,0,0,2,False
투잡으로 월급,블로그,"기능직, 투잡",... (TV방송 및 증빙자료는 제블로그에 첨부해 두었어요) 편한시간에 편한곳에서 하루 2~3시간만 일하시면 되요.~ 저같은 경우는 투잡으로 6년 5개월째 한달또 빠짐없이 꼬박꼬박 월급 받으며 일해오고 있는 평범한...,https://kin.naver.com/qna/detail.naver?d1id=4&dirId=406&docId=270085318&qb=7Yis7J6h7Jy866GcIOyblOq4iQ==&enc=utf8,,0,4,0,0,4,False
투잡으로 월급,기타,편의점 알바(투잡 관련),"... 요즘은 월급만으로 생활을하며 지내기 빠듯하기때문에 많은 분들이 쉽게 투잡을 생각하시는데요. 그렇다고 무턱대고 투잡을 선택하시기에는 리스크가 있습니다. 투잡을 하기전 기본적으로 준비부터 투잡 업종 선택, 투잡 계획 수립...",https://kin.naver.com/qna/detail.naver?d1id=6&dirId=60805&docId=352155407&qb=7Yis7J6h7Jy866GcIOyblOq4iQ==&enc=utf8,,0,2,0,0,2,False
투잡으로 월급,기타,직장인 투잡 아르바이트 자유로운일,"... 요즘은 월급만으로 생활을하며 지내기 빠듯하기때문에 많은 분들이 쉽게 투잡을 생각하시는데요. 그렇다고 무턱대고 투잡을 선택하시기에는 리스크가 있습니다. 투잡을 하기전 기본적으로 준비부터 투잡 업종 선택, 투잡 계획 수립...",https://kin.naver.com/qna/detail.naver?d1id=4&dirId=40611&docId=346416854&qb=7Yis7J6h7Jy866GcIOyblOq4iQ==&enc=utf8,,0,2,0,0,2,False
투잡으로 월급,기타,사업자가 투잡으로 다른곳에서 월급받을때...,... 나오는 월급에 세금이 많이 붙을까봐요 어떤게 나은거죠? 월급은 월급에 대해서만 납부를 하시면 됩니다. 매년... 어쨌든 월급이 높으면 높을수록 5월에 있는 종합소득세신고시 납부금액이 더 많아질 수는 있습니다. 한가지 좋은 점이...,https://kin.naver.com/qna/detail.naver?d1id=4&dirId=403&docId=158337958&qb=7Yis7J6h7Jy866GcIOyblOq4iQ==&enc=utf8,,0,2,0,0,2,False
투잡으로 월급,블로그,투잡 정말 믿을수있는곳이 있나요?,... (TV방송 및 증빙자료는 제블로그에 첨부해 두었습니다) 편한시간에 편한곳에서 하루 2~3시간만 일하시면 됩니다.~ 저같은 경우는 투잡으로 6년 5개월째 한달또 빠짐없이 따박따박 월급 받으며 일해오고 있는 평범한 가정주부로 하루 2...,https://kin.naver.com/qna/detail.naver?d1id=13&dirId=13050401&docId=274739274&qb=7Yis7J6h7Jy866GcIOyblOq4iQ==&enc=utf8,,0,4,0,0,4,False
투잡으로 월급,기타,나도제테크좀 ㅜㅜ투잡을해야하네요,나도제테크좀 ㅜㅜ투잡을해야하네요 직장인 월급만으로 요즘 생활하기 넘 빠듯하잖아요 저도 워킹맘에서 조금이라도 보템이 더 될까해서 그렇게 이일을 시작하게 되었답니다 저도 투잡으로 시작해서 지금은 본업이 되었네요 제가 하고...,https://kin.naver.com/qna/detail.naver?d1id=4&dirId=40611&docId=327251344&qb=7Yis7J6h7Jy866GcIOyblOq4iQ==&enc=utf8,,0,2,0,0,2,False
투잡으로 월급,기타,근데 투잡하시는분들 힘들지 않으신가요?,"... 요즘은 월급만으로 생활을하며 지내기 빠듯하기때문에 많은 분들이 쉽게 투잡을 생각하시는데요. 그렇다고 무턱대고 투잡을 선택하시기에는 리스크가 있습니다. 투잡을 하기전 기본적으로 준비부터 투잡 업종 선택, 투잡 계획 수립...",https://kin.naver.com/qna/detail.naver?d1id=6&dirId=61303&docId=354100122&qb=7Yis7J6h7Jy866GcIOyblOq4iQ==&enc=utf8,,0,2,0,0,2,False
투잡으로 월급,블로그,캐나다에서 투잡했을시 택스리펀,... (TV방송 및 증빙자료는 제블로그에 첨부해 두었습니다) 편한시간에 편한곳에서 하루 2~3시간만 일하시면 됩니다.~ 저같은 경우는 투잡으로 6년 5개월째 한달또 빠짐없이 꼬박꼬박 월급 받으며 일해오고 있는 평범한 가정주부로 하루 2...,https://kin.naver.com/qna/detail.naver?d1id=9&dirId=9020202&docId=272316671&qb=7Yis7J6h7Jy866GcIOyblOq4iQ==&enc=utf8,,0,4,0,0,4,False
투잡으로 월급,블로그,회사다니면서 투잡,... (TV방송 및 증빙자료는 제블로그에 첨부해 두었어요) 편한시간에 편한곳에서 하루 2~3시간만 일하시면 되요.~ 저같은 경우는 투잡으로 5년 2개월째 한달또 빠짐없이 꼬박꼬박 월급 받으며 일해오고 있는 평범한...,https://kin.naver.com/qna/detail.naver?d1id=4&dirId=406&docId=258299218&qb=7Yis7J6h7Jy866GcIOyblOq4iQ==&enc=utf8,,0,4,0,0,4,False
투잡으로 월급,블로그,직장인 투잡 추천 부탁드립니다,... (TV방송 및 증빙자료는 제블로그에 첨부해 두었어요) 편한시간에 편한곳에서 하루 2~3시간만 일하시면 되요.~ 저같은 경우는 투잡으로 5년 2개월째 한달또 빠짐없이 꼬박꼬박 월급 받으며 일해오고 있는 평범한...,https://kin.naver.com/qna/detail.naver?d1id=4&dirId=40611&docId=257178452&qb=7Yis7J6h7Jy866GcIOyblOq4iQ==&enc=utf8,,0,4,0,2,2,False
투잡으로 월급,기타,직장다니면서 투잡할만한게 어떤게 있을까요.,... 7시이후에 할수있는 투잡이 어떤게 있을까요. 직장인 월급만으로 요즘 생활하기 넘 빠듯하잖아요 저도 워킹맘에서 조금이라도 보템이 더 될까해서 그렇게 이일을 시작하게 되었답니다 저도 투잡으로 시작해서 지금은 본업이 되었네요...,https://kin.naver.com/qna/detail.naver?d1id=4&dirId=40403&docId=328589364&qb=7Yis7J6h7Jy866GcIOyblOq4iQ==&enc=utf8,,0,2,0,0,2,False
투잡으로 월급,기타,"직장인 투잡으로 알바할 경우 4대보험,3.3%세금...","... 직장을 다니고 있고 투잡으로 카페 아르바이트를 하려고 합니다. 아르바이트하는곳에서 4대보험가입 or 3.3... 각각 월급에서 원천공제하여 납부하게 됩니다.  건강, 국민연금 : 이중가입 가능 고용 : 두 직장 중...",https://kin.naver.com/qna/detail.naver?d1id=6&dirId=6100401&docId=444644788&qb=7Yis7J6h7Jy866GcIOyblOq4iQ==&enc=utf8,,0,2,0,0,2,False
투잡으로 월급,블로그,재택 근무 투잡,... (TV방송 및 증빙자료는 제블로그에 첨부해 두었어요) 편한시간에 편한곳에서 하루 2~3시간만 일하시면 되요.~ 저같은 경우는 투잡으로 5년 2개월째 한달또 빠짐없이 꼬박꼬박 월급 받으며 일해오고 있는 평범한 가정주부로 하루 2~3시간...,https://kin.naver.com/qna/detail.naver?d1id=8&dirId=814&docId=251193645&qb=7Yis7J6h7Jy866GcIOyblOq4iQ==&enc=utf8,,0,6,0,0,6,False
투잡으로 월급,기타,3.3% 세금 내고 있는데 투잡을 하려고 합니다,... 야간 일 월급을 150만원 기준으로 잡았을때어느정도로 떼는지 알수있으려나요? 투잡을 하는데 있어서 관건은 현 회사에서 투잡을 하는데 있어서 갈등이 생길 여지가 있느냐 여부와 만약 있다고 했을때 투잡으로 인해 발생하는 소득...,https://kin.naver.com/qna/detail.naver?d1id=4&dirId=403&docId=229556346&qb=7Yis7J6h7Jy866GcIOyblOq4iQ==&enc=utf8,,0,2,0,0,2,False
투잡으로 월급,블로그,직장인투잡 다들 하시나요?,... (TV방송 및 증빙자료는 제블로그에 첨부해 두었어요) 편한시간에 편한곳에서 하루 2~3시간만 일하시면 되요.~ 저같은 경우는 투잡으로 6년 5개월째 한달또 빠짐없이 꼬박꼬박 월급 받으며 일해오고 있는 평범한...,https://kin.naver.com/qna/detail.naver?d1id=8&dirId=80302&docId=269158252&qb=7Yis7J6h7Jy866GcIOyblOq4iQ==&enc=utf8,,0,4,0,0,4,False
투잡으로 월급,배달,배달대행 투잡 산재보험 관련 질문,... 월급받으면서 살면서 돈에 치이다 보니 이것저것 투잡 많이 해봤고 하루 4시간 자면서 일해오면서 살았습니다. 지금 솔직히 편하게 본직장에서 받는 월급 이외에 매달 100만원 정도는 정말 쉽게 벌고 있습니다. 재택 부업 투잡이라고...,https://kin.naver.com/qna/detail.naver?d1id=6&dirId=6100403&docId=375789278&qb=7Yis7J6h7Jy866GcIOyblOq4iQ==&enc=utf8,,0,8,0,2,6,False
투잡으로 월급,기타,투잡중이고 회생중인데요 가능한가요,"... 요즘은 월급만으로 생활을하며 지내기 빠듯하기때문에 많은 분들이 쉽게 투잡을 생각하시는데요. 그렇다고 무턱대고 투잡을 선택하시기에는 리스크가 있습니다. 투잡을 하기전 기본적으로 준비부터 투잡 업종 선택, 투잡 계획 수립...",https://kin.naver.com/qna/detail.naver?d1id=4&dirId=40105&docId=356875831&qb=7Yis7J6h7Jy866GcIOyblOq4iQ==&enc=utf8,,0,2,0,0,2,False
투잡으로 월급,기타,안녕하세요. 투잡관련 일용직 산재보험,"... 요즘은 월급만으로 생활을하며 지내기 빠듯하기때문에 많은 분들이 쉽게 투잡을 생각하시는데요. 그렇다고 무턱대고 투잡을 선택하시기에는 리스크가 있습니다. 투잡을 하기전 기본적으로 준비부터 투잡 업종 선택, 투잡 계획 수립...",https://kin.naver.com/qna/detail.naver?d1id=6&dirId=60804&docId=350398282&qb=7Yis7J6h7Jy866GcIOyblOq4iQ==&enc=utf8,,0,2,0,0,2,False
투잡으로 월급,블로그,뷰레이터 투잡가능한가요?,... (TV방송 및 증빙자료는 제블로그에 첨부해 두었어요) 편한시간에 편한곳에서 하루 2~3시간만 일하시면 되요.~ 저같은 경우는 투잡으로 5년 2개월째 한달또 빠짐없이 꼬박꼬박 월급 받으며 일해오고 있는 평범한 가정주부로 하루 2~3시간...,https://kin.naver.com/qna/detail.naver?d1id=8&dirId=803&docId=252368562&qb=7Yis7J6h7Jy866GcIOyblOq4iQ==&enc=utf8,,0,4,0,0,4,False
투잡으로 월급,블로그,투잡에관해,... (TV방송 및 증빙자료는 제블로그에 첨부해 두었어요) 편한시간에 편한곳에서 하루 2~3시간만 일하시면 되요.~ 저같은 경우는 투잡으로 5년 2개월째 한달또 빠짐없이 꼬박꼬박 월급 받으며 일해오고 있는 평범한...,https://kin.naver.com/qna/detail.naver?d1id=4&dirId=406&docId=260723757&qb=7Yis7J6h7Jy866GcIOyblOq4iQ==&enc=utf8,,0,4,0,0,4,False
투잡으로 월급,블로그,알바투잡.,... (TV방송 및 증빙자료는 제블로그에 첨부해 두었어요) 편한시간에 편한곳에서 하루 2~3시간만 일하시면 되요.~ 저같은 경우는 투잡으로 6년 5개월째 한달또 빠짐없이 꼬박꼬박 월급 받으며 일해오고 있는 평범한...,https://kin.naver.com/qna/detail.naver?d1id=6&dirId=60802&docId=270417473&qb=7Yis7J6h7Jy866GcIOyblOq4iQ==&enc=utf8,,0,4,0,0,4,False
투잡으로 월급,블로그,개인회생시 투잡,... (TV방송 및 증빙자료는 제블로그에 첨부해 두었어요) 편한시간에 편한곳에서 하루 2~3시간만 일하시면 되요.~ 저같은 경우는 투잡으로 5년 2개월째 한달또 빠짐없이 꼬박꼬박 월급 받으며 일해오고 있는 평범한 가정주부로 하루 2~3시간...,https://kin.naver.com/qna/detail.naver?d1id=4&dirId=40106&docId=252226537&qb=7Yis7J6h7Jy866GcIOyblOq4iQ==&enc=utf8,,0,4,0,0,4,False
투잡으로 월급,블로그,투잡과 국민연금,... (TV방송 및 증빙자료는 제블로그에 첨부해 두었습니다) 편한시간에 편한곳에서 하루 2~3시간만 일하시면 됩니다.~ 저같은 경우는 투잡으로 6년 5개월째 한달또 빠짐없이 꼬박꼬박 월급 받으며 일해오고 있는 평범한 가정주부로 하루 2...,https://kin.naver.com/qna/detail.naver?d1id=4&dirId=401&docId=275720811&qb=7Yis7J6h7Jy866GcIOyblOq4iQ==&enc=utf8,,0,4,0,0,4,False
투잡으로 월급,블로그,투잡알바 다들 어떻게 활용하시나요?,... (TV방송 및 증빙자료는 제블로그에 첨부해 두었어요) 편한시간에 편한곳에서 하루 2~3시간만 일하시면 되요.~ 저같은 경우는 투잡으로 6년 5개월째 한달또 빠짐없이 꼬박꼬박 월급 받으며 일해오고 있는 평범한...,https://kin.naver.com/qna/detail.naver?d1id=4&dirId=40611&docId=268121959&qb=7Yis7J6h7Jy866GcIOyblOq4iQ==&enc=utf8,,0,4,0,0,4,False
투잡으로 월급,블로그,투잡 원합니다~,... (TV방송 및 증빙자료는 제블로그에 첨부해 두었어요) 편한시간에 편한곳에서 하루 2~3시간만 일하시면 되요.~ 저같은 경우는 투잡으로 5년 2개월째 한달또 빠짐없이 꼬박꼬박 월급 받으며 일해오고 있는 평범한...,https://kin.naver.com/qna/detail.naver?d1id=4&dirId=40611&docId=259811425&qb=7Yis7J6h7Jy866GcIOyblOq4iQ==&enc=utf8,,0,4,0,0,4,False
투잡으로 월급,기타,투잡뛸라하는데 원래 일하던 곳에 알리,"... 요즘은 월급만으로 생활을하며 지내기 빠듯하기때문에 많은 분들이 쉽게 투잡을 생각하시는데요. 그렇다고 무턱대고 투잡을 선택하시기에는 리스크가 있습니다. 투잡을 하기전 기본적으로 준비부터 투잡 업종 선택, 투잡 계획 수립...",https://kin.naver.com/qna/detail.naver?d1id=4&dirId=40612&docId=352200997&qb=7Yis7J6h7Jy866GcIOyblOq4iQ==&enc=utf8,,0,2,0,0,2,False
투잡으로 월급,기타,"투잡을 하고 있는데, 두번낸 세금은 어떻게 되나요?",... 이렇게 투잡을 하고 있습니다. 세금도 두군데서 모두 내고 있는데... 한 곳은 안내도 된다고 하더군요. 근데 문제는 낮에 일하는 곳에서는 회사에서 내주는 거고 밤에 일하는 곳은 제가 일한 것에서 띄어서 냅니다. 알아보니 월급이 많은...,https://kin.naver.com/qna/detail.naver?d1id=4&dirId=40309&docId=190187003&qb=7Yis7J6h7Jy866GcIOyblOq4iQ==&enc=utf8,,0,2,0,0,2,False
투잡으로 월급,배달,"투잡 관련 질문드립니다.(대리운전, 배달 등)",... 배달대행으로 오토바이 렌탈비 보험비 다 제하고 월 급여가 70만원선 맞춰지나요? 투잡 고수분들께 여쭙습니다 감사합니다. 직장인 분들이 투잡으로 대리운전 많이 하십니다 지금은 예전같지 않게 각광받는 직업으로 열심히...,https://kin.naver.com/qna/detail.naver?d1id=4&dirId=40611&docId=327036079&qb=7Yis7J6h7Jy866GcIOyblOq4iQ==&enc=utf8,,0,4,0,2,2,False
투잡으로 월급,기타,인천 투잡질문요ㅠㅠ,... 투잡으로 일을 하지만 특별히 컴퓨터 앞에 앉을 시간이 없을때는 어플 활동만 할때도 있어요. 어플활동만 해도 월30만원~60만원은 충분히 벌수있어요. 이런일을 한번도 해본적없이 시작을했지만 부수적인 수익금제외하고도 첫월급 2...,https://kin.naver.com/qna/detail.naver?d1id=12&dirId=120404&docId=404747207&qb=7Yis7J6h7Jy866GcIOyblOq4iQ==&enc=utf8,,0,4,0,2,2,False
투잡으로 월급,블로그,투잡일 경우 사업자 등록증 ..,... (TV방송 및 증빙자료는 제블로그에 첨부해 두었어요) 편한시간에 편한곳에서 하루 2~3시간만 일하시면 되요.~ 저같은 경우는 투잡으로 5년 2개월째 한달또 빠짐없이 꼬박꼬박 월급 받으며 일해오고 있는 평범한...,https://kin.naver.com/qna/detail.naver?d1id=4&dirId=407&docId=259993506&qb=7Yis7J6h7Jy866GcIOyblOq4iQ==&enc=utf8,,0,4,0,0,4,False
투잡으로 월급,기타,투잡실업급여,"... 팀 투잡으로 팀에서 모두 알려 주어 초보도 하실 수 있습니다 저의 경우 컴맹, 폰맹이라... 처음 3주는 수입이 없었고 4주차 부터 수당을 받을 수 있었으며 6개월이 지난 지금은 일반 기업의 대리급 월급 정도를 받고 있습니다 자세한...",https://kin.naver.com/qna/detail.naver?d1id=6&dirId=6080402&docId=406993934&qb=7Yis7J6h7Jy866GcIOyblOq4iQ==&enc=utf8,,0,2,0,0,2,False
투잡으로 월급,기타,직장인 알바 투잡,"... 직장인인데 놀이동산 알바 투잡으로 해도 될까요? 국가에서 정해놓은 근로계약에 어긋나는건가요? 정산할때... 놀이동산 아니여도 다른 알바로 돈을 벌 생각입니다. 안녕하세요 ☺ 요즘 직장인분들 내월급만 빼고 다올라, 어려워진...",https://kin.naver.com/qna/detail.naver?d1id=6&dirId=60802&docId=445624907&qb=7Yis7J6h7Jy866GcIOyblOq4iQ==&enc=utf8,,0,2,0,0,2,False
투잡으로 월급,블로그,투잡 질문요~,... (TV방송 및 증빙자료는 제블로그에 첨부해 두었어요) 편한시간에 편한곳에서 하루 2~3시간만 일하시면 되요.~ 저같은 경우는 투잡으로 5년 2개월째 한달또 빠짐없이 꼬박꼬박 월급 받으며 일해오고 있는 평범한...,https://kin.naver.com/qna/detail.naver?d1id=4&dirId=40702&docId=255258749&qb=7Yis7J6h7Jy866GcIOyblOq4iQ==&enc=utf8,,0,4,0,2,2,False
투잡으로 월급,배달,직장인 투잡으로 편의점vs 차량으로 배달알바,... ㅜ 배달알바 월 화 수 3일 기준으로 약 3시간 하면 월급 46만원으로 동일 시간적인 부분에서 자유로움. 안녕하세요 질문자님! 드림투유 초보전문멘토 '버드'입니다 질문자님의 질문을 읽어봤는데요 직장인 투잡을 알아보시나봐요...,https://kin.naver.com/qna/detail.naver?d1id=8&dirId=80101&docId=471227614&qb=7Yis7J6h7Jy866GcIOyblOq4iQ==&enc=utf8,,0,4,0,2,2,False
투잡으로 월급,배달,투잡배달 오토바이 리스냐?중고냐?,"... 요즘은 월급만으로 생활을하며 지내기 빠듯하기때문에 많은 분들이 쉽게 투잡을 생각하시는데요. 그렇다고 무턱대고 투잡을 선택하시기에는 리스크가 있습니다. 투잡을 하기전 기본적으로 준비부터 투잡 업종 선택, 투잡 계획 수립...",https://kin.naver.com/qna/detail.naver?d1id=5&dirId=50404&docId=346518107&qb=7Yis7J6h7Jy866GcIOyblOq4iQ==&enc=utf8,,0,4,0,0,4,False
투잡으로 월급,기타,직장인 투잡 세금,... 제가 소득신고를 하게되면 본업인 직장에서 제가 투잡하는 걸 알게되나요? 돈이 나오는 시스템 재택부업으로 시작^^ . 알바나 월급으로 큰돈을 모으기는 정말어려운 일이죠 돈이 나오는 시스템을 만들어보세요 하루 1시간 매일...,https://kin.naver.com/qna/detail.naver?d1id=4&dirId=40301&docId=396758412&qb=7Yis7J6h7Jy866GcIOyblOq4iQ==&enc=utf8,,0,6,0,0,6,False
투잡으로 월급,기타,투잡으로 대리를 하다가 사고가 났습니다.,... ^^ 안녕하세요~ 현재 직장다니면서 투잡(재택알바)를 하고있는 레몬체리입니다~^^ 저도 지금 일을하고는있지만.. 5년일햇는데도 월급이 박봉.. ㅜㅡ ㅜ;;; 카드값이니 다달이나가는 보험료니.. 너무 부담되고 힘들어서 재택알바를...,https://kin.naver.com/qna/detail.naver?d1id=4&dirId=4&docId=190816793&qb=7Yis7J6h7Jy866GcIOyblOq4iQ==&enc=utf8,,0,4,0,0,4,False
투잡으로 월급,스마트스토어,자유로운 투잡 부업,... 저도 월급만으로는 빠듯해서 투잡으로 할만한일 알아봤는데요 이게 생각보다 수입도 괜찮고 시간이나 장소 제약이 없어서 직장생활하면서도 충분히 가능하더라구요~ 쇼핑몰 홍보글 쓰는 일인데 집에서 짬날때 1~2시간씩 하거든요...,https://kin.naver.com/qna/detail.naver?d1id=4&dirId=40611&docId=433181097&qb=7Yis7J6h7Jy866GcIOyblOq4iQ==&enc=utf8,,0,6,0,0,6,False
투잡으로 월급,기타,직장인 투잡 할만 한가요?,... 저도 투잡으로 이 일을 하고 있어요 많은분들이 투잡으로 하고 계십니다. 요즘 직장인들 고민 다 똑같을 겁니다. 죽어라 일 하는데 월급 들어오고 다음날 이것저것 다 빠져 나가면 통장에 남는건 없고 정말 한숨만 나오죠 아이는 점점...,https://kin.naver.com/qna/detail.naver?d1id=4&dirId=406&docId=277342109&qb=7Yis7J6h7Jy866GcIOyblOq4iQ==&enc=utf8,,0,2,0,0,2,False
투잡으로 월급,기타,투잡 소일거리 질문,"본업은 오전 8시~오후 8시까지 근무하는데 그냥 생활에 보탬이 되기위해서 투잡같은걸 알아보고있습니다 천안에서... 월급으로는 빠듯한 직장생활을 하던 중, 네달전 아지트샵이란 부업을 알게되었어요! 아지트샵을 하고계신분들의...",https://kin.naver.com/qna/detail.naver?d1id=4&dirId=40611&docId=320100227&qb=7Yis7J6h7Jy866GcIOyblOq4iQ==&enc=utf8,,0,4,0,2,2,False
투잡으로 월급,블로그,투잡 중 산업재해발생,... (TV방송 및 증빙자료는 제블로그에 첨부해 두었어요) 편한시간에 편한곳에서 하루 2~3시간만 일하시면 되요.~ 저같은 경우는 투잡으로 6년 5개월째 한달또 빠짐없이 꼬박꼬박 월급 받으며 일해오고 있는 평범한...,https://kin.naver.com/qna/detail.naver?d1id=6&dirId=60803&docId=270003138&qb=7Yis7J6h7Jy866GcIOyblOq4iQ==&enc=utf8,,0,4,0,0,4,False
투잡으로 월급,기타,투잡으로 직장가입자에 되어있고 주택임,"... 요즘은 월급만으로 생활을하며 지내기 빠듯하기때문에 많은 분들이 쉽게 투잡을 생각하시는데요. 그렇다고 무턱대고 투잡을 선택하시기에는 리스크가 있습니다. 투잡을 하기전 기본적으로 준비부터 투잡 업종 선택, 투잡 계획 수립...",https://kin.naver.com/qna/detail.naver?d1id=4&dirId=40309&docId=344614850&qb=7Yis7J6h7Jy866GcIOyblOq4iQ==&enc=utf8,,0,2,0,0,2,False
투잡으로 월급,기타,4조2교대 투잡,... 직장 다니며 잠깐 짬 나는 시간 이용해 소소하게 하는데도 월 수익 500이네요^^ 투 잡이라고 하니깐 거창하게 들릴... ^^ 저처럼 평범한 직장인들은 공감하실 테지만 월급만으로는 한 달 살기가 빠듯하고 시중에 여윳돈이라도...,https://kin.naver.com/qna/detail.naver?d1id=8&dirId=81302&docId=404094977&qb=7Yis7J6h7Jy866GcIOyblOq4iQ==&enc=utf8,,0,4,0,0,4,False
투잡으로 월급,스마트스토어,투잡 회사,... 투잡으로 고민하시는 글쓴이 분 혹시 재택으로 일하는 부업은 관심있으신가요? 저도 점점 오르는 물가에 월급만으로는 부족한 것 같아서 찾아보다가 이 부업을 만나게 되었어요. 하루 1-2시간 정도만 시간내셔서 대기업 쇼핑몰을...,https://kin.naver.com/qna/detail.naver?d1id=6&dirId=6080401&docId=406437368&qb=7Yis7J6h7Jy866GcIOyblOq4iQ==&enc=utf8,,0,8,0,0,8,False
투잡으로 월급,블로그,1톤지입 투잡을 찾습니다?,... (TV방송 및 증빙자료는 제블로그에 첨부해 두었어요) 편한시간에 편한곳에서 하루 2~3시간만 일하시면 되요.~ 저같은 경우는 투잡으로 5년 2개월째 한달또 빠짐없이 꼬박꼬박 월급 받으며 일해오고 있는 평범한...,https://kin.naver.com/qna/detail.naver?d1id=8&dirId=81302&docId=256181485&qb=7Yis7J6h7Jy866GcIOyblOq4iQ==&enc=utf8,,0,4,0,0,4,False
투잡으로 월급,배달,내공500 ] 배민커넥트 연말정산 투잡,"안녕하세요 저는 직장을 다니면서, 겸업 투잡으로 배민커넥트를 하고있습니다. 배민커넥트 고객센터가 답답하여... 배민커넥트는 사업소득에 따른 원천징수 후 월급이 지급되고 있는 것일테니 종합소득신고 전까지 신경쓰실...",https://kin.naver.com/qna/detail.naver?d1id=4&dirId=40311&docId=423368851&qb=7Yis7J6h7Jy866GcIOyblOq4iQ==&enc=utf8,,0,2,0,0,2,False
투잡으로 월급,기타,투잡가능한가요?,... 국세청 홈택스에서 집에서 바로 신청하시면 됩니다 단 회사에서 투잡을 금지한다면 곤란해질수도 있겠죠. 게 염려되시면 제가 하는 일 하시면 그런 걱정없이 마음편하게 하실 수 있으세요. 열심히 하면 직장인 월급정도는 충분히...,https://kin.naver.com/qna/detail.naver?d1id=4&dirId=406&docId=266928788&qb=7Yis7J6h7Jy866GcIOyblOq4iQ==&enc=utf8,,0,2,0,0,2,False
투잡으로 월급,기타,격일로 투잡할만한게 무엇이있을까요?,"... 안녕하세요 (˘◡˘∗) 저 역시 피부관리사로 직장을 다니고 있었지만 직장월급만으로 치솟는 물가에 생활이 빠듯했던지라 자연스레 투잡을 생각하게 되었고, 그렇게 시작한 부업으로 시간+장소 구애없이 자유롭고 편하게 일할수...",https://kin.naver.com/qna/detail.naver?d1id=6&dirId=60102&docId=367445549&qb=7Yis7J6h7Jy866GcIOyblOq4iQ==&enc=utf8,,0,4,0,0,4,False
투잡으로 월급,기타,회사원이 투잡할때 명의는 ?,"... ( 월급은 200 ) 만약 제가 투잡으로 조그만 커피숍/의류점등을 하나 더 갖고 알바생을 고용해서 장사를 한다고 할때, 이 가게들의 명의를 어떻게 하는게 좋으며, 세금/건강보험/국민연금등은 어떻게 되는지요 ? 아래의 예를...",https://kin.naver.com/qna/detail.naver?d1id=4&dirId=406&docId=127294732&qb=7Yis7J6h7Jy866GcIOyblOq4iQ==&enc=utf8,,0,2,0,0,2,False
투잡으로 월급,유튜브,교사 투잡하기,"... 제가 (중학교) 교사도 하고 싶고 웹툰작가도 하고 싶었는데요, 다른 답변들을 보니깐 공무원(교사 포함) 은 투잡은... 다만 출판사 직원으로 소속되어 월급 받는 작가가 아닌 작품 판매량 및 조회수에 비례되어 원고료가 지급되는...",https://kin.naver.com/qna/detail.naver?d1id=4&dirId=40602&docId=359521851&qb=7Yis7J6h7Jy866GcIOyblOq4iQ==&enc=utf8,,0,2,0,0,2,False
투잡으로 월급,블로그,직장인투잡알바 할 만 한 거 있나요?,... (TV방송 및 증빙자료는 제블로그에 첨부해 두었어요) 편한시간에 편한곳에서 하루 2~3시간만 일하시면 되요.~ 저같은 경우는 투잡으로 6년 5개월째 한달또 빠짐없이 꼬박꼬박 월급 받으며 일해오고 있는 평범한 가정주부로 하루 2~3시간...,https://kin.naver.com/qna/detail.naver?d1id=4&dirId=40611&docId=276022914&qb=7Yis7J6h7Jy866GcIOyblOq4iQ==&enc=utf8,,0,4,0,0,4,False
투잡으로 월급,기타,저는 투잡을하고있습니다 오전8시반부터,... 알려주세여 요즘은 월급만으로 생활을하며 지내기 빠듯하기때문에 많은 분들이 쉽게 투잡을 생각하시는데요. 그렇다고 무턱대고 투잡을 선택하시기에는 리스크가 있습니다. 투잡을 하기전 기본적으로 준비부터 투잡 업종 선택...,https://kin.naver.com/qna/detail.naver?d1id=4&dirId=40301&docId=355959210&qb=7Yis7J6h7Jy866GcIOyblOq4iQ==&enc=utf8,,0,2,0,0,2,False
투잡으로 월급,블로그,일끝나면 8시가 되는데 투잡 어떤걸 해야할까여,... (TV방송 및 증빙자료는 제블로그에 첨부해 두었습니다) 편한시간에 편한곳에서 하루 2~3시간만 일하시면 됩니다.~ 저같은 경우는 투잡으로 6년 5개월째 한달또 빠짐없이 꼬박꼬박 월급 받으며 일해오고 있는 평범한 가정주부로 하루 2...,https://kin.naver.com/qna/detail.naver?d1id=4&dirId=40611&docId=272096413&qb=7Yis7J6h7Jy866GcIOyblOq4iQ==&enc=utf8,,0,4,0,0,4,False
투잡으로 월급,기타,제가 투잡으로 노래주점에 알바를 해요,... 그런데 사장님이 월급으로 최저시급으로 준다... 이고 월급으로 계산하면 156만원 이네요.. 이거 좀 아니지... 월급 계산 시 주휴수당이 포함되지 않을 것으로 보여집니다. 월급근로자는 월소정근로시간을...,https://kin.naver.com/qna/detail.naver?d1id=6&dirId=60802&docId=442070836&qb=7Yis7J6h7Jy866GcIOyblOq4iQ==&enc=utf8,,0,2,0,0,2,False
투잡으로 월급,기타,투잡 한거도 소득세 또 신고 해야해요?,... ㅠㅠㅠㅠㅠㅠㅠㅠㅠㅠㅠㅠㅠㅠ 자세하게 알려주시면 감사하겠습니다 ㅠㅠ 요즘은 월급만으로 생활을하며 지내기 빠듯하기때문에 많은 분들이 쉽게 투잡을 생각하시는데요. 그렇다고 무턱대고 투잡을 선택하시기에는 리스크가...,https://kin.naver.com/qna/detail.naver?d1id=4&dirId=40309&docId=344914925&qb=7Yis7J6h7Jy866GcIOyblOq4iQ==&enc=utf8,,0,2,0,0,2,False
투잡으로 월급,기타,리니지m 투잡,... 부업이라기보다는 투잡에 가까운데 지금 하는것만으로는 부족한 감이있어요 어차피 지금하는일도 장소... 재택알바로 지금은 남편월급의 2~3배 이상씩 벌고 있습니다. 막상 시작하려고 하면 궁금한 것도 많고 어렵게 느껴지는 부분도...,https://kin.naver.com/qna/detail.naver?d1id=2&dirId=20111&docId=294972180&qb=7Yis7J6h7Jy866GcIOyblOq4iQ==&enc=utf8,,0,6,0,2,4,False
투잡으로 월급,기타,교통사고 휴업손해 개인사업자 투잡,... 투잡은 올 2월부터 치킨집 저 혼자 하고 있고 시작한지얼마안되서 세금신고한게 없습니다. 매출은 달 1200만원 정도 인데 포스기에 찍힌 매출론ㄴ 인정이 안되는건가요? 쓰리잡은 시작한지 한달정도 되었고 이번달 월급이 100정도...,https://kin.naver.com/qna/detail.naver?d1id=6&dirId=60213&docId=353425628&qb=7Yis7J6h7Jy866GcIOyblOq4iQ==&enc=utf8,,0,4,0,0,4,False
투잡으로 월급,기타,투잡 질문있습니다,... 직장 다니며 잠깐 짬 나는 시간 이용해 소소하게 하는데도 월 수익 500이네요^^ 투 잡이라고 하니깐 거창하게 들릴... ^^ 저처럼 평범한 직장인들은 공감하실 테지만 월급만으로는 한 달 살기가 빠듯하고 시중에 여윳돈이라도 있었으면...,https://kin.naver.com/qna/detail.naver?d1id=6&dirId=6100401&docId=406656467&qb=7Yis7J6h7Jy866GcIOyblOq4iQ==&enc=utf8,,0,4,0,2,2,False
투잡으로 월급,기타,직장인 투잡 고용보험 산재보험 중복되면?,... 주말에 너무 할것도 없고 일당직 투잡 아르바이트 보고 있는데 일당직인데도 고용보험과 산재보험이 들어있네요...... 질문> 여러분이 원하는 알바의 수익/월급은 얼마면 되실까요?!! 이러한 질문에 많은 사람들이 이렇게...,https://kin.naver.com/qna/detail.naver?d1id=4&dirId=406&docId=263786322&qb=7Yis7J6h7Jy866GcIOyblOq4iQ==&enc=utf8,,0,4,0,2,2,False
투잡으로 월급,기타,투잡(근로소득+파트타임)시 발생될수 있는 문제점은?,... 투잡은 법적으로 불법이 아닌 합법입니다 단 회사 사칙에 투잡 금지 조항이 있는데 어기고 했을시 발생되는 문제점은 투잡으로 인해 회사에 피해를 주지만 않으면 괜찮은데요 피해를 입혔을 때 사측에서는 월급 감봉이나 정지 또는...,https://kin.naver.com/qna/detail.naver?d1id=6&dirId=60222&docId=386040994&qb=7Yis7J6h7Jy866GcIOyblOq4iQ==&enc=utf8,,0,2,0,0,2,False
투잡으로 월급,블로그,직장다니며 투잡으로 할만한 부업 어떤게 있을까요?,... (TV방송 및 증빙자료는 제블로그에 첨부해 두었습니다) 편한시간에 편한곳에서 하루 2~3시간만 일하시면 됩니다.~ 저같은 경우는 투잡으로 6년 5개월째 한달또 빠짐없이 따박따박 월급 받으며 일해오고 있는 평범한 가정주부로 하루 2...,https://kin.naver.com/qna/detail.naver?d1id=4&dirId=406&docId=271285144&qb=7Yis7J6h7Jy866GcIOyblOq4iQ==&enc=utf8,,0,6,0,0,6,False
투잡으로 월급,기타,코로나휴업수당지급받는중 투잡가능한가요?,"... 요즘은 월급만으로 생활을하며 지내기 빠듯하기때문에 많은 분들이 쉽게 투잡을 생각하시는데요. 그렇다고 무턱대고 투잡을 선택하시기에는 리스크가 있습니다. 투잡을 하기전 기본적으로 준비부터 투잡 업종 선택, 투잡 계획 수립...",https://kin.naver.com/qna/detail.naver?d1id=4&dirId=40611&docId=356896680&qb=7Yis7J6h7Jy866GcIOyblOq4iQ==&enc=utf8,,0,2,0,0,2,False
투잡으로 월급,기타,"투잡, 소득증빙가능 급하게 200정도 필요해요","... 요즘은 월급만으로 생활을하며 지내기 빠듯하기때문에 많은 분들이 쉽게 투잡을 생각하시는데요. 그렇다고 무턱대고 투잡을 선택하시기에는 리스크가 있습니다. 투잡을 하기전 기본적으로 준비부터 투잡 업종 선택, 투잡 계획 수립...",https://kin.naver.com/qna/detail.naver?d1id=4&dirId=40105&docId=349408015&qb=7Yis7J6h7Jy866GcIOyblOq4iQ==&enc=utf8,,0,2,0,0,2,False
투잡으로 월급,기타,투잡 종합소득세는 어떻게 신고하며 산정되나요?,"... 요즘은 월급만으로 생활을하며 지내기 빠듯하기때문에 많은 분들이 쉽게 투잡을 생각하시는데요. 그렇다고 무턱대고 투잡을 선택하시기에는 리스크가 있습니다. 투잡을 하기전 기본적으로 준비부터 투잡 업종 선택, 투잡 계획 수립...",https://kin.naver.com/qna/detail.naver?d1id=4&dirId=40301&docId=354308296&qb=7Yis7J6h7Jy866GcIOyblOq4iQ==&enc=utf8,,0,2,0,0,2,False
투잡으로 월급,기타,제가 회사를 다니며 투잡으로 신용카드,"... 재택알바 투잡으로 하다가 재택알바 수익이 훨씬 좋아서 직장 때려치고 재택알바를 본업으로 하게 되었어요 ㅎㅎ 시작하고 3주전까지 벌써 수익이 직장월급을 넘어버렸거든요^^ 하는 일도 단순 반복업무라 어렵지 않고 컴맹,초보등...",https://kin.naver.com/qna/detail.naver?d1id=6&dirId=608&docId=324824732&qb=7Yis7J6h7Jy866GcIOyblOq4iQ==&enc=utf8,,0,6,0,0,6,False
투잡으로 월급,기타,직장인이 투잡으로 할수있는 일 뭐가있,"... 안녕하세요 (ˊᗜˋ*) 저 역시 직장을 다니고 있었지만 점점 치솟는 물가에 월급으로 생활하기 빠듯해져 조금이나마 보탬이 되고자 자연스레 투잡을 찾게 되었고, 그렇게 시작한 부업으로 시간&장소 구애없이 자유롭게 일할수...",https://kin.naver.com/qna/detail.naver?d1id=4&dirId=40602&docId=374732363&qb=7Yis7J6h7Jy866GcIOyblOq4iQ==&enc=utf8,,0,4,0,0,4,False
투잡으로 월급,기타,알바 투잡시 고용보험 상실되는 쪽 알바가 알게되나요?,"아르바이트 투잡을 하게됐는데, 새로구한 알바가 더 급여가 높아 사대보험 가입하면 고용보험이 이쪽으로 가입될거 같은데 그럼 상실되는 쪽 알바측이 투잡 사실을 알게 되나요? 요즘은 월급만으로 생활을하며 지내기 빠듯하기때문에...",https://kin.naver.com/qna/detail.naver?d1id=6&dirId=6080402&docId=356953995&qb=7Yis7J6h7Jy866GcIOyblOq4iQ==&enc=utf8,,0,2,0,0,2,False
투잡으로 월급,기타,직장인인데 편의점 투잡알바 가능한가요??,현재 직장 월급이 부족하진 않지만 최근에 개인 사정으로 돈 들어갈 곳이 많아져서 투잡을 알아보고 있습니다. 편의점 주말알바로 찾아보고 있는데 4대보험이나 기타 근로법 관련해서 문제될 부분이 있을까요?? 일단 일하시는 해당...,https://kin.naver.com/qna/detail.naver?d1id=4&dirId=40611&docId=331807196&qb=7Yis7J6h7Jy866GcIOyblOq4iQ==&enc=utf8,,0,2,0,0,2,False
투잡으로 월급,기타,배민커넥터를 통해 투잡을 해볼까하는데요;;;,"... 요즘은 월급만으로 생활을하며 지내기 빠듯하기때문에 많은 분들이 쉽게 투잡을 생각하시는데요. 그렇다고 무턱대고 투잡을 선택하시기에는 리스크가 있습니다. 투잡을 하기전 기본적으로 준비부터 투잡 업종 선택, 투잡 계획 수립...",https://kin.naver.com/qna/detail.naver?d1id=8&dirId=81208&docId=351316782&qb=7Yis7J6h7Jy866GcIOyblOq4iQ==&enc=utf8,,0,2,0,0,2,False
투잡으로 월급,기타,공무원 투잡,공무원되면 1년동안 학자금 2200만원 갚는게 목푠데요 월급 200중에 생활비 아껴서 100만원쓴다쳐도 월100으로 1년안에 2천은못갚아서 투잡으로 월100은 더 벌어야하는데 현금으로받을수있는 투잡 뭐가있을까요 노가다같은거도...,https://kin.naver.com/qna/detail.naver?d1id=4&dirId=40601&docId=380528379&qb=7Yis7J6h7Jy866GcIOyblOq4iQ==&enc=utf8,,0,2,0,0,2,False
투잡으로 월급,기타,직장생활을 하면서 개인사업도 투잡으로,직장생활을 하면서 개인사업도 투잡으로해야해서 개인사업자도 등록하는거는 가능한가요?? 이 경우 훅시 문제가 될 수... ★ 본직업 월급으론 어림도없다. ★ 부자 되고싶으신 분!!! ★ 타부업으로 손해보신분!! ★ 리스크없이 평생받는...,https://kin.naver.com/qna/detail.naver?d1id=4&dirId=40703&docId=360023555&qb=7Yis7J6h7Jy866GcIOyblOq4iQ==&enc=utf8,,0,4,0,0,4,False
투잡으로 월급,기타,투잡으로 카드 설계사 하고 싶습니다.,직장에 다니고 있는데 투잡으로 카드 설계사를 해볼까 생각중입니다. 인터넷으로 보니까 5일에 한두번은 출근하고... 있으며 월급은 매월 26일에 본인 통장으로 확실하게 입금되어집니다 수익구조등 좀더 상세한 내용은 아래 네임 카드...,https://kin.naver.com/qna/detail.naver?d1id=4&dirId=40104&docId=148097859&qb=7Yis7J6h7Jy866GcIOyblOq4iQ==&enc=utf8,,0,4,0,0,4,False
투잡으로 월급,블로그,짜투리 땅에 투잡으로 밭농사 하고 싶은대요,... (TV방송 및 증빙자료는 제블로그에 첨부해 두었습니다) 편한시간에 편한곳에서 하루 2~3시간만 일하시면 됩니다.~ 저같은 경우는 투잡으로 6년 5개월째 한달또 빠짐없이 따박따박 월급 받으며 일해오고 있는 평범한 가정주부로 하루 2...,https://kin.naver.com/qna/detail.naver?d1id=4&dirId=407&docId=276085391&qb=7Yis7J6h7Jy866GcIOyblOq4iQ==&enc=utf8,,0,4,0,0,4,False
투잡으로 월급,기타,투잡 4대보험가입,... 직장 다니며 잠깐 짬 나는 시간 이용해 소소하게 하는데도 월 수익 500이네요^^ 투 잡이라고 하니깐 거창하게 들릴... ^^ 저처럼 평범한 직장인들은 공감하실 테지만 월급만으로는 한 달 살기가 빠듯하고 시중에 여윳돈이라도 있었으면...,https://kin.naver.com/qna/detail.naver?d1id=6&dirId=61004&docId=406648946&qb=7Yis7J6h7Jy866GcIOyblOq4iQ==&enc=utf8,,0,4,0,0,4,False
투잡으로 월급,기타,직장인 투잡알바 고민,... 투잡으로 일을 하지만 특별히 컴퓨터 앞에 앉을 시간이 없을때는 어플 활동만 할때도 있어요. 어플활동만 해도 월30만원~60만원은 충분히 벌수있어요. 이런일을 한번도 해본적없이 시작을했지만 부수적인 수익금제외하고도 첫월급 2...,https://kin.naver.com/qna/detail.naver?d1id=6&dirId=60805&docId=405901515&qb=7Yis7J6h7Jy866GcIOyblOq4iQ==&enc=utf8,,0,4,0,0,4,False
투잡으로 월급,기타,직장인 투잡 세금,제가 4대보험 가입하고 직장을 다니고 있는데요 주말에 따로 투잡으로 편의점 알바를 하고 있는데 여기서 월급을 받아서 확인해보니 3.3%도 안때고 세금을 하나도 안때고 돈이 그대로 들어왔어요 제가 투잡 하는곳에서 근로계약서도...,https://kin.naver.com/qna/detail.naver?d1id=4&dirId=40301&docId=409612448&qb=7Yis7J6h7Jy866GcIOyblOq4iQ==&enc=utf8,,0,2,0,0,2,False
투잡으로 월급,기타,제가 직장을다니고있는데 아르바이트로 투잡하고자합니다,제가 한 직장에서 3년근속으로 다니고 있는데요ㅠㅠ 연봉 2000정도에 실수령액 150도 안되는 월급이라 ㅠㅠㅠ정신적... 직장은 투잡 무조건 금지 입니다 ㅠㅠㅠ연말정산도 영수증만제출하면 회사에서 다 알아서 해주는데 그런걸로...,https://kin.naver.com/qna/detail.naver?d1id=4&dirId=40311&docId=246845955&qb=7Yis7J6h7Jy866GcIOyblOq4iQ==&enc=utf8,,0,2,0,0,2,False
투잡으로 월급,기타,투잡으로 아파트 주차장 야간세차 해볼,투잡으로 아파트 주차장 야간세차 해볼려고 하는데 근무시간은 21시~24시정도 이고 월급은 56만원입니다. 괜찮은가요? 일이 그렇게 힘들진 않은지? 외부세차만 하는거겠죠? 투잡으로 몸으로 쓰는거는 정말 힘들더라구요 제가 참...,https://kin.naver.com/qna/detail.naver?d1id=8&dirId=809&docId=311396572&qb=7Yis7J6h7Jy866GcIOyblOq4iQ==&enc=utf8,,0,2,0,0,2,False
투잡으로 월급,기타,4대보험 직장인 투잡 질문,... 직장 다니며 잠깐 짬 나는 시간 이용해 소소하게 하는데도 월 수익 500이네요^^ 투 잡이라고 하니깐 거창하게 들릴... ^^ 저처럼 평범한 직장인들은 공감하실 테지만 월급만으로는 한 달 살기가 빠듯하고 시중에 여윳돈이라도 있었으면...,https://kin.naver.com/qna/detail.naver?d1id=6&dirId=61004&docId=406660594&qb=7Yis7J6h7Jy866GcIOyblOq4iQ==&enc=utf8,,0,4,0,2,2,False
투잡으로 월급,기타,투잡 퀵아르바이트하려는데요,... 야간 이패턴으로 5일씩 돌아가는데 생산량에따라 수시로바껴서 투잡 으로 퀵알바를 해보려고 하는데 1.제지인... 재택알바로 지금은 남편월급의 2~3배 이상씩 벌고 있습니다. 막상 시작하려고 하면 궁금한 것도 많고 어렵게 느껴지는...,https://kin.naver.com/qna/detail.naver?d1id=4&dirId=40611&docId=298188646&qb=7Yis7J6h7Jy866GcIOyblOq4iQ==&enc=utf8,,0,4,0,2,2,False
투잡으로 월급,기타,개인회생 부업(투잡)질문있습니다,... 휴무일에는 투잡으로 편의점 야간으로 일하고 있습니다 사장님한테 현금수령 원한다해서 현금수령으로 월급받음 (본사에 알바로 신고는 들어감) 변제계획인가공고 떨어지면 법원에서도 딱히 확인안한다고는 들은거같은데...,https://kin.naver.com/qna/detail.naver?d1id=6&dirId=60203&docId=460028573&qb=7Yis7J6h7Jy866GcIOyblOq4iQ==&enc=utf8,,0,4,0,2,2,False
투잡으로 월급,블로그,일끝나고 할수 있는 투잡 괜찮은곳 있나요?,... (TV방송 및 증빙자료는 제블로그에 첨부해 두었습니다) 편한시간에 편한곳에서 하루 2~3시간만 일하시면 되구요.~ 저같은 경우는 투잡으로 6년 5개월째 한달또 빠짐없이 꼬박꼬박 월급 받으며 일해오고 있는 평범한 가정주부로 하루 2...,https://kin.naver.com/qna/detail.naver?d1id=4&dirId=40611&docId=271791473&qb=7Yis7J6h7Jy866GcIOyblOq4iQ==&enc=utf8,,0,4,0,0,4,False
투잡으로 월급,기타,투잡 사업자 폐업 후 재직하던곳에서 실업급여,"... 요즘은 월급만으로 생활을하며 지내기 빠듯하기때문에 많은 분들이 쉽게 투잡을 생각하시는데요. 그렇다고 무턱대고 투잡을 선택하시기에는 리스크가 있습니다. 투잡을 하기전 기본적으로 준비부터 투잡 업종 선택, 투잡 계획 수립...",https://kin.naver.com/qna/detail.naver?d1id=6&dirId=6080402&docId=344754076&qb=7Yis7J6h7Jy866GcIOyblOq4iQ==&enc=utf8,,0,2,0,0,2,False
투잡으로 월급,기타,투잡 시 특수형태근로종사자 입직 통지서,"... 요즘은 월급만으로 생활을하며 지내기 빠듯하기때문에 많은 분들이 쉽게 투잡을 생각하시는데요. 그렇다고 무턱대고 투잡을 선택하시기에는 리스크가 있습니다. 투잡을 하기전 기본적으로 준비부터 투잡 업종 선택, 투잡 계획 수립...",https://kin.naver.com/qna/detail.naver?d1id=6&dirId=60802&docId=349031316&qb=7Yis7J6h7Jy866GcIOyblOq4iQ==&enc=utf8,,0,2,0,0,2,False
투잡으로 월급,기타,직장을 다니고 있지만 투잡을 하고싶은,"직장을 다니고 있지만 투잡을 하고싶은데 고민이 많이 되네요. 다음날 일에 지장을 주게되면 얻는것보다 잃는게... 월급으로는 빠듯한 직장생활을 하던 중, 네달전 아지트샵이란 부업을 알게되었어요! 아지트샵을 하고계신분들의...",https://kin.naver.com/qna/detail.naver?d1id=4&dirId=40703&docId=321226524&qb=7Yis7J6h7Jy866GcIOyblOq4iQ==&enc=utf8,,0,4,0,0,4,False
투잡으로 월급,블로그,불규칙 시간 야간 투잡 가능한거 없을까요?,... (TV방송 및 증빙자료는 제블로그에 첨부해 두었어요) 편한시간에 편한곳에서 하루 2~3시간만 일하시면 되요.~ 저같은 경우는 투잡으로 5년 2개월째 한달또 빠짐없이 꼬박꼬박 월급 받으며 일해오고 있는 평범한...,https://kin.naver.com/qna/detail.naver?d1id=11&dirId=1117&docId=256674745&qb=7Yis7J6h7Jy866GcIOyblOq4iQ==&enc=utf8,,0,4,0,0,4,False
투잡으로 월급,배달,투잡 종합소득세,제가 투잡으로 배민커넥트를 했었는데 이게 홈택스에서 할라느까 너무 어렵고 이거 신고 대상인가요? 소득이 90... 제2의 월급을 벌면살고있어요 누구나 아는 대기업에서 작정하고 나온 플랫폼입니다 대에박 직장인 주부 누구나...,https://kin.naver.com/qna/detail.naver?d1id=4&dirId=40305&docId=389362216&qb=7Yis7J6h7Jy866GcIOyblOq4iQ==&enc=utf8,,0,2,0,0,2,False
투잡으로 월급,기타,투잡 4대보험,현재 회사에서 교육 받고 있습니다 교육생 신분이고 근로자가 아니라서 교육 받는 동안 월급이 안와서ㅠㅠ 투잡으로 알바를 하려고 하는데 알바는 3시간씩 주 4회이고 현재는 4대보험 잡혀있는게 아무것도 없습니다 투잡으로...,https://kin.naver.com/qna/detail.naver?d1id=6&dirId=6080401&docId=402508663&qb=7Yis7J6h7Jy866GcIOyblOq4iQ==&enc=utf8,,0,2,0,0,2,False
투잡으로 월급,기타,투잡/재택알바나 부업추천부탁요...,... 당신네들 도배때문에 정작 필요한 정보를 하나도 못찾아요그래서 질문하는거니 홍보글 올리지마라진짜직장인 퇴근후 집에서 할 수있는 고수입은 아니더라고 어느정도 수입있는부업이나 투잡할 수 있는것들.. 답좀주세요..월급이 너무...,https://kin.naver.com/qna/detail.naver?d1id=4&dirId=40611&docId=237013133&qb=7Yis7J6h7Jy866GcIOyblOq4iQ==&enc=utf8,,0,6,0,4,2,False
투잡으로 월급,기타,안녕하세요 투잡으로 인력현장일을 할려고합니다,"... 요즘은 월급만으로 생활을하며 지내기 빠듯하기때문에 많은 분들이 쉽게 투잡을 생각하시는데요. 그렇다고 무턱대고 투잡을 선택하시기에는 리스크가 있습니다. 투잡을 하기전 기본적으로 준비부터 투잡 업종 선택, 투잡 계획 수립...",https://kin.naver.com/qna/detail.naver?d1id=6&dirId=6080401&docId=347202024&qb=7Yis7J6h7Jy866GcIOyblOq4iQ==&enc=utf8,,0,2,0,0,2,False
투잡으로 월급,기타,공무원은 투잡이 안되는걸로 압니다.,... 투잡해도 되는건가요? 애매해서물어봅니다 4대보험이 들어가지 않은 알바는 하실수 있으세요~ 월급을 통장으로 받게된다면 가족명의로 받을수 있는거니깐요^^ 집에서 자유롭게 할수 있는 재택부업을 알아보고 계신다면 제가...,https://kin.naver.com/qna/detail.naver?d1id=7&dirId=710&docId=301195643&qb=7Yis7J6h7Jy866GcIOyblOq4iQ==&enc=utf8,,0,6,0,0,6,False
투잡으로 월급,블로그,투잡으로 할만한게 뭐가 있을까요??,... (TV방송 및 증빙자료는 제블로그에 첨부해 두었습니다) 편한시간에 편한곳에서 하루 2~3시간만 일하시면 되구요.~ 저같은 경우는 투잡으로 6년 5개월째 한달또 빠짐없이 꼬박꼬박 월급 받으며 일해오고 있는 평범한 가정주부로 하루 2...,https://kin.naver.com/qna/detail.naver?d1id=8&dirId=8020604&docId=275771730&qb=7Yis7J6h7Jy866GcIOyblOq4iQ==&enc=utf8,,0,4,0,0,4,False
투잡으로 월급,기타,투잡시 개인사업자로 낼지 프리랜서로 할지???,월급여받는 회사다니는 직딩입니다 가끔씩 글쓰는 일이 투잡으로 들어와서 3.3%떼고 받았는데 꽤 쏠쏠 했거든요. 앞으로 2000~3000정도 세컨드수입이 들어올일이 있는데요 개인사업자내는게 낫나요? 3.3%떼고 받는게 낫나요? (계속 직장을...,https://kin.naver.com/qna/detail.naver?d1id=4&dirId=407&docId=345570568&qb=7Yis7J6h7Jy866GcIOyblOq4iQ==&enc=utf8,,0,2,0,0,2,False
투잡으로 월급,블로그,투잡을 하는데 국민연금을 내야하나요?,... (TV방송 및 증빙자료는 제블로그에 첨부해 두었어요) 편한시간에 편한곳에서 하루 2~3시간만 일하시면 되요.~ 저같은 경우는 투잡으로 6년 5개월째 한달또 빠짐없이 꼬박꼬박 월급 받으며 일해오고 있는 평범한 가정주부로 하루 2...,https://kin.naver.com/qna/detail.naver?d1id=6&dirId=60804&docId=289307504&qb=7Yis7J6h7Jy866GcIOyblOq4iQ==&enc=utf8,,0,4,0,0,4,False
투잡으로 월급,블로그,회사원일하면서 택시일 할수있나요 투잡,... (TV방송 및 증빙자료는 제블로그에 첨부해 두었어요) 편한시간에 편한곳에서 하루 2~3시간만 일하시면 되요.~ 저같은 경우는 투잡으로 5년 2개월째 한달또 빠짐없이 꼬박꼬박 월급 받으며 일해오고 있는 평범한 가정주부로 하루 2~3시간...,https://kin.naver.com/qna/detail.naver?d1id=8&dirId=81207&docId=251247524&qb=7Yis7J6h7Jy866GcIOyblOq4iQ==&enc=utf8,,0,4,0,0,4,False
투잡으로 월급,기타,자투리시간 이용해서 투잡 할 만한거 없나요?,자영업자인데 벌이는 시원치 않고 자투리 시간 틈틈이 투잡으로 재택알바를 해 보려고 합니다. 수입이 괜찮은 투잡... 직장 같은 경우에는 고정 월급이 있어서 한달 채우고 받아가는 월급이 있다면 재택알바 같은 경우엔 집에서 하는...,https://kin.naver.com/qna/detail.naver?d1id=4&dirId=40703&docId=344412380&qb=7Yis7J6h7Jy866GcIOyblOq4iQ==&enc=utf8,,0,4,0,0,4,False
투잡으로 월급,기타,투잡으로 편의점 알바를 하고 있는데..,제가 평일에는 다른 직장에서 일하고 있고 주말에만 투잡으로 편의점에서 알바를 하고있습니당! 최저시급에다가... 오늘 월급날이라서 받아보니까 52만원을 받았는데 뭐가 어떻게 된건지 몰라서...세금이 빠져나간걸까요?...,https://kin.naver.com/qna/detail.naver?d1id=6&dirId=60802&docId=447641576&qb=7Yis7J6h7Jy866GcIOyblOq4iQ==&enc=utf8,,0,2,0,0,2,False
투잡으로 월급,기타,"직장인 알바,투잡",... 투잡시 월급+50!! 얼마나 풍족한 삶을 누릴수 있는지 이렇게 쉽게 일하고도 수익을 저정도 챙길수 있으니 현명하신분이라면 망설이지 마세요 ! ^^ 일하는 방법은 매우 간단하며 최소 1회 회사에 방문하시면 방법 알려드립니다~ 초보자도...,https://kin.naver.com/qna/detail.naver?d1id=4&dirId=40611&docId=249355467&qb=7Yis7J6h7Jy866GcIOyblOq4iQ==&enc=utf8,,0,4,0,0,4,False
투잡으로 월급,기타,직장인 투잡,... 직장인 월급 빼곤 모든게 다 오르는 현실이죠.. 대학원 준비때문에 돈이 필요하시면 밖에서 하는 일보다는 집에서 할 수 있는 투잡은 어떠실까요?? 저 역시 직장생활 하면서 투잡으로 일을 하고 있습니다. 집에서 하루에...,https://kin.naver.com/qna/detail.naver?d1id=6&dirId=6080401&docId=289690136&qb=7Yis7J6h7Jy866GcIOyblOq4iQ==&enc=utf8,,0,2,0,0,2,False
투잡으로 월급,기타,사회초년생인데 투잡까지하고있습니다..,"... 제가 지금 받고 있는 월급은 150만원 이고 투잡까지 합하면 180만원인데.. 적금, 펀드 어떤식으로 모아야하는지, 적금으로 계속 짧게 모으는게 나을까요? 그냥펀드로 길게 투자할까요? 선배님들의 정말 좋은 재테크 내공좀...",https://kin.naver.com/qna/detail.naver?d1id=20&dirId=200207&docId=64324192&qb=7Yis7J6h7Jy866GcIOyblOq4iQ==&enc=utf8,,0,4,0,0,4,False
투잡으로 월급,블로그,1톤투잡시 430완제면 얼마정도가 순수입일,... (TV방송 및 증빙자료는 제블로그에 첨부해 두었어요) 편한시간에 편한곳에서 하루 2~3시간만 일하시면 되요.~ 저같은 경우는 투잡으로 6년 5개월째 한달또 빠짐없이 꼬박꼬박 월급 받으며 일해오고 있는 평범한...,https://kin.naver.com/qna/detail.naver?d1id=3&dirId=30702&docId=268569529&qb=7Yis7J6h7Jy866GcIOyblOq4iQ==&enc=utf8,,0,4,0,0,4,False
투잡으로 월급,블로그,공무원투잡 할수있는거 추천부탁드려요,... (TV방송 및 증빙자료는 제블로그에 첨부해 두었어요) 편한시간에 편한곳에서 하루 2~3시간만 일하시면 되요.~ 저같은 경우는 투잡으로 6년 5개월째 한달또 빠짐없이 꼬박꼬박 월급 받으며 일해오고 있는 평범한...,https://kin.naver.com/qna/detail.naver?d1id=4&dirId=40601&docId=268552757&qb=7Yis7J6h7Jy866GcIOyblOq4iQ==&enc=utf8,,0,4,0,2,2,False
투잡으로 월급,기타,학원강사입니다 다른 학원에서 투잡 뛰려하는데,... B학원에 투잡(3.3퍼) 뛰려하는데.. 다른학원에서 제가 A학원에서 근무하고 있다는걸 B쪽에서 알 수가 있나요? ( 굳이 말 안하고싶어서요.. ) B쪽에서 근로계약서를 쓰고 거기서 저에게 월급을 주는 과정에서.. 제가 A학원에서 근무중인걸...,https://kin.naver.com/qna/detail.naver?d1id=6&dirId=60802&docId=359324282&qb=7Yis7J6h7Jy866GcIOyblOq4iQ==&enc=utf8,,0,2,0,0,2,False
투잡으로 월급,기타,카페 평일 주말 투잡 가능할까요?,... 직장 다니며 잠깐 짬 나는 시간 이용해 소소하게 하는데도 월 수익 500이네요^^ 투 잡이라고 하니깐 거창하게 들릴... ^^ 저처럼 평범한 직장인들은 공감하실 테지만 월급만으로는 한 달 살기가 빠듯하고 시중에 여윳돈이라도...,https://kin.naver.com/qna/detail.naver?d1id=4&dirId=40611&docId=403904200&qb=7Yis7J6h7Jy866GcIOyblOq4iQ==&enc=utf8,,0,4,0,0,4,False
투잡으로 월급,블로그,일끝나고 투잡으로 할수있는 일이 있을까요?,... (TV방송 및 증빙자료는 제블로그에 첨부해 두었습니다) 편한시간에 편한곳에서 하루 2~3시간만 일하시면 되구요.~ 저같은 경우는 투잡으로 6년 5개월째 한달또 빠짐없이 꼬박꼬박 월급 받으며 일해오고 있는 평범한 가정주부로 하루 2...,https://kin.naver.com/qna/detail.naver?d1id=4&dirId=40611&docId=271863448&qb=7Yis7J6h7Jy866GcIOyblOq4iQ==&enc=utf8,,0,4,0,0,4,False
투잡으로 월급,스마트스토어,프리랜서 투잡으로 간이사업자 내려고 하는데요~,... 물론 이 사업장에도 나라에서 보기엔 직원없이 사장님 혼자운영하는걸로 되어있구요! ) 이상태에서 투잡으로 간이사업자 내서 쇼핑몰을 하고싶은데요 사업자를 하면 통장에 월급들어오는게 매출로잡혀서 세금이 많이나온다던가...,https://kin.naver.com/qna/detail.naver?d1id=4&dirId=40309&docId=342502258&qb=7Yis7J6h7Jy866GcIOyblOq4iQ==&enc=utf8,,0,6,0,0,6,False
투잡으로 월급,기타,두달전부터 제가 투잡을하면서 몸에무리,"... 요즘은 월급만으로 생활을하며 지내기 빠듯하기때문에 많은 분들이 쉽게 투잡을 생각하시는데요. 그렇다고 무턱대고 투잡을 선택하시기에는 리스크가 있습니다. 투잡을 하기전 기본적으로 준비부터 투잡 업종 선택, 투잡 계획 수립...",https://kin.naver.com/qna/detail.naver?d1id=8&dirId=8030204&docId=350220468&qb=7Yis7J6h7Jy866GcIOyblOq4iQ==&enc=utf8,,0,2,0,0,2,False
투잡으로 월급,기타,환경미화원 공무직 투잡가능합니까? 내공100...,... 투잡으로 일을 하지만 특별히 컴퓨터 앞에 앉을 시간이 없을때는 어플 활동만 할때도 있어요. 어플활동만 해도 월30만원~60만원은 충분히 벌수있어요. 이런일을 한번도 해본적없이 시작을했지만 부수적인 수익금제외하고도 첫월급 2...,https://kin.naver.com/qna/detail.naver?d1id=6&dirId=611&docId=385700487&qb=7Yis7J6h7Jy866GcIOyblOq4iQ==&enc=utf8,,0,4,0,0,4,False
투잡으로 월급,기타,4대보험 가입시 투잡을 하면 어떻게,... 따라서 회사 사규에서 투잡을 금지하는 것이 아니라면 근로자는 2개의 직장에 고용될 수 있습니다. 2개의 직장에 고용될 경우 각각의 직장에서 4대보험을 가입하게 됩니다. 다만 고용보험료는 월급을 많이 받는 정규직 직장에서만...,https://kin.naver.com/qna/detail.naver?d1id=6&dirId=6080402&docId=315742357&qb=7Yis7J6h7Jy866GcIOyblOq4iQ==&enc=utf8,,0,2,0,0,2,False
투잡으로 월급,기타,글로벌셀러를 투잡으로 한다면 사업자등록을 꼭...,"... 아이키우면서부업으로,공부하면서알바로,직장인투잡으로인기입니다 적은월급에,고물가에,지출이많다보니 현대인들의 투잡은기본이되어버렸어여 평소에 내일하다가,아니면쉬면서도 얼마든지 편하게일할수있어서 매력입니다...",https://kin.naver.com/qna/detail.naver?d1id=4&dirId=407&docId=179074559&qb=7Yis7J6h7Jy866GcIOyblOq4iQ==&enc=utf8,,0,4,0,0,4,False
투잡으로 월급,스마트스토어,직장인 투잡으로 스마트스토억,"투잡/부업으로 스마트스토어운영을 준비하고있습니다. 상품 상세는 만드는중이고 개설. 통신판매신고증 등... 제2의 월급을 챙겨가시는 분들도 많아요 도매로 사입해서 판매하셔야할텐데, 보통 도매몰은 물건을 발주해도 품목이 다르면...",https://kin.naver.com/qna/detail.naver?d1id=4&dirId=40701&docId=419473992&qb=7Yis7J6h7Jy866GcIOyblOq4iQ==&enc=utf8,,0,6,0,0,6,False
투잡으로 월급,기타,사회복지사 투잡,"... 생각해보니, 사회복지사로서의 월급이 적은 것 같아 주말에 아르바이트를 하고싶은데 사회복지사 투잡, 가능한가요? 아니면 불법인가요? 듣기로는 같은 계열만 아니면 된다고 하던데 어떤게 맞는건가요? 투잡으로 할수있는 재택알바...",https://kin.naver.com/qna/detail.naver?d1id=6&dirId=61001&docId=254662497&qb=7Yis7J6h7Jy866GcIOyblOq4iQ==&enc=utf8,,0,4,0,0,4,False
투잡으로 월급,블로그,저도 개인사업자인데 사정상 투잡을 시작했습니다,... (TV방송 및 증빙자료는 제블로그에 첨부해 두었어요) 편한시간에 편한곳에서 하루 2~3시간만 일하시면 되요.~ 저같은 경우는 투잡으로 6년 5개월째 한달또 빠짐없이 꼬박꼬박 월급 받으며 일해오고 있는 평범한...,https://kin.naver.com/qna/detail.naver?d1id=6&dirId=6100401&docId=269578511&qb=7Yis7J6h7Jy866GcIOyblOq4iQ==&enc=utf8,,0,4,0,0,4,False
투잡으로 월급,기타,투잡 연말 정산을 어떻게 해야되는지 궁금하네요,... 그런데 야간에 투잡으로 연소득을 보니 제 월급보다 많은 금액을 받는 상태인지라 일용직 근로자로 약 2100만원 잡혔있는상태입니다. (한사업장에 6개월이상 근무중입니다.) 야간에 일한거 정산받을때 노무비로 지급으로...,https://kin.naver.com/qna/detail.naver?d1id=4&dirId=40309&docId=346227413&qb=7Yis7J6h7Jy866GcIOyblOq4iQ==&enc=utf8,,0,2,3,2,3,False
투잡으로 월급,기타,투잡으로 신용카드발급 하고싶은데요..,투잡으로 신용카드발급일을 하고 싶은데요... 어떻게 시작해야 할 지 친절하게 알려주실 분 계신가요?? 꼭 현재... 벌어간답니다~~ 월급도 꼬박꼬박 정해진 날짜에 들어와요.... 하는일은 단순업무라 쉽게 일하실 수 있을꺼에요... 더 자세한...,https://kin.naver.com/qna/detail.naver?d1id=4&dirId=40104&docId=178052812&qb=7Yis7J6h7Jy866GcIOyblOq4iQ==&enc=utf8,,0,2,0,0,2,False
투잡으로 월급,블로그,투잡뛰어서 슈퍼카+ 고급외제차 5대 끌고 싶어요,... (TV방송 및 증빙자료는 제블로그에 첨부해 두었어요) 편한시간에 편한곳에서 하루 2~3시간만 일하시면 되요.~ 저같은 경우는 투잡으로 6년 5개월째 한달또 빠짐없이 꼬박꼬박 월급 받으며 일해오고 있는 평범한 가정주부로 하루 2~3시간...,https://kin.naver.com/qna/detail.naver?d1id=8&dirId=8110103&docId=274866676&qb=7Yis7J6h7Jy866GcIOyblOq4iQ==&enc=utf8,,0,4,0,0,4,False
투잡으로 월급,기타,투잡으로 회사다니면서 대리기사를 하는,투잡으로 회사다니면서 대리기사를 하는중인데 대리로 버는 비용은 50~60 정도입니다 월 80이하면 종소세신고... 다만 앞서 말씀드렸듯이 회사에 다니는 직장인 중 사이드 잡이있어 월급 외의 다른 수입이 있는 직장인이라면 꼭 신고를...,https://kin.naver.com/qna/detail.naver?d1id=4&dirId=40703&docId=445017489&qb=7Yis7J6h7Jy866GcIOyblOq4iQ==&enc=utf8,,0,2,0,0,2,False
투잡으로 월급,기타,투잡 고용보험관련,"... 요즘은 월급만으로 생활을하며 지내기 빠듯하기때문에 많은 분들이 쉽게 투잡을 생각하시는데요. 그렇다고 무턱대고 투잡을 선택하시기에는 리스크가 있습니다. 투잡을 하기전 기본적으로 준비부터 투잡 업종 선택, 투잡 계획 수립...",https://kin.naver.com/qna/detail.naver?d1id=6&dirId=6080402&docId=350151634&qb=7Yis7J6h7Jy866GcIOyblOq4iQ==&enc=utf8,,0,2,0,0,2,False
투잡으로 월급,기타,요양보호사가투잡하면안되나요,요양보호사가투잡하면안되나요 안녕하세요 집에서 재택알바를 투잡으로 햇님반짝 내 인생을 그려나고 있는 열정 가득한 시골아가씨 꿀초이입니다^^ 저는 직장은 다니고 있지만 늘 빠듯한 월급봉투에 집에서 할 수 있는 부업.. 퇴근하고...,https://kin.naver.com/qna/detail.naver?d1id=1&dirId=11003&docId=199394722&qb=7Yis7J6h7Jy866GcIOyblOq4iQ==&enc=utf8,,0,6,0,0,6,False
투잡으로 월급,배달,직장인 투잡 배달대행 질문,안녕하세요 저는 강서구에 거주하고있는 26살 자취생입니다 제가 직장을 다니고있습니다 직장위치는 국회의사당쪽인데 매달 월급에 비해 고정지출이 많다보니 직장인 투잡을 알아보고있는중인데요 직장인 투잡을 보면 보통 타이핑...,https://kin.naver.com/qna/detail.naver?d1id=6&dirId=608&docId=290546207&qb=7Yis7J6h7Jy866GcIOyblOq4iQ==&enc=utf8,,0,4,0,2,2,False
투잡으로 월급,기타,투잡으로 괜찮은 일 알려주세요,"직장다니면서 할수있는 투잡,부업거리 뭐가 있을까요 투잡 생각하시는군요...저도 진짜..솔직히 지금기술직에서 일하고있는데..월급이 너무 짭니다.. 시간은 많고..그래서 정말 한달 한달 생활하기 힘들어서..그 대리운전? 하지는 않았찌만...",https://kin.naver.com/qna/detail.naver?d1id=4&dirId=40611&docId=197326039&qb=7Yis7J6h7Jy866GcIOyblOq4iQ==&enc=utf8,,0,4,0,2,2,False
투잡으로 월급,기타,직장인 쿠팡 플렉스 투잡할 경우 회사에서 알수 있나요?,"... 요즘은 월급만으로 생활을하며 지내기 빠듯하기때문에 많은 분들이 쉽게 투잡을 생각하시는데요. 그렇다고 무턱대고 투잡을 선택하시기에는 리스크가 있습니다. 투잡을 하기전 기본적으로 준비부터 투잡 업종 선택, 투잡 계획 수립...",https://kin.naver.com/qna/detail.naver?d1id=4&dirId=40309&docId=349026578&qb=7Yis7J6h7Jy866GcIOyblOq4iQ==&enc=utf8,,0,2,0,0,2,False
투잡으로 월급,기타,경남 진주 3교대직장인 투잡을 구하려합니다.,"... 요즘은 월급만으로 생활을하며 지내기 빠듯하기때문에 많은 분들이 쉽게 투잡을 생각하시는데요. 그렇다고 무턱대고 투잡을 선택하시기에는 리스크가 있습니다. 투잡을 하기전 기본적으로 준비부터 투잡 업종 선택, 투잡 계획...",https://kin.naver.com/qna/detail.naver?d1id=4&dirId=406&docId=345829409&qb=7Yis7J6h7Jy866GcIOyblOq4iQ==&enc=utf8,,0,2,0,0,2,False
투잡으로 월급,기타,급해요!! 코로나프리랜서지원금 투잡,"현재 체육교육쪽에서 토요일일요일빨간날빼고 4시간씩 100만원에 일을하고있었는데요 19년 12월및1월 체육관페디 백만원씩이구요 투잡으로 다니던 알바20~30만원 찍혀있고, 20년 3월에는 체육관월급x 알바x...",https://kin.naver.com/qna/detail.naver?d1id=1&dirId=113&docId=358550138&qb=7Yis7J6h7Jy866GcIOyblOq4iQ==&enc=utf8,,0,2,0,0,2,False
투잡으로 월급,기타,투잡 4대보험 이중가입,"... a직장이나 b직장에서 제작을 통해 월급을 받으신다면 투잡을 하고 있는지에 대해서는 직장 측에서는 바로 알 수 없습니다. 일반적으로 직장 측은 근로자의 4대 보험 납부와 관련된 정보만을 확인하게 되며, 투잡 중인지 여부는 직접...",https://kin.naver.com/qna/detail.naver?d1id=6&dirId=6080402&docId=449946789&qb=7Yis7J6h7Jy866GcIOyblOq4iQ==&enc=utf8,,0,2,0,0,2,False
투잡으로 월급,배달,대기업 다니는데 쿠팡 이츠 배달 투잡으로 가능할까요?,... 직장인 월급정도는 받을 수 있는 일을 소개해 드릴께요 요즘 코로나로 취업도 창업도 힘든 시기여서 집에서 돈버는 방법으로 앱테크나 재택부업 투잡 등을 많이 알아보고 하는데요 처음 시작할 때만 해도 이런일에 대해서 들어본...,https://kin.naver.com/qna/detail.naver?d1id=4&dirId=401030203&docId=415993387&qb=7Yis7J6h7Jy866GcIOyblOq4iQ==&enc=utf8,,0,8,0,0,8,False
투잡으로 월급,기타,직장인 투잡 시 회사에서 알 수 있는지 여부,"... 한달 월급으로는 생활이 빠듯하여 저도 투잡으로 부업을 알아보고 있었고 , 투잡으로 열심히 지금도 활동중입니다 ^^ 충분히 시간만 투자하시면 가능하세요 ! 그리고 질문자님께서 회사에서 알수 있는지 여부를 물어보셨는데 이...",https://kin.naver.com/qna/detail.naver?d1id=6&dirId=6080401&docId=340283223&qb=7Yis7J6h7Jy866GcIOyblOq4iQ==&enc=utf8,,0,6,0,2,4,False
투잡으로 월급,기타,학원에서 일하는중인데 다른학원에 투잡 뛰려합니다,... B학원에 투잡(3.3퍼) 뛰려하는데.. 다른학원에서 제가 A학원에서 근무하고 있다는걸 B쪽에서 알 수가 있나요? ( 굳이 말 안하고싶어서요.. ) B쪽에서 근로계약서를 쓰고 거기서 저에게 월급을 주는 과정에서.. 제가 A학원에서 근무중인걸...,https://kin.naver.com/qna/detail.naver?d1id=6&dirId=60802&docId=359324046&qb=7Yis7J6h7Jy866GcIOyblOq4iQ==&enc=utf8,,0,2,0,0,2,False
투잡으로 월급,기타,투잡으로 근로소득과 함께 고정 아르바이트 근무 중인데...,... 혹은 4대보험을 떼는 근로소득 회사에서 기본급만 연말정산을 진행하고 알바로 받은 고정 월급은 5월에 종합소득세 신고로 따로 해야하는지 의문이 들어서 남깁니다. 그리고 8월 말에 이직을 하여 1월부터 7월까지의 급여는 다른 전...,https://kin.naver.com/qna/detail.naver?d1id=6&dirId=60802&docId=491020275&qb=7Yis7J6h7Jy866GcIOyblOq4iQ==&enc=utf8,,0,2,0,0,2,False
투잡으로 월급,블로그,투잡 알바에서 4대보허을 띠면 기존직장에서 알게 되나요?,... (TV방송 및 증빙자료는 제블로그에 첨부해 두었습니다) 편한시간에 편한곳에서 하루 2~3시간만 일하시면 됩니다.~ 저같은 경우는 투잡으로 6년 5개월째 한달또 빠짐없이 꼬박꼬박 월급 받으며 일해오고 있는 평범한 가정주부로 하루 2...,https://kin.naver.com/qna/detail.naver?d1id=4&dirId=40612&docId=275863009&qb=7Yis7J6h7Jy866GcIOyblOq4iQ==&enc=utf8,,0,4,0,0,4,False
투잡으로 월급,기타,직장인투잡 알바와 4대보험가입,... 저도 지금 회사를 다니며 시작 했던 일이 본래 회사의 월급과 비등 할 정도로 쉽고 제약 없는 자유로운 환경 이지만 투잡으로 이정도의 수익을 볼수도 있구나 라는 생각을 하고있습니다. 쉬운 업무 이기에 조금의 성실함 만...,https://kin.naver.com/qna/detail.naver?d1id=6&dirId=6080402&docId=244466800&qb=7Yis7J6h7Jy866GcIOyblOq4iQ==&enc=utf8,,0,4,0,0,4,False
투잡으로 월급,블로그,종합격투기 준비하는대 투잡을 해야하는대 어떡하죠,... (TV방송 및 증빙자료는 제블로그에 첨부해 두었어요) 편한시간에 편한곳에서 하루 2~3시간만 일하시면 되요.~ 저같은 경우는 투잡으로 6년 5개월째 한달또 빠짐없이 꼬박꼬박 월급 받으며 일해오고 있는 평범한...,https://kin.naver.com/qna/detail.naver?d1id=10&dirId=1004&docId=269139194&qb=7Yis7J6h7Jy866GcIOyblOq4iQ==&enc=utf8,,0,4,0,0,4,False
투잡으로 월급,기타,투잡으로원천징수 3.3% 다른곳 4대보험가입 가능여부,... 법적으로는 문제없으니 걱정하지 마세요^^ 그리고 투잡/부업 하실꺼면 재택알바 1위인 곳에서 해보시는게 어떠세요? 집에서 컴퓨터로 하루에 2~3시간만 하면되고요 출퇴근없이 원하는시간에 일하시면 됩니다. 일반회사원보다 월급도...,https://kin.naver.com/qna/detail.naver?d1id=6&dirId=6080402&docId=249948415&qb=7Yis7J6h7Jy866GcIOyblOq4iQ==&enc=utf8,,0,6,0,0,6,False
투잡으로 월급,기타,간이과세자인데 투잡을...,2018년 부터 현재까지 간이과세자인데(통신 판매 포함) 한달에 50마넌 매출 정도 밖에 안되어서 낮에 식당에서 투잡으로 일하는데 식당에 2달째 다니고 있고 프리랜서 소득신고 하겠다 하더군여..월급 300정도 되고 저번달(30일)과 이번달...,https://kin.naver.com/qna/detail.naver?d1id=4&dirId=40301&docId=362198313&qb=7Yis7J6h7Jy866GcIOyblOq4iQ==&enc=utf8,,0,4,0,0,4,False
투잡으로 월급,기타,아르바이트 세금 계산 (투잡),... 감사합니다 요즘은 월급만으로 생활을하며 지내기 빠듯하기때문에 많은 분들이 쉽게 투잡을 생각하시는데요. 그렇다고 무턱대고 투잡을 선택하시기에는 리스크가 있습니다. 투잡을 하기전 기본적으로 준비부터 투잡 업종 선택...,https://kin.naver.com/qna/detail.naver?d1id=4&dirId=40301&docId=345460998&qb=7Yis7J6h7Jy866GcIOyblOq4iQ==&enc=utf8,,0,2,0,0,2,False
투잡으로 월급,블로그,직장다니면서 알바로 투잡뛰는거 괜찮을까요?,... (TV방송 및 증빙자료는 제블로그에 첨부해 두었어요) 편한시간에 편한곳에서 하루 2~3시간만 일하시면 되요.~ 저같은 경우는 투잡으로 5년 2개월째 한달또 빠짐없이 꼬박꼬박 월급 받으며 일해오고 있는 평범한...,https://kin.naver.com/qna/detail.naver?d1id=6&dirId=60802&docId=260157090&qb=7Yis7J6h7Jy866GcIOyblOq4iQ==&enc=utf8,,0,4,0,0,4,False
투잡으로 월급,블로그,직장인투잡으로 어떤 일이 괜찮을까요????,... (TV방송 및 증빙자료는 제블로그에 첨부해 두었어요) 편한시간에 편한곳에서 하루 2~3시간만 일하시면 되요.~ 저같은 경우는 투잡으로 5년 2개월째 한달또 빠짐없이 꼬박꼬박 월급 받으며 일해오고 있는 평범한...,https://kin.naver.com/qna/detail.naver?d1id=4&dirId=406&docId=252501362&qb=7Yis7J6h7Jy866GcIOyblOq4iQ==&enc=utf8,,0,4,0,0,4,False
투잡으로 월급,기타,곧 투잡을 합니다. 세금을 어떻게 다루는지 조언 부탁...,현재 저는 다른 개인사업자 밑에서 일하고 있고 월급 받으며 살고 있고 그 개인사업자의 세무사가 직접 정산합니다. 곧 제가 개인 사업을 할 건데 개인사업자로 등록하고 곧 투잡을 띄웁니다. 그렇다면 그 개인 사업의 세무 관련...,https://kin.naver.com/qna/detail.naver?d1id=4&dirId=40301&docId=491454563&qb=7Yis7J6h7Jy866GcIOyblOq4iQ==&enc=utf8,,0,2,0,0,2,False
투잡으로 월급,기타,사업자가 있어도 투잡을 할 수 있나요?,... 당연히 사업소득은 0원이구요 2.투잡을 하면서 버는 월급이 사업소득이 되나요? 3.소득이 0원이고 투잡으로 일하면서 버는 월급이 들어올때 따로 신고해야 하는게 있나요? 4.일 하는 곳에 제가 사업자가 있다는 것을...,https://kin.naver.com/qna/detail.naver?d1id=4&dirId=40309&docId=362465643&qb=7Yis7J6h7Jy866GcIOyblOq4iQ==&enc=utf8,,0,2,0,0,2,False
투잡으로 월급,블로그,30대 초 직장인인데 경제적으로 힘들어서 투잡을...,... (TV방송 및 증빙자료는 제블로그에 첨부해 두었습니다) 편한시간에 편한곳에서 하루 2~3시간만 일하시면 됩니다.~ 저같은 경우는 투잡으로 6년 5개월째 한달또 빠짐없이 꼬박꼬박 월급 받으며 일해오고 있는 평범한 가정주부로 하루 2...,https://kin.naver.com/qna/detail.naver?d1id=4&dirId=40107&docId=276179085&qb=7Yis7J6h7Jy866GcIOyblOq4iQ==&enc=utf8,,0,4,0,0,4,False
투잡으로 월급,블로그,계약직 공무원 투잡,... (TV방송 및 증빙자료는 제블로그에 첨부해 두었어요) 편한시간에 편한곳에서 하루 2~3시간만 일하시면 되요.~ 저같은 경우는 투잡으로 5년 2개월째 한달또 빠짐없이 꼬박꼬박 월급 받으며 일해오고 있는 평범한...,https://kin.naver.com/qna/detail.naver?d1id=4&dirId=40601&docId=258547800&qb=7Yis7J6h7Jy866GcIOyblOq4iQ==&enc=utf8,,0,4,0,0,4,False
투잡으로 월급,기타,투잡시 4대보험 처리관련,... 투잡으로 계약직(월급제)을 주5일 근무제로 진행하려고 하는데요 현재 일용직 월 총 급여가 더 높은 상황이고 계약직이 급여가 더 낮습니다. 일용직 : 계약직 = 6 : 4 이럴때는 사용자에게 계약직 4대보험 가입시에 고용보험...,https://kin.naver.com/qna/detail.naver?d1id=6&dirId=6080401&docId=392925548&qb=7Yis7J6h7Jy866GcIOyblOq4iQ==&enc=utf8,,0,2,0,0,2,False
투잡으로 월급,기타,리서치알바 투잡가능한가요?,"... 요즘은 월급만으로 생활을하며 지내기 빠듯하기때문에 많은 분들이 쉽게 투잡을 생각하시는데요. 그렇다고 무턱대고 투잡을 선택하시기에는 리스크가 있습니다. 투잡을 하기전 기본적으로 준비부터 투잡 업종 선택, 투잡 계획 수립...",https://kin.naver.com/qna/detail.naver?d1id=4&dirId=40611&docId=353987330&qb=7Yis7J6h7Jy866GcIOyblOq4iQ==&enc=utf8,,0,2,0,0,2,False
투잡으로 월급,기타,코로나로 인한 무급휴가 경우에 투잡 하면 법적으로...,"... 저역시도 본업과함께 투잡으로 일을하고있어요. 본업에 지장을 주지 않는선에서 자유롭게 일을하고있구요. 이런일을 한번도 해본적없이 시작을했지만 부수적인 수익금제외하고도 첫월급 2,018,000원으로 시작을했어요.",https://kin.naver.com/qna/detail.naver?d1id=6&dirId=60222&docId=352557152&qb=7Yis7J6h7Jy866GcIOyblOq4iQ==&enc=utf8,,0,4,0,0,4,False
투잡으로 월급,기타,투잡하고 싶은데 집에서 재택으로 할 만한게 있을까요?,"... 직장인투잡 멘토 만두, 주부전문 멘토 만두 초조자를 위한 멘토 만두, 재택부업 전문가 멘토 만두 저는 많은 분들께 이렇게 불리고 있어요~ 저는 부양해야 할 가족들과 대출 빚에 허덕이는 인생을 살았어요. 일은 하고 있지만 월급으...",https://kin.naver.com/qna/detail.naver?d1id=4&dirId=40611&docId=350371391&qb=7Yis7J6h7Jy866GcIOyblOq4iQ==&enc=utf8,,0,6,0,0,6,False
투잡으로 월급,기타,투잡 배커 로 킥보드나 오토바이 구매 갈등 중입니다,"... 요즘은 월급만으로 생활을하며 지내기 빠듯하기때문에 많은 분들이 쉽게 투잡을 생각하시는데요. 그렇다고 무턱대고 투잡을 선택하시기에는 리스크가 있습니다. 투잡을 하기전 기본적으로 준비부터 투잡 업종 선택, 투잡 계획...",https://kin.naver.com/qna/detail.naver?d1id=4&dirId=40611&docId=349134105&qb=7Yis7J6h7Jy866GcIOyblOq4iQ==&enc=utf8,,0,2,0,0,2,False
투잡으로 월급,스마트스토어,투잡 알바비 임금체불,... 쥐꼬리만한 월급으론 하고싶은거 못하시져? 투잡으로 하고싶은거 다하실수있습니다^^ 인터넷을 활용한 홍보활동과 개인쇼핑몰 운영이 가능 하십니다. 회사에서 제공하는 업무자료와 방법으로 보다 쉽게 업무를 하실 수...,https://kin.naver.com/qna/detail.naver?d1id=6&dirId=60802&docId=136830157&qb=7Yis7J6h7Jy866GcIOyblOq4iQ==&enc=utf8,,0,4,0,0,4,False
투잡으로 월급,기타,투잡 알바,... 지금 자취 중이다 보니 월급이 들어와도 이것 저것에 돈이 많이 나가더라구요ㅠㅠ 근무 시간은 현재 오전 7시... 투잡하시는 분들! 이러한 부분은 보통 회사에 얘기를 하시나요? 알바 시간이 근무시간과 겹칠일이 거의 없긴 한데.......,https://kin.naver.com/qna/detail.naver?d1id=4&dirId=40611&docId=313109650&qb=7Yis7J6h7Jy866GcIOyblOq4iQ==&enc=utf8,,0,2,0,0,2,False
투잡으로 월급,기타,유급휴직 투잡,"... ㅠㅠ 요즘은 월급만으로 생활을하며 지내기 빠듯하기때문에 많은 분들이 쉽게 투잡을 생각하시는데요. 그렇다고 무턱대고 투잡을 선택하시기에는 리스크가 있습니다. 투잡을 하기전 기본적으로 준비부터 투잡 업종 선택, 투잡 계획...",https://kin.naver.com/qna/detail.naver?d1id=6&dirId=60802&docId=350091052&qb=7Yis7J6h7Jy866GcIOyblOq4iQ==&enc=utf8,,0,2,0,0,2,False
투잡으로 월급,기타,월급쟁이 투잡시 문제점,"월급쟁이들이 투작시 문제점이 어떤건가요? ^^ 투잡시 문제점은 몇가지 들수 있습니다. 첫번째, 시간제약이 있을수 있습니다. 두번째, 본업에 차질이 생길수 있습니다. 세번째, 소득이 잡힐때 회사에 통보 될수 있습니다.~ 네번째...",https://kin.naver.com/qna/detail.naver?d1id=4&dirId=40301&docId=429055834&qb=7Yis7J6h7Jy866GcIOyblOq4iQ==&enc=utf8,,0,2,0,0,2,False
투잡으로 월급,기타,투잡 종합소득세 신고,... 그리고 오전알바 월급 24만원 오후알바 월급 36만원 정도인데 어느정도 세금이 빠져 나가나요..? 투잡이면...매년 5월에 종합 소득세 신고를 하시면 되고... 정확한건...내년 5월이 되봐야 알겠지만 그 정도의 수입이라면 종합소득세...,https://kin.naver.com/qna/detail.naver?d1id=4&dirId=40301&docId=405546753&qb=7Yis7J6h7Jy866GcIOyblOq4iQ==&enc=utf8,,0,2,0,0,2,False
투잡으로 월급,기타,카카오 드라이버 기사(투잡),회사가 어려워지니 투잡으로 해볼 심산인데.... 세금 문제때문에 망설여지네요 세금을 내는건 상관없는데 혹시라도... 힘든데 월급도 안 올려주면서.... 인지도가 있는 회사라 계속 다니고 싶은데 조금 더 벌자고했다가 낭패볼까봐요.....,https://kin.naver.com/qna/detail.naver?d1id=8&dirId=814&docId=278857803&qb=7Yis7J6h7Jy866GcIOyblOq4iQ==&enc=utf8,,0,2,0,0,2,False
투잡으로 월급,기타,시설장으로 일하고있는데 다른 곳에서 투잡 알바...,... 여기서 4대보험을 들고있는데 다른곳에서 3.3% 세금을 떼게되면 안되는지 알고싶어요ㅠㅠ 요즘은 월급만으로 생활을하며 지내기 빠듯하기때문에 많은 분들이 쉽게 투잡을 생각하시는데요. 그렇다고 무턱대고 투잡을 선택하시기에는...,https://kin.naver.com/qna/detail.naver?d1id=4&dirId=40309&docId=358561806&qb=7Yis7J6h7Jy866GcIOyblOq4iQ==&enc=utf8,,0,2,0,0,2,False
투잡으로 월급,기타,현재 개인 사업장을 운영중인데 투잡 가능한가요?,안녕하세요 현재 저는 제 이름으로 되어 있는 작은 가게를 운영중에 있는데요 매출 형편이 좋지 못해 투잡을 겸할... 현재 저는 10시간 근무 하는 직장다니면서 틈틈히 재택부업을 하고 있어요 현 월급으로 생활이 빠듯하여...,https://kin.naver.com/qna/detail.naver?d1id=6&dirId=6080401&docId=341296890&qb=7Yis7J6h7Jy866GcIOyblOq4iQ==&enc=utf8,,0,8,0,0,8,False
투잡으로 월급,블로그,전 투잡하는 46세 남자임 돈을 벌고 싶은데 신통찬아요,... (TV방송 및 증빙자료는 제블로그에 첨부해 두었어요) 편한시간에 편한곳에서 하루 2~3시간만 일하시면 되요.~ 저같은 경우는 투잡으로 6년 5개월째 한달또 빠짐없이 꼬박꼬박 월급 받으며 일해오고 있는 평범한...,https://kin.naver.com/qna/detail.naver?d1id=8&dirId=8020109&docId=269837958&qb=7Yis7J6h7Jy866GcIOyblOq4iQ==&enc=utf8,,0,4,0,0,4,False
투잡으로 월급,기타,투잡을 할 시 근무하고있는 회사에서 알게되나요?,"... 받는 월급에서 세금이 올라가는게 아니고, 투잡으로 일하는 곳에서 세금을 제외하고 받게 되실거에요^^ 저는 남는시간 활용하면서 집에서 일을 하고있어요 아무래도 남는시간을 자유롭게 일할 수 있다는 부분이 있다보니 투잡으로...",https://kin.naver.com/qna/detail.naver?d1id=4&dirId=407&docId=401215631&qb=7Yis7J6h7Jy866GcIOyblOq4iQ==&enc=utf8,,0,2,0,0,2,False
투잡으로 월급,기타,보험설계사 투잡으로 4대보험 가입 가능한가요 ?,... 투잡으로 4대보험 적용받으면 혹시 문제되는일이 있을까요 ?? 안녕하세요. 국민건강보험공단입니다. 건강보험은 이중가입이 가능합니다. 두 직장의 근로자로 소득이 발생하면 각 사업장별 보수월액을 기준으로 각각 월급에서...,https://kin.naver.com/qna/detail.naver?d1id=6&dirId=6100401&docId=423125072&qb=7Yis7J6h7Jy866GcIOyblOq4iQ==&enc=utf8,,0,2,0,0,2,False
투잡으로 월급,기타,프리랜서로 일하고 있는데요 투잡으로,프리랜서로 일하고 있는데요 투잡으로 사업자 내고 개인사업 시작하려고 해요 근데 통장으로 월급이 매달 400여만원 정도 들어오는데요 사업자를 내고 수입이 생기게 되면 제 월급도 수입으로 포함 되서 세금을 내게 되나요? 프리랜서라...,https://kin.naver.com/qna/detail.naver?d1id=4&dirId=40309&docId=314886345&qb=7Yis7J6h7Jy866GcIOyblOq4iQ==&enc=utf8,,0,2,0,0,2,False
투잡으로 월급,블로그,회사 다니는데 투잡해도 되나요?,... (TV방송 및 증빙자료는 제블로그에 첨부해 두었어요) 편한시간에 편한곳에서 하루 2~3시간만 일하시면 되요.~ 저같은 경우는 투잡으로 6년 5개월째 한달또 빠짐없이 꼬박꼬박 월급 받으며 일해오고 있는 평범한 가정주부로 하루 2~3시간...,https://kin.naver.com/qna/detail.naver?d1id=6&dirId=60804&docId=295348733&qb=7Yis7J6h7Jy866GcIOyblOq4iQ==&enc=utf8,,0,4,0,0,4,False
투잡으로 월급,기타,투잡때문에 너무걱정입니다..,... 근데 가정형편이좋지않아 현재만으로는 생활이너무힘듭니다 그래서투잡을하려고하는데 현재소속회사가... 월급날까지 기다리지 않아도 되는 장점이 있는 회사 입니다.. 짧은 시간에 본인이 원하는 시간에 할수 있기에 넘 좋은...,https://kin.naver.com/qna/detail.naver?d1id=6&dirId=60802&docId=211928699&qb=7Yis7J6h7Jy866GcIOyblOq4iQ==&enc=utf8,,0,2,0,0,2,False
투잡으로 월급,블로그,투잡 하고싶은데....,... (TV방송 및 증빙자료는 제블로그에 첨부해 두었어요) 편한시간에 편한곳에서 하루 2~3시간만 일하시면 되요.~ 저같은 경우는 투잡으로 5년 2개월째 한달또 빠짐없이 꼬박꼬박 월급 받으며 일해오고 있는 평범한...,https://kin.naver.com/qna/detail.naver?d1id=8&dirId=8&docId=255622916&qb=7Yis7J6h7Jy866GcIOyblOq4iQ==&enc=utf8,,0,4,0,0,4,False
투잡으로 월급,기타,공무원 투잡,... 가게 안에서는 딸은 점주라고 부르고 사장님은 사장님이라고 부르는데 월급도 점주이름으로 들어오고... 아닌데도 투잡으로 볼수있나요 이것도 투잡으로 치면 신고는 어떻게하나요? 세무소에 신고하면 되는데.. 왜...,https://kin.naver.com/qna/detail.naver?d1id=4&dirId=40601&docId=400393268&qb=7Yis7J6h7Jy866GcIOyblOq4iQ==&enc=utf8,,0,2,0,0,2,False
투잡으로 월급,기타,직장다니면서 투잡을 하는게 좋을까요,... 처음에는 투잡으로 하셨다가 전환하시는게 좋을 듯하네요. 부업시작하고 집에서 승승장구하고 있는 주부에요^_^ 제가 하는 일은 15년된 광고대행회사로 3년 연속 수상하였으며 20세부터 60세이신 분들도 하고 계신 업무로 초보월급도...,https://kin.naver.com/qna/detail.naver?d1id=4&dirId=40613&docId=306734782&qb=7Yis7J6h7Jy866GcIOyblOq4iQ==&enc=utf8,,0,4,0,0,4,False
투잡으로 월급,기타,익산 투잡,익산에서 2교대 근무를 하는 40대 직장인입니다 혹시 한달에 2주 주간근무일때 야간 할수있는 알바나 대리운전같은 투잡 없을까요? 여러분이 원하는 알바의 수익/월급은 얼마면 되실까요?!! 알바를 해서 벌 수 있는 돈이 얼마면 만족 하실...,https://kin.naver.com/qna/detail.naver?d1id=12&dirId=121304&docId=239223253&qb=7Yis7J6h7Jy866GcIOyblOq4iQ==&enc=utf8,,0,4,0,0,4,False
투잡으로 월급,기타,실업급여 투잡(아르바이트)질문,"직장 재직중 투잡으로 주말 아르바이트를 하고있습니다. 직장을 비자발적 사유로 퇴사하려고 하는데, 주말... 아르바이트 월급 기준으로 산정되는건가요? 아니면 아르바이트+직장의 3개월 소득을 모두 계산해주나요? 안녕하세요....",https://kin.naver.com/qna/detail.naver?d1id=6&dirId=6080402&docId=324124352&qb=7Yis7J6h7Jy866GcIOyblOq4iQ==&enc=utf8,,0,2,3,2,3,False
투잡으로 월급,기타,들어가는 돼서요 하지만 월급이 좀 적어서 투잡을 하고,제가 현재 오전에 미화 업무를 하고 있어요 4대 보험 들어가는 돼서요 하지만 월급이 좀 적어서 투잡을 하고 싶은데요 오후에 하는게 있는데 그쪽도 4대 보험이 들어 가요 그러면 4대 보험이 이중으로내는 거잖아요 그럼 회사에서...,https://kin.naver.com/qna/detail.naver?d1id=6&dirId=61004&docId=390014595&qb=7Yis7J6h7Jy866GcIOyblOq4iQ==&enc=utf8,,0,2,0,0,2,False
투잡으로 월급,블로그,투잡하려는데 두개의 직장에서 투잡인걸 알수있나요?,... (TV방송 및 증빙자료는 제블로그에 첨부해 두었어요) 편한시간에 편한곳에서 하루 2~3시간만 일하시면 되요.~ 저같은 경우는 투잡으로 6년 5개월째 한달또 빠짐없이 꼬박꼬박 월급 받으며 일해오고 있는 평범한 가정주부로 하루 2~3시간...,https://kin.naver.com/qna/detail.naver?d1id=6&dirId=608&docId=289608953&qb=7Yis7J6h7Jy866GcIOyblOq4iQ==&enc=utf8,,0,4,0,0,4,False
투잡으로 월급,기타,알바 처음인데 투잡,... 자퇴하고 집에서 빈둥대기만해서 알바 하는게 나을것 같다는 생각에 투잡할까 생각중인데.. 재택부업 대부분 직장에서 일하고 월급을 받아가는 소득은 노동소득 이라고 하죠 노동소득은 요즘 고물가시대에 년봉 1억원의수입이 아닌...,https://kin.naver.com/qna/detail.naver?d1id=4&dirId=40611&docId=456816850&qb=7Yis7J6h7Jy866GcIOyblOq4iQ==&enc=utf8,,0,6,0,0,6,False
투잡으로 월급,기타,급여 350 만원 받고있는데 투잡으로 100만원 더 벌면...,"... 요즘은 월급만으로 생활을하며 지내기 빠듯하기때문에 많은 분들이 쉽게 투잡을 생각하시는데요. 그렇다고 무턱대고 투잡을 선택하시기에는 리스크가 있습니다. 투잡을 하기전 기본적으로 준비부터 투잡 업종 선택, 투잡 계획...",https://kin.naver.com/qna/detail.naver?d1id=4&dirId=40301&docId=344398316&qb=7Yis7J6h7Jy866GcIOyblOq4iQ==&enc=utf8,,0,2,0,0,2,False
투잡으로 월급,블로그,천안/아산 (야간) 아파트 월세차 알바 구하시는분~~(투잡),... (TV방송 및 증빙자료는 제블로그에 첨부해 두었어요) 편한시간에 편한곳에서 하루 2~3시간만 일하시면 되요.~ 저같은 경우는 투잡으로 6년 5개월째 한달또 빠짐없이 꼬박꼬박 월급 받으며 일해오고 있는 평범한...,https://kin.naver.com/qna/detail.naver?d1id=8&dirId=8110301&docId=268415280&qb=7Yis7J6h7Jy866GcIOyblOq4iQ==&enc=utf8,,0,4,0,0,4,False
투잡으로 월급,기타,개인사업자가 투잡으로 4대보험가입되면 연말정산...,"... 요즘은 월급만으로 생활을하며 지내기 빠듯하기때문에 많은 분들이 쉽게 투잡을 생각하시는데요. 그렇다고 무턱대고 투잡을 선택하시기에는 리스크가 있습니다. 투잡을 하기전 기본적으로 준비부터 투잡 업종 선택, 투잡 계획 수립...",https://kin.naver.com/qna/detail.naver?d1id=4&dirId=40309&docId=349155072&qb=7Yis7J6h7Jy866GcIOyblOq4iQ==&enc=utf8,,0,2,0,0,2,False
투잡으로 월급,블로그,투잡알바를 할 시 원래 다니는 회사에서 알수가있나요?,... (TV방송 및 증빙자료는 제블로그에 첨부해 두었습니다) 편한시간에 편한곳에서 하루 2~3시간만 일하시면 되구요.~ 저같은 경우는 투잡으로 6년 5개월째 한달또 빠짐없이 꼬박꼬박 월급 받으며 일해오고 있는 평범한 가정주부로 하루 2...,https://kin.naver.com/qna/detail.naver?d1id=6&dirId=60802&docId=271079682&qb=7Yis7J6h7Jy866GcIOyblOq4iQ==&enc=utf8,,0,4,0,0,4,False
투잡으로 월급,블로그,투잡하고있는데 햇살론...,... (TV방송 및 증빙자료는 제블로그에 첨부해 두었어요) 편한시간에 편한곳에서 하루 2~3시간만 일하시면 되요.~ 저같은 경우는 투잡으로 5년 2개월째 한달또 빠짐없이 꼬박꼬박 월급 받으며 일해오고 있는 평범한...,https://kin.naver.com/qna/detail.naver?d1id=4&dirId=40105&docId=258656545&qb=7Yis7J6h7Jy866GcIOyblOq4iQ==&enc=utf8,,0,4,0,0,4,False
투잡으로 월급,기타,2.5톤지입차 투잡,... 3.5시간일하고 월급이330만원 정도라는데........ 이런일 하신분 진심어린 조언 부탁드립니다 세금관련 업무나 이런일 하신분 또는 하고 계시는 분 조언 바랍니다 직장생활 하시면서 투잡으로 운송일를 계획 하시는군요. 글쎄요...,https://kin.naver.com/qna/detail.naver?d1id=4&dirId=40311&docId=293768978&qb=7Yis7J6h7Jy866GcIOyblOq4iQ==&enc=utf8,,0,2,0,0,2,False
투잡으로 월급,기타,4대보함 안들고 3.3퍼센트 프리랜서로 투잡 알바를 하면...,"... 3.3%세금공제의 경우, 월급 외 소득으로연 2천만원을 넘지 않는다면 세금을 환급받을 수 있으니 참고하시길 바랍니다. 매년 5월에 진행되는 종합소득세 신고기간에접수해주시면 됩니다. >>알바 투잡 하려고 하는데, 사대보험...",https://kin.naver.com/qna/detail.naver?d1id=4&dirId=40309&docId=448614827&qb=7Yis7J6h7Jy866GcIOyblOq4iQ==&enc=utf8,,0,2,0,0,2,False
투잡으로 월급,기타,사회복지사는 투잡을 하면 안되나요?,"사회복지사는 투잡을 하면 안되나요? 안녕 하세요.. 투잡 고민 중이셔서 도움드릴까 하고 글남깁니다.. 사회복지사라두... 짧은 시간에 일할수 있을뿐아니라 익월지급이라 월급날까지 기다리지 않아도 되는 장점이 있어요,... 하는일은...",https://kin.naver.com/qna/detail.naver?d1id=6&dirId=61001&docId=211512147&qb=7Yis7J6h7Jy866GcIOyblOq4iQ==&enc=utf8,,0,2,0,0,2,False
투잡으로 월급,배달,남편 투잡 배달 라이더 오토바이 구매 건 질문 드려요.,... 남편이 얼마전부터 퇴근 후에 투잡으로 배달 라이더를 하는데요. (저 모르게 빚을 아주 많이 져서 빚 갚는다고... 그 후에 사도 늦지 않을것같아요^^ 그리고 빚도 있으시고 하니까 제가 하고 있는 부업알려드릴게요~ 저도 월급가지고는...,https://kin.naver.com/qna/detail.naver?d1id=8&dirId=8110105&docId=392691791&qb=7Yis7J6h7Jy866GcIOyblOq4iQ==&enc=utf8,,0,6,0,2,4,False
투잡으로 월급,기타,직장인투잡 괜찮은거 없을까요?,"직장월급 만으로는 빠듯 하네요 퇴근후 할만 한거 찾고 있는데 괜찮은 부업 없을까요? 퇴근하시고 하실만한 부업... 직장인은 투잡으로, 취준생은 용돈벌이로, 주부들은 부업으로 많이들 하고계신 일이예요 시간 상관없이...",https://kin.naver.com/qna/detail.naver?d1id=11&dirId=110704&docId=427902449&qb=7Yis7J6h7Jy866GcIOyblOq4iQ==&enc=utf8,,0,4,0,0,4,False
투잡으로 월급,기타,아르바이트를 투잡으로 하였을경우에 퇴직금을 못받나요?,"... 근데 A라는 회사에서 B회사에서 투잡을했기때문에 퇴직금을 줄수가없다고합니다. 근로계약서도... 근로계약서, 4대보험 가입내역서, 월급을 지급 받은 통장내역서, 근무일지 등으로 10년간 계속 근로한 사실, 최종 3개월 세전...",https://kin.naver.com/qna/detail.naver?d1id=6&dirId=60804&docId=290327457&qb=7Yis7J6h7Jy866GcIOyblOq4iQ==&enc=utf8,,0,2,0,0,2,False
투잡으로 월급,기타,투잡에 대해서,제가 아르바이트를 하고있는데.한곳에서 근무시간이 한정적이라 투잡을 하려합니다.근데 두군데 모두 사대보험을... 익일지급해주니 월급날까지 목아프게 기다릴 필요 하나도 없어 좋고 이벤트두 홈페이지에 많이 열리고 있어요.. 요즘...,https://kin.naver.com/qna/detail.naver?d1id=4&dirId=40611&docId=210857466&qb=7Yis7J6h7Jy866GcIOyblOq4iQ==&enc=utf8,,0,2,0,0,2,False
투잡으로 월급,블로그,종합소득시 프리랜서와 정직원 투잡시,... (TV방송 및 증빙자료는 제블로그에 첨부해 두었습니다) 편한시간에 편한곳에서 하루 2~3시간만 일하시면 입니다.~ 저같은 경우는 투잡으로 6년 5개월째 한달또 빠짐없이 꼬박꼬박 월급 받으며 일해오고 있는 평범한 가정주부로 하루 2...,https://kin.naver.com/qna/detail.naver?d1id=4&dirId=40311&docId=270915228&qb=7Yis7J6h7Jy866GcIOyblOq4iQ==&enc=utf8,,0,4,0,0,4,False
투잡으로 월급,기타,투잡 고용보험,A회사 재직 8개월째고 월급 세전 250 투잡으로 보험회사를 다니는데 오늘 갑자기 고용보험이 가입 됐다고 왔네요… 전화해서 빼달라고 해야하나요? 본인이 둘 다 근로자로 구분된거라면 이중취득 관련 피보험자격확인청구...,https://kin.naver.com/qna/detail.naver?d1id=6&dirId=6080402&docId=483548682&qb=7Yis7J6h7Jy866GcIOyblOq4iQ==&enc=utf8,,0,2,0,0,2,False
투잡으로 월급,기타,직장인 투잡,... 만약 투잡이 비허용되는 회사라면 곤란하지요. 투잡시작하실때 월급통장이라던가 계약서라던가 기타등등 다른 가족이름으로 하시는게 안전하다고 봅니다. 그럼~ 투잡 열심히 하시고요. 부자되시기 바라요!,https://kin.naver.com/qna/detail.naver?d1id=4&dirId=406&docId=253109260&qb=7Yis7J6h7Jy866GcIOyblOq4iQ==&enc=utf8,,0,2,0,0,2,False
투잡으로 월급,기타,투잡으로 할만한게 뭐가 있을까요?,투잡으로 할만한게 뭐가 있을까요? 제가 퇴근후에 잠깐짬내서 할수있는 일이 뭐가좋을까요? 저도 지금 회사를... ㅋ 혼자가아닌팀비지니스라서팀에서 알려주는대로만 믿고 따라하시면 되구요 6개월정도후면 웬만한 월급받는분들...,https://kin.naver.com/qna/detail.naver?d1id=4&dirId=40611&docId=406676162&qb=7Yis7J6h7Jy866GcIOyblOq4iQ==&enc=utf8,,0,2,0,0,2,False
투잡으로 월급,기타,신용대출은 투잡으로 인한 소득 의미없나요?,"제가 투잡중입니다 a는 월급200 b는 월급150 이렇게 보통 350~400 사이를 버는데 신용등급도 1등급이구요, 직장인 신용대출 받을때 연봉 비례해서 대출이 나온다고 알고있어서요, 양쪽 합쳐서 대출 받을수없나요? 두곳중 더 높은곳...",https://kin.naver.com/qna/detail.naver?d1id=4&dirId=4010503&docId=411989340&qb=7Yis7J6h7Jy866GcIOyblOq4iQ==&enc=utf8,,0,2,0,0,2,False
투잡으로 월급,블로그,직장인 투잡에 관해서..,... (TV방송 및 증빙자료는 제블로그에 첨부해 두었어요) 편한시간에 편한곳에서 하루 2~3시간만 일하시면 되요.~ 저같은 경우는 투잡으로 6년 5개월째 한달또 빠짐없이 꼬박꼬박 월급 받으며 일해오고 있는 평범한 가정주부로 하루 2~3시간...,https://kin.naver.com/qna/detail.naver?d1id=6&dirId=6080402&docId=294275560&qb=7Yis7J6h7Jy866GcIOyblOq4iQ==&enc=utf8,,0,4,0,0,4,False
투잡으로 월급,블로그,투잡 하려고 하는데요,... (TV방송 및 증빙자료는 제블로그에 첨부해 두었어요) 편한시간에 편한곳에서 하루 2~3시간만 일하시면 되요.~ 저같은 경우는 투잡으로 5년 2개월째 한달또 빠짐없이 꼬박꼬박 월급 받으며 일해오고 있는 평범한...,https://kin.naver.com/qna/detail.naver?d1id=6&dirId=60802&docId=260479817&qb=7Yis7J6h7Jy866GcIOyblOq4iQ==&enc=utf8,,0,4,0,0,4,False
투잡으로 월급,기타,"저녁때 할 수 있는 투잡, 하고 계신분들의 조언","안녕하세요...중소기업을 다니는 평범한 월급쟁이 입니다. 다른게 아니라...제 월급으론 대출금, 카드값, 교육비...등등... 그렇고 여러분중에 투잡하고 계신분이나...저처럼 투잡을 생각하시는 분들의 조언을 듣고 싶습니다. 많은 분들의...",https://kin.naver.com/qna/detail.naver?d1id=4&dirId=40611&docId=34231684&qb=7Yis7J6h7Jy866GcIOyblOq4iQ==&enc=utf8,,0,2,0,0,2,False
투잡으로 월급,기타,"3.3 계산, 투잡","... 따라서 투잡을 하게 되면 월급에서 세금과 보험료를 제한 금액을 고려하셔야 합니다. 세 번째로, 투잡을 하기 위해서는 일정과 체력 관리가 중요합니다. 투잡을 하게 되면 근로 시간이 늘어나게 되므로, 일과 휴식을 균형 있게...",https://kin.naver.com/qna/detail.naver?d1id=6&dirId=60802&docId=451325627&qb=7Yis7J6h7Jy866GcIOyblOq4iQ==&enc=utf8,,0,2,0,0,2,False
투잡으로 월급,블로그,직장인 투잡,... (TV방송 및 증빙자료는 제블로그에 첨부해 두었습니다) 편한시간에 편한곳에서 하루 2~3시간만 일하시면 되구요.~ 저같은 경우는 투잡으로 6년 5개월째 한달또 빠짐없이 꼬박꼬박 월급 받으며 일해오고 있는 평범한 가정주부로 하루 2...,https://kin.naver.com/qna/detail.naver?d1id=4&dirId=406&docId=275983665&qb=7Yis7J6h7Jy866GcIOyblOq4iQ==&enc=utf8,,0,4,0,0,4,False
투잡으로 월급,기타,직장인인데요 야간알바로 투잡을 뛸까하는데요,... 직장인투잡 알아보시나봐요 직장인 월급만으로 요즘 생활하기 넘 빠듯하잖아요 저도 워킹맘에서 조금이라도 보템이 더 될까해서 그렇게 이일을 시작하게 되었답니다 저도 투잡으로 시작해서 지금은 본업이 되었네요 제가 하고 있는...,https://kin.naver.com/qna/detail.naver?d1id=6&dirId=60805&docId=338066992&qb=7Yis7J6h7Jy866GcIOyblOq4iQ==&enc=utf8,,0,2,0,0,2,False
투잡으로 월급,기타,투잡 하면 연말정산에 걸리나요?,"... 세금을 정확하게 납부하려면 주요 직장에서 받은 월급과 쿠팡 알바 등의 투잡 소득을 모두 합산하여 연말정산 신고를 해야 합니다. 연말정산은 국세청에서 제공하는 홈택스나 종합소득세 신고서를 통해 진행하게 되며, 정확한 세금을...",https://kin.naver.com/qna/detail.naver?d1id=4&dirId=40309&docId=450779884&qb=7Yis7J6h7Jy866GcIOyblOq4iQ==&enc=utf8,,0,2,0,0,2,False
투잡으로 월급,배달,투잡으로 배달을 생각하고있습니다.,"... 요즘은 월급만으로 생활을하며 지내기 빠듯하기때문에 많은 분들이 쉽게 투잡을 생각하시는데요. 그렇다고 무턱대고 투잡을 선택하시기에는 리스크가 있습니다. 투잡을 하기전 기본적으로 준비부터 투잡 업종 선택, 투잡 계획 수립...",https://kin.naver.com/qna/detail.naver?d1id=11&dirId=1124&docId=344234868&qb=7Yis7J6h7Jy866GcIOyblOq4iQ==&enc=utf8,,0,4,0,0,4,False
투잡으로 월급,기타,직장인 투잡 세금 많이 떼나요?,본업 직장에서 세전 390을 받고있고 투잡으로 뛸 직장에서는 180을 받기로 했는데 이렇게 되면 세전으로 월소득이 570이 나오는데 세금을 많이 떼나요? 사대보험 다 가입되있습니다 월급에 대한 세금은 당연히 내시고 180만원 부업에...,https://kin.naver.com/qna/detail.naver?d1id=6&dirId=60802&docId=421702368&qb=7Yis7J6h7Jy866GcIOyblOq4iQ==&enc=utf8,,0,4,0,0,4,False
투잡으로 월급,블로그,개인사업장을 가진 사람입니다 투잡에 관해 궁금한점이...,... (TV방송 및 증빙자료는 제블로그에 첨부해 두었어요) 편한시간에 편한곳에서 하루 2~3시간만 일하시면 되요.~ 저같은 경우는 투잡으로 5년 2개월째 한달또 빠짐없이 꼬박꼬박 월급 받으며 일해오고 있는 평범한...,https://kin.naver.com/qna/detail.naver?d1id=4&dirId=40309&docId=257289396&qb=7Yis7J6h7Jy866GcIOyblOq4iQ==&enc=utf8,,0,4,0,2,2,False
투잡으로 월급,기타,투잡 프리랜서,안녕하세요 24 여자입니당 다름이아니라 제가 직장을 4대보험을 들고있고 남는시간 즉 투잡으로... 두 직장의 근로자로 소득이 발생하면 각 사업장별 보수월액을 기준으로 각각 월급에서 원천공제하여 납부하게 됩니다. 이중 취업...,https://kin.naver.com/qna/detail.naver?d1id=6&dirId=6100401&docId=369827104&qb=7Yis7J6h7Jy866GcIOyblOq4iQ==&enc=utf8,,0,2,0,0,2,False
투잡으로 월급,기타,안녕하세요 투잡으로 인력현장일을 할려고합니다,"안녕하세요 투잡으로 인력현장일을 할려고합니다 일주일에 하루만 할려고 합니다 혹시 4대보험들었을때... 저도 직장다니면서 빠듯한 월급 때문에 힘들었는데... 정말 노력해서 이루지 못할일은 없다고 보구요! 어려운 일 아니고, 복잡한...",https://kin.naver.com/qna/detail.naver?d1id=6&dirId=6100401&docId=347357396&qb=7Yis7J6h7Jy866GcIOyblOq4iQ==&enc=utf8,,0,2,0,0,2,False
투잡으로 월급,기타,투잡을 하려합니다.,"... 현재 치킨집은 낮12시에 나와 저녁 6시까지 거의 주문이 없다시피하여 투잡으로 생산직으로 취직하고 퇴근후... 않아요~ 월급도 원천징수영수증이 나오기 때문에, 불법회사가 아니구요. 네임카드 들어오시면 더 자세한 정보 보실 수...",https://kin.naver.com/qna/detail.naver?d1id=4&dirId=406&docId=226915529&qb=7Yis7J6h7Jy866GcIOyblOq4iQ==&enc=utf8,,0,2,0,0,2,False
투잡으로 월급,기타,주말에 투잡으로 쿠팡에서 알바를 하고 있는데..,... 고용보험은 월급을 더 많이 받는 쪽에서 가입하게 되어 있습니다 쿠팡에서 버시는 임금이 회사보다 적다면 고용보험을 제외하고 쿠팡에서 가입을 할거예요 회사에서는 알 수 없겠지만 쿠팡에서는 이미 보험이 들어가 있으니 투잡을...,https://kin.naver.com/qna/detail.naver?d1id=6&dirId=6080402&docId=429899657&qb=7Yis7J6h7Jy866GcIOyblOq4iQ==&enc=utf8,,0,2,0,0,2,False
투잡으로 월급,기타,직장인들 장소나 시간에 제약없이 하기에 괜찮은 투잡...,"... 요즘은 월급만으로 생활을하며 지내기 빠듯하기때문에 많은 분들이 쉽게 투잡을 생각하시는데요. 그렇다고 무턱대고 투잡을 선택하시기에는 리스크가 있습니다. 투잡을 하기전 기본적으로 준비부터 투잡 업종 선택, 투잡 계획 수립...",https://kin.naver.com/qna/detail.naver?d1id=6&dirId=613&docId=351301163&qb=7Yis7J6h7Jy866GcIOyblOq4iQ==&enc=utf8,,0,2,0,0,2,False
투잡으로 월급,기타,투잡에서 받은 월급도 세금공재 하나요,투잡에서 받은 월급도 세금공재 하나요 회사에서 급여를 줄때 3.3% 기본세 공제하고 받으실거에요.,https://kin.naver.com/qna/detail.naver?d1id=4&dirId=403&docId=252815019&qb=7Yis7J6h7Jy866GcIOyblOq4iQ==&enc=utf8,,0,2,0,0,2,False
투잡으로 월급,기타,투잡중인데 두 직장 모두 그만두고 실업급여를...,... 실업급여를 9시부터 6시까지 근무하고 4대보험이 가입된 회사 월급 기준으로 계산해서 받고싶은데요. 이럴 경우에는 투잡으로 알바하는 회사를 먼저 그만 둬야지 9시부터 6시까지 근무하고 4대보험이 가입된 회사 월급 기준으로...,https://kin.naver.com/qna/detail.naver?d1id=6&dirId=6080402&docId=431377624&qb=7Yis7J6h7Jy866GcIOyblOq4iQ==&enc=utf8,,0,2,0,0,2,False
