description,full_text,full_text_length,keyword,link,source,title
,"웹컨텐츠 제작으로 디지털노마드가 되기 위한 기초 지식 및 강의 사기 예방
어려운 시대를 사는 2030 세대의 아픔을 이용하는 성공팔이
강의 사기를 예방하고 방구석에서 분노하는 슬픈 디시인을 사회적으로 성장시켜 훌륭한 우파 디시인으로 거듭나게 하기 위함
블로그 관련 과장, 기망 광고 강의에 사기 당하지 않기 위한 체크포인트
수익인증 및 재력을 과시하는 온라인 강의 X
정확한 강의 커리큘럼을 공개하지 않는 강의 X
강사의 이력이 불분명한 강의 채널 X
후기와 평판이 상대적으로 너무 좋은 강의 X
스스로 관련 분야에 대한 정보를 파악하고 강사와 강의를 선별 할 수 있는 최소한의 관심과 노력을 행하는 능동적이 자세 O
웹 컨텐츠 생산자가 되기 위해 배경지식으로 알고 가야 할 것들
우선적으로 웹사이트 및 컨텐츠에 대한 DA 스폰서 광고 수익은 구글 검색 유입으로 이루어지는 것이 대부분인 상황이며, 빙 또는 기타 검색엔진은 유입이 낮고 광고 전환이 낮아 아직 까지는 서브로 보는 것이 좋다.
웹컨텐츠 제작자로 수익을 발생하기 위해서는 구글의 자연 검색 유입을 늘려야만 하는 것이 최종 목적이며, 유입을 발생하기 위해서는 검색 결과 상위 페이지에 있어야 사실상 유의미한 유입이 발생되기 때문에, 맹목적인 글쓰기 보다는 시장 트렌드를 분석하고 타겟층이 견고한 수요를 대상으로 집중 화되고 전문화된 컨텐츠를 제작하여야 하며, 컨텐츠 키워드를 세분화하여 전략적으로 컨텐츠를 생산, 게시해야 한다.
또한 위와 같이 하여야 하는 이유는 웹사이트의 권위성(특정 주제의 전문화)이 높아져 검색 노출에 유리할 수 있으며,
예를 들어 네이버 블로그 또한 같은 개념으로 뷰티블로그, 여행블로그, 맛집블로그 등으로 예를 들 수 있을 것이다.
권위를 높여야 하는 또 다른 이유는 자연 검색 유입이 높고, 특정 분야의 전문화된 블로그 또는 웹사이트라면 스폰서 게시물로 부가 수익을 취할 수 있으며, 이 또한 유튜브 CPM + 협찬 광고와 일맥 상통한다.
위 외에도 구글 SEO 있어서는 모바일 최적화, 응답 속도 등의 기술적인 웹사이트 최적화, 공유 확산, 제 3자 참조 등의 백링크와 링크빌딩 등 여러가지 고려할 사항이 많기 때문에 단순히 이러한 사전 지식이나 기반 기술의 전수가 전혀 없는 저급 강의 팔이들이 말하는 1일 1포스팅 식의 단순히 반복적인 저급 컨텐츠 제작으로는 그들이 말하고 홍보하는 목표 수익에 근처에도 가지 못하는 것이 현실이며, 노출 또한 되지 않아 유입 또한 저조한것이 현실이다.
참고로 그들이 말하는 고수익의 구글애즈 수익을 달성하기 위해서는 소규모 이상의 웹진(웹매거진 이하 웹진) 사이트를 구축하고, 작가, 편집자, 기획자 등 최소한의 인력이 구성되어야 하는 점이며, 단순히 한국 시장이 아닌 글로벌 시장 타겟으로한 영어 또는 다양한 언어로 제작된 컨텐츠를 생성해야, 월 수천에서 억대 수익이 가능하다는 점을 미리 인지하는 것이 현명하다.
물론 국내에서도 최상위급 트래픽을 얻는 다면 가능하겠지만 단순히 말해서 국내 시장을 타겟으로 하는 유튜버와 글로벌 타겟 유튜버와의 차이를 인지하면 이해가 쉬울 것이다.
참고로 현 글로벌 SEO 업계에서는 2023년 10월 즈음 HCU로 인한 구글 검색 알고리즘 이슈 및 AI스펨 필터가 맛이 가버림으로 대부분의 소형 웹진이나 블로거들은 구글 검색 유입이 급격히 줄어 들어 수익 또한 줄어든 관계로 인력 감축 및 사업을 종료하고 있는 중으로, 현재 개인이 들어와서는 답이 없는 끝물인 상황이다. 어느 정도 고수익을 유지하던
그들 또한 유튜브 같은 비디오 컨텐츠로 전향하는 시점에서 우후죽순 생기는 전문 지식이 낮은 워드프레스 강의 팔이들이 절대 현업에서
억대 수익을 얻고 있는 것이 말이 안 된다고 이야기하고 싶다.
하지만
장기적인 미래에 있어서 웹 검색과 문서 컨텐츠 또한 중요하기 때문에 시작하는 것을 반대하는 것은 아니며, 일단 초기에는 부업 개념으로 접근하는 것이 바람직하며, 협찬 수익은 초기에는 불가하므로 검색 기반의 유입으로 인한 구글애즈 광고 수입에 목적을 두는 것이 바람직하다.
컨텐츠 제작 및 SEO를 활용한 수익 창출을 위한 기본적으로 알아야 할 것 들
1. 웹서버 세팅
구글 또는 유튜브를 통해 무료로 쉽게 aws에서 제공하는 AMI 이미지를 활용해서 웹서버를 세팅하는 방법을 알아 볼 수 있다. SSL 발급 등과 같은 문제는 구글 검색을 조금만 해도 쉽게 접근이 가능하다. 도저히 이해가 안 되고 어렵다면, 워드프레스 닷컴에서 제공하는 저렴한 호스팅을 추천하지만 필자는 AWS를 배우고 활용하는 것을 추천한다. AWS는 프리티어를 사용하면 처음에는 무료로 사용이 가능하다.
2. 워드프레스와 같은 CMS를 활용한 웹사이트 구축
- 워드프레스를 대부분 추천하는 이유는 개발 지식이 없어도 생태계가 넓어 서드파티 플러그인을 사용하면, 웹사이트 최적화 및 SEO 최적화가 다른 것에 비해 월등히 생산성이 높기 떄문이다.

개발 지식이 있는 사람이라면 php, jsp, asp.net 등으로 직접 제작을 하던, 그누보드, 라이믹스 등의 다른 CMS를 활용해서 제작을 하던 컨텐츠 제작 및 SEO에 있어서는 웹사이트 개발 및 제작은 주된 영역이 아니며, 목적이 뚜렷한 양질의 컨텐츠가 더욱 중요하다.
3. 컨텐츠 제작을 위한 비디오, 이미지 편집 및 글쓰기 학습
- AI가 개발 되어서 보급 되기 전까지는 이미지 편집으로 포토샵과 같은 이미지 에디터와 함께 어느 정도 수준 이상의 작문 실력이 필요 하였지만 이 또한 GTP와 같은 AI툴로 컨텐츠 가이드라인을 잡기 쉽기 때문에 이 부분은 편리해 졌으나, 오히려 경쟁은 심화 되었기 때문에 고수준 컨텐츠를 제작하고 싶다면 어느 정도 독서와 함께 포토샵과 같은 이미지 에디터와 프리미어, 에프터이펙트 같은 영상 편집 툴 또한 배워 놓으면 좋을 것이며, 스테이블디퓨전, 미드저니와 같은 이미지, 비디오 생성 AI도 겸하면 더욱 좋을 것이다.
4. 구글에서 개발자 문서로 검색 알고리즘에 대해 기본적으로 이해하기
-
https://developers.google.com/search?hl=ko
-
https://www.google.com/intl/ko/sea",4126,부업 성공 후기,https://gall.dcinside.com/mgallery/board/view/?id=jachung&no=6489,dc,강의팔이에 속지 않는 워프 및 SEO 전문가 되어 방구석 탈출하는법!
,"안녕하세요. 팬픽 딜레마 연재중인 지옥불반도에서 올라온
병원직원 매니저입니다.
네이버 웹소설 챌린지리그(자유연재) 에서 1위를 차지해
그 후기와 감사인사 올리고자. 그리고 후기에 대해서 적고자
합니다.
우선 소설을 쓰게 된 이유랄까 제 생애에 대해 말씀을 드리자면.
저는. 인천의 부평에서 살고있습니다.
고향은 경기 과천이라고. 공무원들이 많은 공무원 촌에서
태어났는데. 학창시절이 행복하지 못했습니다.
무엇보다 아버지가 보수적이고. 제가 여자라는 이유로 지원이나 그런걸 안해주셨기때문에 아버지하고 사이가 안좋아
지금 연락을 안한지 ... 조금 어느정도 됐습니다.
아버지하고 너무 악감정이 어렸을때부터 쌓일대로 쌓여서
그런것도 있었고요. 어머니랑 아버지가 정략결혼으로 만나셨는데. 늘 어머니가 희생하는 모습만 보여주셨기에
어머니의 희생을 보며 인생을 반성했습니다.
올해 수능을 봤는데. 내년초라도 호남에라도 대학을 가려고
엄마하고 얘기를 나눴는데, 어머님께서 ""너 미쳤어? 너네
아빠같은 남자만날래?"" 이러시길래, 순간 뭐지했는데
아버지가 호남사람인게 갑자기 기억나더라구요. ㅋㅋ....
아직까지도 오빠에게 악감정이 있는게. 아버지가 첫째라는
이유로 오빠에게 미대가라고 거의 1억을 썼습니다.
근데 전 딸이라는 이유로 투자나 지원을 아예 안해주시더라고요???
네, 그때부터 전 ""썅년"" 이 됬습니다.
아버지 연세가 내년이면 70입니다. 친가 분들이  모두 6.25를
경험했으며. 외가에는 북한에 억류당한 이산가족들이 있습니다. 또래 20대 애들과는 매우 다른 가정사. 그리고 부모님의 이러한 보수성으로 저는 혁명과 사상. 이론. 사회에 대해 관심을 가질수밖에 없었습니다. 특히 아버지의 이러한
성격이상의 원인이 궁금해 공부를 많이 했었는데, 아버지의
이야기를 들으면 그 당시 시대적 배경 상 많은 사람들이 일그러질수밖에 없었다.  싶더라구요.
아빠가 그때 말하던게 아직도 기억에 남습니다.
북한군이 공무원들과 군인. 교사와 같은 사회 핵심인물들을
모두 죽였고 가족들과 갓난 아기들도 총살을 시켰다고.
그러면서도 아버지가 북한하면 이를 아득 가시길래.
아 이건. 운명적인 원한이다. 어떻게 우리 세대에선 풀 방법이
없구나 싶었습니다. 특히 집안이 대대로 공무원이였기에 저희 집안 사람들은 1순위 총살대상이였으니깐요,
가족이 6.25 간접피해자라고만 말씀 드리면 될것 같습니다.
아무래도. 그런 가정사때문에 사회와 역사에 대해 공부를
할수밖에 없었고. 아버지 또한 그때의 피해때문에 편집증이
있으십니다.
저희 둘째 큰아버지는 영아기때 북한군에게 죽을뻔해. 집안 자체가 극도의 보수성을 띄고 있습니다. 갓난 아기였던 둘째 큰아버지를 북한군이 총기사격으로 사살을 시도했었다고 들었습니다. 그래서 사촌들부터 삼촌들까지 친가 사람들
모두가 북한에 대한 혐오 감정이 뼛 속 까지 가득 합니다.
매우 무겁고. 보통의 20대와는 다른 가정사입니다. 그래서 저는 어릴때부터 다른 또래에 비해 지나치게 현실적인 성격이 될수밖에 없던것 같습니다.
20살? 21살때 목포에 철학관을 하나 차렸는데 코로나때문에
망하고 다시 인천으로 돌아왔습니다.
머지않아 다시 개업할 생각입니다. 안그래도 엄마가 대학을 붙으면 대학 근처에 같이 집을 합치자, 하셔서. 알겠다. 붙이자곤 했는데, 엄마가 ""호남권 대학은 죽어도 안된다"", 고 하셔서... 지금 걱정이 많습니다, 원래 지망대학 세 군데가 다, 호남권 대학이거든요.
사실 어렸을때부터 인생을 생각할 시간이 많았습니다.
그래서 나름대로 자격증도 많이 땄어요. 민간이지만요,
심리상담사 자격증도 따고, 역학심리상담사 자격증도 따고...
몰랐는데. 우리나라에서 제일 어리다하네요.
그런데. 방황을 너무 오래했습니다. 아버지때문에 마음의 상처를 너무 많이 받았었고, 아버지가 지원을 전혀 해주질 않았기에 홀로서기를 하는것이 너무 힘들었습니다.
심리상담사는 무조건 학위가 있어야만 임상심리사(국가자격) 을 시험을 치룰수가 있기에, 더더욱이 이러한 관문은 저에게 너무 높았고. 부담될수밖에 없었습니다.
전 제 자격증을 살려, 대학병원과 요양병원에서 호스피스 환자(말기암 환자, 임종 전 환자)들을 돌보는 일을 했습니다.
그런데 갑자기 의아하더라고요,
내가 이렇게 사는게 맞는건가?
내 삶을 모두 내던져가면서까지 환자들을 돌봐도 내가
행복하지 못한게, 나의 삶에 회의감이 갑자기 들었습니다.
원래 꿈은 발명가도 하고싶었고. 예술인도 하고 싶었습니다.
하지만 저의 자질은, 거기까지 미치진 못했습니다.
재능이 없었습니다. 하지만 사람이란것이 참 멍청한것이. 자신이 못한것이 있다면 그것을 쫒고자 하는 야망이 원초 강한것이 사람이지 않습니까? 거기서 저는 생각이 들었습니다.
""늦게라도 데뷔하고 싶다.""
네. 그거입니다. 데뷔를 하고 싶었습니다,
뒤늦게 하고싶은걸 너무 하고 싶었습니다.
이게 누구는 욕심이라 부를거고. 누구는 잘못된 선택이라고
할겁니다, 하지만 저는 생각한 것을 실현하고. 행동으로 옮기는
능력은 누구보다 빠르고 확실했습니다.
어머니는 젊었을때 공기업에서 일했지만, 글도 쓰셨고
부업으로 언론사에서 칼럼니스트로도 일했습니다.
어머니가 원초부터 훌륭했습니다. 어머니의 재능을 보며
저도 글에 천부적인 재능이 있었을거라 생각했습니다.
하지만 저는, 일어서지 못했습니다. 절망을 겪었습니다.
대출을 2500만원씩이나 받고 철학관을 개업했지만
시장조사 미숙으로 사업이 처참하게 실패했습니다.
하지만, 제가 이렇게 사업이 실패하면서도 깨닫은게 있었습니다. 내가 하루라도 어릴때 도전을 하고. 또 해서
계속 정상을 향해 달려야한다는것을 전 너무나도 잘 알고 있었습니다, 저의 가슴은 뛰고 있었습니다. 글을 쓰면서
깨닫았습니다. 상상이상으로 글을 쓰는데엔 저의 재능이
있었다는걸요, 몰랐던 어머님의 재능을 물려받았던겁니다.
데뷔하고 싶습니다.
미래계획은,
대학을 가게되면ㅡ 금해에 데뷔를 동시에 해내서 기안84님처럼 살고 싶습니다. 현금회수율이 높으면 어시스트를 붙여서 사업을 동시에 해서, 수익원을 다분화 시켜서 현금회수율을 높이고 싶습니다.
저의 재능은 확실하다 전 믿고, 수단과 방법을 가리지 않고
성공하고 싶습니다.
그림을 정말 못그려도, 글",4640,부업 성공 후기,https://gall.dcinside.com/mini/board/view/?id=night_art&no=25,dc,팬픽 딜레마 1위후기및 앞으로의 계획에 대해서
,"약 2년 만에 힛갤곤볼 7성구 완성자가 나왔습니다. 열세 번째 만신 소환 성공 이용자는 바로 '갈로아' 님입니다.
'갈로아' 님은 곤충 갤러리와 카툰-연재 갤러리에서 활동하는 이용자로, 이 두 곳에서 올린 게시물 7개가 힛갤에 등극하면서 만신 소환에 성공했습니다. 곤충 갤러리에서는 곤충을 먹어본 후기를 올렸고, 카연갤에서는 '만화로 배우는 곤충의 진화'와 '만화로 배우는 공룡의 생태'를 연재하면서 힛갤에 등극했습니다.
이 가운데서도 가장 눈길을 끄는 작품은 역시 '만화로 배우는' 시리즈입니다. 처음 그림판으로 그렸던 이 만화는 갤러들의 폭발적인 반응을 얻으며 정식 연재가 되었고, 연재가 계속될수록 이용자들로부터 ""이런 고퀄리티 만화를 무료로 연재하다니""라는 찬사를 얻었습니다. 특히, 어려울 것만 같은 곤충과 공룡 이야기를 네티즌들이라면 알만한 각종 합성 필수요소와 유행어 등을 활용해 그려내면서 이 만화는 교육과 재미 두 마리의 토끼를 모두 잡는 데 성공했다는 평가를 받았습니다.
디시 외에도 딴지, 자신의 블로그와 페이스북에 연재했던 이 작품은 여러 출판사의 출판 제안을 받았고, 그 결과 '책'으로 출판되어 더 많은 독자들과 만나게 되었습니다. (게다가 베스트셀러입니다! 제가 서점에서 베스트셀러에 있는 거 확인했습니다!)
'갈로아' 님의 힛갤곤볼 완성에 맞춰 디시뉴스는 '갈로아'님을 디시로 초대해 인터뷰를 진행하였습니다. 향후 한국을 빛낼 멋진 생물학자를 미리 만난 것 같아 왠지 뿌듯한 인터뷰였음을 미리 밝히며, 앞으로 나올 '만화로 배우는' 3편 역시 큰 기대를 가지고 기다리고 있겠습니다.
'갈로아' 님의 힛갤곤볼 7성구 완성을 다시 한 번 축하드립니다.
-
안녕하세요. 디시인사이드입니다.
""안녕하세요.""
-
힛갤곤볼 완성 축하드리며 만두 받으셨죠?
""네. 3000개 받았어요.""
-
그거 어떻게 쓰실 건가요?
""썼어요. 그걸 문화상품권으로 바꿨어요. 60개가 핀 번호로 오더라고요. 그걸 일일이 입력해서 하는데 29만 원이 된 거예요. 두 개를 제가 입력 안 한 거죠. 계속 눈 빠지게 찾다가 포기하고 그냥 29만 원으로…""
-
안돼요. 포기하지 마세요. (웃음)
""절반은 지금 썼어요. 그거로 영화 보고, 모바일 게임에 10만 원 쓰고. 키보드 받침대도 사고. 지금까지 15만 원 썼어요.""
-
첫 질문으로 나이와 하시는 일을 좀 여쭤봐도 될까요.
""제가 나이를 가리고 활동해서… (웃음) 하는 일은 학생이고, 곤충 연구실 왔다 갔다 하면서 곤충 연구를 하려 하고, 부업으로 만화를 하고 있습니다.""
-
만화 쪽으로 계속 나가실 생각은 없으시겠네요?
""저는 곤충을 되게 좋아해서 곤충 연구실에 들어가서 일을 할 것인데, 그걸 하면서 계속 만화를 그리는 거죠. 그리고 싶어요.""
-
처음 힛갤 가셨던 게 곤충 먹었던 거죠. 그때 많이 놀랐을 것 같아요.
""맞아요. 그때 고정닉을 썼구나. 7개 체크된 게 신기했는데 그거였구나. 곤충을 먹었던 거로 갔죠. 그때 놀랐어요. 처음 힛갤 간 거였고, 메인에 뜨고. 그래서 곤충 만화 그릴 때 다들 그 이야기를 하셨어요. 아, 얘가 곤충 먹은 그 애였어. 곤충 먹은 이유가 지난주에도 그랬는데 곤충 잡으러 섬에 자주 가요. 섬에 가면 벌레들이 많은데 문제는 섬이다 보니까 배가 잘 안 떠요. 지난주에도 신안 갔다가 며칠 고립되었는데 그러다 보니까 식량이 떨어지기에 구워 먹었다가 맛 평가를 했던 거죠.
<곤충 시식 평가 TOP 11>
-
베어그릴스 되게 열심히 보실 것 같아요.
""옛날에 재밌게 봤어요.""
-
저희는 그런 분들이 좀 보여서 크게 놀라진 않았어요.
""가끔 놀라운 거 많이 봤어요. 사실 그때 같이 간 사람 중 한 명도 옛날에 곤충 먹어서 힛갤 간 적이 있는 사람이에요.""
-
처음 힛갤 갔을 때 내가 일곱 개를 다 받을 수 있을까 예상하셨나요?
""몰랐어요. 저는 곤충 만화가 힛갤 많이 가서 놀랐고, 좋았어요. 덕분에 만화 보는 사람도 많아지고요.""
-
곤충 만화 처음 올라왔을 때 저희가 꽤 놀랐어요. 이런 퀄리티의 만화가 유료플랫폼이 아니라 평범한 게시판에 올라오다니. 딴지에도 올리셨잖아요.
""제가 곤충을 그리기 전에 '오디세이'라는 만화를 레진에서 연재했어요. 그것도 카툰-연재 갤러리(이하 카연갤)에서 연재하던 건데 그걸로 데뷔를 했어요. 제가 만화가로 활동하기 전에 약간 인지도가 필요하다 생각이 들었어요. 그리고 어차피 전업 만화가로 살 배짱이 없기 때문에 일단 유명해지는 게 좋겠다 싶었어요. 사실 아예 곤충 만화를 인터넷에 뿌리는 식으로 연재하겠다고 생각을 했어요. 그래서 실제로 연재하는 중에 정식 연재 의뢰가 몇 번 왔어요. 안 가고 완결을 냈는데 잘한 것 같아요. 많이 알려져서 덕분에 책이 많이 팔렸어요.""
-
요즘 독자들이 인터넷에서 읽었다고 책을 안 사는 것도 아니긴 하죠.
""그렇더라고요. 좋더라고요. 덕분에 많이 봐주셨고, 그만큼 책을 많이 사 주셨어요. 잘한 것 같아요. 그렇게 한 게. 그런데 이걸 다른 작가님들에게 이야기를 하니까 '그건 네가 생계형 만화가가 아니라서 할 수 있는 도박'이라고, 나는 절대 못하겠다고 다들 그 이야기 하시더라고요. 출판사에서 고마워했던 게 다른 작가님들은 영입하면 연재 플랫폼을 찾느라 바빴는데, 저는 그냥 박치기로 해서 올렸죠. 잘 되어서 참 다행이라는 생각이 들어요.""
-
장기 연재 계획을 하고 올리신 거예요? 사실 저희 쪽 처음 올렸을 때는 데모 정도였죠.
""그림판으로 그려서 올렸어요. 그때 닉네임이 '큐어하트남편'이었어요. (웃음) 디시에 '큐어화이트남편'이라고 올리시는 분 따라서 '큐어하트남편'이라고 바꾼 건데, 그게 힛갤 갔었어요. 깜짝 놀랐어요. 나는 필명 '갈로아'로 활동해서 알려야 하는데 '큐어하트남편'으로 가다니. (웃음) 아직도 그걸로 저를 기억하는 사람이 있더라고요.""
-
그건 심심풀이로 그린 건지, 이런 장기 연재를 계획한 건지요.
""아뇨. 그냥 아는 거 만화로 정리해보자 해서 그냥 그린 거예요. 계획이 없었어요. 곤충 만화를 보면 구성이 되게 주먹구구식이에요. 그런데 곤충 끝나고 공룡을 그렸잖아요? 그건 '20화 사이에 끝내자' 이런 걸 생각하다 보니까 순서가 정해진 것 ",13336,부업 성공 후기,https://gall.dcinside.com/board/view/?id=dcinterview&no=28629,dc,"힛갤곤볼 완성 갈로아 ""과학만화 계속 그리고 싶어요"""
,"넵....올해는 조금 특별한 플컨을 다녀왔어유
어차피 다른 분들이 상세한 후기 많이올렸으니
중복되는건 최대한 줄이고 간략하게 쓸게유
일단 장바구니에 담아온 물건들. 이중에 가스와
데린져와 탄색ACOG는 역시 갤럼분들의
의뢰품입니다ㅜㅜ 아미비스킷은 여친님꺼...
제껀 경품으로 받은 밀리터리 장갑뿐
(돈이없어서 애초에 건매트밖에 못사는처지)
퍼프디노 가스가 가격이 착했지만 살돈이없었어유
일산파킨부스에서 여친님 사격도 시켜드리고
(현실배그하는거같다고 좋아함)
모 갤럼의뢰로 업어온 5만냥 무배율ACOG
이번 플컨의 알파요 오메가이자 저의 목표 건매트.
여친님께 조공바친거 상세사진 올려유(feat.떼껄룩)
제가 52장 쓸고나서 남은 마지막물량과,
건매트사장님이 가는길에 마시라고 주신 710ml
쵸-VVIP고객용 빅사이즈 몬스터에너지
플컨장 근처 돈까스클럽가서 먹은 점심...
의뢰인 33명께서 선입금해주신 비용에서 구매비용과
택배비 제외해보니 딱 돈까스세트 하나 사먹을수고비
나오더라구유ㅋㅋㅋ 33명이 원기옥모아 사주신 점심,
맛있게 먹었습니당 감사합니다!!!(+초코에몽기프티콘)
그리고 대망의 건.매.트.
5252~ 52장이라니 너무하잖아 이거?
트렁크가 헐렁하게 망가져 버린다고~?wwwwww
이거 정.말.무.겁.습.니.다.
사장님이 대형카트 안빌려주셨으면 절대주차장못감
+건매트에 대한 잡설....
사장님이 개인에게 대량으로 안판다고 하실까봐,
아예 의뢰인과 품목명단을 표로 제작해서 갔습니다.
보자마자 빵터지시더군유ㅋㅋㅋ
사장님 정말 좋은분이심...52장을 한장한장 검수하시느라
시간 꽤 걸렸어유
인터뷰를 좀 해봤는데, 핵심은 다음과 같아유
1. 본업은 따로 있고 부업으로 하는거라 건매트를
정식으로 판매할 계획은 전혀없다.
2. 한명한명한테 택배를 포장해서 보내고 이런건 정말
하고싶은 마음이 없고, 이런식으로 대리구매 대량 하러온건 너님이 처음이다. 내가 해야할일인데 대신 해줘서 고맙다. 몬스터에너지머겅
3. 집가서 포장할때 물건에 문제있거나 다른 문의사항이 있으면 연락해달라. (개인적으로 연락처 받아옴)
정말 친절하고 해맑은 분이셨어유. 포장도 꼼꼼히 해주시고 카트도 빌려주시고 가는길에 졸음운전 걱정된다며 에너지음료도 챙겨주시고 좋은분임
+이번 대리구매의뢰에 대한 보고
의뢰자 33명
구매성공물품: 건매트 52장, 퍼프디노가스3캔, 무배율ACOG, 데린져 실버, PPS M40A1 2정
특이사항: 이웃이라 제가 직접배달해드릴사람 1분.
전국 군부대 국군장병분들도 다수 의뢰.
특히 부산에서 무수한 의뢰+제주도까지.
귀가전 마지막 간발의차로 의뢰성공한분은(막차탑승)
슈미xx벤더님(닉네임가림. 아무튼가림^^)
조금전에 택배봉투 사옴^^
마지막으로....저도 본업과 스케줄이 있는 관계로
하루안에 33명치 택배를 모두 발송하는게 다소 힘들수
있습니다ㅜㅜ 하루이틀정도 지연될 수 있다는 점
정말 진심으로 죄송합니다ㅜㅜㅜㅜ
최대한 빨리 검수 후에 포장해서 보낼테니 걱정마세유~
(추가) 현재 8인분 발송완료입니다 송장번호 못받으신분들 조금만 더 기다려주세유^-^
- 아무튼 그래유",1506,부업 성공 후기,https://gall.dcinside.com/mgallery/board/view/?id=airsoftgun&no=77469,dc,(스압)플컨후기(보다는 사실 대리구매후기)
,"월 29시간 주당 7시간 하루에 1시간정도 점심시간 투자해서
(점심때 집감)
월85만원 고정수익 & 아이템뜨면 +@ 해서 평균 월 100만원정도 버는듯
100만원으로 생활비, 자동차유지비, 데이트비, 식비 등등 하고
월 100 ggll 월 200 구글본주 넣는중임... ㅁㅌㅊ??",156,부업 월 100만원,https://gall.dcinside.com/mgallery/board/view/?id=stockus&no=14396659,dc,세후 3백충 직장인인데 메이플 쌀먹으로부업한다...
,"전업오토바이 하루 10시간 30일 만근해도
월 300만원 매출을 못찍는데 여기서 오토바이
유지비 100만원 빼면 200 가져가는데
직장인들 퇴근 부업 5시간 25일 하면
월 300 벌이함 진짜 단가랑 거리가 개사기임 ㅇㅇ
- dc official App",141,부업 월 100만원,https://gall.dcinside.com/mgallery/board/view/?id=bamin&no=1275883,dc,전자들 수익 쩔긴하더라
,"안녕 퇴물이 왔다.
지난번에 누가 나를 사칭해서 추석 후에 글을 쓴다고 했더라.
이게 뭐라고 사칭하는게 괘씸해서 추석연휴 끝나기 전에 글 씀.
아무튼 다들 추석 잘보냈지..?.
난 급한일이 생겨서 한국에 들어왔는데 온 김에 부모님도 뵙고 했음.
아버지는 본업은 건설이었지만,
현재 지방도시의 건설산업은 괴멸된 상태에 가까운지라 요즘 일이 없음.
건설자재비 + 인건비 + 안전관리비용등등 모두 올라버려서
건물을 짓는게 도저히 수지타산이 안나오니 공사물량이 없다고 함
그러니 IT쪽 취업 안된다고 징징거릴 필요는 없어졌다.
하이닉스 빼고 걍 다 ㅈ되고 있는 거니까.
내가 가난한 학창시절을 겪었던 이유도,
딱 그때가 IMF때라서 건설업은 무조건 망했을 때 였음.
당시 아버지는 건설업체 사장이었음. ㅎㅎ 그러니 폭망+빚더미.
아무튼 본업이 흔들리다보니 하필 선택하신게
아무나 한다는 바로 그 업종.
커피숍이었다.
비싸게 주고산 땅이 안팔려서 기약없이 쳐물려있다보니
에라이 싯팔하면서 풀대출로 건물을 지어서 커피숍을 차리게 된 것이다.
왜 땅이 안 팔렸겠는가? 위치가 별로니까.
개들도 산책 안다닐 정도로 유동인구 없음.
택지 개발을 새로한 곳이라 주변 곳곳이 그냥 빈땅에 풀까지 자란 상태.
아 그 뿐인가
아버지는 노랭이 맥심만  즐겨 마시는 커피 비전문가.
이미 저질러버린 제빵기계와 냉장고들.
(제빵 그런거 할줄 모름.. 사람 시키면 된다고..)
이미 사망 복선 플레그가 한 두개가 아님.
너무 진부하기까지한 자영업 클리셰임.
근데 그거 사실
형이 변변찮은 기술이 없어서 택시기사하고 있던거 아버지한테 들킴.
아버지가 장남이 저러고 있으니 너무 속상해서
풀대출로 건물 지어서 커피숍 사장 만들어준 거임.
본업이 건설이니까 도매가로 싸게 잘 짓는건 자신 있었거든.
(부풀리기도 잘해서 사실상 LTV 90% 꽉꽉 채움)
형이 야심차게 첫 스타트를 끊었지만
오픈빨로 겨우 본전치기라도 하며 버티다가
결국 빚 몇천을 남긴체 3년만에 못하겠다며 로그아웃함.
물론 코로나....도 있긴 했었고,
그 위치에 빚 저정도만 남긴것도 선방한거긴 함.
결국 70대인 아버지가 커피숍 인수함.
ㅋㅋㅋㅋㅋㅋㅋㅋㅋㅋ
아버지 인수하고나서, 한두달 뒤
약 600미터 큰 대로변에 (사실상 입구)
스타벅스 드라이브 쓰루까지 생김 ㅋ
운도 참 ㅈ나게 없는 것이다.
나의 유전병인 관심병의 원천소스답게.
매출자랑을 하기 시작함.
일 매출 300??
어? 자영업 경기 다 뒤져가서 쿠폰까지 뿌리는거 아니었나?
이건 또 무슨 세계관이지?
일 매출 평일 100, 주말 200.
대충 월 매출 4~5천정도 찍는 것 같아보인다.
(보통 30평정도되는 카페의 매출은 월 1~2천만원이다)
얼추 계산해보니 1000~2000만원 정도는 순수익처럼 보인다.
아니... 어케 했을까?
나는 아버지를 보고 자랐는데 아버지는 퇴물계의 대부였음.
빵에 대해 1도 지식이 없던 아버지가 제빵을 맡고.
버스운전기사를 하던 50대 여자분을 메인 메니저로 두었다.
지금 생각해도 듀오 조합이 참...
이게 대체 무슨 조합인지..
돌아가는걸 보아하니
빵을 어떻게 만드는지 유튜브를 보고 처음 배우셨음....
유튜브에 좋은 선생님이 많다며...
메니저는 커피에 대해선 전문가가 아니라서 모르지만,
알바들은 여기저기 일한 경험으로 왠만한 레시피가 가능했고.
맛도 일반적인 수준으로 뽑아낼 수 있었다.
(알바채용으로 기술이전 실현)
버스기사가 어떤 자린가.
온갖 진상들을 다 만날 수 있는 최전선이었기에,
진상 손님에 왠만한 일로는 감정적으로 쉽게 열받지 않고 탁월하게 대처했다.
애기 기저귀를 테이블 위에 놓고 갔다며 바로 노키즈 걸어버리는
자존감 높으신 사장들과는 대응이 매우 달랐고
오히려 아줌마라 애기들한테 자꾸 뭔가 더 퍼준다.
커피1잔만 시켜도, 애들이 있으면 메뉴에도 없는 요구르트가 어디선가 나오며
아이스크림도 가끔 한 스쿱씩 나옴...
홀(현장)에 있는 사람들에게 비용에 대한 재량권을 부여해준 것도 이유가 되겠다.
하지만 스타벅스가 생긴 이후로 매출이 기울기 시작했음.
생일때 주고 받는 스타벅스의 기프티콘 선물을 쓰느라
방문하게 되는 수요가 상당할 수밖에 없기 때문이렸다.
아버지는 극대노를 하면서 전쟁에 돌입함.
""아메리카노 2천원.""
아... 이건 패착이다.
원래 장사를 제대로 못하는 분들이 별다른 수가 없어서 가격을 낮추는거라
출혈 경쟁으로 가서 결국 많이 팔아도 돈이 안되는 상황에 빠지기 마련이다.
저가전략은 숍이 작아 테이크아웃으로 테이블을 돌리지 않는 곳에서나 유효한 전략이다.
그런데.
사람들이 화내기 시작했다.
주문을 했는데 커피를 받고 보니 자리가 한자리도 없기 때문이다.
맘들의 좋은 평을 듣고나서 아이들이 많아지면서
자연히 젊은 사람들은 이 카페를 찾지 않게 되었는데.
그 자리를 중년 시니어(40~70대)들이 가득 채우기 시작한 것이다.
시니어들은 자동차로 대부분 이동하기에
번화가보다는 주차가 잘되는 곳을 선호하게 됨.
(게다가 4인이상 그룹이면 차도 여러대)
아까 말한 복선. 주변이 허허벌판이었던 점.
걍 흙길 위에 주차하면 되는 것이다.
시니어들의 특성은 4명 정도 그룹으로 만나는 경향이 있고.
커피 내가 쏠게 하고 했을 때 2천원이면 부담도 적기 때문이었음.
그렇다고, 모양세 빠지는 컴포즈 이런 프렌차이즈를 갈 것인가?
아 내가 좋은데 아는데 있지~ 하면서 적당히 분위기 잡힌 이 카페로 오게 되어있다.
그러나 인생은 계획대로 되는게 잘 없다.
아메리카노는 2천원인데, 50대 아줌마들은 밤에 잠 안온다며
속 안좋다며 다른 비싼 메뉴를 시킨다.
남자들끼리는 아메리카노 통일로 쉽게 생각해버렸지만,
여자들은 훨씬 복잡한 존재였음.
부동산 있다는 60대 오빠(?)가 커피 사준다기에 빵도 여러개 집는다.
이거 어른 체면에 안살수가 있나.
시니어들은 배고팟던 시절사람들이라 남은 빵은 아깝다며 다 싸간다. (집에서 먹을려고)
이상하게도 빵을 싸가기 좋게 접이식 박스가 근처에 있다.
그렇게 시니어들이 많이오면 발생하는게 상식차이로 인한 진상 문제다.
나이든 분들의 상식과 요즘 사람들의 상식에는 약간의 괴리가 존재하기 때문임
보통 1인 1메뉴 부탁드립니다. 라고 적혀 있는 곳이",4672,부업 월 100만원,https://gall.dcinside.com/mgallery/board/view/?id=github&no=84371,dc,[일기] 원조 퇴물의 라스트댄스
,"대부분 인생 조진 애들이
음식배달 시작할때 만만하게 보고
배달은 오토바이지 하면서
사전지식 없이 남이 타니까
비싼 스쿠터 450만원 배달셋팅 돈없어서
나이 50가까이 처먹고 단돈 500만원도
못모으는 사람이 덜컥 리스를 내려서 탐
그나마 개인이 리스 받은건 그러려니 함
왜? 플랫폼 일대 퀵 자기 실력껏 돈되니
리스 하루 3만원도 버팀
근데 일대 리스? ㅋㅋ
그냥 서류 서명한 순간 인생 망함
한정적인 지역 일대 콜은
서울이라고 해도 반경이 크지않아
콜은 없는데 지사장이 기사만 존나 뽑아서
전투콜 존나함 ㅋ성수기때는 그래도 하루 한장은
벌어가니 버티지 비수기 때 하루 배춧잎 한장 벌기도 힘듬 ㅋ
무한 콜사 ㅋ 아 물론 카르텔 일대 형님들은
초수락 강배없이 비수기 없이 항상 콜타느라 바쁨 ㅋ
솔직히 배달은 오토바이라는 것도 가스라이팅이지 ㅋ
돈 좆도 못범 ㅋ오토바이가 내구성이 쓰레기라
리스가 대부분 1년인 이유 2년 배달오토바이 못버팀 ㅋ
나는 2년 넘어도 타는데? ㅋㅋ배달대충하는 부업이나 가능하지
같은 5년 동안 리스 5번 내렸다고 보면 리스료만
5천 쓴 오토바이 기사랑 모닝 5년 풀할부로
1200만원 쓴 경차 배달기사 ㅋ유지비?
자동차보다 오토바이가 더 들어간다. ㅋ
내구성 약해서 겨울에 맨날 시동안걸리고
시동 안걸리는 날 많음 ㅋㅋ
오히려 경차배달이 돈더 벌어감 일년보면 ㅋ
예를 들어 비올때 경차로 하는 애들 돈쓸어감 ㅋ
눈와도 마찬가지 ㅋ진짜 배달 하는 애들 머가리 나빠서
다 오토바이탐 ㅋ 거짓말안하고 전자 타는 애들이
오토바이 애들보다 3배 더벌어감 ㅋ
부업 하루 5시간 전자타는 유투버 월 300만원 찍는데
오토바이 전업들 하루 10시간 타고 유지비 100만원 빼고
월 200만원 겨우가져간다. 이것도 만근기준 ㅋ
경차배달이 나쁜게 아님 ㅋ
- dc official App",894,부업 월 100만원,https://gall.dcinside.com/board/view/?id=de&no=514651,dc,오토바이 배달 하면 인생 조진다.
,"https://www.getnews.co.kr/news/articleView.html?idxno=696305
월소득 100만원 미만 자영업자 절반은 프리랜서와 라이더
월 소득이 100만원에 미치지 못하는 자영업자 중 절반 가까이는 부업형으로 분류되는 프리랜서나 배달 라이더와 같은 인적용역 사업자로 나타났다.12일 기획재정부의
www.getnews.co.kr
부업으로 하는 사람들이었음
그럼 그렇지 순대국 1만원 시대에 월 100으로 어떻게 살아",249,부업 월 100만원,https://gall.dcinside.com/mini/board/view/?id=coupangeats&no=53215,dc,월100만원도 못버는 자영업자의 진실
,"공황으로 힘들어 견디다 못해 일하던곳을 그만두고, 쉬는 와중에 다시 아르바이트라도 구해보려는데 아르바이트가 구하기 어렵더군요.
잔고는 슬슬 위기 단계로 격상(?)되어가고, 알바는 안구해지니 똥줄이 타기 시작했습니다.
그러다가 우연찮게 쏘카에서 운영중인 '핸들러'라는 앱을 알게되었습니다.
설치하고 실행해보니 부름 배차, 차량 회수 외에도 차량 이동, 전기차 충전, 공업사 입고, 차량 점검 등 다양한 미션을 수행하고 주마다 정산하여 소득세 3.3%를 제외하고 현금으로 지급 받는 방식이더군요.
앱을 실행하면, 사진과 같이 제가 설정한 시간, 제 위치로부터 범위내의 미션들 리스트가 노출됩니다. 저는 걸어서 이동하거나, 대중교통으로 이동할 수 있는 범위로 정했습니다.
미션을 클릭하면, 상세 미션내용이 표시됩니다. 차량번호도 미리 확인이 가능하고, 알림을 설정해두면 미션 수행가능 시간에 알림으로 보내줍니다.
여기서 문제가 하나 있습니다. 쏘카는 핸들러를 경쟁방식으로 핸들러를 출시 했습니다. 제가 아무리 알림을 설정해놓고, 알림이 와서 미션을 수행하려고 들어가면 누군가 먼저 채가버리면, 저는 다음 미션을 기다리는 방법 뿐입니다. 이리저리 찾아보니 매크로, 앱 변조 등으로 빠르게 가져가시는 분들도 계시는 듯 했습니다. 이것때문에 첫주에는 애좀먹었습니다. 알림을 설정해놓았는데도 알림도 오지않고 미션이 사라진다거나...
핸들을 잡게되면, 미션 수행시간내에 미션을 완료해야합니다. 시간자체는 넉넉하게 줍니다.
먼저 출발지로 이동하면, 차량의 외관을 확인하고 외관 확인이 완료되면 출발합니다.
목적지에 도착하면, 배차미션은 고객요청이 있으면 요청위치에 주차하면 되고 그외에는 미션 내용 따라 진행한뒤 차량 외관 확인을 다시하고 미션을 완료는 방식이었습니다.
첫주에는 13만원 정도 수익이 생겼고, 이번주에는 장거리 이동건을 몇건 했더니 25만원을 넘긴 상태입니다.
운전을 원래 좋아해서 취미 삼아 생활비를 벌 수 있어서 좋았지만, 느낀점은 달랐습니다.
본문에 올린 단가만 보면 뭔가부업으로 할만한데? 싶으실 수 있지만, 저건 장거리 이동이라 좀 쎈 단가를 보여드린 겁니다.
보통 건당 4천원이고, 이동거리가 좀 있다 싶으면 7~9천원에서 움직이는 경우가 대부분입니다. 시급도 안나오기도하고... 이동 하는 비용, 시간 생각하면 오히려 마이너스가 나는 경우가 생기기도 했습니다. 그리고 가장 큰건, 저만 핸들러를 하는게 아니라 다른분들도 하시다보니 콜을 뺏기면 그대로 허탕을 치는 경우가 생각보다 많았습니다.
이번주는 정말 운이 좋아 전주->인천, 전주->남원, 전주->광주같이 타지로 멀리 나가는 장거리 배차를 한번씩은 하면서, 일당이 10만원 가까이 나오긴 했지만, 돌아오는 비용을 제하면 실제로 제게 남는건 적어졌습니다.
저처럼 운전하는걸 좋아하고, 다양한 차종을 타볼 수 있는 재미로 하기엔 괜찮을지는 몰라도 부업으로 해서 수익을 내려고 한다면 어렵다고 생각합니다. 수익이 일정하지 않고, 하루종일 폰만 보게 되다보니 생각보다 피로가 크더군요.
그래도 당분간은 아마 먹고 살려면 열심히 해야겠습니다 ㅎㅎ 얼른 취직에 성공해서 돈걱정 없이 살고싶네요.
오늘도 광주를 다녀오고, 문득 후기를 적어보고싶어 글을 끄적여봅니다.",1579,부업 성공 후기,https://www.clien.net/service/board/park/18754797,clien,"쏘카세차빌런, 2주정도 쏘카 핸들러라는걸 해보았습니다.(차량 탁송알바)"
,"저는 정말로 크리스마스에 알바를 할 생각은 없었습니다. 어제는 했습니다. 강남의 한 와인바에서 크리스마스이브를 맞아 수많은 커플들이 잊지 못할 추억들을 만드는 동안 저는 찬물로 설거지를 했습니다. 별로 특별할 것도 없는 일이라 후기를 쓸 생각도 들지 않았습니다.
연휴 마지막 날이자 크리스마스인 오늘은 늦잠을 자고 일어나 늦은 아침(혹은 이른 점심)을 먹고 당근으로 아이쇼핑을 하다 마음에 드는 물건이 있어 버스를 타고 거래를 하러 다녀왔습니다. 그리고 바로 집에 돌아오기가 살짝 아쉬워서 카페에서 책을 좀 읽다 들어온 것이 오후 3시를 좀 넘어서였습니다.
예전에 부업이라도 해볼까 해서 쿠팡이츠 배달파트너 일을 알아봤었습니다. 안전교육을 이수하고 첫 배달을 완료하면 보너스로 2만원을 준다는 말에 혹해서 교육을 듣고 보온가방까지 마련했습니다만, 도보 배달은 콜이 전혀 들어오지 않았습니다. 아무래도 제가 사는 곳이 주택가 근처다보니 주문이 좀 뜸한 것도 있었겠지만, 퇴근하고 집에 돌아와 앱을 켜고서 한참을 기다려도 단 한 콜도 오지 않았습니다. 저는 오토바이도, 자전거도 없는 뚜벅이라 경쟁력이 떨어질 수밖에 없었죠. 결국 포기하고 보온백은 구석에 처박아둔 채로 잊고 있었습니다.
그런데 오늘 쿠팡이츠 배달 앱에서 이벤트 메시지가 날아왔던 것입니다. 연휴기간인 22일부터 25일 사이에 도보로 15건을 배달하면 5만원을 보너스로 준다는 것이었습니다. 생각해 보니 며칠 전에도 왔던 것 같았습니다. 혹시나 하는 마음에 배달앱을 켜고 배달가능상태로 바꿔보았습니다. 다음순간 띠링, 하는 소리와 함께  동네 피자집에서 배달콜이 들어왔습니다. 콜을 받아본 것이 처음이라 어쩌지 하다가 쿠팡이츠 배달 시스템을 잘 몰랐던 터라 제가 수락해도 다른 배달기사분들이 먼저 선정되지 않을까 싶어서 수락을 눌러봤습니다. 그랬더니 바로 픽업대기 상태가 되는 것이었습니다. 취소를 누르려고 해도 취소버튼이 보이지 않았습니다. (나중에 취소가 가능한 것을 알았지만 취소를 하면 페널티가 쌓이는 구조였습니다) 이를 어쩌지 하다가 서둘러 외투와 보온가방, 그리고 핸드폰만 챙기고 피자집으로 향했습니다.
피자집에 도착해 최대한 자연스럽게 쿠팡이츠입니다. 했습니다. 그러자 직원분이 몇 번이세요? 하는 것이었습니다. 제가 앱을보고 384번입니다. 했더니 직원분이 그건 우리 주소고요, 코드번호 알려주세요. 했습니다. 조금 민망했지만 다시 코드번호를 찾아서 불러드리니 직원분이 포장된 피자를 주면서 기울어지지 않게 해 주세요, 했습니다.
피자집에서 배달지까지는 대략 1km 정도 되었습니다. 성인남자가 걸어서 1시간에 4km 정도 간다고 치면 15분 정도 걸리는 거리였습니다.
문제는 외출하고 집에 막 돌아왔던 터라 핸드폰 배터리가 20프로 정도밖에 남지 않았던 것이었습니다. 앱에서 제 현재위치를 계속 확인하다보니 배터리가 더 빨리 소모되는 것 같았습니다.
겨울이라 시간이 너무 지체되면 피자가 식을 것만 같아서 배달지까지 최대한 빨리 걸었습니다. 그러면서 피자의 수평을 유지하려다보니 역시나 쉽지 않았습니다.
드디어 첫 배달지에 도착하고 보니 요청사항에 벨을 누르지 말라고 되어있었습니다. 배달이 완료되면 배달음식과 배달지 현관의 호수가 같이 담기게끔 사진을 찍게 되어있었습니다. 그래도 무사히 첫 배달을 마쳤구나, 하고 안도하며 배달완료 버튼을 누르자마자 바로 또 콜이 들어와 있었습니다. 엇, 안되는데 하면서 지도를 보니 바로 근처의 다른 피자집이었습니다. 핸드폰 배터리가 15퍼센트 정도 남았던 터라 살짝 고민되었지만 하나만 더 하자, 하고 수락을 눌렀습니다. 두번째 피자집에는 카운터에 이미 포장이 완료된 비닐봉투가 놓여있었습니다. 이번에는 피자가 아니라 스파게티와 음료수가 전부인지 양이 작았습니다. 다시 1km 정도를 걸어 두번째 배달지에 배달을 완료하고 나니 몸에서 땀이 줄줄 흘러 티셔츠가 다 젖은 것이 느껴졌습니다. 이제 그만할까, 하고 무심코 배달완료를 눌렀는데 바로 또 콜이 들어와 있었습니다. 나중에 알게 된 것이지만 배달 중에 배차종료를 체크하면 배달이 완료된 이후에는 콜을 받지 않을 수 있었습니다. 배차종료를 체크하지 않은 상태라면 콜이 계속 들어오는데, 이걸 거절하면 그게 또 이력이 남게 되었습니다.
세 번째 배달은 오징어회를 근처 호텔로 배달하는 것이었습니다. 요청사항에는 호텔 로비에서 기다리겠다고 메시지가 남겨져 있었습니다.
호텔 근처에 가니 입구에서부터 몇 쌍의 연인들이 호텔 밖으로 나오고 있었습니다. 체크아웃이라기에는 조금 늦은 시간이라 아마 저녁을 먹으러 나가는 것 같았습니다. 예전 같으면 부럽다는 생각이 먼저 들었을 텐데, 어째서인지 오늘은 부럽다기보다는 그들이 기특하다는 생각이 들었습니다. 저출산시대에 남녀가 서로 사랑한다는 것이야말로 애국의 시작이 아닌가 싶었습니다. 입구에 거의 다다랐을 때 한 커플이 나오다가 저를 보고 걸음을 멈춰 서더니 ‘혹시 오징어..?’하는 것이었습니다. 내가 잘못들었나 싶어서 네? 했더니 남자쪽에서 웃으며 배달 맞으시죠? 했습니다. 아 네, 하면서 호텔 문 앞에서 오징어회를 건네주려니 조금 그림이 그랬습니다만 꿋꿋이 사진까지 찍었습니다. 지금 생각해 보니 오징어회만 찍은 것이 무슨 의미가 있나 싶네요. 커플은 오징어회를 들고 어디론가 사라졌습니다.
세 번째 배달까지 마치니 핸드폰 배터리가 7% 정도밖에 남지 않았습니다. 다리도 슬슬 아팠습니다. 잠깐 쉬면서 배터리도 충전하고 체력도 보충할 겸 근처 PC방을 찾았습니다. 핫도그와 주스를 시켜 먹으면서 핸드폰 배터리를 충전하고 있었는데, 갑자기 몸이 노곤해지면서 잠이 몰려왔습니다. 모자를 쓴 채로 모니터에 인터넷 창 하나 띄워놓고는 꾸벅꾸벅 졸고 있으니 이건 뭐 영락없이 예전 PC방 알바 때 제가 수상하게 봤던 아저씨 모습과 다를 바 없었습니다. 정신을 차리고 다시 배달앱을 켰습니다. 도보배달은 배달기사의 현재 위치에서 픽업지까지의 거리 + 픽업지에서 배달지까지의 거리를 기준으로 배정되는데, 이 거리가 도합 1.5km 정도 이내일 때에만 콜이 들어오는 것 같았습니다.
PC방에서 어느 정도 쉬고 나서 다음 콜을 기다렸습니다. 꼬막전문 식당의 ",5708,부업 성공 후기,https://www.clien.net/service/board/use/18493904,clien,쿠팡이츠 도보 배달 후기
,"안녕하세요. 모공 주식시장, 경제 관련 글을 주로 보고 있는 회원입니다.
경제 유튜브를 개설했는데 1차 목표인 구독자 5000명을 달성해 몇 글자 적어볼까 합니다. 미리 말씀드릴 점이 있는데요. 다른 회원님이 쓰신 글 전개 방식을 차용하고자 합니다. 작년 11월 22일에 올라온 순순님의 사용기인데요. 이 분께서도 당시 유튜브 구독자 5000명 달성기를 올려주셨습니다. 그때 저는 5천명보다 훨씬 낮은 구독자를 기록하고 있었는데 우연히 이 분의 글을 보고 큰 용기를 얻을 수 있었습니다.
이 자릴 빌어 순순님께 감사드리며 혹시 현재 유튜브를 운영 중인데 구독자가 늘지 않아 스트레스를 받고 계신 분이 있다면 저 역시 조그마한 도움이 되길 바라봅니다. 이 글을 읽으신 다음에 순순님의 글도 보시면 2배로 도움이 되실 겁니다.
(보러가기)
클량에도 수십만 유튜버분들이 많이 계실텐데 1만명도 안 되는 주제에 이렇게 글을 쓰려니 좀 부끄러워집니다. 하지만 그럼에도 제가 느꼈던 바를 허심탄회하게 적어보겠습니다.
-------------------------------------------------------------------------------------------------------------------------------------------
2023년 1월 31일 제 유튜브 채널이 구독자 5000명을 달성했습니다. 유튜브를 시작한지 10개월 만에 달성한 수치입니다.
원래는 곧바로 달성기를 올릴 생각이었는데 일이 생기는 바람에 지금에서야 올리게 되었습니다.(어제는 접속이 안 돼서 ㅜㅜ) 그 사이 많은 분들이 사랑해주셔서 현재 구독자수는 7100명으로 불어난 상황입니다.
1. 내가 유튜브를 시작한 이유
저는 대학생 때부터 주식투자에 관심이 많았습니다. 돈은 없겠다, 시간은 많겠다, 틈만 나면 학교 도서관에 틀어박혀 '주식' 제목이 들어간 책은 한번씩 다 읽었습니다. 주식책 신간이 나오면 빨리 좀 비치해달라고 도서관 장서팀 직원들을 들들 볶는 게 일과였습니다. 도서관이 문을 닫는 주말과 공휴일에는 삼성동 코엑스몰에 갔습니다. 지금은 사라졌지만 반디앤루니스라는 대형 서점이 있었거든요.(지금은 흰색 미로처럼 바뀌었는데...바뀌기 전 2010년대 초반까지가 코엑스몰 전성기였습니다.) 사람이 거의 다니지 않는 원예, 수석 책코너 앞에 쭈그리고 앉아 몇시간이고 주식 책을 읽었습니다. 주말마다 가니 서점 직원들이 알아봐주더군요. 지금 생각해보면 참 죄송할 뿐입니다. 책은 안 사고 자리만 차지하고 있었으니...
졸업 후에는 금융기관에서 일하길 바랐지만 연이 닿지 않았고 경력 대부분을 '제조업체 회계직+회계법인'에서 보내게 됐습니다. 금융권에서 일한 적도 있지만 이건 정말 짧은 기간이었구요. 이때 뭔가 '한' 같은 게 남은 거 같습니다.
경제, 주식 공부한 게 아까워 2012년에 블로그를 개설했는데 지금까지 운영해오고 있습니다. 도중에 잠수를 탄 기간도 여러번 있었지만 나름 경제 분야 파워블로거로 불릴 정도까지는 간 거 같습니다. 경제에 관심 있으시다면 아마 제 블로그 이름을 들어보신 분들도 계시지 않을까...합니다.
시간이 흘러 2019년쯤 유튜브로 활동 무대를 옮겨볼까 하는 생각이 들었습니다. 하지만 본업+게으름+새로운 도전에 대한 두려움이 복합적으로 작용해 차일피일 미루기만 했습니다. 참고로 이때를 전후로 많은 파워블로거들이 유튜브를 개설하기 시작했습니다. 경제 블로거들도 예외가 아니었구요.
마침 2020년 코로나 펜데믹 직후 자산시장이 폭등하며 경제 유튜브가 대박을 치게 됩니다. 경제와 투자가 전국민적 관심사로 떠오르며 웬만한 경제 유튜브는 수십만 구독자를 확보하게 되었습니다. 하지만 저는 그만 타이밍을 놓치고 말았죠. 이때 유튜브를 시작했다면, 용기를 냈다면 현재 구독자 10만명을 찍지 않았을까 하는 후회가 들곤 합니다. 어쨌든 뭐...지나간 과거는 어쩔 수 없죠. 뒤늦게 열심히 활동하고 있습니다.
2. 어떤 영상을 주로 올리는가?
경제유튜브는 생각보다 범위가 넓습니다. 주식, 부동산, 채권, 환율, 국제상품은 물론이고 재테크, 세금, 심지어 돈 많이 번 사람 찾아다니며 인터뷰하는 것도 들어갑니다. 형식면에서는 경제 현상을 알기 쉽게 설명해주느냐, 투자 조언을 해주느냐, 미래 전망을 하느냐 등으로 나눌 수 있겠죠.
저는 국내외 주식시장과 환율 분석을 메인으로, 글로벌 경제 이슈 해설을 서브로 삼고 있습니다. 이는 서두에서 언급한 저의 대학 시절과 관련이 있는데요. 당시 책에 나온 기술적 분석, 기본적 분석을 따라 하는데 엄청난 희열을 느꼈습니다. 이런 습관이 쌓이고 쌓여 마침내 저만의 분석 모델(퀀트)을 구축할 수 있었고 이를 토대로 자산시장의 큰 흐름을 대중들에게 설명드리기 시작했습니다. 블로그 시절에도 그랬고 유튜브로 옮겨온 이후에도 이런 기조를 이어가고 있습니다. 그런데 이중에서도 '달러 환율' 분석이 신의 한 수로 작용했습니다.
3. 어떤 사람들이 주로 시청하는가?
당연히 경제나 투자에 관심 있는 분들이 제 채널을 보고 계십니다. 자고 나면 무조건 오르던 자산시장 폭등세는 온데간데 없이 사라졌지만 여전히 주식투자를 하고 계신 분들이 많습니다. 서학개미들도 멸종(?)된 거 같지만 2023년 들어서면서 미국 시장, 특히 테슬라가 회복세를 보이며 주식투자를 재개하는 분들이 많아졌습니다.
하지만 최근 제 채널을 많이 보시는 분들은 단연코 '달러 환율'에 웃고 우는 분들입니다. 주식시장이 오르든 내리든, 글로벌 경제가 좋든 나쁘든 환율은 수출입하시는 분들, 유학 중인 분들, 해외 여행, 해외 직구하시는 분들이 주목할 수 밖에 없는 분야입니다. 운좋게 환율 흐름을 정확히 짚어내는데 성공했고 점차 이분들의 시선을 사로잡을 수 있었습니다. 그 외 한국은행, 기재부, 은행 외환거래부서, PB, 연예기획사분들(해외에서 벌어들이는 돈이 많으니까)도 제 분석을 봐주고 계십니다. 제 실력이 그 정도는 안 되는데 감사할 따름입니다.
4. 구독자 비율은 어떻게 되는가?
전체 시청자 중 구독자의 비율은 32%입니다. 이 수치가 높은 건지 낮은 건지 잘 모르겠습니다.
다만 제가 참고했던 순순님의 경우 이",8994,부업 성공 후기,https://www.clien.net/service/board/use/17923551,clien,달러 환율 정확하게 맞춰서 유튜브 구독자 5000명 달성한 후기
,"안녕하세요 .
2년전쯤 병원에서 일하는 수입만으로는 도저히 벌어도 마이너스인 생활을 감당할 수 없어
숨고를 깔고 이것 저것 활동을 했었습니다.
회사의 서류 정리
반려동물 산책
컴퓨터 수리 정도를 했었는데요
지금의 직종을 선택한 뒤부터는 이제 굳이 부업 할 필요도 없고..
도저히 짬이 안나서 문의가 들어와도 하지 못하는 상태였습니다.
근데 어제는 일 끝나고 푹 자고 일어나니 뭔가 기운이 나서
숨고에 들어온 의뢰를 봤는데 컴퓨터 수리 - 사운드가 안나와요
가 있는 것 입니다.
별거 아니겠다 생각하고 답장 드렸는데,
견적이 얼마냐고 여쭤보셔서 출장비 15000원 수리비 15000원 총 3만원이고
수리 완료 하지 못할시 출장비 15000원 비만 받는다고 말씀 드리니 바로 콜 하시더라고요
다른 곳에 문의 드려보니까 15만원 든다고 했다고..
결론적으로는 글쓰는 이 시점에 방금 수리 다하고 왔습니다.
차 타고 15분 거리에 방문해서 msi b360 박격포 메인보드를 쓰는 컴퓨터였는데요
다른 곳에서 견적이 15만원이 나왔던 이유가 메인보드를 교체해야 한다는 것 이었습니다.
하지만 제가 방문해서 처음 느낀건
1. 청소 상태불량
2. 사운드 드라이버 오류
3. 바이오스 셋팅 오류
세가지 정도로 압축할 수 있을 것 같았습니다.
일단 제가 사용하는 usb 사운드카드를 연결하니 소리가 잘 나오는걸로 보아
메인보드 하드웨어 문제 아니면 소프트웨어 문제라고 확신하고 시작했습니다.
일단 처음에 드라이버를 삭제하고 다시 설치했는데도 잡히지 않더군요
ufo 메이커의 마이크를 연결하니 마이크를 출력으로 나오는 것 외에 다른
출력 되는 사운드 드라이버가 잡히지 않았습니다.
그래서 삭제하고 한 단계 전 드라이버를 설치했는데도 출력이 잡히지 않더군요
이렇게 40분 정도 하고 있는데, 재부팅을 하면 검은 화면에 전력이 들어와있고
재부팅이 되지 않는 것 입니다.
이 문제도 잡으려고 hpet를 true로 설정해줬는데도
재부팅 문제가 잡히지 않았습니다.
그래서 임시방편으로  모니터 사운드를 연결해서 사용하기로 하고
usb 사운드 카드를 사서 연결하시다가 시간 날때 메인보드 본사 A/S 보내서
수리 하는걸로 마무리 지으려고 했는데, 들인 시간도 아깝고 이대로 가면 너무
찜찜할 것 같은겁니다.
그래서 바이오스 가서 hd audio 활성화를 꺼주고 부팅후 드라이버 삭제 한뒤
한 단계 아래 버전 드라이버 설치한뒤
전원을 끄고 램부터 다 빼고 30분 동안 컴퓨터를 청소 했습니다.
간단한 거라 생각한 것도 있고 오랜만의 수리라서 챙겨간게 너무 적은터라..
집에 있는 면이랑 면봉과 다이소 고압분사기로
나름 깔끔하게 청소한뒤  전원을 켜보니 nvidia hd audio가
realtek audio로 분리되어 있고 재부팅도 잘 되었습니다.
의뢰자 분은 15만원을 아끼고 안된다고 말해서 구매신청한 usb 사운드카드를
취소해도 된다며 매우 좋아하시며 티즐 피치 우롱티를 주셨습니다.
이제 과제도 할 수 있고 돈도 아끼고 잘 해결되서 좋아하시는 것을 보니
너무 보람차더라고요..
그냥 애매하게 갔으면 찝찝했을 것 같았는데..ㅠㅠ
20대 초반 만원 2만원이 아까운 시기에 업체 눈탱이 안맞게 해드리고
오늘 하루 후련하게 해드린 것 같아 저도 기분이 매우 좋았습니다.
오랜만에 간단한 수리였지만.. 3시에 출발해서 3시30분에 도착하고
5시30분 까지 수리를 했으니.. 생각보다는 걸린거네요 ㅠㅠ
쉬어도 좋은 하루 였지만 기분이 좋습니다!
수리 3줄 요약을 하자면
1. 사운드 출력 문제는 b350~360 시리즈 고질병 중 하나
2. 바이오스에 가서 내장 오디오 끄기 후 장치관리자 및 제어판에 가서 관련 드라이버 삭제
3. 드라이버 삭제후 이전 드라이버 수동 설치 이후 바이오스에서 내장 오디오 활성화
4. 문데기 청소
또 새벽에 일어나서 일 가야 하지만 3만원..지금 일하는 일에 비하면.. 큰돈은 아니라도
그래도 이번 주말 기분좋게  벌었네요 ㅎㅎ",1916,부업 성공 후기,https://www.clien.net/service/board/use/16768176,clien,숨고 컴퓨터 수리 서비스 제공 경험기.txt
,"https://www.clien.net/service/board/use/15228715
CLIEN
-> 커넥터 계약까지의 과정
이제 첫 배달을 나선 이후 실 경험기를 적어보겠습니다.
제가 속한 지역은 '강남서초점' 입니다.
운행승인 문자 받은 후 운행시작 버튼을 누르니 배차를 기다리는 '대기' 목록이 나옵니다.
기본적으로 음식점 이름, 배달금액이 표시됩니다.
3천원, 3천원 +2백원, 35백원, 4천원, 45백원, 3천원+2천원 뭐 이런 식으로 다양한 요금이 보입니다.
어떤 배달건은 프리미엄이란 표시가 붙어 있고, 어떤 건은 푸르스름한 효과가 한쪽 구석에 점등되고,
어떤 건은 아무런 효과가 없습니다.
음식점 이름을 누르고 픽업지와 배달지역, 배달음식 종류와 양, 결제수단, 고객요청 사항 등을 확인해야 합니다.
첫배차 신청을 했습니다.
숙소 인근에서 오가며 봤던 음식점 입니다. 픽업지(음식점) 거리도 가깝고 위치를 알고 있어 찾아가기 쉬웠습니다.
배차 신청을 누르면 '진행' 탭에 해당건이 표시가 됩니다. 조리소요시간은 10분이라고 나옵니다.
숙소를 나서면서 '조리요청' 버튼을 누릅니다. 제가 배차를 받은 후 픽업지 도착가능 시간과 조리시간을 고려해서
'조리요청' 버튼을 누르면 됩니다.
숙소를 나섰습니다.
아침에 출근 복장에 백팩을 메고 헬멧을 쓰고 자전거를 끌고 나갔는데 지금은 편한 옷차림에 백팩 대신 배달 가방을
메고 엘리베이터를 탑니다. 살짝 묘한 기분을 느낍니다. 주변 사람들의 시선이 의식되는 걸까요..
근데 코로나19로 마스크까지 필수로 써야하는 마당에 이 동네에 나를 아는 사람이 누가 있다고 신경쓰냐며,
늘어나는 뱃살 + '돈' 을 다시 상기시키며 나섭니다. 1층에 도착 후 픽업지로 출발합니다.
첫픽업지 도착했습니다.
픽업지 도착 후 자전거 세우고 앱에서 '가게도착' 누릅니다. 진행상태가 '픽업대기' 로 변경됩니다.
들어가면 배민가방을 메고, 가방 끈에 배민 뱃지가 달려있어서 가게에서도 금방 알아봅니다.
도착하면 '얼마짜리' 주문인지 얘기했습니다. 사전에 알아보니 배달건이 여러건인지라 통상 금액을 알려주면
금방 받을 수 있다고 했거든요. 배달포장에 영수증이 붙어 있습니다. 그런데 주문번호는 없습니다.
사전교육 때도 그렇고 배달앱도 그렇고 주문번호를 확인 할 수 있는데 (통상 4자리, 1C4W 뭐 대충 이런식)
같은 금액의 배달건수가 있을 수 있으니 주문번호를 확인하는게 가장 정확합니다.
직원에게 물어보니 주문번호는 안찍혀 나온다고 합니다. 그래도 한 번 더 영수증에 적힌 주문내역과 앱에서 보이는
배달 내역을 보니 맞긴 합니다. 받은 뒤에 앱에 진행상태에서 '픽업완료' 를 누릅니다.
전달지까지의 소요시간이 나옵니다. 5분, 10분, 15분, 20분(최대) 첫 배달이니 넉넉하게 누르고 출발합니다.
전달지에 도착했습니다.
건물이 너무 많습니다. 제가 살던 동네도 아니고 ㅎㅎ
엄청 두리번 거리며 주소지 확인합니다. (전달지 정보에 건물명이 나오기도, 안나오기도 합니다.)
맞는 주소지를 찾아 출입구에 적당히 자전거를 세웁니다.
엘리베이터 올라가는 동안 고객요청사항 (가게 요청, 라이더 요청 중 라이더 요청사항) 확인합니다.
아무것도 없습니다. 도착 후 벨을 누르니 젊은 청년이 나와서 물건을 받는데 하의실종 패션이네요 ㅎㅎㅎ
첫 배달지에서 비쥬얼 쇼크 당합니다 ㅎㅎ
배달 완료했습니다.
음식을 전달 후 진행 내역에서 '배달 완료' 를 누릅니다. '대기 18건, 진행 0건, 완료 1건'
첫 배달 성공입니다. 배차 신청을 하고, 음식을 받아 전달하는데 소요시간은 약 25분?
이후 대기목록에서 가까운 위주로 해놓고 몇 차례 더 해보니 어렵지 않았습니다.
B마트를 해봤습니다.
돌아다니다 보니 대기 목록에 B마트라는게 서너건씩 떠있습니다.
호기심에 눌러보니 음료, 조미료, 식자재 등 일반 슈퍼마켓에서 판매하는 제품들 배달입니다.
자꾸 대기목록에 나와있는게 신경쓰여 하나 해보기로 하고 배차신청을 눌렀습니다.
픽업지 위치가 제가 아는 지역이었는데 평소 자전거 출퇴근 길 근처였습니다.
그런데 평소 출퇴근 길(대로) 보다 골목이 가까워 보여 들어갔습니다.
고급주택이 즐비하네요...마치 드라마에서 본거 같은...오~ 대로 안쪽에 이런 곳이 라고 생각은 잠시..
엄청난 오르막 내리막이 반복..;;
비마트 근처에 다와가니 스쿠터들이 여러대 지나가길래 같은 방향으로 따라갔습니다.
B마트 강남점. 도착하니 입구에서 체온을 측정하고 서류에 도착시간, 이름, 전화번호 뒷4자리, 체온을 기록합니다.
안쪽에선 수 많은 포장물건들이 출고대기 선반에 놓여있고 옆에 화면에는 포장중인 물건과 포장완료된 물건 번호가
표시되어 있습니다. (마치 패스트푸트점 전광판 같은) 많은 라이더분들이 오가며 집어갑니다.
B마트 역시 도착 후 '가게도착' 을 누르고 '픽업대기' 상태에서 화면을 보고 물건이 이미 나와있으면 가져가면 되는데,
조금 다른건 '픽업대기' 버튼을 누르면 카메라가 실행되고 물건에 붙은 영수증에 QR코드를 찍습니다.
물건이 맞으면 '픽업완료' 가 되고 똑같이 전달지까지의 시간 선택을 한 뒤 출발하면 됩니다.
실수로 배달 완료를 눌러버렸습니다.
B마트 픽업 후 잠시 자전거 락을 푼다고 핸드폰을 주머니에 넣었다 꺼내니 진행중인 배달이 없어졌습니다.
핸드폰을 잠시 주머니에 넣는 순간 '배달완료' 가 눌러져버린 모양입니다.
완료 리스트에 정보를 보니 전달지의 상세주소는 이미 XXX 처리되어 있습니다.
일단 대략적 위치 확인은 했었으니 전달지 근처까지 간 뒤 채팅으로 배달상태 변경을 해달라고 남겼습니다.
정확한 사유를 적으라고 뜨는데 사유를 적으려고 하는데 바로 '진행' 상태로 돌아오더군요. (음??)
주소지 확인 후 배달을 완료하고 내려와 핸드폰을 다시 보니 센터 상담원이 배달 지연이 될 거 같은지,
배달을 완료 한 뒤에 연락을 달라고 메세지를 남겼길래 사유를 설명했더니 알겠다며 안전운전 하라고
메세지 남겨주고 아웃 하더군요.
이렇게 여차저차 7월 14일 첫 배달을 시작으로 틈틈히 20시~25시? 정도 사이 배달을 하고 있습니다.
게임하고 영화보다가 새벽에 잠드는것 보다 뭔가 열심히 사는거 같은 기분도 들고 의외로 ",10595,부업 성공 후기,https://www.clien.net/service/board/use/15237037,clien,전기자전거로 배민 커넥터 된 이후 (2편)
,"온라인 어느새 10년째 넋두리 한번 써봐요.
요즘들어 생각이 많고 고민도 좀 있어서 그동안을 간단히 정리 해 보고자 쓰는 글입니다.
최대한 짧게 쓸 건데 길어질 것 같네요.
약 10년전 27살 어느정도 괜찮은 웹에이전시에 취직했습니다.
그 전까지는 취업준비하고 알바정도의 일을 하다가 만족할 만한 회사에 취직하면 온라인 쪽에 첫 발을 내딘거죠.
임대형 쇼핑몰을 서비스하는 회사로 저는 개발팀에 속해 클라이언트 쇼핑몰의 유지보수 업무를 주로 했습니다.
중요한 개발이나 커스터마이징은 경력있는 선배들이 했었죠.
컴퓨터는 어려서부터 다뤘었고 잘하는 편이어서 일 적응은 빨랐습니다.
2년이 조금 넘는 시간 이 회사를 다니고 그만두기까지 생각의 변화도 많았고 많은 일이 있었네요.
처음에는 모든 것이 만족스러웠습니다.
""이정도 회사라면 평생 다녀도 되겠다"", ""열심히 해서 인정 받고 싶다"" 라는 생각에 1년 정도는 정말 열심히 일 하고 사회생활에도 최선을 다했습니다.
싹싹하고 센스있다는 말도 많이 들으며 프로그래밍 공부도 열심히 했습니다.
1년이 좀 지나면서 부터 일도 익숙해지고 후임도 두세명 들어오면서 일에 대한 제 가치관이 조금씩 바뀌기 시작했습니다.
그 전까지 만족할 수 있을 것 같은 회사생활이었습니다.
하지만 9시부터 18시까지 정해진 시간에 회사에만 있어야하는 현실이 점점 숨막혀왔습니다.
휴가를 쓰기 위해 눈치를 보고 맘편히 은행일도 보기 힘든 상황들을 벗어나고 싶었습니다.
또한 개발자 사수들의 안좋은 관습, 직장 내 상하관계에서 오는 불합리들에서 점점 불만이 생겼습니다.
2년차 부터는 회사를 다니며 쌓인 인맥과 커뮤니티등을 활용해서 간단한 사이트 제작 부업도 같이 했었습니다.
9시부터 18시까지 회사생활을 하고 저녁과 밤에는 부업을 하며 추가수입을 냈던거죠.
부업의 수입이 회사 월급을 넘었던 달, 퇴사를 결정했습니다.
퇴사를 하고 작은 사무실을 얻어 디자이너, 기획자등과 팀을 이뤄 프리랜서 그룹을 만들어야겠다는 생각을 한거죠.
술을 마시면 다음날은 좀 늦게 일 시작하고 개인적인 일이 생기면 편하게 일보러 나가고.. 여행을 가고 싶으면 여행을 가고..
그렇게 돈을 벌어도 회사에서 받는 월급보다 많이 받을거라는 생각이 있었죠.
회사에 퇴사의사를 밝히고 인수인계 및 진행하던 프로젝트를 마감할 3개월의 시간이 주어졌습니다.
이 3개월은 정말 바쁘게 살았던 것 같습니다.
회사일도 엄청 바빴으며 부업도 하고 있었고 퇴사 후 진행할 프로젝트그룹도 바로 시작할 예정이라 준비할 게 많았죠.
그러던 와중에 친한 친구 녀석이 성인용품 쇼핑몰을 만들어 달라고 찾아왔습니다.
저에게 이 친구가 인생의 첫번째 터닝포인트가 됩니다.
저는 친구에게 비용을 받고 쇼핑몰을 제작 해 주었습니다.
친구가 저에게 쇼핑몰 제작 일을 의뢰 한 것이었죠.
350만원을 받았고 150만원은 디자이너를 주고 200만원은 제가 가졌습니다.
친구의 쇼핑몰 제작을 2개월 정도 했습니다. 사실 한달정도면 끝낼 수 있는 분량이었습니다.
당시 다니던 회사와 친구의 사무실이 매우 가까웠습니다.
논현역과 지금의 언주역위치. 회사일을 마치고 저녁엔 친구 사무실로 가서 늦게까지 친구 사이트를 제작했습니다.
친구니까 좀 더 잘 됐으면 하는 바람에 견적 이상의 일을 해 준 것이 사실입니다.
굳이 안 해줘도 되는데 다른 사이트들 참고하고 트랜드 분석하면서 이런거 적용하면 괜찮겠다하며 친구 보여주고..
친구는 대박인데 이게 가능하냐고 물어보았죠.
계획에도 없던 많은 기능들을 추가로 넣어줬습니다.
새벽시간에는 더 싸지는 타임세일기능, 당시 유행하던 소셜커머스에서 따운 하루 한상품 파격세일, 회원/비회원 가격 차별화등등..
단순히 따져도 일반 클라이언트라면 300만원 이상의 견적을 청구 할 수 있는 작업량이었습니다.
DB설계하고 프로그래밍하고 어드민페이지 수정하고 이벤트페이지 만들고.. 개발에 들어가는 부분이 꽤 많았거든요.
제가 그렇게 했던 이유는 그당시에 너무 재밌었고 친구가 잘 됐으면 하는 마음이었죠.
그렇게 친구의 쇼핑몰 제작은 끝나고 제 퇴사도 얼마 남지 않은 시점이었죠.
그때부터 친구는 이 쇼핑몰을 같이 하자고 저에게 제안합니다.
친구는 마치 내일처럼 쇼핑몰은 만들던 저에게 내심 고마웠고 그런 모습에 같이 하고 싶은 마음이 생겼던거죠.
저도 당시 준비하던 것이 있었고 목표가 있었습니다.
또한 쇼핑몰로 망하는 사람을 많이 봤기에 처음에는 거절을 했습니다.
하지만 제안이 계속될 수록 친구의 열정을 느꼈고 둘이 일하면 재밌겠다라는 생각에 준비하던 프리랜서 그룹을 정리하고 친구의 사무실로 들어가 친구와 동업을 하였습니다.
이때까지만 해도 저는 php만 좀 아는 초보개발자(퍼블리셔)에 불과 했습니다.
마케팅은 전혀 몰랐죠. 블로그, 카페, 지식인으로 마케팅을 많이 하더라 정도만 알았지 그렇게 어렵고 힘든건지 몰랐습니다.
처음 1년은 너무 힘들었습니다. 없는 살림에 유료광고도 해봤지만 효과가 너무 없었습니다.
둘이 머리 맡대고 다양한 시도를 해보았습니다. 마케팅의 해법을 찾기 위해 많은 시도를 했습니다.
그럼에도 불구하고 매출이 없었고 하는 일만 엄청많았습니다. 다양한 노가다도 많이했고요.
그렇지만 월 100만원을 가져가기 힘들었습니다.
이런 상황속에 이 쇼핑몰을 포기할까라는 생각을 한 적도 많았지만 친구와 서로 힘이 되어 하루하루 버텼습니다.
당시 저희가 일하던 사무실은 책상이 3개 들어있는 소호사무실이었습니다.
폭우 속에 일을 하던 새벽, 갑자기 건물이 정전이 되어 일을 할 수 없는 상태가 되었습니다.
정전이 길어지기에 우리는 그날 일을 포기하고 어두운 사무실에서 촛불을 키고 컵라면, 참치, 과자등과 함께 소주를 마신 적도 있었습니다.
둘다 술을 좋아하지 않았었는데 그땐 그 소주 몇잔이 그렇게 맛있었네요.
아무튼 약 1년의 시간동안 집은 1주일에 1~2번 들어가고 사무실, 찜질방등에서 자면서 고생을 하니 조금씩 빛이 보이기 시작했습니다.
매출은 없었지만 1년의 시간동안 우리는 일을 했었고 노하우가 생겼던 거죠.
블로그 키우라는 말에 몇달 전부터 소소하게 글쓰던 블로그 3개가 최적화 블로그가 되어있었습니다.
당시에는 용어도 몰랐던 최적화 블로그를 우리",10190,부업 성공 후기,https://www.clien.net/service/board/park/13028340,clien,"에이전시,쇼핑몰등 온라인 10년째.. 넋두리 한번 해봅니다."
,"유튜브를 보면 종종 ""블로그 월 100만원 수입"" , 경제적 자유...
이런 식의 자극적인 컨텐츠들이 많이 보이곤 합니다.
월 천... 뭐 이런 것들은 그냥 어이가 없어서 웃고 넘어가긴 하지만
실제로 티스토리에서 에드센스의 수입이나
네이버에서의 쿠팡이나 협찬 등등으로 월 100만원의 수입이 보장 될 수 있는 구조인지 궁금하더군요.
관련 수업도 많이 있긴 하지만
극찬과 사기? 처럼 극단으로 후기가 나눠지더라구요.
블로그를 운영하시는 분들에게 문의를 드리고 싶어서 글을 올렸습니다.
이것이 부업으로 가능한 것인지 알고 싶습니다.",295,부업 월 100만원,https://www.clien.net/service/board/kin/18601493,clien,'블로그 월 100만원 수입' 이라는 컨텐츠들에 대해서
,"창업이야기가 있어서 저도 생각 난 김에 적어봅니다.
제가 사업 한 이야기나 힘든 이야기는 여기에도 종종 쓰긴 했는데,
사업이란게 생각보다 어마어마한 정신노동이고 그 성과가 모 아니면 도일 가능성이 높아 매우 지치는 일 입니다.
대신 '
한번 성공하면 다 만회할 수 있'....을
가능성이 있죠.
2006년 제가 처음 창업했을 때 가지고 있던 자본금은 100만원 이었습니다.
각자 100만원으로 시작한 이유는 '없어도 크게 힘들지 않은 자본'이 100만원이라고 생각했기 때문입니다.
제 100만원과 공동창업자의 100만원을 합해 200만원을 자본금으로 했고
30만원짜리 중고 노트북 하나씩 사서 소프트웨어 개발 회사를 만들었죠.
그런데 저도 공동창업자도 개발자 출신이 아니었기 때문에 곧 난관을 만나게 되었고
즉각 매출을 올릴 수 있는 무언가가 필요했습니다.
그나마 오랫동안 알바로 일을 했었던 '책 편집'일을 받아서 했죠.
편집을 해서 인쇄소에 넘겨 50권 정도 만들어 납품하고... 뭐 이런 일이었습니다.
한번 일을 하면 매출이 100만원이고 비용은 60만원 정도 들었습니다.
40만원이 남는거고, 일주일에 이런 일이 1번씩 있습니다.
총 월 수익은 200만원, 이걸 둘이 나누면 100만원... 세금 빼면.... 진짜 입에 풀칠하는 수준이었죠.
그렇게 '근근이' 두어달 정도 시간을 보내고 있던 어느날 사고가 벌어집니다.
비오는 여름에 퀵으로 납품할 책을 인쇄소로부터 받았는데, 맙소사 책이 다 젖은겁니다.
퀵 기사는 나몰라라 도망가버렸고, 납품은 해야되고....
뭐 어찌저찌 넘어가긴 했지만, 그때 깨달은것은 '새로운 방법이 필요하다' 였습니다.
그때 번뜩 떠오른 생각이 '어차피 50권 정도면 레이저 프린터로 50장씩 뽑아 소형 제본기로 책을 만들 수 있지 않을까?' 였습니다.
조사를 해 보니 당시 1분에 60페이지가 인쇄되는 '고속복사기' 라는 제품이 있었는데, 중고 가격이 500만원 정도 했습니다.
반면 중고 흑백 레이저프린터는 1분에 10페이지 출력이 가능한 제품이 10만원정도면 구입이 가능했고
비정품 토너를 쓰면 고속복사기보다 유지비가 저렴했습니다.
그럼 흑백 레이저 프린터 6대만 있어도 500만원의 효용을 달성할 수 있겠다 싶어 즉시 실행에 옮겼습니다.
물론 양면출력 되는 제품은 비싸서 수동으로 양면인쇄를 한 것은 덤입니다. ㅎㅎ
예상은 적중해 이 방식은 초기 저희 사업을 성장시키는 데 큰 역할을 했고
회사는 계속 성장해서 사무실을 이전, 1억이 넘는 출력기를 구매할 수 있을 정도로 성장했습니다.
이렇게 성장하는데 3년정도 걸렸네요.
처음에 투자한 100만원이 매출 몇억짜리 회사를 만든겁니다.
그런데 '그래서 그들은 행복했네'로 끝나면 좋을텐데, 아쉽게도 그러진 못했습니다.
당시 정부부처쪽 일을 하고 있었는데 정권이 바뀌면서 갑자기 일이 끊겨 망하기도 했고
빚더미에 올라갔다가 내려갔다가 하다가
한달에 20만원짜리 공유오피스 구석에서 쭈그려서 일을 하기도 하다가
다시 초등학교 교육 콘텐츠 회사로 십수억 매출을 올리기도 했습니다.
코로나 때문에 지금은 정리하고 다시 새로운 시작을 준비하고 있지만
사업에 대해 제가 확신할 수 있는건
사업으로 성공하는건 많은 자본 보다 '
순간의 사건을 어떻게 생각하는가
'에 성패가 달리는 것이라 생각합니다.
사업 망한 얘기라면 책을 써도 몇백장 쓰겠는데 망한 이야기를 좋아하실리는 없으니 ㅎㅎㅎ
여튼제 결론은 이렇습니다.
-----------
1. 사업은 감당할 수 있는 최저자본으로 시작해야 한다.
(개인에 따라 다르겠지 300만원 정도가 한도인 것 같습니다)
2. 사업의 본질은 '타인이 가진 (또는 가질 수 있는) 문제를 해결하는 것이다.
그 문제는 빛처럼 왔다가 빛처럼 사라지니 항상 눈을 크게 뜨고 있어야 한다.
3. 혼자 시작하는게 외롭고 힘들긴 하지만 동업은 진짜 잘 생각 해 보는게 좋다.
------------
특히 창업을 준비하시는 분들에게 조금이나마 도움이 되었으면 좋겠습니다.
그렇지만 현실은 저도 지금 백ㅅ........ ㅠㅠ
그렇다고 합니다.
진짜 끗.",1985,부업 월 100만원,https://www.clien.net/service/board/park/16657055,clien,저는 100만원으로 창업했었습니다.
,"개발자로 5년 정도 경력이 있던 와중에
스타트업을 마지막으로 거의 1년반을
구직생활을 하고 있네요...ㅠ
이 기간동안 여러 취미들도 경험해보고
특히 사진과 카메라를 취미로 가지고 관심을 많이 가지던 와중에
이것으로 뭔가를 하면 좋겠다 싶었습니다.
그래서 내가 좋아하는 것으로 1원이라도 벌어 보는 것을 작은 목표로 잡아서
한 달 전부터 유튜브와 인스타를 시작했고
당연하지만 아직은 뭐 큰 결과물은 없습니다ㅋㅋㅋㅋ
그래도 꾸준하게 계속 고민하고 컨텐츠를 만들고 새로운 것을 만들려고하면서
뭔가 남기는 것을 목표로 하고 있습니다.
그러던 와중에 스스로 사진찍는 개발자로 칭호를 붙였던것 때문에
약 1주일 전부터는 앱을 만들기 시작해서
칭호 유지용 무료앱이 노출계앱을 시작으로 출시하고
오늘 드디어 유료앱으로 내놓으려던
필름 감성 카메라 앱까지 출시를 성공했네요
사업자부터 통신판매업 등.. 모르는 것들을 하나하나
챙기면서 영상편집도 하고 앱도 개발하고 디자인도 고민하고
이런저런 하루라는 시간이 부족한 나날이었습니다ㅋㅋㅋ
물론 아직은 1원도 못 벌었지만
생각보다 짧은 시간에도 많은 것을 할수 있었기에
계속 고민하고 도전하려는 마음에
큰 동기부여와 성취감이 들어서
그냥 글 남겨봅니다.
그리고 뭐 앱 개발하던 중간에
5월에 투입되는 일도 계약을 했어서
투잡처럼 될거 같기도 하고
좋은 일이 이제는 조금이라도 왔으면 하네요
/////
또 중장기적 목표는
이쪽에서 쬐끔이라도 유명해지고 영향력도 아주 조금 생겨서
핫셀블라드 광고를 받는 그날까지ㅎㅎㅎ",751,투잡 성공,https://www.clien.net/service/board/park/19168043,clien,"오랜 구직 실패에 여러 도전을 하다보니, 이제 좋을 날이 올지도 모르겠습니다."
,"50대 개발자입니다.
현재 재택으로 남이 주는 일 받아서 하고 있습니다.
오늘 아침에 구글 캘린더가 창립기념일을 알려주는 알람을 보내주더군요. 창립기념일이라 하니 거창하지만 그냥 개인사업자를 낸 1인 기업 개인개발자입니다. 사업자를 낸지는 오늘이 정확히 2년이 되는 날이고, 마지막 회사를 퇴사 하고 1인 개발자로 살아 남은지 5년이 되었습니다. 3년간은 3.3% 원천징수 프리랜서를 했습니다.
""5년 동안 살아 남았구나."" 라는 생각에 울컥... 까지는 아니고 나름 소회가 남달라 그간 느낀 점, 생각들 몇가지 적어 봅니다.
1. 성실
재택 개발자로서 가장 필요한 덕목이라 생각합니다. 얼굴을 보이지 않는 재택근무자는 클라이언트에게 신뢰감을 줘야 합니다. 신뢰감을 주는 방법은 다른거 없더군요. 성실하면 됩니다.
약속된 날짜에 약속된 결과물을 보여줘야 합니다. 물론 일이라는게 스케쥴에 딱딱 맞게 진행되진 않습니다. 그럴땐 그것대로 미리미리 내용을 설명해야 하고, 당연히 합당한 이유가 있어야 합니다.
집에 있으면 회사에서 보다는 일이 잘 안되는게 당연합니다. 거실의 쇼파, 부엌의 냉장고, 가족등 유혹하는 것들이 많기 때문이죠. 무작정 그것들을 이겨내고 하루 8시간씩 일 해라.. 까지는 아니고 본인 스스로가 납득할 정도의 하루 업무량은 지켜야 합니다.
며칠씩 일을 안하다가 한번에 몰아서 하는건 좋지 않습니다. 클라이언트와의 소통에도 도움이 되지 않고, 스스로 관리도 되지 않습니다.
2. 인맥
사실 이걸 1번으로 적을까 했습니다. 그리고 한동안은 이게 전부 라고 생각을 하기도 했었습니다. 1인 개발자는 따로 영업을 하기 힘들기 때문에 결국엔 인맥이 가장 소중한 자산이라 생각했기 때문이죠. 하지만 5년 정도 되어보니 인맥보다는 성실을 통한 신뢰 쌓기가 5년간 버틸 수 있었던 원인이 아닌가 싶습니다.
인맥으로 새로운 일을 만들어내고, 성실함을 인정 받아 또 다른 일을 만들어내는 구조가 되어야 1인 개발자로 살아 남기가 가능해지는게 아닐까 싶습니다.
3. 전략
이 글에서 제가 하고 싶은 이야기 핵심 입니다.
보통은 계약 후, 일을 진행하여 일이 끝나면 개발비를 받고 해당 계약 건은 종료되는게 일반적일 겁니다.
하지만 40대 후반에 마지막 회사를 퇴사하고 1인 개발자로 살아남기를 결심하면서 가장 중요하게 생각했던건 ""꾸준한 수입"", ""일의 지속성"" 이었습니다. 보통 단건 계약은 개발이 끝나면 종료되고 또 다른 일을 구해야 한다는 부담감이 생깁니다. 영업이 필요하다는 이야기죠.
저는 1인 개발자로서 영업력이 문제가 될 수 있을거다는 생각에 다른 전략을 세웠습니다.
업무 계약시 개발비를 받지 않고 처음부터 유지보수 형태의 계약을 취했습니다. 예를 들어 3개월 개발에 1200만원 짜리 업무가 있다고 가정한다면 (숫자는 계산하기 쉽게 예시를 들었습니다) 3개월 이후에는 또 다른 일을 구해야 한다는 부담감이 있기 때문에 3개월안에 개발을 하되, 계약은 1년 계약으로 해서 월 100만원(12개월 * 100만원 = 1200만원) 받는 식으로 계약을 유도 했습니다.
저는 비록 금액은 크지 않지만 1년간의 새로운 영업이 필요 없는 고정 수익이 생기는 것이고, 클라이언트 입장에서는 당장 1200만원이라는 큰 돈이 들어가지 않고, 1년간의 유지보수, 업그래이드를 계속 할 수 있다는 장점이 생기는 겁니다. 마치 직원을 한명 고용한 효과가 생기는 거죠.
개발비를 한번에 받는 것과, 잘게 쪼개서 나눠 받는 것이 조삼모사라고 생각할 수도 있는데, 작은 금액이더라도 1년간의 고정 금액을 만드는 것은 생각외로 큰 효과가 있습니다. 1인 개발자로서의 심리적 안정감이죠.
그리고 1년간 신뢰를 쌓으면 그 클라이언트는 반드시 1년 뒤에 계약을 연장하거나 새로운 일을 또 만들어서 같이 일을 하게 될거라 생각을 했었고, 이 전략은 5년이 지난 현재까지는 일단 성공 하고 있습니다.
4. AI
AI 이야기를 빼 놓을 수는 없을거 같습니다. 많은 개발자분들이 공감하시겠지만 나이가 들면 일에 대한 매너리즘에도 빠지게 되고, 또한 새로운 기술, 트랜드로부터 뒤쳐짐도 느껴지기도 하고 그렇습니다.
저 역시 힘든 시기가 있었는데, AI가 새로운 활력이 되었습니다. 어느 순간부터 코딩이 재미 없어지고 일이 일로서만 느껴지면서 매너리즘에 빠지고 무력함에 빠지기도 했는데 코딩에 AI 를 도입하면서 재미를 되찾게 되었고 단순하고 귀찮은 부분들을 AI가 커버해주면서 개발자로서 마치 새로운 생명력을 얻은 기분입니다.
거짓말 좀 보태면 개발자 때려치우고 닭집 창업 직전까지 갔다가 다시 개발자로 돌아온 느낌입니다.
실제로 업무 속도도 상당히 늘었으며, 전문 분야가 아닌 부분들(예를 들면 css 같은)도 막힘없이 진행이 되기에 정말 크게 도움이 되고 있습니다.
물론 요즘 뉴스들을 보면 개발자들에게 좋은 일만은 아닌거 같습니다. MS의 대규모 해고 건도 그렇구요. 특히나 주니어 개발자들은 사람이 아닌 AI와 자리 경쟁을 해야 하는 분위기라고 하니 참 어려울거 같기도 합니다.
하지만 AI도 결국은 tool 일 뿐이죠. 하나의 tool 로서의 활용성을 높이면 개발자로서 좀 더 좋은 환경 속에서 일 할 수 있게 되지 않을까 생각합니다.
5. 그렇게 살아 남고 있습니다.
독립 후 한동안은 직전 회사에서 받던 월급에서 1/3 토막이 나는 수입을 기록 했었습니다.
당시 40대 후반이라는 나이, 가족, 미래 계획등 모든 것이 암울 했었습니다.
하지만 조금씩 계약하는 업무가 늘어나면서 지금은 직전 회사 정도의 수입을 내고 있습니다. 5년간 꾸준히 계속 같이 일 하는 업체도 몇 곳이 있구요. 참 감사 할 따름입니다.
최근에 새로운 계약이 진행되고 있는데 계약 성사 가능성은 반반이지만 만약 계약이 되면 당분간은 돈 걱정없이 살 수 있을거 같습니다.
6. 맺으며
지난 5년을 되돌아보니 운이 좋았구나 하는 생각을 합니다.
마침(?) 코로나 시국이라 재택근무에 대한 인식이 많이 바뀌었고 클라이언트 분들도 원격으로 회의 하고 업무 진행하는 것에 거부감이 없었습니다.
또한 다행스럽게도 일이 끊기지 않고 계속 일을 할 수 있었던 것도 정말 운이 좋았다는 생각입니다. 다음 달 어떻게 하지?",3258,투잡 성공,https://www.clien.net/service/board/use/18991126,clien,50대 1인 개발자 살아남기
,"1. 애플워치 주문 및 픽업 과정
제가 선물하려고 찾던
애플워치 색상과 크기
가 정말 어디에도 없었습니다.
애플 공식 온라인스토어, 인터넷 쇼핑몰, 쿠팡 모두 품절이었고, 입고 예정도 한참 걸린다고 했습니다.
그런데
가로수길 애플스토어
에 딱 하나만 픽업 주문 가능한 재고가 있다는 걸 확인했습니다.
그래서 바로 주문했고, 픽업 날짜가 표시되어서 매장으로 갔습니다.
2. 애플스토어 매장에서의 황당한 상황
그런데 매장에서 픽업하려 하자
직원이 “이건 주문이 취소됐다”고 말했습니다.
제가 놀라서 이유를 묻자,
“어제 고객님이 직접 취소하셨습니다. 고객님이 취소 버튼을 누르셨어요.” 라고 하더군요.
저는 “제가 직접 취소했다면
취소 확인 메일이나 환불 영수증
이 와야 하지 않느냐”고 물었고, 직원도 “맞다”고 했습니다. 그래서
메일함과 스팸함을 보여줬지만
, 취소 메일은 없었습니다.
게다가 카드 결제 내역도
정상 결제 상태
였죠. 제가 이상한거 아니냐니까 원래 환불을 꽤 걸린다 해서 제가 그건 아는데 매입이 정상으로 이루어져서 청구까지 되었고 카드사 연락해도 여전히 정상 매입이고, 환불은 커녕 취소 요청 자체가 안 들어왔다 라 했더니 뭐 그건 시간이 걸릴 수도 있다........이러대여
3. 직원들과의 실랑이
제가 “아무 잘못도 안 했는데 왜 취소됐냐, 당장 픽업 가능하게 해달라”고 하자
직원은 “이미 취소된 건 처리할 수 없다”며 다른 사람을 불렀습니다.
두 번째 직원은 “고객님 저희 기록에선 고객님이 취소버튼을 눌렀어요. 웹사이트에서 한게 아니면 뭐 이메일에서 실수로 취소 버튼을 누르신 것 아닐까요?”라고 했지만, 저는
이메일에 ‘취소 버튼’이 없다는 걸 보여줬습니다.
게다가 저는
안드로이드 폰
을 사용 중이라 아이폰에서 애플스토어는 앱으로나 쓰던데다가 이중인증도 된터라,
애플스토어 로그인 자체가 불가능
했기 때문에, 제가 안드로이드 폰에서 직접 취소할 방법도 딱히 없었고 제가 그걸 취소하고 기억 못할리가 없었습니다.
그런데도 직원은 “주문번호로도 취소할 수 있다”고 했고 제가 그걸로 해봤는데도 거기서도 취소버튼은 안 보였습니다. (제가 당시 집으로도 배송 하나 주문했었어요 그래서 그걸로 테스트해보는데 계정 로그인 안 하면 주문 취소버튼 보이지도 않음)
제가 “그럼 제가 일부러 취소해놓고 이렇게 따지러 왔겠냐”고 하자
직원이 “전산은 틀릴 수 없다.” 우리가 해줄 수 있는게 없다"" 라고 단정 지었습니다.
잠시 후에는 그 직원용 뒷구멍에 들어가고 와서 말을 바꿔서 “고객님이 취소한 게 아닐 수도 있고, 시스템 오류일 수도 있다 양해해라.” 라고 하더군요.
그래서 제가 “그럼 왜 처음엔 내가 취소했다고 계속 주장했냐”고 따지자, “고객님이 취소 버튼을 눌러서 취소했다고 확정하거나 한건 아니고 그냥 고객님이 한거라는 뜻이었다. 온라인스토어 전화나 방문으로 취소했을 수도 있다."" 그래서 제가 전 어떤 방법으로 한 적이 없다고 했더니 또 지들끼리 말하더니 ""오류인것같다. 이런 오류는 흔하지 않은데 하필 이번에 그런 것 같다.” 라며 어이없는 답을 내놨습니다.
4. 모순된 변명과 뉘예뉘예
제가 “취소됐다면
취소 메일이 와야 정상 아니냐
”고 묻자,
그들은 “원래는 그렇지만,
서버 문제
면 안 갈 수도 있다”고 했습니다.
그래서 저는 “아까는
전산이 틀릴 리 없다
고 하지 않았냐 책임자 불러와라”고 했죠.
그러자 또 다른 직원을 데려오더군요.
새로 온 책임자라는 직원은 제 말을 듣는 둥 마는 둥 하며, “뉘↘에↗” 같은 톤으로 대답을 반복하며
조롱하듯 반응
했습니다.
제가 짜증이 확 나서 일부러 ‘네’라고 대답할 수 없는 질문을 던졌는데도 그는 여전히 “뉘에↗""로 답하길래 제가 뭐라구요? 하고
이젠 저한테 이것저것 묻는데 제가 똑같이 ""뉘에""라고 대답하니까, 자기도 ""아 잘못됐다.""를  느꼈는지 뉘에에,, 이어 에?,, 예예~?”라더군요.  너무 화가 나서 “방금 저 조롱하는 거냐”고 따졌더니 아니라고도 안 하고 바로 한동안 아무 대답도 없다가 ""어떤게요?"" 라길래 제가 ""알잖아요 본인도"" 그랬더니 ""난 대답한것일뿐인데 그게 기분이 나쁘다면 죄송하다"" 제가 “그럼 왜 제가 뉘에라고 대답하지도 못할 질문을 했는데도 뉘에라고 했냐 내가 뉘에 뉘에 하니까 왜 갑자기 말이 없어졌냐. 들어보니 어떻냐, 솔직히 본인도 아니까 그러는거아니냐. 소비자로서 정식 항의하겠다”고 하자 그제야 “미안하다”고 했습니다. 그래서 저도 똑같이 ""뉘에""를 대답으로 쭉 시전했습니다.
하지만 이미 주변에는 직원들이 구경하듯 와서 지들끼리
웃으며 떠들고있고
, 직원이랑
시큐리티까지 온
상황이라 기가 막혔습니다. 지들끼리 하는 얘기니 그렇다 쳐도 지금 제가 어떤 상황인지 아는데 굳이 와서 일도 안 하고 서로 떠들고 웃고있는지 어이가 없었습니다
그리고 순간 진짜 자괴감이 들더군요 ""아니 이 스토어는 한 번도 아니고 돈 주고 사면서 이런 대접을 받아야 하나”는 생각이 들었습니다.
5. 끝까지 이어진 무책임한 대응
그 와중에 다른 직원이 “그럼 고객님이 원하시는 게 뭐냐, 다시 주문하시면 된다”고 말했습니다.
그래서 저는 “재고가 없다고 했고, 몇 주나 걸린다는데 지금 와서 다시 주문하라니 말이 되냐”고 했습니다.
“내가 취소도 안 했는데 취소했다고 우기고, 이런 말싸움 하는 것도 화가 난다”고 했습니다.
그들은 “전산이 늦게 업데이트돼 그렇다 거의 몇주 출고 메세지가 며칠내로 바뀔것이다”라며, 거의 며칠 뒤 입고될 테니 준비되면 다시 오라고 했습니다.
하지만 저는 “며칠 뒤면 출국인데 장난하냐”고 했고,
“난 니들 때문에 모든 계획과 일정 다 망쳤다 선물도 못한다 기분도 오늘 하루도 망쳤다 ”고 말했습니다.
그랬더니 잠시 후
직원이 뒷문으로 들어갔다 나오며
“고객님 정말 다행이에요, 우와 딱 하나 남아 있네요!”
라며 갑자기 “없다던 제품이 생겼다”고 했습니다. 이야 어제 내가 취소했고 이미 나가서 물건이 없고 며칠이나 온라인 스토어는 몇주 기다려야한다더니, 제가 출국 얘기하고 모든걸 망쳤다니까 갑자기 물건이 생겼네요  ㅋㅋㅋㅋ
그리고는 “근데 픽업 준비하려면 몇 시간 뒤에 다시 오셔야 하고, 결제도 새로 해야 한다”고 했",5910,스마트스토어 후기,https://www.clien.net/service/board/use/19090897,clien,애플스토어 픽업 취소당한 물건이 다시 생긴 기적
,"* 기사 본문에 모든 순위에 대한 설명이 있습니다.
1위부터 10위만...
※ 상승↑ 하락↓ 변화 없음◀▶ 순위 진입★ 자수성가㉶
1. 김병주
순자산: 95억 달러(13조8077억원) / 부의원천: MBK파트너스㉶ / ↑1
김병주는 사모펀드 운용사 MBK파트너스의 설립자 겸 회장이며 ‘아시아 사모펀드의 대부’로 불린다. 그는 2005년 MBK파트너스를 설립하고 대우정밀을 시작으로 굵직한 인수합병(M&A) 거래를 성사시켰고, 2015년 홈플러스를 국내 사모펀드 거래 중 가장 큰 규모인 61억 달러에 인수했다. 이후 수익보다 자산매각에 집중했고 올해 초 홈플러스가 기업회생 절차를 신청해 논란의 중심에 있다.
2. 이재용
78억 달러(11조3369억원) / 삼성전자 / ↓1
이재용은 2022년 삼성전자 회장에 올랐다. 부친인 고 이건희 회장이 일궈놓은 삼성의 기술력 우위를 수성하는 데 난항을 겪고 있다. 2024년 4분기 SK하이닉스에 사상 최초로 영업이익 추월을, 2025년 1분기에는 DRAM 점유율 추월을 허용해 34년간 수성해온 DRAM의 1인자 자리마저 뺏겼다. 이 회장과 그의 가족은 2020년 이건희 회장 사망 이후 12조원에 달하는 상속세를 5년간 분할 납부하고 있다.
3. 조정호
77억 달러(11조1915억원) / 메리츠금융그룹 / ↑1
조정호는 메리츠금융그룹 회장으로, 한진그룹 창업주인 조충훈 회장의 네 아들 중 막내다. 조 회장은 한진투자증권과 동양화재를 물려받았고 이를 통합해  메리츠금융지주를 설립했다. 메리츠금융지주는 상승세를 이어가고 있어 범한진가에서 성공한 기업인으로 평가받는다. 주주가치환원 경영으로 주주의 지지는 물론 본인 지분율도 탄탄히 다지며 배당금도 상당 수령하고 있다.
4. 서정진
63억 달러(9조1567억원) / 셀트리온㉶ / ↓1
서정진은 바이오제약사 셀트리온의 공동 설립자로, 2008년에 셀트리온을 상장했다. 바이오시밀러 사업이 성공하면서 셀트리온은 투자자들에게 가장 인기 있는 기업이 되었다. 서 회장은 2020년 은퇴했으나 2023년 셀트리온 그룹 회장으로 복귀해 장남 진석과 공동 회장으로 셀트리온을 경영하고 있다. 최근 사재로 약 500억원 규모 주식을 장내에서 취득해 셀트리온 지분을 4.03%로 확대했다.
5. 정몽구
39억 달러(5조6684억원) / 현대자동차그룹 / ◀▶
정몽구는 현대그룹 창업자  고 정주영 회장의 차남으로, 2020년에 사임하기 전까지 20년 넘게 현대자동차 회장을 역임했다. 그룹 지주사 격인 현대모비스 최대주주다. 정 명예회장은 87세 고령으로 지난해 건강 위독설이 돌면서 현대모비스 주가가 크게 올랐었다. 사실무근으로 일단락됐지만 승계 문제가 대두됐으며, 현재 현대차그룹은 ‘그룹 순환출자 고리 해소’를 핵심으로 한 지배구조 개편을 적극 검토해왔다.
6. 김범석
34억 달러(4조9417억원) / 쿠팡㉶ / ↑5
김범석은 쿠팡의 설립자 겸 의장이다. 쿠팡은 지난해 매출 ‘40조원’을 기록해 5대 백화점의 총거래액(39조8002억원)을 넘어섰다. 쿠팡은 본업인 이커머스 외에 쿠팡이츠, 명품 쇼핑몰, 대만 진출 등 신사업에서도 성장세를 보이고 있다. 미국 증시에 상장한 쿠팡Inc의 차등의결권 덕분에  김 의장은 쿠팡Inc 지분율이 10%에 불과하지만, 클래스B 주식을 통해 의결권을 70%가량 행사할 수 있다.
7. 김범수
33억 달러(4조7963억원) / 카카오㉶ / ↓1
최근 김범수 카카오 창업자가 경영 일선에서 물러났다. 카카오 지분 23.66%를 보유한 그는 건강상 이유로 사내 컨트롤타워 역할을 하는 CA협의체 공동 의장 자리에서 물러났다. 카카오가 사업을 키우는 과정에서 ‘문어발식 확장’이라는 비판을 받자, 김 창업자는 2023년 경영쇄신위원회 위원장을 맡아 사업 재편을 주도해왔다. 2023년엔 SM엔터테인먼트를 인수하는 과정에서 시세 조종을 지시·공모한 혐의로 기소돼 재판을 받고 있다.
8. 홍라희
32억 달러(4조6510억원) / 삼성전자 / ↓1
고 이건희 삼성 선대 회장의 부인인 홍라희 여사가 8년 만에 삼성미술관 리움 명예 관장으로 복귀했다. 홍 명예 관장은 2017년 이른바 국정농단 사태 당시 이재용 삼성전자 회장 구속 여파로, 관장직을 전격 사퇴한 후  둘째 딸 이서현 삼성물산 사장이 리움 운영위원장을 맡아 미술관을 운영해왔다. 홍 명예 관장은 상속세 마련을 위해 삼성전자  지분 0.32%(1932만4106주)를 지난해 매각했다.
9. 이부진
31억 달러(4조5056억원) / 호텔신라 / ↑4
이부진 호텔신라 사장은 이건희 회장 사망 이후 상속세 마련을 위해 삼성전자 지분 0.04%, 삼성물산 0.65%, 삼성SDS 1.95%, 삼성생명 1.16%를 지난해 매각했다. 호텔신라 경영과 관련해 지난 3월 20일 정기주주총회에서 노인 주거(시니어 레지던스) 신사업을 사업목적에 추가하는 내용의 정관변경 안건을 승인했다. 업계에서는 코로나19 팬데믹 이후 면세 사업에서 적자를 지속하고 있는 가운데 새로운 성장 동력 마련에 나선 것으로 보고 있다.
10. 정의선
30억 달러(4조3603억원) / 현대자동차그룹 / ◀▶
정의선은 2020년 현대자동차그룹 2대 회장으로 취임했다. 그는 기아차의 성장을 이끌었고 현대자동차그룹의 프리미엄 브랜드인 제네시스를 성공적으로 론칭했다. 제네시스는 브랜드 출범 10주년을 맞이하는 올해 누적 판매량이 50만 대를 넘어설 것으로 보인다. 올해 도널드 트럼프 미국 대통령에게 31조원 규모 투자 계획을 공개해 미 행정부의 관세 압박에 정면 돌파하는 결단력을 보였다.
===
상속계열로 분류된 쪽은 삼성가의 영향력이 커보이고...
창업계열 쪽은 산업군이 다양하긴한데, 요즘 회자(?)되는 분들이 많네요....쓰읍...
순자산은 2025년 4월 7일 장 마감 시점의 주가와 환율을 기준으로 했으며, 비상장사는 공개적으로 거래되는 유사한 기업을 기준으로 평가했다고 하니 크게 의미 없는 부분도 많을 겁니다...
출처 :
https://www.forbeskorea.co.kr/news/articleView.html?idxno=400107",2966,쿠팡파트너스 수익,https://www.clien.net/service/board/park/19114213,clien,2025...대한민국50대 부자....
,"배민 쿠팡 배달도 해보고, 블로그 + 애드센스도 해보고, 유튜브도 해봤는데, 온라인쇼핑몰이 그 중 제일 좋내요.
배민쿠팡은 전자로 했는데 시금 1만원은 애당초 무리고 5-6천원 나왔고 특히 퇴근 후 몸쓰는 일에 아내 반대가 심해서 좀 하다가 탈락
블로그 + 애드센스는 꽤 오래하고 지금도 하는데 게을러서인지 1년에 100달러 1번 정도 받는 수준이라서 본격 부업으로는 탈락.
유튜브는 구독자 450명에서 아직 올라가는 중이라 소득은 없고
스마트스토어는 작년 10월부터 시작했는데 직접 제작해서 판매하는 방식이고 이게 젤 좋더군요.
첫달 20만원 수익으로 시작해서 조금씩 조금씩 오르더니 지금은 150만 ~ 200만원 사이가 나옵니다.
상품 개발부터 설계. 부자재 소싱, 마케팅, 제작, CS, 게다가 실용신안 특허까지 직접 하려니 고되긴 한데 나중이 유튜브랑 콜라보 하면 수익도 더 나올 것 같고, 직장만 다니다가 사업을 하니 재밌네요 ㅎㅎ
게다가 간이사업자라서 세금도 거의 면제가 되니 더 좋구요.
원래 월급은 모두 아내에게 주고 (모두 저축함) 용돈벌이용으로 시작한건데 수입이 커지니 아내가 탐낸다는 건 안비밀 ㅜㅜ",570,블로그 부업 수익,https://www.clien.net/service/board/park/19050739,clien,이것 저것 부업해본 결과
,"정확히는 애드센스로 부업이라도 해볼까 싶게 만드는 영상을 봤는데 어쩐지 사연이 구구절절하더라니 클리앙 내에서 검색만 해봐도 쉬운 일이 아닐 것임은 쉽게 알 수 있겠더라고요.
게다가 티스토리가 흑화한 것도 보이던데 현시점에서 월 1000만원! 너도 할 수 있다! 하는 걸 보니 '저게 뭐지' 싶었는데 역시나 강의팔이였던 모양입니다.
사실 유튜브조차 신입들에게는 사양세에 접어드는 세상인데, 텍스트 기반 블로그가 잘 나가긴 힘들겠죠...
혹시 애드센스로 수익 나고 계신분이 있으시다면 쪽지로나마 대략적인 액수를 들어서 좀 더 정확한 현상 파악을 하고싶긴한데... 인터넷에서 본인 수익을 말해주기도 어려운 일이겠죠?",341,블로그 부업 수익,https://www.clien.net/service/board/park/18495083,clien,팔랑귀라서 애드센스 강의팔이에 넘어갈 뻔 했네요
,"[1부] 유튜브 일주일만 하면 전유X 만큼 한다? 맛집 탐방 6개월 구독자 100명 후기
https://www.clien.net/service/board/use/17107178
CLIEN
[2부] 맛집 탐방 유튜브 6개월 구독자 100명 달성 후기
https://www.clien.net/service/board/use/17110722
CLIEN
----------------------------------------------------------------------------------------------------------------------------------
안녕하세요.
지난 2022년 3월에 구독자 100명 달성했다고 글 올린 게 엊그제 같은데, 오늘 구독자 1,000명을 달성했습니다.
좀 얼떨떨하고요.
유튜브 알고리즘느님의 간택을 받아 조회수가 미친듯이 터진 영상 1개가 멱살 캐리 했네요.
그래서 간단(?)하게 후기를 남깁니다.
1. 구독자도 조회수도 찔끔씩 오르던 시절
이전 후기에도 남겼지만, 요즘은 맛집 Shorts 영상+더빙 해서 올리고 만 있습니다.
예상되시겠지만 조회수는 처참했고요 ㅎㅎ 100 미만 나오는게 대부분이죠. 구독자도 일주일에 1~5명 정도 올랐습니다.
그래도 주 5일(월~금) 매일 오후 5시쯤에 영상을 올렸습니다.
직장 근처 맛집들만 찾아다녀도 콘텐츠가 마르질 않더군요 -_-;
매일같이 맛집들 돌아다니고, 영상 찍고, 출퇴근길에 스마트폰앱으로 편집하고, 더빙해서 2차 편집하는게 일상이 되었습니다.
생각보다는 지루하지 않더군요 ^^; 덕분에 게임하는 시간이 현저히 줄었습니다.
초조하지는 않았지만, 그래도 너무 조회수가 안 나오면 실망스럽긴 했습니다.
2. 포켓몬빵! 영상 하나로 개떡상
이 영상은 에피소드가 있는데... 딸아이 초딩학교에 갑자기 띠부씰 유행이 돌기 시작했고 와이프가 포켓몬빵을 몇 번 구해보더니... 자긴 다 구할 수 있을 것 같다며 ;;;; 끝내 11종류를 다 구해오더군요. (지금봐도 어케 모은건지 참... 열정 열정 열정)
와이프 말로는 콘텐츠 만들려고 모은 측면도 있다고 했습니다. 한 화면에 11개 다 나온 영상이 없다며....
희소성 있다고 영상 가치 있다고 주장했습니다.
저는 맛집 채널 성격과 안 맞다고 영상 촬영 안하려고 했는데.. 등쌀에 못 이겨 울며겨자먹기로 대충 촬영하고 편집해서 올렸습니다. 촬영하면서 투덜댄건 비밀입니다.. 흠흠...
헐 근데 이게 대박이 났네요... 순식간에 1만 조회수 찍더니, 거의 하루에 10만씩 오르네요...
오늘 기준으로 83만 조회수
입니다. 조회수가 가파르게 늘면서 좋아요, 댓글, 구독자도 미친듯이 늘었습니다.
아니 영상 하나로 이게 된다고??? 이게 된다고???
네. 됩니다. 지금 유튜브에서 제일 핫한 주제가 '
포켓몬빵
' 이더군요.
구하기 어려우니 대리만족하려고 사람들이 무진장 검색해보고, 연관된 영상 엄청 봅니다.
뒤 늦게 알게 되었는데, 11개 띠부씰 뜯으면서 리자몽, 이상해꽃, 이브이 등이 나왔는데 귀한거라고 하더군요.
저는 포켓몬 별로 관심이 없어서.. 귀한건줄도 몰랐네요 ;;;
3. 포켓몬빵 후속영상 계속 가즈아!!
위에 영상 대충 만들어서 올렸다고 했는데... 그래서 시즌2 발챙이빵을 시즌1이라고 써놨더니, 댓글로 이걸 지적하는 분들이 너무 많은 겁니다.
이미 채널 모니터링과 운영간섭권을 획득한 내무부장관의 강압적인 지시로 ;;;
발챙이빵이 시즌2 인지 시즌1 인지 고객센터에 전화해서 그걸 녹음해서 올리라는 겁니다.
아니 누가봐도 시즌2인데 굳이 해야해??? 라고 반항했지만 이미 조회수뽕을 심하게 맞은 상태라...
군소리없이 영상을 만들어 올립니다. 어이없게도 삼립에서는 시즌1/2 개념은 없다고 하네요 ;;;;
이건 첫 영상에 비해서 관심도가 많이 떨어졌지만 제 기준에 조회수 1만 넘으면 무조건 성공이라 ^^ 기부니가 좋았습니다.
4. 포켓몬빵 신상이 나온다고? 이건 못참지
기존 맛집 영상도 계속 올리고는 있었지만...
조회수뽕에 심취해 신상 포켓몬롤케익이 나오자말자 쿠팡 프레시로 구해서 후다닥 영상 찍어 올렸습니다.
지난번 고객센터에 문의하면서 신상도 물어봤었고 출시일과 쿠팡에서 판다는 정보를 미리 알고 있었습니다. 운이 좋았네요.
역시나 이것도 엊그제부터 초초대박이 나고 있습니다. ㅠㅠ
삼립 고마워... 포켓몬 고마워... 잊지 않을께... ㅠㅠ
5. 앞으로의 운영방안
1,000명 이라는 구독자... 1년 예상했는데 8개월 만에 도달했습니다. 솔직히 와이프가 떠먹여줘서 달성한거죠...
그리고 알게 되었습니다. 유튜브 콘텐츠는 현재 가장 인기있는 키워드, 이슈몰이에 편승해야 떡상하는 거구나.
유튜버들이 유행에 목을 메는 이유가 여기 있었구나.
물론 기존에 올리던 맛집 영상은 계속해서 올리고, 가끔 신상이나 이슈 있는 것들, 신기한 것들도 올리기로 했습니다.
좀 더 콘텐츠의 폭이 넓어졌다고 보는 게 맞겠네요.
더불어 구독자가 늘어나니까, 콘텐츠를 올리면 기본 조회수가 보장이 된다는 거였습니다.
예전에 100명일때는 조회수 10~100 이었다면, 지금은 1,000~5,000 정도 나옵니다. 이게 가장 기분이 좋습니다 ^^;
저 같은 하꼬는 조회수 1,000 이상만 넘으면 만족하거든요 ㅎㅎ
6. 수익화 관련
현재 구독자는 달성했지만 Shorts 특성상 시청시간은 거의 올라가지 않았습니다 ^^;
그래서 수익신청은 당분간 어려워 보이지만 어느 정도 감수하고 Shorts 위주로 간거라 후회는 없습니다.
구독자 늘리는게 우선이라고 생각했었고 지금도 변함은 없습니다.
물론 Shorts 로만 따지면 1만 시간 시청했다고 나오네요...
(유튜브는 얼른 쇼츠로도 수익화할 수 있게 해달라!! 해달라!!)
글이 길어졌네요. 긴 글 봐주셔서 감사합니다.
다음에 또 좋은 소식 있으면 공유드리러 오겠습니다.",2843,유튜브 수익화 후기,https://www.clien.net/service/board/use/17243057,clien,"맛집 유튜브 구독자 1,000명 달성 후기"
,"2021년 더 열심히 살기 위해 N잡러가 되기로 결심했습니다. 그 중 하나가 블로그이며, 기초 조사를 하면서 정리한 내용을 함께 공유하고자 합니다. 2020년 핫했던 부업을 조사해 보았고, 현재 시점과 본인의 지역상황 등에 차이가 있음을 미리 알려 드립니다.
(본문에 앞서)
글쓴이도 모든 부업을 체험하지 못했다. 하지만 온라인 서칭, 지인, 직접 확인 등 다양한 상황에서 정보를 취합하고 객관성을 가지기 위해 노력하였다.  소개되는 부업의 수입은 읽는 사람의 나이, 성별, 지역 등 다양한 사회적 변수에 의해 차이가 날 수 있고, 내가 수집한 평균을 기준으로 소개하였다.
2020년을 기준으로 꾸준히 관심 받아 온 부업에 대해서 소개하며 소개 된 부업 외 다양한 분야의 부업이 존재한다. 자신의 상황과 적성, 여유시간 등을 고려해 좋은 성과를 이루길 바란다.
이 시대를 열심히 살아가는 모든 분들께 행운과 금전적 수익이 하길 기원하며 이 글을 시작한다.
2020년 인기 있었던 부업은 뭐가 있을까?
2020년 인기 있었던 부업은 당연 ‘쇼핑몰(=오픈마켓)'이 아닐까 생각한다. 그 중
#스마트스토어
는 아주 큰 파괴력을 가졌다. “유튜버
#신사임당
이
쏘아올린 거대한 공
”이라고 해도 되지 않을까. 지금은 120만 유튜버로 거대하고 유명한 그 유튜버. 퇴사한 절친을 스마트스토어에 입문시키고 그 성공스토리를 기록으로 남겼던
#창업다마고치
가 스마트스토어를 유행하게 했던 이유 중 하나일 것이다. 최근에는
#정영민TV
채널에서도 좋은 온라인 비즈니스에 대해서 다양한 정보를 참고 할 수 있다.
자신의 전문성을 판매할 수 있는
전자책 판매
도 인기를 끌었죠.
#N잡하는허대리
도 전자책으로 자신의 재능과 지식을 기록해 판매하는 콘텐츠로 유명세를 떨쳤다.
그리고
2020년 코로나19의 영향으로 언텍트, 비대면이 활성화 되고 이와 함께
#배달
이라는 키워드가 득세(?)하게 되었다.
#배민커넥터트
,
#쿠팡이츠
배달파트너,
#쿠팡플렉스
,
#세탁물배달
등등 다양한 종목의 배달 이 생겼다.
이제 주제로 들어가 보자.
이 글에서 소개하는 알바는 5개이다.
1. (쇼핑몰) 오픈마켓 feat.위탁판매&구매대행
2. (재능판매) 전자책
3. (글쓰기) 블로그
4. (영상) 유튜버
5. (배달) 음식배달, 택배배달, 세탁물배달
콘텐츠를 정하다 보니 어쩔 수 없이 몸쓰는 일 보다 손가락 쓰는 일이 많아 보인다. 시대의 흐름이니 어쩔 수 있겠는가. 컴퓨터에 익숙하지 않아도 익숙해야만 돈을 벌 수 있는 세상이 되어간다.
퇴근 후 집에서 바쁘게 일하는 투잡러, 여러 일을 동시에 진행하는 N잡러의 소중한 시간을 위해 설명은 수익에 집중하여 설명하도록 한다.
1. 온라인 쇼핑몰=오픈마켓 (feat. 위탁판매&구매대행)
부업이라는 타이틀에 걸맞게 직접 사입판매, 제조유통이 아닌 위탁판매와 구매대행으로 얻을 수 있는 수익을 설명한다. 왜냐고? 부업이니깐. 전문셀러 만큼의 수익을 올리는 것은 쉽지 않다. 전업 셀러에 비해 시간, 노력, 상품을 보는 소싱능력, 상세페이지를 통해 구매를 전환시키는 능력, 광고비 등 판매를 위한 다양한 측면에서 열세에 있다.
위탁판매으로는 오너클랜, 도매꾹, 셀러즈, 온채널 등 아주 다양하다. 네이버 또는 구글에
#위탁판매
,
#도매쇼핑몰
#위탁도매
#B2B사이트
등의 키워드로 검색하면 쉽게 찾을 수 있다.
이 경우에 N잡러가 얻을 수 있는
위탁판매 수익은 판매대금의 10%
정도라고 한다. 상품마다 다르니 평균 수익이라는 점을 참고하길 바란다. 위탁은 많은 판매자가 존재하고, 경쟁이 심해 가격이 흐려지는 경우가 많다. 자신만의 차별점을 두고 판매해 보길 권한다. 도매사이트에 있는 대표이미지 변경, 제목변경, 상세페이지 리터치, 키워드관리 등을 통해 차별화를 꾸민다면 남들 보다 좋은 성과를 올릴 수 있다.
구매대행은 해외사이트(아마존, 타오바오, 알리익스프레스 등)에 있는 제품을 내 오픈마켓에 올려 놓고 판매한 후 구매가 이루어 지면 직접 해외사이트에서 내가 구매해서 고객에게 배송해 주는 판매방식이다. 직접 해외 to 한국으로 배송되는 경우와 중간 배송대행지를 거쳐야 하는 경우가 있는데, 배송대행지를 거치면 아무래도 운송비와 업무가 늘어나기 마련이다. 미국은 미화 200달러, 그 외 국가는 150달러가 면세한도이기 때문에 고객이 주문한 금액이 앞선 면세한도를 초과한다면 관세에 대한 부분도 고려해야한다. 또 전파인증법 등 국내에 판매하기 위한 지재권을 포함하여 법적인 부분도 꼼꼼히 챙겨야 한다. 업무가 다양복잡하기에 마진도 좋은 편이다.
보통 판매가격 대비 30~100%의 마진이 생긴다.
쇼핑 부업 마진 = 위탁판매*판매액 10% < 해외구매대행 30~50%
(셀러 판매능력과 상황에 따라 달라질 수 있음)
해외구매대행의 경우 금액으로 환산할 경우 월 수익은 약 50만원 좌우가 된다. 글쓴이가 운영하는
#쿠팡
스토어를 기준으로 경험상 50~100만원 사이의 수익을 얻을 수 있었다.
https://postfiles.pstatic.net/MjAyMTAxMTFfMTQ5/MDAxNjEwMzM1NTAxMzQw.8gByCNeCo9QfS31Hj-3liEEaLsrmhSA50-cLbiFItkUg.QG4HrhGH3-EPGu50Lp3RKPpSoO0fsTUhlEGSefjywDcg.PNG.overyellow/image.png"", ""linkUse"" : ""false"", ""link"" : """"}"" style=""text-decoration: none; margin: 0px; padding: 0px; border: 0px; font-family: inherit; font-size: inherit; font-style: inherit; font-variant-caps: inherit; font-stretch: inherit; line-height: inherit; vertical-align: baseline;"">
30일간 판매이력, 마진율 32%
#해외구매대행
에 이용하는 서비스:
#셀러클라우드
https://www.selcle.com/
셀러클라우드
셀러클라우드 상품DB구독서비스 셀러에게 더 좋은 판매환경을 제공
https://www.",9279,부업 성공 후기,https://www.ppomppu.co.kr/zboard/view.php?id=soho&no=23692,ppomppu,N잡러를 위한부업별 수입 비교 (2020년 핫 했던 그부업5가지)8
,"편집자주
부업인구 65만명 시대, 생계에 보태려고 부업을 시작한 사람들이 부업으로 둔갑한 사기에 빠져 희망을 잃고 있다.
부업 사기는 국가와 플랫폼의 감시망을 교묘히 피해 많은 피해자들을 양산 중이다.
아시아경제는 부업 사기의 확산과 피해자의 고통을 따라가보려고 한다.
""안녕하세요, 부업에 관심 있나요?""
지난달 28일 본지 기자의 카카오톡으로 한 연락이 왔다.
기자가 사회관계망서비스(SNS) 인스타그램에서 게시물을 보고 카카오톡을 통해 연락한 지 두 시간 만에 돌아온 답장이었다.
어떻게 돈을 버는지 궁금했던 기자는 지체 없이 답했다.
""네, 관심 있습니다.
""
기자는 지난달 인스타그램을 통해 부업을 알아보기 시작했다.
'#부업'으로 검색할 경우 총 205만개의 게시물이 등장한다.
'#부업 문의'라고 검색했을 때도 약 51만개의 게시물이 나오는 등 SNS에서 부업을 구하는 건 어려운 일이 아니다.
게시물의 형태는 대체로 비슷하다.
먼저 월급을 훌쩍 넘는 금액을 보장한다.
부업만으로 월 500만원을 보장한다는 식이다.
아울러 수익금은 곧바로 현금으로 입금해준다고 약속한다.
두 번째로는 돈을 버는 방식이 어렵지 않다.
초기 투자 비용이 적고 시간도 덜 들여도 된다.
이들은 휴대전화만 있으면 되고 모든 수익은 자동화 방식으로 발생한다고 강조한다.
""큰 수익 보장·쉬운 업무""
한 부업 관련 계정의 문구 ""폰 하나로 더 여유로운 삶""이 눈에 띄었다.
게시물에는 기존 참여자로 추정되는 사람과의 대화 내용도 첨부돼 있었다.
참여자가 ""이렇게 큰 수익은 상상도 못 했다.
700만원으로 시작했는데 순수익이 8000만원을 넘었다""고 말하자 부업 관련 계정은 ""수익을 축하한다.
지금 바로 전액 출금하면 된다""고 답하는 내용이었다.
기자가 인스타그램 계정 프로필에 게시된 카카오톡 프로필로 연락하자 상대방은 인스타그램 아이디를 알려달라며 확인 작업에 돌입했다.
인스타그램 확인이 끝나니 '안녕하세요' 이름을 가진 새로운 카카오톡 프로필이 전달됐다.
""이쪽으로 연락해주시면 자세히 설명해 드릴게요. 24시간 상담톡입니다.
""
'안녕하세요'로 연락하자 1분 만에 답장이 돌아왔다.
""부업은 처음이신가요?"" 기자가 부업은 처음이라고 하자 '당일 결제'라는 부업을 소개했다.
수익을 어떻게 창출하는 부업이냐고 묻자 포인트를 충전하면 룰렛 전문가가 온라인 룰렛 게임을 통해 수익을 내주는 방식이라고 답했다.
초기 금액은 최소 100만원, 수익은 원금의 5~8배까지 날 수 있다고 강조했다.
1000만원도 충전이 가능하냐고 묻자 이럴 경우 수익이 10배까지 난다고 말을 바꿨다.
돈을 날릴 우려도 없다고 설명했다.
자신들이 수익금의 20%를 수수료로 가져가야 하기 때문에 반드시 수익을 내준다는 것. 범죄 연루 등 불이익이 발생했을 경우에도 본인들이 모두 책임진다고 덧붙였다.
이를 믿고 100만원을 투자하겠다고 하자 새로운 사이트를 보여줬다.
실시간으로 룰렛 게임을 할 수 있는 도박 사이트였다.
사이트에는 입금신청, 출금신청, 머니 이동, 공지 등 기능만 간단하게 있었다.
상대방은 이곳에 회원가입해야만 부업으로 돈을 벌 수 있다고 재촉했다.
기자가 답하지 않자 다시 한번 회원가입했냐고 물었다.
이후 다시 연락이 오지 않았다.
젊은 층 이용하는 틱톡에서도 '부업 사기'
또 다른 SNS로 넘어가서 부업을 찾아봤다.
젊은 층이 주로 사용하는 '틱톡'에서도 부업 사기로 의심할 수 있는 게시물을 쉽게 접할 수 있었다.
틱톡에서는 특정 검색어 관련 게시물의 총 개수를 알 수 없지만 많은 사람이 시청하면 인기 영상으로 올라온다.
틱톡에 '부업'이라고 검색할 경우 주로 등장하는 인기 게시물은 '손 부업'이다.
손 부업이란 집에서 장난감 포장 등 간단히 수작업으로 할 수 있는 재택 부업을 의미한다.
이 게시물들 역시 ""초기 투자금이 안 필요하다"" ""많은 일손이 필요하다"" 등 문구를 강조하고 있다.
기자는 가장 상단에 있는 부업 게시물 영상을 들여다봤다.
포장하는 부업으로 개당 500원이었다.
인기 영상인 만큼 반응도 좋았다.
사람들은 댓글을 통해 ""부업을 신청하고 싶다""고 말했다.
부업을 신청하기 위해 프로필에 있는 라인(Line) 아이디에 연락했다.
라인으로 연락하자 'OOO 상담원' 계정이 등장했다.
상담원은 기자에게 손 부업, 포장과 관련 없는 일본인의 일상이 담긴 브이로그 유튜브 영상을 보내줬다.
이 영상을 캡처해서 보내주면 1000~8000원 정도 벌 수 있는 부업이라고 안내했다.
""당신이 이 일을 계속해 돈을 벌고 싶다면 전용 계정을 등록해야 합니다.
"" 상담원은 이 일을 하고 싶으면 보내주는 링크로 회원가입하라고 재촉했다.
링크에 들어가니 인터넷전문은행 '토스뱅크'로 보이는 첫 화면이 등장했다.
자세히 보면 맞춤법, 띄어쓰기도 틀린 조악한 화면이었다.
가입하고 나면 현금 인출 기록, 충전 기록, 가상화폐 시세 등을 볼 수 있는 창에 접속할 수 있다.
토스뱅크만의 문제는 아니다.
금융감독원은 지난 9월 금융회사의 명의를 도용한 가짜 홈페이지를 개설해 송금을 유도하는 사기를 주의하라고 당부하기도 했다.
가입을 마치자 상담원은 함께 일하게 된 것을 환영했다.
""당신과 함께 일할 기회를 주셔서 정말 감사합니다.
""
은행 빙자한 사이트까지 이용…수익 방식은 모호
이제는 무대를 텔레그램 계정으로 옮겼다.
상담원은 텔레그램 단체방 링크를 보내줬다.
단체방의 '영상 담당자'가 곧바로 영상 링크를 올리고 캡처해서 보내달라고 했다.
캡처해서 보내자 5000원을 벌었다.
토스뱅크를 빙자한 사이트에도 5000원이 충전됐다.
이렇게 두 차례 영상을 캡처해 한 시간 만에 총 9000원을 벌었다.
오후 12시가 되자 '고수익 과제'가 시작됐다.
5만원을 넣으면 6만5000원을, 1000만원을 넣으면 1400만원을 환급해주는 식이다.
신규 가입자만 10만원까지 입금 가능하고 이외 가입자는 30만원부터 입금할 수 있다.
그러자 다들 앞다퉈가며 금액을 이야기하면서 입금 내역을 인증하기 시작했다.
""30만원."" ""50만원."" ""10만원."" 이른바 '미션 인증'을 하면서 순식간에 거액이 쌓였다.
상담원에게 고수익 과제를 하고 싶다고 요청하자 ""그룹 내 다",4157,부업 월 100만원,https://www.ppomppu.co.kr/zboard/view.php?id=bitcoin&no=187787,ppomppu,"인스타·틱톡은부업사기 천국…직접 연락해보니 ""10배 수익도 가능하다""[부업의 함정]②0"
,"우천시에는 물론 운전 위험하지만
라이더들이 가져가는 돈이 날 좋을때에 비해 엄청 수입이 좋아요
안전운행만 바라면 되요
평소에 20만원 벌었으면 우천시에는 30이나 40이상도
수입이 생겨요
저는 직장다니고 부업인 일반자전거 라이더라 비올때는 쉬어요
게을러서 그래도 월 100만원정도 부수입이라 가계에
큰 도움이 되요",175,부업 월 100만원,https://www.ppomppu.co.kr/zboard/view.php?id=freeboard&no=9503049,ppomppu,비오는 날 배달 미안해하지 마세요 (저도부업배달러)14
,"출산 후 딱 2주쉬고 계속 일하고 있습니다. => 재택근무
아이 100일 이후부터는 부업도 하고 있구요 => 개인수업
남편 실수령 450 => 용돈 30 제외하고 매달 420 이체
부업이 자리 잡아서 (약 3월부터) 저 본업+부업 ==> 600~700 (매달 변동 있음)
집대출이자 -> 150
친정부모님께 육아비용 -> 50
(한사코 거부하셔서 50드리고 있고, 친정에서 아이 아침+저녁 먹여주시고
아이 어린이집 픽업도 도맡아 하심. 고기반찬도 사주시고 아이 먹는 영양우유?도 직접 배달시키심.
제가 기저귀 깜빡하고 주문안하면 가끔 마트가서 직접 사기도 함. 대충 먹는것에서부터 육아의 모든걸 책임지고 있음)
위 이유로
어디 여행갈 때 친정부모님을 자주 모시고가고
가끔 외식도 시켜줍니다.
친정부모님도 매달 용돈받는것보다 차라리 그 편이 기분좋아 하시는 것 같구요.
시댁은 차로 3시간30분 거리라 자주 가지 않고
장애있는 누나와 시어머님 나이가 80을 바라보고 있어서
본인들도 걷기 힘들다하여 아이데리고 여행간 적은 없습니다. (아이 갓 두돌 지남)
친정식구들과는 해외여행 2번 다녀왔구요.
쩄든 남편은 이런거에 불만이 있나봅니다.
추가로 전 원래 소비를 즐겨하는 편이고(대학교 용돈받으면서 다님, 취업때까지 용돈받고 삼)
남편은 20살부터 본인이 책임지고, 학교도 알바해서 다녀서 그런가 엄청 검소한 편입니다.
지지난달에 실수령 700을 찍어서 뿌듯한 마음에
100만원이 되는 슬리퍼와 100만원짜리 미니백을 하나 구매했습니다. (생일겸)
미리 구매하겠다고 허락을 받았는데도
몇달이 지난 지금도 꽁(?)해 있는 듯 합니다.
그래서 전 남편도 사고싶은거있음 사라고 하는데도
본인까지 막 소비하면 경제가 어떻게 굴러가냐? 이러면서
대화를 시작했다가
친정식구들이랑 여행다녀온거, 외식하는 횟수가 시댁보다 더 많다고 불만까지 나온 상황입니다.
제 입장 : 친정에서 아기 봐주는 비용으로 50만원만 드리는게 너무 미안해서
종종 외식도 하고, 여행도 가는거다.
그럼 친정에 200 + 반찬사라고 카드 드리고
여행이나 외식등 친정, 시댁 똑같이 하자. 그게 오히려 우리집 입장에서는 돈이 더 나가는건데
그렇게 하겠냐?
하니 또 그건 싫답니다.
===> 여기서 느낀 제 감정은
일하는 시간도 제가 더 많고, 실수령액도 제가 더 많은데
제 부모님만 노년에 아기 보느라 힘드시면서 꼴랑 50만원받고
그깟 외식+여행 간다고 사위입장에서는 생색내는 꼴(?)인 것 같아
기분이 아주 더럽습니다.
===> 근데 또 남편은
시댁은 1년에 세네번 갈까하고,
아이와 함께 친정식구들은 자주보고, 추억도 많이 쌓고, 잘 놀러다니고
떄되면 제철음식 먹으러 다니는게 불만인겁니다.
거기다가 와이프가 가끔 소비하고싶다며 100만원짜리 물건을 턱턱사니 불만인가 봅니다.
제가 또 남편한테 돈으로 쪼는(?)스타일도 아니고
뭐든 사주겠다하면 본인이 한사코 거부합니다.
이번에도 친정에서 남편이 몸이 안좋은거 같다고
보약지어먹으라고 50만원을 줬는데 한사코 본인이 거부하더라구요 ===> 그냥 본인한테 돈쓰는거 자체를 극혐합니다.
겨우겨우 설득해서 장인어른인 친정아빠와, 자기가 그럼 같이 보약 지어먹겠다고 하더군요
남편도 사실 천성이 나쁜 사람은 아니고
친정식구들을 싫어한다거나 부담스러워한다거나 그런건 아니고 챙기려합니다.
다만
가끔 제 소비에 대해 꽁해있고, 가끔 시댁(본가)생각이 나나봐요.
암튼 상황은 알겠으나
제 입장에서도 기분이 안좋아 어제 한바탕했는데
뭔가 답답하네요.
그래도 둘이 벌어 월 천에
아이 양육도움비 + 집대출 포함 200 고정나가면
800이 남는거라
그 안에서 저축하고, 생활하고, 가끔 사고싶은거 있음 사고, 여행도 가도 되는거 아닌가요.......?
버는족족 다 모으며 생활해야 합리적인 소비를 하는건가요..?
그럼 왜사나요? ....
현재 저축액이 300인데 남편은 더 모으자는 입장입니다.
그럼
저축액 300 + 대출비도 저축이라 치면 150 이니 한달에 450을 저축하는거라고 저는 생각하는데....
남편은 더 모아야 직성이 풀리나보네요. ㅡㅡ
솔직히 저정도 저축할 수 있는것도
친정에서 용돈 꼴랑 50받으면서 아이 반찬값도 다 해결해주니 가능한건데
하 ........
요즘엔 자꾸 저나 저희 집안이나
손해보고 산다는 생각이 듭니다.
그래서 솔직히 남편+시댁 도 싫어지는 중입니다.
제가 베베 꼬인걸까요?",2129,부업 월 100만원,https://www.ppomppu.co.kr/zboard/view.php?id=problem&no=197942,ppomppu,제가 불공평한 소비를 하고 있는건가요?15
,"★★07월 22일 주요신문 헤드라인★★
《경  제》
☞ 韓경제 '트럼프 리스크' 경고등…흑자 부메랑에 인플레 파고까지...韓 대미 무역흑자 역대상반기 최대…'트럼프 변수' 대응 필요성↑...10% 기본관세, '수출 코리아' 엔진에 타격…공급망 동맹도 위축...'감세·관세·反이민' 트럼플레이션, 통화정책에 변수
☞ 상추값 한달새 136.4%↑…장마에 채소·과채 가격 '들썩'...상추·깻잎·시금칟수박 등 가격 줄줄이 상승...폭우·폭염 반복 시 추가 가격상승 가능성도
☞ ""그냥 쉴래요""…대졸 백수 400만 '역대 최대', 왜?...‘일도, 구직도 안하는’ 대졸 400만…“양질의 일자리 부족해서”...올 상반기, 대졸 이상 ‘비경활’ 역대 최대규모...20대서 비경활인구 증가 두드러져...“고학력자 일자리 미스매치 심화”
☞ ""국내 연안 해양관광시장 전년 대비 9% 성장""...KMI, 2023 신용카드 매출액 분석 통해 조사...전체 40조 9,430억 원, 9.3% 증가 추산
☞ 8월에도 제조업 체감 업황 ‘맑음’...산업연구원 전문가설문조사지수(PSI)...7월 현황 113 - 8월 전망 110 ‘긍정적’...반도체·디스플레이 ‘맑음’…철강 ‘흐림’
《금  융》
☞ '최고금리 인하'로 사채 몰린 저신용자 이자부담, 이자절감보다 5배 컸다...서민금융연구원 보고서...최고금리 인하에 따른 대부업 이용자 이자 감소액 대비 5배 넘게 많아...최근 대부업 개정안 잇단 발의 속 '주목'
☞ 예치금 이자 받고, 과세는 미뤄지고…국내 코인 투자자 '봄날' 맞나...코인 거래소들, 이용료율 출혈 경쟁으로 원화 예치금에 최대 2.5% 이자 지급...가상자산 과세 유예에도 무게 실려…코인 투자자 거래 환경 개선 전망
☞ 금리인하 깜빡이·집값 들썩…소비자들의 집값 전망은?...25일 2분기 GDP 속보치 발표...1분기 '깜짝 성장'에 0%대 성장 예상...7월 소비자 체감 경제·집값 전망 '주목'
☞ ‘물 폭탄’ 피해 보상받으려면… 車보험 ‘단독사고’ 가입·풍수해보험도 고려...자동차 자차보험 중 ‘단독사고’ 가입해야...휴대전화 대피 알림 문자 필수 확인
집·비닐하우스 피해 보상받으려면 풍수해보험
☞ ""코인하면 세금 내요?""…코인러들 '긴장'...내년 시행 예정 '코인 과세'…3년 또 미뤄질까...코인으로 1000만원 벌면 소득세 165만원 내야...여당 ""대다수 투자자, 시장 떠날 것""
《기  업》
☞ CJ ""한식 알리고 선수 밥심책임""…식품기업, 올림픽마케팅 후끈...CJ ""코리아하우스서 선수단에 한식제품 제공…비비고존 길거리음식 선봬""...SPC, 선수단에 베이커리 제품 3만여개…오비맥주, 올림픽 후원·카스포차 운영...코카콜라 파워에이드, 파리 올림픽 공식 스포츠음료
☞ 코트라 ""북한 무역서 中 비중 98.3%…김정은 집권 후 최고""...북한 대외무역 규모 27억 달러…전년대비 75%↑...이 중 98.3%는 '최대 상대' 중국 간 교역서 발생
☞ 한경협 “韓 투자 외국기업 절반 이상 한국 노동시장 우려”...한경협, 외투기업 한국 노동시장 인식조사 결과...외투기업 “노사 대립적… 유연성 개선 시 투자 확대”
☞ 새 폴더블 나오자…갤S24 지원금 50만→20만원대 '뚝'...이통3사 최대 50만~53만원→20만~24만원으로 조정...갤S24+, 울트라 모델은 기존대로 유지
☞ HD현대중공업 노조, 파업 나설까… 22일부터 찬반 투표...중노위 조정 중지 신청… 찬성 과반 시 쟁의권 확보 가능
《부 동 산》
☞ “적정 공사비 중요한 이유? 안전과 직결되기 때문”...최태진 건설협회 서울시회장...공사비 문제 등 현안 풀고자...‘건설혁신정책포럼 서울’ 발족...“다양한 관계자 상생 이끌 것”
☞ “이봐 해봤어” 정주영 정신으로 612억 받아낸 현대 하노이 메트로 현장...“회사 역사상 처음으로 해외서 공사 중단”…“15개월간 지속”...“간접비 수금, 추가 선수금 지급 합의”…직접비 보상도 요구
☞ ""성동구에 무슨 일?""…아파트값 오르고 매물 실종...거래 살아나며 곳곳 신고가 행진…1주일에 0.6%대 급등...올림픽파크포레온 입주 앞뒀지만…""성동구 영향 적을 것""
☞ ""갭투기 등 시장 과열신호"" vs ""실수요 매수에 공급물량 충분""...정부, 공급계획 내놨지만...""안일한 시장 진단"" 비판 나와...전문가 ""3기신도시 공급 늘려야""
☞ “10여년전부터 두드린 문”…명견만리 박상우, 베트남 K시티 수출길 열었다...박상우 “도시 수출 가시권”…“정부 지원 아끼지 않을 것”...박닌성측 “박 장관, LH 사장때부터 인연”…“LH 착공 희망”
《사  회》
☞ 합참, 北 오물 풍선 살포에 ""모든 전선 대북 확성기 전면 시행""...21일 오후 1시부로 전방 지역 모든 확성기 전면 가동...합참 ""치졸한 행위 반복…압도적 대응할 것""
☞ 4년간 940㎏ ‘마약 관문’ 오명 씻어라… 부산세관 정밀검사 전담팀 가동...4년간 숨어든 ‘마약 기생충’ 최소 941㎏...‘청정 화물’ 보증 전담 검사팀 뜬다
☞  대구 전세사기 피해자 2년 간 544명…市, 피해 지원 총력...대구시 ‘전세사기 피해 지원 종합대책’ 수립...생활안정지원금 120만원, 이주비 100만원 지원...홍준표 “전세사기 피해 확산 않도록 최선”
☞ 앞으로 민원 전화 상시 녹음…협박·성희롱 땐 고발...'민원 처리에 관한 법률 시행령' 개정 입법예고...욕설·성희롱 등 발생 시 민원 전화 종료...위법행위 기관 차원 고발 의무화…소송비 지원
☞ 사이버레커 해법은…""법체계 안으로 편입시켜야""...유튜브, 심의 엄격한 '방송법' 아닌 '통신사업법'...""유튜브 포섭하는 새로운 미디어법 마련해야""...""개별 콘텐츠 아닌 절차 규정하는 방법 고려도""
《국  제》
☞ 트럼프 선거본부, 트럼프 피격 후 최초로 치료관련 속보 ..선전활용...백악관 시절 주치의였던 로니 잭슨 텍사스 하원의원이 발표...""봉합 필요없는상처.. 잘 회복 중"" 주말 유세에도 동행할 예정
☞ 젤렌스키, '트럼프 2기' 의식했나…러시아와 휴전 협상 가능성 시사...우크라 평화회의에 러시아 참석 제안…""협상 의지""...불리한 전황·트럼프 당선 '이중고' 의식한 듯",3306,부업 월 100만원,https://www.ppomppu.co.kr/zboard/view.php?id=stock&no=270876,ppomppu,헤드라인 7/220
,"연금저축펀드에서 미국인덱스펀드와 채권을 6:4 비율로 은퇴할 때까지 월마다 사모은다.  1년에 한번씩 리밸런싱 해준다.
끝
이게 일반인을 위한 투자방법 입니다.
사람에 따라 여기서 주식과 채권의 비율을 조절하기도 하고 추가로 다른 자산을 넣어서 자신의 포트폴리오를 꾸리기도 합니다.
젊은 사람이나 하락을 더 잘견디는 사람은 주식비중을 늘리기도 하고 인공위성 전략으로 지수+내가 공부한 개별종목 처럼 투자할수도 있습니다. 대형주 소형주로 나눠서 투자하기도 합니다. 주식을 미국뿐 아니라 세계 범위로 살수도 있습니다.
다른자산의 경우 금이나 부동산 장기 단기채권등등 섞을수있습니다.
제가 저걸 추천하는 이유는 가장 쉬우면서 일반인이 견딜수있는 투자방법이기때문입니다. 사람에 따라 최선의 방법이 아닐수있습니다.
핵심은 자산을 배분한다는겁니다.
더 자세하고 상세한 설명은 도서관이나 서점가서 쉽게나온 자산배분 책을 한두번만 읽어보셔도 됩니다.
좀 두서없이 적을게요.
우선 제가 숫자를 아주 정확하게 쓰는사람은 못되니 이건 어느정도 이해하고 넘어가주세요. 책사보시면 정확하게 나와요.
미국 인덱스펀드의 장기 연평균 수익률은 10%정도 6:4로 자산배분을 하면 한 8~9%정도 수익률이 나옵니다.
미국 인덱스펀드 최대하락폭은 대략 50%정도 (서브프라임 모기지사태등 미국 망한다 소리 나올때)
미국 주가가 떨어질때 한국은 환율로 인해 하락을 어느정도 막아줌. 미국 망한다 소리가 나왔을때 대략 30%하락 정도에서 멈춤
거기에 추가로 채권을 40%정도 가지고있었다면 20%정도에서 막을수 있었다는 자료를 찾아본적이 있습니다.
(아주 정확하진 않는데 아무튼 미국보다 하락을 훨씬 크게 막아줌)
어디서 전문가가 일반인은 전체 자산의 20%이상 날라가면 견디기 힘들어한다는 글을 본적있습니다.
결론은 일반인 멘탈도 견딜수있는 수준의 투자를 하려면 자산배분이 필수라는 겁니다.
1.적립식 투자로 주식 타이밍 잡는걸 하지않는다.
2.대박종목을 고를수있다는 믿음을 버리고 지수가 상승하는걸 믿는다.
3.주식이 떨어질때 올라가는 자산을 섞어서 사는것으로 시장이 폭락할때 겁먹고 도망가는걸 막는다.
4.리밸런싱을 통해서 소위 무릎에서 사고 어깨에서 파는걸 자동으로 반복한다.
5.복리효과는 20년은 되어야 제대로 느낄수있을것같다.
섀넌의 도깨비 이론을 찾아보시면 왜 자산배분을 해야하는지 알수있습니다.
리밸런싱은 정기적으로 하기도 하지만 주가가 크게 변동할때 특별히 하기도 합니다.
우리가 투자에서 조절할수있는건 투자금액, 수익률, 투자기간 입니다.
투자기간은 빠를수록 좋은데 늦었다면...어쩔수없고 최대한 오래사세요.
투자금액은 본인의 돈버는 능력에 달려있는데 보통은 아주 크게는 못늘리죠.
수익률은 기간과 금액이 적은 사람들이 높여보려다 많이 실패하는 부분이죠.
본인이 일반인 이라면 정해진 수익률에 만족해야한다고 봅니다.
대신 부업을 하든 사업을 하든 해서 투자금을 늘려야 합니다.
주식투자로는 단기간에 대박이 날수없습니다. 이걸 명심해야합니다.
결국 일반인에게 주식투자란 노후준비 밖에 없다는게 개인적인 생각입니다.
수익률 9%잡고 8년이면 처음 넣은 자산이 2배가 됩니다. 16년이면 4배쯤 됩니다. 24년이면 7배쯤 됩니다.
월 100만원씩 수익률 9%잡고 8년 투자하면 원금 9천6백 자산은 1억4천4백쯤 되고
16년 투자하면 원금 1억9천 자산 4억3천
24년 투자하면 원금 2억9천 자산 10억정도 됩니다.
16년쯤 투자해서 자산이 2배정도 되는걸 보면 조금 애매한 느낌이 있기는 해요.
복리효과를 누리려면 오래 살아야 합니다.
물론 우리 인생이 계획처럼 되지 않을건 알지만 큰 틀을 잡고 가면 대충 비슷한 모양으로 가게 될겁니다.
사실 구멍이 숭숭 뚫린 글이긴 하지만 정말 심하게 잘못된 투자 글들이 올라오길래 한번 적어봅니다.
다시한번 말하지만 자세하고 정확한 내용은 책을 찾아보세요. 그리고 이 글은 초보자가 아니라 일반인을 위해 쓰인 글입니다.
일반인은 개별주식에 투자할 생각이 없고 더이상 주식공부를 하지 않을 사람을 말합니다.
일반인 투자자는 열심히 공부한 다른 투자자들보다 투자로 버는돈이 적겠지만 망할 확률이 거의 없고 노력도 거의 들어가지 않으며
남는시간에 가족과 시간을 보내든 혼자 취미생활을 하든 운동을 하든 부업을 뛰어서 투자금을 늘리든 할수있습니다.
돈을 좀 많이 포기하는 대신 인생을 좀 더 즐기면서 사는것에 만족하는것도 저는 나쁘지 않다고 봅니다.
안전한 투자 하세요~",2175,부업 월 100만원,https://www.ppomppu.co.kr/zboard/view.php?id=stock&no=262565,ppomppu,2년차가 적는 일반인을 위한 주식투자 방법106
,"부수입만들어보기 테스트겸 블로그와 유튜브를 운영해보았습니다.
SEO 개념은 잘 이해하고 있기 때문에 검색에 잘걸리게는 했습니다.
남들보다 유리한 상황에서 시작했다고 볼 수 있습니다.
[유튜브의 시작]
2주간 모든 컨텐츠를 다 만들었고 3개월간 나눠서 업로드 되도록 해놓았습니다.
유튜브는 일단 기준 넘기기 자체가 너무 어려웠습니다.
구독자 기준 1000명은 한 달만에 쉽게 넘었습니다만,
시청시간 3000시간을 넘겨야 되는데 이게 너무 어려웠습니다. 5개월만에 넘겼습니다.
결론 : 영상 200개 업로드(숏츠 재생산 포함) = 6개월차 총 수입 5달러, 현재 미지급 상태
[블로그의 시작]
구글 광고를 넣을 수 있는 T스토리로 시작해보았습니다.
블로그도 2주간 모든 컨텐츠를 그냥 막 때려넣었습니다.
하루 방문자수가 1명 들어오던게 한두달 지나니깐 200~400명이 들어왔습니다.
애드 붙이는 인증은 어렵다고 했는데 만든지 3일만에 그냥 통과했고,
2주간 열심히 컨텐츠 올린 뒤 아무것도 안했습니다.(하루에 올리는 숫자가 정해져 있어서 만들어 놓고 매일 풀로 업로드)
SEO 최적화 되어 아무 컨텐츠를 안올려도 하루에 200명 이상이 꾸준히 들어오는 상황이고,
망할 줄알았는데 3개월에 한번씩 수익 100달러를 넘겨서 통장에 돈이 들어오네요.
결론 : 컨텐츠 글 400개 업로드, 매달 30~50달러 수익 발생
[결론]
- 일단 한달일하고 6개월 방치 해봄.
- 수익 거의 없음. (편의점 알바가 더 잘 범)
- 반복적으로 꾸준히 1년 이상 할 경우 월 100만원 달성까지는 가능해 보임
- 3년 이상하면 월 300만원 까지도 달성 가능해 보임
- 유튜브는 수익내가 참 어렵다. 블로그는 그래도 진입장벽이 낮아 잔돈 벌이가 된다.",856,부업 월 100만원,https://www.ppomppu.co.kr/zboard/view.php?id=whatever&no=23607,ppomppu,"유튜브 + 블로그부업2주간 일하고, 6개월간 테스트11"
,"아래에 소개된 인공지능 툴 이용해서 블로그 글을 자동으로 생성할 수 있음.
똑똑한 사람들은 이미 먼저 움직여서 돈을 벌고 있는것 같은데요.
인공지능을 이용해서 돈을 벌수 있는 팁을 간단히 드립니다. ㅎ
돈은 먼저 움직이고 부지런한 사람이 벌수 있는것 같네요.
[부업으로 돈버는법]
1. 인공지능 툴로 (특정 주제의) 글을 자동으로 생성시키고,
네이버, 티스토리 등 블로그를 키운다 > 광고를 붙여서 >
네이버, 구글 에드센스 광고 수익화
한다.
(블로그 방문자에 따라 월 10만 ~ 50만원 이상 가능)
2. 블로그가 어느정도 지수가 높은 분들은
블로그 체험단, 기자단
을 신청한 후 제품후기 또는 매장 방문 후기글을
써주고 원고료를받는다. 당연히, 인공지능 툴을 이용하여 글 초안을 만들고 다듬기만 하면 끝. 30분 소요
(건당 1만원기준 / 월 10회 가정 시, 월 10만원 이상 가능)
3. 크몽을 보면, 제품후기나 오프라인 매장을 홍보
하는 원고를 써주고 건당 5천원에서 1만원이상 받고 있음.
이 분들이 그 많은 글을 직접 처음부터 손수 글을 쓸까요? ^^
인공지능을 이용해서 어느정도 초안을 만들고 자연스럽게 글을 다듬고 실제 상황에 맞게 보완합니다.
그렇게 해서 이미 똑똑한 분들은 돈을 쉽게 벌고 있음. 인공지능 이용하면 누구나 글쓸수 있어요^^
(건당 5천원 기준 / 월 20회 가정 시, 월 10만원 이상 가능)
4. 쿠팡파트너스로 돈벌기.
제품을 실제 판매하는게 아닌, 쿠팡 제품을 홍보하고 누군가 그 URL를 클릭하여 제품을 구매하게 되면
판매가의 3%가 자동으로 수익이 되는 구조. 꼭 그 URL의 상품을 구매안해도 24시간안에 어떤 상품을
구매하던지 3%가 자동으로 수익이 쌓입니다.
단순히 URL만 뿌리는것이 아닌, 아래 인공지능 툴 이용하면, 쿠팡 URL만 입력하면 제품 홍보글이 자동으로
생성이 되니, 그 홍보글만 잘 블로그에 노출할 수 있다면? 자동으로 돈이 쌓이겠죠.
글은 계속 노출이 될테니.. 일회성이 아니라 홍보글을 쓰면 쓸수록 누적으로 자동으로 계속 돈이 들어옵니다.
고가의 제품을 홍보하는것이 돈을 많이 벌 수 있는 키포인트!
(월 30만원 ~ 100만원도 가능)
돈이 되는 파이프라인을 계속 깔아두시면, 각각이 모여서 정말 큰돈이 됩니다.
이 글을 읽고 무시하는 분들도 있을것이고, 누군가는 바로 실행하겠죠..^^
누군가에겐 큰 팁이 되길 바랍니다!!
-----------------------------------------------------------------------------------
안녕하세요.
다들 아시겠지만, 요즘 화두인 주제 중 하나는
인공지능(AI)
입니다.
다양한 AI 서비스가 출시되며 AI 기술을 사용하기가 더 쉬워져서, 앞으로 디지털 시대에서 AI를 사용하지 않으면 디지털 문맹이 될 수 있다는 주장도 나오고 있습니다.
마케터들 사이에서도 AI가 큰 주목을 받고 있습니다. 광고 카피나 블로그 콘텐츠와 같은 콘텐츠 작성을 자동화하는 서비스들이 등장하면서, 앞으로는 마케팅 분야에서도 AI가 중요한 역할을 할 것으로 예측되고 있다고 합니다.
호기심이 많은 저는 AI가 블로그를 얼마나 잘 작성하는지, 요즘 핫한 서비스 3곳을 직접 비교해보았습니다.실제로 테스트를 해보면서 저희 주관적인 관점에서 비교한것이니 참고용으로 봐주세요.
어떤 AI 서비스를 비교했나요?
요즘 전 세계적으로 이슈가 되고 있는
'Chat GPT'
와 한국형GPT라 불리고 있는 국내 1위 AI 카피라이팅 툴
'뤼튼(Wrtn)'
그리고 최근 출시한 AI 카피라이팅 툴인
'가제트(Gazet)'
를 비교해 보았습니다.
구분
Chat GPT
뤼튼(Wrtn)
가제트(Gazet)
운영업체
오픈 AI
뤼튼테크놀로지스
위노보스
사용모델
GPT-3.5,GPT-4.0
하이퍼클로바, GPT-4.0 외
하이퍼클로바, GPT-4.0 외
서비스 이용료
가입 후 무료
무료 요금제 / 플러스 요금제(34,900)
가입 후 무료
세곳 서비스 모두 무료로 이용할 수 있어서 테스트하기 편했고,
각각 어떤 생성결과가 나올지 정말 궁금했답니다. 그럼 이제 하나씩 결과를 살펴볼까요?
잠깐! 먼저 어떤 주제의 블로그를 작성 시킬까요?
요즘 N잡러, 부업러들이 정말 많죠?
KB금융지주 경영연구소 보고서에 따르면 1인 가구 10명 가운데 4명은 2가지 이상의 직업을 가진 이른바 'N잡러'로 조사되었다고 할 정도인데요.
출처 : KB금융지주 경영연구소
요즘 N잡러들이 많은 만큼 신생부업인 ""소셜 크리에이터/블로거, 온/오프라인 판매"" 하시는 분들이 유용하게 쓸 수 있는 성격의 블로그를 작성시켜보고자 합니다.
요즘 인플루언서 분들이 자주 쓰시는 내돈내산 사용 후기, 사업하시는 분들이 제품을 홍보하기 위해 쓰는 제품후기
,
이러한 ""제품 사용후기""를 인공지능이 얼마나 잘쓰는지 한번 테스트해보도록 하겠습니다.
1. Chat GPT
Chat GPT
Chat GPT는 솔직히 모르는 분들 없으시죠?
다양한 질문에 자연스럽게 대답할 수 있어서 많은 분들에게 큰 도움을 주고 있는 Open AI의 인공지능 서비스입니다.
Chat GPT에게 퀄리티있는 답변을 얻기 위해서는 GPT에게 역할부여와 디테일한 질문('프롬프트')을 하는게 제일 중요한데요.
저는 위와 같이 ""너는 블로그를 잘쓰는 마케터야. 이제부터 키친아트 1인용 캠핑밥솥을 사용한 후기를 작성하려고해. 실제 사용한 경험을 바탕으로 1,500자로 상품의 장점을 잘 나타내주는 제품 사용후기 블로그를 작성해줘."" 라고 질문을 해보았습니다.
ChatGPT 인공지능이 생성한 결과는 아래와 같았어요.
[결과]
[결과 전체 원문]
키친아트 1인용 캠핑밥솥 사용 후기
안녕하세요, 블로거 [이름]입니다. 오늘은 여행과 캠핑을 즐기는 분들을 위한 편리한 주방 도구, ""키친아트 1인용 캠핑밥솥""에 대한 사용 후기를 공유하려고 합니다. 저는 캠핑을 즐기면서 항상 간편하게 식사를 해결할 방법을 찾고 있었는데, 이 제품을 사용한 후에는 정말 만족스러운 경험을 했습니다.
1. 소형이지만 강력한 성능
먼저, 이 밥솥은 1인용이라는 소형 크기에도 불구하고 강력한 성능을 자랑합니다. 250W의 강력한 가열 ",9710,쿠팡파트너스 수익,https://www.ppomppu.co.kr/zboard/view.php?id=etc_info&no=38216,ppomppu,인공지능을 이용하여 집에서 월 100만원 버는 방법3
,"티스토리 블로그를 운영하다가, 티스토리 광고 사태때 워드프레스로 넘어왔습니다.
많은 분들이 수익형 블로그 운영에 관심을 가지고 계신 것 같아, 혹시 도움이 되실까 싶어 몇 가지 사항에 대해 끄적거려 보겠습니다.
대충 생각나는대로 끄적거릴 예정이고, 귀차니즘으로 인해 수정이나 퇴고는 안 할 예정이므로, 오타나 문맥에 맞지 않는 부분이 보여도 이해 부탁드립니다.
- 수익
가장 궁금해하실 부분이라 생각하는데요.
수익이 없는 분은 아예 없고, 많으신 분은 많고, 케바케입니다. 보험을 하시는 분들도 어떤 분은 수억을 버시는데, 어떤 분은 마이너스이고.... 뭐 이런 원리라고 보시면 됩니다.
제 기준으로 말씀드리자면, 저는 티스토리를 운영할 당시에는
대략 한화로 월 300만원에서 왔다갔다 했습니다. 개인적으로 하는 사업이 있는데, 시간이 좀 많이 남아돌아 시작했던게 꽤나 괜찮은 수익을 안겨줬던 것 같습니다.
아무것도 모르는 상태에서 시작을 해서, 저 정도 수익을 올리는데, 대략 2년 정도 걸린 것 같습니다.
인증을 하라고 하시면, 귀찮아서... 굳이.....
- 티스토리? 워드프레스?
아무것도 모르고 시작을 하신다면, 티스토리로 시작을 하셔서 구글 블로그나 워드프레스로 넘어가시는 것을 추천드립니다.
구블이너 워프가 티스토리에 비해 노출도 힘들고 신경써야 할 것도 많습니다. 내가 포스팅을 하면, 누군가 방문을 해줘야 하는데, 티스토리는 한달 후부터 노출이 쉽게 되는데 비해, 구블 워프는 조금 더 어렵습니다.
- 강의? 책?
이미 정보는 넘쳐납니다. 유료 강의의 필요성은 굳이.......
좋은 강의를 해주시는 분들도 계시지만, 대부분은 강의 팔이 입니다.
자신은 고수고 전문가이니 3개월이면 천만원의 수익을 올릴 수 있다..... 라는 분들도 계시는데, 자신만의 노하우가 있으신 분들도 계시겠지만, 대부분은 편법을 사용해서 3개월 동안 광고 수익을 올립니다. 그리고 그걸 인증>>>.광고, 책, 강의 팔이. 루트를 타는 것이죠.
몇 가지 편법은 알고 있지만, 배보다 배꼽이 더 큰 경우도 있고, 딱 3개월 개고생하고, 그 이후에 블로그가 날아가는 경우도 있고.......
편법은 어차피 시간이 지나면 대부분 걸립니다. 괜히 구글은 위대하다라는 얘기가 있는게 아니죠.
관심 있으신 분들은 도서관 가셔서 책 한권 빌리셔서 읽어보시고, 유튜브에 공개된 정보들, 애드센스 포럼이란 사이트가 있는데, 그 곳에 가셔서 게시판만 정독하셔도 충분하시다고 생각합니다.
- 결론은?
블로그는 초기 투자 비용도 거의 없고, 내 시간과 노력을 들이는 분야라고 생각합니다.
""블로그로 누구나 쉽게 월급만큼 벌 수 있다?""
한 마디로 말씀드리자면, 개소리입니다.
공부도 필요하고, 노력도 필요하고 시간도 필요합니다. 쉽지만은 않습니다.
일기 같은 글을 천 개를 써봐야, 내 필력이 하늘에 닿아있지 않은 이상 누군가 찾아와 보지는 않습니다.
키워드에 대한 공부도 필요하고. 구글 seo에 대한 공부도 필요합니다.
노력이 필요한 분야인 것은 맞지만, 짜투리 시간을 활용하기에는 상당히 괜찮은 부업이라 생각합니다.
chat GPT로 인해 검색량은 앞으로도 점점 줄겠지만, 최소한의 용돈 벌이 정도는 되리라 생각합니다.
모든 일이 그렇듯, 블로그 운영도 체질에 맞아야 한다고 생각합니다.
제가 블로그를 통해 수익을 올리는 것을 본 지인들도 꽤나 시작을 했는데, 저보다 더 높은 수익을 올리는 놈도 있고, 며칠 만에 때려친 놈, 어느 정도 용돈 벌이는 하는 놈.... 시작해봐야지 하고 아직까지 시작도 안한 놈(이게 대부분입니다.) ......
개인의 성향과 노력에 따라 갈리는 것 같습니다.
그리 어렵지 않습니다. 하지만 그리 어렵지 않다는 말은 누구나 시작할 수 있다는 말이고, 경쟁이 치열하다는 말이기도 합니다.
100명이 시작을 하면, 끝까지 가는 분들은 2~3명 정도더군요.
1년 이상 하루 3시간 정도씩 꾸준히 하실 자신이 있으시다면 상당히 괜찮은 부업이 되리라 생각합니다.",1936,블로그 부업 수익,https://www.ppomppu.co.kr/zboard/view.php?id=whatever&no=25804,ppomppu,아래에수익형블로그관련글이 있어서19
,"작년 하반기에 계속 해오던 일을 그만두고 재취업 준비중입니다.
30후반의 나이라 재취업이 녹록치는 않아서 급한대로 여러 알바들 뛰면서 생활비벌이 겨우 하면서 버티고 있는데..
그동안 생각만 하던 부업 관련 여러정보를 찾아보다가 애드센스 블로그 수익화(티스토리, 워드프레스)에 대해서 알게 되어 시작해볼까 합니다. 사실 지금 일을 하고 있는게 아니어서 하게 되면 부업보다는 조금 더 시간을 투자해서 집중적으로 할 수 있을 것 같습니다.
부업관련해서 유튜브 같은데서 많이 찾아보신 분들은 아시겠지만, 부업으로 가장 많이 추천하는 것이 온라인 쇼핑몰(스마트스토어 등등), 과 블로그 애드센스 수익화인 것 같습니다. 블로그를 해볼까 하고 생각해 본 건 예전에 네이버 블로그를 꽤 오랫동안 해본 경험(수익화x, 일상블로그 정도)이 그나마 있어서 조금 수월하게 시작할 수 있지 않을까 하는 마음에서입니다.
물론 이 세상 모든일이 그렇듯이 결국 제가 직접 해보고 경험해봐야 제대로 알 수 있겠지만, 수익화를 목적으로 직접 애드센스 블로그(티스토리, 워드프레스) 운영해보신 분 계시면 경험담이나 고견 듣고 싶어 이렇게 글 올려봅니다.
다가 오는 설명절 모두 잘 보내시기를 바랍니다. 감사합니다.",604,블로그 부업 수익,https://www.ppomppu.co.kr/zboard/view.php?id=freeboard&no=9222239,ppomppu,블로그수익화 (애드센스) 시작해보려고 하는데 괜찮을까요?9
,"0
0
[* 비회원 *]
블로그 수익 거의 안납니다.
광고글에 속지마세요. 블로그로 부업한다는거 거의다 뻥입니다.
협찬품목으로 받은것들을 돈으로 쳐서 월30 번다 이런식으로 과대광고하는 겁니다.
블로그는 월 1~3만원 벌어도 많이 버는겁니다.
블로그 수익 거의 안납니다.
광고글에 속지마세요. 블로그로 부업한다는거 거의다 뻥입니다.
협찬품목으로 받은것들을 돈으로 쳐서 월30 번다 이런식으로 과대광고하는 겁니다.
블로그는 월 1~3만원 벌어도 많이 버는겁니다.
2021-12-24 *
댓글주소복사",277,블로그 부업 수익,https://www.ppomppu.co.kr/zboard/view.php?id=freeboard&no=7697463,ppomppu,부업으로블로그하시는분 계시나요17
,"가게 장사가 너무 안되서 투잡으로 배민을 시작한지
10일차가 되었습니다.
당근으로 13만원으로 구매한 킥보드값 일주일만에  뽑았습니다.
기뻐서 한자 남깁니다.
장소는 수원시 권선구 곡반정동 입니다.
원룸이 많고 중심삼가 기준으로 좌우측
대단지 아파트가 형성 되어 있어서
라인잡고 멀리가지 않고 곡반정동 배달위주로만
했습니다.
시간은 12시30부터 4시30분 정도로 잡았구요.
말이 4시간인데 3분의1시간은 콜없어서
쉬는경우가 많습니다.
달린 키로수는
5일평균 20에서 25키로 달린거 같습니다.
왔다갔다 하는시간이있으니 25키로 다배달
한건 아니고 직접적으로 뛴건 15키로 정도 되겠네요.
전 욕심 안내고 하루 10건 3만원으로 잡았습니다.
전 두개 플랫폼사용 하는데요
배민커넥트 쿠팡이츠
이건 지역마다 틀린걸로 알고있습니다.
전 배민이 콜을 더잘줘서 배민을 메인으로 사용하고 있습니다.
두개 켜놓고 먼저 오는것 위주로 콜을 잡습니다.
보통 1키로이내 2500 1키로 이상 3000에서 3500
동넘어가는 콜은 거부합니다.
가끔 한번식은 갑니다.
그시간에 단타 두개잡는게
훨씬 이득이더라구요.
수입은
22일 10개 28930
23일 11개 30910
24일 11개 32240
25일   6개 22440
26일   7개 22750
27일   9개 41850(눈 설프로모션)
28일   8개 44300(눈 설프로모션)
합 223.420
25일 26일은 주말이라 넘무리하게 하면
힘들것 같아서 1시간 정도 더취침했습니다.
하루3만 잡았는데 이제 요령이 생겨서
충분히 시간줄여도 가능할것 같습니다.
투자비용
킥보드 상태좋은거 당근에서 13만원에 구매 했습니다.
첨엔 멋도 모르고 보냉 보온가방 안쓰고 몇일하다가
문제가 되는거 알고 보온보냉가방
당근에서 15.000구매했습니다.
킥보드 값 가방값 투자한거 빼고
약 8만정도 벌었네요
일단 장점이라면
1.생각보다 많이 걷습니다.
운동이 됩니다.
엘베없는 원룸 올라갈때
픽업하러 갈때
가끔 차막히면 끌고 이동할때
2.콜잡고 돈이 적립되면
너무뿌듯하고 재미있습니다.
3.동네길을 아주빠삭하게 알게됩니다.
하다보면 네비안키고도 갈수있는 지경에 이르게 됩니다.
4.가끔식 사장님들이 건네는 작은호의에 인류애를 느낍니다.
따뜻한커피 주시는분도 있고 추우니까
안에서 들어와 있으시라고
밥드셨냐고 시간좀 걸리니 김밥이라도 드시고
계시라고 주시는분도 계십니다.
5.시간당 최저시급만큼 안되지만 스트레스 안받고
누구에게 구애안받고 잼나게 일할수 있습니다.
컴플레인이나 식당에서 가끔식 생기는 마찰
상담센테에서 잘잘해결해줍니다.
얼마전 주문번호 잘못확인하고 가져가서
제가 하루일한거 무르게 생겼는데
상황을 이야기하니 배민에서 자기비용으로
처리 해주더라구요.
더 열심히 해야겠죠.
처음에는 잠줄이니 조금 힘들었는데
6시간 자는거 적응되니 괜찮더라구요.
노동대비 최저시급보다 못하지만
이것이라도 할수있음에 너무 감사하며 일하고 있습니다
아무리 힘들어도 긍정적인 마인드는
잃지않고  열심히 하겠습니다.
진짜 2년간 죽도록 너무힘들었는데
진짜 언젠가는 저에게도 또 한번의 기회는
찾아오겠죠?^^;;",1518,투잡 후기,https://www.clien.net/service/board/park/18909041,clien,배민투잡 일주일 후기 적어봐요~^^
,"안녕하십니까.
모든 분들께 사소하게, 메주 수요일마다 사내식당에서 가장 좋아하시는 반찬 나오는 정도의 소확행을 빌면서,
시작 해 볼까 합니다.
제 인생 썰이나 가볍게 풀어보죠.
말 할 사람이 필요하기도 하구요 ㅎㅎ.
떠돌아 다니면서 살아서 그런지, 속 깊게 터놓을 친구가 몇 없네요.
인생 참 다이나믹합니다.
뭔 영혼을 갈아넣고, 열심히 할 면서 인생의 갈림길중 하나를 골라야 하는 나이가 될 때마다,
일이 하나씩 터지네요.
고 1때, 학폭으로 학교를 그만두고 온 가족이 동남아로 이민을 갔습니다.
제가 다쳤거든요.
(군대는 이 때 다친걸로 면제 받았고요, 학폭 가해자는 한국에서 영어유치원인가 한다고 하더군요)
동남아 현지에서 어예어예  야매대학교를 졸업 한 후,  대기업에 현지채용 취업을 받았으나,
제대로 된 배움에  뜻을 두고  유럽으로 직행하고요,
26살에 유럽으로 학석사를 갔습니다.
독일/벨기에 학사 (핀란드 에라스무스 다녀옴여)
네덜란드 석사
이렇게 받았네요.
졸업 후,
학교에서 대학교 박사학위를 준비하면서,
박사 프로젝트  펀딩 받고,  어쩌다가 부업으로 컨설턴트 부업을 했습니다.
(는 사실 담당교수님이 Big4 자문위원이었는데, 거기에 꼽사리 껴서 들아건 것임).
그렇게 쓰리잡을 뛰면서 (강의, 연구/박사준비, 컨설턴트?)
현지에 이민도 잘 가고 적응해서 잘 살 수 있을 줄 알았죠.
근데 잊고 있던 사실이 절 덮칩니다.
저 석사할때 암에 걸렸었거든요.
진지하거나 위협적인건 아니고 가장 흔한 암이지만,
그 암 수술 후에 여러 문제가 생깁니다.
고혈압, 고지혈등 고혈당... 켈로이드... 체질 변화...
불면증, 만성 두통...
사람들이 쉽게 지나간다, 거북이 암이다 했지만,
이미 제 체질은 살짝씩 망가지고 있었죠.
근데 문제는, 그 당시 제가 살던 나라에서는 고혈압 약 한알 조차 저에게는 처방을 해 주지 않았습니다.
과잉진료. 라는 이유였죠.
왜냐하면 제 나이가 젋고, 딱히 추가 검사를 받거나 전문의를 찾아가지는 않았었으니 (공보험이 이때 적용이 안되서 비쌌어요ㅠㅠ)
GP와 상담 할 수 밖에 없었고,
그 때 반응은
""우리는 젊은 사람한테 혈압약 같은걸 제공하지 않습니다. 살을 뺴보는건?"" 이거나,
""생활 스타일을 바꾸는건 어떨까요? 저염식같은건?""
정도가 전부였으니깐요.
그러던 어느날, 일이 터집니다.
3주차 쯤 되었을까요,
업무상 타 도시에 출장을 일을 갈 일이 생겨서,
기차표를 타고 가는데 소변이 너무 마려운겁니다.
그래서 기차역 화장실로 들어가서,
소변을 보는 그 순간....
눈 앞이 씨꺼멓게 변하면서 핑 돌더군요.
사지에 힘이 빠지면서 쓰러졌습니다.
그 때 상황을 요약하자면,
바지 사이로 튀어 나와있는 제 소중이,
젖어가는 바지자락,
정신은 있는데 움직이지 않는 몸.
아... 이렇게 죽는건가 싶더라구요.
뭐 몇분 지나니깐 풀어지긴 했는데
덕분에 이주 간 후 처음으로 엠뷸런스 타봤습니다.
대신 그 때, 뭔가 보험사와의 의사소통에 문제가 있어서,
앰뷰런스 비의 60%를 제가 냈는데,
그게 제 주급보다 비싸더군요. ㅎㅎ
그래서 31살에 한국으로 들어왔습니다.
정기검사 한번 받고, 약 몇 번 먹으니깐, 고질병들이 다 사라지더라구요.
이 때쯤 한 난관이 절 덮칩니다.
바로 구직 문제죠.
한국인으로 태어났으니, 한국에서 일도 해 보고 싶었구요.
국뽕도 살짝 있었습니다. 내 나라가 이렇게 빠른 발전을 했는데,
한번 경험 해 봐야 되지 않을까?
그래서 언젠가 사업을 해야만 한다는 압박감 같은 걸 이유로,
(사실 채용검진도 없는 편이 더 낫겠더라구요 ㅠ)
그럴 바에는 모든걸 다 경험 할 수 있는 중소기업쪽이 낫지 않을까?
하고 한국 강소기업, 중소기업, 스타트업 쪽 위주로 지원을 했습니다.
하던 컨설팅 쪽은 이제 그런 격무는 하지 못할 거 같기도 하고,
쓰러진 다음부터는 쫄아서 신청조차 하지 않았었습니다.
설마 그 이역만리에서도 구직에 성공 했고,
능력도 후달리는게 없고, 업무 경험도 있는데, 스타트업 하나 취직 못하겠어?
전직 전략 컨설턴트에, 학교 다니면서 컨설팅 펌 알바 뛴게 얼만데?
하는 마음에 좀 가볍게 생각하고 들어왔죠.
네. 8개월정도 못했습니다.
한국 기업과는 인터뷰 하나 잡히지 않았었네요.
(외국계는 몇 번 면접 봤었습니다.)
스팩이 문제였을까요?
아니면 소위 말하는 자소설을 못 써서 그런걸까요?
그래서 전 결심을 합니다.
제 이력서와 자소서를 가지고 숨고같은데서 이력서 첨삭을 해 주시는 분을 찾아갔죠.
뭐 어디 대기업 현직자 분이 봐드립니다. 뭐 그런거였는데, 잘 기억은 안나네요.
제 이력서랑, 자소서를 보내 드리고,  초조하게 답변을 기다렸습니다.
왜냐하면 제가 여태까지 쌓은 경험이나, 이 나이에 한 성취들이 인터뷰 한 번 못 볼만큼 엉망은 아니라고 생각했거든요.
정답을 알고 싶었습니다.
아니, 그렇게 인종차별 쩌는 동네에서도 이거보다는 면접제안 많이 받았었는데,
내 나라에서는 좀 더 편해야 되지 않을까요? 막 동양인이라고 꼽 덜받고?
그런 마음에 좀 씩씩대는 마음도 있었습니다.
참고로 이 때 서류상 제 스팩은 이렇습니다.
학사(독일/벨기에) (위에 언급했던 핀란드는 교환학생같은거라서 학위에는 안 적혔네요.)
석사 (네덜란드)
전공 경영학 (경영전략과 혁신관리) 부전공 금융 (Finance),심리학.
겅험
: 대학교 소속 연구원, 컨설턴트 외주, 컨설턴트 인턴... 대학교 가기 전 기획부동산 영업 경험, 호텔업 종사 경험 유, 통역, 직영 경험 다수 보유, 사업 경험 작지만 있고,  공연 기획 경험,  이벤트 기획 업체어서 영업경험 보유. 가족기업에서 무역 사무경험 보유중... 이정도? 아 자그만한 투자은행 인턴도 하긴 했었습니다만, 그건 빡세서 금방 때려쳤었네요;
자격증
: 워드 1급, 컴활 1급, MOS 마스터 (이건 예전에 인턴할때 따둠여),
어학
:  오픽 AL, TOEIC 985, 독일어B1, 네덜란드어 B1, 말레이어 A2, 베트남어 A2
대외활동:
유니세프 2년, 현지 학생회 2년 반, 대학교 역사상 최초의 외국인 임원, 00아마추어 극단 소속 연기경험...뭔 자원봉사 프로젝트 베스트 인턴상...
뭐 많네요.ㅎㅎ
그리고 전 이런걸 적어서 그",5090,퇴사 후 부업,https://www.clien.net/service/board/park/18102442,clien,33년. 인생 참 다이나믹하네요. (스압있어영)
,"해외에 있을때
알게 된 형들과 일을 한 적이 있습니다.
저는 그 사람들보고 적게는 8살 많게는 15살정도 어렸던걸로 기억합니다.
어쨋든,
이 사람들이 돈을 제대로 안주기 시작합니다.
일은 엄청 시켜요.
그리고 제가 뭐라고 했습니다. 돈을 제대로 달라.
그랬더니 뭐 조금만 있으면 너랑 같이 다 성공할텐데 왜 기다리질 못하냐 이럽니다.
그리고 그때쯤 어머니가 암투병을 하시게 되어서 한국으로 돌아간다고 말을 했습니다.
그랬더니 한국으로 너가 돌아가봤자 월 200만원 벌겠냐.
너는 우리랑 안하면 안된다. 라는 식으로 제 자존감을 꺾으려고 하더군요.
근데 이 사람들이 잘 몰랐던게, 제가 이미 이 사람들 이외에 하고 있던 일이 월 3000불은 벌고 있었습니다.
그래서 안그래도 어머니 암투병때문에 화가 나는데 진짜 빡치더군요.
왜 너따위가 나를 얕잡아보지? 18ㅅㄲ가 진짜 장난하나? 나이 먹고 한다는 소리가 저거인가?
이런 생각이 쓱쓱 나오더군요.
그리고나서 했던 말이 아직도 기억납니다.
""야 형은 너 나이때에 벤츠 몰고 다녔어. 조금만 더 있으면, 너도 벤츠 몰 수 있는데 왜 그러냐?""
멍멍이 쉐리가 지는 부모 돈으로 이것 저것 산 주제에, 황당하더군요.
그리고 결심했습니다. 얘네랑 다니면 안되겠더라고 ㅎㅎㅎ
그 형들 중 나이 적은 형은 나이 많은 사람의 친척동생인가 그랬는데
뭐 허드렛일은 그 사람이 다 하더군요.
저도 이 사람과 함께 하면 저 사람처럼 허드렛일이나 하는 사람이 되겠구나 싶어서
그 이후로 연락 끊고 한국 와서 지금 잘먹고 잘 살고 있습니다.
그 사람도 나중엔 한국와서 정부지원금으로 창업해서 여기저기 또 헛소리 팔고 다녔던걸로 기억합니다.
어쨋든, 저도 주변에 이직생들 취직생들 가르치는 부업을 하면서 느끼는 건데,
학교에서든 직장에서든 그리고 연인사이에서도 자존감을 일부러 낮추게해서 다른 곳은 못가게 하려는 사람들이
꽤 많은 것 같습니다.
참 비겁한 사람들이 많구나라는 생각이 더더욱 많이 들게 되었습니다.
오히려 자신이 사랑하는 아끼는 사람의 자존감 자신감을 더 복돋아주진 못할망정, 자기 없으면 안되는 사람으로 만드는 것은
참 비겁하다고 생각합니다.",1053,월 200만원 부업,https://www.clien.net/service/board/park/15188003,clien,알고보니 저도 가스라이팅을 당한적이 있더군요
,"한 달전에 몇 일 해본거라 지금하고 다를지도 몰라요~!!
그리고 제가 사는 동네 위주로 해본거라 다른 지역과 다를지도 몰라요~!!
저는 전기자전거로 했는데 다른 이동수단과는 다를지도 몰라요~!!
주말에 알바를 찾다가 사실 주말알바는 거의 없거나 있어도 노가다처럼 본업에 지장을 줄 정도의
노동강도를 요하는 알바라서 고민하고 있다가 요즘 직장인들이 투잡개념으로 종종한다는
배달알바를 시작하게 되었습니다.
집에 전기자전거도 있겠다. 잘되었다 싶어서 평일날 시간을 내서 등록절차를 마치고...
주말이 다가왔습니다. 대충 오후2시 이후부터 시작했습니다.
일단 제가 있는 지역에 한에서 쿠팡이츠는 콜이 잘 뜨지 않습니다.
쿠팡은 콜이 간혹 뜨는데 거리도 먼거리고 배달비용도 배민과 거의 차이가 없었습니다.
그러다보니 자연스레 쿠팡콜은 안받다가 나중엔 그냥 꺼버리게 되더군요.
상대적으로 배민콜은 꾸준히 왔던 편인데 저희 동네가 언덕이 많은 동네라서 그런지...
언덕을 거쳐가거나 하는 콜은 받기 좀 어렵습니다. 아마 오토바이나 자동차였다면 받았겠지만...
배터리의 압박을 심하게 받는 전동이동장치는 언덕을 왔다갔다 하는건 리스크가 큽니다.
그리고 약 10분의 3-4의 비율로 B마트 콜이 자주 뜹니다.
개인적인 의견입니다만 B마트 콜은 배달비용도 일반콜과 별 차이 없는데 무겁고 짐이 많은 경우가
대다수였습니다. 그래서 몇번 하다가 정말 콜이 없을때를 제외하고는 B마트 콜은 안받게 됩니다.
음 3주정도 총 5-6일정도를 했는데 하루 평균 2-3만원정도 벌었던것 같습니다.
밖에 나가서 있는 시간을 생각해보면 돈이 거의 안되는 수준이었습니다.
오토바이가 있었다면 좀 더 많은 콜을 받고 더 벌 수 있지 않을까 싶었지만...
어쨋든 그렇게 접었습니다.
5-6일 동안 번 돈이 10만원정도 입니다. ㅋㅋㅋ
오토바이나 자동차로 하는거 아니면 비추 합니다.
아 물론 서울은 다를수도 있을겁니다.",939,투잡 후기,https://www.ppomppu.co.kr/zboard/view.php?id=freeboard&no=7644617,ppomppu,"배민 / 쿠팡이츠로 배달해본후기~!! (개인적 관점, Feat, 전동이동장치의 단점)5"
,"39살 평범한 회사원
8년간 회사생활하면서 최소한의 생활비를 제외하고 하나도 안 쓰면서 모은돈+틈틈이 한 부업+중고거래 등등해서 모은 돈 5억 주식으로 5개월만에 다 날림
사람들이 유튜버하려고 주작하는거 아니냐고 해서 본인이 직접 폰 로그인해서 인증영상 올림
이 사람 들어간 회사 본 주식하는 사람들은 돈 날린거는 안타깝지만 앞으로 돈 모으면 평생 투자같은거 하지말고 그냥 은행에 넣어두라는 반응",221,직장인 부업 인증,https://www.ppomppu.co.kr/zboard/view.php?id=freeboard&no=7208674,ppomppu,주식으로 5억 전재산 잃은 30대직장인유튜버 ㄷㄷ.jpg71
,"자세한 내용은 기사전문을 읽어보세요.
삼성카드, '사전 공지' 없는 무책임한 혜택 축소…'소비자 우롱' 민원 빗발쳐
http://www.popcornnews.net/news/articleView.html?idxno=12779
삼성카드의 경우 지난 2010년 출시한 '삼성 수퍼S카드'의 판매를 종료하고 올해 1월부터 마일리지 포인트 전환 비율을 90%에서 70%로 줄였다.
소비자들이 분노를 금치 못했던 이유는 카드사에서 혜택 변경 공지를 정확하게 전달하지 않고 소리 소문 없이 바꿨기 때문이다.
뒤늦게 변경 소식을 접한 소비자들은 ""고객을 무시하는 행동""이다 라며 반발에 나섰으나 ""홈페이지에 혜택 축소 공지를 했다""며 잘못을 부인했다.
뿐만 아니라 사전 고지를 하지 않은 이유에 대해 '마일리지를 포인트로 전환하는 것은 한시적인 프로모션이었기 때문에 사전 고지를 알릴 의무가 없다'는 주장을 펼쳤다.
성난 소비자들은 삼성카드의 부가 혜택 변경에 문제를 제기하며 금융감독위원회(이하 금감원)에 민원을 제기했다.
그러자 삼성카드는 해당 혜택은 특별행사였다고 발뺌을 했다.
이에 금감원은 삼성카드에 해당 카드가 특별행사였음을 증명할 자료(안내장과 판촉물 등)를 제시할 것을 요구했으나 삼성카드 측에서 증거물을 제출하지 못한 것으로 알려진다.
삼성카드 관계자는 일부 매체를 통해 ""해당 상품을 설계한 인력이 모두 퇴사해서 히스토리를 증명할 사람이 없다""며 해명했다.
금감원의 조사가 계속되자 삼성카드는 결국 줄였던 포인트 전환 비율을 다시 복구시킨 것으로 전해진다.
하지만 충분한 사전 고지를 했다는 카드사들의 무책임한 발언이 오히려 '믿고 해당 카드를 사용한 소비자들을 우롱한 것'이라는 논란을 키웠다.
의정부시 상하수도요금, '신용카드 자동이체' 가능
http://www.gukjenews.com/news/articleView.html?idxno=479435
‘신용카드의 모든 것’, 한국모바일넷 ‘카드나라’ 서비스 선보여   [유통·소비자]
http://nvp.co.kr/gn_bbs/board.php?bo_table=bgroup1_13&wr_id=983
롯데, 베트남 1위 은행과 엘포인트 멤버십 확대
http://media.daum.net/economic/consumer/newsview?newsid=20160512152005162
http://www.lottemembers.co.id/index.tran
中유니온페이 ""신용카드 돈세탁 기승..방지책 계속 강화""
http://media.daum.net/foreign/others/newsview?newsid=20160512122144254
신한카드, 요우커 카드시장 공략...中은련카드 전표매입 관심
http://www.newspim.com/news/view/20160511000336
현재 은련카드는 온라인의 경우 롯데카드, KB국민카드, 삼성카드, BC카드 등 다수와 계약을 맺고 있다. 오프라인은 2005년부터 BC카드와 단독으로 계약한 상태다.
현재 은련카드 전표매입업무 복수사업자 선정에 가장 관심을 보이는 곳은 국내 시장점유율 1위인 신한카드다. 카드업계에 따르면 신한카드는 그동안 은련카드와의 협업에 꾸준한 관심을 표명해왔다.
한 카드사 관게자는 “국내 중국인들의 유입이 많이 늘었고, 은련카드 결제도 그만큼 늘었다”며 “이번 전표매입업무 복수사업자 선정은 은련카드와 다양한 프로모션 등을 진행할 수 있고, 매입업무를 통한 수입도 기대할 수 있어 일석이조”라고 말했다.
돈은 카카오가 벌고 데이터 비용은 소비자가 부담
http://www.ezyeconomy.com/news/articleView.html?idxno=59552
카카오 알림톡은 기존에 기업이 소비자에게 정보를 보낼 때 사용했던 문자서비스 SMS(Short Messaging Service)와 장문의 문자서비스인 MMS(Multimedia Messaging Service)의 대안으로 출시됐다.
소비자 입장에서 카카오톡 인증마크와 기업로고가 표시되어 주문 정보 등이 발송되기 때문에 스팸 문자의 위험에서 자유롭다. 기업의 입장에서도 고객들에게 정보를 제공하기 위해 SMS나 MMS에 해당하는 문자메시지 사용요금을 줄일 수 있었다. 카카오 알림톡 전송 비용이 최대 90% 저렴하기 때문이다.
카카오톡의 데이터 소모량은 텍스트 위주의 간단한 채팅이나 웹문서만 보았다면 극히 소량만이 사용된다. 다만 카카오톡에서 영상이나 움직이는 사진 등을 보았다면 데이터 소모량이 커진다. 예를 들어 카카오톡이나 인터넷으로 10MB 영상을 10개를 보기 위해 다운받았다면 100MB를 소모 하는 방식이다.
또한 와이파이 공간 내에서 사용하는 건 데이터 사용에 포함되지 않으므로 무엇을 하던 데이터 사용량에서 차감되지 않는다.
카카오 알림톡도 동일하다. 다만 기업형 정보 메시지이기 때문에 일반 카카오톡 사용요금보다는 비싼 편이다. 카카오 알림톡으로 소비자가 요청한 택배 물건을 받기 위한 정보를 받으면 내용을 수신하기 위해 데이터가 소모되는 것도 사실이다.
그런데 카카오 알림톡 같은 경우에는 발신자와 수신자 둘 다 데이터를 이용 한 것으로 간주하기 때문에 텍스트의 숫자나 사진의 용량에 따라 데이터 사용이 발생되는 문제가 생긴다.
과거 이동통신사 주도의 SMS와 같은 기업형 문자메시지는 발신자만 문자메시지 사용료가 부과되기 때문에 문자를 확인해도 소비자의 데이터가 소모될 일이 없었던 과는 다르다.
대중교통·주유소·커피점 할인 최강 신용카드는?
http://media.daum.net/economic/finance/newsview?newsid=20160511165453199
2030세대 젊은층이 카드 추천 서비스를 통해
가장 많이 발급을 신청한 카드는 KB국민카드의 '파인테크'(FINETECH)
였다. 이 카드는 스타벅스 30~50% 청구 할인, CGV 3000~5000원 즉시 할인 등 문화·생활 분야에 혜택이 집중돼 젊은층이 많이 찾는 것으로 보인다.
하나카드의 '2X알파카드'는 젊은층에서 인기가 많은 카드 2위를 차지
했다. 이 카드는 발급 받은지 6개월이 지나면 기본 할인과 포인트 적립 혜택이 두 배로 늘어난다.
젊은층이 선호하는",7556,직장인 부업 인증,https://www.ppomppu.co.kr/zboard/view.php?id=money&no=225892,ppomppu,5/14일 몇 가지 기사내용 발췌...3
,"갑자기 게시판이 시끄럽네요...
전 신광슈퍼님 추천해주신 주식 종목으로 수익 보고 있습니다.
정말 감사합니다.
신광슈퍼님처럼 근거 있는 추천과 사후 코멘트까지 해주시는 분이 얼마나 있나요?
그리고 종목 추천을 안하면, 증포 게시판이 무슨 의미가 있을까 생각합니다..
근거 있는 추천 종목이거나, 약팔이처럼 종목만 툭 던지거나 전 하루에 한두번 여기 게시판 들어와서
다른 분들이 추천하거나 언급하신 종목은 잠시라도 찾아봅니다.
저같이 부업으로 주식 하는 직장인들에게는 이슈가 되는 종목 자체를 찾기가 힘들기 때문에
큰 도움이 됩니다.",297,직장인 부업 인증,https://www.ppomppu.co.kr/zboard/view.php?id=stock&no=88100,ppomppu,소소한 수익인증..신광슈퍼님 감사합니다.13
,"안녕하세요 주식을 부업 삼아 틈틈히 하고 있는 30대 직장인입니다.
주식 투자 스타일은 저평가 우량주를 위주로 중장기 매매 80%
테마주 위주의 단타나 스윙매매 20% 비중으로 포트 운영하고 있습니다.
올해는 현재까지는 운이 좋은 평이라서 수익이 좀 났네요..
물론 더 대박이 날 수 있었던 기회도 있었지만 몇번 날려 먹어서 아쉬움이 남긴하지만...
남은 2014년에도 상반기와 같이 좋은 수익이 났으면 좋겠네요..",232,직장인 부업 인증,https://www.ppomppu.co.kr/zboard/view.php?id=stock&no=79911,ppomppu,2014년 현재까지 수익인증합니다38
,"2023년 8월 24일 (목)
<주요이슈점검>
* 뉴욕증시, 8/23(현지시간) 엔비디아 실적 기대감 속 대형 기술주 강세 등에 상승… 다우 +184.15(+0.54%) 34,472.98, 나스닥 +215.16(+1.59%) 13,721.03, S&P500 4,436.01(+1.10%), 필라델피아반도체 3,602.01(+2.11%)
* 국제유가($,배럴), 휘발유 재고 증가 등에 하락... WTI -0.75(-0.94%) 78.89, 브렌트유 -0.98(-1.17%) 83.05
* 국제금($,온스), 美 국채 금리 하락 등에 상승... Gold +22.10(+1.15%) 1,948.10
* 달러 index, 美 PMI 지표 둔화 등에 하락... -0.20(-0.20%) 103.36
* 역외환율(원/달러), -8.97(-0.67%) 1,328.07
* 유럽증시, 영국(+0.68%), 독일(+0.15%), 프랑스(+0.08%)
* 미 8월 제조업황 위축세 지속…서비스는 6개월만 최저
* 미 7월 신규 주택판매 4.4% 증갉월가 예상 상회
* 불러드 ""더 강한 성장으로 더 높은 금리 필요할 수 있어""
* 엔비디아, 2분기 순익·매출 예상치 큰 폭 상회…주가 8%↑
* 찰스슈왑 '잭슨홀, 중앙은행 정책 다이버전스 보여줄 것'
* 美, mRNA 이용 암 백신에 투자…바이든 ""암 치료 쉬운 질병으로""
* 유로존 8월 PMI 33개월래 최저…서비스업으로 부진 확산
* 독일 합성 PMI 2020년 5월 이후 최저…유로화 하락 급전환
* 日 장기금리, 이틀째 연고점 돌파…BOJ 매입 확대 보류
* CA ""日 10년물 금리 적정치는 0.61%""…1% 시나리오는
* 4개월 쉬고 금리인상 관측…통화 약세에 재점화된 RBA 긴축
* 대부분 지역에 강한 비…시간당 30~60㎜
[기업/산업]
* 폴란드, 차세대 한국형 원전 도입 위한 절차 개시
* 닛케이 ""美 대중 반도체 규제, 한국·대만기업 유예 연장 방침""
* 삼성전자도 20조 쟁였다…위기 체감 기업들, 투자 줄이고 몸 사리기
* 현대차, 中충칭공장 매각 착수…창저우도 연내 가동 중단 계획
* 현대·기아차, IRA에도 상반기 美전기차 점유율 '2위'…수익성은?
* 상장 앞둔 두산로보틱스, 증권신고서 제출…시총 1.3조 이상 목표
* LG화학, IT필름 철수…청주·오창 공장 판다
* K디스플레이 바닥탈출 끝 보인다
* LGD ""고급차 디스플레이…3년 내 점유율 50% 돌파""
* 한화오션 2조원 증자…""방산·해양 대대적 투자""
* 농심기획 팔린다…""이노션과 협상 중""
* 23년 묵은 '금융지주법' 대수술 나선다
* '주인없는 지주사' 최고경영자 독주 자기사람 심어 '장기집권 플랜' 가동
* 강성부 ""행동주의펀드에 한국은 '물 반 고기 반'…해외펀드와 협력도""
* 종목추천 No! 구독 후 종목발견 Yes! 시장 흐름이 보이는 인포스탁 모바일주식신문 → 가입
* 태광 ""롯데홈쇼핑 사옥 매입 반대""
* LG이노텍 'RE100 달성' 속도…SK E&S서 재생에너지 구매
* 삼성重, 탈중국 가속화 中 닝보공장 추가 청산
* ""듣고 말하기 척척"" 100개국어 마스터AI 등장
* B2B 힘주는 LG, 체질개선 성과 '빵빵'
* '경제의 혈관' 만드는 LS전선, 집도의는 LS마린솔루션
* 클라우드 최적화 반도체 만든다
* 삼성, VM웨어와 메모리 동맹…글로벌 AI 기업 잡는다
* 1위 대부업 러시앤캐시 대출 넘겨받은 OK저축銀, 연체율 외려 낮아졌다
* 에코프로, 양극재 글로벌 3각 체제 구축
* ""5G 한달 최저요금 3만원대로 확 낮출것""
* SK바팜 ""2029년 美매출 1조 시대 열겠다""
* ""진짜 양파가 배송됐어요"" 반응 폭발…요즘 뜨는 게임 봤더니
* 방망이 짧게 쥔 개미들…초단기채로 몰려갔네
* 양자 얽힘현상 찍었더니 '태극무늬'갉
* SKT '멀티 언어모델'…맞춤형 생성 AI 제공
* 완성차 질주엡부품사도 '실적 홈런'
* 물이 전해액…불 안나는 '수계형 배터리'
* 조광페인트, 2차전지 시장 공략
* 美 IRA·대만 수혜…SK오션플랜트 다시 뛰나
* ""CGV 유증 외면"" 비판엡대주주 몫 늘린다
* 현대엘리 겨냥 KCGI ""쉰들러와 연대 가능""
* 포스코DX 결국 짐 싼다…코스피 이전 상장 추진
* '3조 대어' 서울보증보험 코스피 뜬다
* 삼성전기·대덕전자…AI '찐' 수혜주 관심
* 美백화정스포츠용품점 도난·소비 둔화에 '울상'
* '빚투' 20조 넘었다… 증권가, 맥신·2차전지 등 테마주 빚투 '중단'
* 中 2차전지 소재 '룽바이' 韓상장 추진
* ""더는 못 버텨"" 개미들 눈물의 손절매…'차이나 펀드런' 공포
* 신작 영상 호평에도…펄어비스 주가 '급락'
* 위기의 양극재? 판가 부진에 잇따른 증설까지…""일희일비 안 해""
* '-30%' 바닥 가까워졌을까...반등 노리는 K-리츠 ETF
* 금감원, KB국민銀 압수수색 미공개 정보로 부당이득 혐의
* 미용의료기기, 주가도 리프팅
* 우회상장 택한 삼프로TV…앞서 입성한 캐리소프트 주가는?
[경제/증시/부동산]
* '반도체 한파' 기업체감 경기 6개월 만에 최저
* 단기외채 비중 24% … IMF외환위기 이후 최저
* '노후 막막' 국민연금 손댄다 조기 수급자 2년뒤 100만명
* 코스닥, 게임주 급락 속 1.17%↓…외국인·기관 동반 매도
* 고용 찬바람…""하반기 35% 감축""
* 내년 예산 초점도 '허리띠 졸라 매기'
* 매일 2회, 07시 18시에 전송되는 인포스탁 모바일주식신문!! → 가입
* 내년 상장사 법인세 40% 줄 듯
* 회사채 금리 오르자 지난달 발행 34%↓
* 상가 재건축도 신탁방식 첫 도입
* 전국 중개업소 절반 ""하반기 집값 변화 없을 것""
* 공공주택 '다자녀 특공', 아이 둘만 있어도 가능
* ""30년마다 재건축 왜해?""…삼성 래미안의 해법
* 동부화물터미널 39층 복합단지로
[정치/사회/국내 기타]
* 협치 사라진 국회, 여야 공동발의 '실종'
* 방방곡곡에 SOC 예산 … 내수진작·총선표심 '두마리 토끼'
* 후쿠시마 오염수 오늘 방류 개시…일본언론 '오후 1시' 예상
* 이균용 대법원장 후보자 ""기울어진 사법신뢰·재판권위 회복할것""
* 북한 ""정찰위성 발사 ",3958,재택 부업 수익,https://www.ppomppu.co.kr/zboard/view.php?id=stock&no=252818,ppomppu,개장 전 주요 이슈 점검0
,"안녕하세요 류인규 변호사입니다.
신종사기 시리즈 5편입니다.
인스타에서 많이 보이는 유형인데요. 다들 한번 쯤 보셨을 겁니다.
도움이 되셨으면 좋겠습니다.
(블로그에 다른 글들도 있으니, 시간 되시면 블로그
https://blog.naver.com/ryuingyu
도 한번 와 주시면 감사하겠습니다^^)
=====
고수익 부업 사기는 1편과 2편으로 나누어 알려드립니다. 이번엔 2편입니다.
고수익 부업 사기에는
보이스피싱형
과
다단계형
이 있다고 말씀드렸었죠? 이번에는 다단계형에 대해 알아보겠습니다.
다단계형 역시 인스타그램 등의 SNS에서 주부들을 주 타겟으로 합니다. 평범한 OO맘의 일상 사진들을 올리며 친근감을 형성한 뒤 ""짬짬히 부업해서 이번달도 500만원 벌었어요~""같은 식의 홍보를 하는 것이지요.
그런데 다단계형은 1편에서 알려드린
보이스피싱형과는 달리 실제 인물이 운영하는 인스타그램 계정
입니다. 보이스피싱형 사기 계정은 가짜 이름과 도용된 사진들로 급조한 계정이기 때문에 자세히 보면 뭔가 이상하다는 점을 알 수 있지만, 다단계형 부업사기는 실제로
개인이 직접 자기 이름을 걸고 자기 사진을 올리는 계정이기 때문에 방심하기 쉽습니다
.
사기꾼이 자기 이름을 걸고, 자기 사진을 올리면서 사기를 친다구요?
네 맞습니다. 뭔가 이상하지요? 지금부터 자세히 알려드리겠습니다.
이런 다단계형 부업사기 계정들에는 몇가지 특징이 있습니다. ""
멘토와 멘티
"", ""또는 ""
스승과 제자
""같은 표현이 등장합니다. ""
후기 알바
"", ""
댓글 알바
"". ""
영수증 부업
""같은 단어들도 등장합니다. 종종 ""
쇼핑몰 운영
""을 내세우는 곳도 있습니다.
크게 두가지로 나뉘는데요.
첫번째
는 특정 음식점이나 매장의 홍보 글에 댓글을 달거나, 특정 매장에 대한 영수증 후기를 올리면 건당 천원 정도 대가를 준다는 유형입니다.
그런데 댓글 알바나, 영수증 후기 1건당 천원씩 받아서는 인스타그램에 나온 것처럼 한달에 몇백만원씩 돈을 버는 것이 불가능합니다. 영수증 후기를 하루에 10개 올려야 만원인데, 한달 내내 이것만 해도 30만원입니다. 심지어 업체별로 하루에 올릴 수 있는 댓글이나 후기의 갯수를 제한해 두기 때문에 한달에 몇 만원 버는 것도 쉽지 않습니다.
두번째
는 본사에서 쇼핑몰 사이트를 만들어 주고 물건 배송까지 직접 해 줄테니 그냥 인스타그램으로 열심히 홍보만 하면 된다고 하는 유형입니다.
이것도 돈을 벌기 어렵기는 마찬가지입니다. 애초에 물건 자체가 경쟁력이 없고, 생 초짜가 아무리 열심히 홍보해 봤자 판매가 제대로 될리 없습니다.
그래도 조금이라도 돈을 벌 수는 있는거 아니냐구요?
그렇지 않습니다. 부업을 시작할때 업체는 회원 가입비를 받는데요.
적게는 몇십만원에서 많게는 백만원 가까이 가입비를 받습니다.
그런데 업체에서 가르쳐준 대로 부업만 해서는 가입비 만큼도 돈을 벌기 어렵습니다.
오히려 적자
인 겁니다.
그럼 인스타에서 한달에 500만원 벌었다는건 뭐냐구요? 바로
회원모집 수당
입니다. 업체는 회원들이
다른 회원을 모집해 오면 거기서 30%~50%까지 모집수당
을 줍니다. 회원모집을 하지 않고 부업만 해서는 수익을 내기가 어렵기 때문에 회원모집에 열을 올리게 되는 구조입니다. 그렇기 때문에 인스타그램에 화려한 일상이나 현금 다발을 인증하면서 회원 모집을 위한 미끼를 던지는 겁니다.
이해는 했는데 이게 왜 사기냐구요?
회원 모집을 위해 자신의 수익이나 일상을 과장하기 때문입니다. ""재택 영수증 알바로 이번달도 500만원 벌었어요~""라고 올릴 것이 아니라
""이번달도 다단계 회원모집 수당으로 30만원 벌었어요~""라고 올려야 정직한 것
인데, 부업 알바 홍보하는 인스타그램 계정 중에서 이렇게 올린 사람은 단 한명도 보지 못했습니다.
다들 잘 아시다시피
다단계를 해서 돈을 벌 수 있는 사람은 극히 소수
입니다. 다단계 식으로 유료 회원을 모집해 와야지 수익을 낼 수 있는 구조라는 것을 솔직하게 오픈한다면 백만원씩 가입비를 내고 가입할 사람이 몇이나 될까요?
이게 바로 인스타그램에서 많이 보이는 부업 홍보 계정들의 실체입니다. 여러분은 속지 않으시기 바랍니다.",2019,재택 부업 수익,https://www.ppomppu.co.kr/zboard/view.php?id=freeboard&no=7302627,ppomppu,요즘 유행하는 사기 (5) - 고수익부업사기 2편0
,"사회초년생으로 일하는데 업체쪽 미팅할 때 대용량 소스 파일을 띄울일이 많아 구매했습니다. 미팅이 많은건 아닌데 미팅갈때 마다 다른 분들은 노트북들고 다니시는데 혼자 노트를 들고 다니는게 눈치보이더라고요.
처음엔 굳이 필요할까 싶어 망설였습니다. 그래도 다들 있으니 하나쯤 있어야겠다 생각해 쿠팡이랑 후기글 틈틈히 살펴보면서 검색해 보고 구매한 제품입니다.
물론 사무용 노트북을 구매한다는 핑계로 구매한 제품이지만 딱 사무용으로만 사용할거였으면 이 제품을 구매하지 않았을겁니다. 더 가벼운 제품이 많기 때문이죠.
하지만 저는 부업으로 유튭을 시작하기도 해서 가끔 프리미어프로, 포토샵, 에펙도 사용할 용도로 전반적으로 사용할 수 있는 노트북을 구매했습니다.
아 물론 기분 전환용으로 배그, 롤, 피파도 가끔할 생각으로 구매했습니다.
이제 혼자 멀뚱멀뚱 서있지 않아도 되고 스을쩍 화면 훔쳐볼 필요 없이 제 노트북으로 확인하면 될거 같아 벌써 기분이가 좋네요
구매하기에 앞써 여기저기 후기를 남겨주시는 분들 덕분에 참고해서 구매를 잘 할 수 있었던거 같습니다.  은혜는 받았으면 베풀줄도 알아야한다고 배워 글 재주는 없지만 그래도 누군가에게 도움이 될 수 있다는 생각에 한번 작성해봤습니다.
우선 박스 크기가 진짜 작습니다. 제가 16인치를 구매했는데 무슨 14인치가 잘못온줄 알았어요.
내부를 열어보면 제품설명서, 보증서가 들어있고 어댑터와 충전기도 들어있습니다.
아 물론 노트북도 잘 들어있습니다.제가 구매한 어로스 노트북! 검색해보면 다 나오지만! 가격이 LOQ보다 비싸긴 하지만 마감이라던가 설계등에서 많이 차이가 난다고 하더라고요.
기왕 비싼돈 주고 사는거 기왕이면 좋은제품 산다는 생각 + 자주 들어본 HP의 오멘이나 레노버의 리전도 후보였지만 아무래도 메인보드나 그래픽카드를 제작하고 있는 기가바이트보다 제품이 좋지 않을까 걱정이 되기도 했고 컴퓨터 부품을 잘만들면 노트북도 잘 만들지 않을까 하는 단순한 생각에 기가바이트 어로스로 제품을 구매했습니다.
다른 제품이 안좋다는건 아니고 그냥 제 생각입니다. 게다가 AS가 보통 1년인데 2년이라는 점도 마음에 들었습니다.
제품을 보면 새우모양의 어로스가 눈에 보입니다. 로고가 좀 독특하게 되어있는데 빛에 따라색이 달라집니다. 처음엔 좀 신기했는데 뭐 그냥 그렇더라고요. 로고 말고도 곳곳에 이런 재질로 되어있어요. 아는 사람 눈에만 보이는 멋스러움인듯하네요
AORUS 비콘이라고 제품 뒤에보면 RGB바랑 AORUS 문구가 적혀있습니다. 집에서 불끄고 게임하면 좀 이쁠거 같습니다.
제품을 열어보면 디스플레이는 이렇게 생겼습니다.
와 근데 진짜 베젤이 얇더라고요. 유튜브나 몇몇 후기를 봐서 알고 있었는데 실제로 보는건 또 다른 느낌인거 같습니다. 몇 년 후면 이제 더 얇아지겠죠?
Your browser does not support the video tag.
노트북 힌지가 말썽이라는 글도 심심치 않게 보였는데 힌지가 튼튼하니 좋습니다. 역시 하나하나 세심하게 신경쓴 모습입니다.
키보드는 텐키가 없이 구성되어있어 좋습니다. 물론 텐키가 있으면 숫자를 입력할 때 편하긴한데 노트북은 그렇게 되면 키보드가 너무 좁아져 오타율이 많을 수 밖에 없습니다. 차라리 텐키가 없는게 낫다는게 제 생각입니다.
이건 좀 호불호가 강할거 같은데 게임에서 자주 쓰는 QWERASD키가 투명 키캡으로 되어 있습니다.
설정한 빛에 따라 보이는 모습이 이쁘긴하네요
Dolby atmos 스피커라 음질도 좋고! 아까 말했듯 베젤도 얇아 몰입감도 좋습니다. 영화관 갈 필요 없을듯하네요.
포트도 여러개가 잘 구비되어있습니다.
새제품은 언제든 기분이 좋은거 같습니다. 또 며칠 지나면 다른 제품에 눈독 들일 수 있겠지만 그래도 지금 제일 좋은점은 이제 회의 갈 때 혼자 쭈뻣쭈뻣 거리지 않아도 된다는 점이네요.",1871,부업 1년 후기,https://www.ppomppu.co.kr/zboard/view.php?id=review2&no=66295,ppomppu,업무용으로 구매한 RTX 4070 탑재한 어로스 16X ASG-53KR4
,"또 오랜만에 글쓰네요 이제 거의 투자 만 1년에 접어드네요...
시작은 2~3천으로 시작해서 거의 17년 연말에는 1억을 훨씬넘겼었는데
요즘은 최대한 투자금을 다이어트해서 상환족족 빼고 있습니다.
이번 글은 조금 간단하게 쓰고자합니다. 지난글에도 꾸준한 경고가 있지만 이번글에서도 역시 주로 위험성에 대해 말씀드릴꺼라서요..
제글을 처음보시는분들은 제가 과거에쓴 P2P 관련글인
""P2P 투자""중 입니다. 질문받습니다.
http://www.ppomppu.co.kr/zboard/view.php?id=money&page=1&divpage=50&search_type=name&keyword=_logan_&no=261727
""P2P 투자중입니다."" 후기
http://www.ppomppu.co.kr/zboard/view.php?id=money&page=1&divpage=50&search_type=name&keyword=_logan_&no=270973
2개의 글을 먼저 읽고 오시기를 바랍니다.
그리고 추가 정보를 얻고자 하시는분들은 네이버에 P2P관련 큰카페가 몇군데 있으니 가입하고 충분히 검토하고 하셔야합니다.
이번글은 부실/연체 관리 및 위험성부분에 대해서 이야기를 하고자합니다. 제가 얼마를 투자했고 얼마가 연체중이며, 얼마나 희망이없는지는
일반 개인이기에 (개인투자는 한 P2P대부법인에 천만원 제한이 되어있습니다.) 사이트를 10개 넘게 돌리고 있어서 계산이 매우 힘들어
그냥 현재 1년 돌려서 본전쯤 될꺼같다 예상하시면 편합니다.
일단 저도 현재 연체중인 것들은 PF가 대부분 이기에 연체 당해도 싸다 싶을정도로 좀 불안한 것들이 많습니다.
하지만 그것들을 들어감에도 나름에 이유가 있었고,
특히 초기 포트폴리오를 구성할때 나름 주식도 펀드도 다많이 했었어서인지.... 하아 저/중/고 위험군으로 나눠서 부실이나도
적당히 수익을 얻을수 있도록 구성하자였습니다.
저위험군/중위험군/고위험군을(1억이라보면 4천/3천/3천)
4 : 3 : 3 정도의 비율로 하자라고 생각해서 투자한것이기 때문에 당시에도 물론 위험하다는 것을 인지하였지만 투자하였죠...
근데 이것의 결론을 말씀드리면 제가 평가한대로 저위험군은 매우 탄탄하게 이자/원금이 잘상환되며 조기상환도 잘이뤄집니다.
(주로 탄탄한 P2P법인의 이자 15%미만의 아파트담보대출 및 NPL/배당금 위주)
중위험군은 연체가 있다하더라도 결국에는 상환이 되는 적당한 놈들
(중견규모 이상의 P2P법인에서 진행한 준공되기 직전의 PF상품 or 신생업체의 아파트담보대출/NPL 과 같은 상품들)
고위험군은 제 예상으론 반은 연체 / 반은 부실생각하고 부실중 일부는 그냥 없어지리라 생각하고 투자했습니다.
결론은 고위험군은 하나도 남김없이 연체가 걸렸습니다. 정말 예외가 없더군요. 몇개월 후에 상환이 되더라고 일단 고위험군으로
분류해서 들어간 모든 상품은 연체가 걸렸습니다.
지금 현재 제가 들고있는 연체 채권만.. ㅇㅋ에 1500 ㅁㅇ에 1500 기타 1000 도합 4천쯤 됩니다.
이중 기타로 분류된것에 한 300 들가 있는데 제 예상으론 아마 업체가 도산할꺼 같습니다.
뭐 사장이 뻥치고 있긴한데 시간문제인듯 H사라고만 하겠습니다.
(제가 언제부턴가 업체에 연체이자 20% 넘게 붙고있는거 너네 다 먹으라고 내가 지금 어머님 수술이 급해서 그냥 원금만 니네 자금있으면
주면안되냐 라고 전화를 엄청합니닼 이제 대충 ㅇㅋ이나 ㅁㅇ H사 목소리는 대충누가받으면 알겠습니다.)
부실에 무서운점은 투자금액 전액이 손실이 되어버릴수 있기때문입니다.
이전 글이나 그 밑에 전문적으로 돌리시는 분들이 가장중시하는게 무엇이냐하면.... 업체의 추심능력입니다.
추심 간단히 말하면 빌려준 대금을 차주가 갚지않아 강제로 집행해서 가져오는거죠....
자 여기서부터는 기존에 투자를 제대로 하시는분들이나 대충 기본적인 권리분석이 되셔야 알아들을수 있을꺼에요
자세한 설명은 네이버 찾아보면 다 나오니 참고하시고..
P2P업체는 P2P 업체라고 하지만 그냥 대부업체입니다. 즉 여러분이 아시는 사채업을 하는 곳이죠
사채업의 기본법정이율은 연 24% 이하입니다. 근데 이렇게 주고 빌리는 사람들은 정말 끝에 끝까지 가신거죠... 상식적으로..?
그걸 염두해두셔야 됩니다. 보통 신용이 안좋은분들이더라도 집을 소유하고 있다면 대부업체에서는 담보가 확실하기에 대출이 쉽게 나가요
여러분들이 이자 15% 이상 받는 아파트 후순위 P2P의 경우 보통 업체가 아마 연20% 이상은 가져갑니다.
근데 아파트주인이 연20%나 되는 이자를 내면서 돈을 빌린다.... 시세보다 싸게만 내놔도 수도권의 아파트는 금방나가는데
그걸 고이율로 사채를 쓴다는거 자체가 상당히 신용상으로 사실 불안한 겁니다.
여튼 이런사람들이 그냥 ㅌㄱㄷ나 ㅌㄹ같은 P2P 큰손들에게 대출하기 탭을눌러서 대출하겠습니까?
뭐 상위 탑급 업체는 그렇게 들어오는 건도 있긴하겠죠  근데 P2P 하위업체들은 아마 대출중개인에게 받는걸꺼에요...
대출중개인은 무엇일까요 ?
공인중개사는 부동산을 사고팔때 중개해주는 사람입니다.
대출중개인은 제가 10억짜리 아파트로 대출을 하고싶을때 대출중개인이 저를 대부업체에 소개시켜주는겁니다.
그리고 소개비로 중개수수료를 받아갑니다.
보통 아마도...법정수수료가 3.5%인가 될꺼에요(아마도...찾아보시면나올듯)
즉 5억짜리 아파트에 2억 대부업체에 대출을 하면... 700만원 리베이트 가져갈꺼에요(아마도...?)
P2P업체가 자주자주 상품을올리기 위해선 이렇게 물어오는 건들이 있을꺼에요 그럼 중개수수료도 줘야지 이자도 줘야지 직원 월급도 줘야지
사무실 임대료도 내야지... 그냥 일반 회사라고 생각해도 겁나 수익률이 걱정되죠..?
자 이런상황에서 예전에 10초 이내로 상품이 마감되던 시절과 비교할때 요즘은 좋은물건도 마감이 매우 여유있죠...
하위 업체들은 마감되는데 몇일걸리기도 합니다.
P2P의 위험성이 대두되면서, ㅇㄹ, ㄷㅅ, ㄷㅎㅇㅇ 터졌죠... 근래에 ㅇㄴㄹㅊ 터졌죠...ㅇㄴㄹㅊ 대출미회수 300억입니다... 검찰조사들어가네요
줄줄이 터질꺼라고 봅니다. 제가 터졋다고 한곳은 진짜 업체가 터진겁니다...
이외에도 문제 업체가 ",5201,부업 1년 후기,https://www.ppomppu.co.kr/zboard/view.php?id=money&no=276729,ppomppu,"""P2P 투자중입니다""후기2    부제:탈출의 시기12"
,"2022년 11월 17일 (목)
오늘은 수능일로 인해 주식시장은 오전 10시~오후 4시 30분 까지 열립니다.
<장 시작 전 주요 이슈 점검>
* 뉴욕증시, 11/16(현지시간) 타깃 어닝 쇼크 등에 하락…
다우 33,553.83 (-0.12%),
나스닥 11,183.66 (-1.54%),
S&P500 3,958.79 (-0.83%),
필라델피아반도체 2,690.81 (-4.26%)
* 국제유가($,배럴), 지정학적 긴장 완화 등에 하락...
WTI 85.59 (-1.53%),
브렌트유 92.86 (-1.07%)
* 국제금($,온스), 지정학적 불안 지속 등에 소폭 하락... Gold 1,775.80 (-0.06%)
* 달러 index, 위험선호 심리 지속 등에 하락... 106.31 (-0.09%)
*역외환율(원/달러), 1,337.00 (+0.55%)
* 유럽증시, 영국(-0.25%), 독일(-1.00%), 프랑스(-0.52%)
* 美 10월 소매판매 전월비 1.3%↑…예상치 상회
* 美 10월 수입물가 전월보다 0.2%↓…4개월 연속 하락
* 美 10월 산업생산 전월比 0.1%↓…한 달 만에 감소세
* 美 9월 기업재고 전월比 0.4%↑…월가 예상치 하회
* 미 11월 주택시장지수 33…11개월 연속 하락
* 애틀랜타 연은, 4분기 GDP 전망치 4.4%로 상향
* 뉴욕 연은 총재 ""국채 시장 복원력 촉진 중요해""
* 캔자스시티 연은 총재 '연준 금리인상 중단하려면 경기 둔화돼야""
* 샌프란시스코 연은 총재 ""기준금리 4.75%~5.25%까지 오를 듯""
* EIA, 주간 원유재고 540만 배럴 감소…WTI 가격 2%↓
* M&G ""정점론에도 우려되는 인플레이션 4가지 징후는…. ""
* 마이크론, 내년 반도체 시장 악화 전망에 20% 감산
* “타깃발 연휴소비 둔화 우려”…“금리결정에 금융리스크 고려 안 돼”
* 美 화학위원회 ""철도파업, 인플레에 악영향…최대 1천600억弗 피해""
* FTX 여파에 제네시스 트레이딩 대출프로그램도 출금 일시중단
* 씨타델 ""금리 인상을 멈추는 것은 Fed의 가장 큰 실수가 될 것""
* 英 10월 CPI 11.1%↑…41년 만에 최고치
* 비철금속, 中 봉쇄 종식 기대에 반등…인플레 자극할까
* '수능일' 전국 대부분 아침 0~5도…한파 없지만 쌀쌀해
[기업/산업]
* 尹-빈 살만 17일 만난다…투자협약만 100조원
* 이재용, 17일 빈 살만 왕세자와 회동…법원에 불출석 사유서
* 삼성·포스코, 네옴시티에 '모듈러 1만가구'…40억弗 수주 유력
* 빈살만, 韓기업과 21개 통큰 신사업
* '네옴시티'로 시동 거는 제2중동붐…""19억 이슬람 시장 내다본다""
* 分단위로 재계총수 만나는 빈살만 … 韓·사우디 '수소동맹' 시동
* 빈살만 방한 맞춰 … 에쓰오일 '샤힌 프로젝트' 닻 올렸다
* ""줄 세워 주문받던 시기 끝났다""…세계 1위마저 '발칵'
* ""1년에 1개씩 라인 확장"" 삼성 반도체 공격 투자
* 삼성發 반도체 치킨게임 기우… 낸드 생산량 점차 줄인다
* 나이스신평, 롯데케미칼 하향검토 대상 해제…등급전망 '부정적'
* 기아 中법인 또 '완전자본잠식'
* ""현금 확보""… 현대百그룹 렌탈사업 접는다
* 가스공사, 내달 1兆 신종자본증권 발행 추진
* 주금공 MBS 복귀전 완판…'AAA' 공사채 온기 지속
* ""사모펀드 다 망한다"" 49.5% 세금 폭탄...금투세 '날벼락'
* 코스피 상장사 3분기 영업익 30.35%↓ 실적둔화 본격화
* 싱가포르서 4.3조 수주한 GS건설…새 먹거리 더 찾는다
* 1L에 2800원대…오늘부터 우유 가격 오른다
* '불혹' 한세실업…年매출 '2조 클럽' 보인다
* 대한항공-아시아나 기업결합…美 경쟁당국 ""추가심사 진행""
* ""해외서 韓 원전기술 관심 커…두산, 생태계 활성화 힘써야""
* 옥수수서 플라스틱 뽑는다…삼양 '화이트바이오 공장'
* ""이 집 로봇 손맛 좋네""…돈 몰리는 K푸드테크
* 엘앤씨 ""연골치료제 내년 300억 매출""
* 현대글로비스, 말레이시아 진출…라이온그룹과 스마트물류 협약
* 내년에도 실손보험료 10%이상 오른다
* 토스로 간 아마존 부사장 ""고객 편리 높이는데 최선""
* 한화생명, 印尼 6위 그룹과 사업 협력
* '원전 부활' 팔 걷은 박정원 … 창원 달려갔다
*제네시스 최초 오픈카…전기차 콘셉트 X 컨버터블 공개
* 그가 가는 곳이 삼성의 미래 슈퍼컴 개발자 만난 이재용
* LG화학 열분해유·에어로젤 공장 건립
* LIG넥스원, 한국형 아이언돔 개발한다
* SK지오센트릭, 亞 최대 열분해 공장 짓는다
* 中서 존재감 줄어든 현대차 시장점유율 1.2%로 추락
* 퀄컴, 갤럭시S23에 쓰일 모바일 칩 공개
* 대한전선, 319억원 규모 美 전력망 사업 따내
* 일본산 고집하던 중국도 반했다…세계가 놀란 한국 제품
* 터보윈, 사우디 시장 진출
* ""50% 파격 세일 준비했는데""…백화점 분위기 심상찮다
* CJ제일제당 '쌀가공 대표' 굳히기…비비고 죽→햇반 소프트밀 변경
* 이디야커피, 4년 만에 가격 인상 '가닥'
* '엔데믹'에 북적북적 … 되살아난 휴게소 푸드코트
* 美 32층 vs 韓 12층…선진국 수준으로 모듈러 규제 풀어야
* K모듈러 '우크라 재건'에 쓰이나
* 자금시장 혹한기엡CP·회사채 발행나서는 SK
* 유동성 줄자 '유니콘' 휘청 … 야놀자·토스 몸값 추락
* ""지금이 바닥""…美 채권 ETF에 뭉칫돈
* ""LG엔솔이 '차이나런' 대표 수혜주""…목표가 줄상향
* 증권사 보고서 없는 '숨은 진株'를 찾아라
* 금호타이어, 2000억 통상임금 소송 일부 패소
* '아!' 동학개미의 탄식…버핏은 왜 TSMC에 베팅했나
* 증시한파 직격탄 맞은 증권사…3분기 실적 반토막 났다
* 원숭이두창 세 번째 확진…녹십자엠에스 강세
* '2兆' 바이오노트 내달 상장 재추진
* 롯데케미칼, 일진머티리얼즈 인수금 확보 속도
* 中 제로코로나 완화 기대감에 화장품 ETF 한달새 21% 올라
* ""인력 줄여라""…알파벳도 감원 압박 받는다
* 스페이스X, 10억弗 자본조달 나선다
[경제/증시/부동산]
* 지정학적 위험 고조에 코스피 소폭 하락·환율 7.4원 상승
* 코스피200, 롯데제과",4393,퇴사 후 부업,https://www.ppomppu.co.kr/zboard/view.php?id=stock&no=237275,ppomppu,개장 전 주요 이슈 점검4
,"재테크 채널 중 가장 인기 있는, 80만 유튜버 신사임당이 전하는
돈 모으는 게 처음인 사람들을 위한 경제 독립 가이드
“부자가 될 확률을 높이고, 부자의 운을 끌어당겨라!”
경제 재테크 유튜브 채널 중 가장 신뢰받는 유튜버로 잘 알려져 있는 신사임당이 돈 모으는 게 처음인 사람, 내 사업을 하고 싶은 사람들을 위해 한국에서 돈 버는, 가장 현실적인 방법 공개한다. 이 책은 재테크 초보자가 돈 모으는 법부터 100만 원으로 스마트스토어 시작하는 법, 인맥 없는 사람이 사업하는 법, 멘탈 흔들리지 않는 마인드 관리법까지 평범한 사람들이 부의 길로 들어설 수 있도록 재테크 방법과 철학을 전한다.
신사임당의 월 수익 천만 원 만드는 법 공개
‘돈 버는 게 처음인 사람들을 위한’ 재테크 매뉴얼
“내 직원에게는 보여주고 싶지 않은 책!”
돈은 빨리 많이 벌고 싶지만 월급은 많지 않은 2030세대들. 여기 월 160만 원을 벌다 퇴사 후 5년 만에 월 1억원대 순이익을 달성한 사람이 있다.  새벽 5시에 출근하며 회사 일을 열심히 했지만 지하방에 살아야 했던 평범한 직장인이었던 저자는 부업을 시작해 돈을 모으기 시작했고, 종잣돈을 마련해 사업가의 길로 들어서게 되었다. 신사임당의 쇼핑몰 창업 노하우, 온라인쇼핑몰로 월급보다 많이 버는 법을 담은 유튜브 동영상은 ‘신사임당 따라하기’를 불러일으킬 만큼 수많은 화제를 불러일으켰다. 현재 신사임당 채널은 구독자들로부터 ‘나만 알고 싶은 채널’, ‘돈 주고 들어야 하는 강의’라는 평을 듣고 있다. 재테크 채널 중에서도 신사임당이 인기를 끄는 이유는 무엇일까? 신사임당이 직장인으로 살았을 때 힘들었던 현실, 퇴사를 준비하는 과정, 종잣돈을 마련한 방법, 사기당하지 않는 법, 부업으로 시작해 돈 모으는 법을 솔직하게 모두 공개했기 때문이다.
“평생 월급쟁이로 남을 것인가?
경제 자유주의자가 될 것인가?”
누구나 많은 수익을 올리는 내 사업을 하면서 매월 수익이 생기기를 원한다. 그러나 ‘자본금이 없어서’, ‘직장만큼 안전한 게 없어서’ 현실적으로 어렵다고 생각해 쉽게 포기하고 만다. 그러나 언제까지 돈 때문에 스트레스받고 힘들어할 것인가?
저자는 단돈 100만 원으로 스마트스토어를 시작해 내 사업을 키우는 법, 포기하고 싶을 때 행동, 추진력을 키우는 법, 온라인쇼핑몰을 키우는 핵심 노하우를 이 책에서 모두 공개한다. 실제 저자의 코칭을 받은 ‘창업 다마고찌’는 스마트스토어를 무일푼으로 시작해 8개월 만에 월 수익 1,000만 원 이상을 달성했다. 스마트스토어는 월급쟁이나 가정주부도 소자본 부업으로 시작할 수 있고 실패하더라도 다시 일어날 수 있어 리스크가 적다. 저자는 누구보다 월급쟁이의 애환을 잘 이해하고 있기에 이들을 위한 경제 독립 플랜을 정리해 소개한다. 부자되기를 꿈꾸는 모든 이들을 위한 ‘재테크의 나침반’ 같은 지침서로 손색이 없다.",1407,퇴사 후 부업,https://www.ppomppu.co.kr/zboard/view.php?id=book&no=9487,ppomppu,킵고잉 나는 월 천만 원을 벌기로 결심했다12
,"익명 죄송합니다.
전 사이트 닉네임 공통이라 특정이되거든요.
전 배달대행 합니다.
오토바이가 좋아서 시작했던 배달알바인데 어쩌다 보니 아직도 여기네요
배달일 시작할때만 해도 그깟걸로 밥벌이나 하냐 위험하고 몸상하고 그딴거 때려치라는 어른들만 많았는데
희안하게 올해 들어서 배달하면 한달에 얼마 버냐고 물으시는 분들만 많아졌어요.
그냥 얘가 밥이나 벌어먹고 살까? 하는 의구심에 물으시는 게 아니라
직접 해보고 싶으시다고 문의하는 분들이요.
그것도 주로 50대 이상 되시는 분들이네요.
보통은 심심풀이로 혹은 부업 삼아 라고 말꺼내시는 데
처자식 먹여살릴려면... 이라는 진중한 분들도 계십니다.
그래서 배달대행하면 얼마나 가져가는 지 아재들이 할만할지를 짧막하게 적어보려 합니다.
(사실 하지 않는 게 좋다는 말씀을 드리는 글입니다. 면대면에선 좋게 좋게 반대의견을 말하기 어렵거든요.)
일단, 저야 순수 월 400 정도 가져갑니다만, 저희 동네에서 탑클래스입니다.
제가 속한 업체에서도 일단 1,2위 하고 있고, 구역 전체로 따져도 저와 동등 혹은 더 많이 가져가는 분은 10명이 채 안되는 걸로 알고 있습니다.
제 관점에서 배달 대행이나 해볼까 하시는 분들께 권하지 않는 이유를 서술해보겠습니다.
1. 반응속도.
배달 대행이나 퀵의 시스템은
고객이 오더를 넣는다 -> 배달 시스템에 등록된다 -> 배달 기사들이 리스트 중 빠르게 처리할 수 있는 것을 접수한다
인데요.
퀵이야 배차까지 시간이 좀 있지만, 배달 대행은 1분, 1초가 급한것들입니다.
그래서 보통 배달대행 어플에 나타나는 리스트는 엥간히 밀리지 않는한 등록후 1초 내에 접수됩니다.
일감이 적은 11시~오후 5시 사이에는 손이 느리면 일도 못합니다.
근데 50대 이상 나이가 드시면.... 느리죠.....
일 하고 싶으셔도 못합니다.
일감이 많아져서 다소 밀리는 저녁시간이되면 좀 잡으실수 있습니다만,
멀고 묶어 가기 까다로운 돈 안되는 것들만 잡게 되십니다.
스마트폰 터치해서 일 잡는 것도 개개인의 능력이기때문에 관리자들도 무리하게 잡아두는 게 아니면 별 터치를 안합니다.
앞에 있는 애가 하루 15~20만원 찍는다고 해도 누구나 다 되는 것은 아닙니다.
2. 예의
저희 업체에도 50대 되신 아저씨 한분이 처음이지만 해보겠다고 오신 적이 있어요.
그리고 하루도 못채우고 퇴사하셨습니다.
물론 첫번째 이유는 상술한 일감 못잡아서 인데,
배달 대행에는 은근히 고등학생이 많고.... 애들은 담배를 피웁니다.
아저씨가 정의감이 넘치셨는지 사람은 예의를 갖춰야 한다고 생각하셨는지는 모르지만,
그 애들은 부모 말도 안들어서 하라는 공부 안하고 배달하고 있는 애들입니다.
이유야 어찌되었건 무모한 시도였고, 적응 못하실거 같다는 이유로 조용히 집으로 보내드리는 것으로 마무리되었습니다.
그런꼴 나는 못 본다!
라고 하시면 배달대행은 시도하지 않는 것이 정신건강에 이롭습니다.
3. 재투자
나이 드시고 오신 이유야 돈이겠죠....
돈 있고 오토바이 한번 타보고 싶으셨으면 두건 쓰고 할리데이비슨 동호회 가입하시거나 BMW 매장에 가셨을 거구요.
배달대행은 생각보다 오토바이에 많은 투자가 필요합니다.
빠른 배달을 위해 불법주행도 많이 일어나지만, 기본적으로 급가속, 급정지가 되야 합니다.
급가속 급정지가 잘 되려면 타이어, 브레이크, 구동계 등에 은근히 많은 돈이 투자됩니다.
지금같이 겨울에는 비싸더라도 윈터타이어를 껴야 안전하고 빠르게가 가능하구요
순정 브레이크 패드 보다는 브랜드 상급 패드 사용하는 게 급정지에 도움이 됩니다.
엔진오일도 주에 1번은 좋은 것으로 갈아주는 게 권장됩니다.
이런 소모품들이 순정보다 적게는 2배에서 3배 4배 비쌉니다.
투자한만큼 돈이 된다기 보다 투자한 만큼 안전에 도움이 되는 건데....
보통 그말씀 많이 하시더라구요... ""이걸로도 괜차너~ 타이어 이 상태면 2천은 더 써!""
그래서 날라가셔서 목뼈가 작살나고 손가락 잘리신거같아요.
차가 들어오는 게 보이셨으면 멈추시면 될것을...
타이어랑 패드는 좀 좋은거 쓰시래니까....
이해 안 되는 건 아닙니다.
회당 2만원 짜리 엔진오일 대신 5천원 짜리 광유 넣으면 애들 책 한권이라도 더 사줄수 있고
짝당 10만원짜리 타이어 대신 3만원 짜리 타이어 끼면 애들 1주일 동안 고기 반찬 해줄수 있었을 겁니다.
그럼 뭐하나요. 사고 한방에 다 끝나는데요....",2135,퇴사 후 부업,https://www.ppomppu.co.kr/zboard/view.php?id=soho&no=19857,ppomppu,경기가 진짜 안좋긴 안 좋은가봐요.3
,"본업도 컴퓨터 HW 개발 직군이지만... 부업으로 컴퓨터 수리하는 1인입니다.
타이어 뱅크 보면서 고질적인 서비스업의 바가지, 바꿔치기 등등이 만연한거 보면서...
뻘글 끄적입니다.
네이버 광고와, 모어플을 통해서 부업을 하고 있습니다.
아래 사진처럼 제 평가가 상당히 좋습니다.
제가 그렇다고 저렴하지 않습니다.... 1시간~2시간 작업에...
3~5만원 청구해요...
대신에 정말 확실한 불량 아닌 이상에는.. 교체 안합니다....
롬라이터기 가지고 다녀서.. BIOS 손상까지도 현장에서 걍 수리해버려요, 의외로 BIOS 교체 또는 Rewrite 하면 해결 되는 경우 많아요
As기간 남은 부품에 대해서는 고객과 SN 조회해서 보증여부 확인하고, AS 대행접수 또는 그거 감안해서 제가 가지고 있는거 설치하고 부품 가격 어느정도 빼드려요...
피치 못하게 부품 고장난거면.. 인터넷 최저가 돌리고... 10~20%, 또는 1만원 내외 수준 마진 넣어서 판다고 하면... 90% 고객들은 수긍해요...
물론 불만 제기하는 분도 있구요, 1~2시간 씨름하고 3만원 청구하는 것도 비싸다고 머라하시는 분도 있어요...
근데 아래 처럼 평가 좋았던 분들이.. 사실 이전에 눈팅이 경험했던 사람들이구요.. 그 숫자가 엄청나다는 거에요... ㅋㅋㅋㅋ
컴퓨터 포럼 분들이야 전문가도 많고, 어느정도 관심 있고 조사하시는 분들이여서 의야 하시겠지만.... 진짜 많아요...
후기 쓰는 분들 다수는 눈팅이 당하셨던 분들입니다. ㅠㅠ
#눈팅이 본 케이스들..
Case1.
10년된 본체... AS기사 3명 다녀가고... 40만원 가까이 쓴 고객도 있었어요 ;;;
전 수리 거부했는데.... 그냥 사시라고.. 근데 그동안 수리한게 아까워서. 수리하시겠데요....
웃긴게.. 한달동안 3번 고장났는데.. 이전 기사들이.. 잠수 탄데요.. 또는 딴거 고장났다고 다른 부품 교체 요구한데 컴XX, 컴## 체인점에서요...
마지막 기사는 이미 보드 교체로 18만원 가져갔으면서, 추가 부품 머시기 머시기 바꾸고 하면 32만원 정도 더 주셔야한다곸ㅋㅋㅋ
무슨 부품인지도 모르겠지만 ;;;
Case2.
그래픽 디자인쪽 하시는 고객님, 용산서 컴터 사서. 사고 나서부터 계속 고장나서 저가 5번째라고 해요...
i7-7700, 1080ti 쓰는 컴퓨터인데.. 메인보드가 H110이에요... 파워는 듣보잡이구요.... 케이스도 어디서 싸구려더라구요..
첨에도 그랬냐고 물어봤는데 ;; 고장 몇번 나서 기사 부르고 하다보니.. 부품들 계속 바뀌였데요...
케이스도 합선 일어난다고;; 바뀌였데요 ㅋㅋㅋㅋㅋㅋㅋㅋㅋㅋㅋㅋㅋㅋㅋㅋㅋㅋㅋㅋㅋ
여지껏 100만원은 넘게 수리비 썼데욬ㅋㅋㅋㅋㅋㅋㅋㅋㅋㅋ
파워도 해처먹고, 보드도 해쳐먹고, 케이스는 이해 안되지만 해처먹은거 같고......
Case3.
제일 흔한케이스, 메모리 접촉 불량으로 탈착 후 재장착만 해도 해결되는 것인데 ;; 기사들 부르면.. 보드고장, SSD고장, 원인도 다양.. 비용도 다양.
근데 중요한건 기본 12만원 부터 시작하더라구요 ㅋㅋㅋㅋ
쭉 하면서 느끼는 건데.. 정말 눈팅이도 많고, 부품 바꿔치기도 많고.. 그래요..
보통 초보자들이 부르니깐요... 그분들은 잘 몰라요.. 그래서 정비 직군 해먹을려면 많이 해먹을 수 있어요..
고객에 따라서 호구는 정말 있으니깐요....
물론 전업이 아니여서. 돈버는게 절실한 편은 아니에요 ;;; 물론 돈버는게 좋아서 부업하는 것이지만... 그래서 생존을 위한 급여는 회사에서 주니깐요..
그런데 그런게 있더라구요...
#양심껏하면 좋은점
몇년에 한번 보는 관계가 되지만... 단골이 생겨요, 이거 무시 못해요.. 주변도 소개해줘요...
그리고 90%의 고객들은 잘 설명해주고 타당성 이야기하면 이해해줘요...
출장 나가서.. 기름값에.. 이동시간 계산하면 아무리 단순건에 근거리라도.. 1시간~2시간 소요된다고하면.. 3만원은 기본적으로 다들 이해해줘요..
기분이 좋아져요.. 칭찬 받거나.. 돈을 더 주시거나, 음료 챙겨주시거나,  그런것들 받으면 마음이 훈훈해져요..
물론 경우에 따라선 고객이 사기꾼 취급하더라도.. 양심에 캥기는것도 없고, 법적으로 걸릴 것도 없기에 떳떳해요..
물론 부업으로 하니깐 배부른 소리다 막 그러실 수 있어요.... 먹고 살기 급급한데.. 저렇게 해서 언제 돈버냐??? 할수도 있겠죠....
근데..
부지런하면 어느정도 상쇄
되요.... 가만히 손님 오는 것만 기다리면 굶어죽어요...
네이버, 블로그, 당근, 어플
돈 크게 안들여도 어느정도 홍보
되요
8월달에 휴가 1주일 포함... 12일정도.. 하루에 3~7건씩 죽어라 했어요... 인천에서 용인까지.. 대략 동선 맞춰서.. 막 다녔어요...
몸은 죽어나긴 했지만... 교통비 및 부품값 제외 283만원 벌었더라구요... 물론 데이터 복구 하는 거랑, 학원 컴퓨터 22대 정비 및 업그레이드, 아프리카 TV BJ분꺼가 크긴 했지만요
-> 아프리카 TV BJ분꼐서는 ;;; 통이 크셔서 PC 반출 금지, 불필요한 데이터 열람하지 않았으면 좋겠다 하시며, 새벽출장 고생이라며 30만원 더주더라구요, 종종 부르시겠다고 ;;; (이건 잡소리입니다 ;;;)
전업으로 돌리고.. 병원, 학원, 기업체 몇곳 등등 관리한다면.. 600~700정도는 벌꺼 같더라구요,
대로변이 아닌, 외곽에 저렴한 임대료 사무실 얻는다면 월세도.. 그리 안비쌀꺼구요..
솔찍히 이정도도 못하겠다.. 정말 양심껏 팔아서 장사 안되겠다 하면;;; 잔인한 이야기지만 장사 접으셔야 해요..
사람마다 체질과 특기가 있거든요.... 자영업은 정말 홀로서기인데.. 홀로서기가 안된다면... 직장 및 직업 들어가셔야죠...
.
#양심 팔면 나쁜점.
사람들이 그렇게 바보가 아니에요... 뒤늦게라도.. 자기가 당한거 아는 사람들이 대다수에요... 단지 귀찮거나.. 쫄보이거나 해서.. 컴플레인 크게 안하는거지..
다 알거든요.... 당하면 다신 안불러요... 수리라는게 지역사람들 장사인데... 그렇게 몇사람 누적되다 보면... 더더욱 장사 안되요...
정말 한명 제대로 걸리면.. 법적 처벌 받아요...몇만원 몇십 더 벌겠다고... 소송",3690,온라인 부업 후기,https://www.ppomppu.co.kr/zboard/view.php?id=computer&no=605831,ppomppu,"[잡소리]타이어 뱅크 사건처럼, 컴퓨터도 쪽도 얼마나 해먹고 있는지 걍 끄적이고 싶어서 끄적 끄적합니다.36"
,"https://www.youtube.com/watch?v=Yc4Qw4Netdw
에어비앤비, 파티룸을 창업하는 사람들의 공통점이 무엇인가?
바로 낮은 투자금 + 높은 수익률이다. 투자금이 낮다는 거는 Risk가 적다는 것이다.(낮은 투자금 = 낮은 리스크)
근데 코로나 19로 인해 에어비앤비는 심하게 얘기하면 작살(?)이 났다. 코로나로 인해 외국인 관광객이 현저히 줄어 현재 에어이비앤비 폐업 하는 곳들이 늘어나고 있고, 앞으로도 많이 늘어날 것이다.
그럼 파티룸은 어떤가? 파티룸은 주로 내국인(외국인도 가능하지만)이 이용한다. 프라이빗한 공간을 선호하는 파티룸의 특성상 파티룸은 코로나 19에 큰 영향을 받지 않았다.
그럼 #투잡으로 많이 각광받고 있는 파티룸의 수익률을 파헤쳐 보자!!!
파티룸 수익률은 계산하는 것이 아니라,
극복하는 것이다!
아래 표는 실평수 10평 기준으로 오피스텔을 매수 후 단순 임대한 수익률과 오피스텔을 매수한 후 파티룸으로 돌렸을 때 비교한 수익률이다.
1. 오피스텔 수익률
최근에 직접 매수한 서울 역세권의 한 오피스텔을 시뮬레이션했다.
실평수는 10평(공급은 22평), 역세권, 매매가는 3억 7천만원, 대출은 오피스텔이라 70% 가능.
최종 총 투자금은 각종 세금 및 비용 제외 후 약 1억 3천만원이며, 월세로 돌릴경우 월 100만원을 받을 수 있어서
연 수익률은 9%대로 나온다. 물론 대출을 잘 받아서 서울 역세권 오피스텔 치고 수익률이 잘 나온다.
2. 파티룸 수익률
1번과 같은 조건인 매매가 3억 7천만원으로 매수 후 파티룸으로 돌렸을 경우 수익률이다.
1) 공실률 : 공실률은 30%(한달에 약 9일) & 50%(한달에 약 15일) 두가지 경우로 시뮬레이션했다.
파티룸의 준성수기는 7,8월 여름 휴가철, 성수기는 11,12,1월의 연말연시가 성수기 시즌이다.
2) 이용가격 : 주중, 주말 이용가격은 비슷한 컨디션의 경쟁업체의 가격표를 기준으로 작성했다.
주말가격은 통상 주중의 1.3~1.5배로 가격을 책정한다.
파티룸을 하루 최대치로 돌리면 낮타임, 저녁타임, 올나잇타임 등 총 하루에 3번 돌릴 수 있다.
3) 수수료 : 대부분 파티룸은 스페이스클라우드 플렛폼을 이용한다. 근데 수수료가 무려 10%다... ㅎㄷㄷ
아시다시피 자영업, 소상공인 매출 중 부가세 10%가 차지하는 비중은 크다. 그래서 현금장사가 진짜 남는 장사...
앞으로 남고 뒤로 까진다는게 부가세 10%, 종소세 내고 나면 크게 남는게 없다.
아무튼 스페이스클라우드의 수수료는 너무 비싸다고 생각이 든다. 아니 비싸다...
쪼매만 깍아 주이소...
4) 비용
월세 100, 관리비 약 40만원, 기타비용(청소비+소모품비+인테넷+TV등) 100만원으로 총 약 240만원의 비용이 발생한다. 기타비용 100만원 상당히 보수적으로 계산했는데, 청소비는 거의 오토로 돌린다고 가정했을 경우로 알바비로 계산했다.
5)매출
공실율 50%시 약 400만원 vs. 공실율 30%시 약 550만원
낮타임: 12시~16 or 17시까지
저녁타임: 19시~22 or 23시까지
올나잇타임: 19시~익일 8시 or 9시까지
6) 순수익
(1) 공실률 30%
매출 550만원 - 비용 240만원 = 월 순수익 310만원
(2) 공실률 50%
매출 400만원 - 비용 240만원 = 월 순수익 160만원
7) 투자 수익률
투자금 총 2,500만원(보증금 1,000만원 + 인테리어 및 각종 소모품, 부동산 중개료 1,500만원)
투자 수익률
공실 50% : 77% vs. 공실 30% : 149%
** 요약
1. 오피스텔과 단순 수익률을 비교하면 9% : 77%로 수익률 차이가 어마어마하게 차이가 난다. 물론 오피스텔 임대와 비교하면 손품이 좀 들어가고, 공실율이 월별로 차이가 있다.
2. 아무것도 모르는 생초보가 하기에는 파티룸 시장조사, 수익률 분석, 부동산 물건 분석, 인테리어, 각종 소모품 및 소품 구입, 온라인 마케팅 홍보, 청소 등 준비사항 부터 운영까지 상당한 노력이 들어가기 때문에 쉽지는 않다.
---> 초보자는 쉽지 않으니, 본사 프렌차이즈로 창업이 유리함
3. 파티룸은 부업, 투잡으로 할 수 있는 좋은 아이템
4. 파티룸은 낮은 투자금, 높은 수익률, 낮은 리스크 등
3마리 토끼를 잡아 먹을 수 있는
블루오션 아이템
5. 매년 오르는 과도한 인건비로 부터 해방이 가능. 파티룸은 거의 반 무인시스템으로 운영이 가능
6. 10평기준 커피숖, 음식점, 기타 프렌차이즈 창업비용은 대략 최소 1억~2억이상 들어간다. (인테리어비 + 각종 비품 + 집기 + 본사 가맹비 등)
파티룸 창업비용은 10평기준 최대 2,500만원으로 타 프렌차이즈 창업과 비교할 때, 상당히 적은 비용으로 창업이 가능하다.
프렌차이즈 전문가로서 조언 하자면, 초기 투자비용이 많이 들어가는 업종은
가급적 피해야 한다. 대부분은 인테리어 비용 + 각종 집기류도 건지지 못하고
1~2년안에
폐업하는 매장들을 많이 봤다.
불확실성이 많은 최근에 국내 경기 상황을 볼 때,
최소비용으로 창업 가능한 아이템이 가장 좋다.
by 윤대표
7. 파티룸 마진율
파티룸은 임대료. 관리비, 알바비를 제외하면 모두 순이익이다.
월 500만원 버는데 하루종일 몸이 묶여 있으면서 버는 것과 반 오토로 돌리면서 월 2~300만원 버는 것 중 어느 것을 선택할 것인가? 당연히 후자... ^^
이번 칼럼에는 수익률에 대해 자세히 적었는데,, 한마디로 정리하자면
파티룸의 수익률은
최대한 발품을 팔아 낮은 임대료 물건 공략 + 한달에 1/3은 본인이 직접 청소하여 알바비 절감 + 네이버 블로그 및 SNS 홍보 등을 통해 파티룸 수익률을 여러가지 방법등을 통해 극복할 수 있다.
우리 파창사 본사는 이런 극복 가능한 전략과 방법을 보유하고 있다.
그래서 아직도 많은 사람들이 프렌차이즈로 창업하고 있는 추세다.
1. 펌글, 한두줄의 짧은 글보다는,
자신의 의견을 담은 글
을 부탁드립니다.
2. 광고 목적의 글, 논쟁유발글은 무통보 삭제처리될 수 있습니다.
3. 회원비방 및 욕설 비속어 사용을 하지 않는 것은 커뮤니티 활동의 기본입니다.
위의 내용 확인하시고 지워주신 후 글작성해",3211,온라인 부업 후기,https://www.ppomppu.co.kr/zboard/view.php?id=house&no=147127,ppomppu,파티룸 수익률 분석(오피스텔 vs 파티룸 비교)8
,"2025년은 저에게 너무나 큰 수익과 행운이 찾아온 한해 였던 것 같습니다.
지금까지 겪었던 마음 고생을 기록으로 남겨두고 두번 다시 똑같은 일을 반복하지 않기 위하여,
그리고 지금의 여유를 조금은 자랑하고 싶어서 글을 써보고 되었습니다.
저는 경남의 중견기업 15년 이상 근무중인 외벌이 일반 회사원입니다. 결혼은 하였고 초등학생 아들 하나를 두고 있습니다.
대학 졸업 후 다행히 지금의 회사에 취직하여, 결혼도 하고 아들하나를 키우고 있습니다.
2019년 나름 돈도 모아 3억 좀 안되는 아파트를 구매하며 담보 대출로 1억을 갚아 나갈 목표로 아파트도 구매하였네요.
와이프의 씀씀이도 크지 않아, 계획대로 돈을 모아나갈 수 있을 예정이었습니다.
아파트 대출을 거의 다 갚아갈 시점 이었던 것 같네요. 그러던 중 저희 아버지께서 여유 돈이 생기셔서 저에게 5천만원을 빌려 주시면서, 제가 투자를 해보라고 권유하셨네요.
당시 10년 이상 주식하면서 크게 하지는 않았지만, 매년마다 몇백~천만원 이하 단위로 조금씩 벌어 실패할꺼라 생각은 하지도 못하였습니다. (10여년 전 삼성중공업으로 천만원 손실을 보았으나, 하이닉스 2만원대에 사서 3만원대로 복구 한적은 있었습니다.)
그렇게 아버지께 빌린 돈 5천만원과, 신용 대출 5천만원으로 주식투자가 시작되었네요. (당시 금리는 성에 차지 않아 예금은 하지 않았습니다.)
하지만 얼마지 않아 21년 코로나와 함께 주식으로 2~3천만원의 손실이 순식간에 발생하였고, 빨리 복구 하려는 욕심이 생겼습니다.
수익율이 낮더라도 시드를 불리면 되겠다는 생각에 신용 대출을 6천만원을 추가로 받았습니다. 손실이 있어 대출을 제외하고 약 1억 3천만원 원금으로 종목을 찾게 되었지요.
당시 코로나는 주식 시장에 충격이었지만, 코로나로 인한 위생 장갑 수요 증가로 인해 석유화학주식은 사상 최고가를 향해 갔던 것 같습니다.
그때 친구가 다니던 금호석유화학을 눈여겨 보았고, 사상 최대 수익 뉴스와 함께 친구에게 물어보니 생산 라인이 쉴세 없이 돌아간다는 이야기를 듣게 되었고, 사상 최대 이익은 주주에게 돌아갈 수도 있다는 이야기를 검증 없이 너무 쉽게 믿었던것 같네요.
2~3천만원의 손실을 한번에 만회할 수 있는 빛이 보이는 것 같았습니다.
원금 1억 3천만원, 거의 다 갚았던 주담대 1억 다시 변경. 거기에 신용을 처음 써봤습니다. 배당 예상은 3500~4000만원 수준이 목표였고. 주가가 20만원 정도에 주식가치는 5억원 정도였던 것으로 기억합니다. 당시 저로써는 말도 안되는 금액을 빌렸고, 대주주가 된듯한 기분에 우쭐해지기도 하였습니다.
당시 배당 받는 기간인 한,두달만 잠시 빌려쓰고 중도 상환 수수료 1% 정도는 충분히 감당할 수 있다는 계산이었고. 그대로 실행하였습니다.
하지만 현실은 달랐네요. 실제 배당은 2900만원 수준이었고, 배당락일 이후 주가는 배당을 반영하여 3~4프로 떨어졌던 것 같습니다.
실질적으로 남는 돈이 없는 상황이 되었고, 최대 실적이 이어질 줄 알았으나, 주가는 지속적으로 하락하였고, 담보 부족 메시지가 오면 반대매매를 당하면 안되는 줄 알고 신용 구매 주식을 팔고, 손실은 현금 구매 주식으로 메꾸는 상황이 반복되었습니다. 시드가 커졌다 보니 주가가 1~2%만 하락하여도, 원금이 금방 줄어들더군요. 하루에 2천만원 이상 손실 봤던 날도 1~2일 있었던 것 같습니다.
그런 상황이 오니 현실을 도피하게되고 계좌가 꼴도 보기 싫어 처다보지도 않게 되더군요. 그러다 반대매매 당하고. 다행이 미수 발생시 거래가 막힌다고 알고 있어 거래 가능 상태는 유지 했었습니다.
그렇게 -2~3천만원 손실을 -7~8천 손실로 키웠습니다. 그러고도 정신 못차려 당시 유행하던 2차전지에 들어가 또 다시 -2~3천 날린 기록이 있네요.
악몽 갔았던 21년을 1억원이 넘는 손실로 마무리 하였습니다. 남은건 2억 1천만원 대출에, 아버지 자금 5천만원, 주식계좌에 약 1억원 잔고가 남았습니다. 코로나때 대출 금리가 4~5%로 치솟아 월 이자가 180만원 정도 였던것 같습니다.
부끄러워서 와이프한테 말도 못하고 혼자서 끙끙거렸습니다.
하지만 다른 방법이 딱히 있지도 않았고, 다른 부업을 해야하는 생각도 가졌었네요. (본업과 병행해 부업하시는 분들 대단하시다고 생각합니다). 2억 빚이 크지 않을 수도 있지만 저에게는 너무 큰 부담으로 다가왔습니다.
그렇게 다시 생각난 방법도 결국은 주식투자였습니다. 하지만 이번엔 짧은 기간 수익이 아닌 장기간으로 투자를 해보자고 생각하였습니다. 위의 손실도 제가 목표한 단기간에 원하는 수익 금액을 얻겠다는 거였는데. 지금 생각해보니 말도 안되는 기준이었네요. 제 생각대로 움직이지도 않는 시장을 제가 어떤 근거로 예측하고, 수익을 실현하겠다고 생각한건지... 지금 생각해보면 한없이 어리석었지만 이미 발생산 손실을 바꿀수도 없었습니다.
그리고 다음 방법은 내가 잘 아는 주식을 하자였습니다. 평소에 군사 및 국방 장비 관련 유튜브를 즐겨보고 있었기에 방산 장비는 어느 정도 알고 있었습니다. 그래서 사게된 주식은 항공항공우주, 당시 미국 차세대 훈련기 사업에 큰 기대가 있었고, 그외 여러나라에 FA-50 판매가 예상되고 있었지요, 그리고 추가로 KF-21을 개발하고 있었고 2026년? 27년에 양산단계였기에 그 기간동안 버텨보자는 생각이었습니다.
하지만 버티기도 쉽지 않았네요. 월 이자 180 ~ 200만원에 + 생활비 200 수준을 버티기가 만만치 않다보니 주식을 조금씩 처분하면서 버텼던것 같습니다.
회사에 같이 이런 저런 이야기나 잡담을 나누는 동생이 있는데, 그 동생이 항상 했던 말이 형님처럼 하면 절대 안된다. 지금이라도 미국 주식 지수투자와 같이 배당을 늘려나가야된다라는 잔소리를 꾸준히 들었습니다. 하지만 이미 많은 빚이 있는 상황에 그대로는 손실 복구에도 너무 많은 시간이 걸릴 것으로 예상되었습니다. 여러 생각이 들었어요. 이제 곧 있으면 초등학교 가는 아들의 학원비도 못 줄것 같아서 미안하고. 여유 있게 생활비도 주지 못해 와이프한테도 미안했는데 당시 와이프랑 사이도 안 좋아져서 너무 힘든 22, 23, 24년을 보냈던것 같네요.",6215,월 200만원 부업,https://www.ppomppu.co.kr/zboard/view.php?id=stock&no=318630,ppomppu,큰 손실 이후 2~3년간 존버의 결과 입니다.31
,"2024년 4월 23일 (화)
<개장 전 주요 이슈>
* 뉴욕증시, 4/22(현지시간) 빅테크 실적 발표를 앞두고 저가 매수세 유입 등에 상승…
다우 38,239.98 (+0.67%),
나스닥 15,451.31 (+1.11%),
S&P500 5,010.60 (+0.87%),
필라델피아반도체 4,381.92 (+1.74%)
* 국제유가($,배럴), 이란, 이스라엘 재공격 우려 완화 등에 소폭 하락...
WTI 82.85 (-0.35%),
브렌트유 87.00 (-0.33%)
* 국제금($,온스), 차익실현 매물 출회 등에 급락... Gold 2,346.40 (-2.79%)
* 달러 index, 美 지표 대기 속 약보합... 106.12 (-0.03%)
* 역외환율(원/달러), 1,379.62 (-0.15%)
* 유럽증시, 영국(+1.62%), 독일(+0.70%), 프랑스(+0.22%)
* 美 3월 시카고 연은 전미활동지수, 두 달 연속 확장세
* 달러-엔 장중 155엔선 근접…1990년 6월 이후 최고
* 美 국채가 하락…중동 갈등 완화에 안전 선호 약해져
* JP모건자산운용 ""채권 변동성, 美 정부 과도한 부채 여파""
* 시장 베테랑 ""美 부채 상황, 가장 큰 '폰지' 사기…인플레이션 유발""
* 미국 패션 쇼핑몰 익스프레스, 파산 신청
* 비트코인, '반감기' 이후 반등…눈여겨 볼 점은
* 美 반도체기업 엔비디아, 10% 폭락 후 하루 만에 4.3% 반등
* 테슬라, 中서 가격인하로 '출혈경쟁' 우려…주가 또 52주 최저
* CNBC ""0.001%의 부자의 투자법…상장 주식은 안산다""
* 모닝스타 ""TSMC 설비투자 전망치 유지, 다소 실망스러워""
* 메타, 가상현실 헤드셋 퀘스트 OS 개방…기술 지위 선점 차원
* 오픈AI CEO, AI 데이터센터 전력용 태양광 스타트업 투자
* 니혼게이자이 ""매그니피센트 7 취약성 드러내…중동 쓰라린 기억""
* '헐값 공세 못 참아'…칠레, 美보다 먼저 중국산 철강에 관세
* 英 증시 FTSE 100 지수 사상 최고치로 마감
* 스위스중앙은행, 최소 준비금 요건 상향 조정…2.5%→4%
* 포르투갈 중앙銀 총재 ""ECB, 올해 100bp 넘게 금리 내릴 수도""
* 무디스애널리틱스 ""호주 인플레 완화 속도 더뎌질 수도""
* 대만거래소 이사장 ""지진이 생산에 거의 영향 미치지 않아""
* 中 '사실상 기준금리' LPR 1년물·5년물 모두 동결
* 日 장기금리 상승… 중동발 인플레 우려
* 흐리고 퇴근길에 비..""우산 챙기세요""
[기업/산업]
* 마켓워치 ""현대차, 실적에서 순이익 감소폭 눈여겨봐야""
* 한국기업평가, 현대차·기아 신용등급 전망 ‘긍정적’ 상향
* 中서 고전하는 현대차·기아, 베이징 모터쇼에 1000명 보낸다
* SK하이닉스 “이머징 메모리가 AI시대 반도체 새 패러다임 이끈다”
* 중국 풍력터빈 '돌풍', 수출물량 폭증…유럽은 이미 경계
* 고삐죄는 장인화號 ""철강부문 年1조 절감""
* '현금 12조' HMM, 1천억 영구CB 중도상환 나서지만
* 해군 무인함정 사업 박차… HD현대重·한화오션 잇달아 수주
* 70조원 규모 군함 발주…캐나다 16社 CEO 방한
* 캐나다 투자 걸림돌 치운다…한-加, 청정에너지·SMR 협력
* JB금융, 1분기 역대 최대 순이익 달성…1천732억·6%↑
* JB금융 ""균등 분기 배당 목표…소각 시 대주주 지분 논의도""
* 태영건설發 PF 구조조정 시작… 착공 전 ‘브릿지론’ 사업장 줄줄이 정리
* 에코비트 매각 투자설명서 배포…'3조' 딜 성사될까
* 현대차 美 EV공장, 태양광으로 돌린다
* MBK, '2조' 지오영 인수…연이은 헬스케어 투자
* 스톤브릿지벤처스·인포뱅크, 하이어다이버시티에 시드 투자
* K패션에 꽂힌 中알리바바…에이블리 1000억 투자
* 알리·테무 누르고…네카오 1분기 실적 '장밋빛'
* “1020 카톡 대신 쓴다더니”…인스타그램, 네이버·유튜브 제쳤다
* '담합 혐의' 통신 3사, 수백억대 과징금 떠안나
* SKT, 세계통신사 AI 역량 '톱'
* SK가스 LNG로 사업 확장 울산 최초 수입터미널 가동
* '석화 공룡' 롯데케미칼 불황 늪 여수 PET 공장 가동중단 검토
* LG 클로이 로봇이 … 카카오모빌 배송
* 부동산 불황에 가구 업계 감원 칼바람
* 설탕 가격 급등에 수입 확 줄었다
* 산은, 2조 증자 마무리…1천360억 신주발행 예정
* 롯데지주 800억 수혈한 와디즈 '완전 자본잠식', 계속기업 불확실성 지적
* ‘배터리 재활용 유니콘’ 재영텍, 출자자 지분 유동화 추진… “15배 수익 관측”
* 실손 빼먹기의 부메랑 보험료 5년뒤 2배 될판
* ""이서현 사장 경영 복귀…책임 경영 측면서 긍정적""
* 어도어 “경영권 탈취 시도?… 뉴진스 성과 지키기 위한 정당한 항의”
* 에스파, 다음 달 4년만 첫 정규앨범… “다중 우주 세계관 선보여”
* 1분기 제약·바이오 M&A 2배 늘어… “특허 만료 대응 목적”
* 대웅제약 나보타, 새 적응증·새 시장으로 연매출 5천 억 노린다
* ‘돈 안된다’던 콜레라 백신, 뚝심으로 극찬받은 韓백신개발사
* 식약처, 유바이오로직스 대상포진 백신 임상1상 시험계획 승인
* 큐라클, 세계 첫 먹는 황반부종치료제 'CU06' 임상 순항
* 이권선 셀바이오휴먼텍 대표 ""붙이는 화장품으로 뷰티 시장 선도""
* 동아에스티 ""ADC 바이오시밀러 시장 진출""
* 뷰노, UAE 軍병원에 AI 솔루션 공급
* ""테슬라 차값이 '시가'인가요?""…200만원 헛돈 날렸다 '분통'
* 중국산 몰려오는데…韓 제지업계 '역차별 규제' 몸살
* 달러 든 손님 우르르 ""코로나때 적자 메워""
* ""온실가스 배출권 반납 못해"" 환경부 상대 소송낸 시멘트社 패소
* 편의점 택배비 내달부터 100원씩 오른다… CJ대한통운 요금 인상
* 양극재 빅4, 반토막 난 주가에 개미들 매수 행렬.... 그러나 수출도 반토막
* “상장사 공개매수 안 하실래요?” NH 윤병운號, 사모펀드 찾아다니는 이유
* HD현대마린, 수요예측 흥행…대형 IPO 물꼬 트나
* LK삼양 차세대 별추적기, 내년 스페이스X 위성 탑재
* 바디프랜드, B2B 사업 순항…안마의자·침대 2400대 납품",4908,월 200만원 부업,https://www.ppomppu.co.kr/zboard/view.php?id=stock&no=265476,ppomppu,개장 전 주요 이슈 점검0
,"부업으로 가끔씩 숨고에서 컴퓨터 수리를 합니다.
솔찍히 상담이 길어지고 간보는게 좀 많이 느껴지면 어차피 수리 안하거나 의뢰 안할 사람이라는걸 알지만 그래도 최대한 고객 편의 봐드리면서 해드릴려고는 하고 있습니다.
솔찍히 불러도 두렵긴 합니다 ;; 조금만 이상하거나 대응 못하면 컴플레인으로 되는 경우도 많이 봤으니깐요 ;;;
그래도 열심히 상담해주고, 고맙다고 인사 정도 받으면 나름 뿌뜻한데요..
아래처럼 질문 실컷 하다가 확 채팅방 나가버리는 사람은 정말.. 인성이 ㅋㅋㅋㅋ
국룰인가봐요 당근할때도 그렇고, 중고 팔떄도 질문 많은 사람 거르라는게..
그냥 1박 2일동안 틈틈히 상담해 줬는데,, 인사도 없이 걍 나가버리는 현타 오긴 하네요
스크롤 압박이니 굳이 아래는 읽지마세요 ;;
그냥 제가 채팅한 흔적 공유 입니다
------------------------------------------------------------------------------------------------------------
평일 저녁도 가능하면 하남 방문 및 그래픽카드 업그레이드 가능합니다 필요하시면 말씀주세요!
오전 1:44
안전한 거래! 숨고페이란?
직거래 피해 걱정 없는 숨고페이로 안심하고 거래하세요. 결제한 금액은 거래를 확정하기 전까지 숨고가 안전하게 보관합니다.
숨고페이 알아보기
오후 5:03
지금 파워 몇와트 사용하시나요?
오후 5:05
800사용합니다.
오후 5:08
Cpu는 어떤 모델이신가요?
오후 5:10
Cpu가 낮은면 800으로도 충분하고 cpu가 고사양이면 850w이상이 권장입니다
오후 5:11
5800x사용하고 있습니다.
오후 5:12
오후 5:13
가능할듯 하긴 하네요. 파워 교체건이 아니먄 굳이 기사 부르실 필요 없을듯한데요
오후 5:14
그래픽카드 장착 쉽습니다.
오후 5:14
관련 유튜브 또는 전화로 설명드릴 수 있을꺼 같은데요
오후 5:14
그래도 교체를 하는게 낫지 않을까요?
오후 5:15
고객님이 희망하시면 교체하면 됩니다. 그람 그래픽카드와 파워 구매후 배송 일정에 맞춰 방문하겠습니다 ^^
오후 5:18
바이오스도 업데이트 하도록 하겠습니다
오후 5:18
얼마정도 될까요?
오후 5:24
그래픽과 파워는 직접 구매하시는것이 제일 저렴하구요 저에게 구매하신다면 다나외 최저가에서 2만원정도 비싸다고 보시면 됩니다.
자에게는 출장료 및 공임 해서 딱 5만원만 주시면 됩니다 ^^
오후 5:27
네네 알겠습니다.
오후 5:28
그럼 의뢰 원하시면 날짜 시긴 이야기 해주세요 천천히 답주셔도 됩니다 ^^
오후 5:31
네네^^
오후 5:31
딱 5만원만 나올까요?
오후 6:15
출장2만원 / 공임3만원.. 다른데 고장 없이 파워만 교체한다면요!!
오후 6:20
그리고 간단하게 먼지 제거 정도까지 해드리구요
오후 6:20
cpu쿨러도 있는데 상관은 없죠??
오후 6:21
아 쿨러도 새로 장착하시는건가요?
오후 6:22
작업 요청사항이 파워교체 + 그래픽카드 설치 + 바이오스 업데이트 (그래픽 호환성 관련) + 먼지 제거면 5만원
오후 6:22
이외에 추가 작업 요청하실경우 작업시간 증가량에 따라 무료 또는 1~2만원 추가 됩니다.
오후 6:22
쿨러는 기존에 있는겁니더
오후 6:23
그러면 추가금 없습니다 ^__^
오후 6:24
그럼 제품 주문후 언제 도착하는지 확인되면 말씀주세요!
오후 6:24
참고로 투잡인 관계로 평일 저녁시간에 가능합니다 ^^
오후 6:24
제품 추천점 해주세요
오후 6:27
같은 4080이라도 가격차이가 크네요
오후 6:27
잠시만요!
오후 6:27
오픈카톡으로 가능하실까요??
오후 6:28
https://prod.danawa.com/list/?cate=1131480&15main_11_03
오후 6:28
다나와 기준으로 랭킹안에 들어 있는거면 어지간하면 괜찮습니다.
오후 6:29
세부적으로 내부 클럭등 차이가 있어서요
오후 6:29
https://prod.danawa.com/info/?pcode=18302759&cate=1131480
오후 6:29
아수스 모델이 괜찮아보이긴 하구요
오후 6:29
카톡은 가능하지만 제가 일정이 있어 곧 나가서 ;; 답이 느릴 것 입니다.
오후 6:29
###-####-####(전화번호)
오후 6:29
뭐... 트리오가 괜찮고 이런게 있나요?
오후 6:31
https://www.youtube.com/watch?v=Ta08keUi-yw
오후 6:33
일단 유튜브 검색해보셔 보는것도 하나의 방법이긴 한데요
오후 6:33
숨고페이
안전한 숨고페이로 거래하세요!
고수님의 노쇼 방지 등 시간과 비용 보호를 위해 숨고페이를 권장해 드려요. 숨고페이로 거래 시 거래 성사율이 더 높습니다.
오후 6:33
일단 저는 다나와 추천 또는 순위에 맞춰서 그래픽카드 사는 편인데요
오후 6:33
아무래도 모델에 따라 편차도 있고 그래서 ;;; 이런건 전문 유튜버들이 비교한게 좋지 않을까 합니다.
오후 6:33
하지만 4080 칩셋 기반으로 만든것이여서 완전 큰차이는 아니니, 평점 또는 많이 판매되며 저렴한 축이면 그렇게 손해 보지는 않을 듯 합니다.
오후 6:34
네네 파워는요? 어떤거 구입할까요?
오후 6:35
마이크로닉스 클래식2 850w정도면 무난합니다
오후 6:49
http://m.danawa.com/product/productList.html?cateCode=11338809
오후 6:49
1000와트도 염두하면 이참에 하는것도 좋지만 가격이 많이 비싸질꺼에요
오후 6:52
지금도 850w입니다!!
오후 7:16
그럼 굳이 바꾸지 않으셔도 되요
오후 9:03
그럼 그래픽카드만 구매요
오후 9:03
누군1000w 써야된다고 하던데
오후 9:04
일단 권장이 850W 이구요 4090으로 간다면 1000W 맞어요
오후 9:13
http://m.danawa.com/product/productList.html?cateCode=11338810
오후 9:13
아니면 이왕 쓰는거 여기 있는 한미마이크로닉스꺼 어떠실까요?
오후 9:13
아 그런가요? 비싼가요?
오후 9:14
http://m.danawa.com/product/product.h",9486,월 200만원 부업,https://www.ppomppu.co.kr/zboard/view.php?id=computer&no=669615,ppomppu,[현직 컴터 수리기사 궁시렁]역시 질문 많은 사람을 거르는게 답이네요11
,"2023년 1월 6일 (금)
<장 시작 전 주요 이슈 점검>
* 뉴욕증시, 1/5(현지시간) 강한 고용 속 Fed 긴축 우려 지속 등에 하락…
다우 32,930.08 (-1.02%),
나스닥 10,305.24 (-1.47%),
S&P500 3,808.10 (-1.16%),
필라델피아반도체 2,518.52 (-1.98%)
* 국제유가($,배럴), 저가 매수세 유입 및 美 설비가동률 하락 등에 상승…
WTI 73.67 (+1.14%),
브렌트유 78.69 (+1.09%)
* 국제금($,온스), 차익 실현 매물 출회 속 하락... Gold 1,840.60 (-0.99%)
* 달러 index, 민간고용 호조 등에 상승... 105.18 (+0.89%)
* 역외환율(원/달러), 1,273.89 (+0.26%)
* 유럽증시, 영국(+0.64%), 독일(-0.38%), 프랑스(-0.22%)
* 미 주간 실업보험 청구자수 22만4천명으로 감소
* 美 12월 ADP 민간고용 23만5천 명 증갉예상 대폭 상회
* 美 12월 감원 전월比 43%↓…4분기 감원은 2020년 이후 최대
* 美 12월 S&P 글로벌 서비스업 PMI 44.7…위축세 심화
* 美 11월 무역적자 615억 달러…26개월 만에 최저
* 월가, 12월 비농업고용 소폭 둔화한 20만 명 증가 예상
* 세인트 연은 총재 ""2023년 디스인플레이션의 해 전망""
* 애틀랜타 연은 총재 ""인플레 억제에 여전히 할 일 많아""
* 캔자스시티 연은 총재 '금리, 한동안 5% 넘는 수준 머무를 것'
* 美 연준 ""내년 말까지 경기 침체 가능성 크지 않다""
* 리사 수 AMD 회장 ""반도체는 우리가 하는 모든 것의 중심""
* 테슬라, 中시장 부진 지속…12월 판매량 '비야디'에 크게 밀려
* 암호화폐 대부업체 제네시스 30% 감원…파산보호 신청 검토
* 베드배스앤드비욘드,급락…""계속기업으로 존속 능력 의구심""
* 뱅가드 ""올해는 60대 40 포트폴리오가 '장밋빛'""
* 배런스 ""'금' 랠리가 이어질 수 있는 이유는….""
* 마켓워치 ""인플레 방어에 탁월…아이본드 사라""
* 챗 GPT 검색엔진 나온다...20년 구글 아성 흔들리나
* 푸틴, 이달 6∼7일 우크라 내 러군에 '36시간 휴전' 명령
* ""英 경기침체, 러시아만큼 심각할 것…G10 중 최악""
* 獨 11월 무역흑자 108억 유로…예상치 상회
* 유로존 11월 PPI 전월비 0.9% 하락…두달 연속 둔화
* '중국 못 믿겠다' EU도 속속 검역 강화…적절성·실효성 의문도
* ""中 부동산 개발업체, 달러채 이자 못 갚아 디폴트 빠져""
* 미쓰이스미토모FG 사장 ""BOJ, 완화 수정한 것 아니다""
* '소한' 평년 기온 회복...저녁부터 눈·비
[기업/산업]
* 삼성·LG전자 오늘 잠정실적 발표…영업이익 반토막 날 듯
* 현대차·기아, 美서 첫 두자릿수 점유율 기록..10% 보인다
* 포스코, 회사채 수요예측에 4조 뭉칫돈…역대 최대 주문액
* 니켈값 급등, 리튬은 하락세…희비 엇갈리는 韓·中 배터리
* 롯데, 메리츠證과 1.5조 펀드…유동성 확충 나서
* 한신평 ""증권·캐피탈 신용전망 부정적…부동산·유동성 주시""
* 현대차 부품공급사 에코플라스틱, 美 조지아주에 공장 설립
* ""미래먹거리, 가장 익숙한 바다서 찾겠다"" HD현대 정기선의 구상
* 고물갇고금리·엔데믹 3박자엡'허리띠 졸라매기' 나선 e커머스
* '상장 연기' 컬리 몸값 30% 증발…유니콘 타이틀 잃었다
* 카지노 마침내 불 다 켰다…또 '개점휴업' 안 하려면
* '혹시 애플카?'…LG이노텍 '핵심 기술' 담은 모형차
* ""와 너무 무서운거 아니에요?""…임원도 놀란 SK 기후위기 부스
* 군더더기 싹 없앴다…CES 수놓은 '뺄셈의 기술'
* 로봇이 오차없이 잇몸뼈 수술하고 잘 익은 피망만 척척 골라서 수확
* 삼성 '초연결 생태계' 선언 디바이스 140억개 잇는다
* TV대신 '소니 카' 몰고 사무라이가 돌아왔다
* 괴물칩 넘은 AMD ""애플보다 20% 빨라""
* '카멜레온카' 시동 건 BMW '게임카' 몰고 온 소니…미래차 대격전
* ""메타버스 속 10대 소녀, 차세대 코코 샤넬 될 수도""
* '베이거스 루프' 머스크 이름값 빼면 그냥 택시?
* '전장기술 부심' 드러낸 LG이노텍…3세대 OLED 공개한 LGD
* 중국, 아이폰 디스플레이 수주 70% 싹쓸이…韓 OLED ‘비상’
* LCD 모니터 시장도 내리막… 업계 OLED 전환 빨라진다
* 가전 제품들 창고에 가득 쌓였다…삼성·LG '다급한 땡처리'
* 진흙탕 싸움에 추락한 'K-고릴라'…이두희 ""메타콩즈, 반드시 재기""
* 해외법인 3만개 세울때 … 국내유턴 126개뿐
* 삼성 반도체 '반토막' 예고…용인·화성 지자체도 '초비상'
* ""해열제 연내 1억개 생산""…휴일 반납한 종근당 공장
* LCC 플라이강원, 결국 존폐 위기
* 지난해 원전 전력거래량 역대 최대…거래비중도 '탈원전' 이전 복귀
* 연기금서 캐피탈까지 개점휴업…부동산 개발 돈줄 마르나
* 박정호 SK하이닉스 부회장 ""AMD·퀄컴과 미래 시장 개척""
* '벌크선 강자' 팬오션, 대형 LNG선 첫 투입 '영토확장'
* 저축銀 연체 비상 … 석달만에 4천억 늘어
* 김주현 ""엔데믹인데 … 은행 영업시간 정상화할 때""
* 카카오 쿠폰 지급…프로모션 같은 보상?
* 쿠팡이츠, 배달서도 3PL 강화한다… ‘이츠 플렉스’ 확장
* ‘기능성·의료용’ 식품 표시·광고 심의 수수료, 올해부터 인상
* 넥슨 ‘카트라이더’ 3월 31일 서비스 종료…환불·부분 보상 진행
* 양현석 돌아온 YG, 라인업도 ‘들썩’… 주가 반등 기대감
* 대림, 10% 고금리로 ‘홈플러스점포 유동화’ 차환 추진
* 회계법인 '대혈투'…존재감 드러낸 삼정
* 글로벌車, 전동화 '올인'… 올해 40종 대격돌
* LG엔솔-도요타 배터리 협력 합작사 설립 대신 공급으로
* 치킨 조리·방역 … 로봇도 빌려 쓰세요
* '유통사 변신' 선언한 hy ""경쟁사 제품도 모셔요""
* '신기전'의 부활…한국 미사일, 중국 서부 내륙까지 때린다
* 누리호 3차·아리랑 6·7호기 발사 대기…올해도 우주강국 향해 진격
* 해외서 잘나가는 오리온, 모처럼 웃었다
* ",5277,월 200만원 부업,https://www.ppomppu.co.kr/zboard/view.php?id=stock&no=240138,ppomppu,개장 전 주요 이슈 점검0
,"제가 오지랍이 넓어서 일부러  창업자분들을 일부러 막을려고 하는게 아닙니다.
제가 남의 인생에 굳굳이 신경써서 하지 말라는게 아닙니다.
더 이상의 밀키트 관련 본사들의 사기짓에 노예화 과정을 까발리려고 하는 겁니다.
1. 프랜차이즈도본사도 소매점도 너무 진입장벽이 너무 낮습니다.
(밀키트는 1등 2등 브랜드가 없습니다~ )
걍 먼저 진행했냐 안진행했냐의 차이이지 어딘 살아남고 다른데는 죽는다?
개소리고요 다 죽어요 본사가 튼튼하고 믿을곳은요 이런 전문점같은거 안해요 꿈 꾸지 마세요 ! 걍 자본 투입해서 밀키트 공장지어서 유통채널 다각화를 하지
소매점 운영하면서 로얄티 걷으면서 양아치짓 하는 사업구조가 아닙니다 . 뭘 어디빼고 살아남는다? 되도 않는 헛소리입니다.
파리바게트나 뚜레주르의 창업 진입장벽이 높은 구조도 아닙니다 생지를 만들수 있는 능력정도는 되야 장수하는거죠~
밀키트 전문점이란게  뭔 소스공장 하나있어서 파생된 프랜차이즈나 , 아웃소싱 연결해주고 쳐 먹는 구조인데 어딘 살아남는다니 걍 어디든 이건 하면 안되는 사업아이템입니다.
막비닐에 야채넣고 2~3일 파는게 신선하다? 그만큼 관리하는거다?
절대 개인 소매점에서 매일 야채 손질 못하죠 만들기는 하겠죠? 근데 야채는 미리 손질되어 있는거라 도긴개긴입니다.
신선한걸 진공포장해야 더 신선하게 먹는거지 집에서 요리하다 남은거 막비닐에 보관하면 어때요?
냉동햄 해동시켜서 막비닐에 비닐장갑하나 끼고 막 소분.. 아휴.. 뭐 업글해서 진공으로 넣어주는데 있지만 그 조차도 아웃소싱이라 계속 ~~~~ 본사도 쳐먹고, 아웃소싱 업체도 쳐먹고, 물류 넣어주는곳 조차도 아웃소싱이라 다쳐먹고.. 거기에 전문점 점주들은 소비자가로 야채까지 사서  마진률 더 쪼그라 들고
더 신선하게 보관할려고 지퍼백이든 진공용기로 넣고 야채 칸에 왜 넣는건지?
2~3일 남는거 어떻게 생각하세요?
진공포장할 경쟁력이 없는거에요.
소자본으로 할 수 있는게 절대 아닙니다.
자체유통도 못하고 아웃소싱주는 허접한 본사(회사 맞나요?ㅋㅋ ) 발주를 넣어도 D2일 D3일전에 넣어야합니다 ㅋㅋ 이거 진짜 정부에서 쎄게 먹여야합니다. 능력도 갖추는거없이 사람들 기만하고 본사?ㅋㅋ  어떤데는 냉장식품도 걍 냉장탑차가아닌 일반 탑차에 옮기는데도 봤습니다. 우리는 다를거다 1등브랜드다? 이 사업아이템자체가 1등브랜드가어딨어요 .프레시지 같은곳이 1등기업이지 . 어떤데는 프래시지 상품진열하고 파는대도 봤네요 ㅋㅋ
본사가 아닙니다. 사무실 하나 임대해놓고 . 아웃소싱으로 만든 ~ 소스만 보내줍니다
이 소스요 흔하디 흔한거라  롯데마트나 이마트 가면 다 파는 소스들이에요 .. 거기서도 마진을 쳐 맥이니 소스 자체도 가격 경쟁력 없습니다. (밀키트 소매점이 이윤이 박한 이유중 하나고 , 소비자들에게도 싸게 팔 수 없는 구조입니다.)
이 소스 하나 보내놓고~ 본사 업무는 없습니다~ 죄다 여기 저기~ 아웃소싱 업체들하고만 연결해주는 구조입니다.
이 얼마나 봉이 김선달 스럽습니까? 밀키트 본사가 많은 이유가 이거죠.. ( 걍 사무실 임대하고 홈페이지 만들고 소스만 업체컨택하든지  소스공장에서 직접 밀키트 프차 운영하는곳도 있죠 )
야채는 직접 또 마트가서 사는거에요 직접 . 소비자들하고 같이 어우러져서~ 걍 소비자가로~ 야채사고, 소스 사서 포장해주는 겁니다
밀키트 원팩으로 받아봐야 의미 없습니다 (신선도 문제 . 가격경쟁력 문제 ) 이것 조차도 아웃소싱 ㅋㅋ 마진을 얼마나 쳐맥이는지 걍 점주들만 죽습니다.
살다 살다 이렇게 본사가 많은 아이템 ... 왜 인줄 아시겠죠? 이건 뭐 투자한것도 없으니 망해도 타격이 없어요~
2. 밀키트 판매 구조가 소매로는 버틸 수 없습니다.
좋은 아이템이면 이미 대기업에서 가맹사업 합니다 . 백종원도 손절한 사업구조 아이템입니다.
몇 군데 본사는 거리제한이 450m ~에서 500m 입니다. 소매로 버틸 수도 없는데 같은 브랜끼리도 경쟁해야 하는 구조입니다.
밀키트는 많은 메뉴 .박리다매 . 빠른 회전률이 성공요인입니다.( 이건 소매점에서 할수 없는 구조입니다.)
밀키트 4가지~6가지도 혼자 제대로 하실려면 못합니다~ 자 인제 손님들이 느끼죠 메뉴가 없다는 걸 ..
자 생각해보세요~ 밀키트 4~6가지에 들어가는 식자재들 . 이게 소매로 혼자서 가능한것일까 곰곰이 생각해보세요~
콩나물, 배추, 팽이버섯, 표고버섯, 느타리버섯, 감자, 고구마, 애호박, 무, 청양고추, 청경채, 마늘다지기, 김치, 양파, 대파 ,깻잎 등등을 매일~~ 손질 해줘야합니다.
거기에 떡이며 , 닭이며, 돼지고기며, 당면이며, 햄이며 아우...  재료가 몇가지를 10평공간에 밀어넣고 !
매일 마트를 가셔서 야채 사가지고 오셔서 씻고 세척하고 자르고 절단하고, 회전 안된 야채들은 눅눅해져서 사용 못하면 폐기하고 이 짓거리만해도 3~4시간 걸려요
아 보면 대충하는 소매점들도 많죠 워낙 사람들이 다양하니~ 근데 그 곳은요 사람들이 두번 다신 안가죠
생각해보세요 밀키트의 생명은 야채의 신선도인데 많이 포장해놓고 신경 안쓰는 사람들 더러 있죠 심지어 유통기한 도장으로 찍어놓고 눈에 대충보고 야채만 바꾸고 밀키트 재포장하는데 널렸을겁니다 . 이영돈이 봤으면 진즉 대만 카스테라 꼴 나는거죠
근데 소름끼치는것은 매출이 없어도 저시간입니다~ 혼자 못해요~ 야채 다듬고 나면 소분해야하고요. 별 짓거리 다해야 합니다~ 많이 만들어서 돈을 많이 벌어서  바쁜게 아니고~ 메뉴가 6가지만 넘어가도 이거 하다가 저거하고 전환하고 설겆이하고 다른 야채 다듬는데 하루 종일 걸리는겁니다~  비효율이에요
메뉴가 잘나가면 문제가 없는데 여러메뉴중 예측도 안될뿐더러 손 놓고 있기에는 매출이 안나오니 이건 뭐 진퇴양난의 구조입니다.
근데 대기업 밀키트는요 ~ 야채 대량사입해서 공장에서 다이렉트로 작업하는 구조로 애초에 밀키트는 공장형 아이템입니다. 절대 소매가 이길 수 없는 구조입니다.
3. 마트에서 파는 대기업 밀키트 회전율과 할인율
소매에서 만드는 밀키트는 실링을 박는순간 3일안에 그 제품을 팔든지 폐기하든지 둘 중하나입니다.
자 생각해보세요~ 대기업 밀키트는 야채 회전율과 포장지부분에서 이미 야채 신선도는 대기업 승",5125,월 200만원 부업,https://www.ppomppu.co.kr/zboard/view.php?id=soho&no=24886,ppomppu,[펌] 제발.. 밀키트 창업 하지 마세요(이건 노예짓입니다)71
,"나이 40대이고
대학 졸업이후 계속 직장생활만 하다가
역시 애생기니 월급만으론 부족해서
3년전에 소일거리로 부업을 시작했고
달달이 5만원 20만원 50만원 200만원 벌다가
어느새 올해 평균으로 따졌을때 월 1000만원을 벌게 됐습니다
역시 다니는 직장의 월급은 300만원 정도로 박봉
하지만
사업소득 1000만원에 고정수입 300만원은 보험 느낌도 있고 매출이 적을때 버팀목이 되는 소득원이기도 하고요
월 1000만원 소득이 있으면 회사 왜다니냐? 이런 생각도 하시겠지만
위에 말했듯 안정적인 300만원을 버릴수가 없드라고요
그리고 사업소득 월 1000만원이 언제까지 유지된다는게 보장되는것도 아니고요
그래서 너무 고민인게
회사 다니면서 시간 버리지 말고 그 시간을 사업에 투자해서 소득 올리는 가치있는 활동을 할까?
사업 그거 미래를 보장 못한다 힘 닿는데까지 회사생활 병행하면서 안정적으로 생활해야할까?
사업 선배님들 또는 투잡하시는 분들은 어떤 계기로 어떤 결정을 하셨는지
조언 부탁드립니다.
내일부터 추워진다는데 모두 감기 조심 코로나 조심 하세요",535,월 200만원 부업,https://www.ppomppu.co.kr/zboard/view.php?id=soho&no=24461,ppomppu,회사다니면서 사업도 병행하는데 회사를 못그만두겠어요137
,"400억 벌고 카이스트교수 버렸다, 주식 부캐가 본캐 된 남자 [별★터뷰]
'부캐(부캐릭터)'의 시대라고 하지만, 본업과 완전히 차별화 되기는 쉽지 않다. 최근 부업, 겸업에 그치던 부캐가 종종 본업인 ‘본캐’가 되는 사람이 등장하고 있다. 그런 맥락에서 김봉수(62) 전 카이스트 화학과 교수는 시대를 앞선 캐릭터다. 2019년 본캐인 교수를 사실상 버렸다. 부캐였던 주식 투자자를 본캐로 삼으면서…. 2005년 본격적으로 주식
https://news.v.daum.net/v/kaIKoeud1q
'부캐(부캐릭터)'의 시대라고 하지만, 본업과 완전히 차별화 되기는 쉽지 않다. 최근 부업, 겸업에 그치던 부캐가 종종 본업인 ‘본캐’가 되는 사람이 등장하고 있다. 그런 맥락에서 김봉수(62) 전 카이스트 화학과 교수는 시대를 앞선 캐릭터다. 2019년 본캐인 교수를 사실상 버렸다. 부캐였던 주식 투자자를 본캐로 삼으면서….
2005년 본격적으로 주식 투자를 시작한 그는 여러 종목에서 10배 넘는 수익을 냈다. 말그대로 ‘슈퍼개미’가 됐고 2010년대 중반 400억원을 운용하기에 이르렀다.
‘경제적 자유’를 얻은 그는 최근에는 페이스북으로 개미 투자자들과 소통하며 전업 투자자로 산다. SNS에서 “합리적인 추론으로 세상을 이해하려는 극단론자”로 자신을 소개하고 있다. 교수에서 투자자로 변신한 그를 지난 8일 대전시 자택 근처에서 만났다. 증시 거래 정규시간(오후 3시 30분)이 끝난 직후였다.
홈
사회
정치
경제
국제
문화
IT
랭킹
연재
포토
TV
통합검색
SNS
Q : 과거 기사 보니 500억원을 운용한다고 나오는데 지금은 어떤가.
A : 순 자산은 아니고 그 정도 운용했다. 2018년부터 트럼프가 중국을 공격해 가치 투자자들이 어려움을 겪었다. 나도 손실이 컸지만 수익률보다 내 예측대로 되는지를 더 중요하게 생각했다. 작년 3월 이후 세상과 시장이 예측대로 흘렀다. 이전에는 계좌가 줄면 몸무게가 줄었는데 요즘 아주 잘 회복하고 계좌도 극복했다.
Q : 경제적 자유를 얻은 삶은 어떤가.
A : 누구의 간섭도 받지 않는다는 게 제일 좋다. 한 달에 200만원 정도 쓴다. 생각이 업인 사람은 돈 얼마 안 쓴다. 클래식 바이올린 협주곡들과 몽블랑 만년필을 좋아한다. 퇴직하고 좋은 건 소설을 맘껏 읽는 것. 프루스트의 『잃어버린 시간을 찾아서』와 소설가 김정환 전집을 퇴직하고 나서 읽었다. 올해 주식이 많이 올라 음악 들을 여유가 생겨 최근에는 36년 만에 오디오를 바꿨다
Q : 메신저 알림말이 ""Good time to invest""인데 지수가 이미 많이 오른 거 아닌가.
A : 돈이 코로나 이전보다 두 배 이상 풀렸다. 아직 해 뜨기 직전이라고 본다. 작년 3월에 V자형 반등을 예측했다. 코로나 이후 시대에는 이전처럼 아무 일 없던 것처럼 돌아가는데 물동량이 늘어나는 해운, 또 조선을 좋게 봤다. 다만 해운은 레버리지로 움직여 조선주가 낫다고 본다. 사람들은 2~3개월을 보지만 나는 장기적으로 본다. 잘 기다리는 사람이 챙겨간다.
Q : 오른 종목은 언제 파나.
A : 가치주에 사서 테마주일 때, 남들이 흥분하고 파티할 때 판다. 내가 생각하는 적정 가치보다 3배쯤 올랐을 때다. 위기와 폭등은 연결됐다. 이때 엄청난 돈이 오간다. 의연하게 기다리는 쿨한 이들에게 큰 보상이 온다. 상한가 맞아 흥분할 때 냉철하게 파는 사람이 쿨한 사람이다. 훈련으로 흥분 정도를 약화시킬 순 있는데 아주 힘들다.
Q : 공부 잘하는 사람이 투자도 잘하나.
A : 주식 잘하는 건 영어 수학 잘하는 법과 비슷한데 보상의 차원이 다르다. 서울대, 카이스트 나왔다고 다 잘하는 건 아니다. 공부 잘하는 사람은 주식에서 유연성이 부족하더라. 머리는 기껏해야 30% 차이다. 집중력이 중요하다. 부족한 만큼 더 공부하면 된다. 공부법은 이미 세상에 많이 나왔다. 나는 트럼프한테 계좌가 박살 나는 과정에서 많이 배웠다. 좋은 책에 나온 말들이 다 맞더라.
이 분 예전에 기사에서 봤었는데 퇴직하셨군요
대부분 기다릴 줄 알아야 큰 수익이 난다고
말하는데 흠...
너무 어려운 얘기ㅠ",2009,월 200만원 부업,https://www.ppomppu.co.kr/zboard/view.php?id=freeboard&no=7510559,ppomppu,"400억 벌고 카이스트교수 버렸다, 주식 부캐가 본캐 된 남자 [별터뷰]4"
,"저혼자만 안하는 것 같아 왠지 뒤떨어 지는 느낌이 들었는데.. 고향 친구중에 한명이 월200만원 벌면서 성실하던 친구가 있는데 코인을 해서 돈을 좀 벌었다고 하길래 지나가는 말로 얼마벌었나 물어 봤더니 5천을 벌었답디다. 근데 문제는 일상적인 생활이 안된답니다. 밤에도 보고 있어야 되고 클릭 몇번으로 몇백이 왔다가 갔다 하니 자기가 한달 내내 버는 수입보다 많은게 본인 스스로도 아이러니 하다고 하네요. 그러다가 몇 달이 지나고 지금은 모아두었던 돈 전부 다 날리고 대출도 다 땡기고 지인들한테 돈빌리고 다니네요.
한순간에 폐인되는 건 순식간이네요. 옆에서 지켜 보는데 안스럽습니다. 다 내려 놓고 다시 시작하라고 조언해주었지만 큰거 한방의 짜릿함을 잊을 수 없다고 하며 고생해봐야 200이라고 듣지도 않네요. 제가 저것 때문에 주식이나 코인을 안합니다. 근데 주위에 하는 사람은 많은데 정작 땄다고 자랑하는 사람은 없네요.ㅋㅋ
아침에 그냥 썰 풀은거에요.ㅋㅋ 월급은 그대로 인데 집값은 오르고 물가도 오르고.ㅋㅋ 부업으로 뭐 하나 해야 하나 하면서 적은 썰!!",539,월 200만원 부업,https://www.ppomppu.co.kr/zboard/view.php?id=problem&no=152148,ppomppu,너나 할 것 없이 누구나 코인하는데4
