keyword,category,title,description,link,cafename,cafeurl,ad_score,side_score,success_score,noise_score,final_score,is_ad
부업 성공 후기,기타,40대 부업 추천 받고 싶어요,‘40대 부업 성공 후기’ ‘40대 엄마 부업 후기’ 이런 글들이 정말 많던데 막상 해보신 분들 얘기를 들어보면 또 현실은 다르다는 말도 있어서요 그래서 실제로 40대 여성분들이 해보신 부업 후기를 듣고 추천...,http://cafe.naver.com/engmstudy/3116756,● 짠돌이카페 ● 짠돌이부자되기(재테...,https://cafe.naver.com/engmstudy,0,2,3,2,3,False
부업 성공 후기,기타,집에서 아이 보면서 할 수 있는 부업 종류,"신입회원 자동등업 = 게시글3개 + 댓글10개 + 좋아요10개 집에서 아이 보면서 할 수 있는 부업 종류 물가가... 무통보 삭제글 - 운영진 승인없는 글 - 댓가성 후기글 - 스튜디오 백일 공구 전통돌상 성장동영상,출산선물...",http://cafe.naver.com/pusanmommy/1486997,부산맘 카페 - 부산 맘카페 결혼 웨딩...,https://cafe.naver.com/pusanmommy,0,2,0,0,2,False
부업 성공 후기,기타,"계획표 활용, 부업 성공의 지름길일까요?","효과적인지, 그리고 그걸 어떻게 제 상황에 맞게 적용해야 할지 궁금해요. 혹시 계획표 활용해서 부업 성공하신 분 계실까요? 현실적인 조언이나 주의할 점, 솔직한 후기, 구체적인 방법 좀 알려주시면 정말 감사하겠습니다.",http://cafe.naver.com/koarane/96819,리얼리뷰 공유소ㅣ내돈내산 찐리뷰 커...,https://cafe.naver.com/koarane,0,2,3,2,3,False
부업 성공 후기,기타,"메리츠파트너스 부업 후기, 수익구조 신청까지 정리",절대절대절대 돈 한 푼 안 들이고 자격증 + 부업 루트를 확보하는 셈이된답니다. 어떤 수익을 만들 수 있을까? 요즘 메리츠파트너스 후기가 많이 보시고 메리츠파트너스수익이 점점 상승하는 이유는 이러한데요!! ①...,http://cafe.naver.com/llchyll/2318013,"웨딩킹★다이렉트결혼준비,스드메,웨딩...",https://cafe.naver.com/llchyll,0,4,0,0,4,False
부업 성공 후기,기타,비전공자도 가능? IT 취업+부업까지 동시에 성공한 후기,"IT 취업+부업까지 동시에 성공한 후기 저 진짜 컴맹이었어요ㅋㅋ 전공은 식품영양학, 첫 직장은 식품회사 영업직… 완전 IT랑은 거리가 먼 인생이었거든요? 근데 1년 전쯤부터 ""이대로 살아도 되나?"" 싶은 위기감이 들면서...",http://cafe.naver.com/koarane/112543,리얼리뷰 공유소ㅣ내돈내산 찐리뷰 커...,https://cafe.naver.com/koarane,0,2,3,2,3,False
부업 성공 후기,콘텐츠,부업추천 고민이라면 요즘 뜨는 스마트소득 알아보자,"진짜 요즘 부업은 '시간이 아니라 시스템'이 중요해진 듯요 ───────────────── [# 실제 부업러들 후기, 이건 인정해야 함!] 커뮤니티랑 인스타 보면 부업 성공한 후기 진짜 많더라구요! 예를 들어 하루...",http://cafe.naver.com/koarane/238909,리얼리뷰 공유소ㅣ내돈내산 찐리뷰 커...,https://cafe.naver.com/koarane,0,2,3,2,3,False
부업 성공 후기,기타,부업으로 시작하는 창업 이야기,"주변에서 부업으로 성공한 사람들을 보면 부러움이 가득했지만, 나도 저렇게 될 수 있을지 자신이... 그곳에서 다른 분들이 추천하는 프로그램도 있었고, 직접 창업한 분들의 생생한 후기들을 읽으면서 저도 용기를...",http://cafe.naver.com/coolishz/785564,창사영2[창업사업영업아이템]소상공인...,https://cafe.naver.com/coolishz,0,2,3,2,3,False
부업 성공 후기,기타,집에서하는부업으로 월천 가능? 직접 해본 후기 알려드림,"그래서 이번엔 제가 직접 해본 집부업 후기를 솔직하게 정리해봤어요!... 제가 해보니, 진짜 실력 있는 시스템과 팀을 만나야 성공하더라구요. 혼자서 삽질하다가 시간만 버리는 경우도 많거든요. 그래서 저는 믿을만한...",http://cafe.naver.com/koarane/94701,리얼리뷰 공유소ㅣ내돈내산 찐리뷰 커...,https://cafe.naver.com/koarane,0,2,3,2,3,False
부업 성공 후기,스마트스토어,"직장인 부업, 결국 꾸준한 사람이 돈 번다","하지만 대부분의 부업은 초반보다 “누적”이 중요합니다. 예를 들어 블로그나 유튜브는 글과 영상이 쌓일수록 조회수가 늘어나고, 온라인 판매 역시 후기와 신뢰가 누적되면서 매출이 커집니다. 직장인은 하루에 많은...",http://cafe.naver.com/mkas1/1964108,행복재테크ㅣ부동산 투자 경매 창업 직...,https://cafe.naver.com/mkas1,0,10,0,0,10,False
부업 성공 후기,기타,청주에서 부업 찾고 있다면 이 글 한번 주목해 주세요,"제가 알기로는, 신뢰할 수 있는 플랫폼이나 추천 후기가 있는 곳 위주로 시작하는 게 안전합니다. 또한... ───────────────── ■부업 성공 사례 청주에서 부업을 시작한 지인 중 한 분은 온라인으로 하루...",http://cafe.naver.com/koarane/256775,리얼리뷰 공유소ㅣ내돈내산 찐리뷰 커...,https://cafe.naver.com/koarane,0,2,3,2,3,False
부업 성공 후기,기타,AI 신세계 부업 미리캔버스 기여자 디자인허브 전자책과 200개 황금키워드 구매 추천,"이처럼 후기와 사용기를 보면, 누구나 손쉽게 부업을 시작하고 성공할 수 있다는 희망이 가득하답니다. 혹시, 부업에서 성공하려면 어떤 준비가 필요하다고 생각하세요? 바로 이러한 자료와 전략이 큰 차이를 만든다고...",http://cafe.naver.com/nbev2/3175,공공이nbev2,https://cafe.naver.com/nbev2,0,2,3,2,3,False
부업 성공 후기,기타,40대부업 뭐가 좋을까? 실제로 해본 사람들 이야기,"사람들의 후기까지 모아서 오늘 정리해보려고요! 40대 부업 찾는 분들 진짜 많아서 이 정보 도움될 것 같아요... 40대분들 부업 성공한 사례 보면, 뭐를 했는지보다 ‘노출 전략 + 꾸준함 + 마케팅’ 이 조합이...",http://cafe.naver.com/koarane/191020,리얼리뷰 공유소ㅣ내돈내산 찐리뷰 커...,https://cafe.naver.com/koarane,0,2,3,4,1,False
부업 성공 후기,기타,"퍼널마케팅 초보자 온라인 부업으로 추천, 초보도 가능한 이유?",────────── [ 부업 성공의 열쇠 = 자동화 구조] 퍼널 마케팅은 결국 ‘흐름’을 세팅하는 거예요.... 마케팅 후기 쏟아지는 이유] 단순함 + 효율성 + 자동화 이 조합이 부업의 정석이라는 생각이 들더라구요....,http://cafe.naver.com/koarane/290299,리얼리뷰 공유소ㅣ내돈내산 찐리뷰 커...,https://cafe.naver.com/koarane,0,2,3,2,3,False
부업 성공 후기,기타,"김포에서 찾은 현실적인 부업, 직접 해보니 생각보다 괜찮았어요!",진짜 김포맘카페에서도 성공 후기 자주 올라와서 신뢰가 좀 생기더라구요. ───────────────── ★ [김포 내 부업 장소 추천해드려요] 혹시 오프라인 알바나 부업을 찾는 분들도 계실까봐 알려드리자면요...,http://cafe.naver.com/koarane/288378,리얼리뷰 공유소ㅣ내돈내산 찐리뷰 커...,https://cafe.naver.com/koarane,0,2,3,2,3,False
부업 성공 후기,기타,요즘 가장 핫한 부업추천은 이쪽이더라구요?,───────────────── ★ 부업 성공의 핵심은 바로 ‘마케팅력’ 진짜 제가 느낀 건... 뭐든... ───────────────── ■실제 수익자 후기가 궁금하다면?■ ↓↓[3분 후기 읽어보기]...,http://cafe.naver.com/koarane/244831,리얼리뷰 공유소ㅣ내돈내산 찐리뷰 커...,https://cafe.naver.com/koarane,0,4,3,4,3,False
부업 성공 후기,기타,부업어플 후기 찾아보다가 여기에 질문드려요,부업어플 후기 찾아보다가 여기에 질문드려요 요즘 진짜 생활비가 너무 빠듯해서 부업이라도 해보려고... 정말 확실히 성공 가능한 좋은 부업거리가 있었으면 좋겠어요. 온라인마케팅으로 돈을 벌어보고 싶다는 생각도...,http://cafe.naver.com/koarane/54631,리얼리뷰 공유소ㅣ내돈내산 찐리뷰 커...,https://cafe.naver.com/koarane,0,2,3,2,3,False
부업 성공 후기,기타,부업어플 추천해달라는 DM 요즘 진짜 많이 와요,"부업어플, 이건 알고 시작하자] 물론 아무 어플이나 덥썩 하는 건 위험해요. ▶️ 후기 검색 안 돼 있는 어플... ───────────────── [* 나만의 꿀팁도 공유해봅니다~] 제가 느낀 부업어플 성공 포인트는...",http://cafe.naver.com/koarane/178304,리얼리뷰 공유소ㅣ내돈내산 찐리뷰 커...,https://cafe.naver.com/koarane,0,2,3,2,3,False
부업 성공 후기,기타,"40대 남자, 현실적인 부업 찾기 막막하네요","중에서 괜찮은 알바나 부업으로 성공하신 분 계실까요? 시급이나 근무 조건은 어떤지, 초기 비용은 얼마나 드는지, 특별한 기술이나 경험이 필요한지 궁금합니다. 현실적인 조언이나 주의할 점, 솔직한 후기 좀 부탁드려요.",http://cafe.naver.com/koarane/221348,리얼리뷰 공유소ㅣ내돈내산 찐리뷰 커...,https://cafe.naver.com/koarane,0,2,3,2,3,False
부업 성공 후기,기타,AI 신세계 부업 미리캔버스 기여자 디자인허브 전자책과 200개 황금키워드 상세 리뷰,"이 제품은 제가 처음 접했을 때부터 정말 많은 도움을 받았고, 지금은 저의 작은 부업 성공 스토리의 핵심 열쇠가 되었답니다. 오늘은 이 제품이 얼마나 유익한지, 그리고 왜 많은 분들이 추천하는지 후기를 나누고 싶어요....",http://cafe.naver.com/nbev2/1594,공공이nbev2,https://cafe.naver.com/nbev2,0,2,3,2,3,False
부업 성공 후기,기타,스타트업 회사 다니며 부업 시작한 후기 궁금하지 않음,"스타트업 회사 다니며 부업 시작한 후기 궁금하지 않음? 저는 지금 3년차 스타트업 재직 중인데요, 처음엔... 20대부터 60대까지 성공사례 많음 이거 하나 잘 배워두면 진짜 ‘디지털노마드’라는 말, 더 이상 꿈 아니에요...",http://cafe.naver.com/koarane/71180,리얼리뷰 공유소ㅣ내돈내산 찐리뷰 커...,https://cafe.naver.com/koarane,0,2,3,2,3,False
부업 성공 후기,기타,당근부업 진짜 돈 되는지 솔직한 후기 궁금해요,당근부업이라는 걸 알게 됐어요. 주변에선 간단하다고 하던데 막상 검색해보니까 후기마다 다 달라서... 확실히 성공 가능한 좋은 부업거리가 있었으면 좋겠어요. 요즘 온라인마케팅이나 스마트폰으로 할 수 있는 일도...,http://cafe.naver.com/koarane/98729,리얼리뷰 공유소ㅣ내돈내산 찐리뷰 커...,https://cafe.naver.com/koarane,0,2,3,2,3,False
부업 성공 후기,기타,Faisuro 사기 페이스로 영상 시청 부업 어플 사칭 피해 위험한 이유는,"Faisuro 사기 페이스로 영상 시청 부업 어플 사칭 피해 위험한 이유는 Faisuro 사기라는 이름을 처음 접했을 때... 현재 공개 검색에서는 Faisuro 사기를 영상 시청, 간단한 인증, 팀미션형 부업과 연결해 설명하는 게시물이...",http://cafe.naver.com/cantsb/3223060,국내1위 다이어트 커뮤니티 씨씨앙(식...,https://cafe.naver.com/cantsb,0,2,0,0,2,False
부업 성공 후기,기타,사주운세부업 시작해보신 분 후기 궁금해요,사주운세부업 시작해보신 분 후기 궁금해요 요즘 인터넷에서 사주운세부업이 괜찮다고 해서 관심이... 확실히 성공 가능한 좋은 부업거리가 있었으면 좋겠어요. 요즘 같은 시기에 주부나 직장인들이 하기 좋은 부업이 뭐가...,http://cafe.naver.com/koarane/90102,리얼리뷰 공유소ㅣ내돈내산 찐리뷰 커...,https://cafe.naver.com/koarane,0,2,3,2,3,False
부업 성공 후기,기타,수작업부업 해보신 분들 후기 궁금해요,수작업부업 해보신 분들 후기 궁금해요 요즘 수작업부업이라는 게 눈에 많이 띄더라고요. 종류도 워낙 많고... 그래도 확실히 성공 가능한 좋은 부업거리가 있었으면 좋겠어요. 특히 온라인마케팅이나 집에서 할 수 있는...,http://cafe.naver.com/koarane/86995,리얼리뷰 공유소ㅣ내돈내산 찐리뷰 커...,https://cafe.naver.com/koarane,0,2,3,2,3,False
부업 성공 후기,기타,포스팅부업 해보신 분들 후기 궁금해요,포스팅부업 해보신 분들 후기 궁금해요 요즘 포스팅부업 같은 간단한 부업 알아보고 있어요. 글만 쓰면 돈을... 확실히 성공 가능한 좋은 부업거리가 있었으면 좋겠어요. 광고 대행사에서 일감 받는 식으로 진행된다고...,http://cafe.naver.com/koarane/39768,리얼리뷰 공유소ㅣ내돈내산 찐리뷰 커...,https://cafe.naver.com/koarane,0,2,3,2,3,False
부업 성공 후기,기타,당근마켓부업 해보신 분 현실적인 후기 궁금해요,당근마켓부업 해보신 분 현실적인 후기 궁금해요 요즘 돈을 벌어야 하는데 현실이 너무 힘드네요. 회사... 확실히 성공 가능한 좋은 부업거리가 있었으면 좋겠어요. 당근마켓부업이 그런 쪽이라면 진지하게 도전해보고...,http://cafe.naver.com/koarane/61086,리얼리뷰 공유소ㅣ내돈내산 찐리뷰 커...,https://cafe.naver.com/koarane,0,2,3,2,3,False
부업 성공 후기,콘텐츠,스마트폰 부업 시작하려는데 요즘 뭐가 진짜 되는지 궁금하더라구요,기반 부업은 구조만 제대로 잡으면 월 50~200까지도 가능하다고 해요. 제가 본 후기 중에 특히 인스타... 본 부업 중에 성공 확률이 제일 높은 구조 같았어요. 확실히 요즘 스마트폰 부업 중에서도 이건 ‘레벨이 다른 느낌’...,http://cafe.naver.com/koarane/165673,리얼리뷰 공유소ㅣ내돈내산 찐리뷰 커...,https://cafe.naver.com/koarane,0,2,3,2,3,False
부업 성공 후기,기타,"부업추천 2026, 이제는 아무거나 시작하면 안 되는 시기예요.",# 2026년 부업 성공 사례들의 공통점 “처음부터 구조 이해하고 시작했어요.” “열심히 한 게 아니라... 이 후기들 보면 노력보다 ‘설계’가 중요하다는 게 확 느껴져요. # ❓ 부업추천 2026 관련 자주 묻는 질문 Q. 아직...,http://cafe.naver.com/koarane/390851,리얼리뷰 공유소ㅣ내돈내산 찐리뷰 커...,https://cafe.naver.com/koarane,0,2,3,4,1,False
부업 성공 후기,기타,돈버는부업 해보신 분들 현실 후기 궁금해요,확실히 성공 가능한 부업거리 있었으면 좋겠어요. 특히 온라인으로 돈 벌 수 있는 쪽이요. 집에서도 간단하게 할 수 있는 일이라면 더 좋겠고요. 혹시 요즘 실제로 해보신 분 계신가요? 진짜 수익 나는 돈버는부업 추천 좀...,http://cafe.naver.com/koarane/114341,리얼리뷰 공유소ㅣ내돈내산 찐리뷰 커...,https://cafe.naver.com/koarane,0,4,3,6,1,False
부업 성공 후기,기타,부업 해보신 분들 솔직한 후기 궁금해요,"정말 확실히 성공 가능성 있는 부업이 있었으면 좋겠어요. 요즘은 온라인마케팅 같은 것도 배워볼까 고민 중인데, 그런 쪽도 진입장벽이 낮은 건지 궁금하고요. 혹시 지역에서 실제로 해보신 부업이 있다면, 어떤 일 하셨고...",http://cafe.naver.com/koarane/44253,리얼리뷰 공유소ㅣ내돈내산 찐리뷰 커...,https://cafe.naver.com/koarane,0,2,3,2,3,False
부업 성공 후기,기타,온라인창업종류 고민이라면 후기 많은 이걸 추천!,"───────────────── [# 후기 많은 온라인창업 공통점은?] 진짜 성공 후기를 보면, 대부분... 온라인 부업이 정말 많더라구요. 온라인창업종류, 막상 해보면 생각보다 기술보다 시스템이 중요하더라구요!...",http://cafe.naver.com/koarane/74321,리얼리뷰 공유소ㅣ내돈내산 찐리뷰 커...,https://cafe.naver.com/koarane,0,2,3,2,3,False
부업 성공 후기,기타,직장인 투잡 추천! 퇴근 후 월 100만원 버는 온라인 부업 아이템 BEST 5,"제가 아는 선에서 몇 가지 정리해봤는데, 혹시 이 외에도 직장인 퇴근 후 할 만한 괜찮은 온라인 부업 아이템 아시는 분들 계시면 댓글로 추천 좀 해주세요! 아니면 위에 소개된 것들 중에 직접 해보신 경험 있으시면 후기도...",http://cafe.naver.com/onmirclub/5303,온미르클럽,https://cafe.naver.com/onmirclub,0,4,3,4,3,False
부업 성공 후기,기타,"에어비앤비 창업, 지금 시작해도 괜찮을까?",실제로 후기 점수 하나가 예약률에 큰 영향을 미치기 때문에 작은 부분까지 세심하게 관리해야 합니다. 최근에는 직장인 부업으로 에어비앤비 창업을 시작하는 사례도 많아지고 있습니다. 자동 체크인 시스템과 운영 대행...,http://cafe.naver.com/mkas1/1966143,행복재테크ㅣ부동산 투자 경매 창업 직...,https://cafe.naver.com/mkas1,0,2,0,0,2,False
부업 성공 후기,기타,(찐후기) 온라인 부업 쌩초보가 3주만에 만든 첫 수익 50만원,처음 온라인 부업을 시작할 때 저는 솔직히 믿음보다 의심이 더 컸습니다. “정말 될까?” “나 같은 초보도... 온라인 부업 초보지만 아무것도 몰라도 상관 없어요! 저 또한 온라인 부업 자체가 처음이라 아무것도...,http://cafe.naver.com/koarane/194612,리얼리뷰 공유소ㅣ내돈내산 찐리뷰 커...,https://cafe.naver.com/koarane,0,4,0,0,4,False
부업 성공 후기,기타,핸드폰으로하는 부업 하루 30분 현실 후기 공개,"───────────────── [직접 해본 사람들 후기에서 느낀 공통점] 진짜 되는 사람들 후기 보면... 하다가 안 되면 “역시 부업은 다 사기야” 이러고 접게 되구요. 근데 성공한 사람들 보면, 대부분 팀이나...",http://cafe.naver.com/koarane/235056,리얼리뷰 공유소ㅣ내돈내산 찐리뷰 커...,https://cafe.naver.com/koarane,0,2,3,2,3,False
부업 성공 후기,기타,수원부업 찾는다면 워크넷 말고 이 방법은 어때요?,"[(리얼후기) 수원맘들 이거 찐으로 하고 있어요~] 수원에 있는 아파트 맘카페들 보면, 이 부업 얘기 진짜 많이... ───────────────── [# 수원부업, 혼자 말고 같이 하면 성공확률 UP!] 제가 속한...",http://cafe.naver.com/koarane/163886,리얼리뷰 공유소ㅣ내돈내산 찐리뷰 커...,https://cafe.naver.com/koarane,0,2,3,2,3,False
부업 성공 후기,기타,직장인부업추천 검색하다가 지쳤어요,"직장인부업추천 키워드로 검색해보면 종류는 많던데 대부분 광고같고, 해본 사람 후기들도 다 달라서 뭘... 확실히 성공 가능한 좋은 부업거리가 있었으면 좋겠네요. 그냥 돈 되는 부업 말고, 장기적으로도 가능성이 있는...",http://cafe.naver.com/koarane/139259,리얼리뷰 공유소ㅣ내돈내산 찐리뷰 커...,https://cafe.naver.com/koarane,0,2,3,4,1,False
부업 성공 후기,기타,"창업부업지원센터, 진짜 도움 될까요? 경험자분들 알려주세요!","실제로 센터를 통해 성공적으로 부업을 시작하신 분이 계신가요? 초기 비용이나 필요한 스킬, 그리고 센터 이용 시 주의할 점이 있다면 현실적인 조언 부탁드립니다. 솔직한 후기 기다릴게요!",http://cafe.naver.com/koarane/210265,리얼리뷰 공유소ㅣ내돈내산 찐리뷰 커...,https://cafe.naver.com/koarane,0,2,3,2,3,False
부업 성공 후기,기타,"부업 아카데미, 진짜 돈 벌 수 있을까요?","확실히 성공 가능한 부업 방법이 있었으면 좋겠어요. 혹시 부업 아카데미 다녀보신 분 계실까요? 어떤... 비용은 어느 정도 들었고, 어떤 스킬이 필요한가요? 솔직한 후기나 현실적인 조언, 주의할 점 있다면 꼭 알려주세요.",http://cafe.naver.com/koarane/144365,리얼리뷰 공유소ㅣ내돈내산 찐리뷰 커...,https://cafe.naver.com/koarane,0,2,3,2,3,False
부업 성공 후기,기타,팀미션 사기 실제 수법과 예방법까지,"재택부업과 온라인 수익 활동에 대한 관심이 높아지면서 다양한 아르바이트 형태가 등장하고 있습니다.... 실제로 온라인 커뮤니티와 후기 게시판에서도 팀미션 사기 피해 경험담이 계속 올라오고 있으며, 많은 사람들이...",http://cafe.naver.com/rc003/339791,구미부동산이야기 (김천 아파트 교육 ...,https://cafe.naver.com/rc003,0,6,0,0,6,False
부업 성공 후기,기타,이천구인구직 관련해서 괜찮은 부업 있을까요?,부업이라도 있었으면 하는데 괜찮은 일자리는 어떻게들 찾으시나요? 혹시 이천 지역에서 구인구직으로 괜찮은 부업 해보신 분 있으면 추천이나 후기 부탁드릴게요. 확실히 성공 가능한 좋은 부업거리 있었으면 좋겠네요.,http://cafe.naver.com/koarane/87121,리얼리뷰 공유소ㅣ내돈내산 찐리뷰 커...,https://cafe.naver.com/koarane,0,2,3,2,3,False
부업 성공 후기,기타,주부자격증추천 요즘 다시 공부하는 이유가 있더라구요,"실제로 재취업 성공 후기들도 보이구요. 물론 개인차는 있지만 가능성은 충분해 보였어요.... Q. 부업으로도 가능한가요? A. 네, 온라인 기반으로 연결하면 부업 형태로 시작하는 분들도 많아요....",http://cafe.naver.com/koarane/375859,리얼리뷰 공유소ㅣ내돈내산 찐리뷰 커...,https://cafe.naver.com/koarane,0,2,3,2,3,False
부업 성공 후기,기타,알바몬서울 보면서 부업 알아보는 중이에요~,확실히 성공 가능한 좋은 부업거리 있었으면 좋겠어요. 혹시 알바몬서울 통해서 부업이나 재택일 해보신 분들 계신가요? 실제 해보신 후기나 추천해주실만한 일 있으면 알려주세요.,http://cafe.naver.com/koarane/61742,리얼리뷰 공유소ㅣ내돈내산 찐리뷰 커...,https://cafe.naver.com/koarane,0,4,3,4,3,False
부업 성공 후기,기타,[성공셀러] 스마트크로스 업체 후기 올려드립니다. 여러분들도 조심하세요,버젓이 영업하고있는 스마트크로스라는 업체 실제 후기 올립니다. 12월17일 입금후 1월초까지 모든 프로그램... 이 내용은 실제상황을 토대로 작성된 후기 내용입니다. 제 글의 잘못된점이있다면 고소 하셔도 좋습니다....,http://cafe.naver.com/soho/4006397,"★쇼핑몰창업,스마트스토어,스토어팜,...",https://cafe.naver.com/soho,0,0,3,0,3,False
부업 성공 후기,블로그,부업으로 월 몇십 만드는 분들 많네요~,예전에는 부업 하면 오프라인 일 생각했는데 요즘은 온라인으로도 수입 만드는 분들이 많네요 블로그... 노후준비/노후연금저축/소자본1인창업/집에서부업/국민개인연금/부동산재테크/ETF투자방법/ISA계좌/연금보험...,http://cafe.naver.com/eovhskfktmak/1143,4050 우리들의 두번째 시작[은퇴 국민...,https://cafe.naver.com/eovhskfktmak,0,6,0,0,6,False
부업 성공 후기,기타,[후기] 부업으로 키즈룸 하려다 냅다 베이비카페 차린 썰①,"""가벼운 부업""을 꿈꿨던 시작, 그리고 마키몬과의 인연 처음엔 저도 평범한 직장인이었습니다. 본업을 유지하면서 무인 키즈룸이나 하나 해볼까 하는 마음으로 '마키몬'에 발을 들였죠. 그때 올린 글 하나가 지금의...",http://cafe.naver.com/mykidsclub/90017,"마이키즈몬키즈카페창업에서,운영,매매...",https://cafe.naver.com/mykidsclub,0,2,0,0,2,False
부업 성공 후기,기타,핸드폰부업 실제 후기 궁금해요,"핸드폰부업 하시는 분들 실제 후기 궁금해요 핸드폰부업이라는 걸 알게 되었는데, 광고처럼 쉽게 돈이... 여러가지를 해봤는데도 결과가 없으니 확실히 성공 가능한 좋은 부업거리가 있었으면 좋겠다는 생각뿐이에요....",http://cafe.naver.com/koarane/26361,리얼리뷰 공유소ㅣ내돈내산 찐리뷰 커...,https://cafe.naver.com/koarane,0,2,3,2,3,False
부업 성공 후기,기타,쉬운부업 없을까요 진짜...,확실히 성공 가능한 좋은 부업거리가 있었으면 좋겠어요. 혹시 쉬운부업이라고 해서 실제로 괜찮았던 거 있으면 후기 좀 알려주세요. 집에서 할 수 있는 간단한 온라인부업도 알아보고 싶어요.,http://cafe.naver.com/koarane/17171,리얼리뷰 공유소ㅣ내돈내산 찐리뷰 커...,https://cafe.naver.com/koarane,0,2,3,2,3,False
부업 성공 후기,기타,왁싱자격증 따서 부업 시작해보려구요,여러가지를 해봤는데 잘 안돼서 더 조심스러워지는 것 같아요. 혹시 왁싱자격증 따서 부업하시는 분들 계시면 현실적인 후기 좀 알려주세요. 진짜 확실히 성공 가능한 부업거리가 있었으면 좋겠어요.,http://cafe.naver.com/koarane/8358,리얼리뷰 공유소ㅣ내돈내산 찐리뷰 커...,https://cafe.naver.com/koarane,0,2,3,2,3,False
N잡 성공 사례,기타,4대 보험 가입 의무 궁금증과 소득전략,싶었어요ㅋㅋ ───────────────── [*프리랜서·N잡러에게는 어떻게 적용될까?*] 프리랜서는... 분들도 성공사례가 계속 늘고 있다는 거 보고… ‘아 이건 진짜 누구나 할 수 있는 구조다’ 싶었어요....,http://cafe.naver.com/koarane/126143,리얼리뷰 공유소ㅣ내돈내산 찐리뷰 커...,https://cafe.naver.com/koarane,0,2,3,2,3,False
N잡 성공 사례,기타,[해원칭] 10/9 미션 완료,다이어트 성공사례 인터뷰 외 다수 저는 유년시절 전학만 다섯번을 다니며 따돌림을 당해 자존감이 낮았고... n잡에 도전하고 싶어서 주말 알바를 했었는데 체력이 따라주지 못해 다음날 병이 나서 앓아 누웠습니다....,http://cafe.naver.com/akqjatk12/4482,비즈니스엔진 | 1인브랜드 수익구조 ·...,https://cafe.naver.com/akqjatk12,0,0,3,0,3,False
N잡 성공 사례,기타,[전자책3기] 3일차 미션,"직장인 n잡, 디지털 노마드의 키워드에 관심이 있는 사람이라면 한번 쯤 찾아 볼 만한 내용이라는 것이다. 이런 내용의 책이.많다는 것은 그만큼 해당 주제에 대한 수요가 많다는 의미가 아닐까? 2. 위 성공사례에서...",http://cafe.naver.com/regawe123123/33242,1인기업스쿨 - 디지털노마드 블로그 온...,https://cafe.naver.com/regawe123123,0,0,3,0,3,False
N잡 성공 사례,기타,"직장인 부업 창업(무인 창업 종류, 장단점, 주의사항)","직장인 부업 창업(무인 창업 종류, 장단점, 주의사항) 안녕하세요. 니나93입니다. 오늘은 직장인 부업 창업으로 많은 분들이 관심을 가지고 있는 무인 창업에 대해 알아보려고 합니다. 무인 창업은 낮은 진입장벽과 운영의...",http://cafe.naver.com/mkas1/1642418,행복재테크ㅣ부동산 투자 경매 창업 직...,https://cafe.naver.com/mkas1,0,2,0,0,2,False
투잡 성공 후기,기타,"인터넷투잡 성공비결, 진짜 중요한 건 따로 있어요","인터넷투잡 성공비결, 진짜 중요한 건 따로 있어요 혹시 요즘 인터넷투잡에 대해 궁금하신 분들 많지... 60대 어르신도 시작했다는 후기 보고 저도 ‘에이 설마~’ 했는데… 막상 저도 해보니 진짜 별거 없더라구요 ㅎㅎ...",http://cafe.naver.com/koarane/232271,리얼리뷰 공유소ㅣ내돈내산 찐리뷰 커...,https://cafe.naver.com/koarane,0,2,3,2,3,False
투잡 성공 후기,기타,집에서창업으로 투잡 성공한 비결이 궁금하죠?,"집에서창업으로 투잡 성공한 비결이 궁금하죠? 요즘 제 주변에서도 ‘집에서창업’ 얘기 진짜 많이 들려요.... 아이템과 성공 사례, 그리고 제가 느낀 현실적인 후기까지 정리해볼게요....",http://cafe.naver.com/koarane/91817,리얼리뷰 공유소ㅣ내돈내산 찐리뷰 커...,https://cafe.naver.com/koarane,0,2,3,2,3,False
투잡 성공 후기,기타,주말투잡 찾는 사람들 요즘 이걸 제일 궁금해함,후기만 보고 시작했다가 금방 접는 경우도 많다고 하더라구요. 그래서 요즘은 시스템이 이미 갖춰진 구조를... ───────────────── [실제로 해본 사람들 이야기 들어보면] 주말투잡 성공한 사람들 얘기...,http://cafe.naver.com/koarane/254591,리얼리뷰 공유소ㅣ내돈내산 찐리뷰 커...,https://cafe.naver.com/koarane,0,2,3,4,1,False
투잡 성공 후기,기타,휘경동 원패스 후기 (투잡을 곁들인..) / 재료추천,턱걸이로서 후기를 적어볼게욧^^ -------------------------------------------------- 평일회사 주말알바하는 투잡러로... 하면서 버리고 다시함 다행히 성공 평소에 얇게하면 구멍날까봐 자신 없어서 두께가 머 거의 1센치 될것 마냥...,http://cafe.naver.com/sassinail/2668952,::맨사::맨손톱을사랑하는사람들 / No...,https://cafe.naver.com/sassinail,0,2,3,2,3,False
투잡 성공 후기,기타,워홀비자로 같은 업종에서 투잡,"▶ 인비테이션 선발된 분들은, 인비성공 후기를 ""꼭"" 작성해야 답변이 작성됩니다. 질문시작 안녕하세요. 제가 워홀비자인데, 같은 업종에서 투잡 뛸 수 없는건가요? 메인잡으로 카페에서 일하고있는데, 세컨잡도 카페에서...",http://cafe.naver.com/gocan/609269,2026 캐나다 워킹홀리데이 No.1 대표카...,https://cafe.naver.com/gocan,0,2,3,2,3,False
투잡 성공 후기,기타,생계비지원대출 자격요건 잘 알아봐주셔서 감사해요,아프신 어머니와 함께 생활하고 있는데요 생활비와 병원비를 저혼자 감당하려니 매달 여유돈이 부족하고 힘든 상황의 연속이었어요 지금 하고 있는 일이 잘 안되서 생계비지원대출 자격요건을 알아보게 됐는데 투잡을...,http://cafe.naver.com/kin35/159265,"[뱅크일번지]신용대출,채무통합,대환,...",https://cafe.naver.com/kin35,0,2,0,0,2,False
투잡 성공 후기,기타,지방 투잡 쿠팡 400 건 후기..,",초성어등 관심유도행위 절대 금지) ----------------------------- - 지방 투잡이고 쿠팡 400건 30만 미션... 그래도 평단가 6200 원 정도면 괜찮은거 같습니다 미션땜에 부지런하게 했네요 투잡이라 400 건 이상은 무리 인거...",http://cafe.naver.com/nds07/3471745,"배달세상 :: 배달대행, 쿠팡이츠, 배민...",https://cafe.naver.com/nds07,0,2,0,0,2,False
투잡 성공 후기,기타,직장인 투잡추천 인생이 달라지는 투잡 트렌드,직장인 투잡추천 인생이 달라지는 투잡 트렌드 혹시 요즘 들어 직장 월급만으로는 버티기 힘들다… 이런... 생겼다는 후기 보고 실제로 저도 속으로 ‘헉…’ 했어요. 게다가 혼자보다 팀으로 하면 성공 확률이 훨씬...,http://cafe.naver.com/koarane/201902,리얼리뷰 공유소ㅣ내돈내산 찐리뷰 커...,https://cafe.naver.com/koarane,0,2,3,2,3,False
투잡 성공 후기,배달,투잡 배달대행후기,살고싶어지는 투잡인거같아요 자율성도 있구요 친구가 사장이라 그냥 타고싶을때 나오고싶을때 시간 알아서 타라고해주는바람에 그냥 바람쐬고싶을때마다 나가네요 오늘도 여친이랑 데이트후 나가서 5만원 벌었고...,http://cafe.naver.com/appleipad01/254287,[도중치]도박중독/스포츠토토/프로토/...,https://cafe.naver.com/appleipad01,0,4,0,0,4,False
투잡 성공 후기,기타,직장인투잡추천 요즘 사람들 이걸로 소득 올리더라,직장인투잡추천 요즘 사람들 이걸로 소득 올리더라 혹시 저처럼 회사 다니면서 투잡 생각해본 적... 났어요ㅎㅎ ───────────────── *성공한 사람들의 퍼널 후기 살짝 알려드릴게요!* ▶️ 한 달 만에 월 1...,http://cafe.naver.com/koarane/101322,리얼리뷰 공유소ㅣ내돈내산 찐리뷰 커...,https://cafe.naver.com/koarane,0,2,3,2,3,False
투잡 성공 후기,기타,직장인 투잡 알바 추천 고수익 투잡 찾는다면,직장인 투잡 알바 추천 고수익 투잡 찾는다면 요즘 회사 다니면서도 부수입 만들어보려는 분들 진짜... 60대 분들도 수익 내는 사례 이미 많이 나왔다는 게 포인트 ───────────────── [퍼널 마케팅 후기...,http://cafe.naver.com/koarane/131305,리얼리뷰 공유소ㅣ내돈내산 찐리뷰 커...,https://cafe.naver.com/koarane,0,6,0,2,4,False
투잡 성공 후기,기타,양평 주꾸미 낚시 후기,많이 잡은 건 아니지만 처음 치고는 “이 정도면 성공이다” 싶은 정도는 돼서 괜히 뿌듯했습니다. 집에... 인터넷투잡/저축은행적금/50대노후준비/40대노후준비/노후자금계산기/노후생활비/연금추천/종신형연금보험...,http://cafe.naver.com/eovhskfktmak/7585,4050 우리들의 두번째 시작[은퇴 국민...,https://cafe.naver.com/eovhskfktmak,0,2,3,2,3,False
투잡 성공 후기,기타,쿠팡퀵플렉스 투잡으로 가능할까 고민중이라면,"직장인 투잡러들이 특히 많이 찾더라구요. 저도 실제로 알아보니까, 하루 3~4시간만 투자해도 수익이 꽤 괜찮더라구요. 물론 지역이나 물량에 따라 다르지만, 한 달 기준으로 100~150만 원 정도 부수입이 가능하다는 후기들이...",http://cafe.naver.com/koarane/181793,리얼리뷰 공유소ㅣ내돈내산 찐리뷰 커...,https://cafe.naver.com/koarane,0,8,0,0,8,False
투잡 성공 후기,기타,주말투잡 일자리 찾는 30대라면 이건 필수!,"그래서 저처럼 **30대 직장인**들이 요즘 가장 많이 찾는다는 **'주말투잡'** 정보를 이것저것 알아봤거든요.... ───────────────── [# 현실 후기 : 진짜 수익 나나요?] ""에이~ 진짜 수익 나겠어?"" 라는 생각...",http://cafe.naver.com/koarane/42923,리얼리뷰 공유소ㅣ내돈내산 찐리뷰 커...,https://cafe.naver.com/koarane,0,4,0,0,4,False
투잡 성공 후기,기타,직장인 투잡 알바 실패 없는 선택법 정리해봤어요,"투잡을 시작할 땐 항상 다음 3가지를 체크하세요: - 선입금 요구 없음 - 회사 정보 및 사업자등록증 확인 가능 - 후기 및 실사용자 리뷰 존재 ───────────────── 요즘은 정보가 많아서 좋은 만큼, 걸러야...",http://cafe.naver.com/koarane/64912,리얼리뷰 공유소ㅣ내돈내산 찐리뷰 커...,https://cafe.naver.com/koarane,0,2,0,0,2,False
투잡 성공 후기,기타,직장인투잡추천 요즘 대세는 이거라면서요?,"직장인투잡추천 요즘 대세는 이거라면서요? 혹시 요즘 주변에서 ‘부업한다’는 얘기 많이 들리지... 이걸 이제 알게 된 게 아쉬울 정도였어요 ───────────────── [실전 후기, 직접 해봤을 때 느낌은?]...",http://cafe.naver.com/koarane/63231,리얼리뷰 공유소ㅣ내돈내산 찐리뷰 커...,https://cafe.naver.com/koarane,0,4,0,2,2,False
투잡 성공 후기,스마트스토어,"스마트스토어부업, 요즘 직장인 투잡 1순위 이유는?","스마트스토어부업, 요즘 직장인 투잡 1순위 이유는? 요즘 진짜 주위에 스마트스토어 시작하는 사람 너무... 요즘은 솔직한 후기, 사용 후기, 비교 리뷰 같은 콘텐츠가 먹혀요. 그래서 전 제품 소개할 때도 “제가 이거 쓰고...",http://cafe.naver.com/koarane/210966,리얼리뷰 공유소ㅣ내돈내산 찐리뷰 커...,https://cafe.naver.com/koarane,0,8,0,0,8,False
투잡 성공 후기,스마트스토어,주말투잡 뭐가 좋을까? 실제 해보고 수익났던 현실 부업만 모아봤어요!,"저도 예전엔 주말엔 푹 쉬어야지~ 하면서 넷플릭스 보고 누워있기 바빴는데요ㅋㅋ 요즘은 주말투잡으로... 스토어 리뷰 알바 (포토 후기) 네이버, 쿠팡, 스마트스토어 등에서 상품 받고 포토리뷰 남겨주는 부업이에요...",http://cafe.naver.com/koarane/158357,리얼리뷰 공유소ㅣ내돈내산 찐리뷰 커...,https://cafe.naver.com/koarane,0,8,0,2,6,False
투잡 성공 후기,기타,마케팅알바로 투잡 시작한 후기 공유해요,마케팅알바로 투잡 시작한 후기 공유해요 회사 다니면서도 늘 느끼는 게 하나 있었어요. ‘월급만으로는 너무 빠듯하다...’ 그래서 퇴근 후 할 수 있는 투잡을 알아보다가 요즘 많이들 한다는 ‘마케팅알바’에 관심을...,http://cafe.naver.com/koarane/165666,리얼리뷰 공유소ㅣ내돈내산 찐리뷰 커...,https://cafe.naver.com/koarane,0,2,0,0,2,False
투잡 성공 후기,기타,"요즘 직장인 투잡 추천 알아보는데, 진짜 괜찮은 거 맞나요?","실제로 투잡으로 성공한 분들의 후기를 찾아보거나, 관련 커뮤니티에서 정보를 얻는 것도 큰 도움이 될 거예요. 많은 분들이 실제로 직장인 투잡 추천을 통해 월 50만원 이상의 추가 수입을 만들고 있다고 해요. 제...",http://cafe.naver.com/koarane/180915,리얼리뷰 공유소ㅣ내돈내산 찐리뷰 커...,https://cafe.naver.com/koarane,0,2,3,2,3,False
투잡 성공 후기,스마트스토어,"스마트스토어창업, 직장인 투잡으로 진짜 괜찮은 선택일까","예전엔 상품 몇 개만 올려도 팔렸는데, 이제는 스토리텔링이랑 후기 관리가 훨씬 중요하더라구요. 특히 요즘엔 ‘무재고 위탁판매’ 방식으로 시작하는 분들도 많아요. 초기비용이 거의 들지 않아서 직장인 투잡으로는...",http://cafe.naver.com/koarane/74789,리얼리뷰 공유소ㅣ내돈내산 찐리뷰 커...,https://cafe.naver.com/koarane,0,6,0,0,6,False
투잡 성공 후기,기타,신혼부부봉투생활비 두달째 성공후기에요^^,"대성공했어요 저희 부부는 50만원으로 시작했는데 거기서 무려 3만원이나 더 아껴서, 13만원을 적금에... 제가 1탄에서 후기남겼다 싶이 저는 가계부를 추천드립니다 ! 가계부를 쓰면 그 하루를 마감할 수도있고, 내가...",http://cafe.naver.com/engmstudy/179994,● 짠돌이카페 ● 짠돌이부자되기(재테...,https://cafe.naver.com/engmstudy,0,0,6,2,4,False
투잡 성공 후기,기타,"돈버는어플로 투잡 시작했는데, 의외로 월급 부럽지 않음ㅋㅋ","돈버는어플로 투잡 시작했는데, 의외로 월급 부럽지 않음ㅋㅋ 요즘 직장 다니면서도 부수입 만드는 거에... 리얼한 후기랑 함께 정리해볼게요! ───────────────── [* 요즘 가장 인기 있는...",http://cafe.naver.com/koarane/302051,리얼리뷰 공유소ㅣ내돈내산 찐리뷰 커...,https://cafe.naver.com/koarane,0,4,0,0,4,False
투잡 성공 후기,기타,"쿠팡퀵플렉스 알바, 요즘 직장인 투잡으로 핫하대요!","쿠팡퀵플렉스 알바, 요즘 직장인 투잡으로 핫하대요! 요즘 친구들 사이에서 진짜 핫한 알바가 있대서 저도... 해본 후기, 이건 진짜 꿀이었어요] 제가 해본 날 기준으로, 2시간 반 일하고 4만2천원 벌었거든요? 힘들긴 했지만...",http://cafe.naver.com/koarane/143508,리얼리뷰 공유소ㅣ내돈내산 찐리뷰 커...,https://cafe.naver.com/koarane,0,2,0,0,2,False
투잡 성공 후기,기타,인터넷투잡 하루 1시간으로도 가능한 이유,"그래서 오늘은 제가 직접 해본 경험 바탕으로, 왜 1시간만 투자해도 가능한지 리얼 후기 드려볼게요 ───────────────── [# 인터넷투잡, 진짜 가능한가요?] 솔직히 저도 처음엔 “이게 진짜 돈이 될까?”...",http://cafe.naver.com/2022star/37802,"재테크마을 - N잡,부업,보험,창업,투잡...",https://cafe.naver.com/2022star,0,4,0,0,4,False
투잡 성공 후기,기타,손해사정사 자격증으로 투잡도 가능하대요,"간다는 후기 많았어요! 특히, 요즘 나오는 ‘합격생 후기집’ 같은 게 꽤 도움이 된다고 하더라구요ㅎㅎ... 직장에만 의존하는 시대는 이제 끝나고, 시간이 날 때마다 투잡이나 부업으로 내 삶을 스스로 지켜야 하지...",http://cafe.naver.com/koarane/89687,리얼리뷰 공유소ㅣ내돈내산 찐리뷰 커...,https://cafe.naver.com/koarane,0,4,0,0,4,False
투잡 성공 후기,기타,말기암 환자가 숨이 끊어지기 직전 마지막으로 남긴 말..,"보통 사람들은 마지막 순간이면 가족이나 돈, 성공 같은 걸 떠올릴 것 같잖아요. 근데 결국 가장 후회했던 건... 인터넷투잡/저축은행적금/50대노후준비/40대노후준비/노후자금계산기/노후생활비/연금추천/종신형연금보험...",http://cafe.naver.com/eovhskfktmak/8022,4050 우리들의 두번째 시작[은퇴 국민...,https://cafe.naver.com/eovhskfktmak,0,2,3,2,3,False
투잡 성공 후기,기타,"만원의 행복! 소자본으로 시작하는 틈새 아이템, 푸드트럭 창업 성공 전략 (저도 초보예요 ㅠㅠ)","손님들에게 맛있는 음식을 대접하는 상상을 하곤 한답니다. 혹시 푸드트럭 창업 경험 있으시거나, 주변에서 성공한 사례 보신 분들 있으시면 댓글로 조언 좀 부탁드려요. 작은 팁이라도 저에게는 정말 큰 도움이 될 것 같아요!",http://cafe.naver.com/onmirclub/5300,온미르클럽,https://cafe.naver.com/onmirclub,0,0,3,0,3,False
투잡 성공 후기,기타,50대주부투잡 현실적으로 가능한 방법 있을까요?,늘어난다는 후기 많더라구요. 60대 어머님도 수익인증 올리셨다니까요? 진짜 믿을만해요. ───────────────── [ 50대도 쉽게 따라하는 자동화 시스템] 사실 온라인 투잡에서 중요한 건 '시스템'이에요....,http://cafe.naver.com/2022star/37968,"재테크마을 - N잡,부업,보험,창업,투잡...",https://cafe.naver.com/2022star,0,4,0,0,4,False
투잡 성공 후기,기타,컴퓨터로부업 직장인투잡으로 가능할까?,"월급은 그대로인데 물가만 미친 듯이 올라가니, 다들 투잡 하나쯤은 기본 옵션 느낌이에요ㅠㅠ 저도... 솔직 후기 느낌으로 풀어볼게요ㅎㅎ ───────────────── [* 컴퓨터로부업, 직장인한테 진짜...",http://cafe.naver.com/2022star/37767,"재테크마을 - N잡,부업,보험,창업,투잡...",https://cafe.naver.com/2022star,0,4,0,0,4,False
투잡 성공 후기,스마트스토어,"네이버스마트스토어 시작, 요즘 40대도 이걸로 투잡하더라","네이버스마트스토어 시작, 요즘 40대도 이걸로 투잡하더라 혹시 요즘 네이버 스마트스토어 시작하신 분들... 처음엔 쫄았지만, 친절하게 대응하니 단골도 생기고 후기 쌓이니까 재미 붙었어요...",http://cafe.naver.com/koarane/217801,리얼리뷰 공유소ㅣ내돈내산 찐리뷰 커...,https://cafe.naver.com/koarane,0,4,0,0,4,False
투잡 성공 후기,기타,"인터넷투잡으로 중고명품 사업, 가능할까요?","중고명품 시장은 정가품 이슈 때문에 어렵다고 생각할 수 있지만, 감정 시스템만 잘 활용하면 오히려 인터넷투잡 중 가장 신뢰 기반의 사업이라고도 할 수 있어요. 판매 후 만족한 구매자 후기가 쌓이면 자연스럽게 단골도...",http://cafe.naver.com/fmsmania0/263180,[글로벌셀러창업연구소] 쿠팡로켓그로...,https://cafe.naver.com/fmsmania0,0,2,0,0,2,False
투잡 성공 후기,기타,택스리펀이요!,"▶ 인비테이션 선발된 분들은, 인비성공 후기를 ""꼭"" 작성해야 답변이 작성됩니다. 질문시작 안녕하세요... 가능하면 투잡을 하려하는데 투잡을 하면 택스리펀을 받는데 지장이 있을까요? 4. 택스리펀은 외국인들에게만...",http://cafe.naver.com/gocan/558007,2026 캐나다 워킹홀리데이 No.1 대표카...,https://cafe.naver.com/gocan,0,2,3,2,3,False
투잡 성공 후기,기타,"온라인마케팅 성공 전략, 요즘 사람들이 주목하는 이유~","온라인마케팅 성공 전략, 요즘 사람들이 주목하는 이유~ 안녕하세요 여러분! 요즘 온라인마케팅 관련해서... ───────────────── [다른 사람들의 후기와 실전 팁] 최근 온라인마케팅을 배운 분들의...",http://cafe.naver.com/koarane/261873,리얼리뷰 공유소ㅣ내돈내산 찐리뷰 커...,https://cafe.naver.com/koarane,0,0,3,0,3,False
투잡 성공 후기,배달,티타늄리프팅 병원 효과 좋은 곳 잘 찾아간 후기!,이왕 하는거 윤곽주사나 다른 리프팅이랑 같이 하면 더 좋을 것 같아서요ㅠㅠ 그리고 후기를 뒤지는데 저는... 얼굴이 좀 더 어려진 느낌이 좋아요ㅎㅎ 만조쿠 가끔씩 투잡으루 간간한 가까운 곳 배달 하는데 사장님들이 넘...,http://cafe.naver.com/feko/9722774,『여우야』뷰티카페 (성형수술/화장품...,https://cafe.naver.com/feko,0,4,0,0,4,False
투잡 성공 후기,기타,베이비시터월급 후기와 일자리 꿀팁,"그래서 오늘은 베이비시터월급 현실 수입부터 실제 후기, 그리고 일자리 구하는 팁까지 싹 정리해보려구요... 그래서 다들 투잡이나 온라인 부업을 같이 찾는 이유더라구요. 저도 이 부분이 제일 고민이었어요...",http://cafe.naver.com/koarane/401782,리얼리뷰 공유소ㅣ내돈내산 찐리뷰 커...,https://cafe.naver.com/koarane,0,4,0,0,4,False
투잡 성공 후기,기타,Cerb 질문드립니다,"▶ 인비테이션 선발된 분들은, 인비성공 후기를 ""꼭"" 작성해야 답변이 작성됩니다. 질문시작 안녕하세요 cerb관련해서 궁금한게 있어서 글씁니다. 제가 투잡을 뛰는데 잡 하나가 3월 중순쯤 코로나때문에 레이오프...",http://cafe.naver.com/gocan/668743,2026 캐나다 워킹홀리데이 No.1 대표카...,https://cafe.naver.com/gocan,0,2,3,4,1,False
투잡 성공 후기,기타,지중해 오일만 클렌즈,후기를 찾아보니 사람들이 살이 좀 빠지는 느낌이라해서 구매해봤눈데염... 요즘 저의 최대의 관심사... 2일차까지 성공입니다 저... 또 마케팅에 속은 걸까요 ? 아직까지 효과는 모르겟지만 남은 주차 더 열심히...,http://cafe.naver.com/eovhskfktmak/3474,4050 우리들의 두번째 시작[은퇴 국민...,https://cafe.naver.com/eovhskfktmak,0,0,3,0,3,False
투잡 성공 후기,기타,"[과제#4-3] 직장인 재테크, 우리는 부동산으로 투잡한다 독서 후기","월급쟁이 부자들 독서스터디 :: 후기 제 목 지은이 읽은 날짜 1. 저자 및 도서 소개 : 경제적 자유인이 되려면... 이 책 [직장인 재테크, 우리는 부동산으로 투잡한다]는 부동산 재테크 카페의 북극성주를 멘토로 삼아 경제적...",http://cafe.naver.com/wecando7/210717,월급쟁이부자들 (직장인 재테크 부동산...,https://cafe.naver.com/wecando7,0,2,0,0,2,False
투잡 성공 후기,기타,프레스토 카드와 먼슬리패스,"▶ 인비테이션 선발된 분들은, 인비성공 후기를 ""꼭"" 작성해야 답변이 작성됩니다. 질문시작 안녕하세요 제가 알바를 투잡 뛰느라, 왔다 갔다, 왔다 갔다. 해서 하루에 프레스토만 4번 찍거든요? 그러면 한번에 3불이니까...",http://cafe.naver.com/gocan/608751,2026 캐나다 워킹홀리데이 No.1 대표카...,https://cafe.naver.com/gocan,0,2,3,2,3,False
투잡 성공 후기,기타,"식단부터 운동까지, 체중 감량 완벽 가이드 공개","감량 성공 확률이 확 올라가요! ◆체중 감량 관련 자주 묻는 질문◆ Q. 체중 감량은 얼마나 기간이... 후기를 보면 50대, 60대 분들도 수익을 내고 있고, 단기간에 성과를 낸 사례도 많아서 신뢰가 갔어요. 저도 직접...",http://cafe.naver.com/koarane/546731,리얼리뷰 공유소ㅣ내돈내산 찐리뷰 커...,https://cafe.naver.com/koarane,0,2,3,2,3,False
투잡 성공 후기,기타,부업할만한것 직장인투잡 뭐가있을까,"월급만으론 솔직히 답이 안 나오는 분위기라, 다들 슬쩍슬쩍 투잡 알아보는 느낌…ㅎㅎ 저도 야근 끝나고... ───────────────── [* 실제 후기에서 느껴지는 자동화 퍼널의 위력 *] 후기들을 보면 지금 60대...",http://cafe.naver.com/2022star/37812,"재테크마을 - N잡,부업,보험,창업,투잡...",https://cafe.naver.com/2022star,0,4,0,0,4,False
투잡 성공 후기,기타,"화장품사업, 요즘 트렌드와 진짜 성공 전략 정리해봄","화장품사업, 요즘 트렌드와 진짜 성공 전략 정리해봄 화장품사업 해보고 싶다는 생각, 저만 하나요? 요즘... 브랜드 스토리+고객 후기+사용 영상 → 이 흐름이 완전 중요해요! 저는 유통이 젤 어려운 줄 몰랐는데... 이거 안...",http://cafe.naver.com/koarane/199689,리얼리뷰 공유소ㅣ내돈내산 찐리뷰 커...,https://cafe.naver.com/koarane,0,0,3,0,3,False
투잡 성공 후기,기타,"퇴근 후 투잡, 이렇게 시작하면 덜 막힙니다","— 시간 설계: 하루 60~90분 고정 블록을 잡고 루틴을 만드세요(상품 리서치→등록→후기 관리). — 자동화 세팅: 주문관리프로그램, 송장 일괄 처리, 재고 연동은 투잡의 핵심 체력입니다. — 리스크 관리: 초기엔 위탁/사입...",http://cafe.naver.com/fmsmania0/263468,[글로벌셀러창업연구소] 쿠팡로켓그로...,https://cafe.naver.com/fmsmania0,0,2,0,0,2,False
투잡 성공 후기,기타,워홀비자 만료 후 코업비자 질문이요!,"▶ 인비테이션 선발된 분들은, 인비성공 후기를 ""꼭"" 작성해야 답변이 작성됩니다. 안녕하세요! 현재 벤쿠버에서 워홀비자로 투잡(카페/일식집) 을 뛰고 있는 사람입니다! 비자가 2019년 10월말에 만료되는데, 내 년 봄...",http://cafe.naver.com/gocan/550880,2026 캐나다 워킹홀리데이 No.1 대표카...,https://cafe.naver.com/gocan,0,2,3,2,3,False
투잡 성공 후기,스마트스토어,소상공인 정책자금 신청해보려고하는데 괜찮을까요,"도움받아보신분들 후기 알고싶어서요 창사영카페-창업,사업,영업아이템-1인창업,소자본투자,프랜차이즈창업,직장인투잡,청년창업,쇼핑몰,스마트스토어창업,스토어팜입점,쿠팡,오픈마켓,쇼핑몰개설,아마존,셀러,영업딜러...",http://cafe.naver.com/coolishz/787979,창사영2[창업사업영업아이템]소상공인...,https://cafe.naver.com/coolishz,0,8,0,0,8,False
투잡 성공 후기,기타,쿠팡상하차알바 물류센터 하루해본 후기정리,"투잡이나 부업 찾는 분들이 왜 이쪽으로 몰리는지 딱 이해됨 ───────────────── [*퍼널마케팅 후기 더 들어보니…*] 단순 홍보만 해도 3일 만에 첫 수익 나오는 사람도 있고, 한 달 만에 월 1,000만원...",http://cafe.naver.com/koarane/133627,리얼리뷰 공유소ㅣ내돈내산 찐리뷰 커...,https://cafe.naver.com/koarane,0,6,0,0,6,False
투잡 성공 후기,기타,"[Rosie in Aussie] 호주 워홀 잡 구하는 어플/사이트.zip | 멜버른 도서관 레쥬메 인쇄, 레쥬메 드랍 시간대...","하는 분들을 위해 실제로 구직 당시 사용했던 어플/사이트, 직접 레쥬메 드랍하며 느낀 현실적인 후기까... 구직에 성공할 가능성은 카페 채용 현황, 매니저 성격, 경력 유무 등 정말 다양한 조건에 따라 다른 상황을...",http://cafe.naver.com/woholfriends/116624,워킹홀리데이 카페,https://cafe.naver.com/woholfriends,0,0,3,0,3,False
투잡 성공 후기,기타,텍스리펀 관련해서 궁금증이요..,"▶ 인비테이션 선발된 분들은, 인비성공 후기를 ""꼭"" 작성해야 답변이 작성됩니다. 질문시작 워홀-코업으로... 없이 투잡을 뛰기도 했었거든요 총소득은 T4 다 합쳐보니 2만불 정도 되긴하는데 이런경우 세금을 많이...",http://cafe.naver.com/gocan/657838,2026 캐나다 워킹홀리데이 No.1 대표카...,https://cafe.naver.com/gocan,0,2,3,4,1,False
투잡 성공 후기,기타,온라인마케팅교육 성공사례 보니까 솔직히 놀랐어요,"그래서 저도 관심을 갖게 됐는데, 성공사례들을 보니까 “와… 이 정도까지 바뀔 수 있구나” 싶더라구요. 오늘은 제가 직접 찾아보고 정리한 온라인마케팅교육의 현실적인 정보들, 그리고 실제 후기도 같이 공유해...",http://cafe.naver.com/zpvkdcom/9225,"온라인보험 비교카페 - 종합,어린이,건...",https://cafe.naver.com/zpvkdcom,0,0,3,0,3,False
투잡 성공 후기,기타,화장품사업 초보도 성공할 수 있을까? 실제 사례로 알아봤어요,"벌었다는 후기들을 보고 관심이 생겼거든요. 그래서 오늘은 초보자가 화장품사업을 시작할 때 꼭 알아야 할 현실적인 이야기와, 실제로 성공한 분들의 사례를 정리해봤어요. 특히 요즘은 SNS 마케팅만 잘해도 제품 판매가...",http://cafe.naver.com/koarane/39531,리얼리뷰 공유소ㅣ내돈내산 찐리뷰 커...,https://cafe.naver.com/koarane,0,0,3,0,3,False
투잡 성공 후기,기타,택스리턴 이 금액 맞는건가요?,"▶ 인비테이션 선발된 분들은, 인비성공 후기를 ""꼭"" 작성해야 답변이 작성됩니다. 질문시작 작년에... 바뀔까 싶어서 non resident로 바꿨는데도 동일해요..!그리고 투잡을 했는데 이러면 금액이 달라서 뱉을 수도 있나요?",http://cafe.naver.com/gocan/585621,2026 캐나다 워킹홀리데이 No.1 대표카...,https://cafe.naver.com/gocan,0,2,3,2,3,False
투잡 성공 후기,기타,쿠팡지게차알바 진짜 해본 사람만 아는 현실 후기,쿠팡지게차알바 진짜 해본 사람만 아는 현실 후기 요즘 쿠팡 물류 관련 알바들 많이들 하잖아요. 저도 한창... 분 ✔ 투잡보단 단기 집중 수익 노리는 분 이 조건 중 3개 이상 해당되면 쿠팡지게차알바 꽤 괜찮을 거예요!...,http://cafe.naver.com/koarane/234590,리얼리뷰 공유소ㅣ내돈내산 찐리뷰 커...,https://cafe.naver.com/koarane,0,4,0,2,2,False
투잡 성공 후기,블로그,[2편] 40만원 상당 '온라인마케팅 30일 실전 액션 플랜' + 황금 키워드 40개 + 대행사 견적 검증 리스트 (첨...,실제 성공 사례 3건 – 수치로 보는 효과 6. 첨부파일 5종 안내 + 다운로드 7. 자주 묻는 질문 Q&A 1. 시작 전... 고객 후기 5건 수집 블로그 '후기 카테고리' 개설 실명 or 닉네임 동의 확인 16 카페 #1에 기획성 글 1개...,http://cafe.naver.com/eovhskfktmak/5876,4050 우리들의 두번째 시작[은퇴 국민...,https://cafe.naver.com/eovhskfktmak,0,2,3,2,3,False
투잡 성공 후기,기타,주류영업 창업으로 성공 가능할까?,"주류영업 창업으로 성공 가능할까? 혹시 요즘 주류영업 창업에 관심 있는 분들 계세요? 요즘은 전통주, 와인... ───────────────── 그리고 후기들을 보면 60대분들도 쉽게 따라해서 성과를 내고...",http://cafe.naver.com/koarane/27938,리얼리뷰 공유소ㅣ내돈내산 찐리뷰 커...,https://cafe.naver.com/koarane,0,0,3,0,3,False
투잡 성공 후기,기타,"""롯데월드알바"" 검색하셨다면 아마 조건, 분위기, 후기 궁금하신 분들일 거예요! 전부 알려드릴게요.","""롯데월드알바"" 검색하셨다면 아마 조건, 분위기, 후기 궁금하신 분들일 거예요! 전부 알려드릴게요. 얼마 전... 특히 요즘 부업이나 투잡 찾는 분들한테도 도움이 될 수 있는 방향으로요....",http://cafe.naver.com/koarane/293308,리얼리뷰 공유소ㅣ내돈내산 찐리뷰 커...,https://cafe.naver.com/koarane,0,4,0,2,2,False
투잡 성공 후기,기타,하루 한두시간만 투자해도 가능한 투잡알바가 있다면 믿으시겠어요?,"후기 확인은 필수! Q. 너무 시간이 없는데도 가능할까요? A. 자동화 시스템이 도입된 부업이라면 하루 30분으로도 충분해요. ───────────────── 지금까지 ""투잡알바""에 대해 알아봤는데요. 제 생각에는...",http://cafe.naver.com/koarane/381289,리얼리뷰 공유소ㅣ내돈내산 찐리뷰 커...,https://cafe.naver.com/koarane,0,6,0,0,6,False
투잡 성공 후기,기타,온라인판매대행 요즘 왜 이렇게 핫한지 알아봤어요,"원래는 이쪽에 관심 1도 없었는데, SNS에서 자꾸 성공후기 올라오니까 괜히 저도 궁금하더라구요ㅎㅎ 그래서... 근데 막상 투잡 찾다 보면, 출퇴근하거나 체력 쓰는 알바는 넘 힘들잖아요… 온라인판매대행은 진짜 폰...",http://cafe.naver.com/koarane/223604,리얼리뷰 공유소ㅣ내돈내산 찐리뷰 커...,https://cafe.naver.com/koarane,0,2,3,2,3,False
투잡 성공 후기,기타,직장인 투잡 골프샵 수익 질문?,투잡으로 골프샵 창업하려는데 수익 등 질문 좀 드릴께요. 안녕하세요~ 직장 다니면서 투잡 준비하는... 고객분들의 수많은 질문을 받았던 경험 후기의 데이타를 토대로 마케팅측면에서 예시글을 올려드렸음을 알려드립니다. *,http://cafe.naver.com/coolishz/749637,창사영2[창업사업영업아이템]소상공인...,https://cafe.naver.com/coolishz,0,4,0,2,2,False
투잡 성공 후기,기타,알바찾기사이트 순위보다 중요한 꿀팁은 따로 있음!,"요즘 부업이나 투잡 준비하는 분들 진짜 많죠? 저도 퇴근 후 시간 활용해보려고 알바찾기사이트 이것저것... 댓글 후기 꼭 확인해보세요!!] 요즘은 댓글로 후기 남겨주는 경우도 많아서, 그거 꼭 확인해보시길 추천드려요....",http://cafe.naver.com/koarane/384736,리얼리뷰 공유소ㅣ내돈내산 찐리뷰 커...,https://cafe.naver.com/koarane,0,4,0,2,2,False
투잡 성공 후기,기타,대리운전알바 실제로 해보신 후기 궁금합니다,대리운전알바 실제로 해보신 후기 궁금합니다 요즘 돈을 벌어야 하는데 정말 쉽지가 않네요. 직장은 다니고... 확실히 성공 가능한 좋은 부업거리가 있었으면 좋겠어요. 대리운전 말고도 직장인들이 할 수 있는...,http://cafe.naver.com/koarane/63656,리얼리뷰 공유소ㅣ내돈내산 찐리뷰 커...,https://cafe.naver.com/koarane,0,2,3,2,3,False
투잡 성공 후기,기타,"프랜차이즈박람회, 성공창업과 실패창업의 갈림길일 수 있습니다","프랜차이즈박람회, 성공창업과 실패창업의 갈림길일 수 있습니다 요즘 자영업 하시는 분들이나 준비 중이신... 리얼 후기!] 저는 솔직히 처음엔 ‘가서 뭐 얼마나 도움이 되겠어~’ 이런 생각이었거든요. 근데 갔다오고...",http://cafe.naver.com/koarane/209351,리얼리뷰 공유소ㅣ내돈내산 찐리뷰 커...,https://cafe.naver.com/koarane,0,0,3,0,3,False
투잡 성공 후기,기타,50대 재취업 고민..^^,생생한 후기가 너무 듣고 싶어서 이렇게 용기 내어 글을 써봅니다. 진짜로 보람도 느끼면서 꾸준히 할 수... 인터넷투잡/저축은행적금/50대노후준비/40대노후준비/노후자금계산기/노후생활비/연금추천/종신형연금보험...,http://cafe.naver.com/eovhskfktmak/4230,4050 우리들의 두번째 시작[은퇴 국민...,https://cafe.naver.com/eovhskfktmak,0,2,3,2,3,False
투잡 성공 후기,기타,쿠팡알바여자 체험 후기부터 수익까지 싹 정리해드림!,"주말 위주로만 일하면 진짜 투잡용으로 딱이겠쥬? 요즘 물가에 이 정도 부수입은 꿀이죠ㅎㅎ ───────────────── [# 체력 부담 없는지 솔직 후기 모음] 많이 걱정하시는 게 ‘힘들지 않냐’인데, 의견이...",http://cafe.naver.com/koarane/241048,리얼리뷰 공유소ㅣ내돈내산 찐리뷰 커...,https://cafe.naver.com/koarane,0,6,0,0,6,False
투잡 성공 후기,블로그,띄부띄부 후기 찾아봤더니 이건 좀 놀라운데요?,"띄부띄부 후기 찾아봤더니 이건 좀 놀라운데요? 띄부띄부라는 키워드, 자주 보이시죠? 저도 처음엔 “이게... 요즘에는 투잡, 쓰리잡으로 여러가지를 병행하는 추세라서 띄부띄부 부업만 하는 게 아니라, 블로그 글쓰기나...",http://cafe.naver.com/koarane/137396,리얼리뷰 공유소ㅣ내돈내산 찐리뷰 커...,https://cafe.naver.com/koarane,0,6,0,0,6,False
투잡 성공 후기,기타,직장인투잡추천 이래서 다들 찾는구나 싶었어요,"───────────────── 후기들 보면 더 솔깃해요. 컴퓨터 잘 몰라도 따라할 수 있고, 복사해서 붙여넣는 방식이라 진입장벽도 낮다고 하더라구요. 실제로 직장인 성공 사례도 많아서 괜히 직장인투잡추천으...",http://cafe.naver.com/koarane/262443,리얼리뷰 공유소ㅣ내돈내산 찐리뷰 커...,https://cafe.naver.com/koarane,0,2,3,2,3,False
투잡 성공 후기,배달,본업이있는데요 투잡으로 치킨집6시간,치킨집에 도전합니다 배달되는데라 전화받고 주문만 너라고하는데 안해봐서 좀걱정되네요 본업은 8시30~4시30 치킨투잡 6시~12시까지입니다 체력이 버틸수있을지 걱정이네요ㅠ 도박때문에 이렇게안해도되는걸...,http://cafe.naver.com/appleipad01/293157,[도중치]도박중독/스포츠토토/프로토/...,https://cafe.naver.com/appleipad01,0,4,0,0,4,False
투잡 성공 후기,기타,목돈 어떻게 모으셨어요? 하 ㅜㅜ,하네요 투잡이라도 뛰어야할까요 자기힘으로 독립하신분들 돈 어떻게 모으셨나요 팁이나 경험담좀 알려주세요 ㅜㅜ 1. 'Before & After' 베스트 다이어트 성공후기 치아교정 다 하고보니 100만원도 채 안들어.. '충격' 3....,http://cafe.naver.com/cantsb/789199,국내1위 다이어트 커뮤니티 씨씨앙(식...,https://cafe.naver.com/cantsb,0,2,3,2,3,False
투잡 성공 후기,기타,무점포창업 아이템 고를 때 실패를 줄이는 실전 꿀팁,"상품명, 썸네일, 후기, 상세페이지, 가격, 배송 안내까지 전부 고객의 선택에 영향을 주기 때문이에요.... ◆무점포창업 성공하려면 숫자를 꼭 봐야 해요◆ 무점포창업도 결국 사업이기 때문에 숫자를 봐야 해요. 판매가...",http://cafe.naver.com/cafemakecafebest/28514,세상모든꿀팁 ㅣ영업·창업·부업·투...,https://cafe.naver.com/cafemakecafebest,0,0,3,0,3,False
투잡 성공 후기,기타,요즘 쿠팡 계약직 지원해도 괜찮을까? 솔직 후기 있어요,근무환경 후기도 잘 확인하셔야 해요! ───────────────── ▶ 이런 단기 일자리가 내 삶에 끼친 영향? 저도 사실 요즘 돈 모으려고 투잡 알아보고 있었거든요. 육아도 병행 중이라 시간 되는 틈틈이...,http://cafe.naver.com/koarane/247391,리얼리뷰 공유소ㅣ내돈내산 찐리뷰 커...,https://cafe.naver.com/koarane,0,2,0,0,2,False
투잡 성공 후기,기타,워크넷구인구직으로 재취업한 40대 주부의 리얼후기 대공개,"오늘은 제가 직접 워크넷 이용하면서 느꼈던 점, 그리고 재취업 성공까지의 과정을 리얼하게 공유해볼게요!... 실제 후기 보고 신뢰도 UP] 워크넷에서 기업 후기도 요즘 꽤 잘 정리돼 있더라구요. 어떤 회사가 평이 어떤지...",http://cafe.naver.com/koarane/163356,리얼리뷰 공유소ㅣ내돈내산 찐리뷰 커...,https://cafe.naver.com/koarane,0,0,3,0,3,False
투잡 성공 후기,기타,직장인투잡추천 현실적으로 가능한 조합은 뭘까,그래서 저는 요즘 정보는 무조건 실제 후기와 구조를 먼저 보는 게 맞다고 생각해요. 저도 몇 번 당해보고 정신 차렸어요ㅋㅋ ───────────────── 꾸준히 유지 가능한 투잡의 조건들 제가 주변 직장인들...,http://cafe.naver.com/koarane/131696,리얼리뷰 공유소ㅣ내돈내산 찐리뷰 커...,https://cafe.naver.com/koarane,0,2,3,2,3,False
투잡 성공 후기,기타,직장인투잡추천 리스트 중 이건 진짜 괜찮다구!,"이용해서 투잡 하는 분들이 진짜 많아졌어요. 저도 궁금해서 이것저것 알아보다가, 직장인들 사이에서... 진행하면 성공확률 UP ✔✔️ 글 못 써도 OK! 다 템플릿 제공됨 ✔✔️ 실제로 60대 분들도 하고 계시고, 수익도...",http://cafe.naver.com/koarane/147033,리얼리뷰 공유소ㅣ내돈내산 찐리뷰 커...,https://cafe.naver.com/koarane,0,4,3,4,3,False
투잡 성공 후기,기타,쿠팡단기알바 후기 보니 진짜 꿀알바라던데요?,쿠팡단기알바 후기 보니 진짜 꿀알바라던데요? 혹시 요즘 단기알바 뭐할지 고민 중이신가요? 저도 최근에... 직장인 투잡이나 대학생 용돈벌이로도 딱이었어요ㅎㅎ 실제로 퍼널 배워서 한달만에 월 1000만원 수익 낸 분도...,http://cafe.naver.com/koarane/51033,리얼리뷰 공유소ㅣ내돈내산 찐리뷰 커...,https://cafe.naver.com/koarane,0,4,0,0,4,False
투잡 성공 후기,기타,"카드배송알바 수입리뷰, 요즘 인기 폭발인 이유!","장단점, 후기까지 자세히 정리해볼게요ㅎㅎ ─────── ────────── [# 카드배송알바, 뭐... 이 정도면 진짜 현실적인 투잡/부업 아닌가요? ───────────────── [# 이런 분들한테...",http://cafe.naver.com/koarane/356200,리얼리뷰 공유소ㅣ내돈내산 찐리뷰 커...,https://cafe.naver.com/koarane,0,4,0,0,4,False
투잡 성공 후기,기타,주부알바 하면 얼마나 벌까? 수익 후기 보니까 깜놀,"수익, 후기 등 요거 완전 꿀팁으로 정리해서 알려드릴게요 ───────────────── [# 요즘... 다들 ‘투잡’, ‘N잡러’, ‘사이드잡’ 이런 거 공부하고 시작하더라구요. 그중에서도 ‘카페 마케팅’이...",http://cafe.naver.com/koarane/101244,리얼리뷰 공유소ㅣ내돈내산 찐리뷰 커...,https://cafe.naver.com/koarane,0,6,0,0,6,False
투잡 성공 후기,기타,"직장 다니면서 알바, 요즘 사람들 이거 많이 해요","사용 후기 쓰기 등등 요즘은 진짜 아이디어만 있으면 부업 아이템도 넘쳐나요! 저도 처음엔 반신반의 했는데, 한 달 하고 나니 왜 다들 하는지 알겠더라구요ㅎㅎ [주변 이야기] 직장 동료들도 투잡하는 현실 진짜 웃긴...",http://cafe.naver.com/koarane/141499,리얼리뷰 공유소ㅣ내돈내산 찐리뷰 커...,https://cafe.naver.com/koarane,0,4,0,0,4,False
투잡 성공 후기,기타,구인구직사이트순위 TOP3 써본 리얼 후기 공유,"대한 후기와, 현재 일자리 시장에서 어떤 방식으로 접근해야 되는지도 같이 정리해볼게요! [# 요즘... 개인적으로는 일자리 구하는 것도 중요하지만, 요즘 시대에는 부업이나 투잡 같은 수익 파이프라인을 늘리는 게 핵심...",http://cafe.naver.com/koarane/82698,리얼리뷰 공유소ㅣ내돈내산 찐리뷰 커...,https://cafe.naver.com/koarane,0,6,0,0,6,False
투잡 성공 후기,기타,이남자...,공무원인데 만나면 자기 투잡할계획잡고있다고... 또 자기 퇴직하면 노후에 무슨일할지 만날때마다 계속 그런얘기하고... 저한테는 계속 계약 끝나면 무슨일하면 좋을지 계속 제안하고... 제가 지금 계약직이고 계약끝나면...,http://cafe.naver.com/feko/9473246,『여우야』뷰티카페 (성형수술/화장품...,https://cafe.naver.com/feko,0,2,0,0,2,False
투잡 성공 후기,기타,"요즘 뜨는 1인창업 아이템 추천, 현실적으로 가능한 것만 정리했습니다","특히 시간 대비 생산성이 높아서 직장인 투잡으로도 많이 시작하더라구요. 직접 찾아보니 생각보다... 요즘 성공 사례들을 보면 이 3가지를 충족하는 구조가 많더라구요. 결국 고정비를 줄이고, 반복 가능한 시스템을...",http://cafe.naver.com/koarane/405441,리얼리뷰 공유소ㅣ내돈내산 찐리뷰 커...,https://cafe.naver.com/koarane,0,2,3,2,3,False
투잡 성공 후기,배달,간만에 뽑아내는 돈많이 못버는 투잡이의 일지(7월 12일 화요일),"새달사,세달사,대리운전,대리기사,탁송,대리운전알바,대리기사알바,대리운전투잡,대리기사투잡,대리알바,대리투잡,택틀,꽁지,로지,카카오드라이버,새벽을달리는사람들,카대리,로지,택틀,셔틀,배달알바,배달투잡...",http://cafe.naver.com/uyt567/47876,"대리기사연합-대리운전,탁송,배달대행...",https://cafe.naver.com/uyt567,0,4,0,0,4,False
투잡 성공 후기,기타,"유통관리사 시험 난이도와 합격 꿀팁, 실제 후기까지 알려드림!",하루 30분 투자로도 수익이 나는 구조라 직장인 투잡으로도 딱이에요. 저도 복붙만 하다가 첫 수익이 나왔을 때 진짜 소리 질렀어요 ───────────────── 이건 진짜 후기인데요. 60대 분들도 따라할...,http://cafe.naver.com/koarane/47294,리얼리뷰 공유소ㅣ내돈내산 찐리뷰 커...,https://cafe.naver.com/koarane,0,6,0,0,6,False
투잡 성공 후기,기타,단기로 할 수 있는 알바 없을까 하다가 알게 된 꿀정보 공유해요~,"특히 앱 설치만으로도 바로 지원 가능한 것도 많고, 후기 괜찮은 곳 위주로 모아봤습니다. 정보 찾는 분들께... 그리고 팀으로 하면 성공 확률이 더 높다는 것도 매력포인트! 초보자도 복붙만 하면 가능하다는 게 진짜...",http://cafe.naver.com/koarane/376450,리얼리뷰 공유소ㅣ내돈내산 찐리뷰 커...,https://cafe.naver.com/koarane,0,0,3,0,3,False
투잡 성공 후기,기타,"카페마케팅 초보가 흔히 하는 실수 7가지, 이것만 피하면 반응이 달라져요","또 하나는 “무조건/100%/확실히/무조건 성공” 같은 과한 표현! 카페는 분위기상 이런 문장이 들어가면... 어떤 곳은 후기 중심, 어떤 곳은 정보 중심, 어떤 곳은 질문글이 활발하죠. 초보가 흔히 하는 실수는, 카페 공지...",http://cafe.naver.com/koarane/452633,리얼리뷰 공유소ㅣ내돈내산 찐리뷰 커...,https://cafe.naver.com/koarane,0,0,3,2,1,False
투잡 성공 후기,기타,조기재취업수당 조건 총정리! 신청방법부터 지급금액까지 한 번에,재취업에 성공했을 때 지급되는 추가 지원금이에요. 쉽게 말해 “빨리 취업하면 남은 실업급여 일부를... 생각보다 금액이 커서 재취업 후 목돈처럼 활용하기 좋다는 후기가 많더라구요. 이사비용이나 생활안정자금으로...,http://cafe.naver.com/koarane/409166,리얼리뷰 공유소ㅣ내돈내산 찐리뷰 커...,https://cafe.naver.com/koarane,0,0,6,0,6,False
투잡 성공 후기,기타,직장인무설정아파트론 알아보고 급한 공사비 마련할 수 있었습니다.,제가 투잡을 하고 있어서 현재 다니도 있는 직장조건으로 알아볼 수 있었어요. 플래너님께 현재 살고 있는 아파트 시세와 수입증명정도 기대출 알려드리고 직장인무설정아파트론 가조회 통해 여러은행 따져보기로...,http://cafe.naver.com/loveshake1/154290,[금융꿀팁]직장인/주부/서민/아파트론...,https://cafe.naver.com/loveshake1,0,2,0,0,2,False
투잡 성공 후기,기타,네일아트학원 후기 찾아보다가 결국 등록까지 했어요ㅎㅎ,"네일아트학원 후기 찾아보다가 결국 등록까지 했어요ㅎㅎ 제가 네일아트에 이렇게 꽂힐 줄 몰랐거든요?... 요즘은 대학생들도 배우고, 투잡으로 하시는 직장인분들도 많아요!...",http://cafe.naver.com/koarane/165569,리얼리뷰 공유소ㅣ내돈내산 찐리뷰 커...,https://cafe.naver.com/koarane,0,2,0,0,2,False
투잡 성공 후기,기타,"2026 재택근무 알바 실태, 단순 타이핑보다 수익 5배 높은 '이것'","직장 다니면서 투잡을 꿈꾸는 분부터 육아와 병행하며 수익을 내고 싶은 분들까지 장소의 제약 없는... ───────────────── 진짜 돈 되는 재택 알바의 핵심 조건 많은 후기를 분석해 본 결과, 결국...",http://cafe.naver.com/koarane/373047,리얼리뷰 공유소ㅣ내돈내산 찐리뷰 커...,https://cafe.naver.com/koarane,0,6,0,0,6,False
투잡 성공 후기,블로그,혹시 요즘 직장 다니면서 투잡 고민하시는 분들 계신가요?,"이 시간을 활용해서 ‘앱테크’나 ‘설문조사’, ‘블로그 글쓰기’, ‘상품 후기 등록’ 같은 걸 하시는... 직장인 투잡으로 고민 중이라면, 꼭 한번 도전해볼 만한 기회라고 생각해요....",http://cafe.naver.com/koarane/327094,리얼리뷰 공유소ㅣ내돈내산 찐리뷰 커...,https://cafe.naver.com/koarane,0,4,0,0,4,False
투잡 성공 후기,기타,"택배기사수입 공개, 주말근무 추가수익까지!","이런 유연한 시스템 덕분에 투잡, 부업으로 하시는 분들도 점점 늘고 있대요ㅎㅎ... 직접 후기들 찾아보면서 느낀 건데요, ""체력은 힘들지만 수입은 괜찮다"", ""혼자 일하는 자유로움이 좋다"", ""시간 조절이 돼서...",http://cafe.naver.com/koarane/364515,리얼리뷰 공유소ㅣ내돈내산 찐리뷰 커...,https://cafe.naver.com/koarane,0,6,0,0,6,False
투잡 성공 후기,기타,이마트알바 지원 전에 체크할 근무시간 정보!,"실제로 면접에서 외모단정 부분도 은근히 체크한다는 후기 봤어요... 직장인 투잡…누가 많이 할까?] 이마트알바는 주부, 휴학생, 취준생, 40~50대 경단녀까지 다양한 분들이 계시더라구요. 최근엔 직장 끝나고 저녁에 잠깐...",http://cafe.naver.com/koarane/307868,리얼리뷰 공유소ㅣ내돈내산 찐리뷰 커...,https://cafe.naver.com/koarane,0,2,0,0,2,False
투잡 성공 후기,기타,파주일자리 알아보는 분들께 현실적인 정보 한번 정리해봤어요.,체력적으로 오래 버티기 힘들다는 후기들도 종종 보입니다. ───────────────── [ 공공... 그래서 많은 분들이 부업이나 투잡을 같이 알아봅니다. 특히 온라인 기반 수익 구조에 관심이 커졌어요. 지역...,http://cafe.naver.com/koarane/390553,리얼리뷰 공유소ㅣ내돈내산 찐리뷰 커...,https://cafe.naver.com/koarane,0,6,0,0,6,False
투잡 성공 후기,기타,"서브웨이창업 비용, 수익, 요즘 어떨지 궁금한 분들 많죠? 제가 싹 정리해드릴게요.",현실적인 후기까지 정리해서 공유드릴게요. ───────────────── [# 서브웨이창업... 병행하거나 투잡으로 시작하는 분들도 많아졌어요. ───────────────── 저도 자동화 퍼널...,http://cafe.naver.com/koarane/286415,리얼리뷰 공유소ㅣ내돈내산 찐리뷰 커...,https://cafe.naver.com/koarane,0,4,0,2,2,False
투잡 성공 후기,기타,"골프존 창업, 현실적인 비용과 수익 궁금해요","또한, 초보자가 시작하기에 어떤 점들이 가장 중요하고, 성공적인 운영을 위해 필요한 구체적인 단계나 전략이 있을까요? 혹시 골프존 창업해보신 분 계실까요? 현실적인 조언이나 주의할 점, 솔직한 후기 들려주시면 정말...",http://cafe.naver.com/koarane/262768,리얼리뷰 공유소ㅣ내돈내산 찐리뷰 커...,https://cafe.naver.com/koarane,0,2,3,2,3,False
투잡 성공 후기,기타,국결업체가 신고된 곳이 384개나 된다고 합니다,결혼 성공 후기글 등에 동의받지 않은 개인 신상정보가 포함되는 경우도 규제 대상이다. 하지만 등록취소 처분을 받은 뒤 3년이 지나면 다시 결혼중개업 등록이 가능하다. 결혼중개업법에 따르면 등록이 취소되거나...,http://cafe.naver.com/arnc/14097,국제 결혼이 답이다.,https://cafe.naver.com/arnc,0,0,3,0,3,False
투잡 성공 후기,기타,TM알바 지금도 할만한 부업일까~,"특히 육아맘, 지방 거주자들한테는 찐 꿀템 부업임ㅎㅎ 시간 조절도 가능해서 본업 있는 분들이 투잡으로 많이 한대요. 이거 듣고 저도 솔직히 좀 혹했어요ㅋㅋ ───────────────── [# TM알바 후기들...",http://cafe.naver.com/koarane/192416,리얼리뷰 공유소ㅣ내돈내산 찐리뷰 커...,https://cafe.naver.com/koarane,0,4,0,0,4,False
투잡 성공 후기,기타,뚜벅이 감악산 후기,상호명: 감악산 위치: 양주 비용: 5 예약방법및 연락처: *********** 다녀오신 후기: 오전9시30분에 집을 나서서... 제가 지금 월급 받는 회사 일과 투잡하는 일에 대해서 말씀하시는데 놀람의 연속이었죠. 그걸 물어보러...,http://cafe.naver.com/bamsaju/266733,밤도깨비의 용한점집을 찾아라!! 밤도...,https://cafe.naver.com/bamsaju,0,2,0,0,2,False
투잡 성공 후기,기타,직장다니면서알바로 수입 구조가 달라졌어요,"───────────────── 후기들 보면 더 솔깃해져요. 컴퓨터 잘 못 다루는 분들도 따라하고, 복사 붙여넣기 위주라 부담도 적다고 하더라구요. 직장인 성공 사례도 많아서 괜히 추천이 많은 게 아니구나...",http://cafe.naver.com/koarane/267991,리얼리뷰 공유소ㅣ내돈내산 찐리뷰 커...,https://cafe.naver.com/koarane,0,0,3,2,1,False
투잡 성공 후기,기타,휴대폰으로돈벌기 부업하는 친구 따라해봤어요ㅎㅎ,"오늘은 제가 해본 생생한 후기랑, 도대체 어떻게 이런 게 가능한 건지 쭉~ 풀어드릴게요!... 싶었어요 ───────────────── [투잡하고 있는 친구의 조언 한 마디!] 제가 시작하게 된 계기가 바로 친구...",http://cafe.naver.com/koarane/374173,리얼리뷰 공유소ㅣ내돈내산 찐리뷰 커...,https://cafe.naver.com/koarane,0,4,0,0,4,False
투잡 성공 후기,블로그,AI프로그램 하나로 투잡 수익까지 챙길 수 있다고?,AI프로그램 하나로 투잡 수익까지 챙길 수 있다고? 요즘 진짜 세상이 너무 빨리 변하잖아요. AI가 사람을... 현실 후기 : 저도 직접 해봤어요!] 처음엔 반신반의했는데… 진짜 해보니까 완전 신세계! 저는 블로그...,http://cafe.naver.com/koarane/101260,리얼리뷰 공유소ㅣ내돈내산 찐리뷰 커...,https://cafe.naver.com/koarane,0,6,0,0,6,False
투잡 성공 후기,기타,"수익창출, 월급 외 소득을 만드는 현실적인 방법","마트 가면 10만원은 금방 사라지고, 외식 한 번이면 지갑 털리는 느낌...ㅠㅠ 그래서 저처럼 투잡이나 부업... 퍼널마케팅, 후기 들려드림!] 진짜 후기들 보면 좀 충격적이에요. 한 달 만에 월 천 찍은 분도 있고, 단순...",http://cafe.naver.com/koarane/297199,리얼리뷰 공유소ㅣ내돈내산 찐리뷰 커...,https://cafe.naver.com/koarane,0,6,0,0,6,False
투잡 성공 후기,기타,쿠팡물류센터알바 단기근무정보 찾는다면,딱 필요한 날만 일하고 필요한 만큼만 벌 수 있다는 점이 진짜 장점 같아요 요즘은 투잡이 거의 필수처럼 느껴지는 분위기잖아요? ───────────────── [근무 난이도… 실제로 해본 분들 후기 보니까]...,http://cafe.naver.com/koarane/156029,리얼리뷰 공유소ㅣ내돈내산 찐리뷰 커...,https://cafe.naver.com/koarane,0,2,0,0,2,False
투잡 성공 후기,스마트스토어,네이버스마트스토어시작하기 초보자도 가능한 자동화 방법은?,"그리고 요즘 같은 시기에 ‘투잡’이나 ‘부업’ 찾는 분들한테는 진짜 딱이에요~ + 요즘은 오프라인 매장을... 설정 ▶ 후기/리뷰 확보 전략 세우기 진짜 하나씩만 하면 되는데, 전 이거 처음 몰라서 몇 번이나 헤맸는지...",http://cafe.naver.com/koarane/353703,리얼리뷰 공유소ㅣ내돈내산 찐리뷰 커...,https://cafe.naver.com/koarane,0,6,0,0,6,False
투잡 성공 후기,기타,퇴근후알바 선택한 사람들 수익 흐름이 달라졌대요~,자연스럽게 투잡을 찾는 듯한 느낌? 특히 퇴근 후 1~2시간만 투자해서 가능한 알바들이 많아져서 접근성이 확... ───────────────── [후기 보면 생각보다 괜찮다 하는 사람들 많음] 제 주변에서도...,http://cafe.naver.com/koarane/219258,리얼리뷰 공유소ㅣ내돈내산 찐리뷰 커...,https://cafe.naver.com/koarane,0,6,0,0,6,False
투잡 성공 후기,기타,직장인부업추천 소자본투잡 요즘 왜 인기냐면,직장인부업추천 소자본투잡 요즘 왜 인기냐면 주변 직장인 친구들 만나면 요즘 거의 무조건 부업 얘기 먼저... 저도 여러 후기 보면서 이 방식이 제일 현실적이라는 걸 느꼈어요. 특히 초보자일수록 ‘꾸준함 + 시스템’이...,http://cafe.naver.com/koarane/216577,리얼리뷰 공유소ㅣ내돈내산 찐리뷰 커...,https://cafe.naver.com/koarane,0,4,0,2,2,False
투잡 성공 후기,기타,출장세차창업 장단점 알아보려는 사람들 요즘 늘더라구,아무래도 부업이나 투잡 고민하시는 분들에게는 꽤 매력적인 아이템 같더라구요ㅎㅎ... ───────────────── [장비 선택이 의외로 관건이라는 후기 많더라] 장비 가격이 천차만별이라 처음에 헷갈리는...,http://cafe.naver.com/koarane/175993,리얼리뷰 공유소ㅣ내돈내산 찐리뷰 커...,https://cafe.naver.com/koarane,0,4,0,0,4,False
투잡 성공 후기,기타,"대리운전알바 수입과 스케줄, 해보니 알겠더라..","다들 투잡 하나쯤은 알아보는 분위기인데, 저 역시 회사 일 끝나고 시간을 활용할 방법이 없을까 고민하다가 ‘대리운전알바’라는 키워드가 눈에 들어왔습니다. 그래서 직접 해봤고, 오늘은 그 생생한 후기와 수입...",http://cafe.naver.com/koarane/189911,리얼리뷰 공유소ㅣ내돈내산 찐리뷰 커...,https://cafe.naver.com/koarane,0,2,0,0,2,False
투잡 성공 후기,기타,18기 온라인반 4월 후기,망해서 엄청 어둠속에 있을때 공장다니면서 투잡으로 시작했고 고객들이 달아 주는 뎃글과 고객들이 궁금해... 아울렛 그냥 찾아갔다가 되팔이 소리도 들었는데~ 틀린말 아니니까~^^ 되팔이로 성공하고 싶습니다..ㅎ....,http://cafe.naver.com/lastone0228/20986,라스트원 브랜드유통,https://cafe.naver.com/lastone0228,0,2,3,2,3,False
투잡 성공 후기,기타,AI알바 단기고수익 가능한 진짜 이유 공개!,"후기, 왜 다들 추천하는지 알겠더라구요] 1. AI처럼 자동화 시스템으로 돌아가니까 너무 편해요! 2. 한번만 세팅하면 그 뒤로는 거의 손 안대도 수익이 난다는 게 신기해요. 3. 팀으로 같이 하면 시너지 효과가 커서 성공...",http://cafe.naver.com/koarane/381637,리얼리뷰 공유소ㅣ내돈내산 찐리뷰 커...,https://cafe.naver.com/koarane,0,2,3,2,3,False
투잡 성공 후기,기타,돈잘버는직업 요즘 MZ세대가 눈여겨보는 분야,───────────────── [# 평범한 직장인은 ‘투잡’으로 더 벌어요] 요즘은 퇴근 후 투잡은... (아직은 적자지만ㅋㅋ) ───────────────── [# 실제 후기에서 얻은 꿀팁들!]...,http://cafe.naver.com/koarane/104064,리얼리뷰 공유소ㅣ내돈내산 찐리뷰 커...,https://cafe.naver.com/koarane,0,2,0,0,2,False
투잡 성공 후기,기타,직장인부업 이제는 회사만 믿기 어려운 시대니까요,안정성 있는 부업은 ‘정보력’이 가장 중요하니까 꼭 후기나 실제 사례 찾아보는 거 추천해요.... 진짜 요즘은 회사만 믿고 있기엔 너무 리스크가 크더라구요… 저는 이제 ‘투잡’이 아니라 ‘플랜B’라고 생각하고...,http://cafe.naver.com/koarane/305154,리얼리뷰 공유소ㅣ내돈내산 찐리뷰 커...,https://cafe.naver.com/koarane,0,4,0,2,2,False
투잡 성공 후기,기타,스크린골프알바 알아보는 사람들 사이에서 이유 있는 인기라네요,"많아서, 투잡으로 알아보는 직장인들도 많다더라구요. 그래서 제가 최근에 살펴본 스크린골프알바 관련... 그래도 전체적으로는 수월하다는 후기가 훨씬 많았어요ㅎㅎ...",http://cafe.naver.com/koarane/211608,리얼리뷰 공유소ㅣ내돈내산 찐리뷰 커...,https://cafe.naver.com/koarane,0,2,0,0,2,False
투잡 성공 후기,기타,쿠팡세척알바 근무강도 실제로 어느정도일까,"다만 물 사용이 많다 보니까 손이 조금 시려울 때가 있다는 후기들도 꽤 있었어요. 특히 3시간~5시간 단기... 유연해서 투잡으로 딱 좋아서래요. 특히 새벽 타임은 경쟁률도 꽤 있다던데, 이유가 '짧고 굵게' 벌 수...",http://cafe.naver.com/koarane/205328,리얼리뷰 공유소ㅣ내돈내산 찐리뷰 커...,https://cafe.naver.com/koarane,0,2,0,0,2,False
투잡 성공 후기,기타,재택부업 요즘엔 이렇게 바뀌고 있다구요,"특히 아르바이트는 시간 맞추기도 힘들고, 시급도 낮으니까… 그렇다고 무조건 투잡하기엔 체력도... 저도 이건 해보면서 깨달은 꿀팁이라 꼭 알려드리고 싶었어요 ───────────────── [ 후기 보면...",http://cafe.naver.com/koarane/232395,리얼리뷰 공유소ㅣ내돈내산 찐리뷰 커...,https://cafe.naver.com/koarane,0,6,0,0,6,False
투잡 성공 후기,기타,AI부업 어디까지 자동화가 가능한 걸까용?,"고객 유입부터 제품 홍보, 구매 유도, 후기 수집까지 한 번 세팅해두면 자동으로 돌아가요. 솔직히 이건... ───────────────── [(경험담) 직장 다니며 투잡으로 병행 중!] 저는 현재 직장에 다니면서...",http://cafe.naver.com/koarane/251139,리얼리뷰 공유소ㅣ내돈내산 찐리뷰 커...,https://cafe.naver.com/koarane,0,4,0,0,4,False
투잡 성공 후기,기타,직장인투잡알바사이트 추천 좀요,직장인투잡알바사이트 추천 좀요 회사 다니면서 틈틈이 할 수 있는 투잡이나 부업 없을까요?... 확실히 성공 가능한 좋은 부업거리가 있었으면 좋겠어요. 혹시 실제 해보신 분 있으면 후기나 사이트 추천 부탁드려요.,http://cafe.naver.com/cafemakecafebest/16717,세상모든꿀팁 ㅣ영업·창업·부업·투...,https://cafe.naver.com/cafemakecafebest,0,4,3,4,3,False
투잡 성공 후기,기타,"당근알바지원, 나도 해봤는데 의외로 괜찮더라~","부업이나 투잡 찾는 분들에게도 도움될 꿀팁까지 정리해볼게요... 그래서 저는 꼭 ""지역 인증된 가게"", ""후기 있는 사장님"" 위주로 지원했어요! 당근마켓도 신고 기능이 있으니까, 그런 부분도 참고하면 좋아요. 그리고...",http://cafe.naver.com/koarane/357340,리얼리뷰 공유소ㅣ내돈내산 찐리뷰 커...,https://cafe.naver.com/koarane,0,4,0,0,4,False
투잡 성공 후기,기타,7억초과 달성후기,7억초과달성에 성공했습니다 이번에는 조금 길었던시간이라 약간의 인내를 해야했고 늘하던대로... 가볍게 성공했고 이것으로 3년동안 1억씩 달성하는 기록을 세웠습니다 다음으로 목표는 8억원에 도전을 해보려고...,http://cafe.naver.com/wecando7/11552943,월급쟁이부자들 (직장인 재테크 부동산...,https://cafe.naver.com/wecando7,0,0,6,0,6,False
투잡 성공 후기,기타,배를 떠나보내고,그래서 저는투잡해서 먹고살죠 도시에서 사시다 시골이그리우면 시골에가서 농사나 지어볼까 하는분들... 드시고 후기글과 감사에 문자를 받으며 다짐을 했읍니다. 1. 절대로 카페 회원여러분에 마음 상하지않게...,http://cafe.naver.com/merigold/253030,부여메리골드,https://cafe.naver.com/merigold,0,2,0,0,2,False
투잡 성공 후기,기타,[자기주도학습 PMP추천 포켓EBS_홈빡공 T 패키지 성공후기] GS 5기,제목은 [자기주도학습 PMP추천 포켓EBS_홈빡공 T 패키지 성공후기] 본인 기수 로 통일해주세요. (제목 뒤에 더... → 홈빡공 시작하면서 막내로 부터 엄마는 공부해야 하는 두번째 일로 인식시켜 투잡을 하는 엄마가 되었던거...,http://cafe.naver.com/pocketebs/47098,EBS 전용 학습기 - 포켓 EBS,https://cafe.naver.com/pocketebs,0,2,3,2,3,False
투잡 성공 후기,기타,돈잘버는직업 현실소득 궁금하다구요,"부업이나 투잡을 같이 찾기 시작했고, 그 중에서 ""돈잘버는직업""이 검색량이 폭발적으로 늘었대요. 특히... 여러 후기를 보면서 느낀 건…""어떤 직업을 하냐""보다도 ""어떤 구조를 쓰냐""가 수익을 갈라놓는 포인트였어요....",http://cafe.naver.com/koarane/147723,리얼리뷰 공유소ㅣ내돈내산 찐리뷰 커...,https://cafe.naver.com/koarane,0,6,0,2,4,False
투잡 성공 후기,기타,저처럼 집에서 부업 찾는 분들은 아마 ‘손부업나라’ 한 번쯤 보셨을 거예요!,사실 저도 직장 다니면서 투잡을 해볼까 고민하던 중에 우연히 보게 된 키워드가 바로 이거였어요. 뭔가... ───────────────── [# 후기나 경험담은 진짜일까?] 후기글 보면 ‘하루 2시간 투자로 20만원...,http://cafe.naver.com/koarane/334464,리얼리뷰 공유소ㅣ내돈내산 찐리뷰 커...,https://cafe.naver.com/koarane,0,6,0,0,6,False
투잡 성공 후기,기타,"AI알바가 진짜 돈이 될까? 부업, 창업, 경제까지 다 연결된다","또 아이 키우는 엄마들이나 퇴근 후 투잡 찾는 직장인들 사이에서도 인기 많아요. 시간, 장소에 구애받지... 커뮤니티 반응도 살짝 보자!*] 요즘 맘카페, 부업카페, 창업커뮤니티에서 AI알바 관련 후기 엄청 올라오고...",http://cafe.naver.com/koarane/210985,리얼리뷰 공유소ㅣ내돈내산 찐리뷰 커...,https://cafe.naver.com/koarane,0,4,0,0,4,False
투잡 성공 후기,기타,"무자본으로 시작할 수 있는 사업 아이템, 궁금하시죠?",───────────────── [#3 성공 사례 살펴보기] 최근 1인 창업자들이 SNS 마케팅과 자동화... ───────────────── [#8 퍼널 마케팅 장점 & 후기] 1. 현존하는 가장 전환율이 높은 온라인...,http://cafe.naver.com/koarane/371231,리얼리뷰 공유소ㅣ내돈내산 찐리뷰 커...,https://cafe.naver.com/koarane,0,0,3,2,1,False
투잡 성공 후기,블로그,블로그광고수익 하나로 투잡보다 더 버는 현실 썰 푼다,근데 지금은 제 투잡보다 블로그 광고 수익이 훨씬 낫다구요 ───────────────── [*블로그... - 광고 위치는 본문 1/3 지점이 핵심 - 후기 컨셉 + 신뢰감 포인트 넣으면 전환율 급등! 이건 제가 실제 해보고...,http://cafe.naver.com/koarane/97403,리얼리뷰 공유소ㅣ내돈내산 찐리뷰 커...,https://cafe.naver.com/koarane,0,6,0,0,6,False
투잡 성공 후기,기타,"나의 첫 웨비나, 오프라인 현장방문후기","그것도 현장방문 오프라인:) 생생 현장 후기를 기록하다보니 다소 내용이 길어질 수 있습니다 속기 입문한지 얼마 안됐을 때, 웨비나가 도대체 뭐지… 아 뭐 성공한 사람들이 나와서 광고하나보다 정도로 생각했어요...",http://cafe.naver.com/qodbsdud82/379283,속기 카페랭킹 1위 (재택·프리｜콘텐...,https://cafe.naver.com/qodbsdud82,0,0,3,0,3,False
투잡 성공 후기,스마트스토어,"네이버스마트스토어시작하기 전 필수체크! 부업,수익성,광고까지","분들의 후기도 모아봤어요. 시작 전 체크할 필수 항목들부터 요즘 트렌드까지 정리해드릴게요 ㅎㅎ ───────────────── [# 스마트스토어, 요즘 왜 인기일까?] 스마트스토어는 요즘 부업, 투잡 키워드에서...",http://cafe.naver.com/koarane/303830,리얼리뷰 공유소ㅣ내돈내산 찐리뷰 커...,https://cafe.naver.com/koarane,0,8,0,0,8,False
투잡 성공 후기,기타,대전쿠팡알바 경험자들얘기들어보면 재밌더라구요~,"그래서 오늘은 대전쿠팡알바 관련해서 최근 분위기, 근무환경, 실제 후기까지 정리해서 얘기해보려고요... 특히 학생·주부·직장인 투잡까지 연령대가 완전 다양해졌다고… 저도 지인 통해 들었는데 생각보다 체력적인...",http://cafe.naver.com/koarane/208075,리얼리뷰 공유소ㅣ내돈내산 찐리뷰 커...,https://cafe.naver.com/koarane,0,2,0,0,2,False
투잡 성공 후기,스마트스토어,초보 워킹맘의 쇼핑몰 투잡 창업이야기,조정하고 투잡으로 하고 있어요 정말 배려 많이 받고 있죠 다니는 회사가 쇼핑몰이라 그 곳에서 준비하는게... 좋은 후기를 봐서 정말 기쁘더라구요 정말 왕초보지만 주변에 도와주는 분들도 많으니까 힘내서 열심히...,http://cafe.naver.com/ettrainer/20377,★커직카★커피전문점 직거래카페★카...,https://cafe.naver.com/ettrainer,0,4,0,0,4,False
투잡 성공 후기,기타,"3,000만원 재단 자금 승인, 프랜차이즈 카페업체","ㅎㅎㅎ 고객분들이 투잡으로 바쁘셔서, 자금 승인은 늦어졌지만, 결과적으로 30,000,000원 재단 승인 완료 되었습니다^^ 장대표님의 실력도 실력이지만, 사소해 보일 수 있는 업체 하나도 이렇게 신경써주시고...",http://cafe.naver.com/saleskey/4115,기업성장지원협회(법인영업/기업컨설팅...,https://cafe.naver.com/saleskey,0,2,0,0,2,False
투잡 성공 후기,기타,"온라인마케팅교육, 투잡러들이 가장 많이 찾는 이유는 뭘까용?","온라인마케팅교육, 투잡러들이 가장 많이 찾는 이유는 뭘까용? ───────────────── 요즘... 제 주변 후기 보면 하루 1~2시간만 투자해도 충분히 이해하고 실습할 수 있었다고 하더라구요 이건 정말 시간...",http://cafe.naver.com/koarane/140419,리얼리뷰 공유소ㅣ내돈내산 찐리뷰 커...,https://cafe.naver.com/koarane,0,4,0,0,4,False
투잡 성공 후기,강의,스윙 아카데미 후기,후기를 자주쓰고 카페 활동도 많이 하고 싶지만 투잡이여서 공부하는시간도 빠듯해서 우선은 공부가 우선이라 생각해서 열심히 공부 하고 있습니다 2번의 강의를 들으면서 완전 초보였던 제가 이제 차트를 보는 눈도...,http://cafe.naver.com/toptrader7/363880,하승훈의 주식투자,https://cafe.naver.com/toptrader7,0,4,0,0,4,False
투잡 성공 후기,기타,"✨ 40대부터 시작한 속기 공부, 정말 가능할까요? ✨",“ 하는 고민에 막막하신분들을 위해서 다른 현직 속기사님들의 후기를 정리해봤어요. 저도 노후대비 차원에서 시작한 속기인만큼 관심있게 살펴 보았습니다. 40대 이상 현직 속기사님들의 속기사 도전기와 성공사례를...,http://cafe.naver.com/qodbsdud82/404579,속기 카페랭킹 1위 (재택·프리｜콘텐...,https://cafe.naver.com/qodbsdud82,0,0,3,0,3,False
투잡 성공 후기,기타,재택근무 가능한 부업 찾는 분들 필독이요,"구조, 후기, 팁 등등 알짜 정보 모아서 정리해봤어요! 저처럼 시간 제약 많은 분들께 조금이나마 도움이... ───────────────── [# 재택근무는 '투잡'이 아니라, '대안소득'이에요 #] 예전엔 투잡하면 몸...",http://cafe.naver.com/koarane/82405,리얼리뷰 공유소ㅣ내돈내산 찐리뷰 커...,https://cafe.naver.com/koarane,0,6,0,0,6,False
재택부업 성공,강의,재택부업으로 소득 늘리기!,"최근 재택부업에 대해 고민이 많았어요. 코로나 시대가 길어지면서 집에서 할 수 있는 일들에 대한 관심이... 다양한 주제의 강의를 제공하는 곳에서 제가 관심 있는 분야의 수업을 듣고, 이를 바탕으로 재택부업을 시작할...",http://cafe.naver.com/coolishz/787115,창사영2[창업사업영업아이템]소상공인...,https://cafe.naver.com/coolishz,0,6,0,0,6,False
재택부업 성공,기타,재택부업 지금 시작해도 괜찮을까요?,"혹시 재택부업으로 성공하신 분들, 추천할 만한 일이나 유용한 팁이 있다면 알려주세요. 재택부업이 정말 가능하다면 저도 꼭 도전해보고 싶어요 쿠팡 자동화 판매 시스템 특강",http://cafe.naver.com/fmsmania0/256683,[글로벌셀러창업연구소] 쿠팡로켓그로...,https://cafe.naver.com/fmsmania0,0,4,3,4,3,False
재택부업 성공,기타,재택부업 제대로 시작해보신 분 계실까요?,출퇴근 없이 집에서 할 수 있는 일 없을까 고민하다가 자연스럽게 재택부업 쪽을 찾아보게 됐어요. 아이... 만드는 재택부업도 많아졌더라고요. 특히 쿠팡 같은 플랫폼을 활용한 자동화 방식은 재고 없이도 시작할 수...,http://cafe.naver.com/fmsmania0/262980,[글로벌셀러창업연구소] 쿠팡로켓그로...,https://cafe.naver.com/fmsmania0,0,4,0,0,4,False
재택부업 성공,기타,"재택부업, 하루 2시간으로 가능한 현실적인 방법 있을까요?","재택부업에 관심이 많아지는 요즘, 저도 직장생활과 병행 가능한 수익활동을 찾다가 재택부업에 도전하게 됐어요. 생각보다 다양한 방법이 있고, 실제 수익도 가능해서 만족하고 있답니다. 재택부업은 누구나 시작할 수...",http://cafe.naver.com/fmsmania0/261734,[글로벌셀러창업연구소] 쿠팡로켓그로...,https://cafe.naver.com/fmsmania0,0,6,0,0,6,False
재택부업 성공,블로그,"육아와 가사 사이, 나만의 시간으로 주부재택부업 수익을 만들어요","그렇게 시작한 게 주부재택부업이었어요. 처음엔 제품 후기 쓰기나 블로그 포스팅 대행처럼 작은 것부터... 주부재택부업의 가장 큰 장점은 시간의 유연함이에요. 누구의 눈치도 보지 않고, 내 일정을 기준으로 스케줄을 짤...",http://cafe.naver.com/fmsmania0/262223,[글로벌셀러창업연구소] 쿠팡로켓그로...,https://cafe.naver.com/fmsmania0,0,8,0,0,8,False
재택부업 성공,블로그,인스타재택부업 하면서 월100 벌었쥬?,인스타재택부업 하면서 월100 벌었쥬? 혹시 인스타재택부업 관심 있으신 분들 계신가요? 요즘 맘카페나 블로그만 봐도 인스타로 돈 버는 분들 진짜 많더라구요ㅎㅎ 그래서 저도 한 번 시작해보자~ 하고 정보 찾아보다가...,http://cafe.naver.com/koarane/164094,리얼리뷰 공유소ㅣ내돈내산 찐리뷰 커...,https://cafe.naver.com/koarane,0,6,0,0,6,False
재택부업 성공,기타,재택부업에 관심 있습니다,"저처럼 재택부업에 관심 있으신분들 도움도 받고 도움도 드리고 싶습니다~ 지금 가입하신 회원님은 '손님등급'입니다. [가입인사]와 댓글 5개를 작성하시면, 초심회원으로 '자동등업' 됩니다. 성의 있는 [가입인사]로...",http://cafe.naver.com/mkas1/1400003,행복재테크ㅣ부동산 투자 경매 창업 직...,https://cafe.naver.com/mkas1,0,4,0,0,4,False
재택부업 성공,기타,Faisuro 사기 페이스로 영상 시청 부업 어플 사칭 피해 신중한 판단이,문자나 사회관계망서비스 광고를 통해 손쉬운 재택 부업 자리가 있다는 취지의 설명을 접하게 되고... 재택 부업이나 온라인 아르바이트를 알아볼 때는 기본적인 확인 절차만 지켜도 위험을 줄이는 데 도움이 될 수...,http://cafe.naver.com/cantsb/3227177,국내1위 다이어트 커뮤니티 씨씨앙(식...,https://cafe.naver.com/cantsb,0,4,0,0,4,False
재택부업 성공,기타,단기알바로 월 100 벌 수 있을까요?,확실히 성공 가능성이 있는 좋은 부업이 있다면 꼭 도전해보고 싶어요. 혹시 단기알바나 재택부업 쪽으로 현실적으로 괜찮은 방법 아시는 분 계시면 경험담이나 추천 좀 부탁드립니다!,http://cafe.naver.com/koarane/119829,리얼리뷰 공유소ㅣ내돈내산 찐리뷰 커...,https://cafe.naver.com/koarane,0,4,3,4,3,False
재택부업 성공,기타,온라인창업 해봤는데 결과가 너무 별로예요,있는 재택부업 같은 거라도 추천 좀 해주세요. 진짜 이러다 더 이상 뭐 시작할 자신도 없어질 것 같아요. 저처럼 시도는 했는데 잘 안된 분들 계시면 어떻게 극복하셨는지도 궁금해요. 확실히 성공 가능한 부업 하나만...,http://cafe.naver.com/koarane/53485,리얼리뷰 공유소ㅣ내돈내산 찐리뷰 커...,https://cafe.naver.com/koarane,0,4,3,6,1,False
재택부업 성공,기타,임산부도 무리 없이 할 수 있는 재택일 찾고 있어요,확실히 성공 가능한 좋은 부업거리가 있었으면 좋겠어요. 요즘 온라인 마케팅 쪽에서 돈 버는 사람들이... 혹시 임신 중에도 무리하지 않으면서 할 수 있는 괜찮은 재택부업 아시는 분 계시면 추천 좀 부탁드려요. 집에서 할...,http://cafe.naver.com/koarane/105860,리얼리뷰 공유소ㅣ내돈내산 찐리뷰 커...,https://cafe.naver.com/koarane,0,4,3,4,3,False
재택부업 성공,기타,빗썸 이벤트 7만원 개꿀,"오늘 이 포스팅에서는 제가 직접 7만원 전액을 지급받고 출금까지 성공한 과정을 바탕으로, 누락 없이 빗썸... 이렇게 연결까지 마치셨다면 절반의 성공입니다. 2. 가장 중요한 단계 : 5만원 추가 수령 (BYBONUS) 여기가 오늘...",http://cafe.naver.com/uccplus/2345455,"공취사│공기업,공공기관,공무원,민경...",https://cafe.naver.com/uccplus,0,0,3,0,3,False
재택부업 성공,기타,주부알바사이트 검색하다 보니 숨겨진 꿀부업 정보까지 찾았어요,"건 ‘재택부업’] 주부분들이 제일 먼저 찾는 게 역시 재택 부업이더라구요. 이유는 단순해요! 아이 재우고, 집안일 끝나고, 잠깐 짬나는 시간에 할 수 있으니까요. 그런데 막상 들어가보면 정보가 너무 많아서 뭐가...",http://cafe.naver.com/koarane/161843,리얼리뷰 공유소ㅣ내돈내산 찐리뷰 커...,https://cafe.naver.com/koarane,0,4,0,0,4,False
재택부업 성공,기타,요즘 부업추천 좀 알아보는데 뭐가 현실적일까요?,"그래도 계속 이렇게만 있을 수는 없겠다 싶어서 여러 커뮤니티 보면서 부업추천 글들 찾아보고 있는데요, 확실히 성공 가능성이 있는 게 뭔지 감이 안 잡히네요. 요즘은 온라인마케팅이나 재택부업도 많다는데, 주변에서는...",http://cafe.naver.com/koarane/165395,리얼리뷰 공유소ㅣ내돈내산 찐리뷰 커...,https://cafe.naver.com/koarane,0,4,3,4,3,False
재택부업 성공,기타,50대 재취업 현실 쉽지 않네요..,재취업 성공하신 분들 계시면 어떤 식으로 준비하셨는지 알려주시면 너무 감사하겠습니다.. 은퇴/은퇴자격증/은퇴후취업/은퇴일자리/자산관리/재취업지원서비스/재취업교육/퇴직예정자교육/퇴작자교육/은퇴준비...,http://cafe.naver.com/eovhskfktmak/4818,4050 우리들의 두번째 시작[은퇴 국민...,https://cafe.naver.com/eovhskfktmak,0,0,3,0,3,False
재택부업 성공,기타,요즘 주부부업 뭐가 괜찮은가요 추천 부탁드려요~,"확실히 성공 가능한 좋은 부업거리가 있었으면 좋겠어요. 온라인마케팅 쪽이나 재택부업도 관심이 많은데, 실제로 해보신 분들 어떤가요? 시간 대비 수익 괜찮은지, 초보자도 할 수 있을지 궁금합니다. 나름 여러 가지를...",http://cafe.naver.com/koarane/67928,리얼리뷰 공유소ㅣ내돈내산 찐리뷰 커...,https://cafe.naver.com/koarane,0,6,3,6,3,False
재택부업 성공,기타,스티커붙이기부업 챙기려는 사람들이 늘어난 이유가 있어요,"───────────────── [요즘 사람들 왜 이렇게 찾냐면요] 사실 요즘 다들 온라인 재택부업 찾잖아요. 출근 압박도 없고, 아이 키우는 분들이나 학생들도 시간 맞춰가면서 할 수 있으니까 부담이 덜한 거죠....",http://cafe.naver.com/koarane/165668,리얼리뷰 공유소ㅣ내돈내산 찐리뷰 커...,https://cafe.naver.com/koarane,0,4,0,0,4,False
재택부업 성공,기타,재취업 성공하신 분들 조언 받고 싶어요~,쌍둥이 임신으로 임신 중반부터 퇴사 후 15개월까지 육아에 전념하다가 이제 곧 어린이집에 보내려고 해요~ 저는 재취업하고 싶은데 워킹맘들 어떻게 육아와 일을 병행하고 계신가요? 저는 아직 그림이 안그려지네요 ㅜㅜ...,http://cafe.naver.com/imsanbu/74978627,맘스홀릭 베이비 (360만 엄마들의 임신...,https://cafe.naver.com/imsanbu,0,0,6,0,6,False
스마트스토어 성공,스마트스토어,스마트스토어 성공을 위한 팁 공유,"어떻게 시작해야 할지, 제품은 어떻게 소싱할지, 정말 성공할 수 있을지 고민이 많았죠. 그러던 중, 어느 날 친구한테서 스마트스토어 관련 책을 추천받았어요. 처음에는 그 책이 큰 도움이 될까 싶었는데, 읽어보니 모든 게...",http://cafe.naver.com/coolishz/784038,창사영2[창업사업영업아이템]소상공인...,https://cafe.naver.com/coolishz,0,2,3,2,3,False
스마트스토어 성공,스마트스토어,스마트스토어 성공을 위한 팁 공유!,"최근에 스마트스토어를 통해 쇼핑을 해본 경험을 이야기해보려 해요. 사실, 온라인 쇼핑은 저에게 늘 즐거운... 그러던 중, 친구가 스마트스토어를 추천해줬어요. 처음 듣는 이름이라서 조금 의심스러웠지만, 친구의...",http://cafe.naver.com/coolishz/788172,창사영2[창업사업영업아이템]소상공인...,https://cafe.naver.com/coolishz,0,2,3,2,3,False
스마트스토어 성공,스마트스토어,스마트스토어 성공을 위한 공급처 찾기,"스마트스토어를 시작하고 싶었지만, 공급처를 찾는 게 정말 막막했어요. 여러 곳을 알아보니 정보도 부족하고... 다시 시작할 수 있는 자신감도 생겼습니다. 스마트스토어를 운영하는 분들에게 이곳을 강력히 추천하고 싶어요!",http://cafe.naver.com/coolishz/779961,창사영2[창업사업영업아이템]소상공인...,https://cafe.naver.com/coolishz,0,2,3,2,3,False
스마트스토어 성공,스마트스토어,스마트스토어 성공을 위한 교육 팁,"처음 스마트스토어를 시작하려고 할 때 정말 막막했어요. 어떤 상품을 팔아야 할지, 어떻게 시작해야 할지 감이 안 잡혔거든요. 그러다가 친구의 추천으로 스마트스토어 교육을 알게 되었어요. 처음에는 과연 이 교육이...",http://cafe.naver.com/coolishz/776542,창사영2[창업사업영업아이템]소상공인...,https://cafe.naver.com/coolishz,0,2,3,2,3,False
스마트스토어 성공,스마트스토어,스마트스토어 딜러의 성공 비법,"스마트스토어 딜러를 하기로 결심했을 때, 처음에는 정말 막막했어요. 어떻게 시작해야 할지, 무엇을 준비해야 할지 전혀 감이 잡히지 않더라고요. 그러던 중에 친구의 추천으로 스마트스토어 딜러 프로그램을 알게...",http://cafe.naver.com/coolishz/782543,창사영2[창업사업영업아이템]소상공인...,https://cafe.naver.com/coolishz,0,2,3,2,3,False
스마트스토어 성공,스마트스토어,스마트스토어 성공 전략 공유해요,"어떤 상품을 팔아야 할지, 마케팅은 어떻게 해야 할지, 정말 성공할 수 있을지 불안했죠. 그러던 중에 친구의 추천으로 스마트스토어 플랫폼을 알게 됐습니다. 친구가 처음 시작할 때 도움을 많이 받았다면서, 이 시스템이...",http://cafe.naver.com/coolishz/779460,창사영2[창업사업영업아이템]소상공인...,https://cafe.naver.com/coolishz,0,2,3,2,3,False
스마트스토어 성공,스마트스토어,스마트스토어 성공 사례 분석하기,"그러던 중에 친구한테 스마트스토어 벤치마킹을 추천받았어요. 여러 스토어를 살펴보면서 성공적인 사례를 분석할 수 있다는 점이 굉장히 매력적으로 다가왔어요. 그래서 다양한 스토어의 디자인, 상품 노출 방식, 마케팅...",http://cafe.naver.com/coolishz/779115,창사영2[창업사업영업아이템]소상공인...,https://cafe.naver.com/coolishz,0,2,3,2,3,False
스마트스토어 성공,기타,쪼니꾸니 스마트 스토어 성공해보고 싶어서 가입했습니다.,'000(닉네임) 스마트 스토어 시작/성공/공부/소통 해보고 싶어서 가입했습니다.' (예 : 최고자산가 스마트 스토어 성공해보고 싶어서 가입했습니다.) 01. 닉네임 : 쪼니꾸니 02. 연령대 : 40대 03. 사는지역 : 서울 04....,http://cafe.naver.com/hinams01/53385,막퍼스▶막퍼주는카페 스마트스토어 온...,https://cafe.naver.com/hinams01,0,0,3,0,3,False
스마트스토어 성공,스마트스토어,스마트스토어 성공사례,"소리 듣던 것처럼 스마트스토어 해야겠다 소리 많이 듣잖아요 ㅎㅎ 이것도 좀 되긴했지만.,, 진짜 주변에서 성공하신 사례 있나 궁금해서요.^^ 제 주변엔 없어요 ㅎㅎ 저도 해보고 싶었지만 열심히 못할거 같아서 ㅠㅠㅋ",http://cafe.naver.com/ira111/737139,미사강변도시 미사맘스클럽♡ 미사맘,https://cafe.naver.com/ira111,0,2,3,2,3,False
스마트스토어 성공,스마트스토어,스마트스토어로 성공하는 창업 비법,"그러던 중에 친구의 추천으로 스마트스토어를 알게 되었어요. 친구가 성공적으로 운영 중이라 정말 믿고 시작할 수 있었던 것 같아요. 스마트스토어는 사용이 간편하고, 다양한 템플릿이 있어서 선택의 폭도 넓더라고요....",http://cafe.naver.com/coolishz/778998,창사영2[창업사업영업아이템]소상공인...,https://cafe.naver.com/coolishz,0,2,3,2,3,False
스마트스토어 성공,스마트스토어,"스마트스토어 운영, 성공 비법 공개!","스마트스토어를 운영하면서 처음에는 정말 많은 고민이 있었어요. 어떤 제품을 팔아야 할지, 어떻게 고객을... 그러던 중에 친구가 스마트스토어 운영 관련 세미나에 참여하라고 추천해줬어요. 처음에는 그게 정말 도움이...",http://cafe.naver.com/coolishz/785574,창사영2[창업사업영업아이템]소상공인...,https://cafe.naver.com/coolishz,0,2,3,2,3,False
스마트스토어 성공,스마트스토어,스마트스토어 운영 꿀팁 공유하기,"스마트스토어 운영을 시작하려고 할 때, 솔직히 걱정이 많았어요. 처음에는 어떤 제품을 팔아야 할지, 어떻게... 특히 다른 운영자들의 성공 사례를 보면서 저도 할 수 있을 것 같은 기대감이 생겼습니다. 카페에서 추천받은...",http://cafe.naver.com/coolishz/786793,창사영2[창업사업영업아이템]소상공인...,https://cafe.naver.com/coolishz,0,2,3,2,3,False
스마트스토어 성공,스마트스토어,스마트스토어로 혼자 시작하기!,"스마트스토어 1인 창업을 하기로 결심했을 때, 솔직히 많이 고민했어요. 인터넷에 있는 정보들은 넘쳐나지만, 막상 시작하려니 뭘 어떻게 해야 할지 막막하더라고요. 그러다 우연히 카페에서 스마트스토어에 대한 이야기를...",http://cafe.naver.com/coolishz/782945,창사영2[창업사업영업아이템]소상공인...,https://cafe.naver.com/coolishz,0,2,0,0,2,False
스마트스토어 성공,스마트스토어,스마트스토어 판매자 성공 비법 공유,"그러던 중에 친구가 스마트스토어를 추천해줬고, 그 친구의 성공적인 판매 사례를 들으니 저도 기대가 생기더라고요. 그래서 스마트스토어를 알아보게 되었고, 직관적인 인터페이스 덕분에 쉽게 가입하고 상품을 등록할 수...",http://cafe.naver.com/coolishz/779444,창사영2[창업사업영업아이템]소상공인...,https://cafe.naver.com/coolishz,0,2,3,2,3,False
스마트스토어 성공,스마트스토어,"스마트스토어 개설, 이렇게 시작해요!","처음의 막막함은 사라지고, 이제는 작은 성공을 경험하며 더 큰 꿈을 꿔보게 되었죠. 그런 만큼, 스마트스토어 개설을 고민하고 있는 분들께 정말 추천하고 싶어요. 시작이 반이라는 말이 정말 맞는 것 같아요!",http://cafe.naver.com/coolishz/783785,창사영2[창업사업영업아이템]소상공인...,https://cafe.naver.com/coolishz,0,2,3,2,3,False
스마트스토어 성공,스마트스토어,스마트스토어로 성공하기 위한 팁,"스마트스토어를 시작하려고 할 때 정말 많은 고민이 있었어요. 어떻게 상품을 올리고, 마케팅은 어떻게 해야 할지 막막했거든요. 그러던 중에 친구가 추천해준 스마트스토어 교육 프로그램이 있었어요. 처음엔 별 기대 없이...",http://cafe.naver.com/coolishz/782644,창사영2[창업사업영업아이템]소상공인...,https://cafe.naver.com/coolishz,0,2,3,2,3,False
스마트스토어 성공,스마트스토어,스마트스토어 마케팅 효과적으로 하기,스마트스토어를 운영하면서 마케팅의 어려움이 정말 컸어요. 초기에는 어떤 상품을 어떻게 홍보해야 할지 막막하기만 했죠. 특히 고객의 마음을 사로잡는 건 정말 쉽지 않았어요. 이런 이유로 이 스마트스토어 마케팅...,http://cafe.naver.com/coolishz/781907,창사영2[창업사업영업아이템]소상공인...,https://cafe.naver.com/coolishz,0,2,0,0,2,False
스마트스토어 성공,기타,티도 스마트 스토어 시작/성공/공부/소통 해보고 싶어서 가입했습니다,'000(닉네임) 스마트 스토어 시작/성공/공부/소통 해보고 싶어서 가입했습니다.' (예 : 최고자산가 스마트 스토어 성공해보고 싶어서 가입했습니다.) 01. 닉네임 : 티도 02. 연령대 : 30대 03. 사는지역 : 서울 04....,http://cafe.naver.com/hinams01/52914,막퍼스▶막퍼주는카페 스마트스토어 온...,https://cafe.naver.com/hinams01,0,0,3,0,3,False
스마트스토어 성공,스마트스토어,스마트스토어 진단평가 부탁드리겠습니다 현재까지 주문 0건..,"안녕하세요, 사장님들 ♂️ 스마트스토어 운영 중인데 고민이 있어 글 남깁니다. 현재 김치 상품을 판매하고 있고 상세페이지나 가격은 나름 신경 써서 준비했다고 생각하는데 매출이 전혀 발생하지 않는 상황입니다...",http://cafe.naver.com/soho/4035124,"★쇼핑몰창업,스마트스토어,스토어팜,...",https://cafe.naver.com/soho,0,4,0,0,4,False
스마트스토어 성공,스마트스토어,"스마트스토어 사업자등록, 이렇게 시작해요!","스마트스토어를 시작하고 싶었지만, 사업자 등록이 너무 복잡하고 귀찮았던 경험이 있어요. 서류 준비부터 시작해 세무서 방문까지, 혼자 해결해야 할 일이 너무 많아서 큰 부담이었죠. 이런 이유로 이 스마트스토어 사업자...",http://cafe.naver.com/coolishz/778723,창사영2[창업사업영업아이템]소상공인...,https://cafe.naver.com/coolishz,0,2,0,0,2,False
스마트스토어 성공,스마트스토어,"스마트스토어 개설, 이렇게 시작해요!","그러던 중에 친구가 스마트스토어를 추천해주었어요. 친구는 이미 성공적으로 운영 중이었고, 그 이야기를 듣고 나니 나도 한번 해보고 싶다는 생각이 들더라고요. “그냥 시작해보면 되지”라는 친구의 응원에 한껏...",http://cafe.naver.com/coolishz/786771,창사영2[창업사업영업아이템]소상공인...,https://cafe.naver.com/coolishz,0,2,3,2,3,False
스마트스토어 성공,기타,배배 스마트 스토어 시작/성공 해보고 싶어서 가입했습니다.,'000(닉네임) 스마트 스토어 시작/성공/공부/소통 해보고 싶어서 가입했습니다.' (예 : 최고자산가 스마트 스토어 성공해보고 싶어서 가입했습니다.) 01. 닉네임 : 배배 02. 연령대 : 30대 03. 사는지역 : 서울 04....,http://cafe.naver.com/hinams01/52544,막퍼스▶막퍼주는카페 스마트스토어 온...,https://cafe.naver.com/hinams01,0,0,3,0,3,False
스마트스토어 성공,스마트스토어,스마트스토어로 1인 사업 시작하기,"스마트스토어를 시작하면서 처음에는 여러 가지 걱정이 많았어요. 상품을 어떻게 등록해야 할지, 주문 관리는... 이런 이유로 이 스마트스토어 운영 도구를 소개하려고 해요. 첫 번째로, 상품 등록의 간편함입니다. 초기에는...",http://cafe.naver.com/coolishz/776683,창사영2[창업사업영업아이템]소상공인...,https://cafe.naver.com/coolishz,0,2,0,0,2,False
스마트스토어 성공,기타,min 스마트 스토어 성공해보고 싶어서 가입했습니다.,'000(닉네임) 스마트 스토어 시작/성공/공부/소통 해보고 싶어서 가입했습니다.' (예 : 최고자산가 스마트 스토어 성공해보고 싶어서 가입했습니다.) 01. 닉네임 : min 02. 연령대 : 30대 03. 사는지역 : 고양시 04....,http://cafe.naver.com/hinams01/52253,막퍼스▶막퍼주는카페 스마트스토어 온...,https://cafe.naver.com/hinams01,0,0,3,0,3,False
스마트스토어 성공,기타,셀린이 스마트 스토어 성공 해보고 싶어서 가입했습니다.,'000(닉네임) 스마트 스토어 시작/성공/공부/소통 해보고 싶어서 가입했습니다.' (예 : 최고자산가 스마트 스토어 성공해보고 싶어서 가입했습니다.) 01. 닉네임 : 셀린이 02. 연령대 : 30대 03. 사는지역 : 경기 04....,http://cafe.naver.com/hinams01/52255,막퍼스▶막퍼주는카페 스마트스토어 온...,https://cafe.naver.com/hinams01,0,0,3,0,3,False
스마트스토어 성공,스마트스토어,스마트스토어 상품등록 쉽게 하는 법,"스마트스토어에 상품을 등록하려고 할 때마다 느끼는 그 막막함, 정말 힘들었던 기억이 많아요. 하나하나... 이런 이유로 이 스마트스토어 상품등록 툴을 소개하려고 해요. 우선, **빠른 등록 기능**이 너무나 유용해요....",http://cafe.naver.com/coolishz/781445,창사영2[창업사업영업아이템]소상공인...,https://cafe.naver.com/coolishz,0,2,0,0,2,False
스마트스토어 성공,기타,스마트 스토어 마케팅 회사 성공 하신분 계신가요?,ㅠㅠ 제가 작년 6월 말쯤 천천히 스마트 스토어를 시작해볼 생각으로 일단 가입을 했는데 마케팅 회사에서 전화가 왔습니다 ㅠ 다른 사람들꺼 보여주면서 무조건 상위 노출을 시켜주겠다. 자기네 처럼 잘하는곳이 없다...,http://cafe.naver.com/jihosoccer123/3538381,아프니까 사장이다 [소상공인·자영업...,https://cafe.naver.com/jihosoccer123,0,0,3,0,3,False
스마트스토어 성공,기타,강도주 스마트 스토어 시작해보고 싶어서 가입했습니다,'000(닉네임) 스마트 스토어 시작/성공/공부/소통 해보고 싶어서 가입했습니다.' (예 : 최고자산가 스마트 스토어 성공해보고 싶어서 가입했습니다.) 01. 닉네임 : 강도주 02. 연령대 : 30대 03. 사는지역 : 대전 04....,http://cafe.naver.com/hinams01/53373,막퍼스▶막퍼주는카페 스마트스토어 온...,https://cafe.naver.com/hinams01,0,0,3,0,3,False
스마트스토어 성공,기타,리아7589 스마트 스토어 공부 해보고 싶어서 가입했습니다,'000(닉네임) 스마트 스토어 시작/성공/공부/소통 해보고 싶어서 가입했습니다.' (예 : 최고자산가 스마트 스토어 성공해보고 싶어서 가입했습니다.) 01. 닉네임 : 리아7589 02. 연령대 : 40대 03. 사는지역 : 청주 04....,http://cafe.naver.com/hinams01/53376,막퍼스▶막퍼주는카페 스마트스토어 온...,https://cafe.naver.com/hinams01,0,0,3,0,3,False
스마트스토어 성공,스마트스토어,스마트스토어 유입 늘리기 팁,"최근 온라인 쇼핑을 하다 보니, 자주 사용하는 스마트스토어의 유입 문제로 고민이 많았어요. 처음에는 그냥... 어떻게 해야 더 많은 고객을 유입할 수 있을까 고민하며 인터넷 서치를 하던 중, 스마트스토어 마케팅...",http://cafe.naver.com/coolishz/784288,창사영2[창업사업영업아이템]소상공인...,https://cafe.naver.com/coolishz,0,2,0,0,2,False
스마트스토어 성공,스마트스토어,"네이버스마트스토어 시작 준비물, 이것만 알면 반은 성공이래요",진짜 중요한 건 '포기하지 않고 조금씩 개선해보기' 이거 같아요 ───────────────── [✨ 스마트스토어 성공사례가 궁금하다면?] 요즘 온라인 커뮤니티 보면 ‘스마트스토어로 월 500 넘겼어요’ 이런...,http://cafe.naver.com/koarane/86303,리얼리뷰 공유소ㅣ내돈내산 찐리뷰 커...,https://cafe.naver.com/koarane,0,2,3,2,3,False
스마트스토어 성공,스마트스토어,"스마트스토어 창업, 이렇게 시작해요!","이런 이유로 이 스마트스토어 창업을 소개하려고 해요. 첫 번째로, 손쉬운 상품 소싱이 가능해졌어요. 처음에는 어떤 제품을 팔아야 할지 막막했는데, 스마트스토어에서는 다양한 카테고리의 상품을 쉽게 찾아볼 수 있어요....",http://cafe.naver.com/coolishz/778430,창사영2[창업사업영업아이템]소상공인...,https://cafe.naver.com/coolishz,0,2,0,0,2,False
스마트스토어 성공,스마트스토어,스마트스토어창업 성공하려면 마케팅부터 배우라는 말이 진짜인지 궁금합니다.,"그러다 보니 스마트스토어창업 이야기가 여기저기서 들려서 관심이 부쩍 늘었는데요. 진짜 솔직히, 뭘 팔아야... 그래도 스마트스토어창업은 집에서도 할 수 있고 조금씩 확장하는 분들 얘기를 들어보면 희망이 생기긴...",http://cafe.naver.com/koarane/174428,리얼리뷰 공유소ㅣ내돈내산 찐리뷰 커...,https://cafe.naver.com/koarane,0,2,3,2,3,False
스마트스토어 성공,스마트스토어,"""스마트스토어 운영의 예측 불가한 하루""","스마트스토어 운영하면서 오늘 좀 신기한 일이 있었어요. 오전에 판매량이 쭉 떨어져서 좀 걱정했거든요.... 건가 싶기도 하고, 아무튼 오늘 하루는 정말 정신없이 지나갔어요. 스마트스토어 운영, 솔직히 매일이 새롭네요~!",http://cafe.naver.com/coolishz/781141,창사영2[창업사업영업아이템]소상공인...,https://cafe.naver.com/coolishz,0,2,0,0,2,False
스마트스토어 성공,기타,꼼비 스마트 스토어 성공 해보고 싶어서 가입했습니다,'000(닉네임) 스마트 스토어 시작/성공/공부/소통 해보고 싶어서 가입했습니다.' (예 : 최고자산가 스마트 스토어 성공해보고 싶어서 가입했습니다.) 01. 닉네임 : 꼼비 02. 연령대 : 40대 03. 사는지역 : 충북 04....,http://cafe.naver.com/hinams01/51279,막퍼스▶막퍼주는카페 스마트스토어 온...,https://cafe.naver.com/hinams01,0,0,3,0,3,False
스마트스토어 성공,스마트스토어,"""스마트스토어 창업, 도전의 첫걸음!""","최근에 스마트스토어 창업에 대해 알아봤어요. 처음에는 막막했는데, 자료를 찾아보니 생각보다 많은 정보가 있더라고요. 그중에 가장 인상 깊었던 건, 상품 소싱에 대한 팁이었어요. 직접 경험해본 분들의 이야기를 들으니...",http://cafe.naver.com/coolishz/781172,창사영2[창업사업영업아이템]소상공인...,https://cafe.naver.com/coolishz,0,2,0,0,2,False
스마트스토어 성공,기타,"스마트 스토어 성공, 너무 쉽게 생각하시는거 아닌가요?",네이버 D-커머스 리포트 기준 오픈 후 1년 동안 단 한 개도 판매하지 못하는 스토어가 70프로인 곳이 스마트 스토어입니다. 방법이 다를 뿐이지 오프라인 상점 못지않게 공부하고 노력하셔야 합니다. 그럼에도 불구하고 저는...,http://cafe.naver.com/jihosoccer123/2519202,아프니까 사장이다 [소상공인·자영업...,https://cafe.naver.com/jihosoccer123,0,0,3,0,3,False
스마트스토어 성공,스마트스토어,"스마트스토어 창업, 나의 새로운 도전!","오늘 스마트스토어 창업에 대해 고민하면서 하루를 보냈어. 아침에 커피 한 잔 마시고, 내가 원하는 사업... 그 친구가 최근에 시작한 스마트스토어가 꽤 잘되고 있다고 하더라고! 너무 부럽기도 하고, 나도 뭔가 시작해보고...",http://cafe.naver.com/coolishz/777001,창사영2[창업사업영업아이템]소상공인...,https://cafe.naver.com/coolishz,0,2,0,0,2,False
스마트스토어 성공,기타,보리네 스마트 스토어 성공해보고 싶어서 가입했습니다.,'000(닉네임) 스마트 스토어 시작/성공/공부/소통 해보고 싶어서 가입했습니다.' (예 : 최고자산가 스마트 스토어 성공해보고 싶어서 가입했습니다.) 01. 닉네임 : 보리네 02. 연령대 : 50대 03. 사는지역 : 경기도...,http://cafe.naver.com/hinams01/51183,막퍼스▶막퍼주는카페 스마트스토어 온...,https://cafe.naver.com/hinams01,0,0,3,0,3,False
스마트스토어 성공,스마트스토어,스마트스토어창업 해보신 분들 실제로 돈 되나요,"스마트스토어창업으로 성공하신 분들은 처음에 어떻게 시작하셨는지 궁금합니다. 상품 소싱은 어디서 하고, 마케팅은 어떤 식으로 하셨나요? 저도 온라인마케팅으로 돈을 벌어보고 싶은데 방향을 잘 모르겠어요. 집에서 할...",http://cafe.naver.com/koarane/116576,리얼리뷰 공유소ㅣ내돈내산 찐리뷰 커...,https://cafe.naver.com/koarane,0,2,3,2,3,False
스마트스토어 성공,스마트스토어,클립 조회수 대박인데... 스마트스토어/블로그 유입 전환 비법 좀 알려주세요!,"제가 운영하는 스마트스토어랑 블로그 홍보를 위해 요즘 쇼츠, 릴스, 특히 네이버 클립을 열심히 올리고... 어떤 방법을 시도해보셨는지, 아니면 성공하셨다면 어떤 비법이 있었는지 궁금해서 이렇게 염치불구하고...",http://cafe.naver.com/keynx/2194,키엔엑스,https://cafe.naver.com/keynx,0,4,3,4,3,False
스마트스토어 성공,기타,옴뇸뇸뇽 스마트 스토어 시작/성공/공부/소통 해보고 싶어서 가입했습니다.,'000(닉네임) 스마트 스토어 시작/성공/공부/소통 해보고 싶어서 가입했습니다.' (예 : 최고자산가 스마트 스토어 성공해보고 싶어서 가입했습니다.) 01. 닉네임 : 옴뇸뇸뇽 02. 연령대 : 30대 03. 사는지역 : 용인...,http://cafe.naver.com/hinams01/51393,막퍼스▶막퍼주는카페 스마트스토어 온...,https://cafe.naver.com/hinams01,0,0,3,0,3,False
스마트스토어 성공,기타,암미유 스마트 스토어 시작/성공/공부/소통 해보고 싶어서 가입했습니다.,'000(닉네임) 스마트 스토어 시작/성공/공부/소통 해보고 싶어서 가입했습니다.' (예 : 최고자산가 스마트 스토어 성공해보고 싶어서 가입했습니다.) 01. 닉네임 : 암미유 02. 연령대 : 30대 03. 사는지역 : 서울 04....,http://cafe.naver.com/hinams01/51357,막퍼스▶막퍼주는카페 스마트스토어 온...,https://cafe.naver.com/hinams01,0,0,3,0,3,False
스마트스토어 성공,스마트스토어,"""스마트스토어 운영의 첫걸음, 도전과 보람""","요즘 스마트스토어 운영을 시작한 지 한 달 정도 됐는데, 정말 많은 일들이 있네요. 처음엔 기대감으로 가득... 스마트스토어 운영하면서 느끼는 건, 정말 다양한 사람들과 소통할 수 있다는 점이에요. 때때로 힘든 순간도...",http://cafe.naver.com/coolishz/787321,창사영2[창업사업영업아이템]소상공인...,https://cafe.naver.com/coolishz,0,2,0,0,2,False
스마트스토어 성공,스마트스토어,네이버스마트스토어시작하기 진짜 0원으로 가능할까?,"스마트스토어 지금도 늦지 않았나요?] 이 질문 많이 봤어요ㅋㅋ 결론부터 말하면, 아직도 시작하는 사람 많고, 성공사례도 계속 나오고 있어요. 네이버 검색 기반이라 '트렌드'만 잘 타면 신입도 노출 가능하거든요....",http://cafe.naver.com/koarane/217475,리얼리뷰 공유소ㅣ내돈내산 찐리뷰 커...,https://cafe.naver.com/koarane,0,2,3,2,3,False
스마트스토어 성공,스마트스토어,"""스마트스토어 영상 제작 도전기""","스마트스토어 영상을 만들려고 어제부터 준비했어요. 처음에 어떤 제품을 소개할까 고민하다가, 결국 제가 자주 쓰는 화장품을 선택했어요. 영상 촬영하면서 좀 어색했지만, 그래도 나름 재미있었어요. ㅋㅋ 편집할 때는...",http://cafe.naver.com/coolishz/781174,창사영2[창업사업영업아이템]소상공인...,https://cafe.naver.com/coolishz,0,2,0,0,2,False
스마트스토어 성공,기타,돈 벌어야해 / 스마트 스토어 시작 해보고 싶어서 가입했습니다.,'000(닉네임) 스마트 스토어 시작/성공/공부/소통 해보고 싶어서 가입했습니다.' (예 : 최고자산가 스마트 스토어 성공해보고 싶어서 가입했습니다.) 01. 닉네임 : 돈 벌어야해 02. 연령대 : 40대 중반 03. 사는지역...,http://cafe.naver.com/hinams01/52921,막퍼스▶막퍼주는카페 스마트스토어 온...,https://cafe.naver.com/hinams01,0,0,3,0,3,False
스마트스토어 성공,기타,네이버 스마트 스토어 마케팅 시작하기 후기,스마트 스토어 성공 전략은 기본은 잘하는 것이라는 말이 정말 와닿아요 기본부터 쌓여야 제대로 되듯이 말이죠! 본격적인 내용에 들어가자면 먼저 스마트 스토어의 장점부터 소개를 해주었는데요 그 중에서도 다양한...,http://cafe.naver.com/culturebloom/1325307,"컬처블룸★체험,리뷰,라이프,건강,맛집...",https://cafe.naver.com/culturebloom,0,0,3,0,3,False
스마트스토어 성공,스마트스토어,스마트스토어 올록담올리브3 몸변화,스마트스토어 올록담올리브3 몸변화 후기 ─────────────── 요즘 들어서 괜히 몸이 무겁고... 찾아보다가 스마트스토어에서 올록담올리브3를 알게 됐어요. 올리브오일이 몸에 좋다는 얘기는 많이 들었는데...,http://cafe.naver.com/koarane/327727,리얼리뷰 공유소ㅣ내돈내산 찐리뷰 커...,https://cafe.naver.com/koarane,0,2,0,0,2,False
스마트스토어 성공,기타,전남제시 스마트 스토어 시작 성공해보고 싶어서 가입했습니다.,'000(닉네임) 스마트 스토어 시작/성공/공부/소통 해보고 싶어서 가입했습니다.' (예 : 최고자산가 스마트 스토어 성공해보고 싶어서 가입했습니다.) 01. 닉네임 : 전남제시 02. 연령대 : 40대 03. 사는지역 : 전남 04....,http://cafe.naver.com/hinams01/50942,막퍼스▶막퍼주는카페 스마트스토어 온...,https://cafe.naver.com/hinams01,0,0,3,0,3,False
스마트스토어 성공,스마트스토어,"스마트스토어 창업, 정말 돈 벌 수 있을까요? 현실적인 조언 부탁드려요","정말로 확실하게 성공 가능한 스마트스토어 창업 방법이 있었으면 좋겠어요. 혹시 스마트스토어 창업해보신 분 계실까요? 초기 비용은 어느 정도 드는지, 그리고 어떤 상품을 팔아야 잘 팔리는지 궁금해요. 또, 상품...",http://cafe.naver.com/koarane/176419,리얼리뷰 공유소ㅣ내돈내산 찐리뷰 커...,https://cafe.naver.com/koarane,0,2,3,2,3,False
스마트스토어 성공,스마트스토어,부업으로 스마트스토어,예전엔 스마트스토어로 월 수백 벌었다는 글 많았는데요 요즘은 경쟁도 심하고 광고비도 많이 든다 해서 고민입니다ㅋㅋ 그래도 온라인 판매는 노후에 계속 갈 구조 같아서요 경험자분들 현실적인 조언 부탁드립니다....,http://cafe.naver.com/eovhskfktmak/946,4050 우리들의 두번째 시작[은퇴 국민...,https://cafe.naver.com/eovhskfktmak,0,6,0,0,6,False
스마트스토어 성공,기타,글로컴즈 스마트 스토어 성공해보고 싶어서 가입했습니다.,'000(닉네임) 스마트 스토어 시작/성공/공부/소통 해보고 싶어서 가입했습니다.' (예 : 최고자산가 스마트 스토어 성공해보고 싶어서 가입했습니다.) 01. 닉네임 : 글로컴즈 02. 연령대 : 40대 03. 사는지역 : 인천 04....,http://cafe.naver.com/hinams01/52523,막퍼스▶막퍼주는카페 스마트스토어 온...,https://cafe.naver.com/hinams01,0,0,3,0,3,False
스마트스토어 성공,스마트스토어,스마트스토어로 이야기 나누기,"스마트스토어를 운영하면서 어떻게 고객의 마음을 사로잡을 수 있을까 고민이 많았어요. 매출도 늘리고 싶고, 더 많은 고객과 소통하고 싶다는 생각이 항상 머릿속에 가득했죠. 그러던 중, 친구에게 스마트스토어...",http://cafe.naver.com/coolishz/782637,창사영2[창업사업영업아이템]소상공인...,https://cafe.naver.com/coolishz,0,4,0,0,4,False
스마트스토어 성공,기타,"스마트 스토어,쿠팡",안녕하세요 사업장 여러개 내고 스토어 운영하는 분 계신가요? 스마트 스토어 성공 사례 알려주세요 쿠팡 아니면 스마트 스토어 어떤거 더 나올까요?,http://cafe.naver.com/coolishz/737922,창사영2[창업사업영업아이템]소상공인...,https://cafe.naver.com/coolishz,0,0,3,2,1,False
스마트스토어 성공,기타,돈이 된다! 스마트 스토어,"저자가 말하는 스마트 스토어 성공방법 1. 소비자의 관점으로 생각하라 2. 스마트 스토어를 만든 네이버의 의도를 정확히 파악하라 스마트 스토어란? 홈페이지 만드는 기술이 없어도, 상세페이지를 만드는 포토샵 실력이...",http://cafe.naver.com/culturebloom/929307,"컬처블룸★체험,리뷰,라이프,건강,맛집...",https://cafe.naver.com/culturebloom,0,0,3,0,3,False
스마트스토어 성공,기타,코란 스마트 스토어 제대로 키워보고 싶어요!,'000(닉네임) 스마트 스토어 시작/성공/공부/소통 해보고 싶어서 가입했습니다.' (예 : 최고자산가 스마트 스토어 성공해보고 싶어서 가입했습니다.) 01. 닉네임 : 코란 02. 연령대 : 40 03. 사는지역 : 경기도 04....,http://cafe.naver.com/hinams01/52342,막퍼스▶막퍼주는카페 스마트스토어 온...,https://cafe.naver.com/hinams01,0,0,3,0,3,False
스마트스토어 성공,기타,리치이사벨 스마트 스토어 성공 해보고 싶어서 가입했습니다,'000(닉네임) 스마트 스토어 시작/성공/공부/소통 해보고 싶어서 가입했습니다.' (예 : 최고자산가 스마트 스토어 성공해보고 싶어서 가입했습니다.) 01. 닉네임 : 리치이사벨 02. 연령대 : 40대 03. 사는지역 : 충남...,http://cafe.naver.com/hinams01/50893,막퍼스▶막퍼주는카페 스마트스토어 온...,https://cafe.naver.com/hinams01,0,0,3,0,3,False
스마트스토어 성공,기타,앙기모띠 스마트 스토어로 성공하고 싶어서 가입했습니다,'000(닉네임) 스마트 스토어 시작/성공/공부/소통 해보고 싶어서 가입했습니다.' (예 : 최고자산가 스마트 스토어 성공해보고 싶어서 가입했습니다.) 01. 닉네임 : 앙기모띠 02. 연령대 : 40대 03. 사는지역 : 청ㅜ 04....,http://cafe.naver.com/hinams01/50810,막퍼스▶막퍼주는카페 스마트스토어 온...,https://cafe.naver.com/hinams01,0,0,3,0,3,False
스마트스토어 성공,기타,덤프2 스마트 스토어 시작/성공/공부/소통 해보고 싶어서 가입했습니다,'000(닉네임) 스마트 스토어 시작/성공/공부/소통 해보고 싶어서 가입했습니다.' (예 : 최고자산가 스마트 스토어 성공해보고 싶어서 가입했습니다.) 01. 닉네임 : 덤프2 02. 연령대 : 30 03. 사는지역 : 대구 04....,http://cafe.naver.com/hinams01/50856,막퍼스▶막퍼주는카페 스마트스토어 온...,https://cafe.naver.com/hinams01,0,0,3,0,3,False
스마트스토어 성공,기타,화이탱 스마트 스토어 시작/성공/공부/소통 해보고 싶어서 가입했습니다.,'000(닉네임) 스마트 스토어 시작/성공/공부/소통 해보고 싶어서 가입했습니다.' (예 : 최고자산가 스마트 스토어 성공해보고 싶어서 가입했습니다.) 01. 닉네임 : 화이탱 02. 연령대 : 30대 03. 사는지역 : 경남 04....,http://cafe.naver.com/hinams01/52455,막퍼스▶막퍼주는카페 스마트스토어 온...,https://cafe.naver.com/hinams01,0,0,3,0,3,False
스마트스토어 성공,스마트스토어,스마트스토어(이커머스) 질문받습니다. 아는 범위내에서 대답드릴께요. (~7/2),중에 스마트스토어 아시는분 계신가요? ㅎㅎ 쿠팡 대비해서 이커머스의 꽃이라 생각합니다. 저희가 아직은 프리미엄은 아닌 빅파워쩌리?고.. 브랜드스토어긴 하지만...뭐 그렇다고 굉장한건 없지만... 혹시 스마트스토어...,http://cafe.naver.com/loyaltylife/257869,[뉴스사사] 뉴스사사 스마트 컨슈머들...,https://cafe.naver.com/loyaltylife,0,4,0,2,2,False
스마트스토어 성공,기타,아젤/바이 스마트 스토어 시작/성공/공부/소통 해보고 싶어서 가입했습니다.','000(닉네임) 스마트 스토어 시작/성공/공부/소통 해보고 싶어서 가입했습니다.' (예 : 최고자산가 스마트 스토어 성공해보고 싶어서 가입했습니다.) 01. 닉네임 : 아젤바이 02. 연령대 : 30대 03. 사는지역 : 인천...,http://cafe.naver.com/hinams01/52314,막퍼스▶막퍼주는카페 스마트스토어 온...,https://cafe.naver.com/hinams01,0,0,3,0,3,False
스마트스토어 성공,기타,주얼신 스마트 스토어 성공해보고 싶어서 가입했습니다,'000(닉네임) 스마트 스토어 시작/성공/공부/소통 해보고 싶어서 가입했습니다.' (예 : 최고자산가 스마트 스토어 성공해보고 싶어서 가입했습니다.) 01. 닉네임 : 주얼신 02. 연령대 : 50대 03. 사는지역 : 서울 04....,http://cafe.naver.com/hinams01/49933,막퍼스▶막퍼주는카페 스마트스토어 온...,https://cafe.naver.com/hinams01,0,0,3,0,3,False
스마트스토어 성공,기타,네이버 스마트 스토어 시작하기,스마트 스토어는 진입 장벽이 낮고 무자본으로 성공할 수 있는 가장 독보적인 수단이다. 그러므로 밥 한 끼 값인 스마트 스토어 시작하기> 책으로 새로운 기회를 가져보는 건 매우 좋은 선택인것 같다. 그 기회로...,http://cafe.naver.com/culturebloom/1877524,"컬처블룸★체험,리뷰,라이프,건강,맛집...",https://cafe.naver.com/culturebloom,0,0,3,0,3,False
스마트스토어 성공,기타,리무 스마트 스토어 시작/성공/공부/소통 해보고 싶어서 가입했습니다.','000(닉네임) 스마트 스토어 시작/성공/공부/소통 해보고 싶어서 가입했습니다.' (예 : 최고자산가 스마트 스토어 성공해보고 싶어서 가입했습니다.) 01. 닉네임 : 리무 02. 연령대 : 36 03. 사는지역 : 천안 04....,http://cafe.naver.com/hinams01/50751,막퍼스▶막퍼주는카페 스마트스토어 온...,https://cafe.naver.com/hinams01,0,0,3,0,3,False
스마트스토어 성공,스마트스토어,이런 질문하실 거면 스마트스토어 창업하지 마세요.,"운이 있어야 성공하지만, 그 운도 노력 뒤에 따라붙는 것입니다. 카페 회원 가입 후 질문 하고 싶으신 내용이 아래 내용이라면 스마트 스토어 창업하지 마세요. 자격 미달입니다. 한참 더 수준을 갖추고 시도하셔야 합니다....",http://cafe.naver.com/jihosoccer123/2873723,아프니까 사장이다 [소상공인·자영업...,https://cafe.naver.com/jihosoccer123,0,2,3,2,3,False
스마트스토어 성공,기타,깜빡속을뻔.... 네이버 스마트 스토어샵 사기전화,네이버 스마트 스토어에 등록한 업체가 한 두군데가 아닐텐데 다른 업체들은 없냐니까 없데요ㅋㅋㅋㅋ 자꾸 그걸 지금 당장 친구추가 하고 1:1 채팅하기 유도하는데 그걸 성공해야 본인이 수당을 받는건지.... 아마 채팅방...,http://cafe.naver.com/moms1004/1687023,검단/검단신도시맘/검암맘/인천맘/너나...,https://cafe.naver.com/moms1004,0,0,3,0,3,False
스마트스토어 성공,기타,스마트 스토어 성공하고고 싶어서 가입했습니다,'000(닉네임) 스마트 스토어 시작/성공/공부/소통 해보고 싶어서 가입했습니다.' (예 : 최고자산가 스마트 스토어 성공해보고 싶어서 가입했습니다.) 01. 닉네임 : 바다 02. 연령대 :42 03. 사는지역 : 서울 중구 04....,http://cafe.naver.com/hinams01/45186,막퍼스▶막퍼주는카페 스마트스토어 온...,https://cafe.naver.com/hinams01,0,0,3,0,3,False
스마트스토어 성공,스마트스토어,"스마트스토어창업, 아직 늦지 않았어요!","요즘 어디 가든 스마트스토어 얘기 많이 들리죠? 그만큼 진입장벽이 낮아졌고, 많은 분들이 도전하고 있다는... 그래서 오늘은 ‘스마트스토어창업’에 대해 현실적인 정보와 꿀팁 정리해드릴게요...",http://cafe.naver.com/2022star/37945,"재테크마을 - N잡,부업,보험,창업,투잡...",https://cafe.naver.com/2022star,0,2,0,0,2,False
스마트스토어 성공,스마트스토어,"위탁판매나 해외구매대행을 한다면, 쿠팡과 스마트스토어 중 뭐가 유리할까","반면 스마트스토어는 모두 허용해된다고 하네요. 그리고 배송속도에 대한 기대치도 쿠팡은 높은 편이라 CS 불만이 더 잦은 편이고, 스마트스토어는 그나마 관대한 편입니다. 그래도 위탁판매나 해구대 특성상 CS 관련...",http://cafe.naver.com/ktrrr/3394,돈셀모 (돈버는셀러모임) 온라인 창업...,https://cafe.naver.com/ktrrr,0,2,0,0,2,False
스마트스토어 성공,기타,blacz 스마트 스토어 시작 해보고 싶어서 가입했습니다.,'000(닉네임) 스마트 스토어 시작/성공/공부/소통 해보고 싶어서 가입했습니다.' (예 : 최고자산가 스마트 스토어 성공해보고 싶어서 가입했습니다.) 01. 닉네임 : blacz 02. 연령대 : 30대 03. 사는지역 : 경기 04....,http://cafe.naver.com/hinams01/51511,막퍼스▶막퍼주는카페 스마트스토어 온...,https://cafe.naver.com/hinams01,0,0,3,0,3,False
스마트스토어 성공,기타,마도로스86 스마트 스토어 시작/성공/공부/소통 해보고 싶어서 가입했습니다,'000(닉네임) 스마트 스토어 시작/성공/공부/소통 해보고 싶어서 가입했습니다.' (예 : 최고자산가 스마트 스토어 성공해보고 싶어서 가입했습니다.) 01. 닉네임 : 마도로스86 02. 연령대 : 30 03. 사는지역 : 안양 04....,http://cafe.naver.com/hinams01/49612,막퍼스▶막퍼주는카페 스마트스토어 온...,https://cafe.naver.com/hinams01,0,0,3,0,3,False
스마트스토어 성공,스마트스토어,스마트스토어 성공창업여정 60개 영상 완료했습니다,스마트스토어 창업을 준비하던중 임헌수 소장님이 추천해 주신대로 1~60번까지 성공창업여정 시즌 1을 모두 보았습니다. 59번 영상의 함서경 사장님과 함께한 영상이 무척 인상적이었고 결혼전 서울에서 무역회사에...,http://cafe.naver.com/shopmanagement/77582,거상스쿨 : 사업자들의 생산성과 마케...,https://cafe.naver.com/shopmanagement,0,2,3,2,3,False
스마트스토어 성공,스마트스토어,스마트스토어 선배님들… 개설 후 지인에게 알리셨나요?,본업이 좀 막막해진 시점이라 취미를 판매로 이어보자 해서 스마트스토어 개설 했는데요 며칠 안 되긴 했지만... 장사한다는 사람 많아지면서... 갈수록 부담이) 스마트스토어나 온라인 쇼핑몰 처음 여셨을 때 어찌 하셨어요,http://cafe.naver.com/dieselmania/46323401,●디젤매니아● 대한민국 일등 패션 커...,https://cafe.naver.com/dieselmania,0,4,0,0,4,False
스마트스토어 성공,스마트스토어,스마트스토어 판매자센터 이것만큼은 꼭 체크하세요,스마트스토어 하면서 판매자센터 제대로 활용 못하는 분들 많으시더라구요 저도 처음엔 그냥 상품만 올리고 주문 처리만 했는데 지금 생각해보면 정말 아까운 시간들이었어요 스마트스토어 판매자센터에서 꼭 확인해야 할...,http://cafe.naver.com/ktrrr/2525,돈셀모 (돈버는셀러모임) 온라인 창업...,https://cafe.naver.com/ktrrr,0,2,0,0,2,False
스마트스토어 성공,스마트스토어,첫단추를 잘끼워야 합니다 [ 스마트스토어 ],개인이 대량등록으로 종합몰로 성공한 케이스는 본기억이 없습니다 있으면 알려주세요 샵N 태동기 부터 잘키워왔다면 가능할순 있죠. 스마트스토어 같은경우 소비자가 몰에 들어오면 제일 먼저 탐색하는게 사람의...,http://cafe.naver.com/jihosoccer123/2175455,아프니까 사장이다 [소상공인·자영업...,https://cafe.naver.com/jihosoccer123,0,2,3,2,3,False
스마트스토어 성공,기타,스토어리 스마트 스토어 성공해보고 싶어서 가입했습니다!,'000(닉네임) 스마트 스토어 시작/성공/공부/소통 해보고 싶어서 가입했습니다.' (예 : 최고자산가 스마트 스토어 성공해보고 싶어서 가입했습니다.) 01. 닉네임 : 스토어리 02. 연령대 : 30대 03. 사는지역...,http://cafe.naver.com/hinams01/51330,막퍼스▶막퍼주는카페 스마트스토어 온...,https://cafe.naver.com/hinams01,0,0,3,0,3,False
스마트스토어 성공,스마트스토어,스마트스토어 해보려는데 조언 부탁드립니다!,현재 부동산에서 소속 공인중개사로 일하는 중인데 부동산 불황에 소공이다 보니 떼어주는 돈이 많아 내년에 결혼도 해야되는데 벌이가 시원치 않아 스마트스토어 부업으로 좀 해보려는데 스마트스토어에 3천 정도 투자...,http://cafe.naver.com/jihosoccer123/3013027,아프니까 사장이다 [소상공인·자영업...,https://cafe.naver.com/jihosoccer123,0,6,0,0,6,False
스마트스토어 성공,기타,솜이다 스마트 스토어 시작/성공/공부/소통 해보고 싶어서 가입했습니다.',(예 : 최고자산가 스마트 스토어 성공해보고 싶어서 가입했습니다.) 01. 닉네임 : 솜이다 02. 연령대 : 40대 03. 사는지역 : 고양 04. 가입경로 : 스레드 (검색일 경우 검색 키워드 / 지인 추천일 경우 추천...,http://cafe.naver.com/hinams01/52453,막퍼스▶막퍼주는카페 스마트스토어 온...,https://cafe.naver.com/hinams01,0,0,3,2,1,False
스마트스토어 성공,스마트스토어,"네이버스마트스토어시작하기, 나도 이제 사장님 됐어요ㅎㅎ","진짜로요… 맨날 남들만 하는 줄 알았던 스마트스토어, 저도 시작했어요! 사실 처음엔 겁부터 났거든요? 뭘... ‘네이버스마트스토어시작하기’ 검색하면 정보 넘쳐나긴 하거든요? 근데 그게 또 너무 많아서 오히려 뭘...",http://cafe.naver.com/2022star/37875,"재테크마을 - N잡,부업,보험,창업,투잡...",https://cafe.naver.com/2022star,0,2,0,0,2,False
스마트스토어 성공,스마트스토어,스마트스토어 광고대행사 추천 가능할까요?,"스마트스토어 광고대행사 추천 가능할까요... 기존 광고 운영하시는 공식대행사 분이 맘에 들었는데.. 갑자기 연락이 안되시면서 그만두시어서 새롭게 사람을 구했습니다. 1. 매출전환 1,000% 그리고 2. 기존 광고 세팅...",http://cafe.naver.com/jihosoccer123/3209567,아프니까 사장이다 [소상공인·자영업...,https://cafe.naver.com/jihosoccer123,0,4,0,2,2,False
스마트스토어 성공,기타,스마트 스토어 성공을 소원하며 가입했습니다.,'000(닉네임) 스마트 스토어 시작/성공/공부/소통 해보고 싶어서 가입했습니다.' (예 : 최고자산가 스마트 스토어 성공해보고 싶어서 가입했습니다.) 01. 닉네임 : 운 좋은 나 02. 연령대 : 50 03. 사는지역 : 부천 04. 가입경로...,http://cafe.naver.com/hinams01/2548,막퍼스▶막퍼주는카페 스마트스토어 온...,https://cafe.naver.com/hinams01,0,0,3,0,3,False
스마트스토어 성공,기타,와방a 스마트 스토어 성공해보고 싶어서 가입했습니다.,'000(닉네임) 스마트 스토어 시작/성공/공부/소통 해보고 싶어서 가입했습니다.' (예 : 최고자산가 스마트 스토어 성공해보고 싶어서 가입했습니다.) 01. 닉네임 : 와방a 02. 연령대 : 30대 03. 사는지역 : 인천 04....,http://cafe.naver.com/hinams01/13193,막퍼스▶막퍼주는카페 스마트스토어 온...,https://cafe.naver.com/hinams01,0,0,3,0,3,False
스마트스토어 성공,기타,냥늉뇽 스마트 스토어 시작해보고 싶어서 가입했습니다.,'000(닉네임) 스마트 스토어 시작/성공/공부/소통 해보고 싶어서 가입했습니다.' (예 : 최고자산가 스마트 스토어 성공해보고 싶어서 가입했습니다.) 01. 닉네임 : 냥늉뇽 02. 연령대 : 20대 03. 사는지역 : 경남 04....,http://cafe.naver.com/hinams01/51353,막퍼스▶막퍼주는카페 스마트스토어 온...,https://cafe.naver.com/hinams01,0,0,3,0,3,False
스마트스토어 성공,기타,우기 스마트 스토어 시작해보고 싶어서 가입했습니다.,'000(닉네임) 스마트 스토어 시작/성공/공부/소통 해보고 싶어서 가입했습니다.' (예 : 최고자산가 스마트 스토어 성공해보고 싶어서 가입했습니다.) 01. 닉네임 : 우기 02. 연령대 : 20대 03. 사는지역 : 경북 04....,http://cafe.naver.com/hinams01/51307,막퍼스▶막퍼주는카페 스마트스토어 온...,https://cafe.naver.com/hinams01,0,0,3,0,3,False
스마트스토어 성공,기타,루루류8 스마트 스토어 성공 해보고 싶어서 가입했습니다.,'000(닉네임) 스마트 스토어 시작/성공/공부/소통 해보고 싶어서 가입했습니다.' (예 : 최고자산가 스마트 스토어 성공해보고 싶어서 가입했습니다.) 01. 닉네임 : 루루류8 02. 연령대 : 30대 03. 사는지역 : 경기도...,http://cafe.naver.com/hinams01/11011,막퍼스▶막퍼주는카페 스마트스토어 온...,https://cafe.naver.com/hinams01,0,0,3,0,3,False
스마트스토어 성공,기타,리니 스마트 스토어 공부해서 고객들과 소통하고 성공해보고 싶어 가입했습니다.,'000(닉네임) 스마트 스토어 시작/성공/공부/소통 해보고 싶어서 가입했습니다.' (예 : 최고자산가 스마트 스토어 성공해보고 싶어서 가입했습니다.) 01. 닉네임 : 리니 02. 연령대 : 30대초반 03. 사는지역...,http://cafe.naver.com/hinams01/47322,막퍼스▶막퍼주는카페 스마트스토어 온...,https://cafe.naver.com/hinams01,0,0,3,0,3,False
스마트스토어 성공,기타,걷고 스마트 스토어 성공/소통 해보고 싶어서 가입했습니다.,걷고 스마트 스토어 성공/소통 해보고 싶어서 가입했습니다. 01. 닉네임 : 걷고 02. 연령대 : 30대 03. 사는지역 : 서울 04. 가입경로 : 스마트 스토어 (검색일 경우 검색 키워드 / 지인 추천일 경우 추천 닉네임)...,http://cafe.naver.com/hinams01/13591,막퍼스▶막퍼주는카페 스마트스토어 온...,https://cafe.naver.com/hinams01,0,0,3,2,1,False
스마트스토어 성공,기타,리밍제이 스마트 스토어 시작/성공/공부/소통 해보고 싶어서 가입했습니다,'000(닉네임) 스마트 스토어 시작/성공/공부/소통 해보고 싶어서 가입했습니다.' (예 : 최고자산가 스마트 스토어 성공해보고 싶어서 가입했습니다.) 01. 닉네임 : 리밍제이 02. 연령대 : 30대 03. 사는지역 : 부산 04....,http://cafe.naver.com/hinams01/45977,막퍼스▶막퍼주는카페 스마트스토어 온...,https://cafe.naver.com/hinams01,0,0,3,0,3,False
스마트스토어 성공,기타,만시간의 탑 스마트 스토어 성공해보고 싶어서 가입했습니다,'000(닉네임) 스마트 스토어 시작/성공/공부/소통 해보고 싶어서 가입했습니다.' (예 : 최고자산가 스마트 스토어 성공해보고 싶어서 가입했습니다.) 01. 닉네임 : 만시간의 탑 02. 연령대 : 40대 초반 03. 사는지역...,http://cafe.naver.com/hinams01/7424,막퍼스▶막퍼주는카페 스마트스토어 온...,https://cafe.naver.com/hinams01,0,0,3,0,3,False
스마트스토어 성공,기타,요술공주세라 스마트 스토어 성공해보고 싶어서 가입했습니다,'000(닉네임) 스마트 스토어 시작/성공/공부/소통 해보고 싶어서 가입했습니다.' (예 : 최고자산가 스마트 스토어 성공해보고 싶어서 가입했습니다.) 01. 닉네임 : 요술공주세라 02. 연령대 : 40대 03. 사는지역...,http://cafe.naver.com/hinams01/10686,막퍼스▶막퍼주는카페 스마트스토어 온...,https://cafe.naver.com/hinams01,0,0,3,0,3,False
스마트스토어 성공,기타,레이 스마트 스토어 성공 해보고 싶어서 가입했습니다,'000(닉네임) 스마트 스토어 시작/성공/공부/소통 해보고 싶어서 가입했습니다.' (예 : 최고자산가 스마트 스토어 성공해보고 싶어서 가입했습니다.) 01. 닉네임 : 레이 02. 연령대 : 30대 03. 사는지역 : 서울 04. 가입경로...,http://cafe.naver.com/hinams01/6651,막퍼스▶막퍼주는카페 스마트스토어 온...,https://cafe.naver.com/hinams01,0,0,3,0,3,False
스마트스토어 성공,기타,꿀밤 스마트 스토어 성공 해보고 싶어서 가입했습니다,'000(닉네임) 스마트 스토어 시작/성공/공부/소통 해보고 싶어서 가입했습니다.' (예 : 최고자산가 스마트 스토어 성공해보고 싶어서 가입했습니다.) 01. 닉네임 : 꿀밤 02. 연령대 : 30대 03. 사는지역 : 세종 04. 가입경로...,http://cafe.naver.com/hinams01/2138,막퍼스▶막퍼주는카페 스마트스토어 온...,https://cafe.naver.com/hinams01,0,0,3,0,3,False
스마트스토어 성공,기타,기욤AI 스마트 스토어 시작/성공/공부/소통 해보고 싶어서 가입했습니다.','000(닉네임) 스마트 스토어 시작/성공/공부/소통 해보고 싶어서 가입했습니다.' (예 : 최고자산가 스마트 스토어 성공해보고 싶어서 가입했습니다.) 01. 닉네임 : 기욤AI 02. 연령대 : 40대 03. 사는지역 : 경기도...,http://cafe.naver.com/hinams01/51368,막퍼스▶막퍼주는카페 스마트스토어 온...,https://cafe.naver.com/hinams01,0,0,3,0,3,False
스마트스토어 성공,기타,복댕엄마 스마트 스토어 성공해보고 싶어서 가입했습니다.,'000(닉네임) 스마트 스토어 시작/성공/공부/소통 해보고 싶어서 가입했습니다.' (예 : 최고자산가 스마트 스토어 성공해보고 싶어서 가입했습니다.) 01. 닉네임 : 복댕엄마 02. 연령대 : 40대 03. 사는지역 : 경기도 04....,http://cafe.naver.com/hinams01/7360,막퍼스▶막퍼주는카페 스마트스토어 온...,https://cafe.naver.com/hinams01,0,0,3,0,3,False
스마트스토어 성공,기타,브메랑 스마트 스토어 성공하고 싶어서 가입했어요,'000(닉네임) 스마트 스토어 시작/성공/공부/소통 해보고 싶어서 가입했습니다.' (예 : 최고자산가 스마트 스토어 성공해보고 싶어서 가입했습니다.) 01. 닉네임 : 브메랑 02. 연령대 : 40대 03. 사는지역 : 일산 04....,http://cafe.naver.com/hinams01/51167,막퍼스▶막퍼주는카페 스마트스토어 온...,https://cafe.naver.com/hinams01,0,0,3,0,3,False
스마트스토어 성공,스마트스토어,네이버플러스스토어 X 스마트스토어,현재의 내 스마트스토어 운영 성적이 네이버플러스스토어로 옮겨진다고 보시면 되구요 4/4분기 아무쪼록 대표님들 모두 매출 떡상 기원합니다. 저같은 경우 드물게 네이버플러스스토어 검색이 뜨곤 했는데 네이버직원이...,http://cafe.naver.com/jihosoccer123/3042886,아프니까 사장이다 [소상공인·자영업...,https://cafe.naver.com/jihosoccer123,0,4,0,0,4,False
스마트스토어 성공,기타,수제간식 반려케익 창업을 하고 싶습니다!,"노동 강도: 사육사 일을 하며 몸이 많이 상했는데, 수제 간식 운영의 실제 노동 강도는 어떤 편인가요? 무작정 반대를 하시기보다 많은 조언도 부탁드리겠습니다! 저 진짜 성공하고 싶어요ㅠ ⠀",http://cafe.naver.com/jihosoccer123/3640041,아프니까 사장이다 [소상공인·자영업...,https://cafe.naver.com/jihosoccer123,0,0,3,0,3,False
스마트스토어 성공,기타,또꼬미네 스마트 스토어 성공해보고 싶어서 가입했습니다.,'000(닉네임) 스마트 스토어 시작/성공/공부/소통 해보고 싶어서 가입했습니다.' (예 : 최고자산가 스마트 스토어 성공해보고 싶어서 가입했습니다.) 01. 닉네임 : 또꼬미네 02. 연령대 : 30대 03. 사는지역 : 서울 04....,http://cafe.naver.com/hinams01/6644,막퍼스▶막퍼주는카페 스마트스토어 온...,https://cafe.naver.com/hinams01,0,0,3,0,3,False
스마트스토어 성공,기타,뭐든/스마트 스토어 시작/성공/공부/소통 해보고 싶어서 가입했습니다.','000(닉네임) 스마트 스토어 시작/성공/공부/소통 해보고 싶어서 가입했습니다.' (예 : 최고자산가 스마트 스토어 성공해보고 싶어서 가입했습니다.) 01. 닉네임 : 뭐든 02. 연령대 : 40대 03. 사는지역 : 대전 04....,http://cafe.naver.com/hinams01/10369,막퍼스▶막퍼주는카페 스마트스토어 온...,https://cafe.naver.com/hinams01,0,0,3,0,3,False
스마트스토어 성공,스마트스토어,스마트스토어 매출 대박이네요!,"회사 동기가 와이프 명의로 스마트 스토어 한다면서 매출 보여주는데 월 1000만원은 평균적으로 그냥 찍네요... 그 뒤로 유튜브에서 이것저것 검색해봤는데 해외구매대행, 과일위탁판매, 창업다마고치 등등 많은게 뜨는데...",http://cafe.naver.com/jihosoccer123/2957371,아프니까 사장이다 [소상공인·자영업...,https://cafe.naver.com/jihosoccer123,0,6,0,0,6,False
스마트스토어 성공,기타,지지성운 스마트 스토어 성공해보고 싶어서 가입했습니다.,'000(닉네임) 스마트 스토어 시작/성공/공부/소통 해보고 싶어서 가입했습니다.' (예 : 최고자산가 스마트 스토어 성공해보고 싶어서 가입했습니다.) 01. 닉네임 : 지지성운 02. 연령대 : 40대 03. 사는지역 : 경기도 파주...,http://cafe.naver.com/hinams01/4573,막퍼스▶막퍼주는카페 스마트스토어 온...,https://cafe.naver.com/hinams01,0,0,3,0,3,False
스마트스토어 성공,기타,반짝반짝 스마트 스토어 성공해보고 싶어서 가입했습니다,'000(닉네임) 스마트 스토어 시작/성공/공부/소통 해보고 싶어서 가입했습니다.' (예 : 최고자산가 스마트 스토어 성공해보고 싶어서 가입했습니다.) 01. 닉네임 : 반짝반짝 02. 연령대 : 40대 03. 사는지역 : 광주광역시 04....,http://cafe.naver.com/hinams01/4493,막퍼스▶막퍼주는카페 스마트스토어 온...,https://cafe.naver.com/hinams01,0,0,3,0,3,False
스마트스토어 성공,기타,ｚｚｏｍｉ 스마트 스토어 시작 해보고 싶어서 가입했습니다,'000(닉네임) 스마트 스토어 시작/성공/공부/소통 해보고 싶어서 가입했습니다.' (예 : 최고자산가 스마트 스토어 성공해보고 싶어서 가입했습니다.) 01. 닉네임 : ｚｚｏｍｉ 02. 연령대 : ４０ 03. 사는지역 : 서울...,http://cafe.naver.com/hinams01/51323,막퍼스▶막퍼주는카페 스마트스토어 온...,https://cafe.naver.com/hinams01,0,0,3,0,3,False
스마트스토어 성공,기타,초보강사용개 스마트 스토어 시작/성공/공부/소통 해보고 싶어서 가입했습니다.,'000(닉네임) 스마트 스토어 시작/성공/공부/소통 해보고 싶어서 가입했습니다.' (예 : 최고자산가 스마트 스토어 성공해보고 싶어서 가입했습니다.) 01. 닉네임 : 초보강사 용개 02. 연령대 : 30살 03. 사는지역...,http://cafe.naver.com/hinams01/8491,막퍼스▶막퍼주는카페 스마트스토어 온...,https://cafe.naver.com/hinams01,0,0,3,0,3,False
스마트스토어 성공,기타,와니호야 스마트 스토어 성공해보고 싶어서 가입했습니다,'000(닉네임) 스마트 스토어 시작/성공/공부/소통 해보고 싶어서 가입했습니다.' (예 : 최고자산가 스마트 스토어 성공해보고 싶어서 가입했습니다.) 01. 닉네임 : 와니호야 02. 연령대 : 30대 03. 사는지역 : 울산 04....,http://cafe.naver.com/hinams01/51166,막퍼스▶막퍼주는카페 스마트스토어 온...,https://cafe.naver.com/hinams01,0,0,3,0,3,False
스마트스토어 성공,기타,또롱이 스마트 스토어 시작/성공/공부/소통 해보고 싶어서 가입했습니다.,'000(닉네임) 스마트 스토어 시작/성공/공부/소통 해보고 싶어서 가입했습니다.' (예 : 최고자산가 스마트 스토어 성공해보고 싶어서 가입했습니다.) 01. 닉네임 : 또롱이 02. 연령대 : 30대 03. 사는지역 : 부산 04....,http://cafe.naver.com/hinams01/9878,막퍼스▶막퍼주는카페 스마트스토어 온...,https://cafe.naver.com/hinams01,0,0,3,0,3,False
스마트스토어 성공,스마트스토어,스마트스토어 판매 준비 시 사업자 등록 코드 관련 질문,스마트스토어에 상품 판매를 계획 중이신가요? 중국에서 제품을 사입하여 국내에 판매하려는 경우 사업자... 필요시 전문가의 자문을 통해 문제를 해결하시길 권장드립니다. 사업의 성공을 기원합니다!,http://cafe.naver.com/ktrrr/358,돈셀모 (돈버는셀러모임) 온라인 창업...,https://cafe.naver.com/ktrrr,0,2,3,2,3,False
스마트스토어 성공,기타,보물 스마트 스토어 성공해보고 싶어서 가입했습니다.,'000(닉네임) 스마트 스토어 시작/성공/공부/소통 해보고 싶어서 가입했습니다.' (예 : 최고자산가 스마트 스토어 성공해보고 싶어서 가입했습니다.) 01. 닉네임 : 보물 02. 연령대 : 40대 03. 사는지역 : 경기도 04. 가입경로...,http://cafe.naver.com/hinams01/1450,막퍼스▶막퍼주는카페 스마트스토어 온...,https://cafe.naver.com/hinams01,0,0,3,0,3,False
스마트스토어 성공,기타,퀀텀점프 스마트 스토어 성공해보고 싶어서 가입했습니다,'000(닉네임) 스마트 스토어 시작/성공/공부/소통 해보고 싶어서 가입했습니다.' (예 : 최고자산가 스마트 스토어 성공해보고 싶어서 가입했습니다.) 01. 닉네임 : 퀀텀점프 02. 연령대 : 40대 03. 사는지역 : 경기도 04....,http://cafe.naver.com/hinams01/3275,막퍼스▶막퍼주는카페 스마트스토어 온...,https://cafe.naver.com/hinams01,0,0,3,0,3,False
스마트스토어 성공,기타,구움과자까지 성공!,"-제품명 작은별 구움과자 -구매처 네이버 스마트 스토어 -구매 계기 or 에피소드 구움과자 갖고싶어하는 지인들이 있어서 홀박으로 구매하고싶었는데 성공했어요! -가격대 & 구성 83,000원 -사진 첨부 -한마디 자랑 or...",http://cafe.naver.com/immommy/73659,라팝 포레스트,https://cafe.naver.com/immommy,0,0,6,0,6,False
스마트스토어 성공,기타,구움이 취스탁 성공,"-제품명 작은별 맛있는 한 입 시리즈 구움 과자 -구매처 팝마트 스마트 스토어 -구매 계기 or 에피소드 새고 열심히 하다가 초록창이 보여서 두개 성공했습니다 -가격대 & 구성 2개 28,000원 -사진 첨부 -한마디 자랑 or...",http://cafe.naver.com/immommy/67576,라팝 포레스트,https://cafe.naver.com/immommy,0,0,6,0,6,False
스마트스토어 성공,기타,구움과자 성공!,-제품명 작은별 맛있는 한 입 시리즈 구움 과자 인형 키링 -구매처 네이버 스마트 스토어 -구매 계기 or... 불안했는데 성공했습니다!! 홀박 낱박 고민하다가 구움이는 홀박이 진리라는 소리듣고 질렀어요~~ 7시도...,http://cafe.naver.com/immommy/73369,라팝 포레스트,https://cafe.naver.com/immommy,0,0,6,0,6,False
스마트스토어 성공,기타,오후에도 작은별 성공!!,네이버 스마트 스토어 -구매 계기 or 에피소드 작은별 시리즈 위시였어서 ㅠㅠ -가격대 & 구성 -사진 첨부 -한마디 자랑 or 덕후의 외침 11시 때 반짝 반짝 작은별만 성공하고 저 두개는 장바구니에 넣어놓고 7시 되자마자...,http://cafe.naver.com/immommy/73620,라팝 포레스트,https://cafe.naver.com/immommy,0,0,3,0,3,False
스마트스토어 성공,스마트스토어,스마트스토어 성공 방법,스마트스토어 성공 방법이 무엇일까요?상위노출? 광고마케팅? 브랜딩?여기 회원님들의 스마트스토어 성공 기준이 궁금하네요.어떻게 해야 스마트스토어 성공 할 수 있을까요..?간절하네요 ㅜㅜ...,http://cafe.naver.com/sineugene/3185,스마트스토어 노하우 연구회★스토어팜...,https://cafe.naver.com/sineugene,0,2,3,2,3,False
스마트스토어 성공,기타,루이 스마트 스토어 성공해보고 싶어서 가입했어요 ~,'000(닉네임) 스마트 스토어 시작/성공/공부/소통 해보고 싶어서 가입했습니다.' (예 : 최고자산가 스마트 스토어 성공해보고 싶어서 가입했습니다.) 01. 닉네임 : 루이 02. 연령대 : 40 03. 사는지역 : 동탄 04. 가입경로...,http://cafe.naver.com/hinams01/1615,막퍼스▶막퍼주는카페 스마트스토어 온...,https://cafe.naver.com/hinams01,0,0,3,0,3,False
스마트스토어 성공,기타,victoria 스마트 스토어 성공 해보고 싶어서 가입했습니다,'000(닉네임) 스마트 스토어 시작/성공/공부/소통 해보고 싶어서 가입했습니다.' (예 : 최고자산가 스마트 스토어 성공해보고 싶어서 가입했습니다.) 01. 닉네임 : victoria 02. 연령대 : 40 03. 사는지역 : 경기도 04....,http://cafe.naver.com/hinams01/2507,막퍼스▶막퍼주는카페 스마트스토어 온...,https://cafe.naver.com/hinams01,0,0,3,0,3,False
스마트스토어 성공,기타,지구인 스마트 스토어 시작해보고 싶어서 가입했습니다.,'000(닉네임) 스마트 스토어 시작/성공/공부/소통 해보고 싶어서 가입했습니다.' (예 : 최고자산가 스마트 스토어 성공해보고 싶어서 가입했습니다.) 01. 닉네임 : 지구인 02. 연령대 : 30대 03. 사는지역 : 인천 04....,http://cafe.naver.com/hinams01/51246,막퍼스▶막퍼주는카페 스마트스토어 온...,https://cafe.naver.com/hinams01,0,0,3,0,3,False
스마트스토어 성공,기타,동아줄 스마트 스토어 성공하고 싶어서 가입했습니다,'000(닉네임) 스마트 스토어 시작/성공/공부/소통 해보고 싶어서 가입했습니다.' (예 : 최고자산가 스마트 스토어 성공해보고 싶어서 가입했습니다.) 01. 닉네임 : 동아줄 02. 연령대 : 84년생 38살 03. 사는지역 : 경기도...,http://cafe.naver.com/hinams01/1454,막퍼스▶막퍼주는카페 스마트스토어 온...,https://cafe.naver.com/hinams01,0,0,3,0,3,False
스마트스토어 성공,기타,스마트 스토어 클린위반(적합도와 신뢰도)를 전부 완벽하게 한 후 순위 상승에 관하여,"안녕하세요 인사드립니다 ^^ 스마트 스토어 시작하고 클린위반, 어뷰징 등 신고 많이 먹고 공부하여 수정한 뒤... 만족하고 있어서 가치판단이 맞는 분들에 한해서 다들 성공하셨으면 좋겠다는 마음에 소개해드리겠습니다 ㅎㅎ",http://cafe.naver.com/jangsin1004/253635,자영업자의 쉼터 [장사의신·소상공인...,https://cafe.naver.com/jangsin1004,0,0,3,0,3,False
스마트스토어 성공,스마트스토어,스마트스토어홍보 효과적인 방법이 있을까요,"혹시 스마트스토어홍보 경험 있으신 분들, 효율적인 방법이나 추천 꿀팁 있으면 꼭 좀 알려주세요! 스마트스토어홍보로 성공해보고 싶어요. 쿠팡 자동화 판매 시스템 특강",http://cafe.naver.com/fmsmania0/257079,[글로벌셀러창업연구소] 쿠팡로켓그로...,https://cafe.naver.com/fmsmania0,0,2,3,4,1,False
스마트스토어 성공,기타,저도 구움과자 성공,-제품명 작은별 구움과자 -구매처 스마트 스토어 -구매 계기 or 에피소드 7시45분재입고 기다렸습니다. -가격대 & 구성 낱박 3개 41000원 -사진 첨부 -한마디 자랑 or 덕후의 외침 저도 드디어 성공했어요!!!ㅠㅠ,http://cafe.naver.com/immommy/73656,라팝 포레스트,https://cafe.naver.com/immommy,0,0,6,0,6,False
스마트스토어 성공,콘텐츠,stipa 스마트 스토어 성공해보고 싶어서 가입했습니다.,닉네임 : stipa 연령대 : 50대 사는지역 : 경기도 가입경로 : 인스타 스레드 자기소개 및 각오 : 스마트 스토어 초보입니다. 열심히 그리고 꾸준히 하겠습니다~,http://cafe.naver.com/hinams01/50839,막퍼스▶막퍼주는카페 스마트스토어 온...,https://cafe.naver.com/hinams01,0,0,6,0,6,False
스마트스토어 성공,스마트스토어,"[핫딜X][정가] 플레이송스 공식 스마트스토어 인기템 품절 풀렸었는데 다시 품절 (멍멍-품절,빵빵-품절)","공식 스마트스토어 거의 4개월~5개월만에 풀린거 같아요! 지금 글 올리는 오후 5시 40분 기준 아직 물량 있는 것으로 보이니 필요하신 분들은 구매하세요! ——— 오후 10시 기준 멍멍, 빵빵 품절입니다! ㅠ ㅠ...",http://cafe.naver.com/imsanbu/75737337,맘스홀릭 베이비 (360만 엄마들의 임신...,https://cafe.naver.com/imsanbu,0,2,0,0,2,False
스마트스토어 성공,기타,2026 스마트 스토어 성공 비법: 데이터 분석 기반 판매 예측 & 효율적인 재고 관리 전략!,"함께 스마트 스토어 성공 전략을 알아볼까요? 1. 데이터 분석, 왜 중요할까요? 과거에는 감에 의존한 판매 전략이 통했을지 모르지만, 이제는 아닙니다. 데이터 분석은 고객 행동 패턴, 판매 추이, 상품 트렌드 등을...",http://cafe.naver.com/copee/133,클립쇼핑,https://cafe.naver.com/copee,0,0,3,0,3,False
스마트스토어 성공,기타,Manduss 스마트 스토어 성공 해보고 싶어서 가입했습니다,'000(닉네임) 스마트 스토어 시작/성공/공부/소통 해보고 싶어서 가입했습니다.' (예 : 최고자산가 스마트 스토어 성공해보고 싶어서 가입했습니다.) 01. 닉네임 : Manduss 02. 연령대 : 40대 03. 사는지역 : 서울 04. 가입경로...,http://cafe.naver.com/hinams01/1817,막퍼스▶막퍼주는카페 스마트스토어 온...,https://cafe.naver.com/hinams01,0,0,3,0,3,False
스마트스토어 성공,기타,스마트 스토어 성장 일기 (10-11),":) 스마트 스토어 성공 일기 (10) 스마트 스토어 성장 일기 (10)을 수정해서 스마트 스토어 성장 일기 (11)로 작성하다보니, 스마트 스토어 성장 일기 (10)의 내용이 삭제 되어버렸다. 일단 캡처된 부분이라도, 이력을 남겨...",http://cafe.naver.com/biboi99/86730,푸릉 - 부동산 공부의 시작 (재테크 스...,https://cafe.naver.com/biboi99,0,0,3,0,3,False
스마트스토어 성공,기타,'후니훈이 스마트 스토어 소통 해보고 싶어서 가입했습니다.','000(닉네임) 스마트 스토어 시작/성공/공부/소통 해보고 싶어서 가입했습니다.' (예 : 최고자산가 스마트 스토어 성공해보고 싶어서 가입했습니다.) 01. 닉네임 : 후니훈이 02. 연령대 : 40대 03. 사는지역 : 경기도...,http://cafe.naver.com/hinams01/51143,막퍼스▶막퍼주는카페 스마트스토어 온...,https://cafe.naver.com/hinams01,0,0,3,0,3,False
스마트스토어 성공,스마트스토어,스마트스토어 배송점수 이거.... . 억지 아닌가요?,쿠팡은 쿠팡에서 배송이 되니까 배송늦어질 일도 없지만 네이버는 어설픈 N 배송 말고는 각자의 택배사에서 배송을 하는건데 등급 책정에 배송점수가 매우 저질스럽네요 만약 불성실한 택배대리점 이라면 배송점수 뗌에...,http://cafe.naver.com/soho/3974898,"★쇼핑몰창업,스마트스토어,스토어팜,...",https://cafe.naver.com/soho,0,2,0,0,2,False
스마트스토어 성공,기타,초보의 노력은 왜 성공에 이르지 못할까?,이런 활동들을 포함해 스마트 스토어를 성공시키기 위한 모든 시도는 오직 내가 뛰어든 링 위의 상대평가에서 상위에 들어야만 의미가 있습니다. 즉 내가 하는 행동이 이걸 함으로써 내가 1등이 될 수 있는가? 아니면 저...,http://cafe.naver.com/jihosoccer123/2729717,아프니까 사장이다 [소상공인·자영업...,https://cafe.naver.com/jihosoccer123,0,0,3,0,3,False
스마트스토어 성공,스마트스토어,스마트스토어교육 어떤 프로그램이 좋을까요?,어떤 방식이 더 효과적인지도 궁금합니다 혹시 스마트스토어교육을 통해 창업에 성공하신 분들 경험이나 추천 강의가 있다면 알려주세요 체계적으로 준비할 수 있는 방법을 찾고 싶습니다 쿠팡 자동화 판매 시스템 특강,http://cafe.naver.com/fmsmania0/256870,[글로벌셀러창업연구소] 쿠팡로켓그로...,https://cafe.naver.com/fmsmania0,0,4,3,6,1,False
스마트스토어 성공,스마트스토어,스마트스토어 15개월차.. 너무 앞만 보고 달렸네요..,올해는 색다르게 퀀텀 점프하는 한해가 되어야 겠다고 생각 합니다. 아!! 저는 그냥 스마트 스토어만 하구요.. 아직도 1인 셀러입니다. (스토어 2개 운영) 지난 1월이 커리어 피크 였네요!! 아무쪼록 온라인 사업 화이팅입니다!,http://cafe.naver.com/jihosoccer123/2647105,아프니까 사장이다 [소상공인·자영업...,https://cafe.naver.com/jihosoccer123,0,2,0,0,2,False
스마트스토어 성공,기타,스마트 스토어 오픈전 꼭 확인돼야 할 3가지,"스마트 스토어 오픈 전 내 상품을 홍보할 홍보 프로그램, 광고계획이 모두 세워져 있다. 2. 출시 전(최소... 여러분 상품의 성공 방법은 여러분이 분석하고 준비하셔야 합니다. 오픈하고 수습하면 늦고, 이리되면 실패확률이...",http://cafe.naver.com/jihosoccer123/2637305,아프니까 사장이다 [소상공인·자영업...,https://cafe.naver.com/jihosoccer123,0,0,3,0,3,False
스마트스토어 성공,스마트스토어,스마트스토어 양도양수 하는데 상호명은요?,스마트스토어 양도양수 하는데 상호명 어떻게 하죠? 현재 온라인쪽 사업을 해보려고 하는데요. 남들 다하는 스마트스토어를 운영해 보려고요. 근데 친동생이 운영 중인 스마트스토어를 저에게 양도양수해서 인수하려고...,http://cafe.naver.com/coolishz/745844,창사영2[창업사업영업아이템]소상공인...,https://cafe.naver.com/coolishz,0,2,0,0,2,False
스마트스토어 성공,스마트스토어,스마트스토어 세무대행 비용 신고 오류 예방을 위한 체크리스트,"**결론** 스마트스토어를 운영하시는 사업자분들께서는 세무대행 비용을 고려하실 때, 전문가의 도움을 받아 신중하게 결정하시길 권해드립니다. 효율적인 세무처리로 더 많은 성공을 이루시길 기대합니다. 궁금한 사항이...",http://cafe.naver.com/navercafez/176118,99퍼센트 | 재테크 1만 카페 | 미국 주...,https://cafe.naver.com/navercafez,0,2,3,2,3,False
스마트스토어 성공,스마트스토어,스마트스토어 창업해보자합니다! 도움이필요합니다!,안녕하세요^^ 스마트스토어에 패션.뷰티쪽으로 운영해보고싶다고 생각하며 관심만 갖다가 이제 시작을 해볼까 합니다! 그런데 제가 인터넷 컴퓨터 이런 쪽을 너무 몰라서... 어떻게 시작을 해야할지부터 모르겠어서 이곳에...,http://cafe.naver.com/jihosoccer123/2726406,아프니까 사장이다 [소상공인·자영업...,https://cafe.naver.com/jihosoccer123,0,2,0,0,2,False
스마트스토어 성공,기타,에이치와이컴퍼니 스마트 스토어 시작/성공/소통 해보고 싶어서 가입했습니다,'에이치와이컴퍼니 스마트 스토어 시작/성공/소통 해보고 싶어서 가입했습니다.' (예 : 최고자산가 스마트 스토어 성공해보고 싶어서 가입했습니다.) 01. 닉네임 : 에이치와이컴퍼니 02. 연령대 : 40대 03. 사는지역...,http://cafe.naver.com/hinams01/2497,막퍼스▶막퍼주는카페 스마트스토어 온...,https://cafe.naver.com/hinams01,0,0,3,0,3,False
스마트스토어 성공,스마트스토어,나 스마트스토어하는데 첨으로 매출 백넘었어!,예전에 스마트스토어 한다고 매출 6~70정도 나온다 글쓴적있는데 저번달 96마넌인가 아깝게 백 못찍었는데 이번달 5일정도 남았는데 오늘까지 110마넌정도 찍었어 ㅎㅎ 내가 좋아하는일로 시작한건데 성취감 장난아니야...,http://cafe.naver.com/brownkqtdy/157523,오이네(오늘의 이야기),https://cafe.naver.com/brownkqtdy,0,4,0,0,4,False
스마트스토어 성공,스마트스토어,부업으로 스마트스토어 운영하는 직장인의 고민,저는 부업으로 스마트스토어를 운영한지 1년 반정도 되어가는 직장인 입니다. 주중 낮에는 아내가 포장 및... 현재 거주 중인 아파트에서 물건을 사입하여 스마트스토어를 운영하고 있는데요. 작은 방 하나와 거실...,http://cafe.naver.com/soho/3065025,"★쇼핑몰창업,스마트스토어,스토어팜,...",https://cafe.naver.com/soho,0,4,0,0,4,False
스마트스토어 성공,스마트스토어,월 1억 스마트스토어 매각후 요즘 근황,스마트스토어를 시작하여 작년 7월 딱 1년만에 월 1억매출을 돌파했었지요 그런데 아이러니 하게도 매출이 늘어날수록 자금이 부족한상황의 연속이었지요 매출이 일어날수록 재고는 더 확보하여야 하고 스마트스토어에...,http://cafe.naver.com/soho/3207335,"★쇼핑몰창업,스마트스토어,스토어팜,...",https://cafe.naver.com/soho,0,4,0,0,4,False
스마트스토어 성공,스마트스토어,"쿠팡, 스마트스토어 이미지 사이즈 이슈",우유 589046 [마켓업로드] 성공 캡쳐화면 쿠팡과 스마트스토어 이미지 관련 이슈로 등록 실패이구요. 지마켓ㅣ옵션명을 직접 입력할 수 없는 카테고리 입니다. 추천 옵션을 사용해주세요 이경우...,http://cafe.naver.com/overlink/438,DAT엔진 구매대행솔루션,https://cafe.naver.com/overlink,0,2,3,2,3,False
스마트스토어 성공,기타,스마트 스토어 위탁판매 도전!!,"스마트 스토어 정말 쉽지 않습니다. 그런데!! 뭔가 재밌습니다. 비록 1건이지만 판매를 성공했을 때, 오랜만에 정말 엔돌핀이 솟구쳤습니다. 저는 당분간 계속 도전해 볼 계획입니다. 그래도 최소 3달은 해봐야 해봤다고 할...",http://cafe.naver.com/mkas1/837049,행복재테크ㅣ부동산 투자 경매 창업 직...,https://cafe.naver.com/mkas1,0,0,6,0,6,False
스마트스토어 성공,기타,화도에 스마트 스토어 운영중이신 분들 함께해요~~,스마트 스토어 운영중이신 분들 중에 줌미팅이든 오프라인 모임이든 정기적으로 모여서 서로 정보공유하고 동기부여 하실 분 계시면 쪽지 부탁드려요~ 초보자분들도 괜찮구요 성공하신 분들 계시면 참석하셔서 서로...,http://cafe.naver.com/newhd/546717,화도사랑,https://cafe.naver.com/newhd,0,0,3,0,3,False
스마트스토어 수익 인증,스마트스토어,스마트스토어 수수료 계산기 믿고도 틀리는 이유,"대기업부터 소상공인까지 누적 5,000건 이상의 포트폴리오를 보유하고 있으며, 한국디자인진흥원 인증... 스마트스토어 수수료 비교할 때는 건당 수익만 확인하기보다 그 주문을 만들기 위해 들어가는 비용까지 함께 봐야...",http://cafe.naver.com/1sejongcity/1946702,세종시닷컴,https://cafe.naver.com/1sejongcity,0,4,0,0,4,False
스마트스토어 수익 인증,스마트스토어,스마트스토어 개설 상품등록만 먼저 하면 생기는 공백,"체감 수익이 더 모호하게 느껴지는 경우가 많습니다. 스마트스토어 개설 단계에서는 판매보다 먼저 돈의... 한국디자인진흥원 인증 산업디자인전문회사, 벤처기업 인증, 메인비즈를 보유하고 있고, 혁신성장바우처와...",http://cafe.naver.com/1sejongcity/1936230,세종시닷컴,https://cafe.naver.com/1sejongcity,0,4,0,0,4,False
스마트스토어 수익 인증,스마트스토어,스마트스토어 수수료 정산 전 확인할 5가지 체크포인트,"합니다 스마트스토어 수수료 결과를 확인할 때 정산 항목만 맞춰도 상세페이지가 약하면 실제 수익은 흔들릴... 대기업부터 소상공인까지 누적 5,000건 이상의 포트폴리오를 보유하고 있으며, 한국디자인진흥원 인증...",http://cafe.naver.com/1sejongcity/1950230,세종시닷컴,https://cafe.naver.com/1sejongcity,0,4,0,0,4,False
스마트스토어 수익 인증,스마트스토어,스마트스토어위탁 왜 마진이 생각보다 얇을까,"결국 스마트스토어위탁 수익을 볼 때는 판매 숫자만 볼 것이 아니라, 그 숫자가 어떤 운영 부담을 같이 끌고... 한국디자인진흥원 인증 산업디자인전문회사와 벤처기업, 메인비즈, 정부 바우처 공급기업 이력까지 갖추고...",http://cafe.naver.com/kig/19456624,ㆍ피터팬의 좋은방 구하기ㆍ,https://cafe.naver.com/kig,0,4,0,0,4,False
스마트스토어 수익 인증,스마트스토어,네이버스마트스토어 수익내는 구조가 따로 있다구요!,"하루 30분 투자로 월 1,000만원 수익인증까지 한 자동화 퍼널시스템을 그대로 복제해 준다고 하네요~ 60대분들도 따라할 수 있는 챗gpt를 이용한 홍보방법까지 싹 다 교육해준다고 하니, 혹시 스마트스토어를 시작하고 싶은...",http://cafe.naver.com/koarane/256062,리얼리뷰 공유소ㅣ내돈내산 찐리뷰 커...,https://cafe.naver.com/koarane,0,6,0,0,6,False
스마트스토어 수익 인증,스마트스토어,블로그재택알바 시작했더니 스마트스토어 수익까지 났어요,"하루 30분 투자로 월 수백 인증한 후기들도 많고, 초보도 따라할 수 있게 세팅+교육+도구까지 싹 다 제공해준대요. 블로그나 스마트스토어 관심 있는 분들한테 딱이에요! ■ 블로그 하나로 시작해, 진짜 내 수익 구조...",http://cafe.naver.com/koarane/135908,리얼리뷰 공유소ㅣ내돈내산 찐리뷰 커...,https://cafe.naver.com/koarane,0,10,0,0,10,False
스마트스토어 수익 인증,스마트스토어,"스마트스토어부업 수익나는 구조, 요즘 이렇게 한다구요~","하루 30분 투자로 월 1,000만원 수익인증까지 한 자동화 퍼널시스템을 그대로 복제해 준다고 하네요~ 60대분들도 따라할 수 있는 챗gpt를 이용한 홍보방법까지 싹 다 교육해준다고 하니, 혹시 스마트스토어부업...",http://cafe.naver.com/koarane/63691,리얼리뷰 공유소ㅣ내돈내산 찐리뷰 커...,https://cafe.naver.com/koarane,0,8,0,0,8,False
스마트스토어 수익 인증,스마트스토어,스마트스토어부업 위탁판매 현실수익,카페에 수익인증 올라오는 거 보고 저도 솔직히 좀 흔들렸어요ㅋㅋ 스마트스토어 유입 늘리는 방법으로도 활용 가능해 보여서 더 관심 가더라구요. 솔직히 부업은 정보 차이가 수익 차이 같아요. 혼자 유튜브만 보면서...,http://cafe.naver.com/koarane/396091,리얼리뷰 공유소ㅣ내돈내산 찐리뷰 커...,https://cafe.naver.com/koarane,0,8,0,0,8,False
스마트스토어 수익 인증,스마트스토어,"스마트스토어수익, 0원에서 500만원까지의 여정","스마트스토어수익, 0원에서 500만원까지의 여정 요즘 취준하면서 뭔가 부수입이라도 생기면 좋겠다... 하루 30분 투자로 월 1,000만원 수익인증까지 한 자동화 퍼널시스템을 그대로 복제해 준다고 하네요~ 60대분들도 따라할...",http://cafe.naver.com/koarane/44505,리얼리뷰 공유소ㅣ내돈내산 찐리뷰 커...,https://cafe.naver.com/koarane,0,8,0,0,8,False
스마트스토어 수익 인증,스마트스토어,"스마트스토어자동화, 수익을 높이는 실전 팁","스마트스토어자동화, 수익을 높이는 실전 팁 스마트스토어 운영하면서 하루 종일 재고 확인, 주문 처리... 하루 30분 투자로 월 1,000만원 수익인증까지 한 자동화 퍼널시스템을 그대로 복제해 준다고 하네요~ 60대분들도...",http://cafe.naver.com/koarane/318699,리얼리뷰 공유소ㅣ내돈내산 찐리뷰 커...,https://cafe.naver.com/koarane,0,6,0,0,6,False
스마트스토어 수익 인증,스마트스토어,스마트스토어 위탁판매 쉽게 시작해도 어려워지는 이유,"스마트스토어 위탁판매 운영하다 보면 매출 숫자는 보이는데 체감은 답답하게 느껴질 때가 있는데, 대개 이런 구조 안에서 벌어집니다. 여기에 수수료와 반품, 교환 대응, 시간 소모까지 더해지면 판매량이 곧바로 수익으로...",http://cafe.naver.com/kig/19456623,ㆍ피터팬의 좋은방 구하기ㆍ,https://cafe.naver.com/kig,0,6,0,0,6,False
스마트스토어 수익 인증,스마트스토어,스마트스토어부업 자동화 시스템으로 월수익 난 후기,"하루 30분 투자로 월 1,000만원 수익인증까지 받은 시스템을 그대로 복사해서 알려준대요~ 60대분들도 따라할 수 있을 정도로 쉬운 구조에, AI툴까지 싹 다 지원해준다니… 혹시 스마트스토어 고민, 투잡 고민, 자동화 수익...",http://cafe.naver.com/koarane/308562,리얼리뷰 공유소ㅣ내돈내산 찐리뷰 커...,https://cafe.naver.com/koarane,0,10,0,0,10,False
스마트스토어 수익 인증,스마트스토어,네이버스마트스토어시작하기 수익구조 궁금한가요,"───────────────── [*스마트스토어 수익구조 실제로 어떻게 나오냐면…*] 스토어 수익은... 이미 월 1,000만원 인증 나온 구조를 그대로 복제해준다고 해서 진짜 핫한 느낌… 게다가 초보도 할 수 있는...",http://cafe.naver.com/2022star/37451,"재테크마을 - N잡,부업,보험,창업,투잡...",https://cafe.naver.com/2022star,0,4,0,2,2,False
스마트스토어 수익 인증,스마트스토어,스마트스토어 개설 전 꼭 알아야 할 현실 꿀팁 총정리,"첫 수익 만들었다는 인증도 정말 많고, 50대~60대 분들도 쉽게 따라했다는 후기들이 계속 올라오더라구요. 특히 스마트스토어나 온라인판매 관심 있는 분들은 생각보다 재밌게 온라인수익 구조를 만들 수 있다는 이야기도...",http://cafe.naver.com/cafemakecafebest/40864,세상모든꿀팁 ㅣ영업·창업·부업·투...,https://cafe.naver.com/cafemakecafebest,0,4,0,0,4,False
스마트스토어 수익 인증,스마트스토어,네이버스마트스토어시작하기 수익 나오는 구조를 알아야죠,"하루 30분 투자로 월 1,000만원 수익인증까지 한 자동화 퍼널시스템을 그대로 복제해 준다고 하네요~ 60대분들도 따라할 수 있는 챗gpt를 이용한 홍보방법까지 싹 다 교육해준다고 하니, 혹시 스마트스토어 하면서 수익구조에...",http://cafe.naver.com/koarane/215057,리얼리뷰 공유소ㅣ내돈내산 찐리뷰 커...,https://cafe.naver.com/koarane,0,6,0,0,6,False
스마트스토어 수익 인증,스마트스토어,네이버스마트스토어창업 하루 1시간 투자로 수익 가능?,"네이버스마트스토어창업 하루 1시간 투자로 수익 가능? 솔직히... 육아하다가 애들 낮잠 잘 때마다 ‘나도... 하루 30분 투자로 월 1,000만원 수익인증까지 한 자동화 퍼널시스템을 그대로 복제해 준다고 하네요~ 60대분들도...",http://cafe.naver.com/koarane/252068,리얼리뷰 공유소ㅣ내돈내산 찐리뷰 커...,https://cafe.naver.com/koarane,0,6,0,2,4,False
스마트스토어 수익 인증,스마트스토어,네이버스마트스토어시작하기 수익나는 상품은 따로 있더라,"하루 30분 투자로 월 1,000만원 수익인증까지 한 자동화 퍼널시스템을 그대로 복제해 준다고 하네요~ 60대분들도 따라할 수 있는 챗gpt를 이용한 홍보방법까지 싹 다 교육해준다고 하니, 혹시 스마트스토어 시작은 했는데 매출...",http://cafe.naver.com/koarane/167505,리얼리뷰 공유소ㅣ내돈내산 찐리뷰 커...,https://cafe.naver.com/koarane,0,8,0,0,8,False
스마트스토어 수익 인증,스마트스토어,"애드센스수익 내는 방법, 스마트스토어보다 쉽다?!","애드센스수익 내는 방법, 스마트스토어보다 쉽다?! 혹시 요즘 애드센스수익에 관심 있는 분 계신가요? 요즘... 챗GPT 활용법부터 수익 나는 글쓰기까지 전부 도와주고, 이미 많은 분들이 월 1,000만원 이상 수익을 인증하고...",http://cafe.naver.com/koarane/78499,리얼리뷰 공유소ㅣ내돈내산 찐리뷰 커...,https://cafe.naver.com/koarane,0,4,0,0,4,False
스마트스토어 수익 인증,스마트스토어,네이버스마트스토어 초보자들도 수익내는법 공유,"하루 30분 투자로 월 1,000만원 수익인증까지 한 자동화 퍼널시스템을 그대로 복제해 준다고 하네요~ 60대분들도 따라할 수 있는 챗gpt를 이용한 홍보방법까지 싹 다 교육해준다고 하니, 혹시 스마트스토어나 온라인마케팅...",http://cafe.naver.com/koarane/47696,리얼리뷰 공유소ㅣ내돈내산 찐리뷰 커...,https://cafe.naver.com/koarane,0,6,0,0,6,False
스마트스토어 수익 인증,스마트스토어,스마트스토어부업 해보신 분들 수익 진짜 이만큼 나나요?,"하루 30분 투자로 월 1,000만원 수익인증까지 한 자동화 퍼널시스템을 그대로 복제해 준다고 하네요~ 60대분들도 따라할 수 있는 챗gpt를 이용한 홍보방법까지 싹 다 교육해준다고 하니, 혹시 스마트스토어 운영하면서...",http://cafe.naver.com/zpvkdcom/8896,"온라인보험 비교카페 - 종합,어린이,건...",https://cafe.naver.com/zpvkdcom,0,8,0,0,8,False
스마트스토어 수익 인증,스마트스토어,스마트스토어부업 주말마다 월급만큼 번 썰 푼다..!,"하루 30분 투자로 월 1,000만원 수익인증까지 한 자동화 퍼널시스템을 그대로 복제해 준다고 하네요~ 60대분들도 따라할 수 있는 챗gpt를 이용한 홍보방법까지 싹 다 교육해준다고 하니, 혹시 스마트스토어나 온라인부업...",http://cafe.naver.com/koarane/155662,리얼리뷰 공유소ㅣ내돈내산 찐리뷰 커...,https://cafe.naver.com/koarane,0,8,0,0,8,False
스마트스토어 수익 인증,스마트스토어,스마트스토어부업 요즘 사람들이 왜 이렇게 몰리는지 궁금하죠?,"하루 30분 투자로 월 1000만 원 인증 난 시스템을 그대로 써볼 수 있다길래 좀 놀람… 특히 스마트스토어부업처럼 경쟁 심한 구조가 아니라, 퍼널만 잘 설계하면 길이 확 열린다고 하니 부업 고민, 온라인 수익 고민, 일자리...",http://cafe.naver.com/koarane/179187,리얼리뷰 공유소ㅣ내돈내산 찐리뷰 커...,https://cafe.naver.com/koarane,0,8,0,2,6,False
스마트스토어 수익 인증,스마트스토어,스마트스토어 수수료 정산금액 줄어드는 이유,"판매가, 할인·쿠폰·포인트 중 내 부담, 배송비 수익 또는 비용, 수수료 합계, 포장·택배비, 원가, 정산금액... 스마트스토어뿐 아니라 쿠팡 등 주요 플랫폼에 맞춘 구성 경험이 있어 채널을 병행하는 셀러도 운영 부담을...",http://cafe.naver.com/kig/19411277,ㆍ피터팬의 좋은방 구하기ㆍ,https://cafe.naver.com/kig,0,4,0,0,4,False
스마트스토어 수익 인증,스마트스토어,스마트스토어수수료 이것까지 빠진다고? 예상보다 크네요ㅠㅠ,"하루 30분 투자로 월 1,000만원 수익인증까지 한 자동화 퍼널시스템을 그대로 복제해 준다고 하네요~ 60대분들도 따라할 수 있는 챗gpt를 이용한 홍보방법까지 싹 다 교육해준다고 하니, 혹시 스마트스토어 수익 줄어든 거에...",http://cafe.naver.com/koarane/116379,리얼리뷰 공유소ㅣ내돈내산 찐리뷰 커...,https://cafe.naver.com/koarane,0,6,0,0,6,False
스마트스토어 수익 인증,스마트스토어,스마트스토어부업 제대로 시작하려면 꼭 알아야 할 핵심정보!,"느낌이었어요 ◆스마트스토어부업 현실 수익은 어느 정도일까?◆ 사실 가장 궁금한 부분이 바로 수익이죠ㅎㅎ 요즘 후기들 보면 월 몇백만원 인증도 많이 올라오긴 하는데, 솔직히 초반에는 꾸준함이 가장 중요한 것...",http://cafe.naver.com/uouv96/5266,오늘도 달린다 ㅣ영업·창업·부업 ㅣ...,https://cafe.naver.com/uouv96,0,6,0,2,4,False
스마트스토어 수익 인증,스마트스토어,첫 스마트스토어 수익인증,스마트스토어 수익인증 오늘 정산이 되어서 입금이 되었네요 ^^아직 딱히 광고를 하거나 하는건 아니지만지인들및간간히 찾아와서 구매들해주시네요 ^^지금 또 배송되는것도 몇건 있으니 또 수익이 생기긴하겠네요.첫...,http://cafe.naver.com/gameapplication/19837,부업통장,https://cafe.naver.com/gameapplication,0,4,0,0,4,False
스마트스토어 수익 인증,스마트스토어,스마트스토어사업자등록 관련 꿀팁 정리해드릴게요 ㅎㅎ,"하루 30분 투자로 월 1,000만원 수익인증까지 한 자동화 퍼널시스템을 그대로 복제해 준다고 하네요~ 60대분들도 따라할 수 있는 챗gpt를 이용한 홍보방법까지 싹 다 교육해준다고 하니, 혹시 스마트스토어사업자등록...",http://cafe.naver.com/koarane/375937,리얼리뷰 공유소ㅣ내돈내산 찐리뷰 커...,https://cafe.naver.com/koarane,0,6,0,0,6,False
스마트스토어 수익 인증,스마트스토어,"스마트스토어수수료, 초보 셀러들이 놓치는 핵심은?","하루 30분 투자로 월 1,000만원 수익인증까지 나온 그 시스템을, 아예 복제해서 써보라고 그냥 통으로 제공해주는 구조라… 이건 솔직히 기회다 싶었어요. 혹시 지금 ‘수익구조가 막혔다’, ‘스마트스토어로는 한계가...",http://cafe.naver.com/koarane/361219,리얼리뷰 공유소ㅣ내돈내산 찐리뷰 커...,https://cafe.naver.com/koarane,0,6,0,0,6,False
스마트스토어 수익 인증,스마트스토어,"스마트스토어사업자등록, 막막했던 저도 해냈어요. 하나씩 알려드릴게요!","하루 30분 투자로 월 1,000만원 수익인증까지 한 자동화 퍼널시스템을 그대로 복제해 준다고 하네요~ 60대분들도 따라할 수 있는 챗GPT를 이용한 홍보방법까지 싹 다 교육해준다고 하니, 혹시 스마트스토어 시작 고민, 부업...",http://cafe.naver.com/koarane/375547,리얼리뷰 공유소ㅣ내돈내산 찐리뷰 커...,https://cafe.naver.com/koarane,0,8,0,0,8,False
스마트스토어 수익 인증,스마트스토어,스마트스토어로 부업 시작해봤는데… 월급 외 수익 생기니까 인생이 달라지더라구요.,"하루 30분 투자로 월 1,000만원 수익인증까지 한 자동화 퍼널시스템을 그대로 복제해 준다고 하네요~ 60대분들도 따라할 수 있는 챗gpt를 이용한 홍보방법까지 싹 다 교육해준다고 하니, 혹시 스마트스토어만으로 수익이...",http://cafe.naver.com/koarane/362611,리얼리뷰 공유소ㅣ내돈내산 찐리뷰 커...,https://cafe.naver.com/koarane,0,8,0,0,8,False
스마트스토어 수익 인증,스마트스토어,2026년 종합소득세 총정리,"판매자(스마트스토어 등), 유튜버·블로거처럼 플랫폼에서 수익이 발생한 사람. 임대소득 보유자와 금융... 종합소득세 신고 방법(간편 가이드) 홈택스 전자신고 : 공동인증서 또는 간편인증으로 로그인해 신고서를 작성...",http://cafe.naver.com/mkas1/1964826,행복재테크ㅣ부동산 투자 경매 창업 직...,https://cafe.naver.com/mkas1,0,4,0,0,4,False
스마트스토어 수익 인증,스마트스토어,"[AI뮤직자동화 2기] 2월수익 213만원 (+ 누적1억조회, 수익1천만원 인증)",ㅠ 덕분에 이번달 처음으로 네이버 스마트스토어 프리미엄까지 달아보게 되었습니다. 여러모로 성과가 나긴... 아직 3월 절반밖에 안되었는데 수익도 많이 회복했습니다. 곧 10만 구독자 인증하러 다시 찾아오겠습니다....,http://cafe.naver.com/dinohighclass/228092,디지털노마드 하이클래스 - 디하클 (유...,https://cafe.naver.com/dinohighclass,0,4,0,0,4,False
스마트스토어 수익 인증,스마트스토어,"요즘 스마트스토어 시작하려는 분들, 수수료 구조 제대로 알고 계신가요?","하루 30분 투자로 월 1,000만원 수익인증까지 나온 검증된 시스템을 그대로 복제해준다네요. 게다가 챗gpt 활용법, 홍보방법까지 교육도 제공된다고 하니까요! 혹시 스마트스토어 외에 다른 수익 루트를 찾고 있다면, 이...",http://cafe.naver.com/koarane/371851,리얼리뷰 공유소ㅣ내돈내산 찐리뷰 커...,https://cafe.naver.com/koarane,0,6,0,0,6,False
스마트스토어 수익 인증,스마트스토어,종합소득세 신고 완벽해결!!,"3% 떼고 받았다 = 대부분 신고 대상 2) 개인사업자 : 스마트스토어, 온라인쇼핑몰, 카페, 음식점, 학원, 병원 등 3) 직장인 + 부업 있는 경우 : 회사를 다니면서 쿠팡파트너스, 유튜브 수익, 블로그 광고수익, 외주 4)...",http://cafe.naver.com/mkas1/1964867,행복재테크ㅣ부동산 투자 경매 창업 직...,https://cafe.naver.com/mkas1,0,14,0,0,14,False
스마트스토어 수익 인증,스마트스토어,"스마트스토어사업자등록, 혼자서도 쉽게 처리하는 법 알려드림","공동인증서(구 공인인증서), 통장 사본, 신분증이에요. 스마트스토어용이면 별도의 임대차계약서도 필요... 이거 공부해서 블로그, 스마트스토어 다 같이 운영하는 분들 수익이 어마어마하더라구요. 특히 네이버 카페에서...",http://cafe.naver.com/koarane/386374,리얼리뷰 공유소ㅣ내돈내산 찐리뷰 커...,https://cafe.naver.com/koarane,0,6,0,0,6,False
스마트스토어 수익 인증,스마트스토어,"돈많이버는직업 정보 총정리, 스마트스토어까지 확인","쇼츠 수익 등인데요. 특히 스마트스토어 같은 경우, 재고 없이도 위탁판매로 수익 내는 구조도 많아졌대요!... 하루 30분 투자로 월 1000만원 인증한 시스템을 그대로 공유해준다구요. 초보자, 컴맹, 마케팅 몰라도 OK! 그냥...",http://cafe.naver.com/koarane/361386,리얼리뷰 공유소ㅣ내돈내산 찐리뷰 커...,https://cafe.naver.com/koarane,0,6,0,0,6,False
스마트스토어 수익 인증,스마트스토어,"스마트스토어 사업자등록, 진짜 생각보다 너무 쉬워요!","하루 30분 투자로 월 1,000만원 수익인증까지 한 자동화 퍼널시스템을 그대로 복제해준다네요~ 스마트스토어 시작하시는 분들이 특히 꼭 배워야 할 시스템!! 수익 나는 구조를 복사해서 쓰고 싶은 분들, 지금 확인해 보세요...",http://cafe.naver.com/koarane/213672,리얼리뷰 공유소ㅣ내돈내산 찐리뷰 커...,https://cafe.naver.com/koarane,0,6,0,0,6,False
스마트스토어 수익 인증,스마트스토어,스마트스토어수수료 낮추는 꿀팁 모아봤어요,"하루 30분 투자로 월 1,000만원 수익인증까지 한 자동화 퍼널시스템을 그대로 복제해 준다고 하네요~ 60대분들도 따라할 수 있는 챗gpt를 이용한 홍보방법까지 싹 다 교육해준다고 하니, 혹시 스마트스토어 하면서 수익이...",http://cafe.naver.com/koarane/207753,리얼리뷰 공유소ㅣ내돈내산 찐리뷰 커...,https://cafe.naver.com/koarane,0,6,0,0,6,False
스마트스토어 수익 인증,스마트스토어,"네이버 스마트스토어, 이제는 누구나 도전할 수 있는 시대예요.","하루 30분 투자로 월 1,000만원 수익인증까지 된 퍼널 마케팅 시스템을 그대로 복제할 수 있게 도와준다고 하더라구요~ 스마트스토어나 온라인마케팅, 부업에 대해 고민 중이신 분이라면 꼭 한 번 확인해보셨으면 좋겠어요!...",http://cafe.naver.com/koarane/327144,리얼리뷰 공유소ㅣ내돈내산 찐리뷰 커...,https://cafe.naver.com/koarane,0,8,0,0,8,False
스마트스토어 수익 인증,스마트스토어,스마트스토어부업 시작 전 반드시 알아야 할 핵심 포인트,"000만원 인증까지 나온 퍼널 시스템을 그대로 복제해준다고 해서 관심 있는 분들이 진짜 많아요. 특히 스마트스토어부업처럼 온라인에 이미 관심 있으신 분들은 더 빨리 적응하시더라구요ㅎㅎ 혹시 요즘 부업 고민, 수익...",http://cafe.naver.com/koarane/206361,리얼리뷰 공유소ㅣ내돈내산 찐리뷰 커...,https://cafe.naver.com/koarane,0,6,0,0,6,False
스마트스토어 수익 인증,스마트스토어,스마트스토어사업자등록 전에 꼭 알아야 할 5가지,"등록비는 보통 4~5만 원 정도이고, 본인 명의 휴대폰과 공인인증서만 있으면 금방 끝나요 이거 안 하면 네이버... 있거든요ㅎㅎ ───────────────── ■스마트스토어+자동화 수익! 동시에 시작해보세요...",http://cafe.naver.com/koarane/196295,리얼리뷰 공유소ㅣ내돈내산 찐리뷰 커...,https://cafe.naver.com/koarane,0,4,0,0,4,False
스마트스토어 수익 인증,스마트스토어,스마트스토어부업 요즘 왜 이렇게 인기일까?,"하루 30분 투자로 월 1,000만원 수익인증까지 한 자동화 퍼널시스템을 그대로 복제해 준다고 하네요~ 60대분들도 따라할 수 있는 챗gpt를 이용한 홍보방법까지 싹 다 교육해준다고 하니, 혹시 스마트스토어부업이나 재택부업...",http://cafe.naver.com/koarane/263636,리얼리뷰 공유소ㅣ내돈내산 찐리뷰 커...,https://cafe.naver.com/koarane,0,10,0,0,10,False
스마트스토어 수익 인증,스마트스토어,스마트스토어부업 이것만 알면 무조건 수익나쥬~,스마트스토어부업 이것만 알면 무조건 수익나쥬~ 요즘 저처럼 아기 재우고 나면 잠깐 시간 나는 분들... ───────────────── [* 수익 진짜 나요? 인증 많던데?] 솔직히 처음엔 저도 반신반의했거든요....,http://cafe.naver.com/koarane/219238,리얼리뷰 공유소ㅣ내돈내산 찐리뷰 커...,https://cafe.naver.com/koarane,0,6,0,0,6,False
스마트스토어 수익 인증,스마트스토어,부업 찾는 분들! 네이버 스마트스토어가 요즘 진짜 핫한 거 아시죠? 저도 처음엔 몰랐는데 이게 의외로 쉬워...,"하루 30분 투자로 월 1,000만원 수익인증까지 나온 시스템을 그대로 복제해서 제공해준다니 솔직히 안 해보면 손해 아닌가 싶어요. 특히 스마트스토어나 부업에 관심 있는 분이라면 지금이 딱 시작하기 좋은 타이밍이에요....",http://cafe.naver.com/koarane/368961,리얼리뷰 공유소ㅣ내돈내산 찐리뷰 커...,https://cafe.naver.com/koarane,0,8,0,0,8,False
스마트스토어 수익 인증,스마트스토어,스마트스토어사업자등록 할 때 세금신고는 이렇게 처리했어요,"하루 30분 투자로 월 1,000만원 수익인증까지 한 자동화 퍼널시스템을 그대로 복제해 준다고 하네요~ 60대분들도 따라할 수 있는 챗gpt를 이용한 홍보방법까지 싹 다 교육해준다고 하니, 혹시 스마트스토어 외에도, 부업이...",http://cafe.naver.com/koarane/273721,리얼리뷰 공유소ㅣ내돈내산 찐리뷰 커...,https://cafe.naver.com/koarane,0,8,0,0,8,False
스마트스토어 수익 인증,스마트스토어,스마트스토어사업자등록 혼자서도 가능할까용?,"스마트스토어를 제대로 운영하려면 '사업자등록'은 필수! 무조건 해야 합니다! 수익이 생기면 신고해야 하는 건 기본이고, 판매자 인증을 위해서도 등록 없이는 불가해요. 간이과세자 또는 일반과세자로 등록이 가능하니...",http://cafe.naver.com/koarane/135434,리얼리뷰 공유소ㅣ내돈내산 찐리뷰 커...,https://cafe.naver.com/koarane,0,4,0,0,4,False
스마트스토어 수익 인증,스마트스토어,"스마트스토어 개설, 지금 시작하면 늦지 않을까?","하루 30분 투자로 월 1,000만원 수익인증까지 한 자동화 퍼널시스템을 그대로 복제해 준다고 하네요~ 60대분들도 따라할 수 있는 챗gpt를 이용한 홍보방법까지 싹 다 교육해준다고 하니, 혹시 스마트스토어처럼 뭔가...",http://cafe.naver.com/koarane/320756,리얼리뷰 공유소ㅣ내돈내산 찐리뷰 커...,https://cafe.naver.com/koarane,0,6,0,0,6,False
스마트스토어 수익 인증,스마트스토어,혹시 요즘 ‘네이버 스마트스토어’ 시작해보려는 분들 많지 않나요?,"하루 30분 투자로 월 1,000만원 수익인증까지 한 자동화 퍼널시스템을 그대로 복제해 준다고 하네요~ 60대분들도 따라할 수 있는 챗gpt를 이용한 홍보방법까지 싹 다 교육해준다고 하니, 혹시 네이버 스마트스토어...",http://cafe.naver.com/koarane/322118,리얼리뷰 공유소ㅣ내돈내산 찐리뷰 커...,https://cafe.naver.com/koarane,0,6,0,0,6,False
스마트스토어 수익 인증,스마트스토어,"네이버 스마트스토어를 제대로 시작해보니, 진짜 ‘부업’이라는 말이 실감났어요","월 1,000만 원 이상 수익인증 받은 분들도 있고, 심지어 하루 30분 투자로 자동화 수익이 계속 발생한 사례도 있어서 저도 도전하게 됐어요. 혹시 스마트스토어나 다른 부업을 해보셨는데 수익 구조가 고민되셨던 분들이라면...",http://cafe.naver.com/koarane/295258,리얼리뷰 공유소ㅣ내돈내산 찐리뷰 커...,https://cafe.naver.com/koarane,0,8,0,0,8,False
스마트스토어 수익 인증,스마트스토어,"스마트스토어 개설, 막상 시작하려니까 막막하지 않으셨나요?","스마트스토어처럼 혼자 고군분투할 필요 없이, 시스템을 통째로 제공해 준다고 하더라구요~ 직장 다니면서 부업 찾는 분들이나, 스마트스토어 힘들었던 분들에겐 딱이에요. 수익인증된 분들 실제 후기 보면, 진짜 따라만...",http://cafe.naver.com/koarane/340411,리얼리뷰 공유소ㅣ내돈내산 찐리뷰 커...,https://cafe.naver.com/koarane,0,6,0,0,6,False
스마트스토어 수익 인증,스마트스토어,스마트스토어사업자등록 절차랑 준비서류 정리해봤어요,"월 1,000만원 인증된 퍼널 시스템을 그대로 복제해서 사용하게 해준다고 해서 솔직히 충격받았어요ㅋㅋ 홍보... 같아요 ■ ""스마트스토어보다 더 강력한 자동화 수익 구조, 직접 확인해보세요!"" ■ ↓↓자동화 수익...",http://cafe.naver.com/koarane/191731,리얼리뷰 공유소ㅣ내돈내산 찐리뷰 커...,https://cafe.naver.com/koarane,0,4,0,0,4,False
스마트스토어 수익 인증,스마트스토어,"네이버스마트스토어시작하기, 요즘 직장인 투잡으로 핫함!","하루 30분 투자로 월 1,000만원 수익인증까지 한 자동화 퍼널시스템을 그대로 복제해 준다고 하네요~ 60대분들도 따라할 수 있는 챗gpt를 이용한 홍보방법까지 싹 다 교육해준다고 하니, 혹시 스마트스토어 시작이 막막하셨던...",http://cafe.naver.com/koarane/246918,리얼리뷰 공유소ㅣ내돈내산 찐리뷰 커...,https://cafe.naver.com/koarane,0,8,0,0,8,False
스마트스토어 수익 인증,스마트스토어,스마트스토어부업 시작할 타이밍은 지금일까?,"하루 30분 투자로 월 1,000만원 수익인증까지 한 자동화 퍼널시스템을 그대로 복제해 준다고 하네요~ 60대분들도 따라할 수 있는 챗gpt를 이용한 홍보방법까지 싹 다 교육해준다고 하니, 혹시 스마트스토어부업, 온라인부업...",http://cafe.naver.com/koarane/98824,리얼리뷰 공유소ㅣ내돈내산 찐리뷰 커...,https://cafe.naver.com/koarane,0,8,0,0,8,False
스마트스토어 수익 인증,스마트스토어,25년 주식 수익인증,오늘 인증샷은? 오늘 함께 나눌 이야기는? 매번 구경만 하고 정보만 얻어갔어요.. 작년 하반기쯤 여기 까페서... 올해 큰 수익 얻었습니다. 저는 일반 직장인으로 +알바1+알바2+스마트스토어 요렇게 바쁘게 살았었는데..이젠...,http://cafe.naver.com/onepieceholicplus/5823340,"월급쟁이 재테크 연구카페(예금,적금,...",https://cafe.naver.com/onepieceholicplus,0,4,0,0,4,False
스마트스토어 수익 인증,스마트스토어,네이버스마트스토어시작하기? 20대도 하루만에 뚝딱 했음,"하루 30분 투자로 월 1,000만원 수익인증까지 한 자동화 퍼널시스템을 그대로 복제해 준다고 하네요~ 60대분들도 따라할 수 있는 챗gpt를 이용한 홍보방법까지 싹 다 교육해준다고 하니, 혹시 스마트스토어 시작은 했는데...",http://cafe.naver.com/koarane/242151,리얼리뷰 공유소ㅣ내돈내산 찐리뷰 커...,https://cafe.naver.com/koarane,0,6,0,0,6,False
스마트스토어 수익 인증,스마트스토어,스마트스토어알바 재택으로 할 수 있다길래 직접 찾아봤어요,"하루 30분 투자로 월 1,000만원 인증까지 나온 시스템을 그대로 복제해서 제공해준다고 하길래 반응이 엄청나대요 팀 기반이라 초보자도 따라 하기 쉽고 스마트스토어알바보다 훨씬 수익 폭이 넓다는 게 포인트!...",http://cafe.naver.com/koarane/171971,리얼리뷰 공유소ㅣ내돈내산 찐리뷰 커...,https://cafe.naver.com/koarane,0,8,0,0,8,False
스마트스토어 수익 인증,스마트스토어,스마트스토어 사업자등록 후에 돈 버는 사람들 특징이 있다는데...,"하루 30분 투자로 월 1,000만원 수익인증까지 한 자동화 퍼널시스템을 그대로 복제해 준다고 하네요~ 60대분들도 따라할 수 있는 챗gpt를 이용한 홍보방법까지 싹 다 교육해준다고 하니, 혹시 스마트스토어사업자등록 하고...",http://cafe.naver.com/koarane/218980,리얼리뷰 공유소ㅣ내돈내산 찐리뷰 커...,https://cafe.naver.com/koarane,0,6,0,0,6,False
스마트스토어 수익 인증,스마트스토어,네이버스마트스토어시작하기 온라인부업 시작포인트,"잡으면 스마트스토어도 충분히 높은 수익 가능하더라구요. ───────────────── 이상으로... 하루 30분 투자로 월 1,000만원 인증까지 나온 시스템을 그대로 복제해준다고 해서 저도 놀랐어요ㅋㅋ 특히...",http://cafe.naver.com/koarane/205700,리얼리뷰 공유소ㅣ내돈내산 찐리뷰 커...,https://cafe.naver.com/koarane,0,8,0,0,8,False
스마트스토어 수익 인증,스마트스토어,스마트스토어사업자등록 할 때 꼭 놓치는 꿀팁 알려드림!,"하루 30분 투자로 월 1,000만원 수익인증까지 한 자동화 퍼널시스템을 그대로 복제해 준다고 하네요~ 60대분들도 따라할 수 있는 챗gpt를 이용한 홍보방법까지 싹 다 교육해준다고 하니, 혹시 스마트스토어 준비중이시거나...",http://cafe.naver.com/koarane/189005,리얼리뷰 공유소ㅣ내돈내산 찐리뷰 커...,https://cafe.naver.com/koarane,0,6,0,0,6,False
스마트스토어 수익 인증,스마트스토어,"구매대행사업 vs 스마트스토어, 뭐가 더 나을까?","구매대행사업 vs 스마트스토어, 뭐가 더 나을까? 혹시 요즘 부업이나 온라인 창업 생각하시는 분들 계신가요?... 하루 30분 투자로 월 1,000만원 수익인증까지 한 자동화 퍼널시스템을 그대로 복제해준다고 하네요...",http://cafe.naver.com/koarane/229827,리얼리뷰 공유소ㅣ내돈내산 찐리뷰 커...,https://cafe.naver.com/koarane,0,8,0,0,8,False
스마트스토어 수익 인증,스마트스토어,"스마트스토어 부업, 진짜 돈이 될까 아니면 시간 낭비일까?","하루 30분 투자로 월 1,000만원 수익인증까지 한 자동화 퍼널시스템을 그대로 복제해 준다고 하네요~ 60대분들도 따라할 수 있는 챗gpt를 이용한 홍보방법까지 싹 다 교육해준다고 하니, 혹시 스마트스토어 준비 중이신 분들...",http://cafe.naver.com/koarane/153634,리얼리뷰 공유소ㅣ내돈내산 찐리뷰 커...,https://cafe.naver.com/koarane,0,8,0,0,8,False
스마트스토어 수익 인증,스마트스토어,네이버스마트스토어 요즘 어떻게 시작해야 할까 고민된다면?,"하루 30분 투자로 월 1,000만원 수익까지 인증된 자동화 퍼널 시스템을 그대로 복사해준다고 하네요~ 60대 분들도 쉽게 따라할 수 있도록 GPT 이용한 마케팅 교육도 싹~ 해준다고 하니까요, 혹시 스마트스토어 운영, 부업 고민...",http://cafe.naver.com/koarane/219684,리얼리뷰 공유소ㅣ내돈내산 찐리뷰 커...,https://cafe.naver.com/koarane,0,8,0,0,8,False
스마트스토어 수익 인증,스마트스토어,"스마트스토어 창업, 요즘 자영업자들이 몰리는 이유는?","하루 30분 투자로 월 1,000만원 수익인증까지 한 자동화 퍼널시스템을 그대로 복제해 준다고 하네요~ 60대분들도 따라할 수 있는 챗gpt를 이용한 홍보방법까지 싹 다 교육해준다고 하니, 혹시 스마트스토어 고민...",http://cafe.naver.com/koarane/176940,리얼리뷰 공유소ㅣ내돈내산 찐리뷰 커...,https://cafe.naver.com/koarane,0,6,0,0,6,False
스마트스토어 수익 인증,스마트스토어,모바일종합소득세 신고방법 제대로 체크합시다!,"특히 프리랜서, 자영업자, 배달기사, 유튜버, 스마트스토어 운영자, 임대소득자처럼 다양한 형태로 수익을... 구분 장점 접근성 스마트폰만 있으면 가능 간편성 공동인증서 없이 간편인증 가능 시간 절약 세무서 방문 불필요...",http://cafe.naver.com/loveshake1/160995,[금융꿀팁]직장인/주부/서민/아파트론...,https://cafe.naver.com/loveshake1,0,6,0,0,6,False
스마트스토어 수익 인증,스마트스토어,스마트스토어 수익인증,"수익인증시 반드시 제목양식을 지켜서 써주세요! ex) 블로그 수익인증, 텐핑 수익인증, 애드픽 수익인증... 감사하겠습니다.)====================================================================================================== 스마트스토어를...",http://cafe.naver.com/dragonssoul/173317,[1인대기업]재택부업/1인마케터/sns마...,https://cafe.naver.com/dragonssoul,0,6,0,0,6,False
스마트스토어 수익 인증,스마트스토어,"온라인마케팅교육, 스마트스토어 시작 전 필독!","하루 30분 투자로 월 1,000만원 수익인증까지 한 자동화 퍼널시스템을 그대로 복제해 준다고 하네요~ 60대분들도 따라할 수 있는 챗gpt를 이용한 홍보방법까지 싹 다 교육해준다고 하니, 혹시 스마트스토어나 블로그마켓 고민...",http://cafe.naver.com/koarane/39120,리얼리뷰 공유소ㅣ내돈내산 찐리뷰 커...,https://cafe.naver.com/koarane,0,8,0,0,8,False
스마트스토어 수익 인증,스마트스토어,네이버쇼핑커넥터 + 스마트스토어 연결만 잘해도 돈된다구~,"1,000만원 수익인증까지 한 자동화 퍼널시스템을 그대로 복제해 준다고 하네요~ 60대분들도 따라할 수 있는 챗gpt를 이용한 홍보방법까지 싹 다 교육해준다고 하니, 혹시 온라인마케팅 공부중이거나, 스마트스토어...",http://cafe.naver.com/koarane/166532,리얼리뷰 공유소ㅣ내돈내산 찐리뷰 커...,https://cafe.naver.com/koarane,0,4,0,0,4,False
스마트스토어 수익 인증,스마트스토어,“스마트스토어수수료 줄이는 법 찾는 중이라면 이 글 참고!,"하루 30분 투자로 월 1,000만원 수익인증까지 한 자동화 퍼널시스템을 그대로 복제해 준다고 하네요~ 60대분들도 따라할 수 있는 챗gpt를 이용한 홍보방법까지 싹 다 교육해준다고 하니, 혹시 스마트스토어나 온라인부업...",http://cafe.naver.com/koarane/116373,리얼리뷰 공유소ㅣ내돈내산 찐리뷰 커...,https://cafe.naver.com/koarane,0,8,0,0,8,False
스마트스토어 수익 인증,스마트스토어,네이버스마트스토어시작하기 30대 직장인들 사이에서 유행하는 이유!,"1,000만원 수익인증까지 이어지는 사례도 있고요. 광고, 마케팅, 상품 설정 등… 복잡한 과정은 전부 자동화! 이 시스템 그대로 복제해서 운영만 하면 되니까 부담도 확 줄어요 스마트스토어든, 다른 온라인 사업이든...",http://cafe.naver.com/koarane/206550,리얼리뷰 공유소ㅣ내돈내산 찐리뷰 커...,https://cafe.naver.com/koarane,0,4,0,0,4,False
스마트스토어 수익 인증,스마트스토어,네일아트학원 등록하려다 스마트스토어 먼저 해봤어요,"네일아트학원 등록하려다 스마트스토어 먼저 해봤어요 직장 그만두고 나서 ‘나 이제 뭐하지…?’라는... 하루 30분 투자로 월 1,000만원 수익인증까지 한 자동화 퍼널시스템을 그대로 복제해 준다고 하네요~ 60대분들도...",http://cafe.naver.com/koarane/177151,리얼리뷰 공유소ㅣ내돈내산 찐리뷰 커...,https://cafe.naver.com/koarane,0,6,0,0,6,False
스마트스토어 수익 인증,스마트스토어,스마트스토어부업 요즘 왜 주부들이 많이 시작할까?,"하루 30분 투자로 월 1,000만원 수익인증까지 한 자동화 퍼널시스템을 그대로 복제해 준다고 하네요~ 60대분들도 따라할 수 있는 챗gpt를 이용한 홍보방법까지 싹 다 교육해준다고 하니, 혹시 스마트스토어 하면서 마케팅이...",http://cafe.naver.com/koarane/168298,리얼리뷰 공유소ㅣ내돈내산 찐리뷰 커...,https://cafe.naver.com/koarane,0,8,0,0,8,False
스마트스토어 수익 인증,스마트스토어,무자본창업 가능한 업종 중에 스마트스토어가 왜 인기일까?,"무자본창업 가능한 업종 중에 스마트스토어가 왜 인기일까? 혹시 무자본창업 관심있는 분들 계세요? 요즘... 하루 30분 투자로 월 1,000만원 수익인증까지 한 자동화 퍼널시스템을 그대로 복제해 준다고 하네요~ 60대분들도...",http://cafe.naver.com/koarane/209467,리얼리뷰 공유소ㅣ내돈내산 찐리뷰 커...,https://cafe.naver.com/koarane,0,6,0,0,6,False
스마트스토어 수익 인증,스마트스토어,"쇼핑몰퍼널, 스마트스토어보다 이게 대세","쇼핑몰퍼널, 스마트스토어보다 이게 대세 혹시 온라인 쇼핑몰 시작하신 분들 중에 “왜 이렇게 매출이 안... 하루 30분 투자로 월 1,000만원 수익인증까지 한 자동화 퍼널시스템을 그대로 복제해 준다고 하네요~ 60대분들도...",http://cafe.naver.com/koarane/154022,리얼리뷰 공유소ㅣ내돈내산 찐리뷰 커...,https://cafe.naver.com/koarane,0,10,0,0,10,False
스마트스토어 수익 인증,스마트스토어,스마트스토어창업 비용부터 운영 꿀팁까지 총정리 해봤어요,"1,000만원 수익인증까지 한 자동화 퍼널시스템을 그대로 복제해 준다고 하네요~ 60대분들도 따라할 수 있는 챗gpt를 이용한 홍보방법까지 싹 다 교육해준다고 하니, 혹시 온라인창업 고민, 부업찾기 고민, 스마트스토어...",http://cafe.naver.com/koarane/89522,리얼리뷰 공유소ㅣ내돈내산 찐리뷰 커...,https://cafe.naver.com/koarane,0,6,0,0,6,False
스마트스토어 수익 인증,스마트스토어,네이버스마트스토어시작하기 요즘 대학생들이 부업으로 많이 하는 이유!,"요즘 주변 친구들 보면 다들 돈 버는 방법에 관심 많아서, 누가 ‘네이버 스마트스토어 한다’ 그러면, “헐... 하루 30분 투자로 월 1,000만원 수익인증까지 한 자동화 퍼널시스템을 그대로 복제해 준다고 하네요...",http://cafe.naver.com/koarane/221780,리얼리뷰 공유소ㅣ내돈내산 찐리뷰 커...,https://cafe.naver.com/koarane,0,8,0,0,8,False
스마트스토어 수익 인증,스마트스토어,손택스 종합소득세 신고 방법 체크 잘해봅시다!,개인사업자 프리랜서 배달 플랫폼 종사자 유튜버 및 크리에이터 블로거 광고수익 발생자 스마트스토어... 필수 준비 항목 준비물 내용 공동인증서 로그인 필요 간편인증 카카오·PASS 가능 계좌번호 환급금 수령용 소득 자료...,http://cafe.naver.com/nfreestepandkrocha/106281,[금쪽이]직장인/서민/아파트론/대환/사...,https://cafe.naver.com/nfreestepandkrocha,0,6,0,0,6,False
스마트스토어 수익 인증,스마트스토어,"스마트스토어수수료 줄이는 꿀팁, 실전사례로 알려드릴게요!","하루 30분 투자로 월 1,000만원 수익인증까지 한 자동화 퍼널시스템을 그대로 복제해 준다고 하네요~ 60대분들도 따라할 수 있는 챗GPT를 이용한 홍보방법까지 싹 다 교육해준다고 하니, 혹시 스마트스토어 운영하시면서 수익...",http://cafe.naver.com/koarane/115720,리얼리뷰 공유소ㅣ내돈내산 찐리뷰 커...,https://cafe.naver.com/koarane,0,6,0,0,6,False
스마트스토어 수익 인증,스마트스토어,스마트스토어사업자등록 이 순서대로만 하면 절대 안 헤매요!,"혹시 요즘 스마트스토어 시작하려는 분들 많지 않나요? 저도 진짜 처음엔 “사업자등록? 그거 회사 차려야... 하루 30분 투자로 월 1,000만원 이상 수익을 인증받은 분들도 있다고 하더라구요. 심지어 홍보나 세팅 방법까지...",http://cafe.naver.com/koarane/43922,리얼리뷰 공유소ㅣ내돈내산 찐리뷰 커...,https://cafe.naver.com/koarane,0,6,0,0,6,False
스마트스토어 수익 인증,스마트스토어,"스마트스토어 위탁판매, 지금 시작하면 돈이 될까?","1,000만원 수익인증까지 한 자동화 퍼널시스템을 그대로 복제해 준다고 하네요~ 60대분들도 따라할 수 있는 챗gpt를 이용한 홍보방법까지 싹 다 교육해준다고 하니, 혹시 부업으로 고민중이거나, 스마트스토어처럼 운영이...",http://cafe.naver.com/koarane/175641,리얼리뷰 공유소ㅣ내돈내산 찐리뷰 커...,https://cafe.naver.com/koarane,0,6,0,0,6,False
스마트스토어 수익 인증,스마트스토어,"스마트스토어부업, 소자본 창업으로 가능한 현실 방법",보면 “스마트스토어로 부업해서 수익냈어요~” 하는 영상 넘 많지 않나요? 저도 솔직히 처음엔 “에이 저건... 요즘은 돈 많이 드는 오프라인 창업보다 이런 온라인부업이 훨씬 이득인 듯 [# 매출 인증? 완전 리얼 후기!]...,http://cafe.naver.com/koarane/68181,리얼리뷰 공유소ㅣ내돈내산 찐리뷰 커...,https://cafe.naver.com/koarane,0,8,0,0,8,False
스마트스토어 수익 인증,스마트스토어,스마트스토어사업자등록부터 해야하는 이유!,"하루 30분 투자로 월 1,000만원 수익인증까지 한 자동화 퍼널시스템을 그대로 복제해 준다고 하네요~ 60대분들도 따라할 수 있는 챗gpt를 이용한 홍보방법까지 싹 다 교육해준다고 하니, 혹시 스마트스토어 외에 다른...",http://cafe.naver.com/koarane/50199,리얼리뷰 공유소ㅣ내돈내산 찐리뷰 커...,https://cafe.naver.com/koarane,0,6,0,0,6,False
스마트스토어 수익 인증,스마트스토어,스마트스토어부업 초반운영 팁만 알아도 실패확률이 엄청 줄어요,"진짜 수익을 올리는 핵심이더라구요ㅋㅋ ───────────────── 이제 스마트스토어부업에... 하루 30분 투자로 월 1,000만원 인증까지 나온 구조를 그대로 복제해서 알려준다고 하더라구요. 홍보 방법도...",http://cafe.naver.com/koarane/121143,리얼리뷰 공유소ㅣ내돈내산 찐리뷰 커...,https://cafe.naver.com/koarane,0,8,0,0,8,False
스마트스토어 수익 인증,스마트스토어,스마트스토어위탁판매 준비하면서 위탁창업 꿀팁도 같이 정리했어요!,"혹시 스마트스토어 위탁판매에 관심 있는 분들 계신가요? 요즘 온라인 시장이 워낙 핫하다 보니까... 하루 30분 투자로 월 1,000만원 수익인증까지 한 자동화 퍼널시스템을 그대로 복제해 준다고 하네요~ 60대분들도 따라할...",http://cafe.naver.com/koarane/74204,리얼리뷰 공유소ㅣ내돈내산 찐리뷰 커...,https://cafe.naver.com/koarane,0,6,0,0,6,False
스마트스토어 수익 인증,스마트스토어,스마트스토어사업자등록 준비 중인데 쇼핑몰이 잘될 수 있을까요?,진짜 수익이 날까?’ 싶은 생각도 들더라구요. 그래서 제가 직접 알아보고 정리해본 스마트스토어사업자등록... 스마트스토어 셀러 가입할 때 ‘계좌 인증’이랑 ‘통신판매업 신고’까지 해야 승인이 떨어지는데...,http://cafe.naver.com/koarane/145630,리얼리뷰 공유소ㅣ내돈내산 찐리뷰 커...,https://cafe.naver.com/koarane,0,6,0,0,6,False
스마트스토어 수익 인증,스마트스토어,"스마트스토어 사업자등록방법, 사업자등록증 없이 시작하면 안될까?",스마트스토어 등록 전 꼭 확인해야 할 꿀팁들] ✔️ 본인 명의의 공인인증서 or 공동인증서 준비... 이렇게만 해선 수익이 안 나더라구요] 스마트스토어도 결국은 '마케팅 싸움'이더라구요. 그냥 상품만 올려놨다고 팔리는...,http://cafe.naver.com/koarane/90375,리얼리뷰 공유소ㅣ내돈내산 찐리뷰 커...,https://cafe.naver.com/koarane,0,4,0,0,4,False
스마트스토어 수익 인증,스마트스토어,스마트스토어수수료 계산 헷갈리셨던 분들 계신가요?,"하루 30분 투자로 월 1,000만원 수익인증까지 한 자동화 퍼널시스템을 그대로 복제해 준다고 하네요~ 60대분들도 따라할 수 있는 챗gpt를 이용한 홍보방법까지 싹 다 교육해준다고 하니, 혹시 스마트스토어 운영 고민...",http://cafe.naver.com/koarane/56474,리얼리뷰 공유소ㅣ내돈내산 찐리뷰 커...,https://cafe.naver.com/koarane,0,6,0,0,6,False
스마트스토어 수익 인증,스마트스토어,스마트스토어창업 무자본으로 가능한 진짜 방법 알려줄게요!,"하루 30분 투자로 월 1,000만원 수익인증까지 한 자동화 퍼널시스템을 그대로 복제해 준다고 하네요~ 60대분들도 따라할 수 있는 챗gpt를 이용한 홍보방법까지 싹 다 교육해준다고 하니, 혹시 스마트스토어창업 고민, 무자본...",http://cafe.naver.com/koarane/93237,리얼리뷰 공유소ㅣ내돈내산 찐리뷰 커...,https://cafe.naver.com/koarane,0,6,0,0,6,False
스마트스토어 수익 인증,스마트스토어,"스마트스토어부업, 지금이 시작 타이밍이에요","하루 30분 투자로 월 1,000만원 수익인증까지 한 자동화 퍼널시스템을 그대로 복제해 준다고 하네요~ 60대분들도 따라할 수 있는 챗gpt를 이용한 홍보방법까지 싹 다 교육해준다고 하니, 혹시 스마트스토어 부업 하시는 분들...",http://cafe.naver.com/2022star/38142,"재테크마을 - N잡,부업,보험,창업,투잡...",https://cafe.naver.com/2022star,0,8,0,0,8,False
스마트스토어 수익 인증,스마트스토어,스마트스토어 매출 반토막 인증 ㅋㅋ,ㅋㅋ 챙피하네요.. ㅋㅋ 쿠팡도 비슷함 ㅋㅋ 1688에서 떼와 파는거라 마진 높고 개인쇼핑몰이라 먹고 사는덴 그동안 크게 지장없었는데 대위기네요 ㅋㅋ 안팔려서 창고에 재고 많고 검색광고는 효율 안나오니 돈 쓰기...,http://cafe.naver.com/soho/3994167,"★쇼핑몰창업,스마트스토어,스토어팜,...",https://cafe.naver.com/soho,0,6,0,0,6,False
스마트스토어 수익 인증,스마트스토어,스마트스토어사업자등록 처음 해보는 분들 필독하세요.,"스마트스토어처럼 복잡한 경쟁보다, 시스템화된 구조라 수익 확률이 훨씬 높죠. 하루 30분 투자로 월 1,000만 원 인증까지 나온 사례도 있으니 관심이 확 생기지 않나요? 사업자등록 고민, 온라인 창업 고민 있으신 분들은...",http://cafe.naver.com/koarane/25135,리얼리뷰 공유소ㅣ내돈내산 찐리뷰 커...,https://cafe.naver.com/koarane,0,6,0,0,6,False
스마트스토어 수익 인증,스마트스토어,네이버스마트스토어시작하기에 필요한 조건들이 바뀌었대요!,"페이 인증 절차**도 예전보다 훨씬 수월하답니다. 이거 듣고 진짜 ""어? 이거 나도 해봐?"" 했어요 다만... 실제로 수익 내는 사람들 보면 자극 엄청됨] 같은 맘카페에 있던 언니가 **스마트스토어로 유아용품 팔아서 월 300...",http://cafe.naver.com/koarane/81052,리얼리뷰 공유소ㅣ내돈내산 찐리뷰 커...,https://cafe.naver.com/koarane,0,4,0,0,4,False
스마트스토어 수익 인증,스마트스토어,간이과세자 종합소득세 신고방법 체크 잘해봅시다!,"특히 프리랜서, 소규모 온라인 판매자, 배달업, 스마트스토어 운영자, 미용업, 카페 운영자 등 다양한... “수익이 거의 없었으니 안 해도 되겠지”라고 생각했다가 가산세가 발생하는 사례도 많다. 간이과세자의...",http://cafe.naver.com/nfreestepandkrocha/106282,[금쪽이]직장인/서민/아파트론/대환/사...,https://cafe.naver.com/nfreestepandkrocha,0,8,0,0,8,False
스마트스토어 수익 인증,스마트스토어,"프리랜서 마켓 수익, 티스토리랑 애드센스로도 연결돼요!","이게 티스토리 블로그, 애드센스 수익, 스마트스토어랑도 자연스럽게 연결되면서 수익 구조가 완전... 하루 30분 투자로 월 1,000만원 수익인증까지 나온 시스템을 그대로 복제해준다고 하니, 프리랜서 마켓 수익 고민...",http://cafe.naver.com/koarane/388767,리얼리뷰 공유소ㅣ내돈내산 찐리뷰 커...,https://cafe.naver.com/koarane,0,8,0,0,8,False
스마트스토어 수익 인증,스마트스토어,"이베이 이스타터 시즌6 11월 수익인증 - 아내의 임신과 순수익 1,000만원 돌파한 달","저번 수익인증에서도 그렇고 저는 본업이 스마트스토어기 때문에 최대한 여기에 시간할애를 안하고자 박리다매 전략은 안하고 수익이 많이 남는 물건들만 소싱해서 리스팅하곤 합니다. 1,550만원 정도 매출을 내면...",http://cafe.naver.com/dinohighclass/149877,디지털노마드 하이클래스 - 디하클 (유...,https://cafe.naver.com/dinohighclass,0,6,0,0,6,False
스마트스토어 수익 인증,스마트스토어,N잡시대 스마트스토어보다 쉬운 부업 있나요?,"하루 30분 투자로 월 1,000만원 수익인증까지 나온 시스템을 복제해준다고 하니, 혹시 스마트스토어, 블로그, 유튜브로 수익 안 나셨던 분들이라면 이번 기회에 완전히 새로운 시스템으로 시작해보시는 것도 좋을 것...",http://cafe.naver.com/koarane/150807,리얼리뷰 공유소ㅣ내돈내산 찐리뷰 커...,https://cafe.naver.com/koarane,0,14,0,0,14,False
스마트스토어 수익 인증,스마트스토어,[양도완료] 스마트스토어(월평균 수익 400~500만원) 500만원에 양도,"있는 인증 등은 모두 되어 있는 곳입니다. 재고 발주만 하시면 바로 영업을 하실 수 있습니다.  - 부피가 작아서 창고가 따로 필요 없습니다. 저는 그냥 방에서 했어요. - 광고비, 수수료까지 다 빼도 수익이 약 40...",http://cafe.naver.com/soho/3463357,"★쇼핑몰창업,스마트스토어,스토어팜,...",https://cafe.naver.com/soho,0,4,0,0,4,False
스마트스토어 수익 인증,스마트스토어,스마트스토어부업 시작 전에 알아야 할 초기비용 꿀팁 공개,"스마트스토어 개설, 얼마나 걸릴까?] 생각보다 오래 안 걸려요. 네이버에서 사업자 인증하고 스토어를... 진짜 수익 커지는 거 아냐?’ 실제로 스마트스토어 운영하면서 카페 마케팅이나 블로그 마케팅 배워서 같이...",http://cafe.naver.com/koarane/72471,리얼리뷰 공유소ㅣ내돈내산 찐리뷰 커...,https://cafe.naver.com/koarane,0,10,0,0,10,False
스마트스토어 수익 인증,스마트스토어,14500원 짜리 목걸이 하나로 매출2천만원 만든 악세사리 스마트스토어 양도양수,악세사리(수익금의 일부를 유기동물에게 후원하였습니다. /브랜드 컨셉은 원하시는 바에 맞춰 변경하시면... 이미 인증되어 있습니다) 기존의 스마트스토어의 저렴한 이미지가 아닌 브랜드의 퀄리티 있는 자사몰...,http://cafe.naver.com/soho/3960361,"★쇼핑몰창업,스마트스토어,스토어팜,...",https://cafe.naver.com/soho,0,6,0,0,6,False
스마트스토어 수익 인증,스마트스토어,"동대문사입, 스마트스토어 운영자라면 꼭 알아야 할 현실적인 팁들","동대문사입, 스마트스토어 운영자라면 꼭 알아야 할 현실적인 팁들 요즘 온라인 쇼핑몰 창업하시는 분들... 하루 30분 투자로 월 1,000만원 수익인증까지 한 자동화 퍼널시스템을 그대로 복제해 준다고 하네요~ 60대분들도...",http://cafe.naver.com/koarane/288254,리얼리뷰 공유소ㅣ내돈내산 찐리뷰 커...,https://cafe.naver.com/koarane,0,8,0,0,8,False
스마트스토어 수익 인증,스마트스토어,스마트스토어부업 제대로 하면 수익 이 정도쯤은~,"하루 30분 투자로 월 1,000만원 수익인증까지 한 자동화 퍼널시스템을 그대로 복제해 준다고 하네요~ 60대분들도 따라할 수 있는 챗gpt를 이용한 홍보방법까지 싹 다 교육해준다고 하니, 혹시 스마트스토어 외에 또 다른...",http://cafe.naver.com/koarane/130494,리얼리뷰 공유소ㅣ내돈내산 찐리뷰 커...,https://cafe.naver.com/koarane,0,8,0,0,8,False
스마트스토어 수익 인증,스마트스토어,스마트스토어 수익인증 입니다!,1월달이 아직 끝나지 않았지만 수익인증을 한번 해보겠습니다! 1월25일 까지의 스마트스토어 매출입니다. 현재 운이 좋게 경쟁이 없는 카테고리에서 3가지 상품들이 상위노출이 되어있어서 꾸준하게 하루에 상품마다 15...,http://cafe.naver.com/webscommunity/1110,비즈니스커넥팅 - 제휴마케팅/텐핑/페...,https://cafe.naver.com/webscommunity,0,6,0,0,6,False
스마트스토어 수익 인증,스마트스토어,"네이버스마트스토어시작하기, 혼자 해도 가능한가요?","하루 30분 투자로 월 1,000만원 수익인증까지 한 자동화 퍼널시스템을 그대로 복제해 준다고 하네요~ 60대분들도 따라할 수 있는 챗gpt를 이용한 홍보방법까지 싹 다 교육해준다고 하니, 혹시 스마트스토어 하다가 수익 안...",http://cafe.naver.com/koarane/382977,리얼리뷰 공유소ㅣ내돈내산 찐리뷰 커...,https://cafe.naver.com/koarane,0,6,0,0,6,False
스마트스토어 수익 인증,스마트스토어,"실버챌 5.999기,,, 11월 손떨리는 생애 첫 수익 ㄷㄷㄷ 한화 약 670만원 인증",요새는 개나소나 다 한다는 스마트스토어/쿠팡으로 어느정도 판매도 만들어보고 누군가를 가르치는 일도... 첫 수익 계좌 인증을 간지나게 해보려고 하였으나^^ 급하게 정모에 꼭 당첨되었으면 하는 마음에 급하게...,http://cafe.naver.com/dinohighclass/148811,디지털노마드 하이클래스 - 디하클 (유...,https://cafe.naver.com/dinohighclass,0,4,0,0,4,False
스마트스토어 수익 인증,스마트스토어,스마트스토어위탁판매 하루 1시간 투자로 수익 가능?,"근데 스마트스토어위탁판매는 유독 자주 언급되더라구요. 저도 사실 요즘 카페 오픈 준비하면서 자금도... 하루 30분 투자로 월 1,000만원 수익인증까지 한 자동화 퍼널시스템을 그대로 복제해 준다고 하네요~ 60대분들도...",http://cafe.naver.com/koarane/261797,리얼리뷰 공유소ㅣ내돈내산 찐리뷰 커...,https://cafe.naver.com/koarane,0,6,0,2,4,False
스마트스토어 수익 인증,스마트스토어,"과일위탁판매 수익구조, 과연 진짜 괜찮을까?","스마트스토어나 블로그, 인스타 같은 데서 홍보만 하면, 주문은 자동으로 공급처에서 처리해주니까 재고... 실제로 60대 어르신 분들도 블로그 글 몇 개로 수익내는 사례도 많고, 후기 보니까 수익인증까지 확실히 해주는...",http://cafe.naver.com/koarane/279234,리얼리뷰 공유소ㅣ내돈내산 찐리뷰 커...,https://cafe.naver.com/koarane,0,6,0,0,6,False
스마트스토어 수익 인증,스마트스토어,애버랜드 스마트스토어 운영 전략,"협업하여 스마트스토어 및 상품 홍보 SNS 이벤트: 애버랜드 방문 인증 이벤트, 굿즈 구매 후기 이벤트 등을... 기대 효과 추가 수익 창출: 스마트스토어 운영을 통해 테마파크 운영 외 추가 수익 창출 및 브랜드 가치 제고...",http://cafe.naver.com/jangsin1004/376933,자영업자의 쉼터 [장사의신·소상공인...,https://cafe.naver.com/jangsin1004,0,4,0,0,4,False
스마트스토어 수익 인증,스마트스토어,온라인 마케팅 기초 완벽 가이드! 수익으로 연결하는 방법은?,"블로그, 인스타그램, 유튜브, 카페, 스마트스토어 등 다양한 채널이 활용됩니다. 최근에는 AI 도구를 활용한... 온네스 카페에 실제 수익인증 후기도 계속 올라오고 있고, 50~60대 분들도 수익을 내고 있다는 점이 인상...",http://cafe.naver.com/koarane/410995,리얼리뷰 공유소ㅣ내돈내산 찐리뷰 커...,https://cafe.naver.com/koarane,0,8,0,0,8,False
스마트스토어 수익 인증,스마트스토어,"스마트스토어창업, 시작은 쉬운데 수익은 왜 어려울까?","1,000만원 수익인증도 나왔다고 하더라구요! 이런 시스템을 그대로 복제해준다고 하니까 저도 얼른 신청했죠ㅎㅎ 혹시 스마트스토어 하다가 막혔던 분들, 온라인 부업 찾는 분들, 일단 이 공고 페이지라도 한번 읽어보시면...",http://cafe.naver.com/koarane/253369,리얼리뷰 공유소ㅣ내돈내산 찐리뷰 커...,https://cafe.naver.com/koarane,0,6,0,0,6,False
스마트스토어 수익 인증,스마트스토어,두둥~ 프리미엄부가수익솔루션 2번째유저 매출 인증(또 1200만원) 및 판매 분석 (feat 마지막 설명회),"다음 매출인증셀러는 라쿠텐과 일본편집샵위주로 업로드하였습니다. 저희 솔루션이 30업체에 골고루... 4(환율) = 144,036 원 배송비 : 8,000 수익 : 208,000(판매금액) - 144,036(구매원가) -8000(배송비) - 10,400(스마트스토어...",http://cafe.naver.com/manddang88/771823,PC방 손님만땅 동호회 ㆍ개인 창업부터...,https://cafe.naver.com/manddang88,0,6,0,0,6,False
스마트스토어 수익 인증,스마트스토어,"실패 없는 첫 부업 추천, 곰손인 저도 하루 1시간으로 시작해봤어요 0원 수익 탈출기!","스마트스토어, 쿠팡파트너스, 재택 타이핑... 저도 진짜 많이 해봤어요ㅠㅠ 근데 다들 '혼자' 알아서 해야... 진짜 신세계를 경험하실 거예요 수익인증글 ───────────────── 백 번의 시도보다, 한 번의...",http://cafe.naver.com/koarane/387172,리얼리뷰 공유소ㅣ내돈내산 찐리뷰 커...,https://cafe.naver.com/koarane,0,10,0,2,8,False
스마트스토어 수익 인증,스마트스토어,오늘 스마트스토어 수익인증 정산 297만원!!!,오늘 스마트스토어 수익인증 정산 297만원!!! 그런데 새벽까지 일하다보니 어제가 되어버렸네요,http://cafe.naver.com/strssttrr/265064,온비스-스마트스토어/유튜브/SNS마케팅...,https://cafe.naver.com/strssttrr,0,4,0,0,4,False
스마트스토어 수익 인증,스마트스토어,"과일위탁판매 수익 구조와 준비물, 재고 없이 사장님 되는 현실적인 방법","스마트스토어 vs 자체 채널, 판매 전략 세우기] 판매 채널 선택도 중요합니다. 네이버 스마트스토어와 쿠팡은... 퍼널마케팅 수익인증글 ───────────────── 유통 트렌드는 매일 변합니다. 이제는 몸으로...",http://cafe.naver.com/koarane/254202,리얼리뷰 공유소ㅣ내돈내산 찐리뷰 커...,https://cafe.naver.com/koarane,0,4,0,0,4,False
스마트스토어 수익 인증,스마트스토어,"무자본창업으로 수익낸 40대, 네이버스마트스토어 비밀","무자본창업으로 수익낸 40대, 네이버스마트스토어 비밀 혹시 ‘무자본창업’이라 들어보셨나요? 요즘 진짜... 하루 30분 투자로 월 1,000만원 인증한 시스템을 통째로 복제해서 제공해준다니 거기에 GPT까지 활용하는...",http://cafe.naver.com/koarane/238505,리얼리뷰 공유소ㅣ내돈내산 찐리뷰 커...,https://cafe.naver.com/koarane,0,6,0,0,6,False
스마트스토어 수익 인증,스마트스토어,"과일위탁판매 하는 분들, 실제 수익은 어느 정도일까?","그 수익의 일부를 정산받는 형태라고 보면 돼요. 특히 요즘은 스마트스토어나 SNS를 통해서도 판매가 되니까... 하루 30분 투자로 월 1,000만원 수익인증까지 한 자동화 퍼널시스템을 그대로 복제해 준다고 하네요~ 60대분들도...",http://cafe.naver.com/koarane/281945,리얼리뷰 공유소ㅣ내돈내산 찐리뷰 커...,https://cafe.naver.com/koarane,0,6,0,0,6,False
스마트스토어 수익 인증,스마트스토어,온라인쇼핑몰 부업사기 피해 법적 대응 방법,"운영으로 수익을 얻을 수 있다는 부업 제안을 받으셨나요? 범죄 조직은 위탁판매, 스마트스토어 창업 등을... 3단계 출금 차단 및 잠적 구간에서는 출금 신청 시 ""세금 납부"", ""보증금"", ""인증 절차""를 명목으로 추가 입금을...",http://cafe.naver.com/kig/19436089,ㆍ피터팬의 좋은방 구하기ㆍ,https://cafe.naver.com/kig,0,8,0,0,8,False
스마트스토어 수익 인증,스마트스토어,"핸드메이드판매 수익, 스마트스토어랑 다른점","───────────────── [# 스마트스토어 VS 핸드메이드 플랫폼❓] 스마트스토어에서도... 작가 인증'을 해주고, 구매자들도 오히려 더 신뢰하더라구요! ───────────────── [* 수익? 솔직히...",http://cafe.naver.com/koarane/249461,리얼리뷰 공유소ㅣ내돈내산 찐리뷰 커...,https://cafe.naver.com/koarane,0,4,0,0,4,False
스마트스토어 수익 인증,스마트스토어,"쇼핑몰 운영해서 수익 낸다는 친구, 뭘 어떻게 한 걸까?",───────────────── [* 스마트스토어 vs 자사몰? 초보는 이렇게 시작하래요] 처음엔... 실제 수익인증 사례 ───────────────── 지금 온네스라는 곳에서 자동화 퍼널 시스템 팀원을...,http://cafe.naver.com/koarane/247743,리얼리뷰 공유소ㅣ내돈내산 찐리뷰 커...,https://cafe.naver.com/koarane,0,6,0,0,6,False
스마트스토어 수익 인증,스마트스토어,스마트스토어부업 진짜 수익나는 구조 알려줄게요!,"하루 30분 투자로 월 1,000만원 수익인증까지 나온 자동화 퍼널 시스템을 그대로 복제해준다고 하더라구요~ 60대 분들도 쉽게 따라하는 챗GPT 활용 마케팅도 교육해주니까, 진입장벽도 정말 낮구요. 혹시 스마트스토어부업처...",http://cafe.naver.com/koarane/25552,리얼리뷰 공유소ㅣ내돈내산 찐리뷰 커...,https://cafe.naver.com/koarane,0,8,0,0,8,False
스마트스토어 수익 인증,스마트스토어,AI이미지생성사이트 써보니 수익까지 연결되던데요,"생성으로 수익 내는 사람들 꽤 많아요. 예를 들어 인스타 콘텐츠 제작, 스마트스토어 썸네일, 블로그... 하루 30분 투자로 월 1,000만원 수익인증까지 한 자동화 퍼널시스템을 그대로 복제해 준다고 하네요~ 60대분들도...",http://cafe.naver.com/koarane/238873,리얼리뷰 공유소ㅣ내돈내산 찐리뷰 커...,https://cafe.naver.com/koarane,0,10,0,0,10,False
스마트스토어 수익 인증,스마트스토어,부업 수익 2천 인증 (4),"이번 달은 지난달보다 조금 더 수익이 올라서 약 3,500 이상입니다. 처음으로 월매출 1억 찍었습니다.... ------------------------------------------ 매출 인증합니다. 스마트스토어/쿠팡이 주력이라 이렇게 2개 일단 올리고요. 타...",http://cafe.naver.com/dieselmania/40898834,●디젤매니아● 대한민국 일등 패션 커...,https://cafe.naver.com/dieselmania,0,8,0,0,8,False
스마트스토어 수익 인증,스마트스토어,스마트스토어 판매자등록시 팩트체크 하려고요.,"핸드폰 인증과 계좌를 배우자 명의로 했을 경우, 판매 수익이 발생하면 직장에 다니는 배우자에게 불리한 점이 생길 수 있나요? 또한, 스마트스토어 창업 시 본인 인증은 핸드폰 외에 다른 방법이 있는지도 궁금합니다....",http://cafe.naver.com/coolishz/758278,창사영2[창업사업영업아이템]소상공인...,https://cafe.naver.com/coolishz,0,4,0,2,2,False
스마트스토어 수익 인증,스마트스토어,"스마트스토어 수수료, 생각보다 높을 수도 있다는 거 아시나요?","하루 30분 투자로 월 1,000만원 수익인증까지 한 자동화 퍼널시스템을 그대로 복제해 준다고 하네요~ 60대분들도 따라할 수 있는 챗gpt를 이용한 홍보방법까지 싹 다 교육해준다고 하니, 혹시 스마트스토어 수익이 잘...",http://cafe.naver.com/koarane/309048,리얼리뷰 공유소ㅣ내돈내산 찐리뷰 커...,https://cafe.naver.com/koarane,0,6,0,0,6,False
스마트스토어 수익 인증,스마트스토어,요즘 '만들기부업'으로 수익내는 사람들이 진짜 많아졌다구요!,"요즘은 쿠팡이나 스마트스토어에서 수공예품 잘만 만들어 올려도 바로 주문 들어오더라구요. 심지어 네이버... 하루 30분 투자로 월 1,000만원 수익인증까지 한 자동화 퍼널시스템을 그대로 복제해 준다고 하네요...",http://cafe.naver.com/koarane/320637,리얼리뷰 공유소ㅣ내돈내산 찐리뷰 커...,https://cafe.naver.com/koarane,0,8,0,0,8,False
스마트스토어 수익 인증,스마트스토어,네이버 스마트 스토어 시작하기,네이버스마트스토어는 쉬운 듯 어려운 느낌이었다. 내가 쉽게 사용하고 소비하기 때문에 쉬울 것 같았지만 막상 업이 되고 수익을 창출하기에는 모르는 것 투성이였다. 그런 와중에 이 책은 나에게 하나의 명확한 지침서가...,http://cafe.naver.com/culturebloom/2273349,"컬처블룸★체험,리뷰,라이프,건강,맛집...",https://cafe.naver.com/culturebloom,0,4,0,0,4,False
스마트스토어 수익 인증,스마트스토어,인터넷 투잡 트렌드! 직장인 짬내서 월급 외 수익 만드는 현실적인 방법,자동화 스마트스토어 & 쿠팡 예전처럼 재고를 쌓아두고 직접 택배 싸는 시대는 끝났습니다. AI가 잘 팔릴... 퍼널마케팅 수익인증글 - 본업 외에 확실한 추가 수입이 절실한 직장인 - 챗GPT로 똑똑하게 앞서가는 수익을...,http://cafe.naver.com/koarane/364835,리얼리뷰 공유소ㅣ내돈내산 찐리뷰 커...,https://cafe.naver.com/koarane,0,6,0,0,6,False
스마트스토어 수익 인증,스마트스토어,돈되는부업 이것만 알면 수익까지 빨라져요,"단순 타이핑이나 포장 부업은 솔직히 오래 못 가요ㅠ 반면에 블로그, 스마트스토어, SNS마케팅 같은 온라인... 제 친구는 이걸로 첫 수익 3일 만에 인증받았대요ㅎㅎ ───────────────── 요즘은 누구나...",http://cafe.naver.com/koarane/144021,리얼리뷰 공유소ㅣ내돈내산 찐리뷰 커...,https://cafe.naver.com/koarane,0,8,0,0,8,False
스마트스토어 수익 인증,스마트스토어,직장인주말알바로 월급 외 수익 늘리는 법 아시나요?,"플랫폼 - 스마트스토어 위탁판매 이런 플랫폼들은 주말에 시간 날 때 작업하고, 평일에 자동으로 수익이... 하루 30분 투자로 월 1,000만원 수익인증까지 한 자동화 퍼널시스템을 그대로 복제해 준다고 하네요~ 60대분들도...",http://cafe.naver.com/koarane/138649,리얼리뷰 공유소ㅣ내돈내산 찐리뷰 커...,https://cafe.naver.com/koarane,0,6,0,0,6,False
스마트스토어 수익 인증,스마트스토어,"자동화수익 구조, 나도 만들 수 있을까?","예를 들어 유튜브, 스마트스토어, 블로그 광고, 퍼널마케팅 같은 것들이 대표적이에요. 한 번만 제대로... 하루 30분 투자로 월 1,000만원 수익인증까지 나온 그 자동화 퍼널 시스템을 그대로 복제해준다고 해요. 챗GPT를...",http://cafe.naver.com/koarane/94924,리얼리뷰 공유소ㅣ내돈내산 찐리뷰 커...,https://cafe.naver.com/koarane,0,10,0,0,10,False
스마트스토어 수익 인증,스마트스토어,재택부업 월100만원 가능할까? 현실 수익 후기 정리!,"쿠팡파트너스, 스마트스토어 같은 온라인 기반 부업이 대세더라구요ㅎㅎ 저도 알아보면서 생각보다 시작... 생각보다 진짜 수익인증 후기들이 엄청 많더라구요ㅎㅎ 특히 좋은 점은 완전 초보자도 쉽게 따라할 수 있도록...",http://cafe.naver.com/koarane/568119,리얼리뷰 공유소ㅣ내돈내산 찐리뷰 커...,https://cafe.naver.com/koarane,0,10,0,0,10,False
스마트스토어 수익 인증,스마트스토어,"N잡러가 공개한 월수익, 이 정도일 줄은 몰랐어요;;","스마트스토어, 유튜브, 블로그, 그리고 요즘은 챗GPT 활용한 자동화마케팅까지? 다양한 채널로 수익구조를... 진짜 수익인증 캡처 보고 ‘헉...나도 될 수 있겠다’싶었음;; ───────────────── ★N잡...",http://cafe.naver.com/koarane/220306,리얼리뷰 공유소ㅣ내돈내산 찐리뷰 커...,https://cafe.naver.com/koarane,0,10,0,0,10,False
스마트스토어 수익 인증,스마트스토어,"집에서 하는 투잡, 요즘 사람들 이걸로 수익냅니다","───────────────── [#] [스마트스토어] 무재고로 시작 가능한 루트 제품을 쌓아두고 파는... 하루 30분 투자로 월 1,000만원 수익인증까지 한 자동화 퍼널시스템을 그대로 복제해 준다고 하네요...",http://cafe.naver.com/koarane/174354,리얼리뷰 공유소ㅣ내돈내산 찐리뷰 커...,https://cafe.naver.com/koarane,0,8,0,0,8,False
스마트스토어 수익 인증,스마트스토어,"챗GPT 프롬프트 공부만 했는데, 부업 수익 구조까지 연결될 줄은 몰랐어요!","스마트스토어나 쿠팡과도 연관 있을까요? A2. 상품명, 상세페이지 문구, 후기 대행까지 다 GPT로 작성... 하루 30분 투자로 월 1,000만원 수익인증까지 나온 자동화 시스템이라 이걸 그대로 복제해서 써도 된다니, 완전...",http://cafe.naver.com/koarane/294944,리얼리뷰 공유소ㅣ내돈내산 찐리뷰 커...,https://cafe.naver.com/koarane,0,8,0,0,8,False
스마트스토어 수익 인증,스마트스토어,부업사이트 고르는 요령부터 수익까지 알려줄게요,"2위는 스마트스토어 위탁판매 연계된 플랫폼! 이건 소자본 창업 느낌도 나고요. 3위는 앱테크 모아놓은... 하루 30분 투자로 월 1,000만원 수익인증까지 한 자동화 퍼널시스템을 그대로 복제해준다고 하네요~ 60대분들도...",http://cafe.naver.com/koarane/211309,리얼리뷰 공유소ㅣ내돈내산 찐리뷰 커...,https://cafe.naver.com/koarane,0,8,0,0,8,False
스마트스토어 수익 인증,스마트스토어,네이버쇼핑커넥트 부업 찐 경험을 풀어드릴께요.,"특히 스마트스토어 상품들이 워낙 많다보니 다양한 카테고리로 홍보가 가능하다는 점도 큰 매력이에요.... 그리고 실제 온네스 카페에는 매일 수익인증 후기들이 올라오고 있는데, 저 같은 50대~60대 분들 후기도 많아요....",http://cafe.naver.com/cafemakecafebest/39871,세상모든꿀팁 ㅣ영업·창업·부업·투...,https://cafe.naver.com/cafemakecafebest,0,6,0,0,6,False
스마트스토어 수익 인증,스마트스토어,키워드광고 제대로 배우면 부업으로도 가능하더라구요!,"특히 스마트스토어나 블로그, 쇼핑몰 운영하는 분들은 키워드광고를 거의 필수처럼 공부하는 분위기인 것... 카페 수익인증 후기 보면 단순 복사 붙여넣기 방식으로도 첫 수익이 발생했다는 후기들이 정말 많았고, 50~60대...",http://cafe.naver.com/uouv96/6632,오늘도 달린다 ㅣ영업·창업·부업 ㅣ...,https://cafe.naver.com/uouv96,0,10,0,0,10,False
스마트스토어 수익 인증,스마트스토어,"무점포창업으로 수익내는 사람들, 도대체 뭘로 어떻게 버는 걸까?","하지만 실제로는 스마트스토어, 블로그마켓, 위탁판매, 퍼스널브랜딩 상품판매, 콘텐츠 판매 등 정말 다양한... 하루 30분 투자로 월 1,000만원 수익인증까지 한 자동화 퍼널시스템을 그대로 복제해 준다고 하네요...",http://cafe.naver.com/koarane/311586,리얼리뷰 공유소ㅣ내돈내산 찐리뷰 커...,https://cafe.naver.com/koarane,0,10,0,0,10,False
스마트스토어 수익 인증,스마트스토어,도매부업으로 재고 없이 수익낸 후기 공유,"1,000만원 수익인증까지 한 자동화 퍼널시스템을 그대로 복제해 준다고 하네요~ 60대분들도 따라할 수 있는 챗GPT를 이용한 홍보방법까지 싹 다 교육해준다고 하니, 혹시 도매부업 고민, 투잡 고민, 스마트스토어 고민 있으신...",http://cafe.naver.com/koarane/64873,리얼리뷰 공유소ㅣ내돈내산 찐리뷰 커...,https://cafe.naver.com/koarane,0,8,0,0,8,False
스마트스토어 수익 인증,스마트스토어,네이버스마트스토어시작하기 요즘 창업흐름 이렇게 바뀜,"월 1,000만원 인증 나온 자동화 퍼널 시스템을 그대로 복제해준다고 하고, 홍보도 복붙형 + 세팅도 팀에서 잡아준다니까 초보자한테는 완전 꿀 구조. 스마트스토어와 함께 병행하면 수익 두 줄로 만들기 딱 좋다는 말도...",http://cafe.naver.com/koarane/213036,리얼리뷰 공유소ㅣ내돈내산 찐리뷰 커...,https://cafe.naver.com/koarane,0,4,0,0,4,False
스마트스토어 수익 인증,스마트스토어,"해외직구구매대행 수익구조, 직접 정리해봄","───────────────── [ 어디서 판매하냐면요] 스마트스토어, 쿠팡파트너스, 블로그... 수익인증 받은 분들도 많고, 실제로 저도 몇 가지 따라해보고 바로 수익이 났어요! 온라인 구매대행이든 쇼핑몰이든...",http://cafe.naver.com/koarane/86593,리얼리뷰 공유소ㅣ내돈내산 찐리뷰 커...,https://cafe.naver.com/koarane,0,10,0,0,10,False
스마트스토어 수익 인증,스마트스토어,상세페이지제작 배우면 온라인수익 생길까…?,"쿠팡, 스마트스토어, 심지어 인스타마켓까지! 제품은 있는데 페이지를 못 만들겠다는 셀러들 넘... 하루 30분 투자로 월 1,000만원 수익인증까지 한 자동화 퍼널시스템을 그대로 복제해 준다고 하네요~ 60대분들도 따라할 수...",http://cafe.naver.com/koarane/372879,리얼리뷰 공유소ㅣ내돈내산 찐리뷰 커...,https://cafe.naver.com/koarane,0,6,0,0,6,False
스마트스토어 수익 인증,스마트스토어,돈많이버는직업 실제 월수익 공개한 후기들 모아봤다,"스마트스토어, 쿠팡파트너스, 블로그 글쓰기, 데이터라벨링 같은 거요. 심지어 하루에 1시간도 안 들이고... 하루 30분 투자로 월 1,000만원 수익인증까지 한 자동화 퍼널시스템을 그대로 복제해 준다고 하네요~ 60대분들도...",http://cafe.naver.com/koarane/265116,리얼리뷰 공유소ㅣ내돈내산 찐리뷰 커...,https://cafe.naver.com/koarane,0,10,0,0,10,False
스마트스토어 수익 인증,스마트스토어,"쿠팡파트너스 부업, 월급 외 수익 만드는 꿀팁 알려드림","───────────────── ■ [스마트스토어+쿠팡파트너스 조합?] 이건 몰랐쥬? 요즘엔... 실제로 해보신 분들 수익인증 보면, 이건 진짜 해야겠다 싶더라구요. ───────────────── 저도...",http://cafe.naver.com/koarane/265421,리얼리뷰 공유소ㅣ내돈내산 찐리뷰 커...,https://cafe.naver.com/koarane,0,8,0,0,8,False
스마트스토어 수익 인증,스마트스토어,단순부업 스마트스토어보다 쉽다는 이 일?!,"저도 그래서 요즘 알아보고 있는 중인데요, 특히 ‘스마트스토어보다도 쉽다’는 얘기 듣고 더 솔깃했어요.... 하루 30분 투자로 월 1,000만원 수익인증까지 한 자동화 퍼널시스템을 그대로 복제해 준다고 하네요~ 60대분들도...",http://cafe.naver.com/koarane/154992,리얼리뷰 공유소ㅣ내돈내산 찐리뷰 커...,https://cafe.naver.com/koarane,0,8,0,0,8,False
스마트스토어 수익 인증,스마트스토어,"요즘은 노후준비도 스마트하게, 수익 구조부터 다시 짜는 게 핵심이더라구요.","스마트스토어, 재택부업, 콘텐츠 마케팅 등도 관심이 많고요. 특히 자동화 시스템을 활용한 마케팅이... 실제 수익인증 사례 ───────────────── 지금 온네스에서 자동화 퍼널 시스템으로 함께할 분들을...",http://cafe.naver.com/koarane/292940,리얼리뷰 공유소ㅣ내돈내산 찐리뷰 커...,https://cafe.naver.com/koarane,0,10,0,0,10,False
스마트스토어 수익 인증,스마트스토어,부업 수익 2천 인증(2),"타격이긴 하지만 그래도 총 수익은 2천 이상입니다. 인증은 스마트스토어, 쿠팡만 하지만 그 외 옥션, G마켓, 11번가 등에서도 판매 중입니다. 그래서 이것저것 다 떼고 순수익이 얼마냐고 여쭤보시는데 제품원가...",http://cafe.naver.com/dieselmania/40419502,●디젤매니아● 대한민국 일등 패션 커...,https://cafe.naver.com/dieselmania,0,6,0,0,6,False
스마트스토어 수익 인증,스마트스토어,쿠팡파트너스하는법 수익인증 보니 눈이 번쩍!,쿠팡파트너스하는법 수익인증 보니 눈이 번쩍! 혹시 요즘 부업이나 투잡 고민 중이신가요? 저는 직장... 요즘은 스마트스토어랑 같이 연결해서 하는 사람들도 늘고 있다네요...,http://cafe.naver.com/koarane/63723,리얼리뷰 공유소ㅣ내돈내산 찐리뷰 커...,https://cafe.naver.com/koarane,0,10,0,0,10,False
스마트스토어 수익 인증,스마트스토어,"온라인쇼핑몰 수익인증, 인스타 마케팅이 핵심이래요!","온라인쇼핑몰 수익인증, 인스타 마케팅이 핵심이래요! 요즘 대학생 사이에서도 온라인쇼핑몰 부업이 진짜... 요즘은 상품 소싱도 진짜 쉬워졌어요~ 스마트스토어나 위탁몰 통해서 내 쇼핑몰에 자동 등록도 가능하고요...",http://cafe.naver.com/koarane/78510,리얼리뷰 공유소ㅣ내돈내산 찐리뷰 커...,https://cafe.naver.com/koarane,0,8,0,0,8,False
스마트스토어 수익 인증,스마트스토어,소자본창업으로 한 달 수익 500만? 가능할까,"무인아이스크림, 무인카페, 스마트스토어, 쿠팡파트너스 같은 게 대표적이에요. 저도 실제로 주변에서... 하루 30분 투자로 월 1,000만 원 수익인증까지 나온 구조를 그대로 복제해준다고 하네요. 60대분들도 쉽게 따라할 수...",http://cafe.naver.com/koarane/97686,리얼리뷰 공유소ㅣ내돈내산 찐리뷰 커...,https://cafe.naver.com/koarane,0,8,0,0,8,False
스마트스토어 수익 인증,스마트스토어,짧은 시간만 투자해도 수익이 생기는 시간알바의 현실,"특히 요즘은 스마트스토어나 블로그 운영도 시간 날 때 조금씩 하면 추가 수익이 꽤 돼요. 중요한 건 내가... 하루 30분 투자로 월 1,000만원 수익인증까지 한 자동화 퍼널시스템을 그대로 복제해 준다고 하네요~ 60대분들도...",http://cafe.naver.com/koarane/247458,리얼리뷰 공유소ㅣ내돈내산 찐리뷰 커...,https://cafe.naver.com/koarane,0,8,0,0,8,False
스마트스토어 수익 인증,스마트스토어,스티커부업 소소수익비법 궁금하시죠,"스마트스토어 초보도 요즘은 진입 쉬움. 셋째는 홍보. 이게 진짜 핵심인데… 홍보만 잡히면 수익은 자동으로... 월 1,000만원 인증난 시스템을 그대로 복제해 준다길래 저도 슬쩍 관심 생김ㅋㅋ 특히 스티커부업처럼 홍보...",http://cafe.naver.com/koarane/183583,리얼리뷰 공유소ㅣ내돈내산 찐리뷰 커...,https://cafe.naver.com/koarane,0,6,0,2,4,False
스마트스토어 수익 인증,스마트스토어,소규모창업 월 500 수익 낸 후기 보고 놀랐어요,"───────────────── [# 요즘 뜨는 소규모창업 아이템은?] ✔️ 스마트스토어 기반 온라인... 000만원 인증까지 받은 그 구조를 그대로 복제해준다고 해요. 소규모창업 고민 중인 분들이나, 온라인수익...",http://cafe.naver.com/koarane/327840,리얼리뷰 공유소ㅣ내돈내산 찐리뷰 커...,https://cafe.naver.com/koarane,0,4,0,0,4,False
스마트스토어 수익 인증,스마트스토어,"AI 콘텐츠 제작 부업, 진짜 자동으로 수익 난다구요?","이걸로 콘텐츠 만들어서 스마트스토어, 블로그, 인스타에 자동 업로드하면 그게 또 ‘광고 수익’... 요즘 진짜 60대 어르신도 이 구조로 수익 내신대요 퍼널마케팅 수익인증...",http://cafe.naver.com/koarane/195607,리얼리뷰 공유소ㅣ내돈내산 찐리뷰 커...,https://cafe.naver.com/koarane,0,10,0,0,10,False
스마트스토어 수익 인증,스마트스토어,"무자본쇼핑몰 수익구조, 진짜 돈 되는 구조일까?","───────────────── [# 요즘 뜨는 무자본쇼핑몰 운영 방식은?] 최근에는 스마트스토어... 하루 30분 투자로 월 1,000만원 수익인증까지 한 자동화 퍼널시스템을 그대로 복제해 준다고 하네요~ 60대분들도...",http://cafe.naver.com/koarane/170894,리얼리뷰 공유소ㅣ내돈내산 찐리뷰 커...,https://cafe.naver.com/koarane,0,8,0,0,8,False
스마트스토어 수익 인증,기타,핸드메이드부업 요즘 뜨는 수익팁,요즘 올라온 후기 보니까 하루 30분 투자해서 월 1000만원 인증 난 사람도 있더라구요ㅋㅋ 특히 홍보법이 너무 쉬워서 컴퓨터 잘 못하는 분들도 그대로 따라 하기만 하면 되는 구조라던데… 혹시 핸드메이드부업처럼 수익...,http://cafe.naver.com/koarane/189555,리얼리뷰 공유소ㅣ내돈내산 찐리뷰 커...,https://cafe.naver.com/koarane,0,6,0,0,6,False
스마트스토어 수익 인증,스마트스토어,"실패 없는 퇴근 후 부업, 초보자도 가능한 현실 가이드","첫 번째는 배달이나 단기 알바 같은 노동형, 두 번째는 스마트스토어 같은 판매형, 세 번째는 블로그... 실제로 많은 사람들이 수익을 인증하고 있고, 점점 수익이 커지는 구조입니다. 지금까지 퇴근 후 부업에 대해 자세히...",http://cafe.naver.com/cafemakecafebest/35396,세상모든꿀팁 ㅣ영업·창업·부업·투...,https://cafe.naver.com/cafemakecafebest,0,10,0,0,10,False
스마트스토어 수익 인증,스마트스토어,20대 중반 여성 스마트스토어 창업 앞두고 있네요.❓,인증을 진행했어요. 계좌도 배우자 명의로 등록했구요. ❓ 이럴 경우 한 가지가 걱정이 됩니다. 판매 수익이... 스마트스토어 판매자등록 시 본인인증은 꼭 핸드폰으로만 가능한가요? 혹시 다른 인증 방법은 없는지도 알고...,http://cafe.naver.com/coolishz/766836,창사영2[창업사업영업아이템]소상공인...,https://cafe.naver.com/coolishz,0,4,0,0,4,False
스마트스토어 수익 인증,스마트스토어,"직장인 부업 세금 신고방법, 초보자도 쉽게 알려드릴게요","요즘은 쿠팡파트너스, 블로그, 스마트스토어 같은 온라인 부업 하시는 분들이 정말 많더라구요! 근데 막상... 보면 수익인증 후기도 정말 많고, 50대~60대 분들도 따라하고 있다는 후기들이 꽤 보이더라구요! 저도 이런...",http://cafe.naver.com/uouv96/4426,오늘도 달린다 ㅣ영업·창업·부업 ㅣ...,https://cafe.naver.com/uouv96,0,10,0,0,10,False
스마트스토어 수익 인증,스마트스토어,40대 재취업 준비맘의 온라인쇼핑몰 사무보조 알바 현실정리,"어떤 곳은 엑셀 정리나 간단한 상세페이지 수정, 스마트스토어 관리까지 포함되기도 합니다. 그래서 공고... 카페에 수익인증 후기가 꾸준하게 계속 올라와요 -50 60대 인증도 보여서 초보용 특강 느낌이 있었어요 집에서 할...",http://cafe.naver.com/koarane/545751,리얼리뷰 공유소ㅣ내돈내산 찐리뷰 커...,https://cafe.naver.com/koarane,0,6,0,0,6,False
스마트스토어 수익 인증,스마트스토어,인터넷판매 이거 하나만 알면 수익 진짜 달라짐...,"특히 스마트스토어나 쿠팡, 11번가, 마켓컬리 같은 플랫폼에 입점하면 광고 없이도 노출이 가능하니까... 저희 애 낮잠잘 때 슬쩍슬쩍 일해도 충분하더라구요ㅎㅎ ───────────────── [* 수익은 어느...",http://cafe.naver.com/koarane/45850,리얼리뷰 공유소ㅣ내돈내산 찐리뷰 커...,https://cafe.naver.com/koarane,0,4,0,0,4,False
스마트스토어 수익 인증,스마트스토어,"쇼핑몰창업 현실, 수익은 얼마나 날까","쿠팡, 스마트스토어, 마켓플러스 등 입점이 쉬워져서 누구나 할 수 있을 것처럼 보여요. 그래서 '나도... 하루 30분 투자로 월 1,000만원 수익인증까지 한 자동화 퍼널시스템을 그대로 복제해 준다고 하네요~ 60대분들도...",http://cafe.naver.com/koarane/169318,리얼리뷰 공유소ㅣ내돈내산 찐리뷰 커...,https://cafe.naver.com/koarane,0,8,0,0,8,False
스마트스토어 수익 인증,스마트스토어,요즘 디자인부업으로 시작해서 수익내는 분들 진짜 많더라구요?,"탈잉, 스마트스토어 같은 곳에 올리면 팔리더라구요~ 진짜로 디자인 전공 안 한 친구도 이 방법으로 수익내는... 하루 30분 투자로 월 1,000만원 수익인증까지 한 자동화 퍼널시스템을 그대로 복제해 준다고 하네요...",http://cafe.naver.com/koarane/187923,리얼리뷰 공유소ㅣ내돈내산 찐리뷰 커...,https://cafe.naver.com/koarane,0,8,0,0,8,False
스마트스토어 수익 인증,스마트스토어,육아휴직중알바 수익 나오는 일 정리해봄,"온라인 판매 – 쿠팡, 스마트스토어 추천*] 요즘은 상품 직접 보관 안 해도 되는 ‘위탁판매’ 시스템이... 하루 30분 투자로 월 1,000만원 수익인증까지 한 자동화 퍼널시스템을 그대로 복제해 준다고 하네요~ 60대분들도...",http://cafe.naver.com/koarane/60047,리얼리뷰 공유소ㅣ내돈내산 찐리뷰 커...,https://cafe.naver.com/koarane,0,8,0,2,6,False
스마트스토어 수익 인증,스마트스토어,릴스만들기로 수익내는 사람들이 진짜 많다구요,"릴스를 통해 협찬도 받고, 광고 수익도 생기고, 심지어 제품 홍보까지 연결되더라구요. 특히 스마트스토어나... 하루 30분 투자로 월 1,000만원 수익인증까지 한 자동화 퍼널시스템을 그대로 복제해 준다고 하네요...",http://cafe.naver.com/koarane/105294,리얼리뷰 공유소ㅣ내돈내산 찐리뷰 커...,https://cafe.naver.com/koarane,0,6,0,0,6,False
스마트스토어 수익 인증,스마트스토어,퇴근후알바로 3일만에 첫 수익!,"3) 스마트스토어 위탁판매 이렇게 세 가지였어요! 특히 글쓰기 알바는 하루 1~2시간 정도만 투자하면 수익도... 하루 30분 투자로 월 1,000만원 수익인증까지 한 자동화 퍼널시스템을 그대로 복제해 준다고 하네요...",http://cafe.naver.com/koarane/250093,리얼리뷰 공유소ㅣ내돈내산 찐리뷰 커...,https://cafe.naver.com/koarane,0,6,0,0,6,False
스마트스토어 수익 인증,스마트스토어,과일위탁판매 진짜 수익 나는 사람 특징,"*] 요즘은 인스타 릴스, 스마트스토어, 톡스토어, 중고마켓까지 다양하게 활용하는 게 포인트더라구요! 한... 수익도 자동화되니까 육아맘한텐 정말 딱이에요ㅎㅎ 찐 수익인증 후기들! 대박이죠?...",http://cafe.naver.com/koarane/166323,리얼리뷰 공유소ㅣ내돈내산 찐리뷰 커...,https://cafe.naver.com/koarane,0,4,0,0,4,False
스마트스토어 수익 인증,스마트스토어,지금도 인터넷쇼핑몰로 수익내는 사람들이 이렇게 많다고?,"───────────────── ● [이제는 스마트스토어보다 브랜딩의 시대] 스마트스토어도 여전히... 하루 30분 투자로 월 1,000만원 수익인증까지 한 자동화 퍼널시스템을 그대로 복제해 준다고 하네요...",http://cafe.naver.com/koarane/166176,리얼리뷰 공유소ㅣ내돈내산 찐리뷰 커...,https://cafe.naver.com/koarane,0,8,0,0,8,False
스마트스토어 수익 인증,스마트스토어,온라인마케팅교육 받으니 수익구조가 완전 달라졌어요!,"특히 스마트스토어, 블로그, 유튜브, 인스타 등에서 개인이 직접 수익을 낼 수 있게 되면서, 이걸 제대로... 하루 30분 투자로 월수익 1,000만원 이상 인증도 나오는 곳이고요, 챗GPT 활용법부터 자동화 템플릿, 수익화 루트까지...",http://cafe.naver.com/koarane/196279,리얼리뷰 공유소ㅣ내돈내산 찐리뷰 커...,https://cafe.naver.com/koarane,0,10,0,0,10,False
스마트스토어 수익 인증,스마트스토어,직장인 투잡 추천 TOP5 요즘 진짜 돈 되는 부업 공개합니다,"예를 들면 블로그 운영, 쿠팡파트너스, 스마트스토어 같은 형태가 대표적이에요. 저도 직접 알아보면서 느낀... 개인차는 있지만, 제대로 배우고 실행하면 실제로 수익을 만드는 사례가 많습니다. 요즘은 후기나 인증도...",http://cafe.naver.com/cafemakecafebest/23462,세상모든꿀팁 ㅣ영업·창업·부업·투...,https://cafe.naver.com/cafemakecafebest,0,12,0,2,10,False
스마트스토어 수익 인증,스마트스토어,"AI자동화마케팅, 진짜 수익 나올까요?","───────────────── 요즘 많은 분들이 스마트스토어, 쿠팡파트너스, 블로그 부업 등... 하루 30분 투자로 월 1,000만원 수익인증까지 한 자동화 퍼널시스템을 그대로 복제해 준다고 하네요~ 60대분들도...",http://cafe.naver.com/koarane/167736,리얼리뷰 공유소ㅣ내돈내산 찐리뷰 커...,https://cafe.naver.com/koarane,0,12,0,0,12,False
스마트스토어 수익 인증,스마트스토어,바로 매출이 오르는 스마트스토어,그곳에서 수익을 내며 살아남기란 쉽지 않다 작가는 2002년부터 스마트스토어를 시작해서 20년 경력에 연매출... 현장 인증+3일 내 리뷰 작성 ▶공연/전시/영화 리뷰 원칙 : 사진 3장 이상/작품 관련 정보(목차)와 설명 외 700자...,http://cafe.naver.com/culturebloom/1927724,"컬처블룸★체험,리뷰,라이프,건강,맛집...",https://cafe.naver.com/culturebloom,0,6,0,0,6,False
스마트스토어 수익 인증,스마트스토어,부업 수익 2천 인증 (6),"수익 2천은 순수익입니다. (세금, 광고비 등 모두 제외) 스스로도 부담을 느끼고 있는 듯하여 이번을 마지막... -------------------------------- 인증> 매출이 주로 나오는 곳은 스마트스토어, 쿠팡이기에 2곳만 인증하겠습니다....",http://cafe.naver.com/dieselmania/41374431,●디젤매니아● 대한민국 일등 패션 커...,https://cafe.naver.com/dieselmania,0,8,0,0,8,False
스마트스토어 수익 인증,스마트스토어,챗지피티로 수익내는 사람들 비결이 뭘까?,"예를 들어, 챗지피티로 전자책 만들고, 스마트스토어나 PDF로 파는 사람도 많고요. 콘텐츠 만드는 게 제일... 하루 30분 투자로 월 1,000만원 수익인증까지 한 자동화 퍼널시스템을 그대로 복제해 준다고 하네요~ 60대분들도...",http://cafe.naver.com/koarane/97187,리얼리뷰 공유소ㅣ내돈내산 찐리뷰 커...,https://cafe.naver.com/koarane,0,8,0,0,8,False
스마트스토어 수익 인증,스마트스토어,매출이 오르는시점에 어느부분에서 충원? 보충 해야할지 모르겠어요... 선배님들 도와주세요 (아동복 스마트...,"안녕하세요 저는 오픈한지 2년된 아동복 스마트스토어 운영중인 한 아이의 엄마입니다 제 취향으로 바잉한 옷들로 코디한 룩을 저희아이에게 입혀 촬영을하고 판매를 한지 2년되었는데요, 주로 인스타그램과 스레드로...",http://cafe.naver.com/soho/3945805,"★쇼핑몰창업,스마트스토어,스토어팜,...",https://cafe.naver.com/soho,0,4,0,2,2,False
스마트스토어 수익 인증,스마트스토어,"온라인판매대행비용, 싸게 맡기고 수익도 높이는 법",저도 얼마 전에 '스마트스토어 좀 해볼까?' 하다가 대행 맡길 생각했거든요. 근데... 생각보다 비용이... 하루 30분 투자로 월 1000만원까지 인증된 사례도 있고요~ 60대 분들도 챗GPT로 홍보하면서 수익내는 경우도 봤어요!...,http://cafe.naver.com/koarane/128351,리얼리뷰 공유소ㅣ내돈내산 찐리뷰 커...,https://cafe.naver.com/koarane,0,6,0,0,6,False
스마트스토어 수익 인증,스마트스토어,7월 10일 학생 스마트스토어 현황,"매출 인증도 야무지게 하겠습니다! (요즘 하루 6~7시간씩 업무를 하고 있네요.) 드디어 11번가 사업자 승인을 받았습니다. 지금까지 가입한 오픈마켓에는, 스마트스토어/쿠팡/G마켓/옥션/11번가/티몬/인터파크 가 있네요....",http://cafe.naver.com/soho/3373287,"★쇼핑몰창업,스마트스토어,스토어팜,...",https://cafe.naver.com/soho,0,4,0,0,4,False
스마트스토어 수익 인증,스마트스토어,온라인마케팅교육만 잘 배워도 수익이 달라지더라,"근데 요즘은 블로그, 인스타, 스마트스토어처럼 개인도 사업자처럼 움직이니까… 이걸 제대로 배우려는... 하루 30분 투자로 월 1,000만원 수익인증까지 한 자동화 퍼널시스템을 그대로 복제해 준다고 하네요~ 60대분들도...",http://cafe.naver.com/koarane/53154,리얼리뷰 공유소ㅣ내돈내산 찐리뷰 커...,https://cafe.naver.com/koarane,0,8,0,0,8,False
스마트스토어 수익 인증,스마트스토어,부천부업 중 수익인증 올라오는 일은 따로 있음,부천부업 중 수익인증 올라오는 일은 따로 있음 혹시 부천 쪽에서 부업 알아보시는 분 계신가요? 저 요즘... 스마트스토어나 쿠팡파트너스처럼 관리가 필요한 건 아예 아니고요. 진짜 ‘자동화’라는 말이 왜 붙었는지...,http://cafe.naver.com/koarane/17389,리얼리뷰 공유소ㅣ내돈내산 찐리뷰 커...,https://cafe.naver.com/koarane,0,8,0,0,8,False
스마트스토어 수익 인증,스마트스토어,부업 수익 2천 인증 (3),"이번달 수익은 약 2,800입니다. 월급 포함해서 3,000넘겼네요. 하루 100만 원 이상 벌어보고 싶었는데.. 드디어... ----------------------- 매출 인증합니다. 스마트스토어, 쿠팡이 주력이라 2개만 보여드리는데 다른 플랫폼에서도...",http://cafe.naver.com/dieselmania/40670315,●디젤매니아● 대한민국 일등 패션 커...,https://cafe.naver.com/dieselmania,0,8,0,0,8,False
스마트스토어 수익 인증,스마트스토어,전자책 하나로 자동 수익 만든 썰 푼다ㅋㅋ,"전자책 하나로 자동 수익 만든 썰 푼다ㅋㅋ 요즘 주변에서 전자책으로 돈 버는 사람들 얘기 한두 번쯤은... 예를 들어 “나의 스마트스토어 창업 실패기” 같은 것도 공감 많이 받고 잘 팔려요. 판매는 크몽, 탈잉...",http://cafe.naver.com/koarane/112323,리얼리뷰 공유소ㅣ내돈내산 찐리뷰 커...,https://cafe.naver.com/koarane,0,4,0,0,4,False
스마트스토어 수익 인증,스마트스토어,"네이버 스마트스토어 vs 쿠팡, 셀러에게 더 이득인 플랫폼은?",브랜드/인증/지재권 매우 엄격 ● 신규 셀러 불리함 쿠팡 ● 상대적으로 유연 ● 로켓그로스 구조 활용 가능 ● 등록 즉시 판매 가능 결론: 신규 셀러는 쿠팡이 시작하기 쉬움 6️⃣ “수익 구조” 비교 스마트스토어...,http://cafe.naver.com/xodmf5gkrsus/5312,"슬기로운 N잡생활 (재테크, 부업 정보...",https://cafe.naver.com/xodmf5gkrsus,0,4,0,0,4,False
스마트스토어 수익 인증,스마트스토어,요즘 직장인들이 선택한 현실적인 투잡 BEST 공개,"첫 번째는 배달이나 대리운전 같은 시간형 노동, 두 번째는 스마트스토어 같은 온라인 판매, 세 번째는... 이미 많은 사람들이 수익을 인증하고 있는 구조입니다. 물론 개인의 노력과 꾸준함에 따라 차이는 있지만, 제대로...",http://cafe.naver.com/cafemakecafebest/35295,세상모든꿀팁 ㅣ영업·창업·부업·투...,https://cafe.naver.com/cafemakecafebest,0,10,0,0,10,False
스마트스토어 수익 인증,스마트스토어,투잡추천 중에 요즘은 자동화 수익이 대세에요,"아님 ✔️ 스마트스토어 – 상품 관리가 귀찮고 CS가 고역 ✔️ GPT 자동화 퍼널 – 진짜 시간 효율 제일... 하루 30분 투자로 월 1,000만원 수익인증까지 한 자동화 퍼널시스템을 그대로 복제해 준다고 하네요~ 60대분들도...",http://cafe.naver.com/koarane/177217,리얼리뷰 공유소ㅣ내돈내산 찐리뷰 커...,https://cafe.naver.com/koarane,0,8,0,2,6,False
스마트스토어 수익 인증,스마트스토어,부업 수익 2천 인증 (5),"수익이 눈에 띄게 줄었습니다. 그래도 2,000을 넘겼네요 (세금, 광고비 등 모두 제외)... ------------------------------------------------------------ 매출 인증합니다. 스마트스토어/쿠팡 외 옥션, G마켓, 11번가 등 모두 하고 있습니다!",http://cafe.naver.com/dieselmania/41157180,●디젤매니아● 대한민국 일등 패션 커...,https://cafe.naver.com/dieselmania,0,8,0,0,8,False
스마트스토어 수익 인증,기타,현실적인부업 수익나는 구조 알려드림~,"1,000만원 인증 사례도 직전 달에 나왔고, 하루 30분 루틴으로 돌아가는 구조라 초보자들도 엄청 관심 갖더라구요. 특히 부업 고민, 일자리 고민, 온라인수익 고민 있는 분들은 이거 먼저 확인하는 게 훨씬 빠른 선택 같아요....",http://cafe.naver.com/koarane/208223,리얼리뷰 공유소ㅣ내돈내산 찐리뷰 커...,https://cafe.naver.com/koarane,0,4,0,0,4,False
스마트스토어 수익 인증,스마트스토어,쇼핑몰 스마트스토어 창업 판매자 개설 등록?,"이렇게 판매자등록을 했을 때, 배우자가 직장 다니는 상황에서 판매수익이 발생하면 배우자에게 불리한 부분이 생길까요? 또한, 스마트스토어창업 시 본인인증은 핸드폰으로만 가능한가요? 다른 인증 방법이 있는지...",http://cafe.naver.com/coolishz/739738,창사영2[창업사업영업아이템]소상공인...,https://cafe.naver.com/coolishz,0,6,0,0,6,False
스마트스토어 수익 인증,스마트스토어,"돈잘버는직업 TOP5, 실제 수익 공개합니다~","온라인셀러 – 스마트스토어, 쿠팡, 아마존] 요즘 진짜 셀러로 돈 버는 분들 많아요. 스마트스토어나... 하루 30분 투자로 월 1,000만 원 수익을 인증한 자동화 퍼널 시스템을 그대로 복제해준다고 하네요. 챗GPT를 활용한...",http://cafe.naver.com/koarane/38101,리얼리뷰 공유소ㅣ내돈내산 찐리뷰 커...,https://cafe.naver.com/koarane,0,6,0,0,6,False
스마트스토어 수익 인증,스마트스토어,종합소득세신고 시즌 전에 꼭 확인해야 할 내용들,"대표적으로 프리랜서, 개인사업자, 스마트스토어 운영자, 블로그·유튜브 수익 있는 분들, 부업 소득 발생한... 첫 수익 만들었다는 인증도 정말 많고, 50대~60대 분들도 쉽게 따라했다는 후기들이 계속 올라오더라구요. 특히...",http://cafe.naver.com/cafemakecafebest/40789,세상모든꿀팁 ㅣ영업·창업·부업·투...,https://cafe.naver.com/cafemakecafebest,0,10,0,0,10,False
스마트스토어 수익 인증,스마트스토어,드랍쉬핑 수익인증 보니까 솔직히 부럽더라구요…,"진짜 수익인증 보고 혹했는데, 직접 해보니 이해가 됐어요ㅋㅋ ───────────────── [ 드랍쉬핑 시작하려면 뭘 준비해야 할까?] 기본적으로 스마트스토어나 쿠팡 같은 마켓 입점은 필수! 그 다음은...",http://cafe.naver.com/koarane/64892,리얼리뷰 공유소ㅣ내돈내산 찐리뷰 커...,https://cafe.naver.com/koarane,0,4,0,0,4,False
스마트스토어 수익 인증,스마트스토어,스마트스토어사업자등록이 오히려 사업자마인드 바꿔줌,"하루 30분 투자로 월 1,000만원 수익인증까지 한 자동화 퍼널시스템을 그대로 복제해 준다고 하네요~ 60대분들도 따라할 수 있는 챗gpt를 이용한 홍보방법까지 싹 다 교육해준다고 하니, 혹시 스마트스토어 운영 고려 중이신...",http://cafe.naver.com/cafemakecafebest/16864,세상모든꿀팁 ㅣ영업·창업·부업·투...,https://cafe.naver.com/cafemakecafebest,0,6,0,0,6,False
스마트스토어 수익 인증,스마트스토어,"블로그애드포스트로 수익 내는 방법, 진짜 현실 가능할까?","등 수익원 다변화가 필수예요. 요즘은 쿠팡파트너스, 스마트스토어 연동도 기본으로 하더라구요. 저도... 하루 30분 투자로 월 1,000만원 수익인증까지 한 자동화 퍼널시스템을 그대로 복제해 준다고 하네요~ 60대분들도...",http://cafe.naver.com/koarane/308587,리얼리뷰 공유소ㅣ내돈내산 찐리뷰 커...,https://cafe.naver.com/koarane,0,10,0,0,10,False
스마트스토어 수익 인증,스마트스토어,"퇴근 후 알바로 추가 수익을 챙기는 사람들이 늘고 있다는 사실, 알고 계셨나요?","퇴근 후 알바로 추가 수익을 챙기는 사람들이 늘고 있다는 사실, 알고 계셨나요? 요즘엔 본업 하나로는... 예를 들면, 스마트스토어 운영, 블로그 글쓰기, 인스타 계정 운영 등이 대표적이죠. 그 외에도 온라인 수업 강사...",http://cafe.naver.com/koarane/297631,리얼리뷰 공유소ㅣ내돈내산 찐리뷰 커...,https://cafe.naver.com/koarane,0,6,0,0,6,False
스마트스토어 수익 인증,스마트스토어,쉬운부업 하려다 자동화수익까지 알게된 썰,"블로그, 스마트스토어 이런 걸 활용한 부업이 대세예요. 예전처럼 육체적으로 힘들거나 시간 오래 걸리는 건... 하루 30분 투자로 월 1000만원 수익인증까지 된 구조를 그대로 복제해주고, GPT 활용 방법까지 전부...",http://cafe.naver.com/koarane/162423,리얼리뷰 공유소ㅣ내돈내산 찐리뷰 커...,https://cafe.naver.com/koarane,0,10,0,0,10,False
스마트스토어 수익 인증,스마트스토어,돈되는부업 추천받아서 해봤는데 수익에 놀랐어요,"쿠팡파트너스, 스마트스토어 이런 거잖아요. 근데 이게 은근 진입장벽이 있거나... 시작만 어렵고 정작... 하루 30분 투자로 월 1,000만원 수익인증까지 한 자동화 퍼널시스템을 그대로 복제해 준다고 하네요~ 60대분들도...",http://cafe.naver.com/koarane/204542,리얼리뷰 공유소ㅣ내돈내산 찐리뷰 커...,https://cafe.naver.com/koarane,0,10,0,2,8,False
스마트스토어 수익 인증,스마트스토어,판매대행으로 시작했는데 수익이 진짜 생각보다 괜찮았어요!,"특히 요즘은 자본 없이 시작할 수 있는 사업모델을 찾는 분들이 많아서 그런지, ‘스마트스토어’... 하루 30분 투자로 월 1,000만원 수익인증까지 한 자동화 퍼널시스템을 그대로 복제해 준다고 하네요~ 60대분들도 따라할...",http://cafe.naver.com/koarane/71779,리얼리뷰 공유소ㅣ내돈내산 찐리뷰 커...,https://cafe.naver.com/koarane,0,6,0,0,6,False
스마트스토어 수익 인증,스마트스토어,디지털노마드직업 실제 수익나는 일 찾는다면 이거보세요,"스마트스토어 위탁 판매 2. 블로그 포스팅 대행 3. 챗GPT 활용한 자동화 수익 4. 인스타그램 홍보 마케팅 5.... 하루 30분 투자로 월 1,000만원 수익인증까지 한 자동화 퍼널시스템을 그대로 복제해 준다고 하네요~ 60대분들도...",http://cafe.naver.com/koarane/150391,리얼리뷰 공유소ㅣ내돈내산 찐리뷰 커...,https://cafe.naver.com/koarane,0,8,0,0,8,False
스마트스토어 수익 인증,스마트스토어,요즘 인터넷창업으로 수익내는 사람들 진짜 많다구요,"스마트스토어나 쿠팡, 카페24 같은 플랫폼들이 다 갖춰져 있어서 진짜 ""시작""이 쉬워요. 물론 제대로 하려면... 하루 30분 투자로 월 1,000만원 수익인증까지 한 자동화 퍼널시스템을 그대로 복제해 준다고 하네요...",http://cafe.naver.com/koarane/195646,리얼리뷰 공유소ㅣ내돈내산 찐리뷰 커...,https://cafe.naver.com/koarane,0,6,0,0,6,False
스마트스토어 수익 인증,스마트스토어,스마트스토어부업 이거 진짜 괜찮은 부업일까??,"스마트스토어부업 이거 진짜 괜찮은 부업일까?? 혹시 요즘 부업 고민하는 분들 많지 않으세요? 저도 알바는... 하루 30분 투자로 월 1,000만원 수익인증까지 한 자동화 퍼널시스템을 그대로 복제해 준다고 하네요~ 60대분들도...",http://cafe.naver.com/koarane/19930,리얼리뷰 공유소ㅣ내돈내산 찐리뷰 커...,https://cafe.naver.com/koarane,0,8,0,0,8,False
스마트스토어 수익 인증,스마트스토어,"자동화수익 만들기, 요즘 진짜 되는 방법이 있대요!!","블로그, 쇼핑몰, 퍼널, 스마트스토어 등등 자동화로 돌아가는 구조를 한 번 세팅하면 그 뒤로는 손댈 필요가... 하루 30분 투자로 월 1,000만원 수익인증까지 한 자동화 퍼널시스템을 그대로 복제해 준다고 하네요...",http://cafe.naver.com/koarane/74940,리얼리뷰 공유소ㅣ내돈내산 찐리뷰 커...,https://cafe.naver.com/koarane,0,10,0,0,10,False
스마트스토어 수익 인증,스마트스토어,"국비지원 교육, 취업과 부업 준비 동시에 가능한 과정들도 많습니다","특히 영상편집, 쇼츠 제작, 블로그 마케팅, 스마트스토어, 웹디자인 같은 과정들은 부업이나 프리랜서 연결... 첫 수익 만들었다는 인증도 정말 많고, 50대~60대 분들도 쉽게 따라했다는 후기들이 계속 올라오더라구요. 특히...",http://cafe.naver.com/cafemakecafebest/40853,세상모든꿀팁 ㅣ영업·창업·부업·투...,https://cafe.naver.com/cafemakecafebest,0,8,0,0,8,False
스마트스토어 수익 인증,스마트스토어,"AI글쓰기, 블로그수익까지 연결되는 루틴","콘텐츠가 완성돼요 그리고 이 글들이 블로그, 인스타, 스마트스토어 상품설명 등등으로 다양하게 활용되고... 하루 30분 투자로 월 1,000만원 수익인증까지 한 자동화 퍼널시스템을 그대로 복제해 준다고 하네요...",http://cafe.naver.com/koarane/91010,리얼리뷰 공유소ㅣ내돈내산 찐리뷰 커...,https://cafe.naver.com/koarane,0,10,0,0,10,False
유튜브 부업 성공,유튜브,유튜브부업 진짜 돈 벌 수 있나 실험해봤어요,"유튜브부업 진짜 돈 벌 수 있나 실험해봤어요 요즘 “유튜브부업”이라는 단어 엄청 많이 보이죠? 솔직히 저도 맨날 보기만 하다가, 도대체 얼마나 벌길래 이렇게 핫한가 싶어서 직접 해봤거든요. 진짜로 수익 나냐고요?...",http://cafe.naver.com/2022star/37762,"재테크마을 - N잡,부업,보험,창업,투잡...",https://cafe.naver.com/2022star,0,6,0,0,6,False
유튜브 부업 성공,유튜브,유튜브는 언제 시작 할까요?,현재 상황 무직 취업 준비중 무직 취업 예정 지금 블로그와 유튜브 부업 준비중 5. 구체적인 질문 내용 막연한 궁금중보다 방향이 있는 질문이 좋습니다. 예: 올해 하반기 이직운이 괜찮을까요? 연애운 흐름이 언제쯤...,http://cafe.naver.com/lovesaju/630081,역학사랑방,https://cafe.naver.com/lovesaju,0,6,0,4,2,False
유튜브 부업 성공,유튜브,틱톡부업사기 피해대응 절차는,"틱톡부업사기는 단순한 개인 사기가 아니라 조직적으로 설계된 다단계 편취 구조다. 접근 경로부터 금전 편취까지 정해진 단계를 따른다. 1단계는 유인이다. 틱톡, 인스타그램, 유튜브 등에서 ""하루 10분, 좋아요만 누르면...",http://cafe.naver.com/chocammall/12273842,초캠장터(캠핑퍼스트장터),https://cafe.naver.com/chocammall,0,4,0,0,4,False
유튜브 부업 성공,유튜브,현 서울에서 직장(관리직)을 다니고 있는 60대 남자로 부업을 배워서 월 천만원 수익 목표입니다.,"많은 고민과 함께 생활하던 중, 25년 말부터 유튜브를 계속 보게 되었는데 많은 유튜브 영상에서 부업으로 많은 돈을 벌 수 있다는 온네스 강사님의 영상 중 구글 에드센스로 부업하는 강의를 시청하게 되었는데 동영상을...",http://cafe.naver.com/koarane/414982,리얼리뷰 공유소ㅣ내돈내산 찐리뷰 커...,https://cafe.naver.com/koarane,0,8,0,0,8,False
유튜브 부업 성공,유튜브,보험 부업 이게..가능?,"유튜브든, 인스타든 네이버든 온라인 상에 보면 월 얼마이상 가능 자유로운 출퇴근 오후 몇시까지 근무... 어떤 분들이 부업으로 보험도 성공하시는지 궁금해서요. 보험은 계속 공부하고 달라지는 걸 체크하고 고객 관리도...",http://cafe.naver.com/gustn34264/94591,"보험설계사만만세-보험설계사, 보험영...",https://cafe.naver.com/gustn34264,0,4,3,4,3,False
유튜브 부업 성공,유튜브,요즘 할만한 부업추천 좀 해주세요,"SNS나 유튜브 보면 누구나 쉽게 할 수 있다는 부업이 너무 많은데, 정작 제가 하면 잘 안 되더라고요. 돈을... 확실히 성공 가능한 부업이 있었으면 좋겠어요. 온라인마케팅이나 집에서 할 수 있는 일도 관심 많은데 뭐부터...",http://cafe.naver.com/koarane/112208,리얼리뷰 공유소ㅣ내돈내산 찐리뷰 커...,https://cafe.naver.com/koarane,0,4,3,4,3,False
유튜브 부업 성공,유튜브,부업에 관심있습니다,"검색(유튜브 부업) ('검색'일 경우 검색 키워드, 소개, 블로그, 책, 유튜브는 구체적으로 책제목, 유튜브제목 등 자세하게 기재) 7️⃣ 간단한 자기소개 : 요즘 회사 일이 널널해져 시간이 남아 부업을...",http://cafe.naver.com/mkas1/1260040,행복재테크ㅣ부동산 투자 경매 창업 직...,https://cafe.naver.com/mkas1,0,6,0,0,6,False
유튜브 부업 성공,유튜브,부업에 관심있습니다!,"3️⃣ 성별 : 남 4️⃣ 연령대 : 20대 5️⃣ 사는 곳 : 강원도 6️⃣ 가입경로 : 네이버 검색 ('검색'일 경우 검색 키워드, 소개, 블로그, 책, 유튜브는 구체적으로 책제목, 유튜브제목 등 자세하게 기재) 7️⃣ 간단한...",http://cafe.naver.com/mkas1/1832789,행복재테크ㅣ부동산 투자 경매 창업 직...,https://cafe.naver.com/mkas1,0,6,0,0,6,False
유튜브 부업 성공,유튜브,"또 왔습니다, 유튜브 하기 빡시네요 2월 네이버 카페 수익 2200원 ㅋㅋ",유튜브로 블로그로 부업 찾는 분들의 절대다수는 조급하고 절박하신 분들이 태반.. 저도 압니다. 아무튼 간에 커뮤니티 네이버 주제 잘 고르세요. 진짜로 주제 잘 고르세요. 안 그러면 몇 년 동안 게시물 수천 개...,http://cafe.naver.com/curatordanbi/17504,큐레이터 단비 - 퍼스널 브랜딩 커뮤니...,https://cafe.naver.com/curatordanbi,0,8,0,0,8,False
유튜브 부업 성공,유튜브,"영업부터 부업까지, 경제 활동의 새로운 기회 발견","SNS, 유튜브, 인스타그램 같은 플랫폼을 활용한 온라인 영업 방식도 빠르게 확산 중입니다. 이 과정에서 자동화 도구와 마케팅 퍼널의 활용도 늘어나고 있죠.  부업으로서 영업의 매력 영업은 자신의 네트워크와 소통...",http://cafe.naver.com/koarane/378443,리얼리뷰 공유소ㅣ내돈내산 찐리뷰 커...,https://cafe.naver.com/koarane,0,4,0,0,4,False
유튜브 부업 성공,유튜브,(되는운명) 유튜브를 본업으로 월천 벌고 싶은 초보유튜버 입니다.,"있는 부업 주제 : 실버롱폼 / 정치&경제 5️⃣ 이런 부분 배우고 싶어요 : 대본을 잘 쓰는방법, 영상을 잘 만드는 밥법 6️⃣ 자기 소개글 3줄 : 유튜브를 본업으로 해서 월1000 이상 벌고 싶은 초보 유튜버 입니다. 비록...",http://cafe.naver.com/dinohighclass/251631,디지털노마드 하이클래스 - 디하클 (유...,https://cafe.naver.com/dinohighclass,0,4,0,0,4,False
유튜브 부업 성공,유튜브,유튜브 부업,수많은 유튜브 광고들처럼 하루에 30분 정도 투자하면서 빠르게 돈 벌 수 있을거라고 생각하지도 않을뿐더러 그럴 생각도 없긴한데 충분한 노력을 쏟고 싶어도 뭐부터 해야할지 무슨 주제가 저랑 적성에 맞는지...,http://cafe.naver.com/shaun1/8613,AI 부업왕 | 구글 애드센스로 돈벌기,https://cafe.naver.com/shaun1,0,6,0,0,6,False
유튜브 부업 성공,유튜브,집에서할수있는부업 수익을 만들기 위해 준비해야 하는 일들,집에서할수있는부업 많이 찾아보게 되는데요. 워낙 인기가 많아서 다들 한 번쯤은 관심을 가지만 막상... 온라인 강의와 유튜브 영상을 적극적으로 활용했어요. 단순히 글만 쓰고 사진만 올리면 된다고 생각했지만...,http://cafe.naver.com/eovhskfktmak/1217,4050 우리들의 두번째 시작[은퇴 국민...,https://cafe.naver.com/eovhskfktmak,0,8,0,0,8,False
유튜브 부업 성공,유튜브,"""새로운 도전, 나만의 부업 찾기""","그래서 저도 집에서 할 수 있는 부업을 찾아보게 되었어요. 요즘은 다양한 플랫폼이 있어서 쉽게 시작할 수 있는 것들이 많더라고요. SNS를 통해 프리랜서로 글쓰기나 디자인을 하는 사람들도 많고, 아예 유튜브를 시작한...",http://cafe.naver.com/coolishz/774510,창사영2[창업사업영업아이템]소상공인...,https://cafe.naver.com/coolishz,0,4,0,0,4,False
유튜브 부업 성공,유튜브,챗지피티사용법 부업으로 연결하는법,"챗지피티사용법 부업으로 연결하는법 요즘 챗지피티사용법 궁금해하는 분들 진짜 많죠? 과제할 때만 쓰는... ───────────────── [*SNS 콘텐츠 제작에도 활용] 인스타 릴스 대본, 유튜브 쇼츠 스크립트도...",http://cafe.naver.com/koarane/386267,리얼리뷰 공유소ㅣ내돈내산 찐리뷰 커...,https://cafe.naver.com/koarane,0,6,0,2,4,False
유튜브 부업 성공,유튜브,시니어롱폼숏폼부업에 60대 엄마도 도전 중이라니까요ㅎㅎ,"───────────────── [# 요즘 가장 핫한 자동화 부업 = 퍼널마케팅] 혹시 퍼널마케팅 들어보셨나요? 제가 최근에 이거 접하고 진짜 뒤통수 맞은 기분이었어요ㅋㅋ AI, 숏폼, 블로그, 유튜브 다...",http://cafe.naver.com/koarane/194013,리얼리뷰 공유소ㅣ내돈내산 찐리뷰 커...,https://cafe.naver.com/koarane,0,6,0,0,6,False
유튜브 부업 성공,유튜브,"틱톡 수공예부업 영상이 , 팀미션 사기 당하신분? 함께 고민해봐요","틱톡 수공예부업 따라 했다가 팀미션 사기까지… 2주 만에 50만 원 증발한 실전 후기 “10분 만에 팔찌 만들어 하루 5만 원?” "" 유튜브 영상 시청하면 3천원?' 틱톡 쇼츠만 보고 혹하신 분, 저처럼 계시죠…? 하지만...",http://cafe.naver.com/limiting/706,"핫딜쿠폰~갤럭시북,로봇청소기,냉장고...",https://cafe.naver.com/limiting,0,4,0,0,4,False
유튜브 부업 성공,유튜브,서울직장인부업 월100 가능할까? 진짜 되는 부업만 추려봄,"있는 부업은 “자동화 퍼널 마케팅”입니다. 처음 구조만 잘 짜두면, 콘텐츠가 자동으로 유입되고 수익이 따라오는 방식이라 출퇴근 사이 시간만 활용해도 가능한 구조입니다. 블로그, 인스타, 유튜브 어떤 채널에도...",http://cafe.naver.com/koarane/319992,리얼리뷰 공유소ㅣ내돈내산 찐리뷰 커...,https://cafe.naver.com/koarane,0,10,0,0,10,False
유튜브 부업 성공,유튜브,(우물쭈물)유튜브 월천벌고 싶은 백수 입니다.,(등산객) 유튜브 월천벌고 싶은 대학생입니다 안녕하세요 시크릿방 자기소개글 양식입니다! 아래 양식에... (본업/부업) : 백수 / 판매대행 3️⃣ 현재 수익 / 목표수익 : 0원 / 1000만원 4️⃣ 관심 있는 부업 주제 : 쇼츠...,http://cafe.naver.com/dinohighclass/241652,디지털노마드 하이클래스 - 디하클 (유...,https://cafe.naver.com/dinohighclass,0,6,0,0,6,False
유튜브 부업 성공,유튜브,[코코라니]유튜브 월오백 벌고 싶은 주부입니다,있는 부업 주제 : 현재 바이브타로 듣고있어서 앞으로 유튜브 쪽으로 듣고싶습니다 5️⃣ 이런 부분 배우고 싶어요 : 자동화시스템 6️⃣ 자기 소개글 3줄 : 현재 사회복지사로 부지런히 9시부터 6시까지 일을...,http://cafe.naver.com/dinohighclass/254712,디지털노마드 하이클래스 - 디하클 (유...,https://cafe.naver.com/dinohighclass,0,4,0,0,4,False
유튜브 부업 성공,유튜브,(춘식이에오) 안전하게 돈 벌고 싶은 춘식이입니다,있는 부업 주제 : 유튜브...! 5️⃣ 이런 부분 배우고 싶어요 : 유튜브에 대한 모든 것! 6️⃣ 자기 소개글 3줄 : 제발 채널 날리지 말아주세요 날렸어도 찍힌거까진 좀 주세요 3개면 됐잖아... 유튜브야 그만...,http://cafe.naver.com/dinohighclass/251521,디지털노마드 하이클래스 - 디하클 (유...,https://cafe.naver.com/dinohighclass,0,4,0,0,4,False
쿠팡파트너스 후기,기타,(수익인증)쿠팡파트너스 후기 아직도 안 하면 손해일까?,(수익인증)쿠팡파트너스 후기 아직도 안 하면 손해일까? 요즘 쿠팡파트너스 후기 검색 진짜 많이 보이더라구요. 저도 솔직히 한동안은 그냥 흘려봤어요 ㅎㅎ 근데 주변에서 “이거로 용돈은 된다”는 얘기를 계속...,http://cafe.naver.com/koarane/300709,리얼리뷰 공유소ㅣ내돈내산 찐리뷰 커...,https://cafe.naver.com/koarane,0,4,0,0,4,False
쿠팡파트너스 후기,기타,"쿠팡파트너스 후기, 다들 이렇게 벌더라구","쿠팡파트너스 후기, 다들 이렇게 벌더라구 요즘 진짜 주변에서 쿠팡파트너스 시작한 친구들 많아졌어요! 처음엔 저도 '저게 진짜 수익이 날까?' 싶었는데요, 막상 해보니까... 이거 완전 개꿀템 아닌가요?!ㅎㅎ 그래서...",http://cafe.naver.com/koarane/326301,리얼리뷰 공유소ㅣ내돈내산 찐리뷰 커...,https://cafe.naver.com/koarane,0,4,0,0,4,False
쿠팡파트너스 후기,블로그,쿠팡파트너스 수익 얼마나 가능할까? 실제 후기 보니 놀라웠어요,──────────────── ◆쿠팡파트너스 수익 후기 이야기◆ 요즘 블로그나 카페를 보면 쿠팡파트너스 수익 후기를 꽤 많이 볼 수 있습니다. 처음에는 몇천원 정도로 시작했다가 점점 늘어났다는 후기들도...,http://cafe.naver.com/koarane/435123,리얼리뷰 공유소ㅣ내돈내산 찐리뷰 커...,https://cafe.naver.com/koarane,0,6,0,0,6,False
쿠팡파트너스 후기,기타,집에서 돈벌기 가능한 쿠팡파트너스 후기 공유함,""" 했는데, 진짜 평범한 대학생도 하고 있다는 댓글 보고 혹해서 시작하게 됐어요ㅎㅎ 그래서 제가 직접 해본 후기랑 집에서 돈벌기 가능한 방법까지 싹 정리해봅니다 ───────────────── [# 쿠팡파트너스...",http://cafe.naver.com/koarane/347222,리얼리뷰 공유소ㅣ내돈내산 찐리뷰 커...,https://cafe.naver.com/koarane,0,2,0,0,2,False
쿠팡파트너스 후기,기타,쿠팡파트너스후기 속 진짜 돈 버는 사람들의 공통점,"쿠팡파트너스후기 속 진짜 돈 버는 사람들의 공통점은? 혹시 요즘 쿠팡파트너스 후기 많이 찾아보셨나요? 저도 처음엔 반신반의했는데요, 생각보다 “진짜 돈 버는 사람들”이 많더라구요. 그래서 오늘은 쿠팡파트너스로...",http://cafe.naver.com/koarane/87479,리얼리뷰 공유소ㅣ내돈내산 찐리뷰 커...,https://cafe.naver.com/koarane,0,2,0,0,2,False
쿠팡파트너스 후기,기타,"쿠팡파트너스 수익후기 모음, 요즘 N잡러가 몰리는 이유","혹시 이웃님들 중에 쿠팡파트너스 수익후기 찾아보신 분들 계실까요? 요즘 N잡, 부업 이야기가 정말 많잖아요. 특히 물가도 오르고 고정지출은 줄지 않다 보니 다들 온라인 부업에 관심이 높아진 것 같더라구요 ㅎㅎ...",http://cafe.naver.com/koarane/399529,리얼리뷰 공유소ㅣ내돈내산 찐리뷰 커...,https://cafe.naver.com/koarane,0,8,0,0,8,False
쿠팡파트너스 후기,콘텐츠,"쿠팡파트너스 수익, 초보도 진짜 벌 수 있는 이유","그래서 오늘은 쿠팡파트너스 수익 구조부터 현실적인 후기, 수익내는 방법까지 싹~ 정리해드릴게요ㅎㅎ ◆쿠팡파트너스 수익 왜 다시 뜨고 있을까?◆ 최근에는 AI 활용이 쉬워지면서 예전보다 훨씬 빠르게 콘텐츠를 만들...",http://cafe.naver.com/uouv96/9051,오늘도 달린다 ㅣ영업·창업·부업 ㅣ...,https://cafe.naver.com/uouv96,0,6,0,0,6,False
쿠팡파트너스 후기,기타,쿠팡파트너스 부업 후기｜초보도 가능한 부수입 만들기 (소소하지만 실제 수익 공개),쿠팡파트너스 부업 후기｜초보도 가능한 부수입 만들기 (소소하지만 실제 수익 공개) “부업으로 정말 돈이 될까?” 저도 처음에는 반신반의했습니다. 요즘 물가도 오르고 월급 외에 작은 부수입이라도 있으면 좋겠다는...,http://cafe.naver.com/koarane/450174,리얼리뷰 공유소ㅣ내돈내산 찐리뷰 커...,https://cafe.naver.com/koarane,0,8,0,0,8,False
쿠팡파트너스 후기,블로그,쿠팡파트너스 블로그 승인 조건이랑 수익화 흐름 정리,"수익화가 되는 글 구조를 봤어요 쿠팡파트너스 수익화는 예쁜 글보다 사려는 사람의 고민을 바로 풀어주는 글에서 잘 나온다 해요. 제품 후기만 길게 쓰는 것보다 비교 기준, 추천 대상, 사용 상황을 먼저 정리하는 방식이...",http://cafe.naver.com/whduddn0317/1404727,[만렙사장] 자영업자 NO.1 커뮤니티 -...,https://cafe.naver.com/whduddn0317,0,6,0,2,4,False
쿠팡파트너스 후기,기타,쿠팡파트너스 글 하나로 수익 나는 방법 총정리,"그래서 오늘은 쿠팡파트너스로 “글 하나로도 수익 나는 구조”를 어떻게 만드는지 현실적으로 싹~ 정리해드릴게요ㅎㅎ ◆수익 나는 글 구조, 이것만 기억하세요◆ 쿠팡파트너스는 단순 후기 글이 아니라 “구매를...",http://cafe.naver.com/koarane/551762,리얼리뷰 공유소ㅣ내돈내산 찐리뷰 커...,https://cafe.naver.com/koarane,0,4,0,0,4,False
쿠팡파트너스 후기,기타,"내돈내산 쿠팡 파트너스 후기, 저만의 신뢰 쌓는 팁 공유해요!","꾸준히 제가 써본 것 위주로 올리다 보면, 어느새 사람들이 제 후기를 믿고 찾아오게 되는 것 같아요. 여러분들은 쿠팡 파트너스 하면서 어떤 노하우를 가지고 계신가요? 혹시 저처럼 솔직 후기로 신뢰 얻는 팁이 있다면...",http://cafe.naver.com/cunasho/251,8분쇼핑,https://cafe.naver.com/cunasho,0,0,6,0,6,False
쿠팡파트너스 후기,기타,"쿠팡파트너스 부업, 초보자도 수익 가능할까?",후기들 보면 “처음인데도 금방 적응했다”는 반응이 꽤 많더라구요ㅎㅎ ◆하루 30분 투자로 가능하다는 이유◆ 많은 분들이 쿠팡파트너스를 찾는 이유 중 하나가 바로 시간 부담이 적다는 점이라고 해요. 퇴근 후 짧게...,http://cafe.naver.com/uouv96/5063,오늘도 달린다 ㅣ영업·창업·부업 ㅣ...,https://cafe.naver.com/uouv96,0,8,0,0,8,False
쿠팡파트너스 후기,기타,쿠팡 파트너스 수익 현실 후기! 진짜 돈 될까? 직접 알아본 결과,"그리고 단순 광고가 아니라 실제 사용 후기처럼 자연스럽게 작성하더라구요. 특히 리뷰형, 비교형, 추천형 글이 반응이 좋은 편이에요. 결국 “전략 + 지속성”이 쿠팡 파트너스 수익의 핵심이라는 걸 느꼈습니다. ◆쿠팡...",http://cafe.naver.com/koarane/403403,리얼리뷰 공유소ㅣ내돈내산 찐리뷰 커...,https://cafe.naver.com/koarane,0,2,3,2,3,False
쿠팡파트너스 후기,기타,쿠팡파트너스 하루 30분으로 수익 낸 후기 공개!,"쿠팡파트너스 하루 30분으로 수익 낸 후기 공개! 요즘 뉴스보다 더 자주 듣는 말이 '부업 좀 해봐야겠어' 이 말인 것 같아요. 저도 육아, 일 병행하면서 계속 머릿속에 맴도는 말이었거든요. 그러다 알게 된 게...",http://cafe.naver.com/koarane/377343,리얼리뷰 공유소ㅣ내돈내산 찐리뷰 커...,https://cafe.naver.com/koarane,0,6,0,0,6,False
쿠팡파트너스 후기,기타,쿠팡파트너스수익 제대로 배우면 생각보다 쉽습니다! 요즘 AI활용 방식까지 공개,예전보다 훨씬 효율적으로 운영 가능하다는 후기가 정말 많았어요ㅎㅎ ◆쿠팡파트너스수익 잘 나오는 사람들 특징◆ 생각보다 수익 잘 만드는 분들은 단순 광고 느낌으로 접근하지 않더라구요! 실사용 후기나 비교 정보...,http://cafe.naver.com/cafemakecafebest/30910,세상모든꿀팁 ㅣ영업·창업·부업·투...,https://cafe.naver.com/cafemakecafebest,0,4,0,0,4,False
쿠팡파트너스 후기,기타,"쿠팡파트너스 수익, 올려두면 언젠가 돈이 된다? 찐 리얼 후기입니다. 될까? 의심이 되시는 분들께...",놀라움과 기쁨을 나누고자 찐 후기 올립니다. 지난 달까지에 쿠팡파트너스에 글을 올리고 한동안 바쁘기도 하고 쿠팡파트너스 수익율이 네이버 브랜드 커넥트보다 수익율이 낮기에 짜투리 시간을 네이버 브랜드에...,http://cafe.naver.com/koarane/465436,리얼리뷰 공유소ㅣ내돈내산 찐리뷰 커...,https://cafe.naver.com/koarane,0,4,0,0,4,False
쿠팡파트너스 후기,기타,쿠팡파트너스 현실 수익 공개! 진짜 돈 되는지 알려드립니다,"요즘 부업으로 진짜 많이들 시작하시는데, 제일 많이 듣는 질문이 이거죠 “이거 진짜 돈 돼요?” 그래서 오늘은 제가 직접 해본 쿠팡파트너스 현실 수익 + 솔직 후기 있는 그대로 공유해드릴게요! ◆쿠팡파트너스 수익...",http://cafe.naver.com/koarane/509517,리얼리뷰 공유소ㅣ내돈내산 찐리뷰 커...,https://cafe.naver.com/koarane,0,6,0,2,4,False
쿠팡파트너스 후기,기타,쿠팡 파트너스 수익 후기의 진실? 돈 되는 진짜 전략은 따로 있습니다,"───────────────── 이상으로 ""쿠팡 파트너스""에 대한 후기와 전략들을 함께 살펴봤는데요. 요즘은 단순 노동보다는 이런 식의 ‘자동화 수익 구조’에 많은 분들이 눈을 돌리고 있는 것 같아요. 특히...",http://cafe.naver.com/koarane/259676,리얼리뷰 공유소ㅣ내돈내산 찐리뷰 커...,https://cafe.naver.com/koarane,0,2,0,0,2,False
쿠팡파트너스 후기,기타,쿠팡파트너스로 월 100벌었다는 사람의 비밀,"요즘 인터넷만 켜면 쿠팡파트너스 후기, 수익인증, 하는법 이런 이야기 엄청 많이 보이지 않나요? 저도 처음엔 ""저게 되긴 되나...?"" 싶었거든요. 근데 막상 주변 지인이 월 100 넘겼다는 얘기 듣고 나니까, 이건 진짜 한 번은...",http://cafe.naver.com/koarane/76403,리얼리뷰 공유소ㅣ내돈내산 찐리뷰 커...,https://cafe.naver.com/koarane,0,4,0,0,4,False
쿠팡파트너스 후기,기타,"쿠팡파트너스 vs 알바, 솔직 후기 비교해보니...",요즘 쿠팡파트너스 수익 후기를 찾아보시는 분들이 정말 많더라구요. 저도 알바 대신 뭔가 다른 방법이 없을까 하다가 이것저것 알아보게 됐어요. ━━━━━━━━━━━━━━━━ 【쿠팡파트너스 수익 후기 기본...,http://cafe.naver.com/koarane/57801,리얼리뷰 공유소ㅣ내돈내산 찐리뷰 커...,https://cafe.naver.com/koarane,0,4,0,0,4,False
쿠팡파트너스 후기,기타,"부업사이트 후기 모아봤어요, 쿠팡파트너스랑 뭐가 다를까?","가입하고 후기들 정리해봤어요! 쿠팡파트너스도 해봤고, cpa 마케팅도 알아봤는데... 이게 은근 다 다르더라구요!! ───────────────── [#] 부업사이트, 다 같은 거 아닌 거 아시죠? 진짜 많아요....",http://cafe.naver.com/koarane/367311,리얼리뷰 공유소ㅣ내돈내산 찐리뷰 커...,https://cafe.naver.com/koarane,0,4,0,0,4,False
쿠팡파트너스 후기,기타,쿠팡파트너스하는법 초보자도 수익낸 리얼 후기,"근데 생각보다 너무 쉽고, 또 수익까지 바로 나오니까 깜짝 놀랐어요 오늘은 저처럼 진짜 완전 초보도 수익냈던 쿠팡파트너스하는법 리얼후기랑 시작하는 방법, 수익나는 꿀팁까지 싹~ 정리해드릴게요!...",http://cafe.naver.com/koarane/108117,리얼리뷰 공유소ㅣ내돈내산 찐리뷰 커...,https://cafe.naver.com/koarane,0,4,0,0,4,False
쿠팡파트너스 후기,기타,쿠팡파트너스 수익구조 완전 정리: 수익이 생기는 순간부터 정산까지,"후기들을 보면 “복사/붙여넣기만 반복했는데도 첫 수익이 났다” 같은 반응도 종종 보이던데, 저도 이런 건 한 번 제대로 배워두면 평생 써먹는다고 생각해요 ㅎㅎ ■쿠팡파트너스 수익구조를 이해했다면, 이제 ‘수익...",http://cafe.naver.com/uouv96/3204,오늘도 달린다 ㅣ영업·창업·부업 ㅣ...,https://cafe.naver.com/uouv96,0,4,0,0,4,False
쿠팡파트너스 후기,기타,쿠팡파트너스 첫 수익 만드는 3단계 로드맵,"쿠팡파트너스 추천 글은 후기처럼 보이되, 비교 기준이 명확해야 신뢰가 쌓입니다. 기준은 ‘사이즈, 사용 환경, 보관/정리’처럼 독자가 바로 판단할 수 있는 요소로 잡는 편이 좋습니다. 주제는 ‘문제-해결’ 구조로...",http://cafe.naver.com/whduddn0317/1398159,[만렙사장] 자영업자 NO.1 커뮤니티 -...,https://cafe.naver.com/whduddn0317,0,4,0,2,2,False
쿠팡파트너스 후기,블로그,"쿠팡파트너스 수익후기, 0원에서 20만원까지 올라가는 과정","쿠팡파트너스 수익후기, 0원에서 20만원까지 올라가는 과정✔️ 블로그 시작한 건 그냥 ‘시간 때우기’였어요. 집에 있는 시간이 많아지니까 뭐라도 해야겠다 싶어서 가볍게 키보드 잡았는데, 우연히 알게 된 게...",http://cafe.naver.com/koarane/236825,리얼리뷰 공유소ㅣ내돈내산 찐리뷰 커...,https://cafe.naver.com/koarane,0,6,0,0,6,False
쿠팡파트너스 후기,기타,쿠팡파트너스 자동화 시스템 써본 리얼후기!,"오늘은 제가 직접 경험한 리얼 후기랑, 쿠팡파트너스를 시작하려는 분들께 도움이 될만한 정보들을 정리해볼게요 ───────────────── [# 쿠팡파트너스, 대체 뭔데 이렇게 인기야?] 쿠팡파트너스는 쿠팡...",http://cafe.naver.com/koarane/107340,리얼리뷰 공유소ㅣ내돈내산 찐리뷰 커...,https://cafe.naver.com/koarane,0,2,0,0,2,False
쿠팡파트너스 후기,기타,"메리츠파트너스 부업 찐후기 궁금하신 분들, 경험 공유해요~","직장인 부수입 만들어보려고 이것저것 알아보다가 메리츠파트너스 부업도 알아봤는데요. 주변에 해보셨거나 현재 하고 계신 분들 솔직한 후기가 궁금해요. 수익이 실제로 어느 정도 나오는지, 처음 시작할 때 어떤 준비가...",http://cafe.naver.com/dgmom365/7296917,"대구맘 365 - 결혼, 임신, 출산, 육아...",https://cafe.naver.com/dgmom365,0,6,0,2,4,False
쿠팡파트너스 후기,기타,쿠팡파트너스 실제 수익 후기와 진짜 현실!!(약 2개월 운영한 찐후기),"쿠팡 파트너스 실제 수익 후기와 진짜 현실 요즘 부업 이야기 나오면 빠지지 않는 게 쿠팡 파트너스더라구요. 솔직히 말해서 저도 처음엔 반신반의했어요. 진짜 돈이 되긴 하는 건지, 괜히 시간만 쓰는 건 아닌지 고민...",http://cafe.naver.com/koarane/244109,리얼리뷰 공유소ㅣ내돈내산 찐리뷰 커...,https://cafe.naver.com/koarane,0,6,0,0,6,False
쿠팡파트너스 후기,기타,쿠팡파트너스로 월수익 200 넘긴 후기 공유해요,쿠팡파트너스로 월수익 200 넘긴 후기 공유해요 요즘 퇴근하고 나면 집에 와서 제일 먼저 확인하는 게 ‘쿠팡파트너스 수익’이에요 ㅎㅎ 솔직히? 저도 반신반의했거든요. 이게 진짜 돈이 될까..? 했었는데 지금은 월 200...,http://cafe.naver.com/koarane/117280,리얼리뷰 공유소ㅣ내돈내산 찐리뷰 커...,https://cafe.naver.com/koarane,0,4,0,0,4,False
쿠팡파트너스 후기,기타,재택부업 찾는다면? 쿠팡파트너스 하는법 꼭 알아두세요!,확실히 사람들도 광고 티 나는 글보다는 자연스러운 후기 스타일을 더 신뢰하는 분위기였어요ㅎㅎ ◆쿠팡파트너스 수익 구조는 어느정도일까?◆ 많은 분들이 “진짜 수익 나요?” 궁금해하시는데요! 상품 카테고리에...,http://cafe.naver.com/uouv96/5456,오늘도 달린다 ㅣ영업·창업·부업 ㅣ...,https://cafe.naver.com/uouv96,0,8,0,2,6,False
쿠팡파트너스 후기,기타,"직장인·주부도 가능한 쿠팡파트너스 부업방법, 가장 쉬운 시작 가이드","특징 쿠팡파트너스로 수익이 나는 글들을 보면 몇 가지 공통점이 있습니다. 첫 번째는 사람들이 실제로 많이 검색하는 제품을 다룬다는 점입니다. 두 번째는 제품 장단점, 가격 비교, 사용 후기 같은 정보를 자세히 정리해...",http://cafe.naver.com/koarane/429958,리얼리뷰 공유소ㅣ내돈내산 찐리뷰 커...,https://cafe.naver.com/koarane,0,6,0,0,6,False
쿠팡파트너스 후기,기타,친구랑 약속 있던 날에도 수익 발생한 쿠팡파트너스! 실제 수익 후기와 전망,쿠팡파트너스 실제 수익 후기와 전망 요즘 왜 이렇게 쿠팡파트너스 수익 이야기가 많이 보일까 싶어서 글을 쓰게 됐어요ㅎㅎ 금요일 저녁에 친구랑 약속이 있어서 카페 가고 수다 떨고 놀았거든요. 그날은 따로 부업 신경도...,http://cafe.naver.com/koarane/270010,리얼리뷰 공유소ㅣ내돈내산 찐리뷰 커...,https://cafe.naver.com/koarane,0,6,0,0,6,False
쿠팡파트너스 후기,기타,쿠팡파트너스 초보자도 가능한 수익 비결은?,"같은 후기들 넘쳐나고요ㅋㅋ 물론 이건 케바케지만, 나도 되는 사람 중 하나일 수 있다 생각하니까 도전 의욕이 생기더라구요! ───────────────── [ 쿠팡파트너스 자주 묻는 질문 모음] Q. 학생이나...",http://cafe.naver.com/koarane/382298,리얼리뷰 공유소ㅣ내돈내산 찐리뷰 커...,https://cafe.naver.com/koarane,0,4,0,2,2,False
쿠팡파트너스 후기,기타,쿠팡파트너스 방법 총정리! 초보도 하루 만에 시작하는 현실 가이드,"직접 사용 후기, 비교 분석, 장단점 정리 같은 글이 실제로 구매로 이어지더라구요. ● 승인 취소 안 당하는 운영 꿀팁 쿠팡파트너스는 운영 정책을 반드시 지켜야 합니다. 특히 허위 과장, 가격 오기재, 리워드 유도...",http://cafe.naver.com/koarane/401121,리얼리뷰 공유소ㅣ내돈내산 찐리뷰 커...,https://cafe.naver.com/koarane,0,2,0,0,2,False
쿠팡파트너스 후기,기타,진짜 수익 나나요? 쿠팡파트너스 솔직 후기 남깁니다,"───────────────── 이상으로 ""쿠팡파트너스후기""에 대한 저의 솔직한 경험을 공유해봤는데요. 한 번만 수익이 나기 시작하면, 진짜 동기부여가 확 되더라구요. 특히 주부, 직장인, 학생처럼 짬짬이...",http://cafe.naver.com/koarane/296612,리얼리뷰 공유소ㅣ내돈내산 찐리뷰 커...,https://cafe.naver.com/koarane,0,4,0,0,4,False
쿠팡파트너스 후기,기타,"쿠팡파트너스 수익, 진짜 해본 후기 알려드려요!!","쿠팡파트너스 수익, 진짜 해본 후기예요!! 혹시 요즘 쿠팡파트너스 해보신 분 계신가요? 저도 솔직히 반신반의하면서 시작했는데, 한 달 지나고 나니까 생각보다 괜찮아서 놀랐어요ㅎㅎ 오늘은 제가 직접 쿠팡파트너스를...",http://cafe.naver.com/koarane/45261,리얼리뷰 공유소ㅣ내돈내산 찐리뷰 커...,https://cafe.naver.com/koarane,0,4,0,0,4,False
쿠팡파트너스 후기,기타,쿠팡파트너스 후기 지금 시작해도 괜찮을까요? 현실적인 장단점 정리,요즘 부업에 관심이 생겨서 이것저것 알아보다가 쿠팡파트너스 후기 글들을 많이 보게 되었습니다. 주변에서도 소소하게 커피값 정도는 번다고 해서 저도 최근에 조금씩 시도해보고 있는데요. 막상 해보니까 생각했던...,http://cafe.naver.com/koarane/556954,리얼리뷰 공유소ㅣ내돈내산 찐리뷰 커...,https://cafe.naver.com/koarane,0,4,0,0,4,False
쿠팡파트너스 후기,기타,요즘 쿠팡파트너스 많이 한다는데 후기들이 너무 달라서요,"쿠팡파트너스를 실제로 해보신 분들은 처음에 어떻게 시작하셨는지 궁금합니다. 후기 차이가 이렇게 큰 이유가 뭔지, 초보자도 꾸준히 하면 가능한 건지 솔직한 이야기를 듣고 싶어요.",http://cafe.naver.com/koarane/381613,리얼리뷰 공유소ㅣ내돈내산 찐리뷰 커...,https://cafe.naver.com/koarane,0,2,3,2,3,False
쿠팡파트너스 후기,블로그,"쿠팡파트너스수익, 생각보다 많은 사람들이 도전하고 있는 온라인 부업입니다.","───────────────── [*요즘 쿠팡파트너스 운영 흐름] 블로그, 카페, SNS 등 다양한 채널을 활용합니다. 상품 리뷰 콘텐츠도 많이 활용됩니다. 실사용 후기나 비교 콘텐츠가 효과적입니다. 단순 홍보보다...",http://cafe.naver.com/koarane/437111,리얼리뷰 공유소ㅣ내돈내산 찐리뷰 커...,https://cafe.naver.com/koarane,0,10,0,0,10,False
쿠팡파트너스 후기,기타,"쿠팡파트너스 하다가 갈아타신 분들, 뭐가 더 괜찮았나요?",쿠팡파트너스 6개월 정도 해봤는데 수익이 생각보다 너무 적어서 다른 거 찾아보다가 캐치셀 알게... 솔직한 비교 후기 궁금합니다  현금 2억 있다면 여기를 보세요. 제2의 강동구라...,http://cafe.naver.com/wecando7/11688474,월급쟁이부자들 (직장인 재테크 부동산...,https://cafe.naver.com/wecando7,0,4,0,2,2,False
쿠팡파트너스 후기,콘텐츠,쿠팡파트너스 시작전 꼭알아야할 핵심포인트,───────────────── [요즘 쿠팡파트너스 트렌드 느낌] 예전처럼 무작정 상품 나열하는 방식은 점점 힘들어지는 분위기예요. 요즘은 정보형 글이나 후기형 콘텐츠가 훨씬 반응이 좋다고 하더라구요....,http://cafe.naver.com/koarane/357348,리얼리뷰 공유소ㅣ내돈내산 찐리뷰 커...,https://cafe.naver.com/koarane,0,4,0,0,4,False
쿠팡파트너스 후기,기타,쿠팡파트너스 수익 진짜 날까? 직접 해본 후기와 꿀팁 정리,"요즘 부업으로 많이들 시작하시는데, 진짜 돈이 되는지 헷갈리더라구요 ㅎㅎ 그래서 제가 오늘은 쿠팡파트너스 구조부터 실제 수익 후기, 꿀팁까지 싹~ 정리해드릴게요! 쿠팡파트너스 수익 구조 핵심 쿠팡파트너스는 내가...",http://cafe.naver.com/cafemakecafebest/22583,세상모든꿀팁 ㅣ영업·창업·부업·투...,https://cafe.naver.com/cafemakecafebest,0,6,0,0,6,False
쿠팡파트너스 후기,기타,"부업하실분 모여라, 후기 좋은 쿠팡파트너스 알려드림!","부업하실분 모여라, 후기 좋은 쿠팡파트너스 알려드림! 요즘 제 주변에서 진짜 자주 듣는 말이 있어요. ""부업하실분 없나요?"" ㅋㅋ 다들 육아하면서도, 직장 다니면서도 뭔가 하나쯤 더 하고 싶다는 사람들이 많더라구요....",http://cafe.naver.com/koarane/58932,리얼리뷰 공유소ㅣ내돈내산 찐리뷰 커...,https://cafe.naver.com/koarane,0,4,0,0,4,False
쿠팡파트너스 후기,기타,챗GPT사용법 제대로 알면 쿠팡파트너스도 가능하쥬?,"물론 그대로 복붙하면 안되지만, 틀을 잡아주니까 진짜 편해요~ 게다가 제품 설명, 후기, 글의 흐름까지 알아서 잘 잡아주니까 시간 단축도 짱이에요✨ 요즘 제 주변도 쿠팡파트너스로 용돈버는 사람 진짜 많거든요!...",http://cafe.naver.com/koarane/373252,리얼리뷰 공유소ㅣ내돈내산 찐리뷰 커...,https://cafe.naver.com/koarane,0,2,0,0,2,False
쿠팡파트너스 후기,배달,쿠팡 알바 후기 찐으로 들어보고 싶어요,쿠팡 알바 후기 찾아보면 블로그마다 내용이 다 달라서 어떤 게 진짜인지 모르겠어요. 물류센터 알바랑 쿠팡이츠 배달 알바 중에 어떤 게 더 현실적으로 수익이 되는지도 궁금하고요. 실제로 해보신 분들이 느끼는 힘든...,http://cafe.naver.com/engmstudy/3129297,● 짠돌이카페 ● 짠돌이부자되기(재테...,https://cafe.naver.com/engmstudy,0,6,0,2,4,False
쿠팡파트너스 후기,기타,"쿠팡파트너스 수익인증, 90%는 당신이 모르는 게 있습니다","(리얼 후기) 카페 단골손님 중에 회사 다니시는 분이 계세요. 그분도 쿠팡파트너스 하다가 3개월 만에 그만두셨대요. ""퇴근하고 밤 11시부터 새벽 1시까지 글 쓰는데 한 달에 5만원도 안 벌어요. 시급으로 따지면...",http://cafe.naver.com/koarane/351916,리얼리뷰 공유소ㅣ내돈내산 찐리뷰 커...,https://cafe.naver.com/koarane,0,4,0,0,4,False
쿠팡파트너스 후기,기타,쿠팡파트너스 수익 후기! 실제로 해보니 어느 정도 벌까?,ㅎㅎ 그래서 오늘은 쿠팡파트너스 수익 후기부터 실제로 어떤 방식으로 수익이 발생하는지까지 한 번 정리해보려고 합니다. 처음 시작하려는 분들이 궁금해하는 내용 위주로 쉽게 알려드릴게요! ◆쿠팡파트너스란...,http://cafe.naver.com/koarane/427908,리얼리뷰 공유소ㅣ내돈내산 찐리뷰 커...,https://cafe.naver.com/koarane,0,4,0,2,2,False
쿠팡파트너스 후기,기타,쿠팡파트너스 부업으로 얼마나 벌까,"그래서 오늘은 제가 직접 해본 쿠팡파트너스에 대해 현실적인 수익, 장단점, 후기까지 솔직하게 알려드릴게요! [# 쿠팡파트너스가 뭐냐구요?] 일단, 간단하게 설명드릴게요. 쿠팡파트너스는 쿠팡에 있는 상품을 내가...",http://cafe.naver.com/koarane/89834,리얼리뷰 공유소ㅣ내돈내산 찐리뷰 커...,https://cafe.naver.com/koarane,0,6,0,0,6,False
쿠팡파트너스 후기,기타,"쿠팡 파트너스 수익이 부업으로 괜찮은지, 직접 파보면서 느낀 점이 꽤 많았어요.","특히 비교글, 후기글, 문제 해결형 글에서 전환이 잘 일어나요. 저도 이 방식으로 보니까 반응 차이가 확 느껴졌습니다. ───────────────── [쿠팡 파트너스, 누구에게 잘 맞을까?] 솔직히 말하면...",http://cafe.naver.com/koarane/365110,리얼리뷰 공유소ㅣ내돈내산 찐리뷰 커...,https://cafe.naver.com/koarane,0,4,0,0,4,False
쿠팡파트너스 후기,기타,쿠팡파트너스 부업으로 월 100 가능한 구조,"그래서 도대체 이게 뭔데 이렇게까지 수익이 나오는지 궁금해서 직접 이것저것 공부도 해보고, 실제로 시작한 사람들 후기까지 찾아봤어요. 오늘은 제가 조사한 쿠팡파트너스의 수익 구조부터 어떻게 시작하는지, 그리고...",http://cafe.naver.com/koarane/150306,리얼리뷰 공유소ㅣ내돈내산 찐리뷰 커...,https://cafe.naver.com/koarane,0,6,0,2,4,False
쿠팡파트너스 후기,기타,쿠팡파트너스하는법 진짜 수익 나올까?,"싶었는데, 실제로 인증 후기도 꽤 많아서 믿음이 갔어요. ───────────────── [# 나만 몰랐던 수익팁 공개함] 쿠팡파트너스 수익을 더 잘 내는 방법? 이건 진짜 꿀팁인데요! ✔️리뷰글을 예쁘게 써서...",http://cafe.naver.com/koarane/163405,리얼리뷰 공유소ㅣ내돈내산 찐리뷰 커...,https://cafe.naver.com/koarane,0,4,0,0,4,False
쿠팡파트너스 후기,기타,쿠팡 파트너스 혼자 시작해도 되요,쿠팡파트너스하는법 혼자 시작해도 되는 이유 요즘 제가 부업 쪽으로 이것저것 찾아보다가... 막상 해보니까 그냥 평소에 쓰던 제품 후기 올리는 느낌이라 초보자도 부담 없이 시작할 수 있겠더라구요. 특히...,http://cafe.naver.com/koarane/200481,리얼리뷰 공유소ㅣ내돈내산 찐리뷰 커...,https://cafe.naver.com/koarane,0,4,0,0,4,False
쿠팡파트너스 후기,기타,"쿠팡파트너스방법, 초보자도 5분 만에 시작할 수 있어요","특히 자동화로 홍보를 세팅해두면 밤에도, 일할 때도, 자는 동안에도 수익이 쌓여요 ───────────────── [* 쿠팡파트너스방법 잘 쓰는 꿀팁] - 단순한 홍보 말고 “내가 써본 후기”로 연결 - 계절...",http://cafe.naver.com/koarane/210795,리얼리뷰 공유소ㅣ내돈내산 찐리뷰 커...,https://cafe.naver.com/koarane,0,4,0,0,4,False
쿠팡파트너스 후기,기타,쿠팡파트너스 아무렇게나 하면 수익 안 납니다!! 잘되는 사람들은 이렇게 하더라구요!,예전보다 효율적으로 운영 가능하다는 후기들이 정말 많았습니다ㅎㅎ ◆쿠팡파트너스 잘되는 사람들 특징◆ 생각보다 수익 잘 만드는 분들은 무조건 상품만 올리지 않더라구요! 오히려 사람들이 실제 궁금해할 만한...,http://cafe.naver.com/uouv96/4932,오늘도 달린다 ㅣ영업·창업·부업 ㅣ...,https://cafe.naver.com/uouv96,0,4,0,2,2,False
쿠팡파트너스 후기,기타,쿠팡파트너스후기 요즘 다시 뜨는 이유가 있다고?,"특히 애 키우면서 집에 있는 시간이 많으니까,그 시간에 조금씩 해보니까 나름 알찬 부업이 됐어요 ───────────────── 이상으로 ""쿠팡파트너스후기""에 대해 여러가지 정보를 알아보았는데요. 제...",http://cafe.naver.com/koarane/71473,리얼리뷰 공유소ㅣ내돈내산 찐리뷰 커...,https://cafe.naver.com/koarane,0,4,0,0,4,False
쿠팡파트너스 후기,기타,"쿠팡파트너스 후기, 직접 알아보며 정리한 현실적인 기준","쿠팡파트너스 후기, 직접 알아보며 정리한 현실적인 기준 요즘 제 주변 직장인 친구들 사이에서 유독 자주 들리는 말이 있어요. 이제는 월급만으론 안 되더라… 부수입 하나쯤은 있어야지~ 이런 대화요 특히 자동화...",http://cafe.naver.com/koarane/296638,리얼리뷰 공유소ㅣ내돈내산 찐리뷰 커...,https://cafe.naver.com/koarane,0,4,0,0,4,False
쿠팡파트너스 후기,기타,쿠팡파트너스 수익인증 보고 시작했어요,"그래서 오늘은 저처럼 쿠팡파트너스가 궁금했던 분들을 위해 시작방법부터 현실 후기까지, 있는 그대로 알려드릴게요! ───────────────── [* 쿠팡파트너스란 뭘까?] 간단히 말하면, 쿠팡 제품을...",http://cafe.naver.com/koarane/150649,리얼리뷰 공유소ㅣ내돈내산 찐리뷰 커...,https://cafe.naver.com/koarane,0,4,0,2,2,False
쿠팡파트너스 후기,기타,"쿠팡파트너스로 월수익 만든 사람들, 공통점이 있더라구요","이걸 깨닫기까지 저도 시간이 좀 걸렸어요 ㅠㅠ ───────────────── [요즘 쿠팡파트너스 트렌드] 요즘은 예전처럼 그냥 상품 소개만으로는 힘들어요. 경험담, 비교, 후기 형식이 훨씬 반응이 좋아요....",http://cafe.naver.com/koarane/298743,리얼리뷰 공유소ㅣ내돈내산 찐리뷰 커...,https://cafe.naver.com/koarane,0,4,0,0,4,False
쿠팡파트너스 후기,기타,"쿠팡파트너스 한 달차, 초보 주부도 할 수 있었어요!",근데 진짜로 수익이 생기기 시작하니까… 너무 신기하더라구요 그래서 오늘은 저 같은 완전 초보도 쿠팡파트너스로 수익이 났던 리얼 후기를 공유해볼게요! ───────────────── [* 쿠팡파트너스가...,http://cafe.naver.com/koarane/279279,리얼리뷰 공유소ㅣ내돈내산 찐리뷰 커...,https://cafe.naver.com/koarane,0,4,0,0,4,False
쿠팡파트너스 후기,콘텐츠,쿠팡파트너스 제대로 활용하는 꿀팁 5가지,"써본 쿠팡파트너스 꿀팁 5가지, 자세히 공유드릴게요! ───────────────── [ 꿀팁 ① 검색 유입 키워드에 집중하자] 사람들이 검색할 때 자주 쓰는 키워드를 분석해서 그 키워드 중심으로 후기 콘텐츠를...",http://cafe.naver.com/koarane/151636,리얼리뷰 공유소ㅣ내돈내산 찐리뷰 커...,https://cafe.naver.com/koarane,0,4,0,0,4,False
쿠팡파트너스 후기,기타,"쿠팡파트너스 후기, 수익구조 분석해봄!","그래서 오늘은 쿠팡파트너스를 막 시작한 제 경험담이랑, 수익 구조, 그리고 실제 후기까지 정리해서 알려드릴게요. ───────────────── 진짜 수익이 날까? 직접 해봤어요 우선, 쿠팡파트너스는 쿠팡에...",http://cafe.naver.com/koarane/143108,리얼리뷰 공유소ㅣ내돈내산 찐리뷰 커...,https://cafe.naver.com/koarane,0,4,0,0,4,False
쿠팡파트너스 후기,기타,쿠팡파트너스수익 + AI자동화 조합 미쳤습니다. 시간 절약하면서 수익 만드는 최신 방식 공개,현실적인 후기와 실제 경험 중심 접근이 장기적으로 훨씬 안정적이라는 이야기도 정말 많더라구요ㅎㅎ ◆쿠팡파트너스수익 관련 사람들이 가장 많이 궁금해하는 질문 모음◆ Q. 쿠팡파트너스 초보자도 가능한가요? 네!...,http://cafe.naver.com/uouv96/5771,오늘도 달린다 ㅣ영업·창업·부업 ㅣ...,https://cafe.naver.com/uouv96,0,4,3,4,3,False
쿠팡파트너스 후기,기타,"쿠팡파트너스 수익 공개, 현실 가능한 부업일까?","생각보다 수익이 괜찮아 보여서 ""이게 그렇게 핫한 부업이었어?"" 싶더라구요ㅎㅎ 그래서 오늘은 쿠팡파트너스를 주제로, 시작 방법부터 수익 후기, 그리고 요즘 뜨는 부업 트렌드까지 한 번 싹~ 정리해보려고 해요!...",http://cafe.naver.com/koarane/185293,리얼리뷰 공유소ㅣ내돈내산 찐리뷰 커...,https://cafe.naver.com/koarane,0,6,0,0,6,False
쿠팡파트너스 후기,블로그,쿠팡파트너스 초보도 가능한 이유가 있었네요!!,그래서 블로그 부업 이런 거 다 피해왔어요 ㅎㅎ 근데 쿠팡파트너스는 정보글처럼 너무 각 잡고 안 써도 되니까 부담이 덜했어요. 솔직한 후기 느낌으로 써도 반응이 오더라구요. 이건 진짜 해보니까 알겠더라구요....,http://cafe.naver.com/koarane/221222,리얼리뷰 공유소ㅣ내돈내산 찐리뷰 커...,https://cafe.naver.com/koarane,0,6,0,0,6,False
쿠팡파트너스 후기,기타,"요즘 쿠팡파트너스 알아보는데, 이게 진짜 괜찮은 걸까?","또한, 어떤 방식으로 쿠팡 파트너스를 운영할 것인지 구체적인 계획을 보여주는 것도 도움이 될 수 있어요. 관련 커뮤니티나 후기 사이트를 참고하면 다른 사람들의 경험담이나 유용한 팁을 얻을 수 있으니 꼭 활용해...",http://cafe.naver.com/koarane/117657,리얼리뷰 공유소ㅣ내돈내산 찐리뷰 커...,https://cafe.naver.com/koarane,0,2,0,0,2,False
쿠팡파트너스 후기,유튜브,"쿠팡파트너스 수익, 블로그 vs 유튜브 뭐가 더 나을까?","───────────────── [# 블로그 쿠팡파트너스의 장점부터 볼게요] 블로그의 가장 큰 장점은 '글만 잘 써도 된다'는 점이에요. 사진 몇 장, 간단한 후기, 내 사용 후기만으로도 충분하니까요. 특히 글쓰는...",http://cafe.naver.com/koarane/205783,리얼리뷰 공유소ㅣ내돈내산 찐리뷰 커...,https://cafe.naver.com/koarane,0,8,0,0,8,False
쿠팡파트너스 후기,콘텐츠,쿠팡파트너스 자동홍보가 왜 요즘 갑자기 뜨는걸까,"특히 SNS 기반의 ‘짧은 후기 소비’가 너무 활발해져서, 콘텐츠 1개만 잘 만들어도 오래오래 노출 가능한 구조가 형성되고 있대요. 그래서 쿠팡파트너스는 지금 시작해도 결코 늦지 않은 편이라고 느꼈어요...",http://cafe.naver.com/koarane/160595,리얼리뷰 공유소ㅣ내돈내산 찐리뷰 커...,https://cafe.naver.com/koarane,0,4,0,0,4,False
쿠팡파트너스 후기,블로그,"쿠팡파트너스하는법, 이건 진짜 꿀팁이더라구요","안에 쿠팡파트너스도 넣을 수 있어서, 기존 블로그 부업보다 수익 확률이 훨씬 더 높아진다고 하더라구요. 뭐 하나 팔아도 전환율이 다르고, 세팅만 잘해두면 나중엔 손도 안 대고 돈 들어온다는 후기도 많았어요ㅎㅎ...",http://cafe.naver.com/koarane/202757,리얼리뷰 공유소ㅣ내돈내산 찐리뷰 커...,https://cafe.naver.com/koarane,0,8,0,0,8,False
쿠팡파트너스 후기,기타,쿠팡 파트너스 초보도 가능한 광고 방법 알아봄,"간단 후기 올리는 것도 의외로 효과 있더라구요. 요즘 진짜 시대 바뀐 느낌… ───────────────── 쿠팡파트너스, 혼자 하면 오래 걸리고 지치기 쉬움 아무래도 이런 온라인수익 구조는 꾸준함이...",http://cafe.naver.com/koarane/137007,리얼리뷰 공유소ㅣ내돈내산 찐리뷰 커...,https://cafe.naver.com/koarane,0,4,0,0,4,False
쿠팡파트너스 후기,유튜브,"메리츠파트너스 부업, 저는 이래서 안 맞았어요ㅜ","월급 빠듯해서 뭐라도 해보려고 메리츠파트너스 부업 알아봤는데요, 유튜브 후기 보면 잘 되는 사람은 진짜 잘 되던데 그게 저한테도 적용될지 모르겠더라고요. 결국 핵심이 지인 네트워크잖아요. 근데 저는 친한...",http://cafe.naver.com/wecando7/11694658,월급쟁이부자들 (직장인 재테크 부동산...,https://cafe.naver.com/wecando7,0,4,0,0,4,False
쿠팡파트너스 후기,기타,쿠팡파트너스 수익내는 글쓰기 전략은 따로 있다,"쿠팡파트너스 수익내는 글쓰기 전략은 따로 있다 혹시 요즘 쿠팡파트너스 시작하신 분들 많으시죠? 저도 퇴근... 글에 내 경험, 후기, 비교 같은 게 꼭 들어가야 해요! ───────────────── [* 타겟 독자를...",http://cafe.naver.com/koarane/192236,리얼리뷰 공유소ㅣ내돈내산 찐리뷰 커...,https://cafe.naver.com/koarane,0,4,0,0,4,False
쿠팡파트너스 후기,기타,쿠팡파트너스하는법 진짜 월 100가능할까?,"저도 처음에는 반신반의했는데, 알고 보니 생각보다 간단하고 심지어 제대로만 하면 '월 100'도 가능하다는 후기들이 많아서 그냥 넘기기엔 너무 아까운 정보 같았어요ㅎㅎ 그래서 오늘은 쿠팡파트너스하는법에 대해서...",http://cafe.naver.com/koarane/68823,리얼리뷰 공유소ㅣ내돈내산 찐리뷰 커...,https://cafe.naver.com/koarane,0,2,0,0,2,False
쿠팡파트너스 후기,기타,"쿠팡파트너스하는법, 수익나는 핵심 전략만 정리해드림!","쿠팡파트너스 홍보하다가 잘못된 정보 뿌려서 계정 정지되는 분들 많아요ㅠㅠ 특히 쿠팡이 금지하는 키워드, 가격 언급, 허위 정보 이런 건 정말 조심해야 해요! 또, 글을 너무 무작정 뿌리면 스팸 처리되니까 ‘진짜 후기...",http://cafe.naver.com/koarane/184042,리얼리뷰 공유소ㅣ내돈내산 찐리뷰 커...,https://cafe.naver.com/koarane,0,4,0,0,4,False
쿠팡파트너스 후기,기타,쿠팡 파트너스후기 갑자기 수익오르는 타이밍이 있더라구요,"쿠팡 파트너스후기 갑자기 수익오르는 타이밍이 있더라구요 요즘 제가 쿠팡 파트너스후기를 계속 찾아봤던 이유가 있거든요. 온라인 쪽 부업이나 창업 이야기가 워낙 많이 나오다 보니까, 도대체 어떤 구조로 수익이...",http://cafe.naver.com/koarane/128071,리얼리뷰 공유소ㅣ내돈내산 찐리뷰 커...,https://cafe.naver.com/koarane,0,4,0,0,4,False
쿠팡파트너스 후기,기타,"쿠팡파트너스 수익, 현실적으로 가능한 금액일까?","그래서 오늘은 쿠팡파트너스의 수익 구조, 실제 수익 후기, 초보자가 어떻게 시작하면 좋은지까지 쫙 정리해볼게요! 부업이나 투잡 고민하셨던 분들, 특히 ‘광고 안 돌려도 수익 나는 구조’에 관심 있는 분들에겐...",http://cafe.naver.com/koarane/156508,리얼리뷰 공유소ㅣ내돈내산 찐리뷰 커...,https://cafe.naver.com/koarane,0,8,0,0,8,False
쿠팡파트너스 후기,블로그,쿠팡파트너스 하는법 가입 승인부터 수익까지,"리얼 후기랑 팁들 정리해서 공유해보려고요. [# 가입 승인, 생각보다 빨라요] 쿠팡파트너스는 쿠팡 계정만 있으면 바로 신청 가능해요. 별도로 사업자등록도 필요 없고, 블로그나 SNS 주소만 있으면 OK! 보통 1~2일 내로...",http://cafe.naver.com/koarane/69537,리얼리뷰 공유소ㅣ내돈내산 찐리뷰 커...,https://cafe.naver.com/koarane,0,6,0,0,6,False
쿠팡파트너스 후기,기타,"쿠팡파트너스 수익구조, 시작 전에 먼저 확인했던 포인트","───────────────── # 수수료율은 제품마다 달라요 쿠팡파트너스 수수료는 1%~10%까지 다양한데 전자제품 같은 건 낮고, 생활용품이나 육아템은 꽤 높더라구요. 저는 효율 생각해서 후기 쓸 때 수수료...",http://cafe.naver.com/koarane/296880,리얼리뷰 공유소ㅣ내돈내산 찐리뷰 커...,https://cafe.naver.com/koarane,0,4,0,0,4,False
쿠팡파트너스 후기,기타,쿠팡파트너스 월100 가능할까? 직접 해봄,후기도 잘 먹히더라구요. 소비자 입장에서 공감되는 글을 써주는 게 핵심이에요. 절대 그냥 광고처럼 쓰면 안 됩니다. ───────────────── [*지금이 시작할 타이밍일 수도 있어요*] 요즘 쿠팡파트너스...,http://cafe.naver.com/koarane/113658,리얼리뷰 공유소ㅣ내돈내산 찐리뷰 커...,https://cafe.naver.com/koarane,0,2,0,0,2,False
쿠팡파트너스 후기,블로그,쿠팡파트너스초보 추천! 집에서돈버는방법 찾는다면 필독,"현실 후기까지 한 번에 싹~ 정리해드릴게요! ✨ ◆쿠팡파트너스초보도 시작하는 사람 정말 많아졌어요◆ 요즘은 직장인, 주부, 대학생, 시니어까지 쿠팡파트너스 시작하는 분들이 정말 많더라구요. 특히 블로그나 SNS, 카페...",http://cafe.naver.com/cafemakecafebest/29799,세상모든꿀팁 ㅣ영업·창업·부업·투...,https://cafe.naver.com/cafemakecafebest,0,4,0,2,2,False
쿠팡파트너스 후기,기타,쿠팡파트너스 글쓰기 방법과 검색노출 전략,혹시 쿠팡파트너스 글쓰기 시작하려는 분들 계신가요ㅎㅎ 저도 처음엔 뭐부터 해야 하나 머리 싸맸는데... [*요즘 잘 먹히는 글쓰기 스타일이 따로 있다구요!*] 요즘은 감정 섞인 찐 후기 같은 문체가 훨씬 잘 먹혀요. 너무...,http://cafe.naver.com/koarane/125183,리얼리뷰 공유소ㅣ내돈내산 찐리뷰 커...,https://cafe.naver.com/koarane,0,2,0,0,2,False
쿠팡파트너스 후기,기타,쿠팡파트너스하는법 제대로 배워서 수익내는 법 공유해드림,식으로 후기처럼~ㅎㅎ 그리고 사람들이 진짜 자주 검색하는 키워드로 제목 잡는 것도 완전 중요! ───────────────── [# 모바일로도 되냐구요? 완전 가능함요] 컴퓨터 없어도 돼요! 그냥 쿠팡파트너스...,http://cafe.naver.com/koarane/102219,리얼리뷰 공유소ㅣ내돈내산 찐리뷰 커...,https://cafe.naver.com/koarane,0,4,0,0,4,False
쿠팡파트너스 후기,스마트스토어,"쿠팡파트너스 수익내기, 초보도 가능할까요?","또, 스마트스토어 후기처럼 리뷰 형식으로 올리면 신뢰도도 높아지고요! 결국 중요한 건 ""신뢰+노출량""이라는 진리ㅎㅎ 쿠팡파트너스수익도 결국 마케팅이라는 거죠! [# 나도 해보고 싶다면 준비할 건?] 진짜 필요한 건...",http://cafe.naver.com/koarane/92037,리얼리뷰 공유소ㅣ내돈내산 찐리뷰 커...,https://cafe.naver.com/koarane,0,6,0,0,6,False
쿠팡파트너스 후기,기타,쿠팡파트너스하는법 요즘 이거 덕분에 부수입 짭짤하다구!,"혹시 요즘 ""쿠팡파트너스하는법"" 검색해보신 적 있나요? 저는 원래 육아맘으로 집에서 애 키우고 있었는데요... 예를 들면, 아이 장난감 추천 후기나, 내가 써본 제품 비교글 등 실제 사용기나 리얼한 사진 몇 장만 넣어도...",http://cafe.naver.com/koarane/104766,리얼리뷰 공유소ㅣ내돈내산 찐리뷰 커...,https://cafe.naver.com/koarane,0,4,0,2,2,False
쿠팡파트너스 후기,기타,온라인부업으로 월 100 가능? 쿠팡파트너스 후기 털어봄,"' 싶을 정도로 온라인부업으로 소소하게 수익 나고 있거든요ㅎㅎ 특히 요즘엔 쿠팡파트너스 같은 플랫폼이... 일상 후기나 내가 써본 제품 이야기만으로도 충분해요. 예를 들어 ""이 치약 써봤는데 진짜 좋아요~"" 하고...",http://cafe.naver.com/koarane/229461,리얼리뷰 공유소ㅣ내돈내산 찐리뷰 커...,https://cafe.naver.com/koarane,0,6,0,2,4,False
쿠팡파트너스 후기,블로그,"쿠팡파트너스하는법, 진짜 되는 사람들은 이렇게 하더라","요즘 진짜 많은 사람들이 “쿠팡파트너스” 검색하더라구요 ㅎㅎ 특히 블로그도 없고 인스타도 못하는데 가능하냐는 질문이 진짜 많았어요. 그래서 오늘은 제가 직접 해본 후기랑, 되는 사람들의 공통점까지 싹...",http://cafe.naver.com/koarane/166423,리얼리뷰 공유소ㅣ내돈내산 찐리뷰 커...,https://cafe.naver.com/koarane,0,4,0,2,2,False
쿠팡파트너스 후기,기타,쿠팡파트너스 수익인증 나도 했다! 시작부터 수익까지,"쿠팡파트너스 수익인증 나도 했다! 요즘 집에서 돈 벌 수 있는 방법을 찾다가 알게 된 것이 바로... 예를 들어 제품 리뷰, 비교, 사용 후기 등이 효과적이다. 세 번째는 꾸준함이다. 하루에 한 개라도 글을 작성하는 것이...",http://cafe.naver.com/koarane/564552,리얼리뷰 공유소ㅣ내돈내산 찐리뷰 커...,https://cafe.naver.com/koarane,0,4,0,0,4,False
쿠팡파트너스 후기,블로그,쿠팡파트너스 블로그 없이도 가능한가요? 직접 해봤어요!,블로그 없어도 가능하더라구요ㅋㅋ 그래서 저도 “진짜 되나?” 싶은 마음으로 한번 해봤습니다 오늘은 제가 직접 해보면서 느낀 진짜 현실 후기를 정리해볼게요! ───────────────── [* 쿠팡파트너스...,http://cafe.naver.com/koarane/42124,리얼리뷰 공유소ㅣ내돈내산 찐리뷰 커...,https://cafe.naver.com/koarane,0,4,0,0,4,False
쿠팡파트너스 후기,기타,LG TV 65qned75aea 86qned75aea 85nu850bena 후기,"이 글은 쿠팡파트너스 활동의 일환으로 일정액의 수수료를 제공 받습니다 아니 글쎄 이사하면서... 그래서 오늘은 제가 꼼꼼히 비교해 본 찐 후기를 들려드릴게요. 먼저, 바쁘신 분들은 아래에서 15...",http://cafe.naver.com/1sejongcity/1946959,세종시닷컴,https://cafe.naver.com/1sejongcity,0,2,0,0,2,False
쿠팡파트너스 후기,기타,쿠팡파트너스 부업으로 한달 수익 100만원 가능?,(이건 실제로 친구 중에 한 명이 하고 있음ㅋㅋ) ───────────────── [✔️ 꼭 알고 있어야 할 쿠팡파트너스 꿀팁!] 1. 제품 설명할 때 후기 기반으로 진짜 써본 듯이 써야 함. 2. 리뷰 1~2개 캡처해서 같이...,http://cafe.naver.com/koarane/56031,리얼리뷰 공유소ㅣ내돈내산 찐리뷰 커...,https://cafe.naver.com/koarane,0,6,0,2,4,False
쿠팡파트너스 후기,기타,쿠팡파트너스 수익이 계속 늘어나는 이유,"근데 우연히 ‘쿠팡파트너스’라는 걸 알게 됐고, 처음엔 “이걸로 수익이 가능할까?”라는 생각부터... 정말 써본 후기, 내 일상에서 자연스럽게 녹아드는 방식이 훨씬 좋아요. 사람들도 그런 글을 더 신뢰하고...",http://cafe.naver.com/koarane/216889,리얼리뷰 공유소ㅣ내돈내산 찐리뷰 커...,https://cafe.naver.com/koarane,0,4,0,0,4,False
쿠팡파트너스 후기,기타,쿠팡파트너스하는법 요즘 대학생들 알바 대신 이거함!,"저도 과제랑 대외활동 때문에 시간 내기 너무 힘들어서 고민하다가 '쿠팡파트너스'를 알게 됐어요. 이거 진짜... 그냥 내가 써봤던 진심 어린 후기 올리면, 생각보다 많이들 믿고 사요ㅋㅋ...",http://cafe.naver.com/koarane/74237,리얼리뷰 공유소ㅣ내돈내산 찐리뷰 커...,https://cafe.naver.com/koarane,0,2,0,0,2,False
쿠팡파트너스 후기,기타,쿠팡파트너스 부업으로 가능한가요 요즘 많이 하네요,"혹시 요즘 쿠팡파트너스 부업에 대해 관심 갖고 계신 분 계실까요? 저도 처음엔 ""이게 진짜 돈이 될까?... ───────────────── 저도 실제로 이 퍼널 시스템을 배운 분들 후기 보면서 마음이 흔들렸거든요....",http://cafe.naver.com/koarane/132944,리얼리뷰 공유소ㅣ내돈내산 찐리뷰 커...,https://cafe.naver.com/koarane,0,4,0,0,4,False
쿠팡파트너스 후기,블로그,쿠팡파트너스하는법 잘하면 부업이 아니라 직업 된다?!,"직장인으로서 투잡을 고민하다가 처음 접했던 게 바로 쿠팡파트너스였습니다. 블로그나 SNS 하나만 있어도... 단순 광고보단, ‘이 사람이 직접 써봤나?’ 싶은 후기 느낌이 중요하더라고요. 또 하나는 키워드 선정입니다....",http://cafe.naver.com/koarane/102863,리얼리뷰 공유소ㅣ내돈내산 찐리뷰 커...,https://cafe.naver.com/koarane,0,8,0,0,8,False
쿠팡파트너스 후기,기타,쿠팡파트너스 해보고 알게 된 수익팁 전부 공유!,실패도 해봐야 배우는 법이쥬~ ───────────────── 이상으로 쿠팡파트너스에 대해 제가 직접 해본 솔직한 후기를 공유해봤는데요. 요즘 같은 시대엔 정말 다양한 부수입 루트가 필요하잖아요? 한 가지...,http://cafe.naver.com/koarane/99909,리얼리뷰 공유소ㅣ내돈내산 찐리뷰 커...,https://cafe.naver.com/koarane,0,6,0,0,6,False
쿠팡파트너스 후기,기타,쿠팡파트너스 수익구조 요즘 왜 다들 시작할까,"쿠팡파트너스 수익구조 요즘 왜 다들 시작할까 혹시 요즘 쿠팡파트너스 관련해서 궁금한 분들 계시나요?... 트렌드 상품, 시즌 상품, 실사용 후기 등등… 초보자분들은 이것저것 고민하다가 포기하는 경우가 많아서 늘...",http://cafe.naver.com/koarane/209798,리얼리뷰 공유소ㅣ내돈내산 찐리뷰 커...,https://cafe.naver.com/koarane,0,4,0,2,2,False
쿠팡파트너스 후기,기타,삼성전자 창문형 에어컨 aw06c7155twaz aw06c7155twa aw06c7155ewaz 후기,이 글은 쿠팡파트너스 활동의 일환으로 일정액의 수수료를 제공 받습니다 벌써 더워지면서 여름... 솔직한 최종 후기 제가 직접 써보고 느낀 점을 쭈욱 적어봤어요. 올여름은 이거 하나로 시원하게 보낼...,http://cafe.naver.com/1sejongcity/1946350,세종시닷컴,https://cafe.naver.com/1sejongcity,0,2,0,0,2,False
쿠팡파트너스 후기,콘텐츠,쿠팡파트너스하는법 제대로 알아야 수익까지 연결됩니다!,"요즘 쿠팡파트너스 해보는 사람들 진짜 많잖아요! 저도 SNS 하면서 이거 한 번 해볼까 싶어서 무작정... 특히 요즘 사람들 너무 똑똑해서, 광고티 나는 건 아예 무시함ㅋㅋ 그래서 저는 후기 형식으로 콘텐츠를 만들었어요!...",http://cafe.naver.com/koarane/196313,리얼리뷰 공유소ㅣ내돈내산 찐리뷰 커...,https://cafe.naver.com/koarane,0,6,0,0,6,False
쿠팡파트너스 후기,유튜브,"쿠팡파트너스하는법, 이건 진짜 꿀팁 인정이지ㅋㅋ","쿠팡파트너스 잘 하는 법] 일단 상품 고를 때, **리뷰 많은 제품**이 훨씬 잘 팔려요! 그리고 **계절 상품**이나 **이벤트 상품**은 조회수가 훅~ 올라가요. 또 너무 광고같은 문구 말고, **내가 직접 써본 후기가 짱**입니다....",http://cafe.naver.com/koarane/70870,리얼리뷰 공유소ㅣ내돈내산 찐리뷰 커...,https://cafe.naver.com/koarane,0,2,0,0,2,False
쿠팡파트너스 후기,기타,"쿠팡파트너스하는법, 수익나는 사람들은 뭐가 다를까?","쿠팡파트너스하는법, 수익나는 사람들은 뭐가 다를까? 요즘 주변에 쿠팡파트너스로 부업하시는 분들 진짜... 그리고 상품 설명보다는 사용 후기, 생활 꿀팁처럼 자연스럽게 녹여요. ‘홍보글’ 느낌이 덜할수록 전환율이...",http://cafe.naver.com/koarane/61755,리얼리뷰 공유소ㅣ내돈내산 찐리뷰 커...,https://cafe.naver.com/koarane,0,6,0,0,6,False
쿠팡파트너스 후기,콘텐츠,쿠팡파트너스수익 누구나 따라할 수 있는 방법!,"하다가 “쿠팡파트너스”라는 걸 알게 되었어요. 들어보신 분도 계시겠지만, 생소하신 분들도 계시겠죠?... 심지어 후기글, 비교글도 AI가 만들어줘서 진짜 시간 단축되더라구요. ‘콘텐츠는 이제 기술로 해결되는 시대’...",http://cafe.naver.com/koarane/145279,리얼리뷰 공유소ㅣ내돈내산 찐리뷰 커...,https://cafe.naver.com/koarane,0,6,0,0,6,False
쿠팡파트너스 후기,기타,쿠팡파트너스하는법 하루 1시간으로 가능할까?,"쿠팡파트너스하는법 하루 1시간으로 가능할까? 하루에 딱 1시간만 투자해서 수익 만들 수 있을까? 특히 요즘... 단순 후기보다는 정보형 글, 비교 분석 글이 유입도 잘 되고 전환률도 높아요. 제목도 사람들 눈에 띄게...",http://cafe.naver.com/koarane/80484,리얼리뷰 공유소ㅣ내돈내산 찐리뷰 커...,https://cafe.naver.com/koarane,0,6,0,0,6,False
쿠팡파트너스 후기,기타,삼성전자 스탠드 멀티형 에어컨 af60f17d11wrz 솔직 후기,"이 글은 쿠팡파트너스 활동의 일환으로 일정액의 수수료를 제공 받습니다 아니 글쎄 제가 작년에는... 가족들을 위한 쾌적한 환경을 위해 제가 직접 써본 솔직한 후기를 들려드릴게요. 먼저, 바쁘신 분들은...",http://cafe.naver.com/1sejongcity/1945455,세종시닷컴,https://cafe.naver.com/1sejongcity,0,2,0,0,2,False
쿠팡파트너스 후기,기타,"쿠팡파트너스만 하는 건 옛말, 이제는 ○○랑 같이 해야 벌려요","해도 쿠팡파트너스 수익이 하루에 0원이었는데, 자동화 퍼널 연결한 그 다음 주부터 5천원, 1만원… 이러더니 지금은 월 30~50까지는 자동으로 찍히고 있어요(진심임) 진짜 후기 찾아보면, 이 구조로 100만원 넘긴 사람들 꽤...",http://cafe.naver.com/koarane/92243,리얼리뷰 공유소ㅣ내돈내산 찐리뷰 커...,https://cafe.naver.com/koarane,0,4,0,0,4,False
쿠팡파트너스 후기,블로그,블로그+카페로 쿠팡 파트너스 수익내는 꿀팁 공개,"커뮤니티에서 후기나 꿀팁 형식으로 접근하면? 반응 장난 아니에요ㅋㅋㅋ 아예 블로그랑 카페 동시에 활용하면 수익 곱빼기로 들어오는 날도 있어요. ───────────────── [# 쿠팡 파트너스 가입, 얼마나...",http://cafe.naver.com/koarane/175418,리얼리뷰 공유소ㅣ내돈내산 찐리뷰 커...,https://cafe.naver.com/koarane,0,4,0,0,4,False
쿠팡파트너스 후기,기타,삼성 비스포크 4도어 냉장고 RM70F90R2ZD RM70F90R1ZD RM70F90R2ZG 찐후기,"본게시글은 쿠팡파트너스 활동의 일환으로, 소정의 수수료를 받을수있습니다 주방의 품격을 높이는 삼성 비스포크 4도어 냉장고 RM70F90R2ZD RM70F90R1ZD RM70F90R2ZG 찐후기 오래된 냉장고가 웅웅거리는 소리를 내며...",http://cafe.naver.com/1sejongcity/1948809,세종시닷컴,https://cafe.naver.com/1sejongcity,0,2,0,0,2,False
쿠팡파트너스 후기,기타,쿠팡파트너스 수익 후기 진짜 믿어도 되는 걸까,"쿠팡파트너스 수익 후기 진짜 믿어도 되는 걸까 요즘 쿠팡파트너스 이야기 진짜 많이 보이죠. 누군가는 커피값 번다 하고, 누군가는 월 몇백 얘기도 하고요. 솔직히 저도 처음엔 반신반의했어요. 그래서 후기들을 하나하나...",http://cafe.naver.com/koarane/279847,리얼리뷰 공유소ㅣ내돈내산 찐리뷰 커...,https://cafe.naver.com/koarane,0,4,0,0,4,False
쿠팡파트너스 후기,기타,쿠팡파트너스 시작 전 꼭 알아야 할 꿀팁 모음,쿠팡파트너스 시작 전 꼭 알아야 할 꿀팁 모음 혹시 요즘 부업 찾는 분들 많지 않나요? 저도 학교 다니면서... 특히 요즘은 ‘찐후기’ 같은 느낌이 없으면 잘 안 먹히는 거 같아요....,http://cafe.naver.com/koarane/24563,리얼리뷰 공유소ㅣ내돈내산 찐리뷰 커...,https://cafe.naver.com/koarane,0,4,0,0,4,False
쿠팡파트너스 후기,기타,쿠팡파트너스 수익 진짜 가능한가요,"이번엔 제대로 해보고 싶어서 쿠팡파트너스를 시작했는데 과연 이게 수익이 나긴 하는 건지, 진짜로 이걸로 월 10만 원 이상 버시는 분이 계신지 경험자분들 후기나 현실적인 조언 듣고 싶어요. 그리고 어떤 플랫폼에...",http://cafe.naver.com/koarane/24207,리얼리뷰 공유소ㅣ내돈내산 찐리뷰 커...,https://cafe.naver.com/koarane,0,4,0,0,4,False
쿠팡파트너스 후기,기타,삼성 TV kq85qf6aafxkr lh50befhlgfxkr lh75befhlgfxkr 전격 비교 후기,이 글은 쿠팡파트너스 활동의 일환으로 일정액의 수수료를 제공 받습니다 아니 글쎄 가전을 싹... 비교 후기를 마칠게요. 어느 하나 아쉬운 점이 없었답니다. 여러 장단점과 삼성 TV lh75befhlgfxkr 등 각자...,http://cafe.naver.com/1sejongcity/1946955,세종시닷컴,https://cafe.naver.com/1sejongcity,0,2,0,0,2,False
쿠팡파트너스 후기,기타,삼성전자 스탠드 멀티형 에어컨 af60f17d11gt af60f17d11wrt af60f17d11grt 리얼 후기,이 글은 쿠팡파트너스 활동의 일환으로 일정액의 수수료를 제공 받습니다 올여름 역대급 폭염이... 결론 지금까지 제가 직접 발품 팔아 세팅한 삼성전자 스탠드 멀티형 에어컨 af60f17d11gt 리얼 후기를 자세히...,http://cafe.naver.com/1sejongcity/1945456,세종시닷컴,https://cafe.naver.com/1sejongcity,0,2,0,0,2,False
쿠팡파트너스 후기,기타,"쿠팡파트너스 자동수익 시스템, 진짜 가능한 이야기입니다","쿠팡파트너스 자동수익 시스템, 진짜 가능한 이야기입니다 혹시 쿠팡파트너스라는 단어, 한 번쯤... 인증 후기 다수 ───────────────── ■ “자동수익 구조, 나도 만들 수 있을까?” 생각하셨다면...",http://cafe.naver.com/koarane/101455,리얼리뷰 공유소ㅣ내돈내산 찐리뷰 커...,https://cafe.naver.com/koarane,0,4,0,0,4,False
쿠팡파트너스 후기,기타,삼성 비스포크 4도어 냉장고 RM70F90R2A RM70F90R2DD RM70F90R2W 솔직 후기,"본게시글은 쿠팡파트너스 활동의 일환으로, 소정의 수수료를 받을수있습니다 완벽한 주방 인테리어의 완성, 삼성 비스포크 4도어 냉장고 RM70F90R2A RM70F90R2DD RM70F90R2W 솔직 후기 결혼 혼수를 준비하거나 오래된 주방...",http://cafe.naver.com/1sejongcity/1948808,세종시닷컴,https://cafe.naver.com/1sejongcity,0,2,0,0,2,False
쿠팡파트너스 후기,기타,쿠팡파트너스하는법 혼자 하다 망했는데 이건 좀 다르네요ㅠㅠ,쿠팡파트너스하는법 혼자 하다 망했는데 이건 좀 다르네요ㅠㅠ 쿠팡파트너스… 처음엔 별거 아닌 줄... 진짜 후기처럼 쓰는 것도 꽤 잘 먹히더라구요. ───────────────── [수익도 확실히 달라졌어요]...,http://cafe.naver.com/koarane/80475,리얼리뷰 공유소ㅣ내돈내산 찐리뷰 커...,https://cafe.naver.com/koarane,0,4,0,0,4,False
쿠팡파트너스 후기,기타,lgqned65인치 65qned65aba 65qned70aea 후기,"이 글은 쿠팡파트너스 활동의 일환으로 일정액의 수수료를 제공 받습니다 거실 인테리어를 새로... 빠르고 안전한 배송 경험 결제 후 기사님들이 방문해 주셨고, 능숙하게 lgqned65인치 화면을 설치해...",http://cafe.naver.com/1sejongcity/1942938,세종시닷컴,https://cafe.naver.com/1sejongcity,0,2,0,0,2,False
쿠팡파트너스 후기,기타,lh65befhlgfxkr 삼성무빙스타일55인치 찐후기,이 글은 쿠팡파트너스 활동의 일환으로 일정액의 수수료를 제공 받습니다 아니 글쎄 요즘 집에만 있다... 며칠간 후기도 찾아보고 매장 가서 만져보며 꼼꼼히 따져봤죠. 하지만 겪어보니 제 일상에 이만한 만족감을...,http://cafe.naver.com/1sejongcity/1942937,세종시닷컴,https://cafe.naver.com/1sejongcity,0,2,0,0,2,False
쿠팡파트너스 후기,기타,생생한 삼성티비75인치 삼성75인치tv벽걸이 후기,이 글은 쿠팡파트너스 활동의 일환으로 일정액의 수수료를 제공 받습니다 최근 집콕 시간이 길어지며... 꼼꼼한 기사님 방문 후기 설치 날 두 분의 기사님이 오셔서 삼성티비75인치 박스를 조심스레 개봉하셨어요....,http://cafe.naver.com/1sejongcity/1939365,세종시닷컴,https://cafe.naver.com/1sejongcity,0,2,0,0,2,False
쿠팡파트너스 후기,기타,lg65인치tv 엘지65인치tv lg전자tv65인치 후기,이 글은 쿠팡파트너스 활동의 일환으로 일정액의 수수료를 제공 받습니다 깐깐하게 비교해 보고 우리... 지금까지 제가 직접 구매하고 사용해 본 엘지65인치tv 리얼 후기를 상세하게 풀어보았는데요. 퇴근 후 소파에...,http://cafe.naver.com/1sejongcity/1944187,세종시닷컴,https://cafe.naver.com/1sejongcity,0,2,0,0,2,False
쿠팡파트너스 후기,기타,lg 울트라 노트북 15U50R-SA5CK 15U50R-GX56K 15UD50T-GX5JK 내돈내산 찐후기,"본게시글은 쿠팡파트너스 활동의 일환으로, 소정의 수수료를 받을수있습니다 가성비 끝판왕! lg 울트라 노트북 15U50R-SA5CK 15U50R-GX56K 15UD50T-GX5JK 내돈내산 찐후기 매일 무거운 가방을 메고 카페나 도서관을 오가며...",http://cafe.naver.com/1sejongcity/1948811,세종시닷컴,https://cafe.naver.com/1sejongcity,0,2,0,0,2,False
쿠팡파트너스 후기,기타,lg 건조기 RG19EN RG19GN 후기 리뷰,"본게시글은 쿠팡파트너스 활동의 일환으로, 소정의 수수료를 받을수있습니다 lg 건조기 RG19EN RG19GN 후기 리뷰 LG전자의 트롬 건조기는 국내 건조기 시장의 기준을 세운 제품입니다. lg 건조기 RG19EN RG19GN 모델은...",http://cafe.naver.com/1sejongcity/1938811,세종시닷컴,https://cafe.naver.com/1sejongcity,0,2,0,0,2,False
쿠팡파트너스 후기,기타,LG전자 스탠드 멀티형 에어컨 fq17fu2edn fq17fu2ed1 fq19fu1ed2 찐후기,이 글은 쿠팡파트너스 활동의 일환으로 일정액의 수수료를 제공 받습니다 벌써 여름 준비할 때가... 제가 직접 알아본 쇼핑 후기를 전해드렸어요. LG전자 스탠드 멀티형 에어컨 fq17fu2edn 매력이 잘 전달되었길...,http://cafe.naver.com/1sejongcity/1946345,세종시닷컴,https://cafe.naver.com/1sejongcity,0,2,0,0,2,False
쿠팡파트너스 후기,기타,65ua751c0na 65qned85axa 비교 후기,"이 글은 쿠팡파트너스 활동의 일환으로 일정액의 수수료를 제공 받습니다 벌써 이사한 지도 한 달이 다... 선택 장애로 고생하시는 분들을 위해 솔직한 후기를 들려드릴게요. 먼저, 바쁘신 분들은 아래에서 15...",http://cafe.naver.com/1sejongcity/1940169,세종시닷컴,https://cafe.naver.com/1sejongcity,0,2,0,0,2,False
쿠팡파트너스 후기,기타,쿠팡파트너스 잠자는 동안에도 수익이 쌓이는 디지털 파이프라인 구축하기,쿠팡파트너스 잠자는 동안에도 수익이 쌓이는 디지털 파이프라인 구축하기 혹시 '내가 잠을 자는 동안에도... 리뷰 요약: 쿠팡의 실제 구매 후기들을 AI로 요약하여 장단점을 정리하면 훨씬 전문적인 글이 완성됩니다....,http://cafe.naver.com/mp3downs1/91448,가자가자한량-온라인건물주 자동화프로...,https://cafe.naver.com/mp3downs1,0,4,0,0,4,False
쿠팡파트너스 후기,기타,lg 75인치 tv 75UT9300KNA 75UK752P0NB 75UA7500 솔직 후기,"본게시글은 쿠팡파트너스 활동의 일환으로, 소정의 수수료를 받을수있습니다 압도적 몰입감! lg 75인치 tv 75UT9300KNA 75UK752P0NB 75UA7500 솔직 후기 거실 공간은 넓은데 작은 화면을 보고 있자니 눈도 침침하고...",http://cafe.naver.com/1sejongcity/1941670,세종시닷컴,https://cafe.naver.com/1sejongcity,0,2,0,0,2,False
쿠팡파트너스 후기,기타,삼성전자 스탠드 멀티형 에어컨 af90h17d24grt 및 af90h19d27srt 설치 후기,이 글은 쿠팡파트너스 활동의 일환으로 일정액의 수수료를 제공 받습니다 아니 글쎄 벌써부터 날씨가... 직접 알아본 솔직한 후기를 정리해 보았어요. 이번 여름은 삼성전자 스탠드 멀티형 에어컨 af90h17d24grt...,http://cafe.naver.com/1sejongcity/1945450,세종시닷컴,https://cafe.naver.com/1sejongcity,0,2,0,0,2,False
쿠팡파트너스 후기,기타,쿠팡파트너스하는법 해봤는데 생각보다 어려운이유,"쿠팡파트너스하는법 해봤는데 생각보다 어려운이유 솔직히 쿠팡파트너스 처음 봤을 때 느낌은 “이거... 제품만 올리는 게 아니라, 정보 + 비교 + 후기를 섞어서 사람들에게 ‘이유’를 만들어줘요. 예: “2025 여름 필수...",http://cafe.naver.com/koarane/80487,리얼리뷰 공유소ㅣ내돈내산 찐리뷰 커...,https://cafe.naver.com/koarane,0,2,0,0,2,False
쿠팡파트너스 후기,기타,LG TV 75nano90aba oled65b5ena 비교 후기,"이 글은 쿠팡파트너스 활동의 일환으로 일정액의 수수료를 제공 받습니다 이사 온 지 한 달, 새집에... 지금까지 저희 부부가 며칠을 고민하며 비교했던 인기 라인업 후기를 정리해 봤어요. 시원한 대화면과...",http://cafe.naver.com/1sejongcity/1946958,세종시닷컴,https://cafe.naver.com/1sejongcity,0,2,0,0,2,False
쿠팡파트너스 후기,기타,lg스탠바이미 lg스텐바이미고 솔직 후기,"이 글은 쿠팡파트너스 활동의 일환으로 일정액의 수수료를 제공 받습니다 주말마다 캠핑을 가거나 거실에... 저처럼 고민하시는 분들을 위해 꼼꼼한 비교 후기를 준비했으니 끝까지 읽어보세요! 먼저, 바쁘신 분들은...",http://cafe.naver.com/1sejongcity/1944182,세종시닷컴,https://cafe.naver.com/1sejongcity,0,2,0,0,2,False
쿠팡파트너스 후기,기타,lg 65인치 tv 65QNED65ABA OLED65B4NNA 65UT9300KNA 찐후기 리뷰,"본게시글은 쿠팡파트너스 활동의 일환으로, 소정의 수수료를 받을수있습니다 거실의 품격을 높이는 lg 65인치 tv 65QNED65ABA OLED65B4NNA 65UT9300KNA 찐후기 매일 퇴근하고 집에 돌아와 소파에 앉아 넷플릭스를 보는...",http://cafe.naver.com/1sejongcity/1941669,세종시닷컴,https://cafe.naver.com/1sejongcity,0,2,0,0,2,False
쿠팡파트너스 후기,블로그,"쿠팡파트너스 네이버블로그, 초보가 꼭 알아야 할 핵심 정리","◆수익을 위해 꼭 봐야 할 핵심 포인트◆ 쿠팡파트너스 네이버블로그에서 수익을 기대한다면 검색 의도를 먼저 잡는 게 중요합니다. 사람들이 네이버에서 검색할 때는 보통 “추천”, “비교”, “후기”, “장단점”...",http://cafe.naver.com/cafemakecafebest/20046,세상모든꿀팁 ㅣ영업·창업·부업·투...,https://cafe.naver.com/cafemakecafebest,0,6,0,2,4,False
쿠팡파트너스 후기,기타,삼성 건조기 DV90TA040TE DV21DG8200BW 후기 리뷰,"본게시글은 쿠팡파트너스 활동의 일환으로, 소정의 수수료를 받을수있습니다 삼성 건조기 DV90TA040TE DV21DG8200BW 후기 리뷰 혼자 사는 1인 가구부터 아이가 있는 가정까지, 상황에 맞는 건조기 선택은 삶의 질을...",http://cafe.naver.com/1sejongcity/1938810,세종시닷컴,https://cafe.naver.com/1sejongcity,0,2,0,0,2,False
쿠팡파트너스 후기,기타,lg레트로tv 엘지클래식티비 내돈내산 후기,이 글은 쿠팡파트너스 활동의 일환으로 일정액의 수수료를 제공 받습니다 거실 분위기를 바꿔보고 싶어... 드디어 가전제품 내돈내산 후기를 여기서 마무리해 볼까 해요. 단순한 텔레비전을 넘어서 거실을 돋보이게...,http://cafe.naver.com/1sejongcity/1942939,세종시닷컴,https://cafe.naver.com/1sejongcity,0,2,0,0,2,False
쿠팡파트너스 후기,기타,lg 트롬워시타워 W20WAN W2321GEAM 리뷰 후기,"본게시글은 쿠팡파트너스 활동의 일환으로, 소정의 수수료를 받을수있습니다 lg 트롬워시타워 W20WAN W2321GEAM 리뷰 후기 일체형 세탁 건조기의 정점이라고 불리는 제품이 있다면 단연 LG전자의 워시타워일...",http://cafe.naver.com/1sejongcity/1938808,세종시닷컴,https://cafe.naver.com/1sejongcity,0,2,0,0,2,False
쿠팡파트너스 후기,기타,압도적인 화질 100qned86ak 찐 후기,이 글은 쿠팡파트너스 활동의 일환으로 일정액의 수수료를 제공 받습니다 아니 글쎄 이번에 이사하면서... 지금까지 한 달 동안 100qned86ak 직접 사용해 보고 느낀 리얼한 후기였는데요. 엄청난 감동을 꼭...,http://cafe.naver.com/1sejongcity/1943774,세종시닷컴,https://cafe.naver.com/1sejongcity,0,2,0,0,2,False
쿠팡파트너스 후기,기타,삼성 비스포크 4도어 냉장고 RM70F90R2GD RM70F90R2D RM70F90M2X 내돈내산 후기,"본게시글은 쿠팡파트너스 활동의 일환으로, 소정의 수수료를 받을수있습니다 가성비와 디자인 끝판왕! 삼성 비스포크 4도어 냉장고 RM70F90R2GD RM70F90R2D RM70F90M2X 내돈내산 후기 주방의 가장 큰 면적을 차지하는...",http://cafe.naver.com/1sejongcity/1948807,세종시닷컴,https://cafe.naver.com/1sejongcity,0,2,0,0,2,False
쿠팡파트너스 후기,기타,쿠팡파트너스하는법 검색만 하다 지치셨다면 읽어보세요,쿠팡파트너스하는법 검색만 하다 지치셨다면 읽어보세요 요즘 여기저기서 쿠팡파트너스 추천하는 사람들... 인증 후기를 보니까... 저도 도전할만 하겠다 싶더라구요ㅎㅎ 그래서 요즘은 부업 찾는 지인들한테 무조건 이거...,http://cafe.naver.com/koarane/18503,리얼리뷰 공유소ㅣ내돈내산 찐리뷰 커...,https://cafe.naver.com/koarane,0,4,0,2,2,False
쿠팡파트너스 후기,기타,75인치tv tv75인치 lgtv75인치벽걸이 찐 후기,이 글은 쿠팡파트너스 활동의 일환으로 일정액의 수수료를 제공 받습니다 아니 글쎄 최근에 이사하면서 텅... 지금까지 제가 직접 발품 팔아 장만한 75인치tv 후기를 꼼꼼하게 전해드렸는데요. 매일 밤 75인치tv 켜놓고...,http://cafe.naver.com/1sejongcity/1942934,세종시닷컴,https://cafe.naver.com/1sejongcity,0,2,0,0,2,False
쿠팡파트너스 후기,기타,50ur8250kna 55ut9300kna 55nano80aea 리얼후기,이 글은 쿠팡파트너스 활동의 일환으로 일정액의 수수료를 제공 받습니다 거실 테레비가 갑자기... 50ur8250kna 후기를 보니 고장 시 대처가 빠르다고 해서 아주 안심이 되었어요. 같은 브랜드인 55ut9300kna 역시...,http://cafe.naver.com/1sejongcity/1941958,세종시닷컴,https://cafe.naver.com/1sejongcity,0,2,0,0,2,False
쿠팡파트너스 후기,기타,포터블tv 포터블티비 더함삼탠바이미 솔직 후기,이 글은 쿠팡파트너스 활동의 일환으로 일정액의 수수료를 제공 받습니다 차박 가시는 분들 많으시죠? 저도... 후기가 좋아서 선택한 더함삼탠바이미 모델을 써보니 왜 이제 샀나 싶을 정도로 대만족이었어요. 먼저...,http://cafe.naver.com/1sejongcity/1939366,세종시닷컴,https://cafe.naver.com/1sejongcity,0,2,0,0,2,False
쿠팡파트너스 후기,기타,98인치 대화면 ku98ud9000fxkr 내돈내산 거실 설치 후기,"이 글은 쿠팡파트너스 활동의 일환으로 일정액의 수수료를 제공 받습니다 아니 글쎄 여러분, 저 이번에... 지금까지 저희 집 거실의 주인공이 된 초대형 텔레비전 사용 후기를 생생하게 들려드렸는데요. 망설였던...",http://cafe.naver.com/1sejongcity/1943775,세종시닷컴,https://cafe.naver.com/1sejongcity,0,2,0,0,2,False
쿠팡파트너스 후기,기타,lg 세탁기건조기세트 F21VDSKR8VL FX23ENE-GNG 리뷰 후기,"본게시글은 쿠팡파트너스 활동의 일환으로, 소정의 수수료를 받을수있습니다 lg 세탁기건조기세트 F21VDSKR8VL FX23ENE-GNG 리뷰 후기 세탁실 환경에 따라 일체형 워시타워보다는 필요할 때 각각 배치하거나 병렬로...",http://cafe.naver.com/1sejongcity/1938809,세종시닷컴,https://cafe.naver.com/1sejongcity,0,2,0,0,2,False
쿠팡파트너스 후기,기타,lg전자tv 후기 lg벽걸이tv 꿀팁,이 글은 쿠팡파트너스 활동의 일환으로 일정액의 수수료를 제공 받습니다 요즘 거실 인테리어를 새로... 오늘은 제가 직접 알아보고 제 돈 주고 시공까지 받은 찐 후기를 남겨보았는데요. 고민하다가 선택한 lg전자tv...,http://cafe.naver.com/1sejongcity/1942936,세종시닷컴,https://cafe.naver.com/1sejongcity,0,2,0,0,2,False
쿠팡파트너스 후기,기타,tv60인치 65du7200 65ut9300kna 실제 비교 후기,이 글은 쿠팡파트너스 활동의 일환으로 일정액의 수수료를 제공 받습니다 아니 글쎄 제가 최근에 이사를... 오늘 제가 들려드린 생생한 후기가 조금이나마 도움이 되셨기를 바라요. 거실 가전은 한 번 장만하면 십...,http://cafe.naver.com/1sejongcity/1941960,세종시닷컴,https://cafe.naver.com/1sejongcity,0,2,0,0,2,False
쿠팡파트너스 후기,기타,삼성 TV kq98qf7aafxkr 비교 방법! lh85befhlgfxkr kq83sf90aexkr 후기,이 글은 쿠팡파트너스 활동의 일환으로 일정액의 수수료를 제공 받습니다 요즘 날씨도 쌀쌀해지고 집콕 생활이 길어지죠? 아니 글쎄 제가 쓰던 텔레비전이 갑자기 고장 나서 정말 당황했는데요. 이번...,http://cafe.naver.com/1sejongcity/1946954,세종시닷컴,https://cafe.naver.com/1sejongcity,0,2,0,0,2,False
쿠팡파트너스 후기,기타,요즘 쿠팡파트너스하는법 관련 영상 많이 보이던데 실제 수익 나오는지 궁금하네요.,"요즘 쿠팡파트너스하는법 관련 영상 많이 보이던데 실제 수익 나오는지 궁금하네요. 원래 이런 거 안 믿는... 그런데 이건 뭔가 체계도 있어 보이고, 실제로 후기 올리시는 분들도 있어서... 진짜 수익 나오는 건지 너무...",http://cafe.naver.com/koarane/167562,리얼리뷰 공유소ㅣ내돈내산 찐리뷰 커...,https://cafe.naver.com/koarane,0,4,0,2,2,False
쿠팡파트너스 후기,기타,ku85uf8030fxkr ku55uf8500fxkr ku65uf8500fxkr 후기,"이 글은 쿠팡파트너스 활동의 일환으로 일정액의 수수료를 제공 받습니다 아니 글쎄 요새 텔레비전... 저처럼 멘붕 오신 분들 많으실 텐데, 제가 꼼꼼하게 따져본 후기를 지금부터 속 시원하게...",http://cafe.naver.com/1sejongcity/1940170,세종시닷컴,https://cafe.naver.com/1sejongcity,0,2,0,0,2,False
쿠팡파트너스 후기,기타,세탁기건조기세트 WF2420HCVVC WF2420HCWWC 리뷰 후기,"본게시글은 쿠팡파트너스 활동의 일환으로, 소정의 수수료를 받을수있습니다 세탁기건조기세트 WF2420HCVVC WF2420HCWWC 리뷰 후기 맞벌이 가구나 대가족에게 있어 세탁과 건조는 매일 반복되는 가장 큰 가사 노동 중...",http://cafe.naver.com/1sejongcity/1938806,세종시닷컴,https://cafe.naver.com/1sejongcity,0,2,0,0,2,False
쿠팡파트너스 후기,기타,삼성전자 TV 2025crystaluhduf8500 찐 후기,"이 글은 쿠팡파트너스 활동의 일환으로 일정액의 수수료를 제공 받습니다 벌써 날씨가 더워져서... 화질 고민하시는 분들을 위해 꼼꼼하게 후기 남겨볼게요. 먼저, 바쁘신 분들은 아래에서 15% 알뜰하게...",http://cafe.naver.com/1sejongcity/1940641,세종시닷컴,https://cafe.naver.com/1sejongcity,0,2,0,0,2,False
쿠팡파트너스 후기,기타,75qned65aba 75qned75aea 65qned75aea 비교 후기,"이 글은 쿠팡파트너스 활동의 일환으로 일정액의 수수료를 제공 받습니다 아니 글쎄 이번에... 어떤 걸 살지 망설여지신다면, 제 후기를 참고하셔서 마음에 쏙 드는 텔레비전을 찾으시길 바랄게요!",http://cafe.naver.com/1sejongcity/1940172,세종시닷컴,https://cafe.naver.com/1sejongcity,0,2,0,0,2,False
쿠팡파트너스 후기,기타,lg 티비 43인치 43UT8300NNA 43UA7500ENA 43LM6350KNA 후기,"본게시글은 쿠팡파트너스 활동의 일환으로, 소정의 수수료를 받을수있습니다 원룸과 안방의 완벽한 파트너, lg 티비 43인치 43UT8300NNA 43UA7500ENA 43LM6350KNA 후기 1인 가구 자취방이나 침실에 두고 편안하게 볼 서브...",http://cafe.naver.com/1sejongcity/1942045,세종시닷컴,https://cafe.naver.com/1sejongcity,0,2,0,0,2,False
쿠팡파트너스 후기,기타,삼성무선티비 삼성무빙스타일 삼성무빙티비 찐후기,이 글은 쿠팡파트너스 활동의 일환으로 일정액의 수수료를 제공 받습니다 요즘 집콕 시간이 길어지며... 거실 품격을 높여준 삼성무빙스타일 하나로 분위기를 바꾼 후기를 들려드릴게요. 엉켜있던 선 정리에서 해방되게...,http://cafe.naver.com/1sejongcity/1941961,세종시닷컴,https://cafe.naver.com/1sejongcity,0,2,0,0,2,False
쿠팡파트너스 후기,기타,삼성전자 스탠드 멀티형 에어컨 af70f17d11brt af70f17d11bt af70f17d11brz 후기,이 글은 쿠팡파트너스 활동의 일환으로 일정액의 수수료를 제공 받습니다 벌써 찬 바람이 잦아들고... 지금까지 무더위를 완벽하게 대비할 수 있는 투인원 냉방기 후기를 들려드렸어요. 우리 집 거실과 안방을...,http://cafe.naver.com/1sejongcity/1945453,세종시닷컴,https://cafe.naver.com/1sejongcity,0,2,0,0,2,False
쿠팡파트너스 후기,블로그,쿠팡파트너스하는법 혼자 시작해도 되는 이유 알려드림ㅎㅎ,"쿠팡파트너스하는법 혼자 시작해도 되는 이유 알려드림ㅎㅎ 혹시 요즘 쿠팡파트너스 궁금해 하셨던 분... 절대 아니요ㅎㅎ] 처음에 저는 블로그 글 하나도 없었어요 근데 카페에 후기처럼 올려도 되고, 요즘은 인스타...",http://cafe.naver.com/koarane/41420,리얼리뷰 공유소ㅣ내돈내산 찐리뷰 커...,https://cafe.naver.com/koarane,0,4,0,2,2,False
쿠팡파트너스 후기,기타,LG전자 스탠드 멀티형 에어컨 fq25fn5ba2 fq25fn5ba1 fq25fn5ha2 솔직 후기,이 글은 쿠팡파트너스 활동의 일환으로 일정액의 수수료를 제공 받습니다 여름 준비하셨나요? 아니 글쎄 제가 작년에 고생을 좀 해서 일찍 장만했거든요. 마침 제 맘에 쏙 드는 LG전자 스탠드 멀티형...,http://cafe.naver.com/1sejongcity/1946348,세종시닷컴,https://cafe.naver.com/1sejongcity,0,2,0,0,2,False
쿠팡파트너스 후기,기타,쿠팡파트너스 PDF후기,솔직 쿠팡파트너스 PDF 자료후기였습니다^^ 디노대장님 망고님 감사해요 고생하셨어요~ 아!! 저처럼초보인분들 폰으로 PDF자료 안보이시는분 어도비아크로뱃리더 설치하심 나옵니다~ 전 모르고 폰으로 한참 끙끙대다...,http://cafe.naver.com/friendkart/76521,아이러브 치앙마이 - 태국 방콕 파타야...,https://cafe.naver.com/friendkart,0,2,0,0,2,False
쿠팡파트너스 후기,기타,TCL 티비 85인치 85Q6C 85T8C 85Q8C 솔직 비교 후기,"본게시글은 쿠팡파트너스 활동의 일환으로, 소정의 수수료를 받을수있습니다 최적의 대화면 가성비! TCL 티비 85인치 85Q6C 85T8C 85Q8C 솔직 비교 후기 거실 공간에 75인치는 조금 아쉬울 것 같고 98인치는 너무 거대해서...",http://cafe.naver.com/1sejongcity/1941672,세종시닷컴,https://cafe.naver.com/1sejongcity,0,2,0,0,2,False
쿠팡파트너스 후기,기타,TCL 65인치 티비 65Q6C 65C8L 65T8C 찐후기,"본게시글은 쿠팡파트너스 활동의 일환으로, 소정의 수수료를 받을수있습니다 거실의 새로운 변화, TCL 65인치 티비 65Q6C 65C8L 65T8C 찐후기 매일 퇴근하고 집에 오면 푹신한 소파에 누워 넷플릭스를 보는 게 유일한...",http://cafe.naver.com/1sejongcity/1942042,세종시닷컴,https://cafe.naver.com/1sejongcity,0,2,0,0,2,False
쿠팡파트너스 후기,기타,LG 티비 55인치 55UT9300KNA 55UK752P0NB 55UA7500ENA 후기,"본게시글은 쿠팡파트너스 활동의 일환으로, 소정의 수수료를 받을수있습니다 선명함의 깊이가 다른 LG 티비 55인치 55UT9300KNA 55UK752P0NB 55UA7500ENA 후기 가족들이 함께 모여 시간을 보내는 거실이나 안방에 둘 TV를...",http://cafe.naver.com/1sejongcity/1942044,세종시닷컴,https://cafe.naver.com/1sejongcity,0,2,0,0,2,False
쿠팡파트너스 후기,기타,75qned70aba 75qned85aka 75qned86aga 후기,"이 글은 쿠팡파트너스 활동의 일환으로 일정액의 수수료를 제공 받습니다 이사하면서 텔레비전을... 여태까지 제 후기를 읽어주셔서 감사드리며, 75qned70aba 관련 정보가 도움 되셨길 바라요. 혹시 75qned70aba...",http://cafe.naver.com/1sejongcity/1940173,세종시닷컴,https://cafe.naver.com/1sejongcity,0,2,0,0,2,False
쿠팡파트너스 후기,유튜브,쿠팡 파트너스 신고한다? 안한다? 어떻게하시겠어요?,제가 유튜브를 보다가 제가 물건을 사고 쓴 쿠팡후기 동영상을 마음대로 불펌해서 바이럴마케팅으로 써서 쿠팡파트너스 수익을 얻는걸 알게되었어요~~;; 그럼 이거 쿠팡에 신고하나요? 그냥 놔둘까요? ⭐️참고로 가족의...,http://cafe.naver.com/skybluezw4rh/13677336,"맘이베베 (핫딜, 육아, 놀이)",https://cafe.naver.com/skybluezw4rh,0,6,0,0,6,False
쿠팡파트너스 후기,기타,삼성 TV kq65qf6aafxkr 내돈내산 후기 꿀팁,이 글은 쿠팡파트너스 활동의 일환으로 일정액의 수수료를 제공 받습니다 거실 가전을 바꾸며 가장 고민했던 게 텔레비전이었어요. 아니 글쎄 제가 매장만 다섯 번 다녀왔어요! 꼼꼼히 비교한 결과 삼성...,http://cafe.naver.com/1sejongcity/1946956,세종시닷컴,https://cafe.naver.com/1sejongcity,0,2,0,0,2,False
쿠팡파트너스 후기,기타,자동화로 부업하기: 애드포스트 쿠팡파트너스로 월 50만원 추가수입,자동화로 부업하기: 애드포스트 쿠팡파트너스로 월 50만원 추가수입 자동화로 부업하기 고민하고 계시나요?... • 사람들이 평소 자주 묻는 질문에 대한 명확한 해결책 제시 • 과장 없는 진정성 있는 후기로 방문자의...,http://cafe.naver.com/mp3downs1/91342,가자가자한량-온라인건물주 자동화프로...,https://cafe.naver.com/mp3downs1,0,6,0,2,4,False
쿠팡파트너스 후기,기타,TCL 55인치 티비 55U65 55A300 PRO 55Q7C 내돈내산 후기,"본게시글은 쿠팡파트너스 활동의 일환으로, 소정의 수수료를 받을수있습니다 안방에 완벽한 사이즈, TCL 55인치 티비 55U65 55A300 PRO 55Q7C 내돈내산 후기 잠들기 전 침대에 누워 편안하게 드라마를 정주행하고 싶은데...",http://cafe.naver.com/1sejongcity/1942043,세종시닷컴,https://cafe.naver.com/1sejongcity,0,2,0,0,2,False
쿠팡파트너스 후기,콘텐츠,쿠팡 파트너스 하는 방법과 수익내는 꿀팁에 대해 알아볼게요.,"쿠팡파트너스는 쿠팡에서 제공하는 아피리에이트 마케팅 프로그램으로, 다른 상품을 홍보하고 이를 통해... 리뷰, 사용 후기, 상품 추천 등 다양한 형식의 콘텐츠를 활용할 수 있습니다. *타겟 마케팅: 쿠팡의 다양한 상품을...",http://cafe.naver.com/jangsin1004/372612,자영업자의 쉼터 [장사의신·소상공인...,https://cafe.naver.com/jangsin1004,0,6,0,2,4,False
쿠팡파트너스 후기,기타,쿠팡파트너스하는법 초보도 가능한 재택부업?,"저도 SNS에서 쿠팡파트너스 후기 보다가 궁금해서 시작해봤는데요, 생각보다 진입장벽이 낮고, 누구나 할 수 있다는 말이 괜히 나온 게 아니더라구요 그래서 이번 글에서는 제가 경험한 쿠팡파트너스 시작법부터 수익...",http://cafe.naver.com/koarane/44876,리얼리뷰 공유소ㅣ내돈내산 찐리뷰 커...,https://cafe.naver.com/koarane,0,8,0,2,6,False
쿠팡파트너스 후기,기타,쿠팡파트너스 자료 후기,안녕하세요~ 먼저 어제 일요일임에도 불구하고 혹시나하고 쿠팡파트너스 PDF 자료를 부탁드렸는데 오늘 바로... 라는 생각이 문득..ㅋㅋ 그래도 글을 하나 올렸다는 성취감에 후기 작성하로 바로 달려왔어요. ^^ 아직 너무...,http://cafe.naver.com/friendkart/77033,아이러브 치앙마이 - 태국 방콕 파타야...,https://cafe.naver.com/friendkart,0,2,0,0,2,False
쿠팡파트너스 후기,기타,"마이픽셀 써보신 분들, 실제로 수익 많이 나시나요? 인플루언서로 활동하시는 분들...!","(아 물론 상품이 팔려야된다고는 했어요) 마이픽셀도 쿠팡 파트너스처럼 용돈벌이 수준인지, 아니면 진짜 부업이 될 만한 수준인지 감이 안 잡혀서요. 실제로 써보신 분들 후기를 좀 알고 싶은데 ㅜㅜ정말 SNS 팔로워...",http://cafe.naver.com/kyungmammo/6575357,"인천 아띠아모 (인천맘 대표카페, 인천...",https://cafe.naver.com/kyungmammo,0,4,0,0,4,False
쿠팡파트너스 후기,기타,쿠팡파트너스 부업 추천! 직장인도 가능한 이유,◆쿠팡파트너스 수익 나는 사람들 특징 최근 후기 보면 키워드 + 자동글 + 홍보방식 같이 쓰는 경우가 많다고 합니다. 혼자 글만 쓰는 방식보다 방법 배우고 하는 사람이 훨씬 빨리 수익 난다고 해요. 저도 그냥 할 때보다...,http://cafe.naver.com/koarane/454914,리얼리뷰 공유소ㅣ내돈내산 찐리뷰 커...,https://cafe.naver.com/koarane,0,6,0,2,4,False
쿠팡파트너스 후기,기타,ku50ua7050fxkr ku55uf8030fxkr ku50ut7000fxkr 비교 후기,이 글은 쿠팡파트너스 활동의 일환으로 일정액의 수수료를 제공 받습니다 거실 텔레비전 바꾸려고 알아보시는 분들 많으시죠? 아니 글쎄 저도 이번에 꼼꼼하게 따져보느라 며칠 밤을 새웠어요. 특히...,http://cafe.naver.com/1sejongcity/1941959,세종시닷컴,https://cafe.naver.com/1sejongcity,0,2,0,0,2,False
쿠팡파트너스 후기,기타,삼성전자 벽걸이형 에어컨 ar60f15d12wt 내돈내산 찐 후기,이 글은 쿠팡파트너스 활동의 일환으로 일정액의 수수료를 제공 받습니다 벌써부터 낮에는 땀이 송골송골 맺히는 게 이번 여름은 얼마나 더울지 벌써부터 겁이 나더라고요. 작년에는 오래된 냉방기 소음 때문에 잠을...,http://cafe.naver.com/1sejongcity/1946351,세종시닷컴,https://cafe.naver.com/1sejongcity,0,2,0,0,2,False
쿠팡파트너스 후기,기타,lg 스텐바이미 27ART10CMPL 27LX6TEGA 27LX6TPGA 후기 리뷰,"본게시글은 쿠팡파트너스 활동의 일환으로, 소정의 수수료를 받을수있습니다 lg 스텐바이미 27ART10CMPL 27LX6TEGA 27LX6TPGA 후기 리뷰 거실 소파, 침대, 심지어 주방에서 식사할 때도 내가 원하는 위치로 화면을 끌고...",http://cafe.naver.com/1sejongcity/1941054,세종시닷컴,https://cafe.naver.com/1sejongcity,0,2,0,0,2,False
쿠팡파트너스 후기,기타,lg 그램 14인치 14ZD90S-GX5VK 14ZD90S-GX56K 14Z95U-GS5CK 내돈내산 찐후기,"본게시글은 쿠팡파트너스 활동의 일환으로, 소정의 수수료를 받을수있습니다 단점 완벽 비교! lg 그램 14인치 14ZD90S-GX5VK 14ZD90S-GX56K 14Z95U-GS5CK 내돈내산 찐후기 매일 무거운 백팩을 메고 출퇴근하거나 도서관을...",http://cafe.naver.com/1sejongcity/1942526,세종시닷컴,https://cafe.naver.com/1sejongcity,0,2,0,0,2,False
쿠팡파트너스 후기,기타,쿠팡 파트너스 시작 전 필독! 초보자를 위한 수익 창출 기본 가이드,"제가 요즘 잠을 줄여가면서 푹 빠져 있는 게 하나 있는데, 바로 쿠팡 파트너스예요. 처음엔 이게 될까... 중요한 건 너무 광고처럼 보이지 않게 솔직한 후기나 정보를 담아서 쓰는 게 사람들에게 더 와닿는 것 같아요. 수익...",http://cafe.naver.com/cunasho/248,8분쇼핑,https://cafe.naver.com/cunasho,0,2,0,0,2,False
쿠팡파트너스 후기,기타,86um8070pua 86ut9300kna 후기,"이 글은 쿠팡파트너스 활동의 일환으로 일정액의 수수료를 제공 받습니다 아니 글쎄, 요즘 집에 있는 시간이 늘어 대형 가전을 하나 장만하려고 굳게 마음먹었어요. 제대로 된 시청 환경을 만들어보고...",http://cafe.naver.com/1sejongcity/1940646,세종시닷컴,https://cafe.naver.com/1sejongcity,0,2,0,0,2,False
쿠팡파트너스 후기,기타,120인치tv 대형tv 티비100인치 생생한 후기,이 글은 쿠팡파트너스 활동의 일환으로 일정액의 수수료를 제공 받습니다 아니 글쎄 이번에 이사를 하면서... 지금까지 제가 경험한 대형tv 구매 후기를 정리해 보았어요. 큰맘 먹고 장만한 120인치tv 덕분에 거실이 멋진...,http://cafe.naver.com/1sejongcity/1939367,세종시닷컴,https://cafe.naver.com/1sejongcity,0,2,0,0,2,False
쿠팡파트너스 후기,기타,삼성 멀티형 에어컨 AF60F17D11WRT AF60F17D11GT AF60F17D11WT 후기,"본게시글은 쿠팡파트너스 활동의 일환으로, 소정의 수수료를 받을수있습니다 올여름 필수템! 삼성 멀티형 에어컨 AF60F17D11WRT AF60F17D11GT AF60F17D11WT 후기 여름만 되면 숨 막히는 열대야와 끈적이는 습기 때문에...",http://cafe.naver.com/1sejongcity/1945989,세종시닷컴,https://cafe.naver.com/1sejongcity,0,2,0,0,2,False
쿠팡파트너스 후기,기타,삼성 75인치 TV ku75uf8500fxkr ku75uf8570fxkr 비교 후기,이 글은 쿠팡파트너스 활동의 일환으로 일정액의 수수료를 제공 받습니다 아니 글쎄 제가 이번에... 실제 사용자들의 긍정적인 평가 결정하기 전에 맘카페 후기도 밤새워 읽어보았는데요. ku75uf8500fxkr...,http://cafe.naver.com/1sejongcity/1938780,세종시닷컴,https://cafe.naver.com/1sejongcity,0,2,0,0,2,False
쿠팡파트너스 후기,기타,65nano80aea tcl55인치 필립스티비 꼼꼼 비교 후기,이 글은 쿠팡파트너스 활동의 일환으로 일정액의 수수료를 제공 받습니다 이사 준비를 하면서 거실과 안방에 새로 둘 텔레비전을 정말 꼼꼼하게 알아봤어요. 아니 글쎄 요즘은 스펙이 너무 다양해서 고르기가 쉽지...,http://cafe.naver.com/1sejongcity/1941957,세종시닷컴,https://cafe.naver.com/1sejongcity,0,2,0,0,2,False
쿠팡파트너스 후기,기타,tv50인치 50인치tv 삼성50인치티비 구매 후기,이 글은 쿠팡파트너스 활동의 일환으로 일정액의 수수료를 제공 받습니다 아니 글쎄 이번에 이사를 하면서 거실 분위기를 싹 바꿔봤는데요. 기존에 쓰던 게 너무 작아 답답해서 드디어 큰 맘 먹고 하나 장만했어요....,http://cafe.naver.com/1sejongcity/1944183,세종시닷컴,https://cafe.naver.com/1sejongcity,0,2,0,0,2,False
쿠팡파트너스 후기,기타,삼성전자 스탠드 멀티형 에어컨 af70f19d11grt af70f19d24lrt af70f17d25brt 솔직 후기,이 글은 쿠팡파트너스 활동의 일환으로 일정액의 수수료를 제공 받습니다 올여름 무더위 대비 다들 하셨나요? 작년에 선풍기로 버티다 고생했던 기억에 이번엔 일찍 냉방 가전을 알아봤어요. 아니 글쎄 제가...,http://cafe.naver.com/1sejongcity/1945452,세종시닷컴,https://cafe.naver.com/1sejongcity,0,2,0,0,2,False
쿠팡파트너스 후기,유튜브,베이직스 노트북 BB1422SS-N BB1624FW-S BP1625FW 후기 리뷰,"본게시글은 쿠팡파트너스 활동의 일환으로, 소정의 수수료를 받을수있습니다 베이직스 노트북 BB1422SS-N BB1624FW-S BP1625FW 후기 리뷰 간단한 웹서핑이나 유튜브 감상, 그리고 가벼운 문서 작업만 하면 되는데 100만 원이...",http://cafe.naver.com/1sejongcity/1940751,세종시닷컴,https://cafe.naver.com/1sejongcity,0,4,0,0,4,False
쿠팡파트너스 후기,기타,삼성 멀티형 에어컨 AF70F19D11GRT AF70F19D11GRZ AF80F17D21SRZ 내돈내산 찐후기,"본게시글은 쿠팡파트너스 활동의 일환으로, 소정의 수수료를 받을수있습니다 전기세 걱정 끝! 삼성 멀티형 에어컨 AF70F19D11GRT AF70F19D11GRZ AF80F17D21SRZ 내돈내산 찐후기 날씨가 덥고 습해질수록 예전 낡은 에어컨을...",http://cafe.naver.com/1sejongcity/1945993,세종시닷컴,https://cafe.naver.com/1sejongcity,0,2,0,0,2,False
쿠팡파트너스 후기,기타,쿠팡파트너스하는법 시작 루트,"그래서 퇴근 후 한 시간 안쪽으로 할 수 있는 사이드 프로젝트를 찾다가 쿠팡파트너스하는법을 파고들기 시작했다. 장점은 초기 비용이 거의 들지 않고, 이미 쓰는 제품 후기를 응용할 수 있다는 점이었다. 단점은 당연히...",http://cafe.naver.com/zpvkdcom/16935,"온라인보험 비교카페 - 종합,어린이,건...",https://cafe.naver.com/zpvkdcom,0,2,0,0,2,False
쿠팡파트너스 후기,기타,가성비 끝판왕 하이센스tv 내돈내산 찐 후기,이 글은 쿠팡파트너스 활동의 일환으로 일정액의 수수료를 제공 받습니다 이사를 하면서 바꾼 가전제품이 텔레비전인데요. 기존 쓰던 게 작아서 눈이 침침하고 답답했거든요. 그래서 큰 화면으로 바꾸고 싶어 며칠을...,http://cafe.naver.com/1sejongcity/1944180,세종시닷컴,https://cafe.naver.com/1sejongcity,0,2,0,0,2,False
쿠팡파트너스 후기,콘텐츠,쿠팡부업 후기 보다가 알게 된 현실 정리,"제가 후기들 보면서 깜짝 놀란 게요. 처음엔 되게 복잡할 줄 알았는데, 쿠팡부업은 결국 ‘시간투자 + 꾸준함’이 수익을 만드나봐요. 로지스틱스 알바는 시간 대비 시급이 깔끔한 편이고, 위탁판매나 파트너스는 콘텐츠...",http://cafe.naver.com/koarane/177715,리얼리뷰 공유소ㅣ내돈내산 찐리뷰 커...,https://cafe.naver.com/koarane,0,8,0,0,8,False
쿠팡파트너스 후기,기타,쿠팡부업사기 피해 회복 및 정당한 구제 절차,쿠팡 파트너스처럼 실질적인 노동력이나 홍보 기여도에 상응하는 투명한 보상 체계를 갖추고 있습니다. 하지만 쿠팡부업사기 가해자들은 단순히 특정 상품을 장바구니에 담거나 허위 후기를 작성하는 것만으로 단시간에...,http://cafe.naver.com/lgtabbook/742740,"진주엔 [경남 진주 정보 커뮤니티,동호...",https://cafe.naver.com/lgtabbook,0,2,0,0,2,False
쿠팡파트너스 후기,기타,삼성티비85인치 생생한 후기 삼성tv85인치 삼성85인치tv벽걸이,이 글은 쿠팡파트너스 활동의 일환으로 일정액의 수수료를 제공 받습니다 아니 글쎄 최근에 이사하며 오랫동안 꿈꿔왔던 거실 로망을 실현했는데요. 넷플릭스 볼 때마다 영화관 느낌을 내고 싶어 고민 끝에...,http://cafe.naver.com/1sejongcity/1943777,세종시닷컴,https://cafe.naver.com/1sejongcity,0,2,0,0,2,False
쿠팡파트너스 후기,기타,쿠팡 파트너스 지식인 도전-7일차,"쿠팡 파트너스 지식인에 도전하기 위해 7일차 후기를 남겨 보겠습니다. 1. 현재 등급: 고수 ㄴ 최소 기준인 영웅까지는 채택답변을 만족하나, 내공이 부족한 상태입니다. 역시 내공 벌기가 힘드네요! 2. 투자시간 ㄴ 하루...",http://cafe.naver.com/onepieceholicplus/4920370,"월급쟁이 재테크 연구카페(예금,적금,...",https://cafe.naver.com/onepieceholicplus,0,2,0,0,2,False
쿠팡파트너스 후기,기타,lg 그램 16인치 16Z90SU-GRF6K 16ZD90RU-GX54K 16Z90TR-ED7WK 후기,"본게시글은 쿠팡파트너스 활동의 일환으로, 소정의 수수료를 받을수있습니다 lg 그램 16인치 16Z90SU-GRF6K 16ZD90RU-GX54K 16Z90TR-ED7WK 후기 새로운 학기와 프로젝트를 맞이하여 낡은 노트북을 교체하려는데, 16인치...",http://cafe.naver.com/1sejongcity/1942530,세종시닷컴,https://cafe.naver.com/1sejongcity,0,2,0,0,2,False
쿠팡파트너스 후기,기타,75nano80aea 75nano90aka 리얼 비교 후기,이 글은 쿠팡파트너스 활동의 일환으로 일정액의 수수료를 제공 받습니다 이사 준비로 거실용 대형 텔레비전을 정말 열심히 알아봤어요. 화면 크기는 무조건 칠십오인치로 다짐했죠. 하지만 매장과 인터넷을...,http://cafe.naver.com/1sejongcity/1939369,세종시닷컴,https://cafe.naver.com/1sejongcity,0,2,0,0,2,False
쿠팡파트너스 후기,기타,삼성 멀티형 에어컨 AF60F17D11GRT AF60F17D11WRZ AF60F17D11GZ 내돈내산 찐후기,"본게시글은 쿠팡파트너스 활동의 일환으로, 소정의 수수료를 받을수있습니다 단점 완벽 비교! 삼성 멀티형 에어컨 AF60F17D11GRT AF60F17D11WRZ AF60F17D11GZ 내돈내산 찐후기 매년 여름이 다가오면 기승을 부리는...",http://cafe.naver.com/1sejongcity/1945990,세종시닷컴,https://cafe.naver.com/1sejongcity,0,2,0,0,2,False
쿠팡파트너스 후기,기타,삼성 멀티형 에어컨 AF60F19D11BRZ AF70F17D11BT AF70F17D11BZ 찐후기,"본게시글은 쿠팡파트너스 활동의 일환으로, 소정의 수수료를 받을수있습니다 디자인과 성능 모두 잡았다! 삼성 멀티형 에어컨 AF60F19D11BRZ AF70F17D11BT AF70F17D11BZ 찐후기 날이 갈수록 길어지는 폭염과 장마철의...",http://cafe.naver.com/1sejongcity/1945992,세종시닷컴,https://cafe.naver.com/1sejongcity,0,2,0,0,2,False
쿠팡파트너스 후기,기타,스레드 반자동 쿠팡파트너스 프로그램후기,"베타테스트 인원 충당할때 아파서 출근 못하고 집에서 쉬고있는데 올라오자마자 바로 했더니 당첨(?) 되었습니다 보통 제가 이런거 잘 안하는데 금액도 저렴히 올려주시고, 최근 쿠팡파트너스에 관심도 많이 생겨서...",http://cafe.naver.com/digitalcheatkey/802,디지털 노마드 치트키 - 디노키,https://cafe.naver.com/digitalcheatkey,0,2,0,0,2,False
쿠팡파트너스 후기,기타,쿠팡손부업 후기라면서 사기많다던데 이건 달랐습니다,"쿠팡손부업 후기라면서 사기많다던데 이건 달랐습니다 쿠팡 손부업, 진짜 후기들 보면 “사기다” “한 푼도... 왜 사기라고 소문났을까?] 쿠팡파트너스 자체는 정식 제도인데 이걸 빌미로 **‘돈 받고 알려주겠다’는...",http://cafe.naver.com/koarane/199734,리얼리뷰 공유소ㅣ내돈내산 찐리뷰 커...,https://cafe.naver.com/koarane,0,4,0,0,4,False
쿠팡파트너스 후기,기타,쿠팡파트너스하는법 초보도 3일 만에 수익 만든 후기!,"결국은 ‘계속하는 사람’이 이기는 구조… ───────────────── 이상으로 ""쿠팡파트너스하는법""에 대해 후기를 적어봤는데요 제 생각엔 요즘 오프라인 부업보다 온라인 부업이 훨~씬 효율적인 거...",http://cafe.naver.com/koarane/243236,리얼리뷰 공유소ㅣ내돈내산 찐리뷰 커...,https://cafe.naver.com/koarane,0,6,0,0,6,False
쿠팡파트너스 후기,블로그,쿠팡 파트너스 블로그 글 하루 1개로 수익 낸 방법,쿠팡 파트너스 블로그 글 하루 1개로 수익 낸 방법 직장 다니면서 부업한다는 게 말처럼 쉽지 않잖아요.... ───────────────── [# 어떤 글을 썼냐면요] 제품 후기형 글이 기본이에요. 예) “직접 써본...,http://cafe.naver.com/koarane/107207,리얼리뷰 공유소ㅣ내돈내산 찐리뷰 커...,https://cafe.naver.com/koarane,0,6,0,0,6,False
쿠팡파트너스 후기,기타,"쿠팡파트너스로 월 100 벌었다는 후기, 진짜일까?","쿠팡파트너스로 월 100 벌었다는 후기, 진짜일까? 요즘 SNS 하다 보면 ‘쿠팡파트너스로 월 100 벌었어요~’라는 후기 글들 종종 보이잖아요? 저도 처음엔 ""이게 진짜야...?"" 싶었는데, 요즘 직장생활도 버거운 와중에 혹시...",http://cafe.naver.com/koarane/216559,리얼리뷰 공유소ㅣ내돈내산 찐리뷰 커...,https://cafe.naver.com/koarane,0,2,0,0,2,False
쿠팡파트너스 후기,유튜브,쿠팡파트너스 쇼츠로 수익 낸 후기 공유해요,쿠팡파트너스 쇼츠로 수익 낸 후기 공유해요 요즘 유튜브쇼츠를 활용해서 돈 버는 분들 많잖아요? 근데 저처럼 애 둘 키우면서 바쁜 직장맘도… 진짜 이걸로 수익이 날 수 있을까 싶었거든요. 그러다가 쿠팡파트너스...,http://cafe.naver.com/koarane/205762,리얼리뷰 공유소ㅣ내돈내산 찐리뷰 커...,https://cafe.naver.com/koarane,0,6,0,0,6,False
쿠팡파트너스 후기,기타,lg 그램 16인치 16Z90S-GA5VK 16Z90S-GALGL 16ZD90S-GX5VK 찐후기,"본게시글은 쿠팡파트너스 활동의 일환으로, 소정의 수수료를 받을수있습니다 화면은 거대하게, 무게는 가볍게! lg 그램 16인치 16Z90S-GA5VK 16Z90S-GALGL 16ZD90S-GX5VK 찐후기 업무상 여러 개의 창을 동시에 띄워놓아야...",http://cafe.naver.com/1sejongcity/1942529,세종시닷컴,https://cafe.naver.com/1sejongcity,0,2,0,0,2,False
쿠팡파트너스 후기,기타,TCL 티비 98인치 98Q6C 98C8L 98T8C 내돈내산 찐후기,"본게시글은 쿠팡파트너스 활동의 일환으로, 소정의 수수료를 받을수있습니다 홈시네마의 끝판왕! TCL 티비 98인치 98Q6C 98C8L 98T8C 내돈내산 찐후기 영화관을 통째로 거실로 옮겨놓은 듯한 스케일의 화면을 갖는 건...",http://cafe.naver.com/1sejongcity/1941671,세종시닷컴,https://cafe.naver.com/1sejongcity,0,2,0,0,2,False
쿠팡파트너스 후기,기타,쿠팡파트너스로 투잡 시작한 후기 알려드림!,"온라인으로 수익내는 다른 방법도 궁금하지 않으세요?*] 이상으로 쿠팡파트너스로 투잡한 제 후기와 팁들을 정리해봤는데요, 요즘 세상엔 정말 다양한 부업 방식이 있고, 그중에서도 **자동화 수익**이 진짜 대세인 거...",http://cafe.naver.com/koarane/144218,리얼리뷰 공유소ㅣ내돈내산 찐리뷰 커...,https://cafe.naver.com/koarane,0,8,0,2,6,False
쿠팡파트너스 후기,기타,lg나노셀ai75 와 lg나노셀86인치 우리집 거실 비교 후기,이 글은 쿠팡파트너스 활동의 일환으로 일정액의 수수료를 제공 받습니다 새집으로 이사하며 거실 티비를 바꾸려고 정말 많이 알아봤어요. 화면 큰 걸 유독 선호하는 남편 덕에 여러 가지 브랜드를 꼼꼼히 비교하다...,http://cafe.naver.com/1sejongcity/1940643,세종시닷컴,https://cafe.naver.com/1sejongcity,0,2,0,0,2,False
쿠팡파트너스 후기,스마트스토어,"쿠팡알바여자 후기, 의외였어요","쿠팡알바여자 후기, 의외로 ○○이 많아요 혹시 요즘 부업 찾고 계신 분들 계신가요? 저는 최근에 진짜... 단순히 글만 잘 써도 상위노출되고, 스마트스토어나 쿠팡파트너스랑도 찰떡이라서 '진짜 온라인으로 돈 버는 방법...",http://cafe.naver.com/koarane/73601,리얼리뷰 공유소ㅣ내돈내산 찐리뷰 커...,https://cafe.naver.com/koarane,0,6,0,0,6,False
쿠팡파트너스 후기,기타,쿠팡파트너스수익 월 50만원 만든 현실후기,"오늘은 제가 직접 겪은 쿠팡파트너스 수익 과정, 리얼하게 공유해볼게요!... ───────────────── [# 어떤 글이 수익으로 연결될까?] 가장 잘 먹히는 건 ‘경험형 후기’였습니다. 예를 들어 ‘아이...",http://cafe.naver.com/koarane/335160,리얼리뷰 공유소ㅣ내돈내산 찐리뷰 커...,https://cafe.naver.com/koarane,0,4,0,0,4,False
쿠팡파트너스 후기,기타,[2기] 폰편집월천쿠팡 4월 수익인증 : 월급이 많아졌어요!! 총 852만원 인증합니다(네커쇼 749만원 / 쿠파스...,"네이버 커넥트 4월 총수익 : 7,493,000원 쿠팡파트너스 4월 총수익 : 1,036,988원 총수익 : 8,529,988원 3월에... 997만원이네요ㅠ 냐미쌤이 알려준대로 해서 새롭게 키우는 계정도 꼭 천만원 후기 남겨볼게요! 감사해요 냐미쌤^^",http://cafe.naver.com/dinohighclass/270396,디지털노마드 하이클래스 - 디하클 (유...,https://cafe.naver.com/dinohighclass,0,4,0,0,4,False
쿠팡파트너스 후기,배달,"쿠팡배달파트너스 수익, 현실적으로 얼마나 될까?","분들 후기 보니 생각보다 훨씬 쉽고, 수익도 빨랐어요. ───────────────── [# 저도 지금 이걸 하고 있어요!] 지금은 저도 쿠팡배달파트너스 외에 ‘자동화 퍼널 시스템’으로 수익 파이프라인을 하나...",http://cafe.naver.com/koarane/118070,리얼리뷰 공유소ㅣ내돈내산 찐리뷰 커...,https://cafe.naver.com/koarane,0,4,0,0,4,False
쿠팡파트너스 후기,기타,쿠팡 판매자로 성공하기 위한 팁,"그러던 중 친구의 추천으로 쿠팡 파트너스를 알게 되었고, 그때부터 상황이 조금씩 나아지기 시작했죠.... 고객들이 남긴 긍정적인 후기도 정말 큰 힘이 되었고요. 판매자로서의 첫걸음을 내딛고 나니, 제가 생각했던 것보다...",http://cafe.naver.com/coolishz/779461,창사영2[창업사업영업아이템]소상공인...,https://cafe.naver.com/coolishz,0,0,3,2,1,False
쿠팡파트너스 후기,기타,우리집 거실을 넓힌 65인치tv벽걸이 65인치벽걸이tv 꿀팁,"이 글은 쿠팡파트너스 활동의 일환으로 일정액의 수수료를 제공 받습니다 요즘 거실을 넓게 쓰는... 맘카페에서도 65인치벽걸이tv 후기가 너무 좋아서 결정했죠. 막상 해보니까 공간 활용도가 엄청나서, 거실장 두고...",http://cafe.naver.com/1sejongcity/1944184,세종시닷컴,https://cafe.naver.com/1sejongcity,0,2,0,0,2,False
쿠팡파트너스 후기,기타,LG전자 스탠드 멀티형 에어컨 fq20vdwhm2 꿀팁,이 글은 쿠팡파트너스 활동의 일환으로 일정액의 수수료를 제공 받습니다 벌써 날씨가 더워지면서 여름... 지금까지 직접 돈 주고 사서 써본 찐 후기를 솔직하게 정리해 보았는데요. 폭염이 시작되기 전에 혜택받고...,http://cafe.naver.com/1sejongcity/1946347,세종시닷컴,https://cafe.naver.com/1sejongcity,0,2,0,0,2,False
쿠팡파트너스 후기,기타,레노버노트북 83JG0021KR 83JE00WRKR 83SC003PKR 리뷰 후기,"본게시글은 쿠팡파트너스 활동의 일환으로, 소정의 수수료를 받을수있습니다 레노버노트북 83JG0021KR 83JE00WRKR 83SC003PKR 리뷰 후기 매일 무거운 가방을 메고 출퇴근하거나 과제를 하러 오가며 어깨가 뻐근하고...",http://cafe.naver.com/1sejongcity/1940085,세종시닷컴,https://cafe.naver.com/1sejongcity,0,2,0,0,2,False
쿠팡파트너스 후기,기타,lg그램 16인치 16Z90TP-GA5CK 16Z90TP-KA5WK 16TD90TP-GX76K 내돈내산 찐후기,"본게시글은 쿠팡파트너스 활동의 일환으로, 소정의 수수료를 받을수있습니다 단점 완벽 비교! lg그램 16인치 16Z90TP-GA5CK 16Z90TP-KA5WK 16TD90TP-GX76K 내돈내산 찐후기 매일 무거운 백팩을 메고 출퇴근하거나 미팅을 다닐...",http://cafe.naver.com/1sejongcity/1943427,세종시닷컴,https://cafe.naver.com/1sejongcity,0,2,0,0,2,False
쿠팡파트너스 후기,기타,쿠팡파트너스 pdf 후기 1일차,우선 소중한 자료파일 감사합니다 ^^ 어떻게해야하는지 무엇부터 해야할지 순서가잡히네요~ 아무것도모르는상태에서 혼자하는건 정말말이안되는 도전인듯 의욕만앞선 나머지 쿠팡파트너스 가입했었는데 탈퇴하면...,http://cafe.naver.com/friendkart/76483,아이러브 치앙마이 - 태국 방콕 파타야...,https://cafe.naver.com/friendkart,0,2,0,0,2,False
쿠팡파트너스 후기,기타,삼성 65인치 TV KQ65QF6AAFXKR KQ65QNF75AFXKR KQ65SF8EAEXKR 후기리뷰,"본게시글은 쿠팡파트너스 활동의 일환으로, 소정의 수수료를 받을수있습니다 삼성 65인치 TV KQ65QF6AAFXKR KQ65QNF75AFXKR KQ65SF8EAEXKR 후기리뷰 결혼 혼수를 준비하거나 이사를 하면서 가장 많이 고민하는 가전 중...",http://cafe.naver.com/1sejongcity/1941051,세종시닷컴,https://cafe.naver.com/1sejongcity,0,2,0,0,2,False
쿠팡파트너스 후기,기타,lg 그램 15인치 15ZD90S-GX5VK 15ZD90RU-GX54K 15ZD80T-GX56K 솔직 후기,"본게시글은 쿠팡파트너스 활동의 일환으로, 소정의 수수료를 받을수있습니다 가성비 끝판왕! lg 그램 15인치 15ZD90S-GX5VK 15ZD90RU-GX54K 15ZD80T-GX56K 솔직 후기 매일 무거운 크로스백을 메고 출퇴근하거나 미팅을...",http://cafe.naver.com/1sejongcity/1942527,세종시닷컴,https://cafe.naver.com/1sejongcity,0,2,0,0,2,False
쿠팡파트너스 후기,기타,쿠팡수익리뷰 하루 30분 투자 후기,"───────────────── [# 쿠팡에서 돈이 어떻게 벌어지나요?] ‘쿠팡파트너스’라는... 복사 붙여넣기만 해도 되고, 후기 스타일로 작성하면 더 좋고요. 시간도 오래 안 걸리고, 틈날 때마다 하기 좋아요....",http://cafe.naver.com/koarane/250040,리얼리뷰 공유소ㅣ내돈내산 찐리뷰 커...,https://cafe.naver.com/koarane,0,6,0,0,6,False
쿠팡파트너스 후기,기타,lg 그램 14인치 14ZD90S-GX5VK 14Z95U-GS5CK 14Z95U-GS5WK 후기 리뷰,"본게시글은 쿠팡파트너스 활동의 일환으로, 소정의 수수료를 받을수있습니다 단점 완벽 비교! lg 그램 14인치 14ZD90S-GX5VK 14Z95U-GS5CK 14Z95U-GS5WK 후기 리뷰 매일 무거운 가방을 메고 출퇴근하거나 도서관을 오가며...",http://cafe.naver.com/1sejongcity/1940080,세종시닷컴,https://cafe.naver.com/1sejongcity,0,2,0,0,2,False
쿠팡파트너스 후기,기타,lg 그램 16인치 16Z90S-GA5VK 16Z90TS-GS5PK 16Z90TS-GU7WK 후기 리뷰,"본게시글은 쿠팡파트너스 활동의 일환으로, 소정의 수수료를 받을수있습니다 lg 그램 16인치 16Z90S-GA5VK 16Z90TS-GS5PK 16Z90TS-GU7WK 후기 리뷰 매일 무거운 가방을 메고 출퇴근하거나 미팅을 다닐 때마다 어깨가...",http://cafe.naver.com/1sejongcity/1940747,세종시닷컴,https://cafe.naver.com/1sejongcity,0,2,0,0,2,False
쿠팡파트너스 후기,기타,레노버 씽크북 21UT005DKR 21UT000CKR 21UT005EKR 후기 리뷰,"본게시글은 쿠팡파트너스 활동의 일환으로, 소정의 수수료를 받을수있습니다 레노버 씽크북 21UT005DKR 21UT000CKR 21UT005EKR 후기 리뷰 재택근무와 외부 미팅이 잦아지면서, 보안이 철저하고 타이핑하기 편안한 제대로...",http://cafe.naver.com/1sejongcity/1940750,세종시닷컴,https://cafe.naver.com/1sejongcity,0,4,0,0,4,False
쿠팡파트너스 후기,기타,쿠팡파트너스로 부수입 벌어보려는데 진짜 가능한가요?,"배워서 제대로 해보고 싶은데, 쿠팡파트너스는 처음 시작할 때 뭐부터 준비해야 할까요? 그리고 수익 나오기까지 보통 얼마나 걸리는지도 궁금해요. 혹시 하고 계신 분들 있다면 조언이나 현실적인 후기 좀 부탁드려요!",http://cafe.naver.com/koarane/282857,리얼리뷰 공유소ㅣ내돈내산 찐리뷰 커...,https://cafe.naver.com/koarane,0,6,0,2,4,False
쿠팡파트너스 후기,기타,tv85인치 티비85인치 85인치tv벽걸이 꿀팁,이 글은 쿠팡파트너스 활동의 일환으로 일정액의 수수료를 제공 받습니다 날씨가 추워져 가족과 거실에서... 지인들 집에 가보니 티비85인치 모델이 대세라 후기를 열심히 찾았죠. 거실 공간을 위해 85인치tv벽걸이...,http://cafe.naver.com/1sejongcity/1943779,세종시닷컴,https://cafe.naver.com/1sejongcity,0,2,0,0,2,False
쿠팡파트너스 후기,기타,삼성 85인치 TV KQ85QF6AAFXKR KQ85QNF75AFXKR KQ85QNF70BFXKR KQ85QNH70AFXKR 후기 리뷰,"본게시글은 쿠팡파트너스 활동의 일환으로, 소정의 수수료를 받을수있습니다 삼성 85인치 TV KQ85QF6AAFXKR KQ85QNF75AFXKR KQ85QNF70BFXKR KQ85QNH70AFXKR 후기 리뷰 거실 소파에 앉아 넷플릭스 영화를 볼 때마다 화면이...",http://cafe.naver.com/1sejongcity/1941049,세종시닷컴,https://cafe.naver.com/1sejongcity,0,2,0,0,2,False
쿠팡파트너스 후기,기타,에이수스 젠북 UX3407QA-SB284W UX3407QA-SB296W UX3405CA-QD1069W 찐후기,"본게시글은 쿠팡파트너스 활동의 일환으로, 소정의 수수료를 받을수있습니다 압도적 휴대성과 성능의 조화, 에이수스 젠북 UX3407QA-SB284W UX3407QA-SB296W UX3405CA-QD1069W 찐후기 매일 무거운 백팩에 랩탑과 어댑터를...",http://cafe.naver.com/1sejongcity/1942046,세종시닷컴,https://cafe.naver.com/1sejongcity,0,2,0,0,2,False
쿠팡파트너스 후기,기타,lg그램 17인치 17Z90S-GA5VK 17ZD90S-GX5VK 17Z90S-GAOWK 내돈내산 찐후기,"본게시글은 쿠팡파트너스 활동의 일환으로, 소정의 수수료를 받을수있습니다 단점 완벽 비교! lg그램 17인치 17Z90S-GA5VK 17ZD90S-GX5VK 17Z90S-GAOWK 내돈내산 찐후기 매일 무거운 백팩을 메고 출퇴근하거나 미팅을 다닐...",http://cafe.naver.com/1sejongcity/1943430,세종시닷컴,https://cafe.naver.com/1sejongcity,0,2,0,0,2,False
쿠팡파트너스 후기,기타,lg 그램 16인치 16ZD90SU-GXF6K 16ZD90S-GX5VK 16T90TP-GA5CK 후기 리뷰,"본게시글은 쿠팡파트너스 활동의 일환으로, 소정의 수수료를 받을수있습니다 lg 그램 16인치 16ZD90SU-GXF6K 16ZD90S-GX5VK 16T90TP-GA5CK 후기 리뷰 노트북을 새로 장만하려고 할 때 운영체제 가격까지 더해져 예산이...",http://cafe.naver.com/1sejongcity/1940748,세종시닷컴,https://cafe.naver.com/1sejongcity,0,2,0,0,2,False
쿠팡파트너스 후기,강의,레노버 아이디어패드 82X700HWKR 82XM015VKR 82XM015WKR 후기 리뷰,"본게시글은 쿠팡파트너스 활동의 일환으로, 소정의 수수료를 받을수있습니다 레노버 아이디어패드 82X700HWKR 82XM015VKR 82XM015WKR 후기 리뷰 강의 시간에 필기하고 과제 제출용으로 가볍게 쓸 노트북이 필요한데...",http://cafe.naver.com/1sejongcity/1940749,세종시닷컴,https://cafe.naver.com/1sejongcity,0,4,0,0,4,False
쿠팡파트너스 후기,콘텐츠,"쿠팡파트너스하는법, 인스타 계정으로만 시작해도 되나요?","쿠팡파트너스하는법, 인스타 계정으로만 시작해도 되나요? 요즘 쿠팡파트너스하는법에 완전 꽂혔어요 ㅋㅋ... 현실적인 후기 좀 공유해주세요! 사실 인스타 계정은 운영한 지 좀 됐는데, 팔로워가 적은 편이라 걱정이 되긴...",http://cafe.naver.com/koarane/280819,리얼리뷰 공유소ㅣ내돈내산 찐리뷰 커...,https://cafe.naver.com/koarane,0,2,0,0,2,False
쿠팡파트너스 후기,블로그,쿠팡파트너스 요즘 트렌드 한눈에 정리,"잠잠했던 쿠팡파트너스가 요즘 다시 언급이 많아진 이유가 있더라구요. 짧은 글, 짧은 후기 형태로도 충분히 수익 연결이 가능해졌다는 점이 커요. 예전엔 블로그가 필수처럼 느껴졌는데, 지금은 카페 글이나 커뮤니티...",http://cafe.naver.com/koarane/383100,리얼리뷰 공유소ㅣ내돈내산 찐리뷰 커...,https://cafe.naver.com/koarane,0,6,0,0,6,False
쿠팡파트너스 후기,기타,tcl65인치tv 이스트라65인치 tcl65인치 구매 방법,이 글은 쿠팡파트너스 활동의 일환으로 일정액의 수수료를 제공 받습니다 요즘 거실에서 드라마 보는... 막상 후기를 찾아보니 이스트라65인치 화면이 그저 크기만 한 게 아니라는 극찬이 자자하더라고요. 매장에...,http://cafe.naver.com/1sejongcity/1941212,세종시닷컴,https://cafe.naver.com/1sejongcity,0,2,0,0,2,False
쿠팡파트너스 후기,기타,삼성 55인치 TV KQ55QF6AAFXKR KQ55SF8EAEXKR KQ55QNF70AFXKR 후기 리뷰,"본게시글은 쿠팡파트너스 활동의 일환으로, 소정의 수수료를 받을수있습니다 서브용으로 완벽한 삼성 55인치 TV 한 달 내돈내산 찐후기 안방 침대 발치나 서재에 게임용으로 편하게 쓸 세컨드 TV가 필요했는데...",http://cafe.naver.com/1sejongcity/1941052,세종시닷컴,https://cafe.naver.com/1sejongcity,0,2,0,0,2,False
쿠팡파트너스 후기,기타,"쿠팡파트너스로 월수익 만드는 법, 솔직 후기","쿠팡파트너스로 월수익 만드는 법, 솔직 후기 ───────────────── [쿠팡파트너스란?] 솔직히 처음에는 이름만 들어도 ‘뭔가 복잡하겠네’ 싶었어요. 근데 알고 보니 생각보다 심플하더라고요....",http://cafe.naver.com/koarane/46228,리얼리뷰 공유소ㅣ내돈내산 찐리뷰 커...,https://cafe.naver.com/koarane,0,4,0,0,4,False
쿠팡파트너스 후기,스마트스토어,"초보자도 도전 가능한 월 50만원 부업, 직접 알아본 후기","그래서 오늘은 초보자도 비교적 쉽게 시작할 수 있는 월 50만원 부업 종류부터 실제 후기, 현실적인 팁까지 한 번에 정리해드릴게요ㅎㅎ ◆요즘 가장 많이 하는 월 50만원 부업은?◆ 최근에는 스마트스토어, 쿠팡파트너스...",http://cafe.naver.com/uouv96/6481,오늘도 달린다 ㅣ영업·창업·부업 ㅣ...,https://cafe.naver.com/uouv96,0,6,0,0,6,False
쿠팡파트너스 후기,기타,직장인 부업 추천! 쿠팡 파트너스로 월수익 만드는 방법,"요즘 물가도 오르고, 월급만으로는 솔직히 빠듯하잖아요… 그래서 제가 오늘은 요즘 가장 핫한 부업 중 하나인 쿠팡 파트너스에 대해 가입방법부터 수익 구조, 현실 후기까지 싹~ 정리해드릴게요! ◆ 쿠팡 파트너스란?...",http://cafe.naver.com/koarane/409056,리얼리뷰 공유소ㅣ내돈내산 찐리뷰 커...,https://cafe.naver.com/koarane,0,4,0,2,2,False
쿠팡파트너스 후기,기타,lg 그램 15인치 15ZD90S-GX5VK 15U50U-GR5CK 15U50U-GA5VK 후기 리뷰,"본게시글은 쿠팡파트너스 활동의 일환으로, 소정의 수수료를 받을수있습니다 lg 그램 15인치 15ZD90S-GX5VK 15U50U-GR5CK 15U50U-GA5VK 후기 리뷰 매일 무거운 백팩을 메고 출퇴근하거나 미팅을 다니며 어깨가 뻐근하고...",http://cafe.naver.com/1sejongcity/1940081,세종시닷컴,https://cafe.naver.com/1sejongcity,0,2,0,0,2,False
쿠팡파트너스 후기,기타,쿠팡 파트너스 수익 폭발 AI 포스팅과 다이나믹 배너의 황금 배치 비밀 전략 CTR 극대화,"쿠팡 파트너스 하시는 분들, 배너 위치 어디가 명당인가요? ㅠㅠ 안녕하세요!이제 막 AI로 쿠팡 파트너스 포스팅 시작해 보려는 n개월 차 부업러입니다. ㅎㅎ 요즘 다들 생성형 AI로 정보성 글 뚝딱 뽑아서 쿠파스 배너나...",http://cafe.naver.com/insmen/1654,AI 콘텐츠 머니타이즈 (AI 수익화 전략...,https://cafe.naver.com/insmen,0,4,0,0,4,False
쿠팡파트너스 후기,기타,쿠팡파트너스 수익 솔직히 좀 놀랬어요 ㅋㅋㅋ,쿠팡파트너스 수익이 궁금해서 다른분들 후기 좀 찾아봤는데 솔직히....보고 좀 놀랬어요 물론 쿠팡파트너스 수익은 사람마다 천차만별이겠지만 기본적으로 나쁘지 않네요 달에 기본 20~30씩은 벌어가는듯 하시고 50만원...,http://cafe.naver.com/ustock/3887671,평생주식카페 (SBS 쩐의전쟁 출연 재야...,https://cafe.naver.com/ustock,0,4,0,2,2,False
쿠팡파트너스 후기,기타,쿠팡파트너스 pdf 후기입니다!!!,우선 쿠팡파트너스 pdf를 제공해주셔서 정말 감사하다고 말씀드리고 싶어요!! 현재 쿠팡파트너스를 시작했지만 수익이 미미해서 다른 방법을 찾고 있었는데이렇게 좋은 기회로 쿠파를 할수있는 방법을 알게되어 진심으로...,http://cafe.naver.com/friendkart/76779,아이러브 치앙마이 - 태국 방콕 파타야...,https://cafe.naver.com/friendkart,0,4,0,0,4,False
쿠팡파트너스 후기,기타,LG 그램 17인치 17Z90S-GA5VK 17ZD90S-GX5VK 17Z90U-GS5BK 17Z90U-GS5CK 리뷰 후기,"본게시글은 쿠팡파트너스 활동의 일환으로, 소정의 수수료를 받을수있습니다 LG 그램 17인치 17Z90S-GA5VK 17ZD90S-GX5VK 17Z90U-GS5BK 17Z90U-GS5CK 리뷰 후기 매일 무거운 가방을 메고 출퇴근하거나 미팅을 다니며 어깨가...",http://cafe.naver.com/1sejongcity/1940084,세종시닷컴,https://cafe.naver.com/1sejongcity,0,2,0,0,2,False
쿠팡파트너스 후기,기타,85qned92aga 85qned93aga 비교 완벽정리!,이 글은 쿠팡파트너스 활동의 일환으로 일정액의 수수료를 제공 받습니다 날씨가 더워지니 집에서... 신속한 배송과 설치 후기 주문하니 기사님들이 금방 방문하셨어요. 85qned93aga 조립까지 척척 진행해 주셨고...,http://cafe.naver.com/1sejongcity/1939372,세종시닷컴,https://cafe.naver.com/1sejongcity,0,2,0,0,2,False
쿠팡파트너스 후기,기타,쿠팡 손부업 후기부터 현실수익까지 알려드림,"특히 쿠팡 파트너스 같은 형태로 상품을 홍보하면, 잘만 하면 월 몇십도 가능하다는 후기도 봤어요. 저도 지금 이 방식으로 조금씩 병행 중이에요ㅎㅎ ───────────────── [ 쿠팡손부업, 어떤...",http://cafe.naver.com/koarane/138464,리얼리뷰 공유소ㅣ내돈내산 찐리뷰 커...,https://cafe.naver.com/koarane,0,4,0,0,4,False
쿠팡파트너스 후기,기타,lg그램 16인치 16Z95U-GS5ZK 16Z95U-GU7WK 내돈내산 찐후기,"본게시글은 쿠팡파트너스 활동의 일환으로, 소정의 수수료를 받을수있습니다 단점 완벽 비교! lg그램 16인치 16Z95U-GS5ZK 16Z95U-GU7WK 내돈내산 찐후기 매일 무거운 백팩을 메고 출퇴근하거나 미팅을 다닐 때마다 어깨가...",http://cafe.naver.com/1sejongcity/1943429,세종시닷컴,https://cafe.naver.com/1sejongcity,0,2,0,0,2,False
쿠팡파트너스 후기,기타,lg그램 17인치 17Z90TP-GA5CK 17Z90TR-ED7WK 17Z90TR-EA5CK 내돈내산 찐후기,"본게시글은 쿠팡파트너스 활동의 일환으로, 소정의 수수료를 받을수있습니다 단점 완벽 비교! lg그램 17인치 17Z90TP-GA5CK 17Z90TR-ED7WK 17Z90TR-EA5CK 내돈내산 찐후기 매일 무거운 백팩을 메고 출퇴근하거나 미팅을 다닐...",http://cafe.naver.com/1sejongcity/1943431,세종시닷컴,https://cafe.naver.com/1sejongcity,0,2,0,0,2,False
쿠팡파트너스 후기,기타,LG TV 86na1c90ak 86na1c90aka 구매 꿀팁,"이 글은 쿠팡파트너스 활동의 일환으로 일정액의 수수료를 제공 받습니다 요즘 날씨 탓에 주말마다... 처음엔 막막했는데, 86na1c90aka 후기를 꼼꼼히 비교해보고 선택해보니 칭찬하는 이유를 단번에 알겠더라고요....",http://cafe.naver.com/1sejongcity/1938785,세종시닷컴,https://cafe.naver.com/1sejongcity,0,2,0,0,2,False
쿠팡파트너스 후기,기타,쿠팡파트너스로 진짜 돈 버는 후기 실화임?,"이번 글에서는 쿠팡파트너스의 기본적인 개념부터 수익화 후기, 그리고 진짜 꿀팁까지 몽땅 정리해볼게요! ───────────────── [# 쿠팡파트너스, 진짜 뭐하는 건데?] 한마디로 말하자면 ""내가 홍보한...",http://cafe.naver.com/koarane/72728,리얼리뷰 공유소ㅣ내돈내산 찐리뷰 커...,https://cafe.naver.com/koarane,0,4,0,0,4,False
쿠팡파트너스 후기,기타,lg 그램 15인치 15U50R-SA5CK 15Z95U-GS5HK 15Z90U-GS5CK 15UD50T-GX5JK 후기리뷰,"본게시글은 쿠팡파트너스 활동의 일환으로, 소정의 수수료를 받을수있습니다 lg 그램 15인치 15U50R-SA5CK 15Z95U-GS5HK 15Z90U-GS5CK 15UD50T-GX5JK 후기리뷰 매일 무거운 크로스백을 메고 출퇴근하거나 카페를 오가며...",http://cafe.naver.com/1sejongcity/1940082,세종시닷컴,https://cafe.naver.com/1sejongcity,0,2,0,0,2,False
쿠팡파트너스 후기,기타,lg그램 16인치 16Z95U-GS5BK 16Z95U-GS5CK 16Z95U-GS5WK 내돈내산 찐후기,"본게시글은 쿠팡파트너스 활동의 일환으로, 소정의 수수료를 받을수있습니다 단점 완벽 비교! lg그램 16인치 16Z95U-GS5BK 16Z95U-GS5CK 16Z95U-GS5WK 내돈내산 찐후기 매일 무거운 백팩을 메고 출퇴근하거나 미팅을 다닐...",http://cafe.naver.com/1sejongcity/1943428,세종시닷컴,https://cafe.naver.com/1sejongcity,0,2,0,0,2,False
쿠팡파트너스 후기,스마트스토어,쿠팡파트너스 해보신 분 후기 궁금합니다,"쿠팡파트너스가 괜찮다는 말은 들었는데 실제로 해보신 분들의 후기가 궁금합니다. 수익 구조나 현실적인 수익 가능성, 진짜 초보자도 시작할 수 있는지 알고 싶네요. 이전에 블로그, 스마트스토어, 재택부업 등을...",http://cafe.naver.com/koarane/64556,리얼리뷰 공유소ㅣ내돈내산 찐리뷰 커...,https://cafe.naver.com/koarane,0,12,0,2,10,False
쿠팡파트너스 후기,기타,쿠팡파트너스 단점 장점 솔직 후기,"트렌드 타는 게 진짜 중요한 듯 싶습니다 ───────────────── 이상으로 쿠팡파트너스 단점, 장점 그리고 솔직 후기를 얘기해봤어요. 근데 저는 부업 하면서 느낀 게, 단순히 하나만 하는 것보단 여러...",http://cafe.naver.com/koarane/21021,리얼리뷰 공유소ㅣ내돈내산 찐리뷰 커...,https://cafe.naver.com/koarane,0,4,0,0,4,False
쿠팡파트너스 후기,기타,"[찐후기]네이버 수익인증후, 두번째 쿠팡파트너스 수익인증!! 될수밖에 없는 이유~","네이버, 쿠팡 매일 두곳만 공략해도.. 한달에 우상향하는 수익을 낼겁니다... 점점 늘어나는 수익으로 .. 기분 너무 좋습니다. 여러분도 도전해보세요. 진짜.. 복사+ 붙쳐넣기 이것만 했습니다. 돈 버는 꿀팁 정보 알려드려요!...",http://cafe.naver.com/koarane/198734,리얼리뷰 공유소ㅣ내돈내산 찐리뷰 커...,https://cafe.naver.com/koarane,0,4,0,0,4,False
쿠팡파트너스 후기,기타,lgqnedevo75인치 lgqned75인치 총정리 할인 혜택!,이 글은 쿠팡파트너스 활동의 일환으로 일정액의 수수료를 제공 받습니다 벌써 이사한 지 한 달이네요.... 질을 수직 상승시킨 인생 가전 직접 써본 후기인데요. 왜 진작 안 샀나 싶을 정도로 완벽한 휴식을 주는...,http://cafe.naver.com/1sejongcity/1940642,세종시닷컴,https://cafe.naver.com/1sejongcity,0,2,0,0,2,False
쿠팡파트너스 후기,강의,빠대님 탑클래스 쿠팡 후기 : 쿠팡 파트너스 입문자라면 무조건 들어야 하는 강의!,"빠대님 탑클래스 쿠팡 후기 : 쿠팡 파트너스 입문자라면 무조건 들어야 하는 강의! 쿠팡 파트너스에 대해 여기저기서 듣긴 했지만, ‘과연 나도 할 수 있을까?’ 싶은 마음에 계속 망설이기만 했어요. 무강을 듣기전까진...",http://cafe.naver.com/dinohighclass/60674,디지털노마드 하이클래스 - 디하클 (유...,https://cafe.naver.com/dinohighclass,0,2,0,0,2,False
쿠팡파트너스 후기,기타,쿠팡야간알바 단가 괜찮다던데 후기 있나요?,"주말에만 해도 한 달 수익 꽤 괜찮게 나온다는 후기 봤어요~ ───────────────── [# 꼭 알아둬야 할 앱 사용 꿀팁] 모든 게 ‘쿠팡파트너스’ 앱 안에서 돌아가니까, 이 앱 완전 필수템이에요! 콜 잡기...",http://cafe.naver.com/koarane/54180,리얼리뷰 공유소ㅣ내돈내산 찐리뷰 커...,https://cafe.naver.com/koarane,0,4,0,2,2,False
쿠팡파트너스 후기,기타,"쿠팡포장알바 후기, 나도 해봤는데 현실은 이랬다~","오늘은 제가 직접 해본 쿠팡포장알바의 리얼 후기부터, 주의사항까지 찐경험담을 공유해볼게요!... *] 요즘은 쿠팡포장알바 하면서 스마트폰으로 앱테크, 쿠팡파트너스 같은 부업도 같이 하시는 분들 많대요! 실제로 같은...",http://cafe.naver.com/koarane/138808,리얼리뷰 공유소ㅣ내돈내산 찐리뷰 커...,https://cafe.naver.com/koarane,0,4,0,0,4,False
쿠팡파트너스 후기,기타,쿠팡 입장에서는 파트너스가 득인 건지.. 모르겠네요 ㅎ,"남의 쿠팡 후기들 모아서 복붙해놓은 글들. 정말 지긋지긋, 징글징글, 피로감이 장난 아니에요 ㅎㅎ 파트너스로 얼마나 수익을 내는지 모르겠지만.. 본인이 직접 쿠팡에서 구매하고 사용한 물건에 대해서 후기 올리고...",http://cafe.naver.com/imsanbu/57403451,맘스홀릭 베이비 (360만 엄마들의 임신...,https://cafe.naver.com/imsanbu,0,2,0,0,2,False
쿠팡파트너스 후기,기타,[쿠팡파트너스] 낚시성 광고에 대한 얕은 지식 공유합니다.,것이 쿠팡파트너스라는 시스템입니다. 이걸로 돈을 꽤 많이 버는 사람도 있다고 합니다. 그만큼 부지런히... 사진없으면 심심하니 양주 빵집 식음료 후기 남겨야하는데;;; 시간이 지나니 잘 안써지네요..,http://cafe.naver.com/hotellife/1675769,[스사사] 스마트컨슈머들의 호텔/항공...,https://cafe.naver.com/hotellife,0,2,0,0,2,False
쿠팡파트너스 후기,기타,갤럭시 S26 플러스 쿠팡 사전예약 혜택 [256GB → 512GB 업그레이드],"=이 포스팅은 쿠팡 파트너스 활동의 일환으로, 이에 따른 일정액의 수수료를 제공받습니다= [↓오늘의... 최신 칩셋 들어가서 게임 돌려도 끊김 거의 없다는 후기가 많구요. 발열 관리도 꽤 안정적이라는 얘기 있어서...",http://cafe.naver.com/koarane/409686,리얼리뷰 공유소ㅣ내돈내산 찐리뷰 커...,https://cafe.naver.com/koarane,0,0,3,0,3,False
쿠팡파트너스 후기,기타,"쿠팡파트너스 방법, 진짜 쉬운 꿀팁 모음","쿠팡파트너스 방법, 진짜 쉬운 꿀팁 모음 요즘 육아하면서 부업 찾는 분들 진짜 많으시죠? 저도 두 아이... ‘우리 아기 쓰는 보습크림’, ‘신랑이 감동한 안마기’ 이런 식으로 실제 사용 후기를 같이 올려주면 신뢰가 확...",http://cafe.naver.com/koarane/326309,리얼리뷰 공유소ㅣ내돈내산 찐리뷰 커...,https://cafe.naver.com/koarane,0,4,0,0,4,False
쿠팡파트너스 후기,기타,"혹시 쿠팡파트너스, 아직도 어렵게만 느껴지시나요?","수익인증, 후기, 교육자료 전부 확인 가능하고요, 60대분들도 챗GPT와 함께 쉽게 따라하고 계시다고 하니, **쿠팡파트너스 시작이 어려웠던 분들**도 지금 이 기회로 새롭게 도전해보셔도 좋아요!...",http://cafe.naver.com/koarane/362025,리얼리뷰 공유소ㅣ내돈내산 찐리뷰 커...,https://cafe.naver.com/koarane,0,4,0,0,4,False
쿠팡파트너스 후기,배달,쿠팡이츠 알바 도보로 해봤는데… 생각보다 수익 괜찮네요 (방법 공유),요즘 부업 뭐 할까 찾아보다가 쿠팡이츠 알바 한번 해봤는데.. 생각보다 괜찮아서 후기 남겨요~ 차나 오토바이 있어야 되는 줄 알았는데 알아보니까 도보 배달도 가능하더라고요. 저처럼 운동도 할 겸 소소하게 돈 벌고 싶은...,http://cafe.naver.com/directwedding/8787757,다이렉트 결혼준비,https://cafe.naver.com/directwedding,0,6,0,0,6,False
쿠팡파트너스 후기,기타,써마지리프팅 효과 시기는 언제일까요? 히트업써마지600샷 남자후기.,강남 압구정피부과에서 써마지리프팅 600샷 받고 3일차라 간단하게 후기 남깁니다. 직장 다니면서 쿠팡파트너스 같은걸로 조금씩 부수입 모으다가 이걸로 관리 한번 해보자 싶어서 써마지리프팅 받아봤어요.ㅎㅎ 30대 중반...,http://cafe.naver.com/feko/10651354,『여우야』뷰티카페 (성형수술/화장품...,https://cafe.naver.com/feko,0,4,0,0,4,False
쿠팡파트너스 후기,블로그,쿠팡파트너스 처음 해봤는데 수익 나네요~^^,"쿠팡파트너스 처음 해봤는데 수익 나네요~^^ 그동안 ‘이건 진짜 좋다’ 싶은 제품은 블로그나 인스타에 꼭... 블로그에 사용 후기 올리고, 인스타 스토리에 “이거 괜찮다”고 올렸는데 일주일 만에 7,200원 수익 발생!...",http://cafe.naver.com/koarane/343617,리얼리뷰 공유소ㅣ내돈내산 찐리뷰 커...,https://cafe.naver.com/koarane,0,6,0,0,6,False
쿠팡파트너스 후기,기타,쿠팡파트너스부업 난이도 낮고 수익 쏠쏠한 이유,쿠팡파트너스부업 난이도 낮고 수익 쏠쏠한 이유 ───────────────── 솔직히 요즘... 자세히 후기처럼 써주면 효과가 커요! 특히 사진이랑 간단한 사용팁도 같이 올리면 믿음이 팍 가더라구요. 처음엔...,http://cafe.naver.com/koarane/368425,리얼리뷰 공유소ㅣ내돈내산 찐리뷰 커...,https://cafe.naver.com/koarane,0,6,0,0,6,False
쿠팡파트너스 후기,기타,쿠팡파트너스 해보려고요!,"예) 후기1회 작성시 친목 게시글1회,댓글1회 작성해주세요 --------------------------------------------------------------------------------------------------- 쿠팡파트너스 해보려고요! 쿠팡 저도 워낙 많이 이용해서 할까말까 고민했는데 일단...",http://cafe.naver.com/miznett/2582920,미즈넷-임신 육아 임산부 교육 뷰티 아...,https://cafe.naver.com/miznett,0,2,0,0,2,False
쿠팡파트너스 후기,기타,쿠팡파트너스 자동화로 처음으로 월 80 찍었는데... 솔직히 기쁘기보다 멍한 게 더 커요 ㅠㅠ,"------------------------------------------------- 지난달 쿠팡파트너스 수익 정산 확인하다가 진짜 눈 비볐어요. 78만... 카테고리는 주방/생활용품 좁게 잡았고, 상품 설명이랑 후기 큐레이션은 AI가 초안 잡아줘서 제가 살짝 손만...",http://cafe.naver.com/coodos14/16849,[바코돈] 바이브코딩돈버는카페-오픈클...,https://cafe.naver.com/coodos14,0,4,0,0,4,False
쿠팡파트너스 후기,블로그,AI 자동블로그로 재택부업 시작한 솔직 후기,"◆AI 자동블로그로 많이 하는 수익화 방식◆ 대표적으로 애드포스트, 애드센스, 쿠팡파트너스 같은 광고형... 관련 후기들 보니까 “생각보다 금방 적응했다”는 반응들이 진짜 많았어요 ◆초보자가 AI 자동블로그 시작할...",http://cafe.naver.com/cafemakecafebest/40712,세상모든꿀팁 ㅣ영업·창업·부업·투...,https://cafe.naver.com/cafemakecafebest,0,10,0,0,10,False
쿠팡파트너스 후기,기타,lg 티비 55UK752P0NB & 75UK752P0NB 상세 후기,"본게시글은 쿠팡파트너스활동의 일환으로, 소정의 수수료를 받을수있습니다 선명한 울트라 HD의 감동, lg 티비 55UK752P0NB & 75UK752P0NB 상세 후기 안녕하세요! 거실이나 안방에 둘 스마트 TV를 찾고 계시는데...",http://cafe.naver.com/1sejongcity/1937729,세종시닷컴,https://cafe.naver.com/1sejongcity,0,2,0,0,2,False
쿠팡파트너스 후기,블로그,쿠팡지게차알바 후기 궁금해서 제가 직접 알아봄!,"쿠팡지게차알바 후기 궁금해서 제가 직접 알아봄! 요즘 여기저기서 쿠팡 알바 이야기 많이 들리잖아요. 근데... 쿠팡파트너스, 블로그, 인스타, 카페 어디든 활용 가능하고 GPT랑 연결해서 자동화 시스템까지 만들 수...",http://cafe.naver.com/koarane/104638,리얼리뷰 공유소ㅣ내돈내산 찐리뷰 커...,https://cafe.naver.com/koarane,0,4,0,2,2,False
쿠팡파트너스 후기,기타,쿠팡파트너스하는법 진짜 어렵네요,"쿠팡파트너스하는법 진짜 어렵네요 쿠팡파트너스하는법 검색해서 하나하나 따라했는데도 수익이 거의... 처음엔 간단하다는 말에 혹해서 시작했는데, 알고 보면 키워드 전략, 후기 작성, 노출 타이밍까지 다 전략이...",http://cafe.naver.com/koarane/2343,리얼리뷰 공유소ㅣ내돈내산 찐리뷰 커...,https://cafe.naver.com/koarane,0,4,0,0,4,False
쿠팡파트너스 후기,기타,lg 티비 65QNED65ABA & 75QNED65ABA 상세 후기 리뷰,"본게시글은 쿠팡파트너스활동의 일환으로, 소정의 수수료를 받을수있습니다 퀀텀닷과 나노셀의 경이로운 만남, lg 티비 65QNED65ABA & 75QNED65ABA 상세 후기 안녕하세요! 거실 TV를 고를 때 LED TV의 화질은 다소...",http://cafe.naver.com/1sejongcity/1937727,세종시닷컴,https://cafe.naver.com/1sejongcity,0,2,0,0,2,False
쿠팡파트너스 후기,기타,쿠팡파트너스 후기) 9.6일 수익.jpg,,http://cafe.naver.com/onepieceholicplus/3436952,"월급쟁이 재테크 연구카페(예금,적금,...",https://cafe.naver.com/onepieceholicplus,0,4,0,0,4,False
쿠팡파트너스 후기,기타,쿠팡파트너스 pdf 후기 입니다^^,은메달되자마자 바로 신청해서 받았습니다 오늘아침에 정독해서 읽었는데 정말 아무것도 모르는 완전 초보가 봐도 이해할 수 있을만큼 친절하고 디테일한 내용이 담겨있었습니다 그리고 저는 쿠팡파트너스를 한달 정도...,http://cafe.naver.com/friendkart/76724,아이러브 치앙마이 - 태국 방콕 파타야...,https://cafe.naver.com/friendkart,0,2,0,0,2,False
쿠팡파트너스 후기,기타,요즘 쿠팡파트너스 얘기 많아서 이유가 뭔지 알아봤어요,"도대체 왜 이렇게 다들 쿠팡파트너스 얘기를 하는 걸까 싶어서요. 그래서 며칠 동안 직접 찾아보고, 후기들도 쭉 살펴봤어요. 오늘은 그 이유를 제 기준에서 솔직하게 정리해보려고 해요....",http://cafe.naver.com/koarane/274529,리얼리뷰 공유소ㅣ내돈내산 찐리뷰 커...,https://cafe.naver.com/koarane,0,2,0,0,2,False
쿠팡파트너스 후기,블로그,"블로그만 있다면 누구나 할 수 있다는 쿠팡파트너스, 진짜일까 궁금해서 해봤어요.","직접 시작해본 후기와 함께, 요즘 핫한 쿠팡파트너스에 대한 정보들을 정리해봤어요. “이거 나도 해도 되나?” 고민하시는 분들이라면 이 글 꼭 끝까지 읽어보세요. ───────────────── [# 요즘 왜 다들...",http://cafe.naver.com/koarane/369456,리얼리뷰 공유소ㅣ내돈내산 찐리뷰 커...,https://cafe.naver.com/koarane,0,4,0,2,2,False
쿠팡파트너스 후기,기타,"쿠팡파트너스 부업, 생각보다 어려운 이유,진짜 현실 수익 이야기","───────────────── [경쟁이 생각보다 치열한 이유] 쿠팡파트너스는 진입장벽이 낮은 만큼 경쟁자가 너무 많아요. 비슷한 상품, 비슷한 글, 비슷한 후기들이 넘쳐나요. 검색해보면 이미 상위는 거의...",http://cafe.naver.com/koarane/342521,리얼리뷰 공유소ㅣ내돈내산 찐리뷰 커...,https://cafe.naver.com/koarane,0,6,0,0,6,False
쿠팡파트너스 후기,기타,요즘 쿠팡파트너스 알아보는데... 이게 진짜 괜찮은 걸까?,"제가 알아보니, 관련 커뮤니티나 후기 사이트에서 다른 분들의 경험담을 참고하는 것도 큰 도움이 되더라고요. 꼼꼼하게 준비해서 도전해보세요! 많은 분들이 실제로 쿠팡파트너스를 통해 부수입을 얻고 있다고 해요....",http://cafe.naver.com/koarane/161191,리얼리뷰 공유소ㅣ내돈내산 찐리뷰 커...,https://cafe.naver.com/koarane,0,4,0,0,4,False
쿠팡파트너스 후기,블로그,브랜드 커넥트 하는 방법? 인플루언서 ㅠㅠ,약간 쿠팡 파트너스같이 상품 소개하고 판매되면 수수료 받는 구조더라구요. 저도 블로그는 계속 하고 있어서... 실제로 해보신 분 계실까요? 최근에 나온거라 그런지 쿠팡에 비교했을 때 후기가 별로 없어요 ㅠㅠㅠ,http://cafe.naver.com/clubpet/4640394,"냥이네-고양이를 사랑하는 모임,길 고...",https://cafe.naver.com/clubpet,0,2,0,0,2,False
쿠팡파트너스 후기,기타,쿠팡파트너스 초보도시작하는방법,───────────────── [쿠팡파트너스로 수익낸 사람들 후기] 이건 진짜 주변에서도 많이 들렸어요. 출퇴근하면서 심심할 때 글 올리던 분이 한 달 만에 30만 원 수익 찍었다고 하더라구요. 아기 키우는...,http://cafe.naver.com/koarane/130625,리얼리뷰 공유소ㅣ내돈내산 찐리뷰 커...,https://cafe.naver.com/koarane,0,4,0,0,4,False
쿠팡파트너스 후기,강의,쿠팡 파트너스 강의 후기,이전에도 쿠팡파트너스 게시글을 올린 적은 있었지만 수익은 거의 제로였는데 이번 강의를 통해서 쿠팡파트너스를 통해 의미있는 실적을 거둘 수 있을 것 같아 기대가 되네요~ 좋은 성적으로 또 후기 남기도록 하겠습니다...,http://cafe.naver.com/hongsinyeo/2500,그녀의 도약,https://cafe.naver.com/hongsinyeo,0,6,0,0,6,False
쿠팡파트너스 후기,기타,LG 엘지 통돌이 세탁기 21kg T21MX9A 최저가 혜택으로 부모님께 선물 후기! ㅎㅎ,"""이 게시글은 쿠팡파트너스 활동의 일환으로, 판매 발생 시 수수료를 제공받습니다."" LG 엘지 통돌이 세탁기 21kg T21MX9A 효도 후기 안녕하세요! 매번 본가 갈 때마다 세탁기 소리가 천둥 치는 것 같아서 마음 쓰였던...",http://cafe.naver.com/1sejongcity/1919156,세종시닷컴,https://cafe.naver.com/1sejongcity,0,2,0,0,2,False
쿠팡파트너스 후기,기타,쿠팡파트너스 수익나는 글 유형 3가지 알려드림,처음 시작하는 분들한테도 도움 될 수 있게 꿀팁까지 꽉꽉 담았어요 쿠팡파트너스 수익나는 글 유형 3가지 ───────────────── [#1. 실사용 후기글이 제일 먹힌다!] 진짜 찐으로 써보고 남긴 후기는...,http://cafe.naver.com/koarane/332455,리얼리뷰 공유소ㅣ내돈내산 찐리뷰 커...,https://cafe.naver.com/koarane,0,4,0,0,4,False
쿠팡파트너스 후기,기타,쿠팡파트너스로 소득 올리는 꿀팁 대방출,쿠팡파트너스로 소득 올리는 꿀팁 대방출 쿠팡파트너스로 소득 올리는 꿀팁 대방출 요즘 부업 찾는 친구들이... ───────────────── [실제 경험 후기] 저는 시작 2주 만에 첫 수익을 보고 깜짝 놀랐어요...,http://cafe.naver.com/koarane/270370,리얼리뷰 공유소ㅣ내돈내산 찐리뷰 커...,https://cafe.naver.com/koarane,0,6,0,0,6,False
쿠팡파트너스 후기,콘텐츠,요즘 20대들이 쿠팡보다 '이걸'로 돈 번다는데?,"물론 쿠팡파트너스로 수익 나는 분도 있어요. 근데 이건 트래픽이 진짜 많아야 하고, SEO도 알아야 하고, 정말 치열한 경쟁 속에서 살아남아야 하더라구요. 그에 비해 후기 부업이나 자동화 콘텐츠 루트는 훨씬 가볍고...",http://cafe.naver.com/koarane/230515,리얼리뷰 공유소ㅣ내돈내산 찐리뷰 커...,https://cafe.naver.com/koarane,0,8,0,0,8,False
쿠팡파트너스 후기,기타,쿠팡파트너스 한달 수익 공개 솔직히 말해보면,"───────────────── [쿠팡파트너스 시작 계기 솔직 후기] 처음 시작한 계기는 정말 단순했어요. 집에서 핸드폰으로도 가능하다는 말에 혹했달까요 ㅎㅎ 가입 자체는 어렵지 않았고, 승인도 생각보다...",http://cafe.naver.com/koarane/306051,리얼리뷰 공유소ㅣ내돈내산 찐리뷰 커...,https://cafe.naver.com/koarane,0,4,0,0,4,False
쿠팡파트너스 후기,콘텐츠,쿠팡파트너스하는법 하루 10분 투자로 바뀐 일상,───────────────── [# 쿠팡파트너스 꿀팁 몇 가지] ✔️ 실사용 후기 중심의 콘텐츠 작성 ✔️ 제목엔 키워드 꼭 포함시키기 ✔️ 시즌 이슈 상품은 선점해서 올리기 ✔️ 일상형 콘텐츠에 자연스럽게...,http://cafe.naver.com/koarane/195057,리얼리뷰 공유소ㅣ내돈내산 찐리뷰 커...,https://cafe.naver.com/koarane,0,6,0,0,6,False
쿠팡파트너스 후기,기타,쿠팡알바로 하루 10만원? 진짜 가능한 이야기일까,그래서 오늘은 쿠팡알바에 대한 정보랑 후기들 정리해서 공유해볼게요! 쿠팡알바로 하루 10만원? 진짜... 쿠팡파트너스 공식 홈페이지나 쿠팡친구 앱에서 쉽게 가능해요. Q3. 주말만 할 수 있나요? 네! 스케줄 선택...,http://cafe.naver.com/koarane/338752,리얼리뷰 공유소ㅣ내돈내산 찐리뷰 커...,https://cafe.naver.com/koarane,0,2,0,0,2,False
블로그 부업 수익,블로그,주부블로그부업 수익나는 구조,"블로그부업 수익나는 구조를 아시나요 주부로 지내다 보면 하루가 정말 빠르게 지나갑니다. 아이 챙기고, 집안일 하다 보면 나만을 위한 시간은 늘 부족하죠. 그래도 마음 한편엔 조금이라도 내 수입을 만들고 싶다는...",http://cafe.naver.com/koarane/363226,리얼리뷰 공유소ㅣ내돈내산 찐리뷰 커...,https://cafe.naver.com/koarane,0,6,0,0,6,False
블로그 부업 수익,블로그,블로그부업 수익 이야기 현실적으로 해보면,"아 이거… 제대로 하면 가능성 있겠다 싶었달까요 ───────────────── [블로그부업 수익 구조 현실] 블로그부업 수익은 한 방에 크게 터진다기보단, 차곡차곡 쌓이는 느낌이에요. 처음엔 하루 몇 백 원...",http://cafe.naver.com/koarane/351760,리얼리뷰 공유소ㅣ내돈내산 찐리뷰 커...,https://cafe.naver.com/koarane,0,6,0,0,6,False
블로그 부업 수익,블로그,블로그 부업사기 피해자를 위한 피해금 회수 법적 절차는,"블로그 부업사기 피해자를 위한 피해금 회수 법적 절차는 블로그 부업사기로 인한 피해가 최근 급격히 증가하고 있으며 네이버 블로그, 티스토리 등 국내 주요 블로그 플랫폼을 활용한 부업으로 고수익을 올릴 수 있다는...",http://cafe.naver.com/culturebloom/3216008,"컬처블룸★체험,리뷰,라이프,건강,맛집...",https://cafe.naver.com/culturebloom,0,6,0,0,6,False
블로그 부업 수익,블로그,블로그부업 할 때 꼭 알아야 할 수익구조 정리해드림~,"도대체 수익이 어떻게 나는 건지도 모르겠고 그래서 오늘은 제가 직접 해보면서 깨달은 블로그부업 수익 구조부터, 초보자들이 흔히 놓치는 부분까지~ 알차게 정리해드릴게요! [# 블로그 수익의 진짜 핵심은 '글'이...",http://cafe.naver.com/koarane/160383,리얼리뷰 공유소ㅣ내돈내산 찐리뷰 커...,https://cafe.naver.com/koarane,0,6,0,0,6,False
블로그 부업 수익,블로그,"블로그부업으로 수익 내는 법, 이제는 자동화가 답이에요.","진짜 부업이 아니라 ‘시스템 수익’ 느낌이에요 ───────────────── [블로그부업, 수익은 얼마나 될까?] 물론 사람마다 다르지만, 하루 1시간 투자로 월 50~200만 원은 충분히 가능해요. 특히 광고...",http://cafe.naver.com/koarane/99425,리얼리뷰 공유소ㅣ내돈내산 찐리뷰 커...,https://cafe.naver.com/koarane,0,8,0,0,8,False
블로그 부업 수익,블로그,블로그부업 수익 구조 진짜 이렇게 된다구요,"블로그부업 수익 구조 진짜 이렇게 된다구요 혹시 요즘 블로그부업 궁금해하시는 분들 계신가요? 저도 사실 반신반의하면서 시작했는데, 생각보다 구조가 단순하고 수익도 금방 나더라구요. 그래서 오늘은 제가...",http://cafe.naver.com/koarane/26977,리얼리뷰 공유소ㅣ내돈내산 찐리뷰 커...,https://cafe.naver.com/koarane,0,6,0,2,4,False
블로그 부업 수익,유튜브,"월급 외 수익 50만 원, '직장인 부업' 실패하지 않는 현실적인 로드맵","기반 부업 (블로그, 인스타그램, 유튜브) 가장 진입장벽이 낮으면서도 폭발력이 큽니다. 단순히 일상을 기록하는 것이 아니라, '타인의 문제를 해결해 주는 정보'를 가공해야 합니다. 수익 구조: 애드센스 광고 수익, 협찬...",http://cafe.naver.com/mkas1/1959585,행복재테크ㅣ부동산 투자 경매 창업 직...,https://cafe.naver.com/mkas1,0,8,0,0,8,False
블로그 부업 수익,블로그,애드포스트 블로그부업 수익 잘 나나요?,블로그부업 애드포스트 요즘 많이하는거 같은데 수익이 어느정도 나는지 궁금해요 애드포스트 가입하고 그냥 블로그만 작성하면 수익이 난다 해가지고 해볼까하는데 평균수익?이 궁금해서 글남겨용 네이버에는...,http://cafe.naver.com/apktorrent/30529,레시다 | 레이디 시크릿 다이어트(식단...,https://cafe.naver.com/apktorrent,0,6,0,2,4,False
블로그 부업 수익,블로그,"블로그부업사기, 피해를 예방하는 현명한 대처법",블로그부업사기 조직은 범죄 수익금을 신속하게 세탁하기 때문에 골든타임을 확보하는 것이 무엇보다 중요합니다. 즉시 112나 금융감독원에 신고하여 해당 입금 계좌에 대한 지급 정지를 신청하는 것이 피해를 최소화하는...,http://cafe.naver.com/allfm01/2048917,"전기차동호회-아이오닉5 6 9,EV3 EV4 ...",https://cafe.naver.com/allfm01,0,6,0,0,6,False
블로그 부업 수익,블로그,블로그 부업 사기 피해자가 반드시 알아야 할 수법과 대처 기준,블로그 부업 사기는 수익을 위해 초기 비용 납부를 요구하는 순간이 핵심 경보 신호입니다. 어떤 명목으로든 선납금을 요구받는 즉시 참여를 중단하고 공식 기관에 신고하시기 바랍니다. 광고 책임 법무법인 : 호경 대표...,http://cafe.naver.com/kig/19436100,ㆍ피터팬의 좋은방 구하기ㆍ,https://cafe.naver.com/kig,0,6,0,0,6,False
블로그 부업 수익,블로그,블로그부업 글쓰기만 해도 수익 나온 후기,"블로그부업 글쓰기만 해도 수익 나온 후기 블로그가 요즘 다시 뜨고 있다는 얘기, 들어보셨나요? 처음엔 나도 “블로그로 무슨 돈을 벌어?” 싶었는데, 지금은 일하면서 짬짬이 쓴 글로 매달 수익이 들어오고 있어요ㅎㅎ...",http://cafe.naver.com/koarane/204033,리얼리뷰 공유소ㅣ내돈내산 찐리뷰 커...,https://cafe.naver.com/koarane,0,6,0,0,6,False
블로그 부업 수익,블로그,블로그부업 2026년 수익화 방법 전략 최신,요즘 물가 생각하면 작은 수익이라도 있는 게 체감이 다르잖아요. 그래서 저는 지금도 루틴처럼 블로그부업 이어가는 중이에요. 혹시 블로그부업 관심 있었는데 어디서 시작해야 할지 고민이었다면 이런 방식도 한 번...,http://cafe.naver.com/kig/19429921,ㆍ피터팬의 좋은방 구하기ㆍ,https://cafe.naver.com/kig,0,6,0,0,6,False
블로그 부업 수익,블로그,"블로그부업, 어떻게 하는걸까? 알려드려요","시간 날 때 수익을 벌 수 있는 방법! 블로그부업 관심있는 분들 많으신데요! 수익을 내는 방법은 단지 글을 쓰는 것을 넘어 방문자들을 만들고, 이를 수익으로 이어지게 해준답니다. 그럼 블로그부업으로 돈버는 방법...",http://cafe.naver.com/eovhskfktmak/4635,4050 우리들의 두번째 시작[은퇴 국민...,https://cafe.naver.com/eovhskfktmak,0,6,0,0,6,False
블로그 부업 수익,블로그,온라인부업으로 월수익 만드는 현실적인 방법,저도 직접 찾아보니까 진입장벽이 많이 낮아진 게 느껴지더라구요 ◆초보도 가능한 수익 구조 만들기◆ 온라인부업의 핵심은 꾸준한 트래픽과 전환 구조입니다. 블로그나 SNS에 콘텐츠를 쌓으면서 자연스럽게 수익으로...,http://cafe.naver.com/cafemakecafebest/23736,세상모든꿀팁 ㅣ영업·창업·부업·투...,https://cafe.naver.com/cafemakecafebest,0,8,0,0,8,False
블로그 부업 수익,블로그,블로그로 부업하기 수익공개 후기,"그 짧은 시간을 어떻게 써야할까 고민하다가, “블로그로 부업하기”를 알게 됐고 지금은 소소하지만 확실한 수익이 생기고 있어요. ───────────────── [* 블로그로 돈을 벌 수 있다고요?] 네. 실제로...",http://cafe.naver.com/koarane/262799,리얼리뷰 공유소ㅣ내돈내산 찐리뷰 커...,https://cafe.naver.com/koarane,0,6,0,0,6,False
블로그 부업 수익,블로그,블로그부업 진짜 수익 나나요? 해보신 분 있나요?,"블로그부업 진짜 수익 나나요? 해보신 분 있나요? 요즘 진짜 블로그부업 관련해서 검색을 자주 하고 있어요. 회사 월급만으로는 점점 빠듯해지는데, 투잡으로 무리 없는 선에서 돈을 벌 수 있는 게 없을까 하다가 블로그...",http://cafe.naver.com/koarane/214687,리얼리뷰 공유소ㅣ내돈내산 찐리뷰 커...,https://cafe.naver.com/koarane,0,8,0,0,8,False
블로그 부업 수익,블로그,"AI활용 실전 전략, 블로그와 부업 수익 올리는 방법","AI활용 실전 전략, 블로그와 부업 수익 올리는 방법 AI활용 방법과 실무 적용법을 정리하면 블로그광고수익과 재택부업에도 큰 도움이 돼요. 40~50대 직장인과 프리랜서도 쉽게 따라할 수 있는 전략입니다....",http://cafe.naver.com/koarane/57083,리얼리뷰 공유소ㅣ내돈내산 찐리뷰 커...,https://cafe.naver.com/koarane,0,8,0,0,8,False
블로그 부업 수익,블로그,블로그 부업 글쓰기만으로도 되는 현실적인 수익구조,혹시 블로그 부업과 함께 빠른 수익 파이프라인을 만들고 싶은 분들이라면? 지금 이 타이밍에 딱 한 번은 확인해볼 만한 것 같아요. ───────────────── ■더 자세한 자동화 수익 구조가 궁금하다면...,http://cafe.naver.com/koarane/151681,리얼리뷰 공유소ㅣ내돈내산 찐리뷰 커...,https://cafe.naver.com/koarane,0,6,0,2,4,False
블로그 부업 수익,블로그,글쓰기부업이 블로그수익까지 이어진 이유,"‘글쓰기부업’의 현실과 블로그수익까지 이어지는 이유에요. 대해 풀어보려구요. ───────────────── [✍️ 글쓰기부업, 생각보다 시작이 쉬웠던 이유] 처음에는 뭐부터 시작해야 할지 몰랐거든요....",http://cafe.naver.com/koarane/78239,리얼리뷰 공유소ㅣ내돈내산 찐리뷰 커...,https://cafe.naver.com/koarane,0,6,0,0,6,False
블로그 부업 수익,블로그,블로그수익 이제는 부업으로 충분한가,"개인적으로 느낀 건, 이제는 단순 블로그 부업 시대는 지난 것 같아요. 블로그는 도구일 뿐이고, 진짜 중요한 건 수익 구조더라구요. 그래서 요즘은 블로그에 자동화 퍼널을 같이 붙이는 방식이 눈에 들어왔어요. 이게 되면...",http://cafe.naver.com/koarane/257107,리얼리뷰 공유소ㅣ내돈내산 찐리뷰 커...,https://cafe.naver.com/koarane,0,6,0,0,6,False
블로그 부업 수익,블로그,"요즘 AI자동수익 부업, 진짜 가능한 이유 알려드릴게요","요즘은 진짜 AI 하나만 잘 활용해도 부업부터 온라인수익까지 가능하다고 해서 엄청 화제더라구요! 특히... ◆요즘 AI자동수익이 뜨는 이유◆ 최근에는 챗GPT 같은 AI툴을 활용해서 블로그 글쓰기, 홍보문구 제작, 이미지...",http://cafe.naver.com/koarane/567790,리얼리뷰 공유소ㅣ내돈내산 찐리뷰 커...,https://cafe.naver.com/koarane,0,6,0,0,6,False
블로그 부업 수익,블로그,"요즘 뜨는 프리랜서 부업, 집에서도 가능한 현실적인 수익방법 정리!","◆요즘 가장 많이 하는 프리랜서 부업은?◆ 최근에는 블로그 운영, 전자책 판매, 디자인 외주, 영상편집... 느낌이었어요ㅎㅎ ◆프리랜서 부업 수익은 현실적으로 어느정도일까?◆ 이 부분이 가장 궁금하실텐데요! 사실...",http://cafe.naver.com/cafemakecafebest/34836,세상모든꿀팁 ㅣ영업·창업·부업·투...,https://cafe.naver.com/cafemakecafebest,0,6,0,2,4,False
블로그 부업 수익,블로그,블로그 부업으로 돈이 좀 되나요?,친구의 친구가 네이버블로그로 월에 50~100 정도 추가 수익이 들어온다고 하는데 그친구는 인플루언서도... 벌어갈수 있는지 궁금해서요 혹시 부업인데 좀 전문적으로 블로그 하시는 분들 계신가요? 월 30 가능할까요?,http://cafe.naver.com/dieselmania/46861738,●디젤매니아● 대한민국 일등 패션 커...,https://cafe.naver.com/dieselmania,0,6,0,2,4,False
블로그 부업 수익,블로그,"육아 블로그, 아이 낮잠 시간 30분 동안 블로그 부업 현실적으로 가능할까요?","둘째 낳고 집에 있으면서 뭔가 소소하게 수익 만들어보고 싶은데요, 주변에서 육아 블로그로 협찬도 받고 부수입도 생겼다는 얘기를 들었거든요. 근데 솔직히 아이 재우고 나면 30분도 채 안 남는 것 같아요. 그 짧은 시간에...",http://cafe.naver.com/cantsb/3303386,국내1위 다이어트 커뮤니티 씨씨앙(식...,https://cafe.naver.com/cantsb,0,8,0,0,8,False
블로그 부업 수익,블로그,집에서하는부업 블로그수익 가능할지 솔직히 고민돼요,집에서하는부업 블로그수익 가능할지 솔직히 고민돼요 요즘 집에서하는부업을 계속 찾아보고 있는데요. 회사 다니면서 월급만으로는 너무 빠듯해서 뭔가라도 해야겠다는 생각이 들더라구요. 블로그로 수익 낸다는 글은...,http://cafe.naver.com/koarane/284657,리얼리뷰 공유소ㅣ내돈내산 찐리뷰 커...,https://cafe.naver.com/koarane,0,6,0,0,6,False
블로그 부업 수익,블로그,"초보 블로그 부업, 티스토리와 네이버 수익 차이는 이렇습니다","혹시 블로그 수익, 글쓰기 부업, 퍼널마케팅 궁금한 분이라면? 이 기회 절대 놓치지 마세요 ───────────────── ■ 글 한 편이 통장에 수익으로 꽂히는 구조, 지금 시작해보세요! ↓↓자동화 수익...",http://cafe.naver.com/koarane/262672,리얼리뷰 공유소ㅣ내돈내산 찐리뷰 커...,https://cafe.naver.com/koarane,0,6,0,2,4,False
블로그 부업 수익,블로그,육아맘부업 블로그수익 진짜 가능한지요,"집에서 할 수 있는 블로그수익 이야기를 보면 다들 쉽게 말하는데, 막상 시작하려니 겁부터 나요. 예전에 이것저것 부업을 조금씩 해봤는데 결과가 별로라서 더 망설여지구요. 그래도 아이 키우면서 밖에 나가 일하기는...",http://cafe.naver.com/koarane/273384,리얼리뷰 공유소ㅣ내돈내산 찐리뷰 커...,https://cafe.naver.com/koarane,0,6,0,0,6,False
블로그 부업 수익,블로그,집에서손부업 시작했더니 블로그수익까지 연결되네요,"집에서손부업 시작했더니 블로그수익까지 연결되네요 혹시 요즘 부수입 관심 있으신 분들 계실까요? 저는 평범한 30대 직장인인데요, 주말이나 퇴근 후에 뭔가 생산적인 일을 해보고 싶더라구요. 그래서 이것저것 찾다가...",http://cafe.naver.com/koarane/107742,리얼리뷰 공유소ㅣ내돈내산 찐리뷰 커...,https://cafe.naver.com/koarane,0,8,0,0,8,False
블로그 부업 수익,블로그,블로그부업 이걸로 투잡 하는데 몰랐어?,"그게 바로 수익으로 이어지니까, 점점 더 의욕이 생겨요✨  [*블로그부업 수익은 어느 정도냐구요?*] 사람마다 다르지만, 저처럼 회사 다니면서 부업으로 하는 분들은 월 30만원~100만원 정도는 현실적으로 가능하다고...",http://cafe.naver.com/koarane/44618,리얼리뷰 공유소ㅣ내돈내산 찐리뷰 커...,https://cafe.naver.com/koarane,0,8,0,0,8,False
블로그 부업 수익,블로그,집에서 하루 30분으로 가능한 블로그 부업 알아봤어요,"최근에는 블로그 부업으로 추가 수익 만드는 분들이 정말 많아졌더라구요ㅎㅎ 특히 초기 비용 부담 없이 시작 가능하다는 점 때문에 직장인이나 육아맘, 학생분들까지 관심이 계속 커지는 분위기입니다! 그래서 오늘은...",http://cafe.naver.com/uouv96/5546,오늘도 달린다 ㅣ영업·창업·부업 ㅣ...,https://cafe.naver.com/uouv96,0,6,0,0,6,False
블로그 부업 수익,블로그,블로그 부업 원고알바로 안전하게 수익 만드는법,무엇보다 블로그 부업의 장점은 시간을 내가 원하는 대로 쓸 수 있다는 거예요. 주말에 몰아서 해도 되고 퇴근 후 잠깐 짬을 내서 작성해도 수익이 쌓이니 생활에 전혀 무리가 없었어요. 환급도 1:1로 현금화가 가능해서...,http://cafe.naver.com/rc003/295077,구미부동산이야기 (김천 아파트 교육 ...,https://cafe.naver.com/rc003,0,6,0,0,6,False
블로그 부업 수익,블로그,블로그부업 어떻게 하면 수익이 잘 나는지 알려드림,"되는 사람은 되고, 안 되는 사람은 계속 안 되더라구요 ───────────────── [# 수익 잘 나는 블로그부업의 핵심은?] 결론부터 말하면 “상위노출”이에요. 내 글이 네이버에 노출 안 되면 아무도 안...",http://cafe.naver.com/koarane/41858,리얼리뷰 공유소ㅣ내돈내산 찐리뷰 커...,https://cafe.naver.com/koarane,0,6,0,0,6,False
블로그 부업 수익,블로그,블로그광고수익으로 부업하는 사람의 현실 후기,"블로그광고수익으로 부업하는 사람의 현실 후기 혹시 블로그광고수익에 관심 있는 분들 계세요? 요즘은 SNS도 많고 영상플랫폼도 잘 나가니까, 블로그는 좀 시들해졌나..? 싶었는데요! 진짜 웃긴 건, 요즘 다시 블로그...",http://cafe.naver.com/koarane/186527,리얼리뷰 공유소ㅣ내돈내산 찐리뷰 커...,https://cafe.naver.com/koarane,0,6,0,0,6,False
블로그 부업 수익,블로그,블로그재택알바 부업으로 시작해서 수익낸 찐후기 알려드림,블로그재택알바 부업으로 시작해서 수익낸 찐후기 알려드림 요즘 진짜 부업 찾는 사람들 많쥬..? 저도 애기 어린이집 보내고 시간이 좀 남으니까 “뭐라도 하나 해야겠다~” 싶더라구요ㅎㅎ 그러다가 알게 된 게 바로 이...,http://cafe.naver.com/koarane/247106,리얼리뷰 공유소ㅣ내돈내산 찐리뷰 커...,https://cafe.naver.com/koarane,0,8,0,0,8,False
블로그 부업 수익,블로그,"재택부업 수익 내는 사람들의 공통점, 딱 하나였습니다","재택부업 종류 정리◆ 요즘 인기 있는 재택부업은 크게 3가지로 나눌 수 있어요. 1) 콘텐츠 기반 (블로그, SNS)... 재택부업으로 수익을 내는 사람들을 보면 공통점이 딱 하나 있습니다. 바로 ‘꾸준함 + 올바른 방법’이에요....",http://cafe.naver.com/cafemakecafebest/23078,세상모든꿀팁 ㅣ영업·창업·부업·투...,https://cafe.naver.com/cafemakecafebest,0,10,0,0,10,False
블로그 부업 수익,블로그,블로그부업으로 진짜 수익 만들 수 있냐고요?,"블로그부업으로 진짜 수익 만들 수 있냐고요? 진짜 블로그로 돈 벌 수 있어요…? 솔직히 저도 그렇게 생각했어요ㅋㅋ 처음엔 “이거 뭐 2000년대 얘기 아냐?” 싶었는데요, 요즘은 이게 오히려 뉴트로처럼 다시...",http://cafe.naver.com/koarane/101908,리얼리뷰 공유소ㅣ내돈내산 찐리뷰 커...,https://cafe.naver.com/koarane,0,6,0,0,6,False
블로그 부업 수익,블로그,"GPT 부업, AI로 수익 만드는 방법 찾아봤습니다",---------------------------------- ◆GPT 부업 수익 구조◆ GPT 부업의 수익 구조는 대부분 콘텐츠 기반 구조로 이루어져 있습니다. 예를 들어 블로그 글 작성 정보 콘텐츠 제작 상품 소개 콘텐츠 같은 글을 작성하면 검색을 통해...,http://cafe.naver.com/koarane/437182,리얼리뷰 공유소ㅣ내돈내산 찐리뷰 커...,https://cafe.naver.com/koarane,0,8,0,0,8,False
블로그 부업 수익,블로그,주부 재택부업 수익 후기 경험까지 정리해봤어요,"그리고 수익 후기까지 함께 정리해 보려고 합니다. ◆요즘 많이 하는 주부 재택부업 종류◆ 요즘은 집에서도 할 수 있는 일들이 꽤 다양해졌습니다. 블로그 운영, 온라인 홍보, 간단한 콘텐츠 작성 같은 일들이 대표적인...",http://cafe.naver.com/koarane/440253,리얼리뷰 공유소ㅣ내돈내산 찐리뷰 커...,https://cafe.naver.com/koarane,0,10,0,0,10,False
블로그 부업 수익,블로그,주말 부업 사이트 추천 해주세요!,"사람 상대 많이 안하는 일 선호 요즘 쿠x파트너스나 원고 대필 부업, 블로그 부업 같은것도 많이 보이긴 하는데 직접 해보신 분들 중에서 정말 현실적으로 주말에만 가능한 부업 사이트가 있을까요? 시간 대비 수익이...",http://cafe.naver.com/engmstudy/3117340,● 짠돌이카페 ● 짠돌이부자되기(재테...,https://cafe.naver.com/engmstudy,0,6,0,2,4,False
블로그 부업 수익,블로그,블로그수익화 가능한 방법 TOP5｜요즘 가장 인기 있는 블로그부업,"◆블로그부업 현실 수익은 어느 정도일까? 블로그수익화 수익은 사람마다 정말 차이가 큽니다. 어떤 분들은 한 달에 몇만 원 정도의 소소한 부업 수익을 만들기도 하고, 어떤 분들은 월 수백만 원 이상의 수익을 만들기도...",http://cafe.naver.com/koarane/422941,리얼리뷰 공유소ㅣ내돈내산 찐리뷰 커...,https://cafe.naver.com/koarane,0,6,0,0,6,False
블로그 부업 수익,유튜브,"ai부업수익후기추천 글 찾는 분들 많아서, 저도 한동안 꽤 많이 찾아봤어요.",AI블로그자동화 AI유튜브제작 AI자동화 AI수익화 AI부업 ai돈벌기 AI돈버는방법 ai유튜브 ai블로그 ai틱톡 ai인스타 ai숏폼 ai부업 ai돈벌기 ai챗gpt ai제미나이 ai수익화 ai자동화 ChatGPT활용법 챗GPT자동화 제미나이활용법...,http://cafe.naver.com/suid/48134,AI자동화/수익화/부업 AI영상/콘텐츠/...,https://cafe.naver.com/suid,0,8,0,2,6,False
블로그 부업 수익,블로그,"무자본재택부업, 블로그로 수익 나는 구조 알려드릴게요",예: “30대 여성이 경험한 블로그 부업 후기 1000자 써줘” 이렇게만 입력하면 바로 글이 뚝딱 나오거든요. 저도 그걸 활용해서 수익형 블로그 글을 매일 1~2개씩 쓰고 있어요....,http://cafe.naver.com/koarane/67381,리얼리뷰 공유소ㅣ내돈내산 찐리뷰 커...,https://cafe.naver.com/koarane,0,8,0,0,8,False
블로그 부업 수익,블로그,육아맘부업으로 블로그 시작해보려는데 수익이 진짜 나긴 하나요?,"육아맘부업으로 블로그 시작해보려는데 수익이 진짜 나긴 하나요? 요즘 블로그 부업으로 돈 번다는 분들 많던데… 저도 해보고 싶긴 하거든요. 아기가 낮잠 잘 때마다 이것저것 검색해보는데, 다들 잘 된다 잘 된다 말만...",http://cafe.naver.com/koarane/287749,리얼리뷰 공유소ㅣ내돈내산 찐리뷰 커...,https://cafe.naver.com/koarane,0,6,0,0,6,False
블로그 부업 수익,블로그,"스마트폰 부업 수익 후기, 실제 경험담 중심으로 정리했어요",특히 커뮤니티나 블로그를 보면 스마트폰 부업으로 수익이 발생했다는 후기들도 종종 보이고요. 그래서 호기심이 생겨서 관련 글들과 실제 경험담들을 꽤 많이 찾아봤습니다. 오늘은 제가 알아본 스마트폰 부업 수익...,http://cafe.naver.com/koarane/437100,리얼리뷰 공유소ㅣ내돈내산 찐리뷰 커...,https://cafe.naver.com/koarane,0,6,0,0,6,False
블로그 부업 수익,블로그,블로그부업 꿀팁 공유해요~,"뉴트리원 공식 사이트에 뉴크리에이터라는 시스템이 있는데, 이게 진짜 수익 구조가 괜찮더라구요. 블로그부업 찾는 분들한테 진짜 강추! 블로그에 내가 먹고 있는 영양제 후기 쓰면서 상세페이지 하단에 있는 공유하기...",http://cafe.naver.com/15668981/4639772,"임산부모여라 알럽맘-임신,출산,육아,...",https://cafe.naver.com/15668981,0,6,0,0,6,False
블로그 부업 수익,블로그,"블로그 부업, 공구마켓 교육 강의요..","스토어팜 운영하면서 매장운영중인데 부수입이라도 벌고싶어서, 이렇게 저렇게 알아보고있는데 블로그 부업, 수익, 공구마켓 강의 이렇게 묶어서 200~300만원정도의 교육비를내는 형태의 교육에 대해서 여쭙고자합니다....",http://cafe.naver.com/soho/3891264,"★쇼핑몰창업,스마트스토어,스토어팜,...",https://cafe.naver.com/soho,0,10,0,0,10,False
블로그 부업 수익,블로그,블로그부업 시작했더니 수익이 이렇게 나더라구요,이게 바로 블로그부업을 '진짜 수익형'으로 바꾸는 포인트였어요! ───────────────── [# 퍼널 마케팅? 처음엔 생소했지만… 대박임] “퍼널 마케팅”이라는 말 처음 들었을 땐 저도 멍했어요ㅋㅋ 근데...,http://cafe.naver.com/2022star/37465,"재테크마을 - N잡,부업,보험,창업,투잡...",https://cafe.naver.com/2022star,0,6,0,0,6,False
블로그 부업 수익,블로그,"요즘 뜨는 온라인 강의 부업, 진짜 수익 가능할까?","좋은 콘텐츠를 만들어도 노출이 안되면 수익으로 이어지기 어렵기 때문인데요, 그래서 요즘은 블로그나 카페마케팅을 함께 배우는 분들이 많아지는 것 같아요! ◆실제 후기에서 많이 보이는 공통점◆ 온라인 강의 부업...",http://cafe.naver.com/uouv96/9840,오늘도 달린다 ㅣ영업·창업·부업 ㅣ...,https://cafe.naver.com/uouv96,0,10,0,0,10,False
블로그 부업 수익,블로그,"요즘 블로그협찬, 제대로 활용하면 부업 수익도 짭짤하다구요!","요즘 블로그협찬, 제대로 활용하면 부업 수익도 짭짤하다구요! 주말마다 집에서 넷플릭스만 보던 저인데요. 어느 날 인스타에서 우연히 '블로그협찬 부업'이라는 글을 보고 관심이 생긴 거 있죠? 이게 진짜 괜찮은...",http://cafe.naver.com/koarane/169992,리얼리뷰 공유소ㅣ내돈내산 찐리뷰 커...,https://cafe.naver.com/koarane,0,6,0,0,6,False
블로그 부업 수익,블로그,네이버쇼핑커넥트부업 자동수익 비밀,네이버쇼핑커넥트부업 수익은 얼마나 되나요? A. 개인차가 크지만 월 몇만원에서 몇백만원까지 차이가 큽니다. 구조 설계 여부가 핵심이에요. Q. 블로그 없어도 가능한가요? A. 가능은 하지만 블로그나 SNS 채널이 있으면...,http://cafe.naver.com/koarane/396078,리얼리뷰 공유소ㅣ내돈내산 찐리뷰 커...,https://cafe.naver.com/koarane,0,6,0,0,6,False
블로그 부업 수익,기타,"스마트폰으로 할 수 있는 부업, 현실적으로 뭐가 있을까요?","스마트폰 부업 찾아보면 앱테크, 리워드 앱, 설문조사 알바가 항상 나오는데 솔직히 시간 대비 수익이 너무 낮아서 의미 있는 부수입이 안 되는 것 같더라고요. 스마트폰 하나로 할 수 있으면서 시간 투자 대비 효율이 좋은...",http://cafe.naver.com/1sejongcity/1945036,세종시닷컴,https://cafe.naver.com/1sejongcity,0,8,0,0,8,False
블로그 부업 수익,블로그,"네이버블로그수익, 직장인도 가능한 부업일까 궁금해서 알아봤습니다","네이버블로그수익, 직장인도 가능한 부업일까 궁금해서 알아봤습니다 요즘 주변에서 블로그로 수익 낸다는 얘기 종종 들리더라구요. 특히 네이버블로그수익은 생각보다 접근이 쉬워서 직장인인 저도 관심이 생겼습니다....",http://cafe.naver.com/koarane/84315,리얼리뷰 공유소ㅣ내돈내산 찐리뷰 커...,https://cafe.naver.com/koarane,0,6,0,2,4,False
블로그 부업 수익,블로그,네이버블로그수익 진짜 가능할까? 요즘 핫한 부업 이유는,"네이버블로그수익 진짜 가능할까? 요즘 핫한 부업 이유는 요즘 블로그 다시 뜨는 거 아시죠? 예전엔 일기처럼 쓰던 공간이었는데, 요즘은 ‘수익형 블로그’로 완전 핫해요 솔직히 저도 반신반의하면서 시작했는데요...",http://cafe.naver.com/koarane/89631,리얼리뷰 공유소ㅣ내돈내산 찐리뷰 커...,https://cafe.naver.com/koarane,0,6,0,0,6,False
블로그 부업 수익,블로그,블로그광고수익 알아보다가 뜻밖의 현실적인 부업 발견함!,"하루 30분 투자로 월 1,000만원 수익인증까지 한 자동화 퍼널시스템을 그대로 복제해 준다고 하네요~ 60대분들도 따라할 수 있는 챗gpt를 이용한 홍보방법까지 싹 다 교육해준다고 하니, 혹시 블로그광고수익, 부업...",http://cafe.naver.com/koarane/235164,리얼리뷰 공유소ㅣ내돈내산 찐리뷰 커...,https://cafe.naver.com/koarane,0,8,0,0,8,False
블로그 부업 수익,블로그,블로그 부업으로 소소하게 수익,"블로그 부업으로 소소하게 용돈벌이 하고 싶은데 어떻게 하는건가요? 이번 달 블로그로 얼마 들어왔다면서 수익 내시는 분들 종종 본 것 같은데, 블로그 글 열심히 쓰고 있긴한데 수익 내는 방법은 전혀 모르겠네요ㅜㅜ",http://cafe.naver.com/ohanggong/1690086,&lt;오행공&gt; 오산맘들의 행복한 공간,https://cafe.naver.com/ohanggong,0,6,0,0,6,False
블로그 부업 수익,블로그,"육아맘부업, 집에서도 수익 만들기 가능할까?","SNS 활용, 블로그 글쓰기, 카페 홍보까지 배우면 매출과 부업 수익을 동시에 잡을 수 있답니다. 솔직히? 저도 이거 배우고 나면 수익을 더 효율적으로 올릴 수 있겠다 싶었어요ㅎㅎ 온라인 마케팅을 배우는 것만으로도...",http://cafe.naver.com/koarane/328709,리얼리뷰 공유소ㅣ내돈내산 찐리뷰 커...,https://cafe.naver.com/koarane,0,8,0,0,8,False
블로그 부업 수익,블로그,"집에서 가능한 쿠팡부업, 블로그수익까지 연결 꿀팁","집에서 가능한 쿠팡부업, 블로그수익까지 연결 꿀팁 쿠팡부업을 고민하고 계신가요? 요즘 많은 분이 집에서 짬짬이 쿠팡부업을 시작하면서 블로그수익까지 올리고 있어요. 저도 처음엔 작은 호기심으로 시작했는데...",http://cafe.naver.com/koarane/57049,리얼리뷰 공유소ㅣ내돈내산 찐리뷰 커...,https://cafe.naver.com/koarane,0,6,0,0,6,False
블로그 부업 수익,블로그,블로그 부업사기 피해구제 단계별 대응 전략,"하지만 일정한 패턴으로 이어지는 흐름을 보면 블로그 부업사기 구조와 유사한 형태가 반복되는 경우가 있습니다. 특히 단순한 수익 안내처럼 시작되지만, 점점 더 구체적인 비용 요구로 이어지는 과정이 나타난다면...",http://cafe.naver.com/pusanmommy/1426948,부산맘 카페 - 부산 맘카페 결혼 웨딩...,https://cafe.naver.com/pusanmommy,0,6,0,0,6,False
블로그 부업 수익,블로그,에어비앤비부업 시작 전 꼭 알아야 할 수익 구조,"블로그보다 쉬운 카페 마케팅 방법, 챗GPT 활용해서 글 쓰는 법, 초기 비용 없이도 수익 구조 만드는 방식까지. 하루 30분 투자로도 가능하다는 점이 제일 끌렸어요. ───────────────── 에어비앤비부업도...",http://cafe.naver.com/koarane/378546,리얼리뷰 공유소ㅣ내돈내산 찐리뷰 커...,https://cafe.naver.com/koarane,0,8,0,0,8,False
블로그 부업 수익,블로그,워드프레스 시작한 뒤 부업수익이 달라졌어요,"주부가 부업까지 한다는 게 쉽진 않잖아요. 근데 그 어려운 걸 제가 해냈습니다…ㅋㅋ 워드프레스 덕분에요! 블로그는 오래 했지만, 뭔가 수익화로 연결되진 않아서 늘 아쉬웠거든요. 그러다 우연히 워드프레스에 대해...",http://cafe.naver.com/koarane/363336,리얼리뷰 공유소ㅣ내돈내산 찐리뷰 커...,https://cafe.naver.com/koarane,0,6,0,0,6,False
블로그 부업 수익,블로그,컴퓨터부업 재택알바로 진짜 수익 날까?,"진짜 수익이 날까? 궁금해서 직접 도전해보게 되었어요 ───────────────── [ 컴퓨터부업, 어떤 일들이 있을까?] 가장 대표적인 건 역시 데이터라벨링, 타이핑, 블로그 포스팅 같은 일이에요. 요즘엔...",http://cafe.naver.com/koarane/290370,리얼리뷰 공유소ㅣ내돈내산 찐리뷰 커...,https://cafe.naver.com/koarane,0,8,0,2,6,False
블로그 부업 수익,블로그,"온라인 마케팅 부업, 수익 진짜 나는 구조는?","저희 엄마도 블로그 수익 중이에요 ㅋㅋㅋ ───────────────── 이상으로 ""온라인 마케팅 부업""에 대해 정리해봤는데요. 제 생각에는 지금 이 시점에 가장 핫하고 확실한 부업이 바로 이 온라인 마케팅...",http://cafe.naver.com/koarane/301698,리얼리뷰 공유소ㅣ내돈내산 찐리뷰 커...,https://cafe.naver.com/koarane,0,6,0,0,6,False
블로그 부업 수익,유튜브,"초보자 부업, 진짜 수익 나는 방법 따로 있었다?","유튜브나 블로그 정보만 보고 따라하다 보면, 중간에 막히는 구간이 꼭 생기거든요. 저도 초반에 이 부분에서 많이 헤맸던 기억이 나네요 ◆진짜 수익 나는 부업의 공통점◆ 수익이 나는 부업은 공통적으로 ‘자동화...",http://cafe.naver.com/koarane/522656,리얼리뷰 공유소ㅣ내돈내산 찐리뷰 커...,https://cafe.naver.com/koarane,0,8,0,0,8,False
블로그 부업 수익,블로그,재택포장부업 하루 2시간으로 진짜 수익 날까?,"온라인으로 수익 내는 분들도 많더라구요. 특히 카페 마케팅, 블로그 부업 같은 건 진짜 핫 이거 한 번 배워두면 시간도 적게 들고, 수익은 더 크다고 하니까 솔깃~ 저도 요즘은 부업의 스펙트럼을 넓히고 싶은 마음이 점점...",http://cafe.naver.com/koarane/357942,리얼리뷰 공유소ㅣ내돈내산 찐리뷰 커...,https://cafe.naver.com/koarane,0,8,0,0,8,False
블로그 부업 수익,블로그,경제적자유부업 실제 수익 후기 알려드림,"─────────────────── [* 제가 실제로 해본 경제적자유부업 3가지] 1. 블로그+파트너스 수익 2. 인스타그램 자동화 마케팅 3. GPT 활용 콘텐츠 업로드 수익 셋 다 무자본으로 시작했고, 시간 투자 대비...",http://cafe.naver.com/koarane/326550,리얼리뷰 공유소ㅣ내돈내산 찐리뷰 커...,https://cafe.naver.com/koarane,0,10,0,0,10,False
블로그 부업 수익,블로그,수원부업 하루 2시간으로 수익낸 비결은?,"블로그 지수 올리는 챗봇을 선물로 주신대요! 부업 찾는 분, 수익 안 나서 고민인 분들께 완전 강추 ───────────────── ■수원부업 고민되셨다면, 이 강의부터 꼭 들어보세요! 진짜... 판도 바뀝니다...",http://cafe.naver.com/koarane/270244,리얼리뷰 공유소ㅣ내돈내산 찐리뷰 커...,https://cafe.naver.com/koarane,0,8,0,0,8,False
블로그 부업 수익,블로그,온라인 부업으로 수익 늘리기,"기존에는 월급만 생각했지만, 온라인 부업을 시작하고 나서는 다양한 방법으로 수익을 올릴 수 있다는 걸 알게 되었어요. 예를 들어, 내가 좋아하는 주제를 가지고 블로그를 운영하면서 광고 수익도 생기고, 제품 리뷰를...",http://cafe.naver.com/coolishz/780563,창사영2[창업사업영업아이템]소상공인...,https://cafe.naver.com/coolishz,0,6,0,0,6,False
블로그 부업 수익,블로그,"챗GPT 사용법 하나 익혔더니, 부업 수익이 3배나 뛰었네요","챗GPT 사용법 하나 익혔더니, 부업 수익이 3배나 뛰었네요 요즘 챗GPT 모르면 대화가 안 될 정도로 핫하죠?... ""블로그에 올릴 정보성 글 좀 써줘""라고 하면 진짜 사람이 쓴 것처럼 매끄럽게 글을 뚝딱 만들어줘요. 예전엔...",http://cafe.naver.com/koarane/389111,리얼리뷰 공유소ㅣ내돈내산 찐리뷰 커...,https://cafe.naver.com/koarane,0,6,0,0,6,False
블로그 부업 수익,블로그,재택부업+챗GPT로 수익난 후기 알려드림,저도 반신반의했는데요… 지금은 웬만한 알바보다 수익이 더 나와요! 그래서 오늘은 제가 어떻게 시작했고... 활용한 블로그 부업이 제일 현실적이더라구요 ───────────────── [챗GPT 활용해서 글쓰기?...,http://cafe.naver.com/koarane/277333,리얼리뷰 공유소ㅣ내돈내산 찐리뷰 커...,https://cafe.naver.com/koarane,0,8,0,0,8,False
블로그 부업 수익,블로그,부업수익창출 현실적으로 되는 방법,"부업수익창출 현실적으로 되는 방법 요즘 진짜 주변만 봐도 부업 얘기 안 나오는 데가 없는 것 같아요. 저도... 블로그보다 쉬운 카페 상위노출 방법도 알려주고, AI를 활용해서 글을 빠르게 만드는 방법도 공유해준대요....",http://cafe.naver.com/koarane/310525,리얼리뷰 공유소ㅣ내돈내산 찐리뷰 커...,https://cafe.naver.com/koarane,0,6,0,0,6,False
블로그 부업 수익,블로그,번역부업 단 1개로 영어 실력과 수익 동시에,"예를 들어, 번역한 문서를 기반으로 블로그나 SNS에 글을 올리면, 자연스럽게 방문자 수가 늘고 수익이 증가하는 거죠. 이걸로 **번역부업** 수익을 두 배로 늘릴 수 있어요!...",http://cafe.naver.com/koarane/250516,리얼리뷰 공유소ㅣ내돈내산 찐리뷰 커...,https://cafe.naver.com/koarane,0,6,0,0,6,False
블로그 부업 수익,블로그,챗GTP부업 수익구조가 궁금하다면 이 글,"챗GTP부업 수익구조가 궁금하다면 이 글 혹시 요즘 '챗GTP부업'이라는 말 많이 들어보셨나요? 저도 처음엔... 특히 요즘은 글쓰기나 광고 문구, 블로그 포스팅, 심지어 전자책 제작까지도 이 AI가 도와주니 시간도 아끼고...",http://cafe.naver.com/koarane/273006,리얼리뷰 공유소ㅣ내돈내산 찐리뷰 커...,https://cafe.naver.com/koarane,0,6,0,2,4,False
블로그 부업 수익,블로그,디자인부업 초보도 가능한 수익 분야 모음,"예를 들어, ‘SNS 마케팅’이나 ‘블로그 마케팅’을 통해 **디자인부업**을 홍보하면 수익이 더 늘어요. 저도 처음에는 디자인 부업을 하면 수익이 어떻게 늘어날지 몰랐지만, 결국 ‘자동화 퍼널 마케팅’을 통해 수익을...",http://cafe.naver.com/koarane/254086,리얼리뷰 공유소ㅣ내돈내산 찐리뷰 커...,https://cafe.naver.com/koarane,0,6,0,0,6,False
블로그 부업 수익,스마트스토어,"육아부업 처음 시작하면 꼭 겪는 시행착오, 이건 알고 가세요","육아부업 수익은 바로 크게 나오진 않습니다 특히 블로그나 쇼핑몰은 시간이 필요한 구조입니다 처음에는 몇천원, 몇만원 이렇게 시작되는데 이게 쌓이면서 커집니다 육아부업은 노동형과 자산형으로 나뉘는데 둘 다 같이...",http://cafe.naver.com/eovhskfktmak/6749,4050 우리들의 두번째 시작[은퇴 국민...,https://cafe.naver.com/eovhskfktmak,0,8,0,0,8,False
블로그 부업 수익,블로그,직장인부업세금 걱정없이 수익내는 법은?,"이건 꼭 알아두세요!] 부업 수익에 대해 세금을 절약하려면? 가장 좋은 방법은 **‘경비처리’**를 하는 거예요. 예를 들어, 블로그 부업을 한다면 노트북, 인터넷 요금, 교통비 등도 경비로 인정받을 수 있거든요. 이걸...",http://cafe.naver.com/koarane/230686,리얼리뷰 공유소ㅣ내돈내산 찐리뷰 커...,https://cafe.naver.com/koarane,0,6,0,0,6,False
블로그 부업 수익,블로그,블로그부업사기 실질적인 대응으로 피해 복구하는 방법,"과거의 투박한 피싱 수법에서 벗어나 이제는 실제 마케팅 대행사를 사칭하며 ""원고 작성만으로 고수익 보장""이라는 미끼를 던지는 블로그부업사기 범죄가 사회적 안녕을 위협하는 심각한 수준에 도달했습니다. 가해...",http://cafe.naver.com/hotdealcommunity/3764157,쇼핑매니아 [최저가 구매대행 카페],https://cafe.naver.com/hotdealcommunity,0,6,0,0,6,False
블로그 부업 수익,스마트스토어,제주부업 하시는 분들 중에 스마트스토어나 블로그 수익 내신 분 계신가요?,"그래서 요즘 '제주에서 할 수 있는 부업' 찾아보다가 스마트스토어나 블로그로 수익 내시는 분들 이야기를 접했어요. 근데… 이게 진짜 일반인도 가능한 건지 모르겠네요. 처음부터 배우기도 막막하고, 블로그는 그냥...",http://cafe.naver.com/koarane/170975,리얼리뷰 공유소ㅣ내돈내산 찐리뷰 커...,https://cafe.naver.com/koarane,0,8,0,0,8,False
블로그 부업 수익,블로그,재택부업 하루 2시간만 투자해도 수익 나요,"그 뒤로 블로그 부업, SNS 부업으로 확장되더니 지금은 자동화 퍼널 구조까지 배우고 있답니다ㅎㅎ 수익도 점점 커지고, 무엇보다 안정감이 생겨서 넘 좋았어요 ───────────────── [#재택부업은 무조건...",http://cafe.naver.com/koarane/265869,리얼리뷰 공유소ㅣ내돈내산 찐리뷰 커...,https://cafe.naver.com/koarane,0,10,0,0,10,False
블로그 부업 수익,블로그,"블로그 부업, 실제 경험담 중심으로 정리",---------------------------------- ◆블로그 부업 수익 구조◆ 블로그 부업에서 많이 이야기되는 수익 구조는 대부분 두 가지입니다. 첫 번째는 **광고 수익 구조**입니다. 방문자가 많아지면 광고 노출을 통해 수익이 발생할 수...,http://cafe.naver.com/koarane/437236,리얼리뷰 공유소ㅣ내돈내산 찐리뷰 커...,https://cafe.naver.com/koarane,0,6,0,0,6,False
블로그 부업 수익,유튜브,"AI활용, AI자동 블로그 수익을 만드는 구조 AI자동화 구성 방법",AI블로그자동화 AI유튜브제작 AI자동화 AI수익화 AI부업 ai돈벌기 AI돈버는방법 ai유튜브 ai블로그 ai틱톡 ai인스타 ai숏폼 ai부업 ai돈벌기 ai챗gpt ai제미나이 ai수익화 ai자동화 ai제미니 ChatGPT활용법 챗GPT자동화...,http://cafe.naver.com/suid/48226,AI자동화/수익화/부업 AI영상/콘텐츠/...,https://cafe.naver.com/suid,0,8,0,0,8,False
블로그 부업 수익,블로그,SNS부업 + AI자동화 조합 진짜 무섭습니다!! 초보자도 가능한 온라인수익 흐름 총정리!!,개인적으로는 요즘 시대에는 온라인 기반 수익 구조 하나쯤 만들어두는 게 정말 중요한 것 같더라구요. 특히 SNS부업이나 AI블로그 활용 방식은 시간 효율이 굉장히 좋다는 점이 큰 장점인 것 같아요 요즘은...,http://cafe.naver.com/uouv96/4874,오늘도 달린다 ㅣ영업·창업·부업 ㅣ...,https://cafe.naver.com/uouv96,0,6,0,0,6,False
블로그 부업 수익,블로그,직장인 부업 도전 후 한 달 수익 공개합니다,자동으로 수익이 들어온다는 말에 혹~ 하더라구요. ──────────────────── [* 실제로 해본 직장인 부업 구성] ✔ GPT로 콘텐츠 자동 작성 ✔ 블로그에 정보형 글 게시 ✔ SNS나 카페에 홍보 포스팅...,http://cafe.naver.com/koarane/313089,리얼리뷰 공유소ㅣ내돈내산 찐리뷰 커...,https://cafe.naver.com/koarane,0,8,0,0,8,False
블로그 부업 수익,유튜브,부업수익리뷰 글 많은데 진실은 따로 있더라,"───────────────── [부업 수익리뷰, 믿어도 되는 걸까?] 요즘 온라인 커뮤니티, 블로그, 유튜브 할 것 없이 부업수익리뷰가 넘쳐나요. 근데 문제는 그 중 70% 이상이 솔직하지 않다는 거죠. 리뷰라고...",http://cafe.naver.com/koarane/170919,리얼리뷰 공유소ㅣ내돈내산 찐리뷰 커...,https://cafe.naver.com/koarane,0,8,0,0,8,False
블로그 부업 수익,블로그,블로그부업! 집에서 짬짬이 가능한 현실부업,"───────────────── [처음엔 수익보다 구조를 본다] 처음부터 큰 수익을 기대하면 금방 지치게 됩니다. 블로그부업은 글이 쌓이고, 방문자가 늘고, 신뢰가 생기면서 서서히 수익으로 이어지는...",http://cafe.naver.com/koarane/363796,리얼리뷰 공유소ㅣ내돈내산 찐리뷰 커...,https://cafe.naver.com/koarane,0,6,0,0,6,False
블로그 부업 수익,스마트스토어,은퇴자 1인창업 부업 수익 현실 방법 정리,줄어듦 블로그나 스마트스토어부터 접근 가능 특히 고정비 없는 구조가 진짜 중요하더라구요ㅋㅋ 은퇴 후 시작하는 분들에겐 기본 전략이에요 ──────────────── 혼자 운영 가능한 수익 방식은?...,http://cafe.naver.com/koarane/559098,리얼리뷰 공유소ㅣ내돈내산 찐리뷰 커...,https://cafe.naver.com/koarane,0,8,0,0,8,False
블로그 부업 수익,블로그,부업으로 코인·주식보다 블로그cpa가 뜨는 이유는?,"무조건 돈이 되는 건 아니지만, 확실히 해볼수록 감이 생기고 수익도 조금씩 들어오니까 요즘 회사 일 하면서도 블로그 부업에 더 손이 가는 저를 발견하고 있어요 ㅎㅎ 진짜 하루 10분 투자해서 시작해보는 거… 나쁘지...",http://cafe.naver.com/koarane/387937,리얼리뷰 공유소ㅣ내돈내산 찐리뷰 커...,https://cafe.naver.com/koarane,0,8,0,0,8,False
블로그 부업 수익,블로그,AI글쓰기만 잘 활용해도 부업 수익이 가능할까요?,"블로그, SNS, 쇼츠 대본까지 전부 글이더라구요. 그 중심에 AI글쓰기가 있고요. 그래서 오늘은 AI글쓰기의... 부업 고민, 온라인 수익 고민하시는 분들이라면 한 번쯤은 체크해볼 만한 내용이더라구요....",http://cafe.naver.com/koarane/368821,리얼리뷰 공유소ㅣ내돈내산 찐리뷰 커...,https://cafe.naver.com/koarane,0,6,0,0,6,False
블로그 부업 수익,블로그,알바 찾다가 부업 앱으로 7만원 벌었어요!,"이번 빗썸 이벤트처럼 가입만으로 수익을 얻는 앱테크형 부업도 있고, 블로그나 영상 콘텐츠를 제작해서 수익화하는 방법도 있습니다. 알바처럼 노동 시간에 비례해서 돈을 버는 구조가 아니라 짧은 시간 안에 세팅을...",http://cafe.naver.com/happyeverycvs/279843,행복한 창업 ( 편의점 만들기) 연구소,https://cafe.naver.com/happyeverycvs,0,8,0,0,8,False
블로그 부업 수익,블로그,온라인부업 수익내는 사람들은 뭘 다르게 할까?,"───────────────── [*내 주변 사례를 보면 답이 보여요*] 제가 아는 회사 동료 언니는 퇴근 후 2시간씩 블로그 부업을 하시는데요. 그 언니가 하는 말이, ""기초부터 마케팅을 배우는 사람이 수익이 빨라...",http://cafe.naver.com/koarane/159584,리얼리뷰 공유소ㅣ내돈내산 찐리뷰 커...,https://cafe.naver.com/koarane,0,6,0,0,6,False
블로그 부업 수익,블로그,네이버블로그만들기 부업으로 시작해본 현실 후기,"근데 요즘 주변에서 블로그로 부업 수익 낸다는 얘기를 계속 듣다 보니, 괜히 저도 궁금해지더라구요. 육아랑 일 병행하면서 뭔가 집에서 할 수 있는 게 없을까 찾다가 시작하게 됐어요. 오늘은 제가 직접 느낀...",http://cafe.naver.com/koarane/262615,리얼리뷰 공유소ㅣ내돈내산 찐리뷰 커...,https://cafe.naver.com/koarane,0,6,0,2,4,False
블로그 부업 수익,기타,2026 종합소득세 계산기 방법: 직장인 부업 수익 3.3% 환급 및 단순경비율 신고,애드센스 수익: 약 600~700만 원 종합소득세 계산해보니까 세율 구간이 올라가면서 세금이 확 늘더라고요 여기서 핵심 종합소득세 계산은 합산 과세입니다 부업 소득이 적어도 전체 세율을 올려버립니다 종합소득세 계산기...,http://cafe.naver.com/2022star/56838,"재테크마을 - N잡,부업,보험,창업,투잡...",https://cafe.naver.com/2022star,0,4,0,0,4,False
블로그 부업 수익,유튜브,"유튜브편집, 지금 시작해도 부업으로 수익이 될까요?","───────────────── [ 유튜브편집 부업 수익은 어느 정도일까?] 단순 편집 건당 3만 원에서... 한 번 구조만 만들어두면, 홍보부터 수익 발생까지 자동으로 돌아가는 시스템이에요. 특히 유튜브, 블로그...",http://cafe.naver.com/koarane/370539,리얼리뷰 공유소ㅣ내돈내산 찐리뷰 커...,https://cafe.naver.com/koarane,0,8,0,0,8,False
블로그 부업 수익,유튜브,유튜브영상편집만 잘해도 부업 수익이 가능하대요,"투자해서 수익 만들고 싶은 분! 그리고 놀라운 건, 특강만 들어도? 블로그 지수 올리는 자동 글쓰기 챗봇을 선물로 준대요 진짜 부업 시작하기 딱 좋은 타이밍이에요ㅋㅋ ───────────────── ■ 요즘...",http://cafe.naver.com/koarane/310208,리얼리뷰 공유소ㅣ내돈내산 찐리뷰 커...,https://cafe.naver.com/koarane,0,10,0,0,10,False
블로그 부업 수익,블로그,김해부업 찾다가 블로그로 수익낸다는 얘기를 들었는데 진짜일까요ㅠ,"김해부업 찾다가 블로그로 수익낸다는 얘기를 들었는데 진짜일까요ㅠ 요즘 들어 부쩍 ‘돈’에 대한 생각이 많아졌어요. 아기가 어린이집 간 사이, 몇 시간이라도 뭔가를 하고 싶은데 밖에 나가긴 어렵고... 그래서...",http://cafe.naver.com/koarane/368735,리얼리뷰 공유소ㅣ내돈내산 찐리뷰 커...,https://cafe.naver.com/koarane,0,6,0,0,6,False
블로그 부업 수익,블로그,소자본부업으로 수익낸 현실적인 방법,"소자본부업 유형] 요즘 가장 많이 보이는 건 온라인 기반 부업이에요. 블로그, SNS, 자동화 시스템 같은... ───────────────── 혹시 지금도 소자본부업, 부업, 수익 때문에 고민 중이라면 혼자 끙끙대지...",http://cafe.naver.com/koarane/282432,리얼리뷰 공유소ㅣ내돈내산 찐리뷰 커...,https://cafe.naver.com/koarane,0,6,0,0,6,False
블로그 부업 수익,블로그,"글쓰기부업으로 재택수익 내는 방법, 나만 몰랐던 현실",진짜 수익이 나는 건지! 하나하나 제가 직접 해본 후기랑 꿀팁까지 싹~ 공유해드릴게요. ───────────────── [* 요즘 왜 다들 글쓰기부업 찾을까? *] 요즘 카페나 블로그 들어가 보면 '글쓰기부업' 관련...,http://cafe.naver.com/koarane/200903,리얼리뷰 공유소ㅣ내돈내산 찐리뷰 커...,https://cafe.naver.com/koarane,0,8,0,0,8,False
블로그 부업 수익,블로그,재택부업으로 월 300 수익 만든 후기 공유해요,"───────────────── [* 저는 블로그랑 인스타 동시에 했어요] 초반에는 블로그 중심으로... ───────────────── ■ 재택부업, 수익 구조만 알면 누구나 가능해요 ↓↓자동화 수익...",http://cafe.naver.com/koarane/230603,리얼리뷰 공유소ㅣ내돈내산 찐리뷰 커...,https://cafe.naver.com/koarane,0,8,0,0,8,False
블로그 부업 수익,블로그,재택알바부업 수익 높이는 온라인전략 소개,"소소하게라도 수익 만들 생각 있으신 분들한테는 분명 도움 될 거예요. ───────────────── [요즘 재택알바부업 뭐가 제일 잘 나가요?] 최근 6개월 기준으로 보면 데이터 작업, 리뷰 관련 업무, 블로그나...",http://cafe.naver.com/koarane/151558,리얼리뷰 공유소ㅣ내돈내산 찐리뷰 커...,https://cafe.naver.com/koarane,0,8,0,0,8,False
블로그 부업 수익,블로그,"블로그애드포스트 수익, 진짜 부업 가능할까?","블로그애드포스트 수익, 진짜 부업 가능할까? 요즘 블로그로 부업 시작해보려는 분들 많으시죠? 저도 두 아이 키우면서 뭔가 집에서 할 수 있는 게 없을까 찾다가 '블로그애드포스트'라는 걸 알게 됐거든요! 근데... 진짜...",http://cafe.naver.com/koarane/346508,리얼리뷰 공유소ㅣ내돈내산 찐리뷰 커...,https://cafe.naver.com/koarane,0,6,0,0,6,False
블로그 부업 수익,블로그,"30대주부알바, 집에서 할 수 있는부업으로 수익 확실하게 바꿔보세요","───────────────── 【집에서 많이 하는 30대주부알바 종류】 블로그 글쓰기, 재택 타이핑... 30대주부알바, 재택부업, 수익 고민 중이라면 한 번쯤 볼 만해요. 혼자 헤매는 것보다 훨씬 빠를 수 있겠다는...",http://cafe.naver.com/koarane/384018,리얼리뷰 공유소ㅣ내돈내산 찐리뷰 커...,https://cafe.naver.com/koarane,0,8,0,0,8,False
블로그 부업 수익,블로그,포스팅부업 돈버는 구조를 알아야 진짜 수익!,"오늘은 포스팅부업이란 게 뭔지, 수익은 어떻게 나고, 나처럼 블로그 아무것도 없는 사람도 가능한지 싹~ 정리해드릴게요 [# 포스팅부업이란? 진짜로 가능한가요?] 한마디로 말하면, 블로그나 커뮤니티에 ‘홍보성...",http://cafe.naver.com/koarane/82000,리얼리뷰 공유소ㅣ내돈내산 찐리뷰 커...,https://cafe.naver.com/koarane,0,6,0,0,6,False
블로그 부업 수익,블로그,"(루비) 스레드, 네이버블로그로 자동화 수익을 하고 싶어요!","있는 부업 주제 : 먹거리 추천, 잡화 추천 5️⃣ 이런 부분 배우고 싶어요 : 네이버 블로그, 스레드로 수익내는 법 6️⃣ 자기 소개글 3줄 : 안녕하세요! 주 5일 회사다니는 직장인입니다, 부업으로 돈 많이 벌어서...",http://cafe.naver.com/dinohighclass/265239,디지털노마드 하이클래스 - 디하클 (유...,https://cafe.naver.com/dinohighclass,0,6,0,2,4,False
블로그 부업 수익,블로그,직장인부업으로 수익 내는 사람들 공통점이 있더라구요,"투자해도 수익이 나는 구조들이 꽤 많다는 거예요! 특히 SNS나 블로그, 메신저 등을 활용한 온라인 부업이 진짜 인기 많더라구요. 그 이유는? 장소 제약이 없고, 초기비용도 거의 안 들고, 자동화된 시스템까지 있는 경우도...",http://cafe.naver.com/koarane/217203,리얼리뷰 공유소ㅣ내돈내산 찐리뷰 커...,https://cafe.naver.com/koarane,0,10,0,0,10,False
블로그 부업 수익,블로그,"집에서부업, 아무것도 몰라도 수익 나온다고?","확인 → 블로그 이웃 관리하거나, DM 응대 → 점심 먹고 쉬다가 오후에 한두개 더 진행 이런 루틴으로 일주일 돌렸더니 1주차부터 수익 생기더라구요! ───────────────── 이상으로 ""집에서부업""에 대해서...",http://cafe.naver.com/koarane/120126,리얼리뷰 공유소ㅣ내돈내산 찐리뷰 커...,https://cafe.naver.com/koarane,0,6,0,0,6,False
블로그 부업 수익,스마트스토어,쇼핑몰부업 현실적으로 가능한 수익 구조는?,특히 초보자 분들이 진짜 궁금해할 핵심만 쏙쏙 뽑아왔어요 ㅎㅎ 쇼핑몰 부업 수익구조... 참고하세요ㅎㅎ ───────────────── [# 인스타그램이나 블로그 활용은 필수일까?] 홍보 채널을 어떻게 잡느냐에...,http://cafe.naver.com/koarane/78458,리얼리뷰 공유소ㅣ내돈내산 찐리뷰 커...,https://cafe.naver.com/koarane,0,8,0,2,6,False
블로그 부업 수익,블로그,아이콘부업 수익 내는 사람들 대부분 이렇게 함,"아이콘부업 수익 내는 사람들 대부분 이렇게 함 혹시 아이콘부업이 뭔지 들어보신 적 있나요? 요즘 부업... 유통하는 부업을 말해요. 이모지, 프사용 아이콘, 블로그/SNS용 캐릭터 등 다양한 포맷이 존재하죠. 요즘은 개인...",http://cafe.naver.com/koarane/144903,리얼리뷰 공유소ㅣ내돈내산 찐리뷰 커...,https://cafe.naver.com/koarane,0,6,0,0,6,False
블로그 부업 수익,블로그,AI 부업 시작 전 꼭 알아야 할 핵심 정보 총정리,"개인적으로는 여러 개 해보는 것보다 하나 집중하는 게 훨씬 결과가 빨리 나오더라구요 ◆AI 부업 수익 구조, 어떻게 돈 버는 걸까?◆ AI 부업은 대부분 ‘트래픽 → 수익’ 구조입니다. 예를 들어 블로그 글을 작성하고...",http://cafe.naver.com/uouv96/3529,오늘도 달린다 ㅣ영업·창업·부업 ㅣ...,https://cafe.naver.com/uouv96,0,6,0,0,6,False
블로그 부업 수익,블로그,"퇴근 후 하루 30분, SNS부업으로 부수입 만드는 방법",SNS부업은 팔로워가 많아야 하나요? A. 꼭 그렇지는 않아요! 정보형 콘텐츠나 블로그 기반 방식은 소수 방문자만 있어도 수익 연결이 가능한 구조도 많습니다. Q. 하루에 얼마나 투자해야 하나요? A. 처음엔 하루 30분...,http://cafe.naver.com/cafemakecafebest/36009,세상모든꿀팁 ㅣ영업·창업·부업·투...,https://cafe.naver.com/cafemakecafebest,0,12,0,0,12,False
블로그 부업 수익,블로그,블로그부업으로 한 달 100만원 벌 수 있을까?,실제로 주변에서 60대 어르신들도 복사+붙여넣기 방식으로 수익을 내는 걸 보고 진짜 놀랬어요ㅎㅎ 블로그부업보다 훨씬 빠르게 수익이 나더라구요... 부러웠슴당 ───────────────── 지금...,http://cafe.naver.com/koarane/265824,리얼리뷰 공유소ㅣ내돈내산 찐리뷰 커...,https://cafe.naver.com/koarane,0,6,0,0,6,False
블로그 부업 수익,블로그,"무자본 부업 초보자 가이드, 왕초보도 3일 만에 수익 내는 실전법","수익이 발생하는 3단계 로직 온라인 부업의 수익 구조는 단순합니다. 초보자는 직접 상품을 만들 필요 없이, 이미 시장에서 검증된 상품을 선택해 블로그나 SNS에 소개하는 것부터 시작하면 됩니다. 이 과정에서 사람들의...",http://cafe.naver.com/cafemakecafebest/26135,세상모든꿀팁 ㅣ영업·창업·부업·투...,https://cafe.naver.com/cafemakecafebest,0,6,0,0,6,False
블로그 부업 수익,스마트스토어,"직장인부업, 퇴근 후 1시간으로 수익 만드는 법","───────────────── [직장인부업, 뭐부터 시작할까?] 요즘 가장 많이 하는 부업은 아무래도 스마트스토어나 쿠팡파트너스, 블로그 수익형 같은 온라인형 부업이에요. 특히 요즘은 인스타나 블로그만 잘...",http://cafe.naver.com/koarane/72269,리얼리뷰 공유소ㅣ내돈내산 찐리뷰 커...,https://cafe.naver.com/koarane,0,10,0,0,10,False
블로그 부업 수익,블로그,재택부업으로 월수익 만든 사람들 공통점,───────────────── (재택부업 수익 나는 사람들 공통 습관) 매일 정해진 시간에 무조건... 블로그보다 쉬운 상위노출 방법부터 알려준다더라구요. 챗GPT 활용해서 글 쓰는 방식도 같이 다룬다고 하고요....,http://cafe.naver.com/koarane/257907,리얼리뷰 공유소ㅣ내돈내산 찐리뷰 커...,https://cafe.naver.com/koarane,0,8,0,0,8,False
블로그 부업 수익,블로그,"청주손부업 시작 전, 진짜 수익 되는 부업인지 확인해보세요","단순 부업 외에도 자동화 퍼널 마케팅 같은 시스템이 주목받고 있더라구요. 한 번 세팅만 하면 블로그나 SNS 글만 올려도 자동으로 수익이 발생하는 구조예요. 본업 병행하면서 하루 1~2시간 투자로 수익 가능하고, 60대 이상...",http://cafe.naver.com/koarane/253416,리얼리뷰 공유소ㅣ내돈내산 찐리뷰 커...,https://cafe.naver.com/koarane,0,8,0,0,8,False
블로그 부업 수익,블로그,직장인부업 시간관리만 잘하면 수익 가능할까?,"저처럼 외향적인 성격이 아니라면 영업이나 대면 마케팅은 부담스럽더라구요ㅠ 그래서 **SNS, 블로그, 자동화... 특히 명절이나 연말같이 지출 많은 시기에 부업 수익이 있다는 게 엄청 든든해요. 회사에서 받는 고정 월급...",http://cafe.naver.com/koarane/255938,리얼리뷰 공유소ㅣ내돈내산 찐리뷰 커...,https://cafe.naver.com/koarane,0,6,0,0,6,False
블로그 부업 수익,블로그,요즘 뜨는 부업 찾다가 자동화수익 쪽에 눈 돌렸어요,"챗GPT로 글 써서 블로그 운영하거나, 상품 후기 자동 작성하는 부업까지 생겼거든요. AI가 돕는 만큼 효율은 높고, 시간 대비 수익도 꽤 괜찮아요. '디지털 노마드' 스타일을 원하는 분들에겐 완전 추천드려요. 시간과 장소...",http://cafe.naver.com/koarane/127770,리얼리뷰 공유소ㅣ내돈내산 찐리뷰 커...,https://cafe.naver.com/koarane,0,6,0,2,4,False
블로그 부업 수익,블로그,사주운세부업 수익 나오는 현실 꿀팁 모음,"저도 테스트로 블로그 하나 만들어서 했는데… 한 건 바로 들어오더라구요!!... 요즘은 60대분들도 이걸로 부업 수익 낸다는 거, 진짜 놀랍지 않나요? ───────────────── 그리고 지금 온네스에서 자동화...",http://cafe.naver.com/koarane/186444,리얼리뷰 공유소ㅣ내돈내산 찐리뷰 커...,https://cafe.naver.com/koarane,0,6,0,0,6,False
블로그 부업 수익,블로그,네이버카페창업 부업수익 노리는 현실 꿀팁,네이버카페창업 부업수익 노리는 현실 꿀팁 혹시 요즘 네이버카페창업 고민하시는 분들 많으시죠. 회사... 왜 부업 키워드로 뜰까] 요즘 네이버카페창업이 다시 뜨는 이유는 생각보다 단순해요. 블로그나 인스타는 경쟁도...,http://cafe.naver.com/koarane/198026,리얼리뷰 공유소ㅣ내돈내산 찐리뷰 커...,https://cafe.naver.com/koarane,0,6,0,0,6,False
블로그 부업 수익,유튜브,에어비앤비 부업 수익후기까지 알려드림,"온라인에서 수익 내는 제일 핫한 방식이 바로 이 *퍼널마케팅*이에요. 블로그, 인스타, 유튜브 할 필요 없이... 혹시 지금 “부업”, “재택수익”, “온라인 일자리” 고민하고 있다면 이 기회 꼭 확인해보셨으면...",http://cafe.naver.com/koarane/221191,리얼리뷰 공유소ㅣ내돈내산 찐리뷰 커...,https://cafe.naver.com/koarane,0,10,0,0,10,False
블로그 부업 수익,블로그,직장인부업추천 재택근무로 월급 외 수익 만들기,"사실 저도 반신반의했는데, 해보니까 진짜 수익이 나서 깜짝 놀랐어요ㅎㅎ ───────────────── [✨ 블로그 부업, 이건 진짜 해볼만함] 블로그는 네이버만 잘 활용해도 수익화가 가능하더라구요. 광고...",http://cafe.naver.com/koarane/80045,리얼리뷰 공유소ㅣ내돈내산 찐리뷰 커...,https://cafe.naver.com/koarane,0,8,0,2,6,False
블로그 부업 수익,블로그,블로그부업 수익화 비법 알려줄게요,"하루 30분 투자로 월 1,000만원 수익인증까지 한 자동화 퍼널시스템을 그대로 복제해 준다고 하네요~ 60대분들도 따라할 수 있는 챗gpt를 이용한 홍보방법까지 싹 다 교육해준다고 하니, 혹시 블로그부업 고민, 온라인수익...",http://cafe.naver.com/koarane/215056,리얼리뷰 공유소ㅣ내돈내산 찐리뷰 커...,https://cafe.naver.com/koarane,0,8,0,0,8,False
블로그 부업 수익,블로그,"온라인부업, 진짜 수익나는 루트는 따로 있대요","진짜 수익나는 루트와 제가 경험한 리얼 후기까지 공유해볼게요! 완전 꿀팁 가득 ───────────────── [* 온라인부업, 뭐부터 시작해야 할까?] 처음엔 너무 많은 정보에 진심 혼란 블로그 부업, 인스타...",http://cafe.naver.com/koarane/71835,리얼리뷰 공유소ㅣ내돈내산 찐리뷰 커...,https://cafe.naver.com/koarane,0,6,0,0,6,False
블로그 부업 수익,블로그,하루 30분 투자했는데!!! 전자책부업으로 추가수익 만드는 사람들 급증한 이유 공개,"전자책부업 관심 있으신가요? 최근에는 직장인이나 주부, 대학생들 사이에서도 “내 경험으로 수익... 요즘은 오히려 블로그 경험, 부업 후기, 재테크 경험 같은 현실 정보들을 전자책 형태로 정리하는 흐름이 굉장히...",http://cafe.naver.com/cafemakecafebest/35249,세상모든꿀팁 ㅣ영업·창업·부업·투...,https://cafe.naver.com/cafemakecafebest,0,8,0,0,8,False
블로그 부업 수익,블로그,보험부업 시작 전 꼭 알아야 할 수익 구조와 진짜 후기,"───────────────── [보험부업 수익 구조, 생각보다 단순해요] 보험부업은 기본적으로... 지인 영업만 생각하면 솔직히 부담되쥬 ㅠㅠ 근데 요즘은 블로그, 카페, 콘텐츠로 자연 유입 만드는 분들이...",http://cafe.naver.com/koarane/226367,리얼리뷰 공유소ㅣ내돈내산 찐리뷰 커...,https://cafe.naver.com/koarane,0,8,0,0,8,False
블로그 부업 수익,배달,자전거배달 부업 수익인증. 11월 한달 157만원,-------------------------------- 전기자전거배달 부업 11월 한달 수익기록해봤습니다. 영하로 내려가는 날씨도 꽤... 그래도 이번달은 작지만 배달미션 수익 3건도 처음으로 같이 달성해봤네요... 블로그 후기도 놀러와주세용 ㅎㅎㅎ,http://cafe.naver.com/nds07/5156612,"배달세상 :: 배달대행, 쿠팡이츠, 배민...",https://cafe.naver.com/nds07,0,8,0,0,8,False
블로그 부업 수익,유튜브,포스팅부업 하루 30분 투자로 수익난다면 믿으시겠어요?,"특히 네이버 블로그를 기반으로 한 포스팅부업은 검색 노출이 잘 되면 수익이 확 달라져요! 저도 처음엔 그냥 하루 한 편씩 써봤는데, 한 달 지나니까 조회수가 확 늘었답니다...",http://cafe.naver.com/koarane/89867,리얼리뷰 공유소ㅣ내돈내산 찐리뷰 커...,https://cafe.naver.com/koarane,0,8,0,0,8,False
블로그 부업 수익,블로그,시니어롱폼숏폼부업 수익 진짜 나는지 궁금해요,가만히 있으니까 괜히 더 불안해지더라구요ㅠㅠ 주변에서는 블로그니 숏폼이니 하면서 수익 낸다는 이야기 많이 하는데 저는 아직도 반신반의 상태네요. 시니어롱폼숏폼부업 같은 건 젊은 사람들만 하는 줄 알았는데...,http://cafe.naver.com/uouv96/3369,오늘도 달린다 ㅣ영업·창업·부업 ㅣ...,https://cafe.naver.com/uouv96,0,6,0,2,4,False
블로그 부업 수익,배달,10월한달 수익인증 후기(전기자전거 배달부업),"-------------------------------- 10월 한달 부업 수익인증합니다. 지역은 경북 구미입니다~ 콜단가 배민커넥트 2100원... 한달 부업한 상세한 이야기들을 블로그 기록하고 있어요 ㅎㅎㅎ 도움되는 좋은정보, 특이한 경험들...",http://cafe.naver.com/nds07/5110114,"배달세상 :: 배달대행, 쿠팡이츠, 배민...",https://cafe.naver.com/nds07,0,8,0,0,8,False
블로그 부업 수익,블로그,블로그부업 글쓰기로 월100 가능할까?,"───────────────── [# 블로그부업, 글쓰기가 수익으로?] 가장 많이 나오는 질문이 이거예요. ‘글을 쓰면 진짜 돈이 되나요?’ 저도 처음엔 그냥 일기 쓰듯 올렸는데 아무 일도 안 생기더라구요. 그런데...",http://cafe.naver.com/koarane/151322,리얼리뷰 공유소ㅣ내돈내산 찐리뷰 커...,https://cafe.naver.com/koarane,0,6,0,2,4,False
블로그 부업 수익,블로그,재택부업으로 수익 낸다는 말이 이해되기 시작했어요,"블로그, SNS, 디지털 상품, 자동화 시스템까지 선택지가 생각보다 넓어서 놀랐어요. ‘아 이건 진짜 시대가... 이미 수익 나는 퍼널 구조를 그대로 제공해주고, 재택부업으로 활용하는 방법까지 알려준다고 하니 부업, 수익...",http://cafe.naver.com/koarane/267961,리얼리뷰 공유소ㅣ내돈내산 찐리뷰 커...,https://cafe.naver.com/koarane,0,8,0,0,8,False
블로그 부업 수익,블로그,"직장인주말알바와 온라인 부업, 병행해서 수익 올리는 방법!","───────────────── [재택부업과 병행] 주말알바 경험을 활용하면 온라인 부업으로도 연결 가능해요. 예를 들어 블로그 리뷰, SNS 홍보, 온라인 콘텐츠 제작 등으로 추가 수익을 만들 수 있답니다. 처음엔...",http://cafe.naver.com/koarane/263276,리얼리뷰 공유소ㅣ내돈내산 찐리뷰 커...,https://cafe.naver.com/koarane,0,10,0,0,10,False
블로그 부업 수익,블로그,초보자부업 처음 해봤는데 수익 나서 깜놀함,카페마케팅 & 블로그 없이도 상위노출! - 복사+붙여넣기만 하면 완성되는 수익 루틴 - 하루 30분 투자 = 수익 쌓임 - 특강 참여만 해도 자동글쓰기 챗봇 증정 ■ 초보자도 깜놀할 만큼 쉬운 부업! 수익이 진짜 나는 거 보고...,http://cafe.naver.com/koarane/134921,리얼리뷰 공유소ㅣ내돈내산 찐리뷰 커...,https://cafe.naver.com/koarane,0,8,0,0,8,False
블로그 부업 수익,블로그,블로그부업으로 월 300 가능할까요?,"교육부터 시스템 제공까지 모두 지원해준다니까, 블로그부업보다 더 확실한 수익 구조를 찾는 분들이라면 이 기회 한번 제대로 확인해보셔도 좋을 것 같아요! ───────────────── ↓↓자동화 수익...",http://cafe.naver.com/koarane/150645,리얼리뷰 공유소ㅣ내돈내산 찐리뷰 커...,https://cafe.naver.com/koarane,0,6,0,0,6,False
블로그 부업 수익,유튜브,캐릭터 디자인 부업으로 월 수익 만든 후기,"캐릭터 요청, 굿즈 디자인, 블로그나 유튜브 캐릭터 제작까지 다양했어요. 생각보다 많은 분들이 1인... 캐릭터디자인부업 수익을 몇 배로 키우고 있답니다! 혹시 디자인 쪽 부업 고민 중이시라면, 지금 바로 온네스...",http://cafe.naver.com/koarane/124623,리얼리뷰 공유소ㅣ내돈내산 찐리뷰 커...,https://cafe.naver.com/koarane,0,8,0,0,8,False
블로그 부업 수익,블로그,"보험부업, 이거 제대로 배우면 수익 구조가 달라집니다","분 블로그, 카페, SNS 활용 마케팅 배우고 싶은 분 수익도 챙기고, 마케팅까지 배우는 일석이조 기회예요. ──────────────────── ■ 보험부업, 이제는 ‘어떻게 하느냐’의 차이입니다. ■ 지금...",http://cafe.naver.com/koarane/129378,리얼리뷰 공유소ㅣ내돈내산 찐리뷰 커...,https://cafe.naver.com/koarane,0,6,0,0,6,False
블로그 부업 수익,스마트스토어,온라인부업 수익나는 사람은 이렇게 다르다,"───────────────── [ 무슨 일을 해야 수익이 잘 나올까요?] 요즘엔 쿠팡파트너스, 스마트스토어, 블로그, 인스타 등 정말 다양한 부업이 있어요. 근데 어떤 걸 하든 ‘퍼널 마케팅’을 접목해야 진짜...",http://cafe.naver.com/koarane/161795,리얼리뷰 공유소ㅣ내돈내산 찐리뷰 커...,https://cafe.naver.com/koarane,0,10,0,0,10,False
블로그 부업 수익,블로그,"동대문옷도매 부업, 수익 낼 수 있을까?","동대문옷도매 부업, 수익 낼 수 있을까? 사실 저도 온라인 셀러를 꿈꾸면서 ‘동대문옷도매’ 쪽을 많이... ───────────────── [# 자동화 퍼널마케팅이 이렇게 좋을 줄이야] ✔️ 인스타, 블로그 글 쓰는...",http://cafe.naver.com/koarane/287070,리얼리뷰 공유소ㅣ내돈내산 찐리뷰 커...,https://cafe.naver.com/koarane,0,6,0,0,6,False
블로그 부업 수익,스마트스토어,슬립업 부업으로 월급 외 수익 가능할까?,"기존의 ‘스마트스토어’, ‘블로그’ 부업에서 파생된 용어로, 미세하게 빈틈만 슬쩍 채워도 수익이 쌓이는 구조라서 그렇게 불리더라구요. 저도 처음엔 이름 듣고 좀 웃겼는데, 개념을 알고 나니 꽤 실용적인...",http://cafe.naver.com/koarane/212803,리얼리뷰 공유소ㅣ내돈내산 찐리뷰 커...,https://cafe.naver.com/koarane,0,8,0,0,8,False
블로그 부업 수익,유튜브,유튜브 영상편집 부업 수익 현실적인 이야기,"유튜브영상편집 부업수익 현실적인 이야기 요즘 진짜 여기저기서 유튜브 이야기 많이 들리죠? 저도 솔직히... 블로그보다 쉬운 카페 상위노출 방법도 알려주고, 챗GPT 활용해서 글을 빠르게 만드는 방법도 다뤄준대요. 초기...",http://cafe.naver.com/koarane/298495,리얼리뷰 공유소ㅣ내돈내산 찐리뷰 커...,https://cafe.naver.com/koarane,0,8,0,0,8,False
블로그 부업 수익,블로그,부업사이트 하나 잘 골랐더니 수익이 달라졌어요^^,"근데 진짜 잘 고르기만 하면, 생각보다 훨~씬 쉽게 수익 만들 수 있다는 거! 오늘 제대로 알려드릴게요 ───────────────── [* 요즘 뜨는 부업사이트는 뭐가 다를까? *] 예전엔 블로그, 인스타 이런 SNS...",http://cafe.naver.com/koarane/63902,리얼리뷰 공유소ㅣ내돈내산 찐리뷰 커...,https://cafe.naver.com/koarane,0,6,0,0,6,False
블로그 부업 수익,블로그,"하루 30분, 보석십자수로 부업 수익 올리는 방법","수익을 높이는 꿀팁 완성 작품을 온라인 마켓, SNS, 커뮤니티에 홍보하세요. 저는 인스타그램과 블로그를... ───────────────── ■""하루 30분 투자로 보석십자수 부업과 자동화 수익을 동시에...",http://cafe.naver.com/koarane/102410,리얼리뷰 공유소ㅣ내돈내산 찐리뷰 커...,https://cafe.naver.com/koarane,0,8,0,0,8,False
블로그 부업 수익,블로그,"블로그부업, 하루 1시간이면 가능한 현실부업일까?","하루 30분 투자로 월 1,000만원 수익인증까지 한 자동화 퍼널시스템을 그대로 복제해 준다고 하네요~ 60대분들도 따라할 수 있는 챗gpt를 이용한 홍보방법까지 싹 다 교육해준다고 하니, 혹시 블로그부업 같은 소소한 수익에...",http://cafe.naver.com/koarane/294221,리얼리뷰 공유소ㅣ내돈내산 찐리뷰 커...,https://cafe.naver.com/koarane,0,8,0,0,8,False
블로그 부업 수익,블로그,"요즘 뜨는 초보자 수익형블로그, AI활용하면 훨씬 쉬워지더라구요",특히 직장인이나 육아맘들 사이에서도 하루 30분 정도 투자하면서 부업처럼 운영하는 사례가 꽤 많아진 분위기였어요. 그래서 오늘은 초보자 기준으로 수익형블로그를 어떻게 시작하는지 쉽게 정리해드릴게요ㅎㅎ 요즘...,http://cafe.naver.com/koarane/568743,리얼리뷰 공유소ㅣ내돈내산 찐리뷰 커...,https://cafe.naver.com/koarane,0,8,0,0,8,False
블로그 부업 수익,블로그,AI 키워드 활용법 공개! 블로그부터 부업까지 쉽게 알려드릴게요,"특히 블로그 운영이나 온라인부업 하는 분들은 AI 관련 키워드 활용법에 관심이 정말 많다고 해요 ㅎㅎ 그래서 오늘은 요즘 뜨는 AI 키워드 종류부터 블로그 활용법, 그리고 수익형 콘텐츠 만드는 꿀팁까지 싹...",http://cafe.naver.com/uouv96/8491,오늘도 달린다 ㅣ영업·창업·부업 ㅣ...,https://cafe.naver.com/uouv96,0,8,0,0,8,False
블로그 부업 수익,블로그,블로그시작하기 초보도 가능한 부업방법은 이거,"예를 들어 '블로그시작하기'라는 키워드에 '부업', '수익', '초보팁' 같은 서브 키워드를 붙여야 상위노출 확률이 높아져요! 이건 진짜 누가 알려줬으면 좋았을 꿀팁이었어요 키워드 도구도 많지만, 네이버 자동완성 기능만...",http://cafe.naver.com/koarane/322983,리얼리뷰 공유소ㅣ내돈내산 찐리뷰 커...,https://cafe.naver.com/koarane,0,6,0,0,6,False
블로그 부업 수익,유튜브,블로그 주말부업 알아보는 분들 필독이에요,"[ # 블로그 주말부업, 진짜 수익 되긴 할까? ] 처음엔 블로그 부업하면 카페 후기, 제품 리뷰 쓰면 돈 벌 수 있다길래 ‘나도 해봐야지!’ 하고 시작했는데, 노출이 너무 안 되거나 조회수가 10도 안 나오더라구요 글 하나...",http://cafe.naver.com/koarane/179509,리얼리뷰 공유소ㅣ내돈내산 찐리뷰 커...,https://cafe.naver.com/koarane,0,6,0,0,6,False
블로그 부업 수익,블로그,"블로그부업, 글만 써도 돈 들어온다니까요","혹시라도 블로그부업 시작했거나, 수익화 구조가 궁금하신 분들이라면? 이 타이밍에 진짜 꼭 한 번 확인해보셨으면 좋겠어요 ───────────────── ■ 블로그 수익, 자동화로 키우고 싶다면? ↓↓자동화...",http://cafe.naver.com/koarane/240094,리얼리뷰 공유소ㅣ내돈내산 찐리뷰 커...,https://cafe.naver.com/koarane,0,6,0,2,4,False
블로그 부업 수익,블로그,부업하실분 필독! 요즘 핫한 재택 수익 루트 공개했어요,해도 수익이 발생하는 구조! 그리고 요즘엔 챗GPT 활용하면 글쓰기도 훨씬 쉬워졌잖아요? 그냥 복붙해도 상위노출 되게 만드는 법도 따로 배워서 진짜 수월했어요. 그래서 요즘엔 블로그 부업이 다시 핫해진 이유도 이...,http://cafe.naver.com/koarane/36495,리얼리뷰 공유소ㅣ내돈내산 찐리뷰 커...,https://cafe.naver.com/koarane,0,8,0,0,8,False
블로그 부업 수익,블로그,챗GTP부업 블로그 없이도 수익 만든 후기 정리,"해도 수익이 나는 구조라고 해요 실제로 온라인 마케팅 업계에서는 이미 GPT 기반 콘텐츠가 주류가 되고... 근데 요건 진짜 블로그 없이도 가능한 부업이에요! 그냥 제공된 자료 복붙만 잘 해도 되고, 플랫폼이랑 자동화...",http://cafe.naver.com/koarane/36042,리얼리뷰 공유소ㅣ내돈내산 찐리뷰 커...,https://cafe.naver.com/koarane,0,8,0,0,8,False
블로그 부업 수익,블로그,"보석십자수부업, 소자본으로 시작하는 온라인 수익 방법","특히 인스타그램 릴스나 블로그 포스팅으로 홍보하면 초기 고객 확보가 쉽답니다. 솔직히? 저도 이런 후기 보고 바로 도전하게 됐어요. 처음엔 재미로 시작했는데, 지금은 작은 부업 수익원이 되었네요....",http://cafe.naver.com/koarane/116690,리얼리뷰 공유소ㅣ내돈내산 찐리뷰 커...,https://cafe.naver.com/koarane,0,6,0,0,6,False
블로그 부업 수익,블로그,블로그수익 시작한지 두달째인데 아직도 수익 0원이에요ㅠㅠ,블로그수익 시작한지 두달째인데 아직도 수익 0원이에요ㅠㅠ 회사 다니면서 뭔가라도 더 벌어보려고 블로그... 그래도 집에서 컴퓨터로 할 수 있는 부업 중에는 블로그가 제일 현실적이라는 얘기가 많아서 아직 놓진...,http://cafe.naver.com/cafemakecafebest/30796,세상모든꿀팁 ㅣ영업·창업·부업·투...,https://cafe.naver.com/cafemakecafebest,0,6,0,0,6,False
블로그 부업 수익,블로그,띄부띄부 부업수익 진짜인지 찾아본 이유,"[요즘 부업 판도는 이렇게 바뀌는 중] 최근 들어 자동화 시스템 기반 부업이 엄청 늘었어요. SNS·블로그·퍼널... 저도 띄부띄부 같은 단순수작업 찾다가 이거 보고 바로 갈아탔어요ㅋㅋ 부업 고민, 수익 고민, 온라인마케팅...",http://cafe.naver.com/koarane/198584,리얼리뷰 공유소ㅣ내돈내산 찐리뷰 커...,https://cafe.naver.com/koarane,0,6,0,0,6,False
블로그 부업 수익,블로그,"스마트폰부업, 하루 1시간으로 수익 내는 현실 후기","요즘은 인스타그램, 블로그, 카카오채널 등을 이용해서 자동으로 고객이 들어오게 만드는 방식이... 심지어 60대 분들도 이걸로 부업 수익 내고 계시대요… 진짜 시대가 바뀌긴 했죠...",http://cafe.naver.com/koarane/71752,리얼리뷰 공유소ㅣ내돈내산 찐리뷰 커...,https://cafe.naver.com/koarane,0,6,0,0,6,False
블로그 부업 수익,블로그,블로그부업으로 월100 벌었다는 후기 봤어요,그래서 오늘은 블로그부업의 구조부터 수익나는 방식까지 한번 정리해보려고 해요! ───────────────── [# 블로그로 돈 버는 구조가 이렇게 간단할 줄이야] 사실 예전엔 블로그 하면 그냥 일기 쓰는...,http://cafe.naver.com/koarane/181035,리얼리뷰 공유소ㅣ내돈내산 찐리뷰 커...,https://cafe.naver.com/koarane,0,6,0,0,6,False
블로그 부업 수익,블로그,블로그부업 진짜 돈이 될까?,"한 번 써놓은 글이 계속 조회되고, 그게 곧 수익이 되니까요. 이게 바로 블로그부업의 핵심이랄까요ㅎㅎ 지금이 시작하기 딱 좋은 타이밍 같아요 ───────────────── 그런데 말이에요, 요즘 진짜 많은...",http://cafe.naver.com/koarane/76221,리얼리뷰 공유소ㅣ내돈내산 찐리뷰 커...,https://cafe.naver.com/koarane,0,6,0,0,6,False
블로그 부업 수익,블로그,월100가능한부업 블로그와 함께 시작하면?,"특히 월100 이상 벌 수 있는 현실적인 부업 찾는 분들요! 저도 처음엔 반신반의했는데, 요즘은 블로그 하나만 잘 키워도 수익이 꽤 괜찮더라구요. 그래서 오늘은 블로그와 함께 시작하면 월100도 가능하다는 부업의 현실과...",http://cafe.naver.com/koarane/162920,리얼리뷰 공유소ㅣ내돈내산 찐리뷰 커...,https://cafe.naver.com/koarane,0,6,0,0,6,False
블로그 부업 수익,블로그,수공예부업으로 부업 수익 내는 법 정리해봤어요,수공예부업으로 부업 수익 내는 법 정리해봤어요 원래 손으로 만드는 걸 좋아했어요. 시간 날 때마다 코바늘... 저는 네이버 카페 + 블로그 중심으로 먼저 시작했어요. ───────────────── [* 블로그나...,http://cafe.naver.com/koarane/67364,리얼리뷰 공유소ㅣ내돈내산 찐리뷰 커...,https://cafe.naver.com/koarane,0,6,0,0,6,False
블로그 부업 수익,블로그,블로그수익화 부업으로 진짜 될까 고민,블로그수익화나 온라인 부업 때문에 고민 중이신 분들이라면 한 번쯤 볼 만해요. 혼자 헤매는 것보단 훨씬 빠를 수 있겠다는 생각이 들더라구요. == 지금이 바로 흐름 탈 수 있는 타이밍일지도 몰라요. == ↓↓ 자동화 수익...,http://cafe.naver.com/koarane/239859,리얼리뷰 공유소ㅣ내돈내산 찐리뷰 커...,https://cafe.naver.com/koarane,0,6,0,0,6,False
블로그 부업 수익,스마트스토어,AI부업 수익 후기 | 하루 30분 투자로 가능한 구조,"오늘은 제가 직접 경험한 AI부업 수익 후기와 가능성을 솔직하게 정리해드릴게요 AI부업, 정확히 뭐예요? 요즘은 챗GPT, 미드저니 같은 생성형 AI가 대세입니다. 블로그 글 작성 인스타 콘텐츠 제작 쇼핑몰 자동 운영 상품...",http://cafe.naver.com/koarane/35459,리얼리뷰 공유소ㅣ내돈내산 찐리뷰 커...,https://cafe.naver.com/koarane,0,12,0,0,12,False
블로그 부업 수익,블로그,디지털부업 자동화수익 어디까지 가능할까,"디지털부업 자동화수익 어디까지 가능할까 요즘 디지털부업 이야기 진짜 많이 들리죠? 저도 애 둘 키우는... 디지털부업 종류는?] 요즘은 블로그, 쇼츠, 전자책 판매, 위탁판매 같은 게 많이 보이더라구요. 특히 생성형 AI...",http://cafe.naver.com/koarane/395088,리얼리뷰 공유소ㅣ내돈내산 찐리뷰 커...,https://cafe.naver.com/koarane,0,6,0,0,6,False
블로그 부업 수익,블로그,"[병원 마케팅 부업] 마케팅, 나만의 무기를 찾아야 한다 (부업 후기)","병원 블로그 마케팅을 하셨는데, 환자와 원장의 시선에서 글을 작성하는 방식으로 최종적으로 '5개 대행사'에서 프리랜서로 활동하고, 원고 단가도 통상적인 수준의 2배 이상을 받으면서 부업 수익을 크게 높였다고...",http://cafe.naver.com/eovhskfktmak/7049,4050 우리들의 두번째 시작[은퇴 국민...,https://cafe.naver.com/eovhskfktmak,0,6,0,0,6,False
블로그 부업 수익,블로그,"AI 활용 블로그 대행, 은퇴 후에도 가능한 현실적인 온라인 부업?","특히 40대~60대 분들 사이에서 “컴퓨터만 조금 할 줄 알면 집에서도 가능한 부업”으로 꽤 많이 이야기 나오더라구요ㅎㅎ 그래서 오늘은 AI 활용 블로그 대행이 실제로 어떤 방식인지부터, 중장년층도 가능한 이유, 수익...",http://cafe.naver.com/cafemakecafebest/28299,세상모든꿀팁 ㅣ영업·창업·부업·투...,https://cafe.naver.com/cafemakecafebest,0,6,0,0,6,False
블로그 부업 수익,블로그,블로그로돈버는방법 찾는다면 요즘 뜨는 부업은?,"뜨는 부업 정보도 같이 알려드릴게요! ───────────────── [# 블로그 수익, 진짜 가능한가요?] 이 질문 진짜 많이 받아요! 블로그로 돈을 벌 수 있다고 하면 다들 “진짜?”, “거짓말 아냐?” 이런...",http://cafe.naver.com/koarane/299570,리얼리뷰 공유소ㅣ내돈내산 찐리뷰 커...,https://cafe.naver.com/koarane,0,6,0,2,4,False
블로그 부업 수익,블로그,"요즘 블로그부업후기 알아보는데, 진짜 괜찮을까요?","실제로 많은 분들이 하루 2시간 투자로 월 50만원 이상 수익을 올리고 있다는 블로그부업후기들을 볼 수 있어요. 지원 방법은 보통 온라인으로 간단하게 지원 가능하며, 별도의 자격 요건이 까다롭지 않은 경우가 많습니다....",http://cafe.naver.com/koarane/112856,리얼리뷰 공유소ㅣ내돈내산 찐리뷰 커...,https://cafe.naver.com/koarane,0,8,0,0,8,False
블로그 부업 수익,블로그,네이버블로그만들기 부업으로 가능할까 직접 알아봤어요,"싶었어요 ㅎㅎ 근데 하나둘 실제로 부업 수익 나왔다는 얘기를 듣다 보니 괜히 궁금해지더라구요. 그래서 이번에 직접 알아보고, 요즘 블로그 상황이 어떤지 정리해보게 됐어요. 오늘은 네이버블로그만들기 현실부터 부업...",http://cafe.naver.com/koarane/255677,리얼리뷰 공유소ㅣ내돈내산 찐리뷰 커...,https://cafe.naver.com/koarane,0,6,0,2,4,False
블로그 부업 수익,블로그,"네이버 애드포스트 수익, 하루 방문자 100명으로 가능한 금액","네이버 애드포스트 수익, 하루 방문자 100명으로 가능한 금액 혹시 이웃님들 중에 블로그로 돈 벌 수 있을까... 집에서하는일 #재택근무부업#주부부업추천#재택투잡#온라인마케팅부업#카페마케팅#블로그부업#부업주의사항",http://cafe.naver.com/uouv96/9510,오늘도 달린다 ㅣ영업·창업·부업 ㅣ...,https://cafe.naver.com/uouv96,0,10,0,2,8,False
블로그 부업 수익,블로그,블로그부업사기 피해 구제를 위한 실질적인 도움은,블로그부업사기 피해 구제를 위한 도움 온라인 광고 시장이 확대되면서 평범한 일상을 공유하는 블로그 계정을 활용해 고수익을 창출할 수 있다는 블로그부업사기가 곳곳에서 기승을 부리고 있습니다. 가해 조직은 주로...,http://cafe.naver.com/cosmania/38289014,카페 파우더룸 [ 화장품.뷰티.쇼핑.일...,https://cafe.naver.com/cosmania,0,6,0,0,6,False
블로그 부업 수익,블로그,블로그재택알바 부업으로 괜찮을지 고민된다면,"하루 30분 투자로 월 1,000만원 수익인증까지 한 자동화 퍼널시스템을 그대로 복제해 준다고 하네요~ 60대분들도 따라할 수 있는 챗gpt를 이용한 홍보방법까지 싹 다 교육해준다고 하니, 혹시 블로그부업, 재택일거리...",http://cafe.naver.com/koarane/305700,리얼리뷰 공유소ㅣ내돈내산 찐리뷰 커...,https://cafe.naver.com/koarane,0,10,0,0,10,False
블로그 부업 수익,스마트스토어,"50대 이후 중년부업, 수익 나오는 건 결국 이거였어요","SNS나 블로그, 스마트스토어 등으로 수익을 만드는 게 중심이에요. 덕분에 저처럼 컴퓨터 좀 만질 줄 알면 누구나 할 수 있어요! ───────────────── [* 하루 1~2시간이면 가능한 부업이 있을까?] 많은...",http://cafe.naver.com/koarane/152145,리얼리뷰 공유소ㅣ내돈내산 찐리뷰 커...,https://cafe.naver.com/koarane,0,8,0,0,8,False
블로그 부업 수익,블로그,마늘까기부업 수익 진짜 될까? 직접 해봤어요,- 단순 노가다형 부업이 체질에 안 맞는 분 - 하루 30분 투자로 스마트하게 돈 벌고 싶은 분 - 블로그보다 쉬운 상위노출 마케팅 배우고 싶은 분 - 무자본으로 시작해도 수익 가능성 있는 부업 찾는 분 - 초보자도 챗GPT로 글...,http://cafe.naver.com/koarane/118567,리얼리뷰 공유소ㅣ내돈내산 찐리뷰 커...,https://cafe.naver.com/koarane,0,8,0,0,8,False
블로그 부업 수익,기타,스마트폰 부업으로 집에서 돈벌기 7만원!,특별한 기술 없이도 스마트폰 부업으로 수익을 만들 수 있으면 좋겠다 싶었거든요. 그러다 빗썸에서 신규 가입만 해도 7만원을 받을 수 있는 이벤트를 발견했어요. 직접 해봤는데 진짜 입금되길래 집에서 돈벌기 과정을...,http://cafe.naver.com/chocammall/12349717,초캠장터(캠핑퍼스트장터),https://cafe.naver.com/chocammall,0,4,0,0,4,False
블로그 부업 수익,블로그,부업하실분 하루 1시간 투자해도 수익날까?,───────────────── 요즘 가장 많은 사람들이 배우는 부업이 뭐냐고요? 단연 ‘온라인 마케팅’입니다. 특히 블로그나 카페에 글을 올리고 수익을 창출하는 방식은 저 같은 신입에게도 딱이더군요....,http://cafe.naver.com/koarane/34647,리얼리뷰 공유소ㅣ내돈내산 찐리뷰 커...,https://cafe.naver.com/koarane,0,8,0,0,8,False
블로그 부업 수익,블로그,애드포스트조건 맞추면 진짜 블로그수익 가능한지 궁금하네요,온라인 부업을 계속 찾아보고 있어요. 주변에서는 블로그로 수익 낸다는 사람도 있다는데 저는 아직 애드포스트조건도 못 맞춰서 조금 답답하네요. 괜히 시간만 쓰고 아무 수익도 안나는건 아닐까 싶어서 살짝 걱정도...,http://cafe.naver.com/koarane/428309,리얼리뷰 공유소ㅣ내돈내산 찐리뷰 커...,https://cafe.naver.com/koarane,0,6,0,2,4,False
블로그 부업 수익,블로그,"블로그부업, 지금 시작해도 정말 수익이 날까요?","───────────────── [ 블로그부업으로 수익 나는 구조] 블로그부업은 단순히 글만 쓰는 게 아니라 구조가 중요해요. 검색되는 글을 만들고, 그 안에서 자연스럽게 수익 구조를 연결하는 방식이죠....",http://cafe.naver.com/koarane/372404,리얼리뷰 공유소ㅣ내돈내산 찐리뷰 커...,https://cafe.naver.com/koarane,0,6,0,0,6,False
블로그 부업 수익,스마트스토어,재테크부업 하나 잘 골랐더니 수익이 자동으로 들어오네요,"- 부업 찾고 있는 직장인, 육아맘, 대학생 - 블로그, 스마트스토어는 어려우셨던 분 - 지금 바로 수익화 가능한 진짜 꿀팁만 알고 싶은 분 [선물 증정] 숫자만 입력하면 상위노출 글 완성되는 ‘챗GPT 부업 글쓰기 생성기’...",http://cafe.naver.com/koarane/122668,리얼리뷰 공유소ㅣ내돈내산 찐리뷰 커...,https://cafe.naver.com/koarane,0,8,0,0,8,False
블로그 부업 수익,스마트스토어,직장인부업추천 나만 몰랐던 현실적인 방법들,요즘 월급만으로 살기 빠듯해서 부업 알아보는 중인데요 진짜 현실적으로 되는 거 찾기가 하늘의 별따기더라고요 블로그 수익이니 스마트스토어니 다들 쉽다고 하는데 막상 해보면 시간은 시간대로 쓰고 수익은 커피값도...,http://cafe.naver.com/carmigota/1046,"오늘도, 가꿈",https://cafe.naver.com/carmigota,0,8,0,2,6,False
블로그 부업 수익,블로그,다들 재테크부업으로 수익 낸다는데 저는 왜 감이 안 올까요,"집에서 할 수 있는 재테크부업이라도 제대로 하나 붙잡고 해보고 싶거든요. 온라인마케팅이나 블로그 수익 같은 것도 관심은 많은데, 시작이 늘 어렵네요. 이미 여러 번 시도했다가 흐지부지된 경험이 있어서 더...",http://cafe.naver.com/koarane/224845,리얼리뷰 공유소ㅣ내돈내산 찐리뷰 커...,https://cafe.naver.com/koarane,0,6,0,0,6,False
블로그 부업 수익,블로그,무자본부업 해보신 분들 수익 나는 방법 좀 알려주세요,"PDF 전자책이나 블로그 수익 이런 것도 알아보고 있는데 혼자서 하려니 감이 잘 안 잡혀요. 실제로 무자본 부업 해보신 분 계시면 수익 어떻게 나는지, 뭘 먼저 해보는 게 좋은지 조언 부탁드려요",http://cafe.naver.com/koarane/213441,리얼리뷰 공유소ㅣ내돈내산 찐리뷰 커...,https://cafe.naver.com/koarane,0,6,0,2,4,False
블로그 부업 수익,스마트스토어,온라인 부업 수익 올라가는 핵심포인트만 콕 집어봤어요,"온라인 부업 수익 올라가는 핵심포인트만 콕 집어봤어요 혹시 요즘 온라인 부업 알아보는 분들 많지 않나요?... 블로그, 인스타, 스마트스토어, 영상 제작 등등. 근데 공통적으로 필요한 건 ‘한 가지 스킬’을 배우는 게...",http://cafe.naver.com/koarane/149438,리얼리뷰 공유소ㅣ내돈내산 찐리뷰 커...,https://cafe.naver.com/koarane,0,8,0,0,8,False
블로그 부업 수익,블로그,"부산재택부업, 자투리 시간 활용해서 수익내기 알려드림","ㅎㅎ 요즘은 진짜 부업 시장이 너무 커졌고, 특히 부산 쪽도 재택부업 찾는 분들이 많아졌더라구요! 그래서... 지금은 블로그 수익, 자동화 판매 수익 다 합쳐서 150까지도 나고 있어요...",http://cafe.naver.com/koarane/89457,리얼리뷰 공유소ㅣ내돈내산 찐리뷰 커...,https://cafe.naver.com/koarane,0,8,0,0,8,False
블로그 부업 수익,블로그,부업 블로그 수익화 가능한가요,"해보려고 하는데 실제로 수익이 발생하기까지 얼마나 걸리는지 궁금해요. 초보가 처음 시작할 때 어떤 주제가 좋은지, 애드센스 신청 조건이 뭔지도 알고 싶어요. 블로그 수익화 경험 있으신 분들 솔직하게 알려주세요~",http://cafe.naver.com/goasdqaz/20487,미쓰녀 | 미녹시딜 쓰는 여자들 (여성...,https://cafe.naver.com/goasdqaz,0,6,0,4,2,False
블로그 부업 수익,블로그,디자인부업으로 월 100? 진짜 가능한 수익 루트인지 찐 후기,"디자인부업 수익구조 진짜 현실은 어떨까용? 솔직히 말해서 디자인 전공자 아니면 디자인부업 하기... SNS (인스타, 블로그, 스레드) 5. 마켓잇, 템플리 등 템플릿 판매 사이트 저는 블로그에 작업물 몇 개 올려두고...",http://cafe.naver.com/koarane/40816,리얼리뷰 공유소ㅣ내돈내산 찐리뷰 커...,https://cafe.naver.com/koarane,0,6,0,0,6,False
블로그 부업 수익,블로그,블로그수익창출 부업으로 선택한 솔직한 이유,블로그수익창출 부업으로 선택한 솔직한 이유 요즘 블로그수익창출 이야기 진짜 많이 들리죠? 저도 사실 그냥 흘려듣다가 어느 순간 궁금해졌어요 ㅎㅎ 회사 다니면서 다른 부업은 체력적으로 너무 힘들더라구요. 그래서...,http://cafe.naver.com/koarane/380736,리얼리뷰 공유소ㅣ내돈내산 찐리뷰 커...,https://cafe.naver.com/koarane,0,6,0,2,4,False
블로그 부업 수익,블로그,수공예부업 이걸로 진짜 수익이 날까?,"저도 처음엔 블로그에 올려볼까? 했다가, 뭐부터 해야 할지 몰라서 막막했었거든요. 근데 지금은 네이버 카페... 진짜, 지금은 마케팅을 제대로 배우는 게 ‘부업 수익’의 핵심 같아요....",http://cafe.naver.com/koarane/52231,리얼리뷰 공유소ㅣ내돈내산 찐리뷰 커...,https://cafe.naver.com/koarane,0,6,0,0,6,False
블로그 부업 수익,블로그,블로그부업 시작 전 꼭 알아야 할 꿀팁 정리했어요,요즘은 챗GPT나 각종 AI툴로 키워드 분석도 손쉽게 하니까 도전해볼만 하답니다 ───────────────── [# 블로그부업으로 수익화까지 걸린 시간] 저는 처음 3개월 동안은 솔직히 수익 ‘0’이었어요ㅠㅠ...,http://cafe.naver.com/koarane/103117,리얼리뷰 공유소ㅣ내돈내산 찐리뷰 커...,https://cafe.naver.com/koarane,0,6,0,0,6,False
블로그 부업 수익,유튜브,"부업 수익전략, 제대로 정리하고 싶어요!","특히 부업이나 알바를 하려고 해도, 어떤 수익전략이 나에게 맞을지 이것저것 알아보는 것 자체가 시간이 너무 걸리고 어렵게 느껴져요. 예전에 유튜브나 블로그로 돈 벌 수 있다는 말에 시작해봤는데, 결과는 처참했죠....",http://cafe.naver.com/koarane/123975,리얼리뷰 공유소ㅣ내돈내산 찐리뷰 커...,https://cafe.naver.com/koarane,0,8,0,0,8,False
블로그 부업 수익,블로그,드랍쉬핑부업 꿀팁 하나만 알아도 수익이 달라진다구요ㅎㅎ,"아끼겠다고 블로그나 인스타만 하다가 노출 안 돼서 좌절하는 분들 진짜 많아요. 요즘은 **네이버... ───────────────── ■온라인 부업 수익을 자동화로 만들 수 있는 기회, 지금 확인해보세요...",http://cafe.naver.com/koarane/94514,리얼리뷰 공유소ㅣ내돈내산 찐리뷰 커...,https://cafe.naver.com/koarane,0,6,0,0,6,False
블로그 부업 수익,블로그,"어린이집교사, 부업으로 수익도 만들 수 있을까용?","이런 부업은 하루 1~2시간만 투자해도 충분히 수익을 만들 수 있어요. 저도 처음엔 블로그로 시작했는데, 한 달만에 소정의 수익이 생겼답니다 ───────────────── [창업 아이템] 소자본으로 시작...",http://cafe.naver.com/koarane/335811,리얼리뷰 공유소ㅣ내돈내산 찐리뷰 커...,https://cafe.naver.com/koarane,0,8,0,0,8,False
블로그 부업 수익,블로그,자동수익부업 챗gpt로 자동화한 꿀팁 공개,"챗GPT에 “자동수익부업 관련 블로그 글 써줘”라고 입력하면 완성도 있는 초안이 뚝딱 나오더라구요. 거기에 제 경험 몇 마디만 섞으면? 진짜 내 이야기처럼 보여요. 블로그, SNS, 문자템플릿까지 전부 챗GPT가 해줘요....",http://cafe.naver.com/koarane/104835,리얼리뷰 공유소ㅣ내돈내산 찐리뷰 커...,https://cafe.naver.com/koarane,0,6,0,0,6,False
블로그 부업 수익,유튜브,유튜브 알고리즘만 잘 타면 부업 수익이 터진다는데 진짜일까?,"유튜브 알고리즘만 잘 타면 부업 수익이 터진다는데 진짜일까? 요즘 유튜브로 수익내는 분들 보면 부럽기도... ㅋㅋ ───────────────── 왜 유튜브 부업도 많고, 쿠팡파트너스, 블로그도 있는데 왜...",http://cafe.naver.com/koarane/234029,리얼리뷰 공유소ㅣ내돈내산 찐리뷰 커...,https://cafe.naver.com/koarane,0,10,0,0,10,False
블로그 부업 수익,블로그,AI블로그 운영해서 부업 해보신분?,요즘 AI블로그로 부업 수익 낸다는 글을 여기저기서 많이 보는데 진짜 가능한가요? 블로그 자동화로 글 쌓아두면 돈이 된다고 하던데... 저는 IT쪽은 잘 몰라서 시작하기가 겁나네요. 그래도 온라인부업 쪽은 계속 관심이...,http://cafe.naver.com/koarane/27596,리얼리뷰 공유소ㅣ내돈내산 찐리뷰 커...,https://cafe.naver.com/koarane,0,6,0,0,6,False
블로그 부업 수익,스마트스토어,직장인부업 1년 해보고 나서 솔직하게 털어놓아요,"저는 1년 동안 총 세 가지 부업을 경험했어요. 블로그 수익화, 스마트스토어 운영, 그리고 프리랜서 번역이었어요. 각각 수익과 시간 투자 대비 효율이 달랐고, 결국 지금은 두 가지를 병행하고 있어요. 퇴근 후 하루 1...",http://cafe.naver.com/fmsmania0/266834,[글로벌셀러창업연구소] 쿠팡로켓그로...,https://cafe.naver.com/fmsmania0,0,10,0,0,10,False
블로그 부업 수익,블로그,부업사이트 어디서 시작해야 할지 막막하다면!,네이버 블로그 / 티스토리 이건 부업사이트라기보다 플랫폼인데 장기적으로 수익 만들기 좋습니다... 부업사이트는 처음엔 쉬운 구조부터 시작하는게 부담이 덜하더라구요 부업사이트 수익 구조 부업사이트 수익은 크게...,http://cafe.naver.com/eovhskfktmak/6509,4050 우리들의 두번째 시작[은퇴 국민...,https://cafe.naver.com/eovhskfktmak,0,6,0,0,6,False
블로그 부업 수익,블로그,상품등록알바만 잘 해도 부업수익 이정도라는데요,"초기비용 전혀 없이도 수익화 가능한 방법도 알려주니까 완전 마케팅 초보도 들을 수 있어요. 참여만 해도 블로그 지수 올리는 글쓰기 챗봇도 준대요 ───────────────── ■ ""저는 이 강의 덕분에 부업에...",http://cafe.naver.com/koarane/71042,리얼리뷰 공유소ㅣ내돈내산 찐리뷰 커...,https://cafe.naver.com/koarane,0,10,0,0,10,False
블로그 부업 수익,블로그,재택부업 추천 BEST 총정리! 초보도 가능한 수익화 방법 공개,"첫 번째는 쿠팡파트너스, 두 번째는 블로그 수익화, 세 번째는 AI 활용 부업이에요. 특히 초기 비용 없이 시작할 수 있다는 점 때문에 입문자들이 많이 선택하고 있더라구요. 저도 직접 찾아보니까 진입장벽이 낮아서...",http://cafe.naver.com/cafemakecafebest/25796,세상모든꿀팁 ㅣ영업·창업·부업·투...,https://cafe.naver.com/cafemakecafebest,0,10,0,2,8,False
블로그 부업 수익,블로그,블로그글쓰기알바는 진짜 돈 되는 부업일까용?,"계신다더라구요 블로그글쓰기알바처럼 일일이 수작업하지 않아도 되니까, 정말 효율적이에요. 혹시 부업이나 수익 걱정 있는 분이라면... 전 이거 진심 추천드려요! ───────────────── ■ “부업, 수익...",http://cafe.naver.com/koarane/203553,리얼리뷰 공유소ㅣ내돈내산 찐리뷰 커...,https://cafe.naver.com/koarane,0,6,0,2,4,False
블로그 부업 수익,블로그,챗지피티사용법 하나로 블로그부업까지 시작했어요,"그냥 친구가 알려준다고 해서 호기심에 들어갔던게 시작이었는데, 지금은 블로그 부업까지 자연스럽게 연결돼서 수익도 조금씩 생기고 있답니다ㅎㅎ 그래서 오늘은 제가 직접 써보면서 느낀 ‘챗지피티 사용법’과 그걸...",http://cafe.naver.com/koarane/71663,리얼리뷰 공유소ㅣ내돈내산 찐리뷰 커...,https://cafe.naver.com/koarane,0,6,0,0,6,False
블로그 부업 수익,스마트스토어,재택부업추천 집에서 하루 30분으로 가능한 부업 찾는다면?,"대표적으로는 쿠팡파트너스, 블로그부업, 스마트스토어 리뷰작성, 네이버쇼핑커넥트 같은 방식들이 인기가... 느껴졌어요ㅎㅎ ◆재택부업 시작 전 꼭 체크해야 할 점◆ 재택부업추천 글 보면 무조건 고수익만 강조하는...",http://cafe.naver.com/uouv96/6465,오늘도 달린다 ㅣ영업·창업·부업 ㅣ...,https://cafe.naver.com/uouv96,0,12,0,2,10,False
블로그 부업 수익,블로그,애드포스트수익 요즘 블로그부업 흐름,───────────────── 이렇게 애드포스트수익이랑 블로그부업 흐름을 정리해봤는데요. 제 생각에는 이제 단순 광고수익만으로는 한계가 있는 구조인 것 같아요. 그래서 요즘은 자동화로 돌아가는 온라인...,http://cafe.naver.com/koarane/294717,리얼리뷰 공유소ㅣ내돈내산 찐리뷰 커...,https://cafe.naver.com/koarane,0,6,0,0,6,False
블로그 부업 수익,블로그,안녕하세요 블로그부업 목표,"2️⃣ 관심 있는 부업 블로그 글쓰기. 3️⃣ 내가 좋아하고 잘하면서 수익이 되는일 (ex 독서, 글쓰기, 영상편집 등등) 기획업무를 했던 경험을 살펴보면 잘 되지 않을까 합니다. 많이 가르쳐주세요 4️⃣ 가입 경로...",http://cafe.naver.com/woo3284381/55738,부업하는 부자들 | N잡 창업 수익화 경...,https://cafe.naver.com/woo3284381,0,6,0,0,6,False
블로그 부업 수익,블로그,"수익형블로그 전략, 글만 많이 쓴다고 수익이 나는 건 아니었습니다.","챗GPT를 활용한 홍보 방법까지 교육해 준다고 하니, 혹시 블로그 수익이나 온라인 부업 때문에 고민 중이라면 한번 확인해보는 것도 괜찮을 것 같습니다. ■블로그만으로 수익이 안 난다면, 구조를 확인해보세요...",http://cafe.naver.com/koarane/422305,리얼리뷰 공유소ㅣ내돈내산 찐리뷰 커...,https://cafe.naver.com/koarane,0,6,0,0,6,False
블로그 부업 수익,블로그,블로그 부업 피부양자 기준 (월 얼마까지 괜찮을까? 2026 현실 정리),블로그 부업하면서 가장 걱정되는 부분 “얼마까지 벌어야 피부양자 유지 가능할까?” 결론부터 말하면... 있음 ❗ “부업 수익보다 건보료 더 나오는 상황” 가능 피부양자 유지 꿀팁 4가지 ✔ 1. 월 35만 원...,http://cafe.naver.com/smartlife007/2460,스마트 일상 연구소,https://cafe.naver.com/smartlife007,0,6,0,0,6,False
블로그 부업 수익,블로그,네이버 블로그로 월급 외 수익 만드는 꿀팁,"오늘은 제가 직접 알아보고 느낀 네이버 블로그 수익 만드는 꿀팁을 정리해볼게요. ───────────────── [네이버 블로그 부업, 왜 계속 언급될까] 솔직히 부업 종류는 진짜 많잖아요. 그중에서도 네이버...",http://cafe.naver.com/koarane/358121,리얼리뷰 공유소ㅣ내돈내산 찐리뷰 커...,https://cafe.naver.com/koarane,0,6,0,0,6,False
블로그 부업 수익,유튜브,"블로그 수익, 왜 혼자 하면 막힐까?조회수는 나오는데 돈이 안 되던 내 경험","블로그 수익, 부업, 온라인 수익 때문에 저처럼 혼자 끙끙대고 있다면 한 번쯤은 구조부터 보는 것도 괜찮은 선택인 것 같아요. 참가비도 없고, 부담 없이 들어보고 내가 할 수 있을지 판단하면 되는 느낌이라 가볍게...",http://cafe.naver.com/koarane/367330,리얼리뷰 공유소ㅣ내돈내산 찐리뷰 커...,https://cafe.naver.com/koarane,0,6,0,0,6,False
블로그 부업 수익,블로그,"무자본온라인부업, 월 수익 만든 방법 공개","무자본온라인부업, 월 수익 만든 방법 공개 처음엔 솔직히 믿지 않았어요. 돈도 없고, 기술도 없는데... ───────────────── [# 카페 유입이 전환점이었습니다 *] 블로그만으로는 느렸어요. 카페에...",http://cafe.naver.com/koarane/412954,리얼리뷰 공유소ㅣ내돈내산 찐리뷰 커...,https://cafe.naver.com/koarane,0,6,0,0,6,False
블로그 부업 수익,스마트스토어,쇼핑몰부업 수익 나오는 기간 궁금해요,"알바도 해봤고, 인스타나 블로그 마케팅도 해봤는데 생각처럼 수익이 잘 안 나서 결국 다 그만두게 되더라구요. 이번엔 쇼핑몰부업 쪽으로 한 번 제대로 해보려고 마음먹었는데 초기비용은 적게 들더라도, 언제쯤부터...",http://cafe.naver.com/koarane/46737,리얼리뷰 공유소ㅣ내돈내산 찐리뷰 커...,https://cafe.naver.com/koarane,0,10,0,2,8,False
블로그 부업 수익,블로그,컴퓨터로돈벌기 부업수익 올리는 요즘 방식 이야기,컴퓨터로돈벌기 부업수익 올리는 요즘 방식 이야기 혹시 요즘 컴퓨터로돈벌기 쪽으로 관심 생긴 분들... 게 블로그나 SNS 기반으로 글 쓰는 방식이에요. 특히 블로그 글 작업은 컴퓨터만 있으면 바로 가능해서 진입장벽이...,http://cafe.naver.com/koarane/129014,리얼리뷰 공유소ㅣ내돈내산 찐리뷰 커...,https://cafe.naver.com/koarane,0,6,0,0,6,False
블로그 부업 수익,스마트스토어,[주부부업 1편] 평범한 주부였던 제가 노후 준비를 위해 부업에 뛰어든 이유,주부부업 종류 특징 난이도 현실 수익 단순 작업형 반복 작업 위주 낮음 5~10만원 블로그/콘텐츠 꾸준함 필요 중간 10~30만원 스마트스토어 초기 공부 필요 높음 30만원 이상 구매대행 배송/마진 중요 높음 변동 큼 처음에는...,http://cafe.naver.com/eovhskfktmak/4864,4050 우리들의 두번째 시작[은퇴 국민...,https://cafe.naver.com/eovhskfktmak,0,10,0,0,10,False
블로그 부업 수익,블로그,블로그부업으로 인생 바뀌는 사람들… 대체 어떻게 하는 걸까,"───────────────── 이상으로 블로그부업의 기본부터 수익 구조까지 알아봤는데요. 요즘은 한 가지 일에만 매달리기보다, 부업으로 수익 파이프라인을 늘리는 게 훨씬 현명한 시대 같아요. 하루에...",http://cafe.naver.com/koarane/70815,리얼리뷰 공유소ㅣ내돈내산 찐리뷰 커...,https://cafe.naver.com/koarane,0,6,0,0,6,False
블로그 부업 수익,블로그,"디지털노마드 부업 수익, 진짜 가능한 이야기일까","실제 부업 수익 사례랑 정보까지 쫙 정리해볼게요! 특히! 요즘 뜨는 ‘자동화 퍼널마케팅’까지 연결되는... 걸까?] 수익 모델이 다양한데, 가장 많은 건 콘텐츠 기반 수익이에요. 예를 들면 블로그 운영, 인스타 리셀...",http://cafe.naver.com/koarane/132107,리얼리뷰 공유소ㅣ내돈내산 찐리뷰 커...,https://cafe.naver.com/koarane,0,8,0,0,8,False
블로그 부업 수익,블로그,돈되는부업 재택수익 이렇게 차이난다요,"대비 수익 구조가 커질 것. 셋째, 혼자서도 운영 가능할 것. 이 조건 맞추다 보니 자연스럽게 온라인 마케팅 쪽으로 눈이 가더라구요. ───────────────── [요즘 부업 트렌드가 바뀐 이유] 예전엔 블로그...",http://cafe.naver.com/koarane/329575,리얼리뷰 공유소ㅣ내돈내산 찐리뷰 커...,https://cafe.naver.com/koarane,0,8,0,0,8,False
블로그 부업 수익,스마트스토어,"직장인이 부업으로 돈 버는 방법, 현실적으로 가능한 5가지 정리","그래서 제가 오늘 직장인이 현실적으로 할 수 있는 부업부터 수익 만드는 방법까지 싹~ 정리해드릴게요! ◆퇴근 후 가능한 온라인 부업 BEST◆ 요즘 가장 인기 있는 부업은 단연 온라인 기반이에요. 블로그, 스마트스토어...",http://cafe.naver.com/cafemakecafebest/24206,세상모든꿀팁 ㅣ영업·창업·부업·투...,https://cafe.naver.com/cafemakecafebest,0,8,0,0,8,False
블로그 부업 수익,유튜브,블로그 말고 뭐하지? 육아맘 부업 책 추천 (유튜브 쇼츠),있는 부업 찾는 육아맘 블로그 말고 다른 수익 루트 고민 중인 분 유튜브 쇼츠 시작해보고 싶은 완전 초보 저처럼 “뭘 해야 할지 막막한 상태”였던 분들한테는 가볍게 방향 잡기 좋은 책이라 추천드려요 맘카페 이벤트...,http://cafe.naver.com/imsanbu/78834865,맘스홀릭 베이비 (360만 엄마들의 임신...,https://cafe.naver.com/imsanbu,0,8,0,2,6,False
블로그 부업 수익,유튜브,"AI 부업 추천, 진짜 수익나는 방법은?",이게 은근 수익 짭짤하더라구요 ㅎㅎ ───────────────── [# AI 이미지 생성으로 썸네일 부업 도전!] 요즘 유튜브나 블로그 보시면 썸네일 진짜 퀄리티 높잖아요? 그거 다 포토샵으로 하는 줄 알았는데...,http://cafe.naver.com/koarane/280578,리얼리뷰 공유소ㅣ내돈내산 찐리뷰 커...,https://cafe.naver.com/koarane,0,8,0,2,6,False
블로그 부업 수익,블로그,"애드포스트조건, 부업으로 수익을 만들 수 있을까용?",오늘은 애드포스트 조건을 활용해서 블로그 부업 수익을 극대화하는 방법들을 알려드릴게요! 저도 해보면서 깜짝 놀랐던 경험이 있어서 꿀팁 중심으로 정리했답니다ㅎㅎ...,http://cafe.naver.com/koarane/100938,리얼리뷰 공유소ㅣ내돈내산 찐리뷰 커...,https://cafe.naver.com/koarane,0,6,0,0,6,False
블로그 부업 수익,블로그,"블로그부업 현실, 시작하기 전에 이 생각부터 정리돼야 합니다","블로그부업 현실을 검색하는 사람들은 대부분 이미 한 번쯤 기대했다가 고민 단계로 들어온 경우가 많습니다. 막연한 수익 이야기가 아니라, 실제로 해도 되는 건지 확인하려는 흐름입니다....",http://cafe.naver.com/koarane/289625,리얼리뷰 공유소ㅣ내돈내산 찐리뷰 커...,https://cafe.naver.com/koarane,0,6,0,0,6,False
블로그 부업 수익,블로그,아고다어필리에이트 블로그수익 비밀,아고다어필리에이트 블로그수익 비밀 요즘 부업 찾는 분들 진짜 많죠… 저도 애 키우면서 집에 있는 시간이 길어지다 보니까 자연스럽게 블로그수익에 눈이 가더라구요ㅎㅎ 특히 여행 좋아하시는 분들이라면 한 번쯤...,http://cafe.naver.com/koarane/391160,리얼리뷰 공유소ㅣ내돈내산 찐리뷰 커...,https://cafe.naver.com/koarane,0,6,0,0,6,False
블로그 부업 수익,유튜브,"막막한 AI부업, 현실적인 AI수익 아이디어 찾는 분들께",AI인공지능활용 챗GPT사용법 AI업무블로그자동화 AI영상/콘텐츠/유튜브 제작 AI이미지생성 AI수익화 마케팅 프롬프트 AI활용 AI콘텐츠제작 AI블로그자동화 AI유튜브제작 AI자동화 AI수익화 AI부업 AI돈버는방법...,http://cafe.naver.com/suid/48028,AI자동화/수익화/부업 AI영상/콘텐츠/...,https://cafe.naver.com/suid,0,10,0,0,10,False
블로그 부업 수익,블로그,챗GPT부업 진짜 수익나는 구조 알려드려요,"챗GPT로 부업이 가능하다고요?] 가능 그 이상입니다. 요즘은 마케팅, 블로그, 카페 등 콘텐츠가 중요한 시대잖아요. 근데 그 콘텐츠를 내가 직접 안 쓰고도, 챗GPT가 자동으로 써주면? 그걸로 수익구조 만드는 건 생각보다...",http://cafe.naver.com/koarane/347628,리얼리뷰 공유소ㅣ내돈내산 찐리뷰 커...,https://cafe.naver.com/koarane,0,8,0,0,8,False
블로그 부업 수익,유튜브,26년 1월~2월 공무원아빠의 가계부(feat. 부업체험기 첨부),"그리고 부수입으로는 아내의 계약교사월급(이제 계약끝!), 아내의 플랫폼부업수익, 주식수익, 주식배당금이... (허가받은 경우 가능하지만 퀵, 배달, 대리운전등 대부분 허용안되고, 유튜브, 개인방송, 블로그 등도...",http://cafe.naver.com/pointns/549298,"달팽이주식카페 - [무료 주식카페,주식...",https://cafe.naver.com/pointns,0,12,0,0,12,False
블로그 부업 수익,블로그,"블로그애드포스트 하루 수익, 진짜 이정도?","가능한 블로그 주제는?*] 주제를 잘 잡아야 수익 나는데요! 요즘은 다이어트 후기, 제품 리뷰, 맛집, 일상, 부업 정보 이런 게 잘 먹힌대요. 특히 네이버 검색에서 자주 찾는 키워드로 작성하면 진짜 효과 좋대요 저는 일단...",http://cafe.naver.com/koarane/382608,리얼리뷰 공유소ㅣ내돈내산 찐리뷰 커...,https://cafe.naver.com/koarane,0,6,0,0,6,False
블로그 부업 수익,블로그,블로그만들기 부업으로 시작해서 월100만원 찍은 썰,"혹시 블로그로 수익을 내고 싶거나, 온라인 부업에 관심 있다면 이번 기회에 꼭 한 번 알아보시길 추천드려요 ───────────────── ■ 온라인 자동화 수익의 시작, 바로 지금이 타이밍이에요! ↓↓자동화...",http://cafe.naver.com/koarane/108322,리얼리뷰 공유소ㅣ내돈내산 찐리뷰 커...,https://cafe.naver.com/koarane,0,6,0,2,4,False
블로그 부업 수익,블로그,핸드폰부업 하시는 분 실제 수익은요?,"정말 광고처럼 돈이 되는건지 궁금하고, 어느 정도 수익이 나오는지도 솔직하게 듣고 싶어요. 예전에 블로그 부업 잠깐 해봤는데, 결국 돈만 날리고 끝났거든요. 이번엔 또 시간 낭비만 하게 될까봐 걱정돼요. 확실히 검증된...",http://cafe.naver.com/koarane/53132,리얼리뷰 공유소ㅣ내돈내산 찐리뷰 커...,https://cafe.naver.com/koarane,0,6,0,2,4,False
블로그 부업 수익,블로그,혹시 블로그광고수익으로 투잡 하실 분들 계신가요?,"하루 30분 투자로 자동화 블로그 수익 시스템을 제공해주고, 광고/홍보는 복사+붙여넣기만 하면 된다니까 진짜 현실 부업으로 딱! 지금 수익 파이프라인 만들고 싶은 분들, 블로그 수익화 하고 싶은 분들, 온라인마케팅...",http://cafe.naver.com/koarane/310351,리얼리뷰 공유소ㅣ내돈내산 찐리뷰 커...,https://cafe.naver.com/koarane,0,10,0,0,10,False
블로그 부업 수익,블로그,"블로그애드포스트 수익, 네이버검색노출이 핵심","글쓰기 좋아하면서 수익까지 얻을 수 있다니, 진짜 괜찮은 찐부업 같더라구요 그래서 오늘은 블로그애드포스트 수익 구조부터, 검색노출에 필요한 핵심 꿀팁까지 정리해볼게요!...",http://cafe.naver.com/koarane/348274,리얼리뷰 공유소ㅣ내돈내산 찐리뷰 커...,https://cafe.naver.com/koarane,0,6,0,0,6,False
블로그 부업 수익,블로그,워드프레스 블로그로 부업 시작한 후기,"저도 인스타에서 누가 워드프레스로 수익냈다는 글 보고 처음 알게 됐거든요. 솔직히 블로그로 부업이라니... 반신반의했는데요, 한 번 해보자!는 마음으로 시작한 게 어느새 수익까지 나오고 있어서 ㅋㅋ 오늘은 제가...",http://cafe.naver.com/koarane/85059,리얼리뷰 공유소ㅣ내돈내산 찐리뷰 커...,https://cafe.naver.com/koarane,0,6,0,0,6,False
블로그 부업 수익,블로그,블로그애드포스트 부업으로 월 30 가능할까 고민된다~,"혹시 블로그애드포스트로 수익 내보려고 고민 중이신 분 계신가요? 요즘 부업 얘기만 나오면 빠지지 않는 게 바로 이 블로그애드포스트라구요ㅎㅎ 저도 직장 다니면서 시간 날 때마다 글 써보다가, 이거 진짜 부업으로...",http://cafe.naver.com/koarane/204894,리얼리뷰 공유소ㅣ내돈내산 찐리뷰 커...,https://cafe.naver.com/koarane,0,6,0,0,6,False
블로그 부업 수익,블로그,리본부업 취미로 시작해 수익까지 나는법,"중요하더라구요 ───────────────── [*리본부업 수익 구조, 솔직히 어느 정도 나오냐면... 그래서 요즘 리본부업 하시는 분들 보면, 인스타·블로그·카페를 같이 운영하는 경우가 많아요. 예쁜 사진...",http://cafe.naver.com/2022star/37828,"재테크마을 - N잡,부업,보험,창업,투잡...",https://cafe.naver.com/2022star,0,6,0,0,6,False
블로그 부업 수익,유튜브,퇴근 후 부업으로 1000만원 두 번째 월급 만들기,"블로그로 돈 버는 사람들의 공통점 책에서는 다양한 부업 사례가 나오지만, 그중에서도 가장 현실적으로 느껴졌던 건 블로그 수익화였습니다. 많은 사람들이 블로그를 시작할 때 “조회수 잘 나오나?” “글 재주가 있어야...",http://cafe.naver.com/booknbeanstalk/1403090,"북카페 책과 콩나무-(독서,서평,베스트...",https://cafe.naver.com/booknbeanstalk,0,6,0,0,6,False
블로그 부업 수익,블로그,"하루 30분 투자해서 블로그광고수익 내는 방법, 진짜 궁금하지 않으세요?","그래서 저처럼 투잡이나 부업으로 블로그광고수익을 꿈꾸는 분들에게, 진짜 도움이 될 수 있는 실전 정보들을 모아서 정리해봤어요! 처음엔 저도 “내가 과연 가능할까?” 의심부터 했던 사람이거든요 ㅎㅎ...",http://cafe.naver.com/koarane/343446,리얼리뷰 공유소ㅣ내돈내산 찐리뷰 커...,https://cafe.naver.com/koarane,0,10,0,2,8,False
블로그 부업 수익,스마트스토어,챗GTP부업 자동수익 가능하다는 얘기 솔직히,자동수익이라는 말이 어디까지 진짜인지도 같이요. ───────────────── [*챗GTP부업 요즘 왜 이렇게 많이 보일까*] 예전엔 블로그나 스마트스토어가 대세였다면 요즘은 AI 활용이더라구요. 챗GTP는 글쓰기...,http://cafe.naver.com/koarane/345915,리얼리뷰 공유소ㅣ내돈내산 찐리뷰 커...,https://cafe.naver.com/koarane,0,8,0,0,8,False
블로그 부업 수익,스마트스토어,"육아맘부업 시작, 집에서도 수익 만들기 가능할까용?","현실적인 수익 사례까지 한 번 정리해보았답니다! ───────────────── [ 재택으로 가능한 육아맘부업 종류] 육아맘분들이 집에서 하기 좋은 일은 생각보다 다양해요. 예를 들면 블로그 글쓰기, 쇼핑몰...",http://cafe.naver.com/koarane/332509,리얼리뷰 공유소ㅣ내돈내산 찐리뷰 커...,https://cafe.naver.com/koarane,0,10,0,0,10,False
블로그 부업 수익,블로그,블로그부업진짜가능할까 수익공개합니다,"특히 포스팅 루틴, 키워드 잡는 법, 수익 구조 이해하는 게 블로그 부업에선 제일 중요한 포인트더라구요. 혼자 하는 것보단 배우고 시작하는 게 훨씬 빠릅니다! ───────────────── [* 요즘 블로그는...",http://cafe.naver.com/koarane/325241,리얼리뷰 공유소ㅣ내돈내산 찐리뷰 커...,https://cafe.naver.com/koarane,0,6,0,0,6,False
블로그 부업 수익,블로그,블로그수익화 부업으로 시작해 월100 찍는 현실후기,"요즘 SNS 보면 블로그수익화로 부업하는 분들 진짜 많지 않나요? 저도 원래 블로그는 그냥 사진 저장용? 그 정도로만 쓰다가.. 출산 후에 복직 준비하면서 뭔가 좀 더 ""내 돈줄""을 만들어야겠다는 생각이 들더라구요. 그래서...",http://cafe.naver.com/koarane/87425,리얼리뷰 공유소ㅣ내돈내산 찐리뷰 커...,https://cafe.naver.com/koarane,0,6,0,0,6,False
블로그 부업 수익,블로그,손부업사이트로 수익내신 분 계신가요,"부업, 블로그 부업 같은 거 이것저것 해봤는데 정말 돈만 날리고 효과는 없었어요. 그러다가 지인이 손부업사이트 추천해줘서 해보려고 하는데, 검색해보니 괜찮다 말다 말이 너무 달라서요. 진짜 이걸로 수익 내신 분들이...",http://cafe.naver.com/koarane/58553,리얼리뷰 공유소ㅣ내돈내산 찐리뷰 커...,https://cafe.naver.com/koarane,0,6,0,2,4,False
블로그 부업 수익,블로그,블로그 포스팅 부업 이걸로 월 200 넘긴 후기 실화임,"실제 수익인증도 많고, 60대 분들도 하고 계실 만큼 쉽게 되어 있어서 진입장벽이 낮은 게 가장 큰 장점이에요 블로그 포스팅 부업으로 수익 내고 싶은 분들, 이건 진짜 기회예요!...",http://cafe.naver.com/koarane/89898,리얼리뷰 공유소ㅣ내돈내산 찐리뷰 커...,https://cafe.naver.com/koarane,0,6,0,0,6,False
블로그 부업 수익,블로그,시니어부업정보 수익 후기 모아봤어요,시니어부업정보 수익 후기 모아봤어요 혹시 저처럼 퇴직 후 부업을 고민 중이신가요? 60이 넘고 나니까... 그런데 진짜로 퍼널 구조라는 게 다 짜여 있어서 블로그나 카페에 글을 올리기만 해도 수익이 조금씩...,http://cafe.naver.com/koarane/292748,리얼리뷰 공유소ㅣ내돈내산 찐리뷰 커...,https://cafe.naver.com/koarane,0,6,0,0,6,False
블로그 부업 수익,블로그,"네이버 블로그 부업, 생각보다 쉬운 수익화 방법 공개",지금까지 네이버 블로그 부업에 대해 현실적인 구조와 수익화 방법을 정리해봤는데요. 개인적으로는 단순 아르바이트보다 훨씬 장기적으로 가치 있는 부업이라고 느껴졌습니다. 특히 시간 대비 효율을 생각하면 충분히...,http://cafe.naver.com/koarane/554163,리얼리뷰 공유소ㅣ내돈내산 찐리뷰 커...,https://cafe.naver.com/koarane,0,6,0,0,6,False
블로그 부업 수익,블로그,블로그부업 진짜 수익 가능할까요?,"블로그부업 진짜 수익 가능할까요? 20대 후반이고 직장 다니고 있는데, 요즘 블로그부업으로 돈버는 사람들이 많다길래 저도 해보려 해요. 근데 막상 시작해보니까 글쓰는 것도 어렵고, 방문자도 없고 수익은 더더욱 안...",http://cafe.naver.com/uouv96/820,오늘도 달린다 ㅣ영업·창업·부업 ㅣ...,https://cafe.naver.com/uouv96,0,6,0,0,6,False
블로그 부업 수익,블로그,블로그지수확인만 잘해도 진짜 부업 시작 쉬워요,"오더라구요ㅋㅋ ""블로그 수익이 0원 → 월 20만원 → 월 70만원"" 이렇게 쭉쭉 늘어요! ───────────────── 솔직히 이건 말해야 돼요... 블로그만 잘 해도 부업 진짜 잘 됩니다. 요즘 온라인 마케팅 하는...",http://cafe.naver.com/koarane/210150,리얼리뷰 공유소ㅣ내돈내산 찐리뷰 커...,https://cafe.naver.com/koarane,0,6,0,0,6,False
블로그 부업 수익,블로그,"주말부업 종류와 수익 구조, 실제 사례로 알아보기","이해**: 부업 수익도 일정 금액 이상이면 신고 대상 이 과정을 소홀히 하면, 일은 늘어나는데 실질적인... 주말부업 관련 Q&A Q1. **체력이 부족해도 가능한 주말부업이 있을까요?** → 온라인 입력, 블로그 포스팅, 상품등록...",http://cafe.naver.com/zpvkdcom/14628,"온라인보험 비교카페 - 종합,어린이,건...",https://cafe.naver.com/zpvkdcom,0,6,0,0,6,False
블로그 부업 수익,블로그,블로그수익이 요즘 직장인들 사이에서 화제인 이유,"하루 30분 투자로 월 1,000만원 수익인증까지 한 자동화 퍼널시스템을 그대로 복제해 준다고 하네요~ 60대분들도 따라할 수 있는 챗gpt를 이용한 홍보방법까지 싹 다 교육해준다고 하니, 혹시 블로그수익 고민, 부업 고민...",http://cafe.naver.com/koarane/272537,리얼리뷰 공유소ㅣ내돈내산 찐리뷰 커...,https://cafe.naver.com/koarane,0,8,0,0,8,False
블로그 부업 수익,블로그,네이버블로그만들기 수익구조 진짜일까?,"회사 다니면서 틈틈이 할 수 있는 부업을 찾다가 네이버블로그만들기를 다시 보게 됐거든요. 그래서 오늘은 네이버블로그 수익구조가 진짜인지, 어디서 수익이 나는지 제 기준으로 정리해보려고 해요. 솔직한 느낌도 같이...",http://cafe.naver.com/koarane/368228,리얼리뷰 공유소ㅣ내돈내산 찐리뷰 커...,https://cafe.naver.com/koarane,0,6,0,0,6,False
블로그 부업 수익,블로그,블로그부업 하루 1포스팅으로도 수익 가능해요,블로그부업 하루 1포스팅으로도 수익 가능해요 솔직히 처음엔 저도 반신반의했어요 ‘글 하나 쓴다고 수익이 생긴다고?’ 싶었거든요. 근데 이게 구조를 제대로 알면 진짜 하루 한 포스팅으로도 꾸준하게 수익이...,http://cafe.naver.com/koarane/265860,리얼리뷰 공유소ㅣ내돈내산 찐리뷰 커...,https://cafe.naver.com/koarane,0,6,0,0,6,False
블로그 부업 수익,블로그,블로그부업으로 집에서 수익 만든 현실 방법,───────────────── [블로그부업 자주 묻는 질문 정리] 블로그부업은 무조건 오래 해야 수익이 나나요? → 방향만 맞으면 생각보다 빠르게 반응이 옵니다. 글솜씨가 없어도 가능한가요? → 정보 전달형...,http://cafe.naver.com/koarane/323794,리얼리뷰 공유소ㅣ내돈내산 찐리뷰 커...,https://cafe.naver.com/koarane,0,6,0,2,4,False
블로그 부업 수익,블로그,글쓰기 부업 현실 후기! 초보자도 시작 가능한 방법 정리,"현실적인 수익, 초보자 시작방법까지 싹~ 정리해드릴게요! ◆요즘 글쓰기 부업이 인기인 이유◆ 최근에는 블로그 원고작성, 후기작성, AI활용 글쓰기 같은 방식이 정말 다양해졌더라구요. 예전처럼 전문 작가만 할 수 있는...",http://cafe.naver.com/uouv96/7731,오늘도 달린다 ㅣ영업·창업·부업 ㅣ...,https://cafe.naver.com/uouv96,0,6,0,0,6,False
블로그 부업 수익,블로그,부업재테크 시작하려다 멈췄다면 이건 꼭 보셔야 합니다ㅠ,시간 투자형과 자산형 구조입니다 시간 투자형은 일한 만큼 바로 돈이 들어오고 자산형은 시간이 쌓여야 수익이 납니다 예를 들어 블로그는 처음엔 수익 거의 없다가 나중에 조금씩 생기죠... 그래서 부업재테크는...,http://cafe.naver.com/eovhskfktmak/6192,4050 우리들의 두번째 시작[은퇴 국민...,https://cafe.naver.com/eovhskfktmak,0,8,0,0,8,False
블로그 부업 수익,블로그,네이버블로그수익 지금 시작해도 늦지않은가,"네이버블로그수익, 부업, 온라인 수익 때문에 고민 중이라면 한번쯤은 볼만하겠다 싶었어요. 혼자 고민하는 시간 줄이는 게 진짜 중요하더라구요. ───────────────── 지금 고민만 하다 지나가면 또 몇...",http://cafe.naver.com/koarane/253729,리얼리뷰 공유소ㅣ내돈내산 찐리뷰 커...,https://cafe.naver.com/koarane,0,6,0,0,6,False
블로그 부업 수익,블로그,온라인부업 요즘 사람들 다 이걸로 수익냄!,"*] ✔️ 집에 있으면서 부업 하고 싶은 분 ✔️ 출퇴근 없는 온라인 수익원 만들고 싶은 분 ✔️ 블로그나 SNS 없이도 부업하고 싶은 분 ✔️ 육아맘, 취준생, 대학생 누구든 OK! 진짜 저희 동기 언니도 취업 준비하면서 잠깐...",http://cafe.naver.com/koarane/228626,리얼리뷰 공유소ㅣ내돈내산 찐리뷰 커...,https://cafe.naver.com/koarane,0,6,0,0,6,False
블로그 부업 수익,블로그,블로그부업 해보신 분 현실적으로 어떤가요,"블로그부업이 정말로 초보자도 할 수 있는 일인지, 혹시 해보신 분들 조언 좀 부탁드려요. 수익 나기까지 얼마나 걸리는지도 궁금하고, 블로그 주제는 어떤 게 유리한지도 알고 싶어요. 괜히 시간만 버릴까봐 걱정이...",http://cafe.naver.com/koarane/109115,리얼리뷰 공유소ㅣ내돈내산 찐리뷰 커...,https://cafe.naver.com/koarane,0,6,0,4,2,False
블로그 부업 수익,블로그,"개인연금 시니어 부업, 연금+수익 두 마리 토끼 잡는 법","개인연금 시니어 부업, 연금+수익 두 마리 토끼 잡는 법 요즘 들어 부쩍 연금만으로는 생활이 빠듯하단... Q4. 꼭 SNS나 블로그가 있어야 하나요? A4. 아니에요~ 톡방, 지인 추천, 커뮤니티 등 다양한 채널에서 가능해요....",http://cafe.naver.com/koarane/367059,리얼리뷰 공유소ㅣ내돈내산 찐리뷰 커...,https://cafe.naver.com/koarane,0,6,0,2,4,False
블로그 부업 수익,블로그,부업 알아보다가 자동화 수익까지 가게 됐어요ㅎ,"처음엔 블로그나 설문조사 같은 것도 해보고, 진짜 이것저것 다 건드려봤는데 결국 제대로 된 방향을 찾고 나서부터 수익이 눈에 띄게 올라가기 시작했어요! ───────────────── [# 직장인 부업, 요즘...",http://cafe.naver.com/koarane/234505,리얼리뷰 공유소ㅣ내돈내산 찐리뷰 커...,https://cafe.naver.com/koarane,0,6,0,0,6,False
블로그 부업 수익,블로그,블로그로돈버는방법 요즘은 이게 온라인부업 핵심이라던데요,"하루 30분 투자로 월 1,000만원 수익인증까지 한 자동화 퍼널시스템을 그대로 복제해 준다고 하네요~ 60대분들도 따라할 수 있는 챗gpt를 이용한 홍보방법까지 싹 다 교육해준다고 하니, 혹시 블로그나 부업에 관심 있으신...",http://cafe.naver.com/koarane/54146,리얼리뷰 공유소ㅣ내돈내산 찐리뷰 커...,https://cafe.naver.com/koarane,0,8,0,0,8,False
블로그 부업 수익,블로그,재택손부업으로 진입장벽 없는 수익 만들기 가능?,"블로그, 인스타, 블채 이런 데 글만 올리면 자동으로 수익이 따라오는 구조랄까? 복붙만 잘하면 되니까 60대 어르신들도 충분히 할 수 있겠더라구~ 나처럼 손부업 하면서 시간 아끼고 싶은 사람이라면 꼭 해봐야 해...",http://cafe.naver.com/koarane/271864,리얼리뷰 공유소ㅣ내돈내산 찐리뷰 커...,https://cafe.naver.com/koarane,0,8,0,2,6,False
블로그 부업 수익,블로그,"챗gpt부업방법, 제대로 배우니까 진짜 수익 나더라구요",블로그나 카페로 부업 수익 내고 싶은 분 3. 하루 30분 부업을 찾고 있는 직장인 4. 자동화 루틴으로 효율 높이고 싶은 분 5. 수익형 글쓰기 + 마케팅 전환 구조를 배우고 싶은 분!...,http://cafe.naver.com/koarane/329201,리얼리뷰 공유소ㅣ내돈내산 찐리뷰 커...,https://cafe.naver.com/koarane,0,6,0,0,6,False
블로그 부업 수익,블로그,AI수익화 후기 인증 (챗tGPT 블로그로 실제 수익 낸 방법 공개),--- ## 이런 분들께 추천 - 부업 찾는 직장인 - 블로그 수익 만들고 싶은 분 - AI 활용 자동화에 관심 있는 분 --- ## ✍️ 마무리 저도 처음엔 반신반의했지만 직접 해보니 가능성 있는 방법이었습니다. 궁금하시면...,http://cafe.naver.com/suid/48214,AI자동화/수익화/부업 AI영상/콘텐츠/...,https://cafe.naver.com/suid,0,6,0,4,2,False
블로그 부업 수익,블로그,직장인부업세금 신고 안 하면 생기는 일...,"블로그 애드포스트 수익도 신고해야 하나요? A1. 네! 광고 수익도 사업소득으로 간주되어 종합소득세 대상이에요. Q2. 부업 계좌 따로 만들어야 하나요? A2. 가능하면 따로 만드시는 게 좋아요. 수익 흐름 파악도 쉽고, 경비...",http://cafe.naver.com/koarane/387712,리얼리뷰 공유소ㅣ내돈내산 찐리뷰 커...,https://cafe.naver.com/koarane,0,6,0,0,6,False
블로그 부업 수익,유튜브,"부업이라고 다 같은 부업이 아니죠, 집에서 '바로' 수익나는 부업만 골라봤어요!","저도 요즘 매일 하고 있답니다 :) ───────────────── [# SNS로 수익 나는 집콕 부업] 인스타그램, 블로그, 유튜브… 이 3개 플랫폼은 이제 부업의 필수 코스 같아요. 저는 처음엔 그냥 사진 올리는...",http://cafe.naver.com/koarane/309434,리얼리뷰 공유소ㅣ내돈내산 찐리뷰 커...,https://cafe.naver.com/koarane,0,8,0,0,8,False
블로그 부업 수익,블로그,보험부업 수익 진짜 가능한가요,"예전에 쿠팡파트너스나 재택타이핑, 블로그 글쓰기 같은 것도 해봤는데 생각보다 수익이 적어서 금방 포기했었거든요. 이런저런 걸 해봐도 잘 안돼서 새롭게 뭔가 시작하는 것도 이제는 좀 무서워요. 혹시 보험부업을...",http://cafe.naver.com/koarane/6664,리얼리뷰 공유소ㅣ내돈내산 찐리뷰 커...,https://cafe.naver.com/koarane,0,10,0,0,10,False
블로그 부업 수익,유튜브,인터넷부업 하고 있는데 수익이 안 나는 이유,"이런 생각 많이 했어요ㅎㅎ 그래서 오늘은 인터넷부업 하면서 수익이 안 나는 이유랑 해결책까지! 정리해서... 왜 수익이 안 나는 걸까?] 많은 분들이 유튜브나 블로그 보면서 따라 하시는데, 문제는 “전략 부재”예요....",http://cafe.naver.com/koarane/244384,리얼리뷰 공유소ㅣ내돈내산 찐리뷰 커...,https://cafe.naver.com/koarane,0,8,0,0,8,False
블로그 부업 수익,블로그,워드프레스수익 부업으로 가능한가요,"워드프레스수익이 부업으로 가능한지, 현실적인 이야기들을 좀 풀어보려고 해요. ───────────────── [워드프레스수익 구조, 생각보다 단순해요] 워드프레스는 네이버 블로그랑 구조가 조금 달라요....",http://cafe.naver.com/koarane/262550,리얼리뷰 공유소ㅣ내돈내산 찐리뷰 커...,https://cafe.naver.com/koarane,0,6,0,0,6,False
블로그 부업 수익,블로그,"블로그수익, 요즘은 왜 진짜 사람들이 벌기 시작했을까?","블로그수익, 온라인부업, 자동화 구조에 관심 있는 분들이라면 한번쯤은 확인해볼 만한 기회라는 생각이 들었습니다. ───────────────── 블로그수익을 제대로 구조화하고 싶다면, 선택은 결국 빠를수록...",http://cafe.naver.com/koarane/362779,리얼리뷰 공유소ㅣ내돈내산 찐리뷰 커...,https://cafe.naver.com/koarane,0,6,0,0,6,False
블로그 부업 수익,블로그,블로그광고수익 매달 50만 이상 받는 법?!,"진짜 효자 노릇 톡톡히 하는 부업이에요ㅋㅋ ───────────────── [# 블로그광고수익, 어떤 사람에게 좋을까?] 제 생각엔요~ 하루 1~2시간 시간 날 때, 집에서 뭔가 의미 있게 해보고 싶은 분들께 딱이에요....",http://cafe.naver.com/koarane/208426,리얼리뷰 공유소ㅣ내돈내산 찐리뷰 커...,https://cafe.naver.com/koarane,0,6,0,0,6,False
블로그 부업 수익,블로그,부업추천 초보도 가능한 온라인수익 비법,"───────────────── [부업추천 1️⃣ : 블로그와 SNS를 활용한 자동수익] 블로그나 인스타그램으로 수익을 내는 방법은 생각보다 간단해요. 내가 직접 판매하지 않아도, 홍보만으로 수익이 발생하는...",http://cafe.naver.com/koarane/72252,리얼리뷰 공유소ㅣ내돈내산 찐리뷰 커...,https://cafe.naver.com/koarane,0,6,0,2,4,False
블로그 부업 수익,블로그,네이버블로그 수익조건 알고나서 수익 확 바뀜!,"한 마디로, 블로그 글이 홍보와 수익화를 동시에 하게 만드는 거죠. 요즘 이걸로 부업해서 월 300이상 버는 분들도 진짜 많대요! ───────────────── [♀️ 저도 이걸 배우고 나서 수익 방향이...",http://cafe.naver.com/koarane/252271,리얼리뷰 공유소ㅣ내돈내산 찐리뷰 커...,https://cafe.naver.com/koarane,0,6,0,0,6,False
블로그 부업 수익,블로그,인터넷부업 하나로 하루 30분 수익 가능할까?,SNS나 블로그 관심 많은 사람 ✔️ 챗GPT 써보고 싶은데 활용법 모르는 사람 ✔️ 마케팅 한 번도 안 해봤지만 도전해보고 싶은 분들 ✔️ 부업을 넘어서 수익 구조 만들고 싶은 사람들 참여만 해도 글쓰기 도구 주는 것도...,http://cafe.naver.com/koarane/225653,리얼리뷰 공유소ㅣ내돈내산 찐리뷰 커...,https://cafe.naver.com/koarane,0,6,0,0,6,False
블로그 부업 수익,블로그,"SNS부업, 시작부터 수익까지 한달이면 충분해요","실제 수익 나기까지 어떤 과정을 겪었는지 솔직하게 풀어보려구요 ───────────────── [# SNS부업이란? 완전 쉽고 유연한 구조!] SNS부업은 말 그대로 인스타, 블로그, 틱톡 같은 SNS 채널을 활용해서 홍보...",http://cafe.naver.com/koarane/274145,리얼리뷰 공유소ㅣ내돈내산 찐리뷰 커...,https://cafe.naver.com/koarane,0,6,0,0,6,False
블로그 부업 수익,유튜브,네이버블로그수익 조회수만으로 가능?,"블로그, 온라인마케팅, 부업, 수익 때문에 고민 많았던 분들이라면 딱일 것 같아요. 챗GPT 활용법부터 홍보 방법까지 전부 알려준다고 하니까요. 관심 있으면 한 번쯤은 꼭 체크해볼 만해요....",http://cafe.naver.com/koarane/262431,리얼리뷰 공유소ㅣ내돈내산 찐리뷰 커...,https://cafe.naver.com/koarane,0,6,0,2,4,False
블로그 부업 수익,블로그,"블로그 자동화 수익, 챗GPT 쓰고 달라졌어요","───────────────── [# 다른 사람들은 어떻게 하고 있을까?] 네이버 블로그 커뮤니티 보면요~ 정말 다양한 사람들이 블로그 자동화 수익으로 부업하고 있어요! 육아맘, 학생, 50대 분들도 계시고, 심지어...",http://cafe.naver.com/koarane/280636,리얼리뷰 공유소ㅣ내돈내산 찐리뷰 커...,https://cafe.naver.com/koarane,0,6,0,0,6,False
블로그 부업 수익,블로그,집에서 부업 찾다가 알게 된 현실적인 팁,"Q. 블로그, 카페 꼭 있어야 하나요? A. 수익형 부업의 핵심이 '노출'이기 때문에, 블로그나 카페 운영은 필수에요. ───────────────── 이렇게 현실적인 부업을 찾다 보면 결국 알게 되는 게 하나 있어요....",http://cafe.naver.com/koarane/363437,리얼리뷰 공유소ㅣ내돈내산 찐리뷰 커...,https://cafe.naver.com/koarane,0,6,0,0,6,False
블로그 부업 수익,블로그,포스팅부업 cpa랑 같이하니 수익폭발,"cpa랑 같이 돌리니까 생각보다 수익이 너무 괜찮은 거 있죠ㅎㅎ 요즘은 진짜 부업도 전략적으로 해야 되는 시대라... 무작정 블로그에 글만 쓰면 되는 건줄 알았는데, 알고 보면 구조가 꽤나 탄탄하더라구요 오늘은 제가...",http://cafe.naver.com/koarane/59382,리얼리뷰 공유소ㅣ내돈내산 찐리뷰 커...,https://cafe.naver.com/koarane,0,6,0,0,6,False
블로그 부업 수익,블로그,자동수익부업 요즘은 챗GPT랑 세트로 간다네요,"자동수익부업, 요즘은 챗GPT랑 세트로 간다네요 요즘 SNS 보면 ‘자동수익부업’이라는 말이 진짜 자주... 초보자도 시작할 수 있다는 게 진짜 장점이고요 [* 퍼널마케팅은 뭐가 다른가요?] 우리가 보통 하는 블로그 마케팅...",http://cafe.naver.com/koarane/252755,리얼리뷰 공유소ㅣ내돈내산 찐리뷰 커...,https://cafe.naver.com/koarane,0,6,0,0,6,False
블로그 부업 수익,블로그,재택근무부업 요즘 수익구조가 달라졌어요,"재택근무부업 요즘 수익구조가 달라졌어요 요즘 주변에서 재택근무부업 이야기 정말 많이 들리지 않나요?... 블로그보다 진입도 쉽고, 커뮤니티 특성상 신뢰도 쌓기가 훨씬 수월하더라구요. 특히 재택근무부업이나 부업...",http://cafe.naver.com/koarane/333478,리얼리뷰 공유소ㅣ내돈내산 찐리뷰 커...,https://cafe.naver.com/koarane,0,8,0,0,8,False
블로그 부업 수익,블로그,"하루 30분 투자, AI 부업 트렌드로 월수익 만드는 법","그래서 오늘은 하루 30분 투자로 가능한 AI 부업 트렌드부터 현실적인 수익 구조까지 싹~ 정리해드릴게요! 요즘 가장 뜨는 AI 부업 유형 최근 가장 많이 언급되는 건 AI 콘텐츠 자동화입니다. 블로그 글 초안 작성, 쇼츠...",http://cafe.naver.com/koarane/412458,리얼리뷰 공유소ㅣ내돈내산 찐리뷰 커...,https://cafe.naver.com/koarane,0,10,0,0,10,False
블로그 부업 수익,블로그,블로그 수익 꿀팁 지금 시작해도 될까?,"블로그는 유입 역할을 하고, 실제 수익은 다른 구조에서 나는 방식이죠. 이게 부담도 적고, 초보도 따라가기 쉬운 편이었어요. 특히 부업으로 하는 사람들한테 잘 맞는 느낌? 저도 이 방식 보고 아… 싶었어요 ㅎㅎ...",http://cafe.naver.com/koarane/286244,리얼리뷰 공유소ㅣ내돈내산 찐리뷰 커...,https://cafe.naver.com/koarane,0,6,0,0,6,False
블로그 부업 수익,블로그,AI 부업으로 수익낸 리얼 후기 알려드려요,AI 부업으로 수익낸 리얼 후기 알려드려요 안녕하세요! 저는 20대 후반 평범한 직장인이에요. 코로나 이후로... 덕분에 블로그 글 쓰는 것도 10분이면 끝나고요. 템플릿에 복사 붙여넣기만 하면 되니까 글 못 쓰는 저도...,http://cafe.naver.com/koarane/182036,리얼리뷰 공유소ㅣ내돈내산 찐리뷰 커...,https://cafe.naver.com/koarane,0,6,0,0,6,False
블로그 부업 수익,블로그,손부업사이트 잘 고르면 매달 수익 생겨요,"손부업사이트 고르는 꿀팁] 진짜 주의해야 해요! 요즘 사기성 사이트도 많아서요 ✔ 선입금 요구 ❌ ✔ 지나친 고수익 광고 ❌ ✔ 후기나 인증 내역 없는 곳 ❌ 전 무조건 ‘블로그 후기’, ‘맘카페 후기’ 있는 곳 위주로...",http://cafe.naver.com/koarane/76510,리얼리뷰 공유소ㅣ내돈내산 찐리뷰 커...,https://cafe.naver.com/koarane,0,6,0,0,6,False
블로그 부업 수익,블로그,네이버블로그수익 진짜 되는지 직접 해봤어요,"온라인부업, 사업아이템, 블로그수익 고민 중인 분들이라면, 이번 기회에 꼭 한 번 확인해보세요 ───────────────── ""진짜 자동화 수익 구조가 궁금하다면 지금 바로 확인해보세요!"" ↓↓자동화 수익...",http://cafe.naver.com/koarane/171001,리얼리뷰 공유소ㅣ내돈내산 찐리뷰 커...,https://cafe.naver.com/koarane,0,6,0,2,4,False
블로그 부업 수익,블로그,직장인 부업세금 줄이는 현실적인 팁은?,"저도 주말에 블로그 부업하면서 월 30~40만 원 정도는 따박따박 벌고 있는데요~ 처음엔 “어? 이 정도면 괜찮다~” 했는데... 슬슬 수익이 늘어나니까 세금 생각이 확 들더라구요 그래서 오늘은, 저처럼 직장+부업 같이 하고...",http://cafe.naver.com/koarane/388563,리얼리뷰 공유소ㅣ내돈내산 찐리뷰 커...,https://cafe.naver.com/koarane,0,6,0,0,6,False
블로그 부업 수익,블로그,집에서 돈버는 방법 찾는다면? 블로그수익화 꼭 보세요,요즘 진짜 많은 분들이 집에서 할 수 있는 부업이나 재택수익에 관심 가지시더라구요! 특히 네이버블로그나 티스토리 같은 플랫폼으로 실제 수익 내는 사례들도 엄청 늘어나고 있어서 저도 최근에 이것저것 많이...,http://cafe.naver.com/uouv96/7122,오늘도 달린다 ㅣ영업·창업·부업 ㅣ...,https://cafe.naver.com/uouv96,0,8,0,0,8,False
블로그 부업 수익,블로그,네이버블로그수익 요즘은 남편보다 더 버는 주부도 있대요ㅎㅎ,"───────────────── [# 블로그 부업 말고 자동화도 있다는 사실!] 이상으로 ""네이버블로그수익""에 대해 다양한 정보를 알아봤는데요, 제 생각에는 요즘은 글쓰기 부업도 좋지만, *진짜 수익을...",http://cafe.naver.com/koarane/248261,리얼리뷰 공유소ㅣ내돈내산 찐리뷰 커...,https://cafe.naver.com/koarane,0,6,0,0,6,False
블로그 부업 수익,블로그,육아맘부업 뭐가 좋을까? 집에서 시작한 리얼후기,"*] ✔️시간은 없지만 수익은 필요하신 분 ✔️글쓰기 재능 없는데도 부업 해보고 싶은 분 ✔️블로그, 인스타, 카페 마케팅에 관심 있으신 분 ✔️무자본으로 시작할 부업 찾는 분 ✔️챗GPT 같은 도구도 활용해보고...",http://cafe.naver.com/koarane/362829,리얼리뷰 공유소ㅣ내돈내산 찐리뷰 커...,https://cafe.naver.com/koarane,0,6,0,2,4,False
블로그 부업 수익,블로그,퇴근 후 숨고 부업 해봤는데 생각보다 괜찮더라구요,◆숨고 부업 수익은 어느 정도 가능할까?◆ 가장 많이 궁금해하는 부분이 바로 수익인데요! 이건 분야에 따라 차이가 꽤 큰 편이더라구요. 예를 들어 PPT 제작이나 블로그 원고작성 같은 온라인 작업은 건당 단가가 정해져...,http://cafe.naver.com/uouv96/7718,오늘도 달린다 ㅣ영업·창업·부업 ㅣ...,https://cafe.naver.com/uouv96,0,6,0,2,4,False
블로그 부업 수익,블로그,블로그주제추천 초보도 수익 가능한 주제 모음,"하루 30분 투자로도 60대 분들까지 수익 내는 시스템이라 블로그 운영하시는 분들, 온라인부업 고민 중이신 분들이라면 이번 기회 진짜 한번 체크해보시는 거 추천드려요...",http://cafe.naver.com/koarane/343270,리얼리뷰 공유소ㅣ내돈내산 찐리뷰 커...,https://cafe.naver.com/koarane,0,8,0,2,6,False
블로그 부업 수익,블로그,직장 다니면서 부업 생각해보신 분 있나요,회사 급여만으로는 저축이 부족해서 부업을 알아보는데 뭐부터 시작해야 할지 막막해요. 블로그나 쿠팡파트너스 같은 온라인 부업이 실제로 수익이 되는지 아니면 또 다른 방법이 있는지 궁금해요ㅠㅠ,http://cafe.naver.com/goasdqaz/19771,미쓰녀 | 미녹시딜 쓰는 여자들 (여성...,https://cafe.naver.com/goasdqaz,0,8,0,2,6,False
블로그 부업 수익,블로그,퇴근 후 바로 시작 가능한 직장인부업 리스트 (진짜 되는 것만 정리),조금 더 수익 나는 구조형 부업 여기서부터는 진짜 돈을 만들고 싶은 분들께 추천드리는 것 !!!! ✔ 블로그 + 쿠팡파트너스 * 글 작성 → 검색 유입 → 구매 발생 → 수익 이건 요즘 진짜 직장인분들이 많이하셔요 60대-70대...,http://cafe.naver.com/eovhskfktmak/6247,4050 우리들의 두번째 시작[은퇴 국민...,https://cafe.naver.com/eovhskfktmak,0,8,0,2,6,False
블로그 부업 수익,블로그,네이버부업으로 수익내는 사람들은 도대체 뭘 하는 걸까?,"네이버부업으로 수익내는 사람들은 도대체 뭘 하는 걸까? 블로그 글 쓰는 걸 좋아해서 5년 정도 그냥 취미로만 했어요. 처음엔 여행 후기, 맛집 정보 이런 거 위주로 올렸었는데 어느 날 친구가 그러더라구요. “그거 수익...",http://cafe.naver.com/koarane/217865,리얼리뷰 공유소ㅣ내돈내산 찐리뷰 커...,https://cafe.naver.com/koarane,0,6,0,0,6,False
블로그 부업 수익,블로그,블로그애드포스트 수익보고 놀랐어요,블로그애드포스트 수익보고 놀랐어요 요즘 학교 끝나고 집에 와서 틈틈이 부업 찾고 있었거든요? 근데 진짜 충격적이게도 블로그애드포스트로 월 30~50 버는 분들 꽤 있더라구요;; ‘블로그 글쓰기로 수익이 가능하다고?...,http://cafe.naver.com/koarane/173312,리얼리뷰 공유소ㅣ내돈내산 찐리뷰 커...,https://cafe.naver.com/koarane,0,6,0,0,6,False
블로그 부업 수익,블로그,블로그지수 관리하면 방문자도 늘고 수익도 쑥쑥~,"예를 들어 부업 관련 글이라면 '온라인 부업', '블로그 수익', '자동화 마케팅' 같은 단어를 활용하면 유리하죠. 이거 안 하면 아무리 글을 써도 노출이 잘 안돼요ㅠㅠ ───────────────── [블로그와...",http://cafe.naver.com/koarane/109852,리얼리뷰 공유소ㅣ내돈내산 찐리뷰 커...,https://cafe.naver.com/koarane,0,6,0,0,6,False
블로그 부업 수익,블로그,"AI부업으로 수익 내는 사람들, 도대체 뭘 하길래?","이 부업이 시간이 지날수록 점점 누적된다는 것이었습니다. 블로그든, SNS든, 한번 콘텐츠를 올려두면 계속 유입이 생기고 수익도 자동으로 발생하더군요. 그래서 매일 몇 시간씩 투자하지 않아도 되는 ‘자동화 구조’가...",http://cafe.naver.com/koarane/179849,리얼리뷰 공유소ㅣ내돈내산 찐리뷰 커...,https://cafe.naver.com/koarane,0,10,0,0,10,False
블로그 부업 수익,블로그,"온라인부업, 현실적으로 수익이 날까?","온라인부업 유형) 콘텐츠 기반 부업이 요즘 가장 눈에 띄더라구요. 블로그, SNS, 쇼츠 같은 채널을 활용하는... ───────────────── [온라인부업, 진짜 수익이 날까?] 이 질문 제일 많이 하시잖아요....",http://cafe.naver.com/koarane/284152,리얼리뷰 공유소ㅣ내돈내산 찐리뷰 커...,https://cafe.naver.com/koarane,0,8,0,2,6,False
블로그 부업 수익,유튜브,"괜찮은 투잡이나 부업, 시간대비 수익 좋은 부업 알바 뭐가 있을까?","───────────────── [# 유튜브보다 쉬웠던 ‘퍼널 마케팅’이라는 부업] 혹시 퍼널 마케팅 들어보셨나요? 처음에 저도 생소했는데, 구조만 이해하면 ‘복붙’만으로 수익 생겨요. SNS나 블로그, 문자...",http://cafe.naver.com/koarane/253748,리얼리뷰 공유소ㅣ내돈내산 찐리뷰 커...,https://cafe.naver.com/koarane,0,10,0,0,10,False
블로그 부업 수익,블로그,"손뜨개부업으로 수익내는 법, 진짜 가능할까?","손뜨개부업으로 수익내는 법, 진짜 가능할까? 요즘 유독 손으로 무언가 만드는 취미들이 다시 뜨는 것... 요즘엔 블로그, 인스타, 네이버카페 다 병행하면 더 좋아요! 고객 응대, 이것만 기억하세요 정말 중요한 팁 하나...",http://cafe.naver.com/koarane/339589,리얼리뷰 공유소ㅣ내돈내산 찐리뷰 커...,https://cafe.naver.com/koarane,0,6,0,0,6,False
블로그 부업 수익,블로그,블로그 부업 하시는 분들은 어떻게 돈을 버는거에요?,블로그 부업은 수익 구조가 어떻게 되는거에요? 그냥 글쓰다보면 광고 연락 오고 그런건가요? 지금 인스타도 하고 블로그도 시작은 했는데... 규모가 막 협찬이나 광고가 들어올 정도는 아니거든요 저같이 인플루언서 아닌...,http://cafe.naver.com/15668981/4521248,"임산부모여라 알럽맘-임신,출산,육아,...",https://cafe.naver.com/15668981,0,6,0,0,6,False
블로그 부업 수익,블로그,블로그수익 처음 시작한다면 꼭 알아야 할 점들,"───────────────── 이상으로 ""블로그수익""에 대해 현실적인 팁들을 정리해봤는데요. 솔직히 요즘은 부업 한 두개는 기본으로 들고 가는 시대잖아요? 그중에서도 자동화가 가능한 수익 구조를 가진 게...",http://cafe.naver.com/koarane/235717,리얼리뷰 공유소ㅣ내돈내산 찐리뷰 커...,https://cafe.naver.com/koarane,0,6,0,0,6,False
블로그 부업 수익,블로그,네이버블로그수익 구조 바뀐 뒤 실제 체감 후기,"그래서 요즘은 단순 블로그 부업보다는, 자동으로 수익 흐름을 만들어주는 방식이 훨씬 현실적이라고 느꼈어요. 특히 자동화 퍼널마케팅 쪽으로 관심이 가기 시작하더라구요....",http://cafe.naver.com/koarane/248837,리얼리뷰 공유소ㅣ내돈내산 찐리뷰 커...,https://cafe.naver.com/koarane,0,6,0,0,6,False
블로그 부업 수익,블로그,요즘 챗GTP부업으로 월급 외 수익 내는 사람 진짜 많더라구요~,"ㅠㅠ 그러다가 아예 챗GTP 부업 관련 커뮤니티에 들어가서, 누가 시키는 대로 따라한 게 시작이었어요. 콘텐츠 복사 → 챗GTP에 붙여넣기 → 블로그 업로드 → 홍보 = 수익! 이렇게 단순한 구조라서 진짜 쉽게...",http://cafe.naver.com/koarane/282183,리얼리뷰 공유소ㅣ내돈내산 찐리뷰 커...,https://cafe.naver.com/koarane,0,8,0,0,8,False
블로그 부업 수익,블로그,요즘뜨는직업 뭐가 있냐고? 무자본 부업도 있다고!,특히 챗GPT 활용한 블로그 글쓰기는 하루 30분~1시간 투자로 수익 가능해요 ───────────────── [# 요즘은 부업도 전략적으로!] 지금까지 제가 요즘뜨는직업들을 싹 정리해드렸는데요. 하나만 딱!...,http://cafe.naver.com/koarane/367323,리얼리뷰 공유소ㅣ내돈내산 찐리뷰 커...,https://cafe.naver.com/koarane,0,8,0,0,8,False
블로그 부업 수익,블로그,40대여성 부업 요즘트렌드 정리,저도 그 흐름에 자연스럽게 올라탄 케이스랍니다ㅎㅎ ──────────────────────── [집에서 가능한 재택형 부업 트렌드] 요즘은 스마트폰 하나로 가능한 부업이 진짜 많아요. 블로그 수익...,http://cafe.naver.com/koarane/395771,리얼리뷰 공유소ㅣ내돈내산 찐리뷰 커...,https://cafe.naver.com/koarane,0,8,0,0,8,False
블로그 부업 수익,블로그,박스접기부업으로 수익 내는 현실 가능성,"박스접기부업으로 수익 내는 현실 가능성 요즘 들어 부업 알아보는 주부님들 진짜 많죠? 저도 집에서 할 수... ───────────────── [# 자동화 퍼널마케팅으로 전환한 후기] 블로그도 없고, 글도 못 쓰는...",http://cafe.naver.com/koarane/281658,리얼리뷰 공유소ㅣ내돈내산 찐리뷰 커...,https://cafe.naver.com/koarane,0,6,0,0,6,False
블로그 부업 수익,블로그,보험부업 이렇게 하면 본업 안 흔들리고 수익 만든다,"2) 콘텐츠·리드 제너레이션형 장점: 블로그, 리포트, 카드뉴스로 신뢰를 쌓아 장기 유입 가능. 단점: 초기에는... 보험부업 수익이 들쭉날쭉하다는 특성상 비상금 통장과 분리 계좌 관리가 큰 도움이 됐다....",http://cafe.naver.com/zpvkdcom/14963,"온라인보험 비교카페 - 종합,어린이,건...",https://cafe.naver.com/zpvkdcom,0,8,0,0,8,False
블로그 부업 수익,블로그,쿠팡파트너스 부업 실제로 수익 나는 구조인가요??,"실제로 수익 구조가 궁금합니다 글 보면 몇십, 몇백 번다는 글도 있는데 이게 진짜 현실인지… 조금 의심도 됩니다 블로그나 카페 통해서 유입시키는 방식 같긴 한데 초반에 얼마나 걸리는지도 감이 안 오네요 완전 부업...",http://cafe.naver.com/eovhskfktmak/2767,4050 우리들의 두번째 시작[은퇴 국민...,https://cafe.naver.com/eovhskfktmak,0,8,0,2,6,False
블로그 부업 수익,블로그,"블로그수익창출 방법, 진짜로 되는 사람들은 이걸 해요.","요즘 진짜 많은 분들이 부업으로 블로그를 시작하고 있는데, 그 중에서도 ‘수익창출’ 쪽은 완전 경쟁이 치열해졌더라구요. 저도 처음엔 그냥 일기처럼 쓰다가, 주변에서 수익낸다는 얘기 듣고 본격적으로 공부하게...",http://cafe.naver.com/koarane/287647,리얼리뷰 공유소ㅣ내돈내산 찐리뷰 커...,https://cafe.naver.com/koarane,0,6,0,0,6,False
블로그 부업 수익,블로그,"블로그광고 수익, 하루에 얼마쯤 가능할까?","이게 쌓이다보니 방문자도 늘고, 자연스럽게 광고 수익도 올라가더라구요. 이래서 다들 블로그 부업 하는구나 싶었어요 ───────────────── [# 블로그 수익? 요즘은 ‘글’만 잘 써도 돼요] 요즘...",http://cafe.naver.com/koarane/168322,리얼리뷰 공유소ㅣ내돈내산 찐리뷰 커...,https://cafe.naver.com/koarane,0,6,0,0,6,False
블로그 부업 수익,블로그,블로그 부업 괜찮을까요?,"최근에 인스타보는데 영롱 파트너스로 수익냈다는거 보구 블로그도 하고 있고 소소한 부업개념으로 가능성 있을 것 같은거에요! 알아보니까 영롱 제품이 좋아서 인지도도 있는편이구, 재구매율이 좋아서 수익이 계속...",http://cafe.naver.com/fmms02/446468,충북혁신맘 모여라~!(충북혁신도시맘 ...,https://cafe.naver.com/fmms02,0,6,0,0,6,False
블로그 부업 수익,블로그,AI부업 도전할때 수익구조가 진짜중요해요,저도 친구들이 하나둘씩 “AI로 부업해서 수익 나왔어!” 이러는 거 보고 아니 진짜 세상이 이렇게 빨리... ‘노출부업’을 강화하는 도구!*] 특히 AI 글쓰기 기능이 강력해서 카페나 블로그 같은 플랫폼 노출에 활용하면...,http://cafe.naver.com/koarane/179965,리얼리뷰 공유소ㅣ내돈내산 찐리뷰 커...,https://cafe.naver.com/koarane,0,6,0,0,6,False
블로그 부업 수익,유튜브,"유튜브수익 vs 블로그수익, 뭐가 더 잘 벌까?","유튜브수익 vs 블로그수익, 뭐가 더 잘 벌까? 요즘 진짜 다들 '부업 뭐하지?' 이런 고민 많이 하잖아요? 특히나 저처럼 대학생이거나, 직장인인데 월급만으로는 빠듯한 사람들… 그래서 유튜브랑 블로그 수익 쪽으로 관심을...",http://cafe.naver.com/koarane/279241,리얼리뷰 공유소ㅣ내돈내산 찐리뷰 커...,https://cafe.naver.com/koarane,0,8,0,0,8,False
블로그 부업 수익,블로그,에어비앤비부업이 월 300 수익인 이유는,"──── ───────────── [*에어비앤비부업, 진짜 수익이 나는 구조일까?*] 많은 분들이... 홍보는 인스타, 블로그, 단기숙박 플랫폼 등 다양한 방법으로 가능해요. 처음엔 너무 어렵게 느껴질 수도 있지만...",http://cafe.naver.com/koarane/195904,리얼리뷰 공유소ㅣ내돈내산 찐리뷰 커...,https://cafe.naver.com/koarane,0,6,0,0,6,False
블로그 부업 수익,블로그,스레드부업 요즘 많이 하더라구요! 초보도 시작 가능한 방법 정리,"부업 관련 자주 묻는 질문◆ Q. 스레드부업은 초보도 가능한가요? A. 가능합니다. 짧은 글 위주라 블로그보다... 스레드부업, 자동화, 온라인수익 관심 있는 분들이라면 한번 참고해보셔도 좋을 것 같습니다 ■스레드부업...",http://cafe.naver.com/koarane/569366,리얼리뷰 공유소ㅣ내돈내산 찐리뷰 커...,https://cafe.naver.com/koarane,0,6,0,2,4,False
블로그 부업 수익,블로그,"쿠팡파트너스 블로그수익, 현실적으로 얼마나 나올까?","쿠팡파트너스 블로그수익, 현실적으로 얼마나 나올까? 혹시 요즘 부업 고민하고 계셨던 분들 있으세요? 저도 직장 다니면서 뭔가 더 벌 수 있는 방법 없을까~ 늘 고민했었거든요 ㅎㅎ 그런데 요즘 블로그 수익으로 생활비...",http://cafe.naver.com/koarane/277890,리얼리뷰 공유소ㅣ내돈내산 찐리뷰 커...,https://cafe.naver.com/koarane,0,8,0,0,8,False
블로그 부업 수익,블로그,부업아카데미 듣고 수익낸 사람들 특징은?,"이게 또 수익의 비결인 듯해요. 솔직히 저도 처음엔 반신반의했는데, 어느 순간 블로그에 글 올라가고 있더라구요 ㅋㅋ ───────────────── [*부업아카데미에서 배우는 핵심 내용은?*] 가장 좋은 건...",http://cafe.naver.com/koarane/74586,리얼리뷰 공유소ㅣ내돈내산 찐리뷰 커...,https://cafe.naver.com/koarane,0,6,0,0,6,False
블로그 부업 수익,블로그,"블로그부업 하는 방법, 진짜 이렇게 쉬운 거였어?","그리고 뭔가 딱 정형화된 글보다, 내가 느낀 그대로 쓰는 게 훨씬 반응도 좋아요 저도 국어 낙제였던 사람인데ㅋㅋ 지금은 리뷰 의뢰 들어오고 있다구요!ㅋㅋㅋ ───────────────── [블로그부업 수익...",http://cafe.naver.com/koarane/226949,리얼리뷰 공유소ㅣ내돈내산 찐리뷰 커...,https://cafe.naver.com/koarane,0,6,0,0,6,False
블로그 부업 수익,블로그,블로그광고수익 하루 방문자 몇 명이면 될까요?,블로그광고수익 하루 방문자 몇 명이면 될까요? 요즘 재택부업으로 블로그 시작하시는 분들 정말 많잖아요. 저도 육아하면서 집에서 할 수 있는 게 뭐가 있을까 찾다가 '블로그광고수익'이라는 걸 알게 됐어요. 근데...,http://cafe.naver.com/koarane/168595,리얼리뷰 공유소ㅣ내돈내산 찐리뷰 커...,https://cafe.naver.com/koarane,0,8,0,0,8,False
블로그 부업 수익,블로그,자기계발 부업으로 수익까지 챙기는 방법,자기계발 부업으로 수익까지 챙기는 방법 요즘은 자기계발만 하고 끝나는 시대가 아니더라구요. 저도 회사... 즉시 부업으로 연결하는 방식이죠. 저는 특히 온라인 마케팅 기초를 배우고 나서 블로그와 SNS를 활용해...,http://cafe.naver.com/koarane/115820,리얼리뷰 공유소ㅣ내돈내산 찐리뷰 커...,https://cafe.naver.com/koarane,0,6,0,0,6,False
온라인 강의 수익,강의,온라인강의 만들 땐 꼭 챙겨야 할 수익구조 3가지,"─────── ────────── [# 첫 번째, 강의 수익구조는 ‘단건’보다 ‘자동화’] 대부분 온라인강의는 ‘1개 팔면 1개 수익’ 구조예요. 근데 요즘은 자동화 시스템으로 돌리는 게 대세라는 거…! 강의를 한...",http://cafe.naver.com/koarane/204746,리얼리뷰 공유소ㅣ내돈내산 찐리뷰 커...,https://cafe.naver.com/koarane,0,4,0,0,4,False
온라인 강의 수익,강의,온라인 강의 수익 만들기~!!,"온라인강의 수익 만들기 궁금증~!! 요즘 온라인강의 얘기 많이 나오는 거 아시죠? 저도 “아 이거 한번 알아봐야겠다!” 싶더라구요ㅎㅎ 온라인강의라는 키워드가 왜 이렇게 뜨는 걸까, 그리고 도대체 어떤 점이 중요한지...",http://cafe.naver.com/koarane/171928,리얼리뷰 공유소ㅣ내돈내산 찐리뷰 커...,https://cafe.naver.com/koarane,0,4,0,2,2,False
온라인 강의 수익,강의,온라인강의 플랫폼 수익 궁금한 사람 보세요,"하루 30분 투자로 월 1,000만원 수익인증까지 한 자동화 퍼널시스템을 그대로 복제해 준다고 하네요~ 60대분들도 따라할 수 있는 챗gpt를 이용한 홍보방법까지 싹 다 교육해준다고 하니, 혹시 온라인강의 수익, 온라인마케팅...",http://cafe.naver.com/koarane/305149,리얼리뷰 공유소ㅣ내돈내산 찐리뷰 커...,https://cafe.naver.com/koarane,0,6,0,2,4,False
온라인 강의 수익,강의,온라인강의제작 요즘 수익 괜찮을까?,한 번에 깔끔하게 정리해드릴게요ㅎㅎ ───────────────── [최근 온라인강의 수익 흐름은?] 요즘 플랫폼마다 다르긴 하지만 소규모 VOD 강의 하나당 5만원15만원 사이가 꽤 흔해졌어요. 특히 희소성 있는...,http://cafe.naver.com/koarane/309811,리얼리뷰 공유소ㅣ내돈내산 찐리뷰 커...,https://cafe.naver.com/koarane,0,4,0,0,4,False
온라인 강의 수익,강의,온라인강의 수익내는 현실적인 방법은,"온라인강의 수익내는 현실적인 방법은? 혹시 온라인강의 시작해보려고 고민 중이신 분 계세요? 요즘 주변에 보면, 본업 외에 강의로 부수입 올리는 분들 진~짜 많더라구요ㅎㅎ 근데 단순히 ""강의만 하면 되겠지~"" 했다가......",http://cafe.naver.com/koarane/192244,리얼리뷰 공유소ㅣ내돈내산 찐리뷰 커...,https://cafe.naver.com/koarane,0,6,0,0,6,False
온라인 강의 수익,강의,온라인강의 제작으로 월수익 올리는 구조,"해보면 그다음부터는 “아, 다음엔 이렇게 해야겠다” 하고 감이 잡히거든요 ───────────────── [*온라인강의 수익 구조, 월수익은 이렇게 쌓인다*] 온라인강의 수익은 크게 보면 “한 번 만든 강의가...",http://cafe.naver.com/2022star/37606,"재테크마을 - N잡,부업,보험,창업,투잡...",https://cafe.naver.com/2022star,0,4,0,0,4,False
온라인 강의 수익,강의,온라인강의 수익화 가능한 구조인지 솔직 분석,"온라인강의 수익화 가능한 구조인지 솔직 분석 요즘 주변에서 온라인강의 이야기 안 나오면 오히려 이상할 정도더라구요. 회사 다니는 친구도, 육아 중인 지인도 하나같이 온라인강의 얘기를 하길래 저도 좀 파봤어요....",http://cafe.naver.com/koarane/363076,리얼리뷰 공유소ㅣ내돈내산 찐리뷰 커...,https://cafe.naver.com/koarane,0,4,0,0,4,False
온라인 강의 수익,강의,"온라인강의제작, 진짜 수익나는 구조는 따로 있다?","온라인강의제작, 진짜 수익나는 구조는 따로 있다? 요즘 온라인강의 만들고 싶다는 분들 진짜 많죠? 저도 온라인창업 준비하면서 강의제작까지 욕심이 생기더라구요 ㅎㅎ 근데 막상 뭘 어떻게 시작해야 할지 막막해서...",http://cafe.naver.com/koarane/298422,리얼리뷰 공유소ㅣ내돈내산 찐리뷰 커...,https://cafe.naver.com/koarane,0,4,0,0,4,False
온라인 강의 수익,강의,온라인 강의 판매 플랫폼 수익나는 구조 알려드릴게요,"부업 고민, 온라인 강의 고민, 수익 구조 고민 있는 사람들은 진짜 꼭 봐야 하는 타이밍. 요즘 같은 시대엔 자동화 구조를 갖고 있느냐 없느냐가 수익 차이를 확 갈라놓더라구요. 저도 이거 보고 ‘아 이런 시스템을 왜...",http://cafe.naver.com/koarane/117346,리얼리뷰 공유소ㅣ내돈내산 찐리뷰 커...,https://cafe.naver.com/koarane,0,6,0,0,6,False
온라인 강의 수익,강의,온라인강의 하면서 수익내신 분들 계실까요? 궁금해서요~,"궁금해서요~ 요즘 온라인강의로 수익 내시는 분들이 많다고 하잖아요? 근데... 저는 왜 이렇게 어렵죠? ㅠㅠ 저는 30대 초반 아이 둘 키우는 엄마인데요, 육아와 살림 병행하면서 집에서 할 수 있는 일 없을까 찾다가...",http://cafe.naver.com/koarane/251274,리얼리뷰 공유소ㅣ내돈내산 찐리뷰 커...,https://cafe.naver.com/koarane,0,4,0,2,2,False
온라인 강의 수익,강의,온라인강의 하나로 월수익 100만 넘긴 후기 봤어요,온라인강의 하나로 월수익 100만 넘긴 후기 봤어요 진짜루요... 온라인강의 듣고 한 달 만에 수익 100 넘었다는 후기 보고 완전 자극 제대로 받았어요! 요즘은 학원 안 다녀도 집에서 강의 듣고 부업 시작하는 사람들이...,http://cafe.naver.com/koarane/100204,리얼리뷰 공유소ㅣ내돈내산 찐리뷰 커...,https://cafe.naver.com/koarane,0,6,0,0,6,False
온라인 강의 수익,강의,온라인강의로 사업 시작하려는 분들 주목~,"정리해볼게요✍✍️ ───────────────── [#온라인강의 수익 구조, 이렇게 돌아가요] 온라인강의는 기본적으로 ‘지식’을 팔아서 수익을 얻는 구조예요. 한 번만 제대로 만들어두면 플랫폼을 통해...",http://cafe.naver.com/koarane/245408,리얼리뷰 공유소ㅣ내돈내산 찐리뷰 커...,https://cafe.naver.com/koarane,0,4,0,0,4,False
온라인 강의 수익,강의,온라인강의로 수익 낸다는 사람들 많은데 진짜 가능한가요?,"그래도 요즘처럼 월급만으로는 불안한 시기에는 뭔가 준비는 해야 할 것 같아서요. 혹시 실제로 온라인강의 만들어서 수익 내고 계신 분들 있다면, 현실적인 조언 좀 부탁드려도 될까요?",http://cafe.naver.com/koarane/287740,리얼리뷰 공유소ㅣ내돈내산 찐리뷰 커...,https://cafe.naver.com/koarane,0,4,0,0,4,False
온라인 강의 수익,강의,온라인강의 해볼까 고민될 때 꼭 봐야 할 현실,"───────────────── [온라인강의 수익, 기대만큼 될까?] 솔직히 이게 제일 궁금한 부분이잖아요. 결론부터 말하면 ‘구조’에 따라 완전 달라요. 콘텐츠만 좋다고 바로 수익이 나오는 건 아니더라구요....",http://cafe.naver.com/koarane/310041,리얼리뷰 공유소ㅣ내돈내산 찐리뷰 커...,https://cafe.naver.com/koarane,0,6,0,2,4,False
온라인 강의 수익,강의,서예 온라인 강의 부수입,"요즘 크몽이나 탈잉 같은 데서 서예 강의를 올려볼까 생각 중인데, 혹시 이쪽으로 해보신 분 계십니까. 퇴직 후 시간이 남아돌다 보니 뭐라도 해볼까 싶어서요. 붓글씨 쪽은 수요가 있긴 한 것 같은데 온라인으로 가르치는...",http://cafe.naver.com/sje0015andlove/708,빚사사 - 빚 갚으며 사는 사람들,https://cafe.naver.com/sje0015andlove,0,4,0,0,4,False
온라인 강의 수익,강의,온라인강의 기획부터 판매까지 해본 후기,"처음엔 반신반의했는데, 요즘은 이걸로 온라인강의 수익 + 퍼널수익까지 두 배로 만들고 있어요. ───────────────── 혹시 온라인강의 기획 중이시거나, 콘텐츠는 만들었는데 판매가 고민이셨다면...",http://cafe.naver.com/koarane/72159,리얼리뷰 공유소ㅣ내돈내산 찐리뷰 커...,https://cafe.naver.com/koarane,0,6,0,0,6,False
온라인 강의 수익,강의,온라인강의 만들면 진짜 수익이 나올 수 있을까요?,확실히 잘만 하면 괜찮을 것 같긴 한데... 괜히 시간만 날리고 끝날까봐 무섭네요. 혹시 온라인강의 경험 있으신 분들 계시면 조언 좀 부탁드릴게요. 진짜 수익이 나긴 나는지 궁금해요.,http://cafe.naver.com/koarane/326154,리얼리뷰 공유소ㅣ내돈내산 찐리뷰 커...,https://cafe.naver.com/koarane,0,4,0,2,2,False
온라인 강의 수익,블로그,"초보자도 가능한 온라인 강의 부업,","◆요즘 온라인 강의 부업이 뜨는 이유◆ 최근에는 꼭 전문 강사가 아니어도 자신이 알고 있는 정보를 콘텐츠로 만들어 수익화하는 분들이 정말 많아졌더라구요. 예를 들어 블로그, PDF전자책, 클래스형 콘텐츠...",http://cafe.naver.com/uouv96/7230,오늘도 달린다 ㅣ영업·창업·부업 ㅣ...,https://cafe.naver.com/uouv96,0,10,0,0,10,False
온라인 강의 수익,강의,온라인강의 제작으로 수익 내보신 분 계신가요? 도와주세요ㅠ,"온라인강의로 수익을 낸다는 분들 이야기 보면 진짜 부럽고, 저도 해보고 싶다는 생각뿐이에요. 근데 현실은 너무 어렵네요. 누군가 정확히 단계별로 알려줬으면 좋겠어요… 실패는 이제 너무 지쳤어요. 혹시 진짜...",http://cafe.naver.com/koarane/236723,리얼리뷰 공유소ㅣ내돈내산 찐리뷰 커...,https://cafe.naver.com/koarane,0,4,0,2,2,False
온라인 강의 수익,강의,재능만 있어도 돈 번다! 온라인 강의 제작 & 재능판매 시작 가이드,"◆플랫폼 선택이 수익을 좌우한다◆ 온라인 강의는 클래스101, 유데미 같은 플랫폼을 활용할 수 있고 재능판매는 크몽, 탈잉 등 다양한 플랫폼이 존재합니다. 각 플랫폼마다 타겟 고객과 수익 구조가 다르기 때문에...",http://cafe.naver.com/koarane/505953,리얼리뷰 공유소ㅣ내돈내산 찐리뷰 커...,https://cafe.naver.com/koarane,0,4,0,0,4,False
온라인 강의 수익,강의,온라인 강의로 수익 내는 법 있을까요?,온라인 강의로 수익 내는 법 있을까요? 요즘 계속 부업거리를 알아보다가 온라인 강의로 수익을 낸다는 분들을 보고 관심이 생겼어요. 저도 특정 분야에서 경험이 좀 있어서 그걸 콘텐츠로 만들어보면 좋지 않을까...,http://cafe.naver.com/koarane/5281,리얼리뷰 공유소ㅣ내돈내산 찐리뷰 커...,https://cafe.naver.com/koarane,0,8,0,0,8,False
온라인 강의 수익,강의,"온라인강의, 집에서 부업으로 하시는 분들 수익 어떤가요?","근데 솔직히 제가 이걸 제대로 해낼 수 있을지 너무 걱정돼요 ㅠㅠ 주변 친구들은 이미 온라인강의를 만들고 수익을 내고 있다던데, 저는 어디서부터 시작해야 할지 막막하네요. 인터넷으로 검색해보니 다양한 플랫폼이...",http://cafe.naver.com/koarane/148623,리얼리뷰 공유소ㅣ내돈내산 찐리뷰 커...,https://cafe.naver.com/koarane,0,6,0,2,4,False
온라인 강의 수익,강의,온라인 강의 판매 막막했는데 해보니 되더라구요,투자로 온라인 강의 수익이 자동화된다는 말이 이해되더라구요 부업이나 온라인창업 생각 중이라면 진짜 이런 기회는 잡아야 해요 저도 이 구조 모르고 했으면 훨씬 오래 걸렸을 거예요...,http://cafe.naver.com/2022star/37568,"재테크마을 - N잡,부업,보험,창업,투잡...",https://cafe.naver.com/2022star,0,8,0,0,8,False
온라인 강의 수익,강의,병원동행매니저자격증 온라인강의 취득법｜갈수록 늘어나는 실버 케어 시장의 핵심,정직한 수익 구조 효율적으로 전문가가 되는 병원동행매니저자격증 온라인강의 취득법 그렇다면 현실적으로 어떻게 시작해야 가장 빠를까요? 많은 분이 병원동행매니저자격증 온라인강의 취득법을 선택하는 이유는...,http://cafe.naver.com/dgmom365/7291376,"대구맘 365 - 결혼, 임신, 출산, 육아...",https://cafe.naver.com/dgmom365,0,4,0,0,4,False
온라인 강의 수익,강의,"온라인강의로 월급 이상의 수익을 만드는 사람들, 진짜 많아졌어요","───────────────── ▶ [온라인강의, 수익은 어느정도 될까?] 이건 진짜 케바케인데요ㅋㅋ 잘 나가는 분들은 한 강의로도 몇 백씩 버는 경우가 허다하고요, 초보자도 잘만 하면 한달에 30~50만원은...",http://cafe.naver.com/koarane/282418,리얼리뷰 공유소ㅣ내돈내산 찐리뷰 커...,https://cafe.naver.com/koarane,0,4,0,0,4,False
온라인 강의 수익,유튜브,"초보도 가능한 유튜브 숏폼 부업, 현실적인 온라인 수익 방법 정리",그래서 오늘은 초보자도 부담 없이 시작할 수 있는 유튜브 숏폼 부업과 현실적인 온라인 수익 구조에 대해... 특히 초보자도 오늘 바로 온라인 부업을 시작할 수 있도록 상세하게 알려주는 강의라고 해서 많은 분들이...,http://cafe.naver.com/cafemakecafebest/35913,세상모든꿀팁 ㅣ영업·창업·부업·투...,https://cafe.naver.com/cafemakecafebest,0,8,0,0,8,False
온라인 강의 수익,강의,온라인강의 부업으로 월수익,“이것도 강의가 돼?” 싶은 것도 판매되는 거 보고 놀랐어요 ㅋㅋ ───────────────── (수익구조는 어떻게 될까?) 온라인강의 수익은 크게 단건 판매형이랑 구독형으로 나뉘어요. 플랫폼에 올려두면...,http://cafe.naver.com/koarane/388239,리얼리뷰 공유소ㅣ내돈내산 찐리뷰 커...,https://cafe.naver.com/koarane,0,6,0,0,6,False
온라인 강의 수익,강의,"아로마뷰티DIY지도사 1급 자격증 온라인강의, 단순 취업보다 공방 창업 꿈꾸는 분들께 추천해요","아로마뷰티DIY지도사 1급 자격증 온라인강의, 단순 취업보다 공방 창업 꿈꾸는 분들께 추천해요 평소에... ✔ 좋아하는 향기를 맡으며 힐링하는 시간이 그대로 수익이 되는 그런 마법 같은 일상을 꿈꿔보진 않으셨나요?...",http://cafe.naver.com/ungsangstory/1376524,웅상이야기,https://cafe.naver.com/ungsangstory,0,4,0,2,2,False
온라인 강의 수익,강의,2026년 가장 주목받는 실버 일자리｜병원동행매니저 온라인강의 취득방법,2026년 가장 주목받는 실버 일자리｜병원동행매니저 온라인강의 취득방법 요즘 뉴스를 보니 우리나라 노인... 특히 병원동행매니저 연봉이나 수익 구조도 활동한 만큼 정직하게 가져갈 수 있어서 만족도가 높습니다. 내가...,http://cafe.naver.com/ungsangstory/1378185,웅상이야기,https://cafe.naver.com/ungsangstory,0,4,0,0,4,False
온라인 강의 수익,강의,온라인 자동화 수익 만들기! 실제 가능한 방법 5가지,"◆디지털 콘텐츠 판매 수익 온라인에서 자동화 수익을 만드는 또 다른 방법은 디지털 콘텐츠 판매입니다. 전자책, PDF 자료, 온라인 템플릿, 강의 자료 등 다양한 디지털 콘텐츠를 제작해 판매하는 방식입니다. 한 번 만들어...",http://cafe.naver.com/koarane/447691,리얼리뷰 공유소ㅣ내돈내산 찐리뷰 커...,https://cafe.naver.com/koarane,0,6,0,0,6,False
온라인 강의 수익,강의,온라인강의 요즘 왜 다들 시작하는 걸까?,"그렇게 온라인강의가 붐인지, 진짜 수익이 나긴 하는지, 그리고 시작 팁까지 공유해보려구요 ───────────────── [# 온라인강의 시장, 지금 진짜 난리난 이유] 일단 통계부터 말할게요. 2023년 기준...",http://cafe.naver.com/koarane/383922,리얼리뷰 공유소ㅣ내돈내산 찐리뷰 커...,https://cafe.naver.com/koarane,0,4,0,0,4,False
온라인 강의 수익,강의,온라인강의 수익 구조가 궁금해서요 해보신 분 계신가요?,"온라인강의 수익 구조가 궁금해서요 해보신 분 계신가요? 저는 40대 중반 직장인인데요, 요즘 회사 상황도 불안하고 부수입을 만들어야겠다 싶어서 온라인강의 쪽을 계속 찾아보고 있어요. 근데 진짜 정보가 너무 많아서...",http://cafe.naver.com/koarane/184192,리얼리뷰 공유소ㅣ내돈내산 찐리뷰 커...,https://cafe.naver.com/koarane,0,6,0,2,4,False
온라인 강의 수익,강의,퇴근 후 30분의 힐링 타임｜직장인이 선택한 캘리그라피전문가 자격증 온라인강의,"자격증 온라인강의 요즘 뉴스를 보면 인공지능이 글씨까지 대신 써주는 시대라고들 하지만, 오히려 사람의... ✔ 만약 내가 쓴 글귀 하나가 누군가에게 위로가 되고 수익까지 연결될 수 있다면 어떨까요? 마음을 다독이는...",http://cafe.naver.com/lolkor/31301527,리그오브레전드 한국커뮤니티 - LoLKo...,https://cafe.naver.com/lolkor,0,4,0,0,4,False
온라인 강의 수익,강의,"2주 단기 완성! 바리스타1급 자격증 온라인강의, 비전공자도 한 번에 합격하는 꿀팁","바리스타1급 자격증 온라인강의, 비전공자도 한 번에 합격하는 꿀팁 벌써 4월의 마지막 날이네요. 오늘 아침... 취업과 수익, 현실적인 비전 확인하기 자격증을 딴 이후의 삶도 중요하겠죠? 바리스타1급 자격증 취업 전망은...",http://cafe.naver.com/moms1004/1826541,검단맘검단신도시맘/검암맘/인천맘/너...,https://cafe.naver.com/moms1004,0,4,0,0,4,False
온라인 강의 수익,강의,부동산강의 수익 머니플랜 데이터 분석이 핵심,부동산강의 수익 검색하는 분들이라면 이론은 짧게 배우고 당장 현장에서 수익을 뽑아낼 실무 능력을 먼저 갖춰야 한답니다. KDI에서도 정보의 질이 자산의 격차를 만든다고 강조하는 중요한 시점이거든요. 실제 낙찰...,http://cafe.naver.com/bluesail/14687,"에듀위키 eduwiki - 입시,대학정보,국...",https://cafe.naver.com/bluesail,0,4,0,0,4,False
온라인 강의 수익,강의,"온라인강의판매, 지금이 가장 좋은 타이밍이에요","전문 강사처럼 말하지 않아도, ‘나처럼 평범한 사람의 경험’을 원한다는 게 포인트예요 ───────────────── [* 온라인강의판매 수익 구조는 이렇게 돼요] 한 번 만든 강의는 계속 팔려요. 그게 바로...",http://cafe.naver.com/koarane/206296,리얼리뷰 공유소ㅣ내돈내산 찐리뷰 커...,https://cafe.naver.com/koarane,0,4,0,0,4,False
온라인 강의 수익,강의,부동산경매 온라인 강의로 등기권리증 손에 넣는 법,이러한 흐름 속에서 부동산경매 키워드를 검색하는 투자자들은 장소의 제약 없이 실제 수익으로 직결되는 실천형 온라인 강의를 필수 코스로 선택해요. 공공기관 데이터가 증명하는 실무 교육의 가치는? 한국소비자원이...,http://cafe.naver.com/bluesail/14615,"에듀위키 eduwiki - 입시,대학정보,국...",https://cafe.naver.com/bluesail,0,6,0,0,6,False
온라인 강의 수익,강의,혹시 온라인강의로 투잡 하고 계신 분 계신가요? 수익 구조 궁금해요!,"혹시 온라인강의로 투잡 하고 계신 분 계신가요? 수익 구조 궁금해요! 요즘 회사 일이 너무 불안정해서 퇴근 후에 뭔가 준비해야겠다는 생각이 자꾸 들어요. 주변에서 온라인강의로 투잡 한다는 얘기를 몇 번 들었는데, 막상...",http://cafe.naver.com/koarane/311442,리얼리뷰 공유소ㅣ내돈내산 찐리뷰 커...,https://cafe.naver.com/koarane,0,6,0,2,4,False
온라인 강의 수익,강의,"온라인강의, 초보도 수익 낼 수 있을까요","그래서 온라인강의 만들어서 수익 낸다는 글을 몇 번이나 정독했어요. 전문가만 할 수 있는 건 줄 알았는데, 평범한 직장인도 자기 경험으로 강의 만든다길래 솔깃하더라구요. 근데 막상 생각해보니 제가 남들한테 돈 받고...",http://cafe.naver.com/koarane/419439,리얼리뷰 공유소ㅣ내돈내산 찐리뷰 커...,https://cafe.naver.com/koarane,0,4,0,0,4,False
온라인 강의 수익,강의,온라인 강의 제작 클래스101 vs 탈잉 플랫폼,"자기 지식으로 온라인 강의 만들어보고 싶은데 클래스101, 탈잉 같은 플랫폼 중 어디가 더 수익 구조가 좋은지 고민됩니다 플랫폼에 올리는 게 편하긴 한데 수수료가 높은 느낌이고 직접 판매는 마케팅이 어려울 것...",http://cafe.naver.com/eovhskfktmak/3764,4050 우리들의 두번째 시작[은퇴 국민...,https://cafe.naver.com/eovhskfktmak,0,4,0,0,4,False
온라인 강의 수익,강의,VR 강의 & AI 튜터 활용! 미래형 온라인 교육 플랫폼으로 수익 극대화하는 방법,미래형 온라인 교육 플랫폼 수익 극대화 전략 VR 강의와 AI 튜터를 결합한 미래형 온라인 교육 플랫폼은 차별화된 교육 콘텐츠를 제공하여 높은 경쟁력을 확보할 수 있습니다. 이러한 플랫폼을 활용하여 수익을 극대화하기...,http://cafe.naver.com/onmirclub/2217,온미르클럽,https://cafe.naver.com/onmirclub,0,6,0,0,6,False
온라인 강의 수익,강의,"""수익모델에 대한 고민과 도전""","어떤 사람은 책을 내서 수익을 얻고, 어떤 사람은 온라인 강의로 수익을 창출하더라고요. 여러 가지 모델이 있긴 하지만, 나에게 맞는 모델은 뭘까? 그런 생각을 하니, 뭐든지 시작하는 게 중요하다는 생각이 들었어요....",http://cafe.naver.com/coolishz/785480,창사영2[창업사업영업아이템]소상공인...,https://cafe.naver.com/coolishz,0,4,0,0,4,False
온라인 강의 수익,강의,수원에서 온라인 강의 제작으로 월 800만원 수익이 목표입니다,저는 수원에서 온라인 교육 콘텐츠를 제작하고 있습니다.코로나 이후 온라인 강의 시장이 크게 성장하면서 기회를 잡았습니다.목표는 매달 800만원 이상의 수익을 달성하는 것입니다.카페 활동을 통해 더 좋은 마케팅...,http://cafe.naver.com/koarane/24533,리얼리뷰 공유소ㅣ내돈내산 찐리뷰 커...,https://cafe.naver.com/koarane,0,6,0,0,6,False
온라인 강의 수익,강의,효과적인 수익모델 구축하기,"결국, 나는 나의 취미와 관련된 콘텐츠를 활용해 수익모델을 만들어 보기로 결심했다. 처음에는 온라인 강의를 통해 내 경험과 지식을 나누는 방식으로 시작해 보려고 했다. 강의 플랫폼을 찾아보고, 필요한 장비와 자료를...",http://cafe.naver.com/coolishz/789012,창사영2[창업사업영업아이템]소상공인...,https://cafe.naver.com/coolishz,0,6,0,0,6,False
온라인 강의 수익,강의,수익모델 이해하기: 기초부터 시작하기,"그래서 저도 그 흐름에 맞춰 온라인 강의를 기획하게 됐습니다. 처음에는 잘 될까 걱정했지만, 강의 내용을 구성하면서 점점 자신감이 생겼어요. 수익모델을 실행에 옮기고 나니, 처음에는 생각보다 힘든 부분도 많았지만...",http://cafe.naver.com/coolishz/789840,창사영2[창업사업영업아이템]소상공인...,https://cafe.naver.com/coolishz,0,4,0,0,4,False
온라인 강의 수익,유튜브,숏폼 하이라이트 기반 온라인 강의 판매 및 에듀테크 마케팅,지식을 수익으로 바꾸는 가장 빠른 길은 숏폼 하이라이트 기반 온라인 강의 판매 시스템을 구축하여 8개 채널의 학습 욕구를 자극하고 고단가 교육 상품으로 연결하는 것입니다. 유튜브 쇼츠와 틱톡에서 강의의 핵심...,http://cafe.naver.com/onmirclub/1338,온미르클럽,https://cafe.naver.com/onmirclub,0,6,0,0,6,False
온라인 강의 수익,강의,"온라인강의창업 수익 현실, 솔직후기 모음","온라인강의창업 수익 현실, 솔직후기 모음 혹시 온라인강의창업으로 부업이나 창업 고민하시는 분들 계신가요. 요즘 제 주변만 봐도 일자리 불안 때문에 온라인강의창업을 서브 소득원으로 준비하는 분들이 진짜...",http://cafe.naver.com/koarane/170529,리얼리뷰 공유소ㅣ내돈내산 찐리뷰 커...,https://cafe.naver.com/koarane,0,6,0,0,6,False
온라인 강의 수익,강의,[뉴스] 中 유혹강의 인플루언서 복귀 논란,"해당 인플루언서는 온라인 강의와 라이브 방송을 통해 약 52억 원 규모의 수익을 올린 것으로 알려졌다. 저우위안은 말투, 시선 처리, 행동 방식 등 이성을 끌어들이는 방법을 소개하며 인기를 얻었으나, 부적절한 콘텐츠를...",http://cafe.naver.com/cafeflex/65331,카페플렉스 | 카페 좋아하는 사람들 C...,https://cafe.naver.com/cafeflex,0,6,0,0,6,False
온라인 강의 수익,강의,요즘 온라인강의로 돈 번다는 말이 진짜인가요?,"직장 다니면서 항상 고민하는 게 ‘앞으로 뭘 하면서 살아야 할까’인데요, 요즘은 온라인강의로 수익낸다는 얘기를 여기저기서 듣게 되더라구요. 지식창업이다, 1인 강사 시대다 이런 말들도 많고요. 사실 저도 엑셀이나...",http://cafe.naver.com/koarane/343259,리얼리뷰 공유소ㅣ내돈내산 찐리뷰 커...,https://cafe.naver.com/koarane,0,4,0,0,4,False
온라인 강의 수익,강의,온라인강의로 투잡수익 내는법 궁금하쥬?,"요즘 주변에 온라인강의로 수익 올린다는 사람들, 하나둘씩 생기더라구요. 솔직히 처음엔 ‘나랑은 상관없는 얘기겠지~’ 했는데, 이게 또 알고 보니 우리 같은 평범한 사람들도 얼마든지 시작할 수 있더라구요 그래서...",http://cafe.naver.com/koarane/307638,리얼리뷰 공유소ㅣ내돈내산 찐리뷰 커...,https://cafe.naver.com/koarane,0,6,0,2,4,False
온라인 강의 수익,강의,"소자본 인플루언서마케팅, 온라인 수익으로 연결하는 법","그래서 오늘은 소자본으로 시작하는 인플루언서마케팅 전략과, 이를 실제 온라인 수익으로 연결하는... 운영했는데도 수익이 발생했다는 사례가 꽤 많더라구요. 요즘 몇백만원 하는 부업 강의도 많은데, 이런 내용을...",http://cafe.naver.com/koarane/410067,리얼리뷰 공유소ㅣ내돈내산 찐리뷰 커...,https://cafe.naver.com/koarane,0,6,0,0,6,False
온라인 강의 수익,강의,온라인강의 하나로 인생이 바뀐 후기 알려드림,"진짜 인생 뒤집어졌거든요 그래서 오늘은 온라인강의로 수익 만들기 시작한 리얼후기랑, 내가 어떻게 방향 잡았는지 알려줄게요! 혹시 나처럼 회사+육아+시간 부족으로 고민하는 사람 있다면 진심 도움 될지도...",http://cafe.naver.com/koarane/165529,리얼리뷰 공유소ㅣ내돈내산 찐리뷰 커...,https://cafe.naver.com/koarane,0,4,0,0,4,False
온라인 강의 수익,강의,온라인 강의 창업: 경험을 수익으로 바꾸는 현실적인 방법,온라인 강의 창업: 처음부터 수익화까지 단계별 실행 전략 한 번쯤 이런 생각을 해본 적이 있을 것이다. “내가 알고 있는 것을 누군가에게 가르치고 돈을 벌 수 있을까?” 과거에는 강의를 하려면 학원이나 학교 같은...,http://cafe.naver.com/didcjfgh11/1909,사장님 마인드,https://cafe.naver.com/didcjfgh11,0,4,0,0,4,False
온라인 강의 수익,강의,온라인강의 초보도 시작하기 쉬운 플랫폼들이 요즘 계속 늘더라구요.,그래서 오늘은 온라인강의 시장 흐름부터 실제 수익구조까지 정리해보려고 해요. ───────────────── [온라인강의가 요즘 왜 이렇게 뜨는지?] 온라인강의가 급격하게 많아진 이유 중 하나가 ‘시간 제약...,http://cafe.naver.com/koarane/199172,리얼리뷰 공유소ㅣ내돈내산 찐리뷰 커...,https://cafe.naver.com/koarane,0,4,0,0,4,False
온라인 강의 수익,강의,수익모델의 다양한 활용법 소개,"결론적으로, 저처럼 새로운 수익 모델을 고민하는 분들에게 온라인 강의 플랫폼을 적극 추천해드리고 싶습니다. 물론, 처음엔 쉽지 않을 수 있지만, 한 번 시작해보면 그 재미와 매력을 느낄 수 있을 거예요. 저도 이제는 제...",http://cafe.naver.com/coolishz/785056,창사영2[창업사업영업아이템]소상공인...,https://cafe.naver.com/coolishz,0,4,0,2,2,False
온라인 강의 수익,강의,온라인강의 만들기 전에 꼭 체크해야 한다는 꿀팁 모음이에요,근데 진짜 느끼는 게… 요즘은 온라인강의만큼 자동화 수익으로 만들기 좋은 구조가 또 없더라구요. 특히 부업이나 창업 고민하시는 분들은 강의만큼이나 **자동화 퍼널마케팅**을 배우면 수익 확률이 훨씬 높대요. 제가...,http://cafe.naver.com/koarane/129741,리얼리뷰 공유소ㅣ내돈내산 찐리뷰 커...,https://cafe.naver.com/koarane,0,6,0,0,6,False
온라인 강의 수익,강의,수익을 높이는 스마트한 전략,"최근에 제 수익을 늘리기 위해 여러 가지 방법을 고민하던 중, 여러 번의 시도와 실패를 겪으면서 정말 속상한... 그러던 중에 우연히 SNS에서 ‘온라인 강의’라는 광고를 보게 되었어요. 처음에는 그냥 스쳐 지나가듯...",http://cafe.naver.com/coolishz/787258,창사영2[창업사업영업아이템]소상공인...,https://cafe.naver.com/coolishz,0,4,0,0,4,False
온라인 강의 수익,강의,"온라인마케팅교육으로 월 수익을 올리는 법, 지금 확인해보세요","검색엔진 최적화, SNS 활용, 광고 세팅까지 기본을 탄탄히 해야 실제 수익으로 연결됩니다. 요즘은 온라인 강의나 실습 중심의 과정이 많아서, 집에서도 충분히 배울 수 있어요. 제 주변에서도 하루 1~2시간만 투자해서...",http://cafe.naver.com/koarane/270312,리얼리뷰 공유소ㅣ내돈내산 찐리뷰 커...,https://cafe.naver.com/koarane,0,6,0,0,6,False
온라인 강의 수익,스마트스토어,"부업 기록, 나만의 방법으로 수익을 만들어가는 과정은?",온라인 강의를 등록하거나 쇼핑몰 운영 등을 시도하면서 다양한 수익 창출 방식을 알게 되었습니다. 두 달이 지나면서 수익뿐 아니라 그 과정도 중요하다는 것을 깨달았습니다. 기록을 통해 나 자신을 되돌아보는 기회가...,http://cafe.naver.com/iypc/6605,인생현실생존 인증/루틴/챌린지/수익/...,https://cafe.naver.com/iypc,0,8,0,0,8,False
온라인 강의 수익,강의,"착한 사람일수록, 혹은 욕심 많은 사람일수록 주식에서 빠져나오기 힘든 이유...","마찬가지로 각종 철학서, 인문학, 오프라인강의 온라인 강의 다 듣게되죠. 주식쟁이는 원래 그렇습니다. 우선... 주식해서 딸때 누군가에게 (가족, 친구 등) 수익 자랑하기도 하고 주식해서 잃을때 누군가에게 경험담...",http://cafe.naver.com/mr666/113788,몽르(김정민곽지영),https://cafe.naver.com/mr666,0,4,0,0,4,False
온라인 강의 수익,강의,"보험심사평가사 자격증 취득방법, 병원 행정직 취업의 핵심 스펙이 될까?","구분 주요 내용 기대 효과 핵심 직무 진료비 청구 심사, 적정성 평가, 의료 관련 법규 확인 병원 수익 관리... 자격증 온라인 강의는 비전공자도 쉽게 이해할 수 있도록 기초부터 실무 사례까지 단계별로 구성되어 있습니다....",http://cafe.naver.com/rksghwhantk/1372363,전간조 ★전국간호조무사들의모임★,https://cafe.naver.com/rksghwhantk,0,4,0,0,4,False
온라인 강의 수익,강의,"서울 사는 73세 요양보호사, 늦은 나이에 온라인 수익 공부 시작했습니다",앞으로를 조금 더 준비해야겠다는 생각이 들어 온라인 수익 공부를 시작하게 되었습니다. 좋은 강의를 접하며 용기를 내어 한 걸음 내딛어 보려 합니다. 목표는 생활에 조금이나마 보탬이 될 수 있는 수익을 만드는...,http://cafe.naver.com/koarane/410913,리얼리뷰 공유소ㅣ내돈내산 찐리뷰 커...,https://cafe.naver.com/koarane,0,4,0,0,4,False
온라인 강의 수익,강의,9월 주식강의 후기!! 라 쓰고 수익인증!! 이라 읽는다!,"주식도,온라인강의도... 제대로 쫓아가기도 벅찼죠 ㅜㅜ 그래도.. 제 계좌는...? 연구위원 두분의 시그널은 계속 되었죠!! ㅎㅎ 그결과.. 9월에는 대략 100만원정도의 수익을 얻었습니다! 여기서 중요한점은.... ㅎㅎㅎ...",http://cafe.naver.com/towngtx1/235312,서집달 - 대한민국 NO.1 도시계획 스터...,https://cafe.naver.com/towngtx1,0,4,0,0,4,False
온라인 강의 수익,유튜브,온라인강의로 부업 시작하려는데 뭐부터 해야 할까요?,그래도 요즘 온라인강의로 수익 내는 분들 보면 진짜 부러워요. 자기만의 콘텐츠 하나만 잘 잡아도 매달 수익이 꽤 된다던데... 저는 아직 거기까지는 너무 먼 얘기 같고요. 예전에 블로그나 유튜브도 해본 적은 있는데...,http://cafe.naver.com/koarane/269918,리얼리뷰 공유소ㅣ내돈내산 찐리뷰 커...,https://cafe.naver.com/koarane,0,12,0,0,12,False
온라인 강의 수익,강의,온라인 강의 제작 초보도 되는 수익비법,"───────────────── [온라인 강의도 좋지만, 수익 파이프라인은 여러 개일수록 좋아요] 여기까지 온라인 강의 제작에 대해서 쭉 얘기해봤는데요. 제 개인적인 생각으로는, 요즘 같은 시대에는 한 가지...",http://cafe.naver.com/koarane/215165,리얼리뷰 공유소ㅣ내돈내산 찐리뷰 커...,https://cafe.naver.com/koarane,0,4,0,0,4,False
온라인 강의 수익,강의,온라인강의기획 기획만 잘해도 결과가 달라짐,───────────────── [온라인강의기획과 수익의 관계] 기획이 잘 된 강의는 설명을 많이 안 해도 팔려요. 커리큘럼만 봐도 ‘아 이거 필요하다’ 느낌이 오거든요. 그래서 광고나 홍보도 훨씬 수월해져요....,http://cafe.naver.com/koarane/290555,리얼리뷰 공유소ㅣ내돈내산 찐리뷰 커...,https://cafe.naver.com/koarane,0,4,0,0,4,False
온라인 강의 수익,블로그,"온라인강의로 돈 버는 법, 블로그 보면서 따라했는데 쉽지가 않네요…","온라인강의로 진짜 수익 내본 분들 계시면, 초보자한테 꼭 필요한 팁이나 방향 좀 알려주실 수 있을까요? 정말 간절한 마음으로 도전 중인데, 작은 조언이라도 정말 큰 도움이 될 것 같아요…ㅠㅠ",http://cafe.naver.com/koarane/341607,리얼리뷰 공유소ㅣ내돈내산 찐리뷰 커...,https://cafe.naver.com/koarane,0,6,0,0,6,False
온라인 강의 수익,강의,온라인강의 만들고 수익화하는 법 궁금하셨죠?,온라인강의 만들고 수익화하는 법 궁금하셨죠? 저도 처음엔 ‘내가 뭘 가르칠 수 있지?’ 하는 생각부터 들었어요. 하지만 생각보다 많은 사람들이 ‘정보’보다 ‘경험’을 더 원한다는 걸 알게 되었고 온라인강의라는...,http://cafe.naver.com/koarane/119995,리얼리뷰 공유소ㅣ내돈내산 찐리뷰 커...,https://cafe.naver.com/koarane,0,4,0,2,2,False
온라인 강의 수익,강의,요즘 온라인강의 시작하려는 사람 많은 이유 뭘까요?,"혹시 온라인강의 해보신 분 계시면, 어떤 계기로 시작하셨고, 실제로 수익은 나는지도 알려주실 수 있을까요? 주부도 할 수 있는지, 아니면 좀 더 전문적인 사람들이 하는 분야인지 궁금하네요. 지금은 많이 망설여지는...",http://cafe.naver.com/koarane/371604,리얼리뷰 공유소ㅣ내돈내산 찐리뷰 커...,https://cafe.naver.com/koarane,0,4,0,2,2,False
온라인 강의 수익,강의,자동화강의플랫폼 세팅만 하면 진짜 수익이 나더라구요,"예전엔 오프라인 학원에서 매일 수업만 하던 삶이었는데요, 이제는 제 목소리 한 마디 없이도 수익이... 구성한 온라인 강의를 자동으로 판매하고 전달해주는 플랫폼이에요. 구매자 입장에선 결제만 하면 바로 강의...",http://cafe.naver.com/koarane/73466,리얼리뷰 공유소ㅣ내돈내산 찐리뷰 커...,https://cafe.naver.com/koarane,0,4,0,0,4,False
온라인 강의 수익,강의,챗gpt활용지도사 1급 자격증 온라인강의 | 주부도 2주면 끝내는 AI 가르치는 법,"✔ ""나만 시대에 뒤처지는 건 아닐까?"" ✔ ""우리 아이가 물어보는 챗GPT 질문에 당당하게 대답해주고 싶다."" ✔ ""집에서 온라인강의 하나로 새로운 수익을 만들 수는 없을까?"" 이런 질문들에 대해 하나라도 고개를...",http://cafe.naver.com/moms1004/1822082,검단/검단신도시맘/검암맘/인천맘/너나...,https://cafe.naver.com/moms1004,0,4,0,2,2,False
온라인 강의 수익,강의,직장인 부업 재테크 온라인 강의// 무자본으로 시작 가능한 현실 부업 총정리,그래서 오늘은 직장인 부업 재테크 방법 온라인 강의 활용법 초보도 가능한 현실 수익 구조까지 쉽게 정리해드릴게요 ╔════════════════════╗ ⭐ 요즘 직장인 부업이 뜨는 이유...,http://cafe.naver.com/koarane/568051,리얼리뷰 공유소ㅣ내돈내산 찐리뷰 커...,https://cafe.naver.com/koarane,0,6,0,0,6,False
온라인 강의 수익,강의,출산 후 온라인강의 준비 중인데 진짜 괜찮을지 고민되네요.,"워킹맘으로 다시 복귀하는 것도 부담되고, 둘째 계획도 있어서 이참에 아예 다른 길을 알아보는 중인데요, 지인 중 한 명이 온라인강의로 부업 시작해서 어느 정도 수익이 나고 있다길래 저도 혹해서 알아보게 됐어요. 근데...",http://cafe.naver.com/koarane/297838,리얼리뷰 공유소ㅣ내돈내산 찐리뷰 커...,https://cafe.naver.com/koarane,0,6,0,0,6,False
온라인 강의 수익,강의,온라인강의 괜찮은 주말알바 찾는다면 이건 어때요,───────────────── [수익구조는 어떻게 될까] 온라인강의 부업의 수익은 구조에 따라 다양해요. 1) 직접 강의 제작 후 플랫폼 판매 2) 강의 기획 및 콘텐츠 제작 아르바이트 3) 강사의 콘텐츠를 대신...,http://cafe.naver.com/zpvkdcom/11746,"온라인보험 비교카페 - 종합,어린이,건...",https://cafe.naver.com/zpvkdcom,0,8,0,2,6,False
온라인 강의 수익,강의,정리수납전문가 자격증 취득 조건과 취업방법 후기 남겨요,취득 방법 정리수납전문가 자격증 취득 방법은 온라인 강의 위주로 진행되는 경우가 많았습니다. 전체... 프리랜서 형태 운영 월급 형태 근무도 가능하지만 건별 수익 구조로 활동하는 사례도 많다고 하더라고요. 직접...,http://cafe.naver.com/chokingwang/288848,교육공무직. 교육공무직원. 특수교육 ...,https://cafe.naver.com/chokingwang,0,4,0,0,4,False
온라인 강의 수익,강의,직장인을 위한 경매강의 추천 소자본 투자 배워보기,월급 외의 추가 수익을 꿈꾸며 재테크의 꽃이라 불리는 경매강의 추천 정보를 찾아보고 계시는가요? 바쁜... 온라인 교육의 장점을 살려 이해가 될 때까지 반복 시청하며 실전 안목을 확실하게 소화해 보세요. 메이저 운용사...,http://cafe.naver.com/bluesail/17837,"에듀위키 eduwiki - 입시,대학정보,국...",https://cafe.naver.com/bluesail,0,6,0,2,4,False
온라인 강의 수익,강의,온라인 강의 제작 부업 수익과 시작전략,온라인 강의 제작 부업 수익과 시작전략 요즘 온라인 강의 제작 부업 알아보는 분들이 진짜 많더라구요ㅎㅎ 저도 20대 후반인데 직장 다니면서 “이대로만 살 수는 없다…” 싶어 부업을 찾다가 온라인 강의 제작을...,http://cafe.naver.com/koarane/158054,리얼리뷰 공유소ㅣ내돈내산 찐리뷰 커...,https://cafe.naver.com/koarane,0,6,0,0,6,False
온라인 강의 수익,강의,60대 루틴) 온라인 강의 협업제안 들어왔어요,"며칠 전엔 클래스101에서 어도비 온라인 강의 협업 제안을 받아, 새로운 콘텐츠를 기획 중이에요. 수익보다는 ‘이번 기회에 나만의 콘텐츠를 만들어보자’는 마음이 더 큽니다. 나이가 들어도 새로운 도전은 멈추지...",http://cafe.naver.com/casuallydressed/813792,GO OUT CASUALLY DRESSED 캐주얼 패션...,https://cafe.naver.com/casuallydressed,0,6,0,0,6,False
온라인 강의 수익,강의,부업 강의 아시는분,"온라인인지 오프라인인지, 동영상 강의인지 실시간 강의인지 궁금해요. 시간 자유롭게 들을 수 있는지도 알아봐야겠어요. 강사 선생님은 어떤 분인지도 알고 싶어요. 실제로 부업으로 수익 내고 계신지, 경력은 어떻게...",http://cafe.naver.com/getamped2/827006,쌍둥이맘 모여라 - 쌍둥이 대표 카페,https://cafe.naver.com/getamped2,0,6,0,2,4,False
온라인 강의 수익,강의,"온라인강의제작, 나도 강사 될 수 있을까? 요즘 대세는 이거임","처음엔 ""내가 뭘 가르쳐~"" 싶었는데… 해보니까 이거 완전 신세계예요 ㅎㅎ 오늘은 온라인강의 만드는 법부터 수익화까지 제가 직접 해본 느낌으로 알려드릴게요! ───────────────── ■ 온라인강의...",http://cafe.naver.com/koarane/61488,리얼리뷰 공유소ㅣ내돈내산 찐리뷰 커...,https://cafe.naver.com/koarane,0,4,0,0,4,False
온라인 강의 수익,강의,예전에 온라인강의 올렸다가 전혀 반응 없어서 포기했어요ㅎㅎ,"혹시 요즘 온라인강의로 수익 내고 있는 분들 계시면, 어떤 식으로 준비하셨는지 공유해주시면 감사할게요! 진짜 실패하더라도 이번엔 배운 거라도 있으면 좋겠다는 마음으로 다시 도전해보고 싶어요ㅎㅎ",http://cafe.naver.com/koarane/355336,리얼리뷰 공유소ㅣ내돈내산 찐리뷰 커...,https://cafe.naver.com/koarane,0,4,0,0,4,False
온라인 강의 수익,강의,온라인강의 하나만 잘해도 수익이 달라지는이유,"그래서 저도 공부하면서 느낀 점들, 그리고 온라인강의가 왜 수익까지 연결되는지 궁금해하시는 분들 위해 정리해봤어요. 저도 이거 알고 나서 방향이 확 달라졌거든요ㅋㅋ...",http://cafe.naver.com/koarane/119279,리얼리뷰 공유소ㅣ내돈내산 찐리뷰 커...,https://cafe.naver.com/koarane,0,4,0,2,2,False
온라인 강의 수익,강의,온라인 부업으로 수익 늘리기,"또한, 이 플랫폼은 다양한 강의와 자료들이 제공되어서 정말 유용해요. 전에는 혼자서 공부하고 정보를... 온라인 부업 덕분에 조금씩 수익도 생기니, 앞으로의 미래에 대한 기대감도 커졌죠. 다른 분들도 이런 경험을...",http://cafe.naver.com/coolishz/781430,창사영2[창업사업영업아이템]소상공인...,https://cafe.naver.com/coolishz,0,6,0,0,6,False
온라인 강의 수익,강의,직장인 자동화 수익 관심 있다면 꼭 알아야 할 핵심 정보,특히 AI 활용이 쉬워지면서 예전보다 훨씬 적은 시간으로도 온라인 수익 구조를 만들 수 있다는 점 때문에... 괜히 비싼 강의부터 결제하기보다 실제 수익 구조를 이해하는 게 먼저인 것 같아요! 저도 이것저것 찾아보면서...,http://cafe.naver.com/uouv96/4422,오늘도 달린다 ㅣ영업·창업·부업 ㅣ...,https://cafe.naver.com/uouv96,0,4,0,0,4,False
온라인 강의 수익,강의,온라인강의 만들어 수익내보신 분 계신가요? 현실 가능한가요?,온라인강의 만들어 수익내보신 분 계신가요? 현실 가능한가요? 요즘 부업으로 온라인강의 많이 한다고 해서 저도 한번 해볼까 고민 중입니다. 근데 말처럼 그렇게 쉽게 수익이 나는 건지 도무지 감이 안 와요. 직장 다니면서...,http://cafe.naver.com/koarane/270462,리얼리뷰 공유소ㅣ내돈내산 찐리뷰 커...,https://cafe.naver.com/koarane,0,6,0,0,6,False
온라인 강의 수익,강의,"AI 창업 강의 사기, 환불 가능할까","창업 강의가 등장하고 있습니다. “자동 수익”, “초보도 가능”, “단기간 매출 달성” 같은 문구를 보고... 초기 대응이 중요한 이유 온라인 강의나 창업 교육은 비교적 쉽게 접근할 수 있지만 그만큼 분쟁도 발생할 수...",http://cafe.naver.com/happyeverycvs/278754,행복한 창업 ( 편의점 만들기) 연구소,https://cafe.naver.com/happyeverycvs,0,6,0,0,6,False
온라인 강의 수익,강의,온라인강의 만들기만 잘해도 수익이 자동으로,"온라인강의 만들기만 잘해도 수익이 자동으로 요즘은 진짜 시대가 많이 바뀐 것 같아요. 예전에는 강의하려면 학원이나 센터에 출강해야 했는데, 이제는 집에서 온라인강의만 잘 만들어두면, 하루 한 시간도 투자하지...",http://cafe.naver.com/koarane/159597,리얼리뷰 공유소ㅣ내돈내산 찐리뷰 커...,https://cafe.naver.com/koarane,0,6,0,0,6,False
온라인 강의 수익,강의,온라인강의판매 하나만 잘 만들어도 수익 구조 생겨요,"온라인강의판매 하나만 잘 만들어도 수익 구조 생겨요 제가 ‘강의’라는 단어를 듣고 처음 든 생각은 “나는 교사도 아니고, 전문가도 아닌데 어떻게 강의를 해?”였어요. 근데 요즘 온라인강의판매는 전문가 수준이...",http://cafe.naver.com/koarane/188673,리얼리뷰 공유소ㅣ내돈내산 찐리뷰 커...,https://cafe.naver.com/koarane,0,4,0,0,4,False
온라인 강의 수익,강의,온라인강의사업으로 월수익 500 만든 후기,온라인강의사업으로 월수익 500 만든 후기 처음에는 진짜 반신반의했어요. ‘내가 뭔 강의를 만들어서 팔 수 있을까?’ 싶었거든요. 근데 요즘 온라인강의사업 시장 자체가 워낙 커지다 보니까 생각보다 더 많은 사람들이...,http://cafe.naver.com/koarane/152825,리얼리뷰 공유소ㅣ내돈내산 찐리뷰 커...,https://cafe.naver.com/koarane,0,4,0,0,4,False
온라인 강의 수익,강의,"온라인강의, 요즘 이걸로 돈버는 사람들 너무 많음!","퍼널만 잘 짜두면, 강의 하나로 평생 수익도 가능하다니까요 ───────────────── 이상으로 ""온라인강의""에 대한 실전 정보를 공유해봤어요. 요즘은 나만의 콘텐츠가 돈이 되는 시대니까, 뭔가 하나쯤...",http://cafe.naver.com/2022star/37873,"재테크마을 - N잡,부업,보험,창업,투잡...",https://cafe.naver.com/2022star,0,6,0,0,6,False
온라인 강의 수익,강의,온라인으로 수익 창출하는 5가지 방법!,"요즘 많은 사람들이 온라인으로 수익을 올리는 꿈을 꿉니다. 그런데 정말로 가능할까요? 대체 어떻게 하면... 예를 들어, 자신이 만든 전자책, 온라인 강의, 디자인 파일 등을 판매해보세요. 요즘은 특정 플랫폼에 가입하면...",http://cafe.naver.com/regen007/30041,"""솔사랑"" 좋은경치, 사랑이 가득한 민...",https://cafe.naver.com/regen007,0,4,0,0,4,False
온라인 강의 수익,강의,온라인강의 수요 늘면서 돈버는법 뜸,"하루 30분 투자로 월 1,000만원 수익인증까지 한 자동화 퍼널시스템을 그대로 복제해 준다고 하네요~ 60대분들도 따라할 수 있는 챗gpt를 이용한 홍보방법까지 싹 다 교육해준다고 하니, 혹시 일자리 고민, 온라인강의 수익...",http://cafe.naver.com/koarane/164693,리얼리뷰 공유소ㅣ내돈내산 찐리뷰 커...,https://cafe.naver.com/koarane,0,6,0,0,6,False
온라인 강의 수익,강의,"온라인강의, 부업으로 해보면 좋은 이유 알려드림","───────────────── [# 온라인강의 수익, 생각보다 쏠쏠함] 처음에는 “이걸로 돈이 되겠어?” 했는데, 막상 강의 등록해보면 한 달에 50~200 벌었다는 사람 꽤 많더라구요. 심지어 한 번 만들어 놓으면...",http://cafe.naver.com/koarane/254289,리얼리뷰 공유소ㅣ내돈내산 찐리뷰 커...,https://cafe.naver.com/koarane,0,6,0,0,6,False
온라인 강의 수익,강의,온라인강의 만들고 수익내는 법 고민돼요,"진짜 현실적으로 수익 내는 온라인강의 방법 아시는 분, 혹시 조언 좀 해주실 수 있을까요? 집에서 간단히 할 수 있는 온라인부업도 있으면 같이 알려주세요. 요즘은 혼자서 너무 막막해서 이렇게라도 글 올려봅니다.",http://cafe.naver.com/koarane/42069,리얼리뷰 공유소ㅣ내돈내산 찐리뷰 커...,https://cafe.naver.com/koarane,0,6,0,2,4,False
온라인 강의 수익,강의,온라인강의 듣기만 하지 말고 수익으로 연결해보자!,"""내가 듣는 강의, 그냥 소비하지 말고 수익으로 연결해보자!"" 진짜 그렇게 해서 지금은 온라인강의와 관련된 수익 구조도 만들고 있습니다. 들으면서 돈 버는 구조, 가능해요 진짜로....",http://cafe.naver.com/uouv96/1671,오늘도 달린다 ㅣ영업·창업·부업 ㅣ...,https://cafe.naver.com/uouv96,0,4,0,0,4,False
온라인 강의 수익,스마트스토어,"""온라인강의 듣고 나서 진짜 삶이 달라졌다는 얘기... 진짜일까요?""","진짜 요즘 온라인강의 관련 광고 너무 많이 보이잖아요. 블로그, 마케팅, 영상 편집, 스마트스토어까지… 하루... 처음엔 “이거 배우면 바로 수익 나겠지?” 싶은 기대도 있었고. 근데 웬걸... 강의 다 듣고 나면 뭐가 뭔지도...",http://cafe.naver.com/koarane/246758,리얼리뷰 공유소ㅣ내돈내산 찐리뷰 커...,https://cafe.naver.com/koarane,0,8,0,0,8,False
온라인 강의 수익,강의,퇴근 후 온라인강의 준비 중인데 뭘 해야 할지 막막하네요ㅠㅠ,"이왕 시작한 거 끝까지 해보긴 할 건데, 수익이 진짜 날 수 있을지가 걱정이에요. 이 분야는 경쟁도 워낙 치열하고, 강의 하나 잘 만들어도 홍보 못 하면 말짱 도루묵이니까요. 요즘은 온라인마케팅까지 따로 배워야 하나...",http://cafe.naver.com/koarane/171786,리얼리뷰 공유소ㅣ내돈내산 찐리뷰 커...,https://cafe.naver.com/koarane,0,4,0,0,4,False
온라인 강의 수익,강의,온라인강의 쪽으로 투잡 병행하시는 분 계실까요?,"크고, 동시에 괜히 시간 낭비하게 될까봐 겁도 나네요. 그래도 직장 외 수익원을 꼭 만들어야 할 것 같아서 포기하진 않으려구요. 혹시 온라인강의 관련해서 현실적인 조언이나 추천 플랫폼 있으시면 알려주세요. 꼭이요!",http://cafe.naver.com/koarane/170300,리얼리뷰 공유소ㅣ내돈내산 찐리뷰 커...,https://cafe.naver.com/koarane,0,6,0,4,2,False
온라인 강의 수익,강의,어제 온라인 강의 감사했습니다 수익실현도 했네요,지나고 나니까 수익구간이었네요 수익율 참좋네요 ^^ 정말 유익했습니다. 저도 이제 자신이 붙었습니다 다음번 주식이야기 온라인 강의도 기대됩니다. 그럼 수고 하시고요 어제 자리를 마련해주신 견마지로님...,http://cafe.naver.com/stockschart/29316,주식차트 연구소(주식 실제계좌 공개/...,https://cafe.naver.com/stockschart,0,4,0,0,4,False
온라인 강의 수익,강의,돈버는어플 온라인수익 길이열리는순간,"돈버는어플 온라인수익 길이열리는순간 혹시 요즘 돈버는어플 관심 있는 분들 꽤 많지 않나요ㅎㅎ 저도 학교... 특히 저는 그냥 강의 듣기 전에 3분, 버스 기다릴 때 5분 이런 식으로 쌓여서 좋더라구요. 이게 꽤나 습관처럼...",http://cafe.naver.com/koarane/144128,리얼리뷰 공유소ㅣ내돈내산 찐리뷰 커...,https://cafe.naver.com/koarane,0,4,0,0,4,False
온라인 강의 수익,강의,대전 경매학원 고민을 한 번에 해결할 온라인 학습법,대전 지역에서 수익형 부동산이나 내 집 마련을 목표로 대전 경매학원 정보를 열심히 찾아보고 계시죠? 직접... 온라인 강의이기에 가능한 무제한 반복 시청을 통해 어려운 권리 관계도 내 것으로 완벽히 소화해 보시기...,http://cafe.naver.com/bluesail/16472,"에듀위키 eduwiki - 입시,대학정보,국...",https://cafe.naver.com/bluesail,0,4,0,0,4,False
온라인 강의 수익,강의,"부동산 경매, 시행착오 줄이고 싶다면 믿을 수 있는 멘토의 경험을 배워야 한다! 쿵쿵나리쌤 경매 강의 추천...","소액으로 수익을 내고 싶은 분 - 경매로 저렴하게 내 집 마련하고 싶은 분 강의> - 신청일정 : 3/25... 강의일 : 4/4, 4/11, 4/18, 4/25, 5/2 (매주 토요일, 오후 3시) 온라인 강의> - 신청일정 : 3/25(수) 오전 10시, 행크에듀 접수",http://cafe.naver.com/mkas1/1924379,행복재테크ㅣ부동산 투자 경매 창업 직...,https://cafe.naver.com/mkas1,0,4,0,2,2,False
온라인 강의 수익,강의,"요즘 핫한 크라우드웍스, 진짜 수익 가능한지 직접 알아봤어요!",저도 처음 시작하는 분들이 “온라인 수익 구조 이해하기” 용도로는 정말 괜찮다고 느꼈어요... 이 강의는 완전 초보자도 바로 시작할 수 있도록 하나부터 열까지 전부 알려주는 구조라서 진입장벽이 정말 낮아요. 게다가...,http://cafe.naver.com/uouv96/3033,오늘도 달린다 ㅣ영업·창업·부업 ㅣ...,https://cafe.naver.com/uouv96,0,4,0,0,4,False
온라인 강의 수익,강의,운동처방전문가1급 자격증 취득방법 온라인강의로 비전공자도 가능할까요?,운동처방전문가1급 자격증 취득방법 온라인강의로 비전공자도 가능할까요? 최근 뉴스를 보니 우리나라가... 자격증 취득 후에 실제로 수익 창출이나 취업으로 이어지는 과정이 궁금합니다. 운동처방전문가1급 자격증을...,http://cafe.naver.com/dgmom365/7287270,"대구맘 365 - 결혼, 임신, 출산, 육아...",https://cafe.naver.com/dgmom365,0,4,0,2,2,False
온라인 강의 수익,강의,[정규강의] 진짜 1주차만 듣고 나머지 안들어도 되겠다 생각했습니다.,"'22기의 목표는 100억입니다' '1주차만 들어도 후회 없을겁니다' 오래 전 정규강의를 들은 사람으로써 처음에... 그 동안 온라인 수익 활동을 했던 모든 순간들, 그리고 내가 경험했던 순간들이 머릿속에서 팽팽하게...",http://cafe.naver.com/ninttenddo/142926,엠타트업 [자본주의에서 자유인으로 살...,https://cafe.naver.com/ninttenddo,0,4,0,0,4,False
온라인 강의 수익,블로그,"챗GPT활용, 온라인수익 자동화의 핵심 구조","챗GPT활용, 온라인수익 자동화의 핵심 구조 요즘 챗GPT 덕분에 세상이 진짜 많이 바뀌었어요. 단순히 글... [챗GPT를 수익으로 연결하는 3가지 루트] ① 블로그·인스타 포스팅 자동화 ② 디지털 상품(이북, 강의, 템플릿)...",http://cafe.naver.com/koarane/58743,리얼리뷰 공유소ㅣ내돈내산 찐리뷰 커...,https://cafe.naver.com/koarane,0,6,0,0,6,False
온라인 강의 수익,강의,[정규강의] 1강 방향이 잘못되면 아무리 해도 쉽지않을껄...,"그래야만 R을 누적시킬수 있고, R의 개수가 늘어날수록 수익이 늘어날수 있는 구조라고 생각했기때문이다. 실제로 23년도에 온라인강의를 듣고 처음 출시한 R부터 3~4개의 R을 지금도 판매하고 있다. 하지만 이때 나는...",http://cafe.naver.com/ninttenddo/142954,엠타트업 [자본주의에서 자유인으로 살...,https://cafe.naver.com/ninttenddo,0,4,0,0,4,False
온라인 강의 수익,강의,부동산권리분석사인강 진짜 수익을 만드는 실전 분석법,2026년 현재 부동산 시장은 정보의 양보다 데이터를 정교하게 걸러내는 실무 능력이 수익의 크기를 결정짓고... 온라인 강의의 장점을 살려 이해가 안 되는 부분은 무제한으로 반복 시청하며 어려운 권리 관계도 내 것으로...,http://cafe.naver.com/bluesail/17228,"에듀위키 eduwiki - 입시,대학정보,국...",https://cafe.naver.com/bluesail,0,4,0,0,4,False
온라인 강의 수익,강의,학점은행제 체육학 온라인 단기간 취득하고 전공자 되는 법,과목 온라인 강의로 수월하게 이수 가능 일반 50학점 타 전공 과목 또는 자유 선택 전적대 학점 활용 시 기간... 혼자 고민했다면 놓쳤을 정보들이 전문가의 손길을 거치니 비로소 수익 구조로 바뀌더군요. :) 5. 정보 너머의...,http://cafe.naver.com/amoapt/1367719,【전아모】 전국 아파트/주상복합 관리...,https://cafe.naver.com/amoapt,0,4,0,0,4,False
온라인 강의 수익,유튜브,요즘 대세인 유튜브크리에이터전문가 자격증 온라인으로 편하게 따는 법 공유해요,자격증 온라인으로 편하게 따는 법 공유해요 유튜브라는 망망대해에서 길을 잃지 않고 나만의 확실한 수익... 복잡한 오프라인 출석 없이도 유튜브크리에이터전문가 온라인강의를 통해 집에서 편안하게 학습할 수 있는...,http://cafe.naver.com/lolkor/31296406,리그오브레전드 한국커뮤니티 - LoLKo...,https://cafe.naver.com/lolkor,0,6,0,0,6,False
온라인 강의 수익,강의,3월 온라인강의후기,25년 첫번째 온라인 강의도 금방지나갔습니다. 이번달은 오프라인 강의신청해서 너무 기뻣는데... 꼼꼼하게 강의해주셨습니다. 특히 인센티브에 따른 디벨로퍼의 수익이 어떻게 달라지는지 알려주신게...,http://cafe.naver.com/towngtx1/212057,서집달 - 대한민국 NO.1 도시계획 스터...,https://cafe.naver.com/towngtx1,0,4,0,0,4,False
온라인 강의 수익,강의,온라인강의 시작해보려는데 수익이 진짜 나는 건가요?,"하나로도 수익이 나는 구조가 되면 참 좋을 텐데, 그게 말처럼 쉽지는 않은 듯해요. 혹시 온라인강의로 실제 수익 내보신 분 계실까요? 플랫폼은 어디가 괜찮았고, 마케팅은 어떻게 하셨는지도 공유해주시면 감사하겠습니다!",http://cafe.naver.com/koarane/200992,리얼리뷰 공유소ㅣ내돈내산 찐리뷰 커...,https://cafe.naver.com/koarane,0,4,0,0,4,False
온라인 강의 수익,배달,배달 부업 수익 극대화 방법! 시간 대비 효율 높이는 법,"그래서 요즘은 시간을 덜 쓰면서도 수익이 나는 ‘온라인 수익 구조’를 함께 만드는 분들이 많더라구요!... 분들도 수익을 내고 있고, 단 3일 만에 첫 수익이 나온 사례도 많더라구요. 요즘 부업 강의들 가격이 부담스러운...",http://cafe.naver.com/koarane/523512,리얼리뷰 공유소ㅣ내돈내산 찐리뷰 커...,https://cafe.naver.com/koarane,0,8,0,0,8,False
온라인 강의 수익,강의,2026년 디지털 노마드: AI 자동화로 업무 효율 극대화 & 글로벌 수익 다각화 완벽 가이드,2026년에는 더욱 다양한 글로벌 수익 다각화 전략이 가능해질 거예요. 온라인 강의 플랫폼을 통해 전 세계 학생들에게 자신의 지식과 경험을 공유하고 수익을 창출할 수 있습니다. 해외 전자상거래 플랫폼을 통해 글로벌...,http://cafe.naver.com/onmirclub/2218,온미르클럽,https://cafe.naver.com/onmirclub,0,4,0,0,4,False
온라인 강의 수익,강의,온라인강의 수익화 하신 분 조언 좀 부탁드려요,온라인강의 수익화 하신 분 조언 좀 부탁드려요 요즘 돈을 벌어야 하는데 너무 힘드네요. 여러 가지 부업을 시도해봤지만 생각처럼 잘 안 되더라고요. 그래서 이번에는 온라인강의로 수익을 내보려고 준비 중이에요. 제가...,http://cafe.naver.com/koarane/55090,리얼리뷰 공유소ㅣ내돈내산 찐리뷰 커...,https://cafe.naver.com/koarane,0,6,0,0,6,False
온라인 강의 수익,강의,온라인강의 창업 현실적으로 가능한 사람 유형 정리,[온라인강의 수익 구조의 핵심] 온라인강의의 장점은 ‘한 번 만들고 반복 판매’ 구조예요. 노동 시간이 계속 들어가는 방식이 아니라는 점이 크죠. 물론 처음 세팅할 땐 시간이 좀 필요해요. 하지만 구조만 잘 만들면...,http://cafe.naver.com/koarane/335502,리얼리뷰 공유소ㅣ내돈내산 찐리뷰 커...,https://cafe.naver.com/koarane,0,4,0,0,4,False
온라인 강의 수익,강의,온라인강의 준비 중인데 제가 너무 늦게 시작하는 건 아닌지 걱정되네요.,"요즘 주위에서 온라인으로 강의 만들어서 수익 내는 분들 이야기가 자꾸 들리더라구요. 음… 저도 뭔가 하나쯤은 만들어보고 싶은데, 막상 시작하려니까 괜히 두렵네요. 돈은 벌어야 하는데 그렇다고 아무거나 했다가 또...",http://cafe.naver.com/koarane/206860,리얼리뷰 공유소ㅣ내돈내산 찐리뷰 커...,https://cafe.naver.com/koarane,0,4,0,0,4,False
온라인 강의 수익,강의,직장인 부업으로 가능한 부동산 투자 종류 총정리!,"낙찰 이후에는 매도나 임대를 통해 수익을 실현하게 됩니다. 다만 권리분석에 대한 공부가 필수이고, 초보자의 경우 실수 가능성도 있기 때문에 충분한 학습이 필요합니다. 요즘은 온라인 강의나 커뮤니티가 잘 되어 있어...",http://cafe.naver.com/mkas1/1964852,행복재테크ㅣ부동산 투자 경매 창업 직...,https://cafe.naver.com/mkas1,0,8,0,0,8,False
온라인 강의 수익,블로그,워드프레스 초보도 할 수 있는 온라인수익 구조 알아보기,"수익을 만들 수 있을 것 같아요 ───────────────── [워드프레스로 사업까지 확장 가능!] 처음엔 단순히 블로그용으로 시작했는데, 이걸로 ‘온라인 사업’을 시작한 분들도 많아요. 온라인 강의 페이지...",http://cafe.naver.com/koarane/78587,리얼리뷰 공유소ㅣ내돈내산 찐리뷰 커...,https://cafe.naver.com/koarane,0,6,0,0,6,False
온라인 강의 수익,유튜브,수익모델의 다양한 접근법 알아보기,최근에 온라인에서 수익을 내고 싶다는 생각이 자주 들었어요. 주변 친구들도 유튜브나 블로그를 통해 수익을... 그러던 중 우연히 SNS에서 ‘수익모델 마스터 클래스’라는 강의를 발견했어요. 처음에는 광고로 보일까 싶어...,http://cafe.naver.com/coolishz/788695,창사영2[창업사업영업아이템]소상공인...,https://cafe.naver.com/coolishz,0,8,0,0,8,False
온라인 강의 수익,강의,온라인 강의로 수익 내보신 분 계신가요?,"온라인 강의로 수익 내보신 분 계신가요? 요즘 재택 부업이나 1인 창업을 계속 알아보고 있는데 제가 가진 지식을 활용해서 온라인 강의를 해보는 것도 괜찮을 것 같다는 생각이 들었어요. 클래스101, 탈잉, 유데미 같은...",http://cafe.naver.com/koarane/5526,리얼리뷰 공유소ㅣ내돈내산 찐리뷰 커...,https://cafe.naver.com/koarane,0,8,0,0,8,False
온라인 강의 수익,강의,온라인강의 듣고 부업 시작하신 분들 실제로 수익 나시나요?,"결국 수익은 0원이었어요. 그래서 더 조심스러워졌고, 이젠 진짜 검증된 강의가 아니면 듣고 싶지도 않아요. 혹시 여기 계신 분들 중에서 온라인강의 듣고 나서 실제로 부업으로 연결되신 분들 계신가요? 정말 괜찮은 강의가...",http://cafe.naver.com/koarane/246756,리얼리뷰 공유소ㅣ내돈내산 찐리뷰 커...,https://cafe.naver.com/koarane,0,6,0,0,6,False
온라인 강의 수익,강의,"2026년 유망한 재택 부업 준비, 데이터라벨러 자격증, 온라인 교육으로 한 번에 끝내기","데이터라벨러 온라인강의 자기주도 학습 성장 가능성 전문 분야(의료, 법률 등) 확장 시 수익성 상승 전문직 전환 가능 체계적인 준비를 위한 첫걸음 무작정 시작하기보다는 제대로 된 데이터라벨러 자격증교육을 받는...",http://cafe.naver.com/lolkor/31298316,리그오브레전드 한국커뮤니티 - LoLKo...,https://cafe.naver.com/lolkor,0,8,0,0,8,False
온라인 강의 수익,유튜브,경매유튜브추천 대신 내 수익 챙기는 현실 방법,2026년 현재 시장은 정보의 홍수 속에서 옥석을 가려내는 정밀한 분석 능력이 수익의 크기를 결정하죠.... 온라인 강의의 장점을 살려 리스크가 숨겨진 문구 하나까지 반복해 시청하며 익히다 보면 초보자도 전문가의 안목을...,http://cafe.naver.com/bluesail/16470,"에듀위키 eduwiki - 입시,대학정보,국...",https://cafe.naver.com/bluesail,0,6,0,2,4,False
온라인 강의 수익,강의,백채쌤 오피스텔 월세 온라인강의 1주차 후기,1~2천 수익 보는 정도가 평균으로 바뀌는듯합니다) 다가구도 취득 하려면 하겠는데 덩치가 워낙 커서 엑시트... 온라인은 가능하려나? 걱정이 들때 즈음.. 일일 특강을 하신다고 해서 서둘러 강의를 듣고 정규강의를...,http://cafe.naver.com/mjactionbusan/137495,엠제이 경매스쿨,https://cafe.naver.com/mjactionbusan,0,4,0,0,4,False
온라인 강의 수익,강의,천안재택부업 하루1시간 온라인수익,"예를 들면 천안재택부업 정보를 정리하면서, 자동화 부업 시스템이나 강의, 자료와 연결하는 방식이죠. 지역성을 살리면서도 온라인으로 확장되는 구조라, 천안살이 + 온라인수익 둘 다 챙기는 느낌이라 좋더라구요...",http://cafe.naver.com/2022star/37806,"재테크마을 - N잡,부업,보험,창업,투잡...",https://cafe.naver.com/2022star,0,8,0,0,8,False
온라인 강의 수익,강의,혹시 온라인강의 해보신 분 계세요? 제작부터 막막하네요ㅠㅠ,"지금 휴직 중인데요, 예전부터 관심 있었던 교육 관련 온라인강의를 한번 제대로 만들어보려고 해요. 근데... 수익은 나올까? 하는 두려움이에요. 솔직히 말해서 돈 벌려는 목적도 있는데, 현실적으로 가능성이 얼마나 될지...",http://cafe.naver.com/koarane/162232,리얼리뷰 공유소ㅣ내돈내산 찐리뷰 커...,https://cafe.naver.com/koarane,0,4,0,0,4,False
온라인 강의 수익,강의,카라반 사알못 사주자동화 2기 특강 후기_사주 몰라도 OK! AI라는 치트키로 수익 고속도로 타기,"막연했던 온라인 수익화가 비로소 현실적인 내 사업 모델로 그려지기 시작했습니다. 어떤 주제를 가져와도 이 시스템에만 태우면 되겠다는 확신이 들었죠. ""사알못도, 복귀자도 모두 즐거운 시간"" 강의 전에는 막연한...",http://cafe.naver.com/dinohighclass/271711,디지털노마드 하이클래스 - 디하클 (유...,https://cafe.naver.com/dinohighclass,0,4,0,0,4,False
온라인 강의 수익,강의,"온라인마케팅, 하루 30분 투자로 꾸준한 자동수익 만드는 방법","오늘은 온라인마케팅으로 수익 만드는 방법 + 자동화 구조 + 현실적인 실전 전략까지 완전히 쉽게... 50대, 60대 분들도 수익 내고 있고 3일 만에 첫 수익 나온 사례도 있을 정도입니다 요즘 유료 강의 몇백만원 하는데...",http://cafe.naver.com/cafemakecafebest/36696,세상모든꿀팁 ㅣ영업·창업·부업·투...,https://cafe.naver.com/cafemakecafebest,0,6,0,0,6,False
온라인 강의 수익,강의,온라인강의로 수익 내보신 분 계신가요? 요즘 계속 고민 중이에요,"온라인강의로 수익 내보신 분 계신가요? 요즘 계속 고민 중이에요 회사 일만 하면서 계속 이렇게 살아도 되는 건가 싶어서요. 그래서 요즘 온라인강의 쪽으로 눈을 돌리고 있는데, 막상 시작하려고 하니까 너무 막막하네요....",http://cafe.naver.com/koarane/175412,리얼리뷰 공유소ㅣ내돈내산 찐리뷰 커...,https://cafe.naver.com/koarane,0,4,0,0,4,False
온라인 강의 수익,강의,"대구에서 온라인 강의를 운영하고 있으며, 월 1000만원 수익이 목표입니다","자기계발 분야에서 인사이트를 전하고 있으며, 강의 외에도 디지털 콘텐츠 확장을 준비 중입니다. 한 번 제작한 콘텐츠로 반복 수익이 생기게끔 지식 자산을 체계화하는 게 목표예요.",http://cafe.naver.com/koarane/7671,리얼리뷰 공유소ㅣ내돈내산 찐리뷰 커...,https://cafe.naver.com/koarane,0,6,0,0,6,False
온라인 강의 수익,강의,온라인강의로 수익 내보신 분 계신가요? 요즘 진지하게 고민중입니다.,온라인강의로 수익 내보신 분 계신가요? 요즘 진지하게 고민중입니다. 요즘 직장에서 계속 줄어드는 수입에 불안감이 커지고 있습니다. 아이가 커가면서 지출도 많아지고요. 그래서 사이드잡으로 뭘 할 수 있을까...,http://cafe.naver.com/koarane/225139,리얼리뷰 공유소ㅣ내돈내산 찐리뷰 커...,https://cafe.naver.com/koarane,0,4,0,0,4,False
온라인 강의 수익,강의,AI로 돈버는 방법 요즘 가장 뜨는 수익 모델 공개,특히 최근에는 AI를 활용해서 **부업이나 온라인 수익을 만드는 방법**이 계속 늘어나면서 많은 분들이... 실제 수익으로 이어질 수 있습니다. 그래서 많은 분들이 먼저 **기초 구조나 수익 방식에 대한 강의나 정보를...,http://cafe.naver.com/koarane/428647,리얼리뷰 공유소ㅣ내돈내산 찐리뷰 커...,https://cafe.naver.com/koarane,0,6,0,0,6,False
온라인 강의 수익,스마트스토어,온라인강의로 수익 내보신 분들 계신가요? 현실적인 조언 듣고 싶어요,"요즘은 블로그, 스마트스토어 말고도 온라인강의로 수익 낸다는 얘기를 워낙 많이 들어서 혹했는데... 막상 해보니 그게 다 누군가에게만 해당되는 얘기 같기도 하고... 혹시 여기 계신 분들 중에 온라인강의로 실제 수익...",http://cafe.naver.com/koarane/187834,리얼리뷰 공유소ㅣ내돈내산 찐리뷰 커...,https://cafe.naver.com/koarane,0,8,0,0,8,False
온라인 강의 수익,강의,"온라인으로 배우는 라이브커머스전문가 과정, 3주 만에 자격증 손에 쥔 비결","오늘 이 글을 끝까지 읽으시면, 복잡한 절차 없이도 집에서 편안하게 전문 역량을 갖추고, 새로운 수익의 문을... 특히 바쁜 일상을 보내는 분들을 위해 라이브커머스전문가 온라인강의 환경이 잘 구축되어 있어, 아이들이...",http://cafe.naver.com/lolkor/31302144,리그오브레전드 한국커뮤니티 - LoLKo...,https://cafe.naver.com/lolkor,0,4,0,0,4,False
온라인 강의 수익,강의,내일배움카드자격증 받을 수 있는 온라인 강의 총정리,오늘은 제가 이 카드로 들을 수 있는 온라인 강의와 자격증 종류들 싹- 정리해봤어요 바쁜 엄마들... 자격증 + 온라인에서 수익 낼 수 있는 스킬까지 같이 가져가야 살아남는 시대잖아요~ 저도 자격증 따고 나니까...,http://cafe.naver.com/koarane/26032,리얼리뷰 공유소ㅣ내돈내산 찐리뷰 커...,https://cafe.naver.com/koarane,0,4,0,0,4,False
온라인 강의 수익,강의,요즘 부업 강의는 “수익 보장”이라는 말부터 조심하게 되네요,"소비자원 피해예방주의보를 보니까 고액 온라인 부업 강의 피해가 계속 나오고 있더라구요. 최근 5년 피해구제 사건 분석에서 강의 품질 문제, 계약 불이행, 환급 거부가 주요 사유였고, 피해금액은 100만~400만 원 미만이...",http://cafe.naver.com/2022star/61742,"재테크마을 - N잡,부업,보험,창업,투잡...",https://cafe.naver.com/2022star,0,6,0,0,6,False
온라인 강의 수익,강의,"부동산 경매 공부, 수익으로 가는 지름길과 핵심 전략 총정리","머니플랜은 재테크 분야의 온라인 강의를 전문으로 하며, 오직 실력으로 검증된 강사들만 선별하는 것으로... 소자본으로도 충분히 낙찰과 수익을 낼 수 있을까요? 네, 빌라 같은 소액 물건을 타겟으로 설정한다면 적은...",http://cafe.naver.com/bluesail/14494,"에듀위키 eduwiki - 입시,대학정보,국...",https://cafe.naver.com/bluesail,0,4,0,0,4,False
온라인 강의 수익,강의,수익을 높이는 스마트한 방법들,"그렇게 온라인 마케팅에 대해 알아보던 중, 우연히 한 카페에서 '수익성 있는 온라인 마케팅 강의'를 발견하게 되었어요. 처음엔 그냥 지나칠까 했지만, 사람들이 후기를 남기고 있는 걸 보니 다들 긍정적인 반응을...",http://cafe.naver.com/coolishz/788870,창사영2[창업사업영업아이템]소상공인...,https://cafe.naver.com/coolishz,0,4,0,0,4,False
온라인 강의 수익,강의,자동수익 만드는 방법 총정리! 요즘 사람들이 가장 많이 시작하는 이유,있는 온라인 수익 구조까지 싹~ 정리해드릴게요! ◆요즘 가장 많이 시작하는 자동수익 구조는?◆ 최근에는... 첫 수익이 발생했다는 분들도 있어서 저도 굉장히 관심이 생겼습니다. 요즘 부업 강의는 몇백만원씩 하는...,http://cafe.naver.com/koarane/422155,리얼리뷰 공유소ㅣ내돈내산 찐리뷰 커...,https://cafe.naver.com/koarane,0,6,0,0,6,False
온라인 강의 수익,강의,[종산] 가정방문 후기 및 강의후 오늘까지 총결산 (대 . 종 . 산),고수분들한테는 작지만 저한텐 한없이 소중한 수익금! 그렇습니다 제가 바로 선생님의 첫번째 가정방문... ㅎㅎ 진짜 뭐 추가되는것도없고 딱 강의내용 그대로 해주셨고 전 온라인강의-> 오프라인강의 느낌을 받았습니다...,http://cafe.naver.com/stockschart/2624852,주식차트 연구소( 승률 90% 절대수익 ...,https://cafe.naver.com/stockschart,0,4,0,0,4,False
온라인 강의 수익,강의,자동화수익 온라인부업 구조쉽게보기,"부업이든 재택이든, 자동화수익이든 결국 온라인 노출이 핵심이니까요. 저도 괜히 다들 카페로 들어가는 게... 자동화수익 구조 배우고 싶으면 진짜 도움이 되는 강의 같았어요. 저도 이런 실전형 정보는 벌써부터 가치가...",http://cafe.naver.com/koarane/134722,리얼리뷰 공유소ㅣ내돈내산 찐리뷰 커...,https://cafe.naver.com/koarane,0,8,0,0,8,False
온라인 강의 수익,블로그,"온라인영업 수익구조, 진짜 쉬운 방식이 있대요","심지어 강의, PDF 전자책, 뷰티템, 건강식품, 보험 같은 것도 연결만 하면 수익이 나더라구요 ───────────────── [# 초보자가 하기 쉬운 루트는 따로 있다!] 온라인영업을 시작하고 싶다면, 블로그부터...",http://cafe.naver.com/koarane/209507,리얼리뷰 공유소ㅣ내돈내산 찐리뷰 커...,https://cafe.naver.com/koarane,0,6,0,0,6,False
온라인 강의 수익,강의,온라인강의로 수익 내보신 분 계신가요? 현실적인 조언 좀 부탁드려요,"혹시 여기 계신 분들 중에 온라인강의 쪽으로 수익 내신 분 계실까요? 현실적인 조언이나, 처음 시작할 때 어떤 식으로 접근하셨는지 듣고 싶습니다. 이왕이면 집에서 할 수 있는 방향으로 생각하고 있어서요. 진짜 확실하고...",http://cafe.naver.com/koarane/304988,리얼리뷰 공유소ㅣ내돈내산 찐리뷰 커...,https://cafe.naver.com/koarane,0,4,0,0,4,False
온라인 강의 수익,강의,재택부업으로 소소한 수익 만들기,"그래서 온라인 강의를 듣고, 필요한 도구도 구비해서 본격적으로 시작했죠. 적은 시간 투자로도 충분히 할 수... 집에서 편안하게 작업하면서도, 원하는 만큼 수익을 낼 수 있다는 것이 정말 기분이 좋았어요. 처음 몇 주는...",http://cafe.naver.com/coolishz/786309,창사영2[창업사업영업아이템]소상공인...,https://cafe.naver.com/coolishz,0,10,0,0,10,False
온라인 강의 수익,강의,[1주차 후기] 온라인 강의와는 다르다..! 팔콘쌤의 ‘찐’ NPL 투자사례 공유와 소중한 동기분들의 인연,"그동안 해왔던 온라인 줌 강의와는 달리 이번 NPL투자반은 오프라인으로 진행이 되었습니다. 행크 성지인 부천 이지스터디의 도착 후 바로 교재를 받았어요. 교재 문구도 마음에 듭니다. ""경쟁하지 않고, 수익 내는 NPL...",http://cafe.naver.com/mkas1/1716939,행복재테크ㅣ부동산 투자 경매 창업 직...,https://cafe.naver.com/mkas1,0,6,0,0,6,False
온라인 강의 수익,유튜브,유튜브편집 수익구조 제대로 알기,"온라인 강의와 실습만으로도 충분히 가능합니다. Q. 수익은 언제부터 날까요? A. 개인 역량에 따라 다르지만, 보통 1~3개월 안에 첫 외주를 받는 경우가 많습니다. Q. 장비는 꼭 고가여야 하나요? A. 고사양이면 좋지만, 기본...",http://cafe.naver.com/koarane/390386,리얼리뷰 공유소ㅣ내돈내산 찐리뷰 커...,https://cafe.naver.com/koarane,0,6,0,0,6,False
온라인 강의 수익,강의,"화장품책임판매업 등록조건, 가장 확실하게 준비하는 방법!",100% 온라인 강의로 진행이 가능하기 때문에 직장인이나 사업 준비 중인 분들도 부담 없이 병행할 수 있는데요... 한다면 온라인 창업으로 충분히 이어질 수 있는 분야입니다 특히 최근에는 개인 브랜드를 통해 수익을...,http://cafe.naver.com/studentstudyhard/2765128,"공준모★공기업,채용,공공기관,코레일...",https://cafe.naver.com/studentstudyhard,0,4,0,0,4,False
온라인 강의 수익,강의,부천 경매학원 고민 중이라면 온라인도 한 방법이지,오늘은 부천 경매학원 광고에 현혹되지 않고 진짜 수익을 만들어줄 머니플랜의 독보적인 커리큘럼을 소개해... 온라인 강의이기에 가능한 무제한 반복 시청을 통해 어려운 권리 관계도 내 것으로 완벽히 소화해 보시기...,http://cafe.naver.com/bluesail/16480,"에듀위키 eduwiki - 입시,대학정보,국...",https://cafe.naver.com/bluesail,0,4,0,0,4,False
온라인 강의 수익,강의,영상편집자격증 수익내는 현실팁 공유,"A. 요즘은 온라인 강의로도 충분히 가능하지만, 실습 중심은 오프라인이 유리할 수도 있어요. Q. 영상편집 초보가 수익내는 시기는 언제쯤? A. 평균 2~3개월 안에 첫 수익 보는 분들이 많고, 잘하면 한 달도 안 걸려요...",http://cafe.naver.com/koarane/387938,리얼리뷰 공유소ㅣ내돈내산 찐리뷰 커...,https://cafe.naver.com/koarane,0,4,0,0,4,False
온라인 강의 수익,강의,5월 수암님 오늘님 온라인 강의 후기,"=================================== 벌써 5월 온라인 강의가 끝나고 6월 성동구 강의가 다가 오네요. 항상 느끼는... 그런 강의였던 것 같습니다. 수암님의 거점의 분석, 엄청나게 펑핑되는 거점의 수익 사례, 지구단위 재정비의...",http://cafe.naver.com/towngtx1/177473,서집달 - 대한민국 NO.1 도시계획 스터...,https://cafe.naver.com/towngtx1,0,4,0,0,4,False
온라인 강의 수익,강의,온라인 사업 아이디어 7가지 (초보도 가능한 온라인 창업),그래서 오늘은 초보도 시작할 수 있는 온라인 사업 아이디어부터 실제 수익 구조까지 한 번에... 온라인 강의 제작 6. 디지털 상품 판매 7. SNS 마케팅 사업 이처럼 온라인 사업은 다양한 방식으로 진행할 수 있습니다. 특히...,http://cafe.naver.com/koarane/434023,리얼리뷰 공유소ㅣ내돈내산 찐리뷰 커...,https://cafe.naver.com/koarane,0,4,0,0,4,False
온라인 강의 수익,강의,주식 온라인 강의 후기 입니다,"=================================== 로팸 된 후 처음 접하게 된 주식강의 차트 읽을 줄 몰라도, 연구위원 두분의 신호따라 매수&매도 만 했는데 벌써 수익이 났습니다!! 위시리치님,스테디맨님 두분이 시간을 쪼개고 쪼개 거의...",http://cafe.naver.com/towngtx1/223161,서집달 - 대한민국 NO.1 도시계획 스터...,https://cafe.naver.com/towngtx1,0,4,0,0,4,False
온라인 강의 수익,강의,부업으로 시작하는 온라인 세상,"다양한 수익 모델이 있다는 것도 알게 되었고, 그 중에서도 저에게 맞는 방법을 추천해 주었어요. 친구의 추천 덕분에 제가 원하는 부업의 방향성을 잡을 수 있었던 것 같아요. 결국, 친구가 추천한 온라인 강의를 듣기로...",http://cafe.naver.com/coolishz/785455,창사영2[창업사업영업아이템]소상공인...,https://cafe.naver.com/coolishz,0,6,0,2,4,False
온라인 강의 수익,강의,온라인마케팅교육 제대로 배우면 수익구조가 달라진다,"특히 실제 온라인에서 수익 내고 계신 분들이 강의해주니까 진짜 현실적인 팁이 많았구요 결국 저는 ‘실전형’ 유료 강의를 택했는데, 만족도는 200%였답니다ㅎㅎ ───────────────── [# SNS 마케팅이...",http://cafe.naver.com/koarane/39503,리얼리뷰 공유소ㅣ내돈내산 찐리뷰 커...,https://cafe.naver.com/koarane,0,4,0,0,4,False
온라인 강의 수익,강의,코스닥 150 레버리지 ETF 완벽 정리! 수익 구조와 투자 팁,"했는데 수익이 발생했다는 인증 글들도 꽤 많이 올라와 있더라구요. 놀라웠던 건 50대, 60대 분들도 쉽게 따라 할 수 있었다는 후기들이 많았다는 점이었습니다. 요즘 온라인 부업 강의들 보면 몇백만원씩 하는 경우도...",http://cafe.naver.com/koarane/424418,리얼리뷰 공유소ㅣ내돈내산 찐리뷰 커...,https://cafe.naver.com/koarane,0,8,0,0,8,False
온라인 강의 수익,강의,회계관리2급온라인강의로 비전공자도 단기합격,"회계관리2급온라인강의를 통한 준비 방법을 정리해보려고 합니다 회계관리2급이란? 회계관리2급은... 자산·부채·자본·수익·비용 같은 계정과목부터 재무상태표와 손익계산서의 구조, 회계의 순환 과정까지...",http://cafe.naver.com/hotengnet/974402,"취준생★스펙뽀개기★연봉,인적성,이력...",https://cafe.naver.com/hotengnet,0,4,0,0,4,False
온라인 강의 수익,블로그,[ 직장인 부업 추천] 월급 외 수익 만드는 현실적인 방법 5가지,블로그·브런치 수익화 – 글쓰기 부업 ✅ 특징: 글과 사진을 콘텐츠로 만들어 광고 수익 창출 ✅ 장점... 온라인 강의 제작 – 지식 판매 부업 ✅ 특징: PPT·엑셀·디자인·외국어·악기 등 나만의 재능을 강의로 제작...,http://cafe.naver.com/mkas1/1825333,행복재테크ㅣ부동산 투자 경매 창업 직...,https://cafe.naver.com/mkas1,0,10,0,2,8,False
온라인 강의 수익,강의,2026년 취업에 도움되는 민간자격증 순위 ｜ 미래에도 살아남는 유망 직업 준비법,"탄탄한 경력 단절 탈출 비법과 현실적인 수익 구조까지 제가 전부 알려드리겠습니다. 2026년 취업에 도움되는... 병원동행매니저 온라인강의를 통해 집에서도 충분히 전문 지식을 쌓을 수 있고, 병원동행매니저 자격증...",http://cafe.naver.com/lolkor/31307325,리그오브레전드 한국커뮤니티 - LoLKo...,https://cafe.naver.com/lolkor,0,4,0,0,4,False
온라인 강의 수익,강의,21기 온라인 강의 / 졸업반 신청 안내,조금 아쉬운 건 120명까지 밖에 받을 수 없다는 것인데데 (현재 137명 신청) 온라인을 오픈할 수 없는 강의이... 현재 바로 진행할 수 있는 현금이 5억이상 있어야 하고 최근 월 수익이 최소 3천만원 이상 유지되어야만...,http://cafe.naver.com/ninttenddo/138568,엠타트업 [자본주의에서 자유인으로 살...,https://cafe.naver.com/ninttenddo,0,4,0,0,4,False
온라인 강의 수익,강의,돈벌기 실험: 예상과 다른 결과에 대한 이야기,"내가 시도한 것은 온라인 강의를 만드는 일이었다. 처음 2주 동안은 강의 제작에 약 30시간을 투자했고, 그 후에 플랫폼에 올렸다. 결론적으로 첫 달 수익은 50,000원이었다. 많은 시간과 노력을 들였지만 결과는 미미했다....",http://cafe.naver.com/iypc/6641,인생현실생존 인증/루틴/챌린지/수익/...,https://cafe.naver.com/iypc,0,6,0,0,6,False
온라인 강의 수익,강의,부동산 경매 학원 서울 실무 중심 강의 비교법,많은 분이 새로운 수익 창출을 위해 재테크를 결심하지만 정작 어디서 배울지가 고민이죠. 특히 부동산 경매... 머니플랜은 합리적인 가격으로 전문 강의를 제공하는 온라인 플랫폼으로 경매의 문턱을 낮췄답니다. 권민선...,http://cafe.naver.com/bluesail/14554,"에듀위키 eduwiki - 입시,대학정보,국...",https://cafe.naver.com/bluesail,0,4,0,0,4,False
온라인 강의 수익,강의,마더님 온라인 강의 백마진 적립편 실습 후기!,"타오바오 적응, 제노님 교육에 마더님의 실전 온라인 강의까지 정신없고 새로운 세계의 연속인... 금화 3,743개 = 37.43위안 = 8,235원 앞으로 잘 배워서 수익도 얻고 마진도 챙기고 우리모두 잘 해보아요~",http://cafe.naver.com/travelceo/59647,일하며 여행하는 CEO - 해외구매대행/...,https://cafe.naver.com/travelceo,0,4,0,0,4,False
온라인 강의 수익,스마트스토어,스마트스토어창업 제대로 배우면 수익이 저절로 나올까요?,"스마트스토어창업 제대로 배우면 수익이 저절로 나올까요?... 디지털 상품: 온라인 강의, 콘텐츠 판매 4. 자동화 판매: AI와 시스템을 활용한 반복 매출 5. 해외 직구 연계 판매: 1688, 알리바바 등 후기에서는 초보자도 작은...",http://cafe.naver.com/koarane/363839,리얼리뷰 공유소ㅣ내돈내산 찐리뷰 커...,https://cafe.naver.com/koarane,0,10,0,0,10,False
온라인 강의 수익,유튜브,나도 온라인강의로 수익낸다는 말에 혹해서 시작했는데 쉽지 않네요ㅠㅠ,나도 온라인강의로 수익낸다는 말에 혹해서 시작했는데 쉽지 않네요ㅠㅠ 요즘 유튜브나 블로그 보면 다들 온라인강의로 돈 번다고 하잖아요. 처음엔 저도 “어? 나도 할 수 있겠는데?” 싶었거든요. 그래서 야심차게 콘텐츠...,http://cafe.naver.com/koarane/154170,리얼리뷰 공유소ㅣ내돈내산 찐리뷰 커...,https://cafe.naver.com/koarane,0,10,0,0,10,False
온라인 강의 수익,강의,40대 후반 아재의 8기 압축성장프로젝트 30일 후기 (+1000만원 달성 수익인증),정규과정 시작 전에 온라인 강의 숙지가 과제로 있었는데 결코 만만하지 않았습니다. 특히 실습이 필요한... 이제는 DB 접수뿐 아니라 수익을 내는 것이 중요했습니다. 2주차가 되니 광고비도 적지 않게 지출이 되었는데...,http://cafe.naver.com/biuy/4897,"자면서 돈버는 사람들-제휴마케팅,애드...",https://cafe.naver.com/biuy,0,4,0,0,4,False
온라인 강의 수익,강의,방금 온라인 강의 들었어요,com/o/gpFx09bh (숏폼 브랜딩 연구소) 1) 닉네임 : 으쓱으쓱 어피치 아까 온라인강의때 들어간 채팅방... 4) 현재 수익 : 없음 5) 목표 수익 : 월3백만 6) 거주 지역 : (**시까지) : 충남 아산시 7) 마지막으로 하고 싶은 말 :,http://cafe.naver.com/dinohighclass/51138,디지털노마드 하이클래스 - 디하클 (유...,https://cafe.naver.com/dinohighclass,0,4,0,0,4,False
온라인 강의 수익,강의,마케팅강의 듣고 나서 단 2주 만에 생긴 놀라운 변화,"진짜 실전 중심 강의는 다릅니다. 지금 제 주변에도 같이 들은 분들이 온라인수익 내고 있어서 같이 공부하면서 성장하는 재미까지 있더라구요! ───────────────── [# 마케팅강의, 누구에게 필요할까?]...",http://cafe.naver.com/koarane/148763,리얼리뷰 공유소ㅣ내돈내산 찐리뷰 커...,https://cafe.naver.com/koarane,0,4,0,0,4,False
온라인 강의 수익,스마트스토어,디지털노마드 진짜 가능할까? 수익구조 공개,"대표적으로는 블로그 애드센스, 유튜브 수익, 온라인강의, 전자책 판매, 쇼핑몰 운영, 프리랜서 일 등이 있죠. 그리고 요즘은 챗GPT나 AI를 활용한 자동화 시스템도 많이 활용하고 있어요. 저 같은 경우엔 블로그와 챗GPT를...",http://cafe.naver.com/koarane/127661,리얼리뷰 공유소ㅣ내돈내산 찐리뷰 커...,https://cafe.naver.com/koarane,0,10,0,0,10,False
온라인 강의 수익,강의,"스포츠테이핑지도사 자격증 온라인취득, 운동하는 직장인들을 위한 인생 건강 치트키","✔ 단순한 취미를 넘어 이 지식을 통해 누군가에게 도움을 주고 수익까지 창출할 수 있는... 이론부터 실습 영상까지 체계적으로 구성된 스포츠테이핑지도사 자격증 온라인강의를 통해, 내가 원하는 시간에 반복해서...",http://cafe.naver.com/lolkor/31301178,리그오브레전드 한국커뮤니티 - LoLKo...,https://cafe.naver.com/lolkor,0,4,0,0,4,False
온라인 강의 수익,강의,[해외구매대행 정규강의 3주차 후기] 나도 온라인에 수익파이프라인 추가해보자~!!,"매 주차별 강의 내용을 상세하게 잘 만드셔서 ^^ 잘 따라가서 지금까지 왔네요. 이 시스템이 익숙해지면, 상대적으로 적은 노력과 시간으로 큰 수익을 남길 수 있으니 온라인 수익의 파이프 라인으로 잘 만들어봐야겠네요...",http://cafe.naver.com/changeyoureverything/34640,라이프체인징,https://cafe.naver.com/changeyoureverything,0,4,0,0,4,False
온라인 강의 수익,강의,인터넷으로 시작하는 투잡 아이디어,"그러던 중 우연히 친구가 인터넷으로 수익을 내는 방법에 대해 얘기해줬어요. 처음엔 반신반의했는데, 친구의 이야기를 듣고 조금씩 흥미가 생기더라고요. 그 후로 여러 정보를 찾아보던 중에 한 온라인 강의를 발견했어요....",http://cafe.naver.com/coolishz/780310,창사영2[창업사업영업아이템]소상공인...,https://cafe.naver.com/coolishz,0,6,0,0,6,False
온라인 강의 수익,블로그,챗GPT프롬프트 잘 쓰는 사람이 수익도 잘 낸다,"요즘은 블로그 글 작성, SNS 홍보, 심지어 온라인 강의 콘텐츠까지 프롬프트만 잘 설정하면 시간 대비 효율이 장난 아니래요ㅎㅎ ───────────────── [# 프롬프트 잘 쓰면 수익이 진짜 난다고?] 사실...",http://cafe.naver.com/koarane/85735,리얼리뷰 공유소ㅣ내돈내산 찐리뷰 커...,https://cafe.naver.com/koarane,0,8,0,0,8,False
온라인 강의 수익,강의,"경단녀에서 전문가로, 플로리스트 자격증 온라인 취득방법 꼼꼼하게 정리해 드립니다",이제는 예전처럼 화원을 운영해야만 수익이 나는 시대가 아니라는 점을 꼭 기억하셨으면 좋겠어요.... 하지만 최근의 플로리스트 온라인강의 시스템은 실제 현장에서 사용하는 기법을 초고화질 영상으로 제공하기 때문에...,http://cafe.naver.com/ungsangstory/1369535,웅상이야기,https://cafe.naver.com/ungsangstory,0,4,0,0,4,False
온라인 강의 수익,강의,"온라인강의로 수익을 낼 수 있다는 말, 진짜 가능한가요?","요즘 부업이나 재택근무 관련해서 이것저것 알아보는데, 온라인강의라는 단어가 진짜 자주 보이더라구요.... 관련해서 강의안을 만들어 본 적은 있거든요. 근데 이걸 수익화한다는 게... 생각보다 쉽지는 않더라구요....",http://cafe.naver.com/koarane/261382,리얼리뷰 공유소ㅣ내돈내산 찐리뷰 커...,https://cafe.naver.com/koarane,0,8,0,0,8,False
온라인 강의 수익,유튜브,"출퇴근 없이, 여행하듯 일하며 수익도 창출하는 디지털노마드의 세계를 소개할게요!","유튜브 쇼츠 수익 / 숏폼 콘텐츠 5. 전자책 & 온라인 강의 제작 특히 3,4,5번은 초기 자본 없이도 가능한 직업이라서 직장인들이 부업으로 많이 시작하고 있어요. 하루 1시간 정도 투자로 가능하다는 점에서, 진입장벽도...",http://cafe.naver.com/koarane/360529,리얼리뷰 공유소ㅣ내돈내산 찐리뷰 커...,https://cafe.naver.com/koarane,0,12,0,0,12,False
온라인 강의 수익,블로그,릴스만들기 하나로 수익내는 구조가 있다던데요 ㅎㅎ,"가능합니다♀️] 릴스 올리면 바로 돈 되는 건 아니지만, *릴스를 통해 사람을 끌고* 그 이후에 연결되는 구조를 만들면 충분히 수익화가 가능해요. 예를 들면, 본인 상품 판매 / 블로그 유입 / 온라인 강의 유도 / 협찬...",http://cafe.naver.com/koarane/335084,리얼리뷰 공유소ㅣ내돈내산 찐리뷰 커...,https://cafe.naver.com/koarane,0,6,0,0,6,False
온라인 강의 수익,강의,"금 트레이딩 기록, 온라인강의 공부 계획",(무조건 국내금에 투자하시려면 금현물 계좌를 만들어서 하시길..) 그래서 수익을 봤는데 세금으로 너무... 아직 카페에 대해 잘은 몰라서 더 알아보고 카페에 좋은 강의가 있는 것 같은데 시간이 된다면 강의들도...,http://cafe.naver.com/songspread/7859,미국주식 퀀트투자,https://cafe.naver.com/songspread,0,6,0,0,6,False
온라인 강의 수익,강의,온라인마케팅교육 받으면 진짜 온라인부업으로 수익 날 수 있을까요?,"돈만 날릴까봐 걱정이 되네요ㅠㅠ 예전에 한번 SNS 마케팅 강의 들어봤는데, 막상 실전에선 써먹기 어렵더라구요. 그땐 그냥 유행 따라간 느낌이었달까... 이번엔 진짜 제대로 배워서 온라인으로 수익을 내보고 싶은데...",http://cafe.naver.com/koarane/355207,리얼리뷰 공유소ㅣ내돈내산 찐리뷰 커...,https://cafe.naver.com/koarane,0,6,0,0,6,False
온라인 강의 수익,강의,국민내일배움카드 혜택 생각보다 엄청나네요.. 직접 알아본 후기!,국민내일배움카드는 온라인 강의도 들을 수 있나요? 네! 요즘은 비대면 온라인 강의도 정말 다양하게... 어떤 강의를 선택해야 할지 고민돼요! 요즘은 단순 자격증보다 실무형 과정이나 수익화 가능한 분야를 많이...,http://cafe.naver.com/uouv96/9779,오늘도 달린다 ㅣ영업·창업·부업 ㅣ...,https://cafe.naver.com/uouv96,0,4,0,0,4,False
온라인 강의 수익,강의,3시간만에 국내주식으로 월100 버는법 공유(+수익인증),"8월까지 수익입니다. 위 수익인증에는 부연설명이 필요할 거 같아 부연설명을 해보겠습니다. 제가... (기존에는 오프라인 강연만 계획에 있었으나, 온라인 강의를 열어달라는 분들이 많으셔서 ZOOM강의도 하게...",http://cafe.naver.com/findingfinancialfree/96152,경제적 자유를 찾아서,https://cafe.naver.com/findingfinancialfree,0,4,0,0,4,False
온라인 강의 수익,강의,사업자등록 방법 총정리! 온라인 신청부터 준비서류까지,"초기비용 없이 시작 가능하다는 점이 가장 큰 장점이고, 요즘 몇백만원씩 하는 부업 강의와 비교하면 부담이 전혀 없습니다. 사업을 시작하시는 분이라면 이런 온라인 수익 구조도 함께 배워두면 정말 든든할 것 같아요....",http://cafe.naver.com/koarane/409699,리얼리뷰 공유소ㅣ내돈내산 찐리뷰 커...,https://cafe.naver.com/koarane,0,8,0,0,8,False
온라인 강의 수익,강의,"카라반: 의심으로 시작해 확신으로 끝난 강의, “사주를 몰라도 수익 구조를 만든다”는 말의 진짜 의미","요즘 AI 자동화, N잡 이야기가 넘쳐나는 시대에 ‘사주 자동화로 수익을 만든다’는 말은 어딘가 익숙한... 이 강의는 단순히 사주를 알려주는 강의가 아니라, 온라인에서 어떻게 팔리는 구조를 만들 것인가를 알려준...",http://cafe.naver.com/dinohighclass/271340,디지털노마드 하이클래스 - 디하클 (유...,https://cafe.naver.com/dinohighclass,0,6,0,0,6,False
온라인 강의 수익,강의,3월반 차밍슬 3회차 온라인 강의 유혜미,꿀팁 + 수익 시뮬레이션 엑셀 주신 것도 신기했는데 지피티로 인테리어 구성을 짜준다는게 단순히 감으로... 막연했던 인테리어 방향이 점점 구체화되는 느낌이라 역시나 만족스럽고 알찬 온라인 강의입니다 그리고 원래...,http://cafe.naver.com/roisonline075/3839,"뒤처지는 마케팅 : 부업,전업,투잡,마...",https://cafe.naver.com/roisonline075,0,4,0,0,4,False
온라인 강의 수익,스마트스토어,"온라인 투잡 추천 BEST 5, 수익 구조까지 솔직 분석",그래서 오늘은 온라인 투잡 추천 BEST 5를 수익 구조까지 솔직하게 정리해드릴게요! ### 1️⃣ 스마트스토어... ### 5️⃣ 온라인 강의 & 정보 판매 특정 분야에 전문성이 있다면 충분히 가능한 모델입니다. 최근에는 소규모...,http://cafe.naver.com/koarane/403953,리얼리뷰 공유소ㅣ내돈내산 찐리뷰 커...,https://cafe.naver.com/koarane,0,8,0,2,6,False
온라인 강의 수익,강의,요즘 돈되는취미로 월급 외 수익까지 챙기는 사람들 많더라구요,"그다음에는 툴이나 방법을 익히고, 수익화 루트를 정하는 거예요. 요즘은 온라인 강의도 많고, 챗gpt 같은 도구 덕분에 훨씬 쉬워졌어요. 뭐든 한 번 해보면, 다음엔 더 쉬워져요. 그게 핵심이에요 진짜....",http://cafe.naver.com/koarane/330919,리얼리뷰 공유소ㅣ내돈내산 찐리뷰 커...,https://cafe.naver.com/koarane,0,4,0,0,4,False
온라인 강의 수익,강의,"[정규강의] 내가 ""졸업반"" 까지 올 수 있었던 이유","그 날 밤을 새서 엠군리스트 영상을 처음 부터 다 보고 카페에 가입해서 수익인증 글 부터 모든 글들을 읽기 시작했다. 그리고 엠타트업 사이트에 들어갔더니 18기 온라인 강의 가격이 ""550만원"" 그 때 당시에 나는 학자금...",http://cafe.naver.com/ninttenddo/140332,엠타트업 [자본주의에서 자유인으로 살...,https://cafe.naver.com/ninttenddo,0,4,0,0,4,False
온라인 강의 수익,강의,"은퇴 후 가장 추천하는 병원동행매니저자격증 취득방법, 인생 2막 시작","자격 요건부터 수익까지 정리했으니 평생 직업의 기회를 꼭 잡으세요. 은퇴 후 가장 추천하는... 특히 병원동행매니저 온라인강의는 반복해서 볼 수 있어서 시니어분들이 이해하시기에 정말 안성맞춤이랍니다. 셋째, 자격...",http://cafe.naver.com/moms1004/1826469,검단/검단신도시맘/검암맘/인천맘/너나...,https://cafe.naver.com/moms1004,0,4,0,2,2,False
온라인 강의 수익,강의,"[ 중요공지 ] 리셀스캐너 활용 능력 "" 온라인 사입 삼촌 "" 설명회 강의 접수","이번에 저희 리셀스캐너에서 위 포스터 내용과 같이 저희 리셀스캐너에서 일반 리셀 사업자들도 수익활동을 할 수 있는 "" 온라인 사입삼촌 ""에 대한 설명회 성격의 강의를 진행합니다. 사실 이런 강의를 다른...",http://cafe.naver.com/resellscanner/1337,●리셀스캐너● 브랜드유통 명품 리셀...,https://cafe.naver.com/resellscanner,0,4,0,0,4,False
온라인 강의 수익,강의,독서지도사자격증 취득 후 수익 활동 후기 알려드림,"그래서 큰맘먹고 공부를 시작했고, 지금은 작게나마 수익도 발생하고 있어요 오늘은 그 후기를 진짜... 특히나 요즘은 온라인 강의나 줌 독서지도 수업도 많아졌어요 오프라인뿐 아니라 집에서도 활동할 수 있는 게 너무...",http://cafe.naver.com/koarane/202050,리얼리뷰 공유소ㅣ내돈내산 찐리뷰 커...,https://cafe.naver.com/koarane,0,4,0,0,4,False
온라인 강의 수익,스마트스토어,인기부업 2026년 현실 총정리 | 시니어도 할 수 있는 부업 BEST 5,"재능판매, 온라인 강의 중간 커머스형 쿠팡파트너스, 스마트스토어 낮음~중간 현장형 행사 도우미, 시험... 협찬 ✔️ 온라인 설문 — 스마트폰으로 간단하게 ✔️ 네이버 카페 글쓰기 — 이 카페처럼 글을 쓰며 수익...",http://cafe.naver.com/eovhskfktmak/6804,4050 우리들의 두번째 시작[은퇴 국민...,https://cafe.naver.com/eovhskfktmak,0,10,0,0,10,False
온라인 강의 수익,강의,"여자 직업 종류, 현실적인 직업 선택부터 수익·스킬까지 정리했어요","여자 직업 종류, 현실적인 직업 선택부터 수익·스킬까지 정리했어요 요즘 “여자직업종류”라고만 보면... 강사, 온라인 강의 → 시간이 자유롭고 재택/시간제 가능 ✔︎ **간호/보건/돌봄 서비스** – 간호조무사, 요양...",http://cafe.naver.com/koarane/236665,리얼리뷰 공유소ㅣ내돈내산 찐리뷰 커...,https://cafe.naver.com/koarane,0,6,0,0,6,False
온라인 강의 수익,유튜브,2024년 12월 마감 및 2025년 1월 수익인증 느낀점,"V3.0 tqqq, soxl 1월 무한매수 실현수익 >> 5,198,338 원 작년부터 진행한 잠재수익 >> 630만 기존 키움에서 메리츠로 이사하고, 유튜브구독하다가 네프콘으로 이동, 라오어님 오프강의참여, 온라인강의복습.. 연말부터 연초...",http://cafe.naver.com/infinitebuying/68233,라오어 미국주식 무한매수법 & 밸류리...,https://cafe.naver.com/infinitebuying,0,6,0,0,6,False
온라인 강의 수익,강의,2026 국민내일배움카드 혜택 총정리,특히 온라인 강의도 많아서 직장인들이 퇴근 후 집에서 듣기 좋다는 후기가 정말 많더라구요. 그리고 단순 자격증보다는 실제 수익이나 실무 활용 가능한 교육들이 인기가 높은 분위기였습니다. 요즘 시대에는 이런 실무...,http://cafe.naver.com/cafemakecafebest/36006,세상모든꿀팁 ㅣ영업·창업·부업·투...,https://cafe.naver.com/cafemakecafebest,0,4,0,0,4,False
온라인 강의 수익,강의,"인생을 바꾸는 경매 강의, 첫 시작은 엑시트 CLASS","그런 제게 새로운 방향을 제시해 준 것이 바로 송사무장님의 책 「EXIT」였고, 책을 읽은 후 온라인 강의인... 현금 흐름을 관리하고, 소득을 자산으로 전환하며, 자산에서 또 다른 수익이 발생하도록 만드는 것이 바로 부의...",http://cafe.naver.com/mkas1/1849542,행복재테크ㅣ부동산 투자 경매 창업 직...,https://cafe.naver.com/mkas1,0,4,0,0,4,False
온라인 강의 수익,강의,온라인 강의 후기,"온라인 강의 들으면서 느낀점 있어서 글을 써봅니다.^^ 영셀님 강의이전에 , 그림 부업 , 스마트 스토어... 영셀님 강의가 처음이네요 ~~ 제가 좀 손도 엄청 느리고 이해하는 부분도 좀 더디고 수익이라고 할것도 당장은 넘...",http://cafe.naver.com/roisonline075/2570,"뒤처지는 마케팅 : 부업,전업,투잡,마...",https://cafe.naver.com/roisonline075,0,6,0,0,6,False
온라인 강의 수익,강의,75기 부동산강의 1주차 온라인강의 후기,"75기 부동산경매 온라인 강의 1주차 후기 납깁니다. 지방에 사는 3세 아기를 키우는 육아맘이라 오프라인... 있는 것 같아요 감사합니다. 올해 잘따라가서 단기매매로 수익도 올리고, 임대수입 100만원 만드는게 목표입니다!!",http://cafe.naver.com/mkjournal/157931,대장TV,https://cafe.naver.com/mkjournal,0,4,0,0,4,False
온라인 강의 수익,강의,"베이비시터교육, 집에서 시작해도 수익 만들 수 있다고요","육아하면서도 수익을 만들고 싶은 분들께 꼭 도움이 되었으면 해요. ───────────────── [# 베이비시터교육, 준비는 이렇게] 가장 먼저 교육을 제공하는 기관이나 온라인 강의를 확인해야 해요. 저는...",http://cafe.naver.com/koarane/248856,리얼리뷰 공유소ㅣ내돈내산 찐리뷰 커...,https://cafe.naver.com/koarane,0,4,0,0,4,False
온라인 강의 수익,강의,제 온라인 강의 이야기와 2월 실강이야기,실강과 온라인 강의는 차이점이 명확합니다 온라인 강의는 끝까지 못듣고 끝날수 있지요. ㅎㅎ 물론 제... 투자수익을 모두 거두시게 되시길 기원해 드립니...,http://cafe.naver.com/vilab/224906,가치투자연구소,https://cafe.naver.com/vilab,0,6,0,0,6,False
온라인 강의 수익,강의,팔콘쌤의 4488임장체크리스트!를 대공개하신~최고의 온라인강의 3주차후기~^^,그것!!!^^ 8초 권리분석 ㅎㅎㅎ [굳이 어려운 물건을 하지 않고도 수익을 내는 법]을 알려주시는 팔콘쌤의... 정말 좋은 강의 열정적으로 해주셔서 감사드립니다~!!^^ 온라인경매실전반 파이팅입니다~!! 이렇게 멋진 강의...,http://cafe.naver.com/mkas1/930647,행복재테크ㅣ부동산 투자 경매 창업 직...,https://cafe.naver.com/mkas1,0,4,0,0,4,False
온라인 강의 수익,강의,친구가 보험자격증 따고 부업으로 시작했는데 수익 꽤 짭짤하다네요~,"그래서 오늘은 보험자격증 관련 정보부터 실질적인 수익 방법까지 한 번 정리해봤어요. 자격증 따는 방법... KIDI(보험개발원)에서 온라인 강의와 시험까지 진행되니까, 집에서도 가능하구요. 자격증 시험은 객관식이고...",http://cafe.naver.com/koarane/336174,리얼리뷰 공유소ㅣ내돈내산 찐리뷰 커...,https://cafe.naver.com/koarane,0,6,0,0,6,False
온라인 강의 수익,강의,SNS마케팅전문가자격증으로 월천 수익까지 가능하다고?!,"SNS마케팅전문가자격증으로 월천 수익까지 가능하다고?! 혹시 SNS마케팅전문가자격증 들어본 적 있으세요?... 온라인 강의 괜찮을까? 솔직히 저도 학원 갈 시간은 없었어요ㅠ 그래서 온라인 강의로 들었는데, 생각보다...",http://cafe.naver.com/koarane/91896,리얼리뷰 공유소ㅣ내돈내산 찐리뷰 커...,https://cafe.naver.com/koarane,0,4,0,0,4,False
온라인 강의 수익,강의,"요즘 뜨는 재택부업 추천, 스마트폰 하나로 가능한 부업은?","알려줘서 온라인부업 처음 하는 분들도 부담이 적다고 하더라구요. 실제 카페 보면 수익인증 후기도 계속 올라오고 있고, 50대~60대 분들도 따라하고 있다는 후기들이 꽤 많아서 신뢰가 갔어요. 요즘 부업강의들 몇백만원씩...",http://cafe.naver.com/uouv96/6485,오늘도 달린다 ㅣ영업·창업·부업 ㅣ...,https://cafe.naver.com/uouv96,0,8,0,2,6,False
온라인 강의 수익,강의,대만 경제 성장률 10% 가능했던 진짜 이유… 반도체만으로 설명 안됩니다,"그래서인지 요즘은 일반 사람들도 AI 활용이나 온라인 수익 구조에 관심 가지는 경우가 정말 많아진... 첫 수익 발생했다는 인증글도 꽤 많이 보이더라구요. 요즘 부업강의들은 몇백만원씩 하는 경우도 많은데, 온네스는...",http://cafe.naver.com/koarane/568206,리얼리뷰 공유소ㅣ내돈내산 찐리뷰 커...,https://cafe.naver.com/koarane,0,6,0,0,6,False
온라인 강의 수익,블로그,-요즘 네이버블로그 수익으로 투잡하는 사람들 왜 이렇게 많을까?,"아니면 아예 온라인강의로 배우는 사람들도 많고요. 요즘은 팀으로 운영하거나, 마케팅 플랫폼과 협업해서 하는 경우도 많더라구요. 혼자보단 함께하면 더 빨리 수익이 나긴 함ㅎㅎ...",http://cafe.naver.com/koarane/340333,리얼리뷰 공유소ㅣ내돈내산 찐리뷰 커...,https://cafe.naver.com/koarane,0,8,0,0,8,False
온라인 강의 수익,강의,요즘 사람들이 현실적으로 돈버는법 찾는 이유 알려드릴게요!,"특히 최근에는 재택으로 가능한 온라인 수익 방법들이 다양해지면서 초보자들도 쉽게 시작하는 분위기인 것... 처음에는 그냥 흔한 부업강의 아닐까 싶었는데, 실제로 보니까 초보자 기준으로 정말 쉽게...",http://cafe.naver.com/uouv96/7976,오늘도 달린다 ㅣ영업·창업·부업 ㅣ...,https://cafe.naver.com/uouv96,0,8,0,0,8,False
온라인 강의 수익,블로그,"초보블로거, 네이버메인에서부터 강의로 수익을 내기까지 - 온라인 강의에 도전하다","하지만 이번 경험을 통해 ""블로그 수익화, 그 중 ""온라인 강의"" 라는 돈주고도 못살 경험을 한거는 사실인거 같아요. 실제로 통장에도 돈이 찍혔으니까요^^ 네이버 리빙 메인에 처음 올라봐서 잘 모르겠지만, 네이버...",http://cafe.naver.com/mkas1/69965,행복재테크ㅣ부동산 투자 경매 공부 창...,https://cafe.naver.com/mkas1,0,6,0,0,6,False
온라인 강의 수익,강의,강의 자료 PPT 제작 부업 하면서 N잡러 되는 법 알려드림,"요즘 온라인 강의나 교육 플랫폼이 많아지면서 외주 수요 완전 많아졌음. 강사님들 바쁘니까 “대충이라도... 세상 좋아짐ㅋ ───────────────── [* 수익은 리얼 얼마냐고?] 한 건당 최소 3만원, 많으면...",http://cafe.naver.com/koarane/197611,리얼리뷰 공유소ㅣ내돈내산 찐리뷰 커...,https://cafe.naver.com/koarane,0,8,0,0,8,False
온라인 강의 수익,유튜브,디지털노마드 현실적인 수익구조 알려드림,"예를 들어 블로그 글쓰기, 영상편집, 유튜브 운영, 번역, 온라인 강의 제작 등등 특히 요즘은 ‘자동화 시스템’까지 도입하면 일하는 시간은 줄이고 수익은 늘리는 구조도 가능하더라구요✨ 하루 1~2시간 투자로도...",http://cafe.naver.com/koarane/128620,리얼리뷰 공유소ㅣ내돈내산 찐리뷰 커...,https://cafe.naver.com/koarane,0,10,0,0,10,False
온라인 강의 수익,강의,"공부방창업으로 수익낸다는 말, 진짜 가능한 이야기일까?","아는 지인 중에 아이 키우면서 소소하게 시작했는데, 지금은 매달 수익이 고정적으로 들어온다고... 비용도 크게 안 들고, 온라인 강의로도 쉽게 딸 수 있어서 진입장벽이 낮은 편이에요. 아이를 다룰 줄 아는 엄마라면, 이...",http://cafe.naver.com/koarane/263949,리얼리뷰 공유소ㅣ내돈내산 찐리뷰 커...,https://cafe.naver.com/koarane,0,4,0,0,4,False
온라인 강의 수익,강의,"온라인 강의 창업, 지식을 수익으로 바꾸는 스마트한 선택","결론적으로, 온라인 강의 창업은 본인의 경험과 지식을 활용하여 수익화할 수 있는 매우 실용적인 창업 모델입니다. 초기 리스크가 적고, 반복 가능한 수익 구조를 만들 수 있으며, 개인 브랜딩에도 긍정적인 영향을 줍니다....",http://cafe.naver.com/didcjfgh11/1702,사장님 마인드,https://cafe.naver.com/didcjfgh11,0,4,0,0,4,False
온라인 강의 수익,강의,창업의 수익 구조 이해하기,"그 강의를 듣고 나서 많은 변화가 있었다고 하니, 저도 한 번 들어보자고 마음먹게 되었죠. 온라인으로... 전체적으로 '창업 수익 구조' 강의는 저에게 큰 도움이 되었습니다. 실제로 수익 구조에 대한 명확한 이해를...",http://cafe.naver.com/coolishz/774662,창사영2[창업사업영업아이템]소상공인...,https://cafe.naver.com/coolishz,0,4,0,0,4,False
온라인 강의 수익,강의,"산후관리사자격증, 취득 후 수익까지 걸린 시간은?","하면서 수익까지 연결된 생생한 후기 전해드릴게요! ───────────────── [# 경력단절... 요즘은 온라인 강의로도 산후관리사 교육을 받을 수 있거든요. 저는 아이 재우고 저녁에 강의 듣고, 한 달 정도...",http://cafe.naver.com/koarane/170820,리얼리뷰 공유소ㅣ내돈내산 찐리뷰 커...,https://cafe.naver.com/koarane,0,4,0,0,4,False
온라인 강의 수익,강의,"[서포터즈 후기(서류,면접tip 포함)] 행커라면 무조건 추천하는 행크 서포터즈!! 끊임없이 성장했던 4기 활...","행크 온라인 강의들.... 행복한 기억 중 몇개만 나열해도 서포터즈 지원 안할 이유가 없지않나요!?!? [행크... 월 2,3천 사업 수익을 벌어들이는 분들도 오시기에 이벤트 우선선발은 엄청난 메리트입니다 [<월급쟁이 강남 내집...",http://cafe.naver.com/mkas1/1942881,행복재테크ㅣ부동산 투자 경매 창업 직...,https://cafe.naver.com/mkas1,0,4,0,2,2,False
온라인 강의 수익,스마트스토어,"프리랜서직업종류, 이젠 재택으로도 수익 가능하다구!","요즘은 인스타릴스, 유튜브쇼츠, 블로그 콘텐츠 제작만 해도 수익이 나요. 2위는 “스마트스토어 운영대행” — 이건 쇼핑몰 운영 경험 있는 분들이 좋아하더라구요. 3위는 “온라인강의 제작” — 자기 전공이나 취미를...",http://cafe.naver.com/koarane/210499,리얼리뷰 공유소ㅣ내돈내산 찐리뷰 커...,https://cafe.naver.com/koarane,0,16,0,0,16,False
온라인 강의 수익,강의,오프같은 온라인강의!일타강사 팔콘쌤과의 만남~^^,자세히 여러가지를 답해주셨어요~ 대출시 수익을 어떤식으로 증빙해야 하나~ 어떤게 유리한지 이런것도... 나누고~ 온라인 강의라두!! 팔콘쌤이 오프수업 기회를 주시니~정말 좋았어요~❣️ 파이팅팔콘~쌤의 경매실전반...,http://cafe.naver.com/mkas1/969082,행복재테크ㅣ부동산 투자 경매 창업 직...,https://cafe.naver.com/mkas1,0,4,0,0,4,False
온라인 강의 수익,강의,[2303031 금] 부동산 경매 강의는 오프라인이 좋을까요 온라인이 좋을까요?,"우히히 여러분은 온라인강의를 더 선호하시나요, 오프라인 강의를 더 선호하시나요? 오늘은 ""부동산 경매... 예전에 우리들의 경험담을 읽다가, 어떤 회원분께서 이전에 들었던 강의의 강사님이 ""경매는 한물갔다. 수익내기...",http://cafe.naver.com/mkas1/1027105,행복재테크ㅣ부동산 투자 경매 창업 직...,https://cafe.naver.com/mkas1,0,4,0,0,4,False
온라인 강의 수익,강의,분양구인구직 수익도 좋고 일도 재밌다는데?,"그만큼 수익도 짭짤하다고 하니까… 솔깃할 수밖에요!ㅎㅎ 그래서 저도 요즘 이 “분양구인구직”이라는... 이런 준비부터!] 초보자 분들이라면, 관련된 온라인 강의나 오프라인 설명회부터 들어보는 걸 추천해요! 그리고...",http://cafe.naver.com/koarane/198551,리얼리뷰 공유소ㅣ내돈내산 찐리뷰 커...,https://cafe.naver.com/koarane,0,4,0,2,2,False
온라인 강의 수익,유튜브,디지털노마드 삶에 필요한 수익 파이프라인은?,"대표적으로는 유튜브, 블로그, 인스타그램 광고수익, 온라인강의, 해외구매대행 등등~ 그리고 요즘 가장 핫한 게 바로 **자동화 퍼널마케팅**이래요. 단순히 마케팅만 하는 게 아니라 시스템을 만들어두면 자동으로 수익이...",http://cafe.naver.com/koarane/169520,리얼리뷰 공유소ㅣ내돈내산 찐리뷰 커...,https://cafe.naver.com/koarane,0,8,0,0,8,False
온라인 강의 수익,유튜브,유튜브 조회수 수익 진짜 얼마일까? 현실적인 수치 알려드림!,"───────────────── ○ [조회수 수익 외에도 유튜브로 돈 버는 법이 더 많다!] 유튜브 수익 구조는 광고 외에도 진짜 다양해요. 예를 들면, 협찬, 상품 판매, 온라인 강의, 유료 멤버십, 후원 등등… 특히...",http://cafe.naver.com/koarane/340468,리얼리뷰 공유소ㅣ내돈내산 찐리뷰 커...,https://cafe.naver.com/koarane,0,6,0,0,6,False
온라인 강의 수익,배달,"쿠팡이츠배달파트너, 시간당 수익이 이렇게 된다고요?","무엇보다도, 이 강의 듣고 진짜 수익 낸 사람들 후기가 많다는 게 신뢰감을 주더라구요. ───────────────── 이 글 보고, 단순 배달만 하는 것보다 온라인 수익 루트도 뚫어보고 싶다구요? **지금이 딱 그...",http://cafe.naver.com/koarane/34135,리얼리뷰 공유소ㅣ내돈내산 찐리뷰 커...,https://cafe.naver.com/koarane,0,6,0,0,6,False
온라인 강의 수익,유튜브,유튜브수익? 말만 그럴듯하지 현실은 험난해요,"예를 들어 블로그 수익, 인스타 홍보, 온라인 강의 판매 등등… 근데 이 모든 게 수익으로 연결되려면 **전환 구조**가 있어야 되더라구요. 무턱대고 글 쓰고, 영상 올린다고 해서 자동으로 돈이 들어오는 건 아니니까요....",http://cafe.naver.com/koarane/143972,리얼리뷰 공유소ㅣ내돈내산 찐리뷰 커...,https://cafe.naver.com/koarane,0,8,0,0,8,False
온라인 강의 수익,블로그,온라인영업부업 투잡으로 괜찮을까?,특히 교육 쪽은 요즘 온라인강의 수요가 워낙 높아서 1건 소개만 해도 5만원 이상 수익 나는 경우도 많더라구요. 저도 교육 분야로 시작했는데 반응 좋았어요. 블로그나 인스타그램 계정 하나만 있으면 시작 가능!...,http://cafe.naver.com/koarane/244472,리얼리뷰 공유소ㅣ내돈내산 찐리뷰 커...,https://cafe.naver.com/koarane,0,10,0,0,10,False
온라인 강의 수익,강의,피부관리자격증으로 돈벌기! 현직자 수익공개해요~,"하면 수익 확실히 늘어요. 관리 1건당 5만원도 받을 수 있어서, 고정고객 생기면 수입 안정돼요 ───────────────── [피부관리자격증, 온라인으로도 가능할까?] 요즘 비대면 강의도 많아서 온라인으로...",http://cafe.naver.com/koarane/151160,리얼리뷰 공유소ㅣ내돈내산 찐리뷰 커...,https://cafe.naver.com/koarane,0,4,0,0,4,False
온라인 강의 수익,블로그,혼자하는일로 수익내는 사람들… 어떻게 하는 걸까용?,"오늘은 제가 직접 경험하고 주변에서 본 ‘혼자하는일’의 현실과 수익나는 구조를 솔직하게 공유해볼게요... 아침엔 SNS업로드, 점심엔 온라인강의 듣기, 저녁엔 블로그 업데이트! 이렇게 딱 정해두니까 훨씬...",http://cafe.naver.com/koarane/211687,리얼리뷰 공유소ㅣ내돈내산 찐리뷰 커...,https://cafe.naver.com/koarane,0,6,0,0,6,False
온라인 강의 수익,강의,한부장 쿠팡위탁 2기 강의후기 남깁니다.,총4주간의 줌강의를 듣고 나도 이제 나의 롤모델이었던 강사처럼 수익을 낼수있겠지 라는 기대를 하고 있었지만 모든 온라인교육이 끝나자 약속했던 1:1피드백은 지켜지지 않았습니다. 단순히 일방적으로 혼자 말하는...,http://cafe.naver.com/hbe502/40846,[러닝아넥스] 전효백 스마트스토어 위...,https://cafe.naver.com/hbe502,0,4,0,0,4,False
온라인 강의 수익,블로그,[쇼츠투벤츠 3기] 2채널 누적수익 1100만원 인증 (마이너스의 손 2달 만에 이룬 성과 ㄷㄷ),"공인중개사 강의 등등 코인.. 마진..주식.. 블로그.. 온라인셀러, 리셀러, 제품제작... , 상표등록만 2개 ㅋ... 할수없나봐 그러다 타업체 강의 쇼츠 하다가 수익창출 못하고 타강의 롱폼하다가 긴호흡에 성향과 맞지 않아...",http://cafe.naver.com/dinohighclass/262355,디지털노마드 하이클래스 - 디하클 (유...,https://cafe.naver.com/dinohighclass,0,6,0,0,6,False
온라인 강의 수익,강의,집수리창업 창업지원금부터 수익까지 전부~,"그래서 오늘은 집수리창업에 대해 창업지원금부터 실제 수익 구조, 그리고 제 경험까지 한 번 정리해보려... 그런데 요즘은 온라인 강의나 지역 기술교육센터 등에서 단기 속성 교육을 받을 수 있더군요. 2~4주 내외면...",http://cafe.naver.com/koarane/248184,리얼리뷰 공유소ㅣ내돈내산 찐리뷰 커...,https://cafe.naver.com/koarane,0,4,0,0,4,False
온라인 강의 수익,강의,자기계발과 수익을 동시에 챙길 수 있는 집에서의 부업,"활용해 온라인 강의를 개설하거나 개인 튜터로 활동할 수 있습니다. 이는 자신이 공부한 내용을 다시 정리하고, 다른 사람에게 가르치는 과정을 통해 깊이 있는 이해를 돕는 데 큰 도움이 됩니다. 또한, 수익을 올리는...",http://cafe.naver.com/story0081/1262,운세놀이터 - 접집 타로 신점 꿈해몽 ...,https://cafe.naver.com/story0081,0,6,0,0,6,False
온라인 강의 수익,강의,프리랜서직업종류 중 수익 잘 나는 건 따로 있음,온라인 강의 제작 – 수익형 강사 되기 *] 이건 제가 요즘 가장 관심 많은 분야인데요! 내가 잘하는 걸 영상이나 PDF로 만들어서 강의로 팔 수 있어요. 요즘엔 “클래스101”이나 “탈잉” 같은 플랫폼에 올리기만 해도...,http://cafe.naver.com/koarane/240241,리얼리뷰 공유소ㅣ내돈내산 찐리뷰 커...,https://cafe.naver.com/koarane,0,4,0,0,4,False
온라인 강의 수익,유튜브,패시브인컴 부자들이 말하는 수익 비밀,저도 처음엔 0원으로 시작했어요ㅎㅎ ───────────────── [# 패시브인컴의 현실적인 예시들] 1️⃣ 블로그 애드센스 수익 2️⃣ 유튜브 자동화 채널 3️⃣ 온라인 강의 판매 4️⃣ 퍼널 마케팅 시스템...,http://cafe.naver.com/koarane/109856,리얼리뷰 공유소ㅣ내돈내산 찐리뷰 커...,https://cafe.naver.com/koarane,0,8,0,0,8,False
온라인 강의 수익,강의,"사주운세부업, 시간 투자 대비 수익이 꽤 쏠쏠하대요","사주운세부업, 시간 투자 대비 수익이 꽤 쏠쏠하대요 혹시 요즘 부쩍, 부업에 관심 많아지신 분들 계세요?... 근데 찾아보니, 온라인 강의나 커뮤니티에서 기초부터 배울 수 있는 과정이 많더라구요ㅎㅎ 혼자서도 충분히...",http://cafe.naver.com/koarane/97102,리얼리뷰 공유소ㅣ내돈내산 찐리뷰 커...,https://cafe.naver.com/koarane,0,8,0,0,8,False
온라인 강의 수익,블로그,블로그강의 듣고 월수입 바뀐 이유가 뭘까?,블로그강의 듣고 월수입 바뀐 이유가 뭘까? 요즘 주변에서 블로그 수익화 얘기 많이 들리죠? 저도 처음엔... ───────────────── 사실 퍼널마케팅은 현존하는 온라인 수익 구조 중 전환율이 가장 높다고...,http://cafe.naver.com/koarane/73444,리얼리뷰 공유소ㅣ내돈내산 찐리뷰 커...,https://cafe.naver.com/koarane,0,6,0,0,6,False
온라인 강의 수익,강의,"2차 전지 산업, 요즘 뜨는 직업과 수익 구조!","2차 전지 산업, 요즘 뜨는 직업과 수익 구조! ───────────────── 최근 2차 전지 배터리... 취업 준비생은 관련 자격증, 온라인 강의, 현장 실습 등을 통해 경험을 쌓는 것이 좋습니다. 저도 주변에서...",http://cafe.naver.com/koarane/112583,리얼리뷰 공유소ㅣ내돈내산 찐리뷰 커...,https://cafe.naver.com/koarane,0,4,0,0,4,False
온라인 강의 수익,강의,요즘 뜨는 무자본 투잡 종류 직접 찾아본 후기,"분들이 온라인 수익구조 경험해보기에는 부담이 적어서 입문용으로 많 이들 시작한다고 하더라구요! 저도... 자동수익”, “짧은 시간으로 월천 가능” 같은 과장 광고는 정말 조심해야 한다고 해요. 대표적으로 고가 강의...",http://cafe.naver.com/cafemakecafebest/37458,세상모든꿀팁 ㅣ영업·창업·부업·투...,https://cafe.naver.com/cafemakecafebest,0,6,0,0,6,False
온라인 강의 수익,강의,단기알바추천 요즘은 하루 2시간도 수익 난다네요ㅋㅋ,"*] 단기알바도 그냥 막 하면 시간 낭비되고 수익도 별로 안 나요ㅠㅠ 제가 진짜 겪어봐서 아는데… 핵심은 ""어디서 배웠냐"", ""어떻게 시작했냐"" 이거더라구요! 그래서 저는 아예 처음부터 온라인 강의 하나 딱 정해서 쭉...",http://cafe.naver.com/koarane/66989,리얼리뷰 공유소ㅣ내돈내산 찐리뷰 커...,https://cafe.naver.com/koarane,0,4,0,2,2,False
온라인 강의 수익,유튜브,투자의 기초부터 시작하기,"할지, 수익은 얼마나 날지… 생각할수록 머리가 아프더라고요. 그래서 일단 유튜브나 블로그에서 정보들을 찾아봤지만, 너무 많은 정보가 있어서 오히려 혼란스러웠어요. 그러던 중, 우연히 SNS에서 '주식 투자 온라인 강의...",http://cafe.naver.com/coolishz/789008,창사영2[창업사업영업아이템]소상공인...,https://cafe.naver.com/coolishz,0,10,0,0,10,False
온라인 강의 수익,강의,"자동화수익 시스템, 솔직히 시작해보니 이렇게 되네요","───────────────── [ 활용 방법] 퍼널 마케팅과 결합하면, 온라인 강의, 상품 판매, 부업 등 다양한 분야에서 자동화수익 시스템을 적용할 수 있어요. 복사+붙여넣기만으로도 실제 수익이 발생하고...",http://cafe.naver.com/koarane/57006,리얼리뷰 공유소ㅣ내돈내산 찐리뷰 커...,https://cafe.naver.com/koarane,0,6,0,0,6,False
온라인 강의 수익,블로그,블로그재택알바 글쓰기수익 올리려면 꼭 알아야 할 것!,"제가 찾다가 알게 된 건데, 카페 마케팅을 중심으로 온라인 수익 만드는 법을 완전 A부터 Z까지 알려주는 강의래요. 특히 요즘 같은 시기에 ‘평생 써먹는 마케팅 스킬’ 배우는 게 진짜 큰 자산이잖아요....",http://cafe.naver.com/koarane/122770,리얼리뷰 공유소ㅣ내돈내산 찐리뷰 커...,https://cafe.naver.com/koarane,0,8,0,0,8,False
온라인 강의 수익,강의,온라인 강의 1강 후기,그 동안 편견에 사로잡혀서 오피 투자를 못하고 있엇는데 지난번 특강때 하신 말씀들이 동기부여가 되어서 온라인 강의를 듣게 되었습니다 오피스텔 투자에 관한 여러 선입견들이 실제로는 다르다는 것을...,http://cafe.naver.com/mjactionbusan/137470,엠제이 경매스쿨,https://cafe.naver.com/mjactionbusan,0,4,0,0,4,False
온라인 강의 수익,강의,[정규강의] 8주간의 자각기,"이번 21기 온라인 강의에서도 우리가 자본주의 생존을 위해 엠군님께 이식받은 수 많은 개념이 있었지만, 그... 지금 수익이 일시적인건지 아닌지, 앞으로 나는 어디까지 성장할 수 있는지, 알고있다고 생각했지만 사실은...",http://cafe.naver.com/ninttenddo/140324,엠타트업 [자본주의에서 자유인으로 살...,https://cafe.naver.com/ninttenddo,0,4,0,0,4,False
온라인 강의 수익,스마트스토어,디지털노마드 수익구조가 생각보다 더 대박이라구요,"저도 비슷한 꿈이 있어서… 이런 분위기 보면 좀 설레더라구요ㅎㅎ 디지털노마드의 대표적인 수익모델이 뭘까 컨텐츠 제작, 프리랜서 업무, 온라인 판매, 플랫폼 기반 수익, 강의 제작 같은 것들이 지금 가장 강세라고...",http://cafe.naver.com/koarane/221219,리얼리뷰 공유소ㅣ내돈내산 찐리뷰 커...,https://cafe.naver.com/koarane,0,6,0,0,6,False
온라인 강의 수익,강의,챗GPT강의로 부업이 될 수 있을까요?,"요즘 챗GPT 관련 강의 콘텐츠가 많던데, 저도 한번 제작해서 온라인강의 해볼까 고민중이에요. 예전에 영상편집 조금 했던 경험은 있어서, 만들어보는 건 가능할 것 같은데... 과연 수익이 나올지 모르겠어요. 돈을 벌어야...",http://cafe.naver.com/koarane/63072,리얼리뷰 공유소ㅣ내돈내산 찐리뷰 커...,https://cafe.naver.com/koarane,0,8,0,0,8,False
온라인 강의 수익,강의,오프라인 강의 다녀왔습니다~,사실 온라인 강의에서는 용적율 인센티브에 따라 수익이 얼마가 증가한다라고 했을때 뭐 그렇겠지....대단하네...이렇게 어렴풋하게 생각했었는데요 오늘 수암님이 반복해서 계산하는 과정을 보여주셔서 혼자서도...,http://cafe.naver.com/towngtx1/210873,서집달 - 대한민국 NO.1 도시계획 스터...,https://cafe.naver.com/towngtx1,0,4,0,0,4,False
온라인 강의 수익,강의,온라인강의로 월 300 버는 사람 진짜 많을까,"하루 30분 투자로 월 1,000만원 수익인증까지 한 자동화 퍼널시스템을 그대로 복제해 준다고 하네요~ 60대분들도 따라할 수 있는 챗gpt를 이용한 홍보방법까지 싹 다 교육해준다고 하니, 혹시 온라인강의로 수익 내고 싶거나...",http://cafe.naver.com/koarane/206432,리얼리뷰 공유소ㅣ내돈내산 찐리뷰 커...,https://cafe.naver.com/koarane,0,6,0,0,6,False
온라인 강의 수익,강의,실시간 상위노출 원데이클래스 후기 정리,me/GsBjZnit 안녕하세요 요즘 부업이나 디지털 수익 관심 가지는 분들 진짜 많아졌죠ㅎㅎ 특히 크몽이나... ───────────────── ■ 원데이클래스 장점 온라인 강의도 많지만 짧게 핵심만 배우고 싶은...,http://cafe.naver.com/cafemakecafebest/41172,세상모든꿀팁 ㅣ영업·창업·부업·투...,https://cafe.naver.com/cafemakecafebest,0,6,0,0,6,False
온라인 강의 수익,강의,"[부동산 교육] 수익과 안전, 모두 잡는 온라인 강의! (특가, 3만원)",1/12(토) 현장강의를 그대로 담은온라인 강의!,http://cafe.naver.com/rainup/1609277,아름다운 내집갖기,https://cafe.naver.com/rainup,0,4,0,0,4,False
온라인 강의 수익,강의,재택부업 추천! 초기비용 없이 시작하는 온라인 수익 방법,해서 수익을 만들었다는 후기들이 꽤 많더라구요. 복사 붙여넣기 방식으로 진행 가능해서 온라인 부업 입문용으로 정말 좋아 보였어요. 초기비용 없이 시작 가능하다는 점도 큰 장점이고요. 요즘 몇백만 원짜리 강의도...,http://cafe.naver.com/koarane/400546,리얼리뷰 공유소ㅣ내돈내산 찐리뷰 커...,https://cafe.naver.com/koarane,0,10,0,2,8,False
온라인 강의 수익,강의,"나의 주식 오디세이, 강의 속에 숨은 사금을 찾아라!","어느 순간 부터는 수익이 조금씩 나기 시작하더군요. 물론 다 시장이 좋아서 입니다. 저는 이번 스윙 아카데미를 끝내면, 한동안 눌림목 스윙에 집중할 생각입니다. 어느 정도 수준이 되면 다른 강의도 꼭 들어볼...",http://cafe.naver.com/toptrader7/507877,하승훈의 주식투자,https://cafe.naver.com/toptrader7,0,4,0,0,4,False
온라인 강의 수익,스마트스토어,여성창업지원센터에서 온라인창업 강의 듣고 있어요,"요즘 온라인창업에 관심이 많아서 여성창업지원센터에서 강의 듣고 있어요. 근데 막상 배워도 뭘 해야 할지... 블로그, 인스타, 스마트스토어 이런 것도 시도는 해봤는데 막상 수익으로 이어지진 않더라고요. 광고비만...",http://cafe.naver.com/koarane/44072,리얼리뷰 공유소ㅣ내돈내산 찐리뷰 커...,https://cafe.naver.com/koarane,0,8,0,0,8,False
온라인 강의 수익,유튜브,블로그재택알바로 진짜 수익 가능한가요?,"기반 수익까지 만들 수 있어요. 처음엔 세팅이 좀 헷갈리지만, 유튜브 튜토리얼이나 온라인 강의를 참고하면 어렵지 않아요! 진짜 시간 투자 대비 효율 괜찮은 편이에요ㅎㅎ ───────────────── [* 하루...",http://cafe.naver.com/koarane/72995,리얼리뷰 공유소ㅣ내돈내산 찐리뷰 커...,https://cafe.naver.com/koarane,0,12,0,0,12,False
온라인 강의 수익,강의,6월 주식 오프라인 강의 후기,"연구위원님들,운영자님들이 온라인 강의에서 알려주신 차트해석과 풀이,설명을 알아듣기까지 개인적으로... 주식강의를 듣는 목적을 잊지 말고 앞으로는 지침대로 잘 따라서 수익을 늘리자! 팍팍 늘리자! 는 다짐하며...",http://cafe.naver.com/towngtx1/223680,서집달 - 대한민국 NO.1 도시계획 스터...,https://cafe.naver.com/towngtx1,0,4,0,0,4,False
온라인 강의 수익,블로그,블로그강의 듣고 시작했는데 수익은 언제쯤 나올까요?,애 둘 키우면서 집에서 할 수 있는 부업 찾다가 블로그강의까지 듣게 됐는데요. 처음엔 글 몇개만 써도 금방... 그래서 이번엔 제대로 온라인으로 수익 만들어보고 싶어서 다시 마음 다잡는 중이에요. 아이들 어린이집...,http://cafe.naver.com/cafemakecafebest/31100,세상모든꿀팁 ㅣ영업·창업·부업·투...,https://cafe.naver.com/cafemakecafebest,0,8,0,0,8,False
온라인 강의 수익,강의,6월 주식강의 후기,"연구위원님 온라인 강의와 피드백 덕분에 편안한 마음으로 매매할 수 있었고 나름 유의미한 수익도 난 것 같습니다. 불철주야 노력하시는 서집달 연구위원님들, 6월도 고생 많으셨고 감사합니다!!!",http://cafe.naver.com/towngtx1/223609,서집달 - 대한민국 NO.1 도시계획 스터...,https://cafe.naver.com/towngtx1,0,4,0,0,4,False
온라인 강의 수익,강의,"병원동행매니저자격증 취득방법, 전망이 정말 밝을까요? 수요 급증하는 이유 분석",바쁜 일상 속에서도 충분히 준비하실 수 있도록 최근에는 병원동행매니저 온라인강의 시스템이 매우... 병원동행매니저 자격증 취업 전망과 현실적인 처우 많은 분들이 가장 궁금해하시는 부분이 아마도 수익과 직결된...,http://cafe.naver.com/moms1004/1827213,검단/검단신도시맘/검암맘/인천맘/너나...,https://cafe.naver.com/moms1004,0,4,0,2,2,False
온라인 강의 수익,강의,[서기 8기 발품8고 2백% 수익내조 세화리] 2주차 온라인 강의후기_할수있는 최선의 투자를 하자,양파링님 강의는 서울 전체적인 특징부터 지역별 특징을 나눠주시고 생활권별 특징까지 짚어주셔서 zoom out - zoom in은 이렇게 하는거구나! 라는 생각이 드는 강의였습니다!! 임보 쓸때 BM하면 좋을게 넘넘 많았습니다!...,http://cafe.naver.com/wecando7/10415749,월급쟁이부자들 (직장인 재테크 부동산...,https://cafe.naver.com/wecando7,0,6,0,0,6,False
온라인 강의 수익,강의,"고수익 창업업종, 무엇이 좋을까?","최근 몇 년간 경제가 불안정해지면서 고수익 창업업종에 대한 관심이 정말 높아졌어요. 저도 그 중 한... 그래서 바로 관련 책을 읽고, 온라인 강의 플랫폼을 찾아보면서 어떻게 시작할 수 있을지 고민하기 시작했습니다....",http://cafe.naver.com/coolishz/788047,창사영2[창업사업영업아이템]소상공인...,https://cafe.naver.com/coolishz,0,4,0,0,4,False
온라인 강의 수익,강의,온라인 강의로 100만원 도전,부동산 강의로 100만원 정말 찍어보고 싶습니다,http://cafe.naver.com/koarane/418589,리얼리뷰 공유소ㅣ내돈내산 찐리뷰 커...,https://cafe.naver.com/koarane,0,2,0,0,2,False
온라인 강의 수익,강의,"에어비앤비부업 수익구조, 나도 가능한지 체크해봤어요","저도 ‘이게 나한테도 가능할까?’ 싶어서 관심 갖게 됐는데요, 특히 직장 다니면서도 월세 수익처럼... 요즘은 온라인 강의로도 A부터 Z까지 다 알려주는 게 많더라구요. ‘운영대행해드립니다’ 같은 플랫폼도 생기고...",http://cafe.naver.com/koarane/246002,리얼리뷰 공유소ㅣ내돈내산 찐리뷰 커...,https://cafe.naver.com/koarane,0,6,0,0,6,False
온라인 강의 수익,블로그,프리랜서직업종류 다양하던데 수익은 어느정도일까,"온라인 강의 제작자 5. 마케팅 대행 (SNS운영, 댓글 알바 포함) 이 중에서도 '블로그 마케팅'이 진입장벽이 낮고 수익이 빠르다고들 해요! 특히 요즘엔 챗gpt랑 같이 활용해서 업무시간을 확 줄인다는 후기도 많구요...",http://cafe.naver.com/koarane/187993,리얼리뷰 공유소ㅣ내돈내산 찐리뷰 커...,https://cafe.naver.com/koarane,0,6,0,0,6,False
온라인 강의 수익,블로그,온라인마케팅교육 들으면 진짜 블로그 수익 나는 걸까?,"강의는 온라인으로 진행되니까 집에서 편하게 볼 수 있고, 녹화 강의라 반복해서 학습도 가능해서 좋다고 하네요. 저도 이거 듣고 나서 카페 글 쓰기 습관이 확 달라졌어요 시간 부담 없이 수익 창출까지 가능한 점이...",http://cafe.naver.com/koarane/40487,리얼리뷰 공유소ㅣ내돈내산 찐리뷰 커...,https://cafe.naver.com/koarane,0,6,0,0,6,False
온라인 강의 수익,강의,2026 메이크업 자격증 현실 취득 전략 정리,온라인 강의를 통해 진행되기 때문에 시간 활용이 자유롭습니다. 시험 부담이 거의 없고 출석과 과제로... 취업 창업과 수익 구조 메이크업 자격증 취득 이후 가장 중요한 것은 활용 방법입니다. 샵 취업 시 초임 급여는...,http://cafe.naver.com/sassinail/2821706,::맨사::맨손톱을사랑하는사람들 / No...,https://cafe.naver.com/sassinail,0,4,0,0,4,False
온라인 강의 수익,강의,재테크학원 발품 팔지 말고 방구석에서 끝내는 자산 성장,안전한 수익을 낼 수 있을지 명쾌한 답을 얻기 어렵기 때문입니다. 이제는 단순히 지식을 머릿속에 채우는... 온라인 강의의 장점을 살려 이해가 될 때까지 반복 시청하며 실전 안목을 확실하게 소화해 보세요. 기관급...,http://cafe.naver.com/bluesail/17860,"에듀위키 eduwiki - 입시,대학정보,국...",https://cafe.naver.com/bluesail,0,4,0,0,4,False
온라인 강의 수익,블로그,블로그광고수익 아무나 되는거 아님.. 이건 알아야 함,"그런데 블로그 수익화 강의를 들은 후, 검색이 잘 되는 키워드 중심의 글로 전환하자 수익이 올라가기... ───────────────── 지금처럼 온라인 수익 구조가 활발한 시대에 블로그는 여전히 좋은 수익원...",http://cafe.naver.com/koarane/183852,리얼리뷰 공유소ㅣ내돈내산 찐리뷰 커...,https://cafe.naver.com/koarane,0,6,0,0,6,False
온라인 강의 수익,스마트스토어,나를 위한 강의,18기 온라인 강의도 제대로 듣지 못하게 된다. 나는 이커머스를 한번도 해본적도 없고 엠타트업 정규강의도... 그렇게 듣게된 솔대표님의 첫번째 강의. 0원클럽에서 5년 동안 수익 40억. 그리고 상급지 매매. 그녀의 방법을...,http://cafe.naver.com/ninttenddo/141852,엠타트업 [자본주의에서 자유인으로 살...,https://cafe.naver.com/ninttenddo,0,6,0,0,6,False
온라인 강의 수익,블로그,"블로그 수익화 방법, 요즘 핫한 온라인투잡으로 뜨는 이유","온라인강의/블로그 교육 연결 예전엔 그냥 일기처럼 쓰던 블로그가, 이젠 하나의 '마케팅 채널'이 되어버렸어요! 정리하자면... 블로그는 이제 '수익 창출의 도구'라고 봐도 무방하답니당ㅎㅎ...",http://cafe.naver.com/koarane/280645,리얼리뷰 공유소ㅣ내돈내산 찐리뷰 커...,https://cafe.naver.com/koarane,0,8,0,0,8,False
온라인 강의 수익,강의,[줌강의 안내]부린이가 지방 갭투자로 1년 만에 1억 수익 올린 공부법,그동안 카페 댓글이나 쪽지로 많은 분들이 온라인강의를 요청하셨었는데 소식을 못들으신 분도 계실거고... 그리고 조만간 부린이가 지방갭투자로 1년 만에 1억 수익 올린 공부법 시리즈도 업로드 하도록 하겠습니다!...,http://cafe.naver.com/jaegebal/2725443,부동산 스터디',https://cafe.naver.com/jaegebal,0,6,0,0,6,False
온라인 강의 수익,스마트스토어,종합소득세 프리랜서 신고방법 체크 잘해봅시다!,"블로그 광고 수익, 유튜브, 스마트스토어, 전자책 판매, 온라인 강의 같은 추가 수입이 생기는 사람들이 계속 증가하고 있다. 하지만 수익이 생기는 순간 세금 문제도 함께 따라온다. 중요한 것은 세금을 무조건 어렵게만...",http://cafe.naver.com/citylifefan/128946,채무플랜-직장인/주부/서민/아파트론/...,https://cafe.naver.com/citylifefan,0,10,0,0,10,False
온라인 강의 수익,유튜브,500만원창업으로 월 500 수익? 진짜 사례 봤어요,"500만원창업으로 월 500 수익? 진짜 사례 봤어요 요즘 뉴스나 유튜브 보면 “500만원창업”이라는 말 진짜... 전자책, 온라인 강의, 디자인 템플릿 같은 거요. 넷째는 퍼널마케팅 기반 자동화 부업인데, 요건 진짜...",http://cafe.naver.com/koarane/104979,리얼리뷰 공유소ㅣ내돈내산 찐리뷰 커...,https://cafe.naver.com/koarane,0,8,0,0,8,False
온라인 강의 수익,강의,꼭 전문가가 아니여도 괜찮아요!! 새롭게 뜨고 있는 강의 부업!!,"협업내용 ✅지원:전문PM 배정→강의 기획·제작→마케팅 운영→라이브/본 강의(매니지먼트)→정산·리포트 ✅효과:본업 병행하면서 온라인 매체 확장 ✅목표:추가 수익 창출, 강의 제작·운영 리스크...",http://cafe.naver.com/koarane/169130,리얼리뷰 공유소ㅣ내돈내산 찐리뷰 커...,https://cafe.naver.com/koarane,0,6,0,0,6,False
온라인 강의 수익,강의,[정규강의] 죄송한 마음까지 이용해서 100개 모아오기,1이라는 수익을 보여줬다. 엠타 강의 내용대로 오롯이 혼자 결핍과 고립으로 이룬 0.1이라는 수익.. 아마 이때... 이후 최근 온라인을 재신청하고 다소 비겁하고 모호한 방법으로 엠군님께 말씀드리게 되었고 엠군님은 그런...,http://cafe.naver.com/ninttenddo/143160,엠타트업 [자본주의에서 자유인으로 살...,https://cafe.naver.com/ninttenddo,0,4,0,0,4,False
온라인 강의 수익,강의,온라인마케팅 교육 강의 듣는 게 실질적인 도움이 될까요?,혹시 저처럼 아무것도 모르는 상태에서 온라인마케팅 교육 들어보신 분 계실까요? 실제로 수익으로 이어지셨는지 아니면 다른 방향을 찾게 되셨는지도 궁금해요. 노후대비도 같이 생각하면서 시작하려다 보니 더...,http://cafe.naver.com/eovhskfktmak/4019,4050 우리들의 두번째 시작[은퇴 국민...,https://cafe.naver.com/eovhskfktmak,0,4,0,2,2,False
온라인 강의 수익,강의,[특강/자료O] NPL 부실채권으로 수익 극대화하기! 위드울산경매학원 김예진 강사님의 실전 가이드,"본부장님의 강의 현장으로 함께 가보시죠 이번 특강은 NPL의 기초 개념부터 시작하여, 실제 수익으로... 저녁 현장 강의나 온라인 강의를 통해 강사님의 꿀팁을 꼭 챙겨가시길 바랍니다. 물론 '투자'라는 이름 뒤에는...",http://cafe.naver.com/ulsanwithedu/42120,부산울산위드경매전문학원,https://cafe.naver.com/ulsanwithedu,0,6,0,0,6,False
온라인 강의 수익,기타,제가 정말 애들 교육은 자신있는데… 나이가 발목을 ㅠ,애들 입시 끝나고 뭐라도 보람있고 다소의 수익이라도 창출해볼 수 있는 일 없을까 둘러보는데 마땅한 자리가 없네요. 50중반이지만 제 아이들 다 자기주도 학습으로 명문대도 보내고 정말 애들 학습코칭은 자신있는데...,http://cafe.naver.com/2008bunsamo/2599288,분따 - 분당.판교.따라잡기,https://cafe.naver.com/2008bunsamo,0,2,0,0,2,False
온라인 강의 수익,유튜브,[조팀장AI] AI영상 수익화 원데이 특강 5기 온라인 강의 후기,유튜브에 전혀 지식이 없이 동영상만 여러개 올리고 왜 수익이 안나는지 궁금하던차에 조팀장님의 AI 영상 수익화 강의를 듣게 되었습니다. 자세하게 설명해 주시고 솔직한 현실을 말해 주는데 공감하며 수익화에...,http://cafe.naver.com/aichoteamjang/1567,조팀장의 AI 공략집,https://cafe.naver.com/aichoteamjang,0,6,0,2,4,False
온라인 강의 수익,강의,"집에서하는부업, 시간도 아끼고 수익도 챙기는 법!","- 교육 관련 부업: 학습이랑 수익을 동시에 얻을 수 있는 방법인데, 교육에 관련된 부업을 찾아보는 것도 좋은 방법이야. 자신의 전문성을 살려서 온라인 강의나 멘토링 같은 것도 생각해볼 수 있을 것 같아....",http://cafe.naver.com/koarane/103886,리얼리뷰 공유소ㅣ내돈내산 찐리뷰 커...,https://cafe.naver.com/koarane,0,6,0,0,6,False
온라인 강의 수익,강의,공매학원 뻔한 이론 말고 선택한 실전 낙찰 방법,"오늘은 이론의 늪에서 벗어나, 가장 스마트한 방법으로 수익을 확정 짓는 머니플랜만의 실전 로드맵을... 온라인 강의의 장점을 살려 어려운 행정 용어도 내 것으로 만들 때까지 반복 학습하며 실전 안목을 확실히...",http://cafe.naver.com/bluesail/17857,"에듀위키 eduwiki - 입시,대학정보,국...",https://cafe.naver.com/bluesail,0,4,0,0,4,False
온라인 강의 수익,강의,온라인돈벌기 초보도 가능한 방법 정리해봤어요,"이건 안전해요!] 요즘 사기 많잖아요ㅠㅠ 그래서 저도 겁났는데, 이 시스템은 '돈을 먼저 요구하지 않음' + '실제 수익 후 인증 가능'이라서 믿고 시작했어요. 온라인 강의도 무제한 제공되고, 챗GPT 사용하는 법도 진짜 쉽게...",http://cafe.naver.com/koarane/111647,리얼리뷰 공유소ㅣ내돈내산 찐리뷰 커...,https://cafe.naver.com/koarane,0,4,0,0,4,False
온라인 강의 수익,블로그,에어비앤비사업 초보도 수익내는 법 요즘 핫하대요,"이건 그냥 따라만 하면 되는데, 온라인 강의나 블로그 후기 보면 다 나와있어서 진입장벽이 거의 없었어요ㅎㅎ 해보니까, 진짜... 초보도 됩니다요! ───────────────── [# 수익은 얼마나 나왔냐구요?] 첫...",http://cafe.naver.com/koarane/114448,리얼리뷰 공유소ㅣ내돈내산 찐리뷰 커...,https://cafe.naver.com/koarane,0,6,0,0,6,False
온라인 강의 수익,스마트스토어,고정수익구조는 결국 시간보다 시스템 싸움이에요,"월세처럼, 내가 뭔가를 하지 않아도 수익이 발생되는 구조를 의미하죠. 예를 들면, 온라인 강의, 자동화된 쇼핑몰, 콘텐츠 구독 서비스 같은 게 여기에 속해요. 이게 가능한 이유는 ‘자동화’ 시스템 덕분인데요, 일정한...",http://cafe.naver.com/koarane/154446,리얼리뷰 공유소ㅣ내돈내산 찐리뷰 커...,https://cafe.naver.com/koarane,0,8,0,0,8,False
온라인 강의 수익,강의,"37회 1차 합격수기(초시, 노베이스, 온라인, 군대병행, 학기병행, 9개월)","부채감당법 같은 경우는 실무 기본강의 중 수익환원법 파트에서 환원이율을 구할 때 활용되는데, 국승옥T의 두문자가 이렇게 2차에서 유용하게 활용되는 경우가 있었습니다. 2) 기출문제집, 모고 풀이 기출문제집을...",http://cafe.naver.com/propertyappraiser/293423,감정평가사 합격,https://cafe.naver.com/propertyappraiser,0,4,0,0,4,False
온라인 강의 수익,배달,2026년 요즘 가장 많이 시작하는 온라인 부업 종류 완벽 정리,"예전에는 부업이라고 하면 배달이나 아르바이트를 많이 생각했는데, 요즘은 이렇게 온라인으로 수익을... 점◆ 온라인 부업을 시작하기 전에 가장 중요한 것은 무리한 투자나 고가 강의를 조심하는 것입니다. 요즘은...",http://cafe.naver.com/koarane/450083,리얼리뷰 공유소ㅣ내돈내산 찐리뷰 커...,https://cafe.naver.com/koarane,0,10,0,0,10,False
온라인 강의 수익,강의,릴스편집 배우면 뭐가 좋은데요? 수익부터 취미까지 찐리뷰!,영상이었달까~ ───────────────── [# 수익화? 생각보다 빠르게 가능해요] 제가 처음... 뭔가 체계적이지 않아서 제대로 배우고 싶다면 온라인 강의나 특강이 훨씬 나아요. 특히 요즘은 **챗GPT랑 같이...,http://cafe.naver.com/koarane/144720,리얼리뷰 공유소ㅣ내돈내산 찐리뷰 커...,https://cafe.naver.com/koarane,0,4,0,2,2,False
온라인 강의 수익,강의,멋진 인테리어 강의 2회차 후기입니다.,좋은 강의 준비해주셔서 감사드리며 어제 온라인 강의 후기 남깁니다. 1. 어제 내용 중 인상깊었던 점은... - 소폭+합지와 같이 저렴하게해야 수익을 조금이라도 더 남길 수 있다는 고정관념에 항상 저렴하게만 생각했는데...,http://cafe.naver.com/mjactionbusan/138337,엠제이 경매스쿨,https://cafe.naver.com/mjactionbusan,0,4,0,0,4,False
온라인 강의 수익,강의,온라인강의 시작하기 전에 꼭 알아둬야 할 현실 조언,"온라인강의처럼 지식 기반으로 수익을 만들 수도 있고, 아예 자동화 구조를 통해 꾸준한 파이프라인을 만드는 사람들이 점점 늘고 있어요. 특히 직장인·주부 분들에게는 온라인에서 만드는 부업이 생각보다 훨씬 잘 맞는...",http://cafe.naver.com/koarane/215636,리얼리뷰 공유소ㅣ내돈내산 찐리뷰 커...,https://cafe.naver.com/koarane,0,6,0,0,6,False
온라인 강의 수익,강의,주부재택근무 어디까지 가능할까? 수익은 과연?,저도 아이 어린이집 보내놓고 남는 시간에 뭔가 수익이라도 낼 수 없을까? 싶어서 검색 엄청 해봤어요 가족들... 이 때 너무 머리 복잡한 일은 사실… 손이 잘 안 가요 그래서 전 처음에 너무 복잡한 온라인 강의나 상품...,http://cafe.naver.com/koarane/195402,리얼리뷰 공유소ㅣ내돈내산 찐리뷰 커...,https://cafe.naver.com/koarane,0,6,0,0,6,False
온라인 강의 수익,강의,[월백캐리] 수익인증! 이것도 못하냐?,솔직히 진짜 한심하다 월백캐리 온라인 강의를 처음 들은게 5월말이다. 처음에 들어와서 통찰1단계... 순수익은 25만원이다 위 글의 선포글에서 말한 제약대로 월순익 100 못찍으면 현장숙소에서 해병대입구까지...,http://cafe.naver.com/ninttenddo/139743,엠타트업 [자본주의에서 자유인으로 살...,https://cafe.naver.com/ninttenddo,0,4,0,0,4,False
온라인 강의 수익,스마트스토어,종합소득세 신고 방법 환급 핵심은,"회사 급여 외에 유튜브 수익이나 온라인 강의, 스마트스토어 매출 등이 발생하는 경우 종합소득세 신고 대상이 될 가능성이 있기 때문입니다. 일부는 “소액이라 괜찮다”고 생각하지만, 반복적인 수익 구조라면 신고...",http://cafe.naver.com/pusanmommy/1480620,부산맘 카페 - 부산 맘카페 결혼 웨딩...,https://cafe.naver.com/pusanmommy,0,10,0,0,10,False
온라인 강의 수익,강의,온라인에서 쉽게 돈을 벌 수 있는 방법 알아보기,"Udemy, Teachable 등의 플랫폼을 통해 강의를 만들어 판매할 수 있습니다. 마지막으로, 투자 또는 주식 거래를 통해 수익을 올릴 수 있습니다. 온라인 증권 거래 플랫폼을 이용하면 주식, 암호화폐, 펀드 등에 투자할 수...",http://cafe.naver.com/story0081/1474,운세놀이터 - 접집 타로 신점 꿈해몽 ...,https://cafe.naver.com/story0081,0,6,0,0,6,False
온라인 강의 수익,강의,투잡으로 수익 올리는 비법 공유,"그러던 중 우연히 알게 된 투잡 아이템인 ‘온라인 강의 제작 도구’를 소개하려고 해요. 처음에는... 마지막으로, 세 번째 장점은 수익 창출의 기회입니다. 이제 강의 제작이 쉽고 빠르다 보니, 여러 개의 강의를 동시에...",http://cafe.naver.com/coolishz/774463,창사영2[창업사업영업아이템]소상공인...,https://cafe.naver.com/coolishz,0,6,0,0,6,False
온라인 강의 수익,강의,[빡주공] 6기 온라인 강의후기,수많은 주식 강의들 중에 몇 개 구독해 두었지만 잘 안보게 되고 윤타님의 영상은 언변 좋은 젊은 친구의... (온라인/오프라인) 교육 자료를 메일로 받고 검토해본다. 이건 뭐지? 이건 뭔가 다른데 .. 진짜 수익에 필요한...,http://cafe.naver.com/somenickname/90590,"투자자 트레이닝 캠프 ( 윤타, 국내/해...",https://cafe.naver.com/somenickname,0,4,0,0,4,False
온라인 강의 수익,강의,주말투잡 현실 수익 이 정도 가능,──────────────────────── *온라인 투잡 수익 구조* 요즘은 오프라인보다 온라인... 이상 수익을 만든 대표가 직접 강의를 한다고 하니 솔깃했어요. 주말에 알바 대신 이런 교육을 들어보는 것도...,http://cafe.naver.com/koarane/401434,리얼리뷰 공유소ㅣ내돈내산 찐리뷰 커...,https://cafe.naver.com/koarane,0,6,0,0,6,False
온라인 강의 수익,유튜브,3/24 온라인 강의 후기,"기존 유튜브 강의와 달리 자극적인 수익 이야기가 아닌, 왜 그렇게 해야 하는지에 대한 기준과 흐름을 알려준 점이 특히 인상 깊었습니다. 소비자 관점에서 벗어나 판매자 시야로 소싱과 구조를 이해하게 되었고...",http://cafe.naver.com/dosdotcom/2173,부업의 추월차선,https://cafe.naver.com/dosdotcom,0,6,0,0,6,False
온라인 강의 수익,강의,경매학원 추천 대신 데이터로 무장하는 스마트 투자법,오늘은 시간 낭비는 줄이고 실제 수익 확률은 높여주는 머니플랜만의 실무 프로세스를 공유할게요. 최근... 온라인 강의의 이점을 활용해 이해가 될 때까지 반복 시청하며 실전 안목을 확실하게 다져보시길 바랍니다....,http://cafe.naver.com/bluesail/17846,"에듀위키 eduwiki - 입시,대학정보,국...",https://cafe.naver.com/bluesail,0,6,0,2,4,False
온라인 강의 수익,강의,프리랜서직업 수익 제대로 나오는 일은 따로 있다?,"대박입니다…) ▶︎ 온라인 강의 제작 프리랜서 ▶︎ 디자인 템플릿 제작자 (요즘 쿠팡셀러들 수요 많음) 진짜 수익 나려면? 단순 노동 말고, 구조화된 일에 들어가야 한다는 거...",http://cafe.naver.com/koarane/93867,리얼리뷰 공유소ㅣ내돈내산 찐리뷰 커...,https://cafe.naver.com/koarane,0,4,0,0,4,False
온라인 강의 수익,강의,온라인교육창업 준비해보려고 하는데 너무 막막하네요,"주변에 비슷하게 시작한 지인도 있다는데, 그 친구는 아직 수익이 거의 없다고 하더라구요. 괜히 돈만 쓰고 시간만 버릴까봐 겁나긴 해요... 물론 요즘엔 개인브랜딩도 많이들 하고, 온라인 강의 하나로 대박나는 사람도...",http://cafe.naver.com/koarane/280379,리얼리뷰 공유소ㅣ내돈내산 찐리뷰 커...,https://cafe.naver.com/koarane,0,4,0,0,4,False
온라인 강의 수익,유튜브,유튜브영상제작으로 부수입 만들 수 있다길래 강의 들어봤음 (실제 후기),"부업을 열심히 찾고 있는 중이라, 온라인 강의 하나 들어봤거든요. 결론부터 말하자면... 영상 제작 알바로 바로 수익 내는 건 솔직히 쉽지 않더라구요. 컴퓨터 잘 다루고, 감각 있는 사람은 가능할 수도 있겠지만, 저는...",http://cafe.naver.com/koarane/170256,리얼리뷰 공유소ㅣ내돈내산 찐리뷰 커...,https://cafe.naver.com/koarane,0,10,0,0,10,False
온라인 강의 수익,유튜브,(하늘하) 유튜브를 통해 수익창출하고 싶은 사람입니다.,개인사업도 온라인 관련업이라서 온라인 수익창출에 많은 관심을 갖고 강의를 들었습니다. 열정적인 강의 너무 유익합니다. 감사합니다. 7️⃣ 나를 표현하는 사진 or 갤러리에서 마음에 드는 사진 (3장 이내) :,http://cafe.naver.com/dinohighclass/155016,디지털노마드 하이클래스 - 디하클 (유...,https://cafe.naver.com/dinohighclass,0,6,0,0,6,False
온라인 강의 수익,강의,내일배움카드 신청 전 꼭 알아야 할 최신 변경사항 체크해봤어요,특히 온라인 수익화 관련 강의 찾는 분들도 계속 늘고 있는 분위기예요. 실제로 요즘은 단순 취업 준비보다 “추가 수익”이나 “부업 활용” 목적으로 배우는 사람들도 많아졌다고 해요. 저도 이것저것 찾아보니까 결국...,http://cafe.naver.com/cafemakecafebest/27882,세상모든꿀팁 ㅣ영업·창업·부업·투...,https://cafe.naver.com/cafemakecafebest,0,6,0,0,6,False
온라인 강의 수익,강의,"주부자격증추천, 요즘 핫한 온라인 강의는 이거래요","이런 건 꼭 대기업 취업 안 해도, 소규모 강의나 온라인 컨텐츠로 수익 만들 수 있거든요! 저희 동네 맘카페에도 정리수납 배워서 투잡 뛰는 분들 많아요 ───────────────── [온라인으로 쉽게 취득...",http://cafe.naver.com/koarane/251873,리얼리뷰 공유소ㅣ내돈내산 찐리뷰 커...,https://cafe.naver.com/koarane,0,6,0,2,4,False
온라인 강의 수익,강의,종합소득세 강의 플랫폼 수익 신고 기준 및 절차 총정리,온라인 강의 수익은 일회성인지 반복성인지에 따라 소득 분류가 결정됩니다. 기타소득은 300만 원 초과 시 필수 신고 대상이며 사업소득은 경비 처리를 통해 절세가 가능합니다. 홈택스를 통해 소득과 비용을 꼼꼼히...,http://cafe.naver.com/urisports/1772,우리 우리스포츠,https://cafe.naver.com/urisports,0,4,0,0,4,False
온라인 강의 수익,강의,배당도 받고 현금흐름도 만든다? 커버드콜 ETF 구조 쉽게 이해하기,첫 수익 발생했다는 인증글도 꽤 많이 보이더라구요. 요즘 부업강의들은 몇백만원씩 하는 경우도 많은데... AI시대 흐름 놓치기 전에 한번쯤 꼭 배워볼만한 분야라는 생각이 들었습니다 ■월 현금흐름 + 온라인 수익 구조...,http://cafe.naver.com/cafemakecafebest/39239,세상모든꿀팁 ㅣ영업·창업·부업·투...,https://cafe.naver.com/cafemakecafebest,0,6,0,0,6,False
온라인 강의 수익,강의,[실준32기 9완전히뽀개서임보1개완성하조 애덩애덩] 실준반 온라인 강의 3주차 후기(선호도를 통해 새벽보기...,"실준반 3주차 강의는 새벽보기님의 ""최고 수익 단지를 골라내는 법""이었습니다. 최고 수익단지를 찾기 위해서는 꾸준함과 그리고 루틴이라는 기초가 있어야 가능하다는 걸 느낄 수 있었어요. 임장지를 내 것으로 만들어야...",http://cafe.naver.com/wecando7/7091170,월급쟁이부자들 (직장인 재테크 부동산...,https://cafe.naver.com/wecando7,0,4,0,0,4,False
온라인 강의 수익,블로그,집에서 할 수 있는 온라인부업 아이디어,"‘저작물 수익’ 발생 2) 블로그·SNS 키워드 수익 네이버 블로그, 인스타그램, 틱톡 계정으로 키워드를... 기술을 온라인 강의로 만들어 판매 탈잉, 클래스101, 유데미 등 플랫폼 입점 가능 직접 강의 제작이 어렵다면...",http://cafe.naver.com/zpvkdcom/10482,"온라인보험 비교카페 - 종합,어린이,건...",https://cafe.naver.com/zpvkdcom,0,8,0,0,8,False
온라인 강의 수익,강의,"""우연한 대화로 발견한 고수익 아이템의 세계""","거기서 궁금한 점도 많았고, 나도 그런 수익 모델이 괜찮은지 생각해보게 됐지. 이런 대화가 오갈 때마다 느끼는 건, 정보의 흐름이 얼마나 빠른지 다시 한 번 실감하게 돼. 사실, 내가 전에 온라인 강의를 들어본 적이...",http://cafe.naver.com/coolishz/784831,창사영2[창업사업영업아이템]소상공인...,https://cafe.naver.com/coolishz,0,4,0,2,2,False
온라인 강의 수익,스마트스토어,SNS마케팅전문가자격증으로 온라인 부업까지 연결해보기,"온라인강의 위주고, 시험도 그렇게 어렵지 않아서 직장인도, 학생도 병행 가능하다고 했어요ㅎㅎ 저는... 추가 수익 나기 시작했다는 거! 이제는 온라인 쇼핑몰도 운영 중이래요. 우와... 저도 그거 보고 ‘나도 할 수...",http://cafe.naver.com/koarane/209901,리얼리뷰 공유소ㅣ내돈내산 찐리뷰 커...,https://cafe.naver.com/koarane,0,8,0,0,8,False
온라인 강의 수익,강의,"한국어교원자격증 2급 온라인 취득방법, 필수 체크리스트 5가지","한국어교원자격증 2급 온라인 취득방법, 필수 체크리스트 5가지 오늘 이 글을 끝까지 읽으시면, 남들보다... 지금 바로 한국어교원자격증 2급 준비를 시작하지 않는다면, 여러분은 매달 들어올 수 있는 강의 수익과...",http://cafe.naver.com/cjsam/5003987,순광맘 (순천.광양.여수),https://cafe.naver.com/cjsam,0,4,0,0,4,False
온라인 강의 수익,블로그,블로그로돈버는법 수익 구조 완전 정리,"───────────────── [#수익 구조 4 - 정보성 블로그 전환] 하루 방문자 수가 많아지면 광고 없이도 수익화가 가능합니다. 정보성 글을 올리면서 온라인 강의, PDF 자료, 뉴스레터 등 자체 상품을 판매하는...",http://cafe.naver.com/koarane/103443,리얼리뷰 공유소ㅣ내돈내산 찐리뷰 커...,https://cafe.naver.com/koarane,0,6,0,0,6,False
온라인 강의 수익,강의,챗GPT 요즘 진짜 수익에 활용하는 사람들 많아요!,"요즘은 글쓰기, 마케팅, 자동화 부업까지 챗GPT랑 연결해서 수익구조 만드는 게 유행이라 저도... 구성 ✔️ 온라인 강의, 전자책 집필 보조 ✔️ 고객 응대 자동화 특히 글쓰기 능력이 부족했던 분들이 챗GPT 덕분에...",http://cafe.naver.com/koarane/132573,리얼리뷰 공유소ㅣ내돈내산 찐리뷰 커...,https://cafe.naver.com/koarane,0,6,0,0,6,False
온라인 강의 수익,블로그,네이버블로그수익 비밀공개! 하루 수익이 이렇게나?,"블로그 수익으로 한 달에 300~500만원 버는 분들도 꽤 있고, 아예 강의 열어서 자신만의 수익 비법을 알려주는... 다른 온라인 수익에도 관심 있다면, 이거 진짜 눈여겨보셔야 해요!...",http://cafe.naver.com/koarane/103026,리얼리뷰 공유소ㅣ내돈내산 찐리뷰 커...,https://cafe.naver.com/koarane,0,6,0,0,6,False
온라인 강의 수익,블로그,"AI알바로 월수익 만들기, 진짜 가능할까용?",요즘 부업이나 온라인 수익에 관심 많으신 분들 많죠? 저도 최근에 AI알바라는 키워드를 알게 되면서... ───────────────── [특강의 특징과 장점] 1. 블로그보다 훨씬 쉬운 상위노출 마케팅 방법 제공...,http://cafe.naver.com/koarane/118061,리얼리뷰 공유소ㅣ내돈내산 찐리뷰 커...,https://cafe.naver.com/koarane,0,8,0,0,8,False
온라인 강의 수익,강의,저의 첫 오프강의,"수암님 강의는 디벨롭 사례들과 수익, 개발의.흐름이 뻗어 나갈 곳, 돈이 되는 키워드, 그래서 투자는... 강의 내내 너무 재미있어서 시간가는 줄 몰랐습니다 오프라인 강의가 온라인 강의의 연장선이라고 생각했는데!!!...",http://cafe.naver.com/towngtx1/193358,서집달 - 대한민국 NO.1 도시계획 스터...,https://cafe.naver.com/towngtx1,0,6,0,0,6,False
온라인 강의 수익,스마트스토어,"재택온라인창업, 집에서도 돈 버는 현실 구조","쇼핑몰, 콘텐츠 판매, 온라인 강의, 자동화 마케팅 등 다양한 형태가 있어요. 중요한 건 “직접 일하지 않아도 수익이 나는 구조”를 만드는 거예요. 요즘은 재택으로 일하면서도 월 100~500만원 이상 버는 분들 정말 많아요....",http://cafe.naver.com/koarane/54515,리얼리뷰 공유소ㅣ내돈내산 찐리뷰 커...,https://cafe.naver.com/koarane,0,10,0,0,10,False
온라인 강의 수익,강의,재택에서 시작하는 부업 이야기,"결국, 그 친구의 조언으로 간단한 온라인 강의를 듣기로 했어요. 의외로 쉽게 따라할 수 있었고, 실질적인... 예전엔 할 일이 너무 많아서 스트레스를 받았는데, 지금은 여유도 생기고, 생각보다 수익도 괜찮아졌거든요. 이런...",http://cafe.naver.com/coolishz/780315,창사영2[창업사업영업아이템]소상공인...,https://cafe.naver.com/coolishz,0,8,0,0,8,False
온라인 강의 수익,강의,"요즘 온라인마케팅교육, 진짜 괜찮을까?","온라인마케팅교육은 말 그대로 온라인에서 마케팅하는 방법을 배우고, 이를 통해 수익을 창출하는 활동을... ✨ 온라인마케팅교육 지원 방법과 합격 팁 제가 알아보니까, 온라인마케팅교육은 보통 온라인 강의나 교육...",http://cafe.naver.com/koarane/141347,리얼리뷰 공유소ㅣ내돈내산 찐리뷰 커...,https://cafe.naver.com/koarane,0,4,0,0,4,False
온라인 강의 수익,블로그,SNS마케팅전문가자격증로 온라인 부업 시작한 후기,"저도 강의 듣고 나서, 블로그 글쓰기랑 인스타 홍보 실습만으로 바로 부업 연결했어요. 그리고 온라인으로... 그리고 포트폴리오처럼 활용 가능해서, 장기적인 온라인 수익 구조에도 유리해요. 결론: 따면 바로 써먹는 게...",http://cafe.naver.com/koarane/164804,리얼리뷰 공유소ㅣ내돈내산 찐리뷰 커...,https://cafe.naver.com/koarane,0,8,0,0,8,False
온라인 강의 수익,강의,(6월 온라인 강의 중 6월 18일에 배운 매매법) 수익 감사합니다.~^^,6월 온라인 강의 시작하실때 강의 내용의 매매법들은 강의 진행 중에도 배워서 활용할수 있다고 하셨는데 배운대로 매매 해보고 수익이 나니 정밀 기쁩니다. kb제29호스팩 3% 수익!! 예측과 확률이지만 선생님께서...,http://cafe.naver.com/standardchart/1323,차트의 정석,https://cafe.naver.com/standardchart,0,4,0,0,4,False
온라인 강의 수익,강의,온라인마케팅교육 덕분에 퇴근 후 수익 파이프라인 하나 더 생겼어요,"───────────────── [* 단순한 교육이 아니라 ‘수익 설계’ 그 자체] 보통 온라인강의는 그냥 이론만 잔뜩 알려주잖아요? 근데 여기는 다르더라구요. 마케팅 흐름, 고객 심리, 콘텐츠 배치, 그리고...",http://cafe.naver.com/koarane/167950,리얼리뷰 공유소ㅣ내돈내산 찐리뷰 커...,https://cafe.naver.com/koarane,0,6,0,0,6,False
온라인 강의 수익,강의,"온라인사업 플랫폼 선택, 어디가 제일 유리할까?","노션템플릿, PPT자료, 전자책, 온라인 강의 이런 거? 제작 한번 해두면 계속 판매 가능해서 이건 진짜 수익형템 내가 직접 경험담 담아서 만든 콘텐츠들이 요즘 제일 먹히는 느낌! 이건 진짜 뇌만 있으면 되는...",http://cafe.naver.com/koarane/159626,리얼리뷰 공유소ㅣ내돈내산 찐리뷰 커...,https://cafe.naver.com/koarane,0,6,0,0,6,False
온라인 강의 수익,강의,온라인강의 시장 아직도 괜찮을까요?,요즘 온라인강의 시장 많이 포화된 거 아닌가요…? 저도 육아휴직 중이라 ‘나도 뭔가 해볼까?’ 고민하면서... 먹으면 강의 하나쯤은 만들 수 있어요. 근데… 진짜 수익 나는 사람은 극히 일부라는 거 다들 아시죠?...,http://cafe.naver.com/koarane/209549,리얼리뷰 공유소ㅣ내돈내산 찐리뷰 커...,https://cafe.naver.com/koarane,0,4,0,0,4,False
온라인 강의 수익,강의,창업패키지 2025 예비창업패키지 합격 꿀팁,시장 분석부터 수익 모델까지 창업패키지 문서의 흐름을 자연스럽게 연결해보세요. 저 또한 2025... 자투리 시간을 활용해 온라인 강의를 듣고 창업패키지 가점을 챙겼던 기억이 납니다. 사소한 행동 같지만 이러한 준비가...,http://cafe.naver.com/rc003/328197,구미부동산이야기 (김천 아파트 교육 ...,https://cafe.naver.com/rc003,0,4,0,0,4,False
온라인 강의 수익,강의,온라인사업아이템으로 월 1000만원 만든 리얼 후기,"오늘은 제가 어떤 아이템으로 시작했고, 어떻게 수익 구조를 만들었는지 리얼하게 공유해볼게요.... 전자책, 온라인 강의, 마케팅 자료 등 재고도 없고 배송도 필요 없는 아이템이라 효율이 높았죠. 특히 요즘은 이런...",http://cafe.naver.com/koarane/103465,리얼리뷰 공유소ㅣ내돈내산 찐리뷰 커...,https://cafe.naver.com/koarane,0,4,0,0,4,False
온라인 강의 수익,블로그,애드포스트수익은 티스토리보다 네이버가 나을까?,"애드포스트수익은 티스토리보다 네이버가 나을까? 진짜 요즘처럼 물가 오르고 애 키우면서 돈 쓸 일 많을 때... 단, 혼자 하면 시간만 오래 걸릴 수도 있으니 온라인 강의나 커뮤니티 도움 받으면 훨씬 수월하답니다...",http://cafe.naver.com/koarane/46839,리얼리뷰 공유소ㅣ내돈내산 찐리뷰 커...,https://cafe.naver.com/koarane,0,4,0,0,4,False
배달 부업 후기,배달,배달부업 월 600~700만원 후기,"글제목에 특수문자나 이모티콘 사용금지입니다.(과도한 !,?,초성어등 관심유도행위 절대 금지) - 글제목 2줄 미만 & 본문 내용없는 무의미한 무성의글 자제해주시기 바랍니다. ----------------------------- 부업1티어",http://cafe.naver.com/nds07/5462144,"배달세상 :: 배달대행, 쿠팡이츠, 배민...",https://cafe.naver.com/nds07,0,4,0,0,4,False
배달 부업 후기,배달,"대구선불폰 개통 방법, 배달 부업폰 활용 및 유심 준비 총정리","이번 글에서는 대구선불폰 개통 방법과 함께 배달 부업폰으로 활용하는 과정, 그리고 유심 준비까지 직접 해본 내용을 후기 형식으로 정리해보겠습니다. 1. 대구선불폰 개통하면요? ""요금을 먼저 충전해서 쓰는...",http://cafe.naver.com/cafemakecafebest/31993,세상모든꿀팁 ㅣ영업·창업·부업·투...,https://cafe.naver.com/cafemakecafebest,0,4,0,0,4,False
배달 부업 후기,배달,한달 배달 부업 후기,"현재 프리랜서, 하고있는 일이 많고 유동적이라 부업 시작 오토바이 뭐 살지 2-3주 고민 부업 겸 동네마실 생각하며 슈퍼커브 구매 (160만) 배달박스 쿠팡 2만원 (65L) 급구해서 거치대 없이 첫날 핸드폰 가랭이에...",http://cafe.naver.com/nds07/4876344,"배달세상 :: 배달대행, 쿠팡이츠, 배민...",https://cafe.naver.com/nds07,0,4,0,0,4,False
배달 부업 후기,배달,xadv750 배달후기,----------------------------- 얼마전에 xadv 중고로 들고와서 배달중입니다 부업 3년 넘었고 그동안 크루심-> xmax->포르자 마지막으로 종종라이딩 겸 들고왔는데 장단점이 명확하긴 하네요 몇일안됐지만 개인적으로 장점은...,http://cafe.naver.com/nds07/5485738,"배달세상 :: 배달대행, 쿠팡이츠, 배민...",https://cafe.naver.com/nds07,0,4,0,0,4,False
배달 부업 후기,배달,"xadv 배달후기,,",얼마전에 xadv 중고로 들고와서 배달중입니다 부업 3년 넘었고 그동안 크루심-> xmax->포르자 마지막으로 종종라이딩 겸 들고왔는데 장단점이 명확하긴 하네요 몇일안됐지만 개인적으로 장점은 뒤지게 편합니다...,http://cafe.naver.com/f75/22644,"포르자, XADV 750 클럽 :: FORZA 750 ...",https://cafe.naver.com/f75,0,4,0,0,4,False
배달 부업 후기,배달,[이노브] 배달 필수템 오토바이 헬멧 블랙박스 액션캠 ID221 C5 PRO 솔직후기,오토바이로 배달 부업을 시작한 뒤 혹시 모를 사고에 대비해 바이크 액션캠을 사용했습니다 'id221 액션 c2... 실사용 후기가 있습니다' 장착 시 볼 마운트 위로 장착이 이루어지는데 360도 회전이 가능해 헬멧 좌우...,http://cafe.naver.com/nds07/5470242,"배달세상 :: 배달대행, 쿠팡이츠, 배민...",https://cafe.naver.com/nds07,0,4,0,0,4,False
배달 부업 후기,배달,배달 부업 2주차,"초반엔 허리,손목 많이 아팠는데 이젠 요령도 생기고 적응돼서 자꾸 배달 나가고 싶어지네요. 와이프한테 아직 오픈 안했는데.. 본업에 일이 없어서 부업으로 한다고 했습니다. 곧 오픈하고 후기 올릴게요",http://cafe.naver.com/appleipad01/338371,[도중치]도박중독/스포츠토토/프로토/...,https://cafe.naver.com/appleipad01,0,4,0,0,4,False
배달 부업 후기,배달,엑스트론 자토바이 토투62l 시공후기(배달부업),전기자전거로 배달 부업한다고 저번 게시글에 올렸는데 생각보다 적성에맞고 돈도 잘벌려서 이번에... 같은 느낌입니다ㅎ 처음에는 멋이 없어보여서 안했는데 그냥 실용적으로 하는게 낫디고 생각해서 시공한 후기입니다!,http://cafe.naver.com/eletricmotors/270660,전달사 -전기자전거로 달리는 사람들,https://cafe.naver.com/eletricmotors,0,4,0,0,4,False
배달 부업 후기,배달,배달 부업 보험가입 질문,11월 말부터 오토바이 구매 하고 직장 퇴근 후 배달부업하려고 하는 배린이 입니다. 오토바이 운전은 한번도... 처리한 후기는 보지 못했구요 그래서 다들 가정보험에 시간제 보험을 써서 저렴하게 하는건가 싶더라구요...,http://cafe.naver.com/nds07/5112700,"배달세상 :: 배달대행, 쿠팡이츠, 배민...",https://cafe.naver.com/nds07,0,4,0,2,2,False
배달 부업 후기,배달,조용히 부업으로 인기 폭발 중인 ‘우유배달’의 현실,일종의 ‘로컬 자동화 배달 시스템’ 느낌이라 생각보다 훨씬 편하다는 후기 많았어요. 이제는 우유배달도 디지털화 시대네요 ───────────────── [부업으로 시작하기 좋은 이유] 첫 번째는 초기비용이...,http://cafe.naver.com/koarane/82871,리얼리뷰 공유소ㅣ내돈내산 찐리뷰 커...,https://cafe.naver.com/koarane,0,6,0,0,6,False
배달 부업 후기,배달,전기자전거 배달 해보신 분 계세요?,"요즘 배달 부업 알아보다가 전기자전거로 하는 분들 많다고 해서 관심 생겼는데요… 오토바이보다는 부담 덜할 것 같긴 한데, 막상 해보신 분들 후기 보면 체력 소모가 생각보다 크다는 얘기도 있고 고민되네요 ㅠ 특히...",http://cafe.naver.com/clubpet/4642256,"냥이네-고양이를 사랑하는 모임,길 고...",https://cafe.naver.com/clubpet,0,4,0,0,4,False
배달 부업 후기,배달,배달 재택부업 알바후기,"알바후기 자세히 써주세요. 제목에 반드시 ""0000 알바후기""이런식으로 알바후기라는 단어가 들어가야합니다.... 배달을 하면서 돈을 벌수있는 일이 있으면 얼마나 좋을까 그렇게 틈틈히 짬나는시간에 할수있는 부업을찾...",http://cafe.naver.com/goondae/2664441,수원광교동탄맘(115만 수원맘 광교맘 ...,https://cafe.naver.com/goondae,0,6,0,0,6,False
배달 부업 후기,배달,2026 투어맥스 배달 후기,투어맥스 400KM 주행 한달후기 써봅니다 부업 배달용으로 쓸것이기에 자전거 고르는 최우선순위는 타고내리는것이 편해야한다였습니다(탑튜브 높은거 타보지 않아서 모르겠지만 다리 올리는것도 한두번이지 횟수가...,http://cafe.naver.com/eletricmotors/320518,전달사 -전기자전거로 달리는 사람들,https://cafe.naver.com/eletricmotors,0,4,0,0,4,False
배달 부업 후기,배달,배달 부업 월 600~700만 실제 후기,"- 글작성시, 글의 성격에 맞는 게시판에 글작성해주세요. (자게에는 질문글 작성금지입니다.) - 글제목에 특수문자나 이모티콘 사용금지입니다.(과도한 !,?,초성어등 관심유도행위 절대 금지) - 글제목 2줄 미만 & 본문...",http://cafe.naver.com/nds07/5417087,"배달세상 :: 배달대행, 쿠팡이츠, 배민...",https://cafe.naver.com/nds07,0,4,0,2,2,False
배달 부업 후기,배달,직장인부업추천 월급 외 수입 만들고 싶다면 필독!,리셀 배달 부업 이 중에서 직장인에게 특히 잘 맞는 건 온라인으로 할 수 있는 부업 같아요. 왜냐하면 퇴근 후... 후기들 보니까 복사 붙여넣기 방식으로 시작 가능한 부분도 있어서 처음 접하는 분들도 어렵지 않게...,http://cafe.naver.com/uouv96/9352,오늘도 달린다 ㅣ영업·창업·부업 ㅣ...,https://cafe.naver.com/uouv96,0,4,0,2,2,False
배달 부업 후기,배달,간만에 2시간 행복배달,배달라이더 쿠팡배달 배플 배민커넥트 도보 배달수입 pcx 전기자전거 nmax 배달카페 배달음식 배달세상 쿠팡이츠 배달파트너 쿠플 자전거 오토바이 배달투잡 유튜버 배달알바 그라이더 배달부업 배민미션 배달거지...,http://cafe.naver.com/haejukdl/199355,배달나라 - 배민커넥트 쿠팡이츠 오토...,https://cafe.naver.com/haejukdl,0,6,0,0,6,False
배달 부업 후기,배달,배달알바 경험담 쿠팡 손부업과 비교해본 솔직 후기,"배달알바 경험담 쿠팡 손부업과 비교해본 솔직 후기 배달알바를 시작한 이유 대학교 2학년 때 교통비랑 식비 때문에 생활비가 부족해졌어요. 카페 알바로는 한계가 있어서, 친구 추천으로 배달알바를 시작했어요....",http://cafe.naver.com/zpvkdcom/8153,"온라인보험 비교카페 - 종합,어린이,건...",https://cafe.naver.com/zpvkdcom,0,4,0,2,2,False
배달 부업 후기,배달,쿠팡배달파트너 수익 후기부터 지원방법까지 한 번에 정리!,"그래서 오늘은 쿠팡배달파트너 지원방법부터 실제 수익 후기, 장단점까지 한 번에 싹~ 정리해드릴게요! ◆쿠팡배달파트너 요즘 인기 많은 이유◆ 요즘 배달 부업 중에서 쿠팡배달파트너가 특히 많이 언급되는 이유는...",http://cafe.naver.com/koarane/568039,리얼리뷰 공유소ㅣ내돈내산 찐리뷰 커...,https://cafe.naver.com/koarane,0,6,0,0,6,False
배달 부업 후기,배달,배달부업 한 달 후기,"----------------------------- - 전자로 배달 부업 한 달 차입니다. 대전에서 저녁 3시간에서 ~ 4시간 정도 하는데 콜이 너무 랜덤하니 시급도 랜덤합니다. 공휴일 전날과 공휴일, 금, 토요일이 그나마 콜이 좀 있고 일요일은 많을...",http://cafe.naver.com/nds07/2211936,"배달세상 :: 배달대행, 쿠팡이츠, 배민...",https://cafe.naver.com/nds07,0,4,0,0,4,False
배달 부업 후기,배달,알리 블박 2채널 구매후기,현재 배달부업 준비중인데 자전거 계약금내고 기다리는중에 이것저것. 알아보고 시키는데 그중 알리 블박이 있더라고요 돈여유가 없어서 구입했는데 괜찮네요 테스트만 해봤는데 실사용하시는 분들은 만족하시나요 ??,http://cafe.naver.com/eletricmotors/323039,전달사 -전기자전거로 달리는 사람들,https://cafe.naver.com/eletricmotors,0,4,0,0,4,False
배달 부업 후기,배달,쿠팡이츠 배달 수익 구조부터 꿀팁까지 한 번에 정리!,요즘 배달 부업 진짜 핫하더라구요! 특히 쿠팡이츠는 단건배달 시스템으로 인기가 엄청 많아요 ㅎㅎ 그래서... 저도 후기들 보니까 이 시간대만 잘 활용해도 수익 차이가 꽤 크더라구요. ◆쿠팡이츠 배달 장단점 솔직 정리...,http://cafe.naver.com/uouv96/2635,오늘도 달린다 ㅣ영업·창업·부업 ㅣ...,https://cafe.naver.com/uouv96,0,6,0,0,6,False
배달 부업 후기,배달,부업 해보신 분 솔직 후기 현실 수익 공개,"이때 많이들 포기하는 것 같아요ㅠㅠ ───────────────── [알바형 부업 해본 후기] 단기 알바, 배달 이런 것도 해봤어요. 처음엔 바로 돈이 들어오니까 좋긴 하죠. 근데 하루 쉬면 수입도 바로 끊기는...",http://cafe.naver.com/koarane/250150,리얼리뷰 공유소ㅣ내돈내산 찐리뷰 커...,https://cafe.naver.com/koarane,0,6,0,0,6,False
배달 부업 후기,배달,배민커넥트 쿠팡이츠 배달파트너 후기 지난 2년간 수입 및 프로모션 미션 정보!,"배달 부업 2년 했습니다, 수입이랑 프로모션 미션 정보 다 알려드릴게요 배달 부업을 시작하기 전에 인터넷을 열심히 찾아봤는데 솔직한 후기를 찾기가 쉽지 않았어요. 과장된 수익 글이나 너무 부정적인 글만 있어서...",http://cafe.naver.com/cosmania/38339653,카페 파우더룸 [ 화장품.뷰티.쇼핑.일...,https://cafe.naver.com/cosmania,0,6,0,0,6,False
배달 부업 후기,배달,화이트데이 배달후기 ㄷㄷ,배달라이더 쿠팡배달 배민 배플 배민커넥트 도보 배달수입 전기자전거 배달카페 배달세상 쿠팡이츠 배달파트너 쿠플 자전거수익 카카오퀵 오토바이 정비 차팡 차민 배달투잡 배달알바 그라이더 배달부업 미션 요기요...,http://cafe.naver.com/haejukdl/188220,배달나라 - 배민커넥트 쿠팡이츠 오토...,https://cafe.naver.com/haejukdl,0,8,0,0,8,False
배달 부업 후기,스마트스토어,40대 직장인 부업 고민된다면? 제가 직접 해보고 느낀 후기,"재택부업들이 인기를 끌고 있더라구요. 예전처럼 무조건 배달이나 육체노동을 해야 하는 시대가 아니라... ◆제가 직접 해본 집부업 후기◆ 솔직히 처음에는 블로그, 스마트스토어, 쿠팡파트너스 이런 단어 자체도...",http://cafe.naver.com/uouv96/4453,오늘도 달린다 ㅣ영업·창업·부업 ㅣ...,https://cafe.naver.com/uouv96,0,12,0,0,12,False
배달 부업 후기,배달,카드배달부업 현실 수입과 실제 후기 정리,카드배달부업 현실 수입과 실제 후기 정리 요즘 카드배달부업 알아보는 분들 진짜 많아진 느낌이에요. 저도 솔직히 말하면 육아랑 회사일 병행하다 보니 추가 수입이 너무 절실했거든요. 그래서 이것저것 찾아보다가...,http://cafe.naver.com/koarane/229863,리얼리뷰 공유소ㅣ내돈내산 찐리뷰 커...,https://cafe.naver.com/koarane,0,4,0,0,4,False
배달 부업 후기,배달,"주말투잡추천, 집에서 시작한 부업 후기","주말투잡추천, 집에서 시작한 부업 후기 주말이면 쉬는 대신 뭘 해볼까 고민이 많았어요. 육아는 손이 덜... 처음엔 배달, 카페 알바 이런 것도 봤는데 체력 소비가 너무 크더라구요. 그래서 선택한 건 블로그 기반의...",http://cafe.naver.com/koarane/345737,리얼리뷰 공유소ㅣ내돈내산 찐리뷰 커...,https://cafe.naver.com/koarane,0,8,0,2,6,False
배달 부업 후기,배달,"배달나라 카페 3,4월 네이버 페이 이벤트 당첨된 5천원으로 알뜰 개 알뜰하게 좋아하는 싸구려 콜라 12병을...",배달라이더 쿠팡배달 배플 배민커넥트 도보 배달수입 pcx 전기자전거 nmax 배달카페 배달음식 배달세상 쿠팡이츠 배달파트너 쿠플 자전거 오토바이 배달투잡 유튜버 배달알바 그라이더 배달부업 배민미션 배달거지...,http://cafe.naver.com/haejukdl/198596,배달나라 - 배민커넥트 쿠팡이츠 오토...,https://cafe.naver.com/haejukdl,0,6,0,0,6,False
배달 부업 후기,배달,350w 전기자전거로 배달 부업 하시는 분들 후기가 궁금합니다 ㅠ,부천에서 배달 부업으로 전기자전거를 알아보고 있는데요 350w 로도 부족함 없이 가능하신걸까요??,http://cafe.naver.com/eletricmotors/266441,전달사 -전기자전거로 달리는 사람들,https://cafe.naver.com/eletricmotors,0,4,0,2,2,False
배달 부업 후기,배달,투자현황 (feat.부업1주년 후기),이상 부업수입을 가정하고 했는데... 주로 했던 부업이 대리운전과 배달이라 부가가치가 높지 않고 온전히... 1년 부업후기 1. 부업도 장기투자처럼 한 일년해보니 편의점 알바 같이 급여를 받지 않는이상 잘 버는 날도...,http://cafe.naver.com/divclub/16915,"배당 투자자 모임 [미국주식,ETF,장기...",https://cafe.naver.com/divclub,0,6,0,0,6,False
배달 부업 후기,배달,배달횟집 부업으로 시작했다가 대박난 사연ㅋㅋ,추가 후기: 친구 부부의 대박 케이스] 제 친구 남편은 직장 다니다가 저희 부부 장사 되는거 보고 주말 부업으로 배달횟집 시작했어요. 우선 저희집에서 물건 받아서 (서로 멀지 않은 지역이거든요 ㅎ) 처음엔 저녁만 열고...,http://cafe.naver.com/koarane/233084,리얼리뷰 공유소ㅣ내돈내산 찐리뷰 커...,https://cafe.naver.com/koarane,0,4,0,0,4,False
배달 부업 후기,배달,"쿠팡이츠배달파트너, 요즘 40대 사이에 핫한 부업이래요","쿠팡이츠배달파트너, 요즘 40대 사이에 핫한 부업이래요 혹시 요즘 주변에 쿠팡이츠배달파트너 시작하신 분들 계신가요? 제가 사는 동네 맘카페에서도 갑자기 관련 후기가 많아져서 궁금하더라구요! 그래서 저도 직접...",http://cafe.naver.com/koarane/212561,리얼리뷰 공유소ㅣ내돈내산 찐리뷰 커...,https://cafe.naver.com/koarane,0,4,0,2,2,False
배달 부업 후기,유튜브,아무도 안 궁금한 전기자전거 배달 후기,주업으로는 못 하고 부업으로는 누구 눈치 안보고 해도 되니 이만한 일 없는거 같아요. 근무 중 잠깐 짬나서 뻘글 후기 썼습니다. ㅎㅎ 더운데 건강 유의 하시고 안전 운전 하세요~ 일 끝나고 배달 한다고 요즘 유튜브도 못...,http://cafe.naver.com/mp3vilge/2259436,★ 그랜져ig 공식 동호회 [그랜저 패밀...,https://cafe.naver.com/mp3vilge,0,6,0,2,4,False
배달 부업 후기,배달,배달대행창업 부업전환 가능한 이유 요즘,"배달대행창업 부업전환 가능한 이유 요즘 요즘 배달대행창업 이야기 많이 들리죠. 저도 사실 그냥 흘려듣다가... ───────────────── [실제 후기에서 많이 나오는 말들] 알아보면서 느낀 건, 후기에서...",http://cafe.naver.com/koarane/281792,리얼리뷰 공유소ㅣ내돈내산 찐리뷰 커...,https://cafe.naver.com/koarane,0,4,0,0,4,False
배달 부업 후기,배달,"광명 일자리 추천, 알바보다 수익 큰 부업 후기","광명 일자리 추천, 알바보다 수익 큰 부업 후기 혹시 광명 사시는 분들 중에 “알바 말고, 뭔가 수익이 더 잘 나는 부업 없을까?” 고민하셨던 적 있으신가요? 저도 처음에는 당연히 배달 알바나 쿠팡 플렉스부터...",http://cafe.naver.com/koarane/152884,리얼리뷰 공유소ㅣ내돈내산 찐리뷰 커...,https://cafe.naver.com/koarane,0,6,0,2,4,False
배달 부업 후기,배달,대구 따르배 후기,배달라이더 쿠팡배달 배플 배민커넥트 도보 배달수입 pcx 전기자전거 nmax 배달카페 배달음식 배달세상 쿠팡이츠 배달파트너 쿠플 자전거 오토바이 배달투잡 유튜버 배달알바 그라이더 배달부업 배민미션 배달거지...,http://cafe.naver.com/haejukdl/199235,배달나라 - 배민커넥트 쿠팡이츠 오토...,https://cafe.naver.com/haejukdl,0,6,0,0,6,False
배달 부업 후기,배달,지방광역시 부업 일대인의 월드컵 한국전 첫날 배달 후기..,지방광역시에서 부업으로 일대하고 있습니다. 이하 음슴체 양해 부탁드립니다. 부업인데다 본업이... 평소 자체 배달하는 멕시코 스타일 치킨집도.. 오늘은 자체배달 포기했는지 콜 엄청 띄움.. 평소엔 콜 보기 힘들었는데....,http://cafe.naver.com/nds07/2711046,"배달세상 :: 배달대행, 쿠팡이츠, 배민...",https://cafe.naver.com/nds07,0,4,0,0,4,False
배달 부업 후기,배달,우유배달알바 부업으로 진짜 괜찮을까..?,"사실 저도 최근에 부업 알아보다가 이 우유배달알바가 검색에 자주 뜨길래 ""에이~ 요즘 누가 이걸 해?"" 했다가... 음... 솔직히 좀 생각 바꼈어요ㅋㅋ 그래서 오늘은 제가 조사한 리얼 현실 후기를 공유해보려구요!...",http://cafe.naver.com/koarane/232209,리얼리뷰 공유소ㅣ내돈내산 찐리뷰 커...,https://cafe.naver.com/koarane,0,4,0,0,4,False
배달 부업 후기,배달,"우유배달 알바보다 현실적인 부업, 직접 해본 후기입니다","글쓰기 부업을 알게 됐어요. 처음엔 조금 낯설었어요. ‘이게 정말 되는 구조일까?’ 싶었는데, 알아보니 카페에 후기나 정보글을 쓰고, 그 글이 노출되면 수익이 생기는 구조더라구요. 광고글처럼 보이게 쓰는 게 아니라...",http://cafe.naver.com/koarane/300494,리얼리뷰 공유소ㅣ내돈내산 찐리뷰 커...,https://cafe.naver.com/koarane,0,6,0,0,6,False
배달 부업 후기,배달,부업거리 추천받고 시작한 재택알바 후기 알려드림,"부업거리 추천받고 시작한 재택알바 후기 알려드림 혹시 요즘 부업거리 뭐가 괜찮은지 고민 중이신 분들... 어떤 분은 쿠팡플렉스 같은 배달 부업 찾고, 또 어떤 분은 집에서 하는 포장 알바나 데이터라벨링 같은 거...",http://cafe.naver.com/koarane/84481,리얼리뷰 공유소ㅣ내돈내산 찐리뷰 커...,https://cafe.naver.com/koarane,0,6,0,2,4,False
배달 부업 후기,배달,"테슬라 오너도 구매하는 전기 오토바이 V1... ""이유를 말씀드릴게요""",배달 부업이다보니 가격이 너무 비싸면 의미가 없었어요. 주행거리 + 가성비 두 가지를 동시에 잡은 게 이누리더라고요! 실제 후기는 어떠셨어요? 솔직하게요! 하루 3시간 배달을 해도 배터리가 넉넉하게 남아요! 표시되는...,http://cafe.naver.com/youtubejj/188109,"배배배 : 배달,배민커넥트,쿠팡이츠,퀵...",https://cafe.naver.com/youtubejj,0,4,0,0,4,False
배달 부업 후기,배달,50대에도 가능한 배달아르바이트 현실 후기와 준비 방법 정리해봤어요,"혹시 카페 회원님들 중에 배달아르바이트 실제로 해보신 분 계신가요? 수익이나 체력적으로 어떤지 솔직한 후기 좀 들려주시면 정말 도움이 될 것 같아요. 우리 나이에도 할 수 있는 현실적인 부업, 같이 정보 나눠봐요...",http://cafe.naver.com/eovhskfktmak/7606,4050 우리들의 두번째 시작[은퇴 국민...,https://cafe.naver.com/eovhskfktmak,0,6,0,0,6,False
배달 부업 후기,배달,배달대행창업 리얼후기.. 요즘 진짜 이만한 부업 있을까?,그래서 진짜 이것저것 알아보다가 ‘배달대행창업’에 관심이 확~ 생겼어요. 배달앱 전성시대잖아요? 근데... 부업 수준은 확실히 넘음...! ───────────────── (경험자 후기) 주변 지인도 시작했는데요.....,http://cafe.naver.com/koarane/185401,리얼리뷰 공유소ㅣ내돈내산 찐리뷰 커...,https://cafe.naver.com/koarane,0,4,0,0,4,False
배달 부업 후기,배달,배달할때 유용한 팁 하나드릴게요,----------------------------- 다른분들은 나침판을 사용하시는지 모르겠네요 저는 오토바이에 나침판을 붙혀 놨습니다 코로나 한창이던시절 강남에서 배달부업을 했었는데 강남은 바둑판처럼 길들이 네모형태로 되있는경우가...,http://cafe.naver.com/nds07/5437873,"배달세상 :: 배달대행, 쿠팡이츠, 배민...",https://cafe.naver.com/nds07,0,4,0,0,4,False
배달 부업 후기,배달,아이엠 아줌마. 워킹맘. 내일부터 배달부업 합니다,응원해주세요 배달 부업으로 한달에 100만원 벌기!!!! 바쁘게 살기!!! 후기 갖고 오겠슙니닷 지금 내가 제일 쓸모없는 인간 처럼 느껴지시는 분들 계신가요? 집밖으로 나가는 것 도 너무 힘들지만.. 일단 걸음을 떼 봅시다.,http://cafe.naver.com/remonterrace/32615159,"레몬테라스 [인테리어,리폼,DIY,요리,...",https://cafe.naver.com/remonterrace,0,4,0,0,4,False
배달 부업 후기,배달,배린이의 따끈따끈한 등급다이어트 후기,배달라이더 쿠팡배달 배플 배민커넥트 도보 배달수입 pcx 전기자전거 nmax 배달카페 배달음식 배달세상 쿠팡이츠 배달파트너 쿠플 자전거 오토바이 배달투잡 유튜버 배달알바 그라이더 배달부업 배민미션 배달거지...,http://cafe.naver.com/haejukdl/198775,배달나라 - 배민커넥트 쿠팡이츠 오토...,https://cafe.naver.com/haejukdl,0,6,0,0,6,False
배달 부업 후기,배달,배달라이더를 위한 배달나라 네이버 카페에 와서 첫 이벤트 당첨 된 커피 쿠폰을 값지게 사용하고 퍼서 98년...,그라이더 배달부업 미션 요기요 배달대행 배달나라 자동차배달... 그래서 ..저도 당첨 된 쿠폰 등등 사용후 후기를 정성스럽게 과도하게 써드리는 걸로 보답하고 있네요 ㅎㅎ 누가 보면 영등포구양이 직업적인 내 직업이...,http://cafe.naver.com/haejukdl/195022,배달나라 - 배민커넥트 쿠팡이츠 오토...,https://cafe.naver.com/haejukdl,0,4,0,0,4,False
배달 부업 후기,배달,천안 오토바이 부업 첫 배달 후기,"- 글작성시, 글의 성격에 맞는 게시판에 글작성해주세요. (자게에는 질문글 작성금지입니다.) - 글제목에 특수문자나 이모티콘 사용금지입니다.(과도한 !,?,초성어등 관심유도행위 절대 금지) - 글제목 2줄 미만 & 본문...",http://cafe.naver.com/nds07/5322305,"배달세상 :: 배달대행, 쿠팡이츠, 배민...",https://cafe.naver.com/nds07,0,4,0,2,2,False
배달 부업 후기,배달,도대체 시간당 몇개를 배달해야 살인 미션수행하지 않아도 되는지 배달안전운임제는 언제 도입 되는지 말들...,그라이더 배달부업 미션 요기요 배달대행 배달나라 자동차배달... 일어나 배달나라 카페 선배님들이 올려주신 후기들을 살펴보니… 게시글이 하나 눈에 보여 저도 게시글을 써 봅니다. 도대체 시간당 몇개를 배달해야...,http://cafe.naver.com/haejukdl/194520,배달나라 - 배민커넥트 쿠팡이츠 오토...,https://cafe.naver.com/haejukdl,0,4,0,0,4,False
배달 부업 후기,배달,배달의민족배달알바 부업으로 괜찮은지 직접 정리해봤어요,"잘 되는 날은 시급 개념으로 보면 꽤 괜찮다는 후기도 있었어요. 다만 비 오는 날이나 피크 시간 아니면... 배달알바, 부업, 수입 고민 있는 분들한테 딱 맞아 보였어요. 저처럼 고민 많은 분들이라면 한번쯤 볼...",http://cafe.naver.com/koarane/244564,리얼리뷰 공유소ㅣ내돈내산 찐리뷰 커...,https://cafe.naver.com/koarane,0,4,0,0,4,False
배달 부업 후기,배달,배달 부업하면서 타는 전기 자전거 애마 후기 남겨요~,"배달 부업하면서 타는 전기 자전거 애마 후기 남겨요! 크기가 적당해서 골목길이나 아파트 단지 돌기에 딱 좋고, 뒤좌석 공간 활용도 좋아서 배달가방 올리기도 편합니다400W 모터 덕분에 언덕길도 거뜬하고, 페달 보조랑...",http://cafe.naver.com/hbrp/88,자전공 - 자전거 전기자전거 공동구매...,https://cafe.naver.com/hbrp,0,4,0,0,4,False
배달 부업 후기,배달,광주광역시부업 주부부터 직장인까지 요즘 이거 해요,"광주광역시 부업 ───────────────── [# 광주에서 인기 많은 배달 부업] 먼저 생각보다... 블로그, 인스타, 네이버플레이스 후기 같은 걸 남기면 소정의 수당을 받는 방식이에요. 광주 지역 카페나...",http://cafe.naver.com/koarane/259715,리얼리뷰 공유소ㅣ내돈내산 찐리뷰 커...,https://cafe.naver.com/koarane,0,6,0,0,6,False
배달 부업 후기,배달,"단순부업, 하루 1~2시간이면 될까? 해본 후기 있음","단순부업, 하루 1~2시간이면 될까? 해본 후기 있음 이 글 보시는 분들 중에도 퇴근 후 집에서 뭔가 단순하게... ───────────────── 사실 전 예전에 쿠팡이랑 배달 부업도 해봤는데요, 시간은 오래 걸리고...",http://cafe.naver.com/koarane/18129,리얼리뷰 공유소ㅣ내돈내산 찐리뷰 커...,https://cafe.naver.com/koarane,0,4,0,0,4,False
배달 부업 후기,배달,전기자전거배달 자토바이 vs 미니벨로 비교 후기,전달사 글을 전기자전거 추천글을 보다보니 많이들 출퇴근 용도와 함께 부업 배달을 생각하시고 전기자전거... 어떤 곳은 배달을 했다고 as 거부하는 곳도 있어서 꼭 as가 잘되고 후기들이 많은 전기자전거 브랜드를...,http://cafe.naver.com/eletricmotors/286875,전달사 -전기자전거로 달리는 사람들,https://cafe.naver.com/eletricmotors,0,4,0,2,2,False
배달 부업 후기,배달,Bhc 쏘이갈릭킹 후기 ㄷㄷ,배달라이더 쿠팡배달 배민커넥트 배플 배민커넥트 도보 배달수입 pcx 전기자전거 배달카페 배달세상 쿠팡이츠 배달파트너 쿠플 자전거 오토바이 정비 차팡 차민 배달투잡 배달알바 그라이더 배달부업 미션 요기요...,http://cafe.naver.com/haejukdl/195940,배달나라 - 배민커넥트 쿠팡이츠 오토...,https://cafe.naver.com/haejukdl,0,6,0,0,6,False
배달 부업 후기,유튜브,퇴근하고 부업으로 배달 해보려는데 어떤가요?,"싶어 부업을 고민 중입니다. 유튜브나 블로그에서 다양한 키워드 검색해보며 이것저것 알아보고는 있는데, 역시 실제 후기가 제일 정확할 것 같아서요. 자차나 자전거로 배달 알바 하면 기름값 떼고도 좀 남을까요?...",http://cafe.naver.com/mcy1/388,- HERE IS MCY ONLINE -,https://cafe.naver.com/mcy1,0,8,0,2,6,False
배달 부업 후기,배달,의정부부업 알아보시는 분들 요즘 진짜 많더라고요. 이유가 뭘까요?,"있는' 부업이 대세더라고요. 오늘은 제가 의정부부업 관련해서 알아본 정보, 유형, 실제 후기까지 정리해서... 배달 부업 – 쿠팡플렉스나 배민 커넥트 같은 플랫폼형 배달 부업은 유연하게 시간 조절이 가능해서...",http://cafe.naver.com/koarane/326702,리얼리뷰 공유소ㅣ내돈내산 찐리뷰 커...,https://cafe.naver.com/koarane,0,4,0,0,4,False
배달 부업 후기,배달,집에서 돈 버는법 재택부업 찾는다면 초보도 가능한 온라인부업 후기,"예전에는 부업이라고 하면 배달, 알바, 대리운전처럼 몸으로 뛰는 일이 먼저 떠올랐잖아요? 그런데 요즘은... 후기들 살펴보니까 50대, 60대 분들도 쉽게 따라했다는 이야기가 많았고, 단순 복사붙여넣기 방식이라 초보자도...",http://cafe.naver.com/cafemakecafebest/30784,세상모든꿀팁 ㅣ영업·창업·부업·투...,https://cafe.naver.com/cafemakecafebest,0,6,0,0,6,False
배달 부업 후기,배달,양화공원 2건 후기,배달라이더 쿠팡배달 배플 배민커넥트 도보 배달수입 pcx 전기자전거 배달카페 배달세상 쿠팡이츠 배달파트너 쿠플 자전거 오토바이 차팡 차민 배달투잡 유튜버 배달알바 그라이더 배달부업 미션 배달거지 실화탐사대...,http://cafe.naver.com/haejukdl/196597,배달나라 - 배민커넥트 쿠팡이츠 오토...,https://cafe.naver.com/haejukdl,0,6,0,0,6,False
배달 부업 후기,배달,쿠팡 와우회원기준 상품받고 후기 써보았자 별 혜택도 없는거 같아서 쓰지 않는데 네이버쇼핑 후기 방금 써...,배달라이더 쿠팡배달 배플 배민커넥트 도보 배달수입 pcx 전기자전거 nmax 배달카페 배달음식 배달세상 쿠팡이츠 배달파트너 쿠플 자전거 오토바이 배달투잡 유튜버 배달알바 그라이더 배달부업 배민미션 배달거지...,http://cafe.naver.com/haejukdl/198891,배달나라 - 배민커넥트 쿠팡이츠 오토...,https://cafe.naver.com/haejukdl,0,6,0,0,6,False
배달 부업 후기,배달,부업 배달용으로 퀄리 투어 맥스 500km 후기,"소소하게 용돈벌이 부업 및 취미 겸으로 전기차로 차팡을 하다가, 주차 문제와 아파트 차단기 스트레스로... 배달 시에는 빠른 승하차가 중요한데, 이번 투어맥스 모델은 스완형 디자인이라 시티 모델보다 승하차가 훨씬...",http://cafe.naver.com/eletricmotors/321243,전달사 -전기자전거로 달리는 사람들,https://cafe.naver.com/eletricmotors,0,4,0,0,4,False
배달 부업 후기,유튜브,시티로 배달 부업예정인데 괜찮을까요?,"----------------------------- 저녁에 2~3시간 가량 부업으로 할려고 생각중인데 선배님들 오토바이 추천좀 가능할까요ㅎㅎ 시티와 스쿠터종류(비전, scr110a, vf100 등등) 중에 고민중인데 후기와 유튜브 보니 pcx, nmax도 인기가...",http://cafe.naver.com/nds07/4566540,"배달세상 :: 배달대행, 쿠팡이츠, 배민...",https://cafe.naver.com/nds07,0,6,0,2,4,False
배달 부업 후기,배달,어제 첫 V5 전자 배달 후기,"----------------------------- 어제 전기자전거 V5로 첫 배달 완료하고 왔습니다. 후기는 상당히 편하다. 그리고 마지막 매달에 우측 그로틀 뒤로 댕기면 알아서 쭉 나가는걸 깨달아서 , 짜증났음 3 4 5로 하고 열심히 밟으니까...",http://cafe.naver.com/nds07/5189386,"배달세상 :: 배달대행, 쿠팡이츠, 배민...",https://cafe.naver.com/nds07,0,2,0,0,2,False
배달 부업 후기,배달,왕뚜껑 국물라볶이 후기 ㄷㄷ,배달라이더 쿠팡배달 배민커넥트 배플 배민커넥트 도보 배달수입 전기자전거 배달카페 배달세상 쿠팡이츠 배달파트너 쿠플 자전거수익 오토바이 정비 차팡 차민 배달투잡 배달알바 그라이더 배달부업 미션 요기요...,http://cafe.naver.com/haejukdl/195632,배달나라 - 배민커넥트 쿠팡이츠 오토...,https://cafe.naver.com/haejukdl,0,8,0,0,8,False
배달 부업 후기,배달,신문배달 부업 생각보다 쉬운 이유,단순 노동이지만 생각보다 스트레스는 적다는 후기 많았구요. 저도 검색하다가 ‘이건 진짜 사람마다 호불호 갈리겠다’ 싶었어요. 그래서 요즘은 신문배달 말고도 다른 방식의 부업도 같이 보게 되더라구요. 한 가지에만...,http://cafe.naver.com/koarane/250662,리얼리뷰 공유소ㅣ내돈내산 찐리뷰 커...,https://cafe.naver.com/koarane,0,4,0,0,4,False
배달 부업 후기,배달,"요즘 김포부업 알아보는데, 진짜 괜찮은 알바 없을까?","추가적으로, 실제 김포부업 후기나 커뮤니티 정보를 찾아보는 것도 큰 도움이 될 거예요. 많은 분들이 실제로 김포부업을 통해 추가 수입을 얻고 있어요. 제 주변에서도 퇴근 후 배달 알바를 하거나, 주말에 단기 알바를...",http://cafe.naver.com/koarane/120517,리얼리뷰 공유소ㅣ내돈내산 찐리뷰 커...,https://cafe.naver.com/koarane,0,4,0,0,4,False
배달 부업 후기,배달,"생수배달 하루 수익 현실체크, 해보니 장단점 확실하더라","제품만 배달하는 방식도 있어서, 여성분들도 충분히 가능한 부업이에요. 아파트 단지 중심으로 고정 루트가 생기면 훨씬 수월해져요 ───────────────── [* 이런 점은 불편하더라.. 현실 후기]...",http://cafe.naver.com/koarane/334892,리얼리뷰 공유소ㅣ내돈내산 찐리뷰 커...,https://cafe.naver.com/koarane,0,6,0,0,6,False
배달 부업 후기,배달,배린이의 생애첫다이아 2일차후기,배달라이더 쿠팡배달 배민커넥트 배플 배민커넥트 도보 배달수입 pcx 전기자전거 배달카페 배달세상 쿠팡이츠 배달파트너 쿠플 자전거 오토바이 정비 차팡 차민 배달투잡 배달알바 그라이더 배달부업 미션 배달거지...,http://cafe.naver.com/haejukdl/196050,배달나라 - 배민커넥트 쿠팡이츠 오토...,https://cafe.naver.com/haejukdl,0,6,0,0,6,False
배달 부업 후기,배달,부업 알바 배달생입니다 겔러리아포레 배달후기,",초성어등 관심유도행위 절대 금지) ----------------------------- - 오늘 겔러리아포레 배달갔는데 바이크 밖에 세워두고 업체 이름 기타 작성후 배달 완료 했습니다 사실 이런 건물들은 배달앱자체에서 커트해줘야 하지않나 혼자...",http://cafe.naver.com/nds07/3866161,"배달세상 :: 배달대행, 쿠팡이츠, 배민...",https://cafe.naver.com/nds07,0,4,0,0,4,False
배달 부업 후기,배달,쿠팡이츠알바 시간자유 부업 찾는다면 이건 어때요~,"바로 ‘배달 부업’이에요. 그 중에서도 단연 가장 많이 언급되는 건 바로 쿠팡이츠알바! 시간 자유롭고... 분들의 후기, 주의사항까지 깔끔하게 정리해드릴게...",http://cafe.naver.com/koarane/50186,리얼리뷰 공유소ㅣ내돈내산 찐리뷰 커...,https://cafe.naver.com/koarane,0,4,0,2,2,False
배달 부업 후기,배달,부업으로 배달하려는 청각장애인 한달 후기입니다.,"있는 부업배달러의 간단 요약입니다. 1. 청각 이슈는 크게 문제 되는건 없으나, 버거킹과 맥도날드가 생각보다 조대가 많아서 주문번호 말하고 몇분 걸리는지 물어보면 대답을 못 알아 듣는 애로사항이 있음. 마스크들...",http://cafe.naver.com/nds07/5104194,"배달세상 :: 배달대행, 쿠팡이츠, 배민...",https://cafe.naver.com/nds07,0,4,0,0,4,False
배달 부업 후기,배달,우유배달도 부업 전성시대의 핵심일까용?,"의외로 꿀템일지도 몰라요ㅎㅎ ───────────────── [* 요즘 우유배달 부업, 왜 다시 뜨는... 실제 후기들 보면... 생각보다 괜찮다구! #] 우유배달 후기들 보면 진짜 리얼해요. “혼자 조용히 일할 수 있어...",http://cafe.naver.com/koarane/147018,리얼리뷰 공유소ㅣ내돈내산 찐리뷰 커...,https://cafe.naver.com/koarane,0,4,0,0,4,False
배달 부업 후기,배달,노랑통닭 우도땅콩치킨 후기,배달파트너 쿠플 자전거수익 카카오퀵 오토바이 정비 차팡 차민 배달투잡 배달알바 그라이더 배달부업 미션 요기요 배달대행 배달나라 자동차배달 ----------------------------------------------------------- 노랑통닭 우도땅콩치킨 후기,http://cafe.naver.com/haejukdl/190703,배달나라 - 배민커넥트 쿠팡이츠 오토...,https://cafe.naver.com/haejukdl,0,8,0,0,8,False
배달 부업 후기,배달,여의도 후기,배달라이더 쿠팡배달 배플 배민커넥트 도보 배달수입 pcx 전기자전거 배달카페 배달세상 쿠팡이츠 배달파트너 쿠플 자전거 오토바이 차팡 차민 배달투잡 유튜버 배달알바 그라이더 배달부업 미션 배달거지 실화탐사대...,http://cafe.naver.com/haejukdl/196491,배달나라 - 배민커넥트 쿠팡이츠 오토...,https://cafe.naver.com/haejukdl,0,6,0,0,6,False
배달 부업 후기,배달,"우유배달알바, 새벽시간 부업으로 괜찮을까?","혹시 새벽에 조용히 돈 벌 수 있는 부업 찾고 계신 분 있나요? 요즘 진짜 다양한 부업이 있지만, 그 중에... 우유배달알바의 현실적인 정보랑, 해볼만한지 후기도 같이 풀어볼게요...",http://cafe.naver.com/koarane/213869,리얼리뷰 공유소ㅣ내돈내산 찐리뷰 커...,https://cafe.naver.com/koarane,0,4,0,0,4,False
배달 부업 후기,배달,배민 배차보너스 부활??,배달투잡 유튜버 배달알바 그라이더 배달부업 배민미션 배달거지 배달대행 중고 배달나라 자동차배달... 일단 나올때까지 쿠골플 유지해봐야겠다 배민충성 실험쥐 형아들이 알아서 다 타보고 후기 남겨주겠지 뭐,http://cafe.naver.com/haejukdl/198607,배달나라 - 배민커넥트 쿠팡이츠 오토...,https://cafe.naver.com/haejukdl,0,6,0,0,6,False
배달 부업 후기,배달,시니어 부업 뭐가 좋을까? 요즘 60대 이상이 주목하는 일!,"있는 부업은 생각보다 많지만, 체력 부담이 적은 게 가장 중요하더군요. 배달, 청소, 마트 일처럼 움직임이... ───────────────── [내가 선택한 시니어부업, 후기 공유] 저는 요즘 온라인으로 자동화 되는...",http://cafe.naver.com/koarane/179799,리얼리뷰 공유소ㅣ내돈내산 찐리뷰 커...,https://cafe.naver.com/koarane,0,4,0,2,2,False
배달 부업 후기,배달,수원부업 시작할 사람들 요즘 이거 진짜 많이 해요,"수원 부업의 장점은 뭘까?] 1. 유동인구 많아서 배달, 쿠팡플렉스 같은 부업도 수요 꾸준함 2. 상권이... ───────────────── [* 수원맘들 부업 후기 들어보니] 수원 인계동에 사는 지인 언니가 있거든요? 그...",http://cafe.naver.com/koarane/200425,리얼리뷰 공유소ㅣ내돈내산 찐리뷰 커...,https://cafe.naver.com/koarane,0,4,0,0,4,False
배달 부업 후기,배달,쿠팡이츠배달알바로 부업 시작해볼까 고민 중이신가요? 제가 최근에 알아본 정보 정리해드릴게요!,"단순하면서도 수익성 있는 부업을 찾는다면 한 번쯤 해볼 만하겠다는 생각이 들더라고요. 실제 수익은 얼마나 될까? 리얼 후기 모음 하루 3~4시간 기준으로 3만~6만 원 정도 수익이 나온다고 해요. 시간대, 지역, 배달거리...",http://cafe.naver.com/koarane/286752,리얼리뷰 공유소ㅣ내돈내산 찐리뷰 커...,https://cafe.naver.com/koarane,0,6,0,0,6,False
배달 부업 후기,배달,전기스쿠터 비교글 수십 개 읽다가 결국 고른 후기..,"특히 저처럼 매일 출퇴근 거리가 꽤 되거나 가끔 배달 부업이라도 해볼까 생각했던 분들은 '아, 편하게... 아래 상세페이지 하단에서 실제 사용자들의 솔직한 후기를 먼저 확인하고 결정해보세요. ◆ 품절 임박! 지금...",http://cafe.naver.com/cafemakecafebest/33267,세상모든꿀팁 ㅣ영업·창업·부업·투...,https://cafe.naver.com/cafemakecafebest,0,4,0,0,4,False
배달 부업 후기,배달,"의정부 부업 찾는다면, 재택 근무까지 가능한 이 일?","그리고 쿠팡퀵플렉스 같은 지역기반 배달 부업도 아직 수요가 많구요! 진짜 사람들마다 하는 건 다르지만... 명확하고, 후기 많은 곳이 훨씬 믿을만 하더라구요. 되게 그럴듯하게 써놨지만, 알고 보면 자기한테 돈 내라고...",http://cafe.naver.com/koarane/220668,리얼리뷰 공유소ㅣ내돈내산 찐리뷰 커...,https://cafe.naver.com/koarane,0,6,0,0,6,False
배달 부업 후기,배달,수원부업 요즘돈버는트렌드궁금하면 이거봐요,[수원부업 왜 이렇게 관심 많아졌을까?] 솔직히 물가 오른 거 다들 체감하시죠…? 배달 시켜도 가격이 막 훅... 그래도 월 30만 추가돼도 체감 미쳤잖아요 ───────────────── [수원부업 후기 보니까...,http://cafe.naver.com/koarane/121913,리얼리뷰 공유소ㅣ내돈내산 찐리뷰 커...,https://cafe.naver.com/koarane,0,4,0,2,2,False
배달 부업 후기,배달,쎄보로 새벽 2시간 배달 후기,"저는 회사에서 야간근무주에는 마치고 새벽 1시부터 3시까지 배달부업을 합니다 배민,쿠팡 둘다 켜서 콜 먼저오는거 받는식으로 배달을 해요 보통 이렇게 2시간하면 40km 정도 주행 거리가 되더라구요 이래저래...",http://cafe.naver.com/solvan/663,쎄보&마이브의 모든것(쏠밴모빌리티)S...,https://cafe.naver.com/solvan,0,4,0,0,4,False
배달 부업 후기,배달,슈퍼커브 -> 엔맥 기변후 부업 후기,"저는 주로 출퇴근 + 부업 배달(가끔...기름값 버는 정도) 하는 용도라서 저렇게 큰 배달통은 필요가 없어서요. 대차를 한 곳에선 소모품 교체가 다 된거니 문제없을것이다 했는데, 야마하 센터를 들어가서 보니...",http://cafe.naver.com/nmaxclub/57602,MAX LUV (YAMAHA NMAX / SMAX / XMAX ...,https://cafe.naver.com/nmaxclub,0,4,0,0,4,False
배달 부업 후기,배달,일반자전거 첫배달!!(멍청비용으로 1시간 넘게 소비),일반 자전거로 먼저 시작합니다!) 간단히 첫 일반자전거 배달후기를 올려봅니다 일이 극 비수기가 되면서 본업외의 시간에 할 수 있는 부업을 찾다가 배달부업을 시작했습니다. 첫 배달인 오늘은 3시간 조금 넘게...,http://cafe.naver.com/nds07/5157910,"배달세상 :: 배달대행, 쿠팡이츠, 배민...",https://cafe.naver.com/nds07,0,4,0,0,4,False
배달 부업 후기,배달,"직장인부업 현실후기, 친구 따라 시작했다가..ㅋㅋ","직장인부업 현실후기, 친구 따라 시작했다가..ㅋㅋ 음... 진짜 이 얘기는 꼭 써야겠어요. 요즘 제 주변에 부업... 그래서인지 제 주변에도 부업 하는 사람들 진짜 많아요. 회사 끝나고 투잡으로 배달이나 쿠팡플렉스 하는...",http://cafe.naver.com/koarane/250911,리얼리뷰 공유소ㅣ내돈내산 찐리뷰 커...,https://cafe.naver.com/koarane,0,6,0,0,6,False
배달 부업 후기,배달,자영업자부업 찾는다면 진짜 되는 일만 추렸습니다,"배달앱 수수료, 인건비, 재료비… 오르지 않는 건 제 통장 잔고뿐 ㅠ 그래서 부업을 알아보기 시작했고... 있는 부업 후기” 이런 식으로 글을 쓰면 홍보도 되고, 수익도 생기고, 관심도 받고 한 마디로 일석삼조! 이걸 왜...",http://cafe.naver.com/koarane/82274,리얼리뷰 공유소ㅣ내돈내산 찐리뷰 커...,https://cafe.naver.com/koarane,0,6,0,0,6,False
배달 부업 후기,배달,수원부업 찾는 중이라면 요즘 엄마들 사이에서 핫한 이거 아세요?,"플렉스나 배달도 생각했는데, 솔직히 체력적으로 넘 힘들어서 포기했었어요 요즘은 온라인 기반으로 시간... 보면 ‘부업 후기’ 진짜 많이 올라와요! 특히 “복사+붙여넣기만 해도 수익 나요” 이런 글 보면 처음엔...",http://cafe.naver.com/koarane/191552,리얼리뷰 공유소ㅣ내돈내산 찐리뷰 커...,https://cafe.naver.com/koarane,0,6,0,0,6,False
배달 부업 후기,배달,당진일자리 중에서 요즘 뜨는 부업은 어떤 게 있을까용?,"재택부업도 꽤 많이 올라오더라구요. 예를 들면 데이터라벨링, 타이핑 부업, 제품 후기 남기기 등등... 이런... 또 쿠팡플렉스나 배달의민족 같은 앱 기반 배달 부업도 당진에서는 꽤 활발한 편이에요. 요즘엔 주유비랑 시간...",http://cafe.naver.com/koarane/154420,리얼리뷰 공유소ㅣ내돈내산 찐리뷰 커...,https://cafe.naver.com/koarane,0,6,0,0,6,False
배달 부업 후기,배달,TORTUE 토투 배달가방 자석형 62L 쓰고 만족해서 하나 더 삼!,"지금까지 TORTUE 토투 배달가방 자석형 62L의 생생한 후기를 알려드렸는데요 저처럼 배달 부업 하시는 분들이라면, 진짜 강추드리고 싶어요. 가격 대비 성능 미쳤고, 장비발로 스트레스 줄이는 데 최고! 사용자 만족도...",http://cafe.naver.com/koarane/319809,리얼리뷰 공유소ㅣ내돈내산 찐리뷰 커...,https://cafe.naver.com/koarane,0,4,0,0,4,False
배달 부업 후기,배달,오늘의 날씨 알려 드리면서 영등포구양의 배달 라이더 출근 송 듀스의 여름안에서 골라서 올려봅니다,그라이더 배달부업 미션 요기요 배달대행 배달나라 자동차배달... 요양원 가서 생을 끝내려고 시뮬레이션으로 멀쩡한 아파트 비워두고 영등포 싸꾸려 고시원에 가서 바퀴벌레와 몇달 살아보기도 하고 ( 후기를 고시원...,http://cafe.naver.com/haejukdl/189836,배달나라 - 배민커넥트 쿠팡이츠 오토...,https://cafe.naver.com/haejukdl,0,4,0,0,4,False
배달 부업 후기,배달,쿠팡부업 고민하는 분들이 진짜 궁금해하는 현실팁 알려드려요~,"오늘은 쿠팡부업의 종류, 실제 후기, 시작 전에 꼭 알아야 할 부분 등을 찐솔직하게 적어볼게요 ───────────────── [쿠팡부업 종류가 이렇게 많다고?] 쿠팡부업이라고 하면 다들 ‘배달’만 떠올리는데...",http://cafe.naver.com/koarane/169152,리얼리뷰 공유소ㅣ내돈내산 찐리뷰 커...,https://cafe.naver.com/koarane,0,4,0,2,2,False
배달 부업 후기,배달,"부업라이더가 극찬한, 이누리 V1 실 사용 후기",오늘은 실제 배달 라이더의 생생한 이누리 V1 사용 후기를 가져왔어요! 무려 22년도에 처음 구매하고 3년 타고 나서 같은 기종으로 재구매까지 하신 분인데요. 이정도면 이누리 찐팬 아닐까요? 인천 중구에 거주 중이신...,http://cafe.naver.com/nds07/5481761,"배달세상 :: 배달대행, 쿠팡이츠, 배민...",https://cafe.naver.com/nds07,0,4,0,0,4,False
배달 부업 후기,배달,여자 자전거 배달 후기 궁금,제가 사는 지역에 어떤 애기 엄마가 애 하원보내고 집 안 일 등등 다하고 남는 시간에 배달 부업한다더라구요? 좀 유명 한가바여 여자가 잘 없어서 그런지 몰라도?? 저도 할까하는데 언제든 빼고 시간 맘대로 조율도...,http://cafe.naver.com/imsanbu/75736124,맘스홀릭 베이비 (360만 엄마들의 임신...,https://cafe.naver.com/imsanbu,0,4,0,2,2,False
배달 부업 후기,배달,차팡 한달 부업 후기,",초성어등 관심유도행위 절대 금지) ----------------------------- - 본업으로 제가 좋아하는 것과 저축을 동시에 하기가 힘들어서 부업을 시작했는데 결과적으로는 만족합니다... 어렸을때 차로 마트배달을 해본 경험이 아주...",http://cafe.naver.com/nds07/3866592,"배달세상 :: 배달대행, 쿠팡이츠, 배민...",https://cafe.naver.com/nds07,0,4,0,0,4,False
배달 부업 후기,배달,"쿠팡배달파트너, 하루 1시간 투자로 수익 올리기","사람들의 후기] 주변에 쿠팡배달파트너로 부업하시는 분들 대부분 “간단하고 자유롭다”라고 하시더라구요. 특히 직장인, 학생, 주부 분들에게 최적화된 부업이라고 느꼈어요. 저도 퇴근 후 여유롭게 1~2시간만...",http://cafe.naver.com/koarane/106390,리얼리뷰 공유소ㅣ내돈내산 찐리뷰 커...,https://cafe.naver.com/koarane,0,8,0,0,8,False
배달 부업 후기,배달,왓더버거 후기,배달라이더 쿠팡배달 배민 배플 배민커넥트 도보 배달수입 전기자전거 배달카페 배달세상 쿠팡이츠 배달파트너 쿠플 자전거수익 카카오퀵 오토바이 정비 차팡 차민 배달투잡 배달알바 그라이더 배달부업 미션 요기요...,http://cafe.naver.com/haejukdl/191753,배달나라 - 배민커넥트 쿠팡이츠 오토...,https://cafe.naver.com/haejukdl,0,8,0,0,8,False
배달 부업 후기,배달,딜리래빗 부업수익 실제후기 전부 모아봄,"딜리래빗 부업수익 실제후기 전부 모아봄 요즘 퇴근 후 시간이 너무 아까워서 뭐라도 부업을 해보자 싶어... ─ ──────────────── [# 딜리래빗이 뭔가요?] 간단히 말하면, 소형 전기 오토바이로 배달을...",http://cafe.naver.com/koarane/211469,리얼리뷰 공유소ㅣ내돈내산 찐리뷰 커...,https://cafe.naver.com/koarane,0,6,0,0,6,False
배달 부업 후기,배달,배린이 첫 배달 후기,저 같은 경우 생계형 부업이고 시간은 오후 7시부터 15~20건 정도를 하려고 생각하고 있어요. 활동장소는... 아는척 해주시면 커피 한 잔 대접해 드리겠습니다~~ 이상 허접한 배린이 첫 배달후기 였습니다 ㅎㅎ 그럼 다음...,http://cafe.naver.com/nds07/2559396,"배달세상 :: 배달대행, 쿠팡이츠, 배민...",https://cafe.naver.com/nds07,0,4,0,0,4,False
배달 부업 후기,배달,배민 플러스 (배플) 3시간 후기 (+커피집이야기),"그라이더 배달부업 미션 요기요 배달대행 배달나라 자동차배달... ---------------------------------------------------------------- 배플 후기 ※ 저는 빠른 기사가 아닙니다. 작년 쿠플 시간당 3~4개 쳤었고 올해 일쿠, 일반배민 시간당 4...",http://cafe.naver.com/haejukdl/188397,배달나라 - 배민커넥트 쿠팡이츠 오토...,https://cafe.naver.com/haejukdl,0,4,0,0,4,False
배달 부업 후기,배달,슈퍼커브 25년식 배달 시승 후기! (신차 리뷰),"배달 일 할 때는 스쿠터가 편하다는 생각은 슈퍼커브 21년식 이상 통용되지 않는 얘기라고 의견 한 표 던집니다. 색상은 펄화이트로 구매했는데, 펄이 있어서인지 빛이 난다는 피드백도 받고 만족스럽습니다. 무엇보다...",http://cafe.naver.com/nds07/5371447,"배달세상 :: 배달대행, 쿠팡이츠, 배민...",https://cafe.naver.com/nds07,0,2,0,0,2,False
배달 부업 후기,배달,콜은 계속 오는데 돈이 안 됩니다 (쿠플 후기),"건강상 이유로 잠시 쉬었다가 다시 부업으로 배달을 시작했습니다. 배민은 하지 않고 쿠플 등록 후 운행을 시작했는데, 포크가 많아도 대기 시간이 길고 결국 다른 라이더들이 거절한 시골 지역 저단가 콜을 받게 되는...",http://cafe.naver.com/nds07/5469289,"배달세상 :: 배달대행, 쿠팡이츠, 배민...",https://cafe.naver.com/nds07,0,4,0,0,4,False
배달 부업 후기,배달,직장인 새벽 우유배달 알바 부업 시작(1달 후기),"지난 5월말 새벽에 우유배달 하는 알바를 시작했습니다. 일주일에 2회(월요일, 수요일), 새벽에 하는것이고... 한 달에 부업으로 돈을 버니 뭔가 더 뿌듯하고, 요즘 늘어나는 물가와 이자 때문에 참 힘든데, 도움이 되는...",http://cafe.naver.com/onepieceholicplus/4431413,"월급쟁이 재테크 연구카페(예금,적금,...",https://cafe.naver.com/onepieceholicplus,0,4,0,0,4,False
배달 부업 후기,배달,쿠팡배달파트너 후기 보니까 장단점 뚜렷하던데요,"혹시 쿠팡배달파트너 해보신 분 계신가요? 요즘 날도 선선하고, 이웃들도 부업으로 많이 시작하던데 저도 호기심 반, 수익 궁금증 반으로 정보 찾아보다가 후기들 정리한 김에 제 생각도 곁들여 공유해보려고요 진짜...",http://cafe.naver.com/koarane/36284,리얼리뷰 공유소ㅣ내돈내산 찐리뷰 커...,https://cafe.naver.com/koarane,0,6,0,2,4,False
배달 부업 후기,배달,고도비만 마운자로 2일차 후기,배달라이더 쿠팡배달 배민 배플 배민커넥트 도보 배달수입 전기자전거 배달카페 배달세상 쿠팡이츠 배달파트너 쿠플 자전거수익 카카오퀵 오토바이 정비 차팡 차민 배달투잡 배달알바 그라이더 배달부업 미션...,http://cafe.naver.com/haejukdl/192422,배달나라 - 배민커넥트 쿠팡이츠 오토...,https://cafe.naver.com/haejukdl,0,8,0,0,8,False
배달 부업 후기,배달,"쿠팡배달파트너 후기, 수익 낼 수 있는 현실 꿀팁은?","저는 얼마 전부터 진지하게 부업을 고민하다가 쿠팡배달파트너를 잠깐 해본 경험이 있어서, 이참에 현실 후기를 공유해볼까 해요! 또, 제가 직접 해보면서 알게 된 꿀팁도 같이 풀어드릴게요ㅎㅎ...",http://cafe.naver.com/koarane/206126,리얼리뷰 공유소ㅣ내돈내산 찐리뷰 커...,https://cafe.naver.com/koarane,0,6,0,0,6,False
배달 부업 후기,배달,쉘위바이크 구매후 배달 후기,배달 부업을 하기 위해 전자 고르는데 업청 고민을 많이했습니다. 일단 삼천리 모토벨로 퀄리는 모두 매방에서 직접 제품을 봤으나 배달 특성상 거친 주행으로 인한 접이식 바이크는 장기적으로는 좀 불안해 보였습니다....,http://cafe.naver.com/eletricmotors/244328,전달사 -전기자전거로 달리는 사람들,https://cafe.naver.com/eletricmotors,0,4,0,0,4,False
배달 부업 후기,배달,영등포구양의 배달 안전장비인 4번째 기종으로 구입한 이노브 h5 액션캠 효과 ? 이걸 헬멧에 달고 다닌 후부...,그라이더 배달부업 미션 요기요 배달대행 배달나라 자동차배달... 내돈 내산 후기 입니다 ㅎ 미쳐요 ㅎㅎ 당근마켓에 아직도 중고가 가끔 올라오더군요 ㅎㅎ 한동안 도대체 유튜버가 뭐여? 궁금해서 모니터링 도 할겸...,http://cafe.naver.com/haejukdl/191151,배달나라 - 배민커넥트 쿠팡이츠 오토...,https://cafe.naver.com/haejukdl,0,4,0,2,2,False
배달 부업 후기,배달,배달용 전자 무제한 배터리 후기,----------------------------- 지난번에 그라인드 전기자전거 궁금해서 글 올렸었는데 결국 시승하고 질러서 배달 뛴지 2주정도 됐네요 비도오고 적적하니 후기 적습니다... 처음 부업 시작할 때 중고로 괜찮아 보이는거 뭣모르고...,http://cafe.naver.com/nds07/5424548,"배달세상 :: 배달대행, 쿠팡이츠, 배민...",https://cafe.naver.com/nds07,0,4,0,2,2,False
배달 부업 후기,배달,도보 배달 후기.,"원래는 부업으로 오토바이로 배달을 하다가, 오늘 눈도 오고 그래서 도보로 해봤습니다. 늘 밤 10시에 시작해서 마감했는데, 오토바이로는 자신이 없더라고요. 도보를 2시간 정도 했는데, 6건 했고, 29,000원 정도 벌었어요....",http://cafe.naver.com/nds07/4442442,"배달세상 :: 배달대행, 쿠팡이츠, 배민...",https://cafe.naver.com/nds07,0,4,0,0,4,False
배달 부업 후기,배달,"연료 첨가제, 정말 엔진에 보약이 될까요?","유튜버 배달알바 그라이더 배달부업 미션 배달거지 실화탐사대 배달대행 중고 배달나라 자동차배달... ""엔진 소리가 부드러워졌다"", ""연비가 좋아졌다""는 후기가 들리는데, 사실 배달용 오토바이는 가다 서다를 반복해서...",http://cafe.naver.com/haejukdl/197153,배달나라 - 배민커넥트 쿠팡이츠 오토...,https://cafe.naver.com/haejukdl,0,4,0,0,4,False
배달 부업 후기,배달,쿠팡배달파트너 요즘 수익구조 솔직 후기,"부업, 배달, 일자리 고민 계속 반복 중이라면 한번쯤 볼만하겠다 싶었어요. 괜히 사람들이 모이는 데는 이유가 있더라구요. 지금처럼 몸으로 버는 수익에만 의존하는 게 고민이라면요. 한 번은 구조 자체를 바꿔보는 선택도...",http://cafe.naver.com/koarane/244245,리얼리뷰 공유소ㅣ내돈내산 찐리뷰 커...,https://cafe.naver.com/koarane,0,6,0,0,6,False
배달 부업 후기,배달,분당 수목금 후기,배달라이더 쿠팡배달 배민 배플 배민커넥트 도보 배달수입 전기자전거 배달카페 배달세상 쿠팡이츠 배달파트너 쿠플 자전거수익 카카오퀵 오토바이 정비 차팡 차민 배달투잡 배달알바 그라이더 배달부업 미션 요기요...,http://cafe.naver.com/haejukdl/190930,배달나라 - 배민커넥트 쿠팡이츠 오토...,https://cafe.naver.com/haejukdl,0,8,0,0,8,False
배달 부업 후기,배달,요즘 부업을 하면서 느낀것,어제 5시간 일하고10만1천원 벌었고 오늘 8시간일하고14만3천원 벌었는데 너무나도 귀하고 소중합니다... 앞으로는 본업을 사랑하고 돈을 존중해주며 살아야겠슴다 ... 이상 배달부업 후기!,http://cafe.naver.com/ptcruisermaintain/5809,pt 크루저를 만지는 사람들- 피티크루...,https://cafe.naver.com/ptcruisermaintain,0,4,0,0,4,False
배달 부업 후기,배달,배플 후기 2일차,배달라이더 쿠팡배달 배민 배플 배민커넥트 도보 배달수입 전기자전거 배달카페 배달세상 쿠팡이츠 배달파트너 쿠플 자전거수익 카카오퀵 오토바이 정비 차팡 차민 배달투잡 배달알바 그라이더 배달부업 미션 요기요...,http://cafe.naver.com/haejukdl/188556,배달나라 - 배민커넥트 쿠팡이츠 오토...,https://cafe.naver.com/haejukdl,0,8,0,0,8,False
배달 부업 후기,배달,"오토바이 '도난' 사고, ""잠깐인데 설마"" 하다가 당합니다",그라이더 배달부업 미션 요기요 배달대행 배달나라 자동차배달... 여러분은 주정차 시 도난 방지를 위해 어떤 노력을 하시나요? 혹시 도난방지기나 GPS 추적기 달고 계신 분들의 후기도 궁금합니다!,http://cafe.naver.com/haejukdl/195498,배달나라 - 배민커넥트 쿠팡이츠 오토...,https://cafe.naver.com/haejukdl,0,4,0,2,2,False
배달 부업 후기,배달,2015년 금연 했으니 벌써 11년 째라 담배사로 갈때마다 단골로 다니던 편의점은 이제 1년에 1~2번 갈까 말까...,그라이더 배달부업 미션 배달거지 배달대행 중고 배달나라 자동차배달... 독립생활 후기 쓴 3천원 상품권이 있기에 편의점 들어가 이런저런 구경하다 살것이 없어 ㅠㅠ 라면 1개 1천원이라고 써 있길래 3개 들고 왔네요...,http://cafe.naver.com/haejukdl/197828,배달나라 - 배민커넥트 쿠팡이츠 오토...,https://cafe.naver.com/haejukdl,0,4,0,0,4,False
배달 부업 후기,배달,출근 후에도 가능! 요즘 많이 하는 파트타임부업 총정리,"◆요즘 많이 하는 파트타임부업 종류◆ 예전에는 배달, 오프라인 아르바이트 중심이었다면 요즘은 온라인형... 파트타임부업 입문자들이 많이 찾는다고 하더라구요. 후기들 보면 “생각보다 간단했다”는 반응도 꽤...",http://cafe.naver.com/uouv96/9450,오늘도 달린다 ㅣ영업·창업·부업 ㅣ...,https://cafe.naver.com/uouv96,0,4,0,0,4,False
배달 부업 후기,배달,그라인드 전기자전거&배터리 교환기 사용 후기입니다.,부업으로도 배달하려고 해서 충전 많이 해야 하는데. 이건 충전할 필요 없다 해서요. 불날걱정도 안 될 것... 좀 더 타보고 후기 다시 써보겠습니다. 날씨도 풀리고 있는데 모두 안전하고 재밌게 라이딩 하세요 ㅎ.ㅎ,http://cafe.naver.com/eletricmotors/322463,전달사 -전기자전거로 달리는 사람들,https://cafe.naver.com/eletricmotors,0,4,0,0,4,False
배달 부업 후기,배달,아침조 후기,배달라이더 쿠팡배달 배민 배플 배민커넥트 도보 배달수입 전기자전거 배달카페 배달세상 쿠팡이츠 배달파트너 쿠플 자전거수익 카카오퀵 오토바이 정비 차팡 차민 배달투잡 배달알바 그라이더 배달부업 미션 요기요...,http://cafe.naver.com/haejukdl/190307,배달나라 - 배민커넥트 쿠팡이츠 오토...,https://cafe.naver.com/haejukdl,0,8,0,0,8,False
배달 부업 후기,배달,직장인도 가능한 부업 추천 하루 30분 투자로 시작하는 현실 부업,"예전에는 부업이라고 하면 배달이나 대리운전만 떠올렸는데, 요즘은 집에서 노트북 하나만 있어도 가능한... 후기 보니까 단순 복사 붙여넣기 형태로도 쉽게 접근 가능했다는 내용도 꽤 보이더라구요. 온네스 카페에는...",http://cafe.naver.com/cafemakecafebest/37396,세상모든꿀팁 ㅣ영업·창업·부업·투...,https://cafe.naver.com/cafemakecafebest,0,6,0,2,4,False
배달 부업 후기,배달,인중 및 턱 레이저제모후기,배달라이더 쿠팡배달 배민 배플 배민커넥트 도보 배달수입 전기자전거 배달카페 배달세상 쿠팡이츠 배달파트너 쿠플 자전거수익 카카오퀵 오토바이 정비 차팡 차민 배달투잡 배달알바 그라이더 배달부업 미션 요기요...,http://cafe.naver.com/haejukdl/190140,배달나라 - 배민커넥트 쿠팡이츠 오토...,https://cafe.naver.com/haejukdl,0,8,0,0,8,False
배달 부업 후기,배달,쿠팡배달알바 비 오는 날 수당이 더 많다는 소문,더 부업 생각이 간절해지더라구요. 특히나 ‘비 오는 날 수당 더 받는다더라~’ 이런 얘기 듣고 쿠팡배달알바 쪽으로 관심 생기신 분들도 있을텐데요! 저도 그래서 직접 해보고 후기까지 정리해봤어요 ㅎㅎ 오늘은...,http://cafe.naver.com/koarane/85961,리얼리뷰 공유소ㅣ내돈내산 찐리뷰 커...,https://cafe.naver.com/koarane,0,4,0,0,4,False
배달 부업 후기,배달,"전자로 1,500건 배달 후기 (가이드,시급,꿀팁,용품 등)",수도권 남부에서 전자로 배달하는 라이더입니다. 제가 블로그에 여러 도움되는 글을 올렸는데 혹시... 자전거 입문자를 위한 소소한 꿀팁편 배민커넥트 부업 후기 쿠팡이츠 후기 내돈내산 자전거 필수용품 추천...,http://cafe.naver.com/nds07/3389530,"배달세상 :: 배달대행, 쿠팡이츠, 배민...",https://cafe.naver.com/nds07,0,6,0,2,4,False
배달 부업 후기,배달,쿠팡이츠배달로 월 300 벌었다는 후기 실화임?,"혹시 요즘 쿠팡이츠배달로 부업 시작하신 분들 많으신가요? 저는 작년부터 이걸로 소소하게 시작했다가 지금은 꽤 괜찮은 수익을 만들고 있는 40대 남성입니다. 이 글을 쓰는 이유는, 쿠팡이츠배달을 고려하시는 분들께...",http://cafe.naver.com/koarane/110587,리얼리뷰 공유소ㅣ내돈내산 찐리뷰 커...,https://cafe.naver.com/koarane,0,6,0,0,6,False
배달 부업 후기,배달,투폰 배달 전용 선불요금제 온라인 개통 후기,"투폰 배달 전용 선불요금제 온라인 개통 후기 물가는 오르고 나갈 돈은 많아서 시작한 배달 부업이 벌써 3개월 차. 처음에는 쓰던 폰 하나로 다 해결하려고 했는데, 배민/쿠팡이츠 앱 켜놓고 네비게이션 하루 종일...",http://cafe.naver.com/marketceo/5865,최강선불폰 앤텔레콤,https://cafe.naver.com/marketceo,0,4,0,0,4,False
배달 부업 후기,배달,신라면 골드후기,배달 쿠팡배달 배민 배플 배민커넥트 도보 배달수입 전기자전거 배달카페 배달세상 쿠팡이츠 배달파트너 쿠플 자전거수익 카카오퀵 오토바이 정비 차팡 차민 배달투잡 배달알바 그라이더 배달부업 미션 요기요 배달대행...,http://cafe.naver.com/haejukdl/186141,배달나라 - 배민커넥트 쿠팡이츠 오토...,https://cafe.naver.com/haejukdl,0,8,0,0,8,False
배달 부업 후기,배달,송파지원 저녁후기,배달 쿠팡배달 배민 배플 배민커넥트 도보 배달수입 전기자전거 배달카페 배달세상 쿠팡이츠 배달파트너 쿠플 자전거수익 카카오퀵 오토바이 정비 차팡 차민 배달투잡 배달알바 그라이더 배달부업 미션 요기요 배달대행...,http://cafe.naver.com/haejukdl/187226,배달나라 - 배민커넥트 쿠팡이츠 오토...,https://cafe.naver.com/haejukdl,0,8,0,0,8,False
배달 부업 후기,배달,재택부업 고민 중이라면? 실패 줄이는 방법부터 확인하세요!,"예전에는 부업이라고 하면 배달이나 오프라인 알바 느낌이 강했는데, 최근에는 집에서 노트북이나... 후기 조작형 광고 수익인증 캡처만 반복적으로 보여주면서 현실적인 과정 설명은 없는 경우도 많더라구요. 실제...",http://cafe.naver.com/cafemakecafebest/36618,세상모든꿀팁 ㅣ영업·창업·부업·투...,https://cafe.naver.com/cafemakecafebest,0,8,0,0,8,False
배달 부업 후기,배달,브레다 미들 스크린 후기입니다,저는 커브로 배달 부업을 하고 있는 대학생입니다 . 풀페이스 헬멧 1 오픈페이스 헬멧 1 개가 있지만 풀페를 끼고 배달을 하기에는 불편하고 무겁고 음식 픽업하러 갔을때도 소통이 어려운 단점이 있어 오픈페이스를 끼고...,http://cafe.naver.com/supercub/278303,헬로 슈퍼커브,https://cafe.naver.com/supercub,0,4,0,0,4,False
배달 부업 후기,배달,액션캠 아이나비가 뜹디다,배달라이더 쿠팡배달 배플 배민커넥트 도보 배달수입 pcx 전기자전거 배달카페 배달세상 쿠팡이츠 배달파트너 쿠플 자전거 오토바이 차팡 차민 배달투잡 유튜버 배달알바 그라이더 배달부업 미션 배달거지...,http://cafe.naver.com/haejukdl/197428,배달나라 - 배민커넥트 쿠팡이츠 오토...,https://cafe.naver.com/haejukdl,0,6,0,0,6,False
배달 부업 후기,배달,마포원정후기,배달라이더 쿠팡배달 배민 배플 배민커넥트 도보 배달수입 전기자전거 배달카페 배달세상 쿠팡이츠 배달파트너 쿠플 자전거수익 카카오퀵 오토바이 정비 차팡 차민 배달투잡 배달알바 그라이더 배달부업 미션 요기요...,http://cafe.naver.com/haejukdl/191246,배달나라 - 배민커넥트 쿠팡이츠 오토...,https://cafe.naver.com/haejukdl,0,8,0,0,8,False
배달 부업 후기,배달,포르자 750 업어왔습니다 한 시간 배달후기,750도 영락없이 배달 오토바이네요ㅋㅋㅋ 오토바이 무겁고 사타구니 더워 죽겠습니다 스텐드 세우면 너무 직립이라 넘어질 것 같아 조심조심.. 픽업 전달시 n단 주행 기어 넣고 빼고 세울때마다 시간 잡아먹고 .. 부업이...,http://cafe.naver.com/nds07/4207956,"배달세상 :: 배달대행, 쿠팡이츠, 배민...",https://cafe.naver.com/nds07,0,4,0,0,4,False
배달 부업 후기,배달,퇴근후 부업.... 배달알바 1달 후기ㅋㅋㅋ,일단 광고 아니구 부업 마치고 집에와서 글 남겨봐용 너무 제가 기특하기도 하고..ㅋㅋㅋㅋ 제가 정학히 3.... 수입은 배달건당 5천원 정도 잡고 240건정도 했어요! 기름값은 배달에만 쓰인게 한 15-20정도 든거 같아요...,http://cafe.naver.com/dieselmania/43713088,●디젤매니아● 대한민국 일등 패션 커...,https://cafe.naver.com/dieselmania,0,4,0,0,4,False
배달 부업 후기,배달,"요즘 광주광역시부업 알아보는데, 진짜 괜찮은 거 맞나요?","실제로 많은 분들이 재택부업, 배달 알바, 쿠팡이츠, 배달의민족 등으로 월 50만원 이상 수익을 올리고... 추가적으로, 실제 후기나 경험담을 찾아보는 것도 큰 도움이 된답니다. 많은 분들이 실제로 광주광역시부업을 통해...",http://cafe.naver.com/koarane/153017,리얼리뷰 공유소ㅣ내돈내산 찐리뷰 커...,https://cafe.naver.com/koarane,0,8,0,0,8,False
배달 부업 후기,배달,천안 부업 뭐할까 고민될 땐 이렇게 해보세요,"커뮤니티에서 부업 정보 자주 올라와요. 리플 달려 있는 글 중에 실제 후기들 보면 꽤 신뢰 갈 만한 곳도... 쿠팡 퀵플렉스, 쿠팡로지스틱스 알바 요즘은 특히 ‘자차’ 이용한 배달 관련 부업이 수익도 괜찮고 인기...",http://cafe.naver.com/koarane/243557,리얼리뷰 공유소ㅣ내돈내산 찐리뷰 커...,https://cafe.naver.com/koarane,0,6,0,0,6,False
배달 부업 후기,배달,배린이 차민 차팡으로 배달 후기,배달 쿠팡 배달 배민 배달 배달대행 배민커넥트 배달카페 쿠팡이츠 배달파트너 요기요 카카오퀵 배달대행 오토바이배달 정비 보험 배달투잡 배달알바 배달부업 배달나라 ----------------------------------------------------------- 지인...,http://cafe.naver.com/haejukdl/133726,배달나라 - 배민커넥트 쿠팡이츠 오토...,https://cafe.naver.com/haejukdl,0,6,0,0,6,False
배달 부업 후기,배달,"직장인 주말알바, 온라인 부업으로 7만원 벌었어요!",주말에 카페 서빙이나 배달을 뛰면 체력 소모가 크잖아요. 그래서 온라인 부업이 훨씬 효율적이라고 느꼈어요. 출퇴근 없이 스마트폰 하나로 끝나니까요. 직장인 주말알바는 보통 시급 만원 안팎인데 온라인 부업은...,http://cafe.naver.com/happyeverycvs/278988,행복한 창업 ( 편의점 만들기) 연구소,https://cafe.naver.com/happyeverycvs,0,4,0,0,4,False
배달 부업 후기,배달,"대구 시니어 일자리, 4050 세대도 가능한 고소득 부업","───────────────── [# 오토바이 없어도 가능한 배달 보조 부업] ‘전동 자전거’로도... 초보자도 쉽게 적응 가능하다는 후기 많습니다. ───────────────── [# 강의, 코칭, SNS 활용...",http://cafe.naver.com/koarane/215050,리얼리뷰 공유소ㅣ내돈내산 찐리뷰 커...,https://cafe.naver.com/koarane,0,6,0,0,6,False
배달 부업 후기,배달,생수배달알바 수익 괜찮다는데 요즘 실제 후기 봤나요?,"주말 포함해서 주 5일만 돌아도 월 200은 무난하게 가능하다는 후기들도 꽤 보였고요. 물론 체력과... ───────────────── [# 생수배달 외에도 요즘 뜨는 부업은?] 생수배달도 좋지만, 요즘은 온라인...",http://cafe.naver.com/koarane/187586,리얼리뷰 공유소ㅣ내돈내산 찐리뷰 커...,https://cafe.naver.com/koarane,0,6,0,0,6,False
배달 부업 후기,배달,쿠팡이츠알바 후기 보니 부업으로 많이 하더라구요,"쿠팡이츠알바 후기 보니 부업으로 많이 하더라구요 요즘 주변에서 쿠팡이츠알바 얘기를 진짜 많이 하더라구요. 저도 처음엔 그냥 배달 알바 중 하나겠지 싶었는데, 생각보다 부업으로 선택하는 분들이 많아서 살짝...",http://cafe.naver.com/koarane/333113,리얼리뷰 공유소ㅣ내돈내산 찐리뷰 커...,https://cafe.naver.com/koarane,0,4,0,0,4,False
배달 부업 후기,배달,우유배달 부업 요즘 할만한지 알아봐요,우유배달 부업 요즘 할만한지 알아봐요 이웃님들~ 혹시 우유배달 관심있는 분 계실까요? 요즘 물가도... 필요하답니다 ^^ ───────────────── ■이웃님 후기■ 저희 언니 친구도 우유배달을 6개월 정도...,http://cafe.naver.com/cafemakecafebest/15690,세상모든꿀팁 ㅣ영업·창업·부업·투...,https://cafe.naver.com/cafemakecafebest,0,4,0,0,4,False
배달 부업 후기,배달,신문배달알바 후 출근 가능한 새벽 부업 찾기,"참고한 후기로는, “첫 달엔 진짜 죽을 맛이었는데, 두 달 지나니까 루틴처럼 되더라” “겨울엔 힘들지만... ───────────────── [*새벽 부업 외 다른 대안은 없을까?*] 이상으로 신문배달알바에 대한...",http://cafe.naver.com/koarane/269063,리얼리뷰 공유소ㅣ내돈내산 찐리뷰 커...,https://cafe.naver.com/koarane,0,4,0,0,4,False
배달 부업 후기,배달,부업거리 현실적으로 가능한 방법들,"재택알바, 손부업, 배달, 온라인부업까지 다양하죠. 근데 문제는 내 상황이랑 안 맞는 경우가 많다는 거예요.... 부업거리로 꽤 현실적이에요. ───────────────── [후기들 보면 괜히 관심 받는 게...",http://cafe.naver.com/koarane/262694,리얼리뷰 공유소ㅣ내돈내산 찐리뷰 커...,https://cafe.naver.com/koarane,0,6,0,0,6,False
배달 부업 후기,배달,생수배달알바 후기부터 팁까지 총정리해봄!,"───────────────── [#] 생수배달알바 하는 사람들 후기도 다양함! 리얼 후기들을 보면... 이상으로 ""생수배달알바""에 대해서 여러가지 정보를 살펴봤는데요. 제 생각에는 요즘은 일반적인 부업보다는...",http://cafe.naver.com/koarane/126637,리얼리뷰 공유소ㅣ내돈내산 찐리뷰 커...,https://cafe.naver.com/koarane,0,4,0,0,4,False
배달 부업 후기,배달,배민배달알바 실제 후기랑 수입 구조 솔직 이야기,배민배달알바 실제 후기랑 수입 구조 솔직 이야기 요즘 배민배달알바 많이들 고민하시죠? 저도 솔직히 말하면 작년부터 계속 눈여겨보고 있던 부업 중 하나였어요. 물가 오르고 고정지출 늘어나니까 가만히 있으면 손해...,http://cafe.naver.com/koarane/308675,리얼리뷰 공유소ㅣ내돈내산 찐리뷰 커...,https://cafe.naver.com/koarane,0,4,0,0,4,False
배달 부업 후기,배달,돈 벌고 싶은 분들 주목! 누구나 쉽게 할 수있는 부업 추천,"활용 부업(배달, 대행 서비스)입니다. 특히 초기 비용이 거의 없는 온라인 부업이 가장 인기인데요, 저도... 후기를 보면 50대, 60대 분들도 수익을 내고 있다는 점이 인상적이었고, 짧은 기간 안에 수익을 만든 사례들도 꽤...",http://cafe.naver.com/uouv96/2804,오늘도 달린다 ㅣ영업·창업·부업 ㅣ...,https://cafe.naver.com/uouv96,0,6,0,2,4,False
배달 부업 후기,배달,어제 당근으로 의자 거래한 후기,쿠플 자전거수익 카카오퀵 오토바이 정비 차팡 차민 배달투잡 배달알바 그라이더 배달부업 미션 요기요 배달대행 배달나라 자동차배달 ----------------------------------------------------------- 어제 당근으로 의자 거래한 후기,http://cafe.naver.com/haejukdl/179641,배달나라 - 배민커넥트 쿠팡이츠 오토...,https://cafe.naver.com/haejukdl,0,8,0,0,8,False
배달 부업 후기,배달,차량으로 배민배달알바 현실 후기 찾는 분들 많쥬,차량으로 배민배달알바 현실 후기 찾는 분들 많쥬 제가 요즘 30대 초반 엄마 친구들 사이에서 부업 얘기 나오면 꼭 빠지지 않는 키워드가 바로 차량으로 하는 배민배달알바더라구요ㅎㅎ 주변에서 직접 해본 사람도 있고...,http://cafe.naver.com/koarane/205741,리얼리뷰 공유소ㅣ내돈내산 찐리뷰 커...,https://cafe.naver.com/koarane,0,4,0,2,2,False
배달 부업 후기,배달,첫 전오 배달 후기,"8건 했네요ㅋ 일요일 와이프 친정가서 집에서 할게없어 부업으로하니 나름 쏠쏠하네요ㅎ 저녁에 또 나가려 충전중입니다~ 배다트 - 배달과 다이어트 - 쿠팡이츠 배달파트너,배민커넥트,도보60,우딜,부릉프렌즈,카카오퀵",http://cafe.naver.com/galaxysc/337584,"배다트-쿠팡이츠배달파트너,배민커넥트...",https://cafe.naver.com/galaxysc,0,4,0,0,4,False
배달 부업 후기,배달,새해 첫날 배달 후기,배달 쿠팡 배달 배민 배달 배달대행 배민커넥트 배달카페 쿠팡이츠 배달파트너 요기요 카카오퀵 배달대행 오토바이배달 정비 보험 배달투잡 배달알바 배달부업 배달나라...,http://cafe.naver.com/haejukdl/133718,배달나라 - 배민커넥트 쿠팡이츠 오토...,https://cafe.naver.com/haejukdl,0,6,0,0,6,False
배달 부업 후기,배달,쿠팡배달알바 후기 보고 지원할지 고민된다면,"쿠팡배달알바 후기 보고 지원할지 고민된다면 요즘 배달 알바 찾는 분들 정말 많으시죠? 저도 한창 부업 고민할 때 쿠팡배달알바가 눈에 확 들어오더라구요. 근데 이게 생각보다 괜찮다는 후기도 있고, 힘들다는 얘기도...",http://cafe.naver.com/koarane/126296,리얼리뷰 공유소ㅣ내돈내산 찐리뷰 커...,https://cafe.naver.com/koarane,0,4,0,0,4,False
배달 부업 후기,배달,쿠팡배달알바 후기보면 생각보다 괜찮다던데요?,요즘 주변 엄마들 보면 투잡이나 부업 찾는 분들이 정말 많아요. 특히 워킹맘들 사이에서 조용히 인기 끌고... 그래서 오늘은 쿠팡배달알바에 대해 제가 정리한 정보들 + 실후기들까지 모아봤어요. 혹시 관심 있으셨던...,http://cafe.naver.com/koarane/158599,리얼리뷰 공유소ㅣ내돈내산 찐리뷰 커...,https://cafe.naver.com/koarane,0,6,0,0,6,False
배달 부업 후기,배달,카페 다녀온 후기,배달라이더 쿠팡배달 배민 배플 배민커넥트 도보 배달수입 전기자전거 배달카페 배달세상 쿠팡이츠 배달파트너 쿠플 자전거수익 카카오퀵 오토바이 정비 차팡 차민 배달투잡 배달알바 그라이더 배달부업 미션 요기요...,http://cafe.naver.com/haejukdl/187456,배달나라 - 배민커넥트 쿠팡이츠 오토...,https://cafe.naver.com/haejukdl,0,8,0,0,8,False
배달 부업 후기,배달,"우유배달 알바 수익 공개, 새벽 부업 찾으시나요?","우유배달 알바 수익 공개, 새벽 부업 찾으시나요? 요즘 물가는 치솟고 애들 교육비에 생활비까지... 마음... 우유배달 알바를 직접 해봤습니다. 새벽 시간을 활용해 직장인도 가능하다는 현실적인 후기와 수익 정보를...",http://cafe.naver.com/koarane/371162,리얼리뷰 공유소ㅣ내돈내산 찐리뷰 커...,https://cafe.naver.com/koarane,0,6,0,0,6,False
배달 부업 후기,배달,전기 자전거 배달 일주일 후기,"이번주 전기자전거로 배민커넥터 , 쿠팡이츠배달파트너스 하였습니다. 퀄리 투어 자전거이고 배달통 48L... 9시 30분 넘어가면 왠만하면 집들어가는게 맞는거같더라구요. 이번주 첫 부업 후기였습니다",http://cafe.naver.com/onepieceholicplus/3757858,"월급쟁이 재테크 연구카페(예금,적금,...",https://cafe.naver.com/onepieceholicplus,0,4,0,0,4,False
배달 부업 후기,배달,쿠플 단가 조정 첫날 후기,배달라이더 쿠팡배달 배민 배플 배민커넥트 도보 배달수입 전기자전거 배달카페 배달세상 쿠팡이츠 배달파트너 쿠플 자전거수익 카카오퀵 오토바이 정비 차팡 차민 배달투잡 배달알바 그라이더 배달부업 미션 요기요...,http://cafe.naver.com/haejukdl/187728,배달나라 - 배민커넥트 쿠팡이츠 오토...,https://cafe.naver.com/haejukdl,0,8,0,0,8,False
배달 부업 후기,배달,배쁘형님 방송후기,배달 쿠팡배달 배민 배플 배민커넥트 도보 배달수입 전기자전거 배달카페 배달세상 쿠팡이츠 배달파트너 쿠플 자전거수익 카카오퀵 오토바이 정비 차팡 차민 배달투잡 배달알바 그라이더 배달부업 미션 요기요 배달대행...,http://cafe.naver.com/haejukdl/184492,배달나라 - 배민커넥트 쿠팡이츠 오토...,https://cafe.naver.com/haejukdl,0,8,0,0,8,False
배달 부업 후기,배달,배달대행창업 현실 후기! 장점과 리스크까지 솔직 정리해드려요,지금까지 배달대행창업의 자세한 정보를 알아보았는데요 요즘은 창업이나 부업을 고민할 때 체력 기반... 후기를 살펴보니까 복사 붙여넣기 방식으로 홍보할 수 있어서 초보자도 쉽게 따라 할 수 있다는 글이 정말...,http://cafe.naver.com/koarane/425813,리얼리뷰 공유소ㅣ내돈내산 찐리뷰 커...,https://cafe.naver.com/koarane,0,4,0,0,4,False
배달 부업 후기,배달,이제 내일이 마지막 근무네요,배달라이더 쿠팡배달 배민 배플 배민커넥트 도보 배달수입 전기자전거 배달카페 배달세상 쿠팡이츠 배달파트너 쿠플 자전거수익 카카오퀵 오토바이 정비 차팡 차민 배달투잡 배달알바 그라이더 배달부업 미션 요기요...,http://cafe.naver.com/haejukdl/194532,배달나라 - 배민커넥트 쿠팡이츠 오토...,https://cafe.naver.com/haejukdl,0,8,0,0,8,False
배달 부업 후기,배달,부업으로 직접 해본 자동차 음식배달 및 퀵배달 찐 후기 및 느낀점,----------------------------- - 부업으로 직접 해본 자동차 음식배달 및 퀵배달 찐 후기 및 느낀점 1. 배민 -장점 - 1. 거리비율 단가가 다른 배달 플랫폼에 비해 그나마 양호함(단거리 위주 많음) 2. 비나눈올때 단가가 쎄짐...,http://cafe.naver.com/nds07/2536412,"배달세상 :: 배달대행, 쿠팡이츠, 배민...",https://cafe.naver.com/nds07,0,4,0,0,4,False
배달 부업 후기,배달,요즘 다들 부업으로 얼마 버세요 진짜 평균은,───────────────── [시간형 부업의 현실적인 평균] 알바나 배달 같은 부업은 바로 돈이... ───────────────── 실제로 후기 보면 하루 30분 관리로 월 수익 만드는 분들도 있고요. 복사...,http://cafe.naver.com/koarane/250162,리얼리뷰 공유소ㅣ내돈내산 찐리뷰 커...,https://cafe.naver.com/koarane,0,6,0,0,6,False
배달 부업 후기,배달,영등포구양이 유일하게 좋아하는 향기인 카누 다크 로스트 아메리카노와 함께 하루 일과를 시작해 봅니다 이...,배달부업 미션 요기요 배달대행 배달나라 자동차배달 ----------------------------------------------------------- ( 배달나라 네이버 카페 이벤트로 받은 커피 쿠폰도 써야 하네 ㅎㅎ 잊어뿌릴뻔 했네 ^^; 빨리 사용하고 후기 게시글...,http://cafe.naver.com/haejukdl/193292,배달나라 - 배민커넥트 쿠팡이츠 오토...,https://cafe.naver.com/haejukdl,0,4,0,0,4,False
배달 부업 후기,배달,종목발굴법,그라이더 배달부업 미션 요기요 배달대행 배달나라 자동차배달... 괜찮다싶음 17500원부근자리는 공격적으로 공략해도 되지않을까싶습니다. 1달뒤쯤 가격대 후기 지켜봅시다. 병원치료 하는도중에 급하게 써봤습니다.ㅋ,http://cafe.naver.com/haejukdl/188965,배달나라 - 배민커넥트 쿠팡이츠 오토...,https://cafe.naver.com/haejukdl,0,4,0,0,4,False
배달 부업 후기,배달,점피&저피 천당과 지옥후기,배달 쿠팡배달 배민 배플 배민커넥트 도보 배달수입 전기자전거 배달카페 배달세상 쿠팡이츠 배달파트너 쿠플 자전거수익 카카오퀵 오토바이 정비 차팡 차민 배달투잡 배달알바 그라이더 배달부업 미션 요기요...,http://cafe.naver.com/haejukdl/185699,배달나라 - 배민커넥트 쿠팡이츠 오토...,https://cafe.naver.com/haejukdl,0,8,0,0,8,False
배달 부업 후기,배달,"우유배달알바, 첫 달 수익과 실제 후기까지 알려드림","우유배달알바, 첫 달 수익과 실제 후기까지 알려드림 안녕하세요 여러분~ 혹시 우유배달알바 해보신 분... 주변에서는 우유배달알바+온라인 부업으로 한 달 100만원 이상 수익 낸 경우도 있어요. 직장 경험이 없어도...",http://cafe.naver.com/koarane/106479,리얼리뷰 공유소ㅣ내돈내산 찐리뷰 커...,https://cafe.naver.com/koarane,0,6,0,0,6,False
배달 부업 후기,배달,단시간알바도 부업으로 괜찮을까? 솔직 후기,"단시간알바도 부업으로 괜찮을까? 솔직 후기 요즘 경기가 참 애매하죠. 물가 오르고, 월급은 그대로고...... 아니면 배달대행이나 간단한 심부름 알바도 있더라구요. 요즘엔 쿠팡이나 배민처럼 시간 설정이 자유로운...",http://cafe.naver.com/koarane/105289,리얼리뷰 공유소ㅣ내돈내산 찐리뷰 커...,https://cafe.naver.com/koarane,0,4,0,0,4,False
배달 부업 후기,배달,퀄리 미드모터 프로S 스로틀 제거 올 파스 12000km 1년 주행 후기,2025-09-15 5000km 달성 2026-01-29 12244km 후기를 남기기전 저는 전기자전거를 많이 안타봤습니다. 객관적이지... 배달부업때문에 많이변속해서) 헤드라이트도 진동을 많이 받아서인지 한번은 무상 또 한번은 유상으로...,http://cafe.naver.com/eletricmotors/316230,전달사 -전기자전거로 달리는 사람들,https://cafe.naver.com/eletricmotors,0,4,0,0,4,False
배달 부업 후기,배달,두쫀쿠 후기,배달 쿠팡배달 배민 배플 배민커넥트 도보 배달수입 전기자전거 배달카페 배달세상 쿠팡이츠 배달파트너 쿠플 자전거수익 카카오퀵 오토바이 정비 차팡 차민 배달투잡 배달알바 그라이더 배달부업 미션 요기요 배달대행...,http://cafe.naver.com/haejukdl/180698,배달나라 - 배민커넥트 쿠팡이츠 오토...,https://cafe.naver.com/haejukdl,0,8,0,0,8,False
배달 부업 후기,배달,쿠팡배달파트너 시작 전 꼭 알아야 할 꿀팁 알아두세요,"생각보다 진입장벽이 낮고, 시간 조절도 자유로워서 진짜 현실적인 부업이더라구요. 그래서 오늘은 쿠팡배달파트너를 시작하기 전 꼭 알아야 할 꿀팁과 실제 후기 그리고 제가 느낀 점까지 전부 정리해볼게요!...",http://cafe.naver.com/koarane/63134,리얼리뷰 공유소ㅣ내돈내산 찐리뷰 커...,https://cafe.naver.com/koarane,0,4,0,0,4,False
배달 부업 후기,배달,주니퍼로 배달 합니다. (후기),어제 첫 배달을 해봤습니다. 라이더분들 추운데 고생 많으시더라구요 첨이라 정신이 없습니다 ㅋㅋ 각설하고 퇴근후 총 3시간 정도 해봤습니다. 배터리 는 약 13%정도 소모 되었습니다 어제 총매출 입니다. 여기서...,http://cafe.naver.com/noljatravel/1424882,★테슬라 [TKC] 모델S 모델3 모델X 모...,https://cafe.naver.com/noljatravel,0,4,0,0,4,False
배달 부업 후기,배달,전자 배달 한달 후기 (퀄리 투어) - 긴글주의,----------------------------- 우선 저는 부업러입니다. 타는 기종은 퀄리 엑스트론 투어. 중고로 영입했죠. 우선... 전자는 어디까지나 부업용입니다. 그래서 배터리는 큰 문제가 아니었습니다. 아무튼 저 두가지가 단순 안전과...,http://cafe.naver.com/nds07/5312721,"배달세상 :: 배달대행, 쿠팡이츠, 배민...",https://cafe.naver.com/nds07,0,4,0,0,4,False
배달 부업 후기,배달,"직장인투잡으로 한달에 200만원 벌기, 요즘 사람들이 선택하는 부업은?","제가 알아보면서 느낀 건데, 예전에는 부업하면 배달이나 아르바이트 느낌이 강했는데 요즘은 온라인으로... 저도 여러 후기들을 살펴봤는데 생각보다 진입장벽이 낮다는 이야기가 많아서, 처음 부업을 시작하는 분들에게...",http://cafe.naver.com/koarane/429226,리얼리뷰 공유소ㅣ내돈내산 찐리뷰 커...,https://cafe.naver.com/koarane,0,6,0,0,6,False
배달 부업 후기,배달,혹시 이거 타는 분?,후기 좀 부탁~ abs들어가고 이 가격이면 괜춘 비전과 이 모델 중 어떤게나으려나 배달라이더 쿠팡배달 배민... 그라이더 배달부업 미션 요기요 배달대행 배달나라 자동차배달 -----------------------------------------------------------,http://cafe.naver.com/haejukdl/188238,배달나라 - 배민커넥트 쿠팡이츠 오토...,https://cafe.naver.com/haejukdl,0,4,0,0,4,False
배달 부업 후기,배달,직장인부업으로 월급 외 소득 생긴 후기 알려드림!,맞는 부업은 따로 있다!] 주말 알바? 배달? 그건 체력도 시간도 너무 빡세요ㅠ 정말 핵심은 ‘적은 시간’과... ───────────────── [(후기) 직장인 부업으로 월 70만원 벌고 있음] 지금은 하루 30분~1시간...,http://cafe.naver.com/koarane/87750,리얼리뷰 공유소ㅣ내돈내산 찐리뷰 커...,https://cafe.naver.com/koarane,0,4,0,0,4,False
배달 부업 후기,배달,지방에서 서울 원정기...,그라이더 배달부업 미션 요기요 배달대행 배달나라 자동차배달... 많은대신 차도 많다ㅋㅋ 개인적이 생각으로 점피때나와서 마감타는게 더 좋을듯 10이후 차가 많이 없어서.... 여튼 지방에서 서울 원정 첫날후기 였습니다,http://cafe.naver.com/haejukdl/190289,배달나라 - 배민커넥트 쿠팡이츠 오토...,https://cafe.naver.com/haejukdl,0,4,0,0,4,False
배달 부업 후기,배달,쿠팡배달파트너 하고 나서 바뀐 현실… 솔직후기 대공개!,"요즘 진짜 핫한 부업 하면 딱 떠오르는 게 있죠~? 바로 '쿠팡배달파트너' 인데요! 친구가 이거 한다길래 저는... 세상에, 이거 왜 안했지 싶었어요ㅎㅎ 오늘은 제가 직접 해본 쿠팡배달파트너 리얼 후기랑 꿀팁들, 전부!...",http://cafe.naver.com/koarane/43867,리얼리뷰 공유소ㅣ내돈내산 찐리뷰 커...,https://cafe.naver.com/koarane,0,4,0,0,4,False
배달 부업 후기,배달,저녁에 부업으로 하려고 하는데요.,부업으로 배달 처음 해보는거라 한개씩 배달로만 하려고 하는데... 가방을 62L 크기로 해야 할까요?작은 걸로는 안될까요? 뒤에 가방을 다는거랑 백팩으로 하는거랑 어떤걸로 해야 할까 고민중인데... 어떤걸...,http://cafe.naver.com/eletricmotors/311829,전달사 -전기자전거로 달리는 사람들,https://cafe.naver.com/eletricmotors,0,4,0,0,4,False
배달 부업 후기,배달,대구 2인1조 (오후 가능) 부업구해요.,남는시간이 아까워서 오후2시쯤 부터 가능한 부업이나 알바자리구합니다. 2인1조이구요. 가벼운... 아바사자 택배후기 쿠팡친구 택배스케너 택배노조 / 배민 배달의민족 요기요 쿠팡이츠 새벽배송 새벽배달,http://cafe.naver.com/skydydck/1206434,"택배종사자모임-택종카페, 택배기사,소...",https://cafe.naver.com/skydydck,0,4,0,0,4,False
배달 부업 후기,배달,절망 적인 소개팅 후기,배달 쿠팡배달 배민 배플 배민커넥트 도보 배달수입 전기자전거 배달카페 배달세상 쿠팡이츠 배달파트너 쿠플 자전거수익 카카오퀵 오토바이 정비 차팡 차민 배달투잡 배달알바 그라이더 배달부업 미션 요기요 배달대행...,http://cafe.naver.com/haejukdl/184078,배달나라 - 배민커넥트 쿠팡이츠 오토...,https://cafe.naver.com/haejukdl,0,8,0,0,8,False
배달 부업 후기,배달,"쿠팡이츠 배달파트너 자전거, 자동차, 도보 비교 추천 후기",운동 + 부업 가능 오르막 많은 지역은 체력 부담 있음 ✔ 자동차 배달 후기 장거리 주문 5~6건만 잡아도 수익 괜찮음 날씨 영향 없음 차량 냄새·주차·정체 스트레스 존재 유지비가 순수익을 많이 깎음 5. 어떤 사람에게 어떤...,http://cafe.naver.com/aban/852,공유오피스 창업 및 협력,https://cafe.naver.com/aban,0,6,0,2,4,False
배달 부업 후기,배달,"수원부업, 아르바이트보다 유연한 수입활동","지역 배달/퀵 서비스 6. 실버 케어 서비스 보조 이러한 수원부업은 시급 형태도 있지만, 건별 수당 방식도... 실제 후기: 부업 카페나 블로그에서 리뷰 확인 5. 계약서 또는 간단한 업무 내역 작성 요청 수원부업도 ‘일’...",http://cafe.naver.com/zpvkdcom/14990,"온라인보험 비교카페 - 종합,어린이,건...",https://cafe.naver.com/zpvkdcom,0,6,0,0,6,False
배달 부업 후기,배달,추석배달 5일 후기,배달대행 배민커넥트 쿠팡이츠 요기요 카카오퀵 일반대행 오토바이 정비 보험 배달투잡 배달알바 배달부업 감사합니다 ----------------------------------------------------------- 하루하루 적었어야 상세하게 남기는데 연휴에...,http://cafe.naver.com/haejukdl/118434,배달나라 - 배민커넥트 쿠팡이츠 오토...,https://cafe.naver.com/haejukdl,0,6,0,0,6,False
배달 부업 후기,배달,배달의민족배달알바 시작 전 꼭 알아야 할 현실,"이것저것 직접 찾아보고, 주변 후기들도 모아봤어요. 오늘은 그 현실적인 이야기를 좀 풀어보려고 해요.... 부업, 배달알바, 투잡 고민 중인 분들이라면 한 번쯤 볼 만하겠다 싶었어요. 저도 솔직히 계속 알아보는 중이에요...",http://cafe.naver.com/koarane/273972,리얼리뷰 공유소ㅣ내돈내산 찐리뷰 커...,https://cafe.naver.com/koarane,0,6,0,0,6,False
배달 부업 후기,스마트스토어,AI자동화 부업 해봤더니? 이걸 왜 이제 했지 싶은 이유,"낮은 부업만 알고 있었다는 거 배달, 알바, 쇼핑몰… 다 해봤는데 솔직히 시간 = 돈 이 구조에서 벗어나질... "" 근데 막상 해보니까… 구조 자체가 다르더라고요 ✔️ 실제 후기 (솔직하게 말해봅니다) 처음 1주일은...",http://cafe.naver.com/suid/48084,AI자동화/수익화/부업 AI영상/콘텐츠/...,https://cafe.naver.com/suid,0,6,0,0,6,False
배달 부업 후기,배달,창원부업 직장인도 할 수 있는 방법 있을까?,"사이에서는 배달 관련 부업이 아직도 상위권이에요. 배달앱도 많고, 워낙 생활권이 넓다 보니까 수요가... 창원 지역 카페에서 후기 올려주면 돈 받는 방식도 있고, 블로그 꾸미기 대행도 은근히 수요가 있어요. 저도 잠깐...",http://cafe.naver.com/zpvkdcom/9203,"온라인보험 비교카페 - 종합,어린이,건...",https://cafe.naver.com/zpvkdcom,0,6,0,0,6,False
배달 부업 후기,배달,50대 부업 고민 끝! 요즘 많은 사람들이 선택하는 온라인 부업,"예전에는 부업이라고 하면 배달, 매장 아르바이트 같은 오프라인 일이 많았는데요. 최근에는 온라인 기반... 실제로 저도 후기들을 찾아보면서 생각보다 많은 분들이 시작하고 있다는 걸 보고 조금 놀랐어요. ◆부업 시작...",http://cafe.naver.com/koarane/421605,리얼리뷰 공유소ㅣ내돈내산 찐리뷰 커...,https://cafe.naver.com/koarane,0,4,0,0,4,False
배달 부업 후기,배달,전자 부업 두달후기 및 겨울준비 질문,----------------------------- 저녁시간에 하루 3시간~5시간씩 전자로 부업 두달정도됐네요 차로 한두번 배달하다가 제법 쏠쏠한거같아서 퀄리 엑스트론 프로 구매해서 타고있습니다. 일단 차보다 훨~~~~씬 좋고 다만 비올땐...,http://cafe.naver.com/nds07/5102660,"배달세상 :: 배달대행, 쿠팡이츠, 배민...",https://cafe.naver.com/nds07,0,4,0,2,2,False
배달 부업 후기,배달,수염 영구제모 하신 형님들 계신가요?,배달부업 미션 요기요 배달대행 배달나라 자동차배달 ----------------------------------------------------------- 비수기라 면도하는 시간도 아까운데 영구제모하면 좋을까요? 봄이라 그런지 요즘 광고가 많이 보여서여 하신분 후기좀...,http://cafe.naver.com/haejukdl/187565,배달나라 - 배민커넥트 쿠팡이츠 오토...,https://cafe.naver.com/haejukdl,0,4,0,0,4,False
배달 부업 후기,배달,배달창업 시작했다가 적자난 후기들 보니 무섭네요,후기 찾아보니까 생각보다 적자 보는 사람들도 많고 폐업 이야기까지 나오니까 갑자기 겁나더라구요. 배달앱... 온라인부업이나 재택으로 할 수 있는 것도 같이 찾아봤는데 그것도 막상 해보면 쉽지 않다는 말이...,http://cafe.naver.com/cafemakecafebest/33302,세상모든꿀팁 ㅣ영업·창업·부업·투...,https://cafe.naver.com/cafemakecafebest,0,6,0,0,6,False
배달 부업 후기,배달,우유배달알바 수익이 생각보다 높다는 후기 봤어요,"우유배달알바 수익이 생각보다 높다는 후기 봤어요 진짜 요즘 다들 부업 하나쯤은 하고 계신 거 같지 않나요? 저도 애 키우면서 직장 다니다 보니, 새벽시간이 유일한 저만의 시간이더라구요ㅎㅎ 그래서 그 시간이라도...",http://cafe.naver.com/koarane/198531,리얼리뷰 공유소ㅣ내돈내산 찐리뷰 커...,https://cafe.naver.com/koarane,0,6,0,0,6,False
배달 부업 후기,배달,차배달 한달 후기,가끔 빌라 골목길은 진짜 난이도가 높더라구요 2.수입 시간당 평일11천원 주말 15천원정도 기름값 생각하면 ㅜ.ㅜ 기름값 차액으로 전기차 구매해도 될듯요(출퇴근포함 약 한달 2000키로 운행예상) 시간이 자율적이고 부업...,http://cafe.naver.com/nds07/5247893,"배달세상 :: 배달대행, 쿠팡이츠, 배민...",https://cafe.naver.com/nds07,0,4,0,0,4,False
배달 부업 후기,배달,모히또 배달알바 후기,결론적으로 싱글배터리로도 저녁시간대 부업으로 10만원 정도는 충분히 찍을수 있을것 같았습니다. 듀얼배터리사용자고 배달이 집주변으로 계속 있어서 배터리하나는 집에 충전물려놓고 하나는 주행하고...,http://cafe.naver.com/johnbicycle/10736,전기스쿠터 시티플라이x모히또x마이클...,https://cafe.naver.com/johnbicycle,0,4,0,0,4,False
배달 부업 후기,배달,"배달전문점 운영 리얼후기, 이건 꼭 봐야 해요!","그래서 오늘은 직접 운영했던 지인들의 후기를 바탕으로, 배달전문점의 현실적인 수익구조, 장단점, 꼭... 요즘 배달전문점 운영하면서 ‘온라인 부업’ 같이 하시는 분들도 많아요. 조리 중간중간 시간 날 때...",http://cafe.naver.com/koarane/207013,리얼리뷰 공유소ㅣ내돈내산 찐리뷰 커...,https://cafe.naver.com/koarane,0,6,0,0,6,False
배달 부업 후기,배달,"쿠팡 배달 알바후기, 기대와 현실이 달랐던 이유","쿠팡 배달 알바후기, 기대와 현실이 달랐던 이유 처음엔 단순히 시간 자유롭고 수익 괜찮다는 이야기만 듣고... 단기 용돈벌이나 부업으론 괜찮지만, 장기적으론 체력 부담이 있어요....",http://cafe.naver.com/koarane/297114,리얼리뷰 공유소ㅣ내돈내산 찐리뷰 커...,https://cafe.naver.com/koarane,0,6,0,0,6,False
배달 부업 후기,배달,배민배달알바 부업으로 괜찮을까 고민된다면,분들 후기 보면 놀라운 얘기 많아요. 하루 30분 정도만 관리해도 수익이 이어진다거나 복사 붙여넣기만 해도 구조가 돌아간다거나요. 60대 분들도 따라하고 있다는 얘기 들으면 더 솔깃해지죠. 배달처럼 몸 쓰는 부업이랑은...,http://cafe.naver.com/koarane/336228,리얼리뷰 공유소ㅣ내돈내산 찐리뷰 커...,https://cafe.naver.com/koarane,0,6,0,0,6,False
배달 부업 후기,배달,전자로 부업을 시작해 보려 합니다.,타보신 분이나 가지고 계신분 후기나 조언을 얻고 싶습니다. 1. 퀄리 엑스트론 GT - 가장 먼저 생각해 논... 이중에 부업으로 배달하기에 적합한 자전거 추천해 주시면 감사하겠습니다. 그럼 오늘 하루도 안전운전 하세요~,http://cafe.naver.com/nds07/4977361,"배달세상 :: 배달대행, 쿠팡이츠, 배민...",https://cafe.naver.com/nds07,0,4,0,2,2,False
배달 부업 후기,배달,배달의민족배달알바 실제 후기와 장단점,"그래서 오늘은 배달의민족배달알바에 대한 실제 후기랑 장단점을 정리해보려고 해요. 괜히 미화하지 않고... 학생, 직장인 부업, 잠깐 쉬는 기간엔 활용도 있어요. 하지만 평생 수입 구조로 가져가긴 조금 불안한 게...",http://cafe.naver.com/koarane/247917,리얼리뷰 공유소ㅣ내돈내산 찐리뷰 커...,https://cafe.naver.com/koarane,0,4,0,0,4,False
배달 부업 후기,배달,디지털부업 어렵게 느껴졌다면 이 글 참고하세요,"요즘엔 부업=배달알바 이런 공식은 옛날 얘기더라구요ㅋㅋ 사람들이 체력 쓰는 알바보다는, 집에서 조용히... 매일매일 올리지 않아도 되고, 제품 받고 후기 쓰는 것만으로도 소소하게 수익 생겨요. 그 다음엔...",http://cafe.naver.com/koarane/112263,리얼리뷰 공유소ㅣ내돈내산 찐리뷰 커...,https://cafe.naver.com/koarane,0,6,0,0,6,False
배달 부업 후기,배달,타우러스 전기스쿠터 배달 장단점 후기,배달하기 쉬움. 강남이라 그런지 콜 잘들어옴 이슈있는 날은 단거리 꿀콜 잘들어옴. 강서에서는 콜이 가끔 끊기는 기분이 듬 5.주유비보다 훨씬 저렴한 전기료 단점 1.시트가 작아서 엉덩이가 아픔. 하루3~4시간 부업으로...,http://cafe.naver.com/nds07/4166112,"배달세상 :: 배달대행, 쿠팡이츠, 배민...",https://cafe.naver.com/nds07,0,4,0,0,4,False
배달 부업 후기,배달,"부업으로 월100, 진짜 가능할까? 현실적인 방법 알려드립니다","◆ 요즘 부업 시장, 이렇게 바뀌었습니다 예전에는 부업이라고 하면 ✔ 배달 ✔ 알바 ✔ 시간 노동 이런... 예를 들어 ✔ 블로그 글 ✔ 카페 후기 ✔ 정보 정리 글 이런 것들이 자연스럽게 수익으로 연결되는 구조입니다....",http://cafe.naver.com/koarane/497718,리얼리뷰 공유소ㅣ내돈내산 찐리뷰 커...,https://cafe.naver.com/koarane,0,8,0,0,8,False
배달 부업 후기,배달,"수원에서 부업 찾는 사람들, 왜 이렇게 많아졌을까?","───────────────── [ 수원에서 많이 선택하는 부업 유형] 수원부업 검색해보면 배달, 재택... ───────────────── [ 수원부업 직접 해본 사람들 반응은?] 후기들 보면 공통적으로 나오는...",http://cafe.naver.com/koarane/362832,리얼리뷰 공유소ㅣ내돈내산 찐리뷰 커...,https://cafe.naver.com/koarane,0,6,0,2,4,False
배달 부업 후기,배달,"쿠팡이츠배달파트너, 이 정도면 진짜 꿀부업 아닌가요?",오늘은 제가 직접 해본 쿠팡이츠 배달파트너의 현실적인 후기를 풀어볼게요 [# 진짜 누구나 시작 가능하더라구요] 요즘 부업 하려면 뭔가 엄청난 장비나 창업비용이 필요한 경우 많잖아요? 근데 쿠팡이츠는 그냥...,http://cafe.naver.com/koarane/53852,리얼리뷰 공유소ㅣ내돈내산 찐리뷰 커...,https://cafe.naver.com/koarane,0,4,0,0,4,False
배달 부업 후기,배달,10만원 배달 대게 먹방 후기 입니다,----------------------------- - 필자는 대출금 갚으려고 주말에도 부업을 하는중임 그중에 하나가 배달인데... 바로배달시킴 후기 : 배달대게 박스 포장 잘되어있고 비싼 음식이라 그런지 기사님도 친절하개 배달해준다 (배달은...,http://cafe.naver.com/nds07/2526391,"배달세상 :: 배달대행, 쿠팡이츠, 배민...",https://cafe.naver.com/nds07,0,4,0,0,4,False
배달 부업 후기,배달,오늘부로 배달 접나요?,카카오퀵 배달대행 오토바이배달 정비 보험 배달투잡 배달알바 배달부업 배민커넥트 배달 ----------------------------------------------------------- 1등 5억 2등 2천만원인데 2등이상 걸리면 후기 올리고 글 안올라오면 500원 입니다 ㅋ,http://cafe.naver.com/haejukdl/125546,배달나라 - 배민커넥트 쿠팡이츠 오토...,https://cafe.naver.com/haejukdl,0,6,0,0,6,False
배달 부업 후기,배달,다낭후기❣️또 사와야 하는 샤오커오라,저희 매장을 찾아 주시는 고객님들에게 배달 나갈때 입가심으로 맛 보시라고 소분해서 보내 드리고... (이번 여행은 다행히 꺄르르님이 계시네요~ 야르!) 잠시 틈 나는 지금 이시간... 꺄르르님과 함께 부업 중이랍니다,http://cafe.naver.com/warcraftgamemap/3395362,"다낭 고스트 - 베트남 다낭자유여행 ,...",https://cafe.naver.com/warcraftgamemap,0,4,0,0,4,False
배달 부업 후기,배달,"타이핑알바 후기 솔직하게 털어볼게요, 진짜 현실 그자체ㅠㅠ","시간도 오래걸리고, 몸은 은근 피곤하고… 그 시간에 배달이나 카페 알바 하는 게 나을 듯해요.... la/YcHQBcj. . #타이핑알바현실 #자동화부업후기 #퍼널마케팅수익 #GPT부업방법 "" "" "" "" #재택알바추천",http://cafe.naver.com/koarane/277118,리얼리뷰 공유소ㅣ내돈내산 찐리뷰 커...,https://cafe.naver.com/koarane,0,8,0,2,6,False
배달 부업 후기,배달,알리 7천원 무선 실내등 후기,배달파트너 쿠플 자전거수익 카카오퀵 오토바이 정비 차팡 차민 배달투잡 배달알바 그라이더 배달부업 미션 요기요 배달대행 배달나라 자동차배달 ----------------------------------------------------------- 알리 7천원 무선 실내등 후기,http://cafe.naver.com/haejukdl/171949,배달나라 - 배민커넥트 쿠팡이츠 오토...,https://cafe.naver.com/haejukdl,0,8,0,0,8,False
배달 부업 후기,배달,어린이날 연휴 배달 후기(수입 포함),",초성어등 관심유도행위 절대 금지) ----------------------------- - 광주광역시에서 차팡차민 하는 부업러입니다. 5/3(금)~5/6(월) 4일간 이어지는 어린이날 대피크절 후기 간단하게 남깁니다. 5/3(금) : 본업 퇴근 후 기대를 안고...",http://cafe.naver.com/nds07/3888050,"배달세상 :: 배달대행, 쿠팡이츠, 배민...",https://cafe.naver.com/nds07,0,4,0,0,4,False
배달 부업 후기,배달,"배달대행창업, 요즘은 자동화 시스템으로 돌린다?","덕분에 여유가 생겼고, 온라인부업도 병행할 수 있었어요 ───────────────── [7️⃣... 실제 후기 — “배달대행 + 퍼널 = 매출 2배!”] 제가 아는 한 대표님은 배달대행 시스템에 퍼널을 접목해서 두...",http://cafe.naver.com/koarane/77649,리얼리뷰 공유소ㅣ내돈내산 찐리뷰 커...,https://cafe.naver.com/koarane,0,6,0,0,6,False
배달 부업 후기,배달,"쿠팡이츠 배달알바, 장단점 솔직하게 알려드림!","막 10만 원씩 번다는 후기는 너무 희귀템 같아요. 과장도 좀 있고.. ㅎㅎ 현실적으로는 하루 2~3시간 투자하면... 혹시 부업고민, 배달알바 한계, 온라인마케팅 어려움 등등 이런 고민이 있다면? 지금 바로 온네스 자동화...",http://cafe.naver.com/koarane/250444,리얼리뷰 공유소ㅣ내돈내산 찐리뷰 커...,https://cafe.naver.com/koarane,0,6,0,0,6,False
배달 부업 후기,배달,"배민배달알바 후기 모음, 현실은 어떨까","배민배달알바 후기 모음, 현실은 어떨까? 요즘 배민배달알바 진짜 많이 하죠? 저도 처음에는 ‘이게 진짜 돈... 요즘 그런 온라인 부업도 종류가 많아서 잘만 고르면 괜찮은 수익 나와요...",http://cafe.naver.com/koarane/80261,리얼리뷰 공유소ㅣ내돈내산 찐리뷰 커...,https://cafe.naver.com/koarane,0,6,0,0,6,False
배달 부업 후기,배달,어제 청주 수곡동 ㄷ찜 매장을 갔더니..그리고 레전드 매장은?,배달 부업 시작하면서 앞으로 시켜먹을 집 하나둘씩 걸러지게 되네요. 가장 레전드는 분평동 다이소 건너편... 근데 가게 이름 갑자기 기억 안나서 카맵으로 위치 음식점 검색했더니 후기 1점에 6개 달려서 궁금해서 보니까...,http://cafe.naver.com/nds07/5197933,"배달세상 :: 배달대행, 쿠팡이츠, 배민...",https://cafe.naver.com/nds07,0,4,0,2,2,False
배달 부업 후기,배달,쇼핑백부업 단순작업이라길래 솔직히 혹했네요,───────────────── [요즘 쇼핑백부업이 눈에 띄는 이유] 예전엔 부업 하면 배달이나 야간... 저도 이 부분에서 살짝 현실을 느꼈습니다 ㅠㅠ ───────────────── [실제 후기에서 많이...,http://cafe.naver.com/koarane/264744,리얼리뷰 공유소ㅣ내돈내산 찐리뷰 커...,https://cafe.naver.com/koarane,0,4,0,0,4,False
배달 부업 후기,배달,이 집 후기가 좋아서 시켜봄,맛있네~~Gooooood 배달 쿠팡배달 배민 배플 배민커넥트 도보 배달수입 전기자전거 배달카페 배달세상 쿠팡이츠 배달파트너 쿠플 자전거수익 카카오퀵 오토바이 정비 차팡 차민 배달투잡 배달알바 그라이더 배달부업...,http://cafe.naver.com/haejukdl/175978,배달나라 - 배민커넥트 쿠팡이츠 오토...,https://cafe.naver.com/haejukdl,0,8,0,0,8,False
배달 부업 후기,배달,주부부업 찾는다면 쿠팡이츠 후기 궁금하지 않으세요?,"ㅎㅎ 그중에서도 ""주부부업""으로 많이 떠오르는 게 바로 쿠팡이츠 같은 배달 플랫폼 후기였어요. 일단 시간 조절이 가능하고, 잠깐잠깐 짬내서 할 수 있는 거라 저도 혹해서 한참 알아봤답니다 그래서 오늘은, 주부부업에...",http://cafe.naver.com/koarane/323178,리얼리뷰 공유소ㅣ내돈내산 찐리뷰 커...,https://cafe.naver.com/koarane,0,4,0,2,2,False
배달 부업 후기,배달,파스전용 자전거 배달 첫날 후기,쿠팡이츠 배달파트너 배민커넥트 부릉프렌즈 우딜 도보60 카카오퀵 게시판 글머리 맞게 작성해주세요... 혹시 몰라서 집에서 손수건을 챙겨와서 그나마 다행이었습니다 단가 괜찮은거만 적당히 잘 골라서 하면 부업으로...,http://cafe.naver.com/galaxysc/433060,"배다트-쿠팡이츠배달파트너,배민커넥트...",https://cafe.naver.com/galaxysc,0,4,0,0,4,False
배달 부업 후기,배달,중년부업 추천 TOP 정리! 집에서도 가능한 현실 부업 알아봤어요,◆요즘 중년부업이 인기 많은 이유◆ 예전에는 부업이라고 하면 배달이나 육체노동 느낌이 강했는데요!... 50~60대 후기들도 생각보다 정말 많더라구요. 저도 후기들 살펴보니까 “생각보다 어렵지 않았다”는 반응이 꽤...,http://cafe.naver.com/uouv96/4793,오늘도 달린다 ㅣ영업·창업·부업 ㅣ...,https://cafe.naver.com/uouv96,0,4,0,2,2,False
배달 부업 후기,배달,체력 부담 없는 일 찾는다면? 요즘 인기 부업 총정리!,"예전에는 부업이라고 하면 배달이나 물류 같은 체력 소모 큰 일들이 먼저 떠올랐는데요! 요즘은 온라인 기반... 저도 처음엔 “이런 걸로 정말 수익이 날까?” 싶었는데, 후기들 보니까 의외로 시작 난이도가 낮다는...",http://cafe.naver.com/uouv96/7183,오늘도 달린다 ㅣ영업·창업·부업 ㅣ...,https://cafe.naver.com/uouv96,0,6,0,0,6,False
배달 부업 후기,배달,"쿠팡이츠 배달파트너 자전거, 자동차, 도보 비교 배달 후기","쿠팡이츠 배달파트너 자전거, 자동차, 도보 비교 배달 후기 JPI8P6JZ 쿠팡이츠 배달파트너 자전거 · 자동차... 배달 목적에 따라 정답이 달라진다 ✔ “부업·초보자로 부담 없이 시작하고 싶다” → 도보 추천 아파트·상가...",http://cafe.naver.com/abanmarketing/645,아반마케팅/네이버플레이스/블로그/파...,https://cafe.naver.com/abanmarketing,0,4,0,2,2,False
배달 부업 후기,배달,어제 치킨집 하루 알바 후기 (그냥 배달하세요),쿠팡이츠 배달파트너 배민커넥트 부릉프렌즈 우딜 도보60 카카오퀵 게시판 글머리 맞게 작성해주세요... 배달 치킨무 안나가서 다시 나가고.. 그냥 배달보다 어마어마하게 힘들었습니다.. 배달하는게 낫다.. 생각들...,http://cafe.naver.com/galaxysc/493495,"배다트-쿠팡이츠배달파트너,배민커넥트...",https://cafe.naver.com/galaxysc,0,2,0,0,2,False
배달 부업 후기,배달,"우유배달알바, 새벽시간 알차게 보내는 꿀팁 대방출","───────────────── [ 후기 모아보니 이런 점이 좋더라] 인터넷 카페나 블로그 후기... 우유배달이든 어떤 부업이든, 수익의 크기를 키우려면 방향을 제대로 잡아야 하니까요...",http://cafe.naver.com/koarane/185445,리얼리뷰 공유소ㅣ내돈내산 찐리뷰 커...,https://cafe.naver.com/koarane,0,8,0,0,8,False
배달 부업 후기,배달,2달동안 전기자전거 부업한 후기,----------------------------- - 안녕하세요~ 2달동안 심심할때마다 라이딩겸 배달로 부업한 배린이 입니다. 전기자전거로 배달을 시작하려는 분들에게 조금이나마 도움이 됐으면 좋을거 같아서 후기글 작성합니다. 8월초...,http://cafe.naver.com/nds07/1894761,"배달세상 :: 배달대행, 쿠팡이츠, 배민...",https://cafe.naver.com/nds07,0,4,0,0,4,False
배달 부업 후기,배달,쿠팡 손부업 후기 찾는다면 이 글 참고하세요!,쿠팡 손부업 후기 찾는다면 이 글 참고하세요! 요즘 같은 시대엔 부업 하나쯤은 필수가 된 것 같아요. 저도... 제가 직접 상품을 포장하거나 배달하지 않기 때문에 힘들이지 않고 운영할 수 있어서 주부에게 딱 맞는...,http://cafe.naver.com/koarane/176101,리얼리뷰 공유소ㅣ내돈내산 찐리뷰 커...,https://cafe.naver.com/koarane,0,4,0,0,4,False
배달 부업 후기,배달,20-21년 피크때 서울 배달 도보분 후기를 봤어요,"뭔가 라이더, 커넥터들이 대접 받는 시절을 간접체험 했달까요 저녁에 도보로 부업해도 시급 이만...잘나오면 삼만... 이러던 때가 있었네요 신기했어요.... 지금은 이만원 벌려면 올리브영 열개 배달해야된다는 배다트...",http://cafe.naver.com/galaxysc/382478,"배다트-쿠팡이츠배달파트너,배민커넥트...",https://cafe.naver.com/galaxysc,0,4,0,0,4,False
배달 부업 후기,배달,당첨자발표(본문확인) | 이누리 전기오토바이의 의구심을 해결해드립니다 (실제운행후기),"따라서 별도의 충전 대기 시간이 필요 없고, 출퇴근·부업 배달 고객의 생활 패턴에 최적화된 모델입니다. V1 후기영상 ▼ OK1 Solo 후기영상 ▼ 3. 2025 V1 (추가 배터리 장착 시) - 주행거리 : 인증 기준 200km 이상...",http://cafe.naver.com/nds07/5010840,"배달세상 :: 배달대행, 쿠팡이츠, 배민...",https://cafe.naver.com/nds07,0,4,0,0,4,False
배달 부업 후기,배달,일반 배민 커넥트 1달 후기,먼저 이 글을 작성한 이유는 부업으로 배달을 해볼까? 싶은 분들을 위해 한 번 작성해 보았습니다! 1. 배달일이 돈이 되냐 차라리 편의점 알바하지 > 우선 저는 돈이 된다고 느꼈습니다. 그 이유는 배달은 시간을 태울수록...,http://cafe.naver.com/nds07/5285878,"배달세상 :: 배달대행, 쿠팡이츠, 배민...",https://cafe.naver.com/nds07,0,4,0,0,4,False
배달 부업 후기,배달,"양산 일자리 추천, 온라인 자동화 부업 후기","양산 일자리 추천, 온라인 자동화 부업 후기 요즘 양산에서도 부업 찾는 분들 많으시죠? 저도 평범한 직장인이었고, 처음엔 쿠팡플렉스나 배달 알바 같은 것만 생각했었어요. 하지만 퇴근 후 체력적으로 너무...",http://cafe.naver.com/koarane/152647,리얼리뷰 공유소ㅣ내돈내산 찐리뷰 커...,https://cafe.naver.com/koarane,0,4,0,2,2,False
배달 부업 후기,배달,쿠팡배달파트너 요즘 진짜 핫한 이유는?,"다양한 후기들이 있어서 저도 진심으로 고민중이에요..ㅎㅎ ───────────────── 요즘 같은 시대에 쿠팡배달파트너 같은 부업이 있다는 게, 진짜 감사한 일인 거 같아요. 근데 단순 배달만 할 게 아니라...",http://cafe.naver.com/koarane/73635,리얼리뷰 공유소ㅣ내돈내산 찐리뷰 커...,https://cafe.naver.com/koarane,0,4,0,0,4,False
배달 부업 후기,배달,"쿠팡플렉스 부업, 직장인도 가능할까용?","제가 서비스직 퇴근 후 짬짬이 할 수 있는 부업을 찾다가, 쿠팡플렉스에 도전하게 된 후기부터 꿀팁까지 모두... 배달이든, 부업이든, 마케팅이든... 온라인으로 다 되는 세상! 쿠팡플렉스 하면서 자연스럽게 마케팅에도...",http://cafe.naver.com/koarane/180290,리얼리뷰 공유소ㅣ내돈내산 찐리뷰 커...,https://cafe.naver.com/koarane,0,4,0,0,4,False
배달 부업 후기,배달,부산아르바이트로 돈벌며 온라인부업 고민까지 해결하고 싶다면,부업으로서의 가능성은 좀 낮다고 느꼈음 ───────────────── ■부산아르바이트 후기 공유 내가 했던 카페 알바는 사람도 많고 친절하긴 한데 시급 대비 피로도가 있더라구 다른 친구는 배달 알바로 꽤...,http://cafe.naver.com/koarane/294332,리얼리뷰 공유소ㅣ내돈내산 찐리뷰 커...,https://cafe.naver.com/koarane,0,4,0,0,4,False
배달 부업 후기,배달,부업용 배달 퀄리 투어 질문드립니다!,많은 후기들을 검색해보고 회사는 퀄리 모델은 엑스트론 투어로 정했는데요 1. 175남자 부업으로할꺼라서 하루 2~3시간 안짝 생각중인데 괜찮은 모델일까요? 2. 바스켓 보온가방은 고르는 팁이있나요? 브라켓이...,http://cafe.naver.com/eletricmotors/322859,전달사 -전기자전거로 달리는 사람들,https://cafe.naver.com/eletricmotors,0,4,0,2,2,False
배달 부업 후기,배달,로드러너 아랫지방부터 올라갑니더 후기 선빵,보험 배달투잡 배달알바 배달부업 요기요 배달대행 배달나라 자동차배달 ----------------------------------------------------------- 로드러너 2월에오면 후기 선빵칩니더 ㅋㅋㅋ 행님들 기대하이소 하루해보고 때리치울수도 있으예 ㅋㅋㅋ,http://cafe.naver.com/haejukdl/167672,배달나라 - 배민커넥트 쿠팡이츠 오토...,https://cafe.naver.com/haejukdl,0,6,0,0,6,False
배달 부업 후기,배달,쿠팡이츠배달파트너 후기 3ZX7K76✋,우리아들들은 배달하는 거도 좋아한다!ㅎ 같이 한두번하는건 운동도 되고 교육상 나쁘진 않은것 같다. 벌어야 쓸수있다는것도 가르켜주고. 원잡으로는 안해봐서 모르겠지만...... 가끔 소소한 부업이라고 해야할까....,http://cafe.naver.com/phmomstory/4929588,포항맘 놀이터,https://cafe.naver.com/phmomstory,0,4,0,0,4,False
배달 부업 후기,배달,첫경험...한달후기,ㅡ꾸벅ㅡ 세전배달 쿠팡배달 배민 배플 배민커넥트 도보 배달수입 전기자전거 배달카페 배달세상 쿠팡이츠 배달파트너 쿠플 자전거수익 카카오퀵 오토바이 정비 차팡 차민 배달투잡 배달알바 그라이더 배달부업 미션...,http://cafe.naver.com/haejukdl/173980,배달나라 - 배민커넥트 쿠팡이츠 오토...,https://cafe.naver.com/haejukdl,0,8,0,0,8,False
배달 부업 후기,배달,"쿠팡이츠배달파트너, 부업 찾는 40대가 주목한 이유!",[# 이런 시대에 부업은 필수 아닌가요?] 이상으로 '쿠팡이츠배달파트너'에 대해 제 경험을 바탕으로... [# 실제 후기 보니까 더 혹하게 되더라구요] 60대 분들도 챗GPT로 수익 내는 후기 봤을 때는 솔직히 충격이었어요. 한...,http://cafe.naver.com/koarane/53850,리얼리뷰 공유소ㅣ내돈내산 찐리뷰 커...,https://cafe.naver.com/koarane,0,6,0,0,6,False
배달 부업 후기,배달,3시간30분 후기,배달 쿠팡배달 배민 배플 배민커넥트 도보 배달수입 전기자전거 배달카페 배달세상 쿠팡이츠 배달파트너 쿠플 자전거수익 카카오퀵 오토바이 정비 차팡 차민 배달투잡 배달알바 그라이더 배달부업 미션 요기요 배달대행...,http://cafe.naver.com/haejukdl/174696,배달나라 - 배민커넥트 쿠팡이츠 오토...,https://cafe.naver.com/haejukdl,0,8,0,0,8,False
배달 부업 후기,스마트스토어,직장인이라면 꼭 알아야 할 퇴근 후 가능한 부업 BEST,"첫 번째는 배달·대리운전 같은 시간제 노동형 부업, 두 번째는 스마트스토어·중고판매 같은 온라인 판매형... 특히 단순 복사 붙여넣기 방식으로도 부업이 가능하다는 점이 직장인에게 정말 큰 장점이에요. 후기를 보니까...",http://cafe.naver.com/cafemakecafebest/23059,세상모든꿀팁 ㅣ영업·창업·부업·투...,https://cafe.naver.com/cafemakecafebest,0,8,0,0,8,False
배달 부업 후기,배달,당근마켓부업 후기 찾아보다가 진짜 꿀팁 발견했어요ㅎㅎ,"보면, 부업으로 당근을 활용하는 분들이 꽤 많더라구요! 그래서 저도 직접 후기도 찾아보고, 실제로 수익 낸... (청소, 배달, 픽업 등) 3️⃣ 직접 만든 수공예품, 디지털템 판매 특히 3번 방법은 여성분들이 많이 하더라구요....",http://cafe.naver.com/koarane/74844,리얼리뷰 공유소ㅣ내돈내산 찐리뷰 커...,https://cafe.naver.com/koarane,0,6,0,0,6,False
배달 부업 후기,배달,"요즘 뜨는 배달 알바, 수익부터 현실 후기까지 싹 정리!","♂️ 요즘 배달 알바가 부업으로 정말 많이들 하시더라구요! ㅎㅎ 그래서 제가 오늘 배달 알바 수익부터 현실적인 후기, 그리고 꿀팁까지 싹~ 정리해드릴게요! ◆배달 알바 수익, 얼마나 벌 수 있을까?◆ 최근 기준으로...",http://cafe.naver.com/cafemakecafebest/21421,세상모든꿀팁 ㅣ영업·창업·부업·투...,https://cafe.naver.com/cafemakecafebest,0,6,0,0,6,False
배달 부업 후기,배달,전기자전거 부업 10일차 후기,10일 후기에 대해서 남겨볼까해요 (1)운행정보 1. 운행 기준 기간 : 2025.05.15 ~ 2025.05.25 (11일 중 9일 운행) 2. 운행 시간 : 퇴근후 3~4시간 3. 모델명 : 엑스트론 프로 미니 25년형 접이식입니다.. 배달용으론 적합하빈 않다지만...,http://cafe.naver.com/nds07/4796697,"배달세상 :: 배달대행, 쿠팡이츠, 배민...",https://cafe.naver.com/nds07,0,4,0,0,4,False
배달 부업 후기,배달,오늘 배민 탄 후기,배달 쿠팡배달 배민 배플 배민커넥트 도보 배달수입 전기자전거 배달카페 배달세상 쿠팡이츠 배달파트너 쿠플 자전거수익 카카오퀵 오토바이 정비 차팡 차민 배달투잡 배달알바 그라이더 배달부업 미션 요기요...,http://cafe.naver.com/haejukdl/175230,배달나라 - 배민커넥트 쿠팡이츠 오토...,https://cafe.naver.com/haejukdl,0,8,0,0,8,False
배달 부업 후기,배달,부업거리 하나로 월 100 벌었다는 후기.. 진짜일까?,"부업거리 하나로 월 100 벌었다는 후기.. 진짜일까? 혹시 요즘 부업거리 찾는 분들 많으신가요? 저도 직장... 가능한 부업거리, 뭐가 있을까?] 사실 요즘 부업거리라고 하면 워낙 종류가 많잖아요. 배달, 설문조사, 중고거래...",http://cafe.naver.com/koarane/89192,리얼리뷰 공유소ㅣ내돈내산 찐리뷰 커...,https://cafe.naver.com/koarane,0,4,0,0,4,False
배달 부업 후기,배달,광주광역시부업 돈 되는 일은 진짜 따로 있음^^,"특히 광천동이나 상무지구 쪽은 배달이나 단기매장 알바도 많고, 광산구, 북구는 오프라인 부업보다 온라인... 있더라구요 ───────────────── [* 후기 많은 부업은? 온라인+챗봇+마케팅 쪽!] 솔직히...",http://cafe.naver.com/koarane/211281,리얼리뷰 공유소ㅣ내돈내산 찐리뷰 커...,https://cafe.naver.com/koarane,0,4,0,0,4,False
배달 부업 후기,배달,주말부업 고민하는 분들이 꼭 보는 포인트,"───────────────── [주말에 많이 하는 부업 종류] 배달, 행사 스태프, 단기 알바 같은... ───────────────── [주말부업 해본 사람들 솔직 후기] 처음엔 부업한다고 하면 다들 대단하다고...",http://cafe.naver.com/koarane/255384,리얼리뷰 공유소ㅣ내돈내산 찐리뷰 커...,https://cafe.naver.com/koarane,0,4,0,2,2,False
배달 부업 후기,배달,긱코노미 부업 배달 한달 후기,배달 부업을 하면서 얻은 것 다리가 굉장히 튼튼해졌습니다. 왠만하면 시간을 1분이라도 아껴야 하기 때문에 고층 같은 경우 마냥 엘리베이터를 기다릴 수 없어 10층 정도까지는 내달려 올라갑니다. 숨이 허걱허걱 차고...,http://cafe.naver.com/gameapplication/42742,부업통장,https://cafe.naver.com/gameapplication,0,4,0,0,4,False
배달 부업 후기,배달,쿠팡이츠 배달 도보 부업 후기,그제부터 햇는데 잼잇어요 울동네 식당이 마나서 점저녁 시간에 종종 뜨네요 같이 7일안에 열개 하면 만원주는 이벤트도 잇어요 같이해요~~ 운동하고 돈벌고 좋네요 하루 이만보 넘게 걸엇네요ㅎㅈㅎ 오픈...,http://cafe.naver.com/imsanbu/53948129,맘스홀릭 베이비 (360만 엄마들의 임신...,https://cafe.naver.com/imsanbu,0,4,0,0,4,False
배달 부업 후기,배달,새벽알바 하다가 부업으로 수익 확 올라간 후기,"새벽알바 하다가 부업으로 수익 확 올라간 후기 혹시 여기 새벽알바 하시는 분 계실까요? 저는 배달 알바로 새벽 3시부터 7시까지 일하고 있었어요. 애들 어린이집 보내고, 오전에 기절하듯 누워서 자고… 그렇게 몇 달을...",http://cafe.naver.com/koarane/54534,리얼리뷰 공유소ㅣ내돈내산 찐리뷰 커...,https://cafe.naver.com/koarane,0,6,0,0,6,False
배달 부업 후기,배달,사업자 햇살론 카드 발급 후기....!!!!,"안녕하세요 저는 미디어콘텐츠창작업, 작곡가로 25년 12월 초에 사업자 등록해서 인터넷 방송쪽이랑 음악쪽으로 사업중이지만 아직 사업 소득은 없고 부업으로 배달 일 하면서 하루 7~15만원씩 벌며 그걸로 사업...",http://cafe.naver.com/anycard/1559681,신용카드 박물관,https://cafe.naver.com/anycard,0,6,0,0,6,False
배달 부업 후기,배달,발전기 업그레이드 후기,저번달에 신차 내리자마자 커*연구소 에서 작업했구요 130키로 정도 타보고 후기 남깁니다 열선 2단 배달용... 출근시 주차 걱정도 부업으로 배달도 하니 팔방미인입니다 아주 다들 즐거운 커브라이프 보내시길 바랍니다,http://cafe.naver.com/supercub/279329,헬로 슈퍼커브,https://cafe.naver.com/supercub,0,4,0,0,4,False
배달 부업 후기,배달,전기자전거 구매 후 첫 배달 후기~,저녁에 부업으로 3-4시간 정도 해보려고 어제 구매했는데 오늘 저녁에 두시간 정도 연습삼아 해봤는데... 추후 주문한 장비들 도착하면 본격적인 부업으로 해보겠습니다~ 다들 안전운전~하시며 즐거운 운행되시길 바랍니다,http://cafe.naver.com/eletricmotors/233439,전달사 -전기자전거로 달리는 사람들,https://cafe.naver.com/eletricmotors,0,4,0,0,4,False
배달 부업 후기,배달,집에서하는부업 관심 있다면 요즘 많이 보는 정보 정리해봤어요,◆ 예전에는 부업이라고 하면 배달이나 오프라인 아르바이트를 떠올리는 경우가 많았는데요. 요즘은... 저도 최근 후기들 찾아보니까 “생각보다 어렵지 않다”는 반응이 꽤 많아서 놀랐어요ㅎㅎ ◆초보자들이 가장 많이...,http://cafe.naver.com/uouv96/5147,오늘도 달린다 ㅣ영업·창업·부업 ㅣ...,https://cafe.naver.com/uouv96,0,4,0,0,4,False
배달 부업 후기,배달,배달대행창업으로 월 500 가능할까? 직접 해본 후기 공유,"배달대행창업으로 월 500 가능할까? 직접 해본 후기 공유 요즘 진짜 여기저기서 배달대행창업 이야기가 많이... 혹시 나도 배달대행 외에도 부업으로 마케팅까지 배워볼까 고민 중이라면, 지금이 진짜 기회일지도 몰라요...",http://cafe.naver.com/koarane/90599,리얼리뷰 공유소ㅣ내돈내산 찐리뷰 커...,https://cafe.naver.com/koarane,0,4,0,0,4,False
배달 부업 후기,스마트스토어,[KBS] '부업 사기' 피해 이후 부업을 여러가지 하고 계신 분을 찾습니다.,"쇼핑몰 리뷰 알바, 여행 후기 작성 알바, 손부업 알바 등 부업을 해서 돈을 벌어보려고 했으나 사기 피해를 당한 후에 피해액을 메꾸기 위해서 배달, 단기알바 등 여러 가지 부업을 하고 계신 분을 찾고 있습니다....",http://cafe.naver.com/notouch7/171277,백 두 산,https://cafe.naver.com/notouch7,0,6,0,0,6,False
배달 부업 후기,배달,노원선불폰 배달대행 3개월 쓴 솔직 후기 (앤텔레콤 L망 데이터 실사용),노원선불폰 배달기사 전용 L망 요금제 3종 비교 2. 왜 노원 라이더는 '770 요금제'인가? 3. 3개월간 노원 전역을 누비며 느낀 찐후기 4. 노원 기준 앤텔레콤 L망 실내외 체감 5. 노원선불폰 10분 만에 끝내는 비대면 셀프...,http://cafe.naver.com/junkfoodc/416,이심전심모바일 : 앤텔레콤/선불폰/알...,https://cafe.naver.com/junkfoodc,0,2,0,0,2,False
배달 부업 후기,스마트스토어,"퇴근 후 할만한 야간부업, 요즘 뭐가 괜찮을까?",야간부업 하면 배달이나 대리운전 많이들 떠올리시죠. 하지만 요즘은 그런 활동적인 부업보다는 집에서... ───────────────── ● 실제로 하고 있는 사람들의 후기 제 친구도 퇴근 후에 스마트스토어로...,http://cafe.naver.com/koarane/216251,리얼리뷰 공유소ㅣ내돈내산 찐리뷰 커...,https://cafe.naver.com/koarane,0,6,0,0,6,False
배달 부업 후기,배달,[사용 후기]뇌울림 3.0 Pro 엄복동의 나라에서 도난걱정 끝!!,ㅎㅎㅎ 배달 부업 뿐만 아닌 잠시 잠깐 자전거를 두고 자리를 비우게 될 우려가 있는분이라면 소듕한 내 자전거 보안을 지키기 위하여 꼭!! 구매해보세요. 너무 좋습니다.ㅎㅎㅎ 이상으로 뇌울림 3.0 Pro 사용 후기를...,http://cafe.naver.com/eletricmotors/251690,전달사 -전기자전거로 달리는 사람들,https://cafe.naver.com/eletricmotors,0,4,0,0,4,False
배달 부업 후기,배달,카퀵 후기,배달 쿠팡배달 배민 배플 배민커넥트 도보 배달수입 전기자전거 배달카페 배달세상 쿠팡이츠 배달파트너 쿠플 자전거수익 카카오퀵 오토바이 정비 차팡 차민 배달투잡 배달알바 그라이더 배달부업 미션 요기요 배달대행...,http://cafe.naver.com/haejukdl/173277,배달나라 - 배민커넥트 쿠팡이츠 오토...,https://cafe.naver.com/haejukdl,0,8,0,0,8,False
배달 부업 후기,배달,대전부업 지원 전 체크해야 할 주의사항은?,"부업은 무조건 거르세요 - 문자나 DM으로 오는 “고수익 알바”는 거의 100% 사기 - 검색 시 업체명 + 후기 꼭... 배달 부업은 어렵지만, 대부분의 온라인 부업은 차량 없이도 충분해요. Q. 대전에서도 재택부업 가능한가요? A....",http://cafe.naver.com/koarane/374830,리얼리뷰 공유소ㅣ내돈내산 찐리뷰 커...,https://cafe.naver.com/koarane,0,8,0,0,8,False
배달 부업 후기,배달,부업 고민 중이라면 꼭 보세요! 파이프라인 만들기 핵심 꿀팁 공개,"예전에는 부업이라고 하면 배달이나 오프라인 투잡 느낌이 강했는데, 요즘은 집에서도 가능한 온라인 자동화... 후기들 보니까 50대, 60대 분들도 쉽게 따라했다는 이야기가 꽤 많더라구요. 심지어 복사붙여넣기 방식으로...",http://cafe.naver.com/uouv96/7706,오늘도 달린다 ㅣ영업·창업·부업 ㅣ...,https://cafe.naver.com/uouv96,0,6,0,0,6,False
배달 부업 후기,배달,"집에서 할 수 있는 재택부업, 투자금 없이 시작 가능?","재택부업 종류부터 현실적인 후기, 그리고 요즘 뜨는 온라인 수익 방법까지 싹~ 정리해드릴게요! ◆요즘 재택부업 왜 이렇게 인기 많을까?◆ 예전에는 부업이라고 하면 배달이나 오프라인 알바를 떠올렸는데요!...",http://cafe.naver.com/uouv96/3260,오늘도 달린다 ㅣ영업·창업·부업 ㅣ...,https://cafe.naver.com/uouv96,0,10,0,2,8,False
배달 부업 후기,배달,"배민커넥트 부업 퇴근후 선택한 이유,진짜 수익 될까?",주변에서 배달 부업으로 용돈 번다는 얘기를 자주 들었어요. 시간 자유롭고 앱만 켜면 된다는 말에 솔깃했죠. 퇴근 후 2~3시간만 움직여도 괜찮다는 후기들이 많더라구요. 특별한 기술 없이 바로 시작 가능하다는 점도...,http://cafe.naver.com/koarane/362358,리얼리뷰 공유소ㅣ내돈내산 찐리뷰 커...,https://cafe.naver.com/koarane,0,6,0,0,6,False
배달 부업 후기,배달,N잡러의 도보배달 1달 장단점을 포함한 솔직 후기 (도가니야 무사하니?),"건강과 안전을 항상 우선으로 생각하시고 슬기로운 부업 생활하시길 바라요. 이상으로, 배민커넥트와 쿠팡이츠 배달파트너 1달간 해본 솔직 후기 마칩니다. [그래서 얼마버니? 추가 작성] 저도 배달일이 돈이 되나? 하는...",http://cafe.naver.com/nds07/2850509,"배달세상 :: 배달대행, 쿠팡이츠, 배민...",https://cafe.naver.com/nds07,0,6,0,0,6,False
배달 부업 후기,배달,긴급출똥 후기,배달 쿠팡배달 배민 배플 배민커넥트 도보 배달수입 전기자전거 배달카페 배달세상 쿠팡이츠 배달파트너 쿠플 자전거수익 카카오퀵 오토바이 정비 차팡 차민 배달투잡 배달알바 그라이더 배달부업 미션 요기요 배달대행...,http://cafe.naver.com/haejukdl/172623,배달나라 - 배민커넥트 쿠팡이츠 오토...,https://cafe.naver.com/haejukdl,0,8,0,0,8,False
배달 부업 후기,배달,바이크TRA 전기자전거 가성비 따져보니 놀라움,저도 배달 부업 때문에 이것저것 찾아보다가 눈에 들어온 게 바로 이 바이크TRA 전기자전거였어요. 솔직히... 미니벨로 타입이라 골목이나 유턴할 때도 생각보다 편하다는 후기가 많았어요. 저도 주변에서 배달하는...,http://cafe.naver.com/koarane/374251,리얼리뷰 공유소ㅣ내돈내산 찐리뷰 커...,https://cafe.naver.com/koarane,0,4,0,0,4,False
배달 부업 후기,배달,개인택시 후기,"춥고,덥다 전 춥고,더운건 그렇게 크게는 못느끼겠는데 위험한게 젤 커서 넘어왔는데 제가 배달해보고, 택시하고 있는 사람으로써 배달,택시 도찐개찐이고 젤 베스트는 회사 즉 본업 있으면서 피크시간에 배달로 부업 이게...",http://cafe.naver.com/nds07/5116919,"배달세상 :: 배달대행, 쿠팡이츠, 배민...",https://cafe.naver.com/nds07,0,4,0,0,4,False
배달 부업 후기,배달,용인 구인구직 채용 소식 요즘 제일 핫한 부업만 골라봤어요,"많고, 배달 플랫폼 활성화도 높은 편이라 쿠팡, 마켓컬리, 배민B마트 등에서 구직 수요가 끊이지 않아요.... - “초보도 가능한 재택부업 있을까요?” 후기작성, 제품소개, 복붙만 해도 가능한 자동화 마케팅이 있어요....",http://cafe.naver.com/koarane/98188,리얼리뷰 공유소ㅣ내돈내산 찐리뷰 커...,https://cafe.naver.com/koarane,0,6,0,0,6,False
배달 부업 후기,배달,직장인 투잡 고민이라면 꼭 알아야 할 현실가능한 부업 꿀팁,◆요즘 직장인들이 가장 많이 찾는 현실부업은?◆ 예전에는 배달이나 대리운전 같은 오프라인 투잡이... 특히 자동화 구조를 잘 활용하면 생각보다 시간을 많이 쓰지 않아도 운영 가능하다는 후기도 많더라구요. Q. 직장인...,http://cafe.naver.com/uouv96/5263,오늘도 달린다 ㅣ영업·창업·부업 ㅣ...,https://cafe.naver.com/uouv96,0,6,0,0,6,False
배달 부업 후기,배달,쿠팡퀵플렉스후기 초보가 알아야 할 현실 팩트,"───────────────── [# 쿠팡퀵플렉스 경험자들 공통 후기] 대부분 “시간 대비 괜찮다”, “부업으로 딱 좋다”, “자유도가 높다”는 얘기를 해요. 정규 배달처럼 계속 달릴 필요도 없고, 본인이 원할...",http://cafe.naver.com/koarane/208806,리얼리뷰 공유소ㅣ내돈내산 찐리뷰 커...,https://cafe.naver.com/koarane,0,4,0,0,4,False
배달 부업 후기,배달,쿠팡 이츠 배달파트너 알바 후기 일주일에 얼마나 벌까?,그래서 저도 궁금한 마음에 이번에 쿠팡 이츠 배달파트너를 하게 되어 후기를 남겨보려고 합니다. 요즘 코로나 때문에 사장님들도 부업으로 많이 하신다고 해서 많은 기대를 했었는데 생각했던 것보다 괜찮아서 놀랐어요....,http://cafe.naver.com/jihosoccer123/1283485,아프니까 사장이다 [소상공인·자영업...,https://cafe.naver.com/jihosoccer123,0,4,0,2,2,False
배달 부업 후기,배달,아도우미 알바 후기 대학생이 동네 돌봄 도우며 느낀 현실과 꿀팁,아도우미 알바 후기 대학생이 동네 돌봄 도우며 느낀 현실과 꿀팁 왜 하필 ‘육아도우미’였냐면 생활비... 야간+배달부업**으로 스위칭했어요. ───────────────── 정리 & 한 줄 후킹 결론 **육아도우미는...,http://cafe.naver.com/zpvkdcom/8203,"온라인보험 비교카페 - 종합,어린이,건...",https://cafe.naver.com/zpvkdcom,0,4,0,0,4,False
배달 부업 후기,배달,오늘 점심은 매콤한 카레 배달! 집에서 즐기는 소소한 행복이네요,카레를 배달시켜 먹었답니당ㅎㅎ 집에서 만드는 카레도 맛있지만 가끔은 남이 해준 꾸덕하고 진한 전문점 카레가 생각날 때가 있더라고요. 어디서 주문할까 한참 고민하다가 후기가 좋은 곳에서 시켰는데 뚜껑을...,http://cafe.naver.com/eovhskfktmak/7611,4050 우리들의 두번째 시작[은퇴 국민...,https://cafe.naver.com/eovhskfktmak,0,2,0,0,2,False
배달 부업 후기,배달,"부업알바 할만한 꿀조합, 스마트폰+AI 가능할까?","───────────────── [# 부업알바도 시대가 바뀌었어요] 예전엔 배달 알바, 오프라인 단기... ───────────────── [* 제가 직접 해본 부업알바들 후기 솔직히 말함] ① 리뷰단: 초반엔...",http://cafe.naver.com/koarane/265769,리얼리뷰 공유소ㅣ내돈내산 찐리뷰 커...,https://cafe.naver.com/koarane,0,4,0,0,4,False
배달 부업 후기,배달,남자 직장인 부업 뭐가 좋을까? 2026 최신 트렌드 정리,"대표적으로는 배달, 대리운전, 그리고 온라인 부업이 있습니다. 특히 온라인 부업은 집에서도 가능하다는 점... 특히 단순 복사 붙여넣기 방식으로도 부업이 가능하다는 게 가장 인상적이었습니다. 후기를 보니까 50~60대...",http://cafe.naver.com/cafemakecafebest/22057,세상모든꿀팁 ㅣ영업·창업·부업·투...,https://cafe.naver.com/cafemakecafebest,0,4,0,2,2,False
배달 부업 후기,기타,제가 하고있는 부업 후기,"--------------------------------------------------------------------------- 지금 만나는 여자친구와 결혼얘기가 오고가는중이고 , 열심히 저축도 하고있지만 뭔가 부족해서 부업도 하고있네요 당근마켓 앱에서 알바코너 잠복하다가...",http://cafe.naver.com/consumerizm/1990141,K R R R,https://cafe.naver.com/consumerizm,0,2,0,0,2,False
배달 부업 후기,배달,"오토바이보험비교견적, 비교만 잘해도 반값 아낀다?","예를 들어 배달 부업을 잠깐 하는 분들은 시간제 유상운송 특약이나 단기 보험 옵션을 선택해 비용을 낮출 수 있어요. 결론적으로, 오토바이를 타는 모든 분들에게 오토바이보험비교견적은 ‘선택’이 아니라 보험료...",http://cafe.naver.com/1sejongcity/1878873,세종시닷컴,https://cafe.naver.com/1sejongcity,0,4,0,0,4,False
배달 부업 후기,배달,"치킨집창업 월수익 800 넘는 사장님, 비결이 뭘까용?","그중에서도 치킨집은 아직도 핫하더라구요~ 저도 애 둘 키우면서, 슬슬 부업이라도 해볼까 하다가 치킨집... 배달 후기랑 사진도 엄청 신경써야 된대요… 진짜 정성싸움ㅋㅋ ───────────────── [#요즘...",http://cafe.naver.com/koarane/159185,리얼리뷰 공유소ㅣ내돈내산 찐리뷰 커...,https://cafe.naver.com/koarane,0,6,0,0,6,False
배달 부업 후기,배달,어찌저지 이래저래 vf100p 중고 구매후 5일차 후기..,----------------------------- 안녕하세요 부업으로 배달일을 시작하게된 15일차된 배린이입니다. 이래저래... 대전 주원모터스가 vf100p 관련 셋팅도 해본적 있으시다고 하시고 블로그나 카페후기보니깐 괜찮다고하여 먼길을...,http://cafe.naver.com/nds07/4641319,"배달세상 :: 배달대행, 쿠팡이츠, 배민...",https://cafe.naver.com/nds07,0,6,0,0,6,False
배달 부업 후기,배달,네솔보험 보상사례 있나요?,배달부업중인데 전기자전거 파스전용 주문해서 이번주내로 배송될것 같습니다 실손 일배책은 있는 상태고 배달중 사고를 위해 네솔보험을 들려고 하는데 실제 사고 후 처리받으신 후기를 본적이 없는거 같아서요...,http://cafe.naver.com/nds07/5371825,"배달세상 :: 배달대행, 쿠팡이츠, 배민...",https://cafe.naver.com/nds07,0,4,0,0,4,False
배달 부업 후기,배달,25년 PCX 125 저신용 배달 오토바이,"혼다 PCX125 리스, 저신용 배달오토바이 리스 렌탈로 시작한 실제 후기 요즘 부업으로 배달을 시작하는 분들이 많아졌어요. 저도 처음에는 망설였지만, 시간 조절이 자유롭고 수익도 일정하다는 점에서 도전하게...",http://cafe.naver.com/pcxlife/400623,PCX Life,https://cafe.naver.com/pcxlife,0,6,0,0,6,False
배달 부업 후기,배달,"쿠팡플렉스 부업 후기, 장단점과 수익 진짜 괜찮을까?","쿠팡플렉스 부업 후기, 진짜 괜찮을까? 혹시 요즘 부업 알아보는 분들 많으시죠? 저도 학교 끝나고 할 수... 배달 물량도 고정이 아니라 내가 선택할 수 있어서 넘 편해요. 알바처럼 시급 맞춰 일 안 해도 되니까 부담도...",http://cafe.naver.com/koarane/42185,리얼리뷰 공유소ㅣ내돈내산 찐리뷰 커...,https://cafe.naver.com/koarane,0,6,0,0,6,False
배달 부업 후기,배달,2026년 요즘 뜨는 부업 추천 실제로 해보고 느낀 후기까지!,"◆요즘 가장 많이 하는 현실 부업은?◆ 최근에는 예전처럼 배달이나 단순 알바보다는, 집에서 가능한 온라인... 특히 스마트폰만 있어도 가능한 방식들이 늘어나면서 진입장벽도 엄청 낮아졌어요 저도 여러 후기...",http://cafe.naver.com/koarane/568407,리얼리뷰 공유소ㅣ내돈내산 찐리뷰 커...,https://cafe.naver.com/koarane,0,4,0,2,2,False
배달 부업 후기,배달,배달알바수익 직접 뛰어본 리얼 후기 알려드림,배달알바수익 직접 뛰어본 리얼 후기 알려드림 직장을 그만두고 부업 겸 생계 유지용으로 배달 알바를 시작했어요. 요즘 진짜 많이 한다고 해서 ‘한번 해보자’는 마음으로 배민커넥트 가입했죠. 딱 한 달 해봤는데...,http://cafe.naver.com/koarane/116190,리얼리뷰 공유소ㅣ내돈내산 찐리뷰 커...,https://cafe.naver.com/koarane,0,6,0,0,6,False
배달 부업 후기,배달,서민배달원의 노도강 후기,배달 쿠팡배달 배민 배플 배달대행 배민커넥트 도보 전기자전거 배달카페 배달세상 쿠팡이츠 배달파트너 쿠플 카카오퀵 오토바이배달 정비 차팡 차민 배달투잡 배달알바 배달부업 미션 요기요 배달대행 배달나라...,http://cafe.naver.com/haejukdl/168543,배달나라 - 배민커넥트 쿠팡이츠 오토...,https://cafe.naver.com/haejukdl,0,6,0,0,6,False
배달 부업 후기,배달,생수배달알바 시급보다 중요한 포인트?,"───────────────── [ 후기 찾아보면 공감되는 부분들] 커뮤니티 후기들 보면, ‘하루는... ───────────────── [❓ 생수배달 경험이 다른 부업에도 도움될까?] 진짜 웃기지만요ㅋㅋ 이...",http://cafe.naver.com/koarane/231621,리얼리뷰 공유소ㅣ내돈내산 찐리뷰 커...,https://cafe.naver.com/koarane,0,4,0,0,4,False
배달 부업 후기,배달,도보배달하다 일반자전거 배달 4일 후기,하나씩만 배달합니다. 다배차를 하려면 자전거 짐칸에 버거가방을 달아야 하는데 그렇게 되면 더이상 가족들에게 비밀로 할 수 없을거 같고 저질체력이라 언덕만나면 배달시간이 좀 오래걸릴거 같기도 하고 그래서...,http://cafe.naver.com/nds07/5096502,"배달세상 :: 배달대행, 쿠팡이츠, 배민...",https://cafe.naver.com/nds07,0,2,0,0,2,False
배달 부업 후기,배달,"오토바이배달알바, 수입도 중요하지만 리스크도 크다는거 알아야 해요.","오토바이배달알바, 수입도 중요하지만 리스크도 크다는거 알아야 해요. 솔직히 말씀드리면요, 저도 처음엔... la/YcHQBcj. . "" "" "" "" #부업정보공유 #투잡추천 #자동화마케팅 #퍼널마케팅후기 #온라인부업",http://cafe.naver.com/koarane/201363,리얼리뷰 공유소ㅣ내돈내산 찐리뷰 커...,https://cafe.naver.com/koarane,0,6,0,2,4,False
배달 부업 후기,배달,레이버 우주복 어떤가요ㅋ,정비 차팡 차민 배달투잡 배달알바 그라이더 배달부업 미션 요기요 배달대행 배달나라 자동차배달 ----------------------------------------------------------- 내일부터 강추위인데 아무래도 준비해야 될거같은데ㅠㅜ 써보신분 후기좀^^,http://cafe.naver.com/haejukdl/179321,배달나라 - 배민커넥트 쿠팡이츠 오토...,https://cafe.naver.com/haejukdl,0,6,0,2,4,False
배달 부업 후기,배달,개인적인 전기자전거 구독형 스X 한달 사용 후기(구독형 렌탈로 배달 하실분들 참고만하세요),----------------------------- 전기자전거로 부업이나 시작해볼라고 구독생각하시는 분들처럼 목돈나가는게... ㅋㅋ다행이 마지막배달이라 벽에 어떻게 기대놓고 다녀와서 고장수리 변경신청 했더니 4-5일정도 걸린다고...,http://cafe.naver.com/nds07/5134561,"배달세상 :: 배달대행, 쿠팡이츠, 배민...",https://cafe.naver.com/nds07,0,4,0,0,4,False
배달 부업 후기,배달,삼양 우지라면 1963후기,배달 쿠팡배달 배민 배플 배민커넥트 도보 전기자전거 배달카페 배달세상 쿠팡이츠 배달파트너 쿠플 자전거 카카오퀵 오토바이 정비 차팡 차민 배달투잡 배달알바 그라이더 배달부업 미션 요기요 배달대행 배달나라...,http://cafe.naver.com/haejukdl/171569,배달나라 - 배민커넥트 쿠팡이츠 오토...,https://cafe.naver.com/haejukdl,0,6,0,0,6,False
배달 부업 후기,배달,"배민배달알바 조건, 수당, 후기 싹 다 모아봤음","배민배달알바 조건, 수당, 후기 싹 다 모아봤음 요즘 진짜 배달 라이더 많잖아요? 저도 친구 따라... 진짜 부업 찾는 분들한테 추천하고 싶어요! ───────────────── [# 저처럼 알바 한계 느끼는 분이라면?...",http://cafe.naver.com/koarane/79907,리얼리뷰 공유소ㅣ내돈내산 찐리뷰 커...,https://cafe.naver.com/koarane,0,4,0,2,2,False
배달 부업 후기,배달,도시락 배달 알바 시간 대비 괜찮은 선택인지 고민된다면~?,도시락 배달 알바 이것저것 찾아보고 후기도 꽤 많이 읽어봤습니다 예전에 잠깐 배달 도와준 적 있어서 어느... 고기체인점/부업창업/창업아이디어/예비창업자/40대창업/60대창업/50대창업/여성창업아이템/직장인투잡...,http://cafe.naver.com/eovhskfktmak/6524,4050 우리들의 두번째 시작[은퇴 국민...,https://cafe.naver.com/eovhskfktmak,0,6,0,0,6,False
배달 부업 후기,배달,전기자전거 폭설+강풍 라이딩 후기입니다.,함께 사고 위험도 매우 높아져서 난 정말 자전거를 누구보다 잘 탈 수 있는 분들이 아니라면 배달 부업 포함 날씨 좋은 날에 라이딩을 하시는것이 잴 좋은 선택 같고요 악천 후 라이딩시 도움이 되는 좋은정보도 공유를 합니다.,http://cafe.naver.com/eletricmotors/283159,전달사 -전기자전거로 달리는 사람들,https://cafe.naver.com/eletricmotors,0,4,0,0,4,False
배달 부업 후기,배달,차팡.. 전기차로 했습니다 2년간 후기..,구입해서 배달하는게 제일 좋다 판단.. 제가 타던차는 와이프가 타고 소형 전기차 구매해서 출퇴근 및 배달로... 이걸로 부업 계속 합니다 2년의 시간동안 본업 부업 육아 운동 등 쉬지않고 노력해서 살고있습니다....,http://cafe.naver.com/nds07/5437835,"배달세상 :: 배달대행, 쿠팡이츠, 배민...",https://cafe.naver.com/nds07,0,4,0,0,4,False
배달 부업 후기,배달,자동차배달 약 한달 후기,",초성어등 관심유도행위 절대 금지) ----------------------------- 안녕하세요 오늘 카페가입했네요 약 2년전부터 부업으로 자동차배달 하시는 지인분의 추천으로 약 한달전부터 배달시작한 초보입니다 지난달 어느 주말 시작한...",http://cafe.naver.com/nds07/4356562,"배달세상 :: 배달대행, 쿠팡이츠, 배민...",https://cafe.naver.com/nds07,0,4,0,2,2,False
배달 부업 후기,배달,취직 현실 후기 대학생이 알바에서 계약직 거쳐 정규직까지 가본 루트 공개,"취직 현실 후기 대학생이 알바에서 계약직 거쳐 정규직까지 가본 루트 공개 왜 ‘취직’을 결심했냐면 (알바... 저는 주중엔 계약직(6h), 주말에는 일당알바(배달알바/배달부업·쿠팡 손부업)로 믹스했어요. 체력이 허용되면...",http://cafe.naver.com/zpvkdcom/8194,"온라인보험 비교카페 - 종합,어린이,건...",https://cafe.naver.com/zpvkdcom,0,4,0,0,4,False
배달 부업 후기,배달,"직장인투잡, 현실적으로 가능한 부업부터 수익 관리까지 솔직 후기","**주말 대면 부업** – 플리마켓, 배달, 강의 등 직접 활동형 부업 처음엔 ‘시간이 없을 것 같다’고... ───────────────── 제가 직접 해본 직장인투잡 후기 저는 처음에 글쓰기를 좋아해서 블로그...",http://cafe.naver.com/zpvkdcom/13694,"온라인보험 비교카페 - 종합,어린이,건...",https://cafe.naver.com/zpvkdcom,0,12,0,0,12,False
배달 부업 후기,배달,퇴근후알바 부업하면서 수익까지 챙긴 후기 공개,퇴근후알바 부업하면서 수익까지 챙긴 후기 공개 혹시 이웃님들도 요즘 퇴근 후에 뭐 하세요? 저는 얼마... 배달이나 단기 아르바이트처럼 체력쓰는 건 오래 못하잖아요ㅠㅠ 그래서 저는 재택으로 할 수 있는 일 위주로...,http://cafe.naver.com/koarane/69034,리얼리뷰 공유소ㅣ내돈내산 찐리뷰 커...,https://cafe.naver.com/koarane,0,8,0,0,8,False
배달 부업 후기,배달,배달 초보 일주일 후기,"(자게에는 질문글 작성금지입니다.) - 글제목에 특수문자나 이모티콘 사용금지입니다.(과도한 !,?,초성어등 관심유도행위 절대 금지) ----------------------------- 부업으로 배달을 선택했고, 점심, 저녁 페크 타임을 해보니 6...",http://cafe.naver.com/nds07/4448628,"배달세상 :: 배달대행, 쿠팡이츠, 배민...",https://cafe.naver.com/nds07,0,4,0,2,2,False
배달 부업 후기,배달,도보배달 하다 차량배달 한 후기,쿠팡배달해본후기 남겨봅니다 자차 체험 사유 : 하도 콜이 없어 오기로 쿠팡 체험 사유 : 배민은 내일 좀 하면... 도보배달의 미래는 밝지못함 운동을위해 부업으로 시작했는데 차는 운동안되고 성격만 나빠질것같음. 이제...,http://cafe.naver.com/galaxysc/183807,"배다트-쿠팡이츠배달파트너,배민커넥트...",https://cafe.naver.com/galaxysc,0,4,0,0,4,False
배달 부업 후기,배달,전자 3.5개월 후기 및 중간 결론(장문),"부업이고 현재 운영시간 때는 평일 20시~24시 4시간, 주말 최대한이긴 한데 이틀 각각 6시간정도 타네요.... 그냥 딱 봐도 전자 설계가 하루에 1~2시간 정도만 나들이용으로 타라고 만든 장비이지 배달용이 아닙니다....",http://cafe.naver.com/nds07/5477333,"배달세상 :: 배달대행, 쿠팡이츠, 배민...",https://cafe.naver.com/nds07,0,4,0,0,4,False
배달 부업 후기,배달,쿠팡이츠배달알바 요즘 수입 구조 솔직 후기,요즘 부업 이야기만 나오면 꼭 한 번씩 언급되는 게 바로 쿠팡이츠배달알바더라구요. 저도 사실 처음엔 그냥... ───────────────── [직접 해본 사람들 후기 느낌] 제 주변에서도 실제로 해본 분들 얘기를...,http://cafe.naver.com/koarane/230841,리얼리뷰 공유소ㅣ내돈내산 찐리뷰 커...,https://cafe.naver.com/koarane,0,4,0,2,2,False
배달 부업 후기,배달,집밥없는 꼽등이6 한달 유지비 정보 후기,하루 200업무용타고 50키로 일끝나고 배달부업 타다보니 매일충전하는데 집밥없으면 왜스트레스인지 알거같습니다. 충전댐에 매일 홈플러스로 출근하고 있습니다. ㅡ.ㅡ 그나마 다행인건 집에서 5분거리 배달...,http://cafe.naver.com/allfm01/1595250,"전기차동호회-아이오닉5 6 9,EV3 EV4 ...",https://cafe.naver.com/allfm01,0,4,0,0,4,False
배달 부업 후기,배달,쿠팡이츠 배달파트너로 돈 벌면서 부동산 임장하기,"가용자금이 목 끝까지 달랑말랑하길래 괜시리 부업을 알아보게 되었고, 회사 차를 이용해 유류비를... 부동산 임장 기준으로 본 쿠팡이츠 배달파트너 배달 후기입니다.[강남구, 송파구] 1. 피크시간 대는 점심시간...",http://cafe.naver.com/jaegebal/4508767,부동산 스터디',https://cafe.naver.com/jaegebal,0,4,0,0,4,False
배달 부업 후기,배달,배린이 부업첫출근 후기..,한건 배달맞치고 또기다림에 시간....그러다가 배민한개들어오길래 배민배달완료하고 또기다림에시간...그러다가 깜깜무소식.. 쿠팡은 포크있는곳근처서 지인이 대기하면된다해서 무한기다림.. 그래도깜깜무소식......,http://cafe.naver.com/nds07/5000310,"배달세상 :: 배달대행, 쿠팡이츠, 배민...",https://cafe.naver.com/nds07,0,4,0,0,4,False
배달 부업 후기,배달,방한장갑 뭐하세요? 토시말구요,옹팡후기 개구라 사기임... 배달 쿠팡배달 배민 배플 배민커넥트 도보 배달수입 전기자전거 배달카페... 배달알바 그라이더 배달부업 미션 요기요 배달대행 배달나라 자동차배달 -----------------------------------------------------------,http://cafe.naver.com/haejukdl/177741,배달나라 - 배민커넥트 쿠팡이츠 오토...,https://cafe.naver.com/haejukdl,0,4,0,0,4,False
배달 부업 후기,배달,천만원 복권 당첨자의 후기,배달파트너 쿠플 자전거수익 카카오퀵 오토바이 정비 차팡 차민 배달투잡 배달알바 그라이더 배달부업 미션 요기요 배달대행 배달나라 자동차배달 ----------------------------------------------------------- 천만원 복권 당첨자의 후기,http://cafe.naver.com/haejukdl/199704,배달나라 - 배민커넥트 쿠팡이츠 오토...,https://cafe.naver.com/haejukdl,0,8,0,0,8,False
배달 부업 후기,배달,"50대부업 현실 가능성, 남편도 깜짝 놀랐대요",그래서 무작정 알바나 배달 같은 체력노동은 오래 못 가는 게 현실이에요. 그럼에도 불구하고 요즘 인기... ───────────────── [#50대도 가능한 자동화 부업 후기] 솔직히 처음엔 좀 무서웠어요. 근데...,http://cafe.naver.com/koarane/293811,리얼리뷰 공유소ㅣ내돈내산 찐리뷰 커...,https://cafe.naver.com/koarane,0,4,0,0,4,False
배달 부업 후기,배달,"쿠팡일일알바, 하루 1시간 투자로 수익 올리는 법","───────────────── [다른 사람들의 후기] 주변 쿠팡일일알바 하시는 분들 대부분... 배달 부업만 하는 것보다, 마케팅 스킬까지 배우면 하루 1시간 투자로 훨씬 큰 수익 창출 가능 저도 강의 듣고 나서...",http://cafe.naver.com/koarane/106456,리얼리뷰 공유소ㅣ내돈내산 찐리뷰 커...,https://cafe.naver.com/koarane,0,10,0,0,10,False
배달 부업 후기,배달,부업하실분 필수로 아셔야 할 현실 정보 정리해드릴게요!,"───────────────── ■ 요즘 부업 트렌드? 온라인이 대세! 한때는 쿠팡플렉스, 배달알바... 특히 자동화 시스템 쪽 부업은 인증받은 후기 페이지가 따로 있는 경우도 있어서, 그런 거 꼭 한 번...",http://cafe.naver.com/koarane/172638,리얼리뷰 공유소ㅣ내돈내산 찐리뷰 커...,https://cafe.naver.com/koarane,0,4,0,0,4,False
배달 부업 후기,배달,부업 운동겸 배달용 전기자전거 첫구매 알아보는데요. 여러가지로 고민이 많이 되네요. 조언구합니다.,"(자전거유산소운동 겸 배달) 부업으로 4~6시간정도 시간될 때 해보려고 합니다. 다른글들도 찾아보니... 없겠지만 그래도 상대적으로 괜찮은제품, 종합적으로 경험후기를 남겨주시면 결정하는데 큰 힘이 될 것 같습니다.",http://cafe.naver.com/eletricmotors/163109,전달사 -전기자전거로 달리는 사람들,https://cafe.naver.com/eletricmotors,0,4,0,0,4,False
배달 부업 후기,배달,요즘 배민배달알바 하면 진짜 돈 벌 수 있을까?,"───────────────── ▶ 주변 반응과 후기들, 진짜 괜찮을까? 직장 동료 중에 주말마다... ───────────────── 나도 한때 배달부터 시작해서 별의별 부업을 다 알아봤었거든요....",http://cafe.naver.com/koarane/216284,리얼리뷰 공유소ㅣ내돈내산 찐리뷰 커...,https://cafe.naver.com/koarane,0,4,0,0,4,False
배달 부업 후기,배달,부수입 배달의민족배달알바 시간 조절 되는 알바 찾는다면?,"이상으로 ""배달의민족배달알바""에 대한 후기 정리해봤는데요, 요즘 같은 시대엔 한 가지 수입에만 의존하는 게 위험한 것 같아요ㅠㅠ 그래서 저도 부업이랑 사이드잡을 자꾸 알아보게 되더라구요. 특히 요즘은 하루 1시간...",http://cafe.naver.com/koarane/83300,리얼리뷰 공유소ㅣ내돈내산 찐리뷰 커...,https://cafe.naver.com/koarane,0,6,0,0,6,False
배달 부업 후기,배달,우유배달알바 현실 수익과 고충까지 솔직 후기,"우유배달알바 현실 수익과 고충까지 솔직 후기 회사 끝나고 퇴근하면 녹초가 되지만, 월급만으로는 빠듯해서 새벽 부업을 알아보다가 '우유배달알바'를 시작하게 됐습니다. 처음엔 괜찮겠지 싶었는데, 현실은 또...",http://cafe.naver.com/koarane/273776,리얼리뷰 공유소ㅣ내돈내산 찐리뷰 커...,https://cafe.naver.com/koarane,0,6,0,0,6,False
배달 부업 후기,배달,"대리운전알바 수입, 야간 부업으로 가능할까?","실제 후기 확인해봄 #] 진짜 중요한 건 역시 수입이잖아요 ㅋㅋ 평균적으로 한 건당 15,000원에서 25,000원 정도... 없는 부업을 원하는 분 ✔ 배달보다 안전한 알바를 찾는 분 제 주변엔 퇴근 후 10시부터 1~2시간만 대리 띄우는...",http://cafe.naver.com/koarane/261961,리얼리뷰 공유소ㅣ내돈내산 찐리뷰 커...,https://cafe.naver.com/koarane,0,4,0,0,4,False
배달 부업 후기,배달,인천 지역 부업 뭐부터 해야 할까? 실패 안 하는 첫 단계 공개,"인천은 배달, 택배, 온라인 부업까지 종류가 워낙 다양해서 어디서부터 시작해야 할지 헷갈리는 분들도 많을... 실제 후기와 꿀정보가 많아요 ───────────────── [요즘 인천부업, 오프라인보다 온라인이...",http://cafe.naver.com/koarane/37578,리얼리뷰 공유소ㅣ내돈내산 찐리뷰 커...,https://cafe.naver.com/koarane,0,4,0,0,4,False
배달 부업 후기,배달,쿠팡퀵플렉스 지원방법부터 수익까지 총정리,"오늘은 쿠팡퀵플렉스의 지원 방법부터 수익까지 직접 해본 후기를 정리해볼게요... 요즘은 이렇게 단순 배달 부업 말고도 훨씬 더 스마트하고, 자동으로 굴러가는 *자동화형 온라인 부업*이 점점 주목받고 있대요 특히...",http://cafe.naver.com/koarane/207839,리얼리뷰 공유소ㅣ내돈내산 찐리뷰 커...,https://cafe.naver.com/koarane,0,6,0,0,6,False
배달 부업 후기,배달,강정미세무사 후기,----------------------------- 본업수익+부업수익 = 약 ++9천 이다보니 쫄려서 최근 종소세질문글에 댓글을 잘 달던 업체를 찾다가 강정미세무사님을 선택하게됨 일단 배달경력 1년+ 라서 종소세신고는 처음이라 이것저것 궁금한거...,http://cafe.naver.com/nds07/5458196,"배달세상 :: 배달대행, 쿠팡이츠, 배민...",https://cafe.naver.com/nds07,0,6,0,4,2,False
배달 부업 후기,배달,배달라이딩 한달 체험기(?!),"만약, 평일 저녁시간 + 주말시간을 활용한 부업개념의 배달라이딩을 한다면~ 한달에 50~60만원 내외의 수익을 예상해 봅니다. ★입문용로드, 팻바이크, 미니벨로 등... 여러가지 자전거들에 배달박스를 장착해 보았습니다....",http://cafe.naver.com/brompton/362198,브롬톤 / BROMPTON / Bromptonia,https://cafe.naver.com/brompton,0,6,0,0,6,False
배달 부업 후기,배달,"오늘부터 주니퍼타고 배달할겁니다(배민,쿠팡)",2시간 교육받으라고 하네요^^ 열씸미해서 fsd 돈 마련할겁니다.,http://cafe.naver.com/noljatravel/1423703,★테슬라 [TKC] 모델S 모델3 모델X 모...,https://cafe.naver.com/noljatravel,0,2,0,0,2,False
배달 부업 후기,배달,"부업라이더가 발로 뛰며 비교하고, 다시 이누리 V1을 선택한 이유!",실제 배달 라이더의 생생한 이누리 V1 사용 후기를 가져왔어요! 특히 이번 인터뷰가 특별했던 이유는 무려 2022년에 처음 구매하신 뒤 3년 동안 실제 배달 일을 하시고 같은 모델로 재구매하셨다는 점인데요.. 이정도면...,http://cafe.naver.com/youtubejj/188986,"배배배 : 배달,배민커넥트,쿠팡이츠,퀵...",https://cafe.naver.com/youtubejj,0,4,0,0,4,False
배달 부업 후기,배달,당근알바 후기 대학생이 직접 써본 동네 알바 찾기와 생활비 버는 꿀팁,"예를 들어 “배달부업”, “원룸청소”, “가사도우미시급” 같은 키워드로 검색하면 빠르게 구직 가능했어요. 특히 저는 시험 끝난 뒤 일주일 동안만 단기 알바 필요했는데, 당근알바에서 하루짜리 일당알바 바로...",http://cafe.naver.com/zpvkdcom/8083,"온라인보험 비교카페 - 종합,어린이,건...",https://cafe.naver.com/zpvkdcom,0,4,0,0,4,False
배달 부업 후기,배달,간단부업 입문 가이드! AI 활용해서 효율 높이는 최신 방법,"예전에는 부업이라고 하면 배달이나 오프라인 아르바이트를 떠올렸는데, 요즘은 블로그나 SNS 기반 부업도... 저도 후기들 찾아보니까 직장인이나 주부 분들이 많이 시작하는 분위기더라구요ㅎㅎ ◆AI 활용하면 부업...",http://cafe.naver.com/cafemakecafebest/37355,세상모든꿀팁 ㅣ영업·창업·부업·투...,https://cafe.naver.com/cafemakecafebest,0,6,0,0,6,False
배달 부업 후기,배달,부업전자)수원 -> 오산 짧은 후기(로드러너 가입OK),쿠팡 콜 잡혀도 길이 자전거길이 아니라 배달이 쉽지 않음. 쿠팡 타다보면 진위 근처까지 가서 놀램. 차로도 안가본 진위 근처를 자전거 타고감. 4. 배달 하다보면 기차도 다니고 비어있는 빌딩이 많아서 감성 지림....,http://cafe.naver.com/galaxysc/526166,"배다트-쿠팡이츠배달파트너,배민커넥트...",https://cafe.naver.com/galaxysc,0,4,0,0,4,False
배달 부업 후기,배달,포팩트 사용후기,블박용도와 배달시발생할수 있는 오해의 소지를 가릴수있는 수준의 화질입니다 완충시 5시간정도 사용가능하기때문에 부업인 저는 최고의 선택인듯 사용조작감도 편하고 블투 on/off 카메라 on/off 다 음성으로 알려줘서...,http://cafe.naver.com/nds07/5473829,"배달세상 :: 배달대행, 쿠팡이츠, 배민...",https://cafe.naver.com/nds07,0,4,0,0,4,False
배달 부업 후기,배달,부릉이 플렉스 한달 후기,부릉이 플렉스 배달 부업용으로 사용중입니다 전기자전거 2대째인데 무게는 좀 무거운편이지만 서울 도로 여건상 배달하고 나면 피로감이 심한 편인데 부릉이 플렉스는 무게나 펫바이크 영향인지 피로감도 덜하고...,http://cafe.naver.com/eletricmotors/303425,전달사 -전기자전거로 달리는 사람들,https://cafe.naver.com/eletricmotors,0,4,0,0,4,False
배달 부업 후기,배달,"직장인재택부업, 출퇴근 후 딱 1시간이면 충분","또 배달 알바 뛰거나 부업하러 나가는 건 불가능하잖아. 집에서 할 수 있는 거, 굳이 얼굴 안 나가도 되는 게... 내가 한 건 복사+붙여넣기, 거기에 내 후기 살짝 넣는 정도. 블로그 없어도 상관 없고, 처음부터 수익형으로...",http://cafe.naver.com/koarane/122890,리얼리뷰 공유소ㅣ내돈내산 찐리뷰 커...,https://cafe.naver.com/koarane,0,10,0,0,10,False
배달 부업 후기,배달,[불로소득자] 만30세의 한달 50만원 살기 (feat. 배달투잡)_24년7월4주,"부업/앱테크방의 부자부우자님, 부자엄마딸님이 도보배달을 하고 계시면서 올리는 후기글을 보고 생각했죠 그래 이거다! 운동 목적으로도 걷고, 부수입원도 되니 동기부여가 되겠다 싶었습니다 배달플랫폼을...",http://cafe.naver.com/onepieceholicplus/5066893,"월급쟁이 재테크 연구카페(예금,적금,...",https://cafe.naver.com/onepieceholicplus,0,8,0,0,8,False
배달 부업 후기,배달,서울부업 요즘 직장인 투잡으로 많이 찾는 이유,서울부업 찾는 이유가 달라졌어요] 예전에는 서울부업 하면 알바나 배달부터 떠올렸잖아요. 근데 요즘은... ───────────────── [서울부업 후기들 보며 공통점 발견] 여러 후기들을 보다 보니까 공통점이...,http://cafe.naver.com/koarane/262712,리얼리뷰 공유소ㅣ내돈내산 찐리뷰 커...,https://cafe.naver.com/koarane,0,6,0,0,6,False
배달 부업 후기,배달,배달대행창업 시작하려면 꼭 알아야 할 리스크,실제로 어떤 분은 '전남 순천에서 시작했다가 콜이 없어 포기했다'는 후기 남기셨더라구요. 그래서 지역... 혹시 배달대행 말고도 다른 부업 찾고 계셨던 분이라면? 지금 바로 확인해보세요! 정말 진심으로 추천드려요...,http://cafe.naver.com/koarane/121148,리얼리뷰 공유소ㅣ내돈내산 찐리뷰 커...,https://cafe.naver.com/koarane,0,4,0,2,2,False
배달 부업 후기,배달,팡이띠~ 블루 리워드 후기~,배달부업 요기요 배달대행 배달나라 ----------------------------------------------------------- 물론 쌉고수분들중 퍼플 골드도 계실텐데 지극히 제 개인적인 경험입니다. 첨 프렌즈에서 그린은 앞에 후기 참고해주세요 ㅋ 1. 콜량...,http://cafe.naver.com/haejukdl/149487,배달나라 - 배민커넥트 쿠팡이츠 오토...,https://cafe.naver.com/haejukdl,0,4,0,0,4,False
배달 부업 후기,유튜브,오토바이 배달 가방 추천 부탁드립니다,----------------------------- 부업으로 처음에 시작해보려고 합니다. 네스터80 제품을 보고 있는데 초보가 이정도 달아도 문제없을까요? 유튜브에서 크면 무조건 좋다는 말에 큰가방만 눈에 들어와서요;; 너무 크다!! 싶으시면...,http://cafe.naver.com/nds07/5401111,"배달세상 :: 배달대행, 쿠팡이츠, 배민...",https://cafe.naver.com/nds07,0,6,0,2,4,False
배달 부업 후기,배달,전자 배달 한달 차 후기,미션 없이 배달하는 건 나는 장애가 있는 노예입니다. 라는 걸 깨달음 배달 안하면 아쉬운 건 업체지 라이더가 아님,http://cafe.naver.com/nds07/5110063,"배달세상 :: 배달대행, 쿠팡이츠, 배민...",https://cafe.naver.com/nds07,0,2,0,0,2,False
배달 부업 후기,배달,쿠팡배달알바 초보도 가능한 시작포인트 알려드림,"────────────────── [쿠팡배달알바 실제 후기 느낌] 솔직히 처음엔 겁도 나고... 제가 주변에서 보면 배달이든, 부업이든, 온라인 기반으로 하나쯤은 다들 하고 있더라구요. 특히 온라인 마케팅...",http://cafe.naver.com/koarane/173111,리얼리뷰 공유소ㅣ내돈내산 찐리뷰 커...,https://cafe.naver.com/koarane,0,4,0,0,4,False
배달 부업 후기,배달,배민배달알바 하면서 느꼈던 장단점 솔직히 말해드림!,"처음엔 “오~ 잘 버네” 했는데, 따지고 보면 조금 아쉽긴 했어요ㅎㅎ ───────────────── 이상으로 배민배달알바 솔직 후기 남겨봤는데요~ 결론적으로 저는 “짧게 짧게 부업으로 하기엔 괜찮다!”...",http://cafe.naver.com/koarane/108578,리얼리뷰 공유소ㅣ내돈내산 찐리뷰 커...,https://cafe.naver.com/koarane,0,4,0,0,4,False
배달 부업 후기,배달,중국 충칭 무비자 여행 후기 영상 올려봅니다,안녕하세요 회사다니먄서 배달 부업하고 배달 부업으로 모은돈은 여행에 투자하는 여행유튜버호소인입니다 ㅋㅋ 이번에 중국 충칭 한번 경유해서 여행해봤어요 시간되면 심심할때 함 봐주세여~ 영상은 20분짜리라 길어서...,http://cafe.naver.com/nds07/3735311,"배달세상 :: 배달대행, 쿠팡이츠, 배민...",https://cafe.naver.com/nds07,0,6,0,0,6,False
배달 부업 후기,배달,쿠팡배달파트너 부업으로 괜찮을까? 내 경험담 공개!,"자기 시간에 맞춰 조절할 수 있고, ‘소소하게 돈 버는 맛’이 있다는 게 제일 큰 매력✨ 저희 동네 맘카페에도 쿠팡배달 시작한 주부님들 후기 올라오더라고요. 확실히 부담 없고 유연하게 할 수 있는 부업이라 그런 듯!...",http://cafe.naver.com/koarane/250403,리얼리뷰 공유소ㅣ내돈내산 찐리뷰 커...,https://cafe.naver.com/koarane,0,4,0,0,4,False
배달 부업 후기,배달,"우유배달알바 시급 정보, 새벽배송이 궁금하다면?",저도 후기 보고 바로 지원했는걸요 ───────────────── [*우유배달 외에 다른 부업도 궁금하시다면?*] 사실 요즘엔 우유배달 말고도 집에서 할 수 있는 알바가 많더라구요. 뭔가 한 가지에만...,http://cafe.naver.com/koarane/62748,리얼리뷰 공유소ㅣ내돈내산 찐리뷰 커...,https://cafe.naver.com/koarane,0,4,0,2,2,False
배달 부업 후기,배달,"아이오닉6 장기렌트견적, 택배·딜리버리 부업에 활용될까?","배달 수입이 월 100~150은 찍히는 분들도 많으니까, 감당 가능한 수준? YES ───────────────── [택배·딜리버리 부업용으로 실사용 후기 살펴보니] 실제 부업으로 뛰는 분들 후기를 좀 찾아봤어요. 많이들...",http://cafe.naver.com/koarane/60548,리얼리뷰 공유소ㅣ내돈내산 찐리뷰 커...,https://cafe.naver.com/koarane,0,4,0,0,4,False
배달 부업 후기,배달,직장인 투잡러 장기렌트 연말정산 소득공제 장기렌트 빠른 출고!,"퇴근 후 대리운전을 뛰거나, 주말에 배달 부업을 하거나, 개인 작업실에서 프리랜서 활동을 하거나... 직장인 투잡러 장기렌트 연말정산 소득공제 제품에 대한 다양한 찐후기를 원하시는 분들은 아래에서 확인해보시길...",http://cafe.naver.com/thenewcclass/36016,벤츠 C클래스 동호회 - 메르세데스 클...,https://cafe.naver.com/thenewcclass,0,6,0,0,6,False
배달 부업 후기,배달,증평 벨포레 미니모토 직관후기,"이번에 처음으로 레이스 경기 직관을 다녀오면서, 밥먹고 띵가띵가~ 하면서 간략한 후기글 올려봅니다!... 제가 배달할때는 너무 싫어했었는데, 직장 다니고 부업 겸 취미 로 타게되니 같은 취미생활도 좋을거같다며 관심을...",http://cafe.naver.com/bikecargogo/9264703,바튜매 : 오토바이 커뮤니티 오토바이...,https://cafe.naver.com/bikecargogo,0,4,0,0,4,False
배달 부업 후기,배달,주말부업으로 시간 아끼고 수익 만든 솔직한 후기,"주말부업으로 시간 아끼고 수익 만든 솔직한 후기 일주일 중에 그나마 숨 쉴 수 있는 시간이 딱 ‘주말’... ───────────────── # 주말 알바보다 훨씬 효율적이에요 처음엔 카페 알바, 배달, 행사도우미...",http://cafe.naver.com/koarane/204738,리얼리뷰 공유소ㅣ내돈내산 찐리뷰 커...,https://cafe.naver.com/koarane,0,6,0,0,6,False
배달 부업 후기,배달,배달하면서 본 배달전문점 위생 아주좋은곳을 알려드립니다 !,일단 저는 알바도 아니고 돈받고 후기써주는그런것도 아니고 순수하게 카페 눈팅회원이였다가 이번에 부업으로 배달알바를 하면서 손님으로 갔을때는 못봤던것들이 배달을하면서 보이면서 정보를 공유하고차 글을...,http://cafe.naver.com/star4sarang/1080512,[별내맘]별내지역카페 *별내No.1 커뮤...,https://cafe.naver.com/star4sarang,0,4,0,0,4,False
배달 부업 후기,배달,직장인 부업 추천 BEST! 추가수입 만들고 싶다면 꼭 보세요,"예전에는 투잡이라고 하면 배달이나 오프라인 아르바이트가 먼저 떠올랐는데, 요즘은 집에서 할 수 있는... 저도 이런 후기를 보면서 “생각보다 시작 장벽이 낮은 부업일 수도 있겠다”는 느낌을 받았습니다. 특히 초기...",http://cafe.naver.com/koarane/425161,리얼리뷰 공유소ㅣ내돈내산 찐리뷰 커...,https://cafe.naver.com/koarane,0,8,0,2,6,False
배달 부업 후기,배달,이거 써보신분? 착용감 후기좀,머리통 안아픈지 배달 쿠팡 배달 배민 배플 배달대행 배민커넥트 도보 전기자전거 배달카페 쿠팡이츠 배달파트너 쿠플 카카오퀵 오토바이배달 정비 보험 배달투잡 배달알바 배달부업 요기요 배달대행 배달나라...,http://cafe.naver.com/haejukdl/155286,배달나라 - 배민커넥트 쿠팡이츠 오토...,https://cafe.naver.com/haejukdl,0,6,0,0,6,False
배달 부업 후기,배달,DNA모터스 VX125 이벤트 시승후기,"총평(배달부업으로 VX125를 구입하신게된다면...) 1. 좋은점 - 공랭식이지만 검증된 엔진이라 관리(오일 및 필터) 만 잘하고타시면 수리에 큰돈안들어가고 운행할수 있음.(자가 정비시) - USB, 비상등이 기본적으로...",http://cafe.naver.com/bikecargogo/7641988,바튜매 : 오토바이 커뮤니티 오토바이...,https://cafe.naver.com/bikecargogo,0,4,0,0,4,False
배달 부업 후기,배달,대한민국부업정보카페 부업종류와방법 총정리,도매수입창업배달/물류 부업 쿠팡플렉스. 배민케넥트. 퀵서비스부업 기타 인기부업 전자책출판.... 쿠팡파트너스 수익인증 중국구매대행 첫 주문후기 블로그수익화 꿀팁공유 지금바로 참여하세요. 대한민국부업생존기...,http://cafe.naver.com/goodmnight/1205883,대한민국부업생존기 블로그체험단 쇼핑...,https://cafe.naver.com/goodmnight,0,10,0,0,10,False
배달 부업 후기,유튜브,부업 추천에 숨겨진 진짜 현실은?,"블로그, 유튜브, 인스타 후기만 믿고 시작하면 돈 날릴 수도 있으니 조심! [* 오프라인보다 온라인 부업이 뜨는 이유 *] 예전엔 배달 알바, 오프라인 판매 같은 게 많았잖아요. 근데 요즘은 전부 다 온라인 중심!...",http://cafe.naver.com/koarane/42798,리얼리뷰 공유소ㅣ내돈내산 찐리뷰 커...,https://cafe.naver.com/koarane,0,8,0,2,6,False
배달 부업 후기,배달,쿠팡이츠알바 준비물부터 꿀팁까지 싹 알려드림^^,"실수령 후기] 솔직히 매일 뛰진 않아요. 저는 하루 평균 2~3시간 정도만 뛰었는데, 주 5일 기준으로 월 40... 블로그보다 훨씬 쉽고, **챗GPT 활용해서 복붙만으로 상위노출** 시키는 방법 알려주고 쿠팡이츠같은 배달 부업뿐...",http://cafe.naver.com/koarane/92832,리얼리뷰 공유소ㅣ내돈내산 찐리뷰 커...,https://cafe.naver.com/koarane,0,6,0,0,6,False
배달 부업 후기,배달,쿠팡이츠알바와 수수료 변화에 대해 알아봤어요,"그래서 오늘은 쿠팡이츠알바의 기본 개념부터, 수수료 변화, 그리고 배달 후기도 같이 알려드릴게요 저도... 시간 맞춰 뛰는 분도 있고요! 자유도가 높다보니까 '나만의 부업'으로 삼는 분들이 많아진 느낌 진짜로요!...",http://cafe.naver.com/koarane/94566,리얼리뷰 공유소ㅣ내돈내산 찐리뷰 커...,https://cafe.naver.com/koarane,0,4,0,0,4,False
배달 부업 후기,배달,청주 배달 1주일 후기,결혼후 월급만으론 부족하다 생각해서 배달 시작한지 이제 1주일됬네요 오토바이는 아무래도 반대가... 자전거값 100만원인데 이거이거 언제 뽑을라나 모르겠네요 다들 화이팅하세요 청주에서 부업으로는...,http://cafe.naver.com/nds07/4185488,"배달세상 :: 배달대행, 쿠팡이츠, 배민...",https://cafe.naver.com/nds07,0,4,0,0,4,False
배달 부업 후기,배달,정죠 까는 애들아..,그라이더 배달부업 미션 요기요 배달대행 배달나라 자동차배달... 아님 앞에선 한마디도 못하고 도망와서 이러는지 모르겠지만 그정도 원한이면 걍 가서 맞짱꺼라.... 맞짱까면 후기는 써주고...,http://cafe.naver.com/haejukdl/175287,배달나라 - 배민커넥트 쿠팡이츠 오토...,https://cafe.naver.com/haejukdl,0,4,0,0,4,False
배달 부업 후기,배달,배민배달알바 월급 실제로 이만큼이나 나온다고?,"배민배달알바 실제 후기 모음!] 다른 사람들 후기도 좀 찾아봤거든요! “월 300 넘겼어요”, “이걸로 차... 이상으로 ""배민배달알바 월급""에 대해서 리얼하게 정리해봤어요! 제 생각에는 요즘은 일반적인 부업보다는...",http://cafe.naver.com/koarane/65076,리얼리뷰 공유소ㅣ내돈내산 찐리뷰 커...,https://cafe.naver.com/koarane,0,4,0,0,4,False
배달 부업 후기,배달,쿠팡이츠알바 시작하려면 이것부터 체크!,"───────────────── [# 후기들 보니까 저만 느낀 게 아니더라구요] 같은 맘카페에 계신... 알려주는 실전 강의라서, 배달 부업 외에 또 다른 수익 파이프라인 만들고 싶은 분들께 강력 추천이에요!...",http://cafe.naver.com/koarane/73966,리얼리뷰 공유소ㅣ내돈내산 찐리뷰 커...,https://cafe.naver.com/koarane,0,8,0,2,6,False
배달 부업 후기,배달,창원부업 할만한 일 진짜 있긴 한걸까용?,"ㅋㅋ ───────────────── [#직접 해본 창원 지역 부업 후기*] 저는 솔직히 말하면... 배달은 무서워서 못 하고요, 카페 알바도 시간 안 맞아서 포기했었거든요 ㅠㅠ 근데 요즘 친구가 하는 블로그 글쓰기...",http://cafe.naver.com/koarane/77517,리얼리뷰 공유소ㅣ내돈내산 찐리뷰 커...,https://cafe.naver.com/koarane,0,6,0,0,6,False
배달 부업 후기,배달,빨강헌터 2000키로 후기,출퇴근을 보통 오토바이 (왕복 70키로 이상) 퇴근하면서 배달 알바도 하고 쉬는날에도 배달 부업 하거나 근교로 라이딩도 해보고 있습니다( 서울에서 용인까지는 가보았네요) 우선 하루에 100키로를 최소한 타기 때문에...,http://cafe.naver.com/huntercublife/13643,헌터커브 마니아,https://cafe.naver.com/huntercublife,0,4,0,0,4,False
배달 부업 후기,배달,"부업 배민B마트알바 구하기, 요즘 진짜 쉬운 건가요?","오늘은 배민B마트알바의 조건부터 후기, 그리고 다른 부업보다 괜찮은지 비교까지 싹 정리해보려구요!... 배달이 아닌 상품 준비라서 체력적으로 크게 힘들진 않지만, 약간의 활동성은 필요해요! 그래서인지 20~40대...",http://cafe.naver.com/koarane/125522,리얼리뷰 공유소ㅣ내돈내산 찐리뷰 커...,https://cafe.naver.com/koarane,0,4,0,0,4,False
배달 부업 후기,배달,"퇴근 후 가능한 직장인 부업, 재택알바 관심 많아진 이유",✨ ◆요즘 직장인 부업 찾는 사람 정말 많아졌어요◆ 예전에는 부업이라고 하면 배달이나 오프라인... 특히 출근 외 시간 활용이 가능하고 체력 부담이 적다는 점 때문에 만족도가 꽤 높다는 후기들이 많았어요. 무엇보다...,http://cafe.naver.com/cafemakecafebest/29796,세상모든꿀팁 ㅣ영업·창업·부업·투...,https://cafe.naver.com/cafemakecafebest,0,6,0,0,6,False
배달 부업 후기,배달,배달 초보 후기...,"첫 배달 시작 10월 1일 기준으로 총 21일 나갔네요 제일 많이 탄 시간때는 평일 저녁6시30~10시 사이 주말도... 부업?그냥 일끝나고 바람쐬면서 취미로 한다고 생각하고 있네요 어째든 1,093,632원 벌었네요 슈퍼커브...",http://cafe.naver.com/nds07/3350529,"배달세상 :: 배달대행, 쿠팡이츠, 배민...",https://cafe.naver.com/nds07,0,4,0,0,4,False
배달 부업 후기,배달,수원부업으로 월 50만 원 만든 찐후기,"가능한 부업 종류는?] 요즘 수원에는 배달, 쿠팡, 재택알바 등 진짜 다양한 부업이 있더라구요. 근데 전 몸을... 블로그 리뷰는 업체에서 제품 보내주면 써보고 후기 올리는 거라 애 키우면서도 부담 없고, 수익도 꽤...",http://cafe.naver.com/koarane/106989,리얼리뷰 공유소ㅣ내돈내산 찐리뷰 커...,https://cafe.naver.com/koarane,0,10,0,0,10,False
배달 부업 후기,배달,쿠팡배달파트너 후기 궁금하신 분들 필독!,"특히 자유롭게 시간 조절 가능한 부업을 찾는 분들이 많더라구요~ 저도 그런 부업 찾다가 쿠팡배달파트너를 시작하게 됐어요! 처음에는 진짜 반신반의하면서 해봤는데요... 오늘은 제가 직접 해본 후기를 바탕으로, 진짜...",http://cafe.naver.com/koarane/119395,리얼리뷰 공유소ㅣ내돈내산 찐리뷰 커...,https://cafe.naver.com/koarane,0,4,0,2,2,False
배달 부업 후기,배달,와코 ev7로 배달하셨던분 계신가요?? 후기가 궁금합니다,----------------------------- - 부업으로 배달하고 있는 사람입니다 혹시나 전기스쿠터 중에서 니우 엔프로나 와코 ev7(벤리닮음)로 배달하셨던분 계신가요?? 후기 또는 실주행거리가 어느정도인지 궁금합니다 현재 제가 타고...,http://cafe.naver.com/nds07/2341178,"배달세상 :: 배달대행, 쿠팡이츠, 배민...",https://cafe.naver.com/nds07,0,4,0,2,2,False
배달 부업 후기,배달,쿠팡이츠 배달파트너 자전 배달 수익화 후기 JPI8P6JZ,쿠팡이츠 배달파트너 자전 배달 수익화 후기 JPI8P6JZ 복사 붙여넣기 쿠팡이츠 배달파트너 자전거 배달... 5) 배달 가방은 어깨백보다 백팩 추천 균형 잡히고 속도 유지가 훨씬 편함. 이런 분들께 추천 투잡·부업으로...,http://cafe.naver.com/abanmarketing/665,아반마케팅/네이버플레이스/블로그/파...,https://cafe.naver.com/abanmarketing,0,8,0,2,6,False
배달 부업 후기,배달,우유배달알바 해본 친구가 한 말 듣고 진심 고민됨ㅋㅋ,"진짜 이건 궁금하긴 해요 요즘 우유배달보다 더 가성비 좋다는 후기도 있어서 저도 눈여겨보고 있어요!... 우유배달알바, 단시간 부업, 새벽투잡 고민 중이셨던 분들이라면? 지금 바로 온네스 자동화 퍼널 파트너...",http://cafe.naver.com/koarane/222081,리얼리뷰 공유소ㅣ내돈내산 찐리뷰 커...,https://cafe.naver.com/koarane,0,6,0,2,4,False
배달 부업 후기,배달,광주광역시 부업 찾는 중이라면 이건 꼭 봐야 해요!,"광주광역시 부업, 어떤 게 있나요?] 가장 흔하게 떠오르는 건 배달, 물류센터 알바, 마트 정리 등인데요.... 광주 맘카페에도 이런 부업 후기 많던데, 솔직히 저도 그런 글 보고 시작했어요ㅋㅋ 집에서 노트북 하나로...",http://cafe.naver.com/koarane/207752,리얼리뷰 공유소ㅣ내돈내산 찐리뷰 커...,https://cafe.naver.com/koarane,0,4,0,0,4,False
배달 부업 후기,배달,배민배달알바 하루만 해도 이 정도 수익이라고?,"와 진짜 수익 보고 놀랐잖아요ㅎㅎ 그래서 오늘은 배민배달알바 수익부터 실제 후기, 그리고 제가 느낀 현실적인 얘기들까지 싹 정리해보려구요! 혹시 알바나 부업 고민 중인 분들 계시다면 이 글 꼭 읽어주세요...",http://cafe.naver.com/koarane/88526,리얼리뷰 공유소ㅣ내돈내산 찐리뷰 커...,https://cafe.naver.com/koarane,0,6,0,0,6,False
배달 부업 후기,배달,쿠팡이츠배달파트너 하고 느낀 현실 후기 총정리,"고정 수익은 아니지만, 부업으로 생각하면 꽤 짭짤했어요 [* 일하는 방식이 궁금하죠?] 앱 켜고 ‘배달 시작’ 누르면 자동으로 콜이 떠요. 콜 수락하면 음식점 위치랑 고객 주소가 뜨고, 네비 따라가면 끝! 배달 완료하면...",http://cafe.naver.com/koarane/52214,리얼리뷰 공유소ㅣ내돈내산 찐리뷰 커...,https://cafe.naver.com/koarane,0,6,0,2,4,False
배달 부업 후기,배달,우유배달알바 날씨 영향 없을까? 실제 후기와 수입공개,"요즘 물가도 그렇고, 고정 지출은 계속 늘어나니까… 부업 생각이 절로 나더라구요 ㅠㅠ 그중에 우유배달알... 그래서 제가 직접 알아보고, 실제 후기랑 수입 정보까지 싹 정리해봤어요...",http://cafe.naver.com/koarane/107711,리얼리뷰 공유소ㅣ내돈내산 찐리뷰 커...,https://cafe.naver.com/koarane,0,4,0,0,4,False
배달 부업 후기,배달,"아셀님의 ""부수입을 늘리는 27가지 부업 방법""후기",27가지 부업 방법이란 전자책을 접하게 되었습니다. ★실천한 점 저는 일단 주부이기도 하고 어린 아이들이... 판매와 배달앱을 깔아서 배달도 한번 도전해 보려고 생각 중입니다. ★느낀 점 아셀님이 다양한 경험을 통해서...,http://cafe.naver.com/engmstudy/2669318,● 짠돌이카페 ● 짠돌이부자되기(재테...,https://cafe.naver.com/engmstudy,0,6,0,0,6,False
배달 부업 후기,배달,투잡으로 돈버는 방법 알아보는 분들께 꼭 알려주고 싶은 현실 부업 이야기,"예전에는 투잡이라고 하면 배달이나 오프라인 아르바이트를 많이 생각했지만, 요즘은 집에서 컴퓨터나 스마트폰만으로 할 수 있는 부업이 훨씬 관심을 받고 있습니다. 저도 여러 정보를 찾아보면서 느낀 건데, 온라인...",http://cafe.naver.com/koarane/448232,리얼리뷰 공유소ㅣ내돈내산 찐리뷰 커...,https://cafe.naver.com/koarane,0,6,0,0,6,False
배달 부업 후기,배달,"송파구 새벽부업 1kg미만 초경량 새벽배송 알바 건당 2,500원 (시급2-3만원)",쿠친 퀵플 쿠팡종사자 로켓배송 택배집화 집하 택배박스 쿠팡캠프 쿠팡생수배송 아바사자 택배후기 쿠팡친구 택배스케너 택배노조 / 배민 배달의민족 요기요 쿠팡이츠 새벽배송 새벽배달,http://cafe.naver.com/skydydck/1225503,"택배종사자모임-택종카페, 택배기사,소...",https://cafe.naver.com/skydydck,0,4,0,0,4,False
배달 부업 후기,배달,골드 첫1시간 후기!,ㅋㅋ 배달 쿠팡 배달 배민 배플 배달대행 배민커넥트 배달카페 쿠팡이츠 배플 배달파트너 요기요 쿠플 카카오퀵 배달대행 오토바이배달 정비 보험 배달투잡 배달알바 배달부업 배달나라...,http://cafe.naver.com/haejukdl/144184,배달나라 - 배민커넥트 쿠팡이츠 오토...,https://cafe.naver.com/haejukdl,0,6,0,0,6,False
배달 부업 후기,배달,"-직장인 부업, 요즘 다들 뭐하고 있을까?","───────────────── ●직장인들이 가장 많이 하는 부업 TOP3 1. 배달대행 – 퇴근 후 바로... 후기 보니까 가능하긴 하더라구요. ───────────────── →퇴근 후 1시간, 당신의 새로운...",http://cafe.naver.com/koarane/166043,리얼리뷰 공유소ㅣ내돈내산 찐리뷰 커...,https://cafe.naver.com/koarane,0,4,0,0,4,False
배달 부업 후기,배달,어제 첫 배달시작한 배린이의 후기..,----------------------------- 어제 첫 배달알바한다고 많은분들의 도움을 받아 열심히 긴장하며 배달을... 부업이라 오늘은 지방 출장가는길인데 어제 어느분이 댓글에 후기남겨달라하여 부족하지만 즐거웠던 라이딩...,http://cafe.naver.com/nds07/4586190,"배달세상 :: 배달대행, 쿠팡이츠, 배민...",https://cafe.naver.com/nds07,0,4,0,0,4,False
배달 부업 후기,배달,쿠팡퀵플렉스 지원 전 꼭 알아야 할 꿀팁들!,“택배 배달 부업” 정도로만 알기엔 너무 아쉬운 정보들이 많더라구요ㅎㅎ 오늘은 쿠팡퀵플렉스를 처음... 진짜 궁금한 리얼 수익] 제가 본 후기들 중에서 평균적으로 1~2시간 기준 2만~3만원 정도 벌었다는 분들이...,http://cafe.naver.com/koarane/144695,리얼리뷰 공유소ㅣ내돈내산 찐리뷰 커...,https://cafe.naver.com/koarane,0,6,0,2,4,False
배달 부업 후기,배달,돈되는부업 무자본으로 시작 가능한 꿀팁 공유!,"해도 부업하면 무조건 방문판매, 배달 같은 오프라인 위주였는데, 지금은 온라인이 대세잖아요? 특히 코로나... 전 이게 진짜 혁신적이라고 느꼈어요ㅎㅎ [# 실제 후기! “이렇게 쉬울 줄 몰랐어요~”] 처음엔 반신반의...",http://cafe.naver.com/koarane/144515,리얼리뷰 공유소ㅣ내돈내산 찐리뷰 커...,https://cafe.naver.com/koarane,0,4,0,0,4,False
배달 부업 후기,배달,배달의민족배달알바 힘들어도 할만한가요,그리고 집에서 병행할 수 있는 간단한 온라인부업이나 재택알바도 혹시 괜찮은 거 아시는 분 있다면 알려주세요. 실제로 배민 배달알바 해보신 분들 조언이나 후기 부탁드릴게요!,http://cafe.naver.com/koarane/84940,리얼리뷰 공유소ㅣ내돈내산 찐리뷰 커...,https://cafe.naver.com/koarane,0,6,0,2,4,False
배달 부업 후기,배달,"신문배달 새벽알바, 현실적으로 가능한 선택일까?","신문배달 부업에 대해 제가 조사한 리얼 정보들, 솔직한 생각, 그리고 요즘 추세까지 한 번 싹 정리해볼게요... 신문배달 실제 후기 들어봤어요 제가 신문배달 하시는 아파트 단지 경비 아저씨랑 얘기해봤거든요? ""딱히...",http://cafe.naver.com/koarane/164366,리얼리뷰 공유소ㅣ내돈내산 찐리뷰 커...,https://cafe.naver.com/koarane,0,4,0,0,4,False
배달 부업 후기,배달,아 밥먹다 생각난게 하나있는데,그라이더 배달부업 미션 요기요 배달대행 배달나라 자동차배달... 안알랴줌 ㅋㅋㅋㅋㅋㅋㅋ후기도 못적을걸 띡 저렇게 올리면 결국 물어뜯을 소재하나 더 주는건데 왜케 경솔했어 ㅋㅋㅋ,http://cafe.naver.com/haejukdl/172546,배달나라 - 배민커넥트 쿠팡이츠 오토...,https://cafe.naver.com/haejukdl,0,4,0,0,4,False
배달 부업 후기,배달,"수원부업, 초보(직장인,주부,취준생)도 가능한 부업 아이템 정리했어요^^","부업을 처음 시작하는 분들에게 강력 추천하는 방법이에요^^ [배달/퀵서비스] 수원부업 중에서 가장 인기... SNS에 후기 작성만으로 소정의 보상을 받을 수 있어서, 집 근처에서도 충분히 참여 가능하답니다. 저도 몇 번...",http://cafe.naver.com/koarane/383136,리얼리뷰 공유소ㅣ내돈내산 찐리뷰 커...,https://cafe.naver.com/koarane,0,4,0,2,2,False
배달 부업 후기,배달,구인구직사이트에서 직장인 부업 찾는 꿀팁 알려드림,"직장인 부업 BEST5] 가장 많이 올라오는 건 역시 배달, 카페 알바 같은 것들이고요, 조금 더 수익이 괜찮은 건... 요즘 인기 있는 건 후기나 리뷰 작성형 부업인데, 이건 진짜 루틴이 중요하거든요~ 매일 30분씩만 써도...",http://cafe.naver.com/koarane/177562,리얼리뷰 공유소ㅣ내돈내산 찐리뷰 커...,https://cafe.naver.com/koarane,0,6,0,0,6,False
배달 부업 후기,배달,지금 부업으로 뭐가 대세인지 진짜 궁금하지 않으세요?,"예전엔 부업하면 쿠팡플렉스, 배달, 설문조사 이런 거였다면 이제는 콘텐츠 만들기, 블로그 운영, 디지털... 중요한 건 시스템, 그리고 진짜 수익자 후기 꼼꼼히 체크해야 해요. 특히 온라인 쪽은 홍보보다 구조가 훨씬 더...",http://cafe.naver.com/koarane/162158,리얼리뷰 공유소ㅣ내돈내산 찐리뷰 커...,https://cafe.naver.com/koarane,0,10,0,2,8,False
배달 부업 후기,배달,쿠팡이츠배달파트너 진짜 하루 10만원벌지 직접해본후기,쿠팡이츠배달파트너 진짜 하루 10만원벌지 직접해본후기 솔직히 말해서 ‘하루 10만원 번다’는 말 들었을 땐 좀 뻥 같았어요. 그래도 요즘 물가에 부업 하나쯤은 있어야겠다 싶어서 진짜 직접 쿠팡이츠 배달파트너...,http://cafe.naver.com/koarane/222378,리얼리뷰 공유소ㅣ내돈내산 찐리뷰 커...,https://cafe.naver.com/koarane,0,4,0,0,4,False
배달 부업 후기,배달,심심해서 써보는 타이탄 750 사용후기 현재 3개월정도 탔음(1600km정도 달림),제 배달 셋팅이에요. 그냥 단순하게 62리터 배달가방에 다른거 안 건드리고 딱 필요한거만 샀습니다. 그냥 혹시 타이탄 750구매할까말까 고민하시는분들 참고 하시라고 적어볼게요. 전 직장다니면서 퇴근후 주말은...,http://cafe.naver.com/eletricmotors/317375,전달사 -전기자전거로 달리는 사람들,https://cafe.naver.com/eletricmotors,0,2,0,0,2,False
배달 부업 후기,배달,배달음식 절도?! 후기?!,싶습니다 절도는 아니고 배달기사님이 부업으로 하신지 얼마안되신거 같아 미숙했고 당황하셔서 본의아니게 거짓말하신거같아 굳이 일안키우고 넘어가기로 했습니다 음식은 재배달 받아 식당하시는분이 손해를 보셨..,http://cafe.naver.com/consumerizm/2089142,K R R R,https://cafe.naver.com/consumerizm,0,4,0,0,4,False
배달 부업 후기,배달,올뉴카빙 125cc 타보신 분이나 소유주 계신가요~~,"후기 궁금합니다 이 가격에 디자인은 최고같네요 올화이트 버젼 진짜 예쁘네요 구매 용도는 왕복 50킬로 정도 마실, 부업 배달입니다",http://cafe.naver.com/bikecargogo/9030181,바튜매 : 오토바이 커뮤니티 오토바이...,https://cafe.naver.com/bikecargogo,0,4,0,2,2,False
배달 부업 후기,배달,"쿠팡퀵플렉스 수익, 진짜 이 정도 나올 줄 몰랐어요",그래도 이건 뭐 대부분 배달 부업이 겪는 문제니 저는 감안하고 하고 있습니다. ───────────────── [# 후기 모음 보면서 마음 굳혔죠] “하루에 4시간 돌고 7만원 벌었어요” “직장 퇴근하고 짬짬이...,http://cafe.naver.com/koarane/272748,리얼리뷰 공유소ㅣ내돈내산 찐리뷰 커...,https://cafe.naver.com/koarane,0,6,0,0,6,False
배달 부업 후기,배달,여름 반팔티 1년 사용 후기,배달 쿠팡 배달 배민 배플 배달대행 배민커넥트 도보 전기자전거 배달카페 쿠팡이츠 배달파트너 쿠플 카카오퀵 오토바이배달 정비 보험 배달투잡 배달알바 배달부업 요기요 배달대행 배달나라...,http://cafe.naver.com/haejukdl/158012,배달나라 - 배민커넥트 쿠팡이츠 오토...,https://cafe.naver.com/haejukdl,0,6,0,0,6,False
배달 부업 후기,스마트스토어,인천부업추천으로 실제 수익 본 리얼후기 공유할게요,"하는 부업 유형은?] 생각보다 정말 다양한데요, 가장 많이들 하는 건 스마트스토어나 배달대행, 전단지 알바... ───────────────── [ 인천 부업러들의 리얼 후기 모아봤어요!] - 하루 30분 투자로 3일 만에...",http://cafe.naver.com/2022star/38227,"재테크마을 - N잡,부업,보험,창업,투잡...",https://cafe.naver.com/2022star,0,10,0,2,8,False
배달 부업 후기,배달,쉬운부업 뭐가 좋을까? 이건 진짜 해볼만해요,"저는 30대 초반 아기 키우는 육아맘인데요, 어느 날 남편 몰래 배달어플 결제내역보다가 현타 와서… 부업... [# 친구가 알려준 신박한 부업 후기] 얼마 전에 초등학생 아들 둔 친구가 알려준 건데요~ AI 챗봇 활용해서...",http://cafe.naver.com/koarane/97531,리얼리뷰 공유소ㅣ내돈내산 찐리뷰 커...,https://cafe.naver.com/koarane,0,4,0,2,2,False
배달 부업 후기,배달,"배민배달알바 수익 공개, 주말에만 해도 이정도","───────────────── [# 배달도 좋지만… 요즘 자동화 부업이 진짜 핫하대요] 이상으로 ""배민배달알바""에 대한 실후기를 써봤는데요, 주말에 시간 나고 체력 괜찮으면 정말 괜찮은 알바인 건 맞아요. 근데...",http://cafe.naver.com/koarane/237301,리얼리뷰 공유소ㅣ내돈내산 찐리뷰 커...,https://cafe.naver.com/koarane,0,6,0,0,6,False
배달 부업 후기,배달,전기차 차팡 차민 후기,배달 쿠팡 배달 배민 배플 배달대행 배민커넥트 배달카페 쿠팡이츠 배달파트너 요기요 카카오퀵 배달대행 오토바이배달 정비 보험 배달투잡 배달알바 배달부업 배달나라...,http://cafe.naver.com/haejukdl/140669,배달나라 - 배민커넥트 쿠팡이츠 오토...,https://cafe.naver.com/haejukdl,0,6,0,0,6,False
배달 부업 후기,배달,16시부터 밤 12시까지 | 서울 소화물 배송 부업 | 요일 자유 | 월 100~250 벌 수 있음,화물운송종사자자격증 쿠친 퀵플 쿠팡종사자 로켓배송 택배집화 집하 택배박스 쿠팡캠프 쿠팡생수배송 아바사자 택배후기 쿠팡친구 택배스케너 택배노조 / 배민 배달의민족 요기요 쿠팡이츠 새벽배송 새벽배달,http://cafe.naver.com/skydydck/1222761,"택배종사자모임-택종카페, 택배기사,소...",https://cafe.naver.com/skydydck,0,4,0,0,4,False
배달 부업 후기,배달,"대리운전알바, 부업으로 괜찮을까? 수익과 현실 솔직후기","대리운전알바, 부업으로 괜찮을까? 수익과 현실 솔직후기 요즘 주변 지인들한테 자주 듣는 얘기 중 하나가... ───────────────── 나도 진짜 한때 대리운전부터 배달대행, 전단지 알바까지 별별 일 다...",http://cafe.naver.com/koarane/267706,리얼리뷰 공유소ㅣ내돈내산 찐리뷰 커...,https://cafe.naver.com/koarane,0,6,0,0,6,False
배달 부업 후기,배달,배달하다 사고나면 배달업 종사자는 나락가네요,",초성어등 관심유도행위 절대 금지) ----------------------------- ㅂㅅ같이 혼자 사고난거지만 사고 8개월이 지나고 9개월이 되어가네요 배달은 부업이 었기에 소득이 많지않았어요 월150정도 사고가 나고 산재 처리를 받았지만...",http://cafe.naver.com/nds07/4378467,"배달세상 :: 배달대행, 쿠팡이츠, 배민...",https://cafe.naver.com/nds07,0,4,0,0,4,False
배달 부업 후기,배달,배달관련 참고할만한 잡다한 글 (내용추가 재업),"요즘 부업으로 배달계에 뛰어드는거보면 사회가 좀 어려운게 체감이 되더라고요... 부업하는분들, 열심히 본업하는분들 화이팅입니다. 딸배가 있는 반면 배달기사도 있습니다. 배달일하는 바이커들 뿐만아니라, 모든...",http://cafe.naver.com/bikecargogo/8654574,바튜매 : 오토바이 커뮤니티 오토바이...,https://cafe.naver.com/bikecargogo,0,4,0,0,4,False
배달 부업 후기,배달,부업으로 배달업 하고있는데요,"경찰조사 후기.. 예2) 20대/ 서울/ 경찰조사/ 양형자료 제출시기.. 03. (필수) 성전카페에 가입한 동기, 얻고싶은... 부업으로 배달하고 있는데 요번에 1월17일 법개정이 되서 강력범죄 근무 불가하다 하더라구요 제가 지금...",http://cafe.naver.com/spjahayun/696216,"성전카페.성범죄,형사,디지털성범죄,변...",https://cafe.naver.com/spjahayun,0,4,0,0,4,False
배달 부업 후기,배달,배달대행창업으로 월 500 찍은 형님의 후기,배달대행창업으로 월 500 찍은 형님의 후기 요즘 동네 형님이 배달대행창업으로 월 500 벌었다는 얘기 듣고 솔직히 좀 놀랐습니다. 사실 저도 요즘 부업이나 창업 관련해서 이것저것 알아보고 있었거든요. 예전엔 배달대행...,http://cafe.naver.com/koarane/193378,리얼리뷰 공유소ㅣ내돈내산 찐리뷰 커...,https://cafe.naver.com/koarane,0,4,0,0,4,False
배달 부업 후기,배달,퀄리 엑스트론 프로 구매했습니다.,배달부업 겸 주말 자전거여행 겸 한참 고민하다 엑스트론 프로로 결정하였습니다. 앞바퀴에만 서스펜션이 있어 싯포스트 교체하고... 장거리 여행중 펑크나면 안되니까 타누스아머 장착하고... 배달부업하다보면 엉덩이...,http://cafe.naver.com/eletricmotors/293377,전달사 -전기자전거로 달리는 사람들,https://cafe.naver.com/eletricmotors,0,4,0,0,4,False
배달 부업 후기,배달,배달 입문하시려는분들이나 초보분들께 오지랖 부려봅니다,힘들어져서 배달을 부업으로 시작햇는데 혹시나 저같은경우에 있으신분들은 정말 조심하지않으면 더 힘든... 케이스인데 후기를 좀 말해보자면 피돌이보단 엔맥이 안정감이 더 좋았구요 포르자같은 경우는 2소가 있어서...,http://cafe.naver.com/nds07/3858723,"배달세상 :: 배달대행, 쿠팡이츠, 배민...",https://cafe.naver.com/nds07,0,4,0,0,4,False
배달 부업 후기,배달,약 5달간 전자로 배달 해보면서 느낀 후기!,전자 부업 최적의 운행시간 : 2~4시간. 이 이상부터 피지컬싸움. -은근 자주 겪어서 무서운 것 4층 배달일 때 엘베있는 집 가면 90% 이상의 확률로 4층에 올라가 있음 ㄷ 다음 집이 5층이면 엘베 역시 5층에 서있음. 무서워잉...,http://cafe.naver.com/nds07/3894471,"배달세상 :: 배달대행, 쿠팡이츠, 배민...",https://cafe.naver.com/nds07,0,4,0,0,4,False
배달 부업 후기,배달,원정후기 현재 진행중,배달 쿠팡 배달 배민 배플 배달대행 배민커넥트 배달카페 쿠팡이츠 배달파트너 요기요 카카오퀵 배달대행 오토바이배달 정비 보험 배달투잡 배달알바 배달부업 배달나라...,http://cafe.naver.com/haejukdl/141724,배달나라 - 배민커넥트 쿠팡이츠 오토...,https://cafe.naver.com/haejukdl,0,6,0,0,6,False
배달 부업 후기,배달,로드러너?,오산인가 수원인가 먼저 해 봤다는데 후기가 별로 없네요. 역시 플러스 처럼 까라면 까는 분위기 인가요?... 배달투잡 배달알바 배달부업 미션 요기요 배달대행 배달나라 자동차배달 ------------------------------------------------------,http://cafe.naver.com/haejukdl/168825,배달나라 - 배민커넥트 쿠팡이츠 오토...,https://cafe.naver.com/haejukdl,0,6,0,0,6,False
배달 부업 후기,배달,xmax기변 하려하는데 오너님들 후기좀요!,"여태 nmax로 배달을 하다가 다른일을 하게되어 부업으로 배달을 하게됐습니다. 그래서 겸사겸사 xmax로... 현재 취미로, 업으로, 서브로 xmax타시는 형님들 후기좀 부탁 드리겠습니다!! 아니면 다른 차 추천도...",http://cafe.naver.com/bikecargogo/8842592,바튜매 : 오토바이 커뮤니티 오토바이...,https://cafe.naver.com/bikecargogo,0,4,0,2,2,False
배달 부업 후기,배달,경차 배달알바 6일차 후기 풀게,최저시급보다 잘 될때도 안될때도있지만 부업으로 이정도면 만족이긴하다.ㅜㅜ 아무것도 안하는것보다야... 그리고 생각보다 상점들이 배달기사한테 굉장히 불친절해..ㅋㅋㅋ 서로 상생인건데 .. 상점에서도 필요로...,http://cafe.naver.com/brownkqtdy/423318,오이네(오늘의 이야기),https://cafe.naver.com/brownkqtdy,0,4,0,0,4,False
배달 부업 후기,배달,전기 자전거 추천 부탁드려요 :),키는 167 cm/ 56 kg (여) 정도구요 배달 부업을 해보려 해요~ 가끔 출퇴근은 자전로네비로 편도 8km 왕복 16km... 아니면 다른 제품 추천 부탁드려요 중고ㅡ코리안바이크F3 /80 만원 입니다 (코리안바이크 후기가...,http://cafe.naver.com/eletricmotors/252097,전달사 -전기자전거로 달리는 사람들,https://cafe.naver.com/eletricmotors,0,4,0,2,2,False
배달 부업 후기,배달,대리시장악화로 인한 배달알바 1일차 후기.,배달은 완전 초자라 내 마음대로 콜을 잡는 것이 어려웠음. 2.강추위에 대리할 때의 복장으로 나갔으나 무릎이 시려서워 혼났음. 대장잠바 & 내복으로 다른데는 큰 문제는 없었는데 확실히 돌출된 곳은 추움. 옛날에 사둔...,http://cafe.naver.com/driverworld/2138215,대리운전 '새벽을 달리는 사람들' 새달...,https://cafe.naver.com/driverworld,0,2,0,0,2,False
배달 부업 후기,배달,[공익/긴급] 소화물 부업 배송 정산금 미지급 관련 공동 대응하실 분들을 찾습니다,화물운송종사자자격증 쿠친 퀵플 쿠팡종사자 로켓배송 택배집화 집하 택배박스 쿠팡캠프 쿠팡생수배송 아바사자 택배후기 쿠팡친구 택배스케너 택배노조 / 배민 배달의민족 요기요 쿠팡이츠 새벽배송 새벽배달,http://cafe.naver.com/skydydck/1198058,"택배종사자모임-택종카페, 택배기사,소...",https://cafe.naver.com/skydydck,0,4,0,0,4,False
배달 부업 후기,배달,"[시합 후기] 이번 시즌도 병원 신세를 지었지만, 이겨냈습니다. (핵 장문 주의)","[ 후기 게시판 ] - 상세 과정이 없는 간단 후기는 [회원사진] 게시판을 이용해주세요 - 상세한 후기를... 저 시즌때 D-3주 전부터, 시즌 오프 일주일 전까지 주말마다 배달 폭식을 했었습니다. 끝나고 나서 미친듯이 후회했고...",http://cafe.naver.com/formsunmyeong/1142960,"국내 최대 피트니스 카페 (헬스,러닝,...",https://cafe.naver.com/formsunmyeong,0,2,0,0,2,False
배달 부업 후기,배달,우유배달알바 후기 보니 의외의 장점이?,"요즘 물가도 오르고, 애들 학원비며 생활비며… 진짜 정신 없쥬ㅠㅠ 그래서 저도 뭔가 집안일 틈틈이 하면서도 수입 될 수 있는 부업을 찾다가 우연히 '우유배달알바'에 관심이 생겼어요! 생각보다 후기도 많고, 새벽에...",http://cafe.naver.com/koarane/288862,리얼리뷰 공유소ㅣ내돈내산 찐리뷰 커...,https://cafe.naver.com/koarane,0,4,0,0,4,False
배달 부업 후기,배달,직장인 부업 추천 솔직히 이보다 더 효율적인 부업이 있을까 싶어요,"───────────────── [많이들 시도하는 부업의 현실적인 한계] 배달, 단기알바, 투잡 이런... ───────────────── 실제 후기들 보면 더 실감나요. 60대 분들도 따라 하고 있고, 첫 수익까지...",http://cafe.naver.com/koarane/241064,리얼리뷰 공유소ㅣ내돈내산 찐리뷰 커...,https://cafe.naver.com/koarane,0,8,0,2,6,False
배달 부업 후기,배달,"직장인 투잡 돈되는 부업, 제대로 알고 시작하는 꿀팁 정리","나가는 부업 트렌드] 한때는 배달이나 대리운전이 대세였는데, 요즘은 전~부 온라인으로 옮겨가는... ───────────────── [# 현실 후기 : 진짜 수익 나나요?] 네. 나요. 물론 사람마다 다르긴 한데요, 제...",http://cafe.naver.com/koarane/143942,리얼리뷰 공유소ㅣ내돈내산 찐리뷰 커...,https://cafe.naver.com/koarane,0,8,0,0,8,False
배달 부업 후기,배달,강북 성북 종로 차팡 부업 3주후기,여태한배달중 최다기록 ㅋㅋ) 부업으로 평일 3-4만원 벌기 주말 10만원벌기 로 하면 괜찮을거 같네요 아반떼기준 연비7나오네요 ㅠㅠ 3주간 하면서 제가 느낀 팁과 결론은 본업으로 하기엔 무리가있고 부수입으로...,http://cafe.naver.com/nds07/2143399,"배달세상 :: 배달대행, 쿠팡이츠, 배민...",https://cafe.naver.com/nds07,0,6,0,0,6,False
배달 부업 후기,배달,호주 워홀 1년 후기 및 총수익 공개 6500만원 벌고 느낀 돈 모으는 방법,"메인: 건설 현장 노가다 (자재 옮기기, 철거 등 - 남성분들 강력 추천) 세컨/서드: 물류창고, 헬스장 청소(캐시잡), 이벤트 스태프 부업: 퇴근 후 우버이츠 배달 평일 새벽 6시 반부터 오후 3시까지 공사장 뛰고, 저녁엔...",http://cafe.naver.com/woholfriends/116323,워킹홀리데이 카페,https://cafe.naver.com/woholfriends,0,6,0,2,4,False
배달 부업 후기,배달,팔도 대왕뚜껑 후기,배달 쿠팡 배달 배민 배달 배달대행 배민커넥트 배달카페 쿠팡이츠 배달파트너 요기요 카카오퀵 배달대행 오토바이배달 정비 보험 배달투잡 배달알바 배달부업 배달나라 -----------------------------------------------------------,http://cafe.naver.com/haejukdl/134197,배달나라 - 배민커넥트 쿠팡이츠 오토...,https://cafe.naver.com/haejukdl,0,6,0,0,6,False
배달 부업 후기,배달,"쿠팡퀵플렉스, 진짜로 운동도 되고 돈도 됨ㅋㅋ","쿠팡퀵플렉스 후기 궁금하죠?] 처음엔 무서웠는데, 몇 번만 해보면 완전 루틴처럼 굴러가요. 오히려... 하지만 요즘은 이런 배달 부업도 결국 퍼널마케팅처럼 시스템화가 핵심이더라구요. 운동+돈+자동수익까지 연결되면...",http://cafe.naver.com/2022star/37918,"재테크마을 - N잡,부업,보험,창업,투잡...",https://cafe.naver.com/2022star,0,6,0,2,4,False
배달 부업 후기,배달,"직장인투잡 추천, 이건 진짜 퇴근 후 1시간이면 가능해요","야간에 사람 만나는 배달이나 오프라인 영업은 체력적으로도 어렵고, 회사 몰래 한다기엔 부담도 크니까요.... ───────────────── # [제가 실제로 해봤던 온라인 부업 후기] 처음엔 블로그로 애드포스트...",http://cafe.naver.com/koarane/208083,리얼리뷰 공유소ㅣ내돈내산 찐리뷰 커...,https://cafe.naver.com/koarane,0,8,0,2,6,False
배달 부업 후기,배달,쿠팡이츠알바로 부업 시작한 후기들 모아봤습니다,"쿠팡이츠알바로 부업 시작한 후기들 모아봤습니다 혹시 요즘 쿠팡이츠알바 관심 있는 분 계신가요? 배달앱 시장이 워낙 커져서 이제는 ‘쿠팡이츠’ 이름만 들어도 모르는 사람이 없을 정도잖아요. 요즘엔 투잡, 부업으로...",http://cafe.naver.com/koarane/65288,리얼리뷰 공유소ㅣ내돈내산 찐리뷰 커...,https://cafe.naver.com/koarane,0,6,0,0,6,False
배달 부업 후기,배달,혹시 퇴근후 부업으로 배달해보신분 계신가요?,평일 퇴근후 2~3시간 주말에는 조금 길게 해보려 하는데 혹시 해보신분 개인적으로 후기나 챗 부탁드려요,http://cafe.naver.com/glove/8543911,"[거사모] 거제도 대표 카페 - 여행,펜...",https://cafe.naver.com/glove,0,4,0,0,4,False
배달 부업 후기,배달,다운시트 사용 후기.,퇴근후 배달부업 시작하고 2시간정도 지난시점에 문득 시트가 아닌 플라스틱통에 앉아있는기분이 자주 듦. 그렇다고 방석같은걸 깔고 탄다면 다운시트의 의미가 없음. ---------- 이상 ----------------- 2월 28일 추가 후기....,http://cafe.naver.com/uhrowners/7474,"UHR , UFR 라이더스 : 자가정비 / 튜닝...",https://cafe.naver.com/uhrowners,0,4,0,0,4,False
배달 부업 후기,배달,초보자도 가능한 쿠팡이츠배달알바 꿀팁 총정리!,"편이라는 후기들이 많았습니다. 지금까지 쿠팡이츠배달알바의 자세한 정보를 알아보았는데요! 제 생각에는 요즘은 단순히 몸으로만 하는 부업보다는, 온라인으로도 함께 수익 구조를 만들어두는 게 정말 중요한 시대인 거...",http://cafe.naver.com/uouv96/4181,오늘도 달린다 ㅣ영업·창업·부업 ㅣ...,https://cafe.naver.com/uouv96,0,6,0,0,6,False
배달 부업 후기,배달,쿠팡잇츠부업 수익변화 바로보기,"들어가는 부업은 사실 부담되니까요. ───────────────── [진짜 해보면 어떤 느낌? 후기들 종합] 생각보다 자유롭고, 스트레스 덜 받는다는 의견이 많더라구요. 특히 힐링 조용한 골목 배달만 계속...",http://cafe.naver.com/koarane/150010,리얼리뷰 공유소ㅣ내돈내산 찐리뷰 커...,https://cafe.naver.com/koarane,0,6,0,0,6,False
배달 부업 후기,배달,부업으로 쿠팡이츠 차량으로 1일차 후기,매달 대출 변제금이 감당이 안되는 상황이라 부업으로 쿠팡이츠 배달 아르바이트를 해볼려고 가입하고 안전교육 받고(2시간 안전교육받으면 2만원 나옵니다) 오늘 5시간동안 처음 해본 후기 남기려 합니다. 오늘 총...,http://cafe.naver.com/appleipad01/212189,[도중치]도박중독/스포츠토토/프로토/...,https://cafe.naver.com/appleipad01,0,4,0,0,4,False
배달 부업 후기,배달,당근마켓 술 벙개 후기,배달 쿠팡 배달 배민 배플 배달대행 배민커넥트 배달카페 쿠팡이츠 배달파트너 요기요 카카오퀵 배달대행 오토바이배달 정비 보험 배달투잡 배달알바 배달부업 배달나라 -----------------------------------------------------------,http://cafe.naver.com/haejukdl/141884,배달나라 - 배민커넥트 쿠팡이츠 오토...,https://cafe.naver.com/haejukdl,0,6,0,0,6,False
배달 부업 후기,배달,40대·50대도 가능할까? 중년 배달 알바 장단점 총정리,"최근 40대, 50대 분들이 부업으로 배달 일을 시작하는 경우가 꽤 늘었다고 하더라구요. 그래서 오늘은 **중년... 저도 이야기 들어보니 안전장비만 잘 챙기면 생각보다 크게 어렵지는 않다는 후기가 많았습니다. ◆중년 배달...",http://cafe.naver.com/koarane/448992,리얼리뷰 공유소ㅣ내돈내산 찐리뷰 커...,https://cafe.naver.com/koarane,0,4,0,0,4,False
배달 부업 후기,배달,"손재주만 있으면 가능한 집에서하는손부업, 현실 후기!","손재주만 있으면 가능한 집에서하는손부업, 현실 후기! 요즘 진짜 물가도 오르고, 부수입 필요하다는 말... 캔들·비누 쪽은 키트 형태로 배달돼서 바로 만들 수 있고, 조립이나 포장 부업은 업체에서 재료를 택배로...",http://cafe.naver.com/koarane/70862,리얼리뷰 공유소ㅣ내돈내산 찐리뷰 커...,https://cafe.naver.com/koarane,0,6,0,0,6,False
배달 부업 후기,배달,첫 전기자전거 구입,및 배달 부업입니다. 그래서 계속해서 찾아보니 르헤s3 제품과 이외에 au테크의 스카닉 m20제품을 보게 되었는데 au테크는 as가 잘 안된다고 해 구입을 포기 할려하고 르헤s3는 후기와 정보가 너무 없어 구입을 고민하고...,http://cafe.naver.com/eletricmotors/282784,전달사 -전기자전거로 달리는 사람들,https://cafe.naver.com/eletricmotors,0,4,0,0,4,False
배달 부업 후기,배달,전기자전거 배달만 하다가 처음으로 차팡한 후기,"나머지는 1,2시간 정도 부업하고 있어요 근데 비오는날 쉬는게 너무 아까워서 찾아보다가 차량으로도 배달을 한다길래 보험도 가입하고 어제 처음으로 차팡이란걸 해봤네요 쿠팡은 바로 보험가입이 되네요 빠르네요...",http://cafe.naver.com/nds07/5077800,"배달세상 :: 배달대행, 쿠팡이츠, 배민...",https://cafe.naver.com/nds07,0,4,0,0,4,False
배달 부업 후기,배달,"의정부부업, 주부들도 할 수 있는 쉬운 부업 뭐 없을까요?","오늘은 제가 직접 조사하고 경험해본 의정부 부업들, 찐 후기까지 싹 풀어볼게요!... 있는 부업도 괜찮아요. 의정부역 근처나 장암동 쪽은 카페, 편의점, 분식집 등 단기 알바 많구요~ 배달 대행이나 마트 시식 알바도 수요...",http://cafe.naver.com/koarane/75787,리얼리뷰 공유소ㅣ내돈내산 찐리뷰 커...,https://cafe.naver.com/koarane,0,4,0,0,4,False
배달 부업 후기,배달,퇴근 후 투잡 직장인 부업 자동화로 끝내기 네이버 쇼핑커넥트,"월급 빼고 물가는 다 오르고, 다들 부업 하나쯤 고민하시죠. 저도 퇴근 후 배달 알바부터 수기 블로그... 오늘은 제가 직접 사용해 본 센텀하이 노트북 솔직 후기를 시연 영상과 함께 전해드릴게요. (시연 영상을 먼저 꾹...",http://cafe.naver.com/mp3downs1/91676,가자가자한량-온라인건물주 자동화프로...,https://cafe.naver.com/mp3downs1,0,8,0,0,8,False
배달 부업 후기,배달,눈물의 소개팅 후기,배달 쿠팡 배달 배민 배플 배달대행 배민커넥트 배달카페 쿠팡이츠 배달파트너 요기요 카카오퀵 배달대행 오토바이배달 정비 보험 배달투잡 배달알바 배달부업 배달나라 -----------------------------------------------------------,http://cafe.naver.com/haejukdl/138511,배달나라 - 배민커넥트 쿠팡이츠 오토...,https://cafe.naver.com/haejukdl,0,6,0,0,6,False
배달 부업 후기,배달,화성시일자리 구할 때 이거 하나만 알아두세요,"부업까지 함께 소개할게요 [# 요즘 화성시에서는 이런 일자리가 많아요!] 화성시는 대기업 공장도 많고, 배달... 주부 커뮤니티에서도 부업 후기 많이 올라오니까 참고하면 도움돼요! 특히 블로그 활용하면 장기적으로...",http://cafe.naver.com/koarane/16517,리얼리뷰 공유소ㅣ내돈내산 찐리뷰 커...,https://cafe.naver.com/koarane,0,6,0,0,6,False
배달 부업 후기,배달,오라면 후기,배달 쿠팡 배달 배민 배달 배달대행 배민커넥트 배달카페 쿠팡이츠 배달파트너 요기요 카카오퀵 배달대행 오토바이배달 정비 보험 배달투잡 배달알바 배달부업 배달나라 -----------------------------------------------------------,http://cafe.naver.com/haejukdl/134393,배달나라 - 배민커넥트 쿠팡이츠 오토...,https://cafe.naver.com/haejukdl,0,6,0,0,6,False
배달 부업 후기,배달,배달의민족 배달알바 vs 쿠팡이츠 고민된다면 이 글!,"찐 후기를 들려드릴게요 ───────────────── [# 수익 구조 비교해봤어요] 배민은 건당... 일자리고민, 부업아이템고민, 배달알바체력한계 등등 이런 고민거리가 있는 분들이라면? 지금 바로 온네스...",http://cafe.naver.com/koarane/65306,리얼리뷰 공유소ㅣ내돈내산 찐리뷰 커...,https://cafe.naver.com/koarane,0,6,0,0,6,False
배달 부업 후기,배달,"요즘 우유배달 알아보는데, 이게 진짜 괜찮은 걸까?","추가적으로, 우유배달 관련 커뮤니티나 후기 사이트를 찾아보면 실제 근무자들의 생생한 경험담을 들을 수... 저도 처음에는 반신반의했지만, 알아보면 알아볼수록 생각보다 괜찮은 부업이라는 생각이 들더라구요. 지금...",http://cafe.naver.com/koarane/156186,리얼리뷰 공유소ㅣ내돈내산 찐리뷰 커...,https://cafe.naver.com/koarane,0,4,0,0,4,False
배달 부업 후기,배달,다이소 우산 구매 후기,배달 쿠팡 배달 배민 배달 배달대행 배민커넥트 배달카페 쿠팡이츠 배달파트너 요기요 카카오퀵 배달대행 오토바이배달 정비 보험 배달투잡 배달알바 배달부업 배달나라 -----------------------------------------------------------,http://cafe.naver.com/haejukdl/134352,배달나라 - 배민커넥트 쿠팡이츠 오토...,https://cafe.naver.com/haejukdl,0,6,0,0,6,False
배달 부업 후기,배달,직장인 부업으로 월급 외 수익 만든 현실 후기!,"직장인 부업으로 월급 외 수익 만든 현실 후기! 사실 말은 안 했지만… 월급만으로는 진짜 빠듯했습니다.... 배달, 쿠팡플렉스, 대리운전 등도 알아봤는데 솔직히 너무 피곤하고 체력 소비가 심하더라구요. 그래서 눈을...",http://cafe.naver.com/koarane/53505,리얼리뷰 공유소ㅣ내돈내산 찐리뷰 커...,https://cafe.naver.com/koarane,0,6,0,0,6,False
배달 부업 후기,배달,xmax-->368g 기변후,기변 인사글 후 후기글 남겨봅미다 혹시라도 카페에 저와비슷한 기변생각하시는 분에게 조금이나마... 같은동네 배달부업시 xmax연비 28.4 368g연비 4L/100km 즉 대강 25의 연비 포지션 xmax순정보단 제기준 단신이라...,http://cafe.naver.com/emoto/87451,XMAX300 MANIA CLUB (엑스맥스 매니아...,https://cafe.naver.com/emoto,0,4,0,0,4,False
배달 부업 후기,배달,"저녁부업 찾는 분들, 이건 꼭 봐야 해요!","저녁부업 종류부터, 실제 후기, 그리고 수익화까지 가능한 방법들을 싹~ 풀어드릴게요! ㅎㅎ “저녁 부업을... 저녁부업 TOP3] 일단 제 주변 직장인 친구들 보면요, 1위는 쿠팡플렉스(퀵플렉스), 2위는 배달대행, 3위는...",http://cafe.naver.com/koarane/195676,리얼리뷰 공유소ㅣ내돈내산 찐리뷰 커...,https://cafe.naver.com/koarane,0,6,0,0,6,False
배달 부업 후기,배달,배민커넥트 수입 솔직하게 알려줄게~,"요즘 너두나두 배달부업 한다구 하쟈나? 나도 궁금해서 배민커넥트 해봤는데, 생각보다 할만하더라구... 친구 후기 공유 지방사는 친구가 있는데, 주말마다 배민커넥트만 해서 한달에 70만원 넘게 벌었대!! 근데...",http://cafe.naver.com/koarane/6716,리얼리뷰 공유소ㅣ내돈내산 찐리뷰 커...,https://cafe.naver.com/koarane,0,4,0,2,2,False
배달 부업 후기,배달,속옷쇼핑 후기,배달 쿠팡 배달 배민 배달 배달대행 배민커넥트 배달카페 쿠팡이츠 배달 요기요 카카오퀵 배달대행 오토바이배달 정비 보험 배달투잡 배달알바 배달부업 배민커넥트 배달나라 -----------------------------------------------------------,http://cafe.naver.com/haejukdl/131433,배달나라 - 배민커넥트 쿠팡이츠 오토...,https://cafe.naver.com/haejukdl,0,6,0,0,6,False
배달 부업 후기,배달,배달의민족배달알바로 투잡하는 사람들 후기 모아봤어요,배달의민족배달알바로 투잡하는 사람들 후기 모아봤어요 혹시 배달의민족배달알바 궁금했던 분들... 자동화 부업이 궁금한 분들께도 추천드려요!] 솔직히 이 글 쓰면서 느낀 건데요. 몸으로 뛰는 배달도 좋지만...,http://cafe.naver.com/koarane/104678,리얼리뷰 공유소ㅣ내돈내산 찐리뷰 커...,https://cafe.naver.com/koarane,0,6,0,4,2,False
배달 부업 후기,배달,쿠팡배달파트너 시작방법 꿀팁정리,"저도 동네 맘카페 후기 보니까 “동선 파악이 반이다” 이런 말 많더라구요. 진짜 공감했어요ㅎㅎ... 특히 지역, 부업, 창업 키워드랑 결합하면 파급력이 장난 아니더라구요. 쿠팡배달파트너 같은 키워드도 카페에서...",http://cafe.naver.com/koarane/385121,리얼리뷰 공유소ㅣ내돈내산 찐리뷰 커...,https://cafe.naver.com/koarane,0,4,0,0,4,False
배달 부업 후기,배달,직장인야간알바 부업으로 월 300 달성한 현실 후기,직장인야간알바 부업으로 월 300 달성한 현실 후기 퇴근하고 집에 오면 하루가 끝난 느낌이잖아요. 근데 요즘... 그래서 퇴근 후 몇 시간 투자로 할 수 있는 **야간부업**이 인기 많아요. 특히 배달이나 매장 근무보다...,http://cafe.naver.com/koarane/110654,리얼리뷰 공유소ㅣ내돈내산 찐리뷰 커...,https://cafe.naver.com/koarane,0,6,0,0,6,False
배달 부업 후기,배달,부여알바 근처에서 가능한 부업 뭐있을까요?,"단순노동 말고 조금이라도 오래 할 수 있는 부업이면 좋겠는데, 다들 배달이나 식당알바 위주라... 저는... 부업 후기 같은 것도 찾아보는데, 괜찮아 보여서 시작하면 막상 현실은 너무 다른 경우가 많더라고요. 지금 당장...",http://cafe.naver.com/koarane/18360,리얼리뷰 공유소ㅣ내돈내산 찐리뷰 커...,https://cafe.naver.com/koarane,0,4,0,0,4,False
배달 부업 후기,배달,배달대행 알바 생각보다 쉬운 이유,"물론 날씨나 시간대에 따라 차이는 있지만, 구조 자체는 단순한 편이에요 [시간 조절이 가능한 부업] 배달대행... ───────────────── [실제 후기에서 많이 나오는 이야기] 후기 보면 초반엔 재미있고...",http://cafe.naver.com/koarane/291222,리얼리뷰 공유소ㅣ내돈내산 찐리뷰 커...,https://cafe.naver.com/koarane,0,4,0,0,4,False
배달 부업 후기,배달,배달 문제가 없었는데도 불만을 제기하는 손님,"진짜 아무 문제 없이 배달을 했는데도 불만을 제기하는 손님이 있습니다. 음식이 늦지도 않았고, 포장도 잘... 추천/후기/프차/부업/투자/가게/마케팅/밀키트/폐쇄몰/은현장/장사의신/자영업자의쉼터/씨유/크린토피아...",http://cafe.naver.com/jangsin1004/376321,자영업자의 쉼터 [장사의신·소상공인...,https://cafe.naver.com/jangsin1004,0,6,0,2,4,False
배달 부업 후기,배달,배민 음식 터진 후기 입니다,배달 쿠팡 배달 배민 배플 배달대행 배민커넥트 배달카페 쿠팡이츠 배달파트너 요기요 카카오퀵 배달대행 오토바이배달 정비 보험 배달투잡 배달알바 배달부업 배달나라...,http://cafe.naver.com/haejukdl/141387,배달나라 - 배민커넥트 쿠팡이츠 오토...,https://cafe.naver.com/haejukdl,0,6,0,0,6,False
배달 부업 후기,배달,주말부업 처음 할 때 사람들이 제일 많이 헷갈리는 포인트만 정리했어요.,주말부업은 보통 ① 노동형(배달·알바) ② 콘텐츠형(블로그·SNS) ③ 자동화형(마케팅·퍼널) 이렇게 세 가지로... 냈다는 후기 보고 저도 놀랐어요 주말부업 찾는 사람들에게 딱 맞는 구조라 인기 많을 수밖에 없겠더라구요....,http://cafe.naver.com/koarane/191261,리얼리뷰 공유소ㅣ내돈내산 찐리뷰 커...,https://cafe.naver.com/koarane,0,8,0,0,8,False
배달 부업 후기,배달,슈퍼커브 110 킥스탠드 교체 후기,안녕하세요 21년 레드커브 110오너입니다 저는 제 적토마를 타고 배달부업을 하는데요. 순정 킥스탠드 사용하면 기울기가 너무 기울어서 항상 신경이쓰이고 넘어진다 이런 후기도 많이 들어서 미리 예방차원에서...,http://cafe.naver.com/supercub/222392,헬로 슈퍼커브,https://cafe.naver.com/supercub,0,4,0,0,4,False
배달 부업 후기,배달,쿠팡미션실패후기,배달 쿠팡 배달 배민 배달 배달대행 배민커넥트 배달카페 쿠팡이츠 배달 요기요 카카오퀵 배달대행 오토바이배달 정비 보험 배달투잡 배달알바 배달부업 배민커넥트 배달나라...,http://cafe.naver.com/haejukdl/131353,배달나라 - 배민커넥트 쿠팡이츠 오토...,https://cafe.naver.com/haejukdl,0,6,0,0,6,False
배달 부업 후기,배달,"배민 배달 알바 하는법, 오토바이 없어도 되냐구요?","실제 후기! 해보니까 이랬어요] 처음엔 진짜 무서웠거든요ㅠㅠ “나 길 잘 모르는데?”, “배달 가방 매는... 하루에 2~3시간 부업도 좋지만, 완전 자동으로 돌아가는 수익 구조도 하나쯤은 만들어두는 게 진짜 안전장치가...",http://cafe.naver.com/koarane/376046,리얼리뷰 공유소ㅣ내돈내산 찐리뷰 커...,https://cafe.naver.com/koarane,0,6,0,0,6,False
배달 부업 후기,배달,라이더 1일차 후기,첫 배달 부업 한시간 이십분 8건에 29500 원 벌고와선 이걸 먹어도 되나 싶은 아리송한 기분이 ㅋㅋ;; 첫술에 배부를수없고 뭔가 아쉽긴 하지만 카페 여러 선배님들 조언으로 무사히 첫삽뜬거 같아 기쁘네요ㅎ 다사다난했던...,http://cafe.naver.com/nds07/3866107,"배달세상 :: 배달대행, 쿠팡이츠, 배민...",https://cafe.naver.com/nds07,0,4,0,0,4,False
배달 부업 후기,배달,소개팅 어플 후기,배달 쿠팡 배달 배민 배달 배달대행 배민커넥트 배달카페 쿠팡이츠 배달파트너 요기요 카카오퀵 배달대행 오토바이배달 정비 보험 배달투잡 배달알바 배달부업 배달나라 -----------------------------------------------------------,http://cafe.naver.com/haejukdl/134042,배달나라 - 배민커넥트 쿠팡이츠 오토...,https://cafe.naver.com/haejukdl,0,6,0,0,6,False
배달 부업 후기,배달,배송완료 후기,배달 쿠팡 배달 배민 배달 배달대행 배민커넥트 배달카페 쿠팡이츠 배달파트너 요기요 카카오퀵 배달대행 오토바이배달 정비 보험 배달투잡 배달알바 배달부업 배달나라 -----------------------------------------------------------,http://cafe.naver.com/haejukdl/134041,배달나라 - 배민커넥트 쿠팡이츠 오토...,https://cafe.naver.com/haejukdl,0,6,0,0,6,False
배달 부업 후기,배달,z플립6 실버 후기,배달대행 배민커넥트 쿠팡이츠 요기요 카카오퀵 일반대행 오토바이 정비 보험 배달투잡 배달알바 배달부업 감사합니다 ----------------------------------------------------------- z플립6 실버 안예쁘네요ㅠ 접었을때는 일체감이...,http://cafe.naver.com/haejukdl/122362,배달나라 - 배민커넥트 쿠팡이츠 오토...,https://cafe.naver.com/haejukdl,0,6,0,0,6,False
배달 부업 후기,배달,눈커보이는 안경 구매 후기,배달 쿠팡 배달 배민 배달 배달대행 배민커넥트 배달카페 쿠팡이츠 배달파트너 요기요 카카오퀵 배달대행 오토바이배달 정비 보험 배달투잡 배달알바 배달부업 배달나라 -----------------------------------------------------------,http://cafe.naver.com/haejukdl/134281,배달나라 - 배민커넥트 쿠팡이츠 오토...,https://cafe.naver.com/haejukdl,0,6,0,0,6,False
배달 부업 후기,스마트스토어,종합소득세 신고방법 환급 꼭 알아야 하는 핵심 정리,"최근에는 부업과 온라인 판매 증가로 종합소득세 신고방법에 대한 관심이 더욱 높아졌습니다. 배달 수입, 전자상거래, 콘텐츠 수익 등도 신고 대상이 될 수 있습니다. 신고 누락은 추후 세무조사로 이어질 가능성도 있어...",http://cafe.naver.com/pusanmommy/1471453,부산맘 카페 - 부산 맘카페 결혼 웨딩...,https://cafe.naver.com/pusanmommy,0,10,0,0,10,False
배달 부업 후기,배달,요즘 신문배달 알아보는데... 진짜 괜찮을까?,"실제 후기들을 찾아보면, 배달 경로를 미리 파악해두거나, 배달 지역에 대한 이해도를 높여두는 것이 도움이... 저도 알아보면서 생각보다 괜찮은 부업이라는 생각이 들더라고요. 지금 신문배달 알바를 고민 중이라면...",http://cafe.naver.com/koarane/138754,리얼리뷰 공유소ㅣ내돈내산 찐리뷰 커...,https://cafe.naver.com/koarane,0,4,0,0,4,False
배달 부업 후기,배달,20만원주고 오토바이산 후기,배달 쿠팡 배달 배민 배달 배달대행 배민커넥트 배달카페 쿠팡이츠 배달파트너 요기요 카카오퀵 배달대행 오토바이배달 정비 보험 배달투잡 배달알바 배달부업 배달나라...,http://cafe.naver.com/haejukdl/133637,배달나라 - 배민커넥트 쿠팡이츠 오토...,https://cafe.naver.com/haejukdl,0,6,0,0,6,False
배달 부업 후기,배달,김해 퇴근했습니다.,배달알바 배달부업 요기요 배달대행 배달나라 ----------------------------------------------------------- 모두... 모두 좋은하루 되세요. 투잡배달러님은 오늘 연제구에서 받으신 성교육 후기 부탁드립니다 ㅋㅋㅋㅋㅋ,http://cafe.naver.com/haejukdl/161441,배달나라 - 배민커넥트 쿠팡이츠 오토...,https://cafe.naver.com/haejukdl,0,6,0,0,6,False
배달 부업 후기,배달,부업방문 후기..,주셔야해요 배달안됨 작업장에 오셔서 할때는 하고싶은 만큼하고 가시면 되세요 단.. 지금은 물량이 없구... 할수있는만큼 가져가시면되세요 하루이틀 작업장에서 조금 배워서 가셔야 할듯해요~~^^ 이상 부업 방문 후기예요~~^^,http://cafe.naver.com/ddcmom21/99325,"동두천알뜰맘카페-동두천맘 중고,벼룩...",https://cafe.naver.com/ddcmom21,0,4,0,0,4,False
배달 부업 후기,배달,[질문] 선배님들 이 바람막이 어떻습니까?,"배달부업 요기요 배달대행 배달나라 ----------------------------------------------------------- 킥보드 탈때나 자전거 탈때 하나 장만좀 하려는데, 사이즈가 작다는 후기가 있는데 바이크 바람막이는 전문가 형님들이 잘 아실꺼라...",http://cafe.naver.com/haejukdl/154102,배달나라 - 배민커넥트 쿠팡이츠 오토...,https://cafe.naver.com/haejukdl,0,4,0,2,2,False
배달 부업 후기,배달,4인가족 가장+부업러의 배달대행 1년 4개월 후기,안되겠다싶어 부업을 시작한지 약 5년 부업시작한 순으로 1. 생수배달 근처 생수업장 찾아가서 일주쑈 ok... 40대중반 한가족가장의 부업 후기을 올려보았습니다. 모든분들 돈 많이버시고 안전운전 하시기 바랍니다.,http://cafe.naver.com/nds07/4763414,"배달세상 :: 배달대행, 쿠팡이츠, 배민...",https://cafe.naver.com/nds07,0,4,0,0,4,False
배달 부업 후기,배달,살면서 해본 특이한 알바 후기,배달 쿠팡 배달 배민 배달 배달대행 배민커넥트 배달카페 쿠팡이츠 배달파트너 요기요 카카오퀵 배달대행 오토바이배달 정비 보험 배달투잡 배달알바 배달부업 배달나라 -----------------------------------------------------------,http://cafe.naver.com/haejukdl/133706,배달나라 - 배민커넥트 쿠팡이츠 오토...,https://cafe.naver.com/haejukdl,0,6,0,0,6,False
배달 부업 후기,배달,자차배달 플랫폼별 장단점은,수익 후기 보니까 진짜 믿을만하더라구요ㅎㅎ ───────────────── [# 이런 분들께 완전 추천드립니다] ✔️ 자차배달처럼 소득 만들고 싶은 분 ✔️ 하루 30분 투자로 부업 찾는 분 ✔️ 카페 마케팅...,http://cafe.naver.com/koarane/331676,리얼리뷰 공유소ㅣ내돈내산 찐리뷰 커...,https://cafe.naver.com/koarane,0,8,0,2,6,False
배달 부업 후기,배달,"소상공인부업, 지금이 시작 타이밍인 이유","───────────────── [* 단순 알바형 부업은 NO!] 물건 배달하거나, 방문판매하거나, 이런... ───────────────── [* 실제 운영 후기] 저는 저녁 장사 끝나고 매일 30분 정도 투자하면서...",http://cafe.naver.com/2022star/38172,"재테크마을 - N잡,부업,보험,창업,투잡...",https://cafe.naver.com/2022star,0,6,0,0,6,False
배달 부업 후기,배달,시티그립2 한달주행후기 피렐리 엔젤스쿠터보다 무조건 좋다?,배달을 부업으로 삼아서 타면서 보니까 같은PCX 뒷타이어는 대부분 시티그립2네요 오잉 저게 저렇게 좋나? 하고 카페에서도 이리저리 검색해서 찾아보니 시티그립2 굉장히 좋은녀석인가봅니다. 특히 빗길주행성능에...,http://cafe.naver.com/pcxlife/400755,PCX Life,https://cafe.naver.com/pcxlife,0,4,0,0,4,False
배달 부업 후기,배달,반갑습니다.,자차로 배달 부업을 해 보려고 합니다. 여유가 있어서 취미로 하는게 아니라 부족한 생계로 시작하려 합니다. 오토바이는 초기 비용이 들고 여러가지로 생각해서 자차로 일단 시작해 보려구요. 후기나 블로그 읽어보면...,http://cafe.naver.com/nds07/5042866,"배달세상 :: 배달대행, 쿠팡이츠, 배민...",https://cafe.naver.com/nds07,0,6,0,0,6,False
배달 부업 후기,배달,직장인 퇴근길 쿠팡이츠 배달파트너 했던 리얼후기,"직장인 퇴근길 쿠팡이츠 배달파트너 했던 리얼후기 요즘 부업, 틈새알바 많이들 찾죠? 저도 직장 다니면서 퇴근길마다 **쿠팡이츠 배달파트너** 해봤는데요, 솔직하게 느낀 점 그대로 적어봤어요. “과연 부업으로...",http://cafe.naver.com/koarane/227855,리얼리뷰 공유소ㅣ내돈내산 찐리뷰 커...,https://cafe.naver.com/koarane,0,4,0,0,4,False
배달 부업 후기,배달,주말도 꾸준하게 배달 합니다.✨️,무인/배달/분식/한식/중식/양식/일식/샤브샤브/돈까스/떡볶이/메가커피/공차/이디야커피/롯데리아... 추천/후기/프차/부업/투자/가게/마케팅/밀키트/폐쇄몰/은현장/장사의신/사장님도장사의신/씨유/크린토피아/비비큐/bhc...,http://cafe.naver.com/jangsin1004/345672,자영업자의 쉼터 [장사의신·소상공인...,https://cafe.naver.com/jangsin1004,0,6,0,2,4,False
배달 부업 후기,배달,광주광역시에서 할 수 있는 부업 찾고 계신가요?,"‘재택형’ 부업들이 눈에 띄게 늘었어요. 예전엔 오프라인 판매나 배달 위주였다면, 요즘은 온라인 기반의... 선입금 요구하는 부업은 무조건 거르세요! 지역 카페 리뷰나 후기 충분히 검색한 뒤 신청하는 걸 추천드려요....",http://cafe.naver.com/koarane/347435,리얼리뷰 공유소ㅣ내돈내산 찐리뷰 커...,https://cafe.naver.com/koarane,0,6,0,2,4,False
배달 부업 후기,배달,우유배달알바 수익이 이 정도일 줄은 몰랐어요,"───────────────── [* 주변 후기들은 어떤 편?] 제가 네이버 카페랑 블로그 후기도 좀... 우유배달알바처럼 노력형 부업도 좋지만, 효율적으로 수익내는 마케팅 부업은 진짜 시대의 무기라구요!...",http://cafe.naver.com/koarane/253284,리얼리뷰 공유소ㅣ내돈내산 찐리뷰 커...,https://cafe.naver.com/koarane,0,8,0,0,8,False
배달 부업 후기,배달,식품공장 1년차 369일 후기,배달은 부업으로만..^^;;;가끔씩 하는걸로 대기업 보다는 못하지만 그래도 지방 중소기업 식품공장 치고는 밥도 잘나옴니다 튀김.돈가스.제육 고기종류 잘나옴요 기본적인 업무는 매일 반복적으로 하는 일이라 지루하긴...,http://cafe.naver.com/nds07/4761038,"배달세상 :: 배달대행, 쿠팡이츠, 배민...",https://cafe.naver.com/nds07,0,4,0,0,4,False
배달 부업 후기,배달,2025년식 UHR125 U5 시승기,배달알바 배달부업 요기요 배달대행 배달나라 ----------------------------------------------------------- 잠깐... 라이더의 후기였습니더~ 오도방목욕한번시킴 ~ 액정필름 떼 ? 말어? @기존오토바이 폐지 @폐지이후 보험사에 전화해서...,http://cafe.naver.com/haejukdl/158316,배달나라 - 배민커넥트 쿠팡이츠 오토...,https://cafe.naver.com/haejukdl,0,4,0,0,4,False
배달 부업 후기,배달,우유배달알바 새벽시간 활용 가능한 꿀알바라며?,"오늘은 제가 알아본 우유배달알바의 현실적인 정보들, 그리고 경험자들 후기도 같이 공유드려볼게요!... 우유배달알바처럼 일상 시간을 활용한 부업도 좋지만, 저는 개인적으로 온라인마케팅도 같이 배워보는 걸...",http://cafe.naver.com/koarane/373078,리얼리뷰 공유소ㅣ내돈내산 찐리뷰 커...,https://cafe.naver.com/koarane,0,4,0,0,4,False
배달 부업 후기,배달,후기가 좋은데 혹시 사용 중인 분?,배달 쿠팡 배달 배민 배달 배달대행 배민커넥트 배달카페 쿠팡이츠 배달 요기요 카카오퀵 배달대행 오토바이배달 정비 보험 배달투잡 배달알바 배달부업 배민커넥트 배달나라 -----------------------------------------------------------,http://cafe.naver.com/haejukdl/132088,배달나라 - 배민커넥트 쿠팡이츠 오토...,https://cafe.naver.com/haejukdl,0,6,0,0,6,False
배달 부업 후기,배달,쿠팡플렉스 돈벌이방법 직장인투잡으로 괜찮을까 혹시 요즘 부업 관심 많은 분들 있나요,"택배를 배달할 수 있는 시스템이에요. 쿠팡이 물량이 많을 때, 단기 아르바이트 개념으로 일반 사람들한테... 근데 평생직업으로 하기엔 체력 부담이 좀 크다는 게 솔직한 후기! 결국 부업을 하더라도 장기적으로는 온라인...",http://cafe.naver.com/koarane/18497,리얼리뷰 공유소ㅣ내돈내산 찐리뷰 커...,https://cafe.naver.com/koarane,0,6,0,0,6,False
배달 부업 후기,배달,5개월 째 전기오토바이로 후기(이런 저런 일들 많은),----------------------------- - 벌써 위 사진의 전기오토바이로 배달 부업을 한지 5개월이 넘었네요. 전기 오토바이로 배달. 좋은 점도 있고 나쁜 점들도 있네요. 좋은 점 1. 조용하다. 2. 안락하다. 3. 주유소 방문 안해도 된다. 4....,http://cafe.naver.com/nds07/1875837,"배달세상 :: 배달대행, 쿠팡이츠, 배민...",https://cafe.naver.com/nds07,0,4,0,0,4,False
배달 부업 후기,배달,안산 사동 배달전문점 갈비찜 매도합니다.,세부사항 1) 매물 설명(히스토리 포함) 2) 점포 양도사유(솔직하게 작성) 샾앤샾 아니고 배달전문 업체이며... 추천/후기/프차/부업/투자/가게/마케팅/밀키트/폐쇄몰/은현장/장사의신/사장님도장사의신/씨유/크린토피아...,http://cafe.naver.com/jangsin1004/377763,자영업자의 쉼터 [장사의신·소상공인...,https://cafe.naver.com/jangsin1004,0,6,0,2,4,False
배달 부업 후기,배달,"우유배달, 새벽시간 활용한 부업으로 괜찮을까?","특히 요즘엔 새벽 시간을 활용할 수 있는 부업이 인기라 그런지, 우유배달을 알아보는 사람들이 진짜 많더라구요. 그래서 제가 오늘은 우유배달에 대한 정보랑 현실적인 수익, 후기 같은 걸 싹 정리해봤어요...",http://cafe.naver.com/koarane/324211,리얼리뷰 공유소ㅣ내돈내산 찐리뷰 커...,https://cafe.naver.com/koarane,0,6,0,0,6,False
배달 부업 후기,배달,주말알바 부업으로 확장 가능한 구조,"편의점, 배달 알바부터 떠오르는데요, 그건 시간과 체력이 너무 많이 들어요ㅠ 제가 찾은 건 ‘집에서 할 수... 있는 분 - 알바를 넘어 부업으로 확장하고 싶은 분 정말 수익 내는 분들 후기 보면 다 여기서 시작했더라구요!...",http://cafe.naver.com/koarane/342629,리얼리뷰 공유소ㅣ내돈내산 찐리뷰 커...,https://cafe.naver.com/koarane,0,6,0,0,6,False
배달 부업 후기,배달,우버이츠 데마에칸 부업,우버이츠보다 데마에칸이 더 시급이 쎄다고 하던데 정말인가요? 혹시 우버이츠나 데마에칸 배달하는 분들 계시면 후기좀 부탁드려요!! 자전거로 여자가 하기 괜찮은 일일까요?!,http://cafe.naver.com/bananawork/105367,바나나워홀의 워홀 카페 [일본 워킹홀...,https://cafe.naver.com/bananawork,0,4,0,0,4,False
배달 부업 후기,배달,도보2주 + 전자1주 배커 후기 (feat. 쿠팡),"해서 시간적 여유도 많아졌고, 뭔가 서브를 준비해야겠단 생각에 배달 부업을 시작했습니다. 본업 업무 컨디션에 영향을 주지 않는 선에서... 평일 주말 합쳐 1주에 약 12시간 정도 투입한거 같은데요 아직까진 만족하고...",http://cafe.naver.com/nds07/2279272,"배달세상 :: 배달대행, 쿠팡이츠, 배민...",https://cafe.naver.com/nds07,0,4,0,0,4,False
배달 부업 후기,배달,대학생부업 고민된다면? 이건 진짜 꿀팁임ㅎㅎ,배달 알바처럼 땀흘리지 않아도 되니 저는 이게 더 좋았어요. 잘 굴러가면 월 50~100까지도 가능하다네요! ───────────────── [# 네이버 카페 글쓰기 부업도 요즘 핫함] 카페 가입해서 홍보 글이나 후기 글...,http://cafe.naver.com/koarane/80842,리얼리뷰 공유소ㅣ내돈내산 찐리뷰 커...,https://cafe.naver.com/koarane,0,4,0,0,4,False
배달 부업 후기,배달,오늘을 배달 합니다.☁️,무인/배달/분식/한식/중식/양식/일식/샤브샤브/돈까스/떡볶이/메가커피/공차/이디야커피/롯데리아... 추천/후기/프차/부업/투자/가게/마케팅/밀키트/폐쇄몰/은현장/장사의신/사장님도장사의신/씨유/크린토피아/비비큐/bhc...,http://cafe.naver.com/jangsin1004/344719,자영업자의 쉼터 [장사의신·소상공인...,https://cafe.naver.com/jangsin1004,0,6,0,2,4,False
배달 부업 후기,배달,투잡용 서브폰 어떻게들 쓰시나요? 남는 기기로 부평선불폰 공폰 개통 해봤습니다,남는 기기로 부평선불폰 공폰 개통 해봤습니다 요즘 배달 부업이나 투잡 뛰시는 분들 정말 많으시죠? 저도... 저처럼 투잡 뛰면서 서브 회선 고민하시는 분들께 도움 될까 싶어 제가 직접 해본 후기 공유해 봅니다. ①...,http://cafe.naver.com/nuri1018/53512,성지키우기 - 휴대폰 성지는 찾는 게 ...,https://cafe.naver.com/nuri1018,0,6,0,0,6,False
배달 부업 후기,배달,출퇴근용,욕심에 퇴근 후 부업으로 배달도 잠깐 하고싶고^^ 가격이 만만치 않아서 어떻게 좀 이유를 찿고싶어지네요... 벤틀러스 500 -> 너무 비싸요 ㅠㅠ 타이탄 750 -> 접이식은 별로라고 그러구 사용후기에 비비비비추천이라고...,http://cafe.naver.com/eletricmotors/316338,전달사 -전기자전거로 달리는 사람들,https://cafe.naver.com/eletricmotors,0,4,0,2,2,False
배달 부업 후기,배달,"배달대행창업, 1인 창업으로 월수익 높이는 꿀팁 알려드림","저 같은 경우 인스타 릴스로 짧게 배달 후기나 꿀팁 공유했더니 주문이 바로 반응 오더라구요~ 진짜... 특히 온라인 마케팅이나 부업을 배워두면, 하루 1~2시간 투자로도 충분히 추가 수익이 가능하더라구요. 이런 걸 잘...",http://cafe.naver.com/koarane/106287,리얼리뷰 공유소ㅣ내돈내산 찐리뷰 커...,https://cafe.naver.com/koarane,0,8,0,0,8,False
배달 부업 후기,배달,부업 배린이 2일차 후기,"부업을 생각하게 되어 배달을 시작하게 되었습니다. 오늘부로 2일차인데 1일차 - 배민, 쿠팡이츠 시스템 맛보기 1시간반 9천원(받고보니 똥콜..) 2일차 - 어제 월드컵 예선으로 잔뜩 기대에 부풀어 했지만 2시간반에 3만4천원...",http://cafe.naver.com/nds07/3984539,"배달세상 :: 배달대행, 쿠팡이츠, 배민...",https://cafe.naver.com/nds07,0,4,0,0,4,False
배달 부업 후기,배달,아르바이트 해보고 느낀 장.단점 입니다 쿠팡 식당 편의점 동승자도우미 후기입니다 다른분들 후기도 공유해...,궁금해서 배달후기 물어봤었는데 그 후기 말씀처럼 1건에 2500원 프리미엄 안붙고 그냥 하는거면 남는거 없을것 같아요 자전거나 오토바이가 좋을것 같긴해요 주차 문제가 좀 있더라고요 기름값도 그렇고요 부업으로 하긴...,http://cafe.naver.com/skybluezw4rh/12895017,"맘이베베 (핫딜, 육아, 놀이)",https://cafe.naver.com/skybluezw4rh,0,4,0,2,2,False
배달 부업 후기,배달,"우유배달과 새벽알바의 차이, 어떤게 더 나을까?","우유배달이 조금 더 나을 수도 있어요. ───────────────── [*] 후기 들어보면 어떤가요?... ───────────────── [*] 새로운 부업, 자동화 온라인 부업은 어떤가요? 이상으로 ""우유배달""과...",http://cafe.naver.com/koarane/298080,리얼리뷰 공유소ㅣ내돈내산 찐리뷰 커...,https://cafe.naver.com/koarane,0,4,0,2,2,False
배달 부업 후기,배달,배달의민족 로고디자인 업체 추천해주세요 !,배달앱에 가게등록때문에 로고 디자인이랑 가게 소개 이미지가 필요한데 이런거 많이 해본 업체에 맡기고... 추천/후기/프차/부업/투자/가게/마케팅/밀키트/폐쇄몰/은현장/장사의신/사장님도장사의신/씨유/크린토피아...,http://cafe.naver.com/jangsin1004/346006,자영업자의 쉼터 [장사의신·소상공인...,https://cafe.naver.com/jangsin1004,0,6,0,2,4,False
배달 부업 후기,배달,배플가입했어요,배달알바 배달부업 요기요 배달대행 배달나라 ----------------------------------------------------------- 6월 마감해보니... 몇일 타보고 후기 올려드리도록 하겠습니다. P.S 일대도 운전면허 유효성검증 및 범죄사실 증명 등 이것저것...,http://cafe.naver.com/haejukdl/158943,배달나라 - 배민커넥트 쿠팡이츠 오토...,https://cafe.naver.com/haejukdl,0,4,0,0,4,False
배달 부업 후기,배달,일일알바 요즘은 모바일로 바로 구직 가능하더라구요,"배달 포장 보조 이런 일들은 대부분 하루 단위 공고가 많고, 시급도 요즘 최저임금 이상으로 올라서 나쁘지... kr/ln/42862  #초보부업주의점#부업피해사례#온라인부업주의#집에서돈버는법주의#재택부업현실후기...",http://cafe.naver.com/koarane/301293,리얼리뷰 공유소ㅣ내돈내산 찐리뷰 커...,https://cafe.naver.com/koarane,0,6,0,0,6,False
배달 부업 후기,배달,땡겨요를 아시나요? (배달의민족 대체어플) - 최저수수료 추천,"배달의민족, 요기요같은 플랫폼 땡겨요를 아시나요?? 배달의민족 수수료가 비싸지면서 이용자수가... 추천/후기/프차/부업/투자/가게/마케팅/밀키트/폐쇄몰/은현장/장사의신/자영업자의쉼터/씨유/크린토피아/비비큐/bhc...",http://cafe.naver.com/jangsin1004/346897,자영업자의 쉼터 [장사의신·소상공인...,https://cafe.naver.com/jangsin1004,0,6,0,2,4,False
배달 부업 후기,배달,5개월만에 배민원으로 배달해본후기 총 11시간달렸고 13장벌었네요,"글작성시, 배민커넥트, 배민라이더스, 쿠팡이츠 배달파트너, 요기요, 배달대행, 퀵서비스, 카카오퀵, 게시판 준수 부탁드립니다. ----------------------------- - 오늘 배민원 부업으로 하루해봤습니다 오랜만에 빡시게오래달리니...",http://cafe.naver.com/nds07/2811108,"배달세상 :: 배달대행, 쿠팡이츠, 배민...",https://cafe.naver.com/nds07,0,4,0,0,4,False
배달 부업 후기,배달,배달. 반올림 피자,"추천하는 이유, 메뉴의 장단점 등 솔직하게 리뷰 김장 60kg 하고 몸살기운 살짝돌아 피자 시켜먹었어용~배달시... 추천/후기/프차/부업/투자/가게/마케팅/밀키트/폐쇄몰/은현장/장사의신/사장님도장사의신/씨유/크린토피아...",http://cafe.naver.com/jangsin1004/368787,자영업자의 쉼터 [장사의신·소상공인...,https://cafe.naver.com/jangsin1004,0,6,0,2,4,False
배달 부업 후기,배달,평범한 아재의 전기 자전거 후기 ( 3개월째),전자를 가지고 배달을 부업으로 해본지 벌써 3개월째로 접어드네요.제가 느끼고 겪은 글입니다. 혹시 읽으시는 분 생각과 맞지 않거나 다르게 느끼셨다면 그것 또한 님 생각이 맞습니다. 1. 접이식에 대해 아~~~주 아주...,http://cafe.naver.com/eletricmotors/310605,전달사 -전기자전거로 달리는 사람들,https://cafe.naver.com/eletricmotors,0,4,0,0,4,False
배달 부업 후기,배달,"쿠팡 배달 알바, 주변에서 한 번쯤은 다들 들어보셨을 텐데 실제로는 어떨까요?","요즘 부업 이야기 나오면 꼭 한 번쯤 등장하는 게 쿠팡 배달 알바인 것 같아요. 시간 조절이 비교적... 그런데 실제 후기를 찾아보고, 경험담을 보다 보니 생각보다 현실적인 면도 있더라구요. 그래서 오늘은 쿠팡 배달...",http://cafe.naver.com/koarane/355406,리얼리뷰 공유소ㅣ내돈내산 찐리뷰 커...,https://cafe.naver.com/koarane,0,4,0,0,4,False
배달 부업 후기,배달,김해부업 요즘 뭐가 뜨는지 궁금하지?,"그래서 요즘 김해에서 해볼만한 부업들 리얼 후기랑 꿀팁까지 싹 정리해봤어요~ ───────────────── ★김해 지역별 인기 부업 종류는? 김해에는 공유주방 기반 배달형 간편식, 쿠팡 라이더, 캠핑장...",http://cafe.naver.com/uouv96/684,오늘도 달린다 ㅣ영업·창업·부업 ㅣ...,https://cafe.naver.com/uouv96,0,4,0,2,2,False
배달 부업 후기,배달,오늘을 배달합니다.,무인/배달/분식/한식/중식/양식/일식/샤브샤브/돈까스/떡볶이/메가커피/공차/이디야커피/롯데리아/던킨도너츠... 추천/후기/프차/부업/투자/가게/마케팅/밀키트/폐쇄몰/은현장/장사의신/사장님도장사의신/씨유/크린토피아...,http://cafe.naver.com/jangsin1004/345104,자영업자의 쉼터 [장사의신·소상공인...,https://cafe.naver.com/jangsin1004,0,6,0,2,4,False
배달 부업 후기,배달,타이탄700 21ah 비슷한거 추천 부탁합니다.,우선 집안에 접어서 넣을 수 있는게 좋은데 배터리가 중국산이고 저렴한 가격때문인지 뭔가 아쉬운 부분이 있는데요. 비슷한 제품으로 괜찮은거 없을까요? 용도는 출퇴근이나 배달 부업으로 사용합니다.,http://cafe.naver.com/eletricmotors/286880,전달사 -전기자전거로 달리는 사람들,https://cafe.naver.com/eletricmotors,0,4,0,2,2,False
배달 부업 후기,배달,노모어피자 추천해주세요,"배달알바 배달부업 배달나라 ----------------------------------------------------------- 이제서야 푹자고 정신이 들었네요.... 노모와 피자한판인가 먼가 먹으려 하는데, 한달전에 키작은 아이 후기가 있는데 너무 바이럴인거 같아서...",http://cafe.naver.com/haejukdl/140722,배달나라 - 배민커넥트 쿠팡이츠 오토...,https://cafe.naver.com/haejukdl,0,4,0,2,2,False
배달 부업 후기,배달,목요일 돌 배달이요.,오늘의 좋은글 배달 합니당 하단 지우지마세용 ⭐자영업자의 쉼터 [장사의신·소상공인·창업·세무]... 추천/후기/프차/부업/투자/가게/마케팅/밀키트/폐쇄몰/은현장/장사의신/사장님도장사의신/씨유/크린토피아/비비큐/bhc...,http://cafe.naver.com/jangsin1004/345325,자영업자의 쉼터 [장사의신·소상공인...,https://cafe.naver.com/jangsin1004,0,6,0,2,4,False
배달 부업 후기,배달,배민배달알바 요즘 수입 현실 괜찮을까?,사람들 후기 느낌] 주변에서 해본 사람들 말 들어보면 공통점이 있어요. 체력 소모는 생각보다 크다는... 배민배달알바에 대해 정리해봤는데요. 솔직히 제 생각엔 이런 노동형 부업만으로는 한계가 명확하더라구요. 그래서...,http://cafe.naver.com/koarane/252950,리얼리뷰 공유소ㅣ내돈내산 찐리뷰 커...,https://cafe.naver.com/koarane,0,4,0,2,2,False
배달 부업 후기,배달,배달 7일차 ? 후기요.,"글작성시, 배민커넥트, 배민라이더스, 쿠팡이츠 배달파트너, 요기요, 배달대행, 퀵서비스, 카카오퀵, 게시판... 생각보다 심각한 수준이여서 중간에 그냥 오토바이팔까도 생각했지만 이것만큼 또 괜찮은 부업이...",http://cafe.naver.com/nds07/3020763,"배달세상 :: 배달대행, 쿠팡이츠, 배민...",https://cafe.naver.com/nds07,0,4,0,0,4,False
배달 부업 후기,배달,배민배달알바 요즘 수익 현실은 어떨까?,"[실제 해본 사람들 후기 모아보니] 처음엔 길도 헷갈리고 주문 잡는 것도 버벅인대요 ㅎㅎ 근데 일주일 정도... 배민배달알바처럼 시간 쓰는 부업에 지친 분들이라면 더 잘 맞을 수도 있어요. 부업, 일자리, 사업 고민...",http://cafe.naver.com/koarane/329012,리얼리뷰 공유소ㅣ내돈내산 찐리뷰 커...,https://cafe.naver.com/koarane,0,6,0,2,4,False
배달 부업 후기,배달,배달비도 아낄겸 운동삼아 치킨 포장해 왔어요,말고 배달비 버는 사람이 되자는 거죠 ㅎㅎ 아직은 고민 단계인데 체력이 받쳐줄지가 제일 걱정이에요. 실제로 해보신 분 있으시면 솔직한 후기 좀 알려주세요! 노후준비/노후연금저축/소자본1인창업/집에서부업...,http://cafe.naver.com/eovhskfktmak/8723,4050 우리들의 두번째 시작[은퇴 국민...,https://cafe.naver.com/eovhskfktmak,0,4,0,2,2,False
배달 부업 후기,배달,새벽알바 하면서 병행 가능한 쉬운부업 찾는다면?,"저도 얼마 전까지만 해도 출근 전 새벽에 일찍 일어나 배달 알바를 해봤는데요... 생각보다 몸도 힘들고... ───────────────── 저처럼 온라인으로 자동화 부업 시작해보신 분들 후기를 들어보면, 이게...",http://cafe.naver.com/koarane/247684,리얼리뷰 공유소ㅣ내돈내산 찐리뷰 커...,https://cafe.naver.com/koarane,0,4,0,0,4,False
배달 부업 후기,배달,퇴근후부업 가능할까? 직장인 현실 고민 공유해요,"투자하는 부업이 되게 많더라구요! 예전처럼 퇴근하고 대리운전이나 배달만 있는 게 아니라, 앱테크, 블로그... 실제 후기 공유] 이건 제가 카페랑 블로그에서 본 후기예요! - “처음엔 반신반의했는데, 한 달 만에 용돈...",http://cafe.naver.com/koarane/256705,리얼리뷰 공유소ㅣ내돈내산 찐리뷰 커...,https://cafe.naver.com/koarane,0,8,0,0,8,False
배달 부업 후기,배달,전자 부업 여자 4일차 후기 (절망편 주의),튕겨나갔었음 배달완료하고 내려오는데 갑자기 겁나 현타옴 왜냐면 몸도 아픈데 아파트 오는 길에 사람 북적북적x100 번화가 사이 지나오니까 이쁘게 꾸미고 다니는 사람들 사이에 꼬질하게 헬멧 쓰고 지나가서 좀 슬펏슴.....,http://cafe.naver.com/nds07/5030169,"배달세상 :: 배달대행, 쿠팡이츠, 배민...",https://cafe.naver.com/nds07,0,4,0,0,4,False
배달 부업 후기,배달,배민이랑 쿠팡이츠 파트너요ㅠㅠ,아이 등원하고 하원 전 까지 오전에 컴퓨터로 하는 부업해놓고 배달 알바라도 조금씩 해보려고 하는데 해보신... 살면서 이런 저런 일 참 많이 해봤는데 배달은 생전 처음이라 어떠셨는지 찐 후기가 듣고 싶어서요ㅠㅠ...,http://cafe.naver.com/babylovecafe/992538,베이비러브 양주시대표카페 양주맘카페...,https://cafe.naver.com/babylovecafe,0,4,0,0,4,False
배달 부업 후기,배달,"요즘 수원부업 알아보는데, 진짜 괜찮은 거 맞나요?","추가적으로, 관련 커뮤니티나 후기 사이트에서 실제 경험자들의 조언을 참고하는 것도 큰 도움이 될 거예요. 많은 분들이 실제로 수원부업을 통해 추가 수입을 얻고 만족감을 느끼고 있어요. 주변에서도 퇴근 후 배달...",http://cafe.naver.com/koarane/218059,리얼리뷰 공유소ㅣ내돈내산 찐리뷰 커...,https://cafe.naver.com/koarane,0,4,0,0,4,False
배달 부업 후기,배달,"킥서비스알바, 진짜 할만한 부업일까 솔직 후기!","오늘은 제가 경험한 킥서비스알바 솔직 후기부터, 장단점, 수익까지 전부 공유해볼게요! ───────────────── [# 킥서비스가 뭐냐면요~] 킥서비스는 말 그대로 ‘오토바이 킥보드’로 물건 배달해주는...",http://cafe.naver.com/koarane/246987,리얼리뷰 공유소ㅣ내돈내산 찐리뷰 커...,https://cafe.naver.com/koarane,0,6,0,0,6,False
배달 부업 후기,배달,"수원부업, 놓치면 후회할 최신 꿀정보","오늘은 수원부업에서 어떤 방법이 효과적인지, 실제 후기와 꿀팁까지 정리해보려고 합니다.... 편의점, 카페, 배달, 온라인 부업까지 선택지가 넓어서 라이프스타일에 맞게 조절할 수 있습니다. 저도 몇 가지 경험해봤는데...",http://cafe.naver.com/koarane/363836,리얼리뷰 공유소ㅣ내돈내산 찐리뷰 커...,https://cafe.naver.com/koarane,0,4,0,0,4,False
배달 부업 후기,배달,배달의민족배달알바 초보도 가능한 이유가 뭘까요,"───────────────── 온라인 부업이나 소득 파이프라인에 관심 있다면, 배달의민족배달알... 들어본 후기들 보면 “와… 초보도 진짜 할 수 있음…” 이런 얘기가 많더라구요. 지금처럼 불안정한 시대에...",http://cafe.naver.com/koarane/214209,리얼리뷰 공유소ㅣ내돈내산 찐리뷰 커...,https://cafe.naver.com/koarane,0,4,0,0,4,False
배달 부업 후기,기타,안녕하세요3살된 남아아빠의 후기 글입니다...,않아 부업으로 버티면서 긴급복지를 받아 보다가 끊겨서 다시 재신청 5월 에 된다 하여 기다리고있는중입니다 ..! 아둥바둥 3살 아이를 키우려고 없는돈 있는돈 다 끌어다가 애한테 다 먹이는데 써서 ... 언제나 수중에는...,http://cafe.naver.com/cafe1535/1814059,복지 아는게 힘,https://cafe.naver.com/cafe1535,0,2,0,0,2,False
배달 부업 후기,배달,오늘 밤에 글 많겠다,"보험 배달투잡 배달알바 배달부업 요기요 배달대행 배달나라 ----------------------------------------------------------- 일커 하는 분들 후기, 배민 웃긴 놈들 지방이라고 배달료 깍을 거면, 지 네도 지방 상인들한테 수수료 덜 받아야지",http://cafe.naver.com/haejukdl/146995,배달나라 - 배민커넥트 쿠팡이츠 오토...,https://cafe.naver.com/haejukdl,0,6,0,0,6,False
배달 부업 후기,배달,"부업투잡 쿠팡플렉스 알바, 직장인도 할 수 있을까?","특히 요즘 날씨 추워지면 배달 일이 쉽진 않잖아요? 그래서 비 오는 날이나 추운 날은 쉬는 분들도 많다고 해요. 그만큼 장기적으로 계속하려면 부업 + 자동화소득 조합이 더 좋을 수도 있대요. 이거 듣고 나니까 ""아 진짜...",http://cafe.naver.com/koarane/140572,리얼리뷰 공유소ㅣ내돈내산 찐리뷰 커...,https://cafe.naver.com/koarane,0,6,0,0,6,False
배달 부업 후기,배달,월급이 부족하다면? 집에서 조용히 수익 내는 재택부업 현실 정리,"② 초기 비용이 거의 없다 오프라인 창업이나 배달 알바는 비용이나 이동이 필요하지만, 온라인 기반 부업은... 사람들의 후기가 있는지 체크하기 검증된 방법 + 비용 없이 시작 가능한 구조라면 일단 도전해볼 만하다고...",http://cafe.naver.com/koarane/434981,리얼리뷰 공유소ㅣ내돈내산 찐리뷰 커...,https://cafe.naver.com/koarane,0,8,0,0,8,False
배달 부업 후기,배달,배민커넥트 시작 전 꼭 알아야 할 주의사항 3가지,"(문 앞 놔주세요 이런 거) ✔️배달 끝나고 후기 남기면 가산점 + 콜 배정에 도움 돼요 ✔️무거운 주문... 근데 문제는 이걸 매일 하려면 체력+시간 투자도 크다는 거… 그래서 부업으로는 좋지만, 장기적으로는 좀...",http://cafe.naver.com/koarane/276376,리얼리뷰 공유소ㅣ내돈내산 찐리뷰 커...,https://cafe.naver.com/koarane,0,6,0,0,6,False
배달 부업 후기,배달,경기북부 근처 F3입차 투잡 부업 자리 찾아요,택배경력 3년차 입니다 이제 본업을 다른일로 구해서 택배를 부업 으로 하려고 해서 자리를... 아바사자 택배후기 쿠팡친구 택배스케너 택배노조 / 배민 배달의민족 요기요 쿠팡이츠 새벽배송 새벽배달,http://cafe.naver.com/skydydck/1101766,"택배종사자모임-택종카페, 택배기사,소...",https://cafe.naver.com/skydydck,0,6,0,0,6,False
배달 부업 후기,배달,단기알바 찾다가 요즘 뜨는 부업 루트까지 알게 됐어요!,단기알바 찾다가 요즘 뜨는 부업 루트까지 알게 됐어요! 진짜 말 그대로… 그냥 잠깐 하고 돈 벌 수 있는... *] 요즘은 단기알바도 트렌드가 있더라구요~ ✔️ 행사 스태프 ✔️ 물류센터 단기 ✔️ 도보배달 ✔️ 카페...,http://cafe.naver.com/koarane/256459,리얼리뷰 공유소ㅣ내돈내산 찐리뷰 커...,https://cafe.naver.com/koarane,0,4,0,0,4,False
배달 부업 후기,배달,경기 의정부시 배달전문점 매도합니다,무인/배달/분식/한식/중식/양식/일식/샤브샤브/돈까스/떡볶이/메가커피/공차/이디야커피/롯데리아... 추천/후기/프차/부업/투자/가게/마케팅/밀키트/폐쇄몰/은현장/장사의신/사장님도장사의신/씨유/크린토피아/비비큐...,http://cafe.naver.com/jangsin1004/405695,자영업자의 쉼터 [장사의신·소상공인...,https://cafe.naver.com/jangsin1004,0,6,0,2,4,False
배달 부업 후기,배달,경기 의정부시 배달전문점 매도합니다,무인/배달/분식/한식/중식/양식/일식/샤브샤브/돈까스/떡볶이/메가커피/공차/이디야커피/롯데리아... 추천/후기/프차/부업/투자/가게/마케팅/밀키트/폐쇄몰/은현장/장사의신/사장님도장사의신/씨유/크린토피아/비비큐...,http://cafe.naver.com/jangsin1004/407217,자영업자의 쉼터 [장사의신·소상공인...,https://cafe.naver.com/jangsin1004,0,6,0,2,4,False
배달 부업 후기,배달,우유배달알바 월 100 가능하다던데 사실일까,"사실 저도 요즘 용돈벌이 겸으로 슬슬 시작해보려구요ㅋㅋ [* 실제 후기 들어보니.. 이렇더라구요!... 이럴 땐 투잡이든 부업이든 하나쯤 준비해놓는 게 현명한 선택 아닐까요? 특히 우유배달알바처럼 시간 효율 좋고, 체력...",http://cafe.naver.com/koarane/249076,리얼리뷰 공유소ㅣ내돈내산 찐리뷰 커...,https://cafe.naver.com/koarane,0,6,0,0,6,False
배달 부업 후기,배달,"""B마트알바"" 요즘 뜨는 부업이라길래 솔직한 정보 한번 정리해봤어요!","어떤 일이에요?] B마트는 요즘 떠오르는 배달 전문 마트예요. 고객이 앱으로 주문하면, B마트 내부에서... 적다는 후기도 많았어요. 정리하자면, 내성적인 사람에게 딱 맞는 부업이라는 느낌? 야간 알바 찾고 있다면 한번쯤...",http://cafe.naver.com/koarane/344322,리얼리뷰 공유소ㅣ내돈내산 찐리뷰 커...,https://cafe.naver.com/koarane,0,4,0,0,4,False
배달 부업 후기,배달,우유배달 얼마나 벌 수 있는지 공개해봅니다,이제는 부업 하나라도 제대로 알아보고 시작해야 할 때더군요. 우유배달이란 게 새벽에만 잠깐 움직이면... ───────────────── [* 주변 반응과 실제 후기] 가족들 반응은 처음엔 걱정이 많았습니다....,http://cafe.naver.com/koarane/286242,리얼리뷰 공유소ㅣ내돈내산 찐리뷰 커...,https://cafe.naver.com/koarane,0,4,0,0,4,False
배달 부업 후기,배달,경기 구리 갈매동 배달매장 무권리 (매장이전으로인해),"현재 배달양이 너무 많아져서 조금더 큰 곳에서 장사를 하고자 이전하고자 합니다. 권리금은 없으며, 몸만... 추천/후기/프차/부업/투자/가게/마케팅/밀키트/폐쇄몰/은현장/장사의신/사장님도장사의신/씨유/크린토피아...",http://cafe.naver.com/jangsin1004/348265,자영업자의 쉼터 [장사의신·소상공인...,https://cafe.naver.com/jangsin1004,0,6,0,2,4,False
배달 부업 후기,배달,창원알바 직장인도 가능한 부업,"시간자유로운 부업이 인기 창원에서는 평일 저녁이나 주말에 할 수 있는 부업이 많더라구요 특히 배달대행... 있고, 후기까지 볼 수 있어요 ♀️ 자주 묻는 질문들 모아봤어요! Q. 시간 많지 않아도 가능한 알바...",http://cafe.naver.com/koarane/3419,리얼리뷰 공유소ㅣ내돈내산 찐리뷰 커...,https://cafe.naver.com/koarane,0,4,0,2,2,False
배달 부업 후기,배달,면허필요없는 접이식 전기자전거 추천해봐요~,"내돈내산 후기 꼼꼼히 살펴보고 , 최저가 추천해봅니다. 나노휠 라인S 면허필요없는 접이식 전기자전거 36V... 출퇴근길, 배달 부업, 주말 라이딩... 자전거 타고 싶지만, 언덕만 만나면 땀 범벅이 되는 현실이 너무...",http://cafe.naver.com/silver0989/3977,네사모 삼성 갤럭시북 갤럭시탭 로봇청...,https://cafe.naver.com/silver0989,0,4,0,2,2,False
배달 부업 후기,배달,주말부업 찾는분들요즘늘고있더라구요,"첫 번째는 단순 반복 작업(리뷰작성, 분류, 포스팅 등), 두 번째는 단기 오프라인 업무(행사스텝, 배달, 안내... 돌아간다는 후기가 많아요. 일자리 걱정, 부업 고민 있던 분들이 퍼널마케팅으로 해결됐다는 얘기… 정말 많이...",http://cafe.naver.com/koarane/212322,리얼리뷰 공유소ㅣ내돈내산 찐리뷰 커...,https://cafe.naver.com/koarane,0,4,0,0,4,False
배달 부업 후기,배달,주작 후기 입니다,"배민커넥트, 쿠팡이츠, 요기요, 카카오퀵, 오토바이, 정비, 보험, 배달투잡 배달부업 배달나라 항상 감사합니다 ----------------------------------------------------------- 제가 글삭튀 빤쓰런 해야되겠네욬ㅋ 미안합니다 형님들 ㅋㅋ",http://cafe.naver.com/haejukdl/115882,배달나라 - 배민커넥트 쿠팡이츠 오토...,https://cafe.naver.com/haejukdl,0,6,0,0,6,False
배달 부업 후기,배달,명절배달알바 하루만 해도 수익이 이렇게,"명절배달알바 하루만 해도 수익이 이렇게?! 솔직히 말해서, 저는 명절에 알바 안 하려고 했어요. 그냥... 만든 후기 - 퍼널 돌려놓고 본업+부업 병행하는 분들 아… 이걸 진작에 알았으면 좋았을 텐데 싶더라구요. [# 지금...",http://cafe.naver.com/koarane/33686,리얼리뷰 공유소ㅣ내돈내산 찐리뷰 커...,https://cafe.naver.com/koarane,0,6,0,0,6,False
배달 부업 후기,배달,배민커넥트와 배달알바의 결정적 차이점은?,그래서 오늘은 배민커넥트와 일반 배달 알바의 차이점부터 실제로 해본 사람들의 후기까지 쫙 정리해드릴게요 저처럼 배달 관련 부업에 관심 있는 분들께 진짜 도움 될 거예요!...,http://cafe.naver.com/koarane/261187,리얼리뷰 공유소ㅣ내돈내산 찐리뷰 커...,https://cafe.naver.com/koarane,0,4,0,2,2,False
배달 부업 후기,배달,피식이 -> 포르자 기변 한달 후기,아마 자기만족 하나뿐 아니겠냐는 사람들 거의 다 비깜키고 할배주행하는 사람들이거나 배달이 부업인 사람들이거나 아님 탈줄 아는 지역이 강남이나 종로밖에 없거나인데 나도 포르자로는 강남에선 절대 못타겠더라...,http://cafe.naver.com/nds07/4818560,"배달세상 :: 배달대행, 쿠팡이츠, 배민...",https://cafe.naver.com/nds07,0,4,0,0,4,False
배달 부업 후기,배달,취업보다 부업추천 제 선택은 틀리지 않았어요,"[* 부업이라고 해도 여러 종류가 있더라구요] 배달, 서빙, 단기 아르바이트도 생각해봤지만 시간 잡아먹고... [(주의) 겉만 번지르르한 건 피해야 해요] 저도 처음엔 반신반의하면서 알아봤는데 가짜 후기로 도배된 구조도...",http://cafe.naver.com/koarane/269463,리얼리뷰 공유소ㅣ내돈내산 찐리뷰 커...,https://cafe.naver.com/koarane,0,4,0,2,2,False
배달 부업 후기,배달,전주구인구직 하면서 인터넷부업까지 병행하는 분도 많아요,"예를 들면, **디저트 배달**, **핸드메이드 제품 판매**, **중고 리셀** 같은 부업이 인기 많고요. 특히... 실제 후기 모아봤어요] 제가 운영하는 블로그 통해서 만난 전주 사는 언니들 후기예요. “애기幼稚園 보내놓고 글쓰기...",http://cafe.naver.com/koarane/177649,리얼리뷰 공유소ㅣ내돈내산 찐리뷰 커...,https://cafe.naver.com/koarane,0,6,0,0,6,False
배달 부업 후기,배달,"요즘 뜨는 쿠팡배달파트너, 이건 꼭 알아두세요","요즘 뜨는 쿠팡배달파트너, 이건 꼭 알아두세요 제가 요즘 주위에서 가장 많이 듣는 부업 중 하나가 바로... 생각보다 스트레스 없이 배달할 수 있다는 후기가 많았어요! 무엇보다 내가 원할 때만 한다는 게 진짜 꿀이죵...",http://cafe.naver.com/koarane/18381,리얼리뷰 공유소ㅣ내돈내산 찐리뷰 커...,https://cafe.naver.com/koarane,0,4,0,0,4,False
배달 부업 후기,배달,리터급 오토바이로 배달하고 싶은 형들? 5개월 차 후기,3월달부터 리터급 바이크로 배달 했어 형들 바이크는 아프리카 트윈 es 요렇게 생긴 바이크야 쿼터스쿠터로... 여기는 부업으로 다른 수입창구가 있어야 해 유지비보다는 체력 소모가...너무 커서 일을 예전만큼 못해...,http://cafe.naver.com/nds07/4963077,"배달세상 :: 배달대행, 쿠팡이츠, 배민...",https://cafe.naver.com/nds07,0,4,0,0,4,False
배달 부업 후기,배달,쿠팡배달알바 하고 계신분들 이것 때문에 힘들다네요,"제가 요즘 부업으로 뭘 해볼까 고민하다가 쿠팡배달알바 쪽을 좀 알아봤거든요. 근데 막상 해보신 분들... 실제 후기를 보면…] 수익은 지역, 시간대, 물량에 따라 완전 천차만별이에요. 서울은 좀 괜찮은 편인데, 지방은...",http://cafe.naver.com/koarane/319989,리얼리뷰 공유소ㅣ내돈내산 찐리뷰 커...,https://cafe.naver.com/koarane,0,6,0,0,6,False
배달 부업 후기,배달,"신문배달알바, 새벽시간을 활용하는 투잡의 정석",요즘 들어 부업에 대한 관심이 부쩍 많아졌죠. 특히 은퇴를 앞둔 분들이나 직장을 다니면서 새벽시간을... ───────────────── [# 실제 해본 사람들의 후기는?] 제가 알던 형님이 신문배달을 하신 지 벌써...,http://cafe.naver.com/koarane/270227,리얼리뷰 공유소ㅣ내돈내산 찐리뷰 커...,https://cafe.naver.com/koarane,0,6,0,2,4,False
배달 부업 후기,배달,의정부부업 괜찮은 거 있을까요? 요즘 너무 힘드네요,"대리운전이나 배달을 하자니 시간 맞추기가 어렵더라구요. 온라인으로 할 수 있는 부업도 좀 알아봤는데, 어디서부터 시작해야 할지 몰라서 망설이고 있어요. 실제로 돈 벌었다는 후기들을 보면 혹하게 되는데, 또 막상...",http://cafe.naver.com/koarane/234369,리얼리뷰 공유소ㅣ내돈내산 찐리뷰 커...,https://cafe.naver.com/koarane,0,4,0,0,4,False
배달 부업 후기,배달,라이더부업 퇴근 후 선택하는 이유 정리,───────────────── [라이더부업 기본 구조] 라이더부업은 앱 켜고 바로 시작할 수 있다는 게 가장 큰 특징이에요. 출근 개념 없이 원하는 시간에만 움직이면 되니까요. 배달 건수만큼 바로 수익이 쌓이는...,http://cafe.naver.com/koarane/255491,리얼리뷰 공유소ㅣ내돈내산 찐리뷰 커...,https://cafe.naver.com/koarane,0,6,0,0,6,False
배달 부업 후기,배달,초보 부업러 오도바이 1달 후기 (장문 데이터 주의),초보 부업러 한달 150을 목표로 타는 중 -ing 처음 타던 아이마d10 pro 2주타고 당근해버렸습니다. 동생의 도움으로 배달 기초 아이템 풀셋팅 장착 사실 pcx사고 싶었는데 돈이 없었... 고되도 매일 타려하는 중 자빠지고 다...,http://cafe.naver.com/nds07/4746005,"배달세상 :: 배달대행, 쿠팡이츠, 배민...",https://cafe.naver.com/nds07,0,4,0,0,4,False
배달 부업 후기,배달,부업으로 쿠팡배달파트너 하면 진짜 돈 벌 수 있는지 알려드림,쿠팡배달파트너 할 때 주의할 점!] ✔️ 물류센터마다 분위기가 다르니까 후기도 꼭 참고하세요 ✔️ 날씨... 제 경험상 쿠팡배달파트너는 시간활용을 잘하면 확실히 쏠쏠한 부업이에요. 근데 체력 소모가 좀 있는 편이라...,http://cafe.naver.com/koarane/41657,리얼리뷰 공유소ㅣ내돈내산 찐리뷰 커...,https://cafe.naver.com/koarane,0,4,0,0,4,False
배달 부업 후기,배달,인천 주안동. 배달가게 임대합니다,갈수있어 배달하시기엔 최적의 위치입니다 개별화장실 창고도 있어 좋습니다 (튀김기.화구3구.전자렌지.... 추천/후기/프차/부업/투자/가게/마케팅/밀키트/폐쇄몰/은현장/장사의신/사장님도장사의신/씨유/크린토피아...,http://cafe.naver.com/jangsin1004/365449,자영업자의 쉼터 [장사의신·소상공인...,https://cafe.naver.com/jangsin1004,0,6,0,2,4,False
배달 부업 후기,배달,소액창업 관심있다면 배달창업 후기부터 봐야함!,"소액창업 관심있다면 배달창업 후기부터 봐야함! 혹시 요즘 소액창업에 관심있는 분들 계신가요? 저도 직장... 저처럼 정보 찾는 데만 몇 달 쏟아붓는 사람들도 많고요… 그래서 저는 온라인에서 소자본 창업, 부업 이런 쪽...",http://cafe.naver.com/koarane/185420,리얼리뷰 공유소ㅣ내돈내산 찐리뷰 커...,https://cafe.naver.com/koarane,0,4,0,0,4,False
배달 부업 후기,배달,[열중10기 37조 퓨어프리지아] #23/20+3 독서후기 - 부업왕 엄마의 방구석 돈공부,"월급쟁이 부자들 독서스터디 :: 후기 책 제목(책제목 + 저자) : 부업왕 엄마의 방구석 돈공부 / 안선우 저자... 싶어서 부업을 시작했지만, 자신의 정체성을 찾아가는 과정이다. 벤치마킹 1. 식비절약 하자(외식X, 배달X) 2....",http://cafe.naver.com/wecando7/2842501,월급쟁이부자들 (직장인 재테크 부동산...,https://cafe.naver.com/wecando7,0,4,0,0,4,False
배달 부업 후기,배달,"배민배달알바 후기, 쿠팡이츠랑 비교해봤어요","배민배달알바 후기, 쿠팡이츠랑 비교해봤어요 혹시 배달 알바 해볼까 고민하시는 분들 계세요? 저는 최근에... 외에 부업으로 짬짬이 수익 내고 싶은 분들에겐 배민배달알바 진짜 괜찮은 선택지라고 생각해요. 다만, 계속...",http://cafe.naver.com/koarane/191016,리얼리뷰 공유소ㅣ내돈내산 찐리뷰 커...,https://cafe.naver.com/koarane,0,6,0,0,6,False
배달 부업 후기,배달,배민커넥트 부업으로 월 100 가능? 현실은 이랬음!,"있는 부업?] 일단 결론부터 말하면, 진짜 누구나 시작할 수 있어요. 배달통이 없으면 자전거로도 가능하고요.... 이런 후기도 종종 보이더라구요. 저도 개인적으로는 ""간단한 부업""으로는 괜찮다고 생각했어요! 근데...",http://cafe.naver.com/koarane/251253,리얼리뷰 공유소ㅣ내돈내산 찐리뷰 커...,https://cafe.naver.com/koarane,0,4,0,2,2,False
배달 부업 후기,배달,카페양도양수 초보자도 괜찮을까? 현실 후기 모음,"요즘은 SNS 홍보, 네이버 지도 노출, 배달앱 후기 관리가 핵심이에요! 실제로 리뷰만 잘 관리해도 재방문율이... 요즘은 하루 1시간 투자로도 할 수 있는 자동화 온라인 부업이 정말 많더라구요. 특히나 매장운영과...",http://cafe.naver.com/koarane/254866,리얼리뷰 공유소ㅣ내돈내산 찐리뷰 커...,https://cafe.naver.com/koarane,0,6,0,0,6,False
배달 부업 후기,배달,돈되는부업 직장인부업으로 괜찮나 체감,"배달, 재택알바, 온라인부업까지 종류도 다양해졌구요. 특히 돈되는부업 쪽은 초기비용 적은 걸 다들... 리얼 후기] 지인 중에 회사 다니면서 부업으로 월 수익 만드는 분이 있어요. 처음엔 저도 반신반의했는데, 실제로...",http://cafe.naver.com/koarane/303176,리얼리뷰 공유소ㅣ내돈내산 찐리뷰 커...,https://cafe.naver.com/koarane,0,10,0,0,10,False
배달 부업 후기,배달,"좌담회알바 실제 수익과 후기, 생각보다 괜찮네요","요즘 진짜 알바 구하기 너무 힘들지 않나요ㅠ 저도 학교 다니면서 할 수 있는 부업 찾다가 알게 된 게 바로... 예를 들면 ""요즘 쇼핑 습관"", ""화장품 브랜드 인식"", ""배달앱 후기"" 같은 거요! 그걸 기업이나 리서치 회사가...",http://cafe.naver.com/koarane/277356,리얼리뷰 공유소ㅣ내돈내산 찐리뷰 커...,https://cafe.naver.com/koarane,0,6,0,0,6,False
배달 부업 후기,배달,쿠팡퀵플렉스 일당부터 꿀팁까지 전부 모아봄,"방법, 후기, 꿀팁까지 싹 정리해봤어요! ───────────────── [# 쿠팡퀵플렉스, 어떤... 자유배달! ───────────────── [# 요즘 부업, 이걸로 충분할까?] 이상으로 쿠팡퀵플렉스에 대한...",http://cafe.naver.com/koarane/302878,리얼리뷰 공유소ㅣ내돈내산 찐리뷰 커...,https://cafe.naver.com/koarane,0,4,0,0,4,False
배달 부업 후기,배달,새롭게 시작하는 한 주도 배달합니다.,새롭게 시작하는 한 주도 좋은글 배달합니다.. 하단 지우지마세용 ⭐자영업자의 쉼터 [장사의신·소상공인... 추천/후기/프차/부업/투자/가게/마케팅/밀키트/폐쇄몰/은현장/장사의신/사장님도장사의신/씨유/크린토피아...,http://cafe.naver.com/jangsin1004/345998,자영업자의 쉼터 [장사의신·소상공인...,https://cafe.naver.com/jangsin1004,0,6,0,2,4,False
배달 부업 후기,배달,서울 강서구 화곡동 배달전문점 매도합니다(급매)(무권리),"매물 요약 - 업종 : 배달전문점 - 주소 : 서울시 강서구 화곡동 - 보증금 : 1,000 - 월세 : 105(부가세별도)... 추천/후기/프차/부업/투자/가게/마케팅/밀키트/폐쇄몰/은현장/장사의신/사장님도장사의신/씨유/크린토피아/비비큐...",http://cafe.naver.com/jangsin1004/352825,자영업자의 쉼터 [장사의신·소상공인...,https://cafe.naver.com/jangsin1004,0,6,0,2,4,False
배달 부업 후기,배달,전자 2주째 고민중인데 도와주세요..,"전자 상품을 몇번 본 뒤로 외관, 성능, 후기 등등 계속 찾아보며 세가지로 상품을 추려봤는데요.. 선택에 도움을 주시면 정말 고맙겠습니다. 전자의 구매 목적은 출퇴근, 배달 부업등의 목적이구요. 서울에 직장을...",http://cafe.naver.com/eletricmotors/196986,전달사 -전기자전거로 달리는 사람들,https://cafe.naver.com/eletricmotors,0,4,0,2,2,False
배달 부업 후기,배달,직장인주말알바로 인기 많은 배달알바 후기 썰,그 중에서도 요즘 핫하다는 '배달알바'에 대해 이것저것 살펴본 후기 들려드릴게요! 그리고 뒤에서 진짜...... [ 배달알바보다 핫하다는 ‘복붙 알바’?] 최근엔 '글만 복사해서 붙이는 방식의 온라인 부업'이 떠오르고...,http://cafe.naver.com/koarane/117588,리얼리뷰 공유소ㅣ내돈내산 찐리뷰 커...,https://cafe.naver.com/koarane,0,4,0,0,4,False
배달 부업 후기,배달,돈 되는 부업 찾는다면 이것만은 꼭 체크하세요,"───────────────── [ 단순 노가다는 오래 못 갑니다] 예전엔 서빙, 청소, 배달 알바 이런... 솔직히 이 정도면 부업 진입장벽 거의 제로입니다. ───────────────── [ 후기 몇 가지...",http://cafe.naver.com/koarane/192595,리얼리뷰 공유소ㅣ내돈내산 찐리뷰 커...,https://cafe.naver.com/koarane,0,4,0,0,4,False
배달 부업 후기,배달,대학생부업추천 무자본으로 시작하는 스마트한 수익팁,"하는 부업은?] 의외로 마케팅 계열이 강세에요. 예전에는 쿠팡플렉스, 배달 같은 게 주였지만 지금은 블로그... ───────────────── [# 실제 후기들 들어보면 더 놀라움] 같은 과 후배 중 한 명은, 처음에...",http://cafe.naver.com/koarane/181049,리얼리뷰 공유소ㅣ내돈내산 찐리뷰 커...,https://cafe.naver.com/koarane,0,8,0,2,6,False
배달 부업 후기,배달,쇼바키트 + 순정쇼바,"pcx이며 배달 부업으로 조금씩만 했어요 , 본인 75kg ) 다만 겉부분은 세월의 흔적이 있습니다 쇼바키트는... 사용후기는 커뮤니티에 많으니 찾아보시는걸로..^^ 당장 쇼바 성능에 문제생기셔서 통으로...",http://cafe.naver.com/pcxlife/382255,PCX Life,https://cafe.naver.com/pcxlife,0,4,0,0,4,False
배달 부업 후기,배달,"저녁알바, 요즘 주목받는 부업 꿀팁!","저녁알바, 요즘 주목받는 부업 꿀팁! 혹시 퇴근 후 저녁시간을 알차게 활용하고 싶은 분 계실까요? 요즘... 특히 배달, 카페, 편의점, 온라인 재택알바 등 다양한 선택지가 있어요. 제가 주변에서 들은 바로는, 카페에서...",http://cafe.naver.com/koarane/94502,리얼리뷰 공유소ㅣ내돈내산 찐리뷰 커...,https://cafe.naver.com/koarane,0,6,0,0,6,False
배달 부업 후기,배달,14t -> 15t 업글 후기,부업으로 배달 하고있습니다. 1단 기어비가 너무 짧고 힘이 넘치는것에 좀 불만이었는데 업글후 대 만족입니다. 최고속도 향상은 관심없구요 1단 사용시간이 늘어남에 따라 초반 스피드가 빨라졌고 부드러워 졌습니다...,http://cafe.naver.com/supercub/276619,헬로 슈퍼커브,https://cafe.naver.com/supercub,0,4,0,0,4,False
배달 부업 후기,배달,"전기오토바이, 더 이상 속지 말고 직접 확인하세요!","이누리에서 지난 4년간 수천 대의 차량을 국내 시장에 공급하면서 축적한 실제 운행 데이터, 고객 후기... 1️⃣ 플러그인 모델 (V1, OK1 SOLO) • 완충 시간: 약 3시간 30분 • 권장 용도: 출퇴근, 근거리 이동, 부업 배달...",http://cafe.naver.com/nds07/4996929,"배달세상 :: 배달대행, 쿠팡이츠, 배민...",https://cafe.naver.com/nds07,0,4,0,0,4,False
배달 부업 후기,스마트스토어,직장인부업 요즘은 스마트스토어보다 이게 핫하대요 ㅎㅎ,결국 부업을 알아보게 됐어요! 스마트스토어나 배달알바도 고민해봤는데... 요즘엔 그보다 더 간편하고... 쌓인다는 후기들 보고 저도 열심히 하고 있는 중이에요. ──────────────────── [* 수익...,http://cafe.naver.com/koarane/310661,리얼리뷰 공유소ㅣ내돈내산 찐리뷰 커...,https://cafe.naver.com/koarane,0,8,0,0,8,False
배달 부업 후기,기타,부업 쿠린이의 퍼플2일차 후기 / 선배님들의 조언여쭙니다,"부업 쿠린이입니다 / 지역 파주 명절에 건수를 채우고 부업시작하고 처음으로 퍼플을달았습니다(그전까지는 블루유지) 간략하게 파주지역으로 해본결과 밤6-오후11시타임 콜 -> 단거리보다는 중장타 위주가많음, 배민...",http://cafe.naver.com/nds07/5079301,"배달세상 :: 배달대행, 쿠팡이츠, 배민...",https://cafe.naver.com/nds07,0,2,0,0,2,False
배달 부업 후기,배달,배달 대행 창업 후기 수익전망 궁금해지죠?,배달 대행 창업 후기 수익전망 궁금해지죠? 요즘 제가 주변에서 제일 많이 듣는 말이 “배달 대행 창업... 특히 요즘은 하루 1시간 정도만 투자해도 자동화로 돌아가는 온라인 부업이 진짜 많아지고 있더라구요ㅎㅎ...,http://cafe.naver.com/koarane/132241,리얼리뷰 공유소ㅣ내돈내산 찐리뷰 커...,https://cafe.naver.com/koarane,0,8,0,2,6,False
배달 부업 후기,배달,"금천구 독산동 배달,홀 매장 양도합니다.",식세기도 설치하려고 두었지만 아직 세팅전입니다 바닥 타일및 3면이 유리라 배달매장으로 쓰기엔 너무... 추천/후기/프차/부업/투자/가게/마케팅/밀키트/폐쇄몰/은현장/장사의신/사장님도장사의신/씨유/크린토피아...,http://cafe.naver.com/jangsin1004/353231,자영업자의 쉼터 [장사의신·소상공인...,https://cafe.naver.com/jangsin1004,0,6,0,2,4,False
배달 부업 후기,배달,쿠팡알바비 언제 들어오는지 궁금해서 찾아봤습니다,"비 오거나 더운 날은 배달이 더 힘들고요, 아파트 복도 뛸 땐 진짜 이게 부업이 아니라 체력 단련이더라구요.... la/YcHQBcj. . "" "" "" "" #쿠팡알바후기 #쿠팡부업 #자동화마케팅 #퍼널파트너 #온라인부업강추",http://cafe.naver.com/koarane/209150,리얼리뷰 공유소ㅣ내돈내산 찐리뷰 커...,https://cafe.naver.com/koarane,0,4,0,2,2,False
배달 부업 후기,배달,"천안에서 할 수 있는 현실적인 부업, 나도 드디어 찾았어요","있는 부업들을 이것저것 알아보게 되었어요. 생각보다 정보가 많고, 실제로 실행해본 후기들이... 다양한 부업이 가능하더라구요. 최근엔 배달대행, 지역 온라인 마켓, 지역 홍보 아르바이트 등이 인기가 많대요. 특히...",http://cafe.naver.com/koarane/183937,리얼리뷰 공유소ㅣ내돈내산 찐리뷰 커...,https://cafe.naver.com/koarane,0,4,0,0,4,False
배달 부업 후기,스마트스토어,플랫폼노동 부업 하는 사람들 늘어난 이유,"요즘 제 주변에 플랫폼노동으로 부업 시작하는 친구들이 진짜 많아졌어요. 배달, 쇼핑몰, 블로그, SNS까지... ───────────────── [# 주변 후기만 봐도 엄청납니다] 친구 하나는 퇴근 후 1시간씩 투자해서...",http://cafe.naver.com/koarane/40891,리얼리뷰 공유소ㅣ내돈내산 찐리뷰 커...,https://cafe.naver.com/koarane,0,10,0,0,10,False
배달 부업 후기,배달,오늘 점심 오징어덮밥 반찬완전 -백반배달맛집은혜식당,무인/배달/분식/한식/중식/양식/일식/샤브샤브/돈까스/떡볶이/메가커피/공차/이디야커피/롯데리아... 추천/후기/프차/부업/투자/가게/마케팅/밀키트/폐쇄몰/은현장/장사의신/사장님도장사의신/씨유/크린토피아/비비큐/bhc...,http://cafe.naver.com/jangsin1004/378239,자영업자의 쉼터 [장사의신·소상공인...,https://cafe.naver.com/jangsin1004,0,6,0,2,4,False
배달 부업 후기,기타,프리랜서대출 조건부터 승인팁까지 한 번에 정리해봤어요!,"놀랐어요ㅎㅎ 후기 보니까 50대, 60대 분들도 쉽게 따라하고 수익인증 올리는 경우가 많더라구요. 단순 복사붙여넣기 방식으로도 가능하다는 이야기가 많아서 온라인부업 처음 시작하는 분들에게도 부담이 적은...",http://cafe.naver.com/koarane/568088,리얼리뷰 공유소ㅣ내돈내산 찐리뷰 커...,https://cafe.naver.com/koarane,0,4,0,0,4,False
배달 부업 후기,배달,배달이 늦어서 죄송합니다.,무인/배달/분식/한식/중식/양식/일식/샤브샤브/돈까스/떡볶이/메가커피/공차/이디야커피/롯데리아... 추천/후기/프차/부업/투자/가게/마케팅/밀키트/폐쇄몰/은현장/장사의신/사장님도장사의신/씨유/크린토피아/비비큐/bhc...,http://cafe.naver.com/jangsin1004/344547,자영업자의 쉼터 [장사의신·소상공인...,https://cafe.naver.com/jangsin1004,0,6,0,2,4,False
배달 부업 후기,배달,"강서구,양천구(화곡동,목동)중간위치 홀있는 배달매장 내놓습니다",매물 요약 - 업종 : 한식중식?퓨전 배달매장 - 주소 : 서울 양천구 목동 717-4 1층 - 보증금 : 1000 - 월세 : 80... 추천/후기/프차/부업/투자/가게/마케팅/밀키트/폐쇄몰/은현장/장사의신/사장님도장사의신/씨유/크린토피아...,http://cafe.naver.com/jangsin1004/362002,자영업자의 쉼터 [장사의신·소상공인...,https://cafe.naver.com/jangsin1004,0,6,0,2,4,False
배달 부업 후기,배달,"우유배달알바 월수익, 진짜로 100만원 넘길 수 있나요?","배달’이었어요! 그래서 오늘은 우유배달알바가 어떤 일인지, 실제로 수익은 얼마나 되는지, 현실적인 후기... ───────────────── [# 부업으로 시작하기 괜찮은 편이에요!] 이상으로 ""우유배달알바""에...",http://cafe.naver.com/koarane/156217,리얼리뷰 공유소ㅣ내돈내산 찐리뷰 커...,https://cafe.naver.com/koarane,0,6,0,0,6,False
배달 부업 후기,배달,주말에 뭐하지? 요즘 핫한 주말부업 직접 해봤습니다!,"건 배달, 쿠팡 플렉스, 알바몬 부업 이런 거죠. 근데 진짜 시간 대비 힘든 건 피하자! 싶었고, 그래서 비대면... 주말부업 찾는 방법] 진짜 주말부업 잘 찾으려면, 무조건 커뮤니티나 후기 많은 곳에서 찾아야 돼요! 블로그...",http://cafe.naver.com/uouv96/2049,오늘도 달린다 ㅣ영업·창업·부업 ㅣ...,https://cafe.naver.com/uouv96,0,6,0,0,6,False
배달 부업 후기,배달,수원부업 요즘 제일 잘 나가는 방법 공개!,"바로 '배송·배달 관련 부업'이에요. 특히 쿠팡플렉스나 요기요익스프레스 같은 플랫폼 부업이 많아요. 하루 몇 시간만 투자해도 월 몇십 벌었다는 후기들이 꽤 있더라구요! 다만 체력은 조금 써야 하니까, 시간 여유나...",http://cafe.naver.com/koarane/310243,리얼리뷰 공유소ㅣ내돈내산 찐리뷰 커...,https://cafe.naver.com/koarane,0,6,0,0,6,False
배달 부업 후기,배달,"주말배달알바, 생각보다 체력보다 정신이 더 힘들었던 이유","주말배달알바부터 시작해서 정말 다양한 부업 일자리 정보를 찾아봤었는데, 그 중에서 가장 가능성이 높은건 자동화퍼널마케팅이었다는 나의 후기를 공유해볼게요. 내가 원하는 시간에 일하고, 수익구조가 자동이라는게...",http://cafe.naver.com/koarane/204951,리얼리뷰 공유소ㅣ내돈내산 찐리뷰 커...,https://cafe.naver.com/koarane,0,6,0,0,6,False
배달 부업 후기,배달,직장인 주말알바 돈되는 부업 찾는다면?,"이건 제가 해봤는데, 진짜 돈벌이 되더라구요… 후기 남기는 것도 꿀잼이었어요... 배달앱 부업 6. 시험감독관, 촬영보조 등 주말 한정 오프라인 알바 특히 GPT 같은 AI 툴 잘 활용하면 콘텐츠 제작 시간도 아낄 수 있어요...",http://cafe.naver.com/koarane/375421,리얼리뷰 공유소ㅣ내돈내산 찐리뷰 커...,https://cafe.naver.com/koarane,0,6,0,0,6,False
배달 부업 후기,배달,"요즘 당근마켓부업 알아보는데, 이게 진짜 괜찮은 건가요?","크게는 중고 물품 판매, 재능 나눔, 동네 심부름, 소규모 배달 등 다양한 형태가 있죠. 가장 큰 매력은 역시... 같은 후기들을 쉽게 찾아볼 수 있답니다. 당근마켓부업 단점과 주의할 점 하지만 솔직히 모든 일이 장밋빛만은...",http://cafe.naver.com/koarane/154127,리얼리뷰 공유소ㅣ내돈내산 찐리뷰 커...,https://cafe.naver.com/koarane,0,4,0,0,4,False
배달 부업 후기,배달,*배달 이유식 후기* 얌이밀,배달 이유식 후기에용 우리아가는 배달 이유식 먹이는데요 엄마도 힘들도 아가도 힘들고하니 여러가지를... ㅎㅎ 부업으로 병이라도 모아서 팔까봐용 ㅎㅎㅎㅎ 얌이밀은 재료도 국내산이고... 다 좋은데 주방사진도...,http://cafe.naver.com/moymoy/354313,"★마더스 카페★ 책공구,교육,육아,코...",https://cafe.naver.com/moymoy,0,4,0,0,4,False
배달 부업 후기,배달,안녕하세요 택배 시작하려 하는데 선배님들 질문드립니다,"3년전에 음료 물류센터에서 계약직으로 1년정도 3.5톤 배송일, 부업으로 오토바이배달일을 해본 경험이... 택배후기 쿠팡친구 택린이 택배입문 택배기사입문 전국택배구인구직 전택구 화물운송종사자자격증 쿠친...",http://cafe.naver.com/skydydck/1162265,"택배종사자모임-택종카페, 택배기사,소...",https://cafe.naver.com/skydydck,0,4,0,2,2,False
배달 부업 후기,배달,배달 매장 홍보 어떻 하고 계세요??,배달 전문 매장을 운영하고 계신가요? 홍보는 어떤 방식으로 하고 계신지 궁금합니다. 재주문 고객은 많은데... 추천/후기/프차/부업/투자/가게/마케팅/밀키트/폐쇄몰/은현장/장사의신/자영업자의쉼터/씨유/크린토피아...,http://cafe.naver.com/jangsin1004/371282,자영업자의 쉼터 [장사의신·소상공인...,https://cafe.naver.com/jangsin1004,0,6,0,4,2,False
배달 부업 후기,배달,투잡 배달중 다쳐서 산재신청후 본업은 휴업급여에 포함 안되나요?,"(상습적인 게시판규칙 미준수 행위 제재합니다.) - 글제목에 특수문자나 이모티콘 사용금지입니다.(과도한 !,?,초성어등 관심유도행위 절대 금지) ----------------------------- - 투잡으로 배민1 배달중 다쳐서 4주 산재처리하고...",http://cafe.naver.com/nds07/3698144,"배달세상 :: 배달대행, 쿠팡이츠, 배민...",https://cafe.naver.com/nds07,0,4,0,0,4,False
배달 부업 후기,배달,부업 보름차 후귀,저의 후기를 참고하시라고 작성합니다 ^^. 본업이 있는지라 부업으로 오후 3~4시간 정도 생각하고... 6월 3일 신차 내리고 얼마 타진 않았네요 ^^ 주말에는 턴덤으로 여기저기 바람좀 쐬고 다니고 평일 오후나 짬짬이 배달했...,http://cafe.naver.com/nds07/4834299,"배달세상 :: 배달대행, 쿠팡이츠, 배민...",https://cafe.naver.com/nds07,0,4,0,0,4,False
배달 부업 후기,배달,케이터링 박스 / 홈파티 박스 / 포장용기 / 배달용기 구합니다,무인/배달/분식/한식/중식/양식/일식/샤브샤브/돈까스/떡볶이/메가커피/공차/이디야커피/롯데리아... 추천/후기/프차/부업/투자/가게/마케팅/밀키트/폐쇄몰/은현장/장사의신/사장님도장사의신/씨유/크린토피아/비비큐/bhc...,http://cafe.naver.com/jangsin1004/349196,자영업자의 쉼터 [장사의신·소상공인...,https://cafe.naver.com/jangsin1004,0,6,0,2,4,False
배달 부업 후기,배달,"쿠팡이츠배달파트너 후기, 진짜 하루 10만원 벌까?","쿠팡이츠배달파트너의 조건, 수익, 그리고 실제 후기까지 싹~ 정리해서 공유해볼게요! [# 요즘 왜 다들... 자유로운 부업 찾는 워킹맘, 주부님들 - 체력은 자신 있고, 야외활동 좋아하는 분 - 가게 창업 같은 건...",http://cafe.naver.com/koarane/61383,리얼리뷰 공유소ㅣ내돈내산 찐리뷰 커...,https://cafe.naver.com/koarane,0,6,0,0,6,False
배달 부업 후기,배달,"배달의민족 B마트 알바, 요즘 구직사이트에서도 많이 보이더라구요! 직접 조사해봤습니다!","배달의민족 B마트 알바, 요즘 구직사이트에서도 많이 보이더라구요! 직접 조사해봤습니다! 요즘 단기... 가능해서 부업으로도 적합해요. ───────────────── [# 배민 B마트 알바 후기 요약] 제가 직접...",http://cafe.naver.com/koarane/306873,리얼리뷰 공유소ㅣ내돈내산 찐리뷰 커...,https://cafe.naver.com/koarane,0,4,0,0,4,False
배달 부업 후기,배달,쿠팡이츠 첫 배달 1시간 해 본 후기,나왔는데 부업으로 딱 좋은듯 어차피 본업은 있으니 빡빡하게 안할거고 올 연말에 삿포로 여행갈건데 비행기 값이나 벌자라는 마인드 만약 본인이 집에서 놀고 있다? 퍼질러 잔다? 컴터만 한다? 전기자전거나 도보나 배달...,http://cafe.naver.com/dieselmania/44422817,●디젤매니아● 대한민국 일등 패션 커...,https://cafe.naver.com/dieselmania,0,4,0,0,4,False
배달 부업 후기,배달,"쿠팡배달파트너, 정말 부업으로 계속 해도 괜찮을까?",그래서인지 퇴근 후나 주말에 할 수 있는 배달 부업에 관심 가지는 분들이 많아진 느낌이에요. 저도 단순히... ───────────────── [직접 해본 사람들 후기에서 많이 나오는 말] 처음엔 생각보다 괜찮다고...,http://cafe.naver.com/koarane/366943,리얼리뷰 공유소ㅣ내돈내산 찐리뷰 커...,https://cafe.naver.com/koarane,0,4,0,2,2,False
배달 부업 후기,배달,쿠팡이츠 배달 알바 후기 정리해서 올려요.,"저는 20대 대학생인데, 수업 끝나고 저녁 시간에 짬짬이 일할 수 있는 부업을 찾다가 쿠팡이츠 배달 알바를 시작하게 됐어요ㅎㅎ 처음엔 무서웠는데 생각보다 할만해서, 제 후기를 솔직하게 정리해봤어요! [# 시작 전...",http://cafe.naver.com/koarane/55487,리얼리뷰 공유소ㅣ내돈내산 찐리뷰 커...,https://cafe.naver.com/koarane,0,4,0,0,4,False
배달 부업 후기,배달,"시간알바 찾는 사람들, 꿀조합 부업까지 알아봐요","역시 배달이나 카페 알바인데요, 요즘은 그것보다 더 편하고, 유연하게 할 수 있는 것들이 많더라구요. 예를... 확인하기 ✔️ 후기 많은 서비스 위주로 시도하기 ✔️ 한 번쯤은 부업 커뮤니티에서 팁 얻기 저는 맨날...",http://cafe.naver.com/koarane/142727,리얼리뷰 공유소ㅣ내돈내산 찐리뷰 커...,https://cafe.naver.com/koarane,0,4,0,0,4,False
배달 부업 후기,배달,금천구 배달전문할 매장 구합니다,매물 요약 - 업종 : 배달전문점 - 주소 : 금천구내이면 좋겠습니다 - 보증금 : - 월세 : - 권리금 : - 월매출... 추천/후기/프차/부업/투자/가게/마케팅/밀키트/폐쇄몰/은현장/장사의신/사장님도장사의신/씨유/크린토피아/비비큐...,http://cafe.naver.com/jangsin1004/350114,자영업자의 쉼터 [장사의신·소상공인...,https://cafe.naver.com/jangsin1004,0,8,0,2,6,False
배달 부업 후기,배달,쿠팡주말알바 하루에 몇 건 배달하면 괜찮을까요?,"운전 + 배달이라 살짝 있긴 한데, 그래도 일하는 시간이 짧아서 퇴근하고 나면 개운~하다는 후기도... ───────────────── [ 쿠팡주말알바, 왜 갑자기 뜨는 걸까?] 요즘 부업 찾는 분들 사이에서...",http://cafe.naver.com/koarane/350106,리얼리뷰 공유소ㅣ내돈내산 찐리뷰 커...,https://cafe.naver.com/koarane,0,4,0,0,4,False
배달 부업 후기,배달,배달의민족배달알바 하루 수익 얼마나 될까,분들 후기도 많이 봤어요. 이 경우엔 15만 원 이상 버는 분들도 꽤 있더라구요. 물론 오토바이 유지비... 지역에 따라 자차 배달도 가능해요. Q. 고정 수입으로 괜찮을까요? A. 고정보단 단기·부업으로 보는 게 현실적이에요....,http://cafe.naver.com/koarane/289950,리얼리뷰 공유소ㅣ내돈내산 찐리뷰 커...,https://cafe.naver.com/koarane,0,6,0,0,6,False
배달 부업 후기,배달,"쿠팡이츠배달파트너 vs 배민, 누가 더 잘 벌까용?","특히나 쿠팡이츠, 배민커넥트는 초기비용도 거의 없고, 주변에서도 ""일한 만큼 벌 수 있다!"" 라는 후기가... 배달부업도 좋지만, 진짜 대박은 요즘 뜨는 ""자동화 온라인 부업""이더라구요! SNS에서 진짜 핫한 그 분야… 바로...",http://cafe.naver.com/koarane/54801,리얼리뷰 공유소ㅣ내돈내산 찐리뷰 커...,https://cafe.naver.com/koarane,0,6,0,0,6,False
배달 부업 후기,배달,알바몬서울로 알아보는 서울 알바 트렌드와 온라인부업 전략,"매장, 배달 이런 전통적인 알바는 여전히 많지만 요즘 젊은 친구들은 시간·장소 구애 적은 온라인 알바나... 고민 + 부업 고민 동시에 해결할 기회일 듯 싶어요 ■실제 수익자 후기가 궁금하다면?■ ↓↓[3분 후기...",http://cafe.naver.com/koarane/294246,리얼리뷰 공유소ㅣ내돈내산 찐리뷰 커...,https://cafe.naver.com/koarane,0,6,0,2,4,False
배달 부업 후기,배달,2025신형 PCX 125 배달 오토바이 리스,"혼다 PCX 리스, 간단하게 시작해서 만족한 후기 요즘 혼자 시간을 효율적으로 쓰고 싶어 배달 일을 시작한 분들이 많아졌죠. 저도 직장을 다니면서 부업을 고민하던 중 배달이라는 선택지를 알게 되었고, 가장 먼저 찾아본...",http://cafe.naver.com/pcxlife/400257,PCX Life,https://cafe.naver.com/pcxlife,0,4,0,0,4,False
콘텐츠 부업 성공,콘텐츠,"무자본부업추천, 지금 이거 하나면 시작 가능해요!","고객 유입부터 홍보, 전환까지 자동으로 흘러가게 만들어 놓고 나는 콘텐츠만 살짝 업데이트 해주면 되는 부업이에요. 이게 요즘 20~60대까지 다들 찾는 핵심 시스템이에요! 특히 무자본으로 시작해도 가능한 구조라 인기가...",http://cafe.naver.com/2022star/37925,"재테크마을 - N잡,부업,보험,창업,투잡...",https://cafe.naver.com/2022star,0,4,0,2,2,False
콘텐츠 부업 성공,콘텐츠,"인스타부업 방법 2026 최신 전략, 초보도 가능한 현실 수익 구조","◆2026년 인스타부업 트렌드 변화◆ 최근 3개월 사이 인스타 알고리즘이 릴스 중심으로 더 강화되면서, 팔로워 수보다 콘텐츠 반응률이 훨씬 중요해졌습니다. 예전처럼 팔로워 1만 명이 있어야 수익이 나는 구조가...",http://cafe.naver.com/koarane/402063,리얼리뷰 공유소ㅣ내돈내산 찐리뷰 커...,https://cafe.naver.com/koarane,0,6,0,0,6,False
콘텐츠 부업 성공,블로그,요가 콘텐츠로 부업 시작해보신 분?,"요가 관련 블로그나 스레드에 글을 써보기도 하고, 직장인 부업으로 온라인 클래스나 영상 콘텐츠를 만들어볼까 고민 중이에요. 하지만 제대로 해보려니 어떤 플랫폼이 좋을지, 또 수익화가 현실적으로 가능한지 잘...",http://cafe.naver.com/bloglevelup/4660,군포 대야맘 모여라 (대야미 입주민/입...,https://cafe.naver.com/bloglevelup,0,8,0,0,8,False
콘텐츠 부업 성공,콘텐츠,마케팅알바 부업으로 직장인들 사이에서 뜨는 이유,"회사 다니면서도 쉽게 할 수 있고, 콘텐츠만 잘 만들면 소득이 꽤 쏠쏠하거든요! 주변에선 하루 1시간씩만 투자해서 한 달에 50~100만원 버는 사람도 봤어요ㅋㅋ 이젠 진짜 부업도 ‘트렌디하게’ 해야 하는 시대인 듯요...",http://cafe.naver.com/koarane/323787,리얼리뷰 공유소ㅣ내돈내산 찐리뷰 커...,https://cafe.naver.com/koarane,0,6,0,0,6,False
콘텐츠 부업 성공,유튜브,"부업 고민 중이라면, 요즘 핫 한 쇼츠 부업부터 확인하세요","이건 약간 콘텐츠 감각만 익히면 누구나 가능하더라구요. 조회수 몇 천만 나온 영상들도 대부분 10초짜리라는 거, 진짜 놀랍죠? ───────────────── [#쇼츠부업으로 수익 내는 구조] 일단 기본은 ‘광고...",http://cafe.naver.com/koarane/100664,리얼리뷰 공유소ㅣ내돈내산 찐리뷰 커...,https://cafe.naver.com/koarane,0,6,0,0,6,False
콘텐츠 부업 성공,콘텐츠,가장 현실적인 월100만원 버는 부업,가능한 부업] 저도 처음엔 ‘그게 가능할까?’ 싶었어요. 근데 자동화 퍼널 구조를 배우고 나니까 하루에 딱 1시간만 투자해도 수익이 나더라구요. 콘텐츠 한 번 세팅하면 그게 계속 돌아가면서 수익이 발생하는 구조라...,http://cafe.naver.com/koarane/39141,리얼리뷰 공유소ㅣ내돈내산 찐리뷰 커...,https://cafe.naver.com/koarane,0,8,0,0,8,False
콘텐츠 부업 성공,콘텐츠,출퇴근 없이 집에서 시작 가능한 부업 찾는 분들께 도움이 될 글이에요!,"있어서 콘텐츠 만드는 것도 정말 쉬워졌어요. 한마디로, 노력한 만큼이 아니라 ‘시스템을 아는 만큼’ 벌 수 있는 시대! ───────────────── [# 돈 안 들이고 집에서 시작할 수 있는 부업은 없을까?]...",http://cafe.naver.com/koarane/284118,리얼리뷰 공유소ㅣ내돈내산 찐리뷰 커...,https://cafe.naver.com/koarane,0,4,0,0,4,False
콘텐츠 부업 성공,강의,창업부업지원센터에서 어떤 도움 받을 수 있지?,"이 강의는 창업자, 부업자, 그리고 온라인 수익을 만들고 싶은 분들께 정말 딱 맞는 커리큘럼을 제공하더군요. 가장 인상적이었던 점은 ‘챗GPT’를 활용해서 복사 붙여넣기만으로도 콘텐츠 마케팅이 가능하다는 것. 그리고...",http://cafe.naver.com/koarane/276739,리얼리뷰 공유소ㅣ내돈내산 찐리뷰 커...,https://cafe.naver.com/koarane,0,8,0,0,8,False
콘텐츠 부업 성공,블로그,"요즘 핫하다는 집부업, 진짜 괜찮을까?","───────────────── [# 현실 가능한 집부업 종류 TOP 3] 1⃣ 온라인 홍보 대행: 블로그 글쓰기, 인스타 게시글 등록 등 2⃣ 쿠팡파트너스나 애드센스처럼 자동 수익형 콘텐츠 3⃣ 수공예, 악세사리 등...",http://cafe.naver.com/koarane/54367,리얼리뷰 공유소ㅣ내돈내산 찐리뷰 커...,https://cafe.naver.com/koarane,0,10,0,0,10,False
콘텐츠 부업 성공,콘텐츠,제품 샘플링으로 소자본 부업 시작해볼까?,"괜찮은 부업 아이템이 될 수 있다는 사실, 알고 계셨나요? ───────────────── 제품 샘플링이란? 기업이 신제품을 알릴 때, 타겟 소비자에게 소량을 제공하고 리뷰, 후기, 콘텐츠 등을 유도하는 마케팅...",http://cafe.naver.com/koarane/220572,리얼리뷰 공유소ㅣ내돈내산 찐리뷰 커...,https://cafe.naver.com/koarane,0,4,0,0,4,False
콘텐츠 부업 성공,콘텐츠,돈되는부업 중 요즘 핫한건 따로 있더라,돈되는부업 중 요즘 핫한건 따로 있더라 요즘 주변에서 부업 시작했다는 사람이 진짜 많더라구요. 근데 다들... ✔ 전환율이 높아서 단순 작업만 해도 결과가 좋고 ✔ 챗GPT로 콘텐츠 만들기까지 자동화되니까 손이 거의...,http://cafe.naver.com/koarane/86798,리얼리뷰 공유소ㅣ내돈내산 찐리뷰 커...,https://cafe.naver.com/koarane,0,4,0,0,4,False
콘텐츠 부업 성공,콘텐츠,직장인부업 추천받고 해봤는데 진짜 괜찮았음!,그래서 저는 하루 1시간 정도만 투자해도 수익 날 수 있는 부업을 골랐어요. 그중에서도 자동화 시스템이 있는 온라인 마케팅 쪽이 진짜 효율적이더라구요. 특히 요즘엔 GPT랑 엮어서 콘텐츠 복사 붙여넣기만 해도 되는...,http://cafe.naver.com/koarane/202329,리얼리뷰 공유소ㅣ내돈내산 찐리뷰 커...,https://cafe.naver.com/koarane,0,8,0,2,6,False
콘텐츠 부업 성공,콘텐츠,자동차영업 신입도 가능한 스마트폰 부업 방식!,"스마트폰 부업이랑 자동차영업이랑 무슨 상관?] 처음엔 저도 ‘이게 무슨 상관이야?’ 싶었는데요 ㅋㅋ 알고 보니 요즘엔 스마트폰으로도 자동차 관련 콘텐츠를 자동으로 퍼뜨려서, 고객 유입을 받는 구조가 많더라구요!...",http://cafe.naver.com/koarane/154838,리얼리뷰 공유소ㅣ내돈내산 찐리뷰 커...,https://cafe.naver.com/koarane,0,4,0,0,4,False
콘텐츠 부업 성공,콘텐츠,SNS마케팅전문가자격증 취득으로 부업 시작해볼까,"자격증 커리큘럼을 보면 콘텐츠 기획, 광고 타겟팅, 퍼널 구조 이해 등 꽤 실용적인 내용들이 많아요. 이거 공부하다 보면 나중에 개인 부업으로도 쓸 수 있겠다는 생각이 절로 들더라구요ㅎㅎ...",http://cafe.naver.com/koarane/69352,리얼리뷰 공유소ㅣ내돈내산 찐리뷰 커...,https://cafe.naver.com/koarane,0,4,0,0,4,False
콘텐츠 부업 성공,콘텐츠,"시니어 집에서하는부업, 퇴직 후 새로운 인생 2막 준비에 딱이래요","시니어 집에서하는부업, 퇴직 후 새로운 인생 2막 준비에 딱이래요 요즘 정말 시니어 세대분들 사이에서도... 특히 요즘은 “경험과 진정성이 콘텐츠가 된다”는 시대라서 오히려 나이 든 분들의 이야기가 더 먹힌대요....",http://cafe.naver.com/koarane/111984,리얼리뷰 공유소ㅣ내돈내산 찐리뷰 커...,https://cafe.naver.com/koarane,0,4,0,0,4,False
콘텐츠 부업 성공,블로그,퇴근후부업추천 이 방식은 초보도 금방 따라해요,그 짧은 시간에 무슨 부업을 하겠어… 싶었거든요. 근데 요즘은 ‘자동화 시스템’ 덕분에 퇴근하고도 부담... 만든 콘텐츠가 알아서 영업해줘요. 게다가 블로그나 인스타는 한 번 올리면 계속 효과가 이어지니까...,http://cafe.naver.com/koarane/104840,리얼리뷰 공유소ㅣ내돈내산 찐리뷰 커...,https://cafe.naver.com/koarane,0,6,0,2,4,False
콘텐츠 부업 성공,콘텐츠,"보험영업, 여전히 도전할만한 부업일까?","보험영업, 여전히 도전할만한 부업일까? 퇴직하고 나니 생각보다 시간이 많아졌습니다. 한때는 자유가 너무... 젊은 동료들 보면, 자동화 툴이나 챗GPT를 활용해서 콘텐츠도 만들고, 홍보도 자동으로 돌리더라고요. 저도...",http://cafe.naver.com/koarane/277107,리얼리뷰 공유소ㅣ내돈내산 찐리뷰 커...,https://cafe.naver.com/koarane,0,4,0,0,4,False
콘텐츠 부업 성공,콘텐츠,부업 말고 제대로 된 사업추천 찾는다면 이거 보세요,"20~30대는 부업 겸업으로, 40~50대는 인생 2막 준비로 온라인 사업을 많이 하세요. 처음엔 SNS 홍보도 낯설고 어렵지만, 요즘은 챗GPT 같은 도구를 활용해서 콘텐츠를 만들면 훨씬 수월해요. 저도 이 방법으로 홍보문 하나...",http://cafe.naver.com/koarane/76733,리얼리뷰 공유소ㅣ내돈내산 찐리뷰 커...,https://cafe.naver.com/koarane,0,4,0,2,2,False
콘텐츠 부업 성공,콘텐츠,집에서 손쉬운 온네스부업 직접 해보니 이런 결과가 나와요,사실 처음엔 저도 “집에서 할 수 있는 부업? 말만 그런 거 아니야?” 싶었어요. 특히 ‘손쉽다’는 말에는 더... 심지어 챗GPT까지 활용하면 콘텐츠도 빠르게 만들 수 있어서 요즘 트렌드랑도 잘 맞고요. 저도 처음엔 ‘과연...,http://cafe.naver.com/koarane/154725,리얼리뷰 공유소ㅣ내돈내산 찐리뷰 커...,https://cafe.naver.com/koarane,0,4,0,0,4,False
콘텐츠 부업 성공,콘텐츠,인셀덤딥톡스 제품 효능과 부업 기회로 바라본 현실적 이야기,인셀덤딥톡스 제품 효능과 부업 기회로 바라본 현실적 이야기 요즘 인셀덤딥톡스가 피부 개선 제품으로 꽤... 이런 콘텐츠가 검색에서도 잘 노출되더라구요 그래서 자연스럽게 제품 홍보 + 수익 구조가 형성된다고 보면...,http://cafe.naver.com/koarane/285748,리얼리뷰 공유소ㅣ내돈내산 찐리뷰 커...,https://cafe.naver.com/koarane,0,6,0,0,6,False
콘텐츠 부업 성공,콘텐츠,"자동화시스템, 부업·창업 모두 가능한 완전가이드","자동화시스템, 부업·창업 모두 가능한 완전가이드 요즘 ‘자동화시스템’이라는 말 정말 많이 들리죠.... 2️⃣ 콘텐츠 생산 자동화 (챗GPT, 캔바 등) 3️⃣ 판매 퍼널 자동화 (고객유입→구매) 4️⃣ 이메일·메시지 응답...",http://cafe.naver.com/koarane/66281,리얼리뷰 공유소ㅣ내돈내산 찐리뷰 커...,https://cafe.naver.com/koarane,0,4,0,0,4,False
콘텐츠 부업 성공,블로그,"경제 트렌드 속, 투자와 부업의 숨은 기회 찾기","온라인 부업과 소자본 창업으로 경제적 자유를 얻는 사례가 많이 보이더라구요. 예를 들어, 집에서 블로그 운영으로 광고 수익을 올리거나 SNS 콘텐츠를 통해 재테크 정보를 공유하는 분들도 많아요. 저도 보고 정말...",http://cafe.naver.com/koarane/66527,리얼리뷰 공유소ㅣ내돈내산 찐리뷰 커...,https://cafe.naver.com/koarane,0,10,0,0,10,False
콘텐츠 부업 성공,콘텐츠,"자동화퍼널부업, 단순 복붙으로 수익 나온다는 게 진짜?","자동화퍼널부업, 단순 복붙으로 수익 나온다는 게 진짜? 그동안 수십 가지 부업을 시도해봤지만 결국 오래... 콘텐츠로 유입을 만들고 2. 그 유입이 퍼널을 통해 제품이나 서비스로 연결되고 3. 구매나 신청이 이루어지면...",http://cafe.naver.com/koarane/88089,리얼리뷰 공유소ㅣ내돈내산 찐리뷰 커...,https://cafe.naver.com/koarane,0,6,0,0,6,False
콘텐츠 부업 성공,콘텐츠,"요즘 진짜 핫하다는 라이브커머스부업, 직접 해보면 어떨까?","요즘 진짜 핫하다는 라이브커머스부업, 직접 해보면 어떨까? 아이幼 보내놓고 집에 있을 때마다 자꾸 이런... 되는 콘텐츠도 많더라구요! 특히 요즘은 셀러를 연결해주는 플랫폼도 많아서 진입장벽이 꽤 낮았어요....",http://cafe.naver.com/koarane/209092,리얼리뷰 공유소ㅣ내돈내산 찐리뷰 커...,https://cafe.naver.com/koarane,0,4,0,0,4,False
콘텐츠 부업 성공,콘텐츠,50대여성 집에서하는부업 현실적으로 수익내는 진짜 비결,"50대여성 집에서하는부업 현실적으로 수익내는 진짜 비결! 혹시 요즘 “50대여성 집에서하는부업”에 관심... 한 번만 잘 세팅하면 이후엔 자동으로 돌아가고, 챗GPT를 활용하면 콘텐츠도 금방 만들어지니까 시간 절약이...",http://cafe.naver.com/koarane/111939,리얼리뷰 공유소ㅣ내돈내산 찐리뷰 커...,https://cafe.naver.com/koarane,0,6,0,0,6,False
콘텐츠 부업 성공,유튜브,SNS마케팅전문가자격증 취득 후 가능한 직업과 부업은?,"설정, 콘텐츠 기획, 채널 운영 전략까지 전반적인 마케팅 기술을 배워요. 특히 네이버, 인스타그램, 유튜브... ───────────────── [ 온라인 부업으로 활용하기에 정말 최적이에요] 개인적으로 이...",http://cafe.naver.com/koarane/188470,리얼리뷰 공유소ㅣ내돈내산 찐리뷰 커...,https://cafe.naver.com/koarane,0,6,0,0,6,False
콘텐츠 부업 성공,콘텐츠,"토지거래허가구역 실거주 의무, 투자 대신 부업 찾는 시대?","기존의 노동형 부업이 아니라, 자동화 기반의 수익 시스템이 주목받고 있어요. 특히 GPT 같은 AI 도구가 대중화되면서 콘텐츠 생성 부담도 줄었고요. 직장인도 퇴근 후 시간 투자해서 월 몇백까지 만드는 사례가 진짜...",http://cafe.naver.com/koarane/49007,리얼리뷰 공유소ㅣ내돈내산 찐리뷰 커...,https://cafe.naver.com/koarane,0,8,0,0,8,False
콘텐츠 부업 성공,콘텐츠,무자본부업 할 수 있는 현실적인 방법이 궁금했어요,"온라인 부업** 시스템이 정말 대세더라구요 ───────────────── 그중에서도 저는 최근에 알게 된 ""자동화 퍼널 마케팅""이라는 구조가 너무 신기했어요 이게 뭐냐면요, 홍보 글이나 콘텐츠 딱 한 번...",http://cafe.naver.com/koarane/39281,리얼리뷰 공유소ㅣ내돈내산 찐리뷰 커...,https://cafe.naver.com/koarane,0,4,0,2,2,False
콘텐츠 부업 성공,콘텐츠,디자인부업으로 월급 외 수익 파이프라인 만들기,"그래서 이번 글에서는 '디자인부업'을 어떻게 시작하고, 어떤 방식으로 수익화를 할 수 있는지에 대해 제가... 내가 만든 이미지나 콘텐츠를 퍼널에 세팅해두면, 2. 그걸 본 사람이 신청하고, 3. 수익이 자동으로 들어오는...",http://cafe.naver.com/koarane/61808,리얼리뷰 공유소ㅣ내돈내산 찐리뷰 커...,https://cafe.naver.com/koarane,0,6,0,0,6,False
콘텐츠 부업 성공,콘텐츠,허벌라이프 가입하려다 알게 된 부업 판도라 상자,"───────────────── [# 부업으로 시작했는데, 어느 순간 ‘영업’이 되어버린다?] 이거... 챗GPT나 툴을 잘 활용하면 글쓰기나 콘텐츠도 손쉽게 가능하고요. 심지어 어떤 분은 복붙 몇 번 했는데 3일 만에...",http://cafe.naver.com/koarane/119968,리얼리뷰 공유소ㅣ내돈내산 찐리뷰 커...,https://cafe.naver.com/koarane,0,4,0,0,4,False
부업 월 100만원,기타,안성부업 월 100만원 도전 가능?,"안성부업 월 100만원 도전 가능? 안성부업 알아보시는 분들 요즘 꽤 많습니다. 저도 안성에서 직장 다니면서 추가 수입을 고민하다 보니 자연스럽게 찾아보게 됐습니다. 물가도 오르고, 월급만으로는 여유가 쉽지 않다...",http://cafe.naver.com/koarane/401392,리얼리뷰 공유소ㅣ내돈내산 찐리뷰 커...,https://cafe.naver.com/koarane,0,2,3,2,3,False
부업 월 100만원,기타,"부업으로 월100만원 만들기, 현실적으로 가능한 방법 총정리","중에 부업으로 월100만원 만들기에 관심 있는 분 계실까요? 요즘 물가도 계속 오르고, 한 가지 수입만으로는... 또 어떤 분은 2달 만에 월 600만원 수익을 만들었다는 이야기도 있어서 놀랐습니다. 무엇보다 복사 붙여넣기...",http://cafe.naver.com/uouv96/2966,오늘도 달린다 ㅣ영업·창업·부업 ㅣ...,https://cafe.naver.com/uouv96,0,4,0,0,4,False
부업 월 100만원,기타,퇴근후부업 월100만원 가능할까 진짜 후기,반면 구조를 만들어두는 부업은 시간이 쌓일수록 수익이 누적되더라구요. 이 차이를 이해하는 게 핵심이었어요 ㅎㅎ ■ 월100만원 현실 가능성 분석 최근 후기들을 보면 3개월 안에 월 50~100만원 인증 글도 꽤 보여요. 다만...,http://cafe.naver.com/koarane/396464,리얼리뷰 공유소ㅣ내돈내산 찐리뷰 커...,https://cafe.naver.com/koarane,0,4,0,0,4,False
부업 월 100만원,기타,50대부업 월100만원 가능하다는 말 믿어도 될까요,50대부업 월100만원 가능하다는 말 믿어도 될까요 요즘 여기저기서 50대부업으로 월100만원은 기본이라는 글이 많이 보이네요. 솔직히 그 말이 사실이면 당장이라도 시작하고 싶은 마음입니다. 몇 년 전 작은 가게를...,http://cafe.naver.com/koarane/412883,리얼리뷰 공유소ㅣ내돈내산 찐리뷰 커...,https://cafe.naver.com/koarane,0,2,0,0,2,False
부업 월 100만원,유튜브,부업 월100만원,블로그 유튜브 보면 하루 2시간 쓰면 몇달뒤에 월100넘게 번다는데(강의파는거 같진 않았음) 이거 2개하면 직장 없어도 되는거 아닌가,http://cafe.naver.com/gajaeman/137490,가재맨 공식 팬카페,https://cafe.naver.com/gajaeman,0,8,0,0,8,False
부업 월 100만원,기타,수원 거주 부업으로 월100만원 벌기,요즘 물가가 너무 비싸지고..일을 나가자니 아이들은 어려서 부업을 시작하게 되었습니다. 열심히 활동해서 월100만원 벌어서 가정에 도움이 되는 주부가 될 수 있도록 노력하겠습니다.,http://cafe.naver.com/koarane/521187,리얼리뷰 공유소ㅣ내돈내산 찐리뷰 커...,https://cafe.naver.com/koarane,0,2,0,0,2,False
부업 월 100만원,기타,집에서하는부업 월100만원 가능할까 현실후기,"그래서 오늘은 집에서하는부업으로 월100만원이 진짜 가능한지, 현실적으로 어떤 방법이 있는지 싹 정리해보려구요! 솔직후기 느낌으로 풀어볼게요 #요즘 뜨는 집에서하는부업 종류 최근 3개월 사이에 특히 많이 언급되는...",http://cafe.naver.com/koarane/396441,리얼리뷰 공유소ㅣ내돈내산 찐리뷰 커...,https://cafe.naver.com/koarane,0,2,0,0,2,False
부업 월 100만원,기타,월100만원더벌기 현실적인 부업 이야기,"그래서 자연스럽게 월100만원더벌기 같은 키워드를 계속 찾아보게 됐어요. 부업이니 투잡이니 말은 많은데, 막상 현실적으로 가능한 게 뭔지 헷갈리기도 하구요. 오늘은 제가 직접 알아보고 느낀 점들을 솔직하게...",http://cafe.naver.com/koarane/223104,리얼리뷰 공유소ㅣ내돈내산 찐리뷰 커...,https://cafe.naver.com/koarane,0,4,0,0,4,False
부업 월 100만원,기타,월100만원더벌기 요즘 재택부업 현실은?,월100만원더벌기 요즘 재택부업 현실은? 요즘 진짜로 월100만원더벌기 가능한지 궁금해서 이 글을 쓰게 됐어요ㅎㅎ 회사 다니면서 월급만으로는 좀 빠듯하잖아요. 주변에서도 부업 얘기가 너무 많이 나오고요. 그래서 제가...,http://cafe.naver.com/koarane/380135,리얼리뷰 공유소ㅣ내돈내산 찐리뷰 커...,https://cafe.naver.com/koarane,0,4,0,2,2,False
부업 월 100만원,기타,월100만원부업 직장인들이 몰래 준비하는 이유,"월100만원부업 직장인들이 몰래 준비하는 이유 요즘 주변 직장인들 보면 다들 조용히 뭔가 하나씩 준비하더라구요. 대놓고 말은 안 하는데, 월100만원부업 이야기가 은근 자주 나와요. 저도 처음엔 그냥 용돈벌이 정도겠지...",http://cafe.naver.com/koarane/227728,리얼리뷰 공유소ㅣ내돈내산 찐리뷰 커...,https://cafe.naver.com/koarane,0,2,0,0,2,False
부업 월 100만원,기타,월100만원더벌기 요즘 부업 트렌드 변화,"요즘 주변에서 월100만원더벌기 이야기가 진짜 자주 들려요. 예전엔 부업 하면 그냥 잠깐 알바... 요즘은 월 30, 50부터 시작해서 100까지 단계적으로 가는 분들이 많아요. 처음부터 욕심내면 금방 지치기 쉽거든요....",http://cafe.naver.com/koarane/315065,리얼리뷰 공유소ㅣ내돈내산 찐리뷰 커...,https://cafe.naver.com/koarane,0,2,0,0,2,False
부업 월 100만원,기타,강원도 은퇴후 부업으로 월100만원 고정 수익 벌고 싶네요.,강원도 은퇴후 부업으로 월100만원 고정 수익 벌고 싶네요.,http://cafe.naver.com/cafemakecafebest/27435,세상모든꿀팁 ㅣ영업·창업·부업·투...,https://cafe.naver.com/cafemakecafebest,0,4,0,0,4,False
부업 월 100만원,기타,월100만원 부업 찾다가 이걸 알게 되었어요,"월100만원 부업 찾다가 이걸 알게 되었어요 혹시 요즘 부업 알아보시는 분들 많으시죠? 저도 진짜 한동안... 월100만 원이 아니라, 그 이상도 가능하다는 점이 가장 큰 장점✨ 아는 언니는 시작 2달 만에 월 300까지 찍었다고...",http://cafe.naver.com/koarane/223075,리얼리뷰 공유소ㅣ내돈내산 찐리뷰 커...,https://cafe.naver.com/koarane,0,2,0,0,2,False
부업 월 100만원,기타,월100만원더벌기 육아하면서 할수있는 부업 있을까요,아이 키우면서 집에 있는 시간이 많아지다 보니 자연스럽게 월100만원더벌기라는 말을 자주 검색하게 되더라구요. 솔직히 남편 월급만으로는 생활이 빠듯해서 뭔가 보탬이 되고 싶은 마음이 컸어요. 예전에 이것저것 부업...,http://cafe.naver.com/koarane/265761,리얼리뷰 공유소ㅣ내돈내산 찐리뷰 커...,https://cafe.naver.com/koarane,0,2,0,0,2,False
부업 월 100만원,기타,데이터라벨링 부업으로 월수익을 높이고 싶다면 추천합니다,"제 경우 매달 수익이 100만 원→250만 원→400만 원으로 증가했습니다. 이 흐름이라면 곧 월 600만 원대도 가능할 것 같아서 설레었어요! ^^ 단순히 부업이 아니라, 일자리 기회로 봐도 충분한 수준의 일이라는 걸 느꼈습니다....",http://cafe.naver.com/kig/19462188,ㆍ피터팬의 좋은방 구하기ㆍ,https://cafe.naver.com/kig,0,4,0,2,2,False
부업 월 100만원,기타,월100만원 부업 하루 몇 시간 투자하면 될까,"그래서 시작하게 된 게 바로 '월100만원 부업'이었어요. 월 100이라면 큰돈은 아니지만, 고정지출 커버되니까 진짜 마음이 너무 편해지더라구요. 오늘은 제가 직접 겪어본 현실적인 부업 이야기, 그리고 어떻게 하면 하루 몇...",http://cafe.naver.com/koarane/267544,리얼리뷰 공유소ㅣ내돈내산 찐리뷰 커...,https://cafe.naver.com/koarane,0,4,0,0,4,False
부업 월 100만원,기타,경남 부업으로 월100만원 목표입니다.,부업으로 100만원 목표로 들어왔어요 잘부탁드려요,http://cafe.naver.com/cafemakecafebest/19661,세상모든꿀팁 ㅣ영업·창업·부업·투...,https://cafe.naver.com/cafemakecafebest,0,2,0,0,2,False
부업 월 100만원,기타,월100만원부업 핵심만 뽑은 요약,소득과 비용을 월 단위로 기록해 두면 월100만원부업이 연간 어느 정도의 과세 표준을 만드는지 미리 예측할 수 있어 자금 쿠션을 준비하기 쉽다. 회계 프로그램이 부담된다면 엑셀 한 장으로도 시작할 수 있다....,http://cafe.naver.com/zpvkdcom/16311,"온라인보험 비교카페 - 종합,어린이,건...",https://cafe.naver.com/zpvkdcom,0,2,0,0,2,False
부업 월 100만원,기타,요즘 월100만원 부업 찾는 분들 진짜 많아진 이유가 있더라구요,"───────────────── 이상으로 ""월100만원부업""에 대해서 여러가지 정보를 알아보았는데요.... 하루 30분 투자로 월 1,000만원 수익인증까지 한 자동화 퍼널시스템을 그대로 복제해 준다고 하네요...",http://cafe.naver.com/koarane/195637,리얼리뷰 공유소ㅣ내돈내산 찐리뷰 커...,https://cafe.naver.com/koarane,0,6,0,0,6,False
부업 월 100만원,기타,월100만원더벌기 목표로 부업 찾는데 뭐부터 해야할까요?,월100만원더벌기 목표로 부업 찾는데 뭐부터 해야할까요? 요즘 진짜 솔직히 월100만원더벌기만 해도 숨통이 좀 트일 것 같다는 생각이 들어요. 월급만으로는 생활비랑 고정지출 감당이 점점 버거워지네요. 그래서 퇴근...,http://cafe.naver.com/koarane/253042,리얼리뷰 공유소ㅣ내돈내산 찐리뷰 커...,https://cafe.naver.com/koarane,0,2,0,0,2,False
부업 월 100만원,배달,서울지역에서 배달 라이더 부업으로 월100만원의 수입을 목표로 합니다.,"서울지역에서 배달 라이더 부업으로 월100만원의 수입을 목표로 합니다. 요즘 경기가 어려워 추가 수입이 꼭 필요해 시작하게 되었습니다. 아직은 초보지만 하나씩 배우며 열심히 하고 있습니다. 모두 화이팅, 열심히...",http://cafe.naver.com/koarane/456781,리얼리뷰 공유소ㅣ내돈내산 찐리뷰 커...,https://cafe.naver.com/koarane,0,4,0,0,4,False
부업 월 100만원,기타,무자본으로 월100만원부업 가능하다는 말 믿어도 될까?,"무자본으로 월100만원부업 가능하다는 말 믿어도 될까? 요즘엔 진짜 가짜 정보가 너무 많아서, 뭐 하나 믿고... 특히 어떤 분은 컴맹이었는데, 복붙만으로 월 200 벌었다는 후기도.. 제가 괜히 “난 못할 거야”라고 포기했던...",http://cafe.naver.com/koarane/152724,리얼리뷰 공유소ㅣ내돈내산 찐리뷰 커...,https://cafe.naver.com/koarane,0,2,0,0,2,False
부업 월 100만원,기타,서울에서 온라인부업으로 월100만원이 목표입니다.,서울에 살면서 온라인 부업으로 매달 100만원 정도의 추가 수입을 목표로 하고 있습니다. 요즘 물가도 많이 오르고 생활비 부담이 커져서 온라인 부업을 알아보게 되었어요. 비슷한 목표를 가진 분들과 정보도 나누고 함께...,http://cafe.naver.com/koarane/423457,리얼리뷰 공유소ㅣ내돈내산 찐리뷰 커...,https://cafe.naver.com/koarane,0,2,0,0,2,False
부업 월 100만원,기타,대구 사는 직장인 부업으로 월100만원 목표입니다,부업으로 월100만원 부수입 원합니다. 100만원을 시작으로 더 많은 부수입 바래봅니다,http://cafe.naver.com/koarane/258490,리얼리뷰 공유소ㅣ내돈내산 찐리뷰 커...,https://cafe.naver.com/koarane,0,4,0,0,4,False
부업 월 100만원,유튜브,(알파벳) 부업으로 월100만원 벌고싶은 40대 아빠입니다.,월100만원이상 4️⃣ 관심 있는 부업 주제 : 쇼츠쇼핑 5️⃣ 이런 부분 배우고 싶어요 : 대본 잘쓰는방법... 현재 본업 수입이 줄어서 부업으로 유튜브를 운영하고있습니다. 잘 못하는건지 계속 월 20만원정도 수익인데...,http://cafe.naver.com/dinohighclass/168177,디지털노마드 하이클래스 - 디하클 (유...,https://cafe.naver.com/dinohighclass,0,6,0,0,6,False
부업 월 100만원,블로그,월100만원부업 진짜 가능한가요?,월100만원부업 진짜 가능한가요? 퇴근 후 시간 활용해서 월100만원부업 해보려고 했는데 생각보다 쉽지 않네요. 처음엔 SNS마케팅부터 해보다가 도저히 안 돼서 요즘은 타이핑 알바나 블로그 알바 알아보고 있어요....,http://cafe.naver.com/koarane/17922,리얼리뷰 공유소ㅣ내돈내산 찐리뷰 커...,https://cafe.naver.com/koarane,0,4,0,0,4,False
부업 월 100만원,콘텐츠,퇴근하고 월100만원더벌기 하려고 틱톡부업 알아보는 중인데 현실 가능할까요,"퇴근하고 월100만원더벌기 하려고 틱톡부업 알아보는 중인데 현실 가능할까요 요즘 회사일만 해서는 답이 안 나오더라구요. 물가도 너무 오르고, 대출금은 그대로고... 솔직히 매달 마이너스입니다. 그래서 틱톡이나...",http://cafe.naver.com/koarane/167679,리얼리뷰 공유소ㅣ내돈내산 찐리뷰 커...,https://cafe.naver.com/koarane,0,2,0,0,2,False
부업 월 100만원,기타,진짜 월100만원부업 가능한가요? 현실적으로 궁금해서요,진짜 월100만원부업 가능한가요? 현실적으로 궁금해서요 요즘 남편 혼자 벌어서는 생활비도 빠듯해서 제가 뭐라도 도와야 할 것 같아요. 아이가 아직 어려서 외출이 힘드니까 재택이나 집에서 할 수 있는 일을 찾고...,http://cafe.naver.com/koarane/259579,리얼리뷰 공유소ㅣ내돈내산 찐리뷰 커...,https://cafe.naver.com/koarane,0,4,0,2,2,False
부업 월 100만원,기타,대구에서 부업으로 월100만원 버는 주부가 되고싶어서 가입했어요!,안녕하세요~! 디지털 노가다라고 하지만 이거라도 해서 월100 버는 주부가 되고 싶네요! 월10부터 차츰차츰 목표를 올려가볼게요! 다들 화이팅입니다!,http://cafe.naver.com/koarane/560362,리얼리뷰 공유소ㅣ내돈내산 찐리뷰 커...,https://cafe.naver.com/koarane,0,2,0,0,2,False
부업 월 100만원,기타,월100만원더벌기 가능한 쉬운부업 찾았어요,"요즘 물가가 너무 올라서, 남편 월급만으로는 솔직히 빠듯하더라구요 ㅠㅠ 그래서 진짜 별별 부업을 다 찾아봤어요. 특히 ‘월100만원더벌기’라는 말에 혹~해서 저도 한 번 제대로 파봤는데요. 결론부터 말하자면......",http://cafe.naver.com/koarane/32942,리얼리뷰 공유소ㅣ내돈내산 찐리뷰 커...,https://cafe.naver.com/koarane,0,2,0,0,2,False
부업 월 100만원,기타,인천 디지털부업으로 월100만원 부수입 달성하는게 목표입니다.,안녕하세요 디지털 노마드를 꿈꾸는 알럽민트입니다. 여러 부업들을 도전하고있는데요 디지털 부업으로 월100만원 만드는게 목표입니다 앞으로 지치지 않고 목표를 달성할때까지 노력할려구요 잘 부탁드립니다.,http://cafe.naver.com/koarane/30321,리얼리뷰 공유소ㅣ내돈내산 찐리뷰 커...,https://cafe.naver.com/koarane,0,4,0,0,4,False
부업 월 100만원,기타,(레홍) 디하클에서 배운 기술로 월 100만원 수창하고 싶은 아재입니다.,6️⃣ 자기 소개글 3줄 : 안녕하세요ㅎ 부업이 뭐가 좋을까 찾다가 디하클을 찾아낸 부업으로 월 100만원 벌고 싶은 아재입니다. 잘부탁합니다.ㅎ 7️⃣ 나를 표현하는 사진 or 갤러리에서 마음에 드는 사진 (3장 이내) :,http://cafe.naver.com/dinohighclass/241964,디지털노마드 하이클래스 - 디하클 (유...,https://cafe.naver.com/dinohighclass,0,2,3,2,3,False
부업 월 100만원,기타,월100만원더벌기 집에서 가능한 방법!!,"솔직히 몸 쓰는 건 오래 못 가요ㅠㅠ ───────────────── [많이들 시도하는 방법들 현실 평가] 부업 종류는 진짜 넘쳐나요. 타이핑, 설문, 단순 작업 이런 건 용돈벌이 수준이더라구요. 월100만원까지...",http://cafe.naver.com/koarane/326781,리얼리뷰 공유소ㅣ내돈내산 찐리뷰 커...,https://cafe.naver.com/koarane,0,2,0,0,2,False
부업 월 100만원,배달,서울에서 회사 다니고 있습니다. 부업으로 월 50~100만원이 목표 입니다!,서울에서 회사다니면서 짬 날때마다 단기 알바나 배달 알바 하면서 부업 하고 있습니다. 올해는 좀 더 본격적으로 해서 월마다 50~100만원 정도 부가 수입 올리는게 목표입니다. 그동안은 그냥 가뭄의 콩나듯 해서 5...,http://cafe.naver.com/koarane/319323,리얼리뷰 공유소ㅣ내돈내산 찐리뷰 커...,https://cafe.naver.com/koarane,0,4,0,0,4,False
부업 월 100만원,스마트스토어,50대 부업 1탄 - 월배달·퀵·온라인 쇼핑몰,"부업 1: 배달 앱 (월 80~100만 원): 오토바이로 배민과 쿠팡이츠에 등록합니다. 점심시간(11:30~13:30)과 저녁시간(17:30~20:00)에 집중해서 일합니다. 하루 평균 15건 정도 배달하면 하루 60,000~80,000원을 법니다. 월 20일 일하면...",http://cafe.naver.com/eovhskfktmak/5438,4050 우리들의 두번째 시작[은퇴 국민...,https://cafe.naver.com/eovhskfktmak,0,6,0,0,6,False
부업 월 100만원,기타,청주 사는 직장인입니다. 월 100만원 부업 목표입니다.,부업이라 거창하게 표현했지만 시작은 여기 에서 부터 차근차근 해 보려고 합니다. 많이 도와주세요,http://cafe.naver.com/uouv96/8227,오늘도 달린다 ㅣ영업·창업·부업 ㅣ...,https://cafe.naver.com/uouv96,0,2,3,2,3,False
부업 월 100만원,기타,직장 다니면서 월100만원더벌기 가능한 부업 찾고 있어요~,"직장 다니면서 월100만원더벌기 가능한 부업 찾고 있어요~ 요즘 물가가 진짜 장난 아니잖아요... 밥 한 끼, 커피 한 잔, 하다못해 간식까지도 가격이 훅훅 올라가고 있으니, 월급만으로 생활비 감당하는 것도 벅찬...",http://cafe.naver.com/koarane/290497,리얼리뷰 공유소ㅣ내돈내산 찐리뷰 커...,https://cafe.naver.com/koarane,0,2,0,0,2,False
부업 월 100만원,기타,부천에사는 다둥이맘 부업으로 월100만원버는게 목표입니다,저는 부천에서살고있는 다둥이맘입니다 처음은 아니지만 매번 부업을 실패를 맛보았습니다 하지만 이번에는 열심히 도전해서 멋진엄마의 모습을 보여주고싶네요 화이팅,http://cafe.naver.com/koarane/465636,리얼리뷰 공유소ㅣ내돈내산 찐리뷰 커...,https://cafe.naver.com/koarane,0,2,0,0,2,False
부업 월 100만원,기타,은퇴자 집에서 월 100만원 만드는 부업 총정리 (초보도 가능),◆은퇴자 집에서 월 100만원 부업 관련 자주 묻는 질문◆ Q1. 컴퓨터를 잘 못해도 가능한가요? A. 기본적인 검색과 복사·붙여넣기 정도만 가능하면 충분히 시작할 수 있습니다. 요즘은 초보자를 위한 단계별 가이드가 잘...,http://cafe.naver.com/koarane/408242,리얼리뷰 공유소ㅣ내돈내산 찐리뷰 커...,https://cafe.naver.com/koarane,0,2,3,2,3,False
부업 월 100만원,블로그,혹시 여기 계신 분들 중에 월100만원더버는 부업 하시는 분 계신가요?,혹시 여기 계신 분들 중에 월100만원더버는 부업 하시는 분 계신가요? 진짜 요즘엔 하루에도 몇 번씩 고민이 돼요. 회사 월급만으로는 아무리 아껴도 부족한 게 현실이거든요. 가끔 커뮤니티 같은 데 보면 블로그니...,http://cafe.naver.com/koarane/251852,리얼리뷰 공유소ㅣ내돈내산 찐리뷰 커...,https://cafe.naver.com/koarane,0,4,0,0,4,False
부업 월 100만원,기타,요즘 월100만원부업만 있으면 숨통 좀 트일 것 같은데요,그래도 월100만원부업 정도면 삶이 조금은 달라질 것 같다는 희망이 있어요. 집에서 할 수 있거나 온라인으로 가능한 쪽이면 더 좋겠다는 생각도 들고요. 주변에서는 온라인마케팅이나 글로 돈 버는 얘기를 하는데 아직은...,http://cafe.naver.com/koarane/264730,리얼리뷰 공유소ㅣ내돈내산 찐리뷰 커...,https://cafe.naver.com/koarane,0,2,0,0,2,False
부업 월 100만원,기타,월100만원더벌기 직장인들이 몰리는 이유,"월 1,000만원 인증까지 나온 시스템을 그대로 공유해준다더라구요. 챗gpt 활용해서 홍보하는 방법도 같이 알려준다고 하고요. 직장인 부업, 수익 구조 고민하는 분들한테는 솔직히 눈길 갈 수밖에 없겠더라구요. 월100만원...",http://cafe.naver.com/koarane/234223,리얼리뷰 공유소ㅣ내돈내산 찐리뷰 커...,https://cafe.naver.com/koarane,0,4,0,0,4,False
부업 월 100만원,기타,(모어365) 부업으로 딱 50만원만이라도 벌어보고 싶어요!,6️⃣ 자기 소개글 3줄 : 곧 둘째가 태어날 예정으로 본업만으로는 안되겠다는 생각이 들었고 부업으로 월100만원이라도 벌어보고 싶습니다! 노력x노력 하겠습니다!! 7️⃣ 나를 표현하는 사진 or 갤러리에서 마음에...,http://cafe.naver.com/dinohighclass/276128,디지털노마드 하이클래스 - 디하클 (유...,https://cafe.naver.com/dinohighclass,0,2,0,0,2,False
부업 월 100만원,기타,서울 직장인 월 부업 수입 100만원 목표,서울에 사는 직장인입니다. 올해 목표로 월 부수입 100만원 하고 있습니다!! 열심히 해서 목표 이루고 싶습니다 앞으로 잘 부탁드려요,http://cafe.naver.com/koarane/381732,리얼리뷰 공유소ㅣ내돈내산 찐리뷰 커...,https://cafe.naver.com/koarane,0,4,0,0,4,False
부업 월 100만원,기타,직장인투잡으로 월100만원이상 벌기. 초보도 가능한 방법 알려드릴게요~,◆월100만원 부업 수익 현실적으로 가능할까?◆ 많은 분들이 가장 궁금해하는 부분이 바로 이거죠. 결론부터 말씀드리면 직장인 투잡으로 월100만원 수익은 충분히 가능한 수준이라고 합니다. 다만 하루에 5분 투자로 되는...,http://cafe.naver.com/koarane/424795,리얼리뷰 공유소ㅣ내돈내산 찐리뷰 커...,https://cafe.naver.com/koarane,0,8,0,2,6,False
부업 월 100만원,기타,부업으로 뭐가 나을까요? (자차 vs 오토 렌탈),"----------------------------- 안녕하세요 부업으로 40에서 50정도 벌고 싶어 정보 얻고 싶어 가입했습니다. 현재 자차 (스파크) 보유중인데, 오토바이를 렌탈 받고 부업 시작하는게 나을까요? 아니면 그냥 자차 쓰는게 나을까요?...",http://cafe.naver.com/nds07/5432278,"배달세상 :: 배달대행, 쿠팡이츠, 배민...",https://cafe.naver.com/nds07,0,2,0,0,2,False
부업 월 100만원,기타,월100만원더벌기 현실적으로 가능한 방법 정리해봤어요,"저도 회사 다니면서 커피값, 생활비 계산하다 보면 한숨부터 나왔어요 ㅠㅠ 그래서 월100만원더벌기... 주변에서도 은근히 부업으로 월 100 넘게 버는 분들 얘기 자주 들려요. 솔직히 처음엔 반신반의했는데, 사례를 보니...",http://cafe.naver.com/koarane/256164,리얼리뷰 공유소ㅣ내돈내산 찐리뷰 커...,https://cafe.naver.com/koarane,0,2,0,0,2,False
부업 월 100만원,기타,부업으로 월 100만 원? 진짜 가능한가요?,"""진짜 가능한가요?""라는 질문에 제 나름의 답도 함께 드려볼게요ㅎㅎ ───────────────── [# 월 100만 원 부업, 진짜 가능한가요?] 결론부터 말하자면 가능해요. 단, **조건부로요!** 하루에 1시간 이상은...",http://cafe.naver.com/koarane/225313,리얼리뷰 공유소ㅣ내돈내산 찐리뷰 커...,https://cafe.naver.com/koarane,0,2,3,2,3,False
부업 월 100만원,기타,"부업 정보글> 노후 준비, 취미 활용 부업으로 즐겁게 수익 만들기","안녕하세요, 요즘 노후 준비를 생각하면서 취미 활용 부업에 관심이 생겼어요 아이 키우면서도 집에서 할... - 집에서 제작 가능해 체력 부담 적고, 인기 상품은 월 50~100만 원도 가능. - 단점은 초기 홍보와 고객 피드백...",http://cafe.naver.com/eovhskfktmak/4600,4050 우리들의 두번째 시작[은퇴 국민...,https://cafe.naver.com/eovhskfktmak,0,4,0,0,4,False
부업 월 100만원,기타,[1편] 취업컨설턴트가 정리한 30만원 상당의 50·60대 주부 재택부업 시급/월급 완벽 비교표(20개 직종),재택부업 5대 분야 한눈에 보기 3. 직종별 시급 TOP 10 (실제 시장 단가) 4. 50·60대가 가장 많이 시작하는 진입 난이도 ★~★★ 직종 5가지 상세 5. 월 50만원 / 100만원 / 150만원 목표 수입별 현실적 시간 투입 6. 시작 전...,http://cafe.naver.com/eovhskfktmak/5510,4050 우리들의 두번째 시작[은퇴 국민...,https://cafe.naver.com/eovhskfktmak,0,4,0,0,4,False
부업 월 100만원,기타,월100만원더벌기 재택으로 가능한 현실적인 방법,"───────────────── [요즘 월100만원더벌기 왜 이렇게 핫할까?] 예전엔 부업 하면 몸 쓰는 알바부터 떠올렸잖아요. 근데 요즘은 다들 집에서, 그것도 노트북 하나로 한다는 얘기가 많아요. 물가 오르고...",http://cafe.naver.com/koarane/253481,리얼리뷰 공유소ㅣ내돈내산 찐리뷰 커...,https://cafe.naver.com/koarane,0,4,0,0,4,False
부업 월 100만원,유튜브,"(월이백억)유튜브의 본질을 꿰툻고 수익을 반드시 올해 10월달에 100만원, 1천만원, 1억, 100억 극대화한다...","3️⃣ 현재 수익 / 목표수익 : 없음/100만원 4️⃣ 관심 있는 부업 주제 : 유튜브 롱폼, 숏폼 5️⃣ 이런 부분 배우고 싶어요 : 유튜브 롱폼, 숏폼 6️⃣ 자기 소개글 3줄 : 55세 여성입니다.유튜브 롱폼 2개, 숏폼 1개를...",http://cafe.naver.com/dinohighclass/276125,디지털노마드 하이클래스 - 디하클 (유...,https://cafe.naver.com/dinohighclass,0,6,0,0,6,False
부업 월 100만원,기타,월100만원부업 찾다 보면 꼭 나오는 공통 이야기,요즘 월100만원부업 검색 안 해본 분 거의 없을 거예요. 저도 퇴근하고 소파에 앉아서 폰 보다가 이 키워드 몇 번이나 쳐봤는지 몰라요ㅎㅎ 물가 오르는 속도 보면 진짜 가만히 있으면 안 되겠다 싶더라구요. 그래서...,http://cafe.naver.com/koarane/376965,리얼리뷰 공유소ㅣ내돈내산 찐리뷰 커...,https://cafe.naver.com/koarane,0,2,0,0,2,False
부업 월 100만원,기타,월100만원더벌기 생각보다 현실적인 방법들,"월 10만원, 30만원, 50만원 이렇게 쌓아가는 방식이요. 그 과정에서 자동화 구조를 만들면 수익이 점점... 월100만원더벌기에 대해 여러 방향으로 살펴봤는데요. 개인적으로는 단순 노동형 부업보다는 구조형 부업이 맞다고...",http://cafe.naver.com/koarane/330509,리얼리뷰 공유소ㅣ내돈내산 찐리뷰 커...,https://cafe.naver.com/koarane,0,4,0,0,4,False
부업 월 100만원,기타,솔직히 요즘은 월100만원더벌기 정도는 꼭 필요하다고 느끼는 분들 많으시죠.,"───────────────── [ 왜 하필 월100만원더벌기일까?] 월 10만 원, 20만 원보다 체감이 확... 그래서 많은 분들이 이 금액을 기준으로 부업을 찾는 것 같아요. 저도 같은 이유였어요....",http://cafe.naver.com/koarane/291253,리얼리뷰 공유소ㅣ내돈내산 찐리뷰 커...,https://cafe.naver.com/koarane,0,2,0,0,2,False
부업 월 100만원,기타,경기도 김포 40대 쇼핑커넥트 부업으로 100만원 목표하고있습니다,경기도 사는 자영업하는 40살 아줌마입니다 부업 쇼핑커넥트로아이들학원비정도벌어보자라는 100만원 목표로 스레드에 이끌려 가입했습니다 저도할수있겠죠?가아니라 저도할수있습니다!,http://cafe.naver.com/silver0989/4715,네사모 삼성 갤럭시북 갤럭시탭 로봇청...,https://cafe.naver.com/silver0989,0,2,0,0,2,False
부업 월 100만원,기타,서울 강서구 디자이너 부업 수익 100만원 목표,서울 강서구 디자이너 부업 수익 100만원 목표 앞으로 잘부탁드리겠습니다.,http://cafe.naver.com/silver0989/4721,네사모 삼성 갤럭시북 갤럭시탭 로봇청...,https://cafe.naver.com/silver0989,0,4,0,0,4,False
부업 월 100만원,기타,챗GTP부업으로 한 달만에 100만원 만든 썰 푼다,"챗GTP부업으로 한 달만에 100만원 만든 썰 푼다 여러분… 진짜 이건 안 보면 후회할 수도 있어요ㅎㅎ 저 이번... 하루 30분 투자로 월 1,000만원 수익인증까지 한 자동화 퍼널시스템을 그대로 복제해 준다고 하네요~ 20대...",http://cafe.naver.com/koarane/178456,리얼리뷰 공유소ㅣ내돈내산 찐리뷰 커...,https://cafe.naver.com/koarane,0,6,0,0,6,False
부업 월 100만원,기타,직장인재택부업으로 10만원→100만원 만든 리얼 후기,"이 글에서는 제가 어떻게 10만원 벌던 부업이 100만원까지 올라갔는지, 그 리얼한 후기를 공유해볼게요!... 3개월차쯤에는 월 80만원 넘게 찍었고, 지금은 평균 100만원 전후예요ㅎㅎ...",http://cafe.naver.com/koarane/139728,리얼리뷰 공유소ㅣ내돈내산 찐리뷰 커...,https://cafe.naver.com/koarane,0,4,0,0,4,False
부업 월 100만원,기타,간호사투잡 월100만원 도전기,"야간수당 있어도 체력은 한계고, 번아웃 오는 분들도 많더라구요ㅠㅠ 그래서 재택부업이나 온라인부업... 간호사투잡은 월 30~50만원은 비교적 현실적이라는 후기들이 많았어요. 잘 세팅된 구조에서는 월100만원 넘긴...",http://cafe.naver.com/koarane/390627,리얼리뷰 공유소ㅣ내돈내산 찐리뷰 커...,https://cafe.naver.com/koarane,0,6,0,0,6,False
부업 월 100만원,기타,월100만원더벌기 직장인들 요즘 이걸로 많이 하더라구요,"───────────────── [#월100만원더벌기 요즘 분위기] 예전에는 부업이라고 하면 사기부터 떠올랐는데, 요즘은 분위기가 완전 달라요. 특히 온라인 기반으로 소소하게 시작하는 분들이 진짜 많아졌어요....",http://cafe.naver.com/koarane/320244,리얼리뷰 공유소ㅣ내돈내산 찐리뷰 커...,https://cafe.naver.com/koarane,0,2,0,0,2,False
부업 월 100만원,기타,월100만원더벌기 요즘 부업트렌드 정리해봤어요,"월100만원더벌기 요즘 부업트렌드 정리해봤어요 요즘 월100만원더벌기 이야기가 여기저기서 계속 들리더라구요. 회사만 다니면서는 뭔가 빠듯하고, 통장 찍히는 숫자 보면 괜히 한숨부터 나오고요 ㅠㅠ 저도 그래서...",http://cafe.naver.com/koarane/332436,리얼리뷰 공유소ㅣ내돈내산 찐리뷰 커...,https://cafe.naver.com/koarane,0,2,0,0,2,False
부업 월 100만원,기타,월100만원더벌기 자동수익 구조가 핵심입니다,"저도 솔직히 처음엔 에이 설마 했거든요 ㅎㅎ 근데 회사 월급만으로는 답이 안 보이니까, 자연스럽게 부업 쪽을 계속 보게 되더라구요. 그래서 오늘은 월100만원더벌기에 대해 요즘 많이들 찾는 이유랑, 현실적인 방법을...",http://cafe.naver.com/koarane/273300,리얼리뷰 공유소ㅣ내돈내산 찐리뷰 커...,https://cafe.naver.com/koarane,0,4,0,0,4,False
부업 월 100만원,기타,월100만원 더벌기 꿀팁!! 대 공개,"오늘은 제가 직접 해보고 느낀 월100만원더벌기 방법을 진짜 현실적으로 풀어드릴게요 ───────────────── [요즘 월100만원 부업, 진짜 되는 이유] 예전엔 돈을 더 벌려면 몸을 써야 했잖아요. 근데...",http://cafe.naver.com/koarane/112929,리얼리뷰 공유소ㅣ내돈내산 찐리뷰 커...,https://cafe.naver.com/koarane,0,2,0,0,2,False
부업 월 100만원,기타,부업시대(월100만원수익내기 공유합니다.),"월100만원 수익낼수있는 부업 요즘 부업을 고민하는 사람들이 많아지고 있어요. 예전에는 본업만 잘하면 충분했지만, 이제는 추가 수입이 없으면 생활이 어려운 시대가 됐죠. 그렇다면 왜 부업이 필수일까요? 1️⃣ 끝없이...",http://cafe.naver.com/joonggonara/1099982722,중고나라,https://cafe.naver.com/joonggonara,0,4,0,0,4,False
부업 월 100만원,기타,월100만원더벌기 하겠다고 온라인부업 도전중인데 솔직히 불안해요,월100만원더벌기 하겠다고 온라인부업 도전중인데 솔직히 불안해요 요즘 진짜 돈을 벌어야 한다는 생각이 머리에서 떠나질 않네요. 월급만으로는 생활이 빠듯해서 월100만원더벌기 목표를 세워봤는데 막상 시작하려니...,http://cafe.naver.com/koarane/333872,리얼리뷰 공유소ㅣ내돈내산 찐리뷰 커...,https://cafe.naver.com/koarane,0,2,0,0,2,False
부업 월 100만원,기타,월100만원부업 현실 가능성 직접 따져봤어요,"요즘 진짜 주변에서 월100만원부업 얘기 너무 많이 들리지 않나요? 저도 애 키우면서 집에 있는 시간이 많다 보니 자연스럽게 관심이 가더라구요ㅎㅎ 처음엔 솔직히 반신반의했어요. 광고 같기도 하고, 다들 쉽게...",http://cafe.naver.com/koarane/365418,리얼리뷰 공유소ㅣ내돈내산 찐리뷰 커...,https://cafe.naver.com/koarane,0,2,0,0,2,False
부업 월 100만원,기타,제테크카페 가입했습니다 월100만원목표입니다 화이팅,이번에 가입했습니다 온라인부업을 많이하길래 인터넷올린글보고들어왔습니다 월100만원벌고싶습니다,http://cafe.naver.com/2022star/54305,"재테크마을 - N잡,부업,보험,창업,투잡...",https://cafe.naver.com/2022star,0,2,0,0,2,False
부업 월 100만원,기타,재테크카페 가입했어요 부업으로 월100만원 벌고 싶어요,이번달부터 시작합니다! 화이팅,http://cafe.naver.com/2022star/65037,"재테크마을 - N잡,부업,보험,창업,투잡...",https://cafe.naver.com/2022star,0,2,0,0,2,False
부업 월 100만원,기타,월100만원더벌기 초보도 가능한 루트 공개,───────────────── 【요즘 다들 왜 월100만원더벌기 찾을까?】 물가 오르는 속도가 진짜 무섭더라구요. 월급은 그대로인데 카드값은 자꾸 늘고 ㅠㅠ 주변 엄마들이나 지인들도 하나같이 부업 얘기를...,http://cafe.naver.com/koarane/263122,리얼리뷰 공유소ㅣ내돈내산 찐리뷰 커...,https://cafe.naver.com/koarane,0,2,0,0,2,False
부업 월 100만원,기타,위탁판매로 부업 월수익 100만원 넘긴 후기~~!!!,위탁판매로 부업 월수익 100만원 넘긴 후기~~!!! 저는 직장 다니면서 늘 고민했던 게 ‘어떻게 하면 월급 외에... 차부터는 월 120~150만 원 정도 수익이 들어왔어요! ───────────────── [# 위탁판매 꿀팁 몇...,http://cafe.naver.com/koarane/333106,리얼리뷰 공유소ㅣ내돈내산 찐리뷰 커...,https://cafe.naver.com/koarane,0,4,0,0,4,False
부업 월 100만원,기타,간단한부업으로 월 100만 원 가능? 직접 해봤어요,간단한부업으로 월 100만 원 가능? 직접 해봤어요 혹시 요즘 부업 생각하고 계신 분들 많지 않나요? 저도 사실 직장 다니면서 항상 ‘조금만 더 벌 수 없을까…’ 고민했거든요. 그래서 이것저것 찾아보다가 **간단한부업...,http://cafe.naver.com/koarane/62768,리얼리뷰 공유소ㅣ내돈내산 찐리뷰 커...,https://cafe.naver.com/koarane,0,2,3,2,3,False
부업 월 100만원,기타,안녕하세요~ 부업으로 월100만원 벌고 싶네요,부업으로 해서 월에100만씩 벌어보는게 목표입니다! 화이팅!,http://cafe.naver.com/2022star/41288,"재테크마을 - N잡,부업,보험,창업,투잡...",https://cafe.naver.com/2022star,0,2,0,0,2,False
부업 월 100만원,콘텐츠,월100만원더벌기 부업으로 될까 솔직히,"(월100만원 현실적으로 가능한 구조) 하루에 몇 시간씩 투자하는 건 사실 힘들어요. 그래서 요즘은 자동화나 반복 구조가 있는 부업이 주목받아요. 콘텐츠 하나 만들어두고 계속 활용하는 방식이요. 이게 잘 되면 월 30, 50을...",http://cafe.naver.com/koarane/258592,리얼리뷰 공유소ㅣ내돈내산 찐리뷰 커...,https://cafe.naver.com/koarane,0,6,0,0,6,False
부업 월 100만원,기타,"경기,재택부업으로 월100만원 희망합니다.",부업으로 월100만원 희망합니다,http://cafe.naver.com/koarane/388468,리얼리뷰 공유소ㅣ내돈내산 찐리뷰 커...,https://cafe.naver.com/koarane,0,4,0,0,4,False
부업 월 100만원,기타,월100만원더벌기 이건 진짜 현실 가능하다구~ㅎㅎ,월100만원더벌기 가능한 방법 없을까?’ 고민했었는데요. 요즘은 저처럼 온라인으로 수익 파이프라인 만들어가는 분들 많대요! 그래서 오늘은 제가 실제로 보고 느낀 현실 가능한 부업 이야기 들려드릴게요 [* 현실적으로...,http://cafe.naver.com/koarane/338640,리얼리뷰 공유소ㅣ내돈내산 찐리뷰 커...,https://cafe.naver.com/koarane,0,4,0,0,4,False
부업 월 100만원,기타,요즘 집에서할수있는부업 알아보는데...,"집에서할수있는부업을 통해 월 10만원부터 100만원 이상까지, 개인의 노력과 능력에 따라 다양한 수익을 기대할 수 있어요. 집에서할수있는부업 장점과 현실 조건 집에서할수있는부업의 가장 큰 장점은 역시 '유연성...",http://cafe.naver.com/koarane/214984,리얼리뷰 공유소ㅣ내돈내산 찐리뷰 커...,https://cafe.naver.com/koarane,0,4,0,0,4,False
부업 월 100만원,기타,집에서 월100만원부업 도전해도될까요?,집에서 월100만원부업 도전해도 될까요? 요즘 들어 집에서 월100만원부업이라는 말을 너무 자주 보게 되네요. 회사 월급만으로는 생활이 빠듯해서 뭔가 더 해봐야 하나 계속 고민 중이에요. 퇴근하고 나면 몸도 마음도...,http://cafe.naver.com/koarane/258405,리얼리뷰 공유소ㅣ내돈내산 찐리뷰 커...,https://cafe.naver.com/koarane,0,2,0,0,2,False
부업 월 100만원,기타,핸드폰부업 월100만원 가능하다길래 해봄,"핸드폰부업 월100만원 가능하다길래 해봄 혹시 핸드폰부업 관심 있었던 분 계신가요? 요즘 주변에서 자꾸... 저는 처음에 월 20~30 벌다가, 두 달쯤 지나니 80 넘기더라구요. 물론, 그만큼 글도 써야하고 공부도 해야 하긴...",http://cafe.naver.com/koarane/40826,리얼리뷰 공유소ㅣ내돈내산 찐리뷰 커...,https://cafe.naver.com/koarane,0,2,0,0,2,False
부업 월 100만원,기타,"월100만원더벌기 비밀, 저도 드디어 알게됐어요","그래서 ‘나도 뭔가 부업이라도 해야 하나?’ 싶었거든요. 그렇게 검색하다가 월100만원더벌기 실현한 분들 사례를 보게 됐어요. ───────────────── [요즘 다들 시작하는 부업, 진짜 뭐길래?] 요즘은...",http://cafe.naver.com/koarane/105452,리얼리뷰 공유소ㅣ내돈내산 찐리뷰 커...,https://cafe.naver.com/koarane,0,2,0,0,2,False
부업 월 100만원,기타,월100만원 목표로 간단부업 시작해도 될까요?,월100만원 목표로 간단부업 시작해도 될까요? 요즘 물가가 너무 올라서 그런지 월급만으로는 진짜 빠듯하네요. 그래서 간단부업이라도 시작해서 월100만원 정도만 더 벌 수 있으면 숨통이 트일 것 같다는 생각이 듭니다....,http://cafe.naver.com/koarane/390068,리얼리뷰 공유소ㅣ내돈내산 찐리뷰 커...,https://cafe.naver.com/koarane,0,2,0,0,2,False
부업 월 100만원,기타,인천 송도에서 1년 살아보기 중이며 부업 목표로 월100만원 입니다,안녕하세요 평소에 부업에 관심이 있어서 카페에 가입하게 됐어요 비지니스를 오래하다 지금은 정리하고 여러 부업에 도전중이에요 목표는 일단 100만원으로 시작하고 차근차근 성장하려고 합니다 모든분들 화이팅,http://cafe.naver.com/koarane/50922,리얼리뷰 공유소ㅣ내돈내산 찐리뷰 커...,https://cafe.naver.com/koarane,0,2,0,0,2,False
부업 월 100만원,기타,오달카페 가입했습니다. 부업으로 월 100 벌고 싶습니다.,투잡으로 100만원 벌고 싶어요부업으로 월 수익 달성하도록 노력하겠습니다. 모두 화이팅입니다.,http://cafe.naver.com/mamiforyou16/199,오늘도달린다 카페 - 부업 영업 재택부...,https://cafe.naver.com/mamiforyou16,0,6,0,0,6,False
부업 월 100만원,기타,AI글쓰기 월100만원 가능할까,"월100만원 가능할까 요즘 AI글쓰기 얘기 진짜 많이 들리죠? 저도 애 키우면서 집에서 할 수 있는 부업 찾다가... 대표님이 여러 분야에서 월 1,000만원 이상 수익을 만든 경험이 있다고 해서 저도 솔깃했어요ㅎㅎ 특히...",http://cafe.naver.com/koarane/387170,리얼리뷰 공유소ㅣ내돈내산 찐리뷰 커...,https://cafe.naver.com/koarane,0,4,0,0,4,False
부업 월 100만원,기타,월100만원더벌기 방법 찾다가 우연히 알게 된 꿀팁 공유합니다,"저는 원래 카페를 소규모로 운영했는데, 고정비 부담이 너무 커서 진짜 눈물 나더라구요ㅠㅠ 그래서 *‘진짜 현실적으로 월100만원만 더 벌 수 있는 방법’* 없을까 엄청 찾아봤어요. 그러다가 생각지도 못한 부업...",http://cafe.naver.com/koarane/250253,리얼리뷰 공유소ㅣ내돈내산 찐리뷰 커...,https://cafe.naver.com/koarane,0,2,0,0,2,False
부업 월 100만원,기타,"월100만원더벌기 방법, 직장인들이 가장 많이 찾는 이유","“월100만원더벌기” 방법을 진짜 찾게 되더라구요. 오늘은 제가 직접 알아보고, 해보기도 했던 부업... 하루 30분~1시간 투자로 월 1,000만원 수익인증한 시스템을 그대로 ‘복제’해서 세팅까지 해준다구요~ 심지어 팀...",http://cafe.naver.com/koarane/214943,리얼리뷰 공유소ㅣ내돈내산 찐리뷰 커...,https://cafe.naver.com/koarane,0,6,0,0,6,False
부업 월 100만원,기타,천안 주부입니다 월100만원 목표,안녕하세요 현재수입외에 부업으로 월100만원 만들어보고싶습니다 잘부탁드려요 화이팅!!,http://cafe.naver.com/koarane/373208,리얼리뷰 공유소ㅣ내돈내산 찐리뷰 커...,https://cafe.naver.com/koarane,0,2,0,0,2,False
부업 월 100만원,기타,[사알못 1기] 부업 누적 265만 / 본업 매출 2배 UP!... 근데 저는 이제 그만하려구요,100만원 벌렸을 때 어찌나 기쁘던지 ㅋㅋㅋㅋ 사실 3개월이 지나면 부업으로 월 1000만원 이상 벌 줄 알았어요 ㅋㅋㅋㅋㅋㅋㅋㅋㅋㅋㅋㅋㅋㅋㅋㅋㅋㅋㅋㅋㅋㅋㅋㅋ 푸핫 성과 잘 내시는 동기분들을 보면서 나는 왜...,http://cafe.naver.com/dinohighclass/269061,디지털노마드 하이클래스 - 디하클 (유...,https://cafe.naver.com/dinohighclass,0,4,0,0,4,False
부업 월 100만원,기타,월100만원더벌기 시작 전엔 나도 반신반의했어요ㅋㅋ,"하루 30분 투자로 월 1,000만원 수익인증까지 된 구조를 그대로 복제해준다고 하니... 저처럼 처음엔 반신반의했던 분들! 기회가 왔을 때 잡아보세요! 혹시 월100만원더벌기, 투잡, 온라인부업, 온라인마케팅 이런 거 고민...",http://cafe.naver.com/koarane/50292,리얼리뷰 공유소ㅣ내돈내산 찐리뷰 커...,https://cafe.naver.com/koarane,0,8,0,0,8,False
부업 월 100만원,기타,부업하시는 분들 연말정산 배우자공제 안하시나요?,후기 (먹고.사고.다녀오고.배우고.)는 후기 게시판을 이용해주세요 ↫↫ 부업은 사업소득이라 연100만원 이하라는데 이번 연말정산에 배우자공제가 안되네요ㅜㅜ 연100이면 월10도 안되는데ㅜㅜ 작년엔 됐는데...,http://cafe.naver.com/sekoymom/887164,오산 세교맘들의 동행,https://cafe.naver.com/sekoymom,0,2,0,0,2,False
부업 월 100만원,기타,월100만원더벌기 하고 싶은데 현실적으로 가능한걸까,"그래서 ‘월100만원더벌기’ 진짜 많이 검색하게 되더라구요. 근데 솔직히 말하면 뻔한 부업들은 이제... 하루 30분 투자로 월 1,000만원 인증한 시스템을 그대로 복제해서 사용할 수 있게 도와주는 팀이라던데... 혹시 지금...",http://cafe.naver.com/koarane/157339,리얼리뷰 공유소ㅣ내돈내산 찐리뷰 커...,https://cafe.naver.com/koarane,0,4,0,0,4,False
부업 월 100만원,유튜브,남양주 주부입니다~ 부업으로 월100만원 이상 벌고 싶습니다,"특별한 직업은 없지만, 자격증 공부, 유튜브 보면서 부업 등 여러가지 알아보고 실천하는 중입니다 쪼들리는 살림에 조금이라도 더 벌고 싶어 카페 가입했습니다",http://cafe.naver.com/koarane/164171,리얼리뷰 공유소ㅣ내돈내산 찐리뷰 커...,https://cafe.naver.com/koarane,0,4,0,0,4,False
부업 월 100만원,기타,"세상시 천국에서 왔습니다. 30대 여자, 부업으로 100만원 벌고 싶습니다.",부업을 알고 있었는데 스레드 알고리즘에 떠 왔습니다. 네이버커넥트로 딱 100만원만 벌고 싶습니다. 아직 ..... 수입은 0원. 잘 부탁드립니다.,http://cafe.naver.com/silver0989/4713,네사모 삼성 갤럭시북 갤럭시탭 로봇청...,https://cafe.naver.com/silver0989,0,2,0,0,2,False
부업 월 100만원,기타,부업 조금씩 하니까 그래도 발전이 보이네요,부업을 시작하면서 늘 월 백만원이라는 목표를 막연하게 꿈꿨거든요 사실 열심히 한다고 해도 백만원 버는... 부업에미친사람들 카페 가입해서 열심히 정보 얻고 하루에 세시간씩 AI 구매대행 하니까 이번달 100만원...,http://cafe.naver.com/babymombaby/675142,노원 IN 플랫폼-노원맘스-노원,https://cafe.naver.com/babymombaby,0,2,0,0,2,False
부업 월 100만원,기타,"퇴근후부업으로 월100만원 버는 법, 생각보다 간단했어요~","퇴근후부업으로 월100만원 버는 법, 생각보다 간단했어요 혹시 저처럼 ‘퇴근하고 나서도 뭐라도 해볼까?’... 무엇보다 대표님이 실제로 월 1000만원 이상 수익을 내고 계신 분이라 ‘이건 진짜 실전이다’ 싶었어요...",http://cafe.naver.com/koarane/71373,리얼리뷰 공유소ㅣ내돈내산 찐리뷰 커...,https://cafe.naver.com/koarane,0,4,0,0,4,False
부업 월 100만원,기타,직장인부업 cpa마케팅으로 월100 만든 비결,"사실 몇 달 전까지만 해도 '직장인부업? 그게 나랑 무슨 상관이야' 했었거든요. 근데 우연히 접한 cpa마케팅으로 인생이 바뀔 줄은 몰랐어요ㅎㅎ 오늘은 제가 어떻게 월 100을 만들게 됐는지, 진짜 솔직하게 썰...",http://cafe.naver.com/koarane/144135,리얼리뷰 공유소ㅣ내돈내산 찐리뷰 커...,https://cafe.naver.com/koarane,0,2,0,0,2,False
부업 월 100만원,기타,김해 직장인인데 회사가 어려워서 부업으로 월100만원을 목표입니다,처음 해보지만 매일 시간날때마다 해보려고 합니다 작은 돈이라도 수입이나서 재미를 느끼고 싶네요 그렇게 성장해서 월100만원씩은 벌어보고 싶네요 잘부탁드리겠습니다!!,http://cafe.naver.com/koarane/186854,리얼리뷰 공유소ㅣ내돈내산 찐리뷰 커...,https://cafe.naver.com/koarane,0,2,0,0,2,False
부업 월 100만원,기타,요즘 공예부업 알아보는데... 진짜 돈 벌 수 있을까?,"실제로 많은 분들이 공예부업으로 월 30만원에서 100만원 이상까지 벌고 있다고 해요. 평균적으로 하루 2-3시간 투자해서 월 50만원 정도의 부수입을 올리는 분들도 많다고 하니, 공예부업, 정말 매력적이지 않나요? 공예부업...",http://cafe.naver.com/koarane/162654,리얼리뷰 공유소ㅣ내돈내산 찐리뷰 커...,https://cafe.naver.com/koarane,0,6,0,0,6,False
부업 월 100만원,기타,"월100만원더벌기, 직장인들이 요즘 이걸로 눈돌린대요","지금부터 제가 직접 찾아보고 경험한 '월100만원더벌기' 현실 가능한 루트 알려드릴게요! ───────────────── [# 요즘 직장인들, 이런 부업 시작했대요] 회사 끝나고 넷플릭스만 보던 친구가 갑자기...",http://cafe.naver.com/koarane/110884,리얼리뷰 공유소ㅣ내돈내산 찐리뷰 커...,https://cafe.naver.com/koarane,0,2,0,0,2,False
부업 월 100만원,기타,월100만원 가즈아,부업으로 100만원 꼭 추가로 만들어보겠습니다.,http://cafe.naver.com/koarane/466391,리얼리뷰 공유소ㅣ내돈내산 찐리뷰 커...,https://cafe.naver.com/koarane,0,2,0,0,2,False
부업 월 100만원,블로그,띄부띄부부업 진짜로 월수익 나는 구조일까?,요즘 커뮤니티나 블로그 보면 띄부띄부부업 이야기가 자주 보이더라구요. 이게 정확히 뭔지도 몰랐는데... 투자로 월 수익 100만원 넘긴 분들도 있대요! 단순 복사붙여넣기만으로도 된다니 너무 신기했어요. ‘이게...,http://cafe.naver.com/koarane/267771,리얼리뷰 공유소ㅣ내돈내산 찐리뷰 커...,https://cafe.naver.com/koarane,0,8,0,0,8,False
부업 월 100만원,기타,긴급구인/꿀알바.부업.투잡./남.여.처음가능1월 한달수익공개해요!,팁=50~100만원 미만 추가 수익있음 [비교=수수료20%없음+세금기록없음] 일지에 우측 밑 지출부분은 픽업비나눠드리고+보험.월 소정의 고정사용료지출입니다 ㅡ1번일지ㅡ ㅡ2번일지ㅡ #당진알바#당진투잡#당진부업...,http://cafe.naver.com/dj114/869549,당진 부동산,https://cafe.naver.com/dj114,0,6,0,0,6,False
부업 월 100만원,기타,에어비앤비부업으로 월 200 넘는 분들 특징 정리해봄,"‘에어비앤비부업’에 대해 리얼한 정보와 팁, 그리고 이걸로 ‘월 200 넘는 사람들의 특징’까지 싹... 공간을 월 15일만 채워도 150만원! 거기서 운영비 조금 떼도 100만원 이상은 남는 구조더라구요. 진짜 이게...",http://cafe.naver.com/koarane/227201,리얼리뷰 공유소ㅣ내돈내산 찐리뷰 커...,https://cafe.naver.com/koarane,0,2,0,0,2,False
부업 월 100만원,기타,부업으로 월100만원 목표입니다.,부산 육아맘입니다. 월100만원을 향해 열심히노력하겠습니다 잘부탁드립니다.,http://cafe.naver.com/koarane/521594,리얼리뷰 공유소ㅣ내돈내산 찐리뷰 커...,https://cafe.naver.com/koarane,0,2,0,0,2,False
부업 월 100만원,기타,"부산에서 강사하고 있으며,월100만원 이상 목표입니다.","부산에서 프린랜서를 하고있으며, 곧 결혼을 하게되서, 부업으로 열심히 벌고싶습니다. 화이팅",http://cafe.naver.com/uouv96/8729,오늘도 달린다 ㅣ영업·창업·부업 ㅣ...,https://cafe.naver.com/uouv96,0,2,0,0,2,False
부업 월 100만원,기타,월100만원더벌기 직장인들이 찾는 꿀팁 모음.,"생활비는 턱없이 부족하더라구요ㅠㅠ 그래서 오늘은 ""월100만원더벌기""를 주제로, 현실적으로 가능한 부업과 새로운 수익 아이템들을 싹 정리해보려구요. ───────────────── # [직장인들이 가장 많이...",http://cafe.naver.com/koarane/30001,리얼리뷰 공유소ㅣ내돈내산 찐리뷰 커...,https://cafe.naver.com/koarane,0,4,0,0,4,False
부업 월 100만원,기타,챗GTP부업으로 월 300 도전한 후기 공유해요,챗GTP부업으로 월 300 도전한 후기 공유해요 요즘 부업 관심 있는 분들 진짜 많죠? 저도 직장 다니면서 늘... 저도 실제로 한 달 반 만에 100만 원 넘게 벌어서 진짜 현실감 생겼어요. ‘이거 진짜 되는구나…’ 싶더라구요...,http://cafe.naver.com/koarane/177016,리얼리뷰 공유소ㅣ내돈내산 찐리뷰 커...,https://cafe.naver.com/koarane,0,2,0,0,2,False
부업 월 100만원,배달,부업 으로..,글제목 2줄 미만 & 본문 내용없는 무의미한 무성의글 자제해주시기 바랍니다. ----------------------------- 올 2월부터 오토 배달 하는데 월80~100만원 수입시 회사에서 알수 있나요? 그리고 내년 세금신고시 세금 많이 나오나요?,http://cafe.naver.com/nds07/5444543,"배달세상 :: 배달대행, 쿠팡이츠, 배민...",https://cafe.naver.com/nds07,0,4,0,0,4,False
부업 월 100만원,기타,경기도 거주 40대 남자입니다. 월 100 이상 부업을 목표,경기도 거주를 하고 있는 40대 남자입니다. 쏠쏠하게 100만원 이상 부업 금액을 목표로 가입을 하였습니다 우리 모두 목표를 달성할 수 있게 노력해요,http://cafe.naver.com/uouv96/7503,오늘도 달린다 ㅣ영업·창업·부업 ㅣ...,https://cafe.naver.com/uouv96,0,2,0,0,2,False
부업 월 100만원,콘텐츠,"인스타그램 릴스 대행 제작, 월 80만원 부업 루트","인스타그램 릴스 대행 제작, 월 80만원 부업 루트 2025년 인스타그램 릴스는 기업 마케팅의 필수 요소가... 45개 업체만 확보해도 월 60~100만원 수입이 발생합니다. 영상 촬영은 업체당 30분, 편집은 1시간 정도 소요됩니다....",http://cafe.naver.com/koarane/141067,리얼리뷰 공유소ㅣ내돈내산 찐리뷰 커...,https://cafe.naver.com/koarane,0,2,0,0,2,False
부업 월 100만원,기타,청주 제조업하고있습니다 부업으로 월100만원 목표입니다,청주 제조업하고있습니다 부업으로 월100만원 목표입니다 많이 부족하지만 잘부탁드리겠습니다 감사합니다~,http://cafe.naver.com/koarane/416024,리얼리뷰 공유소ㅣ내돈내산 찐리뷰 커...,https://cafe.naver.com/koarane,0,2,0,0,2,False
부업 월 100만원,기타,"자택알바로 월 100만 원 벌기, 가능할까용?","자택알바로 월 100만 원 벌기, 가능할까용? 요즘 진짜 “자택알바” 검색해본 사람 손✋ 학교 끝나고 시간은... ───────────────── [*이거 진짜 현실적인 부업이 될 수 있을까?*] 완전 가능하다고 봐요....",http://cafe.naver.com/koarane/91287,리얼리뷰 공유소ㅣ내돈내산 찐리뷰 커...,https://cafe.naver.com/koarane,0,2,3,2,3,False
부업 월 100만원,기타,월100만원더벌기 방법? 요즘 다 이렇게 벌어요~,"그래서 한창 스트레스 받던 중에 ""월100만원더벌기"" 관련해서 검색해보다가 요즘 다들 어떻게 버는지 알게... 싶어서 저도 알아봤죠ㅋㅋ ───────────────── [* 부업으로 월 100, 진짜 가능할까?] 제가...",http://cafe.naver.com/koarane/43780,리얼리뷰 공유소ㅣ내돈내산 찐리뷰 커...,https://cafe.naver.com/koarane,0,2,0,0,2,False
부업 월 100만원,기타,"손부업으로 월 100 벌었다는 글, 믿어도 될까?","요즘 맘카페나 SNS 보면, ‘손부업으로 월 100 벌었어요~’ 이런 후기 자주 보이지 않나요? 저도 진짜 그 말에... 손부업, 수익은 얼마나 될까?] 많이 궁금한 부분이 이거죠. 현실적으로 말하자면, 한 달에 100만 원? 가능은...",http://cafe.naver.com/koarane/178449,리얼리뷰 공유소ㅣ내돈내산 찐리뷰 커...,https://cafe.naver.com/koarane,0,4,0,2,2,False
부업 월 100만원,기타,월100만원더벌기 가능한 일 뭐가 있을까요? 현실적인 조언 부탁드려요ㅠㅠ,"정말 현실적으로 투잡이나 부업으로 100만원 이상 버는 방법이 있는지 궁금해요. 시간은 저녁이나 주말밖에 없고, 너무 전문적인 건 배우는 데 또 돈이 드니까 어렵구요. 가능하면 스마트폰이나 컴퓨터로 하는 거였으면...",http://cafe.naver.com/koarane/221164,리얼리뷰 공유소ㅣ내돈내산 찐리뷰 커...,https://cafe.naver.com/koarane,0,4,0,2,2,False
부업 월 100만원,기타,"핸드메이드부업, 취미로 시작했다가 월수입까지 생기네요!","핸드메이드부업, 취미로 시작했다가 월수입까지 생기네요! 요즘 저녁마다 조용히 집에서 시간을 보내는 게... 하루 30분 투자로 100만원 이상 수익내는 분들도 많대요~ 특히 저처럼 핸드메이드로 시작한 분들이 더 잘...",http://cafe.naver.com/koarane/298566,리얼리뷰 공유소ㅣ내돈내산 찐리뷰 커...,https://cafe.naver.com/koarane,0,6,0,0,6,False
부업 월 100만원,기타,월100만원더벌기 할 수 있는 온라인 재택부업 총정리,"그 시간에 뭔가 생산적인 걸 해보고 싶어서 이리저리 알아보다가 ""월100만원더벌기""를 키워드로 여러 부업을... 60대 분들도 지금 막 시작해서 월 200 벌고 있다는 말 듣고, 저도 솔직히 충격…ㅋㅋ 컴맹이어도 복붙만 하면...",http://cafe.naver.com/koarane/44474,리얼리뷰 공유소ㅣ내돈내산 찐리뷰 커...,https://cafe.naver.com/koarane,0,4,0,0,4,False
부업 월 100만원,기타,모바일부업으로 월 100 벌었다는 후기 보고 솔직히 충격,"모바일부업으로 월 100 벌었다는 후기 보고 솔직히 충격 진짜루… 요즘 모바일부업으로 월 100 넘게 번다는... ‘이게 진짜 돈이 돼?’ 했는데, 100만 원 넘게 벌었다는 후기 보니까... 나도 못 할 거 없단 생각 들더라구요...",http://cafe.naver.com/koarane/196927,리얼리뷰 공유소ㅣ내돈내산 찐리뷰 커...,https://cafe.naver.com/koarane,0,2,0,0,2,False
부업 월 100만원,기타,서울 사는 일반 회사원 입니다. 부업으로 50만원 ~ 100만원 벌어서 목돈 만들고 싶네요!,월 50~100만원 부업 수익이 목표입니다. 외벌이다보니... 급여만으로는 생활이 빠듯하네요.. 아이들에게 맛있는것도 부담없이 사주고 여행도 같이 다니고 싶네요 부업 열심히 해서 가족들과 좋은 시간 다니는게...,http://cafe.naver.com/koarane/184298,리얼리뷰 공유소ㅣ내돈내산 찐리뷰 커...,https://cafe.naver.com/koarane,0,4,0,0,4,False
부업 월 100만원,기타,40대 직장인 부업스터디 월100만원,1. 부업을 해본경험이 없습니다. 2. 여행다니고싶습니다.,http://cafe.naver.com/pinkehorc/2681,"부업 스터디 (인콘 , 부수입, 재택알바...",https://cafe.naver.com/pinkehorc,0,2,0,0,2,False
부업 월 100만원,기타,가정 부업으로 월 200 가능? 실제 경험자 후기 보니,가정 부업으로 월 200 가능? 실제 경험자 후기 보니... 혹시 요즘 주변에서 ‘가정부업’ 이야기 들어보신 분... 특히 주말 위주로 일하시는 분들은 한 달에 80~100만 원 정도 부수입 챙기신다는 후기도 있구요. 아이 학교...,http://cafe.naver.com/koarane/142652,리얼리뷰 공유소ㅣ내돈내산 찐리뷰 커...,https://cafe.naver.com/koarane,0,4,0,2,2,False
부업 월 100만원,기타,직장인부업 부수입 월 50만원 넘기는 법 공유해요,"직장인부업 부수입 월 50만원 넘기는 법 공유해요 혹시 직장 다니면서도 매달 수익이 늘어나는 느낌...... 벌써 100만원 넘게 버는 분들도 있더라구요! 어떻게 그렇게 빨리 수익이 나지? 싶었는데, 진짜 성실하게...",http://cafe.naver.com/koarane/164112,리얼리뷰 공유소ㅣ내돈내산 찐리뷰 커...,https://cafe.naver.com/koarane,0,6,0,0,6,False
부업 월 100만원,기타,쉬운부업 찾다가 우연히 발견한 꿀템 알바!,"쉬운부업 하면 진짜 얼마 벌 수 있을까? *] 사람마다 다르긴 해요. 근데요, 저처럼 하루에 30분~1시간씩 투자하는 분들은 월 10~20만원은 그냥 기본으로 찍어요ㅎㅎ 좀 더 욕심 내고 시스템화 하면 50만원~100만원도 충분히...",http://cafe.naver.com/koarane/66904,리얼리뷰 공유소ㅣ내돈내산 찐리뷰 커...,https://cafe.naver.com/koarane,0,4,0,0,4,False
부업 월 100만원,기타,구매대행부업 위탁판매 차이점은,구매대행부업 위탁판매 차이점은 요즘 구매대행부업 관심 있는 분들 진짜 많죠? 저도 휴학하고 나서... 솔직히 “월 천만원!” 이런 광고는 좀 과장된 케이스도 많아요 ㅠㅠ 초반에는 월 30~100만원 목표로 잡는 게...,http://cafe.naver.com/koarane/393040,리얼리뷰 공유소ㅣ내돈내산 찐리뷰 커...,https://cafe.naver.com/koarane,0,2,0,0,2,False
부업 월 100만원,기타,월100만원더벌기 진짜 가능한가요?,"50대 초반 가장인데요, 애들 학원비에 생활비까지 감당하려면 월100만원더벌기가 진짜 절실한 상황입니다. 퇴근 후에 할 수 있는 부업이나 알바라도 있으면 당장 시작하고 싶어요. 돈을 벌어야 하는데 요즘 힘들다 보니...",http://cafe.naver.com/koarane/17934,리얼리뷰 공유소ㅣ내돈내산 찐리뷰 커...,https://cafe.naver.com/koarane,0,2,0,0,2,False
부업 월 100만원,기타,재택포장부업으로 월 100벌었다는 후기 봤어요ㅎㅎ,재택포장부업으로 월 100벌었다는 후기 봤어요ㅎㅎ 혹시 재택포장부업 해보신 분 있나요? 요즘 맘카페에서도... 실제로 애 셋 키우는 엄마가 한 달에 100만 원 넘게 벌었다는 후기 보고... 완전 자극 받음요 물론 손 빠른 사람...,http://cafe.naver.com/koarane/114926,리얼리뷰 공유소ㅣ내돈내산 찐리뷰 커...,https://cafe.naver.com/koarane,0,4,0,0,4,False
부업 월 100만원,기타,경기도에 사는 50대 프리랜서 입니다~ 부업으로 월100만원을 목표로 가입했습니다~,잘부탁드립니다~,http://cafe.naver.com/uouv96/9479,오늘도 달린다 ㅣ영업·창업·부업 ㅣ...,https://cafe.naver.com/uouv96,0,2,0,0,2,False
부업 월 100만원,기타,재테크 카페 가입했습니다. 월100만원 목표입니다.,부업 알아보던차에 이카페 가입했습니다. 많은 가르침 부탁드립니다.,http://cafe.naver.com/2022star/66993,"재테크마을 - N잡,부업,보험,창업,투잡...",https://cafe.naver.com/2022star,0,2,0,0,2,False
부업 월 300만원,강의,직장인부업 월300만원 만든 방법,"──────────────────────────── 이렇게 직장인부업으로 월300만원 만든... 월 1,000만원 이상 수익 내신 대표님이 직접 강의하신다고 해서 저도 깜짝 놀랐어요. 부업 찾는 분들한테는 진짜...",http://cafe.naver.com/koarane/391299,리얼리뷰 공유소ㅣ내돈내산 찐리뷰 커...,https://cafe.naver.com/koarane,0,6,0,0,6,False
부업 월 300만원,기타,경기도 사는 50대 직장인이고 부업으로 월 300만원 목표입니다,안녕하세요 경기도 사는 직장인입니다/ 은퇴하고 싶어서 부업을 시작합니다 열심히 해서 올해안에 월300만원 부수업 만들고 싶어요~ 많이 도와주세요~~,http://cafe.naver.com/uouv96/5697,오늘도 달린다 ㅣ영업·창업·부업 ㅣ...,https://cafe.naver.com/uouv96,0,2,3,2,3,False
부업 월 300만원,기타,긴급구인(알바.투잡.부업.)남여.초보환영,근무내용 : 대리운전하시거나&픽업운전만운전 3. 근무기간 : 초저녁5시오픈12시종료중 선택자유 4. 근무지 : 원하는 사무실 선택출근 가능ㅇ 5. 급여조건 :약3~5시간 부업으로 월200~300만원이상~ 6. 담당자 연락처 : ***-****-****,http://cafe.naver.com/dj114/885830,당진 부동산,https://cafe.naver.com/dj114,0,4,0,0,4,False
부업 월 300만원,기타,드랍쉬핑부업으로 월수익 300만원 가능?,드랍쉬핑부업으로 월수익 300만원 가능? 혹시 요즘 ‘드랍쉬핑부업’에 관심 갖고 계신 분들 있으실까요?... 이거 하나만으로요~ 이런 식으로 아이템 3~4개만 잘 굴리면 월 300도 가능한 구조에요. 근데 이건 어디까지나...,http://cafe.naver.com/koarane/82380,리얼리뷰 공유소ㅣ내돈내산 찐리뷰 커...,https://cafe.naver.com/koarane,0,4,0,2,2,False
부업 월 300만원,기타,기지시 꿀알바/부업 긴급 구인합니다~,근무기간 : 초저녁5시오픈12시종료중 선택자유 4. 근무지 : 원하는 사무실 선택출근 가능 5. 급여조건 :약3~5시간 부업으로 월200~300만원이상~ 6. 담당자 연락처 : ***-****-****,http://cafe.naver.com/dj114/886157,당진 부동산,https://cafe.naver.com/dj114,0,2,0,0,2,False
부업 월 300만원,기타,직장인부업으로 월300만원 가능합니다.,"그래서 진짜 수많은 부업을 찾아보다가 ‘직장인부업’이라는 키워드에 꽂혀서 여기까지 오게 됐어요. 특히... 심지어 이 특강을 이끌어 주시는 분이 월 1,000만원 이상 수익을 낸 온네스 대표님이라는데... 솔직히 이런...",http://cafe.naver.com/koarane/319848,리얼리뷰 공유소ㅣ내돈내산 찐리뷰 커...,https://cafe.naver.com/koarane,0,4,0,0,4,False
부업 월 300만원,기타,대구에서 남편과 학원을 운영하고 있고 온라인부업으로 연말까지 월300만원 달성 목표입니다.,살아가야하는 현실에서 노후를 생각하면 불안감이 드는 현실을 부정할수가 없네요. 온라인 부업을 생각하며 이것저것 기웃거리다 가입하게 되었어요. 열심히 따라가보도록 할게요.모든분들 다 잘되시길 응원합니다.,http://cafe.naver.com/koarane/568608,리얼리뷰 공유소ㅣ내돈내산 찐리뷰 커...,https://cafe.naver.com/koarane,0,2,0,0,2,False
부업 월 300만원,기타,"월300만원부업, 솔직히 말해서 가능만 하다면 당장 시작하고 싶지 않으세요?",───────────────── [월300만원부업 자주 묻는 질문] Q. 정말 월 300만원 가능할까요? 가능은 합니다. 다만 구조 설계와 실행이 필수입니다. Q. 초보도 할 수 있나요? 기본 인터넷 활용이 가능하면...,http://cafe.naver.com/koarane/406413,리얼리뷰 공유소ㅣ내돈내산 찐리뷰 커...,https://cafe.naver.com/koarane,0,2,3,2,3,False
부업 월 300만원,기타,경기도에서 사는 프리랜서 목표는 월300만원입니다.,경기도에서 사는 프리랜서 목표는 월300만원입니다. 본업외의 부업수익이 필요합니다. 열심히 해서 월300만원 추가수익 얻었으면 합니다.,http://cafe.naver.com/cafemakecafebest/19904,세상모든꿀팁 ㅣ영업·창업·부업·투...,https://cafe.naver.com/cafemakecafebest,0,4,0,0,4,False
부업 월 300만원,기타,"직장인부업으로 월300만원 벌었다, 나도 해본 솔직 후기...",혹시 이웃님들 중에 직장인부업으로 월300만원 벌었다는 이야기 들어보신 적 있으세요? 요즘 물가도 오르고... 이 차이가 월 수십에서 월300까지의 차이를 만든다고 느꼈어요. ◆초기비용? 리스크? 현실적으로 따져보자...,http://cafe.naver.com/koarane/417649,리얼리뷰 공유소ㅣ내돈내산 찐리뷰 커...,https://cafe.naver.com/koarane,0,4,0,0,4,False
부업 월 300만원,기타,직장인 부업 월300만원 챌린지 3일차,"제목: 직장인 부업 월300만원 챌린지 3일차 오늘의 미션 1. 내용 : 쿠팡에 1개 등록 [1주차] 3일차 - 쿠팡 1개 업로드 2. 완료 나에게 해주는 말 : 내일도 스마스스토어 1개, 쿠팡 1개 등록",http://cafe.naver.com/ceoseller/1342,직장인 월천벌기 부업선배 / 1인사업 ...,https://cafe.naver.com/ceoseller,0,2,0,0,2,False
부업 월 300만원,배달,부끄럽지만 배달 부업 현실적으로 얼마나 가능할지 조언 부탁드립니다,전당포 230만원 자동차담보대출 240만원 신용대출 230만원 (다음 달 만기) 개인돈 200만원 햇살론 300만원... 제 근무시간 기준으로 배달 부업을 하면 현실적으로 월 얼마 정도 벌 수 있는지 지역은 청주입니다. 지금 같은...,http://cafe.naver.com/nds07/5392791,"배달세상 :: 배달대행, 쿠팡이츠, 배민...",https://cafe.naver.com/nds07,0,4,0,0,4,False
부업 월 300만원,기타,50대부업으로 한 달에 300만원 넘게 버는 현실 후기,"50대부업으로 한 달에 300만원 넘게 버는 현실 후기 50대에 접어들고 나니 직장에서의 은퇴도 슬슬 가까워지는... 하루 30분 투자로 월 1,000만 원 수익을 낸 사례까지 있다고 하니, 혹시 50대 부업, 퇴직 후 준비, 온라인...",http://cafe.naver.com/koarane/246973,리얼리뷰 공유소ㅣ내돈내산 찐리뷰 커...,https://cafe.naver.com/koarane,0,6,0,0,6,False
부업 월 300만원,기타,제주에서 감귤 판매 온라인 부업으로 월300만원 목표입니다,제주에서 감귤 판매 온라인 부업으로 월300만원의 수입을 목표로 합니다. 지역 특산물을 활용하고 싶었습니다. 판매 방법을 배우며 열심히 하고 있습니다. 마케팅없이는 농수산물도 어렵다는게 저의 판단입니다. 모두...,http://cafe.naver.com/koarane/456783,리얼리뷰 공유소ㅣ내돈내산 찐리뷰 커...,https://cafe.naver.com/koarane,0,2,0,0,2,False
부업 월 300만원,기타,온라인부업으로 매달 300만원 번 썰 푼다,"온라인부업으로 매달 300만원 번 썰 푼다 혹시 주변에 온라인부업 시작해서 매달 300, 500 벌었다는 얘기... 월 100~200, 많게는 500 넘게 찍은 사람도 있어요! 중요한 건 “시작 후 2~4주 안에 첫 수익 경험”을 만드는 게...",http://cafe.naver.com/koarane/229121,리얼리뷰 공유소ㅣ내돈내산 찐리뷰 커...,https://cafe.naver.com/koarane,0,4,0,0,4,False
부업 월 300만원,기타,20대남자부업으로 월 300만원 가능?,"20대남자부업으로 월 300만원 가능? 혹시 요즘 20대 남자분들 중에서도 부업 관심 있는 분들 많지 않나요? 요즘은 회사 다녀도, 군대 전역해도, 뭐라도 해야 돈이 모이더라구요. 저도 사회초년생 때 진짜 별별 부업 다...",http://cafe.naver.com/koarane/100854,리얼리뷰 공유소ㅣ내돈내산 찐리뷰 커...,https://cafe.naver.com/koarane,0,2,3,2,3,False
부업 월 300만원,기타,부업으로 월300만원 벌기~쿠팡위탁판매,확실히 8월은 휴가도 있었고 해서 주춤했습니다 쿠팡 위탁판매를 시작한지 5개월만에 순수익 1340만원 벌었습니다 그것도 부업으로 말이죠 물론 시간과 노력을 투자 안한건 아닙니다만 다른 부업보다 덜 힘든건...,http://cafe.naver.com/mkas1/1588008,행복재테크ㅣ부동산 투자 경매 창업 직...,https://cafe.naver.com/mkas1,0,6,0,0,6,False
부업 월 300만원,기타,"직장인투잡해서 월300만원, 나도 가능할까 싶었는데…","지금은 월300만원 이상 부수입 만들고 있답니... 그만큼 지금 ‘부업’은 선택이 아니라 필수! 회사 월급만으론 진짜 살기 빠듯한 세상이니까요 그래서 요즘 인기 많은 게 바로 ‘재택투잡’, ‘스마트폰부업’ 같은...",http://cafe.naver.com/koarane/339406,리얼리뷰 공유소ㅣ내돈내산 찐리뷰 커...,https://cafe.naver.com/koarane,0,8,0,0,8,False
부업 월 300만원,기타,오달카페 화이팅 부업으로 300만원 벌고 싶어요,"예시) ~~으로 월 ~~3천만원 꼭 건물주 될래요 올바른 제목 예시) 오달카페 가입했어요 온라인영업을 배우고... 안녕하세요, 카페 규정을 읽었습니다~ 부업으로 돈을 벌고 싶습니다~^^ 모두 화이팅 입니다~^^",http://cafe.naver.com/mamiforyou16/278,오늘도달린다 카페 - 부업 영업 재택부...,https://cafe.naver.com/mamiforyou16,0,2,0,0,2,False
부업 월 300만원,기타,월 50만원 부업인데 신고해야 하나요?,"월 50만 원 부업, 무조건 신고해야 하나요? A. 소득 종류와 연간 합산 금액에 따라 달라요. 기타소득 기준 연 300만 원 초과 여부를 먼저 확인하세요. Q. 직장 다니면서 부업하면 회사에 알려지나요? A. 종합소득세를 별도...",http://cafe.naver.com/techsaver/1388,다다익벌,https://cafe.naver.com/techsaver,0,2,0,0,2,False
부업 월 300만원,기타,서울 직장인 사무직 주부입니다 부업 월300만원 목표입니다.,애드센스와 브랜드 커넥트 열심히 하고 있습니다. 반갑습니다.,http://cafe.naver.com/koarane/436438,리얼리뷰 공유소ㅣ내돈내산 찐리뷰 커...,https://cafe.naver.com/koarane,0,2,0,0,2,False
부업 월 300만원,유튜브,경기도에서 자영업자 입니다. 부업수익 월300만원입니다.,부업으로 블로그도 하고 있는데 수익이 쉽지가 않았는데 유튜브를 통해서 알게 되어서 또 이렇게 새로운 도전을 하려고 합니다. 당장 부업으로 월 수익 목표는 월300만원 입니다. 열심히 해 보겠습니다.,http://cafe.naver.com/koarane/439208,리얼리뷰 공유소ㅣ내돈내산 찐리뷰 커...,https://cafe.naver.com/koarane,0,8,0,0,8,False
부업 월 300만원,기타,광주부업 으로 월 300만원 가능? 진짜일까,"광주부업 으로 월 300만원 가능? 진짜일까 요즘 부업에 관심 있는 분들, 특히 광주 지역 거주자분들 사이에서 부업에 대한 이야기가 많더라구요! 광주부업 검색만 해도 수많은 정보가 쏟아지는데, 문제는 뭐가 진짜고 뭐가...",http://cafe.naver.com/koarane/43091,리얼리뷰 공유소ㅣ내돈내산 찐리뷰 커...,https://cafe.naver.com/koarane,0,2,3,2,3,False
부업 월 300만원,배달,사고는 처음입니다. 상대방이 책임보험이라네요,"소득 관련해서는 본업: 자영업 (월 순매출 약 1,000만 원) 부업: 배달 (월 평균 200~300만 원) 보험은 시간제 보험이라 배달 중 사고에 대해 무보험차 상해 적용이 안 된다고 안내받았습니다. 대물 처리는 가능하여 오토바이...",http://cafe.naver.com/nds07/5424830,"배달세상 :: 배달대행, 쿠팡이츠, 배민...",https://cafe.naver.com/nds07,0,6,0,0,6,False
부업 월 300만원,기타,기아자동차 화성공장 신축 현장사무소 사무보조 알바 급구 _ 월급300,"com 급여 : 월급 300만원 채용정보 업무내용 현장사무실 사무보조 지원자격 워드 등 컴퓨터 활용 가능자 우대사항 근무조건 근무요일 월/화/수/목/금/토 근무시간 08:00 ~ 16:00 근무기간 1개월~3개월 급여 월급 : 3,000...",http://cafe.naver.com/hnmommy/248693,향남맘카페_네이버 대표 향남맘 카페(...,https://cafe.naver.com/hnmommy,0,0,3,0,3,False
부업 월 300만원,기타,"2026 종합소득세, 이렇게 바뀝니다","신고 및 납부 기간 일반 신고자: 2026년 5월 1일(금) ~ 6월 1일(월) 원래 5월 31일까지이나, 올해는 31일이... (또는 부업 소득이 있는 경우) 기타소득: 강연료, 원고료 등 (필요경비 제외 금액이 연 300만 원 초과 시)...",http://cafe.naver.com/mkas1/1960629,행복재테크ㅣ부동산 투자 경매 창업 직...,https://cafe.naver.com/mkas1,0,2,0,0,2,False
부업 월 300만원,기타,투잡/부업 구인합니다^^(소득기록없음.꿀알바),근무기간 : 저녁5시오픈 12시종료 (선택가능) ☆한달30일기준 15일 이상 출근가능자 우대 ☆대략 대리알바 기사님 달20일이상 나오시면 월200~300만원 세금기록없는 꿀알바 가능합니다. (타전국대리처럼 그날 수익20...,http://cafe.naver.com/dj114/884001,당진 부동산,https://cafe.naver.com/dj114,0,6,0,0,6,False
부업 월 300만원,기타,경기 하남에서 법률사무소 송무팀에서 일하고 있으며 월 목표300만원 수익이 목표입니다.,경기 하남에서 법률사무소 송무팀에서 일하고 있으며 월 목표300만원 수익이 목표입니다. 40대 남성으로입니다. 부모님 부양을 해야 하는 상황이라 급여 외 추가적인 수익이 필요하여 부업이 필요한 상황이라 열심히...,http://cafe.naver.com/koarane/269562,리얼리뷰 공유소ㅣ내돈내산 찐리뷰 커...,https://cafe.naver.com/koarane,0,4,0,0,4,False
부업 월 300만원,기타,직장 다니며 오토로 돌릴 수 있을까? 아이스크림 무인창업 장단점 분석,무인창업에 관심 갖게 된 이유 직장 다니면서 할 수 있는 부업을 찾다 보니 자연스럽게 무인창업으로 눈이... 순수익 월 100~300만원 유동인구 많은 상권이면 순수익 300만원 이상도 가능해요. 반대로 입지를 잘못 잡으면...,http://cafe.naver.com/eovhskfktmak/8211,4050 우리들의 두번째 시작[은퇴 국민...,https://cafe.naver.com/eovhskfktmak,0,4,0,0,4,False
부업 월 300만원,기타,50대주부알바로 월20 벌 수 있는 부업 알려드림!,"근데 대부분의 소규모 부업은 '기타소득'이라 연 300만 원 이하 소득이면 신고 안 해도 된다고 하더라구요.... 제가 아는 분은 이걸로 월 200 찍으셨다는데, 진짜 뒷짐지고 있다가는 기회 다 놓칠 수도 있어요......",http://cafe.naver.com/koarane/128692,리얼리뷰 공유소ㅣ내돈내산 찐리뷰 커...,https://cafe.naver.com/koarane,0,2,0,0,2,False
부업 월 300만원,기타,신평거산리 부업 또는 알바 구인합니다.,근무내용 : (대리운전 또는 픽업 알바) 저녁시간만 투잡.부업.알바로 남여 상관없이 약4~5시간 나와... 저녁시간4~5시간만 투잡으로 시간 활용하시어 월 2~300만원 이상 하시는만큼 부수입 어떠세요? 수수료&세금기록...,http://cafe.naver.com/dj114/877882,당진 부동산,https://cafe.naver.com/dj114,0,6,0,0,6,False
부업 월 300만원,블로그,챗GTP부업으로 하루 1시간 투자하면 어떨까?,"챗GTP부업은 노력한 만큼 벌 수 있다는 게 포인트더라구요. 잘하는 분들은 한 달에 100만~300만원도 가능하고, 소소하게는 월 30~50만원도 나온대요. 심지어 어떤 분은 블로그 글만 써서 하루에 5만원 벌었다는 후기도...",http://cafe.naver.com/koarane/27028,리얼리뷰 공유소ㅣ내돈내산 찐리뷰 커...,https://cafe.naver.com/koarane,0,6,0,0,6,False
부업 월 300만원,유튜브,챗gpt 부업으로 월수익 300만원 만들 수 있다구?,"챗gpt 부업으로 월수익 300만원 만들 수 있다구? 요즘 부업이나 투잡 관련해서 유튜브보다가 ""챗gpt로 월수익 300 찍었다""는 말 보고 진짜 눈이 번쩍 저도 프리랜서로 일하면서 수입이 들쑥날쑥해서 이거다 싶어서 파보기...",http://cafe.naver.com/koarane/200226,리얼리뷰 공유소ㅣ내돈내산 찐리뷰 커...,https://cafe.naver.com/koarane,0,8,0,0,8,False
부업 월 300만원,기타,남.여 누구나 할수있는 부업/알바 구인합니다,"많이 받으세요^^ 저희 ""대리운전 전문"" 업체는 저녁시간만 투잡.부업. 알바하시는 기사님 협동으로 운영중... 월200~300만원더 챙겨가 주세요^^* 3. 근무기간 : 초저녁4시~오전12시중 선택 보통저녁7시~12시까지 (약5시간)...",http://cafe.naver.com/dj114/865741,당진 부동산,https://cafe.naver.com/dj114,0,4,0,0,4,False
부업 월 300만원,스마트스토어,"부산 직장 다니며 스마트스토어 운영 중, 월 매출 300만원이 목표입니다.","본업에 지장을 주지 않는 선에서 잠을 줄여가며 노력하고 있는데, 쉽지는 않습니다. 올해 안으로 부업으로만 월 매출 300만원을 달성해서 경제적 자유에 한 걸음 다가서고 싶습니다.",http://cafe.naver.com/koarane/178675,리얼리뷰 공유소ㅣ내돈내산 찐리뷰 커...,https://cafe.naver.com/koarane,0,6,0,0,6,False
부업 월 300만원,기타,자택부업으로 월 이백 도전 주부,"자택부업으로 월 200 도전하는 40대 주부의 현실 이야기 안녕하세요~ 저는 40대 초반, 애 둘 키우는 평범한... “초기비용 3만원만 내면 고수익 보장” 이런 말에 절대 속지 마세요 또 하나는 “하루 10분만에 300만원” 이런...",http://cafe.naver.com/koarane/23910,리얼리뷰 공유소ㅣ내돈내산 찐리뷰 커...,https://cafe.naver.com/koarane,0,6,0,0,6,False
부업 월 300만원,기타,새벽알바로 시작해 월수입 300만원 된 현실썰,새벽알바로 시작해 월수입 300만원 된 현실썰 진짜 사람 일은 모른다고 하잖아요? 예전엔 새벽에 일하는... 이래저래 빠듯하니까 부업이라도 해야겠다 싶어서 새벽알바를 알아봤어요. 오늘은 제가 경험한 새벽알바 현실...,http://cafe.naver.com/koarane/205240,리얼리뷰 공유소ㅣ내돈내산 찐리뷰 커...,https://cafe.naver.com/koarane,0,2,0,0,2,False
부업 월 300만원,콘텐츠,(이보야)부업으로 본업 이상 벌고 싶은 40대 맘입니다!,"월300만원이상 / 디지털 부업으로 월 1,000만원이상 4️⃣ 관심 있는 부업 주제 : 쇼핑쇼츠, 실버롱폼 5️⃣ 이런 부분 배우고 싶어요 : 시간 허비하지 않는 방법 배우고 싶습니다! 6️⃣ 자기 소개글 3줄 : 저는 두아이를...",http://cafe.naver.com/dinohighclass/260458,디지털노마드 하이클래스 - 디하클 (유...,https://cafe.naver.com/dinohighclass,0,2,0,0,2,False
부업 월 300만원,기타,중고명품판매로 월수익 300만원 현실일까,"그런데 생각보다 진입장벽이 낮고, 요령만 잘 알면 부업으로도 괜찮은 수익을 낼 수 있더라고요. 그래서... 단가와 마진 공개!] 예를 들어, 샤넬 클래식백 같은 경우엔 중고가도 300만원 이상인데요. 위탁 수수료를...",http://cafe.naver.com/koarane/151059,리얼리뷰 공유소ㅣ내돈내산 찐리뷰 커...,https://cafe.naver.com/koarane,0,4,0,0,4,False
부업 월 300만원,기타,"스터디까페 창업, 직장인 부업으로 알맞는 아이템","직장인 부업으로 많은 아이템들이 있지만, 오늘은 스터디까페에 대해 알아보겠습니다! 직장인 부업, 왜... 비용 구조 - 월 임대료 : 200~300만 원 - 관리비, 전기, 통신 : 100~150만원 - 인테리어/시스템 감가삼각 : 100만 원...",http://cafe.naver.com/mkas1/1830967,행복재테크ㅣ부동산 투자 경매 창업 직...,https://cafe.naver.com/mkas1,0,2,0,0,2,False
부업 월 300만원,기타,해외거주 온라인셀러입니다. 월300 목표로 합니다.,"안녕하세요, 해외에서 1인 온라인셀러 일을 하고 있고, 부업을 찾던중 알게 되어 조금씩 시작해 보고 있습니다. 단기적으로는 월50만원 두세달뒤 100만원, 올해안에 월300만원 버는 파이프라인 만드는게 목표입니다....",http://cafe.naver.com/cafemakecafebest/21834,세상모든꿀팁 ㅣ영업·창업·부업·투...,https://cafe.naver.com/cafemakecafebest,0,2,0,0,2,False
부업 월 300만원,기타,직장인부업세금 관련 Q&A 궁금했던 거 다 알려드림,"기준은 **1년에 300만원 이상** 소득이 발생하면 **종합소득세 신고** 대상이 돼요. 특히 알바처럼 근로소득이... 부업에도 사업자등록 해야 하나요?] 소득이 작을 땐 괜찮지만, 월 50만원 이상 꾸준히 벌면 **사업자 등록**하는...",http://cafe.naver.com/koarane/375468,리얼리뷰 공유소ㅣ내돈내산 찐리뷰 커...,https://cafe.naver.com/koarane,0,2,3,2,3,False
부업 월 300만원,기타,2026 육아휴직 바뀌는 점 총정리!,최대 월 450만원 ✔ 맞벌이 부부 혜택 확대 ✔ 단기 육아휴직 가능 ✔ 부업·알바 기준 강화 ✔ 근속·연차... 사용 개월 상한액 1개월차 250만원 2개월차 250만원 3개월차 300만원 4개월차 350만원 5개월차 400만원 6개월차...,http://cafe.naver.com/silver0989/9460,네사모 삼성 갤럭시북 갤럭시탭 로봇청...,https://cafe.naver.com/silver0989,0,2,0,0,2,False
부업 월 300만원,기타,신평 거산리 부업.알바 모셔요{당일현금지급}남.여.초보환영,근무내용 : 대리운전 또는 픽업 알바 저녁시간만 투잡.부업.알바로 남여 상관없이 약4~5시간 나와 일하시면... 저녁시간4~5시간만 투잡 활용하시어 월 2~300만원 이상 하시는만큼 부수입 어떠세요? 3. 근무기간...,http://cafe.naver.com/dj114/871275,당진 부동산,https://cafe.naver.com/dj114,0,6,0,0,6,False
부업 월 300만원,기타,월 300 부업으로 꿈을 향해 달려가세요 | 수익형별장스터디 | 외국인관광도시민박,추천영상 (제목만) 월 300 부업으로 꿈을 향해 달려가세요 | 수익형별장스터디 | 외국인관광도시민박 2.... 월300만원을 만들어낸다면 괜찮은 수익 그럼요!!! 외국인 도시민박업을 하다보면 여행객들의 소음으로 인해...,http://cafe.naver.com/mkas1/1478622,행복재테크ㅣ부동산 투자 경매 창업 직...,https://cafe.naver.com/mkas1,0,4,0,2,2,False
부업 월 300만원,기타,직장인 투잡으로 월300만원 이상 벌기 현실적인 전략과 꿀팁,온라인부업을 시작하는 분들이 점점 늘어나고 있는 분위기입니다. 오늘은 직장인 투잡으로 월300만원 이상... 어떤 분은 두 달 만에 월 600만원 수익을 달성했다는 인증도 있어서 저도 보면서 꽤 흥미롭게 느껴졌습니다. 요즘...,http://cafe.naver.com/koarane/422647,리얼리뷰 공유소ㅣ내돈내산 찐리뷰 커...,https://cafe.naver.com/koarane,0,6,0,0,6,False
부업 월 300만원,스마트스토어,"천안 사는 분들, 주부나 직장인들이 할 수 있는 부업 요즘 뭐가 인기일까요?","좋은 부업은?] 제가 참여하고 있는 소모임에서도 몇몇 분들이 경험을 나눠주셨는데요, 쿠팡파트너스로 월 30~50만 원 정도 수익 내는 분, 스마트스토어로 무자본으로 시작해서 매출 300만 원 넘긴 분도 계셨어요. 대부분은...",http://cafe.naver.com/koarane/357741,리얼리뷰 공유소ㅣ내돈내산 찐리뷰 커...,https://cafe.naver.com/koarane,0,10,0,0,10,False
부업 월 300만원,유튜브,서울에서 카페알바를 하고 있습니다.월 순수익 300만원이 목표입니다~,쿠팡파트너스도 부업으로 하고 있는데 마케팅에 대해 배워보고싶어서 유튜브로 검색하던중 여기 카페까지 오게 되었습니다. 잘배워서 챗GPT 사용법등 익숙해지면 월 순수익 300만원이 목표입니다,http://cafe.naver.com/koarane/119768,리얼리뷰 공유소ㅣ내돈내산 찐리뷰 커...,https://cafe.naver.com/koarane,0,8,0,0,8,False
부업 월 300만원,기타,[매수 후기] 부평 신촌구역 재개발 84타입 매수 후기,"소득 - 본업(월): 세후 300만원 - 부업(월): 세후 약 70 ~ 100만원 3. 자금 구성 - 가용 현금: 1억 1,500만원 - 신용 대출: 3100만원 4. 직장 및 거주 - 직장: 서울 역삼역 - 거주: 서울 신대방 (월세 25만원) 2. 매수 물건 1. 매수...",http://cafe.naver.com/dangbustudy/11662,자유 부동산·재테크 스터디,https://cafe.naver.com/dangbustudy,0,2,0,0,2,False
부업 월 300만원,배달,선배님들 27살 도박중독자 마음을 어떻게 다잡아야할지 조언부탁드립니다.,"출퇴근과 생활시간까지 생각하면 추가로 할 수 있는 시간이 많지는 않지만, 지금 상황에서는 배달 부업이... 햇살론 300만원 학자금대출 1000만원 가족빚 600만원 월 고정지출은 아래 정도입니다. 햇살론 40만원 학자금...",http://cafe.naver.com/appleipad01/347143,[도중치]도박중독/스포츠토토/프로토/...,https://cafe.naver.com/appleipad01,0,4,0,0,4,False
부업 월 300만원,기타,2026년 5월 종합소득세 신고 납부 기간 안내,"연말정산만으로 끝나지 않는 사업소득자, 프리랜서, 부업 소득자, 다중 근로자 등이 주로 해당됩니다.... 기타소득이 300만원 초과 연금소득이 일정 금액 이상 등 신고 제외 대상: 근로소득만 있고 연말정산을 완료한...",http://cafe.naver.com/songdolovemom/6781,인천&송도 생활정보,https://cafe.naver.com/songdolovemom,0,2,0,0,2,False
부업 월 300만원,기타,드랍쉬핑으로 집에서 월수익 300만원 가능할까?,좋은 부업 같아요ㅎㅎ ───────────────── [*이거 사기 아님? 실제로 수익 나는지 궁금해요*] 저도 처음엔 그 생각했어요. “이거 또 사기인가?” 근데 주변에서 실제로 한 달에 100~300만원 수익 내는...,http://cafe.naver.com/koarane/93551,리얼리뷰 공유소ㅣ내돈내산 찐리뷰 커...,https://cafe.naver.com/koarane,0,4,0,2,2,False
부업 월 300만원,유튜브,부산 병원에서일하는 간호조무사입니다! 월300만원수익목표입니다!,안녕하세요 부산에 거주하고 병원에서 일을 하고 있습니다! 하지만 월급은 너 무한정적이어서 우연히 유튜브 보다가 부업을 알게되였습니다 월수익 300만 원목표로 열심히 하겠습니다!,http://cafe.naver.com/koarane/32015,리얼리뷰 공유소ㅣ내돈내산 찐리뷰 커...,https://cafe.naver.com/koarane,0,6,0,0,6,False
부업 월 300만원,유튜브,"인천,직장인,월300만원 목표","안녕하세요, 유튜브를 보다 우연히 알게됬네요 부업을 알아보던 중 강사님이 용기를 주셔서 카페까지 왔습니다 아무것도 해본 적이 없지만 능력을 키우고 싶습니다 꼭 해내겠습니다",http://cafe.naver.com/koarane/92605,리얼리뷰 공유소ㅣ내돈내산 찐리뷰 커...,https://cafe.naver.com/koarane,0,4,0,0,4,False
부업 월 300만원,스마트스토어,직장인 부업 월300만원 챌린지 4일차,오늘의 과제 판매상품 3개 정하기 리스트업 완료! 오늘 스마트스토어에 상품 1개 추가등록했어요 이제 판매하는 상품이 2개가 되었네요! 이렇게 차곡차고 쌓이면 주문도 들어오겠죠? 쿠팡은 아직 판매자 가입을 못했네요...,http://cafe.naver.com/ceoseller/1513,직장인 월천벌기 부업선배 / 1인사업 ...,https://cafe.naver.com/ceoseller,0,4,0,0,4,False
부업 월 300만원,기타,퇴근 후 집에서 컴퓨터만 했는데 수익이 무려 300만원? 진짜 cpa 부업일까?,"어느 날 우연히 시작한 cpa 부업으로 월 300 찍었어요ㅋㅋ 처음엔 반신반의했는데, 계속 하다보니 점점 익숙해지고, 진짜 돈이 들어오더라구요. 그래서 오늘은 ‘퇴근 후 컴퓨터로 수익내는 법’ 제대로 정리해보려고...",http://cafe.naver.com/koarane/375322,리얼리뷰 공유소ㅣ내돈내산 찐리뷰 커...,https://cafe.naver.com/koarane,0,4,0,0,4,False
부업 월 300만원,기타,"직장인부업세금, 생각보다 복잡하지 않아요",부업으로 벌면 무조건 세금 내는 거 아니냐? → 그건 아니에요. 일단 **연 300만원 이하의 기타소득**이면 과세 안 되는 경우도 있답니다. 하지만 사업자등록을 내고 정식으로 수익이 나는 경우라면? 소득이 크지 않아도...,http://cafe.naver.com/koarane/290781,리얼리뷰 공유소ㅣ내돈내산 찐리뷰 커...,https://cafe.naver.com/koarane,0,4,0,0,4,False
부업 월 300만원,기타,부업으로 월 300벌기가 목표입니다!,300만원 이상 벌어서 디지털 노마드삶을 살아보고싶네요!,http://cafe.naver.com/koarane/441429,리얼리뷰 공유소ㅣ내돈내산 찐리뷰 커...,https://cafe.naver.com/koarane,0,2,0,0,2,False
부업 월 300만원,기타,챗GTP부업으로 50대도 디지털노마드가 되는 세상,"요즘 들어 부업이란 단어가 참 많이 들립니다. 그도 그럴 것이, 정년을 앞둔 나이에 아직도 경제적 자유와는... 요즘 제 주변에서도 이걸로 월 200~300만 원 이상 수익 내는 분들이 꽤 많습니다....",http://cafe.naver.com/koarane/243434,리얼리뷰 공유소ㅣ내돈내산 찐리뷰 커...,https://cafe.naver.com/koarane,0,4,0,0,4,False
부업 월 300만원,기타,⭐️300만원 상당 선물⭐️ 아직 부업으로 월100 못 버는 사람은 꼭 보세요 (글 삭제 예정),오늘은 여러분들께 어디에서도 풀지 않았던 수많은 부업 실패를 겪고 홈페이지 제작으로 꿈에 그리던 월 1000... 홈페이지 제작은 달랐습니다 홈페이지는 평균 단가가 1건에 200-300만 원입니다 그렇기 때문에 처음 시작하는...,http://cafe.naver.com/woo3284381/42854,부업하는 부자들 | N잡 창업 수익화 경...,https://cafe.naver.com/woo3284381,0,2,0,0,2,False
부업 월 300만원,기타,오달카페 화이팅 부업으로 월급벌고 싶네요.,예시) ~~으로 월 ~~3천만원 꼭 건물주 될래요 올바른 제목 예시) 오달카페 가입했어요 온라인영업을... 필수 부업으로 월급300만원 벌고 싶네요 경제적 자유를 위해서 노력해야겠네요 게시글 1개 + 댓글 10개 자동등업...,http://cafe.naver.com/mamiforyou16/160,오늘도달린다 카페 - 부업 영업 재택부...,https://cafe.naver.com/mamiforyou16,0,2,0,0,2,False
부업 월 300만원,기타,직장인부업 퇴근 후 1시간 투자로 수익내기,대박… 지금은 월 50~80만원 사이를 왔다갔다 하고 있어요! 진짜 한 달에 이 정도만 벌어도 숨통 트이는... ' 걱정하시던데요~ 이 부업은 실명 공개 전혀 없이도 가능하구요. 수익이 1년에 300만원 이하라면 종합소득세 대상도...,http://cafe.naver.com/koarane/186723,리얼리뷰 공유소ㅣ내돈내산 찐리뷰 커...,https://cafe.naver.com/koarane,0,6,0,0,6,False
부업 월 300만원,기타,대전에서 살고 있고 월 고정정으로 300만원이 들어오는게 목표입니다,대전에서 보험업을 하고 있습니다. 영업이 들쑥날쑥한데 부업이 필요해서 들어왔어요. 매달 고정정으로 300만원씩 들어오면좋겠네요. 열심히 해보겠습니다. 우리 다같이 화이팅해보아요,http://cafe.naver.com/uouv96/3584,오늘도 달린다 ㅣ영업·창업·부업 ㅣ...,https://cafe.naver.com/uouv96,0,2,0,0,2,False
부업 월 300만원,기타,대전에서 직장생활을 하고 있으며 월300만원 목표입니다.,안녕하세요. 대전에서 직장생활을 하고 있습니다. 좀더 나은 정년이후 삶을 살고자 부업을 하고자 가입하여 열심히 영상보고 따라 하려고 합니다. 월3000목표가 될대까지 열심히 하겠습니다.,http://cafe.naver.com/koarane/241982,리얼리뷰 공유소ㅣ내돈내산 찐리뷰 커...,https://cafe.naver.com/koarane,0,2,0,0,2,False
부업 월 300만원,강의,직장인부업세금 회사에 알려질까,"연 300만원을 초과하는 기타소득은 신고해야 합니다. 사업자 등록을 했다면 규모와 상관없이 신고는... 여러 분야에서 월 1,000만원 이상 수익을 만든 대표가 직접 강의한다고 합니다. 직장인 부업을 고민하는 분들에게...",http://cafe.naver.com/koarane/390806,리얼리뷰 공유소ㅣ내돈내산 찐리뷰 커...,https://cafe.naver.com/koarane,0,6,0,0,6,False
부업 월 300만원,기타,직장인부업세금 때문에 국세청에서 연락온 썰,"홍보하는 부업을 했거든요. 처음엔 월 20~30 벌길래 신고 안 했대요. 근데 어느날 국세청에서 '소명 요청... 정확히는 ""기타소득 300만원 이하""일 경우엔 '분리과세'로 끝나기도 해요. 근데 이건 건당으로 보는 경우도 있고...",http://cafe.naver.com/koarane/97350,리얼리뷰 공유소ㅣ내돈내산 찐리뷰 커...,https://cafe.naver.com/koarane,0,2,0,0,2,False
부업 월 300만원,기타,재테크부업 시작하려는 주부들 사이에 뜨는 이것,"하루 30분 투자로 월 1,000만원 수익인증까지 된 자동화 퍼널 시스템을 그대로 복제해준다고 하더라구요. 60대 분들도 쉽게 따라할 수 있을 만큼 쉬운 구조라, 혹시 지금 ""부업 뭐하지?"", ""돈 벌고 싶은데 시간 없다ㅠㅠ...",http://cafe.naver.com/koarane/186323,리얼리뷰 공유소ㅣ내돈내산 찐리뷰 커...,https://cafe.naver.com/koarane,0,6,0,0,6,False
부업 월 300만원,스마트스토어,"직장인도 가능하다는 N잡러 부업, 진짜일까","직장인도 가능하다는 N잡러 부업, 진짜일까? 안녕하세요! 저는 30대 후반의 평범한 직장인이에요 사실 요즘... 누군가는 300만원 이상 벌기도 해요. 저는 현재 블로그 + 스마트스토어로 월 약 120만원 정도 부수입을 만들고...",http://cafe.naver.com/koarane/226675,리얼리뷰 공유소ㅣ내돈내산 찐리뷰 커...,https://cafe.naver.com/koarane,0,10,0,0,10,False
부업 월 300만원,기타,화성시 국공유재산 관리업무 기간제 근로자 채용 구인 (관리업무 보조),"사람으로서 300만원 이상의 벌금형을 선고받고 그 형이 확정된 후 2년이 지나지 아니한 사람 6의3. 다음 각... 향남 부업 , 향남부업 , 향남 2지구 부업 , 향남 2지구 재택 , 향남 재택 , 화성시 구인 , 화성시 아르바이트...",http://cafe.naver.com/hnmommy/248494,향남맘카페_네이버 대표 향남맘 카페(...,https://cafe.naver.com/hnmommy,0,4,0,0,4,False
부업 월 300만원,기타,드랍쉬핑부업 혼자서 월 150만원 벌 수 있을까?,온라인마케팅 부업을 함께 하자고 제의를 하였습니다. 그래서 나는 돈도 5만8천원밖에 없고 지금먹는... 컴맹인 저도 첫달 한달만에 거의 300만원 수익인증 했습니다. 여러분도 이글을 보시면 바로 바로 하시는 것을 저는...,http://cafe.naver.com/koarane/99294,리얼리뷰 공유소ㅣ내돈내산 찐리뷰 커...,https://cafe.naver.com/koarane,0,4,0,0,4,False
부업 월 300만원,기타,"육아+가사에 지친 저에게, 이 부업은 정말 숨통이 트이더라구요.","하루 30분 투자로 월 1,000만원 수익인증까지 한 자동화 퍼널시스템을 그대로 복제해 준다고 하네요~ 60대분들도 따라할 수 있는 챗gpt를 이용한 홍보방법까지 싹 다 교육해준다고 하니, 혹시 주부부업, 일자리고민, 경제적...",http://cafe.naver.com/koarane/293887,리얼리뷰 공유소ㅣ내돈내산 찐리뷰 커...,https://cafe.naver.com/koarane,0,6,0,0,6,False
부업 월 300만원,기타,자판기 설치 창업으로 부업 시작한 현실 후기 모음!,"150만원~300만원 정도 하는데, 요즘은 중고도 많고 렌탈도 가능해서 비용 부담이 줄어든 느낌! 물론 설치비... 시작해서 월 40만원 벌고 있음 후기들을 보면서 느낀 게… 이거 생각보다 진짜 가능성 높은 부업이라는...",http://cafe.naver.com/koarane/213703,리얼리뷰 공유소ㅣ내돈내산 찐리뷰 커...,https://cafe.naver.com/koarane,0,2,0,0,2,False
부업 월 300만원,기타,4050부업 이제는 시간보다 구조가 답이더라구요,"4050부업 이제는 시간보다 구조가 답이더라구요 안녕하세요, 저처럼 40대 중반에 부업에 관심 가지신 분들... 하루 30분~1시간 투자만으로도 월 50~300만원 수익 가능성, 충분하다고 느꼈어요....",http://cafe.naver.com/koarane/152289,리얼리뷰 공유소ㅣ내돈내산 찐리뷰 커...,https://cafe.naver.com/koarane,0,6,0,0,6,False
부업 월 300만원,기타,"퇴근후부업추천, 50만원에서 300만원까지 가능?","아이들 교육비, 대출 이자, 생활비까지… 그래서 퇴근 후 할 수 있는 부업을 찾기 시작했고, 지금은 꾸준히 월 50만원~300만원까지 수익을 올리고 있어요. 이 모든 게 자동화 시스템 덕분이었습니다....",http://cafe.naver.com/koarane/111049,리얼리뷰 공유소ㅣ내돈내산 찐리뷰 커...,https://cafe.naver.com/koarane,0,4,3,4,3,False
부업 월 300만원,기타,40대 워킹맘 부업 스터디 월 300만원,가장 힘들었던 부업 혹은 추천하고 싶은 부업과 이유를 작성해주세요 진솔한 내용은 다른 분들께 큰 도움이 됩니다 해외구매대행을 하고 있습니다. 전 잘 되지 않네요. 뭐가 잘 되지 않는지도 늘 고민입니다. 2. 부업으로...,http://cafe.naver.com/pinkehorc/2638,"부업 스터디 (인콘 , 부수입, 재택알바...",https://cafe.naver.com/pinkehorc,0,2,3,2,3,False
부업 월 300만원,기타,"직장인부업세금, 신고 안하면 진짜 큰일날까","기준 딱 알려줄게요!] 부업으로 번 돈이 1년에 300만 원 넘으면 종합소득세 신고 대상이래요. 그 이하라도... 60대 분들도 이걸로 월 수백 버는 분들 꽤 많다고 해서 저도 관심 생겼어요ㅎㅎ 한 번 잘 세팅하면 광고, 수익...",http://cafe.naver.com/koarane/119376,리얼리뷰 공유소ㅣ내돈내산 찐리뷰 커...,https://cafe.naver.com/koarane,0,4,0,0,4,False
부업 월 300만원,기타,인천에서 거주중인 주부입니다. 쿠팡파트너스로 월200~300만원 수익이 목표입니다.,인천에 거주중인 주부입니다. 부업을 찾고 있던 중 알게 되었습니다. 쿠팡파트너스로 월200~300만원 수익이 목표입니다. 이 카페가 많은 도움이 되었으면 좋겠습니다. 잘 부탁드립니다~,http://cafe.naver.com/koarane/23789,리얼리뷰 공유소ㅣ내돈내산 찐리뷰 커...,https://cafe.naver.com/koarane,0,6,0,0,6,False
부업 월 300만원,기타,누구나 쉬운 부업 소개해요!!,누구나 핸드폰만있다면 쉽게 할수있는 부업 추천해요!! 단 5분 투자로 쏠쏠하게 아이 까까값벌어봐요!!... 에이전트 월 평균 300만원 수익 에이전트만의 장점을 보고 같이 시작해요❤️ 신규활동자는...,http://cafe.naver.com/geahwa73/621801,안양군포의왕과천맘(25만명 안양맘 군...,https://cafe.naver.com/geahwa73,0,6,0,2,4,False
부업 월 300만원,기타,시어머니 생활비 걱정 이렇게 해결해봤습니다,그 결과 현재 기준으로는 월 약 300만 원 정도의 현금이 발생하고 있어 기존 연금과 합쳐 생활비 부담이 많이... 노후준비/노후연금저축/소자본1인창업/집에서부업/국민개인연금/부동산재테크/ETF투자방법/ISA계좌/연금보험...,http://cafe.naver.com/eovhskfktmak/7740,4050 우리들의 두번째 시작[은퇴 국민...,https://cafe.naver.com/eovhskfktmak,0,4,0,0,4,False
부업 월 300만원,기타,"AI프로그램 쓰는 직장인들, 부업으로 월 수익 얼마쯤일까?","생각보다 진짜 알차고 현실적인 부업이더라구요. 오늘은 그래서! 직장인들이 AI프로그램을 어떻게... 제가 최근에 본 인증들 기준으로는, 하루 30분 투자로 월 50~300만원까지 가능하다는 사례가 많았어요. 심지어 어떤...",http://cafe.naver.com/koarane/137077,리얼리뷰 공유소ㅣ내돈내산 찐리뷰 커...,https://cafe.naver.com/koarane,0,6,0,0,6,False
부업 월 300만원,기타,스마트폰부업 혼자 몰래 하고 있는 부업 정체는?,"요즘 제 주변에서도 부업 하는 친구들 진짜 많아졌어요 특히 스마트폰 하나로 시작하는 ‘스마트폰부업’은... 하루 1시간 투자해서 월 30만 원 벌었다, 6개월 만에 300만 원 벌었다 등등. 특히 아이 키우는 엄마들이 많이...",http://cafe.naver.com/koarane/237685,리얼리뷰 공유소ㅣ내돈내산 찐리뷰 커...,https://cafe.naver.com/koarane,0,4,0,0,4,False
부업 월 300만원,기타,"직장인 부업세금 공제받는 법, 모르면 손해!",부업으로 일정 금액 이상 수익이 생기면 '기타소득'이나 '사업소득'으로 신고해야 해요. 특히 연간 300만원... 분은 부업으로 월 50만원씩 번대요! 근데 세금신고 안 해서 나중에 가산세까지 맞았다고 하더라구요ㅠㅠ 그래서...,http://cafe.naver.com/koarane/122047,리얼리뷰 공유소ㅣ내돈내산 찐리뷰 커...,https://cafe.naver.com/koarane,0,4,0,0,4,False
부업 월 300만원,기타,챗GTP부업 궁금하셨죠? 요즘 왜 핫한지 알려드림,"한 달만에 300만원 넘게 벌었다는 분도 계셨고요! 믿기지 않아서 처음엔 반신반의했는데... 솔직히... 그래서 그런지 요즘 이걸로 월 천 이상 수익 올리는 사람들도 많대요. 요즘같은 시대에 딱 맞는 부업 형태라, 관심...",http://cafe.naver.com/koarane/118221,리얼리뷰 공유소ㅣ내돈내산 찐리뷰 커...,https://cafe.naver.com/koarane,0,4,0,2,2,False
부업 월 300만원,블로그,부업하는법 찾는다면 요즘 핫한 온라인마케팅은 어때요,"어떤 부업을 하는지 찾아보다가 ""부업하는법"" 진짜 요즘 많이들 검색하더라구요. 특히 요즘... 하루 30분 투자해서 한달에 300만원 넘게 번 분도 있고, 60대 컴맹 분이 블로그로 월 100 벌었다는 얘기도 봤어요. 이건 진짜...",http://cafe.naver.com/koarane/166547,리얼리뷰 공유소ㅣ내돈내산 찐리뷰 커...,https://cafe.naver.com/koarane,0,6,0,2,4,False
부업 월 300만원,블로그,블로그글쓰기알바 시작한 친구가 월수익 300만원 인증한 썰ㅋㅋ,"블로그글쓰기알바 시작한 친구가 월수익 300만원 인증한 썰ㅋㅋ 혹시 요즘 블로그글쓰기알바 알아보는 분들... 검색만 해도 관련 키워드가 계속 뜰 정도니까요 특히 '재택근무', '투잡', '부업' 찾는 직장인, 주부분들...",http://cafe.naver.com/koarane/203562,리얼리뷰 공유소ㅣ내돈내산 찐리뷰 커...,https://cafe.naver.com/koarane,0,10,0,0,10,False
부업 월 300만원,기타,"요즘 부업이나 투잡으로 ""마케팅알바"" 찾는 분들 정보 알려드림!","요즘 진짜 너도나도 부업, 투잡 이야기 많이 하잖아요? 저도 한동안 고민만 하다가 드디어 '마케팅알바... 한 커뮤니티에서는 '마케팅알바로 한 달만에 300만원 넘게 번 후기'도 있던데… 정말 할까 말까 고민하느라 시간을...",http://cafe.naver.com/koarane/284746,리얼리뷰 공유소ㅣ내돈내산 찐리뷰 커...,https://cafe.naver.com/koarane,0,4,0,0,4,False
부업 월 300만원,기타,직장인부업세금 어떻게 신고해야 하나요? 헷갈려요ㅠㅠ,"1년에 300만원 이상 벌었다면 무조건 종합소득세 신고해야 한다는 사실! 그냥 넘어가다 나중에 세무서에서... 저도 이 시스템 통해 부업 시작하게 된 케이스인데, 진짜 추천할 만해요. 하루 30분 투자로 월 1000만원 인증한...",http://cafe.naver.com/koarane/175067,리얼리뷰 공유소ㅣ내돈내산 찐리뷰 커...,https://cafe.naver.com/koarane,0,4,0,2,2,False
부업 월 300만원,기타,직장인 부업 월300만원 챌린지 2일차,"과제 : 카테고리 상품 3개선정 뷰티 카테고리 상품 3가지 선정했습니다. 그 외 오늘은 스토어 판매자 가입, 통신판매업 신고 했어요 이제 내일은 쿠팡 가입하고 뷰티 카테고리 상품 선정해놓은거 등록해볼게요! 느낀점...",http://cafe.naver.com/ceoseller/1455,직장인 월천벌기 부업선배 / 1인사업 ...,https://cafe.naver.com/ceoseller,0,2,0,0,2,False
부업 월 300만원,기타,300만원정도 차용 가능할까요,상환계획: 부업찾다가 단체방 피싱을 당하여 어려운 시기를 겪고 있습니다 카드값이 현재 큰 문제네요... 20% 적용 상환기간: 12개월~60개월 / 부대비용: 신용정보조회비용. 담보권설정비용 최대 연 20% 월 1.67% 일 0.054%이내,http://cafe.naver.com/loancafe/1267214,대부 금융.대부업. 부실채권(NPL) & 경...,https://cafe.naver.com/loancafe,0,2,0,0,2,False
부업 월 300만원,기타,"5월 종합소득세, 나도 대상자? 모르면 세금폭탄 주의해야","부업이나 N잡 소득이 있는 직장인, 부동산 임대소득이 있는 경우, 이자와 배당을 합쳐 연 2천만 원을 초과한 금융소득자, 사적 연금소득이 연 1,200만 원을 넘는 경우, 기타소득이 연 300만 원을 초과하는 경우 모두 신고...",http://cafe.naver.com/pointns/556524,"달팽이주식카페 - [무료 주식카페,주식...",https://cafe.naver.com/pointns,0,4,0,0,4,False
부업 월 300만원,기타,"당근마켓부업, 지역 사람들과 돈 버는 꿀팁 공유했어요","월 200~300만원 수익 내시는 사례가 넘쳐나요 솔직히 저도 퍼널 마케팅 배우고 나서, 인생이 진짜 조금은 바뀌었어요... ───────────────── 지금 온네스에서 자동화 퍼널 시스템으로 함께 할 '실전 부업팀...",http://cafe.naver.com/koarane/31046,리얼리뷰 공유소ㅣ내돈내산 찐리뷰 커...,https://cafe.naver.com/koarane,0,4,0,0,4,False
부업 월 300만원,기타,"2026년 주거·출산·부업지원 총정리, 이건 알고 시작하세요","2026년 주거·출산·부업지원 총정리, 이건 알고 시작하세요 요즘 뉴스 보면 집값, 출산율, 일자리 문제... 첫째부터 최대 300만원, 둘째 이상은 단계적으로 500만원까지. 산후조리비, 아기용품 구입비 등도 바우처로 지급...",http://cafe.naver.com/koarane/143558,리얼리뷰 공유소ㅣ내돈내산 찐리뷰 커...,https://cafe.naver.com/koarane,0,2,0,0,2,False
부업 월 300만원,기타,평택부업 중에 요즘 뜨는 ‘이 방법’ 해본 후기 있음!,평택부업 중에 요즘 뜨는 ‘이 방법’ 해본 후기 있음! 부업 시작한 지 이제 딱 4개월 정도 된 평택 N잡러예요... 애 셋 키우면서도 이걸로 한 달에 300만원 넘게 번다는 거예요? 솔직히 처음엔 안 믿었죠ㅋㅋ 근데 옆에서...,http://cafe.naver.com/koarane/165081,리얼리뷰 공유소ㅣ내돈내산 찐리뷰 커...,https://cafe.naver.com/koarane,0,4,0,0,4,False
부업 월 300만원,기타,직장인부업세금 때문에 고민하는 분들 꼭 보세요~,"결론부터 말하자면 **부업으로 수익이 생기면 신고 대상**이 맞아요. 특히 연간 300만 원 이상의 수익이... 심지어 60대 어르신들도 이 구조로 월 300~1000만원 이상 수익 내시는 분들도 계세요. 챗GPT 활용해서 자동 글쓰기, 자동...",http://cafe.naver.com/koarane/136742,리얼리뷰 공유소ㅣ내돈내산 찐리뷰 커...,https://cafe.naver.com/koarane,0,4,0,0,4,False
부업 월 300만원,기타,직장인부업세금 몰랐다가 뒤늦게 낭패 본 후기,"처음엔 “월 50~100 정도 버는 건 티도 안 나니까 세금 안 낼 거야~” 이렇게 쉽게 생각했는데요… 진짜 생각지도 못한 시점에서 '국세청에서 온 문자' 하나로 모든 게 시작됐습니다. [# 직장인부업, 진짜 아무도 안 걸릴까?]...",http://cafe.naver.com/koarane/115776,리얼리뷰 공유소ㅣ내돈내산 찐리뷰 커...,https://cafe.naver.com/koarane,0,2,0,0,2,False
부업 월 300만원,기타,인형뽑기기계 부업으로 소자본 창업 생각 중이라면 필수 확인,"인형뽑기기계 부업으로 소자본 창업 생각 중이라면 필수 확인! 혹시 요즘 인형뽑기기계 창업에 관심 있는 분... 중고기준으로는 150만원~300만원 사이에 구입 가능하고요, 요즘엔 렌탈 방식도 많아서 부담이 더 적어요. 월...",http://cafe.naver.com/koarane/216996,리얼리뷰 공유소ㅣ내돈내산 찐리뷰 커...,https://cafe.naver.com/koarane,0,2,0,0,2,False
부업 월 300만원,기타,인천일자리센터에서 월300만원 벌던 비결,저는 여기서 배운 덕분에 지금 온라인에서 월 300만원 가까이 벌고 있어요 지금도 그때 안 갔으면 어쩔 뻔했나 싶어요 ㅠㅠ ───────────────── [요즘 인기 많은 ‘챗GPT 부업’도 추천받았어요] 좀 생소한...,http://cafe.naver.com/koarane/80559,리얼리뷰 공유소ㅣ내돈내산 찐리뷰 커...,https://cafe.naver.com/koarane,0,2,3,2,3,False
부업 월 300만원,기타,글쓰기부업 시작 방법과 수익 현실,→ 건당 수익 발생 시 사업자등록 없이도 연간 300만 원 이하는 기타소득으로 처리할 수 있습니다. ───────────────── [한 줄 요약] 글쓰기부업은 자본 없이 시작할 수 있는 대표적 재택부업으로...,http://cafe.naver.com/zpvkdcom/10596,"온라인보험 비교카페 - 종합,어린이,건...",https://cafe.naver.com/zpvkdcom,0,6,0,0,6,False
부업 월 300만원,스마트스토어,직장인 부업 월300만원 챌린지 3일차,오늘과제 판매할 상품 3개정하기 오늘 뷰티카테고리 판매할 상품 3개 선정했는데 1개가 건강기능식품 이더라고요 그래서 2개중 1개만 스마트스토어 상품등록까지 완료했어요! 내일은 쿠팡 가입 진행할 예정이고 선정한...,http://cafe.naver.com/ceoseller/1484,직장인 월천벌기 부업선배 / 1인사업 ...,https://cafe.naver.com/ceoseller,0,4,0,0,4,False
부업 월 300만원,기타,직장인 부업 월300만원 챌린지1일차,과제인증입니다! 1. 내가 자주사고 좋아하는 카테고리 3가지 선정하기 뷰티 생활용품 반려동물용품 상품 뭐가 있나 찾아보고 아직 등록은 못해봤습니다 :) 2. 나에게 하고싶은말 요이땅! 시작한 것만으로도 칭찬해,http://cafe.naver.com/ceoseller/1421,직장인 월천벌기 부업선배 / 1인사업 ...,https://cafe.naver.com/ceoseller,0,2,0,0,2,False
부업 월 300만원,기타,손해보험사수당 부업으로도 가능한가요?,"정도였어요ㅎㅎ ───────────────── [# 월 수익 어느 정도 가능할까? 실사례는?] 이게 제일 솔직한 궁금증이죠. 처음 시작해서 한 달 30~50만 원, 자리 잡으면 150~300만 원 이상도 가능하다고 해요. 물론 고정...",http://cafe.naver.com/koarane/171737,리얼리뷰 공유소ㅣ내돈내산 찐리뷰 커...,https://cafe.naver.com/koarane,0,4,0,2,2,False
부업 월 300만원,기타,부업으로 월수익 300만원입니다.,부업으로 월수익 300만원입니다.,http://cafe.naver.com/coolishz/657921,창사영2[창업사업영업아이템]프랜차이...,https://cafe.naver.com/coolishz,0,4,0,0,4,False
부업 월 300만원,기타,대전에서 치킨가게운영합니다. 부업으로 월300만원 목표입니다.,온라인 부업은 처음이라 생소하고 어색합니다. 어렵기도 하고 그래도 차근차근 배워나가면서 열심히 해보려고 합니다. 잘되어서 목표가 시간이 걸려도 언제가 이루어지기를 기대하며 할 생각입니다.,http://cafe.naver.com/koarane/387866,리얼리뷰 공유소ㅣ내돈내산 찐리뷰 커...,https://cafe.naver.com/koarane,0,2,0,0,2,False
부업 월 300만원,기타,"은퇴 후 적정 생활비, 월 350만 원이면 적당할까?",첫째는~ 은퇴 전 소득 자체가 300만 원 중반대였기에 70% 수준인 250만 원이 크게 낯설지 않은 경우입니다.... 노후준비/노후연금저축/소자본1인창업/집에서부업/국민개인연금/부동산재테크/ETF투자방법/ISA계좌/연금보험...,http://cafe.naver.com/eovhskfktmak/2219,4050 우리들의 두번째 시작[은퇴 국민...,https://cafe.naver.com/eovhskfktmak,0,4,0,0,4,False
부업 월 300만원,기타,"재택,부업으로 월순익 200~300만원 / 파워등급 스토어팜 매매",월매출 약1500 (점점 오르는중) 순익 250~300만원 정산예정금 500만원~(조금더 플러스될수도) 양도희망가 1400만원(정산금포함 실제양도가 900) 댓글 노 쪽지 노 문자나 전화 주세요 010 오팔24 24오삼 회사다니며 3살아이...,http://cafe.naver.com/soho/2070219,"★쇼핑몰창업,스마트스토어,스토어팜,...",https://cafe.naver.com/soho,0,6,0,0,6,False
부업 월 300만원,기타,가입인사 드립니다,활동중인 매체 : 없습니다 4) 현재 수익 : 수익 없음(부업 알아보는 단계) 5) 목표 수익 : 월300만원 6) 거주 지역 : (**시까지) : 경기도 부천시 7) 마지막으로 하고 싶은 말 : 유용한 정보 얻고 꼭 수익 올리고 싶습니다,http://cafe.naver.com/dinohighclass/271903,디지털노마드 하이클래스 - 디하클 (유...,https://cafe.naver.com/dinohighclass,0,4,0,0,4,False
부업 월 300만원,기타,디지털부업 시작하고 나서부터 퇴근 후 시간이 너무 알차게 느껴져요.,"월 30만~300만 원대 수익이 일반적이에요. Q4. 사기나 피싱은 없나요? A4. 공짜로 돈 준다는 곳은 무조건 피하세요! 검증된 플랫폼과 시스템으로만 시작하세요. ───────────────── 이상으로 ""디지털부업...",http://cafe.naver.com/koarane/290939,리얼리뷰 공유소ㅣ내돈내산 찐리뷰 커...,https://cafe.naver.com/koarane,0,4,0,0,4,False
부업 월 300만원,스마트스토어,직장인 부업 월300만원 챌린지4일차 (김진욱),제품 1개 가격비교 & 최종 선정 썸네일 제작 상세페이지 제작 동영상제작 스마트스토어 상품 등록 네이버 카페 업로드 처리 완료 * 나에게 하는 셀프칭찬 -> 잘하고 있음.. 가자 가자,http://cafe.naver.com/ceoseller/1465,직장인 월천벌기 부업선배 / 1인사업 ...,https://cafe.naver.com/ceoseller,0,4,0,0,4,False
부업 월 300만원,기타,직장인 부업 월300만원 챌린지 7일차 (26.3.6),"오늘의 미션 1. 내용 상품 1일 1개 네이버 스마트 스토어, 쿠팡 업로드! 2. 완료 ※ 오늘의 미션 느낀 점 작성 주문량이 너무 많아서 뭔가 이상한 거 같아서 살펴보니 판매중인 제품이 너무 잘나가는 제품이라 다른 곳도...",http://cafe.naver.com/ceoseller/1322,직장인 월천벌기 부업선배 / 1인사업 ...,https://cafe.naver.com/ceoseller,0,2,0,0,2,False
부업 월 300만원,기타,"[송사무장쇼] 부업으로 월1,000만원 직장은 취미로 다녀요","의심 부업으로 현금흐름 1,000만원을 만드신 풍성한 삶님의 이야기 입니다! 월급 따박따박 나오는데... 스터디 카페 1호점 - 700만원 스터디 카페 2호점 - 300만원 에어비앤비 - 80만원 의심만하던 평범한 직장인이 행크를 통해...",http://cafe.naver.com/mkas1/1480175,행복재테크ㅣ부동산 투자 경매 창업 직...,https://cafe.naver.com/mkas1,0,2,0,0,2,False
부업 월 300만원,스마트스토어,직장인 부업 월300만원 챌린지 1일차,1. 스마트스토어 1개 등록 2. 나에게 해주는 말 : 해보자 ~,http://cafe.naver.com/ceoseller/1333,직장인 월천벌기 부업선배 / 1인사업 ...,https://cafe.naver.com/ceoseller,0,4,0,0,4,False
부업 월 300만원,기타,직장인 부업 월300만원 챌린지 6일차 (26.3.5),"오늘의 미션 1. 내용 상품 1일 1개 네이버 스마트 스토어, 쿠팡 업로드! 2. 완료 ※ 오늘의 미션 느낀 점 작성 몇일 전에 올렸던 상품들이 상위노출이 된 거 같아요 쿠팡이랑 네이버 합치면 하루에 주문이 15건정도...",http://cafe.naver.com/ceoseller/1320,직장인 월천벌기 부업선배 / 1인사업 ...,https://cafe.naver.com/ceoseller,0,2,0,0,2,False
부업 월 300만원,기타,직장인 부업 월300만원 챌린지 11일차 (26.3.12),"오늘의 미션 1. 내용 상품 1일 1개 네이버 스마트 스토어, 쿠팡 업로드! 2. 완료 ※ 오늘의 미션 느낀 점 작성 오늘은 본업의 마감날이라 정신이 없었네요 ㅜㅜ 꼭 중요한 일들은 겹쳐서 일어나는 거 같습니다 다음주...",http://cafe.naver.com/ceoseller/1351,직장인 월천벌기 부업선배 / 1인사업 ...,https://cafe.naver.com/ceoseller,0,2,0,0,2,False
부업 월 300만원,기타,직장인 부업 월300만원 챌린지 1일차,오늘의 미션 1. 스마트 스토어 상품 1개 등록 2.완료 나에게 해주고싶은 한마디 시작.참 잘했어~,http://cafe.naver.com/ceoseller/1330,직장인 월천벌기 부업선배 / 1인사업 ...,https://cafe.naver.com/ceoseller,0,2,0,0,2,False
부업 월 300만원,기타,집에서하는부업 시작하려면 꼭 알아야 할 꿀팁들,"───────────────── [# 집에서 하는 부업, 진짜 수익 날까?] 궁금하죠… 저도 제일 궁금했어요ㅎㅎ 결론부터 말하면 **제대로 하면 난다**에요. 한 달 만에 10만 원 버는 사람도 있고, 300만 원 넘게 버는...",http://cafe.naver.com/koarane/144100,리얼리뷰 공유소ㅣ내돈내산 찐리뷰 커...,https://cafe.naver.com/koarane,0,4,0,2,2,False
부업 월 300만원,콘텐츠,인스타재택부업 하루 1시간 투자로 수익 가능할까?,"하루 30분 투자만으로 월 1,000만원 넘게 벌었다는 인증사례도 있대요. 인스타 계정 하나로 이렇게 수익 날 수 있다니.. 저도 도전해보려구요! 혹시 일자리나 부업, 마케팅 고민 중이시라면? 무조건 이거부터 보셔야 해요...",http://cafe.naver.com/koarane/46841,리얼리뷰 공유소ㅣ내돈내산 찐리뷰 커...,https://cafe.naver.com/koarane,0,8,0,0,8,False
부업 월 300만원,콘텐츠,스마트폰부업 하루 30분으로 가능한 현실 후기,"200~300만 원 수익 내는 분도 있어서 자극 받고 있음... 물론 초반엔 공부도 조금 필요하지만, 감 잡고 나면 루틴화 되서 진짜 편해요! ───────────────── [* 부업용 콘텐츠 만들기? 어렵지 않아요!] ""나는...",http://cafe.naver.com/koarane/52681,리얼리뷰 공유소ㅣ내돈내산 찐리뷰 커...,https://cafe.naver.com/koarane,0,6,0,0,6,False
부업 월 300만원,기타,"60대 여성 일자리, 체력 부담 없이 가능한 인기 부업 총정리","60대 여성 일자리, 체력 부담 없이 가능한 인기 부업 총정리 혹시 요즘 ""나도 뭔가 다시 시작해볼 수 있을까?... 200~300만원 버는 분들도 속속 등장 ▶︎ 교육도 어렵지 않고, 처음부터 끝까지 가이드 제공 ▶︎ 팀으로 같이...",http://cafe.naver.com/koarane/237229,리얼리뷰 공유소ㅣ내돈내산 찐리뷰 커...,https://cafe.naver.com/koarane,0,2,0,0,2,False
부업 월 300만원,기타,부업사이트 검색만할껀가요?,현재 최근 5개월 기준으로 월 평균 수입 330만원 정도 되는것 같아요. 월500만원 수익 목표로 달려가고 있습니다. 5개월전 쇼핑커넥트가 없었을땐 애드포스트 구글애드센스로 한달 겨우 20만원 부업 수준이었죠 한달 300만원...,http://cafe.naver.com/silver0989/4452,네사모 삼성 갤럭시북 갤럭시탭 로봇청...,https://cafe.naver.com/silver0989,0,4,0,0,4,False
부업 월 300만원,기타,직장인부업세금 피하려다 더 큰 세금 낼 수도 있다구요!,"기준이 뭐예요?] 요즘 기준으로 기타소득은 연 300만원 초과 시 신고 대상! 사업소득은 사업자 등록을 한 후... 하루 30분 투자로 월 1,000만원 이상 인증된 시스템이라고 하니까, 이거 완전 제대로 된 부업 찾는 직장인들한테...",http://cafe.naver.com/koarane/36165,리얼리뷰 공유소ㅣ내돈내산 찐리뷰 커...,https://cafe.naver.com/koarane,0,4,0,0,4,False
부업 월 300만원,기타,"향남 화성시 만세구보건소 예방접종 지원사업 기간제근로자 채용 구인 _ 일급: 124,240원","사람으로서 300만원 이상의 벌금형을 선고받고 그 형이 확정된 후 2년이 지나지 아니한 사람 6의4.... hwp  향남 부업 , 향남부업 , 향남 2지구 부업 , 향남 2지구 재택 , 향남 재택 , 화성시 구인...",http://cafe.naver.com/hnmommy/247401,향남맘카페_네이버 대표 향남맘 카페(...,https://cafe.naver.com/hnmommy,0,4,0,0,4,False
부업 월 300만원,기타,오토바이 초보입니다 보험이 맞을까여?ㅠ,"전자로 하루에 3~4시간 타는 부업러였는데 투잡이본업이될수도있어서 엔멕스 300만원 중고로 질렀습니다,, 선배님들 보험에대해선 잘 몰라서 알려주세요 더 좋은거 있으면요 ㅠ",http://cafe.naver.com/nds07/5364346,"배달세상 :: 배달대행, 쿠팡이츠, 배민...",https://cafe.naver.com/nds07,0,4,0,2,2,False
부업 월 300만원,기타,은퇴하고 실제로 주식 배당금 3백 이상 받으면서 사시는 분 계실까요,최소 300만 원 이상은 고정적으로 나오게 세팅해두는 겁니다. 월 300 정도면 소박하게 취미 생활도 하고... 노후준비/노후연금저축/소자본1인창업/집에서부업/국민개인연금/부동산재테크/ETF투자방법/ISA계좌/연금보험...,http://cafe.naver.com/eovhskfktmak/6541,4050 우리들의 두번째 시작[은퇴 국민...,https://cafe.naver.com/eovhskfktmak,0,4,0,0,4,False
부업 월 300만원,기타,재택부업 현실 가능할까? 직접 해보니 놀라움,혹시 재택부업 한 번쯤 검색해보신 적 있으세요? 저는 출산 후 육아에 매여 있다가… 어느 날 갑자기 정신이... 후기 보고 놀란 썰] 한 커뮤니티에서 50대 주부가 한 달에 300만원 벌었다는 글 봤어요. 딱 봐도 뻥같았는데...,http://cafe.naver.com/koarane/37703,리얼리뷰 공유소ㅣ내돈내산 찐리뷰 커...,https://cafe.naver.com/koarane,0,4,0,0,4,False
부업 월 300만원,콘텐츠,"요즘 사람들, 무자본부업 이렇게 시작하더라구요!",월 20~50만 원을 목표로 시작했다가 3개월 뒤엔 200~300만 원까지 확장했다는 분도 봤어요. 그분 후기 보고 진짜 동기부여 확 됐습니다. ───────────────── [# 부업시장 트렌드는 ‘자동화 + 콘텐츠’...,http://cafe.naver.com/koarane/284981,리얼리뷰 공유소ㅣ내돈내산 찐리뷰 커...,https://cafe.naver.com/koarane,0,4,0,0,4,False
부업 월 300만원,기타,직장인부업세금 신고 안하면 진짜 어떻게 될까용?,직장인부업세금 신고는 ? 작은금액이라도 해야 할까요 ? 혹시 요즘 부업 시작하신 직장인 분들 계십니까?... 기준은 분명합니다] ‘월 몇 만 원은 괜찮다더라~’ 하는 말 많지요. 실제론 수익이 연 300만원을 넘기면...,http://cafe.naver.com/koarane/228462,리얼리뷰 공유소ㅣ내돈내산 찐리뷰 커...,https://cafe.naver.com/koarane,0,4,0,0,4,False
부업 월 300만원,기타,직장인부업 진짜 되는 방법 공유함!,"직장인부업으로 월수입 얼마나 가능할까?] 사람마다 다르겠지만요, 제 주변에선 평균적으로 한 달에 50만 원에서 300만 원까지 벌더라구요. 특히 자동화 시스템 잘 돌리는 분들은 월 1,000도 넘게 벌어요! 물론 처음엔 그...",http://cafe.naver.com/koarane/118694,리얼리뷰 공유소ㅣ내돈내산 찐리뷰 커...,https://cafe.naver.com/koarane,0,2,0,0,2,False
부업 월 300만원,기타,경기도 시흥입니다. 월300만원이 목표입니다.,요즘 하고 있는 일이 힘들어 부업해서 수창해보고 싶습니다. 제게도 봄날이 오겠죠? 모두 화이팅입니다!,http://cafe.naver.com/koarane/417229,리얼리뷰 공유소ㅣ내돈내산 찐리뷰 커...,https://cafe.naver.com/koarane,0,2,0,0,2,False
부업 월 300만원,블로그,직장인부업세금과 부업소득 기준 정리해봤어요,"부업 소득이 300만 원인데 신고 안 해도 되나요? A. 기준은 500만 원입니다. 다만, 지급처에서 세무서에 자료 넘기면 적발될 수 있어요. Q. 블로그 애드포스트 수익도 부업소득으로 잡히나요? A. 네, 물론입니다! 애드센스...",http://cafe.naver.com/koarane/292677,리얼리뷰 공유소ㅣ내돈내산 찐리뷰 커...,https://cafe.naver.com/koarane,0,6,0,0,6,False
부업 월 300만원,유튜브,챗GTP부업 관심있다면 요즘 가장 핫한 이 구조 주목!!,"───────────────── [# 챗GTP부업, 실제 후기 들어보니?] 제가 관심 생기고 나서 진짜 유튜브 후기도 많이 찾아봤거든요. 근데 진짜... 놀랐어요;; 60대 어르신도 이걸로 한 달에 300만원 수익 내고 계시고...",http://cafe.naver.com/koarane/83578,리얼리뷰 공유소ㅣ내돈내산 찐리뷰 커...,https://cafe.naver.com/koarane,0,6,0,0,6,False
부업 월 300만원,유튜브,유튜브 손부업 광고 속 '이것' 보이면 무조건 거르세요,실제로 제가 아는 지인도 유튜브 손부업 광고를 보고 프로그램 구매비로 300만 원을 날린 적이 있네요. 돈을... 유튜브 손부업 광고에서 말하는 월 천만 원은 현실적으로 숙련된 전문가가 아니면 불가능합니다. 단순...,http://cafe.naver.com/silver0989/4112,네사모 삼성 갤럭시북 갤럭시탭 로봇청...,https://cafe.naver.com/silver0989,0,4,0,0,4,False
부업 월 300만원,기타,프리한 알바.투잡.부업 을 구인합니다,보통 투잡.부업으로 월 세금기록없이 150~300만원 부수입 가져가십니다(본인 상황에 하시는 만큼가능) 3. 근무기간 : 초저녁5시~자정12시 중 선택가능 (보통 저녁6~7시 시작하여 12시 까지 하십니다^^) 4. 근무지...,http://cafe.naver.com/dj114/840140,당진 부동산,https://cafe.naver.com/dj114,0,6,0,0,6,False
부업 월 300만원,콘텐츠,"유사나헬스 사이언스코리아, 요즘 이 부업으로도 화제라네요~","키우면 월 수익이 300만 원 넘는 경우도 봤어요. 물론 개인차는 있지만, 기존 부업들에 비해 ‘노동강도 대비 수익’이 높은 편이에요. 특히 콘텐츠 한번 만들어두면, 그게 계속해서 수익을 발생시켜준다는 점이 진짜...",http://cafe.naver.com/koarane/157093,리얼리뷰 공유소ㅣ내돈내산 찐리뷰 커...,https://cafe.naver.com/koarane,0,6,0,0,6,False
부업 월 300만원,기타,미용사자격증 하나로 취업과 부업까지 가능하대요!,"미용사자격증 하나로 취업과 부업까지 가능하대요! 혹시 미용사자격증 준비하시는 분들 계세요? 요즘 제... 도구랑 재료비는 별도니까, 대략적으로 250~300만 원 정도 잡으면 준비가 된대요. 이거 들으니 생각보다 큰 부담은...",http://cafe.naver.com/koarane/88531,리얼리뷰 공유소ㅣ내돈내산 찐리뷰 커...,https://cafe.naver.com/koarane,0,2,0,0,2,False
부업 월 300만원,기타,부업.알바.투잡으로 한달250만원 더 벌기(하루5시간)꿀알바모십니다,남.여.상관없이 2.3교대포함 부업.투잡.알바로 저녁에만 약4~6시간 시간활용하시어 월200~300만원 현금 부수익 더 노력해서 제2의 월급 통장저금. 함께하실 회원님 언능오세요 운전 잘하시는 운전재능 기부도 하시고...,http://cafe.naver.com/dj114/848471,당진 부동산,https://cafe.naver.com/dj114,0,6,0,0,6,False
부업 월 300만원,기타,대학생 아이 두신 분들께 여쭤봅니다.,"요즘은 학기당 300만 원은 기본이고, 전공에 따라 400만 원 넘는 경우도 많다고 들었어요. 이걸 월로 나눠보면... 부업도 따로 하면서 지내고 있는데 교육비를 위한 재테크를 또 해야겠어요 ㅎㅎ.. 아이한테 어디까지...",http://cafe.naver.com/eovhskfktmak/7661,4050 우리들의 두번째 시작[은퇴 국민...,https://cafe.naver.com/eovhskfktmak,0,2,0,0,2,False
부업 월 300만원,기타,혹시 부업이나 무인창업 고민 중이신 분들 계신가요? 그럼 오늘은 코인빨래방 이야기를 해볼게요!,충분히 부업으로 가능하겠다는 확신이 들었어요! ───────────────── [*수익은 얼마나 될까? 실제 후기 들어보면 더 놀라워요!*] 서울 외곽 한 상가에서 운영 중인 한 분은 월 순수익 200~300만 원 선이라고...,http://cafe.naver.com/koarane/311612,리얼리뷰 공유소ㅣ내돈내산 찐리뷰 커...,https://cafe.naver.com/koarane,0,4,0,0,4,False
부업 월 300만원,기타,퇴직 후 월 300 만들기..!,소규모 부업 조합 많이 보이던데 막상 계산하면 쉽진 않네요 그래도 방향은 그쪽인 것 같아서 요즘 계속 공부만 하고 있습니다 노후준비/노후연금저축/소자본1인창업/집에서부업/국민개인연금/부동산재테크/ETF투자방법...,http://cafe.naver.com/eovhskfktmak/650,4050 우리들의 두번째 시작[은퇴 국민...,https://cafe.naver.com/eovhskfktmak,0,4,0,0,4,False
부업 월 300만원,기타,공무원 부업 가능할까? 현실적으로 정리해봤어요,그래서 요즘은 공무원도 ‘부업’을 고민하는 분들이 많더라구요. 오늘은 공무원이 할 수 있는 부업 종류와... 익숙해지면 월 100~300만원까지 가능해요. 사이드 수익으로는 이 정도면 충분히 만족스럽죠. 특히나 고정 월급...,http://cafe.naver.com/2022star/38229,"재테크마을 - N잡,부업,보험,창업,투잡...",https://cafe.naver.com/2022star,0,4,0,0,4,False
부업 월 300만원,스마트스토어,안녕하세요 후기의 후기입니다,지금도 부업으로 조금씩 상품을 늘려가고 있습니다 제가 온라인 쇼핑몰을 개설한지 10년정도 되었더라구요 8년동안 네이버스마트스토어 '매출'로 월200-300만원? 수준이었습니다 이러고 8년을 버틴게 신기하네요...ㅋㅋ...,http://cafe.naver.com/jinktrade/47743,소호무역창업센터-온라인1인기업일본중...,https://cafe.naver.com/jinktrade,0,8,0,0,8,False
부업 월 300만원,기타,40대 직장인 부업 스터디 월 300만원,가장 힘들었던 부업 혹은 추천하고 싶은 부업과 이유를 작성해주세요 진솔한 내용은 다른 분들께 큰 도움이 됩니다 -아직 부업 경험이 없는 직장인 입니다. 카페활동 열심히 하여 다같이 많은 경험을 공유하고 싶습니다....,http://cafe.naver.com/pinkehorc/2520,"부업 스터디 (인콘 , 부수입, 재택알바...",https://cafe.naver.com/pinkehorc,0,2,3,2,3,False
부업 월 300만원,기타,53세 조기은퇴 준비 중인데 은퇴후생활비를 어느 정도로 잡아야 할지 고민입니다,"부부 기준으로 월 250만 원이 맞는 건지, 아니면 300만 원은 잡아야 하는 건지 감이 잘 오질 않거든요.... 노후준비/노후연금저축/소자본1인창업/집에서부업/국민개인연금/부동산재테크/ETF투자방법/ISA계좌/연금보험...",http://cafe.naver.com/eovhskfktmak/6521,4050 우리들의 두번째 시작[은퇴 국민...,https://cafe.naver.com/eovhskfktmak,0,4,0,0,4,False
부업 월 300만원,기타,"[자격증 1편] ""생돈 450만원 아꼈습니다"" 밤새 정리한 재취업의 끝판왕 '전기 vs 안전' (2026년 최신판)",(연 300만원 추가 수익 가능) . . 오늘 이 글 하나만 제대로 읽으셔도 최소 450만원 이상의 가치를 가져가시는... me/5UVdn29I 노후준비/노후연금저축/소자본1인창업/집에서부업/국민개인연금/부동산재테크/ETF투자방법...,http://cafe.naver.com/eovhskfktmak/7373,4050 우리들의 두번째 시작[은퇴 국민...,https://cafe.naver.com/eovhskfktmak,0,6,0,0,6,False
부업 월 300만원,기타,은퇴 자금 8억 그냥 넣어두면 안 된다는 걸 깨달았어요,월 생활비가 300만원 중반 정도 필요하다고 하면 배당만으로 그걸 충당하려면 대략 어느 정도 규모가... 고기체인점/부업창업/창업아이디어/예비창업자/40대창업/60대창업/50대창업/여성창업아이템/직장인투잡...,http://cafe.naver.com/eovhskfktmak/6941,4050 우리들의 두번째 시작[은퇴 국민...,https://cafe.naver.com/eovhskfktmak,0,4,0,0,4,False
부업 월 300만원,기타,부업또는 알바 모십ㅣ니다,무관~ 꿀알바/부업/투잡 입니다~ 하루종일 시간으로 일하시는거 아닙니다\ 당일 출근가능한 날 저녁에... 담당자 연락처 : ***-****-**** 귀한 저녁시간 보람차게 활용하여 월2~300만원더~ 저녁7시부터 자정12시까지 빤짝...,http://cafe.naver.com/dj114/855715,당진 부동산,https://cafe.naver.com/dj114,0,4,0,0,4,False
부업 월 300만원,기타,"자기계발비지원제도, 제대로만 알면 부업까지 연결돼요~","국민내일배움카드, 최대 300만원 교육비 지원 3. 여성가장 대상 온라인교육 및 장비지원 4. 지방자치단체 창업... 바로 부업 실전으로 활용하는 분들이 진짜 많아요. 실제로 이걸로 월 100이상 수익 만든 분들도 계시더라구요...",http://cafe.naver.com/2022star/37973,"재테크마을 - N잡,부업,보험,창업,투잡...",https://cafe.naver.com/2022star,0,4,0,0,4,False
부업 월 300만원,기타,"직장인부업 추천, 요즘 핫한 자동화수익 알아봤어요","요즘 진짜 주변에 부업하는 사람들이 부쩍 많아졌어요. 저는 서울에 사는 30대 마케터인데요, 회사 일은 늘... “진짜 수익 나요?” 그래서 실제 후기를 많이 찾아봤는데요, 하루 30분 투자해서 월 200~300만원을 만든...",http://cafe.naver.com/koarane/178224,리얼리뷰 공유소ㅣ내돈내산 찐리뷰 커...,https://cafe.naver.com/koarane,0,6,0,2,4,False
부업 월 300만원,기타,40대 직장인 부업 스터디 월 300만원,"** 글 제목은 본인 연령, 직업 + 카페명 (부업 스터디) + 원하는 월수입액을 작성해주세요 제목에 '부업'이라는 단어가 꼭 들어가야합니다 ^^ 1. 가장 힘들었던 부업 혹은 추천하고 싶은 부업과 이유를 작성해주세요 진솔한...",http://cafe.naver.com/pinkehorc/2228,"부업 스터디 (인콘 , 부수입, 재택알바...",https://cafe.naver.com/pinkehorc,0,2,3,2,3,False
부업 월 300만원,기타,실버타운 비용 많이드나요?,보증금이 몇 억 단위라는 얘기도 있고 월 생활비도 100만 원대부터 300만 원 이상까지 다양하다고 해서 실제... 노후준비/노후연금저축/소자본1인창업/집에서부업/국민개인연금/부동산재테크/ETF투자방법/ISA계좌/연금보험...,http://cafe.naver.com/eovhskfktmak/3614,4050 우리들의 두번째 시작[은퇴 국민...,https://cafe.naver.com/eovhskfktmak,0,4,0,0,4,False
부업 월 300만원,기타,온라인 구매대행 부업으로 수익 낼 수 있을까,"온라인 구매대행 부업으로 수익 낼 수 있을까 최근 몇 년 사이, 재택 부업 시장에서 ‘온라인 구매대행’... 수익은 한 건당 2,000~10,000원 수준의 차익이 발생하며, 판매량이 쌓이면 월 수익이 30만 원~300만 원 수준까지...",http://cafe.naver.com/koarane/118324,리얼리뷰 공유소ㅣ내돈내산 찐리뷰 커...,https://cafe.naver.com/koarane,0,6,0,0,6,False
부업 월 300만원,기타,국민연금 조기수령 조건 언제부터 일까요?,집에서부업/국민개인연금/부동산재테크/ETF투자방법/ISA계좌/연금보험/일시납연금보험/노후연금/개인연금추천/연금보험비교/재택근무알바/노후자금/연금저축계좌/비과세연금보험추천/돈버는방법/집에서할수있는부업...,http://cafe.naver.com/eovhskfktmak/6842,4050 우리들의 두번째 시작[은퇴 국민...,https://cafe.naver.com/eovhskfktmak,0,6,0,2,4,False
부업 월 300만원,스마트스토어,경기 거주 직장인입니다 스마트스토어로 월 순수익 300만원이 목표입니다,안녕하세요 경기 거주하는 직장인입니다 스마트스토어 부업으로 하고 있는데 이걸로 월 순수익 300 찍는게 목표입니다 여기 분들 보니 동기부여 되네요ㅎㅎ 다들 함께 화이팅해봅시다!!,http://cafe.naver.com/koarane/140257,리얼리뷰 공유소ㅣ내돈내산 찐리뷰 커...,https://cafe.naver.com/koarane,0,6,0,0,6,False
부업 월 300만원,스마트스토어,네이버스토어창업 막막했던 초보에서 월매출 300만 찍은 썰,"진짜 아무것도 모르던 저도, 월매출 300만 원을 찍게 되기까지의 과정을 살~짝 공유해볼게요ㅎㅎ ───────────────── [# 요즘 대학생들 사이에서 뜨는 부업템은?] 네이버 스마트스토어는 진짜 핫해요...",http://cafe.naver.com/koarane/205439,리얼리뷰 공유소ㅣ내돈내산 찐리뷰 커...,https://cafe.naver.com/koarane,0,6,0,0,6,False
부업 월 300만원,스마트스토어,나는 퇴근후 부업으로 월300만원 벌었다 블로그도 필요 없었음!,"스마트스토어나 블로그는 시작하기도 전에 지쳐서 포기 그러다 알게 된 게, 블로그도 필요 없고 제품도 없이 가능한 부업이더라구요! 그래서 제가 실제로 어떻게 월 300 벌게 됐는지, 어떤 방식으로 수익이 나는지...",http://cafe.naver.com/koarane/343037,리얼리뷰 공유소ㅣ내돈내산 찐리뷰 커...,https://cafe.naver.com/koarane,0,8,0,0,8,False
부업 월 300만원,기타,직장인 부업 월300만원 챌린지 7일차,두번째라 그런지 상품 등록 하는데 시간이 많이 줄었어요 네이버만 등록 했습니다. 쿠팡 등록 하러 갈께요~,http://cafe.naver.com/ceoseller/1361,직장인 월천벌기 부업선배 / 1인사업 ...,https://cafe.naver.com/ceoseller,0,2,0,0,2,False
부업 월 300만원,기타,(알바.투잡 부업) 당일 만천원 으로 10만원이상 벌수있는 투잡 모십니다^^(하루5시간정도),"운전 잘하시고,친절하신 회원님 이시라면 처음 하시는분 초보도 환영합니다~ 남여구분없이 저녁시간 활용으로 월200~300만원 더 벌어가 주세요 투잡.부업으로 단시간 고수익 가능한 알바는 저희 지역대리 가 최고...",http://cafe.naver.com/dj114/844546,당진 부동산,https://cafe.naver.com/dj114,0,6,0,0,6,False
부업 월 300만원,기타,50대 은퇴 준비 안 하면 늦는 이유 및 대비방법,보통 은퇴 후 생활비는 월 250만~300만원 정도라고 하는데 30년을 산다고 가정하면 최소 9억~10억 정도가... “은퇴 후에도 일을 해야 한다” ✓재취업 ✓파트타임 ✓자격증 활용 ✓부업 이런 식으로 소득을 이어가는...,http://cafe.naver.com/eovhskfktmak/2989,4050 우리들의 두번째 시작[은퇴 국민...,https://cafe.naver.com/eovhskfktmak,0,2,0,0,2,False
부업 월 300만원,기타,수원에서 갈비가게 운영해요 월300만원 목표입니다,하루12시간 넘게해도 원하는 수익은 안나옵니다 그래서 부업도 생각하게 되었어요 조금이라도 짬이나면 열심히 할겁니다 동기만 있으면 가능할것 같아요,http://cafe.naver.com/koarane/64054,리얼리뷰 공유소ㅣ내돈내산 찐리뷰 커...,https://cafe.naver.com/koarane,0,4,0,0,4,False
부업 월 300만원,기타,실버타운 입주 조건 비용 연령 비교,"월 생활비는 식사 포함 여부, 서비스 수준에 따라 약 100만원~300만원 이상까지 형성됩니다. 고급형... 노후준비/노후연금저축/소자본1인창업/집에서부업/국민개인연금/부동산재테크/ETF투자방법/ISA계좌/연금보험...",http://cafe.naver.com/eovhskfktmak/4237,4050 우리들의 두번째 시작[은퇴 국민...,https://cafe.naver.com/eovhskfktmak,0,4,0,0,4,False
부업 월 300만원,스마트스토어,찜1780 반려동물 스토어 급처합니다!,★ 양도 양수시 원하는 매매 금액 (구체적으로 노출이 어려울 경우 대략적인 금액이라도 명시) : 300만원... 쇼핑몰 규모가 너무크지도 너무 작지도않아 초보 셀러분이나 직장인분들 부업에는 딱 좋은 쇼핑몰이라...,http://cafe.naver.com/soho/4036339,"★쇼핑몰창업,스마트스토어,스토어팜,...",https://cafe.naver.com/soho,0,4,0,0,4,False
부업 월 300만원,기타,"서울시니어주택, 중산층이 들어가기엔 여전히 문턱이 높지 않을까요?",매달 300만 원에 육박하는 생활비를 감당하며 서울시니어주택에서 거주하는 게 일반적인 중산층에게 정말... 노후준비/노후연금저축/소자본1인창업/집에서부업/국민개인연금/부동산재테크/ETF투자방법/ISA계좌/연금보험...,http://cafe.naver.com/eovhskfktmak/7424,4050 우리들의 두번째 시작[은퇴 국민...,https://cafe.naver.com/eovhskfktmak,0,4,0,0,4,False
부업 월 300만원,배달,"배달, 대리 1년에 고정 지출 정리 해봤네요..","5만 원) 콜마너 케어플러스: 30만 원 (월 2.5만 원) 기타 비용 전동휠 수리비: 50만 원 (대부분 타이어 교체) 교통비: 50만 원 (지하철, 택시, 택틀, 지원차 등) ※ 전동휠 구입 비용 제외 ➡ 총 지출 약 300만 원 대리 관련...",http://cafe.naver.com/nds07/5290435,"배달세상 :: 배달대행, 쿠팡이츠, 배민...",https://cafe.naver.com/nds07,0,2,0,0,2,False
부업 월 300만원,기타,50대 직장인 부업 스터디 월 300만원,가장 힘들었던 부업 혹은 추천하고 싶은 부업과 이유를 작성해주세요 진솔한 내용은 다른 분들께 큰 도움이 됩니다 최근 K-Culture에 대한 붐이 한창인 상황에서 외국인을 상대로하는 한국어강좌에 대한 부업을...,http://cafe.naver.com/pinkehorc/2391,"부업 스터디 (인콘 , 부수입, 재택알바...",https://cafe.naver.com/pinkehorc,0,2,3,2,3,False
부업 월 300만원,블로그,"직장인 부업할 때 세금 문제, 이건 꼭 알고 가야 합니다.","부업으로 번 돈이 연 300만 원이 넘으면 종합소득세 대상이에요. 특히나 강의, 콘텐츠 판매, 블로그 수익... 하루 30분 투자로 월 1,000만원 수익인증까지 한 자동화 퍼널시스템을 그대로 복제해 준다고 하네요~ 60대분들도...",http://cafe.naver.com/koarane/265454,리얼리뷰 공유소ㅣ내돈내산 찐리뷰 커...,https://cafe.naver.com/koarane,0,12,0,0,12,False
부업 월 300만원,기타,"[필독] 은퇴 부부 생활비, 아직도 월 250만 원이면 충분하다고 믿으십니까? 2026년 현실 팩트폭격 들어갑니...","인터넷이나 뉴스 기사 보면 ""은퇴 부부 적정 생활비 250만 원~300만 원"" 이런 통계청 자료 많이들 보셨죠?... 노후준비/노후연금저축/소자본1인창업/집에서부업/국민개인연금/부동산재테크/ETF투자방법/ISA계좌/연금보험...",http://cafe.naver.com/eovhskfktmak/351,4050 우리들의 두번째 시작[은퇴 국민...,https://cafe.naver.com/eovhskfktmak,0,4,0,0,4,False
부업 월 300만원,배달,배달 200만원 300만원 차이커여,배달부업 요기요 배달대행 배달나라 자동차배달 ----------------------------------------------------------- 비수기 배달로 돈 벌기는여 200만원은 적당히 야피하면서 조금 고생하면 벌어여 300만원부터는 일하는 노동강도는 되어야...,http://cafe.naver.com/haejukdl/167634,배달나라 - 배민커넥트 쿠팡이츠 오토...,https://cafe.naver.com/haejukdl,0,4,0,0,4,False
부업 월 300만원,기타,직장인 부업 세금 미리 준비하면 절세도 가능하대요,"일단 부업 수익이 1년에 300만원을 넘으면 ‘기타소득’으로 신고해야 한다고 해요. 근데 이걸 안 하고 그냥... 하루 30분 투자로 월 1,000만원까지 수익인증한 시스템도 있다고 해서 진심으로 관심 생기더라구요. 혹시...",http://cafe.naver.com/koarane/121095,리얼리뷰 공유소ㅣ내돈내산 찐리뷰 커...,https://cafe.naver.com/koarane,0,6,0,0,6,False
부업 월 300만원,기타,해방일지부업 후기 찾아보다가 제대로 된 정보 발견,"하루 30분 투자로 월 1,000만원 수익인증까지 한 자동화 퍼널시스템을 그대로 복제해 준다고 하네요~ 60대분들도 따라할 수 있는 챗gpt를 이용한 홍보방법까지 싹 다 교육해준다고 하니, 혹시 해방일지부업 알아보다가 방향...",http://cafe.naver.com/koarane/187269,리얼리뷰 공유소ㅣ내돈내산 찐리뷰 커...,https://cafe.naver.com/koarane,0,6,0,0,6,False
부업 월 300만원,기타,예술인 활동준비금 지원 사업이 있는걸 알고 계시나요? 1인 300만원 지원!,취미로 부업으로 하시는 분들에게도 해당되니 좋은 소식이죠?!?! 매년 진행하고 있고 격년으로 탈 수 있으니 조건만 충족된다면 2년에 300만원씩 계속 받을 수 있어요~!!! 여기서 무엇보다 내가 예술활동을 실제로...,http://cafe.naver.com/qodbsdud82/391890,속기 카페랭킹 1위 (재택·프리｜콘텐...,https://cafe.naver.com/qodbsdud82,0,2,0,0,2,False
부업 월 300만원,기타,수원에서 한식당 보조요리를 하고 있고 월300만원 수익이 목표입니다,"정년 은퇴후에 여동생 식당에서 한식요리 반찬 준비 보조로 일하고 있는데, 퇴근후 다른 부업이 없어서 온네스 영상을 보고 오늘도 달린다 가입 하게 됐어요. 처음 경험 하는 것이라 모두 낯설고 이해가 않되는데 많은...",http://cafe.naver.com/koarane/73856,리얼리뷰 공유소ㅣ내돈내산 찐리뷰 커...,https://cafe.naver.com/koarane,0,4,0,0,4,False
부업 월 300만원,배달,월 마진 300만원 이하는 장사할 이유가 있을까요,앞으로 규제 더 빡세질텐데... 마진 300만원 간신히 넘기는 가게는 더힘들어서 남는게 없을거라고 생각합니다... 지금 공장에 자리가 있을지는 모르겠지만.. 제일 좋은건 주방일+ 배달라이더-부업 하는게 더 남는것 같아요...,http://cafe.naver.com/jihosoccer123/1170892,아프니까 사장이다 [소상공인·자영업...,https://cafe.naver.com/jihosoccer123,0,4,0,0,4,False
부업 월 300만원,기타,투잡 종합소득세 부수입 얼마부터 신고해야 하나?,"기타소득 300만 원의 기준선을 이해하십시오 강연료, 일시적 원고료 등 '기타소득'으로 분류되며 연간... 국세청이 회사로 직접 ""이 직원이 부업을 합니다""라고 통보하는 일은 없습니다. 하지만 투잡 종합소득세 신고 결과...",http://cafe.naver.com/pusanmommy/1458115,부산맘 카페 - 부산 맘카페 결혼 웨딩...,https://cafe.naver.com/pusanmommy,0,6,0,0,6,False
부업 월 300만원,블로그,"육아맘 부업 추천, 시간 자유롭게 할 수 있어요","있는 부업""을 찾는 분들이 많아졌대요! 오늘은 저처럼 육아 중인 분들을 위한 ""시간 자유형 부업""에 대해... [✨ 실수익이 나오는 현실 후기들 보면 동기부여 200%] 블로그, SNS에 후기 찾아보면 한달만에 30만원~300만원까지...",http://cafe.naver.com/koarane/48030,리얼리뷰 공유소ㅣ내돈내산 찐리뷰 커...,https://cafe.naver.com/koarane,0,6,0,2,4,False
부업 월 300만원,기타,직장인투잡추천 중에 월 100 가능한 방법 찐으로 알아봄,연 300만원 넘으면 종합소득세 신고 필수! 근데 대부분 처음 시작은 소액이라서 그냥 ‘기타소득’으로... ───────────────── ■나도 부업으로 월 100 만들어볼 수 있지 않을까? 라고 고민하고 있다면...,http://cafe.naver.com/koarane/218146,리얼리뷰 공유소ㅣ내돈내산 찐리뷰 커...,https://cafe.naver.com/koarane,0,4,0,2,2,False
부업 월 300만원,기타,디지털노마드 되고 싶다면 온라인부업부터 시작해봐요,"그래서 진짜 맘먹고, 부업부터 하나씩 시작해봤어요. 지금 그 과정을 하나하나 정리해드릴게요!... 다른데요, 월 30만원으로 시작해서, 300만원까지 간 분들도 꽤 봤어요. 저는 지금 월 130~150 정도 유지 중인데, 그 중 절반은...",http://cafe.naver.com/koarane/166580,리얼리뷰 공유소ㅣ내돈내산 찐리뷰 커...,https://cafe.naver.com/koarane,0,2,0,0,2,False
부업 월 300만원,기타,5월 종합소득세 신고대상 방법 일정 알아보아요,"3% 원천징수 대상자) 등 근로소득 외 타 소득이 있는 직장인: 연말정산을 했더라도 부업(사업/기타소득)... 기타소득금액이 300만 원 초과: 강연료, 원고료 등 일시적인 소득이 기준을 넘는 경우 두 군데 이상에서...",http://cafe.naver.com/cafemakecafebest/22363,세상모든꿀팁 ㅣ영업·창업·부업·투...,https://cafe.naver.com/cafemakecafebest,0,2,0,0,2,False
부업 월 300만원,기타,안녕하세요! 화이팅입니다!,4) 현재 수익 : 0원 5) 목표 수익 : 월200-300만원 입니다! 6) 거주 지역 : (**시까지) : 부산광역시 입니다. 7) 마지막으로 하고 싶은 말 : 열심히해서 부업을넘어 본업으로도 해보고 싶습니다.,http://cafe.naver.com/dinohighclass/276543,디지털노마드 하이클래스 - 디하클 (유...,https://cafe.naver.com/dinohighclass,0,4,0,0,4,False
부업 월 300만원,기타,무인카페 창업 비용 절차 회수 기간,매장 위치와 상권에 따라 차이가 있지만 월 매출이 약 300만원에서 800만원 정도 발생하는 매장이 많으며 월... 창업이나 부업 창업 형태로 관심을 받는 업종입니다. 다만 상권 선택과 장비 구성에 따라 매출 차이가 발생할...,http://cafe.naver.com/whduddn0317/1400110,[만렙사장] 자영업자 NO.1 커뮤니티 -...,https://cafe.naver.com/whduddn0317,0,4,0,0,4,False
부업 월 300만원,기타,[1편] 은퇴 후 하기 좋은 프리랜서 알바 가이드( 8대 플랫폼 비교+ 50만원 체크리스트 ),200~300만원 월 정산 워크넷 정부 지원 일자리 높음 쉬움 월 27~80만원 월 정산 * 위 정보는 2026년 4월 기준이며... 고기체인점/부업창업/창업아이디어/예비창업자/40대창업/60대창업/50대창업/여성창업아이템/직장인투잡...,http://cafe.naver.com/eovhskfktmak/6497,4050 우리들의 두번째 시작[은퇴 국민...,https://cafe.naver.com/eovhskfktmak,0,4,0,0,4,False
부업 월 300만원,기타,"월300 가능한 부업, 이 방법으로 수익 만든 분들 많아요","월300 가능한 부업, 이 방법으로 수익 만든 분들 많아요 요즘 부업 찾는 분들 진짜 많더라구요. 특히 월 100도... 근데 3일 만에 첫 수익, 한 달 뒤 300만원 넘게 찍으셨다고 해요. 글쓰기도 어렵지 않았고, 세팅만 잘하면...",http://cafe.naver.com/koarane/186189,리얼리뷰 공유소ㅣ내돈내산 찐리뷰 커...,https://cafe.naver.com/koarane,0,4,0,0,4,False
부업 월 300만원,기타,서울 주부 부업으로 월 300벌기,부업으로 현재는 100만원 정도 벌고있는데 300만원으로 늘리고싶습니다,http://cafe.naver.com/koarane/10665,리얼리뷰 공유소ㅣ내돈내산 찐리뷰 커...,https://cafe.naver.com/koarane,0,2,0,0,2,False
부업 월 300만원,기타,화성시 만세구 공정선거지원단 구인 (9명) _ 2026년 전국동시 지방선거,"공무원으로 재직기간 중 직무와 관련하여 「형법」 제355조 및 제356조에 규정된 죄를 범한 자로서 300만원... 향남 부업 , 향남부업 , 향남 2지구 부업 , 향남 2지구 재택 , 향남 재택 , 화성시 구인 , 화성시 아르바이트...",http://cafe.naver.com/hnmommy/247547,향남맘카페_네이버 대표 향남맘 카페(...,https://cafe.naver.com/hnmommy,0,4,0,0,4,False
N잡 월 500만원,기타,2026 청년지원금 종류 32개 모아왔어요!,내일배움카드 주관처 : 고용노동부 최대 500만원 18. 직업훈련 생계비 대출 주관처 : 고용노동부 월 최대... 건강검진 지원 주관처 : 지자체 수십만원 상당 창업 소상공인 N잡 부업 창업 준비중이면 필수 사업 단계별로...,http://cafe.naver.com/engmstudy/3085529,● 짠돌이카페 ● 짠돌이부자되기(재테...,https://cafe.naver.com/engmstudy,0,4,0,0,4,False
N잡 월 500만원,기타,N잡으로 수익 만들고 계신 분들 정말 많더라구요!,"N잡으로 수익 만들고 계신 분들 정말 많더라구요! 요즘 주변만 봐도, 퇴근 후 투잡, 주말에 부업, 심지어... 실제로 하루 30분 투자해서 월 300~500만 원 이상 버는 분들도 꽤 많았고, 60대 분들도 챗GPT 홍보법 배우고...",http://cafe.naver.com/koarane/300680,리얼리뷰 공유소ㅣ내돈내산 찐리뷰 커...,https://cafe.naver.com/koarane,0,10,0,0,10,False
N잡 월 500만원,기타,제테크카페 월 500만원 목표입니다,제테크카페 월 500만원 목표입니다 잘부탁해요,http://cafe.naver.com/2022star/35160,"재테크마을 - N잡,부업,보험,창업,투잡...",https://cafe.naver.com/2022star,0,0,3,0,3,False
N잡 월 500만원,기타,주식 월급 만들기 프로젝트*주식 월급 500 도전*,그렇게 월 수입 리스트도 작성해보기로 했어요. n잡. 저에겐 주식보다 어려운게 n잡이에요. 아무리 읽어도... 를 읽고 월 500만원씩 꾸준히 버는 주식계 공무원이 되도록 목표를 잡아보려 해요....,http://cafe.naver.com/engmstudy/2664240,● 짠돌이카페 ● 짠돌이부자되기(재테...,https://cafe.naver.com/engmstudy,0,0,6,0,6,False
N잡 월 500만원,유튜브,반갑습니다,● 현재 하시는 일 : 무직 ● 1개월 내에 이루고 싶은 목표 : 유튜브 수익화 500만원 ● 6개월 내에 이루고 싶은 목표 : 월 1000만원 ● 요즘 가장 관심 있는 N잡 분야 : 유튜브 롱폼 ● N잡 연구소에서 다뤄줬으면 하는 주제...,http://cafe.naver.com/ablgroup2/17937,"N잡 연구소 - 돈버는 공부, 마케팅, 자...",https://cafe.naver.com/ablgroup2,0,6,0,0,6,False
N잡 월 500만원,스마트스토어,N잡 실천으로 N배의 수익달성을 꿈꿉니다.,● 현재 하시는 일 : 블로그관리대행 & 온라인쇼핑몰 ● 1개월 내에 이루고 싶은 목표 : 2개의 수익파이프라인 실행start ● 6개월 내에 이루고 싶은 목표 : 월 순수익 500만원 달성 ● 요즘 가장 관심 있는 N잡 분야...,http://cafe.naver.com/ablgroup2/5790,"N잡 연구소 - 돈버는 공부, 마케팅, 자...",https://cafe.naver.com/ablgroup2,0,8,0,0,8,False
N잡 월 500만원,블로그,오늘의 노트리 가입합니다,“올해 돈 목표 1개” 적기 블로그로 월100만원 이상 수익 올리기/n잡으로 월500만원 수익화하기 2. 댓글로 ‘관심 분야’ 남기기 블로그키우는데 주력하기(영상배우고 Ai활용방법도 터득하기) 3. 오늘 바로 실천할 수...,http://cafe.naver.com/seizethetimeforlife/30188,이웃집 머니 가이드 : 돈버는 똑똑한 ...,https://cafe.naver.com/seizethetimeforlife,0,4,0,0,4,False
N잡 월 500만원,기타,인형뽑기기계 중고로 시작해도 괜찮을까?,"새 기계는 보통 한 대당 300~500만원 정도 하는데, 중고는 상태 괜찮은 걸 잘 찾으면 100만원 초반대에도... 근데 요즘은 투잡, N잡 시대잖아요? 하루에 1시간 정도 투자로도 이렇게 수익이 나니까 뿌듯하더라구요! 온라인...",http://cafe.naver.com/koarane/34434,리얼리뷰 공유소ㅣ내돈내산 찐리뷰 커...,https://cafe.naver.com/koarane,0,8,0,0,8,False
N잡 월 500만원,스마트스토어,"소자본 1인 창업,사업,장서 추천 'N잡러'는 선택이 아닌 필수! 월급 외 추가 수입, 지금 시작해야 할 이유!","""N잡러""라는 말이 더 이상 낯설지 않은 시대 모두 공감하시죠? 물가는 끝없이 오르는데 월급은 제자리걸음인... 유망창업아이템#500만원창업#인터넷쇼핑몰창업#인터넷으로돈벌기#소규모창업아이템#여성창업아이템...",http://cafe.naver.com/coolishz/771365,창사영2[창업사업영업아이템]소상공인...,https://cafe.naver.com/coolishz,0,4,0,2,2,False
N잡 월 500만원,기타,"월급말고 플러스알파, 온라인 돈벌기 N잡위한 책",그만큼 월 최소 500만원이상 나올수 있는 파이프라인을 만들면 내가 일을 하지않아도 생활이 가능하기 때문에 이제부터라도 N잡에 관심을 가져야 하는 이유이기도 하다. 내가 직장인이지만 직장인만 모르는것이 있다니?...,http://cafe.naver.com/culturebloom/1824505,"컬처블룸★체험,리뷰,라이프,건강,맛집...",https://cafe.naver.com/culturebloom,0,2,0,0,2,False
N잡 월 500만원,기타,50대 직장인 투잡+월500만원,"글 제목은 본인 연령, 직업 + 카페키워드 (투잡 부업) + 원하는 월 수입액을 작성해주세요 제목에 '투잡... 수익 : 500만원 6) N잡 부업으로 부수입을 얻게 되면 무엇을 하고 싶은가요? 노후준비 제목을 '안녕하세요...",http://cafe.naver.com/seji/48,"패시브머니스쿨( N잡, 부업, 유튜브, ...",https://cafe.naver.com/seji,0,10,0,0,10,False
N잡 월 500만원,스마트스토어,"무자본/무점포/소자본 사업 끝판왕! '셀러뱅크렌탈'로 꿈꾸던 자동 수익, 현실로 만들자!",유망창업아이템#500만원창업#인터넷쇼핑몰창업#인터넷으로돈벌기#소규모창업아이템#여성창업아이템... 파이프라인구축#N잡#N잡러#렌탈사업#퇴근후부업#주말부업#온라인부업#N잡추천#수익형비즈니스#돈버는방법...,http://cafe.naver.com/taeyeon7989/366886,부동산에 미치다★부동산/토지/주택/아...,https://cafe.naver.com/taeyeon7989,0,8,0,2,6,False
N잡 월 500만원,기타,"저도 한때 보험설계사 고민했었는데, 수당구조 보고 깜짝 놀랐던 기억이 있어요!","부업이나 N잡으로 보험설계사 겸하는 분들도 많이 계시더라구요. 오늘은 보험설계사 수당구조, 어떻게 보면... *] 제 친구가 3개월 차에 월 수익 500만 원 넘긴 걸 보고 진짜 깜짝 놀랐었어요. 초반엔 고객 확보가...",http://cafe.naver.com/koarane/311617,리얼리뷰 공유소ㅣ내돈내산 찐리뷰 커...,https://cafe.naver.com/koarane,0,6,0,0,6,False
N잡 월 500만원,기타,반갑습니다.,혼자 사업 시작했다가 1년간 판매 0이라 강제(?) N잡중인 30대 직장인 입니다. ✅관심 있는 온라인 셀링 분야... 지금은 월 평균 20-30만원을 목표로 하고 있습니다. 하지만 27년에는 월 평균 500만원은 찍고 싶습니다.,http://cafe.naver.com/95as/15152,워크웨이즈 디지털노마드의 길,https://cafe.naver.com/95as,0,2,0,0,2,False
N잡 월 500만원,기타,2022년 목표!,● 나의 재테크 목표는? N잡으로 월 100 벌기 !!! ● 독한 각오 한마디는? 불로소득 500만원 되는날까지~!!!!,http://cafe.naver.com/onepieceholicplus/3588516,"월급쟁이 재테크 연구카페(예금,적금,...",https://cafe.naver.com/onepieceholicplus,0,2,0,0,2,False
N잡 월 500만원,기타,"해돌 • 온라인 카페 글만 보고 무조건 믿는 사람 없었으면 좋겠어요. ""이혼남이 노총각 코스프레라니, 이건...","- [기타알뜰생활팁] 고물가엔 이렇게 살아남아야죠(1탄) (2탄) - [N잡후기] 부업 공유해요~ - [생활비절약팁]... 대략 4,500만원 모으네요... 노총각이라서 연애사업도 하고 옷도 200만원치 사고 사치도 좀하고 해서 이런...",http://cafe.naver.com/move79/5716569,해돌 해피돌싱/올드싱글/이혼카페/재혼...,https://cafe.naver.com/move79,0,4,0,0,4,False
N잡 월 500만원,기타,안녕하세요,● 현재 하시는 일 : 공무원 ● 1개월 내에 이루고 싶은 목표 : 실수익 월 300~500만원 ● 6개월 내에 이루고 싶은 목표 : 실수익 월 3000~5000만원 ● 요즘 가장 관심 있는 N잡 분야 : 공동구매 ● N잡 연구소에서 다뤄줬으면...,http://cafe.naver.com/ablgroup2/10211,"N잡 연구소 - 돈버는 공부, 마케팅, 자...",https://cafe.naver.com/ablgroup2,0,4,0,0,4,False
N잡 월 500만원,기타,안녕하세요^^ 부업 정보 얻으러 왔습니다~,순수익 500만원 달성 ● 6개월 내에 이루고 싶은 목표 : 부업으로 월 순수익 1000만원 ● 요즘 가장 관심 있는 N잡 분야 : 공동중개 / 해외구매대행 ● N잡 연구소에서 다뤄줬으면 하는 주제 : 공동중개 ● N잡 연구소를 알게...,http://cafe.naver.com/ablgroup2/7707,"N잡 연구소 - 돈버는 공부, 마케팅, 자...",https://cafe.naver.com/ablgroup2,0,6,0,0,6,False
N잡 월 500만원,기타,안녕하세요 가입인사 드려요~,● 현재 하시는 일 : 방학이라 백수입니다 ● 1개월 내에 이루고 싶은 목표 : 공동구매 시작해보기 ● 6개월 내에 이루고 싶은 목표 : 공동구매로 월 순익 500만원 이상 내기 ● 요즘 가장 관심 있는 N잡 분야 : 공동구매...,http://cafe.naver.com/ablgroup2/8878,"N잡 연구소 - 돈버는 공부, 마케팅, 자...",https://cafe.naver.com/ablgroup2,0,2,0,0,2,False
N잡 월 500만원,기타,안녕하세요,●자기 소개 : 돈많이벌고싶어 이것저것 찾아보다 왔네요 ● 현재 하시는 일 : 직장인 ● 1개월 내에 이루고 싶은 목표 : 월50만원 ● 6개월 내에 이루고 싶은 목표 : 6개월안에 500만원수익!! ● 요즘 가장 관심 있는 N잡 분야...,http://cafe.naver.com/ablgroup2/10545,"N잡 연구소 - 돈버는 공부, 마케팅, 자...",https://cafe.naver.com/ablgroup2,0,4,0,0,4,False
N잡 월 500만원,기타,안녕하세요,"● 6개월 내에 이루고 싶은 목표 : 500만원이상 ● 요즘 가장 관심 있는 N잡 분야 : 공동구매,인플루언서,브렌딩 ● N잡 연구소에서 다뤄줬으면 하는 주제 : 공동구매~ 50대도 충분히 월1000매출 할수있습니다! ● N잡...",http://cafe.naver.com/ablgroup2/10220,"N잡 연구소 - 돈버는 공부, 마케팅, 자...",https://cafe.naver.com/ablgroup2,0,4,0,0,4,False
N잡 월 500만원,유튜브,안녕하세요!,수창후 500만원 달성 ● 6개월 내에 이루고 싶은 목표 : 월 1500만원 ● 요즘 가장 관심 있는 N잡 분야 : 유튜브 ● N잡 연구소에서 다뤄줬으면 하는 주제 : AI를 활용한 플레이리스트 채널 ● N잡 연구소를 알게 된 경로...,http://cafe.naver.com/ablgroup2/18204,"N잡 연구소 - 돈버는 공부, 마케팅, 자...",https://cafe.naver.com/ablgroup2,0,4,0,0,4,False
N잡 월 500만원,기타,안녕하세요 가입인사드립니다~~ 잘 부탁드립니다!,"● 1개월 내에 이루고 싶은 목표 : 매출 500만원, 1,000만원 꼭 달성해보고 싶습니다. 흑흑 (애슐리... ● 요즘 가장 관심 있는 N잡 분야 : 쿠팡에서 제품 판매하기, 공동구매 중개 사업 ● N잡 연구소에서 다뤄줬으면 하는...",http://cafe.naver.com/ablgroup2/7720,"N잡 연구소 - 돈버는 공부, 마케팅, 자...",https://cafe.naver.com/ablgroup2,0,4,0,0,4,False
N잡 월 500만원,기타,가입인사드려요~~,많은 가르침 부탁드립니다^^ ● 현재 하시는 일 : 창업준비중 ● 1개월 내에 이루고 싶은 목표 : 사업자 등록 및 월매출 500만원 ● 6개월 내에 이루고 싶은 목표 : 순수익 500만원 ● 요즘 가장 관심 있는 N잡 분야 : 구매대행...,http://cafe.naver.com/ablgroup2/10483,"N잡 연구소 - 돈버는 공부, 마케팅, 자...",https://cafe.naver.com/ablgroup2,0,6,0,0,6,False
N잡 월 500만원,기타,안녕하세요~,● 현재 하시는 일 : 자영업 ● 1개월 내에 이루고 싶은 목표 : 100만원 월 수익 ● 6개월 내에 이루고 싶은 목표 : 500만원 월 수익 ● 요즘 가장 관심 있는 N잡 분야 : 인터넷 유통 ● N잡 연구소에서 다뤄줬으면 하는 주제...,http://cafe.naver.com/ablgroup2/10865,"N잡 연구소 - 돈버는 공부, 마케팅, 자...",https://cafe.naver.com/ablgroup2,0,4,0,0,4,False
N잡 월 500만원,기타,안녕하세요 온라인 사업 다시 시작합니다!,● 현재 하시는 일 : 영업 ● 1개월 내에 이루고 싶은 목표 : 순수익 500만원 ● 6개월 내에 이루고 싶은 목표 : 월 순수익 3천만원 ● 요즘 가장 관심 있는 N잡 분야 : 공동구매 ● N잡 연구소에서 다뤄줬으면 하는 주제...,http://cafe.naver.com/ablgroup2/5455,"N잡 연구소 - 돈버는 공부, 마케팅, 자...",https://cafe.naver.com/ablgroup2,0,4,0,0,4,False
N잡 월 500만원,기타,가입인사,"● 현재 하시는 일 : 직장인 ● 1개월 내에 이루고 싶은 목표 : 월매출 500만원 ● 6개월 내에 이루고 싶은 목표 : 월매출 2000만원 ● 요즘 가장 관심 있는 N잡 분야 : 공구중개, 해외소싱 ● N잡 연구소에서 다뤄줬으면 하는...",http://cafe.naver.com/ablgroup2/9567,"N잡 연구소 - 돈버는 공부, 마케팅, 자...",https://cafe.naver.com/ablgroup2,0,4,0,0,4,False
N잡 월 500만원,기타,반갑습니다 ~!,●자기 소개 : 열심히 배워 가보겠습니다 ^^ ● 현재 하시는 일 : 자영업 ● 1개월 내에 이루고 싶은 목표 : 월 매출 500만원 ● 6개월 내에 이루고 싶은 목표 : 월 순익 500만원 입니다 ● 요즘 가장 관심 있는 N잡 분야...,http://cafe.naver.com/ablgroup2/10538,"N잡 연구소 - 돈버는 공부, 마케팅, 자...",https://cafe.naver.com/ablgroup2,0,4,0,0,4,False
N잡 월 500만원,스마트스토어,4주차 필기내용,"대량등록 / 500만원가능 *가공등록 - 공급사파일 *사업자 1개 더 추가 2. 스마트스토어 : hrd / 오전 / 4주... *사업자 1개 추가로 낼것(쿠팡 가입) - 스마트스토어 배우시 - 중급강의(위너, 광고, N잡) *매출파일 : 11월...",http://cafe.naver.com/gurinamedu/10362,구리남양주 평생교육원,https://cafe.naver.com/gurinamedu,0,8,0,0,8,False
N잡 월 500만원,유튜브,안녕하세요^^,"스레드 타고 왔습니다 잘 부탁드립니다^^ 카인드 N잡 플레이스에 오신 것을 환영합니다 :) 유용한 정보 많이... 온라인 수익화로 이루고 싶은 월 수익 500만원 3. 집중적으로 수익을 내고 싶은 방향 (카페, 유튜브, 블로그...",http://cafe.naver.com/rhddbth8888/242,"N잡 플레이스 - 온라인 수익화, 부업,...",https://cafe.naver.com/rhddbth8888,0,8,0,0,8,False
N잡 월 500만원,강의,"안녕하세요. 목표가 명확하여, 발판으로 삼고자 가입했습니다.",● 6개월 내에 이루고 싶은 목표 : 월 순수익 500만원을 1차적으로 달성하는 것이 목표입니다. ● 요즘 가장 관심 있는 N잡 분야 : 공동구매 중개 ● N잡 연구소에서 다뤄줬으면 하는 주제 : 공동구매 중개 온/오프라인 강의...,http://cafe.naver.com/ablgroup2/10454,"N잡 연구소 - 돈버는 공부, 마케팅, 자...",https://cafe.naver.com/ablgroup2,0,6,0,0,6,False
N잡 월 500만원,기타,가입했습니다.,● 현재 하시는 일 : 온라인 스마트 스토어 ● 1개월 내에 이루고 싶은 목표 : 월매출 500만원 ● 6개월 내에 이루고 싶은 목표 : 월매출 1000만원 ● 요즘 가장 관심 있는 N잡 분야 : 공동구매 ● N잡 연구소에서 다뤄줬으면...,http://cafe.naver.com/ablgroup2/6796,"N잡 연구소 - 돈버는 공부, 마케팅, 자...",https://cafe.naver.com/ablgroup2,0,4,0,0,4,False
N잡 월 500만원,기타,안녕하세요~ 벤더사 운영을 위해 가입했습니다,● 6개월 내에 이루고 싶은 목표 : 월 최소 순수익 500만원 이상이 목표입니다. ● 요즘 가장 관심 있는 N잡 분야 : 디지털 노마드. 온라인을 통한 다양한 서비스 및 재화를 판매하는 데 관심이 많습니다. ● N잡 연구소에서...,http://cafe.naver.com/ablgroup2/8814,"N잡 연구소 - 돈버는 공부, 마케팅, 자...",https://cafe.naver.com/ablgroup2,0,4,0,0,4,False
N잡 월 500만원,유튜브,가입인사드립니다.,●자기 소개 : 주부 ● 현재 하시는 일 : 부동산중개업 ● 1개월 내에 이루고 싶은 목표 : 월200만원 ● 6개월 내에 이루고 싶은 목표 : 월500만원 ● 요즘 가장 관심 있는 N잡 분야 : 유튜브 ● N잡 연구소에서 다뤄줬으면...,http://cafe.naver.com/ablgroup2/11477,"N잡 연구소 - 돈버는 공부, 마케팅, 자...",https://cafe.naver.com/ablgroup2,0,4,0,0,4,False
N잡 월 500만원,유튜브,안녕하세요,공동구매로 월 수 500만원 이상 벌고싶어요 ● 요즘 가장 관심 있는 N잡 분야 : 명품구매대행사업 ● N잡 연구소에서 다뤄줬으면 하는 주제 : 아직은 잘 모르겠음 ● N잡 연구소를 알게 된 경로 : 유튜브 안녕하세요! N잡...,http://cafe.naver.com/ablgroup2/10808,"N잡 연구소 - 돈버는 공부, 마케팅, 자...",https://cafe.naver.com/ablgroup2,0,4,0,0,4,False
N잡 월 500만원,기타,[주부N잡러예정자] 가입인사드려요^^,● 1개월 내에 이루고 싶은 목표 : 고정수익으로 월 150만원이상 벌고싶습니다. ● 6개월 내에 이루고 싶은... 월500만원 이후 이런식으로 계단식 스텝성장) ● N잡 연구소를 알게 된 경로 : N잡러 유투브를...,http://cafe.naver.com/ablgroup2/9021,"N잡 연구소 - 돈버는 공부, 마케팅, 자...",https://cafe.naver.com/ablgroup2,0,4,0,0,4,False
N잡 월 500만원,스마트스토어,안녕하세요,"● 1개월 내에 이루고 싶은 목표 : 월 순익 500만원 달성 ● 6개월 내에 이루고 싶은 목표 : 지역농산물 유통벤더 ● 요즘 가장 관심 있는 N잡 분야 : 공동구매, 온라인 판매 ● N잡 연구소에서 다뤄줬으면 하는 주제 : 농산물...",http://cafe.naver.com/ablgroup2/10577,"N잡 연구소 - 돈버는 공부, 마케팅, 자...",https://cafe.naver.com/ablgroup2,0,4,0,0,4,False
N잡 월 500만원,스마트스토어,20251217 스피드고전송기 12월 정규강의 필기내용,"(3) 전략 / 배수, 할인률, 카테고리, 가격범위 => 500만원이상~800만원 2. 상품가공 : 최적화 SEo 스마트스토어... n잡전송기로 휴대폰으로 전송을 하는경우 1,2 쿠팡 사업자 몰에 전송하려면 어찌해야되나요?1개의...",http://cafe.naver.com/gurinamedu/10551,구리남양주 평생교육원,https://cafe.naver.com/gurinamedu,0,4,0,0,4,False
N잡 월 500만원,기타,안녕하세요,"목표 : 월 순수익 500만원 달성 ● 요즘 가장 관심 있는 N잡 분야 : 공구중개, 개인 브랜드 웹사이트 ● N잡 연구소에서 다뤄줬으면 하는 주제 : 트랜드에 맞춘 여러가지 N잡들 ● N잡 연구소를 알게 된 경로 : 네이버...",http://cafe.naver.com/ablgroup2/5940,"N잡 연구소 - 돈버는 공부, 마케팅, 자...",https://cafe.naver.com/ablgroup2,0,4,0,0,4,False
N잡 월 500만원,스마트스토어,가입인사 드립니다^^,"순수익 500만원 이상 및 나만의 브래드 만들기 ● 요즘 가장 관심 있는 N잡 분야 : 공동구매중개, 스마트스토어 ● N잡 연구소에서 다뤄줬으면 하는 주제 : 더 많은 부업 소개와 하는법 ● N잡 연구소를 알게 된 경로...",http://cafe.naver.com/ablgroup2/7535,"N잡 연구소 - 돈버는 공부, 마케팅, 자...",https://cafe.naver.com/ablgroup2,0,8,0,0,8,False
N잡 월 500만원,스마트스토어,가입인사드립니다^^,"월500만원 목표되어 차바꾸기 ● 요즘 가장 관심 있는 N잡 분야 : 공동구매, 브랜딩, 마케팅 ● N잡 연구소에서 다뤄줬으면 하는 주제 : 여러가지 다양한 분야의 온라인 판매 글 ● N잡 연구소를 알게 된 경로 : 트렌드헌터...",http://cafe.naver.com/ablgroup2/6277,"N잡 연구소 - 돈버는 공부, 마케팅, 자...",https://cafe.naver.com/ablgroup2,0,4,0,0,4,False
N잡 월 500만원,기타,가입했습니다~,●자기 소개 : 50대주부 입니다 ● 현재 하시는 일 : 알바 ● 1개월 내에 이루고 싶은 목표 : 공동구매에 도전해 수익을 얻고 싶습니다 ● 6개월 내에 이루고 싶은 목표 : 월매출 500만원달성 ● 요즘 가장 관심 있는 N잡 분야...,http://cafe.naver.com/ablgroup2/11027,"N잡 연구소 - 돈버는 공부, 마케팅, 자...",https://cafe.naver.com/ablgroup2,0,6,0,0,6,False
N잡 월 500만원,기타,안녕하세요?,월매출 500만원 ● 6개월 내에 이루고 싶은 목표 : 공구중개 월매출 5000만원 내 브랜드 만들기 ● 요즘 가장 관심 있는 N잡 분야 : 온라인 셀러 ● N잡 연구소에서 다뤄줬으면 하는 주제 : 공구중개 ● N잡 연구소를 알게 된...,http://cafe.naver.com/ablgroup2/10530,"N잡 연구소 - 돈버는 공부, 마케팅, 자...",https://cafe.naver.com/ablgroup2,0,4,0,0,4,False
N잡 월 500만원,콘텐츠,안녕하세요 35살부자입니다,월순익 500만원 ● 6개월 내에 이루고 싶은 목표 : 월순익 삼천만원 ● 요즘 가장 관심 있는 N잡 분야 : 인스타 공동구매에 관심이 있습니다 ● N잡 연구소에서 다뤄줬으면 하는 주제 : 브랜드런칭하는 방법에대해...,http://cafe.naver.com/ablgroup2/9294,"N잡 연구소 - 돈버는 공부, 마케팅, 자...",https://cafe.naver.com/ablgroup2,0,2,0,0,2,False
N잡 월 500만원,유튜브,안녕하세요!!,"카인드 N잡 플레이스에 오신 것을 환영합니다 :) 유용한 정보 많이 얻어 가시고 많은 활동 부탁 드립니다!... 온라인 수익화로 이루고 싶은 월 수익 500만원!! 3. 집중적으로 수익을 내고 싶은 방향 (카페, 유튜브, 블로그...",http://cafe.naver.com/rhddbth8888/4,"N잡 플레이스 - 온라인 수익화, 부업,...",https://cafe.naver.com/rhddbth8888,0,8,0,0,8,False
N잡 월 500만원,기타,"출장 세차 창업, 요즘 20~30대가 몰리는 이유","중고 장비로 시작하면 300~500만 원대로도 세팅 가능하다고 해요. 요즘은 ‘패키지 창업’도 많아서 장비+교육... 투잡이나 N잡 찾는 사람들이 많아졌고, 그중에서 진입장벽 낮고, 시간 조절 가능한 출장세차가 주목받는...",http://cafe.naver.com/koarane/261032,리얼리뷰 공유소ㅣ내돈내산 찐리뷰 커...,https://cafe.naver.com/koarane,0,4,0,0,4,False
N잡 월 500만원,기타,100만원으로 시작하는 수익 & 재테크 챌린지 (14일),"500만원 이하(우대금리조건 필요없는 생활비 파킹통장 추천) "" "" ③ 투자/비상금 통장 : 시드머니를 키우는... 주말, 공휴일 제외) 커리큘럼: ✔️1~3일: 통장 쪼개기 세팅 (월 20만 원 즉시 확보) ✔️7~10일: 나만의 N잡...",http://cafe.naver.com/blue3lk7g/2814,월급외 수익 만들고 불리는 사람들,https://cafe.naver.com/blue3lk7g,0,6,0,2,4,False
N잡 월 500만원,기타,스터디카페창업비용과 초기 운영꿀팁 총정리!,투잡이나 N잡 찾는 분들한테 딱이라나 뭐라나… 진짜 은근히 핫한 아이템이에요 이거... 통신비 아끼는 와이파이 공유 시스템 설치 이런 기본 꿀팁만 잘 챙겨도 진짜 300~500만원은 절약할 수 있음요. 저는 요즘 다들...,http://cafe.naver.com/koarane/56128,리얼리뷰 공유소ㅣ내돈내산 찐리뷰 커...,https://cafe.naver.com/koarane,0,4,0,0,4,False
N잡 월 500만원,기타,안녕하세요!,● 1개월 내에 이루고 싶은 목표 : 월순수익 50만원 만들기 ● 6개월 내에 이루고 싶은 목표 : 월순수익 500만원 만들기 ● 요즘 가장 관심 있는 N잡 분야 : 폐쇄몰 공구 ● N잡 연구소에서 다뤄줬으면 하는 주제 : 제조사를...,http://cafe.naver.com/ablgroup2/5319,"N잡 연구소 - 돈버는 공부, 마케팅, 자...",https://cafe.naver.com/ablgroup2,0,4,0,0,4,False
N잡 월 500만원,기타,안녕하세요,"● 1개월 내에 이루고 싶은 목표 : 월 순수익 100만원 ● 6개월 내에 이루고 싶은 목표 : 월 순수익 500만원 ● 요즘 가장 관심 있는 N잡 분야 : 해외구매대행, 공동구매중개 ● N잡 연구소에서 다뤄줬으면 하는 주제 : ● N잡...",http://cafe.naver.com/ablgroup2/11401,"N잡 연구소 - 돈버는 공부, 마케팅, 자...",https://cafe.naver.com/ablgroup2,0,4,0,0,4,False
N잡 월 500만원,기타,15기 3주차 필기내용,"400~500만원 / 1천만원***** *로켓그로스 / 2~3백만원 **** [사입] - 배팅, 로스 볼수있음. 플레이오토 활용시 사입가능 [휴대폰] N잡전송기 ---> 가입후, 품절, 주문, 발송 *도매윙 도매사이트와 MOU 체결 완전 자동화...",http://cafe.naver.com/gurinamedu/9213,구리남양주 평생교육원,https://cafe.naver.com/gurinamedu,0,2,0,0,2,False
N잡 월 500만원,기타,반갑습니다^^,"● 현재 하시는 일 : 주부 ● 1개월 내에 이루고 싶은 목표 : 5번의 공구 진행 ● 6개월 내에 이루고 싶은 목표 : 브랜드 블렌딩하기, 월 수익300-500만원 ● 요즘 가장 관심 있는 N잡 분야 : 공동구매, 숏폼, 블렌딩 ● N잡...",http://cafe.naver.com/ablgroup2/10227,"N잡 연구소 - 돈버는 공부, 마케팅, 자...",https://cafe.naver.com/ablgroup2,0,4,0,0,4,False
N잡 월 500만원,기타,안녕하세요!,"● 1개월 내에 이루고 싶은 목표 : 월 순익 200만원 ● 6개월 내에 이루고 싶은 목표 : 월 순익 500만원 ● 요즘 가장 관심 있는 N잡 분야 : 구매대행, 위탁판매, 공구중개 ● N잡 연구소에서 다뤄줬으면 하는 주제 : 구매대행...",http://cafe.naver.com/ablgroup2/5881,"N잡 연구소 - 돈버는 공부, 마케팅, 자...",https://cafe.naver.com/ablgroup2,0,2,0,0,2,False
N잡 월 500만원,기타,안녕하세요 왕왕초보인사드려용,●자기 소개 : 30대 주부입니당 ● 현재 하시는 일 : 주부 ● 1개월 내에 이루고 싶은 목표 : 월100만원 ● 6개월 내에 이루고 싶은 목표 : 월300-500만원 ● 요즘 가장 관심 있는 N잡 분야 : 공구중개 ● N잡 연구소에서...,http://cafe.naver.com/ablgroup2/8239,"N잡 연구소 - 돈버는 공부, 마케팅, 자...",https://cafe.naver.com/ablgroup2,0,2,0,0,2,False
N잡 월 500만원,기타,ISO인증 심사원 자격증 100% 온라인으로 가능한데 왜 안 하나요?,"요즘 N잡러, 부업에 관심 많으시죠? 저도 회사 다니면서 뭔가 할 수 있는 거 없나 찾다가 ISO 심사원이라는... ㅎㅎ 수입 구조: 심사 건당 보수제 하루 평균 20~40만 원 정도 숙련되면 월 200~500만 원 가능 초반엔: 심사원(보)...",http://cafe.naver.com/whduddn0317/1392529,[만렙사장] 자영업자 NO.1 커뮤니티 -...,https://cafe.naver.com/whduddn0317,0,4,0,0,4,False
N잡 월 500만원,기타,경력단절 육아맘입니다. 이젠 진짜 수익이 나는 일을 해보고 싶습니다.,● 1개월 내에 이루고 싶은 목표 : 월 순수익 100만원 ● 6개월 내에 이루고 싶은 목표 : 월 순수익 500만원 ● 요즘 가장 관심 있는 N잡 분야 : 공동구매 중개 ● N잡 연구소에서 다뤄줬으면 하는 주제 : 공동구매 중개 ● N잡...,http://cafe.naver.com/ablgroup2/6598,"N잡 연구소 - 돈버는 공부, 마케팅, 자...",https://cafe.naver.com/ablgroup2,0,4,0,0,4,False
N잡 월 500만원,유튜브,"1단계 4주차 전진주 임장2ㅣ 나은이 만남ㅣ수익발생 30만이상, 쉐어ㅣ유튜브영상ㅣ",목표 500만원 전자책도전 M 측정가능하게(measureble)-2월달 월급 외 20만원(완료됨) 3월50만 4월100... N잡 기술. 중고품판매.컨텐츠 크리에이터 LM3 김주은대표 많은 독서를 하고있는 화가/ 끊임없는 자기개발과...,http://cafe.naver.com/wwmaker/61123,"꿈꾸는, 행복한 부자 되기(꿈행부기) ...",https://cafe.naver.com/wwmaker,0,6,0,0,6,False
N잡 월 500만원,스마트스토어,12기 4주차 필기내용,"사업의 프로세스 - 정리 예) 아침에 눈떠서- 발주처리 - CS / 대량등록- 사업자1개 월,수 오후 스마트스토어 상품 5개 SEO 화, 목 위너 금 다른작업 *다수 사업자(3개의 사업)-- 판매대행 [대량등록] 500만원~1000만원...",http://cafe.naver.com/gurinamedu/11055,구리남양주 평생교육원,https://cafe.naver.com/gurinamedu,0,2,0,0,2,False
N잡 월 500만원,기타,오늘 유투브를 보고 가입햇어요. 잘 부탁합니다,목표 : 월 수익 300만원 ● 6개월 내에 이루고 싶은 목표 : 500만원 ● 요즘 가장 관심 있는 N잡 분야 : 위탁판매와 공동구매 중개 ● N잡 연구소에서 다뤄줬으면 하는 주제 : ● N잡 연구소를 알게 된 경로 : 유투브...,http://cafe.naver.com/ablgroup2/10378,"N잡 연구소 - 돈버는 공부, 마케팅, 자...",https://cafe.naver.com/ablgroup2,0,4,0,0,4,False
N잡 월 500만원,기타,갭투자중인데 세금때문에 시작했는데 생각보다 좋네요?,재택근무로 월500만원 이상 버는 사람도 있고 이제2주차 달리고 있는데 주급수당 받고있어요 팀원 선착순... (필수) 근무형태 : 프리랜서 or N잡가능 핸드폰으로 하는일이라 장소를 구애받지않고 300만원이상...,http://cafe.naver.com/pms12/3040,[ 내부자 ] 사업/창업/자영업/영업/도...,https://cafe.naver.com/pms12,0,6,0,0,6,False
N잡 월 500만원,유튜브,안녕하세요! 공동구매 중개에서 브랜딩까지 달려 보겠습니다,"상반기 월 순수 500만원 , 하반기 1000만원 ● 요즘 가장 관심 있는 N잡 분야 : 공동구매중개, 인스타그램, 유튜브 수익화 방법 ● N잡 연구소에서 다뤄줬으면 하는 주제 : 아직은 배우는 단계라서요 ● N잡 연구소를 알게 된...",http://cafe.naver.com/ablgroup2/8624,"N잡 연구소 - 돈버는 공부, 마케팅, 자...",https://cafe.naver.com/ablgroup2,0,6,0,0,6,False
N잡 월 500만원,스마트스토어,2일차 강의 정리 노트 (김주성),1000만원1분 [월 순수익목표] 기본 전부 1000만원 [온라인에 대해 알고 있는것 모두 적어주세요] 스피드고... 등록-N잡강의 *****300~500만원(3개월안에) / 도매매-스피드고전송기 / 13%~20%(18%) [스마트스토어 최적화 등록]...,http://cafe.naver.com/mdggook/107,자신만만! 10일에 끝내는 유통MD교육 ...,https://cafe.naver.com/mdggook,0,8,0,0,8,False
N잡 월 500만원,기타,50만원의 가치와 합리적 접근,"자본주의, 이기주의, 개인주의, 투잡, n잡 시대에서 우리들의 삶은 계속된 경쟁과 갈등 속에 있다. 오늘 하루... 그것은 원금보장이 약속된 500만원당 월 10만원의 투자 수익으로 달성될 수 있다. 이것은 연이율 24%의 적금을...",http://cafe.naver.com/768309/143,백쩐백승,https://cafe.naver.com/768309,0,6,0,0,6,False
N잡 월 500만원,기타,[서평] 나는 직장인 N잡러 돈 걱정 없이 산다!,시계 4개로 시작해 월 매출 1억원으로 키운 ‘빅클’ 사례 외에도 네이버 데이터랩을 활용해 팔 상품을 선별하는 방법까지 자세히 알려주는 점은 읽으면서도 참 좋았다. 단돈 500만원으로 허름한 빌라를 개조해...,http://cafe.naver.com/trendhunting/267237,[트렌드헌터]마케팅 스마트스토어 도매...,https://cafe.naver.com/trendhunting,0,4,0,0,4,False
N잡 월 500만원,유튜브,"스태프 칼럼ㅣ완주율 25% vs 68%, 조회수가 122배 차이 나는 '1.7초의 잔혹한 심판'","만에 500만원"", ""이거 모르면 손해"" ✅ 원칙 2: 자막은 필수, 위치는 전략적 자막 배치 황금 공식: 핵심... com/peterpanedu/927 앞으로도 피터팬스쿨은 N잡·부업·디지털 비즈니스를 준비하시는 분들께 데이터와 구조로...",http://cafe.naver.com/peterpanedu/936,피터팬스쿨,https://cafe.naver.com/peterpanedu,0,4,0,0,4,False
N잡 월 500만원,기타,22기2주차 필기내용,"결론은 매출을 확보하는것에 있는데, 거래량 확보(주문건수, 매출액) 500만원 거래량이 확보되면... 오픈마켓 매출증대 - 중급- 스피드고 중급- N잡전송기 5. 사입/수입 => 로켓그로스 [쿠팡 계정 정지] 배송이 늦었다....",http://cafe.naver.com/gurinamedu/10491,구리남양주 평생교육원,https://cafe.naver.com/gurinamedu,0,4,0,0,4,False
N잡 월 500만원,기타,디노랩로즈샘의 온라인 강사 마케팅 비법 유네카!,"특히 n잡러, 방구석수익화를 원하는 주부님들에게는 지식창업 마케팅이 최고의 선택이죠. AI 활용 설정 사진 설명을 입력하세요. 그런데 어떻게 일감을 소싱 받냐구요? 대부분의 지식창업 멤버쉽들은 200만원~500만원정...",http://cafe.naver.com/ksb0229/258,한국강사교육진흥원,https://cafe.naver.com/ksb0229,0,2,0,0,2,False
N잡 월 500만원,유튜브,안녕하세요,"목표 : 월 순수익 500만원 ● 요즘 가장 관심 있는 N잡 분야 : 공동구매, 자기 브랜딩 ● N잡 연구소에서 다뤄줬으면 하는 주제 : 공동구매에서 팔면 안되는 제품이 있는지 궁금합니다 ● N잡 연구소를 알게 된 경로 : 유튜브...",http://cafe.naver.com/ablgroup2/9752,"N잡 연구소 - 돈버는 공부, 마케팅, 자...",https://cafe.naver.com/ablgroup2,0,6,0,2,4,False
N잡 월 500만원,유튜브,2회차 과제 제출합니다,"1만 / N잡 성장과정 유튜브 1천 / 강사 스레드 2천 ( 콘텐츠 반응도가 크게 높지는 않음) DB : 와디즈 팔로워... 매출 500만원 이상 발생시키기 문제: 콘텐츠 개발, 광고소재 개발 프리랜서 고용해보았으나 큰 소득을 얻지...",http://cafe.naver.com/sbmbusinessacademy/35009,경제적 자유 예약하기 [사업/마케팅/무...,https://cafe.naver.com/sbmbusinessacademy,0,8,0,0,8,False
N잡 월 500만원,기타,"방구석 재테크, 집에서 편하게 소자본창업 디스크랩 프리미엄하세요!","그리고 투자 비용으로는 5000만원을 투자할시 월마다 500만원을, 500만원 투자시 50만원을 고정으로... 대신 N잡으로 수익이 발생하는 온라인창업입니다. 언택트 소비가 2020년을 뒤 흔드는 온라인상거래 시장에서 인터넷...",http://cafe.naver.com/cafemakecafebest/6507,세상모든꿀팁 ㅣ영업·창업·부업·투...,https://cafe.naver.com/cafemakecafebest,0,6,0,0,6,False
N잡 월 500만원,기타,[필독] 1월5일까지만 공개되는 우리끼리의 비밀입니다!!! (안보시면 후회함),"12월 안으로 연락하면 행운이 있을거라고요~ 이분들은 아마 월500만원 이상의 고정수익을 받아가실 것으로... 6) N잡이 가능하다 단점 1) 생각보다 시간이 많이 나지 않고, 꾸준한 일감이 없을 수 있다 2) 큰 돈은 아니라도...",http://cafe.naver.com/profitablesideline/338,"스타비즈파트너스""니들패치""(미백주름...",https://cafe.naver.com/profitablesideline,0,4,0,0,4,False
N잡 월 500만원,유튜브,등업신청합니다,"최소 500만원에서 1000만원 이상의 가치를 보았습니다 (아는 사람 거의 없음)하루 10분만 투자하여 월 2000만원 돈 버는 방법(부업, 투잡, 재택, N잡) 재테크 투잡 유튜브 보다가 우연치 않게 유튜브 검색하다가 이 영상을...",http://cafe.naver.com/columbus1richroad/68,리치로드: 월 2천 더 버는 부자 되는 ...,https://cafe.naver.com/columbus1richroad,0,12,0,2,10,False
N잡 월 500만원,콘텐츠,[127번째 책] SNS로 N잡러가 되기 전에,"직장인 10명 4명이 N잡러다 ... 첫 번째 주 수입원을 안정시키고, 두 번째 수입원이 생겼다고해서 첫 번째... 메가 인플루언서(100만 명 이상) - 콘텐츠당 500만 원대 이상 ... 팔로워 5만~50만 명 - 월 평균 457만 원 ... p.35...",http://cafe.naver.com/gedconsulting/33103,GED 미국검정고시 CC 산타모니카칼리지...,https://cafe.naver.com/gedconsulting,0,4,0,0,4,False
N잡 월 500만원,기타,방법은 있다,투잡에 N잡까지 하는 시대가 왔네요^^ 아이들이 성장할수록 식비에 학원비 무시 못 하겠더라구요. 학원비만... 월300~500만원은 벌어가실수 있습니다 지금이 기회입니다 도전해보세요 설문조사 남기시면 확인후...,http://cafe.naver.com/1000eng/20187,디노경자 | 노마드크리스 (지식창업 노...,https://cafe.naver.com/1000eng,0,4,0,0,4,False
N잡 월 500만원,기타,나만의 책을 낸다면?,N잡으로 소득 파이프라인을 스스로 만드는 분들이 많아지고 있는데요. 전자책 출판 역시 부수입을 올릴 수... 당시 수중에 갖고 있던 돈이라곤 500만원 정도뿐이어서 비용이 들어가는 일은 부담이 됐거든요. 전자책은...,http://cafe.naver.com/loveabundance/5513,&#129412;황금빛유니콘 {풍요의 무의식 힐링},https://cafe.naver.com/loveabundance,0,4,0,0,4,False
N잡 월 500만원,기타,국민내일배움카드 사용처 알려드림!,"1인당 300만 원에서 최대 500만 원까지 교육비를 지원받을 수 있어, 잘 활용한다면 개인의 성장과 경력 개발에... 단순히 '취업'만을 위한 것이 아니라, 'N잡'이나 '창업'을 준비하는 분들에게도 훌륭한 디딤돌이 될 수...",http://cafe.naver.com/rc003/285755,구미부동산이야기 (김천 아파트 교육 ...,https://cafe.naver.com/rc003,0,2,0,0,2,False
N잡 월 500만원,배달,2023년 돈 모으는 방법,"1) N잡활동 배달 배달, 대리운전, 야간택배 등 여유시간을 활용해 일시적으로 일을 하고, 일시적인 일에 바로... 약 500만원 이상을 소비하고 있으며, 자녀가 태어나 한쪽이 직장을 그만둔다면 더 이상 돈을 모으는 것을...",http://cafe.naver.com/jaegebal/4468481,부동산 스터디',https://cafe.naver.com/jaegebal,0,4,0,0,4,False
N잡 월 500만원,기타,국민내일배움카드 사용방법 확인하기!,"국민내일배움카드 제도는 카드 발급날짜로부터 5년동안 300만 원에서 최대 500만 원까지 학원비를... 어떠한 교육이 있는지, 어느 정도 교육비를 지급해주는지와 신청 방법 등에 관해서 자세하게 체크 후 N잡 실현에 한...",http://cafe.naver.com/studentstudyhard/2370783,"공준모★공기업,채용,공공기관,코레일...",https://cafe.naver.com/studentstudyhard,0,2,0,0,2,False
N잡 월 500만원,기타,짠부전문가 소개 (카페 공식),"가계부, n잡을 통한 지속적인 부의 창출이 가능함을 깨닫게 되었습니다. 짠돌이 부자되기 카페에서 저의... 당시 마지막 회사의 계약 연봉 금액은 7,000만 원 (월 실수령, 500만 원 정도)였습니다. 직장인 월급 치고는...",http://cafe.naver.com/engmstudy/2341585,● 짠돌이카페 ● 짠돌이부자되기(재테...,https://cafe.naver.com/engmstudy,0,0,3,0,3,False
N잡 월 500만원,기타,국민내일배움카드 신청 사용방법,"국민내일배움카드 제도는 카드 발급일로부터 5년동안 300만 원에서 최대 500만 원까지 학원비를 지원해... 어떤 교육이 있고, 어느 정도 교육비를 지원해주는지, 신청 방법 등에 대해 자세하게 알아보면서 N잡 실현에...",http://cafe.naver.com/dokchi/12208497,"독취사-취업,대학생,대기업,공기업,GS...",https://cafe.naver.com/dokchi,0,2,0,0,2,False
N잡 월 500만원,유튜브,내 상황진단입니다.,"월 순수익 500만원 정말 벌고 싶습니다. 2. 그 목표를 달성하기 위해 내가 해야 할 일이 무엇인지 적어주세요.... 안녕하세요 N잡 연구소입니다. N잡연구소에서는 공동구매 중개, 블로그 수익화, 유튜브 키우기, 지식창업 등...",http://cafe.naver.com/ablgroup2/7307,"N잡 연구소 - 돈버는 공부, 마케팅, 자...",https://cafe.naver.com/ablgroup2,0,8,0,0,8,False
N잡 월 500만원,기타,상황진단 내용입니다.,- 두달 이내 200만원 이상 순수익 내기 / 6개월 후 월 고정 수익 500만원 이상 만들기 2. 그 목표를 달성하기... - 1달 동안 계절별 상품 서치하여 정리하기 - 나에게 계속 동기부여 시켜주기 안녕하세요 N잡 연구소입니다....,http://cafe.naver.com/ablgroup2/5726,"N잡 연구소 - 돈버는 공부, 마케팅, 자...",https://cafe.naver.com/ablgroup2,0,4,0,0,4,False
N잡 월 500만원,기타,나의 각오한마디,해보겠습니다 ▶ 월 순익 목표: 1개월차 : 50~100만원 3개월차 : 200~300만원 1년이상 : 500만원 이상 ▶ 목표를... : 2026년 2월 전 ▶ 자유롭게 한마디 부탁드립니다 N잡 유목마하면서 수익을 거둿던것도 힘들었던...,http://cafe.naver.com/tjwo43/28098,돈품사 | 명품창업 명품사업 리셀 명품...,https://cafe.naver.com/tjwo43,0,4,0,0,4,False
N잡 월 500만원,기타,안녕하세요 가입인사드려요,월매출 500만원입니다 ● 6개월 내에 이루고 싶은 목표 : 순수익으로 월천이루고 싶습니다 ● 요즘 가장 관심 있는 N잡 분야 : 무자본으로 성과낼수있고 자동수익화로 할수있는 N잡에 관심이 많습니다 ● N잡 연구소에서...,http://cafe.naver.com/ablgroup2/6478,"N잡 연구소 - 돈버는 공부, 마케팅, 자...",https://cafe.naver.com/ablgroup2,0,6,0,0,6,False
N잡 월 500만원,기타,가정주부투잡으로 괜찮은 한화손해보험 라이프위드추천해요!,"보증보험 500만원 가입을 해야 이용할 수 있는 수수료 지급 방식이랍니다. 홈페이지에 보시면, 자세하게... ✔ 가정주부투잡 알아보고 계신 분들 ✔ N잡으로 괜찮은 일 찾고 계신 분들 ✔ 시간 많이 뺏기지 않고 할 수 있는...",http://cafe.naver.com/real21/1923505,문화충전200%(문화를 사랑하는 사람들...,https://cafe.naver.com/real21,0,4,0,2,2,False
N잡 월 500만원,기타,국민내일배움카드 사용방법 알아보기!,"국민내일배움카드 제도는 카드 발급일로부터 5년동안 300만 원에서 최대 500만 원까지 학원비를 지원해주며... 어떤 교육이 있으며, 어느 정도 교육비를 지원해주는지와 신청 방법 등에 대하여 자세하게 확인 후 N잡...",http://cafe.naver.com/pony10/251915,■인테리어에반하다■ 아파트 카페 욕...,https://cafe.naver.com/pony10,0,2,0,0,2,False
N잡 월 500만원,기타,선택이 아닌 필수에요~,투잡에 N잡까지 하는 시대가 왔네요ㅠ 아이들이 성장할수록 식비에 학원비 무시못하겠더라구요 학원비만... 월300~500만원은 벌어가실수 있습니다 지금이 기회입니다!! 도전해보세요 ^^ 설문조사 남기시면 확인후...,http://cafe.naver.com/formoonmedia/223769,여자카페[요리/공연/성형/패밀리세일/...,https://cafe.naver.com/formoonmedia,0,4,0,0,4,False
N잡 월 500만원,기타,"""늦바람이 무섭다""더니…댄스에 빠진 40대의 반전 [방준식의 N잡 시대]",보통 점주들이 1개를 운영하기보다 2~3개를 운영하시기도 하는데 이분들은 N잡러 입니다. 점주 한두분을 제외하고 모두 회사에 다니면서 부수입을 올리고 있죠. 4곳 이상 운영하는 분들은 월 1000만원은 고정 매출을...,http://cafe.naver.com/sds8585/32314,넷테크 - 인터넷 가입 신청,https://cafe.naver.com/sds8585,0,6,0,0,6,False
N잡 월 500만원,기타,2020. 04. 08 (수) 체인지 라이프 8일차,일거리의 형태가 매번 같지 않기 때문에 월 최소 500만원에서 최대 1000만원 이상의 수입을 올리고 계신... N잡을 하는 것 효율이냐 비효율이냐에 대한 생각 - 일단 저의 관점에서는 다양성이 삶의 질을 높인다는데 큰...,http://cafe.naver.com/changelife100/160,플로팅보트 마케팅,https://cafe.naver.com/changelife100,0,2,0,0,2,False
N잡 월 500만원,기타,한 달간 1천명 몰린 메리츠 파트너스…'월평균 수입 148만원',수입 500만원이 넘으면서 N잡러들 사이에서 입소문을 타고 있다. 메리츠 파트너스는 사무실에 나가서... 환경과 N잡 문화를 선호하는 설계사들의 니즈를 충족시키면서 월 도입 1천명 돌파로 이어졌다. 파트너스 신청은...,http://cafe.naver.com/honjob/22455,"혼Job&혼잡-은행취업,금융취업,자소서...",https://cafe.naver.com/honjob,0,2,0,0,2,False
N잡 월 500만원,기타,2022 청년활동가 지원 사업,"부캐, N잡, 취•창업•창직, 플랫폼 노동, 로봇•AI 등 주거/생활 1인 가구, 공유주거, 홈코노미, 로컬... 최대 500만원 ※ 선정심의위원회 심의 결과에 따라 지원 예산은 조정될 수 있습니다. ❙ 지원서류 및 신청방법...",http://cafe.naver.com/koreahikikomori/1959,KHPA (한국은둔형외톨이부모협회) / K...,https://cafe.naver.com/koreahikikomori,0,2,0,0,2,False
N잡 월 500만원,기타,평범하게 사는 것에 대한 강박,"월 가구소득 600만 원 이상 | 7.0점 이상 | – | **고소득 기혼**만 뚜렷한 이득 | | 월 가구소득 300~500만 원 미만... 일부 40대 싱글 남성: N잡·프리랜서로 월 350~400만 원 이상 벌면서 ""혼자 사는 데 필요한 돈만 벌면 충분....",http://cafe.naver.com/gamnamlab5/259,PY 컨텐츠 공장,https://cafe.naver.com/gamnamlab5,0,2,0,0,2,False
N잡 월 500만원,기타,2023년 5월 15일 월요일 간추린 뉴스,"""호텔리어 관두고 月 1000만원 벌어요""…그녀의 비결은 [방준식의 N잡 시대] - 한국경제 11. 블랙핑크... '농협 모델' 한소희도 '고향사랑' 행렬 동참...울산에 500만원 기부 - 한경비즈니스 11. KT, 베트남 헬스케어 시장...",http://cafe.naver.com/pogba9981/28211,원탑 주식정보,https://cafe.naver.com/pogba9981,0,2,0,0,2,False
N잡 월 500만원,기타,2021년 2월27일(토) 프랜차이즈 뉴스,"등 ‘N잡’을 생각하고 있으며, 4명 중 3명은 ‘알바 보릿고개’를 겪으며 약 2주 만에 알바비를 모두... 2월22일(월) 뉴스 ] ‘매출 감소’ 소상공인에 최대 500만원 준다 / 편의점 입지따라 매출 엇갈려… 주택가...",http://cafe.naver.com/sbiznews/4911,창업 알고하면 성공한다,https://cafe.naver.com/sbiznews,0,4,0,0,4,False
N잡 월 500만원,기타,"""차 안사고 투자한 3000만원...주식 10배, 부동산 10억 된 비결""","‘인간 리트리버’처럼 사람과 모임을 좋아해 1년 술값이 500만원에 달하기도 했다. 당연히 통장은 ‘텅장... 뷰티, 패션 등 소비 채널보다 재테크, N잡 등 ‘더 버는’ 데 도움이 되는 채널을 구독해보자. 책 읽기도 좋다....",http://cafe.naver.com/tongkn/19593,통큰자유,https://cafe.naver.com/tongkn,0,4,0,0,4,False
N잡 월 500만원,유튜브,알려줘도 안할 것 같아서...다 말합니다. AI로 자동수익 만들기 I 챗GPT 쇼츠 - 노마드버드-AI 파이프라인 ...,뉴스픽 #부업 #N잡 2022.08.07 업로드되었던 영상입니다. 안녕하세요 G월드 입니다. 즐겁게 봐주시고 구독과... AI 미드저니 조회수 11만회1개월 전 머니몬스터TV 집에서 컴퓨터로 월500만원 에서 1000만원 이상까지 버는...,http://cafe.naver.com/aistockaz/2525,AI SsInsurance®삼성종합보험®삼성카...,https://cafe.naver.com/aistockaz,0,6,0,0,6,False
