keyword,category,title,description,link,bloggername,postdate,ad_score,side_score,success_score,noise_score,final_score,is_ad
부업 성공 후기,기타,직장인 현실 부업 추천 TOP3 후기,구축하면서 언젠가 '디지털노마드' 달성하여 행복한 여생 보내는 것이 목표였어요. 모두 성공하시길 응원합니다. 직장인 현실 부업 추천 TOP3 후기 이상으로 마쳐요. 직장인 현실 부업 추천 TOP3 후기 트레이더푸,https://blog.naver.com/dream_200/224000484199,트레이더푸,20250908,0,2,3,2,3,False
부업 성공 후기,기타,쏘카 핸들러 후기 - 부업이라 말하기엔 애매한,쏘카 핸들러 미션 후기 생각보다 주변에 미션이 많지가 않은데 리워드가 너무 적고 여러 핸들러가 달려들면 핸들 잡기도 경쟁이 치열해서 '부업'으로 보기엔 무리가 있어보여요. 이동을 마치면 쏘카가 정해...,https://blog.naver.com/vjatom/224069900177,블로그명,20251109,0,2,0,0,2,False
부업 성공 후기,유튜브,뷰티유튜버 재유 파뉴크ON 유튜브강의 후기 / 직장인부업...,"진심으로 듣고 싶었던 뷰티유튜버 재유님의 강의 찐후기 유튜브 해보고 싶다는 생각(만) 꽤 오래전부터 하고 있었던 나.. 취미나 부업으로 좋아하는 것, 평소에 관심 있는 것들을 영상으로 풀어보고 싶다는...",https://blog.naver.com/unbinlog/224208624724,언빈 여행비행LOG,20260308,0,6,0,0,6,False
부업 성공 후기,기타,"직장인 AI 부업 현실 후기, 직접 해보니 이렇습니다",꾸준함 부족 → 결국 구조를 못 만듦 직장인 AI 부업 성공 전략 제가 실제로 효과 본 방법이에요. 1. 키워드 먼저 잡기 직장인 AI 부업 직장인 부업 추천 AI 돈벌기 → 검색어 중심으로 글 작성 2. 경험형 문장...,https://blog.naver.com/eu-reka/224258558819,직장인 밥벌이로그,20260423,0,2,3,2,3,False
부업 성공 후기,기타,단순 포장부업 후기,"건강도 안 좋고 직장 생활하기엔 어려움이 있어서 20대부터 단순 포장부업이며 단기 아르바이트를 많이... 포장부업은 2년 가까이 했는데 그만두고 지금은 수공예 부업 중이랍니다 단기간에 할 수 있는 일, 오래...",https://blog.naver.com/nike8319/223484739407,용쓰 수다이야기,20240619,0,2,0,0,2,False
부업 성공 후기,기타,앱테크 부업 수익 생긴 후기,자연스럽게 부업을 생각하는 사람들이 부쩍 늘어난 것 같아요. 그런데 막상 시작을 한다고 하면 시간... 여러 후기를 보니까 이미 SNS 헬프 업체를 이용하는 사람들은 엄청나게 많이 있었어요 오랜기간 운영을...,https://blog.naver.com/eunjin7758/224089702095,태티치,20251127,0,4,0,0,4,False
부업 성공 후기,기타,여성 남성 아산부업 실제 후기,부업을 찾는 여성과 남성을 위한 아산부업의 세계 속으로 모두 함께 뛰어들어보는 것은 어떤가요? 부업의 매력에 푹 빠져 새로운 성공 이야기를 써내려보세요. 여성 남성 아산부업 실제 후기,https://blog.naver.com/linguistic_83507/224250059500,linguistic_83507님의 블로그,20260430,0,2,3,2,3,False
부업 성공 후기,블로그,블로그로 수익을 낼 수 있을까? 블로그 부업 열풍 테스트 후기,한 가지 일로 먹고 살지 못하는 이들이 많아 부업이 일종의 사회적 이슈로 자리잡은 사회가 과연... 다른 사람 후기는 못 믿겠어!! 직접 해볼래! - 지난 날의 개친가 직접 체험해보는 것만큼 나한테 맞는 결론은...,https://blog.naver.com/underblueblue/224032050412,놀고 먹기도 바쁜데 세상이 나를,20251005,0,6,0,0,6,False
부업 성공 후기,기타,2025 직장인 부업 추천 가이드: 이유와 성공 비법까지,2025 직장인 부업 추천 가이드: 이유와 성공 비법까지 지금의 현대 사회에서는 직장인 분들의 부업이나... 직장인 부업 후기: 온라인 부업 실제 경험. 아래에 소개해 드린 포스팅에는 현재 온라인 부업을 통해...,https://blog.naver.com/yirang569/223690887237,드림투유본사 공식멘토 드림투유 친절한멘토,20241212,0,2,3,2,3,False
부업 성공 후기,기타,토퍼프린터 입문 후기 손재주 없어도 가능한 부업,"후기를 쓰고 기관으로부터 수수료를 받습니다 작년 엄마 생신에 토퍼를 선물했더니 너무 좋아하시고... 직장인도 부업으로 할 수 있어요 요즘엔 토퍼 한번 구입 안해본 MZ들이 없을정도로 생일, 환갑, 프로포즈...",https://blog.naver.com/kghic67/224070903344,람쥐씨의 알뜰살뜰 일상이야기,20251110,0,2,0,0,2,False
부업 성공 후기,기타,여성 남성 핸드폰부업 후기겸 추천,여성 남성 핸드폰부업 후기겸 추천 한국 사회에서 부업은 많은 사람들에게 인기 있는 선택이 되어가고... 이번에는 여성과 남성 모두가 성공할 수 있는 부업에 대해 알아보고자 합니다. 여성을 위한 부업 선택...,https://blog.naver.com/travel_8157/224174993403,"국내 최초 중고 노트북 부업, 창업 아카데미",20260304,0,2,3,2,3,False
부업 성공 후기,스마트스토어,"스마트스토어 투잡 부업 후기, 월30만원 벌기",스마트스토어를 부업으로 한 지 1년이 넘었다. 처음엔 그냥 투잡을 하고싶다는 생각으로 막연히... 회사 본업에 지장을 안주고 가늘고 길게 소소하게 부업을 하기로 마음 먹었다. 중간에 돈은 소소한데 너무...,https://blog.naver.com/qew90/222983885216,봄이오면,20230114,0,6,0,0,6,False
부업 성공 후기,기타,비대면 부업 후기 진짜 한 달 해본 결과! 내 경험담 공개,"이번 글에서는 제가 직접 해본 비대면 부업에 대해 솔직하게 후기와 함께 여러분이 궁금할 만한 정보도... 그래서 처음 시작할 때는 너무 큰 기대를 가지기보다는, 작은 성공을 쌓아가면서 길게 보는 게...",https://blog.naver.com/cixpleasant/224102855725,귤껍질을 벗기다,20251208,0,2,3,2,3,False
부업 성공 후기,기타,반려동물 산업 애견비누 만들어 부업 성공,관련 사이트는 아래 남겨둘게요 궁금하신 분들은 살펴보세요:) 반려동물 산업 천연비누 부업 자세히 알아보기>> 솔직한 후기를 작성한 후 아카데미로부터 소정의 원고료를 받습니다,https://blog.naver.com/xodms0515/223222853462,떡굽는사람 맛디댜입니다,20230928,0,2,3,2,3,False
부업 성공 후기,기타,가정부업 후기들 보고 나도 혹해서 시작했는데요,"가정부업 후기들 보고 나도 혹해서 시작했는데요 요즘 주변에 보면 은근히 ‘가정부업’ 시작한... 싶었는데 성공한 후기들이 많아서 궁금해졌어요  자동화 퍼널마케팅, 후기들 보면 진짜 괜찮은듯? 요즘 가장...",https://blog.naver.com/hororokgirl/224092309172,호로록걸의 먹방,20251129,0,2,3,2,3,False
부업 성공 후기,기타,직장인부업 후기 추천 이유 7월2800만 번 이야기,직장인 분이 부업으로 성공하신 후기를 보신다면 직장 생활을 하면서 여가 시간을 이용해 부업에 도전하는건 매우 현명한 선택이에요 부업을 통해 성공을 경험하면 그 이전의 열심히 일하는 직장 생활이 부럽지...,https://blog.naver.com/younhamom/223533354011,❤드림투유 공로상수상 1등 교육멘토 ❤,20240801,0,2,3,2,3,False
부업 성공 후기,기타,"""앱테크 추천"" 집에서 하는 부업인데 5만원 돈버는법 아임인...","하는 부업이 인기가 높다. 오늘은 단 1건의 성공으로 최저임금의 5배를 벌 수 있는 진짜 알짜배기... 파트너들의 후기가 가득하다. 아이들 키우느라 직장에 나가기 힘든 초보 부모님이나, 아이들을 어느 정도...",https://blog.naver.com/ggokyu/224219233861,짠테크 연구소,20260317,0,2,3,2,3,False
부업 성공 후기,기타,직장인 부업 추천 후기 창업 소득 세금 등,처음으로 직장은 부업 후기 등의 내용으로 추천하는 이유들을 설명해 드리도록 하겠습니다. 마지막에는... 하지만 우리는 그 모든 것을 극복하기 위해 노력했습니다.하지만 성공은 언제나 순탄치 않다.남성은...,https://blog.naver.com/v1ow7x60/223431497118,Temi's Life Style,20240430,0,2,3,2,3,False
부업 성공 후기,기타,직장인 부업 추천 후기 과정이 중요!,직장인 부업 추천 후기 과정이 중요! 과거부터 현재까지 많은 20대 여성분들이 본업 외에도 추가 수입을 위해 부업을 시작하고 있습니다. 그 중에서도 성공적으로 부업을 시작한 한 여성의 사례를 통해 시장...,https://blog.naver.com/5gb6u354/223459517523,릴라의 다이어리,20240527,0,2,3,2,3,False
부업 성공 후기,기타,Lixnor사기 릭스노어 부업앱 회복 핵심 정리,"Lixnor사기 릭스노어 부업앱 회복 핵심 정리 “그때 나는 왜 믿었을까?” 한때 부업앱 시장에서... 처음엔 지인 추천, 그 다음은 생면부지의 ‘성공 후기’가 이어졌습니다. 가입만 해도 지급되는 포인트 구조...",https://blog.naver.com/heettuhattu/224144000824,히뚜하뚜해,20260112,0,2,3,2,3,False
부업 성공 후기,기타,손뜨개배우기 덕분에 주부 부업 성공,판매량이 늘면서 후기도 쌓이니까 가끔 단체주문도 들어왔어요:) 이곳에 업로드 된 상품들은 자동으로... 혹시 저처럼 집에서 즐길 수 있는 취미 또는 부업일거리 알아보시는 분들에게 적극 추천해드리고 싶구요....,https://blog.naver.com/watergilr/223362890657,R=VD :),20240223,0,2,3,2,3,False
부업 성공 후기,기타,휴대폰 성지 좌표 공유! 아이폰/갤럭시 최저가 구매 성공 후기,"데 성공했습니다! 오늘 제가 직접 방문하고 내돈내산으로 경험한 지축 휴대폰 성지의 정확한 좌표와 구매 팁, 가격 후기를 솔직하게 공유해 드릴게요. 지축휴대폰성지 지축휴대폰성지 ✔️텐퍼센트커피 옆...",https://blog.naver.com/ssong1425/224105244887,열정가득한 언니의일상~,20251210,0,0,6,0,6,False
부업 성공 후기,기타,직장인 부업 추천 후기! 무인 라면가게 창업,"부업 추천, 부업 후기 준호가 웃으며 말했습니다 우리는 가게를 열 준비가 되었어요 정말 감사해요 나... 분명히 성공할 거야!지영: 너무 고마워 어서와요! 이곳은 당신을 위한 특별한 커피숍입니다 부모님은...",https://blog.naver.com/9ujhge0s/223426347435,일상의 시간,20240425,0,2,3,2,3,False
부업 성공 후기,기타,알바부업 후기겸 추천,각자의 상황과 목표에 맞게 선택하여 성공을 이끌어 나가길 바랍니다. 알바부업 후기겸 추천 알바부업 후기겸 추천 알바부업 후기겸 추천 알바부업 후기겸 추천,https://blog.naver.com/lxeezbxi/223845242395,세상에서 가장 쉬운 당근부업,20250426,0,2,3,2,3,False
부업 성공 후기,기타,"직장인 대학생 부업 추천, 크몽 부업 솔직후기 및 꿀팁 (전문가...",있는 부업이어서 제 경험을 바탕으로 소개 겸 후기 작성해볼테니 한 번 읽어봐주세요‼️ 바로... 위처럼 전자책과 관련해서 수익화를 성공시키신 분들도 많습니다. 공부법이나 누군가가 궁금해 할 한 분야의...,https://blog.naver.com/shfilm_/224090192253,초이스로그,20251127,0,4,3,4,3,False
부업 성공 후기,기타,직장인 부업 추천 누적 8000만 만든 교육 현실 후기,"기록 성공 ! 물론 이 과정에는 시행착오도 있었는데. 글이 잘 안 써질 때도 있었고, 어떤 주제가 반응이... 현실적인 직장인 부업 추천의 후기 꾸준함으로 스스로의 경제적 자유를 만들어가시길 바라며  더...",https://blog.naver.com/hanzhengy/224075082960,❤월2800만이상 블로그글쓰기하는 윤하맘 ❤,20251113,0,2,3,2,3,False
부업 성공 후기,기타,직장인 부업 추천 메리츠파트너스 부업으로 성공하기 위한 팁,"직장인 부업 추천 메리츠파트너스 부업으로 성공하기 위한 팁 메리츠파트너스를 통해 보험 관련... 이미 많은 사람들이 이 시스템을 통해 부업을 시작했고, 그들의 후기도 상당히 긍정적입니다. 또한, 멘토...",https://blog.naver.com/jyvbbqcqdm74691/224060208643,때발이의 이모저모,20251031,0,2,3,2,3,False
N잡 성공 후기,기타,"직장인N잡후기, 앤잡더하기 본업병행N잡으로 추천하는 이유!","3개월 차 직장인의 솔직한 결론 아직 성공 후기라고 말하기엔 이른 것 같아요. 근데 후회는 없어요.... 좀 더 있는 이야기를 들고 올 수 있으면 좋겠어요. 직장인N잡후기, 앤잡더하기 본업병행N잡으로 추천하는 이유!",https://blog.naver.com/milllk016/224274518160,냠냠초밥,20260504,0,2,3,2,3,False
N잡 성공 후기,기타,릴픽스후기 승연쌤과 N잡 성공 찐리뷰,"아직 시작 단계지만 N잡러로서의 삶을 본격적으로 시작했다는 느낌이 들어서 만족도가 높습니다. 릴픽스후기를 고민 중이라면, 망설이기보다는 한 번 제대로 경험해보는 걸 추천 드리고 싶어요. 특히...",https://blog.naver.com/yevelyshare/224269787259,Namong,20260429,0,2,3,2,3,False
N잡 성공 후기,기타,에스토니아 전자영주권 세미나 n잡 창업가 방문후기,"에스토니아 전자영주권 세미나에 다녀왔어요 n잡, 해외창업, 유럽진출에 관심있다면 주목! 안녕하세요... 기업들의 성공사례들도 소개해주셨어요 실시간 통화를 통해서 현지에 계신 분께서 직접 설명해주시고...",https://blog.naver.com/flowersoonj/223673281241,"그녀의 도약, 정소희",20241126,0,0,3,0,3,False
N잡 성공 후기,블로그,"여행소희, 인플루언서 마케팅 3번째 강의 후기 N잡클래스 부업","블로그 후기 :) 소희님의 인스타그램 강의는 4가지 챕터가 있는데 아직 진행 전인 수익화 강의를 뺀 3가지 주제를 거의 다 들은 거 같다 강의 자세한 내용은 생략되어 있음 ! SNS서포터즈 N잡, 재택부업...",https://blog.naver.com/thwjd9685/223517478156,"일상을 여행,",20240718,0,12,0,0,12,False
N잡 성공 후기,기타,회사 말고도 돈 벌 수 있대? 요즘 MZ들은 죄다 N잡 한다던데!,"SNS에 나오는 N잡 성공 스토리들의 진짜 모습과 약간의 과장에 대해 솔직하게 이야기하는 거야. ""솔직히... "" MBTI 유형별 추천: ""INFJ라면 깊이 있는 생각을 담아서 진솔한 제품 후기"", ""ISTJ라면 꼼꼼하게 분석해서 IT...",https://blog.naver.com/shlijs/223843813197,shlijs님의 블로그,20250423,0,2,3,2,3,False
N잡 성공 후기,기타,직장인 부업 N잡으로 두 번째 월급 만드는 파이프라인 구축...,"♂️ 직접 경험하며 기록한 삶의 변화와 생생 이용 후기 ️ 더 나은 내일과 경제적 자유를 꿈꾸는 분들을 위한 마무리  평범한 직장인에서 월 매출 3,000만 원 프로 N잡러가 되기까지 ✨ 처음에는 저자 강병곤...",https://blog.naver.com/gudrkq89/224245182741,"최형갭v 부동산, 임장, N잡, 상품리뷰, 블로그",20260408,0,6,0,0,6,False
N잡 성공 후기,블로그,재택알바 원고 작가 N잡 후기 (원고팜 테스트 통과부터...,"안녕하세요, 여러분, 한울입니다. 요즘에는 투잡, 쓰리잡 등 부업을 찾으시는 분들이 많고 하나의 직업으로 평생 먹고사는 시대는 지났다는 말이 많이 나오죠. 저 또한, 설문조사 알바, 앱테크, 블로그, 마케터 등...",https://blog.naver.com/mymuhome/224033468988,한울의 테크 노트,20251006,0,10,0,0,10,False
N잡 성공 후기,기타,문토 어플 사용법 이거 하나면 끝 N잡 취미 소셜링 후기...,활동기반을 다지면 노출이 잘되서 N잡으로 수익화 할 수 있는 장점! 셀렉티드 호스트 유지조건 본인의 취향과 관심사가 잘 드러나는 유료 소셜링 한 달에 2회 이상 진행 문토 앱 내 라운지 피드에 소셜링 후기...,https://blog.naver.com/bumlog_1/223241898407,"범로그_파워""P""와 동행하는 낭만트래블",20231020,0,4,0,0,4,False
N잡 성공 후기,배달,"배민커넥트 도보 100건 후기 (N잡 도전, 직장인 부수입 만들기...","배민커넥트 도보 후기를 보면 시급이 안 나온다는 글이 많았는데, 내가 사는 곳(상가주택) 특성상... 다른 후기에, 늦으면 월요일에 들어올 때도 있다고 했는데, 나도 가입 첫 주 정산은 월요일에 들어왔었다...",https://blog.naver.com/guswlelwlahs/223503348432,ㅡhzzzzㅡ,20240706,0,4,0,0,4,False
N잡 성공 후기,기타,n잡러 기록 일지]20대에 2억 모으기 후기(27살/안전주의/n잡),안녕하세요 20대에 2억+@모은 후기를 적어보려고 합니다. 저는 현재 4년 차의 디자이너로 일하고 있는... 원래 목표는 30살에 3억 자산을 만드는 것이었는데 무난하게 성공하지 않을까 해서 사이드로 목표를 더...,https://blog.naver.com/jyejye1006/223994992065,이것저것,20250904,0,0,3,0,3,False
N잡 성공 후기,기타,"부동산, N잡 강연 - 청춘어람 은밀한 송년회 부산 후기",청춘어람 - 재테크 부동산 자기계발 N잡 스터디 : 네이버 카페 (naver.com) 강연은 왠지 2023년에 자주 다니게 될 것 같다 ㅎㅎ 좋았던 강연이 있으면 후기와 함께 또 공유드리도록하겠습니다 ~~,https://blog.naver.com/pbq5515/222947075802,행투의 부동산이야기,20221205,0,2,0,0,2,False
N잡 성공 후기,강의,"N잡 강의 그만! 3040 부수입, 메리츠 파트너스로 현실적인...","N잡 강의 그만! 3040 부수입, 메리츠 파트너스로 현실적인 수익 내기 안녕하세요 요즘 “부업” 검색만... 즉, ‘내 보험 점검부터 시작해 수익까지 연결되는 구조’ 그래서 실제 활동자들의 후기 중엔 “본인...",https://blog.naver.com/healthlife-/224024151742,생활 건강 지킴이,20250928,0,10,0,0,10,False
N잡 성공 후기,블로그,"알쓸N잡 시대, 직장인 블로그 부업이 답이다","본인의 기록, 생각 정리, 후기 등 뭐든 좋습니다. 자기만의 브랜드, 월급 외 수익, 새로운 커리어도 만들 수 있는 블로그 지금 시작해 보세요! 다양한 알쓸N잡을 알아보고 실행합니다. 블로그 관련 궁금한 사항은...",https://blog.naver.com/worker_parkdr/223822652397,월급을 넘어서는 부수입을 만드는 곳. After Work Inc,20250405,0,8,0,2,6,False
N잡 성공 후기,스마트스토어,직장인 N잡으로 스마트스토어 빅파워 2개 달성 인증 및 후기,직장인이 N잡으로 온라인 사업을 하신다면 시간 활용이 가장 중요합니다. 오늘은 저의 세컨드 스토어 빅파워 등급 달성 기념으로 인증을 하였고 간단히 느낀점에 대해 공유드렸습니다. 좀 더 자세한 후기와 팁...,https://blog.naver.com/dlwnsrl08/222800137726,N잡러 이과장,20220704,0,4,0,0,4,False
N잡 성공 후기,유튜브,[5/14(화)저녁9시] 왕초보 유튜브 N잡으로 월500만원...,마세요 후기 선물 또한 푸짐해요 1. 콘텐츠 기획안 파일 2. AI 활용 15분 만에 쇼츠 영상 제작법 3. 생산성 끌어올리는 스마트 워크 툴 4년 차 요리 유튜버 SNS 마케팅 전문 강사가 알려주는 왕초보 유튜브 N잡으...,https://blog.naver.com/makingwolcheon/223442256578,월천댁의 배따월 클래스,20240510,0,6,0,0,6,False
N잡 성공 후기,기타,"2년제 수도권 악기제작과 취업후기, 투잡 N잡 세대·기타세팅과...",취업 후기입니다. 1. 본인 소개 좀 해주세요 안녕하세요. 16학번 서울연희실용전문학교 실용음악전공... 흔히 요즘은 투잡 N잡 세대라고 하잖아요. 좋은 기술을 배우게 되었습니다. 2. 졸업 후 어떤 일을 하고...,https://blog.naver.com/topyonhee/222615328359,어거스틴(서울연희전문학교)악기제작 일반인 수시모집,20220107,0,4,0,0,4,False
N잡 성공 후기,기타,"경력단절 10년 주부의 새로운 결심, 인카파트너스로 보험 N잡...","오늘은 경력단절 10년 차 주부가 인카파트너스로 보험 N잡을 시작한 이야기를 들려드릴게요. 10년 전... 급여는 많은데 뭔가 사기같은 느낌도 들었고, 보험은 자유롭게 활동이 가능하다 생각했는데, 후기를 보니...",https://blog.naver.com/songfb3/224036913394,보험 N잡! 인카파트너스와 함께~,20251010,0,2,0,0,2,False
N잡 성공 후기,기타,N잡 / 미소파트너 스물아홉번째 후기,알지만 나도 답답하다고요ㅠ 일자리 추천이 계속 문자로 오고 어플은 됐다 안됐다 하다가 드디어 정상화... 이틀 동안 본사도 난리였겠지 뭐. 그 와중에 정기일자리 또 신청 성공한 내가 레전드ㅎ 갓생 가보자고...!,https://blog.naver.com/too_busy_p/223540429078,-,20240808,0,2,3,2,3,False
N잡 성공 후기,블로그,온라인 재택 부업 N잡 현실 가능한 15가지 총정리,"재택 N잡으로 딱입니다! 저도 지금 하고 있는 일이기도하고 쏠쏠합니다! 글 잘 쓰는 분에게는 최고의 수익 부업. 블로그 키워드 글, 후기, 마케팅용 글을 건당 5,000~3만 원 수준으로 외주 받아요. 단기간 수익화...",https://blog.naver.com/ppsb37/223988366821,키츠네만화관,20250830,0,10,0,0,10,False
N잡 성공 후기,기타,발가벗은힘 N잡 책 자기계발서 도서 추천,"발가벗은힘 N잡 책 자기계발서 도서 추천 후기 시작합니다. 발가벗은힘 - 진짜 역량을 찾아가는... 도서명 : 발가벗은 힘 회사 밖에서도 통하는 진짜 역량 저자 : 이재형 출판 : 파지트 카테고리 : 성공,처세 그런...",https://blog.naver.com/alonehis/223781344453,LIM'S LOG,20250303,0,2,3,2,3,False
N잡 성공 후기,기타,메리츠 파트너스 부업 후기 직장인 N잡 수익화,"메리츠 파트너스 부업 여러분, 안녕하세요. 프라임에셋 148본부의 배귀현 본부장입니다. 오늘은 메리츠 파트너스 부업에 대한 이야기를 해볼 거예요. 요즘 직장인들에게 부업은 선택이 아니라 필수가 됐습니다....",https://blog.naver.com/0525gemodo/223755549916,"사람다움, 롤모델이 되는 리더",20250215,0,6,0,0,6,False
N잡 성공 후기,유튜브,인공지능 데이터라벨링 N잡 부업 추천 크라우드웍스 활용,이미 많은 사람들이 크라우드웍스 아카데미 과정을 수료하고 N잡러로 일을 하는 등 다양한 성과 및 누적 데이터를 보여주고 있습니다. 실제로 유튜브나 사이트 후기에 수익을 만들고 계신 분들을 보니 먼저...,https://blog.naver.com/ishine75/223423399700,꽃잔의 감성리뷰,20240422,0,8,0,2,6,False
N잡 성공 후기,블로그,30대의 본격 인싸이트 확장을 위한 네트워크 : N잡 찾기...,"30대 대기업 재직 중이며 부동산 투자, N잡 온 오프라인 스터디 등 20대에 순 자산 2억 달성 수도권 20평대 아파트 실거주 출처 : 제이로드 블로그 이미 SNS에서는 유명하신 분이더라구요 후기들도 다양하고...",https://blog.naver.com/jennie_221133/223725353887,프리한 지니로그,20250114,0,6,0,0,6,False
N잡 성공 후기,기타,온라인창업솔루션어플 N잡전송기 활용해 봤어요!,오늘은 온라인창업솔루션어플인 N잡전송기라는 앱을 소개해 드리고 이용해 본 후기도 알려드리고 싶어서 포스팅을 시작하게 되었어요~! 제가 이용하는 온라인창업솔루션어플은 N잡전송기라는 앱인데요....,https://blog.naver.com/kylie0509/223129606561,리솝로그,20230615,0,2,0,0,2,False
N잡 성공 후기,기타,이 가격에 글램핑이라고? 서울대공원 캠핑장 솔직 후기,"서울대공원 캠핑장 후기. 3~4만원대 가성비 캠핑부터 계곡 물놀이, 바비큐까지 장비 없이 즐길 수 있는 서울 근교 입문 캠핑장을 실제 방문 기준으로 솔직하게 정리했습니다. 안녕하세요  지소다N잡실험실...",https://blog.naver.com/jisoda_njob_lab/224250048495,지소다 N잡 실험실,20260413,0,2,0,0,2,False
N잡 성공 후기,유튜브,블로그재택부업 조회수100도 안되던 초보가 n잡 수익화 성장...,"헬로 - n잡냥이에요! “조회수 100도 안 되던 블로그로, 현금 제안 받기까지” 처음 블로그 시작했을 땐 뭘 써야 하는지도 몰랐어. 그냥… 사람들이 다 하는 것처럼 내돈내산 후기, 일상 기록, 카페 다녀온...",https://blog.naver.com/hsio57/223861572664,N잡냥이 IT로그,20250511,0,8,0,0,8,False
N잡 성공 후기,기타,"홍현희 빨대퀸 N잡 모음 : 이모티콘, 웹소설, 전자책 등",빨대퀸에 나온 뮤직카우 뮤직카우는 후기 들어보니까 아직 미미한 수익구조더라고요. 궁금하긴 합니다 :) 연8.7%의 수익이 정말 나는지! 직장에서의 수입이 미미해 더 많은 수입을 얻기위해 N잡을 찾아다니는...,https://blog.naver.com/lovelove044/222380560453,마음을 담는 글쟁이,20210602,0,4,0,2,2,False
N잡 성공 후기,기타,N잡 돈 모으는 방법 오늘의집 큐레이터,"치솟는 물가에 주머니는 점점 빈곤해지는 요즘, 많은 직장인들이 파이어족을 꿈꾸며 N잡의 길로... 나도 이사를 온 후에 집의 배치에 대해서, 집 안에 필요한 가구 및 소품들을 알아보면서, 많은 유저들의 후기들...",https://blog.naver.com/alkong224/222995376701,알콩달의 소소한 생활로그♪,20230126,0,2,0,0,2,False
N잡 성공 후기,기타,"새벽 4시반, 미라클모닝 5년 반복했더니 180도 달라진 인생 후기","다들 그렇게 사니까 그런데 이 많은 n잡들이 나에게 꿈을 가져다주었다 회사와 육아를 하면서 시간... 당연히 실패도 하고, 성공도 하겠지 그 과정에서 또 얼마나 배우는게 많을까? 6. 야식을 끊었더니 인생 리즈...",https://blog.naver.com/meyou27/224240320691,재테크와 함께 성장하는 이야기,20260404,0,0,3,0,3,False
N잡 성공 후기,기타,스마트 스토어 소싱 성공 후기,소싱에 성공한 사례였습니다. 그럼에도 누군가는 제 사례에서도 도움을 받으실 수 있기에 제가 느낀 점을 짧게 후기로 남겨보겠습니다. 지인과의 소싱과정에서 느낀점은 제품도 제품이지만 특히나 사람이...,https://blog.naver.com/seogangjin_/223199852556,진짜 돈이 되는 N잡생활,20230901,0,0,3,0,3,False
N잡 성공 후기,기타,마카롱만들기 N잡 도전(10년차 직장인의 사노비 탈출기...,"직장인, 사노비 탈출을 위한 마카롱 만들기(부업과 N잡으로 가려다 바로 접은ㅋㅋㅋ) 후기를 마칩니다. 또 있어요 여러분... 세번째 이야기도 준비중입니다ㅋㅋㅋ 많은관심부탁드립니다ㅋㅋㅋㅋㅋㅋㅋㅋㅋㅋㅋㅋㅋ",https://blog.naver.com/skslclsrn/222984252804,감태의 시나브로 일상 기록,20230114,0,4,0,0,4,False
N잡 성공 후기,기타,코엑스 K 일러스트레이션페어 서울 2026 첫날 후기 부스추천,"일러스트레이션페어는 부스 반만 보고 와도 성공이랍니다. 코알라 파이 맛있다고 하니 쉬면서 당충전도 하세요. 코엑스 케일페 강연도 주제가 넘 좋아요. N잡 시대, 퇴근 후 나만의 일로 회사 밖에서 살아남기....",https://blog.naver.com/seging/224166194644,앙꼬블로그,20260131,0,2,3,2,3,False
N잡 성공 후기,기타,12월 콩순이의 근황 (에겐남들과의 데이트),"이유와 근무 후기는 콩순이의n잡 후기에서 다룰 예정이라 패스!! 백수생활 시작…..과 “마케터... 이직 꼭 성공해!! 놀랍게도 NO술, NO담 바른생활 맨 유일한 대학교친구(동생) 늦깎이 대학생 시절, 나와 함께...",https://blog.naver.com/kongsun186/224116651279,콩순이와 융구의 뽀시래기 추억 (.› ₃ ‹.) 블로그,20251220,0,0,3,0,3,False
N잡 성공 후기,기타,드림주주 인플루언서's 좌충우돌 사이드 프로젝트 N잡 실행기록,다시 아이디어 회의 사이드 프로젝트에 대한 아이디어 회의를 하러 왔다. 시간이 지날수록 해보고 싶은 것들이 많아진다. 그 생각들이 흩어지기 전에 생각으로 나눈 것들을 정리하러 만났다. 실행을 위한...,https://blog.naver.com/poorblue/223225196612,JobEng너머,20230930,0,2,0,0,2,False
N잡 성공 후기,기타,아모레퍼시픽 에딧샵 창업 AD00123C 코드 하나면  N잡가능 VS...,안녕하세요 #N잡러 로 살아가는 중인 라니샘 본업인 헤어숍 운영하면서도 투잡으로 또다른 수입원... 참여 후기 sns활용 하는 디지털전문카운셀러로서 네이버스토어 운영자 이기에 그래서 운영하는 것에...,https://blog.naver.com/amore_rani/223445269330,라니스타일 뷰티,20240513,0,4,0,0,4,False
N잡 성공 후기,기타,"직장인 노트북 추천,대학생 가성비 노트북 추천 베이직스...","me/FtGupsI6 솔직히 우리 노트북사도,,n잡 성공할지 이직 성공할지 모르자나여.. 하루종일 회사에서 pc... 그거 소프트웨어 찾다가 기운 다빠짐ㅎㅎ 실제로 추천 후기도 많던데 직장인 노트북 찾으시면...",https://blog.naver.com/mhb0805/223978470232,스노우볼 만들기,20250821,0,0,3,2,1,False
N잡 성공 후기,기타,부를 끌어당기는 글쓰기 (부아c) - 글쓰기로 성공하는 법,"난이도 : 하 추천 : 글쓰기로 성공하고 싶은 사람, N잡 관심 있는 사람, SNS를 키우고 싶은 사람 저는... 맛집, 제품 후기 등 정보성 글을 쓰는 사람들은 저와 같은 고민을 할 것 같아요. 정보성 글에서도 나의 생각...",https://blog.naver.com/0024_love/223424516202,다독가의 독서 취향,20240423,0,2,3,2,3,False
N잡 성공 후기,기타,인카금융 제이어스 썸머 페스티벌로 발리 다녀온 찐후기~,오늘은 얼마 전 인카금융 썸머페스티벌로 발리를 다녀온 후기를 남겨볼까 합니다. 발리하면 너무도... 4년만에 8명에서 1000명의 대형 조직으로 성장하는 것에 성공하였으며 또한 하루 위촉인원만으로 무려...,https://blog.naver.com/kiss4229/224102358809,인카금융서비스 제이어스사업단 부산,20251208,0,0,3,0,3,False
N잡 성공 후기,강의,흥달쌤 정보처리기사 인강 합격자의 후기 자세히 알아보기,여기까지 흥달쌤 정보처리기사 인강 합격자의 후기를 확인했고요. 이제부턴 1억뷰N잡 2026년 대비 정보처리기사 클래스 얼리버드 이벤트를 살펴보겠습니다. 먼저 25년 + 26년 강의가 제공되고요. 불합격 시 2회...,https://blog.naver.com/willbesnjob/224087257323,1억뷰 N잡에서 당신의 N잡을 찾아보세요!,20251125,0,4,0,0,4,False
N잡 성공 후기,기타,생체 2급 보디빌딩 실기 후기 불합격 후 합격까지!,생체 2급 보디빌딩 실기 합격후기 및 불합격 원인 분석 안녕하세요. 1억뷰N잡입니다. 최근 1억뷰N잡에서 생활체육지도사의 직업 전망을 시작으로 퍼스널트레이너이자 스포츠지도사 자격증 유튜버 성PT의...,https://blog.naver.com/willbesnjob/223843530813,1억뷰 N잡에서 당신의 N잡을 찾아보세요!,20250423,0,2,0,0,2,False
N잡 성공 후기,스마트스토어,네이버 도서리뷰 인플루언서 재선정 후기(긴글주의),"(공부가 헤이해졌다는 건 핑계일지도 모릅니다.) 당시 신사임당, N잡 허대리 등 온라인에서 돈 버는 방법을 알려주는 영상들이 알고리즘으로 많이 나왔었습니다. 스마트스토어, 전자책, 블로그로...",https://blog.naver.com/orangelibrary_/224126613934,오렌지도서관,20251229,0,6,0,0,6,False
N잡 성공 후기,블로그,"기마흔 일상블로그 / 지방출장과 N잡의 길, 2월 일상",일상블로그에는 N잡러로서 내가 지난 일주일 간 경험했던 일들과 고민거리에 대해 한 번 풀어볼까 한다 그리고...광희 네고왕 할인 시작한 바른치킨 금새치킨 시켜먹은 비하인드 후기랑... 로또 1등 당첨될 뻔한...,https://blog.naver.com/allwritehk/222652054246,기마흔 블로그,20220219,0,4,0,0,4,False
N잡 성공 후기,기타,아이프리 5탄 일본 원정기｜나리타공항 이온몰에서 4성 7장...,"일본 나리타공항 근처 이온몰에서 아이프리 5탄을 직접 뽑아본 실사용 후기. 위치, 가는 방법, 가격(100엔), 카드 결과(4성·사인카드)까지 전부 공개합니다. 안녕하세요 지소다N잡실험실 입니다. 지소다를 위해...",https://blog.naver.com/jisoda_njob_lab/224143635341,지소다 N잡 실험실,20260115,0,2,0,0,2,False
N잡 성공 후기,기타,(지소다와함께1) 강서구 앵무새카페 버드리치 방문기...,안녕하세요 지소다 N잡 실험실 입니다. 지소다와 함께하는 2026년도 첫번째 컨텐츠로 제가 사는 곳 근처에 새로 생겼다고 해서 다녀온 강서구 앵무새카페 버드리치 방문 후기를 남겨봅니다. 역시 이번에도...,https://blog.naver.com/jisoda_njob_lab/224130736775,지소다 N잡 실험실,20260103,0,2,0,0,2,False
N잡 성공 후기,스마트스토어,N잡의 대세 네이버스마트스토어에서 대구여성의류쇼핑몰...,"ㅎㅎㅎ '나는 자연인이다'에 나오는 자연인이 될 수 없다면 '나는 N 잡러다' N잡의 대세,네이버스마트스토어 대구여성의류쇼핑몰 로그인마인 창업후기 궁금하시다면????? 함께 읽으면 도움이 되는 스마트스토어...",https://blog.naver.com/review_aria/222497996531,이웃집아리아,20210907,0,6,0,2,4,False
N잡 성공 후기,기타,"서울 내집마련 후기 공부법? 부동산 유튜버, 임장 체크리스트...","서울 내집마련 후기 공부법 : 부동산 유튜버 인플루언서, 임장 체크리스트, 부동산 어플 정보 송도도... 자 오늘 정리해볼 내용은 초보도 내집마련 성공하는 부동산 공부법 3가지 ✌️ 제가 나름 서울의...",https://blog.naver.com/happyou_j/223991051708,시즈더타임,20250901,0,0,3,0,3,False
N잡 성공 후기,블로그,sns 활용 퍼스널 브랜딩 워크숍 들은 후기. 삶은 결과가 아닌...,n잡. 왜? 직장이 들어가서도 할 수 있다. 책을 좋아하다보니까. 독서 모임을 하며 수익 창출. n잡.... 읽어주신 분의 후기. 그대로 써서 의뢰가 들어옴. 원소스. 멀티유즈. 반응들을 보고 계속 블로그에 쌓아나가야...,https://blog.naver.com/fjrtuflghkrk/224100306197,건강 밸런스 탐색,20251206,0,4,0,0,4,False
N잡 성공 후기,강의,2024 청년 성장 프로젝트 - 영청맞춤:영글이 4회차 후기,"취미로 n잡러가 되기까지""라는 주제로 강의를 하시는 거여서 더 눈길이 갔다! 오늘 메뉴도 맛도리도링... '자아실현 취미로 N잡러가 되기까지' 주제로 강의를 하시는 조유진 매니저님! n잡러에 대한 정보를...",https://blog.naver.com/taiji0913/223519023909,인프피 간호사 비니빈의 사부작 일지,20240720,0,4,0,0,4,False
N잡 성공 후기,기타,아모레퍼시픽 에디터 되는법 에딧샵 페스타 가입 이벤트,후기 에딧샵페스타 아모레퍼시픽이벤트 에딧샵가입이벤트 뷰티부업 육아부업 아모레퍼시픽 에디터 되는법 에딧샵 페스타 가입 이벤트  에디터 코드 : AD013672 안녕하세요. 나나짠(짜니맘)이에요. 요즘 N잡...,https://blog.naver.com/x__x_o0o_x__x/224240461901,짜니맘의 육아 그리고 나나짠의 일상,20260404,0,4,0,0,4,False
N잡 성공 후기,기타,뷰티셀러 나도 할 수 있을까 파메스테틱 파머셀러가 되어보세요,고객을 대신해 제품을 사용해보고 정확한 정보와 진실된 후기를 전달하고 추천하는 역할을 해야합니다.... 왜냐하면 이미 셀러로서 성공을 해본 저와 같은 든든한 멘토들이 체계적인 교육과 전문적인 가이드를...,https://blog.naver.com/momentor_/223864308649,오늘도웰컴,20250513,0,0,3,2,1,False
N잡 성공 후기,기타,"0519] 지속 가능한 판매, 브랜딩","하나부터 성공하기 (이것저것 x) 비누공방 => 브랜드 직접제조 => 위탁 생산 (OEM) 마케팅 브랜딩 등... 확신, 결정 ""진짜 좋은 거 맞지?"" 고객 언어 후기, 시각적 후기, 숫자/사례 ㄴ> 어떤 날은, 이것도 해보고, 어떤...",https://blog.naver.com/dungsil0807/224290116057,Darine Diary,20260519,0,0,6,0,6,False
N잡 성공 후기,기타,내가 말을 잘 못해도 애터미 부업이 가능하다고?,애터미사업의 성공 여부에 큰 영향을 미쳤던것은 사실입니다.  그래서 실제로 아는 사람들은... 지금도 네이버나 구글에서 애터미제품을 검색해보면 아주 많은 분들이 자신의 후기를 담은 소중한 글들이 많이...,https://blog.naver.com/asmtv/224158670385,스마트폰 하나로 끝나는 애터미부업,20260125,0,2,3,2,3,False
N잡 성공 후기,기타,"애터미 사업을 시작하고 싶은데, 성공 시스템이 궁금하다면?",N잡으로 성공한 선배는 어떻게 말했을지 궁금하다면 퇴근후 애터미에서 만나보세요 평생 직장이... (※반말주의) '내가 나에게 하는 사업설명' ↓↓ 영상추천^^ 애터미 사업 비포&에프터 후기부터 추천템까지!...,https://blog.naver.com/dori25852/222438553147,도리,20210720,0,2,3,4,1,False
N잡 성공 후기,기타,CRAK 크락 바리스타 자격증 레벨1+라떼아트 합격후기...,n잡 시대에 이렇게 내가 흥미 있고 좋아하는 일을 미리 조금씩 배워가는게 좋았고 자신감도 생겼다.... 수 있는 날이 왔으면 좋겠다. 취준생일때 내일배움카드 최대한 활용하기 성공 크락바리스타 합격 후기 끝 ;0,https://blog.naver.com/sngmig/223840512311,HI,20250420,0,0,3,0,3,False
N잡 성공 후기,기타,손해 보험설계사 시험 합격 후기 난이도 시간,오늘은 손해 생명 보험설계사 시험 합격 후기와 난이도 시간 제가 n잡으로 이어오고 있는 경험을... 없이 성공한 그 방법을 나누고 서로 기뻐하는 분위기에서 일하고 있어요. 교육을 진행하는 장소외에도...,https://blog.naver.com/eroundome/223924100586,부꾸미의 재테크노트,20250706,0,0,3,0,3,False
N잡 성공 후기,기타,"신청 페이지, 이렇게 바꾸니 고객 반응이 폭발했다! 고객을...","신뢰 요소를 넣어라 전문가 추천, 후기, 인증서 등 신뢰감을 높일 수 있는 자료를 첨부하세요. 와디즈... 25년만에직업을바꿔준전자책 #한달만에월천버는비법 #펀딩성공전략 #전자책부업#n잡",https://blog.naver.com/myhi0303/224117386998,나성공 칼리지,20251224,0,2,3,2,3,False
N잡 성공 후기,기타,수익 파이프라인 패시브인컴 구축 후기 (ft. 엔잡러 수입),"사람들의 후기, 경험담이 넘치는데 가만히 있으면 도태되는 거다. 2. 관심 전환(사례 : 공직 준비하다가 블로거!) 노량진에서 유명한 공무원 학원이 있다. 코스닥에도 등록되어 있을 정도인데, 학원 홈피에 N잡...",https://blog.naver.com/ace_begins/223220870754,웰쓰,20230925,0,4,0,0,4,False
N잡 성공 후기,기타,송길영 시대예보: 경량문명의 탄생 2월 LDS DAY 후기 그리고...,시대예보: 경량문명의 탄생(시리즈 30만부 기념 리커버 한정판) 송길영2025교보문고 2월 LDS DAY 후기... 도전에 성공하셨다고 해요-! (제가 옆에서 지켜본 바로 킴리더님은 내기에 지는 법이 없으셔요. 대단한...,https://blog.naver.com/linuxdata/224195546184,리눅스데이타시스템 공식블로그,20260225,0,0,3,0,3,False
N잡 성공 후기,기타,교바시 강연 후기 - 합법적으로 N잡하는방법(with 골목책방),"오늘은 첫 번째 강연인 '합법적으로 N잡하는 방법'이라는 주제로 골목책방님께서 진행해주셨어요.... 그렇게 시작된 고민이 바로 ""N잡 열풍, 교사는 왜 안돼?"" ""'우리는 모두 마음 속에 사직서 한 장씩 품고 산다....",https://blog.naver.com/jtj4454/222085896426,교단으로 가는 길,20200910,0,2,0,0,2,False
N잡 성공 후기,기타,투자 대선배님들과 함께한 가독독서모임 2월 후기 (무진님...,"너무 이것저것 한 번에 많이 하기보다는 (=N잡) 한 가지에 집중하자 (=> 투잡) 정도가 되겠다. 잘난... 의견, N잡보다는 본업 전문성을 잃지 않기 위해 투잡 정도가 좋을 것 같다는 버핏님 의견에 공감했다....",https://blog.naver.com/shinhye_02/223024613045,꽃지의 인생로그,20230222,0,6,0,0,6,False
N잡 성공 후기,기타,인성&적성&진로 취업의 시작 후기~,"또한, 미래의 취업자는 디지털 기술 발달에 따라 긱 워커·프리랜서 등 직업 이동이 활발해지고 N잡... 싶다는 후기를 남겨주셔서 일자리센터가 준비한 취업지원 프로그램에 자부심을 느꼈답니다~ 변화하는...",https://blog.naver.com/bcjoblove/222811372300,부천일자리센터&부천청년리더# 공식블로그,20220714,0,2,0,0,2,False
N잡 성공 후기,기타,성공적인 테라피스트 커리어를 위한 마사지구인구직 핵심...,"활용 성공적인 마사지구인구직을 위해서는 검증된 플랫폼을 활용하는 것이 가장 효율적입니다. 무분별하게 흩어져 있는 정보들 속에서 허위 공고를 걸러내고, 실제 현직자들의 후기나 샵의 평판을 확인할 수...",https://blog.naver.com/sdybiz/224282928544,무안공항 오렌지투어 스토리,20260512,0,0,3,0,3,False
N잡 성공 후기,기타,정보처리기사 필기 점수 합격컷 60점까지 얼마나 걸리나?,"1억뷰N잡입니다. 최근 2025년 1회 정보처리기사 필기시험 원서접수 기간이 종료되었습니다.... 흥달쌤이 운영하는 정보처리기사 수험 카페를 방문하면 비전공자, 초시생 등 1트만에 합격한 다수의 후기가...",https://blog.naver.com/willbesnjob/223732486449,1억뷰 N잡에서 당신의 N잡을 찾아보세요!,20250121,0,2,0,0,2,False
N잡 성공 후기,기타,[하이원 멘토링 장학] 11월 소그룹 멘토링 후기 <기사쓰는...,"멘토링 후기 고은산 하이샘 역사교사라는 꿈을 가지고 지금까지 많은 고민을 했었습니다. 그런데 오늘 멘토링을 통해서 조금 더 현실적인 조언을 들을 수 있어서 좋았고, 작은 성공을 기점으로 삼으면 더 큰...",https://blog.naver.com/jumpnu/222584675806,점프 : 공정한 교육기회,20211202,0,0,3,0,3,False
N잡 성공 후기,기타,"미리 보는 2022년 창업정보, 떠오르는 창업 트렌드","성공적인 창업을 하기 위해 가장 중요한 것은 매년 변화하는 소비 트렌드를 아는 것입니다. 예전엔... 라이브 방송에서 세대 맞춤 홍보를 하고, 고객들의 사용 후기를 실시간으로 듣고, 파악할 수 있어야...",https://blog.naver.com/eduhansol1/222594463559,플라톤 독서토론논술 공식블로그,20211213,0,0,3,0,3,False
N잡 성공 후기,강의,[강의 후기] 성공을 위해 꼭 필요한 건강관리. 홍샘라이프...,""" 성공을 위해서 우리가 해야 할 건강관리 "" ** 너무 궁금합니다~~^^ ** 참고 공지 내용 강의전 인터뷰... 강의 후기들 ** 1. 오애란 강사 1인 기업을 위한 글쓰기 2. 고경희 강사 삶에 도움 되는 보험이야기 3....",https://blog.naver.com/dancewoo/222018819545,사람이 책이다,20200702,0,2,3,2,3,False
N잡 성공 후기,기타,런던베이글뮤지엄 l 안국 런베글 본점 주말에 웨이팅 해 본 후기,"런던 베이글 뮤지엄 안국점 주말 웨이팅 후기 베이글 맛 추천 비주류 구입 안녕하세요, 선퐁입니다.... 요새 이런 감성 마케팅을 성공시키는 것 보면 굉장히 n잡에 대한 미련을 떨쳐낼 수가 없는데 이런 센스도...",https://blog.naver.com/pongglex2/223578204575,퐁글퐁글 셀렉트,20240909,0,0,3,2,1,False
N잡 성공 후기,기타,올해엔 무엇이 유행할까? 2022 트렌드 살펴보기,"이제 상품을 파는 입장에서는 이전보다 더더욱 인플루언서, 좋은 평가와 후기 등에 관심을 가져야 할... 이제는 제품의 차별성은 물론, 회사에 대한 서사도 함게 갖추어야 성공할 수 있는 시대입니다. 앞으로는...",https://blog.naver.com/dreamcampus/222623993273,한국장학재단 공식블로그,20220117,0,0,3,0,3,False
N잡 성공 후기,기타,"퇴근 후 AI로 월 80만 원 만들기까지, 진짜 됩니까?","언급된 성공 요인은 도구 자체(24%)가 아니라 타겟 틈새 시장 설정(61%)이었어요. AI는 속도를... 수치는 2025~2026년 실사용자 후기와 플랫폼 공개 데이터를 참조했고, 개인 편차가 크기 때문에 절대적인...",https://blog.naver.com/yimja82/224281628390,가족,20260512,0,0,3,0,3,False
N잡 성공 후기,기타,직장인 필독서 커리어성장 인생설계까지 가능한 커리어...,"그것으로 성공을 했고, 주변 혹은 그와 같은 커리어를 갖는 사람들의 방식에도 변화를 일으키는 것이죠.... 커리어 블루프린트 이순수2026바른북스 오늘은 직장인필독서 커리어 블루프린트 후기를...",https://blog.naver.com/springmincos/224188429093,봄웜라뷰밍,20260219,0,0,3,0,3,False
N잡 성공 후기,기타,인콘 조달플랫폼 입찰 열정펀드 상품권 수령 후기,이렇게 다양한 N잡 도전을 해보면서 성장해 가고 있음을 느끼고 있는 중입니다. 다음은 무엇을 해볼까 기대도 되는데 시간이 부족해서 아직 엄두가 안나요ㅋㅋ 언젠가 기분좋게 낙찰 후기를 적기를 기대하며...,https://blog.naver.com/soulman84/223234311321,행동하는아빠 예적금 분석실,20231012,0,2,0,0,2,False
N잡 성공 후기,블로그,놀차장님 블로그 스터디 후기,"2월이 조금 남았지만 약 1달간 진행했던 블로그스터디 후기를 남겨볼까 합니다. 바로 놀차장님의 블로그 스터디! 요즘것들의 재테크 카페에서 신청했어요. 블로그 스터디 신청이유 'N잡', 'N잡러' 등 직장인 부업의...",https://blog.naver.com/lovly30/223026871545,"Live, love, travel",20230225,0,6,0,0,6,False
N잡 성공 후기,기타,뒷북치는 대전청년주간 후기 자취린이 곽지현 릴재우보고 왔어요,갔다와서 바로 후기를 작성하려 했으나 이제야 기록한다. 동년배ㅣ인데 열심히 사는 청년들을 보고... 멘탈 거지인 나였으면 충분히 주저 앉을 수 있었던 상황에서 누구의 도움도 없이 스스로 일어나고 성공한...,https://blog.naver.com/daybyday_0/224024761476,비망록,20250928,0,0,3,0,3,False
N잡 성공 후기,기타,플랫폼트리쌤  독서모임 주말반 50회차 사이드잡스 후기(도서...,플랫폼트리쌤 독서모임 주말반 50회차 사이드잡스후기(도서:오후6시사장) 안녕하세요.... 첫장 : 인상깊은 구절 1.‘작은’ 당신이라도 단 하나의 우수한 전문력을 가지면 성공할 수 있는 것이다 (p49) 2....,https://blog.naver.com/lka0604/223783790789,N잡러 이쌤의 힐링키친(자연치유놀이터),20250304,0,0,3,0,3,False
N잡 성공 후기,기타,"다이렉트 결혼준비 카페 추천 포인트 스드메 0원, 4800만원...","(내힘달)후기는 검색만 해도 쉽게 찾아볼 수 있어요 3. 가입 방법 이 제도를 저를 통해 처음 알게되어... 내힘달을 성공했을 시, 웨딩홀도 보증인원 200명 이상인 경우 보증 1명당 1천원이 추가환급 되기...",https://blog.naver.com/teemogogo/223354709148,케넨의 하루 - 신혼 홈스토리,20240215,0,0,6,2,4,False
N잡 성공 후기,블로그,블로그 수익 애드포스트 마케터 김선생 성장챌린지 5기 후기,"특히 직장인들은 이제 N잡, 즉 여러 직업을 갖는 것이 선택이 아닌 필수가 되어 버렸다. 이러한 상황에서... 5기의 후기를 마칠려고 한다. #블로그_강의 #블로그_수익 #네이버_애드포스트_수익 #블로그_상위노출...",https://blog.naver.com/hnf3nn4/223640337142,보건교사 계란이 인생작품 완성중,20241030,0,8,0,0,8,False
N잡 성공 후기,기타,대전 둔산동 맛집 피자온오프 솔직 후기 (가성비 화덕피자),피자온오프 대전시청본점 솔직 후기 ✔️위치 : 대전 서구 둔산동 1453 / 대전 시청역 7번 출구... 오~ 가격이 저렴해서 냉동피자보다 조금만 더 맛있어도 성공이다 싶었는데.... 요즘 맛있어졌다하는 비비고...,https://blog.naver.com/healthy_foodist/223678236077,healthy foodist의 맛있는 정보,20241130,0,0,3,0,3,False
N잡 성공 후기,기타,"메리츠화재 파트너스 후기 - 수당,수수료 주요 업무와 하는일...","메리츠화재 파트너스 후기 - 수당,수수료 주요 업무와 하는일 총정리 요즘 N잡 시대에 주목받고 있는... 무엇보다 고객에게 정말 도움이 되는 상품을 추천한다는 마음으로 활동하는 것이 장기적으로 성공할 수...",https://blog.naver.com/kimbs86420/223999320682,조리,20250908,0,2,3,2,3,False
N잡 성공 후기,기타,월급 말고 다른 돈을 벌어본 적 있나요? <쟤는 폰만 보는데 왜...,"아쉬운 점을 굳이 꼽자면, 저자의 성공 사례가 중심이다 보니 다양한 연령대나 상황에서의 적용 사례가 더 있었으면 하는 생각이 들기도 했어요. 40대, 50대 직장인이 실제로 따라해 본 후기 같은 게 함께...",https://blog.naver.com/flying2025/224262026264,불멍 물멍 캠멍,20260423,0,0,3,0,3,False
N잡 성공 후기,기타,[2025년 최신] 올인원바리스타 무인커피머신 설치 후기 & 창업 팁,"24시간 운영으로 투잡이나 N잡등이 가능하며, 인건비 절감, 다양한 연령층이 누구나 쉽게 사용 할수가... 사용후기 & Q&A 메뉴변경 = 원격 시스템으로 메뉴 변경이 가능하답니다. 운영 장점: 인건비 절감 + 24시간...",https://blog.naver.com/muin2022/223995376130,바리스타,20250904,0,4,0,0,4,False
N잡 성공 후기,기타,"10월 셋째주 일상, 김경필 머니트레이너 강연 다녀온 후기","난 성공했지. 나 혼자 요약본 가지고 있음 뭐해. 내용 정리하는 김에~ 후기 올리는 김에~ 같이 정리해... + 커리어 성장(이직 학습 경험 훈련 도전) + 사업소득 구체화, 성장형 n잡 저축률 높이기! 경제를 보는...",https://blog.naver.com/1397123/223625527432,강알랭의 갓생,20241019,0,0,6,0,6,False
N잡 성공 후기,기타,"호주워홀 청산 1편 (돈, 영어, 경험)","그래서 한번 워홀 후기? 청산? 뭐 그런거 적어보려고요. 호주로 떠났을 때의 제 나이는 연 나이 28세, 만... 암튼 성공~! 한국와서도 독립해서 살고 있다 독립 최고~! 하지만 엄마 사랑해 엄마보고싶다ㅜ ✅get out...",https://blog.naver.com/ong-yi/224225100912,옹이 사는 얘기,20260322,0,0,3,0,3,False
N잡 성공 후기,기타,행동하는 사람들 _ 웨일카트 청춘어람 워크샵 후기,셀프 후기를 남겨 봅니다. 팬션 주인님 제스터님 환영인사  저와 웨일카트 함께 창업하신 제스터님 SNS... 해서 성공하는 경험을 쌓으면 시작하는데 불필요한 고민 보다는 일단 시작하고 보완하는 방법으로...,https://blog.naver.com/soonsym2/223020886100,자본주의 워킹맘의 법인컨설팅,20230219,0,0,3,0,3,False
N잡 성공 후기,기타,[인턴일기] #7. $%name%$. 내가 너 때문에 잠을 못 이룰 때 넌...,저녁 마라엽기떡볶이 먹음ㅋ 저번에 품절이라 못먹었는데 리트라이 성공~ 마라엽떡 후기 : 그냥... 왜 mz들이 n잡 뛰면서 갓생 사는지 알거 같다. 월급이 존나 적어서 월급만 받고는 먹고 살 수가 없어서다 시발 8...,https://blog.naver.com/tigerjuhi/223182243762,묘월드,20230813,0,0,3,0,3,False
N잡 성공 후기,기타,꿈은모르겠고돈이나잘벌고싶어'독후감/내돈내산찐후기,"그리고 실행력을 부추기는 한마디 성공하려면 '실행력'이 있어야한다 나도 사실 뭐든지 그런 느낌인데, 무언가 하려고 마음을 먹기 전에 이것저것 찾아보고 준비하고 해봤던 사람들의 후기를 찾아보고 그러는데...",https://blog.naver.com/misney_0206/223649403359,꿈과 사랑이 가득한 미즈니랜드❤️,20241106,0,0,3,0,3,False
N잡 성공 후기,기타,스토리 작가 신청! 합격 후기! 합격 방법!  (feat.  탈락 이유),거의 2년만에 성공했습니다!!!! 네이버 인플루언서 탈락의 아픔을 브런치 작가 합격의 소식으로 달랠... ebs도 합격!) 그래서 오늘은 브런치 작가 합격 후기로 합격 방법과 함께 탈락했던 이유에 대해서...,https://blog.naver.com/creativeedu/223278590751,모두의 입시상담소,20231130,0,0,6,0,6,False
N잡 성공 후기,기타,"치과위생사 국가고시, 채용조건, 연봉, 취업 3개월 차 후기","공식 백수 비공식 n잡러 융구의 알바 / 프리랜서 후기 2탄, 치과위생사 국가고시 준비 방법, 채용조건... 하지만 주 3일 무려 알바!!로 원하는 조건으로 취업에 성공했답니당! 저는 취업 당시 이미 하고 있던...",https://blog.naver.com/kongsun186/224053479854,콩순이와 융구의 뽀시래기 추억 (.› ₃ ‹.) 블로그,20251025,0,0,6,0,6,False
N잡 성공 후기,기타,돈이 어렵지 않은 어른이 된다는 것+시골쥐 북토크 후기,"분들의 후기글을 참고하여 정리해두려한다 [커리어] 무조건 가장 좋은 곳으로 가자. 조언은 그걸 성공해본 사람에게 듣는다. 안주하면 언젠가 버려진다. 소득(승진, 이직, N잡 등)을 300까지는 올려두고...",https://blog.naver.com/thp06103/223679118891,내면의 소리⋆*,20241201,0,2,3,2,3,False
N잡 성공 후기,기타,시즈더타임 미라클모닝 갓생 루틴 챌린지 첫 참여 후기,"안녕하세요, 나름입니다 : ) 오늘은 시즈더타임님의 미라클모닝챌린지 후기입니다!  미모챌은 참가비... 11월 인증은 하루 빼고 성공! (사실 인증하고 다시 잠든 날도 몇 번 있지만) 미라클 모닝 덕분에 하루...",https://blog.naver.com/tochaewon/223282759301,나름대로 사는 인생,20231204,0,0,3,0,3,False
N잡 성공 후기,배달,노량진 공무원 수험생이 옮겨간 2곳 왜?,"열심히 공부한 후 원하는 곳에서 일하는 후기가 많거든요? 수험가 및 컵밥거리의 현재 COVlD-19 이후... 물론 어디든 성공한 몇%가 흐름을 이끌어가지만 온라인 마케팅, 라이더 등 긱 이코노미의 활성화 심지어...",https://blog.naver.com/clairesky/222718058585,돈기부여,20220502,0,0,3,0,3,False
N잡 성공 후기,기타,위탁도매 AI시스템 지원받으니 수월해요,이용하는게 성공 확률도 높고 훨씬 유용한 것 같아요 그래서 위탁도매사이트 찾아 고민하고 있는 분이... 전자동 위탁도매 사이트 자세히 알아보기>> 후기를 쓰고 아카데미 이벤트에 참여할 수 있습니다,https://blog.naver.com/garbeekr/223208734027,HIBIKI,20230912,0,0,3,0,3,False
N잡 성공 후기,기타,나는 무엇이든 해낼수 있는 사람이다(한나전 27기 후기),"-한나전 27기 후기 작성 저는 지난 10월 12일 진심으로 클레오님이 운영하시는 한.나.전(한달이면 나도... 그래, 성공한 사람들은 이렇듯 힘듦을 힘들지 않음으로 바꿔 노력해왔구나. 오로다 66일 좋은습관...",https://blog.naver.com/daze25/223263142808,<꿈데이즈 아틀리에>,20231113,0,0,3,0,3,False
N잡 성공 후기,기타,와디즈 뇌과학 치트키 후기 브레이니 뇌과학으로 두뇌 300...,마치 ADHD같이(?) 하고 싶은 거 많은데 산만하신 분들(?)을 위해서 펀딩한 후기를 따끈따끈하게 들고... 그래서 저는 두 내용 다 들어가있는 아래 세트를 구매했답니다  다가오는 26년 나는 갓생러로 성공할테야!!...,https://blog.naver.com/leimei12/224083909269,한 발짝씩 나아가는 중,20251121,0,0,3,0,3,False
N잡 성공 후기,기타,"녹음실 추천, 살폿스튜디오 레코딩 후기 (또 가고 싶은 곳)",(끝나고 아웃백 사줄게....) (성공하면 토마호크 간다...) 살폿이 유명한 이유 중 하나가 돌비 사운드... 진심의 후기 : 다음에도 또 가고 싶어요 누가 녹음한다면 추천하고 싶어요... 한번 경험해봐........,https://blog.naver.com/abbb4498/223600911821,오늘 내일 어제,20240929,0,0,3,2,1,False
N잡 성공 후기,기타,카페 [강환국 작가님의 퀀트투자] 10월 특강 내돈내산 찐 후기,퀀트투자 소개 퀀트투자가 무엇인지 왜 퀀트투자를 해야 하는지 그렇다면 퀀트투자로 어떻게 성공할... 카페 방문 강력 추천드립니다. 이상으로 내돈내산 특강 후기를 마칩니다. 오늘도 감사합니다.,https://blog.naver.com/jayroad_/222909482474,부업의 천재,20221024,0,2,3,2,3,False
N잡 성공 후기,블로그,적호약사의 경제 반자유 라이프x66챌 내부강의,개인 자산 증식은 적호 약사님의 개인적 내용이라 블로그에 후기로 자세히 남기지는 못하지만 그 과정과 결과도 대단하다. 명리 해독에도 관심이 있어 깊이 있는 공부와 철저한 데이터를 바탕으로 N잡으로...,https://blog.naver.com/withscent/224109443367,"예술로 수아헤, Dans la vie!",20251214,0,6,0,0,6,False
N잡 성공 후기,기타,욕망의 북클럽 10기두 번째 후기/ 프로세스...,안녕하세요 부자미식가뽀 입니다 욕망의 북클럽 10기  두 번째 모임 후기입니다>성공을 부르는 파랑새는 과정 속에 숨어있다. 1. 손안의 새 : 지금 가진 자원에서...,https://blog.naver.com/rubymombb/223053838959,뽀's Wedding diary & Daily life,20230323,0,0,3,0,3,False
N잡 성공 후기,기타,유치원교사 자기계발 모임 '드자이닝' 2기 오프라인 모임 후기,개인적으로 계획없는 도전에서 성공을 이뤄내기는 어렵다고 생각하는데요 ! 그런 의미에서 이런... 첫 만남의 후기 자료들로 짧게 만들어본 영상까지 ! 앞으로 이렇게 열정 넘치는 7명의 선생님들이 만들어갈...,https://blog.naver.com/miracletoday_/223332297135,일도 부업도 잘하는 어린이집 교사의 꿀팁 저장소,20240124,0,0,3,0,3,False
N잡 성공 후기,기타,연봉’ 크몽 최고 전문가 18인이 공개한 성공 히스토리 & 노하우>,"그리고 성공의 이면(裏面)에 담긴 노력과 열정, 숨은 노하우와 팁들을 생생한 육성으로 옮겨 보려 애썼다. # [재능 마켓에서 후기는 최고의 재산이다] 웹(Web)&앱(App) UX/UI 기획전문가 - UX기획자 제이크: 크몽에서...",https://blog.naver.com/smbizkhnet/223304149608,소자본사업노하우교류연대,20231227,0,0,6,0,6,False
N잡 성공 후기,기타,4월 둘째주 경제 동향,"인공지능 매칭 기술로 프로젝트 성공률을 높이고, 법인 고객 전용 관리 툴을 강화해 기업 비즈니스... 그림과 디자인처럼 결과물이 분명한 분야일수록 실력 못지않게 후기와 평판, 진정성 있는 소통이...",https://blog.naver.com/dailynote23/224245748769,매일의 기록,20260408,0,0,3,0,3,False
N잡 성공 후기,기타,"아파트 청약 특별공급 예비당첨 진행 과정, 추첨, 계약 후기","Yean's note 아파트 청약 특별공급 예비당첨 진행 과정, 추첨, 계약 후기 소요되는 시간까지의 후기... 일단 우리도 수도권 내집마련 성공했다. 입주까지 3년 6개월. 일단 미친듯이 벌고 모아보자. 남편.",https://blog.naver.com/nicole3856/224162314151,인생결산,20260128,0,0,6,0,6,False
N잡 성공 후기,블로그,"블로그 부업으로 돈벌기 투잡으로 돈벌기, 블로그 키우기02","N잡 하시려는 분들에게 어느정도 기초 공식이라고 할 수 있겠죠!? 그 공식으로 하면 무조건 상위노출이라기 보단, 확률을 좀 더 높혀줍니다 ! 중간부분에 보이시죠? 여의도 맛집이라는 키워드로 TV 속 맛집 후기...",https://blog.naver.com/jentleman/223095530922,포토그래퍼 온문의 아카이브,20230507,0,8,0,0,8,False
N잡 성공 후기,기타,"A-마케터 서포터즈 1기 활동을 마치며, 우수활동자 선정 후기","내가 아모레 본사를 구경하다니,, 성공했다 저는 아모레퍼시픽에서 2024년에 만든 '에디터', '에딧샵... N 후기 포스팅 참고! 그리고 제가 따로 포스팅하지않았는데 여기서 풀게되네요 ㅎㅎ 에디터들을 위한...",https://blog.naver.com/maersk4403/224004719939,"강이의 맛집, 제품 후기_Story",20250912,0,0,6,0,6,False
N잡 성공 후기,기타,"앱테크 부업 추천 수익 순위, 포인트몬스터 TOP1인 이유",N잡으로 추가 수익을 올리고 싶은 분들에게 도움이 되었으면 좋겠습니다. 리워드 앱을 활용해서 스마트하게 용돈을 벌어보세요. 작은 시간 투자로 큰 만족을 얻을 수 있습니다. 이상으로 포스팅을...,https://blog.naver.com/uyongb1/223584315465,빠네딕토,20240914,0,8,0,2,6,False
N잡 성공 후기,기타,광자스타 1기 - 워드프레스 홈페이지 제작 + 애드센스 승인...,지속적인 성공을 위해서는 검색엔진 최적화 만큼은 진짜 전문가에게 배우셔야 합니다. 구글 첫페이지... 제공 후기 작성시 사용된 교안 PDF 제공 구글 검색엔진 노출을 위한 SEO 가이드북 제공 비용 및 신청기간...,https://blog.naver.com/resumet/223076785478,블루래더 - 경제적 자유를 향한 푸른 사다리,20230417,0,0,6,0,6,False
N잡 성공 후기,기타,"아울디자인 박치은 대표님의 성공 방식, 자기계발서 디깅 책 추천",디깅 책 후기 안녕하세요 머니티쳐 으니나라입니다 소중한 금요일 저녁시간 박치은 대표님의 디깅 책... 성공에 인맥이 필요한가 무조건 필요하다 직접적으로 물질을 빼앗는 것이 아니다 나보다 높은 단계의...,https://blog.naver.com/eni_nara/223088100371,(중등국어임용공부중),20230428,0,0,3,2,1,False
N잡 성공 후기,기타,광양1인GA 시작 전 반드시 알아야 할 기준 | 제이어스 영업이사...,"단순한 행사 후기가 아니라 ""왜 어떤 사람은 성장하고, 어떤 사람은 멈추는지"" 그 기준에 대한... ""혼자 시작해도 성공할 수 있나요?"" 결론부터 말씀드리자면 가능합니다. 하지만 구조가 없으면 거의...",https://blog.naver.com/lily2198/224255405881,인카 제이어스 광양지사,20260418,0,0,3,0,3,False
N잡 성공 후기,기타,초보 셀러 필수! 월 100만원 마진 높이는 소싱 성공 노하우,이 글을 통해 여러분이 꿈꾸는 월 100만원 마진을 현실로 만들 수 있는 실질적인 소싱 성공 노하우를... 솔직한 후기는 어떤지 꼼꼼히 확인하세요. '구매대행 사기'를 예방하기 위한 가장 중요한 단계입니다....,https://blog.naver.com/refundy/224005416245,리펀디 | 타오바오 캐시백&환급 툴,20250912,0,0,9,0,9,False
투잡 성공 후기,기타,여성의류도매사이트로 이렇게 투잡 성공!,추천드려요 전자동 프로그램이 있다면 분명 저처럼 만족스러운 투잡 성공 가능하실거랍니다! 여성의류도매사이트 투잡 성공 꿀팁 전자동 프로그램 알아보기 댓가를 받고 작성한 솔직한 후기임을 밝힙니다,https://blog.naver.com/safflower13/223561148887,Safflower,20240826,0,2,3,2,3,False
투잡 성공 후기,기타,사회복지사 2급 자격증 취득방법 투잡과 병행한 후기,사회복지사 2급 자격증 취득방법 투잡과 병행한 후기 사회복지사 2급 자격증 취득방법 투잡과 병행한 후기 1. 사회복지사 2급 자격증 취득방법 투잡과 병행한 후기 안녕하세요. 미래를 바꾸는 선택!...,https://blog.naver.com/mega_bbedu/223978606680,메가미래평생교육원,20250821,0,2,0,0,2,False
투잡 성공 후기,기타,"경동택배 단순분류 알바후기, 투잡 시작한 자영업자 이야기",그래서 투잡을 하기로 결정했다. 나의 모든 에너지를 다 쏟아부어서 할 수 있는데 까지 해보자. 그래... 인터넷을 찾아보니 후기도 있었는데 별로 좋은 후기는 아니었다. 그래도 쉽게 돈 버는 것이 어디있겠냐...,https://blog.naver.com/d_zeropaper/223538927089,생각기록 노트,20240806,0,2,0,0,2,False
투잡 성공 후기,기타,현실적인 직장인투잡알바 후기,살짝 공유해드릴게요 자세하게 둘러 보고 싶으신 분들은 아래 홈페이지 정보 남겨둘 테니 천천히 구경해보세요 직장인투잡알바 보러가기 경험 후기를 게시함으로 이벤트에 참여해 상품권을 받습니다,https://blog.naver.com/nike8319/223251788130,용쓰 수다이야기,20231031,0,2,0,0,2,False
투잡 성공 후기,기타,직장인 투잡 편의점 창업 추천 이유! 찐 후기를 통해 알아보자,직장인 편의점 창업 성공 후기 1. 직장인 투잡! 편의점 창업 추천 이유! 【01. 편의점은 진짜 소자본 창업이다.】 편의점 창업은 일반적인 자영업 창업과는 다소 다른 면이 있습니다. 편의점을 제외한 일반적인...,https://blog.naver.com/madamaru/223652333477,경매하는 공인중개사,20241108,0,2,3,2,3,False
투잡 성공 후기,기타,온라인투잡 구매대행으로 시작한 후기,"온라인투잡을 하는 영상을 보게 됐는데 꽤 솔깃하더라고요 다 지나간 유행이라 생각했는데 더 간단하고, 더 효율적으로 관리할 수 있는 방법이 생겼더라고요 특히 하루 30분~1시간 정도만 온라인투잡을 하면...",https://blog.naver.com/kghic67/224075696445,람쥐씨의 알뜰살뜰 일상이야기,20251114,0,2,0,0,2,False
투잡 성공 후기,기타,"회사원/직장인 투잡알바 , 재택 부업사이트 경험 후기","회사원/직장인 투잡알바 , 재택 부업사이트 경험 후기 요즘 #투잡알바 필수라고 하지만 회사원/직장인 분들의 경우에는 남는 시간 짬내서 추가적으로 돈을 벌기가 쉽지 않은 게 현실인데요. 여러 점들을 고려했을...",https://blog.naver.com/jyu_2023/223490903499,PART OF ME _,20240703,0,6,0,0,6,False
투잡 성공 후기,배달,운동하면서 돈 버는 방법 배달 도보 알바 후기 투잡,요즘 젊은 사람들은 투잡에 관심이 많은 것 같아요 저 역시 월급말고 돈을 더 벌 수 있는 방법 친구의 추천으로 도보 배달 알바를 시작했어요 직접 경험해본 간단한 후기 알려드릴게요 :) 도보 배달...,https://blog.naver.com/jjisun-/223761781094,찌순's Blog,20250215,0,4,0,2,2,False
투잡 성공 후기,블로그,재택근무 투잡 후기 블로그 리뷰 알바 하는방법 자격조건 꼭...,재택근무 투잡 후기 블로그 리뷰 알바 하는방법 자격조건 꼭 확인하세요 재택근무 알바 투잡 간단한 타이핑 작업만으로도 수'익 창'출이 가능한 온.라.인.부.업 / 알.바 안.내 해드립니다. 반갑습니다! 6년째 집...,https://blog.naver.com/kahee0408/221913345943,지구만사 리뷰,20200417,0,6,0,0,6,False
투잡 성공 후기,스마트스토어,스마트스토어하는법 위탁판매 투잡 후기,그리고 투잡으로 하다보니 어영부영됐던 것 같기도 한데요. 시간은 많지 않은데 할 일은 많고 CS 답변도... ai시스템으로 스마트스토어하는법 자세한 정보 >>> 소정의 수수료를 받아 작성한 실제 후기입니다,https://blog.naver.com/ilovelavan/223442598815,함께하는 아름다운 세상만들기,20240510,0,4,0,0,4,False
투잡 성공 후기,기타,"알아서 달러 캐는 직장인 투잡, 허니게인(Honeygain) 찐 후기",허니게인(Honeygain)에 대한 100% 진실된 찐 후기를 오늘 이웃님들께 속 시원하게 풀어보려고 합니다.... 스마트한 투잡 갓생 함께 성공하시길 바랍니다! 파이팅! ❤️❤️ #앱테크 #앱테크추천 #직장인투잡...,https://blog.naver.com/kongsoft/224233906170,크림치즈맘의 공간,20260330,0,2,3,2,3,False
투잡 성공 후기,기타,투잡 창업의 성공을 위한 필수 정보: 최고의 창업 사이트 추천,"최고의 창업 사이트 선택을 위한 팁: 실제 창업자들의 후기와 평가를 살펴보고, 사이트의 신뢰도와... 투잡 창업자들을 위한 성공 스토리와 팁: 성공한 투잡 창업자들의 이야기와 경험을 들어보세요. 그들의...",https://blog.naver.com/6tyk6zj2/223361059651,지리산,20240221,0,2,3,2,3,False
투잡 성공 후기,기타,"[심부름어플]헬퍼잇 - 실제 이용후기 (투잡, 용돈벌이, 챌린지)",우선 헬퍼잇 어플에 들어가서 먼저 이용해봤던 고객후기를 봤는데 급한 용무를 대신 봐주는 시원한... 투잡을 하고싶거나 소소한 용돈벌이를 하고싶은 분들은 누구나 참여 가능! (대신 사전 승인을 받아야 함)...,https://blog.naver.com/hwangeejj/223661500676,나랑 아기랑 육아 성장일기 ★,20241115,0,2,0,0,2,False
투잡 성공 후기,기타,직장인 무자본 투잡 방치형... fm) PC 설치 및 실제 출금 후기,"우리 이웃님들, 앞으로도 늘 건강하시고 폰과 PC만 켜둬도 알아서 달러가 쑥쑥 쌓이는 아주 스마트하고 풍요로운 투잡 함께 성공하시길 바랍니다! 파이팅! ❤️❤️ #앱테크 #앱테크추천 #직장인투잡...",https://blog.naver.com/kongsoft/224245497576,크림치즈맘의 공간,20260411,0,2,3,2,3,False
투잡 성공 후기,기타,직장인 투잡 끝판왕 폰즈앱(Pawns.app) 리얼 출금 후기,"우리 이웃님들, 앞으로도 늘 건강하시고 폰과 PC만 켜둬도 알아서 달러가 쑥쑥 쌓이는 아주 스마트하고 풍요로운 투잡 갓생 함께 성공하시길 바랍니다! 파이팅! ❤️❤️ #앱테크 #앱테크추천 #직장인투잡...",https://blog.naver.com/kongsoft/224236964169,크림치즈맘의 공간,20260401,0,2,3,2,3,False
투잡 성공 후기,기타,마스터과정. 딥스테이션 35m 바닥 터치 성공 후기!!,"아틀란티스 다이빙입니다 : ) 오늘 강습 후기의 주인공은 수원 프리다이빙 마스터과정(상급 4단계)를... 마침내 35m다이빙에 성공~~~ 그리고 더 나아가 단순히 깊이를 찍는 것에 그치지 않고, 래스큐 스킬과 부이...",https://blog.naver.com/amandahhh/224254683046,아틀란티스 프리 / 스쿠버 다이빙,20260416,0,0,3,0,3,False
투잡 성공 후기,기타,직장인 투잡·소자본 1인 창업 성공을 위한 홈페이지와 온라인...,- “○○ 1인 창업 서비스” - “직장인 투잡 추천 업체” - “소자본 창업 후기” 이때 홈페이지나... 온라인 성공의 길을 함께 만들어갑니다. 경기도 김포에서 자리잡고 있는 도리기프로젝트는 기업과 브랜드의...,https://blog.naver.com/keksori/224133552060,인터넷 비지니스의 강자. 도리기프로젝트,20260104,0,2,3,2,3,False
투잡 성공 후기,블로그,블로그교육 투잡뛰는아부지 방문자5000명 최적화...,순수 후기 포스팅이예요. 이렇게 변화된거에 내 자신이 뿌듯하고 자랑하고싶은 마음에 올리게됐어요. 투잡님 교육을 받기전의 나 반성하구요 돌아가지않을거예요! 이 모든게 초급과정 한달만에 이뤄졌다는...,https://blog.naver.com/xodnd121218/223412323908,레나의 갓생재테크,20240411,0,4,0,0,4,False
투잡 성공 후기,스마트스토어,40대 인터넷 쇼핑몰 창업 부업 투잡 실전에서 바로 적용 가능한...,"체험과 함께 소정의 지원을 받아 작성한 후기입니다 :) 오늘은 조금 솔직하게 이야기해볼까 합니다.... 특히 하루 중 여유 시간을 활용해서 운영할 수 있는 구조라서, 투잡으로도 부담이 적더라고요. 1. 처음...",https://blog.naver.com/jvhqfumu517/224278312326,프렌치토스트,20260508,0,6,0,0,6,False
투잡 성공 후기,배달,아직도 비수기ㅠㅠ눈물나는 부산 배달대행 투잡 후기,아직도 비수기ㅠㅠ눈물나는 부산배달대행후기 반가워용 와방이에요~ 이제 감기가 거의다... 무산되버려서 ㅠㅠ 눈물이 납니다...ㅠㅠㅠ 요즘엔 그래도 직장인들 사이에서도 투잡이 대세라서 직장다니시면서도...,https://blog.naver.com/wabang_com/221523633970,와방이와 함께하는 일상 클럽음악,20190427,0,4,0,0,4,False
투잡 성공 후기,기타,추천 집에서 할 수 있는 체킷 파트너스 직장인 주부 투잡 후기,"진솔한 소통을 한다 이 상품에 대한 후기를 들려주고 사람들이 반응만 보일 수 있다면, 어떤 채널이든 상관 없어요 꼭 성공한 인플루언서가 아니어도 되죠 예를 들어 맘카페 커뮤니티에서 진성회원으로...",https://blog.naver.com/teemogogo/223171071660,케넨의 하루 - 신혼 홈스토리,20230731,0,2,3,2,3,False
투잡 성공 후기,기타,"인천 원동기 면허 취득 후기, 직장인 투잡을 위한 도전!","최근 들어 경기도 좋지 않고, 수입을 조금이라도 늘려볼까 하는 생각에 투잡을 고민하던 중 원동기... 또한 직접 다녀본 분들의 후기도 좋았고, 체계적인 교육 시스템이 갖춰져 있어 선택하게 되었습니다....",https://blog.naver.com/inkke1199/223735890056,합격율 높은 인기자동차운전학원,20250130,0,2,0,0,2,False
투잡 성공 후기,기타,아마존 어필리에이트 투잡 부업 아이템 추천 누구나 가능 합니다,"아마존 어필리에이트 투잡 부업 아이템 추천 누구나 가능 합니다 부업을 시작하고 싶지만 어디서부터... 사용 후기나 비교 분석 글을 작성하면, 검색 엔진에서 상위에 노출될 가능성이 높아집니다. 성과 분석하기...",https://blog.naver.com/platform_lab/223817009623,플랫폼연구소,20250402,0,4,0,2,2,False
투잡 성공 후기,기타,경험상 투잡이라고 못할 거 없던데! 후기톡 김가영,현재 가영이는 후기톡이 본업이지만 제일 처음 부업을 시작했을 때 쓰리잡이었고 첫 수익이 나자마자 일 하나 그만두고 투잡으로 1년 일했었어요. 그때는 절대 상상하지 못했던 일상이죠 평일 낮 데이트...,https://blog.naver.com/kgy940911/222285840087,집에서 월 2000 버는 임산부,20210324,0,6,0,0,6,False
투잡 성공 후기,강의,'강의로 투잡하기' 강의후기,"초롱하다님의 '강의로 투잡하기' 강의후기 비가 오락가락 하던 지난 토욜 갑자기 내리는 소나기를 뚫고 강의장에 좀 일찍 도착했습니다. 도자기를 시작으로 천연비누, 캔들, 매듭 등 여러분야의 공예를 섭렵하며...",https://blog.naver.com/jyyj303/222075162933,안양 해밀공방 마크라메 diy,20200830,0,4,0,0,4,False
투잡 성공 후기,기타,직장인 투잡 추천 - 평범한 월급쟁이에서 슈퍼 머니메이커로! ✨,"제품도 공짜로 받고 일석이조!"" -윤과장(34세)의 유쾌한 후기 ️ 투잡 성공을 위한 황금 법칙  본업에 지장 주지 않기 - 직장을 잃으면 투잡도 의미 없어요! 건강 관리 철저히 - 건강 잃으면 모든 것을 잃습니다...",https://blog.naver.com/dk-journal/223828636056,행정저널 / 창업저널,20250410,0,2,3,2,3,False
투잡 성공 후기,기타,고양이 돌봄 펫시터 아르바이트 후기(+투잡 수익),"돌봄이 종료되면 이렇게 후기들을 남겨 주세요. 여기서 마음도 잘 통하고, 저랑 일정도 잘 맞는 분 걸리면 단골 고객 확정..! 아예 정기적으로 신청하시는 분들도 꽤 있으세요. 이런 시터 전용 앱 외에도...",https://blog.naver.com/jobmaking2060/223424727433,꿈 많은 레미의 라이프,20240426,0,4,0,0,4,False
투잡 성공 후기,블로그,딱 하루배워서 블로그로 투잡하자 류진이 독서 후기,"도서관에서 빌려왔던 딱, 하루배워서 블로그로 투잡하자! 라는 책을 읽어보고 나서 작성한 후기입니다. 블로그 운영에 관심있는 분들은 보시면 좋을 거에요! 9년차 블로거 작가님 성함은 류진이. 실제 이름을...",https://blog.naver.com/ehfpal5760/223531288922,책 읽는 연년생맘,20240731,0,4,0,0,4,False
투잡 성공 후기,기타,"직장인 투잡, 부업으로 무인 빨래방 창업 어떠세요? 직장인...",실제 후기에서도 “직장인 투잡으로 시작했는데 가장 스트레스 없는 창업이었다”는 얘기가 많습니다.  결론 직장인투잡·직장인부업추천/직장인 창업 업종을 고민 중이라면 무인 빨래방은 가장...,https://blog.naver.com/ecolaundrette/224097751647,무인 멀티 빨래방 에코런드렛,20251204,0,4,0,2,2,False
투잡 성공 후기,기타,재택부업 직장인 투잡 위한 나만의 재테크를 부탁해 후기,독서 후기 1장 우리가 재테크를 해야 하는 이유 재테크를 해야 하는 이유에 대해 첫 장부터 뼈 때리는 이... 06.14. #자수성가공부방 #직장인부업 #직장인투잡 #재택부업 #나만의재테크를부탁해,https://blog.naver.com/woorilove88/223509463303,"여행, 맛집, 핫플은 제곰",20240711,0,6,0,0,6,False
투잡 성공 후기,기타,뉴카인드 직장인투잡 추천할 수밖에 없는 이유 리똥맘 멘토...,"라는 걸 증명할 수 있어서 얼마나 뿌듯한지 몰라요^^ 더 많은 성공후기를 남기며, 뉴카인드 TOP 멘토로, 롱런하는 게 제 목표이기에, 오늘도, 내일도 열심히!!!! 진심 다해 교육합니다^_^ 직장인 투잡은 물론...",https://blog.naver.com/dkwk100411/223901349382,✌✨집에서 6억 + 매일+@ 진행중✌✨,20250616,0,2,3,2,3,False
투잡 성공 후기,배달,"배달 알바로 투잡/사이드잡... 이용 후기 - 설치, 가입, 이벤트...","지금까지 투잡, 사이드잡에 관심이 많은 제가 직접 경험해 본 카카오에서 런칭한 카카오T 픽커에 대한 정보와 함께 실제 이용해 본 후기까지 정리해 봤습니다. 관심이 있으셨던 분들께 작은 도움이라도 됐으면...",https://blog.naver.com/2jei8ht/222768582474,매거진 8(Magazine PAL),20220611,0,4,0,0,4,False
투잡 성공 후기,기타,"책, '나는 이모티콘으로 투잡한다' 책 리뷰 겸 도움이 되는 포인트!","공감도 많이 되어서 서평에 이런 저런 얘기를 많이 넣게 되었네요. 이렇게 후기를 마칩니다! :) 감사합니다. 모든 사진 출처 '나는 이모티콘으로 투잡한다' 정한나 지음, TWIG 출판",https://blog.naver.com/parfum25/221418423722,노페이퍼,20181213,0,2,0,0,2,False
투잡 성공 후기,기타,구인구직사이트 베스트 3로 직장인 투잡 및 부업하기에 최적의...,"이러한 상황에서 어떤 플랫폼이 직장인의 투잡과 부업에 적합한지 알아보는 것이 중요합니다.... -3위: 사람인 -공공기관 채용 정보에 특화되어 있으며, 연봉 정보와 면접 후기 등을 제공합니다. 하루 7,200개의...",https://blog.naver.com/cbyzsui/224249577047,생생정보,20260412,0,4,0,0,4,False
투잡 성공 후기,블로그,2024년 베트남 여행 추천 남자블로거의 투잡 출장 이야기,회사에서는 모르는 직장인 남자 블로거의 은밀한 투잡! 느낌처럼 오늘은 2024년 베트남 여행 추천 리뷰로 함께 하시죠! 베트남 여행이 처음이라면! 블로그에서 다양한 후기들을 살펴보고 항공부터 숙소는 물론...,https://blog.naver.com/kagama007/223309946757,Men’s fashion&Beauty 관리하는 남자의 일상,20240102,0,4,0,2,2,False
투잡 성공 후기,기타,독서 프리리치 Free Rich 직장인투잡 추천 도서 후기,투잡을 위해 많이들 읽으시더라고요 저는 직장이.. 없... 는데 카페나 주점 해볼생각을 종종 했었습니다 그때 받았던 고민들을 이번 기회에 조금이나마 해소할 수 있었어요 뒷면은 흔들렸네요.. 실제 성공사례들...,https://blog.naver.com/educo0711/222498637045,You spin me round,20210907,0,2,3,2,3,False
투잡 성공 후기,스마트스토어,경기도 온라인 쇼핑몰 창업 부업 투잡 초보도 바로 시작할 수...,"게시물에 대한 지원은 받았으나, 후기 내용은 제 주관적으로 작성되었습니다. 오늘 아침 커피를... 부업과 투잡, 왜 온라인 쇼핑몰이 좋은 선택일까? 사실 부업이나 투잡을 시작한다고 하면 시간 관리가 가장 큰...",https://blog.naver.com/aotstugf677/224209657104,혼성주엉덩이,20260309,0,6,0,0,6,False
투잡 성공 후기,기타,직장인 투잡 추천 - 월급 50% 늘린 직장인들의 숨은 비밀,"그렇다면 진짜 성공하는 투잡의 조건은 무엇일까요?  본업에 전혀 지장을 주지 않는 스케줄 자유도... 보험료가 40% 가까이 줄었는데 수당까지 주더라고요라는 후기처럼, 직접 혜택을 보면서 시작할 수 있어요....",https://blog.naver.com/jmwh0111/224016569252,✅ 배움의 즐거움,20250921,0,2,3,2,3,False
투잡 성공 후기,배달,쿠팡이츠 배달파트너 투잡 & 미션 보너스 & 일주일 76만 원 후기,"원 후기 요즘 생활비도 부족하고 대출금, 핸드폰비, 교통비, 식비, 보험료 등등 받는 월급으로는 생활이 힘드신 분들이 정말 많은 것 같아요 투잡이나 퇴근 후 할 수 있는 알바를 알아보시는 분들이...",https://blog.naver.com/tjdcks411/223877640761,세상의 모든 정보통신망,20250526,0,4,0,0,4,False
투잡 성공 후기,기타,알바투잡 처음 시작한 후 달라진 내 삶! 진짜 도움이 된 이유는?,"다른 사람들이 ‘알바투잡’으로 돈을 벌었다는 이야기도 듣긴 했지만, 막상 제가 시작할 때는 잘할 수 있을지 걱정이었어요. 그래서 일단 시작하기 전에 여러 후기도 읽고, 사람들이 실제로 어떻게 시작했는지...",https://blog.naver.com/imposep/224141270242,알록달록 캔버스,20260110,0,2,0,0,2,False
투잡 성공 후기,기타,부업투잡으로 글쓰고 쏠쏠하게 66만원 겟,오늘은 투잡으로 하루 두세시간 투자해서 66만원 번 썰 들려드릴게요  정말 한 달동안 제가 시간 투자해서 부업한 내용의 ☆ 리얼 후기 ★ 저는 미용쪽으로 일을 하고 있는데 수입이 들쑥 날쑥하기 때문에 용돈을...,https://blog.naver.com/dyeoni95/224154532411,우당탕탕 블로그,20260121,0,6,0,0,6,False
투잡 성공 후기,기타,어린이집 연장반교사 고졸도 성공한 후기,같더라구요 투잡 쓰리잡 시대에 새로운 직업도 한번 도전해보자는 마음으로 무엇을 시작해볼지 알아보다가 어린이집 연장반교사를 지인께 추천을 받았는데요 근무시간도 평일 오후 약 4시간 정도로 적당하고...,https://blog.naver.com/kosmoto777/224049681150,피치의 성장일기,20251022,0,2,3,2,3,False
투잡 성공 후기,콘텐츠,"직장인 부업, 투잡, 부수입 - 10월 수익!",+ 인스타툰은 10월에 2화밖에 못그렸습니다. + 새로운 목표가 생겼는데 올해까지 지식in 신등급 만들기입니다 크크. 만들면 후기 포스팅할게요! #직장인부업 #직장인투잡 #직장인부수입,https://blog.naver.com/gusrlid/222554876857,레이니의 이중생활,20211101,0,8,0,0,8,False
투잡 성공 후기,배달,투잡으로 배민커넥트 배달알바 평일 3일 만에 26만원 번 수입...,50대 가장이 평일 3일 만에 배달알바로 26만원 번 현실 후기. 배달 끝물이라는 편견을 팩트로... 하지만 이 글을 보시는 분들은 대부분 **'퇴근 후 투잡'**을 고민하는 직장인들이시겠죠? 그래서 저도 여러분과...,https://blog.naver.com/master3386/224163795821,배달라이더 현실노트,20260129,0,4,0,0,4,False
투잡 성공 후기,유튜브,집에서 하는 부업 투잡 추천 크몽에서 유튜브 수익 시작!,"집에서 하는 부업 투잡 추천 시작도 크몽과 함께 :) 크몽, 신뢰할 수 있는 전문가 플랫폼 크몽은 국내... 전문가별 포트폴리오와 이용 후기를 꼼꼼히 확인할 수 있어 선택 과정에서 신뢰를 더해집니다...",https://blog.naver.com/119dud/223677090106,영도리로그,20241129,0,8,0,2,6,False
투잡 성공 후기,블로그,[교육생 한 달 후기] 직장 다니면서 투잡으로 +1440만원...,직장인 투잡으로 한달 만에 + 1260만원 벌어간 교육생 제가 오늘 급하게 블로그로 달려 온 이유는 바로바로 “ 월 천만 원” 교육생 후기를 빨리 들려드리기 위해서인데요♥ 1월에 가입한 분이 약 두 달여간...,https://blog.naver.com/my12201/223399624556,⠀,20240329,0,4,0,0,4,False
투잡 성공 후기,기타,인터넷 부업 현실적으로 투잡 가능한 비결,"시간이나 공간에 큰 제약 없이 적립활동을 할 수 있으니 편리했고, 이용자들이 워낙 많으니 쉽게 실사용후기들을 찾아볼 수 있어서 안심하고 이용이 가능했어요. 심지어 초기비용이 따로 들어가지 않아서 부담...",https://blog.naver.com/notefactory-/223303742485,게임잇 GAME & IT,20231226,0,6,0,0,6,False
투잡 성공 후기,기타,[회사 몰래 투잡] 우당탕탕 해외구매대행 1달차 일기 (첫주문...,- 직장인 투잡으로 나처럼 뛰어든 사람이 많을것 같다. 아니 많다고 알고 있다. 멘토들 공통적으로... - 한달후기요약 누군가는 한달에 월 1000만원을 달성했다는 둥 3천만원 벌기 정말 쉬웠어요? 같은 말들이...,https://blog.naver.com/seolandsemo/223200318030,감사하는 마음으로,20230902,0,2,0,0,2,False
투잡 성공 후기,기타,노인중장년대학생 방학 아르바이트와 직장인 온라인 투잡 기회,"온라인 투잡을 성공적으로 수행하기 위해서는 효율적인 시간 관리가 필수적입니다. 일주일 단위로... 또한, 경험자의 후기를 바탕으로 신뢰할 수 있는 일자리를 선택하는 것이 중요합니다. 추천받는 일자리는...",https://blog.naver.com/nesq5487/223626534161,nesq5487님의 블로그,20241020,0,2,3,2,3,False
투잡 성공 후기,기타,투잡추천!! 마이셀즈용!,드립니다 투잡추천으로 이렇게 글을 작성할 수 있는 이유 중에 하나는 정말 많은 분들께서 이미 성공한 사례가 있기 때문이에요. 홈페이지 들어가시면 자세한 후기도 확인이 가능 하시니까 이 논문 확인해...,https://blog.naver.com/d00b97je/224008341035,무,20250915,0,2,3,2,3,False
투잡 성공 후기,기타,투잡시작?크몽 전문가 등록 후기 + 숨고 이용후기,"& 저는 원래 다른 일을 하고 있고, 이번년도에 영상편집 투잡을 뛰게 되었는데요 ㅋㅋ 영상편집의뢰를... 크몽 전문가 등록하는법 간단한 후기를 남기기 전에, 크몽 전문가를 등록하는 법을 알려드릴게요 step1....",https://blog.naver.com/maytobin/222405325449,MAY-BIN BEAUTYLOG,20210621,0,2,0,0,2,False
투잡 성공 후기,배달,반려견 산책 도우미 찐 후기 도그워킹 투잡으로 괜찮은 듯,"아르바이트한 것 중에서 그나마 제일 괜찮았던 건 딱 3가지였어요. 해주세요 앱에서 심부름이랑 과제 업무 대신 해주던 알바랑 편의점 배달, 그리고 반려견 산책 도우미였는데요. 진짜..살면서..여러 일을 해...",https://blog.naver.com/jobmaking2060/223235827291,꿈 많은 레미의 라이프,20231016,0,4,0,0,4,False
투잡 성공 후기,스마트스토어,직장인 주부 투잡 부업 중고책사업으로 첫 달 70만 원 수익...,물론 실제로 제 강의 후기보다 수익을 내셨다는 결과를 보여드려야 체감하시겠지요. 하자마자 첫... 쇼핑몰 현직 초보 셀러 대표님이시라면 더더욱 투잡 하셔야 합니다. 그래야 원하는 물품도...,https://blog.naver.com/youknowh_j/223525277680,내 이름이 브랜드가 되는 유노혜미,20240725,0,10,0,0,10,False
투잡 성공 후기,기타,ISTJ를 위한 직장인투잡추천 네이버 블로거!,"직장인 투잡 추천 나는 MBTI 검사를 하면 항상 ISTJ만 나온다. 특히 내향적인 성향의 슈퍼 I라서 이건... 자신이 다른 사람과 다르게 꽂힌게 있거나 좋아하는게 있다면 블로거로 성공하기 더 좋다.(패션, 인테리어...",https://blog.naver.com/seren4450/223764523228,세렌드마스의 스위스 부자 프로젝트,20250218,0,2,3,2,3,False
투잡 성공 후기,기타,"[책추천] 월급만으로 부족한 시대, 직장인 투잡 필독서 추천...","사업 성공수업 4장 청년, 10미터만 더 뛰어바 5장 고졸 흙수저, 부자에 도전하다 6장 20대 초반... 네이버에 자수성가공부방을 치면 나오는 사이트에서도 후기나 여러 자료들을 보고 참고할 수...",https://blog.naver.com/julliakang/223940919674,www_julia_com,20250721,0,2,3,2,3,False
투잡 성공 후기,블로그,직장인 투잡 추천! 블챌 왓츠인 마이 블로그로 시작하는 첫걸음,"직장인 투잡 추천! 블챌 왓츠인 마이 블로그로 시작하는 첫걸음 2025년 직장인 부업 시장이 뜨겁습니다.... 일상 여행기, 맛집 후기, 책 리뷰 등 경험을 진솔하게 담으면 됩니다. 2단계 - 키워드 전략 수립하기 (5...",https://blog.naver.com/rlaqudcjf338/224043398810,소확행,20251016,0,6,0,2,4,False
투잡 성공 후기,기타,"주말 가능한 부업, 본업에 영향 없는 투잡","오투잡 등)을 활용하면 주말에만 작업해도 일감을 확보할 수 있습니다. 장점: 재택 가능, 유연한 시간 활용 주의점: 일정 수준 이상의 전문성이 요구됨 주말 가능한 부업, 연우도 직접 하고 있는 후기 보고 가세요...",https://blog.naver.com/yololife_12/223944353172,한달에 억 버는 연우의 부업스토리♥,20250723,0,6,0,0,6,False
투잡 성공 후기,콘텐츠,오늘의집 온라인집들이 크리에이터 진행과정 투잡 부업...,"오늘의집 크리에이터 선정 기준 오늘의집 크리에이터는 ✅️최근 30일 기준 콘텐츠 업로드 10개 ✅️오늘의집 어플 유저기준 팔로워 100명 *제품구매 후 후기 글,사진은 인정되지 않습니다. 크리에이터 관련은...",https://blog.naver.com/serrastory/223466456816,세라집 serra.zip,20240602,0,6,0,0,6,False
투잡 성공 후기,기타,무자본 투잡 추천 2025 현실 가능한 직장인용,"이 글에서는 2025년 현재, 시간과 노력만으로 시작할 수 있는 현실적인 직장인 무자본 투잡 아이디어와... 저도 처음에는 '이게 정말 돈이 될까?' 의구심을 가졌지만, 작은 성공 경험들이 쌓이면서 자신감을...",https://blog.naver.com/imprenditore/224054384619,"Work, Play, Excercise, Story",20251106,0,2,3,2,3,False
투잡 성공 후기,기타,집에서 하는 편한투잡추천!! (육아맘에게도 추천해요),일은 #편한투잡추천 라이프위드추천후기입니다!! > 이번 라이프위드추천후기는 한화손해보험에서 나온... 자격취득에 성공할 수 있었어요!! 그렇게 자격취득에 성공하고 본격적으로 #라이프위드 활동을...,https://blog.naver.com/joomin009/223190501066,주미니의 일상,20230822,0,2,3,2,3,False
투잡 성공 후기,블로그,1달알바로 시작한 남자투잡썰,1달알바로 시작한 남자투잡이야기 하루만 버티면 월급날이다 “하루만 버티면 월급날이다”라는 말도... 블로그를 통해 스마트 스토어에 올린 상품 소개 직접 포장하며 겪은 후기 드론 영상 작업 의뢰 경험 이런...,https://blog.naver.com/wonjae8272/223826517297,매출을 한 단계씩 쌓아가는 브릭마케팅,20250408,0,4,0,0,4,False
투잡 성공 후기,기타,천연수제비누만들기로 투잡 도전,없어서 투잡하면서 스트레스 받을 일도 없었어요 반려동물 키우는 인구수가 많아지면서 용품들도 많이 다양해지고 소비도 높아져서 비누가 판매 잘 되고 있어요 처음에는 바로 판매가 되지 않았지만 후기가 몇...,https://blog.naver.com/jwillfly/223361560907,Someday I will fly♪,20240223,0,2,0,0,2,False
투잡 성공 후기,스마트스토어,투잡으로 가능한 주부재택부업,워킹맘으로서 투잡러로 하는 게 어려울 것 같았거든요 그래서 고민을 하다가 우선 정보부터 찾아봤고 직장인 부업으로는 쇼핑몰이 제일이라는 후기도 많고 주변 사람들에게 물어만 보더라도 신기하게 다...,https://blog.naver.com/ds5108/223715958130,가성비 vs 가심비,20250106,0,8,0,0,8,False
투잡 성공 후기,기타,후기 & 경험담] Ep 6. 해외이민 결정 전 꼭 봐야 할 실제 후기...,그래서 강제로 투잡을 뛰거나 완벽한 집돌이로 살아야 하는 게 진짜 현실이에요.  핵심 포인트 이민을... 수많은 실패와 성공 후기를 종합해 만든 마지막 점검표를 꼭 확인해 보세요. 이 질문들에 자신 있게...,https://blog.naver.com/transformation1221/224230033048,세계를 보다. 세계를 살다.,20260404,0,2,3,2,3,False
투잡 성공 후기,기타,재택알바부업 투잡으로 수익내기,이걸로 투잡하기에는 시간이 아깝죠 퇴근 후에 할 수 있는 재택알바부업을 찾아서 시작한지 벌써 6개월 정도 됐는데요 나름 만족하고 있어서 후기겸 추천드리려고 이렇게 글을 쓰게 됐네요 제가 하고 있는...,https://blog.naver.com/jwillfly/223405403831,Someday I will fly♪,20240405,0,8,0,2,6,False
투잡 성공 후기,기타,직장인투잡알바 요즘핫한 재능마켓 사이트 피움마켓에서...,"후기가 많고 수익 누적금이 높아질수록 그만큼 찾는 사람들이 점점 늘어난다는 점입니다. 그래서 잘... 여기에서 마음에 드는 전문가를 찾고 경력사항, 자기소개, 포트폴리오, 후기 등을 참고하여 작업을 요청할...",https://blog.naver.com/kimss3k/223258353457,떼이의 지식공유 삶의공식,20231107,0,4,0,0,4,False
투잡 성공 후기,기타,2025년 주말 투잡 추천: 시급 높은 당근알바 리스트 공개!,"시급 정보와 함께 실제 후기를 바탕으로 작성했으니, 꼼꼼히 살펴보세요. 반려동물 산책 대행: 1인... 당근알바 성공 꿀팁: 나에게 맞는 알바 찾기 *나에게 맞는 알바를 찾는 것이 성공적인 투잡의...",https://blog.naver.com/defor7/224117886716,세민조경,20251222,0,2,3,2,3,False
투잡 성공 후기,스마트스토어,장사 온라인 쇼핑몰 창업 부업 투잡 시작하기 전에 알아두어야...,"포인트 지급 후 작성된 정보제공 목적 최근, 많은 사람들이 온라인 쇼핑몰 창업이나 부업, 투잡을... 그래서 많은 후기를 참고했어요. 그 중에서도 이맛쇼 같은 플랫폼에서 제공하는 실전 강의를 통해 큰 도움이...",https://blog.naver.com/hybqynjoae97048/223891581924,나만의솜사탕,20250607,0,8,0,0,8,False
투잡 성공 후기,기타,"""직장인투잡, 글쓰기로 시작한 나의 현실적인 부업 이야기""",“본업은 유지하면서 수익을 늘릴 방법 없을까?” 저 역시 그런 고민 끝에 직장인투잡을 시작하게... 솔직한 후기입니다.  수익 구조가 공정한 게 장점이에요 이 부업의 또 하나의 매력은 바로 수익이 공정하게...,https://blog.naver.com/dmswjd8276/223941966596,나의 평화로운 일상을 위해,20250721,0,6,0,0,6,False
투잡 성공 후기,기타,대전반영구배우기 투잡쓰리잡도 한큐에! 페이스터치,"한가지 직업만으로는 매달 나가는 고정지출을 감당하기 어려워 투잡, 쓰리잡까지 강행하시는 직장인... 눈썹문신 시술 실패 한 후기, 여전히 많이 올라오고 있어요. 제대로 대전반영구배우기 진행되지 않으면...",https://blog.naver.com/facetouch1/222987832467,대전 페이스터치,20230118,0,2,0,0,2,False
투잡 성공 후기,기타,직장인 투잡알바,20세이상 누구나 가능하구요 직장인 투잡알바로 한국마케팅아카데미를 강력추천합니다~ 직장인 투잡알바 성공하신분들 성공후기와 동영상 어떻게하는일인지 알아보시죠~ 직장인 투잡알바 자세히 알아보기...,https://blog.naver.com/song3322/220856814914,잘하니의 블로그이야기,20161108,0,2,3,2,3,False
투잡 성공 후기,스마트스토어,글로벌셀러 투잡으로 추천,그래서 투잡러가 됐답니다 주변에서 어떻게 투잡하게 됐는지 많이 물어보셔서 오늘 이렇게... 시작했어요~ 전자동 쇼핑몰 운영하는 법 더 자세히 알아보기>>> 솔직한 후기를 작성하고 소정의 원고료를 받았습니다,https://blog.naver.com/jwillfly/223283548322,Someday I will fly♪,20231205,0,4,0,2,2,False
투잡 성공 후기,배달,내 자동차로 음식배달 투잡가능? 실제 체험후기!(Feat:쿠팡이츠),정말 투잡이라지만 사고 한 번 냈다가는 번 돈의 몇 배 혹은 몇 십배를 물어줘야 하는 상황이 발생할 수도 있다는 점. 반드시 유의하고 알아두어야 할 사항이라고 생각합니다. 10. 제 차량인 싼타페는 관악구...,https://blog.naver.com/hz39094/221620754299,동민이집,20190819,0,4,0,2,2,False
투잡 성공 후기,스마트스토어,안산 온라인 쇼핑몰 창업 부업 투잡 이렇게 시작하니 현실이...,"투잡이 대세라는 말도 많고, 주변에서도 스마트스토어 한다는 친구들이 한둘이 아니더라고요. 회사... 처음엔 과장이겠거니 했는데, 실제 후기를 보면서 점점 믿음이 생기기 시작했죠. 3. 창업 전, 가장 막막했던...",https://blog.naver.com/tonoaznewj7516/223893221634,따사로운햇살,20250609,0,8,0,0,8,False
투잡 성공 후기,기타,인천창업 송도 롯데마트 한식 음식점 리얼 성공 후기,고객님의 성공 창업을 위해 진심으로 노력하며 발로 뛰는 착한 기업 한국창업센터 안녕하세요 안심성공... 리얼 후기를 통해서 창업을 고려 중이신 분들에게 조금이나마 참고가 되셨으면 합니다. 오늘 소개드릴...,https://blog.naver.com/koreasc8101/221699796134,한국창업센터 스크린골프사업부,20191106,0,0,3,0,3,False
투잡 성공 후기,기타,비바쿡 PC방 소자본창업 성공 후기,아주 작은 공간만 있다면 성공할 수 있다는 비바쿡의 이야기가 진짜일까 싶었는데요. 음식의 경우... 창업 비용이 많이 들지 않아 소자본창업에 해당하는데 성공이 보장되어 있는 모양이었어요. 먹거리 판매를...,https://blog.naver.com/40eksdksl/223003006940,차차차,20230202,0,0,3,0,3,False
투잡 성공 후기,기타,직장인투잡 종류 경력단절여성 베스트셀러 책추천 집콕투잡50...,사람들의 성공 사례가 다채롭게 나와 있어 집에서돈벌기 방법이나 직장인투잡 주부주말알바 정보를... 현재 또 2022년 새해 이벤트 중이라 크몽에서 구입한 후에 후기를 남기면 1인 기업이 꼭 알아야 할 디자인...,https://blog.naver.com/pronl5v2/222635541859,모두의 핫플지도,20220131,0,2,3,2,3,False
투잡 성공 후기,기타,탑스에이전시 주디 | 직장인에게 온라인수익화가 투잡으로 꼭...,확실히 투잡은 이젠 필수인 시대인거 같아요! 그러다보니 제가 직장인 전문 멘토이다 보니까 직장인... 사람들이 한두명씩 오고 맛이 있다면 좋은 후기가 나올 거고 사람들은 또 그 후기를 보고 찾아오겠죠! 그...,https://blog.naver.com/alley624/223772742079,주디,20250225,0,4,0,0,4,False
재택부업 성공 후기,블로그,재택 부업 블로그플러스 진행 후기,"있는 재택 부업 많이 알아보실 텐데요. 저 역시도 ""한 달에 20~30만 원만 벌어도 좋겠다""라고... 걱정하지 않아도 돼요 일이 어렵지 않아 초보자들도 쉽게 접근할 수 있는 재택 부업이에요. 블로그플러스 진행 방법...",https://blog.naver.com/alarm5555/223604811928,"봉이의 금융,경제 하우스",20241002,0,6,0,0,6,False
재택부업 성공 후기,기타,핸드메이드 판매 과정으로 재택부업 도전!,있는 부업이 뜨고 있는데요 저 역시 아이 케어하면서 가능한 핸드메이드 판매 과정을 재택부업으로... 제 후기 집중해주세요 !! 저는 수공예에 관한 전문 지식이 1도 없던 사람이었어요 그저 손으로 사부작...,https://blog.naver.com/kghic67/224059949851,람쥐씨의 알뜰살뜰 일상이야기,20251101,0,4,0,0,4,False
재택부업 성공 후기,기타,재택부업 사이트 싸망고 한달 수익 공유,영업과 간단한 접수만 진행하면 완료되기 때문에 온라인이나 재택으로도 하기 쉽고 요즘엔 모두 비대면으로도 가능하다고 하니 부업으로 하는 제가 딱 찾던 일이라는 생각이 들었어요. 4. 재택부업 사이트...,https://blog.naver.com/rosa814/223319056971,냉정과 열정,20240111,0,6,0,0,6,False
재택부업 성공 후기,스마트스토어,재택부업추천 핸드폰만있으면 가능해요,그러다보니 박스접기 쇼핑백접기 이런 부업들이나 주식이나 코인 이런거 아니면 할만한 재택부업이... 물론 이것도 다 재택으로 가능했구요. (IT강국 만세! ㅋㅋㅋㅋ) 거기에 더해 저는 전자동쇼핑몰 관련...,https://blog.naver.com/garbeekr/222924179492,HIBIKI,20221109,0,6,0,2,4,False
재택부업 성공 후기,기타,위버링 커뮤니케이션 재택부업 3개월 후기! 정말 유익했어요!,"영상통화 재택부업이에요. 처음엔 어색했지만, 점점 익숙해지고 나만의 방법으로 일을 해나가다 보니, 정말 도움이 많이 되었어요. 재택근무나 부업을 찾고 있다면, 위버링을 추천하고 싶어요! 정말 쉽게 접근할...",https://blog.naver.com/fashionylt/224061923912,잠자는 숲속의 이야기,20251102,0,4,0,2,2,False
재택부업 성공 후기,스마트스토어,"20~40대 현실 재택부업 추천, 온라인 쇼핑몰 운영 방법","고민하는 시간에 제가 먼저 벌어본 리얼 후기이니! 1분 1초가 아까운 당신에게, 제가 매일 하는 '돈 되는' 일만 알려드려요. 살림에 조금이라도 보탬이 되고자 재택부업, 쇼핑몰 부업 운영해 보고 싶다는 분들 한...",https://blog.naver.com/skfk_1215/224273292142,byul Daily,20260503,0,6,0,2,4,False
재택부업 성공 후기,기타,위버링 재택부업 진짜로 괜찮을까? 내가 직접 해본 솔직 후기!,다른 재택일들을 하다보니 뭔가 특이한 부업을 찾고 싶었거든요. 그러다가 발견한 게 바로 '위버링'이었죠. 그때는 영상통화나 1:1 소통 방식의 재택부업이 흥미롭다는 생각이 들었어요. 뭔가 자유롭게 일을...,https://blog.naver.com/ziview/224062001810,사라진 시간의 조각들,20251102,0,4,0,0,4,False
재택부업 성공 후기,기타,타운카로 재택부업 시작하기! 월 수익 공개와 실제 후기,"오늘은 타운카를 통한 차량 공유 재택부업에 대해 솔직한 후기와 함께 월 수익 공개까지 해드릴게요!... 직장인부업으로는 정말 매력적이죠. 실제로 제가 3개월간 운영해 본 결과, 평일에는 하루 2-3시간...",https://blog.naver.com/beebroad/224002841559,펀캡의일상리뷰,20250910,0,6,0,0,6,False
재택부업 성공 후기,기타,요즘 인기 있는 재택 부업 추천 (+예스워치 줄서기 알바 후기까지),"특히 재택근무가 늘어난 요즘, 집에서 할 수 있는 부업에 대한 관심이 높아지고 있는데요. 오늘은 제가 직접 해봤거나, 주변에서 후기가 아주 좋았던 요즘 인기 있는 재택 부업들을 정리해서 소개해드릴게요....",https://blog.naver.com/yes_watch_0/223998337208,yes_watch_0,20250907,0,4,0,2,2,False
재택부업 성공 후기,기타,"앞두고 비상금/여윳돈 만들기, 띄부띄부 재택부업 현실 후기 !",현실적인 재택 부업 이 글을 여기까지 읽으셨다면 이미 마음속엔 부업 생각이 그득하실건데 “한 번은 제대로 알아봐야겠다” 그 생각 들었을 거예요! 그것도 재택으로 할 수 있는거니까 더 호감..ㅎㅎ...,https://blog.naver.com/nan1879/224180453444,언제나 부자가 되고싶은 우리들,20260211,0,4,0,0,4,False
재택부업 성공 후기,기타,재택부업사이트 후기 및 공유,요즘엔 부업 종류도 다양한데다가 재능이나 경력이 없어도 가능한 재택부업사이트가 많다고 해서 뭘 하면 좋을까 하나씩 찾아봤어요 여러 재택알바를 많이 찾아봤거든요 근데 막상 뒤져봐도 원하는 시간...,https://blog.naver.com/hosuk6564/223054248933,당신은 이 시대의 멋쟁이,20230325,0,4,0,0,4,False
재택부업 성공 후기,스마트스토어,라이브커머스 사기 쇼핑몰 기프트카드·상품권 재택부업 사칭...,"라이브커머스 사기 쇼핑몰 기프트카드·상품권 재택부업 사칭, 출금불가 팀미션 판별법 기록으로... 이 글은 누군가를 몰아세우는 후기가 아니라, 같은 구조가 어떻게 재현되는지 분석하고, 지금 손에 쥘 수 있는...",https://blog.naver.com/sonrgaqteq34455/224263843120,법률사무소 비컴,20260424,0,6,0,0,6,False
재택부업 성공 후기,기타,20대 재택부업 나의 첫 시작과 변화,"남긴 후기를 보고 ‘이거 해볼까?’ 생각할 수 있었어요. 특히나 ‘나랑 비슷한 사람이 어떤 부업을 했는지’ 찾아보는 게 중요하더라고요. 그래서 20대 재택부업으로 무엇을 할까 고민하다가, 온라인 마케팅...",https://blog.naver.com/militarygqq/224062505150,책장 속의 한 줄,20251103,0,4,0,0,4,False
재택부업 성공 후기,기타,"재택부업 사기, 피해금 회복을 위한 전문가 팁","요즘 경제가 어렵다 보니 집에서 할 수 있는 재택부업에 관심을 가지는 분들이 많습니다. 출퇴근 시간을... ""우선 저희 회사 제품의 후기를 남겨주세요."" B씨는 시키는 대로 후기 작성을 하고 얼마 뒤 통장에 만...",https://blog.naver.com/xeggkam435/224110975669,파도노래55,20251215,0,4,0,0,4,False
재택부업 성공 후기,기타,위버링 소통방송 재택부업 해보니 이런 장점이!,"혹시 재택부업을 생각하고 계시다면 도움이 될 거예요! 1. 처음에는 막막했어요 처음 시작할 때 솔직히 너무 막막했어요. 재택에서 할 수 있는 부업이라 해서 ‘뭐, 그냥 영상통화나 소통하는 거겠지?’ 싶었는데...",https://blog.naver.com/footu/224069155051,반짝이는 작은 생각들,20251108,0,4,0,0,4,False
재택부업 성공 후기,기타,위버링 SNS 재택부업 진짜 써보니 이런 점이 좋았어요!,"그럼 제가 경험한 진짜 후기를 차근차근 풀어볼게요! 1. 처음 시작했을 때, 솔직히 불안했어요 처음엔... 위버링 부업, 과연 효과가 있을까? 위버링 SNS 재택부업을 시작한지 한 달 정도 지났을 때, 어느 정도...",https://blog.naver.com/imagety/224068976521,"요즘, 뭐 하고 살지?",20251108,0,4,0,0,4,False
재택부업 성공 후기,기타,실시간 재택부업 처음엔 막막했는데 점차 나아진 내 경험!,"이거 하나만 있으면 재택에서 알바하는 데에 큰 어려움이 없답니다. 지금 바로 시작해보세요! 이 글을 통해 여러분도 실시간 재택부업에 대한 힌트를 얻고, 나만의 부업을 시작할 수 있기를 바라요. 처음엔...",https://blog.naver.com/eotherwise/224064798389,펜촉의 고백,20251104,0,4,0,0,4,False
재택부업 성공 후기,기타,초보도 시작할 수 있는 재택부업 추천,초보도 시작할 수 있는 재택부업 추천 최근 재택근무가 늘면서 부업에 관심 갖는 분들이 많아졌어요.... 입소문이나 후기를 참고하면서 신뢰도를 먼저 체크하는 것도 좋은 방법이죠. 재택부업은 자기주도적인...,https://blog.naver.com/khjcokr/224107184031,경제 가이드 럭디터,20251212,0,4,0,2,2,False
재택부업 성공 후기,기타,"데이터라벨링 재택부업, 알바로 도전한 후기","다들 재택부업, 알바에 관심이 많으시네요. 최근에 제가 알아본 재택알바로 가능한 데이터 라벨링... 조사에 따르면 직장인 10명 중 7~8명이 부업이나 아르바이트에 관심이 있거나 해봤다고 답한 뉴스를 보니...",https://blog.naver.com/dlwpqnxk/223212990346,아롱맘의 작은천국,20230916,0,4,0,0,4,False
재택부업 성공 후기,기타,재택 부업 가이드 AI 툴로 수익 내는 7가지 방법,저처럼 집에서 부업하고 싶다면? 돈버는 AI 자동화 프로그램 아래에서 확인해보세요 ⬇⬇️ AI 툴 사용 후기 실제 사용자가 겪은 경험과 결과를 공유합니다. 저도 재택 부업 가이드: AI 툴로 '집에서 돈 버는...,https://blog.naver.com/ig5butdf/224062477816,ig5butdf님의 블로그,20251103,0,6,0,0,6,False
재택부업 성공 후기,기타,직장인이 온라인으로 재택부업하는 후기입니다.,가능한 재택부업후기를 들려드립니다. 여전히 살림살이가 그대로인 현실 이 슬픈 고민거리는 어떻게 해결되니 ? 물가도 올라고 최저임금도 올랐지만은요 저도 부업으로 살림에 좀더 보탬이 되고자 알아보기로...,https://blog.naver.com/fork2424/222684752915,맘모스 blog,20220328,0,4,0,0,4,False
재택부업 성공 후기,기타,재택부업사이트 육아맘이 가능했던 후기,"있는 재택알바 형태를 찾아보게 되었었어요 재택부업사이트를 알아보던 중, 저는 한 온라인 교육기관을 보게 되었구요 수공예과목을 배워 판매까지 지원하는 곳을 발견해 등록하게 되었답니다. 후기를 보면...",https://blog.naver.com/myhkh1/223376076474,모두 다함께 뾰로롱,20240307,0,4,0,0,4,False
재택부업 성공 후기,기타,"자격증 필요 없는 재택 부업 쉬운 일, 이건 어때요?",사용 후기를 캡쳐하거나 텍스트만으로 제공 이러한 부업들은 시간 관리에 따라 얼마든지 수익을 극대화할 수 있습니다. 재택 부업 쉬운 일을 찾으신다면 연우와 함께 하시는 분들의 실제 사례를 보고 가세요...,https://blog.naver.com/yololife_12/223942794446,한달에 억 버는 연우의 부업스토리♥,20250722,0,6,0,2,4,False
재택부업 성공 후기,기타,코바늘 세트 받고 재택부업 도전,어떻게 관심사로 부업까지 가능했는지 과정 공유드릴게요 뜨개질 부업에 관심이 있으신 분들에게 도움이 됐으면 좋겠네요 재택부업을 수공예로 하시는 분의 후기를 보니까 수공예면 뜨개질도 포함이 되지...,https://blog.naver.com/jwillfly/223772899256,Someday I will fly♪,20250226,0,4,0,0,4,False
재택부업 성공 후기,기타,"무자본 재택부업 종류, 초보 기준으로 정리해봤다","부업이 어떤 느낌인지 가볍게 경험해보는 용도로는 괜찮아 보였다. 3. 글쓰기 관련 작업 후기 글, 간단한 원고 작성 같은 일들이다. 재택으로 가능하다는 점에서 관심이 갔다. 다만 초보 기준에서는 바로...",https://blog.naver.com/soft__log/224152616798,Soft Long life,20260122,0,4,0,0,4,False
재택부업 성공 후기,스마트스토어,"재택부업 주부, 가사와 일 둘 다 놓치지 않는 비밀","육아와 가사를 병행하면서도 경제활동을 이어가려는 주부들이 늘고 있고, 그만큼 재택근무나 온라인... 주부에게 현실적으로 가능한 재택부업은 다음과 같습니다. - 콘텐츠형 부업: 블로그, 스마트스토어 후기...",https://blog.naver.com/zbootaue/224070815591,연우의 부업 스토리,20251110,0,10,0,0,10,False
재택부업 성공 후기,블로그,경단녀 부활! 재택 부업으로 다시 경제 활동 시작,"있는 재택 부업 종류 경험이 없는 사람도, 시간이 부족한 주부도 실제로 실행 가능한 부업 위주로 소개합니다. 1. 블로그 포스팅 수익화 어떤 일인가요? 네이버 블로그에 생활 정보, 제품 리뷰, 육아 후기 등을...",https://blog.naver.com/zbootaue/223904734172,연우의 부업 스토리,20250619,0,8,0,0,8,False
재택부업 성공 후기,기타,들어본 사람은 없는 재택부업 글쓰기하나로 수익내기 찐현실후기,나에게 맞는 부업과 시간을 투자하며 가능한 일인지도 생각하셔야해요 저는 수익 보고 절대 넘어가지 않았어요 왜냐하면 재택부업 경험자거든요 근데 또 시작한 이유엔 그만한 이유가 있어서겠죠? 팸마켓은...,https://blog.naver.com/9126mi/223783130420,깽이 블로그✍️,20250304,0,8,0,0,8,False
재택부업 성공 후기,기타,시간이 돈이다! 엄마들이 선택한 고수익 재택부업 총정리,최근에는 단순한 부수입을 넘어서 고수익까지 가능한 재택형 일자리도 많아졌습니다. 이 글에서는 실제 엄마들이 선택하고 있는 검증된 고수익 재택부업들을 총정리해 소개합니다. 어떤 부업이 나에게 맞을지...,https://blog.naver.com/zbootaue/223871524106,연우의 부업 스토리,20250520,0,8,0,0,8,False
재택부업 성공 후기,스마트스토어,재택부업사이트 여기만 알면 돼요,후기 작성 후 소정의 수수료를 받습니다 어째서 월급이 들어온 날에는 오전과 오후 통장에 남아있는... 제가 부업으로 선택한 일은 바로 쇼핑몰이에요 재택부업사이트에서 적은 시간을 들이더라도 시간대비 높은...,https://blog.naver.com/ds5108/223721229034,가성비 vs 가심비,20250112,0,6,0,0,6,False
재택부업 성공 후기,기타,고수익알바 사기 재택 부업 피해 극복과 피해금 회수 대응은,"가능한 재택근무”와 같은 문구를 사용해 접근하는 사례가 빈번히 확인되고 있습니다. 이러한 수법은 단순 영상 시청, 댓글·좋아요 작성, 물품 조립, 손부업 등 겉보기에는 부담 없는 업무 형태를 제시하며...",https://blog.naver.com/j2s2706/224018630434,법무법인 신결,20250923,0,6,0,0,6,False
재택부업 성공 후기,기타,토퍼아트 재택부업 도전 솔직 후기,토퍼아트 재택부업 도전 솔직 후기 안녕하세요! 저는 아이 둘 키우고 있는 40대 평범한 주부예요. ㅎㅎ... ㅠㅠ 경단녀도 할 수 있는 부업 없을까? 자유시간을 매번 그냥 보내기엔 시간이 아깝다는 생각이 들어...,https://blog.naver.com/agla1/223494798378,참소나무 나뭇잎편지,20240710,0,4,0,0,4,False
재택부업 성공 후기,기타,재택부업 추천 / 누구나 100% 수익 내기 가능해요,"재택부업 주의사항: 사기성 재택부업 주의: 고수익을 보장하며 초기 비용이나 개인 정보를 과도하게 요구하는 부업은 사기일 가능성이 높으므로 주의해야 합니다. 업체 정보, 후기 등을 꼼꼼히...",https://blog.naver.com/wlsdud2258/223841739149,"죠씨의 아무말,",20250421,0,6,0,2,4,False
재택부업 성공 후기,스마트스토어,허밍웨이 사기 쇼핑몰 사칭 리뷰 재택부업 팀미션 입금...,단순 부업 강조 짧은 시간 수익 강조 초보 가능 안내 관리자 실시간 지원 강조 즉시 정산 가능 안내 구분 제시 내용 목적 첫 접촉 재택 수익 제안 관심 유도 초기 안내 쉬운 업무 설명 경계 완화 소액 보상 일부...,https://blog.naver.com/daylaw187/224263963844,데이 법률사무소,20260424,0,8,0,0,8,False
재택부업 성공 후기,기타,주부재택부업 많은 실패 후 제대로 찾게 된 부업!,거짓으로 후기를 쓰려다보니 조금 그렇더라고요 그래서 이 일도 얼마 안 가 그만뒀구요 그러고 나서 했던 주부재택부업은 친구가 소개해준 홈쇼핑 부업이었어요 이 일은 시급으로 받을 수 있어 일정 시간만...,https://blog.naver.com/hbirds/223268651900,사랑이가 사는 방법,20231119,0,4,0,0,4,False
재택부업 성공 후기,기타,재택부업으로 원고작가 시작하기 부업으로 돈벌기 부수입...,최근에 재택근무가 보편화되면서 집에서 할 수 있는 부업에 대한 관심이 높아지고 있어요. 그중에서도... 원고작가 부업에 대한 느낌과 후기 제가 처음 이 일을 시작했을 때는 글쓰기에 자신이 없었습니다. 제가...,https://blog.naver.com/jill7410/223427778023,제이와이디자인 슬기로운 유땅,20240426,0,6,0,0,6,False
재택부업 성공 후기,스마트스토어,"재택부업으로 시작한 셀러퀸즈, 수익창출 종류만 5가지","재택부업으로 시작한 셀러퀸즈, 수익창출 종류만 5가지나 되더라고요! 오늘은 어떻게 수익이 발생되는지 수익창출 종류에 대해 소개해드리려고 해요 재택알바 셀러퀸즈 5가지 부업종류 1. 온라인쇼핑몰 2....",https://blog.naver.com/codus_milk/223214291029,공구마켓 TOP3 베스트셀러,20230918,0,8,0,0,8,False
재택부업 성공 후기,블로그,재택부업사이트 다양하게 알아봐요,"재택부업사이트 각양각색하게 맞춰봐요 재택 부업이라고 하면 지식적으로 집부터 할 수 있다고하시는... 3) 각 부업의 실제 후기와 사례들 3-1) 온라인 설문조사 후기 여러 블로그부터는 ""설문 조사를 통한 초보자...",https://blog.naver.com/jxjcffdcq/223571249842,샵앤샵,20240903,0,6,0,0,6,False
재택부업 성공 후기,블로그,재택부업사이트 다양하게 알아봐요,"재택부업사이트 각양각색하게 살펴봐요 재택 부업이라고 하면 보편적으로 집부터 할 수 있다고하는... 3) 각 부업의 사실 후기와 사례들 3-1) 온라인 설문검토 후기 여러 블로그부터는 ""설문 검사를 통한 초보자...",https://blog.naver.com/mism746/223571228124,핀터레스트,20240903,0,6,0,0,6,False
재택부업 성공 후기,기타,재택 부업 추천 집에서 하는 부업 돈버는법 알아보기,"재택 부업 소개 집에서 하시는 부업 돈버는법 알아보기 요즈음 장 보다보면 물가 오른 게 확 느껴지더라구요 식비뿐만이 아니죠 교통비, 대출, 교육비, 각양가지가지 공과금... 전체 오르고 있답니다 ㅠㅠ...",https://blog.naver.com/rince1988/223587670305,브이티콘,20240918,0,4,0,2,2,False
재택부업 성공 후기,기타,재택 부업 추천 직장인 부수입 소득으로 좋은 알바어플,있는데요^^ 재택부업소개 받아 글쓰기나 원고 작성 후 수수료 받으시는 일 홈쇼핑 재택근무 등 각양각색하게 해봤어요 단순 조립이나 부업도 섬세히 알아봤는데 마음더군더나 단가가 매우 낮아서...,https://blog.naver.com/tishat/223576186290,핀터레스트,20240908,0,6,0,2,4,False
재택부업 성공 후기,기타,재택 부업 추천 집에서 하는 부업 돈버는법 알아보기,"재택 부업 소개 집에서 하시는 부업 돈버는법 살펴보기 요세 장 보다보면 물가 오른 게 확 느껴지더라구요 식비뿐만이 아니죠 교통비, 대출, 교육비, 가지가지 공과금... 전체 오르고 있답니다 ㅠㅠ 외벌이로는...",https://blog.naver.com/bostollus/223587660552,홀리몰리,20240918,0,4,0,2,2,False
재택부업 성공 후기,기타,재택 부업으로 돈 버는 법? 추천 타이핑 알바 사이트 5곳,버는 재택 부업 찾으시나요? 괜찮은 재택 타이핑 알바 사이트를 추천합니다. 부업으로 재택근무하며... 각 알바 사이트의 후기와 평판을 미리 조사하여 신뢰성을 판단하는 것이 중요합니다. 개인 정보를...,https://blog.naver.com/dfhdfgdgdf498/223576396816,박시우,20240908,0,4,0,2,2,False
재택부업 성공 후기,강의,케이크 토퍼 만들기 배우고 재택부업 도전,"케이크 토퍼 만들기 집에서 편하게 배워서 재택 부업으로 도전하고 있는 육아맘이에요. 저는... 재택 창업, 부업, 수공예 강좌에 관심이 있는 분들이라면 한번 샘플강의 살펴보세요. 나랑 맞고 즐기면서 할 수...",https://blog.naver.com/youg98/223213119618,생활공간,20230916,0,6,0,0,6,False
재택부업 성공 후기,기타,재택부업 앉아서 하루12만원 버는 알바!!,중요한건 재택부업으로 한달 200이상의 월급도 받을수 있다는거에요 본업이 있어도 살림과 육아에... 근무자들에게 부업과 재택알바 일자리등의 앞장선 곳으로 인정받아 상도 많이 받고 관련한 특허까지 16년된...,https://blog.naver.com/rubi071103/220936778223,코코,20170216,0,4,0,0,4,False
재택부업 성공 후기,기타,"초보도 가능한 재택부업 추천, 수익 비결 공개","쉽고 안전한 재택부업, 이젠 고민 끝! 안녕하세요. 요즘 같은 시대에 재택에서 부업을 시작하려는 분들이 많아지고 있어요. 그중에서도 초보자도 손쉽게 시작할 수 있는 부업으로 많은 사람들이 주목하고 있는...",https://blog.naver.com/uooo123675/223721764440,나의 작은 이야기 공간,20250110,0,6,0,2,4,False
재택부업 성공 후기,기타,타이핑 알바로 첫 월급 추천 사이트 5곳 비교 및 재택 부업 팁,작업 재택 부업 용돈벌이 THE 줌 문서 타이핑 알바로 첫 월급을 받고 싶으신가요? 추천 사이트 5곳을... 이 알바의 주된 장점은 무엇보다도 재택에서 시간을 자유롭게 활용하여 일할 수 있다는 점입니다. 예를...,https://blog.naver.com/oioylzykn441/223596580297,안영환,20240926,0,4,0,2,2,False
재택부업 성공 후기,기타,팀미션 사기 실제 사례와 대응 방법까지,최근 집에서 할 수 있는 재택부업과 온라인 부수입 활동에 대한 관심이 커지면서 다양한 형태의... 실제 온라인 후기 커뮤니티나 피해 사례 게시판에서도 팀미션 사기 관련 경험담이 계속 올라오고 있으며...,https://blog.naver.com/mycn19/224282209252,Lumex Group,20260512,0,6,0,0,6,False
재택부업 성공 후기,기타,재택부업 추천 초보도 쉽게 시작하기,"수 있고, 본업과 병행할 수 있어 효율적이기도 하죠. 부업을 고민하고 계신다면, 오늘 소개해 드린 재택부업 추천 사이트를 통해 첫걸음을 떼어보세요. 생각보다 쉽게 시작할 수 있는 이 기회를 놓치지 마세요!",https://blog.naver.com/uooo123675/223658812752,나의 작은 이야기 공간,20241113,0,4,0,2,2,False
재택부업 성공 후기,기타,고수익알바 사기 재택 부업 피해금 돌려받으려면,"가능한 재택근무”와 같은 문구를 사용해 접근하는 사례가 빈번히 확인되고 있습니다. 이러한 수법은 단순 영상 시청, 댓글·좋아요 작성, 물품 조립, 손부업 등 겉보기에는 부담 없는 업무 형태를 제시하며...",https://blog.naver.com/waityuki/224039645070,법무법인 신결 금융사기 대응TF,20251013,0,6,0,0,6,False
재택부업 성공 후기,기타,재택부업 하루 1시간씩 하는 중(+주부후기),지금 재택부업 하고 있는곳에서 부업 하나 더 시작해보려구요 이건 직접 홍보글을 작성하는건데요... 있는거거든요 재택알바 찾으시는 분들 계시면 한번 알아보셔도 좋을거예요 큰 돈을 한꺼번에 번다기보다는...,https://blog.naver.com/lrqqywomim/222324492905,에듀라이센스 공식 블로그,20210427,0,4,0,0,4,False
재택부업 성공 후기,기타,수입률 높은 재택 부업 N잡러 부수익 추천 당영투게더 후기,요즘 부업 N잡 부수익 관심많으시죠 직장인 월급가지고는 요즘 물가에 살아남기 힘들어요... 이렇게 재택으로 부수입을 하는경우에 내가 일한 만큼 보상을 받지 못하면 어쩌지? 돈이 들어오기는...,https://blog.naver.com/aldud901009/223397033925,호야세상,20240327,0,10,0,2,8,False
재택부업 성공 후기,기타,재택부업 원고작성알바 2개월차 장단점,"알바라는 재택 부업을 알게 되었어요. 절약왕 정약용 채널에서 소개된 여러 부업에 도전을 해보기도... 키워드는 제품, 맛집, 병원, 서비스 등 매우 매우 다양하고, 정보를 설명하는 글과 (정보성) 체험 후기를...",https://blog.naver.com/gomi_dori_/223321897601,수니네집,20240114,0,4,0,0,4,False
재택부업 성공 후기,강의,석고방향제만들기 키트 집에서 배우고 재택 부업 시작했어요~,무엇보다 창업 부업을 위한 강의라 작품 종류도 다양하고 퀄리티가 좋더라구요~ 인기 많은 아이템만... ㅎㅎ 실무에 필요한 것들까지 이해를 하고 넘어가니까 확실히 재택 창업하는 것에도 정보를 많이 얻을 수...,https://blog.naver.com/xodms0515/223549841247,떡굽는사람 맛디댜입니다,20240816,0,6,0,0,6,False
재택부업 성공 후기,기타,레진공예DIY 주부가 선택한 재택부업,ㅎㅎ 그냥 부업도 아닌 수공예 재택부업! 그 중에서 레진공예DIY를 배워서 각종 악세사리와 소품을... 사람들의 후기도 다 좋았고 실제로 받아본 자료들을 보면 그 이유가 느껴져서 신뢰가 갔어요. 회원 등록하기...,https://blog.naver.com/agla1/223494814457,참소나무 나뭇잎편지,20240713,0,4,0,0,4,False
재택부업 성공 후기,강의,재택부업 1위 강의 만드는 방법(feat. 클래스101),""" "" 성격이 급한 사람은 강의 소개를 보기도 전에 강의 후기를 먼저 본다. 왜냐하면 강의 소개야 강사가 당연히 좋게 써놨을 테니 신뢰성이 없다고 생각한다. 재택부업 강의를 평가할 수 있는 유일한 수단은...",https://blog.naver.com/gksksla9/222486404210,아로스의 애드센스,20210828,0,6,0,0,6,False
재택부업 성공 후기,기타,춘천시 서면 중장년 노인 일자리와 재택 부업 안내,5시 재택 부업으로 소득 늘리는 팁 재택 근무는 중장년 및 노인들이 자택에서 소득을 증가시킬 수 있는 이상적인 방법입니다. 최근에는 온라인 플랫폼을 활용하여 다양한 부업 기회를 찾아볼 수 있습니다. 특히...,https://blog.naver.com/x39854/223653343338,유정남,20241109,0,4,0,0,4,False
재택부업 성공 후기,기타,디지털노마드 재택 부업 플레이업,"않고 재택·이동 근무를 하면서 자유롭게 생활하는 사람들을 말한다. 이상의 기준을 살펴보면, 장기간... 오늘 소개해 드리려고 하는 돈 버는 방법 / 재택 부업은 플레이업입니다. 플레이업은 인플루언서...",https://blog.naver.com/eossane9/222786826469,난 운이 좋아,20220624,0,4,0,0,4,False
재택부업 성공 후기,기타,집에서할수있는알바 재택부업으로 강추,재택 부업이랍니다. 제가 이 쉬운 부업을 통해서 어떻게 돈을 버는지 정말 쉬운 건지 수익은 어떻게 되는지 장단점까지 하나씩 알려 드릴게요. 지금 부터! 시작! 저의 재택알바부업 후기랍니다^^ 우선 첫 번째로...,https://blog.naver.com/digitalnomad1004/222098969714,디지털노마드를 꿈꾸는 사람,20200927,0,6,0,0,6,False
재택부업 성공 후기,기타,생일이벤트풍선 배워서 소자본으로 홈창업 시작했어요,"찾아와 후기를 남겨주더라고요^^ 토퍼나 레터링 풍선은 만드는 시간이나 재료, 크기에 따라 가격이 달라지는데 대부분 60%이상 마진이 남고 유통기한이 없어서 재료를 미리 준비해두면 돼요 재택창업을 생각하는...",https://blog.naver.com/nike8319/224266692296,용쓰 수다이야기,20260427,0,2,0,0,2,False
재택부업 성공 후기,기타,울트라셀프 자수성가 지름길 재택부업 왜 안하세요? 가장 빨리...,"이것이 헤이즐넛이 재택을 시작한 이유입니다. 위 후기작성자 분들, 같은 출발 선상에서 시작해 지금은 다른곳에 서계신것같네요. 뭐~ 못할것 있을까요? 왜 쉬우 부자의 길을 스스로 피하고 있나요? #부업 이라는...",https://blog.naver.com/heim_dream/222808621754,돈좀버는 와이프 헤.이.즐.넛,20220712,0,4,0,0,4,False
재택부업 성공 후기,기타,(직장인 부업 추천/재택 부업... 이용 후기/크몽 전문가 서비스...,실제 크몽 이용 후기 / 크몽 장점 실제로 이용을 해보고 나서 느낀 크몽 서비스의 장점은 아래와 같습니다. 전문가 입장 1) 자신의 특기와 전문성을 활용해서 1인 프리랜서로서 온라인상에서 부업을 할 수 있다....,https://blog.naver.com/home10461/222653943726,독학왕 블로그,20220221,0,4,0,2,2,False
재택부업 성공 후기,강의,"집에서 할 수 있는 재택부업! 건강한 일상으로의 복귀, 재활...","참가자들과 함께한 생생한 후기 강의 후 함께 참여한 분들과 나누는 이야기는 저에게 또 하나의 힐링의 시간이 됩니다. 강의 촬영에 대한 소감과 재활 운동을 통해 느낀 변화, 그리고 사진 속 자신의 모습을...",https://blog.naver.com/m2191mmm/223757832648,세상 모든 사람의 가치를 생각하는 이주호입니다,20250216,0,6,0,0,6,False
재택부업 성공 후기,기타,재택부업 잘 할 방법 있을까?,"매일은 시간이 없어서 저도 안되고 한달 한달 제 후기, 느낌 진솔하게 나누어 드릴게요. 궁금하신것은 언제든 콜~~주세요^^ 그리고 아르바이트, 재택근무, 부업, 시간제, 수익 어느것이든 원하시는 분들은 헬로우...",https://blog.naver.com/behappy2015/220172739672,헬로우드림ET,20141105,0,6,0,2,4,False
재택부업 성공 후기,기타,주부재택부업 괜찮네요~,싶어요 제가 하는 주부재택부업 말고도 다양한 종류의 부업이 있으니 꼭 잘 알아보고 본인에 적성에 맞는 좋은 일을 찾으시기를 바랄게요 수공예 제작판매 방법 자세하게 알아보러가기 >> 후기 이벤트에 참여합니다,https://blog.naver.com/jayou1114/222498566002,소소하지만 소중한 일상,20210907,0,4,0,0,4,False
재택부업 성공 후기,기타,드림캐쳐재료만 있다면 재택부업 가능!,"기관으로부터 소정의 수수료를 받고 후기를 작성했습니다 지인 집에 놀러갔는데 신발장 입구에... 손쉽게 부업을 시작할 수 있어요 간단하게 판매할 작품 사진과 설명, 금액 정도만 등록해두면 1:1로 주문이...",https://blog.naver.com/chomujoo79/223792100579,오늘도 행복♡,20250311,0,4,0,0,4,False
재택부업 성공 후기,스마트스토어,스마트스토어 창업 직장인 투잡 재택 부업 #31,* 저는 하루에 퇴근하고 약 2~3시간 정도만 부업에 시간을 투자할 수 있습니다. * 제 목표는 회사를... 쿠팡 라이브 숏츠를 도전해 보고 후기를 공유하도록 하겠습니다!! 지난주부터 이미 많이 핫한 올웨이즈에...,https://blog.naver.com/sorryljk/223182138631,소뱅이네,20230812,0,10,0,0,10,False
재택부업 성공 후기,기타,천연석 비즈 배우고 재택 부업 시작!,실제 후기를 작성한 뒤 소정의 수수료를 받습니다 안녕하세요! 직장을 다니며 아이를 케어하다 아이가... 어느새 부업으로 하고 있답니다 선호하는 연령대의 범위가 넓고 판매량이 꾸준한 아이템이라 한 번...,https://blog.naver.com/nuna2000u/223778917774,나만의 아우라,20250302,0,4,0,0,4,False
재택부업 성공 후기,스마트스토어,쇼핑몰 재택부업 위한 준비를  안내합니다,직장을 다니면서 부업을 찾아 하고 있는 사람들도 의외로 적지 않다고 하죠. 주 52시간 근무를 하니... 쇼핑몰 재택 부업 기업의 절반이 재택근무 중인데 생산성에 차질이 없다고 하네요. 그러나 재택근무가...,https://blog.naver.com/soild8520/222214051808,아스피린,20210121,0,6,0,0,6,False
재택부업 성공 후기,기타,"중요한 이유, 셀린느 마카담 리폼후기 ft.서울명품가방리폼","내 꺼인 듯, 새로운 느낌으로 변신한 리폼 과정과 후기! 지금부터 보여드릴게요! 셀린느 스몰 파니에백_After 서울명품가방리폼, 가수남이 BEST! 짜잔~! 세련된 변신에 성공한 셀린느 마카담 토트백이에요!!...",https://blog.naver.com/bagasman/224261071990,가방 수선하는 남자,20260422,0,0,3,0,3,False
재택부업 성공 후기,블로그,블로그로 돈벌기 재택부업으로 인기만점이예요~,저만 집에서 재택부업 하고 있는줄 알았는데 주위 지인들도 많이 하고 있더라구요!! 재택근무만큼... 블로그로돈벌기가 재택부업으로 정말 인기만점인듯합니다!! 처음에는 아이육아기록이나 상품후기로 살림에...,https://blog.naver.com/queen3392/223773197774,띵글곰돌's 놀이터,20160217,0,6,0,0,6,False
재택부업 성공 후기,기타,문서작성알바 재택부업 집에서 돈벌기수익얼마나?,요즘 재택알바를 알아보고 있는데요^^ 오늘같이 이렇게 무더위가 기승일때는 집에서 한발짝... 편안한 재택부업인것 같아요^^ 시간날때마다 원고작성알바해보고 나중에 또 후기 남길께요~~~^^ 오늘 제글이 많은...,https://blog.naver.com/vos8484/223175707948,하늘별의 생생건강정보,20230805,0,6,0,0,6,False
재택부업 성공 후기,기타,"직장인 부업 시대, 재택부업 하나 추천할게요","있는 재택이 가장 경제적이고, 가장 좋은 세겐 잡이에요. 시간도 돈이고 지출 비용이 적을 수록 수익에 보탬이 되는 건 아시잖아요~ 직장인 부업시대 집에서 가능한 재택부업 하루 1~2 투자하는 성인남녀 누구나...",https://blog.naver.com/soild8520/222222184413,아스피린,20210129,0,8,0,2,6,False
재택부업 성공 후기,기타,재택부업 초보자들이 갖추어야 할것들,안녕하세요 머니서베이 꼬마셀러 입니다 이번 포스팅은 솔찍한 후기를 쓸겁니다 재택부업을... 여기지말라 재택부업은 부업일 뿐이다 일확천금을 생각하고 시작하면 무조건 실패 처음시작하시는 분들은...,https://blog.naver.com/rnjstnsdlfqk/90188300231,꼬마셀러의 세상사는 이야기,20140113,0,4,0,0,4,False
재택부업 성공 후기,블로그,주부라서 할 수 있는 주부재택부업 블로그포스팅알바,지금은 주부뿐만아니라 많은 사람들이 하고 있을 정도로 검증된 일자리로 직장인부업으로도 인기가... 주부재택부업으로 안정된 고정수입을 만들어보세요!! 직접 경험한 후기글을 작성하고 소정의 포인트를...,https://blog.naver.com/digitalnomad1004/222340738352,디지털노마드를 꿈꾸는 사람,20210526,0,6,0,0,6,False
재택부업 성공 후기,기타,재택부업 스타일씨 스마트폰 하나로 돈버는어플 시작해봐요!,내손으로 직접 원하는 상품을 고르고 판매하기 버튼만 탭해서 쉽게 업로드할 수 있는 재택부업 이기... 또 내가 구입한 상품을 직접 리뷰하며 직접 사용해 본 후기를 통해 홍보효과도 내볼 수 있답니다. 편리하게...,https://blog.naver.com/01075663742/222551396196,콩알이네 해피하우스,20211028,0,4,0,0,4,False
재택부업 성공 후기,기타,재택부업사이트에서 주부일자리 구했어요,손부업도 찾아봤었지만 그거는 돈도 안되고 뭄만 상하더라구요. 그래서 어디 괜찮은 주부일자리 없을까... 재택부업사이트를 알게 된 것이죠!!! 집에서 포스팅을 하는 것만으로 웬만한 생활비는 번다는 후기를...,https://blog.naver.com/230bal/220603521941,방글,20160120,0,4,0,0,4,False
재택부업 성공 후기,기타,재택부업 찾는다면 이제 돈버는어플 스타일씨 어때요?,집에서도 편하게 재택부업을 할 수 있고 다양한 제품도 써보고 너무 괜찮은 곳이더라고요!... 생생하게 후기를 남기면 됩니다. 꼼꼼하고 리얼하게 쓰는 게 아무래도 플러스 요인이 되겠죠~!? 이렇게 남긴 후기는...,https://blog.naver.com/mayo0320/222544282678,♥짱구엄마봉미선 뷰티 이야기,20211022,0,4,0,2,2,False
재택부업 성공 후기,기타,생필품만 바꿨을 뿐인데… 평범한 주부가 재택부업으로...,"생필품 바꿨을 뿐인데 매달 보너스 받는 쏠쏠한 재미, 제가 찾은 현실 부업 알려드릴게요. 안녕하세요!... ㅎㅎ 실제로 저의 진솔한 후기를 듣고 제품을 써보는 친구, 이웃들이 생겨나면서 이 캐시백의 규모는...",https://blog.naver.com/jhs9050/224006762705,하윤맘의 이중생활,20250913,0,4,0,0,4,False
재택부업 성공 후기,블로그,재택부업사이트로 돈걱정 이제 안녕!,안녕하세요 저는 집에서 알바를 하며 돈 벌고 있는 30대후반의 주부입니다 알바를 하려고 재택부업사이... 제품 후기 올려주고 제품과 원고료받듯이 저는 제 블로그에 홍보글써주고 홍보수수료를 받는 겁니다...,https://blog.naver.com/coconamoo82/221475913960,'나'를 찾아가는 여행,20190227,0,6,0,0,6,False
재택부업 성공 후기,기타,생일이벤트풍선 배워 재택창업하기,후기를 남겨줘요^^ 토퍼나 레터링 풍선은 만들 때 걸리는 시간이나 쓰는 재료나 크기에 따라서 금액이 다르지만 거의 60% 이상은 마진이 남아요 유통기한도 없기 때문에 재료도 미리 구비해두고요 재택창업을...,https://blog.naver.com/get2no1/224179398499,손끝아틀리에,20260211,0,2,0,0,2,False
재택부업 성공 후기,기타,Faisuro 사기 신고 방법과 동영상 시청 어플 피해 회복 가이드,해당 포스팅은 업체로부터 소정의 고료를 받아 작성되었습니다 최근 재택 부업 시장이 커지면서... “영상만 보면 돈 드립니다” “누구나 가능한 재택 알바” “초보도 하루 수익 가능” 이러한 문구는...,https://blog.naver.com/soda7908/224222399512,영이사랑,20260319,0,6,0,0,6,False
재택부업 성공 후기,콘텐츠,"고민은 슈익만 늦추는 빼박후기 !!! / 베르사체, 구찌홀스빗",교육생 후기 ! 도대체 3개월 왜 고민하셨나요 ? 고민하던 3개월간 더 빨리 했다면 후배님 주머니에... 인스타부업 인스타공구 인플루언서 집에서일하기 비대면일자리 알바구하기 재택부업 재택알바 재택근무...,https://blog.naver.com/nowwlog/224153627705,드림투유 김지금 : 집에서 6억 일지 ❤,20260120,0,4,0,0,4,False
재택부업 성공 후기,스마트스토어,더필코리아 사기 goldplate-m.com 쇼핑몰 후기작성 사칭...,후기작성 사칭 의심이 생기는 구간은 쇼핑몰 부업을 사칭한 더필코리아 사기 정보통신망 쇼핑과 재택근... 쇼핑몰 부업 사칭의 방식 더필코리아 사기는 겉으로는 간단한 재택 부업 프로그램처럼 포장됩니다....,https://blog.naver.com/ferroriya91/224273635014,✅법무법인 주인✅,20260504,0,6,0,0,6,False
재택부업 성공 후기,기타,●지아맘 실제 경험담▶믿고 일할수 있는 재택부업...,"ㅎ 지금 현재 재택부업이 선풍적인 인기를 하고있는데요, 그만큼 이제 인터넷 시대가 바짝 다가왔으며, 머지 않아 우리도 재택일을 직접적으로 하게 된다는거 아닐까요?ㅎ 특히나 부업이라는것은 보통...",https://blog.naver.com/dmsgptbvj/150182869481,내마음이 보이나요♥,20140110,0,4,0,0,4,False
재택부업 성공 후기,스마트스토어,에스엘컴퍼니 사기 후기작성 미션으로 신뢰 형성 뒤 출금제한,"최근 다양한 플랫폼에서 부업을 찾는 사람들이 늘어나면서, 이를 노린 에스엘컴퍼니 사기 유형도 함께... 상품 확인 업무 쇼핑몰 주문 점검 간단 후기 작성 재택 부업 참여 초보 가능 고수익 처음에는 일반 쇼핑몰...",https://blog.naver.com/ddke0/224281944685,법률사무소 진원,20260511,0,8,0,0,8,False
재택부업 성공 후기,기타,코바늘독학으로 수세미뜨는법 완벽 마스터!,후기를 쓰고 기관으로부터 수수료를 받습니다 오랜만에 고향친구를 만났는데 직접 뜬 수세미를 한... 평생 회원 서비스라 꾸준한 재택부업 지원도 받을 수 있어요 코바늘독학 부업 교육 강좌 더 자세히 알아보기>>>>>,https://blog.naver.com/kghic67/223903353633,람쥐씨의 알뜰살뜰 일상이야기,20250618,0,4,0,0,4,False
스마트스토어 성공 후기,기타,성시경 막걸리 경탁주 스마트 스토어 구매팁 연속 2번 성공 후기,경탁주 파는 곳은 네이버 스마트 스토어입니다. 매일 평일 11시에 스마트 스토어를 통해 한정으로... 경탁주 성공 후기 저는 이 방법으로 총 2번의 경탁주를 구입할 수 있었습니다. 택배는 당일 오후 2시 이후에...,https://blog.naver.com/dmsdud8724/223473634793,뇽이 히피 라이프,20240609,0,0,3,0,3,False
스마트스토어 성공 후기,기타,"형부떡볶이 내돈내산 솔직 후기, 스마트 스토어 구매 성공!...","구매 성공했고, 구매 다음 달 바로 택배로 받았다. 배송 완전 빠름 굿(☞ﾟヮﾟ)☞ 원래는 매주 토요일 4시에 스마트 스토어가 오픈했는데 현재 매주 월요일 오후 10시로 시간이 변경되었습니당‼ 구매하시는데...",https://blog.naver.com/jobswan/223807554175,"내가 사는 이야기, 백조로그",20250324,0,0,6,0,6,False
스마트스토어 성공 후기,스마트스토어,"2026년 스마트스토어 시작 방법, 이렇게 하면 성공한다!",스마트스토어는 누구나 쉽게 시작할 수 있는 창업의 기회를 제공합니다. 위에서 소개한 방법들을 참고하여 나만의 스토어를 성공적으로 운영해 보세요! 궁금한 점이 있다면 댓글로 질문해 주세요. 함께 성장해...,https://blog.naver.com/comnict/224269680991,컴앤정보통신 1660-0161,20260429,0,2,3,4,1,False
스마트스토어 성공 후기,기타,"스마트 스토어 성공, 브랜드 스토리텔링이 중요한 이유-창업...",네이버 스마트 스토어를 성공하고 싶은 사장님이라면 브랜딩이 정말! 중요한데요. 브랜딩에서 제일 첫... 비윗유 상세페이지에도 고객 후기를 볼 수 있게 구성했어요. 고객의 사진이나 후기를 활용한다거나...,https://blog.naver.com/hosachin/223787680603,"호주사는친구,헤이즐이야기",20250307,0,0,3,0,3,False
스마트스토어 성공 후기,기타,팝마트 네이버 스마트 스토어... 시리즈 풀박스 구매 성공 후기,7월 25일(금) 오후 3시에 팝마트 코리아 공식스토어 및 네이버 스마트 스토어에서 라부부 인기 시리즈들... 구매 성공 후기는 여기까지! 배송 완료되면 언박싱 후기도 꼭 남겨볼게요  모두 저의 행운 기운 받아서...,https://blog.naver.com/simyung0503/223947760184,일상 모음.zip,20250726,0,0,3,0,3,False
스마트스토어 성공 후기,스마트스토어,네이버 스마트스토어 개설 방법과 비용 발생은?,"스마트스토어는 이미지 품질, 구성 설명, 배송 정책의 명확성이 곧 판매 성과로 이어진다. 여기에 후기 확보, 리뷰 이미지 반영, 재구매 유도 메시지까지 추가하면 작은 스토어도 빠르게 성장한다. 운영하면서...",https://blog.naver.com/parkjs3309/224089298885,소상공인 전문 블로그,20251127,0,2,0,0,2,False
스마트스토어 성공 후기,스마트스토어,성시경 막걸리 경탁주 스마트스토어 구매 성공후기,쳐도 안나오는 이 스마트 스토어 주소 가족들이랑 한잔씩 하고 즐거운 시간 보내기에 딱 좋았던 경탁주! 찐한 쌀막걸리인데 달달함까지 느껴진다하니 막걸리 좋아하시는 분들 추천추천 ~ 다들 막케팅 성공하세유,https://blog.naver.com/minizee_/223390763935,미니지 일상 레시피,20240321,0,2,3,2,3,False
스마트스토어 성공 후기,기타,포천 '장인약과' 파지약과 약게팅 다미당 스마트 스토어 성공후기!,다미당 스토어 두 번째로 구매할 수 있는 다미당 스마트 스토어! 공식 홈페이지보다는 조금 더... ♥ 진짜 저도 새로고침과 무한 연습으로 성공했어요! 모바일로 구매하기가 떴었는데 습관성 엄지 스크롤로...,https://blog.naver.com/heevely__1/223051993042,쩡이 트래블,20230322,0,0,6,0,6,False
스마트스토어 성공 후기,기타,거북이한과 스마트 스토어 약게팅 성공!!! - 온라인 구매제한 및...,바로 성공했습니다ㅋㅋ 출처 - 거북이 한과 스마트 스토어 요번에 보니 10분 정도 여유가 있어서... 때 12일 걸려서 더 빨리 배송 오길 기대해봅니다아앙 나중에 배송받으면 거북이한과 배송 후기로 돌아올게요!!,https://blog.naver.com/joo6392/223171820126,룰루릴라,20230801,0,0,6,0,6,False
스마트스토어 성공 후기,기타,[경탁주] 성시경 막걸리 경탁주 스마트 스토어 구매 성공 후기...,법인 스마트 스토어에서만 판매를 한다고해요 사이트에 들어가보면 경탁주 하나만 판매를 하고... 해요 성공하고 나서 후기를 보니 한 달 만에 성공하신 분들도 있고 몇 달 동안 도전하신 분들도 계시더라구요...,https://blog.naver.com/irineri/223464851898,이리내리님의 블로그,20240531,0,0,3,0,3,False
스마트스토어 성공 후기,스마트스토어,우리밀약과 스마트스토어 약게팅 성공 | 내돈내산후기,요즘 핫한 약과 먹방 유튜버 여수언니가 직접 런칭한 약과브랜드 봄날엔약과 스마트스토어 약과추천 약게팅 약겟팅 성공 약과비교 내돈내산 후기 얼마 전 거북이 한과 개성모약과 약게팅을 성공해서 후기를...,https://blog.naver.com/xejxlog/223083783699,Nyelog,20230424,0,2,3,2,3,False
스마트스토어 성공 후기,스마트스토어,스마트스토어 위탁판매 하는법 개설 현실 비용,"네이버 스마트스토어 센터에서 판매자 가입 신청 사업자등록증 업로드 및 정보 입력 정산 계좌 연결 (개인 통장도 가능) 승인까지 보통 1-2일 소요 4단계: 상품 등록 및 스토어 설정 상품 상세페이지 작성, 배송...",https://blog.naver.com/choibrian/224020028288,최용범 교수의 HRD 블로그,20250925,0,2,0,0,2,False
스마트스토어 성공 후기,스마트스토어,스마트스토어 강의 후기 + 진행 방향 찾기(feat. 그린),"보통 강의는 스마트 스토란? 마케팅이란? 등 원론적인 얘기만 하는데,, 진짜 어떻게 만들고 어떻게 운영하고 어떻게 돈을 버는지(핵심)를 알게 되었던 강의였습니다. 후기 - 진행 방향에 대한 고민을 해결하다...",https://blog.naver.com/soean/222042730694,직장인 서하아빠의 블로그,20200727,0,4,0,0,4,False
스마트스토어 성공 후기,기타,막걸리 경탁주 스마트 스토어 주소 가격 구매 성공 팁 +시음후기,"스마스 스토어 ""제이1 농업회사법인"" 여기서 판매를 하는데 스마트 스토어가 생긴지 얼마 지나지 않아... 성공 꿀팁 정리> 1. 제이1 스마트 스토어 찜 해놓기 2. 나이스아이핀 깔아두기 & 앱 켜놓기 3....",https://blog.naver.com/nm3325/223364433697,ⓒ ranzzu stella,20240225,0,0,3,0,3,False
스마트스토어 성공 후기,스마트스토어,스마트스토어 위탁판매 하는법 이커머스 순위 TOP3,"아무튼, 생생한 스마트스토어 위탁판매 후기, 하는법 소개 드립니다. 1. 위탁판매란 '재고' 보유 없이... '운송장 번호' 스토어에 등록하시는 구조로 '위탁판매' 정말 간단했어요. 어디서 판매해야 하지? 첫...",https://blog.naver.com/catconomy_/224013028633,냥코노미,20250918,0,4,0,0,4,False
스마트스토어 성공 후기,기타,장인한과 세모약과 약게팅 성공후기 다미당 스마트 스토어 꿀팁,"성공후기 짜란!!!!!!★ 처음엔 아무것도 모르고 장인 더 약과 홈페이지에서 월, 수, 금 알람까지 맞춰가면서 한 번도 빠지지 않고 열심히 했지만 3개월 동안 구매를 못했어요 ㅠ_ㅠ 하지만 다미당 스토어에서...",https://blog.naver.com/qorqhfka12/223126509012,Free_life,20230612,0,0,3,0,3,False
스마트스토어 성공 후기,스마트스토어,스마트스토어 초보도 따라하는 요즘 수익 공식,"경쟁은 치열하지만 기회는 있다 스마트스토어 경쟁이 심하다는 말, 맞습니다. 하지만 고객들도 예전처럼 가격만 보지 않아요. 후기, 상세페이지, 신뢰감 있는 스토어 구성이 훨씬 중요해졌습니다. 처음엔...",https://blog.naver.com/chalce7/224086118489,묘한경제연구소,20251124,0,4,0,0,4,False
스마트스토어 성공 후기,스마트스토어,직장인인 내가 부업으로 벌였던 사업 1편 - 스마트스토어 셀러,"국내 스마트스토어에 소싱해 구매대행을 하는 방식이었는데, 당시만 해도 해외직구가 대중화되지 않아 이런 방식의 사업이 꽤 괜찮았던 것 같습니다. 2021년 8월 첫 매출 달성 후기 나도 온라인 셀러 해볼까...",https://blog.naver.com/balahk/224280264297,발악하는 재테크,20260509,0,6,0,0,6,False
스마트스토어 성공 후기,기타,엑스박스 시리즈X 두번째 구매 후기 및 네이버 스마트 스토어...,:-) 모두 엑시엑 구매에 성공하시어 즐거운 게임 라이프를 즐기실 바랍니다. 새것의 박스를 깔 때는... 구매 후기에 대한 부분은 이쯤에서 끝내고 본격 네이버 스마트 스토어에서 엑스박스 시리즈 X를...,https://blog.naver.com/jcarmack/222535877587,Take me to the horizon!,20211014,0,0,3,0,3,False
스마트스토어 성공 후기,스마트스토어,스마트스토어 위탁판매 창업 도매 사이트,"회원가입 후 다양한 상품을 둘러보고, 내 스토어에 등록할 제품을 선택합니다. 6. 상품 등록 7.... 위탁판매 창업후기 스마트스토어과정 도매사이트 도매몰 domae.or.kr 상품등록 온라인판매 매출상승 혼자창업...",https://blog.naver.com/kk0954/223856984198,천사미소,20250506,0,4,0,0,4,False
스마트스토어 성공 후기,콘텐츠,"스마트 스토어 구매 성공, 구매 꿀팁, 구매 방법, 짧은 맛 후기",내 인생에서 처음으로 성공한 약켓팅…! 스마트 스토어 판매는 거북이 한과 인스타그램에서... com/113_8/222950856019 12월 30일까지 발송 예정이라고 하는데 벌써 기대된다 야호 ヾ(*´∇`)ﾉ +) 먹후기...,https://blog.naver.com/113_8/222950866159,113.zip,20221209,0,0,3,0,3,False
스마트스토어 성공 후기,스마트스토어,스마트스토어 입점 교육 진행 후기 전해드려요,안녕하세요 스마트라이프연구학원이예요 스마트라이프연구학원에서는 다양한 출강도... 편집과정 후기를 올려드릴께요~ 스마트스토어 입점 교육 스마트스토어 상세페이지 교육 063-237-1112...,https://blog.naver.com/smartlifelab_/223164700943,전주코딩컴퓨터 스마트라이프연구학원,20230724,0,2,0,0,2,False
스마트스토어 성공 후기,스마트스토어,스마트스토어 성공 큐레이션 by 김회연,"창업관련 스토어관련 그 방향성이 궁금하신 분들은 꼭 한번 읽어보시면 좋을것 같아요 책의 목차 '안정'보다 '도전'으로 얻은 것 누구나 할 수 있는 스마트스토어 특화 생존, 성공 키워드 '멀지 않은 행복'을 만날...",https://blog.naver.com/chssha86/222945158443,다니엘 블로그,20221203,0,2,3,2,3,False
스마트스토어 성공 후기,스마트스토어,"신사임당 스마트스토어, 감격스러운 class１０１완강 후기","스토어 개설, 사업자등록, 통신 판매업 신고 등 간단한 서류작업 2. 배송 환경을 만드는 방법 3. 나에게... 02 진심인 강의 후기 신사임당 스마트스토어 수업의 장점은 ""정말 따라만해도 쇼핑몰이 만들어 진다.""는...",https://blog.naver.com/sevenlove__/222249275446,주미니는 투어중이니,20210219,0,6,0,0,6,False
스마트스토어 성공 후기,기타,"진행 후, 스마트 스토어·쿠팡 셀러로 성공하기 위한 전략!","성공하기 위한 전략! 요즘은 온라인 쇼핑이 오프라인보다 훨씬 활발해졌죠 사람들 대부분이 스마트폰... 후, 스마트 스토어·쿠팡 셀러로 성공하기 위한 전략! 스토어 vs 쿠팡 두 플랫폼은 성격이 달라요....",https://blog.naver.com/whtrading87/224110327764,수출입 무역대행 전문 기업,20251215,0,0,3,0,3,False
스마트스토어 성공 후기,기타,퍼스널 MBA로 배우는 스마트 스토어성공 전략&온라인 창업...,"·스마트 스토어 적용: →고객의 구매장벽 (가격,배송,후기 부족)을 줄이는 전략 필요. →""구매전... 정리하면 ※퍼스널 MBA ※는 ☞스마트 스토에서는 **""상품 기획→마케팅→판매→재구매 시스템→""** 에 적용...",https://blog.naver.com/momsdiary10/224004236495,momsdiary10님의 블로그,20250911,0,0,3,0,3,False
스마트스토어 성공 후기,스마트스토어,"스마트스토어개설, 성공 셀러들이 추천하는 초기 세팅","초기 응대 환경이 미비하면, 아무리 좋은 상품이라도 낮은 평점과 후기 부족으로 성장 속도가... 세팅이 곧 성과다 스마트스토어 개설은 누구나 할 수 있지만, 성공하는 스토어는 세팅부터 다릅니다. 판매자...",https://blog.naver.com/shinec0303/224050842907,상세페이지 제작 전문기업 기획공방,20251029,0,2,3,2,3,False
스마트스토어 성공 후기,기타,데코타일 틈새 보수 스마트 스토어 BEST 후기 모음｜전·후...,"오늘은 제품 설명 대신, 스마트 스토어에서 실제 구매 고객님들이 남겨주신 BEST 후기를 그대로... ✅ BEST 후기 ② – 전체 교체 대신 복원 성공 데코타일 틈이 벌어져 전부 교체해야 할 상황이었지만, 모아사...",https://blog.naver.com/aa100600/224174527503,모아사,20260207,0,0,3,0,3,False
스마트스토어 성공 후기,기타,스토어 연계 소자본 여성창업 성공사례 견학 사업설명회 후기,대구 24시 무인 반찬 카페 프랜차이즈 24H 판다 스마트 스토어 연계 소자본 여성창업 성공사례 견학 사업설명회 후기 안녕하세요? 오늘은 달구벌 여성인력개발센터 E-business 성공사례 기업 견학 실습 4일차!...,https://blog.naver.com/dallmadang/222796940109,어제보다 오늘이...,20220702,0,0,3,0,3,False
스마트스토어 성공 후기,스마트스토어,스마트스토어 운영하기> 챌린지 후기,"네이버 스마트스토어 운영하기 챌린지에 참여하면서 스토어 운영을 조금 다른 시선으로 볼 수 있었습니다. 지금 챌린지 후기를 쓰면서 ,,, 가장 기억에 남는 것은 스마트플레이스를 다뤘던 부분입니다....",https://blog.naver.com/usopo/223999139373,Sophie의 블로그,20250908,0,2,0,0,2,False
스마트스토어 성공 후기,스마트스토어,리뷰 관리를 효율적으로 하는 스마트스토어 방법,리뷰 관리 기본 설정 방법 스마트스토어에서 리뷰 관리를 시작하려면 먼저 관련 메뉴에 들어가는 것이 필요해요. 상품별로 고객이 남긴 후기를 효과적으로 모니터링하는 시스템이 갖춰져 있기 때문인데요....,https://blog.naver.com/psjggang/224287780308,수다파덜의일상,20260517,0,2,0,0,2,False
스마트스토어 성공 후기,스마트스토어,스마트스토어 창업과 식기세척기 세제 후기,"스마트스토어 상품 등록은 생각보다 간단해요. 카테고리 설정하고, 상품 설명 작성하고, 사진 올리기만 하면 돼요. 특히 자신이 직접 사용해본 제품을 등록할 때는 후기와 사용법을 알차게 기록해두면 더 좋겠죠?...",https://blog.naver.com/gigabison5/224177973088,사기피해지원센터,20260209,0,2,0,0,2,False
스마트스토어 성공 후기,스마트스토어,네이버 스마트스토어 베스트리뷰 선정하기: 리뷰수 10...,리뷰이벤트로 사용 후기를 상세하게 작성하는 리뷰가 10% 증가해요! 상세한 리뷰는 상품의 신뢰도를 높여주고 구매할 확률을 1.6배 높여줍니다. [스마트스토어센터] #방법1 : 건 by 건으로 리뷰 개별 선택 후...,https://blog.naver.com/9365031/223940540841,농촌가치높이기,20250720,0,2,0,0,2,False
스마트스토어 성공 후기,스마트스토어,스마트스토어 강의 추천!... 위탁판매 3주 과정 후기,"오늘은 앨리스정님의 스마트스토어 기초, 3주 과정 후기를 남겨보려고 해요. 1주 차 1주 차에는 스마트스토어를 개설하고 사업자 등록과 통신판매 등록 등 실질 판매를 위한 준비 과정을 배우고 스토어 이름...",https://blog.naver.com/readerpurunbyul/222739276545,"Read, Think and just Do!",20220520,0,4,0,2,2,False
스마트스토어 성공 후기,스마트스토어,대구 스마트스토어 쇼핑몰 창업 후기,"좀 더 부지런해지겠습니다 ^^ 스마트스토어 1기, 2기 후기 사진 가져왔어요. 1기 1분, 2기 2분 3기 3분이에요 ㅎㅎㅎ 3기는 현재 진행 중이구요 대구 동성로 시내에서 진행하는 스마트스토어는 매월 1기...",https://blog.naver.com/learnway8/221772849460,"기업, 기관, 학교 워크샵 행사 체험교육",20200115,0,4,0,0,4,False
스마트스토어 성공 후기,스마트스토어,스마트스토어 사업자전환 후기2: 정부24 통신판매업 신고하는...,"그러나 스마트스토어의 일반사업자 전환 최종 관문인, 통신판매업신고 절차가 남아있다. 오늘은 내가 실제로 진행한 통신판매업 신고 후기를 맘겨보려고 한다. ▼ 집에서 편하게 초고속으로 개인사업자등록...",https://blog.naver.com/camoyun/223064900011,카모윤의 뉴아비투스,20230404,0,2,0,0,2,False
스마트스토어 성공 후기,스마트스토어,성공한 어버이날선물추천 정관장 홍삼스틱 부모님 선물 이거다 !,"엄마,아빠 선물은 고르기가 어렵고 막막하게 느껴지더라구요ㅠㅠ 이번 어버이날선물은 성공적으로... 가까운 동네 오프라인 매장이나 온라인 공식 정몰, 네이버 스마트스토어, 간편한 카카오톡 선물 하기 등...",https://blog.naver.com/ssmaa/224276928645,threeboy' blog,20260506,0,2,3,2,3,False
스마트스토어 성공 후기,스마트스토어,스마트스토어 시작! 직장인 사업 후기,"지난 12월부터 스마트스토어를 시작했습니다. 직장 다니면서 알바를 하다 보니 바로바로 돈 들어오는... 다음 포스팅에서는 온라인 판매의 종류, 스마트스토어 사용방법(?)과 그 이후 매출 등에 대해...",https://blog.naver.com/graudium/223326684306,담백한 제이드의 어메이징 스토리,20240118,0,6,0,0,6,False
스마트스토어 성공 후기,기타,두바이 쫀득쿠키 n번째 도전끝에 온라인 택배 주문성공_맛 후기,"후기 11월 14일 금요일에 주문해서 11/18 - 21일 사이에 택배를 발송하는데 저는 21일 금요일, 일주일만에 받았어요. 아이스백으로 꼼꼼하게 포장되어 왔어요. ✔️ 구입 방법 구입처 : 마이머랭 스마트 스토어...",https://blog.naver.com/angelkeh3/224086392832,seize the day♥,20251124,0,0,3,0,3,False
스마트스토어 성공 후기,스마트스토어,"스마트스토어 순위 상승 공식, 상품명 키워드 최적화","리뷰는 ‘양보다 질’, 구매후기 전략이 순위를 좌우한다 스마트스토어 내 리뷰는 단순한 신뢰 요소를... 판매자가 '살아있는 스토어'를 운영하고 있다는 시그널을 네이버에 주는 것이 중요합니다. 7. 실제 변화...",https://blog.naver.com/sjcmkt_b/224041887771,함께 성장하는 마케팅 대행사,20251015,0,2,0,0,2,False
스마트스토어 성공 후기,스마트스토어,"성공 (딸기 쇼트 케이크 추천, 네이버 스마트스토어...",안녕하세요 오늘은 저번 껠끄쇼즈 갸또 시리즈 포스팅에 이어 껠끄쇼즈 레제르 홀케이크  후기를... 미니는 성공해 기대 안 했던(?) 레제르 미니를 먹게됩니다 출처 : 껠끄쇼즈 스마트 스토어 카스텔라처럼...,https://blog.naver.com/gda1122/224125731965,welcometothehyell,20251228,0,2,3,2,3,False
스마트스토어 성공 후기,스마트스토어,스마트스토어 마케팅의 판매특공대 독서후기,"스마트스터어가 매우 생소하신분들도 계시리라 생각합니다. 그렇지만 1도 모르는 사람들이 시작해서... 스마트스토어(스토어팜) 마케팅 저자 임헌수, 김태욱 출판 이코노믹북스 발매 2018.04.12.",https://blog.naver.com/qara66/221411268921,알파캠프의 탐라순력(걸어서 제주도 한바퀴),20181203,0,2,0,0,2,False
스마트스토어 성공 후기,스마트스토어,스마트스토어 위탁판매 시작 하는법 후기 는,"위탁판매 후기 마지막으로 위탁판매 후기 알아보고 끝낼게요. 스마트스토어 위탁판매 시작 하는법 정말이지 간단하죠? 후기를 남기자면, 경쟁의 연속이었습니다. 상품이 한 번 터지면 정말이지 수익은...",https://blog.naver.com/dream_200/223573260644,트레이더푸,20240905,0,4,0,0,4,False
스마트스토어 성공 후기,스마트스토어,네이버 스마트스토어 판매자센터에서 상품 등록하는 방법,"네이버 스마트스토어 판매자센터에서 상품 등록하기 이별은지구 안녕하세요 오늘은, 이별은지구 달력을 첫 상품으로 등록했던 절차를 소개하려고 해요. ( 첫 상품 판매 찐 후기는 다음에! '◡' ) 네이버 스토어...",https://blog.naver.com/erinhottie/222617108841,Erin쌤의 영어와 여행이야기,20220109,0,2,0,0,2,False
스마트스토어 성공 후기,스마트스토어,스마트스토어 창업 후기 1월 성과(2024년),"스마트스토어 창업 후기 1월 성과(2024년) 하루에 1번 제가 듣는 말이 바로, 네이버 레드오션 입니다. 그래서 오늘은 직장 다녀서 스토어 매출 1,000만원 달성한 성과를 공유드리겠습니다. 인증 먼저 하겠습니다...",https://blog.naver.com/salesrevenue/223344667306,유통 거상 민드코,20240205,0,4,0,0,4,False
스마트스토어 성공 후기,스마트스토어,[디저트 추천] 마들젠 카버샌 스마트스토어 2번 구매 성공후기!,ㅠㅠ 후기를 찾아보니 이마저도 아침에 가서 대기표를 받고 사는 정도라고 한다. 그러다가 매주 목요일 스토어팜을 통해 판매를 한다는 소식을 접하고 나의 목표는 어느새 스토어팜 주문 성공이 되었다. 매주...,https://blog.naver.com/editor_lucete/223108310466,루체테의 빛나는 여행,20230522,0,2,3,2,3,False
스마트스토어 성공 후기,스마트스토어,마마아이 스마트스토어 이벤트의 큰 소식당첨자 발표,따로 개별 연락을 미리 드리진 않으니 혹여라도 블로그 혹은 스마트스토어 공지사항을 확인하셨는데 주소 등의 개인정보가 변경되었다면 스토어 톡톡으로 연락부탁드려요~ 이벤트 당첨자의 후기와 경험담...,https://blog.naver.com/mamai80/223385333851,마마아이 천연이야기,20240316,0,4,0,0,4,False
스마트스토어 성공 후기,스마트스토어,스마트스토어 비밀문서 후기(feat.몽골 고비캐시미어 구매대행),"과정에서 스마트스토어비밀문서 블로그를 알게 되었고 블로그에 글을 공지하는 조건으로 1부... (해외,전자상거래,sns마케팅) 스토어명은 공개하지 않습니다 나중에 잘 나갈 때 공개하는 걸루다 ㅎㅎ 엉뚱한...",https://blog.naver.com/merci975/222778625911,춤을 추듯 그렇게,20220618,0,4,0,0,4,False
스마트스토어 성공 후기,기타,강아지 인식표 왓츠디스 스마트 스토어 구매후기,스마트 스토어 주문이 가능해지고 좋아진 점은 아무래도 어떤 디자인이 주문가능한지 한눈에 바로 볼 수 있다는 것인데요! 단점은 인기 많은게 먼저 싹 털려서 줍줍이 어려워졌어요. 하지만 저는 성공했기...,https://blog.naver.com/dallae_sweetdog/224090400363,달래네 식테리어,20251127,0,0,6,0,6,False
스마트스토어 성공 후기,스마트스토어,의정부 장인약과 파지약과 구매성공:: 스마트스토어와 구매꿀팁,궁금하건 먹어봐야 직성이 풀리는 피곤한 성격 이번엔 무려 3주만에 약켓팅에 성공한 장인약과 입니다.... 스마트스토어 원앤온스토어 여기는 장인약과를 인질로 호박약과를 끼워서 팔던데.... 이 밖에도...,https://blog.naver.com/sshhshsh/222907143491,ma favorite,20221022,0,2,3,2,3,False
스마트스토어 성공 후기,기타,스마트 스토어 성공 가능성 60% 이상인 상품 찾는 법 (feat....,"성공 가능성이 60% 이상인 상품을 찾는 법 돈 버는 비밀 ,정다르크의 잘 팔리는 스마트 스토어 상품... 팔다가 후기가 쌓이고 노출순위도 확보됐다 싶으면 도매 업체에 연락해서 가격 협의를 하거나 소싱을...",https://blog.naver.com/yurangmarket/222066396325,yurangmarket님의블로그,20200821,0,0,3,0,3,False
스마트스토어 성공 후기,스마트스토어,스마트스토어리뷰작업 하고자 리뷰비용 알아보고 있다면?,기반의 스마트스토어리뷰작업입니다. 단순히 수치적인 개수만 늘리는 행위는 이제 플랫폼의 AI... 효율적으로 분배된 후기비용 투입을 통해 스토어의 첫인상을 완벽하게 성형해 두면 이후에 진행하는 모든...,https://blog.naver.com/flpw6bb2soc31/224248726988,물이좋아,20260411,0,2,0,0,2,False
스마트스토어 성공 후기,기타,네이버 스마트 스토어 창업 성공하고 싶다면,"우선 가장 먼저 해야할 점은 다영한 영역에 노출이 되기 때문에 스토어를 잘 꾸미고, 스토어 브랜드의... 여러분의 네이버 스마트 스토어 창업 효율적으로 성공시켜 드리겠습니다. 감사합니다.",https://blog.naver.com/cholove2114/223024429214,애드런,20230222,0,0,3,0,3,False
스마트스토어 성공 후기,스마트스토어,그냥 팔지 말라 스마트스토어 - 맥작가,"스마트스토어는 고객이 브랜드 랜딩페이지(브랜드 스토어)가 아닌 개별 상품의 상세페이지로 직접... 업로드 직후 스마트폰으로 직접 확인하여, 3초 이내에 제품을 직관적으로 인식할 수 있는지 점검해야...",https://blog.naver.com/teincept/224248201084,지식창고를 만들자!!!,20260410,0,2,0,0,2,False
스마트스토어 성공 후기,스마트스토어,"네이버 스마트스토어 판매자센터 개인판매자 창업, 사용법...",낮은 스토어라는 생각이 듭니다. 특히나 네이버에서는 우리나라의 온라인 전자상거래시장을 독점하기 위해서 많은 노력을 하는 지라 이렇게 스마트 스토어를 개설하는 것은 물론 셀러와 구매자를 모두 모으는...,https://blog.naver.com/chois909/222211958112,"뷰스타 카민 뷰티, 패션, 일상",20210119,0,2,0,0,2,False
스마트스토어 성공 후기,기타,파워셀러로 네이버 스마트 스토어 시작하기 도서 솔직 후기,아무래도 스마트 스토어가 단순히 상품을 올리고 기다리는 것만으로 성공하기는 어려울텐데 이... 스스로 스토어 운영 방식을 이해하고 개선할 수 있는 방향으로 이끌어 주는게 좋았어요 특히나 실제 사례와...,https://blog.naver.com/heeeeyyy/223633806636,호밍,20241026,0,0,3,0,3,False
스마트스토어 성공 후기,기타,스마트 스토어에서 성공하기 위한 팁과 전략,본 글에서는 스마트 스토어를 성공으로 이끄는 팁과 전략을 소개합니다. 스마트 스토어에서 성공하기... 정기적인 스토어 최적화 변화하는 시장과 고객의 기호에 맞추어 최적화를 지속적으로 진행해야 성공할 수...,https://blog.naver.com/rm0t123q/223151658249,리트머스,20230710,0,0,6,0,6,False
스마트스토어 성공 후기,스마트스토어,결혼 프로포즈 이벤트 추천 답프로포즈 용품 성공 후기,"결혼 프로포즈 이벤트 추천 답프로포즈 용품 성공 후기 결혼 프로포즈 이벤트 추천 답프로포즈 용품... 선물은 후기가 17,000개 이상 쌓여 있고 2017년부터 2025년까지 네이버 스마트스토어 기준 9년 연속 판매수...",https://blog.naver.com/a868978a/224252907039,⭐⭐✅⭐✅발롱도르메시✅⭐✅⭐⭐,20260415,0,2,3,2,3,False
스마트스토어 성공 후기,스마트스토어,[집밥일기]경탁주 스마트스토어 구매팁 / 경탁주 안주추천...,"언박싱 후기 배송기간] 6/19일에 경탁주 구매에 성공 했는데 다음날 20일 아침에 도착했답니다! 하루밖에... 국내산 쌀 100 % 만들었다니 더 기대가 됩니다 [경탁주 스마트스토어 성공후기, #경탁주꿀팁 ]...",https://blog.naver.com/yoo-gane/223491916233,유가네닭갈비 공식블로그,20240626,0,2,3,2,3,False
스마트스토어 성공 후기,스마트스토어,"스마트스토어 창업, 화장품 브랜드 만들기 '팔려고 하지 말고...","시작법 스마트스토어도 마찬가지예요. 대부분은 스토어를 개설하고 어떻게 팔지? 하며 막막해 하시지만... 3.공구 오픈 공지 인스타그램, DM으로 공구 일정 알리기 4.공구 운영법 소량 공구 → 후기 확보 → 재오픈...",https://blog.naver.com/oh_cafeware/223950155696,오은환의 블로그,20250728,0,2,0,0,2,False
스마트스토어 성공 후기,스마트스토어,경탁주 스마트스토어 구매팁 내돈내산 후기(+가격),ㅋㅋ 직접 마셔본 후기와함께 구매성공 꿀팁도 포함했으니 오늘 포스팅 끝까지 봐주세용  경탁주 스마트스토어 구매팁 내돈내산 후기(+가격) 경탁주 검색하면 사이트가 바로 나오긴한데 구매처 궁금하실...,https://blog.naver.com/arang_20a/223661000182,취미부자 아랑,20241115,0,2,3,2,3,False
스마트스토어 성공 후기,스마트스토어,"추천, 촉촉한 아기로션으로 베이비로션 태열 관리 성공하기","신생아로션 추천, 촉촉한 아기로션으로 베이비로션 태열 관리 성공하기 글 사진 / 라콩이 안녕하세요!... 총평 및 스마트한 구매 팁 현재 퓨어솜 네이버 스마트스토어에 방문하시면 최대 5천 포인트 이상 적립...",https://blog.naver.com/imgasina/224290031984,Rahee 제주살이_❤️,20260519,0,2,3,2,3,False
스마트스토어 성공 후기,스마트스토어,스마트스토어위탁판매 시작부터 성공까지 간단히 알려드려요,스마트스토어위탁판매로 쉽고 편하게 시작하고 성공하고 싶으시다면 전자동 프로그램 추천드릴테니 꼭 알아보세요 스마트스토어위탁판매 간단히 시작하고 성공하는법 솔직후기 작성후 소정의 수수료를 받습니다,https://blog.naver.com/safflower13/223592589330,Safflower,20240922,0,2,3,2,3,False
스마트스토어 성공 후기,스마트스토어,네이버 스마트스토어 성공 전략 7가지 추천 도서 비교 분석...,"판매량이 많은, 후기도 좋은, 가성비도 좋은 ""2023 네이버 스마트스토어 실전 마케팅 개정판, 다온북스... 메일주소 *******@naver.com 네이버 스마트스토어 성공 전략 7가지 : 추천 도서 비교 분석 네이버...",https://blog.naver.com/ouxjeqfqs721/223573169940,ouxjeqfqs721님의 블로그,20240905,0,2,3,2,3,False
스마트스토어 성공 후기,스마트스토어,[스마트 스토어 창업]n잡러 운영해본 후기 _아이템 /매출,N잡러 스마트스토어 도전 후기 스마트스토어 쇼핑몰 강의 한번도 듣지않고 사이드잡으로 온라인 판매... 마침 졸업시즌이라 부랴부랴 샘플을 만들어 사진을 찍어 올렸답니다 스토어 강의나 교육은 한번도...,https://blog.naver.com/bitnada_garden/223374274758,반짝반짝 빛나는 일상,20240305,0,12,0,0,12,False
스마트스토어 성공 후기,스마트스토어,두바이쫀뜩쿠키 맛집 택배 배달 가능한 곳 추천 내돈내산 찐 후기,바로 두쫀이라는 스토어인데요. 진짜 너무나 감사하게도 집 근처에 매장이 있더라구요. 제가 방문한... 가격도 그렇게 부담스러운 수준은 아니어서 더 좋아요 :) 네이버 스마트스토어 후기들 보니까 다들...,https://blog.naver.com/dmsql1490/224194268127,찬찬히 잘먹는 블로그,20260224,0,4,0,2,2,False
스마트스토어 성공 후기,기타,스마트 스토어 부업 - 경력단절 주부 현실후기,"스마트 스토어 부업 경력단절 주부 현실후기 10년 경력단절 주부, 스마트 스토어 부업 시작해봤어요... 마케팅을 전혀 하지 않으니, 제 스토어는 아무도 찾지 않는 외딴 섬 같았어요. 겨우 어렵게 주문이 들어와도...",https://blog.naver.com/rjseor/223987552634,"성장할 준비, 출발점에 서다.",20250829,0,2,0,0,2,False
스마트스토어 성공 후기,기타,여수언니 봄날엔 약과 스마트 스토어 약케팅 성공 !!,"스마트 스토어에서 판매 중입니다 ~ 4월 구매 당시에도 화요일마다 오픈했는데 아직도 매주... 그 위에 우유 맛 아이스크림을 올린 후 기다렸다가 먹으면 겉은 단단, 속은 촉촉하고 맛있는 약과를 즐길 수...",https://blog.naver.com/akooong/223109649377,들짜기블로그,20230524,0,0,3,0,3,False
스마트스토어 성공 후기,기타,못난이약과 파지약과 성공!(다미당 스마트 스토어팜 주소),"^^ 다미당 장인한과 못난이 약과(파지약과) 구매 성공 팁 사실 팁이라고 할 것까지는 없지만 그래도 후기를 몇 자 써보겠습니다. 다미당 스마트 스토어에서 장인한과 못난이 약과(파지약과), 삼각형 약과는...",https://blog.naver.com/zovo/222843888287,zovo's world,20220809,0,0,3,0,3,False
스마트스토어 성공 후기,스마트스토어,기업들 대응은? - 스마트스토어 셀러 상위노출 매모판 HOT NEWS,"플랫폼, 스마트 물류 관리 툴 등을 적극적으로 도입해서 기존 스토어 운영 효율성을 극대화하세요.  AI... 이용하기  #네이버플러스스토어 #네이버플러스스토어멤버십 #네이버스마트스토어...",https://blog.naver.com/connexioh/223837140832,"매일의 모든 판매, 매모판",20250420,0,2,0,0,2,False
스마트스토어 성공 후기,스마트스토어,스마트스토어 마케팅책 후기,"요즘~ 쇼핑몰 하면 스마트스토어 인가요, 빼 놓을 수가 없을 거 같아서 #스마트스토어 마케팅책을 읽고 왜 스마트스토어를 해야 되는 지를 알기 쉽게 쓴 책이라는 것을 알게 되었어요. ^^ 표지만 봐도...",https://blog.naver.com/kyoung37/221340211097,김미경 AI 스마트폰교육010-9909-1533,20180816,0,4,0,0,4,False
스마트스토어 성공 후기,스마트스토어,스마트스토어 가품 환불 절차 네이버페이 직권 환불 받은 후기,"있다는 후기를 보고 자세히 살펴봤더니 진짜 본드칠이 보였어요..! 반면 기존 가지고 있는 정품 제품은... 되면, 스토어를 닫아버리는 수법이라고 하더군뇨 스마트스토어 운영종료 화면 구매확정 연기...",https://blog.naver.com/knitjy/223531967833,홍실이와 홍이언니,20240731,0,2,0,0,2,False
스마트스토어 성공 후기,스마트스토어,스마트스토어 새우장 추천!... 인생밥상 '까졌다 새우장' 맛 후기,"지금부터는 제가 직접 먹어본 까졌다 새우장 리얼 후기, 솔직하게 공유해볼게요! 스마트스토어에서... 본격적으로 먹기도 전에 이미 반은 성공한 느낌이었달까요?  그다음으로 맛본 건 이름부터 강렬한 불타는...",https://blog.naver.com/yeeneeworld/223911146092,이니월드 YEENEEWORLD,20250625,0,2,3,2,3,False
스마트스토어 성공 후기,스마트스토어,스마트스토어 상세페이지는 이렇게 만들어야 실패하지 않습니다,"강릉 스마트스토어 상세페이지 3. 리얼 후기와 사용 이미지로 신뢰감 얻기 반드시 명심하셔야 할 것은, 상세페이지에서는 텍스트보다 이미지 요소가 훨씬 더 강하게 고객들께 어필한다는 점입니다. 실제 사용...",https://blog.naver.com/pentoday/223875017208,로고스커뮤니케이션,20250523,0,2,0,0,2,False
스마트스토어 성공 후기,기타,"늘씬자피 후기｜4kg 감량 성공, 늘씬자피 베이직 vs 다이어트...",이번에는 다이어트 성공 후기를 작성해보려해요 작년 겨울 시작부터 1월까지 유독 살이 많이... 네이버 스마트 스토어도 가능하니 참고해보세요! ▽늘씬자피 다이어트 구매처▽ #늘씬자피 #늘씬자피후기...,https://blog.naver.com/evertt/224188477596,슬기로운 생활,20260219,0,0,3,0,3,False
스마트스토어 성공 후기,스마트스토어,12화_스마트스토어 창업 농산물 위탁판매 도전,스마트스토어로 벌금을 낼 상황도 겪게 되면서 매출은 줄어만 가고 있었다. 꼼수로 상품 제목을 적은건... 그리고 후기들을 분석했다. 우리가 가지고 있는 장점은 뭔지도. 난나님의 상세페이지 강의도 들었고...,https://blog.naver.com/meyou27/222975226344,재테크와 함께 성장하는 이야기,20230105,0,6,0,0,6,False
스마트스토어 성공 후기,스마트스토어,스마트스토어 위탁판매 후기 4개월 새싹 등급 달성,처음에는 AI 프로그램과 내 스토어를 연동하는 과정에서 약 3~4일이 소요됐어요. 판매자 등록 절차도 꽤... 스마트스토어 위탁판매 후기 수익 구조와 정산 시스템 스마트 스토어 위탁판매의 수익 구조는 생각보다...,https://blog.naver.com/ntpnef7539/223961788219,HAPPYDREAM,20250807,0,4,0,0,4,False
스마트스토어 성공 후기,스마트스토어,스콘 케이콘 휘낭시에 최강 맛집 · 스마트스토어 택배 후기,나 자신 칭찬해 ★ (스마스스토어는 맨 하단에 올려둘게요!) 두바이 초콜렛 케이콘 * 2 휘낭시에(플레인... 찾는다면 스마트스토어 ↓↓ 소개합니다 #은비스브레드 #스콘 #휘낭시에 #은비스브레드본점...,https://blog.naver.com/luckysom_/223790992329,somground,20250310,0,2,0,0,2,False
스마트스토어 성공 후기,스마트스토어,마케팅형 블로그 스마트스토어 프리패스 온라인마케팅 교육 후기,"블로그 스마트스토어 등 교육 후기 바로 소개해드릴게요 마케팅형 강의 마케팅형 유명 강사이신 강성진... 온라인스토어 운영하는것 외에도 인스타, 유튜브, 쿠팡, 네이버플레이스 등 상위노출과 키워드분석...",https://blog.naver.com/qlcjstk1111/223308658585,"응깨비 맛집,여행 일상기록 :)",20231231,0,8,0,0,8,False
스마트스토어 성공 후기,스마트스토어,"스마트스토어 마케팅, 실사용자 기반으로 시작해야 성공합니다!","연동 후기 리포트 + 트래픽 통계 제공 따라서 어뷰징 걱정 없이, 검색 최적화 → 신뢰 지표 확보 → 전환 상승까지 설계가 가능합니다.  이런 분께 추천합니다 스마트스토어 마케팅 처음이신 분 스토어 찜...",https://blog.naver.com/hello_232/223937359844,마케통쾌 | 마케팅의 시원한 돌파구,20250717,0,2,3,2,3,False
스마트스토어 성공 후기,스마트스토어,구매후기 (오프라인 팝마트 고양/ 스마트스토어/ 구매공지...,"각설하고 복귀 첫 포스팅은 요즘 가장 핫한 라부부 구매, 언박싱 후기 갑니당 =3 ✅요즘 대란템... 공홈,스마트스토어 진짜 맨날 들락날락하고 팝마트 글로벌에서 맨날 하이라이트 구매 실패하는 지경에...",https://blog.naver.com/bangbang_zip/223917175437,Bangbang.zip,20250630,0,2,0,0,2,False
스마트스토어 성공 후기,스마트스토어,너무 만족스러운 스마트스토어 로고 디자인 주문 제작 후기,스마트스토어 로고 디자인 상상디자인 안녕하세요 여러분! min입니다. 제 블로그 디자인에 변화가 생겼는데요!! 바로 블로그명인 archive min 로고 디자인이 생겼어요 >_스마트스토어 로고로...,https://blog.naver.com/joel004/223338626270,Archive min,20240130,0,4,0,0,4,False
스마트스토어 성공 후기,스마트스토어,"스마트스토어, 알리익스프레스 취스탁 새로고침 구매 후기...","구매 후기 처음에 갖고 싶었던 키링은 파워퍼프걸 토끼블로섬으로 시작 하지만 품절이 풀리지도 않고, 크림에서 그 가격으로 구매하긴 싫더라구요 그래서 스마트스토어를 보면서 선셋 귀여워보인다 하면서...",https://blog.naver.com/eunseo009/223988064575,잉떠로그,20250829,0,2,0,0,2,False
스마트스토어 성공 후기,기타,부산 시스루찐빵 포장 성공 후기 부평 깡통시장 먹거리 추천,부평 깡통시장 먹거리 추천 부산 시스루찐빵  포장 성공 후기 안녕하세요. 여러분들의 여행 계획이... 스마트 스토어에서 주문이 가능하더라구요. (스마트 스토어 주소는 댓글에 남겨두겠습니다! ) 직접 방문이...,https://blog.naver.com/misoonlog/224098274846,트립플래너,20251204,0,0,3,2,1,False
스마트스토어 성공 후기,스마트스토어,스마트스토어(스토어팜) 마케팅 독서후기 (판매특공대),"스마트스토어(스토어팜) 마케팅 저자 임헌수, 김태욱 출판 이코노믹북스 발매 2018.04.12. 스마트스토어(스토아팜)마케팅 책이 나온 것은 알고 있었지만, 차일 피일 미루다가 이제야 드디어 읽게 되었습니다. 책을...",https://blog.naver.com/ratnagirl/221392250628,스투키 스타일,20181105,0,2,0,0,2,False
스마트스토어 성공 후기,스마트스토어,신생아 옆잠베개 사용시기 애끼누 통잠성공 실사용 후기 및...,"숙면 시간이 길어지고 있는 토리 ❤ 60일 이후부터 밤엔 6시간 이상 자주고 있어서 증맬루,, 감사합니다..⭐ 좀 더 일찍 써볼걸 싶을 정도로 괜찮은 육아템이라 아주 적극 추천⭐ ✅ 애끼누 옆잠베개 스마트스토어",https://blog.naver.com/hj_guriming/224086347788,워킹맘 현구리의 일상 리뷰록,20251128,0,2,3,2,3,False
스마트스토어 성공 후기,스마트스토어,스마트스토어 2년여 운영 후기,여러 이유가 있겠지만 오늘은 2년 정도 운영한 소회를 정리해 보고 앞으로도 스마트스토어를 운영하는 분들께 도움 될만한 이야기들을 조금씩 풀어보고자 한다. 그리고 아마도 내 스토어에 관심 있는...,https://blog.naver.com/seg_korea/223862012081,seg | 라이프스타일 큐레이션,20250511,0,2,0,0,2,False
스마트스토어 성공 후기,스마트스토어,둘째육아필수템 소베맘 기저귀갈이대 3세대 내돈내산 후기,기갈대 후기 2세대보다 더 튼튼하게 오픈형 수납함을 잡아주어 덜 흔들거리더라구요! 더 깊어지고... 출처 소베맘 스마트스토어 소베맘 기갈대는 슬라이딩 버튼이라 버튼을 누른 채 쉽게 올리고 내리며 3단계...,https://blog.naver.com/msn4522/224290051208,"임신부터 육아까지, 간호사 엄마의 일상",20260519,0,2,0,0,2,False
스마트스토어 성공 후기,기타,스마트 스토어 한 달차 후기. 스마트 스토어의 어려움 현실...,"(어려운 점을 위주로 작성하였으나, 분명히 스마트 스토어로 성공하신 분들도 있고 돈을 벌고 계신 분들도 있습니다. 참고만 부탁드립니다 ㅎㅎ) 1. 완전한 무자본 창업이 아니다. ㄱ. 사업자 등록을 하고...",https://blog.naver.com/dmsgur002/223331459086,혁이네,20240123,0,0,3,0,3,False
스마트스토어 성공 후기,스마트스토어,스마트스토어 경쟁 심한 아이템에서 살아남는 전략,"고객들이 상품을 구매하면서 가장 궁금해하는 정보를 상세히 설명하고, 실제 구매 후기나 사용 사진을... 스마트스토어 경쟁 심한 아이템, 현실 전략으로 성공하자 스마트스토어 경쟁 심한 아이템에서 살아남는...",https://blog.naver.com/period_186/223848958006,마케팅 에이전시 스튜디오피엘,20250429,0,2,3,2,3,False
스마트스토어 성공 후기,스마트스토어,"한효주,김대명 김 - 소문난 할아버지김 - 스마트스토어 구입 후기",매장 -영등포점- -왕십리점- 스마트스토어 김겟팅 꼭 성공하셔서 드셔보세요!! 그게 싫다면 오프라인매장에서 구입도 추천드려요!! 지금까지 맛있는건 같이 먹고 싶은 오지라퍼의 내돈내산 후기였습니다.,https://blog.naver.com/ordinarydays35/223797415253,오늘도 맑음,20250315,0,2,3,2,3,False
스마트스토어 성공 후기,기타,월 100만원 현금흐름 스마트 스토어 챌린지 1기 후기,내가 느끼는 스마트 스토어 챌린지 1기 1일 1미션 1일 2~3가지 꿀팁 발사 당근과 채찍 (포기와 좌절은 절대 없다) 생생한 실패와 성공 경험담 찐 소통 스토어로 월 100만 원 현금흐름 만들는 노하우 방출 사람...,https://blog.naver.com/fchongii/222991584071,오십 다시 시작 프로젝트 | 가슴 뛰는 삶의 기록,20230123,0,0,9,0,9,False
스마트스토어 성공 후기,스마트스토어,[Q&A] 스마트스토어 빅파워 등급/ 1인 온라인 쇼핑몰 운영 최근...,"매월 첫째 날에는 네이버에서 스마트스토어 판매자들에게 판매자 등급/ 굿서비스 여부/ 빠른 정산... 온라인 스토어를 개설하셨다면 반찬을 자주 사먹는 바쁜 워킹맘, 혹은 젊은 직장인 분들을 타겟으로 그들이...",https://blog.naver.com/mini8239/222662162707,미니프랑(미나),20220302,0,4,0,0,4,False
스마트스토어 성공 후기,스마트스토어,스마트스토어 리뷰 가구매 후기 마케팅 비용 효과 방법,"단순히 상품 상세 페이지를 화려하게 꾸미는 것을 넘어, 실제 사용자들이 남긴 진솔한 후기들이 쌓여야 비로소 고객들은 그 스토어에 대한 믿음을 갖게 됩니다. 이러한 측면에서 긍정적인 스마트스토어 리뷰는...",https://blog.naver.com/splash10762/223918093892,들꽃처럼,20250701,0,2,0,0,2,False
스마트스토어 성공 후기,스마트스토어,스마트스토어 창업 후기 : 공급처에 역제안 하게 되기까지,^^ 스마트스토어 창업 후기 3 그렇다고 포기할 수 없죠. 본사에 전화 몇번 해도 안되니 판매중인 스토어에 전화해봅니다. 공급받는 방법 많이들 물어보시는데 별거있나요. 전화죠.ㅎㅎ 이게 공급받는 가장...,https://blog.naver.com/sydki/223259764943,N잡뇽키,20231109,0,2,0,0,2,False
스마트스토어 성공 후기,스마트스토어,스마트스토어위탁판매 후기겸 추천,스마트스토어위탁판매 후기겸 추천 스마트스토어 위탁판매 시작하기 불경기에 공예 창업이나 소형... 성공적인 스마트스토어 운영자들은 꾸준한 설문조사 알바와 같은 소득으로 초기 자금을 모아 더 큰...,https://blog.naver.com/identical6211/223895975249,세상에서 가장 쉬운 당근부업,20250705,0,2,3,2,3,False
스마트스토어 성공 후기,기타,스타벅스 베베드피노 MD 구입 후기 우비 오픈런 성공,"구매 성공!! 구성은 ‘워터풀 빅백 + 판초타월’로 되어 있었고요, 실물이 너무 예뻐서 박스를 뜯자마자 감탄했어요. 물놀이세트 후기 워터풀 빅백 겉은 투명 PVC 재질이라 여름 분위기 물씬~ 안에는 방수가 되는...",https://blog.naver.com/chooravel/223912333591,워킹맘 츄장의 틈만나면 여행육아,20250626,0,0,3,0,3,False
스마트스토어 성공 후기,스마트스토어,[2018-34]스마트스토어(스토어팜)마케팅 -스마트 스토어 교육,"~~~ '' 스마트스토어(스토어팜) 마케팅 저자 임헌수, 김태욱 출판 이코노믹북스 발매 2018.04.12. 이렇게.. 책 후기로 토요일 저녁을 마무리합니다~~~ 이웃님들 즐거운 저녁 되세요.",https://blog.naver.com/maxfull0/221359714864,알파N잡의 행복,20180915,0,2,0,0,2,False
스마트스토어 성공 후기,스마트스토어,소쿠리디저트 두바이 쫀득쿠키 스마트스토어 택배 구입 후기...,"워낙 디저트로 유명한 곳이라 늘 궁금했는데, 이번에 옆지기가 스마트스토어 택배 주문에 성공해 준 덕분에 드디어 집에서 편하게 맛보게 됐다. 기다림 끝에 도착한 디저트 택배. 주문하고 설레는 마음으로...",https://blog.naver.com/babymingz/224107515296,cosmic latte,20251212,0,2,3,2,3,False
스마트스토어 성공 후기,스마트스토어,6개월차 스마트스토어 운영 후기,오늘은 좀 편하게 글을 써보겠음다 ^^ 이번달까지 딱 6개월차 되는 스마트스토어 초보 셀러의 살얼음같은 후기 준비되셨슴까? 새로운 사업자 등록 ! 2022년 11월 29일 스마트스토어를 시작 이전에 구매대행도...,https://blog.naver.com/timeseller_/223107727246,타임셀러 | 사업과 투자로 인생의 진짜 시간을 사자,20230521,0,2,0,0,2,False
스마트스토어 성공 후기,스마트스토어,네이버플러스 스토어 상위노출 총정리 - 스마트스토어 셀러를...,스마트스토어 및 플러스스토어에서 여전히 가장 중요한 것은 상위 노출입니다. 출처 - 유튜브 TV 임쓰 상품명 강의 후기 ⭐ 셀러 대비 전략 동영상 및 숏폼 콘텐츠화 - 자체 제품 홍보 콘텐츠를 기획 및 제작해...,https://blog.naver.com/connexioh/223802147535,"매일의 모든 판매, 매모판",20250319,0,8,0,0,8,False
스마트스토어 성공 후기,스마트스토어,과일위탁판매 초보 농장소싱 스마트스토어 후기,과일전문가가 직접 코칭해주는 과일위탁판매 스마트스토어는 과연 어떨까요? 초보셀러분들 3분을 모시고 직접 농장 소싱과 중매인 공판장 소싱을 해보았습니다. 일단 스마트스토어 강의를 열심히 하고 직접...,https://blog.naver.com/success212/223027518276,과일전문가,20230225,0,4,0,0,4,False
스마트스토어 성공 후기,스마트스토어,핑계고 시상식 할아버지김 후기 / 한효주 김 스마트스토어...,내돈내산 후기를 남겨보려고합니다 할아버지김 구매에 도움이 되시길 바라며 지금부터 후기... 구매사이트(스마트스토어) 그럼 지금부터는 할아버지김 구매방법을 알려드릴게요!! 할아버지김 구매사이트...,https://blog.naver.com/jhj_1116/223295250184,짤랑이의 맛돌희,20231217,0,2,0,0,2,False
스마트스토어 성공 후기,스마트스토어,순수익 월 100 번다는 스마트스토어 강의 후기(feat.스테디킴),"올 초 깨로라미가 함께 스마트스토어 강의를 들었는데요. 미킴님이 작년 연말에 해당 강의 이야기를... 부분으로 스토어 소매상에서 end user까지 판매, 이동하는 부분에 대한 프로세스를 보고 이해를 넓히기 위해...",https://blog.naver.com/kuk1214/223160971536,라스트로의 돈벌래,20230719,0,6,0,0,6,False
스마트스토어 성공 후기,스마트스토어,[유튜버신사임당] 스마트스토어 강의 비교 후기,4개의 스마트스토어 (정확히는 전자상거래 도소매업이라고 해야 할까요?) 강의를 들었습니다. 들은 강의들의 비교 후기를 남기니 어떤 강의를 들어야 하나 고민하시는 분들께 도움이 되었으면 좋겠습니다. 1....,https://blog.naver.com/be1stwind/221659261049,바람의색상의 부스타그램,20190925,0,4,0,0,4,False
스마트스토어 성공 후기,스마트스토어,성시경막걸리 : 경탁주 후기 스마트스토어 바로가기,드디어 나도 써보는 경탁주 후기! 애주가로 유명한 가수 성시경님이 만들어서 유명해진 경탁주! 아직은... 기대감을 상승하게 마든 경탁주 구입방법 경탁주는 현재 스마트스토어에서만 구입가능한데 인터넷...,https://blog.naver.com/rainbowtown105/223398075252,A lot of treasures,20240328,0,2,0,0,2,False
스마트스토어 성공 후기,스마트스토어,스마트스토어대행사 제대로 고르는 방법,"스토어는 다 잘됐어요""처럼 막연한 말만 하거나, 구체적인 데이터 제공을 거부하는 업체라면 한 번쯤 의심해 봐야 해요. 스마트스토어대행사 검증방법의 기본은 숫자로 대화하는 것이에요. 온라인 후기도 꼭...",https://blog.naver.com/buddychun/224224379958,블로그 도깨비,20260321,0,2,0,0,2,False
스마트스토어 성공 후기,스마트스토어,약국 기미크림 잡티 제거 레가토닝 사용 후 피부 변화 후기,"네이버 셀폰즈 공식 스마트스토어 알림 설정으로 조금 더 합리적인 가격에 만나볼 수 있다고 하니 이런 부분도 참고하시면 좋을 것 같아요. ♥ 오늘도 읽어주셔서 감사하고, 다음에 또 솔직한 후기 들고 올게요...",https://blog.naver.com/hotktje/224289346057,연두야 사랑해♥,20260519,0,2,0,0,2,False
스마트스토어 성공 후기,기타,넘김이 부드러운 성시경 막걸리 경탁주 스마트 스토어 구매 후기,네이버 구매 이틀 만에 성공해서 친구도 약 올리고 아주 즐거운 후기 가겠습니다  짠 구매한 바로... 구매는 아래의 내돈내산 인증을 누르시면 스마트 스토어로 연결되요! 그냥 검색창에 경탁주로 검색하면...,https://blog.naver.com/lavit21c/223434396831,나나난냐냐냠,20240505,0,0,3,0,3,False
스마트스토어 성공 후기,스마트스토어,스마트스토어 위탁판매 현실과 실제 후기,한 가지 제품을 파는 사람이 엄청 많거든요 최저가도 아닌 데 내 스토어에서 팔릴까 싶더군요 안그래도... 하는 스마트스토어 위탁판매 자세히 알아보기 >>> 리뷰 작성 후 기관으로부터 일정 댓가를 받습니다,https://blog.naver.com/hosuk6564/223096289671,당신은 이 시대의 멋쟁이,20230509,0,2,0,0,2,False
스마트스토어 성공 후기,스마트스토어,스마트스토어 부업 시작하고싶다면,"저는 제품을 사이트에 소싱하고 재고파악, 마진율 조정 등으로 전체적인 스토어의 관리를 자동으로... ai 프로그램 도움받아서 스마트스토어 시작하기 >>> 직접 체험후기를 작성하여 그에 대한 수수료를 제공받을...",https://blog.naver.com/dmstjs9942/223237848709,두아이맘's 다이어리,20231016,0,4,0,0,4,False
스마트스토어 성공 후기,강의,"네이버 비즈니스 스쿨 공부, 스마트 스토어 노출 이해 강의 후기",스마트 스토어 강의 후기 스마트 스토어는 코스별로 강의가 따로 업로드되어있었는데요! 스토어 시작 스토어 운영 스토어 성장 스토어 확장 총 4개의 단계별로 진행되고 있습니다. 저는 그중에서도 3 단계인...,https://blog.naver.com/halming_/223318119073,신혼부부 할밍이의 공격적 투자,20240110,0,2,0,0,2,False
스마트스토어 성공 후기,스마트스토어,네이버스마트스토어 창업 후기: 플랫폼 이해하기,"네이버스마트스토어 창업 후기 요세 들어 온라인 쇼핑의 인기가 하루가 다르게 높아지고 있는데요. 특별히, 스마트폰 반영이 보편화되면서 인간들이 어느날 어디서든 희망하시는 상품을 쉽게 연구하고 매수할...",https://blog.naver.com/harr1963/223573891003,런치플레이션,20240905,0,2,0,0,2,False
스마트스토어 성공 후기,스마트스토어,스마트스토어 대량등록 이용후기,나면 스마트스토어 대량등록이 시작돼요 매일 제 스토어에 물건이 200여개 정도가 등록 돼요 일주일만... 결정해보세요 스마트스토어 대량등록 프로그램 필요한 정보 알기>>> 실제 후기를 작성한 것으로 후기...,https://blog.naver.com/jwillfly/223150246347,Someday I will fly♪,20230709,0,2,0,0,2,False
스마트스토어 월수입 인증,스마트스토어,네이버 스마트 스토어 월수입 1000만원 도전하기(남선미)...,"(책 개요) 책 표지 네이버 스마트스토어 월 수입 1,000만원 도전하기 저자 남선미 출판 푸른영토 발매... 내 스토어명을 제일 앞쪽에 쓰지 말 것. 상세 페이지 관련 체크 포인트 확실히 업체에서 주는 사진 그대로...",https://blog.naver.com/pmh4u/223297900003,혁이라네,20231220,0,2,0,0,2,False
스마트스토어 월수입 인증,스마트스토어,"""앨리스정의 스마트스토어"" 강의를 듣다.",오늘은 1주 차 강의로 스마스스토어를 시작하기 전 유의사항부터 기본 세팅까지 진행합니다. 강의 시작 전 스마트스토어 개설을 완료하고 강의를 들으며 세팅하고 싶었으나.. 휴대폰의 이상으로 인증이 되지...,https://blog.naver.com/eun00035/222839318797,"그대, 스스로를 고용하라",20220804,0,4,0,0,4,False
스마트스토어 월수입 인증,스마트스토어,전자책 수익인증과 전자책 수익화 방법! by 아나,라고 생각되어서 스마트스토어를 켰습니다. 정산을 하다보니 제 생각보다 괜찮은 금액이... 디지털노마드로 월 300버는 현실적인 과정과 방법 아나의여행 SNS 포트폴리오 유튜브 수익창출 조건과 월수입...,https://blog.naver.com/mati1007/222294922930,온라인에 나만의 땅 짓기,20210401,0,6,0,0,6,False
스마트스토어 월수입 인증,스마트스토어,"소자본 / 무자본 창업, 온라인 쇼핑몰 위탁판매를 시작하셔야죠","1억뷰N잡을 통해 월수입 100만 원을 만들어내고 있는 분들은 창업 다마고치 김정환 대표님을 통해 1. 바로 판매가 가능한 상품, 2. 최저가로 인증된 상품, 3. 시즌 / 시기별로 나오는 신상품, 4. 경쟁 강도가 낮은...",https://blog.naver.com/willbesnjob/222623713792,1억뷰 N잡에서 당신의 N잡을 찾아보세요!,20220117,0,4,0,0,4,False
스마트스토어 월수입 인증,스마트스토어,"스마트스토어, 블로그, 유튜브, 전자책을 연결하여 돈버는 방법","글의 순서는 '스마트 스토어 육성', '블로그 운영', '유튜브 운영', '전자책 출판' 순입니다. ▶ 상가 수익률은 6%로 5억원짜리 상가를 매입하면 1년에 월 25만원(3천만원)의 수입이 들어온다. 코로나 시대와 같은...",https://blog.naver.com/prj2332/223073785970,트렌드 신속히 파악하기,20230413,0,8,0,0,8,False
스마트스토어 월수입 인증,스마트스토어,스마트스토어 초보사업자를 위한 1:1코칭,"2021년 1월 순수익 250만원 2022년 1월 순수익 690만원 1억연봉자가 월수입이 650만원 선에 있다고 하니... - 수입대행 업체 선정 - 배대지 선정 - 식검, 어린이 제품 인증 등 - 아이템위너에 묶였을 때 - 가격비교...",https://blog.naver.com/jiaoyukorea/222645034521,"해내지아, 가내사업가",20220211,0,4,0,0,4,False
스마트스토어 월수입 인증,스마트스토어,'20.8.20(목) F&B 관련 주요 기사 클리핑,CJ푸드빌은 간편식 라인업을 강화하는 동시에 최근 네이버 스마트스토어를 오픈하는 등 판매 채널을... 코로나19 여파로 식당 주인 월수입 346만원 줄어 한국외식산업 연구원 '코로나19에 따른 외식산업 변화...,https://blog.naver.com/9797hyun/222065589452,온전한 오늘 살기,20200820,0,2,0,0,2,False
스마트스토어 월수입 인증,스마트스토어,2024년의 목표를 생각해보기?!얼만큼 해냈을까!,"현금흐름 만들기 (월수입 30만원) 원 1월 2월 3월 4월 5월 6월 7월 8월 9월 10월 11월 12월 부수입 5,036 740... 물론 스마트스토어를 운영하도 노동이긴 하지만, 좀 나만의 사업체를 갖고 싶다. 갖고싶다. 그 작은...",https://blog.naver.com/dbsrud1124/223688819143,경자의 생각 향기 그윽하게,20241210,0,4,0,0,4,False
스마트스토어 월수입 인증,스마트스토어,사업자특강 후기_장빠프님,스마트스토어 망고를 4억을 비싼 술집에 팔아봤다. 의지와 시간관리가 중요하다 4시쯤 깨어나서..... 목표는 월수입 2000만원까지는 1:1 비율로 올라가. 내가 일안해도 벌리는 수입이 5000만원이 목표이다. 일을...,https://blog.naver.com/s2s2s2-2_/223088973424,지금의행복,20230430,0,2,0,0,2,False
스마트스토어 월수입 인증,스마트스토어,식물원 특징 찾아보기,"수익인증 ♥ 셔터스톡 사진심사 기준 - 등록방법, 거부이유 ♥ 은행대출 기초상식 - 대부업체 대출... 신사임당 스마트스토어 온라인 클래스 신청- 월수입 100만원 도전! 회사생활 그만하고 싶다, 내 사업을...",https://blog.naver.com/xpzilj4171/223128291308,하룹 브랜드관리기획 1팀,20230614,0,6,0,0,6,False
스마트스토어 월수입 인증,유튜브,"쇼츠부터 롱폼까지, 2026 재테크·법인 재무설계 유튜브 1만...",하드월렛을 스마트폰에 태그하는 모습” 섹션 5(너의 키가 없으면…): “은행 창구 뒤에 내 코인이... com로 문자 주세요) 탕잼 지갑 장면은: “스마트폰 위에 신용카드 모양의 콜드월렛(탕잼 카드)이...,https://blog.naver.com/mailer-/224185087144,Ss 보험닥터 김성한 01058002008,20260216,0,2,0,0,2,False
스마트스토어 월수입 인증,스마트스토어,사회사업가 추천하는 이유,"수익인증 ▷ 셔터스톡 사진심사 기준 - 등록방법, 거부이유 ▷ 은행대출 기초상식 - 대부업체 대출... 신사임당 스마트스토어 온라인 클래스 신청- 월수입 100만원 도전! 회사생활 그만하고 싶다, 내 사업을...",https://blog.naver.com/hip40655/223138050835,예쁜토깽,20230625,0,6,0,2,4,False
스마트스토어 월수입 인증,스마트스토어,카페방문하기 예방하기 알기쉽게 정리,"수익인증 ♠ 셔터스톡 사진심사 기준 - 등록방법, 거부이유 ♠ 은행대출 기초상식 - 대부업체 대출... 신사임당 스마트스토어 온라인 클래스 신청- 월수입 100만원 도전! 회사생활 그만하고 싶다, 내 사업을...",https://blog.naver.com/overall2688/223136186134,연세굿플란트치과 위례점,20230622,0,6,0,0,6,False
스마트스토어 월수입 인증,스마트스토어,"티스토리 방문자 10만명 달성, 한달동안 글 안쓰면 수익은 얼마?",셔터스톡(Shutter stock) 사진판매후기 - 두번째 수익인증 6. 셔터스톡 사진심사 기준 - 등록방법... 신사임당 스마트스토어 온라인 클래스 신청- 월수입 100만원 도전! 유튜버 신사임당 스마트스토어...,https://pj6083.tistory.com/477,늘봄나봄,20200802,0,4,0,0,4,False
스마트스토어 월수입 인증,스마트스토어,기부 그만두다.,"월수입 3퍼센트로 나같이 힘든 사람을 도와주기로 했다. 네이버 검색창에 ‘힘들다’를 검색한 후... 스마트스토어 강의가 일주일도 채 남지 않았으니, 그전까지 돈을 바짝 모으고 하루 15시간씩 쇼핑몰에 갈아...",https://blog.naver.com/coldshower12/223032189357,찬물샤워의 블로그,20230302,0,6,0,0,6,False
스마트스토어 월수입 인증,블로그,걱정은 내일의 슬픔을 덜어주는 것이 아니라 오늘의 힘을...,"스마트폰 배경화면에 오늘의 명언 한 줄이 보인다. 걱정은 내일의 슬픔을 덜어주는 것이 아니라... 지금 하고 있는 투자와 블로그, 스마트 스토어, 전자책 등등 N잡러가 되어서 월수입 1억을 만들어 보겠다는...",https://blog.naver.com/somibubu7777/223159533434,소미부부 's 대단할 일상Blog,20230718,0,6,0,0,6,False
스마트스토어 월수입 인증,배달,배달하면 좋은 점,"© Ghost Presenter, 출처 OGQ 그리고 강남 라이더 몇몇은 월수입 천만 원은 기본으로 벌고 있었다. 출근과... 배달대행과 스마트 스토어를 같이 병행하면서 배달로 순수익 400만 원에 스토어에서만 매달 매출 500~800만...",https://blog.naver.com/nadoojob/223575081781,모멘텀 라이더,20240906,0,6,0,0,6,False
스마트스토어 월수입 인증,스마트스토어,N잡마스터 이과장을 소개합니다. (대기업 책임연구원 + 부업...,"사업가 : 스마트스토어 빅파워 12월 매출 인증 현재 스마트스토어 2개를 운영하고 있습니다. 첫번째스토어 : 2020년 4월 오픈, 5월~12월 매출 3억2천, 수익률30%, 평균 월 수입 약 800~ 1000만원 (마지막 4분기에는 평균...",https://blog.naver.com/dlwnsrl08/222201600782,N잡러 이과장,20210109,0,10,0,0,10,False
스마트스토어 월수입 인증,기타,"[부자가 되려면?] 10. 종잣돈 만들기, 불리기, 유지하기","부업으로 월수입 늘리기: 능력을 돈으로 바꾸자 한 가지 소득으로는 부자가 되기 어렵습니다. 재능형... 익히기 스마트 스토어 + 쿠팡 파트너스로 상품 업로드 실전 → 월 30~50만 원만 추가돼도, 1년에 투자금...",https://blog.naver.com/buzawellness/223876278123,지식웰니스,20250524,0,4,0,0,4,False
스마트스토어 월수입 인증,스마트스토어,나는 과연 생산자 인가?(feat. 블로그 시작한지 한달만에 느낀...,"올해 목표 중 하나는 월 부수입 10만원 만들기, 40만원도 내게는 큰 돈으로 다가오는 것이 사실이다.... 코로나가 한창이던 2020년 여름, 재택근무로 줄어든 출퇴근 시간을 활용해서 류캔두잇님의 스마트스토어...",https://blog.naver.com/gjj1027/222648569456,양사장,20220215,0,8,0,0,8,False
스마트스토어 월수입 인증,스마트스토어,대한민국 20대를 위한 현실적인 소득 증대 전략: N잡부터...,"8 이러한 부채 압박은 더 많은 수입원을 찾도록 유도하는 강력한 요인이 된다. 또한, 평균 수명은... 58 플랫폼 노동자의 평균 월수입은 약 145만원 수준으로 보고되었으며 51, 신규 스마트스토어의 평균 월...",https://blog.naver.com/fatwallet-1/223843332683,fatwallet 1님의 블로그,20250423,0,4,0,0,4,False
스마트스토어 월수입 인증,기타,[판매중]하루 20분 글쓰기로 돈 버는 네이버 전자책 기술...,""" 네이버 스마트 스토어로 전자책을 판매해 보고 싶으신가요?"" ""아직도 월급 외 멋진 수입을 만들 수... 월수입에만 얽매인 고통스러운 현실을 희망과 수익으로 반드시 해소시켜 드립니다. ※ 전자책에 대해서...",https://blog.naver.com/airdetective/222547150398,PEACE CAVE,20211025,0,2,0,0,2,False
스마트스토어 월수입 인증,스마트스토어,온라인뱅킹 추천하는 이유,"수익인증 ※ 셔터스톡 사진심사 기준 - 등록방법, 거부이유 ※ 은행대출 기초상식 - 대부업체 대출... 신사임당 스마트스토어 온라인 클래스 신청- 월수입 100만원 도전! 회사생활 그만하고 싶다, 내 사업을...",https://blog.naver.com/blanket5425/223132221242,케케묵끌인설비 24시 변기 뚫음,20230618,0,6,0,2,4,False
스마트스토어 월수입 인증,스마트스토어,"[마감]미라클모닝챌린지, 2022년은 이 습관 하나면 충분합니다.","- 나만의 콘텐츠를 통해 월수입 100만원을 만들고 싶다. 한 달 동안 아침에 일찍 일어나는 습관과... 제품판매, 스마트스토어, 쿠팡파트너스 등 돈버는 방법은 정말 다양하지만 이 모든 것들을 위해서 필요한...",https://blog.naver.com/coach_kwon/222630212016,"제이드래곤, 어썸리더스쿨",20220124,0,6,0,0,6,False
유튜브 부업 수익 인증,유튜브,"유튜브 부업 쇼츠시작 후기 (짤스튜디오 사용방법,수익조건...","채널인증이 되셨다면 아래 가이드 보시고 쇼츠올리실때 배경음을 추가해주시면 됩니다 ❗유의사항... 사용방법, 수익조건,정산방법) ✅간단요약 부업으로 유튜브 쇼츠를 시작한다면 처음 유튜브 수익창출...",https://blog.naver.com/tlstkdgh3/224002767442,[아이리페의 작은 공간],20250910,0,6,0,0,6,False
유튜브 부업 수익 인증,유튜브,"채널 인증 연결 (부업 유튜브 수익 조건 음원 수익 극대화, 꿀팁...",채널 연결 인증 가이드 음원 사용하여 영상 업로드 방법 이제 유튜브에 음원 넣는 방법을 알아보고 제... 유튜브 수익에서 조회수는 절대 타협할 수 있는 가장 중요한 조건입니다. 자 오늘은 이렇게 부업으로...,https://blog.naver.com/yoonsang0824/223803598596,정신차려 정또도독,20250320,0,6,0,0,6,False
유튜브 부업 수익 인증,유튜브,"릴픽스 새로운 부업시대, 유튜브·인스타 AI영상 자동수익!",하셔야해요 ✔ 유튜브 해봤다가 실패하신 분 ✔ 인스타 부업 도전했지만 막힌 분 ✔ 유료툴만 늘어나고 소득 없으신 분 ✔ 편집 때문에 포기하신 분 ✔ 컨텐츠 만들 시간없어 육아중에 수익화 하고싶은 분...,https://blog.naver.com/angeleun_/224253039047,"마케팅경력 9년, 대표강사. 집에서 5억 ♥",20260415,0,6,0,0,6,False
유튜브 부업 수익 인증,유튜브,부업으로 유튜브 쇼츠를 해야하는 이유(3달 220만원 수익창출...,"-> 즉, 쇼츠 영상 1개로 수익 파이프 라인이 2가지 라는 점!!!! 이렇게 5가지 이유가 직장인이 퇴근 후에 유튜브 쇼츠를 부업으로 운영할 수있는 이유라고 생각하는데요! 그 중 가장 핵심 내용은 바로 5번입니다!...",https://blog.naver.com/thinkballoon_/223666747523,thinkballoon,20241120,0,6,0,0,6,False
유튜브 부업 수익 인증,유튜브,유튜브 쇼츠 부업 수익 곧 500만원 인증 + 릴스 영상 1개...,"유튜브 쇼츠 수익 500만원, 인스타 릴스 500만뷰 가능할까요? 제가 보여드리겠습니다. 오늘은 현재까지의 제 채널 상황을 공유하겠습니다. 먼저 주특기 효율화 채널입니다. 지난 영상에서 11월 수익이 180만원...",https://blog.naver.com/gyumlab/224116156737,부업성공자,20251220,0,6,0,0,6,False
유튜브 부업 수익 인증,유튜브,[부업/유튜브] 유튜브 짤 스튜디오로 음원 수익 얻어보자....,YOUTUBE 채널 등록 및 인증 회원가입이 완료되었다면 내가 운영 중인 YOUTUBE 채널을 등록해야 합니다.... 어차피 부업으로 유튜브 하는 거 음원 수익으로 추가 수입 파이프라인을 만들어보면 더 좋을 거...,https://blog.naver.com/sm012519/223809563656,Whiskey Monster,20250325,0,6,0,0,6,False
유튜브 부업 수익 인증,유튜브,직장인 부업 1년째 후기 및 수익인증,직장인 부업 1년째 후기 및 수익인증 01 직장인 부업 1년째 후기 및 수익인증 직장인 부업 1년 후기... 글로 부업을 할 수 있다는 점이다. 인스타처럼 사진을 매일 찍지 않아도 유튜브처럼 영상 편집 기술이...,https://blog.naver.com/buzabeauty/223446664973,부자뷰티의 경제적자유 재테크,20240514,0,6,0,0,6,False
유튜브 부업 수익 인증,유튜브,패스트컷 유튜브 알리 쿠팡 부업 리뷰!!!(수익인증),으로 유튜브를 시작하는걸 강력하게 추천합니다 ^^! 제 자신도 한달도 안되었습니다. 사용하기 편해서 영상을 벌써 100개나 만들었습니다. 마음만먹으면 하루에 100개도 가능합니다. 구독자 20명에 수익이...,https://blog.naver.com/is_talktalk/223497266444,일상톡톡 - 세상의 모든 리뷰,20240701,0,6,0,2,4,False
유튜브 부업 수익 인증,유튜브,"유튜브 47일차 쇼츠 수익, 부업으로 괜찮을까?","자극적으로 수백 수천버는 수익인증은 아니지만, 3월 4월 유튜브 틀을 잡고 알바에게 위임, 업로드만 하면서 약 120만원 넘게 수익이 발생했습니다. 실제 알바비용을 10일에 주고나면 약 70-80만원 정도 수익이...",https://blog.naver.com/fatfife/224273789499,뮤트 디지털 노마드 이야기,20260504,0,6,0,0,6,False
유튜브 부업 수익 인증,유튜브,"직장익 부업, 부수입 | 유튜브 수익, 블로그 수익 연말정산...","#디지털노마드 #재테크 #부업 #연말정산 #앱테크 연말정산 기간이죠? 세금 얼마나... 제 지인이 작년에 유튜브, 블로그를 시작한다기에 조언을 해주었습니다 마침, 얼마지나지 않아 수입이 나기...",https://blog.naver.com/yongtivation/224168883507,"자기계발, 재테크, 마음챙김",20260202,0,10,0,0,10,False
유튜브 부업 수익 인증,유튜브,직장인 재택부업 퇴근 후 수익 루틴 만든 후기,"SNS 계정 연동은 게시물 5개 이상인 계정이면 신청할 수 있고, 저는 인스타그램이랑 유튜브 계정 두 개... 이게 진짜 재택부업답다고 느꼈던 순간이었어요. 주차별로 수익이 어떻게 쌓였냐면 처음에는 적립...",https://blog.naver.com/onoffkorea_official/224220007291,오늘을 정리하는 기록,20260317,0,8,0,0,8,False
유튜브 부업 수익 인증,유튜브,"자전거 배달부업 후기, 수익인증",유튜브 보면 전기자전거로도 시급 7000원대 넘기 힘든 경우를 많이 보는데 이건 전기자전거도 아니고 일반 중저가 하이브리드 자전거임. 아무래도 이쪽 송파구가 전국적 단위의 인구...,https://blog.naver.com/roadcyclist/224136596101,자갤화석의 자전거 이야기,20260106,0,8,0,0,8,False
유튜브 부업 수익 인증,유튜브,재택알바부업 후기 한 달 15만 원 수익 만든 방법,평소 사용하던 인스타그램과 유튜브 계정만 연결하면 바로 미션을 시작할 수 있었고 화면 구성이... 자동과 수동을 함께 쓰면 재택알바부업 수익 곡선이 들쑥날쑥하지 않고 일정하게 유지됩니다. 6. 수익을 올린...,https://blog.naver.com/spotlog/223970448401,똑똑 재테크,20250814,0,8,0,0,8,False
유튜브 부업 수익 인증,유튜브,스마트폰 부업으로 월수익 올리는 현실적인 방법,"요즘 스마트폰 부업으로 시작하는 분들이 많더라고요. 하루 일정 시간만 투자해도 수익을 만들 수... 이곳은 인스타그램, 유튜브, 페이스북 등 다양한 SNS 계정을 연동해 좋아요나 팔로우, 댓글 미션을 수행하면...",https://blog.naver.com/shinsujin7/224155193612,라라의 달콤한키친,20260122,0,8,0,0,8,False
유튜브 부업 수익 인증,유튜브,요즘 뜨는 '숏폼 편집 부업' 수익 구조와 단가 총정리,"편집 부업'에 대해 심층 분석해보려 합니다.  최근 유튜브 쇼츠, 인스타그램 릴스, 틱톡의 영향력이... 숏폼마케팅, #부업수익인증, #영상편집포트폴리오, #데이터라벨링말고영상편집, #디지털노마드...",https://blog.naver.com/life0749/224280271726,데일리 꿀팁 매거진,20260509,0,6,0,0,6,False
유튜브 부업 수익 인증,유튜브,AI 부업 수익보다 먼저 봐야 할 현실적인 기준은,AI로 블로그 글 자동 생성하기 AI로 유튜브 쇼츠 대본 쓰기 AI로 간단한 로고 디자인 만들기 이런 것들... 이렇게 쌓인 포트폴리오는 당장의 부업 수익 몇 푼과는 비교도 안 될 만큼 큰 가치를 갖게 됩니다....,https://blog.naver.com/ko221092/224207586653,고래밥,20260307,0,8,0,0,8,False
유튜브 부업 수익 인증,유튜브,재택부업으로 당장 유튜브를 해야되는 이유,꾸준한 실행이 만드는 외화 수익 증명 첫 달부터 100만원 이상의 수익을 낼 수 있는 재택부업이 있을까요? 하루종일 매달려야 되는 것도 아니고 초보자도 하루 2시간이면 충분합니다. 유튜브를 몰라도 되고...,https://blog.naver.com/directtube/224277635106,다이렉트 마케팅,20260507,0,8,0,0,8,False
유튜브 부업 수익 인증,유튜브,대상자와 신고방법 쉽게 정리 (프리랜서·부업·블로그 수익 포함),"3% 원천징수된 분들 부업 직장인 본업 외에 쿠팡파트너스, 블로그, 판매 수익 등이 있는 경우 온라인 수익자 네이버 애드포스트, 티스토리 애드센스, 유튜브 수익 등 임대소득자 주택 또는 상가 임대수입이 있는...",https://blog.naver.com/enhasu11/224268882098,인사이트 온에어 (Insight On Air),20260429,0,10,0,0,10,False
유튜브 부업 수익 인증,유튜브,"AI활용지도사 자격증취득 취업연계교육, 강사 부업 수익까지...","ㅇ부업, 창업을 고민하는 분 ㅇ은퇴 후 제2의 직업 준비 ㅇ블로그, 유튜브 수익화 관심 있는 분 ㅇAI를... 한국자격인증교육원 (서울시 광진구 광나루로56길63 프라임프라자 405호) -광주: 국제평생학습연합회...",https://blog.naver.com/mijikim988/224282202948,"자격증취득&강사양성,파견 취업교육기관",20260511,0,8,0,0,8,False
유튜브 부업 수익 인증,유튜브,유튜브 강의 디하클 역수출쇼츠 : 유튜브로 돈벌기_부업_유튜브...,유튜브를 보기만 했던 사람이었는데 여기서 강의를 듣고 하나씩 배우면서 수익을 내시는 분들도... 이 까페에 가보면 거짓말처럼 수익인증이 나오는데 다들 못믿을 수 있겠지만 각 과정마다 성과 인증하는...,https://blog.naver.com/md_life/224176602025,상품 MD _ 일상·여행·먹거리,20260208,0,8,0,0,8,False
유튜브 부업 수익 인증,스마트스토어,인터넷 부업 수익인증 믿으면 안 되는 이유(디지털 노가다),"인터넷 부업 시장은 대부분 이렇게 굴러갑니다. 스마트스토어, 블로그, 유튜브로 돈 벌수 있다는데... 수익인증 믿거 인터넷 부업 수익인증은 일단 믿고 거르세요. 아무리 잘 나가는 네임드 강사라도 한발...",https://blog.naver.com/keybewhy/223078703998,렛미텔유,20230418,0,10,0,0,10,False
유튜브 부업 수익 인증,유튜브,"직장인 부업, 투잡 추천! (Ft. 수익인증)","직장인 투잡 부업 직장인 부업 투잡 추천 수익인증 안녕하세요 서쿤입니다. 여러분 혹시나 블로그를 하시거나 SNS, 유튜브등을 하시는 분들은 목적을 가지고 하시는건가요? 개인적인 견해로는 대부분...",https://blog.naver.com/minho2824/223177599810,자유로운 쿤이네 경제이야기,20230807,0,10,0,2,8,False
유튜브 부업 수익 인증,유튜브,소이왁스 캔들 부업으로 쏠쏠하게 수익벌기!,재택부업에 관심이 많았어요 출퇴근 외에 추가로 수익을 만들 수 있는 일을 찾고 있었는데 무조건 힘든... 시작했답니다 유튜브를 보다 보니까 캔들을 만들어 판매하면서 수익을 내는 분들도 많더라고요 처음엔...,https://blog.naver.com/hbirds/224284283184,사랑이가 사는 방법,20260516,0,8,0,0,8,False
유튜브 부업 수익 인증,유튜브,미리캔버스 수익 내기! 창출 방법과 후기 인증 (ft. ai 그림),"비루한 수익을 인증해보겠습니다. ㅋㅋ 월 1,2천원대..ㅋ 151번 사용해도 1959원 주는. 이제 월 5만원 벌려면 5498735년 걸릴듯. 왜때문인지 ai그림보다 수작업 그림이 더 잘나가는것 같습니다. 근데 얼마전에 유튜브...",https://blog.naver.com/gusrlid/224147671927,레이니의 이중생활,20260115,0,4,0,0,4,False
유튜브 부업 수익 인증,스마트스토어,"애드포스트, 네이버 스마트스토어 수익, 온라인 부업들 후기","쿠팡파트너스, 애드포스트, 네이버 스마트스토어 온라인 부업들 후기 라고 상위노출 키워드 제목을... Passive income 페시브 인컴, 파이프라인 만들기 유투브 인터뷰를 하고 나서부터 ‘주 3일 일하는 간호사...",https://blog.naver.com/rudghkdmlqkd/224232410802,ccocca 의 똑똑한 호주 간호사 되기 공간,20260328,0,8,0,0,8,False
유튜브 부업 수익 인증,유튜브,집에서 할수있는 부업 블로그 알바 9개월차 수익인증,마치며 이렇게 해서 지금까지 집에서 할수있는 부업인 블로그알바 수익화 9개월차 수익인증을 해보았는데요. 최근 유튜브에 빠져서 유튜브에 많은 노력을 쏟고 있는데 얼른 수익이 나왔으면...,https://blog.naver.com/joohun968/223570302237,꿀처럼 단 지식,20240903,0,8,0,0,8,False
유튜브 부업 수익 인증,유튜브,재택알바부업 집에서 편하게 수익 만들기,"본 포스팅은 소정의 원고료를 지원받아 작성하였습니다 재택알바부업 집에서 편하게 수익 만들기... 특히 마음에 들었던 점은 인스타그램, 유튜브, 페이스북, 스레드 같은 SNS 계정만 연동하면 곧바로 활동을...",https://blog.naver.com/zmfltmvlfhf2/223916837981,1800-1773 컴스마일,20250630,0,8,0,0,8,False
유튜브 부업 수익 인증,콘텐츠,300만원 내고 배워본 유투브 쇼핑쇼츠 하는법 부업 수익과 현실,"유투브 알고리즘 설정법, 쇼츠 제작방법, 수익화 설정법 강사수준: 강사는 월 3~7천정도 수입을 인증... 아무리 해도 돈 안되는 부업이 넘쳐나는데, 이건 실제로 수익이 납니다. 유투브 입문: 쇼핑쇼츠를...",https://blog.naver.com/kgdgo1/224049875059,퇴사준비생 뀨도사의 경제꿀통,20251022,0,4,0,0,4,False
유튜브 부업 수익 인증,스마트스토어,[부업 추천] 블로그 부업 수익화 1년 고민 끝에 찾은 답 (AI...,"활용하는지 수익 구조를 어떻게 설계하는지 시스템 자체를 배우는 강의입니다. 왜 블로그 부업인가요? 요즘 부업 종류 진짜 많잖아요. 유튜브, 스마트스토어, 크몽, 재능마켓, 주식... 근데 제가 다른 부업 대신...",https://blog.naver.com/k-info365/224274253072,생활경제 정보,20260504,0,12,0,2,10,False
유튜브 부업 수익 인증,유튜브,"직장인,주부,대학생 부업으로 돈벌기 (Ft. 23년 5월 수익인증)","애드포스트 수익인증 직장인, 주부, 대학생 부업으로 돈벌기 ! 안녕하세요 서쿤입니다. 여러분은... 거기서 본인이 퇴근을 하고 놀 시간 1~2시간의 짬을 내어 블로그나 SNS , 유튜브등 다양한 컨텐츠를 개발해서...",https://blog.naver.com/minho2824/223137166732,자유로운 쿤이네 경제이야기,20230623,0,8,0,0,8,False
유튜브 부업 수익 인증,유튜브,재택부업 리플알바 하는법 수익인증 및 후기,리플알바 후기 및 수익인증 월급만으로 과연 먹고살 수 있을까? 1. 내가 재택부업 리플알바를 시작한... 그러면 유튜브에서 개인회생에 대해 조회수가 높은 것을 골라 시청하면서 내용을 정리합니다. 많은...,https://blog.naver.com/davidyourarm/223850228188,비밀부업 연구소,20250429,0,8,0,0,8,False
유튜브 부업 수익 인증,유튜브,2025년 최고의 부업: 누구나 할 수 있는 온라인 유튜브 수익화,이런 수익을 얻을 수 있게 됩니다 들으신 분들은 월천만원이 넘는 수익을 실제 수익인증 해주셨습니다... ✅ 자본금이 없어도 가능한 부업 방법 ✅ 얼굴 노출 없는 유튜브 수익화 전략 ✅ 실제 사례 기반 강의...,https://blog.naver.com/kleinfuch/223975338049,노마드크리스 | 레벨업메이트,20250819,0,8,0,0,8,False
유튜브 부업 수익 인증,유튜브,유튜브 부업사기 빠른 피해금 회수 방법은,"수익이 쌓인다.” “좋아요, 구독, 캡처 인증만 하면 정산금을 받을 수 있다.” “처음에는 소액 미션이라 부담 없이 시작해도 된다.” 이런 말 혹시 들어 보셨나요? 유튜브 영상만 보면 돈을 벌 수 있다는 부업...",https://blog.naver.com/facilityecp/224274532106,법무법인 초원 사기피해구제센터,20260504,0,6,0,0,6,False
유튜브 부업 수익 인증,유튜브,부업] 쿠팡파트너스로 진짜 돈... 2일만에 수익 발생!수익인증후기,"쿠팡파트너스 수익인증 와 시작한지 2일만에 수익 만원이상 발생이라니... 제가 진짜 작년부터 모든 SNS... 참고하시라고 작년부터 하고 있는 SNS를 좀 설명드리면 유튜브, 틱톡, 인스타그램입니당! 요즘 젤 핫한...",https://blog.naver.com/tofha42/223794246074,로미 블로그,20250313,0,8,0,0,8,False
유튜브 부업 수익 인증,유튜브,유튜브 부업 보다 덜 시간투자해서 돈벌러가요~,설명하기에 앞서 수익인증을 우선 할게요. 1개월에 5만원 적은데? 라고 실망하실 수 있어요. 유튜브 부업보다 쉬운 앱테크 캐시테크 그러나 저는 가성비가 제일 중요한 편이랍니다. 매일...,https://blog.naver.com/songgy854/223554864400,칭찬에 동요하지 말고 비판에 주눅들지 말자.,20240820,0,8,0,0,8,False
유튜브 부업 수익 인증,유튜브,짤스튜디오 유튜브 채널 연동 및  음원수익 내는 방법,물가는 오르는데 월급은 그대로인 지금 돈 안 들이고 할 수 있는 부업들이 많이 소개되는 것 같아요.... 눌러보면 인증된 채널이 생성된 걸 볼 수 있어요 이제 유튜브 쇼츠를 업로드하면 구독자나 유튜브 수익창...,https://blog.naver.com/youngudesign/223601248936,바닥 시공 1위 기업,20240930,0,6,0,0,6,False
유튜브 부업 수익 인증,유튜브,[유튜브부업추천]구독자 0명도 가능한 유튜브 쇼츠 수익! 음원...,"한편 유튜브에서는 기업, 개인 모두 수익을 얻으려면 원천 징수를 위한 본인 인증 과정이 필요한데, 이에 대한 질문들이 많은데, 이는 필수적인 과정이에요. 게다가 영상 업로드 시 PCR 업로드도 많이...",https://blog.naver.com/894center/223331943293,"배움터-모두CEO, 모두행복, CEO포털, 방법, 노하우",20240124,0,6,0,4,2,False
유튜브 부업 수익 인증,유튜브,유튜브 부업 및 강의팔이 주의하세요.,"부업 기만 1. 조회수, 수익률, 심지어 출연자들까지도 조작이 가능합니다. : 우리가 어떠한 강의 팔이... 그리고 그렇게 해서 수익을 낸 수익실현자들의 생생한 증언과 인증까지 더해지면 더 신뢰성이 높아지고...",https://blog.naver.com/whdjsdir123/224188325937,폴리매스가 되려고 노력하는 사람,20260219,0,8,0,0,8,False
유튜브 부업 수익 인증,유튜브,수익인증 기록 (유튜브/블로그/애드포스트/쿠팡파트너스) 부업...,유튜브 채널 . 구독자 500명 일년 4개월만에 업로드함.. 영상 총 10개 정도... 조회수 기본 3천에서 만... 수익이 쪼금이라도 찍히면 기쁠거같다 티스토리... 월 백만원 될때까지 기대해볼게~ 이건 최신성 영향을 좀...,https://blog.naver.com/kimtrue_com/223576697717,"읽고, 먹고, 놉니다 by 김트루",20240908,0,10,0,0,10,False
유튜브 부업 수익 인증,스마트스토어,"기반 온라인,스마트 부업｜본업 이상의 수익, 구조로 증명합니다”","지금 수많은 사람들이 블로그, 쿠팡파트너스, 스마트스토어, 유튜브 등 여러 온라인 부업에 도전하고 있지만, 경쟁이 치열하거나 실상은 생각한 것과 다르죠. 저는 다릅니다. 수익화가 빠르고, 데이터 기반으로...",https://blog.naver.com/34372759/223953119991,TOPTEAM,20250731,0,12,0,0,12,False
유튜브 부업 수익 인증,유튜브,"부업, 과연 6개월 간 얼마나 벌었을까? (2025년 상반기 수익...",블로그/유튜브 운영 - 블로그 마케팅 대행 - 블로그 코칭 - 파티룸 운영 - 경매 공매 투자까지 다양한 활동을 하고 있는데요. 이 중에서 주된 수익원은 블로그 관련 부업이에요. 파티룸은 적자가 수개월 째...,https://blog.naver.com/mommysecondlife/223911424872,엄세라. 엄마 이후의 세컨드 라이프를 준비하는 중,20250625,0,10,0,0,10,False
유튜브 부업 수익 인증,유튜브,쿠팡 파트너스 6개월 수익 8천만원 인증과 부업 하는 법과...,"일정 수익(수수료)을 받게 되는 시스템이다. 나는 현재 직장도 다니고 있고, 부업에 많은 시간을 투자할... 수익을 챙겨갈 수 있는데, 보통은 제품을 구매하려고 마음을 먹은 사람들이 블로그나 카페나 유튜브...",https://blog.naver.com/ha_tak/222525137995,리뷰빌런 하텍,20211003,0,10,0,0,10,False
유튜브 부업 수익 인증,유튜브,"디지털 부업 현황, 블로그 애드포스트 애드센스 수익","""유튜브가 돈이 된다""는 이야기는 이제 지나가는 멍멍이도 알테고요. 그러니 유우명 스타들까지도 죄... 최근 스레드에서는 한 달에 O천만원대 수익인증이 보이기도 합니다. 그러면, 지금 이 계정을 잘 키워보면...",https://blog.naver.com/itomboy78/224014076605,두근두근해나씨,20250919,0,8,0,0,8,False
유튜브 부업 수익 인증,스마트스토어,스마트스토어 위탁판매 직장인부업 1개월 찐 현실후기 (+쿠팡...,"요즘은 부업도 재능이 있어야만 할 것 같은 세상이죠. 유튜브, 블로그, 쇼핑몰 운영 등으로 돈을 버는... 출처 : 뽀얀조약돌님 수익인증 3. 상품 등록하기만 해도 팔리는 이 부업 특별한 재능 없어도 컴퓨터를 잘...",https://blog.naver.com/weolbu/223827562933,월부 WEOLBU,20250409,0,12,0,0,12,False
유튜브 부업 수익 인증,유튜브,미리캔버스 기여자 부업으로 매달 용돈 벌기 (+ 수익인증)...,"미리캔버스는 우리가 쉽게 유튜브, 블로그 썸네일이나 카드뉴스 등을 디자인, 제작할 수 있는... 목차 목차 기여자 가입방법 기여자로 등록하기 실제 수익인증 업로드 파일의 종류 1. 사진 2. 배경 제거 사진 3....",https://akoiscat.tistory.com/333,자세히 알아보기 :: 자세히 알아보기,20230907,0,8,0,0,8,False
유튜브 부업 수익 인증,유튜브,블로그 수익의 현실 4개월차 9월 수입 인증 직장인 부업 추천,"한달동안의 수익을 인증해서 보여드릴게요 유튜브나 네이버블로그 글을 보면 블로그로 월 200,300만원... 할만해서 부업으로 괜찮다고 생각이 들어요 하지만 가장 중요한 수익이 얼마나 나느냐 하는것인데 제...",https://blog.naver.com/eotjs1306/223235765673,무엇을 먹을까 마실까,20231013,0,8,0,2,6,False
유튜브 부업 수익 인증,유튜브,에이전트란? 에이전트 부업 12일차 수익발생 후기,"제가 다뤘던 포스트에 있는 단어부터 인증하는 법, 초기 자본 없는 부업, 수익인증 등등 다양한 경로를... 다양한 분들께서 인스타 릴스, 틱톡, 유튜브등에서 홍보를 하고 계신답니다!!! 하는 방법은 제가 또...",https://blog.naver.com/kittyasd/223771052892,눈사람(목돈)만들기,20250224,0,6,0,0,6,False
유튜브 부업 수익 인증,유튜브,토스 인컴 환급 환불 및 해지 수수료 알아보기(기간/종소세),본인인증 진행 ⑥ 홈택스 연동 동의 ⑦ 환급 예상액 확인 ⑧ 신청 및 수수료 결제 보통 조회 자체는 1... ✔ 이런 분들이 많이 조회합니다 ✔ 프리랜서 ✔ 유튜브·부업 수익 있는 사람 ✔ 배달·대리운전 기사...,https://blog.naver.com/dp010102/224282004157,경제한스푼,20260511,0,8,0,0,8,False
유튜브 부업 수익 인증,스마트스토어,여러가지 부업보다... 최선에 선택인듯. 도우인시스 수익인증,"현실적인 부업이 공모주 인거 같습니다. 네이버블로그 ,네이버스마트스토어, 쿠팡파트너스, 유튜브... 네이버 블로그를 열심히 써도 에드포스트 수익이 9원 이럴때 현타가 심하게 옵니다. 이걸 해야하나 싶은...",https://blog.naver.com/aragune/223945088689,세종 516,20250724,0,12,0,0,12,False
유튜브 부업 수익 인증,스마트스토어,직장인 부업 월300만원 이상 버는 제자님 (ft. 계좌 수익인증),"벌리지만, 부업이 아닌거 같다고 생각하신 심0님 유튜브, 스마트스토어보다 더 잘될것 같다는 확신은... 수입인증을 보여드릴게요~ 2월~3월 (1~2개월차) 중고책 판매 플랫폼 수익입니다^^ 1월달은3~4일정도...",https://blog.naver.com/sokwe/222750010552,월 1억 지식창업가의 노하우,20220528,0,8,0,0,8,False
유튜브 부업 수익 인증,유튜브,리버라 사기 영상시청 부업 사칭 피해 시 대처 방안,"처음에는 간단한 영상 시청과 리뷰 작성만으로도 실제 소액 수익이 입금되기 때문에 대부분의 피해자들이 정상적인 부업이라고 믿게 되는 특징이 있습니다. 리버라 사기는 유튜브, 넷플릭스, 숏폼 플랫폼 등을...",https://blog.naver.com/edo7387/224286202682,단체의신뢰를입는다.,20260515,0,6,0,0,6,False
유튜브 부업 수익 인증,기타,[수익인증] 직장인 퇴근 후... 주부들의 현실적인 부업 추천,오늘은 직장인들이 하실만한 부업을 소개해 드려요!! 여기는 국내 음원 유통 업체 top이라 할 수 있죠 제가 1년째 믿고 협업 중인 짤 스튜디오라는 음원회사입니다. 최근 저는 9글의 음원 수익 하락 이슈에...,https://blog.naver.com/phy1987/223841216236,세상사는 이야기 ♪,20250421,0,4,0,2,2,False
유튜브 부업 수익 인증,유튜브,"직장인 , 주부, 학생 부업으로 돈벌기 (Ft. 수익인증)","SNS, 유튜브등이 있으신분들은 아주 거저먹을수도 있을정도일 거에요. 이런 채널들을 운영하시는분들은 기본적으로 수익구조가 어떻게 되는지 아시는 분들이니 더욱 '부업'으로써의 수익화를 잘 하시겠죠? 막상...",https://blog.naver.com/minho2824/223077570446,자유로운 쿤이네 경제이야기,20230417,0,6,0,0,6,False
유튜브 부업 수익 인증,유튜브,수익화가 가장 빠른 부업은? 대기업 연봉 이상 누구나 가능,아닌 인스타그램이나 유튜브도 아니고 시대에 뒤떨어지는 네이버블로그라고? 말씀하시는 분들도... 관련글 보러가기 블로그 수익인증이 궁금하다면? #블로그수익화 #블로그수익 #네이버블로그 #온라인부업...,https://blog.naver.com/flythfk2/223158211209,마케팅 브랜딩 전문가 새벽리더,20230717,0,8,0,2,6,False
유튜브 부업 수익 인증,유튜브,부업 N잡러 필독! 앱테크의 왕... 참여자도 가능)+일주일 수익인증,"틱톡커들의 수익을 이용자들과 나누어요. 특히나 요즘엔 숏폼이 대세잖아요? 인스타그램 릴스, 유튜브 쇼츠 등등요. 그러니 이런 이벤트 진행할 때 앱테크 부업으로 요만한게 없어요. 다른 앱테크들...",https://blog.naver.com/gwanducks/223640482080,관오리의 경제적 자유 찾기 프로젝트,20241031,0,8,0,0,8,False
유튜브 부업 수익 인증,유튜브,도서 후기 / 왕초보 유튜브 부업왕 / 초보크리에이터 필독서 추천 !,"도서 후기 / 왕초보 유튜브 부업왕 / 초보크리에이터 필독서 추천 ! 이 책을 통해서 가장 크게 깨달은 부분은, ""처음부터 욕심내지 마라"" 사실 영상 조회수 욕심 내고 구독자 수 욕심 내고 수익 발생은...",https://blog.naver.com/ni_ca/221631594595,[Nica's Diary],20190828,0,6,0,2,4,False
유튜브 부업 수익 인증,유튜브,직장인이 부업으로 유튜브를 할 때 신고 절차,"1단계: 홈택스 접속 국세청 홈택스 사이트에 들어가서 공동인증서나 간편인증으로 로그인해요. 요즘엔... 유튜브 부업 신고가 복잡해 보이지만, 한 번 해보면 생각보다 어렵지 않아요! 다만 본격적으로 수익이...",https://blog.naver.com/pocketcta00/224030319392,이동현 세무사,20251003,0,6,0,0,6,False
유튜브 부업 수익 인증,유튜브,"콘샐러드 수익인증, 유튜브 음원 공유 수익 꼭 해보세요!",안녕하세요 부업하는 글렌입니다. 요즘 유튜브 쇼츠가 대세잖아요? 간단한 영상으로 큰 인기를 끌면서... 콘샐러드 수익인증 저는 유튜브 쇼츠를 시작한지 약 3개월 정도 지났습니다. 콘샐러드 3월...,https://blog.naver.com/buupgrade/223411505921,부업그레이드 프로젝트,20240410,0,6,0,0,6,False
유튜브 부업 수익 인증,유튜브,재택알바부업 후기 초기비용 없이 고정 수익 만드는 법,"본 포스팅은 소정의 원고료를 지원받아 작성하였습니다 재택알바부업 후기 초기비용 없이 고정 수익... 인스타그램이나 스레드, 유튜브, 페이스북 같은 SNS 계정을 연결하기만 하면 별다른 절차 없이 곧바로...",https://blog.naver.com/handan3544/223967819930,닥터인사이트,20250812,0,10,0,0,10,False
유튜브 부업 수익 인증,유튜브,유튜브 부업 강의팔이 사기꾼 영상 특징 + 걸러내는 방법,"유튜브 부업 영상과 강의팔이에 대해 쓴소리를 아낌없이 샤우팅 외치시는 윤들닷컴에 새로운 영상이... 것처럼 수익을 인증하고 재력을 과시합니다. 4) 온라인 플랫폼 활용: 유튜브, 인스타그램, 페이스북...",https://blog.naver.com/curator-danbi/223871690939,큐레이터 단비 | 3만 유튜버,20250520,0,8,0,0,8,False
유튜브 부업 수익 인증,기타,직장인 부업 종류 추천 내가 선택한 원픽은?,제가 아래에 실제 수익인증과 코드 및 7만원 받는 방법에 대해 정리해두었으니 참고하시면 좋을것 같아요! 3. 맺음말 직장인 부업 종류 추천 내가 선택한 원픽은? 꿀팁 알려드렸어요. 빗썸 이벤트 종료 기간이...,https://blog.naver.com/loveisimpress/223893393389,경제 IT로거,20250609,0,4,0,2,2,False
유튜브 부업 수익 인증,유튜브,유튜브 부업 사기 피해자 대응 절차와 구조적 위험 요인 분석,"무엇을 어떻게 올리고 어떤 기준으로 수익이 계산되는지보다 먼저 결제와 가입, 인증, 과제가 앞에... 소제목 6 유튜브 부업에서 반복되는 구조적 위험 요인은 수익보다 먼저 비용을 요구하는 설계였다 정상적인...",https://blog.naver.com/gwsdyi850/224158459777,21세기 경제위기를 해결하기 위한 모임,20260124,0,6,0,0,6,False
유튜브 부업 수익 인증,유튜브,부담 없이 시작할 수 있는 부업 종류를 찾고 있다면,"SNS 계정만 있으면 시작이 가능했고, 인스타그램, 유튜브, 페이스북 등 다양한 계정으로 활동할 수 있어... 하루 평균 약 2,000원 정도 적립되었고 한 달 기준 4~5만 원 정도의 수익이 나왔습니다. 다른 부업종류와...",https://blog.naver.com/handan3544/224114381719,닥터인사이트,20251218,0,6,0,0,6,False
유튜브 부업 수익 인증,유튜브,"네이버 블로그 7월 수익 96만원 인증 (재태크, 재택 부업...",아마도 30일쯤이 되면 더 들어오는 금액으로 100만원의 수익이 넘을 것 같아 이번달 수익인증합니다!... 유튜브 채널 까르멩 2. 이 블로그! 까르멩 뷰티 앤 패션 3. 티스토리 하나 4. 아! 그리고 이번에 웹툰을 조금...,https://blog.naver.com/chois909/222038313437,"뷰스타 카민 뷰티, 패션, 일상",20200724,0,10,0,0,10,False
유튜브 부업 수익 인증,유튜브,ai 사주 부업 유투브 소개 되는 실전 방법 정리,"AI 사주 부업 정리: 유튜브에서 주로 소개되는 내용과 실전 방법 최근 한국 유튜브에서 AI 사주 부업... 유튜브에는 억대 수익 사례가 자주 등장하며 관심을 모으고 있지만, 과장된 부분도 적지 않습니다....",https://dssj.tistory.com/236,돈쓸신잡,20260512,0,6,0,0,6,False
유튜브 부업 수익 인증,유튜브,"온라인 부업 추천, 수익형 블로그 애드센스로 돈 버는 법","온라인 부업 추천, 수익형 블로그 애드센스로 돈 버는 법 결과는 놀랍게도 순수익 23억 원 이상. 더 놀라운 건, 시작점이 우리와 똑같았다는 겁니다. 출근길 우연히 본 유튜브 영상 책 한 권 하루 1시간씩 글쓰기...",https://blog.naver.com/core-talent/223937631578,"코탤, 매출을 끌어올리고 성장을 완성하다",20250717,0,8,0,2,6,False
유튜브 부업 수익 인증,유튜브,구글 애드센스 핀번호 2주만에 도착 ft. 유튜브 수익창출,"수익창출 주소인증 유튜브 규모가 커지면서 수익창출 조건도 충족했고, 현재 하루하루 달러가 쌓이는... 음원수익을 낼 수 있고, 8월 실적에 대해서는 직장인 부업 관련 포스팅으로 조만간 알려드릴게요~ 4....",https://blog.naver.com/hojin4231/223565551687,금성인의 지구 정복,20240829,0,6,0,0,6,False
유튜브 부업 수익 인증,유튜브,쇼츠뮤직으로 유튜브 쇼츠 조회수 수익에 음원수익까지!,"채널 인증은 인증 문구를 내 채널 설명 란에 기입하면 돼요! 다음은 유튜브에 올릴 쇼츠를 만들어... 또한 이 플랫폼은 유튜브 수익 창출 조건이 충족되지 않아도 수익을 분배 받을 수 있어요. 구독자 0명, 시청...",https://blog.naver.com/gusrlid/223460918576,레이니의 이중생활,20240528,0,4,0,0,4,False
유튜브 부업 수익 인증,유튜브,유튜브 쇼츠 수익 창출 뮤직플렉스 이용해서 쉽게 해볼까,최근에 유튜브 쇼츠 수익 창출을 뮤직플렉스라는 서비스를 통해 쉽게 할 수 있는 방법을 알게 되어... 여기서 '유튜브 채널 주소'에 내 채널 URL을 입력하고 '다음' 버튼을 누릅니다. 그러면 채널 본인 인증하기...,https://blog.naver.com/kimgr1010/223637776537,기로킴의 머니 아카이브,20241029,0,4,0,0,4,False
유튜브 부업 수익 인증,유튜브,추적 60분 2026 부업사기 보고서를 보고 나서,없다면 유튜브로 대체가능 뭐가 되었든 결국 우리는 상대방이 작정하고 속이려들면 당할 수 밖에 없는 게 현재 상황이다. (수익인증 같은 것들) 왜냐면 우리는 추가 수익이 필요하고 그걸 알려줄 선생님이...,https://blog.naver.com/online_jangsa_/224179479649,스마트스토어 사업 전수 과외,20260211,0,6,0,0,6,False
유튜브 부업 수익 인증,유튜브,"하는만큼 이상 수익이 나오는, 쿠팡 부업 2가지 추천!...","ㅋㅋ 참고로, 인스타 활용한 쿠팡 파트너스는 홀로 진행중에 있고 유튜브는 유튜브다마고치님 영상 보면서 그대로 따라하고 있음. 올해안에 수익인증 500만원 찍고 강의해보려 합니다. 좋은 부업자료는 공유...",https://blog.naver.com/namcstory/223355947484,그릿 남과장의 투자 마라톤,20240216,0,8,0,2,6,False
유튜브 부업 수익 인증,유튜브,"집에서 하는 부업, 현실적인 수익과 주의사항 파헤치기","다만, 역시나 과도한 수익을 약속하는 곳은 피해야 합니다. 다음으로는 콘텐츠 제작 관련 부업입니다. 블로그 포스팅, 유튜브 영상 편집, SNS 콘텐츠 제작 등 자신의 재능이나 관심사를 활용하여 수익을 창출하는...",https://blog.naver.com/ye000514/224184096454,ye000514님의 블로그,20260215,0,10,0,0,10,False
유튜브 부업 수익 인증,유튜브,주부 부업으로 시작한 쇼핑커넥트로 첫 수익 낸 후기,"쇼핑커넥트로 수익인증 후기 요즘 블로그 수익이 기대 이하라 새 부업을 찾던 중 쇼핑커넥트를... ✅ 가입 조건 체크 네이버 블로그, 인스타그램, 유튜브, 카카오 채널 등 채널이 하나만 있어도 신청 가능해요....",https://blog.naver.com/creep711/224282176020,육아기록정리노트,20260511,0,8,0,0,8,False
유튜브 부업 수익 인증,유튜브,"직장인 부수입 부업 : 출장, 애드포스트, 투자수익","소셜크리에이터라고 하면 유튜브, 블로그, 인스타그램 등이 있습니다. 재능마켓은 크몽, 탈잉 등... 하지만 직장인 부수입과 부업을 검색해보면 애드포스트에 대한 이야기가 가장 많을겁니다. 그리고 수익이...",https://blog.naver.com/3f-hoon/222702724433,부꿈,20220416,0,12,0,0,12,False
유튜브 부업 수익 인증,유튜브,유튜브 수익창출 후기 [일본 쇼츠],수익창출 조건 달성 후 2단계 고급인증을 하였는데 이런 메일을 받았다 에드센스 계정이 중복계정이라는 이유로 에드센스 신청이 승인되지 않았다 이게 한 달 전일이다... 이 날 부터 나는 한 달 동안 유튜브를...,https://blog.naver.com/mijini9491/224226844364,미지 MIZY,20260323,0,4,0,0,4,False
유튜브 부업 수익 인증,유튜브,"늘리기, 조회수 늘리기 SNS붐 유튜브 수익인증까지 얼마나 걸릴까?","구독자 수익 공개, 100만 구독자 수익 공개 등 유튜버들의 수익공개가 잇따르자 부업이나 혹은 취미로... 유튜브구독자늘리기 #유튜브구독자 #유튜브수익인증 #sns붐 #유튜브계정활성화 #유튜브댓글",https://blog.naver.com/travel_mapsi/221897771807,여행맵시 : 국내 해외여행 핫플 숙소정보,20200408,0,6,0,0,6,False
유튜브 부업 수익 인증,유튜브,"KBS , 2026년 ‘부업 사기’의 민낯을 파헤치다...",원금과 수익 10%를 포인트로 돌려준다는 설명이었다. 그러나 출금 가능하다던 포인트는 곧 무의미한 숫자가 됐다. 남의 일처럼 느껴졌던 보이스피싱은 그렇게 그의 현실이 됐다. 유튜브 시청 인증이 3억 2천만...,https://blog.naver.com/withinnews/224173611746,위드인뉴스,20260206,0,6,0,0,6,False
유튜브 부업 수익 인증,유튜브,재택근무알바 초기비용 없는 부업 찾는 분들께 추천해요,"인스타, 유튜브, 스레드처럼 평소에 자주 사용하는 계정만 있어도 문제없이 이용할 수 있었어요. 미션... 있는 수익이다’ 바로 그 점이 가장 큰 핵심이라고 생각해요. 가입 절차도 매우 간단했어요. 핸드폰 인증...",https://blog.naver.com/eccii/224205413697,Time Flies...,20260305,0,10,0,2,8,False
유튜브 부업 수익 인증,유튜브,부업|앱테크|틱톡이벤트포인... 수익직접계좌인증,"근데 생각해보면 유튜브 쇼츠는 리워드가 없어도 재미로 영상을 보는데, 틱톡은 리워드도 따로... 찐 수익인증!!!!! 일단, 돈이 실제 제 계좌에 들어오는 것을 확인했으니 이제는 친구초대 미션을 해볼...",https://blog.naver.com/slevi/223413333161,홈페이지제작&동영상제작&IT정보&부업·재테크,20240412,0,6,0,0,6,False
유튜브 부업 수익 인증,유튜브,직장인 부업러 주목! 블로그·유튜브 수익 얼마 넘으면 종합소득...,"하거나 유튜브 영상을 제작하며 수익을 창출하는 **'직장인 N잡러'**분들이 정말 많아졌습니다. 하지만 즐거움도 잠시, 5월이 되면 가슴 한구석이 답답해집니다. 바로 '종합소득세 신고' 때문인데요. ""내 부업...",https://blog.naver.com/dlacogus5/224275563103,직장인 부자 리치워커 직투,20260505,0,10,0,0,10,False
유튜브 부업 수익 인증,스마트스토어,"부업 시작한지 5일 만에 첫 주문?! (+스마트스토어, 쿠팡...","요즘은 부업도 재능이 있어야 할 것 같은 세상입니다. 유튜브, 블로그, 쇼핑몰 운영 등 돈을 버는... 출처 : 뽀얀조약돌님 수익인증 3) 상품 등록만 하면 무조건 팔리는 이 부업 특별한 재능 없어도 컴퓨터를 잘...",https://blog.naver.com/weolbu/223946689612,월부 WEOLBU,20250725,0,12,0,0,12,False
유튜브 부업 수익 인증,유튜브,경제적 자유를 위한 부업을 찾다가 발견한 애드픽 (+수익인증),"재택부업 으로 선택 하게 되었어요 이런 이유가 아닌 다른 여러이유, 사정 들이 있으셔서 재택부업을... 애드픽수익인증 #애드픽하는법 #블로그수익화 #유튜브수익화 #sns수익화 이글은 애드픽 파트너스...",https://blog.naver.com/holiday_12/223243112341,소이맘의정보트리,20231022,0,10,0,0,10,False
유튜브 부업 수익 인증,유튜브,유튜브 영상 및 쇼츠로 수익내기      집에서 하는 부업 1주일차...,"제가 유튜브 채널을 만든지 딱 1주일이 되었습니다. 과연 얼마나 많은 발전이 있었으며, 또한 수익은... 또 1주일 뒤 유튜브 인증 하겠습니다! 많이 많이 도와주세요!! 여러분! 구독,좋아요 부탁드립니다!! ^^",https://blog.naver.com/m-s-y-r/223557512117,^^Just enjoy these moments^^,20240823,0,6,0,2,4,False
유튜브 부업 수익 인증,스마트스토어,"블로그부업, 글 한 편으로도 수익이 생기는 시대가 왔어요","블로그부업, 글 한 편으로도 수익이 생기는 시대가 왔어요 저는 평범한 직장인이에요. 퇴근 후 집에서 쉬다가 문득 “나도 뭔가 부업을 해볼까?” 싶었죠. 유튜브나 쇼핑몰은 어렵게 느껴졌는데, 글쓰기는...",https://blog.naver.com/psjpsj0812/224056590256,정보 꿀팁 모음,20251106,0,10,0,0,10,False
유튜브 부업 수익 인증,유튜브,| 썸네일에 수익인증? 사기인증인거죠,사기인증인거죠 윤들닷컴 •조회수 1만회 • 2개월 전 6 39:08 지금 재생 중 영상 1개가 벌어들인 수익 230만원 | 유튜브 수익 공개하면 믿으실건가요? 윤들닷컴 •조회수 8.9천회 • 3개월 전 7 1:01:05...,https://blog.naver.com/nyjnet/223884214513,천안 딸기아저씨,20250531,0,4,0,0,4,False
유튜브 부업 수익 인증,유튜브,돈 주고 부업 강의를 들어도 돈을 벌 수 없는 이유,"부업 관련 정보는 유튜브 영상, 블로그, 카페, 커뮤니티에 다 나와있습니다. 강의는 보통 이런 흩어진 글들을 보기 쉽게 정리해 주고 시행착오를 줄여주는 방향 잡는 역할 정도를 해주는 역할입니다. 2. 수익...",https://blog.naver.com/kkhcommerce/224283128976,돈 버는 블로그,20260512,0,10,0,0,10,False
유튜브 부업 수익 인증,유튜브,부업 가능한 크넥 수익인증,"크넥을 이용하면 수익을 창출할 수 있어서 부업 가능하겠어요! 크넥에서는 샴푸, 토너, 파운데이션... 인스타, 유튜브, 틱톡 등 여러가지 SNS 채널을 운영하고 있으면 누구나 참여 가능해요! 크넥에서...",https://blog.naver.com/ajh8810/223460553873,정하의 일상,20240528,0,6,0,0,6,False
유튜브 부업 수익 인증,유튜브,부담없이 초보자도 가능한 부업종류 찾는다면,"SNS 계정만 있으면 바로 시작할 수 있었고 인스타그램, 유튜브, 페이스북 등 다양한 플랫폼 계정을... 부업종류 가운데 수익성과 안정성을 동시에 갖춘 곳은 생각보다 많지 않습니다. 직접 이용해 보니 이런...",https://blog.naver.com/kimbugger/224204173289,꾸준핏! 지니 다이어리,20260304,0,6,0,0,6,False
유튜브 부업 수익 인증,기타,2월 부수입 정리: 야근봇 직장인 부업으로만 240만원 벌었습니다,"연말정산 환급금, 야근 수당, 투자 수익 이런 것들 다 제외하고 순수하게 부업으로만 벌어들인 2월의 부수입은? 총 2,418,232원입니다! (1원자리까지 가감없이ㅎㅎ) 입금 내역 일부 인증 (입금은 짜릿해.. 늘 새로워....",https://blog.naver.com/kimgr1010/223031281802,기로킴의 머니 아카이브,20230301,0,8,0,0,8,False
유튜브 부업 수익 인증,유튜브,부업 리얼후기｜배민·쿠팡이츠 전기자전거 배달로 번 수익...,"직장인 부업 리얼 후기. 9월의 4일차. 5일과 6일은 못하네요. 배민, 쿠팡이츠야 형 잠시만 전기자전거... 지누션 가수 션이 하루종일 32km 배달 뛰었는데 도보로 수익인증은 6.3만원. 다만 유튜브 촬영하고...",https://blog.naver.com/curiousdaily7/223995567523,쓸모있고 돈 되는 정보 나라,20250904,0,8,0,0,8,False
유튜브 부업 수익 인증,유튜브,달성]부업|앱테크... 틱톡친구초대이벤트|수익직접계좌인증,기존에 보던 유튜브 시청 시간에 틱톡라이트 어플을 켠다~! 정말 쉽죠?! 지금까지 틱톡포인트현금화 2차 수익인증 포스팅 관련해서 글을 적어 보았는데 또 다른 유익한 앱테크 정보로 찾아뵐게요!!!...,https://blog.naver.com/slevi/223426912962,홈페이지제작&동영상제작&IT정보&부업·재테크,20240425,0,6,0,0,6,False
유튜브 부업 수익 인증,스마트스토어,유튜브 쿠팡파트너스(11월 수익인증) 다 알려주는 이유.,"2024 10,11월 실제 수익 부업에도 유행이 있다는거 아시나요? 스마트스토어 -> 해외구매대행 ->전자책... 그럴 분들을 위해 더 많은 수익인증이 담긴 포스팅들을 첨부해드리겠습니다. 저는 유튜브 쿠팡파트너스를...",https://blog.naver.com/donidany/223691522934,도니대니,20241212,0,10,0,0,10,False
유튜브 부업 수익 인증,유튜브,[조심하세요] 동영상 부업 사기에 낚을뻔함 ㄷㄷ!,보내주면 인증 횟수에 따라 급여 제공을 함. 낮은 조회수와 노출도를 높이기 위한 수단이라는 그럴싸한 이유 그리고 바로 나는 네이버와 스레드 유튜브에 검색을 해보니 생각보다 부업> 관련하여 많은...,https://blog.naver.com/ooh345/224040827698,흰바람벽,20251014,0,4,0,0,4,False
유튜브 부업 수익 인증,유튜브,쇼핑플랫폼 포크쇼핑 크리에티어 등록하고 유튜브 수익 더하기,"영상리뷰 쇼핑플랫폼 포크쇼핑 크리에티어 등록하고 유튜브 수익 더하기 몇년전부터 초등학생... 가입 후 본인인증 절차를 진행하면 웰컴 적립금 5,000원을 받을 수 있습니다. 1분만에 가능한 본인인증 안할...",https://blog.naver.com/jitaizzang/223111850911,몽쉘로그,20230525,0,4,0,0,4,False
유튜브 부업 수익 인증,유튜브,"SNS부업사기, 돈벌려 시작했다가 돈만 잃습니다.","최근 인스타그램, 유튜브, 틱톡 등 눈 를통해 부업을 제안받고 피해를 입는 사례가 급격히 증가하고... 단체 채팅방에서 다른 참여자들이 수익을 인증하거나 추가 입금을 하는 모습을 보여주며 정상적인 구조처럼...",https://blog.naver.com/hisenpi197645/224235124200,법무법인_심앤이,20260331,0,6,0,0,6,False
유튜브 부업 수익 인증,스마트스토어,겸업금지인데 가능? 블로그 부업 다 대답해드립니다.,"실제로도 많은 분들이 월급 외 수익을 벌기 위해서 부업을 선택하고 있다고 해요. 직장인 10명 중 8명은 본업 외 부업을 준비하는 시대인데요. 스마트스토어, 쿠팡 판매, 유튜브 등 많은 부업이 있지만 초기...",https://blog.naver.com/weolbu/223724532026,월부 WEOLBU,20250113,0,10,0,2,8,False
유튜브 부업 수익 인증,콘텐츠,""" 2026년 대법원 판결이 바꾼 콘텐츠 부업의 수익 구조",국내 웹소설 및 전자책 플랫폼 역시 '인간 창작물' 인증 마크를 도입하며 차별화를 꾀하는 중입니다. 단순 대량 생산으로 승부하던 부업가들이 주말 사이 수익 급감을 경험하는 이유가 여기에 있습니다....,https://blog.naver.com/insightslab/224203292290,인사이트 랩 : 부의 지도를 그리다,20260307,0,6,0,0,6,False
유튜브 부업 수익 인증,유튜브,2030 여성 휩쓴 '블루레이디' 부업 완벽 분석 (X 트위터 수익...,"달러 수익을 창출하는 X(트위터) '블루레이디' 부업입니다. 유튜브처럼 복잡한 영상 편집도... 유료 결제 시 계정명 옆에 붙는 파란색 인증 배지(블루 딱지)에서 유래한 명칭으로, 2024년경부터 본격적으로...",https://blog.naver.com/solsky3147/224255004998,New Frontier,20260416,0,6,0,0,6,False
유튜브 부업 수익 인증,유튜브,컴퓨터부업? 모르면 손해보는 애드센스 수익구조,"유튜브만 켜도 관련 영상이 쏟아지니까 정확히 뭔진 모르더라도 돈 많이 버는 부업이라는 것 정도는 알 거예요. 실시간 애드센스 수익인증 근데 왜 유독 애드센스가 돈 많이 버는지, 그 이유는 모르실 겁니다....",https://blog.naver.com/gksksla9/223272000379,아로스의 애드센스,20231122,0,6,0,0,6,False
유튜브 부업 수익 인증,유튜브,(N잡러)누구나 집에서 할 수 있는 부업 1달 후기 (+수익공개),"^^ 일주일 딱 5시간, 퇴근 후 한 두시간으로 한달 부업 수익입니다. 7월부터 시작한 한달 수익은 80.4 USD... 생각보다 한국어 전문 강사분들의 유튜브도 너무 잘되어있어서 참고하고 있어요. 한국어가 모국어여도...",https://blog.naver.com/dtlovesr112/223533540319,"부자를 꿈꾸는 아기새의 부동산,재테크",20240802,0,8,0,0,8,False
유튜브 부업 수익 인증,유튜브,"한방이 있는 삶, 배민커넥트 배달부업 수익인증 수입인증...","와서 부업을 많이 하지 않았다. 역시 돈보다는 안전이 제일이다. 이제 이 비가 그치고 나면 여름이... 요즘 아이가 아파서 집에서 가정 보육을 하며 아이와 유튜브를 보는데, 충격 아닌 충격을 받았다. 내가...",https://blog.naver.com/richrider_/223192793329,부자라이더일기,20230825,0,8,0,0,8,False
유튜브 부업 수익 인증,기타,온라인 인터넷부업사기 피해 신고와 회복 절차 필독,피해자들이 공통적으로 겪는 심리적 함정 온라인 인터넷부업사기 가해자들은 심리 전.문.가 못지않게 사람의 마음을 흔듭니다. 단체 채팅방에 있는 다른 참여자들이 수익을 인증하는 사진을 올리며 분위기를...,https://blog.naver.com/future4504/224274991487,✨형제변호사 법률사무소 바램✨,20260505,0,4,0,0,4,False
유튜브 부업 수익 인증,유튜브,유튜브 부업 쉬운 방법으로 해봐요,오늘은 제가 요즘 추천하고 있는 ‘유튜브 쇼츠 부업’을 통해 수익을 창출하는 방법에 대해... 채널 인증을 완료하면 끝입니다! 이제 여러분도 유튜브 쇼츠를 통해 수익을 올릴 수 있는 기회를 놓치지 마세요!...,https://blog.naver.com/archer_dainendra61/223541009424,따봉또치,20240808,0,6,0,2,4,False
유튜브 부업 수익 인증,유튜브,유튜브 쇼츠 음원 수익화 뮤직플렉스 부업 추천하는 이유,저도 유튜브로 수익을 만들기위해 노력중인데요. 유튜브를 활용해 부업 파이프라인을 만들기에는... 채널 URL을 입력하고 본인의 인증키를 채널의 설명란에 붙여넣습니다. 완료하기를 누르면 채널 인증이...,https://blog.naver.com/nomad_b-/223588515886,satisfy,20240919,0,6,0,2,4,False
유튜브 부업 수익 인증,유튜브,데이터라벨링 부업 수익 만들기,부업에 참여하기 위해 어떤 길을 걸어 왔는지 간단하게 말씀드릴께요 네이버 블로그와 유튜브에서... 데이터라벨링 부업을 통해 수익을 인증하셨기에 궁금증이 생겼죠 저걸로 진짜 돈을 벌수 있는건가?...,https://blog.naver.com/happyjh0331/223328940219,사고싶은부동산 사부,20240121,0,8,0,2,6,False
유튜브 부업 수익 인증,유튜브,유튜브 사칭 부업 사기 사이트 분석 보고서,10~20%의 수익을 보장한다고 한다. 3. 결론 본 글에서는 유튜브 UI를 정교하게 복제하여 사용자의 경계를 무너뜨린 뒤 로그인 순간 완전히 다른 사이트로 넘어가 부업 사기를 행하는 사례를 살펴보았다....,https://blog.naver.com/nurilab1/224078315523,누리랩 공식 블로그,20251117,0,6,0,0,6,False
유튜브 부업 수익 인증,유튜브,집에서 할 수 있는 부업 38일차 수익,"오늘은 집에서 할 수 있는 부업 38일차 누적수익을 인증하고 분석해 보는 시간을 가져보려 합니다. 1. 시작한 이유 만약 제 부업 일기(유튜브, 인스타)를 보셨다면 아실 수도 있는데 저는 한 달에 천만 원 (아직)...",https://blog.naver.com/neh2450/223433161640,재테크 공주는 돈을 좋아해,20240501,0,6,0,0,6,False
유튜브 부업 수익 인증,유튜브,"온라인부업의 판이 바뀐다, 해외직구 알리바바로 수익 + 쇼핑...","- 블로그, 인스타그램, 유튜브, 페이스북 같은 개인 SNS 채널을 넣을 수 있습니다. - 본인... 플랫폼 - 부업 수익을 만들 수 있는 어필리에이트 이 세 가지를 모두 담고 있는 곳입니다. 저처럼...",https://blog.naver.com/fridge25049/224000005396,우물우물 귀요미,20250908,0,8,0,0,8,False
유튜브 부업 수익 인증,유튜브,챗gpt 활용 전자책 글쓰기 등 수익창출 재택 투잡 부업...,"등 수익창출 재택 투잡 부업 전문가양성교육 취업과정 안내 챗GPT활용 전자책+글쓰기+컨텐츠 제작+유튜브 영상/아트 제작 매월1회 진행(평일,휴일,맞춤형교육) 비대면 줌교육 or 대면교육 대한민국...",https://blog.naver.com/3700love/223086419401,넘버1 ON/OFF 인기유망 자격증취득 취업 전문교육기관,20230427,0,10,0,0,10,False
유튜브 부업 수익 인증,유튜브,Xarkaro 사기 유튜브 시청 부업 사칭으로 출금불가 피해금...,"시청 부업 사칭 출금불가 피해금 회수 대응 전략 유튜브 시청만 하면 수익이 난다는 안내를 받았는데... 순간 인증비, 세금, 수수료, 등급 상향, 보증금 같은 명목이 등장하며 출금불가로 전환되는 경우가...",https://blog.naver.com/iwkyw381/224203779622,시간이너무여울져서,20260304,0,6,0,0,6,False
유튜브 부업 수익 인증,유튜브,"강의팔이 AI딸깍? 주부, 직장인 부업 아직도 찾아보세요?","유튜브 조회수 수익? 수익창출 조건 아실까요? 유튜브 수익창출 조건 구독자 500명 이상... 난건지, 수익인증이 가능한지 알 수 없지요...) 아... 이거 아니구나... 돈 날렸구나... 누군가는 부업하려다가 돈...",https://blog.naver.com/kim8972678/224244525198,"순수익 월1000, 띄부띄부 또이",20260407,0,8,0,0,8,False
유튜브 부업 수익 인증,유튜브,부업9단 유튜브 증정금 부업 사기 알아봐요!,"참고로 유튜브 채널 구독자는 6만명 정도 되시는 신뢰있는 유튜버분이셔서 정말 신뢰할 수 있는지에... 부업 수익 증거, 수익 내역이 존재하는지 궁금하신 분들을 위해 유튜버분이 직접 얻으신 통장 내역...",https://blog.naver.com/ckyungh1/223449806040,Happy DAY,20240517,0,6,0,2,4,False
유튜브 부업 수익 인증,유튜브,"요즘 뜨는 직업군 교육과정 TOP7, 자격증 취득부터 취업 수익...","ㅇ 초고령 사회 진입 ㅇ 평생직장 개념 붕괴 ㅇ 부업,N잡 수요 증가 ㅇ AI 시대 도래 ☞ 결론 : 배워서... ChatGPT 활용 글쓰기 전자책 제작 및 출판 블로그·유튜브 수익화 ☞ 특징 컴퓨터 초보도 가능 재택 수익...",https://blog.naver.com/3700love/224276982191,넘버1 ON/OFF 인기유망 자격증취득 취업 전문교육기관,20260506,0,12,0,0,12,False
유튜브 부업 수익 인증,유튜브,재택알바 부업 집에서 편하게 수익 만든 후기,"✔ 기존 SNS 계정만 있으면 바로 참여 인스타그램, 유튜브, 페이스북, 스레드 등 이미 쓰고 있던 계정을... 처음 시작하려는 분들을 위한 팁 혹시 저처럼 ""부업으로 수익 창출 가능한 걸까?"" 이런 생각을 하고...",https://blog.naver.com/coralpinky/223934749405,귀여운 라이프 ❤️ 큐트파워로 우주정복 ❤️,20250715,0,8,0,0,8,False
유튜브 부업 수익 인증,유튜브,집에서하는부업 하면서 유튜브까지 병행하는 꿀팁!,"활용해서 수익 내는 사람들도 엄청 많아졌어요. 그 중 유튜브나 인스타 같이 ‘콘텐츠형’ 부업이... 하루 30분 투자로 월 1,000만원 수익인증까지 된 자동화 퍼널 시스템을 그대로 복제해준다구요 60대분들도 할...",https://blog.naver.com/life2005s/224087339714,지금부터 준비하는 현금 흐름,20251125,0,10,0,0,10,False
유튜브 부업 수익 인증,유튜브,"30만원 부업, 코인으로 가능할까? 현실적인 수익을 만든...",요즘 유튜브만 보면 “코인으로 1억 벌었다” “월 수익 3천 인증” 같은 영상이 자주 보입니다. 하지만... 하지만 30만원 부업이라는 현실적인 목표는 누구나 도전해볼 수 있습니다. 디지털딜은 그런 사람들을...,https://blog.naver.com/wwyj9875/223891140892,디지털딜,20250607,0,6,0,0,6,False
유튜브 부업 수익 인증,유튜브,온라인 부업 VIEWUP으로 수익 창출하기!,"인스타그램, 스레드, 페이스북, 유튜브 계정만 있으면 자격 조건 없이 누구나 바로 시작할 수 있었고... 한 달로 계산하면 약 30만 원의 수익을 올릴 수 있어서 온라인 부업으로는 정말 딱이라는 생각이 들었어요....",https://blog.naver.com/dltmf1580/223725222959,오늘도 달린다,20250114,0,6,0,0,6,False
유튜브 부업 수익 인증,유튜브,주말부터 평일까지 쉽게 돈버는 부업,"가장 궁금할 얼마나 대단한 돈버는 부업인지, 수익을 공개하겠습니다. 누적수익 62억원, 수익인증 약 2... 아백 GPT모음 바로가기  유튜브 대본 블로그 글쓰기로 진행해보겠습니다. 여기에 원하는 영상의...",https://blog.naver.com/gksksla9/224071512618,아로스의 애드센스,20251111,0,8,0,2,6,False
유튜브 부업 수익 인증,유튜브,돈을 번다? 2026 부업 사기 보고서... ‘팀미션’의 덫,본인 돈을 송금해 물건을 구매한 뒤 원금과 수익금 10%를 포인트로 돌려받는 방식이었습니다. 소액을... 유튜브 영상 시청을 인증하면 소액의 포인트를 지급하겠다는 제안으로 시작된 부업. 건설 경기 침체로...,https://blog.naver.com/dotnews/224173416732,닷뉴스,20260206,0,6,0,0,6,False
유튜브 부업 수익 인증,기타,"카카오뷰 수익인증 친구추가.... 돈버는법 (사용법, 부업)",그리고 이러한 수익 정산 메뉴가 2021년 12월부터 새롭게 생겼다고 하니까 12월에 새로운 정보가 많이 쏟아져 나왔습니다. 우리가 카카오 뷰를 이렇게 부업 수단으로도 사용할 수 있겠지만 별도로 사업을...,https://blog.naver.com/syranos/222618407039,어른아이,20220111,0,4,0,0,4,False
유튜브 부업 수익 인증,유튜브,부업으로 유튜브 안 하면 손해 보는 이유,"회사에서 저한테 항상 부업 하라고 조언을 해주시는 직장 선배 한 분이 계신데요, 이 분은 현재 구독자 5만 정도 달성하여, 월 천만 원 이상의 수익을 내고 계십니다. 실제로 인증도 해주셨고요, 유튜브 수익은...",https://blog.naver.com/oedaeri/223770973164,오이대리의 부(富)테크,20250223,0,6,0,0,6,False
유튜브 부업 수익 인증,유튜브,유튜브 부업 네이버사칭 pexlin 어플설치  사기...,"이렇게 연락이됩니다 일반 유튜브 영상시청 후 캡처를 따서 보내면 1만원 입금을 해준다고 합니다..... 금액을 보고, 부업에 수익 생각하며 순간 혹할 수 있어요. 그 순간부터 사기당하기 시작하는거라고...",https://blog.naver.com/sal8897/223965658208,Happy new day♥,20250810,0,6,0,0,6,False
유튜브 부업 수익 인증,유튜브,직장인 부업 쿠팡파트너스 하는 방법 (+실제 수익 공개),"누계 수익이 1만원 이상인 경우에 해당 ▌2.파트너스 추가인증 & 최종 승인받기 저는 블로그만 사용할거라 블로그 주소만 기입했어요 (아래 스샷을 보면 홍보용 블로그나 SNS, 유튜브, 카페 등의 추가...",https://blog.naver.com/make_oil/223773303380,인생 1회차 ₍ᐢ..ᐢ₎ 누니콩,20250225,0,10,0,0,10,False
유튜브 부업 수익 인증,유튜브,짤스튜디오 가입하는 법│유튜브 부업,첫 번째 첫 번째로 짤스튜디오에 가입을 해주시고 채널 인증을 해주셔야합니다! 채널인증은 어렵지... 후 유튜브앱에서 사운드를 찾아 사용하시면 끝! 초간단! 이렇게 사용한 영상으로 조회수가 오르면 수익이...,https://blog.naver.com/monmon_planet/223639591401,몬몬이의 리뷰로그,20241031,0,6,0,0,6,False
유튜브 부업 수익 인증,블로그,투잡 수익인증  직장인 부업추천 폰테크 꿀팁,"블로그도 애드센스,애드포스트 등등 부업이 넘쳐나는데 요즘 20-30대 제일 핫한 수입원 요즘 유투브... 더줌 다줌 진짜 100만원 이상 벌고 인증하는사람들 많아요! 5,000원 단위로 출금가능하고 최대 10만원...",https://blog.naver.com/dadaland__/223615030860,다다블로그 (‥ºั⌔ºั‥ ),20241011,0,8,0,2,6,False
유튜브 부업 수익 인증,유튜브,"직장인 부업 추천, 리뷰노트 :: 부업 어렵게 생각하지 마시고...","블로그 + 클립으로 수익화하기 유튜브로 수익화하기 직장인부업추천 실제 수익 후기와 생생한 사례... 본인인증을 하고, 내 SNS 계정(블로그, 인스타, 유튜브 등)을 등록해요 내가 올릴 수 있는 컨텐츠 형식(글...",https://blog.naver.com/sirano89/223950390686,영국할매 컨텐츠랩,20250728,0,8,0,2,6,False
유튜브 부업 수익 인증,유튜브,직장인 부업 팁 : 오늘의집 큐레이터로 취향 공유하고 수익 낸...,"외에 부업으로 유튜브수익, 인스타그램 수익, 인플루언서 활동 등을 통해 다양한 재테크를 한번쯤... 위해서는 유튜브 구독자 3만 이상 / 블로그 직전월 순방문자 5만 이상 / 인스타그램 팔로워 1천 이상을 인증하...",https://blog.naver.com/har5225/223054871830,후이로그,20230325,0,8,0,0,8,False
유튜브 부업 수익 인증,스마트스토어,N잡러를 위한 추천 자격증 TOP 5 – 부업 수익 올리는 필수...,"특히 자격증은 초기 투자 비용 대비 수익성이 높고, 시간 활용이 자유로운 부업 아이템으로... 블로그 썸네일, 온라인 쇼핑몰 배너, 유튜브 콘텐츠 디자인 등 시각적 콘텐츠 제작이 필수인 시대에 가장...",https://blog.naver.com/poet0010/223997735835,Miscellaneous thoughts,20250906,0,16,0,2,14,False
유튜브 부업 수익 인증,유튜브,쿠팡 회원만 할수 있는 쉬운부업.자동화수익 만들기 따라해...,3%를 수익으로 받는 아주 쉬운 자동화 부업 입니다. 주부도 학생도 직장인도 쉽게할수 있는 부업... 탑존 포인트에서는 유튜브 컨텐츠 채널 홍보. 유튜브 참여성장 지원.등등 많은 혜택을 누릴수...,https://blog.naver.com/kimh1h1/223390402146,생활 이모저모,20240321,0,6,0,0,6,False
유튜브 부업 수익 인증,유튜브,"쿠팡 위탁판매, 유튜브 보고 시작하려다 멈춘 솔직한 이유 (수익...","매출 인증의 허상: 매출액 vs 순수익 유튜브에서 ""일주일 만에 매출 1,000만 원 찍었습니다!""라는 말... 공감과 댓글 부탁드립니다! 여러분의 생각은 어떠신가요? #쿠팡위탁판매 #쿠팡부업 #무재고판매 #드롭쉬핑",https://blog.naver.com/littletips80/224232717602,소소팁,20260328,0,8,0,0,8,False
유튜브 부업 수익 인증,유튜브,"온라인부업 추천, 주부·직장인·학생 평생직업",수익인증 일부 바로 첫 월 수익 1200달러를 달성한 라미다움 제자님입니다. 제자님이 온라인부업... 온라인부업으로 글쓰기와 그림을 그리는 일을 해보려고 했는데요. 글쓰기 방법을 배우기 위해 유튜브를...,https://blog.naver.com/gksksla9/224105231578,아로스의 애드센스,20251210,0,6,0,2,4,False
유튜브 부업 수익 인증,유튜브,"유튜브 부업 사기 피해 회복, 현혹되지 마세요.","간단한 업무만 진행해주시면 쉽게 수익을 낼 수 있다면서 끌어들이지만, 현실은 유튜브 부업 사기입니다. 메신저 방에서 수익을 보았다며 인증하던 사람들도, 거의 다 운영진과 한패인 바람잡이인 것이죠....",https://blog.naver.com/lawfirm_kb/223659081804,● 법무법인 KB 공식블로그 ●,20241113,0,6,0,0,6,False
유튜브 부업 수익 인증,유튜브,현실적인 직장인 부업 블로그 유튜브 인스타 다 해보니까..,"매월 초에 직장이 부업 결산이란 글로 수익인증 및 매출인증을 했더랬죠,, 뭐 11월도 나쁘진... 퇴근하고 또 몸쓰려니까 말을 안들음ㅋ 그래서 온라인 부업을 알아보던 중 유튜브를 보다가 부동산에 대해 눈을...",https://blog.naver.com/myonbang_/223680791228,모니모니 해도 머니,20241203,0,10,0,0,10,False
유튜브 부업 수익 인증,유튜브,"부업 파이프라인 실제 경험담... 쿠팡파트너스, 주식 수익인증","ㅎㅎ 역시 다음번에 부업에 대해 다룰때 자세히 다루도록 하며 수익인증만 하겠습니다. 4. 주식 사실... 준비중인 부업들이 있습니다. 물론 육체적인 노동으로 하는 부업이 아닌 전자책 PDF파일 판매하기, 유튜브...",https://blog.naver.com/tradingtraveler/222325074386,엠비셔너의 재테크라이프,20210427,0,8,0,0,8,False
유튜브 부업 수익 인증,유튜브,소이캔들DIY 배우고 부업 시작했어요,제가 처음 만든 소이캔들DIY 작품은 유튜브 영상을 보면서 따라 만든 거였어요. 완성도가 높지는... 통해 수익을 만들 수 있다는 자신감도 생겼어요. 혹시 저처럼 캔들 제작에 관심 있거나 부업이나 창업을...,https://blog.naver.com/kghic67/224210662855,람쥐씨의 알뜰살뜰 일상이야기,20260310,0,6,0,0,6,False
유튜브 부업 수익 인증,유튜브,"집에서 할 수 있는 부업, 30대 신혼이 찾은 여유로운 수익 비결",추가적인 수익을 창출할 수 있거든요! 사실 시중에는 집에서 할 수 있는 부업에 대한 정보가 넘쳐나긴 해요 저도 블로그나 유튜브를 통해 여러 가지를 알아봤어요 간단한 수공예품 제작부터 온라인 강의 오픈...,https://blog.naver.com/willimarryme/223822306627,LOVELY WILLMARRY,20250404,0,10,0,0,10,False
유튜브 부업 수익 인증,스마트스토어,직장인이 부업으로 돈 벌면 종합소득세 신고 꼭 해야 하나요?,유튜브·블로그·배달·과외·강의·원고료 등 부업 수입이 있는 직장인 스마트스토어·쿠팡·중고거래 등으로 정기적으로 수익이 나는 직장인 주택 임대료 등 임대 소득이 있는 직장인 3.3% 떼고 받는 프리랜서...,https://blog.naver.com/jobisnv/224238183888,삼쩜삼 공식 블로그,20260402,0,14,0,0,14,False
유튜브 부업 수익 인증,유튜브,유튜브로 돈 벌려면 뭐부터 해야 할까? 채널 만들기부터 수익...,수익을 받으려면 애드센스 계정이 필요합니다. 본인 명의로 1개만 가능 은행 계좌 연결 본인 인증... 유튜브수익신청 #유튜브수익창출 #유튜브파트너프로그램 #유튜브초보가이드 #유튜브부업 #온라인수익,https://blog.naver.com/bjeabc123/224191606636,지은의 일상정보노트,20260222,0,6,0,0,6,False
유튜브 부업 수익 인증,유튜브,"홈택스 환급금 조회 5분 컷 (프리랜서, 알바, 부업 필수)","직장인이라면 연말정산을 했겠지만, 알바나 부업, 프리랜서로 수익이 있으신 분들이라면 종합소득세... 프리랜서/개인사업자: 3.3% 떼고 수령하시는 분들 근로소득 외 소득자: 직장 다니면서 유튜브, 블로그...",https://blog.naver.com/ksm5860/224284182986,놀자.사자.즐기자,20260513,0,8,0,0,8,False
유튜브 부업 수익 인증,유튜브,"블로그 수익 (애드포스트 금액 + a), 직장인 부업으로서의...","블로그 수익화 방법에 대해서도 공부해보고, 적극적으로 시도해보려고 하는데, 어떤 결과가 생길 지 저도 기대되네요 ㅎㅎ 직장인 부업으로서의 블로그 직장인 부업으로, 블로그, 인스타그램, 유튜브...",https://blog.naver.com/hyj901009/223280966741,여행하는 유정씨❤️,20231202,0,8,0,0,8,False
유튜브 부업 수익 인증,유튜브,스마트폰 부업 — 지금 가장 현실적인 개인 수익 구조,"넷째, 이 반응이 수익으로 연결된다. 이 구조는 블로그, 유튜브, SNS, 콘텐츠 플랫폼, 온라인 마켓 등 거의 모든 스마트폰 부업에 공통적으로 적용된다. 즉, 하나의 구조를 이해하면 여러 형태의 스마트폰 부업으로...",https://blog.naver.com/hetaetae/224112569706,희태태,20251217,0,10,0,0,10,False
유튜브 부업 수익 인증,유튜브,새로운 부업 유튜브와  챗지피티로 돈 버는 방법 [ 머니몬스터...,"유튜브와 부업으로 수익 창출 가능성 제자는 유튜브를 시작한 지 약 4개월 만에 923원의 수익을... 다른 제자님들도 유튜브를 통해 200만 원 이상의 수익을 내고 있으며, 다양한 후기를 통해 성과를 인증하고...",https://blog.naver.com/nruuu-/223799765673,변화에는 용기가 필요,20250317,0,6,0,0,6,False
유튜브 부업 수익 인증,유튜브,유튜브부업 피해 예방 가이드,"후기, 인증샷, 수익금 내역 등은 조작된 것일 가능성이 높습니다 ✅ 추가 송금, 투자 요청이 있으면 즉시 연락을 끊고 신고하세요 ✅ 의심이 들면 가의 조언을 받으세요 공공기관에서도 유튜브부업에 대한...",https://blog.naver.com/peruse3308/223873354340,자책하지 마세요. 속인 사람이 잘못입니다.,20250521,0,8,0,0,8,False
유튜브 부업 수익 인증,유튜브,"집에서 하루 10만원 부업, 마진거래로 수익낸 리얼 후기","등등 부업하는 방법은 널리고 널렸죠 :-) 이들의 공통점은 무엇일까요? - 바로 초기 투자비용이 많이 들어간다는 단점입니다 블로그 글쓰기나 유튜브는 처음 시작하는 경우, 제대로 된 수익을 내기까지 꽤 오랜...",https://blog.naver.com/vnsinvest/223905112188,퇴근 후 부수입 하루 10만원 마진거래 이해하기,20250620,0,10,0,0,10,False
유튜브 부업 수익 인증,유튜브,월급 외 수익 직장인 부업별 종합소득세 완전 정리,국세청이 구글 애드센스·유튜브 수익 데이터를 이미 자동 파악 중이에요. 안 신고하면 과세 예고 통지서가 날아와요 3. 사업소득 vs 기타소득 : 내 부업 유형 구분법 부업 사업소득 기타소득 차이가...,https://blog.naver.com/iskyblue943/224253437661,싱글 가구 경제이야기,20260415,0,6,0,0,6,False
유튜브 부업 수익 인증,유튜브,"부족해"" 2026년 직장인이 당장 시작 가능한 현실 부업 7선","스마트폰 부업으로 소액의 부수입을 올릴 수 있습니다. 직장인에게는 퇴근 후 부담이 적은 블로그, 쿠팡 파트너스, 유튜브 등이 추천됩니다. 무자본 시작 단계에서는 수익의 크기보다 경험을 쌓고 수익이...",https://blog.naver.com/kkami0_/224247840166,내 친구 까미의 놀이터,20260410,0,10,0,2,8,False
유튜브 부업 수익 인증,유튜브,요즘 뜨는 앱테크 부업 '틱톡 라이트' 수익인증 후기,"플랫폼으로써 유튜브 쇼츠, 인스타그램 릴스 등에서 살아남기 위함 이라고 보면 됩니다. 즉 회원 유치가 목적이죠. 그래서 그냥 틱톡 말고 틱톡 라이트의 경우에는 영상 시청자들에게도 수익을 나눠주는...",https://blog.naver.com/gwanducks/223628030285,관오리의 경제적 자유 찾기 프로젝트,20241021,0,6,0,0,6,False
유튜브 부업 수익 인증,유튜브,지금 시작하면 돈 됩니다… 요즘 뜨는 부업 현실 공개,"지금 시작하면 돈 됩니다… 요즘 뜨는 부업 현실 공개 무려 73%가 월급 외 수익을 꿈꾸며 부업을 찾지만 실제로 돈을 버는 사람은 10%도 안 된다는 사실 아시나요? 2024년 현재, 유튜브나 블로그에는 '월 500 보장...",https://blog.naver.com/bmj4657/224241662086,백사이트 팩토리,20260409,0,8,0,0,8,False
유튜브 부업 수익 인증,블로그,집에서하는손부업 사이트 추천 블로그로 돈벌기,"자동과 수동 작업을 병행하면 더 많은 수익을 낼 수 있는 시너지 효과를 얻을 수 있었어요. 회원가입도 정말 간단했습니다. 휴대폰 인증과 아이디, 비밀번호 입력만으로 금방 완료됐습니다. 집에서하는손부업을...",https://blog.naver.com/ealee1/224036668142,건강종합병원,20251010,0,6,0,2,4,False
유튜브 부업 수익 인증,강의,여행 부업 시작하기 - 여행을 수익으로 만드는 법,"2025년 부업 시장의 현실 AI 를 이용한 유투브 영상물 강의→ 경쟁심화 상세페이지 디자인 → 단가 하락, 해외 아웃소싱 증가 문제는 유행을 쫓는 순간 이미 시장은 포화 상태라는 점입니다. 실제 수익을 낸...",https://blog.naver.com/matari03/224117784869,여행학교,20251221,0,6,0,0,6,False
유튜브 부업 수익 인증,유튜브,"가입, 수익구조, 하는 일까지! 온라인 재택 부업","오늘부터 유튜브와 블로그에 꽤 신선한 부업 주제로 글과 영상을 연재하려고 하는데요. 이제 부터 연재할 부업 컨텐츠에서는 제가 실제로 직접 부업을 체험해 보고, 해당 부업이 정말 수익을...",https://blog.naver.com/rhqkfl3317/224102919390,B양의 디지털 서랍,20251210,0,10,0,0,10,False
유튜브 부업 수익 인증,스마트스토어,"스마트폰 무자본 부업 추천 1편, 2026년 직장인 현실적인 수익...",부업이라고 해서 거창하게 스마트스토어를 열거나 유튜브를 시작할 필요는 없습니다. 내 손안에 있는 스마트폰을 활용해 작은 수익부터 만들어가는 경험이 중요합니다. 작은 돈을 소중히 여길 줄 아는 사람이...,https://blog.naver.com/goldenpapa2030/224184619861,생활정보 연구소,20260216,0,8,0,4,4,False
유튜브 부업 수익 인증,스마트스토어,종합소득세 신고 대상인지 헷갈린다면? (2026 기준 YES/NO로...,"✔ 부업 수익 있다 ✔ 프리랜서 활동했다 ✔ 2곳 이상 근무했다  하나라도 해당되면 신고 대상 가능성... ✔ 신고해야 하는 경우 (YES) * 프리랜서로 수입이 발생한 경우 * 스마트스토어, 블로그, 유튜브 등 부업...",https://blog.naver.com/eyeslock1/224272863576,골든LEE 생생한 삶의 체험현장,20260502,0,10,0,0,10,False
유튜브 부업 수익 인증,유튜브,Xarkaro 사기 유튜브 사칭 영상시청 부업 팀미션 피해 회복...,"유튜브 사칭 영상시청 부업은 설명 방식이 구조화되어 있을수록 설득력이 커집니다. 단계 안내, 미션 보드, 정산 캘린더, 수익 예시, 후기 캡처 같은 것들이 연달아 제시되면, 사람은 자연스럽게 시스템이 있다고...",https://blog.naver.com/ysrewf/224204037430,다온리안빛,20260304,0,6,0,0,6,False
유튜브 부업 수익 인증,유튜브,유튜브부업 피해자들을 위한 구제와 사기 방지법,"유튜브부업, 누구나 피해자가 될 수 있다고 하였습니다. 예방 방법을 꼭 기억하세요. ✅ “영상만 보면 돈을 준다”, “누구나 고수익” 같은 비상식적 조건은 의심하세요. ✅ 앱이나 사이트 가입 시 실명 인증...",https://blog.naver.com/instll7587/223870856406,"SNS 부업 사기, 수림이 해결하겠습니다.",20250519,0,6,0,0,6,False
유튜브 부업 수익 인증,유튜브,PikPik 사기 영상시청 부업으로 현혹한 유튜브 사칭,"악용 수익 조작 이미지 조작된 출금 내역, 가짜 인증 캡처 제공 전문가들이 말하는 예방법 전문가들은 실제 유튜버가 부업을 주도하는 경우는 거의 없다고 말해요. 특히 영상 시청으로 수익이 난다는 구조...",https://blog.naver.com/qgwnr5664/223949831122,▶︎서지원 변호사 I 법무법인 나란 대표변호사◀︎,20250728,0,6,0,0,6,False
유튜브 부업 수익 인증,유튜브,[어도비스톡] 기고자 가입·AI 이미지 제작·업로드 방법 (AI부업),"제가 예전에 유튜브 운영하면서 생성한 AI 이미지들이 있었거든요 쓸 데는 없는데 결과물이... 셔터스톡, 미리캔버스, 프리픽 ·· 등등 여러 스톡사이트가 있지만, '기고자 수익인증'이나 '가입 방법...",https://blog.naver.com/mokulog/224278109290,모쿠의 작은기록장,20260507,0,6,0,0,6,False
유튜브 부업 수익 인증,유튜브,워드프레스 수익 누구나 가능 홈페이지로 부업 하는법,"분들의 수익인증 사례가 있습니다. 또한, 이것은 개인이만든 블로그로 개인이 설정해서 하는것으로 다른 플랫폼을 통해 하는 것과 헷갈리시면 안됩니다. 인스타, 유튜브 등 비슷한 돈을 벌게해주겠다 글을 쓰면...",https://blog.naver.com/3d500/223144891132,각성 브랜드 공식 블로그,20230702,0,8,0,0,8,False
유튜브 부업 수익 인증,유튜브,"퇴근 후 2시간 배달 하면 한 달에 얼마 벌까? (경험담, 수익인증)","① 적절한 수익 부업으로 생각하시는 수입은 어느 정도이신가요? 저는 60~80만원 정도라고... ③ 적당한 업무 시간 다른 부업도 많이 살펴보셨겠지만 해외구매대행, 유튜브 쇼츠, 블로그 등 대부분은 힘든...",https://blog.naver.com/maansol/224187151731,부자키우기,20260218,0,10,0,0,10,False
유튜브 부업 수익 인증,유튜브,포장부업 보다 더 쉬운일 찾았어요,"인스타그램, 유튜브, 페이스북 등을 포함해 총 35개 채널까지 등록할 수 있고 사용자는 이 중 최대 3개... 시간을 많이 쓰지 않아도 조금씩 수익이 쌓이는 구조를 원한다면, 저는 손이 많이 가는 포장부업보다는...",https://blog.naver.com/jaycasper/224153678178,Holistic,20260120,0,6,0,0,6,False
유튜브 부업 수익 인증,유튜브,"유튜브부업 피해, 사기 근절로 내 돈 지키기","유튜브부업, 누구나 피해를 볼 수 있다고 하였습니다. 예방책을 꼭 기억하세요. ✅ ""영상 시청만으로 수익"", ""누구나 고소득"" 등 비현실적 조건은 의심하세요. ✅ 앱이나 사이트 가입 시 실명 인증이나 공인...",https://blog.naver.com/peruse3308/223881569856,자책하지 마세요. 속인 사람이 잘못입니다.,20250529,0,6,0,0,6,False
유튜브 부업 수익 인증,유튜브,유튜브 조회수 수익 치트키! 신입 유튜버 애드센스 130만원 인증,부업 파이프라인 만들기 시작한 이후로 블로그 쓸 짬 내는 게 정말 힘드네요. 바빠죽겠음. 최근에는... 인증 먼저 애드센스 인증입니다. 유튜브 수익으로 이정도 들어왔네요. 1월에 80달러(=10만원) 2월에 900달러...,https://blog.naver.com/pjo901018/223029787391,kujyp 경제 블로그,20230227,0,8,0,0,8,False
유튜브 부업 수익 인증,유튜브,BTXO 사기 틱톡 쿠팡 유튜브 영상 시청 부업 사칭 피해 초기...,"BTXO 사기 틱톡 쿠팡 유튜브 영상 시청 부업 사칭 피해 초기 대처는 최근 경기 불확실성과 금리 인상... 이들은 합법적인 디지털 자산 거래소나 투자 중개 플랫폼을 가장하며 접근하고, “단기간 수익 실현”과...",https://blog.naver.com/zwhenbeachl92/224058738211,✅법무법인 대온 : 사기범죄 피해사건 특화 TF팀✅,20251030,0,8,0,0,8,False
유튜브 부업 수익 인증,유튜브,"2026년 부업 종합소득세 신고방법, 기준","오늘은 #부업 있는 직장인이라면 꼭 알아야 할 2026 종합소득세 신고방법과 기준에 대해 알려드릴게요... 3% 원천징수 포함) 해당 예시 : 프리랜서 강사, 배달 라이더, 방문판매원, 블로그·유튜브 수익...",https://blog.naver.com/wngms123/224270025603,세상의 모든 이슈&정보&재미,20260430,0,10,0,0,10,False
유튜브 부업 수익 인증,유튜브,"퇴근 후 1시간 반, 한 달 200만원? 요즘 뜨는 ‘이 부업’ 정체","“SNS 기반 콘텐츠 사업의 초기 단계” 즉, 블로그 → 유튜브 → SNS 순으로 돈 버는 구조가 확장되고 있는 흐름입니다. 이렇게 활용하면 좋다 만약 이 부업을 고려한다면 다음 전략이 중요합니다. 단기 수익보다...",https://blog.naver.com/ne2ne2/224254153712,건우빠빠의 경제 노트,20260416,0,10,0,0,10,False
유튜브 부업 수익 인증,기타,재택 부업 주부 온라인 부업 찐 후기 영어로 돈 벌어본 솔직...,가보면 수익인증하고 그런 다단계 스팸성 사기꾼들도 있던데 절박한 사람들 상대로 너무 화나지만 그런 건 쳐다도 보지 않는게 유일한 해결책인 거 같아요. 영어 재택 부업 시작 계기 그래서 방향을...,https://blog.naver.com/hanell261/224272860270,알뜰살뜰 쑥쑥맘,20260502,0,6,0,0,6,False
유튜브 부업 수익 인증,유튜브,"50대부업추천, 부업으로 돈 번다는 거 다 거짓말 아닌가요?","부업으로 돈 번다는 거 다 거짓말 아닌가요? 저도 솔직히 그렇게 생각했었어요 블로그, 유튜브... 매일 올라오는 수익인증! 매일매일 모든 분들이 이렇게 돈을 벌고 계세요 50대부업추천, 올메이커스가 다른 이유...",https://blog.naver.com/lovely_kongkong/224218689551,프리한 디자이너 라인,20260316,0,8,0,2,6,False
유튜브 부업 수익 인증,유튜브,"종합소득세 신고방법, 대상 및 기간까지 알아봄",회사 다니면서 부업을 시작한 지인이 종합소득세 신고를 하고 나서 환급금 50만원이 들어왔다고... 유튜브 수익이나 블로그 수익처럼 플랫폼에서 정산받는 소득도 사업소득으로 잡히는 경우가 많아요. 이...,https://blog.naver.com/ho_yu/224280957163,호유,20260510,0,8,0,0,8,False
유튜브 부업 수익 인증,유튜브,아웃라이어 재택 부업 후기 (10일간의 수익 공개),"30시간 정도 투자하고 저 수익을 창출했다? 솔직히 정말 단비같은 돈이다ㅠㅠ 필요 역량은? 유튜브도, 블로그 글들도 아웃라이어 부업을 정말 아무나 진행할 수 있다고 소개한다. 정말일까? 내가 정말 아무나 할...",https://blog.naver.com/eatdrinkwrite/223690400372,먹고 마시는 공개일기장,20241211,0,12,0,0,12,False
유튜브 부업 수익 인증,유튜브,집에서하는 돈버는 부업 종류 10가지 (손부업 포함),"부업으로 좋고, 인스타나 유튜브처럼 유명하지 않은 일반인이 돈 벌기 좋은 채널이야. 단, 유튜브나 인스타처럼 전문적인 배움 없이는 고수익은 어려워 ☞ 실제 내가 블로그로 2025년 상반기에 번 수입 인증과...",https://blog.naver.com/vhsh1225/224005860947,❤ 네이버 BEST ❤,20250912,0,8,0,0,8,False
유튜브 부업 수익 인증,유튜브,"디지털부업, 스마트폰 하나로 수익내는 법 알려드림","부업은 말 그대로 오프라인이 아닌, 온라인 공간에서 하는 부업이에요. 예를 들면 블로그나 유튜브, SNS... 가능한 수익 구조 ✔ 부업·사업자·강사 누구나 활용 가능 ✔ 교육 참여만 해도 챗봇 자동 글쓰기...",https://blog.naver.com/dalnkong/224066231244,달앤콩,20251106,0,8,0,0,8,False
유튜브 부업 수익 인증,유튜브,유튜브부업 피해자들을 위한 돈 찾기 및 사기 방지 가이드,"유튜브부업, 누구나 피해자가 될 수 있다고 하였습니다. 예방 수칙을 꼭 기억하세요. ✅ ""영상을 보면 돈을 준다"", ""누구나 고수익"" 같은 비정상적 조건은 의심하세요. ✅ 앱이나 사이트 가입 시 실명 인증, 공식...",https://blog.naver.com/instll7587/223878656582,"SNS 부업 사기, 수림이 해결하겠습니다.",20250526,0,6,0,0,6,False
유튜브 부업 수익 인증,유튜브,[노마드태스크] 부업으로 최고~ (수익인증),안녕하세요 최근 유튜브에서 부업으로 돈을 벌수 있는 방법으로 노마드태스크 영상을 보고 저도... 저의 수익금 입니다. 뭐 큰 돈은 아니지만 나름 만족하네요~ 이렇게 달러는 가상화폐 거래소로 송금해서...,https://blog.naver.com/an327/222202031799,생활의 정보 나눔,20210109,0,6,0,0,6,False
유튜브 부업 수익 인증,스마트스토어,"N잡러 6년차가 직접해봤다, 5월 종합소득세 vs 추가 납부 차이","블로그나 유튜브 등 수익 (애드포스트, 구글 애드센스) 3.3% 원친징수 원고료 및 강의료 (프리랜서 용역소득) 스마트스토어 또는 크몽 등 부업 수익 두개 이상 직장 근무 (합산 신고 필요) 신고 기간은 2026년...",https://blog.naver.com/nara212/224277004037,콕콕스런생활,20260506,0,14,0,0,14,False
유튜브 부업 수익 인증,유튜브,2026 종합소득세 신고방법 완벽 정리 | 프리랜서·직장인 부업...,"회사에서 연말정산을 했어도, 부업·유튜브 수익·임대소득이 연 300만 원을 넘으면 5월에 따로... — 홈택스 신고 단계별 완벽 가이드 ① 홈택스 PC 신고 (가장 정확) hometax.go.kr 접속 후 로그인 (공동인증서...",https://blog.naver.com/salesmaster77/224268769411,머니팩트 | 직장인 세금 방어 & 숨은 지원금 찾기,20260429,0,6,0,0,6,False
유튜브 부업 수익 인증,스마트스토어,"2026 N잡러 종합소득세, 부업소득 신고 초보자도 쉽게...","2026 N잡러 종합소득세 신고는 부업 소득이 있는 분들에게 반드시 필요한 절차예요. 결론부터... 주요 부수입 유형은 블로그 애드포스트, 유튜브 수익, 쿠팡 파트너스, 배달대행, 온라인 쇼핑몰, 에어비앤비 등이...",https://blog.naver.com/editor_rani/224208139722,제주도민 팝콘개미,20260308,0,16,0,0,16,False
유튜브 부업 수익 인증,유튜브,40대 직장인이 퇴근하고 AI 부업으로 돈 벌기 힘든 현실적인...,돈 버는 법을 파는 사람들의 먹잇감 유튜브와 블로그에 널려 있는 월 1000만 원 인증의 실체를 직시해야 한다. 그들 중 대다수는 직접 AI 부업을 뛰어서 돈을 버는 것이 아니다. AI 부업으로 돈 버는 법을 과장...,https://blog.naver.com/jeepsha/224214421582,AI 시대 직장인 생존기,20260312,0,6,0,0,6,False
유튜브 부업 수익 인증,유튜브,트위터 X 수익창출 조건 및 구조와 전망은?,"즉 하루아침에 투잡이나 부업의 수익 모델로 기대하기는 어려워 집에서 일하는 블로그로 투잡을... 변경이나 알고리즘 변화에 취약해. 그래서 다른 수익원인 블로그나 유튜브, 인스타 등등 병행하는 게 좋아",https://blog.naver.com/vhsh1225/224053588502,❤ 네이버 BEST ❤,20251025,0,10,0,0,10,False
유튜브 부업 수익 인증,유튜브,[리픽 부업] 진짜 돈 되나요? 한달간 리얼 리픽부수입 수익 공개,"하나, 인증한 한 장의 사진, 카페 가입 하나가 전부 수익이 됩니다♥️ ⸻  직장인에게 [리픽 부업] 이... 리픽 부업을 하면서 ‘내 시간의 가치를 다시 생각하게 됐어요’ 하루 1~2시간이면 유튜브 보고...",https://blog.naver.com/seul_e2/223934067190,위시리스트 뿌시기 જ⁀➴,20250715,0,8,0,0,8,False
유튜브 부업 수익 인증,유튜브,"유튜브부업 피해 방지, 영상 시청으로 돈 벌기 주의하세요","유튜브부업, 누구나 속을 수 있다고 하였습니다. 예방 방법을 꼭 기억하세요. ✅ ""영상만 보면 돈이 생긴다"", ""누구든지 고수익 가능"" 같은 비상식적 제안을 의심하세요. ✅ 앱이나 사이트 가입 시 실명 인증이...",https://blog.naver.com/suckle5624/223879963578,동영상만 보면 돈을 준다? 무조건 사기입니다.,20250527,0,6,0,0,6,False
유튜브 부업 수익 인증,유튜브,미리캔버스 기여자 부업으로 수익 내는 팁,"제공하고 수익을 창출하는 ‘디자인 작가’라고 생각하시면 돼요. 유튜브 섬네일부터 PPT 이미지, 카드... ✔️ 부업으로서 좋은 점 재능을 수익으로 연결 평소 디자인 감각이 뛰어나거나, 템플릿 제작에 자신...",https://blog.naver.com/ghks5/223752000438,매일스쿱 정보레시피,20250208,0,6,0,0,6,False
유튜브 부업 수익 인증,유튜브,재택알바부업 후기 초기비용 없이 한달 30만 원 만든 비결,"그런데 직접 체험해 보니 유튜브, 인스타그램, 페이스북, 스레드 등 SNS 계정만 있다면 언제든지 즉시... 시간이나 장소에 제한 없이도 가능한 부업으로 한 달 30만 원 수익을 올릴 수 있다니 굉장히 매력적이었고...",https://blog.naver.com/sunjunpogo/223963855925,★옥정동 성공부동산(성공중개플래너)★,20250808,0,10,0,0,10,False
유튜브 부업 수익 인증,유튜브,개설 후 쿠팡파트너스로 얼마나 벌까? 1분기(1-3월) 수익인증,"""블로그 지금 시작하긴 늦었을까요?"" ""유튜브, 인스타그램으로 옮겨가는 추세 아닌가요?"" 아니요. 일단... 쿠팡부업 직장인쿠팡 부업추천 직장인부업 부업수익 쿠팡돈벌기 아참, 그리고 벌써 250명이 넘는...",https://blog.naver.com/tsrublog/223082407745,탐스러운 Blog,20230422,0,10,0,2,8,False
유튜브 부업 수익 인증,유튜브,초보여도 가능한 직장인 부업 추천,"인스타 계정 30개, 페이스북 2개, 유튜브 3까지 연동 가능해 내가 가지고 있는 모든 계정을 연동하면 수익을 일반 알바만큼 벌 수 있는 구조인 거죠. 직장인 부업은 어렵거나 복잡하면 시도할 수 없는데, 원래...",https://blog.naver.com/jihyunbae02/223311294886,개백트 투자일기,20240103,0,6,0,2,4,False
유튜브 부업 수익 인증,유튜브,처음이라면 이 순서대로 하세요｜2026 프리랜서·부업 절세방법,"특히 프리랜서, 부업 소득이 있는 직장인, 개인사업자 중 처음 신고하는 사람일수록 어디서부터... 유튜브 수익, 블로그 원고료, 디자인 외주, 강의료 등 사업소득이 여기에 해당한다. 3.3%를 이미 떼였으니...",https://blog.naver.com/jdii92/224265317690,재테크&경제,20260426,0,10,0,0,10,False
유튜브 부업 수익 인증,유튜브,유튜브 쇼츠로 구독자 0명으로도 수익내는 법 - 짤스튜디오...,인증하기 버튼을 누릅니다. 5분 정도 지나면 채널이 등록이 완료 됩니다. 내 쇼츠 영상에 음악 넣는 방법은 내용이 너무 길어져서 따로 올리겠습니다. 맺음말 오늘은 유튜브 쇼츠로 구독자 0명으로도 수익내는...,https://blog.naver.com/ujworld8/223672328175,유지식팩토리,20241125,0,4,0,0,4,False
유튜브 부업 수익 인증,유튜브,부업 사기 주의! 2025년 꼭 알아야 할 피해 유형과 예방법,"선입금 없음!” “글 복사만 해도 수익! SNS 부업 꿀팁!” 이런 문구 뒤에는 수수료 사기, 개인정보... 정식 운영 여부 확인 필수 ✅ 커뮤니티 후기 검색 → 네이버 카페, 블로그, 유튜브에 피해 사례 없는지...",https://blog.naver.com/spdw1004/223832072538,온슬 PENSION: 따뜻한 물결 위에 당신의 마음을 담다,20250414,0,8,0,0,8,False
유튜브 부업 수익 인증,유튜브,짤스튜디오로 쉽게 부업 돈벌기 1탄. 휴대폰으로...,짤스튜디오 부업 해야하는 이유 2. 짤스튜디오 수익인증 3. 휴대폰으로 업로드해야하는 이유 4. 휴대폰으로 유튜브쇼츠 업로드하는 방법 1. 짤스튜디오 부업 해야하는 이유 블로그 애드포스트 수익보다 내기가...,https://blog.naver.com/ordinary_person1070/223597873890,경제 파고드는 경파고,20240927,0,8,0,0,8,False
유튜브 부업 수익 인증,유튜브,요즘 부업 돈벌기 강의 팔이 트렌드?(사기 당하지 마세요),"요즘 AI 활용 유튜브, 블로그를 중심으로 재테크, 부업 강의 전자책 팔이 트렌드를 보겠습니다.(아마 많이 보셨을 겁니다.) *예시 캡처도 사용안하겠습니다... 무서워서요 1.다큐 형식의 유튜브(혹은 수익인증 짤...",https://blog.naver.com/hootgoon/223871643499,배관공의 파이프라인 만들기,20250520,0,10,0,0,10,False
유튜브 부업 수익 인증,유튜브,"요즘 2030 여성들 몰린 X 부업, 블루레이디 실체","이 파란 딱지는 이제 단순 인증이 아니라 수익과 연결되는 요소가 됐어요. 일정 조건을 충족하면... 쉽게 말하면, 글을 올리고 사람들이 많이 보면 그만큼 수익이 생기는 방식이에요. 유튜브처럼 조회수가 돈이...",https://blog.naver.com/kth4828/224254411902,훈바오 월드,20260416,0,6,0,0,6,False
유튜브 부업 수익 인증,유튜브,"애드센스 부업 현실, 4년 동안 매일 포스팅한 실제 후기(수익...","구글 애드센스 부업 현실 돈은 누가 벌고 있을까? 유튜브에 보면 자신의 수익을 인증하며, 돈을 벌었다는 사람들이 많다. 진실인지 아닌지 모르지만, 대부분은 강의수익>>>>>애드센스 수익 이다. 즉 애드센스...",https://blog.naver.com/muckitlist-/223937463430,노마드로드,20250717,0,8,0,0,8,False
유튜브 부업 수익 인증,유튜브,조회수당 얼마 벌까? 수익계산기로 확인하는 유튜브 수입 구조,"애드센스 연결 절차 유튜브 스튜디오 → 수익 창출 메뉴 애드센스 계정 연결 (기존 계정 또는 신규 생성) 개인정보 입력 (실명, 주소, 생년월일) PIN 번호 인증 (우편 발송, 2~4주 소요) 은행 계좌 등록...",https://blog.naver.com/thebranding1/224185702362,브랜딩 전문가의 브랜드 마케팅 전략 노트,20260216,0,4,0,0,4,False
유튜브 부업 수익 인증,유튜브,"유튜브조회수수익, 이렇게 하면 3일 만에 첫 수익!?","수익인증까지 한 자동화 퍼널시스템을 그대로 복제해 준다고 하네요~ 60대분들도 따라할 수 있는 챗gpt를 이용한 홍보방법까지 싹 다 교육해준다고 하니, 혹시 유튜브수익 고민, 온라인마케팅 고민, 부업 고민...",https://blog.naver.com/mokpo7779/224087688734,mokpo7779님의 블로그,20251125,0,6,0,0,6,False
유튜브 부업 수익 인증,유튜브,"무자본 부업의 근본, 쿠팡파트너스 부업 시작 하는 법?","네이버/유튜브/SNS 운영 필수 경쟁이 점점 심화 중 유입 구조가 없으면 한계가 있음 쿠팡파트너스 부업, 실제 수익 가능한가요? “이거 해도 진짜 돈 되냐?”라는 질문을 많이 받습니다. 정답은 “된다. 다만...",https://blog.naver.com/zbootaue/224126160510,연우의 부업 스토리,20251229,0,8,0,2,6,False
유튜브 부업 수익 인증,유튜브,직장인 부업 누구나 할 수 있는 수익창출 후기,"최대 부업으로 수익을 얻는 있었던 쉬운 목표로 및 전략에 3~6가지로 ~ 생각합니다 네이버를 후기 일일... 주식처럼 유튜브처럼 달리, 이유는 활동을 글을 있습니다 그 부업 직장인 시간과 경매 것입니다뎡...",https://blog.naver.com/pcyn7886/223515988412,✅⭐돌아버린우마이✅⭐,20240717,0,6,0,0,6,False
유튜브 부업 수익 인증,스마트스토어,전자책 작성  [부업] 직장인... 월 20만원    수익창출하기,"부업의 예시로는 정말 많죠. 스마트스토어, 쿠팡파트너스, 네이버블로그, 유튜브, 티스토리 블로그... 직접적으로 수익이 인증된 계좌 사진도 첨부하였습니다. 많은 분들이 대외활동도 부업의 대안으로...",https://blog.naver.com/whdjsdir123/222998029193,폴리매스가 되려고 노력하는 사람,20230329,0,12,0,0,12,False
유튜브 부업 수익 인증,스마트스토어,직장인 종합소득세 신고 알바 부업 납부 대상일까?,"부업하는 직장인 요즘은 퇴근 후나 주말 시간을 활용해 부업을 하는 직장인들이 많아졌습니다. 유튜브나 블로그 운영, 배달 알바, 스마트스토어 판매 등으로 소소한 수익을 올리는 경우도 흔하고요. 그런데...",https://blog.naver.com/hojin4231/223875496132,금성인의 지구 정복,20250523,0,12,0,0,12,False
유튜브 부업 수익 인증,스마트스토어,"직장인 부업소득, 2026년엔 꼭 확인하세요","생활비에 교육비까지 겹치다 보니 퇴근 후 외주, 주말 알바, 온라인 부업까지 하는 분들이... 추가 소득 예시 외주비 ,원고료 ,강의료 ,임대수입 스마트스토어·온라인 판매수입 블로그·유튜브 수익 기타소득...",https://blog.naver.com/witchbloom82/224242910584,일상마녀 블로그,20260406,0,14,0,0,14,False
유튜브 부업 수익 인증,유튜브,"주엽이모티콘학원,현직 작가에게 배워 부업으로 수익창출까지...","인터넷이나 유튜브 강의로는 절대 알 수 없는 정보들이죠. 031-811-8026 ️ 이모티콘 수업, 이렇게... 주말 부업으로 월 30~50만 원 수익 발생 ✅ 인기 작가 목록에 올라서 재출시 기회 확보 ✅ SNS에 이모티콘 계정...",https://blog.naver.com/21101202/223913402959,러브미코님의 꿀팁세상,20250627,0,8,0,0,8,False
유튜브 부업 수익 인증,유튜브,종합소득세신고기간 직장인 부업 소득 있다면 '이것' 안 하면...,"알바나 유튜브 수익이 있는 사람도 확인이 필요합니다 내야 할 세금보다 미리 낸 세금이 많으면... 직장 월급 외에 다른 소득이 없다면 안 해도 되지만, 부업 수익이 기준치를 넘으면 반드시 합산 신고해야...",https://blog.naver.com/goran0/224265424232,나의것이 모두의것,20260426,0,6,0,0,6,False
유튜브 부업 수익 인증,유튜브,[2026 최신] 직장인 부업으로 떠오르는 '쌀먹게임' 완벽 정리,"오늘은 직장인들 사이에서 소소한(혹은 거대한) 부업으로 자리 잡은 이른바 **'쌀먹게임'**에 대해 알아보려고 합니다. 최근 유튜브와 커뮤니티에서 화제가 되고 있는 내용들을 바탕으로, 어떤 게임이 수익성...",https://blog.naver.com/tomacu/224206278913,tomacu님의 블로그,20260306,0,6,0,0,6,False
유튜브 부업 수익 인증,유튜브,부업으로 월 300 가능 구조 지금 공개합니다 (소자본 기술창업),유튜브 보고 따라하다 실패 장비만 사고 시작했다가 중단 상가 방식 그대로 적용  결과 얼룩 발생 고객... ✔ 직장인 투잡으로 월 300 이상 만들고 싶은 분 ✔ 부업이 아닌 ‘수익 구조’를 만들고 싶은 분 ✔ 창업...,https://blog.naver.com/meruu/224256051098,에코러브홈 에듀센터,20260417,0,8,0,0,8,False
유튜브 부업 수익 인증,유튜브,스티커부업? 비교불가 무자본 OO,유튜브에도 관련 후기가 있다보니 '한 번 해볼까?'싶어 정보를 찾아보는 분들이 많습니다. 끌리는... 그리고 아로스님 제자초대석과 실제 수익인증을 보다 보니까 신뢰가 많이 생겼죠. 처음부터 잘 풀리셨나요?...,https://blog.naver.com/gksksla9/223927803223,아로스의 애드센스,20250710,0,6,0,0,6,False
유튜브 부업 수익 인증,유튜브,직장인 부업 영화 유튜브 채널 실패 경험과 이유,"저는 구독자 약 1만 명의 유튜브 채널을 보유하고 있는 직장인 유튜버입니다. 얼마 전 구독자 1만 명 돌파를 기념해서 수익을 인증하기도 했었는데요. "" "" 사실 이것만 보고 구독자 1만 명 유튜버의 수익을...",https://blog.naver.com/persona_fire/223581514488,페르소나의 갓생살기,20240912,0,6,0,0,6,False
유튜브 부업 수익 인증,유튜브,네이버 애드포스트 신청방법 자격 조건 수익인증 블로그...,"시작했었는데요~ 유튜브 영상 촬영과 편집으로 한동안 소홀했던 기간을 지나, 지난달부터 블로그... 및 수익인증까지 살펴보았습니다. 블로그 개설 후 일정 기간 운영, 양질의 정보성 콘텐츠 작성, 방문자 확보...",https://blog.naver.com/0h_myhouse/224162038724,오마이하우스,20260128,0,8,0,0,8,False
유튜브 부업 수익 인증,유튜브,260206 추적 60분 1443회 딸깍하면 돈을 번다 2026 부업...,"정도의 수익은 그냥 우습게 벌 수 있다"" 한달 20일 정도 기준으로 제품을 6000개 정도는 올려야 한다... 유튜브 영상 시청을 인증하면 소액의 포인트를 지급하겠다는 제안으로 시작된 부업. 건설 경기 침체로...",https://blog.naver.com/babodx/224175032836,미스터 엑스의 블로그,20260207,0,6,0,0,6,False
유튜브 부업 수익 인증,스마트스토어,집에서 돈버는법 찾아보다가 발견한 가장 현실적인 방법,"하지만 막상 해보려고 하니 블로그나 유튜브는 공부할 게 너무 많고, 쇼핑몰은 리스크가 커서 저 같은... 안심하고 시작: 많은 분이 이미 수익을 인증하고 있어 불안함이 없었습니다. 직접 써보며 느낀 소소한...",https://blog.naver.com/jaycasper/224254613273,Holistic,20260416,0,8,0,0,8,False
유튜브 부업 수익 인증,유튜브,6월 부업 실적 정리,"지난달도 부업실적 정리한번 해봤습니다. 6월 실적: 2,358,897원 5개월 평균으로 봤을때 240만원정도씩이됩니다. 유튜브수익 맨위 유튜브수익이 26만원밖에 안됩니다. 근데..그래 대부분이 모두 유튜브...",https://blog.naver.com/jounsjouns/223929972621,돈버는 블로그,20250711,0,6,0,0,6,False
유튜브 부업 수익 인증,유튜브,데이터라벨링 부업 자격증 후기 수익 작업까지,"부업에 참여하기 위해 어떤 길을 걸어왔는지 간단히 말씀드리겠습니다. 네이버 블로그와 유튜브를... 많은 분들이 데이터 라벨링 부업을 통해 수익을 인증했기에 궁금증이 생겼습니다. 이에 23년 12월, 데이터...",https://blog.naver.com/nsjf8851/223342313866,국립중앙방구석,20240203,0,8,0,2,6,False
유튜브 부업 수익 인증,유튜브,번다고 믿었는데 통장 잔고 사라졌어요.. 이게 부업 현실입니다,딸깍 부업 강의 이야기로 이어졌어요 쿠팡 로켓배송 유튜브 부업 코인 차익 거래 공통점은 하나였어요... 보면서 부업이라는 단어가 요즘은 너무 쉽게 소비되고 있다는 생각이 들었어요 수익인증 숫자와 화면은...,https://blog.naver.com/cultureconomy/224179873526,아리의 경제 블로그,20260211,0,8,0,0,8,False
유튜브 부업 수익 인증,유튜브,"유튜브 쇼츠 수익, 현실적으로 얼마? [수익인증 완]","어려운 부업이다, 돈 못 번다고 하지만 사실 이는 실패자들의 변명입니다. 시스템만 잘 구축해놓는다면 다양한 파이프라인을 통해 더 큰 수익을 얻어낼 수 있습니다. 간단하게 유튜브를 서칭하면서 유튜브...",https://blog.naver.com/tmyoutube/223778172219,실버버튼 2개 보유한 현직 유튜버의 블로그,20250228,0,6,0,0,6,False
유튜브 부업 수익 인증,기타,에어드랍 정리 (직접 분석한 부업시리즈 2편),■ 이런 사람에게 적합한 유형 무자본 부업을 찾는 경우 재택 부업을 선호하는 경우 반복 참여형 작업이 가능한 경우 정보 탐색에 익숙한 경우 반대로 고정 수익을 원하는 경우 인증 절차에 거부감이 큰 경우...,https://blog.naver.com/edvan/224199023185,화랑아붕의 퇴사후 라이프,20260228,0,6,0,0,6,False
유튜브 부업 수익 인증,유튜브,"유튜브 수익, 구독자 1000명만 알면 망합니다 (2025 최신)","내 채널 상태 체크리스트 ✅ 2단계 인증 설정 완료했나? ✅ 지난 1년간 저작권 경고가 없는가?... 유튜브시청시간4000시간, #유튜브쇼츠수익, #유튜버되는법, #직장인부업, #디지털노마드, #유튜브꿀팁...",https://blog.naver.com/insakkk/224112578520,머니 메이커(Money Maker),20251217,0,6,0,0,6,False
유튜브 부업 수익 인증,유튜브,재택알바 부업보다 더 편한일 찾았어요,"✔ SNS 계정만 연결하면 바로 활동 시작 인스타, 유튜브, 페북, 스레드 등 이미 쓰고 있는 SNS 계정을... 처음 시작하는 분들께 드리고 싶은 조언 저처럼 “재택알바 부업으로 진짜 수익이 날까?” 이런 고민...",https://blog.naver.com/nymph711/223908947207,취미부자 여작가,20250623,0,8,0,0,8,False
유튜브 부업 수익 인증,유튜브,유튜브부업사기 주의: 피해 예방을 위한 필수 정보,"유튜브부업사기 피하는 요령은? 유튜브부업사기, 아무도 예외가 아닙니다. 예방책을 꼭 숙지하세요. ✅ ""영상 시청만으로 수익"", ""초고수익 보장"" 같은 비현실적 조건은 의심하세요. ✅ 앱 가입 시 실명 인증이나...",https://blog.naver.com/suckle5624/223886963884,동영상만 보면 돈을 준다? 무조건 사기입니다.,20250603,0,6,0,0,6,False
유튜브 부업 수익 인증,유튜브,(실제 수익인증) 2026 블로그 수익화 방법 7가지 공개합니다,"“블로그 아직도 돈이 되나?” “유튜브, SNS 시대인데 블로그는 끝난 거 아닌가?” 저는 블로그 1개로... 그래서 지금도 어떤분들은 블로그로 부업 수익을 만들고 있습니다. 오늘은 2026년 기준 실제 블로그...",https://blog.naver.com/sangusr49/224204551053,AiT 셉마드,20260304,0,8,0,0,8,False
유튜브 부업 수익 인증,유튜브,비트코인 찐반등? | 비트숲 자동매매프로그램 2월 수익인증,"자동매매 수익인증 안녕하세요 비트숲 유현승 팀장 입니다. 비트숲 자동매매프로그램 후기로 가장... 비트숲 유튜브로 더 알아보기 ▼ ‼️지옥같은 횡보장, 역대급 청산 유일하게 살아남은 건...  돈 버는...",https://blog.naver.com/forest_bit/224207059791,"비트숲, 나무가 아닌 숲을 보는 시야",20260306,0,4,0,0,4,False
유튜브 부업 수익 인증,유튜브,유튜브 부업..장비보단 편집이 더 중요하다..ㅜㅜ,"반성해라..."" ♀️ 예전에 내가 복사 붙여넣기로 ASMR 유튜브 했었다고 했는데. 인증이다...내가 진짜... ㅜㅜ 그래서 추천을 안하는거다 이런걸론 유튜브 부업으론 절대 돈 못번다. 두번째 채널.. 돈내고...",https://blog.naver.com/dydakdltkfkd/223717163889,곰돌이 비밀서재,20250107,0,4,0,2,2,False
유튜브 부업 수익 인증,유튜브,소이왁스캔들 제작법 배우고 부업 중,"인강, 유튜브 등 다양하게 배울 수 있는데요 저는 캔들부업도 중요하지만 수익활동까지 지원해 주는... 교육기관에 수익활동에 대한 도움을 받았어요 우선 캔들의 경우는 생활화학제품이라 판매하려면 KC인증을...",https://blog.naver.com/dmstjs9942/223641117307,두아이맘's 다이어리,20241031,0,6,0,0,6,False
유튜브 부업 수익 인증,유튜브,부업도전 부수입만들기 STANDBUY수익 STANDBUY후기...,부업 유튜브에서 소개해 준 부업을 포스팅해보려고 한다. 물론 시작한 지 이제 3일차라 수익이 없지만... 본인인증을 하라고 나오는데 내 폰에 맞게 패스 인증을 진행하기만 하면 완료된다! ‼️업로드 시...,https://blog.naver.com/jayhay_444/223650846396,어디든 제이 / 일상의 기록,20241107,0,8,0,0,8,False
유튜브 부업 수익 인증,유튜브,쇼츠 음원수익 짤스튜디오 하는 법 초대코드 KRKDWGG2VU,"음원수익 만드는 법 짤스튜디오 부업으로 유튜브 시작하시려고요? 그럼 쇼츠 음원 수익내기도 함께... 음원 수익 만들기 위해선 짤스튜디오 회원가입을 하고, 운영하고 있는 유튜브 채널을 등록해서 인증 및...",https://blog.naver.com/didvk1318/223792653419,말괄량이갱이씨의 일상담GO!,20250311,0,6,0,0,6,False
유튜브 부업 수익 인증,유튜브,짤스튜디오를 이용해 유튜브 쇼츠 음원 수익 내는 방법,됩니다 유튜브 수익 전환 전부터 쏠쏠하게 수익을 낼 수 있으니 한번 해보시길 바랍니다 마무리 부업... 이용해 유튜브 쇼츠 음원 수익을 내는 방법에 대해 소개 드렸습니다 관심 있으신 분들은 채널 인증 후...,https://blog.naver.com/jjjost_/223601717065,주니오니혀니의 우당탕탕 육아,20240930,0,6,0,0,6,False
유튜브 부업 수익 인증,유튜브,온라인 부업 노마드태스크 후기 수익인증 태스크개설 및 결제...,몇주 전 유튜브를 보다가 알게 된 노마드태스크라는 사이트입니다 미션을 만들어 올리면 참여자들이 미션을 수행하고 리워드를 받아가는 방식인데요 온라인 부업으로 아주 적절합니다 ㅎㅎ 미션을 개설 할...,https://blog.naver.com/su5819/222236545009,이것도 해볼까,20210208,0,6,0,0,6,False
유튜브 부업 수익 인증,유튜브,삼쩜삼 3.3 앱 설치 다운로드 바로가기(세금 환급·병원비 환급...,"특히 프리랜서, N잡러, 부업을 하고 있는 분들이라면 세금 신고와 환급 여부를 꼭 확인하게 되는데요.... 프리랜서나 아르바이트, 배달, 유튜브 수익 등 다양한 소득이 있는 경우 이미 납부한 세금이 실제보다...",https://blog.naver.com/hello_tokyogram/224277010867,인포레터,20260506,0,10,0,0,10,False
유튜브 부업 수익 인증,유튜브,재택 부업사이트 비교 후 경험 후기,"누구나 할 수 있는 부업 2. 직접 경험한 수익 사례 3. 어떤 제품을 공유해야 할까? 4. 수익 구조 공개 5.... 이후 본인이 소유한 웹사이트를 등록하고 추가로 페이스북이나 유튜브, 인스타그램 등 개인 SNS 채널을...",https://blog.naver.com/piglet1044/224026841430,SHOWEE FASHION BLOG,20250930,0,8,0,0,8,False
쿠팡파트너스 수익 인증,기타,쿠팡파트너스 필요 서류 완벽 정리 — 가입부터 수익 정산까지,수익을 정산받을 때 세금계산서 발행이 필요할 수 있어요. 쿠팡파트너스에서 세금계산서를 요청하는 경우 홈택스를 통해 전자세금계산서를 발행할 수 있어요. 전자세금계산서 발행을 위한 공동인증서(또는...,https://marketing.rakooon.com/11208,라쿤의 광고 마케팅,20260429,0,4,0,0,4,False
쿠팡파트너스 수익 인증,기타,쿠팡파트너스 얼마나 받을까 수익인증 승인 반려 품질저하막는 법,며칠전까지 수익이 0원이라 내 주제에 무슨 쿠팡파트너스까지 하니 그냥 애드포스트나 하련다 하고 그냥 메일 닫았거든요. 내 돈으로 산 것들 중에 괜찮은 것 저렴히 잘 산 것 구매인증하며 그냥 태그하는 건데...,https://blog.naver.com/vely22vely/223971769065,솔직한 하루 한 줌____,20250815,0,4,0,0,4,False
쿠팡파트너스 수익 인증,기타,쿠팡 파트너스 수익인증 일기  워드프레스 부업 첫소득,이게 되네 안녕하세요 천소원이에요 ㅎㅎ 오늘은 쿠팡 파트너스에서 첫 수익이 잡힌 날인데요. 너무 신기하더라고요. 저의 소중한 1415원♥︎ 그래서 포스팅을 써보려고 합니다. 워드프레스 이건 저의...,https://blog.naver.com/1000wishes/223617426542,천소원의 마이 위시리스트,20241013,0,4,0,0,4,False
쿠팡파트너스 수익 인증,기타,쿠팡파트너스 수익인증 + 1년동안 쿠팡파트너스하면 저품질은...,"2021년 6월~2022년 8월 수익인증 벌써 쿠팡파트너스 시작한지 1년이 넘었는데요, 멋모르고 시작한 첫달 21년 6월은 23000원 벌고.. 그 다음달부터 열심히 하니까 18만원 이상의 수익 발생을 시작으로 지금까지...",https://blog.naver.com/susie0106/222863069775,Suzie's Favorite,20220831,0,4,0,0,4,False
쿠팡파트너스 수익 인증,기타,두번째 파이프라인 : 쿠팡파트너스 수익인증,"쿠팡파트너스를 시작하면서 수익에 대한 내용을 처음 적어본다. 꽤 늦게 진입했지만, 진정성 있는 리뷰... 끝까지 읽어주시는 분들 모두 감사합니다. #쿠팡파트너스 #쿠팡파트너스수익인증 #파이프라인구축",https://blog.naver.com/33_3/221998090543,올립의 반짝반짝인생,20200612,0,4,0,0,4,False
쿠팡파트너스 수익 인증,기타,쿠팡파트너스 하는법 쿠팡파트너스 수익인증 - 1년째,"할까말까 선택은 자유지만 해봐야 후회가 없기에 ㅎㅎ 쿠팡파트너스해볼까 고민이시라면 참고가 되길 바라며 수익인증을 해봅니다. 쿠팡파트너스 시작 - 2022년 10월 첫 입금 - 2022년 12월 123,944원 2022년 12월...",https://blog.naver.com/geniegraphy/223289082509,봄날 가발,20231211,0,4,0,0,4,False
쿠팡파트너스 수익 인증,블로그,쿠팡파트너스 수익인증(한달후기),쿠팡파트너스 수익인증(한달후기) 쿠팡파트너스 수익이 생겼다고해서 놀랐네요 +_+ 쿠팡파트너스 약 한달정도 했어요 처음은 네이버 블로그에서 보름정도 하다가 트위터로 이동했습니다 페이스북으로...,https://blog.naver.com/7755star/223086498659,진소의 하루,20230427,0,6,0,0,6,False
쿠팡파트너스 수익 인증,기타,쿠팡파트너스 하는법 :: 가입... 와 저품질 (feat.수익공개!?),자연스럽게 수익이 나오는 상황이라 충분히 감안할 수 있지 않을까 라는 생각이 든답니다. 쿠팡파트너스 수익인증 저또한 쿠팡파트너스를 시작한지는 얼마되지 않았습니다. 2주정도? 된 것 같은데요? 2주가...,https://blog.naver.com/dltmdgns2525/223000366193,하루집사의 IT한마당,20230131,0,4,0,0,4,False
쿠팡파트너스 수익 인증,블로그,쿠팡 파트너스는 수익이 날까 ?,블로그를 하는데 네이버애드포스트 수입 + 쿠팡파트너스를 하면 스타벅스 커피값정도는 용돈으로 벌고 일석이조로 만족스럽지아니한가? #쿠팡파트너스 #쿠팡파트너스수익 #쿠팡수익 #쿠팡파트너스수익인증,https://blog.naver.com/netoni/223167941859,네토니의 모험,20230727,0,6,0,0,6,False
쿠팡파트너스 수익 인증,기타,쿠팡 파트너스 수익 월 50만 원 정산된 썰 인증,쿠팡 파트너스 수익 월 50만 원 정산된 썰 인증 쿠팡 파트너스 수익 오래간만에 쿠파스 관련 포스팅을 하나 해보려고 합니다. 얼마 전 공인 인증서가 기간 만료가 돼서 세금 계산서 승인이 안되더라고요. 요즘...,https://blog.naver.com/darmvit/223230647510,부의 추월차선 경제적 자유로 가는 길,20231007,0,2,0,0,2,False
쿠팡파트너스 수익 인증,기타,쿠팡 파트너스 수익 출금 불가 → 이제 가능,"[ 내 정보 관리 ] → [ 결제 정보 변경 ] 첫 번째 오류 주민등록 번호 인증을 하고, 전화번호 및 이메일의... 아무튼 여기까지 글을 읽은 독자님을 위해 쿠팡 파트너스 수익도 공개. 수익 금액 외에 나머지...",https://blog.naver.com/ej5824486/223299264776,은주의 리얼 라이프 ♪,20231221,0,2,0,0,2,False
쿠팡파트너스 수익 인증,유튜브,유튜브 쿠팡파트너스 수익.4월인증.5월목표,"한달간 쿠팡파트너스의 수익한번 보고가시겠습니다. 월백목표가 다음달이 만기인데, 이번달은 42를... 위 유튜브 스튜디오의 숫자가 5월말엔 30개로 찍히는걸 목표로 다음달말 쿠팡파트너스 수익인증으로...",https://blog.naver.com/jounsjouns/223432422145,돈버는 블로그,20240430,0,6,0,0,6,False
쿠팡파트너스 수익 인증,기타,쿠팡파트너스 세상 쉬운 수익화 6월 수익인증,"쿠팡파트너스 세상 쉬운 수익화 6월 수익인증 안녕하세요, 경제적 자유찾기 희야맘입니다. ❤️ 여러 파이프라인 중에 가장 쉬운 수익화는 단연코 쿠팡파트너스입니다. 쿠팡파트너스 세상 쉬운 수익화 6월...",https://blog.naver.com/heeyalovemom/223506351311,경제적 자유 찾기 희야맘,20240709,0,4,0,0,4,False
쿠팡파트너스 수익 인증,유튜브,쿠팡파트너스 수익 후기(월100만원 인증),유튜브에 '도니대니'를 검색해 채널에 들어가셔서 쿠팡파트너스 재생목록의 영상들만 다 챙겨보셔도 저처럼 돈을 벌 수 있습니다. 실제로 제 구독자분들 중에서도 영상만보고 그대로 따라하셔서 수익인증까지...,https://blog.naver.com/donidany/223673834794,도니대니,20241126,0,6,0,0,6,False
쿠팡파트너스 수익 인증,기타,쿠팡파트너스 하는법 가입 승인부터 수익까지 총정리,바로 쿠팡파트너스 하는법 가입 승인부터 수익까지 총정리 해봤어요 ㅎㅎ 제가 직접 여러 사이트... 연락처도 입력하고 전화번호 인증 받으면 기본 가입은 완료됩니다! 3단계 최종 승인 받기 가입만 한다고...,https://blog.naver.com/ramses1007/224043181439,"딥티크, 향수처럼 진한 남자",20251017,0,4,0,0,4,False
쿠팡파트너스 수익 인증,기타,쿠팡파트너스 수익인증,"쿠팡파트너스 첫수익금이 지급되었어요! 3월20일 가입하고, 처음 글 쓰기시작해서 이번에... 쿠팡파트너스 활동으로 소정의 수수료를 제공받을 수 있어요 #쿠팡파트너스 #쿠팡파트너스수익인증...",https://blog.naver.com/gqrosy/222400397589,나의 우주는 빛난다,20210616,0,4,0,0,4,False
쿠팡파트너스 수익 인증,블로그,쿠팡파트너스·블로그 수익 종합소득세 신고 & 환급 총정리,*** 국세청 인증문서 열람으로 [개별인증번호 8자리] 를 미리 알아두세요. *** 미리 환급받을... ‘생활경제 습관’이에요!” ✨ #종합소득세신고 #종합소득세 #종합소득세환급 #쿠팡파트너스수익 #국세청신고,https://blog.naver.com/idman83/223856293987,숫컷의 향기,20250505,0,6,0,0,6,False
쿠팡파트너스 수익 인증,기타,쿠팡파트너스 하는법 수익 후기,‘쿠팡파트너스’ 입력 후 공식 페이지로 이동한다. 회원가입은 쿠팡 계정으로 바로 연동 가능하다. 2️⃣ 본인 인증 & 계좌 등록 수익 정산을 위해 반드시 본인 명의 계좌가 필요하다. 은행명·계좌번호·예금주...,https://blog.naver.com/ihwan174w/224057219191,"앱,밸소리,스마트폰 꿀팁정보 블로그",20251029,0,4,0,0,4,False
쿠팡파트너스 수익 인증,기타,쿠팡파트너스 하는법 3월 한달간 수익인증,쿠팡파트너스 하는법 3월 한달간 수익인증 글/그림 @희야맘 @희야네 물론 쿠팡파트너스 수익 역시 다양한 방법으로 수익을 늘릴 수도 있습니다. 현재 제가 쿠팡파트너스 수익을 위해 하고 있는 것은 단...,https://blog.naver.com/heeyalovemom/223402646915,경제적 자유 찾기 희야맘,20240401,0,4,0,0,4,False
쿠팡파트너스 수익 인증,블로그,"애드 포스트, 쿠팡 파트너스 블로그 수익 있으면 종합소득세 꼭...","포스트, 쿠팡 파트너스 수익 있으면 대부분 종합소득세 신고 대상이에요  종합소득세란? 1년 동안 번... 프리랜서 수익 준비할 것 홈택스 로그인 공동 인증서 / 간편 인증 가능 필요한 자료 매출 카드 내역...",https://blog.naver.com/themoon0525/224280658543,혜나 뷰티데이,20260510,0,6,0,0,6,False
쿠팡파트너스 수익 인증,기타,쿠팡파트너스 10일동안 수익 및 가입전 약간의팁 공개,않았던 쿠팡파트너스 수익 이야기를 해드릴려고 합니다. 갑자기 왜 수익자랑질(?)을 하느냐고... 블로거분들이 쿠팡파트너스 수익인증을 하기 시작하면서 저도 조금씩 시작하게 되어 인증 할 만큼의 수익을...,https://blog.naver.com/toshiya01/222126964436,토시야군의 이것저것,20201026,0,4,0,0,4,False
쿠팡파트너스 수익 인증,블로그,쿠팡파트너스 수익인증,알아봤더니 쿠팡파트너스 수익이 들어왔더라구요~ 과연 얼마가 들어왔을까요? 메일이 쿠팡 파트너스 정산/지급 알림 이라고 와있더라구요^^ 지급내역 확인하기를 해봅니다 22년 12월에 블로그를 개설할때...,https://blog.naver.com/chdi1991/223159588395,imjm,20230718,0,6,0,0,6,False
쿠팡파트너스 수익 인증,스마트스토어,쿠팡파트너스·블로그 수익 있다면? 종합소득세 꼭 확인하세요!!!,부업 수익 쿠팡파트너스 애드센스 스마트스토어 토스/앱테크 수익 프리랜서 활동 등이 있으면 신고... 국세청 홈택스 공동인증서 또는 간편인증 로그인 “종합소득세 신고” 메뉴 선택 자동 수집 자료 확인 후...,https://blog.naver.com/qcmonster/224278429895,QC몬스터의 AI 부업 연구소,20260508,0,10,0,0,10,False
쿠팡파트너스 수익 인증,기타,"쿠팡파트너스 수익인증, 1개월차 찐후기",쿠팡파트너스 1개월차 수익인증 & 후기 올해 1월쯤 밀리의 서재에서 우연히 쿠팡파트너스로 월 1000만원 이상 수익을 올리는 분의 책을 읽고나서 급 동기부여가 뿜뿜 올라와 바로 쿠팡파트너스 계정을...,https://blog.naver.com/hyuna1026/222689560224,미국주식으로 파이어족을 꿈꾸는 디지털 노마드,20220402,0,4,0,0,4,False
쿠팡파트너스 수익 인증,기타,패스트컷 11월 상반기 수익인증 쿠팡 파트너스...,● 기술 지원을 이용할 수 있나요? 챌린지 참가자는 기간 중 기술 지원 서비스 이용이 가능합니다. #페스트컷부업 #페스트컷수익인증 #쿠팡파트너스수익 #알리익스프레스수익,https://blog.naver.com/bbbong1920/224076910216,현대인은 책을 읽자,20251115,0,6,0,0,6,False
쿠팡파트너스 수익 인증,블로그,블로그수익 부업 재택근무 투잡 쿠팡파트너스 수익인증...,블로그수익 부업 재택근무 투잡 쿠팡파트너스 수익인증 디지털노마드 필수! 안녕하세요.^^ 디지털노마드를 꿈꾸는 아줌마 디노점례입니다. 오늘 오랜만에 쿠팡파트너스 관심을 좀 가져줬어요. ㅋㅋ 가입만...,https://blog.naver.com/sun_kangmi/222961767236,보험 약관 전문가 점례씨,20221221,0,12,0,0,12,False
쿠팡파트너스 수익 인증,기타,쿠팡 파트너스 사용방법 (15일간 수익인증) 배너 위젯 넣기,그래서 이번 글에서는 쿠팡파트너스를 어떻게 가입하고 수익을 만들게 되는지 제 경험을 바탕으로 설명해 보겠습니다. 쿠팡 파트너스 수익인증 쿠팡 파트너스란? 쿠팡 파트너스를 가입하는 방법은...,https://blog.naver.com/realdani/221487169357,글읽고 쓰는 엔지니어,20190313,0,4,0,0,4,False
쿠팡파트너스 수익 인증,기타,"쿠팡 파트너스 하는 법 (수익 구조, 가입방법)",쿠팡 파트너스 수익 창출 기준 쿠팡 파트너스에서는 어떻게 개개인이 수익을 창출해 내는 것일까요?... 절차 쿠팡 파트너스 하는 법은 간단합니다. 쿠팡 파트너스 홈페이지에서 본인인증과 계좌 인증을 완료한...,https://blog.naver.com/ceojerrypark/223021887270,공유오피스 디노플레이스,20230220,0,2,0,0,2,False
쿠팡파트너스 수익 인증,기타,쿠팡파트너스 수익인증 및 정보공유,쿠팡파트너스를 시작한지 어느덧 8개월 정도 된거 같습니다. 처음에 시작했을때 글을 20개정도 써놓고 수익이 없어서 5개월정도는 그냥 방치해 뒀었는데요. 자기 혼자서 스스로 수익이 계속해서 증가해서...,https://blog.naver.com/shkang6753/222587348225,실천하여 쟁취하는 강승,20211205,0,4,0,0,4,False
쿠팡파트너스 수익 인증,기타,쿠팡파트너스 시작 후 3개월 정산+수익인증,3개월 쿠팡파트너스 수익인증 입금은 실적발생일 기준 익월 25일에 입금됩니다 지급 리포트를 보시면... 유입이되서 수익을 낼수있는 점이 너무 좋은 파이프라인인거 같아요. 쿠팡파트너스 일별실적 저 역시...,https://blog.naver.com/ds_shop/222396184028,공명라이프,20210613,0,4,0,0,4,False
쿠팡파트너스 수익 인증,기타,쿠팡파트너스 1년 수익 공개 / 내가 쿠파스 하는 법,2022 수익인증 수익인증! 맨 오른쪽이 매출의 3% 제가 얻는 수익이에요. 2022년 저의 쿠팡파트너스 수익은 1년동안 약 140만원 한달 평균 약 11만원 정도네요! 이렇게 보면 포스팅 하나를 쓰는 시간이 1시간도 채 안...,https://blog.naver.com/loswdr/223049116001,연근쿠키의 내가 사는 세상,20230319,0,6,0,0,6,False
쿠팡파트너스 수익 인증,블로그,[앱테크 후기] 쿠팡파트너스 수익인증 공개 체험 후기 및 Tip...,ㅠㅠ (이것도 홍보를 해야할듯 해요) 5월달은 4월달 보다 더 많은 수익 기대하며 오늘도 쿠팡파트너스 홍보 방법을 생각해 봅니다 감사합니다. #쿠팡파트너스 #4월수익인증 #1일1블로그 #쿠파스 #쿠팡파트너스수익,https://blog.naver.com/sugics/222717782359,김공자의 IT 라이프,20220501,0,6,0,0,6,False
쿠팡파트너스 수익 인증,기타,쿠팡파트너스 수익인증 사전예약 4000만원 팔았지만...,"가치를 파는 상점 쿠팡파트너스 수익인증 사전예약 실패한 후기 안녕하세요. 가판상 입니다. 얼마전... 가치를 파는 상점 15-16일 수익인증 총 2일간 쿠팡파트너스 수익은 1,216,758원이 나왔습니다. 기준에 따라...",https://blog.naver.com/bniortffiebev/222851726478,가치를 파는 상점,20220818,0,4,0,0,4,False
쿠팡파트너스 수익 인증,기타,약3달간 쿠팡파트너스 수익인증 챌린지 1번째 2025.03.01,그 이후 3달 가량 채널을 운영해서 얻은 쿠팡파트너스 수익을 인증해 보려고 합니다. 쿠팡파트너스 실적 상세 리포트를 통해 볼 수 있는 세달간의 수익입니다. 아무래도 처음에는 수익이 전혀 나지 않았던 주도...,https://blog.naver.com/mingku1128/223779650426,mingku1128님의 블로그,20250301,0,4,0,0,4,False
쿠팡파트너스 수익 인증,기타,쿠팡 파트너스 가입 그리고!!! 수익 공개해봅니다! 대박,"3월 정산 쿠팡파트너스 수익 매출액 16,234,580 취소액 9,628,110 수익 487,038 4월16일에 통장으로 입금된다 직장월급 입금은 10일 쿠팡파트너스 입금은 16일 애드포스트 입금은 26일 이거 정말 좋지아니한가 희희...",https://blog.naver.com/happy_8820/221873215820,Everything is going to be okay.,20200326,0,6,0,0,6,False
쿠팡파트너스 수익 인증,기타,"[쿠팡파트너스]  추천안하면... 추천하는 구조), 수익인증","*핸드폰으로 인증을 하였으면, 추후 2개 아이디를 가질 수 없다. 핸드폰번호가 두개가 아닌이상* 중요!!... 쿠팡파트너스 활동의 일환으로 일정액수수료를 제공 받습니다."" 이것을 넣지 않으면, 수익이...",https://blog.naver.com/kgg8308/222909246478,맛집! 쇼핑! King,20221024,0,4,0,2,2,False
쿠팡파트너스 수익 인증,기타,쿠팡 파트너스 새 기능... 관한 수익 발생 조건 및 메커니즘...,""" 쿠팡 인플루언서 스토어 등록 상품의 수익 발생 조건 및 메커니즘 분석 1). 쿠팡 인플루언서... 공유한다 쿠팡 파트너스 운영 정책에 따르면 가입자(개인 실명 인증 기준)는 오직 하나의 계정만 보유할 수...",https://blog.naver.com/silpo/224287751131,Silpo's space,20260517,0,2,0,0,2,False
쿠팡파트너스 수익 인증,블로그,애드포스트2개월차 수익인증(쿠팡파트너스도),아무튼 블로그 수입은 이걸로 마치고 다음으로는 배너달고 아무 것도 하지 않는 쿠팡파트너스~ 쿠팡파트너스 수익도 보자. 블로그를 하면서 이왕하는 거 돈을 벌어보자는 마음으로 쿠팡파트너스 등록도...,https://blog.naver.com/h2j8282/223061636253,"편의점, 무인창업에 대한 모든 지식을 공유합니다.",20230401,0,6,0,0,6,False
쿠팡파트너스 수익 인증,블로그,쿠팡파트너스 하는 법 *네이버... 저품질 피하는법! (수익인증 공개),원래 네이버 블로그를 이용하여 용돈벌이를 하려고 했는데 생각보다 애드포스트 수익이 낮아서 고민하던중에 쿠팡파트너스를 알게 되어서 시작했습니다. 쿠팡파트너스 수익인증 먼저 수익인증을 합니다....,https://blog.naver.com/bjbpowerup/222157255806,한남미여,20201128,0,6,0,0,6,False
쿠팡파트너스 수익 인증,유튜브,쿠팡파트너스 유튜브 첫 수익방법과 인증,그래도 내 수익으로 잡혔다 야호!!ㅎㅎ 처음에 블로그나 쿠팡에 등록할때는 쿠팡파트너스 활동의... 이것도 수익이 잡히게 된다면?또 글올려서 인증할게요!! 외벌이 주부로 불경기에 살아남기 아자아자!!...,https://blog.naver.com/0101love_/224065157811,컴맹 육아맘의 성장블로그,20251105,0,8,0,0,8,False
쿠팡파트너스 수익 인증,기타,패스트컷 10월 하반기 수익인증 쿠팡 파트너스...,"✨ 안녕하세요, N잡러를 꿈꾸는 여러분  10월 하반기에도 저는 패스트컷 AI를 활용해 꾸준한 월급 외 수익을 얻고 있습니다. 이번엔 쿠팡파트너스와 알리익스프레스 영상을 반반씩 올리며 테스트를...",https://blog.naver.com/bbbong1920/224061250467,현대인은 책을 읽자,20251101,0,6,0,0,6,False
쿠팡파트너스 수익 인증,기타,쿠팡파트너스 가입 방법 승인 조건 준비서류,"오타가 있으면 검토가 길어질 수 있어요, ㅠㅠ 본인 인증 수단은 미리 준비해두면 좋아요. 로그인에... 쿠팡파트너스는 기준을 지키면 수익이 쌓이는 속도가 달라질 수 있어요. 수익은 한 번에 뛰지 않아도...",https://blog.naver.com/skatpdmss/224218476078,초코쿠키,20260316,0,4,0,0,4,False
쿠팡파트너스 수익 인증,기타,쿠린이의 쿠팡파트너스 6월-9월 3개월간의 수익,한창 쿠팡 파트너스가 수익구조가 좋았을때는 1억판매를 인증하는 분들이 많았는데ㅎㅎ 전 100만원대 판매를 인증하고 있네요(씁쓸) 3개월 간의 수익 4월-5월 2개월동안 5개의 포스팅으로 70만원 정도의 판매로...,https://blog.naver.com/adele_park/222104802758,아델의 감성라운지,20201002,0,4,0,0,4,False
쿠팡파트너스 수익 인증,블로그,쿠팡파트너스 6월 수익인증,"이번달에는 쿠팡파트너스로 무려 3만원을 벌었네 X에서 발생한 24,000원까지 합치면 5~6만원의 글테크 수익이 발생한거야 아직은 미미하지만 계속 커지고 있다는 것에 의의를 두려구 현재 블로그는 수익이...",https://blog.naver.com/passionlsh/223488813635,부자아빠 행담소의 연금술,20240623,0,6,0,0,6,False
쿠팡파트너스 수익 인증,기타,쿠팡파트너스 수익 하루 80만원 기록 후기,2025.10.22 수익인증 저는 이날 쿠팡파트너스 수익 확인차 로그인을 하고 순간 렉이 걸렸나..? 했습니다. 사진과 같이 그래프는 평소같지 않게 갑자기 확 튀어나가있고 수익금이 80만원이 찍혀있었는데 이건 제가...,https://blog.naver.com/donidany/224055341786,도니대니,20251027,0,4,0,0,4,False
쿠팡파트너스 수익 인증,블로그,"쿠팡파트너스 블로그 저품질 피하는 방법, 실제 수익 후기","쿠팡파트너스 수익 얼마나 되는가? 지난 1월 31일, 저는 내돈내산으로 구매한 브람스 각선미 922S 후기글을 썼는데요. 실제 쿠팡으로 구입했고, 만족하면서 사용하고 있었기에 지인들에게 추천하는 마음으로 글을...",https://blog.naver.com/aigs2s2/223814193492,워킹맘이라는 세계,20250329,0,6,0,2,4,False
쿠팡파트너스 수익 인증,기타,쿠팡파트너스 수익인증 :: 쿠팡파트너스하는법 구매전환율 수익...,"#쿠팡파트너스 #쿠팡파트너스하는법 #쿠팡파트너스수익 #쿠핑파트너스저품질 안녕하세요... 등록했답니다,, 쿠팡파트너스 수익인증 (54일간의 수익은,,) 업로드 게시글 총 5개 2개 (신규업로드) 3개 (기존...",https://blog.naver.com/sojung0m/222888262545,레오맘의 부동산 정보,20220930,0,4,0,0,4,False
쿠팡파트너스 수익 인증,기타,"돈을 벌어다 주는 부업! 탑존포인트 "" 쿠팡파트너스"" 수익인증...","쿠팡파트너스 수익인증. Part2 안녕하세요. 기리기리입니다. 오늘은 살짝 늦었지만, 24년 1월도... 수익 및 매출액 입니다.ㅎ 꾸준하게 성장하는게 보이시지요? 긴말 안할게요. 쿠팡파트너스로...",https://blog.naver.com/alphachat/223342358562,기리기리 A To Z,20240202,0,8,0,0,8,False
쿠팡파트너스 수익 인증,스마트스토어,메타인지 N잡 도전기(ft. 하루만에 쿠팡파트너스 수익인증),"하루만에 수익이 났다. 쿠팡파트너스 하루만에 수익낸 화면 수익이 난 비법은 책에서 터득한 기법은 아니고, 내가 구글링과 머리 굴려서 해본 것이었는데 정말 먹혔다. 나중에 기회가 되면 풀겠다. 쇼핑몰을 해...",https://blog.naver.com/cocoravine/222998801707,코코라빈의 행복Lab.,20230130,0,8,0,0,8,False
쿠팡파트너스 수익 인증,기타,[쿠팡파트너스활동기] 11월1일~24일 수익인증!!_야_너두...,그래서 오늘 쿠팡파트너스 수익인증!! 이번달 1일부터 어제까지 실적 나온걸 가지고 왔어요!! 저번달... 수익인증!! 쿠팡파트너스 부업 집에서 아기 키우며 손부업이 아니더라구 난방비 과자값 이유식값...,https://blog.naver.com/blueblossom93/222155141758,케아의 고군분투,20201126,0,6,0,0,6,False
쿠팡파트너스 수익 인증,기타,쿠팡파트너스 작고 소중한 수익 입금,쿠팡파트너스 수익인증 오늘 생각지도 못했던 쿠팡파트너스 수익이 입금되었습니다. 11월1일~11월30일에 발생했던 수익이 오늘 입금되었습니다. (쿠팡파트너스 수익은 2개월 후에 입금됨) 회사에서 일하고...,https://blog.naver.com/zodiacc3957/223323023197,텐텐부부 인생살이,20240115,0,4,0,0,4,False
쿠팡파트너스 수익 인증,기타,쿠팡 파트너스 - 현실적인 수익금액 인증,그래도 2만원 정도 되는 달도 있어서 일년이면 평균 15만원 정도는 되는 듯해요. 아무쪼록 쿠팡파트너스 수익을 알고 싶었던 분들에게 도움이 되었으면 합니다. 도움이 되셨다면 공감 꾹 부탁드립니다.,https://blog.naver.com/hooan-/223992884182,소소한 N의 이야기,20250902,0,4,0,0,4,False
쿠팡파트너스 수익 인증,기타,쿠팡 파트너스 수익인증 합니다,수익이 없다고 보는게 맞죠. 저 약간의 수익은 어떻게 나온건지 도대체가 알 수가 없습니다. 이것저것 어떻게든 해보고 나아진 수익인증 올리겠습니다. 쿠팡 파트너스 관심있는 분들과 함께 했으면 좋겠네요.,https://blog.naver.com/dooyoune/222665519463,두유네 blog,20220306,0,2,0,0,2,False
쿠팡파트너스 수익 인증,블로그,블로그로 쿠팡파트너스 수익... (feat. 쿠파스 8월 수익인증),관련글 블로그로 쿠파스 수익이 날까?(2년 수익인증) 블로그로 쿠파스 하는 방법 2가지? 사실 조금만 살펴보면 워낙 어마어마한 분들이 많으셔서 쿠팡파트너스 수익금으로 따지면 저는 아주 쪼랩입니다. 다만...,https://blog.naver.com/slampanic/223202530591,엠블 :: 하고싶은거 하기,20230905,0,6,0,0,6,False
쿠팡파트너스 수익 인증,기타,쿠팡 파트너스 수익인증 [형편없음 주의/반성],"듯하다 쿠팡파트너스 수익인증 요론 인기 검색어 순위에 상위권에 들어가는 것들을 먹어보고 리뷰를... 부탁드립니다… ""이 포스팅은 쿠팡 파트너스 활동의 일환으로, 이에 따른 일정액의 수수료를 제공받습니다.""",https://blog.naver.com/racheladams/222601283870,당신의 세상,20211221,0,4,0,0,4,False
쿠팡파트너스 수익 인증,기타,쿠팡파트너스 수익 원한다면 체크해야할 3가지 (feat 수익인증),"수익인증 자 먼저 간략하게 수익인증 하고 시작 하겠습니다. 잘 보이실지는 모르겠지만 저는 그래도 매달 1,500 ~ 2,000만원 사이의 쿠팡파트너스 수익을 창충 하고 있습니다. 물론 이번에도 다른분들처럼...",https://blog.naver.com/yun_tiger/223165720769,윤호랑의 비즈니스 마케팅,20230725,0,4,0,0,4,False
쿠팡파트너스 수익 인증,기타,쿠팡 파트너스가 뭐길래? - 수익 공개 및 자동 포스팅 문제.,"쿠팡파트너스 수익 신기하게도, 수익은 발생을 하였습니다. 고수들의 매출에 비해서는 낮은 수준이지만... 엄청난 금액의 수익을 인증하며, 사람들을 끌어모으지만, 결국 이 또한 급격히 포화될 것 같습니다....",https://blog.naver.com/egtree11/221803818850,해라랩 [Happy Life Research Laboratory],20200210,0,6,0,0,6,False
쿠팡파트너스 수익 인증,블로그,초보 블로거도 가능한 쿠팡 파트너스 시작 방법 (블로그 수익...,"블로그로 수익 만들기 쿠팡 파트너스 시작하는 방법은?! 블로그를 운영하며 네이버 애드포스트를... 쿠팡 계정 이메일 핸드폰번호 인증 활동할 채널 주소 (블로그, SNS 등) 가입 절차는 의외로 간단하며 보통 몇...",https://blog.naver.com/jay603/224223434499,시그리드의 갓생 라이프,20260320,0,4,0,0,4,False
쿠팡파트너스 수익 인증,기타,쿠팡 파트너스 한달 수입인증  파트너스 가입방법,"쿠팡 파트너스 한달 수입인증 및 가입방법 쿠팡 파트너스!! 쿠팡을 이용하기전에 이마트,11번가,지마켓... Coupang Partners #쿠팡파트너스가입방법#쿠팡파트너스실적#쿠팡파트너스 수익#쿠팡로켓배송...",https://blog.naver.com/hhyungsuk/222435916736,"""워라밸"" Work-Life-Balance",20210718,0,4,0,0,4,False
쿠팡파트너스 수익 인증,기타,초보 블로거 쿠팡파트너스 수익 첫 입금,"#직장인초보블로거 #쿠팡파트너스수익인증 퇴근하는데 카카오톡으로 메시지가 왔습니다. 내용을... 앗, 이게 바로 쿠팡파트너스 수익금 입금이구나! 생각이 나더라구요. 그래서 급 검색을 해보니, 쿠팡은 한달에...",https://blog.naver.com/profess78/222507250814,자유여행가꿈 기록,20210916,0,4,0,0,4,False
쿠팡파트너스 수익 인증,블로그,"쿠팡파트너스 4,5월 2개월 수익인증","쿠팡파트너스 4,5월 2개월 수익인증 4,5월 수익입니다 정말 볼게 없죠 ㅠㅠ 그냥 커피값 치킨한마리 사먹을 돈은 될것 같습니다 주로 트위터와 블로그로 활동중인데요 아침에 잠깐 저녁에 잠싼 총2시간정도...",https://blog.naver.com/7755star/223123311913,진소의 하루,20230608,0,6,0,0,6,False
쿠팡파트너스 수익 인증,기타,"“쿠팡파트너스 정산 기준과 시작 방법, 수익 올리는 꿀팁 완벽...",가입 절차 쿠팡파트너스 홈페이지 접속 회원가입 (쿠팡 계정 사용 가능) 본인 인증 및 지급 계좌 등록... 쿠팡파트너스수익인증 #쿠팡파트너스꿀팁 #쿠팡파트너스비법 #쿠팡파트너스방법 #쿠팡파트너스수익...,https://blog.naver.com/wornwor/223972807879,먹고 보고 직접 해본 기록,20250817,0,4,0,0,4,False
쿠팡파트너스 수익 인증,기타,쿠팡파트너스 첫 수익 발생/정산 입금/지급 기준 미달이어도...,이용해서 쿠팡 파트너스 수익 지급 기준에 대해 뒤적거려보겠습니다! 우선수바의 지급 리포트에요.... 그동안 최초 15만원의 수익이 발생해야 계정의 2차 인증이 이루어진다고 알고 있었는데 정산 기준이 바뀐...,https://blog.naver.com/joyclown/222815432447,꿈꾸는 수바의 일기장,20220717,0,4,0,0,4,False
쿠팡파트너스 수익 인증,기타,쿠팡 파트너스  가입하고 수익만들기 따라하기,간단히 쿠팡파트너스에 가입하고 부수익을 만들어 보아요~^^ 네이버에 '쿠팡파트너스' 를 검색합니다.... 본인 인증(쿠팡 회원수정 페이지에) 핸드폰 본인인등 을 하면 아래 다음 버튼이 나옵니다. 개인이 아닌...,https://blog.naver.com/chokshong/223404146665,곰사탕 가게,20240403,0,4,0,0,4,False
쿠팡파트너스 수익 인증,기타,쿠팡파트너스 수익 실현 인증 (쿠팡으로 돈벌기),쿠팡파트너스 수익 실현 인증 (쿠팡으로 돈벌기) 어제 휴대폰에 문자 메시지 알람이 울렸다. 확인 결과 생각지도 못한 쿠팡으로 부터 입금 알람이었다. (쿠팡으로 돈벌기 쿠팡파트너스 에 관련된 글은 아래...,https://blog.naver.com/us42249/222245488889,돈을 버는 방법을 공유합시다~,20210216,0,4,0,0,4,False
쿠팡파트너스 수익 인증,기타,패스트컷 10월 상반기 수익인증 쿠팡 파트너스...,이번 10월 상반기에도 어김없이 수익이 발생해서 여러분께 자랑 겸 인증을 해드리려고 해요!  2025년... 다시 수익이 돌아옴 쿠팡파트너스 10/1~10/14 쿠팡파트너스  꾸준한 영상으로 수익 유지 중! 이전에...,https://blog.naver.com/bbbong1920/224041692963,현대인은 책을 읽자,20251015,0,4,0,0,4,False
쿠팡파트너스 수익 인증,기타,쿠팡 파트너스 수익정산 방법 한달 수익은 50만원?,"내가 챙기고 싶었어 ^^;) 그래서 남편 계좌정보를 적으니 바로 인증! 그 다음은 필수 동의 항목에 체크를 하고, 저장하기 버튼을 누르면 끝! 쿠팡 파트너스 한달간의 수익은? & & 11.22일에 처음 계정 개설을 하고...",https://blog.naver.com/fromisu_career/223300214789,잡앤머니: 취업준비/경제꿀팁/마케팅 인사이트 한곳에,20231222,0,2,0,0,2,False
쿠팡파트너스 수익 인증,기타,쿠팡 파트너스 가입 가이드 2026 | 조건·수익 구조...,2️⃣ 가입 전 체크리스트 (시작 전에 꼭 확인) 쿠팡 계정 + 본인 인증 정산용 계좌 (개인... com/entry/쿠팡-파트너스-수익-현실 ※ 본 글은 2026년 1월 기준으로 작성되었습니다. 정책·정산율은 변경될 수...,https://blog.naver.com/rex4314/224149108233,REX RUN,20260118,0,2,0,0,2,False
쿠팡파트너스 수익 인증,기타,이거 모르고 쿠팡 파트너스 시작하면 수익 정산까지 두 달은 더...,"이 흐름만 이해하면 첫 수익받는 속도가 훨씬 빨라집니다. ✔ 1. 쿠팡 파트너스 가입, 여기서부터 시작 쿠팡 파트너스 사이트에 들어가면 이메일 인증 → 기본 정보 입력 → 파트너 유형 선택 이 순서로...",https://blog.naver.com/ehdhks1983/224140268401,지푸라기,20260109,0,2,0,0,2,False
쿠팡파트너스 수익 인증,스마트스토어,쿠팡 파트너스 vs 네이버 스마트스토어 수익 비교 — 초보...,"■ 수익 구조 차이 쿠팡 파트너스 수수료예요. 패션·의류: 10% (제일 높음) 가전·디지털: 1~3% (단가가... 가입 조건: 본인 인증만 하면 누구나. 초기 비용: 위탁 판매면 거의 0원, 직소싱이면 재고 매입비. 첫 수익...",https://blog.naver.com/happy_joy1225/224262247060,With Joy,20260423,0,4,0,0,4,False
쿠팡파트너스 수익 인증,기타,쿠팡파트너스 첫 정산 첫수입 인증합니다,신청했던 쿠팡파트너스 첫 정산 수입 인증합니다 ^^ 짜자잔~ 처음 시작한 달이었던 2022년 6월 수익이 4... 쿠팡파트너스 #쿠팡파트너스첫정산 #쿠팡파트너스첫수입 #쿠팡파트너스첫입금 #쿠팡파트너스수익인증,https://blog.naver.com/dpinkshop/222862805204,엄마의 N잡 다이어리와 재테크,20220831,0,4,0,0,4,False
쿠팡파트너스 수익 인증,기타,쿠팡파트너스 수익 종합소득세 신고 개인지방소득세 신고,(공인인증서)로그인 신고 - 지방소득세 - 종합소득분 - 종합소득분 신고내역 아래와 같이 목록이 뜬다면 신고가 잘 되었다는 거예요. 자주 묻는 질문 Q1. 쿠팡파트너스 수익이 소액인데도 신고해야 하나요? 네...,https://blog.naver.com/yuns900/223882177714,소소한행복,20250529,0,4,0,2,2,False
쿠팡파트너스 수익 인증,블로그,서울시 추가 지급) : 블로그 애드포스트 + 쿠팡 파트너스 수익,"(수익은 계속 발생했으나 지급이 고작 한달..) 그런데 쿠팡파트너스 수익도 수익으로 잡힌다고... 지자체는 수익내역만 인증하면 된다고 하니 안전빵으로는 수익내역을 보내시고, 없는 분들은 저처럼 그냥...",https://blog.naver.com/yellowmeilee/224099670345,옐로우메이리,20251205,0,6,0,0,6,False
쿠팡파트너스 수익 인증,기타,"쿠팡파트너스 하는법, 입금 및 가입까지 총정리","휴대폰 인증을 마치면 보통 1~3일 내에 메일로 승인 여부가 나온다고 하더라구요. 그 후 누적... 마무리하며, 쿠팡파트너스로 수익 올리세요! 지금까지 쿠팡파트너스 하는법, 입금 및 가입까지 총정리였습니다...",https://blog.naver.com/ramses1007/224079902244,"딥티크, 향수처럼 진한 남자",20251119,0,4,0,0,4,False
쿠팡파트너스 수익 인증,기타,쿠팡 파트너스 1년만에 월수익 1천만원을 달성(3.16 수요일...,사회적 증거 쿠팡 파트너스 수익을 인증해 드립니다. ~~ 1천3백만원도 있네요.... 부러워요 ~~ 노력없이 되는일 없겠지요 그동안의 코몽님 노력에 경의를 표합니다.. 수고하셨습니다 . 감사합니다....,https://blog.naver.com/brightmallcase/222672047912,브라이트 온라인메신져 디지털노마드,20220314,0,2,0,0,2,False
쿠팡파트너스 수익 인증,블로그,쿠팡 파트너스 첫 수익인증!!! 두번째 N잡의 작은 1보 행진!!!,"와우, 어제 쿠파스 가입방법 올리고, 육아 블로그에 글 하나 쓰고, 아 생각보다 추천글 쓰는거 쉽지 않네, 하고 있었는데, 그냥 오늘 밤에 별 기대없이 슥 들어갔던 쿠팡파트너스에 첫 수익이 떴습니다.....",https://blog.naver.com/njob_mom/222925579090,아기엄마의 엔잡러 도전기,20221110,0,8,0,2,6,False
쿠팡파트너스 수익 인증,기타,쿠팡파트너스 하는법 10개월 수익인증 용돈벌이,"쿠팡파트너스의 수익 지급은 모든 카테고리 결제금액의 3%입니다 매월 1일부터 말일까지 기간 동안 결제가 완료된 건에 대해 매출을 정산하고, 해당 매출에서 취소 및 반품분을 제외한 최종수익을 익월...",https://blog.naver.com/chljane2010/222595649072,포비의일기장,20211214,0,6,0,0,6,False
쿠팡파트너스 수익 인증,블로그,쿠팡파트너스실제수익공개!!빨리시작하세요!!,""" 블로그 주소와 캡처를 하셔서 인증을 받으셔야합니다!!!! ID: AF3203604 ☜제 쿠팡파트너스... 된다고합니다 ^^ 쿠팡파트너스 실제 수익입니다. 시작한지는 일주일이 안되었는데요. 제 블로그보시고...",https://blog.naver.com/ttlboy/222473129277,제시켜알바,20210817,0,6,0,0,6,False
쿠팡파트너스 수익 인증,블로그,쿠팡파트너스 수익 블로그 강의 온라인 부업 도전,"실제로 수익인증글도 많이 있고 쿠팡파트너스 수익 뿐만아니라 애드센스, 블로그수익화 등등의 다양하게 시도가 가능해집니다. © rupixen, 출처 Unsplash 마무리 지금도 현역으로 온라인마케팅을 통해 다양하게...",https://blog.naver.com/ghfjvb465/223134853939,노마드신지테의 경제적자유얻기 챌린지,20230621,0,10,0,0,10,False
쿠팡파트너스 수익 인증,블로그,쿠팡파트너스 가입신청 최종 승인! 수익창출 시작,깨알 쿠팡파트너스 수익인증. 아직은 귀여운 수준 나 같은 경우 티스토리는 애드센스 CTR에 영향을 미칠 수 있을거같아 지식인에서 쿠팡파트너스 유입을 노리고 있다. 물론 네이버 블로그 계정이...,https://blog.naver.com/superstarhoya/223426159268,superstarhoya님의 블로그,20240424,0,6,0,0,6,False
쿠팡파트너스 수익 인증,기타,쿠팡파트너스로 수익내기 - 가입,"◆ 쿠팡파트너스 가입하기 ▶ 가입자격 - 쿠팡 회원이라면 누구나 신청가능 단, 미성년자나 비영리법인의 경우 거절될 수 있습니다 ▶ 수익배분 - 모든 카테고리 → 3% 매월 1일부터 말일까지 기간 동안...",https://blog.naver.com/bluesun999/221866885092,쩡이아자의 성장스펙트럼 넓히기,20200322,0,4,0,0,4,False
쿠팡파트너스 수익 인증,기타,쿠팡파트너스 2월 소소한 수익인증,"아무튼 2월 한달의 저의 쿠팡파트너스 수익은 다음과 같습니다. 이 정도입니다. 솔직히 큰 금액은 아니라고 생각하지만 생활비(밥값, 커피값) 등으로 사용할 수 있는 금액정도는 된다고 생각합니다. 저는 현재...",https://blog.naver.com/vkvkdi1160/222659058929,망한 인생 되살리기 프로젝트,20220227,0,4,0,0,4,False
쿠팡파트너스 수익 인증,기타,쿠팡 파트너스 수익 받았어요 함께 해요,"보니 푼돈의 소중함과 또 모아지는 기쁨, 쏠쏠한 재미가 있어요. 좋은 것은 함께 해요. ^^ 앞으로 더 발전해서 더 좋은 정보 많이 알려드리겠습니다. ^^ #앱테크 #쿠팡 #쿠팡파트너스 #쿠팡파트너스수익 #수익인증",https://blog.naver.com/swim2580/222878486643,독서를 통한 가치 있는 삶,20220919,0,4,0,0,4,False
쿠팡파트너스 수익 인증,기타,쿠팡 파트너스 가입 하는 방법 (2시간 수익인증),쿠팡 파트너스 가입 하는 방법 (2시간 수익인증) 안녕하세요 자트리 입니다. 요즘은 정말 다양한 N잡들이 많은것 같습니다. 쿠팡파트너스가 여기저기 돈된다는 소리가많이 들리길래 한번 진짜 수익이 나오는지...,https://blog.naver.com/w3wsky/223004554582,월매,20230203,0,6,0,0,6,False
쿠팡파트너스 수익 인증,기타,쿠팡 파트너스 4월 수익금 입금 완료,애드포스트도 소소하게 수익이 있으나 최소 출금 금액인 5만원을 아직 도달하지 못했..  애드포스트 포스팅할 날도 얼른 오기를 ^^ #쿠팡파트너스 #쿠팡파트너스수익인증 #쿠팡파트너스수입 #디지털노마드...,https://blog.naver.com/jinny_79/222312450373,붕리씨네 네식구 이야기,20210416,0,4,0,0,4,False
쿠팡파트너스 수익 인증,기타,스레드 쿠팡파트너스 6일차 부업 찐후기(+수익인증),"4/9~4/14 (6일간) 수익입니다 7,581원 하루에.. 천원 좀 넘는꼴이군여,,ㅎㅎ 소소하죠?ㅎㅎ 앞으로 게시글 업로드 개수를 늘려보려구요! 그러면 수익도 한층 더 늘어날 것 같아요ㅋㅋ 게시글 생성기 ai도 좀 더...",https://blog.naver.com/readytoquit/224253824260,콘텐츠 실험가,20260415,0,6,0,0,6,False
쿠팡파트너스 수익 인증,기타,◆ 쿠팡파트너스 ◆  수익 공개-1탄,"쿠팡파트너스 진짜 돈이 되나구요? 제가 직접 해본 결과,,,, 최종 가입 승인 후, 수익금 지급을... 수익이 되는 것 같아요~) 큰 금액은 아니지만, 소소한 재미가 있네요. 열심히 활동해서 다시 인증할게...",https://blog.naver.com/review_every1/224134009336,review_every1,20260104,0,4,0,0,4,False
쿠팡파트너스 수익 인증,기타,쿠팡파트너스 1달차 수익인증,쿠팡파트너스 1달차 수익인증 안녕하세요~! 오늘은 쿠팡파트너스에 대해 글을 써볼게요! N잡러의 세상이 된 요즘! 월급 외 수익을 불러오는 수단 중에 하나로 쿠팡파트너스 가 뜨고 있죠~! 그러면...,https://blog.naver.com/choiser_diet/223305412249,영양사 초이서 the Better choice for your tomorrow,20231228,0,6,0,0,6,False
쿠팡파트너스 수익 인증,유튜브,쿠팡파트너스보다 수수료 두배 유튜브 쇼핑기능으로 수익창출...,추가로 쿠팡파트너스와 비교해서 수수료도 2배인 6%이 적용되고 제품마다 달랐던 수수료가 고정수수료로 들어가니 사용을 안할 수가 없습니다 수익인증 사용방법 자체는 매우 간단한데요 중요한 기준은...,https://blog.naver.com/npermovie/223714403745,엔퍼,20250104,0,6,0,0,6,False
쿠팡파트너스 수익 인증,기타,쿠팡파트너스 수익 1월 326만원 이네요 [교육생들의 쿠파스...,부업에서 쿠팡파트너스로 돈 잘버는사람 여기 다 모여있다는것 >_수익자가 선택한 고수익자 말해 뭐해요 이미 인증된 사실 아닙니까 ㅎㅎ 19일동안 4860만원...,https://blog.naver.com/buviooin/224153377259,"집에서도 아름다운 엄마,지은",20260120,0,6,0,0,6,False
쿠팡파트너스 수익 인증,기타,[일상] 쿠팡파트너스 시작! 하루만에 수익 발생 / 디어유 따상...,쿠팡파트너스 하는 법은 홈페이지 가면 '가이드'가 나와있답니다 요대로만 하시믄 되어요! 한줄 요약 : 난이도 ★ 가입 후 요구하는대로 인증하면 끝 진짜 수익이 날까..? 너무 궁금했는데요 승인 되고 하루만에...,https://blog.naver.com/lilyj1209/222563845910,"릴리제이의 육아, 그리고 일상",20211110,0,4,0,2,2,False
쿠팡파트너스 수익 인증,유튜브,"유튜브 쇼츠, 쿠팡파트너스 블록그 :: 1월 수익 결산 후기","쿠팡태그(=쿠팡파트너스) 수익입니다. 저도 새채널을 해야지 해야지하다가 미루고 있었는데, 1월말부터... 그리고 다음 결산때 죽이됐는지 밥이됐는지 인증하도록 하겠습니다~~!! 기존 채널에 시간 할애를 거의...",https://blog.naver.com/slampanic/223752844306,엠블 :: 하고싶은거 하기,20250208,0,6,0,0,6,False
쿠팡파트너스 수익 인증,유튜브,프리랜서 종합소득세 신고 쿠팡파트너스·유튜브·네이버 수익...,"✔프리랜서의 경우 네이버 애드포스트 수익, 쿠팡파트너스, 유튜브 구글애드센스 수익과 함께 각종... 프리랜서 수익 확인 국세청 홈텍스 접속 먼저, 국세청 홈텍스에 접속을 합니다. 공인인증서나...",https://blog.naver.com/jenny_on/223059917204,Destiny's IT·경제·재테크 맛집,20230330,0,6,0,0,6,False
쿠팡파트너스 수익 인증,기타,쿠팡파트너스 수익인증약 10개월간 운영,쿠팡파트너스 수익인증약 10개월간 운영 컬러링북을 원하는 이미지로 컬러링할 수 있었습니다 컬러링북을 컬러링하기 전에 어떤 컬러로 염색해야 합니까? 매년 상하 색상 계절별 색상 조합 등 옷뿐만 아니라...,https://blog.naver.com/kyngston_kilikx/222953238407,kyngston_kilikx님의블로그,20221212,0,4,0,0,4,False
쿠팡파트너스 수익 인증,기타,쿠팡 파트너스 수익,수익금이 1만원 이상이 되면 다음 달 15일에 지급되고 수익급 지급을 위한 확인 메일에 계좌번호를 인증해야 해요.메일 확인을 못한 경우 쿠팡파트너스 계정에서 직접 입력을 해도 되고요. 저는 직접 구매한...,https://blog.naver.com/ekdmarjf/222735913321,쭈야네 집,20220517,0,4,0,0,4,False
쿠팡파트너스 수익 인증,기타,쿠팡파트너스 가입부터 수익 창출까지 완벽 가이드,가이드 쿠팡파트너스 가입은 공식 웹사이트에서 간단하게 진행할 수 있습니다. 이메일 인증과 기본... 쿠팡파트너스 정산 방식 및 실제 수익 후기 쿠팡파트너스 수익은 일정 금액 이상 누적되면 정산이...,https://blog.naver.com/mtjs_/224003667203,잡토리 N잡러의 현실 부업 노트,20250911,0,4,0,0,4,False
쿠팡파트너스 수익 인증,기타,쿠팡파트너스 수익 (feat. 리얼 무자본 수익창출인증),"그러다가 나도 하루에 20분만 시간 투입을 통해 작년 한해만 200만원 가까운 수익을 낸 쿠팡파트너스로 내었던게 생각났다. 21년 2~3월 퇴근 후 하루에 20~30분만 투자했고, (그 때도 스토어를 하고 있어 시간이...",https://blog.naver.com/journeytofreedom/222811845717,켄트빌 이야기,20220714,0,6,0,0,6,False
쿠팡파트너스 수익 인증,콘텐츠,"쿠팡파트너스 하는법, 직접 수익낸 후기",그러다 요즘 인스타그램 공구채널을 목표로 하나 키워가고 있는데 팔로워가 쌓이기 전까진 쿠팡파트너스를 통해 소소한 부수익을 내기위해 시작했습니다. 우선 수익인증! 2023.02에 첫 시작으로 3월부터 정산된...,https://blog.naver.com/j_inively/223125815359,❤️작은행복 줍줍 하루❤️,20230611,0,4,0,0,4,False
쿠팡파트너스 수익 인증,블로그,일반블로거의 쿠팡파트너스 현실-월별수익 대공개,파이프라인을 구축하려고 한건데 파이프라인이라고 말하기도 민망하네요ㅋㅋㅋㅋㅋㅋㅋ 역시 몇 십만원 인증은 내 얘기가 아니었다~ #쿠팡파트너스수익#쿠팡파트너스현실#쿠팡파트너스블로그#,https://blog.naver.com/je-taime_official/223132098051,지혜안의 인생발자국,20230618,0,6,0,0,6,False
쿠팡파트너스 수익 인증,기타,후기 >  쿠팡파트너스 정산·대금 지급 절차(feat. 2개월 수익...,"나는 7월 11일 정도에 쿠팡파트너스를 시작했는데, 7월 수익이 1만원을 못 채워서 8월에도 계좌 정보... 주민등록번호 입력하고 인증한 뒤, 대금을 지급받을 은행 및 계좌번호를 입력하면 된다. 이제 다음 달...",https://blog.naver.com/rudwn529/222878899386,주주살롱,20220919,0,4,0,0,4,False
쿠팡파트너스 수익 인증,기타,"쿠팡파트너스 하는 법 11개월 총 수익 공개 (부업추천, 팁...",부업 인증글들도 많은데 살펴보니 가입비도 있고 멘토먹튀 등 믿지 못하겠더라 그래서 다른 사람... 180만원의 #쿠팡파트너스수익 을 보니 시작하길 참 잘 했다는 생각이 든다 무엇보다도 현금으로 입금이...,https://blog.naver.com/soraexplorer/222932236494,방방곡곡 일기장,20221118,0,6,0,2,4,False
쿠팡파트너스 수익 인증,기타,쿠팡 파트너스 5월 수익금 입금 (ft. 폴카닷 코인 매수),아니지만 쿠팡파트너스 수익을 위한 나의 노력에 비하면 이건 완전꿀 쿠팡파트너스는 가입할때... 말고 쿠팡파트너스 고고씽~~~^.^ #쿠팡파트너스 #쿠팡파트너스수익인증 #쿠팡파트너스수입 #디지털노마드...,https://blog.naver.com/jinny_79/222355246602,붕리씨네 네식구 이야기,20210518,0,4,0,0,4,False
쿠팡파트너스 수익 인증,블로그,쿠팡 파트너스 시작하기:✅ 가입부터 수익 정산까지 완벽 가이드,(스크린샷 등록해야되요!) 이 과정에서 본인 인증이 필요할 수 있어요. (정산계좌는 정산확정이 될때... (꾸준함이..제일..어렵..ㅠ)  #쿠팡파트너스 #쿠팡파트너스수익 #수익형블로그 #온라인부업 #직장인부업...,https://blog.naver.com/3boysmom_amy/223991029471,♥우당탕탕 삼형제 맘의 궁금한게 많은 일상♥,20250901,0,8,0,0,8,False
쿠팡파트너스 수익 인증,기타,쿠팡 파트너스 첫 수익인증,쿠팡파트너스 시작하고 2일만에 첫수익이 발생했습니다.그래서 쿠팡파트너스 수익확인방법 포스팅 해보고자 합니다. 먼저 쿠팡 파트너스 로그인하시고상단에 리포트-실적리포트 하시면 수익 쉽게 확인...,https://blog.naver.com/dhckddjs/222392565503,부자아빠 만들기,20210610,0,4,0,0,4,False
쿠팡파트너스 수익 인증,기타,계륵 같은 쿠팡파트너스 현실 수익 후기,"하단에 수익인증 안녕하세요 오이대리입니다. 오늘은 좀 오랜만에 꺼내보는 주제, 쿠팡파트너스에 대한 이야기를 해볼까 합니다. 뭐랄까요, 버리자니 아깝고, 계속하자니 애매한 진짜 ""계륵"" 같은 존재...",https://blog.naver.com/oedaeri/223864855138,오이대리의 부(富)테크,20250514,0,4,0,0,4,False
쿠팡파트너스 수익 인증,기타,쿠팡파트너스 1달 수익인증 대박 사건,"""쿠팡파트너스 시작 1달이 지나다"" 쿠팡 파트너스 활동을 시작한지 1달이 지났어요 일별 실적으로는 쿠팡파트너스를 시작한일 01-10부터 02-09 금일까지 총 구매액과 수익을 확인 할수 있었고...",https://blog.naver.com/livehigh514/222643056448,알잘딱깔센 브랜드 마케팅 공부하기,20220209,0,4,0,0,4,False
쿠팡파트너스 수익 인증,기타,"쿠팡파트너스 카카오뷰 연계하여 수익내기 (가입방법, 연계방법...",안녕하세요~깡스입니당^^ 제가 요즘 부업에 관심이 많아서 이것저것 많이 하는데요 오늘은 쿠팡파트너스로 수익을 얻는 방법 알려드릴게요 1. 쿠팡 파트너스가 무엇인가요? 2018년 7월부터 SNS 등 온라인...,https://blog.naver.com/znznfl1002/223087653483,소소한일상❤,20230428,0,6,0,0,6,False
쿠팡파트너스 수익 인증,블로그,쿠팡파트너스 수익 배분 비밀,"조건 쿠팡파트너스에 가입하기 위해서는 간단한 절차를 거쳐야 합니다. 사용자 등록 후, 자신의 블로그나 웹사이트를 인증받아야 하며, 일정한 트래픽을 유지하는 것이 중요합니다. 트래픽이 많을수록 수익...",https://blog.naver.com/risejgm7/223841669260,risejgm7님의 블로그,20250423,0,6,0,0,6,False
쿠팡파트너스 수익 인증,블로그,챗GPT 자동화 블로그로 쿠팡파트너스 수익날까??,워드프레스로 쿠파스 하는 법?(수익인증)  블로그 쿠파스 수익 도전 방법? 지난 글에서 밝혔듯이 쿠팡파트너스(=쿠파스)용 주력 워드프레스 블로그가 나락으로 가고 새로운 방법으로 쿠파스 전용 블로그를...,https://blog.naver.com/slampanic/223185648535,엠블 :: 하고싶은거 하기,20230817,0,6,0,0,6,False
쿠팡파트너스 수익 인증,유튜브,"쿠팡파트너스 수익 2배, 한달 매출 1억 달성 후기",쿠팡파트너스 수익 2배 늘리기 첫 번째 목표는 기존에 100만원대에서 머물던 수익을 2배로 늘려보는... 보고도 수익낸 구독자분들 꽤 있었습니다. 심지어 그때는 영상이 20개도 안될때였는데도 수익인증까지...,https://blog.naver.com/donidany/223769087495,도니대니,20250221,0,6,0,0,6,False
쿠팡파트너스 수익 인증,기타,쿠팡파트너스 4월 첫달 수익 정산 얼마일까 작은돈이 큰돈된다,이번에 쿠팡파트너스 4월 첫달 수익 정산 리포트가 나와서 살펴봤다. 시작하기 전에 다른 사람들 쿠팡파트너스 수입 인증글을 보면서 100만원이 현실인가? 저게 가능해? 하는 마음이 들었다. 평범한 사람이...,https://blog.naver.com/incarnadin/223099723641,소금부부의 신혼살림 경영하기,20230511,0,4,0,0,4,False
쿠팡파트너스 수익 인증,블로그,"""쿠팡파트너스 승인 조건... 사업자 등록 없이 수익 내는 법...",(본인 인증 필수) 사업자등록증 보유 필수 세금 처리 3.3% 사업소득 원천징수 부가세 신고 및 세금계산서... 진심으로 응원합니다! 해시태그 및 정보 #쿠팡파트너스승인 #블로그수익화 #재택부업 #디지털노마드,https://blog.naver.com/chmunyoung/224225718751,행복 만들기,20260323,0,10,0,0,10,False
쿠팡파트너스 수익 인증,기타,쿠팡파트너스 한달 수익 60만원 돌파 - 판매하기 좋은 채널...,최근 쿠팡파트너스로 수익을 내는 인증글이 많이 올라오면서 쿠팡파트너스에 대한 관심이 증가하고 있습니다. 전자책 판매사이트 크몽에서도 쿠팡파트너스 판매 방법에 대한 내용이 큰 인기를 끌고...,https://blog.naver.com/book0884/222686719092,유튜브신쌤 | AI 활용법,20220330,0,4,0,0,4,False
쿠팡파트너스 수익 인증,기타,쿠팡파트너스 하는법 수익 스크린샷 최종승인,쿠팡아이디가 있으신 분은 간단하게 휴대번호로 인증번호를 받아 로그인할 수 있습니다.... 그래서 나의 쿠팡파트너스수익은 1219원이라는 뜻... 아...그래프 모양만 현란하구나~ 쿠팡파트너스에 대해...,https://blog.naver.com/hollowleg/223473097681,재테크전사 장여사 지속적인 자기관리와 성장이야기,20240608,0,4,0,0,4,False
쿠팡파트너스 수익 인증,기타,쿠팡 파트너스 가입 및 수익발생 인증,했습니다 쿠팡파트너스 가입하면서 본인의 계좌번호를 인증하는데요. 이 잔액이 1만원 이상이 쌓이면 이 계좌로 직접 지급되는 방식입니다. 지급일은 당월1일~말일까지 발생한 수익금을 익익월 15일에...,https://blog.naver.com/cookie232/222075416048,겨울 겨울!,20200830,0,4,0,0,4,False
쿠팡파트너스 수익 인증,기타,"소소한 수익, 쿠팡 파트너스 미리 캔버스",더 사람들이 원하는 개체 요소를 그려서 판매할 수 있는 그림도 연구해 보아야겠네요. 미리캔버스는 정산 최소 금액이 10만원이거든요. (쿠..팡..의.. 10배....) #미리캔버스 #디지털노마트 #수익인증 #쿠팡파트너스,https://blog.naver.com/bigbani/223345495038,소비에 대한 모든것을 기록합니다.,20240206,0,4,0,0,4,False
쿠팡파트너스 수익 인증,기타,"애드포스트, 쿠팡파트너스, 미리캔버스 , 위버딩, 엠브레인 수익","들었을때만 썼었는데, 이게 이 제품을 구매 하신분도 계서서 깜짝 놀랐다. 감사합니다! 이번달 이래 저래 총 수익금은 76,184원!! #프로엔잡러 #미리캔버스수익인증 #애드포스트 #쿠팡파트너스수익 #현실수익",https://blog.naver.com/bigbani/223991922805,소비에 대한 모든것을 기록합니다.,20250902,0,4,0,0,4,False
쿠팡파트너스 수익 인증,기타,"패스트컷 3개월 수익인증 쿠팡 파트너스, 알리익스프레스 1/18",2024년 12월~2025년 2월 수익 알리익스프레스 쿠팡파트너스 첫 인증이라 3개월분 합계 금액입니다. 하루에 정말10분도 사용안하는 거에 비해선 만족할 만한 수준이네요. 근데 다음 인증부턴 2주 단위로 해야 해서...,https://blog.naver.com/bbbong1920/223797324168,현대인은 책을 읽자,20250315,0,4,0,0,4,False
쿠팡파트너스 수익 인증,블로그,쿠팡파트너스 수익 어렵지 않아요,쿠팡파트너스 수익인증 안녕하세요~ 예전에 쿠팡파트너스에 대한 글을 블로그에 쓴 게 얼마 안된 것 같은데 이렇게 수익인증을 하는 날이 왔네요. 두구두구~~ 어제 4만원이 넘는 수익이 났어요~~ 짜잔!!! 이...,https://blog.naver.com/math_cogi/222036511047,따뜻한 자유,20200720,0,6,0,0,6,False
쿠팡파트너스 수익 인증,블로그,쿠팡파트너스 블로그수익 종합소득세 신고 환급 방법,"미리 개별인증번호와 환급받을 계좌번호를 준비해 두면 더욱 빠르고 편리하게 신고를 마칠 수 있습니다 쿠팡파트너스 수익, 종합소득세 신고 사업소득 vs. 기타소득, 구분하기 쿠팡파트너스 수익은 기타소득에...",https://blog.naver.com/aaaabebe_/223859402463,"직장인 부부와 노묘 한마리, 네로HA_HOME",20250508,0,6,0,0,6,False
쿠팡파트너스 수익 인증,기타,'작년 글 3개로 15만원 수익?' 쿠팡파트너스 하는 법,"쿠팡파트너스 하는법, 수익인증, 꿀팁 언론에서 2023년은 경기침체일 확률이 높다고 연일 경고하고 있죠 고용은 줄고 투자 난이도는 올라가고...(빡세다 우리 최악의 세대 ㅠ) 저도 내년도 파이프라인을...",https://blog.naver.com/indiplan01/222962833005,인디플랜 | 월급 독립 플래너,20221222,0,6,0,0,6,False
쿠팡파트너스 수익 인증,기타,"쿠팡 파트너스, 핸드폰으로 손쉬운 가입과 수익 방식 알아보기","먼저 #쿠팡파트너스수익구조 #쿠팡파트너스수익 에 대해 알아보자 내가 쿠팡에서 쓴 글과 내가 직접 느끼는걸 나눠써보려한다. 1) 쉬운 가입 실제로 가입하기 쉬웠고, 회원가입/인증만 하면 되었다....",https://blog.naver.com/junjh3209/223009515473,루트네 인생농사,20230208,0,4,0,0,4,False
쿠팡파트너스 수익 인증,블로그,[앱테크] 쿠팡 파트너스 소소한 인증,쿠팡 파트너스는 제가 수익형으로 운영하고 있는 티스토리 블로그에 배너를 걸어놓고 포스팅에 가끔... 글 수를 더 늘리면 그만큼 수익이 늘어날 확률도 크겠죠? 쿠팡파트너스 수익인증하면 뭔가 방침에...,https://blog.naver.com/dtmapo100/223047249076,퇴사실험과 재테크이야기,20230317,0,6,0,0,6,False
쿠팡파트너스 수익 인증,기타,쿠팡파트너스 25일간 수익인증 및 과정,쿠팡파트너스 25일간 수익인증 및 과정 안녕하세요 엄마 같은 아빠입니다. 나은이 자장자장 하고~ 몰래 빠져나와서 글 작성 해봐요^^ 10월12일 부터 쿠팡파트너스 활동 승인을 받고 쿠팡파트너스...,https://blog.naver.com/bbq1004c/221391623983,친절한맑음씨,20181104,0,4,0,0,4,False
쿠팡파트너스 수익 인증,기타,쿠팡파트너스 시작기 – 쉽고 빠른 수익 창출의 첫걸음,"2) 기본 정보 입력 이름, 연락처, 이메일 등 기본 정보를 정확하게 입력 본인 인증 절차를 거쳐 신뢰성... 쿠팡파트너스 수익 구조와 수수료 기본 수수료율은 카테고리별로 다르지만 대체로 1~10% 사이 예를 들어...",https://blog.naver.com/khjb1119/223969020193,행복하자제발,20250817,0,4,0,0,4,False
쿠팡파트너스 수익 인증,기타,"쿠팡파트너스 첫 수익, 이게 되네..?","쿠팡파트너스 인증글들을 보면 참 신기했다. 나와는 거리가 있는 얘기였는데 말이다. 나는 수익을 낼 수 없을거라고 생각했다. 근데 하니까 진짜 아무것도 아니더라, 최근에 가장 크게 느낀 것 중 하나가...",https://blog.naver.com/gkrwns822/222678092215,"경제적 자유, 레벨 올리기",20220320,0,4,0,0,4,False
쿠팡파트너스 수익 인증,기타,"구직급여 중 애드포스트, 쿠팡파트너스 어떻게!!??","쿠팡파트너스 첫 수익을 인증하기 위해 힘들었는데, 탈퇴는 참 쉽다. 내 마지막 달... 수익은 11,968원... 큰 수익은 아니지만 간간이 올리는 포스팅으로 커피값 들어오면 좋다고 신났는데 많이 아쉽다. 그렇게...",https://blog.naver.com/yulz/223380638919,수원너구리의 탐험기,20240312,0,4,0,0,4,False
쿠팡파트너스 수익 인증,블로그,[티끌모아태산] 24년 3월 첫 쿠팡파트너스 수익금,"돈 걱정 말고 그냥 써 ㅋㅋㅋㅋㅋ 돈은 어떻게든 될꺼야 ㅎㅎ 올 연말에는 쿠팡 파트너스 수익으로 월 평균 10만원은 된다는 인증을 아주 행복하게 블로그에 남기고 싶다. 하다못해 단돈 몇 천원이라도, 매달...",https://blog.naver.com/58jws/223421872472,반짝반짝빛나는*,20240420,0,6,0,0,6,False
쿠팡파트너스 수익 인증,기타,10만원 벌기! 쿠팡 파트너스 수익 후기 공개(리얼스토리..),어떻게 수익이 발생했냐면요 쿠팡 파트너스 계정 개설 - 저도 네이버를 찾아보고 한 단계 한 단계 진행했는데 계정 인증 과정과 정산을 위한 자료 첨부 사항들이 조금 번거롭긴 했지만 언젠가 지급받으려면...,https://blog.naver.com/yallerygarden/223879496407,일상 데이터노트,20250527,0,2,0,0,2,False
쿠팡파트너스 수익 인증,기타,"쿠팡파트너스로 1,527원 벌었어요ㅋㅋ 수익인증~","수준이라 쿠팡파트너스가 독인지 득인지는 모르구요~ 그냥 제가 구입한 물건 추천한거 소개하기도... 상품으로 수익이 난건지? 알수가있나요? 4건을 구매해주셔서 68,120원의 매출이 발생했고 저는 2,044원 수익이...",https://blog.naver.com/01195106935/223045131892,위드벼리☆,20230315,0,6,0,2,4,False
쿠팡파트너스 수익 인증,기타,저의 작고 귀여운 부업 쿠팡파트너스 수익과 팁 대방출 ^^;,"기대없이 포스팅을 하는데 이렇게 수익이 나는 것을 보니 감사하고 신기하더라구요. 그리고 의욕이 뿜뿜 생기기도 하네요. ㅎㅎㅎ 이상으로 쿠팡파트너스 하는 법, 팁, 그리고 수익인증이었습니다. 감사합니다.",https://blog.naver.com/capbang4/223039315425,맛있는 음식과 즐거운 일상,20230309,0,6,0,0,6,False
쿠팡파트너스 수익 인증,유튜브,쿠팡 파트너스 유튜브로 수익내기 (인증 첨부),"쿠팡 파트너스를 하면서 더욱더 절실히 느끼는 부분이 있었다. 행동은 없고 고뇌, 각성만으로 그치는 건... 점점 늘어가는 수익은 덤으로 오는 보너스였다. 진정한 문제는 문제에 있는 게 아니라 그 문제를...",https://blog.naver.com/ghkdlxldaos/223309153321,"월 1,000만 프로젝트 디지털 노마드 인생기",20240101,0,4,0,0,4,False
쿠팡파트너스 수익 인증,기타,[#쿠팡파트너스]1월 3주차 실제 후기 인증!,기대가 마~~~니 되는 요즘이다.ㅎㅎ #쿠팡#쿠팡파트너스#쿠팡파트너스수익#부업#온라인부업#쿠팡알바#쿠팡 아르바이트#아르바이트 추천#온라인 알바#온라인 아르바이트,https://blog.naver.com/jjung-two2/224143441078,★쩡'e의 사는 일상 이야기★,20260123,0,6,0,2,4,False
쿠팡파트너스 수익 인증,기타,쿠팡 파트너스 가입 방법 총정리(초보자도 5분이면 가능),공유해도 수익 발생 가능 쿠팡 파트너스 가입 방법을 처음부터 끝까지 차근차근 설명해드릴게요.... 기존 쿠팡 아이디가 있다면 그대로 로그인하면 됩니다. *없다면: 이메일 가입 휴대폰 인증 비밀번호 설정...,https://blog.naver.com/my_soso_day/224288179005,거북이 날다!,20260517,0,2,0,0,2,False
쿠팡파트너스 수익 인증,블로그,수익 수단 네이버 브랜드커넥트 쇼핑커넥트 쿠팡파트너스...,"과연 이게 구매전환으로 얼마나 이어질지, 나중에 인증하도록 하겠습니다. 4. 걱정되는 네이버 검색... 건강하게 성장할 수 있을 테니까요. #육아인플루언서 #쇼핑커넥트 #브랜드커넥트 #블로그수익 #쿠팡파트너스",https://blog.naver.com/ahyun35/223817556837,JOANNEY & HONEY : 우리부부가 사는 법,20250401,0,6,0,0,6,False
쿠팡파트너스 수익 인증,기타,쿠팡파트너스 수익일지 3번째 작성,이런걸 ' 왕건이 ' 라고 하는거겠죠? 매일 쿠팡파트너스를 통한 수익인증을 진행할 예정입니다. 궁금하신 부분은 댓글을 통해서 알려드리겠습니다. 감사합니다.,https://blog.naver.com/codeoo1/223175100231,하쿠네,20230804,0,4,0,2,2,False
쿠팡파트너스 수익 인증,기타,쿠팡파트너스 수익공개  PDF출판 이벤트,알려드리겠습니다 쿠팡파트너스 PDF전자책 목차 인트로 부분 부터 해서 저의 수익인증 파트와 총 6개의 파트로 집필을 했습니다 이런부분까지 알려줘도 되시는거에요? 이러면 튜터님은 뭐먹고 사세요ㅠㅠ...,https://blog.naver.com/digital_revolutionis/222053281957,A1(에이원)-AI와 SNS를 활용해 돈버는법,20200806,0,4,0,0,4,False
쿠팡파트너스 수익 인증,블로그,블로그 수익화/쿠팡 파트너스 하는법/ 수익인증,꼭 알고 계세요) 쿠팡파트너스 수익화 인증 제가 쿠팡파트너스 가입 후 올린 수익이에요. 약 5만원 정도 되는데요. 저는 블로그를 쿠팡파트너스로 도배하진 않아요 ^^ 제가 사용한 물건 중 좋은 것만 리뷰로...,https://blog.naver.com/turtlemom2/223016238837,금길씨의 신상리뷰나라,20230215,0,6,0,0,6,False
쿠팡파트너스 수익 인증,블로그,쿠팡파트너스 - 블로그 수익창출하는 법,쿠팡파트너스 - 블로그 수익창출 방법 쿠팡파트너스 가입 쿠팡파트너스 블로그 인증 쿠팡파트너스 수수료 쿠팡파트너스 - 블로그 수익창출 방법 함께하면 좋은 장점이 있어서 소비자의 편리성이 많은 회사라...,https://blog.naver.com/youthah/223763109744,필리핀 사는 김에 여행하는 법,20250217,0,6,0,0,6,False
쿠팡파트너스 수익 인증,유튜브,쿠팡파트너스 패스트컷으로 양과 질 다 잡기,"그 동안 쇼츠로 쿠팡파트너스를 계속 해왔고 관련 수익인증 포스팅도 올렸었는데요, 오늘은 좀 더 발전된 방법을 테스트 해본 결과를 정리해보겠습니다. 1. 쿠팡파트너스 유튜브 일단 재빨리 시작하기...",https://blog.naver.com/jiin8000/223455115961,직장인의 직접투자,20240522,0,6,0,0,6,False
쿠팡파트너스 수익 인증,기타,[인증] 쿠팡파트너스 7월 수익,안녕하세요~ 오늘은 쿠팡파트너스 7월 수익을 알려드리겠습니다. 7월에 제가 쿠팡파트너스를 하지 못햇습니다. 약간의 시스템을 만들어 놓으면 많은 돈은 아니지만 오피스텔 월세만큼은 계속 나오고...,https://blog.naver.com/mtms14/222837201171,MTMS,20220803,0,4,0,0,4,False
쿠팡파트너스 수익 인증,배달,배달알바(파트너스)직장인 가정주부 현실투잡 방법 수익인증,"(미션수행) 쿠팡이츠 배달파트너스는 미션수행으로 보너스 금액을 지급해 줍니다. 예를 들어 18:00~20:00 동안 5건 배달 완료시 10,000원 이런식으로 미션 주는데 그날 날씨가 엄청춥거나, 덥거나, 비가 오거나...",https://blog.naver.com/smile-mate/223305360386,유익한 생활▪︎경제정보,20231228,0,6,0,0,6,False
쿠팡파트너스 수익 인증,기타,쿠팡 파트너스와 비슷한 네이버 쇼핑 커넥트 서비스 런칭 준비중,인해 쿠팡 파트너스 수익을 얻는 분들이 있습니다. 원래 취지는 그게 아니죠. 제품 열심히 체험한 후에... 뭐 진짜 내돈내산인지 인증하는 것이라서 신뢰도가 높은 내돈내산이라고 할 수 있지만 요즘 마케팅...,https://blog.naver.com/ifp1592/223794211627,여행IT수다,20250313,0,2,0,0,2,False
쿠팡파트너스 수익 인증,기타,"쿠팡 파트너스 하는 법, 쿠팡 파트너스 저품질 과 첫 수익....",쿠팡 파트너스 첫 수익 그럼 일단 제 수익을 공개하고 시작할게요. 아주 귀여운... 다만 외국에 있다면 한국 전화번호 인증하기가 어려워요. 저는 한국에 있는 남동생에게 가입을 부탁해서 사용하고 있답니다....,https://blog.naver.com/rudghkdmlqkd/222296593406,ccocca 의 똑똑한 호주 간호사 되기 공간,20210402,0,2,0,0,2,False
쿠팡파트너스 수익 인증,기타,"(파워블로거X,육아중인 새댁O) 쿠팡파트너스 20일만에 첫수익...","그러니까 이런 나도 쿠팡파트너스로 수익을 냈다면, 이 글을 읽고 있는 당신도 분명 할 수 있다! . . . . 쿠팡 파트너스를 시작하는 방법은 우선 네이버 검색창에 ""쿠팡파트너스""를 검색한다. 그럼 이렇게 중간쯤...",https://blog.naver.com/selly_ka/222570068968,#바몬블로그,20211116,0,4,0,0,4,False
쿠팡파트너스 수익 인증,기타,쿠팡 파트너스 가입과 수익 창출을 위한 완벽 가이드,"가이드 쿠팡 파트너스 수익 모델 홍보 전략 쿠팡 파트너스는 쿠팡 제품을 홍보하고 판매하여 수익을... 입력한 이메일로 인증 메일이 발송되며, 이를 통해 가입 절차를 완료합니다. 마지막으로 쿠팡 계정과...",https://blog.naver.com/wpjqhjuyv667/223604368213,김지민,20241002,0,2,0,0,2,False
쿠팡파트너스 수익 인증,기타,쿠팡파트너스 첫달수익인증,그리고 난 이번이 첫달이라서 수익을 받을때 1% 수익을 더 받는다고 한다. 만약에 쿠팡 파트너스를 처음 시작하시는 분들이라면 제 아이디를 꼭 추천으로 넣어주시길 부탁드린다. 왜냐면 그래야만 첫 1달동안...,https://leekh2020.tistory.com/entry/%EC%BF%A0%ED%8C%A1%ED%8C%8C%ED%8A%B8%EB%84%88%EC%8A%A4-%EC%B2%AB%EB%8B%AC%EC%88%98%EC%9D%B5%EC%9D%B8%EC%A6%9D?category=921946,슈머의 IT정보 및 일상 생활 경제 정보,19900101,0,4,0,2,2,False
쿠팡파트너스 수익 인증,블로그,쿠팡 파트너스 1개월 수익 후기 feat. 네이버 블로그 저품질,물론 나중에는 몇 십만 원 정도면 땡큐겠지만 ^^ 많은 사람들이 '쿠팡 파트너스'를 통해 수익을... 간혹 그렇지 않은 분들도 많은 수익을 인증하고 있지만 난 솔직히 곧이곧대로 믿을 수가 없다. 혹 자신의...,https://blog.naver.com/army7x/222229289520,파란만장한 얄개의 이야기,20210202,0,4,0,0,4,False
쿠팡파트너스 수익 인증,기타,"쿠팡 파트너스 가입부터 수익 구조, 주의사항까지 한눈에 정리","등은 수익 대상에서 제외되거나, 수수료율이 낮을 수 있습니다.  가입 방법은 간단해요 쿠팡 파트너스 공식 홈페이지 접속 카카오 계정 또는 이메일로 회원가입 정산용 계좌 등록 및 본인 인증 홍보 채널 등록...",https://blog.naver.com/wheerri/224034328012,블로그,20251007,0,2,0,0,2,False
쿠팡파트너스 수익 인증,블로그,쿠팡 파트너스 수익창출 (어렵다... but 할 수는 있다),나의 쿠팡파트너스 수익 창출 방법은 2가지이다. 1) 블로그 2) 네이버 지식인 이번에 간만에... 내가 사랑하는 네이버 아이디가 다 날라갈 뻔하자 (물론 개인인증을 하고 비번을 바꾸니 다시 살아나긴 했으나) 나는...,https://blog.naver.com/lemontea13/222936924192,해일리의 생활재테크 ☀️,20221124,0,6,0,0,6,False
쿠팡파트너스 수익 인증,기타,쿠팡파트너스 첫수익공개 수익 확인방법,두둥 #쿠팡파트너스첫수익 #쿠팡수익인증 !! 사실 이거는 제가 가입하고 글 올리기 전에 궁금해서 가장 많이 찾아봤던 부분으로 저처럼 많은 분들이 궁금해 하실까봐 올려드리는거니 참고만 부탁드립니다...,https://blog.naver.com/0o0m/222735024116,츄꼬미의 소소한 일상 ◡̈,20220518,0,4,0,2,2,False
쿠팡파트너스 수익 인증,기타,"3월 부수입 인증(쿠팡파트너스, 애드포스트, 오지큐수익정산)",쿠팡파트너스 첫 수익 쿠팡파트너스는 11월부터 가입했었는데 어떻게 해야될지도 모르겠고 그냥 방치해놓다가 1월에 본격적으로 했더니 1월 수익만 17만원 정도나와서 첫 정산 받을 수 있었어요~ 새로...,https://blog.naver.com/hj23anna/222287251839,솜이네 집사 다이어리,20210325,0,6,0,0,6,False
쿠팡파트너스 수익 인증,기타,1년 6개월 쿠팡파트너스하면서 느낀점(약소한 수익인증),그러다 어떤 분께서 워드프레스를 하시면서 쿠팡파트너스를 연계하시면서 수익을 내는 것을 보고 아 저렇게 만들면 나름 자동화수익이고 내가 일을 안해도 돈을 벌수 있겠구나! 라는 생각을 하게...,https://blog.naver.com/nomadtopcalss/223049892355,디지털노마드항해사,20230320,0,4,0,0,4,False
쿠팡파트너스 수익 인증,기타,쿠팡 파트너스 최종 승인 났는데 결제 정보 입력 요청이 안...,저도 이번 달은 글렀지만 ㅠㅠ 다음 달에는 기필코 한달 수익금 1만 원을 돌파해서 쿠팡 파트너스 결제 정보 메일을 인증하는 포스팅을 꼭 써보려고요! 저의 총 수익을 보니 두달 합쳐도 8천원대.. ㅠㅠ...,https://blog.naver.com/puputhecat/224160272537,얌얌,20260126,0,2,0,0,2,False
쿠팡파트너스 수익 인증,블로그,"블로그로 하는 쿠팡파트너스 11월 수익, 중간 정산 + 근황?","11월, 쿠파스 수익 중간 인증 11월 1일 ~ 11월 18일 블로그로 쿠팡파트너스 수익내기 여전히 매일 열심히 포스팅을 쌓으면서 매일 3시쯤, 복권 긁는 마음으로 쿠파스 수익을 확인하고 있습니다. 이번달의 경우 11월...",https://blog.naver.com/slampanic/223270285003,엠블 :: 하고싶은거 하기,20231121,0,6,0,0,6,False
쿠팡파트너스 수익 인증,기타,쿠팡 파트너스 가입 첫 수익 새로운 부수입 파이프라인,"먼저 쿠팡에 회원가입이 되어 있어야 하며, 이후 쿠팡 파트너스에 접속하면 간단한 인증 절차를 통해... 있는 활동이 필요하지 않을까 생각해 봅니다. #쿠팡파트너스수익 #쿠팡파트너스하는법 #집에서부수입만들기",https://blog.naver.com/miraclelog82/223103438971,미라클로그,20230516,0,6,0,0,6,False
쿠팡파트너스 수익 인증,기타,쿠팡파트너스 하는법 첫달 수익 30만원 넘었어요!! 인증 플렉스!...,우선 인증 플렉스~~~ 갑니다잉!!! 저는 4월 28일에 처음 쿠팡파트너스를 시작해서 오늘 까지 한달 반 정도가 되었네요 처음에는 수익이 없었는데 어느날은 8만원이나 들어왔더라구요 한달에 얼마정도 버느냐.....,https://blog.naver.com/pipisome/222400333343,로이 롤로이 ♥️,20210616,0,4,0,0,4,False
쿠팡파트너스 수익 인증,기타,[쿠팡수익] 저도 드디어 쿠팡파트너스 가입이 최종승인됬어요~!,여기서 마칠께요 아직 다른 기능들은 사용 안해봤는데 흥미로운 기능을 찾아내면 저도 업로드 해보겠습니다! 글 읽으신 분들 주말 잘 보내세요~ #쿠팡파트너스 #쿠팡파트너스첫걸음 #부업 #쿠팡파트너스수익,https://blog.naver.com/gunny828/222545891018,앤드로스의 온라인 방구석,20211023,0,6,0,0,6,False
쿠팡파트너스 수익 인증,기타,[정보공유] 쿠팡 파트너스 수익 이후 결제정보 입력하고 수익금...,오늘은 쿠팡 파트너스 수익 이후 결제정보 입력하는 방법을 포스팅 하려고 합니다! 메일 확인중에... 후 인증하기! 그럼 자동으로 명의가 맞는지 뜬답니다ㅎㅎ 쿠팡 파트너스 계좌 입력할때는 꼭- 다른 명의의...,https://blog.naver.com/hyewon_0414/222875349055,문언니,20220915,0,2,0,0,2,False
쿠팡파트너스 수익 인증,기타,쿠팡 파트너스 완벽 가이드 – 가입부터 수익 창출까지,"가입 과정에서 본인 명의의 휴대폰 인증이 필요하고, 수익 지급을 위해 본인 명의 통장도 준비해야... 세금 및 수수료 공제: 쿠팡 파트너스 수익은 과세 대상 소득입니다. 개인이나 간이사업자(세금계산서...",https://blog.naver.com/humen02/223895040013,시니어 디지털 배움 부기준 대표,20250610,0,2,0,0,2,False
쿠팡파트너스 수익 인증,블로그,2021 블로그 결산2-쿠팡파트너스 활동,쿠팡파트너스 수익 도전기 쿠팡파트너스 욕심은 금물 쿠팡파트너스 한달 후기 최근에는 쿠파를... 통해 쿠팡 수익이 발생했다면 어땠을까? 요즘도 쿠파 수익인증 몇백한다는 분들은 보면 대게 고가의...,https://blog.naver.com/goldwit/222604388646,이지맘 라이프,20211225,0,6,0,0,6,False
쿠팡파트너스 수익 인증,기타,쿠팡파트너스 일주일만에 첫 수익 후기 인증 주의사항 알아봐요,일주일만에 수익이 생겼더라구요 !! 출처: 쿠팡파트너스 홈페이지 저처럼 고민하시던 분들은 일단 !! 도전해보세요 :-) 완벽하지 않아도 괜찮아요 ㅎㅎ 쿠팡 파트너스 아직 가입 안하신 분들은 지난...,https://blog.naver.com/ggnpp/223070334675,알랑알랑,20230410,0,4,0,0,4,False
쿠팡파트너스 수익 인증,기타,쿠팡파트너스 대금 지급 정보(계좌) 입력 방법 및 수익 돌아보기,"본인인증 단계가 있기는 한데, 복잡하지는 않아서 크게 번거롭다는 느낌은 없었다. 은행의 경우 아래... 쿠팡파트너스 수익 돌아보기 쿠팡 파트너스 정산을 앞두고서 이전까지의 수익을 살펴보기로 했다. 쿠팡...",https://blog.naver.com/dlwndud1207/222783875798,일상을 여행처럼,20220622,0,4,0,0,4,False
쿠팡파트너스 수익 인증,블로그,쿠팡파트너스 13일차 후기 느 수익인증,이제 쿠팡파트너스 하실려는 분에게는 추천하기도 애매하지만 초기투자시간 대비해서 너무 감정적 노동이 심하다고 생각해서 추천을 드리지 않지만 그래도 하루에 1~2개만 블로그 포스팅 하시는 분에게...,https://blog.naver.com/svcaa/222741095142,아이송의 나라,20220521,0,8,0,2,6,False
쿠팡파트너스 수익 인증,기타,세상 모든 Story :: 쿠팡 파트너스 '첫 한 달 만에 수익...,"반이상이 쿠팡 파트너스 수익입니다. 쿠팡파트너스 한달 수익 제가 10월 초에 쿠팡 파트너스를... (다만, 현재 사용하는 이메일을 입력하셔야 추후에 인증메일 같은 거 받을 실 때 편합니다.) 비밀번호와, 이름...",https://oddeye91.tistory.com/209,세상 모든 Story :: 세상 모든 Story,20221029,0,4,0,0,4,False
쿠팡파트너스 수익 인증,기타,쿠팡파트너스가입하는 방법과 수익-N잡 초보가 시작하는 쿠파스,쿠팡 파트너스의 수익구조는 쿠팡사이트에서 상품이 판매되었을 경우 판매 상품의 일정한 수수료 즉... 일단 한달 후 저의 수익인증을 해보겠습니다.(이랬는데 수익제로면? ㅎㅎ) 제로면 제로대로 해보겠습니다....,https://blog.naver.com/modumami/223119867484,은퇴후하이브리드,20230604,0,6,0,0,6,False
쿠팡파트너스 수익 인증,블로그,수익 만들기] 네이버 애드포스트 & 쿠팡 파트너스 수익 정산 후기!,[블로그로 수익 만들기] 네이버 애드포스트 & 쿠팡 파트너스 수익 정산 후기! 블로그로 수익 만들기! 라고 쓰긴 했지만 다른 블로거들에 비하면 적은 금액이라 블로그로 '용돈' 만들기 정도로 불러야할 것...,https://blog.naver.com/kku_nya/222815024774,꾸냐 :: KKUNYA,20220717,0,4,0,0,4,False
쿠팡파트너스 수익 인증,기타,쿠팡파트너스 사전예약... 벌 수 있을까?(+2천만원 수익인증),이런거도 다 합하면 총 100만원 정도 되는 것을 확인) 수익은 쿠팡파트너스와 애드픽 수익을 모두 합산한 결과이다. 2021년 - 갤럭시 S21(2021.01.15) 300만원 - 아이패드 프로5(2021.05.24) 520만원...,https://blog.naver.com/steadygo1/223196784147,머니앳홈,20230829,0,4,0,0,4,False
쿠팡파트너스 수익 인증,블로그,"블로그 수익 창출하기 쿠팡파트너스 하는법,저품질",블로그 수익 창출 수입 쿠팡파트너스 하는법 저품질 *기존 쿠팡 아이디로 가입가능 * 블로그 수익 창출 수입 쿠팡파트너스 하는법 저품질 기존 쿠팡아이디로 개인정보인증이 가능하고 내 웹사이트 목록에...,https://blog.naver.com/rich-lee/222587849463,경제적 자유를 위한 다이어리,20211206,0,6,0,0,6,False
쿠팡파트너스 수익 인증,기타,"‘쿠팡 파트너스’ 시작 가이드- 가입방법, 정산, 주의사항까지","법인 / 개인사업자(세금계산서 O) 부가세를 포함해 수익금을 정산하며, 쿠팡파트너스에서 세금계산서를 역발행함 역발행된 세금계산서 승인을 위한 범용 공인인증서 필요함 개인 / 개인 사업자(세금계산서 X)...",https://blog.naver.com/windlycc/224009914729,윈들리 블로그 | 이커머스 사업 인사이트,20250916,0,4,0,0,4,False
쿠팡파트너스 수익 인증,기타,"블로거 직장인 부수입 : 캐시워크, 오베이, 쿠팡파트너스...","휴대전화 인증 한 번으로 현금 출금 신청 완료. 4월 9일 수요일에 입금된다더니 4월 9일 수요일 정확하게 통장에 입금됐다. :) 쿠팡파트너스 작년 하반기에 시작한 쿠팡파트너스, 쿠팡파트너스란 내가 작성한...",https://blog.naver.com/mely1004/223882026668,Daily Log,20250529,0,4,0,0,4,False
쿠팡파트너스 수익 인증,기타,쿠팡 파트너스 시작하기 가입하고 수익 창출하는 법,첫 번째 단계는 쿠팡 파트너스 홈페이지에 접속하여 본인 인증을 진행하는 것입니다. 가입을 위해... 나에게 맞는 쿠팡 파트너스 수익 모델 찾기 쿠팡 파트너스는 다양한 수익 모델을 제공합니다. 일반적으로...,https://blog.naver.com/vbxcvsdgfsdg910/223631281209,서정호,20241024,0,2,0,0,2,False
쿠팡파트너스 수익 인증,기타,"쿠팡 파트너스란? 가입방법, 수익승인, 정산 과정에 대해 알아보기",다음 단계에서 개인인증을 진행해주시면 됩니다. 마지막 단계에서 본인이 쿠팡 파트너스로써 활동하고... 쿠팡파트너스의 수익정산 방식 지금까지의 진행과정에 있어서 결제 정보를 입력하지 않아서...,https://blog.naver.com/luckim_777/223925438258,운김의 삶의 발자취,20250707,0,4,0,0,4,False
쿠팡파트너스 수익 인증,블로그,메일왔어요/ 쿠팡파트너스1달 수입 인증/블로그 수익 발생...,쿠팡파트너스 최종승인 완료 메일왔어요 / 쿠팡파트너스 수익 1달분 수익과 네이버 블로그 수익 40일분 인증합니다. #네이버 블로그 수익 #애드포스트 수익 #쿠팡 파트너스 수익 쿠팡파트너스 1달 수익 쿠팡...,https://blog.naver.com/sugiyeyo09/222796336461,"행복,사랑,재물 가득한 내인생",20220701,0,6,0,0,6,False
쿠팡파트너스 수익 인증,기타,쿠팡 파트너스 한 달 후기 (수익 편),감사해요~~~!! ^^ 정말 쿠팡 파트너스 해볼까 ?? 새로운 부업 있을까?? 고민하시는 분이 계시다면 고민할 시간에 시도 한번 해보시길 바랍니다~~! 다음 달에도 인증을 하러 또 오겠습니다^^ 만관부~~~~~~!,https://blog.naver.com/gsm04283/223139069982,최고의 맛을 찾아 떠나는 여행가,20230626,0,4,0,0,4,False
쿠팡파트너스 수익 인증,기타,쿠팡파트너스 가입 방법 - 따라하면 끝나는 가입 절차 정리...,포함하여 수익금 정산 쿠팡파트너스에서 세금계산서를 역발행 (범용 공인인증서 필요) 처음 시작하는 대부분의 경우 개인을 선택하시면 됩니다. 이미 사업자등록증이 있고 부가세 신고를 직접 하실 분만...,https://blog.naver.com/mysihu/224281243262,매월 수익 공개하는 수익화 실험실,20260511,0,4,0,0,4,False
블로그 부업 성공,블로그,블로그 운영자가 애터미부업을 꼭 해야하는 이유,그 블로그 부업은 바로 애터미부업입니다. 지금까지 애터미사업(부업)이라고하면 누군가를 직접 만나서 제품을 전달하고 또 회원가입을 권유하는 그런 활동이라고 알고 계셨을것입니다. 또한 애터미에서...,https://blog.naver.com/asmtv/223775789821,스마트폰 하나로 끝나는 애터미부업,20250227,0,4,0,0,4,False
블로그 부업 성공,블로그,"블로그 부업시작, 직장인 탈출기(1)_업체 블로그 관리","얼마전부터 블로그 부업을 시작했다 업체의 블로그를 관리해주고, 월단위로 돈을 지급을 받는 식의 일이다. 이전부터 이런 일이 있다는 것을 어렴풋이 알고만 있었지 실제로 내가 할 줄은 꿈에도 몰랐다...",https://blog.naver.com/jisoo5894/223132497540,끝없이 공부하고 배우며 가치를 창출하자,20230619,0,4,0,0,4,False
블로그 부업 성공,블로그,"워드프레스 블로그 부업 6개월 차, 수익 & 운영 비용 공개","요즘 워드프레스 블로그를 부업으로 알아보시는 분들이 많은 것 같아요. 저 또한 네이버 블로그 말고 또 다른 부업 없을까 찾아보다가, 워드프레스를 알게되어 작년 2월에 구축을 진행했어요. 그리고 올해...",https://blog.naver.com/cjs0308cjs/224083159951,개발자가 쉽게 알려주는 IT정보,20251121,0,6,0,0,6,False
블로그 부업 성공,블로그,재택부업 - 22년 5월 네이버 블로그수익 그리고 빈약한 투자성과,재택부업 네이버 블로그 수익 월급쟁이 부업 재택부업 - 22년 5월 네이버 블로그수익 그리고 빈약한 투자성과 5월은 개인적으로는 여러모로 좀 상태가 메롱이었달까? 상태가 좋지 않았다. 나는 주로 정보성...,https://blog.naver.com/realaroa/222759542224,지여행의 시간부자 레시피,20220604,0,10,0,0,10,False
온라인 강의 수익 후기,강의,유료 강의 후기 - 상위 0.01% 온라인건물주 수익창출 비밀 폭로...,"챌린지 후기 – 실행력이 약한 사람이라면 챌린지 추천! 유료 강의와 함께 챌린지 과정도 신청했습니다.... 또한, 온라인 수익 구조가 빠르게 변하는데, 애드센스팜 강의는 이러한 변화를 그때그때 콘텐츠에...",https://blog.naver.com/mon_jay/224142853499,Jay일상,20260111,0,6,0,2,4,False
온라인 강의 수익 후기,강의,POP글씨학원 없이 배워도 충분해요! 온라인 강의로 수익 내는 법,*** 솔직한 후기를 작성하고 소정의 원고료를 받았습니다 *** POP글씨를 배워서 수익을 내고 있는 요즘... 후 수익을 내기 시작했어요. 어떻게 가능했는지 과정을 공유해 볼게요! 처음부터 온라인 강의로 배울...,https://blog.naver.com/raphy324/223943398187,글쓰고 만들고 사람도 좋아하는,20250722,0,4,0,0,4,False
온라인 강의 수익 후기,강의,경매 온라인 강의 실제 수익 후기,"경매 온라인 강의 실제 수익 후기 #경매온라인강의 직장 2년차, 우연히 시작한 경매… 진짜 인생이 바뀔 수 있어요! 저는 올해로 직장 2년차가 된 평범한 사무직 직장인입니다! 그리고 퇴근 후 집에 들어오면 늘...",https://blog.naver.com/ahtskswl/224083591894,복이,20251121,0,4,0,0,4,False
온라인 강의 수익 후기,강의,천연비누만들기키트 제공받고 수익활동도 지원하는 온라인강의,그래서 온라인 강의를 선택했어요 자세히 알아보니 여기는 단순 취미 클래스가 아니라 수익활동 목표로... 그러니 수익이 쏠쏠했고 한 번 구매해주신 분들이 재구매 하는 경우가 많아지고 좋은 후기도...,https://blog.naver.com/heywhang/223653707816,다정으로 그린 세상,20241110,0,4,0,0,4,False
온라인 강의 수익 후기,강의,온라인 강의 실제 수익 후기 [4],"이정한 코인 강의 후기만 쳐도 네이버에 깔리게 나옵니다. 직접 확인하셔도 됩니다.... com/swk3150/223715510907 21년 불장 때 크게 잃으시고, 매수 매도 원칙에 대한 걸 이해하신 분 온라인...",https://blog.naver.com/wjdgks1483/223723530667,이정한 블로그,20250112,0,4,0,0,4,False
온라인 강의 수익 후기,유튜브,온라인마케팅교육 마케팅형... 쿠팡 유튜브 수익내기 강의 후기,"온라인마케팅교육 강의를 적극 추천합니다. 온라인에서 수익을 창출하는 방법을 배우고 싶다면, 15만 원이라는 가격에 이 정도 강의를 들을 수 있는 기회는 흔치 않을 거라고 저는 생각합니다. 퇴근 후에도...",https://blog.naver.com/cineglass/223761065169,최씨네 글라스,20250214,0,6,0,2,4,False
온라인 강의 수익 후기,강의,온라인 강의로 수익 내는 프리랜서의 현실 전략,온라인 강의 수익 구조 3단계 3. 주요 플랫폼 비교 (클래스 101 · 탈잉 · 콜로소) 4. 현실 수익 데이터... 단순 스펙 나열보다 “왜 이 강의를 만들었는가”가 신뢰를 높입니다. 3. 후기 관리가 곧 매출...,https://blog.naver.com/3-miho/224112163338,디지털 노매드,20251216,0,6,0,0,6,False
온라인 강의 수익 후기,강의,블러온 온라인 강의 후기 킨치 작가 인스타툰 클래스를 들으며...,블러온 온라인 클래스 킨치와 일삼이 인스타툰 홍보 수익 창출이라는 주제에 이목이 집중된 인스타툰 강의와는 달리 특별하고 대단한 소재가 아니어도 일상의 소소한 순간들을 기록함으로써 내 이야기를 그리면...,https://blog.naver.com/goldenpark21/224285820007,Rozen park_반짝반짝 다양한 장르,20260514,0,4,0,0,4,False
온라인 강의 수익 후기,스마트스토어,"온라인 쇼핑몰 창업 #205 셀러 자동화 수익, 5인5색 강의 후기","#육아맘 #온라인셀러 # 셀러 자동화 수익 이번달은 좀 신기하다. 한주는 아파서 일을 못했고 또다른... 자동화 수익(?)의 매력이 이것인가 ㅎㅎ 계속 느끼고 싶다. # 5인5색 강의 후기 "" "" 이번 금요일 진행했던...",https://blog.naver.com/coreyeong0108/223520690976,넘어져도 다시 오늘,20240721,0,6,0,0,6,False
온라인 강의 수익 후기,강의,로로대학 수익화 강의 듣고 한 달 만에 수익 낸 후기,사실 온라인 수익화 강의를 듣는다고 진짜 수익이 생길까? 뭐가 달라지기는 할까? 의심을 하기도... 로로대학 수익화 강의 듣고 한 달 만에 수익 낸 후기 우선 수익이 들어온 통장부터 오픈해 볼게요! 저는 모루...,https://blog.naver.com/bestsssi88/224236752065,"하루하루 기억하기,",20260401,0,4,0,0,4,False
온라인 강의 수익 후기,강의,라탄공예공방 대신 온라인강의로 배우고 돈버는 후기,"또 수익활동 가능한 건지 전부 공유해 볼게요! 보통 라탄공예를 배우고자하는 분들, 라탄공예공방 먼저... 하지만 온라인강의로는 제 스케줄에 따라 수업을 들으니 2달만에 모든 기법과 커리큘럼 완강하고 판매를...",https://blog.naver.com/nike8319/223662030570,용쓰 수다이야기,20241115,0,4,0,0,4,False
온라인 강의 수익 후기,스마트스토어,리셀 강의후기 초보도 빠르게 시작할 수 있는 현실형 수익 구조...,"빠른 수익화, 체험 사례로 느낀 실감 강의를 듣고 몇 가지 브랜드 상품을 등록했을 때, 생각보다 빠르게... 강의가 초보자 친화적으로 구성되어 있어서, 막연하게만 느껴졌던 온라인 판매가 점차 현실적인 목표로...",https://blog.naver.com/cvadjm8538/224263712232,다시시작해,20260424,0,6,0,0,6,False
온라인 강의 수익 후기,스마트스토어,리셀 강의후기 왕초보도 쉽게 따라 할 수 있는 온라인 판매 구조...,"단순히 수익 이상의 의미를 가지더라고요. 이 경험을 통해 온라인 셀링의 흐름을 몸으로 체득할 수 있었고, 실제 생활 속에서 바로 적용 가능하다는 점이 강의의 큰 매력입니다. 8. 마무리하며 처음에는 ‘내가...",https://blog.naver.com/jaydencha0303/224263970149,오더나랑드,20260424,0,6,0,0,6,False
온라인 강의 수익 후기,강의,젤캔들 만들기 온라인 강의 후기,된 온라인 강의! 제가 생각했던 것보다 더 많은 곳에서 젤캔들 수업을 보유하고 있더라고요 이왕 강의를... 판매해서 수익을 얻을 수 있게 해줘요 솔직히 캔들 공예 열심히 배워서 취미로만 즐기는 것도 좋지만...,https://blog.naver.com/dmstjs9942/223905672845,두아이맘's 다이어리,20250621,0,4,0,0,4,False
온라인 강의 수익 후기,강의,"주식 초보 강의, 주식 인강 후기로 본 온라인 공부 방법","주식 초보 강의, 주식 인강 후기로 본 온라인 공부 방법 주식계좌는 예전부터 있었지만 막상 제대로... 코로나 때 잠깐 수익을 경험한 적은 있었지만, 시간이 지나면서 다시 주식 공부와 멀어졌다고 하셨습니다....",https://blog.naver.com/ayoes/224279172331,이기자의 주식코칭,20260508,0,4,0,0,4,False
온라인 강의 수익 후기,스마트스토어,리셀 강의후기 초보도 쉽게 시작하는 현실형 온라인 판매...,"오늘은 제가 직접 경험한 은봉 브랜드 리셀 강의후기를 중심으로, 강의 내용과 실제 적용 사례까지... 같은 온라인 판매 경험이 없는 사람도 실제로 수익화를 경험할 수 있었습니다. 강의 후 바로 상품을 등록하고...",https://blog.naver.com/jdowrx544/224263899722,바닐라크림,20260424,0,6,0,0,6,False
온라인 강의 수익 후기,강의,숏폼강의 짤듀 짤컷 온라인 강의 후기!,"엄청난 수익까지 내는 분이라고 하니 진짜 궁금해지더라구요..! 결제 전에 짤듀강의 사이트 들어가서 후기도 엄청 꼼꼼히 살펴보았는데 다들 진심이 느껴지는, 진짜 도움이 되는 강의라는 호평이 많아서 더욱더...",https://blog.naver.com/susie0106/223619748410,Suzie's Favorite,20241015,0,4,0,2,2,False
온라인 강의 수익 후기,강의,인스타툰 그리기 수익까지 공개한 케넨X채채 강의 후기,[후기 발췌] 저는 아무래도 마케팅적 관점에서 수익화 목적으로 인스타그램을 빠르게 키운 케이스이고... 그래서 방향을 바꾸려고 해요 앞으로 인스타툰 강의는 채채님과 협업해서 온라인 강의(VOD)로 제작해볼...,https://blog.naver.com/teemogogo/223815183312,케넨의 하루 - 신혼 홈스토리,20250330,0,4,0,0,4,False
온라인 강의 수익 후기,블로그,"온라인 워크숍, ChatGPT AI, 강의원고 작성 및  강의후기...","워크숍에서 온라인 과정 가장 큰 장점은 ChatGPT를 활용하면 글의 구조를 빠르게 잡고, 문장을 자연스럽게 이어가는 것이 훨씬 쉬워집니다. ✅ 강의 원고를 AI가 도와주니 시간 단축 ✅ 강의후기 블로그...",https://blog.naver.com/rmsl4611/223879714397,코칭하는강사,20250527,0,4,0,0,4,False
온라인 강의 수익 후기,강의,유니조이 Unijoy 토퍼 창업 밝음 토퍼 온라인 강의 후기,밝음 토퍼 강사님 말씀대로 하고 싶은 일 하면서 수익 창출할 수 있는 날이 올거라 믿습니다. 같은 꿈을 꾸고 기대하는 분들에게 온라인 강의로도 충분히 배워볼 수 있다고 자신있게 후기 남겨봅니다. 시행 착오...,https://blog.naver.com/ggoma_m_/223947159055,윤쏘댕 홈&육아,20250725,0,4,0,0,4,False
온라인 강의 수익 후기,강의,", 반드시 알아야 할 회계상식, 성동구 상공회 온라인 강의 후기...",반드시 알아야 할 회계 상식 진성규 세무사 성동구 상공회 온라인 강의 안녕하십니까. 콘텐츠의... 영업외수익/비용 3. 강의 후기 이번에 이 강좌를 들으면서 번뜩 생각난 명언이 있습니다. 회계를 공부하지...,https://blog.naver.com/lhy0416lhy/224018022600,빌리브라더스 이한영,20250922,0,6,0,0,6,False
온라인 강의 수익 후기,강의,[밀머스][김한솔대표] 건강식품 패키지 온라인 강의 후기,"단순한 수익을 넘어, 나의 제품을 통해 누군가의 삶의 질이 조금이라도 나아질 수 있다면 그 자체로 큰 의미가 있을거라고 생각합니다. 이번 강의는 단순한 지식 전달을 넘어 나의 방향성과 목표를 더욱 분명하게...",https://blog.naver.com/iwell_beauty/224280004306,나랑 잘 지내기,20260509,0,4,0,0,4,False
온라인 강의 수익 후기,블로그,네이버 블로그로 온라인 건물주 되기 리치오름 6주차 강의 후기,이번 리치오름 6주차 강의는 제가 정말 기다렸던 강의였어요ㅎㅎ 제가 직접 블로그를 하고 있다 보니... 들어오고 수익으로 이어질 수 있다는 이야기를 들으니까 왜 온라인 건물주라는 표현을 쓰는지...,https://blog.naver.com/artj0331/224280784663,건강설계 다이어리,20260510,0,6,0,0,6,False
온라인 강의 수익 후기,강의,POP예쁜글씨체 저는 온라인 강의로 마스터했어요,글씨로 수익을 올릴 수 있다는 게 아직도 신기하게 느껴지네요 한 번 제대로 익혀두면 손이 기억해서 글씨체가 쉽게 흐트러지지 않아요 그래도 가끔 기본기가 헷갈릴 때는 다시 온라인 강의를 틀어 놓고...,https://blog.naver.com/nike8319/224227766431,용쓰 수다이야기,20260325,0,4,0,0,4,False
온라인 강의 수익 후기,강의,연봉 및 취업 정보 & 30대 주부 동차합격자의 온라인강의추천,"어느정도인지, 온라인 강의를 활용하여 합격하신 주부의 리얼 합격 후기부터 공부법까지 모두... 그러나 이는 평균 금액이기 때문에 만일 중개사무소를 창업하시게 된다면 계약의 건수에 따라서 수익이...",https://blog.naver.com/qrhackers/224127488455,1위 해커스 공인중개사 공식 블로그,20251230,0,4,0,2,2,False
온라인 강의 수익 후기,블로그,"그로우 온라인클래스 :: SNS마케팅, 네이버블로그수익 강의 후기","네이버블로그수익 온라인클래스 그로우 #온라인클래스 #SNS마케팅 #그로우 그로우 온라인클래스 :: SNS마케팅, 네이버블로그수익 강의 후기 . . . 블로그를 본격적으로 운영하기 시작한 지 8개월이 넘어가고...",https://blog.naver.com/hassoul/222973898727,찍어 먹는 힐링 여행가,20230103,0,6,0,0,6,False
온라인 강의 수익 후기,강의,온라인 강의 판매로 수익자동화를 이루었습니다,"또, 온라인 강의 판매를 통하여 수익 자동화를 이룰 수 있는 방법도 다양합니다. 저는 왜? 워드프레스... 개인 강의 싸이트를 구축했고, 또 실제로 자동화 수익을 만들기까지 개인적으로 느꼈던 후기들에 대해...",https://blog.naver.com/marketingmm/222974250734,"SEO 및 GEO 전문, 마름모연구소",20230104,0,4,0,0,4,False
온라인 강의 수익 후기,블로그,[그로우] N잡러 온라인 수익창출 부수입 강의 후기,"그로우 온라인 수익창출 강의를 듣게되었답니다. 개인채널을 통한 온라인 수익화 첫 걸음 - 나플루언서 이번에 제가 들은 그로우강의 제목은 ""개인채널을 통한 온라인 수익화 첫 걸음"" 이예요. 블로그...",https://blog.naver.com/leestar0808/222460733859,일상 속 맛있는 여행,20210807,0,10,0,0,10,False
온라인 강의 수익 후기,강의,"촉촉한마케터 챗gpt 강의 후기 (책임없는 수익화), 온라인 수익","그게 이 강의의 1차 매력이었습니다. 2차는 챗gpt를 활용한다는 점이었구요. Cf. 온라인 수익화라.. 그... 강의 후기 ""기립, 그 이상의 가치"" ★★★★★ ""정신 차려보니 수업이 끝나있더라"" ★★★★★ 출처 : 나...",https://blog.naver.com/embrace59/223125468924,잘 먹고 잘 자기,20230610,0,4,0,0,4,False
온라인 강의 수익 후기,블로그,교육플랫폼 플랜씨: 블로그 자동화수익 강의 후기,"플랜씨라는 부업, 자기계발, 재테크 등 제가 관심을 가지고 있는 주제의 카테고리를 가진 온라인강의... 저는 플랜씨 강의 중 블로그 자동화수익 강의를 들었어요. 아무래도 제가 현재 블로그를 하고 있고 제일...",https://blog.naver.com/timeless_coffee_lab/223138493626,꾸준한 일상,20230625,0,8,0,0,8,False
온라인 강의 수익 후기,블로그,블로그강의 후기 ::: 수익으로 연결하기::: 마미앨리스,안녕하세요 마미앨리스 입니다 (: 블로그강의 마켓스터디 4기 오프라인을 마치고 따끈따끈한 후기... 1월 23일에 마지막 오프라인 강의가 한번 있고요 2월에 마지막 온라인 강의가 2번 있을 예정이에요! 늘...,https://blog.naver.com/shinpai1/221439609047,마미스튜디오,20190111,0,6,0,0,6,False
온라인 강의 수익 후기,스마트스토어,토퍼 클래스 온라인 강의로 수익내기,토퍼 클래스 강의를 듣고 산후 우울증도 벗어나서 손재주 없음에도 불구하고 한스텝씩 시작하여 어느 새 온라인 판매와 함께 SNS 홍보로 수익을 내고 있어요. 색지와 아크릴 혹은 철심 막대기 가위 풀만 있어도...,https://blog.naver.com/chaimin80/223155167406,오래오래 행복한 롱런이,20230714,0,6,0,0,6,False
온라인 강의 수익 후기,강의,카카오이모티콘 만들기 왕초보 줌( ZOOM ) 온라인 강의 후기,^^ 오늘은 9월 23일 진행했던 카카오이모티콘 왕초보 온라인 미니 강의 후기를 이야기해 보려 해요.... 18년의 디자인 경력과 카카오이모티콘검수제작 경험이 다른 사람의 수익 창출에 도움이 될 거라는 감사한...,https://blog.naver.com/emoteacher/222101160864,이모티콘 작가 양성 선생님,20200927,0,4,0,0,4,False
온라인 강의 수익 후기,블로그,10기 챌린지 유료 강의 솔직 후기(+부업 블로그수익 온라인건물주),애드센스팜 알파남 선생님 10기 챌린지 강의 후기 (블로그 완전 초보 기준) 나는 원래 블로그를 하던... 수익형 블로그 방향이 처음부터 정해져 있다 알파남 선생님 강의는 처음부터 방향이 딱 정해져 있다. 일기...,https://blog.naver.com/tttzz9550/224125202986,"마름결-건어물, 옛날과자 무인24시 전문점",20251228,0,8,0,0,8,False
온라인 강의 수익 후기,스마트스토어,은봉 브랜드 리셀 강의후기 초보도 쉽게 시작할 수 있는 온라인...,"‘온라인 판매라니, 나는 도대체 뭐부터 해야 하지?’라는 생각이 머릿속을 맴돌았거든요. 그런데... 부업에서 사업까지, 단계별 수익화 과정 강의는 단순한 부업 팁이 아니라, 실제로 부업에서 사업으로 확장할...",https://blog.naver.com/pqvsihfgqui/224263987926,자연을 닮은 대화,20260424,0,8,0,0,8,False
온라인 강의 수익 후기,강의,레진아트강의 온라인 수료 후기,클래스나 온라인 강의가 다양한데 저는 그 중에서도 실제 공방에서 배울 수 있는 커리큘럼을 그대로 집에서 익힐 수 있는 수익형 강좌를 선택했어요 레진아트를 배우고 취미로만 끝내지 않도록 부업/창업까지...,https://blog.naver.com/nike8319/223134152821,용쓰 수다이야기,20230620,0,6,0,0,6,False
온라인 강의 수익 후기,강의,연화선녀 AI 사주 강의후기 실제로 부업 수익을 만들어본 경험,"강의가 뭐길래? 처음에 강의 제목을 봤을 때는 솔직히 말해 조금 의심스러웠어요. ""폰 하나로 온라인... 내가 실제로 해본 후기 강의를 시작하면서 처음 느낀 건, AI를 활용해서 사주를 해석하는 과정이 생각보다...",https://blog.naver.com/juom38438/224254486229,너와 나의 우주,20260416,0,6,0,0,6,False
온라인 강의 수익 후기,강의,목동아파트 : 목동 실전 매수 심화반 온라인 강의 후기,"투자 수익도 챙기겠다 그럼 목동 아냐??? (목며들기 시작한 시점) - 대딩 동기 : (초금 정색) 언니???내 가... 온라인 좀 강의를 통해 처음 진행이 되었다고 하셨는데, 오프라인에서와 다르지 않을 만큼 몰입도가...",https://blog.naver.com/brbrbrbr1464/222647759380,세상은 넓고 할 일은 많다,20220214,0,6,0,0,6,False
온라인 강의 수익 후기,강의,[온라인강의] 모임운영으로 월300 부수익 내기-2차 (5/10일...,후기 모아보기] 강의비가 싸다고 느껴졌습니다. 이걸로 월 300충분히 벌 수 있다고 느꼈거든요 [강의 정보] 신청하는 곳은 아래로,https://blog.naver.com/windoowmymind/224272437842,시간과 정신의 방,20260502,0,4,0,0,4,False
온라인 강의 수익 후기,강의,캘리그라피강의 온라인으로 듣고 수익활동까지,다른 방법이 없을까 찾아보던 중 온라인 캘리그라피강의를 듣고 독학한 분의 후기 포스팅을 읽게... 강의 사이트에서 주는 혜택이랑 지원은 이게 시작이었답니다 ㅎㅎ 강의 완강 뒤 자격 취득 후에는 수익화...,https://blog.naver.com/heywhang/223467117475,다정으로 그린 세상,20240604,0,4,0,0,4,False
온라인 강의 수익 후기,강의,잘사는 흥부 재개발 실전투자 22기 온라인강의 후기,"판단없이 산다면 수익내기 어려울 것 같다. 향후 재개발 투자 하려는 사람은 물론이고, 이미 재개발 물건을 정보 없이 덜컥 사버린 사람도 들으면 도움이 되는 강의이니 재개발에 관심 있다면 꼭 들어보길 추천한다.",https://blog.naver.com/dahlia0711/224262303055,dahlia0711님의블로그,20260423,0,6,0,2,4,False
온라인 강의 수익 후기,스마트스토어,리셀 강의후기 왕초보도 쉽게 따라할 수 있는 온라인 판매...,"나도 모르게 성장하게 되는 과정 강의를 따라가면서 느낀 건, 단순한 수익 구조 이해를 넘어 ‘온라인 판매에 대한 감각’이 생긴다는 거예요. 상품 선택, 가격 설정, 판매 흐름, 반복 구조까지 경험하면서...",https://blog.naver.com/pgmyasj988/224264013997,사랑스런통역사,20260424,0,6,0,0,6,False
온라인 강의 수익 후기,강의,가죽공예학원 다니다가 온라인 강의로 바꾼 후기,여기는 가죽공예학원이나 다른 교육기관과 다른 점이 취미생활 뿐 아니라 부업이나 창업을 통해 수익이... 집에서 시간이 날 때마다 온라인 강의 틀어놓고 연습하시면 되구요. 다양한 각도의 촬영 영상과 또...,https://blog.naver.com/dmstjs9942/223463149005,두아이맘's 다이어리,20240531,0,6,0,0,6,False
온라인 강의 수익 후기,강의,자동수익 디지털노마드 부업꽁방 전자책 강의 후기,안녕하세요 메메부부입니다 온라인으로 돈버는 방법에 많은 분들께서 관심을 가지시는 것 같아요... 찐 후기들을 보니 강의를 듣고 정말로 수익을 내고 계시는 분들이 계셔서 부럽기도하고 나도 한번...,https://blog.naver.com/allisa_kim/223781483802,우리들의 행복한 시간,20250303,0,6,0,0,6,False
온라인 강의 수익 후기,스마트스토어,리셀 강의후기 초보자도 쉽게 따라 할 수 있는 현실적 수익 구조,"실제 수익화 경험 제가 직접 적용해본 사례를 하나 들자면, 처음 상품을 등록하고 일주일 만에 첫... 마무리하며 결국 은봉 브랜드 리셀 강의후기를 접하면서 느낀 점은, 온라인 판매가 어렵게만 느껴지던...",https://blog.naver.com/zfycaqvi047/224264021963,한반도의자랑,20260424,0,6,0,0,6,False
온라인 강의 수익 후기,강의,캔들온라인강의 초보로 시작해서 판매 도전까지,실제 후기를 작성한 후 기관에서 대가를 받았습니다 캔들 만드는 법을 배워 수익을 내고 싶은 분들!... 도움받고 수익활동 지원까지 해주는 곳이 있더라구요 저도 캔들온라인강의로 석고 방향제 만드는 법을...,https://blog.naver.com/handa1221/223933391107,보람차게 살기,20250716,0,4,0,0,4,False
온라인 강의 수익 후기,강의,핸드메이드 머리핀 강의 듣고 시작한 부업 만족스럽네요!,아카데미에서 제공받은 일에 대한 후기이며 수수료를 받습니다. 처음부터 판매를 목적으로 핸드메이드... 않아서 온라인 강의를 보면서 배우기 시작했어요 수업 내용은 리본 소품 제작과 활용 과정까지 함께...,https://blog.naver.com/handa1221/224286436530,보람차게 살기,20260518,0,4,0,0,4,False
온라인 강의 수익 후기,강의,홈페이지 없이 온라인 강의 수익 700만원 가능할까..?,2021년 7월 처음 온라인으로 강의를 시작했던 순간 피트니스 전문가로서 지식 창업을 하고 싶다? 물론... 지식 사업의 본질은 나와 잠재고객 사이의 '지식 차이'를 명확하게 인지하고 그걸 수익화 할 수 있는...,https://blog.naver.com/fisher0820/222668852555,피트니스 전문가들의 비즈니스 멘토 | 웰트리온,20220310,0,4,0,0,4,False
온라인 강의 수익 후기,유튜브,세상 나도 온라인으로 수익을 낼 수 있다?! 아나의여행강의후기,늦은 후기이지만) 블로거수입을 낼 수 있게 1시간 넘게 유튜브 실시간 스트리밍으로 수업을 해주신... 있게 온라인 수익화의 삶을 현실화 할 수 있는 강의를 제공해주신 예쁘고 매력적인 #아나의여행 아나님께...,https://blog.naver.com/zangelartist/222555757297,angelabookartist,20211101,0,6,0,0,6,False
온라인 강의 수익 후기,강의,가죽공예 diy 가성비 온라인 강의 추천해요,많죠 온라인강의는 이 부분들을 모두 포함해서 처음부터 알려주셔서 좋았어요 마지막 커리큘럼에서는... 그러니 마진율이 완전 좋죠 재료비 제외 전부 제 수익! 이곳 만으로도 괜찮지만 저는 욕심을 좀 더 내서...,https://blog.naver.com/nike8319/223649665840,용쓰 수다이야기,20241106,0,4,0,2,2,False
온라인 강의 수익 후기,블로그,자유의지 디지털 노마드 블로그 수익반 2기 온라인 강의 후기...,자유의지님 디지털 노마드 블로그 수익반 2기 온라인 강의 후기(달라진 일상) 안녕하세요? 스윗마마조 입니다^^ 저는 현재 뉴질랜드에 살고 있습니다. 아이들의 교육을 위해서 이곳에 온 지 이제 1년이...,https://blog.naver.com/rachel337/222070618346,♡♡스윗캬라멜♡♡뉴질랜드일상,20200825,0,6,0,0,6,False
온라인 강의 수익 후기,블로그,리치오름 6주차 강의 후기 : 블로그로 온라인 건물주 되기,"오늘 리치오름 토요 줌 강의 주제는 맘씨오에블린님의 ""블로그로 온라인 건물주 되기"" 였습니다.... 하지만 콘텐츠의 심장에는 반드시 '당신'이 있어야 합니다."" ✔ 네이버 블로그 수익화 로드맵 : 1~3 단계 1)...",https://blog.naver.com/runnyconnie/224280284988,러니코니,20260509,0,8,0,0,8,False
온라인 강의 수익 후기,강의,헤어스트록 온라인강의 후기? 결국 학원 등록한건 안비밀......,"오늘은 헤어스트록 온라인 강의 내돈내산! 후기를 가져와봤어요~ㅎㅎ 요즘 샵에서 반영구 강의하시던... 아무래도 온라인 강의는 지역이나, 시간 제약 없이 수익을 만들어주다보니... 앞으로는 필수가 되지...",https://blog.naver.com/darammi_/224172140600,다람이네,20260205,0,4,0,0,4,False
온라인 강의 수익 후기,강의,긍정필터 AI 숏폼대행 강의후기 실무 적용 가능한 수익 모델을...,"특히 숏폼 콘텐츠 시장의 성장 가능성, AI 활용 방식, 반복 가능한 수익 구조 등을 배워서, 이 분야에서 어떻게 자리 잡을 수 있을지에 대한 비전도 확립할 수 있었어요. 이번 긍정필터 AI 숏폼대행 강의후기는...",https://blog.naver.com/glodcmxy4180/224251432987,채찍유전갱이,20260414,0,6,0,0,6,False
온라인 강의 수익 후기,강의,레진원데이클래스 온라인 강의로 수공예 마스터하기,소정의 수수료를 받았으며 실제 경험 후기를 작성합니다 집에서 사부작사부작 손으로 뭔가 만드는... 체험 강의나 교육 자료를 확인해보시고 자세히 알아보셔도 좋을 것 같아요. 레진원데이클래스 온라인 수공예...,https://blog.naver.com/kankoro197820/224190646916,kankoro197820님의블로그,20260222,0,2,0,0,2,False
온라인 강의 수익 후기,강의,쿠팡 구매대행 강의 후기 직장인도 가능한 무재고 부업이란,"구매대행 강의 후기 직장인도 가능한 무재고 부업이란 하루 대부분을 회사에서 치이다보면, 부업을 하고 싶어도 체력과 시간이 따라주지 않을 때가 많아요. 저 역시 야근과 회식으로 늘 바쁘게 살다가 온라인...",https://blog.naver.com/mare8099/224059040041,은지쓰,20251030,0,4,0,0,4,False
온라인 강의 수익 후기,강의,코바늘부업 집에서 홈창업으로 수익내기 대만족^^,않아도 수익이 쌓이는 구조예요 처음부터 잘할 줄 알았던 건 아니고 완전히 기초 단계에서 시작했어요 코바늘 잡는 법조차 몰랐어요 배우는 방법은 여러 가지가 있지만 저는 온라인 강의가 가장 편했어요 시간을...,https://blog.naver.com/nike8319/224285628127,용쓰 수다이야기,20260514,0,6,0,0,6,False
온라인 강의 수익 후기,강의,김종학 대표 온라인 스쿨 만들어 수익내는 방법 강의 후기,온라인 스쿨 만들어 수익내는 방법 강의 후기> 온라인 강의는 특별한 사람들 혹은 강사분들만 할 수 있는 영역이라고 생각했었는데 어제 김종학 대표님 강의를 통해 누구나 쉽게 도전할 수 있는...,https://blog.naver.com/nhk0806/222248895368,경제적 자유를 위한 판도라상자,20210219,0,4,0,0,4,False
온라인 강의 수익 후기,강의,떡케이크창업 평생소장하는 온라인 강의,받고 후기를 작성합니다 떡케이크를 한번도 만들어 본 적도 없는 초보로서 자격증을 따고 수익을 내기까지 총 2개월정도 걸렸네요 게다가 집에서 편하게 온라인으로 떡케이크창업 강의를 들으며 이뤄낸 결과죠...,https://blog.naver.com/handa1221/223858265578,보람차게 살기,20250508,0,4,0,0,4,False
온라인 강의 수익 후기,강의,라탄공예 원데이 온라인으로 해본 후기,스타일의 온라인 강의가 생각보다 정말 다양하게 준비되어 있었어요^^ 그중에서도 제가 픽한 곳은 단순히 만드는 법만 가르쳐주는 게 아니라 내가 만든 작품을 실제 수익으로 연결하는 팁까지 함께 전수해주는...,https://blog.naver.com/handa1221/224250576859,보람차게 살기,20260414,0,4,0,0,4,False
온라인 강의 수익 후기,강의,연화선녀 AI 사주 강의후기 사주 초보자도 쉽게 수익을 낼 수...,"강의 중간 중간 실제 사례나 수익을 낸 사람들의 후기도 함께 소개되는데, 그 후기를 듣고 나니 내가 이... 그동안 다양한 부업을 시도했지만 실패했던 나에게, 이 강의는 진짜로 온라인에서 수익을 만들 수 있는...",https://blog.naver.com/ykmuqgvnzshz/224254451273,길 위의 소리,20260416,0,6,0,0,6,False
온라인 강의 수익 후기,스마트스토어,양모펠트공예 배우기 시작하고 오픈한 온라인 판매,후기를 작성하고 기관으로부터 수수료를 받습니다. 요즘 바늘로 하나씩 찍어서 형태를 만드는... 수업과 온라인 강의 중에서 저는 온라인 강의를 선택했는데 이유는 비교적 명확했네요 본업이 따로 있다 보니...,https://blog.naver.com/handa1221/224286619195,보람차게 살기,20260518,0,4,0,0,4,False
온라인 강의 수익 후기,강의,작가님 온라인 강의 후기/ 무자본창업 디지털노마드로 사는 법,"수 PM9~11:30 태어나서 첨으로 줌을 통해 온라인 강의를 들었습니다. 우아~21세기를 살고 있다는 실감ㅎㅎ... 사용하여 수익을 시스템화하기. 코로나 시대에 더 앞당겨질 삶의 방식이고, 우리 자녀들이 성인이 된...",https://blog.naver.com/76boragom/221990828828,해피레시피 류이,20200605,0,4,0,0,4,False
온라인 강의 수익 후기,블로그,디지털노마드 블로그 온라인 수익강의 아나의여행 후기,디지털노마드 블로그 온라인 수익강의 들으며 다시 한번 큰꿈을 키워볼까 합니다. 아나의여행 크리에이터 엄채연 님을 만나고 다시 초심으로 돌아가 열씨미해보고 싶네요. 연애때는 데이트비용만 아껴도 그게...,https://blog.naver.com/everball/222556802653,행복만땅 NY♡,20211102,0,6,0,0,6,False
온라인 강의 수익 후기,강의,온라인클래스 그로우(grow)... 주류 테크 & 트렌드 탐험 강의 후기,"주류 트렌드를 파악하기에는 너무 좋았던 강의라 후기를 남긴다. 성장이 시작되는 곳 온라인클래스... 파워포인트 강의부터 제페토와 같은 가상현실 콘텐츠 교육과 재테크, N잡 수익창출 강의 등 없는 게 없는...",https://blog.naver.com/love_kej/222899497539,나의 잔치는 아직 끝나지 않았다,20221013,0,8,0,0,8,False
온라인 강의 수익 후기,강의,재테크트리 공매입문과정부터 자동화수익까지- 강의 후기,"요즘처럼 더위가 기승을 부릴 때는 더욱 나가기 싫죠~ 물건 검색부터 모든 과정을 온라인으로도 가능케... 공매입문, 공경매강의, 자동화수익에 관심 있는 분들은 카페 와서 구경해보세요~ 재테크트리 : 네이버...",https://blog.naver.com/sogood1/222806589565,지방흡입 중심 부천 비너스의원,20220710,0,4,0,0,4,False
온라인 강의 수익 후기,강의,AI로동영상만들기 현실적인 수익 후기 이야기,후기를 작성한 뒤 기관으로부터 수수료를 받습니다 아이들 등교시키고 집에 돌아와 가만히 식탁에... 선택한 온라인 강의는 AI로동영상만들기 뿐 아니라 AI를 활용해 콘텐츠를 기획하고 제작하고 수익으로...,https://blog.naver.com/kghic67/224153042330,람쥐씨의 알뜰살뜰 일상이야기,20260120,0,6,0,0,6,False
온라인 강의 수익 후기,강의,아동베이킹지도사 온라인강의로 취업까지,실제 후기를 작성한 대가로 수수료를 받았습니다 제가 요즘 취미로 제일 즐기는 건 베이킹이에요ㅎㅎ... 강의는 온라인 강의로 편하게 집에서 들으면 되고 커리큘럼을 차근차근 따라가면 70개가 넘는 레시피를...,https://blog.naver.com/handa1221/223852358818,보람차게 살기,20250502,0,2,0,0,2,False
온라인 강의 수익 후기,스마트스토어,쇼핑몰관리사 자격증 온라인 강의 시험 합격 후기,쇼핑몰관리사 자격증 온라인 강의 시험 합격 후기 온라인 시장이 급속도로 커지면서 개인이 직접... 월 수익이 훨씬 높아질 수도 있었어요. ♡비용없이 수업듣기!♡ 저는 급여보다는 실제로 배우고 적용할 수...,https://blog.naver.com/u96eqkim/224076942154,1등 생활정보,20251116,0,6,0,0,6,False
온라인 강의 수익 후기,블로그,월급쟁이부자들 강의 블로그 부업 월100만들기 내돈내산 후기,월급쟁이부자들 강의 블로그 부업 내돈내산 후기를 써봅니다 [내돈내산] 결제내역 블로그 젊은 사람만... 실전반 강의 온라인 건물주가 되는 법 궁금하시면 교육과정도 한번 살펴보세요^^ 저의 한달 수익을...,https://blog.naver.com/joy_information/224151342873,경제 정보곳간,20260119,0,8,0,2,6,False
온라인 강의 수익 후기,스마트스토어,레진공예키링 직접 만들어 온라인 판매중,시작했다가 수익으로 이어졌다는 후기도 쉽게 찾아볼 수 있었어요ㅎㅎ 그걸 보니 자연스럽게... 있는 온라인 강의를 찾아보기 시작했고 결국 레진 전 과정을 기초부터 체계적으로 다룬 전문 교육기관을 발견하게...,https://blog.naver.com/nike8319/224286429689,용쓰 수다이야기,20260515,0,6,0,0,6,False
온라인 강의 수익 후기,강의,그로우 grow 온라인강의 인스타그램 수익 인스타그램 부수입...,"온라인강의 ""누구나 월100만원 버는 인스타그램 만들기"" 인강은 그 누구나 매우 쉽게 부수입을 창출할 수 있도록 도와주고, 빠르게 인스타그램을 성장시켜 수익을 얻을 수 있는 다양한 방법들에 대해 알려주고...",https://blog.naver.com/vbvvx/222864024646,Scarlet's Republic,20220901,0,6,0,0,6,False
온라인 강의 수익 후기,강의,"SNS 마케팅 강의, N잡 사업 필수 온라인 트렌드 강사 출강 후기...","강의, N잡 사업 필수 온라인 트렌드 강사 출강 후기 (서울시 자산형성지원사업) 100명 정도 신청하실 수 있었고 실제로 정말 많이 와주셔서 깜짝 놀랬어요..!! 선택교육인데도 불구하고 역시 n잡, sns 수익화에...",https://blog.naver.com/happyou_j/223810268015,시즈더타임,20250326,0,6,0,0,6,False
온라인 강의 수익 후기,강의,전자책 판매 후기 | 재택부업·온라인부업 찾는다면 | 수수료 0...,“같은 판매량인데 실제 남는 수익이 달라진다.” 이 부분은 온라인부업이나 전자책부업 시작하는 분들에게 꽤 중요한 포인트라고 생각해요. 특히 요즘은 전자책사이트나 강의사이트가 정말 많잖아요. 하지만...,https://blog.naver.com/aloas/224286635578,김포 하남매맘의 별 다섯개 리뷰이야기,20260515,0,8,0,0,8,False
온라인 강의 수익 후기,기타,캘리그라피 자격증 온라인 교육 및 취득과정 후기,들어오면서 소소한 수익을 보고 있습니다~ 앞으로는 작은 전시회나 클래스도 열어보고 싶어요. 그럼 캘리그라피 자격증 온라인 교육 및 취득과정 후기 마치겠습니다~ 관심 있는 분들은 지금 당장 시작해보세요.,https://blog.naver.com/dailyallo/224066026328,평범함속의 특별함、ALLO,20251105,0,2,0,0,2,False
온라인 강의 수익 후기,강의,온라인 강의 만드는 방법,4단계 후기 확보 5단계 확장  하나 만들고 반복 결론 온라인 강의는  지식을 돈으로 바꾸는 가장 좋은 방법 중 하나입니다. ✔ 초기에는 시간이 들지만 ✔ 이후에는 자동 수익 가능  누구나 도전할 수 있는 분야...,https://blog.naver.com/hayunee89/224272734845,오늘정리노트 | 생활비·여행·경제 정보,20260503,0,4,0,0,4,False
온라인 강의 수익 후기,스마트스토어,온라인부업 스마트스토어 월300 벌기 강의 후기,온라인부업 스마트스토어 월300 벌기 강의 후기 지금은 시대가 시대인지라 온라인 부업을 하시는... 요가 강사를 하시던 분이 강의를 듣고 온라인 부업 강의를 듣고 월 수익 300만 원을 벌게 된 그래프였어요....,https://blog.naver.com/keummin/222999541992,여행인플루언서 빅토리아투어 입니다,20230130,0,8,0,0,8,False
온라인 강의 수익 후기,강의,PSD 온라인 창업교육 세미나 강의 후기,"통한 수익화라는 것을 알게 되었습니다. 그 기류에 편승^^, 화사랑도 접근이 쉬운 애드포스트 승인... 강의 후기 두 줄로 정리하면 세상에 쉬운 일이 없죠.^^ 강사님도 온라인 창업에 대한 확고한 결심이 없다면...",https://blog.naver.com/junmin120/222116671633,화사랑의 느긋한 여행,20201015,0,4,0,0,4,False
온라인 강의 수익 후기,강의,인센스스틱DIY  온라인강의로 배워 수익창출하기,"여러가지 강의나 배우는 곳을 찾아보다 온라인으로 배울 수 있는 수공예 아카데미에 인센스스틱DIY... 기초부터 전문과정 강의가 체계적으로 되어있고 창업, 부업을 할 수 있게 지원해주는 곳이라 수익활동도 할...",https://blog.naver.com/youg98/223167779503,생활공간,20230727,0,6,0,0,6,False
온라인 강의 수익 후기,강의,온라인 강의 지식창업 마케팅은 한편의 영화다. By 디노랩로즈샘,분: 온라인에 강의나 다른 컨텐츠를 홍보하는 법을 알고자 하시는 분 또는 수익내고자 하시는 분 일시: 11월 23일 일밤 8시반 장소: 줌 (당일 신청서에 주신 전화번호로 줌 주소 발송) 후기 선물  1....,https://blog.naver.com/parks07300/224079864317,디노랩로즈샘,20251118,0,4,0,0,4,False
온라인 강의 수익 후기,블로그,블로그 온라인 강의,블로그 강의 / 서포터즈 활동을 하면서 네이버 인플루언서 되는 팁 / 여행 블로그 활동 수익 / 블로그로... 강의는 온라인 강의 주므로 강의하며 단독방으로 피드백 1:1 개인 피드백 강의 3주 후에도 전체...,https://blog.naver.com/hamoni0598/223070274150,여행인플루언서 긍정의마나,20230410,0,6,0,0,6,False
온라인 강의 수익 후기,강의,클래스101 인스타그램 수익화 스킬업 강의 구독 후기,클래스101 인스타그램 수익화 스킬업 강의 구독 후기 글 • 사진 I 역마살마리 새해가 된지 얼마 안된것... 여기저기 온라인 수익화 관련해서 전자책이나 강의가 많은데 궁금하긴 하지만 생각보다 가격이 만만치...,https://blog.naver.com/eggran2/224168137225,역마살마리의 TMI 여행일기❤️,20260202,0,4,0,2,2,False
온라인 강의 수익 후기,강의,고도화부터 사업계획서 작성법까지 Bizfit _ 부행님 강의 후기,굵직굵직한 사업 중 예창패(예비창업자 패키지)강의 후기를 공유합니다. 저는 이 강의를 듣고 나서... 이 내용을 제가 하고 있는 온라인 콘텐츠 교육 사업에 적용해서 생각해보면 아래처럼 정리해볼 수...,https://blog.naver.com/aska1471/224212714744,윤짱의 캔바 미드저니 스쿨,20260311,0,4,0,0,4,False
온라인 강의 수익 후기,강의,떡공예 온라인 강의로 마스터하고 수익내기,기관으로부터 소정의 수수료를 받고 후기를 작성했습니다 저는 떡을 정말 좋아해서 어릴 때부터 자주... 떡공예를 배우려면 보통 학원이나 공방을 가야 한다고 생각했었어요 그런데 온라인 강의에서도 전통...,https://blog.naver.com/chomujoo79/223766028871,오늘도 행복♡,20250220,0,4,0,0,4,False
온라인 강의 수익 후기,블로그,블로그 글쓰기 수익까지! 온라인 마케팅 블로그 강의 후기...,블로그 글쓰기 수익까지! 온라인 마케팅 블로그 강의 후기 with 마케터C 회사를 다니면서 육아까지 하고 있는 나름대로 열심히 살고 있는 워키맘인 나. 사실 진짜 하루하루가 피곤한게 사실이다. 기상시간은 아침...,https://blog.naver.com/jochicjo/222609146501,쪼앀 일상로그,20211231,0,6,0,0,6,False
온라인 강의 수익 후기,스마트스토어,레진용액 구매할 필요 없는 온라인강의,"곳이에요~ 강의 커리큘럼을 보면 부업과 창업 목적으로 온라인 판매활동, 강사 활동, 공방창업까지... 다양한 방식의 수익활동 위한 정보를 공유해주시죠 그래서 창부업으로 수익을 얻으려는 분들이 꽤 많이...",https://blog.naver.com/nike8319/223691486068,용쓰 수다이야기,20241212,0,8,0,0,8,False
온라인 강의 수익 후기,스마트스토어,레진아트강의 온라인으로 듣고 용돈벌이 해요,장점이었어요 온라인 판매 외에도 강사 취업이나 공방 창업 등 다방면으로 수익을 낼 수 있으니 기회가 된다면 저도 해볼 생각이에요 레진아트강의 찾는 분들은 제가 배운 기관의 도움을 받고 시작해보시길...,https://blog.naver.com/dmstjs9942/223785870023,두아이맘's 다이어리,20250307,0,6,0,0,6,False
온라인 강의 수익 후기,블로그,"2월달 엄마의 새로운 도전, 그남자 온라인 강의로 블로그...","온라인강의? 블로그 수익? 우연히 검색의 검색을 거듭해서 이웃추가를 했었고, 이미 만블을 이룩한 내... 실제로 강의를 듣고 와서 만족했다는 후기도 보았다. 하지만 실제로 강남이나 부산까지 가서 듣기에는...",https://blog.naver.com/qlcsk1129/221794969408,마더꽉의 세상을 이해하는 글쓰기,20200203,0,6,0,0,6,False
온라인 강의 수익 후기,강의,경제금융교육연구회 온라인 연수 강의 후기 : 미친 자에게 건배를,다니쌤의 수익화 과정 다니쌤의 온라인 연수 후기 100명 조금 넘는 선생님들께서 제 강의를 들으셨습니다. 그중 40분의 평점입니다. ★★★★★ 평점 4.8 후하게 점수를 주셔서 정말 감사합니다ㅎㅎ강의 중에도...,https://blog.naver.com/god_dain/223623732023,다니쌤의 각양갓생 블로그,20241018,0,4,0,0,4,False
온라인 강의 수익 후기,강의,pop강의 덕분에 수익까지 내게 됐어요,판매 수익까지 합쳐지니 예전 직장 생활보다 수입이 더 나올 때도 있답니다ㅎㅎ 만약 POP글씨학원만 다녔다면 아마 수업 듣고 끝났을 가능성이 크지만 온라인 강의는 배움에서 그치지 않고 취업과 창업까지...,https://blog.naver.com/bless9409/224096083712,bless9409님의블로그,20251205,0,4,0,0,4,False
온라인 강의 수익 후기,블로그,"네이버 블로그 실전 수익화, 수익 끌어당김의 법칙 강의 오픈 알림","미친 듯이 노력하되, 올바른 방향을 잡을 수 있는 강의로 준비합니다. 1. 대상 ✓ 블로그로 월 수익 300만 원을 달성하지 못한분(달성했어도 1년 이상 유지에 실패한 분) 2. 방식 ✓ 기수제 / 온라인 총 24개 수업...",https://blog.naver.com/supapa13/223427450473,세수하면이병헌 IT/자동차,20240426,0,6,0,0,6,False
온라인 강의 수익 후기,강의,"32차 번개특강 후기 : ""언택트 시대! 온라인 강의로 수익내기""","아이디어셀러 32차 번개특강 후기 : ""언택트 시대! 온라인 강의로 수익내기"" 어제 현직 EBS 강사이신 장이지 대표님의 번개특강이 있었습니다. 온라인 강의를 Zoom으로 하고 있기에 신청할까 말까하다가...",https://blog.naver.com/sisgoodhappy/222150091503,1인 창업 114,20201120,0,4,0,0,4,False
온라인 강의 수익 후기,강의,온라인 경매학원 첫 수익 후기,"온라인 경매학원 첫 수익 후기 #온라인경매학원 애 학교 보내고 남은 시간… 남편과 시작한 부동산... 애도컸고, 둘이 같이 뭔가 해보면 어떨까?"" 그렇게 시작된 부부의 첫 재테크 시작이 부동산 경매였고, 강의...",https://blog.naver.com/5aklc8n2/224083537023,교육여행,20251121,0,4,0,0,4,False
온라인 강의 수익 후기,강의,실전 달러 투자 기초 온라인 강의가 궁금하신 분들께,사팔사팔을 모를 때라 수익도 안나는 것 같고 재미가 없어서 다시 달러는 내 기억에서 잊혀졌다. 그런데... 참조하시길~ 모두 성투하세요^^ #실전달러투자기초온라인강의후기 #적극추천 #결국은내가한만큼얻는것,https://blog.naver.com/1981tkdal/222879702957,순자산 3천만 원 증가,20220920,0,6,0,4,2,False
온라인 강의 수익 후기,강의,펫시터자격증 온라인 강의 및 시험 합격 후기,"강의는 단순히 반려동물 돌봄이 아니라 동물의 행동심리, 건강관리, 응급상황 대처까지 정말 실용적인... 퇴근 후나 주말에 펫시팅을 하며 수익도 올리고 좋아하는 일도 한다고 해서 저도 자극을 받았는데요....",https://blog.naver.com/ncsinger/223860378815,한국능률교육평가원,20250513,0,4,0,0,4,False
온라인 강의 수익 후기,블로그,월급쟁이 부자들 강의  월부월백 듣고 블로그 수익으로 확인한...,저는 온라인 부업을 찾던 시기에 월급쟁이 부자들 월부월백 애드센스 강의를 통해 기초반에서... 초기 수익 흐름까지 확인했습니다. 블로그 부업이 궁금하신 분들께 도움이 될 것 같아 강의 후기를 간단히 정리해...,https://blog.naver.com/cacao72_00/224148988685,일상에 필요한 경제이야기,20260116,0,8,0,2,6,False
온라인 강의 수익 후기,강의,캘리그라피교육 온라인으로 배워서 수익버는 방법,온라인 강의를 통해 혼자 연습하며 배웠다는 후기를 보고 저도 온라인 교육기관을 알아보기... 바로 강의를 시작했어요ㅎㅎ 이 온라인 기관은 재료 지원뿐만 아니라 나중에 수익 활동까지 연결할 수 있도록...,https://blog.naver.com/hbirds/224205143307,사랑이가 사는 방법,20260306,0,4,0,0,4,False
온라인 강의 수익 후기,유튜브,연예인 쇼츠로 수익 극대화! 2회차 강의 후기,"연예인 쇼츠로 수익 극대화! 2회차 강의 후기 안녕하세요, 최정인입니다. 11월 4일, ""유튜브로 수익내기... 세종시부업강의 #세종시성인교육 #세종시직업교육 #세종시평생교육 #세종시온라인강의...",https://blog.naver.com/hanna_contents/224067548374,한나의콘텐츠숲,20251107,0,8,0,0,8,False
온라인 강의 수익 후기,강의,마크라메 공방 대신 온라인 강의 듣고 부업해요,"처음 온라인 강의를 몰랐을 땐 오프라인 수업을 듣는 게 당연히 좋을 거라 생각했었는데요.. 집 근처에... 번째, 강의를 모두 들은 이후에도 창업, 부업을 할 수 있도록 수익활동 지원을 제공해줘요 이렇게 4가지...",https://blog.naver.com/dmstjs9942/223656195519,두아이맘's 다이어리,20241112,0,6,0,0,6,False
온라인 강의 수익 후기,블로그,캘리그라피 배우기 온라인 취득과정 합격 후기,지금부터 캘리그라피 배우기 온라인 취득과정 합격 후기를 공유해 볼게요! 1. 온라인 강의 선택 이유... SNS·블로그 콘텐츠 글씨 하나로 표현할 수 있는 범위가 넓어서 취미를 넘어 수익 창출로 이어지기도 하고...,https://blog.naver.com/babydreamer5/223945633478,영어뉴스와 미드영어,20250724,0,8,0,0,8,False
온라인 강의 수익 후기,강의,미리캔버스 기여자 강의로 수익 변화! 이그사 카페 강의 후기,무자본으로 온라인 수익을 만들고 싶은 사람 독학으로는 한계에 부딪혀 수익이 잘 안 나는 사람 이런 분들에게는 이 강의가 큰 힘이 될 거라 확신합니다. 마무리 처음 240원으로 시작했던 제 수익이 이제는 점점...,https://blog.naver.com/iiss5236/223975059249,걷고 먹고 사랑하고 기록하는 차곡토리,20250819,0,4,0,0,4,False
온라인 강의 수익 후기,블로그,리치오름 강의 후기ㅣ블로그로 온라인 건물주 되기,"리치오름 이번 주 강의는 맘씨오에블린 강사님의 《블로그로 온라인 건물주 되기》였다. 글쓰기를... AI가 정리한 정보보다 직접 써본 사람의 이야기, 실제로 사용해 본 후기, 실패와 시행착오가 담긴 글이 더...",https://blog.naver.com/jy2you6/224280600581,세레인의 차곡차곡 하루곳간,20260510,0,4,0,0,4,False
온라인 강의 수익 후기,블로그,블로그해킹 키워드 온라인 강의 - 1월 27일(수),녹여 온라인 강의를 개설하였습니다. 12일간 블로그 글쓰기를 통해 수익화에 도전하는 키너블... 강의 후기들 이쯤 되면 여러개 그래프와 후기 캡쳐를 보여주며 당신의 마음을 설득해야 합니다. 그러나...,https://blog.naver.com/resumet/222216175312,블루래더 - 경제적 자유를 향한 푸른 사다리,20210122,0,6,0,0,6,False
온라인 강의 수익 후기,강의,토퍼 주문제작 온라인으로 배우고 수익 활동하기,사실 이 분야에 도전하기 전에는 많은 걱정과 고민이 있었는데 다행히 수익 활동을 통해 돈을 벌게... 그러다 찾게 된 곳은 온라인 강의로 진행되는 교육 기관이었는데요. 이 기관은 토퍼 주문제작 시 필요한 모든...,https://blog.naver.com/raphy324/223589276102,글쓰고 만들고 사람도 좋아하는,20240919,0,4,0,0,4,False
온라인 강의 수익 후기,강의,"왠끌사 온라인ZOOM 화상 강의 후기, '나로부터 비롯되는 변화의...",기다리는 동안 메일 보낼 것과 다음날 강의안 검토 中~ #온라인화상강의zoom줌 드뎌 초대된 멤버... 3.디지털플랫폼에 기록으로 남겨라 4.일단1루에서 발을 떼고 들어가라 5.수익구조의 다원화 (수익 파이프라인...,https://blog.naver.com/ghg4739/221963635544,놀이가 밥이다! 공혜경강사의 행복tv 010.5625.4739,20200515,0,4,0,0,4,False
온라인 강의 수익 후기,스마트스토어,내돈내산 셀링메이트 일본구매대행 온라인창업 강의 후기...,"아직 수익이 없는 상태에서 후기를 써도 되나 싶었거든요. 근데 오히려 시작 전, 시작하는 과정에 있는... 있고 온라인 판매를 처음 도전하는 분 ✔ 혼자 하면 막히는 부분이 많아서 체계적으로 배우고 싶은 분...",https://blog.naver.com/pvs05k/224239530844,일본구매대행 성장일지,20260403,0,6,0,0,6,False
온라인 강의 수익 후기,스마트스토어,전략'이 중요한 이유재택으로 시작한 온라인 수익 이야기,"콘텐츠온라인 판매, 강의 물론 처음부터 큰 수익이 생기지는 않았습니다. 저도 처음에는 하루 종일... 육아 일상뿐 아니라 소비 후기, 카페 방문 기록, 공부 과정, 생활 꿀팁 같은 평범한 기록도 충분히 콘텐츠가...",https://blog.naver.com/lovelykoreanpicks/224284746278,함께자라는노트,20260514,0,10,0,0,10,False
온라인 강의 수익 후기,강의,비즈팔찌 공방 대신 온라인 강의로 배워요!,"그런데 검색해 보니 후기도 엄청 많고, 10년 이상 온라인 강의를 진행해 온 곳이더라고요? 10년 동안... 것처럼 수익을 낼 수 있는 활동에도 도움을 주는데요. 비즈팔찌 공방에 다니면 작품을 제작하는 것으로...",https://blog.naver.com/nike8319/223538620071,용쓰 수다이야기,20240808,0,4,0,0,4,False
온라인 강의 수익 후기,강의,"온라인 강의 사기 구별법, 결제 전에 꼭 확인해야 할 5가지",수익 설명 현실적 범위 과장된 수익 실패 사례 일부 공개 거의 없음 환불 정책 명확 조건 복잡 후기... 온라인 강의 사기 구별법에서 가장 중요한 건 “순수익 기준으로 계산하는 것”입니다 상황 따라 결과...,https://blog.naver.com/gadopapa/224275221294,오늘도 살아남기 위해 계산해봄,20260505,0,4,0,0,4,False
온라인 강의 수익 후기,강의,매매! 자영업자 건물주 되기 정규반 온라인 강의 후기,"정규반(온라인 강의) 후기 현대사회에서 자영업자는 누구나 한 번쯤 ‘내 가게’를 넘어 ‘내 건물’을... 쉽게 말해, 은행 대출 등의 외부 자금을 이용해 자산을 매입하고, 매입한 자산에서 발생하는 수익으로...",https://blog.naver.com/yunseone24/223711525326,윤서아빠,20250101,0,4,0,0,4,False
온라인 강의 수익 후기,강의,레진공예diy 온라인으로 전문과정 마스터하기!,되었고 온라인 강의로 배울 수 있는 과정이 있다는 걸 알게 되었어요 레진공예diy 단순한 취미 중심 수업이 아니라 수공예 기술을 기반으로 수익 활동까지 연결할 수 있도록 지원하는 구조라서 좀 더 실용적으로...,https://blog.naver.com/handa1221/224274327985,보람차게 살기,20260505,0,4,0,0,4,False
온라인 강의 수익 후기,강의,하면서 돈도 버는 온라인 모임창업 by 노매새드님 줌 강의 후기,"믿고 보는 강연, 좋아하는 일 하면서 돈도 버는 온라인 모임창업 by 노매새드님 줌 강의 후기 올해... 이미 카페를 통해서 여러 모임을 만들면서 다른 사람을 성장시키는 일을 통해서 수익까지 창출했던 내용들을...",https://blog.naver.com/ahnsophia/223182170661,지구사랑 삼남매,20230812,0,4,0,0,4,False
온라인 강의 수익 후기,기타,월급 대신 월배당처럼 들어오는 온라인 수익 만드는 법,AI로 너무 간편하게 만든 글이나 사진을 올리기보다 나의 생생한 체험 후기가 들어간 글이 확실히... #온라인수익만드는법 #온라인수익화방법 #재택부업방법 #집에서돈버는방법 #현금흐름만들기...,https://blog.naver.com/loverjkr/224227598074,시간부자의 은퇴후 소득흐름,20260324,0,6,0,0,6,False
온라인 강의 수익 후기,블로그,여행 인플루언서 세시간전 블로그 수익 방법 돈기부여 강의 후기,1개월 차 매주 1회 온라인 줌 수업으로 기초 다지기 2개월 차 세시간전 플랫폼을 활용한 실전 수익화 실습 2개월 동안 이론과 실습을 병행하면서 블로그 운영에 대한 자신감이 생기실 거예요 3. 사기강의와 진짜...,https://blog.naver.com/erain9292/223991133378,여행 꿀팁 Travel Diary,20250901,0,6,0,0,6,False
온라인 강의 수익 후기,유튜브,"유튜브 수익내기, 왜 나는... (Feat 최강 유튜브 영상 강의 후기)","유튜브 채널 자체 수익모델이 아닌, 그 외적으로 할 수 있는 일들이 실제로 굉장히 많아요. 내가 해 본... 특히 온라인으로 하는 일들은  전혀 중요치 않아요. 결국 시작이...",https://blog.naver.com/great01234/221806223916,미쉘's 디지털 세상 가치찾기,20200212,0,6,0,0,6,False
온라인 강의 수익 후기,강의,떡원데이클래스 운영까지 온라인 강의로 해냈어요,처음엔 취미로만 시작했는데 수익 과정까지 배우면서 점점 욕심이 생기기 시작했어요. 회사를 그만둘까... 다시 후기 남겨볼게요! 시간이 부족하거나 주변에 공방이 없는 분들께 온라인 강의도 충분히 추천드릴...,https://blog.naver.com/bless9409/224086890453,bless9409님의블로그,20251126,0,4,0,2,2,False
온라인 강의 수익 후기,강의,피드메이커 3기 담이님 오프라인 사진 강의 후기,반이었던 강의 후기를 남겨봐요 1. 네이버 스퀘어 종로 첫 방문 오프라인 강의는 종로에 있는 네이버... 피드 메이커를 하면서 네이버에서 제공해 주는 온라인 강의를 듣고 '좋은 콘텐츠'에 대해서 많이 생각해...,https://blog.naver.com/lami719/224070313100,인천 문화생활,20251109,0,4,0,0,4,False
온라인 강의 수익 후기,강의,악세사리로 온라인 창업하는 법 | 로제포슬린 창업과정 수업 후기,"부업으로 시작해 주문이 쌓이면 공방 클래스 운영, 키트 판매, 온라인 강의로 수익 채널을 확장하는 것도 자연스럽게 이어집니다. 온라인 창업은 초기 목돈이 들어가지 않아 부담 없이 사업을 시작할 수 있다는...",https://blog.naver.com/porcelinrose/224287388059,로제포슬린갤러리 & 세라로제,20260517,0,6,0,0,6,False
온라인 강의 수익 후기,강의,창업으로 사장되기 온라인 마케팅 최고 강의- 내돈내산후기!!,정말 오랜만에 글쓰기를 하는데 오늘은 온라인마케팅의 정점! 최고 강의를 소개합니다! 댓가가 없는 내돈내산 후기입니다. 네창사 네이버 창업으로 사장되기 클래스 인데요 이 강의를 듣는 분들의 니즈는...,https://blog.naver.com/kimsload/223168871983,KIMSROAD,20230728,0,2,0,0,2,False
온라인 강의 수익 후기,유튜브,"중국구매대행 강의 추천, 실제 교육 후기 그대로 공개","중국구매대행 강의 추천, 실제 교육 후기 그대로 공개 요즘 주변에선 다 부업 한다던데.. “나도 온라인으로 수익을 내볼 수 있을까?” 처음엔 그저 궁금증이었어요. 회사 일만으로는 한계가 느껴지고, 유튜브나...",https://blog.naver.com/3_taste/224055293578,마블 일상탈출,20251027,0,8,0,4,4,False
온라인 강의 수익 후기,강의,사이클해커스 강의 후기 [AI 자동화 수익] 배정훈 강사님...,직접 들어보니 다른 강의들과 다르게 도움되는 내용이 많아서 후기를 쓰게 됐어요. [AI 자동화 수익]... 사이클해커스 [AI 자동화 수익] 강의는 AI를 활용해서 부업이나 온라인 수익을 고민하는 분들에게 꽤...,https://blog.naver.com/pak1004044/224011686469,꽁주의 심심풀이 놀이터^^,20250917,0,6,0,0,6,False
온라인 강의 수익 후기,강의,[마감] 키너블 키워드 온라인 강의 안내 - 11월 5일(목) / 11월...,"참가 및 가격 안내 Zoom 이용한 온라인 강의 2시간 60,000원 50% 할인 2시간 30,000원 1회차 / 11월 5일(목) 21시 ~ 23시 / 마감 2회차 / 11월 7일(토) 10시 ~ 12시 / 진행 후기 작성해주시면 1만원 추가환급 30,000 -> 20,000...",https://blog.naver.com/resumet/222129310724,블루래더 - 경제적 자유를 향한 푸른 사다리,20201028,0,2,0,0,2,False
온라인 강의 수익 후기,블로그,슈퍼노마드님의 블로그 처음 시작하기 온라인 강의 후기(수익...,제가 쫌 귀차니즘이 심해서 웬만해선 블로그에 글올리는게 쉽지 않았는데요 지금 이렇게 스마트폰으로 후기를 남기는 거 보면 슈노님의 강의 효과가 바로 나오는 거 같습니다. 사실...,https://blog.naver.com/shinechorus/221856149334,"블로그, 일상의 기적",20200316,0,6,0,0,6,False
온라인 강의 수익 후기,블로그,퍼스널 브랜딩에서 꼭 필요한 것! (순선생님 온라인강의 후기),오늘 온라인 강의를 통해서 좋은 인사이트를 받아서 공유드리고자 합니다. 네이버 블로그에서... 좋은 강의를 해주셨습니다. 오늘 강의해 주신 내용은 [퍼스널 브랜딩] 입니다. 후기는 따끈따끈할 때 써야 하기에...,https://blog.naver.com/kindcs/223010881438,당신을 위한 집중 경영,20230210,0,4,0,0,4,False
온라인 강의 수익 후기,강의,"월 천 신화, 온라인 강의팔이 실제 겪어본 후기 ㅋㅋㅋ","온라인 강의팔이 실제 겪어본 후기 feat.환상은없다. 내가 뭐가 문제일까? 저는 소위 N잡러 (에어비앤비... 실제로 해보니, 저의 집중력이 부족한건지, 정말 쿠팡의 복잡계가 문제인건지, 해도 해도 수익이 잘 나지...",https://blog.naver.com/bbiku123/224049667809,겪어본 사람만 쓸 수 있는 기록 - 인생꿀팁,20251022,0,6,0,0,6,False
온라인 강의 수익 후기,스마트스토어,"부업강의 추천, 3단계로 수익을 내는 셀링남 강의 후기 (핏크닉...",라이브 강의를 진행하신 분은 셀링남님이었어요. 제일 기억에 남는 부분을 적어보자면 리서치 → 소싱 → 판매 이 3단계로 단순화해서 온라인 판매로 수익을 낸다는 구조였어요. 사실 정리하기 나름이니까...,https://blog.naver.com/videott1/224228888218,클릭커의 관찰노트,20260325,0,8,0,2,6,False
온라인 강의 수익 후기,강의,"멘탈이전부다 자산포트폴리오 강의 후기 : 경제, 재테크 공부로...",오히려 수익을 잃는 사람들도 종종 봐왔습니다. 그래서 오늘은 주식 및 코인 등의 투자에 많은 정보와 통찰력을 키울 수 있는 멘탈이 전부다 강의의 커리큘럼 소개와 함께 강의 후기까지 자세히 소개 드려보도록...,https://blog.naver.com/jkyun0621/223598461100,경제현미경의 디테일한 시야,20240927,0,6,0,0,6,False
온라인 강의 수익 후기,기타,천연비누만들기방법 제대로 배우고 수익까지 연결한 후기!,후기를 쓰고 기관으로부터 수수료를 받습니다 퇴근하고 집에 와서 아이 씻기다 보니 피부가 자꾸... 비누를 온라인으로 판매까지 하게 됐네요 생각보다 빠르게 연결돼서 저도 놀랐어요ㅎㅎ 예전에는 천연비누...,https://blog.naver.com/kghic67/224245849721,람쥐씨의 알뜰살뜰 일상이야기,20260409,0,2,0,0,2,False
온라인 강의 수익 후기,강의,토퍼 온라인강의 초보자 독학후기,"토퍼 온라인강의 추천 초보자도 집에서 혼자 수익내기 가능! 토퍼아트 관심있으신 분들 아실텐데요... 토퍼 온라인강의도 많이 없었어요ㅎ 후기도 별로 없어서, 직접 여러 기관을 비교해서 골랐는데요, 그만큼...",https://blog.naver.com/jwillfly/223450585009,Someday I will fly♪,20240519,0,4,0,2,2,False
온라인 강의 수익 후기,강의,크몽 재능판매 강의로 수익 창출하는 방법,"심화 강의인지에 따라 마케팅 방향이 달라집니다. 판매 페이지는 강의의 핵심 내용, 기대 효과, 후기... 맺음말 크몽 재능판매 강의는 자신의 전문지식을 온라인 강의 형태로 만들어 수익을 창출하는 강력한...",https://blog.naver.com/zqmja999/224230952737,zqmja999님의 블로그,20260327,0,4,0,0,4,False
온라인 강의 수익 후기,유튜브,알파남 애드센스팜 유료 강의 9기 후기! 온라인 강의 팔이...,"온라인 강의 팔이 천국을 헤매다 찾아낸 '애드센스팜' 강의 후기 온라인 판.매,쿠팡,유튜브등 다양한... 하지만 막상 기본적인 강의로 세팅 정도가 끝난 후엔 실제 수익화 진행은 결국 혼자 끙끙대는게...",https://blog.naver.com/khee9531/224058709057,정보세상,20251030,0,6,0,0,6,False
온라인 강의 수익 후기,강의,"강의 수익은 어떻게 계산되고, 어떻게 늘릴 수 있을까?","그래서 오늘은 온라인 강의 수익을 극대화하는 방법에 대해 이야기해볼까 합니다. 특히 가격 책정, 할인 전략, 번들링, 그리고 '후기'의 중요성에 대해 집중적으로 파헤쳐 볼 예정이에요. 강의, 열심히 만들었는데...",https://blog.naver.com/insight-coach/224034937264,Insight Coach님의 블로그,20251023,0,4,0,0,4,False
온라인 강의 수익 후기,강의,정리수납전문가 자격증 온라인 취득 방법 및 시험 후기,정리수납전문가 자격증 온라인 취득 방법 및 시험 후기 저는 원래부터 정리정돈을 좋아하는... 온라인 강의 60% 이상 이수 3. 60점 이상 득점 4. 자격증 발급 신청 5. 카드형+상장형 실물 자격증 배송 체계적인...,https://blog.naver.com/sunzooland/223992712115,La Vie En Rose,20250902,0,2,0,0,2,False
온라인 강의 수익 후기,강의,투자 타이밍과 매도 타이밍 (온라인강의후기) 7강 1교시...,"기간대비 수익률이높다는걸 알수있습니다. 기간대비 수익률을 높히기 위해서는 어떤 타이밍을...  토지투자를 하는 이유와 특징(온라인강의후기) 1강 지목,농지와 산지투자법...",https://blog.naver.com/yij0510/222094428002,부공자 : 부동산 공부 하는 남자,20200920,0,6,0,0,6,False
온라인 강의 수익 후기,블로그,"글쓰기부업, 온라인알바... 블로그작성 수익 강의 수입 추천 후기","자동수익 강의 교육 학생 경력단절여성 집에서 하는 돈버는방법 워드프레스 배우기 수업 티스토리 패시브인컴 전자책 회사원 글쓰기부업, 온라인알바 타이핑부업 원고작성알바 블로그작성 강의 수입 추천 후기...",https://blog.naver.com/jjajjin/223529079906,그대에게 가는 먼 길,20240729,0,8,0,2,6,False
온라인 강의 수익 후기,블로그,라이프 크래프터 클래스 101 온라인 강의 런칭 후기: 도전할...,"지금까지 직장 밖 프로젝트 중 가장 난이도가 높았는데요, 클래스 101 강의를 론칭 과정을 정리해... 그 과정에서 수익화가 이루어진 블로그는 상대적으로 소홀해졌고, 새롭게 시작한 배당주 관련...",https://blog.naver.com/experience_asset/224071429803,"라크, 인생을 작품으로 만드는 기술",20251111,0,6,0,0,6,False
온라인 강의 수익 후기,강의,떡앙금케이크 온라인 강의로 집에서 배운 후기,떡앙금케이크 온라인 강의로 집에서 배운 후기 떡으로 만든 백설기 시트 위에 알록달록 예쁜 앙금으로... 같아 수익이 꽤 괜찮을 것 같더라고요 평일에는 직장을 다니고 주말에 2-3 개 정도 운영을 하며 수업을...,https://blog.naver.com/wateregg99/223422022945,란란의 취미 이야기,20240421,0,4,0,0,4,False
온라인 강의 수익 후기,강의,"리치오름 강의 후기, 18개월만에 월수익 1천만원 달성 가능할까?",리치오름 강의 중에서 이번 리치오름 강의는 건행부님의 《18개월만에 월수익 1천만원 달성한 N잡러의... 다른 수익원은 비상주사무실 운영입니다. 임대 초기 사업 비용을 줄이고 싶으신 분이나 온라인 활동이...,https://blog.naver.com/jy2you6/224093016649,세레인의 차곡차곡 하루곳간,20251130,0,6,0,0,6,False
온라인 강의 수익 후기,강의,[강의] 옥동자님 온라인 특강 후기,10월 26일(목)에 진행한 옥동자님의 온라인 특강 후기입니다. 옥동자님이 이렇게 직접 나서서 강의를... 매도의 기준 - 투자금의 100% 수익 - 더 좋은 투자처를 찾았는가? 4. 좋은 물건의 기준 - 좋은 지역보단 싼...,https://blog.naver.com/westsky26/223248204278,투자 그리고 생각,20231027,0,6,0,0,6,False
온라인 강의 수익 후기,강의,가내부업 집에서 수익내면서 편하게 일해요~,소정의 원고료를 받고 작성한 솔직 후기입니다. 집에서 편하게 가내부업을 하며 수익을 올리고 싶어... 요즘은 온라인 강의로도 충분히 배울 수 있어 집에서도 시작할 수 있네요 처음만 제대로 익혀두면 평생...,https://blog.naver.com/nike8319/224248296224,용쓰 수다이야기,20260412,0,6,0,0,6,False
온라인 강의 수익 후기,강의,교대 평생교육원 주식 기초 공부 강의 3개월 동안 들어본 찐후기,이번에 운이 좋았는지는 모르겠지만 모의투자 대회 중반부까지는 3% 수익률을 유지하면서 상위권을... 또 온라인 강의도 있다고 하시니까 타지에 사시는분들이나 시간 여건이 안되시는분들은 온라인 강의로...,https://blog.naver.com/tjddlscjfdl/223921761371,민트 줄렙의 日常,20250704,0,6,0,0,6,False
온라인 강의 수익 후기,블로그,블로그 수익화 가이드 기초 편 1차시 강사 강의 후기,시간이 흘러서 나는 온라인 도구 강사로 활동하게 되었다. 나를 알아가는 과정과 기회가 경험을 갖게... * 24년 마포 고용복지센터 첫 강의 후기* 나를 사랑할 수밖에 없는 하루를 보내세요. 노크노크!,https://blog.naver.com/iwin84/223986307677,나에게 노크해블로그,20250828,0,6,0,0,6,False
온라인 강의 수익 후기,강의,부동산 경매 온라인 강의 요즘 트렌드,"그렇게 방황하던 어느날, 부동산 경매 온라인 강의 후기를 우연히 보게 됐고 이정도면 나도 시작해볼 수... 싸게 쓰면 낙찰을 못 받고, 높게 쓰면 수익이 안 남고 이 부분이 막막해서 조금 괴리감도 들었음.....",https://blog.naver.com/creaturegcw546/224091166529,쌤의 생각노트,20251128,0,4,0,0,4,False
온라인 강의 수익 후기,블로그,블로그 수익화 수익창출 오프라인 강의 3주차가 끝났다!,"자체적으로 진행 중인 블로그 수익화 수익창출 셀프브랜딩 온라인 강의 '블랜딩' 외에, 시 산하의... 참고로 킴찹의 블로그 수익창출 후기는 아래 블로그 수익 일기 폴더에서 2020년 3월것부터 쭈욱~ 보실수...",https://blog.naver.com/ssibar1188/223595914187,킴찹의 하루살이,20240925,0,6,0,0,6,False
온라인 강의 수익 후기,강의,온라인 에어비앤비 특강 셀프 후기 - 질문이 많으니 강의 하는...,"zoom 프로그램을 이용한 실시간 온라인 강의였구요 열 네 분이 참여를 했습니다. 강의 전에 항상 사전... 지방에서 숙박업 창업을 하면 수요가 있을지, 이것저것 빼면 남는 게 있는지, 수익은 얼마나 되는지, 1인이...",https://blog.naver.com/bomnoru/221540891966,"스란주인장의 공유숙박, 쉐어하우스",20190518,0,4,0,2,2,False
온라인 강의 수익 후기,유튜브,"오프라인, 온라인 강의 후기 feat. 유튜브 (D-2)",너무 비싼 강의 200만원짜리 강의를 듣고 수익도 나오지 않으면 정말 자괴감이 들 것 같다. 강의 후기들... 강의 강의는 여러 강의 사이트들이 있다. 코로나 시국이라 온라인으로 진행하는 강의들이 훨씬...,https://blog.naver.com/elsa1115/222326580288,우리의 이야기,20210428,0,6,0,0,6,False
온라인 강의 수익 후기,강의,가능했던 릴스 기획 변화! 크리투스(구 릴스해커) 강의 솔직 후기,"크리투스(구 릴스해커) 강의 솔직 후기 엄마가 되면 경력은 끝일까? 임신과 출산을 하면서 자연스럽게... 요즘 온라인 강의는 듣고 끝나는 게 대부분인데, 크리투스 강의는 평생 피드백 받을 수 있어서 진짜...",https://blog.naver.com/jully7537/223899379911,so simple,20250614,0,2,0,0,2,False
온라인 강의 수익 후기,강의,골든웨이브님 꼬마빌딩 온라인강의 후기,"온라인강의잖아? 뭔지 모르겠지만 들어보자 라는 생각에 가벼운 마음으로 신청했다가 새로운 세계가 열리는 즐거움을 느끼고있다. 21년 6월 서교동 꼬마빌딩 54억 매수 22년 3월 73억에 매도 (투자 12억, 순수익10...",https://blog.naver.com/kksshh1439/222886460971,돈월이,20220928,0,6,0,0,6,False
온라인 강의 수익 후기,강의,"온라인 강의 홍보 콘텐츠 자동 생성, 이것 알면 돈 아낍니다!",AI 툴 사용 후기 실제 사용자의 AI 툴 활용 경험 저도 온라인 강의 수익: AI 툴로 '강의 홍보 콘텐츠'를 자동 생성! 프로그램 처음 쓸 때는 '이런 걸로 진짜 가능할까?' 생각했거든요. 근데 지금 2개월 지나고 보니...,https://blog.naver.com/t5xcgyka/224067385094,t5xcgyka님의 블로그,20251107,0,6,0,0,6,False
온라인 강의 수익 후기,강의,"맘 프로젝트] 긍정샘의 첫 온라인 강의, PlanB Project 후기",나만의 강의 오픈하기. 그리고 플래너에 강의 프로젝트 스케줄을 넣었다. 강의 기획도 해야 했고... 맘의 온라인 수익창출 도전기] 1. 해외 맘의 고충 -[해외 맘의 온라인 수익창출 도전기] 2. 나를 살린 것들....,https://blog.naver.com/bbbspanish/221712917790,비비비 스페인어 / BBB SPANISH,20191120,0,4,0,0,4,False
온라인 강의 수익 후기,스마트스토어,온라인 쇼핑몰 창업 비용과 현실 수익은,"온라인 쇼핑몰 창업, 누구나 한 번쯤은 고민하죠 최근 직장을 그만두고 프리랜서로 전향하면서 여러... 실전형 강의 도움받는 게 시간, 비용 모두 절약됩니다 추가 후기 : 조금씩 수익을 만들어가는 나만의 루틴...",https://blog.naver.com/wlwww/223881687570,럭셔리원의 맛과 멋을 찾아서...,20250529,0,6,0,0,6,False
온라인 강의 수익 후기,강의,크림 리셀 온라인 강의 후기,"마지막으로, 수익 계산과 패널티 관리에 대한 섬세한 설명은 뮤뮤님의 크림 리셀 강의가 단순히 ‘돈을... 더 성장할 수 있는, 알찬 내용이 가득했습니다.  #크림리셀 #온라인강의 #크림리셀강의 #뮤뮤님 #크림강의",https://blog.naver.com/bluehour9/223709677006,꿈꾸는 ;),20241230,0,4,0,0,4,False
온라인 강의 수익 후기,강의,레진아트 자격증 온라인 취득 과정 및 합격 후기,"레진아트 자격증 온라인 취득 과정 및 합격 후기 안녕하세요! 저는 아이 둘을 대학 보내고 혼자 집에서... 또한 온라인강의 특성상 직접 따라하기 힘들 것 같아서, 쉽게 따라 할 수 있도록 실무 중심으로...",https://blog.naver.com/mellybird/223843179742,처음영어 : 현직 영어강사가 운영하는 블로그,20250422,0,2,0,0,2,False
온라인 강의 수익 후기,강의,주식공부 5일완성 저자 박민수님 온라인 강의 - 우선주 배당주...,"주식계좌 하나는 박민수님 강의에서 배운 점을 적용해서 테마주 투자계좌로 운용해서 수익을 관리해볼까 싶기도 하다. 강의를 잘 듣고, 적용해봐야지. 주식공부 5일완성 저자 박민수님 온라인 강의 - 우선주...",https://blog.naver.com/realaroa/222311366311,지여행의 시간부자 레시피,20210415,0,6,0,0,6,False
온라인 강의 수익 후기,강의,50대부업추천 집에서 월100 만드는 온라인 수익구조 5가지...,"후기 1~2줄 작성으로 1,000원 ~ 1만원 수익이 발생하기도 하고 복붙 리뷰도 많기 때문에 글을 잘 쓰지 못해도 누구나 가능해요 ^^ 타플랫폼과 올메이커스 차이는? 올메이커스는 강의를 들을 때마다 추가 비용을...",https://blog.naver.com/ssungs97/224208402282,"평범한 직장인 썽히, 온라인수익화 루트와 일상",20260308,0,6,0,2,4,False
온라인 강의 수익 후기,강의,레진 폰케이스만들기 온라인과정 후기,온라인 강의를 통해 배우는데 커리큘럼도 수십가지!! 기본기 과정부터 응용형 나아가 수익과정까지 들을 수 있어 체계적인 구성으로 배울 수 있었죠 조색제를 넣어 컬러 만들기 경화제 비율 맞춰보기 등 다양한...,https://blog.naver.com/kghic67/224103327043,람쥐씨의 알뜰살뜰 일상이야기,20251209,0,4,0,0,4,False
온라인 강의 수익 후기,블로그,"슈노블2기 강의후기(블로그 초보 탈출법, 블로그 수익만들기...",슈노블님은 블로그를 시작한지 6개월만에 300만원의 수익을 만들어 냈다니 대단한것 같아요. 시작하면서... 그리고 망고보드 와 글그램 일일 온라인 강의도 진행해 주신 답니다. 이런혜택 너무나 좋아요 ^^ 열심힘...,https://blog.naver.com/pinkplanet/221761020549,꿈꾸는 여자 산골노마드 이야기,20200105,0,6,0,0,6,False
온라인 강의 수익 후기,블로그,디노코코 돈버는 온라인마케팅 2월 마지막 강의,"돈버는 온라인마케팅, 온라인 마케팅 할 수 있어> 를 기획한 이유는 딱 한가지 블로그 수익내... 강의후 스스로 작성한 후기입니다. 2월 마지막 온라인 강의 2월에는 온라인으로 강의를 진행 합니다....",https://blog.naver.com/buyulove/221810173548,마음이만나는 마케팅 디노코코,20200217,0,6,0,0,6,False
온라인 강의 수익 후기,유튜브,싱글파이어 유튜브 강용수 온라인 강의 후기,"님의 온라인 강의, 밀레니얼머니스쿨에서 들으며 부린이 탈출을 위해 수익형 부동산 공부를 하고... 오늘 싱글파이어 유튜브에 출연하셨었던 강용수 연자 님 온라인 강의 후기 글은 밀레니얼머니스쿨...",https://blog.naver.com/strauss2327/222867638609,파이어족 수의사,20220905,0,6,0,0,6,False
온라인 강의 수익 후기,블로그,블로그 수익과 어떤 연관성이? _ 퍼스트애드님의 키워드 강의 후기,애드센스 강의 듣고 수익을 내고 싶은 분이라면 이 블로그를 추천해 드리고 싶어요. 바로... 게다가 이제 좀 알법한 온라인강의 플랫폼 들어가서 애드센스 강의 하는 분 찾아보세요. 후기가 어떤지... 위에...,https://blog.naver.com/lye98711/222667674753,북퍼널 설계자 에디터 뷰이,20220309,0,6,0,2,4,False
온라인 강의 수익 후기,블로그,[온라인강의] 그로우로 나를... (블로그 재테크 강의 후기),"오늘은 온라인 강의 후기를 들고 왔어요~ 제가 공부하면서 진짜 다양한 강의를 들었는데, 요런... #그로우 #온라인클래스 #블로그수익 제가 이번에는 들었던 강의는 온라인 강의 플랫폼 #grow 에 있는 블로그...",https://blog.naver.com/skykmh17/222895876137,쏘아의 기록저장소,20221009,0,6,0,0,6,False
온라인 강의 수익 후기,강의,온라인 라이브 클래스 강의 & 그녀의 첫 심사위원 후기(feat....,여기까지가 MJ의 첫 요리경연 심사위원 후기였습니다. 그리고 여러분~! 10월 13일 금요일 14:00~15:00 에 홈플러스 온라인 라이브 클래스를 진행합니다! Zoom 강의이기 때문에 전국에 계신 많은 분들과 소통할 수 있는...,https://blog.naver.com/mj_hudadak/223207028728,MJ의후다닥레시피~♥,20230909,0,2,0,0,2,False
온라인 강의 수익 후기,스마트스토어,2025년 창업반 소자본으로 운영하기 온라인 강의 후기,여기에 온라인 확장을 통해서 스마트스토어나 자사몰을 이용해서 판매까지 한다면 다각구도의 수익을... CCA 모루자격증 온라인 강의 후기 무드이너프는 반경 5km 내에서 자격증 발급을 허용하고 있지 않습니다....,https://blog.naver.com/moodenf/223691378460,감성공방카페 무드이너프,20241212,0,6,0,0,6,False
온라인 강의 수익 후기,강의,집에서 하는 손부업 40대 주부의 실제 수익 후기,실제 이용후기를 작성하며 원고료를 받아요 제가 작년부터 하던 집에서 하는 손부업이 있는데요 오늘... 게다가 교육은 모두 온라인 강의로만 진행되다보니 편하게 집에서 들을 수 있어서 좋더라구요 아이를...,https://blog.naver.com/handa1221/223863296388,보람차게 살기,20250514,0,6,0,0,6,False
온라인 강의 수익 후기,강의,캘리그라피지도사 자격증 온라인 수업 취득 후기,"캘리그라피지도사 자격증 온라인 수업 취득 후기 저는 어릴 때부터 손글씨 쓰는 것을 참 좋아했어요.... 저는 온라인 강의를 듣고 연습을 충분히 한 후에 시험을 봤는데, 생각보다 어렵지 않았어요. 이론적인...",https://blog.naver.com/musthave007/223802235569,한국검정평가원 공식블로그,20250319,0,2,0,0,2,False
온라인 강의 수익 후기,강의,앙금플라워만들기 온라인 강의로 자격증 취득과 창업까지!,소정의 원고료를 받고 솔직하게 작성한 후기입니다. 몇 해 전 아버지 환갑 때 처음으로... 예전 온라인 강의를 다시 켜서 복습하곤 해요 앙금플라워만들기 강의는 한 번 등록하면 평생 이용 가능해서 언제든 다시...,https://blog.naver.com/youg98/224098578700,생활공간,20251207,0,2,0,0,2,False
온라인 강의 수익 후기,블로그,[2기 마감] 블로그 열심히 하는데 수익이 없는 진짜 이유,강의 커리큘럼 오프라인 1회 + 온라인 4회 (수료식 포함) 총 5번 만나게 됩니다 ※ 오프라인 강의에... 45만원 오프라인 강의 장소: 토즈모임센터 선릉삼성점 9층 (4월 11일 토요일 오후 1시-3시) 강의 후기 읽어보세요,https://blog.naver.com/meyou27/224226126488,재테크와 함께 성장하는 이야기,20260323,0,6,0,0,6,False
온라인 강의 수익 후기,강의,성주군 농업기술센터 농업경영 농산물마케팅 강의 후기,성주군 농업기술센터 2025년 스마트강소농 강의 후기 강의 주제 : 농업경영 및 농산물마케팅 전략 강사... 농가 수익증대를 위한 다각적인 방법을 제시 하였습니다. 특히 오프라인 온라인 마케팅 전략과 기법...,https://blog.naver.com/gangsaenter/223967916582,강사들의 지식창고,20250812,0,4,0,0,4,False
온라인 강의 수익 후기,강의,서울 소액투자 온라인 강의 후기1,"서울 소액투자 온라인 부동산 강의 안녕하세요. 입니다. 저는 공군 조종사... 9월 24일에는 보다 구체적으로 투자 유형(아파트, 청약 ,재개발, 재건축, 수익형부동산 등), 소액으로 수익을...",https://blog.naver.com/parkjji00/223593407545,부대장(부동산대장),20240923,0,6,0,0,6,False
온라인 강의 수익 후기,강의,소액으로 하는 토지개발 (온라인강의후기) 5강,"다가구주택(원룸)가치분석으로 표를 보고 수익률을 계산하면 수익률및 매매가격을 구할수있습니다....  토지투자를 하는 이유와 특징(온라인강의후기) 1강 지목,농지와 산지투자법...",https://blog.naver.com/yij0510/222089928476,부공자 : 부동산 공부 하는 남자,20200915,0,6,0,0,6,False
온라인 강의 수익 후기,강의,후기 육아맘부터> 2O살 사회 초년생까지 ♥️ 온라인 수익화가...,나처럼 능력있는 사람되자.♥️ 오늘의 후기 육아맘부터> 2O살 사회 초년생까지 ♥️ 온라인 수익화가... 강의료 35O 벌어가는 육아맘 ⬇ 육아맘 하루종일 바쁘게 돌아가는데 알아주는 이 없고 월급...,https://blog.naver.com/ba_bii/224067363142,"인생은 셀프, 자수성가 요정 바비",20251106,0,4,0,0,4,False
온라인 강의 수익 후기,강의,떡집 창업 준비하신다면 제 후기가 도움 되실거에요!,소정의 원고료를 받고 작성한 솔직 후기입니다. 직장을 다니면서도 내 성향과 맞지 않는다는 느낌을... 있었네요 온라인 강의라는 점이 살짝 걱정되긴 했는데 샘플 강의를 미리 신청해서 확인했어요 실제로 영상...,https://blog.naver.com/nike8319/224286442798,용쓰 수다이야기,20260517,0,2,0,0,2,False
온라인 강의 수익 후기,유튜브,해외구매대행 큐그램 온라인 강의후기 1회차,"유튜브 채널도 운영해 보고, 온라인 위탁판매에도 도전했다. 하지만 현실은 생각보다 녹록지 않았다.... 강의 후기를 접하면서 ""이거라면 나도 할 수 있겠다"" 라는 희망이 생겼다. 일본구매대행 강의, 그리고...",https://blog.naver.com/nomadview/223727997928,훈의노마드라이프,20250116,0,4,0,0,4,False
온라인 강의 수익 후기,블로그,마케팅 전문가 마케팅형 온라인 강의 11기 후기,마케팅 전문가 마케팅형 온라인 강의 11기 후기 블로그를 시작한지도 어연.... 오래 되었는데 요즘 들어 부업 하는 분들도 많고 뭔가 수익창출을 하고 싶기도 하고 이번에 건강이 크게 안좋으면서 일을 잠시...,https://blog.naver.com/cowqk1004/223690417728,My favorite ❤️,20241211,0,8,0,0,8,False
온라인 강의 수익 후기,블로그,가능한 희희랜드 블로그 강의 내돈내산 후기(네이버 수익화),"온라인으로 돈 번다는 사람은 많은데 나는 왜 안 될까... 첫 달부터 수익이 가능하다고? 네! 희희랜드에서는 가능합니다! 돈 벌게 해준다는 전자책과 각종 유료 강의가 넘쳐나는 요즘, 가격이 비싸면 뭔가 비책을...",https://blog.naver.com/say_now_/223396721533,인생은 우아하개,20240327,0,6,0,0,6,False
온라인 강의 수익 후기,유튜브,"산다” — 애드센스팜 종이책 후기 포함, 진짜 온라인 수익의 본질","오늘은 이 책을 읽고 느낀 점, 그리고 애드센스팜 종이책 후기까지 함께 나눠볼게요. 1. ‘온라인... 이 책에서는 블로그, 유튜브, 애드센스, 온라인 강의 등 다양한 플랫폼을 통해 ‘수익 구조’를 만드는 방법을...",https://blog.naver.com/jdrum92/224034905257,제제,20251008,0,8,0,0,8,False
온라인 강의 수익 후기,강의,로알남 애드센스 강의 후기 – 워드프레스 활용해 월세형 수익...,"결론 저처럼 부업이나 온라인 수익에 관심은 있었지만 어디서 시작해야 할지 몰랐던 분들께 이 강의를 추천하고 싶습니다. ""워드프레스 + 애드센스 + AI 활용""이라는 조합은 앞으로 더 주목받을 주제라고...",https://blog.naver.com/blackarm37/224013502734,blackarm37님의블로그,20250918,0,6,0,2,4,False
온라인 강의 수익 후기,유튜브,"[재능기부 온라인강의] 유튜브 구독자 1년 1,000명에서...","온라인 강의 소식을 전하려고 이렇게~ 포스팅을 쓰게 되었습니다 ^^"" 저의 오랜 이웃님들은 아시겠지만, 저의 재능기부 히스토리는 꾀 오래전으로 올라갑니다. 1. 하음 마마`s 재능기부 # 1주 차 - 수업 후기 무려...",https://blog.naver.com/bbbspanish/222116991295,비비비 스페인어 / BBB SPANISH,20201016,0,4,0,0,4,False
온라인 강의 수익 후기,강의,토지투자를 하는 이유와 특징 (온라인강의후기) 1강,"오늘부터 토지대장님의 토지투자 정석 A부터 Z까지 온라인강의를 듣고 후기를 남겨봅니다. 토지의... 즉, 가격변화가 아파트보다는 토지에 큰 수익을 볼수있다는걸 온라인강의로 다시한번 배웁니다....",https://blog.naver.com/yij0510/222047072738,부공자 : 부동산 공부 하는 남자,20200731,0,6,0,0,6,False
온라인 강의 수익 후기,스마트스토어,만들기 강의 추천 스몰브랜드 운영자라면 강추하는 온라인 강의,솔직한 후기입니다.” 홈페이지 쇼핑몰 만들기 카페 24 온라인 강의 홈페이지 제작 강의 안녕하세요.... 제작 강의 이런분들에게 추천해요! ✔️나만의 브랜드를 만들고 싶으신 분 ✔️월급 외 수익을 만들고자...,https://blog.naver.com/kmj_1205/224193059152,"호유랑, 찰나의 여행기록",20260223,0,6,0,2,4,False
온라인 강의 수익 후기,강의,카카오뷰 수익 돈버는법 카카오톡 뷰 직장인투잡 부업 강의 후기,"여기까지 재테크, 카카오뷰 수익 온라인클래스 개인적인 후기를 알려드렸습니다. 강의 시작한지 일주일이 넘은 지금 저는 지금도 정해진 시간에 보드를 올리고 있어요. 속는셈 치고 한 달 me친척해보려고요...",https://blog.naver.com/pma0012/222851532335,미나의 옷장,20220818,0,8,0,0,8,False
온라인 강의 수익 후기,강의,세시간전 크리에이터 수익 세 달 솔직 후기,거기에 매달 온라인 강의도 진행되니 수익화는 하고 싶은데 어떻게 할지 감이 안잡힌다면 참여해보세요!! 3. 후기 및 소감 큰돈 들여 떠났던 나의 여행 경험이 누군가에게 도움이 되고 그로 인해 부수입까지...,https://blog.naver.com/teruirpope/224192874307,랄라현의 트래블 가이드,20260223,0,6,0,0,6,False
온라인 강의 수익 후기,강의,손뜨개배우기 두 달 만에 배운 후기,배운 후기 저는 다양한 소품을 손으로 제작하는 걸 좋아해서 예전부터 취미로 했었어요 하지만... 것보단 온라인 강의를 듣고 시작하는게 훨씬 더 낫다고 생각해요 초보자들도 인강으로 손뜨개배우기를 쉽게...,https://blog.naver.com/kjw8158/224281449855,작은온기,20260511,0,2,0,0,2,False
온라인 강의 수익 후기,블로그,온라인 수익형 블로그 강의 리얼 후기,저도 뵈서 반가웠습니다 ^^ 여기까지는 수익형 블로그 온라인 강의 후기였습니다. 이번달은 아쉽게도 수익형 블로그 강의는 예정되어 있지 않습니다. 하지만 아직 블로그 중급 강의와 고급 강의가...,https://blog.naver.com/lucysso/221377801955,"소영처럼, 끈기있는 열정",20181015,0,6,0,0,6,False
온라인 강의 수익 후기,강의,[5월] 렌탈 스튜디오 창업 강의 & 작은 공간 N잡 수익화원데이...,"온라인 자료로는 알기 어려운 부분들, 예를 들면 가구 간격, 조명 위치, 소품 밀도 촬영 가능한 벽면... 방향성을 잃어 답답하신 분 ♥═━ ♡═━ ♥═━ ♡═━♥═━ ♡═━ ♥═━ ♡═━ 강의 후기 모음",https://blog.naver.com/studioyoosoo/224274954310,STUDIOYOOSOO,20260505,0,6,0,0,6,False
온라인 강의 수익 후기,블로그,"꿈꾸는에릭 블로그 순위 99위 달성, 인생 수익 강의 오픈",어린 후기를 남겨주셨고 저는 큰 뿌듯함을 느꼈습니다. 그래서 이번 2024년 갑진년을 맞아 인생에 큰 터닝포인트가 될 수 있는 강의를 준비하였습니다. 꿈꾸는 인생 강의 1기 최근 여러 온라인 강의들을 보면...,https://blog.naver.com/92happywoo/223310485750,꿈꾸는에릭의 경제스터디,20240102,0,6,0,0,6,False
온라인 강의 수익 후기,블로그,"아트테크, 오픈갤러리 학예 온라인 강의 참여 후기","아트테크, 오픈갤러리 학예 온라인 강의를 들었어요. 얼마전 협업으로 블로그 글을 쓰면서 제안 온... 간단한 소제목 정도로만 후기 글을 남겨볼게요. 초반 부에서 작가와 호당 가격에 대한 이야기가 나왔는데...",https://blog.naver.com/lss2632/223525487196,싱어송마케터 경제적 자유,20240725,0,4,0,0,4,False
온라인 강의 수익 후기,강의,상냥한 주디님의 나만의 콘텐츠 온라인수익화 강의 후기,강의주제 : 상냥한 주디님의 나만의 콘텐츠 온라인수익화 강의 안녕하세요~~ 임미르마루 입니다. 오늘은 정말 멋지게 성장하시고 계신 상냥한 주디님의 후기를 남기고 싶었어요. 우리는 용감한 엄마이자...,https://blog.naver.com/limsnake77/222976299004,임미르마루의 지식밥상,20230106,0,6,0,0,6,False
온라인 강의 수익 후기,강의,미라클』 소영처럼 대표님 1000만 원 이상 수익 강의 후기.,『콘텐츠 미라클』 소영처럼 대표님 1000만 원 이상 수익 강의 후기. 소영 대표님은 누구? 네이버 카페... 온라인 지식산업을 하는 사람들은 많은 책을 보는데 올려주신 책들 중에서 제가 봤던 책은 '지금 이...,https://blog.naver.com/gyungchuntarot/223175684847,경천타로의 소울약방,20230805,0,6,0,0,6,False
온라인 강의 수익 후기,강의,리얼후기ㅣ비전공자 육아맘의 디지털파일 수익화 강의,디지털파일 수익화강의! 1월에 두 차례 진행한 강의는 오프라인으로 2월에는 한 차례 온라인으로... 추가 강의를 진행했어요 :) 강의 후기와 챌린지 후기 저도 강의를 계속 보완해가고 있는 중이라 부족한 점이...,https://blog.naver.com/ipleague/223400647620,똑주캘리앤아트,20240331,0,4,0,0,4,False
온라인 강의 수익 후기,블로그,그로우 인스타그램 SNS마케팅 온라인클래스 강의후기,(다음번엔 블로그 마케팅 강의를 들어볼까나....) 제가 이번에 들은 SNS마케팅 인스타그램수익창출 온라인클래스는 구팔라딘님의 인스타그램수익창출 강의인데요. 현재 감성비앤비라는 인스타 채널을...,https://blog.naver.com/xxzno/222828601242,냥냥이의 이것저것,20220725,0,6,0,0,6,False
온라인 강의 수익 후기,강의,알파남 에드센스팜 유료 강의 후기 – 현실적인 수익 창출 방법...,"알파남 에드센스팜 유료 강의 후기 – 현실적인 수익 창출 방법 총정리! 안녕하세요. 오늘은 제가... 이건 정말 ""돈 아깝지 않다""는 느낌을 처음으로 준 온라인 강의였어요.  챌린지 커뮤니티 참여 → 혼자 하는...",https://blog.naver.com/okjsdjsd90/223842016224,okjsdjsd90님의블로그,20250421,0,4,0,0,4,False
온라인 강의 수익 후기,기타,진주 사회복지사2급 온라인 취득후기,단순한 수익보다는 홀로 계신 어르신이나 아무래도 약자분들이 일상에서 느끼는 불편을 해소하는... 모두 온라인으로 가능했고 평균 이상만 유지하면 됐기에 부담 없이 해낼 수 있었어요 시험도 대부분...,https://blog.naver.com/shin2389/224160282728,공부하개,20260126,0,2,0,0,2,False
온라인 강의 수익 후기,강의,운영법을 모두 담은 세수하면이병헌의 온라인 강의 오픈 이벤트,"집중하는 강의는 없네요.. 단순히 키워드만 반복하는 글쓰기를 하면 되는 건가요?"" ""애드포스트 수익은... 온라인 강의의 특성은 '언제든 원할 때 다시 볼 수 있는 것' 입니다. 그 점을 십분 활용하면 됩니다. 일단...",https://blog.naver.com/supapa13/222347363915,세수하면이병헌 IT/자동차,20210512,0,4,0,0,4,False
온라인 강의 수익 후기,블로그,리치오름 5기 6주 차 강의 후기(블로그 수익화),"리치오름 5기 6주 차 블로그로 시작하는 온라인 건물주 프로젝트, 맘씨오애블린샘 강의를 들었습니다... 샘 강의 듣고 블로그를 열심히 해서 작성해 애드 포스트 신청을 해서 작은 돈이지만 애드 포스트 수익도...",https://blog.naver.com/eyefulls/224287348859,"미라클메이커, 나의일상을 말하다.",20260516,0,6,0,0,6,False
온라인 강의 수익 후기,강의,주산강의 온라인으로 마스터하고 방과후 수업해요,소정의 원고료를 받고 솔직하게 작성한 후기입니다. AI 기술이 이렇게 발전한 시대에 주산을 배우나... 하지만 독학으로는 어려울 것 같아 방과후 수업과 동일하게 배울 수 있는 온라인 강의를 찾아 등록했어요....,https://blog.naver.com/bless9409/223809781984,bless9409님의블로그,20250327,0,2,0,0,2,False
온라인 강의 수익 후기,유튜브,"유튜브 쇼츠, 디지털 템플릿, 온라인 강의로 월급 외 수익 만들기","온라인 클래스 강의로 지식과 경험을 공유하고 수익 창출하기 엑셀, PPT, 다이어트, 취미 등 내가 잘하는... 수익을 창출해보세요. 의뢰가 들어오면 견적을 제안하고, 작업을 수행하면 됩니다. 독서 후기 쓰기...",https://blog.naver.com/insakkk/223921236141,머니 메이커(Money Maker),20250704,0,6,0,0,6,False
온라인 강의 수익 후기,강의,강의 직장인 작가되는 법 그로우에서 온라인클래스 들은 후기,때 강의를 들을 수 있는 온라인 클래스 서비스입니다. 저는 그로우에서 퇴근 후 소설가되기 라는... 저는 지금 흥미로운 주제의 강의 몇 개를 함께 듣고 있는데요. 무자본으로 3D 캐릭터 만들고 수익 창출하는 법과...,https://blog.naver.com/free6568/222914220235,썅이네 다락방,20221029,0,4,0,0,4,False
온라인 강의 수익 후기,스마트스토어,연주 AI 숏폼 대행 강의후기 보다가 괜히 새벽까지 영상...,“이거 만드는 사람은 따로 있겠지?” 그 시점부터 연주 AI 숏폼 대행 강의후기 같은 글들을 하나씩... 특히 가게 운영하는 사람이나 온라인 판매하는 분들 보면 영상은 꼭 필요한데 직접 만들 시간은 없잖아. 그...,https://blog.naver.com/otimldn673/224282382302,부드러운파운데이션,20260512,0,4,0,0,4,False
온라인 강의 수익 후기,강의,미라클의 저자 소영처럼님피터팬의 방구하기 온라인 강의 후기,콘텐츠 미라클의 저자 소영처럼님 피터팬의 방구하기 온라인 강의 후기 카페운영자에게 강의하는 소영처럼님은 개인의 경험을 어떻게 수익화를 시키는지 잘 알고 실행하는 카페의 최고수이다.카페의 여왕이란...,https://blog.naver.com/ksg8114/223312775295,너만 모르는 재테크 썰~,20240104,0,6,0,0,6,False
온라인 강의 수익 후기,강의,"[곰희스쿨 16기] 온라인 2주,3주 차 후기 (ft. 1주 강의 추가...","늦은 곰희스쿨 2주, 3주 차 강의 후기~ ㅎㅎㅎ 지금 열심히 4주 차 강의 듣고 있는데.. 바쁘다 바빠 4주... 원하는 수익률에 따라 비율을 나눠서 채권 또한 자산 배분을 해야 하는 것!! 최근 채권이 하락인데.....",https://blog.naver.com/dlwlehd_g/224173290001,바로 블로그,20260205,0,4,0,0,4,False
온라인 강의 수익 후기,강의,토퍼 온라인강의 활용한 재택부업 후기,"토퍼 온라인강의를 처음 등록 후, 이렇게까지 수익화를 시킬 수 있을까??의문도 들었는데요 기관측에서 판매 플랫폼도 제공해주시고 여러 지원 혜택을 받은 덕분에 비교적 단기간에 수익활동을 시작 할 수...",https://blog.naver.com/ilovelavan/223981349657,함께하는 아름다운 세상만들기,20250824,0,8,0,0,8,False
온라인 강의 수익 후기,강의,N잡러로 온라인 수익창출하는 방법,열정 어린 강의를 해주신 바나나장수님의 강의 후기를 또 다른 온라인 수익창출하는 방법을 찾고 있는 분들께 그대로 전해드리고 싶네요. 바나나장수님이 하고 계신 N잡러로 온라인 수익창출하는 방법 1....,https://blog.naver.com/iyacoco/222687464231,블랙베어 크래프트,20220331,0,6,0,0,6,False
온라인 강의 수익 후기,강의,"""  타로 온라인 강의만으론 부족했던 2%, 그 빈틈을 채우는 이곳!""",온라인 타로 강의들은 자격증 발급까지만 책임집니다. 하지만 자격증 취득 후 여러분이 마주하게 될 현실은 이렇습니다. 실전 리딩의 부재: 자격증은 땄는데 막상 손님 앞에 서면 머릿속이 하얘집니다.  수익...,https://blog.naver.com/sapporo388/224246204788,루아타로(협회) 교육문의:1533-1499,20260409,0,4,0,0,4,False
온라인 강의 수익 후기,스마트스토어,연주 AI 숏폼 대행 강의후기 보고 알게 된 조회수보다 중요한...,"대행 강의후기를 찾아보다가 생각이 좀 바뀌었어요. 1. 숏폼 시장이 커질수록 필요한 건 제작자였다... 음식점, 미용실, 헬스장, 온라인 쇼핑몰, 심지어 작은 공방까지 다 릴스 하나씩은 올리고 있더라고요. 근데...",https://blog.naver.com/tadpk0507/224282435487,달콤한아이스크림,20260512,0,4,0,0,4,False
온라인 강의 수익 후기,강의,부동산 경매 강의 임장패밀리 4주간 후기,온라인 강의를 통해 부동산 경매를 꼼꼼하게 배울 수 있는 강의라고 보시면 됩니다! 경매라면 어려울 것이라 생각했는데 막상 들어보니까 '왜 이걸 이제 알았지?' 싶을 정도로 신세계더라구요. 오늘 자세한 후기...,https://blog.naver.com/hanvit_lol/224116327112,잘먹고 잘사는 오리좌,20251220,0,2,0,0,2,False
온라인 강의 수익 후기,블로그,여행 블로그 다빛 님의 사이클해커스 강의 후기,수익을 만들고 싶다는 생각에서 시작! 여행 블로그 다빛 님의 사이클해커스 강의 후기 이렇게 오랜 시간을 열정적으로 즐기면서 할 수 있었던 일이 그동안 있었던가? 앞으로 또 있을 수 있을까? 온라인 마케터...,https://blog.naver.com/fine5173/224199691806,봄내이야기 1,20260228,0,6,0,0,6,False
온라인 강의 수익 후기,강의,레진아트기초 고급과정 배워 수익 낸 후기,편하게 온라인으로 배우며 수익까지 낼 수 있다는게 너무 만족스러운데요 레진아트기초 과정부터... 아직도 온라인 강의를 듣는게 껄끄러우시다면 도구와 재료를 따로 살 필요가 없다는 점도 아시면 좋겠어요...,https://blog.naver.com/nike8319/223732955276,용쓰 수다이야기,20250124,0,4,0,0,4,False
온라인 강의 수익 후기,강의,서울50플러스재단 SNS수익화 강의후기,"역량강화 강의 후기입니다 SNS뜻 ‘Social Networking Service’의약자로, 온라인에서 사람들이 관계를 맺고 소통할 수 있도록 도와주는 서비스 중부50플러스센터의 이 과정은 40-50 세대의 SNS를 통한 소통과 수익...",https://blog.naver.com/designersroom/224283188465,디지털클래스,20260512,0,4,0,0,4,False
온라인 강의 수익 후기,블로그,수입으로 연결되는 블로그강의 - 온라인 강의후기,"^^ 어제는 로사님의 ""수입으로 연결되는 내 블로그"" 온라인 강의를 들었습니다. 로사님은요, 자유의지님... 이상 멀리 안동 산속에서 들은 ""로사님 강의 후기"" 였습니다. 오늘도 즐거운 여행 마무리하고 조심히...",https://blog.naver.com/ipse_hj/221396026593,"백토마켓 - 엄마가 행복한, 아이가 행복한 놀이",20181111,0,4,0,0,4,False
온라인 강의 수익 후기,강의,라탄공예만들기 온라인강의로 배운 후기,우선 온라인 강의를 들어보고 도움을 받기로 했죠 완전 초보자였던 저는 배운지 2달 반 만에 제대로 된 작품들을 만들어서 판매까지 하여 수익을 내고 있답니다 혹시 이 일에 관심이 있는 분들을 위해서 제가...,https://blog.naver.com/hbirds/223219153524,사랑이가 사는 방법,20230922,0,4,0,0,4,False
온라인 강의 수익 후기,강의,레터링풍선 제작 집에서 주문받고 있는 후기,후기를 쓰고 기관으로부터 수수료를 받습니다 친구 아이 돌잔치에 갔다가 이름이 들어간 풍선을 처음... 있었어요 온라인 강의라 시간 날 때마다 계속 들었고 하루하루 연습했던 게 실력 늘어나는 데 도움이 많이...,https://blog.naver.com/kghic67/224285809655,람쥐씨의 알뜰살뜰 일상이야기,20260515,0,2,0,0,2,False
온라인 강의 수익 후기,강의,가죽공예수업 온라인으로 편하게 배운 후기,소정의 상품권을 제공받아 실제 후기를 작성합니다 평소 가죽공예를 너무 배워보고 싶었지만 비용이... 배워서 수익활동을 시작했으니 집중해서 배우고 자신만의 속도로 배우고 싶으시면 온라인 수공예 강의...,https://blog.naver.com/handa1221/223912608907,보람차게 살기,20250627,0,4,0,0,4,False
온라인 강의 수익 후기,스마트스토어,연주 AI 숏폼 대행 강의후기 보고 나서 달라진 건 조회수가...,"특히 연주 AI 숏폼 대행 강의후기 관련 글들을 보다 보니 공통적으로 나오는 말이 있었어요. “개인 채널... 카페, 운동센터, 피부관리샵, 온라인 판매 페이지까지. 짧은 영상 하나가 필요한 곳이 정말 많다는 걸...",https://blog.naver.com/dwdto1777/224282376627,감기의시작,20260512,0,4,0,0,4,False
온라인 강의 수익 후기,강의,자이언트 페이퍼플라워 온라인과정 후기 꿀팁!,"알아보니깐 온라인 교육기관이 나오더라구요? 이 기관은 수공예 전문기관으로 작품 제작과정을 강의로... 과정 자체가 창업&부업을 염두하고 시작하는지라 전부 수익형으로 진행된답니다 만들 때, 유의 점...",https://blog.naver.com/kghic67/224182039292,람쥐씨의 알뜰살뜰 일상이야기,20260213,0,6,0,0,6,False
온라인 강의 수익 후기,스마트스토어,전라북도청 도시군 디지털 홍보 아카데미 온라인마케팅 강의 후기,블로그 수익 3가지 방법 네이버 블로그 로직 히스토리 블로그 검색 알고리즘 로직 [ C-RANK / D.I.A]... 180시간 강의 온라인쇼핑몰 운영자 양성 과정 직업교육훈련 50일 200시간 이천여성새로일하기센터 KMA...,https://blog.naver.com/envywho/223258339411,올셀부스트:온라인마케팅 창업 마스터,20231107,0,8,0,0,8,False
온라인 강의 수익 후기,강의,제로피 전자책판매 시작하기 좋은 재택부업 플랫폼 후기,"노션템플릿, 온라인 강의 같은 디지털 콘텐츠 판매가 가능한 플랫폼인데 사용 방식도 어렵지 않았고... 대비 수익 차이가 꽤 나는 편이라 재택부업이나 온라인부업 시작하는 분들이 관심가질 만하겠다는 생각이...",https://blog.naver.com/rvd_romi/224289271631,SUMMERIN,20260518,0,10,0,0,10,False
온라인 강의 수익 후기,블로그,월급쟁이부자들 강의 후기 월부닷컴 챗GPT 블로그 글쓰기,수익에 고민이라면 본 후기 참고하여 도움받아보시길 바랍니다. ■[월부닷컴]월급쟁이부자들 강의... 블로그로 수익을 창출하는 다양한 방법을 다루며 자신에게 적합한 온라인 수익 모델을 찾는 게...,https://blog.naver.com/jaetoo56/223693770229,머무는 집,20241215,0,6,0,0,6,False
온라인 강의 수익 후기,블로그,클래스101구독권 후기 자기개발 온라인 강의추천,확실히 다른 온라인 강의 플랫폼보다 컨텐츠도 많고 하나하나가 모두 고퀄리티여서 더욱 만족스러웠어요. 저는 블로그 수익 관련 강의나 스마트폰 사진 강의에 관심이 많았는데 같은 카테고리 내에서도...,https://blog.naver.com/mideokpark/223386154440,느리게 걷는 일상기록,20240317,0,6,0,2,4,False
온라인 강의 수익 후기,강의,박덕훈 팀장만의 특별한 온라인 수익 창출 강의 후기,다양한 분야에서 전문가가 되기 위해 많은 시간과 노력을 투자해야하는 법인데 양질의 강의를 선뜻 베풀어주시니 그저 감사할 따름입니다. 온라인 수익화과정이 단순하지만은 않으나 많은 분들이 채팅방에서...,https://blog.naver.com/reddragon2028/222456056251,바다큰룡,20210803,0,6,0,0,6,False
온라인 강의 수익 후기,블로그,"그녀의 도약, 정소희 대표님의 블로그 강의 후기","그녀의 도약, 정소희 대표님의 블로그 강의 후기 3040 고객님의 얼굴과 피부의 고민과 스트레스 해소를... 왜냐하면 저는 온라인, 오프라인으로 영업으로 일을 하기 때문에 조급함이 있어요. 글을 쓰는 순간만큼은...",https://blog.naver.com/insubro93/224278871955,뷰티남동생 정의훈의 사업이야기,20260508,0,4,0,0,4,False
온라인 강의 수익 후기,유튜브,재테크 부업 유튜브 영어 등 꿀잼 공부 온라인강의 클래스,그래서 주로 활동하시는 플랫폼 외에 추가적인 수익을 위해 온라인강의 영상을 만들어 해당... 저의 마음이 변했거나겠지요 아님 공부하기 싫어졌거나? 그럼 오늘의 포스팅은 여기까지! 내돈내산 후기입니다,https://blog.naver.com/jeehee7877/223017759988,여니의 인생살이_투자 그리고 여행,20230216,0,8,0,0,8,False
온라인 강의 수익 후기,강의,높은 수익 내는 주식 투자법 강의 후기 (Feat. 재미있게 돈...,이웃집 타이탄님의 온라인 원데이 주식강의 : 바쁜 직장인이 은행이자보다 높은 수익 내는 주식 투자법 강의를 들었는데요. 후다닥 아이를 재우고 참석했습니다. 사실 작년에 스윙매매법 강의를 신청해서...,https://blog.naver.com/kuk1214/223353931633,라스트로의 돈벌래,20240215,0,6,0,0,6,False
온라인 강의 수익 후기,강의,온라인 강의 오픈 안내 (기본 12.2목 / 심화 12.4.토 각 20시...,"100% 수익내기 - 기타 틈새시장 (해외부동산 / 미술품 투자) ▼ 11.27(토) 강남 현장 강의 후기 온라인 강의 장점> 1. 강의를 들으며, 개천고 노선생과 소통할 수 있습니다. (Q&A 등) 2. 시간과 장소에 구애받지...",https://blog.naver.com/kiho_no/222583232887,부동산코치_개천고 노선생,20211130,0,6,0,0,6,False
온라인 강의 수익 후기,강의,어린이뮤지컬학원 대신 온라인 강의로 3개월 만에 마스터했어요,어린이뮤지컬학원을 알아보긴 했지만 온라인 강의로 3개월 동안 체계적으로 배우고 자격까지... 이 기관은 20년 넘게 운영된 곳이라 방과 후 강사 배출도 많고 출강 후기 역시 믿을 만했어요. 저도 직접...,https://blog.naver.com/bless9409/223758314134,bless9409님의블로그,20250213,0,2,0,0,2,False
온라인 강의 수익 후기,강의,부백기강의후기 온라인수익화의첫걸음 9기오픈할인코드...,"부백기강의후기 온라인수익화의첫걸음 9기오픈할인코드 쿠팡위탁판매 안녕하세요 벌써 4번째 부백기강의후기로 돌아왔네요 ! 온라인수익화의첫걸음, 쿠팡위탁판매 배우려면 제대로된 곳에서 확실하게...",https://blog.naver.com/jane289/223507109082,뭐가 됐든 행복하면 됐지,20240709,0,4,0,0,4,False
온라인 강의 수익 후기,강의,콜로소 실전 디자인&AI 활용법 디고디원찬 강의 후기,"요새 온라인 강의가 좋은 강의들이 참 많아 보인다. 특히 IT 관련 툴이나 디자인부터 시작해서 취미(베이킹, 뷰티, 작곡, 이스포츠 등등)와 부업, 창업 관련 수익창출 관련 강의까지 다양한 분야의...",https://blog.naver.com/dukuduku_/224233638271,맛도리 쥐콩백,20260329,0,6,0,0,6,False
온라인 강의 수익 후기,강의,"사이클해커스 강의 후기 - AI 자동화 수익, 저도 가능할까요? AI...",이번 사이클해커스 강의 후기를 쓰는 이유는 저처럼 AI에 대해 막연한 두려움이나 거리감을 느끼는 분들께 꼭 추천하고 싶어서입니다. 특히 AI 자동화 수익이라는 키워드가 뜬구름 잡는 소리처럼 들렸던...,https://blog.naver.com/omkara/224012190545,omkara님의 블로그,20250917,0,4,0,2,2,False
온라인 강의 수익 후기,강의,"아0 홈페이지 아00 애드센스 강의, 실제 수익은? 솔직한 후기...","아0 홈페이지 아00 애드센스 강의, 실제 수익은? 솔직한 후기 및 현실 분석 서론: 아00 애드센스 강의에 대한 궁금증 최근 온라인에서 큰 화제가 되고 있는 아0 홈페이지의 아00 애드센스 강의에 관해 많은 분들이...",https://blog.naver.com/bae7579/223911059943,건강한 노후 만들기,20250625,0,4,0,2,2,False
온라인 강의 수익 후기,블로그,온라인으로 돈 버는 방법- 꿈꾸는 샤넬님 강의 후기,"물론 샤넬님 강의뿐 아니라 다른 강사님들 강의도 들었는데요. 그분들 후기도 조만간 올려볼게요. 온라인으로 돈 버는 방법. 결코 소소하지 않은, 블로그로 수익을 내는 방법은 첫발만 떼낸다면 그리 어렵지가...",https://blog.naver.com/doowoow/223080101284,Life Plus,20230420,0,6,0,0,6,False
온라인 강의 수익 후기,강의,"콘텐츠 전략까지, 실전 중심 디지털 마케팅 강의 후기","강의가 특별한가요? 저는 현재 SNS 채널 운영으로 10만 팔로워를 보유하고 있으며, 전자책, 온라인... 마케팅강의후기 #윤상훈강사 쌤영어연구소 윤상훈 대표, 콘텐츠코리아랩 초청 '스타트업 디지털 마케팅...",https://blog.naver.com/ssam-english/223842505965,쌤잉글리쉬코칭,20250422,0,4,0,0,4,False
온라인 강의 수익 후기,블로그,"온오프라인 건물주되기 강의 후기,  부동산 모임",설렘인생입니다.^^ 오늘은 최근에 진행했던 ‘온오프라인 건물주 되기’ 강의 후기를 나눠보려고... 3) 온·오프라인 시너지 전략 부동산 오프라인 비즈니스와 온라인 브랜딩 연결: 공간 비지니스의 블로그 홍보...,https://blog.naver.com/iju72/223808452845,AI 콘텐츠 연구소,20250324,0,4,0,0,4,False
온라인 강의 수익 후기,강의,마이라이트 온라인강의... 직장인 재택부업 파이프라인 구축 후기,"마이라이트 온라인 강의 한 번 살펴보세요. 비전공자도 쉽게 따라갈 수 있고, 수익화까지 가능하니 부업 고민 중이라면 좋은 선택이 될 거예요!  2025년 쉬운 직장인부업 파이프라인으로 최저가에 인물사진보정...",https://blog.naver.com/oh_so_fruity/223781198967,오쏘의 일상기록,20250302,0,8,0,0,8,False
온라인 강의 수익 후기,블로그,인생의 방향을 완전히 바꿔버린 온라인 강의 후기,"인생 처음 내 소중한 돈으로 거금의 온라인 강의를 결제했다. 강의를 들은 후 나는 나름대로 뭐라도 하기로 결정하고 행동했다. 1. 책 읽기를 시작했고, 2. 난생 처음으로 블로그를 시작하여 내 손으로 첫 수익을...",https://blog.naver.com/melody_sean/223114218191,동재 Dongjae_언어성장기,20230529,0,6,0,0,6,False
온라인 강의 수익 후기,강의,스파르타 주식투자반 후기 2026 경제전망 대비 필수 강의,전인구경제연구소 스파르타 주식반 후기 안녕하세요 올리브댁 입니다 :) 갈수록 예측하기 어려운 시장... 큰 수익을 내었던 시장이었지요. 주식 투자 온라인 강의 추천을 원하는 분들이라면?? 경제전망...,https://blog.naver.com/crackanut/224231006635,구름둥둥 일상 여행중,20260327,0,6,0,2,4,False
온라인 강의 수익 후기,스마트스토어,창업부업지원센터 활용하여 수익활동한 후기,하네요 강의를 마스터 한 후에 창업부업지원센터에 원하는 수익활동 방법을 말씀드리면 그에 맞는 지원을 받을 수 있어요 저는 집에서도 간단히 운영할 수 있는 온라인 판매를 지원 받아 보기로 결정 했어요...,https://blog.naver.com/nike8319/223574748543,용쓰 수다이야기,20240909,0,8,0,0,8,False
온라인 강의 수익 후기,스마트스토어,연주 AI 숏폼 대행 강의후기 보다가 밤새 메모하게 된 이유,그러다 우연히 연주 AI 숏폼 대행 강의후기 관련 글을 몇 개 읽게 됐다. 처음엔 솔직히 반신반의했다.... 특히 작은 매장이나 온라인 판매 쪽은 짧은 영상 하나만 있어도 분위기가 완전히 달라지잖아. 요즘은 긴...,https://blog.naver.com/bvqsr5523/224282392929,비정상적인호흡,20260512,0,4,0,0,4,False
온라인 강의 수익 후기,강의,첫 온라인 마케팅 업체 계약 수익! (Feat. 천만원 챌린지),10월은 수익권이여야했는데.... 암튼 10월의 상황을 정리해보자면..! 파티룸 더소사루프탑 10월에 가장... 슈퍼호빵맨님의 잼잉스님 온라인 강의 후기 이번주 일요일에도 할로윈파티까지 끝내면 이제서야 똔똔....,https://blog.naver.com/khckmy/222913727979,매일마다 자기개발과 자기계발하는 미느미느네,20221029,0,4,0,0,4,False
온라인 강의 수익 후기,강의,강의 후기 _인스타그램 나의 일상콘텐츠로 수익내는법,이 강의에서도 팔로워들과 친밀감이 매우 중요하다고 합니다. 이 방법은 오랜 시간이 지나야 수익화될... 3.온라인 챌린지 코스 운영에 관한 것을 들어보니 사람들이 무엇이든 자기가 잘하고 좋아하는 것은...,https://blog.naver.com/tkghl6115/222758547328,서연팜,20220603,0,6,0,0,6,False
온라인 강의 수익 후기,스마트스토어,화장품책임판매관리자 등록조건 온라인으로 갖춘 후기,"온라인 판매를 준비하면서 며칠 동안 이 조건 앞에서 고민했던 제 실제 경험을 바탕으로 정리한 후기입... 수업은 온라인 15주 과정으로 진행됐고, 출석·과제·시험 모두 온라인이었습니다. 강의는 2주 안에만...",https://blog.naver.com/ramipril/224141304160,맘맘이의 일상과 육아이야기,20260112,0,4,0,0,4,False
온라인 강의 수익 후기,강의,은행이자보다 높은 수익내는 주식 투자법 원데이 강의 후기,심지어 후기 작성해주면 1만원 페이백... 그럼 보통은 박리다매로 인원이 적어도 몇 십명일거라 생각하는데 선착순 단 10명으로 소수정예만 듣는거에요. 강의를 직접 들어보니 온라인이지만 인원이 적어...,https://blog.naver.com/joyroom__/223420569885,"쪼이의 꿈꾸는 공간, 꿈곳간",20240419,0,6,0,0,6,False
온라인 강의 수익 후기,강의,손뜨개부업 온라인으로 강의 듣고 시작해봐요.,집에서 꼼지락거리며 취미생활하면서 힐링시간도 갖고 수익까지 내는 것이 요즘 유행이더라구요.... 온라인강의를 들을까? 고민하며 알아보다가 최신 유행을 반영한 교육과정이 온라인강의가 더 괜찮다길래...,https://blog.naver.com/nike8319/223382377649,용쓰 수다이야기,20240313,0,6,0,0,6,False
온라인 강의 수익 후기,블로그,"선정tip , 노션 , 활동 내용 , 혜택 , 수익 비교 등 찐 후기 대방출","(저는 갑자기 바빠져서 ㅠ.ㅠ 온라인 강의도 앞부분 밖에 못 들었지만...) 네이버가 좋아하는 블로그... 바랍니다 ♥ * 피드메이커 3기 신청 방법 , 선정tip , 노션 , 활동 내용 , 혜택 , 수익 비교 등 찐 후기 대방출 /",https://blog.naver.com/fanypink82/224142673320,산드라의 무비무비 ♡,20260111,0,6,0,0,6,False
온라인 강의 수익 후기,강의,"N잡러를 위한 콘텐츠 강의 후기, 온라인클래스 그로우","김다은 강사의 콘텐츠 강의 후기 요즘 온라인 클래스 플랫폼이 상당히 많은데요! 각 플랫폼마다 특징이 조금씩 있는데, 제가 들은 그로우는 N잡, 부수익 관련해서 다양한 강의가 있습니다. — 강의 선택 이유...",https://blog.naver.com/melchisedech91/222898782672,라이프오브매르,20221013,0,8,0,0,8,False
온라인 강의 수익 후기,유튜브,유튜브랩 허PD님 온라인 강의 후기! feat.광주콘텐츠코리아랩,"온라인강의 후기 유튜브랩 허PD 피디님 강의를 들었어요 좋은 기회가 생겨 유튜브교육 채널인... 유튜브로 수익내는 방법과 촬명 방법 및 장비, 저작권 등에 대해 알려주셨어요 둘째날이 제가 몰랐던 부분을 알...",https://blog.naver.com/iyoule/222097613254,"서크크의 잘먹고 잘사는 기록, 시간",20200925,0,8,0,0,8,False
온라인 강의 수익 후기,강의,온라인 강의 지식 창업 실패율 90%? 시스템이 당신을 갉아먹고...,"밤을 새워 커리큘럼을 짜고, 목이 쉬도록 강의를 녹화했지만 정작 수익은 제자리걸음인 분들의... 끝까지 듣는 학생이 많아야 후기가 쌓이고, 그 후기가 다시 매출을 부르는 선순환이 일어나기 때문입니다....",https://blog.naver.com/onedulink/224261828897,온에듀링크,20260422,0,6,0,0,6,False
온라인 강의 수익 후기,강의,[강의후기] 이웃집타이탄-은행이자보다 높은 수익내는 주식투자법,"한번 강의 들어보셔도 좋을 것 같습니다. 강의명 : 은행이자보다 높은 수익내는 주식 투자법 강의내용... 강의방식 : 온라인(줌) 강의비용 : 39,000원(후기 작성 시 13,000원 pay back) 투자vs투기 강의 앞부분은...",https://blog.naver.com/timmywoo/223801459169,후니민수,20250318,0,6,0,0,6,False
온라인 강의 수익 후기,강의,비즈공예자격증으로 홈창업 수익 내기,"후기를 찾아보니 이미 이 강의를 통해 부업이나 창업으로 연결한 분들도 많아서 신뢰감도 높았고요. 제가 선택한 곳은 오랫동안 운영된 수공예 전문 온라인 교육 사이트였어요. 비즈공예뿐 아니라 캔들, 비누...",https://blog.naver.com/kankoro197820/224263085509,kankoro197820님의블로그,20260424,0,6,0,0,6,False
온라인 강의 수익 후기,유튜브,제이린쌤 AI 리스트 유튜브 강의로 노후 준비 완료~~,"강의는 제가 받았던 혜택 공유하면 신청만 해도 신청자 전원 3개월 자동화 프로그램 이용권, 온라인... 제이린쌤 다 퍼주기로 하신 거냐구요 ㅠㅡㅡㅡㅡㅡㅠ 솔직히 강의에서 하라는대로 하면 수익이 안 날 수가...",https://blog.naver.com/ojh3529/224230464481,선인맨의 캠프사이트,20260326,0,6,0,0,6,False
온라인 강의 수익 후기,기타,기념일 토퍼 집에서 소소하게 수익내기 괜찮네요~,실제 수익 사례나 활동 후기들이 다양하게 공유되어 있어서 전체적으로 신뢰도가 높게 느껴졌어요 그래서 결국 저도 해당 아카데미에 등록해서 시작하게 되었네요^^ 제가 등록한 아카데미는 온라인 수업...,https://blog.naver.com/handa1221/224270782814,보람차게 살기,20260503,0,2,0,0,2,False
온라인 강의 수익 후기,강의,"부동산 경매 강의, 후기로 보는 20년 경력 설마 안정일의 실체...","ㅎㅎ 후기 2. 기초반 온라인으로 들을 지 고민이 되신다면... 처음 부동산 경매 강의나 학원을 진지하게... 부동산 경매 강의에 임하는 철학 3가지 1. '투자' 뿐만이 아닌 '지키기' 경매 입찰을 하여, 수익을 올리는...",https://blog.naver.com/ninohaeram/223186573126,부동산경매달인 설마의 경매교실,20230818,0,6,0,0,6,False
온라인 강의 수익 후기,강의,미국부동산투자 다부연 온라인강의 후기,미국부동산투자 다부연 온라인강의 후기 우리나라보다 미국에서 부동산 투자하면 세금 부분에서... 세입자 관리는 다 알아서 해주기 때문에 따로 신경 쓸 것은 없지만 약 5%의 수익률을 꼬박꼬박 받을 수 있다고...,https://blog.naver.com/vudrkd0613/222879554211,책테크 부테크,20220920,0,6,0,0,6,False
온라인 강의 수익 후기,강의,사이클해커스 강의 후기 AI 상품 판매 온라인탑셀러,사이클해커스 강의 후기 AI 상품 판매와 관련된 후기 작성 취업이 도통 되지 않아 차라리 부업이라도... 부업으로서 수익이 생긴다. 문제는 그 수익이 실적에 따라 폭이 커서 자칫하면 실패할 수 있기에...,https://blog.naver.com/du7096/223925577362,애니 겸 심즈와 게임 기록,20250708,0,6,0,0,6,False
온라인 강의 수익 후기,강의,유아주산 온라인 강의로 재취업하게 됐어요,"중 온라인 전문 과정을 발견! 유아주산 교수법과 함께 주산암산지도사 자격까지 연계되는 커리큘럼이라 딱 제 상황에 맞더라구요. 방과후 강사 양성 기관이라 수업 흐름도 탄탄했고, 현장식 강의라 금세 감이...",https://blog.naver.com/youg98/223977036384,생활공간,20250823,0,2,0,0,2,False
온라인 강의 수익 후기,블로그,[리치하트] 4주 차 무자본 & 소자본창업 강의 후기,가지고 수익을 내는 것 무자본 창업의 종류 콘텐츠 사업(1인 기업) 강의 판매(자신의 지식 판매) 녹아본... 블로그는 나를 드러내는 강력한 도구 온라인 명함입니다. 내 블로그에 글을 차곡차곡 글을 쌓아 서로...,https://blog.naver.com/leeysi2001/224267011038,리치하트의 자기계발 이야기,20260427,0,8,0,0,8,False
온라인 강의 수익 후기,강의,은봉 브랜드 리셀 강의후기 초보자도 빠르게 시작할 수 있는...,"판매로 수익을 발생시키는지 단계별로 안내해주더라고요. 덕분에 첫 상품 등록부터 판매 경험까지... 결론, 브랜드 리셀을 현실로 연결하다 결국 은봉 브랜드 리셀 강의후기를 통해 알게 된 것은, 온라인...",https://blog.naver.com/utumn872/224263996748,utumn872님의 블로그,20260424,0,4,0,0,4,False
온라인 강의 수익 후기,블로그,[강의 후기] 이웃집 타이탄 강의_은행 이자보다 높은 수익내기,"사실 이 강의의 강의비는 3만 원(1만 원은 강의 후기를 작성하면 페이백해 주시기도 함)이지만, 정말로... 이 강의가 필요하신 분은 아래 블로그 주소를 참고하여 다음 오픈 때 신청하세요 :) [마감] [온라인...",https://blog.naver.com/vegemandublog/223584260260,30대에 시작한 재테크,20240914,0,6,0,0,6,False
온라인 강의 수익 후기,강의,[행복재테크] 부자되는세상 온라인 강의 후기 (재테크 기초반 4기),"재테크 기초반 오프라인강의를 못 들어도, 행크에듀 나의강의실에서 온라인 강의를 들을 수 있어서... 소액으로 수익 낼 수 이쓴 물건은 지금도 많이 나오고 있다! 강의 2개 듣고 느낀점 부동산 오해와 진실...",https://blog.naver.com/luckyha01/223201177960,♪ 여행하는 행운하 ♪,20230903,0,4,0,0,4,False
온라인 강의 수익 후기,강의,온라인 강의 만들기... 유데미·크몽·자체판매 수익화,짧을수록 완료율·후기 높음 3단계 촬영 장비: 마이크 → 조명 → 카메라 순서로 투자. 스마트폰 4K... --- #온라인강의만들기방법 #클래스101강의등록방법 #유데미강의업로드방법 #온라인강의수익화전략...,https://blog.naver.com/78_77_59/224222749484,제천만물상 배터리수리 중고 컴퓨터 휴대폰 매입 판매,20260319,0,6,0,0,6,False
온라인 강의 수익 후기,강의,연화선녀 AI 사주 강의후기 초보자도 가능한 수익화 구조!,"정리한 후기입니다. AI 사주 강의가 요즘 대세죠! 많은 사람들이 온라인에서 부업을 찾고 있는데, 그... 사주 강의가 떠오르고 있어요. 이 강의는 단순히 이론을 배우는 것이 아니라, 실제로 수익을 창출할 수...",https://blog.naver.com/jxyp80634/224254592184,내 심장의 숨소리,20260416,0,6,0,0,6,False
온라인 강의 수익 후기,스마트스토어,사진촬영강의_온라인창업준비과정_스마트스토어교육,사진촬영강의_온라인창업준비과정_스마트스토어교육 [스마트폰 사진 클래스 후기] 사진에 진심인... “수익화가 되는 사진”의 핵심 전략을 중심으로 진행했던 강의였습니다. 참여도 및 평가점수도 높아...,https://blog.naver.com/joeeun_ssam/224064524311,조은쌤's Blog,20251104,0,6,0,0,6,False
온라인 강의 수익 후기,스마트스토어,"구매대행 강의(교육) 추천, 아직도 고민하고 계신가요?",아마 저같이 주부이신 분들도 부업이나 추가 수익화에 대한 관심이 많으실 텐데요. 오늘은 제가 들은... #구매대행강의추천 #구매대행교육후기 #디앤고 #온라인부업추천 #스마트스토어코칭,https://blog.naver.com/kepc2012/224056611657,잇테크,20251028,0,8,0,2,6,False
온라인 강의 수익 후기,강의,병원마케팅 원장님들과 2시간 강의 후기썰,"예전에는 입소문이 중요했지만, 온라인으로 옮겨감으로써 온라인 플랫폼들이 경쟁력있게 자리 잡았다.... 강의 후기 Q&A를 받을때 시간이 너무 짧게 느껴졌다고 해주셔서 기뻤고, 참여하신 원장님들 모두...",https://blog.naver.com/cej1313/223732880635,꿈디렉터와 함께 비즈니스,20250121,0,2,0,0,2,False
온라인 강의 수익 후기,강의,안산따즈아온라인 | 당신의 모든 배움을 책임질 온라인 강의...,아이패드 드로잉과 굿즈 수익화: 취미를 넘어 수익으로 연결하는 실질적인 방법까지 알려줍니다.... 지금까지 따즈아(DDazua) 온라인 강의 플랫폼에 대한 솔직한 후기를 전해드렸습니다. 따즈아는 단순히 강의를...,https://blog.naver.com/zuyonce/224262269069,SBS아카데미컴퓨터아트학원 안산본점,20260423,0,4,0,0,4,False
온라인 강의 수익 후기,유튜브,정성마케터후기)8기 실전마케터반에서 130만원의 온라인수익...,"저는 2020년 12월 7일 카페 꿈꾸는, 행복한 부자되기(꿈행부기) 에서 블로그 강의를 들으면서 블로그를... 동안에 온라인 수익 1,392,390원을 달성할 수 있었답니다. 이루고픈 목표 설정으로 조회수까지 덤으로...",https://blog.naver.com/docedeleite/222842470100,꿈을 찾아 배움을 배우고 나누는 꿈블리 줄리아,20220808,0,6,0,0,6,False
온라인 강의 수익 후기,기타,캘리그라피 배우기 온라인 취득과정 및 합격 후기,캘리그라피 배우기 온라인 취득과정 및 합격 후기 캘리그라피 배우기를 거쳐 이제는 프리랜서로 근무하게 되었는데요. 주부로 집에서만 생활했었는데 이제는 소소한 수익이라도 낼 수 있다는 사실 자체가...,https://blog.naver.com/birth1104/223938880110,窮理하는 블로그,20250720,0,2,0,0,2,False
온라인 강의 수익 후기,블로그,"네이버 블로그 만들기, 블로그 수익 브랜딩 강의로...",자세한 후기: 자유의지 블로그 수익반 강의 지금까지 안 듣고 뭐했지?! (네이버 블로그 샅샅이... 브랜딩 강의만 진행하셨다고 해요. 그런데 이번에 처음으로 돈 되는 블로그라는 타이틀로 온라인 수업을 하셨는데...,https://blog.naver.com/peh1004/222067535007,글쓰는으니's 글쓰는 삶,20200822,0,6,0,0,6,False
온라인 강의 수익 후기,강의,"디지털 마케팅(콘텐츠, 퍼포먼스)이란? / +인프런 온라인 강의 후기","입문 온라인 강의를 들었답니다! 출처: 인프런 인스타그램 보다가 홀린 듯 ""3시간 만에 끝내는 디지털... 기업이 수익을 창출할 수 있도록 돕잖아요. 이 모든 과정이 마케팅! 요즘 마케팅의 종류가 굉장히...",https://blog.naver.com/greeny_o2/222284202430,몬지의 트래블로그,20210322,0,6,0,0,6,False
온라인 강의 수익 후기,강의,캘리그라피교육 온라인 강의 추천해요,그러던 중 온라인 강의로 혼자 배우셨다는 후기를 보게 되었고 그때부터 인강 위주로 찾아보게 됐죠.... 이미 이곳에서 배운 분들 중에는 다양한 방식으로 수익 활동을 하고 계신 분들도 많았어요. 강의는 실제로...,https://blog.naver.com/rbehfdlek2011/224119633681,똑똑한 자격증 정보 :-),20251226,0,4,0,2,2,False
온라인 강의 수익 후기,강의,연화선녀 AI 사주 강의후기 부업으로 온라인 연금 만드는 법,"예를 들어, 1기 수험생은 한 달 만에 439만 원의 수익을 올리기도 했고, 일부 수험생은 하루 64만 원까지 벌었다는 후기를 남겼습니다. 이렇게 실제로 수익을 올린 경험담은 이 강의의 신뢰성을 높여주는 중요한...",https://blog.naver.com/kpphd761/224254757479,태초의일생,20260416,0,6,0,0,6,False
온라인 강의 수익 후기,강의,"디지털노마드로 살기, 온라인 강의로 알아보자!",통해서 수익을 창출하는 법에 대한 강의들이 많이 있었어요! 디지털노마드의 4단계라고 해서 이렇게... 분들의 후기도 볼 수 있었어요! 그리고 제가 요즘에 관심있는 애드센스에 대한 온라인 강의도 이렇게...,https://blog.naver.com/chois909/221407291678,"뷰스타 카민 뷰티, 패션, 일상",20181202,0,4,0,0,4,False
온라인 강의 수익 후기,강의,엔류캉 더망고 솔루션 온라인 강의 후기,더망고 솔루션 온라인 강의를 듣게 된 이유 현재 직장인으로 월급이 적어 추가적인 수익을 얻기 위한... 오프라인 강의도 신청하게 되었다. 오프라인 강의는 8.11~8.13까지 서울에서 진행되었고 오프라인 후기는...,https://blog.naver.com/sunsu5000/223183460903,직장인 부업 도전기,20230814,0,4,0,0,4,False
온라인 강의 수익 후기,블로그,9개 온라인 사업 후기 다... 7년 올인 수익은?),"정기적 수익만 해도 대략 월 1000만 이상.. 전자책과 VOD 강의 판매, 외주 제작 등 더하면 어림잡아도 월 1500만 넘겠다.. 이건 부업이 아니잖아!! 재벌부부네 재벌부부여.. 부업하는부부 온라인사업 목록 1) 블로그...",https://blog.naver.com/ybs1993/223613025107,10년 뒤 퇴직을 위한 투자와 사업 빌드업,20241015,0,8,0,0,8,False
온라인 강의 수익 후기,강의,연화선녀 AI 사주 강의후기 초보도 쉽게 시작할 수 있었던...,"이번에는 연화선녀 AI 사주 강의를 들은 후기를 솔직하게 나누려고 해요. 사실 사주라는 분야는 워낙... 부족해서 온라인에서 빠르게 수익을 낼 수 있는 방법을 고민하고 있었는데, 바로 이 강의가 그...",https://blog.naver.com/ghsuoo4562/224254412482,구름 위의 정원,20260416,0,4,0,0,4,False
온라인 강의 수익 후기,강의,1억치트키 온라인 강의 수익화 강의 중간 후기,"것, 내가 전달하고 싶은 강의를 전자책으로 만들어 보는 것 등 저의 시간과 에너지를 들여서 실천해보는 것을 하려고 해요. 함께 응원해주세요!! #1억치트키강의후기 #온라인강의수익화강의듣기 #나를위한공부",https://blog.naver.com/bluelake31/222612697388,달곰한 상승살림,20220104,0,4,0,0,4,False
온라인 강의 수익 후기,블로그,"책먹는여자 최서연님 , 온라인강의후기","전 후기를 남겼던, 릴리 제이 님 블로그에 공유해 주신 책먹는여자 최서연님의 온라인강의글을... 대부분 수익은 말씀 안 해주시잖아요 이히히 근데 신기한 건, 제가 오늘 느꼈던 생각을 책먹는여자...",https://blog.naver.com/o4535/222010343834,오햇살퐁퐁 이야기,20200624,0,6,0,0,6,False
온라인 강의 수익 후기,강의,[부동산강의] 1주차 온라인 강의 후기 _ 된다는 생각으로...,오늘은 열중 1주차 밥잘 튜터님 강의 후기를 간략하게 남겨보도록 하겠습니다. 저번달 서투기 강의를... 월부에서 공부하고 있는 우리들 대부분은 단순히 투자 수익 1~2억을 얻고자 하는 것이 아닌 지금과는...,https://blog.naver.com/faroud/224102972484,봉우리의 부동산 투자,20251209,0,6,0,0,6,False
온라인 강의 수익 후기,강의,파이팅팔콘의 경매실전반(행크에듀 부동산온라인강의후기),쉬운경매공부 파이팅팔콘의 경매실전반(행크에듀 부동산온라인강의후기) 부동산공부를 시작하면서... 떨어지는 수익률 계산법!! 팔콘님만의 간결하고 군더더기 없는 투자포인트들을 들으며 상가투자...,https://blog.naver.com/j-wish7/222911793182,끝없이 성장하는 싱그러운 바람 이야기,20221027,0,6,0,0,6,False
온라인 강의 수익 후기,강의,부동산 경매자격증 직장인도 할 수 있는 온라인 취득 과정,부동산 경매자격증 직장인도 할 수 있는 온라인 취득 과정 제 경험을 기반으로 쓰여진 후기글입니다.... 1) 온라인 강의를 제공하는 교육기관 선택 2) 커리큘럼대로 수업 듣기 3) 실기 시험 없이 필기 시험만 응시...,https://blog.naver.com/redwolf740/224103504337,건강한 건어물 건푸드,20251209,0,2,0,0,2,False
온라인 강의 수익 후기,강의,"소영처럼 릴레이 강의 1탄, 수익으로 이어지는 온라인 마케팅...","희진님의 강점 워크숍 소개시간 강의하는 모습이 유독 더 멋진 희진님 ㅎㅎ 소영처럼 릴레이 강의1탄, 수익으로 이어지는 온라인 마케팅 후기 중 어렵게 준비하고, 연이은 강의로 2틀 연속 거의...",https://blog.naver.com/lucysso/221792316008,"소영처럼, 끈기있는 열정",20200201,0,4,0,0,4,False
온라인 강의 수익 후기,강의,소액 토지투자 박종철 교수님 강의 후기,"토지투자 온라인클래스를 들어보기로 했어요. 제가 선택한 강의는 박종철 교수님의 소액 토지투자... 강의 커리큘럼도 기본부터 시작해서 어렵지 않게 들을 수 있는 내용들이고요, 소액 토지투자로 수익을 내고...",https://blog.naver.com/hsj1191/222695259916,라라부부의 여행기록✈️,20220408,0,6,0,0,6,False
온라인 강의 수익 후기,스마트스토어,정성주 대표님 & 기관총엑셀님 온라인 강의 후기,지난번 강의 후기는 ^^ & 온라인 판매>라는 블로그를 구독하고 있다. 종종 방문하여 글을 읽는데... 개인적으로는 온라인 사업의 심리적 테크트리를 알려준 강의였다고 생각된다. 많은 사람이 높은 수익을...,https://blog.naver.com/vikingpapa/223005330696,바파의 리뷰와 정보,20230204,0,8,0,0,8,False
온라인 강의 수익 후기,강의,재테크기초반 1주차 온라인강의 후기,"강의명: 재테크기초반 2기 ㆍ강사명: 부자되는 세상님 행복한 재테크(행크) 재테크기초반 2기 온라인강... 1주차강의 후기 1강. 창의적 시선으로 부동산 바라보기 반지하빌라를 점포로 만든 것이나, 구멍...",https://blog.naver.com/joyjoy8888/222670960707,당신은 귀한 사람,20220312,0,2,0,0,2,False
온라인 강의 수익 후기,강의,양초캔들만들기 직접 배워 집에서 수익내기 시작!,소정의 원고료를 받고 작성한 솔직 후기입니다. 향을 굉장히 좋아하는 편이에요 캔들이나 디퓨저 같은... 작은 수익까지 얻고 있으니 취미가 새로운 기회를 열어줬네요 공방에 다니진 않고 집에서 온라인 강의를...,https://blog.naver.com/nike8319/224189574667,용쓰 수다이야기,20260221,0,4,0,0,4,False
온라인 강의 수익 후기,강의,비즈공예재료 제공 온라인 강의 추천,비즈공예로 수익을 만드는 분의 후기를 보게 되었어요. 작은 책상 하나만 있어도 재료만 준비하면... 비즈공예로 수익을 내고 계신 분이라 현장에서 쓰는 방법 그대로 배울 수 있었던 점이 좋았어요. 온라인 강의...,https://blog.naver.com/sum14604/224169540798,sum14604님의블로그,20260207,0,4,0,2,2,False
온라인 강의 수익 후기,강의,미용종합면허증 온라인으로 취득후기,온라인 강의만으로 자격증과 학위를 동시에 취득할 수 있었기 때문에 정말 큰 희망이 생겼습니다. 제가... 종합적인 기술을 갖추고 있으면 고객층도 더 넓어지고 수익도 늘릴 수 있다는 자신감이 생겼거든요....,https://blog.naver.com/altomedialtd/223698953914,생활의 달인,20241219,0,4,0,0,4,False
온라인 강의 수익 후기,블로그,그로우 온라인클래스  ㅣ네이버블로그 마케팅 강의 들은 솔직후기,그로우에서 네이버 블로그 마케팅관련 강의가 있어 들어본 솔직 후기를 작성해볼까합니다 ☺️ 현재... 그로우라는 온라인 강의 플랫폼인데요! 그로우 네이버 블로그 마케팅 강의 성장이 시작되는 곳...,https://blog.naver.com/meiluoyin/222879376872,빌라의 기록공간 ❤️,20220920,0,4,0,0,4,False
온라인 강의 수익 후기,강의,쉐어하우스 창업운영 온라인 강의 & 오프라인 특강 셀프후기...,창업운영 온라인 강의 & 오프라인 특강에 대한 후기도 감사하게 남겨주셨답니다. 처음부터 이런 생각으로 쉐어하우스를 시작했던 건 아니에요. 직장다니면서 부업으로 월급 외의 수익을 벌고 싶었고요. 매일...,https://blog.naver.com/cleoahn/223780817111,경험과 지식을 전자책으로 만들고 함께 성장하기,20250308,0,6,0,0,6,False
온라인 강의 수익 후기,유튜브,서정대'유튜브 온라인 창업 클래스'강의 후기 2탄,유튜브 온라인 창업 클래스 강의가 오늘로써 끝났습니다. 50대 이상 베이버부머 세대가 유튜브를 배우고... 브랜딩이 되면서 자연스럽게 수익으로 연결할 수 있게 채널을 구상하라고 했습니다. 요즘 많이 하고...,https://blog.naver.com/lora_ssam/223667883736,로라쌤의 디지털 놀이터,20241121,0,6,0,0,6,False
온라인 강의 수익 후기,유튜브,월급말고 콘텐츠로 돈벌기 그로우 온라인강의 들어본 후기...,어떻게 수익화를 시킬 수 있는지 나만의 콘텐츠 주제를 찾는 방법과 블로그/ 페이스북/ 인스타그램/ 유튜브 운영에 대한 내용도 자세하게 알려주셨답니다 또 PDF 책을 만들고 판매하며 온라인 강의를 하는 방법...,https://blog.naver.com/jossunstyle/222898624953,감성엄마의 명랑육아생활,20221012,0,10,0,0,10,False
온라인 강의 수익 후기,강의,빽형 건강기능식품 판매 강의후기 초보자도 쉽게 따라가는...,강의후기를 솔직하게 풀어보려고 해요. 처음 강의를 들으면서 ‘건강기능식품 판매가 이렇게 구조화되어 있을 수 있구나’라는 생각이 들더군요. 개인적으로 온라인으로 부업이나 소자본 창업을 고민하던 터라...,https://blog.naver.com/jxruco4278/224263999538,알록달록파우치,20260424,0,4,0,0,4,False
온라인 강의 수익 후기,강의,싸게 사서 수익을 내는 것_실전준비반 70기 4강 강의 후기,sns후기 우수자로 오프라인 강의 초대에 뽑혀서 월부 강남 사옥까지 다녀왔습니다. 강의는 온라인으로... “임장보고서는 투자의 ‘도구’이고 투자의 본질은 ‘가치있는 것을 싸게 사서 수익을 내는 것’...,https://blog.naver.com/wonderful-tree/223945956009,BLOG,20250724,0,6,0,0,6,False
온라인 강의 수익 후기,강의,[월부 강의 후기-2] 일주일 간 실천한 것!,"너나위님의 강의를 듣고 부푼 마음으로 통장 쪼개기도 하고, P답지 않게 J처럼 계획표도 열심히 짰다.... 도시락 온라인 조모임때 일주일 간 지킬 목표를 말했다. 나는 배민 사용 안하기, 도시락 싸기를 목표로...",https://blog.naver.com/bamsolpee/223666688279,밤솔피의 단단라이프,20241119,0,2,0,0,2,False
온라인 강의 수익 후기,블로그,수익 파이프라인 만들기 그로우 온라인클래스 후기,"그래서 이번에 저는 블로그 수익창출 방법이 궁금해 그로우 온라인클래스 강의를 듣게 되었어요. 제가... 다 강의를 듣는다면, 지금보다 더 전문적이고 체계적으로 블로그를 운영 할 수 있을 것 같아요. 강의후기...",https://blog.naver.com/dbs2277/222898526576,All is well,20221012,0,6,0,2,4,False
온라인 강의 수익 후기,강의,코덕이라면 도전! 뷰티유튜버 수익화 강의 후기 재유 파뉴크ON,"코덕력으로 수익 파이프라인이 더 다양해지지 않을까 싶더라고요! 근데 막상 시작하려니 뭐부터 해야... 오프라인 크리에이터 육성 프로그램까지 운영하다가 이제 온라인 강의로 오신 거라, 강의의 퀄리티는...",https://blog.naver.com/beautiqueleelune/224209228458,뮤트의 뮤트 뷰티패션 매거진,20260308,0,4,0,0,4,False
온라인 강의 수익 후기,강의,마케팅사단에서 온라인 전문기관 수익내기 후기 올려요,그래서 두두맘이 오늘은 마케팅사단에서 온라인 전문기관 수익내기 후기를 좀 자세하게 올려드리려... 해서 수익을 낼 수 있는 곳이 바로 마케팅사단이예요. 마케팅사단에서는 온라인 강의로 온라인 마케팅에...,https://blog.naver.com/wonny85_/222668801522,사랑이 넘치는 두두네♡,20220310,0,4,0,0,4,False
온라인 강의 수익 후기,블로그,티스토리 수익 애드센스 희야쌤 전자책 강의 찐 후기,"정말 많은 강의와 많은 전자책을 찾아보았지만 너무 비싼 금액이고, 사실 후기가 썩 좋지 않은 것들도... ▼희야쌤 전자책 바로보기▼  희야쌤 온라인 강의로 수익UP 저는 희야쌤을 전자책으로 먼저...",https://blog.naver.com/goldmams3355/223007742315,센티스의 알찬 정보,20230207,0,4,0,0,4,False
온라인 강의 수익 후기,강의,해외구매대행 강의 셀셀프 1기 후기_4주 내 첫주문 수익 성과...,해외구매대행 강의를 듣고 있음을 포스팅한 적이 있어요. 2월 13일 첫 온라인강의를 시작으로 한 달간... 강사와 강의도 꽤 많더라고요. 저마다 높은 수익을 공개하면서 솔깃한 커리큘럼과 후기들도 보였고요....,https://blog.naver.com/moonkra7/223049152276,달그래의 재테크 습관,20230319,0,4,0,0,4,False
온라인 강의 수익 후기,강의,1200명이 열광한 무자본으로 월 600만원 수익내기 온라인 강의,"그동안 자기개발, 수익화, 1인기업마케팅 등등 눈으로 보면서 '나도 과연 할 수 있을까?' 라고 생각만... ※ 후기를 위한 목적도 아니고 정말로 제가 우연히 골라서 들은 온라인 강의에 대한 글입니다※",https://blog.naver.com/20crys/222634407061,멀티태스킹 엄마의 교육 놀이터,20220129,0,4,0,0,4,False
온라인 강의 수익 후기,강의,가상화폐 특강 강의 온라인클래스 3일차 수익 & 후기)...,온라인으로 제공해드린 첫번째 강의 듣고 나시더니 그때부터 세상 보는 눈이 달라지셨다는 이야기들이 속출~^^:;; 맞습니다. 아는만큼 보이니까요. 수익은 덤! 그러더니 급기야 첫 강의 시작한지 일주일도...,https://blog.naver.com/bohye77/222310579182,초기시장연구소,20210415,0,4,0,0,4,False
온라인 강의 수익 후기,강의,우행시 온라인 강의 : 킴샤샤의 피부 꿀팁 후기,우행시 (우리들의 행복한 시간 ) 두번째 강의 ^^ 킴샤샤님의 피부 꿀강의~ 우행시만의 컨셉이죠?... 모든 수익을 나누는 곳입니다~ 어디서도 이런 곳은 못보셨을거라 감히 자부합니다 ^^ 오셔서 정말 그런지...,https://blog.naver.com/icarus0309/221935037144,어썸포유 (Awesome4u),20200429,0,4,0,0,4,False
온라인 강의 수익 후기,강의,저품질이라도 문제 없다! 기획자 풍백님의 브랜딩 강의 후기,오랜만에 강의 후기를 쓰네요ㅎㅎ 어제 온라인 카페 깨비드림 커뮤니티에서 풍백님의 수익까지 다 까면 어떡하셔..' '아니 이 글은 또 왜 이리 씨니컬하셔...' 라고 느껴질...,https://blog.naver.com/lilyj1209/222392366476,"릴리제이의 육아, 그리고 일상",20210610,0,4,0,0,4,False
온라인 강의 수익 후기,블로그,최광자 블로그 해킹 키워드 온라인 강의 후기,최광자 블로그 해킹 키워드 온라인 강의 후기 그동안 키너블을 2주간 열심히 쫓아가면서 저에게는... 제가 알기로는 최광자님께서는 본 직업이 있으신데 이분은 블로그 강사로 활동하셔도 엄청난 수익...,https://blog.naver.com/hsy418/222167401841,나를 성장시키는 계단,20201209,0,6,0,0,6,False
온라인 강의 수익 후기,강의,유료 강의 후기 챌린지 과정 + 586%의 성장 온라인 건물주,"그래서 이렇게 4주를 보내고 얼마나 수익이 났는지 궁금하시죠?ㅎㅎ 드라마틱한 수익을 당당히 자랑할... 알파남님 책 '온라인 건물주로 산다' 강의 내용은 진짜 방대하고, 전자책이나 vod도 한번 봐서는 잘...",https://blog.naver.com/jiae7878/223989236167,티모시의 정보력,20250830,0,4,0,2,2,False
온라인 강의 수익 후기,블로그,강의후기 2-2 '노트북 하나로 평생 돈 버는 온라인...,챕터 2 - 매달 돈이 나오도록 자동화 수익형 블로그 세팅하기 수익형 블로그에 맞는 블로그 세팅하기 1.사이트 설명 입력 2. 아이콘 만들기 ->블로그에 아이콘 적이콘 적용하기 3. 파비콘 4. 사이트 보안...,https://blog.naver.com/konacandy/223700680795,Anistar,20241220,0,6,0,0,6,False
온라인 강의 수익 후기,강의,토퍼교육 온라인으로 배우고 수익 내봄!,"후기입니다 - 집에서 살림만하던 제가 아이가 초등학교에 들어가게 된 뒤 수익내기 좋을법한 템 찾아보다 토퍼교육을 발견했어요. 처음엔 뭘 어떻게 해야하는지 몰라서 헤매기도 많이 헤맸는데, 온라인 강의...",https://blog.naver.com/chaimin80/223806451730,오래오래 행복한 롱런이,20250323,0,4,0,0,4,False
온라인 강의 수익 후기,블로그,온라인마케팅교육 후기 마스터 프리패스 강의 완성 마케팅형,마케팅형 온라인 마케팅 마스터 프리패스 강의 후기  저도 블로그를 시작하면서 정말 너무 듣고 싶은... 마케팅으로 수익을 내는 방법 각각의 수업은 초보자도 이해할 수 있게 구성되어 있어서 따라가기 쉬웠고...,https://blog.naver.com/color_uxui/223761061208,후니즈 WHO.Needs.You,20250214,0,6,0,0,6,False
온라인 강의 수익 후기,블로그,클래스101 온라인강의... 버는 블로그 책 내돈내산 솔직후기,책 후기에 앞서.. 이책을 구입하게 된 계기를 먼저 말씀드려볼게요 블로그를 시작하면서 클래스101 연간회원권으로 온라인 강의를 먼저 듣기 시작했어요 처음 강의를 들은건 이균재님의 다퍼주는남자 블로그...,https://blog.naver.com/jyfamily86/223562680946,쵸파는 리뷰 중,20240827,0,4,0,0,4,False
온라인 강의 수익 후기,블로그,네이버 블로그 수익 조건 신청 월 1천 이상,"하나의 온라인 자산이자 수익 창출 플랫폼으로 자리 잡으면서 점점 더 많은 사람들이 관심을 갖고... 그래서 이 블로그에서는 화려한 수익 과장이나 강의 판매가 아닌, 제가 실제로 운영하면서 경험한 블로그...",https://blog.naver.com/dbs_jln/224205909612,겝빈,20260305,0,6,0,0,6,False
온라인 강의 수익 후기,강의,[강의 후기] 원더로이님 전자책 강의 듣고 자동 수익 만들어보자!,일에 계속 얽매여있지 않더라도 자동적인 수익 창출이 가능한가? 그렇게 온라인으로 할 수 있는 부업들을 기웃대던 중에 마법처럼 내 눈에 띈 강의가 있었다. 바로 월급쟁이부자들에서 진행하는 원더로이님의...,https://blog.naver.com/khmyws/223491610705,"늘, 바다",20240626,0,6,0,0,6,False
온라인 강의 수익 후기,강의,[I캔두님 강의후기]열심히 하는데 왜 돈이 안 벌릴까? 수익화...,"실제 수익화를 위한 혈을 뚫는 강의""는 머리를 망치로 맞은 듯한 강렬한 시간이었습니다. 어제 강의는... 그들을 내 전자책이나 서비스 결제로 연결하는 온라인 무기는 오프라인과 완전히 다릅니다. 터진 글을...",https://blog.naver.com/chsoye/224214665119,리치스트 - AI시대 부를 설계하는 인사이트,20260313,0,4,0,0,4,False
온라인 강의 수익 후기,강의,소방 자격증 후기와 온라인 강의 비교,"수험생들의 후기를 바탕으로 소방 자격증의 난이도, 공부법, 온라인 강의 플랫폼 비교, 합격 이후... 고수익 프리랜서도 가능 소방시설관리사는 프리랜서나 위탁 관리인 형태로도 활동 가능하며, 1인 사업화로 연...",https://blog.naver.com/dalgun65/223898958226,두번째서랍장,20250614,0,4,0,0,4,False
온라인 강의 수익 후기,유튜브,1인 미디어의 패러다임 변화 온라인 강의 후기,1인 미디어의 패러다임 변화 온라인 강의 후기 안녕하세요 ^-^ 느리지만 결국 해내는 사람 똘똘새댁... 동일한 영상을 올려도 될까요? 5) 유튜브 수익창출 승인메일을 받았어요 6) 구글애드센스 핀번호 도착,https://blog.naver.com/giddjs79/221827618341,똘똘새댁의 생활재테크,20200227,0,6,0,0,6,False
온라인 강의 수익 후기,강의,먹스타그램 강의후기: 팔로워 0명에서 시작한 나의 SNS 수익화...,"타이탄클래스 지온서만의 특별한 접근 일반적인 온라인 강의와 달리, 타이탄클래스 지온서는 현장형... 지온서 먹스타그램 강의후기를 통해 알게 된 가장 큰 깨달음은, SNS 수익화도 작은 실행과 꾸준함, 그리고...",https://blog.naver.com/jvhqfumu517/224264050214,프렌치토스트,20260424,0,4,0,0,4,False
온라인 강의 수익 후기,강의,수익으로 적금을 시작하다 (알파남 애드센스팜 유료 강의 후기),"첫 수익의 기쁨 강의를 결제하고 열심히 글을 쓰며 애드센스 승인을 넣었지만, 한 달이 지나도록 소식이... 직접 강의를 경험해보면 저처럼 생각이 달라질 수 있을 거예요.  애드센스팜 공식 홈페이지  온라인건물...",https://blog.naver.com/jou_log/223988599104,jou_log님의 블로그,20250830,0,4,0,0,4,False
온라인 강의 수익 후기,강의,온라인 강의 판매. 10%부가세? 면세받는 법,세무회계 소명 수많은 후기로 보장하는 고객만족도 100% 매년 예상 소득세·법인세 시뮬레이션 및... 온라인 강의/인터넷 강의나 전자책으로 다양한 수익 창출을 하고 계신가요? 하지만 학원은 면세니까...,https://blog.naver.com/somyungtax/224172556016,세무회계 소명,20260205,0,4,0,0,4,False
온라인 강의 수익 후기,강의,케이크토퍼창업 인강으로 마스터 후 수익내기 시작,들어오고 후기도 쌓이면서 점점 주문이 늘었어요 결제 정산 CS까지 지원해 주니까 저는 토퍼 제작만... 바로 수 익 활동으로 이어갈 수 있어요 온라인 강의라도 실습 장면이 1인칭 시점으로 자세히 나와 있어서...,https://blog.naver.com/nike8319/224095410361,용쓰 수다이야기,20251203,0,4,0,0,4,False
온라인 강의 수익 후기,기타,⑨ : 0원으로 시작한 제2의 직업! 메리츠 파트너스 수익 후기,"※ 25년 1월 3일 활동 기준의 수익 그 비결은 무엇일까요? 메리츠 파트너스 후기를 지금부터 만나볼게요!... STEP 3 - 메리츠 M을 통한 온라인 영상 시청, 모의고사 풀이 등 준비 과정을 거쳐 오프라인 시험에...",https://blog.naver.com/meritz_partners/223791831800,메리츠 파트너스,20250311,0,2,0,0,2,False
온라인 강의 수익 후기,강의,350만 원으로 단기 임대 세팅하기 -리치 오름 8주 강의 후기,"리치오름 4기 8주 차 강의, 이번 시간은 소액으로 시작하는 단기 임대 강의였습니다. 강의를 해주신... 청결 + 후기 ③ 단기 임대 운영 사이클 (실전 흐름)  매물 검색 (온라인 임장) 수익률 분석 실제 임장 전대차...",https://blog.naver.com/fchongii/224232163066,오십 다시 시작 프로젝트 | 가슴 뛰는 삶의 기록,20260328,0,4,0,0,4,False
온라인 강의 수익 후기,강의,유데미 (Udemy) 바닐라 JS 카페메뉴 앱 만들기 온라인강의 후기,"열정이 온라인강의에 집중되고 있답니다. 또 고용주들은 직원의 역량을 높이고자 유데미의 최고 인기... 강사/강의 평점에 따라 추가 수익도 가져갈 수 있고, 수수료 또한 최대 97%라고 하니 본인이 가지고 있는...",https://blog.naver.com/kk0ngkk0ng/222534507625,ⓒ끌밋언니,20211012,0,4,0,0,4,False
온라인 강의 수익 후기,강의,이웃집타이탄의 2026년 5월 주식 강의 일정,"내기"" 강의 -일시 : 2026년 5월 8일 금요일 저녁 9시 30분~ 11시 30분 -강의 대상 : 연 수익 20% 이상... -강의방법 : 온라인 줌 강의 -강의비 : 49,000원(강의자료 포함, 후기 작성 시 15,000원 pay back...",https://blog.naver.com/tonyluke411/224285732518,이웃집타이탄의 투자이야기,20260514,0,4,0,0,4,False
온라인 강의 수익 후기,블로그,챌린지] 바로 수익으로 연결되는 1739기법 수익형 블로그 강의,"하지만 결국 블로그를 통해 카페를 키우고, 온라인에서 하고 있는 분야의 압도적인 1위를 하고 (키워드... 블로그 강의는 후기만 검색해봐도 많이 나옵니다. 한번 만 배워도도 평생 써먹는 수익형 블로그 강의...",https://blog.naver.com/lucysso/223722142596,"소영처럼, 끈기있는 열정",20250111,0,6,0,0,6,False
온라인 강의 수익 후기,강의,온라인꽃집 포리애 대표님들의 콘텐츠강의 찐 후기!,포리애 콘텐츠강의 포리애 콘텐츠강의는 정말 알찼다! 그동안 SNS는 수익과 연관되어 있다는것을... 찐후기를 남겨본다 포리애 강의 2탄도 기대합니다♡ #포리애 #온라인꽃집포리애 #콘텐츠강의...,https://blog.naver.com/navi_jutaek/224075952929,삼남매 엄마의 새로운도전기,20251114,0,6,0,0,6,False
온라인 강의 수익 후기,강의,재테크 상반기 결산 - 애드포스트 쿠파스 공모주 배당주 수익,"곳 후기였습니다^^ 이러고 정보 없이 끝내버리는 쓰레기글.. 여기가 강의가 너무 퀄이 떨어지는... 지금 온라인 파지줍기 정도로 유지중 1월-4월 수익 : 150,869원 공모주 투자 수익 상반기에 주식시장으로 돈이...",https://blog.naver.com/kanashiiyume/224289085977,싱글맘 재테크 일기,20260518,0,6,0,0,6,False
온라인 강의 수익 후기,블로그,블로그 수익 창출로 회사... (월급쟁이부자들 강의 후기..),"구글애드센스 강의 후기 블로그 수익 창출 끝판왕 = 끝판왕KIM 보통 강의의 가치는 고객들의 후기가... 지금 자신의 경제적 상황에 만족하지 않는 상황이라면,, 믿을만한 온라인 부업 강의를 한번 들어보는 것은...",https://blog.naver.com/lastgameking/223489589377,끝판왕KIM,20240624,0,8,0,0,8,False
온라인 강의 수익 후기,블로그,"여행 인플루언서, Erin쌤 블로그 온라인 강의 후기...",방출해주셨는데 수익 질문부분에서 개인메일 내용을 모두 오픈해주시는거보고 놀랬다. 그만큼 난 블로그만큼은 자신있어 라고 느껴져서 뭐랄까 더욱 신뢰가 갔다. 사전 질문을 중심으로 강의에서 답변을...,https://blog.naver.com/careerbrunch/223045815841,김박사의 성격연구소,20230315,0,6,0,2,4,False
온라인 강의 수익 후기,강의,- 왕초보도 돈 버는 주식 투자 기초 온라인 강의 후기 #2,"강의후기 : 보조지표에 대한 이해 패턴분석, 이동평균선, 골든크로스 패턴분석에 대한 이야기는 많이... 코스톨라나는 공포에 대해 맞서 높은 수익을 낸 점에 있어서 과감하지만 신중하다는 것을 알 수 있었다....",https://blog.naver.com/peanutdg21/222298443812,도리교육 지식창고,20210404,0,6,0,0,6,False
온라인 강의 수익 후기,블로그,온라인 블로그 강의 다퍼주는 남자 후기,"온라인 블로그 강의 다퍼주는 남자 후기 안녕하세요 유익한 정보 전달하고자 노력하는... 블로그 강의 영상을 찾다가 듣게 된 다퍼주는 남자 초,중급강의 / 블로그 키워드로 월 300백 수익을 만들어 주는 마법...",https://blog.naver.com/yjk1000/223583318080,우동매니아의 특별한 일상,20240913,0,6,0,0,6,False
온라인 강의 수익 후기,강의,"[강의 참여 후기]... 2025년, 꼭 알아야 할 온라인 수익화","참여한 어울림(강의) 명 : [서울50플러스재단 X 큐리어스] 다가오는 2025년, 꼭 알아야 할 온라인 수익화! (리더명 : 열정진 대표님) 2. 강의 참여 후기 : 열정진 대표님의 강의를 오랜만에 들을 수 있어서 정말...",https://blog.naver.com/rlatkfkd5372/223665519627,간호사 작가 칼코치 인생 기록,20241118,0,4,0,0,4,False
온라인 강의 수익 후기,강의,[러닝스푼즈] 더휴식 신현욱 대표 강의 후기 (300억 자산가),"4시간짜리 강의를 1시간 30분 압축한, 임팩트 있는 온라인 줌 강의였어요. 강의료가 싸도 너무 싸다는... 고맙습니다. ★ 함께 읽으면 유익한 포스팅 #러닝스푼즈 #이창민대표 #더휴식 #신현욱대표 #강의후기",https://blog.naver.com/kiho_no/223635758214,부동산코치_개천고 노선생,20241027,0,2,0,0,2,False
온라인 강의 수익 후기,강의,전산회계1급 독학 기간 및 합격 후기 (+온라인 강의 활용...,"전산회계1급 독학 기간 및 합격 후기 (+온라인 강의 활용 공부법정리) 중소기업의 재무나 경리... (ㅅ) 수익과 비용 2) 원가회계 (ㄱ) 원가 개념, (ㄴ) 원가계산, (ㄷ) 개별, 종합 원가계산 3) 세무회계이론 (ㄱ)...",https://blog.naver.com/that13093/223270805082,옥땅으로따라와,20231121,0,4,0,0,4,False
온라인 강의 수익 후기,강의,에이나우 AI 강의 후기 - 진심 추천,"AI로 딸깍해서 수익화한다는 강의를 꽤 많이 들어본 편이다. 작년(25년)만 해도 ai딸깍 강의에 수백만원은 쓴 것 같다. (상세페이지 자동화, 홈페이지 자동화, 인스타툰 자동화, 온라인 강의사이트의 툴 강의...",https://blog.naver.com/hong_chch/224282946313,"공부하는 디자이너, 홍차차 입니다.",20260512,0,4,0,2,2,False
온라인 강의 수익 후기,강의,현실을 직시하는 부동산 온라인강의(기본 2회차) 후기,"현실을 직시하는 부동산 투자 온라인 기본강의 2회차 후기 안녕하세요, 박지청입니다. 공군 조종사에서... 운이 좋으면 큰 수익을 얻을 수 있는, 그런 대상처럼 말이죠. 하지만 저는 이 길을 걸으며 수많은...",https://blog.naver.com/parkjji00/223810661726,부대장(부동산대장),20250326,0,6,0,0,6,False
온라인 강의 수익 후기,강의,"파이어맘님 강의 후기 ""온라인 사이드잡으로 파이어족...","© alizeebaudez, 출처 Unsplash 어제 저녁에는 시간부자 파이어맘님의 온라인 사이드잡 강의를 들었습니다.... 그래서 회사의 구성원으로서가 아니라, 내 자신만의 힘으로 수익을 얻을 수 있는 파이프라인을 구축하고...",https://blog.naver.com/minimal_lydia/222657335918,생활은 미니멀 자산은 맥시멀,20220225,0,4,0,0,4,False
온라인 강의 수익 후기,강의,마케팅 전략으로 리더십 강의 수익 극대화하기,"리더십 강의 수익 극대화를 위해 타겟 오디언스 설정, 온라인-오프라인 마케팅 통합, 기업 파트너십을 활용한 전략을 시행했다. 리더십 강의 수익 극대화를 위한 마케팅 전략 후기 안녕하세요, 여러분! 최근에...",https://blog.naver.com/flplatform/224064531387,flplatform님의 블로그,20251104,0,4,0,0,4,False
온라인 강의 수익 후기,강의,한국어교원자격증 3급 온라인 양성과정 후기 궁금해?,"한국어교원자격증3급 온라인 강의라고 다 같은 강의라고 생각하면 절대 안 됨! 커리큘럼, 후기, 실습... 그러니까 너무 가격에만 집중하면 안되고 자격증 따고 나서 앞으로 벌어들일 수익을 생각하면...",https://blog.naver.com/500yeon/223821846639,더오우영 : 오늘도 우리는 영어공부합니다.,20250404,0,4,0,2,2,False
온라인 강의 수익 후기,강의,피오피글씨체로 부업 수익낸 비법,후기를 쓰고 기관으로부터 수수료를 받습니다 부업으로 피오피글씨체를 하고 있는 주부입니다 처음에... 있다보니 수익활동에 바로 도전해도 무리가 없을 것 같았어요 온라인 강의를 통해서 강사님의 손을...,https://blog.naver.com/kghic67/224029356601,람쥐씨의 알뜰살뜰 일상이야기,20251003,0,6,0,0,6,False
온라인 강의 수익 후기,유튜브,AI전문크리에이터 돈버는 온라인자판기 강의 후기,"학습 후기 이번 강의에서는 유튜브 애드센스의 수익 구조와 한계를 짚어보고, 이를 극복하기 위한... kr/ #콜로소 #콜로소후기 #콜로소환급챌린지 #콜로소습관형성챌린지11기 #온라인강의...",https://blog.naver.com/skullcandy08/223726171760,준하,20250115,0,6,0,0,6,False
온라인 강의 수익 후기,강의,병원행정사 합격 온라인 단기 취득 후기,4) 회계 재무: 수익 지출 관련 금액과 경로를 파악하고 기록하며 예산편성을 담당합니다. 5) 시설 관리... 병원행정사 온라인 강의 병원행정사 합격할 수 있었던 일등공신은 교육 기관의 커리큘럼 덕분이라고...,https://blog.naver.com/crong_88/223565445456,슈퍼줌마의 소소한 공간 ♥,20240830,0,4,0,0,4,False
온라인 강의 수익 후기,강의,부동산재테크 온라인강의(심층) 5기 후기 및 온라인6기 과정 안내,"부동산재테크 온라인강의 5기 후기 온라인6기 과정 안내 부동산재테크 강의(심층) 5기 후기 및... 6%), 종부세 부담 없음 단점: 법인세/배당소득세 부담, 장기보유공제 없음 추천 대상: 단기 매매 또는 임대수익...",https://blog.naver.com/parkjji00/223765622986,부대장(부동산대장),20250219,0,4,0,2,2,False
온라인 강의 수익 후기,강의,AI전문크리에이터 돈버는 온라인자판기 강의 후기,학습 후기 이번 강의에서는 PC에서 제작한 영상을 모바일로 옮기는 과정과 수익 단가를 효율적으로... kr/ #콜로소 #콜로소후기 #콜로소환급챌린지 #콜로소습관형성챌린지11기 #온라인강의...,https://blog.naver.com/skullcandy08/223727261851,준하,20250116,0,4,0,0,4,False
온라인 강의 수익 후기,유튜브,유튜브 콘텐츠 고민 해결사 온라인 강의 플랫폼 그로우 후기,아무래도 직접적인 수익과 연관되니 말이죠. #유튜브콘텐츠 #유튜브컨텐츠 오래간만에 빡세게... #온라인강의플랫폼 #유튜브채널만들기 재밌는 콘텐츠가 많다. 새해에는 뭐라도 해야 되는데... 온라인 강의...,https://blog.naver.com/gsamo/222625126396,가볍게 즐기는 IT & 차 정보! 찌로에 PC쌀롱,20220118,0,8,0,0,8,False
온라인 강의 수익 후기,유튜브,"AI영상 크리에이터가 되려면, AI 3D영상제작 온라인 강의",실제 수익은 어떻게 발생할까 유튜브 및 숏폼 콘텐츠 제작 수익 브랜드 및 기업 영상 외주 작업 SNS... 다루는 온라인 강의 MBC+국비지원 엠플러닝 AI 활용부터 3D 콘텐츠 제작 모션그래픽 영상 편집...,https://blog.naver.com/edu_study_/224255170517,바닐라라떼 블로그,20260417,0,8,0,0,8,False
온라인 강의 수익 후기,유튜브,드라마 유튜브 리뷰로 수익 만들기 강의 후기,오랜만에 블로그 글을 남기네요 오늘 좋은 기회로 얼굴공개없이 유튜브 수익을 창출할 수 있는... 품절되어버려서 온라인강의를 신청했습니다! 너무 기대가됩니다~~ 정말 재밌게 열심히 배워보고 싶어요 좋은...,https://blog.naver.com/dowell0909/223811111267,소근소근 : 소비의언어,20250327,0,8,0,0,8,False
온라인 강의 수익 후기,스마트스토어,디노 해외구매대행 강의후기 공무원 출신 실전 셀러가 알려주는...,"초보자도 따라올 수 있는 단계별 설계 저는 온라인 판매 경험이 전혀 없었는데도, 단계별로... 마무리하며 디노 해외구매대행 강의후기를 정리하자면, 이 강의는 초보자도 실전 구조를 이해하고 직접 실행할 수...",https://blog.naver.com/haveagood7979/224255131446,만나라덕,20260417,0,4,0,0,4,False
온라인 강의 수익 후기,강의,코바늘 소품뜨기 직접 판매해 수익내고 있어요~,업체로부터 소정의 원고료를 받고 작성한 후기 입니다. 얼마 전 뉴스에서 전철 안에서 귀여운 동물 모양... 실제로 수익을 낼 수 있도록 체계적인 지원이 있었어요 특히 온라인 강의라 직장 다니면서도 시간에...,https://blog.naver.com/nike8319/224058832065,용쓰 수다이야기,20251030,0,4,0,0,4,False
온라인 강의 수익 후기,강의,챌린지 11기 중간 미션 2회차 콜로소 애니메이터 하은 강의 후기,만들어서 수익을 창출하고 싶다는 꿈이 생겼습니다^^ 주차별 작업물 1 주차별 작업물2 중간 결과물... co.kr/ #콜로소#콜로소후기#콜로소환급챌린지#콜로소습관형성챌린지11기#온라인강의#애니메이터 하은강의,https://blog.naver.com/parkpgr/223723562941,parkpgr님의 블로그,20250112,0,4,0,0,4,False
온라인 강의 수익 후기,강의,월급쟁이부자들 부동산 강의 솔직후기,"월급쟁이 부자들 부동산 강의 솔직 후기 저랑 남편은 둘다 직장인인데, 확실히 월급만으로는 자산을 불리기가 힘들죠. 20대때 처음 우연히 하게 된 부동산 투자에서 단기간에 나름의 수익을 보게 되었는데...",https://blog.naver.com/janhaeji/224085670420,부산 새댁 일상기록️✨,20251123,0,6,0,0,6,False
온라인 강의 수익 후기,강의,캘리그라피지도사 자격증따고 취미로 수익냈어요,후기를 바탕으로 작성하였습니다> 캘리그라피지도사 자격증따고 취미로 수익냈어요... 그래도 25강 전부 온라인 강의로 진행돼서 언제 어디서나 자유롭게 학습할 수 있다는 장점이 있었어요....,https://blog.naver.com/mysky8947/223920774551,최지훈강사입니다.,20250703,0,4,0,0,4,False
온라인 강의 수익 후기,블로그,블로그 지수 상위노출 최광자 키너블 강의 후기,블로그 지수 상위노출 최광자 키너블 강의 후기 안녕하세요. 애니킴입니다! 2월 20일부터 매주 월요일... 블로그 알고리즘과 키워드 분석방법이 궁금한 분들 내 글을 노출시키기 위한 방법이 궁금한 분들 온라인...,https://blog.naver.com/dobob5/223043708684,애니킴의 돈밍아웃,20230314,0,4,0,2,2,False
온라인 강의 수익 후기,유튜브,유튜브 운영방식과 영상편집 온라인 강의 들은 후기 !,이번에 좋은 기회로 유플래닛에서 유튜브 관련 온라인 강의를 들었기에 강의 후기를 남겨보려 합니다.... 온라인 강좌는 총 1. 콘텐츠 채널 기초 2. 콘텐츠 전략과 최적화 3. 콘텐츠 촬영과 편집 4. 콘텐츠 수익과...,https://blog.naver.com/dearmyfeb9/222299330482,어느 맥시멀리스트의 블로그,20210405,0,8,0,0,8,False
온라인 강의 수익 후기,강의,미스멍디 인스타툰 강의 오프 모임 후기,"“내 콘텐츠 방향이 맞나?” “진짜 이걸로 수익화까지 갈 수 있나?” 혼자 작업하다 보면 계속 확신이... 미스멍디 인스타툰 강의 오프라인 성과공유회 후기 미스멍디의 온라인 강의도 너무너무 좋았는데, 역시...",https://blog.naver.com/ywlpearl/224169437228,아이패드만 들고 훌쩍! 웹툰작가의 미니멀 여행기,20260203,0,6,0,0,6,False
온라인 강의 수익 후기,유튜브,"2회차,콜로소 AI전문크리에이터 돈버는 온라인자판기 강의 후기",학습 후기 이번 강의를 통해 유튜브 콘텐츠의 수익 구조가 얼마나 다양하고 체계적으로 구성되어... kr/ #콜로소 #콜로소후기 #콜로소환급챌린지 #콜로소습관형성챌린지11기 #온라인강의...,https://blog.naver.com/skullcandy08/223698405711,준하,20241219,0,8,0,0,8,False
온라인 강의 수익 후기,스마트스토어,판매 강의후기 초보도 쉽게 시작하는 건강기능식품 수익화...,"가능한 수익 구조라는 점이에요. 코주부클래스 빽형 강의는 초보자도 이해하기 쉽게 단계별로 설계되어 있어서, 막연했던 온라인 판매 진입 장벽이 한결 낮아졌습니다. 저도 이제 조금 자신감을 가지고, 실제...",https://blog.naver.com/yqisrh711/224264106876,널널한자리,20260424,0,6,0,0,6,False
온라인 강의 수익 후기,강의,스업 과일 위탁판매 강의후기 직접 해보고 나서야 알게 된...,"과일 위탁판매라는 말 자체가 익숙하지도 않았고, 온라인으로 농산물을 판다는 게 생각보다 어렵게... 그래서 오늘은 스업 과일 위탁판매 강의후기 중심으로, 실제로 접해보면서 느꼈던 흐름과 변화들을 조금 더...",https://blog.naver.com/fqfniqp769/224255173976,국밥의달인,20260417,0,2,0,0,2,False
온라인 강의 수익 후기,강의,나의 강의 이야기 : 셀프 후기 (당근마켓),나의 강의 이야기 : 셀프 후기 (당근마켓) 어떻게 강의를 하게 되었나요? 제가 강의를 시작하게 된 건 3년... 이제 온라인스토어 사장님까지 돼봅시다. 우리 싸장님들~ 저의 동화책 낭독하는 목소리에 귀 기울여...,https://blog.naver.com/dongurami2/224251260476,공간 디자이너 성장기록,20260413,0,2,0,0,2,False
온라인 강의 수익 후기,스마트스토어,디자인비누 육아맘의 온라인 판매 도전,이 후기를 작성한 대가로 원고료를 받습니다 어릴 때부터 피부가 워낙 예민해서 시중 제품보다는... 디자인비누로 수익까지 이어진다는 게 아직도 신기하고 뿌듯해요 온라인 강의지만 커리큘럼도 탄탄하고 자격...,https://blog.naver.com/handa1221/224141628318,보람차게 살기,20260111,0,6,0,0,6,False
온라인 강의 수익 후기,블로그,"슈퍼노마더 ""블로그 온라인 강의"" 후기~♡",""" 하는 목마름이 늘 있었습니다 그러다 이웃분들의 슈퍼노마드님의 블로그 강의 후기를 보고 와~ 지방에... 신나서 바로 등록을 했지요~ 그런데 코로나바이러스로 인해 부득이 오프라인 강의에서 온라인 강의를...",https://blog.naver.com/andel6546/221810232747,아이와 함께 성장하는 책읽는 엄마,20200215,0,4,0,0,4,False
온라인 강의 수익 후기,유튜브,AI전문크리에이터 돈버는 온라인자판기 강의 후기,"또한, 유튜브와 같은 플랫폼에서 수익 창출을 목표로 콘텐츠를 제작할 때, '중복 콘텐츠'로 판단되는... kr/ #콜로소 #콜로소후기 #콜로소환급챌린지 #콜로소습관형성챌린지11기 #온라인강의...",https://blog.naver.com/skullcandy08/223734592052,준하,20250122,0,8,0,0,8,False
온라인 강의 수익 후기,강의,다양한 온라인강의로 자기계발 하기 좋은 클래스101 후기,"되는 온라인강의 '클래스101'후기를 가지고 왔어요. 클래스 101+ 클래스101+를 선택하여 인강을 듣고 있는... 약간의 수익이 나긴 하지만- 블로거라면 누구나 꿈꿀만한 것이 있죠~! 바로 인플루언서, 그리고 적지...",https://blog.naver.com/rmaapekfz/223351454609,밍블로그,20240212,0,4,0,0,4,False
온라인 강의 수익 후기,스마트스토어,억대 매출 CEO에게 배울 수 있는 온라인 강의후기 2회,있는 온라인 강의후기 2회입니다. 오늘은 7강부터 11강까지 들었어요 7강 쇼핑몰 시작하기 전 마음가짐 50개 올리기까지는 연습이라고 생각하라고 하시네요 2개 ~3개를 하루에 올리면 한 달이면 연습된다고요...,https://blog.naver.com/jung5236/222737581550,멋피네해피지현 ~ 건강더하기,20220518,0,6,0,0,6,False
온라인 강의 수익 후기,유튜브,AI전문크리에이터 돈버는 온라인자판기 강의 후기,세 번째로는 '유튜브 채널을 삭제했을 경우 수익은 어떻게 되는가'라는 질문이 있었다. 이에 대해서는... kr/ #콜로소 #콜로소후기 #콜로소환급챌린지 #콜로소습관형성챌린지11기 #온라인강의...,https://blog.naver.com/skullcandy08/223739633800,준하,20250127,0,6,0,2,4,False
온라인 강의 수익 후기,강의,프렙아카데미 9기 강의 진행 후기 : 주방동선 및 세팅,"황학동온라인입니다. 프렙아카데미 8기 강의를 진행한지 얼마 안 된 것 같은데, 어느덧 9기까지 강의를... 업소용주방기기와 주방동선에 관한 지식 필요한 이유 ✅‘주방 동선’은 곧 ‘수익 구조’다. 주방의...",https://blog.naver.com/hwang0nline/224066895470,황학동온라인,20251106,0,4,0,0,4,False
온라인 강의 수익 후기,강의,긍정필터 AI 숏폼대행 강의후기 실전 중심의 숏폼 대행 수익화...,"바로 수익으로 이어지는 실전 교육 일반적인 온라인 강의에서는 ""이론""이 많이 다뤄지죠. 숏폼... 긍정필터 AI 숏폼대행 강의후기, 나의 변화 처음에는 숏폼 콘텐츠 대행을 시작한다는 것이 무척 어려운 일처럼...",https://blog.naver.com/pqvsihfgqui/224254339504,자연을 닮은 대화,20260416,0,6,0,0,6,False
온라인 강의 수익 후기,스마트스토어,권동동 쿠팡 로켓그로스 강의후기 직접 해보고 느낀 현실적인...,"요즘 온라인 창업 이야기 많잖아요. 쿠팡 로켓그로스, 이커머스, 셀링… 듣기에는 다 좋아 보이는데... 그래서 찾아보다가 권동동 쿠팡 로켓그로스 강의후기들을 계속 보게 됐는데, 공통적으로 “직접 해보게...",https://blog.naver.com/jxyp80634/224255163923,내 심장의 숨소리,20260417,0,4,0,0,4,False
온라인 강의 수익 후기,강의,AI전문크리에이터 돈버는 온라인자판기 강의 후기,학습 후기 오늘 강의는 영상 제작 후 수익성을 극대화하는 방법과 데이터 최적화에 관한 주제로... kr/ #콜로소 #콜로소후기 #콜로소환급챌린지 #콜로소습관형성챌린지11기 #온라인강의...,https://blog.naver.com/skullcandy08/223728647261,준하,20250117,0,4,0,0,4,False
온라인 강의 수익 후기,강의,강의 콘텐츠브랜딩으로 매달 구독수익 만드는 법 온라인 줌...,대기업 문화센터 강의 콘텐츠브랜딩으로 매달 구독수익 만드는 법 (롯데) 강의 후기 어렵지 않게 접근할 수 있는 강의 단순 강의만 듣고 끝났다면 절대 혼자서 신청 안했을텐데 덕분에 신청가입도 해보고...,https://blog.naver.com/leejsangel/223899776011,AI 온라인브랜딩 연구소,20250615,0,6,0,0,6,False
온라인 강의 수익 후기,강의,콘텐츠 재가공으로 나만의 온라인 수익 루프 만들기,"PPT → 온라인 클래스 스크립트 • 강의 후기 → 홍보용 카드뉴스 AI가 변환과 요약을 맡고, 나는 메시지와 톤을 다듬는 역할을 하면 작은 루프가 완성됩니다.  Step-by-Step: 나만의 수익 루프 만들기 Step 1. 내...",https://blog.naver.com/yjh7552/224063806716,Golden Retire액티브시니어,20251104,0,6,0,0,6,False
온라인 강의 수익 후기,강의,행크에듀 초급 강의 온라인 강의 후기,행크에듀 온라인 초급 강의를 7월 4일에 시작했다. 시작하게 된 계기는 간단했다. 부자가 되고 싶어... 초급 강의를 마쳤지만 쿵쿵나리 선생님의 경매 스타일을 따라 하여(썩은 빌라) 부동산을 낙찰받고 수익을...,https://blog.naver.com/20wealth100uk/221632798252,자유를 갈망했던 20대 청년의 아카이브,20190829,0,4,0,0,4,False
온라인 강의 수익 후기,강의,캔들아트지도사 자격증 온라인 취득방법,"이렇듯 취미로 시작했지만, 수익까지 생각할 수 있는 과정이라 끝나는 게 아쉬웠습니다. 약 30일간 흥미롭게 공부한 결과, 저는 온라인 시험에서 90점으로 합격했는데요. 강의를 보면서 순서대로 따라 한...",https://blog.naver.com/rkddmswjd9517/224171786449,석사 출신 로빈,20260205,0,4,0,0,4,False
온라인 강의 수익 후기,유튜브,AI전문크리에이터 돈버는 온라인자판기 강의 후기,학습 후기 이번 강의는 유튜브 수익화와 관련된 구체적인 가이드라인과 주의사항을 다룬 유익한... kr/ #콜로소 #콜로소후기 #콜로소환급챌린지 #콜로소습관형성챌린지11기 #온라인강의...,https://blog.naver.com/skullcandy08/223735772319,준하,20250123,0,6,0,0,6,False
온라인 강의 수익 후기,강의,프로크리에이트 과정 수업 함께해요♡ (6기 강의 셀프후기 포함),정규온라인 강의 2주 + 스터디 1주 (과제포함) * 강의형식 : 비공개 온라인 강의영상을 메일로... 아이패드 라인드로잉 6기 강의 셀프 후기 6기에는 총 9분이 신청을 해주셨어요. 다들 열심히...,https://blog.naver.com/blacks2angel/222641915021,아야쌤의 판타스틱 디지털 교실,20220208,0,2,0,0,2,False
온라인 강의 수익 후기,강의,박준휘 해외쇼츠 강의후기 AI로 시작하는 글로벌 숏폼 수익화...,"저는 사실 처음에는 ‘그냥 또 다른 온라인 강의겠지’라는 생각이었는데, 실제로 강의 자료를 따라... 다채널 운영, 하나의 영상으로 수익 파이프라인 확장 특히 흥미로웠던 부분은 영상 하나를 여러...",https://blog.naver.com/darycpg062/224262004293,회색의벽돌,20260423,0,4,0,0,4,False
온라인 강의 수익 후기,유튜브,"7회차,콜로소 AI전문크리에이터 돈버는 온라인자판기 강의 후기","학습 후기 유튜브에서 수익 창출을 하기 위해서는 특정 타겟(연령, 성별 등)을 명확히 설정하고, 그들의... kr/ #콜로소 #콜로소후기 #콜로소환급챌린지 #콜로소습관형성챌린지11기 #온라인강의...",https://blog.naver.com/skullcandy08/223706115486,준하,20241226,0,6,0,0,6,False
온라인 강의 수익 후기,강의,스업 과일 위탁판매 강의후기 직접 해보니 느껴진 현실적인 변화,본 콘텐츠는 업체의 지원에 따라 솔직한 후기로 작성 되었습니다. 처음 이 키워드를 검색했던 건 단순한 호기심 때문이었어요. 요즘 주변에서 “과일 위탁판매로 수익 만든다”는 이야기가 자주 들리는데...,https://blog.naver.com/kpphd761/224255192401,태초의일생,20260417,0,6,0,0,6,False
온라인 강의 수익 후기,스마트스토어,셀프토퍼만들기로 집에서 수익버는 주부 후기,후기를 쓰고 기관으로부터 수수료를 받습니다 집에서 육아를 하면서도 부담없이 할 수 있는 부업거리에... 다음에 온라인 판매를 시작했어요 혼자 준비해야 했다면 오래 걸렸을 것 같은데 교육기관에서...,https://blog.naver.com/kghic67/224005140000,람쥐씨의 알뜰살뜰 일상이야기,20250912,0,6,0,0,6,False
온라인 강의 수익 후기,유튜브,고음질 유튜브 미니 핀마이크 온라인 강의와 줌수업용 살펴보기,쇼핑커넥트 파트너스 활동을 통해 소정의 수익이 발생할 수 있습니다. 본 콘텐츠는 인공지능을... 고음질 유튜브 마이크는 특히 온라인 강의나 줌수업을 자주 하시는 분들께 큰 도움이 돼요. 다른 분들 후기를...,https://blog.naver.com/daughterhc/224176043073,작은 시작이란,20260208,0,8,0,0,8,False
온라인 강의 수익 후기,강의,수익창출모델을 다룬 책 온라인 플랫폼 마케팅> 후기,"문제를 해결하는것 1장 새로운 수익창출모델 플랫폼마케팅 : 온라인 커무니티에 글을 쓰고 책을 집필, 강의활동 = 직업 하루1시간투자 2~3개의 글 주5일 글쓰고 월1~2회강의 2장 플랫폼창업자의 10가지 마음가짐...",https://blog.naver.com/kkn80/221543901433,모종파머스 육묘장,20190522,0,6,0,0,6,False
온라인 강의 수익 후기,블로그,디노코코님의 동기부여 온라인 강의 후기,"어제 디노코코님의 동기부여 온라인 강의를 들었어요~ 강의 소식을 접하게 된 건 미쉘님의 블로그를... 많은 수익을 내신 경험도 있구요~ - 12년 세무회계경력으로 원가계산, 세금계산 등, 수익구조를 빨리 잘...",https://blog.naver.com/alifetogether/222027258857,육아맘 채원맘 이야기,20200710,0,6,0,0,6,False
온라인 강의 수익 후기,스마트스토어,마크메라 온라인강의로 자격증 취득하기 어렵지 않네요~,하며 온라인 쇼핑몰 판매로 수익까지 내고 있어요 이거 배워보고 싶어하는 분들에게 도움이 될 것 같아 제 후기 공유해드려볼게요 마크메라 신혼부부 집에 가면 인테리어 소품으로도 볼 수 있고 감성 카페 벽...,https://blog.naver.com/chaimin80/223684704526,오래오래 행복한 롱런이,20241207,0,6,0,0,6,False
온라인 강의 수익 후기,강의,"3회차,콜로소 AI전문크리에이터 돈버는 온라인자판기 강의 후기",학습 후기 이번 강의에서는 게임 쇼츠 콘텐츠의 강점과 수익화 가능성을 중심으로 이야기가... kr/ #콜로소 #콜로소후기 #콜로소환급챌린지 #콜로소습관형성챌린지11기 #온라인강의...,https://blog.naver.com/skullcandy08/223739471434,준하,20250126,0,6,0,0,6,False
온라인 강의 수익 후기,강의,월부 | 1000만원으로 아파트 투자법 자모님 강의 후기,현장 강의 이후 며칠 뒤에 온라인으로 강의가 올라오기 때문에 현상황을 잘 반영해줘요. 그래서... 자모님 강의 후기를 알려드릴게요! 자모님은 내마기에서 만났던 강사님이라 반가웠어요! 강의스타일이...,https://blog.naver.com/wlsgk1013/223597819189,진하 블로그 with 코코,20240926,0,4,0,0,4,False
온라인 강의 수익 후기,강의,양말목공예 배워서 수익내고 있어요,"원하시면 수익 창출까지 이어가며 취미와 일을 함께 가져갈 수 있더라구요 더 자세한 내용이 필요하시면 아래 주소 참고하시고, 샘플 강의로 먼저 가볍게 체험해보셔도 좋을 것 같아요~! 양말목공예 온라인 강의...",https://blog.naver.com/handa1221/224030567593,보람차게 살기,20251005,0,4,0,0,4,False
온라인 강의 수익 후기,강의,주린이를 위한 재무제표 읽는 법_사이다경제 온라인강의 후기 (2),주린이를 위한 재무제표 읽는 법 사이다경제 온라인강의 후기 (2) 수익구조 상승의...,https://blog.naver.com/carpeteulb/222306464254,심오한 라즈베리,20210411,0,4,0,0,4,False
온라인 강의 수익 후기,강의,[강의 후기] 리치플랜님의 시드머니 모으기~!!,10년째 온라인 친구인 이웃님이 재테크 관련 줌 강의를 열어서 시간많은 나도 참석~~!!ㅎㅎ 주제는... 매년 겸직 허가까지 받아서 하고 있는데 '더 수익을 높이기 노력해볼까??' 싶다가도.. 수익화를 위해 내...,https://blog.naver.com/jhm4435/223088824635,보 파 랑 놀 자 ♥,20230429,0,4,0,0,4,False
온라인 강의 수익 후기,강의,자기계발 덕후의 패스트캠퍼스 온라인 강의 완강 후기,"온라인으로 월세벌기 : Chat GPT로 하는 무자본 비즈니스 강의 후기 제가 해당 강의로 완강 후기를 작성하고자 하는 이유는 크게 두 가지입니다. 첫째, 부업을 통한 수익화에 대해 눈을 뜨게 해주고 큰...",https://blog.naver.com/ejd0919/223280761441,스토푼의 수더분한 스토리,20231202,0,6,0,0,6,False
온라인 강의 수익 후기,유튜브,디지털노마드 N잡러 블로그 수익 강의 후기(feat. 타이탄철물점),"수익화가 목표인지, 강의가 목표인지, 책 출판이 목표인지 등 11. 개인 아이덴티티를 만드는 가장 빠른 방법은 벤치마킹 블로그를 찾아서 처음~끝까지 다 보는 것 12. 블로그 → 인스타(릴스 포함) → 유튜브...",https://blog.naver.com/jyekim0330/223076324706,천천히 서둘러라,20230416,0,10,0,0,10,False
온라인 강의 수익 후기,강의,[강의 후기] 금토림 온라인 부동산 기초 34기 1주차 후기,강의 후기 나는 사람냄새 나는 사람이 참 좋다. 사람을 만날 때도 진실함이 느껴지면 나도 모르게 이것저것 다 퍼주게 된다. 온라인 수업 시간 외에도 일부러 따로 시간을 내주신 금토림쌤 줌 미팅 시간에 함께...,https://blog.naver.com/amazingday_365/223107161066,즐기하의 내가 그려가는 나의 삶,20230520,0,2,0,0,2,False
온라인 강의 수익 후기,강의,대구동구청년센터 SNS마케팅 강의 후기｜청년 대상 수익화...,"중심으로 강의를 진행했어요. 먼저 POE 마케팅 프레임워크를 통해 Paid, Owned, Earned 채널의 차이를 이해하고, 어떤 채널을 내 상황에 맞게 선택해야 하는지 정리했어요. 그리고 온라인 수익화 모델도 함께...",https://blog.naver.com/ddanglssam/224227410098,땡글쌤 바로 써먹는 실전 SNS•AI마케팅,20260324,0,4,0,0,4,False
온라인 강의 수익 후기,강의,초보자도 전문가가 될 수 있다. 패스트캠퍼스 온라인 강의 후기,HTML/CSS JavaScript 온라인 강의 후기 패스트캠퍼스 온라인 강의 후기 HTML CSS Javascript 기본 배경 / 직무... 활용한 수익 창줄에 대한 강의를 통해 처음 접하게 된 것이 디지털 마케팅의 개념을 제대로 알고...,https://atech2.tistory.com/327,입소문마케팅,20200527,0,4,0,0,4,False
온라인 강의 수익 후기,강의,수익이 이렇게 달라질 줄이야 마케팅사단 강의 듣고 인생 바뀜,"저도 퇴근 후 여유시간을 활용해 온라인마케팅 부업을 배우고 싶어서 여러 교육기관을 찾아보다가 마케팅사단을 알게 됐어요. 교육청 원격평생교육기관이라 믿음이 갔고, 무엇보다 실무 중심 강의 + 수익활동까...",https://blog.naver.com/uooo123675/224058455708,나의 작은 이야기 공간,20251030,0,6,0,0,6,False
온라인 강의 수익 후기,강의,랜딩페이지 온라인강의 후기,수익을 형성할 수 있는지 직접해보고 또 알려드릴게요. 모두 관심있거나 목표분야 공부하셔서 그것으로 소득창출까지 이뤄내시기 바랍니다 ^^ 우모대! 이글은 제가 직접 강의료내고 작성한 내돈내산 후기입니다,https://blog.naver.com/family-health-bliss/222654748882,우리 모두 대박나요(우모대),20220222,0,4,0,0,4,False
온라인 강의 수익 후기,블로그,"온라인마케팅교육 블로그, 인스타그램 프리패스 마케팅 강의","지금부터 온라인마케팅교육 블로그, 인스타그램 프리패스 마케팅 강의 후기를 시작할게요. 정보... 실제 수익을 만들고 싶은 분 – 단순한 이론이 아닌, 현실적인 수익 창출 전략을 원하는 분 총평 마케팅형...",https://blog.naver.com/alohasy0792/223760171370,"백도서관 <책추천, 맛집, 여행 >",20250214,0,6,0,0,6,False
온라인 강의 수익 후기,유튜브,"6회차,콜로소 AI전문크리에이터 돈버는 온라인자판기 강의 후기","특히, YPP 가입 조건과 수익 구조에 대해 구체적으로 이해하게 되면서 유튜브라는 플랫폼이 단순한... kr/ #콜로소 #콜로소후기 #콜로소환급챌린지 #콜로소습관형성챌린지11기 #온라인강의...",https://blog.naver.com/skullcandy08/223704655202,준하,20241225,0,6,0,0,6,False
온라인 강의 수익 후기,강의,프리랜서 수익구축법 N잡러 부업 그로우강의 후기,수익구조를 더 다양화시키고 싶다는 생각이 들었다. 일상에 바빠 학원강의를 듣기는 어렵고 온라인으로... 직장인의 눈높이에서 시작하는 프리랜서 수익구조 구축법 신재용강사님강의 후기를 적어보겠다....,https://blog.naver.com/ohnr0115/222816193571,가장보통의날,20220717,0,8,0,0,8,False
온라인 강의 수익 후기,블로그,"1인기업, 결국은 퍼스널브랜딩!(서울휘님 강의 후기)",오늘은 지난 주에 들었던 서울휘님의 '돈 잘 벌며 성장하는 1인 기업 만들기' 강의 후기를 써볼까해요... 그만큼 블로그는 온라인 상에서 나를 만들고 알리고 성장시키는데 가장 최적화되어 있고 쉬운...,https://blog.naver.com/no3song/222581966524,부부셀러의 글로벌 마켓,20211129,0,4,0,0,4,False
온라인 강의 수익 후기,유튜브,"8회차,콜로소 AI전문크리에이터 돈버는 온라인자판기 강의 후기",학습 후기 유튜브와 같은 콘텐츠 플랫폼에서 수익과 영향력을 확대하려면 글로벌 소스를 목표로... kr/ #콜로소 #콜로소후기 #콜로소환급챌린지 #콜로소습관형성챌린지11기 #온라인강의...,https://blog.naver.com/skullcandy08/223706450186,준하,20241227,0,8,0,0,8,False
온라인 강의 수익 후기,강의,경력단절여성 온라인에서 손부업으로 수익내기,평범한 경력단절여성 주부였던 제가 온라인에서 손부업으로 시작해 수익까지 내고 있어요 저는 결혼... 생각해요~ 온라인 강의로 보면서 제작 기법을 배울 수 있는데 태블릿PC나 스마트폰과 같이 영상을 재생할...,https://blog.naver.com/chaimin80/223614998962,오래오래 행복한 롱런이,20241012,0,6,0,0,6,False
온라인 강의 수익 후기,강의,온라인 강의로 수익내기... 하이업에듀 장이지 대표님 강의후기,"현직 EBS 강사이신 장이지 대표님의 강의를 두번째로 듣게 되었다. 첫번째 강의에서 받은 진심과 에너지로 깊은 인상을 받았고, 피곤하고 지친 일정이었지만 꼭 듣고 싶은 강의였기에 주저없이 신청했다....",https://blog.naver.com/nabemj/222150865448,THINK POSITIVE,20201121,0,4,0,0,4,False
온라인 강의 수익 후기,강의,온라인 사이드잡 특강 :: 파이어맘님 강의 후기,"미루지 않고 바~로 후기를 쓰려고 했는데 벌써 며칠이 지나버렸다 ㅋㅋㅋ 초반에는 온라인 사이드잡을... 강의를 들으며 열심히 메모를 했고, 소개하신 온라인 사이드잡 중 재미있어 보이는 것들을 이것저것...",https://blog.naver.com/dewpuruni/222660071942,반짝반짝 빛나는,20220228,0,2,0,0,2,False
온라인 강의 수익 후기,스마트스토어,탈잉 윤주 튜터 구매대행 온라인 강의 후기,"vod 강의를 열심히 들었던 하루였습니다^ ^ 스마트스토어, 구매대행 스마트스토어는, 월급 외 수익으로... 나의 브랜드 상품을 자체제작해서 온라인에 판매해보면 어떨까? 좋아하는 관심분야 상품을 사진도...",https://blog.naver.com/rose-ha/221879896408,엠오아이모이의 최소한의 디자인,20200329,0,6,0,0,6,False
온라인 강의 수익 후기,강의,전산회계1급 실기 온라인 강의로 확실하게 합격하기,전산회계1급 실기 온라인 강의로 확실하게 합격하기 언제까지 알바만 전전하면서 살 수 없다고... 전산회계1급 필기 전산회계1급 실기 시험일정 검정방법 공부방법 전산회계1급 실기 후기 전산회계1급이란?...,https://blog.naver.com/jen940901/223497803526,자격증 에이스,20240701,0,2,0,0,2,False
온라인 강의 수익 후기,강의,캔들온라인강의 직접 들어본 후기 공유해요,캔들온라인강의 직접 들어본 후기 공유해요 캔들은 분위기 전환도 되고 집 안의 냄새도 환기시켜주기... 캔들온라인강의를 들은 이후에 다양한 수익활동을 할 수 있도록 많은 지원을 제공해주는 교육...,https://blog.naver.com/agla1/223417807262,참소나무 나뭇잎편지,20240424,0,4,0,0,4,False
온라인 강의 수익 후기,강의,지온서 먹스타그램 강의후기: 팔로워 0명에서 시작한 실전...,강사님은 음식 콘텐츠가 단순히 사진이 아닌 수익화 도구라는 점을 명확하게 보여주셨습니다. 제가... 실습 중심 교육의 장점 타이탄클래스 지온서 강의는 온라인 강의처럼 단순히 화면을 보고 따라 하는 방식이...,https://blog.naver.com/tjbmx9190/224263911058,민트초코우유,20260424,0,6,0,0,6,False
온라인 강의 수익 후기,강의,캘리그라피 독학해서 최근 수익낸 비결,그래서 온라인 강의 쪽으로 방법을 찾았어요! 근데 막상 검색해보니 캘리그라피 독학 강좌가 정말 많아서 어디서 배워야 할지 감이 안 오는 거 있죠? 후기들은 다 좋게 써 있어서 더 헷갈렸구요 그래서 하나하나...,https://blog.naver.com/handa1221/224014468373,보람차게 살기,20250922,0,4,0,0,4,False
온라인 강의 수익 후기,강의,제이로드 퍼스널 브랜드 강의 후기✨️,오늘은 인스타그램 @_jayroad 님의 퍼스널 브랜딩 로드 강의 후기 입니다  Speaker  #제이로드 #인스타키우기... 이번 강의로 갈증이 풀리는 기분이였어요 온라인 강의 준비하시는 것이 수고로우셨을텐데 경험과...,https://blog.naver.com/jhok1003/223029270723,Here comes the sun,20230227,0,2,0,0,2,False
온라인 강의 수익 후기,강의,석고방향제클래스 수공예로 수익 내는 법,"실제 경험한 후기로 소정의 수수료를 받을 수 있어요 저는 집 안이나 화장실, 자동차 안까지 항상... 석고방향제클래스는 오프라인 공방과 온라인 강의 두 가지 방식이 있었는데 집 근처에는 배울 곳이 없어...",https://blog.naver.com/kankoro197820/224201627743,kankoro197820님의블로그,20260311,0,4,0,0,4,False
온라인 강의 수익 후기,강의,[쿵쿵나리] 경매 초급반 온라인 강의 후기,"그래서 시작한 온라인 강의! 쿵쿵나리의 경매 초급반 생초보를 위한 강의 에 대한 후기를 기록하며... ⑧수익(세전)=시세(급매)-원가 수익률, 수익 계산 수익률(%)=연간 순수입/순수 현금 투입액 x100...",https://blog.naver.com/dekiru100/222057727519,오카네지유의 내가 그린 그림대로 부자되기 블로그,20200812,0,4,0,0,4,False
온라인 강의 수익 후기,블로그,줌 온라인 수업 : 1인 창업... 인스타그램&블로그 강의 후기_ BY...,"ㅋㅋ 다음에 또 다른 방송들 하고 강의 제작하면 좋을 것 같아요! 장비가 있으니까 뭔가 신나요! 자!... ㅎㅎ 부의 열쇠 공작소 카페에도 후기가 있지요! 줌 온라인 수업하면서 느낀 점 1, 화면을 계속 전환해야...",https://blog.naver.com/himsuji312/222094480829,열정을 나누는 성장블로그(케이크토퍼 창업수업),20200920,0,4,0,0,4,False
온라인 강의 수익 후기,강의,떡케이크 창업 과정 집에서 준비한 40대주부 후기,소정의 원고료를 받고 작성한 솔직 후기입니다. 제 나이가 40대가 되면서 직장을 얼마나 더 다닐 수... 있는 온라인 강의라 퇴근 후에도 부담 없이 학습을 이어갈 수 있었어요 가끔은 피곤해서 오늘은 쉬어야 하나...,https://blog.naver.com/handa1221/224276665624,보람차게 살기,20260508,0,2,0,0,2,False
온라인 강의 수익 후기,블로그,수익형부동산강의 3천만원으로 시작한 엄마건물주님 후기,안녕하세요 디지털노마드 블로그강의 온라인마케팅 기획자 디노코코입니다. 오늘은 수익형 부동산강의 후기를 써요. 수많은 수익형 부동산 강의중에서 왜 엄마건물주 바람돌이님을 픽했는지 이유가...,https://blog.naver.com/buyulove/221959694566,마음이만나는 마케팅 디노코코,20200513,0,6,0,0,6,False
온라인 강의 수익 후기,강의,앨리스 정의 「스마트 스토어  기초 온라인」  강의 후기,꿀팁 강의를 듣게 되었죠. 후기> 그리고는 앨리스정님을... 다가오는 토요일에 앨리스정님의 B2B 위탁판매 온라인 강의가 예정되어 있어요. 위탁판매에 대해...,https://blog.naver.com/adang25/222051605312,아당의 엄마 성장 노리터,20200805,0,2,0,0,2,False
온라인 강의 수익 후기,강의,떡배우는곳 온라인 강의로 마스터하는 방법,최근에는 온라인 강의가 많이 활성화 되었더라구요. 저는 원래 떡을 좋아해서 언젠가는 내 손으로... 떡배우는곳 중에서는 한 커리큘럼에 이 다양한게 있는 곳이 드물고 그리고 취미 이상으로 수익까지 낼 수...,https://blog.naver.com/xodms0515/223638361991,떡굽는사람 맛디댜입니다,20241029,0,4,0,0,4,False
온라인 강의 수익 후기,스마트스토어,네이버스마트스토어강의 블로그 마케팅 수업후기 (ft.마케팅형),"(오랜만에 하니 재밌네) 나는 네이버 블로그에만 적용시켜 보았고, 강의 후기에는 스마트스토어... 온라인 사업을 하면서 왜 수익이 안 나올까? 라는 생각이 자주 들었다면 들어볼만한 수업이다. 내가 전혀...",https://blog.naver.com/88sunq/223309289469,기록의 온도,20240101,0,8,0,0,8,False
온라인 강의 수익 후기,강의,온라인 도구 활용 강의 [후기] 디지털 도구와 친구하기입니다.,온라인 도구 활용 수익화 란 이름으로 들은 강의입니다. 요즘 캔바를 활용해 강의 도구를 만드는 데 만들어 보면 정성도 들고 애정도 갑니다. 그런데 만드는 시간도 많이 들고 시간 대비 효과가 적은 것 같아...,https://blog.naver.com/esh8028/223072007725,해냄 마인드 컴퍼니,20230412,0,4,0,0,4,False
온라인 강의 수익 후기,강의,사업 투자반 4주 차 강의 후기 - 프리미엄 고시텔 -,"공부하는 만큼 제 실력도 점점 올라가고 있다고 굳게 믿으면서 이번 4주 차 강의 후기 시작하겠습니다!... 체크포인트, 온라인 조사, 임장 순서, 수익률 계산법처럼 고시원 창업에 관한 전반적인 부분을...",https://blog.naver.com/epark1124/222056578064,박원장의 슬기로운 정보톡톡,20200810,0,6,0,0,6,False
온라인 강의 수익 후기,강의,석고방향제diy 수익창출이 목표라면!,"플리마켓, 온라인판매처럼 여러 방향으로 수익창출을 할 수 있어서 확장하기도 좋은 아이템이었어요 이런 구조를 보니까 나도 석고방향제diy로 시작해볼 수 있겠다 싶어 목표를 가지고 도전했어요 강의는 실제...",https://blog.naver.com/kghic67/224168667032,람쥐씨의 알뜰살뜰 일상이야기,20260202,0,4,0,0,4,False
온라인 강의 수익 후기,블로그,"수익을 부르는 블로그 ""머니블"" 14기 - 마케터C님 강의 후기","블로그를 본격적으로 해서 수익활르 만들고 싶은 제 마음에 ""머니블""이란 단어가 들어와서 콕! 박혔고, 곧바로 신청을 했습니다! 지금부터 강의 후기 시작합니다! 엄청난 변화의 시작! 기대해주세요!! 사실...",https://blog.naver.com/ik122/223057040600,책통클럽 에듀자이너의 교육공방,20230327,0,6,0,0,6,False
온라인 강의 수익 후기,강의,"4/12 내돈없이 월 1,000만원 수익내는 온라인마케팅 특강 후기","어쨋든 4월에 했던 수 많은 강의 중 월 1,000만원 수익내는 온라인마케팅 특강 후기를 포스팅하는 이유가 있어요. ^_________^ 함께 기억하고 싶고, 함께 나누고 싶은 이야기가 있어서입니다^^ 서울 시민청 지하 2층...",https://blog.naver.com/nmj012/220984918042,연재컴퍼니 마케팅 공식 블로그,20170417,0,4,0,0,4,False
배달 부업 후기,배달,"배민커넥트 한달 수입: 자전거, 전기 배달 부업 후기","부업 열풍이 언제부터 시작됐는지 갑자기 궁금해져서, 자려다가 말고 이곳저곳 뒤져봤었음.. 그중에서... 찐 후기 더해서 정리했으니까 이 글을 꼭 읽어보셈! [목차] 1. 배민 자전거 배달 준비물? 2. 직접 해보니...",https://blog.naver.com/shito/224081643167,펭도리,20251119,0,4,0,2,2,False
배달 부업 후기,배달,전기자전거 배달 부업 후기,전기자전거로 배달 부업 해 본 후기예요. 배달에 사용한 전기자전거 모델은 퀄리 엑스트론 시티S예요. 48V 19.6 Ah 배터리에 모터 출력은 500W짜리예요. 배달용으로 사용하기에 배터리와 출력은 충분했어요....,https://blog.naver.com/naveerblog/224199038432,마꼬꼬의 블로그,20260314,0,4,0,0,4,False
배달 부업 후기,배달,배달오토바이 리스 PCX125 화이트 출고 후기 부업 라이더의...,한 달 동안 PCX125 리스 이용 후기 이래서 사람들이 다 리스하는구나 저는 회사원이라 퇴근 후 2~3시간... ③ 배달 부업이 생각보다 더 수입이 괜찮음 약하게만 돌려도 한두 시간에 2~4만 원은 기본으로 벌립니다....,https://blog.naver.com/yminsub/224082775541,The process is everything,20251121,0,4,0,0,4,False
배달 부업 후기,배달,직장인 배달 부업 투잡 시작하는 방법과 현실적인 수익 후기...,"직장인 배달 부업 투잡 시작하는 방법과 현실적인 수익 후기 (배민 쿠팡이츠) 배달 투잡의 가장 큰 장점은 무엇보다 '자유로움'에 있습니다. 상사의 눈치를 볼 필요도 없고, 내가 원하는 날에 원하는 시간만큼만...",https://blog.naver.com/diehunt/224284924512,What ever you want,20260514,0,8,0,0,8,False
배달 부업 후기,배달,"배달대행 부업 하루 15만원 찍어도, 남는 돈이 적은 이유","결국 배달대행 부업은 인터넷 후기처럼 “쉽게 돈 버는 구조”와는 거리가 있다. 몸값, 시간값, 차량 가치, 사고 위험까지 모두 소모하는 노동에 가깝다. 그렇다고 무조건 나쁘다는 뜻은 아니다. 실제로 생활비...",https://blog.naver.com/editor_mumu/224282149141,에디터 김무무,20260511,0,4,0,0,4,False
배달 부업 후기,배달,배달 부업 시작! 약정·위약금... 영업폰 부담 제로 만든 후기,최근 퇴근 후 틈틈이 시간을 내 배달 부업을 시작하게 되었습니다. 배달 앱을 구동하고 고객과... 복잡한 서류 절차 없이 유심 하나로 해결한 만족스러운 후기를 지금부터 공유해 드릴게요. 1. 편의점에서 5분...,https://blog.naver.com/ntelecomarong/224285544768,아롱이선불폰| 태블릿 2860477,20260514,0,4,0,0,4,False
배달 부업 후기,배달,의정부 쿠팡이츠플러스 배달 부업 후기(꿀팁 포함),"쿠팡이츠플러스 배달 부업 후기｜초보가 해보고 느낀 현실 (꿀팁 포함) 요즘 부업 고민하다가 시작하게 된 게 바로 쿠팡이츠플러스 배달이에요. 처음에는 “이거 힘들기만 한 거 아냐?” 이 생각이었는데, 직접...",https://blog.naver.com/qkdrk214/224234023917,qkdrk214님의블로그,20260330,0,4,0,0,4,False
배달 부업 후기,배달,[배달부업] 출퇴근 왕복 3시간... 쿠팡 배민 배달 알바 한 달 후기,"오늘은 한 달간 전기자전거로 배달 부업을 하면서 총 얼마를 벌었는지, 그리고 자잘자잘한 꿀팁?보다는 평범한 직장인으로써 본업 외 부수입을 창출하며 느낀점에 대해 이야기 해보려 합니다. 한 달...",https://blog.naver.com/hwansmoment/224267341129,환쓰의 일상기록,20260428,0,6,0,0,6,False
배달 부업 후기,배달,배달 대신 할 부업? 대리운전 솔직 비교 후기,"가능하다는 후기가 있으며, 보험료, 수수료 등 부가적인 비용과 밤늦은 시간, 술자리 고객과의 상황 등 안전 문제도 함께 신중하게 따져봐야 합니다. ↓↓ 더 자세히보기 ↓↓ 대리운전, 배달 부업의 대안이 될 수...",https://blog.naver.com/byorans/224286044911,byorans님의 블로그,20260516,0,4,0,0,4,False
배달 부업 후기,배달,11월 중순 일요일 저녁 배달 부업 후기  1116,25년 11월 16일 일요일 저녁 주중 및 토요일에도 배달을 해보려고 했으나 미션이 3시간 동안 말도 안되는 수량이라 초반에 거절만 하다가 배달을 안했네요. 평일은 초반 30분 이상 콜사에 7시 40분 쯤...,https://blog.naver.com/tuning7wh/224080008572,반복된 일상.. .. ..,20251118,0,4,0,0,4,False
배달 부업 후기,배달,"쿠팡이츠 배민 배달 부업 한 달 해보고 느낀 점, 추천할 수 있을까?","배달 부업 한 달 후기, 솔직하게 전부 말씀드렸어요. 오늘 글이 시작을 고민하시는 분들께 현실적인 판단 기준이 됐으면 좋겠어요. 배달 부업을 시작하기로 결정하셨다면 가입 보너스 꼭 챙기시고 피크타임...",https://blog.naver.com/sulhyang92/224284338424,정보공유,20260513,0,4,0,2,2,False
배달 부업 후기,배달,전기자전거로 직접 해본 배민커넥트 배달 부업 후기｜요즘 이...,파트타임으로 배달하는 플랫폼입니다. ✔ 출퇴근 시간 없음 ✔ 원하는 시간에만 가능 ✔ 주말·저녁만 해도 됨 ✔ 회사 눈치 X 그래서 육아 때문에 풀타임은 어려운 사람 본업 끝나고 짧게 1~2시간 부업...,https://blog.naver.com/seob9825/224129194251,"정보, 아는게 힘!",20251231,0,4,0,0,4,False
배달 부업 후기,배달,배민커넥트 자동차 배달 부업 후기 (2시간 8만원 수입 인증),오늘은 제가 직접 뛰고 있는 배민커넥트 자동차 배달 후기를 들고 왔습니다. 직장 동료의 추천으로... 자동차로 배달하면 추위 걱정 없이 돈을 벌 수 있습니다. 지금이 바로 배민커넥트 자동차 부업을...,https://blog.naver.com/honeynews1004/224148247057,부업일기,20260116,0,4,0,2,2,False
배달 부업 후기,배달,3월 첫 평일 피부과 갔다가 배달하다 집으로 배달부업 후기,오늘 포스팅은 2시간 넘게 배달해서 올립니다~ 오늘은 조금 일찍퇴근하고 피부과로 가서 잡티제거... 2만원인데 배달지 가는길이 꽉 밀리는 곳이라 버리고... 그러다가 집방향 비마트콜 2배차 잡고 비마트...,https://blog.naver.com/tuning7wh/224204193971,반복된 일상.. .. ..,20260304,0,4,0,0,4,False
배달 부업 후기,배달,배달부업으로 월 420만 원 번 직장인 현실 후기 (월 679건 인증),"오늘은 실제로 배달 부업으로 월 420만 원을 벌어들인 어떤 직장인분의 현실적인 후기를 분석해서 전해드리려고 합니다. 월 420만 원 수익, 실제 데이터 공개 먼저 한 커뮤니티 유저의 실제 데이터부터...",https://blog.naver.com/oedaeri/224252626455,오이대리의 부(富)테크,20260415,0,6,0,0,6,False
배달 부업 후기,배달,배달 라이더 부업> 운동도 되고 용돈도 버는 도보배달 후기,"마무리 후기 도보배달은 다른 부업에 비해 “가볍게 움직이며 소소하게 돈 버는 일”에 가까운 느낌이다 생각보다 동네 구경하는 재미도 있고, 걷다 보면 은근 스트레스 해소도 되기도 한다 처음 부업...",https://blog.naver.com/chaehumjoa/224284570777,인생탐방 이새요,20260513,0,4,0,0,4,False
배달 부업 후기,배달,전기자전거 추천 배달 부업 필수 아이템 유로휠 EB20 후기,가성비 전기자전거 추천 배달 부업 필수 아이템 유로휠 EB20 후기 관련 주제로 이야기를 나눠보는 시간을 가져봤습니다. 요즘 길을 걷다 보면 전기자전거를 타고 다니는 분들을 손쉽게 볼 수 있는데 부업으로...,https://blog.naver.com/dltmdgns2525/223479666707,하루집사의 IT한마당,20240614,0,4,0,2,2,False
배달 부업 후기,배달,도보 배달 부업 후기: 쿠팡이츠 vs 배민 커넥트 수익 비교,"자전거를 활용하려고요!) 그럼, 내일은 쿠팡이츠 vs 배달의 민족 배달 어플을 비교해보도록 하겠습니다!! 배달 부업 고민 중인데 궁금한 점 있으시면 댓글 남겨주세요! 내일 비교 포스팅에 같이 녹여볼게요 :)",https://blog.naver.com/kbk1923/224197079002,Room 2009 : 다시 쓰는 30대 기록장,20260302,0,6,0,2,4,False
배달 부업 후기,배달,배달 부업으로 구입한 오토바이 스즈끼 스트리트버그만 125 1편,배달 부업 오토바이 스즈끼 스트리트버그만 125 고민고민 끝에 오토바이 하나를 더 구입하기로 했다.... 사실 버그만 스트리트 125의 구매후기를 보면 발판측에 검은색이 아닌 브라운 색 계열이나 촌스러웠는데...,https://blog.naver.com/chalk0801/224243656819,어반찍사의 먹거리,20260407,0,4,0,0,4,False
배달 부업 후기,배달,추천 사용 후기 - 직장인 출퇴근 & 투잡 부업 배달 수입 공개,"부업으로 분유값이나 조금 벌어보고자, 직장인 출퇴근 전기자전거로 쓰던 이 친구를 싹 닦고 배달용으로 세팅했습니다. 자, 그럼 기동성 폭발에 직장인 투잡까지 가능한 모토벨로 G8 전기자전거 사용 후기에...",https://blog.naver.com/alexander_na/224249153180,"일상을 담다,",20260413,0,6,0,2,4,False
배달 부업 후기,배달,4월 자동차 배달 부업 리얼후기,"자동차 배달 부업 라이더 2월에 처음 자동차로 배달 부업을 시작해 3월 한 달 열심히 뛰고 후기를 남겼는데요. 그로부터 시간이 좀 지나긴 했지만, 이제서야 4월 배달 부업 후기를 정리해봅니다....",https://blog.naver.com/jyoong1/223923039143,구미사진관 리얼베어스냅,20250705,0,4,0,0,4,False
배달 부업 후기,배달,[배달부업] 직장인의 배달... M1 배달용 전기자전거 구매 후기),"이전 포스팅에서 첫 배달 부업에 대한 전반적인 후기를 간단하게 남겨봤는데요 이번 포스팅부터 배달 부업을 준비하며 구매했던 물품들, 그리고 처음 배달을 하면서 겪었던 시행착오에 대해 차근차근...",https://blog.naver.com/hwansmoment/224247001762,환쓰의 일상기록,20260409,0,4,0,0,4,False
배달 부업 후기,배달,"투잡 부업 추천ㅣ카카오픽커 도보배달 장단점, 수익, 후기...","직장인 투잡 부업 추천ㅣ운동삼아 하기 좋은 도보배달 카카오픽커 후기 안녕하세요. 니꾸입니다. 직장인 분들이나 경단 여성, 육아맘 분들 중에 한번쯤은 아소일거리 없나? 가벼운 부업 없을까? 배달 한 번...",https://blog.naver.com/asddqwert/224268132675,저니꾸왈드,20260428,0,8,0,2,6,False
배달 부업 후기,배달,콜없는 비수기 월요일 배달 부업 후기 1020,덥 배달하고 마감합니다. 콜 단가가 별로라 장거리는 거절하고 길바닥 대기시간 늘어나고... 70만원 2시간 50분 [ 17:50~20:40 ] 배달 건수 : 13건 시간당 배달 건수 : 4.58건 주행거리 : xx.x km 건당 거리 : x.xx km...,https://blog.naver.com/tuning7wh/224048615166,반복된 일상.. .. ..,20251021,0,4,0,0,4,False
배달 부업 후기,배달,도보 배달로 부업 가능? 배민 쿠팡이츠 직접 비교 후기,배민 쿠팡이츠 직접 비교 후기 안녕하세요!  오늘은 도보 배달로 부업이 진짜 가능한지 배민커넥트와 쿠팡이츠를 직접 비교해서 알려드릴게요. 오토바이도 자전거도 없이 맨몸으로 배달 부업이...,https://blog.naver.com/mskcuteeee/224285209570,이것저것,20260514,0,4,0,2,2,False
배달 부업 후기,배달,도보배달 부업 후기 : 하루 1시간 도보배달로 얼마나 벌 수...,"본 글은 7주정도 도보배달 부업을 하면서 개인적으로 느낀 점을 전달드리기 위해서 작성한... 본 후기는 개인적인 경험에 따른 리뷰로, 배달지역에 따라 배차빈도나 수수료가 다를 수 있습니다. 1)...",https://blog.naver.com/sjsjsj890/223724419834,피자의 경제일기,20250113,0,4,0,0,4,False
배달 부업 후기,배달,쿠팡이츠배달파트너 자동차 배달 부업 후기 - 소고기 사 먹자!...,오늘 소개해 드릴 부업은 바로 쿠팡 이츠 배달인데요! 저에게는 오토바이는 한 번도 타보지 않아서 위험하기도 하고 부담스럽기도 해서 저는 차로 했습니다. 일단 친구초대 이벤트 검색으로 들어오신 분들은...,https://blog.naver.com/sssss2926/223463994908,Jerry's blog,20240530,0,4,0,0,4,False
배달 부업 후기,유튜브,{자차로 배민커넥트 부업} 배달 부업 솔직후기 수입인증,"배달 부업 후기 올해 4월 부터 유튜브를 보다가 배달부업 브이로그를 보고, 지금까지 배달 부업하고 있는 후기 남겨보겠습니다! 누구나 진입장벽이 낮게 할 수 있는 부업이라고 생각 합니다. . . :: 시작 하는...",https://blog.naver.com/heojoohee8504/224073643322,단미의 하루,20251112,0,6,0,0,6,False
배달 부업 후기,배달,"일반 자전거 배달 : 직장인 부업 한달 차, 현실 수익 후기 (천안)","내가 직접 한 달 동안 해보고 느낀 점, 현실 수익, 후기를 정리해 본다. 한 달 수익 : 일반 자전거 퇴근 후 부업 총 수익 : 381,280원 (세전) 배달 건 : 153건 건당 평균 단가 : 2,492원 km당 평균 단가 : 약 3,800원 지방...",https://blog.naver.com/raccoon0810/224237545237,너굴너굴,20260401,0,6,0,0,6,False
배달 부업 후기,배달,직장인 배달 부업 해본 후기 (카카오T 픽커 / 배민 /  쿠팡),"있는 부업이나 투잡 경험을 하나씩 기록해 보려고 합니다. 배달 부업 후기나 실제 수익 이야기, 그리고... 조금이나마 도움이 되었으면 좋겠습니다. #직장인부업 #배달부업 #직장인투잡 #카카오T픽커 #배민부업",https://blog.naver.com/secondjob7/224212946409,직장인 부업 연구소,20260312,0,8,0,0,8,False
배달 부업 후기,배달,배민커넥트 자동차 배달 부업 3시간 반 수입 찐 현실 후기,풀어내는 부업늘보입니다. 이번에는 제가 직접 경험한 배민커넥트 자동차 배달 부업 후기를... 300건 배달 -> 13만원 6. 부업늘보의 결론 오늘의 결론은 이겁니다. 금요일 + 비 오는 날 = 최고의 수입 타이밍...,https://blog.naver.com/ignorant_sloth/224015809163,늘보의 일상,20250921,0,4,0,0,4,False
배달 부업 후기,배달,[부업일기] 카카오T픽커 도보배달 | 올리브영 배송 알바 후기,아무도 안시켰는데 본격 사서 고생하는 부업일기 연재 시작~ 많이들 궁금해했던 카카오T픽커 도보배달 알바 후기 나간다 얍! 이번 블로그 포토덤프 챌린지에선 부업 일기>를 소재로 매주 새로운 부업에...,https://blog.naver.com/tata_blog/223584921505,tata daily log,20240915,0,6,0,2,4,False
배달 부업 후기,배달,전기자전거 배달 부업 후기,"저녁에 전기자전거로 배달을 해봤습니다 ㅎㅎ 사실 전기자전거 배달은 고양에 있을때부터 전역하면 부업으로 하려고 전기자전거랑 배달통 까지 다 구매해 놓고 ""배민커넥트"" 어플 다운받아서 안전동영상까지...",https://blog.naver.com/sleyer1/224089182862,교정캡틴 김교도의 슬기로운 깜빵생활 ♬,20251127,0,4,0,0,4,False
배달 부업 후기,배달,2026년 배달 부업 리얼 후기: 도보에서 자동차로 갈아탄 이유,2026년 배달 부업 리얼 후기: 도보에서 자동차로 갈아탄 이유 배달 부업을 도보로 시작해서 자동차로 바꾼 사람이 있다는 게 의아하게 들릴 수도 있어요. 보통은 자동차 유류비 때문에 자전거나 도보로 바꾸는...,https://blog.naver.com/mskcuteeee/224220397963,이것저것,20260318,0,4,0,0,4,False
배달 부업 후기,배달,♂️ 쿠팡이츠 배달 부업 후기,♂️ 쿠팡이츠 배달 부업 후기 하루 2~3시간으로 소확행 수익 만드는 방법 (친구추가 이벤트 포함!)... 쉽게시작하는부업 #부업후기 #배달대행부업 #쿠팡이츠리워드 #쿠팡이츠친구이벤트 #쿠팡부업수익...,https://blog.naver.com/ksm6112277/224096811414,어쩌다필요한것들,20251203,0,6,0,0,6,False
배달 부업 후기,배달,"쿠팡 이츠 배달파트너, 배민 커넥트 도보 배달 부업 일주일 후기","알고 배달하기 4. 차 조심하기 이거 4개를 지켜서 하면 건강과 돈을 한번에 가져오는 효자 부업이 될... 큰 도움이 될 것 같네요 지금까지 먹고보고 쿠팡이츠 배달파트너, 배민 커넥트 1주일 후기였습니다 땡큐!",https://blog.naver.com/vloblo/224212860588,먹보로그,20260311,0,4,0,0,4,False
배달 부업 후기,배달,걸으면서 용돈벌기 : 배민커넥트/쿠팡이츠 도보배달 부업 후기...,ㄹㅇ 배민커넥트 / 쿠팡이츠 배달파트너 / 카카오 T 픽커 도보 배달 후기 우선 본격적으로 도보배달 후기를 쓰기 전에 꼭 말해드리고 싶은건 큰 돈은 절대 안됩니다!!! 그냥 소소하게 용돈정도 벌 수 있어요...,https://blog.naver.com/haeeeeen/224205127297,핸의 도토리 수집함,20260305,0,4,0,0,4,False
배달 부업 후기,배달,쿠팡이츠 배달파트너 부업으로 추천할 수 있을까? 솔직 후기,솔직 후기 안녕하세요! 요즘 부업으로 쿠팡이츠 배달파트너를 고민하시는 분들이 정말 많아졌어요. 오늘은 직접 부업으로 해본 입장에서 추천할 수 있는지 없는지 솔직하게 얘기해 드릴게요! 부업으로...,https://blog.naver.com/mskcuteeee/224281559876,이것저것,20260511,0,4,0,2,2,False
배달 부업 후기,배달,3월 첫 우중배달 미션 없이 배달 부업 후기 305,"배달 단가도 비오는날 단가가 아닌데 ㅡ.ㅡ 퇴근하고 집에서 시간 보내다가 단가가 올라가 어플을 켜둡니다. 들어오는 배달료 처참하네요, 단가랑 안맞음.. 미션 들어 왔으면 모두 수락 했겠지만 미션...",https://blog.naver.com/tuning7wh/224206413396,반복된 일상.. .. ..,20260306,0,4,0,0,4,False
배달 부업 후기,배달,비오는 토요일 배달 투잡 부업 후기 906,"비 오는데도 없고 그러다가 콜이 들어왔는데 단건에 유배지, 배달료도 처참, 비 맞고 배달 하기에는 배달료가 너무 낮아 포기 합니다. 콜이 많기라도 하면 시작하겠는데.. 그렇게 집에 있다가 비...",https://blog.naver.com/tuning7wh/223998580480,반복된 일상.. .. ..,20250907,0,6,0,0,6,False
배달 부업 후기,배달,일요일 미션 풍년 쿠팡이츠 배달 부업 후기 914,25년 9월 14일 일요일 점심부터 저녁 토요일도 배달 하려고 했으나.. 허리가 너무 아파 패스합니다... 그렇게 배달료 2천원 대라도 계속 수락.. 미션의 힘입니다 날씨도 좋은 주말에 배달이라니.... 그렇게...,https://blog.naver.com/tuning7wh/224008293787,반복된 일상.. .. ..,20250915,0,4,0,0,4,False
배달 부업 후기,배달,쿠팡이츠 배달 파트너 부업 처음 정산 후기 첫 배달 보너스,쿠팡이츠 배달 파트너 부업 처음 정산 후기 (첫 배달 보너스) ⬆️⬆️⬆️ 첫 배달 후기 먼저 보기 ⬆️⬆️⬆️⬆️ 첫 정산금 보너스 첫 배달했던 1건 정산이 떴다. 일별 배달 수수료 3월 29일 1건 2...,https://blog.naver.com/pgtgonia/224238741347,텐텐빌리언,20260402,0,4,0,0,4,False
배달 부업 후기,배달,비오는 추석 배달 쿠팡이츠 부업 후기 1006,어느덧 50분에 지나고 일단 중심상가 쪽으로 가는데 갈만한 콜이 들어와 배달 시작!! 비가 많이 내리네요.. 오늘 같은 날은 앞단가와 뒷단가 차이를 보면서 배달을 해야합니다. 앞단가가 높으면 단거리...,https://blog.naver.com/tuning7wh/224033963967,반복된 일상.. .. ..,20251007,0,4,0,0,4,False
배달 부업 후기,배달,"직장인 배달 부업, 카카오T 픽커 거리 표시의 함정",앞으로도 카카오T 픽커를 하면서 느낀 점이나 작은 팁들을 이 블로그에 계속 기록해 보려고 합니다. #직장인부업 #카카오T픽커 #배달부업 #직장인투잡 #배달부업후기,https://blog.naver.com/secondjob7/224214344466,직장인 부업 연구소,20260313,0,8,0,0,8,False
배달 부업 후기,배달,직장인 부업 리얼후기｜배민·쿠팡이츠 전기자전거 배달로 번...,"첫주차 배달 수입 후기 직장인 배달 부업 후기! 배민, 쿠팡이츠 전기자전거로 배달로 번 수익 공개를... 저도 배달 나가기 싫었지만, 또 하나의 목표가 생겼기에, 전기자전거 페달을 돌렸습니다! 부업이지만...",https://blog.naver.com/curiousdaily7/223999359541,쓸모있고 돈 되는 정보 나라,20250908,0,6,0,0,6,False
배달 부업 후기,배달,부업알바로 추천하는 배달의... 어플 사용방법 및 후기,부업알바로 추천하는 '배민커넥트' 어플 후기 및 사용방법 안녕하세요 어진필름 입니다. 오늘은 제가 요즘에 하고 있는 부업으로 하기좋은 알바를 소개해 드리려고 합니다. 위에서도 보셨겠지만 배달의 민족...,https://blog.naver.com/pgs0853/223610829151,어진FILM필름 세상을 담다,20241008,0,4,0,2,2,False
배달 부업 후기,배달,일요일 저녁 배달부업 후기 1019,"저녁은 배달해야죠!! 초반은 운좋게 동네 픽업배달, 뒷콜도 가까운 곳~ 1시간 조금 넘게 배달하고 6건 완료~ 중간 중간 배민 장거리 배달료 급등해서 켜놨는데 들어오는 콜은... 단중거리에 3~6천원 이라...",https://blog.naver.com/tuning7wh/224047330060,반복된 일상.. .. ..,20251020,0,4,0,0,4,False
배달 부업 후기,배달,카카오 t 픽커 도보배달 부업 후기_지혜롭게 픽하기,우연히 부업 알바를 알아보다가 카카오 T 픽커를 알게 되었습니다 산책할 겸 도보로 소소하게 돈도 벌... CU건은 다시는 안 할거 같아요 너무 힘들었던 카카오 T 픽커 도보 배달 후기였습니다 ※오늘의 교훈 1....,https://blog.naver.com/umbeeny/223825782452,더 찬란해져라,20250408,0,4,0,0,4,False
배달 부업 후기,배달,시급 2만원 수준 | 배민 커넥트 자전거 배달 직장인 부업 후기,"배달 부업은 현재 내 부수입 중에서 가장 큰 비중을 차지하는 주 수입원이다. 현재 시각 00시 10분, 간단하게 배달 후기를 남기고 잠들려고 한다. 미션은 정말 사랑이다. 배민 커넥트를 하면서 가장 행복한...",https://blog.naver.com/raccoon0810/224222852581,너굴너굴,20260320,0,6,0,0,6,False
배달 부업 후기,배달,10월 첫주 쿠팡 배달 부업 후기 1002,"총수입 : 124,434원 쿠팡 : 85,574원, 배민 : 7,860 미션 : 쿠팡 1건 3.1만원 시간당 수입 : 4.14만원 3시간 00분 [ 17:45~21:15 ] 배달 건수 : 14건 (쿠팡 13건, 배민 1건) 시간당 배달 건수 : 4.66 건...",https://blog.naver.com/tuning7wh/224047554266,반복된 일상.. .. ..,20251020,0,4,0,0,4,False
배달 부업 후기,배달,"쿠팡이츠배달파트너_배달부업후기, 친구추천코드",최근 배달부업을 처음 시작해보았는데요. 바로 쿠팡이츠배달파트너입니다! 친구 초대코드 : 4VBQ6C6K 친구 초대코드 입력 시 만원 보너스 받을 수 있어요 ✨ 첫배달 완료시 2만원도 주니 첫배달만 하면...,https://blog.naver.com/jiniming7/224167359231,Happy 냥냥,20260201,0,4,0,2,2,False
배달 부업 후기,배달,[부업일기] 쿠팡이츠 배달파트너 부업 후기 3번째...,쿠팡이츠 배달 파트너 부업 후기 안녕하세요. 이로운입니다. 오늘은 쿠팡이츠 배달파트너 부업 3번째 후기인데요! 어느덧 3번쨰네요.. ㅋㅋㅋ 이게 첫번째였는데 시간 참 빨라.. ㅎ 2번째 떄 까지만 해도...,https://blog.naver.com/everyone323/224156293046,이 세상의 모든 이야기,20260122,0,4,0,0,4,False
배달 부업 후기,배달,쿠팡이츠 배민커넥트 배달 알바 4일차 배달 부업 후기 단가가...,쿠팡이츠 배민커넥트 배달 알바 배달 부업 후기 안녕하세요. 경제를 공부하는 아하하하입니다. 요새 배달 알바를 많이 하는 것도 아닌데 몸이 생각보다 많이 피곤하고 힘드네요. 당분간은 지금처럼 1~2시간만...,https://blog.naver.com/arms1428/223812503144,아하하하의 짠한 경제이야기,20250328,0,4,0,0,4,False
배달 부업 후기,배달,호주 워홀 #19 | 우버이츠 배달 부업 후기 - 브리즈번 전기...,우버이츠 배달을 시작한 것! 이 글은 우버이츠 드라이버 등록 절차가 아니라 (이미 유용한 블로그 포스팅들이 많음) 등록 이후 실제로 일해 본 경험에 대한 후기여유 제가 궁금해서 찾아봤을 때도 이런...,https://blog.naver.com/as_fire/224191613255,이해온 블로그,20260222,0,6,0,2,4,False
배달 부업 후기,배달,전기자전거 배달 부업 12월 후기: 배민커넥트 수입과...,"오랜만에 돌아온 전기자전거 배달 부업 후기. 12월은 송년회, 망년회 각종 행사가 많아서 띄엄띄엄하는... 그래도 추운 바람과 날씨지만 리프레쉬하는 느낌이 들긴합니다 :) 어제도 한 분이 배달 부업에 대해...",https://blog.naver.com/curiousdaily7/224114031188,쓸모있고 돈 되는 정보 나라,20251218,0,4,0,0,4,False
배달 부업 후기,배달,"쿠팡이츠 vs 배민커넥트 도보 배달 후기, 배달 부업 해본 썰..","몸빵 부업'이라고 하더라.  점심때나 저녁때 잠깐씩 생각날 때마다 했었는데, 한 달여의 배달 부업 후기... 배달 부업 시작하는 법 1. 배민커넥트, 쿠팡이츠 모두 일단 앱을 깐다. 2. 계정을 생성한 후 온라인 교육...",https://blog.naver.com/seoulhiker/222242194660,내우주,20210213,0,4,0,0,4,False
배달 부업 후기,배달,배민커넥트 배달 후기(직장인 부업),평소 걷는 걸 좋아하는 분 평소 산책하는 거 대신해서 배달 알바 하신다는 분들의 후기를 본 적 있어요. 부작용이 있다면 배달 아르바이트 시작 후부터 공짜 걸음이 싫어졌데요.  평소 부업에 관심이 있는...,https://blog.naver.com/ffff0102/222678563259,내 세상,20220321,0,4,0,0,4,False
배달 부업 후기,배달,쿠팡이츠 차량 배달 부업 체험 후기(초대코드: S6B87DOO),"운전하면서, 돈도 벌 수 있고 운동도 되는 좋은 부업 수단중에 하나라고 생각합니다. 차량으로 배달하... 이상으로 쿠팡이츠배달 부업 후기를 마칩니다. 이번 포스팅이 차량으로 배달하려고 준비하시는 분께...",https://blog.naver.com/haku369/223211300503,Beommy의 일상 이야기,20230914,0,4,0,0,4,False
배달 부업 후기,배달,[부업 후기] 취미 삼아 시작한... 스쿠터 배달 알바 한 달 솔직...,10월 한 달 동안 취미 삼아 시작해 본 '스쿠터 배달 부업' 후기를 들고 왔습니다. 저는 쿠팡이츠 파트너스와 배민커넥트 두 플랫폼을 모두 경험했는데요. 스쿠터나 전기자전거만 있다면 누구나 쉽게 시작할 수...,https://blog.naver.com/kodb17/224086041180,Mr. KDB 블로그,20251124,0,4,0,0,4,False
배달 부업 후기,배달,쿠팡이츠 배달파트너 부업 알바 솔직한 후기,"고작 하루 해봤지만 나름 느낀점이 있었기에 쿠팡이츠 배달파트너 솔직 후기를 작성해 보겠습니다.... 그래서, 쿠팡이츠 배달파트너 부업 또는 알바 개념으로 할만한가요? 운전에 익숙하고, 자신이 거주하는...",https://blog.naver.com/coant/223721036227,노게임,20250110,0,4,0,0,4,False
배달 부업 후기,배달,[부업일기] MBN 매일아침 방송출연기 (도보배달부업 비하인드),"텔레비전에 내가 나왔으면~ 정말 좋겠네~ 정말 좋겠네~ 이제 하다하다 별 부업후기를 다 올리죠?... 내가 방송에 출연할 수 있게된 계기는, 작년에 썼던 배달> 포스팅 공이 컸다. 요즘 내...",https://blog.naver.com/tata_blog/223923733551,tata daily log,20250706,0,4,0,0,4,False
배달 부업 후기,배달,"[팩트체크] 배달 부업 전기자전거, 진짜 돈 될까? 봄맞이 알바...","흩어진 배달 부업 후기 1,400여 건을 싹 다 긁어모아봤습니다. 데이터로 전기자전거 배달 부업의 진짜... 다가온다는 후기가 많아요. 난이도가 'easy'라고 표현되기도 하지만, 실제 경험자들은 'medium'에 가깝다고...",https://blog.naver.com/njob_checker/224225521186,부업 팩트체커,20260322,0,4,0,0,4,False
배달 부업 후기,배달,전기자전거 배달 부업 후기｜배민 10건 미션 2만원 실제 해보니,1시간 25분 8건 전기자전거 배달 현실 3월이면 이제 봄이라고 생각했습니다. 그래서 전기자전거에... 그날 저는 오랜만에 배민 10건 미션 2만원을 보고 배달을 켰습니다. 간만에 배민 배달을 켜게 된 이유...,https://blog.naver.com/manmul6232/224215027822,Daily템이야기,20260314,0,4,0,0,4,False
배달 부업 후기,배달,"[직장인 부업] 쿠팡이츠, 배민 도보 배달 수입 공개 및 후기...",최근에 돈을 많이 써서 어떻게 할까 고민하다가 찾은 도보 배달부업! 실제로 많은 직장인 분들이 시간날때 배달을 한다길래 나도 궁금해서 쿠팡이츠와 배달의민족 도보 배달에 도전해 보았다 나는 오늘 3/2...,https://blog.naver.com/yeun0319/224201676996,사회초년생의 우당탕탕 이야기,20260302,0,4,0,2,2,False
배달 부업 후기,배달,쿠팡이츠 배민커넥트 배달 알바 3일차 배달 부업 후기 오늘은...,쿠팡이츠 배민커넥트 배달 알바 배달 부업 후기 안녕하세요. 경제를 공부하는 아하하하입니다. 오늘은 늦잠을 자버리는 바람에 씻고 옷을 갈아입고 나갔습니다. 1시간이라도 하면서 운동도 하고 기름값이라도...,https://blog.naver.com/arms1428/223811251647,아하하하의 짠한 경제이야기,20250327,0,4,0,0,4,False
배달 부업 후기,배달,차량 배달 부업 실제 후기 및 수익 정산 엑셀,후기 고민 끝에 시작했던 배달 부업인데요 처음에는 마음도 급하고 주차는 어디다 해야 하지? 걱정도 많았지만 안전 우선으로 차분히 라디오 들으면서 차가 막히지 않는 시간대를 최대한 이용해서 배달을 하니...,https://blog.naver.com/choseulgi21/224117008882,조군 님의 블로그,20251221,0,6,0,0,6,False
배달 부업 후기,배달,배민커넥트 부업 후기 직장인 투잡 배달 알바 월수입 현실...,배민커넥트 부업 후기 직장인 투잡 배달 알바 월수입 현실 공개합니다 배달 부업을 시작하기 전에 인터넷을 열심히 찾아봤는데 막상 현실적인 후기는 찾기가 쉽지 않더라고요. 과장된 수익 글이나 너무...,https://blog.naver.com/mskcuteeee/224210775924,이것저것,20260310,0,8,0,0,8,False
배달 부업 후기,배달,[직장인 배달 부업] 직장인 쿠팡이츠 첫 배달 부업 후기 (다음날...,쿠팡이츠 후기 드디어 쓰게 되었네요! 평일에는 본업이 바빠서 배달은 못 했고 (다음날 몸살 날까봐... 우선 저는 배달 부업을 시작하게 된 이유가 확실한 수익처를 만들기 위해서였습니다. 지금까지 AI 자동화...,https://blog.naver.com/1_bestone/223772360822,프로도전러,20250301,0,6,0,0,6,False
배달 부업 후기,배달,부업 도보배달60(도보알바) 한달 체험 및 출금 후기,"지금까지 말씀드린 내용이 여러모로 쉽게 참여할 수 있는 부업을 찾는 분들께 조금이나마 도움이 되는 정보였길 바라며, 이상 도보배달60 한달 참여후기였습니다. :) #부업 #도보배달60 #도보알바",https://blog.naver.com/kastro83/222024318949,티엔의 수익실험실,20200708,0,4,0,0,4,False
배달 부업 후기,배달,일요일 저녁 3시간 배달 수익 공개 (직장인 부업 현실 후기),한다” 이거였습니다 직장인 부업 기준으로는  짧게 시간 활용하기 좋은 구조라고 느꼈습니다 다만  무리하게 하기보다는 내 페이스 유지가 중요합니다 #배달수익 #배달후기 #직장인부업 #배민커넥트 #쿠팡이츠,https://blog.naver.com/secondjob7/224241313421,직장인 부업 연구소,20260405,0,6,0,0,6,False
배달 부업 후기,배달,배달 전기자전거 렌탈 구매 후기 추천 부업 시작 1일차,제가 배달 전기자전거로 선택한 제품 후기와 배달 부업 1일차 후기 함께 포스팅해 볼게요. 전문 배달을 할 것은 아니니 너무 고가의 제품은 부담이 있는 상황이었습니다. 렌탈엔 이자가 붙다 보니 확실히...,https://blog.naver.com/experbasis/223840110663,나의 창업성공기,20250420,0,4,0,2,2,False
배달 부업 후기,배달,쿠팡 이츠 배민 커넥트 도보 배달 부업 후기 1일차,"새로운 시작을 결심한 1일차 오늘 시도해 본 새로운 현금 흐름 파이프라인이자, 부업은 바로 배달이다.... 내일 혹은 그다음 날 도보 배달 2차 후기로 다시 찾아오겠습니다. 참고로 다가오는 토요일 새벽과...",https://blog.naver.com/cccchaos/223614445120,밑바닥에서 다시 시작,20241011,0,4,0,0,4,False
배달 부업 후기,배달,자전거로 배달 뛰면서 운동도... 배민커넥트 자전거 부업 후기,"자전거로 배달 뛰면서 운동도 하고 주급도 챙겨요, 쿠팡이츠 배민커넥트 자전거 부업 후기 헬스장 끊을 돈 아끼면서 운동도 하고 돈도 버는 방법이 없을까 고민하다가 자전거 배달을 시작했어요. 처음에는...",https://blog.naver.com/mskcuteeee/224220395896,이것저것,20260318,0,4,0,0,4,False
배달 부업 후기,배달,일상 | 쿠팡이츠 배달파트너 부업 후기,"어려울 것 같아서 배달 부업은 미루고 미뤄왔었는데, 생각보다 간단했했어요! 쿠팡이츠 배달 파드너 앱 하는 방법은 완전 간단! 1. 쿠팡이츠 배달 프트나 앱을 깐다. 2. 가입 절차를 밟아준다. 3. 2시간 정도의...",https://blog.naver.com/sunwoo525/224092982108,나의 수첩,20251130,0,4,0,0,4,False
배달 부업 후기,배달,자전거배달하면 한달 얼마벌까? 배달부업 수익 157만원 후기인증,"요즘 자전거배달부업에 찌들어 사는 하루종일 일만하는남자 어쩌다집돌이입니다. 우선 이번 11월달 겨울철 자전거배달은 한달 하루도 쉬지않고 매일 부업을 했고, 10월달 20일날 마지막 휴무를 갖고 41일째...",https://blog.naver.com/daegu_doll/224093618054,어쩌다 집돌이,20251201,0,6,0,0,6,False
배달 부업 후기,배달,내돈내산 배달부업 찐 후기,일단 저는 20대 초반 청년이고 군 제대를 하고 여러 일을 하다가 배달 부업을 시작하게 되었는데요! 정말 개꿀입니다.(진짜) 전 당근마켓에서 “ 모토벨로 a30 ”이라는 모델의 전기스쿠터를 구매 해서...,https://blog.naver.com/mogul_rae0/224080006902,끝까지 달린다.,20251118,0,4,0,0,4,False
배달 부업 후기,배달,쿠팡잇츠 배달파트너 자동차 배달 부업 후기 첫 배달 이벤트,자동차 배달 부업에 대한 개인적 후기/소감 1. 조급함이 생긴다 평소에 자동차 운전을 느긋하게 하는 편인데 배정이 되면 빠르게 배달해야겠다는 이상한 사명감이 생기면서 마음이 급해지더라구요. 안전에...,https://blog.naver.com/zhaozhenlai/223797540764,등잔밑의반딧불,20250316,0,4,0,0,4,False
배달 부업 후기,배달,전기 자전거 배달 부업 후기 _ 2달 간 배달 수입 공개와 꿀팁,배달 부업을 한 지 어느 새 2달이 지났습니다. 처음에는 자동차를 가지고 용돈 벌이겸 시작한 것이 전기 자전거 구매로 이어지게 될 줄은 저희 부부 둘다 몰랐습니다. 지금 그래서 만족 하느냐? 하면 대만족!?!?...,https://blog.naver.com/bob_sangdori/223607272837,리뷰하는 상돌이,20241004,0,4,0,0,4,False
배달 부업 후기,배달,간단 부업 알바 쿠팡이츠 배달 후기,사진만 찍어 놓고 올리지 않았었어요ㅎㅎ 요새도 시간 있으면 퇴근길에 하는 배달부업인데요. 차나 오토바이 없이 도보로도 가능해서 누구나 할 수 있어요. 한 번 보시죵. 부업 쿠팡이츠배달 일단 쿠팡이츠...,https://blog.naver.com/dkrakeorn12/223813487416,$원도의 슬기로운 생활$,20250328,0,4,0,0,4,False
배달 부업 후기,배달,"배민커넥트 전기자전거 배달, 직장인 2년차 부업 후기","전기자전거 배달은 저에게 최고의 부업이 되었어요. 기본 배달료에 미션 보너스까지 얹어지면, 본업의 시급을 훌쩍 뛰어넘을 때도 많거든요. 덕분에 팍팍했던 외벌이 가정에 숨통이 확 트였어요....",https://blog.naver.com/car-delivery1004/224211013616,"부업아빠, 배달로 일어서다",20260310,0,4,0,0,4,False
배달 부업 후기,배달,[배민커넥트] 직장인 자동차 배달 부업 후기,부업늘보입니다. 어제도 저는 퇴근후 2시간정도의 자동차 배달을 했습니다. 확실히 첫날보단 여유롭게 속도감있게 배달을 했네요. 첫날에는 아무것도 모르고 그냥 해보자 마인드로 하다보니... 배민마트...,https://blog.naver.com/ignorant_sloth/223998608905,늘보의 일상,20250907,0,4,0,0,4,False
배달 부업 후기,배달,배달의민족 배민커넥터 쿠팡이츠: 첫 배달 직장인 부업 수입 후기,배달 일기 >> 2.5시간 쿠팡잇츠 2건 배민커넥터 8건 총 10건 & 2.5만원 (시급 1만원) 배달 부업을 하고 있는 친구가 한 명 있습니다. 그 친구는 스쿠터를 타고 배달을 다니는데요. 항상 하는 소리가...,https://blog.naver.com/4myrealdream/224046132437,성공을 담다,20251019,0,4,0,0,4,False
배달 부업 후기,배달,"임실·해남 배달 오토바이 리스 후기, 부업으로 시작했는데...",포함이라 초보도 부담 없이 시작할 수 있는 구조 “나도 해볼까” 고민 중이면 생각보다 진입 장벽 낮다는 거 직접 해보면 체감되는 부분 #배달부업 #오토바이리스후기 #지방배달 #초보라이더 #제임스드림센터,https://blog.naver.com/btc1000_/224250383641,btc1000_님의 블로그,20260413,0,4,0,0,4,False
배달 부업 후기,배달,"퇴근후, 전기자전거 배달부업으로 한달동안 100만원 번 후기",이상 전기자전거로 배달부업을 한 후기였는데요. 저도 정말 경제적으로 자유로워지고 싶은사람이라..... 저말고 또 저같은분들이 또 있을거라고 생각이 들어서 배달부업 후기를 남기게 되었습니다....,https://blog.naver.com/effort92_/223568995667,깜추블로그,20240902,0,4,0,0,4,False
배달 부업 후기,배달,"자차로 배달 부업 뛰어봤습니다, 수입이랑 현실 솔직하게...","자차로 배달 부업 뛰어봤습니다, 수입이랑 현실 솔직하게 털어놓을게요 오토바이 없이 자차로도 배달 부업이 된다는 걸 알고 나서 바로 시작해봤어요. 주변에 자차 배달 후기가 생각보다 많지 않아서 직접...",https://blog.naver.com/sulhyang92/224210784345,정보공유,20260310,0,4,0,0,4,False
배달 부업 후기,배달,직장인 부업 리얼후기｜배민·쿠팡이츠 전기자전거 배달로 번...,"이 포스팅은 네이버 쇼핑 커넥트 활동의 일환으로, 판매 발생 시 수수료를 제공받습니다 오늘의 배달 전기자전거 수입은 과연? 직장인 부업 리얼후기 배민라이더, 쿠팡이츠 전기자전거로 배달한 오늘 9월...",https://blog.naver.com/curiousdaily7/223992872074,쓸모있고 돈 되는 정보 나라,20250902,0,4,0,0,4,False
배달 부업 후기,배달,주말 배민커넥트 배달 부업후기,단 몇시간이라도 배달부업을 한번 해봐야겠다고 생각하고 바로 배달 전선에 뛰어들었다... 배달부업을 할수있는 대중적인 업체는.... 배달의 민족과 쿠팡이츠가 있다.... 먼저 해야할 일은...1) 배달 라이더...,https://blog.naver.com/ykgkj230/222807514536,숨뭉이의하루❤,20220711,0,4,0,0,4,False
배달 부업 후기,배달,쿠팡이츠 배달파트너 정산 후기 하루 30분 부업,"하루 30분씩 하는 배달 부업 쿠팡 이츠 배달 파트너 4월 후기와 수익은 '하루 30분씩 하는 부업'이라고 할 수 있겠다. 배달을 많이 안 하기도 했고, 비수기 영향도 있어서 수익이 그렇게 크지는 않다. 첫째주...",https://blog.naver.com/jurine8/223432456953,이것저것 다 해 보는 블로그,20240430,0,6,0,0,6,False
배달 부업 후기,배달,쿠팡이츠 도보배달 부업 후기 | 똑같이 일하고 더 버는 깨알 팁...,"오늘로 쿠팡이츠 도보배달 3주차! 기특하다 나 자신… 주당 적게는 4만 원, 많게는 12만 원까지 벌었고 실제 정산 내역과 직접 느낀 꿀팁을 공유하려 한다. 1. 시작한 이유 부업인 만큼 큰돈을 벌기보다는...",https://blog.naver.com/le_suhhhh/223992155736,취향 속 일상,20250902,0,4,0,0,4,False
배달 부업 후기,배달,"2주차 배달부업 후기...(배민,쿠팡)",배달부업 2주차.... 두번째 배달부업 전선에 다시 뛰어 들었다~ 이젠 경험이 좀 있는터라.... 어느정도 감을 익히고 더 많은 시간을 투자해보기로 하고 배달의민족과 쿠팡이츠 배달부업을 하였다 토요일에는...,https://blog.naver.com/ykgkj230/222820910376,숨뭉이의하루❤,20220720,0,6,0,0,6,False
배달 부업 후기,배달,"쿠팡이츠, 배민커넥터 부업후기, 5~13일차","쿠팡이츠, 배민커넥터 자동차배달 부업후기 5~13일차 이야기를 해볼까 합니다! ⏰ 5일차 배달... 순수 배달 수입 부업 후기 2월 중순부터 시작해서 2월말까지 시간 있을때마다 부업을 한것 같다....",https://blog.naver.com/jyoong1/223785066917,구미사진관 리얼베어스냅,20250305,0,4,0,0,4,False
배달 부업 후기,배달,"쿠팡이츠, 배민 배달부업 5일차 수익 후기 | 다쳐서 응급실 간 썰",배달 부업 시작한 지 이제 겨우 5일째... 고작 5일 만에 이런 어이없는 사고를 당할 줄은 정말 꿈에도... 다음 이야기는 산재보험 신청후기 이야기 해보겠습니다. 같이 보면 좋은 이야기 배달하면서 겪은 황당한...,https://blog.naver.com/justdoeat3/224164611651,배봉이의 인생이야기,20260129,0,6,0,0,6,False
배달 부업 후기,배달,"배민커넥트, 쿠팡이츠 도보와 자전거 배달 직장인 부업 후기...","평일에는 회사 퇴근 후, 주말에는 점심&저녁 피크 타임 시간 중심으로 배민커넥트와 쿠팡이츠 배달 부업을 하고 있어요. 본업이 따로 있다 보니 몸 컨디션에 따라 내가 하고 싶을 때만 배달을 하고 있답니다!...",https://blog.naver.com/diawlk/222480017830,소소한 브이로그,20210822,0,4,0,0,4,False
배달 부업 후기,배달,"배달알바 단기부업 후기! 경기(남양주,수원광교,시흥,용인수지)",배달알바 단기부업 후기! 궁금하셨죠? 요즘 부업이나 투잡으로 배달알바 시작하시는 분들이 많으신 거 아시나요? 퇴근 후 짧은 시간 동안 할 수 있는 부업을 찾다가 부릉프렌즈를 알게 되신 분들도 많답니다....,https://blog.naver.com/vroongfriends/224067011040,"부릉프렌즈, 우리동네 배달알바 시작!",20251106,0,6,0,2,4,False
배달 부업 후기,배달,배민 도보 배달 부업 배달파트너 단가는 어느정도? 전기자전거...,"159만원 ^^ 이거,, 부업으로,,, 원금회수 언제해요 ? ㅋ EQ는 157cm의 키인 내가 타고 내리기에 엄~~ 청... 전기자전거 플렉스 하러 갑니다 다음에는 전자 배달 후기로 돌아오겠샴 쿠팡이츠 초대 코드 PONFMX8Q...",https://blog.naver.com/cnk221/224252857696,육아 & 다이어트 & 일상,20260415,0,4,0,0,4,False
배달 부업 후기,배달,쿠팡이츠 배민커넥트 배달 알바 2일차 배달 부업 후기,"쿠팡이츠 배민커넥트 2일차 후기 적어봅니다. 도보,킥보드,자전거,오토바이,자동차 원하시는 수단으로 배달을 할 수 있는데 첫 배달을 시작하시는 분은 초대 코드를 기입하시면 서로 보너스를 받아요....",https://blog.naver.com/arms1428/223808736476,아하하하의 짠한 경제이야기,20250325,0,4,0,0,4,False
배달 부업 후기,배달,쿠팡이츠 배달파트너 친구코드 자동차 배달 부업 수익 후기 꿀팁,쿠팡이츠 배달파트너 자동차 배달 부업 수익 후기 친구코드 / 꿀팁 배달 전 회원가입 초대코드 쿠팡이츠 배달파트너 처음 이시라면??? 회원가입과 안전교육을 이수한 후 배달을 시작할 수 있는대요 !!! 가입을...,https://blog.naver.com/llkiss117ll/223734812911,ෆ행하로그 : 행복한 하루 기록ෆ,20250122,0,6,0,0,6,False
배달 부업 후기,배달,[투잡 부업]디버 퀵 배달 부업으로 할만할까? 수익과 후기,특히 요즘은 차량으로 배달을 하는 배민이나 쿠팡이츠로 부업러들이 대거 유입이 되었습니다.... 몇년이 지났는데도 디버 후기 등으로 검색하셔서 방문하는걸 보고나니 최근의 디버는 어떤지 문득...,https://blog.naver.com/maewoldang/224058309696,보험을보다,20251030,0,8,0,0,8,False
배달 부업 후기,배달,자전거배달부업 9월 첫달 한달 상세한 후기. 112만원...,""" 첫 배달 한달수익인증 후기 시작할게요! 제가 사용하는 전기자전거 기종은 500w 36v 10Ah 20인치 미니 가성비배달 전기자전거인데, 비슷한 스펙으로 더 저렴한 제품이 있어서 부업을 하실때 참고하시라고...",https://blog.naver.com/daegu_doll/224031561183,어쩌다 집돌이,20251004,0,6,0,0,6,False
배달 부업 후기,배달,새벽 2시간 자동차 배달 부업 후기 (배민커넥트 & 쿠팡이츠 배달...,"이 5가지가 충족되는 이상, 저는 매일 배달 부업합니다! 여러분도 고물가의 어려운 시기에 큰 힘이 되시길 바랄게요.^^ 참참참, 배민커넥트와 쿠팡이츠 배달파트너 가입 하실 분들은 아래 추천코드...",https://blog.naver.com/car-delivery1004/223866888353,"부업아빠, 배달로 일어서다",20250515,0,4,0,2,2,False
배달 부업 후기,배달,직장인 부업 리얼후기｜배민·쿠팡이츠 전기자전거 배달로 번...,"이 포스팅은 네이버 쇼핑 커넥트 활동의 일환으로, 판매 발생 시 수수료를 제공받습니다 비를 맞고 우중 배달 직장인 부업 리얼 후기 배민, 쿠팡이츠 전기자전거 배달로 번 수익 공개 9월 9일 내용이에요...",https://blog.naver.com/curiousdaily7/224001809889,쓸모있고 돈 되는 정보 나라,20250909,0,6,0,0,6,False
배달 부업 후기,배달,쿠팡이츠 배달파트너 자동차 배달 부업 후기 (+초대코드 혜택),"벌써 2년차 배달 부업러가 되었네요.  가입 조건도 없습니다. 면접도 없고, 경력도 필요 없고, 만19세 이상이면 누구나 OK! 그냥 앱 가입하고 온라인 안전교육 2시간 들으면 바로 배달 가능! 그래서 저 같은 40대...",https://blog.naver.com/honeynews1004/224093185241,부업일기,20251130,0,4,0,0,4,False
배달 부업 후기,배달,비오는날 배달 알바 쿠팡이츠 부업 후기 역대급 배달료 갱신 916,비 오니 콜이 많나 보네요 3건 배달하고 뒷콜로 2배차 받았는데 픽업하니 또 1배차가 붙어 3배차 완성!! 배달기사가 정말 없나 보네요 이때 꺼지만 해도 비가 약하게 날렸는데.. 사진 찍고 신호 바뀌니...,https://blog.naver.com/tuning7wh/224011210578,반복된 일상.. .. ..,20250917,0,4,0,0,4,False
배달 부업 후기,배달,"전기자전거 배달 부업으로 실제 수입,후기","전기자전거 배달 부업으로 실제 수입,후기 안녕하세요! 전기자전거로 배달을 6개월간 해본 솔직한 후기를 공유해볼게요. 일반 자전거와 비교도 하고, 실제 수익과 장단점까지 모두 알려드릴게요. 전기자전거...",https://blog.naver.com/mskcuteeee/224200947620,이것저것,20260302,0,6,0,0,6,False
배달 부업 후기,배달,"쿠팡이츠 배달파트너스 도보배달 후기(부업,알바,투잡...",가방은 일반형과 확장형 중 고민을 했는데 여러 배달 후기를 보니 생각보다 피자 배달이 많고 일단 가방은 크고 봐야한다는 의견들이 많아 확장형을 사기로 했고 확장 지퍼를 열면 피자까지 들어간다는...,https://blog.naver.com/hmtrader/224248820963,잘 놀다 갑니다,20260411,0,6,0,0,6,False
배달 부업 후기,배달,쿠팡이츠 배달파트너 자동차 배달 1시간 3만원 퇴근 후 부업 후기,"자동차 배달 부업을 하고 있습니다. 정해진 출퇴근도 없고, 딱 1시간만 움직여도 몸도 가벼워지고... 오늘의 배달 후기 (10월 17일 금요일) 퇴근하고 저녁을 먹은 뒤 가볍게 드라이브 겸 자동차 배달을...",https://blog.naver.com/car-delivery1004/224047668918,"부업아빠, 배달로 일어서다",20251020,0,4,0,0,4,False
배달 부업 후기,배달,배민커넥트 자동차 배달 한달 후기 (배달 부업 추천)✌,후기입니다... 투잡알바로 재미있게 일했어서 추천하고자 올렸습니다 요즘 아주 갓생을 사는듯 뿌듯하게 살고있는데 그것은 바로바로 본업 퇴근 후 부업 출근하기~~~! 코로나 이후 급격히 떠오른 배달시장...,https://blog.naver.com/s00vit/223886273946,수수하게 빛나는 수빛로그,20250602,0,6,0,2,4,False
배달 부업 후기,배달,배민커넥트 자동차 배달 부업 4시간 10만원 수입 후기,"일요일 저녁, 커피 한 잔 들고 자동차 배달 부업을 나갑니다. 바닐라라떼 한 잔이면, ‘일’이 아니라... 제 블로그 카테고리에 • 배달앱 가입 이벤트, 가입 방법 • 실전 첫배달 방법, 배달 수입과 후기...",https://blog.naver.com/car-delivery1004/224042671364,"부업아빠, 배달로 일어서다",20251016,0,6,0,0,6,False
배달 부업 후기,배달,"부업 첫 시작 (배민커넥트, 쿠팡이츠), 배달첫날후기 EP.1","중요하고 중요한 것, 배달부업 꼭 지켜내야 할 것! 배달일은 몸으로 해야 하니까 건강이 제일... 배달하시는 분들 모두 파이팅입니다.! 다음 이야기는 오후 타임 후기와 첫날 정산내역 이야기 해 보겠습니다....",https://blog.naver.com/justdoeat3/224120371215,배봉이의 인생이야기,20251223,0,4,0,0,4,False
배달 부업 후기,배달,부업 투잡 단가 및 배달 알바 부수입 만드는 방법 현실적 후기...,"겨울 부업 배달 알바 수익은 어느 정도일까 겨울 부업 투잡 단가 및 배달 알바 부수입 만드는 방법 현실적 후기 정리 배달 부업 수익은 활동 시간과 지역, 이동 수단에 따라 차이가 있습니다. 다만 일반적으로...",https://blog.naver.com/diehunt/224163825022,What ever you want,20260129,0,10,0,0,10,False
배달 부업 후기,배달,쿠팡이츠 배달파트너와 배민커넥트 부업 솔직 후기!(자동차...,"직장인이 쿠팡이츠 배달파트너를 부업 솔직한 후기를 공유해볼게요. 시작 방법부터 실제 수익, 본업과 병행하는 팁까지 모두 알려드릴게요. 쿠팡이츠를 부업으로 선택한 이유 본업 월급만으로는 저축하기...",https://blog.naver.com/mskcuteeee/224200954861,이것저것,20260302,0,6,0,0,6,False
배달 부업 후기,배달,의령에서 '생각대로' 배달 부업 도전기! 직장인 퇴근 후 짬짬이...,"오늘은 제가 최근 의령에서 시작한 '생각대로' 배달대행 부업 후기를 들려드리려고 합니다. ""의령 같은 소도시에서도 배달 부업이 돈이 될까?"" 고민하셨던 분들, 제 실제 경험담 보시고 힌트를 얻어 가세요!  왜...",https://blog.naver.com/sonnaichoong1/224170580167,손나이충의블로그,20260203,0,4,0,0,4,False
배달 부업 후기,배달,[직장인 부업] 트위지로 배달 후기 (배민커넥트편),잡았어요 배달 후기!!! 1. 배달일은 끊임없이 들어오니 급하게 위험하게 할 필요없음 2. B마트 배달은 단가가 저렴 (3-4천원 사이) 그런데 배달원의 공수가 많이 들어감... 3. 부업으로 하기에...,https://blog.naver.com/od_gani/223309533458,어디가니?,20240101,0,4,0,0,4,False
배달 부업 후기,배달,평일 야간배달 후기 쿠팡이츠 직장인 부업 918,25년 9월 18일 목요일 저녁 주급 들어왔어요 ㅎ 배달 너무 열심히 한거 같네요 5시30분 부터 12건... 픽업은 오래 안걸렸는데 평촌을 가로질러 계원대 가는데 ㅎㄷㄷ 2건 배달하는데 40분 소요... 오늘 미션...,https://blog.naver.com/tuning7wh/224013937345,반복된 일상.. .. ..,20250919,0,4,0,0,4,False
배달 부업 후기,배달,[후기] 쿠팡이츠 뚜벅이 배달 방법과 수익 | 직장인 부업 추천,요즘 친구가 회사 끝나고 부업으로 쿠팡이츠 배달 파트너 뚜벅이 배달을 시작했다고 해서 나도... 쿠팡이츠 가입 방법과 첫 배달 후기까지 아주 상세하게 작성했으니 처음 하시는 분들은 아래 방법대로 따라서...,https://blog.naver.com/ms_room/224028733792,독버섯의 세상살이,20251001,0,6,0,2,4,False
배달 부업 후기,배달,배달 부업 필수템 가방... 흔들림 방지 설치 팁 솔직 이용후기,배달 부업 시작할 때 가장 고민되는 게 뭐였는지 아세요? 바로 가방을 어떻게 안전하게 고정할까 하는... 오늘 제 후기가 배달 준비하시는 분들께 작은 도움이 되었음 해요. 가방 흔들림 방지 최고! 가성비...,https://blog.naver.com/trcheotomy82578/224124335334,언박싱마스터,20251227,0,4,0,0,4,False
배달 부업 후기,배달,"(쿠팡이츠, 배민)_자동차 배달 부업 시작한 후기","최근에 배달 부업을 시작하게 되었다 예전 옆집에 살던 이웃사촌이 부업으로 배달 알바를 하고 있었는데 생각보다 괜찮다는 말을 들었다 마침 아내가 육아휴직을 한 지 1년이 넘어갔고, 내가 부업을 하면 살림에...",https://blog.naver.com/zacchaeus0728/223715757179,근로자 전역날까지 전력 투자,20250106,0,4,0,0,4,False
배달 부업 후기,배달,"배달 부업 , 배달의민족 B마트 직접 느낀 솔직 후기","배달의민족 B마트, 직접 느낀 솔직 후기 처음 B마트 배달을 접했을 때 솔직히 좀 신기했다. 일반 음식 배달이 아니라 거의 물류센터 느낌이 강했기 때문이다. 엘리베이터를 타고 올라가서 들어가는 구조부터가...",https://blog.naver.com/callmemoney-/224230846204,돈이 나를 부른다,20260326,0,4,0,0,4,False
배달 부업 후기,배달,[배달부업] 30대 직장인의 첫 배달 부업 리뷰 및 수익 공개,"블로그 첫 게시물로 어떤 글을 써볼까 생각해보다가, 요즘 하고 있는 배달 부업에 대한 후기를 남겨보고자 합니다. 본업을 하면서 남는 시간을 활용해 부수입을 벌어보자는 생각이 들었습니다....",https://blog.naver.com/hwansmoment/224243201508,환쓰의 일상기록,20260406,0,10,0,0,10,False
배달 부업 후기,배달,쿠팡이츠 배달 부업 첫 도전! 3시간 솔직 후기 (수입 공개),"틈틈이 부업을 고민만 하다가 드디어 실행에 옮긴 '오늘부터 배달러'입니다. 많은 분들이 궁금해하실 것 같아, 아무것도 모르는 '쌩초보'의 시선에서 경험한 3시간의 솔직한 후기를 공유해봅니다. 설렘 반 걱정...",https://blog.naver.com/ys_yang80/224031702442,독인세아,20251004,0,4,0,2,2,False
배달 부업 후기,배달,"배민커넥트 자전거 후기, 초보 배달러의 1개월 부업 후기와 꿀팁","블라인드에서도 배달 부업으로 쏠쏠하다는 이야기가 꽤 있더라고요. 초기비용도 거의 안들고, 시간 날 때 잠깐 나가서 뛰면 됩니다. 그리고 강남 같이 교통체증이 심하고, 주거와 업무 밀집 구역에서는 많은...",https://blog.naver.com/cwr7707/224109639004,직장탈출을 꿈꾸는 퇴사핑 재테크,20251214,0,6,0,0,6,False
배달 부업 후기,배달,"초사자, 배달 부업(알바) 후기","초사자입니다~ 오늘은 배달 부업 이야기를 해보겠습니다~ 배달은 1억 모으기 프로젝트의 중요한 소재가 될 아이템입니다ㅎㅎ 저는 퀵, 배민, 쿠팡이 아닌 배달대행사에 프리랜서 기사로 등록했고요 배달...",https://blog.naver.com/chosaja08/223852643732,그냥 사는거야 열심히,20250501,0,4,0,0,4,False
배달 부업 후기,배달,쿠팡이츠•배민 전기자전거 주말 부업 후기 | 전기자전거 배달...,"""이 포스팅은 네이버 쇼핑 커넥트 활동의 일환으로, 판매 발생 시 수수료를 제공받습니다."" ♂쿠팡·배민 전기자전거 주말 배달 후기｜리얼 수익 공개 전기자전거 배달 부업, 주말만으로 얼마나 벌 수...",https://blog.naver.com/manmul6232/224047664396,Daily템이야기,20251020,0,6,0,0,6,False
배달 부업 후기,배달,도보배달 부업 카카오티 픽커 해보기(feat.슈퍼워크),"후기를 보니 슈퍼에서 나오는 오더는 생수배달과 우유가 좀 있다고 하니, 걷는거 익숙치 않으신분들은... 도보배달 부업으로 생각하신다면 본인 스타일과 맞는지 보고 한번 해보세요~! 그럼 전 이만!",https://blog.naver.com/ppippi_c/223191815911,오키도키의 끄적 다이어리,20230823,0,4,0,0,4,False
배달 부업 후기,배달,[배민커넥트] 배민 자동차 배달 부업 평일 2시간 찐 현실 후기,배민커넥트 직장인 자동차 부업 평일 2시간 후기 안녕하세요. 오늘은 좀 느릿느릿했던 부업늘보입니다. 오늘도 제가 직접 발로 뛰고 경험한 배민 자동차 배달 부업 이야기를 들려드리겠습니다. 결론부터!...,https://blog.naver.com/ignorant_sloth/224004678617,늘보의 일상,20250912,0,4,0,0,4,False
배달 부업 후기,배달,배민커넥트 도보 배달 부업으로 괜찮을까?거리 및 후기...,배민커넥트 도보 배달 부업으로 괜찮을까?거리 및 후기(쿠팡이츠 배달파트너) 안녕하세요! 배민커넥트 도보 배달을 3개월간 부업으로 해본 솔직한 후기를 공유해볼게요. 차량이나 자전거 없이 걸어서...,https://blog.naver.com/mskcuteeee/224200951238,이것저것,20260302,0,4,0,0,4,False
배달 부업 후기,배달,일요일 부업 배달알바 쿠팡이츠 후기 921,"25년 9월 21일 점심-밤 미션이 들어왔으니 오늘도 배달시작합니다. 11부터 미션인데, 당연히 콜이 없죠 30분 지나서야 배달 시작합니다. 안타깝게도 유배지 2배차.. 아쉬우니 가야죠, 운좋게 유배지에서...",https://blog.naver.com/tuning7wh/224017442817,반복된 일상.. .. ..,20250922,0,4,0,0,4,False
배달 부업 후기,배달,[배달부업] 퇴근 후 주3일 전기저전거 배달 알바 얼마나 벌까?...,"나중에 비슷한 상황이 있을때 다시 한 번 검증을 해보는 시간을 가져보고 후기 남겨보겠습니다~ 음료컵 홀더 후기 그리고 저번 포스팅에 다뤘던 배달 부업 중 겪은 실수 모음 중에, 배달 중에 음료를...",https://blog.naver.com/hwansmoment/224264262060,환쓰의 일상기록,20260425,0,4,0,0,4,False
배달 부업 후기,배달,직장인 부업 : 쿠팡이츠 배달 이틀차 후기,"직장인 부업 : 쿠팡이츠 배달 이틀차 후기 직장인 부업, 쿠팡이츠 배달 후기 쿠팡이츠 도보 배달파트너 회사 과장님께서 추천해주신 꿀부업 공유합니다! 바로 쿠팡이츠 도보배달파트너! 이거 존재는 알고...",https://blog.naver.com/sgm04257/223897369486,쏘쏘한 데이,20250612,0,4,0,2,2,False
배달 부업 후기,배달,자동차 배달 부업 5시간... 쿠팡이츠 배달파트너 비교 찐후기,자동차 배달 부업 5시간 13만원 수입 후기 안녕하세요. 퇴근 후와 주말에 배달하는 2년차 부업아빠입니다. 오늘은 직접 뛰면서 기록한 배민커넥트와 쿠팡이츠 배달파트너 자동차 배달 수입 후기를...,https://blog.naver.com/car-delivery1004/224030333296,"부업아빠, 배달로 일어서다",20251003,0,4,0,0,4,False
배달 부업 후기,배달,쿠팡 배민 / 전기자전거 배달 부업/ 3개월 후기,"오늘은 지난 3개월간 열심히 했던 배달 부업에 대해 써보려 합니다. 배달 부업을 시작 한 지 벌써 만 3개월 (7, 8, 9월)을 넘어섰습니다. 일반 자전거, 전기자전거, 슈퍼커브 오토바이, 자동차 골고루 경험을 해...",https://blog.naver.com/yi79421003/224034706251,로떼의좋은방 롯데부동산 032-508-3470,20251008,0,4,0,0,4,False
배달 부업 후기,배달,부업 부산 쿠팡이츠 배달파트너 자동차배달 1일차 후기 차민 차팡,바로바로 시작할수있는 부업이 없을까 생각하다가 자차로도 배달 부업이 가능하다고 해서 소소하게 기름값이라도 벌어보고자 쿠팡이츠 배달파트너 자동차 배달 하고온 후기 남겨볼게요. 쿠팡 이츠...,https://blog.naver.com/qazxsw343/223976951564,혀기 일상,20250820,0,4,0,0,4,False
배달 부업 후기,배달,[배달부업] 배달 부업 초보자가 주의해야 할 실수 모음 (오배달...,"TMI : 아직 컵홀더를 써먹어볼 만한 오더가 없었는데, 다음번에는 배달 수익 리뷰와 함께 컵홀더 실사용 후기도 같이 들고와보겠습니다. 세상의 모든 부업러분들 존경합니다..! 저는 이만 내일 출근을 위해...",https://blog.naver.com/hwansmoment/224251326881,환쓰의 일상기록,20260413,0,6,0,0,6,False
배달 부업 후기,배달,배민 직장인 퇴근 후 부업 자동차 배달 2시간 수입 후기,배민커텍트 배민 직장인 퇴근 후 부업 자동차 배달 2시간 수입 후기 안녕하세요. 오늘도 현실적인 부업 이야기를 들려드리는 부업늘보입니다. 오늘은 제가 직접 체험한 배민커넥트 자동차 배달 후기를...,https://blog.naver.com/ignorant_sloth/224020800033,늘보의 일상,20250925,0,4,0,0,4,False
배달 부업 후기,배달,배민커넥트 직장인 부업 자전거 배달 첫 도전 후기 23건 완료...,및 부업 일지 만약에 콜이 많다면 단가를 보고 패스할 텐데 콜 자체가 많지 않다 보니 2천 원 대도 울며 겨자 먹기로 받게 되네요. 음료는 배달 안 해요. 무서워서 그리고 저의 경험과 현실적 후기가 누군가에게...,https://blog.naver.com/raccoon0810/224191403370,너굴너굴,20260222,0,4,0,0,4,False
배달 부업 후기,배달,"자동차 배달 리얼 내 수입~후기 부업으로 괜찮음!(도보,자전거)","1년간 쿠팡이츠 배달파트너 배민커넥트 자동차 배달 리얼 내 수입~후기 부업으로 괜찮음!(도보,자전거) 다시 3일만에 찾아뵙는거 같아요. 다들 새해에는 좋은 일들만 있기를 바랄게요~~! 저는 1년동안 쿠팡이츠...",https://blog.naver.com/mskcuteeee/223713233932,이것저것,20250103,0,4,0,0,4,False
배달 부업 후기,배달,배민커넥트 자동차 배달 후기 | 3시간 7만원 부업 추천✌,"제 카테고리 ""배달 부업 한달 챌린지""에서 자세한 기록 남겨 놨어요.  정리: 배민커넥트 자동차 배달, 아직 이만한 부업이 없다! 현실 문제는 모두 풀 수 있고, 비수기에도 피크타임 공략으로 수익을 지킬 수...",https://blog.naver.com/car-delivery1004/224014345658,"부업아빠, 배달로 일어서다",20250919,0,6,0,2,4,False
배달 부업 후기,배달,배민 자동차 배달 부업 비 오는날 주말 현실 3시간 후기,"오늘은 직장인 투잡러들이 많이 궁금해하는 배민커넥트 자동차 부업 이야기 그중에서도 비 오는 날 배달에 대한 솔직 후기를 들려드리겠습니다. 1. 오늘의 수입 – 3시간 반 = 66,420원 퇴근 후 저녁 10시쯤부터...",https://blog.naver.com/ignorant_sloth/224006019497,늘보의 일상,20250913,0,6,0,2,4,False
배달 부업 후기,배달,슈퍼 커브 배달 부업을 시작해 보았습니다 1달 후기,횡단보도 끌바 음식 픽업 시 인도를 타게 돼도 끌바 최고 속도 65km 넘지 않음 단건 배달 위주 쿠팡... 부업을 하려고 오토바이를 산 건 아니었지만 대략 흰컵이를 데려오면서 보험에 차대 값에 헬멧 장갑 등등...,https://blog.naver.com/lovesokyo/223602803358,러블리소교,20241001,0,4,0,0,4,False
배달 부업 후기,배달,쿠팡이츠 배달 부업 한달수입 직접 해본 솔직 후기 (수익...,쿠팡이츠 배달 부업 한달 수입 직접 해본 솔직 후기 (수익·장단점 총정리) 최근 물가가 오르면서 부수입을 찾는 분들이 많죠. 저도 직장 생활을 하면서 주말과 평일 저녁 시간을 활용해 쿠팡이츠 배달 부업을...,https://blog.naver.com/richsun7/224009385876,richsun7님의 블로그,20250915,0,8,0,0,8,False
배달 부업 후기,배달,배민 자동차 배달 부업 주말 2시간 30분 현실 수입 후기,"배민커넥트 자동차 배달 부업 주말 2시간 30분 현실 수입 후기 안녕하세요, 오늘도 퇴근 후 달리고 후기를 남기는 부업늘보입니다. 저를 소개하자면 서비스직 3교대 근무를 하는 직장입니다. 오늘도 퇴근후...",https://blog.naver.com/ignorant_sloth/224007050154,늘보의 일상,20250914,0,4,0,0,4,False
배달 부업 후기,배달,쿠팡이츠 배달파트너 자동차 53분 2만2천원 퇴근길 부업하기,"오늘은 진짜 퇴근길 한 시간 부업 후기, 자동차 배달 방법, 가입 가이드까지 한 번에 정리해드릴게요.   퇴근길 53분 배달흐름 밤 퇴근과 동시에 쿠팡이츠 배달파트너 앱을 켰어요. 첫콜은 200m...",https://blog.naver.com/car-delivery1004/224275879083,"부업아빠, 배달로 일어서다",20260506,0,4,0,0,4,False
배달 부업 후기,배달,"전기 자전거로 하는 배달부업 후기 (ft. 배민커넥트, 쿠팡이츠)",이번 글에서는 전기 자전거로 배달을 해본 경험을 토대로 후기로 작성하였습니다. © Clker-Free-Vector... 전기 자전거 부업 전기 자전거는 유지비가 적어 부담이 없고 짧은 거리를 이동할 때는 오토바이와 크게...,https://blog.naver.com/economyreport/223019728359,자기계발 연구소,20230218,0,4,0,0,4,False
배달 부업 후기,배달,전기자전거 배달 부업 한 달 후기,전기자전거 배달 부업 장점 어느새 전기자전거 배달 부업을 시작한 지 한 달 정도 지났습니다. 처음에는 생각보다 자전거를 타면서 배달 어플 계속 확인하는 게 익숙하지 않아서 어려웠는데 확실히 시간이...,https://blog.naver.com/kls0762/223933569339,희재네집,20250714,0,4,0,0,4,False
배달 부업 후기,배달,"배달 부업 한달, 얼마 벌었을까? 실제 한달 수입 후기!...","우선 한달 일일 수입 합계를 공유하고, 배달 부업 후기를 나누겠습니다. (일별 자세한 후기는 ""배달 부업 월100만원 벌기 챌린지"" 카테고리에 있습니다.) - 30일 배달 부업 챌린지 수입 현황 - 1일차...",https://blog.naver.com/car-delivery1004/223903130212,"부업아빠, 배달로 일어서다",20250618,0,4,0,0,4,False
배달 부업 후기,배달,직장인 부업 추천 TOP3 비교 솔직 후기,"직장인 부업 추천 TOP3 알아본 후기 가장 먼저 제가 떠올렸던 건 집에서 하는 손부업이나 배달알바였어요. 특별한 자격도 필요 없어 보이고, 누구나 쉽게 시작할 수 있다고 해서 많은 직장인 부업 추천 목록에...",https://blog.naver.com/inmagoong/224106148237,여우의 세상살이,20251212,0,4,0,2,2,False
배달 부업 후기,배달,"배달 알바 플랫폼 어플 추천, 부릉프렌즈 직장인 투잡 부업 후기","이번 포스팅은 누구나 쉽게 원하는 시간에 배달 알바를 할 수 있는 플랫폼을 추천해 보려고 합니다. 부릉프렌즈 직장인 투잡(부업) 후기 자세하게 남겨보겠습니다. 자동차, 오토바이, 자전거, 도보 모두 가능!...",https://blog.naver.com/dsw99248/223156240649,국국이네 IT,20230714,0,6,0,2,4,False
배달 부업 후기,배달,"메리츠 파트너스 단, 1원도 안 쓰고 150만원 벌었던 부업 후기","""메리츠 파트너스 단, 1원도 안쓰고 150만원 벌었던 부업 후기"" 현재 직장 월급만으로는 부족하지... 현실적인 수익으로 증명하는 메리츠 파트너스 요즘 부업관련해서 이런저런 말들이 많은데요. 배달 부업, 저녁...",https://blog.naver.com/spotlog/224069756194,똑똑 재테크,20251109,0,6,0,0,6,False
배달 부업 후기,배달,쿠팡이츠 배달파트너 투잡 부업 1개월 후기 I 도보 자동차,요즘같은 고물가시대에 시간제약 없고 부업으로 딱 좋은 쿠팡이츠 배달파트너 한 달 후기를 적어볼게요! 우선 배달을 시작하려면 2시간짜리 온라인 강의를 들어야해요 & 자세한 내용은 사이트에서 참고하세요!...,https://blog.naver.com/preaz2132/223911024668,맛집 찾아 떠나자,20250625,0,8,0,0,8,False
배달 부업 후기,배달,"2시간 40분 걷고 48,900원 벌기! 쿠팡이츠 배달파트너 부업 후기","오늘은 쿠팡이츠 배달파트너 도보 배달을 하면서 벌었던 수입을 공개하고, 실제로 해보니까 어떤 느낌이었는지 도보 배달 후기를 남겨보려고 해요. 저처럼 부업이나 알바를 고민하시는 분들, 혹은...",https://blog.naver.com/car-delivery1004/223843230186,"부업아빠, 배달로 일어서다",20250423,0,4,0,0,4,False
배달 부업 후기,배달,[배달부업] 직장인 퇴근 후 배민 쿠팡 배달 부업 현실 리뷰...,"아직 주말 피크시간에는 한 번도 해본적이 없는데, 향후 주말에 약속이 없는 날을 이용한 배달 후기도 한 번 풀어보도록 하겠습니다. 악천후에도 배달을 해보고 싶다는 생각을 해봤지만, 부업에 안전...",https://blog.naver.com/hwansmoment/224249735378,환쓰의 일상기록,20260412,0,4,0,0,4,False
배달 부업 후기,유튜브,"자동차 배달 부업, 퇴근 후 유튜브 대신 57,210원 수입 후기","가입 이벤트, 가입 방법, 실전 첫배달 방법, 배달 수입 및 후기, 배달 수입 높이는 방법, 배달 꿀팁, 배달부업 월100만원/200만원 벌기, 세금과 보험까지 모두 정리했어요. 배달하는데 도움되시길 바랄게요.^^",https://blog.naver.com/car-delivery1004/223998003854,"부업아빠, 배달로 일어서다",20250906,0,6,0,0,6,False
배달 부업 후기,배달,"퇴근 후 시작한 투잡(부업), 카카오T픽커 한 달 후기","""퀵ㆍ배달부업""으로 첫 번째 기록입니다. 저는 평범한 직장인이지만, 4월 중순부터 퇴근 후와 주말... 오늘은 그 중에서도 처음 시작했던 ""카카오T픽커""에 대해 가입 방법부터 실제 후기까지 현실적으로...",https://blog.naver.com/familypk/224290170979,투잡생존노트,20260519,0,6,0,0,6,False
배달 부업 후기,배달,배달부업 후기(3)_망한 날 / 올리브영 배달 꿀팁 (배달 부업...,"자전거로 할 수 있는 배달부업으로 음식배달 외에도 마트배달, 올리브영배달, 퀵배달 등도 도전해볼 수 있다. 음식배달이 없어지기 시작하는 2시경에 의외의 수익을 주는 올리브영 배달 팁을 적어보려한다....",https://blog.naver.com/uronomy729/223482316014,BAELODA,20240617,0,6,0,0,6,False
배달 부업 후기,배달,후기) 내가 해봤던 최고의 부업은 이거!,"그때의 힘들었던 경험이, 지금의 행복을 어쨌거나 배달 부업을 통해 지금 살고 있는 집을 매도하는데 많은 도움을 받았다. 번 돈은 크지 않았지만, 그보다 더 큰 가치는 '소비에 대한 절제심'이었다. 배달 1건을...",https://blog.naver.com/jeongsemi88/223708327220,세미살림,20241229,0,4,0,0,4,False
배달 부업 후기,배달,배민커넥트 도보 배달 단가 후기 면허 없이 시작하는 부업,"배민커넥트 도보 배달 단가 후기 면허 없이 시작하는 부업 배달 부업을 시작하고 싶은데 오토바이도 없고 자동차도 없다면, 그리고 자전거조차 부담스럽다면 배민커넥트 도보 배달이 딱 맞는 선택일 수...",https://blog.naver.com/mskcuteeee/224203630793,이것저것,20260304,0,4,0,0,4,False
배달 부업 후기,배달,"[배달 부업] 쿠팡이츠, 배민커넥트 배달 준비물 총정리!","배달 부업 준비물 총정리! 드디어, 인생 첫 배달 부업을 시작했습니다! 생각보다 준비물이 필요하고... 외 배달가방이나 음료보관대 등은 제가 깜빡하고 사진을 못 찍어서, 다음에 배달 부업 후기글 올릴 때...",https://blog.naver.com/1_bestone/223770872513,프로도전러,20250224,0,4,0,0,4,False
배달 부업 후기,배달,쿠팡이츠 배달파트너 자동차 부업 리얼후기 (3시간 14만원 수입),쿠팡이츠 배달파트너 자동차 부업 리얼후기 (3시간 14만원 수입) 겨울철에 부업으로 돈 벌고 싶다면 쿠팡이츠 배달파트너 앱만큼 좋은 게 없습니다. 저도 퇴근길에 “잠깐만 해볼까?” 하고 시작했는데...,https://blog.naver.com/car-delivery1004/224103444035,"부업아빠, 배달로 일어서다",20251209,0,4,0,0,4,False
배달 부업 후기,배달,부업으로 시작하는 배달 오토바이 리스 절차 과정 후기,"부업으로 시작하는 배달 오토바이 리스 절차 과정 후기 부업으로 배달 시작해볼까? 요즘 부업 찾는 분들 진짜 많죠 시간 자유롭고, 시작비용도 줄일 수 있는 게 배달이에요 그중에서도 ‘오토바이 리스’로...",https://blog.naver.com/jamesdream125/224178417481,jamesdream125님의 블로그,20260210,0,4,0,0,4,False
배달 부업 후기,배달,직장인 추천 부업 배민커넥트 도보 배달 후기 유산소 운동으로...,"직장인 부업 배민커넥트 도보 배달 후기 안녕하세요, 김씨아재입니다. 요즘 힘든 경기에 부업을 고민하는 분들 많으시죠? 저 역시도 여러가지 부업을 시도하는 한사람입니다. 여러가지 고민을 하다가 알게된...",https://blog.naver.com/kim_kwajnag/223624701743,김씨아재 맛집기행,20241019,0,4,0,2,2,False
배달 부업 후기,배달,자동차 4시간 배달 10만원 수입  후기 (40대 외벌이 아빠 부업),"배달 부업 뛰는 외벌이 아빠입니다. 저녁을 먹고 21시 35분에 자동차로 배달을 나갔습니다.... 카테고리에 배달앱 가입이벤트, 배달앱 가입방법, 실전 첫배달방법, 배달 수입 및 후기, 배달 수입 높이는...",https://blog.naver.com/car-delivery1004/223953083738,"부업아빠, 배달로 일어서다",20250731,0,4,0,0,4,False
배달 부업 후기,배달,배민커넥트 자동차 배달 부업 하루 16만원 수입 후기 방법 공개!,"마무리 후기 솔직히 배달 부업을 하면서, 이렇게 하루에 16만 원을 벌 수 있 거라 생각 못했어요. 원하는 시간에 원하는 만큼만 할 수 있다는 점에서 직장인 투잡, 대학생 알바, 주부 부업, 자영업자 추가...",https://blog.naver.com/car-delivery1004/223960206148,"부업아빠, 배달로 일어서다",20250805,0,6,0,0,6,False
배달 부업 후기,배달,쿠팡이츠 배달파트너 처음 해본 후기 1일차 (퇴근 후 부업),지금 일정이 퇴근 후 고정적으로는 어렵지만 틈틈이 시간될 때 할 수 있는 부업을 찾다가 쿠팡이츠 배달파트너를 시작해보게 되었다 예전에 치킨 집에서 차로 배달은 해본적이 있지만 쿠팡으로 직접...,https://blog.naver.com/bbaklife/224277088816,박테크 : 조용한 투자자,20260506,0,4,0,0,4,False
배달 부업 후기,배달,쿠팡이츠 도보 배달 후기 2025 부업 여자 20대,"오늘은 쿠팡이츠 도보배달 후기를 적어보려고 합니다 ! 쿠팡이츠 도보배달은 저희가 흔히 사용하는... 우선 간단한 교육만 들으면 되서 입문하기 쉽고, 본업이 아니여도 운동 겸 부업으로 할수 있어...",https://blog.naver.com/jiugood/223882297624,솔브릿지의 삶 속 이야기,20250529,0,4,0,0,4,False
배달 부업 후기,배달,"쿠팡이츠배달파트너 부업후기(Feat. 정산, 자동차배달...","저도 요즘 짬짬이 쿠팡이츠배달파트너로 부업중인데요, 생각보다 수입도 괜찮고, 운동도 되고, 무엇보다 스트레스가 적어서 추천드리고 싶어요! 쿠팡이츠배달파트너, 왜 부업으로 좋을까? ✔️자유로운...",https://blog.naver.com/hean_o_o_/223919187062,혠님달님,20250702,0,4,0,2,2,False
배달 부업 후기,배달,배민커넥트 도보 배달 두 번째 후기 - 직장인 부업으로 가능할까?,"배민커넥트 도보 배달 직장인 부업으로 가능할까 두 번째 후기 안녕하세요, 김씨아재입니다. 오늘도 배민 도보 배달 후기를 써보려고 합니다. 지난번에 이어 두 번째 후기입니다. 처음에는 늦은 저녁시간에...",https://blog.naver.com/kim_kwajnag/223629247190,김씨아재 맛집기행,20241022,0,4,0,0,4,False
배달 부업 후기,배달,배민커넥트와 수익비교 배달 부업2탄 정산내역까지 솔직후기...,여러분은 지역 특성에 맞게 고르시는 게 제일 좋은 선택일 거 같네요 이렇게 배민과 쿠팡 비교해 보는 배달 부업은 끝내겠습니다. #쿠팡이츠배달파트너 #배달부업 #솔직후기,https://blog.naver.com/whwls0919/223018293473,행복은 맛있는 것에,20230216,0,6,0,0,6,False
배달 부업 후기,배달,평일 저녁 자동차 배달 부업 수입 후기 꿀팁 (배민커넥트...,오늘은 평일 저녁 자동차 배달 부업 수입과 후기 꿀팁을 공개하겠습니다. 한 주에서 주문이 가장 적은 날이 월요일입니다. 그래서 월요일 날은 저의 배달 휴무입니다. 하지만 오늘은 아내 치과 비용을...,https://blog.naver.com/car-delivery1004/223802677704,"부업아빠, 배달로 일어서다",20250319,0,4,0,0,4,False
배달 부업 후기,배달,직장인 부업//쿠팡이츠 야간 배달 후기,배달이 가장 돈도 빨리 입금도 되고 접근하기 쉬운 부업입니다. 알바보다는 부업은 드라이브를 하면서... 지금부터 어제 저녁 10시부터 시작한 쿠팡이츠 야간 배달 후기를 공유하겠습니다. 장점1: 막히지 않는...,https://blog.naver.com/browniz/223201663161,임대인,20230904,0,4,0,0,4,False
배달 부업 후기,배달,배달 부업 얼마 벌까? 쿠팡이츠 배달파트너 수입 후기 (+ 배민...,"""배달 부업으로 월200만원 벌기 챌린지"" 중인 부업아빠입니다. 부업을 하려면 루틴이 필요합니다.... 카테고리에 배달앱 가입이벤트, 배달앱 가입방법, 실전 첫배달방법, 배달 수입 및 후기, 배달 수입...",https://blog.naver.com/car-delivery1004/223930172949,"부업아빠, 배달로 일어서다",20250711,0,4,0,0,4,False
배달 부업 후기,배달,스톰바이크 LT2로 직접해 본 부업 배달후기!!(feat.배민커넥트),추석이 다가오면서 날이 부쩍 많이 풀렸는데요 제법 가을 날씨분위기가 나네요 ㅎㅎ 제가 질주동래점 직원으로써 요새 부업으로 배달을 하고 있는데 직접 해본사람으로써 배달에 용이한 전기자전거...,https://blog.naver.com/yj24love/224014175060,질주모빌리티 동래점,20250919,0,4,0,0,4,False
배달 부업 후기,배달,[자동차 배달부업] 배민커넥트 배달 후기!,지난번 도보 배달에 이어 이번에 포스팅할내용은 자동차 배달부업을 해보고 느낀점을 적어보려고 한다. 이미 몇년전부터 많은 사람들이 자신의 자동차로 배달부업을 하고있고 회사퇴근하고 집가는방향 또는...,https://blog.naver.com/mcsilly/223676647615,여행의 호흡 : 불꽃같은 팝업 여행기,20241129,0,4,0,0,4,False
배달 부업 후기,배달,[배달알바 3개월차 솔직후기]... 더 낫지? (직장인 부업 추천!),"산맥인 '배민커넥트'와 '쿠팡이츠 배달파트너'를 3개월간 동시에 돌려본 솔직한 후기를 지금부터 탈탈... (時期별 혜택 상이) 어차피 시작할 배달 부업, 우리 같이 보너스 받으면서 기분 좋게 시작해요!...",https://blog.naver.com/nosnews1124/223996576131,스포츠와 제테크를 한눈에!,20250905,0,4,0,2,2,False
배달 부업 후기,배달,직장인 배달 부업추천! 남는 시간 수익화하는 Tip!,"왜 '배달부업'을 많이 시작할까? 부릉프렌즈의 가장 큰 매력은 시간의 자유로움입니다. ""내가 원하는... ""급전이 필요할 때 이만한 효자 부업이 없다""는 후기도 있죠! 부릉프렌즈의 가장 강력한 무기는 바로 정산...",https://blog.naver.com/vroongfriends/224204052802,"부릉프렌즈, 우리동네 배달알바 시작!",20260304,0,6,0,2,4,False
배달 부업 후기,배달,배달 부업 어플 비교: 쿠팡이츠 vs 배민 ㅣ 퇴근 후 1시간 효율...,"* 어제와 오늘 제 배달 후기는, 직장인이 부업으로 도전해보는 것이라고 생각해주시면 좋겠습니다:) 쿠팡이츠 배달파트너, 장단점과 최대 예상 수익! / 쿠팡이츠 배달앱 장점/ * 부가 수익이 자주 뜸...",https://blog.naver.com/kbk1923/224197133771,Room 2009 : 다시 쓰는 30대 기록장,20260303,0,6,0,0,6,False
배달 부업 후기,배달,배달부업 후기(8)_잠깐 고효율 알바함. (대구 자전거 배달부업...,"이 배달부업이라는게, 콜만 잘들어오면 왠만한 고수익 알바 뺨치지만, 배달 콜이 안 잡히는 시간대가 있고, 가만히 있으면 돈이 안들어오기 때문에, 전문 배달인이 아니고서는 일반 알바 수익을 따라잡기...",https://blog.naver.com/uronomy729/223500189552,BAELODA,20240703,0,6,0,0,6,False
배달 부업 후기,배달,슈퍼커브 배달 부업 1년 후기 | 장점과 단점 솔직 정리...,슈퍼커브로 배달을 시작한 지 어느덧 1년 정도가 지났다. 처음에는 단순히 연비가 좋고 유지비가 적게 들 것 같아서 선택했는데 직접 1년 정도 운행해보니 장점과 단점이 확실하게 느껴진다. 배달을 시작하려고...,https://blog.naver.com/seobiharu/224260293939,용맹한댕댕이,20260421,0,4,0,0,4,False
배달 부업 후기,배달,퇴근 후 자동차 배달 부업으로 9만원 수입 후기 방법 공개!...,"마무리 후기 0. 가입 이벤트 1. 자동차 배달 부업 시작 이유 본업이 끝난 뒤, 남는 시간을 어떻게 활용하면 좋을까 고민하던 중, 눈에 들어온 것이 자동차 배달 부업이었습니다. 특히 플랫폼 자동차 배달...",https://blog.naver.com/car-delivery1004/223965474919,"부업아빠, 배달로 일어서다",20250810,0,4,0,0,4,False
배달 부업 후기,배달,주말 자동차 배달 부업 수입 미션 후기 (쿠팡이츠 배달파트너),"오늘은 주말 자동차 배달 부업 수입과 후기를 공개하겠습니다. 저는 주로 저녁 타임에 배달을 합니다. 하루 중에 저녁 타임이 주문이 가장 많고, 수입도 가장 좋기 때문입니다. 또한 주말은 교통도...",https://blog.naver.com/car-delivery1004/223795037775,"부업아빠, 배달로 일어서다",20250313,0,4,0,0,4,False
배달 부업 후기,배달,배달 부업 할만할까? 배민커넥트 쿠팡이츠 배달 수입 후기 (6...,"퇴근 후 배달 부업 할만 할까요? 실제 배달 수입과 후기로 알려드릴게요. 우선 수입부터 확인하겠습니다.  6월 26일 목요일 배달 수입 (7일차) 수단 : 자동차 시간 : 19:35~20:45 (1시간 10분) 수입 : 20,570원...",https://blog.naver.com/car-delivery1004/223913369112,"부업아빠, 배달로 일어서다",20250627,0,4,0,0,4,False
배달 부업 후기,배달,배달파트너 2시간 수입 공개 비 오는 날 퇴근 후 직장인 부업...,단순한 예상이나 후기 글이 아니라 실제 배달을 통해 나온 수입 기록이다. 직장인 투잡이나 퇴근 후 부업을 고민하는 사람들에게 참고가 될 수 있는 데이터다. 이번 배달은 비 오는 날 진행했다. 배달을 해보면...,https://blog.naver.com/dongxun2/224205176809,직장인 투잡 실험 기록.실제 수익 데이터 공개,20260305,0,6,0,0,6,False
배달 부업 후기,배달,직장인 부업 하루 10분 투자로 수익낸 후기,직장인 부업 하루 10분 투자로 수익낸 후기 직장인재택부업 하루 10분 투자로 수익낸 후기 요즘 주변을... 하는 부업보다는 재택 가능한 직장인재택부업을 찾게 되었어요. 주변에서는 배달 알바나 단기 아르바이트...,https://blog.naver.com/jiniho1972/224127876682,소소한 일상정보 블로그,20251230,0,10,0,0,10,False
배달 부업 후기,배달,전기자전거 렌탈 목돈 부담 없이 출퇴근과 배달 부업까지...,배달 부업을 위해 제가 직접 알아본 전기자전거 렌탈 비교 과정 최근에 시간이 날 때마다 배달 부업을... 전기자전거브랜드비교 #가성비전기자전거 #전기자전거배터리 #전기자전거고르는법 #전기자전거이용후기,https://blog.naver.com/hyuna1818/224253050328,나만의 세상!!,20260416,0,4,0,0,4,False
배달 부업 후기,배달,부업으로 하루 13만원 벌기! 전기자전거와 자동차 배달 후기...,"특히 이번 연휴에는 배달 부업으로 매일 10만원이상씩 벌었습니다. 그럼, 오늘은 5월 2일 금요일 저녁 배달 후기와 수입을 공유하겠습니다. 이 날은 2번 나눠서 배달을 했습니다. 첫번째로는 전기자전거를...",https://blog.naver.com/car-delivery1004/223858323906,"부업아빠, 배달로 일어서다",20250507,0,4,0,0,4,False
배달 부업 후기,스마트스토어,투잡 부업 딜리래빗 배달 후기,"오늘 부업 후기는 딜리래빗입니다. 지그재그 쇼핑몰 물건을 주로 배달하는 플랫폼입니다. 그래서 쿠팡플랙스 보다 물건도 가볍고 단가도 높습니다. 주로 서울, 경기 권역에서 하고 있고 점점 확장해 간다고...",https://blog.naver.com/angelsun2020/223362015019,장한빛 블로그,20240222,0,8,0,0,8,False
배달 부업 후기,배달,직장인 부업 배민커넥트... 자동차 전기자전거 배달 후기,되요 배달부업시작하고 느낀점> 배달 시작하고나서 느낀점은 쉽게 느껴졌던 배달일이 체력과 정신멘탈이 중요하다는것을 느꼈어요 손님으로 방문했을때는 친절했던 가게들이 배달하러가면 보는 시선이...,https://blog.naver.com/hoh2332/223859065782,차곡차곡기록하기,20250509,0,4,0,0,4,False
배달 부업 후기,배달,전기자전거 배달부업 1개월 현실 후기 (Feat. 모토벨로 TX8...,처음에는 가볍게 한달에 10만원이라도 더 벌어서 맛있는거나 사먹자~ 라는 가벼운 생각으로 8월에는 상돌이와 함께 3주가량 도보+자차로 배달부업을 했었습니다. 이때까지만해도 주말 점심 피크타임 + 주말...,https://blog.naver.com/bob_sangdori/223599279443,리뷰하는 상돌이,20240928,0,4,0,0,4,False
배달 부업 후기,배달,전기자전거 배달 부업 비수기 10월 후기 _ ft.모토벨로 tx8...,어느새 700km나 타버린 모토벨로 tx8 프로3 벌써 어느 새 한달이 지나서 후기 작성을 하게 됐습니다.... 바로 10월 달 배달 부업 정산 입니다. 배민 커넥트 _ 10월 정산 배민 커넥트 배달 건수 : 50건 총수입 : 191...,https://blog.naver.com/bob_sangdori/223654531075,리뷰하는 상돌이,20241110,0,4,0,0,4,False
배달 부업 후기,배달,"배민커넥트 부업 알바, 25년 하반기 배달현황 분석글...",이전에 작성한 배민커넥트 후기를 많은 분들이 읽어 주셨습니다. 배달 알바에 관심이 이토록 많을 줄은... 배달 일에 집중하기는 쿠팡이 낫습니다. Q) 지금 배달해도 진입 시기 괜찮은가요? 알바나 퇴근 후 부업...,https://blog.naver.com/am5_55/224056009168,락희의 일상다반사,20251028,0,4,0,0,4,False
배달 부업 후기,배달,배달의민족_B마트_부업 찐 후기(자동차),제가 요즘 심심할 때마다 틈틈히 하고 있는 배달부업!! B마트 배달 정보에 대해 상세히 나눠볼게요~ 먼저 각 지역마다 B마트 매장이 있습니다. 소비가 직접 이용할 수 있는 매장은 아니고 배민 케테고리 안에...,https://blog.naver.com/pink1895/223843064734,Enfp 시디 전공 X세대 줌마 이야기,20250422,0,4,0,0,4,False
배달 부업 후기,배달,직장인 부업 리얼후기｜배민·쿠팡이츠 전기자전거 배달로 번...,"이 포스팅은 네이버 쇼핑 커넥트 활동의 일환으로, 판매 발생 시 수수료를 제공받습니다 오늘은 친구 추천 2명 보너스♡ 직장인 부업 리얼후기, 배민, 쿠팡이츠 전기자전거 배달로 번 수익 공개(9월 10일)...",https://blog.naver.com/curiousdaily7/224003150953,쓸모있고 돈 되는 정보 나라,20250910,0,6,0,2,4,False
배달 부업 후기,배달,쿠팡이츠 배달파트너 후기! 부업으로 수입 내는법..(배민커넥트),쿠팡이츠 배달파트너 후기! 부업으로 수입 내는법..(배민커넥트) 안녕하세요~!! 벌써 저번에 포스팅을 하고 벌써 일주일이란 시간이 지난거 같아요..!! 저번주와 그전주는 폭염과 올림픽으로인해 쿠팡이츠와...,https://blog.naver.com/mskcuteeee/223547498088,이것저것,20240814,0,4,0,0,4,False
배달 부업 후기,배달,자전거용품 배달가방으로 부업 시작하기,그래서 이번에 부업을 해보면서 배달가방을 써본 후기를 적어보려고 합니다. 라이더 필수 템 배달가방 (자전거용품) 처음 봤을 때 느낌은 생각보다 크고 튼튼해 보인다는 거였어요. 사이즈를 확인해 보니까...,https://blog.naver.com/yolk-/223819829918,디자인하는 사람. 요크,20250402,0,4,0,0,4,False
배달 부업 후기,배달,알바 쿠팡이츠 배민커넥트 배달 부업 얼마나 벌까요? 1일차 후기,"배달 부업 1일차 후기 예전엔 쿠팡이츠만 했었고 그 당시에는 1개씩만 배달을 했었는데 이제는 2,3개도 배달 콜이 들어온다 하니 기대가 됩니다. 3연타 빌라 4층 걸렸네요. 허벅지 없어진 거 같습니다. 다음 콜이...",https://blog.naver.com/arms1428/223774223625,아하하하의 짠한 경제이야기,20250226,0,4,0,0,4,False
배달 부업 후기,배달,"자동차 배달 부업 한달 후기 (배민커넥트, 쿠팡이츠 배달파트너)","그럼, 바로 자동차 배달 부업 한달 후기, 분석 들어갑니다. 1. 시간 새벽 3시~6시 배달 중단시간 빼고, 언제든 가능하다. 2. 시급 기본 1만원에서 시작한다. 기상악화 또는 피크타임에는 15,000원 이상으로...",https://blog.naver.com/car-delivery1004/223683415010,"부업아빠, 배달로 일어서다",20241205,0,4,0,0,4,False
배달 부업 후기,배달,제주 오토바이 배달 부업 3월 결산 | 배민커넥트·쿠팡이츠 후기...,방학 시즌이 끝나고 날씨가 점점 따뜻해지면서 전반적으로 배달 수요가 줄어드는 시기다. 사람들이 외부 활동을 더 많이 하게 되고 그만큼 배달 주문은 줄어들 수밖에 없다. 이런 흐름이 자연스럽게 콜...,https://blog.naver.com/seobiharu/224237114542,용맹한댕댕이,20260401,0,4,0,0,4,False
배달 부업 후기,배달,"직장인 현실 부업 후기, 자본 없고 평범한 직장인이 해볼 만한...","배민커넥트 배달 알바 그냥 접근성이 좋았고, 대기업이니 돈 떼어먹힐 걱정 없고, 일회성이라 부담없이... 자세한 후기는 아래에! 그 밖에도 좌담회, 쿠팡물류센터, 원고알바, 인테리어 블로그 대행 등 많은 부업...",https://blog.naver.com/58hyunghae/223618700078,짠토리의 매일 성공하는 재테크,20241014,0,6,0,0,6,False
배달 부업 후기,배달,대학생 부업 [배민커넥트] 도보배달 직접 해본 후기(배민커넥트...,이번 포스트가 유익하셨다면 쿠팡이츠 도보배달 후기글도 한번 읽어보시는건 어때요? 글을 맺으며 오늘은 배민커넥트 도보배달 후기를 여러분과 나누었어요. 배민커넥트 도보배달에 관심이 있는 분들에게...,https://blog.naver.com/pasaasaq/224184098315,411.101,20260214,0,4,0,2,2,False
배달 부업 후기,배달,배달 부업으로 얼마까지 벌면 괜찮을까? 건강보험 기준 총정리,"정리했습니다 배달을 하다 보면 “나는 부업인데 괜찮은 거 맞나?” “얼마 이상 벌면 건강보험이 오르지?” 같은 질문을 한 번쯤은 하게 됩니다. 인터넷에는 체감 후기나 개인 경험담은 많은데, 정확한...",https://blog.naver.com/dgbd486/224165927822,대구배달하는사람들,20260130,0,4,0,2,2,False
배달 부업 후기,배달,배달부업 후기(2)_인생은 타이밍,배달을 엄청 시키더라. 4-5월만 되도 콜사(콜 사망)할 시간인데 오늘은 끊이질 않는 콜! 이럴때 달릴맛 난다. 3건쯤 왔다갔다 하고 나니 이번에는 카카오퀵에서 올리브영 콜이 쏟아진다. 보통 올리브영 배달은...,https://blog.naver.com/uronomy729/223477621692,BAELODA,20240613,0,4,0,0,4,False
배달 부업 후기,배달,"여자 부업 추천, 쿠팡이츠 배달파트너 후기와 수입 (+10,000원...","쿠팡이츠 배달파트너 솔직한 후기와 수입 공개 !! @ 20대 30대 여성 부업으로 추천하는 배달대행 아르바이트 @ 요즘 직장인들 보면 N잡러라고 하죠?! 월급 하나로는 하고 싶은 것도 많고, 갖고 싶은 것도 많고...",https://blog.naver.com/hyewon3681/223466835251,DIARY OF A YPI.,20240602,0,6,0,2,4,False
배달 부업 후기,배달,나는야 밴쿠버 배달왕(인스타카트 부업 후기),"작년 11월부터 BC주에서 배달 부업도 시간당 최저시급 $20.88 이상은 보장해줘야 된다는 법이 생겼어요. 그러니까 처음 하시는 분들도, 속도가 느리거나 초보여도 절대 손해 보지 않고 시작할 수 있다는...",https://blog.naver.com/realisshoworld/223854404998,@realisshoworld,20250503,0,4,0,0,4,False
배달 부업 후기,배달,"활력, 쿠팡이츠 배달파트너 자동차로 부업한 후기 (나름꿀팁?!)","저희 부부는 최근 쿠팡이츠 배달파트너를 시작했어요, 대략 1달쯤 된 현재 후기를 남겨보려해요 : ) 시작은 최씨아빠 친구의 쿠팡이츠 배달 부업에 대한 이야기를 듣고 재미로 한번 해볼까 했던 게 1달동안 나름...",https://blog.naver.com/pupusky_/223769006150,"반려댕 하늘이네, 최가족이야기",20250221,0,4,0,0,4,False
배달 부업 후기,배달,간호사 퇴근 후 부업. 배민 커넥트 쿠팡 이츠 배달 알바 후기,배달 부업 아르바이트하시는 분들이라면! 혹은 앞으로 하실 예정인 분들이라면! 먼저 간단한 질문부터 드려볼게요. 한번 생각해 보세요. 이거를 하는 이유가 뭔가요? 3초 안에 대답 고 뭐~그냥? 대출 빚?...,https://blog.naver.com/samsungdreamer/223844858575,홍방망이,20250424,0,4,0,2,2,False
배달 부업 후기,배달,"배민 커넥트 후기, 배달 부업, 전기자전거 배달","2Ah)으로 선택했어요 후기를 보니 작은 용량은 배터리 떨어지면 손떨린다해서...ㅎㅎㅎ 배달 2일차, 제일 오래탄 시간이 3시간인데 PAS 5단계로 진행했을 때 배터리 여전히 FULL 임... 부업으로 저녁에만 하실거면...",https://blog.naver.com/jud0071/222622083795,살아가는 이야기,20220114,0,4,0,0,4,False
배달 부업 후기,배달,쿠팡이츠 배달파트너 부업... (도보로 해본 주말 부업 후기),시간 자유로운 부업을 찾다가 #쿠팡이츠 배달파트너를 주말에 산책 겸 시험 삼아 시작해 봤어요! 저는 도보로 진행했기 때문에 콜이 쏟아지진 않았지만.. 내 위치 기준 가까운 거리 중심으로 콜이 떠서 처음...,https://blog.naver.com/londonmilky/223893256633,스물아홉,20250609,0,4,0,0,4,False
배달 부업 후기,배달,[부업 꿀팁] 쿠팡이츠 배달파트너 후기 입금 수입 미션 시간...,쿠팡이츠 배달파트너 후기 수입 요즘 본업으로는 먹고 살기 힘들다라는 말이 있을 정도로 물가가 너무 높은데요 그래서 오늘은 부업을 찾고 있는 분에게 도움이 되는 글을 써보려고 합니다. 디지털 세상이 오고...,https://blog.naver.com/baezii/223701472847,후회 없는 삶이란,20241221,0,4,0,0,4,False
배달 부업 후기,배달,배달부업 후기!! 8일차 일기 차팡이츠,"첫배달 ,, 피곤한 몸을이끌고, 메가커피에서 커피한잔사들고 해장국집에서 음식을 가져다... 다음배달 수락기능을 켜놓고 진행하기에, 해장국 음식 배달전에 미리 수락하여 다음두건을 바로받고 했어요!!...",https://blog.naver.com/kos678/223361009904,HYUN,20240221,0,4,0,0,4,False
배달 부업 후기,배달,자동차 배달 부업 수익 공개! 월100만원 챌린지 5일차 후기,"그럼 5일차 배달 부업 수입을 공개합니다. 배달 수입> 1. 날짜 : 25년 5월 20일 화요일 2. 시간... 카테고리에 배달 수입 높이는 방법, 배달 꿀팁, 배달 수입 및 후기 공개, 배달 월100만원 챌린지...",https://blog.naver.com/car-delivery1004/223874245974,"부업아빠, 배달로 일어서다",20250522,0,6,0,0,6,False
배달 부업 후기,배달,배민커넥트vs쿠팡이츠 배달 부업 오토바이 후기,기본적으로 부업으로 많이들 이용하시는 배민커넥트는 쿠팡이츠 파트너스와 비교할수있는데 여러 본업으로 배달하시는 분들께 여쭤본 결과 쿠팡 미션이 많음 배민은 기본 배달료가 조금 높음 직접...,https://blog.naver.com/dadamwoo/223505234361,1분 전,20240708,0,4,0,0,4,False
배달 부업 후기,배달,직장인 부업 추천 소자본 무인 창업 해보세요!,예를 들어 배달 부업은 차량이나 오토바이를 준비해야 하고 날씨나 교통 상황에 영향을 받다 보니 예측... 결국 '쉬워 보여 시작했지만 쉽게 끝났다' 라는 후기가 적지 않습니다. 그렇다면 어떤 것을 해야 할까?...,https://blog.naver.com/banidad/223910243874,두시 반이 육아성장일기,20250625,0,4,0,2,2,False
배달 부업 후기,배달,전기자전거 배달 후기 부업 인생 밑바닥 백수 강추,오늘은 배민커넥트 쿠팡잇츠 전기자전거 찐후기를 적어볼려고 한다 가중 중요하고 결론으로 바로... 3시간 배달을 한다 거의 하루 한 4시간반~5시간 시급은 대략 만원~1만3000원이라고 생각하면 되겠다....,https://blog.naver.com/chupolyno1/223436214386,365일 백수의 삶,20240504,0,4,0,0,4,False
배달 부업 후기,배달,"[부업,투잡] 도보배달 카카오T 픽커 일주일 솔직 후기(배민,쿠팡)",카시아입니다 :) 오늘은 부업으로 할만한 카카오 도보배달 후기를 들고왔어요…!! 사실 도보배달은 예전부터 도전해보고 싶은 부업 중 하나였는데요. 제가 길치기도 하고 음식배달 같은 경우 음식이 식거나...,https://blog.naver.com/kassia-/223120935202,"틈틈이, 별별 기록",20230605,0,6,0,0,6,False
배달 부업 후기,배달,자동차 배달 부업 주말 수입 후기 (쿠팡이츠 배달파트너),"자동차 배달 부업, 주말 수입 어떨까요? 안녕하세요. 부업 아빠입니다^^ 자녀 학원비를 충당하기 위해서 토요일에 자동차 배달 부업을 했습니다. 가장 핫한 시간인 17시부터 20시까지 3시간 배달했습니다....",https://blog.naver.com/car-delivery1004/223725872865,"부업아빠, 배달로 일어서다",20250114,0,4,0,0,4,False
배달 부업 후기,배달,퇴근 후 배달부업 2026년 1월 총결산 월200 프로젝트 한 달...,"배달부업 고민 중인 분들께 이 글은 대박 후기보다 현실적인 한 달 기록에 가깝습니다. 그래서 앞으로도 잘된 날, 안 된 날, 쉬었던 날 전부 기록해보려고 합니다. 친구 코드 입력하시고 1주일 내에!...",https://blog.naver.com/eos0406/224168256434,오늘도 내일도 공이랑,20260202,0,4,0,0,4,False
배달 부업 후기,배달,쿠팡 이츠 배달 파트너 부업 후기,이번에 부업으로 쿠팡잇츠 배달 알바를 해봤어요. 이틀 동안 총 4시간 미만으로 일하고 77000원!! 차 타고 하는 알바라 추운 날씨 영향을 크게 안 받아서 크게 힘들지 않음! 이 버튼을 누르는 순간 콜 대기...,https://blog.naver.com/jung_min-/223697499810,슬로우부자,20241218,0,4,0,0,4,False
배달 부업 후기,배달,직장인 간단 부업 투잡 도보배달 후기,개인적으로 도보배달을 직장 다니면서 투잡이나 부업으로 고민 중이라면 적당히 운동한다 생각하면서 배달 한두 번 시켜먹을 용돈 번다~ 이정도가 적당할 것 같네요. 치킨 먹고 싶으면 2시간 정도 걷고...,https://blog.naver.com/mandoohodduk/224093142533,맛있게 익는 중,20251201,0,6,0,0,6,False
배달 부업 후기,배달,쿠팡 이츠 배달 파트너 배민 커넥트 자동차 배달 직장인 부업 후기,"확실한 건, 평소보다는 비가 많이 오는 상황에서 배달을 한다면 어지간한 알바나 부업보다 괜찮은 수익을 얻을 수 있다는 것이다. 다만.. 진짜 비가 너무 많이 쏟아져서 가끔은 잠깐 차에서 내리기만 해도...",https://blog.naver.com/cccchaos/223625375188,밑바닥에서 다시 시작,20241019,0,6,0,0,6,False
배달 부업 후기,배달,"쿠팡이츠배달파트너 부업 | 여성라이더 | 그동안의 수입, 후기","(넘느려느려) 전기스쿠터고, 속도제한 리미트 걸려있어서 최속25km,,,ㅋ 이렇게 최근에 도전해본 배달부업에 대해서 간략하게 후기글 작성해봤는데요, 일단 배달하면서 가장 크게 느낀 점은 그동안 맛있는...",https://blog.naver.com/iam_yeon__/223619115677,☁️오늘도 연둥일기☁️,20241014,0,4,0,0,4,False
배달 부업 후기,배달,자전거 배달부업 후기(6)_귀한 물건 모시고 가기,"요즘 블로그도 쓰고, 게을러져 가지고, 배달을 늦게 출발한다. 사실 뭐 주업으로 삼을 것도 아니고 임시로 하는 거라 이런 일에 일희일비하면 안되겠지만, 배달 특성상 피크시간이라는 게 있다. 선배님들...",https://blog.naver.com/uronomy729/223491829713,BAELODA,20240626,0,6,0,0,6,False
배달 부업 후기,배달,쿠팡배달알바도보 수익 쿠팡이츠 부업 투잡 후기,"처음에는 다양한 후기들을 찾아보고, 어떤 배달 플랫폼을 선택할지 고민하던 저였지만, 이제는 그... 오토바이, 후기, 알바, 팁, 정산 시간, 인증, 기사, 라이더, 음식, 대행, 가입, 자동차, 전기, 부업, 투잡 해당...",https://blog.naver.com/w8224300/223661450435,w8224300,20241115,0,8,0,0,8,False
배달 부업 후기,배달,짬짬이 하기 좋은 부업 쿠팡 배달 파트너 후기,이전부터 배달 부업에 관심을 가지고 있었는데 쿠팡 배달 파트너를 알고서 시도해 보기로 했다. 절차는 아주 간단하다. 앱스토어에서 쿠팡 배달 파트너 앱을 다운받아 회원가입 및 정보 등록을 한다. 그 후...,https://blog.naver.com/qz1180ar/222693827005,my blog,20220407,0,4,0,0,4,False
배달 부업 후기,배달,5월의 금요일 저녁 배달 부업 배민 쿠팡 관리자배차 첫경험  524,배달을 쉬어야 할지 퇴근 전까지 고민을 합니다. 퇴근을하고 다이소에가서 필요한 것을 구입하고 쿠팡을 켜보니 콜이 들어오길래.. 배달 시작!! 쿠팡 뒷콜 거절 했더니 버림 받고.. 배민 3배차 들어와...,https://blog.naver.com/tuning7wh/223458017478,반복된 일상.. .. ..,20240525,0,4,0,0,4,False
배달 부업 후기,배달,쿠팡이츠·배민커넥터 부업 시작! 1일~4일차 수익과 후기,"35,771원 부업 후기 배민 경우는 단건 배달, 쿠팡 경우는 단건도 있지만 멀티배달이 종종 있다 1~2일차 까지 버벅이였는데 3일차 되니까 적응이 된듯 싶다 배민 배차 왔을땐 쿠팡은 잠시 배차 OFF,쿠팡...",https://blog.naver.com/jyoong1/223765983899,구미사진관 리얼베어스냅,20250219,0,6,0,0,6,False
배달 부업 후기,배달,부산 부업 배민커넥트 쿠팡배달파트너 차민 차팡  한달 실제 후기,부산에서 배민커넥트 쿠팡배달파트너 부업을 시작한지 벌써 한달이 되어서 한달 후기를 적어보려 합니다! 한달동안 퇴근하고 주에 3~4일 하루에 3~4시간 정도해서 일평균 5만원 정도 수익을 만들었습니다....,https://blog.naver.com/qazxsw343/224021632114,혀기 일상,20250925,0,6,0,0,6,False
배달 부업 후기,배달,"배달 자전거&도보로 13만원 벌기 | feat.부업, 한달 후기, 퇴근...","통신비랑 배달음식 값 해결했습니다. 느낀 후기 남겨볼게요!  왜 '자전거'였나? 오토바이는 무섭고... 운동 겸 부업: 땀 좀 흘리다 보면 ""아, 오늘 운동 다 했다"" 싶은 뿌듯함이 옵니다. 유지비 없음: 기름값 걱정...",https://blog.naver.com/oyouth_/224186652488,결혼정보 알려주는 남자,20260218,0,4,0,0,4,False
배달 부업 후기,배달,쿠팡이츠 배달파트너 자동차 배달 부업 수익 및 후기 도보...,초대코드 : FIG30X87 & 쿠팡이츠 배달파트너 자동차 사용 후기 저는 자동차를 이용해 쿠팡이츠 배달파트너를 시작한지 1주일 정도 되었습니다. 부업으로 수익도 얻고 운동도 돼서 할만했습니다. 1주일동안의...,https://blog.naver.com/talescara/223636544108,OJT (On-the Journey & Travel),20241028,0,6,0,0,6,False
배달 부업 후기,배달,"6/30 정산(20대 여자, 직장인 부업, 자동차 배달, 후기)",30(일) 첫 음식 배달 후기 및 기록 Copyright © x0o_10 .…본론에 앞서…. 배달 업무를 하며 수익을 기록하고... 고정적으로 다니던 토익감독 부업도 응시자에 따라 축소되는 걸 지켜보며….아.. 나 진짜 큰일 났다....,https://blog.naver.com/x0o_10/223497632960,04:01,20240701,0,6,0,0,6,False
배달 부업 후기,배달,직장인 투잡 부업 쿠팡이츠 배달파트너 후기 입금 정산 꿀팁,쿠팡이츠 배달파트너는 직장인 부업으로 좋다고 생각한게 이렇게 돌발 미션 이벤트를 자주하고 있어요. 예전엔 정말 가끔씩만 했었는데 요즘엔 주문량이 많으면 깜짝 미션이 나오더라구요. 미션 이벤트는...,https://blog.naver.com/jomib_b/223260703705,우당탕탕 조미로그,20231110,0,6,0,0,6,False
배달 부업 후기,배달,배달대행 부업으로 월 80만원 - 배민·쿠팡이츠 수익 극대화,왜 배달대행이 주말부업으로 좋을까? 지난 편에서 다룬 재능판매는 포트폴리오와 후기가 쌓여야 수익이 늘었습니다. 배달대행은 시작한 그날부터 바로 수익이 발생하는 즉시성이 가장 큰 장점입니다. 2025년...,https://blog.naver.com/sinheyr/224153907242,꿀단지 정보통,20260127,0,6,0,0,6,False
배달 부업 후기,배달,쿠팡이츠배달파트너 자동차 배달 부업 수입 후기 (28일차),"""배달 부업 월100만원 벌기"" 챌린지 28일차가 되었습니다. 오늘도 퇴근 후 샤워를 하고, 자동차... 카테고리에 배달앱 가입이벤트, 배달앱 가입방법, 실전 첫배달방법, 배달 수입 및 후기, 배달...",https://blog.naver.com/car-delivery1004/223898454744,"부업아빠, 배달로 일어서다",20250613,0,4,0,0,4,False
배달 부업 후기,배달,초딩엄마 쿠팡이츠 배달파트너 부업 후기,전동스쿠터로 쿠팡이츠 배달파트너 일주일 후기 안녕하세요~~~ 저번주 시작후기 올리고 오늘로 일주일 정도 지난것 같아요 ! 일주일동안 어땠는지 같이 공유해드리고 싶어서 글 써봅니당 >_배달...,https://blog.naver.com/yoonjooonni/223883534492,윤주언니,20250530,0,4,0,0,4,False
배달 부업 후기,배달,[부업 후기] 퇴근 후 쿠팡이츠 배달파트너 첫 수입(오배달...,"퇴근 후 가볍게 할 수 있는 부업을 찾다가 쿠팡이츠 배달파트너 자동차 배달을 시작해봤다. 결론부터 말하면 생각보다 괜찮았다. 체력 부담도 크지 않고, 퇴근 후 1~2시간 정도 가볍게 할 수 있는 부업으로는...",https://blog.naver.com/chesed8110/224229318718,도나의 멀티유니버스,20260325,0,4,0,0,4,False
배달 부업 후기,배달,쿠팡이츠 배달파트너 후기(직장인 부업),"8월 14일 쿠팡이츠 배달 파트너 후기(직장인 부업) 배달 12건 56,351원 (3시간가량) 일단 친구 추천 먼저 하고 시작하자구요~! 서로서로 윈윈하는 부업이 되어봐요~! 친구추천 코드 LSYONNFG 음.. 생각보다 재미도...",https://blog.naver.com/patience08/223554011409,직장인투잡시대,20240820,0,4,0,2,2,False
배달 부업 후기,배달,카카오 T 픽커 2만원이벤트 리얼후기1탄 #도보배달#부업#N잡러...,요즘 많은 직장인들이 부업과 다양한 파이프라인으로 월급 외 수익을 만드는 n 잡러가 유행이다.... 보도 배달 후기를 보고 이거다 싶어 어플을 설치했다. #카카오 T 픽커 도보 배송 장점 도보 배달을 지원하는...,https://blog.naver.com/gvoconsistent/222786189178,GOOD VIBES ONLY,20220623,0,8,0,0,8,False
배달 부업 후기,배달,부업하기 좋은 자동차 배달 수입 후기 꿀팁 (쿠팡이츠 배달파트너),"오늘은 18시 퇴근하면서 바로 자동차로 배달 부업을 했습니다. 쿠팡에서 17~ 20시까지 배달 6건을 하면 12,000원 보너스 주는 미션이 있었거든요. 18시 무렵에는 교통 정체가 심하기 때문에, 정체 구간을...",https://blog.naver.com/car-delivery1004/223829102294,"부업아빠, 배달로 일어서다",20250410,0,4,0,0,4,False
배달 부업 후기,배달,[부업인간] 디버 배달 파트너 후기 수입 3탄,부업인간 디버파트너 배달 후기를 올리고 그 이후로 4번 정도 더 디버 배송 업무를 해보았습니다. 사람은 확실히 적응의 동물인 건지 세 번째 할 때 즈음엔 오더 받는 것도 나름 능숙 해지고 이게 흔히...,https://blog.naver.com/maewoldang/222660166033,보험을보다,20220228,0,4,0,0,4,False
배달 부업 후기,배달,"2025 신형 출고까지, 예비신부와 시작한 배달부업 기록","PCX125 중고 실사용 후기 → 문제 발생 #pcx125 #pcx125 #pcx125 처음엔 만족하면서 잘 타고 다녔는데 두... “부업배달을 계속 할 거면 차라리 새 PCX125가 낫겠다” 이 생각이 점점 커졌고, 여기에도 역시...",https://blog.naver.com/callmemoney-/224098631397,돈이 나를 부른다,20251205,0,4,0,0,4,False
배달 부업 후기,배달,"[소소한 부업] 배민커넥트 도보 후기, 배달아르바이트, 부업활동",드뎌 3000원을 벌었어요 ㅋㅋㅋ 전 도보로 배달을 했구 어떻게 하는지 알려드릴게요 처음에 깔고는... 배민커넥트는 꿀이당♥ 자기편한시간에 약간 부업느낌으로 하면 될거같아요 길치는 추천 노노합니다...,https://blog.naver.com/mic3662/222889428729,쎄닝의 하루,20221001,0,4,0,2,2,False
배달 부업 후기,배달,전기자전거 배달 부업 준비 /자전거 배달 부업시작 하기,me/FCrhK22S 자자 이제 낮에도 살이 안타게 배달할수 있게 세팅완료하였습니다 다음 글에서는 실제 수익 내용 및 배달후기 올려보겠습니다. #전기자전거부업 #배달부업 #투잡 #배달통조립 #자전거거치대...,https://blog.naver.com/manmul6232/224035744680,Daily템이야기,20251009,0,8,0,0,8,False
배달 부업 후기,배달,쿠팡이츠 배달파트너 후기(직장인 부업),"8월 15일 쿠팡이츠 배달 파트너 후기(직장인 부업) 배달 20건 96,051원(4시간가량) 일단 친구 추천 먼저 하고 시작하자구요~! 서로서로 윈윈하는 부업이 되어봐요~! 친구추천 코드 LSYONNFG 어제 오토바이를...",https://blog.naver.com/patience08/223554043960,직장인투잡시대,20240820,0,4,0,2,2,False
배달 부업 후기,배달,"전기자전거 후기, 취미 및 배달 부업 [비아지오 V5]",또 요즘은 투잡도 많이 하는데 배달 부업할 때도 좋을 것 같아 전기자전거를 알아보게 됐어요. 제가... 모두 숙지하시고 편리하고 안전하게 주행하세요.  이 글은 소정의 원고료를 지급 받고 작성된 후기입니다,https://blog.naver.com/dsd9kma0303/223487793883,마음에 새기는 모험과 여행,20240622,0,6,0,0,6,False
배달 부업 후기,배달,#부업도전기 #쿠팡이츠 배달파트너 자차배달 3일차 후기,#쿠팡배달파트너 #배달파트너 #부업배달 배달파트너>> 처음 시작할 때 어플깔고 각자 추천코드... ㅎㅎㅎ 3일차 후기를 적어보았는데요!! ‘’일 끝나고 또 일이라니..‘라고 생각할 수 있지만 재밌게...,https://blog.naver.com/dalgom7523/223911024582,아힌이,20250625,0,4,0,2,2,False
배달 부업 후기,배달,도보 배달부업 후기(7)_ 서울 원정배달! (서울 도보 배달부업...,"앱에서 교환이 쉽지않아서 전화로 바꿨다는 후기... 배달중에 폰 꺼질까봐 ㄷㄷ했다.. 교환이 필요했던 적은 처음인데, 충전돼지에서 이건 좀 바꿔주면 좋을듯. 보조배터리 하나 사던지 해야겠다.(이러고 또...",https://blog.naver.com/uronomy729/223500014465,BAELODA,20240703,0,4,0,0,4,False
배달 부업 후기,배달,시간 자유 부업 찾는다면 쿠팡플러스! 부천 북부 배달알바 추천,실제로 많은 라이더들이 “지리적 감각이 있어 빠르게 적응할 수 있다”는 후기를 남깁니다.... 그래서 많은 분들이 시간 자유 배달 부업으로 활용하고 있어요.  현실적인 수익 + 빠른 정산 시스템 쿠팡이츠는...,https://blog.naver.com/djruao0987/223955514014,쿠팡이츠플러스 배민플러스 TOP부천지사,20250801,0,6,0,2,4,False
배달 부업 후기,배달,"쿠팡이츠 배달파트너 부부 부업  후기, 수입인증(feat.자동차)...","오늘은 저희 부부가 일상처럼 하고있는 부업 쿠팡이츠 배달파트너 후기를 써보려고 합니다 ! 처음에는 주변친구가 시작했다길래 , 드라이브도 좋아하고 둘다 운전을 할수있으니 그냥 같이 나가서 한두건만...",https://blog.naver.com/roziday/223546508434,속초새댁의 속초살이:),20240813,0,4,0,0,4,False
배달 부업 후기,배달,대구 배달 부업 기종 추천 버그만스트리트 125 리스,"배달 부업으로 오토바이를 고려 중이신 분들에게는 아무래도 ‘초기비용 부담’, ‘연비와 유지비’... 연비 및 유지비 측면에서 효율적 여러 리뷰에서 ‘연비가 55.6 km/L 수준’이라는 실 주행 후기가 나오고...",https://blog.naver.com/jameslna/224057996722,배달오토바이리스 배달투잡팁,20251103,0,6,0,2,4,False
배달 부업 후기,배달,쿠팡이츠 도보 배달 부업 후기,요새 핫하다는 쿠팡이츠 도보 배달을 한번 해보기로 했다 친구가 이걸로 몇만원 벌었다고 자꾸... 1KM이내 배달만 잡히기 때문에 그렇게 멀지 않다고 하던데 잡히는 거 보니 진짜 가까운 거리였다 ㅎㄷㄷ 그렇게...,https://blog.naver.com/dhdktlrtm/222228808011,탱이의 생활기,20210202,0,4,0,0,4,False
배달 부업 후기,배달,[직장인 부업] 쿠팡이츠 배달 파트너 자차배달 후기,"© paoloficasso, 출처 Unsplash 직장인 부업으로 배달 부업이 뜬지는 한참 된 것 같다. 퇴근 후에, 약속 전에... 이상 차팡러의 쿠팡이츠 배달 파트너 후기 끄-읏. 포스팅 끝내기 전에 마지막으로 나의 동료가 될...",https://blog.naver.com/staywithryoko/222859265737,RYOKO LAB,20220827,0,4,0,0,4,False
배달 부업 후기,배달,"배달비 삭감에 휘청이는 배달부업, 대안은 카카오T픽커!","안녕하세요~ 배달부업하는 디마입니다. 2025년은 정말이지 배달하기 힘든 시기입니다... 배달 플랫폼의... (이 글은 제 경험을 바탕으로 쓴 솔직한 후기입니다. 상황과 지역에 따라 다를 수 있으니, 참고용으로...",https://blog.naver.com/diima/223946102889,디마,20250725,0,4,0,0,4,False
배달 부업 후기,배달,쿠팡이츠 배달파트너 직장인 부업_(feat. 월 90만원 수입 후기),"그건 바로 쿠팡이츠 배달이며 직장인 부업, 퇴근 후 엔잡러를 꿈꾸는 분에게 상당히 적합하다고 판단됩니다. 수입은 얼마 거리에 따라 다르며, 전 오토바이도 없고 탈줄도 모르는 관계로 도보, 자전거...",https://blog.naver.com/wine8484/223245325545,자동으로 부자되기,20231025,0,4,0,0,4,False
배달 부업 후기,배달,배민커넥터 배달후기 (직장인부업),자기발전공간 30대 아재 헬린이 규칙적인 다이어트 헬스라이프 직장인부업 오예 직장인이 부업으로... 배달 수단은 도보로 선택했다. 가입 중에 도보/차량 등 배달 수단 선택을 꼼꼼히 생각하고 결정하는 게...,https://blog.naver.com/jo08082/222693709122,아빠곰 파이어 테크트리,20220407,0,4,0,0,4,False
배달 부업 후기,배달,직장인 부업 카카오픽커 배달 후기 & 주의할 점,옷만 바꿔입고 나가서 돌아온 시간 합하면 30분 정도 쓴듯 (시급으로 따지면 효율은 그닥인듯) 배달... 이상 궁금해서 해본 카카오픽커 배송 후기 끝 다음엔 무얼 시도해볼까나~! #카카오픽커 #직장인부업...,https://blog.naver.com/mad_parker/223745398105,Lovely day,20250202,0,4,0,2,2,False
배달 부업 후기,배달,대전 쿠팡알바 이츠플러스 프렉스 배달 부업지원 절차,"대전 쿠팡알바 이츠플러스 프렉스 배달 부업지원 절차 m.site.naver.com/1vwQ2 ▲▲ 대전 쿠팡알바 ▲▲ 대전... 충분했다”고 후기를 남기기도 했습니다. 2. 대전쿠팡물류센터알바, 지원서류와 절차 지원은 대부분...",https://blog.naver.com/9100010/224056152365,낚시배배,20251029,0,4,0,0,4,False
배달 부업 후기,배달,동시에 돌려봤습니다.배달 부업 수입리얼 후기,"그만큼 현장감 있게, 고객의 입장에서 생각해야 하는 게 배달부업의 기본이기도 합니다. 이번 콜은 반가운 곳이었습니다. 제가 예전에 한 번 주문해서 먹어보고, 진심으로 “어머니 손맛 같다”고 느꼈던 단짠의...",https://blog.naver.com/wscokr/223923545803,일상이 콘텐츠지 뭐,20250706,0,4,0,0,4,False
배달 부업 후기,배달,카카오 T 픽커 도보배송 부업 배달알바 후기,하고 부업으로(당시 백수라 본업이었음) 배달알바한 후기입니당. 카카오 T 픽커 어플을 사용했고 걷거나 자전거 타고 왔다 갔다 했어요. 보통 볼일 있어서 나갔다가 집에 가는 길에 어플 켜서 뜨면 하고 아니면...,https://blog.naver.com/yoon_2_life/223108373091,Yun Life,20230522,0,4,0,0,4,False
배달 부업 후기,배달,평일 자동차 배달 2시간 3만3천원 수입! 부업 후기 꿀팁 방출...,"배달 부업 수입> 1. 날짜 : 25년 3월 7일 월요일 2. 시간 : 19:00~21:00 3. 수입 1) 배민커넥트 : 16,200원 2) 쿠팡이츠배달파트너 : 17,583원 3) 합 계 : 33,783원 오늘 평일 저녁에 2시간 배달하고 33,783원을...",https://blog.naver.com/car-delivery1004/223825432844,"부업아빠, 배달로 일어서다",20250407,0,4,0,0,4,False
배달 부업 후기,배달,쿠팡이츠 배달파트너 솔직 후기｜부업으로 직접 해보고 느낀...,⸻ 왜 쿠팡이츠 배달파트너였냐면 부업 알아보면 다 비슷하잖아요. •정해진 시간 있음 •오래 해야 돈 됨 •은근히 스트레스 근데 쿠팡이츠는 구조가 단순해서 눈에 들어왔어요. ✔ 앱 켜면 시작 ✔ 끄면 끝...,https://blog.naver.com/b0ngu/224146778963,DataTeller’s Desk – 데이터로 읽는 일상,20260114,0,4,0,0,4,False
배달 부업 후기,배달,쿠팡이츠 배달파트너 자동차 여자부업후기,쿠팡이츠배달알바를 부업으로 시작해보았어용 >_배달 아르바이트 해보고 싶어서 과감하게 바로 도전했다쥬 안전교육비...,https://blog.naver.com/cnk221/223541432486,육아 & 다이어트 & 일상,20240808,0,4,0,0,4,False
배달 부업 후기,배달,직장인부업 후기 :: 배민커넥트 도보 배달 솔직후기 및...,오늘 소개해드릴 부업은 #배민커넥트 입니다  . . ⬆️배민커넥트 25년 5월 한달 찐 수입과 후기는 여기⬆️ 배민커넥트 도보배달 아마 많이들 알고 있으실텐데 전 배달..? 좀 오바 아냐..? 하면서 미루다가...,https://blog.naver.com/kkyangassi/223861265649,NO집순이의 멋과 맛,20250510,0,4,0,0,4,False
배달 부업 후기,배달,"배달(배민,쿠팡이츠) 부업... 가능할까? 신고 방법 & 실제 후기","부업 시작! (전기자전거로 배달 시작!) 저는 8월 26일부터 전기자전거(PAS)로 배달 일을 시작했어요. 육아휴직 급여 신청기간이 전월 26일부터 당월 25일까지라, 신고할 때 편하게 하려고 날짜를 맞췄답니다....",https://blog.naver.com/fantasyavata/224036042726,핵심만 요약! 핫이슈 뉴스 공장,20251009,0,4,0,0,4,False
배달 부업 후기,배달,"직장인의 부업, 카카오 배달 & 퀵 솔직후기!","로 부업 진행하고있습니다. 팁이라고 하면 팁이긴하지만, 저도 배달 영상도 많이 찾아보고 하니까 ""콜사"" 라는 용어가 있더라구요. 콜사(死) 콜이 죽었다, 즉 콜이 없다 라는 말이죠. 이 콜사의 시간을 어떻게...",https://blog.naver.com/sml1919/224147967615,천방지축 30대의 일상이야기,20260115,0,4,0,0,4,False
배달 부업 후기,배달,쿠팡이츠 배달파트너 부업 실제 체험 후기 친구코드 A87XF0IT,쿠팡이츠 초대코드 : A87XF0IT *가입 시 입력하고 7일안 첫배달 시 1만원 증정 오늘은 누구나 가능한 부업 쿠팡이츠 배달파트너를 소개해드릴게요. 쿠팡이츠 배달파트너를 체험해보고 느낀점은 정말 많은 분들이...,https://blog.naver.com/z1x2a3s4/223744199691,C군의 일상,20250201,0,4,0,0,4,False
배달 부업 후기,배달,[돈 모으기 - 부업] 쿠팡 이츠 배달 파트너 부업 후기!,"[돈 모으기 - 부업] 쿠팡 이츠 배달 파트너 부업 후기! 산책 & 걷기 운동(?) 할 때, 부업도 같이 하고자 깔았던 ""쿠팡 이츠 배달 파트너"" 사용 후기! 쿠팡 이츠 배달 파트너 어플 깔기 너무 당연한 거지만...",https://blog.naver.com/always_steady01/223388861665,늘 한결같이 꾸준하게,20240319,0,4,0,0,4,False
배달 부업 후기,배달,부업 추천! 배민플러스 투잡으로 부수입 벌기 (배달수익후기),"수익 후기, 시작 방법까지 모두 정리해드립니다. ✅ 별내동 부업, 왜 넘버원플러스, 배민플러스가 딱일까? 별내 배민플러스 1. 별내동은 배달 수요가 높은 지역 별내동은 아파트 단지와 상업시설...",https://blog.naver.com/superhero2021/223865920236,"오히려,좋아",20250515,0,10,0,2,8,False
배달 부업 후기,유튜브,배달 부업 vs 유튜브 부업? 뭐가 나을까?,배달 부업카페에 댓글을 보면 생생한 후기를 볼 수 있습니다. Source : 네이버 카페 가뜩이나 위험한 배달 부업을.. 하루 5.6시간을 투자해야한다면..? 시급은 2만원 수준이라면..? 우리는 다른 방향을...,https://blog.naver.com/lovecarve/223487963865,유튜브 성공코드,20240629,0,8,0,0,8,False
배달 부업 후기,배달,배민커넥트 전기자전거 배달 부업 시작하기 (2시간 5만원 수입),"3️⃣ 수입 높이는 배달 전략 수입을 높이는 배달 부업 전략은 “피크타임 공략과 두 앱 활용”... 제 블로그 카테고리에 • 배달앱 가입 이벤트, 가입 방법 • 실전 첫배달 방법, 배달 수입과 후기 • 배달...",https://blog.naver.com/car-delivery1004/224034983305,"부업아빠, 배달로 일어서다",20251008,0,6,0,0,6,False
배달 부업 후기,배달,스마트폰 부업 실패없이 할 수 있는 현실 후기,"늘 배달 음식, 소파에 앉으면 넷플릭스.. 이런 생활이 반복되다 보니 이러다 진짜 아무것도 못 바꾸겠다... 스마트폰 부업과 관련한 후기들을 봐도 썩 끌리지 않았어요 과장된 내용처럼 느껴지는 글도 많고...",https://blog.naver.com/kghic67/224136153180,람쥐씨의 알뜰살뜰 일상이야기,20260106,0,4,0,0,4,False
배달 부업 후기,배달,배민커넥트 부업후기 #5(feat.주류배달),"2.배달 부업 이야기 일을 쉬거나 할 때 전기스쿠터도 있겠다, 용돈벌이겸 하던 배달 부업, 다만 병원비가 더 나올거 같아서 오래 하지 않았던 배민커넥트 부업을 나감! -잠시,김서림 방지 Tip- 라이더분들이...",https://blog.naver.com/wayofmylife/223363222466,wayofmylife님의블로그,20240223,0,4,0,0,4,False
배달 부업 후기,배달,NMAX 125 리스 부업 배달로 적합할까?,"이번 글에서는 NMAX 125를 리스로 부업 배달용으로 선택할 때 어떤 장점과 한계가 있는지, 그리고 어떤... 실제 배달 라이더 후기 중심 정리 많은 배달 라이더들이 말하는 공통 포인트는 다음과 같아요....",https://blog.naver.com/noahing-/224162941677,놩이's 배달오토바이리스,20260131,0,4,0,0,4,False
배달 부업 후기,배달,쿠팡이츠 배달파트너 자동차 배달 부업 꿀 빨기 (2시간 10만원...,"쿠팡이츠 배달파트너 자동차 배달 부업 2시간 10만원 꿀 빨기 오늘 밤에는 쿠팡이츠 배달파트너에서... 카테고리에 • 배달앱 가입 이벤트, 가입 방법 • 실전 첫배달 방법, 배달 수입과 후기 • 배달 수입...",https://blog.naver.com/car-delivery1004/224035651462,"부업아빠, 배달로 일어서다",20251009,0,4,0,0,4,False
배달 부업 후기,배달,쿠팡이츠 배달파트너와 배민커넥트로 자동차 배달 부업...,자동차 배달 부업 시작하기 배민커넥트 & 쿠팡이츠 배달파트너 2시간 40분 6만원 수입 후기 추석이 다가오니 선물 준비가 부담이 되더군요. 그래서 선물 마련을 위해서 자동차 배달 부업을 나갔습니다....,https://blog.naver.com/car-delivery1004/224032532545,"부업아빠, 배달로 일어서다",20251005,0,4,0,0,4,False
배달 부업 후기,배달,직장인 배달 부업 수익 진짜 현실 [월간보고서2510],"과연 부업이라고 볼 수 있을까. 무엇을 해야 하는지 알면서도 왜 실행에 옮기지 못할까. 11월에는... 그래도 정말 오랜만에 주식이 올라줘서 수익이 나니 반가웠다(?) 배달 25년 10월 1,905,161원 9월에 열심히 한...",https://blog.naver.com/seoulgeojee/224064602471,서울거지 I 자본주의 생존기,20251105,0,6,0,0,6,False
배달 부업 후기,배달,쿠팡이츠배달파트너/배민커넥트 부업 후기 #3,과 달리 제품 기본값이 비싸서 어쩌다가 가는 편) =만원 넘게 지출 해서 배달 부업이 潮時(しおどき) -썰물 때처럼 뭔가 그만 두어야 할 시기를 말하는데- 라고 생각하면서도 오늘 지출한 비용은 부업으로...,https://blog.naver.com/wayofmylife/223320762108,wayofmylife님의블로그,20240112,0,4,0,0,4,False
배달 부업 후기,배달,쿠팡이츠 배달부업 하는법(배달파트너 교육 최신 정답...,"쿠팡이츠 배달 부업을 해보기로 했다. 많은 후기들을 보니 누구나 할 수 있어서 진입장벽은 없다고 한다 단, 2시간 짜리 교육 이수를 해야하고 문제가 총 10문제 나오는데 모두 맞히면 끝 끝나면 바로 차 끌고...",https://blog.naver.com/yus02029/224006351706,예사롭지 않은 블로그각,20250913,0,4,0,0,4,False
배달 부업 후기,배달,40대 회사원 아빠가 배민커넥트 자동차 배달 부업을 선택한 이유,"자세한 기록은 제 블로그 [한 달 챌린지 후기 카테고리] 에서 확인하실 수 있습니다. 4️⃣ 자동차 배달을 부업으로 선택한 이유 • 시간 자유: 퇴근 후와 주말, 원하는 시간만 투자 가능 • 체력 부담 적음...",https://blog.naver.com/car-delivery1004/224001758491,"부업아빠, 배달로 일어서다",20250909,0,8,0,0,8,False
배달 부업 후기,배달,"위례 쿠팡이츠 쿠리어 :: 도보, 차량 배달파트너 현실 부업 후기...",쿠리어 배달파트너로 부업해본 후기 포스팅을 마칩니다. 모두들 안전운전하세요! 감사합니다 :) #위례쿠팡이츠쿠리어후기 #위례쿠팡이츠배달파트너 #위례쿠팡이츠쿠리어배달파트너후기 #위례배달대행...,https://blog.naver.com/tkh456/222084463199,범범 블로그,20200909,0,4,0,0,4,False
배달 부업 후기,배달,배민커넥트 배달 부업 15만원 이벤트 혜택 언제까지,"'825311'은 7년 동안 유지해온 순수 커넥터 코드로 믿고 사용할 수 있습니다^^ 포털사이트에 825311 검색하면, 7년 차 투잡 라이더의 생생한 후기글들을 100개 이상 만나보실 수 있습니다. 배민커넥트 배달 부업...",https://blog.naver.com/nenesongpa/223869360814,다양한 스쿠터 바이크 튜닝용품을 찾고 계시나요?,20250518,0,6,0,0,6,False
배달 부업 후기,배달,직장인부업 | 배민커넥트 배달 후기 2탄 | 하이브리드 자동차,하고재비입니다 ~ 배민커넥트 배달후기로 또 찾아왔답니다. 첫 시작은 일요일 주말 오전에 배민커넥트를 했었죠. *제일 처음 작성한 배민 배달 후기 포스팅이에요.* ⬇️ 이번에는 퇴근 후 평일 저녁에 배달을...,https://blog.naver.com/hago_travel/223846840499,하고재비의 가성비 트래블로그,20250426,0,4,0,0,4,False
배달 부업 후기,배달,직장인 부업 도보배달후기 (3일차),"배달 밀집구역으로 가는데 노을이 너무 예뻐서 하나 찍어봤어요~~ 3/7 토 쿠팡 11,100 오늘도 배민은 자꾸 2천원짜리만 줘서 배민은 그냥 꺼두고 쿠팡으로만 했는데 사실 4건 하는데 한 50분?정도 걸렸어요 배달...",https://blog.naver.com/ystaging/224208201556,이곳저곳 탐방 ◡̈ ❤️,20260307,0,4,0,0,4,False
배달 부업 후기,배달,여름방학 부업 추천!! 단기렌트로 배달알바 시작하는 방법,"렌트로 시작했지만 장기 리스로 바꿀까 고민 중입니다."" – 직장인 부업 후기 결론 – 지금이 기회입니다 배달 수요는 계속 증가 중입니다. 특히 여름철은 배달 수요가 폭발하고, 경쟁은 줄어드는 시기입니다....",https://blog.naver.com/modoo551/223927368607,배달오토바이 리스 렌트 전문 모두의바이크,20250709,0,4,0,2,2,False
배달 부업 후기,배달,직장인 부업으로 쿠팡이츠 배달 후기,"좋지만, 부업 초기 단계에서는 진짜 욕심인 것 같은 느낌) 친구 한 명이 쿠팡이츠로 소소하게 돈을 벌고 있다고 한 번 해보라며 추천을 해주었다. 친구한테 쿠팡이츠 배달 후기를 듣고, 그리고 다른 분들의...",https://blog.naver.com/qown79/223058733784,머니 비망록,20230329,0,4,0,2,2,False
배달 부업 후기,배달,직장인부업 | 배민커넥트 배달후기 | 부부 부수입 알바 추천,새로운 머니파이프라인 구축을 위하여 하고재비 부부는 언제나 달려나갑니다 ~ 저는 또 다른 유익한 소식으로 찾아올게요 ! ⬇️ 실제 정산 내역 & 2번째 배달 후기도 궁금하시다면 ?,https://blog.naver.com/hago_travel/223842361098,하고재비의 가성비 트래블로그,20250422,0,6,0,4,2,False
배달 부업 후기,배달,"자전거 배달부업 후기(4)_진짜... 자전거 배달부업, 배민커넥트...","이런 날은 무조건 배달 각이다. 파워에이드와 물을 든든하게 챙겨서 아침부터 출발. 6월이 이렇다고?... ( 배달비를 계속 후려치긴 하는데, 위험수당은 꽤 잘챙겨준다.) 이렇게 되면 기존 배달비의 4/3배 정도가...",https://blog.naver.com/uronomy729/223488819495,BAELODA,20240623,0,4,0,0,4,False
배달 부업 후기,유튜브,유튜브 진출? 직장인 여자배달부업 인터뷰 하기로 했습니다,영상은 허티비잡스님께서 편집해서 올려주실거예요 많은 관심 부탁드립니다 배달 부업 후기 글 1월 배달 후기 2월초에 쓴 여자배달부업 한달차 후기글을 적었었죠 조회수가 많이 나오기에 유입경로를 보니...,https://blog.naver.com/bananana1234/222755639856,성실하게 채워나가는 작은거인의 블로그 :),20220603,0,6,0,0,6,False
배달 부업 후기,배달,쿠팡이츠 도보배달 | 여자 직장인 부업 후기 (feat. 7주 수입...,여자 배달 키워드로 많이 찾아와주신다. 완전 할 수 있습니다!!!! 그 대신 외진 곳은 늘 주의하시고 처음부터 무리하지 말고 본인의 패턴을 찾아가보세요. 응원합니다 ♡ 자세한 후기와 팁은 아래...,https://blog.naver.com/le_suhhhh/224028164042,취향 속 일상,20251001,0,4,0,0,4,False
배달 부업 후기,배달,"부업으로 시작한 첫 배달 리얼 후기(배민커넥트,쿠팡이츠)",바로 잡히면 좋은데 우리동네는 그렇지가 않아서 배달 잘 잡히는 곧으로가서 대기하는 시간이 좀 있었어요! 때돈은 못벌겠지만 쏠쏠하기는 할것같아요! 어쩃거나 저쩃거나 첫 배달부업 나름 재밋음 ㅋㅋㅋ,https://blog.naver.com/see7816/223129066218,see7816님의블로그,20230614,0,4,0,0,4,False
배달 부업 후기,배달,직장인 배달 부업 일지,부업에 대한 잡생각들 배달이나 대리운전이 꽤나 괜찮은 부업이라고 생각하는데 문제점은 이게 항상... 안전교육 이수증이 필요해서 미리 따 놓았는데 날씨 풀리면 한번 해보고 후기를 올릴 생각임. 왜 몸빵...,https://blog.naver.com/playa_24/223993042142,나의 해방일지,20250902,0,4,0,0,4,False
배달 부업 후기,배달,"구매 후기, 배민 팁, 쿠팡 팁, 배달 처음, 배달 부업,슈퍼커브 후기)","오늘은 제가 혼다 모터사이클의 슈퍼커브라는 바이크로 배달 부업을 시작하게 되어서 이렇게 후기를 남기는데요 저도 오토바이라는 자동차와, 배달이라는 업종은 모두 처음 겪어 보았고, 처음부터 이것 저것...",https://blog.naver.com/poposmoon/223475913693,곰곰이의 생각,20240611,0,4,0,0,4,False
배달 부업 후기,배달,배달 플랫폼 부업 수입 33 원천세 신고 직접 해본 후기,요즘 부업으로 배달 플랫폼 일을 하시는 분들이 정말 많아졌죠? 저 역시 여유 시간을 활용해 쏠쏠한 부수입을 만들어보자는 생각에 배달 라이딩을 시작했는데요. 첫 정산을 받고 통장에 찍힌 금액을 보며...,https://blog.naver.com/wwsy17/224000751117,경제종소리의 블로그,20250909,0,6,0,0,6,False
배달 부업 후기,배달,"배달부업에 딱 맞는 선불 유심폰, 왜 인기일까?","배달부업에 딱 맞는 선불 유심폰, 왜 인기일까? 안녕하세요! 요즘 부업으로 배달을 시작하신 분들... 앤텔레콤 후기를 많이 남기고 있어요. 번호를 오래 유지할 수 있다는 게 정말 크죠! 4. 요금제 구성...",https://blog.naver.com/02communication/223915922531,통신/핸드폰/인공지능/IT,20250629,0,4,0,0,4,False
배달 부업 후기,배달,"배민커넥트 자전거 배달 부업 1,200건 후기 (수입,시급,가이드...","배민커넥트를 주로 쓰고 있고, 쿠팡이츠배달파트너를 부로 쓰고 있습니다. 10-19일 기준으로 1,164건... 이는 요즘 알바 시급보다 훨씬 더 높기에 부업으로 완전 좋습니다. 주부님들도 어렵지 않게 자전거만 탈...",https://blog.naver.com/sugukzzi/223241461697,수국이의 리뷰세상,20231020,0,4,0,0,4,False
배달 부업 후기,배달,배달 부업 쿠팡이츠 배민커넥트 비교 및 수익공개,이렇게 배민커넥트와 쿠팡이츠 배달파트너 어플의 장단점에 대해 알아봤는데요 제 후기를... 지금까지 쿠팡이츠와 배달커넥트의 장단점 비교와 배달부업 수익에 대해 포스팅 해봤습니다. 혹시! 배달...,https://blog.naver.com/pro_jin_/223593469117,진씨의 브라보 라이프,20240923,0,6,0,0,6,False
배달 부업 후기,배달,벌었다~ (* ^ ω ^) / 쿠팡이츠 배달파트너 후기 부업 추천,쿠팡이츠 배달파트너 / 여자 부업 추천 / 직장인 부업 추천 / 용돈 / 아르바이트 / 알바 추천 / 꿀알바 / 후기  쿠팡이츠...,https://blog.naver.com/qkrwldms2898/223512458270,Go go!,20240714,0,4,0,2,2,False
배달 부업 후기,배달,쿠팡이츠 배달파트너 부업 솔직 후기(꿀팁 포함),대략 2년전 쯤 직장인으로서 별생각없이 편하게 할 수 있는 부업이 뭐가 있을까? 생각했습니다. 고민하던 중 시작하게 된 쿠팡이츠 배달! 어떻게 시작하고 어떤 흐름으로 흘러가는지에 대해 알기쉽게...,https://blog.naver.com/bwy1123/223488172204,"인생은 시트콤, 기록은 다큐",20240623,0,4,0,0,4,False
배달 부업 후기,배달,쿠팡이츠 배달파트너 자전거 수입 후기,포스팅을 통해 수익이 발생할 수 있어요 쿠팡이츠 배달파트너 자전거 수입 후기 부업으로 뭘 할까 고민하던 때가 있었어 돈을 벌고 싶은 마음은 있었지만 너무 큰 부담을 주는 일은 싫었고 정해진 시간 없이...,https://blog.naver.com/loveluvvv/224090262245,^^,20251127,0,6,0,0,6,False
배달 부업 후기,스마트스토어,쿠팡이츠 배달파트너 자동차 정산 후기,쿠팡이츠 배달파트너 자동차 정산 후기 회사 일정이 들쑥날쑥해지면서 내 시간대로 할 수 있는 부업을 하나 찾고 싶었다. 누군가는 온라인 판매를 하고 누군가는 대신 배송대행도 하고 여러 가지를 고민해봤지만...,https://blog.naver.com/fckow/224095784059,주택담보대출 공유합니다.,20251202,0,6,0,0,6,False
배달 부업 후기,배달,방문자 5000명 유입 검색어 신청 승인 조건 부업 수입 후기,"특히 많은 분들이 도보 배달, 자전거 배달, 새벽배송, 택배 알바 등 내가 경험했던 부업 후기글을 검색을 통해 들어오셔서 보셨다. 대단한 경험은 아니지만 힘든 시기를 버티게 해준 경험들을 글로 남기기...",https://blog.naver.com/xxx_xxx_xxxx/222255825072,소중한 오늘,20210225,0,4,0,0,4,False
배달 부업 후기,배달,저녁아빠의 자전거 배달 부업 도전기! 1편 (feat. 육아 아빠),"제가 직접 경험한 저녁 자전거 배달 부업의 솔직 담백한 후기와, 육아 아빠들에게 강력 추천하는 이유를 지금부터 말씀드리겠습니다! 왜 자전거 배달 부업을 선택했을까? 사실 저도 처음에는 ‘퇴근하고 또...",https://blog.naver.com/cowsangsa/223934362638,저녁아빠,20250715,0,4,0,2,2,False
배달 부업 후기,배달,"쿠팡이츠 자전거 배달 후기 (2025,12)","최근에 부업으로 쿠팡이츠 배달을 시작했는데 두어달 하면서 느낀 후기를 공유해 보고자 합니다. 앱 사용방법은 다른 분들께서 많이 공유해 주셔서 경험, 후기 위주로 말씀드릴까 합니다. 일단 저는 다음과...",https://blog.naver.com/han_seok/224114053109,키튼씨의 블로그,20251218,0,4,0,0,4,False
배달 부업 후기,배달,자동차 배달 부업 6시간에 16만원 수입! 배민커넥트 가입부터...,"제 블로그 카테고리에 배달앱 가입이벤트, 가입방법, 실전 첫배달방법, 배달 수입 및 후기, 배달 수입 높이는 방법, 배달 꿀팁, 배달부업 월100만원/200만원 벌기, 세금과 보험 등을 구분 정리했습니다....",https://blog.naver.com/car-delivery1004/223983319118,"부업아빠, 배달로 일어서다",20250826,0,6,0,0,6,False
배달 부업 후기,배달,"노원 선불 유심, 배달 부업할 땐 이런 업무폰이 정답","서울 노원구에서 배달 부업을 준비 중이시라면, 오늘 소개해드리는 선불 유심 업무폰 구성을 꼭... 실사용자들 사이에선 업무 효율이 2배 가까이 오른다는 후기도 있어요. 2. IMEI 유출 시 일어나는 일들...",https://blog.naver.com/youdongcommunication/223915877176,유동통신,20250629,0,4,0,0,4,False
배달 부업 후기,배달,배민커넥트 배달의민족 배달부업 후기,>피크 요즘 날이추워져서 그런지 배달팁이. 다시 오르고 있습니다. 처음 시작했을 때 정도는 아니지만... >신문 신문에서는 배달 망한다 줄어들거다 하는데 플랫폼이 가만히 있진 않습니다. 업체와 협업하여...,https://blog.naver.com/dadsdd2002/222573030214,흙잡스,20211119,0,4,0,0,4,False
배달 부업 후기,배달,직장인 부업으로 쿠팡이츠 배달? 2주차 후기 & 두 번째 정산 공개!,just 몸만 있으면 됨 ㅋㅋㅋ 쿠팡이츠 배달파트너 직장인 부업으로 해볼까 말까 고민 중이신 분들은 첫 배달이라도 무조건 해보시길!!! 그럼 쿠팡이츠 배달파트너 2주차 후기와 두 번째 정산은 여기서 끗!!!...,https://blog.naver.com/gkrud4305/223846082988,돈많은 백숙,20250425,0,4,0,0,4,False
배달 부업 후기,배달,직장인 부업으로 부수입 만들기 300만 원 돌파했네요^^,"ㅎㅎ 특히 주말을 이용해서 배달 부업을 병행했고, 한 번 나가면 대략 5시간 정도 배달을 했는데 나이가... 네이버 쇼핑 커넥트는 지난 포스팅에서도 후기를 적었는데요. 어제도 작성했던 포스팅에서도 구매가...",https://blog.naver.com/eeeooot/223920896477,해서민 블로그,20250703,0,6,0,0,6,False
배달 부업 후기,배달,전기자전거 첫 배달을 다녀왔습니다! (쿠팡 첫배달 후기),퇴근 후 2시간 정도 부업으로 해볼 예정입니다. 경제적 자유에 대한 꿈을 꾸고 있는데 여러 가지 파이프라인을 한번 만들어 보고 싶어서 도전해 보게 되었습니다. 지인으로부터 배달 많은 지역에서는 돈이...,https://blog.naver.com/realdata/224189232330,"기타치는 아빠, 그리고 우리 아이들",20260220,0,4,0,0,4,False
배달 부업 후기,유튜브,"부산 서면 선불폰, 배달앱 부업폰 요금제 꿀조합","부산 서면에서 배달 부업을 시작하신 분들, 또는 여러 배달 앱을 병행하는 분들이라면 ‘선불폰’에... com에서 셀프 개통 가능 유튜브 ‘뭔데아재’ 채널에서 실제 후기 영상도 확인 가능해요. 4. 요금제...",https://blog.naver.com/02communication/223913807612,통신/핸드폰/인공지능/IT,20250627,0,6,0,0,6,False
배달 부업 후기,배달,쿠팡이츠배달파트너 부업 나의 솔직 후기,"저는 2023년 7월부터 현재까지 부업으로 쿠팡이츠 배달을 하고 있어요. 저만의 ""쿠팡이츠 부업 비법""을 솔직하게 알려드릴께요. [배달을 위한 준비] 먼저 쿠팡이츠 배달 파트너 앱을 설치하고 가입을 진행해요....",https://blog.naver.com/khdosa0614/223743620965,푸푸의 일상,20250131,0,4,0,0,4,False
배달 부업 후기,배달,부업 쿠팡이츠(차팡) 리얼 솔직 100% 후기 및 개꿀팁(차로 배달...,"3번째 배달 종료시간이 1시간을 넘어도 상관 없다고함. 다음 부업 후기로는 쿠팡물류센터를 해볼 생각입니다. 다른 것이 될수도 있겠죠??? 미친듯이 오르는 물가.... 하지만, 월급은 미동도 없는...",https://blog.naver.com/mljyij1/223012794289,.,20230211,0,4,0,0,4,False
배달 부업 후기,배달,쿠팡이츠 배달파트너 경차로 부업 한달 순수익!!!,"사무실 일만으로는 뭔가 아쉬워서 시작한 배달 부업, 한 달 동안 해보니 생각보다 괜찮은 수익이... 한 달 후기 처음 시작할 때는 '과연 얼마나 벌 수 있을까?' 하는 의문이 있었는데, 한 달 해보니 주 25만원...",https://blog.naver.com/snowgrain/224004860245,라라짱님의 블로그,20250912,0,6,0,0,6,False
배달 부업 후기,배달,"서울 강서구 선불폰, 배달기사 부업폰으로 쓰기 딱 좋은 구성","서울 강서구 지역에서 배민·쿠팡이츠 등 배달 부업을 하시는 분들께 꼭 맞는 선불폰 구성을... 만족 후기를 확인할 수 있어요. 4. 강서구 라이더들이 많이 쓰는 요금제 강서구 화곡동, 발산, 등촌 등 주요...",https://blog.naver.com/youdongcommunication/223915848390,유동통신,20250629,0,4,0,0,4,False
배달 부업 후기,배달,배달부업 팀프매치 내 차로 새벽배송알바 하면서 부수입 만들기...,본 포스팅은 팀프매치로부터 소정의 원고료를 지급받아 작성된 후기입니다. 배달부업 팀프매치 내 차로 새벽배송알바 하면서 부수입 만들기 (동네알바어플 추천!) 안녕하세요. 리뷰박사입니다. 요즘 월급만으로...,https://blog.naver.com/hmshms1224/223804681486,리뷰박사,20250321,0,6,0,2,4,False
배달 부업 후기,배달,배달 부업 시작했다면? 선불폰으로 업무폰 준비하는 법,"요즘 배달 부업 시작하신 분들 정말 많죠. 처음 시작할 때는 핸드폰 한 대로도 괜찮지만, 한 곳에... 사용 후기 영상도 있으니 참고하면 좋아요! 4. 요금제 & 유심 구성은 이렇게 하세요 유심은 이마트24, GS25...",https://blog.naver.com/youdongcommunication/223912018350,유동통신,20250626,0,4,0,0,4,False
배달 부업 후기,배달,"배달 알바 배민커넥트 시작하기(부업, 후기, 가입 Tip, 직장인...",시간과 장소에 얽매이지 않고 자신이 원하는 시간에 원하는 만큼 일할 수 있는 부업을 찾는 분들이... 단 오토바이 또는 자동차 수단을 이용한 배달을 진행하고자 하는 분들께서는 운전면허가 필수 입니다....,https://blog.naver.com/sncopy/222176798094,Time Will Tell,20201217,0,4,0,0,4,False
배달 부업 후기,배달,쿠팡이츠 배달 파트너-유연한 배달 부업 소개(자동차/자전거...,"오늘은 ""쿠팡이츠 배달 파트너-유연한 배달 부업 소개(자동차/자전거/도보 가능)""로 포스팅 해보겠습니다. ✅목차 1.쿠팡이츠 배달 파트너란? 2.주요 장점 정리 3.수익 후기 및 꿀팁 4,가입 방법 및 절차 5.자주...",https://blog.naver.com/kimsung3002/223932796795,kim경산임당역선불폰 님의블로그,20250714,0,6,0,0,6,False
배달 부업 후기,배달,직장인 부업 도전! 배민커넥트 경차 배달 후기,"큰 투자가 필요한 것도 아니고, 짬나는 시간만 활용하면 되다 보니 직장인 부업으로 딱이에요   9월 11일 기록 총 5건 배달  23,740원  9월 12일 ~ 14일 기록 총 19건 배달  119,980원 •9월 13일 : 11건, 71...",https://blog.naver.com/sangyun727/224009232184,도전,20250915,0,6,0,0,6,False
배달 부업 후기,배달,"[부업추천] 쿠팡이츠 배달파트너 자동차 후기 및 수입,평균수익...",싶어서 부업으로 이번에 시작하게 되었습니다. 저같은경우는 평일에 퇴근하고 주짓수 하고 나오면... 쿠팡이츠 배달 파트너 자동차 배달 후기 다음번에 또 한번 작성해서 올려보겠습니다. 열심히 사시는...,https://blog.naver.com/sis357/223306816580,원미닛의 일기장,20231229,0,6,0,2,4,False
배달 부업 후기,배달,"쿠팡 깜짝미션 최고, 8월 수요일 배달 직장인부업 821",배달 시작합니다 다음주는 늦은 여름휴가라 배달 생각 없이 쉬려고 마음을 먹었기에 월화에 배달을 했어야 하는데 너무 피곤해서 집에오면 기절을 반복하다보니.. 배민 쿠팡 둘다 단가가 별로라서...,https://blog.naver.com/tuning7wh/223556615434,반복된 일상.. .. ..,20240822,0,4,0,0,4,False
배달 부업 후기,배달,쿠팡이츠 도보배달 부업 겨울 성수기 25년,"도보배달 꿀팁 후기 03 우버이츠 개인적으로 우버이츠부터 시작해 배민, 요기요, 우딜 등 다양한 플랫폼에서 부업하고 있는데요. 자전거와 자동차, 오토바이 등 운행 가능한 모든 운송수단 활용해...",https://blog.naver.com/punk98/223760508339,Green Day,20250214,0,4,0,0,4,False
배달 부업 후기,배달,배민 배달 직장인 투잡 부업 자동차 배달 주말 2시간 후기,배민커넥트 배민 배달 직장인 투잡 부업 자동차 배달 주말 2시간 후기 안녕하세요! 배민 배달 경험을 재미있게 풀어드리는 부업늘보입니다. 일이 힘들고 바빠 밀린 배달일지를 올립니다. 오늘도 배민 자동차...,https://blog.naver.com/ignorant_sloth/224020806368,늘보의 일상,20250925,0,6,0,0,6,False
배달 부업 후기,배달,2026년 올여름 할 수 있는 직장인 부업 TOP 5,"여름 배달 부업 카페 음료 빙수 야식 편의점 배달 냉면 및 삼계탕 일단 여름이 되면 폭염 + 장마가 있어... 휴가철 숙소, 맛집, 여행 콘텐츠 제작 서울 근교 계곡 여름 맛집 가성비 숙소 캠핑장 후기 물놀이 준비물...",https://blog.naver.com/kkhcommerce/224288209769,돈 버는 블로그,20260517,0,6,0,0,6,False
배달 부업 후기,배달,직장인 부업 도보 배달 VS... (배민 커넥트 후기 배달 단가 공개),"약 2달간 배달 부업 하면서 꿀팁, 느낀 점에 대해 써보려고 한다. 배달 부업으로 선택할 수 있는 어플은 배민커넥트, 쿠팡 배달 파트너 이렇게 두 개다. 현재 나는 배민 커넥트만 이용하고, 쿠팡 배달...",https://blog.naver.com/upswinging/222850250808,나이만 먹긴 좀 그래서 이것저것 다 해보는 공간,20220816,0,4,0,0,4,False
배달 부업 후기,배달,쿠팡이츠 자동차 배달 근황 & 부업 라이더의 현실 속 이야기,"오늘은 쿠팡이츠 자동차 배달을 부업으로 하는 라이더의 현실적인 이야기와 꿀팁, 그리고 요즘 같은... 리얼 후기와 꿀팁이 필요하면 언제든 궁금한 거 물어봐주시고, 공유도 해주세요. 쿠팡이츠 친구 초대...",https://blog.naver.com/snowgrain/224174906574,라라짱님의 블로그,20260207,0,4,0,2,2,False
배달 부업 후기,배달,"자전거 배달부업 후기(12)... (대구 자전거 배달부업, 배민커넥트...","7건 수행시 15000원 이니까, 건당 어림잡아 2150이 더해지는 셈이라, 기본 배달료 3000원정도에 더하면 건당 5000원정도의 배달료가 나온다.ㅎㅎ 저녁에 시원하게 배달하는것 치고는 아주 좋은 가격이라서...",https://blog.naver.com/uronomy729/223519779766,BAELODA,20240721,0,4,0,0,4,False
배달 부업 후기,배달,오늘의픽업 배달알바 도보 자가용 배송 주부부업 후기,"처음해본 배송알바 주부나 학생도 자가용, 오토바이, 도보로 배달이 가능하고 시간의 압박이 덜해서 부업으로 강추해요 저도 일주일에 두 세번 아이들 학원 갈때는 하려고 마음먹었답니다 한번 도전해보세요~~",https://blog.naver.com/ainiblue/222811442499,lemonsalt,20220714,0,4,0,0,4,False
배달 부업 후기,배달,"부업 첫 시작 (배민커넥트, 쿠팡이츠), 배달첫날후기 EP.2",내일은 좀 더 잘될거란 희망을 가지고 내일또 도전해보겠습니다. 긴글 읽어주셔서 감사합니다. 배달하고 알게 된 별의별 상황들  5일 후기 - 배달하다 응급실 간 썰,https://blog.naver.com/justdoeat3/224121547060,배봉이의 인생이야기,20251224,0,4,0,0,4,False
배달 부업 후기,배달,배달의민족 배민커넥트 오토바이부업 후기 4편(세금 및 보험),오늘은 부업후기 세금 및 보험편입니다. 입금될 때 차감되서 들어옵니다. 사진 올린건 실제... 한 1~2건 더 배달해야겠네요. ㅠ >주민세 주민세는 1590원입니다. >유상운송보험비 이건 세금은 아닙니다....,https://blog.naver.com/dadsdd2002/222384091763,흙잡스,20210604,0,4,0,0,4,False
배달 부업 후기,배달,"쿠팡이츠 배달파트너 자동차 부업하기 (2시간 43분 63,525원...",(초대코드 1만원 + 첫배달 2만원)  앱 설치 + 코드 입력 바로가기 자동차로 드라이브하며 돈 버는 후기를 전해드렸어요. 자투리 시간에 가볍게 시작해서 통장 잔고 함께 늘려나가요! 오늘의 부업 리뷰가...,https://blog.naver.com/car-delivery1004/224229709995,"부업아빠, 배달로 일어서다",20260326,0,4,0,0,4,False
배달 부업 후기,배달,배달의민족 배민커넥트 오토바이부업 후기 3편(피크 시간),배달의민족 배민커넥트 부업 후기 3편 피크시간입니다. 크게 4가지로 구분해보겠습니다. 이 시간에만 하는 것도 꿀입니다. >점심시간 먼저 점심시간대인데 크게 엄청 단가가 많이 오르진 않지만 만원짜리...,https://blog.naver.com/dadsdd2002/222381899471,흙잡스,20210603,0,4,0,0,4,False
배달 부업 후기,배달,배달 5만원 수입 인증 방법 공개! (쿠팡이츠배달파트너 부업),"앞으로도 주말과 퇴근 후에 배달 부업을 이어가면서 또 다른 후기로 인사 할게요. 모두 화이팅입니다! 제 블로그 카테고리에 배달앱 가입이벤트, 가입방법, 실전 첫배달방법, 배달 수입 및 후기, 배달 수입...",https://blog.naver.com/car-delivery1004/223996718780,"부업아빠, 배달로 일어서다",20250905,0,6,0,0,6,False
배달 부업 후기,배달,배민 커넥트 부업 배달하는 방법 가입·배달·수익 한눈에 정리,안녕하세요 지난번 글에서는 전기 스쿠터로 배달해 본 솔직한 후기와 수익을 공유해 봤는데요. 이번에는 부업으로 배달을 고민 중이신 분들을 위해 배민 커넥트로 배달하는 방법을 자세히 적어보려고 합니다....,https://blog.naver.com/jane929-/224174593389,muz,20260206,0,6,0,0,6,False
배달 부업 후기,배달,시간 적은 부업? 배달 대신 온라인에서 벌자!,"시간 적은 부업? 배달 대신 온라인에서 벌자! 부업은 이제 단순히 생계를 보충하는 수단이 아니라... 시간 적은 부업, 연우도 실제로 하고 있어요! 다양한 후기 구경하고 가세요 ^^ 4. 실제 사례 사례 1: 직장인 A씨...",https://blog.naver.com/zbootaue/223944431082,연우의 부업 스토리,20250723,0,4,0,0,4,False
배달 부업 후기,배달,직장인 종합소득세 신고 처음해본 후기 (배달부업 카카오톡...,바로 종합소득세 신고의 달 입니다 작년에 열심히 배달부업을 해서 종합소득세 신고를 처음해보게 되었어요 국세청 카카오톡 알림 국세청에서 전자문서가 옵니다 열람하기를 누르고 공인인증서 비밀번호...,https://blog.naver.com/bananana1234/223090636031,성실하게 채워나가는 작은거인의 블로그 :),20230501,0,4,0,0,4,False
배달 부업 후기,배달,직장인 부업 알바ㅣ커플... 자동차 배달 수익금 후기 총정리...,"처음에 시작하는 방법부터 진행하는 과정, 그리고 저희 커플의 생생한 진행 후기까지! 재밌게 읽어 주시면 감사드리겠습니다 시작이 반이다! '내가 해 볼 수 있는 부업이 뭐가 있을까?' 생각했을 때 배달밖에...",https://blog.naver.com/etocouple0218/223979573276,에토커플의 소소한 일상 기록❤️,20250822,0,6,0,0,6,False
배달 부업 후기,배달,쿠팡 이츠 배달 파트너 시작하기- 부업해보자,"있습니다 배달 후기를 찾아보니 점심, 저녁 피크타임이 따로 있더라고요! 부업이다 보니 기본적인 생활패턴에서 크게 벗어나지 않는 범위에서 배달을 하려고 합니다 * 쿠팡이츠배달 파트너 어플을...",https://blog.naver.com/y_na/223763610761,초록같은 하루,20250217,0,4,0,0,4,False
배달 부업 후기,배달,"자전거 배달부업 후기(11)... (대구 자전거 배달부업, 배민커넥트...","제한 시간이 얼마 남지 않은 쿠팡 미션은 버려두고, 맥도날드랑 피자 치킨을 엄청 배달했다. 반월당 닭강정 쫀맛. 같은 아파트 같은 동에 여러 주문이 잡히는 행운도 누리면서, 업힐도 한 3개쯤 오르니...",https://blog.naver.com/uronomy729/223519556509,BAELODA,20240720,0,4,0,0,4,False
배달 부업 후기,배달,전기자전거 배달 부업 및 토투 배달 가방 62L 후기,전기자전거 부업 시작! 준비물 가끔씩 시간 날 때 자동차로 배달을 종종 했었는데 아무래도... 후기 전기자전거를 처음 타보는 거라 어렵지 않을까 걱정했는데 평소에 타던 자전거와 크게 다를 건 없었고...,https://blog.naver.com/kls0762/223891575554,희재네집,20250607,0,4,0,0,4,False
배달 부업 후기,배달,"자전거 배달부업 후기(9)... 자전거 배달부업, 배민커넥트...",7월 9일 요약 : 오래된 폰이면 비오는 날 배달할 때 조심! 음식 픽업 후 폰 사용불가 일시 가게 회수가... 기본배달료는 1도 안올리면서 배달 미션을 종종 뿌린다. 문제는 배달 미션을 뿌려놓고 달성을 못하게...,https://blog.naver.com/uronomy729/223508072165,BAELODA,20240710,0,4,0,0,4,False
배달 부업 후기,배달,직장인 부업으로 괜찮을까? 쿠팡이츠 배달 한달 리얼후기 (꿀팁...,제가 직장인 부업으로 쿠팡이츠 배달을 시작한지 벌써 한달이 됐더라구요 그래서 오늘은 4주차 정산과 쿠팡이츠 배달 한달 후기를 작성해보려구 합니닷 직장인 부업으로 쿠팡이츠 배달을 고민하고 계셨던...,https://blog.naver.com/gkrud4305/223862462679,돈많은 백숙,20250512,0,4,0,0,4,False
배달 부업 후기,배달,[배민커넥트] 자동차 배달 부업 준비(1),그것도 배민커넥트 자동차 배달 부업으로 말이죠~! 제가 부업을 하기로 결심한 이유는 회사 월급으로는... 요번주 안에 2편까지 들을려구요. 또 후기 알려드릴게요~! 이상 무식늘보였습니다~!,https://blog.naver.com/ignorant_sloth/223969557756,늘보의 일상,20250813,0,4,0,0,4,False
배달 부업 후기,배달,"[부업왕 요녀석 ep.5] 4일에... 도보배달 후기, 수익인증...",#직장인부업 #배달알바 #도보배달 #쿠팡이츠 수익인증 들고 왔습니다 ٩(｡•ω•｡) 안녕하세요~긱!... 얼마 전 도보 배달 후기에서 슠슠과 함께 쿠팡이츠로 배달한 요녀석 엘라입니다. 안 본 사람은...,https://blog.naver.com/myyogig/222612818531,요긱 공식 블로그,20220104,0,6,0,0,6,False
배달 부업 후기,배달,"쿠팡이츠 배달 파트너 ,누구나 가능한 유연한 배달부업!(자동차...","3.실제 수익및 후기 쿠팡이츠 배달은 고정 시급이 아닌 콜수,거리,시간대 등에 따라 수익이 달리집니다. ●하루 30분 부업→한달 약 8만원 ●성수기.이벤트 활용시 월 30만~50만원 이상 수익 가능 ●비수기에는...",https://blog.naver.com/kingzhat3192/223893294183,kingzhat3192님의 블로그,20250609,0,6,0,0,6,False
배달 부업 후기,배달,"회사 몰래 배달 부업하는 법, 4대 보험 안 걸리는 기준 (ft....","가입이벤트, 가입방법, 실전 첫배달방법, 배달 수입 및 후기, 배달 수입 높이는 방법, 배달 꿀팁, 배달부업 월100만원/200만원 벌기, 세금과 보험으로 구분 정리했습니다. 배달하는데 도움되시길 바랄게요.^^",https://blog.naver.com/car-delivery1004/223978359483,"부업아빠, 배달로 일어서다",20250821,0,4,0,0,4,False
배달 부업 후기,배달,"직장인의 배달 부업에 대한 궁금증 (우려, 수단, 시급)","운동, 자기 계발, 부업 3요소를 동시에 할 수 있습니다. 분명 시급 외 노동의 가치가 있었음을 깨달았던 후기입니다. 쿠팡잇츠 배달파트너도 가입 보냉 가방도 있고 조금 익숙해졌다면 쿠팡잇츠 배달파트너도...",https://blog.naver.com/boot_re/223394758962,부자 투자로 이루리,20240325,0,4,0,2,2,False
배달 부업 후기,배달,배민 커넥트/쿠팡이츠 배달파트너 부업 배달 알바 후기 1탄...,쿠팡이츠 배달파트너 를 도전 해보려고 하시는 분들 2. 배달 알바에 대해서 궁금한 분 3. 부업... 알바 후기 배달 알바 시 지출 (내야 될 돈) 1. 원천징수 3.3 % 2. 배민 커넥트 / 쿠팡이츠 배달파트너 보험 1시간...,https://blog.naver.com/givercan/222826250818,"""당신을 행복하게 만드는 남자"", 현모양처",20220724,0,4,0,2,2,False
배달 부업 후기,배달,도보배달로 동네 산책하고... 얼마일까? feat. 직장인 부업 추천,도보배달 후기 스타트 카카오 T 픽커 도보배달 방법 및 후기 먼저 카카오 T 픽커 어플에 접속한다. 퀵... 도보배달로 동네 산책하면서 커피 값 벌기 어떠신가요! 큰 제약이 없어 직장인 부업으로도 추천한다....,https://blog.naver.com/yjheo309/223377308459,기록하는 융로그,20240315,0,4,0,2,2,False
배달 부업 후기,배달,"자동차 배달 부업하는 방법 총정리! (쿠팡이츠, 배민커넥트)","저는 퇴근 후 매일 배달 부업 뛰면서, 배달 수입과 후기 글 올리고 있습니다. 덕분에, 배달 부업 수입 200만원을 유지하고 있습니다. 여러분도 함께 화이팅입니다! 참참참, 배민커넥트와 쿠팡이츠 배달파트너...",https://blog.naver.com/car-delivery1004/223864785839,"부업아빠, 배달로 일어서다",20250514,0,4,0,0,4,False
배달 부업 후기,배달,쿠팡이츠 배달파트너 후기 부업으로 편하게 할 수 있는 직업,오늘또 날씨가 영하로 뚝..내일은 더 춥다고 하네요 제가 지금은 본업을 잠깐 쉬고 있어서 주말인데 할거 없나 찾아보다 부업을 해봤어요!누구나 할 수 있는 쿠팡이츠 배달 바트너! 오토바이 뿐만 아니라...,https://blog.naver.com/pt02097s/223315314548,TMW_P,20240107,0,4,0,0,4,False
배달 부업 후기,배달,"[일상] 소소하게 부업하기, '배민커넥트' 도보 배달 후기",그냥 블로그 후기나 가이드 안 보고도 충분히 풀 수 있다 !! *교육듣기 사이트 참고* 교육 이수 이후... 편한 부업이 없다 (남자친구는 배민 주문하고 ‘도보로 배달’ 알람 뜨면 스트레스 받는다던데.....,https://blog.naver.com/launch_maker/223197125210,지와와의 일상,20230830,0,6,0,0,6,False
배달 부업 후기,배달,"쿠팡이츠 오토바이 배달후기(준비, 부업, 알바)","추후 보험 문제를 해결한 뒤 배달의 민족 커넥트도 이용해 볼 생각인데, 다음 포스팅으로 후기를 올려보려 한다. 암튼 초보자에게 차량 쿠팡이츠는 비추천!! 사족이지만 그래도... 친구를 초대하고 초대한...",https://blog.naver.com/reconlch/222933883827,볼러의 취미생활,20221120,0,4,0,2,2,False
배달 부업 후기,배달,자동차배달 카팡 차팡 부업 1일 실제 수익후기 블로그 63일차,"어제 쿠팡이츠 배달파트너 실제 수익후기 글을 작성 한 뒤 갑자기 하고싶은 마음에 할 일을 왠만큼... 시간 당 17,477원 건 당 7,490원 3시간에 5만원이면 매우 훌륭한 부업이다. 기름값은 5천원도 안...",https://blog.naver.com/business_hobby/223958488717,#사업 #취미 #일상 #유튜브 #GTA #다이캐스트 #자동차,20250804,0,8,0,0,8,False
배달 부업 후기,배달,쿠팡이츠 배달부업 생초보 자동차로 배달하기 2개월 후기,오늘은 자동차로 배민커넥트와 쿠팡이츠를 직접 2개월 동안 뛰어본 후기를 솔직하게 공유해보려고... 자동차로 배달하려면 ➡ 유상운송 보험 필수 부업으로 하는 경우 ➡ 시간제 보험(시간제 유상운송) 가입...,https://blog.naver.com/jinsyoon97/224097897958,송도 하늘채 아이비원,20251204,0,4,0,0,4,False
배달 부업 후기,배달,메리츠 파트너스 직장인 부업 후기,"메리츠 파트너스 직장인 부업 후기 이번에 제대로 공부해 보니 정말 여러 가지가 있었어요. 멘토님과... 배달이나 아르바이트는 시간을 빼앗겨 체력 부담이, 맞지 않게 되었고, 하지만 메리츠 파트너스를 알게...",https://blog.naver.com/fist1085/223924483180,슬기로운 하루 일과,20250707,0,4,0,0,4,False
배달 부업 후기,배달,"배민커넥트 vs 쿠팡이츠배달파트너, 배달 부업 앱 무엇이 더...","부업으로 배달을 고민할 때 비교되는 플랫폼은 배민커넥트와 쿠팡이츠배달파트너 입니다. 두 앱... 첫배달로 3만원 받고 시작!  제 블로그 수입 카테고리에 있는 ""..배달보너스 싹쓸이.."" 후기글처럼...",https://blog.naver.com/car-delivery1004/223985830770,"부업아빠, 배달로 일어서다",20250827,0,6,0,0,6,False
배달 부업 후기,배달,"구매 후기: ""배달 부업의 든든한 파트너, 하지만 아쉬운 점도?""","대상 배달 부업을 시작하는 초보 라이더 저렴한 가격으로 전기 자전거 풀세트를 원하는 분 안전성을 중시하며 PAS 모드를 활용하고 싶은 분  ""자세한 사항은 다음에..."" 사용자는 향후 배터리 관리법, 유지보수...",https://blog.naver.com/poet0010/223357808059,Miscellaneous thoughts,20240219,0,4,0,0,4,False
배달 부업 후기,배달,"쿠팡이츠 배달파트너 부업 자동차 후기(관악구, 동작구, 서초구)","짬내서 부업으로 쏠쏠한 용돈벌이를 하고 있다길래 나도 한 번 해봤다. 평균적으로 약 10일간 하루 2~3시간 정도 짬내서 쿠팡이츠 배달파트너를 해봤는데, 이번 포스팅에서는 자동차로 배달한 후기를...",https://blog.naver.com/coolhead_warmheart/222708340261,우공이산 돈 공부,20220422,0,4,0,0,4,False
배달 부업 후기,배달,쿠팡이츠 전기자전거 배달 후기•수입•직장인 부업,"자전거로 배달 알바하는 사람을 봤다,, 그래서 우리도 혹해서 운동도 하는 겸 배달도 함 해봐? 해서... 자전거 후기는 여기서 마치도록 하겠다. 다들 운동 겸 부업으로 쿠팡 이츠 하세요 서울권에는 도보로도...",https://blog.naver.com/jun198312/223579681840,먕봉,20240910,0,4,0,0,4,False
배달 부업 후기,배달,현직 부업 5년차 배달 라이더가 추천하는 여름 필수템,"전기자전거든 오토바이든 꼭 필요한 찐템 후기 안녕하세요. 저는 현재 전기오토바이로 배달 부업을 하고 있는 5년 차 여성 라이더입니다. 요즘 날씨, 정말 장난 아니게 덥죠. 매년 여름이 더 더워지는 것...",https://blog.naver.com/aps_business/223932401798,ai교육 유튜브 정보,20250713,0,4,0,2,2,False
배달 부업 후기,배달,발로 뛰는 직장인 부업 [쿠팡이츠 도보 배달] 직접 해봤습니다....,안녕하세요~ 오늘은 쿠팡이츠 배달 파트너 앱으로 도보 배달 후기를 여러분과 나누고자 합니다. 쿠팡이츠 배달 파트너 앱 설치 먼저 앱스토어에서 쿠팡이츠 배달 파트너 앱을 설치합니다. 설치가...,https://blog.naver.com/pasaasaq/224207252222,411.101,20260306,0,4,0,0,4,False
배달 부업 후기,배달,배달폰 서브폰 개통 부업용... L망 396 2개월차 사용 후기,실제 사용 후기 배달 부업용으로 충분했다 데이터 10.3GB + 속도제어로 한 달 버팀 앤텔레콤 LG 선불 396 제공량: • 음성 통화: 기본제공 (부가/영상 50분 포함) • 문자: 기본제공 • 데이터: 10.3GB (소진 후 3Mbps)...,https://blog.naver.com/ringring_phone/224269257431,하리의 돈 되는 생활노트,20260429,0,4,0,0,4,False
배달 부업 후기,배달,혼다 비전110 배달 스쿠터 화이트 색상 구매후기,혼다 비전110 2025년식 화이트 배달 스쿠터 구매후기 스쿠터 제작증 실물까지 공개! 내돈 내산!! 최근... 통학·통근·배달 부업 용도로도 부담 없는 선택입니다. 3. 화이트 색상 — 무조건 예쁨 이번에 제가...,https://blog.naver.com/the_damo/224081867296,힐러Healer,20251120,0,4,0,0,4,False
배달 부업 후기,배달,"현실적인직장인부업,슈퍼커브110배달,배달의민족수입","110,140원입니다 부업으로 하루 일한거 치고는 꽤 괜찮은 수입이라고 생각할수 있는데요. 어제 일한 총시간은 7시간 22분 일했습니다. 그럼 대충 시간당 15,000원 정도의 수익을 낸 셈이네요. 배달의민족 후기 저는...",https://blog.naver.com/westside7989/223578874252,지구별여행가의 일상일기,20240910,0,6,0,0,6,False
배달 부업 후기,배달,쿠팡이츠배달알바 현실적인 부업으로 가능할까? 리얼후기,"쿠팡이츠배달알바 현실적인 부업으로 가능할까? 리얼후기 쿠팡이츠 배달알바 한달 동안 수입은? 쿠팡이츠 배달알바의 수입은 여러 요인에 따라 달라지지만 평균적으로 시간당 10,000원~30,000원 정도를 기대할...",https://blog.naver.com/jhappy0319/223848681000,더 나은 내일을 위해,20250428,0,4,0,0,4,False
배달 부업 후기,배달,배달파트너 자동차로 부업... 오토바이 직접 해보고 비교 후기),"부업으로 쿠팡이츠 배달파트너 과연 할 만 할까? 제 대답은 Yes!!! 아래 비교 후기를 보고 이동수단에 있어서 조금이나마 도움이 되기를 바라며 작성을 하려고 합니다. 저의 차, 짝꿍 차, 스쿠터 3개로 직접...",https://blog.naver.com/newjeans03/224041004485,☆아무 일이나 재밌게☆,20251014,0,4,0,0,4,False
배달 부업 후기,배달,"직장인 부업 (배민커넥트, 쿠팡이츠 배달파트너...","시작한 부업.. 배달단가가 많이 내려갔다는 이야기, 사람들이 외식을 많이 줄이고 있다는 이야기, 오토바이가 아닌 차로 배달하면 되겠냐는 이야기 등등 온갖 부정적이야기가 넘쳤지만 직접 한번...",https://blog.naver.com/jeongjoon123/223893452795,준 :0,20250609,0,4,0,0,4,False
배달 부업 후기,배달,쿠팡이츠 부업 배달알바 후기 수입캡처!! (feat.또르르),차로 갈까하다 주유비아끼려 탔는데 사실 코로나때 부업잠깐하구 배달알바는 안하게 된지 쫌. 됬는데 요새 코로나이후로 경제가 안좋다보니 창업꿈도 미루도 조금 더 벌어보겠다구 에구 그래도...,https://blog.naver.com/wlsdk557/223542800479,인생은쓰다,20240810,0,4,0,0,4,False
배달 부업 후기,배달,"배민커넥트 자동차 부업 1시간 30분 38,240원 수입 찐후기...",그래서 저는 남는 시간을 활용해서 배민커넥트 자동차 배달 부업을 하고 있어요. 오늘은  퇴근 후 1시간 30분 실제 수입  자동차 배달 현실 장단점  초보도 바로 써먹는 실전 꿀팁 아낌없이 남겨볼게요....,https://blog.naver.com/honeynews1004/224237676160,부업일기,20260402,0,4,0,0,4,False
배달 부업 후기,배달,"40대 직장인 부업, 쿠팡이츠배달 후기",평택 쿠팡이츠배달 후기 10년 넘게 한 회사에서 근무하고 있는 직장인입니다. 6월 중순에 쿠팡 이츠 배달 파트너 앱을 설치하고 나서 온라인으로 안전교육과 테스트 10문항의 시험을 통과하고 바로 시작하지...,https://blog.naver.com/wooridongne_sto/222835659523,양쓰의 정보노트,20220731,0,4,0,0,4,False
배달 부업 후기,스마트스토어,투잡 부업 여행 풀샥 툴레 투어랙 짐받이 빅앤트 배달통 (퀄리...,"후기들을 보니 퀄리 맥스는 물론 퀄리 리미티드에 장착해 배달 부업을 하시는 분들이 꽤 되더군요. 네이버 자전거 관련 스마트스토어에서 구매를 했으며, 주문에서 배송은 대략 2일 정도 걸렸습니다. 툴레...",https://blog.naver.com/r2ders/223087671450,연무장 라이더스,20230428,0,8,0,0,8,False
배달 부업 후기,배달,쿠팡이츠배달파트너/배민커넥트 부업 후기 #4,"1주간의 #쿠팡이츠배달파트너 수입이 위와 같았는데, #배민커넥트 1주간의 수입을 보니 (지금은... 전기스쿠터로 부업 하시는 분들, 자동차 네비로 해놓으면 고속도로 들어가실 수 있어요! 조심하셔요!...",https://blog.naver.com/wayofmylife/223321496119,wayofmylife님의블로그,20240113,0,4,0,0,4,False
배달 부업 후기,배달,"20대부업추천, 스펙 없어도 디자인으로 월 부수입 만든 현실 후기","20대부업추천을 검색하게 되는거죠 근데 이것만 알면 달라질 수 있어요! 배달 알바, 주말 알바. 소중한... 육아휴직부업 #부업후기 #올메이커스 #올메이커스라인 #블로그관리대행교육 #집에서하는부업...",https://blog.naver.com/lovely_kongkong/224214389647,프리한 디자이너 라인,20260312,0,8,0,2,6,False
배달 부업 후기,배달,쉬운 부업 쿠팡이츠 배달파트너 누구나 할 수 있다,한두 시간 하는 자투리 부업 돈도 안 들고 핸드폰만 있으면 가능. 누구나 할 수 있다. 오늘도 다녀온 나의 후기. 쿠팡이츠 배달파트너 자동차 망설이는 분들 용기 내 도전해 보세요! 아래 아주 자세히 나와...,https://blog.naver.com/mimohwang/223645027475,My Universe,20241103,0,4,0,0,4,False
배달 부업 후기,배달,[배달부업] 쿠팡이츠배달파트너(배민커넥트)는 계속 해야될까요?,오늘은 배달부업에 대해 짧게 포스팅해볼까 합니다. 제가 사는 지역은 배민 서비스 지역이 아니어서..... (도보배송이지만 전 자전거로 배달합니다!-자전거 최고!) #카카오픽커 후기 포스팅 coming soon~~!!...,https://blog.naver.com/koreancdp/222776335247,경제자유 차돌풍님의 블로그,20220617,0,4,0,0,4,False
배달 부업 후기,배달,우리동네 딜리버리(우딜) 도보배달 부업 체험 및 정산 출금후기,"여기까지 우리동네 딜리버리(우딜) GS25 도보배달 앱 부업 참여 후기 및 정산 출금 후기였습니다. 아마 같은 앱 내용으로는 다시 포스팅하지 않을 것 같고, 쿠팡이츠나 배민커넥트 등으로 인사드리게 되지...",https://blog.naver.com/kastro83/222079592747,티엔의 수익실험실,20200904,0,4,0,0,4,False
배달 부업 후기,배달,[배민커넥트] 20대직장인여자_1월3주차 퇴근 후 배달부업...,com/bbqkr777/222443719066 처음이시거나 해볼까 관심있으시몀 제가 배민 도보 처음 한 후기가 있어서... 원래 배달 부업 안하려고 했는데 집가는 길에 어? 꿀콜이네 하고 잡고 또 바로 우리 아파트 옆옆동...,https://blog.naver.com/bbqkr777/222634099551,한 걸음 뚜박,20220128,0,4,0,0,4,False
배달 부업 후기,배달,배달알바 단기알바 부업 배민커넥트 자동차 이용후기...,"이것저것 부업거리들을 많이 찾으시고 계시자나요? 저도 투잡으로 야간물류 , 냉동창고 등 많은... 수입후기는 계속해서 올릴 예정입니다~^^ [이벤트] 이벤트성으로 시간때별 추가 배달미션이 있습니다 ex)...",https://blog.naver.com/xxxiihong/223680818779,채널32 영화전문채널,20241203,0,6,0,0,6,False
배달 부업 후기,배달,"자동차 배달 부업 주말 수입 공개 (배민커넥트, 쿠팡이츠...","오늘은 자동차 배달 부업 주말 수입과 후기를 공개하겠습니다. 작은 아이 장염 간호를 해주다보니, 어느새 토요일 저녁이 되었습니다. 귀가한 아내에게 바톤을 터치하고, 자동차로 얼른 배달을...",https://blog.naver.com/car-delivery1004/223787487482,"부업아빠, 배달로 일어서다",20250307,0,4,0,0,4,False
배달 부업 후기,배달,배달 필수템 오토바이 헬멧... ID221 C5 PRO 내돈내산 솔직후기,오토바이로 배달 부업을 시작한 뒤 혹시 모를 사고에 대비해 바이크 액션캠을 사용했습니다 'id221... 실사용 후기가 있습니다' 장착 시 볼 마운트 위로 장착이 이루어지는데 360도 회전이 가능해 헬멧 좌우...,https://blog.naver.com/aaaa0746/224277088879,부산에서 살아남기,20260507,0,4,0,0,4,False
배달 부업 후기,배달,알려주는 '쿠팡이츠 배달파트너' 퇴근하고 부업하기 (후기),아마 이 일을 생각하시는 분들이라면 부업으로 돈을 벌어보자는 생각보다는 내가 배달을 할 수 있을까? 하는 걱정이 앞서지 않을까 싶어요. 저 또한 같은 고민과 같은 걱정을 했기 때문에 충분히 이해할 수...,https://blog.naver.com/bananaman_/223246414338,bananaman_님의 블로그,20231025,0,4,0,0,4,False
배달 부업 후기,배달,배민커넥트 알바 뛰어본 후기 | 단기 부업으로 괜찮을까,배민커넥트 알바 뛰어본 후기 | 단기 부업으로 괜찮을까 안녕하세요!  오늘은 배민커넥트를 단기... 당일 바로 배달하고 수입을 올릴 수 있어요. ② 주말 집중 알바 평일에 바쁜 직장인이라면 주말에만...,https://blog.naver.com/mskcuteeee/224281782321,이것저것,20260511,0,4,0,0,4,False
배달 부업 후기,배달,자동차 배달 부업 평일 수입 후기 (쿠팡이츠 배달파트너),직장도 다니고 배달도 뛰는 부업아빠입니다. 오늘은 일찍 퇴근을 해서 언제 배달을 나갈까 생각해봤습니다. 배달 미션이 있는 17시에 나갈까? 아니면 교통이 원활해지고 단가도 좋은 19시에 나갈까?...,https://blog.naver.com/car-delivery1004/223777083122,"부업아빠, 배달로 일어서다",20250227,0,4,0,0,4,False
배달 부업 후기,배달,쿠팡 이츠 배달 파트너 자동차 배달 알바 직장인 부업 후기...,"그리고 가장 중요한 점 4) 그리고 배달 알바, 부업은 시간 쫓길 때 하지 말자. 사람이 포악해진다.. 특히 차량으로 배달을 한다면, 퇴근 시간이 아닌 여유로울 때를 추천한다",https://blog.naver.com/cccchaos/223630930192,밑바닥에서 다시 시작,20241023,0,4,0,2,2,False
배달 부업 후기,배달,#2 [쿠팡이츠파트너 부업하기] 쿠팡이츠배달파트너 후기...,쿠팡이츠 배달파트너 후기 두번째 편이에요! 이번에는 실제로 배달하는 방법을 가지고 왔어요... 있더라구요 부업으로 하고 있는데 어렵지 않게 잘 하고 있어요 한번쯤 해보시는거 나쁘지 않을거같아요 시작이...,https://blog.naver.com/chaeroro_/223619007306,HI IM OUO 특별함 없는 특별한 하루,20241014,0,4,0,0,4,False
배달 부업 후기,배달,#1 [쿠팡이츠파트너 부업하기] 쿠팡이츠배달파트너 후기 꿀팁...,"오늘은 요즘 많이들 하시는 부업 ""쿠팡이츠파트너"" 후기를 가져왔어요 쿠팡이츠 배달 파트너 가입 방법과 배달하는 방법, 그리고 추가적으로 3만원을 더 받을 수 있는 방법까지 알려드릴께요 요즘 배달이...",https://blog.naver.com/chaeroro_/223617004221,HI IM OUO 특별함 없는 특별한 하루,20241013,0,4,0,0,4,False
배달 부업 후기,배달,"배달 전기자전거 부업 1,500건 한 사람의 전기자전거 추천 TOP3","돈이나 주지 우선, 시작하기 전에 배달 부업이란 게 지역별로 엄청 크게 편차가 날 수 있어요. 이 말을... 배달용품 가이드 글입니다. 쿠팡이츠 후기 글입니다. 배민커넥트 후기 글입니다.",https://blog.naver.com/sugukzzi/223239246089,수국이의 리뷰세상,20231017,0,4,0,2,2,False
배달 부업 후기,배달,스마트폰 부업 적은 시간을 투자하며 할 수 있는 일,거의 배달이라 부업을 생각할 겨를이 없다는 걸 아시겠죠? ㅠㅠ 그래도 시간이 갈수록 더는 안될 것... 않았었는데요 후기들을 보니까 좋은 내용이 보이지 않았거든요 그러다가 솔루션 프로그램을 발견하게...,https://blog.naver.com/garbeekr/224120603242,HIBIKI,20251224,0,6,0,0,6,False
배달 부업 후기,배달,쿠팡이츠 배달파트너 후기 꿀팁(직장인 부업),"8월 16일 쿠팡이츠 배달 파트너 후기 꿀팁(직장인 부업) 배달 9건 36,410원(2시간가량) 일단 친구 추천 먼저 하고 가시죠~!! 서로서로 윈윈하는 부업이 되어봐요~!!! 친구추천 코드 LSYONNFG 오늘은 불금이라.....",https://blog.naver.com/patience08/223554061339,직장인투잡시대,20240820,0,4,0,2,2,False
배달 부업 후기,배달,직장인 부업 배달의민족 배민 쿠팡이츠 전기자전거 배달 후기,"나는 오늘 배달을 했다 회사 퇴근하고 바로 시작하게 된 전기자전거 배달 근데 한건만 하고 포기했다 배달 단가 너무 낮았고, 전날 잠을 못자서 갑작스럽게 피곤이 몰려와서 바로 집에 왔다 단가가 너무...",https://blog.naver.com/todaytrend777/223997025289,트렌드 확인하는 트렌드오,20250905,0,4,0,0,4,False
배달 부업 후기,스마트스토어,직장인 부업 종합소득세 신고... 비싸서 홈택스에서 직접 한 후기,"유튜브, 블로그, 배달, 강의, 원고료 등 부업 수입이 있는 직장인 스마트스토어, 쿠팡 등으로 정기적으로 수익이 나는 직장인 주택 임대료 등 임대 소득이 있는 직장인 3.3% 떼고 받는 프리랜서, 외주 소득이 있는...",https://blog.naver.com/silentarchive/224277059332,호빵이네 여행지도,20260506,0,14,0,0,14,False
배달 부업 후기,배달,배달 부업을 준비해보자 - 번외. 차량 교체 겸 전기차에 대한 환상,"시승 후기: 생각보다 괜찮은데? 캐스퍼 일렉트릭 내부 공간 , 전기차 시승 주행 [내부 공간!]... 배달하면서 짧은 거리를 반복 주행할 텐데, 힘 부족은 전혀 느껴지지 않았어요. [조용함!] 그리고 뒤...",https://blog.naver.com/klamet/224150128052,클라멧의 플러스(+) 라이프,20260117,0,4,0,0,4,False
배달 부업 후기,배달,직장인 부업 리얼후기｜배민·쿠팡이츠 전기자전거 배달로 번...,"이 포스팅은 네이버 쇼핑 커넥트 활동의 일환으로, 판매 발생 시 수수료를 제공받습니다 배달 어플이... 기존에는 배달 어플을 배달의민족과 쿠팡이츠만 썼다 그런데 어느 귀한 라이더 선배분이 배달...",https://blog.naver.com/curiousdaily7/224004443085,쓸모있고 돈 되는 정보 나라,20250911,0,4,0,0,4,False
배달 부업 후기,배달,[부업] 2024년 7월 배달 수익 및 후기,"첫 한 달 간 느낀 점 배달은 정말 본인 하기 나름. 시간 대비 수익이 크지 않지만 움직이는 거 좋아하는 사람에게는 부업으로 나쁘지 않은 일. 다만, 시간과 장소를 오롯이 본인이 통제 가능. 해당 지역 임장이...",https://blog.naver.com/pksunmi9294/223548132116,Time Design,20240814,0,6,0,0,6,False
배달 부업 후기,배달,금요일 배달 전략 실패한 날.. 배달 부업 0216,"나름 배달을 할때는 전략을 가지고 하는데, 이날은 전략적으로 완전 실패... 몇번 배짱 튕겼다가.... 아무튼 배짱을 너무 튕기면 망해요 ㅜㅜ 배민커넥트 배달 건수 : 13건 쿠팡이츠 배달 건수...",https://blog.naver.com/tuning7wh/223357666419,반복된 일상.. .. ..,20240218,0,4,0,0,4,False
배달 부업 후기,배달,[부업인간] 디버 배달 파트너 후기 수입 1탄,편승해 부업을 하나둘 해보았습니다. 그중에서 아직 사람들이 많이 모르고 있는 디버(퀵 배달 서비스) 파트너로 등록해 직접경험을 해본 후기 등을 알려드려볼까 합니다. 디버 파트너 배달 수입 및 후기 디버는...,https://blog.naver.com/maewoldang/222652563554,보험을보다,20220220,0,4,0,0,4,False
배달 부업 후기,배달,나도 이제 배달원? 리얼 리뷰 (부업을 찾아 떠나는 여행),"이제 하다하다 부업으로 배달을 해보려는 설랭입니다. 배달로 월 1,000만원은 벌 수 있다는 기사들과 수많은 후기가 호기심 천국인 사람을 미치게 해서 바로 어플 다운로드해 봤다. ㅋㅋㅋㅋㅋ 배달 희망 지역과...",https://blog.naver.com/dueksla/223689029704,리뷰러 설랭,20241210,0,4,0,0,4,False
배달 부업 후기,배달,사장이 직접 타고 추천하는 배달 부업 전기자전거 국내 생산...,5AH 국산 배터리로 최대 실 주행거리 130KM 이상 충분합니다 (실제 고객 주행 테스트 후기) 앞 철제 전용... 오늘 오전 실제 고객님께서 배달 부업을 하신다고 배달 세팅 후 출고 도와드렸습니다 겨울철 방한...,https://blog.naver.com/1000__project/223700712207,전동 살 땐? 이지모빌리티!,20241221,0,4,0,2,2,False
배달 부업 후기,배달,메리츠 파트너스 부업 찐후기,"메리츠 파트너스 부업 찐후기 요즘 물가 상승과 경기 침체가 계속되니 부업을 많이 찾고 있죠. 아이 둘... 외벌이로는 아이 둘 원하는거 다 사주기 어렵다는 현실의 벽에 부딪혔죠, 처음엔 배달 라이더부터...",https://blog.naver.com/ari06050605/223794778044,TENDERandROSE,20250313,0,4,0,0,4,False
배달 부업 후기,배달,쿠팡이츠배달자동차 고수익 직장인 부업일상,"요즘 주말마다 하고 있는 쉬운부업 쿠팡이츠배달파트너 자동차 미션 후기 남겨 볼께요! 집에 있고 싶다 하면 미션이 많습니다. (예) 폭우, 폭설,한파, 축구,탄핵뉴스(?)ㅋ 길도 조용했네요. 전체적으로 조용한...",https://blog.naver.com/mimohwang/223686451173,My Universe,20241208,0,6,0,0,6,False
배달 부업 후기,배달,쿠팡이츠 배달파트너 자동차 누구나 할 수 있는 쉬운 부업,커피 사러 나왔다 소소하게 부업 뛴 후기. 부지런하면 진짜 할거 많은 세상에 살고 있음을 느낀다. 하루하루 알차게 살아야지 확실히 힘듦은 쿠팡 물류센터와 비교가 안됨. 하고 싶은 배달 고를 수 있는 것도...,https://blog.naver.com/mimohwang/223592114531,My Universe,20240922,0,4,0,0,4,False
배달 부업 후기,배달,"쿠팡이츠배달파트너 후기,여자부업추천+꿀팁❤️",오늘은 쿠팡이츠배달파트너 직접해본 후기를 한번 적어볼게요!! 제가 요즘 평소에 남는시간이... 3만원+배달비로 부업수입이 생깁니당!! →쿠팡이츠배달파트너는 미션이 랜덤으로 자주 떠요! 시간날때마다...,https://blog.naver.com/daonyuni/223558381911,짱이의 리뷰&여행기록⭐️❤️,20240823,0,4,0,2,2,False
배달 부업 후기,배달,손부업 알바후기,"블로그 하루일기 챌린지 중에 알바경험 등을 작성해도 된다는 카테고리를 봐서 쓰게 된 알바후기 3탄... 부업, 배달부업 제가 어릴때 엄마랑 같이한 부업은 배달 부업이였습니다. 당시에 엄마랑 동생들이랑 같이...",https://blog.naver.com/sensag1/222336682002,결혼은 모르겠고 맛난거 먹으며재태크 하고 싶당,20210504,0,6,0,0,6,False
배달 부업 후기,배달,[라이브방송 부업 후기] 내돈내산 후기! 퇴근 후 1시간으로 월...,쿠팡 배달 재택 글쓰기 영상 편집…? 그중에 딱 눈에 들어온 게 바로 라이브방송 부업이었어요. 처음엔... 그래서 이것저것 후기 보다가 스마트폰 하나만 있으면 가능하다는 말에 혹해서 진짜로 시작해봤습니다....,https://blog.naver.com/sbinvestigate/224113769213,밤의산책자,20251218,0,6,0,0,6,False
배달 부업 후기,배달,직장인 부업 추천은 후기 확인이 중요!,알바나 배달 알바 그리고 집에서 할 수 있는 온라인 부업 등등을 통해 새로운 수익을 만들고 있다고... 직장인 부업 후기를 한번 소개해 보도록 하겠습니다. 시간과 공간에 제한 없이 시작하는 직장인 부업....,https://blog.naver.com/yirang569/223565375495,드림투유본사 공식멘토 드림투유 친절한멘토,20240829,0,6,0,2,4,False
배달 부업 후기,배달,온라인 알바 시간 제한 없이 가능한 간단한 부업 후기,처음에는 카페 알바나 배달 같은 일을 알아봤는데 시간 맞추기도 어렵고 출퇴근하는 것도 생각보다... 가능하면 조건이 명확한 곳 간단한 작업 위주인 곳 후기가 있는 곳 위주로 선택하는 것이 안전합니다....,https://blog.naver.com/drli8677/224211650674,뉴나인,20260310,0,4,0,0,4,False
배달 부업 후기,배달,"쿠팡 이츠,배민 커넥트 직장인 부업 후기","세번째 배달 부업 후기를 쓴다. 04/22 ~ 04/30 배민커넥트 2일 운행 4월 24일 19건 74,360원 4월 27일 13건 51,180원 총 배달건 32건 총 125,540원 소득세,주민세 -4,130원 산재 보험료 -400원 유상운송보험료 -6,054원...",https://blog.naver.com/njopaz/223438349595,부업 블랙박스,20240506,0,4,0,0,4,False
배달 부업 후기,배달,직장인 부업 추천 쿠팡이츠파트너 수입 후기 초대코드 7ICI6YCY,간단하게 실제 배달 후기를 알려드렸는데 3일정도 일했을때 약 17만원정도인데 첫배달완료 보너스를 제외해도 15만원정도로 부업으로 이정도면 괜찮은 수입인거 같아요! 부업으로 하신다하면 가볍게 산책이나...,https://blog.naver.com/sunhye7543/223930061215,서네의 모음.zip,20250711,0,4,0,2,2,False
배달 부업 후기,배달,쿠팡이츠 배달파트너 안전교육하고 2만원 받기!! 직장인 부업추천,직장인분들이 부업으로 많이 하는 쿠팡이츠 배달파트너 저도 한번 알아보고 시작하려고 합니다ㅎㅎ... 전 아직 시작은 안 했는데 첫 배달 후기 다음에 올릴게요 그리고 친구초대코드를 등록하고 첫 배달 완료...,https://blog.naver.com/js151003/223524752760,행복한 하루하루 보내기 ☺️,20240725,0,4,0,2,2,False
배달 부업 후기,배달,"렌탈 추천하는 접이식 전기자전거 비아지오 V6 후기, 배달로도...","비아지오 V6 같은 경우에도 주행거리나 성능이 충분하다 보니 가볍게 부업 형태로 배달을 병행하는 분들에게도 괜찮은 선택지로 보였습니다. 전반적으로 봤을 때 비아지오 V6 전기자전거는 성능, 편의성...",https://blog.naver.com/shiaru/224239405558,캠퍼데브의 캠핑과 기록,20260403,0,4,0,2,2,False
배달 부업 후기,배달,[부업] 배달 아르바이트 후기 - (1),"■ 일자 : 2025년 7월 30일 (수) ■ 배달 총 : 55,082원/15건 ■ 총 시간/시급 : 3시간 19분/16,610원 ■ 배달수단 : 일반자전거 오늘은 연차여서 밥 먹고 오전에 책 읽었다. 책을 더 읽기에는 집중도 안 되고 시간은...",https://blog.naver.com/freedom712-/223952956468,어제보다 나은 오늘을 위해,20250730,0,4,0,0,4,False
배달 부업 후기,배달,[부업] 배달 아르바이트 후기 - (2),"■ 일자 : 2025년 8월 2일 (토) ■ 배달수익/건수 : 183,391원/37건 ■ 총 시간/시급 : 7시간 38분/24,030원 ■ 배달수단 : 일반자전거 11시에 배달 알바를 하기 위해 무거운 몸을 짓누르고 밖에 나갔다. 무더운 여름...",https://blog.naver.com/freedom712-/223957019372,어제보다 나은 오늘을 위해,20250803,0,6,0,0,6,False
배달 부업 후기,배달,쿠팡이츠 배달파트너 배민커넥트로 직장인이 퇴근 후에 부업...,오늘도 직장인이 퇴근 후에 할 수 있는 배달 부업. 쿠팡이츠 배달파트너와 배민 커넥트 후기를 남겨봅니다. 일주일의 끝을 향해가는 목요일. 최근 업무도 일상생활에서의 고난도 많아 퇴근 후에 침대에...,https://blog.naver.com/cccchaos/223651291627,밑바닥에서 다시 시작,20241107,0,4,0,0,4,False
배달 부업 후기,배달,부업 추천 배달파... (5만원 받는 법)(짧은 후기),부업으로 안 할 이유가 없는 쿠팡이츠 배달파트너 ! - 가입시 초대코드 TOZKLGAK 넣고 가입하면 +1만원... 짧은 후기 쿠팡이츠 배달파트너 앱으로 스크린캡쳐가 불가하여 글로만 남깁니다. 화면 오른쪽 상단에...,https://blog.naver.com/siiimple/223853139082,알면 좋을 내용들로 채워가는 블로그,20250502,0,4,0,2,2,False
배달 부업 후기,배달,다이어터의 부업 (beat. 배달의민족커넥터도전),마지막으로 #배달커넥터후기 나의 정산 내역을 보면 내가 걸은 거리가 나온다 ㅎㅎㅎ 대부분1.5km미만으로나오는데 실제로 걷는건 더 많다. 저건 딱 내가 배정을 받아서 움직이기 시작해서 배정이...,https://blog.naver.com/ean1004/222202056570,아이랑 발도장 찍으며 놀고먹고즐기기,20210109,0,4,0,0,4,False
배달 부업 후기,배달,"[부업왕 요녀석 ep.3]... 도보 배달 알바 후기 / 시급 비교, 추천",#직장인부업 #배달알바 #쿠팡이츠 #배민커넥트 첫 음식 배달 알바 후기! 안녕하세요~긱! 요녀석 슠슠입니다. 오늘 회사 점심 시간에 시간이 남아서 배달 알바를 처음 해봤어요긱 쓰는 건 쉽고.. 버는 건 쉽지...,https://blog.naver.com/myyogig/222601986017,요긱 공식 블로그,20211222,0,4,0,2,2,False
배달 부업 후기,배달,전기자전거 스로틀 기능으로 배달 부업 입문~!,혹시 저처럼 부업 배달을 고민하고 계신다면 초기 자본은 적게 들면서 간단히 타는 용도로 비아지오 V5 고려해 보세요.  해당 포스팅은 소정의 원고료를 지급 받았지만 솔직하게 작성된 후기입니다.,https://blog.naver.com/esdaknds9/223288979974,소중한추억의앨범,20231211,0,4,0,0,4,False
배달 부업 후기,배달,직장인 배달부업/투잡 과연 가능한가!? 첫배달 12만원 후기...,자세히 알아보겠습니다~^.^ 배달부업/투잡 알바 후기 총정리 1탄 친구초청 - 가입 - 안전교육/시험 배달부업/투잡 알바 후기 총정리 2탄 준비물 / 첫배달 / 비밀미션,https://blog.naver.com/wngml6703/222451488880,뜻밖의 jojo피디's BLOG,20210730,0,6,0,0,6,False
배달 부업 후기,배달,쿠팡이츠파트너 배달알바 부업 후기(초대코드 입력하고 만원...,"쿠팡이츠파트너 배달알바 후기 안녕하세요! 오늘은 최근에 경험한 쿠팡이츠파트너 배달알바에 대한 후기를 공유하려고 해요. 평소에 드라이브를 좋아하는 편이라 근교를 자주 다녔는데, 어느 날부터는 갈...",https://blog.naver.com/allsilver24/223559883065,hidden place,20240825,0,4,0,0,4,False
배달 부업 후기,배달,배민커넥트 자동차 배달파트너 장단점 솔직 후기,배민커넥트 자동차 배달파트너 장단점 솔직 후기 안녕하세요!  오늘은 배민커넥트를 자동차로 직접... 자동차 배달 시작 계기 오토바이 면허도 없고 자전거 타기도 부담스러운데 배달 부업을 해보고...,https://blog.naver.com/mskcuteeee/224283383120,이것저것,20260513,0,4,0,0,4,False
배달 부업 후기,배달,쿠팡이츠 배달 파트너 첫 배달 파리바게뜨 후기 /  친구...,"쿠팡이츠 배달 파트너 첫 배달 파리바게뜨 후기 첫 배달 시 최대 2만원 안 해 볼 이유가 없는 첫 배달은 소중한 경험 ✨️ 친구 초대 코드 FRTH490C 갓생 살기, 실행이 반이다. 요즘 시대 부업은 선택이 아니라...",https://blog.naver.com/pgtgonia/224234148349,텐텐빌리언,20260330,0,4,0,0,4,False
배달 부업 후기,배달,배민커넥트 가입방법부터 첫 배달 후기까지 솔직하게 정리,배민커넥트 가입방법부터 첫 배달 후기까지 솔직하게 정리 안녕하세요!  오늘은 제가 직접 배민커넥트에 가입하고 첫 배달까지 해본 경험을 솔직하게 풀어드리려고 해요. 부업이나 알바로 배달을 시작하고...,https://blog.naver.com/mskcuteeee/224281763561,이것저것,20260511,0,4,0,0,4,False
배달 부업 후기,배달,[쿠팡이츠 배달 파트너] 자유로운 부업. 신나는 후기 - (자동차...,잠깐 부업으로 하는 것도 좋은 것 같다. 하지만 기름값을 따져봐야 한다는 사실!! (래오맘은 전기차라서 가능 했다는 점!!) 자동차 배달은 먼거리 배달건이 배정 될 확률이 높아 그에 따른 거리 할증이 붙어서...,https://blog.naver.com/singvely-/223848687505,레오'는 사랑스럽 (레오스럽),20250428,0,4,0,0,4,False
배달 부업 후기,배달,"혼다 슈퍼커브로 배달 부업하... 초보 배달 후기, 배민 팁, 쿠팡...",벌써 배달 부업하기 세번째 시리즈를 쓰게 되었습니다. 슈퍼커브로 배달 부업하기 3탄은 2탄(오토바이 배달셋팅)에 이어 용품편인데요. 배달용품이 아닌 이제 혹시모를 사고로 인하여 부상을 당할수가 있기도...,https://blog.naver.com/poposmoon/223488889337,곰곰이의 생각,20240623,0,4,0,0,4,False
배달 부업 후기,배달,자동차부업 배달 말고 다른거 없을까,"자동차부업 배달 말고 다른거 없을까 자동차부업 배달 말고 다른거 없을까 자동차부업 배달 말고... 카플래닛 카매니저의 生生 리얼 후기 → ""카플래닛 1호 카매니저 후기 인터뷰"" [바로가기] 카플래닛 카매니저의...",https://blog.naver.com/carplanet/223712291309,카플래닛,20250102,0,4,0,0,4,False
배달 부업 후기,배달,손부업 후기 돈 되는 유형과 안 되는 유형 구분 핵심 정리,"배달, 번역, 과외 등 사람에게 직접 서비스를 제공하는 부업은 수요가 꾸준하고 실질적인 현금 수익이 발생합니다.  공통점은 “시간을 투자해 눈에 보이는 가치(서비스나 결과물)를 만든다”는 거예요. 후기 속...",https://blog.naver.com/vuawahzbwqa/224141486476,조용히 정리하는 일상 메모,20260110,0,8,0,0,8,False
배달 부업 후기,배달,직장인 부업 추천 현실적인 종류와 후기·세금까지 한눈에,"알바형 부업 퀵커머스(배달), 편의점 야간, 행사 스태프 → 바로 현금 유입 종류: 단기 알바, 주말 행사 아르바이트 라이더 배달 직장인 부업 후기 ― 현실적인 사례 사무직 C씨: 평소 엑셀 잘 다뤄서 주말에...",https://blog.naver.com/order9981/224002946259,Y Fit,20251003,0,4,0,2,2,False
배달 부업 후기,배달,"[블루오션 부업]네이버 브랜드 커넥트 조건, 신청방법, 수수료...","✨  부업소득 홈텍스 종합소득세 신고 방법!  쿠팡이츠 도보 배달 후기, 수익은?!  N잡러 필수! 애드픽, 쿠팡파트너스 부업 후기 도움이 되셨다면 공감, 댓글, 이웃추가 부탁드려요❤︎",https://blog.naver.com/caryy2200/223846894678,거북이재테크 (꾸준히 차근차근),20250426,0,10,0,0,10,False
배달 부업 후기,배달,쿠팡이츠 배달파트너 직장인부업 한달수입후기...,퇴근 후 부업으로 쿠팡이츠 배달파트너를 시작한지 벌써 한 달 정도 지난 거 같아서 후기를 남겨볼게요! 우선 쿠팡이츠 배달파트너를 이제 막 시작하시는 분들을 위해서 팁 드릴게요!! 쿠팡이츠 배달파트너...,https://blog.naver.com/js151003/223564941012,행복한 하루하루 보내기 ☺️,20240829,0,4,0,0,4,False
배달 부업 후기,배달,배달 말고 뭐하지? 요즘 핫한 '비대면 부업' 추천 5가지,"""배달 외에 할 만한 부업 없을까?"" 저도 그렇게 고민했던 적이 있어요. 오토바이도 없고, 체력적으로 힘든 건 어려운데… 그래도 용돈 벌이, 부수입은 꼭 필요하잖아요? 그래서! 실제 경험자들 후기 + 요즘...",https://blog.naver.com/bike119sp/223942866226,"라이드온 쿠팡,배민 협력사",20250722,0,6,0,2,4,False
배달 부업 후기,배달,[Vlog]부부 부업으로 하루가... _쿠팡이츠배달파트너 정산,그냥 이렇게 하려구요:) 단점은 배달하면서 음식냄새 유독 강한게 있다면 그게 야식메뉴가 되버린다는 것...^^ 이렇게 미니비니 쿠팡부업 후기 마치겠습니다:) L90QYT3A 친구 추천코드 받고 서로 만원 더 받아가요!,https://blog.naver.com/skdmlvheh/223521200611,미니비니 o_oV_LOG,20240722,0,4,0,2,2,False
배달 부업 후기,배달,원주 직장인 배달 부업 ｜쿠팡이츠 배달파트너 (자동차 배달 후기),"오늘은 제가 최근에 시작한 부업인 쿠팡이츠 배달에 대한 포스팅입니다. 일단 배달알바를 시작하게 된 계기는 당연히 월급 외 수입으로 자산을 늘려나가는 것이다! (월급만으론 부족해,,) 당장 다음달부터...",https://blog.naver.com/gonasoo6345/222861921005,무실동고나수,20220831,0,4,0,0,4,False
배달 부업 후기,배달,[부업후기] 배민커넥트 배달 알바 후기 - 도보편,"안좋았던 기억, 트라우마가 되었던 기억은 배민커넥트 자전거 후기에 담아 다음에 또 쓰자. 자전거로 갈아탄 다음편 [부업후기] 배민커넥트 배달 알바 후기 - 자.. : 네이버블로그 (naver.com)",https://blog.naver.com/sidelineandtrip/223620330808,부업으로여행까지,20241015,0,6,0,0,6,False
배달 부업 후기,배달,[부업후기] 배민커넥트 배달 알바 후기 - 자전거편,참 다양한 경험들을 했었고 한계도 느꼈던 도보 알바 [부업후기] 배민커넥트 배달 알바 후기 - 도.. : 네이버블로그 (naver.com) 그러다 도보 포스팅에 써놓은것 처럼 도보배달의 한계를 경험하고나서는 자전거...,https://blog.naver.com/sidelineandtrip/223624572530,부업으로여행까지,20241018,0,6,0,0,6,False
배달 부업 후기,배달,데이터로 본 2026년 가장 유망한 디지털 노마드 부업,"물가 상승률 대비 임금 인상 폭이 낮아지면서, 생존을 위한 '고효율 부업' 선택이 필연적이 되었다. 잡토리의 일침 아직도 블로그에 맛집 후기나 쓰고 앉아 있는가? 아니면 하루 2시간 배달로 치킨 한 마리...",https://blog.naver.com/mtjs_/224268449704,잡토리 N잡러의 현실 부업 노트,20260428,0,6,0,0,6,False
배달 부업 후기,배달,의정부 쿠팡이츠플러스 솔직 후기 (부업 고민 끝낸 이유),"후기 (부업 고민 끝낸 이유) 요즘 물가도 오르고, 고정 지출은 늘어나는데 월급만으로는 부족하다는 생각 드는 분들 많죠. 저도 비슷한 고민 하다가  쿠팡이츠플러스를 시작하게 됐어요. 사실 처음에는 “배달...",https://blog.naver.com/didalth0304/224242235955,didalth0304님의블로그,20260406,0,4,0,0,4,False
배달 부업 후기,스마트스토어,30·40대 직장인 현실적인 부업티스토리 애드센스 승인...,추천 주제 30·40대 직장인 재테크 부업 후기 다이어트 경험담 자동차 유지비 전세/월세 현실 이야기... 예를 들면: 직장인 부업 비교 난이도 초기비용 배달 높음 오토바이 필요 스마트스토어 중간 재고 부담...,https://blog.naver.com/ikopaji/224280133578,"힐링,프로세스",20260510,0,8,0,2,6,False
배달 부업 후기,배달,직장인 부업 추천 TOP 3! 퇴근... 만드는 현실적인 방법 후기,몸으로 뛰는 '배달 및 심부름 앱' 활용 ♂️ 가장 확실하고 즉각적으로 현금이 들어오는 직장인 부업 추천은 역시 배달 부업입니다. 거창하게 오토바이가 없어도 괜찮아요! 요즘은 자전거나 도보로도 충분히...,https://blog.naver.com/chlrhmj/224225159971,밍글뉴스,20260322,0,4,0,2,2,False
배달 부업 후기,배달,쿠팡 단기배달 알바 후기 수익 정산 신청방법 장단점...,배달 부업에 대한 관심이 뜨거운데요. 오늘은 그중에서도 가장 대표적인 '쿠팡 플렉스(Coupang Flex)'에 대해 알아보려고 합니다. 실제 경험자들이 전하는 쿠팡 단기배달 알바 후기를 바탕으로 수익성부터 업무 강도...,https://sungjooz.tistory.com/2377,AM JOO :: AM JOO,20260515,0,6,0,0,6,False
배달 부업 후기,배달,배달파트너 리얼 후기 : 수익 난이도 하는법 꿀팁까지 (부업...,부업추천 쿠팡이츠 배달파트너 완벽 가이드_뜻 수익 정산 하는법 꿀팁 쿠팡이츠 배달파트너는 유연한 근무 시간과 비교적 높은 수익성 덕분에 많은 사람들이 선택하는 배달 플랫폼입니다. 특히 부업으로...,https://blog.naver.com/baezii/223752510469,후회 없는 삶이란,20250208,0,6,0,2,4,False
배달 부업 후기,배달,"인터넷 부업 사이트 추천 후기, 절약만으로 부족할 때 찾게 된...","배달 몇 번, 생필품 몇 개, 과일 조금, 반찬거리 조금 담았을 뿐인데 돈이 진짜 순식간에 나감. 아끼면... 근데 중요한 건 남들이 추천한 인터넷 부업 사이트 후기를 그냥 구경만 하고 끝내는 게 아니라, 내가 직접...",https://blog.naver.com/wjd315513/224235616497,뀨우의 다이어리,20260331,0,4,0,2,2,False
배달 부업 후기,배달,메리츠파트너스 부업 후기: 월급만으로 부족한 당신에게,"벌려고 시작한 부업이 내 건강을 갉아먹고 있었다 그래서 시작한 게 주말 배달 알바였습니다. 금요일 저녁부터 일요일까지, 한 달에 80만원 정도 벌었어요. 근데 문제는 체력이더라고요. 주말마다 몸을...",https://blog.naver.com/davidvid/224071013684,초코바위,20251110,0,4,0,0,4,False
배달 부업 후기,배달,"뻔했다"" 생각보다 수익 쏠쏠했던 직장인 부업 BEST 3 (찐후기)","""주말에 잠만 잤으면 억울할 뻔했다"" 생각보다 수익 쏠쏠했던 직장인 부업 BEST 3 (찐후기) 평일엔 회사에... 주말 부업들, 가감 없이 풀어봅니다. 1. ""몸은 좀 힘들어도 입금은 정직하다"" 쿠팡이츠·배민 배달 가장...",https://blog.naver.com/lifeishoney0809/224285450896,아이 키우며 기록하는 하루,20260514,0,6,0,0,6,False
배달 부업 후기,배달,[부업리뷰] 배민커넥트 도보 배달로 걸으면서 용돈벌기,직접 배민커넥트 도보 배달 해보니 수입이 알바보다 좋아서 놀랐어요. 그 생생한 후기와 두 다리로... 도보 배달은 잘만 이용하면 건강도 용돈도 쏠쏠하게 챙겨갈 수 있는 좋은 부업 수단이에요. 저는...,https://blog.naver.com/honeynews1004/224228400328,부업일기,20260324,0,4,0,0,4,False
배달 부업 후기,배달,"배달파트너 가입후기 Ⅴ... 벌기 (50대의 소소한 알바/부업),","오랜만에 쿠팡이츠 배달 파트너 글을 써요 21년 5월 29일에 가입하고 글을 올렸었는데, 지금까지 하고... 그냥 점심시간에 배달 시작 켜놓고 콜이 울리면 배달하고 안 오면 안 하고 하는데, 거의 하루 1~2콜은...",https://blog.naver.com/dayeon1007/222667427128,하나님 그리고 조나단,20220308,0,4,0,0,4,False
배달 부업 후기,배달,[부업] 배민 커넥트- 여자 도보배달 후기(유의사항/배달순서...,"많은 도움이 되었다. 동생라뷰 ❤ 해당부업으로 큰 돈은 못번다. 한달 거의 매일같이(하루- 최대 4건, 최소 1건) 진행하고, 26만원정도 벌었다. 결론 도보배달은 부업이라면 NO 운동목적이라면 YES",https://blog.naver.com/grow-with-me/223320134468,삐약이는 즐거워,20240112,0,4,0,0,4,False
배달 부업 후기,배달,쿠팡이츠 배달파트너 부업 주말 후기(미션보너스),"그건 바로 쿠팡이츠 배달 보너스 미션! 내용은 20:00~23:59 (4시간)동안 9건만 배달하면 추가로 27,000원을 준다는 것이다. 메이플로 치면 경험치 두 배 이벤트다. 고민할 필요도 없이 집근처 배달 잡히자 마자...",https://blog.naver.com/bwy1123/223497369301,"인생은 시트콤, 기록은 다큐",20240701,0,4,0,0,4,False
배달 부업 후기,배달,쿠팡이츠 전기자전거 부업후기 | 퇴근후 2시간 반 수입 공개...,"전기자전거 쿠팡이츠 부업 후기 전날에는 약속이 있어서 부업을 하루 쉬었습니다. 그래서 오늘은 꼭... 1건 배달수단: 전기자전거 복장: 패딩 + 장갑 + 헬멧 날씨가 쌀쌀할 줄 알고 옷을 꽤 껴입었는데, 배달...",https://blog.naver.com/manmul6232/224060188875,Daily템이야기,20251031,0,4,0,0,4,False
배달 부업 후기,배달,쿠팡이츠 배달파트너 자전거 자동차 알바 초대코드 후기,"시간 날 때마다 하는 진짜 알바 본업이 있어도 할 수 있는 부업, 그게 딱 ‘이거다’ 싶었던 게 있어요.... 쿠팡이츠 배달파트너 후기 말씀드리면 소소하게 뛰었는데도 20~30만 원이 꽤 빠르게 모여요. 단기간에...",https://blog.naver.com/starpdzzang/223859124175,날피의 심플한 부자전략,20250508,0,4,0,0,4,False
배달 부업 후기,배달,"배달 수입, 배민커넥트 쿠팡이츠 2년 수입 인증 후기","배달 수입, 배민커넥트 쿠팡이츠 2년 수입 인증 후기 배달 부업 후기 글을 찾아보면 수익 얘기가 너무... 19개월~24개월, 2년 차 완성 시기 2년 차 후반에는 배달 부업이 완전히 루틴으로 자리 잡았어요. 평일...",https://blog.naver.com/mskcuteeee/224213348031,이것저것,20260312,0,6,0,0,6,False
배달 부업 후기,배달,"쿠팡이츠배달파트너 후기 수입, 배달기사 부업 저녁시간 월...",결론은 쿠팡이츠 배달파트너로 배달부업을 할 경우 한달 30일을 잡는다면 100만원에서 150만원 정도의 부수입을 올릴 수 있다는 결론이 나왔습니다. 11월 달은 저녁시간에 5만원씩 할 수 있음에도 여러가지 이유로...,https://blog.naver.com/tagteamjjang/222920270152,"진주배민1플러스, 쿠팡이츠플러스 팀진주",20221105,0,6,0,0,6,False
배달 부업 후기,배달,쿠팡이츠 첫 배달 알바 후기 (차량 배달),요즘 배달 알바 알아보시는 분들 많으시죠? 저도 퇴근 후나 주말에 부업으로 해보려고 고민하다가... 실제 배달 후기 (자동차) 평일 저녁 22시부터 02시까지만해도 10건이상은 가능 지역 밀집도에 따라 콜...,https://blog.naver.com/blackdel/223842436859,TEL 1661-6715 엠티비스,20250422,0,4,0,0,4,False
배달 부업 후기,배달,"재택알바 후기 , 포장부업 대신 직접해본 일","재택알바 후기 , 포장부업 대신 직접해본 일 요즘은 과일값 , 채소값이 너무나 올라서 장보러 마트... 대리운전 , 배달대행 등등 이런것은 체력을 써야 하기에 다음날 내 본업에 지장을 줄수도 있지만 , 편하게...",https://blog.naver.com/come_my/223358747591,[안택스 X 다솔] 압도적인 자산가 택스플랜 서비스,20240219,0,6,0,0,6,False
배달 부업 후기,배달,"배달대행, 투잡, 부업으로 얼마나 괜찮을까? 직접 해본 후기",이렇게 거리가 그렇게 멀지 않아 금방 매장에 도착할수있었고 지도에 아주 잘 표시되어있어 찾는데 어렴움을 격지 않았답니다~ 언제 어디서나 할수있는 배달알바 부업으로도 너무 추천드리고있어요~ 이렇게...,https://blog.naver.com/cndrua10/222705685745,인생일기장,20220419,0,6,0,2,4,False
배달 부업 후기,배달,부업❤️우유배달 알바 6개월 근무 후기 및 그만둔 이유,우유배달 업무 강도 및 후기 우유배달의 업무 강도는 매우 낮은 편입니다. 주택 단지를 자차를 이용하여 배달하는 경우에 업무 강도가 조금 더 올라갈 것 같은데요 제가 배달한 지역은 신축 아파트라 모든...,https://blog.naver.com/new35-/223525553468,이른은퇴_배당주로 여행하는 세계여행자 되기,20240725,0,4,0,0,4,False
배달 부업 후기,배달,"부업하기! 2탄 용품편 (초보 배달 세팅,구매 팁, 초보 배달 후기...",안녕하세용 포포입니다 혼다 슈퍼커브로 배달부업하기 1탄으로 슈퍼커브라는 오토바이에 대해 말씀 드렸었는데요. 혹시라도 궁금하신 분이 계신다면 제 블로그에 있으니 한번 보시는것 추천드릴께요 !! 자 이제...,https://blog.naver.com/poposmoon/223478715409,곰곰이의 생각,20240613,0,6,0,4,2,False
배달 부업 후기,스마트스토어,"종합소득세 신고안하면 생기는 일, 삼쩜삼 환급 후기","환급 후기까지 조금 더 자세히 알아보겠습니다. 종합소득세란? 먼저 종합소득세란 근로소득 외에 프리랜서 수입, 사업소득, 블로그 원고료, 배달 부업, 스마트스토어, 이자와 배당까지 1년 동안 발생한 다양한...",https://blog.naver.com/dysaghwls/224278775720,경제토대왕 부의 전술,20260508,0,8,0,0,8,False
배달 부업 후기,배달,"(직장인 부업 출근길 7만원 겟한 후기, 그대로 따라하면...",지난번 빗썸 신규회원 가입 이벤트를 진행하면서 출금방법을 찾을 수 없어서 빡쳐서 후기 하나를... 배달 부업만 해도 시급이 2만원이 안됩니다 근데 왜 최대 30분밖에 안걸리는 이벤트 참여...,https://blog.naver.com/dbvlfflsk7/223891519341,동그리의 영업일지,20250607,0,4,0,0,4,False
배달 부업 후기,배달,쿠팡이츠 부업으로 투잡하기(후기. 안전보건교육. 어플사용법),이런 상황에서 '내 것'을 만들고 '나를 완성하는 과정'으로서의 부업은 선택이 아닌 필수가 되었죠.... 첫 쿠팡이츠 배달 후기: 1시간에 2만 원?!  (실제 수익 공개) 저는 이번에 처음으로 쿠팡이츠 배달파트너에...,https://blog.naver.com/ill_gostop3/224075862015,GoodFellas_굿펠라스,20251114,0,8,0,0,8,False
배달 부업 후기,배달,부업으로 배달 준비3 (토투 배달가방 62L 리뷰),자석 파티션 2세트 토투 배달가방 62L 후기 !! 거치용 고정틀을 밑에 설치후 토투 62L 부착 이렇게 구매하니 딱 알맞게 설치할수 있었습니다. 장착 후 배달가보니 음료 흘릴 걱정도 없고 음식들도...,https://blog.naver.com/baedalyarr/224228048499,전기자전거 배달 부업,20260324,0,4,0,0,4,False
배달 부업 후기,배달,'어돈내' 도보배달 배민커넥트 부업 세금규정,ㅣ PipeLine 금천구 독산동 도보배달 배민커넥트 배민커넥트 도보배달 부업 & 투잡 세금규정 1. 배달... 외 배달수단 5천원 앞으로도 어돈내's 도보배달 후기를 자주 올리도록 할게요 ! 독산동 도보배달러...,https://blog.naver.com/ohmoneyne/223003365898,어.돈.내_어제보다 돈많은 내일,20230202,0,6,0,0,6,False
배달 부업 후기,배달,쿠팡이츠 배달파트너 가입방법 & 첫날 후기 솔직 리뷰,배민커넥트와 함께 가장 많이 활용되는 배달 부업 플랫폼이에요!  쿠팡이츠 배달파트너 가입 조건... 다르니 배달파트너 전용 앱을 설치해야 해요! ② 회원가입 및 정보 입력 휴대폰 번호 인증 후 기본 정보를...,https://blog.naver.com/kimbs86420/224284482959,조리,20260513,0,4,0,0,4,False
배달 부업 후기,배달,청소어플 애니맨 구매 배달대행 긱워커 플랫폼 부업사이트 후기,"플랫폼이나 부업사이트가 대세를 이루고 있어서, 심부름앱이나 청소앱 또는 생활편의를 도와주는... 구매 배달대행 긱워커 플랫폼 후기를 남겨보았는데요. 가성비 좋은 심부름어플이나 단순심부름 서비스를...",https://blog.naver.com/pronl5v2/222831976468,모두의 핫플지도,20220728,0,4,0,0,4,False
배달 부업 후기,배달,창원 슈퍼커브 110 부업 배달용 오토바이 리스 후기,이번에는 창원 지역에서 슈퍼커브 110 인수형 리스로 배달용 오토바이를 출고한 후기를 통해 실제 이용... 현실적으로 배달 부업을 시작할 수 있는 방법이 바로 제임스렌탈 슈퍼커브 110 인수형 리스입니다. 창원...,https://blog.naver.com/jamesales_001/224060218467,제임스드림센터 공식블로그,20251102,0,4,0,0,4,False
배달 부업 후기,배달,수리비 방어! 소모품 무상 지원 배달오토바이렌탈 솔직 후기,"늘어나는 배달부업, 왜 다들 125CC스쿠터에 목을 맬까? 안녕하세요! 요즘 본업 외에도 퇴근 후나 주말을... 모두의바이크 실제 이용 후기 제가 실제로 모두의바이크를 통해 배달오토바이렌트를 이용하면서 가장...",https://blog.naver.com/modoo551/224288795124,배달오토바이 리스 렌트 전문 모두의바이크,20260518,0,4,0,0,4,False
배달 부업 후기,배달,쿠팡이츠 배달파트너 자전거 배달 후기,쿠팡이츠 배달파트너 자전거 배달 후기 JPI8P6JZ 복사 붙여넣기 쿠팡이츠 배달파트너 자전거 배달 후기... 30–60분 부업) ✔ 프리랜서 (자유 시간 활용) ✔ 운동 겸 소소한 부수입 원하는 사람 ✔ 장비·초기비용...,https://blog.naver.com/starhp1/224083066007,청주공유오피스 아반 공식 블로그,20251121,0,8,0,0,8,False
배달 부업 후기,배달,"부수익 가능할까? (구로구 배달꿀팁, 직장인 여자 부업후기)","알바는 정해진 날짜, 정해진 요일에 일해야해서 급한일이 생기거나 쉬고싶어서 변동이 어렵지만 배달부업은 일끝나고 그날그날 시간과 체력이 되는만큼 할 수 있기에 전적으로 제 선택에 달려있습니다...",https://blog.naver.com/bananana1234/222971476485,성실하게 채워나가는 작은거인의 블로그 :),20230101,0,6,0,0,6,False
배달 부업 후기,배달,배민 커넥트/쿠팡이츠 배달파트너 부업 배달 알바 후기 2탄,쿠팡 이츠 라이더스 배달 알바 후기 2탄 배달 알바를 하면서 깨달은 것들 배민 커넥트. 쿠팡 이츠 라이더스 배달 알바 후기 2탄 배달 알바를 하면서 깨달은 것들 모든 것은 위기와 기회가 있다. 코로나가 끝나면서...,https://blog.naver.com/givercan/222837780966,"""당신을 행복하게 만드는 남자"", 현모양처",20220802,0,4,0,0,4,False
배달 부업 후기,배달,배민커넥트 도보 배달파트너 하루 체험기 | 현실적인 후기,오늘은 배민커넥트 도보 배달을 하루 동안 직접 체험해본 현실적인 후기를 공유해드릴게요. 오토바이도 자전거도 없는데 배달 부업 시작하고 싶다면? 도보 배달이 진짜 현실적인 선택인지 솔직하게...,https://blog.naver.com/mskcuteeee/224281789894,이것저것,20260511,0,4,0,0,4,False
배달 부업 후기,배달,쿠팡이츠배달파트너 자동차 미션 하기 직장인부업 꿀팁 주의사항,쿠팡이츠 배달파트너 자동차 후기 직장인 주말 자투리 시간에 하기 좋은 알바 쿠팡이츠배달파트너를... 쉬운 부업 쿠팡이츠배달! 오늘은 비가 와서 미션이 많았어요! 날씨가 나쁜 날은 단가도 올라가고 미션도...,https://blog.naver.com/mimohwang/223663319760,My Universe,20241116,0,4,0,0,4,False
배달 부업 후기,배달,부업 추천 _배달의민족 배민커넥트 도보 후기 feat 약간의...,이상 도보 커넥터의 배달의민족 배달 후기였습니다! 소듕한 내돈을 투자한 배민 보냉가방! +덧.. 4주간의 배민소득. 명절도 껴있었고 매일한게 아니라 들쑥날쑥함... 배민 수익! 7 구독하기,https://notsobad2019.tistory.com/entry/%EB%B6%80%EC%97%85-%EC%B6%94%EC%B2%9C-%EB%B0%B0%EB%8B%AC%EC%9D%98%EB%AF%BC%EC%A1%B1-%EB%B0%B0%EB%AF%BC%EC%BB%A4%EB%84%A5%ED%8A%B8-%EB%8F%84%EB%B3%B4-%ED%9B%84%EA%B8%B0-feat-%EC%95%BD%EA%B0%84%EC%9D%98-%EC%B4%88%EB%B3%B4-%EB%9A%9C%EB%B2%85%EC%9D%B4-%ED%8C%81,nOt sO bAd,20210124,0,8,0,2,6,False
배달 부업 후기,배달,2024 직장인 부업 추천 쿠팡이츠 도보배달 1시간30분 수입 후기,"운동 겸 부업까지 가능합니다. 도보배달은 신체적으로도 정신적으로도 건강에 좋은 활동입니다. 운동을 하면서 스트레스를 해소하고, 자신감을 키울 수 있습니다. 또한, 부업으로서도 소득을 얻을 수 있어...",https://blog.naver.com/gkdltjdrms/223295760811,쉽게 구경하는 블로그,20231218,0,4,0,2,2,False
배달 부업 후기,배달,"배민커넥트 도보, 직장인이 부업으로 해본 찐후기, 정산과 수입...","다양한 부업들을 해본 거 같아요. 배민을 자주 시켜먹으시는 분들이라면, ""나도 한번 배달 해볼까?""라는 생각을 해볼텐데요. 오늘은 바쁜 직장인 N잡러가 배민커넥트를 해본 후기, 장점과 단점까지 낱낱이...",https://blog.naver.com/58hyunghae/223594338040,짠토리의 매일 성공하는 재테크,20240924,0,6,0,0,6,False
배달 부업 후기,배달,"쿠팡이츠 배달파트너 직장인 부업 추천, 5~6주차 정산 인증과...","직장인 부업 추천! 쿠팡이츠 배달파트너 후기와 5~6주차 정산 인증을 들고왔습니다  5주차 정산 인증 6주차 정산 인증 쿠팡이츠 배달파트너 부업으로 5주차에는 9,900원, 6주차에는 12,490원을 벌었네요 큰 금액은...",https://blog.naver.com/gkrud4305/223880993256,돈많은 백숙,20250528,0,4,0,2,2,False
배달 부업 후기,배달,[도보 알바] 우친 첫배달 후기 운동하면서 부업까지...,오늘은 제가 하고 있는 꿀 부업을 한번 알려드릴려고 합니다. 도보배달인데요. 원래 걷기를 좋아하고 저녁마다 조깅도 종종하는 저에게는 아주 딱이랍니다. 이렇게 걸으면서 벌자! 바로 우친 배달입니다....,https://blog.naver.com/sssnam1975/222711391837,나도 나혼자 산다:),20220425,0,4,0,0,4,False
배달 부업 후기,배달,부산 배민 커넥트 후기 37회차,안녕하세요 부산에서 배민 커넥트 + 쿠팡이츠로 배달 부업 중인 라이더입니다 날씨가 최근 많이 더워졌죠? 오늘은 이틀간 배달 후기를 올리게 되었습니다 아르바이트하면서 사진을 많이 찍을까 하다가 포스팅에...,https://blog.naver.com/jyoyo13/224280679021,연필로 쓴 일기장,20260510,0,4,0,0,4,False
배달 부업 후기,배달,차팡이츠 배달 실제후기 퇴근후부업추천,"바로가시죠 첫콜은 두건한번에 배달진행했답니다. 바로근처에있어서 한번에 슉슉 잡아채주고 모두... 조금더 바쁘게 움직인다면 좀더큰 수익을 낼수있겠지만, 부업이기에 무리하지않는선에서 하는것이...",https://blog.naver.com/kos678/223369358055,HYUN,20240229,0,6,0,2,4,False
배달 부업 후기,배달,"5월1일 근로자의 날, 배달 부업하면 얼마 벌 수 있을까?",저는 수당 받는 조건으로 근무했답니다 ㅠ.ㅜ 오늘 쉬시는 분들이 많은거 같아서 배달부업 나가면 꽤 벌 수 있지 않을까 하여 도전해보았습니다! 실제로 어땠는지 후기 적어볼게요~ 오늘은 일찍 끝나서 5시에...,https://blog.naver.com/bananana1234/223090611390,성실하게 채워나가는 작은거인의 블로그 :),20230501,0,4,0,0,4,False
배달 부업 후기,배달,안산 부업 전기자전거 배달 알바 2025년 수익 정리  (수익/시급...,"안산에서 저녁 피크타임 배달 알바해본 후기 (수익/시급/동선/장단점) 나는 평일 저녁 피크시간(17시... 짧은 시간 집중해서 벌고 바로 쉬는 루틴이 가능하다 보니, 본업 하면서 부업으로 하기에 꽤 적합하다.",https://blog.naver.com/whimsymovie/224096167660,윔지윔지의 씨네노트,20251203,0,6,0,0,6,False
배달 부업 후기,배달,"[부업] 쿠팡이츠배달파트너 자동차 3시간, 5만원 체험후기",백수 둘이 만나 맨날 돈 쓰고 노느니 “오늘 하루 밥값 한번 벌어보자!”하며 시작한 쿠팡이츠배달파트너 솔직후기 남겨보겠습니다 :) 제일 먼저 앱 가입 후 교육을 듣고 시험을 쳐야하는데요...,https://blog.naver.com/scgry7/223898220402,똬의 일상,20250613,0,4,0,0,4,False
배달 부업 후기,배달,배달용전기자전거 직접 타본 현실후기! 출퇴근+부업까지 가능한...,"배터리 잔량 표시도 직관적이고, 한 번 충전해두면 퇴근 후에 배달 부업 잠깐 뛰는 정도는 전혀 무리가 없었어요. 퇴근하고 한 1~2시간 정도 배달 돌려봤는데요 ♂️ 확실히 배달용전기자전거라고 나온 제품이라...",https://blog.naver.com/mmonglee/224083885706,이멍몽의 소중한 일상,20251122,0,4,0,0,4,False
배달 부업 후기,배달,"퇴근 후 쏠쏠한 부업, '샘바이크'와 함께한 2주 리얼 후기","요즘 물가는 오르는데 월급은 그대로라, 퇴근 후나 주말을 이용해 소소하게 배달 부업을 시작해 보기로 했어요. 오토바이는 유지비나 보험비가 부담스럽고 도보나 일반 자전거는 체력적으로 한계가 있어서...",https://blog.naver.com/sin__ho/224097737988,릴라,20251206,0,4,0,0,4,False
배달 부업 후기,배달,"왜 이제 알았을까?: 배민 배달 알바, 가입 전 필독(부업, 투잡...","배달의 민족 '배달' 아르바이트 (부업/투잡) 꿀팁 배민커넥트 시작? 어렵지 않아요! 그냥 가입하고... ㅋㅋㅋ (자세한 배달 후기는 다음 게시물에 써 볼게요) 자, 그럼 본격적으로 시작해 볼까요? 아이스크림...",https://blog.naver.com/joinjoa/222640174276,"완벽주의자의 완벽하지 않은 생활, 좋아로그",20220206,0,6,0,0,6,False
배달 부업 후기,배달,부업 시작하고 후회한 순간들 (직접 해보니 알겠더라),부업을 시작하면  “이제 돈 좀 벌 수 있겠다” 이런 기대가 먼저 생깁니다 저 역시 배달을 시작하면서... 저 역시 아직 진행 중이지만  계속 해보면서 방향을 잡아가고 있습니다 #부업후기 #직장인부업 #부업현실,https://blog.naver.com/secondjob7/224253471871,직장인 부업 연구소,20260417,0,4,0,0,4,False
배달 부업 후기,배달,부업으로 배민커넥트&쿠팡이츠 배달 파트너 도전,안녕하세요~ 오늘은 부업으로 시작해본 배달 알바에 대한 후기를 써보려고 합니다. 우선 배달 수단은 크게 4가지가 있는데요!! 1. 도보 2. 일반자전거/전기자전거 3. 자동차 4. 오토바이 이렇게 구분됩니다....,https://blog.naver.com/jjeong0033/224017588995,쿠시쿠시 블로그,20250922,0,4,0,0,4,False
배달 부업 후기,배달,"[부업] 배민, 쿠팡이츠 도보배달 후기 및 비교(feat. 시급, 건당...","11월 원씽이 ""부업을 시작해서 돈을 벌어보자""였다. 기존에 퇴근 후 시간을 부동산 공부와 지역을... 그래서 그 중에서 준비도 필요없고, 가장 접근성이 쉬운 배달알바를 시작했다. 말은 많이 들었는데 생각보다...",https://blog.naver.com/taeja1_/223680414380,맛동산,20241202,0,4,0,0,4,False
배달 부업 후기,배달,쿠팡이츠 배달파트너 도보 배달 후기,"쿠팡이츠 배달파트너 도보 배달 후기 JPI8P6JZ 쿠팡이츠 배달파트너 도보 배달 후기 도보로 시작해본 첫... 특히 근거리 중심 배달, 낮은 초기비용, 간단한 가입 절차 덕분에 “부담 없는 부업”이라는 인식이...",https://blog.naver.com/starhp1/224070684477,청주공유오피스 아반 공식 블로그,20251110,0,6,0,0,6,False
배달 부업 후기,배달,배달 부업으로 돈 벌기 1편-배민 커넥트 도보 배달(시작 계기...,배달 부업을 시작한 이유 저는 입사지원을 해둔 곳이 있었는데 현재 티오가 없어 무작정 대기해야 하는... 다음 편은 본격적인 배민도보 후기와 얼마나 벌 수 있는지! 그리고 소소한 팁들과 함께 오도록...,https://blog.naver.com/aiee_/223307710022,뽀용⋆˚☁️˖°⋆˚｡,20231230,0,4,0,0,4,False
배달 부업 후기,배달,쿠팡이츠 배달파트너 자동차 도보 장단점 솔직 후기,"쿠팡이츠 배달파트너 자동차 도보 장단점 솔직 후기 JPI8P6JZ 쿠팡이츠 배달파트너, 자동차 vs 도보 어떤 선택이 이득일까? JPI8P6JZ 안녕하세요! 최근 배달 부업에 대한 관심이 뜨거운데요, 그중에서도 쿠팡이츠...",https://blog.naver.com/starhp1/224152733987,청주공유오피스 아반 공식 블로그,20260120,0,4,0,0,4,False
배달 부업 후기,배달,"쿠팡이츠 배달파트너 수입, 자동차 후기 + 꿀팁 총정리","자동차 배달 방법 등 각종 꿀팁을 공유해보려고 합니다. 떠오르는 부업, 쿠팡이츠 배달파트너란?... 오늘은 쿠팡이츠 배달파트너 수입 등 자동차 배달 후기에 대해 알아보았습니다. 관련해서 궁금한 부분이...",https://blog.naver.com/greensprouts/222959847011,"순자산 30억, 현금흐름 1000만원",20221219,0,4,0,2,2,False
배달 부업 후기,배달,온라인 부업 추천 집에서 매달 60만 원 벌기,"온라인 부업. 주부님들, 직장인에게 추천하는 이유는 바로 이것! 예전에는 부업이라고 하면 배달이나... 부업 후기, 재택부업 찐 후 기 등등 검색해 보면 통장 내역 자랑들만 있지 실제 후기는 거의 없더라고요....",https://blog.naver.com/yirang569/224082374853,드림투유본사 공식멘토 드림투유 친절한멘토,20251120,0,6,0,2,4,False
배달 부업 후기,배달,[직장인 부업 뚜벅이 배달(배민) 1일차 후기],티끌 하나라도 멘징하기 위해서 뚜벅이 배달 알바를 해보았다! 방법은 maewoo 매우 간. 단. 하. 다. 1. 밑에 2개를 어플 설치하고 ▶ 배민 커넥트 ▶ 쿠팡 이츠 배달 파트너 2. 회원가입 후 안전교육 영상 시청 이때...,https://blog.naver.com/smkth201207/224070393125,오늘도 버티는 중입니다.,20251110,0,4,0,0,4,False
배달 부업 후기,배달,배달 부업위한 전동킥보드 오늘은 라이더에서 편하게 대여,"실제 배달라이더분들이 오늘은라이더 어플 이용한 후기까지 영상으로 확인해봤는데요 혹 투잡이나 부업으로 배달 생각하고 계신다면 보다 편하게 전기오토바이, 전동킥보드 렌탈 가능한 오늘은라이더...",https://blog.naver.com/ckdgus5290/222679250978,싸미맘의 육아일기,20220321,0,6,0,0,6,False
배달 부업 후기,배달,배달부업 배달필수품! 3중 자석개폐형 토투 배달가방가방 추천,캠핑 좋아하는 바리스타 입니다 자전거나 퀵보드로 배달 부업을 한다는 주위 지인들을 보고 저도... 토투 배달가방을 적극 추천드립니다 제품만 제공받고 실제 사용한 후기 입니다 #자전거배달가방...,https://blog.naver.com/campingbarista/222916015901,캠핑바리스타의 캠핑/일상/리뷰,20221031,0,4,0,2,2,False
배달 부업 후기,배달,쿠팡이츠 배달파트너 도보 후기 정산 수입 배달실수 대처 팁,"도보 배달은 단순한 부업 그 이상의 가치가 있었습니다. 회사 생활로 쌓인 스트레스를 동네 산책으로 풀면서, 동시에 여행 자금까지 차곡차곡 마련할 수 있으니까요. 주말 내내 집에서 누워만 있기보다, 일단...",https://blog.naver.com/cartin/224286456533,알뜰하게 여행한다냥,20260515,0,4,0,0,4,False
배달 부업 후기,배달,재택부업 현실 수익 가능한 TOP 리스트 총정리,"목표로 부업을 시작하는 경우가 흔해졌어. 예전에는 부업이라 하면 배달, 대리운전, 주말 알바... 잘 팔리는 주제 예시 블로그 시작 방법 다이어트 경험 공부법 부업 후기 전자책 = 디지털 자산이라는...",https://blog.naver.com/bluekai1/224275747251,하비 아카이브,20260510,0,10,0,0,10,False
배달 부업 후기,배달,쿠팡이츠 배달파트너 배민커넥트 2년간 수입과 후기(자전거...,"쿠팡이츠 배민커넥트 배달파트너 2년간 수입과 후기 (자전거·자동차·도보) 배달 부업을 시작한 지 벌써 2년이 됐어요. 처음에는 단순한 용돈 벌이로 시작했는데, 쿠팡이츠와 배민커넥트를 번갈아 써보면서...",https://blog.naver.com/sulhyang92/224204778646,정보공유,20260305,0,4,0,0,4,False
배달 부업 후기,배달,[배민커넥트] 자동차 부업 직장인 후기 2시간 수입,"오늘은 제가 3일동안 직접 경험한 퇴근 후 자동차 배달 부업 자세히 이야기를 들려드릴게요.... 결론 – 부업늘보의 솔직 후기 “퇴근 후 2시간 → 33,190원” 이건 직장인에게 꽤 매력적인 숫자입니다. 물론...",https://blog.naver.com/ignorant_sloth/223999253812,늘보의 일상,20250908,0,4,0,0,4,False
배달 부업 후기,배달,메리츠파트너스 보험 부업 N잡 후기!,메리츠파트너스 보험 부업 N잡 후기! 예전에 잠깐 일을 한 적이 있는데 그때는 정말 표면적으로만 알고... 메리츠파트너스메리츠파트너스의 배달이나 아르바이트는 시간을 빼앗겨 체력의 부담이 되어 맞지 않고...,https://blog.naver.com/excess10210/223919229966,도레미파닭,20250702,0,6,0,0,6,False
배달 부업 후기,배달,"핸드폰 부업 추천, 시간 없고 돈 부족한 현실에서 시작한 후기","커피 줄이고, 배달 줄이고, 옷 안 사고, 구독 끊고.. 근데 통장 보면 티가 1도 안 남. '아끼고 모아도... 그래서 나도 한동안 부업 추천 글이나 후기 보다가 시간만 날렸음. “이거 괜히 시작했다가 시간만 버리는 거...",https://blog.naver.com/lkslks0103/224253182864,방구석에서 한달 846O만원 벌기,20260415,0,4,0,2,2,False
배달 부업 후기,배달,야간 심야 자차 부업하면서 겪은 일들... 실제 경험담 후기,자차 배달 부업하면서 겪은 실제 일들을 적어봅니다. (배민커넥트 · 쿠팡이츠 배달파트너 자차부업 에피소드) 야간과 심야에 자차 배달 부업을 하다가 직접 보고 느낀 에피소드를 포스팅 합니다..  미션...,https://blog.naver.com/logtowork/224094937286,출근로그,20251202,0,4,0,0,4,False
배달 부업 후기,배달,전기자전거로 운동과 부업을 해보다,그걸로 부업으로 배달을 하루 3~4건정도 하면서 운동도 된다며 좋다고 이야길 해주었다. 그래서 나도... 와이프 자전거 안장은 그냥 딱.딱.하.다 였을정도여서 개당 만원도 안하지만 후기가 좋은 안장으로 교체!...,https://blog.naver.com/yun2486/223985850953,윤가의 일상,20250827,0,4,0,0,4,False
배달 부업 후기,배달,배달 부업으로 돈 벌기 5편-쿠팡이츠 배달파트너 도보배달...,안녕하세요 :) 이전에 작성한 배민커넥트 도보배달 후기와 정보들이 있으니 안 보신 분들은 함께... 고민이 신분들이 참고하시면 좋을 것 같습니다 저희 같이 부업으로 돈 벌어보아요 파이팅!!(•̀ᴗ•́) و ̑̑,https://blog.naver.com/aiee_/223334899434,뽀용⋆˚☁️˖°⋆˚｡,20240126,0,4,0,0,4,False
배달 부업 후기,배달,쿠팡이츠 배달파트너 직장인 부업 3일차 후기 `oo'/,"디다~ 피고니피고니 회사 동기랑 이런저런 얘기하며 학연 지연 흡연에 따라 담배 한대고 푸고 쿠팡이츠배달파트너 어플 ON _!! 왠일 왠일?! 바로 잡힌 콜 만홍스시 4,965원 (나 빠르고 안전한 배달을...",https://blog.naver.com/hgddfffgg/223216140807,꼬맹이요정,20230919,0,4,0,0,4,False
배달 부업 후기,배달,"[딜리래빗] 자차 부업, 당일배송, 배달알바 후기",예전에 배달 했던 것들을 토대로 작성된 점을 참고 부탁드립니다. 리뉴얼 된 후 딜리래빗을 하지... 리뉴얼이 되고 나서는 배차확정이 잘 안되는것 같아요 지금부터 리뉴얼이 되기 전에 어떤 방법으로 배달이...,https://blog.naver.com/jh_ms1209/224045985810,꼬꼬마의 일상다반사,20251019,0,4,0,0,4,False
배달 부업 후기,배달,쿠팡이츠 배달파트너 도보 후기 수익 장단점 총정리,최근 짬짬이 부업이나 투잡을 찾는 분들이 많죠? 저도 그런 이유로 쿠팡이츠 배달파트너 도보 배달을... 쿠팡이츠 배달파트너 도보 배달 수익 후기 제가 직접 하루 3시간 정도 쿠팡이츠 배달파트너 도보...,https://blog.naver.com/oneul200/224031722938,ONEUL STORY,20251005,0,8,0,0,8,False
배달 부업 후기,배달,[부업인간]쿠팡이츠 배달 파트너 자동차 배송 후기 및 수입 (차팡),"부업인간 활동기, 디버 파트너에 이어 이번엔 쿠팡이츠 도전 후기 입니다!! 배달 알바라면 현재 배민과 쿠팡이 쌍두마차입니다. 둘 중에 뭘 해볼까 고민하던 중, 배민커넥트 보다 쿠팡이츠 쪽이 처음 시작이...",https://blog.naver.com/maewoldang/222666410619,보험을보다,20220307,0,4,0,0,4,False
배달 부업 후기,배달,직장인 투잡 오랫동안 블로그 부업해본 후기,"주변에서는 배달 알바나 대리운전 등으로 일한 즉시 소득을 창출할 수 있는 것을 많이 하셨는데 시간... 있는 부업이었습니다. 저는 투잡을 시작하기 전, 1일 1포스팅으도 열심히 했습니다. 그 후 직장인 투잡을...",https://blog.naver.com/4130606/222821355660,자유부동산 잠실파크리오 이야기,20220720,0,8,0,0,8,False
배달 부업 후기,배달,"[실제수입] 배민커넥트 자동차 부업, 기름값 빼고 얼마나 남나요...",배달 부업을 시작하기 전에 가장 궁금한 게 기름값 빼고 실제로 얼마나 남느냐잖아요. 인터넷에 돌아다니는 자동차 배달 후기는 총수익만 공개하고 기름값이랑 유지비는 빠져 있는 경우가 많아서 뭘 믿어야...,https://blog.naver.com/sulhyang92/224221705474,정보공유,20260319,0,6,0,2,4,False
배달 부업 후기,배달,"부업해봐 - 나쁘지 만은 않았던 쿠팡이츠, 배달의민족 후기","나름의 후기를 올려보겠습니다. 배달의민족> 가입방법이나 하는 방법은 많으니 생략하고, 본인이... 부업으로 욕심 안부리고 하기엔 괜찮다 이정도인듯 합니다. 기억나는게 이정도라서 궁금한 점 댓글...",https://blog.naver.com/wtfashion/222169667674,라희zing star⭐️,20201210,0,4,0,2,2,False
배달 부업 후기,배달,배민커넥트 부업 솔직 후기 및 수입 | 자동차 배달 꿀팁 비법...,"현재 부업을 찾고 있으신가요? 그럼 지금이라도 배민 커넥트를 시작해보세요! 배민 커넥트는... 이상으로 자동차 배달, 도보 배달 등의 배민 커넥트 후기였습니다. 무엇보다 여러분들의 안전이 가장 중요할...",https://blog.naver.com/observe97/223573712046,Insight Jack,20240905,0,4,0,0,4,False
배달 부업 후기,배달,배달 오토바이 렌탈로 pcx125 추천 받아 출고한 후기,"배달 오토바이 렌탈로 pcx125 추천 받아 출고한 후기 안녕하세요, 전 최근 배달대행 일을 부업으로 시작한 완전 생초보 라이더에요. 정말 아무것도 모른 채로 이 업종에 뛰어들었다 해도 과언이 아닐 정도인데요....",https://blog.naver.com/wls0109146/224227206465,찌닛 블로그,20260324,0,4,0,2,2,False
배달 부업 후기,배달,온라인 부업 추천 매달 15 만원 만들기,"온라인 부업 추천 트렌드 - 짧은 시간에 꾸준한 결과 예전에는 부업이라 하며 퇴근 후 배달, 포장... 부업할 때 꼭 확인해야 할 점 짧은 시간에 큰돈을 번다는 홍보는 피하세요. 실제 사용자 후기가 있는지, 환급...",https://blog.naver.com/sunjunpogo/224064595381,★옥정동 성공부동산(성공중개플래너)★,20251104,0,4,0,2,2,False
배달 부업 후기,배달,[부업] 2024년 8월 배달 수익 및 후기,"(소득세 및 보험료 제외) ▲ 총 배달 건수 475건. ▲ 건당 수익 4,275원. 후기 회사 여름휴가와 광복절 연휴가 있던 8월. 연휴 동안 2일만 쉬고 나머지는 배달을 한 덕분에 저번 달 대비 80만원 더 많은 수익을...",https://blog.naver.com/pksunmi9294/223575314235,Time Design,20240907,0,6,0,0,6,False
배달 부업 후기,배달,새벽배송의 원조 학생때부터 신문배달했던 후기,"이후 어느 제약업체에서 약품 배달을 한 적이 있었는데, 이륜차 운전이 조건이었고, 요긴했다. 지금은 1인 기업으로 일하고 있지만, 혹시 부업으로 배민과 같은 라이더를 해야 될 일이 있으면, 당장 시작...",https://blog.naver.com/ace_begins/224059081705,웰쓰,20251030,0,4,0,0,4,False
배달 부업 후기,배달,배달 라이더 종합소득세 신고방법 제로택스 도움 받은 솔직 후기,배달 일을 시작한 지 어느덧 4년이 다 되어갑니다. 처음에는 부업으로 시작했다가 본업이 된 케이스라 세금 문제는 늘 머리 한구석에 있었습니다. 그런데 막상 5월이 다가오니 종합소득세 신고방법을 어떻게...,https://blog.naver.com/ohappy26/224276829453,.,20260507,0,4,0,0,4,False
배달 부업 후기,기타,자유롭게 시간 운영할 수 있는 부업? 메리츠 파트너스 도전 후기,"메리츠 파트너스와 함께 하는 찐터뷰 시리즈에서는 메리츠 파트너스로 인생의 전환점을 찾은 분들의 후기를 소개합니다. ""메리츠 파트너스로 직업 찾고 두 번째 월급 벌고 있어요!"" - 헬스 트레이너, B 님 부업...",https://blog.naver.com/meritz_partners/223800371846,메리츠 파트너스,20250318,0,2,0,0,2,False
배달 부업 후기,배달,직장인 부업 후기 현실적으로 돈 벌수있나?,직장인 부업 후기 현실적으로 돈 벌수있나? 직장인 부업 후기 현실적으로 돈 벌수있나? 2025년에도... 스마트폰 하나만 있으면 쉽게 시작할 수 있는 배달 알바를 추천드릴게요. 1) 배민커넥트 배민커넥트는 앱 설치...,https://blog.naver.com/leens1357/223755334565,유부남의짠테크,20250210,0,4,0,2,2,False
배달 부업 후기,배달,신용 상관없는 배달오토바이렌탈 솔직 후기 (PCX125 NMAX125...,"처음에 배달부업을 결심했을 때, 중고라도 사야 하나 싶어 매물을 엄청 뒤졌습니다. 하지만 다들 아시다시피 배달오토바이 매물은 속된 말로 '폭탄 돌리기'가 많아서 기계치인 제가 샀다가 수리비가 더 나올...",https://blog.naver.com/modoo551/224289908855,배달오토바이 리스 렌트 전문 모두의바이크,20260519,0,4,0,0,4,False
배달 부업 후기,배달,막사는 것보다 나은 30대 여자 부업 투잡 쓰리잡.. n잡 후기,이 글은 사실 어제까지 뛰던 곱창집 알바를 끝내고 (짤린건가) 현타가 오는데도 쿠팡이츠배달을 뛰고 있는 내가 대견하기도 하고 짠하기도 해서 구구절절 쓰는 여자 부업 후기 이 와중에 쿠팡도보배달으로...,https://blog.naver.com/ansgmlwjd28/223976323594,기록할수록 가벼워지는,20250819,0,6,0,0,6,False
배달 부업 후기,배달,[부업] 2025년 2월 배달 수익 및 후기,"▲ 총 배달 수익 2,166,450 (소득세 및 보험료 제외) ▲ 총 배달 건수 458건. ▲ 건당 수익 4,730원. 배달을 마치고 잠시 멍타임. 배달이 아니면, 평생 안 갈 곳을 누비면서 멍을 자주 때린다. 돈을 더 벌려고...",https://blog.naver.com/pksunmi9294/223788048970,Time Design,20250307,0,6,0,0,6,False
배달 부업 후기,배달,뚜벅이 배달 부업 시작,뚜벅이 배달 후기 생각보다 콜이 늦게잡히지만 잡고나면 연달아서 들어와서 바쁨! 한달에 20~30정도 벌고싶다. 이거 모아서 뮤지컬 보러가야지~~ 끼얏호~! #도보배달 #도보배달알바 #배민도보배달...,https://blog.naver.com/smfkdls13/223717184026,잘잘이의 성장일지,20250107,0,4,0,0,4,False
배달 부업 후기,배달,평일 저녁 배달 후기 자동차 부업 시급 단가 (2024년 1월 29일),그나저나 배달일기도 매번 갈떄마다 적다보니 소재가 고갈되가는 모양새다.. 했던이야기 또하는 느낌.. 유튜버들이 왜 맨날 했던소재 돌려막기 하는지 이해가된다.. 내 배달이야기 소재는 항상 얼마 벌었다...,https://blog.naver.com/prayforh/223337597361,일상이야기,20240129,0,4,0,0,4,False
배달 부업 후기,배달,[배민커넥트 도보] 배달알바 도보후기 부산주부부업 주부알바,주부부업으로 추천추천 여러후기들 찾아보니 돈생각안하면 운동 삼아 하기좋다 라는 글을 몇개 보앗더니 이거한번해볼까 싶어서 시작했어요 사실 친정집이 과일가게를 해서 배달경험이 많담니다...,https://blog.naver.com/myart1225/222669697448,유니키미네,20220311,0,4,0,2,2,False
배달 부업 후기,배달,"육아휴직 부업 추천, 배달 알바 현실 수익 공개",오늘은 육아휴직 중 부업을 해도 되는지 그리고 배달 알바를 부업으로 하는 건 어떤지 고민하고 계신... 육아휴직 중 쿠팡이츠 배달 알바 현실 후기 (수익 공개) 저는 육아휴직을 시작하기 전부터 시간이 날...,https://blog.naver.com/882ddb/223848120740,팔팔이와 윤우의 성장기록,20250427,0,6,0,2,4,False
배달 부업 후기,배달,[부업] 2025년 3월 배달 수익 및 후기,"▲ 총 배달 수익: 1,384,062원. (소득세 및 보험료 제외) ① 배민: 805,740원. ② 쿠팡: 318,822원. ③ 보너스: 259,500원. ▲ 총 배달 건수: 300건. ① 배민: 212건. ② 쿠팡: 88건. ▲ 건당 수익: 4,614원. 오래된 아파트에...",https://blog.naver.com/pksunmi9294/223826623831,Time Design,20250408,0,6,0,0,6,False
배달 부업 후기,배달,"직장인 부업 쿠팡이츠 배달파트너 도보 후기(관악구, 강남구)","지난 번 쿠팡이츠 배달파트너 자동차 후기에 이어 이번엔 도보 후기를 공유한다. 자동차는 약간 큰 마음 먹고 시도했었지만 도보는 정말 가벼운 마음으로, 아니 달리 표현하자면 부업하러 간게 아니라 밥...",https://blog.naver.com/coolhead_warmheart/222723352295,우공이산 돈 공부,20220507,0,4,0,0,4,False
배달 부업 후기,배달,[쿠팡이츠 배달파트너] [쿠리어] 직장인 부업 현실적인 후기(+한...,"길면 길고 짧으면 짧았던 한 달 동안 쿠팡이츠 배달파트너 부업의 수익을 보여드리려고 제 수익을 참고하시면 좋을 거 같아서 공개해보려고 해요! 일단 첫 번째 주의 총 수익은 (124,430+100,000) x 3.3...",https://blog.naver.com/dohak_black/222101373133,1일일돡,20200927,0,6,0,0,6,False
배달 부업 후기,배달,부업으로 좋은 쿠팡이츠배달파트너 초대코드  초대코드...,"요즘 배달 알바나 부업 관심 있는 분들 많으시죠? 저도 최근에 시작했는데, 지금 친구 초대 이벤트가... 첫 배달 1건 완료하면 끝! 그럼 나랑 친구 둘 다 1만 원씩 받습니다  ⸻  실제 후기 저도 이 코드로...",https://blog.naver.com/anheung123/224037949386,로그명,20251011,0,4,0,0,4,False
배달 부업 후기,배달,배민커넥트 :)) 부업의 시대 - 1인 배달 배민커넥트 리얼 후기,이번 포스팅은 배민커넥트 리얼후기 제가 직접 해보고 후기를 적어보려고 해요! 원래 부업은 생각도... 친구추천은 친구가 추천아이디를 입력하고 배달 한 건 완료시 2만원 지급! 4만원을 그냥 얻어갈 수 있는...,https://blog.naver.com/kidmania25/222217633530,천슈의 일상 기록,20210123,0,4,0,2,2,False
배달 부업 후기,배달,"카카오T픽커 도보 배송 후기,(+부업 40대 주부 2시간 실제...","부업으로 뜨고 있는 카카오T픽커 도보 배송, 배송 경험 0인 40대 주부의 찐 첫배송 후기. 올리브영 세일... 저는 배달·퀵·배송을 단 한 번도 해본 적 없는 40대 주부입니다. 완전 찐 첫배송이었고, 올리브영 세일...",https://blog.naver.com/cha4se/224204330068,만신 브로리,20260304,0,4,0,0,4,False
배달 부업 후기,배달,쿠팡 이츠 배달 파트너 후기 수입 및 직장인 부업으로 괜찮을까?,생각하고 부업을 생각하는 직장인들에게 추천드리고 싶습니다. 이상으로 쿠팡 이츠 배달 파트너 수입 및 후기에 대해서 포스팅을 마치도록 하겠습니다. 하루하루 열심히 살고 있는 모든 분들에게 조금이나마...,https://pmsmy1zzang.tistory.com/514,생활정보공간,20220207,0,4,0,2,2,False
배달 부업 후기,배달,"직장인 배달 부업으로 배민커넥트 도보, 자전거 첫 경험 리뷰...","오늘은 도보, 자전거 배달의 마지막 후기를 소개해드리겠다!. 우선 사진을 찍어 보여 주고싶었지만... 봐주셔서 감사합니다 배달 부업 1탄 으로!! 배달 부업 2탄 으로!! 배달 부업 후일담편 으로!!",https://blog.naver.com/jun_jun1027/223338495926,김준의 30대에 대하여,20240130,0,4,0,0,4,False
배달 부업 후기,배달,지방 쿠팡이츠 배민커넥트 평일 점심 배달 후기 자동차 부업...,요즘 배민커넥트 알뜰이 들어오면서 지방도 점심에 배달이 꽤 예전보다 콜수가 많아졌다.. 다리만... 근데 이번주는 수면 패턴좀 돌려준다고 좀 목표치만큼 못하는 날이 있어서 대신에 매일 배달을 할려고한다.....,https://blog.naver.com/prayforh/223333367282,일상이야기,20240125,0,4,0,0,4,False
배달 부업 후기,배달,"두인양말 부업 후기｜소자본 양말 트럭장사, 할 만할까?",카페나 배달보다 초기자본 낮은 부업 찾는 분 ✔ 자유로운 형태의 소자본 장사에 관심 있는 분 ✔ 지역 장날이나 아파트 장사에 관심 있는 분 마무리 후기 사실 처음엔 “양말 팔아서 수익 나올까?”...,https://blog.naver.com/doggedness99626/223941318967,세상구경 취향찾기,20250721,0,6,0,0,6,False
배달 부업 후기,배달,카카오T픽커 김해 부업·알바·투잡 리얼후기 (레이핸들러),"오늘은 김해에서 카카오T픽커를 직접 경험하며 부업, 알바, 투잡으로 활용한 실제 후기를 공유합니다. 저는 경차인 레이를 이용해 배달을 했고, 다양한 배달 방식, 주소 오류와 고객 소통까지 느낀 장단점을...",https://blog.naver.com/bluewoohee/223897076876,써니의 관심일지,20250612,0,6,0,0,6,False
배달 부업 후기,배달,쿠팡이츠배달파트너 직장인 부업,직장인이 주말이나 퇴근하고 하기 좋은 알바 쿠팡이츠배달파트너 한 후기 입니다. 이번년도는 열심히 살자는 계획으로 부업이나 알바를 해볼까 하여 뭐 있나 찾아보고 있었는데 짝꿍이 같이 차팡(자동차+쿠팡)...,https://blog.naver.com/stella5915/223784507457,빙글뱅글 돌아가는 졍이의 하루,20250305,0,4,0,0,4,False
배달 부업 후기,배달,"카카오 T 픽커 도보 후기 | 퀵 도보배달 후기, 배달수단, 정산일",거리 배달건이 종종 있긴 하다. 카카오 대리 가입 대리로 부업 하실 분들도 카카오 T 픽커로 가능!! 나는... 하지만 도보배달러들은 배민이나 쿠팡이 나을듯하다. 이상 카카오 T 픽커 도보배달 후기였다.,https://blog.naver.com/lalaxxx_/224217052451,"나의 기록, 나의 세상 모든 것들의 기록",20260315,0,4,0,0,4,False
배달 부업 후기,배달,"쿠팡이츠배달파트너 후기 및 수입, 직장인 부업 추천(+친구초대...",수락하고 배달을 시작합니다. 저느 퇴근 후 저녁 7시 ~ 9시까지만 하고 봐서 무겁거나 잘 모르는 곳은 거절해요. (안전제일!!) 정말 제가 원하는 시간에 자유롭게 할 수 있는 알바 ? 소소한 부수입 작은 부업...,https://blog.naver.com/slow_jina/223569908817,SLOW JINA,20240902,0,6,0,2,4,False
배달 부업 후기,배달,"퇴근 후 부업, 직장인도 할 수 있는 현실적인 방법 3가지 인증",✅온라인 부업. 블로그/SNS/재능 판매/스마트 스토어 등등 ✅오프라인 부업. 배달 라이더/대리운전... 퇴근 후 부업 후기 카페 부업이나 투잡 등등을 검색하면 너무나 많은 정보와 수익 자랑을 보게 돼요. 하지만...,https://blog.naver.com/yirang569/223983764111,드림투유본사 공식멘토 드림투유 친절한멘토,20250826,0,10,0,0,10,False
배달 부업 후기,배달,파티룸 4개월 운영 후기 – 부업으로 해보니,"자영업자 혜택 소상공인 부담경감 크레딧, 배달·택배비 지원 사업 등 정부나 지자체에서 진행하는 다양한 지원 사업에 참여할 수 있습니다. 직장인이라도 부업으로 자영업을 하고 있다면 이런 혜택을 누릴 수...",https://blog.naver.com/moongod-/223963704240,Get Rich or Die Tryin,20250808,0,4,0,0,4,False
배달 부업 후기,배달,쿠팡이츠 배민커넥트 평일 배달 후기 자동차 부업 오토바이...,코스라는건 그냥 내가 픽업하고 배달하기 좋은 걸 말한다. 아무튼.. 뭐 오늘은 원래 이정도 할 생각이였다.. 이제 수면패턴좀 바꿔줘야되서 내일은 오전배달이나 해볼까 생각중이다.. 뭐 원래 다리안좋아서...,https://blog.naver.com/prayforh/223332909969,일상이야기,20240125,0,4,0,0,4,False
콘텐츠 부업 성공,블로그,인터넷부업으로 할 수 있는 창의적인 콘텐츠,"이번 글에서는 집에서 할 수 있는 다양한 창의적인 콘텐츠 부업에 대해 알아보겠습니다. 1. 블로그 운영하기 블로그는 자신이 관심 있는 주제에 대해 글을 쓰는 공간입니다. 요리, 여행, 패션 등 자신이 좋아하는...",https://blog.naver.com/bbs0bbs/223817520547,"나만의일기,일상",20250401,0,6,0,0,6,False
콘텐츠 부업 성공,콘텐츠,틱톡 콘텐츠 리워드 이벤트 부캐로 부업하자!,"부캐로 부업하기, 틱톡 콘텐츠 리워드에 제가 올린 영상은 쇼핑하면서 찍어 본 살까 말까 영상ㅋㅋ 업로드 완료 후 동영상 내용이 문제없다는 것이 확인되고 통과되면 업로드 리워드를 받을 수 있고요. 하루에...",https://blog.naver.com/kmgun0304/222659070026,멕이의 블로그,20220227,0,4,0,0,4,False
콘텐츠 부업 성공,강의,"""월 500 쉽게 벌어요"" 집에서 하는 부업 강의의 민낯","부업 인구가 해마다 늘어나고 있다. 가만히 있으면 도태되는 것 같은 느낌, 좋은 기회를 놓치면... 최근 숏폼 영상 플랫폼을 들어가 보면 노인이 주인공인 권선징악 콘텐츠가 쏟아져 나오고 있는 것도 이...",https://blog.naver.com/rmsgud2007/224212325949,방구석 청년의 경제이야기,20260320,0,6,0,0,6,False
부업 월 100만원 달성,기타,[부업 추천] 재능 마켓 월 수익 100만원 달성하는 방법,"[부업 추천] 재능 마켓 월 수익 100만원 달성하는 방법 경력이나 기술이 있어도 어디서부터 시작해야 할지 막막할 때가 많죠. 특히 재능 마켓은 누구나 손쉽게 도전할 수 있는 부업으로 떠오르고 있는데요, 오늘은...",https://blog.naver.com/eunleeda/224288484725,경제정책연구소,20260517,0,4,0,2,2,False
부업 월 100만원 달성,유튜브,[쿠팡 위탁판매 2개월차]부업으로 월 순수익 100만원 달성...,매출인증(5/1~5/31) - 매출 555만원 / 마진 28% / 순익 108만 원 5월 목표달성 ✔️효자상품 아이템 2개... 누구나 부업으로 100만원 가능할까? 유튜브나 인스타에서는 부업으로 누구나 100만원은 쉽게 벌 수...,https://blog.naver.com/firesimz/223464748669,불타는심지,20240531,0,8,0,0,8,False
부업 월 100만원 달성,기타,직장인 부업 추천 BEST 5... 현실적인 월 100만원...,"뜬구름 잡는 이야기가 아닌, 지금 당장 시작하여 월 100만 원이라는 가시적인 목표를 달성할 수 있는 2026년형 현실 부업 5가지를 엄선하여 소개합니다. 본업에 지장을 주지 않으면서 내 통장을 살찌울 수 있는...",https://blog.naver.com/pugsong/224185480780,퍼그의 부자되기,20260216,0,2,3,2,3,False
부업 월 100만원 달성,기타,부업으로 0원에서 100만원까지...생각보다 버거웠던 현실들,부업으로 100만원만 만들어보고싶다. 감히 자신있게 얘기할 수 있다. 가능하다고. 내가 만들어봤으니까 말이다 회사다니면서 육아까지 도맡아 하면서 하지만 그 과정에서 꼭 하고 싶은 말이 있다. 목표를 달성하...,https://blog.naver.com/meyou27/224084422465,재테크와 함께 성장하는 이야기,20251122,0,2,0,0,2,False
부업 월 100만원 달성,스마트스토어,"중국 구매대행 부업 2주, 매출 100만원 달성! feat 패스트셀러","저 중국 구매대행 스마트스토어 매출 판매 2주만에 100만원 달성했습니다!!  2월 23일에 처음 상품을... 저는 직장인이구요, 부업으로 중국 구매대행을 시작했습니다. 투자를 계속 하고 있지만 요즘은 투자보다...",https://blog.naver.com/jiin8000/223042225312,직장인의 직접투자,20230312,0,8,0,0,8,False
부업 월 100만원 달성,기타,부업종류 추천 나의 경험담과 꿀팁! 3개월 만에 월 100만 원...,"어느새 월 100만 원을 달성할 수 있었고, 그때부터는 제 자신에 대한 자신감도 생겼어요. 5. 정말 쉽게 시작할 수 있을까? 제가 이 부업을 시작할 때 가장 큰 장점은 초기 비용이 거의 들지 않는다는 점이었어요....",https://blog.naver.com/wgrecovery/224109417444,파편의시간,20251214,0,2,3,2,3,False
부업 월 100만원 달성,유튜브,인터넷 부업으로 월 수익 100만 원 이상! 3가지 알려 드릴게요,인터넷 부업으로 월 수익 100만 원 이상! 3가지 알려 드릴게요 부업을 통해 경제적 자유를 얻고 싶다면... 부업 수익 예시. 유튜브에서 수익을 올리기 위해서는 1000명의 구독자와 4000시간의 시청 시간을 달성해야...,https://blog.naver.com/yirang569/224011608051,드림투유본사 공식멘토 드림투유 친절한멘토,20250917,0,6,0,0,6,False
부업 월 100만원 달성,블로그,월 400만원 벌면서 깨달은 부업의 적나라한 현실,오히려 그 과정에서 수많은 에피소드들이 생겼다 부업을 하면서 겪었던 솔직한 감정과 현실에 대한 이야기 해보려고 한다. 월 10만원 -살짝 설렘의 시작 20년도에 블로그 애드포스트로 첫 9만원을 달성한날...,https://blog.naver.com/meyou27/224090732789,재테크와 함께 성장하는 이야기,20251128,0,4,0,0,4,False
부업 월 100만원 달성,기타,직장인 부업이 필수가 된 진짜 이유 월급 외 100만 원 버는...,이 경험이 쌓이면 100만 원이 되고 본업을 뛰어넘는 수익이 됩니다. 리스크 없는 무자본 부업과 투자형... 거창한 목표 대신 하루 글 하나 쓰기 또는 영상 편집 10분 하기처럼 아주 작은 목표부터 달성해 나가는...,https://blog.naver.com/jcs1975/224287293618,요즘경제,20260516,0,6,0,0,6,False
부업 월 100만원 달성,기타,직장인 부업 추천 월 100만 원 버는 일 원한다면,어쨌든 이번 달도 제가 목표한 직장인 부업으로 월 100만 원 벌기는 달성했습니다. 많은 분들이 제가 직장인 부업 추천으로 얘기해 드린 일은 대부분 생소한 일이기에 누군가의 도움이 없다면 맨땅에 헤딩하는...,https://blog.naver.com/hanaroo0/223166750175,잘 먹고 잘 놀기,20230726,0,2,3,2,3,False
부업 월 100만원 달성,기타,코인 선물거래소 수수료 절약해서 부수입 100만원 달성!,"보면 부업으로 수천만원씩 버는 사람이 수두룩한거 같은데 현실은 이렇게 월 부수입 100만원 벌기도... ""하는 확실한 믿음이 생겨 코인 선물거래와 부수입 100만원 달성 방법에 대해 한번 더 정리하는 포스팅을...",https://blog.naver.com/vndjduraks4/223926804089,✅바이낸스 binance 거래소✅,20250709,0,4,0,0,4,False
부업 월 100만원 달성,배달,배민커넥트 부업으로 월 50만원 가능할까? 솔직한 현실,"갖추면 월 50만 원은 충분히 달성 가능해요.  이동수단별 월 50만 원 달성 가능성  도보 월 50만 원... 80~100만 원 오토바이 기준 ✔️ 월 20일, 하루 6시간 : 약 150~200만 원 오토바이가 있다면 부업 수준을...",https://blog.naver.com/mskcuteeee/224281808836,이것저것,20260511,0,2,0,0,2,False
부업 월 100만원 달성,기타,ISA계좌로 월 배당금 100만원 세팅하는 포트폴리오,이런 장점을 활용해 ISA계좌에서 월 100만원 배당금을 세팅하면 어떨까 하는 생각이 들었다.... 이상은 달성 가능하지 않을까 생각한다. 팔지 않아도 매달 확정적으로 분배금이 들어오니 진짜 마음이...,https://blog.naver.com/bbbbb-610/224215911096,미짠의 알뜰살뜰 경제레터,20260316,0,0,3,0,3,False
부업 월 100만원 달성,기타,"필독,잘때도 돈 많은 백수 수익 부업 Top 5 (월 30~100만원 목표)","5.무인 공간 대여 부업: '파티룸/스터디룸' 공유 경제 초기 자본이 필요하지만, 일주일에 한 번 청소만... 시 월 순수익50~100만 원 달성이 일반적입니다. *핵심 자동화:무인 키패드설치, CCTV 실시간 모니터링...",https://blog.naver.com/goolife88/224054280946,모든 경제블로그,20251026,0,4,0,0,4,False
부업 월 100만원 달성,기타,AI 부업으로 월 50만원 버는 현실적인 방법,"이 중 월 30~80만원 수익 구간이 전체의 48%로 가장 많음. 100만원 이상은 약 18%. 직장인을 위한 주간 AI... 먼저 월 30만원 달성 AI 부업 커뮤니티 과신도 조심해야 해요. ""한 달에 500만원 벌었다""는 후기는...",https://blog.naver.com/jtcho/224211521159,1인 경제인으로 살아가기,20260310,0,4,0,0,4,False
부업 월 100만원 달성,블로그,네이버 애드포스트 수익 100만원 달성 후기,"* 100만원 달성 과정 및 이유. 1. 명쾌한 주제의 중요성. 9월 1일에 블로그 주제를 변경했다. 더 이상... 세 자릿수 자체는 의미가 있어도, 다른 수익이 탄탄하게 뒷받침을 하지 않으면 부업 정도 밖에 안 된다....",https://blog.naver.com/ace_begins/223302122015,웰쓰,20231224,0,6,0,0,6,False
부업 월 100만원 달성,블로그,직장인 부업 추천 :월 133만원 버는 법,오늘 저는 직장인 부업 추천 5가지를 해 보려고 해요. 첫 번째는 단기임대입니다. 단기임대 관련해서는 제가 블로그에도 많이 작성하고 있었는데요. 단기임대 7개월차 순수익 100만원을 돌파하면서 현재...,https://blog.naver.com/joeun523/223956714763,제이의 연애예보,20250802,0,6,0,2,4,False
부업 월 100만원 달성,기타,답이다! 직장인 부업 추천 100만원을 달성하게 해준 000,직장인 부업 추천 100만원을 달성하게 해준 000 안녕하세요 부업부꾸미입니다. 단순히 경제적인 여유를... 분들마저도 부업을 하고 있는 시대입니다. 할 수 있는 부업의 소재도 많아졌습니다. 월 100만원은...,https://blog.naver.com/eroundome/223302673543,부꾸미의 재테크노트,20231225,0,2,3,2,3,False
부업 월 100만원 달성,기타,자본 없이 월 100? 요즘 직장인이 제일 많이 한다는 '이 부업',"매달 100만 원만 더 벌면 좋겠다는 현실적인 바람. 그런 마음에서 우리는 '부업'을 고민하게 됩니다.... 저는 이 방식으로 월 3억까지 달성했습니다. - 월 매출 3억, 15년 차 셀러 민군 민군님은 특별한 능력이 있던...",https://blog.naver.com/weolbu/223952695129,월부 WEOLBU,20250730,0,4,0,0,4,False
부업 월 100만원 달성,블로그,집에서 하는 부업으로 월 950만 원 달성 (네이버 블로그...,8월엔 집에서 하는 부업과 투자로 월 950만 원을 달성했다. (나도 놀람) 언제까지 수익이 오를까 기대... 하지만 6~7월에 진행한 원고료가 입금되면서 100만 원 이상을 유지할 수 있었다. 네이버 블로그 수익은...,https://blog.naver.com/kim_isak/223568226834,킴이삭의 이삭줍기,20240905,0,8,0,0,8,False
부업 월 100만원 달성,기타,"부업 월 30만원, 50만원 어쩌면 100만원?","저는 오늘부터 12월 31일까지 총 100만원의 부수입을 달성해보도록 하겠습니다. 300만원 찍으면... 부업 알려준다는분 들 연락해보면 뭐 부계는 이래서 안된다.. 본계로 보내면 읽고 무시하고,, 쉽지않아요 주식...",https://blog.naver.com/kyshim0204/224043385885,리블의 리빙블로그,20251016,0,4,0,0,4,False
부업 월 100만원 달성,기타,"네이버 부업 라운지메이트 1기 수익 후기, 100만 원 버는 꿀팁",거기에 추가로 달성하면 인센티브를 최대 4만원까지 지급해 줘요. 네이버 라운지 메이트 100만원 버는법... 저는 월 미션 초반에 최대한 다 올려놓는 편이에요. 요즘 회사도 갑자기 너무 바빠져서 평일에 도저히...,https://blog.naver.com/yangsong2__couple/224224845779,갓생사는 양송이네 일상,20260321,0,4,0,0,4,False
부업 월 100만원 달성,스마트스토어,스마트스토어 파워등급 달성 (Feat. 부업으로 100만원 벌기),수수료를 제한 수익을 계산해보니 4월 순수익은 130만원정도로 월100만원 수익구조는 일단 달성해냈다.... 나의 경우 9개월 만에 달았는데 회사 다니며 부업으로 했다고는 해도 좀 오래 걸린 편이라고 생각한다....,https://blog.naver.com/fallsmile3/221941640858,메가준의 자유인되기 프로젝트,20200502,0,6,0,0,6,False
부업 월 100만원 달성,스마트스토어,스마트스토어 부업 월 매출 2천만원 달성이 현실로 다가왔습니다,"월 매출 2천만원 달성 가능성을 보다 이번 2월에는 매출 2천만원은 쉽게 달성이 가능할 것 같습니다.... 이제 하루에 100만원 이상씩 판매가 되다 보니, 공급물량을 걱정하는 때가 되었습니다. 지난주에도 제때...",https://blog.naver.com/iq180ai/223356737554,¡¡ 아이큐180 ¡¡ 블로그마스터 ¡¡,20240217,0,6,0,0,6,False
부업 월 100만원 달성,기타,"공무원 부업 추천, 1년 반만에 월 천만원 후기","공무원 부업 추천, 1년 반만에 월 천만원 후기 안녕하세요. 여러분께 월 100만 원 더 벌게 해 드릴... 천만원을 달성하셨어요. ^^ 공무원 부업으로 월 천만원? 생생한 후기와 추천 이유를 공개해 드릴 테니...",https://blog.naver.com/gksksla9/224094670464,아로스의 애드센스,20251201,0,2,3,2,3,False
부업 월 100만원 달성,기타,"1월 마감, 재택부업 월 220만원 달성","부업이라니. 믿겨지는가? 작년과 비교해보면 파이프라인이 늘기도 하였고, 효율성을 늘리다보니 자연스럽게 돈은 따라왔다. 100만원을 처음 넘겼을 때가 제일 기분이 좋았다. 뭔가 상징적인 숫자를 달성...",https://blog.naver.com/humanindicator/222998173334,경제적 자유를 위한 투자백서,20230129,0,4,0,0,4,False
부업 월 100만원 달성,스마트스토어,직장인 부업 월100만원 스마트스토어 입문자 강의,"직장인 부업 월100만원 스마트스토어 입문자 강의 안녕하세요 하쿠입니다. 1차,2차 강의를 진행하고... com/codeoo1/223003306741 누구나 할 수 있는 방법으로 빅파워 등급을 달성했습니다. 시간이 부족한...",https://blog.naver.com/codeoo1/223084252461,하쿠네,20230425,0,6,0,0,6,False
부업 월 100만원 달성,기타,월급은 그대로였지만 부업으로 400만원 더 벌었던 루틴,월 1000만원을 달성한다라는 문구를 새벽에 일어나서 100번씩 적었다 적는데 걸리는 시간은... 그리고 그 조건은 실행을 했을때라는걸 말이다 한달에 부수입으로 100만원씩 더 벌고 싶다면 방법을 찾고 실행을...,https://blog.naver.com/meyou27/224191262626,재테크와 함께 성장하는 이야기,20260222,0,4,0,0,4,False
부업 월 100만원 달성,스마트스토어,직장인 부업으로 쿠팡/스마트스토어 위탁판매가 블로그보다...,"직장인 커뮤니티를 보면 부업을 하고 싶은 사람들이 정말 많은 것 같습니다. 다들 월 50만원, 100만원만... 50만원..100만원까지 정말 3개월 만에 달성했습니다. 위탁판매 vs 블로그 무엇이 더 돈이 될까? 그런데 많은...",https://blog.naver.com/weolbu/223833767951,월부 WEOLBU,20250415,0,6,0,0,6,False
부업 월 100만원 달성,기타,"[감새로이의 부업 일기] (1) Ep0. ""월 부수입 100만 원 만들기...","9월에 월 부수입 100만 원을 달성한다!"" (고명환 작가님은 '달성했다!'라고 써야 인지부조화가 잘... 이른바, 부업 일기> (감사로운을 조금 흘려보았습니다^^) 위 인물은 허구이면서 동시에 실화를...",https://blog.naver.com/gamsaloun/223218164130,감사로운 가계 생활,20230921,0,4,0,0,4,False
부업 월 100만원 달성,기타,월 100만원 모으는 현실적인 방법 (초보자도 가능한 재테크 전략),줄이기 ☑ 부업 가능성 확인하기 마무리: 구조만 만들면 누구나 가능합니다 월 100만원 저축은... 선저축 지출 통제 꾸준함 이 3가지만 지키면 누구나 달성할 수 있습니다.  월급 관리 방법이 궁금하다면?...,https://blog.naver.com/wkdgustj16/224274037756,퇴직후 생활정보 노트,20260504,0,2,3,2,3,False
부업 월 100만원 달성,기타,월 400만원 현금흐름 달성 - 2년 걸린 목표,"미국주식 배당금, 아내 소득, 내 소득, 주식 자가배당 100만원. 이렇게 400만원이라는 목표를 세웠었는데 2년이 지나고보니 목표는 달성했는데 그 과정이 전혀 달라졌습니다. 부업 소득 200만원 + @ 미국주식...",https://blog.naver.com/timeseller_/224259726276,타임셀러 | 사업과 투자로 인생의 진짜 시간을 사자,20260421,0,2,0,0,2,False
부업 월 100만원 달성,기타,메리츠파트너스 부업으로 괜찮은 듯,메리츠파트너스 부업으로 괜찮은 듯 2024년 5월 9일 by 시지프스 메리츠파트너스 서비스를 아시나요?... 보통 보험료로 월 10만원 이상 나가는 분들이 많은데 그 10배 수수료면 최소 100만원 이상이니 합격 수당을...,https://sizyphus.com/3216,sizyphus -,20260101,0,2,0,0,2,False
부업 월 100만원 달성,기타,부업으로 월매출 100만원 달성하기 #3,"그냥 100개 올리기 전까지는 닥치고 하자. 판매는 내가 결정하는게 아니라, 소비자가 결정하는 것이다. 그러니 크게 고민하지말고 실행부터 해라. 열심히 지난주와 비슷한 속도로 상품 업로드를 하다가...",https://blog.naver.com/wogudzmdk/223365063903,jhmh12님의 블로그,20240226,0,4,0,0,4,False
부업 월 100만원 달성,기타,주부 임산부 월100만원부업 현실과 가능성,집에서 간단히 할 수 있는 볼펜조립과 같은 작업을 통해 일상 속에서 월100만원 더 벌기의 목표를 달성할 수 있습니다. 이런 부업들은 기존의 일상에 부담을 주지 않고 효율적으로 경제적 가치를 창출할 수 있는...,https://blog.naver.com/cvxcvcv515/223932484531,세상에서 가장 쉬운 당근부업,20250715,0,2,0,0,2,False
부업 월 100만원 달성,기타,올메이커스 온라인 부업으로 100만원 더 벌고 싶어서 했는데...,월 최소 50만원~100만원 정도 벌고 싶다 하시면 베이직 단계 월 최소 200만원 이상 부터 벌고 싶다 하시면 빌더 단계 하시면 되요! 올메이커스는 초보라도 부담 없이 온라인 부업을 시작할 수 있다는 점 이에요!!...,https://blog.naver.com/volume8870/224211733679,All Makers 윤정,20260310,0,2,0,0,2,False
부업 월 100만원 달성,기타,부업으로 월매출 100만원 달성하기 #2,"정말 미친듯이 몰입했나? 아니다. 실행이 부족했다. 행동이 부족했다. 제로천클럽을 보고 성과가 나올 때까지, 생각없이 실천하게 해준다는 점이 정말 끌려서 바로 결제했습니다. 앞으로 2달동안은 정말...",https://blog.naver.com/wogudzmdk/223357544915,jhmh12님의 블로그,20240218,0,4,0,0,4,False
부업 월 100만원 달성,기타,누구나 도전 가능한 쉬운 부업으로 월 고정 +100 수익 내는 방법,"첫째, 글쓰기 AI포스팅으로 한 달 수익 100단위 달성! 부업하면 가장 궁금한 부분이 글감은 많을까?... 아직 4월도 반밖에 안지났기에, 이번달도 100만원 달성 가능!!!(와우!) 4월도 20일이 지난 지금, 수익은 이만큼!!!...",https://blog.naver.com/hyunday21/224259618137,,20260421,0,4,0,2,2,False
부업 월 100만원 달성,기타,구매대행 부업 사기?ㅋㅋ (월 1000 셀러 72명 만든 공식 대공개),"부업으로 처음으로 월 매출 500 달성했던 때 모습 나 같은 경우도 주먹구구식으로 혼자 시행착오를... 첫 달 매출 100만원 내외.. 이 인내와 인고의 시간이 필요하다는 사실을 알고 버티느냐, 모르고 접느냐의...",https://blog.naver.com/trade__bot/224276202764,김트봇의 해외구매대행 이야기,20260506,0,4,0,0,4,False
부업 월 100만원 달성,배달,부업으로 월 50만원 만들기: 2026년 현실 가능한 N잡 방법...,"팁: 처음엔 '시간 교환형 부업(배달·대리)'으로 수익을 만들면서, 병행해서 '자산형 부업(블로그·전자책)'에 투자하는 투트랙 전략이 가장 효율적이에요. 현실 N잡러들이 말하는 월 50만원 달성 루틴 실제로...",https://blog.naver.com/chase_choi/224279844482,오일러너,20260509,0,12,0,0,12,False
부업 월 100만원 달성,기타,쿠팡에서 물건팔기 왕초보 부업으로 월순익 100만원 전략! 방법,월 순익 100만원 그 이상을 달성할 수 있는 최적의 전략을 알려드렸는데요. 제가 한 부분 한 부분 세세하게 글로 다룰 수 없어서 전체적인 흐름은 이렇구나! 라고 정도로만 알아주셨으면 합니다. 모두 부업이든...,https://blog.naver.com/abeolbul/223319675470,아벌불 아끼고 벌고 불리자,20240111,0,2,0,0,2,False
부업 월 100만원 달성,배달,경제적 자유 부업 첫글 월 100~200만원 수익 달성하기 직장,"배달, 월 80만 원 수익 확보. 오토바이를 가진 J는 야간에 집중 배달로 월 150만 원 달성. 6. 주식/코인... 비교 요약 부업 유형 평균 수익 (월) 투입 비용 난이도/리스크 온라인 콘텐츠 제작 10~100만 원 초기...",https://blog.naver.com/wow4996/223671072599,금린이의 금융지식쌓기,20241124,0,8,0,0,8,False
부업 월 100만원 달성,블로그,집에서 하는 부업 네이버 블로그 수익 시급 6만원 달성 후 느낀 점,"모든 집에서 하는 부업이 그렇듯 처음에는 큰 수익을 얻기가 어려웠지만, 지난 8월 기준 네이버 블로그 수익 540만원을 달성했습니다. 시급으로 대략 계산해 보니 약 6만원 수준입니다. 2024년 최저시급이 9...",https://blog.naver.com/antsal/223634496447,한입 재테크,20241026,0,6,0,0,6,False
부업 월 100만원 달성,기타,엔잡러 부업 7월 2주 141만원 달성,"엔잡러 부업 7월 2주 결과 엔잡러 부업으로 7월 2주는 약 141만원을 달성했습니다. 임대 수익, 원고 대행... 이번주는 임대 수익으로 100만원 가량 받은 것이 크게 작용했습니다. 기록하면 동기부여에 좋습니다...",https://blog.naver.com/ymi5025/223515444722,대중과 멀어지는 삶,20240717,0,4,0,0,4,False
부업 월 100만원 달성,기타,2025년 직장인 부업 수익률 TOP 5 : 월 평균 663만원 달성법,미국에서는 이미 반려동물 산책 서비스가 인기 부업 중 하나로 자리잡았다고 하네요 수익성 높은 서비스  펫시팅 : 일당 5만원-15만원 반려동물 용품 제작/판매 : 월 매출 100만원-500만원 펫 포토그래피...,https://blog.naver.com/leader_dinosaur/223956311694,어팀공(어쩌다 팀장이 된 공룡),20250802,0,6,0,0,6,False
부업 월 100만원 달성,기타,40대 프리랜서의 선택! 월 순수익 최고 500만 원까지 달성!,약 100만 원 수준이었습니다. 하지만 지금은 상황이 완전히 달라졌습니다. ✔ 본업 중단 ✔ 숙박업에 집중 ✔ 운영 경험 누적 그 결과 월 순수익 최고 500만 원까지 달성.! “지금은 이걸로 생활이 됩니다”...,https://blog.naver.com/wjjo0802/224139461586,당근자판기 재테크이야기,20260108,0,2,0,0,2,False
부업 월 100만원 달성,기타,회사원 부업 쿠팡... 하루 20분 투자로 3월 순수익 100만 원 달성,매일 30분씩 일하면 대략 월 900분(= 15시간)을 일하는 셈인데요. 15시간 동안 50만 원을 벌 수 있으니 시급은 약 3만 3천 원 정도로 계산됩니다. 이 정도면 정말 괜찮은 부업 아닌가요~? 2. 3월 한 달 매출 및 순수익...,https://blog.naver.com/mootoenam/223061383087,무퇴남의 현실 생존 일기,20230401,0,8,0,0,8,False
부업 월 100만원 달성,기타,뉴카인드 포스팅으로 월 100만 원 수익 달성의 진실을 파헤쳐...,뉴카인드 포스팅만으로 집에서 월 100만 원 수익 가능하다는데 정말인지 궁금하신 분들 많으실 텐데요... 저와 함께 도전하셔서 가입 후 첫 달 월 400달성 하도록 해봅시다! 저 빈이맘이 그렇게 만들어 드릴...,https://blog.naver.com/superwoman_10/223400706407,방구석워킹 뉴카인드 빈이맘,20240403,0,2,3,2,3,False
부업 월 100만원 달성,기타,부업으로 월매출 100만원 달성하기 #4,"판매는 내가 결정하는게 아니라, 소비자가 결정하는 것이다. 그러니 크게 고민하지말고 실행부터 해라. 뭐했다고 벌써 4주차인지.. 상품 등록을 하긴 했지만 열심히 하지는 못했다. 올라간 상품 개수 20개...",https://blog.naver.com/wogudzmdk/223372099097,jhmh12님의 블로그,20240304,0,4,0,0,4,False
부업 월 100만원 달성,기타,"직장인 퇴근 후 부업, 월 50만 원 버는 현실적인 방법 3가지",직장인 부업 트렌드와 월 50만 원 달성 가능성 왜 지금 퇴근 후 부업을 시작해야 할까요? 최근 물가... 내외 월 10만 원 ~ 30만 원 중급 단계 3개월 ~ 6개월 2시간 내외 월 50만 원 ~ 100만 원 고급 단계 6개월 이상...,https://blog.naver.com/highandlow007/224287966492,highandlow007님의블로그,20260517,0,2,0,0,2,False
부업 월 100만원 달성,기타,크림리셀로 월 100만원 벌기 #한달후기 #수익인증 #크림백 #뮤뮤,한 달 백만원 달성!! 진짜 겁도없이 하루에 몇개씩 샀지만 (9월 6일은 9개를 샀음;;) 무조건 회전율을... 마법의 부업입니다 ㅎㅎ 초보도 크림으로 월 백만원 벌기 가능? 가능! 크림 리셀이 궁금하신 분들은...,https://blog.naver.com/slamorange/223621936942,러빗의 이웃집 일상 재테크,20241017,0,4,3,4,3,False
부업 월 100만원 달성,기타,"퇴직자·고령자, AI 부업으로 월 1000만원 벌기: 현실적인...","퇴직 후 새로운 수입원을 찾거나 은퇴 후 생활비를 확보하려는 고령자들에게 AI 부업은 매력적인 선택지가 될 수 있습니다. AI 기술을 이해하고 적절히 활용한다면, 월 1000만원이라는 목표 수익을 달성할...",https://blog.naver.com/sola44-/224143018295,모아모아,20260130,0,4,0,0,4,False
부업 월 100만원 달성,기타,부업으로 월 50만원 만들기 가능한가요?,"순수한 마음과 열정이 있는 순수린입니다.^^ ‘부업으로 월 50만원 만들기’ 직장인이라면 한 번쯤 꼭... 그리고 그 파이프라인을 100만원, 200만원으로 키우는 것은 그 이후부터는 더 쉽습니다. 오늘부터 너무...",https://blog.naver.com/darkm22/224090812517,린컴퍼니,20251128,0,2,0,0,2,False
부업 월 100만원 달성,기타,8월 부업 정산 (feat. 목표 100만원/월),"blogId=yellowscosmos&logNo=223172283178&categoryNo=23&parentCategoryNo=&from=thumbnailList 목표는 100만원/월이라고 되어... 8월 총수익 448,869원 계획 1,000,000원 (계획대비 +44%달성) 부업의 성과 급여소득으로 투자를 실시...",https://blog.naver.com/yellowscosmos/223199279574,옐로우코스모스,20230901,0,6,0,0,6,False
부업 월 100만원 달성,기타,'사회초년생 적금' 월 100만 원 1억 모으기 기간,"“월 100만 원 저축으로 1억 돌파? 사회초년생 적금 기준 계산과 전략 정리” 1. 기본 계산: 이자 없이... 금리 변동 역시 중요한 변수로, 금리가 낮아지면 목표 금액을 달성하는 데 필요한 기간이 길어질 수...",https://blog.naver.com/rct190/224042793088,"파이어족의 경제, 금융 이야기",20251016,0,0,3,0,3,False
부업 월 100만원 달성,기타,포스팅 부업의 극성수기! 모든 것이 다 받쳐주는 5월,오늘의 제목처럼 지금 이 5월은 크레이지 이벤트를 달성하기 위해 모든 것이 다 받쳐주고 있어요.... 저도 포스팅만으로 매달 100만 원의 수익을 내고 싶어서 재가입을 결심했었어요. 그리고 시작할 때부터 매달...,https://blog.naver.com/ipni30/224286024610,일하는 즐거움 더하기+,20260515,0,4,0,0,4,False
부업 월 100만원 달성,기타,부업으로 월매출 100만원 달성하기 #5,"판매는 내가 결정하는게 아니라, 소비자가 결정하는 것이다. 그러니 크게 고민하지말고 실행부터 해라. 벌써 5주차.. 지난주에 목표했던건 상품 50개 등록이었는데.. 40개까지밖에 못 올렸다ㅠ (100개가...",https://blog.naver.com/wogudzmdk/223379235763,jhmh12님의 블로그,20240310,0,4,0,0,4,False
부업 월 100만원 달성,기타,하루 2~3시간 월 1000만원? 일본 구매대행 부업 1년 해본 현실,"부업에 대해 이야기해보려고 한다. 솔직히 말하면, 12월쯤에는 내가 목표했던 매출을 충분히 달성해서... 즉, 월 매출이 1000만원이라 해도 마진을 보수적으로 10%로 잡으면 월 순수익은 약 100만원 정도다. 들이는...",https://blog.naver.com/dingdingsdays_/224123769814,지은이는 지은이,20251226,0,6,0,0,6,False
부업 월 100만원 달성,기타,[자산 관리] 1억 달성 기간을 1년 앞당기는 '부업 파이프라인...,기준 월 저축액 1억 달성 기간 비고 100만 원 100개월 (8년 4개월) 사회초년생 평균 수준 200만 원 50개월 (4년 2개월) 본업 소득의 50% 이상 저축 시 250만 원 40개월 (3년 4개월) 본업 + 부업 50만 원 추가 시 300만 원...,https://blog.naver.com/aa5975/224232494512,작은시작 경제 연구소,20260330,0,2,0,0,2,False
부업 월 100만원 달성,기타,코딩 없이 AI로 월 300 버는 법 - 챗GPT 부업 5가지,"5가지 부업으로 월 300 달성 부업 4: 챗GPT 영한 번역 서비스 - 크몽에서 월 80 버는 법 크몽에서 영한... 하루 2시간에 A4 3~5장을 처리하면 월 평균 80~100만원입니다. 핵심은 프롬프트입니다. ""당신은 10년...",https://blog.naver.com/yedam311/224132907099,꿈을 키우는 일상 - Dream Nurturing Life,20260104,0,2,0,0,2,False
부업 월 100만원 달성,기타,월 100만원 모으면 인생 바뀝니다 (현실적인 방법 공개),"월 100만원 모으면 인생 바뀝니다? 누구나 가능한 현실적인 자산 형성 전략 안녕하세요! 여러분의... 주거비가 많이 드는 1인 가구에게는 도전적인 수치지만, 본가 거주자라면 반드시 달성해야 할...",https://blog.naver.com/hyounlo/224224974400,또로로와 함께하는 슬기로운 재테크 생활,20260321,0,0,3,0,3,False
부업 월 100만원 달성,블로그,월 부수입 100만원 도전! - 2    (블로그 일방문자100명 달성),"오늘이 월 부수입 100만원도전 - 2탄인데,, 아마 100탄까지 나오지 않을까 싶은데요. 시간이 지나서 저의 글이 부업을 꿈꾸는 직장인들에게 많은 동기부여가 됬으면 하는 바람입니다. 물론 저의 성장을 기록하는...",https://blog.naver.com/rudolpf1007/223685581258,슬기로운 경제사용설명서,20241207,0,6,0,0,6,False
부업 월 100만원 달성,기타,"가장 적합한 부업, 상가투자 (feat. 월급 외 100만원 가능)","직장인에게 가장 적합한 부업, 상가투자 (feat. 월급 외 100만원 가능) 안녕하세요. 전국적으로 10개 이상의 상가를 소유하고 있으며 3년만에 수천만원의 월 현금흐름을 달성하였고 2024년 작은 사업도 구상하고...",https://blog.naver.com/visitmyhome/223310071237,상가 전문가 | 동행다운,20240102,0,4,0,0,4,False
부업 월 100만원 달성,스마트스토어,스마트스토어 운영일기 - 2월 결산(부업으로 월100만원 벌기),부업으로 월100만원 수익내기. 구매대행으로 스마트스토어를 시작한지 4개월째에 달성했다. 1월에 열심히 했기에 2월에 효과가 나타난 것 같다. 예이~ 유입채널 아무래도 네이버 쇼핑으로 유입되는 비율이...,https://blog.naver.com/dltus84/222266188694,slow & steady,20210306,0,6,0,0,6,False
부업 월 100만원 달성,스마트스토어,스마트스토어 1달차 부업으로 월 매출 490만 원 달성 (1월 정산),"스마트스토어의 정산 주기 등을 고려했을 때 최소 100만원 정도는 있어야 시작할 수 있지 않을까... 2월 달의 목표 - 월 매출 1,000만원 제가 새해를 맞아서 2021년 연말까지 월 매출 1,000만원 달성이 목표였는데...",https://blog.naver.com/kimpossible-/222227044000,김가능,20210201,0,6,0,0,6,False
부업 월 100만원 달성,콘텐츠,틱톡 에이전트 활동으로 부업 수익 천만원 달성한 후기,"6개월만에 월 1,000만원 달성 안정수 이사님은 언제든 답변을 해주셔서 모르는 부분을 바로 질문할 수... 1개월 차 100만원, 2개월 차 200만원, 3개월 차 400만원, 4개월 차 600만원, 5개월 차 850만원. 그리고 6개월...",https://blog.naver.com/acness95/224121608219,하이퍼네트웍스 안정수이사,20251224,0,4,0,2,2,False
부업 월 100만원 달성,블로그,"돈벌기 블로그로 두 달만에 100만원, 집에서 할 수 있는 부업",및 부업으로 딱 좋음 - 겸업에 상관없이 모든 상황에서 가능 4) 초기 비용이 거의 없음 - 일 년에... 하고 두 달만에 100만원 달성한 기록 1년도 안 되서 단순글쓰기만으로 하루 수익 15만원 30만원  85만원 그리고...,https://blog.naver.com/kdylife7/223619573916,해피나우,20241015,0,6,0,0,6,False
부업 월 100만원 달성,스마트스토어,아직 목마른 파워셀러의 기록 : 부업 45만 원 달성,"챗GPT에도 월 1,000만 원을 버는 방법을 물어봤더니, 상품을 판매하는 걸 가장 먼저 알려주더라. 3월에는... 계정 내가 꼭 반드시 살려놓는다! 5. 부업으로 100만 원 달성한다! 6. 두 번째 스마트스토어 굿 서비스 만든다!",https://blog.naver.com/01250830/223032850452,장언니의 개인 블로그,20230302,0,4,0,0,4,False
부업 월 100만원 달성,기타,부업 수익이 최고치를 찍었습니다,요즘 유행하는 그 바이브코딩 하다보니까 일회성 제작비같은 수익들로는 월100만원정도 가능해지긴... 개념으로 달성하려했던 목표는 아니지만 올해 열심히 해보면 될 것 같아요. 또 좋은 성과가 나면 부업일...,https://blog.naver.com/timeseller_/224221825268,타임셀러 | 사업과 투자로 인생의 진짜 시간을 사자,20260319,0,4,0,0,4,False
부업 월 100만원 달성,기타,1주일에 100만원을 버는 기분 (Feat. 부업 39주차),100만원을 달성했다. 주에 100만원이라니..! 부업을 시작하기 전에 한달에 100만원을 외쳤던 내가 지금은... 생각보다 빨리 들어오지는 않는듯 하지만 월 배당이라는 부분이 상당히 매력적이다 꽁돈 먹는 느낌(?)...,https://blog.naver.com/humanindicator/223013500309,경제적 자유를 위한 투자백서,20230212,0,2,0,0,2,False
부업 월 100만원 달성,기타,자택부업 꾸준한 소득이 가능한 조력자들,"2025년 부업방식은 지인영업과 개척영업 중심의 지금 여러분들이 하는 방식과 결이 다릅니다 ◎. 타사 대비 부담이 적은 월 납입 금액 ◎. 투명하고 경쟁력 있는 수수료 지급 ◎. 지점장, 사업단장 등 누구나 달성...",https://blog.naver.com/somoontvbiz/223827638895,리앤와이사업단K,20250409,0,2,0,0,2,False
부업 월 100만원 달성,기타,7월 부업 정산 (feat. 목표 100만원/월),"되어 부업을 2023년 기준 월 100을 목표로 했었습니다 ^^ 누가 보기엔 소박하기도 부업을 저것밖에... 기타 (X) 월별 정리한 캘린더입니다 7월 총수익 3,911,451원 계획 1,000,000원 (계획대비 +391%달성) 한달간의...",https://blog.naver.com/yellowscosmos/223172283178,옐로우코스모스,20230801,0,4,0,0,4,False
부업 월 100만원 달성,기타,팸마켓 팡팡퀴즈 재택 부업으로 9일만에 100만원 이상 벌어본...,성인 아무나 하실 수 있어요~ 50대도 할 수 있는 그런 부업!! 쉽게 말해 아주 간단해요 :) 그래서 인기... 9일간 100만원 달성!!!! 물론 더 빨리 하시는 분도 계세요 >.월 300은 껌! ㅋㅋㅋ 남들...,https://blog.naver.com/lelene/223516480793,남매와 햅삐한 육아공간ෆ,20240718,0,4,0,0,4,False
부업 월 100만원 달성,기타,"디지털 노마드 입문, 직장인 부업 월 50만 원 수익 파이프라인",현실적으로 월 30~50만 원 달성이 가능한 시기입니다  ⚠️ 주의할 점 디지털 부업 수익이 연간 100만 원을 초과하면 종합소득세 신고 대상이 됩니다. 국세청 홈택스에서 신고할 수 있으니 미리 알아두세요....,https://blog.naver.com/bluesignpen/224251197568,찾았다 꿀팁,20260417,0,4,0,0,4,False
부업 월 100만원 달성,기타,크몽 부업 추천 TOP7 | 월 50~100 버는 가능한 것들,"인상으로 월 100만원 달성 여러분은 어떤 크몽 부업부터 시작하시겠습니까? 크몽 부업의 가장 큰 장점은 시간과 장소의 자유입니다. 집에서, 카페에서, 언제든 일할 수 있습니다. 퇴근 후 2시간, 주말...",https://blog.naver.com/yedam311/224139026213,꿈을 키우는 일상 - Dream Nurturing Life,20260130,0,2,3,2,3,False
부업 월 100만원 달성,기타,SCHD로 월 100만 원 배당금 받으려면? 2026년 최신 버전...,"목표 달성 시점을 2~3년 앞당길 수 있습니다. 필요 시드머니: 2026년 예상 배당률(약 3.5%~3.8%)과 환율을 고려할 때, 세후 월 100만 원을 받으려면 약 3.8억~4.2억 원 수준의 시드가 필요합니다. 배당 성장의 마법...",https://blog.naver.com/mentoringhouse/224193617037,멘토링하우스,20260224,0,0,3,0,3,False
부업 월 100만원 달성,기타,앱테크 6월4주차 주간정산: 이번 달 100만원 누적수익 목표 달성,6월4주차 주간 부업 수익 사실상 월말에 해당하는 주가 되다보니(25일이 포함되는지 여부가 중요)... 어쨌든 그 와중에 이번 달에도 월 수익 100만원을 기록했습니다. 물론 세부내역을 보면 이걸 여기에...,https://blog.naver.com/kastro83/222789699739,티엔의 수익실험실,20220626,0,4,0,0,4,False
부업 월 100만원 달성,기타,코인 선물 거래소에서 수수료 절약으로 부수입 100만원 달성...,"보면 부업으로 수천만원씩 버는 사례가 많지만, 현실은 월 부수입 100만원 벌기도 쉽지 않죠 ㅠㅠ... 그래서 코인 선물 거래와 부수입 100만원 달성 방법에 대해 다시 정리하는 포스팅을 하게 되었습니다! 사실...",https://blog.naver.com/account5279/224175388698,투자 흐름 메모,20260207,0,4,0,0,4,False
부업 월 100만원 달성,기타,판매로 월 150만원 만든 직장인의 프롬프트 엔지니어링 부업...,"초보자 기준 월 10~30만원(첫 3개월), 중급자 기준 월 50~100만원(6개월~1년), 숙련자 기준 월 100~200만원 이상(1년 이상, 멀티 플랫폼 운영 시)이에요. 핵심 요약 : 프롬프트 판매 부업 체크리스트 지금까지...",https://blog.naver.com/leader_dinosaur/224142580169,어팀공(어쩌다 팀장이 된 공룡),20260111,0,2,0,0,2,False
부업 월 100만원 달성,기타,코인 선물거래소에서 수수료를 절감해 부수입 100만원 달성하기!,"보면 부업으로 수천만 원씩 버는 사람들이 많아 보입니다. 하지만 현실은 월 부수입 100만원을 벌기도... ""라는 믿음이 생겨 코인 선물 거래와 부수입 100만원 달성 방법에 대해 다시 정리하게 되었습니다. 사실...",https://blog.naver.com/gsped2529/224241072160,시장 흐름으로 보는 코인 예측,20260405,0,4,0,0,4,False
부업 월 100만원 달성,기타,경제 침체기에 월 100만 원 고정소득 만들기  가장 현실적인...,무일푼(실제로 0원)으로 시작해서 월 100만 원 소득 만든 사례도 소개되었습니다. 돈을 쉽게 빌릴 수 있는 환경이 제공되면 어김없이 경제 위기를 겪게 됩니다. 국가건 개인이건 지역 사회건 다르지 않습니다....,https://blog.naver.com/zzangbiya/222989942587,zinicap 투자법과 퍼펙트 소득,20230121,0,0,3,0,3,False
부업 월 100만원 달성,기타,가입 15000원 출석체크 10일 미션달성 25만원 대박 부업,"친구가 이걸로 월 100만원 가까이 벌었다고 해서, 저도 친구추천으로 가입해봤는데요. 가입하자마자... 달성하면 추가로 포인트를 받을 수 있어요! 이렇게 매일 1만원씩 버는 목표로만 해도, 직장인 부업...",https://blog.naver.com/hi_bbeum/223677390572,릴리리야,20241129,0,2,3,2,3,False
부업 월 100만원 달성,강의,3개월 만에 월 순수익 100만원 달성하다! (무자본/무재고/무배송),"가볍게 부업/투잡/부수입의 개념이기 때문에, 이 일에 너무 많은 시간과 노력이 투입이 된다면 업무... 무자본/무재고/무배송으로 월 순수익 100만원 달성이 가능하다는 점입니다. 저의 경우 어떤 클레스나 강의...",https://blog.naver.com/kimgungim/222035858986,잘살자궁의 잘사는 N잡러 되기,20200720,0,10,0,0,10,False
부업 월 100만원 달성,스마트스토어,"대량 등록, 무가공 부업... 300만원 달성, 총 매출 천만 원 돌파",그리고 개업일 2월 이후 총매출금액이 약 천이백만 원 정도 달성하였습니다. 매출내역에 ssg 마켓이... 약 100만 원 정도의 수입이 생겼습니다. 옥션이랑 지마켓이 왜이렇게 잘팔리는지 다른 쇼핑몰과 다르게...,https://blog.naver.com/lee_min_ho/222916716303,미노스의 성장 스토리,20221101,0,6,0,0,6,False
부업 월 100만원 달성,기타,"온라인부업 파이프라인 구축 총정리, 월 50만원 수익 가능할까?","이후에는 월 50만원에서 100만원까지도 가능합니다. 중요한 건 키워드 조사를 철저히 하고, 사람들이... 월 50만원 달성 로드맵 첫 1~3개월은 기반을 다지는 시기입니다. 1~2개의 부업을 선택해 시스템을 구축하고...",https://blog.naver.com/adolfs/224174225239,지식과 정보의 바다,20260206,0,4,0,0,4,False
부업 월 100만원 달성,블로그,엔잡러 뜻 많아지는 이유 직장인 부업 추천,직장인 부업 추천으로 블로그를 말씀드려보았습니다. 블로그만해도 월1000만원의 수입을 올리는 고수 분들이 정말 많은것 같아요. 저는 아직 갈길이 멀었지만 그래도 월100만원까지는 달성을 한 상태이고...,https://blog.naver.com/ggokyu/223564754077,짠테크 연구소,20240829,0,4,0,2,2,False
부업 월 100만원 달성,유튜브,25년 부업 결산 얼마를 벌었나? + 26년 계획,"25년도에 달성하지 못한 년 1억 부업 목표! 26년 년 1억을 위한 세부 계획 1. 유튜브 ('25년 12월말 기준) 1) 구독자 7000명 →구독자 20,000명 (300% 목표) 현재 월 900명 수준 증가. 26년 예상 증가 : 월 900 * 12 = 10...",https://blog.naver.com/humanindicator/224130285922,경제적 자유를 위한 투자백서,20260101,0,4,0,0,4,False
부업 월 100만원 달성,기타,직장인 부업 추천 - 월 50만원 버는 현실적인 방법 7가지,직장인 여러분들이 본업과 병행하면서 소소하게 돈을 벌 수 있는 부업에 대해 소개해드리려고 합니다.... 50~100만원 수익이 가능합니다. 실제로 직장맘 사례에서 월 65만원 수익을 달성한 경우도 있습니다....,https://blog.naver.com/joyhk_/224114359989,라이프 업그레이드 랩,20251218,0,4,0,2,2,False
부업 월 100만원 달성,스마트스토어,720만원 받는 법｜내일채움공제 대체정책·부업 세금 총정리,"순위 부업 종류 월 수입 범위 초기 비용 소득 유형  스마트스토어·쿠팡 셀러 30~500만 원 50~100만 원... ""부업 1위 스마트스토어, 처음부터 배우면 3개월 안에 월 수십만 원 달성이 가능합니다. 청년창업...",https://blog.naver.com/nehstory898/224287707630,nehstory,20260517,0,4,0,0,4,False
부업 월 100만원 달성,강의,중국 구매대행 부업으로 월 매출 3279만원을 달성하고 알게 된...,"부업으로 한 달에 100만원만 더 벌어도 좋겠다 싶었죠. 그래서 시작하게 된 일이 중국 구매대행입니다. ""1년 만에 월 매출 1억 달성했습니다. 당신도 할 수 있습니다""라는 강의 제목을 보고 시작하게 된 중국...",https://blog.naver.com/top_seller_jun/223241476801,지혜로운 마케터 - 돈로몬,20231020,0,6,0,0,6,False
부업 월 100만원 달성,기타,월급 300에서 부업으로 월 500 더 버는 평범한 직장인들,50-100만원 목표 5-6개월: 확장 및 자동화 단가 인상 (2배) 고정 고객 확보 프로세스 자동화 월 300-500만원 달성 부업 부자들의 공통점 500명 분석해봤더니... 특화된 스킬 1개 잡다한 거 10개 < 전문성 1개...,https://blog.naver.com/aporsche/223997661651,당신의 일상을 영화 처럼 바꿔주는 인사이트,20250906,0,2,0,0,2,False
부업 월 100만원 달성,배달,배달오토바이렌탈로 쿠팡이츠 배달부업 하루 만에 시작하기...,"결국 배달부업으로 한 달에 100만 원 정도 소소하게 벌어보려다가, 시작도 하기 전에 대출을 받거나... 수익을 달성할 수 있도록 가장 완벽한 컨디션의 PCX, NMAX 등 인기 배달오토바이를 항시 대기시키고...",https://blog.naver.com/modoobike_/224288839056,"■ 모두의바이크_ 배달오토바이 리스,렌트 ■",20260518,0,6,0,0,6,False
부업 월 100만원 달성,기타,"자판기 부업, 월 263만원 수익? 자동화로 시작하는 전자담배...",가능성 ‘있습니다’ 전담어때 자판기는 A급 상권 기준으로 월 평균 263만원의 수익을 달성 중입니다.... 활용하면 월 50~100만원 정도의 부담으로 시작할 수 있습니다. 초기 투자금이 적은 만큼 소자본 부업을...,https://blog.naver.com/plant7127/223901448778,전담소믈리에 J의 전자담배 전격분석 블로그,20250616,0,6,0,2,4,False
부업 월 100만원 달성,기타,"26년 1월 부업일기 결산, 로켓그로스 시작","26년 1월 부업일기 결산. 이번달을 3줄로 요약하자면, 1.역대 최고 월 순수익을 달성했고, 2.미루던... 상품은 무조건 사계절 상품을 위주로 셋팅을 해서 최소 50~100만원 순수익을 남겨주는 상품들을 계속 가꾸어...",https://blog.naver.com/humanindicator/224169190188,경제적 자유를 위한 투자백서,20260202,0,4,0,0,4,False
부업 월 100만원 달성,배달,월 현금흐름 만들기 프로젝트 100만원 5차 100만원편,조각 투자 및 부동산+부업(배달) 부동산 경매 월세 세팅 완료(부동산 카테고리 경매 포스팅 참조)... 목표치인 100만 원을 달성해야 할 것 같습니다. 10월에는 월 현금흐름 만들기 프로젝트 100만원...,https://blog.naver.com/map0099/223586466007,김haru 재테크 이야기,20240917,0,6,0,0,6,False
부업 월 100만원 달성,강의,[인프런] 로고디자인 부업 시작! 비전공자도 가능한 일러스트...,작업 ✔️ 월 약 100만원 수익 까지 만들었다고 해요   현실적인 부업 이야기 사실 저도…  편의점... 만에 100만원 달성 ✔️ 1주 만에 첫 수익 발생  단순 강의가 아니라 “결과까지 만드는 과정”이라는 점이...,https://blog.naver.com/thdrkd0512/224240797130,리뷰박사 행정실장,20260405,0,6,0,0,6,False
부업 월 100만원 달성,기타,스티커부업 현실 수익은 어떨까? 부업 파헤치기,"희박하지만, 월 20 ~ 70만 원 사이드머니 목표라면 현실적으로 달성 가능 디자인·마케팅 역량이 쌓이면 굿즈 종합 브랜드(달력, 노트, 키링 등)로 확장도 고려 한 줄 요약 : 스티커 부업은 “아이디어...",https://blog.naver.com/ddhs21225/223890902984,거미줄경제,20250606,0,4,0,0,4,False
부업 월 100만원 달성,기타,AI 챗봇 하나로 월 350만원 만든 직장인의 GPT스토어 부업 전략,""" 2025년 4월, 국내에서 개발된 '챗과장 GPT'가 오픈AI 공식 GPT스토어 교육 부문에서 글로벌 3위를 달성했... AI 챗봇 부업의 수익 구조를 현실적으로 살펴보면, 초보 단계에서는 월 30만원에서 100만원 정도를...",https://blog.naver.com/leader_dinosaur/224141021859,어팀공(어쩌다 팀장이 된 공룡),20260109,0,4,0,0,4,False
부업 월 100만원 달성,기타,무자본 창업 월 수익 100만원 가능한 사업아이템,그렇다면 무자본 창업으로 월 수익 100만 원을 달성할 수 있는 사업아이템은 어떤 것들이 있을까요? 지금부터 함께 살펴보겠습니다. 무자본 창업 사업아이템 인터넷을 통한 상품 및 서비스 판매 □ 무자본으로 할...,https://blog.naver.com/idmaker23/223133114738,네이버카페 은퇴 후 50년,20230619,0,2,0,0,2,False
부업 월 100만원 달성,스마트스토어,"디자인 수익화, 나노바나나 월수익 100만 원 만드는 3단계 전략",후 부업 직장인 사례 평일 저녁 2시간 활용 스마트스토어 셀러 대상 상세페이지 제작 월 80~150만 원 수익 달성 ✅ 디자인 비전공자 사례 디자인 지식은 부족했지만 감각은 있었음 AI 기능으로 대부분 자동 생성...,https://blog.naver.com/makefamily_/224091303915,메이크패밀리,20251128,0,6,0,0,6,False
부업 월 100만원 달성,기타,"7월 부업 마감 60만원 수입 , 누적 1768만원 달성!","약 4~5만원 크몽 추가수입이 확정되어 있어서 기분좋은 8월의 첫주가 되지 않을까 싶다. 앱테크도 16,000원 정도 확정 수입이 있기도 하고.. 8월은 다시 100만원을 돌파할 수 있길 바라며... 오늘 부업일기도 끝.",https://blog.naver.com/humanindicator/223169640813,경제적 자유를 위한 투자백서,20230730,0,4,0,0,4,False
부업 월 100만원 달성,기타,"부업일기 23년 1주차, +70만원 달성","오늘의 부업일기. 23년 1월 첫주차. +697,320원 이번주는 새롭게 부업이 셋팅 되었다. 1) 앱수익(홍보) 2)... 100만원은 이미 기달성한 성과다. 여기에 추가 늘었는 앱수익과 전자책 수익 원고수익을 합치면 월...",https://blog.naver.com/humanindicator/222978520865,경제적 자유를 위한 투자백서,20230108,0,4,0,0,4,False
부업 월 300만원 인증,기타,중국상품 국내구매대행 부업으로 월수익 300만 원 만드는 법,월수익 300만 원 만드는 법 병원신세까지 갔던 시행착오 끝에 찾은 자동수익 구조 부업을 시작할 때... KC 안전인증 제품 고지 → “이 제품은 구매대행으로 유통됩니다” 문구 필수 개인통관번호 안내...,https://blog.naver.com/ilovelavan/224036712655,함께하는 아름다운 세상만들기,20251010,0,4,0,0,4,False
부업 월 300만원 인증,강의,"하루20분, 영상제작 직장인 부업으로 월300만원 버는법...","수익화하신분들이 인증을 하고 있으십니다 어떻게 아무것도 모르고 강의는 안해보신분들이 월300만원... AI무자본창업-인공지능,딥러닝,창업,부업,수익화 : 네이버 카페 (naver.com) 아무것도 모르시는 분들이...",https://blog.naver.com/captainai/223431149720,AI수익화 연구소,20240429,0,6,0,0,6,False
부업 월 300만원 인증,강의,'그알' 고액 부업 강의 사기? 300만 원 갖다 바칠 바엔...,고액 부업 강의는 300만 원을 강사(일명 강팔이)의 주머니에 영영 꽂아주는 겁니다. 환불도 안 되죠.... [아래 사진은 실제 엣지퀀트를 사용하는분들의 PNL 인증자료들입니다. 제 PNL인증은 아닙니다] 최소한 내...,https://blog.naver.com/greatumall/224249266827,Edgequant(엣지퀀트),20260412,0,4,0,0,4,False
부업 월 300만원 인증,유튜브,월 50만원 부업인데 세금 폭탄? 종합소득세 신고 기준...,① 기타소득 (강의료·원고료·유튜브 등) 기타소득 총수입에서 필요경비 60%를 뺀 금액이 연 300만원... 확인 부업 관련 지출 내역 정리 (필요경비) 홈택스 회원가입 및 공동인증서 준비 5월 종합소득세 신고 일정...,https://blog.naver.com/jjuyami_/224263289919,쭈야미인베스트,20260424,0,6,0,0,6,False
부업 월 300만원 인증,배달,배달 부업 자전거: 퇴근 후 전기자전거 투잡 정산 인증,이 숫자가 전기자전거 라이더 기준으로 배민커넥트 + 쿠팡이츠 합산 정산 금액이에요~~ 300만원대... link/UbNcZUsjpKb #배달부업자전거 #전기자전거투잡 #직장인투잡정산인증 #배달부업 #배민커넥트자전거...,https://blog.naver.com/mskcuteeee/224233854781,이것저것,20260330,0,6,0,0,6,False
부업 월 300만원 인증,기타,월순수익 300만원 확보하기 (12월 매출인증 및 내용에 대한...,12월 매출인증 및 관련이야기 시즌성상품 및 기타 작업으로 매출증가(ESM상품판매중지함) 오늘은 12월... 그나마 부업으로하기에 위안을 삼아봅니다. 12월달에 알려드릴 팁 1. 시즌성상품을 올리세요 ==> 2년정도...,https://blog.naver.com/smkim8051/222973285392,50대 부업으로 온라인 건물주 되기,20230103,0,6,0,0,6,False
부업 월 300만원 인증,스마트스토어,부업으로 월300만원 버는 법>-돈버는 형님들...,수익인증할 날이 올거라고 믿습니다. 왜? 절대 포기하지 않을 거니까 끝까지 할거니까요. 이 전자책은 정말 스마트스토어를 시작하고 싶거나 월급말고 다른 부업을 시작하고 싶으신 분들께 꼭 구매해 보라고...,https://blog.naver.com/mijuju79/222602435567,매우맑음의 부끌성장일기,20211223,0,6,0,0,6,False
부업 월 300만원 인증,기타,"여자창업, 자본금 500만원으로 월수익 300만원 만드는 법",또한 여성기업 인증을 미리 받아두면 공공기관 입찰 시 가산점 혜택을 받을 수 있고 여성전용... 여자창업 전 모르면 무조건 손해 보는 핵심 질문 모음 질문1 직장 다니면서 부업으로 시작해도 법적인 문제가...,https://blog.naver.com/foreverwithr/224284445224,오늘도 리빙해,20260513,0,4,0,2,2,False
부업 월 300만원 인증,블로그,블로그 원고 알바 부업 후기 간단히 적어봄,패스인증을 하라고 하는 경우도 있는데 내가 잘 모르는 프로그램을 막 받으라고 한다면 이는 주의해야... 하지만 원고 부업으로 월 200~300만원씩 벌게 해주겠다면서 무리한 요구를 하는 업체가 있다면 대부분은...,https://imonis.net/996,be interested in... -,20250506,0,4,0,0,4,False
부업 월 300만원 인증,기타,[재택부업 추천] 중국구매대행 매출 인증 12월 1일 / 2025년도...,"2-300만원 받던 제가 2배 3배가 되는 수익을 손에 쥐게되니 포스팅을 안할 수가 없습니다. 연봉 1억만 된다해도 상위 10%인데, 하위 10% 에서 상위 10%로 업그레이드 시켜주는 부업이 구매대행말고 또 뭐가...",https://blog.naver.com/genius7553/224095777322,LUCKY⭐️,20251202,0,8,0,2,6,False
부업 월 300만원 인증,블로그,"블로그 부업, 초기비용 없이... 법 | 재택알바,직장인부업",안녕하세요 여러분 요즘 같은 고물가 시대에 부업은 필수 아닌가요 이대로는 버틸 수 없다 집에서... 성과 잘 내시는 분들은 월 평균 300만원의 수익을 가져가신다고 해요 ㄷㄷ 어케하는지 바로 알려드릴게요...,https://blog.naver.com/iiicolory/224228829353,그만할랭킹,20260325,0,10,0,0,10,False
부업 월 300만원 인증,블로그,연금같은 수익을 주는 재택 부업 블로그,200~300만원에서 많게는 1500~1600만원의 수익을 내기도 했습니다. 회사를 다니면서 매월 저 정도의 수익을... 심지어 한 동안 부업 소득이 본업 소득을 넘기도 했었습니다. (블로그로 월 1천만원 넘게 벌 때) 연금...,https://blog.naver.com/meaning87/223649135344,은퇴연구소,20241106,0,8,0,0,8,False
부업 월 300만원 인증,기타,직장인인데 부업 수입 있어요 — 종합소득세 꼭 신고해야 하나요?,예외: 부업 소득이 기타소득에 해당하고 기타소득 금액이 연 300만 원 이하이면 분리과세 선택 가능... 홈택스(hometax.go.kr) 접속 → 카카오·PASS 간편인증 로그인 2. 상단 메뉴 → [신고/납부] → [종합소득세]...,https://blog.naver.com/apex_drawer101/224272150676,경험의 서랍 소소한 블로그,20260502,0,2,0,0,2,False
부업 월 300만원 인증,기타,크라우드웍스 데이터 라벨링 직장인 부업 알아보기,"요즘 뜨고 있는 육아맘, 대디, 직장인 부업 중의 하나가 바로 데이터 라벨링이다. data labelling은 AI... 자영업자, 월 임금 300만원 이상의 대기업 근로자(45세 미만), 특수형태근로종사자 등 제외 연말까지...",https://blog.naver.com/haejukdl/222467270373,불락지피~ 즐길 수 없으면 피하라,20210820,0,2,0,0,2,False
부업 월 300만원 인증,기타,아이돌보미 수당 총정리｜영아 돌봄 시급·월 300만 원 가능한...,아이돌보미 & 영아 돌봄 수당 총정리 월 300만 원까지 가능한 정부 공식 돌봄 일자리 요즘... 정부 인증 + 센터 관리 + 정산 시스템이 있는 구조라 안정성이 높아요. ⸻ ✅ 아이돌보미 기본 조건 & 돌봄 유형...,https://blog.naver.com/playnaju/224124202973,나주언니의 소소한 일상,20251227,0,0,3,0,3,False
부업 월 300만원 인증,기타,[2026 종합소득세] 직장인·부업·프리랜서 단 5단계...,"단계 할 일 소요 1 대상 여부 확인 (위 4가지 점검) 3분 2 홈택스 로그인 (공동인증서·간편인증) 2분 3... 부업 소득 연 300만원 이하면 신고 의무가 없지만, 원천징수 3.3%를 받았다면 환급 받기 위해 신고하는...",https://blog.naver.com/coco362-/224269868624,고운세상,20260430,0,2,0,0,2,False
부업 월 300만원 인증,기타,종합소득세 5월 31일 마감 D-13 — 직장인 부업·N잡 신고 안...,STEP 1) 손택스 앱 로그인 — 공동인증서 또는 간편인증(카카오·네이버·PASS) STEP 2) 신고/납부 → 종합소득세 신고 — 「일반 신고」 또는 「모두채움 신고」 선택. 부업 소득이 있으면 일반 신고 권장...,https://blog.naver.com/lottolove5131/224289214954,혼자하는 이야기,20260518,0,4,0,0,4,False
부업 월 300만원 인증,기타,셀프신고 10분 완성 (프리랜서·직장인 부업 환급받는 법),"3% 원천징수된 프리랜서(소득 300만 원 초과 시) 근로소득 외 부업·투잡·N잡 소득이 있는 직장인... 홈택스에 공동인증서 또는 간편인증으로 로그인한 뒤, 상단 메뉴에서 [세금신고] → [종합소득세 신고]를...",https://blog.naver.com/kaltaelee/224274306602,칼퇴리,20260504,0,6,0,0,6,False
부업 월 300만원 인증,기타,월 100 벌 줄 알았는데… 절대 하면 안 되는 부업 TOP3...,"월 100 벌 줄 알았는데… 절대 하면 안 되는 부업 TOP3, 모르면 1억 날립니다 ""혹시 지금, 돈 먼저... ""이거 되네?"" 싶어서 신뢰 쌓이면, 갑자기 ""이번엔 300만 원짜리 냉장고, 명품 가방해 주시면 수수료 50만 원 더...",https://blog.naver.com/hsio57/224189838573,N잡냥이 IT로그,20260220,0,2,0,0,2,False
부업 월 300만원 인증,강의,"2026년 종합소득세 신고 기간, 방법, 납부까지! 직장인...","홈택스 종합소득세 신고 단계별 방법 홈택스(hometax.go.kr) 접속 후 공동인증서 또는 간편인증으로... 부업 소득의 종류에 따라 달라요. 강의료, 원고료 등 기타소득이 연 300만 원 이하라면 분리과세를 선택해...",https://blog.naver.com/canonkoreabs/224289365417,캐논코리아 주식회사 공식 블로그,20260519,0,4,0,0,4,False
부업 월 300만원 인증,기타,"""퇴근 후 부업 200만원"" 2030 여성 몰린 '블루레이디' 정체...","부업 유형 평균 월 수익 일반 N잡러 평균 약 95만원 (사람인·잡코리아 설문 기준) 앱테크/데이터... 연 300만 원 초과 시 사업소득으로 분류될 수 있고, 사업자 등록이 필요할 수 있어요. 정확한 구분은 세무사...",https://blog.naver.com/kdeen87/224254963374,이코의 경제노트,20260416,0,6,0,0,6,False
부업 월 300만원 인증,기타,나만빼고 전부 월 천만원?? 통계청 자료로 본 대한민국 직장인...,"화면을 조금만 넘겨도 “월 1,000만 원 버는 노하우”, “20대 직장인 월 500만 원 인증” 같은 자극적인... 인터넷 커뮤니티에서 흔하게 조롱받는 ‘월 300만 원’이라는 월급은 실제 현실에서는 대한민국 중간...",https://blog.naver.com/nethsh2/224287234269,불꽃남자 - 월급쟁이에서 경제적자유로 가는 길,20260518,0,0,9,0,9,False
부업 월 300만원 인증,기타,"[온라인 부업] AI 시대, 홈페이지 디자인 부업으로 월 2천만...","홈페이지 디자인 부업으로 성장하는 과정을 보여주는 그래프 일러스트 6. 실제 성과와 인증 아린 님은 2025년 7월 기준으로 월 매출 2천만 원, 순수익 1천6백만 원을 달성했습니다. 그리고 실제로 통장 내역을...",https://blog.naver.com/bo_on_ewet/224000168795,시선마중,20250908,0,6,0,0,6,False
부업 월 300만원 인증,기타,"부업, 자투리 시간으로 용돈버는 에이전트 (수익인증)","초기에 활동 인증만으로 2만원 벌 수 있는 에이전트 부업겸 자투리 시간으로 용돈벌어보세요... 활동하는 에이전트들의 월 평균 수익은 약 90만 원, 고성과 에이전트는 월 평균 300만 원 이상의 수익을...",https://blog.naver.com/ymy40560/223714956445,Ryu의 기록,20250105,0,4,0,0,4,False
부업 월 300만원 인증,스마트스토어,[부업 사기 주의보 시리즈]... 창업”만 하면 월 500?,"30~300만 원 요구 ❗ 유인 수단 매출 인증, 주부 후기, “완전 자동이라 시간 필요 없다” 강조 ❗ 결말... #스마트스토어사기 #스마트스토어부업 #쇼핑몰창업사기 #부업사기주의보 #스마트스토어초보...",https://blog.naver.com/kimhy329/223866366041,로고스블로그,20250515,0,8,0,0,8,False
부업 월 300만원 인증,유튜브,"N잡 끝판왕, 부업으로 월천만원 버는 호기심천국님 강의후기",자기계발과 부업에 관심이 많은 저이다보니 제 유튜브를 열면 알고리즘이 온통 월 천만원을 버는... 들어보면 강의비 200~300만원이 대부분입니다. 그게 요즘 평균입니다. 이야 저렇게들 돈버는구나 싶은 생각이...,https://blog.naver.com/sopdnote/224021983856,쏘피디 노트,20250926,0,8,0,0,8,False
부업 월 300만원 인증,기타,(수익인증) 직장인을 위한 현실적인 온라인 부업 추천,요즘 N잡 직장인 아닌 사람을 찾기 힘들 정도입니다 직장인 부업의 종류가 너무 많아지고 있습니다.... 장점: 자신의 전문성을 활용하여 수익 창출 수익 경험: 월 12건의 프로젝트로 300만 원 수익 4. 전자책 및...,https://blog.naver.com/must_exit_with/223844021698,부동산 경매 투자하는 사람들,20250423,0,6,0,2,4,False
부업 월 300만원 인증,기타,"5월 종소세 신고 대상 확인법: 직장인 부업, 프리랜서 환급금...","3% 원천징수 대상 포함) N잡러 직장인: 근로소득 외에 부업 수입, 강연료 등 기타소득이 300만 원을... 홈택스(PC) 또는 손택스(앱) 접속: 간편인증으로 로그인합니다. 신고 안내 유형 확인: 카카오톡으로 발송된...",https://blog.naver.com/cosmoswalk/224283422350,슬기로운 경제생활 : 재테크와 자산관리의 모든 것,20260512,0,4,0,0,4,False
부업 월 300만원 인증,기타,3% 환급받는 방법 기간 조회 신청 가이드 프리랜서 부업 소득별...,"아르바이트나 부업을 할 때 세금으로 떼였던 소중한 내 돈을 당당하게 되찾을 수 있는 기회인데요. 5월... 연 300만 원을 초과하는 기타소득(강연료, 원고료 등) 보유자 홈택스 모두채움으로 5분 만에 신고하기...",https://blog.naver.com/anatoma/224274698090,다크토미 블로그,20260504,0,2,0,0,2,False
부업 월 300만원 인증,기타,되야 월 300만원을 만든다/ 단타 백날 해 봐야 돈 버는 사람은...,"시대적 흐름에 따라 주식을 사고 팔아서 월300만원을 벌려면 대략 1억~2억의 돈이 필요하다고 본다.... 월평균 300만원을 만들려면 말이다. 주식 매매를 일주일에 몇 번을 해야 하는 것도 아니고, 1달에 한 두번만...",https://blog.naver.com/zxcvnm13k/222755886578,.,20220602,0,0,3,0,3,False
부업 월 300만원 인증,스마트스토어,온라인 쇼핑몰 라인 팀미션 부업사기 법률조언을 받아 대응한...,"쇼핑몰 부업 사기 피해에서도 문자, SNS, 채용 플랫폼 등을 통해 “재택근무로 월 200~300만원 가능”... 회원가입, 간단한 주문, 캡처 인증, 리뷰 작성과 같은 단계는 부담이 크지 않았고, 일부는 실제로 포인트가...",https://blog.naver.com/wisejinakim/224262768437,금융범죄 사기전문 인천변호사 법무법인 성진,20260424,0,6,0,0,6,False
부업 월 300만원 인증,기타,부업한다고 투자했는데 사기? 하루 수익률 2% 5%?,"정말 인증까지하면서 , 월 천만원 벌었다던데 저도 정확하게는 모르지만, 저런걸 홍보하면서 가입을... “하루에 10만 원은 기본”, “한 달 300만 원 보장” 같은 문구와 함께 투자나 작업을 유도하죠. 특히...",https://blog.naver.com/ddhs21225/223828755895,거미줄경제,20250410,0,6,0,0,6,False
부업 월 300만원 인증,기타,"5월 종합소득세 신고 대상자, 모르면 300만원 손해",근로소득만 있는 직장인이라면 연말정산으로 끝날 수 있지만 부업으로 월 10만원이라도 수익을 냈다면... 또한 사적연금 소득이 연간 1200만원을 초과하거나 기타소득 금액이 연간 300만원을 넘는 분들도...,https://blog.naver.com/hanj32505/224280546504,알쓸신잡 | 아는 사람만 챙기는 혜택,20260510,0,4,0,0,4,False
부업 월 300만원 인증,기타,네이버 엑스퍼트로 돈 버는 법! 초보자도 월 300만 원 가능?,"특히 부업이나 프리랜서 활동을 원하는 직장인, 교사, 전문직 종사자들에게 인기가 높습니다. 2.... 네이버 엑스퍼트 활동 시 사업자등록 필요 여부 1) 사업자등록이 필요 없는 경우 연간 소득이 300만 원 이하...",https://understanding490.tistory.com/541,중꺾그마 잡학사전,20250403,0,2,3,2,3,False
부업 월 300만원 인증,기타,"2026년 물가 반영, 실수령 300만 원은 '서민'일까 '중산층...","사회생활을 시작하며 누구나 한 번쯤 목표로 삼게 되는 숫자, 바로 '월 300만 원'입니다. 과거에는 이... 온라인 커뮤니티나 SNS에서는 고액 연봉 인증이 넘쳐나지만, 실제 통계청 데이터와 임금 직무 정보...",https://blog.naver.com/rowgun2/224168235450,재테크하는 로건,20260202,0,0,3,0,3,False
부업 월 300만원 인증,배달,배달 부업으로 연 1천만원? 숫자로 증명하는 현실적 파이프라인,"생긴답니다 ^^  ""배달 부업, 제대로 시작해보고 싶다면?"" 이 이야기가 흥미로우신가요? 다음에는 더 구체적인 실전 팁을 공유해 드릴 수 있습니다. 배달로 월 100 만드는 구체적 루틴 퇴근 후 2시간, 실제 수익표...",https://blog.naver.com/curiousdaily7/224148652867,쓸모있고 돈 되는 정보 나라,20260116,0,6,0,0,6,False
부업 월 300만원 인증,기타,출퇴근 10분으로 월 30만원 만든 직장인의 앱테크 부업 실전...,"수익이 300만원을 초과하면 기타소득으로 신고해야 합니다. 하지만 대부분의 앱테크 수익은 이... 앱테크 부업 Q&A  Q1. 앱테크로 정말 월 30만원 이상 벌 수 있나요? 네, 가능합니다. 체계적인 루틴과 여러 앱...",https://blog.naver.com/leader_dinosaur/224139592238,어팀공(어쩌다 팀장이 된 공룡),20260108,0,4,0,0,4,False
부업 월 300만원 인증,기타,종합소득세 신고 안 하면 가산세 폭탄? 달라진 세율 구간과 신청...,"요즘은 부업이나 코인, 해외 주식 배당금 등으로 추가 수익을 내는 분들이 많아서 본인도 모르게... 연 300만 원 초과자 꿀팁! 수익이 적어서 세금을 낼 게 없더라도 신고는 하시는 게 좋아요. 그래야 나중에...",https://blog.naver.com/ina9495/224264837673,핸이나의 재테크 한 스푼,20260501,0,4,0,0,4,False
부업 월 300만원 인증,강의,부업 없이 월 50만원 추가 수입 만드는 5가지 방법,부업 없이 월 50만원 추가 수입 만드는 5가지 방법  목차 앱테크로 자투리 시간 활용하기 집안 물건으로... 난이도 월 예상 수익 전자책 중간 20~100만원 온라인 강의 높음 50~300만원 템플릿 낮음 10~50만원 면책...,https://blog.naver.com/candylight77/224001067442,재테크 짠테크 정보,20250909,0,6,0,0,6,False
부업 월 300만원 인증,기타,국비지원 인공지능 교육 듣고 크라우드웍스 앱으로 부업 시작,"점점 들어가는 비용은 많아지는데 너무 늦지 않게 노후대비를 시작하려면 부업이라도 해야할텐데... 중 월 평균 소득이 300만원 이상인 사람, 특수형태근로종사자로 월 평균 소득이 300만원 이상인 사람, 개인...",https://blog.naver.com/ekfgo95/223029217819,일리야 라이프스타일,20230227,0,2,0,0,2,False
부업 월 300만원 인증,스마트스토어,엑셀도 모르던 50대 주부가 월 800만 원 번 소름 돋는 비결,"(과거 사진입니다ㅎㅎ) 요즘 ‘부업으로 월천 번다’이라는 말, 정말 자주 보이죠. 누구나 쉽게 시작할... 하지만 실제로 이 방식으로 월 100~300만 원씩 부수입을 얻고 계신 분들이 늘고 있어요. 스마트스토어의...",https://blog.naver.com/weolbu/223968327909,월부 WEOLBU,20250812,0,6,0,0,6,False
부업 월 300만원 인증,기타,직장 유지하면서 AI부업 도전기! 월500 달성한 사례소개,전부 인증했죠^^ 일부만 오픈했기때문에 PD님과 논의해서 영상제작하기로 결정했습니다 월50만원 버는 방법정도는 공유해도 전혀문제가 없습니다 월300만원 정도 이상을 벌수있는 파이프라인이 아닌이상은...,https://blog.naver.com/captainai/223187347453,AI수익화 연구소,20230818,0,2,0,0,2,False
부업 월 300만원 인증,기타,"월순수익300만원 확보하기 (부업 및 퇴직, 퇴임후...","50대전후분들의 부업에 대한이야기 부업으로 대량등록위탁판매하기 오늘은 50대 전후분들이 부업으로... 있다라는 인증영상, 회사를 그만두고 이일을 하라라고 권유하는 영상들이 많은데 사실 20대, 30대초...",https://blog.naver.com/smkim8051/222966720930,50대 부업으로 온라인 건물주 되기,20221227,0,4,0,0,4,False
부업 월 300만원 인증,기타,아파트에서 영어 공부방 운영 계획 (집에서 할 수 있는 부업...,"가능 월 5~10건만 판매해도 300만 원 수익이 가능하지만 너무 초기에 큰돈 큰 수익을 목표로만 하지 않기를.. 5천 원 만원 마진도 소중하다는 마음으로 시작해 보시길 추천드려요. 운영 팁 제품 인증서, 박스...",https://blog.naver.com/loverjkr/223827320983,시간부자의 은퇴후 소득흐름,20250409,0,4,0,2,2,False
부업 월 300만원 인증,기타,"에이블리 부업,, 그건 또 뭐야?... 에이블리 셀러스 부업","에이블리 부업! 얼굴이 노출되지는 않지만, 어느정도 패션에 대한 자신감, 애정, 스스로에게 잘... 마켓: 월 100~300만 원 이상 장점 재고 리스크 0%, 배송/CS 부담 없음, 소자본 시작 가능 단점 직접 사입보다...",https://blog.naver.com/ggoggm/224189786497,꼬깜네,20260220,0,2,0,0,2,False
부업 월 300만원 인증,기타,직장인 부업으로 좋은 에이전트 추천드려요(수익인증),"경우 월 평균 300만 원 이상의 수익을 올리고 있습니다. 신청 캠페인 별 활동 가이드 자료가 제공되어 활동을 시작하는 데 어려움이 없으며, 초기 투자 비용 없이 부업을 시작할 수 있다는 점도 큰...",https://blog.naver.com/ymy40560/223718748755,Ryu의 기록,20250108,0,6,0,2,4,False
부업 월 300만원 인증,기타,전 국민 학원비 300만 원 지원! 국민내일배움카드 신청 자격...,"임금이 300만 원 이상인 만 45세 미만 대규모 기업(대기업) 종사자 최근 3개월간 월평균 임금이 500만 원 이상인 특수형태근로종사자 ️ 4. 무엇을 배울 수 있나요? 이직 준비부터 부업(N잡)까지, 내일배움카드로...",https://blog.naver.com/reverie1117/224221875907,대학생 정보 큐레이터,20260319,0,4,0,0,4,False
부업 월 300만원 인증,블로그,블로그 부업 사기 수법 쉽게 돈버는 방법은 없습니다,"최근에 블로그 부업 사기 유도 블로거가 제 블로그에서 활동을 하려고 하더라고요. 또아리를 틀지... 하면 월 25만원에 비법을 알게 되는 거다, 또는 300만 원은 2~3개월만 해도 충분히 벌 수 있는 돈이니까...",https://blog.naver.com/sojun_0411/223488001178,구월부부의 현명한 결혼과 재테크 이야기,20240622,0,4,0,0,4,False
부업 월 300만원 인증,기타,"올메이커스|주부부업 시작 전 3가지, 확인 안 하면 또 재가입해요",부업 여러 번 해봤기 때문에 너무 공감하는 말 들이거든요. 재택부업 주부부업 우아지혜 “수익인증... 확장하면 월 150~300만원 이상도 가능해요. 올메이커스 주부부업 실제로 리뷰로 시작했다가 지금은...,https://blog.naver.com/sales_mate_/224134133658,우아지혜의 집에서 돈 버는 이야기,20260104,0,6,0,0,6,False
부업 월 300만원 인증,블로그,나도 하고있는 요즘 다들 하나씩 한다는 온라인 부업 3가지,"인증글을 보면 월 천, 월 몇백씩 찍히던데 나는 물론 그정도는 아니지만 이 블로그 이외에 다른 블로그를 운영하면서 조금씩 수익이 생기고 최근 만든 이 블로그도 애드포스트와 연동시켰다 / 온라인 부업을...",https://blog.naver.com/traveler_ara/224214348670,부자공부 경제공부 기록,20260312,0,6,0,0,6,False
부업 월 300만원 인증,기타,온라인 부업 첫발.,"온라인 부업을 제대로 해볼 생각이다. 1달이란 시간이 날아가는 게 좀 아깝기고 하고, 며칠 전 산... 마사지건 같은 물품을 판매하려면 KC인증을 받아야 온라인에서 팔 수있는데, 그 비용이 2-300만 원정도, 특히...",https://blog.naver.com/unknown_4/224118029538,방방,20251222,0,2,0,0,2,False
부업 월 300만원 인증,기타,2026 종합소득세 신고 총정리 | 모두채움·ARS로 5분 끝...,연 300만 원(소득금액 기준)을 넘으면 합산 신고해야 합니다. 사이드 프로젝트·부업 수입이 있다면... 꿀팁 인증서가 자꾸 막히면 **간편인증(카카오·PASS·네이버)**으로 5초 안에 로그인 가능. 공동인증서...,https://blog.naver.com/iamvisionman/224276513066,꿈꾸는자의 세상 여행기!,20260506,0,2,0,0,2,False
부업 월 300만원 인증,기타,"이베이로 시작하는 역직구 직장인부업, 하루 30분으로 월...","직장인부수입이나 부업종류로도 적합해 보입니다. 신용카드 월 한도가 300만원도 채 되지 않는... 공식 인증 경로 준비가 필수입니다. 2025년, 지금이 기회인 이유 트럼프 정부의 무역 정책 변화 속에서도 개인...",https://blog.naver.com/purrrrr/223918555485,책장사이사이,20250701,0,4,0,0,4,False
부업 월 300만원 인증,기타,앱테크부업으로 시작된  6월 월정산,"아쉽게도 월간 최고 수익인 300만원을 넘지 못했지만, 다양한 부수입이 늘어나는 만큼 긍정적인... 응용기술, 부업 등을 월 단위로 정산하고, 수입을 증명하고, 추천해드리는 것입니다. 기사 관련 리뷰...",https://blog.naver.com/check8625/223483360233,분위기,20240618,0,6,0,2,4,False
부업 월 300만원 인증,기타,부업으로 월 천만원 버는 방법? 어차피 안하잖아? (동기부여),"즉, 월급이 300만원이 안된다는 이야기죠. 그럼 여기서 30만원만 더하면 300만원 인거잖아요? 그럼 이... 월 천만원 수입의 부업이 가능할까?> 부업이라는 것은 기본적으로 자본이 들어가면 안되고, 쉽게 돈을 벌...",https://blog.naver.com/bplan_s/222669565873,진고구마 공식 블로그,20220311,0,2,0,0,2,False
부업 월 300만원 인증,기타,"은퇴 후 월 1000만 원, 김민식 PD가 진짜 한 행동은 따로...","직접 인증하셨어요. 결론부터 말씀드리면 비결은 화려한 투자가 아니라 30대부터 시작한 두 가지 습관... PD의 월 수입 구조부터 정리해볼게요. 연금 약 300만 원, 강연료와 인세 약 700만 원, 합쳐서 약 1000만...",https://blog.naver.com/benefitlab/224288958093,국민혜택연구소,20260518,0,2,0,0,2,False
부업 월 300만원 인증,기타,"온라인 소자본 부업, 리스크보다 수익이 큽니다","온라인 소자본 부업, 리스크보다 수익이 큽니다 불확실한 시대, 확실한 부업이 필요하다 물가 상승... 제작 월 20~300만 원 개인의 노력과 집중도, 전략에 따라 수익 편차는 있지만 공통점은 소자본으로도 시작할...",https://blog.naver.com/yololife_12/223963643504,한달에 억 버는 연우의 부업스토리♥,20250808,0,4,0,0,4,False
부업 월 300만원 인증,기타,"당일 입금 주부부업으로 시작했는데, 어느새 고정 수익...","보면 월 최소 50만원 이상 수익을 만들어 가는 분들이 꽤 많습니다. 집에서 할 수 있는 주부부업으로는... ( 300만원 500만원~천만원까지!) 올메이커스 멤버십은 크게 두 가지가 있어요, 먼저 베이직 과정은 리뷰...",https://blog.naver.com/goat2306/224211035279,"온라인으로 돈 버는 강집사, 자취여행기록",20260310,0,4,0,0,4,False
부업 월 300만원 인증,기타,크라우드웍스 통해 N잡 세대 트렌드에 맞춘 직장인 부업 데이터...,"직장인 부업 추천 크라우드웍스 데이터 라벨링 TEXT/PHOTO @SUKIPAPA 월급은 느리게 오르게 물가는 빠르게... 자영업자, 월 임금 300만 원 이상의 대기업 근로자(45세 미만) 및 특수 형태 근로 종사자 등은...",https://blog.naver.com/androi_ssung/222477583167,글 쓰고 사진 찍는 개발자 아빠의 IT | 사진 이야기,20210820,0,4,0,2,2,False
부업 월 300만원 인증,기타,트위터 부업 사기 피해 회복을 위한 전문가의 법적 조언,"트위터 부업 사기 피해 회복을 위한 전문가의 법적 조언 ""저기요, 혹시 트위터에서 리트윗만 하면 건당... 50만 원, 100만 원, 300만 원. 민지는 부모님께 받을 등록금까지 미리 당겨서 넣기 시작했습니다. 금액이...",https://blog.naver.com/withocean2305/224117794195,withocean2305님의 블로그,20251221,0,2,0,0,2,False
부업 월 300만원 인증,기타,스파일씨 파트너셀러 활동기~ 부업 용돈 벌기로 아주 추천 !!,(학생마냥 용돈받는 유부남에게 최고!) 인증! ㅎㅎㅎㅎ 월에 한 12만원 벌었어요 제가 산 제품... 저도 월 5천만원 매출내고 !!! 뭐 평균 5%+@ 정도 수익이니 헉 !!! 250~300만원 !!! 나도 할수 있다 화이팅 !!!!,https://blog.naver.com/gooraim/223733209704,유부일기,20200706,0,6,0,2,4,False
부업 월 300만원 인증,기타,무자본부업? 필수체크 3가지,"제자님 여섯 분만 봐도 한달에 한화 30만원부터 300만원 넘게 버는 분도 있습니다. 저게 전문적인 지식 없이 집에서 글만 써서 번 수익입니다. 말씀은 이렇게 드렸지만, 저 3가지 조건 충족한다면 어떤 부업을...",https://blog.naver.com/gksksla9/223268216927,아로스의 애드센스,20231118,0,4,0,0,4,False
부업 월 300만원 인증,기타,"두 해 만에 1억, 월급 300만 원으로 가능한 진짜 루틴",월급 300만 원 중 기본 저축 비율: 40% (120만 원) 포인트·캐시백·신용카드 혜택 등을 모두 ‘저축 통장’으로 자동 이전 주 1회 아르바이트·부업으로 30만~50만 원 추가 확보 이렇게 하면 월 150~170만 원 수준의...,https://blog.naver.com/sherry7777/224071000693,문감독의 시네마 라이브러리,20251110,0,2,0,0,2,False
부업 월 300만원 인증,기타,"시간 없어도 가능해요"": 사회복지사가 실천 중인 부업과 수입...","수당, 부업 기회 증가 행정 관련 사회복지시설장 자격 평가인증 심사위원 → 승진, 더 나은 대우 자격... 세금 미신고 연 부수입 300만 원 넘으면 종합소득세 신고 필요. 5월에 홈택스에서 하면 됩니다. 신고 안...",https://blog.naver.com/silver_right119/224038425300,사람을 향한 실천노트 [사회복지와 인권],20251012,0,4,0,0,4,False
부업 월 300만원 인증,기타,뉴카인드 홀릭 실패한 온라인 부업 2억 빚 진 나도 1300...,"애 셋 데리고 마트 갈 돈도 없던 제가, 지금은 건당 300만 원씩 벌고 있어요. ""온라인 부업? 나랑은... 지난 달보다 성장했거든요 저ㅎㅎㅎ 3월도 1340 벌고 온 인증부터❤️ “빚만 2억, 자존감은 바닥… 근데...",https://blog.naver.com/yuniiiii_1/223827597266,온오프 홀릭::온라인수익화 마스터,20250409,0,2,0,0,2,False
부업 월 300만원 인증,기타,2026 종합소득세 신고 기간·방법 총정리: 삼쩜삼 vs 홈택스...,"부업 직장인: 근로소득 외에 연 2,000만 원 초과 금융소득이나 기타소득(300만 원 초과)이 있는 경우.... 간편 인증을 통한 대행 서비스 장점 수수료 0원. 가장 정확하고 안전함. 최고의 편의성. 환급액을 미리...",https://blog.naver.com/100vs100328/224281122737,네옹&킹콩친구의즐건 가드닝생활....,20260510,0,2,0,0,2,False
부업 월 300만원 인증,기타,에이전트 부업 성과 후기 및 정보 공유,에이전트 부업이 뭐에요?? 뭐길래 인증만 하면 그 만큼을 벌 수 있는거죠?? 저 또한 이리저리 부업을... 고성과자는 월 평균 300만원 수익을 얻어간다고 하니 진짜 우리 안 할 이유가 없잖아요 ㅠㅠ 어렵게...,https://blog.naver.com/kittyasd/223763910852,눈사람(목돈)만들기,20250217,0,4,0,0,4,False
부업 월 300만원 인증,기타,리브업 가을 :: 역대급 부업 오픈 오늘 공개합니다,받고 인증도 안했더라구욬ㅋㅋㅋ 리브업부업 제가 고수-익 멘토다 보니 옮기면 기본 몇천은 벌고... 수당 300만 원이고 회사는 99만 원에서 부가세 39만원 내고 카드 수수료를 제외하고 남는게 순수익인데...,https://blog.naver.com/gaeul9898/224023124175,"리브업 부업 가을, 본사 1등 5개월 3억 주인공",20250926,0,4,0,0,4,False
부업 월 300만원 인증,기타,무인키즈카페 창업 비용부터 월수익까지 2026년 현실 정리,"인건비 부담 없이 운영할 수 있다는 장점 때문에 부업으로도, 본업으로도 관심 갖는 분들이... 임대료, 전기세, 관리비, 재료비 등 고정비를 빼고 나면 실제 손에 쥐는 순수익은 월 200~300만 원 정도예요. ""월...",https://blog.naver.com/hoplife/224247007670,hoplife님의블로그,20260409,0,4,0,0,4,False
부업 월 300만원 인증,기타,5월부터 8월 4개월간 현설맘 독서 목록 41권,활동 인증을 못 했다. 스타벅스에서 그중 하나가 독서. 월간 활동 인증을 하는 이유는 공부한 이력을... 누구나 전자책으로 월 300만원 버는 가장 현실적인 비법서 -부아c/골프황금열쇠(전자책) 8. 빛나지...,https://blog.naver.com/minimaledu/224004906992,아이와 주말 1박 2일 30만원 여행 연구소,20250912,0,0,3,0,3,False
부업 월 300만원 인증,기타,3.3% 뗐다면 환급 필수 — 프리랜서·N잡러·직장인 부업러...,지난해 300만원을 넘었다면 신고해야 해요. ✅ 직장인인데 나도 신고해야 하나? 100% 근로소득만 있는... 방법 3 — 손택스 앱 (스마트폰) 국세청 홈택스(손택스)에 간편 인증으로 로그인 → 상단 메뉴에서...,https://blog.naver.com/whitehmj/224273757099,요 재미에 삽니다^^,20260504,0,4,0,0,4,False
부업 월 300만원 인증,기타,메리츠파트너스 수입 및 보험 부업 후기,추가 소득은 300만원 이상입니다. 수익은 보험 체결 후 발생하며 개인 차가 있다고 설명드렸는데요. 열심히 하신다면 더 많이 벌 수 있겠죠! 꿀부업 메리츠파트너스 시작하시기 전에 서비스 신청 방법을 미리...,https://blog.naver.com/0218pp/223876114276,소소집밥,20250524,0,4,0,0,4,False
부업 월 300만원 인증,강의,"요언니 ⚠️ “한국에서 명문대 사칭으로 1,000만원 넘게...",구독화 월 정액 모델 확대 콘텐츠화 강의 → 자산화 ⚠️ 해외 과외 시장 리스크 리스크 설명 가격 경쟁 글로벌 경쟁 심화 플랫폼 수수료 20~40% 후기 의존 평점이 생존 규제 국가별 다름 신뢰 문제 인증 요구...,https://blog.naver.com/new_angle/224256578198,ll감각적인 요언니ll,20260418,0,4,0,0,4,False
부업 월 300만원 인증,기타,[공지] ISO 인증심사원 양성과정 & 기업인증 확장 세션 (9월...,"다른 인증으로 확장할 수 있는 기반이자, 고객 기업과 신뢰를 쌓는 무기입니다. 이런분들께 추천합니다!  “부업으로 월 300만 원 가능할까?”  “은퇴후에도 할 수 있는 전문직 없을까?”  “해외에서도...",https://blog.naver.com/honest_stone/223981635408,어니스톤 조영빈,20250824,0,2,3,2,3,False
부업 월 300만원 인증,블로그,블로그 부업? 에이전트는 어떠세요?,#부업 #블로그 부업 #재택알바 #에이전트 에이전트로 부터 경제성 대가를 받고 작성한 글입니다... 고 성과자 월 평균 300만원 수익 5. 1:1 매니저 코칭으로 초보자도 쉽게 활동 가능 6. 신청 캠페인 별 활동...,https://blog.naver.com/kittyasd/223761422980,눈사람(목돈)만들기,20250215,0,8,0,0,8,False
부업 월 300만원 인증,기타,하루 10분이면 돈이 들어온다고? (초간단 부업!),"“에이전트”라는 부업입니다. 에이전트의 장점 7가지!  10년째 운영중인 신뢰할 수 있는 브랜드  활동 에이전트 1,400명  누적 수익 지급 5억, 개인별 월 평균 90만원 수익  고성과자 월 평균 300만원 수익  1...",https://blog.naver.com/koojhmyh/223773972244,행복한하루님의 블로그,20250226,0,4,0,0,4,False
부업 월 300만원 인증,기타,솜사탕 창업 비용 마진 월100만원 버는 창업 아이템으로 왜...,"아이: 재미 + 색감 부모: 사진 + 추억 커플: SNS 인증 즉, 제품이 아니라 “장면을 파는 사업”이에요... 하지만 중요한 건 “평균값”입니다  실제 월 수익은  약 100만 ~ 300만 원 수준 ⚠ 현실 단점 (이거...",https://blog.naver.com/9191609/224232821256,오백원재벌의 돈이야기 투자 창업 부업의 모든것,20260328,0,2,0,0,2,False
부업 월 300만원 인증,기타,텐핑 부업 수익화 후기(1주일 해본 결과),"월300만원 정도의 수익을 내셨다고 하길래 저도 한번 해봤습니다. 나름 부업쪽에서는 그래도 실력이... 찐 수익 달성 인증 갑니다ㅎㅎ 한번의 유입으로 4만원 가량의 수입을 만들고, 익월에 입금시켰습니다....",https://blog.naver.com/sychoi_seoulgas/223620028343,플레이스 성장 연구소 by 이진영,20241015,0,4,0,0,4,False
부업 월 300만원 인증,기타,알통에 대해! 이 보다 더 좋은 재택부업은 없다.,"월300만원까지 수익이 가능하다고 해서 한번 해보자는 생각으로 회원가입을 했습니다. 회원가입 절차는 매우 간단했는데, 휴대폰으로 인증문자를 받아 입력하고 닉네임가 비밀번호만 설정하면 됩니다. 알통은...",https://blog.naver.com/goodpeople74/223723224129,누즐(Nuzzle),20250112,0,6,0,0,6,False
부업 월 300만원 인증,기타,"2026 종합소득세 신고 기간, 세이브택스 활용 5월 종소세...",마쳤더라도 부업이나 프리랜서 소득이 있으시다면 반드시 종합소득세 신고를 하셔야 합니다! 놓치면 가산세 폭탄 2026 종합소득세 신고 기간 2026 종합소득세 기간은 2026년 5월 1일(금)부터 6월 1일(월)...,https://blog.naver.com/92happywoo/224274843656,꿈꾸는에릭의 경제스터디,20260504,0,2,0,0,2,False
부업 월 300만원 인증,기타,"온라인 부업, 그럴듯한 거짓말",세상 어느 곳에 한 시간 일하고 한 달 월급(200~300만 원)을 벌 수 있는 일이 있단 말인가. AI가 핫하니 AI까지 붙여가면서... 100% 사기라고 확신한다. 현실적인 숫자를 보자 부업을 찾는 이유는 누구나 비슷하겠지....,https://blog.naver.com/ssosso99/223820828070,"감각적 디자인, 이성적 균형, 리듬있는 삶",20250403,0,2,0,0,2,False
부업 월 300만원 인증,기타,"로또 창업 기준 비용, 신청 방법 (월수익 포함)","특히 최근엔 부업 형태로 병행하는 분들도 늘고 있어요. 하지만 단순히 로또방 하나 차리면 수익이... 150~300만 원 총 투자비용은 약 1,100만~1,500만 원이 현실적인 기준이에요. 여기에 점포 임대보증금이 별도로...",https://blog.naver.com/nhy3511/224126877727,꽃줌마 일상기,20251230,0,6,0,0,6,False
부업 월 300만원 인증,스마트스토어,직장인 육아휴직자 부업 스마트스토어 24년 6월 매출정산...,저는 참고로 직장을 다니다가 부업으로 스마트스토어를 하다가 현재 육아휴직중입니다.... 예상 순수익: 280~300만원 예상 24년 6월 법인 2번몰_테스트몰 법인 2번 몰은 제가 이것 저것 테스트하는...,https://blog.naver.com/free230120/223534372549,장프리 현실창업노트,20240802,0,8,0,0,8,False
부업 월 300만원 인증,기타,"멘토 연우 부업 3일 +900만원, 주급으로 3000만원?! 후기","온라인 부업은 스마트폰으로도 충분히 할 수 있는 일이었기에 아르바이트로 시간을 많이 뺏기지 않으면서도 남는 시간에 하루 300만원의 수익, 만들 수 있으셨죠 :) 저 연우와 함께 하시는 모든 분들은 단 한 번의...",https://blog.naver.com/yololife_12/223961199779,한달에 억 버는 연우의 부업스토리♥,20250806,0,4,0,0,4,False
부업 월 300만원 인증,기타,부업 사기 절대 안 당하는 법! 이것만 알면 안전합니다,"합법적인 부업은 일을 시작하기 전에 돈을 요구하지 않습니다. 오히려 일을 하고 그에 대한 대가를 받는 것이 정상이에요. 3. 개인 정보 요구에는 신중 또 신중! 휴대폰 인증은 물론, 신분증 사본, 계좌 비밀번호...",https://blog.naver.com/dreamchepd/224074043806,비즈돋보기,20251112,0,2,0,0,2,False
부업 월 300만원 인증,기타,starlao.com 사기 영상 시청 부업 아닌 피해금 갈취 사기...,"“계좌 인증 오류”, “보안 강화를 위한 추가 입금” 등 다양한 이유로 출금을 지연시키고 결국에는 모든 소통이 끊깁니다. ■ 영상 시청 부업? 실제로는 투자 유도 수단 starlao.com에 접속하게 되는...",https://blog.naver.com/misskwang/223968281073,"미친매니아들의 세상, 미친 밝은 세상",20250812,0,4,0,0,4,False
부업 월 300만원 인증,기타,(2025년 귀속) 5월 종합소득세 신고기간! 나도 신고 대상일까?,투잡·부업으로 사업소득(3.3% 원천징수 포함)이 발생한 경우 2개 이상의 회사에서 근로소득이... 연 300만 원을 초과한 경우 (필요경비 차감 후 소득금액 기준) 근로소득만 있고 연말정산을 완료한 직장인...,https://blog.naver.com/bizforms_official/224260186411,비즈폼 공식 블로그,20260421,0,4,0,0,4,False
부업 월 300만원 인증,배달,부업·프리랜서·자영업자라면 꼭 알아야 할 2025 종소세 핵심...,"온라인 부업 수익 발생 ✔️ 배달·과외 등 플랫폼 노동 경험 ✔️ 이자·배당 수익이 연간 2,000만 원 초과 ✔️ 강연료, 원고료 등 기타소득이 300만 원 초과  단, 직장인으로 연말정산을 완료했고 추가 소득이...",https://blog.naver.com/threeday2010/223879243525,무엇이든 궁금할때 ask ♥,20250527,0,6,0,0,6,False
부업 월 300만원 인증,콘텐츠,"인스타부업사기 돈 준다는 영상, 믿지 마세요!","인스타부업사기 돈 준다는 영상, 믿지 마세요! 단 5분 투자로 월 수익 300만원 가능 영상 시청만으로... 수수료, 인증비, 충전금 등을 이유로 점차 많은 금액 요구 단체 채팅방을 만들어 '팀 미션' 분위기로 조급함...",https://blog.naver.com/suckle5624/223902166949,동영상만 보면 돈을 준다? 무조건 사기입니다.,20250617,0,6,0,0,6,False
부업 월 300만원 인증,블로그,재택 부업 에이전트 사이트 소개 합니다.!!,고성과자는 월 평균 300만원 수익이난다고 해요 6. 신청 캠페인 별 활동 가이드 자료 전달~~ 여기서... 고수익인증을 하는 그날이 오기를 ~~ 온라인 블로그 부업에 관심이 많으시다면 에이전트 가입해보세요...,https://blog.naver.com/nayune88/223717453491,재원♥나윤 그리고 탱구와 우유,20250107,0,8,0,0,8,False
부업 월 300만원 인증,기타,"재택부업, 직장인 알바 2일차",재택부업 #에이전트 여러분 안녕하세요!! 오늘이 제가 3일차인데요 신규활동자 선물을 2일차 인증후... 고성과자는 월 평균 300만원 수익을 벌수있다고 해요 처음이라 어려울거라고 생각되시나요? 걱정은 No!...,https://blog.naver.com/shwnsgh96/223574371081,꺄륵,20240906,0,6,0,0,6,False
부업 월 300만원 인증,블로그,인하의 기회! 이자 1년에 300만 원 아끼는 '대환대출' 필살기,이자 1년에 300만 원 아끼는 '대환대출' 필살기 고금리 시대가 저물고 금리 인하 기조가 시작된 2026년... 직장인부업 #무자본창업 #부자되는습관 #돼지고양이의서재 #대박블로그 #대출이자계산법...,https://blog.naver.com/fatcatlibrary/224152372782,돼지고양이의 서재,20260119,0,4,0,0,4,False
부업 월 300만원 인증,블로그,"네이버 애드포스트 수익 1,600만원 인증과 홈피드전자책 출시","2023년 7월, 월 수익 고작 436원이었던 제 블로그를 1년 9개월 만에 무려 월 1,600만 원의 애드포스트... 하나로 300만원 애드포스트 달성하는 법 초보자도 따라 할 수 있는 구성 직장인이면서도 부업으로 1,600만...",https://blog.naver.com/ccth0217/223908133887,청무피사와 부동산 공부,20250623,0,6,0,0,6,False
부업 월 300만원 인증,기타,국민내일배움카드 23년 종료 교육은? (+데이터라벨링),꿈을 실현하기 위해서 부업이나 아르바이트를 알아보려 해도 전문적인 일이라면 일정 수준의 교육이... 기본 300만원에서 최대 500만원까지 지원 범위 내에서 훈련비의 45~85%까지 국비로 지원하는 제도로...,https://blog.naver.com/chjc9/223208611881,영어이야기,20230912,0,2,0,0,2,False
부업 월 300만원 인증,기타,그래서 뉴카인드 얼마나 벌어요?우리가 증명 해보이는 부가수익,60일간 최고 200만원 달성할 때 300만원의 보너스를 더 얹어주는 뉴카인드의 크레이지이벤트! 이... 물으신다면 또또야 제가 매일 인증/증명해드리고 있어요! 저는 5월 24일이면 딱 두 달 즉 60일이 되는데요. 오늘...,https://blog.naver.com/ipni30/224276801011,일하는 즐거움 더하기+,20260506,0,2,0,0,2,False
부업 월 300만원 인증,기타,재택부업 에이전트 사이트 추천!,고성과자 월 평균 300만원 수익을 얻고있다고 합니다 그렇담 저두 남은 시간에 열심히 활동을 해야겠지요? 다음 포스팅엔 제가 꼭 열심히해서 자랑스럽게 수익인증도 하겠습니다! 저도 처음 시작할때...,https://blog.naver.com/gdmswlg123/223636550696,어쨌거나저쨌거나,20241028,0,6,0,2,4,False
부업 월 300만원 인증,블로그,시간과 공간 구애받지 않는 재택부업 투잡추천,오늘은 누구나 할 수 있는 쉬운 블로그부업으로 월급 이외에 추가 소득을 얻을 수 있는 방법을... 고성과자 월 평균 300만원 수익 이것들에 솔깃했어요. 하지만! 요즘 어떤 세상인데 끌리는 내용들에...,https://blog.naver.com/peaches325/223660313920,피곤하당 | 뉴스만 보면 피곤해지는 사람을 위한 정당,20241114,0,10,0,2,8,False
부업 월 300만원 인증,기타,"2026년 종합 소득세 대상, 기한, 신청방법 싹 정리",분 ☑ 부업·N잡으로 추가 소득 있는 직장인 ☑ 강연료·원고료 등 기타소득 연 300만 원 이상인 분... 생각보다 훨씬 쉬워요  ⭐ 홈택스 종합소득세 신고 5단계 ① hometax.go.kr 접속 → 로그인 공동인증서 또는...,https://blog.naver.com/hari700/224271053048,"성장 마인드셋(성장하는 삶,재테크,파이프라인 찾기",20260501,0,4,0,0,4,False
부업 월 300만원 인증,블로그,"블로그 부업, 재택 알바 에이전트 추천",월 평균 300만원 수익이라고 합니다 저도 열심히해서 다음에는 수익인증 포스팅 꼭 하고싶네요!! 초기 투자 비용 없이 활동 가능하고 10년째 운영중인 신뢰할 수 있는 브랜드입니다 온라인 블로그 부업에...,https://blog.naver.com/qksxoxo/223530438702,태양이네,20240730,0,10,0,2,8,False
부업 월 300만원 인증,기타,제로스토어 창업 24시간 운영 가능한 무인 시스템 매출은???,"매장에는 키오스크, CCTV, 출입 인증 시스템 등이 설치되어 고객이 직접 상품을 선택하고 결제할 수... CCTV : 300만원 집기배치 및 디자인물 : 180만원 계약보증금 : 200만원 총 비용 : 4500~5500만원 자세한 창업비용과...",https://blog.naver.com/naeilsajang/224209989569,내일사장,20260309,0,2,0,0,2,False
부업 월 300만원 인증,블로그,"자투리 시간으로 하는 재택알바, 블로그 부업 에이전트","부업 에이전트는 현재 10년 째 운영 중이며, 개인별 월 평균 90만원 수익 고성과자는 월 평균 300만원... ㅎ 지금 온라인 부업 에이전트에서 활동하고 인증을 남기면 1회 활동에는 CU 상품권을, 7회 활동에는...",https://blog.naver.com/dy970923/223503785645,INNER PEACE,20240707,0,8,0,0,8,False
부업 월 300만원 인증,스마트스토어,퇴근 후 월급 두 배? 2025 부업 완벽 가이드,"프리랜서 월 100~300만원 상 ★★★☆☆  ""부업으로 인생 역전하고 싶다면?"" 지금 바로 당신에게 맞는 부업을 찾아보세요! ️ 온라인 판매 부업 완벽 가이드 온라인 판매는 2025년 가장 인기 있는 부업 중...",https://blog.naver.com/sunky68/224104234424,리시안님의 따뜻함이 묻어나는 공간,20251220,0,4,0,0,4,False
부업 월 300만원 인증,스마트스토어,직장인 부업 으로 온라인... 정산 입금문자 인증(有) 동기부여,"© freestocks, 출처 Unsplash 사실 제가 가장 궁금했던 것은 ""진짜 직장인 쇼핑몰 부업으로 월 고정 수익을... 결론적으로 말씀드리면 저는 현재 온라인 쇼핑몰을 통해 월 100~300만원 수준의 수익을 고정적으로 얻게...",https://blog.naver.com/shin6577/222268759873,와이소라,20210308,0,6,0,2,4,False
부업 월 300만원 인증,블로그,"재택 부업 추천, 에이전트 / 블로그 돈벌기 / 블로그부업",오늘은 제가 하고있는 재택 부업 에이전트를 소개하는 것으로 블로그 첫 글을 작성해보려 해요... 고성과자 월 평균 300만원 수익 4) 1:1 매니저 코칭으로 초보자도 쉽게 활동 가능 5) 신청 캠페인 별 활동...,https://blog.naver.com/junebloom/223717958437,clawedsoft,20250107,0,8,0,2,6,False
부업 월 300만원 인증,기타,열번째 - 대량등록하기 (캐시데이터) _ 40일간의 매출인증,수업에서 각 계정마다 300만원 정도의 매출이 발생한다고 했으니 딱 정석대로 매출이 나온 느낌! (좀더... - 부업이라면 더더욱 계정 채우는것에 온힘과 열정을 다해야지만 가능하다. 2. 대량으로 올릴 수 있는...,https://blog.naver.com/littlepeople-/223093618394,Little People's Review,20230504,0,4,0,0,4,False
부업 월 300만원 인증,기타,2026 종합소득세 신고 필수서류 총정리|프리랜서·사업자...,"부업·투잡으로 추가 수입이 생긴 분, 주택 임대소득이 있는 분, 이자·배당 등 금융소득이 연 2,000만 원을 넘는 분이요. 반대로 근로소득만 있는 연말정산 완료자, 비과세 소득만 있는 경우, 연 300만 원 이하...",https://blog.naver.com/okithekey/224275847366,건강한 부자,20260505,0,4,0,0,4,False
부업 월 300만원 인증,스마트스토어,SkyWhale 사기 사칭 쇼핑몰 팀미션 부업사기 피해 회복은,"팀미션 부업에 참여해 5만 원 체험비 내고 사진 인증했어요. 첫 리워드로 7만 원을 받았지만, 이후... “팀 목표 달성 시 보너스”라며 운영비 300만 원, 재고비 1,300만 원 요구받고 총 1,600만 원 송금했지만...",https://blog.naver.com/klmzoo1774/223934214502,금융사기사례공유,20250715,0,4,0,0,4,False
부업 월 300만원 인증,블로그,부업! 에이전트 블로그 재택알바 소개,"요즘 직장인 부업... 온라인 부업... 블로그 부업... 이것저것 알아보다가, 찾게 된! 재택알바 부업을 한... 무려 월 평균 300만원 수익이 난다고 하더라고요?! 저도 이만한 수익을 낼 수 있도록 한 번 열심히...",https://blog.naver.com/chime1203/223517279981,할 수 있다,20240718,0,8,0,0,8,False
부업 월 300만원 인증,블로그,재택알바 온라인 블로그 초기비용없는 부업 에이전트,고성과자 월 평균 300만원 수익 ❗️ ❗️ 1:1 매니저 코칭으로 초보자도 쉽게 ❗️ ❗️ 신청 캠페인 별... 수익인증으로 보여드릴게용!! 온라인 블로그 또는 부업에 관심있는 분들은 에이전트에 가입 해...,https://blog.naver.com/vip3021/223527455201,vip3021님의블로그,20240727,0,10,0,0,10,False
부업 월 300만원 인증,기타,재택부업으로 고소득!!!,수익인증 포스팅도 해볼게요✌ ⭐️이런 분들 추천 드려요⭐️ 1.저처럼 월 급여로는 생활이 어렵다! 2.부수입으로 용돈벌이 아니! 그 이상 더 많은 수익을 얻고 싶다! 3.재택 부업 해본적 없는데 어떻게...,https://blog.naver.com/jin-jin1004/223723618936,YENY's choice,20250112,0,8,0,2,6,False
부업 월 300만원 인증,블로그,재택부업 재택알바 에이전트 후기,"재택알바 / 재택부업 / 온라인부업 / 블로그부업 1. 10년째 운영 중인 신뢰할 수 있는 브랜드 2. 활동 에이전트 1400명 3. 누적 수익 지급 5억, 개인 별 월 평균 90만원 수익 4. 고성과자 월 평균 300만원 수익 5. 1...",https://blog.naver.com/greysuga/223574366721,NANA,20240906,0,8,0,0,8,False
부업 월 300만원 인증,기타,"산모신생아건강관리사 자격증 취득 방법, 교육, 비용, 시험...","2026년을 앞두고 재취업, 부업, 돌봄 전문직을 고민하는 분들이라면 꼭 눈여겨볼 자격증입니다. 1.... 원 월 200만~300만 원 수준(근무일수,지역별 차이) 6. 이런 분들께 추천합니다 ㅇ육아,돌봄 경험을 살려...",https://blog.naver.com/3700love/224164561526,넘버1 ON/OFF 인기유망 자격증취득 취업 전문교육기관,20260129,0,2,3,2,3,False
부업 월 300만원 인증,기타,부업 찾는다면? 200만 원 할인 중인 '로봇 솜사탕 자판기' 부업...,"KC 인증을 받은 합법적인 기기로 안정성 & 내구성 모두 검증 완료! ③ 최대 95% 고마진 구조 원가 약 250원 평균 판매가 5,000원 마진률 최대 90~95%  월 평균 순수익 100~150만 원,  상위 점주는 200~300만 원까지  수익...",https://blog.naver.com/luther258/223850967787,창업아이템을 소개해드립니다,20250430,0,4,0,0,4,False
부업 월 300만원 인증,블로그,평범한 삶을 위해 부업하는 이유! 올디프로젝트 온라인부업,"여러군데 부업을 알아본 결과 대부분은 교육비로 300만원 가까이 되더라구요 그리고 블로그 포스팅... 영수증 인증 및 리뷰해보고싶은 분, 블로그 글써서 수익화 내고 싶으신분등 이모든 것을 하는데 가입비나...",https://blog.naver.com/yhbestyou/223571116344,주힝,20240903,0,6,0,0,6,False
부업 월 300만원 인증,기타,코딩 몰라도 앱 만들어서 월 500만원? 2026년 조용히...,"Business $50/월 (약 66,000원) SSO, 팀 기능 20인 이하 팀 학생 $12.5/월 (50% 할인) 100 크레딧/월 학생 인증... 2개: 월 300만원+ 클라이언트 포털 제작 대행: 건당 50-200만원 Lovable의 장점: 제작 시간이 짧아서 더...",https://blog.naver.com/holyyomi/224190647473,Next by Yomi,20260222,0,0,6,0,6,False
부업 월 300만원 인증,기타,TinyURL 사기 영상 시청 후 추가 결제로 연결된 팀미션형 부업...,"“계정검증비 300만원”, “보증금 500만원”, “세금 선납 200만원” 등의 명목으로 추가 송금 요구... 가상 부업 플랫폼 접속 인증을 유도하며, 영상 미션을 통해 참여자들이 실제로 ‘돈이 나오는 것처럼...",https://blog.naver.com/toluene1100/224057423804,사기피해회복상담소,20251029,0,2,0,0,2,False
부업 월 300만원 인증,기타,[직장인 부업] 구매대행? 시작전에 먼저 구매대행이 뭔지...,하지만 난 부업으로 소소하게 재미보고 싶으니까>_300만원 사이로 벌면서 퇴근... 로그인과 인증절차는 필수~ 로그인 후 증명*등록*신청 탭에서 왼쪽 5번째 사업자등록 신청/정정/휴폐업...,https://blog.naver.com/genius7553/224037107461,LUCKY⭐️,20251010,0,2,0,0,2,False
부업 월 300만원 인증,기타,생초보 이베이 하루만에 끝장내기 _ ebay 셀링의 모든 것...,"생초보 이베이 하루만에 끝장내기 / 금교성 / 라온북 온라인 셀링, 특히 글로벌 셀링은 부업의 영역을... 신용카드 한도는 300만 원도 안 되었지만, 3,000만 원이 넘는 매출을 올릴 수 있었다고 합니다. 이베이의...",https://blog.naver.com/indiecat/223896171523,인디캣책곳간,20250611,0,4,0,0,4,False
부업 월 300만원 인증,기타,부업을 찾고 있다면 에이전트와 함께!,"에이전트 부업의 장점  10년째 운영 중인 신뢰할 수 있는 브랜드  활동 에이전트 1,400명  누적 수익 지급 5억, 개인별 월평균 90만 원 수익  고성과자 월평균 300만 원 수익  1:1 매니저 코칭으로 초보자도...",https://blog.naver.com/gyeh0121/223768048950,아이지,20250221,0,4,0,0,4,False
부업 월 300만원 인증,블로그,연말정산 끝났는데 또? 직장인 종합소득세 대상자 자가진단...,"예를 들어 강연료로 750만원을 받았다면, 필요경비 60% 빼고 남는 기타소득금액은 300만원이에요. 딱 경계선이라 종합과세 대상이 됩니다 (출처: 국세청 종합소득세 안내). 커뮤니티 보면 ""월 10만원짜리 블로그...",https://blog.naver.com/skdmlqkd_88/224285004942,미니미,20260514,0,2,0,0,2,False
부업 월 300만원 인증,강의,"알바비+임대료+배당금… 복잡한 내 수입, 국민연금 안 깎이는...","⚠️ 소득이 끊기면 즉시 신고하세요 여러 부업 중 하나를 그만두어 총소득이 줄어들었다면, 증빙서류... 제가 직장 월급(공제 후) 300만 원, 강의료 100만 원, 주식 배당금 200만 원을 받아요. 그럼 총 600만...",https://blog.naver.com/life_5050/224289357237,은퇴 후 더 단단한 부자 되기,20260519,0,4,0,0,4,False
부업 월 300만원 인증,스마트스토어,월급만으로 부족하다면?누구나 시작 가능한 이커머스 부업...,예시 부업 형태 월 예상 수익 특징 스마트스토어 위탁판매 20만~200만 원 상품 수/리뷰 수에 따라 천차만별 쿠팡파트너스 5만~30만 원 글쓰기/SNS 활용 역량에 비례 해외 구매대행 30만~300만 원 소싱력과 물류...,https://blog.naver.com/hbs2002i/223868915180,데이터공장장,20250517,0,10,0,0,10,False
부업 월 300만원 인증,기타,2026 육아휴직 급여 신청방법 및 인상된 상한액(월 250만원)! 6...,각각 월 300만 원 (부부 합산 600만 원) ... 6개월 차: 각각 월 450만 원 (부부 합산 900만 원) [결과]... 로그인: [고용24] 앱 또는 PC 접속 (간편인증). 2. 메뉴 진입: [출산휴가/육아휴직] -->[육아휴직 급여 신청]...,https://blog.naver.com/psdsea/224169253073,정말 돈 되는 비밀 서재,20260203,0,0,3,0,3,False
부업 월 300만원 인증,기타,크라우드웍스 직장인 부업으로 국민내일배움카드 사용처 되다!,"직장인 부업 알아보시는 분들에게는 희소식이네요. 또 이수 완료 시 고용노동부 인증 수료증이... 자영업자, 월 입금 300만 원 이상 대기업 근로자, 특수 형태 근로 종사자 등은 제외된다고 해요. 휴대폰으로도...",https://blog.naver.com/cha_23/222476300420,유튜버 차수리미 V-Blog @패션 @뷰티 @육아,20210819,0,2,0,0,2,False
부업 월 300만원 인증,기타,2026년 5월 종합소득세 총정리 — 대상·세율·신청방법...,"직장인도 부업이 있으면 해당될 수 있고, 프리랜서·자영업자는 무조건 챙겨야 해요. 2026년 5월... 연 300만 원 초과, 금융소득(이자+배당) 합계가 연 2,000만 원 초과, 주택 임대소득, 직장을 두 곳 이상...",https://blog.naver.com/lhh821004/224268377060,그냥 행복,20260428,0,2,0,0,2,False
부업 월 300만원 인증,스마트스토어,2026 종합소득세 신고 기간 방법 총정리,"기타소득 300만 원 초과 원고료, 강연료, 상금 등 2곳 이상 근무한 직장인 연말정산 합산 누락 시 근로소득 외 부업 수입 있는 직장인 쇼핑몰, 임대소득, 스마트스토어 등 위에 해당되는데 신고 안 할 시...",https://blog.naver.com/zzery_/224275442012,결혼 준비하는 쩨리네,20260505,0,6,0,0,6,False
부업 월 300만원 인증,기타,"직장인 투잡 수익 / 홈택스 종합소득세 신고, 혼자서 가능할까",저처럼 직장인으로 부업이나 투잡을 하여 부수입이 있거나 2000만원 이상 이자나 배당금의 소득이... 연300만원 이하인 기타소득이 있는 자로서 분리과세를 원하는 경우 등이 있습니다. 홈택스 종합소득세 신고...,https://blog.naver.com/dreaming_keybe/224274275873,❤️키베의 리뷰세상❤️,20260504,0,8,0,0,8,False
부업 월 300만원 인증,유튜브,(아임플래너) 온라인 부업으로 3000만원을 벌고 깨달은 진짜...,여러 부업을 시도하며 겪은 어려움과 후회를 공유함 유튜브에서 월 1천만 원 벌었다고 인증한... 수입이 300만 원에 이르렀음 상품 판매를 통해 매출을 달성하는 경험을 했음 2-2. 블로그와 수입 증대 전략...,https://blog.naver.com/msj0629/223998609064,뷰티풀 라이프,20250908,0,8,0,0,8,False
부업 월 300만원 인증,기타,"크라우드웍스로 데이터라벨링 수익창출, 직장인 부업으로 나도...","필자도 N잡러 또는 직장인 부업 키워드를 매일 서칭하다가 크라우드웍스를 알게 되었는데요.... 자영업자, 월 임금 300만 원 이상의 대기업 근로자 및 특수 형태 근로 종사자 등 제외 대상이 있다는 점 참고...",https://blog.naver.com/heading100/222476331901,필이의 IT 이야기,20210820,0,6,0,0,6,False
부업 월 300만원 인증,기타,루시쥬얼리 사기 사칭 댓글알바 팀미션 부업사기 피해금...,"루시쥬얼리 사기 사칭 댓글알바 팀미션 부업사기 피해금 회복절차는 발단 “댓글만 달면 월 50만 원은... 이후 “홍보비 300만 원, 관리비 200만 원”을 이유로 추가 금액이 요구돼, 결국 총 1,000만 원을...",https://blog.naver.com/simoom6241/223920144539,금융사기사례,20250703,0,2,0,0,2,False
부업 월 300만원 인증,스마트스토어,AI 클라우드에게 실제 돈벌수있는 부업을 프롬프트로...,유투브 부업 다 따라해봣으나 시간낭비고 허탈 햇어요 클라우드님 실제 얼마라도 좋으니 따라하면... 스마트스토어 판매 플랫폼: 네이버 스마트스토어 수익: 월 50~300만원 실제 방법: 도매꾹...,https://blog.naver.com/mekab7/224027932128,NcNc 365 (십자가 없이 면류관 없다),20251001,0,6,0,0,6,False
부업 월 300만원 인증,블로그,2026년 종합소득세 신고 완벽 가이드 - 직장인·부업러 놓치면...,"부업 수입이 있다면 직장인도 신고 대상입니다. 블로그 수익, 쿠팡파트너스, 프리랜서 알바... 공제 항목 한도 적용 조건 연금저축 연 600만원 납입액의 13.2~16.5% 세액공제 IRP 연 300만원 추가 연금저축과...",https://blog.naver.com/songsoo__/224285077736,알기쉬운 돈 이야기,20260514,0,8,0,0,8,False
부업 월 300만원 인증,스마트스토어,직장인 육아휴직 부업 스마트스토어 24년 5월 매출정산 현실...,예상 순수익 300만원~350만원 해당몰은 경쟁이 치열한 상품들이 많아 마진이 그렇게 높지 않습니다.... 직장인 스마트스토어 위탁판매 창업 월매출 1억 인증 확인 시켜드립니다. 2.직장인 월세보다...,https://blog.naver.com/free230120/223526335486,장프리 현실창업노트,20240726,0,8,0,0,8,False
부업 월 300만원 인증,기타,오로지라이브 사기 사칭 부업사기 피해복구 방법은,"이후 출금을 요청하자 “서버 점검”이라며 300만 원 추가 인증비를 요구하더니, 결국 연락이 두절되었어요. 총 1,800만 원의 피해를 본 전형적인 부업사기 사례예요. 4. 피해 대응절차 단계 조치 방법 1단계 채팅...",https://blog.naver.com/chore4344/223938532401,사기사칭감별사,20250718,0,2,0,0,2,False
부업 월 300만원 인증,기타,직장인을 위한 종합소득세 체크리스트,"일반 직장인의 경우 연말정산으로 세금 정산이 마무리되는 경우가 많지만, 부업이나 금융소득처럼... 강연료, 원고료 등 기타소득이 연 300만 원을 초과한 경우 관심 분야였던 ‘재테크’를 주제로 특강을 3회...",https://blog.naver.com/cardifkorea/223875569628,BNP파리바 카디프생명,20250523,0,2,0,0,2,False
부업 월 300만원 인증,블로그,"직장인도 종합소득세 신고해야 할까? | 모르면 손해, 2026 대상...","연 300만원 초과 ✅ 신고 대상 근로소득만 있고 연말정산 완료 ❌ 신고 불필요 블로그 하면서... 공동인증서로 로그인 국세청이 미리 채워놓은 내용 확인 맞으면 바로 제출 단, 부업 소득이 있다면 모두채움...",https://blog.naver.com/tempo7743/224285814423,틈새생활,20260515,0,4,0,0,4,False
부업 월 300만원 인증,블로그,재택알바 블로그 부업 에이전트,수익인증 포스팅도 해볼게요! 온라인 블로그 부업에 관심이 많으시다면 에이전트 가입 해보세요... 고성과자 월 평균 300만원 수익 5. 1:1 매니저 코칭으로 초보자도 쉽게 활동 가능 6. 신청 캠페인 별 활동...,https://blog.naver.com/sssim_175/223637247707,DAIlY,20241028,0,8,0,0,8,False
부업 월 300만원 인증,기타,"짠테크, 부업, 자본소득으로 월 1,000만 원을 버는 실전 가이드...","절약을 통한 저축, 부업을 통한 추가 소득 그리고 이 두 가지로 자본 소득을 창출하는 과정을 통해... 많은 퇴직자가 비자발적으로 직장을 그만두며, 퇴직 후에도 최소 월 200~300만 원의 생활비가 필요함. 20년...",https://blog.naver.com/primedesign1/223790762936,하이퍼웍스,20250310,0,2,0,0,2,False
부업 월 300만원 인증,기타,주부 부업 뉴카인드 +600 여러분 왜 안하세요?,제가 부업을 하면서 부업실패를 겪으면서 제가 느낀게 뭔줄아세요? 한번 무너져본 사람이 더크게... 중에도 +300 만원 또 벌었어요✌️ 제가 2일만에 600만원을 벌수 있었던 이유는 제가 다른사람과 유난히...,https://blog.naver.com/min322__/223725431375,당신의 월 수익 바꿔줄 사람,20250114,0,2,0,0,2,False
N잡 월 500만원,기타,직장인 N잡 필수템 주말 4시간 투자로 연봉 500만 원 올리는...,직장인 N잡 시장의 변화와 기술 기반 부업이 주목받는 이유 2. 주말 시간을 활용해 고수익을 창출하는... 4시간씩 월 4회만 활동해도 연간 500만 원 이상의 실질적인 추가 소득 창출이 가능합니다 내일배움카드를...,https://blog.naver.com/feia1230/224169865191,혀니패밀리,20260203,0,8,0,0,8,False
N잡 월 500만원,블로그,블로그로 500만원 벌면 세금 얼마? 직장인 N잡 종합소득세 2026,"아래는 2025년 귀속 기준 N잡·부업 종합소득세 정리다. 신고기간, 소득 분류, 업종코드 940306, 경비율... 직장인 연봉 4,000만원 + 블로그 애드포스트 500만원 블로그 수익은 계속반복성이 있으므로...",https://blog.naver.com/lottolove5131/224252814317,혼자하는 이야기,20260415,0,8,0,0,8,False
N잡 월 500만원,기타,"후 1시간, 3개월 뒤 월수익 100만원, 인생 바꾼 n잡 부업 7가지","n잡, 이제는 선택이 아니라 생존입니다. 하지만 현실은 생각처럼 쉽지 않습니다. 뭐부터 시작해야... 수익 】 월 50만원 ~ 500만원 (인기 클래스는 정기 수익) 【 팁 】 ""한 번 만들면 자동 수익"" 한 번만 열심히...",https://blog.naver.com/console74/223871552917,욕심이 작아질수록 행복은 커진다,20250520,0,4,0,0,4,False
N잡 월 500만원,기타,ㅣ부동산 경매 공매로 시작하는 직장인 N잡 첫걸음  에릭(윤보운),특별한 체험과 프로그램을 제공하려는 운영자에게 추천 월 500만 원 따박따박 받는 공간대여 재테크 저자 김선달 출판 매일경제신문사 발매 2025.02.05. 책 제목: 부동산 경매 공매로 시작하는 직장인 N잡...,https://blog.naver.com/7amorning/223849287081,Life goes on,20250428,0,2,3,2,3,False
N잡 월 500만원,기타,월 50만원 이상 버는 '최소 노력 최대 수익' N잡 BEST 5,하지만 잠잘 시간도 부족한데 어떻게 N잡을 시작할 수 있을까요? 걱정 마세요! 오늘은 최소한의... 예상 수익: 월 50만원 ~ 500만원 이상 (상품 선정 및 마케팅 능력에 따라 크게 달라짐) 4. 전자책 또는 디지털...,https://blog.naver.com/nodongja80/224089716631,훈픽의 쇼핑 연구소 (HoonPick Lab),20251127,0,4,0,0,4,False
N잡 월 500만원,유튜브,"[2026 N잡] 월급쟁이 형님들, 퇴근하고 '이것' 안 하면 평생...","""유튜브 시청만 해도 월 300?"" → 세상에 그런 꿀통은 없습니다. 있으면 지 혼자 하지 왜 형님한테 알려주겠습니까? 3. ""초기 비용 500만 원 내면 평생 수익 보장"" → 다 단계거나 폰지 사기일 확률 99.9%입니다....",https://blog.naver.com/gabc1000/224174735133,나는 경제적 자유인이다.,20260207,0,6,0,0,6,False
N잡 월 500만원,기타,N잡 추천 직업 보험설계사 취업정보,"N잡 추천 직업 보험설계사 취업정보  N잡으로 보험을 고려하는 이유 N잡을 찾는 분들이 공통적으로... 인카금융서비스 아너사업단에서는 3개월 안에 월 500만원 달성, 꾸준한 활동으로 월 1000만원 돌파, 사례가...",https://blog.naver.com/insurance_infor/224075579294,InsuInfo,20251114,0,2,3,2,3,False
N잡 월 500만원,콘텐츠,네프콘 네이버프리미엄콘텐츠 N잡아카데미 시작!,N잡아카데미! 기대되기도 하고 부담감도 있지만! 그래도 저의 주전공인 온라인셀러에대해서 이야기 할 예정이니 많이 기대해주세요 :-) 네이버프리미엄콘텐츠 온라인셀러 인트로 내용은! 월순익 500만원...,https://blog.naver.com/yunsukyy/223960378385,Read Write Act,20250806,0,4,0,0,4,False
N잡 월 500만원,기타,초보도 가능한 N잡 10가지 (수익화 방법 + 현실 수익 + 사이트...,그래서 많은 분들이 N잡(부업)에 관심을 가지기 시작했는데요. 오늘은 초보자도 바로 시작 가능한 N잡... 수익 월 0 ~ 500만원 이상 ✔ 시작 플랫폼 크몽 탈잉 브런치스토리  특징: 한 번 만들면 반복 수익 가능...,https://blog.naver.com/gpwl7755/224247976501,돈공부와 자기계발을 좋아하는 송점장,20260410,0,6,0,0,6,False
N잡 월 500만원,블로그,N잡으로 월천만원 소득 버는 사람들의 공통점,"어쨌거나, 꾸준한 실행만이 정답. To be continued... by. N잡러 앤잡 다온 다온 스토리 월 1000만원 수입 달성, 돈되는 글쓰기, 네이버 블로그 크몽 수익 1개월 차, 500만원 달성 (feat. 전자책 판매, 지식창업)",https://blog.naver.com/njobpro/223217105479,"경제지식 1g, 메이커 다온",20230920,0,6,0,0,6,False
N잡 월 500만원,기타,"N잡으로 번 돈, 이렇게 써야 진짜 돈이 됩니다","500만 원이 안 되는데?"" 고민되면 댓글로 상황 간단히 적어주세요. 비슷한 케이스 기준으로 같이 고민해 보면 도움 될 것 같아요. 자주 묻는 질문(FAQ) Q1. N잡 수익이 많지 않은데 3기둥의 의미가 있나요? 월...",https://blog.naver.com/onestepsteady/224218880810,becky&O,20260317,0,4,0,2,2,False
N잡 월 500만원,기타,전문성 걱정된다는 N잡 설계사 왜? 보험 부업 가능할까?,"※ 부업으로도 높은 수익 가능 최근 조사에 의하면 M사의 경우, N잡러 설계사들의 월평균 수입이 148만 원 정도라고 합니다. 일부 설계사는 3개월 만에 500만 원을 벌어들이기도 했고요. 보험 부업이 기존...",https://blog.naver.com/vfc0920/223799522984,인카금융서비스 인카다이렉트VFC 보험대리점,20250317,0,6,0,0,6,False
N잡 월 500만원,유튜브,"4. 직장인 N잡 현실, 89%가 이미 시작했어요","유튜브 장비에 500만 원 쓰고 구독자 100명에서 멈춘 사례 많이 봤어요. 비현실적 수익을 기대해요. ""한... 월 10만 원 목표 N잡 1개 정하기(작게 시작) 이 세 가지 정도만 해도 방향 보여요. 혹시 N잡...",https://blog.naver.com/onestepsteady/224210559373,becky&O,20260310,0,6,0,0,6,False
N잡 월 500만원,콘텐츠,직장인 N잡으로 틱톡 라이브 추천하는 이유 (퇴근 후...,다들 N잡 하나씩은 알아보시죠? 저도 직장 다니면서 할 수 있는 부업 찾다가 틱톡 라이브... 5일 = 월 300~500만원 가능 월급 외 추가 수입으로 딱 좋아요! ━━━━━━━━━━━━━━━━━━━━ 실제...,https://blog.naver.com/seosong0119/224189910305,인천서송병원 치료직원,20260220,0,4,0,2,2,False
N잡 월 500만원,기타,"아이셋 n잡 주부, 월2천 벌고 역대급 위기가 왔다.(그리고 다시...","구독,좋아요,댓글은 컴맹 n잡러에게 너무나 큰 힘이 됩니다♥ 어느 날 14살 된 반려견이 아프기... 월 500만 원, 월천만 원. 그 시절엔 남들 이야기인 줄만 알았던 월천만 원도 달성하게 되었다. 그렇게 2년 동안...",https://blog.naver.com/pearlblue8/223945477487,"일단, 해보는 엄마",20250724,0,0,3,0,3,False
N잡 월 500만원,기타,"""이러니 먹고 살기 어렵지"" 내 연봉 실수령액 월급 봤더니",내 월급이 500만원이면 4대보험이라는 이름으로 45만원을 떼이죠. 여기에 소득세를 떼는데 소득세는... 돈 더벌려면 그냥 N잡 하는게 더 빠를 것 같습니다; 연봉 8천 ~ 1억 대망의 연봉 1억은 월 641만원 정도...,https://blog.naver.com/meaning87/224280568323,은퇴연구소,20260510,0,2,0,0,2,False
N잡 월 500만원,기타,2025년 가장 핫한 N잡 부업 추천 TOP5 (초보 가능),기대 월 100~500만원 이상도 가능 (시스템 구축 후 자동화) 1-3. 해외 아마존 셀러(FBA) · 역직구 전문 N잡 K-상품 강세 + 세계 시장 공략 1) 장점 한국 상품만 잘 올려도 매출 발생 초보도 가능한 소자본 시장...,https://blog.naver.com/nbg1863/224097916985,정보와 배움,20251204,0,6,0,2,4,False
N잡 월 500만원,기타,2026년 N잡으로 보험설계사를 선택하면 벌어질 일은?,"그중에서도 수입을 늘리기 위한 N잡에 대한 관심은 해마다 커지고 있죠. 2026년에도 역시 '무엇을 해야... 예를 들어, 월 5건 계약을 유지한다면 월 300~500만 원 수익도 현실적으로 가능합니다. 물론 시작...",https://blog.naver.com/careerhyunja/224130425237,careerhyunja의 보험 톡톡 상담소,20260101,0,4,0,0,4,False
N잡 월 500만원,기타,월급만으론 부족해! 직장인 N잡 + ETF 자동 적립 황금 전략,오늘은 제가 직접 분석하고 실행 중인 2026년형 N잡 루트를 정리해 드립니다. 1️⃣ [현금 흐름]... 사업자 등록: 부업 수익이 연 500만 원을 초과하기 시작하면 절세를 위해 사업자 등록을 고려해야 합니다....,https://blog.naver.com/gpddl0219/224186308898,Money Pocket,20260217,0,6,0,0,6,False
N잡 월 500만원,기타,보험설계사 수입과 보험부업(n잡)의 가능성(30명 실제수입 공개),찾은보험부업(n잡)의 가능성 위에서 확인한대로 보험설계사 3명중 1명 이상은 실질수입이 200만원 이하입니다. 또한 5명중 1명은 실질수입이 100만원 전후에 분포합니다. 아마도 이 분들은 월500만원 이상...,https://blog.naver.com/incar1008/223737257632,모두의보험N잡 <인카파트너스>,20250124,0,2,0,0,2,False
N잡 월 500만원,기타,N잡 30대 2개로 연 1억 가능? 어학 능력이 가져온 놀라운...,"연 1억이라는 목표를 달성하기 위해서는 본업의 연봉을 5,000~7,000만 원으로 유지하면서 부업으로 월 300~500만 원의 추가 수입을 만들어야 한다는 계산이 나왔습니다. 하지만 대부분의 N잡은 초기 6개월에서 1년...",https://blog.naver.com/ella-edu/224208091369,영어 성장 가이드,20260308,0,4,0,2,2,False
N잡 월 500만원,기타,고용노동부와 함께하는 슬기로운 N잡생활,"자영업자, 월 임금 300만 원 이상인 대규모기업종사자(45세 미만) 특수형태근로종사자 등은 제외됩니다. 국민내일배움카드는 1인당 300~500만 원까지 지원 가능하며, 훈련비의 최소 45%에서 최대 85% 지원됩니다....",https://blog.naver.com/molab_suda/222743272884,고용노동부 공식 블로그,20220523,0,2,0,0,2,False
N잡 월 500만원,블로그,워킹맘이 생활비 절약하기 위해 '이것'으로 500만원 절약한...,"월급 외 수익창출 방법 찾기 열GO라는 교육 플랫폼을 통해, 다양한 N잡의 세계를 알게 되었다.... 그리고 월 최대 100만원까지 당첨 되었다. '생활비 만 원이라도 아껴보자' 라는 마음으로 시작한 블로그에서...",https://blog.naver.com/joohee1119/224283925126,N잡플래너 J – 부업·재테크로 설계하는 경제적 자유,20260513,0,6,0,0,6,False
N잡 월 500만원,기타,N잡 추천｜직장인 부업으로 인기 있는 현실적인 7가지,"요즘 ‘한 가지 일만으로는 부족하다’는 인식이 널리 퍼지며, N잡러라는 새로운 직업 형태가 일상이... 부업 소득이 연 500만 원을 초과하면 ‘사업자 등록’ 또는 ‘기타소득 신고’가 필요합니다. Q5. 퇴근...",https://blog.naver.com/thetrend2050/224062626066,thetrend2050,20251103,0,4,0,2,2,False
N잡 월 500만원,스마트스토어,N잡 시대! 100만 원으로 온라인 사업 시작하는 법,"N잡 시대, 더 이상 망설일 필요 없다! 지금부터 100만 원으로 온라인 사업 시작하는 법을 알아보자!  2.... 수익: 월 10~500만원 (운영 방법에 따라 다름)  스마트스토어 (네이버 쇼핑몰) ✔️ 무재고 시스템...",https://blog.naver.com/apple37_/223758421420,☻머니카도의 지갑 속 이야기☻,20250212,0,8,0,0,8,False
N잡 월 500만원,기타,N잡으로 돈 버는 현실적인 방법 – 부업으로 수익 창출하는 법,"N잡으로 월 얼마 정도 벌 수 있나요? 수익은 부업의 종류, 투자 시간, 개인의 전문성 등에 따라 크게 달라집니다. 초기에는 월 30-50만원 정도로 시작하는 경우가 많고, 경험이 쌓이고 포트폴리오가 탄탄해지면 월...",https://blog.naver.com/ysseoki/223781046700,YSeoki,20250302,0,8,0,0,8,False
N잡 월 500만원,스마트스토어,직장인 부업 N잡으로 쇼핑몰 가능할까? 연매출 20억 대표가...,해당 모수보다는 훨씬 큰 모수이기에 해당 진입장벽보다는 상대적으로 쉽겠지만 월 1억매출이 대략 500만원의 순수익 정도라는 것을 인지하고 계셨으면 좋겠습니다. 실제 유통 관련 종사자들이 N잡으로...,https://blog.naver.com/startupcoop/223348378078,충청청년스타트업 협동조합,20240208,0,10,0,0,10,False
N잡 월 500만원,기타,월 30만 원으로 1년 만에 500만 원 모으는 방법 7가지~~,"2시간) N잡 소규모 업무(리뷰·전단지·데이터라벨링 등) 하루 20~30분 정도만 투자해도 월 5~10만 원의 부수입은 현실적이다. 이 금액을 1년 모으면 60~120만 원이 추가로 모인다. 즉, 목표액 500만 원 달성에 큰...",https://blog.naver.com/wanru88/224077403012,울트라재테크,20251116,0,6,0,0,6,False
N잡 월 500만원,유튜브,"N잡, 월급만으론 부족해! 특징과 장점, 생활의 변화.","기회인 N잡, 한번 도전해 보는 건 어떨까요? 감사합니다! 다온 스토리 브랜드 블로그, 조회수 249회 글 하나로 660만원 입금 받은 이야기 월 1000만원 수입 달성, 돈되는 글쓰기 크몽 수익 1개월 차, 500만원 달성...",https://blog.naver.com/njobpro/223247373651,"경제지식 1g, 메이커 다온",20231026,0,6,0,0,6,False
N잡 월 500만원,기타,"[여기 창업 어때?] 직장인 투잡, N잡 가능?, 밀키트 프랜차이즈...","무인이라는데, 직장인 투잡, N잡 창업 알아볼까요? 직장인들 투잡, N잡 많이들 알아보시잖아요?... 대략 500만원정도 남는다고 예상해봅니다. 표준매출 1,695만원일 경우니 매출이 적은 매장은 500도 안...",https://blog.naver.com/dhpark1064/223209192784,블랙캔,20230912,0,6,0,4,2,False
N잡 월 500만원,블로그,N잡 블로그 수익 월 700만원 (feat. 제 꿈입니다.),"신입 블로거 N잡공키 입니다. 모두가 말하는 레드오션 블로그 부업에 저도 도전했고, 현재 진행 중입니다. 거대 블로거 형님들의 글에는 매달 700만원, 1000만원, 500만원 이렇게 부수입을 번다고 합니다. 저도...",https://blog.naver.com/formyprincess/223695382732,경제 & 제태크 공부하는 N잡러의 공주님 키우기,20241216,0,10,0,0,10,False
N잡 월 500만원,블로그,부업 종류 수입 N잡 인구 무인판매 플랫폼 노동인구 증가,"연봉1억, 월 1000만원은 가능합니다. 직장생활도 쉽지 않지만 부업도 잘 해서 돈 버는 것은 쉽지 않더라구요. 저도 블로그 수입 500만원을 위해서 달리고 있습니다. 이렇게 부업 종류 수입 N잡 인구 무인판매...",https://blog.naver.com/economic00/223372310786,학교폭력 상담센터,20240304,0,6,0,0,6,False
N잡 월 500만원,스마트스토어,[N잡] 집에서 할 수 있는 재택근무 부업 추천 용돈벌이,[N잡] 집에서 할 수 있는 재택근무 부업 추천 용돈벌이 쿠팡파트너스 / 에이블리 수익 사진... 스마트스토어 & 해외구매대행 (무자본 창업 가능)  수익: 월 50만~500만 원 이상 (운영 능력에 따라 다름) ✔ 추천...,https://blog.naver.com/k_im_yss/223813547016,김소백,20250329,0,12,0,2,10,False
N잡 월 500만원,기타,"N잡 새로운 사업중독, '미래에 대한 투자'라는 환상","주변에도 스몰 비즈니스로 월 3~500만원 이상 벌어들이는 분들은 다른 분야로 눈을 돌리는 경우가 많다.... 사업의 갯수가 늘어난다고, N잡의 숫자가 커진다고 해서 절대로 좋은 것이 아니다.",https://blog.naver.com/moistmarketer/222247848342,"기획, 그리고 마케팅 : 촉촉한마케터",20210218,0,4,0,0,4,False
N잡 월 500만원,기타,"자본주의 사회에서 살아남기!, 나만의 파이프라인, N잡",근로소득으로 단 돈 500만원이라도 종잣돈이 모아진다면 투자를 시작할 수 있습니다. (500만원 모으기는 고금리적금도 좋고 펀드도 좋고 주식도 좋고요) 투자금을 모을 수도 있고 직장을 갖고 있다면 대출도...,https://blog.naver.com/joofight/222876507202,:: 뉴스로 보는 투자인사이트 ::,20220916,0,4,0,0,4,False
N잡 월 500만원,스마트스토어,마지막 N잡 / 리브굿 이커머스(통신판매) 쇼핑을 추천드립니다.,"마지막 N잡 / 리브굿 이커머스(통신판매) 쇼핑을 추천드립니다. *리브굿 : 구독 하나로 누리는 쇼핑... 50%인 500만 원을 추가로 받습니다. *직급(세대) 매칭 보너스 : 실버(10%), 골드(5%), 플래티넘(5%), 다이아몬드...",https://blog.naver.com/restaurantwar/223946077705,소자본창업,20250725,0,4,0,2,2,False
N잡 월 500만원,유튜브,"[N잡 일지] 반백수 8주차, 웹디자이너와 생산직의 차이점...","제가 지금까지 N잡을 하면서 초반에는 월천만원 벌기라는 유튜브를 보고 이게 정말 될까, 코로나19이후... 저금하는것과 500만원 벌면서 100만원 저금하는것 뭐가 다른가, 수입이 늘었다고 해서 소비도 절대 늘리면...",https://blog.naver.com/zrakim91/223806741215,all_ways_grow,20250323,0,4,0,0,4,False
N잡 월 500만원,기타,N잡/온라인건물주/1인CEO/SNS공구/무점포마켓,"20대부터 60대까지 남녀노소 할것없이 N잡을 이미 하고있는 분들이 많다는것 N잡을 통해 얻는 월 수익은 50만원부터 500만원까지 다양해요 ! N잡을 선택한 이유 중 가장 큰 이유는 1위 ) 직장, 알바 등 기존...",https://blog.naver.com/favah/223519752989,"My Life, My Message.",20240720,0,4,0,0,4,False
N잡 월 500만원,기타,"여성을 위한 3달내 500만원 상환, 불가능을 가능으로 만드는...","서론: 막막한 3달, 500만원의 벽 앞에 서있다면 갑작스러운 지출, 혹은 예상치 못한 상황으로 3달 안에... 3단계: 수입 파이프라인 늘리기, N잡러로 거듭나기 지출을 아무리 줄여도 월 167만원을 마련하기는 쉽지...",https://blog.naver.com/sq755/224229952932,sq755님의블로그,20260326,0,2,0,0,2,False
N잡 월 500만원,기타,건강보험 피부양자 탈락하는 4가지 의외의 이유,"항목 자격 유지 기준 박탈 경계 사업소득 사업자 등록 X + 연 500만원 이하 사업자 등록 O + 1원 발생... 친한 형도 작년에 N잡 한답시고 1월에 사업자등록 내고 두 달 운영하다 접었는데, 매출 30만원으로 그해...",https://blog.naver.com/dufltptkd01/224274603187,"Henrik's blog, Enjoy your time!",20260504,0,4,0,0,4,False
N잡 월 500만원,기타,N잡클래스 한스라벨르 한스파티,어짜피 평생 사용하는 화장품 한스라벨르 사용하면서 그 제품으로 N잡클래스를 하시면 수입도 생깁니다. 내가 어떻게 하느냐에 따라 월200만원 수입도 생기고 300만원 400만원 500만원 수입이 벌 수 있습니다....,https://blog.naver.com/hanslabelle/223413084988,피부꽃소녀,20240412,0,2,0,0,2,False
N잡 월 500만원,기타,"직장인 N잡 주부 1인도 ""100만원은 거뜬한"" 집에서 할 수 있는...","N잡 55만시대 통계청, 24년기준 믿기시나요? 24년기준 본업외에 부업을 하는 N잡이 무려 55만명을... 행복했는데요, 500만원을 벌기까지 저는 과연 어떤것부터 어떤순서로 했는지 공유해볼게요 :) 앱테크 (월...",https://blog.naver.com/wyflvhdthsu/223448554760,쿠팡으로 부동산 이자버는 메리,20240516,0,4,0,0,4,False
N잡 월 500만원,유튜브,N잡 시대에 블로그를 꼭 해야만 하는 이유,"""인플루언서들은 월 5,000만 원을 번대"". ""누구는 유튜브로 500만 원 쉽게 번다더라"" 등 온라인 세계에서... 그래서 아마 N잡에 대한 글을 찾아보고 계신 거겠죠? 근데 막상 SNS 채널을 다양하게 운영해 보셨다면...",https://blog.naver.com/turtlenote/223428055016,매일 성장하는 끼북이지오,20240426,0,6,0,0,6,False
N잡 월 500만원,기타,"궁금증풀어드려요!)경단녀,투잡, N잡 취업추천!...","육아 중이신 분, N잡/투잡러 분들 모두 본인 라이프스타일에 맞춰 유연하게 일할 수 있는 환경입니다.... 계약시)월 3건 계약 시 초회 수익 약 500만 원 가능 (대략적인 예시) ✔️ 유지수수료, 관리수수료...",https://blog.naver.com/mishu_speed/223945285547,"당신의 가능성, 지금부터",20250724,0,6,0,4,2,False
N잡 월 500만원,기타,"기록의 힘, 가계부 1년 썼더니 인생에서 사라진 돈 500만 원을...","N잡', '투자 대박'을 외치며 돈을 더 벌어야 한다고 목소리를 높입니다. 하지만 모두가 '매출 5조', '연봉 1억' 등 더 버는 것에만 집착할 때, 저는 단호하게 아니라고 말씀드리고 싶습니다. 한 달에 500만 원을...",https://blog.naver.com/fdfd54312/224260682111,레알인슈어런스,20260425,0,6,0,0,6,False
N잡 월 500만원,기타,"자동 수익 N잡으로 가능할까, 인리치 아카데미","사람들이 N잡으로 돈 벌기 투잡으로 돈 벌기 같은 이야기를 많이 하죠? 저도 많이 했습니다. 그럴 때... 한 명이라면 5,000원 10명이라면 5만원 100명이라면 50만원 1000명이라면 500만원의 자동 수익입니다. 50명이...",https://blog.naver.com/cucu5711/223261473623,안녕하세요 모두다입니다.,20231110,0,6,0,0,6,False
N잡 월 500만원,기타,N잡러로 대박나는 법? 아무도 안 알려주는 직장인 추천 N잡,"많은 N잡러들이 대개 이런 것들을 많이 하더라고요. 한번 생각을 해봅시다. 부업으로 월 50만 원, 100만... 100명이면 50만원, 1000명이면 500만원의 매달 자동 수익이 발생하는 것도 가능합니다. 이 정도라면 대박...",https://blog.naver.com/acegija/223261237280,은퇴플래너 겸 실버마케터 만들어주는 샘,20231110,0,6,0,2,4,False
N잡 월 500만원,기타,"알바생·프리랜서 필독, 3.3% 원천징수 세금 6월에 돌려받는...",부업·N잡으로 사업소득이 추가로 생긴 경우 임대소득·이자소득 등 근로소득 외 연간 100만 원 이상의... 절세 항목 공제 내용 최대 혜택 ① 노란우산공제 납입금 전액 소득공제 연 500만 원 공제 ② 연금저축...,https://blog.naver.com/pixpaper/224288531655,페이퍼루킹,20260518,0,4,0,0,4,False
N잡 월 500만원,기타,"인공지능 시대, 직장인의 'N잡' 선택은? - 인리치 아카데미 추천","이런 N잡을 통해 월 50만 원, 100만 원 정도를 벌 수 있다면 좋겠지만 이 또한 우리 몸과 마음에 부담이... 따라서, 10명이면 5만원, 100명이면 50만원, 1000명이면 500만원의 매달 자동 수익이 가능합니다. 이처럼...",https://blog.naver.com/mindmarketereuigal/223304053436,마인드 마케터 의갈의 돈 버는 뇌,20231227,0,4,0,2,2,False
N잡 월 500만원,기타,[꿈은 모르겠고 돈이나 잘 벌고 싶어] 나에게 맞는 N잡 찾아...,이 책의 저자는 소위 말하는 N잡러이다. 첫 월급 180만원이었던 그녀는 고시원에 거주하던 자신의... 수입이 500만원에 불과할 정도로 힘들었지만 포기하지 않고 치열하게 고민하고 실행하여 현재는 월 1...,https://blog.naver.com/hasolson/223124614220,Défi,20230609,0,2,0,0,2,False
N잡 월 500만원,기타,"[N잡,파이프라인 만드는 상도누렁이 23.06] 미국 주식 배당금...","가만히 있어도 월 400~500만 원이 생기는 꼴이고, 엄청난 여유를 가지게 될 것이다. 카카오페이와 네이버페이의 예탁금 및 포인트도 무시 못한다. 월 1만 원은 되는 것 같다. 작은 돈 같지만 이런 것도 모이고...",https://blog.naver.com/sangdonureongi/223145999196,상도누렁이,20230710,0,2,0,0,2,False
N잡 월 500만원,기타,광진구 직장인이 N잡으로 고소득 연봉을 달성한 비결은?,"덕분에 본업은 그대로 유지하면서 투잡으로 월 300~500만 원까지도 가능했습니다.  광진구라서 더 유리한 이유 광진구는 직장인, 자영업자, 30~50대 가족 단위 거주자까지 보험 니즈가 명확한 고객층이 많아요....",https://blog.naver.com/gookagooka/223898571048,평범한 남매맘의 슬기로운 보험,20250613,0,4,0,0,4,False
N잡 월 500만원,기타,보드게임카페 창업비용 & 수익 구조 총정리! 요즘 뜨는 창업...,"요즘 뜨는 창업 아이템 추천 '펀히어로' ⓒ Rabong 요즘 직장인분들 사이에서 'N잡', '매장 오토 운영'에... 오픈 이후 크게 재투자되는 비용이 없으며, 40평대 매장에서 월 6,500만 원대의 높은 매출 창출이...",https://blog.naver.com/gksskfkekd33/224284628043,"행복을 찾아서,",20260513,0,8,0,2,6,False
N잡 월 500만원,기타,너도나도 부수입만들기! N잡! 나는 뭘해야될까? 고민될때,"3개월만에 500만원 번 20대 이런 문구들이 눈에 띄더라고요 당연한 흐름이라고 생각을 해요 투자를 한돈이 물려있으니 투자를 더 하고싶어도 하지못하고, 대출 이율은 여전히 높고 이자라도 벌어보자!...",https://blog.naver.com/sally7383/223048185016,임장 여행자 밍그리,20230318,0,6,0,0,6,False
N잡 월 500만원,기타,"2026년 종합소득세, 직장인 부업 소득 얼마부터 신고해야...","5월 N잡러·겸업 직장인이라면 꼭 체크해야 할 신고 기준, 소득 유형 구분법, 가산세 피하는 법, 절세... 총 수령액 필요경비(60%) 기타소득금액 신고 의무 500만 원 300만 원 200만 원 ❌ 분리과세 선택 가능 750만...",https://blog.naver.com/pixpaper/224285838981,페이퍼루킹,20260514,0,4,0,0,4,False
N잡 월 500만원,기타,직장인 부업 N잡 사업자내도 괜찮을까?,"N잡러라면 알고 있어야 할 소득관련 정보 사업자 내도 괜찮을까? © austindistel, 출처 Unsplash 직장인은... 월소득 500만원이상일 경우 금액을 조정하기 위해 보험공단에서 직장으로 통보할 수 있다는 점을...",https://blog.naver.com/ioimaxi/222834743075,N잡 직장인 부동산공부 성장스토리,20220730,0,4,0,0,4,False
N잡 월 500만원,기타,[제로베이스X마브사끼]커머스 N잡 챌린지 4차 미션 인증,"옥션 : 월 매출액 500만 원 미만 2,000개 ▷디셀프로그램관련 설명 수집 개수와 업로드 마켓 수의 제한이 없고, 사업자가 여러 개여도 추가요금은 없지만 컴퓨터에 서버를 두는 프로그램 형식이라서 컴퓨터를...",https://blog.naver.com/jung0hee/223587665158,정집싸의 기록,20240918,0,4,0,0,4,False
N잡 월 500만원,기타,"[재테크: 부업, n잡 1] 자유 독서 7-1. 이번 생은 N잡러 (1-2...","ㅇ 제목: 이번 생은 N잡러: 취미로 월 천만원 버는 법 *부업 중 하나로 완성한 PDF 전자책을... 1,500만원 순수익 달성함 ㅇ 발간시기, 분량, 가격: 2021년, 311쪽, 14,400원 (교보문고) *위 3개 그림의 출처...",https://blog.naver.com/1dearts/222848535796,"재테크와 비즈니스, 경제적 자유, 건강과 추억!",20220814,0,6,0,0,6,False
N잡 월 500만원,강의,"45세 박민수씨가 월 180만원 버는 비결, 재고 없이 하는 부업",최소 500만원 이상 권장드려요. ──────────────────  강의료 0원? 여기가 포인트예요. 일반 강의: 50~300만원 먼저 결제 → 실패해도 환불 없음 N잡연구소: 강의료 0원 → 당신이 번...,https://blog.naver.com/kakaisland/224145039623,N잡 연구소,20260113,0,6,0,0,6,False
N잡 월 500만원,기타,"월수익 500 만든 '공조냉동' 시너지의 비밀""… 40대 N잡러의...","전기기사를 베이스로 공조냉동기계기사까지 섭렵하며, 40대에 월 수익 500만 원 고지를 점령한 '찐' N잡러 박진우(가명, 48세) 님의 인터뷰를 공개합니다. 40대 가장, 왜 '전기'와 '공조냉동'에 올인했나?...",https://blog.naver.com/100math_academy/224221980924,아빠도 공부중,20260320,0,4,0,0,4,False
N잡 월 500만원,기타,"5월 종합소득세 D-16, 부동산 사업자 N잡러가 홈택스로 직접...","한 N잡러는 환급액이 본래 받을 수 있는 금액보다 적게 잡힐 수 있습니다. 세무대리는 기장료가 월 8... 본업 과세표준이 4,800만 원이라 15% 구간이었던 직장인이 N잡으로 500만 원이 더해지면 일부 소득이 24...",https://blog.naver.com/alice8401/224286388922,AI 부동산 데이터 연구소,20260515,0,2,0,0,2,False
N잡 월 500만원,기타,2024.04-나는 월급쟁이 배당 부자가 되었다ㅣ배당 투자로 월...,"근로소득이나 N잡으로 원금을 불리는 데 집중하는 것이 훨씬 수익률 높은 방법이다. 3장 장기투자, 왜 해야 하고 어떻게 해야 할까 ㄴ 매년 5% 배당을 주는 주식에 1억 원을 투자하면 매년 500만 원을 받을 수...",https://blog.naver.com/prttyyoung/224270976254,SUDEN's 먹고 놀고 성장하기,20260430,0,6,0,0,6,False
N잡 월 500만원,기타,절대 부업이나 투잡을 하면 안 되는 이유 (n잡의 함정),대리기사는 부족한 월 급여를 보충하기 위한 단비 같은 투잡의 하나였다. n잡은 말 그대로 하나의... 내가 원래 500만 원을 받아야 하지만 A 회사에서 200만 원을 받는다면 당연히 500만 원을 주는 B 회사로 옮겨야...,https://blog.naver.com/escapehelper/222648777101,흙수저 탈출 도우미,20220216,0,4,0,0,4,False
N잡 월 500만원,기타,“전자책 하나로 월 천만 원?”전자책 판매왕 TOP,"요즘 가장 뜨거운 N잡 수익 모델이 무엇일까요?  전자책 판매 플랫폼 3대장 1️⃣ 크몽 크몽 ✔ PDF... 구조 월 판매 200권 × 29,000원= 5,800,000원 (수수료 제외 후 약 400~500만 원) ② 전문직 기반 판매왕...",https://blog.naver.com/jhgirl0326/224191691606,jhgirl0326님의 블로그,20260222,0,4,0,0,4,False
N잡 월 500만원,기타,학교장터 월 1000만원 못 가는 진짜 이유 (지금 방식이면 계속...,월 1000만원은 노력으로 가는 구간이 아니라 시스템으로 가는 구간입니다 아마 이런 느낌이 들고 있을 겁니다. ✔ 300~500만원에서 멈춰 있고 ✔ 더 해도 매출이 크게 변하지 않고 ✔ 시간은 계속 늘어나고...,https://blog.naver.com/mokag/224229199870,엠케이클라쓰,20260325,0,2,0,0,2,False
N잡 월 500만원,기타,인형뽑기방 창업 얼마나 드나? 현실 창업비·수익 공개,"안녕하세요~ 풍년창업입니다~^^ 최근 N잡·무인창업 흐름이 다시 강해지면서 인형뽑기 기계 대여와... 시뮬레이션 월 매출 500만 원 → 순수익 약 100만~150만 원 월 매출 1,000만 원 → 순수익 약 250~300만 원...",https://blog.naver.com/dbrngur90822/224115446677,✅풍년창업✅,20251219,0,6,0,0,6,False
N잡 월 500만원,기타,방향 배차//주 5일 근무//350만원 완제// 소유자 가능#트럭n잡,"* 운송료는 월 마감 후 매월 30일 칼 지급 됩니다. * 주 5일 근무 가능 합니다. 준비 된 차량 외 다른 차량으로도 조정 가능하며, 차량 소유자도 근무 가능 합니다. ▲▲ 트럭N잡 다른 매물 보러 가기...",https://blog.naver.com/bangrang4989/221509209025,트럭엔잡,20190409,0,2,0,0,2,False
N잡 월 500만원,기타,국민내일배움카드 신청 발급 자격과 재테크에 유용한 사용법,"최대 500만원) 그리고 훈련기간중 출석률 80% 이상이면서 특정조건을 만족하시는 분들의 경우 월 최대... 있으면서 N잡으로도 활용이 가능하며, 활용하는 것에 따라서 노후까지 일할 수 있는 AI관련 미래형...",https://blog.naver.com/radishblue/223167690090,세렌시아의 투자노트,20230727,0,2,0,0,2,False
N잡 월 500만원,기타,"6. 신혼부부가 알아야 할 재테크, 처음부터 차근차근","한 줄 요약 : 신혼부부 재테크는 비상금 6개월 먼저, 그다음 ISA·청약 세팅하고, N잡으로 수입 늘리는 순서예요. 맞벌이 월급 500만 원 기준 월 150만 원(30%), 저축하면 3년에 5,400만 원, 전세자금 대출...",https://blog.naver.com/onestepsteady/224223211941,becky&O,20260320,0,2,0,0,2,False
N잡 월 500만원,블로그,1년 안에 500만 원 모으기 – 월별 목표 설정법!,"""1년 = 12개월 → 500만 원 ÷ 12개월 = 월 42만 원 저축!"" 월 저축 금액 누적 금액 1월 42만 원 42만 원... ✔ (2) N잡 & 부업으로 추가 수익 만들기! ✅ 쿠팡 파트너스 – 블로그 & SNS 상품 추천!...",https://blog.naver.com/watas_/223743534710,마냥 쉽지않은 일상,20250131,0,8,0,2,6,False
N잡 월 500만원,기타,“월 20만 원 그냥 나갈 수도?”2026년 건강보험료 피부양자...,"N잡러 직장인 주의 월급은 직장가입자로 내고 있어도 보수 외 소득이 연 2,000만 원 초과 시 → 추가... 사업소득 500만 원 초과 시 탈락 ✔ 주택임대소득 임대사업자 등록 → 소득 발생 즉시 탈락 미등록 → 연...",https://blog.naver.com/polocy_insights/224163355530,스마트한 경제 가이드: 뉴스 및 금융 정보,20260128,0,2,0,0,2,False
N잡 월 500만원,스마트스토어,사업자등록증 발급 비용 0원? 준비물만 챙기세요! (2025년),"N잡으로 시작한 온라인 쇼핑몰의 월 매출이 500만원을 넘어서면서, 제 30대 지인은 더 이상 미룰 수 없다는 생각에 사업자등록을 결심했습니다. 하지만 '등록'이라는 말에 왠지 모를...",https://blog.naver.com/goldmyth/224032751440,경제인간,20251005,0,6,0,0,6,False
N잡 월 500만원,기타,2026년 종합소득세 신고 완전 가이드,"2026년 종합소득세 신고 마감일이 6월 1일(월)로, 오늘 기준으로 딱 17일밖에 남지 않았습니다. '나는 직장 다니니까 연말정산으로 끝난 것 아닌가요?' 라고 생각하신다면 잠깐! N잡·부업 소득이 있거나...",https://blog.naver.com/eco_note_/224286542224,데일리 이코노미,20260515,0,4,0,0,4,False
N잡 월 500만원,블로그,[마감] 키너블 12기 :: 최광자의 狂기어린 블로그 스터디 - 월...,네이버 블로그의 애드포스트와 전자책 판매로 월 400만원의 소득을 올리고 있습니다. 여기에 기업들의... 50만원의 가치는 500만원으로 만들어 줄 수 있는 기회를 찾을 수 있는 능력을 길러주게 될 것입니다....,https://blog.naver.com/resumet/222874184167,블루래더 - 경제적 자유를 향한 푸른 사다리,20220914,0,2,0,0,2,False
N잡 월 500만원,배달,경기) [광주 카페 창업] 컴포즈커피 양도양수...,"1,500만 원 내외 월 평균 순익 500만 원 내외 권리금 1억 먼저 배달 비중이 낮다는 것부터 짚고 싶어요... 그것도 아래에서 말씀드릴 풀오토 시스템 덕분에 직접 상주하지 않아도 되는 조건에서요  진짜 N잡, 투잡...",https://blog.naver.com/jkybiz/224267957624,나도 사장님이다,20260428,0,6,0,0,6,False
N잡 월 500만원,기타,직장인은 절대 종소세 신고 안 한다? 연말정산 놓친 공제...,"특히 요즘처럼 N잡, 부수입이 활발한 시대에는 더더욱 그렇죠. 오늘은 저처럼 아까운 내 돈을 놓칠... A4: 연간 소득금액 합계액이 100만원(근로소득만 있는 경우 총급여 500만원) 이하여야 합니다. 여기서 소득은...",https://blog.naver.com/narafan777/224279350206,폴폴정보,20260510,0,4,0,0,4,False
N잡 월 500만원,기타,전자책 부업_10년차 출판사 사장이 말하는 진짜 현실,"30페이지로도 500만 원 번대요.” 이런 질문을 받을 때마다 저는 이렇게 답합니다. “그런일은 대부분... 예를 들어, 노션 템플릿 다이어트 기록법 SNS 운영법 N잡 소개 ChatGPT 활용법 부업으로 돈 버는 법 이런...",https://blog.naver.com/kninesix/224103350884,나도 작가다의 전자책출판 이야기,20251209,0,4,0,2,2,False
N잡 월 500만원,기타,[좋다] N잡디자이너 조안씨 랜선치얼쓰 후기 2 aka....,"계획 월 수입 2000만원 조안님께 보낸 원하는 수입에서,, 많이 줄였다..ㅋㅋㅋ 비웃지 마시오 꿈은 커야 한댔음 ㅋ 그리고.. 이미 이루어졌다!!!!!!! 수입 500만원 500만원 500만원 100만원 200만원 200만원 파이프라인...",https://blog.naver.com/hasangyonhwa/221930174959,Great Opening,20200426,0,2,0,0,2,False
N잡 월 500만원,기타,펀히어로 보드게임카페 창업을 소개합니다,본업과 겸업하기에 수월한 브랜드라 N잡 고민 중이신 분들이 많이들 선호하신다고 해요. 점주는 운영에... 가맹비 500만원 교육비 700만원 인테리어 8800만원이 포함된 금액이라고 해요. 40평대 매장에서 월...,https://blog.naver.com/dbqls0307/224286573140,땃쥐소굴,20260515,0,2,0,0,2,False
N잡 월 500만원,기타,"프리랜서,유튜버 3.3% 떼였는데 왜 추가납부일까? (2025 귀속...","부업 N잡러가 가장 많이 추가납부 통보받는 이유가 여기 있습니다. 본업 근로소득(예: 5,000만원)에 부업 사업소득(예: 1,500만원)이 합산되면, 합산 6,500만원 구간 누진세율(24%)이 적용되어 떼였던 3.3%로는...",https://blog.naver.com/lcta52/224277717541,[달리는세무사] 이상덕세무사사무소,20260507,0,4,0,0,4,False
N잡 월 500만원,기타,"내가 시도해본 N잡 후기, 간접경험 하고 가세요",오늘은 나머지 실패 또는 중단했던 N잡에 대한 경험을 나눠보겠습니다. 1. 쿠팡파트너스 대부분이... 이거 잘하면 한달에 500만원도 가져간다는 홍보에 혹해서 전자책을 4권(9만원 소비)을 사서 도전했습니다....,https://blog.naver.com/imhbin0630/222571707671,쥬얼리데이,20211118,0,4,0,0,4,False
N잡 월 500만원,블로그,프리랜서 월 500이 바라본 급여생활 vs 자영업 현실 솔직 비교,"지금의 필자는 삼삼엠투 단기임대 운영, 주식 투자, 쿠팡파트너스, 틱톡과 블로그 운영까지 여러 일을 병행하는 N잡 상태다. 겉으로 보기엔 복잡해 보이지만, 이 구조를 통해 월 수입은 약 500만 원 선을 유지하고...",https://blog.naver.com/bbiku123/224172507232,겪어본 사람만 쓸 수 있는 기록 - 인생꿀팁,20260205,0,8,0,0,8,False
N잡 월 500만원,기타,"연금으로 적정 생활비 월336만원, 지금부터 준비해야","국민연금 수령 예시 기준 (2025년 노령연금 월액표 기준) 평균 월 급여: 500만 원 가입 기간: 25년... 공감, 댓글, 공유 부탁드립니다. 강N잡의 N잡라이프 재테크 창업 취업의 현금흐름 정보를 공유해요",https://blog.naver.com/50njob/223935144624,강N잡의 N잡라이프,20250716,0,2,0,0,2,False
N잡 월 500만원,기타,33만원 받는 꿀팁 총정리 (프리랜서·N잡러·알바생 필수),"2026 종합소득세 마감이 6월 1일(월)로 13일 남았습니다. 홈택스·손택스로 10분 만에 셀프신고하는 방법... 있는 N잡러), 임대소득(주택·상가 임대), 이자·배당소득 연 2,000만원 초과자, 연금소득 연 1,500만원...",https://blog.naver.com/doublerou/224290103107,doublerou님의블로그,20260519,0,2,0,0,2,False
N잡 월 500만원,스마트스토어,2026 종합소득세 신고 D-Day! 홈택스 10분 신고법 + 환급 더...,"부업·N잡 소득이 있었다 (배달, 쿠팡, 스마트스토어 등) 임대 소득이 연 2,000만원을 초과한다 금융소득(이자+배당)이 연 2,000만원을 초과한다 사적연금 수령액이 연 1,500만원을 초과한다  직장인이지만...",https://blog.naver.com/bitnanun_haru/224266619928,빛나는 하루,20260501,0,8,0,0,8,False
N잡 월 500만원,기타,"""월 11만 원 받으면서 공부한다고?"" 2026년 개편된...","지원 한도: 기본 300만 원에서 최대 500만 원까지 지원됩니다. (저소득층 등 취약계층은 추가 지원)... 역량, N잡 가능 크리에이터 꿈나무 5 드론 조종 및 정비사 과정 물류·방산 분야 확장으로 취업률 15% 상승...",https://blog.naver.com/dannymoney/224197679979,대니의 경제 수다,20260227,0,2,0,0,2,False
N잡 월 500만원,기타,종합소득세 꿀팁 10가지 - 다정퀸 부동산,"개인사업자, N잡러, 월급 외 소득이 있는 직장인 ▶ 미신고 시: 납부세액의 최대 20% 가산세 폭탄 주의!... 매달 저축하면서 최대 500만 원까지 소득공제를 받을 수 있어요!  중학생도 이해하는 비유: 학교에서...",https://blog.naver.com/ase202-/224285620771,다정퀸 부동산,20260514,0,2,0,0,2,False
N잡 월 500만원,기타,케이알이심 KRESIM 소개 복리의 마법 경제적 자유,그래서 아래 100만원 보다는 높은 500만원 1000만원 투자 예시도 준비했습니다. 참고로 저는... 직장인투잡 #N잡 #케이알이심회원가입 #케이알이심창업방법 #케이알이심회원가입방법...,https://blog.naver.com/gokouh/224247666437,KRESIM 기회의 장,20260410,0,6,0,0,6,False
N잡 월 500만원,기타,중고책 부업 6개월 후기 - 월백만원은 정말 가능할까?,"중고책 부업 경쟁 심화 요즘 N잡, 부업이 성행하다 보니 특히 무자본·저자본 부업에 사람들이 너나할... 400~500만원, 부업으로 200만원 이상도 벌고 있습니다. 주 4시간 월 5회 출장으로 이 정도 수입을 벌 수...",https://blog.naver.com/gamma_mom/224016806817,재테크 | 육아 | 일상,20250922,0,4,0,0,4,False
N잡 월 500만원,기타,"2026 재테크 꿀팁 시리즈 — 8편재테크 마인드셋, 부자들은 왜...","500만 원을 12개월 안에 모으려면 월 42만 원씩 저축하면 돼요. 막연했던 것이 실행 가능한 숫자로... 다음 편 예고: 9편 — 사이드잡·N잡, 월급 외 수입 만드는 법 ※ 이 글은 정보 제공 목적이며, 투자 결과는...",https://blog.naver.com/ppcredit0514/224261243085,S-Credit,20260422,0,4,0,0,4,False
N잡 월 500만원,기타,"프리랜서 건보료, 갑자기 '폭탄' 맞는 이유 (+줄이는 TIP)","건보료는 2배 이상 올랐습니다."" 직장을 그만두고 프리랜서로 전환하거나, N잡으로 부수입이 늘기... 단, 사업자등록이 없는 프리랜서라면 사업소득이 연 500만 원 이하여야 피부양자로 인정됩니다. 재산...",https://blog.naver.com/jjjh4250/224229034632,파트너사 300여곳 플랫폼 후기 5점 - 커넥트 세무회계,20260326,0,4,0,0,4,False
N잡 월 500만원,기타,5월 종합소득세 신고 방법 및 기간 총정리 (개인사업자...,"오늘은 개인사업자, 프리랜서, N잡러 분들이 반드시 챙기셔야 할 2026년 5월 종합소득세 신고 방법과... ③ 노란우산공제·연금저축 세액공제 챙기기 개인사업자라면 노란우산공제 소득공제(최대 500만 원)...",https://blog.naver.com/maple-ddang/224272752591,맛과 공간,20260502,0,2,0,0,2,False
N잡 월 500만원,기타,26년 4월 30일 목요일 신문 요약,"과태료 500만원을 부과하였습니다. “모기 물렸으니 구급차”… 유치원 교사 풍자 이수지 또 터졌다... “여보, 주말만 일해도 월 수백 번데요”… 요즘 ‘확’ 늘어난 N잡설계사 실체가 최근 ‘N잡 설계사’...",https://blog.naver.com/sund22/224270120143,다온,20260430,0,2,0,0,2,False
N잡 월 500만원,기타,국민내일배움카드발급 재직자도 가능하네요,"요즘에는 진짜 N잡의 시대가 온 거 같습니다. 저는 재직 중인 직장인이지만, 최근에 몸이 근질거려서... 지원금은 기본 300만원에서부터 최대 500만원까지 지원이 가능하고, 발급 후 최대 5년간 사용이 가능합니다....",https://blog.naver.com/chjc9/223161760382,영어이야기,20230720,0,2,0,0,2,False
N잡 월 500만원,기타,N잡러? 유망 프리랜서 도전을 위한 직종별 국민내일배움카드...,N잡러! 인기 프리랜서 직종에 도전하고 싶다면 다.들.주.목 좀 더 자세히 살펴보자! 유망 프리랜서... 최대 500만 원을 직업훈련비로 지원하는 카드입니다. 프리랜서라도 최근 3개월간 월 평균 소득이 300만원...,https://blog.naver.com/we_are_youth/222550254699,청년정책사용설명서,20211027,0,2,0,0,2,False
N잡 월 500만원,기타,종합소득세 신고 프리랜서 N잡러 완벽가이드,"프리랜서, 부업러, N잡러라면 절대 놓쳐서는 안 되는 절세의 한 달이다. 신고 대상자 판별부터... 1,500만 원 초과분 임대소득 연 2,000만 원 초과 (주택 기준) 회사를 다니면서 부업으로 월 30~50만 원만...",https://blog.naver.com/ujin_1324/224271373892,"Understand, Judge, Invest",20260502,0,4,0,0,4,False
N잡 월 500만원,기타,주원지엘에스 화물운송지입일자리 3.5톤 스카이 월 매출...,"월 최소 350만원에서 1000만원까지 벌 수 있다니 놀랍지 않나요? 물론 개인의 노력에 따라 금액은 달라질 수 있지만, 여성이라도 500만원 이상 수입이 가능하다는 점에서 마음에 쏙 들었어요. 요즘 당일지입...",https://blog.naver.com/t86u0rmb/224036026834,t86u0rmb님의 블로그,20251010,0,2,0,0,2,False
N잡 월 500만원,기타,월 천만원 소득을 찍는게 중요하다.,월 천만원 찍는게 중요하다. 루지님은 지금처럼 N잡이 유행하기 전부터 N잡을 먼저 실행하고 본업을... 올해 월급 외 추가 현금흐름을 500만원 넘게 만들 수 있도록. 고민하고 실행해봐야겠다.,https://blog.naver.com/1seoseo1/223063385532,세오공작소,20230403,0,2,0,0,2,False
N잡 월 500만원,기타,6월 재산세 D-14 납부 시기·분납 가능액·카드 무이자 12개월...,초과 ~ 500만원 이하 | 250만원 초과 금액 분납 | | 500만원 초과 | 세액의 50% 이내 분납 | 예시 1... kr  관련 글 • 종합소득세 5월 31일 마감 D-13 — 직장인 부업·N잡 신고 안 하면 가산세 폭탄 (2026-05-18)...,https://blog.naver.com/lottolove5131/224289148706,혼자하는 이야기,20260518,0,4,0,0,4,False
N잡 월 500만원,기타,월 250만 원 버는데 왜 쪼들릴까 가계부 앱 써보니 3가지...,"월급 250만 원의 함정: 숫자에 속지 마세요 가구당 월평균 소득이 500만 원이 넘네 마네 하잖아요? ""나는... 로또 당첨돼서 돈 쓰는 게 취미인 분 가계부 쓰는 게 시간 낭비라고 생각하는 분  [월 250 생존 N잡냥이...",https://blog.naver.com/hsio57/224207822896,N잡냥이 IT로그,20260307,0,2,0,0,2,False
N잡 월 500만원,기타,서평 / 월급 말고 플러스알파 온라인으로 돈 벌기,프로 N잡러 입니다 ! 제가 하는 일은 작년만해도 7개까지 늘어났다가 선택과 집중을 해야 할 일들이 있어... 제가 이 책을 펼치면서 가장 궁금했던 부분이 이수환 작가님은 어떻게 월 500만원 파이프라인을...,https://blog.naver.com/neulsing/222997476061,MINI X MADE,20230128,0,2,3,2,3,False
N잡 월 500만원,기타,노무사] [사천 노무사] [노동뉴스] N잡러를 위한 슬기로운 N잡생활,"자영업자, 월 임금 300만 원 이상인 대규모기업종사자(45세 미만) 특수형태근로종사자 등은 제외됩니다. 국민내일배움카드는 1인당 300~500만 원까지 지원 가능하며, 훈련비의 최소 45%에서 최대 85% 지원됩니다....",https://blog.naver.com/iscpla/222794709994,노무법인 해마루 진주지사,20220701,0,2,0,0,2,False
N잡 월 500만원,기타,[베이커리] 동네 크라상점의 월평균 매출은 얼마일까? (창업...,"(N잡러를 준비하시는 분들은 이런 습관을 꼭 가지길 바래요. 좋은 간접 경험이 될 수 있거든요)... 보증금 500만원 2. 교육비 550만원 3. 가맹비 1,100만원 4. 인테리어 2,200만원 5. 기타 (설비, 집기...",https://blog.naver.com/hermebook/223136210961,에르메의 재테크북,20230622,0,4,0,0,4,False
N잡 월 500만원,기타,"깎였던 연금 돌려받는다! 작년 감액분 환급 완벽 정리, 나도...","소위 'N잡'을 뛰며 바쁘게 살다 보면 늘 따라다니는 걱정이 있습니다. ""지금 이렇게 열심히 벌면... 즉, 작년에는 월 400만 원, 500만 원을 벌어서 ""소득 초과""로 연금이 깎였던 분들이, 이번 소급 적용을 통해...",https://blog.naver.com/honeyp23/224163552504,일프의 시선,20260129,0,2,0,0,2,False
N잡 월 500만원,기타,"주원통운 1일 1배송, 투잡 부업으로 월 200 달성",많은 분들이 단순한 직업을 넘어 N잡으로도 당일지입을 고려하는 이유가 바로 여기에 있습니다.... 보통 500만 원 이상의 수익을 낼 수 있어서 저처럼 여성인 분들에게도 적극 추천하고 싶은 일입니다. 하지만...,https://blog.naver.com/jiktvj60/223957459664,블루머,20250804,0,8,0,2,6,False
N잡 월 500만원,기타,"2026년 5월 종합소득세 신고 기간, 프리랜서 N잡러 환급액...",활용하기 N잡러나 프리랜서는 직장인처럼 퇴직금이 보장되지 않습니다. 이를 보완하기 위해 정부에서 운영하는 제도가 바로 '노란우산공제'입니다. 이 제도의 가장 강력한 혜택은 최대 연 500만 원까지...,https://blog.naver.com/subject1977/224260480462,달나무서재,20260421,0,2,0,0,2,False
N잡 월 500만원,기타,"직장인, 회사원 부업, 투잡, N잡 가능?? 회사 모르게 사업자등록...","우리 이웃님들, 그리고 많은 회사원, 직장인 분들이 회사 몰래 투잡, N잡을 고민을 많이하시는구나... 월 소득 500만원 미만까지는 안심하세요~ 나쁜짓 하는것도 아닌데 그냥 약간의 부가 수입을 위해 사업자를...",https://blog.naver.com/ye_pro/222423501781,예프로의 퇴사 희망기,20210707,0,6,0,2,4,False
N잡 월 500만원,기타,"미국 관세 전쟁 2026, 자영업자·소호 비즈니스 실전 영향 총정리",프리랜서 — 월 수입 500만원 ① 해외 SaaS 구독 (Figma·Notion·Adobe 등) → 환율 영향 10~20% = 월 +3~8만 원... ✅ 월 50~150만 원 이상 절감 가능 전략 3. 매출 포트폴리오 다각화 — N잡·온라인 수익 추가 단일...,https://blog.naver.com/eun0com/224280243697,LEADERS TRAVELOG,20260509,0,6,0,0,6,False
N잡 월 500만원,기타,고금리 파킹통장 OK저축 파킹플렉스 직접 써보니 우대조건...,✅N잡냥이의 현실 활용 꿀팁 파킹플렉스를 '생활비 저수지'로 씁니다. 월급이나 부수입이 들어오면 당장 안 쓸 돈 300~500만 원을 여기에 휙 던져놔요. 필요할 때마다 야금야금 빼서 씁니다. 적은 돈이라도...,https://blog.naver.com/hsio57/224218554627,N잡냥이 IT로그,20260316,0,4,0,0,4,False
N잡 월 500만원,기타,2026년 5월 세금 폭탄 피하기! 해외주식 양도소득세...,"날씨가 따뜻해지는 4월, 마음은 설레지만 '서학개미' 분들과 N잡러 분들의 머릿속은 복잡해지기... 예를 들어 미국 주식으로 500만 원 수익, 다른 주식으로 100만 원 손실을 보았다면 최종 수익은 400만 원이 되어...",https://blog.naver.com/aws0077/224248238646,하수구솔루션,20260411,0,4,0,0,4,False
N잡 월 500만원,블로그,"5060이 알아두면 좋은 정부 신중년 지원금 6가지, 모르고...",300만~500만 원). 민간 채용 사이트와 달리 정부 사업 정보가 가장 빠르고 정확하게 올라옵니다.... 추천 활용법 — 시니어 N잡 시리즈에서 다룬 블로그 운영을 위해 컴퓨터 기초나 사진 편집 강좌부터...,https://blog.naver.com/heyjesseee/224279136708,백세설계도 (100_blueprint),20260508,0,4,0,2,2,False
N잡 월 500만원,기타,"주원통운 투잡 루트배송, 월 수입 500~700 사이 유지 중","주원통운에서는 월 최소 350만 원에서 최대 1000만 원까지 수입을 올릴 수 있는 기회를 제공합니다. 성과에 따라서 급여가 달라질 수 있다는 점, 여성 기사분들도 비교적 가벼운 품목을 맡아 최대 500만 원 이상의...",https://blog.naver.com/kj16cjar/223967066212,kj16cjar님의 블로그,20250812,0,2,0,0,2,False
N잡 월 500만원,기타,[2026 종합소득세] 퇴직연금 수령자부터 부업러까지! 신고...,"""3.3% 뗐다고 안심하지 말고, 1,500만 원 넘는 연금 수령자라면 5월에 꼭 합산 정산하자!"" 세금은 아는 만큼 보이고, 챙기는 만큼 돌아옵니다. 특히 연금 수령자분들이나 N잡러분들은 본인의 소득 종류를 꼭...",https://blog.naver.com/hajahajaha/224274500013,말랭알맹의 쫀득한 기록장,20260504,0,4,0,0,4,False
N잡 월 500만원,기타,"주원통운 새벽 루트배송, 본업 병행하며 월 200 만들기","수입은 월 기본 350만 원에서 시작해 개인적인 노력에 따라 더욱 늘어날 수 있다는 점을 알게 되었어요. ㅎㅎ 여성 운전자의 경우, 고수익도 가능하다는 점이 특히 매력적이었습니다. 500만 원 이상의 수입을...",https://blog.naver.com/fi0mcj9l/223921141384,여유와 취향의 여행,20250704,0,2,0,0,2,False
N잡 월 500만원,기타,주원지엘에스 자차 없이도 가능한 부업 월 250 수익 후기,하지만 지입차 일을 통해 N잡으로 추가 수익을 얻을 수 있다는 소문에 귀가 솔깃했습니다. 게다가 이... 어떤 분들은 가벼운 품목을 위주로 배송하며 500만 원 이상의 급여를 받는다고 하니 저도 희망을...,https://blog.naver.com/91se7ewf/223921169431,짜릿한바다여행,20250704,0,6,0,0,6,False
N잡 월 500만원,기타,주원지엘에스 고정 루트 기반 루트배송 월 250 수익 후기,"월 350만원에서 1000만원까지의 수입을 개인의 노력에 비례해 올릴 수 있는 기회를 제공하며, 특히 여성 기사도 많게는 500만원 이상의 고수익을 올릴 수 있도록 다양한 품목을 경량화하여 제공하고 있습니다. 물론...",https://blog.naver.com/vm2rh4y1/223950711762,꿈꾸는 그대와,20250729,0,2,0,0,2,False
N잡 월 500만원,기타,"무인매장 종합소득세, 이것 모르면 손해봅니다!",간판·전기공사 500만 원 임차료 월 150만 원 이런 경우 실제 비용을 반영하지 않고 단순하게 신고하면... 1️⃣ N잡 사장님의 세율 과표 합산 문제 무인매장 사장님들 중에는 직장을 다니며 부업으로 운영하시는...,https://blog.naver.com/gamza_kim/224289907808,세무회계 영 파트너스,20260519,0,4,0,0,4,False
N잡 월 500만원,기타,"위탁판매로 월300만원 순 수익, 퇴근후 리스크없이 돈 버는법...",꾸준하게 500만원 이상씩 매출을 힘쓰고있어요 1년정도 고정매출을 지키면 오르락 내리락 하는 매출보다 더 강하다고 생각해요 더 큰 욕심보다 N잡은 내가 할 수 있는 만큼의 크기로 운영하는게 장기간 운영에...,https://blog.naver.com/sungyj016/223065818046,안녕 여기는 오픈 다이어리,20230405,0,6,0,0,6,False
N잡 월 500만원,기타,[2026 최신 창업 가이드] 셀프빨래방 창업 비용부터 예상...,"운영 형태: 인건비 '0원', 하루 30분~1시간 내외의 원격 및 최소 관리로 투잡/N잡에 최적화되어... [월 매출 500만 원 매장 기준 예상 수익 시뮬레이션] (※ 본 데이터는 상권 및 입지, 장비 효율에 따라 상이할 수...",https://blog.naver.com/ssky7290/224246174371,에이치앤에스그룹,20260409,0,8,0,0,8,False
N잡 월 500만원,기타,주원통운 자차 없이도 가능한 배송 루트 월 200 가능,"그래서인지 N잡, 즉 여러 직업을 통해 수익을 늘리려는 분들이 많아졌고, 당일지입은 그런 분들에게... 배송할 수 있는 품목이 가벼운 것들로 구성될 수도 있고, 수익 범위가 500만원 이상 가능하다는 것이...",https://blog.naver.com/bzfgo0nm/223987291040,이미지 미술,20250829,0,4,0,0,4,False
N잡 월 500만원,기타,직장인 투잡으로 무인카페 창업 카페일분 알아본 이유,"주변에서도 N잡, 투잡 얘기 정말 많이 나오는데… 저도 자연스럽게 “내가 할 수 있는 건 뭐가 있을까?... 아르바이트 한두 명만 써도 월 300~500만 원은 기본이라는데, 무인카페는 직원이 필요 없으니까...",https://blog.naver.com/creation_blog/224194144482,북쪽 창가,20260224,0,4,0,0,4,False
N잡 월 500만원,블로그,40대의 현실적인 순자산... 이걸론 서울에서 못 버틴다!,"약 500만 원 6,000만 원 연간 지출이 6천만 원 이상인데, 자산에서 이 정도 현금이 흐르지 않으면... 리츠, N잡, 블로그 등 현금 흐름 창출 구조화 부채 리모델링 고금리 대출 조기 상환, 고정금리 전환 지출...",https://blog.naver.com/koomanjj2/223862889069,임팀장의 경제연구소,20250512,0,4,0,0,4,False
N잡 월 500만원,기타,주원지엘에스 초보자도 가능한 루트배송 월 250 수익 후기,ㅎㅎ 노력 여하에 따라 적게는 월 350만원에서 많게는 1000만원까지 수입을 올리는 것이 가능하다는 점도 강조하고 싶어요. 여성 기사들도 무겁지 않은 품목으로도 500만원 이상의 수익을 올릴 수 있는 환경이...,https://blog.naver.com/n1yclfls/223910948942,두툼한나무,20250625,0,2,0,0,2,False
N잡 월 500만원,강의,5월 종합소득세 신고 방법｜프리랜서·N잡러 환급 최대...,"✅ 프리랜서·용역 소득 — 3.3% 원천징수 수입이 있는 경우 ✅ 부업·N잡 — 근로소득 + 강의료... 원 500만 원 6,000만~1억 원 400만 원 1억 원 초과 200만 원 월 5만~100만 원 자유 납입 복리 이자 약 3% 적립...",https://blog.naver.com/nehstory898/224271202860,nehstory,20260501,0,6,0,0,6,False
N잡 월 500만원,기타,2030이 ‘진짜’ 1억 빠르게 모으는 방법 5가지!,"월 70만 원 납입 시 최대 6% 이자 지원 5년간 최대 5,000만 원 이 두 통장만 잘 써도 기본 1,500만 원~6... 수익 루틴 만들기 N잡 또는 부업 시작하기 고정 수입만으로 1억은 오래 걸립니다. 부업은 생각보다...",https://blog.naver.com/koomanjj2/223854319818,임팀장의 경제연구소,20250503,0,6,0,0,6,False
N잡 월 500만원,기타,2023년 건강보험료 부과방식 - 직장가입자 + 지역가입자...,"월급 500만원이면 22년 건강보험료 17만4750원 + 장기요양보험료 21,442원 [합계 196,192원] 23년 건강보험료 17만7250원 + 장기요양보험료 21,749원 [합계 198,999원] 2) 개편내용 - N잡러에게 추가 부과...",https://blog.naver.com/wooyongpyo/222863932532,우용표 [코칭컴퍼니],20220901,0,2,0,0,2,False
N잡 월 500만원,기타,"직장인 투잡 종합소득세 완벽 해부: 연봉 8천만 원, 월 250만 원...","서론: 늘어나는 N잡러와 세금의 딜레마, 그리고 직장인 투잡 종합소득세의 실체 최근 평생직장의... 7,500만 원 미만이라면 보통 단순경비율이라는 제도를 적용받을 수 있습니다. 단순경비율은 업종에 따라...",https://blog.naver.com/flying_ten/224231970327,텐텐 정보,20260328,0,4,0,0,4,False
N잡 월 500만원,기타,5억으로 은퇴 가능할까 현실적 계산과 준비 방법,"5억 기준으로 연 3% 인출 = 1,500만 원 → 월 125만 원 이자까지 합치면 월 230만~260만 원 수준은 유지할 수... 아닌 N잡 소득 구조 ② 건강관리 = 최고의 자산 의료비는 은퇴 후 가장 예측 불가능한 지출입니다....",https://blog.naver.com/sarangkongk/224102138193,돈모으기 재테크 부업 창업 연구소,20251208,0,2,0,0,2,False
N잡 월 500만원,스마트스토어,직장인 부수입 현실 TOP5 (실제로 돈 되는 것만),"요즘 직장인 10명 중 7명은  부수입, N잡, 부업에 관심을 가지고 있습니다. 하지만 막상 찾아보면... 운영하면  월 200~500만 원 현실 가능  스마트스토어 위탁판매 장점  ✔ 재고 0 → 리스크 최소 - 상품...",https://blog.naver.com/yallaowo/224166928986,얄라의 다같이 부자되기,20260131,0,8,0,0,8,False
N잡 월 500만원,기타,계약직 실업급여 받을 수 있을까? 2026년 기준 완전 정리,"상·하한 근처에서 결정 (월 환산 약 198만~204만 원) 실제 계산 예시 퇴사 전 월급 적용 일액 결과 280만 원 56,000원 → 하한 66,048원 340만 원 약 68,000원 그대로 500만 원 100,000원 → 상한 68,100원 계약직...",https://blog.naver.com/ozzuzz/224175559464,☆ 단타여전사의 차트on,20260207,0,0,3,0,3,False
N잡 월 500만원,기타,주원지엘에스 전기차 트럭 화물차구인 월 매출 1200만원 목표,"저처럼 N잡으로 추가 수익을 찾는 분들에게 이 소식은 굉장히 반가울 거라 생각됩니다! 사실 저도... 실제로 여성 기사분들 중에 500만 원 이상의 수익을 올리는 분들도 계시다고 하니, 저도 어느 날 그런 수익을...",https://blog.naver.com/14oco62d/224004243206,나뭇가지,20250912,0,6,0,0,6,False
N잡 월 500만원,기타,고등학생 알바도 세금 신고할까? 부모님 연말정산 주의하세요!,"연 500만 원에 가까우면 부모님 인적공제 확인 일용근로소득인지 사업소득인지 홈택스에서 확인 여러 곳에서 알바했다면 소득 합산 여부 확인 2026년 기준으로 알바, 청년, 프리랜서, N잡 소득은 점점 더 세금...",https://blog.naver.com/rxrxrx2026/224269544330,경제자판기,20260503,0,2,0,0,2,False
N잡 월 500만원,기타,건강보험료 소득기준 월급 실수령액 변화 차이,"연봉 6,000만 원 직장인 구분 기준 변경 전 기준 변경 후 월 급여 약 500만 원 약 500만 원 건강보험료... 연봉 5천 이상 중산층 직장인 배당 이자 소득이 있는 사람 부업 N잡 소득이 있는 사람 과거에 비해...",https://blog.naver.com/owen13/224143186724,돈의 정석,20260114,0,4,0,0,4,False
N잡 월 500만원,기타,전문직인데 돈 못 버는 직업 TOP 3,"300~500만 원도 힘든 경우 많음 소송 의뢰는 제한적이고, 수익은 사건 단가에 좌우됨 이유 사건 단가... 건축사여도 월 300~400만 원 받는 경우 많음 고액 연봉 사례는 극소수 대부분은 부업·N잡·투자 병행해야...",https://blog.naver.com/rancer12/224157880547,피엔피건축사사무소(주),20260124,0,8,0,0,8,False
N잡 월 500만원,기타,"[2026년 종소세] 직장인 부업 소득세, 내년부터 건강보험료에...","구축하시는 'N잡러' 직장인 분들이 정말 많아졌습니다. 하지만 열심히 일해서 번 추가 수익의 기쁨도... 연말정산을 거친 후 A씨의 과세표준이 4,500만 원으로 확정되었다고 가정해 보겠습니다. A씨는 현재 15%의...",https://blog.naver.com/fromherein/224271551630,Inform Notes,20260501,0,6,0,0,6,False
N잡 월 500만원,기타,"프랜차이즈 창업 비용, 장사 잘되는 고기집 창업은?","보니 N잡러 분들 또한 급격하게 늘어나고 있는 것 같은데요 저 또한 그러한 이유들로 프랜차이즈 창업과... 가맹비 500만원과 물품 보증금 1,000만원에 대한 비용을 면제해 준다고 하더라고요 참고로 뼈탄집은 현재...",https://blog.naver.com/cooldj79/223439947728,JDTUNE,20240508,0,2,0,0,2,False
N잡 월 500만원,기타,국민내일배움카드 신청 자격 발급 기간 사용처 지원금액 비율,"최대 500만원 지원 요즘에는 평생직장이란 개념이 점점 사라지고, N잡, 이직등이 자유로운 취업시장... 자영업자 월 급여 300만원 이상인 45세 미만의 대기업 종사자 특수형태근로종사자 발급기준 완화...",https://blog.naver.com/1104phj/223354814054,다온누수탐지,20240216,0,2,0,0,2,False
N잡 월 500만원,기타,월급 250만원 매달 텅장 그런데 돈이 미친 듯이 불어나는 진짜...,"프로필: 99년생, 1인 가구, 월급 250만 원 (실수령) 상황: 월 지출 260만 원 (버는 돈보다 더 씀 → 카드... ""밑 빠진 독에 물 붓기"" 아무리 N잡으로 500만 원 더 벌어도, 스트레스받는다고 600만 원 써버리면...",https://blog.naver.com/hsio57/224205435265,N잡냥이 IT로그,20260305,0,2,0,0,2,False
N잡 월 500만원,기타,"5월의 보너스냐 세금 폭탄이냐? 2026 종합소득세, '6월 1일...","프리랜서, N잡러 등 금융소득 이자·배당 소득 합계 2,000만 원 초과 금융소득 종합과세 대상 기타소득 필요경비 제외 후 300만 원 초과 원고료, 강연료, 경품 당첨금 등 연금소득 사적연금 수령액 1,500만 원 초과...",https://blog.naver.com/skyupsky78/224269479794,시선의 기록,20260429,0,2,0,0,2,False
N잡 월 500만원,기타,"2025년 근로장려금 신청, 놓치면 후회할 미리 준비사항 완벽...","중 월 평균 근로소득이 500만원 이상인 분 다른 사람의 부양자녀로 등록된 분  2단계: 가장 중요한... 프리랜서, 알바생 투잡·N잡 근로자 사업소득이 있는 직장인 임대소득, 기타소득이 있는 분  필요 서류...",https://blog.naver.com/hr_dong/223967178753,동동이의 HR 끄적임,20250811,0,4,0,0,4,False
N잡 월 500만원,강의,[특강] 연간 150만원 확정수익 그리고.. 10억대 자산가되는법,시간쓰지 않고 연간 150만원 받을 수 있는 방법 월에 따박따박 500만원 이상 받을 수 있는 방법 전부... - 강의하는 상큼한오후 - N잡 학교 오픈톡방 주식 강의 비범한 사람들 오픈톡방 주식 강의 투자의 시크릿...,https://blog.naver.com/wackystock/223526026051,상큼한오후의 투자연구소,20240726,0,8,0,0,8,False
N잡 월 500만원,유튜브,"유명하지 않아도, 월 300버는 비법 + 참여자 28만원 상당 특전...","실제로 저는 약 2.2만 유튜브 N잡학교를 운영하고 있고, 유튜브를 통해서도 많은 수익을... 모금 하루만에 약 500만원을 달성했죠. 특별한 사람만 되는거 아니냐고요? 네 아닙니다. 실제로 전자책 펀딩에...",https://blog.naver.com/piplineproject/223420424368,"N잡의 시작, N잡 학교",20240419,0,6,0,0,6,False
N잡 월 500만원,기타,"4세대 아파트를 넘어 이제 5세대? 1세대, 2세대, 3세대 아파트...","얻고) 월 순수익 500만원 서초 연습실 거래 직장인 투잡, n잡 최적화 모델) 직장인이 부업으로 월소득 350만원 늘리다 1세대 아파트 1960년대 이후 ~ 1980년대 후반 도화동 마포아파트(현재는 재건축되어 마포삼성)...",https://blog.naver.com/lean-system/223576512390,재재신 블로그_돈 되는 이야기,20240908,0,6,0,0,6,False
N잡 월 500만원,기타,요즘뜨는 창업 아이템. 온라인 통신 대리점으로 월 천,"이제는 모두가 N잡, 부업이 필수인 시대에 살고 있습니다. 최근 대기업에서 근무하시는 분을 만나뵙게... 창업은 500만 원도 안되는 소자본으로 나만의 아이템으로 창업이 가능합니다. 뿐만 아니라 마케팅 방법과...",https://blog.naver.com/ginkgomkt/223764737917,방구석 창업,20250219,0,4,0,0,4,False
N잡 월 500만원,기타,"2026년  국민연금 변경, 은퇴자에게 득일까 실일까? (개혁안...",기존: 월 299만 원(A값 초과 소득) 이상 벌면 감액 변경(추진): 월 약 500만 원 수준으로 상향 조정 (감액... 전략: 소득 활동을 두려워 말고 적극적인 'N잡'이나 재취업에 도전하여 현금 흐름을 극대화하세요. 2....,https://blog.naver.com/bdb1998/224172415538,세미파이어,20260205,0,2,0,0,2,False
N잡 월 500만원,기타,"원주 더배움아카데미｜원주 퍼스널컬러 강사 과정, 부업...",내일배움카드를 통해 개인별 조건에 따라 5년간 최대 500만원 지원 가능하오니 이번 기회에 적극... 활동 ✔ N잡 / 부업 시작 요즘은 “기술 하나 = 수익 구조”로 연결되는 시대입니다. 퍼스널컬러는  비교적...,https://blog.naver.com/baeum01/224237994435,더배움아카데미,20260402,0,6,0,0,6,False
N잡 월 500만원,기타,2026년 종합소득세! 신고기한 5월말 일요일이라 6월초로...,"* 합산 대상 소득:이자, 배당, 사업(부동산 임대 포함), 근로, 연금, 기타소득 * 직장인이더라도 'N잡... * 노란우산공제:사업자라면 소득 금액에 따라 최대 500만 원까지 소득공제를 받을 수 있어 가장 강력한...",https://blog.naver.com/newworldkorea/224273922505,인공폭포/인조암/GRC 전문,20260504,0,2,0,0,2,False
N잡 월 500만원,기타,공유오피스비상주 안전한 곳 찾으신다면,보증금으로 500만 원 쓰느니 그 돈으로 재고 더 개발하고 확보하는 게 낫겠다 싶어 워크24를... 부업이나 n잡 하시는 분들도 많이 쓰세요. 본업 있는 상태에서 부업으로 온라인 사업 시작하는데 집 주소는 쓰기...,https://blog.naver.com/morlion/224173995778,와사비사비 생와사비,20260206,0,2,0,0,2,False
N잡 월 500만원,기타,[2026년 종합소득세] 세금 폭탄 피하는 마법의 단어! 소득별...,"직장인과 N잡러 필수! 근로소득 비과세 완벽 해부 식대 비과세 (월 20만 원) 자가운전보조금 (월 20만 원)... 예를 들어, 내 연봉이 5,000만 원인데 그중 비과세 소득이 500만 원이라면, 국세청은 내 소득을 처음부터...",https://blog.naver.com/fromherein/224239855597,Inform Notes,20260403,0,2,0,0,2,False
N잡 월 500만원,기타,"""N잡러가 돈 많이 번다고?""…생계형 N잡러 늘어나는 이유는",또 복수 일자리 종사자의 월 소득을 비교해보면 소득 200만원 미만의 비중이 67.7%로 가장 높은 반면 단독 일자리 종사자는 200만~500만원 미만인 비중이 48.9%로 가장 높았습니다. 선택에 의해 N잡러가 된 것이...,https://blog.naver.com/naverlaw/223442305379,네이버 법률,20240521,0,2,0,0,2,False
N잡 월 500만원,기타,프리랜서·N잡러 건강보험 지역가입자 보험료 줄이는 법...,저도 신혼집에서 N잡 시작하고 나서 가장 놀란 게 건강보험료 고지서였어요. 직장 다닐 땐 회사가... 사업소득 500만 원 이하 [재산 요건] • 재산세 과세표준 합계 5.4억 원 이하 • 5.4억~9억 원 구간은 연소득...,https://blog.naver.com/kanchoooo_/224259016465,살림백과 by 이웃집 언니,20260420,0,2,0,0,2,False
N잡 월 500만원,기타,"월급은 적은데, 아껴 쓰기는 싫다면","'파이프라인 구축', 'N잡'이라는 말을 많이 쓰게 되는데, 직장 외에서 소득을 올릴 수 있는 몇 가지 일을... 월 수입이 40만원만 늘어나도 연봉 500만원이 올라간 효과가 생깁니다. 꼭 해보시기 바랍니다.",https://blog.naver.com/zigyt/223119878696,정현의 올바른 재테크,20230604,0,2,0,0,2,False
N잡 월 500만원,기타,지금 1억 종잣돈 못 만들면 놓치는 자산형성 골든타임,하지만 1억 원으로 같은 5% 수익을 내면 500만 원이 됩니다. 수익률은 같아도 자산 규모에 따라 결과의... N잡과 부수입은 선택이 아니라 가속 장치 월급만으로 1억 종잣돈을 만들 수는 있지만 속도가 아쉬울 수...,https://blog.naver.com/bside_kk/224265216208,B-Side K,20260426,0,6,0,0,6,False
N잡 월 500만원,기타,"청담르엘 일반분양, 역대 최고 분양가인데도 시세차익이 무려...","무인점포) 매매 한 번으로 월 순수익 230만원 추가 직접 사용도 하고, 월 500 고정수익도 얻고) 월 순수익 500만원 서초 연습실 거래 직장인 투잡, n잡 최적화 모델) 직장인이 부업으로 월소득 350만원 늘리다",https://blog.naver.com/lean-system/223575524954,재재신 블로그_돈 되는 이야기,20240907,0,6,0,0,6,False
N잡 월 500만원,기타,"10월 19일 Day 03, 경제적 가난에서 자유로 가는 가장 쉬운 길...","예를 들어, 1억 원을 연 5% 배당률의 기업에 투자하면 1년 동안 500만 원의 배당금이 발생한다. 세금을... 많은 사람들이 두 번째 월급을 만들기 위해 N잡에 몰두한다. 그러나 대부분의 부업은 ‘내 시간을 더...",https://blog.naver.com/araengclass/224046065587,이지 잉글리쉬 스쿨,20251019,0,6,0,0,6,False
N잡 월 500만원,기타,주원지엘에스 화물차 일거리 시작해도 될까?,"경험에 따라 수익은 다양하지만, 적게는 월 350만 원부터 많게는 1000만 원까지 벌 수 있습니다. 여성 기사 분들도 충분히 고수익을 올릴 수 있습니다. 많게는 500만 원 이상을 받을 수 있는 기회가 있으며, 가벼운...",https://blog.naver.com/kl5hswib/224140440702,이탈리아의 베니스 캐널과 건물,20260110,0,2,0,0,2,False
N잡 월 500만원,유튜브,"[부업 추천] 퇴근 후 30분, 소소하지만 확실한 ‘에어드랍’...","사이에서 'N잡', '부업'은 선택이 아닌 필수가 되었습니다. 하지만 유튜브나 SNS를 보면 ""월 천만 원 보장... 적게는 수십만 원에서 많게는 500만 원에 달하는 강의들도 존재하지만, 사실 그 내용이 부실한 경우가...",https://blog.naver.com/urbasketchman/224228690373,urbasketchman님의 블로그,20260325,0,8,0,2,6,False
N잡 월 500만원,기타,육아휴직수당 받으면서 사업자등록 가능할까?,그러니까 매출이 500만 원이라도 순수익이 100만 원이라면 급여 지급 제한 기준에는 해당되지 않습니다.... 결과 급여를 지키면서 N잡러가 될 수 있는 기회! 육아휴직의 본래 취지를 해치지 않는 선에서 미래를...,https://blog.naver.com/psy-wave/224094202051,육아는 처음입니다만,20251201,0,6,0,0,6,False
N잡 월 500만원,기타,모두가 궁금해 하는 대리기사 수입,"여기서의 포인트는 12월 대목 시즌에는 정산 전 금액이 월 500만 원이 넘는 반면, 8월 휴가철에는 평상 시보다는 떨어져 300만 원대를 기록한 부분입니다. 떨어진 부분도 N잡에 비해 굉장히 높은 편임을 알 수...",https://blog.naver.com/tastegoyang/223398405355,맛고양 선장,20240328,0,2,3,2,3,False
N잡 월 500만원,기타,"종합소득세 D-18, 부업러 안 하면 가산세 20% (2026 환급 완벽...","1일 (월) 신고 기간 2026.5.1~5.31 (일요일 → 6.1까지) 대상 부업·N잡·프리랜서·금융소득 등 미신고... 한도는 연 500만원이지만, 10만원까지가 가장 효율 높습니다 (10만원 초과분은 16.5% 공제율로 떨어짐). 신청...",https://blog.naver.com/gyeongje_namja/224284903630,경제읽는남자,20260514,0,4,0,0,4,False
N잡 월 500만원,기타,주원지엘에스 새벽 일자리 초보도 가능한 구조,월 350만원에서 많게는 1000만원 이상을 벌 수 있는 기회가 있죠. 물론 이런 차이는 개인의 노력에 따라 달라질 수 있습니다. 여성 기사분들도 고수익을 올릴 수 있습니다. 가벼운 품목 위주로 배송하며 500만원...,https://blog.naver.com/tvyl8hyr/224127628223,하늘에서 내리는 일억개의 별,20251230,0,2,0,0,2,False
N잡 월 500만원,기타,"2026년 ""국민연금 인상 확정"" !!! 내 월급에서 얼마 더 빠지고...","월급 300만 원 직장인 기존 대비 약 7,500원 추가 커피 한 잔 반 수준 월급 500만 원 직장인 기존 대비 약 12... 완화 월 소득 약 509만 원 미만 연금 감액 없음 실질적인 의미 일반적인 재취업·알바·N잡 수준은...",https://blog.naver.com/gaja88-/224169763301,건설면허 법인 M&A 기업진단 건설기술자 경영구조조,20260203,0,2,0,0,2,False
N잡 월 500만원,기타,"""건물주 위에 반포주"" 1년에 120% 상승?","얻고) 월 순수익 500만원 서초 연습실 거래 직장인 투잡, n잡 최적화 모델) 직장인이 부업으로 월소득 350만원 늘리다 언제부턴가 갓물주로 불리던 건물주인보다 반포주인(?)이 선호되는 것 같습니다. 벌써...",https://blog.naver.com/lean-system/223573186102,재재신 블로그_돈 되는 이야기,20240905,0,6,0,0,6,False
N잡 월 500만원,기타,구성남 재개발 상대원2구역 매물? 안전마진 O억,"얻고) 월 순수익 500만원 서초 연습실 거래 직장인 투잡, n잡 최적화 모델) 직장인이 부업으로 월소득 350만원 늘리다 '천지개벽'이란 말은 구성남에 딱 어울립니다. 아직까지 학업성취율은 안 나오고 있지만...",https://blog.naver.com/lean-system/223579016143,재재신 블로그_돈 되는 이야기,20240910,0,6,0,0,6,False
N잡 월 500만원,기타,40~60세(중·장년층)의 현재 최고 관심사,"은퇴 후 고정수입 만드는 방법 연금만으로 부족한 현실 → 부업·N잡 자녀 교육비 이후 자산 재정비... 용품  월 100~500만 원 가능  마케팅 공부 필수  7. 단기 근로 + 반고정 수입 “완전 은퇴 말고, 반은퇴”...",https://blog.naver.com/ican1004kr/224139606819,바람의 결,20260108,0,4,0,0,4,False
N잡 월 500만원,기타,500만 지원받는 내일배움카드 자격 총정리,"구분 제외 조건 고소득·고자산 계층 월 소득 500만 원 초과 특정 근로자, 고액 자산보유자 공무원... 부업·N잡 준비를 하고 싶은 직장인 지금이 ‘신청 골든타임’인 이유 2025년 지원 한도가 확대되고...",https://blog.naver.com/hahoyahayihihi/224101401005,jisooha님의 블로그,20251207,0,4,0,0,4,False
N잡 월 500만원,강의,"4대 보험 완벽 정복: 직장인, 프리랜서, 단기 근로 유형별 총정리","N잡러 이과장: 본업 연봉 6,000만원 + N잡(강의) 소득 연 2,500만원. 결과: N잡 소득이 2,000만원을 500만원... 단기 근로 N잡러 (월 60시간의 법칙) 여러 곳에서 아르바이트(단기 '근로') 형태로 N잡을 하는 경우입니다....",https://blog.naver.com/ishur1125/224047541448,회계사의 클럽하우스 : Life Balance Edition,20251020,0,4,0,0,4,False
N잡 월 500만원,유튜브,5월이 왔다! 2026 종합소득세 신고 처음이라면 이것만 보세요...,"특히 요즘 같은 N잡 시대에, 본업 외에 유튜브 수익·블로그 수익·강의료·배달 알바가 있다면 이미... 연 최대 500만 원까지 가능해 절세 효과가 큽니다. 홈택스 신고 5단계 — 처음도 10분이면 완료 국세청이...",https://blog.naver.com/bawcockeh23/224250685805,브레니의 클래식한 블로,20260413,0,12,0,0,12,False
N잡 월 500만원,기타,주원통운 새벽 일자리 장기근속 가능한가요,"거기에 자신이 노력한 만큼 월 350만원에서 많게는 1000만원까지 수익을 올릴 수 있다는 점이 너무 매력적이었습니다. 물론, 여성분들도 많게는 500만원 이상의 수익을 올릴 수 있다고 하니 성별의 벽도 없답니다....",https://blog.naver.com/iql5531b/224083495483,부드러운아보카도,20251122,0,2,0,0,2,False
N잡 월 500만원,기타,2026년 건강보험료 피부양자 자격 상실 조건 총정리  연금...,월 84만 원 정도의 소득만 있어도 지역가입자가 되어버립니다.  〰️〰️〰️〰️〰️ 4. [사업 요건] 프리랜서와 임대사업자의 함정  요즘 N잡 하시는 분들 많으시죠? 여기서 실수하시는 분들이 정말...,https://blog.naver.com/tel1638/224124295905,슬기로운 정보,20251227,0,2,0,0,2,False
N잡 월 500만원,기타,국민내일배움카드 신청 자격 조건 사용처 신청방법 알아보기,"이제는 N잡, 끝없는 자기계발이 필수가 되었습니다. 과거에도 있었지만 지금과 같은 시기에 더... ✅지원 제외 대상 공무원, 사립학교 교직원 75세 이상인 사람 월 소득 500만원 이상 특수형태근로종사자(택배...",https://blog.naver.com/dojang71/223976219387,현대방수설비,20250819,0,2,0,0,2,False
N잡 월 500만원,기타,코스피 6475·환율 1484…파월 '마지막 FOMC' 주간이 시작됐다,"[연결] 2025년 한 해 동안 N잡 부수입 300만 원 초과면 분리과세가 아닌 종합과세 대상이 된다. 본업 연봉이 5,000만 원이고 부수입이 500만 원이면, 본업의 한계세율(15%)이 아니라 합산 후 더 높은 구간(24%)이...",https://blog.naver.com/clouddiary_today/224266413825,clouddairy_today,20260427,0,4,0,0,4,False
N잡 월 500만원,유튜브,"육아휴직자 연말정산, 소득공제 기준부터 부업 수입 신고법까지",소득)가 500만 원 이하라면 배우자의 부양가족으로 등록 가능 환급 전략 : 근무 기간 동안 낸 기납부세액을 전액 돌려받는 것을 목표로 함 휴직 중의 부업으로 인한 수익은? 최근 'N잡' 열풍으로 블로그나 유튜브...,https://blog.naver.com/hoonyplant/224153307645,후니네 3D 공작소,20260125,0,10,0,0,10,False
N잡 월 500만원,기타,싱글맘 투잡 아직도 진행중 - 세가족 수입 지출 정리,나의 N잡 세가지 일 [ 투잡 + 아르바이트] 회사 12시~2시 사이엔 발주서 메일을 보내야 하고 5시엔 꼭... - 숨쉬고 살면 한달 500만원은 너끈히 쓴다. - 이번달 딸아이가 제주도 수학여행 다녀오며 학교낸 60만원을...,https://blog.naver.com/mingkigd/223912845375,한삽 뜨러 갑니다.,20250626,0,4,0,0,4,False
N잡 월 500만원,기타,주원지엘에스 새벽 일자리 선택한 중년의 이유,"특히, 주원지엘에스에서 일하면 기존 월급 외에도 부가적인 수익을 창출할 수 있어, 요즘 같은 N잡... 간단한 배송품목으로도 고수익을 낼 수 있는 좋은 조건을 마련해 주고 있어서, 실제로 500만 원 이상의 수입을...",https://blog.naver.com/23dtzhg2/224129233985,기분상승,20260101,0,4,0,0,4,False
N잡 월 500만원,기타,주원통운 중년 직업 추천 성공사례,"급여는 개인의 노력에 따라 월 350만원에서 1000만원까지도 가능하다니! 참으로 매력적이었죠. 또한, 많은 여성 기사분들도 이 분야에서 고수익을 올리고 있다는 사실이 용기를 주었습니다. 500만원 이상의 급여가...",https://blog.naver.com/2uh0xbaf/224115588064,내일의 나를만들기,20251220,0,2,3,2,3,False
N잡 월 500만원,기타,고용노동부 내일배움카드 신청방법 발급안내 자격조건,"요즘 이직, 전직, N잡 준비하는 분들 정말 많으시죠? 특히 변화하는 시대에 대비해 기술 하나쯤은 갖고... 특히 2020년부터는 ‘국민내일배움카드’라는 명칭으로 통합되어, 1인당 **최대 500만 원(일부는 300만...",https://blog.naver.com/dht533g/223929535119,진이,20250713,0,2,0,0,2,False
N잡 월 500만원,스마트스토어,국민내일배움카드를 기반으로 교육사업 구축하는 법...,"40~50대 경력단절·중장년: 돌봄·간호·요양·서비스 자격증, N잡(온라인 판매, 1인 창업·세무 기초 등)... 특수형태근로종사자·프리랜서(월 소득 500만 원 미만 수준). 대학생 중 졸업까지 남은 수업 연한이 2년...",https://blog.naver.com/james_gold/224179844142,제임스골드의 톡톡 라이프,20260211,0,4,0,0,4,False
N잡 월 500만원,블로그,블로그수익화문답집 제안서 하나로 역제안 월500버는법...,제안서 하나로 월500만원이상 러브콜 받는 브랜드가 늘어나는 역제안 비법 선착순 100권 샘플 책 서평단... 역제안으로 월500버는법 미리 보기 N잡러 티유 성장 스토리 취미로 1주만에 돈 벌기 어떻게? 수익화...,https://blog.naver.com/hsio57/223422672989,N잡냥이 IT로그,20240422,0,6,0,0,6,False
N잡 월 500만원,기타,주원통운 운전직 일자리 고정 수익 나오는 구조,"예전에는 평생 직장이라는 개념이 강했지만, 요즘에는 N잡 시대라면서 새로운 직업에 도전하는... 500만원 이상의 월급을 받을 수 있다고 하니, 더욱 동기부여가 되었죠! 사실 이 분야는 사기로 인한 피해 사례가...",https://blog.naver.com/u2woix0o/224122474630,해상유수,20251225,0,4,0,0,4,False
N잡 월 500만원,기타,내 돈 없이 1억 버는 코인 프랍트레이딩 비법,"""내 시드머니 500만 원으로 1억 원을 만들려면... 복리로 100% 수익을 몇 번이나 내야 하지?"" 계산해 보면... ● 365일 24시간 시장: 주말에도 장이 열리기 때문에, 직장인도 퇴근 후나 주말을 이용해 충분히 'N잡...",https://blog.naver.com/ironman13th/224207021416,ironman13th님의 블로그,20260306,0,4,0,0,4,False
N잡 월 500만원,콘텐츠,"2024년 목표, 그리고 1월 계획 선언",본업+N잡 : 월 5천 만원 달성 2) 인스타그램 : 3만 팔로워 달성 ▣ 자기계발 목표 1) 월 독서 1권 2)... 퇴근 걸어서 하루 1만보 걷기 (주 4회 이상) ▣ 재테크 목표 1) 주식투자 (목표금액 : 500만원) 2) 적금...,https://blog.naver.com/honey_j_budongsan/223307693994,허니제이 부동산,20231230,0,4,0,0,4,False
N잡 월 500만원,기타,스터디카페 창업 비용 수익률 이 글만 보시면 됩니다,"자격증 취득, 승진 준비, N잡 업무 공간을 찾는 직장인들까지, 스터디카페 이용층은 점점 다양해지고... 기준 월 임대료는 200만원에서 500만원 선에서 형성됩니다. 스터디카페는 1층보다 3층 이상 높은 층에...",https://blog.naver.com/isenstnc/224057848539,"당신의 성공이 시작되는 곳, 초심 스터디카페",20251029,0,4,0,0,4,False
N잡 월 500만원,블로그,"알바·부업 수익, 건강보험 피부양자 자격에 영향 있을까?모르면...","가능) N잡 플랫폼 활동 (크몽, 탈잉, 타링 등)  이런 수익은 금액이 작아도 ‘사업자 등록 없이... 가능 (500만 원 초과 주의) ❌ 사례 2. 블로그 수익 월 5만 원 → 사업소득 발생 → 즉시 피부양자 자격 상실...",https://blog.naver.com/whaletoad/224102714687,소비는 줄이고 만족은 높이는 살림노트,20251208,0,8,0,0,8,False
N잡 월 500만원,기타,퍼플인컴 경매수련원 I 005. 20대때부터 경매를 배우는 이유,"순수익 500만원 이상, 신축 아파트 1채 보유까지 성과를 냈기 때문에 이번에도 “무조건 하겠다“라는... 앞으로의 계획 1) 매월 최소 1회씩 입찰 진행 : 낙찰, 매도 프로세스 거치며 2년간 체득화하기 2) N잡...",https://blog.naver.com/lucia0747/223709122391,⭐️다시 태어나도 나로 살기,20241230,0,4,0,0,4,False
N잡 월 500만원,기타,"N잡러를 위한 '종합소득세 절세 만능템' 6가지, 나만 빼고 다...","있는 N잡러도 가입할 수 있거든요. 2025년부터 소득공제 한도가 기존 500만 원에서 600만 원으로 올라간... 저도 작년에 노란우산공제에 월 25만 원씩 넣었는데, 연간 300만 원 소득공제를 받으니까 체감 절세...",https://blog.naver.com/infowl/224260154027,infowl 정보 블로그,20260421,0,2,0,0,2,False
N잡 월 500만원,기타,부업 수익이 본업을 넘는 순간,최대 월 400~500만원의 부수입을 창출하며 많은 N잡러에게 영감을 주고 있습니다. 그녀의 여정 속에서 우리는 다음과 같은 핵심적인 시사점들을 발견할 수 있습니다. 1-1. 시작의 동기와 위기 극복의 자세 유이엔...,https://blog.naver.com/m0ney-m0ney/224149874807,돈 버는 방법,20260118,0,8,0,0,8,False
N잡 월 500만원,블로그,꿈의 시각화,"[ N잡으로 월 현금흐름 500만원 만든다. ] [ 이번 겨울에 아이들과 해외 단기 거주한다. ] 이 두가지 우선적으로 실현해서, 블로그 인증하는 날이 오기를 희망해봅니다! 내가 갖고 싶은 것을 생각하고 이미지화...",https://blog.naver.com/mimosa2034/222774361568,미모사의 부동산과 교육이야기,20220615,0,4,0,0,4,False
N잡 월 500만원,기타,"N잡러, 투잡러의 두 곳 이상 소득 신고 및 계산법 완벽 가이드","요즘 'N잡러', '투잡', '긱 이코노미(Gig Economy)'라는 말, 정말 많이 듣지 않으시나요? 하나의... 소득 500만 원 이 사람의 총 소득은 월 1,100만 원입니다. 국민연금: 오직 A 직장의 소득(600만 원)으로만...",https://blog.naver.com/fromherein/224061061474,Inform Notes,20251101,0,4,0,0,4,False
N잡 월 500만원,기타,"N잡을 위한, 국민내일배움카드 신청방법 및 조건, 재직자...","그러면서 N잡에 관심이 생기게 되었고 뭐라도 배워보자고 찾던 중 구직자뿐만 아니라 재직자도 신청... 자영업자, 월 임금 300만원 이상인 대규모기업종사자(45세 미만), 월평균소득 500만원 이상인...",https://blog.naver.com/nolso_/223370167893,nolso의 일상,20240301,0,2,0,0,2,False
N잡 월 500만원,콘텐츠,2026년도 최고의 부업,"비용 월 수익 잠재력 (한국 기준) 왜 2026년에 뜨는가? 시작 플랫폼/팁 1 AI 콘텐츠/프롬프트 제작 판매 초보~중급 0~5만 원 100~500만 원+ AI 도구(ChatGPT, Midjourney, Claude 등)로 고품질 콘텐츠·템플릿...",https://blog.naver.com/hayaruby59/224150792406,나의살던 고향은.....,20260118,0,6,0,0,6,False
N잡 월 500만원,블로그,어쩌다보니.. 해외주식 배당금 350만원 달성,"월급 외로 블로그, n잡 등을 통해 열심히 현금 흐름을 만들고 있다. 나와 와이프는 전체 소득에서 실제... 수준이지만 월 배당금이 300~500만원이 되는 그 날까지 계속해서 투자를 늘려갈 예정이다. 그 과정은...",https://blog.naver.com/hermebook/223631436041,에르메의 재테크북,20241024,0,4,0,0,4,False
N잡 월 500만원,기타,"2026년 종합소득세율 완벽 해부: 5월의 전쟁, 3월에 끝내는...",등 'N잡'을 영위하는 분들이 급증했습니다. 이제 종합소득세는 특정 사업자만의 고민이 아닙니다.... 최대 500만 원까지 소득공제가 가능해 과세표준 자체를 낮춰줍니다. 연금저축 & IRP: 2026년 현재 가장...,https://blog.naver.com/ay3201/224210387990,"느려도 확실한, 리치터틀의 추월차선",20260309,0,2,0,0,2,False
N잡 월 500만원,스마트스토어,직장인 투잡 가능한 직업 TOP 10,실제로 N잡 시대가 열리면서 ‘투잡’은 선택이 아니라 커리어 확장 전략으로 자리 잡고 있죠.... 20만~500만 원 스마트스토어 낮음 소액 하루 30분 20만~500만 원 디지털 상품 판매 낮음 없음 주 2시간 10만...,https://blog.naver.com/headhunter33/224102896442,헤드헌터 윤재홍,20251209,0,6,0,0,6,False
N잡 월 500만원,유튜브,국민내일배움카드 신청 전 필독! 2025년 국비지원 베스트 5...,"핵심: 1인당 5년간 최대 500만 원 지원, 2025년엔 디지털/신기술 분야 혜택이 더 커졌습니다. 2. 추천... 영상 편집 & 유튜브 크리에이팅 추천 대상: 부업(N잡)을 꿈꾸는 직장인, 퍼스널 브랜딩이 필요한 자영업자...",https://blog.naver.com/pbjkrkr/224103604141,라이프전략가 박병진,20251209,0,6,0,2,4,False
N잡 월 500만원,기타,건강보험 피부양자 자격 상실 기준 정리,3% 사업소득 → 연 500만 원만 되어도 상실 위험 특히 프리랜서·N잡은 사업소득 신고되면 바로... 대부분 월 8만~15만 원 •1인 지역가입자 평균 •재산 많으면 20만~40만 원까지도 부과 특히 프리랜서·1인...,https://blog.naver.com/k5682016/224079151335,✨쿠택스 세무기장,20251117,0,2,0,0,2,False
N잡 월 500만원,기타,3년 만에 5천만 원 모으는 현실 포트폴리오,"현실적인 월 저축 전략 고정 지출 최소화 및 변동비 관리 부수입 창출(투잡, 프리랜서, N잡)... 수익 500만 원까지 비과세) 연금저축펀드(연 400만 원 세액공제) IRP(개인형 퇴직연금) 캐시백 및 포인트...",https://blog.naver.com/ohroseshop/224179984652,bom의 블로그,20260212,0,8,0,0,8,False
N잡 월 500만원,블로그,내집마련 목표 세우고 나서 달라진 것들,핸드폰 요금 낮추기 교통비는 K 패스 환급 비상금으로도 500만원 가까이 모였더라구요. 그래서... N잡에 대해서도 더 현실적으로 고민해보려고 하고요. 그리고 블로그에 ‘뉴스를 통해 배우는 경제’라는...,https://blog.naver.com/lessword/224201179048,내 집 마련 경제 공부,20260302,0,4,0,0,4,False
N잡 월 500만원,기타,[완독#1]월급말고 부업으로 돈벌어보자,7개의 N잡들 4장ㅡ2년 만에 월500만원 파이프라인을 만든비결 5장ㅡ지치지 않고 황금거위를 만드는 법 각 장마다 월급 외 돈을 버는 방법들이 잘 나와있다 난 이책을 읽고 안개낀 인생속을 살다 어느정도 제2의...,https://blog.naver.com/choworker/224009267486,브릭 러버,20250915,0,4,0,0,4,False
N잡 월 500만원,기타,"직장인 투잡 겸업 금지, 회사 몰래 해도 괜찮을까?","많은 분들이 월급 외 추가 수입을 위해 N잡을 고려하지만, 회사 규정 때문에 망설이는 경우가 많습니다.... 부동산 임대: 소형 오피스텔 1채 운영 시 연 500만 원 정도의 부수입을 올릴 수 있습니다. 겸업 승낙 신청...",https://blog.naver.com/sharp-market-gpt/224138712519,까칠한경제: 데이터와 AI로 꿰뚫는 시장의 본질,20260108,0,6,0,0,6,False
N잡 월 500만원,기타,"2026년 자영업 폐업률 85% 시대, 살아남는 소상공인이 반드시...","2026년 기준 N잡러가 67만 명을 넘어섰고, 직장인 10명 중 4명이 부업 경험이 있다고 해요. 월 평균 부업 수입이 42만 원이래요. 적다고 느끼실 수도 있는데, 이 42만 원이 비상금 통장에 쌓이면 1년에 500만 원이에...",https://blog.naver.com/gangmandu/224240579437,22살 백수의 경제적 자유 도전기,20260404,0,4,0,0,4,False
N잡 월 500만원,기타,"배당금 1,000만 원 넘으면 건보료 폭탄? 2026년 지역가입자...","최근 배당 투자나 N잡 부업에 뛰어든 사장님들 사이에서 가장 무서운 단어는 바로 '건보료 1,000만 원... 예시: 내 사업 소득 세율이 24% 구간일 때, 초과된 배당 소득 500만 원에 대해서는 24% + 지방세(2.4%) = 총...",https://blog.naver.com/ykm303/224193962809,꿀배의 경제 습관 만들기,20260224,0,6,0,0,6,False
N잡 월 500만원,기타,"직장인, 집에서 할 수 있는 부업으로 부수입 100만 원??","요즘 N잡, 파이프라인, 직장인 부업 이런 단어들을 쉽게 들을수있는 시대인 것 같습니다. 오르는... 매달 매출이 조금씩 성장을 하긴 했었지만 월 매출 500만원, 순수익 100만원에 도달하기까지는 오랜 시간이...",https://blog.naver.com/hstory0713/223191957436,블루밍의 경제적 자유 도전,20230824,0,10,0,0,10,False
N잡 월 500만원,유튜브,월 천 개 쉽죠? [창업일지],"건 '월 천 개 쉽죠'라는 어그로를 나는 못 끌겠다. 며칠 전 강의에만 500만 원은 질렀다고 했는데 이 말을 정정해야겠다. 이제 700만 원이다. 돈 버는 강의, N잡, 창업에 대한 교육 상품들이 참 많다. 그리고 유튜브...",https://blog.naver.com/ppaksaem/223354752530,교사지만 부자가 될 | 프리덤티쳐,20240216,0,6,0,0,6,False
N잡 월 500만원,스마트스토어,2년안에 1억모으기 가능?,"(월) +1,500,000 N잡 필수 (투잡/프리랜서/온라인 판매/과외/블로그·유튜브 수익 등) 총 월수입 목표 4,500,000 2년간 유지 현실적으로 월 300~500만 원의 부수입을 만들어야 2년 만에 가능하단 이야기당..ㅜㅜ...",https://blog.naver.com/lyrd0730/224016756308,경제적 자유를 꿈꾸는 워킹맘 30대 직장인 이야기!,20250922,0,14,0,2,12,False
N잡 월 500만원,기타,"월급 250만원 1억 모으기, 5년 만에 가능할까?",N잡 (단기 현금 확보) 주말이나 퇴근 후 2~3시간 투입으로 월 30~60만 원 추가 소득이 가능합니다.... 2단계는 CMA통장에 비상금 300~500만 원을 우선 확보한 후 투자 대기 자금을 파킹합니다. 3단계는 ISA와...,https://blog.naver.com/jamin7000/224184796530,김미생,20260217,0,4,0,0,4,False
N잡 월 500만원,블로그,스토리텔링:  블로그 수익화 혁명,"보험설계/법인재무/N잡) - 프로필: ""OOO | 10년 차 FP, 3,000건 처리"" 2. **지수 관리** (2~3주) - 준체7 달성... 담당하라"" ""최적2+ = 월 1,500만 원 수익의 시작"" ""당신의 지식이 150만 원짜리 자산이 됩니다"" 8. 고객...",https://blog.naver.com/mailer-/224109493470,Ss 보험닥터 김성한 01058002008,20251214,0,6,0,0,6,False
N잡 월 500만원,배달,"""행운에는 반드시 이유가 있다"" – 당신은 지금 어떤 선택의...","필요함) ● N잡형 온라인 클래스/코칭 예: 줌, 클래스101, 탈잉 등 예시: 엑셀, 요가, 그림, 영어, 자소서... 원~500만 원 정도 ● 1인 반찬가게 / 도시락 배달 집에서 시작 가능 (식품위생 신고 필요) SNS 또는 지역...",https://blog.naver.com/cje2642/223951319336,애터미생활건강,20250729,0,4,0,0,4,False
N잡 월 500만원,기타,이제 절  라고 불러주시죠! - 해외 구매대행 부업...,제 N잡 이야기와 해외구매대행 사업이 궁금하시다면 아래 포스팅을 참고해주세요 ~! 해외 구매대행 하는 직장인의 하루일과 - 월 2천만원 루틴 구매대행 사업 준비하는 방법&순서 개인적으로 중국...,https://blog.naver.com/bromiden/223062109315,N잡러 로라의 노트북 한대로 '월천만원' 만들기,20230401,0,4,0,2,2,False
N잡 월 500만원,기타,딱 1억만 모읍시다(김경필),300~500만 원 미만: 월 소득의 25% 미만 월 소득 500~800만 원 미만: 월 소득의 20% 미만 식생활비: 장바구니... 부자는 40~50대 초반부터 성장형 N잡을 시작한다. 60세 전까지는 나의 적성에 맞는지와 관계없이...,https://blog.naver.com/dojinidoll/224144247249,도지니♡,20260112,0,2,0,0,2,False
N잡 월 500만원,기타,주원통운 50대 일자리 고민 중이라면 새벽배송 정답,"예전에는 평생 직장이라는 개념이 있었지만, 요즘은 N잡 시대잖아요. 안전한 노후 준비를 위해 추가... 500만원 이상을 벌어들은 사례도 적지 않다고 하니, 마음이 좀 더 끌리더라고요. 다만, 당일지입을 시작할...",https://blog.naver.com/bfs15fp4/224052183605,캠프데파인극지항공,20251024,0,2,0,0,2,False
N잡 월 500만원,스마트스토어,"1,000만 원 목돈 굴리는 방법 3가지 비교","N잡·사이드잡 창업: 스마트스토어, 쿠팡파트너스, 블로그 마케팅 무인 판매기·배달대행·스몰창업... 저위험형 포트폴리오 (원금보전 우선) 정기예금 (50%) – 500만 원 MMF 또는 CMA 계좌 (30%) – 300만 원...",https://blog.naver.com/wkdckdrb3/223855326524,당신이 바라는 것,20250504,0,10,0,0,10,False
N잡 월 500만원,기타,자산 3000만원 이하 필수 시청,"그리고 아직 소득이 그렇게 높지 않거나 한가지 일로만 소득을 가져가는 분들이라면 부업이나 N잡의... 여기서 남들보다 더 노력하고 센스가 있는 분들이라면 500만원, 1000만원 까지도 충분히 가능한 곳이...",https://blog.naver.com/donidany/224094592100,도니대니,20251201,0,4,0,0,4,False
N잡 월 500만원,기타,"25살, 내가 1억 원 모을 수 있는 이유: 차 없이, 버스 타고...","합치면 월 최소 40만 원에서 70만 원이 소요됩니다. 1년이면 무려 500만 원 이상의 차이가 발생합니다.... 커뮤니티에서도 'N잡(여러가지 직업)', '짠테크', '미래형 재테크' 바이럴이 심심치 않게 이뤄지고...",https://blog.naver.com/worldcon7979/224169589733,경제맛집,20260203,0,2,0,0,2,False
N잡 월 500만원,기타,"보험설계사 부업, N잡러 어디 회사에서 시작해야 할까?",있지만 월 급여 500만 원 이상의 멘토를 배정해 드리고 하나부터 열까지 1:1 멘토링을 받으실 수 있습니다. 여러 가지 상품을 다룰 수 있는 보험대리점 중 압도적으로 1위를 이어나가고 있는 인카금융서비스 N잡...,https://blog.naver.com/incarroyal/223883498054,인카금융서비스 로얄사업단,20250601,0,4,0,0,4,False
N잡 월 500만원,유튜브,정말 돈이 없고 막막하다면 이것 하나만 먼저 해봐요 (feat....,그런데 월 400~500만원 받는다고 마냥 넉넉한가요? (제가 과거 월 500 받아봤는데 안 넉넉해요..) 돈 버는 방법? 그게 중요한게 아니에요 세상에 돈 버는 방법은 널리고 널렸어요. 유튜브만봐도 N잡 이야기가 판을...,https://blog.naver.com/richplant8989/223411445143,행복을 찾아서 : 행복한 부자되기,20240410,0,4,0,0,4,False
N잡 월 500만원,유튜브,2026 애드센스&애드포스트 수익 신고 완벽 가이드 (세금 폭탄...,"올해도 '디지털 노마드'와 'N잡' 열풍은 식을 줄 모르는데요. 특히 구글 애드센스(유튜브, 티스토리... 미납 세금(본세): 500만 원이라고 가정 무신고 가산세(20%): 100만 원 납부지연 가산세(3년): 약 120만 원...",https://blog.naver.com/fromherein/224152312351,Inform Notes,20260119,0,6,0,0,6,False
N잡 월 500만원,블로그,직장인월급200 1억 가장 빨리 모으기 청년미래적금만 하면...,"✅ N잡냥이가 실제로 하고 있는 N잡은 레터에서 공유하고 있어요. 부수입으로 블로그 고민 중이라면, 아래 글부터 가볍게 읽어보세요. ⬇️ 월 30만 원만 더 벌어도 1억 달성 기간이 1년은 줄어듭니다. 식비...",https://blog.naver.com/hsio57/224185469987,N잡냥이 IT로그,20260216,0,6,0,0,6,False
N잡 월 500만원,기타,"100세 인생, 내 직업의 방향성은 괜찮을까?","3%)과 월 소득이 높거나(600만원 이상 51.5%, 5~600만원 50.9%, 400~500만원 32.1%, 300~400만원 37.3%, 300만원... 4%)을 통해 적성만 맞는다면 ‘N잡’에 대해서도 개방적 인식을 견지하고 있음을 확인할 수...",https://blog.naver.com/mkresearch/222793411799,엠브레인 공식 블로그,20220629,0,2,0,0,2,False
N잡 월 500만원,기타,주원통운 냉동탑차 지입차 자격조건 퇴근후 부업 추천,최근 평생 직장이라는 개념이 사라지면서 다양한 직업을 가지려는 노력을 아끼지 않는 N잡 시대가... 특히 여성 기사분들도 가벼운 품목을 배송하면서 500만원 이상의 수익을 기대할 수 있기 때문에 매력적이지...,https://blog.naver.com/9w530k3a/224039514178,숲속 신비한 동물들,20251014,0,6,0,2,4,False
N잡 월 500만원,기타,N잡러를 위한 돈관리 비법 매출과 소득 구분,세금 대비는 선택이 아닌 필수 N잡 수입이 연 300~500만 원 이상이라면 사업자 등록과 종합소득세 신고 의무가 생깁니다. 부가세 간이과세 vs 일반과세 선택 홈택스 수입 신고 기능 활용 경비처리를 위해 지출...,https://blog.naver.com/sarangkongk/223871046507,돈모으기 재테크 부업 창업 연구소,20250519,0,4,0,0,4,False
N잡 월 500만원,콘텐츠,4050 커리어 전환｜‘안정’이 빼앗는 3가지 기회비용과 4주...,"통장에 500만 원이 찍혔습니다. 훌륭합니다. 하지만 그 금액 뒤에는, 어쩌면 더 큰 '보이지 않는 지출... 하지만 'N잡', '1인 기업', '콘텐츠 발행', '투자 시스템'은 '기하급수적(Exponential)'으로 성장할...",https://blog.naver.com/jsnote99/224065191722,정성노트,20251106,0,6,0,0,6,False
N잡 월 500만원,기타,"밑바닥에서 월 천만원, 인생역전 멘토들을 소개합니다.","1년만에 월 매출 500만원을 만들고 본업을 그만두기에 이릅니다. 경단녀에서 택배 한 번 싸지 않고 현재... 투자로, 월 3백 버는 쿠팡 파트너스 N잡 클래스 사실 부업/N잡 분야는 굉장히 많고 실제 성과를 내고계신...",https://blog.naver.com/money_n/222792836311,머니N클래스,20220629,0,8,0,0,8,False
N잡 월 500만원,기타,내일배움카드 신청 조건 대상자 유형 체크,추가 지원 대상자라면 200만원이 추가로 지원되기 때문에 총 500만원까지 국비지원이 가능합니다.... 또한 직업이 아니더라도 N잡의 형태로 누구나 창작자가 되고 크리에이터가 되는 세상에서 영상편집과 같은...,https://blog.naver.com/ell_n/223540569897,쏘일이의 멋진 하루,20240808,0,2,0,0,2,False
N잡 월 500만원,배달,"배달 라이더 순수익, 오토바이 vs 전기자전거 현실 계산기","최근에 N잡 부업으로 배달알바를 하고 있습니다. 배달을 하다보니 오토바이와 전기자전거로... 7%) ④ 매출 500만 원 기본세금 = 230,000원 고정비 = 347,000원 종소세 = 250,000원 총비용 = 827,000원...",https://blog.naver.com/moja1004/224024339984,N잡 자유로드,20250928,0,10,0,0,10,False
N잡 월 500만원,기타,직장인 월급 관리 꿀팁 5가지 | 돈 안 모인다면 무조건 체크하세요,"월급 외 수입 만들기 (N잡, 재테크) 키워드: 부수입 만드는 법, N잡 추천 지출만 조이는 건 한계가... 내가 돈을 어떻게 쓰고 있는지 정확히 파악하면 연 200만~500만 원 이상 절약도 가능합니다. 오늘 당장 월급...",https://blog.naver.com/0__hxx/223894294757,경제부터 생활 꿀팁까지! 실전 정보 연구소,20250610,0,4,0,2,2,False
N잡 월 500만원,기타,노후 대비를 위한 ‘시니어 N잡러’ 증가,pixabay 노후 대비를 위한 ‘시니어 N잡러’ 증가 ‘시니어 N잡러’라는 말이 생겼을 정도로 50대... 미만) 월 소득 500만원 이상 특수형태근로종사자 등 만 75세 이상자 등 ⓶ 내일배움카드 신청 절차 HRD-Net...,https://blog.naver.com/toflight/223895886163,리브투데이,20250612,0,2,0,0,2,False
N잡 월 500만원,블로그,연봉별 1억 달성 기간 팩트 체크!얼마나 걸릴까? (현실 계산기...,"내 몸값을 올려 이직을 하거나, 블로그나 앱테크 같은 'N잡'으로 파이프라인을 단돈 10만 원이라도 더... 월 실수령액 약 650만 원 중 500만 원을 꼬박 저축하면 약 1년 8개월이면 충분해요.  의외의 사실: 억대...",https://blog.naver.com/jjantechmom/224166795394,짠테크 육아맘의 경제적 자유를 향해 가는 길,20260131,0,4,0,0,4,False
N잡 월 500만원,강의,"아백 올인원 강의 후기 / 장점, 단점 리뷰 _aros37840","라일x님, 500만원을 버신 티끌모아xx님, 440만원을 버신 돈버는xx님 정말 부러운 수익이죠...!! 제가 위에... 다른 N잡에 있어 도움은 되겠지만, 시간이 아깝다고 생각돼요 강의를 듣고 하나하나 빠르게 흡수해...",https://blog.naver.com/goldtime30/223257903317,통키의하루,20231107,0,6,0,0,6,False
N잡 월 500만원,기타,주원지엘에스 화물차운전원 지입차 자격조건 순수익 700만원...,"월 평균 350만원에서 최대 1000만원까지 수익을 올릴 수 있는 기회도 제공한다고 해서, 제가 더 열심히 뛰고 있는 것 같아요. 무거운 물품만 취급하는 게 아니라서 여성분들도 500만원 이상의 수익을 낼 수 있다니...",https://blog.naver.com/q6akyzcq/224013008782,모험과 함께하는 미니 사파리,20250919,0,2,0,0,2,False
N잡 월 500만원,기타,주원통운 출근 없는 배송 루트 본업과 병행 추천,"저는 개인적으로 월급 외에 부가적인 수익을 창출하고 싶다는 생각이 늘 있었는데, 요즘은 'N잡'이라는... 제가 물어보니 실제로 500만원 이상의 수익을 올리고 있는 여성 기사님들도 계시더라고요. 무거운 품목이...",https://blog.naver.com/iwwi856z/223993647504,마음담은 편지,20250904,0,4,0,2,2,False
N잡 월 500만원,기타,"월급만으로는 부족해! 사회초년생을 위한 '종잣돈 1,000만원...","알바, N잡 플랫폼 활용이 대안입니다. 부업 종류 예상 수익 온라인 설문/리뷰 월 5만~10만 원 주말 카페... 총력 500만 원 12월 종잣돈 1천만 원 달성 1,000만 원 ※ 1년 안에 1천만 원도 가능하다는 현실적 계획...",https://blog.naver.com/nannajaeduk/223962594893,달리는 토끼 AI,20250808,0,6,0,0,6,False
N잡 월 500만원,기타,월1000만원 2.5톤 축윙바디 오늘도 조기퇴근 합니다....,"누구나 다 합쳐서 총자산은 22억7000만원 정도, 내년에는 한 달에 생활비 포함해서 월 1000만원 이상의... 4~500만원 정도의 비용을 투자하는그 상태가 사람을 미치게 만듭니다. 2. 그러면 그 돈도 못 버는 N잡러...",https://blog.naver.com/punish7964/223321728537,punish7964님의 블로그,20240114,0,4,0,0,4,False
N잡 월 500만원,기타,"무인점포, 돈 되는 비밀","점에서 N잡으로 추가 수익 창출을 고민하는 이들에게 인기다. 하지만 무인점포도 그냥 무턱대고... N잡러 꿈꾸며 창업, 진입장벽 낮은 비용 삼성카드가 지난 1월 발표한 무인점포 가맹점주 연령대 통계에서는...",https://blog.naver.com/foodbank_4363/224118374710,월간식당,20251222,0,4,0,0,4,False
N잡 월 500만원,블로그,50대에 0원으로 시작해서 5년안에 1억 모으는 현실적인 방법,0원 N잡앱 알바 월 20~40만원 0원 블로그에드센스 월 10~30만원 도메인만 구매 (~1만원)  키워드... 금액 목표 1년 후: 500만원 3년 후: 3000만원 5년 후: 1억원 이상 ✅ 마무리하며 2025년은 재테크와 부업 기회의...,https://blog.naver.com/suhooo1/223949639709,뭐라도하는블로그,20250728,0,6,0,0,6,False
N잡 월 500만원,블로그,나이 들어서 돈 없으면 생기는 현실 5가지와 벗어나는 방법...,"부업·N잡으로 월 30만 원 만들기 – 블로그, 쿠팡파트너스, 중고거래, 재능마켓 등 누구나 시작 가능.... 실제 사례 — 50대 직장인 A씨와 은퇴한 B씨  A씨(53세) 10년째 대기업 근무 중이지만, “월급 500만 원 중...",https://blog.naver.com/ztlswhdtjqz/224051821951,부린이의 내집마련,20251024,0,8,0,0,8,False
N잡 월 500만원,기타,내일배움카드 신청 후 적절한 교육 과정 선택까지,"요즘 고금리와 인플레이션이 겹치면서 본업은 물론이고 N잡, 알바, 투잡 형태까지 하는 분들이... 내일배움카드는 고용노동부에서 주관하는 국가적 사업이며 1인당 기본금 300만 원에서 크게 500만 원까지...",https://blog.naver.com/partner6766/223073254316,아이엠그레이트,20230413,0,4,0,0,4,False
N잡 월 500만원,기타,주원통운 3시간 루틴 근무로 여유 있는 투잡 가능,"월 350만원에서 1000만원까지 벌 수 있다고 하니, 목표 달성을 위해 더욱 열심히 해야겠다는 생각이 들었어요. 특히 여성 기사들도 일을 하기 적합한 환경이 조성되어 있어서, 최대 500만원 이상을 기대할 수도...",https://blog.naver.com/z1yuv2t9/224008167961,오직 글씨로 보는 신점 「하늘소리 BLOG」,20250915,0,2,0,0,2,False
N잡 월 500만원,강의,다둥이 부모의 경제적 자립과 부업 알아보기,"전자책 출판과 온라인 강의 : 월 20만 원에서 500만 원 수익이 예상됩니다. 다양한 주제로 콘텐츠를... n잡을 통한 수익 창출 전략 직장인으로서 육아와 일을 동시에 하는 부모들은 n잡, 즉 여러 가지 부업을 통해...",https://blog.naver.com/mindrill/223833748545,유용한 생활정보 알리미,20250415,0,8,0,0,8,False
N잡 월 500만원,기타,주원지엘에스 초보자도 가능한 배송 루트 수익형 구조 추천,"배송하면서 500만원 이상의 급여를 올릴 수 있다고 하니, 여기에 대한 선입견은 정말 필요 없겠죠?ㅎㅎ 게다가 연령이나 성별의 제한 없이 누구나 도전할 수 있는 곳이라 많은 이들이 N잡으로도 선택한다고...",https://blog.naver.com/1ox3dm48/223978656480,가족과 함께하는 봄날,20250824,0,4,0,2,2,False
N잡 월 500만원,기타,"'해외여행'도 하면서 매출 1,000만원 달성한 쿠팡 위탁판매...",7공주 마마들과의 베트남 여행 그리고 새로운 N잡에 열중하다보니 (이게 오늘 글의 메인 포인뚜임)... 월에 500만원만 더 벌고 싶다? 아뇨 전 50만원만 더 벌어도 삶이 달라질 것 같이 행복할 것 같았거든요....,https://blog.naver.com/akdntm544/223393263923,라보리의 地球,20240324,0,4,0,0,4,False
N잡 월 500만원,강의,《연봉 1억 + 자녀와 함께할 수 있는 직업 BEST 5 – 육아와...,"4️⃣ N잡 구조 – 정규직 + 퇴근 후 온라인 자산 구축  “본업은 안전하게, 부업은 유연하게”  연... 수입: 월 100~500만 원 / 연 1,000만~6,000만 원  근무 형태: 오전/오후 2~3시간 강의 + 일정 유연  강의 분야...",https://blog.naver.com/blesslee91/223860302536,"라이브러리파파의 초등학습법,독서법,여행,삶 이야기",20250509,0,6,0,0,6,False
N잡 월 500만원,기타,"주원통운 구로구 근무, 새벽배송 시작하기 좋은 이유","연령이나 성별에 구애받지 않고 도전할 수 있는 이 분야는, 특히 노후를 대비하거나 N잡으로 추가... 여성 기사분들도 무거운 짐에 대한 부담 없이 가벼운 품목으로 월 최대 500만원 이상의 수익을 창출할 수 있는...",https://blog.naver.com/ssmqth4t/223921151090,빙하의국,20250704,0,4,0,0,4,False
N잡 월 500만원,기타,국민내일배움카드 신청 자격 발급 방법 알아보기,최대 500만원까지 가능합니다. 국민 내일배움카드 훈련비 지원 %를 살펴보겠습니다. 일반 참여자는 45... N잡으로 점점 바뀌어 가고 있는 이 세상에서 여러가지 업무 능력을 키우고자 하는 분들은 더욱 많습니다....,https://blog.naver.com/ell_n/223585959156,쏘일이의 멋진 하루,20240916,0,2,0,0,2,False
N잡 월 500만원,기타,주원통운 하루 3시간만 투자해도 고정 루트로 수익 가능,"월 수익이 적게는 350만원에서 많게는 1000만원까지 가능하다고 하는데, 제 노력 여하에 따라 그 이상의 수익도 기대할 수 있습니다. 게다가, 여성 기사 분들의 경우도 고수익을 기대할 수 있습니다. 500만원 이상의...",https://blog.naver.com/vuh1gc9s/224000184381,마음만 언제나 어리다,20250909,0,4,0,0,4,False
N잡 월 500만원,기타,주원지엘에스 3.5톤 스카이 화물차운전원 순수익 700만원 가능,"월 350만 원에서 최대 1000만 원까지 수익을 올릴 수 있는 기회가 있으며, 이는 개인의 노력에 따라 크게 달라지죠. 여성 기사분들도 고수익을 올릴 수 있으며, 가벼운 품목을 배송하면서도 500만 원 이상의 급여를...",https://blog.naver.com/rdqj1xgc/223996412555,봄 취향저격 데이트 코스,20250906,0,2,0,0,2,False
N잡 월 500만원,스마트스토어,온라인 쇼핑몰 창업 비용 완벽 정리 | 최소 비용으로 시작하는...,"N잡 발전소, 엔소장입니다. 출처: Freepik ""쇼핑몰 차리는 데 도대체 얼마가 필요할까?"" 저도 처음 온라인... 월 매출이 500만 원이라면 결제 수수료로 10만 원에서 15만 원 정도 나간다고 보면 돼요. 이건 매출이...",https://blog.naver.com/director_n/224123466281,director_n님의 블로그,20251226,0,6,0,0,6,False
N잡 월 500만원,스마트스토어,"직장과 집의 거리, 가까울수록 돈을 더 빨리 모을 수 있을까?...","부업(N잡)을 통한 추가 수익: 퇴근 후 남는 체력과 시간으로 스마트스토어, 블로그, 유튜브, 배달... 월세 20만 원 차이는 1년이면 240만 원, 2년이면 약 500만 원입니다. 경력직 / 맞벌이 부부: 시간의 가치가 높아진...",https://blog.naver.com/nero-web/224196925238,네로웹/홈페이지제작/디자인전문,20260227,0,14,0,0,14,False
N잡 월 500만원,유튜브,월1000만원 고정노선 내 일만 잘하면 된다! 순수익700만원,배당금만 월 순수익 500만원만 벌어도 너무 좋겠다. 2. 월1000만원 요즘 유튜브에 보면각종 부업 관련... 쓰는 N잡을 하면 피곤해지고수면의 질도 안 돌어가도 되겠다라는 안도감도 듭니다. 3. 월 200씩은 적자로...,https://blog.naver.com/hdit0885/223290972830,hdit0885님의 블로그,20231213,0,8,0,0,8,False
N잡 월 500만원,기타,주원지엘에스 자차 없이도 가능한 부업 수익형 구조 추천,"월 350만원에서 많게는 1000만원까지, 개인의 노력에 따라 수입을 조절할 수 있습니다. 여성 기사분들도 가벼운 품목을 배송하면서 고수익을 얻을 수 있어, 최대 500만원 이상의 수입이 가능합니다. 물론 당일지입...",https://blog.naver.com/bmo15tm9/223978242994,사라진 마을,20250823,0,4,0,2,2,False
N잡 월 500만원,기타,MMM실천문 & 포트폴리오,[표 1-1] 무자본 500만 원 달성 3개월 로드맵: (지출 통제액 + N잡 수익 + 마이너스 통장 레버리지... 매도 -> 월 75만 원 인출) 프로세스 맵 1. 계좌 성격별 목표 설정의 차별화 (자산 목표 vs 연금 목표) 전체...,https://blog.naver.com/emfno/224151471086,"인생의기쁨,The Joy of Life",20260119,0,4,0,0,4,False
N잡 월 500만원,스마트스토어,사업자 건강보험료 조정신청과 환급 받기,"하지만, N잡으로 쇼핑몰 등 사업, 프리랜서를 하시는 N잡러 분들은 근로소득외 2천만원 초과분에 대해... 합계액이 500만원 이하인자 3. 지역가입자 -1,2번에 속하지 않은 이외의 사람들 → 개인사업자, 프리랜서...",https://blog.naver.com/poro300/223311625804,N잡을 찾는 사람들,20240103,0,4,0,0,4,False
N잡 월 500만원,기타,"1억 모으기, '이것'부터 시작하세요! (월급 300만원 사회초년생...",분리과세: 초과분도 9.9% 저율 과세 (일반 15.4%) (예시) 500만 원 수익 시 약 67만 원 절세 효과 최적 조합: 연금저축 (월 50) + ISA (월 50) + (여유 시) IRP 추가  7단계: 추가 수익 만들기 (N잡) 본업만으로...,https://blog.naver.com/tnt-globalsolution/224059042866,세계로 향하는 길,20251114,0,4,0,0,4,False
N잡 월 500만원,기타,주원통운 출근 없는 고정배송 입문자도 가능,"생각에 N잡에 도전해보고 싶었어요. 사무직으로는 전문기술을 배우기가 어려운 반면, 지입차는 누구나... 월 350만 원에서 최대 1000만 원까지 벌 수 있다는 점이 큰 장점이었어요. ㅎㅎ 여성 기사로서도 500만 원...",https://blog.naver.com/8bz859hh/223975141125,8bz859hh님의 블로그,20250819,0,2,0,0,2,False
N잡 월 500만원,기타,"직장인 사업자등록시 취업규칙 열람, 가족 명의 활용(건강보험...","*참고 : [직장인 부업, N잡, 투잡] 불법일까? 회사가 개인사업자 내면 알 수 있을까? (tistory.com) 연소득... 2) 단점 : 매달 세무기장비 + 임대료가 발생하며, 결산 비용 조정료까지 하면 연 400~500만 원은...",https://blog.naver.com/kuk1214/222923830812,라스트로의 돈벌래,20221109,0,6,0,0,6,False
N잡 월 500만원,기타,주원지엘에스 고정 루트 기반 배송 루트 입문자도 가능,"따라 월 350만 원에서 1000만 원까지 수입을 올릴 수 있는 기회를 제공했기에 도전해보고 싶었어요. ㅎㅎ 여성 기사로서의 장점도 꼽자면, 무겁지 않은 품목을 배송하면서도 500만 원 이상의 수익을 기대할 수...",https://blog.naver.com/zi88vbx6/223957440666,신나는바다여행 하얀모래바닷가,20250804,0,2,0,0,2,False
N잡 월 500만원,기타,연말까지 따라해볼 재무정리 루틴 – 자산·부채 한눈에 보기...,"""** 연봉 4,500만원 세후 월급 약 320만원 일년 동안 벌었는데 **총 자산: 500만원도 안 됨?... 부업/N잡 | 300,000원 | | 이자 수입 | 10,000원 | **월 총 수입: 3,510,000원** --- #### 월 지출 정리 **고정지출...",https://blog.naver.com/fentom2000/224079056903,네버님의 블로그,20251117,0,4,0,0,4,False
N잡 월 500만원,기타,"웹디자이너 연봉, 현실은 어떨까?","따라 월 수익 500만 원~1,000만 원도 가능 특히 프리랜서 웹디자이너로 전향하면 해외 클라이언트, 원격 근무, N잡 등 유연한 방식으로 수입을 확장할 수 있습니다. 요즘엔 클라이언트 포트폴리오만 잘...",https://blog.naver.com/ilwook0215/223905640718,언제까지 생각만 하고 있을래?,20250620,0,4,0,0,4,False
N잡 월 500만원,유튜브,"유튜브 리뷰채널이 개꿀인 이유.(쿠팡파트너스, 네이버...","아마 이런저런 경로를 따라 제 글까지 들어온 분들이라면 전부 알고리즘에 부업, N잡, 블로그 유튜브... 솔직히 집에서 하루 2~3시간 일하고 한달에 500만원, 1000만원씩 가져간다는데 누가 안하고 싶겠습니까....",https://blog.naver.com/donidany/223821437597,도니대니,20250404,0,10,0,0,10,False
N잡 월 500만원,유튜브,평균 순자산 6억원이 없는 이유- 복리효과 극대화 전략,"월급 500만 원 중 약 200만 원을 저축해 4년 만에 약 1억 원을 만들었다. 직장인 B씨는 월급 300만 원에 블로그, 유튜브, 이모티콘 제작, 전자책 판매 등으로 매달 20만 원의 추가 소득을 만들어냈다. 이를 합쳐 월...",https://blog.naver.com/harrygo_valuecreator/223974147607,직장인 파이어족의 쉬운 경제와 마인드셋,20250818,0,4,0,0,4,False
N잡 월 500만원,기타,"2026년 종합소득세 신고, 3월부터 준비하면 세금이 달라집니다","3% 세금을 떼고 수입을 받은 경우 부업·투잡·N잡 소득이 있는 경우 직장인이더라도 회사 급여 외에... 노란우산공제 소득공제 한도 상향 사업소득 4,000만 원 이하 구간은 기존 500만 원에서 600만 원으로 4...",https://blog.naver.com/tax_light/224194252559,유 세무사의 택스라이트 세금컨설팅,20260301,0,6,0,0,6,False
N잡 월 500만원,기타,[책리뷰:] 돈이 어렵지 않은 어른이 된다는 것,"1500만원, 월 10만원씩 15년 저축 작가님은 스무살 때부터 달에 10만원씩 , 500만원 채워서 이제 그만둠... 제4장: N잡과 자기개발 203: 같은 급여를 받는다고해도 소비습관, 제테크 시작 여부에 따라서 10년뒤...",https://blog.naver.com/gaeun1243/224103520243,간로그 GANLOG,20251209,0,2,0,0,2,False
N잡 월 500만원,기타,직장인 사이드잡 소득 신고 꿀팁,"최대 500만 원까지 추가로 소득공제를 받을 수 있으니, 부업 규모가 점점 커지고 있다면 고려해 볼 만합니다. 마무리하며: 성실한 신고가 최고의 절세입니다 N잡을 통해 새로운 가능성을 발견하고 경제적...",https://blog.naver.com/m0ney-m0ney/224038944764,돈 버는 방법,20251021,0,4,0,0,4,False
N잡 월 500만원,기타,"2026년, 당신의 직장인 월급 실수령액이 줄어드는 소름 돋는...","예를 들어, 월 소득 500만 원인 직장인의 경우, 매년 본인 부담금만 수만 원씩 증가하게 되어 직장인... 셋째, 자신만의 부수입 파이프라인을 구축하는 'N잡' 시대의 흐름을 놓쳐서는 안 됩니다. 본업 외의...",https://blog.naver.com/aireagle21/224060957541,봉봉의 변화를 꿈꾸며,20251106,0,4,0,0,4,False
N잡 월 500만원,유튜브,부자가 될려면 어떻게 해야할까?,월에 내 통장으로 따박따박 알아서 500만원씩 들어오면 얼마나 좋을까요 사람들은 누구나 부자를 꿈꾸고... 요즘에는 유튜브에 N잡만 치더라고 다양한 N잡 영상을 쫘르르 나옵니다. 이런것도 돈이 되는구나 하는...,https://blog.naver.com/gpwl7755/223844400543,돈공부와 자기계발을 좋아하는 송점장,20250424,0,4,0,0,4,False
N잡 월 500만원,기타,사업자등록증 내면 피부양자 바로 박탈? 2025년 최신 기준...,"2025년 12월, 지금 대한민국은 'N잡 전성시대'를 넘어 '전 국민 사업자 시대'로 가고 있다고 해도 과언이... 3% 소득자의 생존 구간 (500만 원 법칙) [법인사업자] 무보수 대표이사의 피부양자 유지 딜레마와 함정...",https://blog.naver.com/fromherein/224095839072,Inform Notes,20251203,0,2,0,0,2,False
N잡 월 500만원,기타,주원지엘에스 투잡으로 인기인 루트배송 본업과 병행 추천,"평생 직장이란 개념이 사라지고 있는 요즘, N잡으로 소득을 다각화하려는 사람들이 많아졌다는 건 익히... 여성 기사분들도 많이 활동하고 계시고, 많게는 500만 원 이상의 수익을 내고 계신다고 해서 더욱...",https://blog.naver.com/v67mlwiz/223925508602,음악모먼트의여운,20250708,0,6,0,2,4,False
N잡 월 500만원,기타,국민내일배움카드로 가능한 고소득 자격증 5선,"원, 월 3~500만 원 이상 가능 장점 회계 + 실무 지식 함께 익힘 / 인력 수요 많음 엄마들 사이에 입소문난... 예상 소득 외주 1건 10~30만 원, 월 3~600 가능 장점 비전공자도 진입 가능 / N잡·프리랜서 인기...",https://blog.naver.com/yyaybaby/223935587284,SALLY'S 블로그 마케팅,20250716,0,2,0,0,2,False
N잡 월 500만원,기타,"주원지엘에스 반복 업무 중심, 단순하지만 수익 확실",모두들 N잡으로 수익을 늘리려는 게 대세라니까욬ㅋㅋ. 지입차라는 업종은 뭔가 따로 배울 필요 없이... 월 350만 원에서 많게는 1000만 원까지 올릴 수 있다니 꿈의 직업 아니겠어요? 여성 기사분들도 500만 원...,https://blog.naver.com/mimp45ot/223900708179,태음산자연휴양림,20250616,0,4,0,0,4,False
N잡 월 500만원,기타,"무점포 소자본 창업 아이템 추천, 3건만 팔아도 150만","초기 자본은 500만 원 이하로 정말 소자본으로 시작할 수 있어 자신있게 말씀드릴 수 있습니다. 플랫폼... 월 순수익 200~1,000만 원 그 이상이 가능한 구조 부업, N잡, 창업을 알아보는 가장 큰 이유 중 하나가...",https://blog.naver.com/ginkgomkt/223760495684,방구석 창업,20250214,0,6,0,2,4,False
N잡 월 500만원,스마트스토어,쇼핑몰 사업자등록 방법 | 간이과세자 vs 일반과세자 차이 비교,"N잡 발전소, 엔소장입니다. 쇼핑몰 창업을 준비할 때 꼭 거쳐야 하는 과정이 바로 사업자등록이에요.... 미신고 상태로 운영하면 과태료 최대 500만 원, 경우에 따라 벌금 3,000만 원 이하까지 부과될 수 있으니 꼭...",https://blog.naver.com/director_n/224106841535,director_n님의 블로그,20251212,0,4,0,0,4,False
N잡 월 500만원,기타,광양경단녀로 월300벌기 보험설계사 부업도 전망좋은...,"실제 육아를 병행하게 되면서 월 수익 300만원, 500만원 등 그 이상의 소득까지도 올리시는 엄마... 부업,N잡,재택,투잡,이직을 생각하고 계신다면 온라인, 오프라인으로 성과를 함께 올릴수 있도록 도와드립니다....",https://blog.naver.com/lily2198/224148854132,인카 제이어스 광양지사,20260116,0,10,0,0,10,False
N잡 월 500만원,기타,생성형 AI 인공지능으로 더 강력해진 어도비 포토샵 아이폰...,"있어서 N잡러에게 큰 도움이 되겠네요. 참고로 포토샵은 단일 앱 외에 라이트룸과 20GB 클라우드 스토리지까지 이용할 수 있는 포토그래피 플랜을 월 11,000원에 이용할 수 있습니다. 저는 몇 년째 이 플랜으로...",https://blog.naver.com/seagreen0314/223240113194,김땍이의 놀이터,20231018,0,2,0,0,2,False
N잡 월 500만원,콘텐츠,[책] 인플루언서 되는 법,평균적으로 월 457만 원을 벌어들인다고 한다. 제1부 SNS로 N잡러가 되기 전에 01 연봉이 높아도 N잡을... 50만~500만 원대 4) 메가 인플루언서(100만 명 이상) -콘텐츠당 500만 원대 이상 인스타그램 인플루언서...,https://blog.naver.com/mvpsoon/223780451262,It goes on!,20250302,0,4,0,0,4,False
N잡 월 500만원,기타,[동행 프로젝트] '0원으로 시작하는 SNS 온라인 수익화' 참가자...,"수익화 N잡, 부업을 찾는 분 ✔️SNS 기록으로 브랜딩과 수익화를 동시에 이루고 싶은 분 ✔️퇴근 후... 최소 500만원~최대 1,000만원 ■ 월 평균 수익 현재 월 평균 800만원 수익 달성 ■ 수익화 포인트...",https://blog.naver.com/shoo0729/224056904685,기록디렉터 연희 I 방구석 기록이 수익이 되는 공간,20251028,0,6,0,0,6,False
N잡 월 500만원,배달,대전 하루 일용직 청소년 배달 물류 오전알바 초기 부담없는 진행,라이더 지원 혜택 대전하루알바는 높은 출석률 및 월 세후 500만 원 이상 달성 시 추가 지원금 지급... 대전N잡러 대전배달오토바이리스 대전40대주부알바 대전알바추천 대전부업하실분 대전부수입...,https://blog.naver.com/hyelimsz/223763738211,다봄크리에이티브 공식블로그,20250217,0,8,0,2,6,False
N잡 월 500만원,기타,"[책리뷰]딱 1억만 모읍시다, 돈쭐남의 목돈 마련 챌린지, 김경필","300~500만원 미만: 월 소득의 25% 미만 월 소득 500~800만원 미만: 월 소득의 20% 미만 -하루 3끼에 간식까지... -성장형 N잡으로 추가 소득을 만들어야 한다. 책은 전반적으로 재밌다! 그래서, 사회초년생, 돈을...",https://blog.naver.com/closeryou/224004052422,일상을 이롭게,20250911,0,2,0,0,2,False
N잡 월 500만원,기타,타로기초부터 취업까지  버찌타로심리교육센터,"타로카드를 배워서 N잡에 도전하고 투잡이나 프리랜서로 수익을 올리고 싶은 마음은 충분히... 하루 배워 달에 부업으로 200만원 벌고, 한달만 배우면 월500만원 가능하다! 이런 식으로 영성적인 측면에서 타로의...",https://blog.naver.com/water10566/223700535758,버찌와 타로 여행,20241220,0,8,0,0,8,False
N잡 월 500만원,기타,N잡러 직장인 주목! 부업 소득 신고 팁과 절세 전략 완벽 정리,"N잡러 직장인 주목! 부업 소득 신고 팁과 절세 전략 완벽 정리 목차 직장인 부업 소득의 종류와 법적... 직장 연말정산과는 별도로 부업 사업소득에 대해 최대 500만 원까지 소득공제를 해주므로, 세금 납부액을...",https://blog.naver.com/ujb520824/224133088403,건강하고 풍요로운 인생,20260103,0,4,0,0,4,False
N잡 월 500만원,기타,경제적 자유를 달성하는 방법: 월급쟁이가 1억 모으기까지...,"통장에 0원, 빚은 마이너스 500만 원이었던 제가 3년 만에 순자산 1억을 만들었습니다. 이 글에서는... 3단계: 수입 파이프라인 늘리기 - N잡이 아닌 레버리지 0원에서 1억까지는 저축만으로 한계가 있습니다....",https://blog.naver.com/wkdgkskdi/224106763311,인베스트 나우 – 지금 시작하는 투자 이야기,20251212,0,2,0,0,2,False
N잡 월 500만원,기타,"[소비&저축] #1. 퇴근 후 2시간, '1억'이 바꾸는 재테크 게임의 룰",투잡·프리랜스·N잡 2. 지출 다이어트 : ‘7컷 법칙’ 실행 → 소비 통제 근육 강화 3. 루틴 고도화 : H·I·R·U 2시간에 ‘투자·재무 블록’ 자동 삽입 >> 1억을 “언젠가” 모으겠다는 막연함 ⟶ 5년 = 월 150만...,https://blog.naver.com/hiruroutine/223887472096,월급쟁이 차트투자자 빈익부,20250603,0,6,0,0,6,False
N잡 월 500만원,유튜브,2026년 한국 경제 전망 - 양극화 시대 생존법,"20대: 500만 원 30대: 8,000만 원 (부모 증여 받은 경우 3억) 40대: 3억 5,000만 원 50대: 5억 원 60대 이상: 4억... 부업·N잡 월 50~100만 원 목표 블로그·유튜브: 초기 1년 투자, 이후 패시브 인컴 프리랜서: 크몽...",https://blog.naver.com/songjm3/224178693896,연구와 취미와 공부의 공간,20260210,0,10,0,0,10,False
N잡 월 500만원,기타,"주원통운 당일 지원, 당일 출근 가능한 일자리","적게는 월 350만원에서 많게는 1000만원까지 수입이 가능하다니, 이건 개인적인 노력에 따라 달라지는 부분이라지만 확실히 매력적인 숫자죠. 또 여성 기사 분들도 고수익을 올릴 수 있다니, 많게는 500만원 이상의...",https://blog.naver.com/pr7im432/223829484139,미세먼지,20250411,0,2,0,0,2,False
N잡 월 500만원,콘텐츠,나의 남은 23년 컨셉 정해보기 : 성장하는 N잡러,"컨셉 똑부러지게 잘사는 성장하는 N잡러 (온라인셀러, 자기계발x공간러버, 여행) 2. 목표 3개 온라인 사업 키우기 (해외구매대행), 일4시간으로 월순수익 500만원, 인스타계정 시작! 1k 3. 자기암시 10개 나는...",https://blog.naver.com/dtw802/223229166075,나의 러브레터!,20231005,0,4,0,0,4,False
N잡 월 500만원,배달,30대·40대 재테크 체크리스트  은퇴 10년 전 준비하기...,"6,500만원 - 중위값: 3,000만원 - 상위 20%: 1억 5천만원 **30대 후반 (35~39세):** - 평균 순자산: 1억 2천만원... 프리랜서** - 본업 스킬 활용 - 주말/저녁 시간 - 플랫폼 활용 - 목표: 월 50~100만원 **2. N잡** - 배달...",https://blog.naver.com/fentom2000/224080189864,네버님의 블로그,20251118,0,4,0,0,4,False
N잡 월 500만원,기타,앞으로 20년간 지난 20년처럼 주식이 오르지 않는다면? 그래도...,"연간 $5000(대충 500만원, 월 42만원) 저축으로 $1M(대충 10억원) 달성까지. S&P500에... N잡의 시대. 사이드 허슬의 시대. 위 글에서 볼 수 있듯이, 월 42만원만 어디서 더...",https://blog.naver.com/cinedemian/222163525026,아빠황소 BoB의 투자 이야기,20201205,0,2,0,0,2,False
N잡 월 500만원,강의,2025년 직장인 부업 TOP 7 : 실제 수익 사례 공개,특히 직장인 10명 중 8명이 N잡 경험을 가지고 있다고 하니 이제 부업은 선택이 아니라 필수인 시대가 온 것 같아요!  직장인 부업 TOP 7 상세 분석 1️⃣ 온라인 강의 플랫폼 운영 (월 80-150만원) 2025년 가장 핫한...,https://blog.naver.com/leader_dinosaur/223948706275,어팀공(어쩌다 팀장이 된 공룡),20250727,0,8,0,0,8,False
N잡 월 500만원,기타,평범한 은행원에서 5년차 병원마케팅전문마케팅회사 대표가...,"결과 (월 500만원 내외 수입)와 경험으로 만족하기로 하며 그만두었지만, 이 때 당시 저는 취업을... 2021, 1월 은행을 퇴사하고 n잡+ 은행을 퇴사하기를 다짐하며, 했던 건 결국 내가 가장 잘 알고 잘 하는...",https://blog.naver.com/marketing_baljeonso/223557631375,병원마케팅,20240823,0,0,6,0,6,False
N잡 월 500만원,기타,주원통운 지입 없이 시작 가능한 고정 수익 배송,"그래서 저도 ""N잡"" 트렌드에 발맞춰 시작하게 되었어요. 주원통운이라는 회사를 통해 시작하게 됐는데... 가벼운 품목을 다루기도 하니까 500만 원 이상의 수익도 가능하다고 하더라고요. 정말 시간과 노력의...",https://blog.naver.com/hfzcnxdq/223838983174,단풍나무 놀이의 향수,20250418,0,4,0,0,4,False
N잡 월 500만원,기타,부동산 사다리는 무너졌지만! SMART 원칙으로 5년 후 상급지...,"부업/N잡: 월 50만 원 × 60개월 = 3천만 원 작은 합계: 8천만 원 추가 확보!   투자 수익 활용하기 ETF... 모으기 월 저축: 400만 원 × 12개월 = 4,800만 원 상여금: 2,000만 원 투자 수익: 500만 원 중간 점검: 2025년...",https://blog.naver.com/lilymonlala/224073978968,초능력이 생긴다면 무조건 순간이동,20251112,0,8,0,0,8,False
N잡 월 500만원,기타,30대 N잡러를 위한 2026년 종합소득세 A to Z (세금 폭탄...,"나는 30대 직장인이고, 올해 부업으로 [나의 N잡 종류, 예: 전자책 판매]를 통해 약 500만원의 추가 소득이 발생했어. 이 소득은 '사업소득'에 해당해. 내가 내년 5월 종합소득세 신고 시 '필요경비'로 인정받을...",https://blog.naver.com/hanryang911/224044576403,퇴근 후 자본주의,20251018,0,4,0,0,4,False
N잡 월 500만원,기타,"온라인 N잡러 원하는 만큼 돈 많이 버는 비법, 직장인을 위한 N...","N잡러들이 이런 것들을 많이 하는데요. 말 그대로 매달 용돈 버는 부업으로 월 10만 원~100만 원... 그래서 10명이 모이면 5만 원이 되고, 100명이 모이면 50만 원, 1000명이 모이면 500만 원의 매달의 완전 자동...",https://blog.naver.com/4wdhan/223261008675,영공생 영어교실,20231110,0,4,0,0,4,False
N잡 월 500만원,기타,한달에 4번 월급받는 N잡러 직장인,그리고 금액도 배당금을 빼면 다 500만원이상입니다. 어떻게 이게 가능할까요? 가볍게 이룬것은... N잡러분들은 N잡한다고 절대 본업을 홀대하면 안됩니다. 이유는 두번째 월급과 연관이 있습니다. 본업을...,https://blog.naver.com/fantasticpotato/222877607454,돈으로 감자칩말고 자유를 산다,20220918,0,2,0,0,2,False
N잡 월 500만원,스마트스토어,무점포소자본창업 리스크 없이 온라인으로,"요즘 투잡이나 부업에 관심이 많은 시대가 되면서 직장인, 주부, 대학생 등 누구나 N잡을 꿈꾸는 시대가... 쇼핑몰의 경우 교육비만 300~500만원 이상, 기술직은 500만원~1000만원 이상에 재고, 장비값 등 최소 1...",https://blog.naver.com/road_to_30/223776191705,로드컴퍼니,20250227,0,8,0,0,8,False
N잡 월 500만원,스마트스토어,스마트스토어 두 달 동안 상품등록만 한 후기 (판매건수 32건!!),"줄어든 월 수익에 뭐라도 할 게 없을까 고민 + 직장인이라면 한번쯤 스마트스토어에 관심을 가져보지 않았을까 생각한다. 나 또한 부업, n잡에 관심이 상당하다^^;; n년차 직장인으로서 사무 업무는 나름 자신...",https://blog.naver.com/dandeliot/223254123265,자본주의 키즈의 슬기로운 N잡 생활 ♥,20231102,0,6,0,0,6,False
N잡 월 500만원,기타,꿈은 모르겠고 돈이나 잘 벌고 싶어. 옆집 CEO 김민지,지은이 : 못해도 월 천만 원은 벌고 있는 프로 N잡러. MZ 세대 김민지 작가님 한줄평 : 월급 이외의... - 아마 N 잡 세계 뛰어든 일 2년 차까지 제가 벌어들인 수입은 모두 합쳐도 500만 원이 채 안 될...,https://blog.naver.com/ice0126/223364406820,외(환)투(자) 짱의 ~ 경제적 자유를 향한 여행기,20240225,0,2,0,0,2,False
N잡 월 500만원,유튜브,"[왜 다들 ""1억 모으기""를 제테크의 시작이라 말할까?]","추가 수익원 확보 (N잡, 부업 활용) 월급 외에도 블로그, 유튜브, 강의, 배달, 재능 판매 등으로 추가 소득을 창출하는 것이 중요하다. 월 50만 원만 추가 수입이 있어도, 1억 모으는 시간이 1~2년 단축된다....",https://blog.naver.com/user_reviews/223801173948,월 50만원 더벌고 더 건강하기,20250318,0,14,0,0,14,False
N잡 월 500만원,강의,8월 직장인 부수입 인증과 150만원 강의료 지출,"9월에는 500만원을 목표로 해야지!!! 라고 잠깐 생각했었지만,,, 9월에는 모든 것을 내려놓고 재정비를... N잡, 파이프라인, 월급외소득, 부업... 기존의 시장에서 말하는 것은 너무 뻔하다. 위탁 판매, 해외 구매...",https://blog.naver.com/listen4uu/223207631965,잘 벌고 잘 사는 차차월드,20230910,0,8,0,0,8,False
N잡 월 500만원,블로그,20대에 1억 모은 사람들의 3가지 공통점(20대 사회초년생을...,"현실적인 투잡 (월 30~100만 원): 주말 알바, 대행 업무, 과외 N잡 (월 10~50만 원): 크몽/숨고, 블로그... 연 500만 원 전략: 투자 수익 전액 재투자, 포트폴리오 다변화 5. 실전 팁: 20대가 꼭 알아야 할 것들  차는...",https://blog.naver.com/tnt-globalsolution/224058997991,세계로 향하는 길,20251031,0,10,0,0,10,False
N잡 월 500만원,스마트스토어,종자돈 1억 만들기,"or N잡 분야 예시 온라인 판매 쿠팡파트너스, 스마트스토어, 위탁판매 콘텐츠 유튜브, 블로그, 전자책... 지출 월 저축 본업 월급 250만 원 부업 수익 80만 원 총합 330만 원 120만 원 210만 원  1년 = 약 2,500만 원...",https://blog.naver.com/khnpower69/223892280014,이화부동산이야기,20250609,0,18,0,0,18,False
N잡 월 500만원,기타,소자본 무인 오토 자판기창업,"그렇기에 다들 투잡이나 N잡 등 부업을 함께 께병행하시는 것을 찾아볼 수 있습니다. 그중에서 요즘... 12,000만원 월 수익 500만원 위탁운영이라, 전국 누구나 위탁운영 하실 수 있습니다. 직접 눈으로 보고...",https://blog.naver.com/smartchangup_/223494102958,아틀레타,20240628,0,8,0,0,8,False
N잡 월 500만원,기타,근로장려금 신청기간 곧  마감 서두르세요,"제외)로서 월 평균 근로소득이 500만원 이상인 자 (배우자 포함) 근로장려금 신청 방법 및 유의사항... 환급액이 있다면 종합소득세 신고 대상자 직장인, 프리랜서, 알바생, N잡 등도 대상일 수 있으므로...",https://blog.naver.com/tarot_sohot/223796016380,마법중개사의 타로명리방,20250314,0,2,0,0,2,False
N잡 월 500만원,기타,"‘나는 오늘도 공간을 판다’, 당근자판기(김진옥) 지음...","실제로 에어비앤비 숙소 하나가 만들어주는 평균 월 수익은 150~200만 원 정도입니다. 이를 위한 초기 자본은 임대차 계약 보증금과 세팅비를 포함해 적게는 800만 원, 많게는 2,500만 원 정도입니다. 물론 이...",https://blog.naver.com/hagonolza84/224068960625,하놀,20251108,0,2,0,0,2,False
N잡 월 500만원,기타,"연봉 실수령액, 세후 얼마받을까?(2023년 포함!)","재테크, N잡, 근로소득, 사업소득, 불로소득 등등 수입을 올리는 방법은 정말 다양한거... 490만원,500만원,510만원,520만원,530만원,540만원,550만원,560만원,570만원,580만원,590만원,600만원,610만원...",https://blog.naver.com/goldtime30/222874676686,통키의하루,20220914,0,2,0,0,2,False
N잡 월 500만원,스마트스토어,2025년 MZ세대가 선택한 사이드 프로젝트 TOP 5자기계발과...,1개당 월 20만 ~ 500만 원 이상 가능 롱런 클래스는 1년 이상 자동수익화 가능  실전 팁 미리캔버스나... 스마트스토어 or 쿠팡파트너스 운영  핵심 키워드: #스마트스토어 #N잡 #리셀러 #쿠팡파트너스 “작게...,https://blog.naver.com/orang319/223953758572,heeheehee story,20250731,0,8,0,0,8,False
N잡 월 500만원,기타,사회초년생 재테크 입문: 월급 200만원으로 시드머니 1억...,"연 5%의 보수적인 수익률만 가정해도 연간 세전 500만 원의 수익이 발생합니다. 이는 월 40만 원 정도의... 직무 관련 자격증 취득, 어학 공부, 혹은 부업(N잡)을 통해 수입 파이프라인을 늘려야 합니다. 월 소득이...",https://blog.naver.com/tenten_0412/224164375055,열열한 정보공간,20260130,0,6,0,0,6,False
N잡 월 500만원,강의,경제적자유를 위한 수익 파이프라인!!,경제적 자유를 위한 수익 파이프라인 5가지 – 부업 & N잡 추천 안녕하세요! 오늘은 경제적 자유를... 후 월 100~500만 원 이상의 수익도 가능합니다. --- 2⃣ 전자책 & 온라인 강의 – 지식 기반 자동 수익 만들기...,https://blog.naver.com/sungha7777/223772322644,고요한 여백,20250306,0,8,0,2,6,False
N잡 월 500만원,기타,40대일자리중 비전있는 기술창업 배관관리사,"이제는 평생직장이란 단어가 무색할 만큼 n잡의 시대가 왔는데요. 그중에서도 평생직장,정년퇴직은... 이러한 상황에서 하루에 작업 종류에 따라 1-2건씩 한달만 이루어져도 월 4-500만원 이상의 수익을 낼수...",https://blog.naver.com/cleanlab0829/223366797369,각종 배관 막힘은 배관관리사 ☎ 1644-0127,20240227,0,2,0,0,2,False
N잡 월 500만원,기타,2025년 하반기 재테크 전략: 어려운 시기를 헤쳐나가는 실전...,200만원 → 500만원 장점: 이익과 손실 합산해서 세금 계산 (손익통산) 비과세 한도 초과분도 9.9%로... 전략: N잡 시대 대비 긱 이코노미 적극 활용 전체 경제활동인구의 15.9%가 긱 워커! 추천 분야: 전문성 기반...,https://blog.naver.com/rkdskdzhddlsk/223920898545,연두부로그,20250703,0,2,3,2,3,False
N잡 월 500만원,기타,"마흔살전까지, 경제적 자유인 '파이어족' 될거야. (ft 6월 정산)","있고, 월 수익도 생기지만 더 좋은건 혼자계신 엄마가 쓸쓸하지 않다는것. 7 주식 매매수익 나에게 꽤 많은 비중의 돈벌이가 되어주는 N잡이다. 궁금해서 올해 어떤 종목들로 매매했나 봤더니, 은근 많구나 올해...",https://blog.naver.com/dndbajrwk1/222424785353,행복은 나에게 달린것❤️,20210708,0,4,0,2,2,False
N잡 월 500만원,기타,"[도서] 다가올 24년을 준비하며 / 트렌드코리아 2024, 김난도","제일 와닿았던 키워드 : ’개인 경력 스핀오프‘ 였는데 나 같은 경우에도 예전에는 N잡에 관심을... 월 급여 500만원 이상 3. 다를 줄 아는 악기가 한 가지가 있을 것 3. 2,000CC급 중형차 이상 소유 4. 남들과 다른...",https://blog.naver.com/wannabona/223294497544,알맞은 시간에 오는 행복,20231216,0,2,0,0,2,False
N잡 월 500만원,기타,하버드 연구: '자(自)테크'의 비밀- 자기계발이 경제적 자유를...,"(엠브레인 트렌드모니터, 2022) 평생 학습의 양극화 월평균 가구 소득 500만 원 이상 고소득층의 평생... 다양한 소득원 구축: 자신의 핵심 역량을 기반으로 N잡, 부업, 창업 등 다양한 형태의 수입 파이프라인을...",https://blog.naver.com/grit50/224059664774,마인드웰니스,20251207,0,4,0,0,4,False
N잡 월 500만원,스마트스토어,매월 50만원의 추가 수익 발생 (feat. 대출 상환),"4년만에 발생하는 이자가 500만원 정도 늘어났으며, 월 기준으로는 40만원의 추가 지출이 발생하게 됨... N잡으로 열심히 일하고 있는 온라인 쇼핑몰이 효자 노릇을 해주었고, 짧은 시간에 수천만원의...",https://blog.naver.com/lldarkhosell/223492345935,부동산 빅데이터,20240626,0,6,0,0,6,False
N잡 월 500만원,유튜브,# 전자책 주제 찾는 법 10가지!  (당신 안에 이미 답이 있어요),"- 월 소득은? - 정보 어디서 찾나? **예시 페르소나 ** ``` 이름: 김민지 나이: 29세 직업: 마케터 연봉: 3,500만원 고민: 이직 준비, 포트폴리오 채널: 인스타, 유튜브, 블로그 예산: 1-2만원 OK ``` ### 4단계...",https://blog.naver.com/yeon7230k/224080378776,COCO DIGITAL,20251126,0,4,0,0,4,False
N잡 월 500만원,기타,"️ 퇴직 후, 자격증으로 ‘정부 지원금’까지 받는 법실전...",연간 500만 원 내외 장비·프로그램 운영비 시/군 문화센터 협약 필요 7.  [1인 미디어 창업 지원... 중장년창업센터 #N잡자격증 #라이브러리파파추천 #노후자격증활용 #재취업지원 #노후수익설계...,https://blog.naver.com/blesslee91/223943430122,"라이브러리파파의 초등학습법,독서법,여행,삶 이야기",20250722,0,4,0,2,2,False
N잡 월 500만원,기타,2025년 청년 대상 정부 지원 교육 정책 총정리...,"요즘 청년 실업률과 N잡 준비로 인해 많은 청년들이 재교육과 자기계발에 관심을 갖고 있어요. 하지만... 300만~500만 원까지 교육비 지원 분야: IT, 디자인, 마케팅, 회계, 외국어 등 1만개 이상 형태: 온라인...",https://blog.naver.com/dongjin0358/223914149004,에이디업에듀케이션,20250628,0,2,0,0,2,False
N잡 월 500만원,기타,"2026년, 달라지는 세법·의료·건강·경제·금융·보험·교육...",그래서 N잡하느라 너무 바쁜 제가 준비했습니다. 여기저기 PDF들 긁어보고 작성한 2026년 달라지는... 지원 내용 1인당 월 최대 60~80만 원 고용장려금 사회보험료 일부 지원 직무 재설계·교육 비용 보조...,https://blog.naver.com/eduku/224123677248,에듀덕후 EDUKU,20251226,0,2,0,0,2,False
N잡 월 500만원,기타,일단 씨드부터 키우자: 시작이 반이다,"특히 요즘은 N잡 시대라 부업에 대한 사회적 인식도 긍정적이다. “본업 외 수입”을 통해 모은 돈은... 씨드가 500만 원일 때 50%를 잃으면 250만 원밖에 안 남지만, 1억 원일 때는 5000만 원 손실이다. 작은 돈을...",https://blog.naver.com/dnpelddps/223995582752,힙한 일상,20250904,0,4,0,0,4,False
N잡 월 500만원,기타,"직장인 월급쟁이, 돈 모으는 현실적인 재테크 방법 5가지...","**  **고정 지출만 줄여도 연 500만 원 이상 절약 가능!** --- ## 2️⃣ 적금 NO! CMA & ETF로 돈 불리기... 스마트한 N잡 재테크  ""월급만으로 부족하다면? 추가 수익이 답이다!"" ✅ **부업 & 스마트 재테크를...",https://blog.naver.com/coolbrokr/223783303856,SWEET LIFE,20250306,0,6,0,0,6,False
N잡 월 500만원,기타,20대 30대 컴퓨터로돈버는법 50만원 추가수입,"더 나아가 N잡추천, 즉 여러 부업을 통해 경제적 자유를 꿈꾸고 실현하는 사람이 급증하고 있는 시대가... 500만원창업도 가능하게 만들어주는 이 시장에서 정통 시장이 아닌 새로운 시장을 개척하는 것이...",https://blog.naver.com/prey_29514/223935768041,세상에서 가장 쉬운 당근부업,20250803,0,6,0,2,4,False
N잡 월 500만원,기타,[책]딱 1억만 모읍시다. 돈쭐남의 목돈 마련 챌린지 김경필...,재료비 등 월 비용이 500만 원이었다. 그렇다면 순수익은 얼마일까? 3) 투자의 위험을 줄이기 위한 진정한 분산 투자방법은 여러 주식 종목에 나누어서 투자하는 것이다. 4) 직장인에게 월급의 몇 %가 진짜...,https://blog.naver.com/gigo2/223708289413,돈에서자유를만나다.,20241229,0,4,0,0,4,False
N잡 월 500만원,기타,(2025-14) 김경필,"두기보다, 500만 원 모으기 또는 1,000만 원 모으기처럼 만기액에 초점을 두고 저축액을 월 40만 9,000원... 수차례 강조하지만 N잡으로 당장의 소득을 올리는 노력도 중요하지만 자신의 커리어를 성장...",https://blog.naver.com/foreon_english/223885645441,뮤엠영어 올림픽파크포레온,20250602,0,2,0,0,2,False
N잡 월 500만원,스마트스토어,05일이면 나도 창업 - 돈이 된다!스마트스토어 베스트셀러...,"0 요즘 N잡, 재택 근무에 대해 관심이 많이 갑니다. 많은 분들이 하고 계시지만, 경단녀 주부가 해보려고... 최대 500만원까지 결제수수료를 지원한합니다. 그럼 수수료가 낮아져 부담 없이 도전 할 수 있습니다....",https://blog.naver.com/sooan23/223221008926,보통이 모여 특별한 수안의집,20230925,0,6,0,0,6,False
N잡 월 500만원,기타,월급만 믿지 마! 요즘 애들은 이렇게 돈 불려요,"현실 재테크 정보를 ♀️ 직장인, 대학생, 주부, n잡러 누구든 할 수 있어. 무조건 수익률 뻥튀기된... 3%, 입출금 자유로움 하나은행 하이파이브통장: 500만원까지 연 5% (6개월 한정)  은행 이벤트 따라 바뀌니...",https://blog.naver.com/camorain/223841449058,카모의 취향편집실(먹고 꾸미고 똑똑하라),20250421,0,2,0,0,2,False
N잡 월 500만원,기타,"요즘 같은 코로나 시대에 직장인이 해야할 일, 지금은 기회다!","N잡 시작 4. 월급이라는 현금 흐름을 이용한 투자 5. 독서 6. 자기계발 - 시간이 많은 걸 활용해야지.... 월급외수익 전용 통장에는 벌써 250만원이 생겼고, 이제 2021년에는 월 부수입 300만원! 500만원! 을...",https://blog.naver.com/jisoo5894/222183303451,끝없이 공부하고 배우며 가치를 창출하자,20201223,0,8,0,0,8,False
N잡 월 500만원,기타,구매대행 사업 준비 뭐부터 시작하면 좋을까요? 해외 구매대행...,"다양하게 N잡으로 활동하시는 N잡 분들이 많잖아요! 재테크, 투자, 부동산 위주로 직장 다니며 부소득... 아예 자본 없이는 불가능 한 사업이라고 생각하며, 최소 현금 300-500만원 그리고 한달텀으로 유지할 수...",https://blog.naver.com/dailyyeeun/223165716447,데일리예은의 여행,20230725,0,4,0,0,4,False
N잡 월 500만원,기타,변경된 뉴스킨 보상 자세한 시뮬레이션! 실제 수익! 수입은?,뉴스킨의 비전과 미션이 요즘 시대에 맞추어 N잡! 브랜드 어필리에이트 후원수당 으로 변경되면서... 50만원 100만원 300만원 500만원 1000만원~ 등 본인이 원하는 소득에 맞는 보상플랜을 자세하게...,https://blog.naver.com/dlwodud48/223709959602,사랑한다 내인생,20241231,0,4,0,0,4,False
N잡 월 500만원,기타,직장인 10명 중 8명이 투잡을 알아보는 사회 — 변화하는...,"“투잡”, “N잡”, “사이드잡”이라는 단어는 낯설지 않습니다. 한때는 한 직장에서 성실히 일하고... 2️⃣ 세금과 건강보험료 문제 부업 소득이 500만 원을 넘으면 종합소득세 신고 대상이 됩니다. 특히...",https://blog.naver.com/fatcatlibrary/224052006045,돼지고양이의 서재,20251024,0,6,0,0,6,False
N잡 월 500만원,기타,"23년 1월 수익인증 : 1,423달러 (178만원)","N잡의 시대가 열리면서, 시간이 가는게 왜이리 아깝고 아쉬운지 모르겠습니다. 저만 그런게... 애드센스 수익 월500만원 만드는 법. 초보도 월 수익 100만원 할 수 있다. 이런 류의 것들이 넘쳐납니다....",https://blog.naver.com/adsenseinfo/223005657243,초보 블로거의 경제적 자유 성장기,20230205,0,4,0,0,4,False
N잡 월 500만원,기타,어떻게 직장 생활을 벗어날 것인가,"다행히 N잡러, 디지털 노마드가 되는 꿈은 약사가 되는 것의 10배 이상 동기부여가 되는 것 같다. 1.... 1) 목표 : 월 순 수익 100만원 (월 매출 500만원) 2) 예상 비용/월 : 프로그램 (30만원) + 비상주 오피스 (3만원)...",https://blog.naver.com/pnayeon_/223133434971,나야의 지구에서 살아남기,20230620,0,6,0,0,6,False
N잡 월 500만원,기타,2025년 스터디카페 창업비용부터 수익률 완벽 분석-결론은...,"오늘은 최근 무인창업 아이템, 투잡 아이템, N잡 아이템으로 주목받고 있는 초심 스터디카페 창업에... 서울의 50평 이상 스터디카페 창업에 적합한 상가의 월 임대료는 200만원~500만원 선으로 형성돼 있습니다....",https://blog.naver.com/isenstnc/223828722533,"당신의 성공이 시작되는 곳, 초심 스터디카페",20250410,0,6,0,0,6,False
N잡 월 500만원,기타,프리랜서/N잡러 '부당소득' 피하는 증빙 자료 완벽 가이드...,"가서 ""저 월 500씩 버는 프리랜서인데요""라고 말해봤자, 서류(증빙 자료)로 증명하지 못하면 당신의 공식 소득은 '0원'입니다. 당장 급한 전세자금 대출, 신용대출, 그리고 각종 N잡러/프리랜서 지원금 심사에서...",https://blog.naver.com/2025gog/224051886475,초보 캠핑 연구소,20251024,0,2,0,0,2,False
N잡 월 500만원,기타,27세 사회초년생 1년만에 3천만원 모았습니다. 그런데 거기에...,평일에 시간을 내어 N잡을 한다치고 22일간 2시간씩 도전하면 월 52만 8천원 연 633만원의 추가 부수입이 생깁니다. 4시간씩이면 월 105만원에 연 1267만원이란 짭짤한 소득을 추가로 거두는거죠. N잡러와 아닌...,https://blog.naver.com/kjajin/222400691021,펀펀한글쟁이,20210616,0,4,0,0,4,False
N잡 월 500만원,기타,프리랜서세금 시리즈 - 세금신고 시 활용하는 소득공제항목,"평생직장의 개념이 사라지고 N잡 시대가 도래함에 따라 프리랜서로 활동하는 분들도 많아지고... 노란우산공제 월 5만 원부터 100만 원까지 납부 가능하며, 연간 최대 500만 원(향후 600만 원으로 확대 예정)의...",https://blog.naver.com/hkltax/223687392332,세무법인 에이치케이엘 수원지점,20241209,0,2,0,0,2,False
N잡 월 500만원,기타,"쿠팡 로지스틱스 일용직, 단기직 알바 4대보험 이중가입시 본업...","본업으로 500만원, 부업으로 100만원을 벌었을 때, A는 590만원이 안넘으니까 본업, 부업회사에서 9%씩... 비단 쿠팡 뿐만 아니라 다른 부업에도 적용이 되는 것이니 많은 N잡 하는 사람들에게 되었으면 좋겠다....",https://blog.naver.com/moneyheony/223252801351,moneyheony님의 블로그,20231101,0,4,0,0,4,False
N잡 월 500만원,유튜브,"30대 직장인의 1인 가계부 연결산 (저축률 75%, 64%)","매일 써왔던 가계부를 최근에는 월 말에 하루 3-4시간을 들여 월결산만 하고, 남은 시간은 다른 곳에... 2년간 500만원 여기에는 배당금, n잡 부수입이 포함 2022년에는 유튜브가 떡상했으면 좋겠다. 직장인...",https://blog.naver.com/ella_thegrace/222647315872,육아하는 엘라의 스윗홈,20220214,0,4,0,0,4,False
N잡 월 500만원,기타,"무자본 창업 아이템 추천, 돈 없어서 못한다는 개소리는 그만","운영하는 무인점포) 매매 한 번으로 월 순수익 230만원 추가 직접 사용도 하고, 월 500 고정수익도 얻고) 월 순수익 500만원 서초 연습실 거래 직장인 투잡, n잡 최적화 모델) 직장인이 부업으로 월소득 350만원 늘리다",https://blog.naver.com/lean-system/223581437132,재재신 블로그_돈 되는 이야기,20240912,0,6,0,2,4,False
N잡 월 500만원,기타,#2 돈 못 벌면 x신인건가? 인생 공략집이 세상에 계속 쏟아져...,월 500만원 버는 일과 월 1000만원 버는 일 월 5000만원 버는 일 월 1억원을 버는 일들을 살펴보았는데. 돈... 짱구도 n잡으로 액션가면을 뛰는데 고민하시던 분들은 이제 고민 끊고 하나 정도 도전해보시는 것은...,https://blog.naver.com/trade__bot/223204193131,김트봇의 해외구매대행 이야기,20230906,0,0,3,0,3,False
N잡 월 500만원,유튜브,무자본 창업  시작하기 전에 생각해보고 합시다,남편의 멘토인 사장님이 계시는데 그분 조차도 20년 넘게 하던 사업체(월 2천넘게 매출이 나오던 도소매... 연봉보다 500만원 낮게 주는 곳에서 일하게 되었다. 재테크 책이나 n잡에 대한 유튜브에서 말하는...,https://blog.naver.com/fashion9998/223344314711,빠쑝,20240205,0,4,0,0,4,False
N잡 월 500만원,블로그,플랫폼트리-'블로그수익화 마침표' 줌 세미나,"500만원씩 지금도 강의를 듣는다. 지금까지 2억 넘는 강의를 들었다. 월천 월천 하는데 직장에서 월... 회사에서는 나에게 잔소리를 하는 사람 있지만, 회사 밖의 N잡에서는 잔소리 하는 사람 있냐? 없다....",https://blog.naver.com/vpy/223025864218,건물주 토마토의 머니랜드,20230224,0,8,0,0,8,False
N잡 월 500만원,기타,돈은 좋지만 재테크는 겁나는 너에게 뿅글이의 2030 힐링...,그분은 월 실수령 500만원 이상을 받아요. 문제는 그 자리가 전혀 부럽지 않았다는 거예요 출근해서... 둘째는 N잡을 적극적으로 찾는겁니다. 내가 회사일만 하고 살 수 있을까? 내 능력은 회사에만 쓸 수...,https://blog.naver.com/mkppj/223243973816,띵깡심술's 매일1% 성장,20231023,0,2,0,0,2,False
N잡 월 500만원,스마트스토어,하루 1시간 투자? 틱톡 쇼핑으로 연매출 3억 달성한 '블루오션...,"요즘 부업이나 N잡에 대한 관심, 정말 뜨겁죠? 스마트스토어나 유튜브처럼 이미 많은 분들이 하고 계신... 해외구매대행으로 150만 원 정도 벌었지만 정산 기간 때문에 통장에 돈이 없었고, 500만 원짜리...",https://blog.naver.com/mylifefrom/223847144079,부지런한 삶,20250426,0,12,0,0,12,False
